[INFO] [1783985599.359385221] [global_localization]: Waiting for global map...
[INFO] [1783985599.359756792] [global_localization]: Loading map: /home/hyper/program/2026_Gsing-second_ROS/map/PCD22.pcd, voxel_size=0.01
[INFO] [1783985599.562910587] [global_localization]: Map loaded: raw=331680 pts, downsampled=84869 pts
[INFO] [1783985599.563287144] [global_localization]: Global map received.
[INFO] [1783985600.066104425] [global_localization]: Waiting for initial pose...
[INFO] [1783985600.566345456] [global_localization]: Waiting for initial pose...
[INFO] [1783985601.066090169] [global_localization]: Waiting for initial pose...
[INFO] [1783985601.566080586] [global_localization]: Waiting for initial pose...
[INFO] [1783985602.069308762] [global_localization]: Waiting for initial pose...
[INFO] [1783985602.566222024] [global_localization]: Waiting for initial pose...
[INFO] [1783985603.066239943] [global_localization]: Waiting for initial pose...
[INFO] [1783985603.566294836] [global_localization]: Waiting for initial pose...
[INFO] [1783985604.066220602] [global_localization]: Waiting for initial pose...
[INFO] [1783985604.566187474] [global_localization]: Waiting for initial pose...
[INFO] [1783985605.067406191] [global_localization]: Waiting for initial pose...
[WARN] [1783985605.098521860] [global_localization]: No odometry yet, using map→base_link as map→odom (approximate)
[WARN] [1783985605.099679861] [global_localization]: No odometry yet, skip odom transform in crop
[INFO] [1783985605.106777032] [global_localization]: ICP input: scan=50238 pts, map_FOV=84869 pts
[INFO] [1783985605.322311552] [global_localization]: ICP fitness: coarse=1.000, fine=0.984, threshold=0.9
[INFO] [1783985605.323016956] [global_localization]: map→odom: x=0.357 y=0.072 z=-0.070
[WARN] [1783985605.566969414] [global_localization]: No odometry yet, skip odom transform in crop
[INFO] [1783985605.573219908] [global_localization]: ICP input: scan=30043 pts, map_FOV=84869 pts
[INFO] [1783985605.795908055] [global_localization]: ICP fitness: coarse=1.000, fine=0.986, threshold=0.9
[INFO] [1783985605.796375645] [global_localization]: map→odom: x=0.351 y=0.070 z=-0.071
[WARN] [1783985606.066565035] [global_localization]: No odometry yet, skip odom transform in crop
[INFO] [1783985606.070607918] [global_localization]: ICP input: scan=30281 pts, map_FOV=84869 pts
[INFO] [1783985606.312105322] [global_localization]: ICP fitness: coarse=1.000, fine=0.982, threshold=0.9
[INFO] [1783985606.312629090] [global_localization]: map→odom: x=0.361 y=0.066 z=-0.069
[WARN] [1783985606.566951324] [global_localization]: No odometry yet, skip odom transform in crop
[INFO] [1783985606.575534921] [global_localization]: ICP input: scan=30096 pts, map_FOV=84869 pts
[INFO] [1783985606.783056423] [global_localization]: ICP fitness: coarse=1.000, fine=0.986, threshold=0.9
[INFO] [1783985606.783584584] [global_localization]: map→odom: x=0.362 y=0.070 z=-0.071
[WARN] [1783985607.066953292] [global_localization]: No odometry yet, skip odom transform in crop
[INFO] [1783985607.072657406] [global_localization]: ICP input: scan=25191 pts, map_FOV=84869 pts
[INFO] [1783985607.269733212] [global_localization]: ICP fitness: coarse=1.000, fine=0.990, threshold=0.9
[INFO] [1783985607.270291695] [global_localization]: map→odom: x=0.364 y=0.077 z=-0.067
[WARN] [1783985607.566723995] [global_localization]: No odometry yet, skip odom transform in crop
[INFO] [1783985607.571899893] [global_localization]: ICP input: scan=30077 pts, map_FOV=84869 pts
[INFO] [1783985607.897680005] [global_localization]: ICP fitness: coarse=1.000, fine=0.984, threshold=0.9
[INFO] [1783985607.898612736] [global_localization]: map→odom: x=0.365 y=0.085 z=-0.069
[WARN] [1783985608.066748090] [global_localization]: No odometry yet, skip odom transform in crop
[INFO] [1783985608.072861614] [global_localization]: ICP input: scan=30017 pts, map_FOV=84869 pts
[INFO] [1783985608.291682205] [global_localization]: ICP fitness: coarse=1.000, fine=0.987, threshold=0.9
[INFO] [1783985608.292122568] [global_localization]: map→odom: x=0.359 y=0.072 z=-0.069
[WARN] [1783985608.566735783] [global_localization]: No odometry yet, skip odom transform in crop
[INFO] [1783985608.571474086] [global_localization]: ICP input: scan=30243 pts, map_FOV=84869 pts
[INFO] [1783985608.853343344] [global_localization]: ICP fitness: coarse=1.000, fine=0.986, threshold=0.9
[INFO] [1783985608.853831377] [global_localization]: map→odom: x=0.374 y=0.071 z=-0.068
[WARN] [1783985609.066892977] [global_localization]: No odometry yet, skip odom transform in crop
[INFO] [1783985609.072359486] [global_localization]: ICP input: scan=30077 pts, map_FOV=84869 pts
[INFO] [1783985609.334977320] [global_localization]: ICP fitness: coarse=1.000, fine=0.982, threshold=0.9
[INFO] [1783985609.335766726] [global_localization]: map→odom: x=0.402 y=0.081 z=-0.056
[WARN] [1783985609.567353981] [global_localization]: No odometry yet, skip odom transform in crop
[INFO] [1783985609.574435432] [global_localization]: ICP input: scan=30017 pts, map_FOV=84869 pts
[INFO] [1783985609.837525943] [global_localization]: ICP fitness: coarse=1.000, fine=0.985, threshold=0.9
[INFO] [1783985609.838419071] [global_localization]: map→odom: x=0.500 y=0.093 z=-0.048
[WARN] [1783985610.066548854] [global_localization]: No odometry yet, skip odom transform in crop
[INFO] [1783985610.071757956] [global_localization]: ICP input: scan=30014 pts, map_FOV=84869 pts
[INFO] [1783985610.332099571] [global_localization]: ICP fitness: coarse=1.000, fine=0.975, threshold=0.9
[INFO] [1783985610.332766255] [global_localization]: map→odom: x=0.648 y=-0.040 z=-0.008
[WARN] [1783985610.566770307] [global_localization]: No odometry yet, skip odom transform in crop
[INFO] [1783985610.572567497] [global_localization]: ICP input: scan=29980 pts, map_FOV=84869 pts
[INFO] [1783985610.762045022] [global_localization]: ICP fitness: coarse=1.000, fine=0.978, threshold=0.9
[INFO] [1783985610.762695491] [global_localization]: map→odom: x=0.691 y=-0.007 z=-0.038
[WARN] [1783985611.066944129] [global_localization]: No odometry yet, skip odom transform in crop
[INFO] [1783985611.072478547] [global_localization]: ICP input: scan=30150 pts, map_FOV=84869 pts
[INFO] [1783985611.274442295] [global_localization]: ICP fitness: coarse=1.000, fine=0.981, threshold=0.9
[INFO] [1783985611.274893973] [global_localization]: map→odom: x=0.691 y=-0.009 z=-0.040
[WARN] [1783985611.566699025] [global_localization]: No odometry yet, skip odom transform in crop
[INFO] [1783985611.572129209] [global_localization]: ICP input: scan=29974 pts, map_FOV=84869 pts
[INFO] [1783985611.775185036] [global_localization]: ICP fitness: coarse=1.000, fine=0.985, threshold=0.9
[INFO] [1783985611.775822466] [global_localization]: map→odom: x=0.701 y=-0.018 z=-0.038
[WARN] [1783985612.066986183] [global_localization]: No odometry yet, skip odom transform in crop
[INFO] [1783985612.072628577] [global_localization]: ICP input: scan=29954 pts, map_FOV=84869 pts
[INFO] [1783985612.351817702] [global_localization]: ICP fitness: coarse=1.000, fine=0.979, threshold=0.9
[INFO] [1783985612.352425429] [global_localization]: map→odom: x=0.688 y=-0.010 z=-0.042
[WARN] [1783985612.566782374] [global_localization]: No odometry yet, skip odom transform in crop
[INFO] [1783985612.575603059] [global_localization]: ICP input: scan=30062 pts, map_FOV=84869 pts
[INFO] [1783985612.763607099] [global_localization]: ICP fitness: coarse=1.000, fine=0.986, threshold=0.9
[INFO] [1783985612.764288026] [global_localization]: map→odom: x=0.685 y=-0.027 z=-0.040
[WARN] [1783985613.066927760] [global_localization]: No odometry yet, skip odom transform in crop
[INFO] [1783985613.073283640] [global_localization]: ICP input: scan=29920 pts, map_FOV=84869 pts
[INFO] [1783985613.262559624] [global_localization]: ICP fitness: coarse=1.000, fine=0.981, threshold=0.9
[INFO] [1783985613.263240609] [global_localization]: map→odom: x=0.695 y=-0.023 z=-0.035
[WARN] [1783985613.566813153] [global_localization]: No odometry yet, skip odom transform in crop
[INFO] [1783985613.572788957] [global_localization]: ICP input: scan=29981 pts, map_FOV=84869 pts
[INFO] [1783985613.748525100] [global_localization]: ICP fitness: coarse=1.000, fine=0.983, threshold=0.9
[INFO] [1783985613.749172871] [global_localization]: map→odom: x=0.694 y=-0.002 z=-0.040
[WARN] [1783985614.067058703] [global_localization]: No odometry yet, skip odom transform in crop
[INFO] [1783985614.073759207] [global_localization]: ICP input: scan=30182 pts, map_FOV=84869 pts
[INFO] [1783985614.258081152] [global_localization]: ICP fitness: coarse=1.000, fine=0.984, threshold=0.9
[INFO] [1783985614.258548149] [global_localization]: map→odom: x=0.693 y=-0.003 z=-0.036
[WARN] [1783985614.566786672] [global_localization]: No odometry yet, skip odom transform in crop
[INFO] [1783985614.575821267] [global_localization]: ICP input: scan=30058 pts, map_FOV=84869 pts
[INFO] [1783985614.794761462] [global_localization]: ICP fitness: coarse=1.000, fine=0.985, threshold=0.9
[INFO] [1783985614.795399998] [global_localization]: map→odom: x=0.686 y=-0.007 z=-0.041
[WARN] [1783985615.067003938] [global_localization]: No odometry yet, skip odom transform in crop
[INFO] [1783985615.072613202] [global_localization]: ICP input: scan=29998 pts, map_FOV=84869 pts
[INFO] [1783985615.258780462] [global_localization]: ICP fitness: coarse=1.000, fine=0.988, threshold=0.9
[INFO] [1783985615.259424319] [global_localization]: map→odom: x=0.696 y=-0.021 z=-0.036
[WARN] [1783985615.566850206] [global_localization]: No odometry yet, skip odom transform in crop
[INFO] [1783985615.573313907] [global_localization]: ICP input: scan=30033 pts, map_FOV=84869 pts
[INFO] [1783985615.795370568] [global_localization]: ICP fitness: coarse=1.000, fine=0.984, threshold=0.9
[INFO] [1783985615.796069948] [global_localization]: map→odom: x=0.694 y=-0.014 z=-0.038
[WARN] [1783985616.066728166] [global_localization]: No odometry yet, skip odom transform in crop
[INFO] [1783985616.071594225] [global_localization]: ICP input: scan=29882 pts, map_FOV=84869 pts
[INFO] [1783985616.246235735] [global_localization]: ICP fitness: coarse=1.000, fine=0.982, threshold=0.9
[INFO] [1783985616.246672231] [global_localization]: map→odom: x=0.684 y=-0.014 z=-0.039
[WARN] [1783985616.566867764] [global_localization]: No odometry yet, skip odom transform in crop
[INFO] [1783985616.572426879] [global_localization]: ICP input: scan=30146 pts, map_FOV=84869 pts
[INFO] [1783985616.783949463] [global_localization]: ICP fitness: coarse=1.000, fine=0.983, threshold=0.9
[INFO] [1783985616.784722886] [global_localization]: map→odom: x=0.699 y=-0.013 z=-0.036
[WARN] [1783985617.067075614] [global_localization]: No odometry yet, skip odom transform in crop
[INFO] [1783985617.075189425] [global_localization]: ICP input: scan=30050 pts, map_FOV=84869 pts
[INFO] [1783985617.282520134] [global_localization]: ICP fitness: coarse=1.000, fine=0.982, threshold=0.9
[INFO] [1783985617.282957635] [global_localization]: map→odom: x=0.695 y=-0.003 z=-0.037
[WARN] [1783985617.566555110] [global_localization]: No odometry yet, skip odom transform in crop
[INFO] [1783985617.571682460] [global_localization]: ICP input: scan=30000 pts, map_FOV=84869 pts
[INFO] [1783985617.765908440] [global_localization]: ICP fitness: coarse=1.000, fine=0.989, threshold=0.9
[INFO] [1783985617.766675272] [global_localization]: map→odom: x=0.684 y=-0.015 z=-0.042
[WARN] [1783985618.066619197] [global_localization]: No odometry yet, skip odom transform in crop
[INFO] [1783985618.071526171] [global_localization]: ICP input: scan=30083 pts, map_FOV=84869 pts
[INFO] [1783985618.250730301] [global_localization]: ICP fitness: coarse=1.000, fine=0.987, threshold=0.9
[INFO] [1783985618.251420070] [global_localization]: map→odom: x=0.691 y=-0.012 z=-0.040
[WARN] [1783985618.566709243] [global_localization]: No odometry yet, skip odom transform in crop
[INFO] [1783985618.571375452] [global_localization]: ICP input: scan=29967 pts, map_FOV=84869 pts
[INFO] [1783985618.794159435] [global_localization]: ICP fitness: coarse=1.000, fine=0.979, threshold=0.9
[INFO] [1783985618.794854545] [global_localization]: map→odom: x=0.698 y=-0.024 z=-0.035
[WARN] [1783985619.066828567] [global_localization]: No odometry yet, skip odom transform in crop
[INFO] [1783985619.073048583] [global_localization]: ICP input: scan=29996 pts, map_FOV=84869 pts
[INFO] [1783985619.275502805] [global_localization]: ICP fitness: coarse=1.000, fine=0.984, threshold=0.9
[INFO] [1783985619.275951802] [global_localization]: map→odom: x=0.701 y=-0.013 z=-0.039
[WARN] [1783985619.566696114] [global_localization]: No odometry yet, skip odom transform in crop
[INFO] [1783985619.571261017] [global_localization]: ICP input: scan=30118 pts, map_FOV=84869 pts
[INFO] [1783985619.781611773] [global_localization]: ICP fitness: coarse=1.000, fine=0.986, threshold=0.9
[INFO] [1783985619.782067088] [global_localization]: map→odom: x=0.700 y=-0.003 z=-0.041
[WARN] [1783985620.066877548] [global_localization]: No odometry yet, skip odom transform in crop
[INFO] [1783985620.074005602] [global_localization]: ICP input: scan=30075 pts, map_FOV=84869 pts
[INFO] [1783985620.331449129] [global_localization]: ICP fitness: coarse=1.000, fine=0.985, threshold=0.9
[INFO] [1783985620.332194524] [global_localization]: map→odom: x=0.691 y=-0.007 z=-0.045
[WARN] [1783985620.567165275] [global_localization]: No odometry yet, skip odom transform in crop
[INFO] [1783985620.573219063] [global_localization]: ICP input: scan=30003 pts, map_FOV=84869 pts
[INFO] [1783985620.787015120] [global_localization]: ICP fitness: coarse=1.000, fine=0.989, threshold=0.9
[INFO] [1783985620.788575118] [global_localization]: map→odom: x=0.700 y=-0.020 z=-0.042
[WARN] [1783985621.066629154] [global_localization]: No odometry yet, skip odom transform in crop
[INFO] [1783985621.072621055] [global_localization]: ICP input: scan=30080 pts, map_FOV=84869 pts
[INFO] [1783985621.319296850] [global_localization]: ICP fitness: coarse=1.000, fine=0.983, threshold=0.9
[INFO] [1783985621.320052033] [global_localization]: map→odom: x=0.695 y=-0.018 z=-0.041
[WARN] [1783985621.567160669] [global_localization]: No odometry yet, skip odom transform in crop
[INFO] [1783985621.573430381] [global_localization]: ICP input: scan=29848 pts, map_FOV=84869 pts
[INFO] [1783985621.794952432] [global_localization]: ICP fitness: coarse=1.000, fine=0.983, threshold=0.9
[INFO] [1783985621.795713275] [global_localization]: map→odom: x=0.693 y=-0.004 z=-0.046
[WARN] [1783985622.067096536] [global_localization]: No odometry yet, skip odom transform in crop
[INFO] [1783985622.073159848] [global_localization]: ICP input: scan=30045 pts, map_FOV=84869 pts
[INFO] [1783985622.323103542] [global_localization]: ICP fitness: coarse=1.000, fine=0.983, threshold=0.9
[INFO] [1783985622.323548398] [global_localization]: map→odom: x=0.698 y=-0.023 z=-0.038
[WARN] [1783985622.566775808] [global_localization]: No odometry yet, skip odom transform in crop
[INFO] [1783985622.573581310] [global_localization]: ICP input: scan=29998 pts, map_FOV=84869 pts
[INFO] [1783985622.776458571] [global_localization]: ICP fitness: coarse=1.000, fine=0.981, threshold=0.9
[INFO] [1783985622.777205371] [global_localization]: map→odom: x=0.706 y=-0.022 z=-0.035
[WARN] [1783985623.067365109] [global_localization]: No odometry yet, skip odom transform in crop
[INFO] [1783985623.074930009] [global_localization]: ICP input: scan=29966 pts, map_FOV=84869 pts
[INFO] [1783985623.298515442] [global_localization]: ICP fitness: coarse=1.000, fine=0.985, threshold=0.9
[INFO] [1783985623.299265985] [global_localization]: map→odom: x=0.697 y=-0.010 z=-0.039
[WARN] [1783985623.567119462] [global_localization]: No odometry yet, skip odom transform in crop
[INFO] [1783985623.573043804] [global_localization]: ICP input: scan=30133 pts, map_FOV=84869 pts
[INFO] [1783985623.807203141] [global_localization]: ICP fitness: coarse=1.000, fine=0.986, threshold=0.9
[INFO] [1783985623.807660598] [global_localization]: map→odom: x=0.700 y=-0.010 z=-0.041
[WARN] [1783985624.067170797] [global_localization]: No odometry yet, skip odom transform in crop
[INFO] [1783985624.075728748] [global_localization]: ICP input: scan=30032 pts, map_FOV=84869 pts
[INFO] [1783985624.326276293] [global_localization]: ICP fitness: coarse=1.000, fine=0.984, threshold=0.9
[INFO] [1783985624.326721581] [global_localization]: map→odom: x=0.693 y=-0.008 z=-0.045
[WARN] [1783985624.566915185] [global_localization]: No odometry yet, skip odom transform in crop
[INFO] [1783985624.573251269] [global_localization]: ICP input: scan=29886 pts, map_FOV=84869 pts
[INFO] [1783985624.805227882] [global_localization]: ICP fitness: coarse=1.000, fine=0.987, threshold=0.9
[INFO] [1783985624.805972051] [global_localization]: map→odom: x=0.687 y=-0.016 z=-0.045
[WARN] [1783985625.067100835] [global_localization]: No odometry yet, skip odom transform in crop
[INFO] [1783985625.074291977] [global_localization]: ICP input: scan=29695 pts, map_FOV=84869 pts
[INFO] [1783985625.325012502] [global_localization]: ICP fitness: coarse=1.000, fine=0.988, threshold=0.9
[INFO] [1783985625.325803099] [global_localization]: map→odom: x=0.693 y=-0.014 z=-0.045
[WARN] [1783985625.567108205] [global_localization]: No odometry yet, skip odom transform in crop
[INFO] [1783985625.573549721] [global_localization]: ICP input: scan=29541 pts, map_FOV=84869 pts
[INFO] [1783985625.836477641] [global_localization]: ICP fitness: coarse=1.000, fine=0.985, threshold=0.9
[INFO] [1783985625.837288349] [global_localization]: map→odom: x=0.698 y=-0.016 z=-0.041
[WARN] [1783985626.066997612] [global_localization]: No odometry yet, skip odom transform in crop
[INFO] [1783985626.073465986] [global_localization]: ICP input: scan=29323 pts, map_FOV=84869 pts
[INFO] [1783985626.353745256] [global_localization]: ICP fitness: coarse=1.000, fine=0.984, threshold=0.9
[INFO] [1783985626.354536509] [global_localization]: map→odom: x=0.690 y=-0.006 z=-0.043
[WARN] [1783985626.567356535] [global_localization]: No odometry yet, skip odom transform in crop
[INFO] [1783985626.574062678] [global_localization]: ICP input: scan=29451 pts, map_FOV=84869 pts
[INFO] [1783985626.819607583] [global_localization]: ICP fitness: coarse=1.000, fine=0.984, threshold=0.9
[INFO] [1783985626.820426179] [global_localization]: map→odom: x=0.692 y=-0.005 z=-0.039
[WARN] [1783985627.067088738] [global_localization]: No odometry yet, skip odom transform in crop
[INFO] [1783985627.074082415] [global_localization]: ICP input: scan=29312 pts, map_FOV=84869 pts
[INFO] [1783985627.326635981] [global_localization]: ICP fitness: coarse=1.000, fine=0.984, threshold=0.9
[INFO] [1783985627.327452271] [global_localization]: map→odom: x=0.696 y=-0.027 z=-0.038
[WARN] [1783985627.566626350] [global_localization]: No odometry yet, skip odom transform in crop
[INFO] [1783985627.571573829] [global_localization]: ICP input: scan=29428 pts, map_FOV=84869 pts
[INFO] [1783985627.807316049] [global_localization]: ICP fitness: coarse=1.000, fine=0.985, threshold=0.9
[INFO] [1783985627.807750066] [global_localization]: map→odom: x=0.702 y=-0.027 z=-0.033
[WARN] [1783985628.067033088] [global_localization]: No odometry yet, skip odom transform in crop
[INFO] [1783985628.078566852] [global_localization]: ICP input: scan=29604 pts, map_FOV=84869 pts
[INFO] [1783985628.343247650] [global_localization]: ICP fitness: coarse=1.000, fine=0.984, threshold=0.9
[INFO] [1783985628.344075746] [global_localization]: map→odom: x=0.695 y=-0.021 z=-0.037
[WARN] [1783985628.567055011] [global_localization]: No odometry yet, skip odom transform in crop
[INFO] [1783985628.573710493] [global_localization]: ICP input: scan=29582 pts, map_FOV=84869 pts
[INFO] [1783985628.842233070] [global_localization]: ICP fitness: coarse=1.000, fine=0.987, threshold=0.9
[INFO] [1783985628.843051807] [global_localization]: map→odom: x=0.695 y=-0.014 z=-0.047
[WARN] [1783985629.067254575] [global_localization]: No odometry yet, skip odom transform in crop
[INFO] [1783985629.074241488] [global_localization]: ICP input: scan=29684 pts, map_FOV=84869 pts
[INFO] [1783985629.316005061] [global_localization]: ICP fitness: coarse=1.000, fine=0.985, threshold=0.9
[INFO] [1783985629.316795684] [global_localization]: map→odom: x=0.703 y=-0.025 z=-0.043
[WARN] [1783985629.567073677] [global_localization]: No odometry yet, skip odom transform in crop
[INFO] [1783985629.575847656] [global_localization]: ICP input: scan=29844 pts, map_FOV=84869 pts
[INFO] [1783985629.855270925] [global_localization]: ICP fitness: coarse=1.000, fine=0.982, threshold=0.9
[INFO] [1783985629.856090361] [global_localization]: map→odom: x=0.696 y=-0.021 z=-0.043
[WARN] [1783985630.067380612] [global_localization]: No odometry yet, skip odom transform in crop
[INFO] [1783985630.074198234] [global_localization]: ICP input: scan=29901 pts, map_FOV=84869 pts
[INFO] [1783985630.334610843] [global_localization]: ICP fitness: coarse=1.000, fine=0.985, threshold=0.9
[INFO] [1783985630.335066340] [global_localization]: map→odom: x=0.694 y=-0.007 z=-0.044
[WARN] [1783985630.566652292] [global_localization]: No odometry yet, skip odom transform in crop
[INFO] [1783985630.571047471] [global_localization]: ICP input: scan=30072 pts, map_FOV=84869 pts
[INFO] [1783985630.812761642] [global_localization]: ICP fitness: coarse=1.000, fine=0.986, threshold=0.9
[INFO] [1783985630.813565342] [global_localization]: map→odom: x=0.705 y=-0.021 z=-0.037
[WARN] [1783985631.066995191] [global_localization]: No odometry yet, skip odom transform in crop
[INFO] [1783985631.074060584] [global_localization]: ICP input: scan=30012 pts, map_FOV=84869 pts
[INFO] [1783985631.299278094] [global_localization]: ICP fitness: coarse=1.000, fine=0.983, threshold=0.9
[INFO] [1783985631.300121663] [global_localization]: map→odom: x=0.687 y=-0.030 z=-0.036
[WARN] [1783985631.567037322] [global_localization]: No odometry yet, skip odom transform in crop
[INFO] [1783985631.573861747] [global_localization]: ICP input: scan=29943 pts, map_FOV=84869 pts
[INFO] [1783985631.823968377] [global_localization]: ICP fitness: coarse=1.000, fine=0.984, threshold=0.9
[INFO] [1783985631.824748345] [global_localization]: map→odom: x=0.691 y=-0.003 z=-0.043
[WARN] [1783985632.067088289] [global_localization]: No odometry yet, skip odom transform in crop
[INFO] [1783985632.073957142] [global_localization]: ICP input: scan=30064 pts, map_FOV=84869 pts
[INFO] [1783985632.302596463] [global_localization]: ICP fitness: coarse=1.000, fine=0.988, threshold=0.9
[INFO] [1783985632.303394275] [global_localization]: map→odom: x=0.711 y=-0.009 z=-0.041
[WARN] [1783985632.567214361] [global_localization]: No odometry yet, skip odom transform in crop
[INFO] [1783985632.573816980] [global_localization]: ICP input: scan=29909 pts, map_FOV=84869 pts
[INFO] [1783985632.811287055] [global_localization]: ICP fitness: coarse=1.000, fine=0.985, threshold=0.9
[INFO] [1783985632.812089266] [global_localization]: map→odom: x=0.696 y=-0.013 z=-0.046
[WARN] [1783985633.066733660] [global_localization]: No odometry yet, skip odom transform in crop
[INFO] [1783985633.073700161] [global_localization]: ICP input: scan=30120 pts, map_FOV=84869 pts
[INFO] [1783985633.300366338] [global_localization]: ICP fitness: coarse=1.000, fine=0.987, threshold=0.9
[INFO] [1783985633.301200859] [global_localization]: map→odom: x=0.704 y=-0.015 z=-0.043
[WARN] [1783985633.567431685] [global_localization]: No odometry yet, skip odom transform in crop
[INFO] [1783985633.575911120] [global_localization]: ICP input: scan=30069 pts, map_FOV=84869 pts
[INFO] [1783985633.858418223] [global_localization]: ICP fitness: coarse=1.000, fine=0.984, threshold=0.9
[INFO] [1783985633.859242589] [global_localization]: map→odom: x=0.704 y=-0.011 z=-0.043
[WARN] [1783985634.067011279] [global_localization]: No odometry yet, skip odom transform in crop
[INFO] [1783985634.074131490] [global_localization]: ICP input: scan=29911 pts, map_FOV=84869 pts
[INFO] [1783985634.287768020] [global_localization]: ICP fitness: coarse=1.000, fine=0.985, threshold=0.9
[INFO] [1783985634.288216805] [global_localization]: map→odom: x=0.692 y=-0.015 z=-0.041
[WARN] [1783985634.567380621] [global_localization]: No odometry yet, skip odom transform in crop
[INFO] [1783985634.573915359] [global_localization]: ICP input: scan=30106 pts, map_FOV=84869 pts
[INFO] [1783985634.829999667] [global_localization]: ICP fitness: coarse=1.000, fine=0.987, threshold=0.9
[INFO] [1783985634.830468384] [global_localization]: map→odom: x=0.705 y=-0.008 z=-0.044
[WARN] [1783985635.067156163] [global_localization]: No odometry yet, skip odom transform in crop
[INFO] [1783985635.074289441] [global_localization]: ICP input: scan=30026 pts, map_FOV=84869 pts
[INFO] [1783985635.331861633] [global_localization]: ICP fitness: coarse=1.000, fine=0.988, threshold=0.9
[INFO] [1783985635.332309028] [global_localization]: map→odom: x=0.694 y=-0.022 z=-0.047
[WARN] [1783985635.567118928] [global_localization]: No odometry yet, skip odom transform in crop
[INFO] [1783985635.574264783] [global_localization]: ICP input: scan=29981 pts, map_FOV=84869 pts
[INFO] [1783985635.830651309] [global_localization]: ICP fitness: coarse=1.000, fine=0.989, threshold=0.9
[INFO] [1783985635.831456853] [global_localization]: map→odom: x=0.705 y=-0.013 z=-0.041
[WARN] [1783985636.067071431] [global_localization]: No odometry yet, skip odom transform in crop
[INFO] [1783985636.073352975] [global_localization]: ICP input: scan=30134 pts, map_FOV=84869 pts
[INFO] [1783985636.354919146] [global_localization]: ICP fitness: coarse=1.000, fine=0.987, threshold=0.9
[INFO] [1783985636.355810528] [global_localization]: map→odom: x=0.697 y=-0.009 z=-0.041
[WARN] [1783985636.567150377] [global_localization]: No odometry yet, skip odom transform in crop
[INFO] [1783985636.576675723] [global_localization]: ICP input: scan=30053 pts, map_FOV=84869 pts
[INFO] [1783985636.827233753] [global_localization]: ICP fitness: coarse=1.000, fine=0.990, threshold=0.9
[INFO] [1783985636.828044643] [global_localization]: map→odom: x=0.695 y=-0.020 z=-0.044
[WARN] [1783985637.066771557] [global_localization]: No odometry yet, skip odom transform in crop
[INFO] [1783985637.074595097] [global_localization]: ICP input: scan=30037 pts, map_FOV=84869 pts
[INFO] [1783985637.341679181] [global_localization]: ICP fitness: coarse=1.000, fine=0.986, threshold=0.9
[INFO] [1783985637.342538731] [global_localization]: map→odom: x=0.699 y=-0.008 z=-0.043
[WARN] [1783985637.567325482] [global_localization]: No odometry yet, skip odom transform in crop
[INFO] [1783985637.574533857] [global_localization]: ICP input: scan=29995 pts, map_FOV=84869 pts
[INFO] [1783985637.822241244] [global_localization]: ICP fitness: coarse=1.000, fine=0.987, threshold=0.9
[INFO] [1783985637.823034915] [global_localization]: map→odom: x=0.694 y=-0.006 z=-0.042
[WARN] [1783985638.067033345] [global_localization]: No odometry yet, skip odom transform in crop
[INFO] [1783985638.075125706] [global_localization]: ICP input: scan=29881 pts, map_FOV=84869 pts
[INFO] [1783985638.326935297] [global_localization]: ICP fitness: coarse=1.000, fine=0.984, threshold=0.9
[INFO] [1783985638.327747655] [global_localization]: map→odom: x=0.697 y=-0.017 z=-0.039
[WARN] [1783985638.567106918] [global_localization]: No odometry yet, skip odom transform in crop
[INFO] [1783985638.574095136] [global_localization]: ICP input: scan=30129 pts, map_FOV=84869 pts
[INFO] [1783985638.836770180] [global_localization]: ICP fitness: coarse=1.000, fine=0.987, threshold=0.9
[INFO] [1783985638.837561153] [global_localization]: map→odom: x=0.691 y=-0.015 z=-0.042
[WARN] [1783985639.067127928] [global_localization]: No odometry yet, skip odom transform in crop
[INFO] [1783985639.073968483] [global_localization]: ICP input: scan=30034 pts, map_FOV=84869 pts
[INFO] [1783985639.329885827] [global_localization]: ICP fitness: coarse=1.000, fine=0.988, threshold=0.9
[INFO] [1783985639.330684283] [global_localization]: map→odom: x=0.694 y=-0.017 z=-0.041
[WARN] [1783985639.567658369] [global_localization]: No odometry yet, skip odom transform in crop
[INFO] [1783985639.574208031] [global_localization]: ICP input: scan=29938 pts, map_FOV=84869 pts
[INFO] [1783985639.830538402] [global_localization]: ICP fitness: coarse=1.000, fine=0.985, threshold=0.9
[INFO] [1783985639.831334714] [global_localization]: map→odom: x=0.694 y=-0.006 z=-0.046
[WARN] [1783985640.066604724] [global_localization]: No odometry yet, skip odom transform in crop
[INFO] [1783985640.075418538] [global_localization]: ICP input: scan=25111 pts, map_FOV=84869 pts
[INFO] [1783985640.302129984] [global_localization]: ICP fitness: coarse=1.000, fine=0.986, threshold=0.9
[INFO] [1783985640.303025951] [global_localization]: map→odom: x=0.717 y=-0.025 z=-0.032
[WARN] [1783985640.566626567] [global_localization]: No odometry yet, skip odom transform in crop
[INFO] [1783985640.573541658] [global_localization]: ICP input: scan=29990 pts, map_FOV=84869 pts
[INFO] [1783985640.827558308] [global_localization]: ICP fitness: coarse=1.000, fine=0.986, threshold=0.9
[INFO] [1783985640.828367539] [global_localization]: map→odom: x=0.689 y=-0.001 z=-0.044
[WARN] [1783985641.066909341] [global_localization]: No odometry yet, skip odom transform in crop
[INFO] [1783985641.071553494] [global_localization]: ICP input: scan=30042 pts, map_FOV=84869 pts
[INFO] [1783985641.317306928] [global_localization]: ICP fitness: coarse=1.000, fine=0.988, threshold=0.9
[INFO] [1783985641.318128210] [global_localization]: map→odom: x=0.693 y=-0.016 z=-0.045
[WARN] [1783985641.567344193] [global_localization]: No odometry yet, skip odom transform in crop
[INFO] [1783985641.578546709] [global_localization]: ICP input: scan=29967 pts, map_FOV=84869 pts
[INFO] [1783985641.817962109] [global_localization]: ICP fitness: coarse=1.000, fine=0.984, threshold=0.9
[INFO] [1783985641.818774840] [global_localization]: map→odom: x=0.695 y=-0.022 z=-0.039
[WARN] [1783985642.067089993] [global_localization]: No odometry yet, skip odom transform in crop
[INFO] [1783985642.075236733] [global_localization]: ICP input: scan=29830 pts, map_FOV=84869 pts
[INFO] [1783985642.257411074] [global_localization]: ICP fitness: coarse=1.000, fine=0.986, threshold=0.9
[INFO] [1783985642.258235695] [global_localization]: map→odom: x=0.694 y=-0.018 z=-0.041
[WARN] [1783985642.567043705] [global_localization]: No odometry yet, skip odom transform in crop
[INFO] [1783985642.574803428] [global_localization]: ICP input: scan=30135 pts, map_FOV=84869 pts
[INFO] [1783985642.852980403] [global_localization]: ICP fitness: coarse=1.000, fine=0.987, threshold=0.9
[INFO] [1783985642.853443762] [global_localization]: map→odom: x=0.690 y=-0.008 z=-0.043
[WARN] [1783985643.067109590] [global_localization]: No odometry yet, skip odom transform in crop
[INFO] [1783985643.077723712] [global_localization]: ICP input: scan=30092 pts, map_FOV=84869 pts
[INFO] [1783985643.350210244] [global_localization]: ICP fitness: coarse=1.000, fine=0.986, threshold=0.9
[INFO] [1783985643.351007771] [global_localization]: map→odom: x=0.699 y=-0.022 z=-0.041
[WARN] [1783985643.566593267] [global_localization]: No odometry yet, skip odom transform in crop
[INFO] [1783985643.571226997] [global_localization]: ICP input: scan=29959 pts, map_FOV=84869 pts
[INFO] [1783985643.747503430] [global_localization]: ICP fitness: coarse=1.000, fine=0.986, threshold=0.9
[INFO] [1783985643.748310350] [global_localization]: map→odom: x=0.695 y=-0.009 z=-0.042
[WARN] [1783985644.066991561] [global_localization]: No odometry yet, skip odom transform in crop
[INFO] [1783985644.073759758] [global_localization]: ICP input: scan=30030 pts, map_FOV=84869 pts
[INFO] [1783985644.325175533] [global_localization]: ICP fitness: coarse=1.000, fine=0.987, threshold=0.9
[INFO] [1783985644.326066679] [global_localization]: map→odom: x=0.693 y=-0.018 z=-0.040
[WARN] [1783985644.567170652] [global_localization]: No odometry yet, skip odom transform in crop
[INFO] [1783985644.575099472] [global_localization]: ICP input: scan=29891 pts, map_FOV=84869 pts
[INFO] [1783985644.774328523] [global_localization]: ICP fitness: coarse=1.000, fine=0.985, threshold=0.9
[INFO] [1783985644.775172587] [global_localization]: map→odom: x=0.700 y=-0.021 z=-0.037
[WARN] [1783985645.067074961] [global_localization]: No odometry yet, skip odom transform in crop
[INFO] [1783985645.077331331] [global_localization]: ICP input: scan=30069 pts, map_FOV=84869 pts
[INFO] [1783985645.292706561] [global_localization]: ICP fitness: coarse=1.000, fine=0.986, threshold=0.9
[INFO] [1783985645.293481773] [global_localization]: map→odom: x=0.701 y=-0.019 z=-0.039
[WARN] [1783985645.567187519] [global_localization]: No odometry yet, skip odom transform in crop
[INFO] [1783985645.574650205] [global_localization]: ICP input: scan=30099 pts, map_FOV=84869 pts
[INFO] [1783985645.820583996] [global_localization]: ICP fitness: coarse=1.000, fine=0.986, threshold=0.9
[INFO] [1783985645.821389587] [global_localization]: map→odom: x=0.697 y=-0.012 z=-0.037
[WARN] [1783985646.066594041] [global_localization]: No odometry yet, skip odom transform in crop
[INFO] [1783985646.072889127] [global_localization]: ICP input: scan=29976 pts, map_FOV=84869 pts
[INFO] [1783985646.290694255] [global_localization]: ICP fitness: coarse=1.000, fine=0.988, threshold=0.9
[INFO] [1783985646.291508843] [global_localization]: map→odom: x=0.694 y=-0.021 z=-0.040
[WARN] [1783985646.566954733] [global_localization]: No odometry yet, skip odom transform in crop
[INFO] [1783985646.575422561] [global_localization]: ICP input: scan=30006 pts, map_FOV=84869 pts
[INFO] [1783985646.795219827] [global_localization]: ICP fitness: coarse=1.000, fine=0.988, threshold=0.9
[INFO] [1783985646.795688062] [global_localization]: map→odom: x=0.696 y=-0.009 z=-0.042
[WARN] [1783985647.067097879] [global_localization]: No odometry yet, skip odom transform in crop
[INFO] [1783985647.073593501] [global_localization]: ICP input: scan=30022 pts, map_FOV=84869 pts
[INFO] [1783985647.296119202] [global_localization]: ICP fitness: coarse=1.000, fine=0.987, threshold=0.9
[INFO] [1783985647.296902330] [global_localization]: map→odom: x=0.693 y=-0.012 z=-0.044
[WARN] [1783985647.567131656] [global_localization]: No odometry yet, skip odom transform in crop
[INFO] [1783985647.573878622] [global_localization]: ICP input: scan=29960 pts, map_FOV=84869 pts
[INFO] [1783985647.795874419] [global_localization]: ICP fitness: coarse=1.000, fine=0.988, threshold=0.9
[INFO] [1783985647.796724223] [global_localization]: map→odom: x=0.690 y=-0.010 z=-0.044
[WARN] [1783985648.066744516] [global_localization]: No odometry yet, skip odom transform in crop
[INFO] [1783985648.075129100] [global_localization]: ICP input: scan=30133 pts, map_FOV=84869 pts
[INFO] [1783985648.311803221] [global_localization]: ICP fitness: coarse=1.000, fine=0.986, threshold=0.9
[INFO] [1783985648.312599491] [global_localization]: map→odom: x=0.694 y=-0.005 z=-0.045
[WARN] [1783985648.567156188] [global_localization]: No odometry yet, skip odom transform in crop
[INFO] [1783985648.573830092] [global_localization]: ICP input: scan=29987 pts, map_FOV=84869 pts
[INFO] [1783985648.821071836] [global_localization]: ICP fitness: coarse=1.000, fine=0.983, threshold=0.9
[INFO] [1783985648.821885712] [global_localization]: map→odom: x=0.692 y=-0.025 z=-0.036
[WARN] [1783985649.067104562] [global_localization]: No odometry yet, skip odom transform in crop
[INFO] [1783985649.073678104] [global_localization]: ICP input: scan=30017 pts, map_FOV=84869 pts
[INFO] [1783985649.301173408] [global_localization]: ICP fitness: coarse=1.000, fine=0.989, threshold=0.9
[INFO] [1783985649.301651140] [global_localization]: map→odom: x=0.693 y=-0.011 z=-0.045
[WARN] [1783985649.567148056] [global_localization]: No odometry yet, skip odom transform in crop
[INFO] [1783985649.575412414] [global_localization]: ICP input: scan=30102 pts, map_FOV=84869 pts
[INFO] [1783985649.818161951] [global_localization]: ICP fitness: coarse=1.000, fine=0.988, threshold=0.9
[INFO] [1783985649.818982161] [global_localization]: map→odom: x=0.697 y=-0.016 z=-0.041
[WARN] [1783985650.067125657] [global_localization]: No odometry yet, skip odom transform in crop
[INFO] [1783985650.074328482] [global_localization]: ICP input: scan=29905 pts, map_FOV=84869 pts
[INFO] [1783985650.363809344] [global_localization]: ICP fitness: coarse=1.000, fine=0.984, threshold=0.9
[INFO] [1783985650.364624075] [global_localization]: map→odom: x=0.686 y=-0.006 z=-0.042
[WARN] [1783985650.567278246] [global_localization]: No odometry yet, skip odom transform in crop
[INFO] [1783985650.574873227] [global_localization]: ICP input: scan=30048 pts, map_FOV=84869 pts
[INFO] [1783985650.801780510] [global_localization]: ICP fitness: coarse=1.000, fine=0.985, threshold=0.9
[INFO] [1783985650.802570274] [global_localization]: map→odom: x=0.699 y=-0.014 z=-0.036
[WARN] [1783985651.067354098] [global_localization]: No odometry yet, skip odom transform in crop
[INFO] [1783985651.074877483] [global_localization]: ICP input: scan=30108 pts, map_FOV=84869 pts
[INFO] [1783985651.333301904] [global_localization]: ICP fitness: coarse=1.000, fine=0.986, threshold=0.9
[INFO] [1783985651.334164370] [global_localization]: map→odom: x=0.696 y=-0.013 z=-0.034
[WARN] [1783985651.567061138] [global_localization]: No odometry yet, skip odom transform in crop
[INFO] [1783985651.574187028] [global_localization]: ICP input: scan=29999 pts, map_FOV=84869 pts
[INFO] [1783985651.798779033] [global_localization]: ICP fitness: coarse=1.000, fine=0.984, threshold=0.9
[INFO] [1783985651.799218562] [global_localization]: map→odom: x=0.689 y=-0.012 z=-0.044
[WARN] [1783985652.066997524] [global_localization]: No odometry yet, skip odom transform in crop
[INFO] [1783985652.073557767] [global_localization]: ICP input: scan=29970 pts, map_FOV=84869 pts
[INFO] [1783985652.302078028] [global_localization]: ICP fitness: coarse=1.000, fine=0.987, threshold=0.9
[INFO] [1783985652.302871865] [global_localization]: map→odom: x=0.691 y=-0.006 z=-0.043
[WARN] [1783985652.566877539] [global_localization]: No odometry yet, skip odom transform in crop
[INFO] [1783985652.572085458] [global_localization]: ICP input: scan=30050 pts, map_FOV=84869 pts
[INFO] [1783985652.802230100] [global_localization]: ICP fitness: coarse=1.000, fine=0.982, threshold=0.9
[INFO] [1783985652.803015263] [global_localization]: map→odom: x=0.694 y=-0.016 z=-0.037
[WARN] [1783985653.067003271] [global_localization]: No odometry yet, skip odom transform in crop
[INFO] [1783985653.073513304] [global_localization]: ICP input: scan=29970 pts, map_FOV=84869 pts
[INFO] [1783985653.305760668] [global_localization]: ICP fitness: coarse=1.000, fine=0.987, threshold=0.9
[INFO] [1783985653.306560799] [global_localization]: map→odom: x=0.693 y=-0.007 z=-0.040
[WARN] [1783985653.566601556] [global_localization]: No odometry yet, skip odom transform in crop
[INFO] [1783985653.571324167] [global_localization]: ICP input: scan=30121 pts, map_FOV=84869 pts
[INFO] [1783985653.821412932] [global_localization]: ICP fitness: coarse=1.000, fine=0.988, threshold=0.9
[INFO] [1783985653.822209912] [global_localization]: map→odom: x=0.689 y=-0.007 z=-0.041
[WARN] [1783985654.066820286] [global_localization]: No odometry yet, skip odom transform in crop
[INFO] [1783985654.071443249] [global_localization]: ICP input: scan=30067 pts, map_FOV=84869 pts
[INFO] [1783985654.291189468] [global_localization]: ICP fitness: coarse=1.000, fine=0.985, threshold=0.9
[INFO] [1783985654.292129130] [global_localization]: map→odom: x=0.696 y=-0.016 z=-0.039
[WARN] [1783985654.567135501] [global_localization]: No odometry yet, skip odom transform in crop
[INFO] [1783985654.574576787] [global_localization]: ICP input: scan=30035 pts, map_FOV=84869 pts
[INFO] [1783985654.779194058] [global_localization]: ICP fitness: coarse=1.000, fine=0.989, threshold=0.9
[INFO] [1783985654.779997065] [global_localization]: map→odom: x=0.687 y=-0.012 z=-0.046
[WARN] [1783985655.067273049] [global_localization]: No odometry yet, skip odom transform in crop
[INFO] [1783985655.074526962] [global_localization]: ICP input: scan=30057 pts, map_FOV=84869 pts
[INFO] [1783985655.354284544] [global_localization]: ICP fitness: coarse=1.000, fine=0.988, threshold=0.9
[INFO] [1783985655.355078924] [global_localization]: map→odom: x=0.697 y=-0.006 z=-0.042
[WARN] [1783985655.567181973] [global_localization]: No odometry yet, skip odom transform in crop
[INFO] [1783985655.574020025] [global_localization]: ICP input: scan=29903 pts, map_FOV=84869 pts
[INFO] [1783985655.813610019] [global_localization]: ICP fitness: coarse=1.000, fine=0.984, threshold=0.9
[INFO] [1783985655.814447493] [global_localization]: map→odom: x=0.706 y=-0.021 z=-0.035
[WARN] [1783985656.066601861] [global_localization]: No odometry yet, skip odom transform in crop
[INFO] [1783985656.071661419] [global_localization]: ICP input: scan=30054 pts, map_FOV=84869 pts
[INFO] [1783985656.316433702] [global_localization]: ICP fitness: coarse=1.000, fine=0.987, threshold=0.9
[INFO] [1783985656.317230627] [global_localization]: map→odom: x=0.699 y=-0.009 z=-0.036
[WARN] [1783985656.567138474] [global_localization]: No odometry yet, skip odom transform in crop
[INFO] [1783985656.575321444] [global_localization]: ICP input: scan=30082 pts, map_FOV=84869 pts
[INFO] [1783985656.843363246] [global_localization]: ICP fitness: coarse=1.000, fine=0.986, threshold=0.9
[INFO] [1783985656.844173442] [global_localization]: map→odom: x=0.701 y=-0.017 z=-0.038
[WARN] [1783985657.067145987] [global_localization]: No odometry yet, skip odom transform in crop
[INFO] [1783985657.076095145] [global_localization]: ICP input: scan=29947 pts, map_FOV=84869 pts
[INFO] [1783985657.284557430] [global_localization]: ICP fitness: coarse=1.000, fine=0.985, threshold=0.9
[INFO] [1783985657.285356223] [global_localization]: map→odom: x=0.684 y=-0.021 z=-0.041
[WARN] [1783985657.566979528] [global_localization]: No odometry yet, skip odom transform in crop
[INFO] [1783985657.573252586] [global_localization]: ICP input: scan=29997 pts, map_FOV=84869 pts
[INFO] [1783985657.830093194] [global_localization]: ICP fitness: coarse=1.000, fine=0.986, threshold=0.9
[INFO] [1783985657.830904287] [global_localization]: map→odom: x=0.691 y=-0.011 z=-0.037
[WARN] [1783985658.067085623] [global_localization]: No odometry yet, skip odom transform in crop
[INFO] [1783985658.073827708] [global_localization]: ICP input: scan=30047 pts, map_FOV=84869 pts
[INFO] [1783985658.284457793] [global_localization]: ICP fitness: coarse=1.000, fine=0.987, threshold=0.9
[INFO] [1783985658.285262502] [global_localization]: map→odom: x=0.706 y=-0.013 z=-0.041
[WARN] [1783985658.566587380] [global_localization]: No odometry yet, skip odom transform in crop
[INFO] [1783985658.571981960] [global_localization]: ICP input: scan=29929 pts, map_FOV=84869 pts
[INFO] [1783985658.779330738] [global_localization]: ICP fitness: coarse=1.000, fine=0.987, threshold=0.9
[INFO] [1783985658.779819509] [global_localization]: map→odom: x=0.685 y=-0.007 z=-0.044
[WARN] [1783985659.066965058] [global_localization]: No odometry yet, skip odom transform in crop
[INFO] [1783985659.073487167] [global_localization]: ICP input: scan=30089 pts, map_FOV=84869 pts
[INFO] [1783985659.323797165] [global_localization]: ICP fitness: coarse=1.000, fine=0.982, threshold=0.9
[INFO] [1783985659.324579266] [global_localization]: map→odom: x=0.687 y=-0.010 z=-0.041
[WARN] [1783985659.567602778] [global_localization]: No odometry yet, skip odom transform in crop
[INFO] [1783985659.574194833] [global_localization]: ICP input: scan=29982 pts, map_FOV=84869 pts
[INFO] [1783985659.800188679] [global_localization]: ICP fitness: coarse=1.000, fine=0.981, threshold=0.9
[INFO] [1783985659.800984976] [global_localization]: map→odom: x=0.689 y=-0.024 z=-0.033
[WARN] [1783985660.067107486] [global_localization]: No odometry yet, skip odom transform in crop
[INFO] [1783985660.074530931] [global_localization]: ICP input: scan=29946 pts, map_FOV=84869 pts
[INFO] [1783985660.333691582] [global_localization]: ICP fitness: coarse=1.000, fine=0.980, threshold=0.9
[INFO] [1783985660.334504756] [global_localization]: map→odom: x=0.692 y=-0.005 z=-0.037
[WARN] [1783985660.566642560] [global_localization]: No odometry yet, skip odom transform in crop
[INFO] [1783985660.571808836] [global_localization]: ICP input: scan=30076 pts, map_FOV=84869 pts
[INFO] [1783985660.821291415] [global_localization]: ICP fitness: coarse=1.000, fine=0.981, threshold=0.9
[INFO] [1783985660.822156241] [global_localization]: map→odom: x=0.694 y=-0.009 z=-0.039
[WARN] [1783985661.067172131] [global_localization]: No odometry yet, skip odom transform in crop
[INFO] [1783985661.075030972] [global_localization]: ICP input: scan=29813 pts, map_FOV=84869 pts
[INFO] [1783985661.307412225] [global_localization]: ICP fitness: coarse=1.000, fine=0.983, threshold=0.9
[INFO] [1783985661.308302873] [global_localization]: map→odom: x=0.710 y=-0.019 z=-0.036
[WARN] [1783985661.566522913] [global_localization]: No odometry yet, skip odom transform in crop
[INFO] [1783985661.571176065] [global_localization]: ICP input: scan=30040 pts, map_FOV=84869 pts
[INFO] [1783985661.810630505] [global_localization]: ICP fitness: coarse=1.000, fine=0.987, threshold=0.9
[INFO] [1783985661.811489613] [global_localization]: map→odom: x=0.699 y=-0.013 z=-0.016
[WARN] [1783985662.067033598] [global_localization]: No odometry yet, skip odom transform in crop
[INFO] [1783985662.076368649] [global_localization]: ICP input: scan=30035 pts, map_FOV=84869 pts
[INFO] [1783985662.458900625] [global_localization]: ICP fitness: coarse=1.000, fine=0.982, threshold=0.9
[INFO] [1783985662.459701629] [global_localization]: map→odom: x=0.664 y=-0.025 z=0.085
[WARN] [1783985662.567206879] [global_localization]: No odometry yet, skip odom transform in crop
[INFO] [1783985662.574691127] [global_localization]: ICP input: scan=30073 pts, map_FOV=84869 pts
[INFO] [1783985662.998546381] [global_localization]: ICP fitness: coarse=1.000, fine=0.932, threshold=0.9
[INFO] [1783985662.999342853] [global_localization]: map→odom: x=0.620 y=-0.033 z=0.184
[WARN] [1783985663.067106333] [global_localization]: No odometry yet, skip odom transform in crop
[INFO] [1783985663.073521257] [global_localization]: ICP input: scan=30114 pts, map_FOV=84869 pts
[INFO] [1783985663.484430462] [global_localization]: ICP fitness: coarse=1.000, fine=0.941, threshold=0.9
[INFO] [1783985663.485246213] [global_localization]: map→odom: x=0.585 y=-0.036 z=0.177
[WARN] [1783985663.566952336] [global_localization]: No odometry yet, skip odom transform in crop
[INFO] [1783985663.573743699] [global_localization]: ICP input: scan=15149 pts, map_FOV=84869 pts
[INFO] [1783985663.874508826] [global_localization]: ICP fitness: coarse=1.000, fine=0.960, threshold=0.9
[INFO] [1783985663.875316203] [global_localization]: map→odom: x=0.508 y=-0.276 z=0.164
[WARN] [1783985664.066662103] [global_localization]: No odometry yet, skip odom transform in crop
[INFO] [1783985664.073874839] [global_localization]: ICP input: scan=5075 pts, map_FOV=84869 pts
[INFO] [1783985664.313137133] [global_localization]: ICP fitness: coarse=1.000, fine=0.968, threshold=0.9
[INFO] [1783985664.313925050] [global_localization]: map→odom: x=0.355 y=-0.614 z=0.162
[WARN] [1783985664.566877865] [global_localization]: No odometry yet, skip odom transform in crop
[INFO] [1783985664.573523069] [global_localization]: ICP input: scan=5075 pts, map_FOV=84869 pts
[INFO] [1783985664.781188923] [global_localization]: ICP fitness: coarse=1.000, fine=0.967, threshold=0.9
[INFO] [1783985664.781647779] [global_localization]: map→odom: x=0.356 y=-0.618 z=0.163
[WARN] [1783985665.066504678] [global_localization]: No odometry yet, skip odom transform in crop
[INFO] [1783985665.071355644] [global_localization]: ICP input: scan=5075 pts, map_FOV=84869 pts
[INFO] [1783985665.291153720] [global_localization]: ICP fitness: coarse=1.000, fine=0.967, threshold=0.9
[INFO] [1783985665.291972398] [global_localization]: map→odom: x=0.356 y=-0.618 z=0.163
[WARN] [1783985665.566757140] [global_localization]: No odometry yet, skip odom transform in crop
[INFO] [1783985665.576399624] [global_localization]: ICP input: scan=5075 pts, map_FOV=84869 pts
[INFO] [1783985665.809634595] [global_localization]: ICP fitness: coarse=1.000, fine=0.967, threshold=0.9
[INFO] [1783985665.810440047] [global_localization]: map→odom: x=0.356 y=-0.618 z=0.163
[WARN] [1783985666.066884225] [global_localization]: No odometry yet, skip odom transform in crop
[INFO] [1783985666.074091822] [global_localization]: ICP input: scan=5075 pts, map_FOV=84869 pts
[INFO] [1783985666.303294733] [global_localization]: ICP fitness: coarse=1.000, fine=0.967, threshold=0.9
[INFO] [1783985666.304101965] [global_localization]: map→odom: x=0.356 y=-0.618 z=0.163
[WARN] [1783985666.566653397] [global_localization]: No odometry yet, skip odom transform in crop
[INFO] [1783985666.573452314] [global_localization]: ICP input: scan=5075 pts, map_FOV=84869 pts
[INFO] [1783985666.776734722] [global_localization]: ICP fitness: coarse=1.000, fine=0.967, threshold=0.9
[INFO] [1783985666.777206257] [global_localization]: map→odom: x=0.356 y=-0.618 z=0.163
[WARN] [1783985667.066887085] [global_localization]: No odometry yet, skip odom transform in crop
[INFO] [1783985667.073785226] [global_localization]: ICP input: scan=5075 pts, map_FOV=84869 pts
[INFO] [1783985667.236791818] [global_localization]: ICP fitness: coarse=1.000, fine=0.967, threshold=0.9
[INFO] [1783985667.237560117] [global_localization]: map→odom: x=0.356 y=-0.618 z=0.163
[WARN] [1783985667.566823297] [global_localization]: No odometry yet, skip odom transform in crop
[INFO] [1783985667.574004672] [global_localization]: ICP input: scan=5075 pts, map_FOV=84869 pts
[INFO] [1783985667.773632335] [global_localization]: ICP fitness: coarse=1.000, fine=0.967, threshold=0.9
[INFO] [1783985667.774429655] [global_localization]: map→odom: x=0.356 y=-0.618 z=0.163
[WARN] [1783985668.066232186] [global_localization]: No odometry yet, skip odom transform in crop
[INFO] [1783985668.071148561] [global_localization]: ICP input: scan=5075 pts, map_FOV=84869 pts
[INFO] [1783985668.270759350] [global_localization]: ICP fitness: coarse=1.000, fine=0.967, threshold=0.9
[INFO] [1783985668.271537459] [global_localization]: map→odom: x=0.356 y=-0.618 z=0.163
[WARN] [1783985668.566400101] [global_localization]: No odometry yet, skip odom transform in crop
[INFO] [1783985668.571694063] [global_localization]: ICP input: scan=5075 pts, map_FOV=84869 pts
[INFO] [1783985668.798645539] [global_localization]: ICP fitness: coarse=1.000, fine=0.967, threshold=0.9
[INFO] [1783985668.799113960] [global_localization]: map→odom: x=0.356 y=-0.618 z=0.163
[WARN] [1783985669.066859861] [global_localization]: No odometry yet, skip odom transform in crop
[INFO] [1783985669.074616694] [global_localization]: ICP input: scan=5075 pts, map_FOV=84869 pts
[INFO] [1783985669.284892736] [global_localization]: ICP fitness: coarse=1.000, fine=0.967, threshold=0.9
[INFO] [1783985669.285369385] [global_localization]: map→odom: x=0.356 y=-0.618 z=0.163
[WARN] [1783985669.566764016] [global_localization]: No odometry yet, skip odom transform in crop
[INFO] [1783985669.574868058] [global_localization]: ICP input: scan=5075 pts, map_FOV=84869 pts
[INFO] [1783985669.768002093] [global_localization]: ICP fitness: coarse=1.000, fine=0.967, threshold=0.9
[INFO] [1783985669.768794794] [global_localization]: map→odom: x=0.356 y=-0.618 z=0.163
[WARN] [1783985670.066805545] [global_localization]: No odometry yet, skip odom transform in crop
[INFO] [1783985670.073937236] [global_localization]: ICP input: scan=5075 pts, map_FOV=84869 pts
[INFO] [1783985670.290014048] [global_localization]: ICP fitness: coarse=1.000, fine=0.967, threshold=0.9
[INFO] [1783985670.290807281] [global_localization]: map→odom: x=0.356 y=-0.618 z=0.163
[WARN] [1783985670.566625635] [global_localization]: No odometry yet, skip odom transform in crop
[INFO] [1783985670.573758667] [global_localization]: ICP input: scan=5075 pts, map_FOV=84869 pts
[INFO] [1783985670.771090821] [global_localization]: ICP fitness: coarse=1.000, fine=0.967, threshold=0.9
[INFO] [1783985670.771539715] [global_localization]: map→odom: x=0.356 y=-0.618 z=0.163
[WARN] [1783985671.066243728] [global_localization]: No odometry yet, skip odom transform in crop
[INFO] [1783985671.071199295] [global_localization]: ICP input: scan=5075 pts, map_FOV=84869 pts
[INFO] [1783985671.272037167] [global_localization]: ICP fitness: coarse=1.000, fine=0.967, threshold=0.9
[INFO] [1783985671.272896486] [global_localization]: map→odom: x=0.356 y=-0.618 z=0.163
[WARN] [1783985671.566684480] [global_localization]: No odometry yet, skip odom transform in crop
[INFO] [1783985671.573075890] [global_localization]: ICP input: scan=5075 pts, map_FOV=84869 pts
[INFO] [1783985671.801125941] [global_localization]: ICP fitness: coarse=1.000, fine=0.967, threshold=0.9
[INFO] [1783985671.801923242] [global_localization]: map→odom: x=0.356 y=-0.618 z=0.163
[WARN] [1783985672.066491104] [global_localization]: No odometry yet, skip odom transform in crop
[INFO] [1783985672.071535396] [global_localization]: ICP input: scan=5075 pts, map_FOV=84869 pts
[INFO] [1783985672.265944196] [global_localization]: ICP fitness: coarse=1.000, fine=0.967, threshold=0.9
[INFO] [1783985672.266423766] [global_localization]: map→odom: x=0.356 y=-0.618 z=0.163
[WARN] [1783985672.566812525] [global_localization]: No odometry yet, skip odom transform in crop
[INFO] [1783985672.573950423] [global_localization]: ICP input: scan=5075 pts, map_FOV=84869 pts
[INFO] [1783985672.791476563] [global_localization]: ICP fitness: coarse=1.000, fine=0.967, threshold=0.9
[INFO] [1783985672.792275830] [global_localization]: map→odom: x=0.356 y=-0.618 z=0.163
[WARN] [1783985673.066733731] [global_localization]: No odometry yet, skip odom transform in crop
[INFO] [1783985673.073522572] [global_localization]: ICP input: scan=5075 pts, map_FOV=84869 pts
[INFO] [1783985673.270038407] [global_localization]: ICP fitness: coarse=1.000, fine=0.967, threshold=0.9
[INFO] [1783985673.270831787] [global_localization]: map→odom: x=0.356 y=-0.618 z=0.163
[WARN] [1783985673.566720741] [global_localization]: No odometry yet, skip odom transform in crop
[INFO] [1783985673.574352147] [global_localization]: ICP input: scan=5075 pts, map_FOV=84869 pts
[INFO] [1783985673.769857958] [global_localization]: ICP fitness: coarse=1.000, fine=0.967, threshold=0.9
[INFO] [1783985673.770631686] [global_localization]: map→odom: x=0.356 y=-0.618 z=0.163
[WARN] [1783985674.066241982] [global_localization]: No odometry yet, skip odom transform in crop
[INFO] [1783985674.071304323] [global_localization]: ICP input: scan=5075 pts, map_FOV=84869 pts
[INFO] [1783985674.278542598] [global_localization]: ICP fitness: coarse=1.000, fine=0.967, threshold=0.9
[INFO] [1783985674.279004262] [global_localization]: map→odom: x=0.356 y=-0.618 z=0.163
[WARN] [1783985674.566862907] [global_localization]: No odometry yet, skip odom transform in crop
[INFO] [1783985674.574162940] [global_localization]: ICP input: scan=5075 pts, map_FOV=84869 pts
[INFO] [1783985674.724251888] [global_localization]: ICP fitness: coarse=1.000, fine=0.967, threshold=0.9
[INFO] [1783985674.724736610] [global_localization]: map→odom: x=0.356 y=-0.618 z=0.163
[WARN] [1783985675.066899208] [global_localization]: No odometry yet, skip odom transform in crop
[INFO] [1783985675.074369040] [global_localization]: ICP input: scan=5075 pts, map_FOV=84869 pts
[INFO] [1783985675.318804861] [global_localization]: ICP fitness: coarse=1.000, fine=0.967, threshold=0.9
[INFO] [1783985675.319263567] [global_localization]: map→odom: x=0.356 y=-0.618 z=0.163
[WARN] [1783985675.566690557] [global_localization]: No odometry yet, skip odom transform in crop
[INFO] [1783985675.574861381] [global_localization]: ICP input: scan=5075 pts, map_FOV=84869 pts
[INFO] [1783985675.772067447] [global_localization]: ICP fitness: coarse=1.000, fine=0.967, threshold=0.9
[INFO] [1783985675.772857366] [global_localization]: map→odom: x=0.356 y=-0.618 z=0.163
[WARN] [1783985676.066602477] [global_localization]: No odometry yet, skip odom transform in crop
[INFO] [1783985676.072958494] [global_localization]: ICP input: scan=5075 pts, map_FOV=84869 pts
[INFO] [1783985676.253833585] [global_localization]: ICP fitness: coarse=1.000, fine=0.967, threshold=0.9
[INFO] [1783985676.254276252] [global_localization]: map→odom: x=0.356 y=-0.618 z=0.163
[WARN] [1783985676.566191574] [global_localization]: No odometry yet, skip odom transform in crop
[INFO] [1783985676.570550965] [global_localization]: ICP input: scan=5075 pts, map_FOV=84869 pts
[INFO] [1783985676.754422980] [global_localization]: ICP fitness: coarse=1.000, fine=0.967, threshold=0.9
[INFO] [1783985676.754844120] [global_localization]: map→odom: x=0.356 y=-0.618 z=0.163
[WARN] [1783985677.066826205] [global_localization]: No odometry yet, skip odom transform in crop
[INFO] [1783985677.073951425] [global_localization]: ICP input: scan=5075 pts, map_FOV=84869 pts
[INFO] [1783985677.262047059] [global_localization]: ICP fitness: coarse=1.000, fine=0.967, threshold=0.9
[INFO] [1783985677.262486016] [global_localization]: map→odom: x=0.356 y=-0.618 z=0.163
[WARN] [1783985677.566830110] [global_localization]: No odometry yet, skip odom transform in crop
[INFO] [1783985677.573736165] [global_localization]: ICP input: scan=5075 pts, map_FOV=84869 pts
[INFO] [1783985677.776250869] [global_localization]: ICP fitness: coarse=1.000, fine=0.967, threshold=0.9
[INFO] [1783985677.777046059] [global_localization]: map→odom: x=0.356 y=-0.618 z=0.163
[WARN] [1783985678.066834178] [global_localization]: No odometry yet, skip odom transform in crop
[INFO] [1783985678.074041429] [global_localization]: ICP input: scan=5075 pts, map_FOV=84869 pts
[INFO] [1783985678.293137919] [global_localization]: ICP fitness: coarse=1.000, fine=0.967, threshold=0.9
[INFO] [1783985678.293590729] [global_localization]: map→odom: x=0.356 y=-0.618 z=0.163
[WARN] [1783985678.566158233] [global_localization]: No odometry yet, skip odom transform in crop
[INFO] [1783985678.570581458] [global_localization]: ICP input: scan=5075 pts, map_FOV=84869 pts
[INFO] [1783985678.757986873] [global_localization]: ICP fitness: coarse=1.000, fine=0.967, threshold=0.9
[INFO] [1783985678.758779723] [global_localization]: map→odom: x=0.356 y=-0.618 z=0.163
[WARN] [1783985679.066756072] [global_localization]: No odometry yet, skip odom transform in crop
[INFO] [1783985679.073935562] [global_localization]: ICP input: scan=5075 pts, map_FOV=84869 pts
[INFO] [1783985679.260424583] [global_localization]: ICP fitness: coarse=1.000, fine=0.967, threshold=0.9
[INFO] [1783985679.261215846] [global_localization]: map→odom: x=0.356 y=-0.618 z=0.163
[WARN] [1783985679.566714100] [global_localization]: No odometry yet, skip odom transform in crop
[INFO] [1783985679.573141564] [global_localization]: ICP input: scan=5075 pts, map_FOV=84869 pts
[INFO] [1783985679.786573935] [global_localization]: ICP fitness: coarse=1.000, fine=0.967, threshold=0.9
[INFO] [1783985679.786996626] [global_localization]: map→odom: x=0.356 y=-0.618 z=0.163
[WARN] [1783985680.066829932] [global_localization]: No odometry yet, skip odom transform in crop
[INFO] [1783985680.076321421] [global_localization]: ICP input: scan=5075 pts, map_FOV=84869 pts
[INFO] [1783985680.270807882] [global_localization]: ICP fitness: coarse=1.000, fine=0.967, threshold=0.9
[INFO] [1783985680.271217475] [global_localization]: map→odom: x=0.356 y=-0.618 z=0.163
[WARN] [1783985680.566236806] [global_localization]: No odometry yet, skip odom transform in crop
[INFO] [1783985680.572326096] [global_localization]: ICP input: scan=5075 pts, map_FOV=84869 pts
[INFO] [1783985680.731017441] [global_localization]: ICP fitness: coarse=1.000, fine=0.967, threshold=0.9
[INFO] [1783985680.731795779] [global_localization]: map→odom: x=0.356 y=-0.618 z=0.163
[WARN] [1783985681.066770874] [global_localization]: No odometry yet, skip odom transform in crop
[INFO] [1783985681.073988175] [global_localization]: ICP input: scan=5075 pts, map_FOV=84869 pts
[INFO] [1783985681.261902145] [global_localization]: ICP fitness: coarse=1.000, fine=0.967, threshold=0.9
[INFO] [1783985681.262343618] [global_localization]: map→odom: x=0.356 y=-0.618 z=0.163
[WARN] [1783985681.566808839] [global_localization]: No odometry yet, skip odom transform in crop
[INFO] [1783985681.573880748] [global_localization]: ICP input: scan=5075 pts, map_FOV=84869 pts
[INFO] [1783985681.773498448] [global_localization]: ICP fitness: coarse=1.000, fine=0.967, threshold=0.9
[INFO] [1783985681.773934208] [global_localization]: map→odom: x=0.356 y=-0.618 z=0.163
[WARN] [1783985682.066728131] [global_localization]: No odometry yet, skip odom transform in crop
[INFO] [1783985682.073485701] [global_localization]: ICP input: scan=5075 pts, map_FOV=84869 pts
[INFO] [1783985682.279861526] [global_localization]: ICP fitness: coarse=1.000, fine=0.967, threshold=0.9
[INFO] [1783985682.280640086] [global_localization]: map→odom: x=0.356 y=-0.618 z=0.163
[WARN] [1783985682.566771288] [global_localization]: No odometry yet, skip odom transform in crop
[INFO] [1783985682.573331258] [global_localization]: ICP input: scan=5075 pts, map_FOV=84869 pts
[INFO] [1783985682.752103455] [global_localization]: ICP fitness: coarse=1.000, fine=0.967, threshold=0.9
[INFO] [1783985682.752533129] [global_localization]: map→odom: x=0.356 y=-0.618 z=0.163
[WARN] [1783985683.066657580] [global_localization]: No odometry yet, skip odom transform in crop
[INFO] [1783985683.073869389] [global_localization]: ICP input: scan=5075 pts, map_FOV=84869 pts
[INFO] [1783985683.272104942] [global_localization]: ICP fitness: coarse=1.000, fine=0.967, threshold=0.9
[INFO] [1783985683.272864504] [global_localization]: map→odom: x=0.356 y=-0.618 z=0.163
[WARN] [1783985683.566585829] [global_localization]: No odometry yet, skip odom transform in crop
[INFO] [1783985683.572723037] [global_localization]: ICP input: scan=5075 pts, map_FOV=84869 pts
[INFO] [1783985683.750771919] [global_localization]: ICP fitness: coarse=1.000, fine=0.967, threshold=0.9
[INFO] [1783985683.751497408] [global_localization]: map→odom: x=0.356 y=-0.618 z=0.163
[WARN] [1783985684.066593170] [global_localization]: No odometry yet, skip odom transform in crop
[INFO] [1783985684.073186473] [global_localization]: ICP input: scan=5075 pts, map_FOV=84869 pts
[INFO] [1783985684.266925823] [global_localization]: ICP fitness: coarse=1.000, fine=0.967, threshold=0.9
[INFO] [1783985684.267755404] [global_localization]: map→odom: x=0.356 y=-0.618 z=0.163
[WARN] [1783985684.566590686] [global_localization]: No odometry yet, skip odom transform in crop
[INFO] [1783985684.572860019] [global_localization]: ICP input: scan=5075 pts, map_FOV=84869 pts
[INFO] [1783985684.747071697] [global_localization]: ICP fitness: coarse=1.000, fine=0.967, threshold=0.9
[INFO] [1783985684.747810044] [global_localization]: map→odom: x=0.356 y=-0.618 z=0.163
[WARN] [1783985685.066397214] [global_localization]: No odometry yet, skip odom transform in crop
[INFO] [1783985685.070729274] [global_localization]: ICP input: scan=5075 pts, map_FOV=84869 pts
[INFO] [1783985685.235038746] [global_localization]: ICP fitness: coarse=1.000, fine=0.967, threshold=0.9
[INFO] [1783985685.235815466] [global_localization]: map→odom: x=0.356 y=-0.618 z=0.163
[WARN] [1783985685.566557200] [global_localization]: No odometry yet, skip odom transform in crop
[INFO] [1783985685.573653455] [global_localization]: ICP input: scan=5075 pts, map_FOV=84869 pts
[INFO] [1783985685.778907136] [global_localization]: ICP fitness: coarse=1.000, fine=0.967, threshold=0.9
[INFO] [1783985685.779592448] [global_localization]: map→odom: x=0.356 y=-0.618 z=0.163
[WARN] [1783985686.066615748] [global_localization]: No odometry yet, skip odom transform in crop
[INFO] [1783985686.072595433] [global_localization]: ICP input: scan=5075 pts, map_FOV=84869 pts
[INFO] [1783985686.235673007] [global_localization]: ICP fitness: coarse=1.000, fine=0.967, threshold=0.9
[INFO] [1783985686.236353895] [global_localization]: map→odom: x=0.356 y=-0.618 z=0.163
[WARN] [1783985686.566527335] [global_localization]: No odometry yet, skip odom transform in crop
[INFO] [1783985686.572476583] [global_localization]: ICP input: scan=5075 pts, map_FOV=84869 pts
[INFO] [1783985686.706872525] [global_localization]: ICP fitness: coarse=1.000, fine=0.967, threshold=0.9
[INFO] [1783985686.707541051] [global_localization]: map→odom: x=0.356 y=-0.618 z=0.163
[WARN] [1783985687.066617591] [global_localization]: No odometry yet, skip odom transform in crop
[INFO] [1783985687.072438105] [global_localization]: ICP input: scan=5075 pts, map_FOV=84869 pts
[INFO] [1783985687.258791019] [global_localization]: ICP fitness: coarse=1.000, fine=0.967, threshold=0.9
[INFO] [1783985687.259470231] [global_localization]: map→odom: x=0.356 y=-0.618 z=0.163
[WARN] [1783985687.566504819] [global_localization]: No odometry yet, skip odom transform in crop
[INFO] [1783985687.572562473] [global_localization]: ICP input: scan=5075 pts, map_FOV=84869 pts
[INFO] [1783985687.737548939] [global_localization]: ICP fitness: coarse=1.000, fine=0.967, threshold=0.9
[INFO] [1783985687.738250951] [global_localization]: map→odom: x=0.356 y=-0.618 z=0.163
[WARN] [1783985688.066628759] [global_localization]: No odometry yet, skip odom transform in crop
[INFO] [1783985688.074514050] [global_localization]: ICP input: scan=5075 pts, map_FOV=84869 pts
[INFO] [1783985688.242604615] [global_localization]: ICP fitness: coarse=1.000, fine=0.967, threshold=0.9
[INFO] [1783985688.243258883] [global_localization]: map→odom: x=0.356 y=-0.618 z=0.163
[WARN] [1783985688.566601886] [global_localization]: No odometry yet, skip odom transform in crop
[INFO] [1783985688.572984974] [global_localization]: ICP input: scan=5075 pts, map_FOV=84869 pts
[INFO] [1783985688.737428656] [global_localization]: ICP fitness: coarse=1.000, fine=0.967, threshold=0.9
[INFO] [1783985688.737882805] [global_localization]: map→odom: x=0.356 y=-0.618 z=0.163
[WARN] [1783985689.066229143] [global_localization]: No odometry yet, skip odom transform in crop
[INFO] [1783985689.070635222] [global_localization]: ICP input: scan=5075 pts, map_FOV=84869 pts
[INFO] [1783985689.229824464] [global_localization]: ICP fitness: coarse=1.000, fine=0.967, threshold=0.9
[INFO] [1783985689.230458058] [global_localization]: map→odom: x=0.356 y=-0.618 z=0.163
[WARN] [1783985689.566495413] [global_localization]: No odometry yet, skip odom transform in crop
[INFO] [1783985689.572195442] [global_localization]: ICP input: scan=5075 pts, map_FOV=84869 pts
[INFO] [1783985689.729887620] [global_localization]: ICP fitness: coarse=1.000, fine=0.967, threshold=0.9
[INFO] [1783985689.730524746] [global_localization]: map→odom: x=0.356 y=-0.618 z=0.163
[WARN] [1783985690.066269685] [global_localization]: No odometry yet, skip odom transform in crop
[INFO] [1783985690.070659777] [global_localization]: ICP input: scan=5075 pts, map_FOV=84869 pts
[INFO] [1783985690.208961261] [global_localization]: ICP fitness: coarse=1.000, fine=0.967, threshold=0.9
[INFO] [1783985690.209415572] [global_localization]: map→odom: x=0.356 y=-0.618 z=0.163
[WARN] [1783985690.566272683] [global_localization]: No odometry yet, skip odom transform in crop
[INFO] [1783985690.570841671] [global_localization]: ICP input: scan=5075 pts, map_FOV=84869 pts
[INFO] [1783985690.702922189] [global_localization]: ICP fitness: coarse=1.000, fine=0.967, threshold=0.9
[INFO] [1783985690.703569929] [global_localization]: map→odom: x=0.356 y=-0.618 z=0.163
[WARN] [1783985691.066483434] [global_localization]: No odometry yet, skip odom transform in crop
[INFO] [1783985691.071546880] [global_localization]: ICP input: scan=5075 pts, map_FOV=84869 pts
[INFO] [1783985691.220280488] [global_localization]: ICP fitness: coarse=1.000, fine=0.967, threshold=0.9
[INFO] [1783985691.220888687] [global_localization]: map→odom: x=0.356 y=-0.618 z=0.163
[WARN] [1783985691.566468153] [global_localization]: No odometry yet, skip odom transform in crop
[INFO] [1783985691.571845099] [global_localization]: ICP input: scan=5075 pts, map_FOV=84869 pts
[INFO] [1783985691.772656654] [global_localization]: ICP fitness: coarse=1.000, fine=0.967, threshold=0.9
[INFO] [1783985691.773092177] [global_localization]: map→odom: x=0.356 y=-0.618 z=0.163
[WARN] [1783985692.066312097] [global_localization]: No odometry yet, skip odom transform in crop
[INFO] [1783985692.071455318] [global_localization]: ICP input: scan=5075 pts, map_FOV=84869 pts
[INFO] [1783985692.272004620] [global_localization]: ICP fitness: coarse=1.000, fine=0.967, threshold=0.9
[INFO] [1783985692.272610073] [global_localization]: map→odom: x=0.356 y=-0.618 z=0.163
[WARN] [1783985692.566483774] [global_localization]: No odometry yet, skip odom transform in crop
[INFO] [1783985692.571453187] [global_localization]: ICP input: scan=5075 pts, map_FOV=84869 pts
[INFO] [1783985692.763770102] [global_localization]: ICP fitness: coarse=1.000, fine=0.967, threshold=0.9
[INFO] [1783985692.764214614] [global_localization]: map→odom: x=0.356 y=-0.618 z=0.163
[WARN] [1783985693.066450034] [global_localization]: No odometry yet, skip odom transform in crop
[INFO] [1783985693.071327865] [global_localization]: ICP input: scan=5075 pts, map_FOV=84869 pts
[INFO] [1783985693.270036981] [global_localization]: ICP fitness: coarse=1.000, fine=0.967, threshold=0.9
[INFO] [1783985693.270486150] [global_localization]: map→odom: x=0.356 y=-0.618 z=0.163
[WARN] [1783985693.566360430] [global_localization]: No odometry yet, skip odom transform in crop
[INFO] [1783985693.571646660] [global_localization]: ICP input: scan=5075 pts, map_FOV=84869 pts
[INFO] [1783985693.779465558] [global_localization]: ICP fitness: coarse=1.000, fine=0.967, threshold=0.9
[INFO] [1783985693.780021179] [global_localization]: map→odom: x=0.356 y=-0.618 z=0.163
[WARN] [1783985694.066358958] [global_localization]: No odometry yet, skip odom transform in crop
[INFO] [1783985694.070623027] [global_localization]: ICP input: scan=5075 pts, map_FOV=84869 pts
[INFO] [1783985694.224181224] [global_localization]: ICP fitness: coarse=1.000, fine=0.967, threshold=0.9
[INFO] [1783985694.224737468] [global_localization]: map→odom: x=0.356 y=-0.618 z=0.163
[WARN] [1783985694.566532810] [global_localization]: No odometry yet, skip odom transform in crop
[INFO] [1783985694.571534628] [global_localization]: ICP input: scan=5075 pts, map_FOV=84869 pts
[INFO] [1783985694.729154601] [global_localization]: ICP fitness: coarse=1.000, fine=0.967, threshold=0.9
[INFO] [1783985694.729693602] [global_localization]: map→odom: x=0.356 y=-0.618 z=0.163
[WARN] [1783985695.066324874] [global_localization]: No odometry yet, skip odom transform in crop
[INFO] [1783985695.070726754] [global_localization]: ICP input: scan=5075 pts, map_FOV=84869 pts
[INFO] [1783985695.207983645] [global_localization]: ICP fitness: coarse=1.000, fine=0.967, threshold=0.9
[INFO] [1783985695.208676516] [global_localization]: map→odom: x=0.356 y=-0.618 z=0.163
[WARN] [1783985695.566418042] [global_localization]: No odometry yet, skip odom transform in crop
[INFO] [1783985695.570595777] [global_localization]: ICP input: scan=5075 pts, map_FOV=84869 pts
[INFO] [1783985695.705730234] [global_localization]: ICP fitness: coarse=1.000, fine=0.967, threshold=0.9
[INFO] [1783985695.706276938] [global_localization]: map→odom: x=0.356 y=-0.618 z=0.163
[WARN] [1783985696.066294997] [global_localization]: No odometry yet, skip odom transform in crop
[INFO] [1783985696.071515679] [global_localization]: ICP input: scan=5075 pts, map_FOV=84869 pts
[INFO] [1783985696.204779901] [global_localization]: ICP fitness: coarse=1.000, fine=0.967, threshold=0.9
[INFO] [1783985696.205301451] [global_localization]: map→odom: x=0.356 y=-0.618 z=0.163
[WARN] [1783985696.566373176] [global_localization]: No odometry yet, skip odom transform in crop
[INFO] [1783985696.571610507] [global_localization]: ICP input: scan=5075 pts, map_FOV=84869 pts
[INFO] [1783985696.692941373] [global_localization]: ICP fitness: coarse=1.000, fine=0.967, threshold=0.9
[INFO] [1783985696.693374437] [global_localization]: map→odom: x=0.356 y=-0.618 z=0.163
[WARN] [1783985697.066401598] [global_localization]: No odometry yet, skip odom transform in crop
[INFO] [1783985697.071395416] [global_localization]: ICP input: scan=5075 pts, map_FOV=84869 pts
[INFO] [1783985697.192072726] [global_localization]: ICP fitness: coarse=1.000, fine=0.967, threshold=0.9
[INFO] [1783985697.192496793] [global_localization]: map→odom: x=0.356 y=-0.618 z=0.163
[WARN] [1783985697.566275037] [global_localization]: No odometry yet, skip odom transform in crop
[INFO] [1783985697.570808832] [global_localization]: ICP input: scan=5075 pts, map_FOV=84869 pts
[INFO] [1783985697.696181005] [global_localization]: ICP fitness: coarse=1.000, fine=0.967, threshold=0.9
[INFO] [1783985697.696775471] [global_localization]: map→odom: x=0.356 y=-0.618 z=0.163
[WARN] [1783985698.066208001] [global_localization]: No odometry yet, skip odom transform in crop
[INFO] [1783985698.070616346] [global_localization]: ICP input: scan=5075 pts, map_FOV=84869 pts
[INFO] [1783985698.206557172] [global_localization]: ICP fitness: coarse=1.000, fine=0.967, threshold=0.9
[INFO] [1783985698.206980515] [global_localization]: map→odom: x=0.356 y=-0.618 z=0.163
[WARN] [1783985698.566337172] [global_localization]: No odometry yet, skip odom transform in crop
[INFO] [1783985698.570503188] [global_localization]: ICP input: scan=5075 pts, map_FOV=84869 pts
[INFO] [1783985698.693481199] [global_localization]: ICP fitness: coarse=1.000, fine=0.967, threshold=0.9
[INFO] [1783985698.693963767] [global_localization]: map→odom: x=0.356 y=-0.618 z=0.163
[WARN] [1783985699.066328712] [global_localization]: No odometry yet, skip odom transform in crop
[INFO] [1783985699.070709369] [global_localization]: ICP input: scan=5075 pts, map_FOV=84869 pts
[INFO] [1783985699.205037318] [global_localization]: ICP fitness: coarse=1.000, fine=0.967, threshold=0.9
[INFO] [1783985699.205452146] [global_localization]: map→odom: x=0.356 y=-0.618 z=0.163
[WARN] [1783985699.566328166] [global_localization]: No odometry yet, skip odom transform in crop
[INFO] [1783985699.570861700] [global_localization]: ICP input: scan=5075 pts, map_FOV=84869 pts
[INFO] [1783985699.690011697] [global_localization]: ICP fitness: coarse=1.000, fine=0.967, threshold=0.9
[INFO] [1783985699.690425748] [global_localization]: map→odom: x=0.356 y=-0.618 z=0.163
[WARN] [1783985700.066245782] [global_localization]: No odometry yet, skip odom transform in crop
[INFO] [1783985700.070512585] [global_localization]: ICP input: scan=5075 pts, map_FOV=84869 pts
[INFO] [1783985700.189403978] [global_localization]: ICP fitness: coarse=1.000, fine=0.967, threshold=0.9
[INFO] [1783985700.189827594] [global_localization]: map→odom: x=0.356 y=-0.618 z=0.163
[WARN] [1783985700.566335980] [global_localization]: No odometry yet, skip odom transform in crop
[INFO] [1783985700.571948651] [global_localization]: ICP input: scan=5075 pts, map_FOV=84869 pts
[INFO] [1783985700.692352161] [global_localization]: ICP fitness: coarse=1.000, fine=0.967, threshold=0.9
[INFO] [1783985700.692833654] [global_localization]: map→odom: x=0.356 y=-0.618 z=0.163
[WARN] [1783985701.066292204] [global_localization]: No odometry yet, skip odom transform in crop
[INFO] [1783985701.070884502] [global_localization]: ICP input: scan=5075 pts, map_FOV=84869 pts
[INFO] [1783985701.200785067] [global_localization]: ICP fitness: coarse=1.000, fine=0.967, threshold=0.9
[INFO] [1783985701.201269588] [global_localization]: map→odom: x=0.356 y=-0.618 z=0.163
[WARN] [1783985701.566452386] [global_localization]: No odometry yet, skip odom transform in crop
[INFO] [1783985701.570879040] [global_localization]: ICP input: scan=5075 pts, map_FOV=84869 pts
[INFO] [1783985701.691680130] [global_localization]: ICP fitness: coarse=1.000, fine=0.967, threshold=0.9
[INFO] [1783985701.692166736] [global_localization]: map→odom: x=0.356 y=-0.618 z=0.163
[WARN] [1783985702.066290871] [global_localization]: No odometry yet, skip odom transform in crop
[INFO] [1783985702.072866645] [global_localization]: ICP input: scan=5075 pts, map_FOV=84869 pts
[INFO] [1783985702.192323639] [global_localization]: ICP fitness: coarse=1.000, fine=0.967, threshold=0.9
[INFO] [1783985702.192754160] [global_localization]: map→odom: x=0.356 y=-0.618 z=0.163
[WARN] [1783985702.566309000] [global_localization]: No odometry yet, skip odom transform in crop
[INFO] [1783985702.571035031] [global_localization]: ICP input: scan=5075 pts, map_FOV=84869 pts
[INFO] [1783985702.698056654] [global_localization]: ICP fitness: coarse=1.000, fine=0.967, threshold=0.9
[INFO] [1783985702.698493769] [global_localization]: map→odom: x=0.356 y=-0.618 z=0.163
[WARN] [1783985703.066417513] [global_localization]: No odometry yet, skip odom transform in crop
[INFO] [1783985703.070626605] [global_localization]: ICP input: scan=5075 pts, map_FOV=84869 pts
[INFO] [1783985703.190252799] [global_localization]: ICP fitness: coarse=1.000, fine=0.967, threshold=0.9
[INFO] [1783985703.190634030] [global_localization]: map→odom: x=0.356 y=-0.618 z=0.163
[WARN] [1783985703.566309395] [global_localization]: No odometry yet, skip odom transform in crop
[INFO] [1783985703.570594574] [global_localization]: ICP input: scan=5075 pts, map_FOV=84869 pts
[INFO] [1783985703.693186897] [global_localization]: ICP fitness: coarse=1.000, fine=0.967, threshold=0.9
[INFO] [1783985703.693590021] [global_localization]: map→odom: x=0.356 y=-0.618 z=0.163
[WARN] [1783985704.066319399] [global_localization]: No odometry yet, skip odom transform in crop
[INFO] [1783985704.070585760] [global_localization]: ICP input: scan=5075 pts, map_FOV=84869 pts
[INFO] [1783985704.188518613] [global_localization]: ICP fitness: coarse=1.000, fine=0.967, threshold=0.9
[INFO] [1783985704.188954401] [global_localization]: map→odom: x=0.356 y=-0.618 z=0.163
[WARN] [1783985704.566311815] [global_localization]: No odometry yet, skip odom transform in crop
[INFO] [1783985704.571037807] [global_localization]: ICP input: scan=5075 pts, map_FOV=84869 pts
[INFO] [1783985704.689549670] [global_localization]: ICP fitness: coarse=1.000, fine=0.967, threshold=0.9
[INFO] [1783985704.690016618] [global_localization]: map→odom: x=0.356 y=-0.618 z=0.163
[WARN] [1783985705.066316714] [global_localization]: No odometry yet, skip odom transform in crop
[INFO] [1783985705.070515286] [global_localization]: ICP input: scan=5075 pts, map_FOV=84869 pts
[INFO] [1783985705.189248638] [global_localization]: ICP fitness: coarse=1.000, fine=0.967, threshold=0.9
[INFO] [1783985705.189678052] [global_localization]: map→odom: x=0.356 y=-0.618 z=0.163
[WARN] [1783985705.566294474] [global_localization]: No odometry yet, skip odom transform in crop
[INFO] [1783985705.571205212] [global_localization]: ICP input: scan=5075 pts, map_FOV=84869 pts
[INFO] [1783985705.692669609] [global_localization]: ICP fitness: coarse=1.000, fine=0.967, threshold=0.9
[INFO] [1783985705.693102369] [global_localization]: map→odom: x=0.356 y=-0.618 z=0.163
[WARN] [1783985706.066276197] [global_localization]: No odometry yet, skip odom transform in crop
[INFO] [1783985706.070496511] [global_localization]: ICP input: scan=5075 pts, map_FOV=84869 pts
[INFO] [1783985706.189999528] [global_localization]: ICP fitness: coarse=1.000, fine=0.967, threshold=0.9
[INFO] [1783985706.190379214] [global_localization]: map→odom: x=0.356 y=-0.618 z=0.163
[WARN] [1783985706.566375968] [global_localization]: No odometry yet, skip odom transform in crop
[INFO] [1783985706.570716140] [global_localization]: ICP input: scan=5075 pts, map_FOV=84869 pts
[INFO] [1783985706.691291595] [global_localization]: ICP fitness: coarse=1.000, fine=0.967, threshold=0.9
[INFO] [1783985706.691708269] [global_localization]: map→odom: x=0.356 y=-0.618 z=0.163
[WARN] [1783985707.066307490] [global_localization]: No odometry yet, skip odom transform in crop
[INFO] [1783985707.071954800] [global_localization]: ICP input: scan=5075 pts, map_FOV=84869 pts
[INFO] [1783985707.195460778] [global_localization]: ICP fitness: coarse=1.000, fine=0.967, threshold=0.9
[INFO] [1783985707.195908523] [global_localization]: map→odom: x=0.356 y=-0.618 z=0.163
[WARN] [1783985707.566398509] [global_localization]: No odometry yet, skip odom transform in crop
[INFO] [1783985707.570395883] [global_localization]: ICP input: scan=5075 pts, map_FOV=84869 pts
[INFO] [1783985707.688513752] [global_localization]: ICP fitness: coarse=1.000, fine=0.967, threshold=0.9
[INFO] [1783985707.688953600] [global_localization]: map→odom: x=0.356 y=-0.618 z=0.163
[WARN] [1783985708.066254437] [global_localization]: No odometry yet, skip odom transform in crop
[INFO] [1783985708.071411118] [global_localization]: ICP input: scan=5075 pts, map_FOV=84869 pts
[INFO] [1783985708.191375899] [global_localization]: ICP fitness: coarse=1.000, fine=0.967, threshold=0.9
[INFO] [1783985708.191789519] [global_localization]: map→odom: x=0.356 y=-0.618 z=0.163
[WARN] [1783985708.566193159] [global_localization]: No odometry yet, skip odom transform in crop
[INFO] [1783985708.570574379] [global_localization]: ICP input: scan=5075 pts, map_FOV=84869 pts
[INFO] [1783985708.695419981] [global_localization]: ICP fitness: coarse=1.000, fine=0.967, threshold=0.9
[INFO] [1783985708.695867667] [global_localization]: map→odom: x=0.356 y=-0.618 z=0.163
[WARN] [1783985709.066352473] [global_localization]: No odometry yet, skip odom transform in crop
[INFO] [1783985709.070483358] [global_localization]: ICP input: scan=5075 pts, map_FOV=84869 pts
[INFO] [1783985709.191640800] [global_localization]: ICP fitness: coarse=1.000, fine=0.967, threshold=0.9
[INFO] [1783985709.192083072] [global_localization]: map→odom: x=0.356 y=-0.618 z=0.163
[WARN] [1783985709.566297974] [global_localization]: No odometry yet, skip odom transform in crop
[INFO] [1783985709.570760093] [global_localization]: ICP input: scan=5075 pts, map_FOV=84869 pts
[INFO] [1783985709.696492504] [global_localization]: ICP fitness: coarse=1.000, fine=0.967, threshold=0.9
[INFO] [1783985709.696929462] [global_localization]: map→odom: x=0.356 y=-0.618 z=0.163
[WARN] [1783985710.066366299] [global_localization]: No odometry yet, skip odom transform in crop
[INFO] [1783985710.071181354] [global_localization]: ICP input: scan=5075 pts, map_FOV=84869 pts
[INFO] [1783985710.191283654] [global_localization]: ICP fitness: coarse=1.000, fine=0.967, threshold=0.9
[INFO] [1783985710.191673481] [global_localization]: map→odom: x=0.356 y=-0.618 z=0.163
[WARN] [1783985710.566262784] [global_localization]: No odometry yet, skip odom transform in crop
[INFO] [1783985710.570627793] [global_localization]: ICP input: scan=5075 pts, map_FOV=84869 pts
[INFO] [1783985710.695790334] [global_localization]: ICP fitness: coarse=1.000, fine=0.967, threshold=0.9
[INFO] [1783985710.696204981] [global_localization]: map→odom: x=0.356 y=-0.618 z=0.163
[WARN] [1783985711.066188315] [global_localization]: No odometry yet, skip odom transform in crop
[INFO] [1783985711.070460458] [global_localization]: ICP input: scan=5075 pts, map_FOV=84869 pts
[INFO] [1783985711.193431801] [global_localization]: ICP fitness: coarse=1.000, fine=0.967, threshold=0.9
[INFO] [1783985711.193867617] [global_localization]: map→odom: x=0.356 y=-0.618 z=0.163
[WARN] [1783985711.566394348] [global_localization]: No odometry yet, skip odom transform in crop
[INFO] [1783985711.570804985] [global_localization]: ICP input: scan=5075 pts, map_FOV=84869 pts
[INFO] [1783985711.690471586] [global_localization]: ICP fitness: coarse=1.000, fine=0.967, threshold=0.9
[INFO] [1783985711.690904300] [global_localization]: map→odom: x=0.356 y=-0.618 z=0.163
[WARN] [1783985712.066185929] [global_localization]: No odometry yet, skip odom transform in crop
[INFO] [1783985712.071917747] [global_localization]: ICP input: scan=5075 pts, map_FOV=84869 pts
[INFO] [1783985712.197546526] [global_localization]: ICP fitness: coarse=1.000, fine=0.967, threshold=0.9
[INFO] [1783985712.198000239] [global_localization]: map→odom: x=0.356 y=-0.618 z=0.163
[WARN] [1783985712.566316257] [global_localization]: No odometry yet, skip odom transform in crop
[INFO] [1783985712.570948589] [global_localization]: ICP input: scan=5075 pts, map_FOV=84869 pts
[INFO] [1783985712.692501590] [global_localization]: ICP fitness: coarse=1.000, fine=0.967, threshold=0.9
[INFO] [1783985712.692961143] [global_localization]: map→odom: x=0.356 y=-0.618 z=0.163
[WARN] [1783985713.066279363] [global_localization]: No odometry yet, skip odom transform in crop
[INFO] [1783985713.070577088] [global_localization]: ICP input: scan=5075 pts, map_FOV=84869 pts
[INFO] [1783985713.184970334] [global_localization]: ICP fitness: coarse=1.000, fine=0.967, threshold=0.9
[INFO] [1783985713.185406295] [global_localization]: map→odom: x=0.356 y=-0.618 z=0.163
[WARN] [1783985713.566300979] [global_localization]: No odometry yet, skip odom transform in crop
[INFO] [1783985713.570410315] [global_localization]: ICP input: scan=5075 pts, map_FOV=84869 pts
[INFO] [1783985713.690259549] [global_localization]: ICP fitness: coarse=1.000, fine=0.967, threshold=0.9
[INFO] [1783985713.690672365] [global_localization]: map→odom: x=0.356 y=-0.618 z=0.163
[WARN] [1783985714.066340447] [global_localization]: No odometry yet, skip odom transform in crop
[INFO] [1783985714.070847516] [global_localization]: ICP input: scan=5075 pts, map_FOV=84869 pts
[INFO] [1783985714.185898317] [global_localization]: ICP fitness: coarse=1.000, fine=0.967, threshold=0.9
[INFO] [1783985714.186351329] [global_localization]: map→odom: x=0.356 y=-0.618 z=0.163
[WARN] [1783985714.566281885] [global_localization]: No odometry yet, skip odom transform in crop
[INFO] [1783985714.572505637] [global_localization]: ICP input: scan=5075 pts, map_FOV=84869 pts
[INFO] [1783985714.691701340] [global_localization]: ICP fitness: coarse=1.000, fine=0.967, threshold=0.9
[INFO] [1783985714.692132709] [global_localization]: map→odom: x=0.356 y=-0.618 z=0.163
[WARN] [1783985715.066407496] [global_localization]: No odometry yet, skip odom transform in crop
[INFO] [1783985715.070907826] [global_localization]: ICP input: scan=5075 pts, map_FOV=84869 pts
[INFO] [1783985715.190181811] [global_localization]: ICP fitness: coarse=1.000, fine=0.967, threshold=0.9
[INFO] [1783985715.190621559] [global_localization]: map→odom: x=0.356 y=-0.618 z=0.163
[WARN] [1783985715.566426880] [global_localization]: No odometry yet, skip odom transform in crop
[INFO] [1783985715.571276615] [global_localization]: ICP input: scan=5075 pts, map_FOV=84869 pts
[INFO] [1783985715.692843912] [global_localization]: ICP fitness: coarse=1.000, fine=0.967, threshold=0.9
[INFO] [1783985715.693271106] [global_localization]: map→odom: x=0.356 y=-0.618 z=0.163
[WARN] [1783985716.066145246] [global_localization]: No odometry yet, skip odom transform in crop
[INFO] [1783985716.070471890] [global_localization]: ICP input: scan=5075 pts, map_FOV=84869 pts
[INFO] [1783985716.188054864] [global_localization]: ICP fitness: coarse=1.000, fine=0.967, threshold=0.9
[INFO] [1783985716.188485803] [global_localization]: map→odom: x=0.356 y=-0.618 z=0.163
[WARN] [1783985716.566304029] [global_localization]: No odometry yet, skip odom transform in crop
[INFO] [1783985716.570497269] [global_localization]: ICP input: scan=5075 pts, map_FOV=84869 pts
[INFO] [1783985716.686873054] [global_localization]: ICP fitness: coarse=1.000, fine=0.967, threshold=0.9
[INFO] [1783985716.687256771] [global_localization]: map→odom: x=0.356 y=-0.618 z=0.163
[WARN] [1783985717.066356615] [global_localization]: No odometry yet, skip odom transform in crop
[INFO] [1783985717.070853213] [global_localization]: ICP input: scan=5075 pts, map_FOV=84869 pts
[INFO] [1783985717.192209821] [global_localization]: ICP fitness: coarse=1.000, fine=0.967, threshold=0.9
[INFO] [1783985717.192648300] [global_localization]: map→odom: x=0.356 y=-0.618 z=0.163
[WARN] [1783985717.566263256] [global_localization]: No odometry yet, skip odom transform in crop
[INFO] [1783985717.571476309] [global_localization]: ICP input: scan=5075 pts, map_FOV=84869 pts
[INFO] [1783985717.689591935] [global_localization]: ICP fitness: coarse=1.000, fine=0.967, threshold=0.9
[INFO] [1783985717.690030239] [global_localization]: map→odom: x=0.356 y=-0.618 z=0.163
[WARN] [1783985718.066263031] [global_localization]: No odometry yet, skip odom transform in crop
[INFO] [1783985718.070877751] [global_localization]: ICP input: scan=5075 pts, map_FOV=84869 pts
[INFO] [1783985718.191922646] [global_localization]: ICP fitness: coarse=1.000, fine=0.967, threshold=0.9
[INFO] [1783985718.192347839] [global_localization]: map→odom: x=0.356 y=-0.618 z=0.163
[WARN] [1783985718.566318110] [global_localization]: No odometry yet, skip odom transform in crop
[INFO] [1783985718.571459937] [global_localization]: ICP input: scan=5075 pts, map_FOV=84869 pts
[INFO] [1783985718.689167659] [global_localization]: ICP fitness: coarse=1.000, fine=0.967, threshold=0.9
[INFO] [1783985718.689598978] [global_localization]: map→odom: x=0.356 y=-0.618 z=0.163
[WARN] [1783985719.066267054] [global_localization]: No odometry yet, skip odom transform in crop
[INFO] [1783985719.070838244] [global_localization]: ICP input: scan=5075 pts, map_FOV=84869 pts
[INFO] [1783985719.189798209] [global_localization]: ICP fitness: coarse=1.000, fine=0.967, threshold=0.9
[INFO] [1783985719.190220732] [global_localization]: map→odom: x=0.356 y=-0.618 z=0.163
[WARN] [1783985719.566253972] [global_localization]: No odometry yet, skip odom transform in crop
[INFO] [1783985719.570738877] [global_localization]: ICP input: scan=5075 pts, map_FOV=84869 pts
[INFO] [1783985719.680964674] [global_localization]: ICP fitness: coarse=1.000, fine=0.967, threshold=0.9
[INFO] [1783985719.681323091] [global_localization]: map→odom: x=0.356 y=-0.618 z=0.163
[WARN] [1783985720.066454358] [global_localization]: No odometry yet, skip odom transform in crop
[INFO] [1783985720.070749263] [global_localization]: ICP input: scan=5075 pts, map_FOV=84869 pts
[INFO] [1783985720.187338456] [global_localization]: ICP fitness: coarse=1.000, fine=0.967, threshold=0.9
[INFO] [1783985720.187773409] [global_localization]: map→odom: x=0.356 y=-0.618 z=0.163
[WARN] [1783985720.566299396] [global_localization]: No odometry yet, skip odom transform in crop
[INFO] [1783985720.570636419] [global_localization]: ICP input: scan=5075 pts, map_FOV=84869 pts
[INFO] [1783985720.684524695] [global_localization]: ICP fitness: coarse=1.000, fine=0.967, threshold=0.9
[INFO] [1783985720.684949903] [global_localization]: map→odom: x=0.356 y=-0.618 z=0.163
[WARN] [1783985721.066360002] [global_localization]: No odometry yet, skip odom transform in crop
[INFO] [1783985721.070913852] [global_localization]: ICP input: scan=5075 pts, map_FOV=84869 pts
[INFO] [1783985721.190650202] [global_localization]: ICP fitness: coarse=1.000, fine=0.967, threshold=0.9
[INFO] [1783985721.191071782] [global_localization]: map→odom: x=0.356 y=-0.618 z=0.163
[WARN] [1783985721.566278907] [global_localization]: No odometry yet, skip odom transform in crop
[INFO] [1783985721.570606843] [global_localization]: ICP input: scan=5075 pts, map_FOV=84869 pts
[INFO] [1783985721.696886096] [global_localization]: ICP fitness: coarse=1.000, fine=0.967, threshold=0.9
[INFO] [1783985721.697300162] [global_localization]: map→odom: x=0.356 y=-0.618 z=0.163
[WARN] [1783985722.066280610] [global_localization]: No odometry yet, skip odom transform in crop
[INFO] [1783985722.071057037] [global_localization]: ICP input: scan=5075 pts, map_FOV=84869 pts
[INFO] [1783985722.189998243] [global_localization]: ICP fitness: coarse=1.000, fine=0.967, threshold=0.9
[INFO] [1783985722.190375401] [global_localization]: map→odom: x=0.356 y=-0.618 z=0.163
[WARN] [1783985722.566302265] [global_localization]: No odometry yet, skip odom transform in crop
[INFO] [1783985722.570586349] [global_localization]: ICP input: scan=5075 pts, map_FOV=84869 pts
[INFO] [1783985722.684876567] [global_localization]: ICP fitness: coarse=1.000, fine=0.967, threshold=0.9
[INFO] [1783985722.685286298] [global_localization]: map→odom: x=0.356 y=-0.618 z=0.163
[WARN] [1783985723.066386771] [global_localization]: No odometry yet, skip odom transform in crop
[INFO] [1783985723.070760307] [global_localization]: ICP input: scan=5075 pts, map_FOV=84869 pts
[INFO] [1783985723.189535055] [global_localization]: ICP fitness: coarse=1.000, fine=0.967, threshold=0.9
[INFO] [1783985723.189949893] [global_localization]: map→odom: x=0.356 y=-0.618 z=0.163
[WARN] [1783985723.566300302] [global_localization]: No odometry yet, skip odom transform in crop
[INFO] [1783985723.570764351] [global_localization]: ICP input: scan=5075 pts, map_FOV=84869 pts
[INFO] [1783985723.690349739] [global_localization]: ICP fitness: coarse=1.000, fine=0.967, threshold=0.9
[INFO] [1783985723.690719135] [global_localization]: map→odom: x=0.356 y=-0.618 z=0.163
[WARN] [1783985724.066223703] [global_localization]: No odometry yet, skip odom transform in crop
[INFO] [1783985724.071911600] [global_localization]: ICP input: scan=5075 pts, map_FOV=84869 pts
[INFO] [1783985724.190012975] [global_localization]: ICP fitness: coarse=1.000, fine=0.967, threshold=0.9
[INFO] [1783985724.190425121] [global_localization]: map→odom: x=0.356 y=-0.618 z=0.163
[WARN] [1783985724.566355021] [global_localization]: No odometry yet, skip odom transform in crop
[INFO] [1783985724.570493951] [global_localization]: ICP input: scan=5075 pts, map_FOV=84869 pts
[INFO] [1783985724.688081270] [global_localization]: ICP fitness: coarse=1.000, fine=0.967, threshold=0.9
[INFO] [1783985724.688457500] [global_localization]: map→odom: x=0.356 y=-0.618 z=0.163
[WARN] [1783985725.066307524] [global_localization]: No odometry yet, skip odom transform in crop
[INFO] [1783985725.070488596] [global_localization]: ICP input: scan=5075 pts, map_FOV=84869 pts
[INFO] [1783985725.190009848] [global_localization]: ICP fitness: coarse=1.000, fine=0.967, threshold=0.9
[INFO] [1783985725.190419472] [global_localization]: map→odom: x=0.356 y=-0.618 z=0.163
[WARN] [1783985725.566285842] [global_localization]: No odometry yet, skip odom transform in crop
[INFO] [1783985725.570486427] [global_localization]: ICP input: scan=5075 pts, map_FOV=84869 pts
[INFO] [1783985725.690247948] [global_localization]: ICP fitness: coarse=1.000, fine=0.967, threshold=0.9
[INFO] [1783985725.690658439] [global_localization]: map→odom: x=0.356 y=-0.618 z=0.163
[WARN] [1783985726.066271161] [global_localization]: No odometry yet, skip odom transform in crop
[INFO] [1783985726.070448034] [global_localization]: ICP input: scan=5075 pts, map_FOV=84869 pts
[INFO] [1783985726.190052547] [global_localization]: ICP fitness: coarse=1.000, fine=0.967, threshold=0.9
[INFO] [1783985726.190469463] [global_localization]: map→odom: x=0.356 y=-0.618 z=0.163
[WARN] [1783985726.566270655] [global_localization]: No odometry yet, skip odom transform in crop
[INFO] [1783985726.571210783] [global_localization]: ICP input: scan=5075 pts, map_FOV=84869 pts
[INFO] [1783985726.686492565] [global_localization]: ICP fitness: coarse=1.000, fine=0.967, threshold=0.9
[INFO] [1783985726.686913773] [global_localization]: map→odom: x=0.356 y=-0.618 z=0.163
[WARN] [1783985727.066294697] [global_localization]: No odometry yet, skip odom transform in crop
[INFO] [1783985727.072517605] [global_localization]: ICP input: scan=5075 pts, map_FOV=84869 pts
[INFO] [1783985727.188041091] [global_localization]: ICP fitness: coarse=1.000, fine=0.967, threshold=0.9
[INFO] [1783985727.188462003] [global_localization]: map→odom: x=0.356 y=-0.618 z=0.163
[WARN] [1783985727.566400783] [global_localization]: No odometry yet, skip odom transform in crop
[INFO] [1783985727.570609603] [global_localization]: ICP input: scan=5075 pts, map_FOV=84869 pts
[INFO] [1783985727.691457302] [global_localization]: ICP fitness: coarse=1.000, fine=0.967, threshold=0.9
[INFO] [1783985727.691884835] [global_localization]: map→odom: x=0.356 y=-0.618 z=0.163
[WARN] [1783985728.066194969] [global_localization]: No odometry yet, skip odom transform in crop
[INFO] [1783985728.070709873] [global_localization]: ICP input: scan=5075 pts, map_FOV=84869 pts
[INFO] [1783985728.196243765] [global_localization]: ICP fitness: coarse=1.000, fine=0.967, threshold=0.9
[INFO] [1783985728.196660617] [global_localization]: map→odom: x=0.356 y=-0.618 z=0.163
[WARN] [1783985728.566298879] [global_localization]: No odometry yet, skip odom transform in crop
[INFO] [1783985728.570357254] [global_localization]: ICP input: scan=5075 pts, map_FOV=84869 pts
[INFO] [1783985728.688726884] [global_localization]: ICP fitness: coarse=1.000, fine=0.967, threshold=0.9
[INFO] [1783985728.689105395] [global_localization]: map→odom: x=0.356 y=-0.618 z=0.163
[WARN] [1783985729.066422144] [global_localization]: No odometry yet, skip odom transform in crop
[INFO] [1783985729.070643673] [global_localization]: ICP input: scan=5075 pts, map_FOV=84869 pts
[INFO] [1783985729.194125773] [global_localization]: ICP fitness: coarse=1.000, fine=0.967, threshold=0.9
[INFO] [1783985729.194536827] [global_localization]: map→odom: x=0.356 y=-0.618 z=0.163
[WARN] [1783985729.566326065] [global_localization]: No odometry yet, skip odom transform in crop
[INFO] [1783985729.570946632] [global_localization]: ICP input: scan=5075 pts, map_FOV=84869 pts
[INFO] [1783985729.687928463] [global_localization]: ICP fitness: coarse=1.000, fine=0.967, threshold=0.9
[INFO] [1783985729.688348885] [global_localization]: map→odom: x=0.356 y=-0.618 z=0.163
[WARN] [1783985730.066290562] [global_localization]: No odometry yet, skip odom transform in crop
[INFO] [1783985730.070629124] [global_localization]: ICP input: scan=5075 pts, map_FOV=84869 pts
[INFO] [1783985730.186774368] [global_localization]: ICP fitness: coarse=1.000, fine=0.967, threshold=0.9
[INFO] [1783985730.187167890] [global_localization]: map→odom: x=0.356 y=-0.618 z=0.163
[WARN] [1783985730.566228760] [global_localization]: No odometry yet, skip odom transform in crop
[INFO] [1783985730.571246616] [global_localization]: ICP input: scan=5075 pts, map_FOV=84869 pts
[INFO] [1783985730.689961987] [global_localization]: ICP fitness: coarse=1.000, fine=0.967, threshold=0.9
[INFO] [1783985730.690375295] [global_localization]: map→odom: x=0.356 y=-0.618 z=0.163
[WARN] [1783985731.066297940] [global_localization]: No odometry yet, skip odom transform in crop
[INFO] [1783985731.070888240] [global_localization]: ICP input: scan=5075 pts, map_FOV=84869 pts
[INFO] [1783985731.191025888] [global_localization]: ICP fitness: coarse=1.000, fine=0.967, threshold=0.9
[INFO] [1783985731.191447657] [global_localization]: map→odom: x=0.356 y=-0.618 z=0.163
[WARN] [1783985731.566266705] [global_localization]: No odometry yet, skip odom transform in crop
[INFO] [1783985731.570437841] [global_localization]: ICP input: scan=5075 pts, map_FOV=84869 pts
[INFO] [1783985731.689488919] [global_localization]: ICP fitness: coarse=1.000, fine=0.967, threshold=0.9
[INFO] [1783985731.689908859] [global_localization]: map→odom: x=0.356 y=-0.618 z=0.163
[WARN] [1783985732.066302454] [global_localization]: No odometry yet, skip odom transform in crop
[INFO] [1783985732.070781813] [global_localization]: ICP input: scan=5075 pts, map_FOV=84869 pts
[INFO] [1783985732.186106191] [global_localization]: ICP fitness: coarse=1.000, fine=0.967, threshold=0.9
[INFO] [1783985732.186482600] [global_localization]: map→odom: x=0.356 y=-0.618 z=0.163
[WARN] [1783985732.566255894] [global_localization]: No odometry yet, skip odom transform in crop
[INFO] [1783985732.570787381] [global_localization]: ICP input: scan=5075 pts, map_FOV=84869 pts
[INFO] [1783985732.689957967] [global_localization]: ICP fitness: coarse=1.000, fine=0.967, threshold=0.9
[INFO] [1783985732.690369073] [global_localization]: map→odom: x=0.356 y=-0.618 z=0.163
[WARN] [1783985733.066419084] [global_localization]: No odometry yet, skip odom transform in crop
[INFO] [1783985733.070405746] [global_localization]: ICP input: scan=5075 pts, map_FOV=84869 pts
[INFO] [1783985733.182272228] [global_localization]: ICP fitness: coarse=1.000, fine=0.967, threshold=0.9
[INFO] [1783985733.182655045] [global_localization]: map→odom: x=0.356 y=-0.618 z=0.163
[WARN] [1783985733.566319382] [global_localization]: No odometry yet, skip odom transform in crop
[INFO] [1783985733.571338332] [global_localization]: ICP input: scan=5075 pts, map_FOV=84869 pts
[INFO] [1783985733.690298640] [global_localization]: ICP fitness: coarse=1.000, fine=0.967, threshold=0.9
[INFO] [1783985733.690717070] [global_localization]: map→odom: x=0.356 y=-0.618 z=0.163
[WARN] [1783985734.066155073] [global_localization]: No odometry yet, skip odom transform in crop
[INFO] [1783985734.070744149] [global_localization]: ICP input: scan=5075 pts, map_FOV=84869 pts
[INFO] [1783985734.188977452] [global_localization]: ICP fitness: coarse=1.000, fine=0.967, threshold=0.9
[INFO] [1783985734.189449124] [global_localization]: map→odom: x=0.356 y=-0.618 z=0.163
[WARN] [1783985734.566296090] [global_localization]: No odometry yet, skip odom transform in crop
[INFO] [1783985734.571155085] [global_localization]: ICP input: scan=5075 pts, map_FOV=84869 pts
[INFO] [1783985734.687977766] [global_localization]: ICP fitness: coarse=1.000, fine=0.967, threshold=0.9
[INFO] [1783985734.688334573] [global_localization]: map→odom: x=0.356 y=-0.618 z=0.163
[WARN] [1783985735.066332305] [global_localization]: No odometry yet, skip odom transform in crop
[INFO] [1783985735.070685467] [global_localization]: ICP input: scan=5075 pts, map_FOV=84869 pts
[INFO] [1783985735.188291898] [global_localization]: ICP fitness: coarse=1.000, fine=0.967, threshold=0.9
[INFO] [1783985735.188702328] [global_localization]: map→odom: x=0.356 y=-0.618 z=0.163
[WARN] [1783985735.566193014] [global_localization]: No odometry yet, skip odom transform in crop
[INFO] [1783985735.570637842] [global_localization]: ICP input: scan=5075 pts, map_FOV=84869 pts
[INFO] [1783985735.686264056] [global_localization]: ICP fitness: coarse=1.000, fine=0.967, threshold=0.9
[INFO] [1783985735.686715631] [global_localization]: map→odom: x=0.356 y=-0.618 z=0.163
[WARN] [1783985736.066211934] [global_localization]: No odometry yet, skip odom transform in crop
[INFO] [1783985736.070170430] [global_localization]: ICP input: scan=5075 pts, map_FOV=84869 pts
[INFO] [1783985736.190698162] [global_localization]: ICP fitness: coarse=1.000, fine=0.967, threshold=0.9
[INFO] [1783985736.191110390] [global_localization]: map→odom: x=0.356 y=-0.618 z=0.163
[WARN] [1783985736.566257252] [global_localization]: No odometry yet, skip odom transform in crop
[INFO] [1783985736.570585573] [global_localization]: ICP input: scan=5075 pts, map_FOV=84869 pts
[INFO] [1783985736.687356998] [global_localization]: ICP fitness: coarse=1.000, fine=0.967, threshold=0.9
[INFO] [1783985736.687797997] [global_localization]: map→odom: x=0.356 y=-0.618 z=0.163
[WARN] [1783985737.066231885] [global_localization]: No odometry yet, skip odom transform in crop
[INFO] [1783985737.070455046] [global_localization]: ICP input: scan=5075 pts, map_FOV=84869 pts
[INFO] [1783985737.187334398] [global_localization]: ICP fitness: coarse=1.000, fine=0.967, threshold=0.9
[INFO] [1783985737.187752470] [global_localization]: map→odom: x=0.356 y=-0.618 z=0.163
[WARN] [1783985737.566224400] [global_localization]: No odometry yet, skip odom transform in crop
[INFO] [1783985737.571642809] [global_localization]: ICP input: scan=5075 pts, map_FOV=84869 pts
[INFO] [1783985737.689559292] [global_localization]: ICP fitness: coarse=1.000, fine=0.967, threshold=0.9
[INFO] [1783985737.689980136] [global_localization]: map→odom: x=0.356 y=-0.618 z=0.163
[WARN] [1783985738.066385017] [global_localization]: No odometry yet, skip odom transform in crop
[INFO] [1783985738.071260320] [global_localization]: ICP input: scan=5075 pts, map_FOV=84869 pts
[INFO] [1783985738.185962421] [global_localization]: ICP fitness: coarse=1.000, fine=0.967, threshold=0.9
[INFO] [1783985738.186351991] [global_localization]: map→odom: x=0.356 y=-0.618 z=0.163
[WARN] [1783985738.566288835] [global_localization]: No odometry yet, skip odom transform in crop
[INFO] [1783985738.570701114] [global_localization]: ICP input: scan=5075 pts, map_FOV=84869 pts
[INFO] [1783985738.689137321] [global_localization]: ICP fitness: coarse=1.000, fine=0.967, threshold=0.9
[INFO] [1783985738.689550156] [global_localization]: map→odom: x=0.356 y=-0.618 z=0.163
[WARN] [1783985739.066296358] [global_localization]: No odometry yet, skip odom transform in crop
[INFO] [1783985739.070215335] [global_localization]: ICP input: scan=5075 pts, map_FOV=84869 pts
[INFO] [1783985739.190583638] [global_localization]: ICP fitness: coarse=1.000, fine=0.967, threshold=0.9
[INFO] [1783985739.190968692] [global_localization]: map→odom: x=0.356 y=-0.618 z=0.163
[WARN] [1783985739.566228908] [global_localization]: No odometry yet, skip odom transform in crop
[INFO] [1783985739.569715173] [global_localization]: ICP input: scan=5075 pts, map_FOV=84869 pts
[INFO] [1783985739.686104124] [global_localization]: ICP fitness: coarse=1.000, fine=0.967, threshold=0.9
[INFO] [1783985739.686501799] [global_localization]: map→odom: x=0.356 y=-0.618 z=0.163
[WARN] [1783985740.066265554] [global_localization]: No odometry yet, skip odom transform in crop
[INFO] [1783985740.070355696] [global_localization]: ICP input: scan=5075 pts, map_FOV=84869 pts
[INFO] [1783985740.188155264] [global_localization]: ICP fitness: coarse=1.000, fine=0.967, threshold=0.9
[INFO] [1783985740.188547904] [global_localization]: map→odom: x=0.356 y=-0.618 z=0.163
[WARN] [1783985740.566482305] [global_localization]: No odometry yet, skip odom transform in crop
[INFO] [1783985740.571142090] [global_localization]: ICP input: scan=5075 pts, map_FOV=84869 pts
[INFO] [1783985740.699472833] [global_localization]: ICP fitness: coarse=1.000, fine=0.967, threshold=0.9
[INFO] [1783985740.699885080] [global_localization]: map→odom: x=0.356 y=-0.618 z=0.163
[WARN] [1783985741.066375462] [global_localization]: No odometry yet, skip odom transform in crop
[INFO] [1783985741.070462052] [global_localization]: ICP input: scan=5075 pts, map_FOV=84869 pts
[INFO] [1783985741.183005475] [global_localization]: ICP fitness: coarse=1.000, fine=0.967, threshold=0.9
[INFO] [1783985741.183425070] [global_localization]: map→odom: x=0.356 y=-0.618 z=0.163
[WARN] [1783985741.566264785] [global_localization]: No odometry yet, skip odom transform in crop
[INFO] [1783985741.570940808] [global_localization]: ICP input: scan=5075 pts, map_FOV=84869 pts
[INFO] [1783985741.691020049] [global_localization]: ICP fitness: coarse=1.000, fine=0.967, threshold=0.9
[INFO] [1783985741.691417614] [global_localization]: map→odom: x=0.356 y=-0.618 z=0.163
[WARN] [1783985742.066303626] [global_localization]: No odometry yet, skip odom transform in crop
[INFO] [1783985742.070543444] [global_localization]: ICP input: scan=5075 pts, map_FOV=84869 pts
[INFO] [1783985742.188507168] [global_localization]: ICP fitness: coarse=1.000, fine=0.967, threshold=0.9
[INFO] [1783985742.188872252] [global_localization]: map→odom: x=0.356 y=-0.618 z=0.163
[WARN] [1783985742.566417922] [global_localization]: No odometry yet, skip odom transform in crop
[INFO] [1783985742.570438998] [global_localization]: ICP input: scan=5075 pts, map_FOV=84869 pts
[INFO] [1783985742.691232357] [global_localization]: ICP fitness: coarse=1.000, fine=0.967, threshold=0.9
[INFO] [1783985742.691643491] [global_localization]: map→odom: x=0.356 y=-0.618 z=0.163
[WARN] [1783985743.066305894] [global_localization]: No odometry yet, skip odom transform in crop
[INFO] [1783985743.070798241] [global_localization]: ICP input: scan=5075 pts, map_FOV=84869 pts
[INFO] [1783985743.190838872] [global_localization]: ICP fitness: coarse=1.000, fine=0.967, threshold=0.9
[INFO] [1783985743.191220875] [global_localization]: map→odom: x=0.356 y=-0.618 z=0.163
[WARN] [1783985743.566313565] [global_localization]: No odometry yet, skip odom transform in crop
[INFO] [1783985743.570640538] [global_localization]: ICP input: scan=5075 pts, map_FOV=84869 pts
[INFO] [1783985743.689443209] [global_localization]: ICP fitness: coarse=1.000, fine=0.967, threshold=0.9
[INFO] [1783985743.689850703] [global_localization]: map→odom: x=0.356 y=-0.618 z=0.163
[WARN] [1783985744.066278849] [global_localization]: No odometry yet, skip odom transform in crop
[INFO] [1783985744.070294093] [global_localization]: ICP input: scan=5075 pts, map_FOV=84869 pts
[INFO] [1783985744.185851829] [global_localization]: ICP fitness: coarse=1.000, fine=0.967, threshold=0.9
[INFO] [1783985744.186256843] [global_localization]: map→odom: x=0.356 y=-0.618 z=0.163
[WARN] [1783985744.566328688] [global_localization]: No odometry yet, skip odom transform in crop
[INFO] [1783985744.571138211] [global_localization]: ICP input: scan=5075 pts, map_FOV=84869 pts
[INFO] [1783985744.687847632] [global_localization]: ICP fitness: coarse=1.000, fine=0.967, threshold=0.9
[INFO] [1783985744.688210430] [global_localization]: map→odom: x=0.356 y=-0.618 z=0.163
[WARN] [1783985745.066290872] [global_localization]: No odometry yet, skip odom transform in crop
[INFO] [1783985745.070691318] [global_localization]: ICP input: scan=5075 pts, map_FOV=84869 pts
[INFO] [1783985745.187245216] [global_localization]: ICP fitness: coarse=1.000, fine=0.967, threshold=0.9
[INFO] [1783985745.187627814] [global_localization]: map→odom: x=0.356 y=-0.618 z=0.163
[WARN] [1783985745.566233781] [global_localization]: No odometry yet, skip odom transform in crop
[INFO] [1783985745.570317928] [global_localization]: ICP input: scan=5075 pts, map_FOV=84869 pts
[INFO] [1783985745.684598933] [global_localization]: ICP fitness: coarse=1.000, fine=0.967, threshold=0.9
[INFO] [1783985745.685009807] [global_localization]: map→odom: x=0.356 y=-0.618 z=0.163
[WARN] [1783985746.066276876] [global_localization]: No odometry yet, skip odom transform in crop
[INFO] [1783985746.072774183] [global_localization]: ICP input: scan=5075 pts, map_FOV=84869 pts
[INFO] [1783985746.186349370] [global_localization]: ICP fitness: coarse=1.000, fine=0.967, threshold=0.9
[INFO] [1783985746.186758536] [global_localization]: map→odom: x=0.356 y=-0.618 z=0.163
[WARN] [1783985746.566332660] [global_localization]: No odometry yet, skip odom transform in crop
[INFO] [1783985746.570517833] [global_localization]: ICP input: scan=5075 pts, map_FOV=84869 pts
[INFO] [1783985746.687175297] [global_localization]: ICP fitness: coarse=1.000, fine=0.967, threshold=0.9
[INFO] [1783985746.687571637] [global_localization]: map→odom: x=0.356 y=-0.618 z=0.163
[WARN] [1783985747.066219682] [global_localization]: No odometry yet, skip odom transform in crop
[INFO] [1783985747.070495221] [global_localization]: ICP input: scan=5075 pts, map_FOV=84869 pts
[INFO] [1783985747.184006583] [global_localization]: ICP fitness: coarse=1.000, fine=0.967, threshold=0.9
[INFO] [1783985747.184412990] [global_localization]: map→odom: x=0.356 y=-0.618 z=0.163
[WARN] [1783985747.566350348] [global_localization]: No odometry yet, skip odom transform in crop
[INFO] [1783985747.570914420] [global_localization]: ICP input: scan=5075 pts, map_FOV=84869 pts
[INFO] [1783985747.685171579] [global_localization]: ICP fitness: coarse=1.000, fine=0.967, threshold=0.9
[INFO] [1783985747.685596746] [global_localization]: map→odom: x=0.356 y=-0.618 z=0.163
[WARN] [1783985748.066279262] [global_localization]: No odometry yet, skip odom transform in crop
[INFO] [1783985748.071156269] [global_localization]: ICP input: scan=5075 pts, map_FOV=84869 pts
[INFO] [1783985748.186944656] [global_localization]: ICP fitness: coarse=1.000, fine=0.967, threshold=0.9
[INFO] [1783985748.187346460] [global_localization]: map→odom: x=0.356 y=-0.618 z=0.163
[WARN] [1783985748.566273059] [global_localization]: No odometry yet, skip odom transform in crop
[INFO] [1783985748.570174366] [global_localization]: ICP input: scan=5075 pts, map_FOV=84869 pts
[INFO] [1783985748.698917061] [global_localization]: ICP fitness: coarse=1.000, fine=0.967, threshold=0.9
[INFO] [1783985748.699345143] [global_localization]: map→odom: x=0.356 y=-0.618 z=0.163
[WARN] [1783985749.066315552] [global_localization]: No odometry yet, skip odom transform in crop
[INFO] [1783985749.070574916] [global_localization]: ICP input: scan=5075 pts, map_FOV=84869 pts
[INFO] [1783985749.188047221] [global_localization]: ICP fitness: coarse=1.000, fine=0.967, threshold=0.9
[INFO] [1783985749.188417644] [global_localization]: map→odom: x=0.356 y=-0.618 z=0.163
[WARN] [1783985749.566310169] [global_localization]: No odometry yet, skip odom transform in crop
[INFO] [1783985749.570061382] [global_localization]: ICP input: scan=5075 pts, map_FOV=84869 pts
[INFO] [1783985749.685946300] [global_localization]: ICP fitness: coarse=1.000, fine=0.967, threshold=0.9
[INFO] [1783985749.686333355] [global_localization]: map→odom: x=0.356 y=-0.618 z=0.163
[WARN] [1783985750.066316921] [global_localization]: No odometry yet, skip odom transform in crop
[INFO] [1783985750.070867851] [global_localization]: ICP input: scan=5075 pts, map_FOV=84869 pts
[INFO] [1783985750.189207903] [global_localization]: ICP fitness: coarse=1.000, fine=0.967, threshold=0.9
[INFO] [1783985750.189599576] [global_localization]: map→odom: x=0.356 y=-0.618 z=0.163
[WARN] [1783985750.566298549] [global_localization]: No odometry yet, skip odom transform in crop
[INFO] [1783985750.572716779] [global_localization]: ICP input: scan=5075 pts, map_FOV=84869 pts
[INFO] [1783985750.685277926] [global_localization]: ICP fitness: coarse=1.000, fine=0.967, threshold=0.9
[INFO] [1783985750.685683869] [global_localization]: map→odom: x=0.356 y=-0.618 z=0.163
[WARN] [1783985751.066456670] [global_localization]: No odometry yet, skip odom transform in crop
[INFO] [1783985751.070936202] [global_localization]: ICP input: scan=5075 pts, map_FOV=84869 pts
[INFO] [1783985751.192214342] [global_localization]: ICP fitness: coarse=1.000, fine=0.967, threshold=0.9
[INFO] [1783985751.192618830] [global_localization]: map→odom: x=0.356 y=-0.618 z=0.163
[WARN] [1783985751.566226124] [global_localization]: No odometry yet, skip odom transform in crop
[INFO] [1783985751.570450260] [global_localization]: ICP input: scan=5075 pts, map_FOV=84869 pts
[INFO] [1783985751.688951652] [global_localization]: ICP fitness: coarse=1.000, fine=0.967, threshold=0.9
[INFO] [1783985751.689307602] [global_localization]: map→odom: x=0.356 y=-0.618 z=0.163
[WARN] [1783985752.066324109] [global_localization]: No odometry yet, skip odom transform in crop
[INFO] [1783985752.071573140] [global_localization]: ICP input: scan=5075 pts, map_FOV=84869 pts
[INFO] [1783985752.187433889] [global_localization]: ICP fitness: coarse=1.000, fine=0.967, threshold=0.9
[INFO] [1783985752.187846006] [global_localization]: map→odom: x=0.356 y=-0.618 z=0.163
[WARN] [1783985752.566281474] [global_localization]: No odometry yet, skip odom transform in crop
[INFO] [1783985752.571287813] [global_localization]: ICP input: scan=5075 pts, map_FOV=84869 pts
[INFO] [1783985752.681839963] [global_localization]: ICP fitness: coarse=1.000, fine=0.967, threshold=0.9
[INFO] [1783985752.682228234] [global_localization]: map→odom: x=0.356 y=-0.618 z=0.163
[WARN] [1783985753.066250739] [global_localization]: No odometry yet, skip odom transform in crop
[INFO] [1783985753.071211620] [global_localization]: ICP input: scan=5075 pts, map_FOV=84869 pts
[INFO] [1783985753.190341958] [global_localization]: ICP fitness: coarse=1.000, fine=0.967, threshold=0.9
[INFO] [1783985753.190749391] [global_localization]: map→odom: x=0.356 y=-0.618 z=0.163
[WARN] [1783985753.566380202] [global_localization]: No odometry yet, skip odom transform in crop
[INFO] [1783985753.571097682] [global_localization]: ICP input: scan=5075 pts, map_FOV=84869 pts
[INFO] [1783985753.693505212] [global_localization]: ICP fitness: coarse=1.000, fine=0.967, threshold=0.9
[INFO] [1783985753.693905748] [global_localization]: map→odom: x=0.356 y=-0.618 z=0.163
[WARN] [1783985754.066316606] [global_localization]: No odometry yet, skip odom transform in crop
[INFO] [1783985754.070749575] [global_localization]: ICP input: scan=5075 pts, map_FOV=84869 pts
[INFO] [1783985754.186911294] [global_localization]: ICP fitness: coarse=1.000, fine=0.967, threshold=0.9
[INFO] [1783985754.187316068] [global_localization]: map→odom: x=0.356 y=-0.618 z=0.163
[WARN] [1783985754.566220748] [global_localization]: No odometry yet, skip odom transform in crop
[INFO] [1783985754.570719630] [global_localization]: ICP input: scan=5075 pts, map_FOV=84869 pts
[INFO] [1783985754.686107351] [global_localization]: ICP fitness: coarse=1.000, fine=0.967, threshold=0.9
[INFO] [1783985754.686454402] [global_localization]: map→odom: x=0.356 y=-0.618 z=0.163
[WARN] [1783985755.066228701] [global_localization]: No odometry yet, skip odom transform in crop
[INFO] [1783985755.070582015] [global_localization]: ICP input: scan=5075 pts, map_FOV=84869 pts
[INFO] [1783985755.193254200] [global_localization]: ICP fitness: coarse=1.000, fine=0.967, threshold=0.9
[INFO] [1783985755.193650862] [global_localization]: map→odom: x=0.356 y=-0.618 z=0.163
[WARN] [1783985755.566262164] [global_localization]: No odometry yet, skip odom transform in crop
[INFO] [1783985755.570287511] [global_localization]: ICP input: scan=5075 pts, map_FOV=84869 pts
[INFO] [1783985755.691424795] [global_localization]: ICP fitness: coarse=1.000, fine=0.967, threshold=0.9
[INFO] [1783985755.691832374] [global_localization]: map→odom: x=0.356 y=-0.618 z=0.163
[WARN] [1783985756.066256593] [global_localization]: No odometry yet, skip odom transform in crop
[INFO] [1783985756.070586813] [global_localization]: ICP input: scan=5075 pts, map_FOV=84869 pts
[INFO] [1783985756.187508623] [global_localization]: ICP fitness: coarse=1.000, fine=0.967, threshold=0.9
[INFO] [1783985756.187923924] [global_localization]: map→odom: x=0.356 y=-0.618 z=0.163
[WARN] [1783985756.566333475] [global_localization]: No odometry yet, skip odom transform in crop
[INFO] [1783985756.571064043] [global_localization]: ICP input: scan=5075 pts, map_FOV=84869 pts
[INFO] [1783985756.686662692] [global_localization]: ICP fitness: coarse=1.000, fine=0.967, threshold=0.9
[INFO] [1783985756.687071273] [global_localization]: map→odom: x=0.356 y=-0.618 z=0.163
[WARN] [1783985757.066365552] [global_localization]: No odometry yet, skip odom transform in crop
[INFO] [1783985757.070613096] [global_localization]: ICP input: scan=5075 pts, map_FOV=84869 pts
[INFO] [1783985757.184563451] [global_localization]: ICP fitness: coarse=1.000, fine=0.967, threshold=0.9
[INFO] [1783985757.184984622] [global_localization]: map→odom: x=0.356 y=-0.618 z=0.163
[WARN] [1783985757.566298346] [global_localization]: No odometry yet, skip odom transform in crop
[INFO] [1783985757.570574304] [global_localization]: ICP input: scan=5075 pts, map_FOV=84869 pts
[INFO] [1783985757.684908576] [global_localization]: ICP fitness: coarse=1.000, fine=0.967, threshold=0.9
[INFO] [1783985757.685288632] [global_localization]: map→odom: x=0.356 y=-0.618 z=0.163
[WARN] [1783985758.066317151] [global_localization]: No odometry yet, skip odom transform in crop
[INFO] [1783985758.070646654] [global_localization]: ICP input: scan=5075 pts, map_FOV=84869 pts
[INFO] [1783985758.190033552] [global_localization]: ICP fitness: coarse=1.000, fine=0.967, threshold=0.9
[INFO] [1783985758.190384762] [global_localization]: map→odom: x=0.356 y=-0.618 z=0.163
[WARN] [1783985758.566182438] [global_localization]: No odometry yet, skip odom transform in crop
[INFO] [1783985758.570378875] [global_localization]: ICP input: scan=5075 pts, map_FOV=84869 pts
[INFO] [1783985758.692297773] [global_localization]: ICP fitness: coarse=1.000, fine=0.967, threshold=0.9
[INFO] [1783985758.692702074] [global_localization]: map→odom: x=0.356 y=-0.618 z=0.163
[WARN] [1783985759.066419216] [global_localization]: No odometry yet, skip odom transform in crop
[INFO] [1783985759.071316668] [global_localization]: ICP input: scan=5075 pts, map_FOV=84869 pts
[INFO] [1783985759.190022562] [global_localization]: ICP fitness: coarse=1.000, fine=0.967, threshold=0.9
[INFO] [1783985759.190441256] [global_localization]: map→odom: x=0.356 y=-0.618 z=0.163
[WARN] [1783985759.566282932] [global_localization]: No odometry yet, skip odom transform in crop
[INFO] [1783985759.572799227] [global_localization]: ICP input: scan=5075 pts, map_FOV=84869 pts
[INFO] [1783985759.702179272] [global_localization]: ICP fitness: coarse=1.000, fine=0.967, threshold=0.9
[INFO] [1783985759.702593904] [global_localization]: map→odom: x=0.356 y=-0.618 z=0.163
[WARN] [1783985760.066205390] [global_localization]: No odometry yet, skip odom transform in crop
[INFO] [1783985760.070648088] [global_localization]: ICP input: scan=5075 pts, map_FOV=84869 pts
[INFO] [1783985760.191047105] [global_localization]: ICP fitness: coarse=1.000, fine=0.967, threshold=0.9
[INFO] [1783985760.191454132] [global_localization]: map→odom: x=0.356 y=-0.618 z=0.163
[WARN] [1783985760.566236637] [global_localization]: No odometry yet, skip odom transform in crop
[INFO] [1783985760.570595189] [global_localization]: ICP input: scan=5075 pts, map_FOV=84869 pts
[INFO] [1783985760.685520936] [global_localization]: ICP fitness: coarse=1.000, fine=0.967, threshold=0.9
[INFO] [1783985760.685917764] [global_localization]: map→odom: x=0.356 y=-0.618 z=0.163
[WARN] [1783985761.066299344] [global_localization]: No odometry yet, skip odom transform in crop
[INFO] [1783985761.070876721] [global_localization]: ICP input: scan=5075 pts, map_FOV=84869 pts
[INFO] [1783985761.192101978] [global_localization]: ICP fitness: coarse=1.000, fine=0.967, threshold=0.9
[INFO] [1783985761.192508115] [global_localization]: map→odom: x=0.356 y=-0.618 z=0.163
[WARN] [1783985761.566252310] [global_localization]: No odometry yet, skip odom transform in crop
[INFO] [1783985761.570362422] [global_localization]: ICP input: scan=5075 pts, map_FOV=84869 pts
[INFO] [1783985761.681262899] [global_localization]: ICP fitness: coarse=1.000, fine=0.967, threshold=0.9
[INFO] [1783985761.681641461] [global_localization]: map→odom: x=0.356 y=-0.618 z=0.163
[WARN] [1783985762.066273623] [global_localization]: No odometry yet, skip odom transform in crop
[INFO] [1783985762.070171945] [global_localization]: ICP input: scan=5075 pts, map_FOV=84869 pts
[INFO] [1783985762.183050269] [global_localization]: ICP fitness: coarse=1.000, fine=0.967, threshold=0.9
[INFO] [1783985762.183452670] [global_localization]: map→odom: x=0.356 y=-0.618 z=0.163
[WARN] [1783985762.566266176] [global_localization]: No odometry yet, skip odom transform in crop
[INFO] [1783985762.571357399] [global_localization]: ICP input: scan=5075 pts, map_FOV=84869 pts
[INFO] [1783985762.687340563] [global_localization]: ICP fitness: coarse=1.000, fine=0.967, threshold=0.9
[INFO] [1783985762.687747311] [global_localization]: map→odom: x=0.356 y=-0.618 z=0.163
[WARN] [1783985763.066230314] [global_localization]: No odometry yet, skip odom transform in crop
[INFO] [1783985763.070106876] [global_localization]: ICP input: scan=5075 pts, map_FOV=84869 pts
[INFO] [1783985763.189354439] [global_localization]: ICP fitness: coarse=1.000, fine=0.967, threshold=0.9
[INFO] [1783985763.189756319] [global_localization]: map→odom: x=0.356 y=-0.618 z=0.163
[WARN] [1783985763.566271225] [global_localization]: No odometry yet, skip odom transform in crop
[INFO] [1783985763.570437617] [global_localization]: ICP input: scan=5075 pts, map_FOV=84869 pts
[INFO] [1783985763.687653798] [global_localization]: ICP fitness: coarse=1.000, fine=0.967, threshold=0.9
[INFO] [1783985763.688060087] [global_localization]: map→odom: x=0.356 y=-0.618 z=0.163
[WARN] [1783985764.066161949] [global_localization]: No odometry yet, skip odom transform in crop
[INFO] [1783985764.070074164] [global_localization]: ICP input: scan=5075 pts, map_FOV=84869 pts
[INFO] [1783985764.189504747] [global_localization]: ICP fitness: coarse=1.000, fine=0.967, threshold=0.9
[INFO] [1783985764.189912351] [global_localization]: map→odom: x=0.356 y=-0.618 z=0.163
[WARN] [1783985764.566291327] [global_localization]: No odometry yet, skip odom transform in crop
[INFO] [1783985764.570304297] [global_localization]: ICP input: scan=5075 pts, map_FOV=84869 pts
[INFO] [1783985764.684799709] [global_localization]: ICP fitness: coarse=1.000, fine=0.967, threshold=0.9
[INFO] [1783985764.685200490] [global_localization]: map→odom: x=0.356 y=-0.618 z=0.163
[WARN] [1783985765.066293439] [global_localization]: No odometry yet, skip odom transform in crop
[INFO] [1783985765.070577535] [global_localization]: ICP input: scan=5075 pts, map_FOV=84869 pts
[INFO] [1783985765.180638936] [global_localization]: ICP fitness: coarse=1.000, fine=0.967, threshold=0.9
[INFO] [1783985765.181048386] [global_localization]: map→odom: x=0.356 y=-0.618 z=0.163
[WARN] [1783985765.566252072] [global_localization]: No odometry yet, skip odom transform in crop
[INFO] [1783985765.571029468] [global_localization]: ICP input: scan=5075 pts, map_FOV=84869 pts
[INFO] [1783985765.689286820] [global_localization]: ICP fitness: coarse=1.000, fine=0.967, threshold=0.9
[INFO] [1783985765.689692747] [global_localization]: map→odom: x=0.356 y=-0.618 z=0.163
[WARN] [1783985766.066242585] [global_localization]: No odometry yet, skip odom transform in crop
[INFO] [1783985766.070037500] [global_localization]: ICP input: scan=5075 pts, map_FOV=84869 pts
[INFO] [1783985766.186963567] [global_localization]: ICP fitness: coarse=1.000, fine=0.967, threshold=0.9
[INFO] [1783985766.187393003] [global_localization]: map→odom: x=0.356 y=-0.618 z=0.163
[WARN] [1783985766.566399369] [global_localization]: No odometry yet, skip odom transform in crop
[INFO] [1783985766.570561636] [global_localization]: ICP input: scan=5075 pts, map_FOV=84869 pts
[INFO] [1783985766.684945246] [global_localization]: ICP fitness: coarse=1.000, fine=0.967, threshold=0.9
[INFO] [1783985766.685338304] [global_localization]: map→odom: x=0.356 y=-0.618 z=0.163
[WARN] [1783985767.066385457] [global_localization]: No odometry yet, skip odom transform in crop
[INFO] [1783985767.070596958] [global_localization]: ICP input: scan=5075 pts, map_FOV=84869 pts
[INFO] [1783985767.187393412] [global_localization]: ICP fitness: coarse=1.000, fine=0.967, threshold=0.9
[INFO] [1783985767.187796480] [global_localization]: map→odom: x=0.356 y=-0.618 z=0.163
[WARN] [1783985767.566251344] [global_localization]: No odometry yet, skip odom transform in crop
[INFO] [1783985767.570770514] [global_localization]: ICP input: scan=5075 pts, map_FOV=84869 pts
[INFO] [1783985767.690558074] [global_localization]: ICP fitness: coarse=1.000, fine=0.967, threshold=0.9
[INFO] [1783985767.690964678] [global_localization]: map→odom: x=0.356 y=-0.618 z=0.163
[WARN] [1783985768.066265649] [global_localization]: No odometry yet, skip odom transform in crop
[INFO] [1783985768.070586980] [global_localization]: ICP input: scan=5075 pts, map_FOV=84869 pts
[INFO] [1783985768.186409534] [global_localization]: ICP fitness: coarse=1.000, fine=0.967, threshold=0.9
[INFO] [1783985768.186828037] [global_localization]: map→odom: x=0.356 y=-0.618 z=0.163
[WARN] [1783985768.566270521] [global_localization]: No odometry yet, skip odom transform in crop
[INFO] [1783985768.571285798] [global_localization]: ICP input: scan=5075 pts, map_FOV=84869 pts
[INFO] [1783985768.685508430] [global_localization]: ICP fitness: coarse=1.000, fine=0.967, threshold=0.9
[INFO] [1783985768.685936404] [global_localization]: map→odom: x=0.356 y=-0.618 z=0.163
[WARN] [1783985769.066350962] [global_localization]: No odometry yet, skip odom transform in crop
[INFO] [1783985769.070472552] [global_localization]: ICP input: scan=5075 pts, map_FOV=84869 pts
[INFO] [1783985769.190609394] [global_localization]: ICP fitness: coarse=1.000, fine=0.967, threshold=0.9
[INFO] [1783985769.191022151] [global_localization]: map→odom: x=0.356 y=-0.618 z=0.163
[WARN] [1783985769.566283895] [global_localization]: No odometry yet, skip odom transform in crop
[INFO] [1783985769.570575152] [global_localization]: ICP input: scan=5075 pts, map_FOV=84869 pts
[INFO] [1783985769.691269414] [global_localization]: ICP fitness: coarse=1.000, fine=0.967, threshold=0.9
[INFO] [1783985769.691681057] [global_localization]: map→odom: x=0.356 y=-0.618 z=0.163
[WARN] [1783985770.066375870] [global_localization]: No odometry yet, skip odom transform in crop
[INFO] [1783985770.071318852] [global_localization]: ICP input: scan=5075 pts, map_FOV=84869 pts
[INFO] [1783985770.186539820] [global_localization]: ICP fitness: coarse=1.000, fine=0.967, threshold=0.9
[INFO] [1783985770.186966814] [global_localization]: map→odom: x=0.356 y=-0.618 z=0.163
[WARN] [1783985770.566272407] [global_localization]: No odometry yet, skip odom transform in crop
[INFO] [1783985770.570471860] [global_localization]: ICP input: scan=5075 pts, map_FOV=84869 pts
[INFO] [1783985770.686133617] [global_localization]: ICP fitness: coarse=1.000, fine=0.967, threshold=0.9
[INFO] [1783985770.686519908] [global_localization]: map→odom: x=0.356 y=-0.618 z=0.163
[WARN] [1783985771.066459003] [global_localization]: No odometry yet, skip odom transform in crop
[INFO] [1783985771.070809418] [global_localization]: ICP input: scan=5075 pts, map_FOV=84869 pts
[INFO] [1783985771.184344588] [global_localization]: ICP fitness: coarse=1.000, fine=0.967, threshold=0.9
[INFO] [1783985771.184690605] [global_localization]: map→odom: x=0.356 y=-0.618 z=0.163
[WARN] [1783985771.566253221] [global_localization]: No odometry yet, skip odom transform in crop
[INFO] [1783985771.570912871] [global_localization]: ICP input: scan=5075 pts, map_FOV=84869 pts
[INFO] [1783985771.689504699] [global_localization]: ICP fitness: coarse=1.000, fine=0.967, threshold=0.9
[INFO] [1783985771.689879097] [global_localization]: map→odom: x=0.356 y=-0.618 z=0.163
[WARN] [1783985772.066308561] [global_localization]: No odometry yet, skip odom transform in crop
[INFO] [1783985772.071659876] [global_localization]: ICP input: scan=5075 pts, map_FOV=84869 pts
[INFO] [1783985772.188632006] [global_localization]: ICP fitness: coarse=1.000, fine=0.967, threshold=0.9
[INFO] [1783985772.189038485] [global_localization]: map→odom: x=0.356 y=-0.618 z=0.163
[WARN] [1783985772.566290686] [global_localization]: No odometry yet, skip odom transform in crop
[INFO] [1783985772.570888172] [global_localization]: ICP input: scan=5075 pts, map_FOV=84869 pts
[INFO] [1783985772.686308257] [global_localization]: ICP fitness: coarse=1.000, fine=0.967, threshold=0.9
[INFO] [1783985772.686662278] [global_localization]: map→odom: x=0.356 y=-0.618 z=0.163
[WARN] [1783985773.066312569] [global_localization]: No odometry yet, skip odom transform in crop
[INFO] [1783985773.070576136] [global_localization]: ICP input: scan=5075 pts, map_FOV=84869 pts
[INFO] [1783985773.185203460] [global_localization]: ICP fitness: coarse=1.000, fine=0.967, threshold=0.9
[INFO] [1783985773.185623712] [global_localization]: map→odom: x=0.356 y=-0.618 z=0.163
[WARN] [1783985773.566298768] [global_localization]: No odometry yet, skip odom transform in crop
[INFO] [1783985773.570127966] [global_localization]: ICP input: scan=5075 pts, map_FOV=84869 pts
[INFO] [1783985773.688886195] [global_localization]: ICP fitness: coarse=1.000, fine=0.967, threshold=0.9
[INFO] [1783985773.689246765] [global_localization]: map→odom: x=0.356 y=-0.618 z=0.163
[WARN] [1783985774.066300369] [global_localization]: No odometry yet, skip odom transform in crop
[INFO] [1783985774.070787702] [global_localization]: ICP input: scan=5075 pts, map_FOV=84869 pts
[INFO] [1783985774.187797899] [global_localization]: ICP fitness: coarse=1.000, fine=0.967, threshold=0.9
[INFO] [1783985774.188203279] [global_localization]: map→odom: x=0.356 y=-0.618 z=0.163
[WARN] [1783985774.566323206] [global_localization]: No odometry yet, skip odom transform in crop
[INFO] [1783985774.570610184] [global_localization]: ICP input: scan=5075 pts, map_FOV=84869 pts
[INFO] [1783985774.690202419] [global_localization]: ICP fitness: coarse=1.000, fine=0.967, threshold=0.9
[INFO] [1783985774.690544035] [global_localization]: map→odom: x=0.356 y=-0.618 z=0.163
[WARN] [1783985775.066268186] [global_localization]: No odometry yet, skip odom transform in crop
[INFO] [1783985775.070413760] [global_localization]: ICP input: scan=5075 pts, map_FOV=84869 pts
[INFO] [1783985775.182570860] [global_localization]: ICP fitness: coarse=1.000, fine=0.967, threshold=0.9
[INFO] [1783985775.182963756] [global_localization]: map→odom: x=0.356 y=-0.618 z=0.163
[WARN] [1783985775.566303879] [global_localization]: No odometry yet, skip odom transform in crop
[INFO] [1783985775.570935118] [global_localization]: ICP input: scan=5075 pts, map_FOV=84869 pts
[INFO] [1783985775.684626243] [global_localization]: ICP fitness: coarse=1.000, fine=0.967, threshold=0.9
[INFO] [1783985775.685024118] [global_localization]: map→odom: x=0.356 y=-0.618 z=0.163
[WARN] [1783985776.066257795] [global_localization]: No odometry yet, skip odom transform in crop
[INFO] [1783985776.071235123] [global_localization]: ICP input: scan=5075 pts, map_FOV=84869 pts
[INFO] [1783985776.186702811] [global_localization]: ICP fitness: coarse=1.000, fine=0.967, threshold=0.9
[INFO] [1783985776.187086757] [global_localization]: map→odom: x=0.356 y=-0.618 z=0.163
[WARN] [1783985776.566276387] [global_localization]: No odometry yet, skip odom transform in crop
[INFO] [1783985776.570525399] [global_localization]: ICP input: scan=5075 pts, map_FOV=84869 pts
[INFO] [1783985776.689457278] [global_localization]: ICP fitness: coarse=1.000, fine=0.967, threshold=0.9
[INFO] [1783985776.689844959] [global_localization]: map→odom: x=0.356 y=-0.618 z=0.163
[WARN] [1783985777.066267398] [global_localization]: No odometry yet, skip odom transform in crop
[INFO] [1783985777.070202926] [global_localization]: ICP input: scan=5075 pts, map_FOV=84869 pts
[INFO] [1783985777.191111755] [global_localization]: ICP fitness: coarse=1.000, fine=0.967, threshold=0.9
[INFO] [1783985777.191513902] [global_localization]: map→odom: x=0.356 y=-0.618 z=0.163
[WARN] [1783985777.566280488] [global_localization]: No odometry yet, skip odom transform in crop
[INFO] [1783985777.571145590] [global_localization]: ICP input: scan=5075 pts, map_FOV=84869 pts
[INFO] [1783985777.688439107] [global_localization]: ICP fitness: coarse=1.000, fine=0.967, threshold=0.9
[INFO] [1783985777.688827056] [global_localization]: map→odom: x=0.356 y=-0.618 z=0.163
[WARN] [1783985778.066243320] [global_localization]: No odometry yet, skip odom transform in crop
[INFO] [1783985778.070273606] [global_localization]: ICP input: scan=5075 pts, map_FOV=84869 pts
[INFO] [1783985778.185244535] [global_localization]: ICP fitness: coarse=1.000, fine=0.967, threshold=0.9
[INFO] [1783985778.185595296] [global_localization]: map→odom: x=0.356 y=-0.618 z=0.163
[WARN] [1783985778.566292790] [global_localization]: No odometry yet, skip odom transform in crop
[INFO] [1783985778.571032854] [global_localization]: ICP input: scan=5075 pts, map_FOV=84869 pts
[INFO] [1783985778.686708644] [global_localization]: ICP fitness: coarse=1.000, fine=0.967, threshold=0.9
[INFO] [1783985778.687092735] [global_localization]: map→odom: x=0.356 y=-0.618 z=0.163
[WARN] [1783985779.066219355] [global_localization]: No odometry yet, skip odom transform in crop
[INFO] [1783985779.070313800] [global_localization]: ICP input: scan=5075 pts, map_FOV=84869 pts
[INFO] [1783985779.185359510] [global_localization]: ICP fitness: coarse=1.000, fine=0.967, threshold=0.9
[INFO] [1783985779.185752408] [global_localization]: map→odom: x=0.356 y=-0.618 z=0.163
[WARN] [1783985779.566306090] [global_localization]: No odometry yet, skip odom transform in crop
[INFO] [1783985779.570587926] [global_localization]: ICP input: scan=5075 pts, map_FOV=84869 pts
[INFO] [1783985779.686764960] [global_localization]: ICP fitness: coarse=1.000, fine=0.967, threshold=0.9
[INFO] [1783985779.687108614] [global_localization]: map→odom: x=0.356 y=-0.618 z=0.163
[WARN] [1783985780.066229184] [global_localization]: No odometry yet, skip odom transform in crop
[INFO] [1783985780.071542270] [global_localization]: ICP input: scan=5075 pts, map_FOV=84869 pts
[INFO] [1783985780.189854321] [global_localization]: ICP fitness: coarse=1.000, fine=0.967, threshold=0.9
[INFO] [1783985780.190248586] [global_localization]: map→odom: x=0.356 y=-0.618 z=0.163
[WARN] [1783985780.566238044] [global_localization]: No odometry yet, skip odom transform in crop
[INFO] [1783985780.570483429] [global_localization]: ICP input: scan=5075 pts, map_FOV=84869 pts
[INFO] [1783985780.685455850] [global_localization]: ICP fitness: coarse=1.000, fine=0.967, threshold=0.9
[INFO] [1783985780.685800134] [global_localization]: map→odom: x=0.356 y=-0.618 z=0.163
[WARN] [1783985781.066323771] [global_localization]: No odometry yet, skip odom transform in crop
[INFO] [1783985781.070644232] [global_localization]: ICP input: scan=5075 pts, map_FOV=84869 pts
[INFO] [1783985781.187143374] [global_localization]: ICP fitness: coarse=1.000, fine=0.967, threshold=0.9
[INFO] [1783985781.187536382] [global_localization]: map→odom: x=0.356 y=-0.618 z=0.163
[WARN] [1783985781.566332167] [global_localization]: No odometry yet, skip odom transform in crop
[INFO] [1783985781.570138836] [global_localization]: ICP input: scan=5075 pts, map_FOV=84869 pts
[INFO] [1783985781.690252522] [global_localization]: ICP fitness: coarse=1.000, fine=0.967, threshold=0.9
[INFO] [1783985781.690636706] [global_localization]: map→odom: x=0.356 y=-0.618 z=0.163
[WARN] [1783985782.066327982] [global_localization]: No odometry yet, skip odom transform in crop
[INFO] [1783985782.071011495] [global_localization]: ICP input: scan=5075 pts, map_FOV=84869 pts
[INFO] [1783985782.191830627] [global_localization]: ICP fitness: coarse=1.000, fine=0.967, threshold=0.9
[INFO] [1783985782.192215801] [global_localization]: map→odom: x=0.356 y=-0.618 z=0.163
[WARN] [1783985782.566359915] [global_localization]: No odometry yet, skip odom transform in crop
[INFO] [1783985782.570778345] [global_localization]: ICP input: scan=5075 pts, map_FOV=84869 pts
[INFO] [1783985782.685031079] [global_localization]: ICP fitness: coarse=1.000, fine=0.967, threshold=0.9
[INFO] [1783985782.685415193] [global_localization]: map→odom: x=0.356 y=-0.618 z=0.163
[WARN] [1783985783.066333973] [global_localization]: No odometry yet, skip odom transform in crop
[INFO] [1783985783.071205201] [global_localization]: ICP input: scan=5075 pts, map_FOV=84869 pts
[INFO] [1783985783.185843747] [global_localization]: ICP fitness: coarse=1.000, fine=0.967, threshold=0.9
[INFO] [1783985783.186237418] [global_localization]: map→odom: x=0.356 y=-0.618 z=0.163
[WARN] [1783985783.566273027] [global_localization]: No odometry yet, skip odom transform in crop
[INFO] [1783985783.570367119] [global_localization]: ICP input: scan=5075 pts, map_FOV=84869 pts
[INFO] [1783985783.686801824] [global_localization]: ICP fitness: coarse=1.000, fine=0.967, threshold=0.9
[INFO] [1783985783.687167604] [global_localization]: map→odom: x=0.356 y=-0.618 z=0.163
[WARN] [1783985784.066454434] [global_localization]: No odometry yet, skip odom transform in crop
[INFO] [1783985784.070641687] [global_localization]: ICP input: scan=5075 pts, map_FOV=84869 pts
[INFO] [1783985784.188838864] [global_localization]: ICP fitness: coarse=1.000, fine=0.967, threshold=0.9
[INFO] [1783985784.189193374] [global_localization]: map→odom: x=0.356 y=-0.618 z=0.163
[WARN] [1783985784.566227019] [global_localization]: No odometry yet, skip odom transform in crop
[INFO] [1783985784.571888217] [global_localization]: ICP input: scan=5075 pts, map_FOV=84869 pts
[INFO] [1783985784.685464201] [global_localization]: ICP fitness: coarse=1.000, fine=0.967, threshold=0.9
[INFO] [1783985784.685857364] [global_localization]: map→odom: x=0.356 y=-0.618 z=0.163
[WARN] [1783985785.066368553] [global_localization]: No odometry yet, skip odom transform in crop
[INFO] [1783985785.071383117] [global_localization]: ICP input: scan=5075 pts, map_FOV=84869 pts
[INFO] [1783985785.183939675] [global_localization]: ICP fitness: coarse=1.000, fine=0.967, threshold=0.9
[INFO] [1783985785.184252491] [global_localization]: map→odom: x=0.356 y=-0.618 z=0.163
[WARN] [1783985785.566187666] [global_localization]: No odometry yet, skip odom transform in crop
[INFO] [1783985785.569794989] [global_localization]: ICP input: scan=5075 pts, map_FOV=84869 pts
[INFO] [1783985785.687513144] [global_localization]: ICP fitness: coarse=1.000, fine=0.967, threshold=0.9
[INFO] [1783985785.687907038] [global_localization]: map→odom: x=0.356 y=-0.618 z=0.163
[WARN] [1783985786.066264175] [global_localization]: No odometry yet, skip odom transform in crop
[INFO] [1783985786.070646374] [global_localization]: ICP input: scan=5075 pts, map_FOV=84869 pts
[INFO] [1783985786.187513538] [global_localization]: ICP fitness: coarse=1.000, fine=0.967, threshold=0.9
[INFO] [1783985786.187918263] [global_localization]: map→odom: x=0.356 y=-0.618 z=0.163
[WARN] [1783985786.566359022] [global_localization]: No odometry yet, skip odom transform in crop
[INFO] [1783985786.571092578] [global_localization]: ICP input: scan=5075 pts, map_FOV=84869 pts
[INFO] [1783985786.681479750] [global_localization]: ICP fitness: coarse=1.000, fine=0.967, threshold=0.9
[INFO] [1783985786.681892218] [global_localization]: map→odom: x=0.356 y=-0.618 z=0.163
[WARN] [1783985787.066250901] [global_localization]: No odometry yet, skip odom transform in crop
[INFO] [1783985787.070103125] [global_localization]: ICP input: scan=5075 pts, map_FOV=84869 pts
[INFO] [1783985787.185696976] [global_localization]: ICP fitness: coarse=1.000, fine=0.967, threshold=0.9
[INFO] [1783985787.186044308] [global_localization]: map→odom: x=0.356 y=-0.618 z=0.163
[WARN] [1783985787.566288714] [global_localization]: No odometry yet, skip odom transform in crop
[INFO] [1783985787.570598758] [global_localization]: ICP input: scan=5075 pts, map_FOV=84869 pts
[INFO] [1783985787.685562490] [global_localization]: ICP fitness: coarse=1.000, fine=0.967, threshold=0.9
[INFO] [1783985787.685972963] [global_localization]: map→odom: x=0.356 y=-0.618 z=0.163
[WARN] [1783985788.066231808] [global_localization]: No odometry yet, skip odom transform in crop
[INFO] [1783985788.070768144] [global_localization]: ICP input: scan=5075 pts, map_FOV=84869 pts
[INFO] [1783985788.181036347] [global_localization]: ICP fitness: coarse=1.000, fine=0.967, threshold=0.9
[INFO] [1783985788.181378009] [global_localization]: map→odom: x=0.356 y=-0.618 z=0.163
[WARN] [1783985788.566262020] [global_localization]: No odometry yet, skip odom transform in crop
[INFO] [1783985788.570424620] [global_localization]: ICP input: scan=5075 pts, map_FOV=84869 pts
[INFO] [1783985788.684159776] [global_localization]: ICP fitness: coarse=1.000, fine=0.967, threshold=0.9
[INFO] [1783985788.684545423] [global_localization]: map→odom: x=0.356 y=-0.618 z=0.163
[WARN] [1783985789.066279730] [global_localization]: No odometry yet, skip odom transform in crop
[INFO] [1783985789.070068774] [global_localization]: ICP input: scan=5075 pts, map_FOV=84869 pts
[INFO] [1783985789.183369783] [global_localization]: ICP fitness: coarse=1.000, fine=0.967, threshold=0.9
[INFO] [1783985789.183723426] [global_localization]: map→odom: x=0.356 y=-0.618 z=0.163
[WARN] [1783985789.566228569] [global_localization]: No odometry yet, skip odom transform in crop
[INFO] [1783985789.570893815] [global_localization]: ICP input: scan=5075 pts, map_FOV=84869 pts
[INFO] [1783985789.687863915] [global_localization]: ICP fitness: coarse=1.000, fine=0.967, threshold=0.9
[INFO] [1783985789.688226066] [global_localization]: map→odom: x=0.356 y=-0.618 z=0.163
[WARN] [1783985790.066282938] [global_localization]: No odometry yet, skip odom transform in crop
[INFO] [1783985790.070408141] [global_localization]: ICP input: scan=5075 pts, map_FOV=84869 pts
[INFO] [1783985790.188563946] [global_localization]: ICP fitness: coarse=1.000, fine=0.967, threshold=0.9
[INFO] [1783985790.188961709] [global_localization]: map→odom: x=0.356 y=-0.618 z=0.163
[WARN] [1783985790.566177993] [global_localization]: No odometry yet, skip odom transform in crop
[INFO] [1783985790.570150919] [global_localization]: ICP input: scan=5075 pts, map_FOV=84869 pts
[INFO] [1783985790.687957114] [global_localization]: ICP fitness: coarse=1.000, fine=0.967, threshold=0.9
[INFO] [1783985790.688305761] [global_localization]: map→odom: x=0.356 y=-0.618 z=0.163
[WARN] [1783985791.066238328] [global_localization]: No odometry yet, skip odom transform in crop
[INFO] [1783985791.070624570] [global_localization]: ICP input: scan=5075 pts, map_FOV=84869 pts
[INFO] [1783985791.187091677] [global_localization]: ICP fitness: coarse=1.000, fine=0.967, threshold=0.9
[INFO] [1783985791.187478612] [global_localization]: map→odom: x=0.356 y=-0.618 z=0.163
[WARN] [1783985791.566161530] [global_localization]: No odometry yet, skip odom transform in crop
[INFO] [1783985791.570035268] [global_localization]: ICP input: scan=5075 pts, map_FOV=84869 pts
[INFO] [1783985791.685137666] [global_localization]: ICP fitness: coarse=1.000, fine=0.967, threshold=0.9
[INFO] [1783985791.685516857] [global_localization]: map→odom: x=0.356 y=-0.618 z=0.163
[WARN] [1783985792.066342198] [global_localization]: No odometry yet, skip odom transform in crop
[INFO] [1783985792.073122505] [global_localization]: ICP input: scan=5075 pts, map_FOV=84869 pts
[INFO] [1783985792.187348845] [global_localization]: ICP fitness: coarse=1.000, fine=0.967, threshold=0.9
[INFO] [1783985792.187690393] [global_localization]: map→odom: x=0.356 y=-0.618 z=0.163
[WARN] [1783985792.566272447] [global_localization]: No odometry yet, skip odom transform in crop
[INFO] [1783985792.571951697] [global_localization]: ICP input: scan=5075 pts, map_FOV=84869 pts
[INFO] [1783985792.689601298] [global_localization]: ICP fitness: coarse=1.000, fine=0.967, threshold=0.9
[INFO] [1783985792.690000942] [global_localization]: map→odom: x=0.356 y=-0.618 z=0.163
[WARN] [1783985793.066317382] [global_localization]: No odometry yet, skip odom transform in crop
[INFO] [1783985793.070646428] [global_localization]: ICP input: scan=5075 pts, map_FOV=84869 pts
[INFO] [1783985793.185872455] [global_localization]: ICP fitness: coarse=1.000, fine=0.967, threshold=0.9
[INFO] [1783985793.186216228] [global_localization]: map→odom: x=0.356 y=-0.618 z=0.163
[WARN] [1783985793.566296773] [global_localization]: No odometry yet, skip odom transform in crop
[INFO] [1783985793.570689716] [global_localization]: ICP input: scan=5075 pts, map_FOV=84869 pts
[INFO] [1783985793.688036596] [global_localization]: ICP fitness: coarse=1.000, fine=0.967, threshold=0.9
[INFO] [1783985793.688365170] [global_localization]: map→odom: x=0.356 y=-0.618 z=0.163
[WARN] [1783985794.066254228] [global_localization]: No odometry yet, skip odom transform in crop
[INFO] [1783985794.070468611] [global_localization]: ICP input: scan=5075 pts, map_FOV=84869 pts
[INFO] [1783985794.190909929] [global_localization]: ICP fitness: coarse=1.000, fine=0.967, threshold=0.9
[INFO] [1783985794.191263106] [global_localization]: map→odom: x=0.356 y=-0.618 z=0.163
[WARN] [1783985794.566364125] [global_localization]: No odometry yet, skip odom transform in crop
[INFO] [1783985794.572456311] [global_localization]: ICP input: scan=5075 pts, map_FOV=84869 pts
[INFO] [1783985794.715418114] [global_localization]: ICP fitness: coarse=1.000, fine=0.967, threshold=0.9
[INFO] [1783985794.715800008] [global_localization]: map→odom: x=0.356 y=-0.618 z=0.163
[WARN] [1783985795.066368937] [global_localization]: No odometry yet, skip odom transform in crop
[INFO] [1783985795.071293134] [global_localization]: ICP input: scan=5075 pts, map_FOV=84869 pts
[INFO] [1783985795.209764405] [global_localization]: ICP fitness: coarse=1.000, fine=0.967, threshold=0.9
[INFO] [1783985795.210170183] [global_localization]: map→odom: x=0.356 y=-0.618 z=0.163
[WARN] [1783985795.566388445] [global_localization]: No odometry yet, skip odom transform in crop
[INFO] [1783985795.571345090] [global_localization]: ICP input: scan=5075 pts, map_FOV=84869 pts
[INFO] [1783985795.683376337] [global_localization]: ICP fitness: coarse=1.000, fine=0.967, threshold=0.9
[INFO] [1783985795.683789848] [global_localization]: map→odom: x=0.356 y=-0.618 z=0.163
[WARN] [1783985796.066310302] [global_localization]: No odometry yet, skip odom transform in crop
[INFO] [1783985796.072133052] [global_localization]: ICP input: scan=5075 pts, map_FOV=84869 pts
[INFO] [1783985796.201637673] [global_localization]: ICP fitness: coarse=1.000, fine=0.967, threshold=0.9
[INFO] [1783985796.202014542] [global_localization]: map→odom: x=0.356 y=-0.618 z=0.163
[WARN] [1783985796.566258017] [global_localization]: No odometry yet, skip odom transform in crop
[INFO] [1783985796.571162823] [global_localization]: ICP input: scan=5075 pts, map_FOV=84869 pts
[INFO] [1783985796.695081028] [global_localization]: ICP fitness: coarse=1.000, fine=0.967, threshold=0.9
[INFO] [1783985796.695508502] [global_localization]: map→odom: x=0.356 y=-0.618 z=0.163
[WARN] [1783985797.066359564] [global_localization]: No odometry yet, skip odom transform in crop
[INFO] [1783985797.071483318] [global_localization]: ICP input: scan=5075 pts, map_FOV=84869 pts
[INFO] [1783985797.207426109] [global_localization]: ICP fitness: coarse=1.000, fine=0.967, threshold=0.9
[INFO] [1783985797.207817300] [global_localization]: map→odom: x=0.356 y=-0.618 z=0.163
[WARN] [1783985797.566305777] [global_localization]: No odometry yet, skip odom transform in crop
[INFO] [1783985797.570820993] [global_localization]: ICP input: scan=5075 pts, map_FOV=84869 pts
[INFO] [1783985797.691375368] [global_localization]: ICP fitness: coarse=1.000, fine=0.967, threshold=0.9
[INFO] [1783985797.691834147] [global_localization]: map→odom: x=0.356 y=-0.618 z=0.163
[WARN] [1783985798.066476254] [global_localization]: No odometry yet, skip odom transform in crop
[INFO] [1783985798.071627244] [global_localization]: ICP input: scan=5075 pts, map_FOV=84869 pts
[INFO] [1783985798.196611847] [global_localization]: ICP fitness: coarse=1.000, fine=0.967, threshold=0.9
[INFO] [1783985798.197049139] [global_localization]: map→odom: x=0.356 y=-0.618 z=0.163
[WARN] [1783985798.566335461] [global_localization]: No odometry yet, skip odom transform in crop
[INFO] [1783985798.573189128] [global_localization]: ICP input: scan=5075 pts, map_FOV=84869 pts
[INFO] [1783985798.696096740] [global_localization]: ICP fitness: coarse=1.000, fine=0.967, threshold=0.9
[INFO] [1783985798.696525323] [global_localization]: map→odom: x=0.356 y=-0.618 z=0.163
[WARN] [1783985799.066311776] [global_localization]: No odometry yet, skip odom transform in crop
[INFO] [1783985799.071140142] [global_localization]: ICP input: scan=5075 pts, map_FOV=84869 pts
[INFO] [1783985799.189073169] [global_localization]: ICP fitness: coarse=1.000, fine=0.967, threshold=0.9
[INFO] [1783985799.189505087] [global_localization]: map→odom: x=0.356 y=-0.618 z=0.163
[WARN] [1783985799.566193817] [global_localization]: No odometry yet, skip odom transform in crop
[INFO] [1783985799.570637396] [global_localization]: ICP input: scan=5075 pts, map_FOV=84869 pts
[INFO] [1783985799.693974953] [global_localization]: ICP fitness: coarse=1.000, fine=0.967, threshold=0.9
[INFO] [1783985799.694402079] [global_localization]: map→odom: x=0.356 y=-0.618 z=0.163
[WARN] [1783985800.066389183] [global_localization]: No odometry yet, skip odom transform in crop
[INFO] [1783985800.071637916] [global_localization]: ICP input: scan=5075 pts, map_FOV=84869 pts
[INFO] [1783985800.205035774] [global_localization]: ICP fitness: coarse=1.000, fine=0.967, threshold=0.9
[INFO] [1783985800.205455307] [global_localization]: map→odom: x=0.356 y=-0.618 z=0.163
[WARN] [1783985800.566297038] [global_localization]: No odometry yet, skip odom transform in crop
[INFO] [1783985800.570505704] [global_localization]: ICP input: scan=5075 pts, map_FOV=84869 pts
[INFO] [1783985800.692687217] [global_localization]: ICP fitness: coarse=1.000, fine=0.967, threshold=0.9
[INFO] [1783985800.693105781] [global_localization]: map→odom: x=0.356 y=-0.618 z=0.163
[WARN] [1783985801.066454311] [global_localization]: No odometry yet, skip odom transform in crop
[INFO] [1783985801.072663446] [global_localization]: ICP input: scan=5075 pts, map_FOV=84869 pts
[INFO] [1783985801.192120687] [global_localization]: ICP fitness: coarse=1.000, fine=0.967, threshold=0.9
[INFO] [1783985801.192521908] [global_localization]: map→odom: x=0.356 y=-0.618 z=0.163
[WARN] [1783985801.566379186] [global_localization]: No odometry yet, skip odom transform in crop
[INFO] [1783985801.573197896] [global_localization]: ICP input: scan=5075 pts, map_FOV=84869 pts
[INFO] [1783985801.694197537] [global_localization]: ICP fitness: coarse=1.000, fine=0.967, threshold=0.9
[INFO] [1783985801.694596320] [global_localization]: map→odom: x=0.356 y=-0.618 z=0.163
[WARN] [1783985802.066328885] [global_localization]: No odometry yet, skip odom transform in crop
[INFO] [1783985802.072574454] [global_localization]: ICP input: scan=5075 pts, map_FOV=84869 pts
[INFO] [1783985802.189011215] [global_localization]: ICP fitness: coarse=1.000, fine=0.967, threshold=0.9
[INFO] [1783985802.189430618] [global_localization]: map→odom: x=0.356 y=-0.618 z=0.163
[WARN] [1783985802.566397797] [global_localization]: No odometry yet, skip odom transform in crop
[INFO] [1783985802.573032054] [global_localization]: ICP input: scan=5075 pts, map_FOV=84869 pts
[INFO] [1783985802.699336929] [global_localization]: ICP fitness: coarse=1.000, fine=0.967, threshold=0.9
[INFO] [1783985802.699771277] [global_localization]: map→odom: x=0.356 y=-0.618 z=0.163
[WARN] [1783985803.066329542] [global_localization]: No odometry yet, skip odom transform in crop
[INFO] [1783985803.070768221] [global_localization]: ICP input: scan=5075 pts, map_FOV=84869 pts
[INFO] [1783985803.190824364] [global_localization]: ICP fitness: coarse=1.000, fine=0.967, threshold=0.9
[INFO] [1783985803.191188572] [global_localization]: map→odom: x=0.356 y=-0.618 z=0.163
[WARN] [1783985803.566386850] [global_localization]: No odometry yet, skip odom transform in crop
[INFO] [1783985803.571199793] [global_localization]: ICP input: scan=5075 pts, map_FOV=84869 pts
[INFO] [1783985803.693021697] [global_localization]: ICP fitness: coarse=1.000, fine=0.967, threshold=0.9
[INFO] [1783985803.693416185] [global_localization]: map→odom: x=0.356 y=-0.618 z=0.163
[WARN] [1783985804.066421493] [global_localization]: No odometry yet, skip odom transform in crop
[INFO] [1783985804.071032043] [global_localization]: ICP input: scan=5075 pts, map_FOV=84869 pts
[INFO] [1783985804.192352156] [global_localization]: ICP fitness: coarse=1.000, fine=0.967, threshold=0.9
[INFO] [1783985804.192752798] [global_localization]: map→odom: x=0.356 y=-0.618 z=0.163
[WARN] [1783985804.566302095] [global_localization]: No odometry yet, skip odom transform in crop
[INFO] [1783985804.570650196] [global_localization]: ICP input: scan=5075 pts, map_FOV=84869 pts
[INFO] [1783985804.695776524] [global_localization]: ICP fitness: coarse=1.000, fine=0.967, threshold=0.9
[INFO] [1783985804.696223674] [global_localization]: map→odom: x=0.356 y=-0.618 z=0.163
[WARN] [1783985805.066404218] [global_localization]: No odometry yet, skip odom transform in crop
[INFO] [1783985805.070854622] [global_localization]: ICP input: scan=5075 pts, map_FOV=84869 pts
[INFO] [1783985805.186091528] [global_localization]: ICP fitness: coarse=1.000, fine=0.967, threshold=0.9
[INFO] [1783985805.186457227] [global_localization]: map→odom: x=0.356 y=-0.618 z=0.163
[WARN] [1783985805.566303691] [global_localization]: No odometry yet, skip odom transform in crop
[INFO] [1783985805.571075276] [global_localization]: ICP input: scan=5075 pts, map_FOV=84869 pts
[INFO] [1783985805.688307730] [global_localization]: ICP fitness: coarse=1.000, fine=0.967, threshold=0.9
[INFO] [1783985805.688713938] [global_localization]: map→odom: x=0.356 y=-0.618 z=0.163
[WARN] [1783985806.066355084] [global_localization]: No odometry yet, skip odom transform in crop
[INFO] [1783985806.071347956] [global_localization]: ICP input: scan=5075 pts, map_FOV=84869 pts
[INFO] [1783985806.190651644] [global_localization]: ICP fitness: coarse=1.000, fine=0.967, threshold=0.9
[INFO] [1783985806.191048488] [global_localization]: map→odom: x=0.356 y=-0.618 z=0.163
[WARN] [1783985806.566462888] [global_localization]: No odometry yet, skip odom transform in crop
[INFO] [1783985806.571307125] [global_localization]: ICP input: scan=5075 pts, map_FOV=84869 pts
[INFO] [1783985806.697237982] [global_localization]: ICP fitness: coarse=1.000, fine=0.967, threshold=0.9
[INFO] [1783985806.697638110] [global_localization]: map→odom: x=0.356 y=-0.618 z=0.163
[WARN] [1783985807.066479397] [global_localization]: No odometry yet, skip odom transform in crop
[INFO] [1783985807.071235254] [global_localization]: ICP input: scan=5075 pts, map_FOV=84869 pts
[INFO] [1783985807.189420009] [global_localization]: ICP fitness: coarse=1.000, fine=0.967, threshold=0.9
[INFO] [1783985807.189838997] [global_localization]: map→odom: x=0.356 y=-0.618 z=0.163
[WARN] [1783985807.566421777] [global_localization]: No odometry yet, skip odom transform in crop
[INFO] [1783985807.571145802] [global_localization]: ICP input: scan=5075 pts, map_FOV=84869 pts
[INFO] [1783985807.693508186] [global_localization]: ICP fitness: coarse=1.000, fine=0.967, threshold=0.9
[INFO] [1783985807.693929199] [global_localization]: map→odom: x=0.356 y=-0.618 z=0.163
[WARN] [1783985808.066387849] [global_localization]: No odometry yet, skip odom transform in crop
[INFO] [1783985808.072444827] [global_localization]: ICP input: scan=5075 pts, map_FOV=84869 pts
[INFO] [1783985808.188294441] [global_localization]: ICP fitness: coarse=1.000, fine=0.967, threshold=0.9
[INFO] [1783985808.188640833] [global_localization]: map→odom: x=0.356 y=-0.618 z=0.163
[WARN] [1783985808.566367856] [global_localization]: No odometry yet, skip odom transform in crop
[INFO] [1783985808.571293103] [global_localization]: ICP input: scan=5075 pts, map_FOV=84869 pts
[INFO] [1783985808.694319325] [global_localization]: ICP fitness: coarse=1.000, fine=0.967, threshold=0.9
[INFO] [1783985808.694750702] [global_localization]: map→odom: x=0.356 y=-0.618 z=0.163
[WARN] [1783985809.066331142] [global_localization]: No odometry yet, skip odom transform in crop
[INFO] [1783985809.071088179] [global_localization]: ICP input: scan=5075 pts, map_FOV=84869 pts
[INFO] [1783985809.195767423] [global_localization]: ICP fitness: coarse=1.000, fine=0.967, threshold=0.9
[INFO] [1783985809.196172656] [global_localization]: map→odom: x=0.356 y=-0.618 z=0.163
[WARN] [1783985809.566307129] [global_localization]: No odometry yet, skip odom transform in crop
[INFO] [1783985809.570312345] [global_localization]: ICP input: scan=5075 pts, map_FOV=84869 pts
[INFO] [1783985809.686196142] [global_localization]: ICP fitness: coarse=1.000, fine=0.967, threshold=0.9
[INFO] [1783985809.686617829] [global_localization]: map→odom: x=0.356 y=-0.618 z=0.163
[WARN] [1783985810.066591784] [global_localization]: No odometry yet, skip odom transform in crop
[INFO] [1783985810.074817473] [global_localization]: ICP input: scan=5075 pts, map_FOV=84869 pts
[INFO] [1783985810.197062158] [global_localization]: ICP fitness: coarse=1.000, fine=0.967, threshold=0.9
[INFO] [1783985810.197471936] [global_localization]: map→odom: x=0.356 y=-0.618 z=0.163
[WARN] [1783985810.566366773] [global_localization]: No odometry yet, skip odom transform in crop
[INFO] [1783985810.572416186] [global_localization]: ICP input: scan=5075 pts, map_FOV=84869 pts
[INFO] [1783985810.689503586] [global_localization]: ICP fitness: coarse=1.000, fine=0.967, threshold=0.9
[INFO] [1783985810.689877601] [global_localization]: map→odom: x=0.356 y=-0.618 z=0.163
[WARN] [1783985811.066376209] [global_localization]: No odometry yet, skip odom transform in crop
[INFO] [1783985811.070855627] [global_localization]: ICP input: scan=5075 pts, map_FOV=84869 pts
[INFO] [1783985811.197684860] [global_localization]: ICP fitness: coarse=1.000, fine=0.967, threshold=0.9
[INFO] [1783985811.198100952] [global_localization]: map→odom: x=0.356 y=-0.618 z=0.163
[WARN] [1783985811.566360845] [global_localization]: No odometry yet, skip odom transform in crop
[INFO] [1783985811.571642685] [global_localization]: ICP input: scan=5075 pts, map_FOV=84869 pts
[INFO] [1783985811.697191627] [global_localization]: ICP fitness: coarse=1.000, fine=0.967, threshold=0.9
[INFO] [1783985811.697599320] [global_localization]: map→odom: x=0.356 y=-0.618 z=0.163
[WARN] [1783985812.066387483] [global_localization]: No odometry yet, skip odom transform in crop
[INFO] [1783985812.072096013] [global_localization]: ICP input: scan=5075 pts, map_FOV=84869 pts
[INFO] [1783985812.193289894] [global_localization]: ICP fitness: coarse=1.000, fine=0.967, threshold=0.9
[INFO] [1783985812.193635565] [global_localization]: map→odom: x=0.356 y=-0.618 z=0.163
[WARN] [1783985812.566496738] [global_localization]: No odometry yet, skip odom transform in crop
[INFO] [1783985812.572427459] [global_localization]: ICP input: scan=5075 pts, map_FOV=84869 pts
[INFO] [1783985812.690858685] [global_localization]: ICP fitness: coarse=1.000, fine=0.967, threshold=0.9
[INFO] [1783985812.691487785] [global_localization]: map→odom: x=0.356 y=-0.618 z=0.163
[WARN] [1783985813.066461222] [global_localization]: No odometry yet, skip odom transform in crop
[INFO] [1783985813.070828658] [global_localization]: ICP input: scan=5075 pts, map_FOV=84869 pts
[INFO] [1783985813.196060505] [global_localization]: ICP fitness: coarse=1.000, fine=0.967, threshold=0.9
[INFO] [1783985813.196475723] [global_localization]: map→odom: x=0.356 y=-0.618 z=0.163
[WARN] [1783985813.566489249] [global_localization]: No odometry yet, skip odom transform in crop
[INFO] [1783985813.571496332] [global_localization]: ICP input: scan=5075 pts, map_FOV=84869 pts
[INFO] [1783985813.695405774] [global_localization]: ICP fitness: coarse=1.000, fine=0.967, threshold=0.9
[INFO] [1783985813.695815275] [global_localization]: map→odom: x=0.356 y=-0.618 z=0.163
[WARN] [1783985814.066464475] [global_localization]: No odometry yet, skip odom transform in crop
[INFO] [1783985814.071709952] [global_localization]: ICP input: scan=5075 pts, map_FOV=84869 pts
[INFO] [1783985814.198074992] [global_localization]: ICP fitness: coarse=1.000, fine=0.967, threshold=0.9
[INFO] [1783985814.198507862] [global_localization]: map→odom: x=0.356 y=-0.618 z=0.163
[WARN] [1783985814.566365399] [global_localization]: No odometry yet, skip odom transform in crop
[INFO] [1783985814.571376495] [global_localization]: ICP input: scan=5075 pts, map_FOV=84869 pts
[INFO] [1783985814.698166938] [global_localization]: ICP fitness: coarse=1.000, fine=0.967, threshold=0.9
[INFO] [1783985814.698585527] [global_localization]: map→odom: x=0.356 y=-0.618 z=0.163
[WARN] [1783985815.066259197] [global_localization]: No odometry yet, skip odom transform in crop
[INFO] [1783985815.071037266] [global_localization]: ICP input: scan=5075 pts, map_FOV=84869 pts
[INFO] [1783985815.199266835] [global_localization]: ICP fitness: coarse=1.000, fine=0.967, threshold=0.9
[INFO] [1783985815.199693833] [global_localization]: map→odom: x=0.356 y=-0.618 z=0.163
[WARN] [1783985815.566389464] [global_localization]: No odometry yet, skip odom transform in crop
[INFO] [1783985815.574149104] [global_localization]: ICP input: scan=5075 pts, map_FOV=84869 pts
[INFO] [1783985815.703146645] [global_localization]: ICP fitness: coarse=1.000, fine=0.967, threshold=0.9
[INFO] [1783985815.703573891] [global_localization]: map→odom: x=0.356 y=-0.618 z=0.163
[WARN] [1783985816.066458992] [global_localization]: No odometry yet, skip odom transform in crop
[INFO] [1783985816.071803201] [global_localization]: ICP input: scan=5075 pts, map_FOV=84869 pts
[INFO] [1783985816.193691694] [global_localization]: ICP fitness: coarse=1.000, fine=0.967, threshold=0.9
[INFO] [1783985816.194093112] [global_localization]: map→odom: x=0.356 y=-0.618 z=0.163
[WARN] [1783985816.566343100] [global_localization]: No odometry yet, skip odom transform in crop
[INFO] [1783985816.570939878] [global_localization]: ICP input: scan=5075 pts, map_FOV=84869 pts
[INFO] [1783985816.703040962] [global_localization]: ICP fitness: coarse=1.000, fine=0.967, threshold=0.9
[INFO] [1783985816.703525210] [global_localization]: map→odom: x=0.356 y=-0.618 z=0.163
[WARN] [1783985817.066491399] [global_localization]: No odometry yet, skip odom transform in crop
[INFO] [1783985817.071465090] [global_localization]: ICP input: scan=5075 pts, map_FOV=84869 pts
[INFO] [1783985817.202764995] [global_localization]: ICP fitness: coarse=1.000, fine=0.967, threshold=0.9
[INFO] [1783985817.203210124] [global_localization]: map→odom: x=0.356 y=-0.618 z=0.163
[WARN] [1783985817.566379592] [global_localization]: No odometry yet, skip odom transform in crop
[INFO] [1783985817.572439810] [global_localization]: ICP input: scan=5075 pts, map_FOV=84869 pts
[INFO] [1783985817.695278864] [global_localization]: ICP fitness: coarse=1.000, fine=0.967, threshold=0.9
[INFO] [1783985817.695729522] [global_localization]: map→odom: x=0.356 y=-0.618 z=0.163
[WARN] [1783985818.066401218] [global_localization]: No odometry yet, skip odom transform in crop
[INFO] [1783985818.071162594] [global_localization]: ICP input: scan=5075 pts, map_FOV=84869 pts
[INFO] [1783985818.194809343] [global_localization]: ICP fitness: coarse=1.000, fine=0.967, threshold=0.9
[INFO] [1783985818.195253994] [global_localization]: map→odom: x=0.356 y=-0.618 z=0.163
[WARN] [1783985818.566438224] [global_localization]: No odometry yet, skip odom transform in crop
[INFO] [1783985818.571128424] [global_localization]: ICP input: scan=5075 pts, map_FOV=84869 pts
[INFO] [1783985818.692309167] [global_localization]: ICP fitness: coarse=1.000, fine=0.967, threshold=0.9
[INFO] [1783985818.692773239] [global_localization]: map→odom: x=0.356 y=-0.618 z=0.163
[WARN] [1783985819.066444442] [global_localization]: No odometry yet, skip odom transform in crop
[INFO] [1783985819.071321872] [global_localization]: ICP input: scan=5075 pts, map_FOV=84869 pts
[INFO] [1783985819.199161721] [global_localization]: ICP fitness: coarse=1.000, fine=0.967, threshold=0.9
[INFO] [1783985819.199597967] [global_localization]: map→odom: x=0.356 y=-0.618 z=0.163
[WARN] [1783985819.566274487] [global_localization]: No odometry yet, skip odom transform in crop
[INFO] [1783985819.571102813] [global_localization]: ICP input: scan=5075 pts, map_FOV=84869 pts
[INFO] [1783985819.697738477] [global_localization]: ICP fitness: coarse=1.000, fine=0.967, threshold=0.9
[INFO] [1783985819.698108257] [global_localization]: map→odom: x=0.356 y=-0.618 z=0.163
[WARN] [1783985820.066572906] [global_localization]: No odometry yet, skip odom transform in crop
[INFO] [1783985820.071503702] [global_localization]: ICP input: scan=5075 pts, map_FOV=84869 pts
[INFO] [1783985820.188500103] [global_localization]: ICP fitness: coarse=1.000, fine=0.967, threshold=0.9
[INFO] [1783985820.188922740] [global_localization]: map→odom: x=0.356 y=-0.618 z=0.163
[WARN] [1783985820.566408525] [global_localization]: No odometry yet, skip odom transform in crop
[INFO] [1783985820.571292192] [global_localization]: ICP input: scan=5075 pts, map_FOV=84869 pts
[INFO] [1783985820.697066058] [global_localization]: ICP fitness: coarse=1.000, fine=0.967, threshold=0.9
[INFO] [1783985820.697498091] [global_localization]: map→odom: x=0.356 y=-0.618 z=0.163
[WARN] [1783985821.066382081] [global_localization]: No odometry yet, skip odom transform in crop
[INFO] [1783985821.073660996] [global_localization]: ICP input: scan=5075 pts, map_FOV=84869 pts
[INFO] [1783985821.188518455] [global_localization]: ICP fitness: coarse=1.000, fine=0.967, threshold=0.9
[INFO] [1783985821.188895279] [global_localization]: map→odom: x=0.356 y=-0.618 z=0.163
[WARN] [1783985821.566312655] [global_localization]: No odometry yet, skip odom transform in crop
[INFO] [1783985821.570829457] [global_localization]: ICP input: scan=5075 pts, map_FOV=84869 pts
[INFO] [1783985821.690191793] [global_localization]: ICP fitness: coarse=1.000, fine=0.967, threshold=0.9
[INFO] [1783985821.690642410] [global_localization]: map→odom: x=0.356 y=-0.618 z=0.163
[WARN] [1783985822.066296093] [global_localization]: No odometry yet, skip odom transform in crop
[INFO] [1783985822.071447525] [global_localization]: ICP input: scan=5075 pts, map_FOV=84869 pts
[INFO] [1783985822.193387030] [global_localization]: ICP fitness: coarse=1.000, fine=0.967, threshold=0.9
[INFO] [1783985822.193818073] [global_localization]: map→odom: x=0.356 y=-0.618 z=0.163
[WARN] [1783985822.566384393] [global_localization]: No odometry yet, skip odom transform in crop
[INFO] [1783985822.571023392] [global_localization]: ICP input: scan=5075 pts, map_FOV=84869 pts
[INFO] [1783985822.694063502] [global_localization]: ICP fitness: coarse=1.000, fine=0.967, threshold=0.9
[INFO] [1783985822.694495592] [global_localization]: map→odom: x=0.356 y=-0.618 z=0.163
[WARN] [1783985823.066354570] [global_localization]: No odometry yet, skip odom transform in crop
[INFO] [1783985823.071259850] [global_localization]: ICP input: scan=5075 pts, map_FOV=84869 pts
[INFO] [1783985823.193708250] [global_localization]: ICP fitness: coarse=1.000, fine=0.967, threshold=0.9
[INFO] [1783985823.194158274] [global_localization]: map→odom: x=0.356 y=-0.618 z=0.163
[WARN] [1783985823.566277211] [global_localization]: No odometry yet, skip odom transform in crop
[INFO] [1783985823.570343480] [global_localization]: ICP input: scan=5075 pts, map_FOV=84869 pts
[INFO] [1783985823.719335804] [global_localization]: ICP fitness: coarse=1.000, fine=0.967, threshold=0.9
[INFO] [1783985823.719772479] [global_localization]: map→odom: x=0.356 y=-0.618 z=0.163
[WARN] [1783985824.066437966] [global_localization]: No odometry yet, skip odom transform in crop
[INFO] [1783985824.071229134] [global_localization]: ICP input: scan=5075 pts, map_FOV=84869 pts
[INFO] [1783985824.191644447] [global_localization]: ICP fitness: coarse=1.000, fine=0.967, threshold=0.9
[INFO] [1783985824.192099150] [global_localization]: map→odom: x=0.356 y=-0.618 z=0.163
[WARN] [1783985824.566316310] [global_localization]: No odometry yet, skip odom transform in crop
[INFO] [1783985824.572580728] [global_localization]: ICP input: scan=5075 pts, map_FOV=84869 pts
[INFO] [1783985824.697138899] [global_localization]: ICP fitness: coarse=1.000, fine=0.967, threshold=0.9
[INFO] [1783985824.697562264] [global_localization]: map→odom: x=0.356 y=-0.618 z=0.163
[WARN] [1783985825.066360353] [global_localization]: No odometry yet, skip odom transform in crop
[INFO] [1783985825.070799038] [global_localization]: ICP input: scan=5075 pts, map_FOV=84869 pts
[INFO] [1783985825.194915142] [global_localization]: ICP fitness: coarse=1.000, fine=0.967, threshold=0.9
[INFO] [1783985825.195427104] [global_localization]: map→odom: x=0.356 y=-0.618 z=0.163
[WARN] [1783985825.566446428] [global_localization]: No odometry yet, skip odom transform in crop
[INFO] [1783985825.571518727] [global_localization]: ICP input: scan=5075 pts, map_FOV=84869 pts
[INFO] [1783985825.696137390] [global_localization]: ICP fitness: coarse=1.000, fine=0.967, threshold=0.9
[INFO] [1783985825.696562576] [global_localization]: map→odom: x=0.356 y=-0.618 z=0.163
[WARN] [1783985826.066395894] [global_localization]: No odometry yet, skip odom transform in crop
[INFO] [1783985826.071249709] [global_localization]: ICP input: scan=5075 pts, map_FOV=84869 pts
[INFO] [1783985826.224466708] [global_localization]: ICP fitness: coarse=1.000, fine=0.967, threshold=0.9
[INFO] [1783985826.224850289] [global_localization]: map→odom: x=0.356 y=-0.618 z=0.163
[WARN] [1783985826.566360208] [global_localization]: No odometry yet, skip odom transform in crop
[INFO] [1783985826.573805508] [global_localization]: ICP input: scan=5075 pts, map_FOV=84869 pts
[INFO] [1783985826.718546766] [global_localization]: ICP fitness: coarse=1.000, fine=0.967, threshold=0.9
[INFO] [1783985826.718983924] [global_localization]: map→odom: x=0.356 y=-0.618 z=0.163
[WARN] [1783985827.066399426] [global_localization]: No odometry yet, skip odom transform in crop
[INFO] [1783985827.071126488] [global_localization]: ICP input: scan=5075 pts, map_FOV=84869 pts
[INFO] [1783985827.193291050] [global_localization]: ICP fitness: coarse=1.000, fine=0.967, threshold=0.9
[INFO] [1783985827.193729203] [global_localization]: map→odom: x=0.356 y=-0.618 z=0.163
[WARN] [1783985827.566357169] [global_localization]: No odometry yet, skip odom transform in crop
[INFO] [1783985827.571085947] [global_localization]: ICP input: scan=5075 pts, map_FOV=84869 pts
[INFO] [1783985827.694911571] [global_localization]: ICP fitness: coarse=1.000, fine=0.967, threshold=0.9
[INFO] [1783985827.695343056] [global_localization]: map→odom: x=0.356 y=-0.618 z=0.163
[WARN] [1783985828.066447221] [global_localization]: No odometry yet, skip odom transform in crop
[INFO] [1783985828.071101177] [global_localization]: ICP input: scan=5075 pts, map_FOV=84869 pts
[INFO] [1783985828.191744385] [global_localization]: ICP fitness: coarse=1.000, fine=0.967, threshold=0.9
[INFO] [1783985828.192170424] [global_localization]: map→odom: x=0.356 y=-0.618 z=0.163
[WARN] [1783985828.566342062] [global_localization]: No odometry yet, skip odom transform in crop
[INFO] [1783985828.570730095] [global_localization]: ICP input: scan=5075 pts, map_FOV=84869 pts
[INFO] [1783985828.718571925] [global_localization]: ICP fitness: coarse=1.000, fine=0.967, threshold=0.9
[INFO] [1783985828.718998482] [global_localization]: map→odom: x=0.356 y=-0.618 z=0.163
[WARN] [1783985829.066381266] [global_localization]: No odometry yet, skip odom transform in crop
[INFO] [1783985829.071420222] [global_localization]: ICP input: scan=5075 pts, map_FOV=84869 pts
[INFO] [1783985829.191988519] [global_localization]: ICP fitness: coarse=1.000, fine=0.967, threshold=0.9
[INFO] [1783985829.192408535] [global_localization]: map→odom: x=0.356 y=-0.618 z=0.163
[WARN] [1783985829.566292064] [global_localization]: No odometry yet, skip odom transform in crop
[INFO] [1783985829.571055778] [global_localization]: ICP input: scan=5075 pts, map_FOV=84869 pts
[INFO] [1783985829.691075826] [global_localization]: ICP fitness: coarse=1.000, fine=0.967, threshold=0.9
[INFO] [1783985829.691494173] [global_localization]: map→odom: x=0.356 y=-0.618 z=0.163
[WARN] [1783985830.066259455] [global_localization]: No odometry yet, skip odom transform in crop
[INFO] [1783985830.071546952] [global_localization]: ICP input: scan=5075 pts, map_FOV=84869 pts
[INFO] [1783985830.209052255] [global_localization]: ICP fitness: coarse=1.000, fine=0.967, threshold=0.9
[INFO] [1783985830.209467952] [global_localization]: map→odom: x=0.356 y=-0.618 z=0.163
[WARN] [1783985830.566312321] [global_localization]: No odometry yet, skip odom transform in crop
[INFO] [1783985830.571517988] [global_localization]: ICP input: scan=5075 pts, map_FOV=84869 pts
[INFO] [1783985830.693372210] [global_localization]: ICP fitness: coarse=1.000, fine=0.967, threshold=0.9
[INFO] [1783985830.693744373] [global_localization]: map→odom: x=0.356 y=-0.618 z=0.163
[WARN] [1783985831.066339796] [global_localization]: No odometry yet, skip odom transform in crop
[INFO] [1783985831.074252292] [global_localization]: ICP input: scan=5075 pts, map_FOV=84869 pts
[INFO] [1783985831.193523503] [global_localization]: ICP fitness: coarse=1.000, fine=0.967, threshold=0.9
[INFO] [1783985831.193990227] [global_localization]: map→odom: x=0.356 y=-0.618 z=0.163
[WARN] [1783985831.566443218] [global_localization]: No odometry yet, skip odom transform in crop
[INFO] [1783985831.571491171] [global_localization]: ICP input: scan=5075 pts, map_FOV=84869 pts
[INFO] [1783985831.688356402] [global_localization]: ICP fitness: coarse=1.000, fine=0.967, threshold=0.9
[INFO] [1783985831.688780141] [global_localization]: map→odom: x=0.356 y=-0.618 z=0.163
[WARN] [1783985832.066310418] [global_localization]: No odometry yet, skip odom transform in crop
[INFO] [1783985832.070998157] [global_localization]: ICP input: scan=5075 pts, map_FOV=84869 pts
[INFO] [1783985832.188814421] [global_localization]: ICP fitness: coarse=1.000, fine=0.967, threshold=0.9
[INFO] [1783985832.189225570] [global_localization]: map→odom: x=0.356 y=-0.618 z=0.163
[WARN] [1783985832.566321016] [global_localization]: No odometry yet, skip odom transform in crop
[INFO] [1783985832.571904997] [global_localization]: ICP input: scan=5075 pts, map_FOV=84869 pts
[INFO] [1783985832.687830525] [global_localization]: ICP fitness: coarse=1.000, fine=0.967, threshold=0.9
[INFO] [1783985832.688256861] [global_localization]: map→odom: x=0.356 y=-0.618 z=0.163
[WARN] [1783985833.066367471] [global_localization]: No odometry yet, skip odom transform in crop
[INFO] [1783985833.071487748] [global_localization]: ICP input: scan=5075 pts, map_FOV=84869 pts
[INFO] [1783985833.192547600] [global_localization]: ICP fitness: coarse=1.000, fine=0.967, threshold=0.9
[INFO] [1783985833.192972888] [global_localization]: map→odom: x=0.356 y=-0.618 z=0.163
[WARN] [1783985833.566298805] [global_localization]: No odometry yet, skip odom transform in crop
[INFO] [1783985833.570660053] [global_localization]: ICP input: scan=5075 pts, map_FOV=84869 pts
[INFO] [1783985833.695428856] [global_localization]: ICP fitness: coarse=1.000, fine=0.967, threshold=0.9
[INFO] [1783985833.695861220] [global_localization]: map→odom: x=0.356 y=-0.618 z=0.163
[WARN] [1783985834.066295434] [global_localization]: No odometry yet, skip odom transform in crop
[INFO] [1783985834.071145714] [global_localization]: ICP input: scan=5075 pts, map_FOV=84869 pts
[INFO] [1783985834.185482949] [global_localization]: ICP fitness: coarse=1.000, fine=0.967, threshold=0.9
[INFO] [1783985834.185947977] [global_localization]: map→odom: x=0.356 y=-0.618 z=0.163
[WARN] [1783985834.566390960] [global_localization]: No odometry yet, skip odom transform in crop
[INFO] [1783985834.570948840] [global_localization]: ICP input: scan=5075 pts, map_FOV=84869 pts
[INFO] [1783985834.692884308] [global_localization]: ICP fitness: coarse=1.000, fine=0.967, threshold=0.9
[INFO] [1783985834.693298910] [global_localization]: map→odom: x=0.356 y=-0.618 z=0.163
[WARN] [1783985835.066326451] [global_localization]: No odometry yet, skip odom transform in crop
[INFO] [1783985835.070569452] [global_localization]: ICP input: scan=5075 pts, map_FOV=84869 pts
[INFO] [1783985835.187168069] [global_localization]: ICP fitness: coarse=1.000, fine=0.967, threshold=0.9
[INFO] [1783985835.187510916] [global_localization]: map→odom: x=0.356 y=-0.618 z=0.163
[WARN] [1783985835.566274337] [global_localization]: No odometry yet, skip odom transform in crop
[INFO] [1783985835.570735429] [global_localization]: ICP input: scan=5075 pts, map_FOV=84869 pts
[INFO] [1783985835.689507957] [global_localization]: ICP fitness: coarse=1.000, fine=0.967, threshold=0.9
[INFO] [1783985835.689884093] [global_localization]: map→odom: x=0.356 y=-0.618 z=0.163
[WARN] [1783985836.066293985] [global_localization]: No odometry yet, skip odom transform in crop
[INFO] [1783985836.071931163] [global_localization]: ICP input: scan=5075 pts, map_FOV=84869 pts
[INFO] [1783985836.189709666] [global_localization]: ICP fitness: coarse=1.000, fine=0.967, threshold=0.9
[INFO] [1783985836.190096606] [global_localization]: map→odom: x=0.356 y=-0.618 z=0.163
[WARN] [1783985836.566301483] [global_localization]: No odometry yet, skip odom transform in crop
[INFO] [1783985836.570803347] [global_localization]: ICP input: scan=5075 pts, map_FOV=84869 pts
[INFO] [1783985836.690888639] [global_localization]: ICP fitness: coarse=1.000, fine=0.967, threshold=0.9
[INFO] [1783985836.691317311] [global_localization]: map→odom: x=0.356 y=-0.618 z=0.163
[WARN] [1783985837.066325800] [global_localization]: No odometry yet, skip odom transform in crop
[INFO] [1783985837.070709117] [global_localization]: ICP input: scan=5075 pts, map_FOV=84869 pts
[INFO] [1783985837.192024411] [global_localization]: ICP fitness: coarse=1.000, fine=0.967, threshold=0.9
[INFO] [1783985837.192456303] [global_localization]: map→odom: x=0.356 y=-0.618 z=0.163
[WARN] [1783985837.566192385] [global_localization]: No odometry yet, skip odom transform in crop
[INFO] [1783985837.570432665] [global_localization]: ICP input: scan=5075 pts, map_FOV=84869 pts
[INFO] [1783985837.712453940] [global_localization]: ICP fitness: coarse=1.000, fine=0.967, threshold=0.9
[INFO] [1783985837.712871629] [global_localization]: map→odom: x=0.356 y=-0.618 z=0.163
[WARN] [1783985838.066231083] [global_localization]: No odometry yet, skip odom transform in crop
[INFO] [1783985838.070714916] [global_localization]: ICP input: scan=5075 pts, map_FOV=84869 pts
[INFO] [1783985838.188152781] [global_localization]: ICP fitness: coarse=1.000, fine=0.967, threshold=0.9
[INFO] [1783985838.188571202] [global_localization]: map→odom: x=0.356 y=-0.618 z=0.163
[WARN] [1783985838.566326275] [global_localization]: No odometry yet, skip odom transform in crop
[INFO] [1783985838.570609728] [global_localization]: ICP input: scan=5075 pts, map_FOV=84869 pts
[INFO] [1783985838.695047264] [global_localization]: ICP fitness: coarse=1.000, fine=0.967, threshold=0.9
[INFO] [1783985838.695472720] [global_localization]: map→odom: x=0.356 y=-0.618 z=0.163
[WARN] [1783985839.066294476] [global_localization]: No odometry yet, skip odom transform in crop
[INFO] [1783985839.070867462] [global_localization]: ICP input: scan=5075 pts, map_FOV=84869 pts
[INFO] [1783985839.188567501] [global_localization]: ICP fitness: coarse=1.000, fine=0.967, threshold=0.9
[INFO] [1783985839.188998218] [global_localization]: map→odom: x=0.356 y=-0.618 z=0.163
[WARN] [1783985839.566337461] [global_localization]: No odometry yet, skip odom transform in crop
[INFO] [1783985839.571140647] [global_localization]: ICP input: scan=5075 pts, map_FOV=84869 pts
[INFO] [1783985839.690248608] [global_localization]: ICP fitness: coarse=1.000, fine=0.967, threshold=0.9
[INFO] [1783985839.690586539] [global_localization]: map→odom: x=0.356 y=-0.618 z=0.163
[WARN] [1783985840.066306388] [global_localization]: No odometry yet, skip odom transform in crop
[INFO] [1783985840.071444674] [global_localization]: ICP input: scan=5075 pts, map_FOV=84869 pts
[INFO] [1783985840.190097340] [global_localization]: ICP fitness: coarse=1.000, fine=0.967, threshold=0.9
[INFO] [1783985840.190450412] [global_localization]: map→odom: x=0.356 y=-0.618 z=0.163
[WARN] [1783985840.566361905] [global_localization]: No odometry yet, skip odom transform in crop
[INFO] [1783985840.570972779] [global_localization]: ICP input: scan=5075 pts, map_FOV=84869 pts
[INFO] [1783985840.689786988] [global_localization]: ICP fitness: coarse=1.000, fine=0.967, threshold=0.9
[INFO] [1783985840.690191404] [global_localization]: map→odom: x=0.356 y=-0.618 z=0.163
[WARN] [1783985841.066278535] [global_localization]: No odometry yet, skip odom transform in crop
[INFO] [1783985841.070794611] [global_localization]: ICP input: scan=5075 pts, map_FOV=84869 pts
[INFO] [1783985841.194964571] [global_localization]: ICP fitness: coarse=1.000, fine=0.967, threshold=0.9
[INFO] [1783985841.195293184] [global_localization]: map→odom: x=0.356 y=-0.618 z=0.163
[WARN] [1783985841.566322538] [global_localization]: No odometry yet, skip odom transform in crop
[INFO] [1783985841.570537124] [global_localization]: ICP input: scan=5075 pts, map_FOV=84869 pts
[INFO] [1783985841.685792672] [global_localization]: ICP fitness: coarse=1.000, fine=0.967, threshold=0.9
[INFO] [1783985841.686196228] [global_localization]: map→odom: x=0.356 y=-0.618 z=0.163
[WARN] [1783985842.066284881] [global_localization]: No odometry yet, skip odom transform in crop
[INFO] [1783985842.070290382] [global_localization]: ICP input: scan=5075 pts, map_FOV=84869 pts
[INFO] [1783985842.193075321] [global_localization]: ICP fitness: coarse=1.000, fine=0.967, threshold=0.9
[INFO] [1783985842.193482146] [global_localization]: map→odom: x=0.356 y=-0.618 z=0.163
[WARN] [1783985842.566362149] [global_localization]: No odometry yet, skip odom transform in crop
[INFO] [1783985842.572263412] [global_localization]: ICP input: scan=5075 pts, map_FOV=84869 pts
[INFO] [1783985842.691476982] [global_localization]: ICP fitness: coarse=1.000, fine=0.967, threshold=0.9
[INFO] [1783985842.691878487] [global_localization]: map→odom: x=0.356 y=-0.618 z=0.163
[WARN] [1783985843.066462931] [global_localization]: No odometry yet, skip odom transform in crop
[INFO] [1783985843.071516051] [global_localization]: ICP input: scan=5075 pts, map_FOV=84869 pts
[INFO] [1783985843.189942467] [global_localization]: ICP fitness: coarse=1.000, fine=0.967, threshold=0.9
[INFO] [1783985843.190356884] [global_localization]: map→odom: x=0.356 y=-0.618 z=0.163
[WARN] [1783985843.566212836] [global_localization]: No odometry yet, skip odom transform in crop
[INFO] [1783985843.570365178] [global_localization]: ICP input: scan=5075 pts, map_FOV=84869 pts
[INFO] [1783985843.690158242] [global_localization]: ICP fitness: coarse=1.000, fine=0.967, threshold=0.9
[INFO] [1783985843.690543483] [global_localization]: map→odom: x=0.356 y=-0.618 z=0.163
[WARN] [1783985844.066272273] [global_localization]: No odometry yet, skip odom transform in crop
[INFO] [1783985844.070106054] [global_localization]: ICP input: scan=5075 pts, map_FOV=84869 pts
[INFO] [1783985844.200997051] [global_localization]: ICP fitness: coarse=1.000, fine=0.967, threshold=0.9
[INFO] [1783985844.201420666] [global_localization]: map→odom: x=0.356 y=-0.618 z=0.163
[WARN] [1783985844.566252704] [global_localization]: No odometry yet, skip odom transform in crop
[INFO] [1783985844.570298217] [global_localization]: ICP input: scan=5075 pts, map_FOV=84869 pts
[INFO] [1783985844.692855088] [global_localization]: ICP fitness: coarse=1.000, fine=0.967, threshold=0.9
[INFO] [1783985844.693257987] [global_localization]: map→odom: x=0.356 y=-0.618 z=0.163
[WARN] [1783985845.066416476] [global_localization]: No odometry yet, skip odom transform in crop
[INFO] [1783985845.073153244] [global_localization]: ICP input: scan=5075 pts, map_FOV=84869 pts
[INFO] [1783985845.188257070] [global_localization]: ICP fitness: coarse=1.000, fine=0.967, threshold=0.9
[INFO] [1783985845.188590595] [global_localization]: map→odom: x=0.356 y=-0.618 z=0.163
[WARN] [1783985845.566343744] [global_localization]: No odometry yet, skip odom transform in crop
[INFO] [1783985845.570855981] [global_localization]: ICP input: scan=5075 pts, map_FOV=84869 pts
[INFO] [1783985845.686100107] [global_localization]: ICP fitness: coarse=1.000, fine=0.967, threshold=0.9
[INFO] [1783985845.686504475] [global_localization]: map→odom: x=0.356 y=-0.618 z=0.163
[WARN] [1783985846.066256798] [global_localization]: No odometry yet, skip odom transform in crop
[INFO] [1783985846.070157940] [global_localization]: ICP input: scan=5075 pts, map_FOV=84869 pts
[INFO] [1783985846.188540892] [global_localization]: ICP fitness: coarse=1.000, fine=0.967, threshold=0.9
[INFO] [1783985846.188960475] [global_localization]: map→odom: x=0.356 y=-0.618 z=0.163
[WARN] [1783985846.566327263] [global_localization]: No odometry yet, skip odom transform in crop
[INFO] [1783985846.570595310] [global_localization]: ICP input: scan=5075 pts, map_FOV=84869 pts
[INFO] [1783985846.689040262] [global_localization]: ICP fitness: coarse=1.000, fine=0.967, threshold=0.9
[INFO] [1783985846.689439396] [global_localization]: map→odom: x=0.356 y=-0.618 z=0.163
[WARN] [1783985847.066346564] [global_localization]: No odometry yet, skip odom transform in crop
[INFO] [1783985847.070303233] [global_localization]: ICP input: scan=5075 pts, map_FOV=84869 pts
[INFO] [1783985847.184428812] [global_localization]: ICP fitness: coarse=1.000, fine=0.967, threshold=0.9
[INFO] [1783985847.184845741] [global_localization]: map→odom: x=0.356 y=-0.618 z=0.163
[WARN] [1783985847.566306777] [global_localization]: No odometry yet, skip odom transform in crop
[INFO] [1783985847.570364622] [global_localization]: ICP input: scan=5075 pts, map_FOV=84869 pts
[INFO] [1783985847.693825646] [global_localization]: ICP fitness: coarse=1.000, fine=0.967, threshold=0.9
[INFO] [1783985847.694233405] [global_localization]: map→odom: x=0.356 y=-0.618 z=0.163
[WARN] [1783985848.066427956] [global_localization]: No odometry yet, skip odom transform in crop
[INFO] [1783985848.074512934] [global_localization]: ICP input: scan=5075 pts, map_FOV=84869 pts
[INFO] [1783985848.187564197] [global_localization]: ICP fitness: coarse=1.000, fine=0.967, threshold=0.9
[INFO] [1783985848.187985684] [global_localization]: map→odom: x=0.356 y=-0.618 z=0.163
[WARN] [1783985848.566528759] [global_localization]: No odometry yet, skip odom transform in crop
[INFO] [1783985848.570922743] [global_localization]: ICP input: scan=5075 pts, map_FOV=84869 pts
[INFO] [1783985848.693897572] [global_localization]: ICP fitness: coarse=1.000, fine=0.967, threshold=0.9
[INFO] [1783985848.694305904] [global_localization]: map→odom: x=0.356 y=-0.618 z=0.163
[WARN] [1783985849.066335816] [global_localization]: No odometry yet, skip odom transform in crop
[INFO] [1783985849.070975469] [global_localization]: ICP input: scan=5075 pts, map_FOV=84869 pts
[INFO] [1783985849.185535617] [global_localization]: ICP fitness: coarse=1.000, fine=0.967, threshold=0.9
[INFO] [1783985849.185987062] [global_localization]: map→odom: x=0.356 y=-0.618 z=0.163
[WARN] [1783985849.566302395] [global_localization]: No odometry yet, skip odom transform in crop
[INFO] [1783985849.570362771] [global_localization]: ICP input: scan=5075 pts, map_FOV=84869 pts
[INFO] [1783985849.691856843] [global_localization]: ICP fitness: coarse=1.000, fine=0.967, threshold=0.9
[INFO] [1783985849.692261438] [global_localization]: map→odom: x=0.356 y=-0.618 z=0.163
[WARN] [1783985850.066324788] [global_localization]: No odometry yet, skip odom transform in crop
[INFO] [1783985850.070802172] [global_localization]: ICP input: scan=5075 pts, map_FOV=84869 pts
[INFO] [1783985850.189248437] [global_localization]: ICP fitness: coarse=1.000, fine=0.967, threshold=0.9
[INFO] [1783985850.189622142] [global_localization]: map→odom: x=0.356 y=-0.618 z=0.163
[WARN] [1783985850.566370110] [global_localization]: No odometry yet, skip odom transform in crop
[INFO] [1783985850.571010994] [global_localization]: ICP input: scan=5075 pts, map_FOV=84869 pts
[INFO] [1783985850.685941577] [global_localization]: ICP fitness: coarse=1.000, fine=0.967, threshold=0.9
[INFO] [1783985850.686396996] [global_localization]: map→odom: x=0.356 y=-0.618 z=0.163
[WARN] [1783985851.066160565] [global_localization]: No odometry yet, skip odom transform in crop
[INFO] [1783985851.070436491] [global_localization]: ICP input: scan=5075 pts, map_FOV=84869 pts
[INFO] [1783985851.186121044] [global_localization]: ICP fitness: coarse=1.000, fine=0.967, threshold=0.9
[INFO] [1783985851.186470850] [global_localization]: map→odom: x=0.356 y=-0.618 z=0.163
[WARN] [1783985851.566373861] [global_localization]: No odometry yet, skip odom transform in crop
[INFO] [1783985851.570732609] [global_localization]: ICP input: scan=5075 pts, map_FOV=84869 pts
[INFO] [1783985851.697080412] [global_localization]: ICP fitness: coarse=1.000, fine=0.967, threshold=0.9
[INFO] [1783985851.697428457] [global_localization]: map→odom: x=0.356 y=-0.618 z=0.163
[WARN] [1783985852.066158343] [global_localization]: No odometry yet, skip odom transform in crop
[INFO] [1783985852.070693700] [global_localization]: ICP input: scan=5075 pts, map_FOV=84869 pts
[INFO] [1783985852.192431703] [global_localization]: ICP fitness: coarse=1.000, fine=0.967, threshold=0.9
[INFO] [1783985852.192835993] [global_localization]: map→odom: x=0.356 y=-0.618 z=0.163
[WARN] [1783985852.566329443] [global_localization]: No odometry yet, skip odom transform in crop
[INFO] [1783985852.570634914] [global_localization]: ICP input: scan=5075 pts, map_FOV=84869 pts
[INFO] [1783985852.689389278] [global_localization]: ICP fitness: coarse=1.000, fine=0.967, threshold=0.9
[INFO] [1783985852.689755484] [global_localization]: map→odom: x=0.356 y=-0.618 z=0.163
[WARN] [1783985853.066203167] [global_localization]: No odometry yet, skip odom transform in crop
[INFO] [1783985853.070392416] [global_localization]: ICP input: scan=5075 pts, map_FOV=84869 pts
[INFO] [1783985853.189743767] [global_localization]: ICP fitness: coarse=1.000, fine=0.967, threshold=0.9
[INFO] [1783985853.190064778] [global_localization]: map→odom: x=0.356 y=-0.618 z=0.163
[WARN] [1783985853.566300444] [global_localization]: No odometry yet, skip odom transform in crop
[INFO] [1783985853.570554163] [global_localization]: ICP input: scan=5075 pts, map_FOV=84869 pts
[INFO] [1783985853.690046203] [global_localization]: ICP fitness: coarse=1.000, fine=0.967, threshold=0.9
[INFO] [1783985853.690422357] [global_localization]: map→odom: x=0.356 y=-0.618 z=0.163
[WARN] [1783985854.066277609] [global_localization]: No odometry yet, skip odom transform in crop
[INFO] [1783985854.070964485] [global_localization]: ICP input: scan=5075 pts, map_FOV=84869 pts
[INFO] [1783985854.185518819] [global_localization]: ICP fitness: coarse=1.000, fine=0.967, threshold=0.9
[INFO] [1783985854.185935696] [global_localization]: map→odom: x=0.356 y=-0.618 z=0.163
[WARN] [1783985854.566339699] [global_localization]: No odometry yet, skip odom transform in crop
[INFO] [1783985854.571264685] [global_localization]: ICP input: scan=5075 pts, map_FOV=84869 pts
[INFO] [1783985854.688063220] [global_localization]: ICP fitness: coarse=1.000, fine=0.967, threshold=0.9
[INFO] [1783985854.688443566] [global_localization]: map→odom: x=0.356 y=-0.618 z=0.163
[WARN] [1783985855.066272390] [global_localization]: No odometry yet, skip odom transform in crop
[INFO] [1783985855.069916484] [global_localization]: ICP input: scan=5075 pts, map_FOV=84869 pts
[INFO] [1783985855.190114005] [global_localization]: ICP fitness: coarse=1.000, fine=0.967, threshold=0.9
[INFO] [1783985855.190518500] [global_localization]: map→odom: x=0.356 y=-0.618 z=0.163
[WARN] [1783985855.566318344] [global_localization]: No odometry yet, skip odom transform in crop
[INFO] [1783985855.570483146] [global_localization]: ICP input: scan=5075 pts, map_FOV=84869 pts
[INFO] [1783985855.692971961] [global_localization]: ICP fitness: coarse=1.000, fine=0.967, threshold=0.9
[INFO] [1783985855.693355606] [global_localization]: map→odom: x=0.356 y=-0.618 z=0.163
[WARN] [1783985856.066383362] [global_localization]: No odometry yet, skip odom transform in crop
[INFO] [1783985856.071591857] [global_localization]: ICP input: scan=5075 pts, map_FOV=84869 pts
[INFO] [1783985856.190552331] [global_localization]: ICP fitness: coarse=1.000, fine=0.967, threshold=0.9
[INFO] [1783985856.190946209] [global_localization]: map→odom: x=0.356 y=-0.618 z=0.163
[WARN] [1783985856.566281223] [global_localization]: No odometry yet, skip odom transform in crop
[INFO] [1783985856.570650500] [global_localization]: ICP input: scan=5075 pts, map_FOV=84869 pts
[INFO] [1783985856.686769567] [global_localization]: ICP fitness: coarse=1.000, fine=0.967, threshold=0.9
[INFO] [1783985856.687155993] [global_localization]: map→odom: x=0.356 y=-0.618 z=0.163
[WARN] [1783985857.066299105] [global_localization]: No odometry yet, skip odom transform in crop
[INFO] [1783985857.070917092] [global_localization]: ICP input: scan=5075 pts, map_FOV=84869 pts
[INFO] [1783985857.188425743] [global_localization]: ICP fitness: coarse=1.000, fine=0.967, threshold=0.9
[INFO] [1783985857.188826087] [global_localization]: map→odom: x=0.356 y=-0.618 z=0.163
[WARN] [1783985857.566298306] [global_localization]: No odometry yet, skip odom transform in crop
[INFO] [1783985857.570519120] [global_localization]: ICP input: scan=5075 pts, map_FOV=84869 pts
[INFO] [1783985857.692225991] [global_localization]: ICP fitness: coarse=1.000, fine=0.967, threshold=0.9
[INFO] [1783985857.692621308] [global_localization]: map→odom: x=0.356 y=-0.618 z=0.163
[WARN] [1783985858.066309930] [global_localization]: No odometry yet, skip odom transform in crop
[INFO] [1783985858.071709360] [global_localization]: ICP input: scan=5075 pts, map_FOV=84869 pts
[INFO] [1783985858.186091168] [global_localization]: ICP fitness: coarse=1.000, fine=0.967, threshold=0.9
[INFO] [1783985858.186483614] [global_localization]: map→odom: x=0.356 y=-0.618 z=0.163
[WARN] [1783985858.566187193] [global_localization]: No odometry yet, skip odom transform in crop
[INFO] [1783985858.571412133] [global_localization]: ICP input: scan=5075 pts, map_FOV=84869 pts
[INFO] [1783985858.683840362] [global_localization]: ICP fitness: coarse=1.000, fine=0.967, threshold=0.9
[INFO] [1783985858.684180432] [global_localization]: map→odom: x=0.356 y=-0.618 z=0.163
[WARN] [1783985859.066304048] [global_localization]: No odometry yet, skip odom transform in crop
[INFO] [1783985859.070495512] [global_localization]: ICP input: scan=5075 pts, map_FOV=84869 pts
[INFO] [1783985859.186473810] [global_localization]: ICP fitness: coarse=1.000, fine=0.967, threshold=0.9
[INFO] [1783985859.186872190] [global_localization]: map→odom: x=0.356 y=-0.618 z=0.163
[WARN] [1783985859.566272328] [global_localization]: No odometry yet, skip odom transform in crop
[INFO] [1783985859.570815279] [global_localization]: ICP input: scan=5075 pts, map_FOV=84869 pts
[INFO] [1783985859.688388703] [global_localization]: ICP fitness: coarse=1.000, fine=0.967, threshold=0.9
[INFO] [1783985859.688784059] [global_localization]: map→odom: x=0.356 y=-0.618 z=0.163
[WARN] [1783985860.066334959] [global_localization]: No odometry yet, skip odom transform in crop
[INFO] [1783985860.071284537] [global_localization]: ICP input: scan=5075 pts, map_FOV=84869 pts
[INFO] [1783985860.193409240] [global_localization]: ICP fitness: coarse=1.000, fine=0.967, threshold=0.9
[INFO] [1783985860.193758458] [global_localization]: map→odom: x=0.356 y=-0.618 z=0.163
[WARN] [1783985860.566303648] [global_localization]: No odometry yet, skip odom transform in crop
[INFO] [1783985860.570750813] [global_localization]: ICP input: scan=5075 pts, map_FOV=84869 pts
[INFO] [1783985860.688306559] [global_localization]: ICP fitness: coarse=1.000, fine=0.967, threshold=0.9
[INFO] [1783985860.688702936] [global_localization]: map→odom: x=0.356 y=-0.618 z=0.163
[WARN] [1783985861.066341068] [global_localization]: No odometry yet, skip odom transform in crop
[INFO] [1783985861.070912877] [global_localization]: ICP input: scan=5075 pts, map_FOV=84869 pts
[INFO] [1783985861.189074745] [global_localization]: ICP fitness: coarse=1.000, fine=0.967, threshold=0.9
[INFO] [1783985861.189438591] [global_localization]: map→odom: x=0.356 y=-0.618 z=0.163
[WARN] [1783985861.566291539] [global_localization]: No odometry yet, skip odom transform in crop
[INFO] [1783985861.571475156] [global_localization]: ICP input: scan=5075 pts, map_FOV=84869 pts
[INFO] [1783985861.686386952] [global_localization]: ICP fitness: coarse=1.000, fine=0.967, threshold=0.9
[INFO] [1783985861.686786656] [global_localization]: map→odom: x=0.356 y=-0.618 z=0.163
[WARN] [1783985862.066303400] [global_localization]: No odometry yet, skip odom transform in crop
[INFO] [1783985862.070739499] [global_localization]: ICP input: scan=5075 pts, map_FOV=84869 pts
[INFO] [1783985862.185529303] [global_localization]: ICP fitness: coarse=1.000, fine=0.967, threshold=0.9
[INFO] [1783985862.185934034] [global_localization]: map→odom: x=0.356 y=-0.618 z=0.163
[WARN] [1783985862.566501822] [global_localization]: No odometry yet, skip odom transform in crop
[INFO] [1783985862.570956614] [global_localization]: ICP input: scan=5075 pts, map_FOV=84869 pts
[INFO] [1783985862.686915969] [global_localization]: ICP fitness: coarse=1.000, fine=0.967, threshold=0.9
[INFO] [1783985862.687247022] [global_localization]: map→odom: x=0.356 y=-0.618 z=0.163
[WARN] [1783985863.066335824] [global_localization]: No odometry yet, skip odom transform in crop
[INFO] [1783985863.070884475] [global_localization]: ICP input: scan=5075 pts, map_FOV=84869 pts
[INFO] [1783985863.190106966] [global_localization]: ICP fitness: coarse=1.000, fine=0.967, threshold=0.9
[INFO] [1783985863.190524856] [global_localization]: map→odom: x=0.356 y=-0.618 z=0.163
[WARN] [1783985863.566330835] [global_localization]: No odometry yet, skip odom transform in crop
[INFO] [1783985863.571347287] [global_localization]: ICP input: scan=5075 pts, map_FOV=84869 pts
[INFO] [1783985863.688770987] [global_localization]: ICP fitness: coarse=1.000, fine=0.967, threshold=0.9
[INFO] [1783985863.689159067] [global_localization]: map→odom: x=0.356 y=-0.618 z=0.163
[WARN] [1783985864.066296745] [global_localization]: No odometry yet, skip odom transform in crop
[INFO] [1783985864.070297186] [global_localization]: ICP input: scan=5075 pts, map_FOV=84869 pts
[INFO] [1783985864.190207220] [global_localization]: ICP fitness: coarse=1.000, fine=0.967, threshold=0.9
[INFO] [1783985864.190547888] [global_localization]: map→odom: x=0.356 y=-0.618 z=0.163
[WARN] [1783985864.566319397] [global_localization]: No odometry yet, skip odom transform in crop
[INFO] [1783985864.570361187] [global_localization]: ICP input: scan=5075 pts, map_FOV=84869 pts
[INFO] [1783985864.688676562] [global_localization]: ICP fitness: coarse=1.000, fine=0.967, threshold=0.9
[INFO] [1783985864.689069310] [global_localization]: map→odom: x=0.356 y=-0.618 z=0.163
[WARN] [1783985865.066537486] [global_localization]: No odometry yet, skip odom transform in crop
[INFO] [1783985865.071488181] [global_localization]: ICP input: scan=5075 pts, map_FOV=84869 pts
[INFO] [1783985865.184418183] [global_localization]: ICP fitness: coarse=1.000, fine=0.967, threshold=0.9
[INFO] [1783985865.184749645] [global_localization]: map→odom: x=0.356 y=-0.618 z=0.163
[WARN] [1783985865.566298617] [global_localization]: No odometry yet, skip odom transform in crop
[INFO] [1783985865.570808737] [global_localization]: ICP input: scan=5075 pts, map_FOV=84869 pts
[INFO] [1783985865.685076830] [global_localization]: ICP fitness: coarse=1.000, fine=0.967, threshold=0.9
[INFO] [1783985865.685501371] [global_localization]: map→odom: x=0.356 y=-0.618 z=0.163
[WARN] [1783985866.066265346] [global_localization]: No odometry yet, skip odom transform in crop
[INFO] [1783985866.070940759] [global_localization]: ICP input: scan=5075 pts, map_FOV=84869 pts
[INFO] [1783985866.183924831] [global_localization]: ICP fitness: coarse=1.000, fine=0.967, threshold=0.9
[INFO] [1783985866.184318353] [global_localization]: map→odom: x=0.356 y=-0.618 z=0.163
[WARN] [1783985866.566483992] [global_localization]: No odometry yet, skip odom transform in crop
[INFO] [1783985866.570762360] [global_localization]: ICP input: scan=5075 pts, map_FOV=84869 pts
[INFO] [1783985866.687225577] [global_localization]: ICP fitness: coarse=1.000, fine=0.967, threshold=0.9
[INFO] [1783985866.687610929] [global_localization]: map→odom: x=0.356 y=-0.618 z=0.163
[WARN] [1783985867.066394157] [global_localization]: No odometry yet, skip odom transform in crop
[INFO] [1783985867.072903882] [global_localization]: ICP input: scan=5075 pts, map_FOV=84869 pts
[INFO] [1783985867.187704516] [global_localization]: ICP fitness: coarse=1.000, fine=0.967, threshold=0.9
[INFO] [1783985867.188047874] [global_localization]: map→odom: x=0.356 y=-0.618 z=0.163
[WARN] [1783985867.566249061] [global_localization]: No odometry yet, skip odom transform in crop
[INFO] [1783985867.570214392] [global_localization]: ICP input: scan=5075 pts, map_FOV=84869 pts
[INFO] [1783985867.681806154] [global_localization]: ICP fitness: coarse=1.000, fine=0.967, threshold=0.9
[INFO] [1783985867.682188591] [global_localization]: map→odom: x=0.356 y=-0.618 z=0.163
[WARN] [1783985868.066320296] [global_localization]: No odometry yet, skip odom transform in crop
[INFO] [1783985868.070400268] [global_localization]: ICP input: scan=5075 pts, map_FOV=84869 pts
[INFO] [1783985868.189975885] [global_localization]: ICP fitness: coarse=1.000, fine=0.967, threshold=0.9
[INFO] [1783985868.190359255] [global_localization]: map→odom: x=0.356 y=-0.618 z=0.163
[WARN] [1783985868.566224707] [global_localization]: No odometry yet, skip odom transform in crop
[INFO] [1783985868.570374765] [global_localization]: ICP input: scan=5075 pts, map_FOV=84869 pts
[INFO] [1783985868.690081352] [global_localization]: ICP fitness: coarse=1.000, fine=0.967, threshold=0.9
[INFO] [1783985868.690396441] [global_localization]: map→odom: x=0.356 y=-0.618 z=0.163
[WARN] [1783985869.066355479] [global_localization]: No odometry yet, skip odom transform in crop
[INFO] [1783985869.071063117] [global_localization]: ICP input: scan=5075 pts, map_FOV=84869 pts
[INFO] [1783985869.186522276] [global_localization]: ICP fitness: coarse=1.000, fine=0.967, threshold=0.9
[INFO] [1783985869.186853834] [global_localization]: map→odom: x=0.356 y=-0.618 z=0.163
[WARN] [1783985869.566212661] [global_localization]: No odometry yet, skip odom transform in crop
[INFO] [1783985869.570011464] [global_localization]: ICP input: scan=5075 pts, map_FOV=84869 pts
[INFO] [1783985869.688230181] [global_localization]: ICP fitness: coarse=1.000, fine=0.967, threshold=0.9
[INFO] [1783985869.688631300] [global_localization]: map→odom: x=0.356 y=-0.618 z=0.163
[WARN] [1783985870.066261450] [global_localization]: No odometry yet, skip odom transform in crop
[INFO] [1783985870.070758236] [global_localization]: ICP input: scan=5075 pts, map_FOV=84869 pts
[INFO] [1783985870.189231450] [global_localization]: ICP fitness: coarse=1.000, fine=0.967, threshold=0.9
[INFO] [1783985870.189615228] [global_localization]: map→odom: x=0.356 y=-0.618 z=0.163
[WARN] [1783985870.566382980] [global_localization]: No odometry yet, skip odom transform in crop
[INFO] [1783985870.570797185] [global_localization]: ICP input: scan=5075 pts, map_FOV=84869 pts
[INFO] [1783985870.692541499] [global_localization]: ICP fitness: coarse=1.000, fine=0.967, threshold=0.9
[INFO] [1783985870.692939991] [global_localization]: map→odom: x=0.356 y=-0.618 z=0.163
[WARN] [1783985871.066226465] [global_localization]: No odometry yet, skip odom transform in crop
[INFO] [1783985871.071166721] [global_localization]: ICP input: scan=5075 pts, map_FOV=84869 pts
[INFO] [1783985871.188225163] [global_localization]: ICP fitness: coarse=1.000, fine=0.967, threshold=0.9
[INFO] [1783985871.188552770] [global_localization]: map→odom: x=0.356 y=-0.618 z=0.163
[WARN] [1783985871.566267217] [global_localization]: No odometry yet, skip odom transform in crop
[INFO] [1783985871.570992353] [global_localization]: ICP input: scan=5075 pts, map_FOV=84869 pts
[INFO] [1783985871.685153162] [global_localization]: ICP fitness: coarse=1.000, fine=0.967, threshold=0.9
[INFO] [1783985871.685511120] [global_localization]: map→odom: x=0.356 y=-0.618 z=0.163
[WARN] [1783985872.066270488] [global_localization]: No odometry yet, skip odom transform in crop
[INFO] [1783985872.071852906] [global_localization]: ICP input: scan=5075 pts, map_FOV=84869 pts
[INFO] [1783985872.177406566] [global_localization]: ICP fitness: coarse=1.000, fine=0.967, threshold=0.9
[INFO] [1783985872.177799656] [global_localization]: map→odom: x=0.356 y=-0.618 z=0.163
[WARN] [1783985872.566254506] [global_localization]: No odometry yet, skip odom transform in crop
[INFO] [1783985872.571151961] [global_localization]: ICP input: scan=5075 pts, map_FOV=84869 pts
[INFO] [1783985872.693188652] [global_localization]: ICP fitness: coarse=1.000, fine=0.967, threshold=0.9
[INFO] [1783985872.693534097] [global_localization]: map→odom: x=0.356 y=-0.618 z=0.163
[WARN] [1783985873.066347794] [global_localization]: No odometry yet, skip odom transform in crop
[INFO] [1783985873.070847204] [global_localization]: ICP input: scan=5075 pts, map_FOV=84869 pts
[INFO] [1783985873.188595436] [global_localization]: ICP fitness: coarse=1.000, fine=0.967, threshold=0.9
[INFO] [1783985873.188956263] [global_localization]: map→odom: x=0.356 y=-0.618 z=0.163
[WARN] [1783985873.566283353] [global_localization]: No odometry yet, skip odom transform in crop
[INFO] [1783985873.570780135] [global_localization]: ICP input: scan=5075 pts, map_FOV=84869 pts
[INFO] [1783985873.686024870] [global_localization]: ICP fitness: coarse=1.000, fine=0.967, threshold=0.9
[INFO] [1783985873.686370092] [global_localization]: map→odom: x=0.356 y=-0.618 z=0.163
[WARN] [1783985874.066273986] [global_localization]: No odometry yet, skip odom transform in crop
[INFO] [1783985874.070652736] [global_localization]: ICP input: scan=5075 pts, map_FOV=84869 pts
[INFO] [1783985874.185089862] [global_localization]: ICP fitness: coarse=1.000, fine=0.967, threshold=0.9
[INFO] [1783985874.185473693] [global_localization]: map→odom: x=0.356 y=-0.618 z=0.163
[WARN] [1783985874.566368368] [global_localization]: No odometry yet, skip odom transform in crop
[INFO] [1783985874.570505780] [global_localization]: ICP input: scan=5075 pts, map_FOV=84869 pts
[INFO] [1783985874.688685062] [global_localization]: ICP fitness: coarse=1.000, fine=0.967, threshold=0.9
[INFO] [1783985874.689014342] [global_localization]: map→odom: x=0.356 y=-0.618 z=0.163
[WARN] [1783985875.066270034] [global_localization]: No odometry yet, skip odom transform in crop
[INFO] [1783985875.072212525] [global_localization]: ICP input: scan=5075 pts, map_FOV=84869 pts
[INFO] [1783985875.190293690] [global_localization]: ICP fitness: coarse=1.000, fine=0.967, threshold=0.9
[INFO] [1783985875.190672069] [global_localization]: map→odom: x=0.356 y=-0.618 z=0.163
[WARN] [1783985875.566361587] [global_localization]: No odometry yet, skip odom transform in crop
[INFO] [1783985875.571174488] [global_localization]: ICP input: scan=5075 pts, map_FOV=84869 pts
[INFO] [1783985875.689571386] [global_localization]: ICP fitness: coarse=1.000, fine=0.967, threshold=0.9
[INFO] [1783985875.689966032] [global_localization]: map→odom: x=0.356 y=-0.618 z=0.163
[WARN] [1783985876.066300740] [global_localization]: No odometry yet, skip odom transform in crop
[INFO] [1783985876.072183901] [global_localization]: ICP input: scan=5075 pts, map_FOV=84869 pts
[INFO] [1783985876.191100479] [global_localization]: ICP fitness: coarse=1.000, fine=0.967, threshold=0.9
[INFO] [1783985876.191495440] [global_localization]: map→odom: x=0.356 y=-0.618 z=0.163
[WARN] [1783985876.566371150] [global_localization]: No odometry yet, skip odom transform in crop
[INFO] [1783985876.570755725] [global_localization]: ICP input: scan=5075 pts, map_FOV=84869 pts
[INFO] [1783985876.689499688] [global_localization]: ICP fitness: coarse=1.000, fine=0.967, threshold=0.9
[INFO] [1783985876.689901155] [global_localization]: map→odom: x=0.356 y=-0.618 z=0.163
[WARN] [1783985877.066316622] [global_localization]: No odometry yet, skip odom transform in crop
[INFO] [1783985877.070490020] [global_localization]: ICP input: scan=5075 pts, map_FOV=84869 pts
[INFO] [1783985877.197650258] [global_localization]: ICP fitness: coarse=1.000, fine=0.967, threshold=0.9
[INFO] [1783985877.198070957] [global_localization]: map→odom: x=0.356 y=-0.618 z=0.163
[WARN] [1783985877.566348805] [global_localization]: No odometry yet, skip odom transform in crop
[INFO] [1783985877.571095644] [global_localization]: ICP input: scan=5075 pts, map_FOV=84869 pts
[INFO] [1783985877.684936224] [global_localization]: ICP fitness: coarse=1.000, fine=0.967, threshold=0.9
[INFO] [1783985877.685264825] [global_localization]: map→odom: x=0.356 y=-0.618 z=0.163
[WARN] [1783985878.066440155] [global_localization]: No odometry yet, skip odom transform in crop
[INFO] [1783985878.073222444] [global_localization]: ICP input: scan=5075 pts, map_FOV=84869 pts
[INFO] [1783985878.196717526] [global_localization]: ICP fitness: coarse=1.000, fine=0.967, threshold=0.9
[INFO] [1783985878.197106039] [global_localization]: map→odom: x=0.356 y=-0.618 z=0.163
[WARN] [1783985878.566417059] [global_localization]: No odometry yet, skip odom transform in crop
[INFO] [1783985878.570791211] [global_localization]: ICP input: scan=5075 pts, map_FOV=84869 pts
[INFO] [1783985878.692028820] [global_localization]: ICP fitness: coarse=1.000, fine=0.967, threshold=0.9
[INFO] [1783985878.692360554] [global_localization]: map→odom: x=0.356 y=-0.618 z=0.163
[WARN] [1783985879.066411304] [global_localization]: No odometry yet, skip odom transform in crop
[INFO] [1783985879.072379166] [global_localization]: ICP input: scan=5075 pts, map_FOV=84869 pts
[INFO] [1783985879.193436123] [global_localization]: ICP fitness: coarse=1.000, fine=0.967, threshold=0.9
[INFO] [1783985879.193860311] [global_localization]: map→odom: x=0.356 y=-0.618 z=0.163
[WARN] [1783985879.566293166] [global_localization]: No odometry yet, skip odom transform in crop
[INFO] [1783985879.570964372] [global_localization]: ICP input: scan=5075 pts, map_FOV=84869 pts
[INFO] [1783985879.680339073] [global_localization]: ICP fitness: coarse=1.000, fine=0.967, threshold=0.9
[INFO] [1783985879.680660575] [global_localization]: map→odom: x=0.356 y=-0.618 z=0.163
[WARN] [1783985880.066411971] [global_localization]: No odometry yet, skip odom transform in crop
[INFO] [1783985880.071183717] [global_localization]: ICP input: scan=5075 pts, map_FOV=84869 pts
[INFO] [1783985880.185925727] [global_localization]: ICP fitness: coarse=1.000, fine=0.967, threshold=0.9
[INFO] [1783985880.186321339] [global_localization]: map→odom: x=0.356 y=-0.618 z=0.163
[WARN] [1783985880.566463112] [global_localization]: No odometry yet, skip odom transform in crop
[INFO] [1783985880.571100860] [global_localization]: ICP input: scan=5075 pts, map_FOV=84869 pts
[INFO] [1783985880.685509872] [global_localization]: ICP fitness: coarse=1.000, fine=0.967, threshold=0.9
[INFO] [1783985880.685877507] [global_localization]: map→odom: x=0.356 y=-0.618 z=0.163
[WARN] [1783985881.066196236] [global_localization]: No odometry yet, skip odom transform in crop
[INFO] [1783985881.072036030] [global_localization]: ICP input: scan=5075 pts, map_FOV=84869 pts
[INFO] [1783985881.192483355] [global_localization]: ICP fitness: coarse=1.000, fine=0.967, threshold=0.9
[INFO] [1783985881.192884276] [global_localization]: map→odom: x=0.356 y=-0.618 z=0.163
[WARN] [1783985881.566322986] [global_localization]: No odometry yet, skip odom transform in crop
[INFO] [1783985881.570627521] [global_localization]: ICP input: scan=5075 pts, map_FOV=84869 pts
[INFO] [1783985881.685643674] [global_localization]: ICP fitness: coarse=1.000, fine=0.967, threshold=0.9
[INFO] [1783985881.685978635] [global_localization]: map→odom: x=0.356 y=-0.618 z=0.163
[WARN] [1783985882.066288957] [global_localization]: No odometry yet, skip odom transform in crop
[INFO] [1783985882.070977031] [global_localization]: ICP input: scan=5075 pts, map_FOV=84869 pts
[INFO] [1783985882.185215617] [global_localization]: ICP fitness: coarse=1.000, fine=0.967, threshold=0.9
[INFO] [1783985882.185565079] [global_localization]: map→odom: x=0.356 y=-0.618 z=0.163
[WARN] [1783985882.566314445] [global_localization]: No odometry yet, skip odom transform in crop
[INFO] [1783985882.570868103] [global_localization]: ICP input: scan=5075 pts, map_FOV=84869 pts
[INFO] [1783985882.684427748] [global_localization]: ICP fitness: coarse=1.000, fine=0.967, threshold=0.9
[INFO] [1783985882.684767605] [global_localization]: map→odom: x=0.356 y=-0.618 z=0.163
[WARN] [1783985883.066121455] [global_localization]: No odometry yet, skip odom transform in crop
[INFO] [1783985883.070357809] [global_localization]: ICP input: scan=5075 pts, map_FOV=84869 pts
[INFO] [1783985883.185592198] [global_localization]: ICP fitness: coarse=1.000, fine=0.967, threshold=0.9
[INFO] [1783985883.185967844] [global_localization]: map→odom: x=0.356 y=-0.618 z=0.163
[WARN] [1783985883.566224863] [global_localization]: No odometry yet, skip odom transform in crop
[INFO] [1783985883.570828439] [global_localization]: ICP input: scan=5075 pts, map_FOV=84869 pts
[INFO] [1783985883.686798198] [global_localization]: ICP fitness: coarse=1.000, fine=0.967, threshold=0.9
[INFO] [1783985883.687146587] [global_localization]: map→odom: x=0.356 y=-0.618 z=0.163
[WARN] [1783985884.066289090] [global_localization]: No odometry yet, skip odom transform in crop
[INFO] [1783985884.071036513] [global_localization]: ICP input: scan=5075 pts, map_FOV=84869 pts
[INFO] [1783985884.191206565] [global_localization]: ICP fitness: coarse=1.000, fine=0.967, threshold=0.9
[INFO] [1783985884.191583666] [global_localization]: map→odom: x=0.356 y=-0.618 z=0.163
[WARN] [1783985884.566311885] [global_localization]: No odometry yet, skip odom transform in crop
[INFO] [1783985884.570673469] [global_localization]: ICP input: scan=5075 pts, map_FOV=84869 pts
[INFO] [1783985884.686793889] [global_localization]: ICP fitness: coarse=1.000, fine=0.967, threshold=0.9
[INFO] [1783985884.687176030] [global_localization]: map→odom: x=0.356 y=-0.618 z=0.163
[WARN] [1783985885.066290231] [global_localization]: No odometry yet, skip odom transform in crop
[INFO] [1783985885.070763849] [global_localization]: ICP input: scan=5075 pts, map_FOV=84869 pts
[INFO] [1783985885.183925064] [global_localization]: ICP fitness: coarse=1.000, fine=0.967, threshold=0.9
[INFO] [1783985885.184315553] [global_localization]: map→odom: x=0.356 y=-0.618 z=0.163
[WARN] [1783985885.566287291] [global_localization]: No odometry yet, skip odom transform in crop
[INFO] [1783985885.570498489] [global_localization]: ICP input: scan=5075 pts, map_FOV=84869 pts
[INFO] [1783985885.689217999] [global_localization]: ICP fitness: coarse=1.000, fine=0.967, threshold=0.9
[INFO] [1783985885.689548001] [global_localization]: map→odom: x=0.356 y=-0.618 z=0.163
[WARN] [1783985886.066227369] [global_localization]: No odometry yet, skip odom transform in crop
[INFO] [1783985886.070472991] [global_localization]: ICP input: scan=5075 pts, map_FOV=84869 pts
[INFO] [1783985886.186407093] [global_localization]: ICP fitness: coarse=1.000, fine=0.967, threshold=0.9
[INFO] [1783985886.186786747] [global_localization]: map→odom: x=0.356 y=-0.618 z=0.163
[WARN] [1783985886.566188722] [global_localization]: No odometry yet, skip odom transform in crop
[INFO] [1783985886.569865741] [global_localization]: ICP input: scan=5075 pts, map_FOV=84869 pts
[INFO] [1783985886.685459321] [global_localization]: ICP fitness: coarse=1.000, fine=0.967, threshold=0.9
[INFO] [1783985886.685844139] [global_localization]: map→odom: x=0.356 y=-0.618 z=0.163
[WARN] [1783985887.066373564] [global_localization]: No odometry yet, skip odom transform in crop
[INFO] [1783985887.070917456] [global_localization]: ICP input: scan=5075 pts, map_FOV=84869 pts
[INFO] [1783985887.186446514] [global_localization]: ICP fitness: coarse=1.000, fine=0.967, threshold=0.9
[INFO] [1783985887.186829816] [global_localization]: map→odom: x=0.356 y=-0.618 z=0.163
[WARN] [1783985887.566243471] [global_localization]: No odometry yet, skip odom transform in crop
[INFO] [1783985887.571571128] [global_localization]: ICP input: scan=5075 pts, map_FOV=84869 pts
[INFO] [1783985887.694797477] [global_localization]: ICP fitness: coarse=1.000, fine=0.967, threshold=0.9
[INFO] [1783985887.695138483] [global_localization]: map→odom: x=0.356 y=-0.618 z=0.163
[WARN] [1783985888.066293633] [global_localization]: No odometry yet, skip odom transform in crop
[INFO] [1783985888.070930743] [global_localization]: ICP input: scan=5075 pts, map_FOV=84869 pts
[INFO] [1783985888.187263478] [global_localization]: ICP fitness: coarse=1.000, fine=0.967, threshold=0.9
[INFO] [1783985888.187618878] [global_localization]: map→odom: x=0.356 y=-0.618 z=0.163
[WARN] [1783985888.566249087] [global_localization]: No odometry yet, skip odom transform in crop
[INFO] [1783985888.570194081] [global_localization]: ICP input: scan=5075 pts, map_FOV=84869 pts
[INFO] [1783985888.692452391] [global_localization]: ICP fitness: coarse=1.000, fine=0.967, threshold=0.9
[INFO] [1783985888.692829821] [global_localization]: map→odom: x=0.356 y=-0.618 z=0.163
[WARN] [1783985889.066253772] [global_localization]: No odometry yet, skip odom transform in crop
[INFO] [1783985889.071233599] [global_localization]: ICP input: scan=5075 pts, map_FOV=84869 pts
[INFO] [1783985889.189358267] [global_localization]: ICP fitness: coarse=1.000, fine=0.967, threshold=0.9
[INFO] [1783985889.189751381] [global_localization]: map→odom: x=0.356 y=-0.618 z=0.163
[WARN] [1783985889.566424258] [global_localization]: No odometry yet, skip odom transform in crop
[INFO] [1783985889.570588574] [global_localization]: ICP input: scan=5075 pts, map_FOV=84869 pts
[INFO] [1783985889.686619903] [global_localization]: ICP fitness: coarse=1.000, fine=0.967, threshold=0.9
[INFO] [1783985889.686951274] [global_localization]: map→odom: x=0.356 y=-0.618 z=0.163
[WARN] [1783985890.066234165] [global_localization]: No odometry yet, skip odom transform in crop
[INFO] [1783985890.070958451] [global_localization]: ICP input: scan=5075 pts, map_FOV=84869 pts
[INFO] [1783985890.185971935] [global_localization]: ICP fitness: coarse=1.000, fine=0.967, threshold=0.9
[INFO] [1783985890.186367253] [global_localization]: map→odom: x=0.356 y=-0.618 z=0.163
[WARN] [1783985890.566235889] [global_localization]: No odometry yet, skip odom transform in crop
[INFO] [1783985890.569848538] [global_localization]: ICP input: scan=5075 pts, map_FOV=84869 pts
[INFO] [1783985890.687631566] [global_localization]: ICP fitness: coarse=1.000, fine=0.967, threshold=0.9
[INFO] [1783985890.687996704] [global_localization]: map→odom: x=0.356 y=-0.618 z=0.163
[WARN] [1783985891.066299272] [global_localization]: No odometry yet, skip odom transform in crop
[INFO] [1783985891.070638242] [global_localization]: ICP input: scan=5075 pts, map_FOV=84869 pts
[INFO] [1783985891.182102563] [global_localization]: ICP fitness: coarse=1.000, fine=0.967, threshold=0.9
[INFO] [1783985891.182444556] [global_localization]: map→odom: x=0.356 y=-0.618 z=0.163
[WARN] [1783985891.566416147] [global_localization]: No odometry yet, skip odom transform in crop
[INFO] [1783985891.571399545] [global_localization]: ICP input: scan=5075 pts, map_FOV=84869 pts
[INFO] [1783985891.689928637] [global_localization]: ICP fitness: coarse=1.000, fine=0.967, threshold=0.9
[INFO] [1783985891.690251859] [global_localization]: map→odom: x=0.356 y=-0.618 z=0.163
[WARN] [1783985892.066253735] [global_localization]: No odometry yet, skip odom transform in crop
[INFO] [1783985892.070443685] [global_localization]: ICP input: scan=5075 pts, map_FOV=84869 pts
[INFO] [1783985892.181245930] [global_localization]: ICP fitness: coarse=1.000, fine=0.967, threshold=0.9
[INFO] [1783985892.181619868] [global_localization]: map→odom: x=0.356 y=-0.618 z=0.163
[WARN] [1783985892.566222942] [global_localization]: No odometry yet, skip odom transform in crop
[INFO] [1783985892.572313775] [global_localization]: ICP input: scan=5075 pts, map_FOV=84869 pts
[INFO] [1783985892.686331889] [global_localization]: ICP fitness: coarse=1.000, fine=0.967, threshold=0.9
[INFO] [1783985892.686687033] [global_localization]: map→odom: x=0.356 y=-0.618 z=0.163
[WARN] [1783985893.066280452] [global_localization]: No odometry yet, skip odom transform in crop
[INFO] [1783985893.070774008] [global_localization]: ICP input: scan=5075 pts, map_FOV=84869 pts
[INFO] [1783985893.187932445] [global_localization]: ICP fitness: coarse=1.000, fine=0.967, threshold=0.9
[INFO] [1783985893.188302224] [global_localization]: map→odom: x=0.356 y=-0.618 z=0.163
[WARN] [1783985893.566395794] [global_localization]: No odometry yet, skip odom transform in crop
[INFO] [1783985893.571116626] [global_localization]: ICP input: scan=5075 pts, map_FOV=84869 pts
[INFO] [1783985893.688491221] [global_localization]: ICP fitness: coarse=1.000, fine=0.967, threshold=0.9
[INFO] [1783985893.688871389] [global_localization]: map→odom: x=0.356 y=-0.618 z=0.163
[WARN] [1783985894.066181170] [global_localization]: No odometry yet, skip odom transform in crop
[INFO] [1783985894.070468074] [global_localization]: ICP input: scan=5075 pts, map_FOV=84869 pts
[INFO] [1783985894.188023293] [global_localization]: ICP fitness: coarse=1.000, fine=0.967, threshold=0.9
[INFO] [1783985894.188396993] [global_localization]: map→odom: x=0.356 y=-0.618 z=0.163
[WARN] [1783985894.566254298] [global_localization]: No odometry yet, skip odom transform in crop
[INFO] [1783985894.570752230] [global_localization]: ICP input: scan=5075 pts, map_FOV=84869 pts
[INFO] [1783985894.694921684] [global_localization]: ICP fitness: coarse=1.000, fine=0.967, threshold=0.9
[INFO] [1783985894.695306111] [global_localization]: map→odom: x=0.356 y=-0.618 z=0.163
[WARN] [1783985895.066419641] [global_localization]: No odometry yet, skip odom transform in crop
[INFO] [1783985895.072295428] [global_localization]: ICP input: scan=5075 pts, map_FOV=84869 pts
[INFO] [1783985895.189413276] [global_localization]: ICP fitness: coarse=1.000, fine=0.967, threshold=0.9
[INFO] [1783985895.189808696] [global_localization]: map→odom: x=0.356 y=-0.618 z=0.163
[WARN] [1783985895.566349905] [global_localization]: No odometry yet, skip odom transform in crop
[INFO] [1783985895.571811572] [global_localization]: ICP input: scan=5075 pts, map_FOV=84869 pts
[INFO] [1783985895.684633600] [global_localization]: ICP fitness: coarse=1.000, fine=0.967, threshold=0.9
[INFO] [1783985895.685032671] [global_localization]: map→odom: x=0.356 y=-0.618 z=0.163
[WARN] [1783985896.066278543] [global_localization]: No odometry yet, skip odom transform in crop
[INFO] [1783985896.070806986] [global_localization]: ICP input: scan=5075 pts, map_FOV=84869 pts
[INFO] [1783985896.184254724] [global_localization]: ICP fitness: coarse=1.000, fine=0.967, threshold=0.9
[INFO] [1783985896.184650736] [global_localization]: map→odom: x=0.356 y=-0.618 z=0.163
[WARN] [1783985896.566298847] [global_localization]: No odometry yet, skip odom transform in crop
[INFO] [1783985896.570766403] [global_localization]: ICP input: scan=5075 pts, map_FOV=84869 pts
[INFO] [1783985896.686251647] [global_localization]: ICP fitness: coarse=1.000, fine=0.967, threshold=0.9
[INFO] [1783985896.686630495] [global_localization]: map→odom: x=0.356 y=-0.618 z=0.163
[WARN] [1783985897.066264596] [global_localization]: No odometry yet, skip odom transform in crop
[INFO] [1783985897.071513735] [global_localization]: ICP input: scan=5075 pts, map_FOV=84869 pts
[INFO] [1783985897.187878473] [global_localization]: ICP fitness: coarse=1.000, fine=0.967, threshold=0.9
[INFO] [1783985897.188205993] [global_localization]: map→odom: x=0.356 y=-0.618 z=0.163
[WARN] [1783985897.566383679] [global_localization]: No odometry yet, skip odom transform in crop
[INFO] [1783985897.570952806] [global_localization]: ICP input: scan=5075 pts, map_FOV=84869 pts
[INFO] [1783985897.686102292] [global_localization]: ICP fitness: coarse=1.000, fine=0.967, threshold=0.9
[INFO] [1783985897.686477663] [global_localization]: map→odom: x=0.356 y=-0.618 z=0.163
[WARN] [1783985898.066212623] [global_localization]: No odometry yet, skip odom transform in crop
[INFO] [1783985898.069854751] [global_localization]: ICP input: scan=5075 pts, map_FOV=84869 pts
[INFO] [1783985898.179904665] [global_localization]: ICP fitness: coarse=1.000, fine=0.967, threshold=0.9
[INFO] [1783985898.180287855] [global_localization]: map→odom: x=0.356 y=-0.618 z=0.163
[WARN] [1783985898.566344561] [global_localization]: No odometry yet, skip odom transform in crop
[INFO] [1783985898.572599530] [global_localization]: ICP input: scan=5075 pts, map_FOV=84869 pts
[INFO] [1783985898.687691542] [global_localization]: ICP fitness: coarse=1.000, fine=0.967, threshold=0.9
[INFO] [1783985898.688071342] [global_localization]: map→odom: x=0.356 y=-0.618 z=0.163
[WARN] [1783985899.066254683] [global_localization]: No odometry yet, skip odom transform in crop
[INFO] [1783985899.070831230] [global_localization]: ICP input: scan=5075 pts, map_FOV=84869 pts
[INFO] [1783985899.188163829] [global_localization]: ICP fitness: coarse=1.000, fine=0.967, threshold=0.9
[INFO] [1783985899.188481760] [global_localization]: map→odom: x=0.356 y=-0.618 z=0.163
[WARN] [1783985899.566298334] [global_localization]: No odometry yet, skip odom transform in crop
[INFO] [1783985899.570786624] [global_localization]: ICP input: scan=5075 pts, map_FOV=84869 pts
[INFO] [1783985899.692274915] [global_localization]: ICP fitness: coarse=1.000, fine=0.967, threshold=0.9
[INFO] [1783985899.692646441] [global_localization]: map→odom: x=0.356 y=-0.618 z=0.163
[WARN] [1783985900.066389884] [global_localization]: No odometry yet, skip odom transform in crop
[INFO] [1783985900.071196412] [global_localization]: ICP input: scan=5075 pts, map_FOV=84869 pts
[INFO] [1783985900.188624998] [global_localization]: ICP fitness: coarse=1.000, fine=0.967, threshold=0.9
[INFO] [1783985900.189013756] [global_localization]: map→odom: x=0.356 y=-0.618 z=0.163
[WARN] [1783985900.566302201] [global_localization]: No odometry yet, skip odom transform in crop
[INFO] [1783985900.570805639] [global_localization]: ICP input: scan=5075 pts, map_FOV=84869 pts
[INFO] [1783985900.680990402] [global_localization]: ICP fitness: coarse=1.000, fine=0.967, threshold=0.9
[INFO] [1783985900.681317350] [global_localization]: map→odom: x=0.356 y=-0.618 z=0.163
[WARN] [1783985901.066337578] [global_localization]: No odometry yet, skip odom transform in crop
[INFO] [1783985901.071243002] [global_localization]: ICP input: scan=5075 pts, map_FOV=84869 pts
[INFO] [1783985901.187542684] [global_localization]: ICP fitness: coarse=1.000, fine=0.967, threshold=0.9
[INFO] [1783985901.187898864] [global_localization]: map→odom: x=0.356 y=-0.618 z=0.163
[WARN] [1783985901.566322071] [global_localization]: No odometry yet, skip odom transform in crop
[INFO] [1783985901.570422293] [global_localization]: ICP input: scan=5075 pts, map_FOV=84869 pts
[INFO] [1783985901.682959400] [global_localization]: ICP fitness: coarse=1.000, fine=0.967, threshold=0.9
[INFO] [1783985901.683341024] [global_localization]: map→odom: x=0.356 y=-0.618 z=0.163
[WARN] [1783985902.066389802] [global_localization]: No odometry yet, skip odom transform in crop
[INFO] [1783985902.071972095] [global_localization]: ICP input: scan=5075 pts, map_FOV=84869 pts
[INFO] [1783985902.186019480] [global_localization]: ICP fitness: coarse=1.000, fine=0.967, threshold=0.9
[INFO] [1783985902.186395067] [global_localization]: map→odom: x=0.356 y=-0.618 z=0.163
[WARN] [1783985902.566393339] [global_localization]: No odometry yet, skip odom transform in crop
[INFO] [1783985902.571056040] [global_localization]: ICP input: scan=5075 pts, map_FOV=84869 pts
[INFO] [1783985902.687981310] [global_localization]: ICP fitness: coarse=1.000, fine=0.967, threshold=0.9
[INFO] [1783985902.688368620] [global_localization]: map→odom: x=0.356 y=-0.618 z=0.163
[WARN] [1783985903.066343663] [global_localization]: No odometry yet, skip odom transform in crop
[INFO] [1783985903.071658524] [global_localization]: ICP input: scan=5075 pts, map_FOV=84869 pts
[INFO] [1783985903.195889281] [global_localization]: ICP fitness: coarse=1.000, fine=0.967, threshold=0.9
[INFO] [1783985903.196268576] [global_localization]: map→odom: x=0.356 y=-0.618 z=0.163
[WARN] [1783985903.566372477] [global_localization]: No odometry yet, skip odom transform in crop
[INFO] [1783985903.571054200] [global_localization]: ICP input: scan=5075 pts, map_FOV=84869 pts
[INFO] [1783985903.686002101] [global_localization]: ICP fitness: coarse=1.000, fine=0.967, threshold=0.9
[INFO] [1783985903.686333552] [global_localization]: map→odom: x=0.356 y=-0.618 z=0.163
[WARN] [1783985904.066264552] [global_localization]: No odometry yet, skip odom transform in crop
[INFO] [1783985904.070597160] [global_localization]: ICP input: scan=5075 pts, map_FOV=84869 pts
[INFO] [1783985904.184833512] [global_localization]: ICP fitness: coarse=1.000, fine=0.967, threshold=0.9
[INFO] [1783985904.185242191] [global_localization]: map→odom: x=0.356 y=-0.618 z=0.163
[WARN] [1783985904.566351161] [global_localization]: No odometry yet, skip odom transform in crop
[INFO] [1783985904.571246303] [global_localization]: ICP input: scan=5075 pts, map_FOV=84869 pts
[INFO] [1783985904.684452506] [global_localization]: ICP fitness: coarse=1.000, fine=0.967, threshold=0.9
[INFO] [1783985904.684838496] [global_localization]: map→odom: x=0.356 y=-0.618 z=0.163
[WARN] [1783985905.066352392] [global_localization]: No odometry yet, skip odom transform in crop
[INFO] [1783985905.070891636] [global_localization]: ICP input: scan=5075 pts, map_FOV=84869 pts
[INFO] [1783985905.188266024] [global_localization]: ICP fitness: coarse=1.000, fine=0.967, threshold=0.9
[INFO] [1783985905.188613653] [global_localization]: map→odom: x=0.356 y=-0.618 z=0.163
[WARN] [1783985905.566364969] [global_localization]: No odometry yet, skip odom transform in crop
[INFO] [1783985905.571127279] [global_localization]: ICP input: scan=5075 pts, map_FOV=84869 pts
[INFO] [1783985905.687657855] [global_localization]: ICP fitness: coarse=1.000, fine=0.967, threshold=0.9
[INFO] [1783985905.688041269] [global_localization]: map→odom: x=0.356 y=-0.618 z=0.163
[WARN] [1783985906.066206971] [global_localization]: No odometry yet, skip odom transform in crop
[INFO] [1783985906.070563900] [global_localization]: ICP input: scan=5075 pts, map_FOV=84869 pts
[INFO] [1783985906.192292935] [global_localization]: ICP fitness: coarse=1.000, fine=0.967, threshold=0.9
[INFO] [1783985906.192634006] [global_localization]: map→odom: x=0.356 y=-0.618 z=0.163
[WARN] [1783985906.566268283] [global_localization]: No odometry yet, skip odom transform in crop
[INFO] [1783985906.570662280] [global_localization]: ICP input: scan=5075 pts, map_FOV=84869 pts
[INFO] [1783985906.683038828] [global_localization]: ICP fitness: coarse=1.000, fine=0.967, threshold=0.9
[INFO] [1783985906.683433186] [global_localization]: map→odom: x=0.356 y=-0.618 z=0.163
[WARN] [1783985907.066333688] [global_localization]: No odometry yet, skip odom transform in crop
[INFO] [1783985907.070122423] [global_localization]: ICP input: scan=5075 pts, map_FOV=84869 pts
[INFO] [1783985907.186995986] [global_localization]: ICP fitness: coarse=1.000, fine=0.967, threshold=0.9
[INFO] [1783985907.187373995] [global_localization]: map→odom: x=0.356 y=-0.618 z=0.163
[WARN] [1783985907.566340508] [global_localization]: No odometry yet, skip odom transform in crop
[INFO] [1783985907.570498988] [global_localization]: ICP input: scan=5075 pts, map_FOV=84869 pts
[INFO] [1783985907.681993642] [global_localization]: ICP fitness: coarse=1.000, fine=0.967, threshold=0.9
[INFO] [1783985907.682348223] [global_localization]: map→odom: x=0.356 y=-0.618 z=0.163
[WARN] [1783985908.066440868] [global_localization]: No odometry yet, skip odom transform in crop
[INFO] [1783985908.071316773] [global_localization]: ICP input: scan=5075 pts, map_FOV=84869 pts
[INFO] [1783985908.189798824] [global_localization]: ICP fitness: coarse=1.000, fine=0.967, threshold=0.9
[INFO] [1783985908.190145218] [global_localization]: map→odom: x=0.356 y=-0.618 z=0.163
[WARN] [1783985908.566295159] [global_localization]: No odometry yet, skip odom transform in crop
[INFO] [1783985908.570059214] [global_localization]: ICP input: scan=5075 pts, map_FOV=84869 pts
[INFO] [1783985908.686489141] [global_localization]: ICP fitness: coarse=1.000, fine=0.967, threshold=0.9
[INFO] [1783985908.686875877] [global_localization]: map→odom: x=0.356 y=-0.618 z=0.163
[WARN] [1783985909.066375223] [global_localization]: No odometry yet, skip odom transform in crop
[INFO] [1783985909.070911409] [global_localization]: ICP input: scan=5075 pts, map_FOV=84869 pts
[INFO] [1783985909.187106407] [global_localization]: ICP fitness: coarse=1.000, fine=0.967, threshold=0.9
[INFO] [1783985909.187505739] [global_localization]: map→odom: x=0.356 y=-0.618 z=0.163
[WARN] [1783985909.566246225] [global_localization]: No odometry yet, skip odom transform in crop
[INFO] [1783985909.570754563] [global_localization]: ICP input: scan=5075 pts, map_FOV=84869 pts
[INFO] [1783985909.684050305] [global_localization]: ICP fitness: coarse=1.000, fine=0.967, threshold=0.9
[INFO] [1783985909.684388071] [global_localization]: map→odom: x=0.356 y=-0.618 z=0.163
[WARN] [1783985910.066265916] [global_localization]: No odometry yet, skip odom transform in crop
[INFO] [1783985910.072194926] [global_localization]: ICP input: scan=5075 pts, map_FOV=84869 pts
[INFO] [1783985910.192508696] [global_localization]: ICP fitness: coarse=1.000, fine=0.967, threshold=0.9
[INFO] [1783985910.192933485] [global_localization]: map→odom: x=0.356 y=-0.618 z=0.163
[WARN] [1783985910.566374325] [global_localization]: No odometry yet, skip odom transform in crop
[INFO] [1783985910.571788599] [global_localization]: ICP input: scan=5075 pts, map_FOV=84869 pts
[INFO] [1783985910.684265399] [global_localization]: ICP fitness: coarse=1.000, fine=0.967, threshold=0.9
[INFO] [1783985910.684643470] [global_localization]: map→odom: x=0.356 y=-0.618 z=0.163
[WARN] [1783985911.066276692] [global_localization]: No odometry yet, skip odom transform in crop
[INFO] [1783985911.070842528] [global_localization]: ICP input: scan=5075 pts, map_FOV=84869 pts
[INFO] [1783985911.189923511] [global_localization]: ICP fitness: coarse=1.000, fine=0.967, threshold=0.9
[INFO] [1783985911.190312815] [global_localization]: map→odom: x=0.356 y=-0.618 z=0.163
[WARN] [1783985911.566379725] [global_localization]: No odometry yet, skip odom transform in crop
[INFO] [1783985911.571153370] [global_localization]: ICP input: scan=5075 pts, map_FOV=84869 pts
[INFO] [1783985911.687552987] [global_localization]: ICP fitness: coarse=1.000, fine=0.967, threshold=0.9
[INFO] [1783985911.687950810] [global_localization]: map→odom: x=0.356 y=-0.618 z=0.163
[WARN] [1783985912.066213340] [global_localization]: No odometry yet, skip odom transform in crop
[INFO] [1783985912.070893125] [global_localization]: ICP input: scan=5075 pts, map_FOV=84869 pts
[INFO] [1783985912.191394647] [global_localization]: ICP fitness: coarse=1.000, fine=0.967, threshold=0.9
[INFO] [1783985912.191829111] [global_localization]: map→odom: x=0.356 y=-0.618 z=0.163
[WARN] [1783985912.566260510] [global_localization]: No odometry yet, skip odom transform in crop
[INFO] [1783985912.571130452] [global_localization]: ICP input: scan=5075 pts, map_FOV=84869 pts
[INFO] [1783985912.688159773] [global_localization]: ICP fitness: coarse=1.000, fine=0.967, threshold=0.9
[INFO] [1783985912.688546746] [global_localization]: map→odom: x=0.356 y=-0.618 z=0.163
[WARN] [1783985913.066377009] [global_localization]: No odometry yet, skip odom transform in crop
[INFO] [1783985913.070969513] [global_localization]: ICP input: scan=5075 pts, map_FOV=84869 pts
[INFO] [1783985913.192364654] [global_localization]: ICP fitness: coarse=1.000, fine=0.967, threshold=0.9
[INFO] [1783985913.192757782] [global_localization]: map→odom: x=0.356 y=-0.618 z=0.163
[WARN] [1783985913.566387378] [global_localization]: No odometry yet, skip odom transform in crop
[INFO] [1783985913.571144347] [global_localization]: ICP input: scan=5075 pts, map_FOV=84869 pts
[INFO] [1783985913.686147252] [global_localization]: ICP fitness: coarse=1.000, fine=0.967, threshold=0.9
[INFO] [1783985913.686520007] [global_localization]: map→odom: x=0.356 y=-0.618 z=0.163
[WARN] [1783985914.066304147] [global_localization]: No odometry yet, skip odom transform in crop
[INFO] [1783985914.071977149] [global_localization]: ICP input: scan=5075 pts, map_FOV=84869 pts
[INFO] [1783985914.198998425] [global_localization]: ICP fitness: coarse=1.000, fine=0.967, threshold=0.9
[INFO] [1783985914.199367144] [global_localization]: map→odom: x=0.356 y=-0.618 z=0.163
[WARN] [1783985914.566381662] [global_localization]: No odometry yet, skip odom transform in crop
[INFO] [1783985914.574176599] [global_localization]: ICP input: scan=5075 pts, map_FOV=84869 pts
[INFO] [1783985914.693137730] [global_localization]: ICP fitness: coarse=1.000, fine=0.967, threshold=0.9
[INFO] [1783985914.693619039] [global_localization]: map→odom: x=0.356 y=-0.618 z=0.163
[WARN] [1783985915.066389969] [global_localization]: No odometry yet, skip odom transform in crop
[INFO] [1783985915.071421970] [global_localization]: ICP input: scan=5075 pts, map_FOV=84869 pts
[INFO] [1783985915.193307155] [global_localization]: ICP fitness: coarse=1.000, fine=0.967, threshold=0.9
[INFO] [1783985915.193699497] [global_localization]: map→odom: x=0.356 y=-0.618 z=0.163
[WARN] [1783985915.566337416] [global_localization]: No odometry yet, skip odom transform in crop
[INFO] [1783985915.571253659] [global_localization]: ICP input: scan=5075 pts, map_FOV=84869 pts
[INFO] [1783985915.695935253] [global_localization]: ICP fitness: coarse=1.000, fine=0.967, threshold=0.9
[INFO] [1783985915.696335652] [global_localization]: map→odom: x=0.356 y=-0.618 z=0.163
[WARN] [1783985916.066445423] [global_localization]: No odometry yet, skip odom transform in crop
[INFO] [1783985916.071426836] [global_localization]: ICP input: scan=5075 pts, map_FOV=84869 pts
[INFO] [1783985916.189465395] [global_localization]: ICP fitness: coarse=1.000, fine=0.967, threshold=0.9
[INFO] [1783985916.189920758] [global_localization]: map→odom: x=0.356 y=-0.618 z=0.163
[WARN] [1783985916.566211978] [global_localization]: No odometry yet, skip odom transform in crop
[INFO] [1783985916.573391180] [global_localization]: ICP input: scan=5075 pts, map_FOV=84869 pts
[INFO] [1783985916.694169951] [global_localization]: ICP fitness: coarse=1.000, fine=0.967, threshold=0.9
[INFO] [1783985916.694604731] [global_localization]: map→odom: x=0.356 y=-0.618 z=0.163
[WARN] [1783985917.066381938] [global_localization]: No odometry yet, skip odom transform in crop
[INFO] [1783985917.071420776] [global_localization]: ICP input: scan=5075 pts, map_FOV=84869 pts
[INFO] [1783985917.191738070] [global_localization]: ICP fitness: coarse=1.000, fine=0.967, threshold=0.9
[INFO] [1783985917.192158838] [global_localization]: map→odom: x=0.356 y=-0.618 z=0.163
[WARN] [1783985917.566400291] [global_localization]: No odometry yet, skip odom transform in crop
[INFO] [1783985917.571294367] [global_localization]: ICP input: scan=5075 pts, map_FOV=84869 pts
[INFO] [1783985917.693936528] [global_localization]: ICP fitness: coarse=1.000, fine=0.967, threshold=0.9
[INFO] [1783985917.694350968] [global_localization]: map→odom: x=0.356 y=-0.618 z=0.163
[WARN] [1783985918.066488612] [global_localization]: No odometry yet, skip odom transform in crop
[INFO] [1783985918.071049645] [global_localization]: ICP input: scan=5075 pts, map_FOV=84869 pts
[INFO] [1783985918.202333441] [global_localization]: ICP fitness: coarse=1.000, fine=0.967, threshold=0.9
[INFO] [1783985918.202718856] [global_localization]: map→odom: x=0.356 y=-0.618 z=0.163
[WARN] [1783985918.566434620] [global_localization]: No odometry yet, skip odom transform in crop
[INFO] [1783985918.571436200] [global_localization]: ICP input: scan=5075 pts, map_FOV=84869 pts
[INFO] [1783985918.692230640] [global_localization]: ICP fitness: coarse=1.000, fine=0.967, threshold=0.9
[INFO] [1783985918.692652640] [global_localization]: map→odom: x=0.356 y=-0.618 z=0.163
[WARN] [1783985919.066420950] [global_localization]: No odometry yet, skip odom transform in crop
[INFO] [1783985919.071437075] [global_localization]: ICP input: scan=5075 pts, map_FOV=84869 pts
[INFO] [1783985919.191041519] [global_localization]: ICP fitness: coarse=1.000, fine=0.967, threshold=0.9
[INFO] [1783985919.191473507] [global_localization]: map→odom: x=0.356 y=-0.618 z=0.163
[WARN] [1783985919.566412423] [global_localization]: No odometry yet, skip odom transform in crop
[INFO] [1783985919.571543545] [global_localization]: ICP input: scan=5075 pts, map_FOV=84869 pts
[INFO] [1783985919.691496895] [global_localization]: ICP fitness: coarse=1.000, fine=0.967, threshold=0.9
[INFO] [1783985919.691913144] [global_localization]: map→odom: x=0.356 y=-0.618 z=0.163
[WARN] [1783985920.066316672] [global_localization]: No odometry yet, skip odom transform in crop
[INFO] [1783985920.071186329] [global_localization]: ICP input: scan=5075 pts, map_FOV=84869 pts
[INFO] [1783985920.191427301] [global_localization]: ICP fitness: coarse=1.000, fine=0.967, threshold=0.9
[INFO] [1783985920.191832336] [global_localization]: map→odom: x=0.356 y=-0.618 z=0.163
[WARN] [1783985920.566386645] [global_localization]: No odometry yet, skip odom transform in crop
[INFO] [1783985920.570763385] [global_localization]: ICP input: scan=5075 pts, map_FOV=84869 pts
[INFO] [1783985920.688322496] [global_localization]: ICP fitness: coarse=1.000, fine=0.967, threshold=0.9
[INFO] [1783985920.688708734] [global_localization]: map→odom: x=0.356 y=-0.618 z=0.163
[WARN] [1783985921.066449897] [global_localization]: No odometry yet, skip odom transform in crop
[INFO] [1783985921.071147955] [global_localization]: ICP input: scan=5075 pts, map_FOV=84869 pts
[INFO] [1783985921.204212189] [global_localization]: ICP fitness: coarse=1.000, fine=0.967, threshold=0.9
[INFO] [1783985921.204638903] [global_localization]: map→odom: x=0.356 y=-0.618 z=0.163
[WARN] [1783985921.566420392] [global_localization]: No odometry yet, skip odom transform in crop
[INFO] [1783985921.571581178] [global_localization]: ICP input: scan=5075 pts, map_FOV=84869 pts
[INFO] [1783985921.694837228] [global_localization]: ICP fitness: coarse=1.000, fine=0.967, threshold=0.9
[INFO] [1783985921.695249901] [global_localization]: map→odom: x=0.356 y=-0.618 z=0.163
[WARN] [1783985922.066251427] [global_localization]: No odometry yet, skip odom transform in crop
[INFO] [1783985922.070552819] [global_localization]: ICP input: scan=5075 pts, map_FOV=84869 pts
[INFO] [1783985922.187243876] [global_localization]: ICP fitness: coarse=1.000, fine=0.967, threshold=0.9
[INFO] [1783985922.187651342] [global_localization]: map→odom: x=0.356 y=-0.618 z=0.163
[WARN] [1783985922.566450937] [global_localization]: No odometry yet, skip odom transform in crop
[INFO] [1783985922.570909132] [global_localization]: ICP input: scan=5075 pts, map_FOV=84869 pts
[INFO] [1783985922.692540603] [global_localization]: ICP fitness: coarse=1.000, fine=0.967, threshold=0.9
[INFO] [1783985922.692974058] [global_localization]: map→odom: x=0.356 y=-0.618 z=0.163
[WARN] [1783985923.066260616] [global_localization]: No odometry yet, skip odom transform in crop
[INFO] [1783985923.071076417] [global_localization]: ICP input: scan=5075 pts, map_FOV=84869 pts
[INFO] [1783985923.193306247] [global_localization]: ICP fitness: coarse=1.000, fine=0.967, threshold=0.9
[INFO] [1783985923.193725201] [global_localization]: map→odom: x=0.356 y=-0.618 z=0.163
[WARN] [1783985923.566322494] [global_localization]: No odometry yet, skip odom transform in crop
[INFO] [1783985923.573332664] [global_localization]: ICP input: scan=5075 pts, map_FOV=84869 pts
[INFO] [1783985923.691000700] [global_localization]: ICP fitness: coarse=1.000, fine=0.967, threshold=0.9
[INFO] [1783985923.691408656] [global_localization]: map→odom: x=0.356 y=-0.618 z=0.163
[WARN] [1783985924.066457054] [global_localization]: No odometry yet, skip odom transform in crop
[INFO] [1783985924.071326045] [global_localization]: ICP input: scan=5075 pts, map_FOV=84869 pts
[INFO] [1783985924.188051219] [global_localization]: ICP fitness: coarse=1.000, fine=0.967, threshold=0.9
[INFO] [1783985924.188395307] [global_localization]: map→odom: x=0.356 y=-0.618 z=0.163
[WARN] [1783985924.566472733] [global_localization]: No odometry yet, skip odom transform in crop
[INFO] [1783985924.571120925] [global_localization]: ICP input: scan=5075 pts, map_FOV=84869 pts
[INFO] [1783985924.692527445] [global_localization]: ICP fitness: coarse=1.000, fine=0.967, threshold=0.9
[INFO] [1783985924.692940034] [global_localization]: map→odom: x=0.356 y=-0.618 z=0.163
[WARN] [1783985925.066418457] [global_localization]: No odometry yet, skip odom transform in crop
[INFO] [1783985925.071311539] [global_localization]: ICP input: scan=5075 pts, map_FOV=84869 pts
[INFO] [1783985925.197489058] [global_localization]: ICP fitness: coarse=1.000, fine=0.967, threshold=0.9
[INFO] [1783985925.197909974] [global_localization]: map→odom: x=0.356 y=-0.618 z=0.163
[WARN] [1783985925.566452794] [global_localization]: No odometry yet, skip odom transform in crop
[INFO] [1783985925.571381386] [global_localization]: ICP input: scan=5075 pts, map_FOV=84869 pts
[INFO] [1783985925.695088385] [global_localization]: ICP fitness: coarse=1.000, fine=0.967, threshold=0.9
[INFO] [1783985925.695501100] [global_localization]: map→odom: x=0.356 y=-0.618 z=0.163
[WARN] [1783985926.066324675] [global_localization]: No odometry yet, skip odom transform in crop
[INFO] [1783985926.071476304] [global_localization]: ICP input: scan=5075 pts, map_FOV=84869 pts
[INFO] [1783985926.186586223] [global_localization]: ICP fitness: coarse=1.000, fine=0.967, threshold=0.9
[INFO] [1783985926.187014606] [global_localization]: map→odom: x=0.356 y=-0.618 z=0.163
[WARN] [1783985926.566316961] [global_localization]: No odometry yet, skip odom transform in crop
[INFO] [1783985926.570496583] [global_localization]: ICP input: scan=5075 pts, map_FOV=84869 pts
[INFO] [1783985926.692974407] [global_localization]: ICP fitness: coarse=1.000, fine=0.967, threshold=0.9
[INFO] [1783985926.693394303] [global_localization]: map→odom: x=0.356 y=-0.618 z=0.163
[WARN] [1783985927.066484340] [global_localization]: No odometry yet, skip odom transform in crop
[INFO] [1783985927.071074554] [global_localization]: ICP input: scan=5075 pts, map_FOV=84869 pts
[INFO] [1783985927.201601597] [global_localization]: ICP fitness: coarse=1.000, fine=0.967, threshold=0.9
[INFO] [1783985927.201990040] [global_localization]: map→odom: x=0.356 y=-0.618 z=0.163
[WARN] [1783985927.566340523] [global_localization]: No odometry yet, skip odom transform in crop
[INFO] [1783985927.571425043] [global_localization]: ICP input: scan=5075 pts, map_FOV=84869 pts
[INFO] [1783985927.694798193] [global_localization]: ICP fitness: coarse=1.000, fine=0.967, threshold=0.9
[INFO] [1783985927.695203228] [global_localization]: map→odom: x=0.356 y=-0.618 z=0.163
[WARN] [1783985928.066479726] [global_localization]: No odometry yet, skip odom transform in crop
[INFO] [1783985928.070983772] [global_localization]: ICP input: scan=5075 pts, map_FOV=84869 pts
[INFO] [1783985928.190247374] [global_localization]: ICP fitness: coarse=1.000, fine=0.967, threshold=0.9
[INFO] [1783985928.190681587] [global_localization]: map→odom: x=0.356 y=-0.618 z=0.163
[WARN] [1783985928.566510877] [global_localization]: No odometry yet, skip odom transform in crop
[INFO] [1783985928.571459157] [global_localization]: ICP input: scan=5075 pts, map_FOV=84869 pts
[INFO] [1783985928.695373367] [global_localization]: ICP fitness: coarse=1.000, fine=0.967, threshold=0.9
[INFO] [1783985928.695802996] [global_localization]: map→odom: x=0.356 y=-0.618 z=0.163
[WARN] [1783985929.066447755] [global_localization]: No odometry yet, skip odom transform in crop
[INFO] [1783985929.071495241] [global_localization]: ICP input: scan=5075 pts, map_FOV=84869 pts
[INFO] [1783985929.192623576] [global_localization]: ICP fitness: coarse=1.000, fine=0.967, threshold=0.9
[INFO] [1783985929.193089862] [global_localization]: map→odom: x=0.356 y=-0.618 z=0.163
[WARN] [1783985929.566429301] [global_localization]: No odometry yet, skip odom transform in crop
[INFO] [1783985929.570938294] [global_localization]: ICP input: scan=5075 pts, map_FOV=84869 pts
[INFO] [1783985929.690421022] [global_localization]: ICP fitness: coarse=1.000, fine=0.967, threshold=0.9
[INFO] [1783985929.690836256] [global_localization]: map→odom: x=0.356 y=-0.618 z=0.163
[WARN] [1783985930.066443067] [global_localization]: No odometry yet, skip odom transform in crop
[INFO] [1783985930.071682100] [global_localization]: ICP input: scan=5075 pts, map_FOV=84869 pts
[INFO] [1783985930.191187683] [global_localization]: ICP fitness: coarse=1.000, fine=0.967, threshold=0.9
[INFO] [1783985930.191567461] [global_localization]: map→odom: x=0.356 y=-0.618 z=0.163
[WARN] [1783985930.566436596] [global_localization]: No odometry yet, skip odom transform in crop
[INFO] [1783985930.571229778] [global_localization]: ICP input: scan=5075 pts, map_FOV=84869 pts
[INFO] [1783985930.694634067] [global_localization]: ICP fitness: coarse=1.000, fine=0.967, threshold=0.9
[INFO] [1783985930.695084397] [global_localization]: map→odom: x=0.356 y=-0.618 z=0.163
[WARN] [1783985931.066507772] [global_localization]: No odometry yet, skip odom transform in crop
[INFO] [1783985931.071485015] [global_localization]: ICP input: scan=5075 pts, map_FOV=84869 pts
[INFO] [1783985931.195706053] [global_localization]: ICP fitness: coarse=1.000, fine=0.967, threshold=0.9
[INFO] [1783985931.196092909] [global_localization]: map→odom: x=0.356 y=-0.618 z=0.163
[WARN] [1783985931.566369326] [global_localization]: No odometry yet, skip odom transform in crop
[INFO] [1783985931.570930713] [global_localization]: ICP input: scan=5075 pts, map_FOV=84869 pts
[INFO] [1783985931.693076888] [global_localization]: ICP fitness: coarse=1.000, fine=0.967, threshold=0.9
[INFO] [1783985931.693507884] [global_localization]: map→odom: x=0.356 y=-0.618 z=0.163
[WARN] [1783985932.066483741] [global_localization]: No odometry yet, skip odom transform in crop
[INFO] [1783985932.071784429] [global_localization]: ICP input: scan=5075 pts, map_FOV=84869 pts
[INFO] [1783985932.192790290] [global_localization]: ICP fitness: coarse=1.000, fine=0.967, threshold=0.9
[INFO] [1783985932.193245684] [global_localization]: map→odom: x=0.356 y=-0.618 z=0.163
[WARN] [1783985932.566435156] [global_localization]: No odometry yet, skip odom transform in crop
[INFO] [1783985932.571057250] [global_localization]: ICP input: scan=5075 pts, map_FOV=84869 pts
[INFO] [1783985932.693373778] [global_localization]: ICP fitness: coarse=1.000, fine=0.967, threshold=0.9
[INFO] [1783985932.693738477] [global_localization]: map→odom: x=0.356 y=-0.618 z=0.163
[WARN] [1783985933.066411006] [global_localization]: No odometry yet, skip odom transform in crop
[INFO] [1783985933.071083234] [global_localization]: ICP input: scan=5075 pts, map_FOV=84869 pts
[INFO] [1783985933.193882416] [global_localization]: ICP fitness: coarse=1.000, fine=0.967, threshold=0.9
[INFO] [1783985933.194310178] [global_localization]: map→odom: x=0.356 y=-0.618 z=0.163
[WARN] [1783985933.566407694] [global_localization]: No odometry yet, skip odom transform in crop
[INFO] [1783985933.571126792] [global_localization]: ICP input: scan=5075 pts, map_FOV=84869 pts
[INFO] [1783985933.695642728] [global_localization]: ICP fitness: coarse=1.000, fine=0.967, threshold=0.9
[INFO] [1783985933.696082612] [global_localization]: map→odom: x=0.356 y=-0.618 z=0.163
[WARN] [1783985934.066359689] [global_localization]: No odometry yet, skip odom transform in crop
[INFO] [1783985934.071344710] [global_localization]: ICP input: scan=5075 pts, map_FOV=84869 pts
[INFO] [1783985934.192505104] [global_localization]: ICP fitness: coarse=1.000, fine=0.967, threshold=0.9
[INFO] [1783985934.192946418] [global_localization]: map→odom: x=0.356 y=-0.618 z=0.163
[WARN] [1783985934.566377858] [global_localization]: No odometry yet, skip odom transform in crop
[INFO] [1783985934.571075037] [global_localization]: ICP input: scan=5075 pts, map_FOV=84869 pts
[INFO] [1783985934.692248050] [global_localization]: ICP fitness: coarse=1.000, fine=0.967, threshold=0.9
[INFO] [1783985934.692689302] [global_localization]: map→odom: x=0.356 y=-0.618 z=0.163
[WARN] [1783985935.066444017] [global_localization]: No odometry yet, skip odom transform in crop
[INFO] [1783985935.071692004] [global_localization]: ICP input: scan=5075 pts, map_FOV=84869 pts
[INFO] [1783985935.197229561] [global_localization]: ICP fitness: coarse=1.000, fine=0.967, threshold=0.9
[INFO] [1783985935.197647782] [global_localization]: map→odom: x=0.356 y=-0.618 z=0.163
[WARN] [1783985935.566385209] [global_localization]: No odometry yet, skip odom transform in crop
[INFO] [1783985935.571932238] [global_localization]: ICP input: scan=5075 pts, map_FOV=84869 pts
[INFO] [1783985935.688396467] [global_localization]: ICP fitness: coarse=1.000, fine=0.967, threshold=0.9
[INFO] [1783985935.688825296] [global_localization]: map→odom: x=0.356 y=-0.618 z=0.163
[WARN] [1783985936.066482699] [global_localization]: No odometry yet, skip odom transform in crop
[INFO] [1783985936.072388069] [global_localization]: ICP input: scan=5075 pts, map_FOV=84869 pts
[INFO] [1783985936.198123999] [global_localization]: ICP fitness: coarse=1.000, fine=0.967, threshold=0.9
[INFO] [1783985936.198542802] [global_localization]: map→odom: x=0.356 y=-0.618 z=0.163
[WARN] [1783985936.566339695] [global_localization]: No odometry yet, skip odom transform in crop
[INFO] [1783985936.571145673] [global_localization]: ICP input: scan=5075 pts, map_FOV=84869 pts
[INFO] [1783985936.697105271] [global_localization]: ICP fitness: coarse=1.000, fine=0.967, threshold=0.9
[INFO] [1783985936.697569265] [global_localization]: map→odom: x=0.356 y=-0.618 z=0.163
[WARN] [1783985937.066319864] [global_localization]: No odometry yet, skip odom transform in crop
[INFO] [1783985937.070679712] [global_localization]: ICP input: scan=5075 pts, map_FOV=84869 pts
[INFO] [1783985937.199085798] [global_localization]: ICP fitness: coarse=1.000, fine=0.967, threshold=0.9
[INFO] [1783985937.199528527] [global_localization]: map→odom: x=0.356 y=-0.618 z=0.163
[WARN] [1783985937.566342704] [global_localization]: No odometry yet, skip odom transform in crop
[INFO] [1783985937.571002514] [global_localization]: ICP input: scan=5075 pts, map_FOV=84869 pts
[INFO] [1783985937.697154263] [global_localization]: ICP fitness: coarse=1.000, fine=0.967, threshold=0.9
[INFO] [1783985937.697600516] [global_localization]: map→odom: x=0.356 y=-0.618 z=0.163
[WARN] [1783985938.066395779] [global_localization]: No odometry yet, skip odom transform in crop
[INFO] [1783985938.071480977] [global_localization]: ICP input: scan=5075 pts, map_FOV=84869 pts
[INFO] [1783985938.195202509] [global_localization]: ICP fitness: coarse=1.000, fine=0.967, threshold=0.9
[INFO] [1783985938.195634384] [global_localization]: map→odom: x=0.356 y=-0.618 z=0.163
[WARN] [1783985938.566472380] [global_localization]: No odometry yet, skip odom transform in crop
[INFO] [1783985938.571539520] [global_localization]: ICP input: scan=5075 pts, map_FOV=84869 pts
[INFO] [1783985938.693400328] [global_localization]: ICP fitness: coarse=1.000, fine=0.967, threshold=0.9
[INFO] [1783985938.693845306] [global_localization]: map→odom: x=0.356 y=-0.618 z=0.163
[WARN] [1783985939.066349046] [global_localization]: No odometry yet, skip odom transform in crop
[INFO] [1783985939.071204386] [global_localization]: ICP input: scan=5075 pts, map_FOV=84869 pts
[INFO] [1783985939.200333567] [global_localization]: ICP fitness: coarse=1.000, fine=0.967, threshold=0.9
[INFO] [1783985939.200779988] [global_localization]: map→odom: x=0.356 y=-0.618 z=0.163
[WARN] [1783985939.566479687] [global_localization]: No odometry yet, skip odom transform in crop
[INFO] [1783985939.570973463] [global_localization]: ICP input: scan=5075 pts, map_FOV=84869 pts
[INFO] [1783985939.693669996] [global_localization]: ICP fitness: coarse=1.000, fine=0.967, threshold=0.9
[INFO] [1783985939.694045767] [global_localization]: map→odom: x=0.356 y=-0.618 z=0.163
[WARN] [1783985940.066300471] [global_localization]: No odometry yet, skip odom transform in crop
[INFO] [1783985940.071072076] [global_localization]: ICP input: scan=5075 pts, map_FOV=84869 pts
[INFO] [1783985940.191932473] [global_localization]: ICP fitness: coarse=1.000, fine=0.967, threshold=0.9
[INFO] [1783985940.192296648] [global_localization]: map→odom: x=0.356 y=-0.618 z=0.163
[WARN] [1783985940.566469344] [global_localization]: No odometry yet, skip odom transform in crop
[INFO] [1783985940.571919663] [global_localization]: ICP input: scan=5075 pts, map_FOV=84869 pts
[INFO] [1783985940.690562669] [global_localization]: ICP fitness: coarse=1.000, fine=0.967, threshold=0.9
[INFO] [1783985940.690993413] [global_localization]: map→odom: x=0.356 y=-0.618 z=0.163
[WARN] [1783985941.066362808] [global_localization]: No odometry yet, skip odom transform in crop
[INFO] [1783985941.071754405] [global_localization]: ICP input: scan=5075 pts, map_FOV=84869 pts
[INFO] [1783985941.198214105] [global_localization]: ICP fitness: coarse=1.000, fine=0.967, threshold=0.9
[INFO] [1783985941.198636095] [global_localization]: map→odom: x=0.356 y=-0.618 z=0.163
[WARN] [1783985941.566517044] [global_localization]: No odometry yet, skip odom transform in crop
[INFO] [1783985941.571084635] [global_localization]: ICP input: scan=5075 pts, map_FOV=84869 pts
[INFO] [1783985941.690894382] [global_localization]: ICP fitness: coarse=1.000, fine=0.967, threshold=0.9
[INFO] [1783985941.691322198] [global_localization]: map→odom: x=0.356 y=-0.618 z=0.163
[WARN] [1783985942.066480709] [global_localization]: No odometry yet, skip odom transform in crop
[INFO] [1783985942.071215142] [global_localization]: ICP input: scan=5075 pts, map_FOV=84869 pts
[INFO] [1783985942.194354029] [global_localization]: ICP fitness: coarse=1.000, fine=0.967, threshold=0.9
[INFO] [1783985942.194801192] [global_localization]: map→odom: x=0.356 y=-0.618 z=0.163
[WARN] [1783985942.566311628] [global_localization]: No odometry yet, skip odom transform in crop
[INFO] [1783985942.571773190] [global_localization]: ICP input: scan=5075 pts, map_FOV=84869 pts
[INFO] [1783985942.689583887] [global_localization]: ICP fitness: coarse=1.000, fine=0.967, threshold=0.9
[INFO] [1783985942.690016528] [global_localization]: map→odom: x=0.356 y=-0.618 z=0.163
[WARN] [1783985943.066403128] [global_localization]: No odometry yet, skip odom transform in crop
[INFO] [1783985943.073754011] [global_localization]: ICP input: scan=5075 pts, map_FOV=84869 pts
[INFO] [1783985943.194803500] [global_localization]: ICP fitness: coarse=1.000, fine=0.967, threshold=0.9
[INFO] [1783985943.195231825] [global_localization]: map→odom: x=0.356 y=-0.618 z=0.163
[WARN] [1783985943.566399598] [global_localization]: No odometry yet, skip odom transform in crop
[INFO] [1783985943.572998970] [global_localization]: ICP input: scan=5075 pts, map_FOV=84869 pts
[INFO] [1783985943.704066095] [global_localization]: ICP fitness: coarse=1.000, fine=0.967, threshold=0.9
[INFO] [1783985943.704510367] [global_localization]: map→odom: x=0.356 y=-0.618 z=0.163
[WARN] [1783985944.066366157] [global_localization]: No odometry yet, skip odom transform in crop
[INFO] [1783985944.072520605] [global_localization]: ICP input: scan=5075 pts, map_FOV=84869 pts
[INFO] [1783985944.189409565] [global_localization]: ICP fitness: coarse=1.000, fine=0.967, threshold=0.9
[INFO] [1783985944.189855922] [global_localization]: map→odom: x=0.356 y=-0.618 z=0.163
[WARN] [1783985944.566399485] [global_localization]: No odometry yet, skip odom transform in crop
[INFO] [1783985944.571400446] [global_localization]: ICP input: scan=5075 pts, map_FOV=84869 pts
[INFO] [1783985944.703823846] [global_localization]: ICP fitness: coarse=1.000, fine=0.967, threshold=0.9
[INFO] [1783985944.704252289] [global_localization]: map→odom: x=0.356 y=-0.618 z=0.163
[WARN] [1783985945.066496575] [global_localization]: No odometry yet, skip odom transform in crop
[INFO] [1783985945.071696370] [global_localization]: ICP input: scan=5075 pts, map_FOV=84869 pts
[INFO] [1783985945.194789856] [global_localization]: ICP fitness: coarse=1.000, fine=0.967, threshold=0.9
[INFO] [1783985945.195217863] [global_localization]: map→odom: x=0.356 y=-0.618 z=0.163
[WARN] [1783985945.566420371] [global_localization]: No odometry yet, skip odom transform in crop
[INFO] [1783985945.571295362] [global_localization]: ICP input: scan=5075 pts, map_FOV=84869 pts
[INFO] [1783985945.694523280] [global_localization]: ICP fitness: coarse=1.000, fine=0.967, threshold=0.9
[INFO] [1783985945.694955030] [global_localization]: map→odom: x=0.356 y=-0.618 z=0.163
[WARN] [1783985946.066400416] [global_localization]: No odometry yet, skip odom transform in crop
[INFO] [1783985946.071642184] [global_localization]: ICP input: scan=5075 pts, map_FOV=84869 pts
[INFO] [1783985946.197127362] [global_localization]: ICP fitness: coarse=1.000, fine=0.967, threshold=0.9
[INFO] [1783985946.197594902] [global_localization]: map→odom: x=0.356 y=-0.618 z=0.163
[WARN] [1783985946.566445217] [global_localization]: No odometry yet, skip odom transform in crop
[INFO] [1783985946.573628115] [global_localization]: ICP input: scan=5075 pts, map_FOV=84869 pts
[INFO] [1783985946.708773188] [global_localization]: ICP fitness: coarse=1.000, fine=0.967, threshold=0.9
[INFO] [1783985946.709253445] [global_localization]: map→odom: x=0.356 y=-0.618 z=0.163
[WARN] [1783985947.066322361] [global_localization]: No odometry yet, skip odom transform in crop
[INFO] [1783985947.071556405] [global_localization]: ICP input: scan=5075 pts, map_FOV=84869 pts
[INFO] [1783985947.204348448] [global_localization]: ICP fitness: coarse=1.000, fine=0.967, threshold=0.9
[INFO] [1783985947.204755229] [global_localization]: map→odom: x=0.356 y=-0.618 z=0.163
[WARN] [1783985947.566367135] [global_localization]: No odometry yet, skip odom transform in crop
[INFO] [1783985947.571517408] [global_localization]: ICP input: scan=5075 pts, map_FOV=84869 pts
[INFO] [1783985947.728024654] [global_localization]: ICP fitness: coarse=1.000, fine=0.967, threshold=0.9
[INFO] [1783985947.728461869] [global_localization]: map→odom: x=0.356 y=-0.618 z=0.163
[WARN] [1783985948.066362580] [global_localization]: No odometry yet, skip odom transform in crop
[INFO] [1783985948.071043319] [global_localization]: ICP input: scan=5075 pts, map_FOV=84869 pts
[INFO] [1783985948.193884267] [global_localization]: ICP fitness: coarse=1.000, fine=0.967, threshold=0.9
[INFO] [1783985948.194328073] [global_localization]: map→odom: x=0.356 y=-0.618 z=0.163
[WARN] [1783985948.566345116] [global_localization]: No odometry yet, skip odom transform in crop
[INFO] [1783985948.570733751] [global_localization]: ICP input: scan=5075 pts, map_FOV=84869 pts
[INFO] [1783985948.693067397] [global_localization]: ICP fitness: coarse=1.000, fine=0.967, threshold=0.9
[INFO] [1783985948.693541798] [global_localization]: map→odom: x=0.356 y=-0.618 z=0.163
[WARN] [1783985949.066397449] [global_localization]: No odometry yet, skip odom transform in crop
[INFO] [1783985949.072491568] [global_localization]: ICP input: scan=5075 pts, map_FOV=84869 pts
[INFO] [1783985949.196795401] [global_localization]: ICP fitness: coarse=1.000, fine=0.967, threshold=0.9
[INFO] [1783985949.197239598] [global_localization]: map→odom: x=0.356 y=-0.618 z=0.163
[WARN] [1783985949.566375927] [global_localization]: No odometry yet, skip odom transform in crop
[INFO] [1783985949.571151890] [global_localization]: ICP input: scan=5075 pts, map_FOV=84869 pts
[INFO] [1783985949.693379576] [global_localization]: ICP fitness: coarse=1.000, fine=0.967, threshold=0.9
[INFO] [1783985949.693819954] [global_localization]: map→odom: x=0.356 y=-0.618 z=0.163
[WARN] [1783985950.066445769] [global_localization]: No odometry yet, skip odom transform in crop
[INFO] [1783985950.071455903] [global_localization]: ICP input: scan=5075 pts, map_FOV=84869 pts
[INFO] [1783985950.196183301] [global_localization]: ICP fitness: coarse=1.000, fine=0.967, threshold=0.9
[INFO] [1783985950.196621021] [global_localization]: map→odom: x=0.356 y=-0.618 z=0.163
[WARN] [1783985950.566503218] [global_localization]: No odometry yet, skip odom transform in crop
[INFO] [1783985950.571094064] [global_localization]: ICP input: scan=5075 pts, map_FOV=84869 pts
[INFO] [1783985950.702927945] [global_localization]: ICP fitness: coarse=1.000, fine=0.967, threshold=0.9
[INFO] [1783985950.703382940] [global_localization]: map→odom: x=0.356 y=-0.618 z=0.163
[WARN] [1783985951.066332872] [global_localization]: No odometry yet, skip odom transform in crop
[INFO] [1783985951.071107450] [global_localization]: ICP input: scan=5075 pts, map_FOV=84869 pts
[INFO] [1783985951.202284638] [global_localization]: ICP fitness: coarse=1.000, fine=0.967, threshold=0.9
[INFO] [1783985951.202739855] [global_localization]: map→odom: x=0.356 y=-0.618 z=0.163
[WARN] [1783985951.566480413] [global_localization]: No odometry yet, skip odom transform in crop
[INFO] [1783985951.571695412] [global_localization]: ICP input: scan=5075 pts, map_FOV=84869 pts
[INFO] [1783985951.694387355] [global_localization]: ICP fitness: coarse=1.000, fine=0.967, threshold=0.9
[INFO] [1783985951.694848363] [global_localization]: map→odom: x=0.356 y=-0.618 z=0.163
[WARN] [1783985952.066303099] [global_localization]: No odometry yet, skip odom transform in crop
[INFO] [1783985952.074453600] [global_localization]: ICP input: scan=5075 pts, map_FOV=84869 pts
[INFO] [1783985952.200752154] [global_localization]: ICP fitness: coarse=1.000, fine=0.967, threshold=0.9
[INFO] [1783985952.201194904] [global_localization]: map→odom: x=0.356 y=-0.618 z=0.163
[WARN] [1783985952.566362578] [global_localization]: No odometry yet, skip odom transform in crop
[INFO] [1783985952.571437068] [global_localization]: ICP input: scan=5075 pts, map_FOV=84869 pts
[INFO] [1783985952.699529372] [global_localization]: ICP fitness: coarse=1.000, fine=0.967, threshold=0.9
[INFO] [1783985952.699976427] [global_localization]: map→odom: x=0.356 y=-0.618 z=0.163
[WARN] [1783985953.066346153] [global_localization]: No odometry yet, skip odom transform in crop
[INFO] [1783985953.070871675] [global_localization]: ICP input: scan=5075 pts, map_FOV=84869 pts
[INFO] [1783985953.199142832] [global_localization]: ICP fitness: coarse=1.000, fine=0.967, threshold=0.9
[INFO] [1783985953.199587876] [global_localization]: map→odom: x=0.356 y=-0.618 z=0.163
[WARN] [1783985953.566434929] [global_localization]: No odometry yet, skip odom transform in crop
[INFO] [1783985953.570767292] [global_localization]: ICP input: scan=5075 pts, map_FOV=84869 pts
[INFO] [1783985953.696214930] [global_localization]: ICP fitness: coarse=1.000, fine=0.967, threshold=0.9
[INFO] [1783985953.696610688] [global_localization]: map→odom: x=0.356 y=-0.618 z=0.163
[WARN] [1783985954.066413430] [global_localization]: No odometry yet, skip odom transform in crop
[INFO] [1783985954.071386406] [global_localization]: ICP input: scan=5075 pts, map_FOV=84869 pts
[INFO] [1783985954.196040107] [global_localization]: ICP fitness: coarse=1.000, fine=0.967, threshold=0.9
[INFO] [1783985954.196492492] [global_localization]: map→odom: x=0.356 y=-0.618 z=0.163
[WARN] [1783985954.566457417] [global_localization]: No odometry yet, skip odom transform in crop
[INFO] [1783985954.574232867] [global_localization]: ICP input: scan=5075 pts, map_FOV=84869 pts
[INFO] [1783985954.727199568] [global_localization]: ICP fitness: coarse=1.000, fine=0.967, threshold=0.9
[INFO] [1783985954.727641844] [global_localization]: map→odom: x=0.356 y=-0.618 z=0.163
[WARN] [1783985955.066367837] [global_localization]: No odometry yet, skip odom transform in crop
[INFO] [1783985955.070567591] [global_localization]: ICP input: scan=5075 pts, map_FOV=84869 pts
[INFO] [1783985955.197627075] [global_localization]: ICP fitness: coarse=1.000, fine=0.967, threshold=0.9
[INFO] [1783985955.198074546] [global_localization]: map→odom: x=0.356 y=-0.618 z=0.163
[WARN] [1783985955.566371618] [global_localization]: No odometry yet, skip odom transform in crop
[INFO] [1783985955.574844214] [global_localization]: ICP input: scan=5075 pts, map_FOV=84869 pts
[INFO] [1783985955.711187362] [global_localization]: ICP fitness: coarse=1.000, fine=0.967, threshold=0.9
[INFO] [1783985955.711621430] [global_localization]: map→odom: x=0.356 y=-0.618 z=0.163
[WARN] [1783985956.066432967] [global_localization]: No odometry yet, skip odom transform in crop
[INFO] [1783985956.071613182] [global_localization]: ICP input: scan=5075 pts, map_FOV=84869 pts
[INFO] [1783985956.195761761] [global_localization]: ICP fitness: coarse=1.000, fine=0.967, threshold=0.9
[INFO] [1783985956.196205469] [global_localization]: map→odom: x=0.356 y=-0.618 z=0.163
[WARN] [1783985956.566371576] [global_localization]: No odometry yet, skip odom transform in crop
[INFO] [1783985956.571575192] [global_localization]: ICP input: scan=5075 pts, map_FOV=84869 pts
[INFO] [1783985956.703478048] [global_localization]: ICP fitness: coarse=1.000, fine=0.967, threshold=0.9
[INFO] [1783985956.703936189] [global_localization]: map→odom: x=0.356 y=-0.618 z=0.163
[WARN] [1783985957.066282202] [global_localization]: No odometry yet, skip odom transform in crop
[INFO] [1783985957.071849086] [global_localization]: ICP input: scan=5075 pts, map_FOV=84869 pts
[INFO] [1783985957.197818780] [global_localization]: ICP fitness: coarse=1.000, fine=0.967, threshold=0.9
[INFO] [1783985957.198267646] [global_localization]: map→odom: x=0.356 y=-0.618 z=0.163
[WARN] [1783985957.566388641] [global_localization]: No odometry yet, skip odom transform in crop
[INFO] [1783985957.571134796] [global_localization]: ICP input: scan=5075 pts, map_FOV=84869 pts
[INFO] [1783985957.698307936] [global_localization]: ICP fitness: coarse=1.000, fine=0.967, threshold=0.9
[INFO] [1783985957.698769972] [global_localization]: map→odom: x=0.356 y=-0.618 z=0.163
[WARN] [1783985958.066412735] [global_localization]: No odometry yet, skip odom transform in crop
[INFO] [1783985958.071083704] [global_localization]: ICP input: scan=5075 pts, map_FOV=84869 pts
[INFO] [1783985958.197298551] [global_localization]: ICP fitness: coarse=1.000, fine=0.967, threshold=0.9
[INFO] [1783985958.197774846] [global_localization]: map→odom: x=0.356 y=-0.618 z=0.163
[WARN] [1783985958.566285897] [global_localization]: No odometry yet, skip odom transform in crop
[INFO] [1783985958.570859227] [global_localization]: ICP input: scan=5075 pts, map_FOV=84869 pts
[INFO] [1783985958.688685817] [global_localization]: ICP fitness: coarse=1.000, fine=0.967, threshold=0.9
[INFO] [1783985958.689127417] [global_localization]: map→odom: x=0.356 y=-0.618 z=0.163
[WARN] [1783985959.066447533] [global_localization]: No odometry yet, skip odom transform in crop
[INFO] [1783985959.071304863] [global_localization]: ICP input: scan=5075 pts, map_FOV=84869 pts
[INFO] [1783985959.200587021] [global_localization]: ICP fitness: coarse=1.000, fine=0.967, threshold=0.9
[INFO] [1783985959.201034997] [global_localization]: map→odom: x=0.356 y=-0.618 z=0.163
[WARN] [1783985959.566412034] [global_localization]: No odometry yet, skip odom transform in crop
[INFO] [1783985959.571660297] [global_localization]: ICP input: scan=5075 pts, map_FOV=84869 pts
[INFO] [1783985959.696661248] [global_localization]: ICP fitness: coarse=1.000, fine=0.967, threshold=0.9
[INFO] [1783985959.697175357] [global_localization]: map→odom: x=0.356 y=-0.618 z=0.163
[WARN] [1783985960.066399955] [global_localization]: No odometry yet, skip odom transform in crop
[INFO] [1783985960.072171592] [global_localization]: ICP input: scan=5075 pts, map_FOV=84869 pts
[INFO] [1783985960.204656454] [global_localization]: ICP fitness: coarse=1.000, fine=0.967, threshold=0.9
[INFO] [1783985960.205155621] [global_localization]: map→odom: x=0.356 y=-0.618 z=0.163
[WARN] [1783985960.566359856] [global_localization]: No odometry yet, skip odom transform in crop
[INFO] [1783985960.571295395] [global_localization]: ICP input: scan=5075 pts, map_FOV=84869 pts
[INFO] [1783985960.702781172] [global_localization]: ICP fitness: coarse=1.000, fine=0.967, threshold=0.9
[INFO] [1783985960.703274396] [global_localization]: map→odom: x=0.356 y=-0.618 z=0.163
[WARN] [1783985961.066397198] [global_localization]: No odometry yet, skip odom transform in crop
[INFO] [1783985961.071954456] [global_localization]: ICP input: scan=5075 pts, map_FOV=84869 pts
[INFO] [1783985961.220123796] [global_localization]: ICP fitness: coarse=1.000, fine=0.967, threshold=0.9
[INFO] [1783985961.220603587] [global_localization]: map→odom: x=0.356 y=-0.618 z=0.163
[WARN] [1783985961.566445376] [global_localization]: No odometry yet, skip odom transform in crop
[INFO] [1783985961.571716831] [global_localization]: ICP input: scan=5075 pts, map_FOV=84869 pts
[INFO] [1783985961.699559356] [global_localization]: ICP fitness: coarse=1.000, fine=0.967, threshold=0.9
[INFO] [1783985961.700040374] [global_localization]: map→odom: x=0.356 y=-0.618 z=0.163
[WARN] [1783985962.066372398] [global_localization]: No odometry yet, skip odom transform in crop
[INFO] [1783985962.071030614] [global_localization]: ICP input: scan=5075 pts, map_FOV=84869 pts
[INFO] [1783985962.196751226] [global_localization]: ICP fitness: coarse=1.000, fine=0.967, threshold=0.9
[INFO] [1783985962.197234558] [global_localization]: map→odom: x=0.356 y=-0.618 z=0.163
[WARN] [1783985962.566492227] [global_localization]: No odometry yet, skip odom transform in crop
[INFO] [1783985962.571140505] [global_localization]: ICP input: scan=5075 pts, map_FOV=84869 pts
[INFO] [1783985962.714058007] [global_localization]: ICP fitness: coarse=1.000, fine=0.967, threshold=0.9
[INFO] [1783985962.714540416] [global_localization]: map→odom: x=0.356 y=-0.618 z=0.163
[WARN] [1783985963.066304056] [global_localization]: No odometry yet, skip odom transform in crop
[INFO] [1783985963.070917482] [global_localization]: ICP input: scan=5075 pts, map_FOV=84869 pts
[INFO] [1783985963.243211984] [global_localization]: ICP fitness: coarse=1.000, fine=0.967, threshold=0.9
[INFO] [1783985963.243749693] [global_localization]: map→odom: x=0.356 y=-0.618 z=0.163
[WARN] [1783985963.566612168] [global_localization]: No odometry yet, skip odom transform in crop
[INFO] [1783985963.571683237] [global_localization]: ICP input: scan=5075 pts, map_FOV=84869 pts
[INFO] [1783985963.705041658] [global_localization]: ICP fitness: coarse=1.000, fine=0.967, threshold=0.9
[INFO] [1783985963.705491870] [global_localization]: map→odom: x=0.356 y=-0.618 z=0.163
[WARN] [1783985964.066460903] [global_localization]: No odometry yet, skip odom transform in crop
[INFO] [1783985964.072623528] [global_localization]: ICP input: scan=5075 pts, map_FOV=84869 pts
[INFO] [1783985964.203732391] [global_localization]: ICP fitness: coarse=1.000, fine=0.967, threshold=0.9
[INFO] [1783985964.204218002] [global_localization]: map→odom: x=0.356 y=-0.618 z=0.163
[WARN] [1783985964.566405894] [global_localization]: No odometry yet, skip odom transform in crop
[INFO] [1783985964.571512771] [global_localization]: ICP input: scan=5075 pts, map_FOV=84869 pts
[INFO] [1783985964.741494598] [global_localization]: ICP fitness: coarse=1.000, fine=0.967, threshold=0.9
[INFO] [1783985964.741992335] [global_localization]: map→odom: x=0.356 y=-0.618 z=0.163
[WARN] [1783985965.066327109] [global_localization]: No odometry yet, skip odom transform in crop
[INFO] [1783985965.071864566] [global_localization]: ICP input: scan=5075 pts, map_FOV=84869 pts
[INFO] [1783985965.202169948] [global_localization]: ICP fitness: coarse=1.000, fine=0.967, threshold=0.9
[INFO] [1783985965.202650698] [global_localization]: map→odom: x=0.356 y=-0.618 z=0.163
[WARN] [1783985965.566387721] [global_localization]: No odometry yet, skip odom transform in crop
[INFO] [1783985965.571453803] [global_localization]: ICP input: scan=5075 pts, map_FOV=84869 pts
[INFO] [1783985965.701453699] [global_localization]: ICP fitness: coarse=1.000, fine=0.967, threshold=0.9
[INFO] [1783985965.701862613] [global_localization]: map→odom: x=0.356 y=-0.618 z=0.163
[WARN] [1783985966.066527008] [global_localization]: No odometry yet, skip odom transform in crop
[INFO] [1783985966.071766509] [global_localization]: ICP input: scan=5075 pts, map_FOV=84869 pts
[INFO] [1783985966.202037193] [global_localization]: ICP fitness: coarse=1.000, fine=0.967, threshold=0.9
[INFO] [1783985966.202524537] [global_localization]: map→odom: x=0.356 y=-0.618 z=0.163
[WARN] [1783985966.566431970] [global_localization]: No odometry yet, skip odom transform in crop
[INFO] [1783985966.572468411] [global_localization]: ICP input: scan=5075 pts, map_FOV=84869 pts
[INFO] [1783985966.715043509] [global_localization]: ICP fitness: coarse=1.000, fine=0.967, threshold=0.9
[INFO] [1783985966.715532239] [global_localization]: map→odom: x=0.356 y=-0.618 z=0.163
[WARN] [1783985967.066289361] [global_localization]: No odometry yet, skip odom transform in crop
[INFO] [1783985967.071084124] [global_localization]: ICP input: scan=5075 pts, map_FOV=84869 pts
[INFO] [1783985967.196492169] [global_localization]: ICP fitness: coarse=1.000, fine=0.967, threshold=0.9
[INFO] [1783985967.196976145] [global_localization]: map→odom: x=0.356 y=-0.618 z=0.163
[WARN] [1783985967.566455474] [global_localization]: No odometry yet, skip odom transform in crop
[INFO] [1783985967.571255127] [global_localization]: ICP input: scan=5075 pts, map_FOV=84869 pts
[INFO] [1783985967.701696228] [global_localization]: ICP fitness: coarse=1.000, fine=0.967, threshold=0.9
[INFO] [1783985967.702107333] [global_localization]: map→odom: x=0.356 y=-0.618 z=0.163
[WARN] [1783985968.066506148] [global_localization]: No odometry yet, skip odom transform in crop
[INFO] [1783985968.072843049] [global_localization]: ICP input: scan=5075 pts, map_FOV=84869 pts
[INFO] [1783985968.208749024] [global_localization]: ICP fitness: coarse=1.000, fine=0.967, threshold=0.9
[INFO] [1783985968.209176272] [global_localization]: map→odom: x=0.356 y=-0.618 z=0.163
[WARN] [1783985968.566453424] [global_localization]: No odometry yet, skip odom transform in crop
[INFO] [1783985968.571496993] [global_localization]: ICP input: scan=5075 pts, map_FOV=84869 pts
[INFO] [1783985968.693590208] [global_localization]: ICP fitness: coarse=1.000, fine=0.967, threshold=0.9
[INFO] [1783985968.694079559] [global_localization]: map→odom: x=0.356 y=-0.618 z=0.163
[WARN] [1783985969.066533888] [global_localization]: No odometry yet, skip odom transform in crop
[INFO] [1783985969.072040737] [global_localization]: ICP input: scan=5075 pts, map_FOV=84869 pts
[INFO] [1783985969.202728254] [global_localization]: ICP fitness: coarse=1.000, fine=0.967, threshold=0.9
[INFO] [1783985969.203204151] [global_localization]: map→odom: x=0.356 y=-0.618 z=0.163
[WARN] [1783985969.566532262] [global_localization]: No odometry yet, skip odom transform in crop
[INFO] [1783985969.571409875] [global_localization]: ICP input: scan=5075 pts, map_FOV=84869 pts
[INFO] [1783985969.716743073] [global_localization]: ICP fitness: coarse=1.000, fine=0.967, threshold=0.9
[INFO] [1783985969.717210638] [global_localization]: map→odom: x=0.356 y=-0.618 z=0.163
[WARN] [1783985970.066473925] [global_localization]: No odometry yet, skip odom transform in crop
[INFO] [1783985970.071214646] [global_localization]: ICP input: scan=5075 pts, map_FOV=84869 pts
[INFO] [1783985970.192857943] [global_localization]: ICP fitness: coarse=1.000, fine=0.967, threshold=0.9
[INFO] [1783985970.193338582] [global_localization]: map→odom: x=0.356 y=-0.618 z=0.163
[WARN] [1783985970.566375790] [global_localization]: No odometry yet, skip odom transform in crop
[INFO] [1783985970.571175252] [global_localization]: ICP input: scan=5075 pts, map_FOV=84869 pts
[INFO] [1783985970.722162115] [global_localization]: ICP fitness: coarse=1.000, fine=0.967, threshold=0.9
[INFO] [1783985970.722646616] [global_localization]: map→odom: x=0.356 y=-0.618 z=0.163
[WARN] [1783985971.066346197] [global_localization]: No odometry yet, skip odom transform in crop
[INFO] [1783985971.071838729] [global_localization]: ICP input: scan=5075 pts, map_FOV=84869 pts
[INFO] [1783985971.201437547] [global_localization]: ICP fitness: coarse=1.000, fine=0.967, threshold=0.9
[INFO] [1783985971.201919742] [global_localization]: map→odom: x=0.356 y=-0.618 z=0.163
[WARN] [1783985971.566390719] [global_localization]: No odometry yet, skip odom transform in crop
[INFO] [1783985971.571429882] [global_localization]: ICP input: scan=5075 pts, map_FOV=84869 pts
[INFO] [1783985971.696828843] [global_localization]: ICP fitness: coarse=1.000, fine=0.967, threshold=0.9
[INFO] [1783985971.697244698] [global_localization]: map→odom: x=0.356 y=-0.618 z=0.163
[WARN] [1783985972.066557465] [global_localization]: No odometry yet, skip odom transform in crop
[INFO] [1783985972.072914600] [global_localization]: ICP input: scan=5075 pts, map_FOV=84869 pts
[INFO] [1783985972.218289010] [global_localization]: ICP fitness: coarse=1.000, fine=0.967, threshold=0.9
[INFO] [1783985972.218790777] [global_localization]: map→odom: x=0.356 y=-0.618 z=0.163
[WARN] [1783985972.566470576] [global_localization]: No odometry yet, skip odom transform in crop
[INFO] [1783985972.571791364] [global_localization]: ICP input: scan=5075 pts, map_FOV=84869 pts
[INFO] [1783985972.722776935] [global_localization]: ICP fitness: coarse=1.000, fine=0.967, threshold=0.9
[INFO] [1783985972.723251476] [global_localization]: map→odom: x=0.356 y=-0.618 z=0.163
[WARN] [1783985973.066414772] [global_localization]: No odometry yet, skip odom transform in crop
[INFO] [1783985973.071284312] [global_localization]: ICP input: scan=5075 pts, map_FOV=84869 pts
[INFO] [1783985973.193188193] [global_localization]: ICP fitness: coarse=1.000, fine=0.967, threshold=0.9
[INFO] [1783985973.193674350] [global_localization]: map→odom: x=0.356 y=-0.618 z=0.163
[WARN] [1783985973.566487052] [global_localization]: No odometry yet, skip odom transform in crop
[INFO] [1783985973.571659071] [global_localization]: ICP input: scan=5075 pts, map_FOV=84869 pts
[INFO] [1783985973.696829069] [global_localization]: ICP fitness: coarse=1.000, fine=0.967, threshold=0.9
[INFO] [1783985973.697280445] [global_localization]: map→odom: x=0.356 y=-0.618 z=0.163
[WARN] [1783985974.066412679] [global_localization]: No odometry yet, skip odom transform in crop
[INFO] [1783985974.071455604] [global_localization]: ICP input: scan=5075 pts, map_FOV=84869 pts
[INFO] [1783985974.199268094] [global_localization]: ICP fitness: coarse=1.000, fine=0.967, threshold=0.9
[INFO] [1783985974.199763167] [global_localization]: map→odom: x=0.356 y=-0.618 z=0.163
[WARN] [1783985974.566452995] [global_localization]: No odometry yet, skip odom transform in crop
[INFO] [1783985974.571744358] [global_localization]: ICP input: scan=5075 pts, map_FOV=84869 pts
[INFO] [1783985974.706137993] [global_localization]: ICP fitness: coarse=1.000, fine=0.967, threshold=0.9
[INFO] [1783985974.706625459] [global_localization]: map→odom: x=0.356 y=-0.618 z=0.163
[WARN] [1783985975.066405021] [global_localization]: No odometry yet, skip odom transform in crop
[INFO] [1783985975.071753309] [global_localization]: ICP input: scan=5075 pts, map_FOV=84869 pts
[INFO] [1783985975.209110439] [global_localization]: ICP fitness: coarse=1.000, fine=0.967, threshold=0.9
[INFO] [1783985975.209592461] [global_localization]: map→odom: x=0.356 y=-0.618 z=0.163
[WARN] [1783985975.566400954] [global_localization]: No odometry yet, skip odom transform in crop
[INFO] [1783985975.571855939] [global_localization]: ICP input: scan=5075 pts, map_FOV=84869 pts
[INFO] [1783985975.701384603] [global_localization]: ICP fitness: coarse=1.000, fine=0.967, threshold=0.9
[INFO] [1783985975.701876833] [global_localization]: map→odom: x=0.356 y=-0.618 z=0.163
[WARN] [1783985976.066255938] [global_localization]: No odometry yet, skip odom transform in crop
[INFO] [1783985976.071283956] [global_localization]: ICP input: scan=5075 pts, map_FOV=84869 pts
[INFO] [1783985976.197763998] [global_localization]: ICP fitness: coarse=1.000, fine=0.967, threshold=0.9
[INFO] [1783985976.198197375] [global_localization]: map→odom: x=0.356 y=-0.618 z=0.163
[WARN] [1783985976.566459309] [global_localization]: No odometry yet, skip odom transform in crop
[INFO] [1783985976.571631919] [global_localization]: ICP input: scan=5075 pts, map_FOV=84869 pts
[INFO] [1783985976.706039753] [global_localization]: ICP fitness: coarse=1.000, fine=0.967, threshold=0.9
[INFO] [1783985976.706621267] [global_localization]: map→odom: x=0.356 y=-0.618 z=0.163
[WARN] [1783985977.066381548] [global_localization]: No odometry yet, skip odom transform in crop
[INFO] [1783985977.071359844] [global_localization]: ICP input: scan=5075 pts, map_FOV=84869 pts
[INFO] [1783985977.203752306] [global_localization]: ICP fitness: coarse=1.000, fine=0.967, threshold=0.9
[INFO] [1783985977.204140923] [global_localization]: map→odom: x=0.356 y=-0.618 z=0.163
[WARN] [1783985977.566382819] [global_localization]: No odometry yet, skip odom transform in crop
[INFO] [1783985977.571500578] [global_localization]: ICP input: scan=5075 pts, map_FOV=84869 pts
[INFO] [1783985977.698449190] [global_localization]: ICP fitness: coarse=1.000, fine=0.967, threshold=0.9
[INFO] [1783985977.698949364] [global_localization]: map→odom: x=0.356 y=-0.618 z=0.163
[WARN] [1783985978.066491934] [global_localization]: No odometry yet, skip odom transform in crop
[INFO] [1783985978.071402501] [global_localization]: ICP input: scan=5075 pts, map_FOV=84869 pts
[INFO] [1783985978.226612918] [global_localization]: ICP fitness: coarse=1.000, fine=0.967, threshold=0.9
[INFO] [1783985978.227210501] [global_localization]: map→odom: x=0.356 y=-0.618 z=0.163
[WARN] [1783985978.566280615] [global_localization]: No odometry yet, skip odom transform in crop
[INFO] [1783985978.573704560] [global_localization]: ICP input: scan=5075 pts, map_FOV=84869 pts
[INFO] [1783985978.697964175] [global_localization]: ICP fitness: coarse=1.000, fine=0.967, threshold=0.9
[INFO] [1783985978.698499673] [global_localization]: map→odom: x=0.356 y=-0.618 z=0.163
[WARN] [1783985979.066454543] [global_localization]: No odometry yet, skip odom transform in crop
[INFO] [1783985979.071081295] [global_localization]: ICP input: scan=5075 pts, map_FOV=84869 pts
[INFO] [1783985979.204392494] [global_localization]: ICP fitness: coarse=1.000, fine=0.967, threshold=0.9
[INFO] [1783985979.204909787] [global_localization]: map→odom: x=0.356 y=-0.618 z=0.163
[WARN] [1783985979.566487556] [global_localization]: No odometry yet, skip odom transform in crop
[INFO] [1783985979.571841858] [global_localization]: ICP input: scan=5075 pts, map_FOV=84869 pts
[INFO] [1783985979.723225347] [global_localization]: ICP fitness: coarse=1.000, fine=0.967, threshold=0.9
[INFO] [1783985979.723725870] [global_localization]: map→odom: x=0.356 y=-0.618 z=0.163
[WARN] [1783985980.066398660] [global_localization]: No odometry yet, skip odom transform in crop
[INFO] [1783985980.074795515] [global_localization]: ICP input: scan=5075 pts, map_FOV=84869 pts
[INFO] [1783985980.208353841] [global_localization]: ICP fitness: coarse=1.000, fine=0.967, threshold=0.9
[INFO] [1783985980.208935378] [global_localization]: map→odom: x=0.356 y=-0.618 z=0.163
[WARN] [1783985980.566320776] [global_localization]: No odometry yet, skip odom transform in crop
[INFO] [1783985980.571133509] [global_localization]: ICP input: scan=5075 pts, map_FOV=84869 pts
[INFO] [1783985980.699761662] [global_localization]: ICP fitness: coarse=1.000, fine=0.967, threshold=0.9
[INFO] [1783985980.700353548] [global_localization]: map→odom: x=0.356 y=-0.618 z=0.163
[WARN] [1783985981.066484147] [global_localization]: No odometry yet, skip odom transform in crop
[INFO] [1783985981.071155573] [global_localization]: ICP input: scan=5075 pts, map_FOV=84869 pts
[INFO] [1783985981.225840743] [global_localization]: ICP fitness: coarse=1.000, fine=0.967, threshold=0.9
[INFO] [1783985981.226374557] [global_localization]: map→odom: x=0.356 y=-0.618 z=0.163
[WARN] [1783985981.566449826] [global_localization]: No odometry yet, skip odom transform in crop
[INFO] [1783985981.571596357] [global_localization]: ICP input: scan=5075 pts, map_FOV=84869 pts
[INFO] [1783985981.705610179] [global_localization]: ICP fitness: coarse=1.000, fine=0.967, threshold=0.9
[INFO] [1783985981.706122612] [global_localization]: map→odom: x=0.356 y=-0.618 z=0.163
[WARN] [1783985982.066579783] [global_localization]: No odometry yet, skip odom transform in crop
[INFO] [1783985982.071424091] [global_localization]: ICP input: scan=5075 pts, map_FOV=84869 pts
[INFO] [1783985982.212308926] [global_localization]: ICP fitness: coarse=1.000, fine=0.967, threshold=0.9
[INFO] [1783985982.212816869] [global_localization]: map→odom: x=0.356 y=-0.618 z=0.163
[WARN] [1783985982.566364974] [global_localization]: No odometry yet, skip odom transform in crop
[INFO] [1783985982.571875748] [global_localization]: ICP input: scan=5075 pts, map_FOV=84869 pts
[INFO] [1783985982.704154819] [global_localization]: ICP fitness: coarse=1.000, fine=0.967, threshold=0.9
[INFO] [1783985982.704663223] [global_localization]: map→odom: x=0.356 y=-0.618 z=0.163
[WARN] [1783985983.066367533] [global_localization]: No odometry yet, skip odom transform in crop
[INFO] [1783985983.071314895] [global_localization]: ICP input: scan=5075 pts, map_FOV=84869 pts
[INFO] [1783985983.221804190] [global_localization]: ICP fitness: coarse=1.000, fine=0.967, threshold=0.9
[INFO] [1783985983.222303504] [global_localization]: map→odom: x=0.356 y=-0.618 z=0.163
[WARN] [1783985983.566439046] [global_localization]: No odometry yet, skip odom transform in crop
[INFO] [1783985983.571782138] [global_localization]: ICP input: scan=5075 pts, map_FOV=84869 pts
[INFO] [1783985983.696878702] [global_localization]: ICP fitness: coarse=1.000, fine=0.967, threshold=0.9
[INFO] [1783985983.697451736] [global_localization]: map→odom: x=0.356 y=-0.618 z=0.163
[WARN] [1783985984.066421356] [global_localization]: No odometry yet, skip odom transform in crop
[INFO] [1783985984.071640466] [global_localization]: ICP input: scan=5075 pts, map_FOV=84869 pts
[INFO] [1783985984.240523530] [global_localization]: ICP fitness: coarse=1.000, fine=0.967, threshold=0.9
[INFO] [1783985984.241105058] [global_localization]: map→odom: x=0.356 y=-0.618 z=0.163
[WARN] [1783985984.566356229] [global_localization]: No odometry yet, skip odom transform in crop
[INFO] [1783985984.571590273] [global_localization]: ICP input: scan=5075 pts, map_FOV=84869 pts
[INFO] [1783985984.704563565] [global_localization]: ICP fitness: coarse=1.000, fine=0.967, threshold=0.9
[INFO] [1783985984.705076572] [global_localization]: map→odom: x=0.356 y=-0.618 z=0.163
[WARN] [1783985985.066661519] [global_localization]: No odometry yet, skip odom transform in crop
[INFO] [1783985985.071897965] [global_localization]: ICP input: scan=5075 pts, map_FOV=84869 pts
[INFO] [1783985985.228537078] [global_localization]: ICP fitness: coarse=1.000, fine=0.967, threshold=0.9
[INFO] [1783985985.229046469] [global_localization]: map→odom: x=0.356 y=-0.618 z=0.163
[WARN] [1783985985.566398474] [global_localization]: No odometry yet, skip odom transform in crop
[INFO] [1783985985.571091912] [global_localization]: ICP input: scan=5075 pts, map_FOV=84869 pts
[INFO] [1783985985.716012457] [global_localization]: ICP fitness: coarse=1.000, fine=0.967, threshold=0.9
[INFO] [1783985985.716440209] [global_localization]: map→odom: x=0.356 y=-0.618 z=0.163
[WARN] [1783985986.066359362] [global_localization]: No odometry yet, skip odom transform in crop
[INFO] [1783985986.072078426] [global_localization]: ICP input: scan=5075 pts, map_FOV=84869 pts
[INFO] [1783985986.205395605] [global_localization]: ICP fitness: coarse=1.000, fine=0.967, threshold=0.9
[INFO] [1783985986.205829527] [global_localization]: map→odom: x=0.356 y=-0.618 z=0.163
[WARN] [1783985986.566335948] [global_localization]: No odometry yet, skip odom transform in crop
[INFO] [1783985986.571041607] [global_localization]: ICP input: scan=5075 pts, map_FOV=84869 pts
[INFO] [1783985986.711551789] [global_localization]: ICP fitness: coarse=1.000, fine=0.967, threshold=0.9
[INFO] [1783985986.712070475] [global_localization]: map→odom: x=0.356 y=-0.618 z=0.163
[WARN] [1783985987.066443673] [global_localization]: No odometry yet, skip odom transform in crop
[INFO] [1783985987.071420354] [global_localization]: ICP input: scan=5075 pts, map_FOV=84869 pts
[INFO] [1783985987.212228822] [global_localization]: ICP fitness: coarse=1.000, fine=0.967, threshold=0.9
[INFO] [1783985987.212741020] [global_localization]: map→odom: x=0.356 y=-0.618 z=0.163
[WARN] [1783985987.566341135] [global_localization]: No odometry yet, skip odom transform in crop
[INFO] [1783985987.571184296] [global_localization]: ICP input: scan=5075 pts, map_FOV=84869 pts
[INFO] [1783985987.702404834] [global_localization]: ICP fitness: coarse=1.000, fine=0.967, threshold=0.9
[INFO] [1783985987.702906533] [global_localization]: map→odom: x=0.356 y=-0.618 z=0.163
[WARN] [1783985988.066410668] [global_localization]: No odometry yet, skip odom transform in crop
[INFO] [1783985988.071000047] [global_localization]: ICP input: scan=5075 pts, map_FOV=84869 pts
[INFO] [1783985988.199642145] [global_localization]: ICP fitness: coarse=1.000, fine=0.967, threshold=0.9
[INFO] [1783985988.200153189] [global_localization]: map→odom: x=0.356 y=-0.618 z=0.163
[WARN] [1783985988.566336822] [global_localization]: No odometry yet, skip odom transform in crop
[INFO] [1783985988.573852485] [global_localization]: ICP input: scan=5075 pts, map_FOV=84869 pts
[INFO] [1783985988.701208704] [global_localization]: ICP fitness: coarse=1.000, fine=0.967, threshold=0.9
[INFO] [1783985988.701726881] [global_localization]: map→odom: x=0.356 y=-0.618 z=0.163
[WARN] [1783985989.066481468] [global_localization]: No odometry yet, skip odom transform in crop
[INFO] [1783985989.071857883] [global_localization]: ICP input: scan=5075 pts, map_FOV=84869 pts
[INFO] [1783985989.215103352] [global_localization]: ICP fitness: coarse=1.000, fine=0.967, threshold=0.9
[INFO] [1783985989.215548010] [global_localization]: map→odom: x=0.356 y=-0.618 z=0.163
[WARN] [1783985989.566411322] [global_localization]: No odometry yet, skip odom transform in crop
[INFO] [1783985989.571308114] [global_localization]: ICP input: scan=5075 pts, map_FOV=84869 pts
[INFO] [1783985989.709578317] [global_localization]: ICP fitness: coarse=1.000, fine=0.967, threshold=0.9
[INFO] [1783985989.709991530] [global_localization]: map→odom: x=0.356 y=-0.618 z=0.163
[WARN] [1783985990.066532005] [global_localization]: No odometry yet, skip odom transform in crop
[INFO] [1783985990.071692590] [global_localization]: ICP input: scan=5075 pts, map_FOV=84869 pts
[INFO] [1783985990.196289113] [global_localization]: ICP fitness: coarse=1.000, fine=0.967, threshold=0.9
[INFO] [1783985990.196870900] [global_localization]: map→odom: x=0.356 y=-0.618 z=0.163
[WARN] [1783985990.566353711] [global_localization]: No odometry yet, skip odom transform in crop
[INFO] [1783985990.571562048] [global_localization]: ICP input: scan=5075 pts, map_FOV=84869 pts
[INFO] [1783985990.706116510] [global_localization]: ICP fitness: coarse=1.000, fine=0.967, threshold=0.9
[INFO] [1783985990.706612614] [global_localization]: map→odom: x=0.356 y=-0.618 z=0.163
[WARN] [1783985991.066332450] [global_localization]: No odometry yet, skip odom transform in crop
[INFO] [1783985991.074268366] [global_localization]: ICP input: scan=5075 pts, map_FOV=84869 pts
[INFO] [1783985991.216080035] [global_localization]: ICP fitness: coarse=1.000, fine=0.967, threshold=0.9
[INFO] [1783985991.216578597] [global_localization]: map→odom: x=0.356 y=-0.618 z=0.163
[WARN] [1783985991.566509026] [global_localization]: No odometry yet, skip odom transform in crop
[INFO] [1783985991.571139346] [global_localization]: ICP input: scan=5075 pts, map_FOV=84869 pts
[INFO] [1783985991.719644490] [global_localization]: ICP fitness: coarse=1.000, fine=0.967, threshold=0.9
[INFO] [1783985991.720150696] [global_localization]: map→odom: x=0.356 y=-0.618 z=0.163
[WARN] [1783985992.066311549] [global_localization]: No odometry yet, skip odom transform in crop
[INFO] [1783985992.071091303] [global_localization]: ICP input: scan=5075 pts, map_FOV=84869 pts
[INFO] [1783985992.203971888] [global_localization]: ICP fitness: coarse=1.000, fine=0.967, threshold=0.9
[INFO] [1783985992.204427589] [global_localization]: map→odom: x=0.356 y=-0.618 z=0.163
[WARN] [1783985992.566413499] [global_localization]: No odometry yet, skip odom transform in crop
[INFO] [1783985992.571190398] [global_localization]: ICP input: scan=5075 pts, map_FOV=84869 pts
[INFO] [1783985992.699929088] [global_localization]: ICP fitness: coarse=1.000, fine=0.967, threshold=0.9
[INFO] [1783985992.700433740] [global_localization]: map→odom: x=0.356 y=-0.618 z=0.163
[WARN] [1783985993.066317758] [global_localization]: No odometry yet, skip odom transform in crop
[INFO] [1783985993.070763629] [global_localization]: ICP input: scan=5075 pts, map_FOV=84869 pts
[INFO] [1783985993.212978554] [global_localization]: ICP fitness: coarse=1.000, fine=0.967, threshold=0.9
[INFO] [1783985993.213511692] [global_localization]: map→odom: x=0.356 y=-0.618 z=0.163
[WARN] [1783985993.566271513] [global_localization]: No odometry yet, skip odom transform in crop
[INFO] [1783985993.571335428] [global_localization]: ICP input: scan=5075 pts, map_FOV=84869 pts
[INFO] [1783985993.727037501] [global_localization]: ICP fitness: coarse=1.000, fine=0.967, threshold=0.9
[INFO] [1783985993.727545845] [global_localization]: map→odom: x=0.356 y=-0.618 z=0.163
[WARN] [1783985994.066461224] [global_localization]: No odometry yet, skip odom transform in crop
[INFO] [1783985994.071224542] [global_localization]: ICP input: scan=5075 pts, map_FOV=84869 pts
[INFO] [1783985994.200932349] [global_localization]: ICP fitness: coarse=1.000, fine=0.967, threshold=0.9
[INFO] [1783985994.201389767] [global_localization]: map→odom: x=0.356 y=-0.618 z=0.163
[WARN] [1783985994.566462112] [global_localization]: No odometry yet, skip odom transform in crop
[INFO] [1783985994.571293732] [global_localization]: ICP input: scan=5075 pts, map_FOV=84869 pts
[INFO] [1783985994.709246135] [global_localization]: ICP fitness: coarse=1.000, fine=0.967, threshold=0.9
[INFO] [1783985994.709759328] [global_localization]: map→odom: x=0.356 y=-0.618 z=0.163
[WARN] [1783985995.066493468] [global_localization]: No odometry yet, skip odom transform in crop
[INFO] [1783985995.071542237] [global_localization]: ICP input: scan=5075 pts, map_FOV=84869 pts
[INFO] [1783985995.203120333] [global_localization]: ICP fitness: coarse=1.000, fine=0.967, threshold=0.9
[INFO] [1783985995.203646529] [global_localization]: map→odom: x=0.356 y=-0.618 z=0.163
[WARN] [1783985995.566370062] [global_localization]: No odometry yet, skip odom transform in crop
[INFO] [1783985995.571567802] [global_localization]: ICP input: scan=5075 pts, map_FOV=84869 pts
[INFO] [1783985995.699227702] [global_localization]: ICP fitness: coarse=1.000, fine=0.967, threshold=0.9
[INFO] [1783985995.699732321] [global_localization]: map→odom: x=0.356 y=-0.618 z=0.163
[WARN] [1783985996.066416115] [global_localization]: No odometry yet, skip odom transform in crop
[INFO] [1783985996.071900308] [global_localization]: ICP input: scan=5075 pts, map_FOV=84869 pts
[INFO] [1783985996.202227191] [global_localization]: ICP fitness: coarse=1.000, fine=0.967, threshold=0.9
[INFO] [1783985996.202728413] [global_localization]: map→odom: x=0.356 y=-0.618 z=0.163
[WARN] [1783985996.566492396] [global_localization]: No odometry yet, skip odom transform in crop
[INFO] [1783985996.572825955] [global_localization]: ICP input: scan=5075 pts, map_FOV=84869 pts
[INFO] [1783985996.702187660] [global_localization]: ICP fitness: coarse=1.000, fine=0.967, threshold=0.9
[INFO] [1783985996.702693933] [global_localization]: map→odom: x=0.356 y=-0.618 z=0.163
[WARN] [1783985997.066446153] [global_localization]: No odometry yet, skip odom transform in crop
[INFO] [1783985997.071425655] [global_localization]: ICP input: scan=5075 pts, map_FOV=84869 pts
[INFO] [1783985997.210270697] [global_localization]: ICP fitness: coarse=1.000, fine=0.967, threshold=0.9
[INFO] [1783985997.210804469] [global_localization]: map→odom: x=0.356 y=-0.618 z=0.163
[WARN] [1783985997.566341075] [global_localization]: No odometry yet, skip odom transform in crop
[INFO] [1783985997.571074770] [global_localization]: ICP input: scan=5075 pts, map_FOV=84869 pts
[INFO] [1783985997.714411206] [global_localization]: ICP fitness: coarse=1.000, fine=0.967, threshold=0.9
[INFO] [1783985997.714995700] [global_localization]: map→odom: x=0.356 y=-0.618 z=0.163
[WARN] [1783985998.066559075] [global_localization]: No odometry yet, skip odom transform in crop
[INFO] [1783985998.075009066] [global_localization]: ICP input: scan=5075 pts, map_FOV=84869 pts
[INFO] [1783985998.201338857] [global_localization]: ICP fitness: coarse=1.000, fine=0.967, threshold=0.9
[INFO] [1783985998.201768890] [global_localization]: map→odom: x=0.356 y=-0.618 z=0.163
[WARN] [1783985998.566377347] [global_localization]: No odometry yet, skip odom transform in crop
[INFO] [1783985998.571496915] [global_localization]: ICP input: scan=5075 pts, map_FOV=84869 pts
[INFO] [1783985998.706006042] [global_localization]: ICP fitness: coarse=1.000, fine=0.967, threshold=0.9
[INFO] [1783985998.706425986] [global_localization]: map→odom: x=0.356 y=-0.618 z=0.163
[WARN] [1783985999.066520234] [global_localization]: No odometry yet, skip odom transform in crop
[INFO] [1783985999.072163661] [global_localization]: ICP input: scan=5075 pts, map_FOV=84869 pts
[INFO] [1783985999.218587705] [global_localization]: ICP fitness: coarse=1.000, fine=0.967, threshold=0.9
[INFO] [1783985999.219026281] [global_localization]: map→odom: x=0.356 y=-0.618 z=0.163
[WARN] [1783985999.566366873] [global_localization]: No odometry yet, skip odom transform in crop
[INFO] [1783985999.571431817] [global_localization]: ICP input: scan=5075 pts, map_FOV=84869 pts
[INFO] [1783985999.720042626] [global_localization]: ICP fitness: coarse=1.000, fine=0.967, threshold=0.9
[INFO] [1783985999.720621106] [global_localization]: map→odom: x=0.356 y=-0.618 z=0.163
[WARN] [1783986000.066429194] [global_localization]: No odometry yet, skip odom transform in crop
[INFO] [1783986000.072785626] [global_localization]: ICP input: scan=5075 pts, map_FOV=84869 pts
[INFO] [1783986000.203451039] [global_localization]: ICP fitness: coarse=1.000, fine=0.967, threshold=0.9
[INFO] [1783986000.204050274] [global_localization]: map→odom: x=0.356 y=-0.618 z=0.163
[WARN] [1783986000.566303335] [global_localization]: No odometry yet, skip odom transform in crop
[INFO] [1783986000.571391755] [global_localization]: ICP input: scan=5075 pts, map_FOV=84869 pts
[INFO] [1783986000.724572988] [global_localization]: ICP fitness: coarse=1.000, fine=0.967, threshold=0.9
[INFO] [1783986000.725173673] [global_localization]: map→odom: x=0.356 y=-0.618 z=0.163
[WARN] [1783986001.066516980] [global_localization]: No odometry yet, skip odom transform in crop
[INFO] [1783986001.072190188] [global_localization]: ICP input: scan=5075 pts, map_FOV=84869 pts
[INFO] [1783986001.218406268] [global_localization]: ICP fitness: coarse=1.000, fine=0.967, threshold=0.9
[INFO] [1783986001.218984585] [global_localization]: map→odom: x=0.356 y=-0.618 z=0.163
[WARN] [1783986001.566304525] [global_localization]: No odometry yet, skip odom transform in crop
[INFO] [1783986001.571040669] [global_localization]: ICP input: scan=5075 pts, map_FOV=84869 pts
[INFO] [1783986001.701136649] [global_localization]: ICP fitness: coarse=1.000, fine=0.967, threshold=0.9
[INFO] [1783986001.701742475] [global_localization]: map→odom: x=0.356 y=-0.618 z=0.163
[WARN] [1783986002.066385622] [global_localization]: No odometry yet, skip odom transform in crop
[INFO] [1783986002.074023960] [global_localization]: ICP input: scan=5075 pts, map_FOV=84869 pts
[INFO] [1783986002.234482739] [global_localization]: ICP fitness: coarse=1.000, fine=0.967, threshold=0.9
[INFO] [1783986002.234994626] [global_localization]: map→odom: x=0.356 y=-0.618 z=0.163
[WARN] [1783986002.566406647] [global_localization]: No odometry yet, skip odom transform in crop
[INFO] [1783986002.572236567] [global_localization]: ICP input: scan=5075 pts, map_FOV=84869 pts
[INFO] [1783986002.721199951] [global_localization]: ICP fitness: coarse=1.000, fine=0.967, threshold=0.9
[INFO] [1783986002.721702863] [global_localization]: map→odom: x=0.356 y=-0.618 z=0.163
[WARN] [1783986003.066588634] [global_localization]: No odometry yet, skip odom transform in crop
[INFO] [1783986003.072148943] [global_localization]: ICP input: scan=5075 pts, map_FOV=84869 pts
[INFO] [1783986003.199245675] [global_localization]: ICP fitness: coarse=1.000, fine=0.967, threshold=0.9
[INFO] [1783986003.199835307] [global_localization]: map→odom: x=0.356 y=-0.618 z=0.163
[WARN] [1783986003.566478717] [global_localization]: No odometry yet, skip odom transform in crop
[INFO] [1783986003.572511221] [global_localization]: ICP input: scan=5075 pts, map_FOV=84869 pts
[INFO] [1783986003.734764456] [global_localization]: ICP fitness: coarse=1.000, fine=0.967, threshold=0.9
[INFO] [1783986003.735401003] [global_localization]: map→odom: x=0.356 y=-0.618 z=0.163
[WARN] [1783986004.066478422] [global_localization]: No odometry yet, skip odom transform in crop
[INFO] [1783986004.072973749] [global_localization]: ICP input: scan=5075 pts, map_FOV=84869 pts
[INFO] [1783986004.206226447] [global_localization]: ICP fitness: coarse=1.000, fine=0.967, threshold=0.9
[INFO] [1783986004.206778088] [global_localization]: map→odom: x=0.356 y=-0.618 z=0.163
[WARN] [1783986004.566435735] [global_localization]: No odometry yet, skip odom transform in crop
[INFO] [1783986004.571279725] [global_localization]: ICP input: scan=5075 pts, map_FOV=84869 pts
[INFO] [1783986004.699024239] [global_localization]: ICP fitness: coarse=1.000, fine=0.967, threshold=0.9
[INFO] [1783986004.699518371] [global_localization]: map→odom: x=0.356 y=-0.618 z=0.163
[WARN] [1783986005.066588299] [global_localization]: No odometry yet, skip odom transform in crop
[INFO] [1783986005.072745478] [global_localization]: ICP input: scan=5075 pts, map_FOV=84869 pts
[INFO] [1783986005.207529068] [global_localization]: ICP fitness: coarse=1.000, fine=0.967, threshold=0.9
[INFO] [1783986005.208031076] [global_localization]: map→odom: x=0.356 y=-0.618 z=0.163
[WARN] [1783986005.566417734] [global_localization]: No odometry yet, skip odom transform in crop
[INFO] [1783986005.571761601] [global_localization]: ICP input: scan=5075 pts, map_FOV=84869 pts
[INFO] [1783986005.716479924] [global_localization]: ICP fitness: coarse=1.000, fine=0.967, threshold=0.9
[INFO] [1783986005.716995012] [global_localization]: map→odom: x=0.356 y=-0.618 z=0.163
[WARN] [1783986006.066298811] [global_localization]: No odometry yet, skip odom transform in crop
[INFO] [1783986006.071025120] [global_localization]: ICP input: scan=5075 pts, map_FOV=84869 pts
[INFO] [1783986006.198153492] [global_localization]: ICP fitness: coarse=1.000, fine=0.967, threshold=0.9
[INFO] [1783986006.198651717] [global_localization]: map→odom: x=0.356 y=-0.618 z=0.163
[WARN] [1783986006.566428586] [global_localization]: No odometry yet, skip odom transform in crop
[INFO] [1783986006.572947519] [global_localization]: ICP input: scan=5075 pts, map_FOV=84869 pts
[INFO] [1783986006.709047088] [global_localization]: ICP fitness: coarse=1.000, fine=0.967, threshold=0.9
[INFO] [1783986006.709550238] [global_localization]: map→odom: x=0.356 y=-0.618 z=0.163
[WARN] [1783986007.066414647] [global_localization]: No odometry yet, skip odom transform in crop
[INFO] [1783986007.071986246] [global_localization]: ICP input: scan=5075 pts, map_FOV=84869 pts
[INFO] [1783986007.215391622] [global_localization]: ICP fitness: coarse=1.000, fine=0.967, threshold=0.9
[INFO] [1783986007.215850993] [global_localization]: map→odom: x=0.356 y=-0.618 z=0.163
[WARN] [1783986007.566381138] [global_localization]: No odometry yet, skip odom transform in crop
[INFO] [1783986007.571228914] [global_localization]: ICP input: scan=5075 pts, map_FOV=84869 pts
[INFO] [1783986007.713261999] [global_localization]: ICP fitness: coarse=1.000, fine=0.967, threshold=0.9
[INFO] [1783986007.713779979] [global_localization]: map→odom: x=0.356 y=-0.618 z=0.163
[WARN] [1783986008.066459074] [global_localization]: No odometry yet, skip odom transform in crop
[INFO] [1783986008.071336422] [global_localization]: ICP input: scan=5075 pts, map_FOV=84869 pts
[INFO] [1783986008.202447506] [global_localization]: ICP fitness: coarse=1.000, fine=0.967, threshold=0.9
[INFO] [1783986008.202949125] [global_localization]: map→odom: x=0.356 y=-0.618 z=0.163
[WARN] [1783986008.566442291] [global_localization]: No odometry yet, skip odom transform in crop
[INFO] [1783986008.571328612] [global_localization]: ICP input: scan=5075 pts, map_FOV=84869 pts
[INFO] [1783986008.701522575] [global_localization]: ICP fitness: coarse=1.000, fine=0.967, threshold=0.9
[INFO] [1783986008.702129567] [global_localization]: map→odom: x=0.356 y=-0.618 z=0.163
[WARN] [1783986009.066533833] [global_localization]: No odometry yet, skip odom transform in crop
[INFO] [1783986009.071702676] [global_localization]: ICP input: scan=5075 pts, map_FOV=84869 pts
[INFO] [1783986009.222225105] [global_localization]: ICP fitness: coarse=1.000, fine=0.967, threshold=0.9
[INFO] [1783986009.222783050] [global_localization]: map→odom: x=0.356 y=-0.618 z=0.163
[WARN] [1783986009.566306560] [global_localization]: No odometry yet, skip odom transform in crop
[INFO] [1783986009.571461260] [global_localization]: ICP input: scan=5075 pts, map_FOV=84869 pts
[INFO] [1783986009.709351900] [global_localization]: ICP fitness: coarse=1.000, fine=0.967, threshold=0.9
[INFO] [1783986009.709791369] [global_localization]: map→odom: x=0.356 y=-0.618 z=0.163
[WARN] [1783986010.066421982] [global_localization]: No odometry yet, skip odom transform in crop
[INFO] [1783986010.072819296] [global_localization]: ICP input: scan=5075 pts, map_FOV=84869 pts
[INFO] [1783986010.230508949] [global_localization]: ICP fitness: coarse=1.000, fine=0.967, threshold=0.9
[INFO] [1783986010.231114214] [global_localization]: map→odom: x=0.356 y=-0.618 z=0.163
[WARN] [1783986010.566368362] [global_localization]: No odometry yet, skip odom transform in crop
[INFO] [1783986010.571534939] [global_localization]: ICP input: scan=5075 pts, map_FOV=84869 pts
[INFO] [1783986010.698614436] [global_localization]: ICP fitness: coarse=1.000, fine=0.967, threshold=0.9
[INFO] [1783986010.699070204] [global_localization]: map→odom: x=0.356 y=-0.618 z=0.163
[WARN] [1783986011.066462235] [global_localization]: No odometry yet, skip odom transform in crop
[INFO] [1783986011.071628632] [global_localization]: ICP input: scan=5075 pts, map_FOV=84869 pts
[INFO] [1783986011.204727721] [global_localization]: ICP fitness: coarse=1.000, fine=0.967, threshold=0.9
[INFO] [1783986011.205246342] [global_localization]: map→odom: x=0.356 y=-0.618 z=0.163
[WARN] [1783986011.566420637] [global_localization]: No odometry yet, skip odom transform in crop
[INFO] [1783986011.571507804] [global_localization]: ICP input: scan=5075 pts, map_FOV=84869 pts
[INFO] [1783986011.702464149] [global_localization]: ICP fitness: coarse=1.000, fine=0.967, threshold=0.9
[INFO] [1783986011.702956464] [global_localization]: map→odom: x=0.356 y=-0.618 z=0.163
[WARN] [1783986012.066449351] [global_localization]: No odometry yet, skip odom transform in crop
[INFO] [1783986012.071360406] [global_localization]: ICP input: scan=5075 pts, map_FOV=84869 pts
[INFO] [1783986012.202114856] [global_localization]: ICP fitness: coarse=1.000, fine=0.967, threshold=0.9
[INFO] [1783986012.202604834] [global_localization]: map→odom: x=0.356 y=-0.618 z=0.163
[WARN] [1783986012.566404654] [global_localization]: No odometry yet, skip odom transform in crop
[INFO] [1783986012.574536780] [global_localization]: ICP input: scan=5075 pts, map_FOV=84869 pts
[INFO] [1783986012.704779583] [global_localization]: ICP fitness: coarse=1.000, fine=0.967, threshold=0.9
[INFO] [1783986012.705368154] [global_localization]: map→odom: x=0.356 y=-0.618 z=0.163
[WARN] [1783986013.066391996] [global_localization]: No odometry yet, skip odom transform in crop
[INFO] [1783986013.072114582] [global_localization]: ICP input: scan=5075 pts, map_FOV=84869 pts
[INFO] [1783986013.205470501] [global_localization]: ICP fitness: coarse=1.000, fine=0.967, threshold=0.9
[INFO] [1783986013.205990450] [global_localization]: map→odom: x=0.356 y=-0.618 z=0.163
[WARN] [1783986013.566462932] [global_localization]: No odometry yet, skip odom transform in crop
[INFO] [1783986013.571289236] [global_localization]: ICP input: scan=5075 pts, map_FOV=84869 pts
[INFO] [1783986013.715400383] [global_localization]: ICP fitness: coarse=1.000, fine=0.967, threshold=0.9
[INFO] [1783986013.715995257] [global_localization]: map→odom: x=0.356 y=-0.618 z=0.163
[WARN] [1783986014.066543594] [global_localization]: No odometry yet, skip odom transform in crop
[INFO] [1783986014.071857018] [global_localization]: ICP input: scan=5075 pts, map_FOV=84869 pts
[INFO] [1783986014.215136576] [global_localization]: ICP fitness: coarse=1.000, fine=0.967, threshold=0.9
[INFO] [1783986014.215641061] [global_localization]: map→odom: x=0.356 y=-0.618 z=0.163
[WARN] [1783986014.566506829] [global_localization]: No odometry yet, skip odom transform in crop
[INFO] [1783986014.571580587] [global_localization]: ICP input: scan=5075 pts, map_FOV=84869 pts
[INFO] [1783986014.703452227] [global_localization]: ICP fitness: coarse=1.000, fine=0.967, threshold=0.9
[INFO] [1783986014.703967905] [global_localization]: map→odom: x=0.356 y=-0.618 z=0.163
[WARN] [1783986015.066466665] [global_localization]: No odometry yet, skip odom transform in crop
[INFO] [1783986015.073602249] [global_localization]: ICP input: scan=5075 pts, map_FOV=84869 pts
[INFO] [1783986015.217349591] [global_localization]: ICP fitness: coarse=1.000, fine=0.967, threshold=0.9
[INFO] [1783986015.217765972] [global_localization]: map→odom: x=0.356 y=-0.618 z=0.163
[WARN] [1783986015.566543213] [global_localization]: No odometry yet, skip odom transform in crop
[INFO] [1783986015.571612823] [global_localization]: ICP input: scan=5075 pts, map_FOV=84869 pts
[INFO] [1783986015.702505112] [global_localization]: ICP fitness: coarse=1.000, fine=0.967, threshold=0.9
[INFO] [1783986015.702937294] [global_localization]: map→odom: x=0.356 y=-0.618 z=0.163
[WARN] [1783986016.066323914] [global_localization]: No odometry yet, skip odom transform in crop
[INFO] [1783986016.071110786] [global_localization]: ICP input: scan=5075 pts, map_FOV=84869 pts
[INFO] [1783986016.202584496] [global_localization]: ICP fitness: coarse=1.000, fine=0.967, threshold=0.9
[INFO] [1783986016.203086771] [global_localization]: map→odom: x=0.356 y=-0.618 z=0.163
[WARN] [1783986016.566464421] [global_localization]: No odometry yet, skip odom transform in crop
[INFO] [1783986016.573465924] [global_localization]: ICP input: scan=5075 pts, map_FOV=84869 pts
[INFO] [1783986016.703663620] [global_localization]: ICP fitness: coarse=1.000, fine=0.967, threshold=0.9
[INFO] [1783986016.704175521] [global_localization]: map→odom: x=0.356 y=-0.618 z=0.163
[WARN] [1783986017.066449577] [global_localization]: No odometry yet, skip odom transform in crop
[INFO] [1783986017.071743593] [global_localization]: ICP input: scan=5075 pts, map_FOV=84869 pts
[INFO] [1783986017.206556133] [global_localization]: ICP fitness: coarse=1.000, fine=0.967, threshold=0.9
[INFO] [1783986017.207081730] [global_localization]: map→odom: x=0.356 y=-0.618 z=0.163
[WARN] [1783986017.566397881] [global_localization]: No odometry yet, skip odom transform in crop
[INFO] [1783986017.571835052] [global_localization]: ICP input: scan=5075 pts, map_FOV=84869 pts
[INFO] [1783986017.701623630] [global_localization]: ICP fitness: coarse=1.000, fine=0.967, threshold=0.9
[INFO] [1783986017.702125705] [global_localization]: map→odom: x=0.356 y=-0.618 z=0.163
[WARN] [1783986018.066461680] [global_localization]: No odometry yet, skip odom transform in crop
[INFO] [1783986018.071518590] [global_localization]: ICP input: scan=5075 pts, map_FOV=84869 pts
[INFO] [1783986018.212787045] [global_localization]: ICP fitness: coarse=1.000, fine=0.967, threshold=0.9
[INFO] [1783986018.213389023] [global_localization]: map→odom: x=0.356 y=-0.618 z=0.163
[WARN] [1783986018.566388519] [global_localization]: No odometry yet, skip odom transform in crop
[INFO] [1783986018.574578450] [global_localization]: ICP input: scan=5075 pts, map_FOV=84869 pts
[INFO] [1783986018.709347205] [global_localization]: ICP fitness: coarse=1.000, fine=0.967, threshold=0.9
[INFO] [1783986018.709769615] [global_localization]: map→odom: x=0.356 y=-0.618 z=0.163
[WARN] [1783986019.066502560] [global_localization]: No odometry yet, skip odom transform in crop
[INFO] [1783986019.071749011] [global_localization]: ICP input: scan=5075 pts, map_FOV=84869 pts
[INFO] [1783986019.205220277] [global_localization]: ICP fitness: coarse=1.000, fine=0.967, threshold=0.9
[INFO] [1783986019.205810685] [global_localization]: map→odom: x=0.356 y=-0.618 z=0.163
[WARN] [1783986019.566488899] [global_localization]: No odometry yet, skip odom transform in crop
[INFO] [1783986019.573709461] [global_localization]: ICP input: scan=5075 pts, map_FOV=84869 pts
[INFO] [1783986019.703107624] [global_localization]: ICP fitness: coarse=1.000, fine=0.967, threshold=0.9
[INFO] [1783986019.703557905] [global_localization]: map→odom: x=0.356 y=-0.618 z=0.163
[WARN] [1783986020.066410036] [global_localization]: No odometry yet, skip odom transform in crop
[INFO] [1783986020.072910194] [global_localization]: ICP input: scan=5075 pts, map_FOV=84869 pts
[INFO] [1783986020.204392592] [global_localization]: ICP fitness: coarse=1.000, fine=0.967, threshold=0.9
[INFO] [1783986020.204855777] [global_localization]: map→odom: x=0.356 y=-0.618 z=0.163
[WARN] [1783986020.566405314] [global_localization]: No odometry yet, skip odom transform in crop
[INFO] [1783986020.573574358] [global_localization]: ICP input: scan=5075 pts, map_FOV=84869 pts
[INFO] [1783986020.712928580] [global_localization]: ICP fitness: coarse=1.000, fine=0.967, threshold=0.9
[INFO] [1783986020.713423498] [global_localization]: map→odom: x=0.356 y=-0.618 z=0.163
[WARN] [1783986021.066354331] [global_localization]: No odometry yet, skip odom transform in crop
[INFO] [1783986021.073275550] [global_localization]: ICP input: scan=5075 pts, map_FOV=84869 pts
[INFO] [1783986021.229703859] [global_localization]: ICP fitness: coarse=1.000, fine=0.967, threshold=0.9
[INFO] [1783986021.230307973] [global_localization]: map→odom: x=0.356 y=-0.618 z=0.163
[WARN] [1783986021.566441931] [global_localization]: No odometry yet, skip odom transform in crop
[INFO] [1783986021.571839942] [global_localization]: ICP input: scan=5075 pts, map_FOV=84869 pts
[INFO] [1783986021.735855362] [global_localization]: ICP fitness: coarse=1.000, fine=0.967, threshold=0.9
[INFO] [1783986021.736484209] [global_localization]: map→odom: x=0.356 y=-0.618 z=0.163
[WARN] [1783986022.066410758] [global_localization]: No odometry yet, skip odom transform in crop
[INFO] [1783986022.071100474] [global_localization]: ICP input: scan=5075 pts, map_FOV=84869 pts
[INFO] [1783986022.204405655] [global_localization]: ICP fitness: coarse=1.000, fine=0.967, threshold=0.9
[INFO] [1783986022.204923860] [global_localization]: map→odom: x=0.356 y=-0.618 z=0.163
[WARN] [1783986022.566610079] [global_localization]: No odometry yet, skip odom transform in crop
[INFO] [1783986022.574169913] [global_localization]: ICP input: scan=5075 pts, map_FOV=84869 pts
[INFO] [1783986022.735393855] [global_localization]: ICP fitness: coarse=1.000, fine=0.967, threshold=0.9
[INFO] [1783986022.735901231] [global_localization]: map→odom: x=0.356 y=-0.618 z=0.163
[WARN] [1783986023.066409642] [global_localization]: No odometry yet, skip odom transform in crop
[INFO] [1783986023.071381261] [global_localization]: ICP input: scan=5075 pts, map_FOV=84869 pts
[INFO] [1783986023.236302715] [global_localization]: ICP fitness: coarse=1.000, fine=0.967, threshold=0.9
[INFO] [1783986023.236804652] [global_localization]: map→odom: x=0.356 y=-0.618 z=0.163
[WARN] [1783986023.566337144] [global_localization]: No odometry yet, skip odom transform in crop
[INFO] [1783986023.571285510] [global_localization]: ICP input: scan=5075 pts, map_FOV=84869 pts
[INFO] [1783986023.710717068] [global_localization]: ICP fitness: coarse=1.000, fine=0.967, threshold=0.9
[INFO] [1783986023.711250627] [global_localization]: map→odom: x=0.356 y=-0.618 z=0.163
[WARN] [1783986024.066453088] [global_localization]: No odometry yet, skip odom transform in crop
[INFO] [1783986024.071361410] [global_localization]: ICP input: scan=5075 pts, map_FOV=84869 pts
[INFO] [1783986024.201968263] [global_localization]: ICP fitness: coarse=1.000, fine=0.967, threshold=0.9
[INFO] [1783986024.202389172] [global_localization]: map→odom: x=0.356 y=-0.618 z=0.163
[WARN] [1783986024.566479730] [global_localization]: No odometry yet, skip odom transform in crop
[INFO] [1783986024.574249554] [global_localization]: ICP input: scan=5075 pts, map_FOV=84869 pts
[INFO] [1783986024.703156300] [global_localization]: ICP fitness: coarse=1.000, fine=0.967, threshold=0.9
[INFO] [1783986024.703663610] [global_localization]: map→odom: x=0.356 y=-0.618 z=0.163
[WARN] [1783986025.066433669] [global_localization]: No odometry yet, skip odom transform in crop
[INFO] [1783986025.071863802] [global_localization]: ICP input: scan=5075 pts, map_FOV=84869 pts
[INFO] [1783986025.205804362] [global_localization]: ICP fitness: coarse=1.000, fine=0.967, threshold=0.9
[INFO] [1783986025.206314588] [global_localization]: map→odom: x=0.356 y=-0.618 z=0.163
[WARN] [1783986025.566389299] [global_localization]: No odometry yet, skip odom transform in crop
[INFO] [1783986025.571578893] [global_localization]: ICP input: scan=5075 pts, map_FOV=84869 pts
[INFO] [1783986025.706781224] [global_localization]: ICP fitness: coarse=1.000, fine=0.967, threshold=0.9
[INFO] [1783986025.707298473] [global_localization]: map→odom: x=0.356 y=-0.618 z=0.163
[WARN] [1783986026.066563313] [global_localization]: No odometry yet, skip odom transform in crop
[INFO] [1783986026.071601121] [global_localization]: ICP input: scan=5075 pts, map_FOV=84869 pts
[INFO] [1783986026.239704098] [global_localization]: ICP fitness: coarse=1.000, fine=0.967, threshold=0.9
[INFO] [1783986026.240200997] [global_localization]: map→odom: x=0.356 y=-0.618 z=0.163
[WARN] [1783986026.566465139] [global_localization]: No odometry yet, skip odom transform in crop
[INFO] [1783986026.571475645] [global_localization]: ICP input: scan=5075 pts, map_FOV=84869 pts
[INFO] [1783986026.707615429] [global_localization]: ICP fitness: coarse=1.000, fine=0.967, threshold=0.9
[INFO] [1783986026.708116481] [global_localization]: map→odom: x=0.356 y=-0.618 z=0.163
[WARN] [1783986027.066558202] [global_localization]: No odometry yet, skip odom transform in crop
[INFO] [1783986027.071270252] [global_localization]: ICP input: scan=5075 pts, map_FOV=84869 pts
[INFO] [1783986027.224564139] [global_localization]: ICP fitness: coarse=1.000, fine=0.967, threshold=0.9
[INFO] [1783986027.225082900] [global_localization]: map→odom: x=0.356 y=-0.618 z=0.163
[WARN] [1783986027.566482745] [global_localization]: No odometry yet, skip odom transform in crop
[INFO] [1783986027.571660277] [global_localization]: ICP input: scan=5075 pts, map_FOV=84869 pts
[INFO] [1783986027.701450322] [global_localization]: ICP fitness: coarse=1.000, fine=0.967, threshold=0.9
[INFO] [1783986027.701962621] [global_localization]: map→odom: x=0.356 y=-0.618 z=0.163
[WARN] [1783986028.066316320] [global_localization]: No odometry yet, skip odom transform in crop
[INFO] [1783986028.071453667] [global_localization]: ICP input: scan=5075 pts, map_FOV=84869 pts
[INFO] [1783986028.201421773] [global_localization]: ICP fitness: coarse=1.000, fine=0.967, threshold=0.9
[INFO] [1783986028.202008241] [global_localization]: map→odom: x=0.356 y=-0.618 z=0.163
[WARN] [1783986028.566283419] [global_localization]: No odometry yet, skip odom transform in crop
[INFO] [1783986028.571231311] [global_localization]: ICP input: scan=5075 pts, map_FOV=84869 pts
[INFO] [1783986028.701895180] [global_localization]: ICP fitness: coarse=1.000, fine=0.967, threshold=0.9
[INFO] [1783986028.702330389] [global_localization]: map→odom: x=0.356 y=-0.618 z=0.163
[WARN] [1783986029.066530106] [global_localization]: No odometry yet, skip odom transform in crop
[INFO] [1783986029.071253486] [global_localization]: ICP input: scan=5075 pts, map_FOV=84869 pts
[INFO] [1783986029.213694712] [global_localization]: ICP fitness: coarse=1.000, fine=0.967, threshold=0.9
[INFO] [1783986029.214230104] [global_localization]: map→odom: x=0.356 y=-0.618 z=0.163
[WARN] [1783986029.566259923] [global_localization]: No odometry yet, skip odom transform in crop
[INFO] [1783986029.571194729] [global_localization]: ICP input: scan=5075 pts, map_FOV=84869 pts
[INFO] [1783986029.697391562] [global_localization]: ICP fitness: coarse=1.000, fine=0.967, threshold=0.9
[INFO] [1783986029.697980606] [global_localization]: map→odom: x=0.356 y=-0.618 z=0.163
[WARN] [1783986030.066434698] [global_localization]: No odometry yet, skip odom transform in crop
[INFO] [1783986030.071471331] [global_localization]: ICP input: scan=5075 pts, map_FOV=84869 pts
[INFO] [1783986030.226039800] [global_localization]: ICP fitness: coarse=1.000, fine=0.967, threshold=0.9
[INFO] [1783986030.226552223] [global_localization]: map→odom: x=0.356 y=-0.618 z=0.163
[WARN] [1783986030.566430580] [global_localization]: No odometry yet, skip odom transform in crop
[INFO] [1783986030.571991430] [global_localization]: ICP input: scan=5075 pts, map_FOV=84869 pts
[INFO] [1783986030.727371523] [global_localization]: ICP fitness: coarse=1.000, fine=0.967, threshold=0.9
[INFO] [1783986030.727850448] [global_localization]: map→odom: x=0.356 y=-0.618 z=0.163
[WARN] [1783986031.066366656] [global_localization]: No odometry yet, skip odom transform in crop
[INFO] [1783986031.072020018] [global_localization]: ICP input: scan=5075 pts, map_FOV=84869 pts
[INFO] [1783986031.236538594] [global_localization]: ICP fitness: coarse=1.000, fine=0.967, threshold=0.9
[INFO] [1783986031.236961198] [global_localization]: map→odom: x=0.356 y=-0.618 z=0.163
[WARN] [1783986031.566422629] [global_localization]: No odometry yet, skip odom transform in crop
[INFO] [1783986031.571589395] [global_localization]: ICP input: scan=5075 pts, map_FOV=84869 pts
[INFO] [1783986031.703685011] [global_localization]: ICP fitness: coarse=1.000, fine=0.967, threshold=0.9
[INFO] [1783986031.704107692] [global_localization]: map→odom: x=0.356 y=-0.618 z=0.163
[WARN] [1783986032.066492727] [global_localization]: No odometry yet, skip odom transform in crop
[INFO] [1783986032.071567290] [global_localization]: ICP input: scan=5075 pts, map_FOV=84869 pts
[INFO] [1783986032.199392673] [global_localization]: ICP fitness: coarse=1.000, fine=0.967, threshold=0.9
[INFO] [1783986032.199843701] [global_localization]: map→odom: x=0.356 y=-0.618 z=0.163
[WARN] [1783986032.566390842] [global_localization]: No odometry yet, skip odom transform in crop
[INFO] [1783986032.571848296] [global_localization]: ICP input: scan=5075 pts, map_FOV=84869 pts
[INFO] [1783986032.701661852] [global_localization]: ICP fitness: coarse=1.000, fine=0.967, threshold=0.9
[INFO] [1783986032.702168580] [global_localization]: map→odom: x=0.356 y=-0.618 z=0.163
[WARN] [1783986033.066616440] [global_localization]: No odometry yet, skip odom transform in crop
[INFO] [1783986033.073656816] [global_localization]: ICP input: scan=5075 pts, map_FOV=84869 pts
[INFO] [1783986033.199975752] [global_localization]: ICP fitness: coarse=1.000, fine=0.967, threshold=0.9
[INFO] [1783986033.200423506] [global_localization]: map→odom: x=0.356 y=-0.618 z=0.163
[WARN] [1783986033.566419064] [global_localization]: No odometry yet, skip odom transform in crop
[INFO] [1783986033.571478139] [global_localization]: ICP input: scan=5075 pts, map_FOV=84869 pts
[INFO] [1783986033.714076859] [global_localization]: ICP fitness: coarse=1.000, fine=0.967, threshold=0.9
[INFO] [1783986033.714574100] [global_localization]: map→odom: x=0.356 y=-0.618 z=0.163
[WARN] [1783986034.066497887] [global_localization]: No odometry yet, skip odom transform in crop
[INFO] [1783986034.071879555] [global_localization]: ICP input: scan=5075 pts, map_FOV=84869 pts
[INFO] [1783986034.219997289] [global_localization]: ICP fitness: coarse=1.000, fine=0.967, threshold=0.9
[INFO] [1783986034.220495394] [global_localization]: map→odom: x=0.356 y=-0.618 z=0.163
[WARN] [1783986034.566372705] [global_localization]: No odometry yet, skip odom transform in crop
[INFO] [1783986034.571930964] [global_localization]: ICP input: scan=5075 pts, map_FOV=84869 pts
[INFO] [1783986034.701553733] [global_localization]: ICP fitness: coarse=1.000, fine=0.967, threshold=0.9
[INFO] [1783986034.702099179] [global_localization]: map→odom: x=0.356 y=-0.618 z=0.163
[WARN] [1783986035.066474629] [global_localization]: No odometry yet, skip odom transform in crop
[INFO] [1783986035.071569904] [global_localization]: ICP input: scan=5075 pts, map_FOV=84869 pts
[INFO] [1783986035.201144580] [global_localization]: ICP fitness: coarse=1.000, fine=0.967, threshold=0.9
[INFO] [1783986035.201647210] [global_localization]: map→odom: x=0.356 y=-0.618 z=0.163
[WARN] [1783986035.566555876] [global_localization]: No odometry yet, skip odom transform in crop
[INFO] [1783986035.572221355] [global_localization]: ICP input: scan=5075 pts, map_FOV=84869 pts
[INFO] [1783986035.721832355] [global_localization]: ICP fitness: coarse=1.000, fine=0.967, threshold=0.9
[INFO] [1783986035.722337660] [global_localization]: map→odom: x=0.356 y=-0.618 z=0.163
[WARN] [1783986036.066291007] [global_localization]: No odometry yet, skip odom transform in crop
[INFO] [1783986036.071643191] [global_localization]: ICP input: scan=5075 pts, map_FOV=84869 pts
[INFO] [1783986036.206134239] [global_localization]: ICP fitness: coarse=1.000, fine=0.967, threshold=0.9
[INFO] [1783986036.206638552] [global_localization]: map→odom: x=0.356 y=-0.618 z=0.163
[WARN] [1783986036.566751763] [global_localization]: No odometry yet, skip odom transform in crop
[INFO] [1783986036.571938302] [global_localization]: ICP input: scan=5075 pts, map_FOV=84869 pts
[INFO] [1783986036.719831979] [global_localization]: ICP fitness: coarse=1.000, fine=0.967, threshold=0.9
[INFO] [1783986036.720323815] [global_localization]: map→odom: x=0.356 y=-0.618 z=0.163
[WARN] [1783986037.066389671] [global_localization]: No odometry yet, skip odom transform in crop
[INFO] [1783986037.071108984] [global_localization]: ICP input: scan=5075 pts, map_FOV=84869 pts
[INFO] [1783986037.205824026] [global_localization]: ICP fitness: coarse=1.000, fine=0.967, threshold=0.9
[INFO] [1783986037.206259233] [global_localization]: map→odom: x=0.356 y=-0.618 z=0.163
[WARN] [1783986037.566401578] [global_localization]: No odometry yet, skip odom transform in crop
[INFO] [1783986037.571155984] [global_localization]: ICP input: scan=5075 pts, map_FOV=84869 pts
[INFO] [1783986037.702487070] [global_localization]: ICP fitness: coarse=1.000, fine=0.967, threshold=0.9
[INFO] [1783986037.703066081] [global_localization]: map→odom: x=0.356 y=-0.618 z=0.163
[WARN] [1783986038.066447894] [global_localization]: No odometry yet, skip odom transform in crop
[INFO] [1783986038.071773226] [global_localization]: ICP input: scan=5075 pts, map_FOV=84869 pts
[INFO] [1783986038.219630498] [global_localization]: ICP fitness: coarse=1.000, fine=0.967, threshold=0.9
[INFO] [1783986038.220145274] [global_localization]: map→odom: x=0.356 y=-0.618 z=0.163
[WARN] [1783986038.566581834] [global_localization]: No odometry yet, skip odom transform in crop
[INFO] [1783986038.572441402] [global_localization]: ICP input: scan=5075 pts, map_FOV=84869 pts
[INFO] [1783986038.729364412] [global_localization]: ICP fitness: coarse=1.000, fine=0.967, threshold=0.9
[INFO] [1783986038.729967245] [global_localization]: map→odom: x=0.356 y=-0.618 z=0.163
[WARN] [1783986039.066399259] [global_localization]: No odometry yet, skip odom transform in crop
[INFO] [1783986039.071779225] [global_localization]: ICP input: scan=5075 pts, map_FOV=84869 pts
[INFO] [1783986039.210383983] [global_localization]: ICP fitness: coarse=1.000, fine=0.967, threshold=0.9
[INFO] [1783986039.210912335] [global_localization]: map→odom: x=0.356 y=-0.618 z=0.163
[WARN] [1783986039.566484434] [global_localization]: No odometry yet, skip odom transform in crop
[INFO] [1783986039.571319882] [global_localization]: ICP input: scan=5075 pts, map_FOV=84869 pts
[INFO] [1783986039.699743567] [global_localization]: ICP fitness: coarse=1.000, fine=0.967, threshold=0.9
[INFO] [1783986039.700234744] [global_localization]: map→odom: x=0.356 y=-0.618 z=0.163
[WARN] [1783986040.066416663] [global_localization]: No odometry yet, skip odom transform in crop
[INFO] [1783986040.073921306] [global_localization]: ICP input: scan=5075 pts, map_FOV=84869 pts
[INFO] [1783986040.219106345] [global_localization]: ICP fitness: coarse=1.000, fine=0.967, threshold=0.9
[INFO] [1783986040.219703832] [global_localization]: map→odom: x=0.356 y=-0.618 z=0.163
[WARN] [1783986040.566329099] [global_localization]: No odometry yet, skip odom transform in crop
[INFO] [1783986040.571498207] [global_localization]: ICP input: scan=5075 pts, map_FOV=84869 pts
[INFO] [1783986040.708230261] [global_localization]: ICP fitness: coarse=1.000, fine=0.967, threshold=0.9
[INFO] [1783986040.708818159] [global_localization]: map→odom: x=0.356 y=-0.618 z=0.163
[WARN] [1783986041.066410817] [global_localization]: No odometry yet, skip odom transform in crop
[INFO] [1783986041.071351216] [global_localization]: ICP input: scan=5075 pts, map_FOV=84869 pts
[INFO] [1783986041.204216669] [global_localization]: ICP fitness: coarse=1.000, fine=0.967, threshold=0.9
[INFO] [1783986041.204654487] [global_localization]: map→odom: x=0.356 y=-0.618 z=0.163
[WARN] [1783986041.566395523] [global_localization]: No odometry yet, skip odom transform in crop
[INFO] [1783986041.572477970] [global_localization]: ICP input: scan=5075 pts, map_FOV=84869 pts
[INFO] [1783986041.728249981] [global_localization]: ICP fitness: coarse=1.000, fine=0.967, threshold=0.9
[INFO] [1783986041.728839853] [global_localization]: map→odom: x=0.356 y=-0.618 z=0.163
[WARN] [1783986042.066381580] [global_localization]: No odometry yet, skip odom transform in crop
[INFO] [1783986042.072203383] [global_localization]: ICP input: scan=5075 pts, map_FOV=84869 pts
[INFO] [1783986042.204416733] [global_localization]: ICP fitness: coarse=1.000, fine=0.967, threshold=0.9
[INFO] [1783986042.204940708] [global_localization]: map→odom: x=0.356 y=-0.618 z=0.163
[WARN] [1783986042.566553922] [global_localization]: No odometry yet, skip odom transform in crop
[INFO] [1783986042.574035172] [global_localization]: ICP input: scan=5075 pts, map_FOV=84869 pts
[INFO] [1783986042.721840377] [global_localization]: ICP fitness: coarse=1.000, fine=0.967, threshold=0.9
[INFO] [1783986042.722275961] [global_localization]: map→odom: x=0.356 y=-0.618 z=0.163
[WARN] [1783986043.066347339] [global_localization]: No odometry yet, skip odom transform in crop
[INFO] [1783986043.071652686] [global_localization]: ICP input: scan=5075 pts, map_FOV=84869 pts
[INFO] [1783986043.200606318] [global_localization]: ICP fitness: coarse=1.000, fine=0.967, threshold=0.9
[INFO] [1783986043.201063132] [global_localization]: map→odom: x=0.356 y=-0.618 z=0.163
[WARN] [1783986043.566471615] [global_localization]: No odometry yet, skip odom transform in crop
[INFO] [1783986043.571354676] [global_localization]: ICP input: scan=5075 pts, map_FOV=84869 pts
[INFO] [1783986043.728563260] [global_localization]: ICP fitness: coarse=1.000, fine=0.967, threshold=0.9
[INFO] [1783986043.729078844] [global_localization]: map→odom: x=0.356 y=-0.618 z=0.163
[WARN] [1783986044.066356720] [global_localization]: No odometry yet, skip odom transform in crop
[INFO] [1783986044.071145516] [global_localization]: ICP input: scan=5075 pts, map_FOV=84869 pts
[INFO] [1783986044.201428230] [global_localization]: ICP fitness: coarse=1.000, fine=0.967, threshold=0.9
[INFO] [1783986044.201964190] [global_localization]: map→odom: x=0.356 y=-0.618 z=0.163
[WARN] [1783986044.566643397] [global_localization]: No odometry yet, skip odom transform in crop
[INFO] [1783986044.572394702] [global_localization]: ICP input: scan=5075 pts, map_FOV=84869 pts
[INFO] [1783986044.706002279] [global_localization]: ICP fitness: coarse=1.000, fine=0.967, threshold=0.9
[INFO] [1783986044.706576135] [global_localization]: map→odom: x=0.356 y=-0.618 z=0.163
[WARN] [1783986045.066368125] [global_localization]: No odometry yet, skip odom transform in crop
[INFO] [1783986045.072198919] [global_localization]: ICP input: scan=5075 pts, map_FOV=84869 pts
[INFO] [1783986045.219713041] [global_localization]: ICP fitness: coarse=1.000, fine=0.967, threshold=0.9
[INFO] [1783986045.220245858] [global_localization]: map→odom: x=0.356 y=-0.618 z=0.163
[WARN] [1783986045.566441543] [global_localization]: No odometry yet, skip odom transform in crop
[INFO] [1783986045.571171544] [global_localization]: ICP input: scan=5075 pts, map_FOV=84869 pts
[INFO] [1783986045.723544026] [global_localization]: ICP fitness: coarse=1.000, fine=0.967, threshold=0.9
[INFO] [1783986045.724063513] [global_localization]: map→odom: x=0.356 y=-0.618 z=0.163
[WARN] [1783986046.066509203] [global_localization]: No odometry yet, skip odom transform in crop
[INFO] [1783986046.072343012] [global_localization]: ICP input: scan=5075 pts, map_FOV=84869 pts
[INFO] [1783986046.225807745] [global_localization]: ICP fitness: coarse=1.000, fine=0.967, threshold=0.9
[INFO] [1783986046.226348142] [global_localization]: map→odom: x=0.356 y=-0.618 z=0.163
[WARN] [1783986046.566542012] [global_localization]: No odometry yet, skip odom transform in crop
[INFO] [1783986046.575704516] [global_localization]: ICP input: scan=5075 pts, map_FOV=84869 pts
[INFO] [1783986046.723470769] [global_localization]: ICP fitness: coarse=1.000, fine=0.967, threshold=0.9
[INFO] [1783986046.723991258] [global_localization]: map→odom: x=0.356 y=-0.618 z=0.163
[WARN] [1783986047.066383577] [global_localization]: No odometry yet, skip odom transform in crop
[INFO] [1783986047.072015985] [global_localization]: ICP input: scan=5075 pts, map_FOV=84869 pts
[INFO] [1783986047.213452889] [global_localization]: ICP fitness: coarse=1.000, fine=0.967, threshold=0.9
[INFO] [1783986047.213865336] [global_localization]: map→odom: x=0.356 y=-0.618 z=0.163
[WARN] [1783986047.566435022] [global_localization]: No odometry yet, skip odom transform in crop
[INFO] [1783986047.571229051] [global_localization]: ICP input: scan=5075 pts, map_FOV=84869 pts
[INFO] [1783986047.715614003] [global_localization]: ICP fitness: coarse=1.000, fine=0.967, threshold=0.9
[INFO] [1783986047.716139553] [global_localization]: map→odom: x=0.356 y=-0.618 z=0.163
[WARN] [1783986048.066455792] [global_localization]: No odometry yet, skip odom transform in crop
[INFO] [1783986048.072374208] [global_localization]: ICP input: scan=5075 pts, map_FOV=84869 pts
[INFO] [1783986048.200927614] [global_localization]: ICP fitness: coarse=1.000, fine=0.967, threshold=0.9
[INFO] [1783986048.201515322] [global_localization]: map→odom: x=0.356 y=-0.618 z=0.163
[WARN] [1783986048.566524458] [global_localization]: No odometry yet, skip odom transform in crop
[INFO] [1783986048.572998070] [global_localization]: ICP input: scan=5075 pts, map_FOV=84869 pts
[INFO] [1783986048.715208110] [global_localization]: ICP fitness: coarse=1.000, fine=0.967, threshold=0.9
[INFO] [1783986048.715708194] [global_localization]: map→odom: x=0.356 y=-0.618 z=0.163
[WARN] [1783986049.066448558] [global_localization]: No odometry yet, skip odom transform in crop
[INFO] [1783986049.071568690] [global_localization]: ICP input: scan=5075 pts, map_FOV=84869 pts
[INFO] [1783986049.215400088] [global_localization]: ICP fitness: coarse=1.000, fine=0.967, threshold=0.9
[INFO] [1783986049.215905956] [global_localization]: map→odom: x=0.356 y=-0.618 z=0.163
[WARN] [1783986049.566382265] [global_localization]: No odometry yet, skip odom transform in crop
[INFO] [1783986049.571482084] [global_localization]: ICP input: scan=5075 pts, map_FOV=84869 pts
[INFO] [1783986049.709783137] [global_localization]: ICP fitness: coarse=1.000, fine=0.967, threshold=0.9
[INFO] [1783986049.710286899] [global_localization]: map→odom: x=0.356 y=-0.618 z=0.163
[WARN] [1783986050.066445677] [global_localization]: No odometry yet, skip odom transform in crop
[INFO] [1783986050.074919529] [global_localization]: ICP input: scan=5075 pts, map_FOV=84869 pts
[INFO] [1783986050.211425391] [global_localization]: ICP fitness: coarse=1.000, fine=0.967, threshold=0.9
[INFO] [1783986050.211955812] [global_localization]: map→odom: x=0.356 y=-0.618 z=0.163
[WARN] [1783986050.566460559] [global_localization]: No odometry yet, skip odom transform in crop
[INFO] [1783986050.572125274] [global_localization]: ICP input: scan=5075 pts, map_FOV=84869 pts
[INFO] [1783986050.714848829] [global_localization]: ICP fitness: coarse=1.000, fine=0.967, threshold=0.9
[INFO] [1783986050.715342390] [global_localization]: map→odom: x=0.356 y=-0.618 z=0.163
[WARN] [1783986051.066305624] [global_localization]: No odometry yet, skip odom transform in crop
[INFO] [1783986051.070920044] [global_localization]: ICP input: scan=5075 pts, map_FOV=84869 pts
[INFO] [1783986051.204899438] [global_localization]: ICP fitness: coarse=1.000, fine=0.967, threshold=0.9
[INFO] [1783986051.205392332] [global_localization]: map→odom: x=0.356 y=-0.618 z=0.163
[WARN] [1783986051.566414295] [global_localization]: No odometry yet, skip odom transform in crop
[INFO] [1783986051.571241029] [global_localization]: ICP input: scan=5075 pts, map_FOV=84869 pts
[INFO] [1783986051.716653569] [global_localization]: ICP fitness: coarse=1.000, fine=0.967, threshold=0.9
[INFO] [1783986051.717243920] [global_localization]: map→odom: x=0.356 y=-0.618 z=0.163
[WARN] [1783986052.066573305] [global_localization]: No odometry yet, skip odom transform in crop
[INFO] [1783986052.072023612] [global_localization]: ICP input: scan=5075 pts, map_FOV=84869 pts
[INFO] [1783986052.207062803] [global_localization]: ICP fitness: coarse=1.000, fine=0.967, threshold=0.9
[INFO] [1783986052.207644797] [global_localization]: map→odom: x=0.356 y=-0.618 z=0.163
[WARN] [1783986052.566423329] [global_localization]: No odometry yet, skip odom transform in crop
[INFO] [1783986052.574455755] [global_localization]: ICP input: scan=5075 pts, map_FOV=84869 pts
[INFO] [1783986052.707600893] [global_localization]: ICP fitness: coarse=1.000, fine=0.967, threshold=0.9
[INFO] [1783986052.708033107] [global_localization]: map→odom: x=0.356 y=-0.618 z=0.163
[WARN] [1783986053.066566392] [global_localization]: No odometry yet, skip odom transform in crop
[INFO] [1783986053.071532747] [global_localization]: ICP input: scan=5075 pts, map_FOV=84869 pts
[INFO] [1783986053.206870032] [global_localization]: ICP fitness: coarse=1.000, fine=0.967, threshold=0.9
[INFO] [1783986053.207315149] [global_localization]: map→odom: x=0.356 y=-0.618 z=0.163
[WARN] [1783986053.566583067] [global_localization]: No odometry yet, skip odom transform in crop
[INFO] [1783986053.572932155] [global_localization]: ICP input: scan=5075 pts, map_FOV=84869 pts
[INFO] [1783986053.729663384] [global_localization]: ICP fitness: coarse=1.000, fine=0.967, threshold=0.9
[INFO] [1783986053.730170837] [global_localization]: map→odom: x=0.356 y=-0.618 z=0.163
[WARN] [1783986054.066458275] [global_localization]: No odometry yet, skip odom transform in crop
[INFO] [1783986054.071933404] [global_localization]: ICP input: scan=5075 pts, map_FOV=84869 pts
[INFO] [1783986054.217687890] [global_localization]: ICP fitness: coarse=1.000, fine=0.967, threshold=0.9
[INFO] [1783986054.218187157] [global_localization]: map→odom: x=0.356 y=-0.618 z=0.163
[WARN] [1783986054.566570187] [global_localization]: No odometry yet, skip odom transform in crop
[INFO] [1783986054.571846718] [global_localization]: ICP input: scan=5075 pts, map_FOV=84869 pts
[INFO] [1783986054.706329928] [global_localization]: ICP fitness: coarse=1.000, fine=0.967, threshold=0.9
[INFO] [1783986054.706843647] [global_localization]: map→odom: x=0.356 y=-0.618 z=0.163
[WARN] [1783986055.066691094] [global_localization]: No odometry yet, skip odom transform in crop
[INFO] [1783986055.072286546] [global_localization]: ICP input: scan=5075 pts, map_FOV=84869 pts
[INFO] [1783986055.228673124] [global_localization]: ICP fitness: coarse=1.000, fine=0.967, threshold=0.9
[INFO] [1783986055.229261604] [global_localization]: map→odom: x=0.356 y=-0.618 z=0.163
[WARN] [1783986055.566460121] [global_localization]: No odometry yet, skip odom transform in crop
[INFO] [1783986055.571438231] [global_localization]: ICP input: scan=5075 pts, map_FOV=84869 pts
[INFO] [1783986055.707836773] [global_localization]: ICP fitness: coarse=1.000, fine=0.967, threshold=0.9
[INFO] [1783986055.708337241] [global_localization]: map→odom: x=0.356 y=-0.618 z=0.163
[WARN] [1783986056.066385883] [global_localization]: No odometry yet, skip odom transform in crop
[INFO] [1783986056.073284287] [global_localization]: ICP input: scan=5075 pts, map_FOV=84869 pts
[INFO] [1783986056.220166919] [global_localization]: ICP fitness: coarse=1.000, fine=0.967, threshold=0.9
[INFO] [1783986056.220588404] [global_localization]: map→odom: x=0.356 y=-0.618 z=0.163
[WARN] [1783986056.566415392] [global_localization]: No odometry yet, skip odom transform in crop
[INFO] [1783986056.574207158] [global_localization]: ICP input: scan=5075 pts, map_FOV=84869 pts
[INFO] [1783986056.720630562] [global_localization]: ICP fitness: coarse=1.000, fine=0.967, threshold=0.9
[INFO] [1783986056.721101865] [global_localization]: map→odom: x=0.356 y=-0.618 z=0.163
[WARN] [1783986057.066568903] [global_localization]: No odometry yet, skip odom transform in crop
[INFO] [1783986057.071528399] [global_localization]: ICP input: scan=5075 pts, map_FOV=84869 pts
[INFO] [1783986057.210991098] [global_localization]: ICP fitness: coarse=1.000, fine=0.967, threshold=0.9
[INFO] [1783986057.211400109] [global_localization]: map→odom: x=0.356 y=-0.618 z=0.163
[WARN] [1783986057.566590200] [global_localization]: No odometry yet, skip odom transform in crop
[INFO] [1783986057.571601400] [global_localization]: ICP input: scan=5075 pts, map_FOV=84869 pts
[INFO] [1783986057.720009140] [global_localization]: ICP fitness: coarse=1.000, fine=0.967, threshold=0.9
[INFO] [1783986057.720588554] [global_localization]: map→odom: x=0.356 y=-0.618 z=0.163
[WARN] [1783986058.066449536] [global_localization]: No odometry yet, skip odom transform in crop
[INFO] [1783986058.071366965] [global_localization]: ICP input: scan=5075 pts, map_FOV=84869 pts
[INFO] [1783986058.221171826] [global_localization]: ICP fitness: coarse=1.000, fine=0.967, threshold=0.9
[INFO] [1783986058.221603671] [global_localization]: map→odom: x=0.356 y=-0.618 z=0.163
[WARN] [1783986058.566456208] [global_localization]: No odometry yet, skip odom transform in crop
[INFO] [1783986058.572054818] [global_localization]: ICP input: scan=5075 pts, map_FOV=84869 pts
[INFO] [1783986058.702316000] [global_localization]: ICP fitness: coarse=1.000, fine=0.967, threshold=0.9
[INFO] [1783986058.702770837] [global_localization]: map→odom: x=0.356 y=-0.618 z=0.163
[WARN] [1783986059.066488634] [global_localization]: No odometry yet, skip odom transform in crop
[INFO] [1783986059.071439127] [global_localization]: ICP input: scan=5075 pts, map_FOV=84869 pts
[INFO] [1783986059.218617104] [global_localization]: ICP fitness: coarse=1.000, fine=0.967, threshold=0.9
[INFO] [1783986059.219212883] [global_localization]: map→odom: x=0.356 y=-0.618 z=0.163
[WARN] [1783986059.566411808] [global_localization]: No odometry yet, skip odom transform in crop
[INFO] [1783986059.571242436] [global_localization]: ICP input: scan=5075 pts, map_FOV=84869 pts
[INFO] [1783986059.708383976] [global_localization]: ICP fitness: coarse=1.000, fine=0.967, threshold=0.9
[INFO] [1783986059.708894546] [global_localization]: map→odom: x=0.356 y=-0.618 z=0.163
[WARN] [1783986060.066561423] [global_localization]: No odometry yet, skip odom transform in crop
[INFO] [1783986060.071788959] [global_localization]: ICP input: scan=5075 pts, map_FOV=84869 pts
[INFO] [1783986060.214584676] [global_localization]: ICP fitness: coarse=1.000, fine=0.967, threshold=0.9
[INFO] [1783986060.215183375] [global_localization]: map→odom: x=0.356 y=-0.618 z=0.163
[WARN] [1783986060.566387161] [global_localization]: No odometry yet, skip odom transform in crop
[INFO] [1783986060.571162131] [global_localization]: ICP input: scan=5075 pts, map_FOV=84869 pts
[INFO] [1783986060.732575612] [global_localization]: ICP fitness: coarse=1.000, fine=0.967, threshold=0.9
[INFO] [1783986060.733057882] [global_localization]: map→odom: x=0.356 y=-0.618 z=0.163
[WARN] [1783986061.066474992] [global_localization]: No odometry yet, skip odom transform in crop
[INFO] [1783986061.071786026] [global_localization]: ICP input: scan=5075 pts, map_FOV=84869 pts
[INFO] [1783986061.201695000] [global_localization]: ICP fitness: coarse=1.000, fine=0.967, threshold=0.9
[INFO] [1783986061.202138264] [global_localization]: map→odom: x=0.356 y=-0.618 z=0.163
[WARN] [1783986061.566470440] [global_localization]: No odometry yet, skip odom transform in crop
[INFO] [1783986061.572446734] [global_localization]: ICP input: scan=5075 pts, map_FOV=84869 pts
[INFO] [1783986061.718308270] [global_localization]: ICP fitness: coarse=1.000, fine=0.967, threshold=0.9
[INFO] [1783986061.718820465] [global_localization]: map→odom: x=0.356 y=-0.618 z=0.163
[WARN] [1783986062.066347867] [global_localization]: No odometry yet, skip odom transform in crop
[INFO] [1783986062.070937532] [global_localization]: ICP input: scan=5075 pts, map_FOV=84869 pts
[INFO] [1783986062.222901873] [global_localization]: ICP fitness: coarse=1.000, fine=0.967, threshold=0.9
[INFO] [1783986062.223493357] [global_localization]: map→odom: x=0.356 y=-0.618 z=0.163
[WARN] [1783986062.566376035] [global_localization]: No odometry yet, skip odom transform in crop
[INFO] [1783986062.571606881] [global_localization]: ICP input: scan=5075 pts, map_FOV=84869 pts
[INFO] [1783986062.699601162] [global_localization]: ICP fitness: coarse=1.000, fine=0.967, threshold=0.9
[INFO] [1783986062.700062889] [global_localization]: map→odom: x=0.356 y=-0.618 z=0.163
[WARN] [1783986063.066326026] [global_localization]: No odometry yet, skip odom transform in crop
[INFO] [1783986063.071111042] [global_localization]: ICP input: scan=5075 pts, map_FOV=84869 pts
[INFO] [1783986063.214553663] [global_localization]: ICP fitness: coarse=1.000, fine=0.967, threshold=0.9
[INFO] [1783986063.215072855] [global_localization]: map→odom: x=0.356 y=-0.618 z=0.163
[WARN] [1783986063.566486025] [global_localization]: No odometry yet, skip odom transform in crop
[INFO] [1783986063.571203027] [global_localization]: ICP input: scan=5075 pts, map_FOV=84869 pts
[INFO] [1783986063.727707910] [global_localization]: ICP fitness: coarse=1.000, fine=0.967, threshold=0.9
[INFO] [1783986063.728288316] [global_localization]: map→odom: x=0.356 y=-0.618 z=0.163
[WARN] [1783986064.066550235] [global_localization]: No odometry yet, skip odom transform in crop
[INFO] [1783986064.071986035] [global_localization]: ICP input: scan=5075 pts, map_FOV=84869 pts
[INFO] [1783986064.206806532] [global_localization]: ICP fitness: coarse=1.000, fine=0.967, threshold=0.9
[INFO] [1783986064.207308178] [global_localization]: map→odom: x=0.356 y=-0.618 z=0.163
[WARN] [1783986064.566387075] [global_localization]: No odometry yet, skip odom transform in crop
[INFO] [1783986064.573015816] [global_localization]: ICP input: scan=5075 pts, map_FOV=84869 pts
[INFO] [1783986064.732833720] [global_localization]: ICP fitness: coarse=1.000, fine=0.967, threshold=0.9
[INFO] [1783986064.733263951] [global_localization]: map→odom: x=0.356 y=-0.618 z=0.163
[WARN] [1783986065.066548694] [global_localization]: No odometry yet, skip odom transform in crop
[INFO] [1783986065.071818433] [global_localization]: ICP input: scan=5075 pts, map_FOV=84869 pts
[INFO] [1783986065.219241202] [global_localization]: ICP fitness: coarse=1.000, fine=0.967, threshold=0.9
[INFO] [1783986065.219753975] [global_localization]: map→odom: x=0.356 y=-0.618 z=0.163
[WARN] [1783986065.566495421] [global_localization]: No odometry yet, skip odom transform in crop
[INFO] [1783986065.571713975] [global_localization]: ICP input: scan=5075 pts, map_FOV=84869 pts
[INFO] [1783986065.704426358] [global_localization]: ICP fitness: coarse=1.000, fine=0.967, threshold=0.9
[INFO] [1783986065.705025602] [global_localization]: map→odom: x=0.356 y=-0.618 z=0.163
[WARN] [1783986066.066522200] [global_localization]: No odometry yet, skip odom transform in crop
[INFO] [1783986066.071376948] [global_localization]: ICP input: scan=5075 pts, map_FOV=84869 pts
[INFO] [1783986066.213315559] [global_localization]: ICP fitness: coarse=1.000, fine=0.967, threshold=0.9
[INFO] [1783986066.213826118] [global_localization]: map→odom: x=0.356 y=-0.618 z=0.163
[WARN] [1783986066.566492025] [global_localization]: No odometry yet, skip odom transform in crop
[INFO] [1783986066.572287560] [global_localization]: ICP input: scan=5075 pts, map_FOV=84869 pts
[INFO] [1783986066.715428010] [global_localization]: ICP fitness: coarse=1.000, fine=0.967, threshold=0.9
[INFO] [1783986066.716027931] [global_localization]: map→odom: x=0.356 y=-0.618 z=0.163
[WARN] [1783986067.066417515] [global_localization]: No odometry yet, skip odom transform in crop
[INFO] [1783986067.071434429] [global_localization]: ICP input: scan=5075 pts, map_FOV=84869 pts
[INFO] [1783986067.215154742] [global_localization]: ICP fitness: coarse=1.000, fine=0.967, threshold=0.9
[INFO] [1783986067.215741768] [global_localization]: map→odom: x=0.356 y=-0.618 z=0.163
[WARN] [1783986067.566483526] [global_localization]: No odometry yet, skip odom transform in crop
[INFO] [1783986067.571496027] [global_localization]: ICP input: scan=5075 pts, map_FOV=84869 pts
[INFO] [1783986067.709495124] [global_localization]: ICP fitness: coarse=1.000, fine=0.967, threshold=0.9
[INFO] [1783986067.710091873] [global_localization]: map→odom: x=0.356 y=-0.618 z=0.163
[WARN] [1783986068.066591193] [global_localization]: No odometry yet, skip odom transform in crop
[INFO] [1783986068.072000234] [global_localization]: ICP input: scan=5075 pts, map_FOV=84869 pts
[INFO] [1783986068.209784323] [global_localization]: ICP fitness: coarse=1.000, fine=0.967, threshold=0.9
[INFO] [1783986068.210286816] [global_localization]: map→odom: x=0.356 y=-0.618 z=0.163
[WARN] [1783986068.566745641] [global_localization]: No odometry yet, skip odom transform in crop
[INFO] [1783986068.572505009] [global_localization]: ICP input: scan=5075 pts, map_FOV=84869 pts
[INFO] [1783986068.720539172] [global_localization]: ICP fitness: coarse=1.000, fine=0.967, threshold=0.9
[INFO] [1783986068.721066925] [global_localization]: map→odom: x=0.356 y=-0.618 z=0.163
[WARN] [1783986069.066584848] [global_localization]: No odometry yet, skip odom transform in crop
[INFO] [1783986069.072780730] [global_localization]: ICP input: scan=5075 pts, map_FOV=84869 pts
[INFO] [1783986069.215449270] [global_localization]: ICP fitness: coarse=1.000, fine=0.967, threshold=0.9
[INFO] [1783986069.216039175] [global_localization]: map→odom: x=0.356 y=-0.618 z=0.163
[WARN] [1783986069.566455123] [global_localization]: No odometry yet, skip odom transform in crop
[INFO] [1783986069.571416469] [global_localization]: ICP input: scan=5075 pts, map_FOV=84869 pts
[INFO] [1783986069.713589193] [global_localization]: ICP fitness: coarse=1.000, fine=0.967, threshold=0.9
[INFO] [1783986069.714178280] [global_localization]: map→odom: x=0.356 y=-0.618 z=0.163
[WARN] [1783986070.066462309] [global_localization]: No odometry yet, skip odom transform in crop
[INFO] [1783986070.072061453] [global_localization]: ICP input: scan=5075 pts, map_FOV=84869 pts
[INFO] [1783986070.209170230] [global_localization]: ICP fitness: coarse=1.000, fine=0.967, threshold=0.9
[INFO] [1783986070.209690766] [global_localization]: map→odom: x=0.356 y=-0.618 z=0.163
[WARN] [1783986070.566362620] [global_localization]: No odometry yet, skip odom transform in crop
[INFO] [1783986070.571414250] [global_localization]: ICP input: scan=5075 pts, map_FOV=84869 pts
[INFO] [1783986070.700962961] [global_localization]: ICP fitness: coarse=1.000, fine=0.967, threshold=0.9
[INFO] [1783986070.701462087] [global_localization]: map→odom: x=0.356 y=-0.618 z=0.163
[WARN] [1783986071.066468303] [global_localization]: No odometry yet, skip odom transform in crop
[INFO] [1783986071.071408398] [global_localization]: ICP input: scan=5075 pts, map_FOV=84869 pts
[INFO] [1783986071.223856428] [global_localization]: ICP fitness: coarse=1.000, fine=0.967, threshold=0.9
[INFO] [1783986071.224378269] [global_localization]: map→odom: x=0.356 y=-0.618 z=0.163
[WARN] [1783986071.566458313] [global_localization]: No odometry yet, skip odom transform in crop
[INFO] [1783986071.571501642] [global_localization]: ICP input: scan=5075 pts, map_FOV=84869 pts
[INFO] [1783986071.719998223] [global_localization]: ICP fitness: coarse=1.000, fine=0.967, threshold=0.9
[INFO] [1783986071.720472734] [global_localization]: map→odom: x=0.356 y=-0.618 z=0.163
[WARN] [1783986072.066402134] [global_localization]: No odometry yet, skip odom transform in crop
[INFO] [1783986072.072558829] [global_localization]: ICP input: scan=5075 pts, map_FOV=84869 pts
[INFO] [1783986072.198478526] [global_localization]: ICP fitness: coarse=1.000, fine=0.967, threshold=0.9
[INFO] [1783986072.198912338] [global_localization]: map→odom: x=0.356 y=-0.618 z=0.163
[WARN] [1783986072.566479360] [global_localization]: No odometry yet, skip odom transform in crop
[INFO] [1783986072.571921694] [global_localization]: ICP input: scan=5075 pts, map_FOV=84869 pts
[INFO] [1783986072.702796005] [global_localization]: ICP fitness: coarse=1.000, fine=0.967, threshold=0.9
[INFO] [1783986072.703300390] [global_localization]: map→odom: x=0.356 y=-0.618 z=0.163
[WARN] [1783986073.066462878] [global_localization]: No odometry yet, skip odom transform in crop
[INFO] [1783986073.071388409] [global_localization]: ICP input: scan=5075 pts, map_FOV=84869 pts
[INFO] [1783986073.209308497] [global_localization]: ICP fitness: coarse=1.000, fine=0.967, threshold=0.9
[INFO] [1783986073.209812517] [global_localization]: map→odom: x=0.356 y=-0.618 z=0.163
[WARN] [1783986073.566481597] [global_localization]: No odometry yet, skip odom transform in crop
[INFO] [1783986073.571597923] [global_localization]: ICP input: scan=5075 pts, map_FOV=84869 pts
[INFO] [1783986073.723972765] [global_localization]: ICP fitness: coarse=1.000, fine=0.967, threshold=0.9
[INFO] [1783986073.724391158] [global_localization]: map→odom: x=0.356 y=-0.618 z=0.163
[WARN] [1783986074.066432064] [global_localization]: No odometry yet, skip odom transform in crop
[INFO] [1783986074.072418070] [global_localization]: ICP input: scan=5075 pts, map_FOV=84869 pts
[INFO] [1783986074.202381800] [global_localization]: ICP fitness: coarse=1.000, fine=0.967, threshold=0.9
[INFO] [1783986074.202902450] [global_localization]: map→odom: x=0.356 y=-0.618 z=0.163
[WARN] [1783986074.566571747] [global_localization]: No odometry yet, skip odom transform in crop
[INFO] [1783986074.573292991] [global_localization]: ICP input: scan=5075 pts, map_FOV=84869 pts
[INFO] [1783986074.720256234] [global_localization]: ICP fitness: coarse=1.000, fine=0.967, threshold=0.9
[INFO] [1783986074.720711762] [global_localization]: map→odom: x=0.356 y=-0.618 z=0.163
[WARN] [1783986075.066318299] [global_localization]: No odometry yet, skip odom transform in crop
[INFO] [1783986075.071213897] [global_localization]: ICP input: scan=5075 pts, map_FOV=84869 pts
[INFO] [1783986075.202605317] [global_localization]: ICP fitness: coarse=1.000, fine=0.967, threshold=0.9
[INFO] [1783986075.203043468] [global_localization]: map→odom: x=0.356 y=-0.618 z=0.163
[WARN] [1783986075.566559274] [global_localization]: No odometry yet, skip odom transform in crop
[INFO] [1783986075.571641663] [global_localization]: ICP input: scan=5075 pts, map_FOV=84869 pts
[INFO] [1783986075.705494029] [global_localization]: ICP fitness: coarse=1.000, fine=0.967, threshold=0.9
[INFO] [1783986075.705960116] [global_localization]: map→odom: x=0.356 y=-0.618 z=0.163
[WARN] [1783986076.066344564] [global_localization]: No odometry yet, skip odom transform in crop
[INFO] [1783986076.071159181] [global_localization]: ICP input: scan=5075 pts, map_FOV=84869 pts
[INFO] [1783986076.203403344] [global_localization]: ICP fitness: coarse=1.000, fine=0.967, threshold=0.9
[INFO] [1783986076.203915182] [global_localization]: map→odom: x=0.356 y=-0.618 z=0.163
[WARN] [1783986076.566530534] [global_localization]: No odometry yet, skip odom transform in crop
[INFO] [1783986076.571833179] [global_localization]: ICP input: scan=5075 pts, map_FOV=84869 pts
[INFO] [1783986076.714611347] [global_localization]: ICP fitness: coarse=1.000, fine=0.967, threshold=0.9
[INFO] [1783986076.715051593] [global_localization]: map→odom: x=0.356 y=-0.618 z=0.163
[WARN] [1783986077.066493061] [global_localization]: No odometry yet, skip odom transform in crop
[INFO] [1783986077.071439637] [global_localization]: ICP input: scan=5075 pts, map_FOV=84869 pts
[INFO] [1783986077.221596613] [global_localization]: ICP fitness: coarse=1.000, fine=0.967, threshold=0.9
[INFO] [1783986077.222188514] [global_localization]: map→odom: x=0.356 y=-0.618 z=0.163
[WARN] [1783986077.566430450] [global_localization]: No odometry yet, skip odom transform in crop
[INFO] [1783986077.571483584] [global_localization]: ICP input: scan=5075 pts, map_FOV=84869 pts
[INFO] [1783986077.723200245] [global_localization]: ICP fitness: coarse=1.000, fine=0.967, threshold=0.9
[INFO] [1783986077.723790149] [global_localization]: map→odom: x=0.356 y=-0.618 z=0.163
[WARN] [1783986078.066501519] [global_localization]: No odometry yet, skip odom transform in crop
[INFO] [1783986078.071309669] [global_localization]: ICP input: scan=5075 pts, map_FOV=84869 pts
[INFO] [1783986078.204518477] [global_localization]: ICP fitness: coarse=1.000, fine=0.967, threshold=0.9
[INFO] [1783986078.205031328] [global_localization]: map→odom: x=0.356 y=-0.618 z=0.163
[WARN] [1783986078.566373280] [global_localization]: No odometry yet, skip odom transform in crop
[INFO] [1783986078.571476754] [global_localization]: ICP input: scan=5075 pts, map_FOV=84869 pts
[INFO] [1783986078.706820619] [global_localization]: ICP fitness: coarse=1.000, fine=0.967, threshold=0.9
[INFO] [1783986078.707299898] [global_localization]: map→odom: x=0.356 y=-0.618 z=0.163
[WARN] [1783986079.066430061] [global_localization]: No odometry yet, skip odom transform in crop
[INFO] [1783986079.072533553] [global_localization]: ICP input: scan=5075 pts, map_FOV=84869 pts
[INFO] [1783986079.216424082] [global_localization]: ICP fitness: coarse=1.000, fine=0.967, threshold=0.9
[INFO] [1783986079.216884256] [global_localization]: map→odom: x=0.356 y=-0.618 z=0.163
[WARN] [1783986079.566456016] [global_localization]: No odometry yet, skip odom transform in crop
[INFO] [1783986079.571208613] [global_localization]: ICP input: scan=5075 pts, map_FOV=84869 pts
[INFO] [1783986079.698061636] [global_localization]: ICP fitness: coarse=1.000, fine=0.967, threshold=0.9
[INFO] [1783986079.698556107] [global_localization]: map→odom: x=0.356 y=-0.618 z=0.163
[WARN] [1783986080.066369925] [global_localization]: No odometry yet, skip odom transform in crop
[INFO] [1783986080.071411610] [global_localization]: ICP input: scan=5075 pts, map_FOV=84869 pts
[INFO] [1783986080.210287369] [global_localization]: ICP fitness: coarse=1.000, fine=0.967, threshold=0.9
[INFO] [1783986080.210752569] [global_localization]: map→odom: x=0.356 y=-0.618 z=0.163
[WARN] [1783986080.566434543] [global_localization]: No odometry yet, skip odom transform in crop
[INFO] [1783986080.571505358] [global_localization]: ICP input: scan=5075 pts, map_FOV=84869 pts
[INFO] [1783986080.702704070] [global_localization]: ICP fitness: coarse=1.000, fine=0.967, threshold=0.9
[INFO] [1783986080.703203763] [global_localization]: map→odom: x=0.356 y=-0.618 z=0.163
[WARN] [1783986081.066424550] [global_localization]: No odometry yet, skip odom transform in crop
[INFO] [1783986081.071966056] [global_localization]: ICP input: scan=5075 pts, map_FOV=84869 pts
[INFO] [1783986081.208924049] [global_localization]: ICP fitness: coarse=1.000, fine=0.967, threshold=0.9
[INFO] [1783986081.209416171] [global_localization]: map→odom: x=0.356 y=-0.618 z=0.163
[WARN] [1783986081.566511935] [global_localization]: No odometry yet, skip odom transform in crop
[INFO] [1783986081.571878788] [global_localization]: ICP input: scan=5075 pts, map_FOV=84869 pts
[INFO] [1783986081.707550901] [global_localization]: ICP fitness: coarse=1.000, fine=0.967, threshold=0.9
[INFO] [1783986081.708143931] [global_localization]: map→odom: x=0.356 y=-0.618 z=0.163
[WARN] [1783986082.066311970] [global_localization]: No odometry yet, skip odom transform in crop
[INFO] [1783986082.071558979] [global_localization]: ICP input: scan=5075 pts, map_FOV=84869 pts
[INFO] [1783986082.221505034] [global_localization]: ICP fitness: coarse=1.000, fine=0.967, threshold=0.9
[INFO] [1783986082.222014221] [global_localization]: map→odom: x=0.356 y=-0.618 z=0.163
[WARN] [1783986082.566450933] [global_localization]: No odometry yet, skip odom transform in crop
[INFO] [1783986082.571130454] [global_localization]: ICP input: scan=5075 pts, map_FOV=84869 pts
[INFO] [1783986082.704242432] [global_localization]: ICP fitness: coarse=1.000, fine=0.967, threshold=0.9
[INFO] [1783986082.704747187] [global_localization]: map→odom: x=0.356 y=-0.618 z=0.163
[WARN] [1783986083.066342231] [global_localization]: No odometry yet, skip odom transform in crop
[INFO] [1783986083.071315227] [global_localization]: ICP input: scan=5075 pts, map_FOV=84869 pts
[INFO] [1783986083.200570328] [global_localization]: ICP fitness: coarse=1.000, fine=0.967, threshold=0.9
[INFO] [1783986083.201161436] [global_localization]: map→odom: x=0.356 y=-0.618 z=0.163
[WARN] [1783986083.566456173] [global_localization]: No odometry yet, skip odom transform in crop
[INFO] [1783986083.571344731] [global_localization]: ICP input: scan=5075 pts, map_FOV=84869 pts
[INFO] [1783986083.702071298] [global_localization]: ICP fitness: coarse=1.000, fine=0.967, threshold=0.9
[INFO] [1783986083.702790638] [global_localization]: map→odom: x=0.356 y=-0.618 z=0.163
[WARN] [1783986084.066491043] [global_localization]: No odometry yet, skip odom transform in crop
[INFO] [1783986084.073993972] [global_localization]: ICP input: scan=5075 pts, map_FOV=84869 pts
[INFO] [1783986084.199458858] [global_localization]: ICP fitness: coarse=1.000, fine=0.967, threshold=0.9
[INFO] [1783986084.200045108] [global_localization]: map→odom: x=0.356 y=-0.618 z=0.163
[WARN] [1783986084.566548652] [global_localization]: No odometry yet, skip odom transform in crop
[INFO] [1783986084.571820150] [global_localization]: ICP input: scan=5075 pts, map_FOV=84869 pts
[INFO] [1783986084.717464399] [global_localization]: ICP fitness: coarse=1.000, fine=0.967, threshold=0.9
[INFO] [1783986084.717962349] [global_localization]: map→odom: x=0.356 y=-0.618 z=0.163
[WARN] [1783986085.066426506] [global_localization]: No odometry yet, skip odom transform in crop
[INFO] [1783986085.072060394] [global_localization]: ICP input: scan=5075 pts, map_FOV=84869 pts
[INFO] [1783986085.219742699] [global_localization]: ICP fitness: coarse=1.000, fine=0.967, threshold=0.9
[INFO] [1783986085.220253128] [global_localization]: map→odom: x=0.356 y=-0.618 z=0.163
[WARN] [1783986085.566360764] [global_localization]: No odometry yet, skip odom transform in crop
[INFO] [1783986085.571108559] [global_localization]: ICP input: scan=5075 pts, map_FOV=84869 pts
[INFO] [1783986085.717871737] [global_localization]: ICP fitness: coarse=1.000, fine=0.967, threshold=0.9
[INFO] [1783986085.718328554] [global_localization]: map→odom: x=0.356 y=-0.618 z=0.163
[WARN] [1783986086.066309147] [global_localization]: No odometry yet, skip odom transform in crop
[INFO] [1783986086.071643077] [global_localization]: ICP input: scan=5075 pts, map_FOV=84869 pts
[INFO] [1783986086.216535038] [global_localization]: ICP fitness: coarse=1.000, fine=0.967, threshold=0.9
[INFO] [1783986086.217036067] [global_localization]: map→odom: x=0.356 y=-0.618 z=0.163
[WARN] [1783986086.566499588] [global_localization]: No odometry yet, skip odom transform in crop
[INFO] [1783986086.571408695] [global_localization]: ICP input: scan=5075 pts, map_FOV=84869 pts
[INFO] [1783986086.705075782] [global_localization]: ICP fitness: coarse=1.000, fine=0.967, threshold=0.9
[INFO] [1783986086.705513342] [global_localization]: map→odom: x=0.356 y=-0.618 z=0.163
[WARN] [1783986087.066578104] [global_localization]: No odometry yet, skip odom transform in crop
[INFO] [1783986087.072008808] [global_localization]: ICP input: scan=5075 pts, map_FOV=84869 pts
[INFO] [1783986087.203792295] [global_localization]: ICP fitness: coarse=1.000, fine=0.967, threshold=0.9
[INFO] [1783986087.204294297] [global_localization]: map→odom: x=0.356 y=-0.618 z=0.163
[WARN] [1783986087.566409455] [global_localization]: No odometry yet, skip odom transform in crop
[INFO] [1783986087.571305614] [global_localization]: ICP input: scan=5075 pts, map_FOV=84869 pts
[INFO] [1783986087.711489554] [global_localization]: ICP fitness: coarse=1.000, fine=0.967, threshold=0.9
[INFO] [1783986087.712020601] [global_localization]: map→odom: x=0.356 y=-0.618 z=0.163
[WARN] [1783986088.066556375] [global_localization]: No odometry yet, skip odom transform in crop
[INFO] [1783986088.072555076] [global_localization]: ICP input: scan=5075 pts, map_FOV=84869 pts
[INFO] [1783986088.207178809] [global_localization]: ICP fitness: coarse=1.000, fine=0.967, threshold=0.9
[INFO] [1783986088.207680745] [global_localization]: map→odom: x=0.356 y=-0.618 z=0.163
[WARN] [1783986088.566517775] [global_localization]: No odometry yet, skip odom transform in crop
[INFO] [1783986088.572082469] [global_localization]: ICP input: scan=5075 pts, map_FOV=84869 pts
[INFO] [1783986088.713810523] [global_localization]: ICP fitness: coarse=1.000, fine=0.967, threshold=0.9
[INFO] [1783986088.714392213] [global_localization]: map→odom: x=0.356 y=-0.618 z=0.163
[WARN] [1783986089.066425178] [global_localization]: No odometry yet, skip odom transform in crop
[INFO] [1783986089.071979130] [global_localization]: ICP input: scan=5075 pts, map_FOV=84869 pts
[INFO] [1783986089.217949505] [global_localization]: ICP fitness: coarse=1.000, fine=0.967, threshold=0.9
[INFO] [1783986089.218370516] [global_localization]: map→odom: x=0.356 y=-0.618 z=0.163
[WARN] [1783986089.566486230] [global_localization]: No odometry yet, skip odom transform in crop
[INFO] [1783986089.573277603] [global_localization]: ICP input: scan=5075 pts, map_FOV=84869 pts
[INFO] [1783986089.723652437] [global_localization]: ICP fitness: coarse=1.000, fine=0.967, threshold=0.9
[INFO] [1783986089.724164514] [global_localization]: map→odom: x=0.356 y=-0.618 z=0.163
[WARN] [1783986090.066348546] [global_localization]: No odometry yet, skip odom transform in crop
[INFO] [1783986090.072278953] [global_localization]: ICP input: scan=5075 pts, map_FOV=84869 pts
[INFO] [1783986090.206680476] [global_localization]: ICP fitness: coarse=1.000, fine=0.967, threshold=0.9
[INFO] [1783986090.207274872] [global_localization]: map→odom: x=0.356 y=-0.618 z=0.163
[WARN] [1783986090.566400704] [global_localization]: No odometry yet, skip odom transform in crop
[INFO] [1783986090.571491568] [global_localization]: ICP input: scan=5075 pts, map_FOV=84869 pts
[INFO] [1783986090.700976834] [global_localization]: ICP fitness: coarse=1.000, fine=0.967, threshold=0.9
[INFO] [1783986090.701478940] [global_localization]: map→odom: x=0.356 y=-0.618 z=0.163
[WARN] [1783986091.066455439] [global_localization]: No odometry yet, skip odom transform in crop
[INFO] [1783986091.072006635] [global_localization]: ICP input: scan=5075 pts, map_FOV=84869 pts
[INFO] [1783986091.219715773] [global_localization]: ICP fitness: coarse=1.000, fine=0.967, threshold=0.9
[INFO] [1783986091.220212228] [global_localization]: map→odom: x=0.356 y=-0.618 z=0.163
[WARN] [1783986091.566449839] [global_localization]: No odometry yet, skip odom transform in crop
[INFO] [1783986091.572386495] [global_localization]: ICP input: scan=5075 pts, map_FOV=84869 pts
[INFO] [1783986091.712090850] [global_localization]: ICP fitness: coarse=1.000, fine=0.967, threshold=0.9
[INFO] [1783986091.712515920] [global_localization]: map→odom: x=0.356 y=-0.618 z=0.163
[WARN] [1783986092.066471534] [global_localization]: No odometry yet, skip odom transform in crop
[INFO] [1783986092.072820960] [global_localization]: ICP input: scan=5075 pts, map_FOV=84869 pts
[INFO] [1783986092.217081976] [global_localization]: ICP fitness: coarse=1.000, fine=0.967, threshold=0.9
[INFO] [1783986092.217659642] [global_localization]: map→odom: x=0.356 y=-0.618 z=0.163
[WARN] [1783986092.566457873] [global_localization]: No odometry yet, skip odom transform in crop
[INFO] [1783986092.571563758] [global_localization]: ICP input: scan=5075 pts, map_FOV=84869 pts
[INFO] [1783986092.719779651] [global_localization]: ICP fitness: coarse=1.000, fine=0.967, threshold=0.9
[INFO] [1783986092.720230389] [global_localization]: map→odom: x=0.356 y=-0.618 z=0.163
[WARN] [1783986093.066347970] [global_localization]: No odometry yet, skip odom transform in crop
[INFO] [1783986093.073758000] [global_localization]: ICP input: scan=5075 pts, map_FOV=84869 pts
[INFO] [1783986093.247134060] [global_localization]: ICP fitness: coarse=1.000, fine=0.967, threshold=0.9
[INFO] [1783986093.247639204] [global_localization]: map→odom: x=0.356 y=-0.618 z=0.163
[WARN] [1783986093.566494810] [global_localization]: No odometry yet, skip odom transform in crop
[INFO] [1783986093.571965205] [global_localization]: ICP input: scan=5075 pts, map_FOV=84869 pts
[INFO] [1783986093.720728206] [global_localization]: ICP fitness: coarse=1.000, fine=0.967, threshold=0.9
[INFO] [1783986093.721174996] [global_localization]: map→odom: x=0.356 y=-0.618 z=0.163
[WARN] [1783986094.066447858] [global_localization]: No odometry yet, skip odom transform in crop
[INFO] [1783986094.071957544] [global_localization]: ICP input: scan=5075 pts, map_FOV=84869 pts
[INFO] [1783986094.206190811] [global_localization]: ICP fitness: coarse=1.000, fine=0.967, threshold=0.9
[INFO] [1783986094.206713928] [global_localization]: map→odom: x=0.356 y=-0.618 z=0.163
[WARN] [1783986094.566406077] [global_localization]: No odometry yet, skip odom transform in crop
[INFO] [1783986094.571953835] [global_localization]: ICP input: scan=5075 pts, map_FOV=84869 pts
[INFO] [1783986094.699246521] [global_localization]: ICP fitness: coarse=1.000, fine=0.967, threshold=0.9
[INFO] [1783986094.699754989] [global_localization]: map→odom: x=0.356 y=-0.618 z=0.163
[WARN] [1783986095.066570567] [global_localization]: No odometry yet, skip odom transform in crop
[INFO] [1783986095.071819003] [global_localization]: ICP input: scan=5075 pts, map_FOV=84869 pts
[INFO] [1783986095.242847929] [global_localization]: ICP fitness: coarse=1.000, fine=0.967, threshold=0.9
[INFO] [1783986095.243364893] [global_localization]: map→odom: x=0.356 y=-0.618 z=0.163
[WARN] [1783986095.566405438] [global_localization]: No odometry yet, skip odom transform in crop
[INFO] [1783986095.571475483] [global_localization]: ICP input: scan=5075 pts, map_FOV=84869 pts
[INFO] [1783986095.703239601] [global_localization]: ICP fitness: coarse=1.000, fine=0.967, threshold=0.9
[INFO] [1783986095.703705942] [global_localization]: map→odom: x=0.356 y=-0.618 z=0.163
[WARN] [1783986096.066483417] [global_localization]: No odometry yet, skip odom transform in crop
[INFO] [1783986096.071380465] [global_localization]: ICP input: scan=5075 pts, map_FOV=84869 pts
[INFO] [1783986096.204550335] [global_localization]: ICP fitness: coarse=1.000, fine=0.967, threshold=0.9
[INFO] [1783986096.205070102] [global_localization]: map→odom: x=0.356 y=-0.618 z=0.163
[WARN] [1783986096.566475318] [global_localization]: No odometry yet, skip odom transform in crop
[INFO] [1783986096.571539044] [global_localization]: ICP input: scan=5075 pts, map_FOV=84869 pts
[INFO] [1783986096.728761845] [global_localization]: ICP fitness: coarse=1.000, fine=0.967, threshold=0.9
[INFO] [1783986096.729261557] [global_localization]: map→odom: x=0.356 y=-0.618 z=0.163
[WARN] [1783986097.066473515] [global_localization]: No odometry yet, skip odom transform in crop
[INFO] [1783986097.071587265] [global_localization]: ICP input: scan=5075 pts, map_FOV=84869 pts
[INFO] [1783986097.210561874] [global_localization]: ICP fitness: coarse=1.000, fine=0.967, threshold=0.9
[INFO] [1783986097.211079549] [global_localization]: map→odom: x=0.356 y=-0.618 z=0.163
[WARN] [1783986097.566480287] [global_localization]: No odometry yet, skip odom transform in crop
[INFO] [1783986097.571322489] [global_localization]: ICP input: scan=5075 pts, map_FOV=84869 pts
[INFO] [1783986097.717578102] [global_localization]: ICP fitness: coarse=1.000, fine=0.967, threshold=0.9
[INFO] [1783986097.718165107] [global_localization]: map→odom: x=0.356 y=-0.618 z=0.163
[WARN] [1783986098.066493162] [global_localization]: No odometry yet, skip odom transform in crop
[INFO] [1783986098.071575847] [global_localization]: ICP input: scan=5075 pts, map_FOV=84869 pts
[INFO] [1783986098.205509600] [global_localization]: ICP fitness: coarse=1.000, fine=0.967, threshold=0.9
[INFO] [1783986098.205979639] [global_localization]: map→odom: x=0.356 y=-0.618 z=0.163
[WARN] [1783986098.566614535] [global_localization]: No odometry yet, skip odom transform in crop
[INFO] [1783986098.572550962] [global_localization]: ICP input: scan=5075 pts, map_FOV=84869 pts
[INFO] [1783986098.733577522] [global_localization]: ICP fitness: coarse=1.000, fine=0.967, threshold=0.9
[INFO] [1783986098.734081940] [global_localization]: map→odom: x=0.356 y=-0.618 z=0.163
[WARN] [1783986099.066402132] [global_localization]: No odometry yet, skip odom transform in crop
[INFO] [1783986099.071075618] [global_localization]: ICP input: scan=5075 pts, map_FOV=84869 pts
[INFO] [1783986099.202745778] [global_localization]: ICP fitness: coarse=1.000, fine=0.967, threshold=0.9
[INFO] [1783986099.203203909] [global_localization]: map→odom: x=0.356 y=-0.618 z=0.163
[WARN] [1783986099.566554039] [global_localization]: No odometry yet, skip odom transform in crop
[INFO] [1783986099.572181848] [global_localization]: ICP input: scan=5075 pts, map_FOV=84869 pts
[INFO] [1783986099.735273728] [global_localization]: ICP fitness: coarse=1.000, fine=0.967, threshold=0.9
[INFO] [1783986099.735724730] [global_localization]: map→odom: x=0.356 y=-0.618 z=0.163
[WARN] [1783986100.066431950] [global_localization]: No odometry yet, skip odom transform in crop
[INFO] [1783986100.072175194] [global_localization]: ICP input: scan=5075 pts, map_FOV=84869 pts
[INFO] [1783986100.237222705] [global_localization]: ICP fitness: coarse=1.000, fine=0.967, threshold=0.9
[INFO] [1783986100.237854021] [global_localization]: map→odom: x=0.356 y=-0.618 z=0.163
[WARN] [1783986100.566462036] [global_localization]: No odometry yet, skip odom transform in crop
[INFO] [1783986100.571812813] [global_localization]: ICP input: scan=5075 pts, map_FOV=84869 pts
[INFO] [1783986100.711290346] [global_localization]: ICP fitness: coarse=1.000, fine=0.967, threshold=0.9
[INFO] [1783986100.711814496] [global_localization]: map→odom: x=0.356 y=-0.618 z=0.163
[WARN] [1783986101.066508618] [global_localization]: No odometry yet, skip odom transform in crop
[INFO] [1783986101.072152152] [global_localization]: ICP input: scan=5075 pts, map_FOV=84869 pts
[INFO] [1783986101.273835127] [global_localization]: ICP fitness: coarse=1.000, fine=0.967, threshold=0.9
[INFO] [1783986101.274521194] [global_localization]: map→odom: x=0.356 y=-0.618 z=0.163
[WARN] [1783986101.566451402] [global_localization]: No odometry yet, skip odom transform in crop
[INFO] [1783986101.571836262] [global_localization]: ICP input: scan=5075 pts, map_FOV=84869 pts
[INFO] [1783986101.726730696] [global_localization]: ICP fitness: coarse=1.000, fine=0.967, threshold=0.9
[INFO] [1783986101.727269423] [global_localization]: map→odom: x=0.356 y=-0.618 z=0.163
[WARN] [1783986102.066310101] [global_localization]: No odometry yet, skip odom transform in crop
[INFO] [1783986102.071144356] [global_localization]: ICP input: scan=5075 pts, map_FOV=84869 pts
[INFO] [1783986102.207408653] [global_localization]: ICP fitness: coarse=1.000, fine=0.967, threshold=0.9
[INFO] [1783986102.207986120] [global_localization]: map→odom: x=0.356 y=-0.618 z=0.163
[WARN] [1783986102.566622518] [global_localization]: No odometry yet, skip odom transform in crop
[INFO] [1783986102.572575842] [global_localization]: ICP input: scan=5075 pts, map_FOV=84869 pts
[INFO] [1783986102.714154622] [global_localization]: ICP fitness: coarse=1.000, fine=0.967, threshold=0.9
[INFO] [1783986102.714661908] [global_localization]: map→odom: x=0.356 y=-0.618 z=0.163
[WARN] [1783986103.066358900] [global_localization]: No odometry yet, skip odom transform in crop
[INFO] [1783986103.071480389] [global_localization]: ICP input: scan=5075 pts, map_FOV=84869 pts
[INFO] [1783986103.207697545] [global_localization]: ICP fitness: coarse=1.000, fine=0.967, threshold=0.9
[INFO] [1783986103.208239364] [global_localization]: map→odom: x=0.356 y=-0.618 z=0.163
[WARN] [1783986103.566305233] [global_localization]: No odometry yet, skip odom transform in crop
[INFO] [1783986103.571189739] [global_localization]: ICP input: scan=5075 pts, map_FOV=84869 pts
[INFO] [1783986103.709656273] [global_localization]: ICP fitness: coarse=1.000, fine=0.967, threshold=0.9
[INFO] [1783986103.710355190] [global_localization]: map→odom: x=0.356 y=-0.618 z=0.163
[WARN] [1783986104.066480557] [global_localization]: No odometry yet, skip odom transform in crop
[INFO] [1783986104.071543053] [global_localization]: ICP input: scan=5075 pts, map_FOV=84869 pts
[INFO] [1783986104.221130286] [global_localization]: ICP fitness: coarse=1.000, fine=0.967, threshold=0.9
[INFO] [1783986104.221662571] [global_localization]: map→odom: x=0.356 y=-0.618 z=0.163
[WARN] [1783986104.566428734] [global_localization]: No odometry yet, skip odom transform in crop
[INFO] [1783986104.572314103] [global_localization]: ICP input: scan=5075 pts, map_FOV=84869 pts
[INFO] [1783986104.713401846] [global_localization]: ICP fitness: coarse=1.000, fine=0.967, threshold=0.9
[INFO] [1783986104.713938077] [global_localization]: map→odom: x=0.356 y=-0.618 z=0.163
[WARN] [1783986105.066685912] [global_localization]: No odometry yet, skip odom transform in crop
[INFO] [1783986105.072644334] [global_localization]: ICP input: scan=5075 pts, map_FOV=84869 pts
[INFO] [1783986105.231800351] [global_localization]: ICP fitness: coarse=1.000, fine=0.967, threshold=0.9
[INFO] [1783986105.232212094] [global_localization]: map→odom: x=0.356 y=-0.618 z=0.163
[WARN] [1783986105.566404448] [global_localization]: No odometry yet, skip odom transform in crop
[INFO] [1783986105.571181515] [global_localization]: ICP input: scan=5075 pts, map_FOV=84869 pts
[INFO] [1783986105.709127727] [global_localization]: ICP fitness: coarse=1.000, fine=0.967, threshold=0.9
[INFO] [1783986105.709648784] [global_localization]: map→odom: x=0.356 y=-0.618 z=0.163
[WARN] [1783986106.066519363] [global_localization]: No odometry yet, skip odom transform in crop
[INFO] [1783986106.071657727] [global_localization]: ICP input: scan=5075 pts, map_FOV=84869 pts
[INFO] [1783986106.206243848] [global_localization]: ICP fitness: coarse=1.000, fine=0.967, threshold=0.9
[INFO] [1783986106.206778877] [global_localization]: map→odom: x=0.356 y=-0.618 z=0.163
[WARN] [1783986106.566515002] [global_localization]: No odometry yet, skip odom transform in crop
[INFO] [1783986106.571415133] [global_localization]: ICP input: scan=5075 pts, map_FOV=84869 pts
[INFO] [1783986106.707417964] [global_localization]: ICP fitness: coarse=1.000, fine=0.967, threshold=0.9
[INFO] [1783986106.707948281] [global_localization]: map→odom: x=0.356 y=-0.618 z=0.163
[WARN] [1783986107.066291679] [global_localization]: No odometry yet, skip odom transform in crop
[INFO] [1783986107.071087161] [global_localization]: ICP input: scan=5075 pts, map_FOV=84869 pts
[INFO] [1783986107.209022718] [global_localization]: ICP fitness: coarse=1.000, fine=0.967, threshold=0.9
[INFO] [1783986107.209550283] [global_localization]: map→odom: x=0.356 y=-0.618 z=0.163
[WARN] [1783986107.566544737] [global_localization]: No odometry yet, skip odom transform in crop
[INFO] [1783986107.572644986] [global_localization]: ICP input: scan=5075 pts, map_FOV=84869 pts
[INFO] [1783986107.742690101] [global_localization]: ICP fitness: coarse=1.000, fine=0.967, threshold=0.9
[INFO] [1783986107.743131377] [global_localization]: map→odom: x=0.356 y=-0.618 z=0.163
[WARN] [1783986108.066238345] [global_localization]: No odometry yet, skip odom transform in crop
[INFO] [1783986108.071188051] [global_localization]: ICP input: scan=5075 pts, map_FOV=84869 pts
[INFO] [1783986108.205630123] [global_localization]: ICP fitness: coarse=1.000, fine=0.967, threshold=0.9
[INFO] [1783986108.206222733] [global_localization]: map→odom: x=0.356 y=-0.618 z=0.163
[WARN] [1783986108.566423267] [global_localization]: No odometry yet, skip odom transform in crop
[INFO] [1783986108.572157028] [global_localization]: ICP input: scan=5075 pts, map_FOV=84869 pts
[INFO] [1783986108.719154985] [global_localization]: ICP fitness: coarse=1.000, fine=0.967, threshold=0.9
[INFO] [1783986108.719750227] [global_localization]: map→odom: x=0.356 y=-0.618 z=0.163
[WARN] [1783986109.066503610] [global_localization]: No odometry yet, skip odom transform in crop
[INFO] [1783986109.074249225] [global_localization]: ICP input: scan=5075 pts, map_FOV=84869 pts
[INFO] [1783986109.220677298] [global_localization]: ICP fitness: coarse=1.000, fine=0.967, threshold=0.9
[INFO] [1783986109.221212262] [global_localization]: map→odom: x=0.356 y=-0.618 z=0.163
[WARN] [1783986109.566539949] [global_localization]: No odometry yet, skip odom transform in crop
[INFO] [1783986109.572303627] [global_localization]: ICP input: scan=5075 pts, map_FOV=84869 pts
[INFO] [1783986109.730967903] [global_localization]: ICP fitness: coarse=1.000, fine=0.967, threshold=0.9
[INFO] [1783986109.731556065] [global_localization]: map→odom: x=0.356 y=-0.618 z=0.163
[WARN] [1783986110.066556161] [global_localization]: No odometry yet, skip odom transform in crop
[INFO] [1783986110.072590464] [global_localization]: ICP input: scan=5075 pts, map_FOV=84869 pts
[INFO] [1783986110.222460349] [global_localization]: ICP fitness: coarse=1.000, fine=0.967, threshold=0.9
[INFO] [1783986110.222968935] [global_localization]: map→odom: x=0.356 y=-0.618 z=0.163
[WARN] [1783986110.566379776] [global_localization]: No odometry yet, skip odom transform in crop
[INFO] [1783986110.571539079] [global_localization]: ICP input: scan=5075 pts, map_FOV=84869 pts
[INFO] [1783986110.715421176] [global_localization]: ICP fitness: coarse=1.000, fine=0.967, threshold=0.9
[INFO] [1783986110.716034894] [global_localization]: map→odom: x=0.356 y=-0.618 z=0.163
[WARN] [1783986111.066383927] [global_localization]: No odometry yet, skip odom transform in crop
[INFO] [1783986111.074127499] [global_localization]: ICP input: scan=5075 pts, map_FOV=84869 pts
[INFO] [1783986111.209436434] [global_localization]: ICP fitness: coarse=1.000, fine=0.967, threshold=0.9
[INFO] [1783986111.210028860] [global_localization]: map→odom: x=0.356 y=-0.618 z=0.163
[WARN] [1783986111.566350621] [global_localization]: No odometry yet, skip odom transform in crop
[INFO] [1783986111.571529394] [global_localization]: ICP input: scan=5075 pts, map_FOV=84869 pts
[INFO] [1783986111.722651202] [global_localization]: ICP fitness: coarse=1.000, fine=0.967, threshold=0.9
[INFO] [1783986111.723243207] [global_localization]: map→odom: x=0.356 y=-0.618 z=0.163
[WARN] [1783986112.066602338] [global_localization]: No odometry yet, skip odom transform in crop
[INFO] [1783986112.071943615] [global_localization]: ICP input: scan=5075 pts, map_FOV=84869 pts
[INFO] [1783986112.206271004] [global_localization]: ICP fitness: coarse=1.000, fine=0.967, threshold=0.9
[INFO] [1783986112.206797692] [global_localization]: map→odom: x=0.356 y=-0.618 z=0.163
[WARN] [1783986112.566435976] [global_localization]: No odometry yet, skip odom transform in crop
[INFO] [1783986112.572268691] [global_localization]: ICP input: scan=5075 pts, map_FOV=84869 pts
[INFO] [1783986112.719657853] [global_localization]: ICP fitness: coarse=1.000, fine=0.967, threshold=0.9
[INFO] [1783986112.720163265] [global_localization]: map→odom: x=0.356 y=-0.618 z=0.163
[WARN] [1783986113.066544639] [global_localization]: No odometry yet, skip odom transform in crop
[INFO] [1783986113.072115268] [global_localization]: ICP input: scan=5075 pts, map_FOV=84869 pts
[INFO] [1783986113.229447167] [global_localization]: ICP fitness: coarse=1.000, fine=0.967, threshold=0.9
[INFO] [1783986113.230007608] [global_localization]: map→odom: x=0.356 y=-0.618 z=0.163
[WARN] [1783986113.566433479] [global_localization]: No odometry yet, skip odom transform in crop
[INFO] [1783986113.571657970] [global_localization]: ICP input: scan=5075 pts, map_FOV=84869 pts
[INFO] [1783986113.701676178] [global_localization]: ICP fitness: coarse=1.000, fine=0.967, threshold=0.9
[INFO] [1783986113.702075874] [global_localization]: map→odom: x=0.356 y=-0.618 z=0.163
[WARN] [1783986114.066390605] [global_localization]: No odometry yet, skip odom transform in crop
[INFO] [1783986114.071847540] [global_localization]: ICP input: scan=5075 pts, map_FOV=84869 pts
[INFO] [1783986114.199030361] [global_localization]: ICP fitness: coarse=1.000, fine=0.967, threshold=0.9
[INFO] [1783986114.199441185] [global_localization]: map→odom: x=0.356 y=-0.618 z=0.163
[WARN] [1783986114.566400862] [global_localization]: No odometry yet, skip odom transform in crop
[INFO] [1783986114.571599501] [global_localization]: ICP input: scan=5075 pts, map_FOV=84869 pts
[INFO] [1783986114.703780840] [global_localization]: ICP fitness: coarse=1.000, fine=0.967, threshold=0.9
[INFO] [1783986114.704351841] [global_localization]: map→odom: x=0.356 y=-0.618 z=0.163
[WARN] [1783986115.066334470] [global_localization]: No odometry yet, skip odom transform in crop
[INFO] [1783986115.071433247] [global_localization]: ICP input: scan=5075 pts, map_FOV=84869 pts
[INFO] [1783986115.200644695] [global_localization]: ICP fitness: coarse=1.000, fine=0.967, threshold=0.9
[INFO] [1783986115.201151706] [global_localization]: map→odom: x=0.356 y=-0.618 z=0.163
[WARN] [1783986115.566362229] [global_localization]: No odometry yet, skip odom transform in crop
[INFO] [1783986115.571164322] [global_localization]: ICP input: scan=5075 pts, map_FOV=84869 pts
[INFO] [1783986115.698624078] [global_localization]: ICP fitness: coarse=1.000, fine=0.967, threshold=0.9
[INFO] [1783986115.699257692] [global_localization]: map→odom: x=0.356 y=-0.618 z=0.163
[WARN] [1783986116.066547205] [global_localization]: No odometry yet, skip odom transform in crop
[INFO] [1783986116.073243651] [global_localization]: ICP input: scan=5075 pts, map_FOV=84869 pts
[INFO] [1783986116.213421127] [global_localization]: ICP fitness: coarse=1.000, fine=0.967, threshold=0.9
[INFO] [1783986116.213937132] [global_localization]: map→odom: x=0.356 y=-0.618 z=0.163
[WARN] [1783986116.566417276] [global_localization]: No odometry yet, skip odom transform in crop
[INFO] [1783986116.571564910] [global_localization]: ICP input: scan=5075 pts, map_FOV=84869 pts
[INFO] [1783986116.707700841] [global_localization]: ICP fitness: coarse=1.000, fine=0.967, threshold=0.9
[INFO] [1783986116.708213449] [global_localization]: map→odom: x=0.356 y=-0.618 z=0.163
[WARN] [1783986117.066401221] [global_localization]: No odometry yet, skip odom transform in crop
[INFO] [1783986117.072501803] [global_localization]: ICP input: scan=5075 pts, map_FOV=84869 pts
[INFO] [1783986117.206656712] [global_localization]: ICP fitness: coarse=1.000, fine=0.967, threshold=0.9
[INFO] [1783986117.207119358] [global_localization]: map→odom: x=0.356 y=-0.618 z=0.163
[WARN] [1783986117.566436241] [global_localization]: No odometry yet, skip odom transform in crop
[INFO] [1783986117.571320425] [global_localization]: ICP input: scan=5075 pts, map_FOV=84869 pts
[INFO] [1783986117.706789868] [global_localization]: ICP fitness: coarse=1.000, fine=0.967, threshold=0.9
[INFO] [1783986117.707299711] [global_localization]: map→odom: x=0.356 y=-0.618 z=0.163
[WARN] [1783986118.066383397] [global_localization]: No odometry yet, skip odom transform in crop
[INFO] [1783986118.071343165] [global_localization]: ICP input: scan=5075 pts, map_FOV=84869 pts
[INFO] [1783986118.233641125] [global_localization]: ICP fitness: coarse=1.000, fine=0.967, threshold=0.9
[INFO] [1783986118.234089965] [global_localization]: map→odom: x=0.356 y=-0.618 z=0.163
[WARN] [1783986118.566525451] [global_localization]: No odometry yet, skip odom transform in crop
[INFO] [1783986118.574388321] [global_localization]: ICP input: scan=5075 pts, map_FOV=84869 pts
[INFO] [1783986118.704626649] [global_localization]: ICP fitness: coarse=1.000, fine=0.967, threshold=0.9
[INFO] [1783986118.705106046] [global_localization]: map→odom: x=0.356 y=-0.618 z=0.163
[WARN] [1783986119.066264064] [global_localization]: No odometry yet, skip odom transform in crop
[INFO] [1783986119.071327402] [global_localization]: ICP input: scan=5075 pts, map_FOV=84869 pts
[INFO] [1783986119.216515236] [global_localization]: ICP fitness: coarse=1.000, fine=0.967, threshold=0.9
[INFO] [1783986119.216997728] [global_localization]: map→odom: x=0.356 y=-0.618 z=0.163
[WARN] [1783986119.566430387] [global_localization]: No odometry yet, skip odom transform in crop
[INFO] [1783986119.572909137] [global_localization]: ICP input: scan=5075 pts, map_FOV=84869 pts
[INFO] [1783986119.707882379] [global_localization]: ICP fitness: coarse=1.000, fine=0.967, threshold=0.9
[INFO] [1783986119.708344863] [global_localization]: map→odom: x=0.356 y=-0.618 z=0.163
[WARN] [1783986120.066566315] [global_localization]: No odometry yet, skip odom transform in crop
[INFO] [1783986120.073339728] [global_localization]: ICP input: scan=5075 pts, map_FOV=84869 pts
[INFO] [1783986120.211347868] [global_localization]: ICP fitness: coarse=1.000, fine=0.967, threshold=0.9
[INFO] [1783986120.211886246] [global_localization]: map→odom: x=0.356 y=-0.618 z=0.163
[WARN] [1783986120.566601212] [global_localization]: No odometry yet, skip odom transform in crop
[INFO] [1783986120.572649202] [global_localization]: ICP input: scan=5075 pts, map_FOV=84869 pts
[INFO] [1783986120.745948625] [global_localization]: ICP fitness: coarse=1.000, fine=0.967, threshold=0.9
[INFO] [1783986120.746487633] [global_localization]: map→odom: x=0.356 y=-0.618 z=0.163
[WARN] [1783986121.066529654] [global_localization]: No odometry yet, skip odom transform in crop
[INFO] [1783986121.071839257] [global_localization]: ICP input: scan=5075 pts, map_FOV=84869 pts
[INFO] [1783986121.222443296] [global_localization]: ICP fitness: coarse=1.000, fine=0.967, threshold=0.9
[INFO] [1783986121.223164959] [global_localization]: map→odom: x=0.356 y=-0.618 z=0.163
[WARN] [1783986121.566605316] [global_localization]: No odometry yet, skip odom transform in crop
[INFO] [1783986121.572610071] [global_localization]: ICP input: scan=5075 pts, map_FOV=84869 pts
[INFO] [1783986121.704875487] [global_localization]: ICP fitness: coarse=1.000, fine=0.967, threshold=0.9
[INFO] [1783986121.705389544] [global_localization]: map→odom: x=0.356 y=-0.618 z=0.163
[WARN] [1783986122.066661907] [global_localization]: No odometry yet, skip odom transform in crop
[INFO] [1783986122.072280253] [global_localization]: ICP input: scan=5075 pts, map_FOV=84869 pts
[INFO] [1783986122.206945528] [global_localization]: ICP fitness: coarse=1.000, fine=0.967, threshold=0.9
[INFO] [1783986122.207397469] [global_localization]: map→odom: x=0.356 y=-0.618 z=0.163
[WARN] [1783986122.566432100] [global_localization]: No odometry yet, skip odom transform in crop
[INFO] [1783986122.571101144] [global_localization]: ICP input: scan=5075 pts, map_FOV=84869 pts
[INFO] [1783986122.700138788] [global_localization]: ICP fitness: coarse=1.000, fine=0.967, threshold=0.9
[INFO] [1783986122.700662433] [global_localization]: map→odom: x=0.356 y=-0.618 z=0.163
[WARN] [1783986123.066529280] [global_localization]: No odometry yet, skip odom transform in crop
[INFO] [1783986123.071607892] [global_localization]: ICP input: scan=5075 pts, map_FOV=84869 pts
[INFO] [1783986123.208085974] [global_localization]: ICP fitness: coarse=1.000, fine=0.967, threshold=0.9
[INFO] [1783986123.208530822] [global_localization]: map→odom: x=0.356 y=-0.618 z=0.163
[WARN] [1783986123.566610576] [global_localization]: No odometry yet, skip odom transform in crop
[INFO] [1783986123.572616242] [global_localization]: ICP input: scan=5075 pts, map_FOV=84869 pts
[INFO] [1783986123.710493057] [global_localization]: ICP fitness: coarse=1.000, fine=0.967, threshold=0.9
[INFO] [1783986123.711064667] [global_localization]: map→odom: x=0.356 y=-0.618 z=0.163
[WARN] [1783986124.066520982] [global_localization]: No odometry yet, skip odom transform in crop
[INFO] [1783986124.071835445] [global_localization]: ICP input: scan=5075 pts, map_FOV=84869 pts
[INFO] [1783986124.208065334] [global_localization]: ICP fitness: coarse=1.000, fine=0.967, threshold=0.9
[INFO] [1783986124.208794962] [global_localization]: map→odom: x=0.356 y=-0.618 z=0.163
[WARN] [1783986124.566357804] [global_localization]: No odometry yet, skip odom transform in crop
[INFO] [1783986124.571256741] [global_localization]: ICP input: scan=5075 pts, map_FOV=84869 pts
[INFO] [1783986124.737211293] [global_localization]: ICP fitness: coarse=1.000, fine=0.967, threshold=0.9
[INFO] [1783986124.737979386] [global_localization]: map→odom: x=0.356 y=-0.618 z=0.163
[WARN] [1783986125.066548010] [global_localization]: No odometry yet, skip odom transform in crop
[INFO] [1783986125.071953003] [global_localization]: ICP input: scan=5075 pts, map_FOV=84869 pts
[INFO] [1783986125.205563833] [global_localization]: ICP fitness: coarse=1.000, fine=0.967, threshold=0.9
[INFO] [1783986125.206101493] [global_localization]: map→odom: x=0.356 y=-0.618 z=0.163
[WARN] [1783986125.566437292] [global_localization]: No odometry yet, skip odom transform in crop
[INFO] [1783986125.572045713] [global_localization]: ICP input: scan=5075 pts, map_FOV=84869 pts
[INFO] [1783986125.749988865] [global_localization]: ICP fitness: coarse=1.000, fine=0.967, threshold=0.9
[INFO] [1783986125.750491452] [global_localization]: map→odom: x=0.356 y=-0.618 z=0.163
[WARN] [1783986126.066566028] [global_localization]: No odometry yet, skip odom transform in crop
[INFO] [1783986126.072295672] [global_localization]: ICP input: scan=5075 pts, map_FOV=84869 pts
[INFO] [1783986126.237602311] [global_localization]: ICP fitness: coarse=1.000, fine=0.967, threshold=0.9
[INFO] [1783986126.238290947] [global_localization]: map→odom: x=0.356 y=-0.618 z=0.163
[WARN] [1783986126.566465515] [global_localization]: No odometry yet, skip odom transform in crop
[INFO] [1783986126.571638774] [global_localization]: ICP input: scan=5075 pts, map_FOV=84869 pts
[INFO] [1783986126.703447036] [global_localization]: ICP fitness: coarse=1.000, fine=0.967, threshold=0.9
[INFO] [1783986126.703988565] [global_localization]: map→odom: x=0.356 y=-0.618 z=0.163
[WARN] [1783986127.066393280] [global_localization]: No odometry yet, skip odom transform in crop
[INFO] [1783986127.075443126] [global_localization]: ICP input: scan=5075 pts, map_FOV=84869 pts
[INFO] [1783986127.233053150] [global_localization]: ICP fitness: coarse=1.000, fine=0.967, threshold=0.9
[INFO] [1783986127.233560412] [global_localization]: map→odom: x=0.356 y=-0.618 z=0.163
[WARN] [1783986127.566564756] [global_localization]: No odometry yet, skip odom transform in crop
[INFO] [1783986127.571737928] [global_localization]: ICP input: scan=5075 pts, map_FOV=84869 pts
[INFO] [1783986127.721131320] [global_localization]: ICP fitness: coarse=1.000, fine=0.967, threshold=0.9
[INFO] [1783986127.721641385] [global_localization]: map→odom: x=0.356 y=-0.618 z=0.163
[WARN] [1783986128.066538858] [global_localization]: No odometry yet, skip odom transform in crop
[INFO] [1783986128.071448450] [global_localization]: ICP input: scan=5075 pts, map_FOV=84869 pts
[INFO] [1783986128.238423558] [global_localization]: ICP fitness: coarse=1.000, fine=0.967, threshold=0.9
[INFO] [1783986128.238915592] [global_localization]: map→odom: x=0.356 y=-0.618 z=0.163
[WARN] [1783986128.566280654] [global_localization]: No odometry yet, skip odom transform in crop
[INFO] [1783986128.571342011] [global_localization]: ICP input: scan=5075 pts, map_FOV=84869 pts
[INFO] [1783986128.714233746] [global_localization]: ICP fitness: coarse=1.000, fine=0.967, threshold=0.9
[INFO] [1783986128.714783439] [global_localization]: map→odom: x=0.356 y=-0.618 z=0.163
[WARN] [1783986129.066440459] [global_localization]: No odometry yet, skip odom transform in crop
[INFO] [1783986129.071803015] [global_localization]: ICP input: scan=5075 pts, map_FOV=84869 pts
[INFO] [1783986129.207283149] [global_localization]: ICP fitness: coarse=1.000, fine=0.967, threshold=0.9
[INFO] [1783986129.207907123] [global_localization]: map→odom: x=0.356 y=-0.618 z=0.163
[WARN] [1783986129.566539936] [global_localization]: No odometry yet, skip odom transform in crop
[INFO] [1783986129.572521018] [global_localization]: ICP input: scan=5075 pts, map_FOV=84869 pts
[INFO] [1783986129.721545468] [global_localization]: ICP fitness: coarse=1.000, fine=0.967, threshold=0.9
[INFO] [1783986129.722129683] [global_localization]: map→odom: x=0.356 y=-0.618 z=0.163
[WARN] [1783986130.066562050] [global_localization]: No odometry yet, skip odom transform in crop
[INFO] [1783986130.073428538] [global_localization]: ICP input: scan=5075 pts, map_FOV=84869 pts
[INFO] [1783986130.212537209] [global_localization]: ICP fitness: coarse=1.000, fine=0.967, threshold=0.9
[INFO] [1783986130.213050953] [global_localization]: map→odom: x=0.356 y=-0.618 z=0.163
[WARN] [1783986130.566332830] [global_localization]: No odometry yet, skip odom transform in crop
[INFO] [1783986130.571282951] [global_localization]: ICP input: scan=5075 pts, map_FOV=84869 pts
[INFO] [1783986130.704565315] [global_localization]: ICP fitness: coarse=1.000, fine=0.967, threshold=0.9
[INFO] [1783986130.705009300] [global_localization]: map→odom: x=0.356 y=-0.618 z=0.163
[WARN] [1783986131.066407013] [global_localization]: No odometry yet, skip odom transform in crop
[INFO] [1783986131.071989519] [global_localization]: ICP input: scan=5075 pts, map_FOV=84869 pts
[INFO] [1783986131.217065056] [global_localization]: ICP fitness: coarse=1.000, fine=0.967, threshold=0.9
[INFO] [1783986131.217583054] [global_localization]: map→odom: x=0.356 y=-0.618 z=0.163
[WARN] [1783986131.566505832] [global_localization]: No odometry yet, skip odom transform in crop
[INFO] [1783986131.572085251] [global_localization]: ICP input: scan=5075 pts, map_FOV=84869 pts
[INFO] [1783986131.720637136] [global_localization]: ICP fitness: coarse=1.000, fine=0.967, threshold=0.9
[INFO] [1783986131.721333871] [global_localization]: map→odom: x=0.356 y=-0.618 z=0.163
[WARN] [1783986132.066620431] [global_localization]: No odometry yet, skip odom transform in crop
[INFO] [1783986132.071585270] [global_localization]: ICP input: scan=5075 pts, map_FOV=84869 pts
[INFO] [1783986132.208647672] [global_localization]: ICP fitness: coarse=1.000, fine=0.967, threshold=0.9
[INFO] [1783986132.209159265] [global_localization]: map→odom: x=0.356 y=-0.618 z=0.163
[WARN] [1783986132.566365089] [global_localization]: No odometry yet, skip odom transform in crop
[INFO] [1783986132.571001258] [global_localization]: ICP input: scan=5075 pts, map_FOV=84869 pts
[INFO] [1783986132.724198237] [global_localization]: ICP fitness: coarse=1.000, fine=0.967, threshold=0.9
[INFO] [1783986132.724603392] [global_localization]: map→odom: x=0.356 y=-0.618 z=0.163
[WARN] [1783986133.066464135] [global_localization]: No odometry yet, skip odom transform in crop
[INFO] [1783986133.072688986] [global_localization]: ICP input: scan=5075 pts, map_FOV=84869 pts
[INFO] [1783986133.224095707] [global_localization]: ICP fitness: coarse=1.000, fine=0.967, threshold=0.9
[INFO] [1783986133.224595835] [global_localization]: map→odom: x=0.356 y=-0.618 z=0.163
[WARN] [1783986133.566468645] [global_localization]: No odometry yet, skip odom transform in crop
[INFO] [1783986133.571531010] [global_localization]: ICP input: scan=5075 pts, map_FOV=84869 pts
[INFO] [1783986133.703546003] [global_localization]: ICP fitness: coarse=1.000, fine=0.967, threshold=0.9
[INFO] [1783986133.704135872] [global_localization]: map→odom: x=0.356 y=-0.618 z=0.163
[WARN] [1783986134.066457836] [global_localization]: No odometry yet, skip odom transform in crop
[INFO] [1783986134.071461047] [global_localization]: ICP input: scan=5075 pts, map_FOV=84869 pts
[INFO] [1783986134.208736841] [global_localization]: ICP fitness: coarse=1.000, fine=0.967, threshold=0.9
[INFO] [1783986134.209256000] [global_localization]: map→odom: x=0.356 y=-0.618 z=0.163
[WARN] [1783986134.566272800] [global_localization]: No odometry yet, skip odom transform in crop
[INFO] [1783986134.573883321] [global_localization]: ICP input: scan=5075 pts, map_FOV=84869 pts
[INFO] [1783986134.715825082] [global_localization]: ICP fitness: coarse=1.000, fine=0.967, threshold=0.9
[INFO] [1783986134.716359228] [global_localization]: map→odom: x=0.356 y=-0.618 z=0.163
[WARN] [1783986135.066430008] [global_localization]: No odometry yet, skip odom transform in crop
[INFO] [1783986135.071994181] [global_localization]: ICP input: scan=5075 pts, map_FOV=84869 pts
[INFO] [1783986135.218459659] [global_localization]: ICP fitness: coarse=1.000, fine=0.967, threshold=0.9
[INFO] [1783986135.218933566] [global_localization]: map→odom: x=0.356 y=-0.618 z=0.163
[WARN] [1783986135.566463941] [global_localization]: No odometry yet, skip odom transform in crop
[INFO] [1783986135.571732319] [global_localization]: ICP input: scan=5075 pts, map_FOV=84869 pts
[INFO] [1783986135.744742979] [global_localization]: ICP fitness: coarse=1.000, fine=0.967, threshold=0.9
[INFO] [1783986135.745280441] [global_localization]: map→odom: x=0.356 y=-0.618 z=0.163
[WARN] [1783986136.066524564] [global_localization]: No odometry yet, skip odom transform in crop
[INFO] [1783986136.071808360] [global_localization]: ICP input: scan=5075 pts, map_FOV=84869 pts
[INFO] [1783986136.230445150] [global_localization]: ICP fitness: coarse=1.000, fine=0.967, threshold=0.9
[INFO] [1783986136.231145781] [global_localization]: map→odom: x=0.356 y=-0.618 z=0.163
[WARN] [1783986136.566493631] [global_localization]: No odometry yet, skip odom transform in crop
[INFO] [1783986136.571549481] [global_localization]: ICP input: scan=5075 pts, map_FOV=84869 pts
[INFO] [1783986136.708634343] [global_localization]: ICP fitness: coarse=1.000, fine=0.967, threshold=0.9
[INFO] [1783986136.709160912] [global_localization]: map→odom: x=0.356 y=-0.618 z=0.163
[WARN] [1783986137.066423412] [global_localization]: No odometry yet, skip odom transform in crop
[INFO] [1783986137.071979849] [global_localization]: ICP input: scan=5075 pts, map_FOV=84869 pts
[INFO] [1783986137.237455533] [global_localization]: ICP fitness: coarse=1.000, fine=0.967, threshold=0.9
[INFO] [1783986137.238176807] [global_localization]: map→odom: x=0.356 y=-0.618 z=0.163
[WARN] [1783986137.566572801] [global_localization]: No odometry yet, skip odom transform in crop
[INFO] [1783986137.573109032] [global_localization]: ICP input: scan=5075 pts, map_FOV=84869 pts
[INFO] [1783986137.714114631] [global_localization]: ICP fitness: coarse=1.000, fine=0.967, threshold=0.9
[INFO] [1783986137.714568637] [global_localization]: map→odom: x=0.356 y=-0.618 z=0.163
[WARN] [1783986138.066523487] [global_localization]: No odometry yet, skip odom transform in crop
[INFO] [1783986138.071851850] [global_localization]: ICP input: scan=5075 pts, map_FOV=84869 pts
[INFO] [1783986138.236686093] [global_localization]: ICP fitness: coarse=1.000, fine=0.967, threshold=0.9
[INFO] [1783986138.237234066] [global_localization]: map→odom: x=0.356 y=-0.618 z=0.163
[WARN] [1783986138.566533958] [global_localization]: No odometry yet, skip odom transform in crop
[INFO] [1783986138.572313255] [global_localization]: ICP input: scan=5075 pts, map_FOV=84869 pts
[INFO] [1783986138.737489689] [global_localization]: ICP fitness: coarse=1.000, fine=0.967, threshold=0.9
[INFO] [1783986138.738179630] [global_localization]: map→odom: x=0.356 y=-0.618 z=0.163
[WARN] [1783986139.066462893] [global_localization]: No odometry yet, skip odom transform in crop
[INFO] [1783986139.071073040] [global_localization]: ICP input: scan=5075 pts, map_FOV=84869 pts
[INFO] [1783986139.224894265] [global_localization]: ICP fitness: coarse=1.000, fine=0.967, threshold=0.9
[INFO] [1783986139.225570351] [global_localization]: map→odom: x=0.356 y=-0.618 z=0.163
[WARN] [1783986139.566550169] [global_localization]: No odometry yet, skip odom transform in crop
[INFO] [1783986139.571920630] [global_localization]: ICP input: scan=5075 pts, map_FOV=84869 pts
[INFO] [1783986139.732349936] [global_localization]: ICP fitness: coarse=1.000, fine=0.967, threshold=0.9
[INFO] [1783986139.732799688] [global_localization]: map→odom: x=0.356 y=-0.618 z=0.163
[WARN] [1783986140.066531127] [global_localization]: No odometry yet, skip odom transform in crop
[INFO] [1783986140.075409472] [global_localization]: ICP input: scan=5075 pts, map_FOV=84869 pts
[INFO] [1783986140.219033675] [global_localization]: ICP fitness: coarse=1.000, fine=0.967, threshold=0.9
[INFO] [1783986140.219552718] [global_localization]: map→odom: x=0.356 y=-0.618 z=0.163
[WARN] [1783986140.566594489] [global_localization]: No odometry yet, skip odom transform in crop
[INFO] [1783986140.572650190] [global_localization]: ICP input: scan=5075 pts, map_FOV=84869 pts
[INFO] [1783986140.754541856] [global_localization]: ICP fitness: coarse=1.000, fine=0.967, threshold=0.9
[INFO] [1783986140.755083796] [global_localization]: map→odom: x=0.356 y=-0.618 z=0.163
[WARN] [1783986141.066484733] [global_localization]: No odometry yet, skip odom transform in crop
[INFO] [1783986141.072692258] [global_localization]: ICP input: scan=5075 pts, map_FOV=84869 pts
[INFO] [1783986141.232206135] [global_localization]: ICP fitness: coarse=1.000, fine=0.967, threshold=0.9
[INFO] [1783986141.233047844] [global_localization]: map→odom: x=0.356 y=-0.618 z=0.163
[WARN] [1783986141.566517490] [global_localization]: No odometry yet, skip odom transform in crop
[INFO] [1783986141.572063877] [global_localization]: ICP input: scan=5075 pts, map_FOV=84869 pts
[INFO] [1783986141.753623429] [global_localization]: ICP fitness: coarse=1.000, fine=0.967, threshold=0.9
[INFO] [1783986141.754157949] [global_localization]: map→odom: x=0.356 y=-0.618 z=0.163
[WARN] [1783986142.066391091] [global_localization]: No odometry yet, skip odom transform in crop
[INFO] [1783986142.071607180] [global_localization]: ICP input: scan=5075 pts, map_FOV=84869 pts
[INFO] [1783986142.249744181] [global_localization]: ICP fitness: coarse=1.000, fine=0.967, threshold=0.9
[INFO] [1783986142.250328971] [global_localization]: map→odom: x=0.356 y=-0.618 z=0.163
[WARN] [1783986142.566412190] [global_localization]: No odometry yet, skip odom transform in crop
[INFO] [1783986142.571284909] [global_localization]: ICP input: scan=5075 pts, map_FOV=84869 pts
[INFO] [1783986142.704867612] [global_localization]: ICP fitness: coarse=1.000, fine=0.967, threshold=0.9
[INFO] [1783986142.705466871] [global_localization]: map→odom: x=0.356 y=-0.618 z=0.163
[WARN] [1783986143.066365143] [global_localization]: No odometry yet, skip odom transform in crop
[INFO] [1783986143.075065147] [global_localization]: ICP input: scan=5075 pts, map_FOV=84869 pts
[INFO] [1783986143.221563214] [global_localization]: ICP fitness: coarse=1.000, fine=0.967, threshold=0.9
[INFO] [1783986143.222073049] [global_localization]: map→odom: x=0.356 y=-0.618 z=0.163
[WARN] [1783986143.566385613] [global_localization]: No odometry yet, skip odom transform in crop
[INFO] [1783986143.571393051] [global_localization]: ICP input: scan=5075 pts, map_FOV=84869 pts
[INFO] [1783986143.703868151] [global_localization]: ICP fitness: coarse=1.000, fine=0.967, threshold=0.9
[INFO] [1783986143.704291995] [global_localization]: map→odom: x=0.356 y=-0.618 z=0.163
[WARN] [1783986144.066484479] [global_localization]: No odometry yet, skip odom transform in crop
[INFO] [1783986144.071456072] [global_localization]: ICP input: scan=5075 pts, map_FOV=84869 pts
[INFO] [1783986144.207916868] [global_localization]: ICP fitness: coarse=1.000, fine=0.967, threshold=0.9
[INFO] [1783986144.208495981] [global_localization]: map→odom: x=0.356 y=-0.618 z=0.163
[WARN] [1783986144.566353428] [global_localization]: No odometry yet, skip odom transform in crop
[INFO] [1783986144.571429269] [global_localization]: ICP input: scan=5075 pts, map_FOV=84869 pts
[INFO] [1783986144.710943100] [global_localization]: ICP fitness: coarse=1.000, fine=0.967, threshold=0.9
[INFO] [1783986144.711460751] [global_localization]: map→odom: x=0.356 y=-0.618 z=0.163
[WARN] [1783986145.066450354] [global_localization]: No odometry yet, skip odom transform in crop
[INFO] [1783986145.071513710] [global_localization]: ICP input: scan=5075 pts, map_FOV=84869 pts
[INFO] [1783986145.212198211] [global_localization]: ICP fitness: coarse=1.000, fine=0.967, threshold=0.9
[INFO] [1783986145.212712406] [global_localization]: map→odom: x=0.356 y=-0.618 z=0.163
[WARN] [1783986145.566439985] [global_localization]: No odometry yet, skip odom transform in crop
[INFO] [1783986145.571167971] [global_localization]: ICP input: scan=5075 pts, map_FOV=84869 pts
[INFO] [1783986145.723197725] [global_localization]: ICP fitness: coarse=1.000, fine=0.967, threshold=0.9
[INFO] [1783986145.723609212] [global_localization]: map→odom: x=0.356 y=-0.618 z=0.163
[WARN] [1783986146.066388752] [global_localization]: No odometry yet, skip odom transform in crop
[INFO] [1783986146.071533924] [global_localization]: ICP input: scan=5075 pts, map_FOV=84869 pts
[INFO] [1783986146.234570048] [global_localization]: ICP fitness: coarse=1.000, fine=0.967, threshold=0.9
[INFO] [1783986146.235130291] [global_localization]: map→odom: x=0.356 y=-0.618 z=0.163
[WARN] [1783986146.566493532] [global_localization]: No odometry yet, skip odom transform in crop
[INFO] [1783986146.571348335] [global_localization]: ICP input: scan=5075 pts, map_FOV=84869 pts
[INFO] [1783986146.725490135] [global_localization]: ICP fitness: coarse=1.000, fine=0.967, threshold=0.9
[INFO] [1783986146.726214092] [global_localization]: map→odom: x=0.356 y=-0.618 z=0.163
[WARN] [1783986147.066379388] [global_localization]: No odometry yet, skip odom transform in crop
[INFO] [1783986147.071454771] [global_localization]: ICP input: scan=5075 pts, map_FOV=84869 pts
[INFO] [1783986147.223249592] [global_localization]: ICP fitness: coarse=1.000, fine=0.967, threshold=0.9
[INFO] [1783986147.223784554] [global_localization]: map→odom: x=0.356 y=-0.618 z=0.163
[WARN] [1783986147.566499140] [global_localization]: No odometry yet, skip odom transform in crop
[INFO] [1783986147.571919892] [global_localization]: ICP input: scan=5075 pts, map_FOV=84869 pts
[INFO] [1783986147.735793189] [global_localization]: ICP fitness: coarse=1.000, fine=0.967, threshold=0.9
[INFO] [1783986147.736466912] [global_localization]: map→odom: x=0.356 y=-0.618 z=0.163
[WARN] [1783986148.066438387] [global_localization]: No odometry yet, skip odom transform in crop
[INFO] [1783986148.071568873] [global_localization]: ICP input: scan=5075 pts, map_FOV=84869 pts
[INFO] [1783986148.226642655] [global_localization]: ICP fitness: coarse=1.000, fine=0.967, threshold=0.9
[INFO] [1783986148.227159168] [global_localization]: map→odom: x=0.356 y=-0.618 z=0.163
[WARN] [1783986148.566399932] [global_localization]: No odometry yet, skip odom transform in crop
[INFO] [1783986148.570753668] [global_localization]: ICP input: scan=5075 pts, map_FOV=84869 pts
[INFO] [1783986148.728644207] [global_localization]: ICP fitness: coarse=1.000, fine=0.967, threshold=0.9
[INFO] [1783986148.729113092] [global_localization]: map→odom: x=0.356 y=-0.618 z=0.163
[WARN] [1783986149.066495120] [global_localization]: No odometry yet, skip odom transform in crop
[INFO] [1783986149.071415993] [global_localization]: ICP input: scan=5075 pts, map_FOV=84869 pts
[INFO] [1783986149.210590165] [global_localization]: ICP fitness: coarse=1.000, fine=0.967, threshold=0.9
[INFO] [1783986149.211086604] [global_localization]: map→odom: x=0.356 y=-0.618 z=0.163
[WARN] [1783986149.566487656] [global_localization]: No odometry yet, skip odom transform in crop
[INFO] [1783986149.571557546] [global_localization]: ICP input: scan=5075 pts, map_FOV=84869 pts
[INFO] [1783986149.748045053] [global_localization]: ICP fitness: coarse=1.000, fine=0.967, threshold=0.9
[INFO] [1783986149.748465992] [global_localization]: map→odom: x=0.356 y=-0.618 z=0.163
[WARN] [1783986150.066382956] [global_localization]: No odometry yet, skip odom transform in crop
[INFO] [1783986150.071185416] [global_localization]: ICP input: scan=5075 pts, map_FOV=84869 pts
[INFO] [1783986150.206405444] [global_localization]: ICP fitness: coarse=1.000, fine=0.967, threshold=0.9
[INFO] [1783986150.206920628] [global_localization]: map→odom: x=0.356 y=-0.618 z=0.163
[WARN] [1783986150.566487244] [global_localization]: No odometry yet, skip odom transform in crop
[INFO] [1783986150.572660634] [global_localization]: ICP input: scan=5075 pts, map_FOV=84869 pts
[INFO] [1783986150.731662792] [global_localization]: ICP fitness: coarse=1.000, fine=0.967, threshold=0.9
[INFO] [1783986150.732108728] [global_localization]: map→odom: x=0.356 y=-0.618 z=0.163
[WARN] [1783986151.066393335] [global_localization]: No odometry yet, skip odom transform in crop
[INFO] [1783986151.072326254] [global_localization]: ICP input: scan=5075 pts, map_FOV=84869 pts
[INFO] [1783986151.216753537] [global_localization]: ICP fitness: coarse=1.000, fine=0.967, threshold=0.9
[INFO] [1783986151.217174998] [global_localization]: map→odom: x=0.356 y=-0.618 z=0.163
[WARN] [1783986151.566479050] [global_localization]: No odometry yet, skip odom transform in crop
[INFO] [1783986151.574572186] [global_localization]: ICP input: scan=5075 pts, map_FOV=84869 pts
[INFO] [1783986151.740452580] [global_localization]: ICP fitness: coarse=1.000, fine=0.967, threshold=0.9
[INFO] [1783986151.740887888] [global_localization]: map→odom: x=0.356 y=-0.618 z=0.163
[WARN] [1783986152.066222718] [global_localization]: No odometry yet, skip odom transform in crop
[INFO] [1783986152.072415354] [global_localization]: ICP input: scan=5075 pts, map_FOV=84869 pts
[INFO] [1783986152.217590878] [global_localization]: ICP fitness: coarse=1.000, fine=0.967, threshold=0.9
[INFO] [1783986152.218148741] [global_localization]: map→odom: x=0.356 y=-0.618 z=0.163
[WARN] [1783986152.566491135] [global_localization]: No odometry yet, skip odom transform in crop
[INFO] [1783986152.571459407] [global_localization]: ICP input: scan=5075 pts, map_FOV=84869 pts
[INFO] [1783986152.709098862] [global_localization]: ICP fitness: coarse=1.000, fine=0.967, threshold=0.9
[INFO] [1783986152.709545430] [global_localization]: map→odom: x=0.356 y=-0.618 z=0.163
[WARN] [1783986153.066425819] [global_localization]: No odometry yet, skip odom transform in crop
[INFO] [1783986153.071137603] [global_localization]: ICP input: scan=5075 pts, map_FOV=84869 pts
[INFO] [1783986153.248416254] [global_localization]: ICP fitness: coarse=1.000, fine=0.967, threshold=0.9
[INFO] [1783986153.248867412] [global_localization]: map→odom: x=0.356 y=-0.618 z=0.163
[WARN] [1783986153.566405447] [global_localization]: No odometry yet, skip odom transform in crop
[INFO] [1783986153.572030972] [global_localization]: ICP input: scan=5075 pts, map_FOV=84869 pts
[INFO] [1783986153.724007016] [global_localization]: ICP fitness: coarse=1.000, fine=0.967, threshold=0.9
[INFO] [1783986153.724461761] [global_localization]: map→odom: x=0.356 y=-0.618 z=0.163
[WARN] [1783986154.066330158] [global_localization]: No odometry yet, skip odom transform in crop
[INFO] [1783986154.071847321] [global_localization]: ICP input: scan=5075 pts, map_FOV=84869 pts
[INFO] [1783986154.203779457] [global_localization]: ICP fitness: coarse=1.000, fine=0.967, threshold=0.9
[INFO] [1783986154.204317688] [global_localization]: map→odom: x=0.356 y=-0.618 z=0.163
[WARN] [1783986154.566481762] [global_localization]: No odometry yet, skip odom transform in crop
[INFO] [1783986154.572068580] [global_localization]: ICP input: scan=5075 pts, map_FOV=84869 pts
[INFO] [1783986154.707745617] [global_localization]: ICP fitness: coarse=1.000, fine=0.967, threshold=0.9
[INFO] [1783986154.708220197] [global_localization]: map→odom: x=0.356 y=-0.618 z=0.163
[WARN] [1783986155.066421258] [global_localization]: No odometry yet, skip odom transform in crop
[INFO] [1783986155.071036786] [global_localization]: ICP input: scan=5075 pts, map_FOV=84869 pts
[INFO] [1783986155.217208330] [global_localization]: ICP fitness: coarse=1.000, fine=0.967, threshold=0.9
[INFO] [1783986155.217747196] [global_localization]: map→odom: x=0.356 y=-0.618 z=0.163
[WARN] [1783986155.566506492] [global_localization]: No odometry yet, skip odom transform in crop
[INFO] [1783986155.571504009] [global_localization]: ICP input: scan=5075 pts, map_FOV=84869 pts
[INFO] [1783986155.705770276] [global_localization]: ICP fitness: coarse=1.000, fine=0.967, threshold=0.9
[INFO] [1783986155.706211743] [global_localization]: map→odom: x=0.356 y=-0.618 z=0.163
[WARN] [1783986156.066386249] [global_localization]: No odometry yet, skip odom transform in crop
[INFO] [1783986156.071352044] [global_localization]: ICP input: scan=5075 pts, map_FOV=84869 pts
[INFO] [1783986156.201142154] [global_localization]: ICP fitness: coarse=1.000, fine=0.967, threshold=0.9
[INFO] [1783986156.201650987] [global_localization]: map→odom: x=0.356 y=-0.618 z=0.163
[WARN] [1783986156.566319126] [global_localization]: No odometry yet, skip odom transform in crop
[INFO] [1783986156.571216675] [global_localization]: ICP input: scan=5075 pts, map_FOV=84869 pts
[INFO] [1783986156.705594085] [global_localization]: ICP fitness: coarse=1.000, fine=0.967, threshold=0.9
[INFO] [1783986156.706074477] [global_localization]: map→odom: x=0.356 y=-0.618 z=0.163
[WARN] [1783986157.066382963] [global_localization]: No odometry yet, skip odom transform in crop
[INFO] [1783986157.071436953] [global_localization]: ICP input: scan=5075 pts, map_FOV=84869 pts
[INFO] [1783986157.227377471] [global_localization]: ICP fitness: coarse=1.000, fine=0.967, threshold=0.9
[INFO] [1783986157.227917154] [global_localization]: map→odom: x=0.356 y=-0.618 z=0.163
[WARN] [1783986157.566427274] [global_localization]: No odometry yet, skip odom transform in crop
[INFO] [1783986157.571564491] [global_localization]: ICP input: scan=5075 pts, map_FOV=84869 pts
[INFO] [1783986157.738197820] [global_localization]: ICP fitness: coarse=1.000, fine=0.967, threshold=0.9
[INFO] [1783986157.738686025] [global_localization]: map→odom: x=0.356 y=-0.618 z=0.163
[WARN] [1783986158.066500084] [global_localization]: No odometry yet, skip odom transform in crop
[INFO] [1783986158.071108265] [global_localization]: ICP input: scan=5075 pts, map_FOV=84869 pts
[INFO] [1783986158.267313084] [global_localization]: ICP fitness: coarse=1.000, fine=0.967, threshold=0.9
[INFO] [1783986158.267749755] [global_localization]: map→odom: x=0.356 y=-0.618 z=0.163
[WARN] [1783986158.566568308] [global_localization]: No odometry yet, skip odom transform in crop
[INFO] [1783986158.572489178] [global_localization]: ICP input: scan=5075 pts, map_FOV=84869 pts
[INFO] [1783986158.708924376] [global_localization]: ICP fitness: coarse=1.000, fine=0.967, threshold=0.9
[INFO] [1783986158.709445964] [global_localization]: map→odom: x=0.356 y=-0.618 z=0.163
[WARN] [1783986159.066508694] [global_localization]: No odometry yet, skip odom transform in crop
[INFO] [1783986159.071583040] [global_localization]: ICP input: scan=5075 pts, map_FOV=84869 pts
[INFO] [1783986159.259229148] [global_localization]: ICP fitness: coarse=1.000, fine=0.967, threshold=0.9
[INFO] [1783986159.259755893] [global_localization]: map→odom: x=0.356 y=-0.618 z=0.163
[WARN] [1783986159.566496511] [global_localization]: No odometry yet, skip odom transform in crop
[INFO] [1783986159.571764141] [global_localization]: ICP input: scan=5075 pts, map_FOV=84869 pts
[INFO] [1783986159.706941437] [global_localization]: ICP fitness: coarse=1.000, fine=0.967, threshold=0.9
[INFO] [1783986159.707477363] [global_localization]: map→odom: x=0.356 y=-0.618 z=0.163
[WARN] [1783986160.066548262] [global_localization]: No odometry yet, skip odom transform in crop
[INFO] [1783986160.072036609] [global_localization]: ICP input: scan=5075 pts, map_FOV=84869 pts
[INFO] [1783986160.208611288] [global_localization]: ICP fitness: coarse=1.000, fine=0.967, threshold=0.9
[INFO] [1783986160.209136367] [global_localization]: map→odom: x=0.356 y=-0.618 z=0.163
[WARN] [1783986160.566536939] [global_localization]: No odometry yet, skip odom transform in crop
[INFO] [1783986160.571681678] [global_localization]: ICP input: scan=5075 pts, map_FOV=84869 pts
[INFO] [1783986160.751643896] [global_localization]: ICP fitness: coarse=1.000, fine=0.967, threshold=0.9
[INFO] [1783986160.752339965] [global_localization]: map→odom: x=0.356 y=-0.618 z=0.163
[WARN] [1783986161.066572154] [global_localization]: No odometry yet, skip odom transform in crop
[INFO] [1783986161.072191393] [global_localization]: ICP input: scan=5075 pts, map_FOV=84869 pts
[INFO] [1783986161.215624286] [global_localization]: ICP fitness: coarse=1.000, fine=0.967, threshold=0.9
[INFO] [1783986161.216176267] [global_localization]: map→odom: x=0.356 y=-0.618 z=0.163
[WARN] [1783986161.566622809] [global_localization]: No odometry yet, skip odom transform in crop
[INFO] [1783986161.572740582] [global_localization]: ICP input: scan=5075 pts, map_FOV=84869 pts
[INFO] [1783986161.743805073] [global_localization]: ICP fitness: coarse=1.000, fine=0.967, threshold=0.9
[INFO] [1783986161.744482465] [global_localization]: map→odom: x=0.356 y=-0.618 z=0.163
[WARN] [1783986162.066440831] [global_localization]: No odometry yet, skip odom transform in crop
[INFO] [1783986162.071135258] [global_localization]: ICP input: scan=5075 pts, map_FOV=84869 pts
[INFO] [1783986162.210882049] [global_localization]: ICP fitness: coarse=1.000, fine=0.967, threshold=0.9
[INFO] [1783986162.211580216] [global_localization]: map→odom: x=0.356 y=-0.618 z=0.163
[WARN] [1783986162.566482157] [global_localization]: No odometry yet, skip odom transform in crop
[INFO] [1783986162.571531038] [global_localization]: ICP input: scan=5075 pts, map_FOV=84869 pts
[INFO] [1783986162.714980924] [global_localization]: ICP fitness: coarse=1.000, fine=0.967, threshold=0.9
[INFO] [1783986162.715510848] [global_localization]: map→odom: x=0.356 y=-0.618 z=0.163
[WARN] [1783986163.066418467] [global_localization]: No odometry yet, skip odom transform in crop
[INFO] [1783986163.071387855] [global_localization]: ICP input: scan=5075 pts, map_FOV=84869 pts
[INFO] [1783986163.251750385] [global_localization]: ICP fitness: coarse=1.000, fine=0.967, threshold=0.9
[INFO] [1783986163.252274375] [global_localization]: map→odom: x=0.356 y=-0.618 z=0.163
[WARN] [1783986163.566435336] [global_localization]: No odometry yet, skip odom transform in crop
[INFO] [1783986163.572075730] [global_localization]: ICP input: scan=5075 pts, map_FOV=84869 pts
[INFO] [1783986163.728532391] [global_localization]: ICP fitness: coarse=1.000, fine=0.967, threshold=0.9
[INFO] [1783986163.729098180] [global_localization]: map→odom: x=0.356 y=-0.618 z=0.163
[WARN] [1783986164.066518700] [global_localization]: No odometry yet, skip odom transform in crop
[INFO] [1783986164.076290983] [global_localization]: ICP input: scan=5075 pts, map_FOV=84869 pts
[INFO] [1783986164.253941412] [global_localization]: ICP fitness: coarse=1.000, fine=0.967, threshold=0.9
[INFO] [1783986164.254440276] [global_localization]: map→odom: x=0.356 y=-0.618 z=0.163
[WARN] [1783986164.566482814] [global_localization]: No odometry yet, skip odom transform in crop
[INFO] [1783986164.571923579] [global_localization]: ICP input: scan=5075 pts, map_FOV=84869 pts
[INFO] [1783986164.727521562] [global_localization]: ICP fitness: coarse=1.000, fine=0.967, threshold=0.9
[INFO] [1783986164.728057127] [global_localization]: map→odom: x=0.356 y=-0.618 z=0.163
[WARN] [1783986165.066447096] [global_localization]: No odometry yet, skip odom transform in crop
[INFO] [1783986165.071208066] [global_localization]: ICP input: scan=5075 pts, map_FOV=84869 pts
[INFO] [1783986165.210948488] [global_localization]: ICP fitness: coarse=1.000, fine=0.967, threshold=0.9
[INFO] [1783986165.211461296] [global_localization]: map→odom: x=0.356 y=-0.618 z=0.163
[WARN] [1783986165.566316738] [global_localization]: No odometry yet, skip odom transform in crop
[INFO] [1783986165.571184235] [global_localization]: ICP input: scan=5075 pts, map_FOV=84869 pts
[INFO] [1783986165.745760730] [global_localization]: ICP fitness: coarse=1.000, fine=0.967, threshold=0.9
[INFO] [1783986165.746292084] [global_localization]: map→odom: x=0.356 y=-0.618 z=0.163
[WARN] [1783986166.066424482] [global_localization]: No odometry yet, skip odom transform in crop
[INFO] [1783986166.071440574] [global_localization]: ICP input: scan=5075 pts, map_FOV=84869 pts
[INFO] [1783986166.256948855] [global_localization]: ICP fitness: coarse=1.000, fine=0.967, threshold=0.9
[INFO] [1783986166.257382304] [global_localization]: map→odom: x=0.356 y=-0.618 z=0.163
[WARN] [1783986166.566827520] [global_localization]: No odometry yet, skip odom transform in crop
[INFO] [1783986166.573395650] [global_localization]: ICP input: scan=5075 pts, map_FOV=84869 pts
[INFO] [1783986166.749251756] [global_localization]: ICP fitness: coarse=1.000, fine=0.967, threshold=0.9
[INFO] [1783986166.749677619] [global_localization]: map→odom: x=0.356 y=-0.618 z=0.163
[WARN] [1783986167.066462686] [global_localization]: No odometry yet, skip odom transform in crop
[INFO] [1783986167.070895761] [global_localization]: ICP input: scan=5075 pts, map_FOV=84869 pts
[INFO] [1783986167.207545916] [global_localization]: ICP fitness: coarse=1.000, fine=0.967, threshold=0.9
[INFO] [1783986167.207983666] [global_localization]: map→odom: x=0.356 y=-0.618 z=0.163
[WARN] [1783986167.566549084] [global_localization]: No odometry yet, skip odom transform in crop
[INFO] [1783986167.572234154] [global_localization]: ICP input: scan=5075 pts, map_FOV=84869 pts
[INFO] [1783986167.714791098] [global_localization]: ICP fitness: coarse=1.000, fine=0.967, threshold=0.9
[INFO] [1783986167.715285069] [global_localization]: map→odom: x=0.356 y=-0.618 z=0.163
[WARN] [1783986168.066460968] [global_localization]: No odometry yet, skip odom transform in crop
[INFO] [1783986168.076727879] [global_localization]: ICP input: scan=5075 pts, map_FOV=84869 pts
[INFO] [1783986168.221420823] [global_localization]: ICP fitness: coarse=1.000, fine=0.967, threshold=0.9
[INFO] [1783986168.221932006] [global_localization]: map→odom: x=0.356 y=-0.618 z=0.163
[WARN] [1783986168.566487823] [global_localization]: No odometry yet, skip odom transform in crop
[INFO] [1783986168.571781997] [global_localization]: ICP input: scan=5075 pts, map_FOV=84869 pts
[INFO] [1783986168.720070572] [global_localization]: ICP fitness: coarse=1.000, fine=0.967, threshold=0.9
[INFO] [1783986168.720574290] [global_localization]: map→odom: x=0.356 y=-0.618 z=0.163
[WARN] [1783986169.066527584] [global_localization]: No odometry yet, skip odom transform in crop
[INFO] [1783986169.072292675] [global_localization]: ICP input: scan=5075 pts, map_FOV=84869 pts
[INFO] [1783986169.217867453] [global_localization]: ICP fitness: coarse=1.000, fine=0.967, threshold=0.9
[INFO] [1783986169.218362428] [global_localization]: map→odom: x=0.356 y=-0.618 z=0.163
[WARN] [1783986169.566492282] [global_localization]: No odometry yet, skip odom transform in crop
[INFO] [1783986169.571508017] [global_localization]: ICP input: scan=5075 pts, map_FOV=84869 pts
[INFO] [1783986169.724615668] [global_localization]: ICP fitness: coarse=1.000, fine=0.967, threshold=0.9
[INFO] [1783986169.725073797] [global_localization]: map→odom: x=0.356 y=-0.618 z=0.163
[WARN] [1783986170.066363751] [global_localization]: No odometry yet, skip odom transform in crop
[INFO] [1783986170.071327426] [global_localization]: ICP input: scan=5075 pts, map_FOV=84869 pts
[INFO] [1783986170.206724580] [global_localization]: ICP fitness: coarse=1.000, fine=0.967, threshold=0.9
[INFO] [1783986170.207145130] [global_localization]: map→odom: x=0.356 y=-0.618 z=0.163
[WARN] [1783986170.566382149] [global_localization]: No odometry yet, skip odom transform in crop
[INFO] [1783986170.571326926] [global_localization]: ICP input: scan=5075 pts, map_FOV=84869 pts
[INFO] [1783986170.733282730] [global_localization]: ICP fitness: coarse=1.000, fine=0.967, threshold=0.9
[INFO] [1783986170.733830452] [global_localization]: map→odom: x=0.356 y=-0.618 z=0.163
[WARN] [1783986171.066375289] [global_localization]: No odometry yet, skip odom transform in crop
[INFO] [1783986171.071689768] [global_localization]: ICP input: scan=5075 pts, map_FOV=84869 pts
[INFO] [1783986171.222987593] [global_localization]: ICP fitness: coarse=1.000, fine=0.967, threshold=0.9
[INFO] [1783986171.223420126] [global_localization]: map→odom: x=0.356 y=-0.618 z=0.163
[WARN] [1783986171.566470191] [global_localization]: No odometry yet, skip odom transform in crop
[INFO] [1783986171.571890634] [global_localization]: ICP input: scan=5075 pts, map_FOV=84869 pts
[INFO] [1783986171.718195380] [global_localization]: ICP fitness: coarse=1.000, fine=0.967, threshold=0.9
[INFO] [1783986171.718660641] [global_localization]: map→odom: x=0.356 y=-0.618 z=0.163
[WARN] [1783986172.066433458] [global_localization]: No odometry yet, skip odom transform in crop
[INFO] [1783986172.072017516] [global_localization]: ICP input: scan=5075 pts, map_FOV=84869 pts
[INFO] [1783986172.221348878] [global_localization]: ICP fitness: coarse=1.000, fine=0.967, threshold=0.9
[INFO] [1783986172.221939776] [global_localization]: map→odom: x=0.356 y=-0.618 z=0.163
[WARN] [1783986172.566452421] [global_localization]: No odometry yet, skip odom transform in crop
[INFO] [1783986172.571142534] [global_localization]: ICP input: scan=5075 pts, map_FOV=84869 pts
[INFO] [1783986172.702662555] [global_localization]: ICP fitness: coarse=1.000, fine=0.967, threshold=0.9
[INFO] [1783986172.703113928] [global_localization]: map→odom: x=0.356 y=-0.618 z=0.163
[WARN] [1783986173.066502390] [global_localization]: No odometry yet, skip odom transform in crop
[INFO] [1783986173.072009626] [global_localization]: ICP input: scan=5075 pts, map_FOV=84869 pts
[INFO] [1783986173.201901832] [global_localization]: ICP fitness: coarse=1.000, fine=0.967, threshold=0.9
[INFO] [1783986173.202480868] [global_localization]: map→odom: x=0.356 y=-0.618 z=0.163
[WARN] [1783986173.566460476] [global_localization]: No odometry yet, skip odom transform in crop
[INFO] [1783986173.571423500] [global_localization]: ICP input: scan=5075 pts, map_FOV=84869 pts
[INFO] [1783986173.742815562] [global_localization]: ICP fitness: coarse=1.000, fine=0.967, threshold=0.9
[INFO] [1783986173.743321005] [global_localization]: map→odom: x=0.356 y=-0.618 z=0.163
[WARN] [1783986174.066509656] [global_localization]: No odometry yet, skip odom transform in crop
[INFO] [1783986174.071748115] [global_localization]: ICP input: scan=5075 pts, map_FOV=84869 pts
[INFO] [1783986174.241420120] [global_localization]: ICP fitness: coarse=1.000, fine=0.967, threshold=0.9
[INFO] [1783986174.242009110] [global_localization]: map→odom: x=0.356 y=-0.618 z=0.163
[WARN] [1783986174.566467572] [global_localization]: No odometry yet, skip odom transform in crop
[INFO] [1783986174.571177080] [global_localization]: ICP input: scan=5075 pts, map_FOV=84869 pts
[INFO] [1783986174.700164607] [global_localization]: ICP fitness: coarse=1.000, fine=0.967, threshold=0.9
[INFO] [1783986174.700611304] [global_localization]: map→odom: x=0.356 y=-0.618 z=0.163
[WARN] [1783986175.066416122] [global_localization]: No odometry yet, skip odom transform in crop
[INFO] [1783986175.071792103] [global_localization]: ICP input: scan=5075 pts, map_FOV=84869 pts
[INFO] [1783986175.208106353] [global_localization]: ICP fitness: coarse=1.000, fine=0.967, threshold=0.9
[INFO] [1783986175.208688981] [global_localization]: map→odom: x=0.356 y=-0.618 z=0.163
[WARN] [1783986175.566588701] [global_localization]: No odometry yet, skip odom transform in crop
[INFO] [1783986175.572305563] [global_localization]: ICP input: scan=5075 pts, map_FOV=84869 pts
[INFO] [1783986175.727715252] [global_localization]: ICP fitness: coarse=1.000, fine=0.967, threshold=0.9
[INFO] [1783986175.728162940] [global_localization]: map→odom: x=0.356 y=-0.618 z=0.163
[WARN] [1783986176.066504369] [global_localization]: No odometry yet, skip odom transform in crop
[INFO] [1783986176.072788248] [global_localization]: ICP input: scan=5075 pts, map_FOV=84869 pts
[INFO] [1783986176.237895143] [global_localization]: ICP fitness: coarse=1.000, fine=0.967, threshold=0.9
[INFO] [1783986176.238377676] [global_localization]: map→odom: x=0.356 y=-0.618 z=0.163
[WARN] [1783986176.566451166] [global_localization]: No odometry yet, skip odom transform in crop
[INFO] [1783986176.571448419] [global_localization]: ICP input: scan=5075 pts, map_FOV=84869 pts
[INFO] [1783986176.724559923] [global_localization]: ICP fitness: coarse=1.000, fine=0.967, threshold=0.9
[INFO] [1783986176.725160587] [global_localization]: map→odom: x=0.356 y=-0.618 z=0.163
[WARN] [1783986177.066559052] [global_localization]: No odometry yet, skip odom transform in crop
[INFO] [1783986177.072437759] [global_localization]: ICP input: scan=5075 pts, map_FOV=84869 pts
[INFO] [1783986177.224558582] [global_localization]: ICP fitness: coarse=1.000, fine=0.967, threshold=0.9
[INFO] [1783986177.225160229] [global_localization]: map→odom: x=0.356 y=-0.618 z=0.163
[WARN] [1783986177.566550083] [global_localization]: No odometry yet, skip odom transform in crop
[INFO] [1783986177.572535656] [global_localization]: ICP input: scan=5075 pts, map_FOV=84869 pts
[INFO] [1783986177.723605766] [global_localization]: ICP fitness: coarse=1.000, fine=0.967, threshold=0.9
[INFO] [1783986177.724052034] [global_localization]: map→odom: x=0.356 y=-0.618 z=0.163
[WARN] [1783986178.066378748] [global_localization]: No odometry yet, skip odom transform in crop
[INFO] [1783986178.071450060] [global_localization]: ICP input: scan=5075 pts, map_FOV=84869 pts
[INFO] [1783986178.206071296] [global_localization]: ICP fitness: coarse=1.000, fine=0.967, threshold=0.9
[INFO] [1783986178.206572107] [global_localization]: map→odom: x=0.356 y=-0.618 z=0.163
[WARN] [1783986178.566442705] [global_localization]: No odometry yet, skip odom transform in crop
[INFO] [1783986178.574416628] [global_localization]: ICP input: scan=5075 pts, map_FOV=84869 pts
[INFO] [1783986178.713006158] [global_localization]: ICP fitness: coarse=1.000, fine=0.967, threshold=0.9
[INFO] [1783986178.713420194] [global_localization]: map→odom: x=0.356 y=-0.618 z=0.163
[WARN] [1783986179.066350295] [global_localization]: No odometry yet, skip odom transform in crop
[INFO] [1783986179.071263684] [global_localization]: ICP input: scan=5075 pts, map_FOV=84869 pts
[INFO] [1783986179.205339035] [global_localization]: ICP fitness: coarse=1.000, fine=0.967, threshold=0.9
[INFO] [1783986179.205818124] [global_localization]: map→odom: x=0.356 y=-0.618 z=0.163
[WARN] [1783986179.566344905] [global_localization]: No odometry yet, skip odom transform in crop
[INFO] [1783986179.571444203] [global_localization]: ICP input: scan=5075 pts, map_FOV=84869 pts
[INFO] [1783986179.708444191] [global_localization]: ICP fitness: coarse=1.000, fine=0.967, threshold=0.9
[INFO] [1783986179.709028227] [global_localization]: map→odom: x=0.356 y=-0.618 z=0.163
[WARN] [1783986180.066441841] [global_localization]: No odometry yet, skip odom transform in crop
[INFO] [1783986180.072240770] [global_localization]: ICP input: scan=5075 pts, map_FOV=84869 pts
[INFO] [1783986180.223854026] [global_localization]: ICP fitness: coarse=1.000, fine=0.967, threshold=0.9
[INFO] [1783986180.224373719] [global_localization]: map→odom: x=0.356 y=-0.618 z=0.163
[WARN] [1783986180.566218157] [global_localization]: No odometry yet, skip odom transform in crop
[INFO] [1783986180.571470076] [global_localization]: ICP input: scan=5075 pts, map_FOV=84869 pts
[INFO] [1783986180.736008934] [global_localization]: ICP fitness: coarse=1.000, fine=0.967, threshold=0.9
[INFO] [1783986180.736530814] [global_localization]: map→odom: x=0.356 y=-0.618 z=0.163
[WARN] [1783986181.066509396] [global_localization]: No odometry yet, skip odom transform in crop
[INFO] [1783986181.072057561] [global_localization]: ICP input: scan=5075 pts, map_FOV=84869 pts
[INFO] [1783986181.235578345] [global_localization]: ICP fitness: coarse=1.000, fine=0.967, threshold=0.9
[INFO] [1783986181.236298457] [global_localization]: map→odom: x=0.356 y=-0.618 z=0.163
[WARN] [1783986181.566786433] [global_localization]: No odometry yet, skip odom transform in crop
[INFO] [1783986181.572905181] [global_localization]: ICP input: scan=5075 pts, map_FOV=84869 pts
[INFO] [1783986181.740929926] [global_localization]: ICP fitness: coarse=1.000, fine=0.967, threshold=0.9
[INFO] [1783986181.741456486] [global_localization]: map→odom: x=0.356 y=-0.618 z=0.163
[WARN] [1783986182.066531737] [global_localization]: No odometry yet, skip odom transform in crop
[INFO] [1783986182.072191718] [global_localization]: ICP input: scan=5075 pts, map_FOV=84869 pts
[INFO] [1783986182.246638282] [global_localization]: ICP fitness: coarse=1.000, fine=0.967, threshold=0.9
[INFO] [1783986182.247173929] [global_localization]: map→odom: x=0.356 y=-0.618 z=0.163
[WARN] [1783986182.566390213] [global_localization]: No odometry yet, skip odom transform in crop
[INFO] [1783986182.573022983] [global_localization]: ICP input: scan=5075 pts, map_FOV=84869 pts
[INFO] [1783986182.726911352] [global_localization]: ICP fitness: coarse=1.000, fine=0.967, threshold=0.9
[INFO] [1783986182.727325615] [global_localization]: map→odom: x=0.356 y=-0.618 z=0.163
[WARN] [1783986183.066410632] [global_localization]: No odometry yet, skip odom transform in crop
[INFO] [1783986183.072332079] [global_localization]: ICP input: scan=5075 pts, map_FOV=84869 pts
[INFO] [1783986183.214653819] [global_localization]: ICP fitness: coarse=1.000, fine=0.967, threshold=0.9
[INFO] [1783986183.215123508] [global_localization]: map→odom: x=0.356 y=-0.618 z=0.163
[WARN] [1783986183.566489356] [global_localization]: No odometry yet, skip odom transform in crop
[INFO] [1783986183.571596406] [global_localization]: ICP input: scan=5075 pts, map_FOV=84869 pts
[INFO] [1783986183.736293779] [global_localization]: ICP fitness: coarse=1.000, fine=0.967, threshold=0.9
[INFO] [1783986183.736983152] [global_localization]: map→odom: x=0.356 y=-0.618 z=0.163
[WARN] [1783986184.066422802] [global_localization]: No odometry yet, skip odom transform in crop
[INFO] [1783986184.073098437] [global_localization]: ICP input: scan=5075 pts, map_FOV=84869 pts
[INFO] [1783986184.221154829] [global_localization]: ICP fitness: coarse=1.000, fine=0.967, threshold=0.9
[INFO] [1783986184.221557189] [global_localization]: map→odom: x=0.356 y=-0.618 z=0.163
[WARN] [1783986184.566415362] [global_localization]: No odometry yet, skip odom transform in crop
[INFO] [1783986184.571940386] [global_localization]: ICP input: scan=5075 pts, map_FOV=84869 pts
[INFO] [1783986184.735183979] [global_localization]: ICP fitness: coarse=1.000, fine=0.967, threshold=0.9
[INFO] [1783986184.735715403] [global_localization]: map→odom: x=0.356 y=-0.618 z=0.163
[WARN] [1783986185.066411967] [global_localization]: No odometry yet, skip odom transform in crop
[INFO] [1783986185.071435127] [global_localization]: ICP input: scan=5075 pts, map_FOV=84869 pts
[INFO] [1783986185.226402191] [global_localization]: ICP fitness: coarse=1.000, fine=0.967, threshold=0.9
[INFO] [1783986185.226924767] [global_localization]: map→odom: x=0.356 y=-0.618 z=0.163
[WARN] [1783986185.566434841] [global_localization]: No odometry yet, skip odom transform in crop
[INFO] [1783986185.571880888] [global_localization]: ICP input: scan=5075 pts, map_FOV=84869 pts
[INFO] [1783986185.719134042] [global_localization]: ICP fitness: coarse=1.000, fine=0.967, threshold=0.9
[INFO] [1783986185.719717991] [global_localization]: map→odom: x=0.356 y=-0.618 z=0.163
[WARN] [1783986186.066490051] [global_localization]: No odometry yet, skip odom transform in crop
[INFO] [1783986186.071862990] [global_localization]: ICP input: scan=5075 pts, map_FOV=84869 pts
[INFO] [1783986186.207409033] [global_localization]: ICP fitness: coarse=1.000, fine=0.967, threshold=0.9
[INFO] [1783986186.207991416] [global_localization]: map→odom: x=0.356 y=-0.618 z=0.163
[WARN] [1783986186.566363480] [global_localization]: No odometry yet, skip odom transform in crop
[INFO] [1783986186.573765309] [global_localization]: ICP input: scan=5075 pts, map_FOV=84869 pts
[INFO] [1783986186.704828005] [global_localization]: ICP fitness: coarse=1.000, fine=0.967, threshold=0.9
[INFO] [1783986186.705411586] [global_localization]: map→odom: x=0.356 y=-0.618 z=0.163
[WARN] [1783986187.066461521] [global_localization]: No odometry yet, skip odom transform in crop
[INFO] [1783986187.071859151] [global_localization]: ICP input: scan=5075 pts, map_FOV=84869 pts
[INFO] [1783986187.207536929] [global_localization]: ICP fitness: coarse=1.000, fine=0.967, threshold=0.9
[INFO] [1783986187.208041880] [global_localization]: map→odom: x=0.356 y=-0.618 z=0.163
[WARN] [1783986187.566553913] [global_localization]: No odometry yet, skip odom transform in crop
[INFO] [1783986187.572280517] [global_localization]: ICP input: scan=5075 pts, map_FOV=84869 pts
[INFO] [1783986187.729881045] [global_localization]: ICP fitness: coarse=1.000, fine=0.967, threshold=0.9
[INFO] [1783986187.730358524] [global_localization]: map→odom: x=0.356 y=-0.618 z=0.163
[WARN] [1783986188.066469162] [global_localization]: No odometry yet, skip odom transform in crop
[INFO] [1783986188.073411272] [global_localization]: ICP input: scan=5075 pts, map_FOV=84869 pts
[INFO] [1783986188.226635119] [global_localization]: ICP fitness: coarse=1.000, fine=0.967, threshold=0.9
[INFO] [1783986188.227233463] [global_localization]: map→odom: x=0.356 y=-0.618 z=0.163
[WARN] [1783986188.566422315] [global_localization]: No odometry yet, skip odom transform in crop
[INFO] [1783986188.571884947] [global_localization]: ICP input: scan=5075 pts, map_FOV=84869 pts
[INFO] [1783986188.727842011] [global_localization]: ICP fitness: coarse=1.000, fine=0.967, threshold=0.9
[INFO] [1783986188.728351506] [global_localization]: map→odom: x=0.356 y=-0.618 z=0.163
[WARN] [1783986189.066594005] [global_localization]: No odometry yet, skip odom transform in crop
[INFO] [1783986189.073007013] [global_localization]: ICP input: scan=5075 pts, map_FOV=84869 pts
[INFO] [1783986189.233301192] [global_localization]: ICP fitness: coarse=1.000, fine=0.967, threshold=0.9
[INFO] [1783986189.233813675] [global_localization]: map→odom: x=0.356 y=-0.618 z=0.163
[WARN] [1783986189.566416169] [global_localization]: No odometry yet, skip odom transform in crop
[INFO] [1783986189.571352960] [global_localization]: ICP input: scan=5075 pts, map_FOV=84869 pts
[INFO] [1783986189.699561240] [global_localization]: ICP fitness: coarse=1.000, fine=0.967, threshold=0.9
[INFO] [1783986189.700184105] [global_localization]: map→odom: x=0.356 y=-0.618 z=0.163
[WARN] [1783986190.066410816] [global_localization]: No odometry yet, skip odom transform in crop
[INFO] [1783986190.071756784] [global_localization]: ICP input: scan=5075 pts, map_FOV=84869 pts
[INFO] [1783986190.229646367] [global_localization]: ICP fitness: coarse=1.000, fine=0.967, threshold=0.9
[INFO] [1783986190.230147143] [global_localization]: map→odom: x=0.356 y=-0.618 z=0.163
[WARN] [1783986190.566559627] [global_localization]: No odometry yet, skip odom transform in crop
[INFO] [1783986190.572217293] [global_localization]: ICP input: scan=5075 pts, map_FOV=84869 pts
[INFO] [1783986190.725619901] [global_localization]: ICP fitness: coarse=1.000, fine=0.967, threshold=0.9
[INFO] [1783986190.726147235] [global_localization]: map→odom: x=0.356 y=-0.618 z=0.163
[WARN] [1783986191.066573101] [global_localization]: No odometry yet, skip odom transform in crop
[INFO] [1783986191.072532387] [global_localization]: ICP input: scan=5075 pts, map_FOV=84869 pts
[INFO] [1783986191.249766447] [global_localization]: ICP fitness: coarse=1.000, fine=0.967, threshold=0.9
[INFO] [1783986191.250350514] [global_localization]: map→odom: x=0.356 y=-0.618 z=0.163
[WARN] [1783986191.566530504] [global_localization]: No odometry yet, skip odom transform in crop
[INFO] [1783986191.572307570] [global_localization]: ICP input: scan=5075 pts, map_FOV=84869 pts
[INFO] [1783986191.723148873] [global_localization]: ICP fitness: coarse=1.000, fine=0.967, threshold=0.9
[INFO] [1783986191.723728422] [global_localization]: map→odom: x=0.356 y=-0.618 z=0.163
[WARN] [1783986192.066349951] [global_localization]: No odometry yet, skip odom transform in crop
[INFO] [1783986192.072754923] [global_localization]: ICP input: scan=5075 pts, map_FOV=84869 pts
[INFO] [1783986192.206730501] [global_localization]: ICP fitness: coarse=1.000, fine=0.967, threshold=0.9
[INFO] [1783986192.207182388] [global_localization]: map→odom: x=0.356 y=-0.618 z=0.163
[WARN] [1783986192.566474860] [global_localization]: No odometry yet, skip odom transform in crop
[INFO] [1783986192.572070763] [global_localization]: ICP input: scan=5075 pts, map_FOV=84869 pts
[INFO] [1783986192.702943190] [global_localization]: ICP fitness: coarse=1.000, fine=0.967, threshold=0.9
[INFO] [1783986192.703518421] [global_localization]: map→odom: x=0.356 y=-0.618 z=0.163
[WARN] [1783986193.066411168] [global_localization]: No odometry yet, skip odom transform in crop
[INFO] [1783986193.073978129] [global_localization]: ICP input: scan=5075 pts, map_FOV=84869 pts
[INFO] [1783986193.212038890] [global_localization]: ICP fitness: coarse=1.000, fine=0.967, threshold=0.9
[INFO] [1783986193.212492168] [global_localization]: map→odom: x=0.356 y=-0.618 z=0.163
[WARN] [1783986193.566428183] [global_localization]: No odometry yet, skip odom transform in crop
[INFO] [1783986193.574972452] [global_localization]: ICP input: scan=5075 pts, map_FOV=84869 pts
[INFO] [1783986193.713325523] [global_localization]: ICP fitness: coarse=1.000, fine=0.967, threshold=0.9
[INFO] [1783986193.713801515] [global_localization]: map→odom: x=0.356 y=-0.618 z=0.163
[WARN] [1783986194.066575084] [global_localization]: No odometry yet, skip odom transform in crop
[INFO] [1783986194.072598918] [global_localization]: ICP input: scan=5075 pts, map_FOV=84869 pts
[INFO] [1783986194.233098281] [global_localization]: ICP fitness: coarse=1.000, fine=0.967, threshold=0.9
[INFO] [1783986194.233629032] [global_localization]: map→odom: x=0.356 y=-0.618 z=0.163
[WARN] [1783986194.566348603] [global_localization]: No odometry yet, skip odom transform in crop
[INFO] [1783986194.571560484] [global_localization]: ICP input: scan=5075 pts, map_FOV=84869 pts
[INFO] [1783986194.712499239] [global_localization]: ICP fitness: coarse=1.000, fine=0.967, threshold=0.9
[INFO] [1783986194.713029944] [global_localization]: map→odom: x=0.356 y=-0.618 z=0.163
[WARN] [1783986195.066447016] [global_localization]: No odometry yet, skip odom transform in crop
[INFO] [1783986195.071643794] [global_localization]: ICP input: scan=5075 pts, map_FOV=84869 pts
[INFO] [1783986195.222341682] [global_localization]: ICP fitness: coarse=1.000, fine=0.967, threshold=0.9
[INFO] [1783986195.222803198] [global_localization]: map→odom: x=0.356 y=-0.618 z=0.163
[WARN] [1783986195.566464081] [global_localization]: No odometry yet, skip odom transform in crop
[INFO] [1783986195.571206264] [global_localization]: ICP input: scan=5075 pts, map_FOV=84869 pts
[INFO] [1783986195.708245951] [global_localization]: ICP fitness: coarse=1.000, fine=0.967, threshold=0.9
[INFO] [1783986195.708940121] [global_localization]: map→odom: x=0.356 y=-0.618 z=0.163
[WARN] [1783986196.066364721] [global_localization]: No odometry yet, skip odom transform in crop
[INFO] [1783986196.072060175] [global_localization]: ICP input: scan=5075 pts, map_FOV=84869 pts
[INFO] [1783986196.221739153] [global_localization]: ICP fitness: coarse=1.000, fine=0.967, threshold=0.9
[INFO] [1783986196.222197823] [global_localization]: map→odom: x=0.356 y=-0.618 z=0.163
[WARN] [1783986196.566495108] [global_localization]: No odometry yet, skip odom transform in crop
[INFO] [1783986196.571989294] [global_localization]: ICP input: scan=5075 pts, map_FOV=84869 pts
[INFO] [1783986196.737390615] [global_localization]: ICP fitness: coarse=1.000, fine=0.967, threshold=0.9
[INFO] [1783986196.737905929] [global_localization]: map→odom: x=0.356 y=-0.618 z=0.163
[WARN] [1783986197.066495347] [global_localization]: No odometry yet, skip odom transform in crop
[INFO] [1783986197.071462739] [global_localization]: ICP input: scan=5075 pts, map_FOV=84869 pts
[INFO] [1783986197.213705612] [global_localization]: ICP fitness: coarse=1.000, fine=0.967, threshold=0.9
[INFO] [1783986197.214252622] [global_localization]: map→odom: x=0.356 y=-0.618 z=0.163
[WARN] [1783986197.566517067] [global_localization]: No odometry yet, skip odom transform in crop
[INFO] [1783986197.572480652] [global_localization]: ICP input: scan=5075 pts, map_FOV=84869 pts
[INFO] [1783986197.717982417] [global_localization]: ICP fitness: coarse=1.000, fine=0.967, threshold=0.9
[INFO] [1783986197.718499345] [global_localization]: map→odom: x=0.356 y=-0.618 z=0.163
[WARN] [1783986198.066540355] [global_localization]: No odometry yet, skip odom transform in crop
[INFO] [1783986198.071559519] [global_localization]: ICP input: scan=5075 pts, map_FOV=84869 pts
[INFO] [1783986198.253646783] [global_localization]: ICP fitness: coarse=1.000, fine=0.967, threshold=0.9
[INFO] [1783986198.254188103] [global_localization]: map→odom: x=0.356 y=-0.618 z=0.163
[WARN] [1783986198.566562590] [global_localization]: No odometry yet, skip odom transform in crop
[INFO] [1783986198.575020913] [global_localization]: ICP input: scan=5075 pts, map_FOV=84869 pts
[INFO] [1783986198.731832930] [global_localization]: ICP fitness: coarse=1.000, fine=0.967, threshold=0.9
[INFO] [1783986198.732319831] [global_localization]: map→odom: x=0.356 y=-0.618 z=0.163
[WARN] [1783986199.066432567] [global_localization]: No odometry yet, skip odom transform in crop
[INFO] [1783986199.071493668] [global_localization]: ICP input: scan=5075 pts, map_FOV=84869 pts
[INFO] [1783986199.240520467] [global_localization]: ICP fitness: coarse=1.000, fine=0.967, threshold=0.9
[INFO] [1783986199.240956945] [global_localization]: map→odom: x=0.356 y=-0.618 z=0.163
[WARN] [1783986199.566405596] [global_localization]: No odometry yet, skip odom transform in crop
[INFO] [1783986199.571037865] [global_localization]: ICP input: scan=5075 pts, map_FOV=84869 pts
[INFO] [1783986199.703860903] [global_localization]: ICP fitness: coarse=1.000, fine=0.967, threshold=0.9
[INFO] [1783986199.704552423] [global_localization]: map→odom: x=0.356 y=-0.618 z=0.163
[WARN] [1783986200.066460916] [global_localization]: No odometry yet, skip odom transform in crop
[INFO] [1783986200.072103888] [global_localization]: ICP input: scan=5075 pts, map_FOV=84869 pts
[INFO] [1783986200.206101265] [global_localization]: ICP fitness: coarse=1.000, fine=0.967, threshold=0.9
[INFO] [1783986200.206700659] [global_localization]: map→odom: x=0.356 y=-0.618 z=0.163
[WARN] [1783986200.566511495] [global_localization]: No odometry yet, skip odom transform in crop
[INFO] [1783986200.572232042] [global_localization]: ICP input: scan=5075 pts, map_FOV=84869 pts
[INFO] [1783986200.724561405] [global_localization]: ICP fitness: coarse=1.000, fine=0.967, threshold=0.9
[INFO] [1783986200.725147868] [global_localization]: map→odom: x=0.356 y=-0.618 z=0.163
[WARN] [1783986201.066424902] [global_localization]: No odometry yet, skip odom transform in crop
[INFO] [1783986201.071993858] [global_localization]: ICP input: scan=5075 pts, map_FOV=84869 pts
[INFO] [1783986201.208067758] [global_localization]: ICP fitness: coarse=1.000, fine=0.967, threshold=0.9
[INFO] [1783986201.208588481] [global_localization]: map→odom: x=0.356 y=-0.618 z=0.163
[WARN] [1783986201.566419047] [global_localization]: No odometry yet, skip odom transform in crop
[INFO] [1783986201.573861973] [global_localization]: ICP input: scan=5075 pts, map_FOV=84869 pts
[INFO] [1783986201.712717239] [global_localization]: ICP fitness: coarse=1.000, fine=0.967, threshold=0.9
[INFO] [1783986201.713422094] [global_localization]: map→odom: x=0.356 y=-0.618 z=0.163
[WARN] [1783986202.066539957] [global_localization]: No odometry yet, skip odom transform in crop
[INFO] [1783986202.072442572] [global_localization]: ICP input: scan=5075 pts, map_FOV=84869 pts
[INFO] [1783986202.249137525] [global_localization]: ICP fitness: coarse=1.000, fine=0.967, threshold=0.9
[INFO] [1783986202.249673079] [global_localization]: map→odom: x=0.356 y=-0.618 z=0.163
[WARN] [1783986202.566402358] [global_localization]: No odometry yet, skip odom transform in crop
[INFO] [1783986202.571453621] [global_localization]: ICP input: scan=5075 pts, map_FOV=84869 pts
[INFO] [1783986202.709997632] [global_localization]: ICP fitness: coarse=1.000, fine=0.967, threshold=0.9
[INFO] [1783986202.710448982] [global_localization]: map→odom: x=0.356 y=-0.618 z=0.163
[WARN] [1783986203.066434569] [global_localization]: No odometry yet, skip odom transform in crop
[INFO] [1783986203.071355793] [global_localization]: ICP input: scan=5075 pts, map_FOV=84869 pts
[INFO] [1783986203.213691103] [global_localization]: ICP fitness: coarse=1.000, fine=0.967, threshold=0.9
[INFO] [1783986203.214130742] [global_localization]: map→odom: x=0.356 y=-0.618 z=0.163
[WARN] [1783986203.566477687] [global_localization]: No odometry yet, skip odom transform in crop
[INFO] [1783986203.572141444] [global_localization]: ICP input: scan=5075 pts, map_FOV=84869 pts
[INFO] [1783986203.703436326] [global_localization]: ICP fitness: coarse=1.000, fine=0.967, threshold=0.9
[INFO] [1783986203.703890872] [global_localization]: map→odom: x=0.356 y=-0.618 z=0.163
[WARN] [1783986204.066569225] [global_localization]: No odometry yet, skip odom transform in crop
[INFO] [1783986204.074263013] [global_localization]: ICP input: scan=5075 pts, map_FOV=84869 pts
[INFO] [1783986204.232893938] [global_localization]: ICP fitness: coarse=1.000, fine=0.967, threshold=0.9
[INFO] [1783986204.233393734] [global_localization]: map→odom: x=0.356 y=-0.618 z=0.163
[WARN] [1783986204.566325154] [global_localization]: No odometry yet, skip odom transform in crop
[INFO] [1783986204.571257221] [global_localization]: ICP input: scan=5075 pts, map_FOV=84869 pts
[INFO] [1783986204.708857471] [global_localization]: ICP fitness: coarse=1.000, fine=0.967, threshold=0.9
[INFO] [1783986204.709379312] [global_localization]: map→odom: x=0.356 y=-0.618 z=0.163
[WARN] [1783986205.066615073] [global_localization]: No odometry yet, skip odom transform in crop
[INFO] [1783986205.072246921] [global_localization]: ICP input: scan=5075 pts, map_FOV=84869 pts
[INFO] [1783986205.223644487] [global_localization]: ICP fitness: coarse=1.000, fine=0.967, threshold=0.9
[INFO] [1783986205.224183499] [global_localization]: map→odom: x=0.356 y=-0.618 z=0.163
[WARN] [1783986205.566489013] [global_localization]: No odometry yet, skip odom transform in crop
[INFO] [1783986205.572160707] [global_localization]: ICP input: scan=5075 pts, map_FOV=84869 pts
[INFO] [1783986205.721300103] [global_localization]: ICP fitness: coarse=1.000, fine=0.967, threshold=0.9
[INFO] [1783986205.721991363] [global_localization]: map→odom: x=0.356 y=-0.618 z=0.163
[WARN] [1783986206.066637256] [global_localization]: No odometry yet, skip odom transform in crop
[INFO] [1783986206.071951784] [global_localization]: ICP input: scan=5075 pts, map_FOV=84869 pts
[INFO] [1783986206.232276358] [global_localization]: ICP fitness: coarse=1.000, fine=0.967, threshold=0.9
[INFO] [1783986206.232817831] [global_localization]: map→odom: x=0.356 y=-0.618 z=0.163
[WARN] [1783986206.566259107] [global_localization]: No odometry yet, skip odom transform in crop
[INFO] [1783986206.571472310] [global_localization]: ICP input: scan=5075 pts, map_FOV=84869 pts
[INFO] [1783986206.703824005] [global_localization]: ICP fitness: coarse=1.000, fine=0.967, threshold=0.9
[INFO] [1783986206.704270551] [global_localization]: map→odom: x=0.356 y=-0.618 z=0.163
[WARN] [1783986207.066401436] [global_localization]: No odometry yet, skip odom transform in crop
[INFO] [1783986207.071663637] [global_localization]: ICP input: scan=5075 pts, map_FOV=84869 pts
[INFO] [1783986207.203563977] [global_localization]: ICP fitness: coarse=1.000, fine=0.967, threshold=0.9
[INFO] [1783986207.204086459] [global_localization]: map→odom: x=0.356 y=-0.618 z=0.163
[WARN] [1783986207.566437933] [global_localization]: No odometry yet, skip odom transform in crop
[INFO] [1783986207.571310270] [global_localization]: ICP input: scan=5075 pts, map_FOV=84869 pts
[INFO] [1783986207.710290335] [global_localization]: ICP fitness: coarse=1.000, fine=0.967, threshold=0.9
[INFO] [1783986207.710800008] [global_localization]: map→odom: x=0.356 y=-0.618 z=0.163
[WARN] [1783986208.066439982] [global_localization]: No odometry yet, skip odom transform in crop
[INFO] [1783986208.071727112] [global_localization]: ICP input: scan=5075 pts, map_FOV=84869 pts
[INFO] [1783986208.225471953] [global_localization]: ICP fitness: coarse=1.000, fine=0.967, threshold=0.9
[INFO] [1783986208.225911238] [global_localization]: map→odom: x=0.356 y=-0.618 z=0.163
[WARN] [1783986208.566445636] [global_localization]: No odometry yet, skip odom transform in crop
[INFO] [1783986208.571284728] [global_localization]: ICP input: scan=5075 pts, map_FOV=84869 pts
[INFO] [1783986208.698489263] [global_localization]: ICP fitness: coarse=1.000, fine=0.967, threshold=0.9
[INFO] [1783986208.698938759] [global_localization]: map→odom: x=0.356 y=-0.618 z=0.163
[WARN] [1783986209.066446485] [global_localization]: No odometry yet, skip odom transform in crop
[INFO] [1783986209.071273524] [global_localization]: ICP input: scan=5075 pts, map_FOV=84869 pts
[INFO] [1783986209.211262871] [global_localization]: ICP fitness: coarse=1.000, fine=0.967, threshold=0.9
[INFO] [1783986209.211766489] [global_localization]: map→odom: x=0.356 y=-0.618 z=0.163
[WARN] [1783986209.566456026] [global_localization]: No odometry yet, skip odom transform in crop
[INFO] [1783986209.573739190] [global_localization]: ICP input: scan=5075 pts, map_FOV=84869 pts
[INFO] [1783986209.714100825] [global_localization]: ICP fitness: coarse=1.000, fine=0.967, threshold=0.9
[INFO] [1783986209.714790697] [global_localization]: map→odom: x=0.356 y=-0.618 z=0.163
[WARN] [1783986210.066314229] [global_localization]: No odometry yet, skip odom transform in crop
[INFO] [1783986210.071425951] [global_localization]: ICP input: scan=5075 pts, map_FOV=84869 pts
[INFO] [1783986210.200647878] [global_localization]: ICP fitness: coarse=1.000, fine=0.967, threshold=0.9
[INFO] [1783986210.201180119] [global_localization]: map→odom: x=0.356 y=-0.618 z=0.163
[WARN] [1783986210.566629500] [global_localization]: No odometry yet, skip odom transform in crop
[INFO] [1783986210.572582842] [global_localization]: ICP input: scan=5075 pts, map_FOV=84869 pts
[INFO] [1783986210.749520143] [global_localization]: ICP fitness: coarse=1.000, fine=0.967, threshold=0.9
[INFO] [1783986210.750209731] [global_localization]: map→odom: x=0.356 y=-0.618 z=0.163
[WARN] [1783986211.066360525] [global_localization]: No odometry yet, skip odom transform in crop
[INFO] [1783986211.071399609] [global_localization]: ICP input: scan=5075 pts, map_FOV=84869 pts
[INFO] [1783986211.211558345] [global_localization]: ICP fitness: coarse=1.000, fine=0.967, threshold=0.9
[INFO] [1783986211.212022356] [global_localization]: map→odom: x=0.356 y=-0.618 z=0.163
[WARN] [1783986211.566517662] [global_localization]: No odometry yet, skip odom transform in crop
[INFO] [1783986211.571253781] [global_localization]: ICP input: scan=5075 pts, map_FOV=84869 pts
[INFO] [1783986211.707483752] [global_localization]: ICP fitness: coarse=1.000, fine=0.967, threshold=0.9
[INFO] [1783986211.707992530] [global_localization]: map→odom: x=0.356 y=-0.618 z=0.163
[WARN] [1783986212.066560019] [global_localization]: No odometry yet, skip odom transform in crop
[INFO] [1783986212.073221606] [global_localization]: ICP input: scan=5075 pts, map_FOV=84869 pts
[INFO] [1783986212.223520627] [global_localization]: ICP fitness: coarse=1.000, fine=0.967, threshold=0.9
[INFO] [1783986212.224032137] [global_localization]: map→odom: x=0.356 y=-0.618 z=0.163
[WARN] [1783986212.566420341] [global_localization]: No odometry yet, skip odom transform in crop
[INFO] [1783986212.573816390] [global_localization]: ICP input: scan=5075 pts, map_FOV=84869 pts
[INFO] [1783986212.704946581] [global_localization]: ICP fitness: coarse=1.000, fine=0.967, threshold=0.9
[INFO] [1783986212.705428985] [global_localization]: map→odom: x=0.356 y=-0.618 z=0.163
[WARN] [1783986213.066464305] [global_localization]: No odometry yet, skip odom transform in crop
[INFO] [1783986213.070984059] [global_localization]: ICP input: scan=5075 pts, map_FOV=84869 pts
[INFO] [1783986213.205611666] [global_localization]: ICP fitness: coarse=1.000, fine=0.967, threshold=0.9
[INFO] [1783986213.206131872] [global_localization]: map→odom: x=0.356 y=-0.618 z=0.163
[WARN] [1783986213.566385923] [global_localization]: No odometry yet, skip odom transform in crop
[INFO] [1783986213.571557783] [global_localization]: ICP input: scan=5075 pts, map_FOV=84869 pts
[INFO] [1783986213.726528192] [global_localization]: ICP fitness: coarse=1.000, fine=0.967, threshold=0.9
[INFO] [1783986213.727050291] [global_localization]: map→odom: x=0.356 y=-0.618 z=0.163
[WARN] [1783986214.066432127] [global_localization]: No odometry yet, skip odom transform in crop
[INFO] [1783986214.071899487] [global_localization]: ICP input: scan=5075 pts, map_FOV=84869 pts
[INFO] [1783986214.210207786] [global_localization]: ICP fitness: coarse=1.000, fine=0.967, threshold=0.9
[INFO] [1783986214.210629811] [global_localization]: map→odom: x=0.356 y=-0.618 z=0.163
[WARN] [1783986214.566404845] [global_localization]: No odometry yet, skip odom transform in crop
[INFO] [1783986214.571051785] [global_localization]: ICP input: scan=5075 pts, map_FOV=84869 pts
[INFO] [1783986214.730748962] [global_localization]: ICP fitness: coarse=1.000, fine=0.967, threshold=0.9
[INFO] [1783986214.731266958] [global_localization]: map→odom: x=0.356 y=-0.618 z=0.163
[WARN] [1783986215.066535415] [global_localization]: No odometry yet, skip odom transform in crop
[INFO] [1783986215.073944107] [global_localization]: ICP input: scan=5075 pts, map_FOV=84869 pts
[INFO] [1783986215.217715784] [global_localization]: ICP fitness: coarse=1.000, fine=0.967, threshold=0.9
[INFO] [1783986215.218404115] [global_localization]: map→odom: x=0.356 y=-0.618 z=0.163
[WARN] [1783986215.566471818] [global_localization]: No odometry yet, skip odom transform in crop
[INFO] [1783986215.572140869] [global_localization]: ICP input: scan=5075 pts, map_FOV=84869 pts
[INFO] [1783986215.733646384] [global_localization]: ICP fitness: coarse=1.000, fine=0.967, threshold=0.9
[INFO] [1783986215.734168488] [global_localization]: map→odom: x=0.356 y=-0.618 z=0.163
[WARN] [1783986216.066331457] [global_localization]: No odometry yet, skip odom transform in crop
[INFO] [1783986216.071352993] [global_localization]: ICP input: scan=5075 pts, map_FOV=84869 pts
[INFO] [1783986216.222181120] [global_localization]: ICP fitness: coarse=1.000, fine=0.967, threshold=0.9
[INFO] [1783986216.222736292] [global_localization]: map→odom: x=0.356 y=-0.618 z=0.163
[WARN] [1783986216.566359799] [global_localization]: No odometry yet, skip odom transform in crop
[INFO] [1783986216.571116904] [global_localization]: ICP input: scan=5075 pts, map_FOV=84869 pts
[INFO] [1783986216.703197741] [global_localization]: ICP fitness: coarse=1.000, fine=0.967, threshold=0.9
[INFO] [1783986216.703650765] [global_localization]: map→odom: x=0.356 y=-0.618 z=0.163
[WARN] [1783986217.066400650] [global_localization]: No odometry yet, skip odom transform in crop
[INFO] [1783986217.071471858] [global_localization]: ICP input: scan=5075 pts, map_FOV=84869 pts
[INFO] [1783986217.210446799] [global_localization]: ICP fitness: coarse=1.000, fine=0.967, threshold=0.9
[INFO] [1783986217.211049217] [global_localization]: map→odom: x=0.356 y=-0.618 z=0.163
[WARN] [1783986217.566514316] [global_localization]: No odometry yet, skip odom transform in crop
[INFO] [1783986217.572448314] [global_localization]: ICP input: scan=5075 pts, map_FOV=84869 pts
[INFO] [1783986217.723879086] [global_localization]: ICP fitness: coarse=1.000, fine=0.967, threshold=0.9
[INFO] [1783986217.724385069] [global_localization]: map→odom: x=0.356 y=-0.618 z=0.163
[WARN] [1783986218.066443611] [global_localization]: No odometry yet, skip odom transform in crop
[INFO] [1783986218.072122465] [global_localization]: ICP input: scan=5075 pts, map_FOV=84869 pts
[INFO] [1783986218.211254440] [global_localization]: ICP fitness: coarse=1.000, fine=0.967, threshold=0.9
[INFO] [1783986218.211795065] [global_localization]: map→odom: x=0.356 y=-0.618 z=0.163
[WARN] [1783986218.566441954] [global_localization]: No odometry yet, skip odom transform in crop
[INFO] [1783986218.572185861] [global_localization]: ICP input: scan=5075 pts, map_FOV=84869 pts
[INFO] [1783986218.724690300] [global_localization]: ICP fitness: coarse=1.000, fine=0.967, threshold=0.9
[INFO] [1783986218.725223179] [global_localization]: map→odom: x=0.356 y=-0.618 z=0.163
[WARN] [1783986219.066394859] [global_localization]: No odometry yet, skip odom transform in crop
[INFO] [1783986219.071514445] [global_localization]: ICP input: scan=5075 pts, map_FOV=84869 pts
[INFO] [1783986219.236320724] [global_localization]: ICP fitness: coarse=1.000, fine=0.967, threshold=0.9
[INFO] [1783986219.236894240] [global_localization]: map→odom: x=0.356 y=-0.618 z=0.163
[WARN] [1783986219.566346828] [global_localization]: No odometry yet, skip odom transform in crop
[INFO] [1783986219.571098472] [global_localization]: ICP input: scan=5075 pts, map_FOV=84869 pts
[INFO] [1783986219.702225366] [global_localization]: ICP fitness: coarse=1.000, fine=0.967, threshold=0.9
[INFO] [1783986219.702778467] [global_localization]: map→odom: x=0.356 y=-0.618 z=0.163
[WARN] [1783986220.066600007] [global_localization]: No odometry yet, skip odom transform in crop
[INFO] [1783986220.072463480] [global_localization]: ICP input: scan=5075 pts, map_FOV=84869 pts
[INFO] [1783986220.226510186] [global_localization]: ICP fitness: coarse=1.000, fine=0.967, threshold=0.9
[INFO] [1783986220.227094709] [global_localization]: map→odom: x=0.356 y=-0.618 z=0.163
[WARN] [1783986220.566485197] [global_localization]: No odometry yet, skip odom transform in crop
[INFO] [1783986220.571261163] [global_localization]: ICP input: scan=5075 pts, map_FOV=84869 pts
[INFO] [1783986220.703914766] [global_localization]: ICP fitness: coarse=1.000, fine=0.967, threshold=0.9
[INFO] [1783986220.704370418] [global_localization]: map→odom: x=0.356 y=-0.618 z=0.163
[WARN] [1783986221.066606222] [global_localization]: No odometry yet, skip odom transform in crop
[INFO] [1783986221.072205194] [global_localization]: ICP input: scan=5075 pts, map_FOV=84869 pts
[INFO] [1783986221.224610275] [global_localization]: ICP fitness: coarse=1.000, fine=0.967, threshold=0.9
[INFO] [1783986221.225217456] [global_localization]: map→odom: x=0.356 y=-0.618 z=0.163
[WARN] [1783986221.566423565] [global_localization]: No odometry yet, skip odom transform in crop
[INFO] [1783986221.573230355] [global_localization]: ICP input: scan=5075 pts, map_FOV=84869 pts
[INFO] [1783986221.729000504] [global_localization]: ICP fitness: coarse=1.000, fine=0.967, threshold=0.9
[INFO] [1783986221.729687514] [global_localization]: map→odom: x=0.356 y=-0.618 z=0.163
[WARN] [1783986222.066397392] [global_localization]: No odometry yet, skip odom transform in crop
[INFO] [1783986222.071075231] [global_localization]: ICP input: scan=5075 pts, map_FOV=84869 pts
[INFO] [1783986222.234488277] [global_localization]: ICP fitness: coarse=1.000, fine=0.967, threshold=0.9
[INFO] [1783986222.234991550] [global_localization]: map→odom: x=0.356 y=-0.618 z=0.163
[WARN] [1783986222.566371076] [global_localization]: No odometry yet, skip odom transform in crop
[INFO] [1783986222.571218733] [global_localization]: ICP input: scan=5075 pts, map_FOV=84869 pts
[INFO] [1783986222.698238283] [global_localization]: ICP fitness: coarse=1.000, fine=0.967, threshold=0.9
[INFO] [1783986222.698743270] [global_localization]: map→odom: x=0.356 y=-0.618 z=0.163
[WARN] [1783986223.066463627] [global_localization]: No odometry yet, skip odom transform in crop
[INFO] [1783986223.071662017] [global_localization]: ICP input: scan=5075 pts, map_FOV=84869 pts
[INFO] [1783986223.220105819] [global_localization]: ICP fitness: coarse=1.000, fine=0.967, threshold=0.9
[INFO] [1783986223.220597169] [global_localization]: map→odom: x=0.356 y=-0.618 z=0.163
[WARN] [1783986223.566541924] [global_localization]: No odometry yet, skip odom transform in crop
[INFO] [1783986223.571952915] [global_localization]: ICP input: scan=5075 pts, map_FOV=84869 pts
[INFO] [1783986223.719790507] [global_localization]: ICP fitness: coarse=1.000, fine=0.967, threshold=0.9
[INFO] [1783986223.720314448] [global_localization]: map→odom: x=0.356 y=-0.618 z=0.163
[WARN] [1783986224.066370304] [global_localization]: No odometry yet, skip odom transform in crop
[INFO] [1783986224.073166611] [global_localization]: ICP input: scan=5075 pts, map_FOV=84869 pts
[INFO] [1783986224.211139073] [global_localization]: ICP fitness: coarse=1.000, fine=0.967, threshold=0.9
[INFO] [1783986224.211639317] [global_localization]: map→odom: x=0.356 y=-0.618 z=0.163
[WARN] [1783986224.566359889] [global_localization]: No odometry yet, skip odom transform in crop
[INFO] [1783986224.571482020] [global_localization]: ICP input: scan=5075 pts, map_FOV=84869 pts
[INFO] [1783986224.708572960] [global_localization]: ICP fitness: coarse=1.000, fine=0.967, threshold=0.9
[INFO] [1783986224.709071377] [global_localization]: map→odom: x=0.356 y=-0.618 z=0.163
[WARN] [1783986225.066394060] [global_localization]: No odometry yet, skip odom transform in crop
[INFO] [1783986225.071306958] [global_localization]: ICP input: scan=5075 pts, map_FOV=84869 pts
[INFO] [1783986225.232419282] [global_localization]: ICP fitness: coarse=1.000, fine=0.967, threshold=0.9
[INFO] [1783986225.232927477] [global_localization]: map→odom: x=0.356 y=-0.618 z=0.163
[WARN] [1783986225.566643582] [global_localization]: No odometry yet, skip odom transform in crop
[INFO] [1783986225.571515169] [global_localization]: ICP input: scan=5075 pts, map_FOV=84869 pts
[INFO] [1783986225.704322882] [global_localization]: ICP fitness: coarse=1.000, fine=0.967, threshold=0.9
[INFO] [1783986225.704742865] [global_localization]: map→odom: x=0.356 y=-0.618 z=0.163
[WARN] [1783986226.066418511] [global_localization]: No odometry yet, skip odom transform in crop
[INFO] [1783986226.072036685] [global_localization]: ICP input: scan=5075 pts, map_FOV=84869 pts
[INFO] [1783986226.197435973] [global_localization]: ICP fitness: coarse=1.000, fine=0.967, threshold=0.9
[INFO] [1783986226.197902545] [global_localization]: map→odom: x=0.356 y=-0.618 z=0.163
[WARN] [1783986226.566468877] [global_localization]: No odometry yet, skip odom transform in crop
[INFO] [1783986226.571373588] [global_localization]: ICP input: scan=5075 pts, map_FOV=84869 pts
[INFO] [1783986226.715875333] [global_localization]: ICP fitness: coarse=1.000, fine=0.967, threshold=0.9
[INFO] [1783986226.716456837] [global_localization]: map→odom: x=0.356 y=-0.618 z=0.163
[WARN] [1783986227.066531327] [global_localization]: No odometry yet, skip odom transform in crop
[INFO] [1783986227.071265696] [global_localization]: ICP input: scan=5075 pts, map_FOV=84869 pts
[INFO] [1783986227.214513960] [global_localization]: ICP fitness: coarse=1.000, fine=0.967, threshold=0.9
[INFO] [1783986227.215040579] [global_localization]: map→odom: x=0.356 y=-0.618 z=0.163
[WARN] [1783986227.566484922] [global_localization]: No odometry yet, skip odom transform in crop
[INFO] [1783986227.572267649] [global_localization]: ICP input: scan=5075 pts, map_FOV=84869 pts
[INFO] [1783986227.708868084] [global_localization]: ICP fitness: coarse=1.000, fine=0.967, threshold=0.9
[INFO] [1783986227.709315513] [global_localization]: map→odom: x=0.356 y=-0.618 z=0.163
[WARN] [1783986228.066419991] [global_localization]: No odometry yet, skip odom transform in crop
[INFO] [1783986228.081797715] [global_localization]: ICP input: scan=5075 pts, map_FOV=84869 pts
[INFO] [1783986228.249210197] [global_localization]: ICP fitness: coarse=1.000, fine=0.967, threshold=0.9
[INFO] [1783986228.249655140] [global_localization]: map→odom: x=0.356 y=-0.618 z=0.163
[WARN] [1783986228.566474033] [global_localization]: No odometry yet, skip odom transform in crop
[INFO] [1783986228.571701195] [global_localization]: ICP input: scan=5075 pts, map_FOV=84869 pts
[INFO] [1783986228.736339776] [global_localization]: ICP fitness: coarse=1.000, fine=0.967, threshold=0.9
[INFO] [1783986228.736869780] [global_localization]: map→odom: x=0.356 y=-0.618 z=0.163
[WARN] [1783986229.066457974] [global_localization]: No odometry yet, skip odom transform in crop
[INFO] [1783986229.072181172] [global_localization]: ICP input: scan=5075 pts, map_FOV=84869 pts
[INFO] [1783986229.207219107] [global_localization]: ICP fitness: coarse=1.000, fine=0.967, threshold=0.9
[INFO] [1783986229.207754380] [global_localization]: map→odom: x=0.356 y=-0.618 z=0.163
[WARN] [1783986229.566475195] [global_localization]: No odometry yet, skip odom transform in crop
[INFO] [1783986229.571259578] [global_localization]: ICP input: scan=5075 pts, map_FOV=84869 pts
[INFO] [1783986229.704915091] [global_localization]: ICP fitness: coarse=1.000, fine=0.967, threshold=0.9
[INFO] [1783986229.705461926] [global_localization]: map→odom: x=0.356 y=-0.618 z=0.163
[WARN] [1783986230.066753763] [global_localization]: No odometry yet, skip odom transform in crop
[INFO] [1783986230.072797625] [global_localization]: ICP input: scan=5075 pts, map_FOV=84869 pts
[INFO] [1783986230.257642365] [global_localization]: ICP fitness: coarse=1.000, fine=0.967, threshold=0.9
[INFO] [1783986230.258107347] [global_localization]: map→odom: x=0.356 y=-0.618 z=0.163
[WARN] [1783986230.566474773] [global_localization]: No odometry yet, skip odom transform in crop
[INFO] [1783986230.571617231] [global_localization]: ICP input: scan=5075 pts, map_FOV=84869 pts
[INFO] [1783986230.708037221] [global_localization]: ICP fitness: coarse=1.000, fine=0.967, threshold=0.9
[INFO] [1783986230.708757271] [global_localization]: map→odom: x=0.356 y=-0.618 z=0.163
[WARN] [1783986231.066325842] [global_localization]: No odometry yet, skip odom transform in crop
[INFO] [1783986231.071160136] [global_localization]: ICP input: scan=5075 pts, map_FOV=84869 pts
[INFO] [1783986231.212347788] [global_localization]: ICP fitness: coarse=1.000, fine=0.967, threshold=0.9
[INFO] [1783986231.212805689] [global_localization]: map→odom: x=0.356 y=-0.618 z=0.163
[WARN] [1783986231.566514785] [global_localization]: No odometry yet, skip odom transform in crop
[INFO] [1783986231.571537457] [global_localization]: ICP input: scan=5075 pts, map_FOV=84869 pts
[INFO] [1783986231.708609299] [global_localization]: ICP fitness: coarse=1.000, fine=0.967, threshold=0.9
[INFO] [1783986231.709062252] [global_localization]: map→odom: x=0.356 y=-0.618 z=0.163
[WARN] [1783986232.066381599] [global_localization]: No odometry yet, skip odom transform in crop
[INFO] [1783986232.072026484] [global_localization]: ICP input: scan=5075 pts, map_FOV=84869 pts
[INFO] [1783986232.221232721] [global_localization]: ICP fitness: coarse=1.000, fine=0.967, threshold=0.9
[INFO] [1783986232.221760625] [global_localization]: map→odom: x=0.356 y=-0.618 z=0.163
[WARN] [1783986232.566414931] [global_localization]: No odometry yet, skip odom transform in crop
[INFO] [1783986232.571249093] [global_localization]: ICP input: scan=5075 pts, map_FOV=84869 pts
[INFO] [1783986232.729448880] [global_localization]: ICP fitness: coarse=1.000, fine=0.967, threshold=0.9
[INFO] [1783986232.730000712] [global_localization]: map→odom: x=0.356 y=-0.618 z=0.163
[WARN] [1783986233.066472701] [global_localization]: No odometry yet, skip odom transform in crop
[INFO] [1783986233.072013353] [global_localization]: ICP input: scan=5075 pts, map_FOV=84869 pts
[INFO] [1783986233.221375181] [global_localization]: ICP fitness: coarse=1.000, fine=0.967, threshold=0.9
[INFO] [1783986233.221916172] [global_localization]: map→odom: x=0.356 y=-0.618 z=0.163
[WARN] [1783986233.566360403] [global_localization]: No odometry yet, skip odom transform in crop
[INFO] [1783986233.571545089] [global_localization]: ICP input: scan=5075 pts, map_FOV=84869 pts
[INFO] [1783986233.718738348] [global_localization]: ICP fitness: coarse=1.000, fine=0.967, threshold=0.9
[INFO] [1783986233.719270259] [global_localization]: map→odom: x=0.356 y=-0.618 z=0.163
[WARN] [1783986234.066567411] [global_localization]: No odometry yet, skip odom transform in crop
[INFO] [1783986234.072075076] [global_localization]: ICP input: scan=5075 pts, map_FOV=84869 pts
[INFO] [1783986234.231160652] [global_localization]: ICP fitness: coarse=1.000, fine=0.967, threshold=0.9
[INFO] [1783986234.231624828] [global_localization]: map→odom: x=0.356 y=-0.618 z=0.163
[WARN] [1783986234.566307264] [global_localization]: No odometry yet, skip odom transform in crop
[INFO] [1783986234.572897020] [global_localization]: ICP input: scan=5075 pts, map_FOV=84869 pts
[INFO] [1783986234.731456109] [global_localization]: ICP fitness: coarse=1.000, fine=0.967, threshold=0.9
[INFO] [1783986234.732017148] [global_localization]: map→odom: x=0.356 y=-0.618 z=0.163
[WARN] [1783986235.066320578] [global_localization]: No odometry yet, skip odom transform in crop
[INFO] [1783986235.071325966] [global_localization]: ICP input: scan=5075 pts, map_FOV=84869 pts
[INFO] [1783986235.212279148] [global_localization]: ICP fitness: coarse=1.000, fine=0.967, threshold=0.9
[INFO] [1783986235.212814960] [global_localization]: map→odom: x=0.356 y=-0.618 z=0.163
[WARN] [1783986235.566422801] [global_localization]: No odometry yet, skip odom transform in crop
[INFO] [1783986235.571449485] [global_localization]: ICP input: scan=5075 pts, map_FOV=84869 pts
[INFO] [1783986235.722750245] [global_localization]: ICP fitness: coarse=1.000, fine=0.967, threshold=0.9
[INFO] [1783986235.723276771] [global_localization]: map→odom: x=0.356 y=-0.618 z=0.163
[WARN] [1783986236.066402793] [global_localization]: No odometry yet, skip odom transform in crop
[INFO] [1783986236.071520425] [global_localization]: ICP input: scan=5075 pts, map_FOV=84869 pts
[INFO] [1783986236.212780891] [global_localization]: ICP fitness: coarse=1.000, fine=0.967, threshold=0.9
[INFO] [1783986236.213477317] [global_localization]: map→odom: x=0.356 y=-0.618 z=0.163
[WARN] [1783986236.566514500] [global_localization]: No odometry yet, skip odom transform in crop
[INFO] [1783986236.572100621] [global_localization]: ICP input: scan=5075 pts, map_FOV=84869 pts
[INFO] [1783986236.735158377] [global_localization]: ICP fitness: coarse=1.000, fine=0.967, threshold=0.9
[INFO] [1783986236.735702576] [global_localization]: map→odom: x=0.356 y=-0.618 z=0.163
[WARN] [1783986237.066468396] [global_localization]: No odometry yet, skip odom transform in crop
[INFO] [1783986237.070978992] [global_localization]: ICP input: scan=5075 pts, map_FOV=84869 pts
[INFO] [1783986237.215677694] [global_localization]: ICP fitness: coarse=1.000, fine=0.967, threshold=0.9
[INFO] [1783986237.216113039] [global_localization]: map→odom: x=0.356 y=-0.618 z=0.163
[WARN] [1783986237.566500072] [global_localization]: No odometry yet, skip odom transform in crop
[INFO] [1783986237.571656220] [global_localization]: ICP input: scan=5075 pts, map_FOV=84869 pts
[INFO] [1783986237.752640139] [global_localization]: ICP fitness: coarse=1.000, fine=0.967, threshold=0.9
[INFO] [1783986237.753177945] [global_localization]: map→odom: x=0.356 y=-0.618 z=0.163
[WARN] [1783986238.066316079] [global_localization]: No odometry yet, skip odom transform in crop
[INFO] [1783986238.071114280] [global_localization]: ICP input: scan=5075 pts, map_FOV=84869 pts
[INFO] [1783986238.207054202] [global_localization]: ICP fitness: coarse=1.000, fine=0.967, threshold=0.9
[INFO] [1783986238.207583312] [global_localization]: map→odom: x=0.356 y=-0.618 z=0.163
[WARN] [1783986238.566461718] [global_localization]: No odometry yet, skip odom transform in crop
[INFO] [1783986238.572276823] [global_localization]: ICP input: scan=5075 pts, map_FOV=84869 pts
[INFO] [1783986238.725961118] [global_localization]: ICP fitness: coarse=1.000, fine=0.967, threshold=0.9
[INFO] [1783986238.726499304] [global_localization]: map→odom: x=0.356 y=-0.618 z=0.163
[WARN] [1783986239.066548792] [global_localization]: No odometry yet, skip odom transform in crop
[INFO] [1783986239.071898300] [global_localization]: ICP input: scan=5075 pts, map_FOV=84869 pts
[INFO] [1783986239.290499440] [global_localization]: ICP fitness: coarse=1.000, fine=0.967, threshold=0.9
[INFO] [1783986239.291187447] [global_localization]: map→odom: x=0.356 y=-0.618 z=0.163
[WARN] [1783986239.566470566] [global_localization]: No odometry yet, skip odom transform in crop
[INFO] [1783986239.572194644] [global_localization]: ICP input: scan=5075 pts, map_FOV=84869 pts
[INFO] [1783986239.733852927] [global_localization]: ICP fitness: coarse=1.000, fine=0.967, threshold=0.9
[INFO] [1783986239.734384045] [global_localization]: map→odom: x=0.356 y=-0.618 z=0.163
[WARN] [1783986240.066343686] [global_localization]: No odometry yet, skip odom transform in crop
[INFO] [1783986240.073084089] [global_localization]: ICP input: scan=5075 pts, map_FOV=84869 pts
[INFO] [1783986240.211538370] [global_localization]: ICP fitness: coarse=1.000, fine=0.967, threshold=0.9
[INFO] [1783986240.211988896] [global_localization]: map→odom: x=0.356 y=-0.618 z=0.163
[WARN] [1783986240.566380370] [global_localization]: No odometry yet, skip odom transform in crop
[INFO] [1783986240.571652792] [global_localization]: ICP input: scan=5075 pts, map_FOV=84869 pts
[INFO] [1783986240.709491472] [global_localization]: ICP fitness: coarse=1.000, fine=0.967, threshold=0.9
[INFO] [1783986240.709922838] [global_localization]: map→odom: x=0.356 y=-0.618 z=0.163
[WARN] [1783986241.066591281] [global_localization]: No odometry yet, skip odom transform in crop
[INFO] [1783986241.071567824] [global_localization]: ICP input: scan=5075 pts, map_FOV=84869 pts
[INFO] [1783986241.223923723] [global_localization]: ICP fitness: coarse=1.000, fine=0.967, threshold=0.9
[INFO] [1783986241.224465062] [global_localization]: map→odom: x=0.356 y=-0.618 z=0.163
[WARN] [1783986241.566418352] [global_localization]: No odometry yet, skip odom transform in crop
[INFO] [1783986241.571348919] [global_localization]: ICP input: scan=5075 pts, map_FOV=84869 pts
[INFO] [1783986241.704477647] [global_localization]: ICP fitness: coarse=1.000, fine=0.967, threshold=0.9
[INFO] [1783986241.705015527] [global_localization]: map→odom: x=0.356 y=-0.618 z=0.163
[WARN] [1783986242.066577557] [global_localization]: No odometry yet, skip odom transform in crop
[INFO] [1783986242.073031891] [global_localization]: ICP input: scan=5075 pts, map_FOV=84869 pts
[INFO] [1783986242.227908997] [global_localization]: ICP fitness: coarse=1.000, fine=0.967, threshold=0.9
[INFO] [1783986242.228344201] [global_localization]: map→odom: x=0.356 y=-0.618 z=0.163
[WARN] [1783986242.566474327] [global_localization]: No odometry yet, skip odom transform in crop
[INFO] [1783986242.571597534] [global_localization]: ICP input: scan=5075 pts, map_FOV=84869 pts
[INFO] [1783986242.714154076] [global_localization]: ICP fitness: coarse=1.000, fine=0.967, threshold=0.9
[INFO] [1783986242.714623973] [global_localization]: map→odom: x=0.356 y=-0.618 z=0.163
[WARN] [1783986243.066238410] [global_localization]: No odometry yet, skip odom transform in crop
[INFO] [1783986243.070843693] [global_localization]: ICP input: scan=5075 pts, map_FOV=84869 pts
[INFO] [1783986243.213287989] [global_localization]: ICP fitness: coarse=1.000, fine=0.967, threshold=0.9
[INFO] [1783986243.213835631] [global_localization]: map→odom: x=0.356 y=-0.618 z=0.163
[WARN] [1783986243.566657274] [global_localization]: No odometry yet, skip odom transform in crop
[INFO] [1783986243.573126233] [global_localization]: ICP input: scan=5075 pts, map_FOV=84869 pts
[INFO] [1783986243.732702352] [global_localization]: ICP fitness: coarse=1.000, fine=0.967, threshold=0.9
[INFO] [1783986243.733228315] [global_localization]: map→odom: x=0.356 y=-0.618 z=0.163
[WARN] [1783986244.066558553] [global_localization]: No odometry yet, skip odom transform in crop
[INFO] [1783986244.072371515] [global_localization]: ICP input: scan=5075 pts, map_FOV=84869 pts
[INFO] [1783986244.214179785] [global_localization]: ICP fitness: coarse=1.000, fine=0.967, threshold=0.9
[INFO] [1783986244.214632831] [global_localization]: map→odom: x=0.356 y=-0.618 z=0.163
[WARN] [1783986244.566444323] [global_localization]: No odometry yet, skip odom transform in crop
[INFO] [1783986244.571056496] [global_localization]: ICP input: scan=5075 pts, map_FOV=84869 pts
[INFO] [1783986244.724113825] [global_localization]: ICP fitness: coarse=1.000, fine=0.967, threshold=0.9
[INFO] [1783986244.724643052] [global_localization]: map→odom: x=0.356 y=-0.618 z=0.163
[WARN] [1783986245.066557371] [global_localization]: No odometry yet, skip odom transform in crop
[INFO] [1783986245.071710357] [global_localization]: ICP input: scan=5075 pts, map_FOV=84869 pts
[INFO] [1783986245.209352880] [global_localization]: ICP fitness: coarse=1.000, fine=0.967, threshold=0.9
[INFO] [1783986245.209887932] [global_localization]: map→odom: x=0.356 y=-0.618 z=0.163
[WARN] [1783986245.566477981] [global_localization]: No odometry yet, skip odom transform in crop
[INFO] [1783986245.571586886] [global_localization]: ICP input: scan=5075 pts, map_FOV=84869 pts
[INFO] [1783986245.711405608] [global_localization]: ICP fitness: coarse=1.000, fine=0.967, threshold=0.9
[INFO] [1783986245.711959612] [global_localization]: map→odom: x=0.356 y=-0.618 z=0.163
[WARN] [1783986246.066454422] [global_localization]: No odometry yet, skip odom transform in crop
[INFO] [1783986246.072111272] [global_localization]: ICP input: scan=5075 pts, map_FOV=84869 pts
[INFO] [1783986246.235121024] [global_localization]: ICP fitness: coarse=1.000, fine=0.967, threshold=0.9
[INFO] [1783986246.235646491] [global_localization]: map→odom: x=0.356 y=-0.618 z=0.163
[WARN] [1783986246.566460696] [global_localization]: No odometry yet, skip odom transform in crop
[INFO] [1783986246.571119682] [global_localization]: ICP input: scan=5075 pts, map_FOV=84869 pts
[INFO] [1783986246.708590480] [global_localization]: ICP fitness: coarse=1.000, fine=0.967, threshold=0.9
[INFO] [1783986246.709115362] [global_localization]: map→odom: x=0.356 y=-0.618 z=0.163
[WARN] [1783986247.066554730] [global_localization]: No odometry yet, skip odom transform in crop
[INFO] [1783986247.072352574] [global_localization]: ICP input: scan=5075 pts, map_FOV=84869 pts
[INFO] [1783986247.223584485] [global_localization]: ICP fitness: coarse=1.000, fine=0.967, threshold=0.9
[INFO] [1783986247.224117784] [global_localization]: map→odom: x=0.356 y=-0.618 z=0.163
[WARN] [1783986247.566540137] [global_localization]: No odometry yet, skip odom transform in crop
[INFO] [1783986247.571592995] [global_localization]: ICP input: scan=5075 pts, map_FOV=84869 pts
[INFO] [1783986247.708785088] [global_localization]: ICP fitness: coarse=1.000, fine=0.967, threshold=0.9
[INFO] [1783986247.709310363] [global_localization]: map→odom: x=0.356 y=-0.618 z=0.163
[WARN] [1783986248.066374170] [global_localization]: No odometry yet, skip odom transform in crop
[INFO] [1783986248.072884703] [global_localization]: ICP input: scan=5075 pts, map_FOV=84869 pts
[INFO] [1783986248.211529003] [global_localization]: ICP fitness: coarse=1.000, fine=0.967, threshold=0.9
[INFO] [1783986248.211973020] [global_localization]: map→odom: x=0.356 y=-0.618 z=0.163
[WARN] [1783986248.566288908] [global_localization]: No odometry yet, skip odom transform in crop
[INFO] [1783986248.572892688] [global_localization]: ICP input: scan=5075 pts, map_FOV=84869 pts
[INFO] [1783986248.725672922] [global_localization]: ICP fitness: coarse=1.000, fine=0.967, threshold=0.9
[INFO] [1783986248.726175271] [global_localization]: map→odom: x=0.356 y=-0.618 z=0.163
[WARN] [1783986249.066356209] [global_localization]: No odometry yet, skip odom transform in crop
[INFO] [1783986249.071558172] [global_localization]: ICP input: scan=5075 pts, map_FOV=84869 pts
[INFO] [1783986249.218846178] [global_localization]: ICP fitness: coarse=1.000, fine=0.967, threshold=0.9
[INFO] [1783986249.219373018] [global_localization]: map→odom: x=0.356 y=-0.618 z=0.163
[WARN] [1783986249.566458751] [global_localization]: No odometry yet, skip odom transform in crop
[INFO] [1783986249.571468039] [global_localization]: ICP input: scan=5075 pts, map_FOV=84869 pts
[INFO] [1783986249.706705617] [global_localization]: ICP fitness: coarse=1.000, fine=0.967, threshold=0.9
[INFO] [1783986249.707206226] [global_localization]: map→odom: x=0.356 y=-0.618 z=0.163
[WARN] [1783986250.066359446] [global_localization]: No odometry yet, skip odom transform in crop
[INFO] [1783986250.072179092] [global_localization]: ICP input: scan=5075 pts, map_FOV=84869 pts
[INFO] [1783986250.215837019] [global_localization]: ICP fitness: coarse=1.000, fine=0.967, threshold=0.9
[INFO] [1783986250.216516343] [global_localization]: map→odom: x=0.356 y=-0.618 z=0.163
[WARN] [1783986250.566518559] [global_localization]: No odometry yet, skip odom transform in crop
[INFO] [1783986250.571956175] [global_localization]: ICP input: scan=5075 pts, map_FOV=84869 pts
[INFO] [1783986250.732767429] [global_localization]: ICP fitness: coarse=1.000, fine=0.967, threshold=0.9
[INFO] [1783986250.733288373] [global_localization]: map→odom: x=0.356 y=-0.618 z=0.163
[WARN] [1783986251.066515722] [global_localization]: No odometry yet, skip odom transform in crop
[INFO] [1783986251.072032306] [global_localization]: ICP input: scan=5075 pts, map_FOV=84869 pts
[INFO] [1783986251.233952070] [global_localization]: ICP fitness: coarse=1.000, fine=0.967, threshold=0.9
[INFO] [1783986251.234416675] [global_localization]: map→odom: x=0.356 y=-0.618 z=0.163
[WARN] [1783986251.566582952] [global_localization]: No odometry yet, skip odom transform in crop
[INFO] [1783986251.571645847] [global_localization]: ICP input: scan=5075 pts, map_FOV=84869 pts
[INFO] [1783986251.706045295] [global_localization]: ICP fitness: coarse=1.000, fine=0.967, threshold=0.9
[INFO] [1783986251.706569158] [global_localization]: map→odom: x=0.356 y=-0.618 z=0.163
[WARN] [1783986252.066430172] [global_localization]: No odometry yet, skip odom transform in crop
[INFO] [1783986252.071536359] [global_localization]: ICP input: scan=5075 pts, map_FOV=84869 pts
[INFO] [1783986252.230641215] [global_localization]: ICP fitness: coarse=1.000, fine=0.967, threshold=0.9
[INFO] [1783986252.231211253] [global_localization]: map→odom: x=0.356 y=-0.618 z=0.163
[WARN] [1783986252.566418318] [global_localization]: No odometry yet, skip odom transform in crop
[INFO] [1783986252.571772600] [global_localization]: ICP input: scan=5075 pts, map_FOV=84869 pts
[INFO] [1783986252.737408060] [global_localization]: ICP fitness: coarse=1.000, fine=0.967, threshold=0.9
[INFO] [1783986252.737920743] [global_localization]: map→odom: x=0.356 y=-0.618 z=0.163
[WARN] [1783986253.066617449] [global_localization]: No odometry yet, skip odom transform in crop
[INFO] [1783986253.072333081] [global_localization]: ICP input: scan=5075 pts, map_FOV=84869 pts
[INFO] [1783986253.206048456] [global_localization]: ICP fitness: coarse=1.000, fine=0.967, threshold=0.9
[INFO] [1783986253.206545991] [global_localization]: map→odom: x=0.356 y=-0.618 z=0.163
[WARN] [1783986253.566326100] [global_localization]: No odometry yet, skip odom transform in crop
[INFO] [1783986253.571261447] [global_localization]: ICP input: scan=5075 pts, map_FOV=84869 pts
[INFO] [1783986253.739873317] [global_localization]: ICP fitness: coarse=1.000, fine=0.967, threshold=0.9
[INFO] [1783986253.740563650] [global_localization]: map→odom: x=0.356 y=-0.618 z=0.163
[WARN] [1783986254.066337556] [global_localization]: No odometry yet, skip odom transform in crop
[INFO] [1783986254.074770546] [global_localization]: ICP input: scan=5075 pts, map_FOV=84869 pts
[INFO] [1783986254.206330184] [global_localization]: ICP fitness: coarse=1.000, fine=0.967, threshold=0.9
[INFO] [1783986254.206873278] [global_localization]: map→odom: x=0.356 y=-0.618 z=0.163
[WARN] [1783986254.566440427] [global_localization]: No odometry yet, skip odom transform in crop
[INFO] [1783986254.574142005] [global_localization]: ICP input: scan=5075 pts, map_FOV=84869 pts
[INFO] [1783986254.739042746] [global_localization]: ICP fitness: coarse=1.000, fine=0.967, threshold=0.9
[INFO] [1783986254.739563970] [global_localization]: map→odom: x=0.356 y=-0.618 z=0.163
[WARN] [1783986255.066512222] [global_localization]: No odometry yet, skip odom transform in crop
[INFO] [1783986255.071798472] [global_localization]: ICP input: scan=5075 pts, map_FOV=84869 pts
[INFO] [1783986255.216790989] [global_localization]: ICP fitness: coarse=1.000, fine=0.967, threshold=0.9
[INFO] [1783986255.217368534] [global_localization]: map→odom: x=0.356 y=-0.618 z=0.163
[WARN] [1783986255.566575375] [global_localization]: No odometry yet, skip odom transform in crop
[INFO] [1783986255.572676990] [global_localization]: ICP input: scan=5075 pts, map_FOV=84869 pts
[INFO] [1783986255.734502030] [global_localization]: ICP fitness: coarse=1.000, fine=0.967, threshold=0.9
[INFO] [1783986255.735053865] [global_localization]: map→odom: x=0.356 y=-0.618 z=0.163
[WARN] [1783986256.066467984] [global_localization]: No odometry yet, skip odom transform in crop
[INFO] [1783986256.073451326] [global_localization]: ICP input: scan=5075 pts, map_FOV=84869 pts
[INFO] [1783986256.224747343] [global_localization]: ICP fitness: coarse=1.000, fine=0.967, threshold=0.9
[INFO] [1783986256.225168459] [global_localization]: map→odom: x=0.356 y=-0.618 z=0.163
[WARN] [1783986256.566678918] [global_localization]: No odometry yet, skip odom transform in crop
[INFO] [1783986256.572486041] [global_localization]: ICP input: scan=5075 pts, map_FOV=84869 pts
[INFO] [1783986256.727319216] [global_localization]: ICP fitness: coarse=1.000, fine=0.967, threshold=0.9
[INFO] [1783986256.728024521] [global_localization]: map→odom: x=0.356 y=-0.618 z=0.163
[WARN] [1783986257.066519616] [global_localization]: No odometry yet, skip odom transform in crop
[INFO] [1783986257.072785167] [global_localization]: ICP input: scan=5075 pts, map_FOV=84869 pts
[INFO] [1783986257.238870170] [global_localization]: ICP fitness: coarse=1.000, fine=0.967, threshold=0.9
[INFO] [1783986257.239400144] [global_localization]: map→odom: x=0.356 y=-0.618 z=0.163
[WARN] [1783986257.566426071] [global_localization]: No odometry yet, skip odom transform in crop
[INFO] [1783986257.573178962] [global_localization]: ICP input: scan=5075 pts, map_FOV=84869 pts
[INFO] [1783986257.699305177] [global_localization]: ICP fitness: coarse=1.000, fine=0.967, threshold=0.9
[INFO] [1783986257.699828972] [global_localization]: map→odom: x=0.356 y=-0.618 z=0.163
[WARN] [1783986258.066295868] [global_localization]: No odometry yet, skip odom transform in crop
[INFO] [1783986258.071474268] [global_localization]: ICP input: scan=5075 pts, map_FOV=84869 pts
[INFO] [1783986258.208599968] [global_localization]: ICP fitness: coarse=1.000, fine=0.967, threshold=0.9
[INFO] [1783986258.209134356] [global_localization]: map→odom: x=0.356 y=-0.618 z=0.163
[WARN] [1783986258.566529500] [global_localization]: No odometry yet, skip odom transform in crop
[INFO] [1783986258.571600784] [global_localization]: ICP input: scan=5075 pts, map_FOV=84869 pts
[INFO] [1783986258.765561439] [global_localization]: ICP fitness: coarse=1.000, fine=0.967, threshold=0.9
[INFO] [1783986258.766100060] [global_localization]: map→odom: x=0.356 y=-0.618 z=0.163
[WARN] [1783986259.066361912] [global_localization]: No odometry yet, skip odom transform in crop
[INFO] [1783986259.071333750] [global_localization]: ICP input: scan=5075 pts, map_FOV=84869 pts
[INFO] [1783986259.217562349] [global_localization]: ICP fitness: coarse=1.000, fine=0.967, threshold=0.9
[INFO] [1783986259.218098034] [global_localization]: map→odom: x=0.356 y=-0.618 z=0.163
[WARN] [1783986259.566436420] [global_localization]: No odometry yet, skip odom transform in crop
[INFO] [1783986259.571583783] [global_localization]: ICP input: scan=5075 pts, map_FOV=84869 pts
[INFO] [1783986259.716448368] [global_localization]: ICP fitness: coarse=1.000, fine=0.967, threshold=0.9
[INFO] [1783986259.716970682] [global_localization]: map→odom: x=0.356 y=-0.618 z=0.163
[WARN] [1783986260.066432936] [global_localization]: No odometry yet, skip odom transform in crop
[INFO] [1783986260.072326987] [global_localization]: ICP input: scan=5075 pts, map_FOV=84869 pts
[INFO] [1783986260.240181057] [global_localization]: ICP fitness: coarse=1.000, fine=0.967, threshold=0.9
[INFO] [1783986260.240622880] [global_localization]: map→odom: x=0.356 y=-0.618 z=0.163
[WARN] [1783986260.566292094] [global_localization]: No odometry yet, skip odom transform in crop
[INFO] [1783986260.573794316] [global_localization]: ICP input: scan=5075 pts, map_FOV=84869 pts
[INFO] [1783986260.717500012] [global_localization]: ICP fitness: coarse=1.000, fine=0.967, threshold=0.9
[INFO] [1783986260.717984151] [global_localization]: map→odom: x=0.356 y=-0.618 z=0.163
[WARN] [1783986261.066452558] [global_localization]: No odometry yet, skip odom transform in crop
[INFO] [1783986261.073743886] [global_localization]: ICP input: scan=5075 pts, map_FOV=84869 pts
[INFO] [1783986261.206372950] [global_localization]: ICP fitness: coarse=1.000, fine=0.967, threshold=0.9
[INFO] [1783986261.206884321] [global_localization]: map→odom: x=0.356 y=-0.618 z=0.163
[WARN] [1783986261.566509406] [global_localization]: No odometry yet, skip odom transform in crop
[INFO] [1783986261.571481750] [global_localization]: ICP input: scan=5075 pts, map_FOV=84869 pts
[INFO] [1783986261.712538488] [global_localization]: ICP fitness: coarse=1.000, fine=0.967, threshold=0.9
[INFO] [1783986261.713092912] [global_localization]: map→odom: x=0.356 y=-0.618 z=0.163
[WARN] [1783986262.066574572] [global_localization]: No odometry yet, skip odom transform in crop
[INFO] [1783986262.072764962] [global_localization]: ICP input: scan=5075 pts, map_FOV=84869 pts
[INFO] [1783986262.209981487] [global_localization]: ICP fitness: coarse=1.000, fine=0.967, threshold=0.9
[INFO] [1783986262.210499373] [global_localization]: map→odom: x=0.356 y=-0.618 z=0.163
[WARN] [1783986262.566365857] [global_localization]: No odometry yet, skip odom transform in crop
[INFO] [1783986262.571321331] [global_localization]: ICP input: scan=5075 pts, map_FOV=84869 pts
[INFO] [1783986262.698353525] [global_localization]: ICP fitness: coarse=1.000, fine=0.967, threshold=0.9
[INFO] [1783986262.698863337] [global_localization]: map→odom: x=0.356 y=-0.618 z=0.163
[WARN] [1783986263.066515207] [global_localization]: No odometry yet, skip odom transform in crop
[INFO] [1783986263.072049489] [global_localization]: ICP input: scan=5075 pts, map_FOV=84869 pts
[INFO] [1783986263.239914593] [global_localization]: ICP fitness: coarse=1.000, fine=0.967, threshold=0.9
[INFO] [1783986263.240445049] [global_localization]: map→odom: x=0.356 y=-0.618 z=0.163
[WARN] [1783986263.566391315] [global_localization]: No odometry yet, skip odom transform in crop
[INFO] [1783986263.571466132] [global_localization]: ICP input: scan=5075 pts, map_FOV=84869 pts
[INFO] [1783986263.706917030] [global_localization]: ICP fitness: coarse=1.000, fine=0.967, threshold=0.9
[INFO] [1783986263.707442458] [global_localization]: map→odom: x=0.356 y=-0.618 z=0.163
[WARN] [1783986264.066326873] [global_localization]: No odometry yet, skip odom transform in crop
[INFO] [1783986264.071127659] [global_localization]: ICP input: scan=5075 pts, map_FOV=84869 pts
[INFO] [1783986264.215317354] [global_localization]: ICP fitness: coarse=1.000, fine=0.967, threshold=0.9
[INFO] [1783986264.215871460] [global_localization]: map→odom: x=0.356 y=-0.618 z=0.163
[WARN] [1783986264.566462428] [global_localization]: No odometry yet, skip odom transform in crop
[INFO] [1783986264.571356719] [global_localization]: ICP input: scan=5075 pts, map_FOV=84869 pts
[INFO] [1783986264.705683571] [global_localization]: ICP fitness: coarse=1.000, fine=0.967, threshold=0.9
[INFO] [1783986264.706124416] [global_localization]: map→odom: x=0.356 y=-0.618 z=0.163
[WARN] [1783986265.066756955] [global_localization]: No odometry yet, skip odom transform in crop
[INFO] [1783986265.073225813] [global_localization]: ICP input: scan=5075 pts, map_FOV=84869 pts
[INFO] [1783986265.248535968] [global_localization]: ICP fitness: coarse=1.000, fine=0.967, threshold=0.9
[INFO] [1783986265.249069264] [global_localization]: map→odom: x=0.356 y=-0.618 z=0.163
[WARN] [1783986265.566450115] [global_localization]: No odometry yet, skip odom transform in crop
[INFO] [1783986265.571213276] [global_localization]: ICP input: scan=5075 pts, map_FOV=84869 pts
[INFO] [1783986265.706416852] [global_localization]: ICP fitness: coarse=1.000, fine=0.967, threshold=0.9
[INFO] [1783986265.706978743] [global_localization]: map→odom: x=0.356 y=-0.618 z=0.163
[WARN] [1783986266.066682564] [global_localization]: No odometry yet, skip odom transform in crop
[INFO] [1783986266.072108403] [global_localization]: ICP input: scan=5075 pts, map_FOV=84869 pts
[INFO] [1783986266.223612165] [global_localization]: ICP fitness: coarse=1.000, fine=0.967, threshold=0.9
[INFO] [1783986266.224143656] [global_localization]: map→odom: x=0.356 y=-0.618 z=0.163
[WARN] [1783986266.566261201] [global_localization]: No odometry yet, skip odom transform in crop
[INFO] [1783986266.574520822] [global_localization]: ICP input: scan=5075 pts, map_FOV=84869 pts
[INFO] [1783986266.728659520] [global_localization]: ICP fitness: coarse=1.000, fine=0.967, threshold=0.9
[INFO] [1783986266.729186817] [global_localization]: map→odom: x=0.356 y=-0.618 z=0.163
[WARN] [1783986267.066481656] [global_localization]: No odometry yet, skip odom transform in crop
[INFO] [1783986267.071055945] [global_localization]: ICP input: scan=5075 pts, map_FOV=84869 pts
[INFO] [1783986267.219915116] [global_localization]: ICP fitness: coarse=1.000, fine=0.967, threshold=0.9
[INFO] [1783986267.220443721] [global_localization]: map→odom: x=0.356 y=-0.618 z=0.163
[WARN] [1783986267.566496931] [global_localization]: No odometry yet, skip odom transform in crop
[INFO] [1783986267.572090087] [global_localization]: ICP input: scan=5075 pts, map_FOV=84869 pts
[INFO] [1783986267.735252769] [global_localization]: ICP fitness: coarse=1.000, fine=0.967, threshold=0.9
[INFO] [1783986267.735795614] [global_localization]: map→odom: x=0.356 y=-0.618 z=0.163
[WARN] [1783986268.066538738] [global_localization]: No odometry yet, skip odom transform in crop
[INFO] [1783986268.074708858] [global_localization]: ICP input: scan=5075 pts, map_FOV=84869 pts
[INFO] [1783986268.234854824] [global_localization]: ICP fitness: coarse=1.000, fine=0.967, threshold=0.9
[INFO] [1783986268.235633557] [global_localization]: map→odom: x=0.356 y=-0.618 z=0.163
[WARN] [1783986268.566422657] [global_localization]: No odometry yet, skip odom transform in crop
[INFO] [1783986268.571014575] [global_localization]: ICP input: scan=5075 pts, map_FOV=84869 pts
[INFO] [1783986268.716382042] [global_localization]: ICP fitness: coarse=1.000, fine=0.967, threshold=0.9
[INFO] [1783986268.716927185] [global_localization]: map→odom: x=0.356 y=-0.618 z=0.163
[WARN] [1783986269.066378524] [global_localization]: No odometry yet, skip odom transform in crop
[INFO] [1783986269.071569705] [global_localization]: ICP input: scan=5075 pts, map_FOV=84869 pts
[INFO] [1783986269.213341632] [global_localization]: ICP fitness: coarse=1.000, fine=0.967, threshold=0.9
[INFO] [1783986269.213793511] [global_localization]: map→odom: x=0.356 y=-0.618 z=0.163
[WARN] [1783986269.566389110] [global_localization]: No odometry yet, skip odom transform in crop
[INFO] [1783986269.571552207] [global_localization]: ICP input: scan=5075 pts, map_FOV=84869 pts
[INFO] [1783986269.722282123] [global_localization]: ICP fitness: coarse=1.000, fine=0.967, threshold=0.9
[INFO] [1783986269.722707765] [global_localization]: map→odom: x=0.356 y=-0.618 z=0.163
[WARN] [1783986270.066418868] [global_localization]: No odometry yet, skip odom transform in crop
[INFO] [1783986270.071505931] [global_localization]: ICP input: scan=5075 pts, map_FOV=84869 pts
[INFO] [1783986270.205495241] [global_localization]: ICP fitness: coarse=1.000, fine=0.967, threshold=0.9
[INFO] [1783986270.206238834] [global_localization]: map→odom: x=0.356 y=-0.618 z=0.163
[WARN] [1783986270.566343337] [global_localization]: No odometry yet, skip odom transform in crop
[INFO] [1783986270.571490574] [global_localization]: ICP input: scan=5075 pts, map_FOV=84869 pts
[INFO] [1783986270.719911138] [global_localization]: ICP fitness: coarse=1.000, fine=0.967, threshold=0.9
[INFO] [1783986270.720422277] [global_localization]: map→odom: x=0.356 y=-0.618 z=0.163
[WARN] [1783986271.066405656] [global_localization]: No odometry yet, skip odom transform in crop
[INFO] [1783986271.075598548] [global_localization]: ICP input: scan=5075 pts, map_FOV=84869 pts
[INFO] [1783986271.224854285] [global_localization]: ICP fitness: coarse=1.000, fine=0.967, threshold=0.9
[INFO] [1783986271.225394127] [global_localization]: map→odom: x=0.356 y=-0.618 z=0.163
[WARN] [1783986271.566546262] [global_localization]: No odometry yet, skip odom transform in crop
[INFO] [1783986271.572037969] [global_localization]: ICP input: scan=5075 pts, map_FOV=84869 pts
[INFO] [1783986271.714964271] [global_localization]: ICP fitness: coarse=1.000, fine=0.967, threshold=0.9
[INFO] [1783986271.715478742] [global_localization]: map→odom: x=0.356 y=-0.618 z=0.163
[WARN] [1783986272.066364354] [global_localization]: No odometry yet, skip odom transform in crop
[INFO] [1783986272.072859252] [global_localization]: ICP input: scan=5075 pts, map_FOV=84869 pts
[INFO] [1783986272.217579387] [global_localization]: ICP fitness: coarse=1.000, fine=0.967, threshold=0.9
[INFO] [1783986272.218014147] [global_localization]: map→odom: x=0.356 y=-0.618 z=0.163
[WARN] [1783986272.566762576] [global_localization]: No odometry yet, skip odom transform in crop
[INFO] [1783986272.573570932] [global_localization]: ICP input: scan=5075 pts, map_FOV=84869 pts
[INFO] [1783986272.754431031] [global_localization]: ICP fitness: coarse=1.000, fine=0.967, threshold=0.9
[INFO] [1783986272.754886036] [global_localization]: map→odom: x=0.356 y=-0.618 z=0.163
[WARN] [1783986273.066707880] [global_localization]: No odometry yet, skip odom transform in crop
[INFO] [1783986273.072413862] [global_localization]: ICP input: scan=5075 pts, map_FOV=84869 pts
[INFO] [1783986273.263745364] [global_localization]: ICP fitness: coarse=1.000, fine=0.967, threshold=0.9
[INFO] [1783986273.264194323] [global_localization]: map→odom: x=0.356 y=-0.618 z=0.163
[WARN] [1783986273.566644529] [global_localization]: No odometry yet, skip odom transform in crop
[INFO] [1783986273.573148333] [global_localization]: ICP input: scan=5075 pts, map_FOV=84869 pts
[INFO] [1783986273.752517101] [global_localization]: ICP fitness: coarse=1.000, fine=0.967, threshold=0.9
[INFO] [1783986273.752958999] [global_localization]: map→odom: x=0.356 y=-0.618 z=0.163
[WARN] [1783986274.066888157] [global_localization]: No odometry yet, skip odom transform in crop
[INFO] [1783986274.073055433] [global_localization]: ICP input: scan=5075 pts, map_FOV=84869 pts
[INFO] [1783986274.241015244] [global_localization]: ICP fitness: coarse=1.000, fine=0.967, threshold=0.9
[INFO] [1783986274.241589148] [global_localization]: map→odom: x=0.356 y=-0.618 z=0.163
[WARN] [1783986274.566396226] [global_localization]: No odometry yet, skip odom transform in crop
[INFO] [1783986274.571322688] [global_localization]: ICP input: scan=5075 pts, map_FOV=84869 pts
[INFO] [1783986274.718547820] [global_localization]: ICP fitness: coarse=1.000, fine=0.967, threshold=0.9
[INFO] [1783986274.719101758] [global_localization]: map→odom: x=0.356 y=-0.618 z=0.163
[WARN] [1783986275.066254223] [global_localization]: No odometry yet, skip odom transform in crop
[INFO] [1783986275.070876236] [global_localization]: ICP input: scan=5075 pts, map_FOV=84869 pts
[INFO] [1783986275.234368449] [global_localization]: ICP fitness: coarse=1.000, fine=0.967, threshold=0.9
[INFO] [1783986275.234795795] [global_localization]: map→odom: x=0.356 y=-0.618 z=0.163
[WARN] [1783986275.566358201] [global_localization]: No odometry yet, skip odom transform in crop
[INFO] [1783986275.571987865] [global_localization]: ICP input: scan=5075 pts, map_FOV=84869 pts
[INFO] [1783986275.710835908] [global_localization]: ICP fitness: coarse=1.000, fine=0.967, threshold=0.9
[INFO] [1783986275.711300641] [global_localization]: map→odom: x=0.356 y=-0.618 z=0.163
[WARN] [1783986276.066494388] [global_localization]: No odometry yet, skip odom transform in crop
[INFO] [1783986276.071578903] [global_localization]: ICP input: scan=5075 pts, map_FOV=84869 pts
[INFO] [1783986276.206981175] [global_localization]: ICP fitness: coarse=1.000, fine=0.967, threshold=0.9
[INFO] [1783986276.207571221] [global_localization]: map→odom: x=0.356 y=-0.618 z=0.163
[WARN] [1783986276.566419097] [global_localization]: No odometry yet, skip odom transform in crop
[INFO] [1783986276.571134279] [global_localization]: ICP input: scan=5075 pts, map_FOV=84869 pts
[INFO] [1783986276.697726318] [global_localization]: ICP fitness: coarse=1.000, fine=0.967, threshold=0.9
[INFO] [1783986276.698232992] [global_localization]: map→odom: x=0.356 y=-0.618 z=0.163
[WARN] [1783986277.066500338] [global_localization]: No odometry yet, skip odom transform in crop
[INFO] [1783986277.074593663] [global_localization]: ICP input: scan=5075 pts, map_FOV=84869 pts
[INFO] [1783986277.225803825] [global_localization]: ICP fitness: coarse=1.000, fine=0.967, threshold=0.9
[INFO] [1783986277.226304093] [global_localization]: map→odom: x=0.356 y=-0.618 z=0.163
[WARN] [1783986277.566389918] [global_localization]: No odometry yet, skip odom transform in crop
[INFO] [1783986277.571435361] [global_localization]: ICP input: scan=5075 pts, map_FOV=84869 pts
[INFO] [1783986277.701332258] [global_localization]: ICP fitness: coarse=1.000, fine=0.967, threshold=0.9
[INFO] [1783986277.701832092] [global_localization]: map→odom: x=0.356 y=-0.618 z=0.163
[WARN] [1783986278.066429700] [global_localization]: No odometry yet, skip odom transform in crop
[INFO] [1783986278.071118421] [global_localization]: ICP input: scan=5075 pts, map_FOV=84869 pts
[INFO] [1783986278.228094384] [global_localization]: ICP fitness: coarse=1.000, fine=0.967, threshold=0.9
[INFO] [1783986278.228625480] [global_localization]: map→odom: x=0.356 y=-0.618 z=0.163
[WARN] [1783986278.566487672] [global_localization]: No odometry yet, skip odom transform in crop
[INFO] [1783986278.573065074] [global_localization]: ICP input: scan=5075 pts, map_FOV=84869 pts
[INFO] [1783986278.733689698] [global_localization]: ICP fitness: coarse=1.000, fine=0.967, threshold=0.9
[INFO] [1783986278.734455614] [global_localization]: map→odom: x=0.356 y=-0.618 z=0.163
[WARN] [1783986279.066464728] [global_localization]: No odometry yet, skip odom transform in crop
[INFO] [1783986279.071359144] [global_localization]: ICP input: scan=5075 pts, map_FOV=84869 pts
[INFO] [1783986279.206660399] [global_localization]: ICP fitness: coarse=1.000, fine=0.967, threshold=0.9
[INFO] [1783986279.207254117] [global_localization]: map→odom: x=0.356 y=-0.618 z=0.163
[WARN] [1783986279.566474776] [global_localization]: No odometry yet, skip odom transform in crop
[INFO] [1783986279.571312867] [global_localization]: ICP input: scan=5075 pts, map_FOV=84869 pts
[INFO] [1783986279.729552635] [global_localization]: ICP fitness: coarse=1.000, fine=0.967, threshold=0.9
[INFO] [1783986279.730004682] [global_localization]: map→odom: x=0.356 y=-0.618 z=0.163
[WARN] [1783986280.066577989] [global_localization]: No odometry yet, skip odom transform in crop
[INFO] [1783986280.071977426] [global_localization]: ICP input: scan=5075 pts, map_FOV=84869 pts
[INFO] [1783986280.232080878] [global_localization]: ICP fitness: coarse=1.000, fine=0.967, threshold=0.9
[INFO] [1783986280.232494275] [global_localization]: map→odom: x=0.356 y=-0.618 z=0.163
[WARN] [1783986280.566471299] [global_localization]: No odometry yet, skip odom transform in crop
[INFO] [1783986280.571301720] [global_localization]: ICP input: scan=5075 pts, map_FOV=84869 pts
[INFO] [1783986280.731169156] [global_localization]: ICP fitness: coarse=1.000, fine=0.967, threshold=0.9
[INFO] [1783986280.731695570] [global_localization]: map→odom: x=0.356 y=-0.618 z=0.163
[WARN] [1783986281.066373719] [global_localization]: No odometry yet, skip odom transform in crop
[INFO] [1783986281.072423180] [global_localization]: ICP input: scan=5075 pts, map_FOV=84869 pts
[INFO] [1783986281.233248336] [global_localization]: ICP fitness: coarse=1.000, fine=0.967, threshold=0.9
[INFO] [1783986281.233780629] [global_localization]: map→odom: x=0.356 y=-0.618 z=0.163
[WARN] [1783986281.566396121] [global_localization]: No odometry yet, skip odom transform in crop
[INFO] [1783986281.572260900] [global_localization]: ICP input: scan=5075 pts, map_FOV=84869 pts
[INFO] [1783986281.711768299] [global_localization]: ICP fitness: coarse=1.000, fine=0.967, threshold=0.9
[INFO] [1783986281.712288200] [global_localization]: map→odom: x=0.356 y=-0.618 z=0.163
[WARN] [1783986282.066480517] [global_localization]: No odometry yet, skip odom transform in crop
[INFO] [1783986282.071810827] [global_localization]: ICP input: scan=5075 pts, map_FOV=84869 pts
[INFO] [1783986282.218678545] [global_localization]: ICP fitness: coarse=1.000, fine=0.967, threshold=0.9
[INFO] [1783986282.219098139] [global_localization]: map→odom: x=0.356 y=-0.618 z=0.163
[WARN] [1783986282.566416753] [global_localization]: No odometry yet, skip odom transform in crop
[INFO] [1783986282.572083503] [global_localization]: ICP input: scan=5075 pts, map_FOV=84869 pts
[INFO] [1783986282.764450022] [global_localization]: ICP fitness: coarse=1.000, fine=0.967, threshold=0.9
[INFO] [1783986282.764995987] [global_localization]: map→odom: x=0.356 y=-0.618 z=0.163
[WARN] [1783986283.066422445] [global_localization]: No odometry yet, skip odom transform in crop
[INFO] [1783986283.071454178] [global_localization]: ICP input: scan=5075 pts, map_FOV=84869 pts
[INFO] [1783986283.207328385] [global_localization]: ICP fitness: coarse=1.000, fine=0.967, threshold=0.9
[INFO] [1783986283.207770317] [global_localization]: map→odom: x=0.356 y=-0.618 z=0.163
[WARN] [1783986283.566543723] [global_localization]: No odometry yet, skip odom transform in crop
[INFO] [1783986283.572194364] [global_localization]: ICP input: scan=5075 pts, map_FOV=84869 pts
[INFO] [1783986283.724100960] [global_localization]: ICP fitness: coarse=1.000, fine=0.967, threshold=0.9
[INFO] [1783986283.724608447] [global_localization]: map→odom: x=0.356 y=-0.618 z=0.163
[WARN] [1783986284.066357032] [global_localization]: No odometry yet, skip odom transform in crop
[INFO] [1783986284.071862893] [global_localization]: ICP input: scan=5075 pts, map_FOV=84869 pts
[INFO] [1783986284.214272088] [global_localization]: ICP fitness: coarse=1.000, fine=0.967, threshold=0.9
[INFO] [1783986284.214811050] [global_localization]: map→odom: x=0.356 y=-0.618 z=0.163
[WARN] [1783986284.566487192] [global_localization]: No odometry yet, skip odom transform in crop
[INFO] [1783986284.571963853] [global_localization]: ICP input: scan=5075 pts, map_FOV=84869 pts
[INFO] [1783986284.730124426] [global_localization]: ICP fitness: coarse=1.000, fine=0.967, threshold=0.9
[INFO] [1783986284.730601284] [global_localization]: map→odom: x=0.356 y=-0.618 z=0.163
[WARN] [1783986285.066673484] [global_localization]: No odometry yet, skip odom transform in crop
[INFO] [1783986285.074863055] [global_localization]: ICP input: scan=5075 pts, map_FOV=84869 pts
[INFO] [1783986285.247621427] [global_localization]: ICP fitness: coarse=1.000, fine=0.967, threshold=0.9
[INFO] [1783986285.248175586] [global_localization]: map→odom: x=0.356 y=-0.618 z=0.163
[WARN] [1783986285.566463009] [global_localization]: No odometry yet, skip odom transform in crop
[INFO] [1783986285.571950872] [global_localization]: ICP input: scan=5075 pts, map_FOV=84869 pts
[INFO] [1783986285.730462633] [global_localization]: ICP fitness: coarse=1.000, fine=0.967, threshold=0.9
[INFO] [1783986285.730907540] [global_localization]: map→odom: x=0.356 y=-0.618 z=0.163
[WARN] [1783986286.066612551] [global_localization]: No odometry yet, skip odom transform in crop
[INFO] [1783986286.071865330] [global_localization]: ICP input: scan=5075 pts, map_FOV=84869 pts
[INFO] [1783986286.219770967] [global_localization]: ICP fitness: coarse=1.000, fine=0.967, threshold=0.9
[INFO] [1783986286.220475001] [global_localization]: map→odom: x=0.356 y=-0.618 z=0.163
[WARN] [1783986286.566402775] [global_localization]: No odometry yet, skip odom transform in crop
[INFO] [1783986286.571319396] [global_localization]: ICP input: scan=5075 pts, map_FOV=84869 pts
[INFO] [1783986286.711204342] [global_localization]: ICP fitness: coarse=1.000, fine=0.967, threshold=0.9
[INFO] [1783986286.711653167] [global_localization]: map→odom: x=0.356 y=-0.618 z=0.163
[WARN] [1783986287.066478255] [global_localization]: No odometry yet, skip odom transform in crop
[INFO] [1783986287.071357566] [global_localization]: ICP input: scan=5075 pts, map_FOV=84869 pts
[INFO] [1783986287.208731765] [global_localization]: ICP fitness: coarse=1.000, fine=0.967, threshold=0.9
[INFO] [1783986287.209255492] [global_localization]: map→odom: x=0.356 y=-0.618 z=0.163
[WARN] [1783986287.566443059] [global_localization]: No odometry yet, skip odom transform in crop
[INFO] [1783986287.572991700] [global_localization]: ICP input: scan=5075 pts, map_FOV=84869 pts
[INFO] [1783986287.714201272] [global_localization]: ICP fitness: coarse=1.000, fine=0.967, threshold=0.9
[INFO] [1783986287.714625756] [global_localization]: map→odom: x=0.356 y=-0.618 z=0.163
[WARN] [1783986288.066355415] [global_localization]: No odometry yet, skip odom transform in crop
[INFO] [1783986288.073084324] [global_localization]: ICP input: scan=5075 pts, map_FOV=84869 pts
[INFO] [1783986288.215165491] [global_localization]: ICP fitness: coarse=1.000, fine=0.967, threshold=0.9
[INFO] [1783986288.215721626] [global_localization]: map→odom: x=0.356 y=-0.618 z=0.163
[WARN] [1783986288.566392926] [global_localization]: No odometry yet, skip odom transform in crop
[INFO] [1783986288.571031709] [global_localization]: ICP input: scan=5075 pts, map_FOV=84869 pts
[INFO] [1783986288.726301308] [global_localization]: ICP fitness: coarse=1.000, fine=0.967, threshold=0.9
[INFO] [1783986288.726850646] [global_localization]: map→odom: x=0.356 y=-0.618 z=0.163
[WARN] [1783986289.066701589] [global_localization]: No odometry yet, skip odom transform in crop
[INFO] [1783986289.073308399] [global_localization]: ICP input: scan=5075 pts, map_FOV=84869 pts
[INFO] [1783986289.220985939] [global_localization]: ICP fitness: coarse=1.000, fine=0.967, threshold=0.9
[INFO] [1783986289.221689225] [global_localization]: map→odom: x=0.356 y=-0.618 z=0.163
[WARN] [1783986289.566440436] [global_localization]: No odometry yet, skip odom transform in crop
[INFO] [1783986289.571927314] [global_localization]: ICP input: scan=5075 pts, map_FOV=84869 pts
[INFO] [1783986289.742887708] [global_localization]: ICP fitness: coarse=1.000, fine=0.967, threshold=0.9
[INFO] [1783986289.743572793] [global_localization]: map→odom: x=0.356 y=-0.618 z=0.163
[WARN] [1783986290.066318058] [global_localization]: No odometry yet, skip odom transform in crop
[INFO] [1783986290.071730654] [global_localization]: ICP input: scan=5075 pts, map_FOV=84869 pts
[INFO] [1783986290.204950638] [global_localization]: ICP fitness: coarse=1.000, fine=0.967, threshold=0.9
[INFO] [1783986290.205468392] [global_localization]: map→odom: x=0.356 y=-0.618 z=0.163
[WARN] [1783986290.566490160] [global_localization]: No odometry yet, skip odom transform in crop
[INFO] [1783986290.571841714] [global_localization]: ICP input: scan=5075 pts, map_FOV=84869 pts
[INFO] [1783986290.739350852] [global_localization]: ICP fitness: coarse=1.000, fine=0.967, threshold=0.9
[INFO] [1783986290.739902610] [global_localization]: map→odom: x=0.356 y=-0.618 z=0.163
[WARN] [1783986291.066638443] [global_localization]: No odometry yet, skip odom transform in crop
[INFO] [1783986291.072786218] [global_localization]: ICP input: scan=5075 pts, map_FOV=84869 pts
[INFO] [1783986291.281882767] [global_localization]: ICP fitness: coarse=1.000, fine=0.967, threshold=0.9
[INFO] [1783986291.282334483] [global_localization]: map→odom: x=0.356 y=-0.618 z=0.163
[WARN] [1783986291.566402652] [global_localization]: No odometry yet, skip odom transform in crop
[INFO] [1783986291.571498789] [global_localization]: ICP input: scan=5075 pts, map_FOV=84869 pts
[INFO] [1783986291.728753827] [global_localization]: ICP fitness: coarse=1.000, fine=0.967, threshold=0.9
[INFO] [1783986291.729271197] [global_localization]: map→odom: x=0.356 y=-0.618 z=0.163
[WARN] [1783986292.066688323] [global_localization]: No odometry yet, skip odom transform in crop
[INFO] [1783986292.073579545] [global_localization]: ICP input: scan=5075 pts, map_FOV=84869 pts
[INFO] [1783986292.249166962] [global_localization]: ICP fitness: coarse=1.000, fine=0.967, threshold=0.9
[INFO] [1783986292.249595281] [global_localization]: map→odom: x=0.356 y=-0.618 z=0.163
[WARN] [1783986292.566814444] [global_localization]: No odometry yet, skip odom transform in crop
[INFO] [1783986292.574248140] [global_localization]: ICP input: scan=5075 pts, map_FOV=84869 pts
[INFO] [1783986292.761580046] [global_localization]: ICP fitness: coarse=1.000, fine=0.967, threshold=0.9
[INFO] [1783986292.762311076] [global_localization]: map→odom: x=0.356 y=-0.618 z=0.163
[WARN] [1783986293.066763663] [global_localization]: No odometry yet, skip odom transform in crop
[INFO] [1783986293.071948580] [global_localization]: ICP input: scan=5075 pts, map_FOV=84869 pts
[INFO] [1783986293.221829300] [global_localization]: ICP fitness: coarse=1.000, fine=0.967, threshold=0.9
[INFO] [1783986293.222381614] [global_localization]: map→odom: x=0.356 y=-0.618 z=0.163
[WARN] [1783986293.566455176] [global_localization]: No odometry yet, skip odom transform in crop
[INFO] [1783986293.571243439] [global_localization]: ICP input: scan=5075 pts, map_FOV=84869 pts
[INFO] [1783986293.749520883] [global_localization]: ICP fitness: coarse=1.000, fine=0.967, threshold=0.9
[INFO] [1783986293.750047947] [global_localization]: map→odom: x=0.356 y=-0.618 z=0.163
[WARN] [1783986294.066617754] [global_localization]: No odometry yet, skip odom transform in crop
[INFO] [1783986294.072889543] [global_localization]: ICP input: scan=5075 pts, map_FOV=84869 pts
[INFO] [1783986294.254486387] [global_localization]: ICP fitness: coarse=1.000, fine=0.967, threshold=0.9
[INFO] [1783986294.255020219] [global_localization]: map→odom: x=0.356 y=-0.618 z=0.163
[WARN] [1783986294.566863203] [global_localization]: No odometry yet, skip odom transform in crop
[INFO] [1783986294.573446409] [global_localization]: ICP input: scan=5075 pts, map_FOV=84869 pts
[INFO] [1783986294.735600740] [global_localization]: ICP fitness: coarse=1.000, fine=0.967, threshold=0.9
[INFO] [1783986294.736044819] [global_localization]: map→odom: x=0.356 y=-0.618 z=0.163
[WARN] [1783986295.066685566] [global_localization]: No odometry yet, skip odom transform in crop
[INFO] [1783986295.072941242] [global_localization]: ICP input: scan=5075 pts, map_FOV=84869 pts
[INFO] [1783986295.241413100] [global_localization]: ICP fitness: coarse=1.000, fine=0.967, threshold=0.9
[INFO] [1783986295.241957103] [global_localization]: map→odom: x=0.356 y=-0.618 z=0.163
[WARN] [1783986295.566657013] [global_localization]: No odometry yet, skip odom transform in crop
[INFO] [1783986295.573497762] [global_localization]: ICP input: scan=5075 pts, map_FOV=84869 pts
[INFO] [1783986295.750402102] [global_localization]: ICP fitness: coarse=1.000, fine=0.967, threshold=0.9
[INFO] [1783986295.750971586] [global_localization]: map→odom: x=0.356 y=-0.618 z=0.163
[WARN] [1783986296.066718885] [global_localization]: No odometry yet, skip odom transform in crop
[INFO] [1783986296.072998116] [global_localization]: ICP input: scan=5075 pts, map_FOV=84869 pts
[INFO] [1783986296.232393746] [global_localization]: ICP fitness: coarse=1.000, fine=0.967, threshold=0.9
[INFO] [1783986296.232935330] [global_localization]: map→odom: x=0.356 y=-0.618 z=0.163
[WARN] [1783986296.566439387] [global_localization]: No odometry yet, skip odom transform in crop
[INFO] [1783986296.571540003] [global_localization]: ICP input: scan=5075 pts, map_FOV=84869 pts
[INFO] [1783986296.703932889] [global_localization]: ICP fitness: coarse=1.000, fine=0.967, threshold=0.9
[INFO] [1783986296.704375417] [global_localization]: map→odom: x=0.356 y=-0.618 z=0.163
[WARN] [1783986297.066599449] [global_localization]: No odometry yet, skip odom transform in crop
[INFO] [1783986297.072849309] [global_localization]: ICP input: scan=5075 pts, map_FOV=84869 pts
[INFO] [1783986297.242403992] [global_localization]: ICP fitness: coarse=1.000, fine=0.967, threshold=0.9
[INFO] [1783986297.242855271] [global_localization]: map→odom: x=0.356 y=-0.618 z=0.163
[WARN] [1783986297.566648233] [global_localization]: No odometry yet, skip odom transform in crop
[INFO] [1783986297.572909010] [global_localization]: ICP input: scan=5075 pts, map_FOV=84869 pts
[INFO] [1783986297.740652945] [global_localization]: ICP fitness: coarse=1.000, fine=0.967, threshold=0.9
[INFO] [1783986297.741237307] [global_localization]: map→odom: x=0.356 y=-0.618 z=0.163
[WARN] [1783986298.066648404] [global_localization]: No odometry yet, skip odom transform in crop
[INFO] [1783986298.075031958] [global_localization]: ICP input: scan=5075 pts, map_FOV=84869 pts
[INFO] [1783986298.243422245] [global_localization]: ICP fitness: coarse=1.000, fine=0.967, threshold=0.9
[INFO] [1783986298.243973608] [global_localization]: map→odom: x=0.356 y=-0.618 z=0.163
[WARN] [1783986298.566470880] [global_localization]: No odometry yet, skip odom transform in crop
[INFO] [1783986298.575405107] [global_localization]: ICP input: scan=5075 pts, map_FOV=84869 pts
[INFO] [1783986298.734865841] [global_localization]: ICP fitness: coarse=1.000, fine=0.967, threshold=0.9
[INFO] [1783986298.735436838] [global_localization]: map→odom: x=0.356 y=-0.618 z=0.163
[WARN] [1783986299.066327663] [global_localization]: No odometry yet, skip odom transform in crop
[INFO] [1783986299.071461913] [global_localization]: ICP input: scan=5075 pts, map_FOV=84869 pts
[INFO] [1783986299.229355341] [global_localization]: ICP fitness: coarse=1.000, fine=0.967, threshold=0.9
[INFO] [1783986299.230049681] [global_localization]: map→odom: x=0.356 y=-0.618 z=0.163
[WARN] [1783986299.566504704] [global_localization]: No odometry yet, skip odom transform in crop
[INFO] [1783986299.572634888] [global_localization]: ICP input: scan=5075 pts, map_FOV=84869 pts
[INFO] [1783986299.722123847] [global_localization]: ICP fitness: coarse=1.000, fine=0.967, threshold=0.9
[INFO] [1783986299.722646845] [global_localization]: map→odom: x=0.356 y=-0.618 z=0.163
[WARN] [1783986300.066497649] [global_localization]: No odometry yet, skip odom transform in crop
[INFO] [1783986300.071662176] [global_localization]: ICP input: scan=5075 pts, map_FOV=84869 pts
[INFO] [1783986300.215064263] [global_localization]: ICP fitness: coarse=1.000, fine=0.967, threshold=0.9
[INFO] [1783986300.215660514] [global_localization]: map→odom: x=0.356 y=-0.618 z=0.163
[WARN] [1783986300.566335945] [global_localization]: No odometry yet, skip odom transform in crop
[INFO] [1783986300.571353298] [global_localization]: ICP input: scan=5075 pts, map_FOV=84869 pts
[INFO] [1783986300.718995448] [global_localization]: ICP fitness: coarse=1.000, fine=0.967, threshold=0.9
[INFO] [1783986300.719742915] [global_localization]: map→odom: x=0.356 y=-0.618 z=0.163
[WARN] [1783986301.066543264] [global_localization]: No odometry yet, skip odom transform in crop
[INFO] [1783986301.074058260] [global_localization]: ICP input: scan=5075 pts, map_FOV=84869 pts
[INFO] [1783986301.244745985] [global_localization]: ICP fitness: coarse=1.000, fine=0.967, threshold=0.9
[INFO] [1783986301.245292419] [global_localization]: map→odom: x=0.356 y=-0.618 z=0.163
[WARN] [1783986301.567075631] [global_localization]: No odometry yet, skip odom transform in crop
[INFO] [1783986301.573981575] [global_localization]: ICP input: scan=5075 pts, map_FOV=84869 pts
[INFO] [1783986301.746628699] [global_localization]: ICP fitness: coarse=1.000, fine=0.967, threshold=0.9
[INFO] [1783986301.747159530] [global_localization]: map→odom: x=0.356 y=-0.618 z=0.163
[WARN] [1783986302.066399417] [global_localization]: No odometry yet, skip odom transform in crop
[INFO] [1783986302.071499229] [global_localization]: ICP input: scan=5075 pts, map_FOV=84869 pts
[INFO] [1783986302.208154862] [global_localization]: ICP fitness: coarse=1.000, fine=0.967, threshold=0.9
[INFO] [1783986302.208601967] [global_localization]: map→odom: x=0.356 y=-0.618 z=0.163
[WARN] [1783986302.566379943] [global_localization]: No odometry yet, skip odom transform in crop
[INFO] [1783986302.571545193] [global_localization]: ICP input: scan=5075 pts, map_FOV=84869 pts
[INFO] [1783986302.714489147] [global_localization]: ICP fitness: coarse=1.000, fine=0.967, threshold=0.9
[INFO] [1783986302.715023330] [global_localization]: map→odom: x=0.356 y=-0.618 z=0.163
[WARN] [1783986303.066547287] [global_localization]: No odometry yet, skip odom transform in crop
[INFO] [1783986303.072724763] [global_localization]: ICP input: scan=5075 pts, map_FOV=84869 pts
[INFO] [1783986303.236275130] [global_localization]: ICP fitness: coarse=1.000, fine=0.967, threshold=0.9
[INFO] [1783986303.237015752] [global_localization]: map→odom: x=0.356 y=-0.618 z=0.163
[WARN] [1783986303.566369442] [global_localization]: No odometry yet, skip odom transform in crop
[INFO] [1783986303.572421001] [global_localization]: ICP input: scan=5075 pts, map_FOV=84869 pts
[INFO] [1783986303.709260384] [global_localization]: ICP fitness: coarse=1.000, fine=0.967, threshold=0.9
[INFO] [1783986303.709698538] [global_localization]: map→odom: x=0.356 y=-0.618 z=0.163
[WARN] [1783986304.066495625] [global_localization]: No odometry yet, skip odom transform in crop
[INFO] [1783986304.072513883] [global_localization]: ICP input: scan=5075 pts, map_FOV=84869 pts
[INFO] [1783986304.219079205] [global_localization]: ICP fitness: coarse=1.000, fine=0.967, threshold=0.9
[INFO] [1783986304.219508630] [global_localization]: map→odom: x=0.356 y=-0.618 z=0.163
[WARN] [1783986304.566309819] [global_localization]: No odometry yet, skip odom transform in crop
[INFO] [1783986304.571443151] [global_localization]: ICP input: scan=5075 pts, map_FOV=84869 pts
[INFO] [1783986304.701798166] [global_localization]: ICP fitness: coarse=1.000, fine=0.967, threshold=0.9
[INFO] [1783986304.702468750] [global_localization]: map→odom: x=0.356 y=-0.618 z=0.163
[WARN] [1783986305.066528512] [global_localization]: No odometry yet, skip odom transform in crop
[INFO] [1783986305.072732683] [global_localization]: ICP input: scan=5075 pts, map_FOV=84869 pts
[INFO] [1783986305.213342907] [global_localization]: ICP fitness: coarse=1.000, fine=0.967, threshold=0.9
[INFO] [1783986305.213805501] [global_localization]: map→odom: x=0.356 y=-0.618 z=0.163
[WARN] [1783986305.566731846] [global_localization]: No odometry yet, skip odom transform in crop
[INFO] [1783986305.572922234] [global_localization]: ICP input: scan=5075 pts, map_FOV=84869 pts
[INFO] [1783986305.739554428] [global_localization]: ICP fitness: coarse=1.000, fine=0.967, threshold=0.9
[INFO] [1783986305.739994588] [global_localization]: map→odom: x=0.356 y=-0.618 z=0.163
[WARN] [1783986306.066527347] [global_localization]: No odometry yet, skip odom transform in crop
[INFO] [1783986306.072768527] [global_localization]: ICP input: scan=5075 pts, map_FOV=84869 pts
[INFO] [1783986306.244775656] [global_localization]: ICP fitness: coarse=1.000, fine=0.967, threshold=0.9
[INFO] [1783986306.245458728] [global_localization]: map→odom: x=0.356 y=-0.618 z=0.163
[WARN] [1783986306.566767425] [global_localization]: No odometry yet, skip odom transform in crop
[INFO] [1783986306.573130105] [global_localization]: ICP input: scan=5075 pts, map_FOV=84869 pts
[INFO] [1783986306.724541886] [global_localization]: ICP fitness: coarse=1.000, fine=0.967, threshold=0.9
[INFO] [1783986306.725070477] [global_localization]: map→odom: x=0.356 y=-0.618 z=0.163
[WARN] [1783986307.066208267] [global_localization]: No odometry yet, skip odom transform in crop
[INFO] [1783986307.070829009] [global_localization]: ICP input: scan=5075 pts, map_FOV=84869 pts
[INFO] [1783986307.206171619] [global_localization]: ICP fitness: coarse=1.000, fine=0.967, threshold=0.9
[INFO] [1783986307.206709984] [global_localization]: map→odom: x=0.356 y=-0.618 z=0.163
[WARN] [1783986307.566418728] [global_localization]: No odometry yet, skip odom transform in crop
[INFO] [1783986307.571817805] [global_localization]: ICP input: scan=5075 pts, map_FOV=84869 pts
[INFO] [1783986307.716072322] [global_localization]: ICP fitness: coarse=1.000, fine=0.967, threshold=0.9
[INFO] [1783986307.716596207] [global_localization]: map→odom: x=0.356 y=-0.618 z=0.163
[WARN] [1783986308.066899550] [global_localization]: No odometry yet, skip odom transform in crop
[INFO] [1783986308.074773990] [global_localization]: ICP input: scan=5075 pts, map_FOV=84869 pts
[INFO] [1783986308.224382543] [global_localization]: ICP fitness: coarse=1.000, fine=0.967, threshold=0.9
[INFO] [1783986308.224818172] [global_localization]: map→odom: x=0.356 y=-0.618 z=0.163
[WARN] [1783986308.566416520] [global_localization]: No odometry yet, skip odom transform in crop
[INFO] [1783986308.571287009] [global_localization]: ICP input: scan=5075 pts, map_FOV=84869 pts
[INFO] [1783986308.747895575] [global_localization]: ICP fitness: coarse=1.000, fine=0.967, threshold=0.9
[INFO] [1783986308.748575667] [global_localization]: map→odom: x=0.356 y=-0.618 z=0.163
[WARN] [1783986309.066323150] [global_localization]: No odometry yet, skip odom transform in crop
[INFO] [1783986309.074050101] [global_localization]: ICP input: scan=5075 pts, map_FOV=84869 pts
[INFO] [1783986309.268199943] [global_localization]: ICP fitness: coarse=1.000, fine=0.967, threshold=0.9
[INFO] [1783986309.268633503] [global_localization]: map→odom: x=0.356 y=-0.618 z=0.163
[WARN] [1783986309.566840091] [global_localization]: No odometry yet, skip odom transform in crop
[INFO] [1783986309.575013861] [global_localization]: ICP input: scan=29480 pts, map_FOV=84869 pts
[INFO] [1783986309.848242557] [global_localization]: ICP fitness: coarse=1.000, fine=0.985, threshold=0.9
[INFO] [1783986309.848696626] [global_localization]: map→odom: x=0.230 y=0.181 z=-0.054
[WARN] [1783986310.066598575] [global_localization]: No odometry yet, skip odom transform in crop
[INFO] [1783986310.071796952] [global_localization]: ICP input: scan=29583 pts, map_FOV=84869 pts
[INFO] [1783986310.351387389] [global_localization]: ICP fitness: coarse=1.000, fine=0.985, threshold=0.9
[INFO] [1783986310.351934259] [global_localization]: map→odom: x=0.231 y=0.185 z=-0.067
[WARN] [1783986310.566564567] [global_localization]: No odometry yet, skip odom transform in crop
[INFO] [1783986310.571602049] [global_localization]: ICP input: scan=29862 pts, map_FOV=84869 pts
[INFO] [1783986310.847243198] [global_localization]: ICP fitness: coarse=1.000, fine=0.987, threshold=0.9
[INFO] [1783986310.847683415] [global_localization]: map→odom: x=0.240 y=0.182 z=-0.067
[WARN] [1783986311.067292190] [global_localization]: No odometry yet, skip odom transform in crop
[INFO] [1783986311.077579008] [global_localization]: ICP input: scan=29708 pts, map_FOV=84869 pts
[INFO] [1783986311.337119797] [global_localization]: ICP fitness: coarse=1.000, fine=0.984, threshold=0.9
[INFO] [1783986311.337559369] [global_localization]: map→odom: x=0.218 y=0.171 z=-0.064
[WARN] [1783986311.566732015] [global_localization]: No odometry yet, skip odom transform in crop
[INFO] [1783986311.572050961] [global_localization]: ICP input: scan=29618 pts, map_FOV=84869 pts
[INFO] [1783986311.891038528] [global_localization]: ICP fitness: coarse=1.000, fine=0.987, threshold=0.9
[INFO] [1783986311.891588052] [global_localization]: map→odom: x=0.237 y=0.196 z=-0.066
[WARN] [1783986312.066782653] [global_localization]: No odometry yet, skip odom transform in crop
[INFO] [1783986312.074536346] [global_localization]: ICP input: scan=29760 pts, map_FOV=84869 pts
[INFO] [1783986312.345178421] [global_localization]: ICP fitness: coarse=1.000, fine=0.984, threshold=0.9
[INFO] [1783986312.345743381] [global_localization]: map→odom: x=0.234 y=0.190 z=-0.067
[INFO] [1783986312.575441402] [global_localization]: ICP input: scan=29667 pts, map_FOV=84869 pts
[INFO] [1783986312.807911860] [global_localization]: ICP fitness: coarse=1.000, fine=0.984, threshold=0.9
[INFO] [1783986312.808460301] [global_localization]: map→odom: x=0.249 y=0.201 z=-0.066
[INFO] [1783986313.071802719] [global_localization]: ICP input: scan=29582 pts, map_FOV=84869 pts
[INFO] [1783986313.331183788] [global_localization]: ICP fitness: coarse=1.000, fine=0.985, threshold=0.9
[INFO] [1783986313.331748908] [global_localization]: map→odom: x=0.235 y=0.188 z=-0.065
[INFO] [1783986313.571734997] [global_localization]: ICP input: scan=29733 pts, map_FOV=84869 pts
[INFO] [1783986313.791250979] [global_localization]: ICP fitness: coarse=1.000, fine=0.985, threshold=0.9
[INFO] [1783986313.791821635] [global_localization]: map→odom: x=0.225 y=0.181 z=-0.064
[INFO] [1783986314.072813692] [global_localization]: ICP input: scan=29650 pts, map_FOV=84869 pts
[INFO] [1783986314.346599781] [global_localization]: ICP fitness: coarse=0.973, fine=0.983, threshold=0.9
[INFO] [1783986314.347181462] [global_localization]: map→odom: x=0.222 y=0.184 z=-0.063
[INFO] [1783986314.573246008] [global_localization]: ICP input: scan=29614 pts, map_FOV=84869 pts
[INFO] [1783986314.852954622] [global_localization]: ICP fitness: coarse=1.000, fine=0.983, threshold=0.9
[INFO] [1783986314.853444871] [global_localization]: map→odom: x=0.240 y=0.194 z=-0.066
[INFO] [1783986315.070848498] [global_localization]: ICP input: scan=29655 pts, map_FOV=84869 pts
[INFO] [1783986315.359827829] [global_localization]: ICP fitness: coarse=0.970, fine=0.984, threshold=0.9
[INFO] [1783986315.360252416] [global_localization]: map→odom: x=0.237 y=0.187 z=-0.064
[INFO] [1783986315.573065098] [global_localization]: ICP input: scan=29438 pts, map_FOV=84869 pts
[INFO] [1783986315.803741715] [global_localization]: ICP fitness: coarse=0.951, fine=0.978, threshold=0.9
[INFO] [1783986315.804287921] [global_localization]: map→odom: x=0.227 y=0.182 z=-0.065
[INFO] [1783986316.074158454] [global_localization]: ICP input: scan=29628 pts, map_FOV=84869 pts
[INFO] [1783986316.350395058] [global_localization]: ICP fitness: coarse=0.973, fine=0.984, threshold=0.9
[INFO] [1783986316.350856396] [global_localization]: map→odom: x=0.220 y=0.181 z=-0.062
[INFO] [1783986316.572195489] [global_localization]: ICP input: scan=29670 pts, map_FOV=84869 pts
[INFO] [1783986316.844976604] [global_localization]: ICP fitness: coarse=0.943, fine=0.980, threshold=0.9
[INFO] [1783986316.845408353] [global_localization]: map→odom: x=0.235 y=0.182 z=-0.064
[INFO] [1783986317.072362770] [global_localization]: ICP input: scan=29530 pts, map_FOV=84869 pts
[INFO] [1783986317.315025448] [global_localization]: ICP fitness: coarse=0.983, fine=0.981, threshold=0.9
[INFO] [1783986317.315625684] [global_localization]: map→odom: x=0.218 y=0.179 z=-0.063
[INFO] [1783986317.571545383] [global_localization]: ICP input: scan=29597 pts, map_FOV=84869 pts
[INFO] [1783986317.852334639] [global_localization]: ICP fitness: coarse=1.000, fine=0.987, threshold=0.9
[INFO] [1783986317.852946067] [global_localization]: map→odom: x=0.234 y=0.190 z=-0.065
[INFO] [1783986318.076462688] [global_localization]: ICP input: scan=29715 pts, map_FOV=84869 pts
[INFO] [1783986318.362819774] [global_localization]: ICP fitness: coarse=0.990, fine=0.984, threshold=0.9
[INFO] [1783986318.363678154] [global_localization]: map→odom: x=0.249 y=0.186 z=-0.068
[INFO] [1783986318.573592979] [global_localization]: ICP input: scan=29403 pts, map_FOV=84869 pts
[INFO] [1783986318.864341811] [global_localization]: ICP fitness: coarse=0.956, fine=0.983, threshold=0.9
[INFO] [1783986318.865142096] [global_localization]: map→odom: x=0.233 y=0.189 z=-0.064
[INFO] [1783986319.072729658] [global_localization]: ICP input: scan=29723 pts, map_FOV=84869 pts
[INFO] [1783986319.354214528] [global_localization]: ICP fitness: coarse=0.967, fine=0.982, threshold=0.9
[INFO] [1783986319.354656984] [global_localization]: map→odom: x=0.237 y=0.181 z=-0.065
[INFO] [1783986319.574036235] [global_localization]: ICP input: scan=29575 pts, map_FOV=84869 pts
[INFO] [1783986319.821237017] [global_localization]: ICP fitness: coarse=0.963, fine=0.986, threshold=0.9
[INFO] [1783986319.822041145] [global_localization]: map→odom: x=0.228 y=0.163 z=-0.067
[INFO] [1783986320.077285572] [global_localization]: ICP input: scan=29465 pts, map_FOV=84869 pts
[INFO] [1783986320.350105028] [global_localization]: ICP fitness: coarse=0.984, fine=0.983, threshold=0.9
[INFO] [1783986320.350898215] [global_localization]: map→odom: x=0.222 y=0.179 z=-0.062
[INFO] [1783986320.573215927] [global_localization]: ICP input: scan=29570 pts, map_FOV=84869 pts
[INFO] [1783986320.894115490] [global_localization]: ICP fitness: coarse=0.967, fine=0.985, threshold=0.9
[INFO] [1783986320.894585440] [global_localization]: map→odom: x=0.234 y=0.175 z=-0.065
[INFO] [1783986321.076852649] [global_localization]: ICP input: scan=29533 pts, map_FOV=84869 pts
[INFO] [1783986321.345361956] [global_localization]: ICP fitness: coarse=1.000, fine=0.986, threshold=0.9
[INFO] [1783986321.345824379] [global_localization]: map→odom: x=0.219 y=0.178 z=-0.065
[INFO] [1783986321.570577613] [global_localization]: ICP input: scan=29427 pts, map_FOV=84869 pts
[INFO] [1783986321.830059457] [global_localization]: ICP fitness: coarse=0.968, fine=0.981, threshold=0.9
[INFO] [1783986321.830863108] [global_localization]: map→odom: x=0.230 y=0.181 z=-0.065
[INFO] [1783986322.071251576] [global_localization]: ICP input: scan=29705 pts, map_FOV=84869 pts
[INFO] [1783986322.367358134] [global_localization]: ICP fitness: coarse=0.975, fine=0.983, threshold=0.9
[INFO] [1783986322.368001326] [global_localization]: map→odom: x=0.241 y=0.181 z=-0.065
[INFO] [1783986322.571786854] [global_localization]: ICP input: scan=29596 pts, map_FOV=84869 pts
[INFO] [1783986322.864054559] [global_localization]: ICP fitness: coarse=0.984, fine=0.983, threshold=0.9
[INFO] [1783986322.864663696] [global_localization]: map→odom: x=0.232 y=0.187 z=-0.062
[INFO] [1783986323.073589481] [global_localization]: ICP input: scan=29503 pts, map_FOV=84869 pts
[INFO] [1783986323.375054510] [global_localization]: ICP fitness: coarse=0.959, fine=0.982, threshold=0.9
[INFO] [1783986323.375694167] [global_localization]: map→odom: x=0.234 y=0.181 z=-0.067
[INFO] [1783986323.575503487] [global_localization]: ICP input: scan=29660 pts, map_FOV=84869 pts
[INFO] [1783986323.860077446] [global_localization]: ICP fitness: coarse=0.995, fine=0.986, threshold=0.9
[INFO] [1783986323.860694334] [global_localization]: map→odom: x=0.225 y=0.176 z=-0.064
[INFO] [1783986324.072662974] [global_localization]: ICP input: scan=29417 pts, map_FOV=84869 pts
[INFO] [1783986324.321126989] [global_localization]: ICP fitness: coarse=0.967, fine=0.980, threshold=0.9
[INFO] [1783986324.321999538] [global_localization]: map→odom: x=0.239 y=0.182 z=-0.066
[INFO] [1783986324.570738539] [global_localization]: ICP input: scan=29623 pts, map_FOV=84869 pts
[INFO] [1783986324.797509386] [global_localization]: ICP fitness: coarse=1.000, fine=0.987, threshold=0.9
[INFO] [1783986324.798389198] [global_localization]: map→odom: x=0.234 y=0.183 z=-0.063
[INFO] [1783986325.074630026] [global_localization]: ICP input: scan=29750 pts, map_FOV=84869 pts
[INFO] [1783986325.340597062] [global_localization]: ICP fitness: coarse=0.958, fine=0.984, threshold=0.9
[INFO] [1783986325.341208643] [global_localization]: map→odom: x=0.241 y=0.175 z=-0.063
[INFO] [1783986325.571077233] [global_localization]: ICP input: scan=29512 pts, map_FOV=84869 pts
[INFO] [1783986325.817539374] [global_localization]: ICP fitness: coarse=0.980, fine=0.980, threshold=0.9
[INFO] [1783986325.818153698] [global_localization]: map→odom: x=0.233 y=0.186 z=-0.065
[INFO] [1783986326.072433475] [global_localization]: ICP input: scan=29679 pts, map_FOV=84869 pts
[INFO] [1783986326.314951898] [global_localization]: ICP fitness: coarse=0.956, fine=0.984, threshold=0.9
[INFO] [1783986326.315770296] [global_localization]: map→odom: x=0.238 y=0.182 z=-0.063
[INFO] [1783986326.574845923] [global_localization]: ICP input: scan=29675 pts, map_FOV=84869 pts
[INFO] [1783986326.803549208] [global_localization]: ICP fitness: coarse=0.996, fine=0.986, threshold=0.9
[INFO] [1783986326.804360459] [global_localization]: map→odom: x=0.239 y=0.182 z=-0.067
[INFO] [1783986327.071183938] [global_localization]: ICP input: scan=29474 pts, map_FOV=84869 pts
[INFO] [1783986327.395760750] [global_localization]: ICP fitness: coarse=0.990, fine=0.984, threshold=0.9
[INFO] [1783986327.396378583] [global_localization]: map→odom: x=0.246 y=0.194 z=-0.063
[INFO] [1783986327.575003673] [global_localization]: ICP input: scan=29631 pts, map_FOV=84869 pts
[INFO] [1783986327.855513586] [global_localization]: ICP fitness: coarse=0.997, fine=0.987, threshold=0.9
[INFO] [1783986327.856374346] [global_localization]: map→odom: x=0.213 y=0.168 z=-0.063
[INFO] [1783986328.073788919] [global_localization]: ICP input: scan=29640 pts, map_FOV=84869 pts
[INFO] [1783986328.370896673] [global_localization]: ICP fitness: coarse=0.981, fine=0.983, threshold=0.9
[INFO] [1783986328.371771378] [global_localization]: map→odom: x=0.242 y=0.184 z=-0.067
[INFO] [1783986328.571955390] [global_localization]: ICP input: scan=29543 pts, map_FOV=84869 pts
[INFO] [1783986328.816355073] [global_localization]: ICP fitness: coarse=1.000, fine=0.988, threshold=0.9
[INFO] [1783986328.816962195] [global_localization]: map→odom: x=0.230 y=0.190 z=-0.065
[INFO] [1783986329.073273327] [global_localization]: ICP input: scan=29741 pts, map_FOV=84869 pts
[INFO] [1783986329.281420029] [global_localization]: ICP fitness: coarse=1.000, fine=0.988, threshold=0.9
[INFO] [1783986329.282050778] [global_localization]: map→odom: x=0.223 y=0.182 z=-0.065
[INFO] [1783986329.575371205] [global_localization]: ICP input: scan=29535 pts, map_FOV=84869 pts
[INFO] [1783986329.822781359] [global_localization]: ICP fitness: coarse=1.000, fine=0.986, threshold=0.9
[INFO] [1783986329.823266176] [global_localization]: map→odom: x=0.233 y=0.189 z=-0.066
[INFO] [1783986330.071609023] [global_localization]: ICP input: scan=29529 pts, map_FOV=84869 pts
[INFO] [1783986330.279919956] [global_localization]: ICP fitness: coarse=1.000, fine=0.987, threshold=0.9
[INFO] [1783986330.280799926] [global_localization]: map→odom: x=0.228 y=0.184 z=-0.064
[INFO] [1783986330.572416192] [global_localization]: ICP input: scan=29797 pts, map_FOV=84869 pts
[INFO] [1783986330.856973602] [global_localization]: ICP fitness: coarse=1.000, fine=0.985, threshold=0.9
[INFO] [1783986330.857768067] [global_localization]: map→odom: x=0.227 y=0.180 z=-0.065
[INFO] [1783986331.073524735] [global_localization]: ICP input: scan=29592 pts, map_FOV=84869 pts
[INFO] [1783986331.365103025] [global_localization]: ICP fitness: coarse=1.000, fine=0.987, threshold=0.9
[INFO] [1783986331.365579594] [global_localization]: map→odom: x=0.221 y=0.182 z=-0.064
[INFO] [1783986331.570774739] [global_localization]: ICP input: scan=29594 pts, map_FOV=84869 pts
[INFO] [1783986331.810633841] [global_localization]: ICP fitness: coarse=1.000, fine=0.988, threshold=0.9
[INFO] [1783986331.811513133] [global_localization]: map→odom: x=0.226 y=0.172 z=-0.069
[INFO] [1783986332.072990088] [global_localization]: ICP input: scan=29656 pts, map_FOV=84869 pts
[INFO] [1783986332.300304154] [global_localization]: ICP fitness: coarse=1.000, fine=0.985, threshold=0.9
[INFO] [1783986332.300925066] [global_localization]: map→odom: x=0.222 y=0.172 z=-0.064
[INFO] [1783986332.572558261] [global_localization]: ICP input: scan=29506 pts, map_FOV=84869 pts
[INFO] [1783986332.848999372] [global_localization]: ICP fitness: coarse=1.000, fine=0.983, threshold=0.9
[INFO] [1783986332.849464556] [global_localization]: map→odom: x=0.233 y=0.197 z=-0.065
[INFO] [1783986333.071742262] [global_localization]: ICP input: scan=29717 pts, map_FOV=84869 pts
[INFO] [1783986333.301407122] [global_localization]: ICP fitness: coarse=1.000, fine=0.986, threshold=0.9
[INFO] [1783986333.302009936] [global_localization]: map→odom: x=0.228 y=0.180 z=-0.066
[INFO] [1783986333.575687041] [global_localization]: ICP input: scan=29717 pts, map_FOV=84869 pts
[INFO] [1783986333.804087374] [global_localization]: ICP fitness: coarse=1.000, fine=0.990, threshold=0.9
[INFO] [1783986333.804892710] [global_localization]: map→odom: x=0.238 y=0.179 z=-0.066
[INFO] [1783986334.071574213] [global_localization]: ICP input: scan=29555 pts, map_FOV=84869 pts
[INFO] [1783986334.327991460] [global_localization]: ICP fitness: coarse=1.000, fine=0.988, threshold=0.9
[INFO] [1783986334.328592901] [global_localization]: map→odom: x=0.224 y=0.178 z=-0.064
[INFO] [1783986334.573148398] [global_localization]: ICP input: scan=29727 pts, map_FOV=84869 pts
[INFO] [1783986334.804207723] [global_localization]: ICP fitness: coarse=1.000, fine=0.987, threshold=0.9
[INFO] [1783986334.805057870] [global_localization]: map→odom: x=0.224 y=0.173 z=-0.064
[INFO] [1783986335.071389413] [global_localization]: ICP input: scan=29587 pts, map_FOV=84869 pts
[INFO] [1783986335.340107413] [global_localization]: ICP fitness: coarse=1.000, fine=0.984, threshold=0.9
[INFO] [1783986335.340727675] [global_localization]: map→odom: x=0.241 y=0.186 z=-0.068
[INFO] [1783986335.575579307] [global_localization]: ICP input: scan=29526 pts, map_FOV=84869 pts
[INFO] [1783986335.856538206] [global_localization]: ICP fitness: coarse=1.000, fine=0.985, threshold=0.9
[INFO] [1783986335.857154682] [global_localization]: map→odom: x=0.236 y=0.179 z=-0.066
[INFO] [1783986336.072462824] [global_localization]: ICP input: scan=29834 pts, map_FOV=84869 pts
[INFO] [1783986336.320475173] [global_localization]: ICP fitness: coarse=1.000, fine=0.989, threshold=0.9
[INFO] [1783986336.321090760] [global_localization]: map→odom: x=0.243 y=0.180 z=-0.064
[INFO] [1783986336.571538289] [global_localization]: ICP input: scan=29584 pts, map_FOV=84869 pts
[INFO] [1783986336.775940747] [global_localization]: ICP fitness: coarse=1.000, fine=0.985, threshold=0.9
[INFO] [1783986336.776557407] [global_localization]: map→odom: x=0.221 y=0.175 z=-0.062
[INFO] [1783986337.070797026] [global_localization]: ICP input: scan=29591 pts, map_FOV=84869 pts
[INFO] [1783986337.285567649] [global_localization]: ICP fitness: coarse=1.000, fine=0.985, threshold=0.9
[INFO] [1783986337.286196285] [global_localization]: map→odom: x=0.222 y=0.185 z=-0.063
[INFO] [1783986337.571814310] [global_localization]: ICP input: scan=29676 pts, map_FOV=84869 pts
[INFO] [1783986337.782013838] [global_localization]: ICP fitness: coarse=1.000, fine=0.984, threshold=0.9
[INFO] [1783986337.782619656] [global_localization]: map→odom: x=0.232 y=0.177 z=-0.066
[INFO] [1783986338.071880379] [global_localization]: ICP input: scan=29471 pts, map_FOV=84869 pts
[INFO] [1783986338.338054736] [global_localization]: ICP fitness: coarse=1.000, fine=0.983, threshold=0.9
[INFO] [1783986338.338765895] [global_localization]: map→odom: x=0.228 y=0.180 z=-0.065
[INFO] [1783986338.573874641] [global_localization]: ICP input: scan=29718 pts, map_FOV=84869 pts
[INFO] [1783986338.824917429] [global_localization]: ICP fitness: coarse=1.000, fine=0.986, threshold=0.9
[INFO] [1783986338.825579624] [global_localization]: map→odom: x=0.239 y=0.184 z=-0.065
[INFO] [1783986339.072248285] [global_localization]: ICP input: scan=29667 pts, map_FOV=84869 pts
[INFO] [1783986339.300746066] [global_localization]: ICP fitness: coarse=1.000, fine=0.985, threshold=0.9
[INFO] [1783986339.301361010] [global_localization]: map→odom: x=0.230 y=0.164 z=-0.065
[INFO] [1783986339.573819312] [global_localization]: ICP input: scan=29591 pts, map_FOV=84869 pts
[INFO] [1783986339.810145681] [global_localization]: ICP fitness: coarse=1.000, fine=0.987, threshold=0.9
[INFO] [1783986339.810837606] [global_localization]: map→odom: x=0.230 y=0.185 z=-0.063
[INFO] [1783986340.073877674] [global_localization]: ICP input: scan=29760 pts, map_FOV=84869 pts
[INFO] [1783986340.333971174] [global_localization]: ICP fitness: coarse=1.000, fine=0.987, threshold=0.9
[INFO] [1783986340.334442388] [global_localization]: map→odom: x=0.221 y=0.166 z=-0.063
[INFO] [1783986340.573405607] [global_localization]: ICP input: scan=29623 pts, map_FOV=84869 pts
[INFO] [1783986340.858866904] [global_localization]: ICP fitness: coarse=1.000, fine=0.984, threshold=0.9
[INFO] [1783986340.859513393] [global_localization]: map→odom: x=0.227 y=0.185 z=-0.064
[INFO] [1783986341.073832504] [global_localization]: ICP input: scan=29520 pts, map_FOV=84869 pts
[INFO] [1783986341.368465577] [global_localization]: ICP fitness: coarse=1.000, fine=0.984, threshold=0.9
[INFO] [1783986341.369175111] [global_localization]: map→odom: x=0.233 y=0.181 z=-0.064
[INFO] [1783986341.571767171] [global_localization]: ICP input: scan=29849 pts, map_FOV=84869 pts
[INFO] [1783986341.908973489] [global_localization]: ICP fitness: coarse=1.000, fine=0.987, threshold=0.9
[INFO] [1783986341.909676111] [global_localization]: map→odom: x=0.243 y=0.181 z=-0.066
[INFO] [1783986342.071901968] [global_localization]: ICP input: scan=29674 pts, map_FOV=84869 pts
[INFO] [1783986342.387412151] [global_localization]: ICP fitness: coarse=1.000, fine=0.986, threshold=0.9
[INFO] [1783986342.387897014] [global_localization]: map→odom: x=0.215 y=0.157 z=-0.062
[INFO] [1783986342.576086303] [global_localization]: ICP input: scan=29560 pts, map_FOV=84869 pts
[INFO] [1783986342.984955667] [global_localization]: ICP fitness: coarse=1.000, fine=0.986, threshold=0.9
[INFO] [1783986342.985423104] [global_localization]: map→odom: x=0.220 y=0.177 z=-0.062
[INFO] [1783986343.075058624] [global_localization]: ICP input: scan=29754 pts, map_FOV=84869 pts
[INFO] [1783986343.372254442] [global_localization]: ICP fitness: coarse=1.000, fine=0.987, threshold=0.9
[INFO] [1783986343.372955536] [global_localization]: map→odom: x=0.232 y=0.178 z=-0.065
[INFO] [1783986343.570846536] [global_localization]: ICP input: scan=29558 pts, map_FOV=84869 pts
[INFO] [1783986343.837599798] [global_localization]: ICP fitness: coarse=1.000, fine=0.987, threshold=0.9
[INFO] [1783986343.838385831] [global_localization]: map→odom: x=0.238 y=0.188 z=-0.065
[INFO] [1783986344.073076373] [global_localization]: ICP input: scan=29775 pts, map_FOV=84869 pts
[INFO] [1783986344.343732239] [global_localization]: ICP fitness: coarse=1.000, fine=0.987, threshold=0.9
[INFO] [1783986344.344492328] [global_localization]: map→odom: x=0.223 y=0.183 z=-0.064
[INFO] [1783986344.572826655] [global_localization]: ICP input: scan=29762 pts, map_FOV=84869 pts
[INFO] [1783986344.785996731] [global_localization]: ICP fitness: coarse=1.000, fine=0.985, threshold=0.9
[INFO] [1783986344.786769410] [global_localization]: map→odom: x=0.221 y=0.183 z=-0.062
[INFO] [1783986345.074539947] [global_localization]: ICP input: scan=29607 pts, map_FOV=84869 pts
[INFO] [1783986345.372441077] [global_localization]: ICP fitness: coarse=1.000, fine=0.985, threshold=0.9
[INFO] [1783986345.373208721] [global_localization]: map→odom: x=0.234 y=0.189 z=-0.065
[INFO] [1783986345.572868469] [global_localization]: ICP input: scan=29739 pts, map_FOV=84869 pts
[INFO] [1783986345.876685674] [global_localization]: ICP fitness: coarse=1.000, fine=0.987, threshold=0.9
[INFO] [1783986345.877143305] [global_localization]: map→odom: x=0.231 y=0.180 z=-0.064
[INFO] [1783986346.072923316] [global_localization]: ICP input: scan=29709 pts, map_FOV=84869 pts
[INFO] [1783986346.348546898] [global_localization]: ICP fitness: coarse=1.000, fine=0.990, threshold=0.9
[INFO] [1783986346.349032733] [global_localization]: map→odom: x=0.239 y=0.181 z=-0.065
[INFO] [1783986346.571845351] [global_localization]: ICP input: scan=29704 pts, map_FOV=84869 pts
[INFO] [1783986346.866555742] [global_localization]: ICP fitness: coarse=1.000, fine=0.991, threshold=0.9
[INFO] [1783986346.867510121] [global_localization]: map→odom: x=0.243 y=0.187 z=-0.066
[INFO] [1783986347.074455233] [global_localization]: ICP input: scan=29901 pts, map_FOV=84869 pts
[INFO] [1783986347.458122676] [global_localization]: ICP fitness: coarse=1.000, fine=0.991, threshold=0.9
[INFO] [1783986347.458954997] [global_localization]: map→odom: x=0.247 y=0.183 z=-0.066
[INFO] [1783986347.580631361] [global_localization]: ICP input: scan=29618 pts, map_FOV=84869 pts
[INFO] [1783986347.840581071] [global_localization]: ICP fitness: coarse=1.000, fine=0.986, threshold=0.9
[INFO] [1783986347.841075512] [global_localization]: map→odom: x=0.220 y=0.180 z=-0.061
[INFO] [1783986348.073169148] [global_localization]: ICP input: scan=29685 pts, map_FOV=84869 pts
[INFO] [1783986348.392728182] [global_localization]: ICP fitness: coarse=1.000, fine=0.989, threshold=0.9
[INFO] [1783986348.393529639] [global_localization]: map→odom: x=0.243 y=0.185 z=-0.066
[INFO] [1783986348.573316125] [global_localization]: ICP input: scan=29832 pts, map_FOV=84869 pts
[INFO] [1783986348.905394521] [global_localization]: ICP fitness: coarse=1.000, fine=0.987, threshold=0.9
[INFO] [1783986348.905897109] [global_localization]: map→odom: x=0.236 y=0.155 z=-0.071
[INFO] [1783986349.075389962] [global_localization]: ICP input: scan=29638 pts, map_FOV=84869 pts
[INFO] [1783986349.417995145] [global_localization]: ICP fitness: coarse=1.000, fine=0.987, threshold=0.9
[INFO] [1783986349.418806782] [global_localization]: map→odom: x=0.225 y=0.160 z=-0.063
[INFO] [1783986349.575443401] [global_localization]: ICP input: scan=29782 pts, map_FOV=84869 pts
[INFO] [1783986349.866463083] [global_localization]: ICP fitness: coarse=1.000, fine=0.989, threshold=0.9
[INFO] [1783986349.867325015] [global_localization]: map→odom: x=0.236 y=0.187 z=-0.064
[INFO] [1783986350.076511492] [global_localization]: ICP input: scan=29801 pts, map_FOV=84869 pts
[INFO] [1783986350.360600092] [global_localization]: ICP fitness: coarse=1.000, fine=0.989, threshold=0.9
[INFO] [1783986350.361402088] [global_localization]: map→odom: x=0.225 y=0.159 z=-0.064
[INFO] [1783986350.573337001] [global_localization]: ICP input: scan=29634 pts, map_FOV=84869 pts
[INFO] [1783986350.936320877] [global_localization]: ICP fitness: coarse=1.000, fine=0.985, threshold=0.9
[INFO] [1783986350.937133150] [global_localization]: map→odom: x=0.223 y=0.165 z=-0.063
[INFO] [1783986351.077911048] [global_localization]: ICP input: scan=29816 pts, map_FOV=84869 pts
[INFO] [1783986351.409608204] [global_localization]: ICP fitness: coarse=1.000, fine=0.986, threshold=0.9
[INFO] [1783986351.410504363] [global_localization]: map→odom: x=0.225 y=0.172 z=-0.062
[INFO] [1783986351.571959148] [global_localization]: ICP input: scan=29722 pts, map_FOV=84869 pts
[INFO] [1783986351.842374011] [global_localization]: ICP fitness: coarse=1.000, fine=0.987, threshold=0.9
[INFO] [1783986351.843294825] [global_localization]: map→odom: x=0.226 y=0.171 z=-0.064
[INFO] [1783986352.075327880] [global_localization]: ICP input: scan=29633 pts, map_FOV=84869 pts
[INFO] [1783986352.376643678] [global_localization]: ICP fitness: coarse=1.000, fine=0.989, threshold=0.9
[INFO] [1783986352.377451845] [global_localization]: map→odom: x=0.224 y=0.178 z=-0.062
[INFO] [1783986352.573682249] [global_localization]: ICP input: scan=29879 pts, map_FOV=84869 pts
[INFO] [1783986352.886941366] [global_localization]: ICP fitness: coarse=1.000, fine=0.989, threshold=0.9
[INFO] [1783986352.887765898] [global_localization]: map→odom: x=0.231 y=0.185 z=-0.064
[INFO] [1783986353.072373066] [global_localization]: ICP input: scan=29790 pts, map_FOV=84869 pts
[INFO] [1783986353.388903405] [global_localization]: ICP fitness: coarse=1.000, fine=0.986, threshold=0.9
[INFO] [1783986353.389740256] [global_localization]: map→odom: x=0.246 y=0.181 z=-0.068
[INFO] [1783986353.573514167] [global_localization]: ICP input: scan=29729 pts, map_FOV=84869 pts
[INFO] [1783986353.859538809] [global_localization]: ICP fitness: coarse=1.000, fine=0.989, threshold=0.9
[INFO] [1783986353.860011613] [global_localization]: map→odom: x=0.251 y=0.187 z=-0.066
[INFO] [1783986354.074508904] [global_localization]: ICP input: scan=29851 pts, map_FOV=84869 pts
[INFO] [1783986354.391645712] [global_localization]: ICP fitness: coarse=1.000, fine=0.987, threshold=0.9
[INFO] [1783986354.392449012] [global_localization]: map→odom: x=0.244 y=0.179 z=-0.066
[INFO] [1783986354.573678143] [global_localization]: ICP input: scan=29674 pts, map_FOV=84869 pts
[INFO] [1783986354.810686370] [global_localization]: ICP fitness: coarse=1.000, fine=0.988, threshold=0.9
[INFO] [1783986354.811551994] [global_localization]: map→odom: x=0.248 y=0.184 z=-0.068
[INFO] [1783986355.073027207] [global_localization]: ICP input: scan=29838 pts, map_FOV=84869 pts
[INFO] [1783986355.383698460] [global_localization]: ICP fitness: coarse=1.000, fine=0.989, threshold=0.9
[INFO] [1783986355.384596291] [global_localization]: map→odom: x=0.232 y=0.182 z=-0.065
[INFO] [1783986355.573466152] [global_localization]: ICP input: scan=29883 pts, map_FOV=84869 pts
[INFO] [1783986355.890935487] [global_localization]: ICP fitness: coarse=1.000, fine=0.989, threshold=0.9
[INFO] [1783986355.891774505] [global_localization]: map→odom: x=0.224 y=0.159 z=-0.064
[INFO] [1783986356.073596893] [global_localization]: ICP input: scan=29738 pts, map_FOV=84869 pts
[INFO] [1783986356.372314880] [global_localization]: ICP fitness: coarse=1.000, fine=0.988, threshold=0.9
[INFO] [1783986356.373114038] [global_localization]: map→odom: x=0.224 y=0.192 z=-0.063
[INFO] [1783986356.571991463] [global_localization]: ICP input: scan=29795 pts, map_FOV=84869 pts
[INFO] [1783986356.921488797] [global_localization]: ICP fitness: coarse=1.000, fine=0.988, threshold=0.9
[INFO] [1783986356.921977429] [global_localization]: map→odom: x=0.231 y=0.169 z=-0.067
[INFO] [1783986357.073203695] [global_localization]: ICP input: scan=29773 pts, map_FOV=84869 pts
[INFO] [1783986357.354122046] [global_localization]: ICP fitness: coarse=1.000, fine=0.987, threshold=0.9
[INFO] [1783986357.354929316] [global_localization]: map→odom: x=0.222 y=0.183 z=-0.063
[INFO] [1783986357.572830385] [global_localization]: ICP input: scan=29673 pts, map_FOV=84869 pts
[INFO] [1783986357.888554784] [global_localization]: ICP fitness: coarse=1.000, fine=0.986, threshold=0.9
[INFO] [1783986357.889468537] [global_localization]: map→odom: x=0.229 y=0.187 z=-0.066
[INFO] [1783986358.079192799] [global_localization]: ICP input: scan=29916 pts, map_FOV=84869 pts
[INFO] [1783986358.366597945] [global_localization]: ICP fitness: coarse=1.000, fine=0.989, threshold=0.9
[INFO] [1783986358.367472167] [global_localization]: map→odom: x=0.241 y=0.176 z=-0.066
[INFO] [1783986358.572817077] [global_localization]: ICP input: scan=29916 pts, map_FOV=84869 pts
[INFO] [1783986358.869682178] [global_localization]: ICP fitness: coarse=1.000, fine=0.989, threshold=0.9
[INFO] [1783986358.870159733] [global_localization]: map→odom: x=0.233 y=0.169 z=-0.065
[INFO] [1783986359.076531349] [global_localization]: ICP input: scan=24799 pts, map_FOV=84869 pts
[INFO] [1783986359.401611221] [global_localization]: ICP fitness: coarse=1.000, fine=0.989, threshold=0.9
[INFO] [1783986359.402422500] [global_localization]: map→odom: x=0.244 y=0.196 z=-0.064
[INFO] [1783986359.571451436] [global_localization]: ICP input: scan=29805 pts, map_FOV=84869 pts
[INFO] [1783986359.914354588] [global_localization]: ICP fitness: coarse=1.000, fine=0.986, threshold=0.9
[INFO] [1783986359.915219683] [global_localization]: map→odom: x=0.223 y=0.179 z=-0.062
[INFO] [1783986360.073628368] [global_localization]: ICP input: scan=29711 pts, map_FOV=84869 pts
[INFO] [1783986360.384917570] [global_localization]: ICP fitness: coarse=1.000, fine=0.986, threshold=0.9
[INFO] [1783986360.385716277] [global_localization]: map→odom: x=0.238 y=0.183 z=-0.068
[INFO] [1783986360.574718993] [global_localization]: ICP input: scan=29891 pts, map_FOV=84869 pts
[INFO] [1783986360.872916795] [global_localization]: ICP fitness: coarse=1.000, fine=0.989, threshold=0.9
[INFO] [1783986360.873728372] [global_localization]: map→odom: x=0.235 y=0.174 z=-0.069
[INFO] [1783986361.073444440] [global_localization]: ICP input: scan=29684 pts, map_FOV=84869 pts
[INFO] [1783986361.407345575] [global_localization]: ICP fitness: coarse=1.000, fine=0.986, threshold=0.9
[INFO] [1783986361.407839963] [global_localization]: map→odom: x=0.233 y=0.182 z=-0.065
[INFO] [1783986361.574021431] [global_localization]: ICP input: scan=29728 pts, map_FOV=84869 pts
[INFO] [1783986361.922169768] [global_localization]: ICP fitness: coarse=1.000, fine=0.988, threshold=0.9
[INFO] [1783986361.923072764] [global_localization]: map→odom: x=0.231 y=0.178 z=-0.063
[INFO] [1783986362.073312894] [global_localization]: ICP input: scan=29868 pts, map_FOV=84869 pts
[INFO] [1783986362.359828618] [global_localization]: ICP fitness: coarse=1.000, fine=0.989, threshold=0.9
[INFO] [1783986362.360316763] [global_localization]: map→odom: x=0.214 y=0.160 z=-0.062
[INFO] [1783986362.576449449] [global_localization]: ICP input: scan=29750 pts, map_FOV=84869 pts
[INFO] [1783986362.895175495] [global_localization]: ICP fitness: coarse=1.000, fine=0.986, threshold=0.9
[INFO] [1783986362.895990749] [global_localization]: map→odom: x=0.240 y=0.176 z=-0.067
[INFO] [1783986363.073179281] [global_localization]: ICP input: scan=29772 pts, map_FOV=84869 pts
[INFO] [1783986363.327441890] [global_localization]: ICP fitness: coarse=1.000, fine=0.987, threshold=0.9
[INFO] [1783986363.328293715] [global_localization]: map→odom: x=0.235 y=0.176 z=-0.065
[INFO] [1783986363.575649740] [global_localization]: ICP input: scan=29821 pts, map_FOV=84869 pts
[INFO] [1783986363.881042954] [global_localization]: ICP fitness: coarse=1.000, fine=0.986, threshold=0.9
[INFO] [1783986363.881900870] [global_localization]: map→odom: x=0.240 y=0.176 z=-0.069
[INFO] [1783986364.077431372] [global_localization]: ICP input: scan=29642 pts, map_FOV=84869 pts
[INFO] [1783986364.399124380] [global_localization]: ICP fitness: coarse=1.000, fine=0.988, threshold=0.9
[INFO] [1783986364.400015557] [global_localization]: map→odom: x=0.245 y=0.190 z=-0.066
[INFO] [1783986364.574401208] [global_localization]: ICP input: scan=29993 pts, map_FOV=84869 pts
[INFO] [1783986364.934684593] [global_localization]: ICP fitness: coarse=1.000, fine=0.989, threshold=0.9
[INFO] [1783986364.935552052] [global_localization]: map→odom: x=0.241 y=0.177 z=-0.063
[INFO] [1783986365.077994878] [global_localization]: ICP input: scan=29805 pts, map_FOV=84869 pts
[INFO] [1783986365.388353084] [global_localization]: ICP fitness: coarse=1.000, fine=0.987, threshold=0.9
[INFO] [1783986365.389198710] [global_localization]: map→odom: x=0.218 y=0.166 z=-0.061
[INFO] [1783986365.576638618] [global_localization]: ICP input: scan=29669 pts, map_FOV=84869 pts
[INFO] [1783986365.889579775] [global_localization]: ICP fitness: coarse=1.000, fine=0.988, threshold=0.9
[INFO] [1783986365.890103557] [global_localization]: map→odom: x=0.224 y=0.172 z=-0.062
[INFO] [1783986366.073795886] [global_localization]: ICP input: scan=29855 pts, map_FOV=84869 pts
[INFO] [1783986366.417699587] [global_localization]: ICP fitness: coarse=1.000, fine=0.988, threshold=0.9
[INFO] [1783986366.418216464] [global_localization]: map→odom: x=0.228 y=0.186 z=-0.063
[INFO] [1783986366.573646428] [global_localization]: ICP input: scan=29730 pts, map_FOV=84869 pts
[INFO] [1783986366.882730630] [global_localization]: ICP fitness: coarse=1.000, fine=0.984, threshold=0.9
[INFO] [1783986366.883508233] [global_localization]: map→odom: x=0.235 y=0.186 z=-0.065
[INFO] [1783986367.073506197] [global_localization]: ICP input: scan=29760 pts, map_FOV=84869 pts
[INFO] [1783986367.384588783] [global_localization]: ICP fitness: coarse=1.000, fine=0.990, threshold=0.9
[INFO] [1783986367.385409939] [global_localization]: map→odom: x=0.240 y=0.182 z=-0.065
[INFO] [1783986367.572517237] [global_localization]: ICP input: scan=29951 pts, map_FOV=84869 pts
[INFO] [1783986367.903336774] [global_localization]: ICP fitness: coarse=1.000, fine=0.990, threshold=0.9
[INFO] [1783986367.903885087] [global_localization]: map→odom: x=0.234 y=0.184 z=-0.062
[INFO] [1783986368.075297297] [global_localization]: ICP input: scan=29749 pts, map_FOV=84869 pts
[INFO] [1783986368.393995247] [global_localization]: ICP fitness: coarse=1.000, fine=0.989, threshold=0.9
[INFO] [1783986368.394784529] [global_localization]: map→odom: x=0.216 y=0.167 z=-0.063
[INFO] [1783986368.574387152] [global_localization]: ICP input: scan=29709 pts, map_FOV=84869 pts
[INFO] [1783986368.923462136] [global_localization]: ICP fitness: coarse=1.000, fine=0.987, threshold=0.9
[INFO] [1783986368.923986296] [global_localization]: map→odom: x=0.222 y=0.164 z=-0.063
[INFO] [1783986369.074389278] [global_localization]: ICP input: scan=29822 pts, map_FOV=84869 pts
[INFO] [1783986369.359799548] [global_localization]: ICP fitness: coarse=1.000, fine=0.987, threshold=0.9
[INFO] [1783986369.360583469] [global_localization]: map→odom: x=0.219 y=0.172 z=-0.061
[INFO] [1783986369.573913062] [global_localization]: ICP input: scan=29689 pts, map_FOV=84869 pts
[INFO] [1783986369.921285976] [global_localization]: ICP fitness: coarse=1.000, fine=0.986, threshold=0.9
[INFO] [1783986369.921818418] [global_localization]: map→odom: x=0.225 y=0.183 z=-0.063
[INFO] [1783986370.072454935] [global_localization]: ICP input: scan=29873 pts, map_FOV=84869 pts
[INFO] [1783986370.325962888] [global_localization]: ICP fitness: coarse=1.000, fine=0.988, threshold=0.9
[INFO] [1783986370.326594499] [global_localization]: map→odom: x=0.226 y=0.181 z=-0.064
[INFO] [1783986370.577937097] [global_localization]: ICP input: scan=29848 pts, map_FOV=84869 pts
[INFO] [1783986370.920113301] [global_localization]: ICP fitness: coarse=1.000, fine=0.987, threshold=0.9
[INFO] [1783986370.920618597] [global_localization]: map→odom: x=0.236 y=0.177 z=-0.065
[INFO] [1783986371.074578035] [global_localization]: ICP input: scan=29721 pts, map_FOV=84869 pts
[INFO] [1783986371.359502425] [global_localization]: ICP fitness: coarse=1.000, fine=0.988, threshold=0.9
[INFO] [1783986371.359999288] [global_localization]: map→odom: x=0.238 y=0.178 z=-0.065
[INFO] [1783986371.574651680] [global_localization]: ICP input: scan=29854 pts, map_FOV=84869 pts
[INFO] [1783986371.933532690] [global_localization]: ICP fitness: coarse=1.000, fine=0.991, threshold=0.9
[INFO] [1783986371.934327001] [global_localization]: map→odom: x=0.237 y=0.184 z=-0.066
[INFO] [1783986372.073951358] [global_localization]: ICP input: scan=29765 pts, map_FOV=84869 pts
[INFO] [1783986372.395269760] [global_localization]: ICP fitness: coarse=1.000, fine=0.987, threshold=0.9
[INFO] [1783986372.395778053] [global_localization]: map→odom: x=0.223 y=0.170 z=-0.061
[INFO] [1783986372.574342008] [global_localization]: ICP input: scan=29725 pts, map_FOV=84869 pts
[INFO] [1783986372.919074529] [global_localization]: ICP fitness: coarse=1.000, fine=0.986, threshold=0.9
[INFO] [1783986372.919879034] [global_localization]: map→odom: x=0.221 y=0.166 z=-0.061
[INFO] [1783986373.072760056] [global_localization]: ICP input: scan=29936 pts, map_FOV=84869 pts
[INFO] [1783986373.365538541] [global_localization]: ICP fitness: coarse=1.000, fine=0.986, threshold=0.9
[INFO] [1783986373.366374449] [global_localization]: map→odom: x=0.240 y=0.188 z=-0.064
[INFO] [1783986373.577242508] [global_localization]: ICP input: scan=29856 pts, map_FOV=84869 pts
[INFO] [1783986373.907858505] [global_localization]: ICP fitness: coarse=1.000, fine=0.991, threshold=0.9
[INFO] [1783986373.908393107] [global_localization]: map→odom: x=0.235 y=0.185 z=-0.065
[INFO] [1783986374.074400956] [global_localization]: ICP input: scan=29835 pts, map_FOV=84869 pts
