[INFO] [1784052104.135153701] [cmd_vel_chassis_serial]: Leg debug CSV logging enabled: /home/gsing/2026Gsing/2026_Gsing-second_ROS/logs/serial/2026-07-15_020128_leg.csv
[INFO] [1784052104.169535235] [cmd_vel_chassis_serial]: Opened /dev/ttyACM0 @ 115200, cmd_vel=/cmd_vel, send=50.0Hz
[INFO] [1784052104.355409898] [cmd_vel_chassis_serial]: Publishing STM32 arm events on /vision/arm_event
[WARN] [1784052104.422961322] [cmd_vel_chassis_serial]: Drop leg debug: len=80 expected=84
[WARN] [1784052104.508482957] [cmd_vel_chassis_serial]: Drop leg debug: len=80 expected=84
[INFO] [1784052104.533440854] [cmd_vel_chassis_serial]: send source=stop vx=0.000 wz=0.000
[WARN] [1784052104.609753655] [cmd_vel_chassis_serial]: Drop leg debug: len=80 expected=84
[WARN] [1784052104.651438215] [cmd_vel_chassis_serial]: Drop leg debug: len=80 expected=84
[WARN] [1784052104.745466417] [cmd_vel_chassis_serial]: Drop leg debug: len=80 expected=84
[ERROR] [1784052104.749539274] [cmd_vel_chassis_serial]: Serial write failed: Write timeout
[WARN] [1784052104.866796261] [cmd_vel_chassis_serial]: Drop leg debug: len=80 expected=84
[ERROR] [1784052104.922024558] [cmd_vel_chassis_serial]: Serial write failed: Write timeout
[WARN] [1784052104.995656658] [cmd_vel_chassis_serial]: Drop leg debug: len=80 expected=84
[WARN] [1784052105.135066351] [cmd_vel_chassis_serial]: Drop leg debug: len=80 expected=84
[ERROR] [1784052105.136714489] [cmd_vel_chassis_serial]: Serial write failed: Write timeout
[WARN] [1784052105.209716604] [cmd_vel_chassis_serial]: Drop leg debug: len=80 expected=84
[WARN] [1784052105.249266684] [cmd_vel_chassis_serial]: Drop leg debug: len=80 expected=84
[WARN] [1784052105.292584922] [cmd_vel_chassis_serial]: Drop leg debug: len=80 expected=84
[WARN] [1784052105.354361341] [cmd_vel_chassis_serial]: Drop leg debug: len=80 expected=84
[WARN] [1784052105.369534949] [cmd_vel_chassis_serial]: Drop leg debug: len=80 expected=84
[WARN] [1784052105.402494637] [cmd_vel_chassis_serial]: Drop leg debug: len=80 expected=84
[WARN] [1784052105.437489341] [cmd_vel_chassis_serial]: Drop leg debug: len=80 expected=84
[ERROR] [1784052105.448907443] [cmd_vel_chassis_serial]: Serial write failed: Write timeout
[WARN] [1784052105.471203182] [cmd_vel_chassis_serial]: Drop leg debug: len=80 expected=84
[WARN] [1784052105.510437179] [cmd_vel_chassis_serial]: Drop leg debug: len=80 expected=84
[WARN] [1784052105.517048167] [cmd_vel_chassis_serial]: Drop leg debug: len=80 expected=84
[WARN] [1784052105.541452594] [cmd_vel_chassis_serial]: Drop leg debug: len=80 expected=84
[WARN] [1784052105.558570560] [cmd_vel_chassis_serial]: Drop leg debug: len=80 expected=84
[ERROR] [1784052105.590941879] [cmd_vel_chassis_serial]: Serial write failed: Write timeout
[WARN] [1784052105.597243302] [cmd_vel_chassis_serial]: Drop leg debug: len=80 expected=84
[WARN] [1784052105.611337264] [cmd_vel_chassis_serial]: Drop leg debug: len=80 expected=84
[WARN] [1784052105.617903002] [cmd_vel_chassis_serial]: Drop leg debug: len=80 expected=84
[WARN] [1784052105.647571036] [cmd_vel_chassis_serial]: Drop leg debug: len=80 expected=84
[WARN] [1784052105.682024385] [cmd_vel_chassis_serial]: Drop leg debug: len=80 expected=84
[WARN] [1784052105.748808834] [cmd_vel_chassis_serial]: Drop leg debug: len=80 expected=84
[WARN] [1784052105.765545383] [cmd_vel_chassis_serial]: Drop leg debug: len=80 expected=84
[WARN] [1784052105.780186256] [cmd_vel_chassis_serial]: Drop leg debug: len=80 expected=84
[WARN] [1784052105.802481443] [cmd_vel_chassis_serial]: Drop leg debug: len=80 expected=84
[WARN] [1784052105.832062840] [cmd_vel_chassis_serial]: Drop leg debug: len=80 expected=84
[WARN] [1784052105.868011975] [cmd_vel_chassis_serial]: Drop leg debug: len=80 expected=84
[WARN] [1784052105.875936282] [cmd_vel_chassis_serial]: Drop leg debug: len=80 expected=84
[WARN] [1784052105.892246838] [cmd_vel_chassis_serial]: Drop leg debug: len=80 expected=84
[WARN] [1784052105.940139501] [cmd_vel_chassis_serial]: Drop leg debug: len=80 expected=84
[WARN] [1784052105.959488500] [cmd_vel_chassis_serial]: Drop leg debug: len=80 expected=84
[WARN] [1784052105.987468533] [cmd_vel_chassis_serial]: Drop leg debug: len=80 expected=84
[WARN] [1784052105.991995152] [cmd_vel_chassis_serial]: Drop leg debug: len=80 expected=84
[WARN] [1784052105.998914842] [cmd_vel_chassis_serial]: Drop leg debug: len=80 expected=84
[WARN] [1784052106.010488714] [cmd_vel_chassis_serial]: Drop leg debug: len=80 expected=84
[WARN] [1784052106.023862517] [cmd_vel_chassis_serial]: Drop leg debug: len=80 expected=84
[WARN] [1784052106.030078421] [cmd_vel_chassis_serial]: Drop leg debug: len=80 expected=84
[WARN] [1784052106.098318106] [cmd_vel_chassis_serial]: Drop leg debug: len=80 expected=84
[WARN] [1784052106.107438412] [cmd_vel_chassis_serial]: Drop leg debug: len=80 expected=84
[WARN] [1784052106.112021556] [cmd_vel_chassis_serial]: Drop leg debug: len=80 expected=84
[WARN] [1784052106.143733951] [cmd_vel_chassis_serial]: Drop leg debug: len=80 expected=84
[WARN] [1784052106.189823432] [cmd_vel_chassis_serial]: Drop leg debug: len=80 expected=84
[WARN] [1784052106.203798674] [cmd_vel_chassis_serial]: Drop leg debug: len=80 expected=84
[WARN] [1784052106.244101509] [cmd_vel_chassis_serial]: Drop leg debug: len=80 expected=84
[WARN] [1784052106.315073294] [cmd_vel_chassis_serial]: Drop leg debug: len=80 expected=84
[WARN] [1784052106.369598786] [cmd_vel_chassis_serial]: Drop leg debug: len=80 expected=84
[WARN] [1784052106.438419193] [cmd_vel_chassis_serial]: Drop leg debug: len=80 expected=84
[ERROR] [1784052106.463673526] [cmd_vel_chassis_serial]: Serial write failed: Write timeout
[WARN] [1784052106.584388483] [cmd_vel_chassis_serial]: Drop leg debug: len=80 expected=84
[WARN] [1784052106.650873903] [cmd_vel_chassis_serial]: Drop leg debug: len=80 expected=84
[WARN] [1784052106.689185477] [cmd_vel_chassis_serial]: Drop leg debug: len=80 expected=84
[ERROR] [1784052106.695613400] [cmd_vel_chassis_serial]: Serial write failed: Write timeout
[WARN] [1784052106.718296626] [cmd_vel_chassis_serial]: Drop leg debug: len=80 expected=84
[WARN] [1784052106.793507470] [cmd_vel_chassis_serial]: Drop leg debug: len=80 expected=84
[ERROR] [1784052106.833816378] [cmd_vel_chassis_serial]: Serial write failed: Write timeout
[WARN] [1784052106.842306150] [cmd_vel_chassis_serial]: Drop leg debug: len=80 expected=84
[WARN] [1784052106.866594686] [cmd_vel_chassis_serial]: Drop leg debug: len=80 expected=84
[WARN] [1784052106.912048111] [cmd_vel_chassis_serial]: Drop leg debug: len=80 expected=84
[ERROR] [1784052106.935962230] [cmd_vel_chassis_serial]: Serial write failed: Write timeout
[WARN] [1784052106.962289858] [cmd_vel_chassis_serial]: Drop leg debug: len=80 expected=84
[WARN] [1784052107.065414740] [cmd_vel_chassis_serial]: Drop leg debug: len=80 expected=84
[ERROR] [1784052107.090057956] [cmd_vel_chassis_serial]: Serial write failed: Write timeout
[WARN] [1784052107.106086969] [cmd_vel_chassis_serial]: Drop leg debug: len=80 expected=84
[WARN] [1784052107.173127485] [cmd_vel_chassis_serial]: Drop leg debug: len=80 expected=84
[WARN] [1784052107.247362713] [cmd_vel_chassis_serial]: Drop leg debug: len=80 expected=84
[WARN] [1784052107.302309393] [cmd_vel_chassis_serial]: Drop leg debug: len=80 expected=84
[WARN] [1784052107.377256030] [cmd_vel_chassis_serial]: Drop leg debug: len=80 expected=84
[WARN] [1784052107.425602436] [cmd_vel_chassis_serial]: Drop leg debug: len=80 expected=84
[WARN] [1784052107.432322629] [cmd_vel_chassis_serial]: Drop leg debug: len=80 expected=84
[WARN] [1784052107.467641848] [cmd_vel_chassis_serial]: Drop leg debug: len=80 expected=84
[WARN] [1784052107.492415223] [cmd_vel_chassis_serial]: Drop leg debug: len=80 expected=84
[WARN] [1784052107.517442205] [cmd_vel_chassis_serial]: Drop leg debug: len=80 expected=84
[WARN] [1784052107.564734368] [cmd_vel_chassis_serial]: Drop leg debug: len=80 expected=84
[WARN] [1784052107.613651065] [cmd_vel_chassis_serial]: Drop leg debug: len=80 expected=84
[WARN] [1784052107.634288552] [cmd_vel_chassis_serial]: Drop leg debug: len=80 expected=84
[WARN] [1784052107.641172452] [cmd_vel_chassis_serial]: Drop leg debug: len=80 expected=84
[WARN] [1784052107.656114944] [cmd_vel_chassis_serial]: Drop leg debug: len=80 expected=84
[WARN] [1784052107.673536681] [cmd_vel_chassis_serial]: Drop leg debug: len=80 expected=84
[WARN] [1784052107.719663909] [cmd_vel_chassis_serial]: Drop leg debug: len=80 expected=84
[WARN] [1784052107.728700060] [cmd_vel_chassis_serial]: Drop leg debug: len=80 expected=84
[WARN] [1784052107.744815901] [cmd_vel_chassis_serial]: Drop leg debug: len=80 expected=84
[WARN] [1784052107.755536493] [cmd_vel_chassis_serial]: Drop leg debug: len=80 expected=84
[WARN] [1784052107.780584865] [cmd_vel_chassis_serial]: Drop leg debug: len=80 expected=84
[WARN] [1784052107.814537105] [cmd_vel_chassis_serial]: Drop leg debug: len=80 expected=84
[WARN] [1784052107.847294595] [cmd_vel_chassis_serial]: Drop leg debug: len=80 expected=84
[WARN] [1784052107.893670377] [cmd_vel_chassis_serial]: Drop leg debug: len=80 expected=84
[WARN] [1784052107.902255090] [cmd_vel_chassis_serial]: Drop leg debug: len=80 expected=84
[WARN] [1784052107.913556212] [cmd_vel_chassis_serial]: Drop leg debug: len=80 expected=84
[WARN] [1784052107.930418664] [cmd_vel_chassis_serial]: Drop leg debug: len=80 expected=84
[WARN] [1784052107.951232161] [cmd_vel_chassis_serial]: Drop leg debug: len=80 expected=84
[WARN] [1784052107.978368450] [cmd_vel_chassis_serial]: Drop leg debug: len=80 expected=84
[WARN] [1784052108.002720332] [cmd_vel_chassis_serial]: Drop leg debug: len=80 expected=84
[WARN] [1784052108.014241723] [cmd_vel_chassis_serial]: Drop leg debug: len=80 expected=84
[WARN] [1784052108.024867116] [cmd_vel_chassis_serial]: Drop leg debug: len=80 expected=84
[WARN] [1784052108.096798227] [cmd_vel_chassis_serial]: Drop leg debug: len=80 expected=84
[WARN] [1784052108.180590890] [cmd_vel_chassis_serial]: Drop leg debug: len=80 expected=84
[WARN] [1784052108.247832503] [cmd_vel_chassis_serial]: Drop leg debug: len=80 expected=84
[WARN] [1784052108.297580569] [cmd_vel_chassis_serial]: Drop leg debug: len=80 expected=84
[WARN] [1784052108.342272403] [cmd_vel_chassis_serial]: Drop leg debug: len=80 expected=84
[WARN] [1784052108.371439644] [cmd_vel_chassis_serial]: Drop leg debug: len=80 expected=84
[WARN] [1784052108.435947100] [cmd_vel_chassis_serial]: Drop leg debug: len=80 expected=84
[WARN] [1784052108.480811907] [cmd_vel_chassis_serial]: Drop leg debug: len=80 expected=84
[WARN] [1784052108.542257110] [cmd_vel_chassis_serial]: Drop leg debug: len=80 expected=84
[WARN] [1784052108.564778202] [cmd_vel_chassis_serial]: Drop leg debug: len=80 expected=84
[WARN] [1784052108.626548225] [cmd_vel_chassis_serial]: Drop leg debug: len=80 expected=84
[WARN] [1784052108.652834143] [cmd_vel_chassis_serial]: Drop leg debug: len=80 expected=84
[WARN] [1784052108.698733388] [cmd_vel_chassis_serial]: Drop leg debug: len=80 expected=84
[WARN] [1784052108.738433072] [cmd_vel_chassis_serial]: Drop leg debug: len=80 expected=84
[WARN] [1784052108.761518045] [cmd_vel_chassis_serial]: Drop leg debug: len=80 expected=84
[WARN] [1784052108.794463807] [cmd_vel_chassis_serial]: Drop leg debug: len=80 expected=84
[WARN] [1784052108.846254032] [cmd_vel_chassis_serial]: Drop leg debug: len=80 expected=84
[ERROR] [1784052108.860736373] [cmd_vel_chassis_serial]: Serial write failed: Write timeout
[WARN] [1784052108.894733665] [cmd_vel_chassis_serial]: Drop leg debug: len=80 expected=84
[WARN] [1784052108.922183124] [cmd_vel_chassis_serial]: Drop leg debug: len=80 expected=84
[WARN] [1784052108.934951079] [cmd_vel_chassis_serial]: Drop leg debug: len=80 expected=84
[WARN] [1784052108.948416998] [cmd_vel_chassis_serial]: Drop leg debug: len=80 expected=84
[WARN] [1784052108.973904285] [cmd_vel_chassis_serial]: Drop leg debug: len=80 expected=84
[WARN] [1784052108.983981498] [cmd_vel_chassis_serial]: Drop leg debug: len=80 expected=84
[WARN] [1784052109.012775312] [cmd_vel_chassis_serial]: Drop leg debug: len=80 expected=84
[WARN] [1784052109.070152012] [cmd_vel_chassis_serial]: Drop leg debug: len=80 expected=84
[WARN] [1784052109.131085945] [cmd_vel_chassis_serial]: Drop leg debug: len=80 expected=84
[WARN] [1784052109.172252465] [cmd_vel_chassis_serial]: Drop leg debug: len=80 expected=84
[WARN] [1784052109.215554185] [cmd_vel_chassis_serial]: Drop leg debug: len=80 expected=84
[WARN] [1784052109.259246549] [cmd_vel_chassis_serial]: Drop leg debug: len=80 expected=84
[WARN] [1784052109.287099367] [cmd_vel_chassis_serial]: Drop leg debug: len=80 expected=84
[WARN] [1784052109.320960435] [cmd_vel_chassis_serial]: Drop leg debug: len=80 expected=84
[WARN] [1784052109.332448932] [cmd_vel_chassis_serial]: Drop leg debug: len=80 expected=84
[WARN] [1784052109.364254954] [cmd_vel_chassis_serial]: Drop leg debug: len=80 expected=84
[ERROR] [1784052109.383975291] [cmd_vel_chassis_serial]: Serial write failed: Write timeout
[WARN] [1784052109.417202863] [cmd_vel_chassis_serial]: Drop leg debug: len=80 expected=84
[WARN] [1784052109.463685889] [cmd_vel_chassis_serial]: Drop leg debug: len=80 expected=84
[WARN] [1784052109.514840713] [cmd_vel_chassis_serial]: Drop leg debug: len=80 expected=84
[WARN] [1784052109.524741013] [cmd_vel_chassis_serial]: Drop leg debug: len=80 expected=84
[WARN] [1784052109.530225797] [cmd_vel_chassis_serial]: Drop leg debug: len=80 expected=84
[WARN] [1784052109.533457933] [cmd_vel_chassis_serial]: Drop leg debug: len=80 expected=84
[WARN] [1784052109.548546537] [cmd_vel_chassis_serial]: Drop leg debug: len=80 expected=84
[WARN] [1784052109.566958629] [cmd_vel_chassis_serial]: Drop leg debug: len=80 expected=84
[WARN] [1784052109.608527519] [cmd_vel_chassis_serial]: Drop leg debug: len=80 expected=84
[WARN] [1784052109.632485430] [cmd_vel_chassis_serial]: Drop leg debug: len=80 expected=84
[WARN] [1784052109.649543596] [cmd_vel_chassis_serial]: Drop leg debug: len=80 expected=84
[WARN] [1784052109.679850085] [cmd_vel_chassis_serial]: Drop leg debug: len=80 expected=84
[WARN] [1784052109.783645895] [cmd_vel_chassis_serial]: Drop leg debug: len=80 expected=84
[ERROR] [1784052109.829363238] [cmd_vel_chassis_serial]: Serial write failed: Write timeout
[WARN] [1784052109.844560839] [cmd_vel_chassis_serial]: Drop leg debug: len=80 expected=84
[WARN] [1784052109.883144466] [cmd_vel_chassis_serial]: Drop leg debug: len=80 expected=84
[WARN] [1784052109.919093239] [cmd_vel_chassis_serial]: Drop leg debug: len=80 expected=84
[WARN] [1784052109.944780405] [cmd_vel_chassis_serial]: Drop leg debug: len=80 expected=84
[WARN] [1784052109.966959082] [cmd_vel_chassis_serial]: Drop leg debug: len=80 expected=84
[WARN] [1784052109.995805911] [cmd_vel_chassis_serial]: Drop leg debug: len=80 expected=84
[WARN] [1784052110.094755966] [cmd_vel_chassis_serial]: Drop leg debug: len=80 expected=84
[WARN] [1784052110.110089823] [cmd_vel_chassis_serial]: Drop leg debug: len=80 expected=84
[WARN] [1784052110.128952699] [cmd_vel_chassis_serial]: Drop leg debug: len=80 expected=84
[ERROR] [1784052110.152639383] [cmd_vel_chassis_serial]: Serial write failed: Write timeout
[WARN] [1784052110.159962732] [cmd_vel_chassis_serial]: Drop leg debug: len=80 expected=84
[WARN] [1784052110.174528315] [cmd_vel_chassis_serial]: Drop leg debug: len=80 expected=84
[WARN] [1784052110.184455582] [cmd_vel_chassis_serial]: Drop leg debug: len=80 expected=84
[WARN] [1784052110.262461219] [cmd_vel_chassis_serial]: Drop leg debug: len=80 expected=84
[WARN] [1784052110.321459550] [cmd_vel_chassis_serial]: Drop leg debug: len=80 expected=84
[ERROR] [1784052110.350030007] [cmd_vel_chassis_serial]: Serial write failed: Write timeout
[WARN] [1784052110.369869370] [cmd_vel_chassis_serial]: Drop leg debug: len=80 expected=84
[WARN] [1784052110.422429724] [cmd_vel_chassis_serial]: Drop leg debug: len=80 expected=84
[WARN] [1784052110.442169200] [cmd_vel_chassis_serial]: Drop leg debug: len=80 expected=84
[WARN] [1784052110.475950937] [cmd_vel_chassis_serial]: Drop leg debug: len=80 expected=84
[WARN] [1784052110.503079453] [cmd_vel_chassis_serial]: Drop leg debug: len=80 expected=84
[WARN] [1784052110.557645111] [cmd_vel_chassis_serial]: Drop leg debug: len=80 expected=84
[WARN] [1784052110.576310074] [cmd_vel_chassis_serial]: Drop leg debug: len=80 expected=84
[WARN] [1784052110.635583400] [cmd_vel_chassis_serial]: Drop leg debug: len=80 expected=84
[WARN] [1784052110.729154500] [cmd_vel_chassis_serial]: Drop leg debug: len=80 expected=84
[WARN] [1784052110.749316629] [cmd_vel_chassis_serial]: Drop leg debug: len=80 expected=84
[WARN] [1784052110.763192281] [cmd_vel_chassis_serial]: Drop leg debug: len=80 expected=84
[WARN] [1784052110.781322856] [cmd_vel_chassis_serial]: Drop leg debug: len=80 expected=84
[WARN] [1784052110.797102964] [cmd_vel_chassis_serial]: Drop leg debug: len=80 expected=84
[WARN] [1784052110.811417053] [cmd_vel_chassis_serial]: Drop leg debug: len=80 expected=84
[ERROR] [1784052110.815179899] [cmd_vel_chassis_serial]: Serial write failed: Write timeout
[WARN] [1784052110.830465325] [cmd_vel_chassis_serial]: Drop leg debug: len=80 expected=84
[WARN] [1784052110.855899528] [cmd_vel_chassis_serial]: Drop leg debug: len=80 expected=84
[WARN] [1784052110.899362632] [cmd_vel_chassis_serial]: Drop leg debug: len=80 expected=84
[WARN] [1784052110.915556080] [cmd_vel_chassis_serial]: Drop leg debug: len=80 expected=84
[WARN] [1784052111.049170548] [cmd_vel_chassis_serial]: Drop leg debug: len=80 expected=84
[WARN] [1784052111.132792409] [cmd_vel_chassis_serial]: Drop leg debug: len=80 expected=84
[WARN] [1784052111.182306721] [cmd_vel_chassis_serial]: Drop leg debug: len=80 expected=84
[WARN] [1784052111.278014866] [cmd_vel_chassis_serial]: Drop leg debug: len=80 expected=84
[ERROR] [1784052111.306824987] [cmd_vel_chassis_serial]: Serial write failed: Write timeout
[WARN] [1784052111.326252372] [cmd_vel_chassis_serial]: Drop leg debug: len=80 expected=84
[WARN] [1784052111.362015402] [cmd_vel_chassis_serial]: Drop leg debug: len=80 expected=84
[ERROR] [1784052111.375413899] [cmd_vel_chassis_serial]: Serial write failed: Write timeout
[WARN] [1784052111.434836246] [cmd_vel_chassis_serial]: Drop leg debug: len=80 expected=84
[WARN] [1784052111.487872959] [cmd_vel_chassis_serial]: Drop leg debug: len=80 expected=84
[ERROR] [1784052111.503654808] [cmd_vel_chassis_serial]: Serial write failed: Write timeout
[WARN] [1784052111.592039362] [cmd_vel_chassis_serial]: Drop leg debug: len=80 expected=84
[WARN] [1784052111.656458841] [cmd_vel_chassis_serial]: Drop leg debug: len=80 expected=84
[ERROR] [1784052111.738994273] [cmd_vel_chassis_serial]: Serial write failed: Write timeout
[WARN] [1784052111.761239582] [cmd_vel_chassis_serial]: Drop leg debug: len=80 expected=84
[WARN] [1784052111.810180582] [cmd_vel_chassis_serial]: Drop leg debug: len=80 expected=84
[ERROR] [1784052111.864699011] [cmd_vel_chassis_serial]: Serial write failed: Write timeout
[WARN] [1784052111.945376872] [cmd_vel_chassis_serial]: Drop leg debug: len=80 expected=84
[WARN] [1784052111.987099570] [cmd_vel_chassis_serial]: Drop leg debug: len=80 expected=84
[WARN] [1784052112.000367225] [cmd_vel_chassis_serial]: Drop leg debug: len=80 expected=84
[ERROR] [1784052112.022146485] [cmd_vel_chassis_serial]: Serial write failed: Write timeout
[WARN] [1784052112.099437089] [cmd_vel_chassis_serial]: Drop leg debug: len=80 expected=84
[WARN] [1784052112.191317334] [cmd_vel_chassis_serial]: Drop leg debug: len=80 expected=84
[WARN] [1784052112.210196585] [cmd_vel_chassis_serial]: Drop leg debug: len=80 expected=84
[WARN] [1784052112.262169777] [cmd_vel_chassis_serial]: Drop leg debug: len=80 expected=84
[ERROR] [1784052112.286081309] [cmd_vel_chassis_serial]: Serial write failed: Write timeout
[WARN] [1784052112.305032673] [cmd_vel_chassis_serial]: Drop leg debug: len=80 expected=84
[WARN] [1784052112.326326432] [cmd_vel_chassis_serial]: Drop leg debug: len=80 expected=84
[WARN] [1784052112.351864887] [cmd_vel_chassis_serial]: Drop leg debug: len=80 expected=84
[WARN] [1784052112.390552283] [cmd_vel_chassis_serial]: Drop leg debug: len=80 expected=84
[WARN] [1784052112.406712470] [cmd_vel_chassis_serial]: Drop leg debug: len=80 expected=84
[WARN] [1784052112.427544135] [cmd_vel_chassis_serial]: Drop leg debug: len=80 expected=84
[WARN] [1784052112.451096629] [cmd_vel_chassis_serial]: Drop leg debug: len=80 expected=84
[WARN] [1784052112.484129691] [cmd_vel_chassis_serial]: Drop leg debug: len=80 expected=84
[WARN] [1784052112.534469501] [cmd_vel_chassis_serial]: Drop leg debug: len=80 expected=84
[ERROR] [1784052112.565315952] [cmd_vel_chassis_serial]: Serial write failed: Write timeout
[WARN] [1784052112.568684256] [cmd_vel_chassis_serial]: Drop leg debug: len=80 expected=84
[WARN] [1784052112.591066687] [cmd_vel_chassis_serial]: Drop leg debug: len=80 expected=84
[WARN] [1784052112.608972217] [cmd_vel_chassis_serial]: Drop leg debug: len=80 expected=84
[WARN] [1784052112.616591244] [cmd_vel_chassis_serial]: Drop leg debug: len=80 expected=84
[WARN] [1784052112.628164308] [cmd_vel_chassis_serial]: Drop leg debug: len=80 expected=84
[WARN] [1784052112.706946961] [cmd_vel_chassis_serial]: Drop leg debug: len=80 expected=84
[WARN] [1784052112.734327572] [cmd_vel_chassis_serial]: Drop leg debug: len=80 expected=84
[WARN] [1784052112.744193572] [cmd_vel_chassis_serial]: Drop leg debug: len=80 expected=84
[WARN] [1784052112.762047886] [cmd_vel_chassis_serial]: Drop leg debug: len=80 expected=84
[WARN] [1784052112.772588787] [cmd_vel_chassis_serial]: Drop leg debug: len=80 expected=84
[WARN] [1784052112.788960318] [cmd_vel_chassis_serial]: Drop leg debug: len=80 expected=84
[WARN] [1784052112.852597603] [cmd_vel_chassis_serial]: Drop leg debug: len=80 expected=84
[WARN] [1784052112.861475225] [cmd_vel_chassis_serial]: Drop leg debug: len=80 expected=84
[WARN] [1784052112.887879990] [cmd_vel_chassis_serial]: Drop leg debug: len=80 expected=84
[WARN] [1784052112.894187153] [cmd_vel_chassis_serial]: Drop leg debug: len=80 expected=84
[WARN] [1784052112.941155094] [cmd_vel_chassis_serial]: Drop leg debug: len=80 expected=84
[WARN] [1784052112.966065386] [cmd_vel_chassis_serial]: Drop leg debug: len=80 expected=84
[WARN] [1784052113.017540582] [cmd_vel_chassis_serial]: Drop leg debug: len=80 expected=84
[WARN] [1784052113.031740306] [cmd_vel_chassis_serial]: Drop leg debug: len=80 expected=84
[WARN] [1784052113.056401913] [cmd_vel_chassis_serial]: Drop leg debug: len=80 expected=84
[WARN] [1784052113.080408712] [cmd_vel_chassis_serial]: Drop leg debug: len=80 expected=84
[WARN] [1784052113.094471280] [cmd_vel_chassis_serial]: Drop leg debug: len=80 expected=84
[WARN] [1784052113.121828230] [cmd_vel_chassis_serial]: Drop leg debug: len=80 expected=84
[WARN] [1784052113.173311298] [cmd_vel_chassis_serial]: Drop leg debug: len=80 expected=84
[WARN] [1784052113.203169243] [cmd_vel_chassis_serial]: Drop leg debug: len=80 expected=84
[WARN] [1784052113.241167493] [cmd_vel_chassis_serial]: Drop leg debug: len=80 expected=84
[WARN] [1784052113.270351210] [cmd_vel_chassis_serial]: Drop leg debug: len=80 expected=84
[WARN] [1784052113.293174984] [cmd_vel_chassis_serial]: Drop leg debug: len=80 expected=84
[WARN] [1784052113.331699422] [cmd_vel_chassis_serial]: Drop leg debug: len=80 expected=84
[WARN] [1784052113.344379049] [cmd_vel_chassis_serial]: Drop leg debug: len=80 expected=84
[WARN] [1784052113.390248816] [cmd_vel_chassis_serial]: Drop leg debug: len=80 expected=84
[WARN] [1784052113.439713471] [cmd_vel_chassis_serial]: Drop leg debug: len=80 expected=84
[WARN] [1784052113.487070615] [cmd_vel_chassis_serial]: Drop leg debug: len=80 expected=84
[WARN] [1784052113.533483205] [cmd_vel_chassis_serial]: Drop leg debug: len=80 expected=84
[WARN] [1784052113.581225697] [cmd_vel_chassis_serial]: Drop leg debug: len=80 expected=84
[WARN] [1784052113.641609023] [cmd_vel_chassis_serial]: Drop leg debug: len=80 expected=84
[WARN] [1784052113.674913033] [cmd_vel_chassis_serial]: Drop leg debug: len=80 expected=84
[WARN] [1784052113.724732668] [cmd_vel_chassis_serial]: Drop leg debug: len=80 expected=84
[WARN] [1784052113.786303843] [cmd_vel_chassis_serial]: Drop leg debug: len=80 expected=84
[WARN] [1784052113.817678956] [cmd_vel_chassis_serial]: Drop leg debug: len=80 expected=84
[WARN] [1784052113.838781336] [cmd_vel_chassis_serial]: Drop leg debug: len=80 expected=84
[WARN] [1784052113.856195820] [cmd_vel_chassis_serial]: Drop leg debug: len=80 expected=84
[WARN] [1784052113.879215599] [cmd_vel_chassis_serial]: Drop leg debug: len=80 expected=84
[WARN] [1784052113.892614129] [cmd_vel_chassis_serial]: Drop leg debug: len=80 expected=84
[ERROR] [1784052113.944039572] [cmd_vel_chassis_serial]: Serial write failed: Write timeout
[WARN] [1784052113.962377077] [cmd_vel_chassis_serial]: Drop leg debug: len=80 expected=84
[WARN] [1784052114.031587976] [cmd_vel_chassis_serial]: Drop leg debug: len=80 expected=84
[WARN] [1784052114.086960289] [cmd_vel_chassis_serial]: Drop leg debug: len=80 expected=84
[WARN] [1784052114.107014623] [cmd_vel_chassis_serial]: Drop leg debug: len=80 expected=84
[WARN] [1784052114.141235892] [cmd_vel_chassis_serial]: Drop leg debug: len=80 expected=84
[WARN] [1784052114.153888999] [cmd_vel_chassis_serial]: Drop leg debug: len=80 expected=84
[WARN] [1784052114.192192195] [cmd_vel_chassis_serial]: Drop leg debug: len=80 expected=84
[WARN] [1784052114.310430579] [cmd_vel_chassis_serial]: Drop leg debug: len=80 expected=84
[WARN] [1784052114.325069292] [cmd_vel_chassis_serial]: Drop leg debug: len=80 expected=84
[WARN] [1784052114.378452962] [cmd_vel_chassis_serial]: Drop leg debug: len=80 expected=84
[WARN] [1784052114.398765846] [cmd_vel_chassis_serial]: Drop leg debug: len=80 expected=84
[WARN] [1784052114.457753074] [cmd_vel_chassis_serial]: Drop leg debug: len=80 expected=84
[WARN] [1784052114.492445918] [cmd_vel_chassis_serial]: Drop leg debug: len=80 expected=84
[WARN] [1784052114.504010139] [cmd_vel_chassis_serial]: Drop leg debug: len=80 expected=84
[WARN] [1784052114.508723541] [cmd_vel_chassis_serial]: Drop leg debug: len=80 expected=84
[WARN] [1784052114.534522104] [cmd_vel_chassis_serial]: Drop leg debug: len=80 expected=84
[WARN] [1784052114.558727933] [cmd_vel_chassis_serial]: Drop leg debug: len=80 expected=84
[WARN] [1784052114.579768145] [cmd_vel_chassis_serial]: Drop leg debug: len=80 expected=84
[WARN] [1784052114.594499603] [cmd_vel_chassis_serial]: Drop leg debug: len=80 expected=84
[WARN] [1784052114.612477157] [cmd_vel_chassis_serial]: Drop leg debug: len=80 expected=84
[ERROR] [1784052114.687460389] [cmd_vel_chassis_serial]: Serial write failed: Write timeout
[WARN] [1784052114.699094574] [cmd_vel_chassis_serial]: Drop leg debug: len=80 expected=84
[WARN] [1784052114.726267231] [cmd_vel_chassis_serial]: Drop leg debug: len=80 expected=84
[WARN] [1784052114.749433110] [cmd_vel_chassis_serial]: Drop leg debug: len=80 expected=84
[WARN] [1784052114.755527254] [cmd_vel_chassis_serial]: Drop leg debug: len=80 expected=84
[WARN] [1784052114.784351292] [cmd_vel_chassis_serial]: Drop leg debug: len=80 expected=84
[ERROR] [1784052114.786186661] [cmd_vel_chassis_serial]: Serial write failed: Write timeout
[WARN] [1784052114.808781619] [cmd_vel_chassis_serial]: Drop leg debug: len=80 expected=84
[WARN] [1784052114.828169683] [cmd_vel_chassis_serial]: Drop leg debug: len=80 expected=84
[WARN] [1784052114.865960184] [cmd_vel_chassis_serial]: Drop leg debug: len=80 expected=84
[WARN] [1784052114.899155246] [cmd_vel_chassis_serial]: Drop leg debug: len=80 expected=84
[WARN] [1784052114.916614559] [cmd_vel_chassis_serial]: Drop leg debug: len=80 expected=84
[WARN] [1784052114.952786591] [cmd_vel_chassis_serial]: Drop leg debug: len=80 expected=84
[WARN] [1784052114.981886499] [cmd_vel_chassis_serial]: Drop leg debug: len=80 expected=84
[WARN] [1784052114.994209291] [cmd_vel_chassis_serial]: Drop leg debug: len=80 expected=84
[WARN] [1784052115.014345979] [cmd_vel_chassis_serial]: Drop leg debug: len=80 expected=84
[WARN] [1784052115.083368786] [cmd_vel_chassis_serial]: Drop leg debug: len=80 expected=84
[WARN] [1784052115.144864096] [cmd_vel_chassis_serial]: Drop leg debug: len=80 expected=84
[WARN] [1784052115.153206504] [cmd_vel_chassis_serial]: Drop leg debug: len=80 expected=84
[WARN] [1784052115.180484974] [cmd_vel_chassis_serial]: Drop leg debug: len=80 expected=84
[WARN] [1784052115.198718892] [cmd_vel_chassis_serial]: Drop leg debug: len=80 expected=84
[WARN] [1784052115.236466393] [cmd_vel_chassis_serial]: Drop leg debug: len=80 expected=84
[WARN] [1784052115.254720788] [cmd_vel_chassis_serial]: Drop leg debug: len=80 expected=84
[WARN] [1784052115.283750666] [cmd_vel_chassis_serial]: Drop leg debug: len=80 expected=84
[WARN] [1784052115.316687779] [cmd_vel_chassis_serial]: Drop leg debug: len=80 expected=84
[WARN] [1784052115.353281187] [cmd_vel_chassis_serial]: Drop leg debug: len=80 expected=84
[WARN] [1784052115.368775239] [cmd_vel_chassis_serial]: Drop leg debug: len=80 expected=84
[WARN] [1784052115.378507149] [cmd_vel_chassis_serial]: Drop leg debug: len=80 expected=84
[WARN] [1784052115.394738479] [cmd_vel_chassis_serial]: Drop leg debug: len=80 expected=84
[WARN] [1784052115.399531896] [cmd_vel_chassis_serial]: Drop leg debug: len=80 expected=84
[ERROR] [1784052115.417152044] [cmd_vel_chassis_serial]: Serial write failed: Write timeout
[WARN] [1784052115.426401710] [cmd_vel_chassis_serial]: Drop leg debug: len=80 expected=84
[WARN] [1784052115.444766289] [cmd_vel_chassis_serial]: Drop leg debug: len=80 expected=84
[WARN] [1784052115.489069406] [cmd_vel_chassis_serial]: Drop leg debug: len=80 expected=84
[WARN] [1784052115.515612676] [cmd_vel_chassis_serial]: Drop leg debug: len=80 expected=84
[WARN] [1784052115.543470348] [cmd_vel_chassis_serial]: Drop leg debug: len=80 expected=84
[WARN] [1784052115.563422738] [cmd_vel_chassis_serial]: Drop leg debug: len=80 expected=84
[WARN] [1784052115.593450100] [cmd_vel_chassis_serial]: Drop leg debug: len=80 expected=84
[WARN] [1784052115.618386690] [cmd_vel_chassis_serial]: Drop leg debug: len=80 expected=84
[WARN] [1784052115.664567940] [cmd_vel_chassis_serial]: Drop leg debug: len=80 expected=84
[WARN] [1784052115.683461297] [cmd_vel_chassis_serial]: Drop leg debug: len=80 expected=84
[WARN] [1784052115.775556413] [cmd_vel_chassis_serial]: Drop leg debug: len=80 expected=84
[WARN] [1784052115.832522581] [cmd_vel_chassis_serial]: Drop leg debug: len=80 expected=84
[WARN] [1784052115.884090697] [cmd_vel_chassis_serial]: Drop leg debug: len=80 expected=84
[WARN] [1784052115.916193563] [cmd_vel_chassis_serial]: Drop leg debug: len=80 expected=84
[WARN] [1784052115.968412248] [cmd_vel_chassis_serial]: Drop leg debug: len=80 expected=84
[WARN] [1784052116.063377156] [cmd_vel_chassis_serial]: Drop leg debug: len=80 expected=84
[WARN] [1784052116.141260562] [cmd_vel_chassis_serial]: Drop leg debug: len=80 expected=84
[WARN] [1784052116.188246634] [cmd_vel_chassis_serial]: Drop leg debug: len=80 expected=84
[WARN] [1784052116.219235812] [cmd_vel_chassis_serial]: Drop leg debug: len=80 expected=84
[WARN] [1784052116.263207245] [cmd_vel_chassis_serial]: Drop leg debug: len=80 expected=84
[WARN] [1784052116.297552166] [cmd_vel_chassis_serial]: Drop leg debug: len=80 expected=84
[WARN] [1784052116.315385817] [cmd_vel_chassis_serial]: Drop leg debug: len=80 expected=84
[ERROR] [1784052116.361324152] [cmd_vel_chassis_serial]: Serial write failed: Write timeout
[WARN] [1784052116.375717802] [cmd_vel_chassis_serial]: Drop leg debug: len=80 expected=84
[WARN] [1784052116.394124076] [cmd_vel_chassis_serial]: Drop leg debug: len=80 expected=84
[WARN] [1784052116.436258789] [cmd_vel_chassis_serial]: Drop leg debug: len=80 expected=84
[WARN] [1784052116.476410241] [cmd_vel_chassis_serial]: Drop leg debug: len=80 expected=84
[WARN] [1784052116.495684609] [cmd_vel_chassis_serial]: Drop leg debug: len=80 expected=84
[WARN] [1784052116.512735842] [cmd_vel_chassis_serial]: Drop leg debug: len=80 expected=84
[WARN] [1784052116.519564545] [cmd_vel_chassis_serial]: Drop leg debug: len=80 expected=84
[WARN] [1784052116.535042697] [cmd_vel_chassis_serial]: Drop leg debug: len=80 expected=84
[WARN] [1784052116.563440750] [cmd_vel_chassis_serial]: Drop leg debug: len=80 expected=84
[WARN] [1784052116.572290331] [cmd_vel_chassis_serial]: Drop leg debug: len=80 expected=84
[WARN] [1784052116.601528439] [cmd_vel_chassis_serial]: Drop leg debug: len=80 expected=84
[WARN] [1784052116.614201938] [cmd_vel_chassis_serial]: Drop leg debug: len=80 expected=84
[WARN] [1784052116.623260965] [cmd_vel_chassis_serial]: Drop leg debug: len=80 expected=84
[WARN] [1784052116.631302670] [cmd_vel_chassis_serial]: Drop leg debug: len=80 expected=84
[WARN] [1784052116.637491991] [cmd_vel_chassis_serial]: Drop leg debug: len=80 expected=84
[WARN] [1784052116.647160418] [cmd_vel_chassis_serial]: Drop leg debug: len=80 expected=84
[WARN] [1784052116.652151164] [cmd_vel_chassis_serial]: Drop leg debug: len=80 expected=84
[WARN] [1784052116.658066848] [cmd_vel_chassis_serial]: Drop leg debug: len=80 expected=84
[WARN] [1784052116.665959240] [cmd_vel_chassis_serial]: Drop leg debug: len=80 expected=84
[WARN] [1784052116.669810464] [cmd_vel_chassis_serial]: Drop leg debug: len=80 expected=84
[WARN] [1784052116.674274377] [cmd_vel_chassis_serial]: Drop leg debug: len=80 expected=84
[WARN] [1784052116.701606510] [cmd_vel_chassis_serial]: Drop leg debug: len=80 expected=84
[WARN] [1784052116.711952223] [cmd_vel_chassis_serial]: Drop leg debug: len=80 expected=84
[WARN] [1784052116.735307439] [cmd_vel_chassis_serial]: Drop leg debug: len=80 expected=84
[WARN] [1784052116.748527263] [cmd_vel_chassis_serial]: Drop leg debug: len=80 expected=84
[WARN] [1784052116.812405197] [cmd_vel_chassis_serial]: Drop leg debug: len=80 expected=84
[WARN] [1784052116.864450851] [cmd_vel_chassis_serial]: Drop leg debug: len=80 expected=84
[WARN] [1784052116.881480299] [cmd_vel_chassis_serial]: Drop leg debug: len=80 expected=84
[WARN] [1784052116.925561834] [cmd_vel_chassis_serial]: Drop leg debug: len=80 expected=84
[WARN] [1784052116.942273979] [cmd_vel_chassis_serial]: Drop leg debug: len=80 expected=84
[WARN] [1784052116.987991753] [cmd_vel_chassis_serial]: Drop leg debug: len=80 expected=84
[WARN] [1784052117.024285612] [cmd_vel_chassis_serial]: Drop leg debug: len=80 expected=84
[WARN] [1784052117.075134026] [cmd_vel_chassis_serial]: Drop leg debug: len=80 expected=84
[ERROR] [1784052117.088111031] [cmd_vel_chassis_serial]: Serial write failed: Write timeout
[WARN] [1784052117.160777652] [cmd_vel_chassis_serial]: Drop leg debug: len=80 expected=84
[WARN] [1784052117.190246087] [cmd_vel_chassis_serial]: Drop leg debug: len=80 expected=84
[WARN] [1784052117.246871593] [cmd_vel_chassis_serial]: Drop leg debug: len=80 expected=84
[WARN] [1784052117.290698695] [cmd_vel_chassis_serial]: Drop leg debug: len=80 expected=84
[WARN] [1784052117.365319084] [cmd_vel_chassis_serial]: Drop leg debug: len=80 expected=84
[WARN] [1784052117.450456150] [cmd_vel_chassis_serial]: Drop leg debug: len=80 expected=84
[WARN] [1784052117.493813443] [cmd_vel_chassis_serial]: Drop leg debug: len=80 expected=84
[WARN] [1784052117.497052839] [cmd_vel_chassis_serial]: Drop leg debug: len=80 expected=84
[WARN] [1784052117.502515127] [cmd_vel_chassis_serial]: Drop leg debug: len=80 expected=84
[WARN] [1784052117.509108413] [cmd_vel_chassis_serial]: Drop leg debug: len=80 expected=84
[WARN] [1784052117.513494410] [cmd_vel_chassis_serial]: Drop leg debug: len=80 expected=84
[WARN] [1784052117.526544091] [cmd_vel_chassis_serial]: Drop leg debug: len=80 expected=84
[WARN] [1784052117.530375639] [cmd_vel_chassis_serial]: Drop leg debug: len=80 expected=84
[WARN] [1784052117.534037624] [cmd_vel_chassis_serial]: Drop leg debug: len=80 expected=84
[WARN] [1784052117.540369900] [cmd_vel_chassis_serial]: Drop leg debug: len=80 expected=84
[WARN] [1784052117.548504158] [cmd_vel_chassis_serial]: Drop leg debug: len=80 expected=84
[WARN] [1784052117.552373862] [cmd_vel_chassis_serial]: Drop leg debug: len=80 expected=84
[WARN] [1784052117.555698345] [cmd_vel_chassis_serial]: Drop leg debug: len=80 expected=84
[WARN] [1784052117.562872439] [cmd_vel_chassis_serial]: Drop leg debug: len=80 expected=84
[WARN] [1784052117.566401135] [cmd_vel_chassis_serial]: Drop leg debug: len=80 expected=84
[WARN] [1784052117.569597214] [cmd_vel_chassis_serial]: Drop leg debug: len=80 expected=84
[WARN] [1784052117.572739112] [cmd_vel_chassis_serial]: Drop leg debug: len=80 expected=84
[WARN] [1784052117.577893340] [cmd_vel_chassis_serial]: Drop leg debug: len=80 expected=84
[WARN] [1784052117.584079399] [cmd_vel_chassis_serial]: Drop leg debug: len=80 expected=84
[WARN] [1784052117.587271409] [cmd_vel_chassis_serial]: Drop leg debug: len=80 expected=84
[WARN] [1784052117.593828039] [cmd_vel_chassis_serial]: Drop leg debug: len=80 expected=84
[WARN] [1784052117.604524984] [cmd_vel_chassis_serial]: Drop leg debug: len=80 expected=84
[WARN] [1784052117.611844238] [cmd_vel_chassis_serial]: Drop leg debug: len=80 expected=84
[WARN] [1784052117.694596520] [cmd_vel_chassis_serial]: Drop leg debug: len=80 expected=84
[WARN] [1784052117.708247907] [cmd_vel_chassis_serial]: Drop leg debug: len=80 expected=84
[WARN] [1784052117.724745686] [cmd_vel_chassis_serial]: Drop leg debug: len=80 expected=84
[WARN] [1784052117.733894541] [cmd_vel_chassis_serial]: Drop leg debug: len=80 expected=84
[WARN] [1784052117.745183948] [cmd_vel_chassis_serial]: Drop leg debug: len=80 expected=84
[WARN] [1784052117.761431508] [cmd_vel_chassis_serial]: Drop leg debug: len=80 expected=84
[WARN] [1784052117.828465524] [cmd_vel_chassis_serial]: Drop leg debug: len=80 expected=84
[WARN] [1784052117.852218596] [cmd_vel_chassis_serial]: Drop leg debug: len=80 expected=84
[WARN] [1784052117.863475152] [cmd_vel_chassis_serial]: Drop leg debug: len=80 expected=84
[WARN] [1784052117.879077161] [cmd_vel_chassis_serial]: Drop leg debug: len=80 expected=84
[WARN] [1784052117.891742169] [cmd_vel_chassis_serial]: Drop leg debug: len=80 expected=84
[WARN] [1784052117.904858501] [cmd_vel_chassis_serial]: Drop leg debug: len=80 expected=84
[WARN] [1784052117.971664059] [cmd_vel_chassis_serial]: Drop leg debug: len=80 expected=84
[WARN] [1784052117.987326021] [cmd_vel_chassis_serial]: Drop leg debug: len=80 expected=84
[WARN] [1784052117.995566563] [cmd_vel_chassis_serial]: Drop leg debug: len=80 expected=84
[WARN] [1784052118.023775672] [cmd_vel_chassis_serial]: Drop leg debug: len=80 expected=84
[WARN] [1784052118.031809781] [cmd_vel_chassis_serial]: Drop leg debug: len=80 expected=84
[WARN] [1784052118.046689391] [cmd_vel_chassis_serial]: Drop leg debug: len=80 expected=84
[WARN] [1784052118.114171146] [cmd_vel_chassis_serial]: Drop leg debug: len=80 expected=84
[WARN] [1784052118.125263804] [cmd_vel_chassis_serial]: Drop leg debug: len=80 expected=84
[WARN] [1784052118.144060954] [cmd_vel_chassis_serial]: Drop leg debug: len=80 expected=84
[WARN] [1784052118.150962338] [cmd_vel_chassis_serial]: Drop leg debug: len=80 expected=84
[WARN] [1784052118.164684341] [cmd_vel_chassis_serial]: Drop leg debug: len=80 expected=84
[WARN] [1784052118.174820136] [cmd_vel_chassis_serial]: Drop leg debug: len=80 expected=84
[WARN] [1784052118.245080791] [cmd_vel_chassis_serial]: Drop leg debug: len=80 expected=84
[WARN] [1784052118.265216499] [cmd_vel_chassis_serial]: Drop leg debug: len=80 expected=84
[WARN] [1784052118.272440238] [cmd_vel_chassis_serial]: Drop leg debug: len=80 expected=84
[WARN] [1784052118.286539328] [cmd_vel_chassis_serial]: Drop leg debug: len=80 expected=84
[WARN] [1784052118.293708203] [cmd_vel_chassis_serial]: Drop leg debug: len=80 expected=84
[WARN] [1784052118.308750208] [cmd_vel_chassis_serial]: Drop leg debug: len=80 expected=84
[WARN] [1784052118.382486838] [cmd_vel_chassis_serial]: Drop leg debug: len=80 expected=84
[WARN] [1784052118.391833496] [cmd_vel_chassis_serial]: Drop leg debug: len=80 expected=84
[WARN] [1784052118.418530662] [cmd_vel_chassis_serial]: Drop leg debug: len=80 expected=84
[WARN] [1784052118.443907730] [cmd_vel_chassis_serial]: Drop leg debug: len=80 expected=84
[WARN] [1784052118.474428000] [cmd_vel_chassis_serial]: Drop leg debug: len=80 expected=84
[WARN] [1784052118.485608025] [cmd_vel_chassis_serial]: Drop leg debug: len=80 expected=84
[WARN] [1784052118.519088181] [cmd_vel_chassis_serial]: Drop leg debug: len=80 expected=84
[WARN] [1784052118.539302447] [cmd_vel_chassis_serial]: Drop leg debug: len=80 expected=84
[WARN] [1784052118.566269756] [cmd_vel_chassis_serial]: Drop leg debug: len=80 expected=84
[ERROR] [1784052118.596400685] [cmd_vel_chassis_serial]: Serial write failed: Write timeout
[WARN] [1784052118.610687520] [cmd_vel_chassis_serial]: Drop leg debug: len=80 expected=84
[WARN] [1784052118.638465235] [cmd_vel_chassis_serial]: Drop leg debug: len=80 expected=84
[WARN] [1784052118.661111607] [cmd_vel_chassis_serial]: Drop leg debug: len=80 expected=84
[WARN] [1784052118.686502526] [cmd_vel_chassis_serial]: Drop leg debug: len=80 expected=84
[ERROR] [1784052118.725443091] [cmd_vel_chassis_serial]: Serial write failed: Write timeout
[WARN] [1784052118.738409708] [cmd_vel_chassis_serial]: Drop leg debug: len=80 expected=84
[WARN] [1784052118.785283643] [cmd_vel_chassis_serial]: Drop leg debug: len=80 expected=84
[WARN] [1784052118.820993938] [cmd_vel_chassis_serial]: Drop leg debug: len=80 expected=84
[WARN] [1784052118.846396115] [cmd_vel_chassis_serial]: Drop leg debug: len=80 expected=84
[WARN] [1784052118.887081971] [cmd_vel_chassis_serial]: Drop leg debug: len=80 expected=84
[ERROR] [1784052118.934575015] [cmd_vel_chassis_serial]: Serial write failed: Write timeout
[WARN] [1784052118.939520509] [cmd_vel_chassis_serial]: Drop leg debug: len=80 expected=84
[WARN] [1784052118.963583624] [cmd_vel_chassis_serial]: Drop leg debug: len=80 expected=84
[WARN] [1784052118.982355233] [cmd_vel_chassis_serial]: Drop leg debug: len=80 expected=84
[WARN] [1784052119.052418963] [cmd_vel_chassis_serial]: Drop leg debug: len=80 expected=84
[WARN] [1784052119.081983304] [cmd_vel_chassis_serial]: Drop leg debug: len=80 expected=84
[WARN] [1784052119.115083652] [cmd_vel_chassis_serial]: Drop leg debug: len=80 expected=84
[WARN] [1784052119.131576094] [cmd_vel_chassis_serial]: Drop leg debug: len=80 expected=84
[ERROR] [1784052119.146457748] [cmd_vel_chassis_serial]: Serial write failed: Write timeout
[WARN] [1784052119.216803672] [cmd_vel_chassis_serial]: Drop leg debug: len=80 expected=84
[WARN] [1784052119.245367318] [cmd_vel_chassis_serial]: Drop leg debug: len=80 expected=84
[WARN] [1784052119.282065800] [cmd_vel_chassis_serial]: Drop leg debug: len=80 expected=84
[WARN] [1784052119.305717122] [cmd_vel_chassis_serial]: Drop leg debug: len=80 expected=84
[WARN] [1784052119.331970047] [cmd_vel_chassis_serial]: Drop leg debug: len=80 expected=84
[WARN] [1784052119.353020484] [cmd_vel_chassis_serial]: Drop leg debug: len=80 expected=84
[WARN] [1784052119.406658687] [cmd_vel_chassis_serial]: Drop leg debug: len=80 expected=84
[WARN] [1784052119.460812089] [cmd_vel_chassis_serial]: Drop leg debug: len=80 expected=84
[WARN] [1784052119.489200029] [cmd_vel_chassis_serial]: Drop leg debug: len=80 expected=84
[WARN] [1784052119.519093638] [cmd_vel_chassis_serial]: Drop leg debug: len=80 expected=84
[WARN] [1784052119.533031646] [cmd_vel_chassis_serial]: Drop leg debug: len=80 expected=84
[WARN] [1784052119.561504384] [cmd_vel_chassis_serial]: Drop leg debug: len=80 expected=84
[WARN] [1784052119.579567453] [cmd_vel_chassis_serial]: Drop leg debug: len=80 expected=84
[WARN] [1784052119.597181156] [cmd_vel_chassis_serial]: Drop leg debug: len=80 expected=84
[WARN] [1784052119.622883653] [cmd_vel_chassis_serial]: Drop leg debug: len=80 expected=84
[WARN] [1784052119.635157377] [cmd_vel_chassis_serial]: Drop leg debug: len=80 expected=84
[WARN] [1784052119.662694355] [cmd_vel_chassis_serial]: Drop leg debug: len=80 expected=84
[WARN] [1784052119.694252295] [cmd_vel_chassis_serial]: Drop leg debug: len=80 expected=84
[WARN] [1784052119.707448973] [cmd_vel_chassis_serial]: Drop leg debug: len=80 expected=84
[WARN] [1784052119.738531310] [cmd_vel_chassis_serial]: Drop leg debug: len=80 expected=84
[WARN] [1784052119.757478288] [cmd_vel_chassis_serial]: Drop leg debug: len=80 expected=84
[WARN] [1784052119.779066526] [cmd_vel_chassis_serial]: Drop leg debug: len=80 expected=84
[WARN] [1784052119.812939400] [cmd_vel_chassis_serial]: Drop leg debug: len=80 expected=84
[WARN] [1784052119.844424136] [cmd_vel_chassis_serial]: Drop leg debug: len=80 expected=84
[WARN] [1784052119.864975444] [cmd_vel_chassis_serial]: Drop leg debug: len=80 expected=84
[WARN] [1784052119.920590514] [cmd_vel_chassis_serial]: Drop leg debug: len=80 expected=84
[WARN] [1784052119.962053605] [cmd_vel_chassis_serial]: Drop leg debug: len=80 expected=84
[WARN] [1784052119.973204317] [cmd_vel_chassis_serial]: Drop leg debug: len=80 expected=84
[WARN] [1784052119.994236330] [cmd_vel_chassis_serial]: Drop leg debug: len=80 expected=84
[WARN] [1784052120.022255630] [cmd_vel_chassis_serial]: Drop leg debug: len=80 expected=84
[WARN] [1784052120.042842631] [cmd_vel_chassis_serial]: Drop leg debug: len=80 expected=84
[WARN] [1784052120.074309310] [cmd_vel_chassis_serial]: Drop leg debug: len=80 expected=84
[WARN] [1784052120.125178873] [cmd_vel_chassis_serial]: Drop leg debug: len=80 expected=84
[WARN] [1784052120.157316113] [cmd_vel_chassis_serial]: Drop leg debug: len=80 expected=84
[WARN] [1784052120.222602306] [cmd_vel_chassis_serial]: Drop leg debug: len=80 expected=84
[WARN] [1784052120.273293930] [cmd_vel_chassis_serial]: Drop leg debug: len=80 expected=84
[WARN] [1784052120.311591519] [cmd_vel_chassis_serial]: Drop leg debug: len=80 expected=84
[WARN] [1784052120.343889751] [cmd_vel_chassis_serial]: Drop leg debug: len=80 expected=84
[WARN] [1784052120.382544166] [cmd_vel_chassis_serial]: Drop leg debug: len=80 expected=84
[WARN] [1784052120.412577398] [cmd_vel_chassis_serial]: Drop leg debug: len=80 expected=84
[WARN] [1784052120.438602995] [cmd_vel_chassis_serial]: Drop leg debug: len=80 expected=84
[WARN] [1784052120.449501469] [cmd_vel_chassis_serial]: Drop leg debug: len=80 expected=84
[WARN] [1784052120.463033339] [cmd_vel_chassis_serial]: Drop leg debug: len=80 expected=84
[WARN] [1784052120.481836873] [cmd_vel_chassis_serial]: Drop leg debug: len=80 expected=84
[WARN] [1784052120.497534997] [cmd_vel_chassis_serial]: Drop leg debug: len=80 expected=84
[WARN] [1784052120.529484912] [cmd_vel_chassis_serial]: Drop leg debug: len=80 expected=84
[WARN] [1784052120.548019204] [cmd_vel_chassis_serial]: Drop leg debug: len=80 expected=84
[WARN] [1784052120.559795908] [cmd_vel_chassis_serial]: Drop leg debug: len=80 expected=84
[WARN] [1784052120.583392203] [cmd_vel_chassis_serial]: Drop leg debug: len=80 expected=84
[WARN] [1784052120.593414150] [cmd_vel_chassis_serial]: Drop leg debug: len=80 expected=84
[WARN] [1784052120.614280848] [cmd_vel_chassis_serial]: Drop leg debug: len=80 expected=84
[WARN] [1784052120.635308129] [cmd_vel_chassis_serial]: Drop leg debug: len=80 expected=84
[WARN] [1784052120.649309156] [cmd_vel_chassis_serial]: Drop leg debug: len=80 expected=84
[WARN] [1784052120.665602645] [cmd_vel_chassis_serial]: Drop leg debug: len=80 expected=84
[WARN] [1784052120.685296280] [cmd_vel_chassis_serial]: Drop leg debug: len=80 expected=84
[WARN] [1784052120.783608914] [cmd_vel_chassis_serial]: Drop leg debug: len=80 expected=84
[WARN] [1784052120.797205634] [cmd_vel_chassis_serial]: Drop leg debug: len=80 expected=84
[WARN] [1784052120.804023882] [cmd_vel_chassis_serial]: Drop leg debug: len=80 expected=84
[WARN] [1784052120.823710387] [cmd_vel_chassis_serial]: Drop leg debug: len=80 expected=84
[WARN] [1784052120.855884104] [cmd_vel_chassis_serial]: Drop leg debug: len=80 expected=84
[WARN] [1784052120.923474436] [cmd_vel_chassis_serial]: Drop leg debug: len=80 expected=84
[ERROR] [1784052120.940507598] [cmd_vel_chassis_serial]: Serial write failed: Write timeout
[WARN] [1784052120.968545168] [cmd_vel_chassis_serial]: Drop leg debug: len=80 expected=84
[WARN] [1784052121.004188787] [cmd_vel_chassis_serial]: Drop leg debug: len=80 expected=84
[WARN] [1784052121.048457099] [cmd_vel_chassis_serial]: Drop leg debug: len=80 expected=84
[WARN] [1784052121.074779007] [cmd_vel_chassis_serial]: Drop leg debug: len=80 expected=84
[WARN] [1784052121.098880844] [cmd_vel_chassis_serial]: Drop leg debug: len=80 expected=84
[WARN] [1784052121.132760363] [cmd_vel_chassis_serial]: Drop leg debug: len=80 expected=84
[WARN] [1784052121.200263386] [cmd_vel_chassis_serial]: Drop leg debug: len=80 expected=84
[WARN] [1784052121.252083800] [cmd_vel_chassis_serial]: Drop leg debug: len=80 expected=84
[WARN] [1784052121.281050755] [cmd_vel_chassis_serial]: Drop leg debug: len=80 expected=84
[WARN] [1784052121.319038796] [cmd_vel_chassis_serial]: Drop leg debug: len=80 expected=84
[WARN] [1784052121.360118321] [cmd_vel_chassis_serial]: Drop leg debug: len=80 expected=84
[WARN] [1784052121.391028243] [cmd_vel_chassis_serial]: Drop leg debug: len=80 expected=84
[WARN] [1784052121.414765765] [cmd_vel_chassis_serial]: Drop leg debug: len=80 expected=84
[WARN] [1784052121.450091020] [cmd_vel_chassis_serial]: Drop leg debug: len=80 expected=84
[WARN] [1784052121.467383572] [cmd_vel_chassis_serial]: Drop leg debug: len=80 expected=84
[ERROR] [1784052121.480588869] [cmd_vel_chassis_serial]: Serial write failed: Write timeout
[WARN] [1784052121.499745783] [cmd_vel_chassis_serial]: Drop leg debug: len=80 expected=84
[WARN] [1784052121.526370721] [cmd_vel_chassis_serial]: Drop leg debug: len=80 expected=84
[WARN] [1784052121.540419236] [cmd_vel_chassis_serial]: Drop leg debug: len=80 expected=84
[WARN] [1784052121.557953484] [cmd_vel_chassis_serial]: Drop leg debug: len=80 expected=84
[WARN] [1784052121.579083528] [cmd_vel_chassis_serial]: Drop leg debug: len=80 expected=84
[ERROR] [1784052121.594386806] [cmd_vel_chassis_serial]: Serial write failed: Write timeout
[WARN] [1784052121.610953585] [cmd_vel_chassis_serial]: Drop leg debug: len=80 expected=84
[WARN] [1784052121.624334312] [cmd_vel_chassis_serial]: Drop leg debug: len=80 expected=84
[WARN] [1784052121.649055435] [cmd_vel_chassis_serial]: Drop leg debug: len=80 expected=84
[WARN] [1784052121.656532881] [cmd_vel_chassis_serial]: Drop leg debug: len=80 expected=84
[WARN] [1784052121.683501548] [cmd_vel_chassis_serial]: Drop leg debug: len=80 expected=84
[WARN] [1784052121.699055200] [cmd_vel_chassis_serial]: Drop leg debug: len=80 expected=84
[WARN] [1784052121.706174069] [cmd_vel_chassis_serial]: Drop leg debug: len=80 expected=84
[WARN] [1784052121.729028753] [cmd_vel_chassis_serial]: Drop leg debug: len=80 expected=84
[WARN] [1784052121.737541229] [cmd_vel_chassis_serial]: Drop leg debug: len=80 expected=84
[WARN] [1784052121.750283107] [cmd_vel_chassis_serial]: Drop leg debug: len=80 expected=84
[WARN] [1784052121.796171181] [cmd_vel_chassis_serial]: Drop leg debug: len=80 expected=84
[WARN] [1784052121.852139823] [cmd_vel_chassis_serial]: Drop leg debug: len=80 expected=84
[WARN] [1784052121.880872907] [cmd_vel_chassis_serial]: Drop leg debug: len=80 expected=84
[WARN] [1784052121.916885646] [cmd_vel_chassis_serial]: Drop leg debug: len=80 expected=84
[WARN] [1784052121.938341812] [cmd_vel_chassis_serial]: Drop leg debug: len=80 expected=84
[WARN] [1784052121.977085897] [cmd_vel_chassis_serial]: Drop leg debug: len=80 expected=84
[WARN] [1784052122.008526972] [cmd_vel_chassis_serial]: Drop leg debug: len=80 expected=84
[WARN] [1784052122.077787446] [cmd_vel_chassis_serial]: Drop leg debug: len=80 expected=84
[WARN] [1784052122.141250784] [cmd_vel_chassis_serial]: Drop leg debug: len=80 expected=84
[WARN] [1784052122.189515069] [cmd_vel_chassis_serial]: Drop leg debug: len=80 expected=84
[WARN] [1784052122.296403639] [cmd_vel_chassis_serial]: Drop leg debug: len=80 expected=84
[WARN] [1784052122.354799298] [cmd_vel_chassis_serial]: Drop leg debug: len=80 expected=84
[WARN] [1784052122.427501810] [cmd_vel_chassis_serial]: Drop leg debug: len=80 expected=84
[WARN] [1784052122.491947235] [cmd_vel_chassis_serial]: Drop leg debug: len=80 expected=84
[WARN] [1784052122.558536500] [cmd_vel_chassis_serial]: Drop leg debug: len=80 expected=84
[WARN] [1784052122.626444547] [cmd_vel_chassis_serial]: Drop leg debug: len=80 expected=84
[WARN] [1784052122.705253730] [cmd_vel_chassis_serial]: Drop leg debug: len=80 expected=84
[WARN] [1784052122.751708807] [cmd_vel_chassis_serial]: Drop leg debug: len=80 expected=84
[WARN] [1784052122.810544180] [cmd_vel_chassis_serial]: Drop leg debug: len=80 expected=84
[WARN] [1784052122.873966302] [cmd_vel_chassis_serial]: Drop leg debug: len=80 expected=84
[WARN] [1784052122.933250031] [cmd_vel_chassis_serial]: Drop leg debug: len=80 expected=84
[WARN] [1784052122.962096719] [cmd_vel_chassis_serial]: Drop leg debug: len=80 expected=84
[WARN] [1784052123.011159487] [cmd_vel_chassis_serial]: Drop leg debug: len=80 expected=84
[WARN] [1784052123.055382282] [cmd_vel_chassis_serial]: Drop leg debug: len=80 expected=84
[WARN] [1784052123.111821763] [cmd_vel_chassis_serial]: Drop leg debug: len=80 expected=84
[WARN] [1784052123.169604750] [cmd_vel_chassis_serial]: Drop leg debug: len=80 expected=84
[WARN] [1784052123.200686243] [cmd_vel_chassis_serial]: Drop leg debug: len=80 expected=84
[WARN] [1784052123.271027545] [cmd_vel_chassis_serial]: Drop leg debug: len=80 expected=84
[WARN] [1784052123.317046931] [cmd_vel_chassis_serial]: Drop leg debug: len=80 expected=84
[WARN] [1784052123.378691646] [cmd_vel_chassis_serial]: Drop leg debug: len=80 expected=84
[WARN] [1784052123.430874371] [cmd_vel_chassis_serial]: Drop leg debug: len=80 expected=84
[WARN] [1784052123.458865577] [cmd_vel_chassis_serial]: Drop leg debug: len=80 expected=84
[WARN] [1784052123.478606535] [cmd_vel_chassis_serial]: Drop leg debug: len=80 expected=84
[WARN] [1784052123.508040436] [cmd_vel_chassis_serial]: Drop leg debug: len=80 expected=84
[WARN] [1784052123.531038961] [cmd_vel_chassis_serial]: Drop leg debug: len=80 expected=84
[WARN] [1784052123.546367874] [cmd_vel_chassis_serial]: Drop leg debug: len=80 expected=84
[WARN] [1784052123.576717931] [cmd_vel_chassis_serial]: Drop leg debug: len=80 expected=84
[WARN] [1784052123.618405966] [cmd_vel_chassis_serial]: Drop leg debug: len=80 expected=84
[WARN] [1784052123.669370203] [cmd_vel_chassis_serial]: Drop leg debug: len=80 expected=84
[WARN] [1784052123.705836320] [cmd_vel_chassis_serial]: Drop leg debug: len=80 expected=84
[WARN] [1784052123.768880209] [cmd_vel_chassis_serial]: Drop leg debug: len=80 expected=84
[WARN] [1784052123.807186727] [cmd_vel_chassis_serial]: Drop leg debug: len=80 expected=84
[WARN] [1784052123.861129459] [cmd_vel_chassis_serial]: Drop leg debug: len=80 expected=84
[WARN] [1784052123.954992261] [cmd_vel_chassis_serial]: Drop leg debug: len=80 expected=84
[WARN] [1784052124.009454345] [cmd_vel_chassis_serial]: Drop leg debug: len=80 expected=84
[WARN] [1784052124.064269140] [cmd_vel_chassis_serial]: Drop leg debug: len=80 expected=84
[WARN] [1784052124.115322961] [cmd_vel_chassis_serial]: Drop leg debug: len=80 expected=84
[WARN] [1784052124.156602378] [cmd_vel_chassis_serial]: Drop leg debug: len=80 expected=84
[WARN] [1784052124.192356567] [cmd_vel_chassis_serial]: Drop leg debug: len=80 expected=84
[WARN] [1784052124.280412878] [cmd_vel_chassis_serial]: Drop leg debug: len=80 expected=84
[WARN] [1784052124.318533537] [cmd_vel_chassis_serial]: Drop leg debug: len=80 expected=84
[WARN] [1784052124.348323050] [cmd_vel_chassis_serial]: Drop leg debug: len=80 expected=84
[WARN] [1784052124.373488414] [cmd_vel_chassis_serial]: Drop leg debug: len=80 expected=84
[WARN] [1784052124.399140229] [cmd_vel_chassis_serial]: Drop leg debug: len=80 expected=84
[WARN] [1784052124.408588428] [cmd_vel_chassis_serial]: Drop leg debug: len=80 expected=84
[WARN] [1784052124.426416301] [cmd_vel_chassis_serial]: Drop leg debug: len=80 expected=84
[ERROR] [1784052124.432322525] [cmd_vel_chassis_serial]: Serial write failed: Write timeout
[WARN] [1784052124.451186757] [cmd_vel_chassis_serial]: Drop leg debug: len=80 expected=84
[WARN] [1784052124.479531019] [cmd_vel_chassis_serial]: Drop leg debug: len=80 expected=84
[WARN] [1784052124.486935437] [cmd_vel_chassis_serial]: Drop leg debug: len=80 expected=84
[WARN] [1784052124.497532448] [cmd_vel_chassis_serial]: Drop leg debug: len=80 expected=84
[WARN] [1784052124.506290165] [cmd_vel_chassis_serial]: Drop leg debug: len=80 expected=84
[WARN] [1784052124.509782461] [cmd_vel_chassis_serial]: Drop leg debug: len=80 expected=84
[WARN] [1784052124.512886848] [cmd_vel_chassis_serial]: Drop leg debug: len=80 expected=84
[WARN] [1784052124.517057540] [cmd_vel_chassis_serial]: Drop leg debug: len=80 expected=84
[WARN] [1784052124.525500814] [cmd_vel_chassis_serial]: Drop leg debug: len=80 expected=84
[WARN] [1784052124.529218218] [cmd_vel_chassis_serial]: Drop leg debug: len=80 expected=84
[WARN] [1784052124.533006846] [cmd_vel_chassis_serial]: Drop leg debug: len=80 expected=84
[WARN] [1784052124.540798910] [cmd_vel_chassis_serial]: Drop leg debug: len=80 expected=84
[WARN] [1784052124.546136478] [cmd_vel_chassis_serial]: Drop leg debug: len=80 expected=84
[WARN] [1784052124.549820851] [cmd_vel_chassis_serial]: Drop leg debug: len=80 expected=84
[WARN] [1784052124.554360453] [cmd_vel_chassis_serial]: Drop leg debug: len=80 expected=84
[WARN] [1784052124.558952075] [cmd_vel_chassis_serial]: Drop leg debug: len=80 expected=84
[WARN] [1784052124.588879845] [cmd_vel_chassis_serial]: Drop leg debug: len=80 expected=84
[WARN] [1784052124.598432214] [cmd_vel_chassis_serial]: Drop leg debug: len=80 expected=84
[WARN] [1784052124.610903891] [cmd_vel_chassis_serial]: Drop leg debug: len=80 expected=84
[WARN] [1784052124.614761713] [cmd_vel_chassis_serial]: Drop leg debug: len=80 expected=84
[WARN] [1784052124.629667914] [cmd_vel_chassis_serial]: Drop leg debug: len=80 expected=84
[WARN] [1784052124.633996872] [cmd_vel_chassis_serial]: Drop leg debug: len=80 expected=84
[WARN] [1784052124.695942582] [cmd_vel_chassis_serial]: Drop leg debug: len=80 expected=84
[WARN] [1784052124.710198893] [cmd_vel_chassis_serial]: Drop leg debug: len=80 expected=84
[WARN] [1784052124.737076000] [cmd_vel_chassis_serial]: Drop leg debug: len=80 expected=84
[WARN] [1784052124.759445851] [cmd_vel_chassis_serial]: Drop leg debug: len=80 expected=84
[WARN] [1784052124.767852302] [cmd_vel_chassis_serial]: Drop leg debug: len=80 expected=84
[WARN] [1784052124.776397610] [cmd_vel_chassis_serial]: Drop leg debug: len=80 expected=84
[WARN] [1784052124.858333331] [cmd_vel_chassis_serial]: Drop leg debug: len=80 expected=84
[WARN] [1784052124.881999313] [cmd_vel_chassis_serial]: Drop leg debug: len=80 expected=84
[WARN] [1784052124.894848758] [cmd_vel_chassis_serial]: Drop leg debug: len=80 expected=84
[WARN] [1784052124.908087157] [cmd_vel_chassis_serial]: Drop leg debug: len=80 expected=84
[WARN] [1784052124.944672678] [cmd_vel_chassis_serial]: Drop leg debug: len=80 expected=84
[WARN] [1784052124.977983414] [cmd_vel_chassis_serial]: Drop leg debug: len=80 expected=84
[WARN] [1784052124.994171558] [cmd_vel_chassis_serial]: Drop leg debug: len=80 expected=84
[WARN] [1784052125.033431652] [cmd_vel_chassis_serial]: Drop leg debug: len=80 expected=84
[WARN] [1784052125.055326200] [cmd_vel_chassis_serial]: Drop leg debug: len=80 expected=84
[WARN] [1784052125.080105760] [cmd_vel_chassis_serial]: Drop leg debug: len=80 expected=84
[WARN] [1784052125.109401044] [cmd_vel_chassis_serial]: Drop leg debug: len=80 expected=84
[WARN] [1784052125.164738027] [cmd_vel_chassis_serial]: Drop leg debug: len=80 expected=84
[WARN] [1784052125.215288316] [cmd_vel_chassis_serial]: Drop leg debug: len=80 expected=84
[ERROR] [1784052125.222768365] [cmd_vel_chassis_serial]: Serial write failed: Write timeout
[WARN] [1784052125.279379116] [cmd_vel_chassis_serial]: Drop leg debug: len=80 expected=84
[WARN] [1784052125.324785049] [cmd_vel_chassis_serial]: Drop leg debug: len=80 expected=84
[WARN] [1784052125.387473965] [cmd_vel_chassis_serial]: Drop leg debug: len=80 expected=84
[WARN] [1784052125.426694754] [cmd_vel_chassis_serial]: Drop leg debug: len=80 expected=84
[ERROR] [1784052125.445819706] [cmd_vel_chassis_serial]: Serial write failed: Write timeout
[WARN] [1784052125.496450172] [cmd_vel_chassis_serial]: Drop leg debug: len=80 expected=84
[WARN] [1784052125.543584757] [cmd_vel_chassis_serial]: Drop leg debug: len=80 expected=84
[ERROR] [1784052125.556262922] [cmd_vel_chassis_serial]: Serial write failed: Write timeout
[WARN] [1784052125.600896456] [cmd_vel_chassis_serial]: Drop leg debug: len=80 expected=84
[WARN] [1784052125.637374090] [cmd_vel_chassis_serial]: Drop leg debug: len=80 expected=84
[WARN] [1784052125.652344846] [cmd_vel_chassis_serial]: Drop leg debug: len=80 expected=84
[WARN] [1784052125.672165717] [cmd_vel_chassis_serial]: Drop leg debug: len=80 expected=84
[WARN] [1784052125.699548218] [cmd_vel_chassis_serial]: Drop leg debug: len=80 expected=84
[WARN] [1784052125.745955738] [cmd_vel_chassis_serial]: Drop leg debug: len=80 expected=84
[WARN] [1784052125.762889532] [cmd_vel_chassis_serial]: Drop leg debug: len=80 expected=84
[WARN] [1784052125.787899468] [cmd_vel_chassis_serial]: Drop leg debug: len=80 expected=84
[ERROR] [1784052125.826493641] [cmd_vel_chassis_serial]: Serial write failed: Write timeout
[WARN] [1784052125.836535990] [cmd_vel_chassis_serial]: Drop leg debug: len=80 expected=84
[WARN] [1784052125.875839512] [cmd_vel_chassis_serial]: Drop leg debug: len=80 expected=84
[WARN] [1784052125.907752248] [cmd_vel_chassis_serial]: Drop leg debug: len=80 expected=84
[WARN] [1784052125.930553287] [cmd_vel_chassis_serial]: Drop leg debug: len=80 expected=84
[WARN] [1784052125.943350961] [cmd_vel_chassis_serial]: Drop leg debug: len=80 expected=84
[WARN] [1784052125.948269142] [cmd_vel_chassis_serial]: Drop leg debug: len=80 expected=84
[WARN] [1784052125.976474381] [cmd_vel_chassis_serial]: Drop leg debug: len=80 expected=84
[WARN] [1784052125.999995740] [cmd_vel_chassis_serial]: Drop leg debug: len=80 expected=84
[WARN] [1784052126.027055342] [cmd_vel_chassis_serial]: Drop leg debug: len=80 expected=84
[WARN] [1784052126.062479748] [cmd_vel_chassis_serial]: Drop leg debug: len=80 expected=84
[WARN] [1784052126.154367339] [cmd_vel_chassis_serial]: Drop leg debug: len=80 expected=84
[WARN] [1784052126.191525580] [cmd_vel_chassis_serial]: Drop leg debug: len=80 expected=84
[WARN] [1784052126.252052720] [cmd_vel_chassis_serial]: Drop leg debug: len=80 expected=84
[WARN] [1784052126.285911638] [cmd_vel_chassis_serial]: Drop leg debug: len=80 expected=84
[WARN] [1784052126.340798976] [cmd_vel_chassis_serial]: Drop leg debug: len=80 expected=84
[WARN] [1784052126.371399823] [cmd_vel_chassis_serial]: Drop leg debug: len=80 expected=84
[WARN] [1784052126.439376925] [cmd_vel_chassis_serial]: Drop leg debug: len=80 expected=84
[WARN] [1784052126.492423065] [cmd_vel_chassis_serial]: Drop leg debug: len=80 expected=84
[WARN] [1784052126.548861825] [cmd_vel_chassis_serial]: Drop leg debug: len=80 expected=84
[WARN] [1784052126.588145028] [cmd_vel_chassis_serial]: Drop leg debug: len=80 expected=84
[WARN] [1784052126.644757500] [cmd_vel_chassis_serial]: Drop leg debug: len=80 expected=84
[WARN] [1784052126.692519940] [cmd_vel_chassis_serial]: Drop leg debug: len=80 expected=84
[WARN] [1784052126.734002448] [cmd_vel_chassis_serial]: Drop leg debug: len=80 expected=84
[WARN] [1784052126.760818146] [cmd_vel_chassis_serial]: Drop leg debug: len=80 expected=84
[WARN] [1784052126.784335744] [cmd_vel_chassis_serial]: Drop leg debug: len=80 expected=84
[WARN] [1784052126.794682368] [cmd_vel_chassis_serial]: Drop leg debug: len=80 expected=84
[WARN] [1784052126.833804246] [cmd_vel_chassis_serial]: Drop leg debug: len=80 expected=84
[WARN] [1784052126.858268794] [cmd_vel_chassis_serial]: Drop leg debug: len=80 expected=84
[WARN] [1784052126.874251501] [cmd_vel_chassis_serial]: Drop leg debug: len=80 expected=84
[WARN] [1784052126.886555484] [cmd_vel_chassis_serial]: Drop leg debug: len=80 expected=84
[WARN] [1784052126.891610043] [cmd_vel_chassis_serial]: Drop leg debug: len=80 expected=84
[WARN] [1784052126.896190264] [cmd_vel_chassis_serial]: Drop leg debug: len=80 expected=84
[WARN] [1784052126.908949958] [cmd_vel_chassis_serial]: Drop leg debug: len=80 expected=84
[WARN] [1784052126.915972763] [cmd_vel_chassis_serial]: Drop leg debug: len=80 expected=84
[WARN] [1784052126.928465810] [cmd_vel_chassis_serial]: Drop leg debug: len=80 expected=84
[WARN] [1784052126.935031150] [cmd_vel_chassis_serial]: Drop leg debug: len=80 expected=84
[WARN] [1784052126.959264626] [cmd_vel_chassis_serial]: Drop leg debug: len=80 expected=84
[WARN] [1784052126.983533054] [cmd_vel_chassis_serial]: Drop leg debug: len=80 expected=84
[WARN] [1784052127.012314965] [cmd_vel_chassis_serial]: Drop leg debug: len=80 expected=84
[WARN] [1784052127.074674709] [cmd_vel_chassis_serial]: Drop leg debug: len=80 expected=84
[WARN] [1784052127.093391086] [cmd_vel_chassis_serial]: Drop leg debug: len=80 expected=84
[WARN] [1784052127.107476610] [cmd_vel_chassis_serial]: Drop leg debug: len=80 expected=84
[WARN] [1784052127.141556131] [cmd_vel_chassis_serial]: Drop leg debug: len=80 expected=84
[WARN] [1784052127.158884827] [cmd_vel_chassis_serial]: Drop leg debug: len=80 expected=84
[WARN] [1784052127.194498051] [cmd_vel_chassis_serial]: Drop leg debug: len=80 expected=84
[WARN] [1784052127.208026395] [cmd_vel_chassis_serial]: Drop leg debug: len=80 expected=84
[WARN] [1784052127.217523722] [cmd_vel_chassis_serial]: Drop leg debug: len=80 expected=84
[WARN] [1784052127.231485561] [cmd_vel_chassis_serial]: Drop leg debug: len=80 expected=84
[WARN] [1784052127.236048048] [cmd_vel_chassis_serial]: Drop leg debug: len=80 expected=84
[WARN] [1784052127.253117022] [cmd_vel_chassis_serial]: Drop leg debug: len=80 expected=84
[WARN] [1784052127.270131241] [cmd_vel_chassis_serial]: Drop leg debug: len=80 expected=84
[WARN] [1784052127.330068699] [cmd_vel_chassis_serial]: Drop leg debug: len=80 expected=84
[WARN] [1784052127.357366181] [cmd_vel_chassis_serial]: Drop leg debug: len=80 expected=84
[WARN] [1784052127.372778834] [cmd_vel_chassis_serial]: Drop leg debug: len=80 expected=84
[WARN] [1784052127.383395516] [cmd_vel_chassis_serial]: Drop leg debug: len=80 expected=84
[WARN] [1784052127.390737974] [cmd_vel_chassis_serial]: Drop leg debug: len=80 expected=84
[WARN] [1784052127.398960444] [cmd_vel_chassis_serial]: Drop leg debug: len=80 expected=84
[WARN] [1784052127.471443722] [cmd_vel_chassis_serial]: Drop leg debug: len=80 expected=84
[WARN] [1784052127.499362177] [cmd_vel_chassis_serial]: Drop leg debug: len=80 expected=84
[WARN] [1784052127.521612908] [cmd_vel_chassis_serial]: Drop leg debug: len=80 expected=84
[WARN] [1784052127.556195849] [cmd_vel_chassis_serial]: Drop leg debug: len=80 expected=84
[WARN] [1784052127.578829195] [cmd_vel_chassis_serial]: Drop leg debug: len=80 expected=84
[WARN] [1784052127.584360584] [cmd_vel_chassis_serial]: Drop leg debug: len=80 expected=84
[WARN] [1784052127.654252197] [cmd_vel_chassis_serial]: Drop leg debug: len=80 expected=84
[WARN] [1784052127.714207251] [cmd_vel_chassis_serial]: Drop leg debug: len=80 expected=84
[WARN] [1784052127.773569946] [cmd_vel_chassis_serial]: Drop leg debug: len=80 expected=84
[WARN] [1784052127.828998268] [cmd_vel_chassis_serial]: Drop leg debug: len=80 expected=84
[WARN] [1784052127.846267540] [cmd_vel_chassis_serial]: Drop leg debug: len=80 expected=84
[WARN] [1784052127.858668741] [cmd_vel_chassis_serial]: Drop leg debug: len=80 expected=84
[WARN] [1784052127.916146107] [cmd_vel_chassis_serial]: Drop leg debug: len=80 expected=84
[WARN] [1784052127.945803389] [cmd_vel_chassis_serial]: Drop leg debug: len=80 expected=84
[WARN] [1784052127.955213663] [cmd_vel_chassis_serial]: Drop leg debug: len=80 expected=84
[WARN] [1784052127.970796943] [cmd_vel_chassis_serial]: Drop leg debug: len=80 expected=84
[WARN] [1784052127.982044536] [cmd_vel_chassis_serial]: Drop leg debug: len=80 expected=84
[WARN] [1784052127.996640094] [cmd_vel_chassis_serial]: Drop leg debug: len=80 expected=84
[WARN] [1784052128.009419124] [cmd_vel_chassis_serial]: Drop leg debug: len=80 expected=84
[WARN] [1784052128.016341055] [cmd_vel_chassis_serial]: Drop leg debug: len=80 expected=84
[WARN] [1784052128.022067514] [cmd_vel_chassis_serial]: Drop leg debug: len=80 expected=84
[WARN] [1784052128.033722638] [cmd_vel_chassis_serial]: Drop leg debug: len=80 expected=84
[WARN] [1784052128.039746567] [cmd_vel_chassis_serial]: Drop leg debug: len=80 expected=84
[WARN] [1784052128.052412853] [cmd_vel_chassis_serial]: Drop leg debug: len=80 expected=84
[WARN] [1784052128.067351605] [cmd_vel_chassis_serial]: Drop leg debug: len=80 expected=84
[WARN] [1784052128.080861042] [cmd_vel_chassis_serial]: Drop leg debug: len=80 expected=84
[WARN] [1784052128.091257765] [cmd_vel_chassis_serial]: Drop leg debug: len=80 expected=84
[WARN] [1784052128.161016238] [cmd_vel_chassis_serial]: Drop leg debug: len=80 expected=84
[WARN] [1784052128.184527840] [cmd_vel_chassis_serial]: Drop leg debug: len=80 expected=84
[ERROR] [1784052128.193942484] [cmd_vel_chassis_serial]: Serial write failed: Write timeout
[WARN] [1784052128.292070253] [cmd_vel_chassis_serial]: Drop leg debug: len=80 expected=84
[WARN] [1784052128.314034879] [cmd_vel_chassis_serial]: Drop leg debug: len=80 expected=84
[WARN] [1784052128.380097209] [cmd_vel_chassis_serial]: Drop leg debug: len=80 expected=84
[WARN] [1784052128.406185914] [cmd_vel_chassis_serial]: Drop leg debug: len=80 expected=84
[WARN] [1784052128.454580966] [cmd_vel_chassis_serial]: Drop leg debug: len=80 expected=84
[ERROR] [1784052128.486926627] [cmd_vel_chassis_serial]: Serial write failed: Write timeout
[WARN] [1784052128.512737606] [cmd_vel_chassis_serial]: Drop leg debug: len=80 expected=84
[ERROR] [1784052128.600760493] [cmd_vel_chassis_serial]: Serial write failed: Write timeout
[WARN] [1784052128.630235195] [cmd_vel_chassis_serial]: Drop leg debug: len=80 expected=84
[WARN] [1784052128.693382710] [cmd_vel_chassis_serial]: Drop leg debug: len=80 expected=84
[WARN] [1784052128.711759323] [cmd_vel_chassis_serial]: Drop leg debug: len=80 expected=84
[WARN] [1784052128.749667741] [cmd_vel_chassis_serial]: Drop leg debug: len=80 expected=84
[WARN] [1784052128.773122872] [cmd_vel_chassis_serial]: Drop leg debug: len=80 expected=84
[WARN] [1784052128.787669707] [cmd_vel_chassis_serial]: Drop leg debug: len=80 expected=84
[WARN] [1784052128.807674626] [cmd_vel_chassis_serial]: Drop leg debug: len=80 expected=84
[WARN] [1784052128.817826007] [cmd_vel_chassis_serial]: Drop leg debug: len=80 expected=84
[WARN] [1784052128.828402251] [cmd_vel_chassis_serial]: Drop leg debug: len=80 expected=84
[WARN] [1784052128.834538871] [cmd_vel_chassis_serial]: Drop leg debug: len=80 expected=84
[WARN] [1784052128.847739868] [cmd_vel_chassis_serial]: Drop leg debug: len=80 expected=84
[WARN] [1784052128.854050212] [cmd_vel_chassis_serial]: Drop leg debug: len=80 expected=84
[WARN] [1784052128.866224023] [cmd_vel_chassis_serial]: Drop leg debug: len=80 expected=84
[WARN] [1784052128.873588834] [cmd_vel_chassis_serial]: Drop leg debug: len=80 expected=84
[WARN] [1784052128.891059116] [cmd_vel_chassis_serial]: Drop leg debug: len=80 expected=84
[WARN] [1784052128.906813546] [cmd_vel_chassis_serial]: Drop leg debug: len=80 expected=84
[WARN] [1784052128.935860395] [cmd_vel_chassis_serial]: Drop leg debug: len=80 expected=84
[WARN] [1784052128.949120000] [cmd_vel_chassis_serial]: Drop leg debug: len=80 expected=84
[WARN] [1784052128.967739472] [cmd_vel_chassis_serial]: Drop leg debug: len=80 expected=84
[WARN] [1784052128.986888517] [cmd_vel_chassis_serial]: Drop leg debug: len=80 expected=84
[WARN] [1784052128.997814982] [cmd_vel_chassis_serial]: Drop leg debug: len=80 expected=84
[WARN] [1784052129.037997781] [cmd_vel_chassis_serial]: Drop leg debug: len=80 expected=84
[WARN] [1784052129.078416714] [cmd_vel_chassis_serial]: Drop leg debug: len=80 expected=84
[WARN] [1784052129.108071972] [cmd_vel_chassis_serial]: Drop leg debug: len=80 expected=84
[WARN] [1784052129.143522529] [cmd_vel_chassis_serial]: Drop leg debug: len=80 expected=84
[WARN] [1784052129.194192211] [cmd_vel_chassis_serial]: Drop leg debug: len=80 expected=84
[WARN] [1784052129.249893378] [cmd_vel_chassis_serial]: Drop leg debug: len=80 expected=84
[WARN] [1784052129.284582030] [cmd_vel_chassis_serial]: Drop leg debug: len=80 expected=84
[WARN] [1784052129.314810634] [cmd_vel_chassis_serial]: Drop leg debug: len=80 expected=84
[WARN] [1784052129.355381986] [cmd_vel_chassis_serial]: Drop leg debug: len=80 expected=84
[WARN] [1784052129.455317540] [cmd_vel_chassis_serial]: Drop leg debug: len=80 expected=84
[ERROR] [1784052129.465370465] [cmd_vel_chassis_serial]: Serial write failed: Write timeout
[WARN] [1784052129.496390020] [cmd_vel_chassis_serial]: Drop leg debug: len=80 expected=84
[WARN] [1784052129.569073176] [cmd_vel_chassis_serial]: Drop leg debug: len=80 expected=84
[WARN] [1784052129.596493177] [cmd_vel_chassis_serial]: Drop leg debug: len=80 expected=84
[WARN] [1784052129.625977292] [cmd_vel_chassis_serial]: Drop leg debug: len=80 expected=84
[WARN] [1784052129.635157241] [cmd_vel_chassis_serial]: Drop leg debug: len=80 expected=84
[WARN] [1784052129.666190154] [cmd_vel_chassis_serial]: Drop leg debug: len=80 expected=84
[WARN] [1784052129.680477696] [cmd_vel_chassis_serial]: Drop leg debug: len=80 expected=84
[WARN] [1784052129.690435681] [cmd_vel_chassis_serial]: Drop leg debug: len=80 expected=84
[WARN] [1784052129.695289878] [cmd_vel_chassis_serial]: Drop leg debug: len=80 expected=84
[WARN] [1784052129.706571879] [cmd_vel_chassis_serial]: Drop leg debug: len=80 expected=84
[WARN] [1784052129.717057853] [cmd_vel_chassis_serial]: Drop leg debug: len=80 expected=84
[WARN] [1784052129.725785585] [cmd_vel_chassis_serial]: Drop leg debug: len=80 expected=84
[WARN] [1784052129.743186892] [cmd_vel_chassis_serial]: Drop leg debug: len=80 expected=84
[WARN] [1784052129.747846733] [cmd_vel_chassis_serial]: Drop leg debug: len=80 expected=84
[WARN] [1784052129.753917212] [cmd_vel_chassis_serial]: Drop leg debug: len=80 expected=84
[WARN] [1784052129.778822347] [cmd_vel_chassis_serial]: Drop leg debug: len=80 expected=84
[WARN] [1784052129.798130499] [cmd_vel_chassis_serial]: Drop leg debug: len=80 expected=84
[WARN] [1784052129.846009030] [cmd_vel_chassis_serial]: Drop leg debug: len=80 expected=84
[WARN] [1784052129.894778576] [cmd_vel_chassis_serial]: Drop leg debug: len=80 expected=84
[WARN] [1784052129.930362696] [cmd_vel_chassis_serial]: Drop leg debug: len=80 expected=84
[WARN] [1784052129.950555239] [cmd_vel_chassis_serial]: Drop leg debug: len=80 expected=84
[WARN] [1784052129.979999722] [cmd_vel_chassis_serial]: Drop leg debug: len=80 expected=84
[WARN] [1784052130.021246323] [cmd_vel_chassis_serial]: Drop leg debug: len=80 expected=84
[WARN] [1784052130.052054180] [cmd_vel_chassis_serial]: Drop leg debug: len=80 expected=84
[WARN] [1784052130.086789638] [cmd_vel_chassis_serial]: Drop leg debug: len=80 expected=84
[ERROR] [1784052130.120069642] [cmd_vel_chassis_serial]: Serial write failed: Write timeout
[WARN] [1784052130.130351490] [cmd_vel_chassis_serial]: Drop leg debug: len=80 expected=84
[WARN] [1784052130.157086468] [cmd_vel_chassis_serial]: Drop leg debug: len=80 expected=84
[WARN] [1784052130.186348636] [cmd_vel_chassis_serial]: Drop leg debug: len=80 expected=84
[ERROR] [1784052130.188467190] [cmd_vel_chassis_serial]: Serial write failed: Write timeout
[WARN] [1784052130.223270030] [cmd_vel_chassis_serial]: Drop leg debug: len=80 expected=84
[ERROR] [1784052130.244182530] [cmd_vel_chassis_serial]: Serial write failed: Write timeout
[WARN] [1784052130.261833253] [cmd_vel_chassis_serial]: Drop leg debug: len=80 expected=84
[WARN] [1784052130.301542975] [cmd_vel_chassis_serial]: Drop leg debug: len=80 expected=84
[WARN] [1784052130.349103099] [cmd_vel_chassis_serial]: Drop leg debug: len=80 expected=84
[WARN] [1784052130.366484847] [cmd_vel_chassis_serial]: Drop leg debug: len=80 expected=84
[WARN] [1784052130.400344402] [cmd_vel_chassis_serial]: Drop leg debug: len=80 expected=84
[WARN] [1784052130.431446847] [cmd_vel_chassis_serial]: Drop leg debug: len=80 expected=84
[WARN] [1784052130.465958723] [cmd_vel_chassis_serial]: Drop leg debug: len=80 expected=84
[WARN] [1784052130.495874821] [cmd_vel_chassis_serial]: Drop leg debug: len=80 expected=84
[WARN] [1784052130.513422792] [cmd_vel_chassis_serial]: Drop leg debug: len=80 expected=84
[WARN] [1784052130.526779262] [cmd_vel_chassis_serial]: Drop leg debug: len=80 expected=84
[WARN] [1784052130.530443589] [cmd_vel_chassis_serial]: Drop leg debug: len=80 expected=84
[WARN] [1784052130.576310862] [cmd_vel_chassis_serial]: Drop leg debug: len=80 expected=84
[WARN] [1784052130.607890381] [cmd_vel_chassis_serial]: Drop leg debug: len=80 expected=84
[ERROR] [1784052130.758335180] [cmd_vel_chassis_serial]: Serial write failed: Write timeout
[WARN] [1784052130.765283525] [cmd_vel_chassis_serial]: Drop leg debug: len=80 expected=84
[WARN] [1784052130.784490524] [cmd_vel_chassis_serial]: Drop leg debug: len=80 expected=84
[WARN] [1784052130.806486822] [cmd_vel_chassis_serial]: Drop leg debug: len=80 expected=84
[WARN] [1784052130.822436448] [cmd_vel_chassis_serial]: Drop leg debug: len=80 expected=84
[WARN] [1784052130.836097241] [cmd_vel_chassis_serial]: Drop leg debug: len=80 expected=84
[WARN] [1784052130.842330611] [cmd_vel_chassis_serial]: Drop leg debug: len=80 expected=84
[WARN] [1784052130.851036440] [cmd_vel_chassis_serial]: Drop leg debug: len=80 expected=84
[WARN] [1784052130.860412883] [cmd_vel_chassis_serial]: Drop leg debug: len=80 expected=84
[WARN] [1784052130.870514814] [cmd_vel_chassis_serial]: Drop leg debug: len=80 expected=84
[WARN] [1784052130.881423251] [cmd_vel_chassis_serial]: Drop leg debug: len=80 expected=84
[WARN] [1784052130.901307452] [cmd_vel_chassis_serial]: Drop leg debug: len=80 expected=84
[WARN] [1784052130.914461405] [cmd_vel_chassis_serial]: Drop leg debug: len=80 expected=84
[WARN] [1784052130.925901947] [cmd_vel_chassis_serial]: Drop leg debug: len=80 expected=84
[WARN] [1784052130.932293065] [cmd_vel_chassis_serial]: Drop leg debug: len=80 expected=84
[WARN] [1784052130.941965728] [cmd_vel_chassis_serial]: Drop leg debug: len=80 expected=84
[WARN] [1784052130.947226611] [cmd_vel_chassis_serial]: Drop leg debug: len=80 expected=84
[WARN] [1784052130.951926739] [cmd_vel_chassis_serial]: Drop leg debug: len=80 expected=84
[WARN] [1784052130.960998931] [cmd_vel_chassis_serial]: Drop leg debug: len=80 expected=84
[WARN] [1784052130.965993095] [cmd_vel_chassis_serial]: Drop leg debug: len=80 expected=84
[WARN] [1784052130.972678826] [cmd_vel_chassis_serial]: Drop leg debug: len=80 expected=84
[WARN] [1784052130.982594743] [cmd_vel_chassis_serial]: Drop leg debug: len=80 expected=84
[WARN] [1784052130.994158274] [cmd_vel_chassis_serial]: Drop leg debug: len=80 expected=84
[WARN] [1784052131.011845005] [cmd_vel_chassis_serial]: Drop leg debug: len=80 expected=84
[WARN] [1784052131.019446431] [cmd_vel_chassis_serial]: Drop leg debug: len=80 expected=84
[WARN] [1784052131.027244638] [cmd_vel_chassis_serial]: Drop leg debug: len=80 expected=84
[WARN] [1784052131.033793341] [cmd_vel_chassis_serial]: Drop leg debug: len=80 expected=84
[WARN] [1784052131.038903587] [cmd_vel_chassis_serial]: Drop leg debug: len=80 expected=84
[WARN] [1784052131.047458260] [cmd_vel_chassis_serial]: Drop leg debug: len=80 expected=84
[WARN] [1784052131.053130749] [cmd_vel_chassis_serial]: Drop leg debug: len=80 expected=84
[WARN] [1784052131.065912744] [cmd_vel_chassis_serial]: Drop leg debug: len=80 expected=84
[WARN] [1784052131.140908562] [cmd_vel_chassis_serial]: Drop leg debug: len=80 expected=84
[WARN] [1784052131.157266470] [cmd_vel_chassis_serial]: Drop leg debug: len=80 expected=84
[WARN] [1784052131.184859569] [cmd_vel_chassis_serial]: Drop leg debug: len=80 expected=84
[WARN] [1784052131.214905021] [cmd_vel_chassis_serial]: Drop leg debug: len=80 expected=84
[WARN] [1784052131.246118118] [cmd_vel_chassis_serial]: Drop leg debug: len=80 expected=84
[WARN] [1784052131.263309692] [cmd_vel_chassis_serial]: Drop leg debug: len=80 expected=84
[WARN] [1784052131.292253163] [cmd_vel_chassis_serial]: Drop leg debug: len=80 expected=84
[WARN] [1784052131.296813169] [cmd_vel_chassis_serial]: Drop leg debug: len=80 expected=84
[WARN] [1784052131.307361424] [cmd_vel_chassis_serial]: Drop leg debug: len=80 expected=84
[WARN] [1784052131.315432890] [cmd_vel_chassis_serial]: Drop leg debug: len=80 expected=84
[WARN] [1784052131.325991756] [cmd_vel_chassis_serial]: Drop leg debug: len=80 expected=84
[WARN] [1784052131.334004086] [cmd_vel_chassis_serial]: Drop leg debug: len=80 expected=84
[WARN] [1784052131.410914426] [cmd_vel_chassis_serial]: Drop leg debug: len=80 expected=84
[WARN] [1784052131.468736278] [cmd_vel_chassis_serial]: Drop leg debug: len=80 expected=84
[WARN] [1784052131.516115101] [cmd_vel_chassis_serial]: Drop leg debug: len=80 expected=84
[WARN] [1784052131.561526446] [cmd_vel_chassis_serial]: Drop leg debug: len=80 expected=84
[WARN] [1784052131.638880757] [cmd_vel_chassis_serial]: Drop leg debug: len=80 expected=84
[ERROR] [1784052131.667048666] [cmd_vel_chassis_serial]: Serial write failed: Write timeout
[WARN] [1784052131.725094880] [cmd_vel_chassis_serial]: Drop leg debug: len=80 expected=84
[WARN] [1784052131.786210155] [cmd_vel_chassis_serial]: Drop leg debug: len=80 expected=84
[WARN] [1784052131.824610691] [cmd_vel_chassis_serial]: Drop leg debug: len=80 expected=84
[ERROR] [1784052131.865862023] [cmd_vel_chassis_serial]: Serial write failed: Write timeout
[WARN] [1784052131.890406957] [cmd_vel_chassis_serial]: Drop leg debug: len=80 expected=84
[WARN] [1784052131.980529881] [cmd_vel_chassis_serial]: Drop leg debug: len=80 expected=84
[WARN] [1784052132.055061529] [cmd_vel_chassis_serial]: Drop leg debug: len=80 expected=84
[ERROR] [1784052132.079228335] [cmd_vel_chassis_serial]: Serial write failed: Write timeout
[WARN] [1784052132.125811405] [cmd_vel_chassis_serial]: Drop leg debug: len=80 expected=84
[WARN] [1784052132.133477804] [cmd_vel_chassis_serial]: Drop leg debug: len=80 expected=84
[WARN] [1784052132.141991671] [cmd_vel_chassis_serial]: Drop leg debug: len=80 expected=84
[WARN] [1784052132.158977085] [cmd_vel_chassis_serial]: Drop leg debug: len=80 expected=84
[WARN] [1784052132.169117126] [cmd_vel_chassis_serial]: Drop leg debug: len=80 expected=84
[WARN] [1784052132.174081105] [cmd_vel_chassis_serial]: Drop leg debug: len=80 expected=84
[WARN] [1784052132.182582549] [cmd_vel_chassis_serial]: Drop leg debug: len=80 expected=84
[WARN] [1784052132.186948519] [cmd_vel_chassis_serial]: Drop leg debug: len=80 expected=84
[WARN] [1784052132.190788866] [cmd_vel_chassis_serial]: Drop leg debug: len=80 expected=84
[WARN] [1784052132.194277325] [cmd_vel_chassis_serial]: Drop leg debug: len=80 expected=84
[WARN] [1784052132.208041526] [cmd_vel_chassis_serial]: Drop leg debug: len=80 expected=84
[WARN] [1784052132.211945341] [cmd_vel_chassis_serial]: Drop leg debug: len=80 expected=84
[WARN] [1784052132.222742636] [cmd_vel_chassis_serial]: Drop leg debug: len=80 expected=84
[WARN] [1784052132.243451721] [cmd_vel_chassis_serial]: Drop leg debug: len=80 expected=84
[WARN] [1784052132.267275857] [cmd_vel_chassis_serial]: Drop leg debug: len=80 expected=84
[WARN] [1784052132.317367334] [cmd_vel_chassis_serial]: Drop leg debug: len=80 expected=84
[WARN] [1784052132.332264060] [cmd_vel_chassis_serial]: Drop leg debug: len=80 expected=84
[WARN] [1784052132.347350221] [cmd_vel_chassis_serial]: Drop leg debug: len=80 expected=84
[WARN] [1784052132.352038492] [cmd_vel_chassis_serial]: Drop leg debug: len=80 expected=84
[WARN] [1784052132.365479166] [cmd_vel_chassis_serial]: Drop leg debug: len=80 expected=84
[WARN] [1784052132.382525276] [cmd_vel_chassis_serial]: Drop leg debug: len=80 expected=84
[WARN] [1784052132.387348178] [cmd_vel_chassis_serial]: Drop leg debug: len=80 expected=84
[WARN] [1784052132.391445185] [cmd_vel_chassis_serial]: Drop leg debug: len=80 expected=84
[WARN] [1784052132.405712455] [cmd_vel_chassis_serial]: Drop leg debug: len=80 expected=84
[WARN] [1784052132.456547808] [cmd_vel_chassis_serial]: Drop leg debug: len=80 expected=84
[WARN] [1784052132.484172911] [cmd_vel_chassis_serial]: Drop leg debug: len=80 expected=84
[WARN] [1784052132.492241272] [cmd_vel_chassis_serial]: Drop leg debug: len=80 expected=84
[WARN] [1784052132.506716712] [cmd_vel_chassis_serial]: Drop leg debug: len=80 expected=84
[WARN] [1784052132.531120723] [cmd_vel_chassis_serial]: Drop leg debug: len=80 expected=84
[WARN] [1784052132.550219981] [cmd_vel_chassis_serial]: Drop leg debug: len=80 expected=84
[WARN] [1784052132.605119069] [cmd_vel_chassis_serial]: Drop leg debug: len=80 expected=84
[WARN] [1784052132.622127684] [cmd_vel_chassis_serial]: Drop leg debug: len=80 expected=84
[WARN] [1784052132.693502790] [cmd_vel_chassis_serial]: Drop leg debug: len=80 expected=84
[WARN] [1784052132.747975408] [cmd_vel_chassis_serial]: Drop leg debug: len=80 expected=84
[WARN] [1784052132.805975914] [cmd_vel_chassis_serial]: Drop leg debug: len=80 expected=84
[WARN] [1784052132.879508002] [cmd_vel_chassis_serial]: Drop leg debug: len=80 expected=84
[WARN] [1784052132.957729849] [cmd_vel_chassis_serial]: Drop leg debug: len=80 expected=84
[WARN] [1784052133.002449911] [cmd_vel_chassis_serial]: Drop leg debug: len=80 expected=84
[WARN] [1784052133.049789623] [cmd_vel_chassis_serial]: Drop leg debug: len=80 expected=84
[WARN] [1784052133.107850931] [cmd_vel_chassis_serial]: Drop leg debug: len=80 expected=84
[WARN] [1784052133.190068265] [cmd_vel_chassis_serial]: Drop leg debug: len=80 expected=84
[WARN] [1784052133.232015253] [cmd_vel_chassis_serial]: Drop leg debug: len=80 expected=84
[ERROR] [1784052133.314480821] [cmd_vel_chassis_serial]: Serial write failed: Write timeout
[WARN] [1784052133.352440761] [cmd_vel_chassis_serial]: Drop leg debug: len=80 expected=84
[WARN] [1784052133.447305311] [cmd_vel_chassis_serial]: Drop leg debug: len=80 expected=84
[WARN] [1784052133.505898350] [cmd_vel_chassis_serial]: Drop leg debug: len=80 expected=84
[WARN] [1784052133.571297171] [cmd_vel_chassis_serial]: Drop leg debug: len=80 expected=84
[WARN] [1784052133.607214766] [cmd_vel_chassis_serial]: Drop leg debug: len=80 expected=84
[WARN] [1784052133.644888532] [cmd_vel_chassis_serial]: Drop leg debug: len=80 expected=84
[WARN] [1784052133.731552223] [cmd_vel_chassis_serial]: Drop leg debug: len=80 expected=84
[WARN] [1784052133.790472484] [cmd_vel_chassis_serial]: Drop leg debug: len=80 expected=84
[WARN] [1784052133.815871433] [cmd_vel_chassis_serial]: Drop leg debug: len=80 expected=84
[WARN] [1784052133.830543146] [cmd_vel_chassis_serial]: Drop leg debug: len=80 expected=84
[WARN] [1784052133.837936650] [cmd_vel_chassis_serial]: Drop leg debug: len=80 expected=84
[WARN] [1784052133.897741489] [cmd_vel_chassis_serial]: Drop leg debug: len=80 expected=84
[WARN] [1784052133.914826169] [cmd_vel_chassis_serial]: Drop leg debug: len=80 expected=84
[WARN] [1784052134.002059734] [cmd_vel_chassis_serial]: Drop leg debug: len=80 expected=84
[WARN] [1784052134.021128597] [cmd_vel_chassis_serial]: Drop leg debug: len=80 expected=84
[WARN] [1784052134.060712339] [cmd_vel_chassis_serial]: Drop leg debug: len=80 expected=84
[ERROR] [1784052134.088258576] [cmd_vel_chassis_serial]: Serial write failed: Write timeout
[WARN] [1784052134.140208640] [cmd_vel_chassis_serial]: Drop leg debug: len=80 expected=84
[WARN] [1784052134.152878924] [cmd_vel_chassis_serial]: Drop leg debug: len=80 expected=84
[WARN] [1784052134.190877387] [cmd_vel_chassis_serial]: Drop leg debug: len=80 expected=84
[ERROR] [1784052134.237932281] [cmd_vel_chassis_serial]: Serial write failed: Write timeout
[WARN] [1784052134.298302575] [cmd_vel_chassis_serial]: Drop leg debug: len=80 expected=84
[ERROR] [1784052134.308577969] [cmd_vel_chassis_serial]: Serial write failed: Write timeout
[WARN] [1784052134.393927762] [cmd_vel_chassis_serial]: Drop leg debug: len=80 expected=84
[WARN] [1784052134.430568645] [cmd_vel_chassis_serial]: Drop leg debug: len=80 expected=84
[WARN] [1784052134.476953287] [cmd_vel_chassis_serial]: Drop leg debug: len=80 expected=84
[WARN] [1784052134.508959536] [cmd_vel_chassis_serial]: Drop leg debug: len=80 expected=84
[WARN] [1784052134.536217476] [cmd_vel_chassis_serial]: Drop leg debug: len=80 expected=84
[WARN] [1784052134.548268171] [cmd_vel_chassis_serial]: Drop leg debug: len=80 expected=84
[WARN] [1784052134.590479720] [cmd_vel_chassis_serial]: Drop leg debug: len=80 expected=84
[WARN] [1784052134.608461789] [cmd_vel_chassis_serial]: Drop leg debug: len=80 expected=84
[WARN] [1784052134.615013676] [cmd_vel_chassis_serial]: Drop leg debug: len=80 expected=84
[WARN] [1784052134.623031418] [cmd_vel_chassis_serial]: Drop leg debug: len=80 expected=84
[WARN] [1784052134.671543980] [cmd_vel_chassis_serial]: Drop leg debug: len=80 expected=84
[WARN] [1784052134.677207125] [cmd_vel_chassis_serial]: Drop leg debug: len=80 expected=84
[WARN] [1784052134.690923034] [cmd_vel_chassis_serial]: Drop leg debug: len=80 expected=84
[WARN] [1784052134.699338991] [cmd_vel_chassis_serial]: Drop leg debug: len=80 expected=84
[WARN] [1784052134.715530493] [cmd_vel_chassis_serial]: Drop leg debug: len=80 expected=84
[WARN] [1784052134.732122936] [cmd_vel_chassis_serial]: Drop leg debug: len=80 expected=84
[WARN] [1784052134.790773105] [cmd_vel_chassis_serial]: Drop leg debug: len=80 expected=84
[WARN] [1784052134.888998097] [cmd_vel_chassis_serial]: Drop leg debug: len=80 expected=84
[ERROR] [1784052134.940447661] [cmd_vel_chassis_serial]: Serial write failed: Write timeout
[WARN] [1784052134.967126940] [cmd_vel_chassis_serial]: Drop leg debug: len=80 expected=84
[WARN] [1784052134.984299892] [cmd_vel_chassis_serial]: Drop leg debug: len=80 expected=84
[WARN] [1784052134.994228657] [cmd_vel_chassis_serial]: Drop leg debug: len=80 expected=84
[WARN] [1784052135.006492437] [cmd_vel_chassis_serial]: Drop leg debug: len=80 expected=84
[WARN] [1784052135.014177500] [cmd_vel_chassis_serial]: Drop leg debug: len=80 expected=84
[WARN] [1784052135.063185602] [cmd_vel_chassis_serial]: Drop leg debug: len=80 expected=84
[WARN] [1784052135.098465316] [cmd_vel_chassis_serial]: Drop leg debug: len=80 expected=84
[ERROR] [1784052135.121776803] [cmd_vel_chassis_serial]: Serial write failed: Write timeout
[WARN] [1784052135.181034364] [cmd_vel_chassis_serial]: Drop leg debug: len=80 expected=84
[WARN] [1784052135.222899337] [cmd_vel_chassis_serial]: Drop leg debug: len=80 expected=84
[WARN] [1784052135.245297717] [cmd_vel_chassis_serial]: Drop leg debug: len=80 expected=84
[WARN] [1784052135.292536691] [cmd_vel_chassis_serial]: Drop leg debug: len=80 expected=84
[WARN] [1784052135.316208238] [cmd_vel_chassis_serial]: Drop leg debug: len=80 expected=84
[ERROR] [1784052135.350589404] [cmd_vel_chassis_serial]: Serial write failed: Write timeout
[WARN] [1784052135.376137057] [cmd_vel_chassis_serial]: Drop leg debug: len=80 expected=84
[WARN] [1784052135.394685657] [cmd_vel_chassis_serial]: Drop leg debug: len=80 expected=84
[WARN] [1784052135.418025662] [cmd_vel_chassis_serial]: Drop leg debug: len=80 expected=84
[WARN] [1784052135.467866887] [cmd_vel_chassis_serial]: Drop leg debug: len=80 expected=84
[WARN] [1784052135.541343520] [cmd_vel_chassis_serial]: Drop leg debug: len=80 expected=84
[WARN] [1784052135.567959507] [cmd_vel_chassis_serial]: Drop leg debug: len=80 expected=84
[WARN] [1784052135.601536644] [cmd_vel_chassis_serial]: Drop leg debug: len=80 expected=84
[ERROR] [1784052135.616580905] [cmd_vel_chassis_serial]: Serial write failed: Write timeout
[WARN] [1784052135.662387128] [cmd_vel_chassis_serial]: Drop leg debug: len=80 expected=84
[WARN] [1784052135.730288192] [cmd_vel_chassis_serial]: Drop leg debug: len=80 expected=84
[WARN] [1784052135.765440595] [cmd_vel_chassis_serial]: Drop leg debug: len=80 expected=84
[ERROR] [1784052135.803177583] [cmd_vel_chassis_serial]: Serial write failed: Write timeout
[WARN] [1784052135.844792798] [cmd_vel_chassis_serial]: Drop leg debug: len=80 expected=84
[WARN] [1784052135.897166144] [cmd_vel_chassis_serial]: Drop leg debug: len=80 expected=84
[WARN] [1784052135.951068284] [cmd_vel_chassis_serial]: Drop leg debug: len=80 expected=84
[ERROR] [1784052135.988270529] [cmd_vel_chassis_serial]: Serial write failed: Write timeout
[WARN] [1784052136.021947650] [cmd_vel_chassis_serial]: Drop leg debug: len=80 expected=84
[WARN] [1784052136.047257294] [cmd_vel_chassis_serial]: Drop leg debug: len=80 expected=84
[WARN] [1784052136.052420984] [cmd_vel_chassis_serial]: Drop leg debug: len=80 expected=84
[ERROR] [1784052136.086438971] [cmd_vel_chassis_serial]: Serial write failed: Write timeout
[WARN] [1784052136.100055844] [cmd_vel_chassis_serial]: Drop leg debug: len=80 expected=84
[WARN] [1784052136.125901839] [cmd_vel_chassis_serial]: Drop leg debug: len=80 expected=84
[WARN] [1784052136.208345210] [cmd_vel_chassis_serial]: Drop leg debug: len=80 expected=84
[ERROR] [1784052136.229926698] [cmd_vel_chassis_serial]: Serial write failed: Write timeout
[WARN] [1784052136.327291470] [cmd_vel_chassis_serial]: Drop leg debug: len=80 expected=84
[ERROR] [1784052136.471344030] [cmd_vel_chassis_serial]: Serial write failed: Write timeout
[WARN] [1784052136.491735061] [cmd_vel_chassis_serial]: Drop leg debug: len=80 expected=84
[WARN] [1784052136.573394137] [cmd_vel_chassis_serial]: Drop leg debug: len=80 expected=84
[ERROR] [1784052136.623306545] [cmd_vel_chassis_serial]: Serial write failed: Write timeout
[WARN] [1784052136.650916674] [cmd_vel_chassis_serial]: Drop leg debug: len=80 expected=84
[WARN] [1784052136.679468571] [cmd_vel_chassis_serial]: Drop leg debug: len=80 expected=84
[WARN] [1784052136.688325851] [cmd_vel_chassis_serial]: Drop leg debug: len=80 expected=84
[WARN] [1784052136.727909511] [cmd_vel_chassis_serial]: Drop leg debug: len=80 expected=84
[WARN] [1784052136.817816517] [cmd_vel_chassis_serial]: Drop leg debug: len=80 expected=84
[WARN] [1784052136.954281710] [cmd_vel_chassis_serial]: Drop leg debug: len=80 expected=84
[ERROR] [1784052136.977898430] [cmd_vel_chassis_serial]: Serial write failed: Write timeout
[WARN] [1784052136.983574789] [cmd_vel_chassis_serial]: Drop leg debug: len=80 expected=84
[WARN] [1784052137.030752220] [cmd_vel_chassis_serial]: Drop leg debug: len=80 expected=84
[ERROR] [1784052137.091334244] [cmd_vel_chassis_serial]: Serial write failed: Write timeout
[WARN] [1784052137.170998191] [cmd_vel_chassis_serial]: Drop leg debug: len=80 expected=84
[WARN] [1784052137.250074694] [cmd_vel_chassis_serial]: Drop leg debug: len=80 expected=84
[WARN] [1784052137.351482704] [cmd_vel_chassis_serial]: Drop leg debug: len=80 expected=84
[WARN] [1784052137.453934740] [cmd_vel_chassis_serial]: Drop leg debug: len=80 expected=84
[WARN] [1784052137.541080678] [cmd_vel_chassis_serial]: Drop leg debug: len=80 expected=84
[ERROR] [1784052137.593519067] [cmd_vel_chassis_serial]: Serial write failed: Write timeout
[WARN] [1784052137.616119355] [cmd_vel_chassis_serial]: Drop leg debug: len=80 expected=84
[ERROR] [1784052137.684932941] [cmd_vel_chassis_serial]: Serial write failed: Write timeout
[WARN] [1784052137.702157906] [cmd_vel_chassis_serial]: Drop leg debug: len=80 expected=84
[WARN] [1784052137.751281253] [cmd_vel_chassis_serial]: Drop leg debug: len=80 expected=84
[WARN] [1784052137.776281006] [cmd_vel_chassis_serial]: Drop leg debug: len=80 expected=84
[WARN] [1784052137.826145247] [cmd_vel_chassis_serial]: Drop leg debug: len=80 expected=84
[WARN] [1784052137.867234289] [cmd_vel_chassis_serial]: Drop leg debug: len=80 expected=84
[WARN] [1784052137.914842972] [cmd_vel_chassis_serial]: Drop leg debug: len=80 expected=84
[ERROR] [1784052137.916948500] [cmd_vel_chassis_serial]: Serial write failed: Write timeout
[WARN] [1784052137.939494789] [cmd_vel_chassis_serial]: Drop leg debug: len=80 expected=84
[WARN] [1784052137.991207119] [cmd_vel_chassis_serial]: Drop leg debug: len=80 expected=84
[ERROR] [1784052138.006263910] [cmd_vel_chassis_serial]: Serial write failed: Write timeout
[WARN] [1784052138.020190501] [cmd_vel_chassis_serial]: Drop leg debug: len=80 expected=84
[WARN] [1784052138.078422966] [cmd_vel_chassis_serial]: Drop leg debug: len=80 expected=84
[WARN] [1784052138.118048952] [cmd_vel_chassis_serial]: Drop leg debug: len=80 expected=84
[ERROR] [1784052138.153827989] [cmd_vel_chassis_serial]: Serial write failed: Write timeout
[WARN] [1784052138.176014413] [cmd_vel_chassis_serial]: Drop leg debug: len=80 expected=84
[WARN] [1784052138.229948653] [cmd_vel_chassis_serial]: Drop leg debug: len=80 expected=84
[WARN] [1784052138.261512989] [cmd_vel_chassis_serial]: Drop leg debug: len=80 expected=84
[WARN] [1784052138.278440470] [cmd_vel_chassis_serial]: Drop leg debug: len=80 expected=84
[WARN] [1784052138.292830029] [cmd_vel_chassis_serial]: Drop leg debug: len=80 expected=84
[WARN] [1784052138.300684938] [cmd_vel_chassis_serial]: Drop leg debug: len=80 expected=84
[WARN] [1784052138.324044268] [cmd_vel_chassis_serial]: Drop leg debug: len=80 expected=84
[WARN] [1784052138.331892960] [cmd_vel_chassis_serial]: Drop leg debug: len=80 expected=84
[WARN] [1784052138.355060516] [cmd_vel_chassis_serial]: Drop leg debug: len=80 expected=84
[WARN] [1784052138.389112426] [cmd_vel_chassis_serial]: Drop leg debug: len=80 expected=84
[WARN] [1784052138.394149889] [cmd_vel_chassis_serial]: Drop leg debug: len=80 expected=84
[WARN] [1784052138.398911789] [cmd_vel_chassis_serial]: Drop leg debug: len=80 expected=84
[WARN] [1784052138.420782167] [cmd_vel_chassis_serial]: Drop leg debug: len=80 expected=84
[WARN] [1784052138.431108722] [cmd_vel_chassis_serial]: Drop leg debug: len=80 expected=84
[WARN] [1784052138.450155592] [cmd_vel_chassis_serial]: Drop leg debug: len=80 expected=84
[WARN] [1784052138.462151195] [cmd_vel_chassis_serial]: Drop leg debug: len=80 expected=84
[WARN] [1784052138.488448572] [cmd_vel_chassis_serial]: Drop leg debug: len=80 expected=84
[WARN] [1784052138.510600561] [cmd_vel_chassis_serial]: Drop leg debug: len=80 expected=84
[WARN] [1784052138.544382717] [cmd_vel_chassis_serial]: Drop leg debug: len=80 expected=84
[WARN] [1784052138.550353207] [cmd_vel_chassis_serial]: Drop leg debug: len=80 expected=84
[WARN] [1784052138.579352387] [cmd_vel_chassis_serial]: Drop leg debug: len=80 expected=84
[WARN] [1784052138.606390705] [cmd_vel_chassis_serial]: Drop leg debug: len=80 expected=84
[WARN] [1784052138.644989421] [cmd_vel_chassis_serial]: Drop leg debug: len=80 expected=84
[ERROR] [1784052138.659161496] [cmd_vel_chassis_serial]: Serial write failed: Write timeout
[WARN] [1784052138.682486152] [cmd_vel_chassis_serial]: Drop leg debug: len=80 expected=84
[WARN] [1784052138.695415395] [cmd_vel_chassis_serial]: Drop leg debug: len=80 expected=84
[WARN] [1784052138.708471659] [cmd_vel_chassis_serial]: Drop leg debug: len=80 expected=84
[WARN] [1784052138.723932644] [cmd_vel_chassis_serial]: Drop leg debug: len=80 expected=84
[WARN] [1784052138.736544052] [cmd_vel_chassis_serial]: Drop leg debug: len=80 expected=84
[WARN] [1784052138.750931330] [cmd_vel_chassis_serial]: Drop leg debug: len=80 expected=84
[WARN] [1784052138.851281855] [cmd_vel_chassis_serial]: Drop leg debug: len=80 expected=84
[WARN] [1784052138.887297495] [cmd_vel_chassis_serial]: Drop leg debug: len=80 expected=84
[WARN] [1784052138.898963885] [cmd_vel_chassis_serial]: Drop leg debug: len=80 expected=84
[WARN] [1784052138.948281081] [cmd_vel_chassis_serial]: Drop leg debug: len=80 expected=84
[WARN] [1784052138.963908239] [cmd_vel_chassis_serial]: Drop leg debug: len=80 expected=84
[WARN] [1784052139.013538768] [cmd_vel_chassis_serial]: Drop leg debug: len=80 expected=84
[WARN] [1784052139.052326687] [cmd_vel_chassis_serial]: Drop leg debug: len=80 expected=84
[WARN] [1784052139.086017881] [cmd_vel_chassis_serial]: Drop leg debug: len=80 expected=84
[WARN] [1784052139.106805577] [cmd_vel_chassis_serial]: Drop leg debug: len=80 expected=84
[WARN] [1784052139.110857150] [cmd_vel_chassis_serial]: Drop leg debug: len=80 expected=84
[WARN] [1784052139.115404624] [cmd_vel_chassis_serial]: Drop leg debug: len=80 expected=84
[WARN] [1784052139.127510434] [cmd_vel_chassis_serial]: Drop leg debug: len=80 expected=84
[WARN] [1784052139.133482286] [cmd_vel_chassis_serial]: Drop leg debug: len=80 expected=84
[WARN] [1784052139.142849819] [cmd_vel_chassis_serial]: Drop leg debug: len=80 expected=84
[WARN] [1784052139.165128184] [cmd_vel_chassis_serial]: Drop leg debug: len=80 expected=84
[WARN] [1784052139.183300256] [cmd_vel_chassis_serial]: Drop leg debug: len=80 expected=84
[WARN] [1784052139.193321989] [cmd_vel_chassis_serial]: Drop leg debug: len=80 expected=84
[WARN] [1784052139.200866834] [cmd_vel_chassis_serial]: Drop leg debug: len=80 expected=84
[WARN] [1784052139.272931122] [cmd_vel_chassis_serial]: Drop leg debug: len=80 expected=84
[WARN] [1784052139.288559129] [cmd_vel_chassis_serial]: Drop leg debug: len=80 expected=84
[WARN] [1784052139.305942383] [cmd_vel_chassis_serial]: Drop leg debug: len=80 expected=84
[WARN] [1784052139.312402467] [cmd_vel_chassis_serial]: Drop leg debug: len=80 expected=84
[WARN] [1784052139.330570423] [cmd_vel_chassis_serial]: Drop leg debug: len=80 expected=84
[WARN] [1784052139.352036996] [cmd_vel_chassis_serial]: Drop leg debug: len=80 expected=84
[WARN] [1784052139.443114180] [cmd_vel_chassis_serial]: Drop leg debug: len=80 expected=84
[WARN] [1784052139.476406956] [cmd_vel_chassis_serial]: Drop leg debug: len=80 expected=84
[WARN] [1784052139.499930696] [cmd_vel_chassis_serial]: Drop leg debug: len=80 expected=84
[WARN] [1784052139.517998348] [cmd_vel_chassis_serial]: Drop leg debug: len=80 expected=84
[WARN] [1784052139.535206104] [cmd_vel_chassis_serial]: Drop leg debug: len=80 expected=84
[WARN] [1784052139.550323422] [cmd_vel_chassis_serial]: Drop leg debug: len=80 expected=84
[WARN] [1784052139.603884373] [cmd_vel_chassis_serial]: Drop leg debug: len=80 expected=84
[WARN] [1784052139.619356949] [cmd_vel_chassis_serial]: Drop leg debug: len=80 expected=84
[WARN] [1784052139.873048271] [cmd_vel_chassis_serial]: Drop leg debug: len=80 expected=84
[WARN] [1784052139.878338283] [cmd_vel_chassis_serial]: Drop leg debug: len=80 expected=84
[WARN] [1784052139.917096136] [cmd_vel_chassis_serial]: Drop leg debug: len=80 expected=84
[ERROR] [1784052139.925862856] [cmd_vel_chassis_serial]: Serial write failed: Write timeout
[WARN] [1784052139.957140797] [cmd_vel_chassis_serial]: Drop leg debug: len=80 expected=84
[WARN] [1784052139.970570718] [cmd_vel_chassis_serial]: Drop leg debug: len=80 expected=84
[WARN] [1784052139.995712038] [cmd_vel_chassis_serial]: Drop leg debug: len=80 expected=84
[WARN] [1784052140.001575498] [cmd_vel_chassis_serial]: Drop leg debug: len=80 expected=84
[WARN] [1784052140.011515689] [cmd_vel_chassis_serial]: Drop leg debug: len=80 expected=84
[WARN] [1784052140.037809054] [cmd_vel_chassis_serial]: Drop leg debug: len=80 expected=84
[WARN] [1784052140.122436840] [cmd_vel_chassis_serial]: Drop leg debug: len=80 expected=84
[WARN] [1784052140.140893098] [cmd_vel_chassis_serial]: Drop leg debug: len=80 expected=84
[WARN] [1784052140.146493773] [cmd_vel_chassis_serial]: Drop leg debug: len=80 expected=84
[WARN] [1784052140.173717031] [cmd_vel_chassis_serial]: Drop leg debug: len=80 expected=84
[WARN] [1784052140.198455157] [cmd_vel_chassis_serial]: Drop leg debug: len=80 expected=84
[WARN] [1784052140.268401107] [cmd_vel_chassis_serial]: Drop leg debug: len=80 expected=84
[WARN] [1784052140.275949317] [cmd_vel_chassis_serial]: Drop leg debug: len=80 expected=84
[WARN] [1784052140.300767726] [cmd_vel_chassis_serial]: Drop leg debug: len=80 expected=84
[WARN] [1784052140.365862716] [cmd_vel_chassis_serial]: Drop leg debug: len=80 expected=84
[WARN] [1784052140.446370039] [cmd_vel_chassis_serial]: Drop leg debug: len=80 expected=84
[WARN] [1784052140.500357825] [cmd_vel_chassis_serial]: Drop leg debug: len=80 expected=84
[WARN] [1784052140.551320458] [cmd_vel_chassis_serial]: Drop leg debug: len=80 expected=84
[ERROR] [1784052140.563927438] [cmd_vel_chassis_serial]: Serial write failed: Write timeout
[WARN] [1784052140.625738300] [cmd_vel_chassis_serial]: Drop leg debug: len=80 expected=84
[WARN] [1784052140.790300357] [cmd_vel_chassis_serial]: Drop leg debug: len=80 expected=84
[ERROR] [1784052140.814260083] [cmd_vel_chassis_serial]: Serial write failed: Write timeout
[WARN] [1784052140.848262489] [cmd_vel_chassis_serial]: Drop leg debug: len=80 expected=84
[WARN] [1784052140.958855052] [cmd_vel_chassis_serial]: Drop leg debug: len=80 expected=84
[WARN] [1784052141.041105305] [cmd_vel_chassis_serial]: Drop leg debug: len=80 expected=84
[ERROR] [1784052141.091032185] [cmd_vel_chassis_serial]: Serial write failed: Write timeout
[WARN] [1784052141.123696708] [cmd_vel_chassis_serial]: Drop leg debug: len=80 expected=84
[WARN] [1784052141.164612038] [cmd_vel_chassis_serial]: Drop leg debug: len=80 expected=84
[WARN] [1784052141.215559788] [cmd_vel_chassis_serial]: Drop leg debug: len=80 expected=84
[ERROR] [1784052141.252251691] [cmd_vel_chassis_serial]: Serial write failed: Write timeout
[WARN] [1784052141.287212883] [cmd_vel_chassis_serial]: Drop leg debug: len=80 expected=84
[WARN] [1784052141.385744888] [cmd_vel_chassis_serial]: Drop leg debug: len=80 expected=84
[WARN] [1784052141.455068668] [cmd_vel_chassis_serial]: Drop leg debug: len=80 expected=84
[WARN] [1784052141.548019123] [cmd_vel_chassis_serial]: Drop leg debug: len=80 expected=84
[ERROR] [1784052141.610464669] [cmd_vel_chassis_serial]: Serial write failed: Write timeout
[WARN] [1784052141.638219124] [cmd_vel_chassis_serial]: Drop leg debug: len=80 expected=84
[WARN] [1784052141.728072811] [cmd_vel_chassis_serial]: Drop leg debug: len=80 expected=84
[WARN] [1784052141.786127763] [cmd_vel_chassis_serial]: Drop leg debug: len=80 expected=84
[ERROR] [1784052141.793011157] [cmd_vel_chassis_serial]: Serial write failed: Write timeout
[WARN] [1784052141.843120449] [cmd_vel_chassis_serial]: Drop leg debug: len=80 expected=84
[WARN] [1784052141.864486762] [cmd_vel_chassis_serial]: Drop leg debug: len=80 expected=84
[WARN] [1784052141.949554581] [cmd_vel_chassis_serial]: Drop leg debug: len=80 expected=84
[WARN] [1784052141.990999117] [cmd_vel_chassis_serial]: Drop leg debug: len=80 expected=84
[WARN] [1784052142.032689996] [cmd_vel_chassis_serial]: Drop leg debug: len=80 expected=84
[ERROR] [1784052142.084883923] [cmd_vel_chassis_serial]: Serial write failed: Write timeout
[WARN] [1784052142.104933982] [cmd_vel_chassis_serial]: Drop leg debug: len=80 expected=84
[WARN] [1784052142.158384144] [cmd_vel_chassis_serial]: Drop leg debug: len=80 expected=84
[WARN] [1784052142.212588507] [cmd_vel_chassis_serial]: Drop leg debug: len=80 expected=84
[WARN] [1784052142.292044289] [cmd_vel_chassis_serial]: Drop leg debug: len=80 expected=84
[WARN] [1784052142.331037050] [cmd_vel_chassis_serial]: Drop leg debug: len=80 expected=84
[WARN] [1784052142.405105196] [cmd_vel_chassis_serial]: Drop leg debug: len=80 expected=84
[WARN] [1784052142.419157711] [cmd_vel_chassis_serial]: Drop leg debug: len=80 expected=84
[ERROR] [1784052142.515892146] [cmd_vel_chassis_serial]: Serial write failed: Write timeout
[WARN] [1784052142.540008829] [cmd_vel_chassis_serial]: Drop leg debug: len=80 expected=84
[WARN] [1784052142.625862973] [cmd_vel_chassis_serial]: Drop leg debug: len=80 expected=84
[WARN] [1784052142.666232904] [cmd_vel_chassis_serial]: Drop leg debug: len=80 expected=84
[WARN] [1784052142.744840614] [cmd_vel_chassis_serial]: Drop leg debug: len=80 expected=84
[ERROR] [1784052142.785494195] [cmd_vel_chassis_serial]: Serial write failed: Write timeout
[WARN] [1784052142.793713789] [cmd_vel_chassis_serial]: Drop leg debug: len=80 expected=84
[WARN] [1784052142.815688707] [cmd_vel_chassis_serial]: Drop leg debug: len=80 expected=84
[WARN] [1784052142.849895521] [cmd_vel_chassis_serial]: Drop leg debug: len=80 expected=84
[WARN] [1784052142.855244557] [cmd_vel_chassis_serial]: Drop leg debug: len=80 expected=84
[WARN] [1784052142.873376310] [cmd_vel_chassis_serial]: Drop leg debug: len=80 expected=84
[WARN] [1784052142.898169841] [cmd_vel_chassis_serial]: Drop leg debug: len=80 expected=84
[WARN] [1784052143.020355070] [cmd_vel_chassis_serial]: Drop leg debug: len=80 expected=84
[WARN] [1784052143.105369898] [cmd_vel_chassis_serial]: Drop leg debug: len=80 expected=84
[WARN] [1784052143.129775336] [cmd_vel_chassis_serial]: Drop leg debug: len=80 expected=84
[WARN] [1784052143.145190231] [cmd_vel_chassis_serial]: Drop leg debug: len=80 expected=84
[WARN] [1784052143.184235935] [cmd_vel_chassis_serial]: Drop leg debug: len=80 expected=84
[WARN] [1784052143.223050306] [cmd_vel_chassis_serial]: Drop leg debug: len=80 expected=84
[WARN] [1784052143.238911915] [cmd_vel_chassis_serial]: Drop leg debug: len=80 expected=84
[WARN] [1784052143.255439664] [cmd_vel_chassis_serial]: Drop leg debug: len=80 expected=84
[WARN] [1784052143.275215656] [cmd_vel_chassis_serial]: Drop leg debug: len=80 expected=84
[WARN] [1784052143.310254450] [cmd_vel_chassis_serial]: Drop leg debug: len=80 expected=84
[WARN] [1784052143.335145561] [cmd_vel_chassis_serial]: Drop leg debug: len=80 expected=84
[WARN] [1784052143.357698922] [cmd_vel_chassis_serial]: Drop leg debug: len=80 expected=84
[WARN] [1784052143.379331851] [cmd_vel_chassis_serial]: Drop leg debug: len=80 expected=84
[WARN] [1784052143.405363252] [cmd_vel_chassis_serial]: Drop leg debug: len=80 expected=84
[WARN] [1784052143.434145690] [cmd_vel_chassis_serial]: Drop leg debug: len=80 expected=84
[WARN] [1784052143.445850505] [cmd_vel_chassis_serial]: Drop leg debug: len=80 expected=84
[WARN] [1784052143.465369264] [cmd_vel_chassis_serial]: Drop leg debug: len=80 expected=84
[WARN] [1784052143.490935948] [cmd_vel_chassis_serial]: Drop leg debug: len=80 expected=84
[WARN] [1784052143.537048956] [cmd_vel_chassis_serial]: Drop leg debug: len=80 expected=84
[WARN] [1784052143.569030200] [cmd_vel_chassis_serial]: Drop leg debug: len=80 expected=84
[WARN] [1784052143.578360143] [cmd_vel_chassis_serial]: Drop leg debug: len=80 expected=84
[WARN] [1784052143.611373356] [cmd_vel_chassis_serial]: Drop leg debug: len=80 expected=84
[WARN] [1784052143.637454039] [cmd_vel_chassis_serial]: Drop leg debug: len=80 expected=84
[WARN] [1784052143.653330987] [cmd_vel_chassis_serial]: Drop leg debug: len=80 expected=84
[WARN] [1784052143.676455550] [cmd_vel_chassis_serial]: Drop leg debug: len=80 expected=84
[WARN] [1784052143.693693283] [cmd_vel_chassis_serial]: Drop leg debug: len=80 expected=84
[WARN] [1784052143.719313870] [cmd_vel_chassis_serial]: Drop leg debug: len=80 expected=84
[WARN] [1784052143.754821366] [cmd_vel_chassis_serial]: Drop leg debug: len=80 expected=84
[WARN] [1784052143.775274937] [cmd_vel_chassis_serial]: Drop leg debug: len=80 expected=84
[WARN] [1784052143.794197469] [cmd_vel_chassis_serial]: Drop leg debug: len=80 expected=84
[WARN] [1784052143.815822224] [cmd_vel_chassis_serial]: Drop leg debug: len=80 expected=84
[WARN] [1784052143.835585723] [cmd_vel_chassis_serial]: Drop leg debug: len=80 expected=84
[WARN] [1784052143.858486911] [cmd_vel_chassis_serial]: Drop leg debug: len=80 expected=84
[WARN] [1784052143.882259455] [cmd_vel_chassis_serial]: Drop leg debug: len=80 expected=84
[WARN] [1784052143.899090477] [cmd_vel_chassis_serial]: Drop leg debug: len=80 expected=84
[WARN] [1784052143.922072417] [cmd_vel_chassis_serial]: Drop leg debug: len=80 expected=84
[WARN] [1784052143.949325497] [cmd_vel_chassis_serial]: Drop leg debug: len=80 expected=84
[WARN] [1784052143.989938930] [cmd_vel_chassis_serial]: Drop leg debug: len=80 expected=84
[WARN] [1784052144.003447821] [cmd_vel_chassis_serial]: Drop leg debug: len=80 expected=84
[WARN] [1784052144.028402665] [cmd_vel_chassis_serial]: Drop leg debug: len=80 expected=84
[WARN] [1784052144.038281020] [cmd_vel_chassis_serial]: Drop leg debug: len=80 expected=84
[WARN] [1784052144.052802415] [cmd_vel_chassis_serial]: Drop leg debug: len=80 expected=84
[WARN] [1784052144.078504714] [cmd_vel_chassis_serial]: Drop leg debug: len=80 expected=84
[WARN] [1784052144.132173088] [cmd_vel_chassis_serial]: Drop leg debug: len=80 expected=84
[WARN] [1784052144.164873949] [cmd_vel_chassis_serial]: Drop leg debug: len=80 expected=84
[WARN] [1784052144.184501059] [cmd_vel_chassis_serial]: Drop leg debug: len=80 expected=84
[WARN] [1784052144.218084820] [cmd_vel_chassis_serial]: Drop leg debug: len=80 expected=84
[WARN] [1784052144.248819560] [cmd_vel_chassis_serial]: Drop leg debug: len=80 expected=84
[WARN] [1784052144.274423440] [cmd_vel_chassis_serial]: Drop leg debug: len=80 expected=84
[WARN] [1784052144.287325221] [cmd_vel_chassis_serial]: Drop leg debug: len=80 expected=84
[WARN] [1784052144.293156200] [cmd_vel_chassis_serial]: Drop leg debug: len=80 expected=84
[WARN] [1784052144.304212676] [cmd_vel_chassis_serial]: Drop leg debug: len=80 expected=84
[WARN] [1784052144.314975781] [cmd_vel_chassis_serial]: Drop leg debug: len=80 expected=84
[WARN] [1784052144.327790293] [cmd_vel_chassis_serial]: Drop leg debug: len=80 expected=84
[WARN] [1784052144.332838566] [cmd_vel_chassis_serial]: Drop leg debug: len=80 expected=84
[WARN] [1784052144.436388759] [cmd_vel_chassis_serial]: Drop leg debug: len=80 expected=84
[WARN] [1784052144.467981472] [cmd_vel_chassis_serial]: Drop leg debug: len=80 expected=84
[WARN] [1784052144.512230086] [cmd_vel_chassis_serial]: Drop leg debug: len=80 expected=84
[WARN] [1784052144.548971039] [cmd_vel_chassis_serial]: Drop leg debug: len=80 expected=84
[WARN] [1784052144.576858211] [cmd_vel_chassis_serial]: Drop leg debug: len=80 expected=84
[WARN] [1784052144.624284493] [cmd_vel_chassis_serial]: Drop leg debug: len=80 expected=84
[WARN] [1784052144.652992887] [cmd_vel_chassis_serial]: Drop leg debug: len=80 expected=84
[WARN] [1784052144.673581668] [cmd_vel_chassis_serial]: Drop leg debug: len=80 expected=84
[WARN] [1784052144.686030075] [cmd_vel_chassis_serial]: Drop leg debug: len=80 expected=84
[WARN] [1784052144.696669400] [cmd_vel_chassis_serial]: Drop leg debug: len=80 expected=84
[WARN] [1784052144.714014706] [cmd_vel_chassis_serial]: Drop leg debug: len=80 expected=84
[WARN] [1784052144.739050122] [cmd_vel_chassis_serial]: Drop leg debug: len=80 expected=84
[WARN] [1784052144.772047703] [cmd_vel_chassis_serial]: Drop leg debug: len=80 expected=84
[WARN] [1784052144.792308906] [cmd_vel_chassis_serial]: Drop leg debug: len=80 expected=84
[WARN] [1784052144.814071944] [cmd_vel_chassis_serial]: Drop leg debug: len=80 expected=84
[WARN] [1784052144.843580879] [cmd_vel_chassis_serial]: Drop leg debug: len=80 expected=84
[WARN] [1784052144.862772546] [cmd_vel_chassis_serial]: Drop leg debug: len=80 expected=84
[WARN] [1784052144.893510923] [cmd_vel_chassis_serial]: Drop leg debug: len=80 expected=84
[WARN] [1784052144.922208670] [cmd_vel_chassis_serial]: Drop leg debug: len=80 expected=84
[WARN] [1784052144.945336213] [cmd_vel_chassis_serial]: Drop leg debug: len=80 expected=84
[WARN] [1784052144.956419587] [cmd_vel_chassis_serial]: Drop leg debug: len=80 expected=84
[WARN] [1784052144.987426335] [cmd_vel_chassis_serial]: Drop leg debug: len=80 expected=84
[WARN] [1784052145.018513016] [cmd_vel_chassis_serial]: Drop leg debug: len=80 expected=84
[WARN] [1784052145.038096037] [cmd_vel_chassis_serial]: Drop leg debug: len=80 expected=84
[WARN] [1784052145.074849115] [cmd_vel_chassis_serial]: Drop leg debug: len=80 expected=84
[WARN] [1784052145.107451863] [cmd_vel_chassis_serial]: Drop leg debug: len=80 expected=84
[WARN] [1784052145.149747163] [cmd_vel_chassis_serial]: Drop leg debug: len=80 expected=84
[WARN] [1784052145.159547351] [cmd_vel_chassis_serial]: Drop leg debug: len=80 expected=84
[WARN] [1784052145.193963801] [cmd_vel_chassis_serial]: Drop leg debug: len=80 expected=84
[WARN] [1784052145.218104808] [cmd_vel_chassis_serial]: Drop leg debug: len=80 expected=84
[WARN] [1784052145.251581611] [cmd_vel_chassis_serial]: Drop leg debug: len=80 expected=84
[WARN] [1784052145.269173140] [cmd_vel_chassis_serial]: Drop leg debug: len=80 expected=84
[WARN] [1784052145.293678441] [cmd_vel_chassis_serial]: Drop leg debug: len=80 expected=84
[WARN] [1784052145.311463783] [cmd_vel_chassis_serial]: Drop leg debug: len=80 expected=84
[WARN] [1784052145.323885294] [cmd_vel_chassis_serial]: Drop leg debug: len=80 expected=84
[WARN] [1784052145.348455323] [cmd_vel_chassis_serial]: Drop leg debug: len=80 expected=84
[WARN] [1784052145.364274451] [cmd_vel_chassis_serial]: Drop leg debug: len=80 expected=84
[WARN] [1784052145.373612900] [cmd_vel_chassis_serial]: Drop leg debug: len=80 expected=84
[WARN] [1784052145.389882702] [cmd_vel_chassis_serial]: Drop leg debug: len=80 expected=84
[WARN] [1784052145.396733029] [cmd_vel_chassis_serial]: Drop leg debug: len=80 expected=84
[WARN] [1784052145.409110695] [cmd_vel_chassis_serial]: Drop leg debug: len=80 expected=84
[WARN] [1784052145.419868845] [cmd_vel_chassis_serial]: Drop leg debug: len=80 expected=84
[WARN] [1784052145.438939548] [cmd_vel_chassis_serial]: Drop leg debug: len=80 expected=84
[WARN] [1784052145.451596495] [cmd_vel_chassis_serial]: Drop leg debug: len=80 expected=84
[WARN] [1784052145.471178003] [cmd_vel_chassis_serial]: Drop leg debug: len=80 expected=84
[WARN] [1784052145.488049924] [cmd_vel_chassis_serial]: Drop leg debug: len=80 expected=84
[WARN] [1784052145.499458346] [cmd_vel_chassis_serial]: Drop leg debug: len=80 expected=84
[WARN] [1784052145.510327925] [cmd_vel_chassis_serial]: Drop leg debug: len=80 expected=84
[WARN] [1784052145.587402239] [cmd_vel_chassis_serial]: Drop leg debug: len=80 expected=84
[WARN] [1784052145.627777054] [cmd_vel_chassis_serial]: Drop leg debug: len=80 expected=84
[WARN] [1784052145.646117334] [cmd_vel_chassis_serial]: Drop leg debug: len=80 expected=84
[WARN] [1784052145.655351867] [cmd_vel_chassis_serial]: Drop leg debug: len=80 expected=84
[WARN] [1784052145.665772945] [cmd_vel_chassis_serial]: Drop leg debug: len=80 expected=84
[WARN] [1784052145.670824561] [cmd_vel_chassis_serial]: Drop leg debug: len=80 expected=84
[WARN] [1784052145.700436089] [cmd_vel_chassis_serial]: Drop leg debug: len=80 expected=84
[WARN] [1784052145.716796161] [cmd_vel_chassis_serial]: Drop leg debug: len=80 expected=84
[WARN] [1784052145.726570435] [cmd_vel_chassis_serial]: Drop leg debug: len=80 expected=84
[WARN] [1784052145.748073101] [cmd_vel_chassis_serial]: Drop leg debug: len=80 expected=84
[WARN] [1784052145.772179662] [cmd_vel_chassis_serial]: Drop leg debug: len=80 expected=84
[WARN] [1784052145.788136216] [cmd_vel_chassis_serial]: Drop leg debug: len=80 expected=84
[WARN] [1784052145.864544176] [cmd_vel_chassis_serial]: Drop leg debug: len=80 expected=84
[WARN] [1784052145.883331937] [cmd_vel_chassis_serial]: Drop leg debug: len=80 expected=84
[WARN] [1784052145.896895165] [cmd_vel_chassis_serial]: Drop leg debug: len=80 expected=84
[WARN] [1784052145.912318170] [cmd_vel_chassis_serial]: Drop leg debug: len=80 expected=84
[WARN] [1784052145.926819784] [cmd_vel_chassis_serial]: Drop leg debug: len=80 expected=84
[WARN] [1784052145.935423777] [cmd_vel_chassis_serial]: Drop leg debug: len=80 expected=84
[WARN] [1784052145.995246682] [cmd_vel_chassis_serial]: Drop leg debug: len=80 expected=84
[WARN] [1784052146.020028967] [cmd_vel_chassis_serial]: Drop leg debug: len=80 expected=84
[WARN] [1784052146.046961178] [cmd_vel_chassis_serial]: Drop leg debug: len=80 expected=84
[WARN] [1784052146.054760771] [cmd_vel_chassis_serial]: Drop leg debug: len=80 expected=84
[WARN] [1784052146.075348352] [cmd_vel_chassis_serial]: Drop leg debug: len=80 expected=84
[WARN] [1784052146.099903069] [cmd_vel_chassis_serial]: Drop leg debug: len=80 expected=84
[WARN] [1784052146.122438607] [cmd_vel_chassis_serial]: Drop leg debug: len=80 expected=84
[WARN] [1784052146.129106721] [cmd_vel_chassis_serial]: Drop leg debug: len=80 expected=84
[WARN] [1784052146.162432951] [cmd_vel_chassis_serial]: Drop leg debug: len=80 expected=84
[WARN] [1784052146.171920219] [cmd_vel_chassis_serial]: Drop leg debug: len=80 expected=84
[WARN] [1784052146.193720966] [cmd_vel_chassis_serial]: Drop leg debug: len=80 expected=84
[WARN] [1784052146.210450777] [cmd_vel_chassis_serial]: Drop leg debug: len=80 expected=84
[WARN] [1784052146.272520660] [cmd_vel_chassis_serial]: Drop leg debug: len=80 expected=84
[WARN] [1784052146.287776916] [cmd_vel_chassis_serial]: Drop leg debug: len=80 expected=84
[WARN] [1784052146.295109716] [cmd_vel_chassis_serial]: Drop leg debug: len=80 expected=84
[WARN] [1784052146.317506809] [cmd_vel_chassis_serial]: Drop leg debug: len=80 expected=84
[WARN] [1784052146.334438702] [cmd_vel_chassis_serial]: Drop leg debug: len=80 expected=84
[WARN] [1784052146.355303896] [cmd_vel_chassis_serial]: Drop leg debug: len=80 expected=84
[WARN] [1784052146.438487288] [cmd_vel_chassis_serial]: Drop leg debug: len=80 expected=84
[WARN] [1784052146.499182515] [cmd_vel_chassis_serial]: Drop leg debug: len=80 expected=84
[WARN] [1784052146.552398033] [cmd_vel_chassis_serial]: Drop leg debug: len=80 expected=84
[WARN] [1784052146.614572216] [cmd_vel_chassis_serial]: Drop leg debug: len=80 expected=84
[WARN] [1784052146.658969065] [cmd_vel_chassis_serial]: Drop leg debug: len=80 expected=84
[WARN] [1784052146.713564329] [cmd_vel_chassis_serial]: Drop leg debug: len=80 expected=84
[WARN] [1784052146.818773402] [cmd_vel_chassis_serial]: Drop leg debug: len=80 expected=84
[WARN] [1784052146.864849393] [cmd_vel_chassis_serial]: Drop leg debug: len=80 expected=84
[WARN] [1784052146.921121386] [cmd_vel_chassis_serial]: Drop leg debug: len=80 expected=84
[WARN] [1784052146.994980957] [cmd_vel_chassis_serial]: Drop leg debug: len=80 expected=84
[WARN] [1784052147.058532951] [cmd_vel_chassis_serial]: Drop leg debug: len=80 expected=84
[WARN] [1784052147.105111461] [cmd_vel_chassis_serial]: Drop leg debug: len=80 expected=84
[WARN] [1784052147.176438359] [cmd_vel_chassis_serial]: Drop leg debug: len=80 expected=84
[WARN] [1784052147.240026739] [cmd_vel_chassis_serial]: Drop leg debug: len=80 expected=84
[WARN] [1784052147.276547450] [cmd_vel_chassis_serial]: Drop leg debug: len=80 expected=84
[WARN] [1784052147.321581953] [cmd_vel_chassis_serial]: Drop leg debug: len=80 expected=84
[WARN] [1784052147.380900564] [cmd_vel_chassis_serial]: Drop leg debug: len=80 expected=84
[WARN] [1784052147.510071175] [cmd_vel_chassis_serial]: Drop leg debug: len=80 expected=84
[WARN] [1784052147.608166322] [cmd_vel_chassis_serial]: Drop leg debug: len=80 expected=84
[WARN] [1784052147.674901959] [cmd_vel_chassis_serial]: Drop leg debug: len=80 expected=84
[WARN] [1784052147.734496406] [cmd_vel_chassis_serial]: Drop leg debug: len=80 expected=84
[ERROR] [1784052147.773383687] [cmd_vel_chassis_serial]: Serial write failed: Write timeout
[WARN] [1784052147.781764650] [cmd_vel_chassis_serial]: Drop leg debug: len=80 expected=84
[WARN] [1784052147.827822082] [cmd_vel_chassis_serial]: Drop leg debug: len=80 expected=84
[WARN] [1784052147.885282635] [cmd_vel_chassis_serial]: Drop leg debug: len=80 expected=84
[WARN] [1784052147.943944530] [cmd_vel_chassis_serial]: Drop leg debug: len=80 expected=84
[WARN] [1784052148.002598478] [cmd_vel_chassis_serial]: Drop leg debug: len=80 expected=84
[WARN] [1784052148.050215396] [cmd_vel_chassis_serial]: Drop leg debug: len=80 expected=84
[WARN] [1784052148.084380646] [cmd_vel_chassis_serial]: Drop leg debug: len=80 expected=84
[WARN] [1784052148.112961416] [cmd_vel_chassis_serial]: Drop leg debug: len=80 expected=84
[WARN] [1784052148.142742471] [cmd_vel_chassis_serial]: Drop leg debug: len=80 expected=84
[WARN] [1784052148.168596702] [cmd_vel_chassis_serial]: Drop leg debug: len=80 expected=84
[WARN] [1784052148.196120722] [cmd_vel_chassis_serial]: Drop leg debug: len=80 expected=84
[WARN] [1784052148.245983213] [cmd_vel_chassis_serial]: Drop leg debug: len=80 expected=84
[WARN] [1784052148.269293158] [cmd_vel_chassis_serial]: Drop leg debug: len=80 expected=84
[WARN] [1784052148.296575213] [cmd_vel_chassis_serial]: Drop leg debug: len=80 expected=84
[WARN] [1784052148.300598631] [cmd_vel_chassis_serial]: Drop leg debug: len=80 expected=84
[WARN] [1784052148.316440188] [cmd_vel_chassis_serial]: Drop leg debug: len=80 expected=84
[WARN] [1784052148.373004904] [cmd_vel_chassis_serial]: Drop leg debug: len=80 expected=84
[WARN] [1784052148.418318613] [cmd_vel_chassis_serial]: Drop leg debug: len=80 expected=84
[WARN] [1784052148.438573938] [cmd_vel_chassis_serial]: Drop leg debug: len=80 expected=84
[WARN] [1784052148.480131746] [cmd_vel_chassis_serial]: Drop leg debug: len=80 expected=84
[WARN] [1784052148.509251346] [cmd_vel_chassis_serial]: Drop leg debug: len=80 expected=84
[WARN] [1784052148.535310707] [cmd_vel_chassis_serial]: Drop leg debug: len=80 expected=84
[WARN] [1784052148.577325225] [cmd_vel_chassis_serial]: Drop leg debug: len=80 expected=84
[WARN] [1784052148.595508709] [cmd_vel_chassis_serial]: Drop leg debug: len=80 expected=84
[WARN] [1784052148.609307986] [cmd_vel_chassis_serial]: Drop leg debug: len=80 expected=84
[WARN] [1784052148.614400013] [cmd_vel_chassis_serial]: Drop leg debug: len=80 expected=84
[WARN] [1784052148.634560219] [cmd_vel_chassis_serial]: Drop leg debug: len=80 expected=84
[WARN] [1784052148.652100130] [cmd_vel_chassis_serial]: Drop leg debug: len=80 expected=84
[WARN] [1784052148.657259298] [cmd_vel_chassis_serial]: Drop leg debug: len=80 expected=84
[WARN] [1784052148.672786623] [cmd_vel_chassis_serial]: Drop leg debug: len=80 expected=84
[WARN] [1784052148.677877402] [cmd_vel_chassis_serial]: Drop leg debug: len=80 expected=84
[WARN] [1784052148.691984933] [cmd_vel_chassis_serial]: Drop leg debug: len=80 expected=84
[WARN] [1784052148.739943939] [cmd_vel_chassis_serial]: Drop leg debug: len=80 expected=84
[WARN] [1784052148.751163752] [cmd_vel_chassis_serial]: Drop leg debug: len=80 expected=84
[WARN] [1784052148.774198978] [cmd_vel_chassis_serial]: Drop leg debug: len=80 expected=84
[WARN] [1784052148.784916724] [cmd_vel_chassis_serial]: Drop leg debug: len=80 expected=84
[WARN] [1784052148.792113803] [cmd_vel_chassis_serial]: Drop leg debug: len=80 expected=84
[WARN] [1784052148.810410264] [cmd_vel_chassis_serial]: Drop leg debug: len=80 expected=84
[WARN] [1784052148.934988416] [cmd_vel_chassis_serial]: Drop leg debug: len=80 expected=84
[WARN] [1784052148.940472869] [cmd_vel_chassis_serial]: Drop leg debug: len=80 expected=84
[WARN] [1784052148.947770898] [cmd_vel_chassis_serial]: Drop leg debug: len=80 expected=84
[WARN] [1784052149.001176394] [cmd_vel_chassis_serial]: Drop leg debug: len=80 expected=84
[WARN] [1784052149.011392786] [cmd_vel_chassis_serial]: Drop leg debug: len=80 expected=84
[WARN] [1784052149.015356802] [cmd_vel_chassis_serial]: Drop leg debug: len=80 expected=84
[WARN] [1784052149.048681735] [cmd_vel_chassis_serial]: Drop leg debug: len=80 expected=84
[WARN] [1784052149.069615229] [cmd_vel_chassis_serial]: Drop leg debug: len=80 expected=84
[WARN] [1784052149.084116277] [cmd_vel_chassis_serial]: Drop leg debug: len=80 expected=84
[WARN] [1784052149.105996868] [cmd_vel_chassis_serial]: Drop leg debug: len=80 expected=84
[WARN] [1784052149.124141954] [cmd_vel_chassis_serial]: Drop leg debug: len=80 expected=84
[WARN] [1784052149.135662642] [cmd_vel_chassis_serial]: Drop leg debug: len=80 expected=84
[WARN] [1784052149.167530886] [cmd_vel_chassis_serial]: Drop leg debug: len=80 expected=84
[WARN] [1784052149.284894159] [cmd_vel_chassis_serial]: Drop leg debug: len=80 expected=84
[WARN] [1784052149.302687579] [cmd_vel_chassis_serial]: Drop leg debug: len=80 expected=84
[WARN] [1784052149.417855162] [cmd_vel_chassis_serial]: Drop leg debug: len=80 expected=84
[ERROR] [1784052149.420715909] [cmd_vel_chassis_serial]: Serial write failed: Write timeout
[WARN] [1784052149.440023063] [cmd_vel_chassis_serial]: Drop leg debug: len=80 expected=84
[WARN] [1784052149.477266679] [cmd_vel_chassis_serial]: Drop leg debug: len=80 expected=84
[WARN] [1784052149.499364499] [cmd_vel_chassis_serial]: Drop leg debug: len=80 expected=84
[WARN] [1784052149.518295755] [cmd_vel_chassis_serial]: Drop leg debug: len=80 expected=84
[WARN] [1784052149.553754782] [cmd_vel_chassis_serial]: Drop leg debug: len=80 expected=84
[WARN] [1784052149.586610631] [cmd_vel_chassis_serial]: Drop leg debug: len=80 expected=84
[WARN] [1784052149.683999294] [cmd_vel_chassis_serial]: Drop leg debug: len=80 expected=84
[ERROR] [1784052149.697028735] [cmd_vel_chassis_serial]: Serial write failed: Write timeout
[WARN] [1784052149.732228394] [cmd_vel_chassis_serial]: Drop leg debug: len=80 expected=84
[WARN] [1784052149.746223776] [cmd_vel_chassis_serial]: Drop leg debug: len=80 expected=84
[WARN] [1784052149.761164719] [cmd_vel_chassis_serial]: Drop leg debug: len=80 expected=84
[WARN] [1784052149.792225657] [cmd_vel_chassis_serial]: Drop leg debug: len=80 expected=84
[WARN] [1784052149.830996798] [cmd_vel_chassis_serial]: Drop leg debug: len=80 expected=84
[WARN] [1784052149.848885216] [cmd_vel_chassis_serial]: Drop leg debug: len=80 expected=84
[WARN] [1784052149.912396051] [cmd_vel_chassis_serial]: Drop leg debug: len=80 expected=84
[WARN] [1784052149.965011466] [cmd_vel_chassis_serial]: Drop leg debug: len=80 expected=84
[WARN] [1784052150.019074410] [cmd_vel_chassis_serial]: Drop leg debug: len=80 expected=84
[WARN] [1784052150.061549205] [cmd_vel_chassis_serial]: Drop leg debug: len=80 expected=84
[WARN] [1784052150.106913597] [cmd_vel_chassis_serial]: Drop leg debug: len=80 expected=84
[WARN] [1784052150.189152819] [cmd_vel_chassis_serial]: Drop leg debug: len=80 expected=84
[WARN] [1784052150.260919301] [cmd_vel_chassis_serial]: Drop leg debug: len=80 expected=84
[WARN] [1784052150.327988926] [cmd_vel_chassis_serial]: Drop leg debug: len=80 expected=84
[WARN] [1784052150.384197694] [cmd_vel_chassis_serial]: Drop leg debug: len=80 expected=84
[WARN] [1784052150.433868608] [cmd_vel_chassis_serial]: Drop leg debug: len=80 expected=84
[WARN] [1784052150.526539245] [cmd_vel_chassis_serial]: Drop leg debug: len=80 expected=84
[WARN] [1784052150.584234646] [cmd_vel_chassis_serial]: Drop leg debug: len=80 expected=84
[WARN] [1784052150.630485524] [cmd_vel_chassis_serial]: Drop leg debug: len=80 expected=84
[WARN] [1784052150.651485649] [cmd_vel_chassis_serial]: Drop leg debug: len=80 expected=84
[WARN] [1784052150.682947868] [cmd_vel_chassis_serial]: Drop leg debug: len=80 expected=84
[WARN] [1784052150.716836698] [cmd_vel_chassis_serial]: Drop leg debug: len=80 expected=84
[WARN] [1784052150.742583190] [cmd_vel_chassis_serial]: Drop leg debug: len=80 expected=84
[WARN] [1784052150.754317688] [cmd_vel_chassis_serial]: Drop leg debug: len=80 expected=84
[WARN] [1784052150.781333272] [cmd_vel_chassis_serial]: Drop leg debug: len=80 expected=84
[WARN] [1784052150.793324642] [cmd_vel_chassis_serial]: Drop leg debug: len=80 expected=84
[WARN] [1784052150.813936063] [cmd_vel_chassis_serial]: Drop leg debug: len=80 expected=84
[WARN] [1784052150.825523438] [cmd_vel_chassis_serial]: Drop leg debug: len=80 expected=84
[WARN] [1784052150.848594848] [cmd_vel_chassis_serial]: Drop leg debug: len=80 expected=84
[WARN] [1784052150.886330790] [cmd_vel_chassis_serial]: Drop leg debug: len=80 expected=84
[WARN] [1784052150.907563903] [cmd_vel_chassis_serial]: Drop leg debug: len=80 expected=84
[WARN] [1784052150.929222578] [cmd_vel_chassis_serial]: Drop leg debug: len=80 expected=84
[WARN] [1784052150.943847586] [cmd_vel_chassis_serial]: Drop leg debug: len=80 expected=84
[WARN] [1784052150.953891054] [cmd_vel_chassis_serial]: Drop leg debug: len=80 expected=84
[WARN] [1784052150.986406013] [cmd_vel_chassis_serial]: Drop leg debug: len=80 expected=84
[WARN] [1784052151.048003050] [cmd_vel_chassis_serial]: Drop leg debug: len=80 expected=84
[WARN] [1784052151.070406098] [cmd_vel_chassis_serial]: Drop leg debug: len=80 expected=84
[WARN] [1784052151.096871179] [cmd_vel_chassis_serial]: Drop leg debug: len=80 expected=84
[WARN] [1784052151.129339818] [cmd_vel_chassis_serial]: Drop leg debug: len=80 expected=84
[WARN] [1784052151.146934980] [cmd_vel_chassis_serial]: Drop leg debug: len=80 expected=84
[WARN] [1784052151.206173629] [cmd_vel_chassis_serial]: Drop leg debug: len=80 expected=84
[WARN] [1784052151.245412314] [cmd_vel_chassis_serial]: Drop leg debug: len=80 expected=84
[WARN] [1784052151.275044661] [cmd_vel_chassis_serial]: Drop leg debug: len=80 expected=84
[WARN] [1784052151.318492406] [cmd_vel_chassis_serial]: Drop leg debug: len=80 expected=84
[WARN] [1784052151.345345266] [cmd_vel_chassis_serial]: Drop leg debug: len=80 expected=84
[WARN] [1784052151.362445973] [cmd_vel_chassis_serial]: Drop leg debug: len=80 expected=84
[WARN] [1784052151.466393679] [cmd_vel_chassis_serial]: Drop leg debug: len=80 expected=84
[WARN] [1784052151.495891469] [cmd_vel_chassis_serial]: Drop leg debug: len=80 expected=84
[WARN] [1784052151.528783416] [cmd_vel_chassis_serial]: Drop leg debug: len=80 expected=84
[WARN] [1784052151.583077569] [cmd_vel_chassis_serial]: Drop leg debug: len=80 expected=84
[WARN] [1784052151.626984363] [cmd_vel_chassis_serial]: Drop leg debug: len=80 expected=84
[ERROR] [1784052151.659590068] [cmd_vel_chassis_serial]: Serial write failed: Write timeout
[WARN] [1784052151.682888638] [cmd_vel_chassis_serial]: Drop leg debug: len=80 expected=84
[WARN] [1784052151.738391091] [cmd_vel_chassis_serial]: Drop leg debug: len=80 expected=84
[WARN] [1784052151.784384435] [cmd_vel_chassis_serial]: Drop leg debug: len=80 expected=84
[WARN] [1784052151.839261548] [cmd_vel_chassis_serial]: Drop leg debug: len=80 expected=84
[WARN] [1784052151.869335636] [cmd_vel_chassis_serial]: Drop leg debug: len=80 expected=84
[WARN] [1784052151.968223435] [cmd_vel_chassis_serial]: Drop leg debug: len=80 expected=84
[WARN] [1784052152.017737941] [cmd_vel_chassis_serial]: Drop leg debug: len=80 expected=84
[WARN] [1784052152.081354842] [cmd_vel_chassis_serial]: Drop leg debug: len=80 expected=84
[WARN] [1784052152.145215964] [cmd_vel_chassis_serial]: Drop leg debug: len=80 expected=84
[ERROR] [1784052152.227231825] [cmd_vel_chassis_serial]: Serial write failed: Write timeout
[WARN] [1784052152.246859068] [cmd_vel_chassis_serial]: Drop leg debug: len=80 expected=84
[WARN] [1784052152.288074091] [cmd_vel_chassis_serial]: Drop leg debug: len=80 expected=84
[WARN] [1784052152.347593640] [cmd_vel_chassis_serial]: Drop leg debug: len=80 expected=84
[WARN] [1784052152.422222967] [cmd_vel_chassis_serial]: Drop leg debug: len=80 expected=84
[WARN] [1784052152.487481567] [cmd_vel_chassis_serial]: Drop leg debug: len=80 expected=84
[WARN] [1784052152.564359893] [cmd_vel_chassis_serial]: Drop leg debug: len=80 expected=84
[ERROR] [1784052152.638608606] [cmd_vel_chassis_serial]: Serial write failed: Write timeout
[WARN] [1784052152.689371197] [cmd_vel_chassis_serial]: Drop leg debug: len=80 expected=84
[WARN] [1784052152.753729571] [cmd_vel_chassis_serial]: Drop leg debug: len=80 expected=84
[WARN] [1784052152.780180995] [cmd_vel_chassis_serial]: Drop leg debug: len=80 expected=84
[ERROR] [1784052152.821463159] [cmd_vel_chassis_serial]: Serial write failed: Write timeout
[WARN] [1784052152.829126187] [cmd_vel_chassis_serial]: Drop leg debug: len=80 expected=84
[WARN] [1784052152.881408883] [cmd_vel_chassis_serial]: Drop leg debug: len=80 expected=84
[WARN] [1784052152.917397854] [cmd_vel_chassis_serial]: Drop leg debug: len=80 expected=84
[WARN] [1784052152.942110410] [cmd_vel_chassis_serial]: Drop leg debug: len=80 expected=84
[WARN] [1784052152.977897060] [cmd_vel_chassis_serial]: Drop leg debug: len=80 expected=84
[WARN] [1784052152.989401733] [cmd_vel_chassis_serial]: Drop leg debug: len=80 expected=84
[WARN] [1784052152.994511231] [cmd_vel_chassis_serial]: Drop leg debug: len=80 expected=84
[WARN] [1784052153.006501773] [cmd_vel_chassis_serial]: Drop leg debug: len=80 expected=84
[WARN] [1784052153.012544066] [cmd_vel_chassis_serial]: Drop leg debug: len=80 expected=84
[WARN] [1784052153.024968603] [cmd_vel_chassis_serial]: Drop leg debug: len=80 expected=84
[WARN] [1784052153.032181808] [cmd_vel_chassis_serial]: Drop leg debug: len=80 expected=84
[WARN] [1784052153.041023711] [cmd_vel_chassis_serial]: Drop leg debug: len=80 expected=84
[WARN] [1784052153.069990609] [cmd_vel_chassis_serial]: Drop leg debug: len=80 expected=84
[WARN] [1784052153.096900425] [cmd_vel_chassis_serial]: Drop leg debug: len=80 expected=84
[WARN] [1784052153.176525323] [cmd_vel_chassis_serial]: Drop leg debug: len=80 expected=84
[ERROR] [1784052153.204494874] [cmd_vel_chassis_serial]: Serial write failed: Write timeout
[WARN] [1784052153.233500695] [cmd_vel_chassis_serial]: Drop leg debug: len=80 expected=84
[WARN] [1784052153.248191392] [cmd_vel_chassis_serial]: Drop leg debug: len=80 expected=84
[WARN] [1784052153.283537029] [cmd_vel_chassis_serial]: Drop leg debug: len=80 expected=84
[WARN] [1784052153.301217655] [cmd_vel_chassis_serial]: Drop leg debug: len=80 expected=84
[WARN] [1784052153.336181898] [cmd_vel_chassis_serial]: Drop leg debug: len=80 expected=84
[WARN] [1784052153.359037862] [cmd_vel_chassis_serial]: Drop leg debug: len=80 expected=84
[WARN] [1784052153.379395340] [cmd_vel_chassis_serial]: Drop leg debug: len=80 expected=84
[WARN] [1784052153.436576405] [cmd_vel_chassis_serial]: Drop leg debug: len=80 expected=84
[WARN] [1784052153.479945444] [cmd_vel_chassis_serial]: Drop leg debug: len=80 expected=84
[WARN] [1784052153.499853462] [cmd_vel_chassis_serial]: Drop leg debug: len=80 expected=84
[WARN] [1784052153.540127048] [cmd_vel_chassis_serial]: Drop leg debug: len=80 expected=84
[WARN] [1784052153.581429535] [cmd_vel_chassis_serial]: Drop leg debug: len=80 expected=84
[WARN] [1784052153.616347401] [cmd_vel_chassis_serial]: Drop leg debug: len=80 expected=84
[WARN] [1784052153.655320440] [cmd_vel_chassis_serial]: Drop leg debug: len=80 expected=84
[WARN] [1784052153.692923296] [cmd_vel_chassis_serial]: Drop leg debug: len=80 expected=84
[WARN] [1784052153.727996075] [cmd_vel_chassis_serial]: Drop leg debug: len=80 expected=84
[WARN] [1784052153.738542771] [cmd_vel_chassis_serial]: Drop leg debug: len=80 expected=84
[WARN] [1784052153.798441147] [cmd_vel_chassis_serial]: Drop leg debug: len=80 expected=84
[WARN] [1784052153.850569994] [cmd_vel_chassis_serial]: Drop leg debug: len=80 expected=84
[ERROR] [1784052153.871614561] [cmd_vel_chassis_serial]: Serial write failed: Write timeout
[WARN] [1784052153.923454935] [cmd_vel_chassis_serial]: Drop leg debug: len=80 expected=84
[WARN] [1784052153.962901736] [cmd_vel_chassis_serial]: Drop leg debug: len=80 expected=84
[WARN] [1784052153.982611335] [cmd_vel_chassis_serial]: Drop leg debug: len=80 expected=84
[ERROR] [1784052154.010004365] [cmd_vel_chassis_serial]: Serial write failed: Write timeout
[WARN] [1784052154.037331765] [cmd_vel_chassis_serial]: Drop leg debug: len=80 expected=84
[WARN] [1784052154.151499469] [cmd_vel_chassis_serial]: Drop leg debug: len=80 expected=84
[ERROR] [1784052154.194019018] [cmd_vel_chassis_serial]: Serial write failed: Write timeout
[WARN] [1784052154.256193877] [cmd_vel_chassis_serial]: Drop leg debug: len=80 expected=84
[ERROR] [1784052154.339831036] [cmd_vel_chassis_serial]: Serial write failed: Write timeout
[WARN] [1784052154.365017028] [cmd_vel_chassis_serial]: Drop leg debug: len=80 expected=84
[WARN] [1784052154.412810690] [cmd_vel_chassis_serial]: Drop leg debug: len=80 expected=84
[WARN] [1784052154.473141832] [cmd_vel_chassis_serial]: Drop leg debug: len=80 expected=84
[WARN] [1784052154.541924487] [cmd_vel_chassis_serial]: Drop leg debug: len=80 expected=84
[WARN] [1784052154.576869571] [cmd_vel_chassis_serial]: Drop leg debug: len=80 expected=84
[WARN] [1784052154.617747664] [cmd_vel_chassis_serial]: Drop leg debug: len=80 expected=84
[WARN] [1784052154.653942286] [cmd_vel_chassis_serial]: Drop leg debug: len=80 expected=84
[WARN] [1784052154.692607222] [cmd_vel_chassis_serial]: Drop leg debug: len=80 expected=84
[WARN] [1784052154.743948049] [cmd_vel_chassis_serial]: Drop leg debug: len=80 expected=84
[WARN] [1784052154.783875868] [cmd_vel_chassis_serial]: Drop leg debug: len=80 expected=84
[WARN] [1784052154.814298322] [cmd_vel_chassis_serial]: Drop leg debug: len=80 expected=84
[ERROR] [1784052154.824691754] [cmd_vel_chassis_serial]: Serial write failed: Write timeout
[WARN] [1784052154.842489316] [cmd_vel_chassis_serial]: Drop leg debug: len=80 expected=84
[WARN] [1784052154.863151861] [cmd_vel_chassis_serial]: Drop leg debug: len=80 expected=84
[WARN] [1784052154.901455352] [cmd_vel_chassis_serial]: Drop leg debug: len=80 expected=84
[WARN] [1784052154.917167581] [cmd_vel_chassis_serial]: Drop leg debug: len=80 expected=84
[WARN] [1784052154.936189246] [cmd_vel_chassis_serial]: Drop leg debug: len=80 expected=84
[WARN] [1784052154.956486601] [cmd_vel_chassis_serial]: Drop leg debug: len=80 expected=84
[WARN] [1784052154.976424706] [cmd_vel_chassis_serial]: Drop leg debug: len=80 expected=84
[WARN] [1784052155.037979335] [cmd_vel_chassis_serial]: Drop leg debug: len=80 expected=84
[WARN] [1784052155.065110875] [cmd_vel_chassis_serial]: Drop leg debug: len=80 expected=84
[WARN] [1784052155.116395576] [cmd_vel_chassis_serial]: Drop leg debug: len=80 expected=84
[ERROR] [1784052155.127048595] [cmd_vel_chassis_serial]: Serial write failed: Write timeout
[WARN] [1784052155.153240484] [cmd_vel_chassis_serial]: Drop leg debug: len=80 expected=84
[WARN] [1784052155.227597898] [cmd_vel_chassis_serial]: Drop leg debug: len=80 expected=84
[WARN] [1784052155.282314600] [cmd_vel_chassis_serial]: Drop leg debug: len=80 expected=84
[WARN] [1784052155.353351633] [cmd_vel_chassis_serial]: Drop leg debug: len=80 expected=84
[ERROR] [1784052155.419936551] [cmd_vel_chassis_serial]: Serial write failed: Write timeout
[WARN] [1784052155.466287850] [cmd_vel_chassis_serial]: Drop leg debug: len=80 expected=84
[WARN] [1784052155.513971560] [cmd_vel_chassis_serial]: Drop leg debug: len=80 expected=84
[WARN] [1784052155.553002798] [cmd_vel_chassis_serial]: Drop leg debug: len=80 expected=84
[WARN] [1784052155.679904458] [cmd_vel_chassis_serial]: Drop leg debug: len=80 expected=84
[ERROR] [1784052155.699221603] [cmd_vel_chassis_serial]: Serial write failed: Write timeout
[WARN] [1784052155.742888457] [cmd_vel_chassis_serial]: Drop leg debug: len=80 expected=84
[WARN] [1784052155.777013886] [cmd_vel_chassis_serial]: Drop leg debug: len=80 expected=84
[WARN] [1784052155.811319228] [cmd_vel_chassis_serial]: Drop leg debug: len=80 expected=84
[WARN] [1784052155.837382081] [cmd_vel_chassis_serial]: Drop leg debug: len=80 expected=84
[WARN] [1784052155.883215810] [cmd_vel_chassis_serial]: Drop leg debug: len=80 expected=84
[WARN] [1784052155.945150434] [cmd_vel_chassis_serial]: Drop leg debug: len=80 expected=84
[ERROR] [1784052155.949451465] [cmd_vel_chassis_serial]: Serial write failed: Write timeout
[WARN] [1784052155.984206421] [cmd_vel_chassis_serial]: Drop leg debug: len=80 expected=84
[ERROR] [1784052156.000269137] [cmd_vel_chassis_serial]: Serial write failed: Write timeout
[WARN] [1784052156.047361381] [cmd_vel_chassis_serial]: Drop leg debug: len=80 expected=84
[WARN] [1784052156.088964500] [cmd_vel_chassis_serial]: Drop leg debug: len=80 expected=84
[WARN] [1784052156.145864202] [cmd_vel_chassis_serial]: Drop leg debug: len=80 expected=84
[WARN] [1784052156.154255043] [cmd_vel_chassis_serial]: Drop leg debug: len=80 expected=84
[WARN] [1784052156.185771882] [cmd_vel_chassis_serial]: Drop leg debug: len=80 expected=84
[WARN] [1784052156.204904047] [cmd_vel_chassis_serial]: Drop leg debug: len=80 expected=84
[WARN] [1784052156.265014030] [cmd_vel_chassis_serial]: Drop leg debug: len=80 expected=84
[WARN] [1784052156.307135391] [cmd_vel_chassis_serial]: Drop leg debug: len=80 expected=84
[WARN] [1784052156.329365258] [cmd_vel_chassis_serial]: Drop leg debug: len=80 expected=84
[WARN] [1784052156.351038308] [cmd_vel_chassis_serial]: Drop leg debug: len=80 expected=84
[WARN] [1784052156.390538922] [cmd_vel_chassis_serial]: Drop leg debug: len=80 expected=84
[WARN] [1784052156.407204460] [cmd_vel_chassis_serial]: Drop leg debug: len=80 expected=84
[WARN] [1784052156.430342867] [cmd_vel_chassis_serial]: Drop leg debug: len=80 expected=84
[WARN] [1784052156.448188855] [cmd_vel_chassis_serial]: Drop leg debug: len=80 expected=84
[WARN] [1784052156.603454048] [cmd_vel_chassis_serial]: Drop leg debug: len=80 expected=84
[WARN] [1784052156.679062357] [cmd_vel_chassis_serial]: Drop leg debug: len=80 expected=84
[WARN] [1784052156.711883244] [cmd_vel_chassis_serial]: Drop leg debug: len=80 expected=84
[WARN] [1784052156.729529744] [cmd_vel_chassis_serial]: Drop leg debug: len=80 expected=84
[WARN] [1784052156.744442556] [cmd_vel_chassis_serial]: Drop leg debug: len=80 expected=84
[WARN] [1784052156.750312244] [cmd_vel_chassis_serial]: Drop leg debug: len=80 expected=84
[WARN] [1784052156.756587366] [cmd_vel_chassis_serial]: Drop leg debug: len=80 expected=84
[WARN] [1784052156.771383805] [cmd_vel_chassis_serial]: Drop leg debug: len=80 expected=84
[WARN] [1784052156.786477826] [cmd_vel_chassis_serial]: Drop leg debug: len=80 expected=84
[WARN] [1784052156.793878391] [cmd_vel_chassis_serial]: Drop leg debug: len=80 expected=84
[WARN] [1784052156.805530992] [cmd_vel_chassis_serial]: Drop leg debug: len=80 expected=84
[WARN] [1784052156.825922918] [cmd_vel_chassis_serial]: Drop leg debug: len=80 expected=84
[WARN] [1784052156.922266775] [cmd_vel_chassis_serial]: Drop leg debug: len=80 expected=84
[WARN] [1784052156.948036647] [cmd_vel_chassis_serial]: Drop leg debug: len=80 expected=84
[WARN] [1784052156.963116482] [cmd_vel_chassis_serial]: Drop leg debug: len=80 expected=84
[WARN] [1784052156.986431501] [cmd_vel_chassis_serial]: Drop leg debug: len=80 expected=84
[WARN] [1784052156.999480123] [cmd_vel_chassis_serial]: Drop leg debug: len=80 expected=84
[WARN] [1784052157.011483132] [cmd_vel_chassis_serial]: Drop leg debug: len=80 expected=84
[WARN] [1784052157.062460682] [cmd_vel_chassis_serial]: Drop leg debug: len=80 expected=84
[WARN] [1784052157.071336225] [cmd_vel_chassis_serial]: Drop leg debug: len=80 expected=84
[WARN] [1784052157.081779227] [cmd_vel_chassis_serial]: Drop leg debug: len=80 expected=84
[WARN] [1784052157.104196371] [cmd_vel_chassis_serial]: Drop leg debug: len=80 expected=84
[WARN] [1784052157.117558192] [cmd_vel_chassis_serial]: Drop leg debug: len=80 expected=84
[WARN] [1784052157.128462593] [cmd_vel_chassis_serial]: Drop leg debug: len=80 expected=84
[WARN] [1784052157.203378070] [cmd_vel_chassis_serial]: Drop leg debug: len=80 expected=84
[WARN] [1784052157.208977417] [cmd_vel_chassis_serial]: Drop leg debug: len=80 expected=84
[WARN] [1784052157.216240013] [cmd_vel_chassis_serial]: Drop leg debug: len=80 expected=84
[WARN] [1784052157.245582671] [cmd_vel_chassis_serial]: Drop leg debug: len=80 expected=84
[WARN] [1784052157.256204097] [cmd_vel_chassis_serial]: Drop leg debug: len=80 expected=84
[WARN] [1784052157.264566668] [cmd_vel_chassis_serial]: Drop leg debug: len=80 expected=84
[WARN] [1784052157.351456791] [cmd_vel_chassis_serial]: Drop leg debug: len=80 expected=84
[WARN] [1784052157.374427523] [cmd_vel_chassis_serial]: Drop leg debug: len=80 expected=84
[WARN] [1784052157.397944114] [cmd_vel_chassis_serial]: Drop leg debug: len=80 expected=84
[WARN] [1784052157.413312001] [cmd_vel_chassis_serial]: Drop leg debug: len=80 expected=84
[WARN] [1784052157.432458819] [cmd_vel_chassis_serial]: Drop leg debug: len=80 expected=84
[WARN] [1784052157.459590391] [cmd_vel_chassis_serial]: Drop leg debug: len=80 expected=84
[WARN] [1784052157.495243189] [cmd_vel_chassis_serial]: Drop leg debug: len=80 expected=84
[WARN] [1784052157.517992829] [cmd_vel_chassis_serial]: Drop leg debug: len=80 expected=84
[WARN] [1784052157.532094920] [cmd_vel_chassis_serial]: Drop leg debug: len=80 expected=84
[WARN] [1784052157.552523341] [cmd_vel_chassis_serial]: Drop leg debug: len=80 expected=84
[WARN] [1784052157.570377825] [cmd_vel_chassis_serial]: Drop leg debug: len=80 expected=84
[WARN] [1784052157.634055685] [cmd_vel_chassis_serial]: Drop leg debug: len=80 expected=84
[WARN] [1784052157.654460414] [cmd_vel_chassis_serial]: Drop leg debug: len=80 expected=84
[WARN] [1784052157.765257702] [cmd_vel_chassis_serial]: Drop leg debug: len=80 expected=84
[WARN] [1784052157.801336842] [cmd_vel_chassis_serial]: Drop leg debug: len=80 expected=84
[WARN] [1784052157.859592278] [cmd_vel_chassis_serial]: Drop leg debug: len=80 expected=84
[WARN] [1784052157.898374473] [cmd_vel_chassis_serial]: Drop leg debug: len=80 expected=84
[WARN] [1784052157.957756229] [cmd_vel_chassis_serial]: Drop leg debug: len=80 expected=84
[WARN] [1784052157.982702134] [cmd_vel_chassis_serial]: Drop leg debug: len=80 expected=84
[WARN] [1784052157.986511082] [cmd_vel_chassis_serial]: Drop leg debug: len=80 expected=84
[WARN] [1784052157.992056035] [cmd_vel_chassis_serial]: Drop leg debug: len=80 expected=84
[WARN] [1784052157.995327418] [cmd_vel_chassis_serial]: Drop leg debug: len=80 expected=84
[WARN] [1784052158.042452038] [cmd_vel_chassis_serial]: Drop leg debug: len=80 expected=84
[WARN] [1784052158.082287803] [cmd_vel_chassis_serial]: Drop leg debug: len=80 expected=84
[WARN] [1784052158.091957894] [cmd_vel_chassis_serial]: Drop leg debug: len=80 expected=84
[WARN] [1784052158.095410363] [cmd_vel_chassis_serial]: Drop leg debug: len=80 expected=84
[WARN] [1784052158.105913560] [cmd_vel_chassis_serial]: Drop leg debug: len=80 expected=84
[WARN] [1784052158.110660978] [cmd_vel_chassis_serial]: Drop leg debug: len=80 expected=84
[WARN] [1784052158.114312287] [cmd_vel_chassis_serial]: Drop leg debug: len=80 expected=84
[WARN] [1784052158.128352148] [cmd_vel_chassis_serial]: Drop leg debug: len=80 expected=84
[WARN] [1784052158.132270397] [cmd_vel_chassis_serial]: Drop leg debug: len=80 expected=84
[WARN] [1784052158.136757020] [cmd_vel_chassis_serial]: Drop leg debug: len=80 expected=84
[WARN] [1784052158.151186424] [cmd_vel_chassis_serial]: Drop leg debug: len=80 expected=84
[WARN] [1784052158.163935561] [cmd_vel_chassis_serial]: Drop leg debug: len=80 expected=84
[WARN] [1784052158.170214178] [cmd_vel_chassis_serial]: Drop leg debug: len=80 expected=84
[WARN] [1784052158.176086510] [cmd_vel_chassis_serial]: Drop leg debug: len=80 expected=84
[WARN] [1784052158.264962388] [cmd_vel_chassis_serial]: Drop leg debug: len=80 expected=84
[WARN] [1784052158.283130644] [cmd_vel_chassis_serial]: Drop leg debug: len=80 expected=84
[WARN] [1784052158.304738202] [cmd_vel_chassis_serial]: Drop leg debug: len=80 expected=84
[WARN] [1784052158.324310147] [cmd_vel_chassis_serial]: Drop leg debug: len=80 expected=84
[WARN] [1784052158.376416271] [cmd_vel_chassis_serial]: Drop leg debug: len=80 expected=84
[ERROR] [1784052158.382127858] [cmd_vel_chassis_serial]: Serial write failed: Write timeout
[WARN] [1784052158.398809335] [cmd_vel_chassis_serial]: Drop leg debug: len=80 expected=84
[WARN] [1784052158.414936563] [cmd_vel_chassis_serial]: Drop leg debug: len=80 expected=84
[WARN] [1784052158.426903616] [cmd_vel_chassis_serial]: Drop leg debug: len=80 expected=84
[WARN] [1784052158.436575412] [cmd_vel_chassis_serial]: Drop leg debug: len=80 expected=84
[WARN] [1784052158.465013915] [cmd_vel_chassis_serial]: Drop leg debug: len=80 expected=84
[WARN] [1784052158.486418349] [cmd_vel_chassis_serial]: Drop leg debug: len=80 expected=84
[WARN] [1784052158.531089519] [cmd_vel_chassis_serial]: Drop leg debug: len=80 expected=84
[ERROR] [1784052158.544180742] [cmd_vel_chassis_serial]: Serial write failed: Write timeout
[WARN] [1784052158.577813203] [cmd_vel_chassis_serial]: Drop leg debug: len=80 expected=84
[WARN] [1784052158.585824668] [cmd_vel_chassis_serial]: Drop leg debug: len=80 expected=84
[WARN] [1784052158.613784177] [cmd_vel_chassis_serial]: Drop leg debug: len=80 expected=84
[WARN] [1784052158.625494360] [cmd_vel_chassis_serial]: Drop leg debug: len=80 expected=84
[WARN] [1784052158.643668665] [cmd_vel_chassis_serial]: Drop leg debug: len=80 expected=84
[WARN] [1784052158.660113014] [cmd_vel_chassis_serial]: Drop leg debug: len=80 expected=84
[WARN] [1784052158.685847335] [cmd_vel_chassis_serial]: Drop leg debug: len=80 expected=84
[WARN] [1784052158.720599922] [cmd_vel_chassis_serial]: Drop leg debug: len=80 expected=84
[WARN] [1784052158.732877302] [cmd_vel_chassis_serial]: Drop leg debug: len=80 expected=84
[WARN] [1784052158.740830137] [cmd_vel_chassis_serial]: Drop leg debug: len=80 expected=84
[WARN] [1784052158.753667286] [cmd_vel_chassis_serial]: Drop leg debug: len=80 expected=84
[WARN] [1784052158.764055934] [cmd_vel_chassis_serial]: Drop leg debug: len=80 expected=84
[WARN] [1784052158.840806955] [cmd_vel_chassis_serial]: Drop leg debug: len=80 expected=84
[WARN] [1784052158.856394783] [cmd_vel_chassis_serial]: Drop leg debug: len=80 expected=84
[WARN] [1784052158.889563973] [cmd_vel_chassis_serial]: Drop leg debug: len=80 expected=84
[WARN] [1784052158.903149912] [cmd_vel_chassis_serial]: Drop leg debug: len=80 expected=84
[WARN] [1784052158.910435247] [cmd_vel_chassis_serial]: Drop leg debug: len=80 expected=84
[WARN] [1784052158.929192833] [cmd_vel_chassis_serial]: Drop leg debug: len=80 expected=84
[WARN] [1784052158.986821126] [cmd_vel_chassis_serial]: Drop leg debug: len=80 expected=84
[WARN] [1784052159.001493237] [cmd_vel_chassis_serial]: Drop leg debug: len=80 expected=84
[WARN] [1784052159.023057800] [cmd_vel_chassis_serial]: Drop leg debug: len=80 expected=84
[WARN] [1784052159.037793560] [cmd_vel_chassis_serial]: Drop leg debug: len=80 expected=84
[WARN] [1784052159.066503220] [cmd_vel_chassis_serial]: Drop leg debug: len=80 expected=84
[WARN] [1784052159.084845038] [cmd_vel_chassis_serial]: Drop leg debug: len=80 expected=84
[WARN] [1784052159.131806319] [cmd_vel_chassis_serial]: Drop leg debug: len=80 expected=84
[WARN] [1784052159.147775312] [cmd_vel_chassis_serial]: Drop leg debug: len=80 expected=84
[WARN] [1784052159.161600193] [cmd_vel_chassis_serial]: Drop leg debug: len=80 expected=84
[WARN] [1784052159.181362033] [cmd_vel_chassis_serial]: Drop leg debug: len=80 expected=84
[WARN] [1784052159.229671324] [cmd_vel_chassis_serial]: Drop leg debug: len=80 expected=84
[WARN] [1784052159.266359077] [cmd_vel_chassis_serial]: Drop leg debug: len=80 expected=84
[WARN] [1784052159.276868964] [cmd_vel_chassis_serial]: Drop leg debug: len=80 expected=84
[WARN] [1784052159.313053539] [cmd_vel_chassis_serial]: Drop leg debug: len=80 expected=84
[WARN] [1784052159.328032354] [cmd_vel_chassis_serial]: Drop leg debug: len=80 expected=84
[WARN] [1784052159.359514918] [cmd_vel_chassis_serial]: Drop leg debug: len=80 expected=84
[WARN] [1784052159.372160960] [cmd_vel_chassis_serial]: Drop leg debug: len=80 expected=84
[WARN] [1784052159.383217149] [cmd_vel_chassis_serial]: Drop leg debug: len=80 expected=84
[WARN] [1784052159.416066914] [cmd_vel_chassis_serial]: Drop leg debug: len=80 expected=84
[WARN] [1784052159.423965001] [cmd_vel_chassis_serial]: Drop leg debug: len=80 expected=84
[WARN] [1784052159.446886036] [cmd_vel_chassis_serial]: Drop leg debug: len=80 expected=84
[WARN] [1784052159.477828875] [cmd_vel_chassis_serial]: Drop leg debug: len=80 expected=84
[WARN] [1784052159.531250770] [cmd_vel_chassis_serial]: Drop leg debug: len=80 expected=84
[WARN] [1784052159.559428782] [cmd_vel_chassis_serial]: Drop leg debug: len=80 expected=84
[WARN] [1784052159.598268569] [cmd_vel_chassis_serial]: Drop leg debug: len=80 expected=84
[WARN] [1784052159.618816586] [cmd_vel_chassis_serial]: Drop leg debug: len=80 expected=84
[WARN] [1784052159.642498821] [cmd_vel_chassis_serial]: Drop leg debug: len=80 expected=84
[WARN] [1784052159.654940814] [cmd_vel_chassis_serial]: Drop leg debug: len=80 expected=84
[WARN] [1784052159.667074412] [cmd_vel_chassis_serial]: Drop leg debug: len=80 expected=84
[WARN] [1784052159.677702148] [cmd_vel_chassis_serial]: Drop leg debug: len=80 expected=84
[WARN] [1784052159.704750266] [cmd_vel_chassis_serial]: Drop leg debug: len=80 expected=84
