[INFO] [launch]: All log files can be found below /home/gsing/2026Gsing/2026_Gsing-second_ROS/logs/ros/2026-07-15-02-12-13-868011-gsing-7080
[INFO] [launch]: Default logging verbosity is set to INFO
[INFO] [cmd_vel_chassis_serial.py-1]: process started with pid [7269]
[cmd_vel_chassis_serial.py-1] [INFO] [1784052739.869562948] [cmd_vel_chassis_serial]: Leg debug CSV logging enabled: /home/gsing/2026Gsing/2026_Gsing-second_ROS/logs/serial/2026-07-15_021206_leg.csv
[cmd_vel_chassis_serial.py-1] [INFO] [1784052739.885416224] [cmd_vel_chassis_serial]: Opened /dev/ttyACM0 @ 115200, cmd_vel=/cmd_vel, send=50.0Hz
[cmd_vel_chassis_serial.py-1] [INFO] [1784052739.950116878] [cmd_vel_chassis_serial]: Publishing STM32 arm events on /vision/arm_event
[cmd_vel_chassis_serial.py-1] [WARN] [1784052739.965780067] [cmd_vel_chassis_serial]: Drop leg debug: len=80 expected=84
[cmd_vel_chassis_serial.py-1] [WARN] [1784052739.972149391] [cmd_vel_chassis_serial]: Drop leg debug: len=80 expected=84
[cmd_vel_chassis_serial.py-1] [INFO] [1784052739.981954847] [cmd_vel_chassis_serial]: send source=stop vx=0.000 wz=0.000
[cmd_vel_chassis_serial.py-1] [WARN] [1784052739.992253004] [cmd_vel_chassis_serial]: Drop leg debug: len=80 expected=84
[cmd_vel_chassis_serial.py-1] [WARN] [1784052740.014789833] [cmd_vel_chassis_serial]: Drop leg debug: len=80 expected=84
[cmd_vel_chassis_serial.py-1] [WARN] [1784052740.027791457] [cmd_vel_chassis_serial]: Drop leg debug: len=80 expected=84
[cmd_vel_chassis_serial.py-1] [WARN] [1784052740.059060481] [cmd_vel_chassis_serial]: Drop leg debug: len=80 expected=84
[cmd_vel_chassis_serial.py-1] [WARN] [1784052740.147097146] [cmd_vel_chassis_serial]: Drop leg debug: len=80 expected=84
[cmd_vel_chassis_serial.py-1] [WARN] [1784052740.167780520] [cmd_vel_chassis_serial]: Drop leg debug: len=80 expected=84
[cmd_vel_chassis_serial.py-1] [WARN] [1784052740.203035281] [cmd_vel_chassis_serial]: Drop leg debug: len=80 expected=84
[cmd_vel_chassis_serial.py-1] [WARN] [1784052740.212229385] [cmd_vel_chassis_serial]: Drop leg debug: len=80 expected=84
[cmd_vel_chassis_serial.py-1] [WARN] [1784052740.221584295] [cmd_vel_chassis_serial]: Drop leg debug: len=80 expected=84
[cmd_vel_chassis_serial.py-1] [WARN] [1784052740.225931090] [cmd_vel_chassis_serial]: Drop leg debug: len=80 expected=84
[cmd_vel_chassis_serial.py-1] [WARN] [1784052740.256943965] [cmd_vel_chassis_serial]: Drop leg debug: len=80 expected=84
[cmd_vel_chassis_serial.py-1] [WARN] [1784052740.272719776] [cmd_vel_chassis_serial]: Drop leg debug: len=80 expected=84
[cmd_vel_chassis_serial.py-1] [WARN] [1784052740.293106487] [cmd_vel_chassis_serial]: Drop leg debug: len=80 expected=84
[cmd_vel_chassis_serial.py-1] [WARN] [1784052740.316190355] [cmd_vel_chassis_serial]: Drop leg debug: len=80 expected=84
[cmd_vel_chassis_serial.py-1] [WARN] [1784052740.343023732] [cmd_vel_chassis_serial]: Drop leg debug: len=80 expected=84
[cmd_vel_chassis_serial.py-1] [WARN] [1784052740.352391698] [cmd_vel_chassis_serial]: Drop leg debug: len=80 expected=84
[cmd_vel_chassis_serial.py-1] [WARN] [1784052740.405478917] [cmd_vel_chassis_serial]: Drop leg debug: len=80 expected=84
[cmd_vel_chassis_serial.py-1] [WARN] [1784052740.427933410] [cmd_vel_chassis_serial]: Drop leg debug: len=80 expected=84
[cmd_vel_chassis_serial.py-1] [WARN] [1784052740.453207511] [cmd_vel_chassis_serial]: Drop leg debug: len=80 expected=84
[cmd_vel_chassis_serial.py-1] [WARN] [1784052740.467065150] [cmd_vel_chassis_serial]: Drop leg debug: len=80 expected=84
[cmd_vel_chassis_serial.py-1] [WARN] [1784052740.478021673] [cmd_vel_chassis_serial]: Drop leg debug: len=80 expected=84
[cmd_vel_chassis_serial.py-1] [WARN] [1784052740.485359215] [cmd_vel_chassis_serial]: Drop leg debug: len=80 expected=84
[cmd_vel_chassis_serial.py-1] [WARN] [1784052740.557999558] [cmd_vel_chassis_serial]: Drop leg debug: len=80 expected=84
[cmd_vel_chassis_serial.py-1] [WARN] [1784052740.602179579] [cmd_vel_chassis_serial]: Drop leg debug: len=80 expected=84
[cmd_vel_chassis_serial.py-1] [WARN] [1784052740.612877456] [cmd_vel_chassis_serial]: Drop leg debug: len=80 expected=84
[cmd_vel_chassis_serial.py-1] [WARN] [1784052740.650327337] [cmd_vel_chassis_serial]: Drop leg debug: len=80 expected=84
[cmd_vel_chassis_serial.py-1] [WARN] [1784052740.672039675] [cmd_vel_chassis_serial]: Drop leg debug: len=80 expected=84
[cmd_vel_chassis_serial.py-1] [WARN] [1784052740.686224554] [cmd_vel_chassis_serial]: Drop leg debug: len=80 expected=84
[cmd_vel_chassis_serial.py-1] [WARN] [1784052740.701098544] [cmd_vel_chassis_serial]: Drop leg debug: len=80 expected=84
[cmd_vel_chassis_serial.py-1] [WARN] [1784052740.724684618] [cmd_vel_chassis_serial]: Drop leg debug: len=80 expected=84
[cmd_vel_chassis_serial.py-1] [WARN] [1784052740.745983674] [cmd_vel_chassis_serial]: Drop leg debug: len=80 expected=84
[cmd_vel_chassis_serial.py-1] [WARN] [1784052740.765349269] [cmd_vel_chassis_serial]: Drop leg debug: len=80 expected=84
[cmd_vel_chassis_serial.py-1] [WARN] [1784052740.778268234] [cmd_vel_chassis_serial]: Drop leg debug: len=80 expected=84
[cmd_vel_chassis_serial.py-1] [WARN] [1784052740.796876961] [cmd_vel_chassis_serial]: Drop leg debug: len=80 expected=84
[cmd_vel_chassis_serial.py-1] [WARN] [1784052740.842559747] [cmd_vel_chassis_serial]: Drop leg debug: len=80 expected=84
[cmd_vel_chassis_serial.py-1] [WARN] [1784052740.849975628] [cmd_vel_chassis_serial]: Drop leg debug: len=80 expected=84
[cmd_vel_chassis_serial.py-1] [WARN] [1784052740.859860117] [cmd_vel_chassis_serial]: Drop leg debug: len=80 expected=84
[cmd_vel_chassis_serial.py-1] [WARN] [1784052740.889359413] [cmd_vel_chassis_serial]: Drop leg debug: len=80 expected=84
[cmd_vel_chassis_serial.py-1] [WARN] [1784052740.904414418] [cmd_vel_chassis_serial]: Drop leg debug: len=80 expected=84
[cmd_vel_chassis_serial.py-1] [WARN] [1784052740.923091489] [cmd_vel_chassis_serial]: Drop leg debug: len=80 expected=84
[cmd_vel_chassis_serial.py-1] [ERROR] [1784052740.926426480] [cmd_vel_chassis_serial]: Serial write failed: Write timeout
[cmd_vel_chassis_serial.py-1] [WARN] [1784052740.966474765] [cmd_vel_chassis_serial]: Drop leg debug: len=80 expected=84
[cmd_vel_chassis_serial.py-1] [WARN] [1784052740.989826638] [cmd_vel_chassis_serial]: Drop leg debug: len=80 expected=84
[cmd_vel_chassis_serial.py-1] [WARN] [1784052740.995772910] [cmd_vel_chassis_serial]: Drop leg debug: len=80 expected=84
[cmd_vel_chassis_serial.py-1] [WARN] [1784052741.015753021] [cmd_vel_chassis_serial]: Drop leg debug: len=80 expected=84
[cmd_vel_chassis_serial.py-1] [WARN] [1784052741.028998683] [cmd_vel_chassis_serial]: Drop leg debug: len=80 expected=84
[cmd_vel_chassis_serial.py-1] [WARN] [1784052741.038431114] [cmd_vel_chassis_serial]: Drop leg debug: len=80 expected=84
[cmd_vel_chassis_serial.py-1] [WARN] [1784052741.109377995] [cmd_vel_chassis_serial]: Drop leg debug: len=80 expected=84
[cmd_vel_chassis_serial.py-1] [WARN] [1784052741.128185207] [cmd_vel_chassis_serial]: Drop leg debug: len=80 expected=84
[cmd_vel_chassis_serial.py-1] [WARN] [1784052741.137832074] [cmd_vel_chassis_serial]: Drop leg debug: len=80 expected=84
[cmd_vel_chassis_serial.py-1] [WARN] [1784052741.177775901] [cmd_vel_chassis_serial]: Drop leg debug: len=80 expected=84
[cmd_vel_chassis_serial.py-1] [WARN] [1784052741.200564003] [cmd_vel_chassis_serial]: Drop leg debug: len=80 expected=84
[cmd_vel_chassis_serial.py-1] [WARN] [1784052741.249234121] [cmd_vel_chassis_serial]: Drop leg debug: len=80 expected=84
[cmd_vel_chassis_serial.py-1] [WARN] [1784052741.310135720] [cmd_vel_chassis_serial]: Drop leg debug: len=80 expected=84
[cmd_vel_chassis_serial.py-1] [WARN] [1784052741.358611779] [cmd_vel_chassis_serial]: Drop leg debug: len=80 expected=84
[cmd_vel_chassis_serial.py-1] [WARN] [1784052741.382517816] [cmd_vel_chassis_serial]: Drop leg debug: len=80 expected=84
[cmd_vel_chassis_serial.py-1] [WARN] [1784052741.395571544] [cmd_vel_chassis_serial]: Drop leg debug: len=80 expected=84
[cmd_vel_chassis_serial.py-1] [WARN] [1784052741.427440284] [cmd_vel_chassis_serial]: Drop leg debug: len=80 expected=84
[cmd_vel_chassis_serial.py-1] [WARN] [1784052741.451895737] [cmd_vel_chassis_serial]: Drop leg debug: len=80 expected=84
[cmd_vel_chassis_serial.py-1] [WARN] [1784052741.467277272] [cmd_vel_chassis_serial]: Drop leg debug: len=80 expected=84
[cmd_vel_chassis_serial.py-1] [WARN] [1784052741.491474704] [cmd_vel_chassis_serial]: Drop leg debug: len=80 expected=84
[cmd_vel_chassis_serial.py-1] [WARN] [1784052741.504207384] [cmd_vel_chassis_serial]: Drop leg debug: len=80 expected=84
[cmd_vel_chassis_serial.py-1] [WARN] [1784052741.522745523] [cmd_vel_chassis_serial]: Drop leg debug: len=80 expected=84
[cmd_vel_chassis_serial.py-1] [WARN] [1784052741.528604419] [cmd_vel_chassis_serial]: Drop leg debug: len=80 expected=84
[cmd_vel_chassis_serial.py-1] [WARN] [1784052741.531953294] [cmd_vel_chassis_serial]: Drop leg debug: len=80 expected=84
[cmd_vel_chassis_serial.py-1] [WARN] [1784052741.546604807] [cmd_vel_chassis_serial]: Drop leg debug: len=80 expected=84
[cmd_vel_chassis_serial.py-1] [WARN] [1784052741.551381756] [cmd_vel_chassis_serial]: Drop leg debug: len=80 expected=84
[cmd_vel_chassis_serial.py-1] [WARN] [1784052741.565172898] [cmd_vel_chassis_serial]: Drop leg debug: len=80 expected=84
[cmd_vel_chassis_serial.py-1] [WARN] [1784052741.571942795] [cmd_vel_chassis_serial]: Drop leg debug: len=80 expected=84
[cmd_vel_chassis_serial.py-1] [WARN] [1784052741.580518431] [cmd_vel_chassis_serial]: Drop leg debug: len=80 expected=84
[cmd_vel_chassis_serial.py-1] [WARN] [1784052741.628069149] [cmd_vel_chassis_serial]: Drop leg debug: len=80 expected=84
[cmd_vel_chassis_serial.py-1] [WARN] [1784052741.709706946] [cmd_vel_chassis_serial]: Drop leg debug: len=80 expected=84
[cmd_vel_chassis_serial.py-1] [WARN] [1784052741.715958436] [cmd_vel_chassis_serial]: Drop leg debug: len=80 expected=84
[cmd_vel_chassis_serial.py-1] [WARN] [1784052741.742267427] [cmd_vel_chassis_serial]: Drop leg debug: len=80 expected=84
[cmd_vel_chassis_serial.py-1] [WARN] [1784052741.756927700] [cmd_vel_chassis_serial]: Drop leg debug: len=80 expected=84
[cmd_vel_chassis_serial.py-1] [WARN] [1784052741.801976616] [cmd_vel_chassis_serial]: Drop leg debug: len=80 expected=84
[cmd_vel_chassis_serial.py-1] [WARN] [1784052741.837720510] [cmd_vel_chassis_serial]: Drop leg debug: len=80 expected=84
[cmd_vel_chassis_serial.py-1] [WARN] [1784052741.860000862] [cmd_vel_chassis_serial]: Drop leg debug: len=80 expected=84
[cmd_vel_chassis_serial.py-1] [WARN] [1784052741.871137738] [cmd_vel_chassis_serial]: Drop leg debug: len=80 expected=84
[cmd_vel_chassis_serial.py-1] [WARN] [1784052741.912411104] [cmd_vel_chassis_serial]: Drop leg debug: len=80 expected=84
[cmd_vel_chassis_serial.py-1] [WARN] [1784052741.946901302] [cmd_vel_chassis_serial]: Drop leg debug: len=80 expected=84
[cmd_vel_chassis_serial.py-1] [WARN] [1784052741.956682573] [cmd_vel_chassis_serial]: Drop leg debug: len=80 expected=84
[cmd_vel_chassis_serial.py-1] [WARN] [1784052741.978447602] [cmd_vel_chassis_serial]: Drop leg debug: len=80 expected=84
[cmd_vel_chassis_serial.py-1] [WARN] [1784052742.013445500] [cmd_vel_chassis_serial]: Drop leg debug: len=80 expected=84
[cmd_vel_chassis_serial.py-1] [WARN] [1784052742.019371514] [cmd_vel_chassis_serial]: Drop leg debug: len=80 expected=84
[cmd_vel_chassis_serial.py-1] [WARN] [1784052742.032597902] [cmd_vel_chassis_serial]: Drop leg debug: len=80 expected=84
[cmd_vel_chassis_serial.py-1] [WARN] [1784052742.038381831] [cmd_vel_chassis_serial]: Drop leg debug: len=80 expected=84
[cmd_vel_chassis_serial.py-1] [WARN] [1784052742.048996770] [cmd_vel_chassis_serial]: Drop leg debug: len=80 expected=84
[cmd_vel_chassis_serial.py-1] [WARN] [1784052742.059500382] [cmd_vel_chassis_serial]: Drop leg debug: len=80 expected=84
[cmd_vel_chassis_serial.py-1] [WARN] [1784052742.123065755] [cmd_vel_chassis_serial]: Drop leg debug: len=80 expected=84
[cmd_vel_chassis_serial.py-1] [WARN] [1784052742.142662605] [cmd_vel_chassis_serial]: Drop leg debug: len=80 expected=84
[cmd_vel_chassis_serial.py-1] [WARN] [1784052742.148357958] [cmd_vel_chassis_serial]: Drop leg debug: len=80 expected=84
[cmd_vel_chassis_serial.py-1] [WARN] [1784052742.187414324] [cmd_vel_chassis_serial]: Drop leg debug: len=80 expected=84
[cmd_vel_chassis_serial.py-1] [WARN] [1784052742.201174455] [cmd_vel_chassis_serial]: Drop leg debug: len=80 expected=84
[cmd_vel_chassis_serial.py-1] [WARN] [1784052742.215429195] [cmd_vel_chassis_serial]: Drop leg debug: len=80 expected=84
[cmd_vel_chassis_serial.py-1] [WARN] [1784052742.249342443] [cmd_vel_chassis_serial]: Drop leg debug: len=80 expected=84
[cmd_vel_chassis_serial.py-1] [WARN] [1784052742.272461250] [cmd_vel_chassis_serial]: Drop leg debug: len=80 expected=84
[cmd_vel_chassis_serial.py-1] [WARN] [1784052742.294099659] [cmd_vel_chassis_serial]: Drop leg debug: len=80 expected=84
[cmd_vel_chassis_serial.py-1] [WARN] [1784052742.307127944] [cmd_vel_chassis_serial]: Drop leg debug: len=80 expected=84
[cmd_vel_chassis_serial.py-1] [WARN] [1784052742.317997521] [cmd_vel_chassis_serial]: Drop leg debug: len=80 expected=84
[cmd_vel_chassis_serial.py-1] [WARN] [1784052742.329500456] [cmd_vel_chassis_serial]: Drop leg debug: len=80 expected=84
[cmd_vel_chassis_serial.py-1] [WARN] [1784052742.380222855] [cmd_vel_chassis_serial]: Drop leg debug: len=80 expected=84
[cmd_vel_chassis_serial.py-1] [WARN] [1784052742.416931253] [cmd_vel_chassis_serial]: Drop leg debug: len=80 expected=84
[cmd_vel_chassis_serial.py-1] [WARN] [1784052742.481500978] [cmd_vel_chassis_serial]: Drop leg debug: len=80 expected=84
[cmd_vel_chassis_serial.py-1] [WARN] [1784052742.503487580] [cmd_vel_chassis_serial]: Drop leg debug: len=80 expected=84
[cmd_vel_chassis_serial.py-1] [WARN] [1784052742.524858716] [cmd_vel_chassis_serial]: Drop leg debug: len=80 expected=84
[cmd_vel_chassis_serial.py-1] [WARN] [1784052742.541502009] [cmd_vel_chassis_serial]: Drop leg debug: len=80 expected=84
[cmd_vel_chassis_serial.py-1] [WARN] [1784052742.572098700] [cmd_vel_chassis_serial]: Drop leg debug: len=80 expected=84
[cmd_vel_chassis_serial.py-1] [WARN] [1784052742.596436629] [cmd_vel_chassis_serial]: Drop leg debug: len=80 expected=84
[cmd_vel_chassis_serial.py-1] [WARN] [1784052742.612539579] [cmd_vel_chassis_serial]: Drop leg debug: len=80 expected=84
[cmd_vel_chassis_serial.py-1] [WARN] [1784052742.633141164] [cmd_vel_chassis_serial]: Drop leg debug: len=80 expected=84
[cmd_vel_chassis_serial.py-1] [WARN] [1784052742.650520527] [cmd_vel_chassis_serial]: Drop leg debug: len=80 expected=84
[cmd_vel_chassis_serial.py-1] [WARN] [1784052742.661727904] [cmd_vel_chassis_serial]: Drop leg debug: len=80 expected=84
[cmd_vel_chassis_serial.py-1] [WARN] [1784052742.711989450] [cmd_vel_chassis_serial]: Drop leg debug: len=80 expected=84
[cmd_vel_chassis_serial.py-1] [WARN] [1784052742.731274132] [cmd_vel_chassis_serial]: Drop leg debug: len=80 expected=84
[cmd_vel_chassis_serial.py-1] [WARN] [1784052742.751447602] [cmd_vel_chassis_serial]: Drop leg debug: len=80 expected=84
[cmd_vel_chassis_serial.py-1] [WARN] [1784052742.767024417] [cmd_vel_chassis_serial]: Drop leg debug: len=80 expected=84
[cmd_vel_chassis_serial.py-1] [WARN] [1784052742.785341229] [cmd_vel_chassis_serial]: Drop leg debug: len=80 expected=84
[cmd_vel_chassis_serial.py-1] [WARN] [1784052742.794721157] [cmd_vel_chassis_serial]: Drop leg debug: len=80 expected=84
[cmd_vel_chassis_serial.py-1] [WARN] [1784052742.839188827] [cmd_vel_chassis_serial]: Drop leg debug: len=80 expected=84
[cmd_vel_chassis_serial.py-1] [WARN] [1784052742.867178917] [cmd_vel_chassis_serial]: Drop leg debug: len=80 expected=84
[cmd_vel_chassis_serial.py-1] [WARN] [1784052742.894441218] [cmd_vel_chassis_serial]: Drop leg debug: len=80 expected=84
[cmd_vel_chassis_serial.py-1] [WARN] [1784052742.904155946] [cmd_vel_chassis_serial]: Drop leg debug: len=80 expected=84
[cmd_vel_chassis_serial.py-1] [WARN] [1784052742.920109754] [cmd_vel_chassis_serial]: Drop leg debug: len=80 expected=84
[cmd_vel_chassis_serial.py-1] [WARN] [1784052742.956994643] [cmd_vel_chassis_serial]: Drop leg debug: len=80 expected=84
[cmd_vel_chassis_serial.py-1] [WARN] [1784052743.032247897] [cmd_vel_chassis_serial]: Drop leg debug: len=80 expected=84
[cmd_vel_chassis_serial.py-1] [WARN] [1784052743.071069170] [cmd_vel_chassis_serial]: Drop leg debug: len=80 expected=84
[cmd_vel_chassis_serial.py-1] [WARN] [1784052743.090999592] [cmd_vel_chassis_serial]: Drop leg debug: len=80 expected=84
[cmd_vel_chassis_serial.py-1] [WARN] [1784052743.121093016] [cmd_vel_chassis_serial]: Drop leg debug: len=80 expected=84
[cmd_vel_chassis_serial.py-1] [ERROR] [1784052743.136854684] [cmd_vel_chassis_serial]: Serial write failed: Write timeout
[cmd_vel_chassis_serial.py-1] [WARN] [1784052743.183669785] [cmd_vel_chassis_serial]: Drop leg debug: len=80 expected=84
[cmd_vel_chassis_serial.py-1] [WARN] [1784052743.206192755] [cmd_vel_chassis_serial]: Drop leg debug: len=80 expected=84
[cmd_vel_chassis_serial.py-1] [WARN] [1784052743.337192863] [cmd_vel_chassis_serial]: Drop leg debug: len=80 expected=84
[cmd_vel_chassis_serial.py-1] [WARN] [1784052743.434722904] [cmd_vel_chassis_serial]: Drop leg debug: len=80 expected=84
[cmd_vel_chassis_serial.py-1] [WARN] [1784052743.607510789] [cmd_vel_chassis_serial]: Drop leg debug: len=80 expected=84
[cmd_vel_chassis_serial.py-1] [WARN] [1784052743.716439408] [cmd_vel_chassis_serial]: Drop leg debug: len=80 expected=84
[cmd_vel_chassis_serial.py-1] [ERROR] [1784052743.717153505] [cmd_vel_chassis_serial]: Serial write failed: Write timeout
[cmd_vel_chassis_serial.py-1] [WARN] [1784052743.816779311] [cmd_vel_chassis_serial]: Drop leg debug: len=80 expected=84
[cmd_vel_chassis_serial.py-1] [WARN] [1784052743.880103155] [cmd_vel_chassis_serial]: Drop leg debug: len=80 expected=84
[cmd_vel_chassis_serial.py-1] [WARN] [1784052743.957229717] [cmd_vel_chassis_serial]: Drop leg debug: len=80 expected=84
[cmd_vel_chassis_serial.py-1] [WARN] [1784052744.060537544] [cmd_vel_chassis_serial]: Drop leg debug: len=80 expected=84
[cmd_vel_chassis_serial.py-1] [ERROR] [1784052744.113745720] [cmd_vel_chassis_serial]: Serial write failed: Write timeout
[cmd_vel_chassis_serial.py-1] [WARN] [1784052744.179062272] [cmd_vel_chassis_serial]: Drop leg debug: len=80 expected=84
[cmd_vel_chassis_serial.py-1] [WARN] [1784052744.190025017] [cmd_vel_chassis_serial]: Drop leg debug: len=80 expected=84
[cmd_vel_chassis_serial.py-1] [WARN] [1784052744.203062106] [cmd_vel_chassis_serial]: Drop leg debug: len=80 expected=84
[cmd_vel_chassis_serial.py-1] [WARN] [1784052744.382386439] [cmd_vel_chassis_serial]: Drop leg debug: len=80 expected=84
[cmd_vel_chassis_serial.py-1] [ERROR] [1784052744.472864047] [cmd_vel_chassis_serial]: Serial write failed: Write timeout
[cmd_vel_chassis_serial.py-1] [WARN] [1784052744.603312801] [cmd_vel_chassis_serial]: Drop leg debug: len=80 expected=84
[cmd_vel_chassis_serial.py-1] [WARN] [1784052744.766791514] [cmd_vel_chassis_serial]: Drop leg debug: len=80 expected=84
[cmd_vel_chassis_serial.py-1] [ERROR] [1784052744.769014208] [cmd_vel_chassis_serial]: Serial write failed: Write timeout
[cmd_vel_chassis_serial.py-1] [WARN] [1784052744.807795585] [cmd_vel_chassis_serial]: Drop leg debug: len=80 expected=84
[cmd_vel_chassis_serial.py-1] [WARN] [1784052744.895509975] [cmd_vel_chassis_serial]: Drop leg debug: len=80 expected=84
[cmd_vel_chassis_serial.py-1] [ERROR] [1784052744.951419769] [cmd_vel_chassis_serial]: Serial write failed: Write timeout
[cmd_vel_chassis_serial.py-1] [WARN] [1784052744.978894913] [cmd_vel_chassis_serial]: Drop leg debug: len=80 expected=84
[cmd_vel_chassis_serial.py-1] [WARN] [1784052745.016005962] [cmd_vel_chassis_serial]: Drop leg debug: len=80 expected=84
[cmd_vel_chassis_serial.py-1] [WARN] [1784052745.094222223] [cmd_vel_chassis_serial]: Drop leg debug: len=80 expected=84
[cmd_vel_chassis_serial.py-1] [ERROR] [1784052745.096229510] [cmd_vel_chassis_serial]: Serial write failed: Write timeout
[cmd_vel_chassis_serial.py-1] [WARN] [1784052745.116533235] [cmd_vel_chassis_serial]: Drop leg debug: len=80 expected=84
[cmd_vel_chassis_serial.py-1] [WARN] [1784052745.158328080] [cmd_vel_chassis_serial]: Drop leg debug: len=80 expected=84
[cmd_vel_chassis_serial.py-1] [WARN] [1784052745.202070461] [cmd_vel_chassis_serial]: Drop leg debug: len=80 expected=84
[cmd_vel_chassis_serial.py-1] [WARN] [1784052745.260670513] [cmd_vel_chassis_serial]: Drop leg debug: len=80 expected=84
[cmd_vel_chassis_serial.py-1] [WARN] [1784052745.275198809] [cmd_vel_chassis_serial]: Drop leg debug: len=80 expected=84
[cmd_vel_chassis_serial.py-1] [WARN] [1784052745.320879701] [cmd_vel_chassis_serial]: Drop leg debug: len=80 expected=84
[cmd_vel_chassis_serial.py-1] [WARN] [1784052745.355179792] [cmd_vel_chassis_serial]: Drop leg debug: len=80 expected=84
[cmd_vel_chassis_serial.py-1] [WARN] [1784052745.381430337] [cmd_vel_chassis_serial]: Drop leg debug: len=80 expected=84
[cmd_vel_chassis_serial.py-1] [WARN] [1784052745.404777021] [cmd_vel_chassis_serial]: Drop leg debug: len=80 expected=84
[cmd_vel_chassis_serial.py-1] [WARN] [1784052745.409384690] [cmd_vel_chassis_serial]: Drop leg debug: len=80 expected=84
[cmd_vel_chassis_serial.py-1] [WARN] [1784052745.447078260] [cmd_vel_chassis_serial]: Drop leg debug: len=80 expected=84
[cmd_vel_chassis_serial.py-1] [WARN] [1784052745.464058889] [cmd_vel_chassis_serial]: Drop leg debug: len=80 expected=84
[cmd_vel_chassis_serial.py-1] [WARN] [1784052745.471909048] [cmd_vel_chassis_serial]: Drop leg debug: len=80 expected=84
[cmd_vel_chassis_serial.py-1] [WARN] [1784052745.491714024] [cmd_vel_chassis_serial]: Drop leg debug: len=80 expected=84
[cmd_vel_chassis_serial.py-1] [WARN] [1784052745.518434986] [cmd_vel_chassis_serial]: Drop leg debug: len=80 expected=84
[cmd_vel_chassis_serial.py-1] [WARN] [1784052745.573206592] [cmd_vel_chassis_serial]: Drop leg debug: len=80 expected=84
[cmd_vel_chassis_serial.py-1] [WARN] [1784052745.602410957] [cmd_vel_chassis_serial]: Drop leg debug: len=80 expected=84
[cmd_vel_chassis_serial.py-1] [WARN] [1784052745.634384586] [cmd_vel_chassis_serial]: Drop leg debug: len=80 expected=84
[cmd_vel_chassis_serial.py-1] [WARN] [1784052745.643562759] [cmd_vel_chassis_serial]: Drop leg debug: len=80 expected=84
[cmd_vel_chassis_serial.py-1] [WARN] [1784052745.657938902] [cmd_vel_chassis_serial]: Drop leg debug: len=80 expected=84
[cmd_vel_chassis_serial.py-1] [WARN] [1784052745.691647780] [cmd_vel_chassis_serial]: Drop leg debug: len=80 expected=84
[cmd_vel_chassis_serial.py-1] [WARN] [1784052745.723788407] [cmd_vel_chassis_serial]: Drop leg debug: len=80 expected=84
[cmd_vel_chassis_serial.py-1] [WARN] [1784052745.765939460] [cmd_vel_chassis_serial]: Drop leg debug: len=80 expected=84
[cmd_vel_chassis_serial.py-1] [WARN] [1784052745.805195424] [cmd_vel_chassis_serial]: Drop leg debug: len=80 expected=84
[cmd_vel_chassis_serial.py-1] [WARN] [1784052745.840303323] [cmd_vel_chassis_serial]: Drop leg debug: len=80 expected=84
[cmd_vel_chassis_serial.py-1] [WARN] [1784052745.854603143] [cmd_vel_chassis_serial]: Drop leg debug: len=80 expected=84
[cmd_vel_chassis_serial.py-1] [WARN] [1784052745.870402451] [cmd_vel_chassis_serial]: Drop leg debug: len=80 expected=84
[cmd_vel_chassis_serial.py-1] [WARN] [1784052745.902494573] [cmd_vel_chassis_serial]: Drop leg debug: len=80 expected=84
[cmd_vel_chassis_serial.py-1] [WARN] [1784052745.940939861] [cmd_vel_chassis_serial]: Drop leg debug: len=80 expected=84
[cmd_vel_chassis_serial.py-1] [WARN] [1784052745.968473959] [cmd_vel_chassis_serial]: Drop leg debug: len=80 expected=84
[cmd_vel_chassis_serial.py-1] [WARN] [1784052745.994895618] [cmd_vel_chassis_serial]: Drop leg debug: len=80 expected=84
[cmd_vel_chassis_serial.py-1] [WARN] [1784052746.009115574] [cmd_vel_chassis_serial]: Drop leg debug: len=80 expected=84
[cmd_vel_chassis_serial.py-1] [WARN] [1784052746.036061876] [cmd_vel_chassis_serial]: Drop leg debug: len=80 expected=84
[cmd_vel_chassis_serial.py-1] [WARN] [1784052746.052714100] [cmd_vel_chassis_serial]: Drop leg debug: len=80 expected=84
[cmd_vel_chassis_serial.py-1] [WARN] [1784052746.088349136] [cmd_vel_chassis_serial]: Drop leg debug: len=80 expected=84
[cmd_vel_chassis_serial.py-1] [WARN] [1784052746.127710122] [cmd_vel_chassis_serial]: Drop leg debug: len=80 expected=84
[cmd_vel_chassis_serial.py-1] [WARN] [1784052746.168149466] [cmd_vel_chassis_serial]: Drop leg debug: len=80 expected=84
[cmd_vel_chassis_serial.py-1] [WARN] [1784052746.207002162] [cmd_vel_chassis_serial]: Drop leg debug: len=80 expected=84
[cmd_vel_chassis_serial.py-1] [WARN] [1784052746.235468545] [cmd_vel_chassis_serial]: Drop leg debug: len=80 expected=84
[cmd_vel_chassis_serial.py-1] [WARN] [1784052746.260888934] [cmd_vel_chassis_serial]: Drop leg debug: len=80 expected=84
[cmd_vel_chassis_serial.py-1] [WARN] [1784052746.299694541] [cmd_vel_chassis_serial]: Drop leg debug: len=80 expected=84
[cmd_vel_chassis_serial.py-1] [WARN] [1784052746.325403107] [cmd_vel_chassis_serial]: Drop leg debug: len=80 expected=84
[cmd_vel_chassis_serial.py-1] [WARN] [1784052746.360959601] [cmd_vel_chassis_serial]: Drop leg debug: len=80 expected=84
[cmd_vel_chassis_serial.py-1] [WARN] [1784052746.372894041] [cmd_vel_chassis_serial]: Drop leg debug: len=80 expected=84
[cmd_vel_chassis_serial.py-1] [WARN] [1784052746.386742271] [cmd_vel_chassis_serial]: Drop leg debug: len=80 expected=84
[cmd_vel_chassis_serial.py-1] [WARN] [1784052746.395114386] [cmd_vel_chassis_serial]: Drop leg debug: len=80 expected=84
[cmd_vel_chassis_serial.py-1] [WARN] [1784052746.408261060] [cmd_vel_chassis_serial]: Drop leg debug: len=80 expected=84
[cmd_vel_chassis_serial.py-1] [WARN] [1784052746.425666862] [cmd_vel_chassis_serial]: Drop leg debug: len=80 expected=84
[cmd_vel_chassis_serial.py-1] [WARN] [1784052746.435329226] [cmd_vel_chassis_serial]: Drop leg debug: len=80 expected=84
[cmd_vel_chassis_serial.py-1] [WARN] [1784052746.451100679] [cmd_vel_chassis_serial]: Drop leg debug: len=80 expected=84
[cmd_vel_chassis_serial.py-1] [WARN] [1784052746.473061935] [cmd_vel_chassis_serial]: Drop leg debug: len=80 expected=84
[cmd_vel_chassis_serial.py-1] [WARN] [1784052746.512281304] [cmd_vel_chassis_serial]: Drop leg debug: len=80 expected=84
[cmd_vel_chassis_serial.py-1] [WARN] [1784052746.531418142] [cmd_vel_chassis_serial]: Drop leg debug: len=80 expected=84
[cmd_vel_chassis_serial.py-1] [WARN] [1784052746.556391516] [cmd_vel_chassis_serial]: Drop leg debug: len=80 expected=84
[cmd_vel_chassis_serial.py-1] [WARN] [1784052746.564717970] [cmd_vel_chassis_serial]: Drop leg debug: len=80 expected=84
[cmd_vel_chassis_serial.py-1] [WARN] [1784052746.588845734] [cmd_vel_chassis_serial]: Drop leg debug: len=80 expected=84
[cmd_vel_chassis_serial.py-1] [WARN] [1784052746.608327464] [cmd_vel_chassis_serial]: Drop leg debug: len=80 expected=84
[cmd_vel_chassis_serial.py-1] [WARN] [1784052746.615559803] [cmd_vel_chassis_serial]: Drop leg debug: len=80 expected=84
[cmd_vel_chassis_serial.py-1] [WARN] [1784052746.643500220] [cmd_vel_chassis_serial]: Drop leg debug: len=80 expected=84
[cmd_vel_chassis_serial.py-1] [WARN] [1784052746.662765775] [cmd_vel_chassis_serial]: Drop leg debug: len=80 expected=84
[cmd_vel_chassis_serial.py-1] [WARN] [1784052746.692530855] [cmd_vel_chassis_serial]: Drop leg debug: len=80 expected=84
[cmd_vel_chassis_serial.py-1] [WARN] [1784052746.729373505] [cmd_vel_chassis_serial]: Drop leg debug: len=80 expected=84
[cmd_vel_chassis_serial.py-1] [WARN] [1784052746.749807288] [cmd_vel_chassis_serial]: Drop leg debug: len=80 expected=84
[cmd_vel_chassis_serial.py-1] [WARN] [1784052746.768700110] [cmd_vel_chassis_serial]: Drop leg debug: len=80 expected=84
[cmd_vel_chassis_serial.py-1] [WARN] [1784052746.784483131] [cmd_vel_chassis_serial]: Drop leg debug: len=80 expected=84
[cmd_vel_chassis_serial.py-1] [WARN] [1784052746.797222571] [cmd_vel_chassis_serial]: Drop leg debug: len=80 expected=84
[cmd_vel_chassis_serial.py-1] [WARN] [1784052746.805820450] [cmd_vel_chassis_serial]: Drop leg debug: len=80 expected=84
[cmd_vel_chassis_serial.py-1] [WARN] [1784052746.820393805] [cmd_vel_chassis_serial]: Drop leg debug: len=80 expected=84
[cmd_vel_chassis_serial.py-1] [WARN] [1784052746.851701167] [cmd_vel_chassis_serial]: Drop leg debug: len=80 expected=84
[cmd_vel_chassis_serial.py-1] [WARN] [1784052746.887872850] [cmd_vel_chassis_serial]: Drop leg debug: len=80 expected=84
[cmd_vel_chassis_serial.py-1] [WARN] [1784052746.932457630] [cmd_vel_chassis_serial]: Drop leg debug: len=80 expected=84
[cmd_vel_chassis_serial.py-1] [WARN] [1784052746.964410614] [cmd_vel_chassis_serial]: Drop leg debug: len=80 expected=84
[cmd_vel_chassis_serial.py-1] [WARN] [1784052747.000676656] [cmd_vel_chassis_serial]: Drop leg debug: len=80 expected=84
[cmd_vel_chassis_serial.py-1] [WARN] [1784052747.021802777] [cmd_vel_chassis_serial]: Drop leg debug: len=80 expected=84
[cmd_vel_chassis_serial.py-1] [WARN] [1784052747.035055100] [cmd_vel_chassis_serial]: Drop leg debug: len=80 expected=84
[cmd_vel_chassis_serial.py-1] [WARN] [1784052747.074067517] [cmd_vel_chassis_serial]: Drop leg debug: len=80 expected=84
[cmd_vel_chassis_serial.py-1] [WARN] [1784052747.090798449] [cmd_vel_chassis_serial]: Drop leg debug: len=80 expected=84
[cmd_vel_chassis_serial.py-1] [WARN] [1784052747.116724639] [cmd_vel_chassis_serial]: Drop leg debug: len=80 expected=84
[cmd_vel_chassis_serial.py-1] [WARN] [1784052747.134312569] [cmd_vel_chassis_serial]: Drop leg debug: len=80 expected=84
[cmd_vel_chassis_serial.py-1] [WARN] [1784052747.147520899] [cmd_vel_chassis_serial]: Drop leg debug: len=80 expected=84
[cmd_vel_chassis_serial.py-1] [WARN] [1784052747.163265265] [cmd_vel_chassis_serial]: Drop leg debug: len=80 expected=84
[cmd_vel_chassis_serial.py-1] [WARN] [1784052747.188442762] [cmd_vel_chassis_serial]: Drop leg debug: len=80 expected=84
[cmd_vel_chassis_serial.py-1] [WARN] [1784052747.201118741] [cmd_vel_chassis_serial]: Drop leg debug: len=80 expected=84
[cmd_vel_chassis_serial.py-1] [WARN] [1784052747.219829142] [cmd_vel_chassis_serial]: Drop leg debug: len=80 expected=84
[cmd_vel_chassis_serial.py-1] [WARN] [1784052747.235990078] [cmd_vel_chassis_serial]: Drop leg debug: len=80 expected=84
[cmd_vel_chassis_serial.py-1] [WARN] [1784052747.258193668] [cmd_vel_chassis_serial]: Drop leg debug: len=80 expected=84
[cmd_vel_chassis_serial.py-1] [WARN] [1784052747.265405138] [cmd_vel_chassis_serial]: Drop leg debug: len=80 expected=84
[cmd_vel_chassis_serial.py-1] [WARN] [1784052747.347210354] [cmd_vel_chassis_serial]: Drop leg debug: len=80 expected=84
[cmd_vel_chassis_serial.py-1] [WARN] [1784052747.374477627] [cmd_vel_chassis_serial]: Drop leg debug: len=80 expected=84
[cmd_vel_chassis_serial.py-1] [WARN] [1784052747.391288362] [cmd_vel_chassis_serial]: Drop leg debug: len=80 expected=84
[cmd_vel_chassis_serial.py-1] [WARN] [1784052747.434712263] [cmd_vel_chassis_serial]: Drop leg debug: len=80 expected=84
[cmd_vel_chassis_serial.py-1] [WARN] [1784052747.451454416] [cmd_vel_chassis_serial]: Drop leg debug: len=80 expected=84
[cmd_vel_chassis_serial.py-1] [WARN] [1784052747.506964140] [cmd_vel_chassis_serial]: Drop leg debug: len=80 expected=84
[cmd_vel_chassis_serial.py-1] [WARN] [1784052747.548673590] [cmd_vel_chassis_serial]: Drop leg debug: len=80 expected=84
[cmd_vel_chassis_serial.py-1] [WARN] [1784052747.594867343] [cmd_vel_chassis_serial]: Drop leg debug: len=80 expected=84
[cmd_vel_chassis_serial.py-1] [WARN] [1784052747.624991663] [cmd_vel_chassis_serial]: Drop leg debug: len=80 expected=84
[cmd_vel_chassis_serial.py-1] [WARN] [1784052747.654687197] [cmd_vel_chassis_serial]: Drop leg debug: len=80 expected=84
[cmd_vel_chassis_serial.py-1] [WARN] [1784052747.693449381] [cmd_vel_chassis_serial]: Drop leg debug: len=80 expected=84
[cmd_vel_chassis_serial.py-1] [ERROR] [1784052747.702865075] [cmd_vel_chassis_serial]: Serial write failed: Write timeout
[cmd_vel_chassis_serial.py-1] [WARN] [1784052747.712787439] [cmd_vel_chassis_serial]: Drop leg debug: len=80 expected=84
[cmd_vel_chassis_serial.py-1] [ERROR] [1784052747.755770421] [cmd_vel_chassis_serial]: Serial write failed: Write timeout
[cmd_vel_chassis_serial.py-1] [WARN] [1784052747.769646358] [cmd_vel_chassis_serial]: Drop leg debug: len=80 expected=84
[cmd_vel_chassis_serial.py-1] [WARN] [1784052747.784032061] [cmd_vel_chassis_serial]: Drop leg debug: len=80 expected=84
[cmd_vel_chassis_serial.py-1] [WARN] [1784052747.815986097] [cmd_vel_chassis_serial]: Drop leg debug: len=80 expected=84
[cmd_vel_chassis_serial.py-1] [WARN] [1784052747.888363858] [cmd_vel_chassis_serial]: Drop leg debug: len=80 expected=84
[cmd_vel_chassis_serial.py-1] [WARN] [1784052747.948308912] [cmd_vel_chassis_serial]: Drop leg debug: len=80 expected=84
[cmd_vel_chassis_serial.py-1] [ERROR] [1784052747.971949311] [cmd_vel_chassis_serial]: Serial write failed: Write timeout
[cmd_vel_chassis_serial.py-1] [WARN] [1784052747.981702002] [cmd_vel_chassis_serial]: Drop leg debug: len=80 expected=84
[cmd_vel_chassis_serial.py-1] [WARN] [1784052748.009306593] [cmd_vel_chassis_serial]: Drop leg debug: len=80 expected=84
[cmd_vel_chassis_serial.py-1] [WARN] [1784052748.039921654] [cmd_vel_chassis_serial]: Drop leg debug: len=80 expected=84
[cmd_vel_chassis_serial.py-1] [ERROR] [1784052748.058463387] [cmd_vel_chassis_serial]: Serial write failed: Write timeout
[cmd_vel_chassis_serial.py-1] [WARN] [1784052748.091226426] [cmd_vel_chassis_serial]: Drop leg debug: len=80 expected=84
[cmd_vel_chassis_serial.py-1] [WARN] [1784052748.123129743] [cmd_vel_chassis_serial]: Drop leg debug: len=80 expected=84
[cmd_vel_chassis_serial.py-1] [WARN] [1784052748.201361933] [cmd_vel_chassis_serial]: Drop leg debug: len=80 expected=84
[cmd_vel_chassis_serial.py-1] [WARN] [1784052748.261859417] [cmd_vel_chassis_serial]: Drop leg debug: len=80 expected=84
[cmd_vel_chassis_serial.py-1] [WARN] [1784052748.336899064] [cmd_vel_chassis_serial]: Drop leg debug: len=80 expected=84
[cmd_vel_chassis_serial.py-1] [WARN] [1784052748.379393803] [cmd_vel_chassis_serial]: Drop leg debug: len=80 expected=84
[cmd_vel_chassis_serial.py-1] [WARN] [1784052748.458985147] [cmd_vel_chassis_serial]: Drop leg debug: len=80 expected=84
[cmd_vel_chassis_serial.py-1] [WARN] [1784052748.496940430] [cmd_vel_chassis_serial]: Drop leg debug: len=80 expected=84
[cmd_vel_chassis_serial.py-1] [ERROR] [1784052748.520019867] [cmd_vel_chassis_serial]: Serial write failed: Write timeout
[cmd_vel_chassis_serial.py-1] [WARN] [1784052748.564466701] [cmd_vel_chassis_serial]: Drop leg debug: len=80 expected=84
[cmd_vel_chassis_serial.py-1] [WARN] [1784052748.726487811] [cmd_vel_chassis_serial]: Drop leg debug: len=80 expected=84
[cmd_vel_chassis_serial.py-1] [ERROR] [1784052748.805730735] [cmd_vel_chassis_serial]: Serial write failed: Write timeout
[cmd_vel_chassis_serial.py-1] [WARN] [1784052748.878961176] [cmd_vel_chassis_serial]: Drop leg debug: len=80 expected=84
[cmd_vel_chassis_serial.py-1] [WARN] [1784052749.004479881] [cmd_vel_chassis_serial]: Drop leg debug: len=80 expected=84
[cmd_vel_chassis_serial.py-1] [ERROR] [1784052749.034784175] [cmd_vel_chassis_serial]: Serial write failed: Write timeout
[cmd_vel_chassis_serial.py-1] [WARN] [1784052749.074165605] [cmd_vel_chassis_serial]: Drop leg debug: len=80 expected=84
[cmd_vel_chassis_serial.py-1] [WARN] [1784052749.095791669] [cmd_vel_chassis_serial]: Drop leg debug: len=80 expected=84
[cmd_vel_chassis_serial.py-1] [WARN] [1784052749.215596025] [cmd_vel_chassis_serial]: Drop leg debug: len=80 expected=84
[cmd_vel_chassis_serial.py-1] [WARN] [1784052749.302675279] [cmd_vel_chassis_serial]: Drop leg debug: len=80 expected=84
[cmd_vel_chassis_serial.py-1] [ERROR] [1784052749.303885281] [cmd_vel_chassis_serial]: Serial write failed: Write timeout
[cmd_vel_chassis_serial.py-1] [WARN] [1784052749.327085078] [cmd_vel_chassis_serial]: Drop leg debug: len=80 expected=84
[cmd_vel_chassis_serial.py-1] [WARN] [1784052749.339110884] [cmd_vel_chassis_serial]: Drop leg debug: len=80 expected=84
[cmd_vel_chassis_serial.py-1] [WARN] [1784052749.342961385] [cmd_vel_chassis_serial]: Drop leg debug: len=80 expected=84
[cmd_vel_chassis_serial.py-1] [WARN] [1784052749.346258210] [cmd_vel_chassis_serial]: Drop leg debug: len=80 expected=84
[cmd_vel_chassis_serial.py-1] [WARN] [1784052749.351225337] [cmd_vel_chassis_serial]: Drop leg debug: len=80 expected=84
[cmd_vel_chassis_serial.py-1] [WARN] [1784052749.359242248] [cmd_vel_chassis_serial]: Drop leg debug: len=80 expected=84
[cmd_vel_chassis_serial.py-1] [WARN] [1784052749.365877480] [cmd_vel_chassis_serial]: Drop leg debug: len=80 expected=84
[cmd_vel_chassis_serial.py-1] [WARN] [1784052749.369244304] [cmd_vel_chassis_serial]: Drop leg debug: len=80 expected=84
[cmd_vel_chassis_serial.py-1] [WARN] [1784052749.377733528] [cmd_vel_chassis_serial]: Drop leg debug: len=80 expected=84
[cmd_vel_chassis_serial.py-1] [WARN] [1784052749.382851584] [cmd_vel_chassis_serial]: Drop leg debug: len=80 expected=84
[cmd_vel_chassis_serial.py-1] [WARN] [1784052749.389941248] [cmd_vel_chassis_serial]: Drop leg debug: len=80 expected=84
[cmd_vel_chassis_serial.py-1] [WARN] [1784052749.412549965] [cmd_vel_chassis_serial]: Drop leg debug: len=80 expected=84
[cmd_vel_chassis_serial.py-1] [WARN] [1784052749.422770393] [cmd_vel_chassis_serial]: Drop leg debug: len=80 expected=84
[cmd_vel_chassis_serial.py-1] [WARN] [1784052749.429209130] [cmd_vel_chassis_serial]: Drop leg debug: len=80 expected=84
[cmd_vel_chassis_serial.py-1] [WARN] [1784052749.446649702] [cmd_vel_chassis_serial]: Drop leg debug: len=80 expected=84
[cmd_vel_chassis_serial.py-1] [WARN] [1784052749.452763624] [cmd_vel_chassis_serial]: Drop leg debug: len=80 expected=84
[cmd_vel_chassis_serial.py-1] [WARN] [1784052749.492230977] [cmd_vel_chassis_serial]: Drop leg debug: len=80 expected=84
[cmd_vel_chassis_serial.py-1] [WARN] [1784052749.510935217] [cmd_vel_chassis_serial]: Drop leg debug: len=80 expected=84
[cmd_vel_chassis_serial.py-1] [WARN] [1784052749.514851083] [cmd_vel_chassis_serial]: Drop leg debug: len=80 expected=84
[cmd_vel_chassis_serial.py-1] [WARN] [1784052749.551177376] [cmd_vel_chassis_serial]: Drop leg debug: len=80 expected=84
[cmd_vel_chassis_serial.py-1] [WARN] [1784052749.595063366] [cmd_vel_chassis_serial]: Drop leg debug: len=80 expected=84
[cmd_vel_chassis_serial.py-1] [WARN] [1784052749.645574159] [cmd_vel_chassis_serial]: Drop leg debug: len=80 expected=84
[cmd_vel_chassis_serial.py-1] [ERROR] [1784052749.664082707] [cmd_vel_chassis_serial]: Serial write failed: Write timeout
[cmd_vel_chassis_serial.py-1] [WARN] [1784052749.674148593] [cmd_vel_chassis_serial]: Drop leg debug: len=80 expected=84
[cmd_vel_chassis_serial.py-1] [WARN] [1784052749.692929599] [cmd_vel_chassis_serial]: Drop leg debug: len=80 expected=84
[cmd_vel_chassis_serial.py-1] [WARN] [1784052749.763569572] [cmd_vel_chassis_serial]: Drop leg debug: len=80 expected=84
[cmd_vel_chassis_serial.py-1] [WARN] [1784052749.794596879] [cmd_vel_chassis_serial]: Drop leg debug: len=80 expected=84
[cmd_vel_chassis_serial.py-1] [ERROR] [1784052749.850791331] [cmd_vel_chassis_serial]: Serial write failed: Write timeout
[cmd_vel_chassis_serial.py-1] [WARN] [1784052749.871908962] [cmd_vel_chassis_serial]: Drop leg debug: len=80 expected=84
[cmd_vel_chassis_serial.py-1] [WARN] [1784052749.928300905] [cmd_vel_chassis_serial]: Drop leg debug: len=80 expected=84
[cmd_vel_chassis_serial.py-1] [WARN] [1784052749.954115557] [cmd_vel_chassis_serial]: Drop leg debug: len=80 expected=84
[cmd_vel_chassis_serial.py-1] [WARN] [1784052749.985238807] [cmd_vel_chassis_serial]: Drop leg debug: len=80 expected=84
[cmd_vel_chassis_serial.py-1] [ERROR] [1784052750.000336298] [cmd_vel_chassis_serial]: Serial write failed: Write timeout
[cmd_vel_chassis_serial.py-1] [WARN] [1784052750.039305977] [cmd_vel_chassis_serial]: Drop leg debug: len=80 expected=84
[cmd_vel_chassis_serial.py-1] [WARN] [1784052750.099192288] [cmd_vel_chassis_serial]: Drop leg debug: len=80 expected=84
[cmd_vel_chassis_serial.py-1] [ERROR] [1784052750.102106840] [cmd_vel_chassis_serial]: Serial write failed: Write timeout
[cmd_vel_chassis_serial.py-1] [WARN] [1784052750.150557107] [cmd_vel_chassis_serial]: Drop leg debug: len=80 expected=84
[cmd_vel_chassis_serial.py-1] [WARN] [1784052750.208973668] [cmd_vel_chassis_serial]: Drop leg debug: len=80 expected=84
[cmd_vel_chassis_serial.py-1] [WARN] [1784052750.237221495] [cmd_vel_chassis_serial]: Drop leg debug: len=80 expected=84
[cmd_vel_chassis_serial.py-1] [ERROR] [1784052750.317748129] [cmd_vel_chassis_serial]: Serial write failed: Write timeout
[cmd_vel_chassis_serial.py-1] [WARN] [1784052750.366863556] [cmd_vel_chassis_serial]: Drop leg debug: len=80 expected=84
[cmd_vel_chassis_serial.py-1] [WARN] [1784052750.397525446] [cmd_vel_chassis_serial]: Drop leg debug: len=80 expected=84
[cmd_vel_chassis_serial.py-1] [WARN] [1784052750.428208433] [cmd_vel_chassis_serial]: Drop leg debug: len=80 expected=84
[cmd_vel_chassis_serial.py-1] [WARN] [1784052750.460315316] [cmd_vel_chassis_serial]: Drop leg debug: len=80 expected=84
[cmd_vel_chassis_serial.py-1] [WARN] [1784052750.481722489] [cmd_vel_chassis_serial]: Drop leg debug: len=80 expected=84
[cmd_vel_chassis_serial.py-1] [WARN] [1784052750.518327451] [cmd_vel_chassis_serial]: Drop leg debug: len=80 expected=84
[cmd_vel_chassis_serial.py-1] [WARN] [1784052750.556414956] [cmd_vel_chassis_serial]: Drop leg debug: len=80 expected=84
[cmd_vel_chassis_serial.py-1] [WARN] [1784052750.581594062] [cmd_vel_chassis_serial]: Drop leg debug: len=80 expected=84
[cmd_vel_chassis_serial.py-1] [WARN] [1784052750.637355580] [cmd_vel_chassis_serial]: Drop leg debug: len=80 expected=84
[cmd_vel_chassis_serial.py-1] [WARN] [1784052750.663862304] [cmd_vel_chassis_serial]: Drop leg debug: len=80 expected=84
[cmd_vel_chassis_serial.py-1] [WARN] [1784052750.699502420] [cmd_vel_chassis_serial]: Drop leg debug: len=80 expected=84
[cmd_vel_chassis_serial.py-1] [WARN] [1784052750.736010131] [cmd_vel_chassis_serial]: Drop leg debug: len=80 expected=84
[cmd_vel_chassis_serial.py-1] [WARN] [1784052750.767828044] [cmd_vel_chassis_serial]: Drop leg debug: len=80 expected=84
[cmd_vel_chassis_serial.py-1] [WARN] [1784052750.819098828] [cmd_vel_chassis_serial]: Drop leg debug: len=80 expected=84
[cmd_vel_chassis_serial.py-1] [WARN] [1784052750.920203635] [cmd_vel_chassis_serial]: Drop leg debug: len=80 expected=84
[cmd_vel_chassis_serial.py-1] [ERROR] [1784052750.987224371] [cmd_vel_chassis_serial]: Serial write failed: Write timeout
[cmd_vel_chassis_serial.py-1] [WARN] [1784052750.989069242] [cmd_vel_chassis_serial]: Drop leg debug: len=80 expected=84
[cmd_vel_chassis_serial.py-1] [WARN] [1784052751.076799340] [cmd_vel_chassis_serial]: Drop leg debug: len=80 expected=84
[cmd_vel_chassis_serial.py-1] [WARN] [1784052751.151499452] [cmd_vel_chassis_serial]: Drop leg debug: len=80 expected=84
[cmd_vel_chassis_serial.py-1] [WARN] [1784052751.181488007] [cmd_vel_chassis_serial]: Drop leg debug: len=80 expected=84
[cmd_vel_chassis_serial.py-1] [WARN] [1784052751.273335504] [cmd_vel_chassis_serial]: Drop leg debug: len=80 expected=84
[cmd_vel_chassis_serial.py-1] [WARN] [1784052751.356595797] [cmd_vel_chassis_serial]: Drop leg debug: len=80 expected=84
[cmd_vel_chassis_serial.py-1] [ERROR] [1784052751.463213614] [cmd_vel_chassis_serial]: Serial write failed: Write timeout
[cmd_vel_chassis_serial.py-1] [WARN] [1784052751.502729138] [cmd_vel_chassis_serial]: Drop leg debug: len=80 expected=84
[cmd_vel_chassis_serial.py-1] [WARN] [1784052751.545220763] [cmd_vel_chassis_serial]: Drop leg debug: len=80 expected=84
[cmd_vel_chassis_serial.py-1] [WARN] [1784052751.662893285] [cmd_vel_chassis_serial]: Drop leg debug: len=80 expected=84
[cmd_vel_chassis_serial.py-1] [ERROR] [1784052751.711273476] [cmd_vel_chassis_serial]: Serial write failed: Write timeout
[cmd_vel_chassis_serial.py-1] [WARN] [1784052751.722457293] [cmd_vel_chassis_serial]: Drop leg debug: len=80 expected=84
[cmd_vel_chassis_serial.py-1] [WARN] [1784052751.756485342] [cmd_vel_chassis_serial]: Drop leg debug: len=80 expected=84
[cmd_vel_chassis_serial.py-1] [WARN] [1784052751.814918191] [cmd_vel_chassis_serial]: Drop leg debug: len=80 expected=84
[cmd_vel_chassis_serial.py-1] [WARN] [1784052751.864863643] [cmd_vel_chassis_serial]: Drop leg debug: len=80 expected=84
[cmd_vel_chassis_serial.py-1] [WARN] [1784052751.881732175] [cmd_vel_chassis_serial]: Drop leg debug: len=80 expected=84
[cmd_vel_chassis_serial.py-1] [WARN] [1784052751.929438626] [cmd_vel_chassis_serial]: Drop leg debug: len=80 expected=84
[cmd_vel_chassis_serial.py-1] [WARN] [1784052751.944666641] [cmd_vel_chassis_serial]: Drop leg debug: len=80 expected=84
[cmd_vel_chassis_serial.py-1] [WARN] [1784052751.976845835] [cmd_vel_chassis_serial]: Drop leg debug: len=80 expected=84
[cmd_vel_chassis_serial.py-1] [WARN] [1784052752.001585807] [cmd_vel_chassis_serial]: Drop leg debug: len=80 expected=84
[cmd_vel_chassis_serial.py-1] [WARN] [1784052752.027333090] [cmd_vel_chassis_serial]: Drop leg debug: len=80 expected=84
[cmd_vel_chassis_serial.py-1] [WARN] [1784052752.051844330] [cmd_vel_chassis_serial]: Drop leg debug: len=80 expected=84
[cmd_vel_chassis_serial.py-1] [WARN] [1784052752.069389779] [cmd_vel_chassis_serial]: Drop leg debug: len=80 expected=84
[cmd_vel_chassis_serial.py-1] [WARN] [1784052752.079399955] [cmd_vel_chassis_serial]: Drop leg debug: len=80 expected=84
[cmd_vel_chassis_serial.py-1] [WARN] [1784052752.097559044] [cmd_vel_chassis_serial]: Drop leg debug: len=80 expected=84
[cmd_vel_chassis_serial.py-1] [WARN] [1784052752.108745932] [cmd_vel_chassis_serial]: Drop leg debug: len=80 expected=84
[cmd_vel_chassis_serial.py-1] [WARN] [1784052752.113917388] [cmd_vel_chassis_serial]: Drop leg debug: len=80 expected=84
[cmd_vel_chassis_serial.py-1] [WARN] [1784052752.158330692] [cmd_vel_chassis_serial]: Drop leg debug: len=80 expected=84
[cmd_vel_chassis_serial.py-1] [WARN] [1784052752.213640092] [cmd_vel_chassis_serial]: Drop leg debug: len=80 expected=84
[cmd_vel_chassis_serial.py-1] [WARN] [1784052752.231962890] [cmd_vel_chassis_serial]: Drop leg debug: len=80 expected=84
[cmd_vel_chassis_serial.py-1] [WARN] [1784052752.245394971] [cmd_vel_chassis_serial]: Drop leg debug: len=80 expected=84
[cmd_vel_chassis_serial.py-1] [WARN] [1784052752.260480095] [cmd_vel_chassis_serial]: Drop leg debug: len=80 expected=84
[cmd_vel_chassis_serial.py-1] [WARN] [1784052752.270495864] [cmd_vel_chassis_serial]: Drop leg debug: len=80 expected=84
[cmd_vel_chassis_serial.py-1] [WARN] [1784052752.290847511] [cmd_vel_chassis_serial]: Drop leg debug: len=80 expected=84
[cmd_vel_chassis_serial.py-1] [WARN] [1784052752.308053780] [cmd_vel_chassis_serial]: Drop leg debug: len=80 expected=84
[cmd_vel_chassis_serial.py-1] [WARN] [1784052752.336688061] [cmd_vel_chassis_serial]: Drop leg debug: len=80 expected=84
[cmd_vel_chassis_serial.py-1] [WARN] [1784052752.387327321] [cmd_vel_chassis_serial]: Drop leg debug: len=80 expected=84
[cmd_vel_chassis_serial.py-1] [WARN] [1784052752.429977466] [cmd_vel_chassis_serial]: Drop leg debug: len=80 expected=84
[cmd_vel_chassis_serial.py-1] [ERROR] [1784052752.452154712] [cmd_vel_chassis_serial]: Serial write failed: Write timeout
[cmd_vel_chassis_serial.py-1] [WARN] [1784052752.468372567] [cmd_vel_chassis_serial]: Drop leg debug: len=80 expected=84
[cmd_vel_chassis_serial.py-1] [WARN] [1784052752.507515269] [cmd_vel_chassis_serial]: Drop leg debug: len=80 expected=84
[cmd_vel_chassis_serial.py-1] [WARN] [1784052752.559549961] [cmd_vel_chassis_serial]: Drop leg debug: len=80 expected=84
[cmd_vel_chassis_serial.py-1] [WARN] [1784052752.607541775] [cmd_vel_chassis_serial]: Drop leg debug: len=80 expected=84
[cmd_vel_chassis_serial.py-1] [WARN] [1784052752.634725387] [cmd_vel_chassis_serial]: Drop leg debug: len=80 expected=84
[cmd_vel_chassis_serial.py-1] [ERROR] [1784052752.672679653] [cmd_vel_chassis_serial]: Serial write failed: Write timeout
[cmd_vel_chassis_serial.py-1] [WARN] [1784052752.702123073] [cmd_vel_chassis_serial]: Drop leg debug: len=80 expected=84
[cmd_vel_chassis_serial.py-1] [WARN] [1784052752.724724065] [cmd_vel_chassis_serial]: Drop leg debug: len=80 expected=84
[cmd_vel_chassis_serial.py-1] [WARN] [1784052752.757536300] [cmd_vel_chassis_serial]: Drop leg debug: len=80 expected=84
[cmd_vel_chassis_serial.py-1] [WARN] [1784052752.839345695] [cmd_vel_chassis_serial]: Drop leg debug: len=80 expected=84
[cmd_vel_chassis_serial.py-1] [ERROR] [1784052752.883305193] [cmd_vel_chassis_serial]: Serial write failed: Write timeout
[cmd_vel_chassis_serial.py-1] [WARN] [1784052752.886748146] [cmd_vel_chassis_serial]: Drop leg debug: len=80 expected=84
[cmd_vel_chassis_serial.py-1] [WARN] [1784052752.970822114] [cmd_vel_chassis_serial]: Drop leg debug: len=80 expected=84
[cmd_vel_chassis_serial.py-1] [WARN] [1784052753.007961659] [cmd_vel_chassis_serial]: Drop leg debug: len=80 expected=84
[cmd_vel_chassis_serial.py-1] [ERROR] [1784052753.047486941] [cmd_vel_chassis_serial]: Serial write failed: Write timeout
[cmd_vel_chassis_serial.py-1] [WARN] [1784052753.166540942] [cmd_vel_chassis_serial]: Drop leg debug: len=80 expected=84
[cmd_vel_chassis_serial.py-1] [WARN] [1784052753.226590782] [cmd_vel_chassis_serial]: Drop leg debug: len=80 expected=84
[cmd_vel_chassis_serial.py-1] [WARN] [1784052753.340378081] [cmd_vel_chassis_serial]: Drop leg debug: len=80 expected=84
[cmd_vel_chassis_serial.py-1] [WARN] [1784052753.369686865] [cmd_vel_chassis_serial]: Drop leg debug: len=80 expected=84
[cmd_vel_chassis_serial.py-1] [WARN] [1784052753.447077112] [cmd_vel_chassis_serial]: Drop leg debug: len=80 expected=84
[cmd_vel_chassis_serial.py-1] [ERROR] [1784052753.466543391] [cmd_vel_chassis_serial]: Serial write failed: Write timeout
[cmd_vel_chassis_serial.py-1] [WARN] [1784052753.602293749] [cmd_vel_chassis_serial]: Drop leg debug: len=80 expected=84
[cmd_vel_chassis_serial.py-1] [ERROR] [1784052753.657010729] [cmd_vel_chassis_serial]: Serial write failed: Write timeout
[cmd_vel_chassis_serial.py-1] [WARN] [1784052753.671585318] [cmd_vel_chassis_serial]: Drop leg debug: len=80 expected=84
[cmd_vel_chassis_serial.py-1] [WARN] [1784052753.718385522] [cmd_vel_chassis_serial]: Drop leg debug: len=80 expected=84
[cmd_vel_chassis_serial.py-1] [WARN] [1784052753.797483234] [cmd_vel_chassis_serial]: Drop leg debug: len=80 expected=84
[cmd_vel_chassis_serial.py-1] [WARN] [1784052753.915442186] [cmd_vel_chassis_serial]: Drop leg debug: len=80 expected=84
[cmd_vel_chassis_serial.py-1] [WARN] [1784052753.959605349] [cmd_vel_chassis_serial]: Drop leg debug: len=80 expected=84
[cmd_vel_chassis_serial.py-1] [WARN] [1784052754.027320493] [cmd_vel_chassis_serial]: Drop leg debug: len=80 expected=84
[cmd_vel_chassis_serial.py-1] [WARN] [1784052754.071341829] [cmd_vel_chassis_serial]: Drop leg debug: len=80 expected=84
[cmd_vel_chassis_serial.py-1] [WARN] [1784052754.134363357] [cmd_vel_chassis_serial]: Drop leg debug: len=80 expected=84
[cmd_vel_chassis_serial.py-1] [WARN] [1784052754.169563856] [cmd_vel_chassis_serial]: Drop leg debug: len=80 expected=84
[cmd_vel_chassis_serial.py-1] [WARN] [1784052754.251442616] [cmd_vel_chassis_serial]: Drop leg debug: len=80 expected=84
[cmd_vel_chassis_serial.py-1] [ERROR] [1784052754.263519079] [cmd_vel_chassis_serial]: Serial write failed: Write timeout
[cmd_vel_chassis_serial.py-1] [WARN] [1784052754.315308709] [cmd_vel_chassis_serial]: Drop leg debug: len=80 expected=84
[cmd_vel_chassis_serial.py-1] [WARN] [1784052754.339730900] [cmd_vel_chassis_serial]: Drop leg debug: len=80 expected=84
[cmd_vel_chassis_serial.py-1] [WARN] [1784052754.392265251] [cmd_vel_chassis_serial]: Drop leg debug: len=80 expected=84
[cmd_vel_chassis_serial.py-1] [WARN] [1784052754.565675176] [cmd_vel_chassis_serial]: Drop leg debug: len=80 expected=84
[cmd_vel_chassis_serial.py-1] [WARN] [1784052754.633535508] [cmd_vel_chassis_serial]: Drop leg debug: len=80 expected=84
[cmd_vel_chassis_serial.py-1] [WARN] [1784052754.668424308] [cmd_vel_chassis_serial]: Drop leg debug: len=80 expected=84
[cmd_vel_chassis_serial.py-1] [WARN] [1784052754.778993239] [cmd_vel_chassis_serial]: Drop leg debug: len=80 expected=84
[cmd_vel_chassis_serial.py-1] [ERROR] [1784052754.849928998] [cmd_vel_chassis_serial]: Serial write failed: Write timeout
[cmd_vel_chassis_serial.py-1] [WARN] [1784052754.881426651] [cmd_vel_chassis_serial]: Drop leg debug: len=80 expected=84
[cmd_vel_chassis_serial.py-1] [WARN] [1784052754.925376237] [cmd_vel_chassis_serial]: Drop leg debug: len=80 expected=84
[cmd_vel_chassis_serial.py-1] [WARN] [1784052754.950587107] [cmd_vel_chassis_serial]: Drop leg debug: len=80 expected=84
[cmd_vel_chassis_serial.py-1] [WARN] [1784052754.966159504] [cmd_vel_chassis_serial]: Drop leg debug: len=80 expected=84
[cmd_vel_chassis_serial.py-1] [WARN] [1784052754.990496936] [cmd_vel_chassis_serial]: Drop leg debug: len=80 expected=84
[cmd_vel_chassis_serial.py-1] [WARN] [1784052754.999725679] [cmd_vel_chassis_serial]: Drop leg debug: len=80 expected=84
[cmd_vel_chassis_serial.py-1] [WARN] [1784052755.009106478] [cmd_vel_chassis_serial]: Drop leg debug: len=80 expected=84
[cmd_vel_chassis_serial.py-1] [WARN] [1784052755.013568720] [cmd_vel_chassis_serial]: Drop leg debug: len=80 expected=84
[cmd_vel_chassis_serial.py-1] [WARN] [1784052755.026005878] [cmd_vel_chassis_serial]: Drop leg debug: len=80 expected=84
[cmd_vel_chassis_serial.py-1] [WARN] [1784052755.080481743] [cmd_vel_chassis_serial]: Drop leg debug: len=80 expected=84
[cmd_vel_chassis_serial.py-1] [WARN] [1784052755.104328979] [cmd_vel_chassis_serial]: Drop leg debug: len=80 expected=84
[cmd_vel_chassis_serial.py-1] [WARN] [1784052755.126280248] [cmd_vel_chassis_serial]: Drop leg debug: len=80 expected=84
[cmd_vel_chassis_serial.py-1] [WARN] [1784052755.148982911] [cmd_vel_chassis_serial]: Drop leg debug: len=80 expected=84
[cmd_vel_chassis_serial.py-1] [WARN] [1784052755.184983699] [cmd_vel_chassis_serial]: Drop leg debug: len=80 expected=84
[cmd_vel_chassis_serial.py-1] [ERROR] [1784052755.189285088] [cmd_vel_chassis_serial]: Serial write failed: Write timeout
[cmd_vel_chassis_serial.py-1] [WARN] [1784052755.247021510] [cmd_vel_chassis_serial]: Drop leg debug: len=80 expected=84
[cmd_vel_chassis_serial.py-1] [ERROR] [1784052755.256513541] [cmd_vel_chassis_serial]: Serial write failed: Write timeout
[cmd_vel_chassis_serial.py-1] [WARN] [1784052755.311006219] [cmd_vel_chassis_serial]: Drop leg debug: len=80 expected=84
[cmd_vel_chassis_serial.py-1] [WARN] [1784052755.355408261] [cmd_vel_chassis_serial]: Drop leg debug: len=80 expected=84
[cmd_vel_chassis_serial.py-1] [WARN] [1784052755.385367363] [cmd_vel_chassis_serial]: Drop leg debug: len=80 expected=84
[cmd_vel_chassis_serial.py-1] [WARN] [1784052755.484971896] [cmd_vel_chassis_serial]: Drop leg debug: len=80 expected=84
[cmd_vel_chassis_serial.py-1] [WARN] [1784052755.510538550] [cmd_vel_chassis_serial]: Drop leg debug: len=80 expected=84
[cmd_vel_chassis_serial.py-1] [WARN] [1784052755.564706545] [cmd_vel_chassis_serial]: Drop leg debug: len=80 expected=84
[cmd_vel_chassis_serial.py-1] [WARN] [1784052755.596370196] [cmd_vel_chassis_serial]: Drop leg debug: len=80 expected=84
[cmd_vel_chassis_serial.py-1] [WARN] [1784052755.612234836] [cmd_vel_chassis_serial]: Drop leg debug: len=80 expected=84
[cmd_vel_chassis_serial.py-1] [WARN] [1784052755.629438926] [cmd_vel_chassis_serial]: Drop leg debug: len=80 expected=84
[cmd_vel_chassis_serial.py-1] [WARN] [1784052755.667325410] [cmd_vel_chassis_serial]: Drop leg debug: len=80 expected=84
[cmd_vel_chassis_serial.py-1] [WARN] [1784052755.694690661] [cmd_vel_chassis_serial]: Drop leg debug: len=80 expected=84
[cmd_vel_chassis_serial.py-1] [WARN] [1784052755.712389503] [cmd_vel_chassis_serial]: Drop leg debug: len=80 expected=84
[cmd_vel_chassis_serial.py-1] [WARN] [1784052755.745085009] [cmd_vel_chassis_serial]: Drop leg debug: len=80 expected=84
[cmd_vel_chassis_serial.py-1] [WARN] [1784052755.779075826] [cmd_vel_chassis_serial]: Drop leg debug: len=80 expected=84
[cmd_vel_chassis_serial.py-1] [WARN] [1784052755.792296226] [cmd_vel_chassis_serial]: Drop leg debug: len=80 expected=84
[cmd_vel_chassis_serial.py-1] [WARN] [1784052755.801314541] [cmd_vel_chassis_serial]: Drop leg debug: len=80 expected=84
[cmd_vel_chassis_serial.py-1] [WARN] [1784052755.814865720] [cmd_vel_chassis_serial]: Drop leg debug: len=80 expected=84
[cmd_vel_chassis_serial.py-1] [WARN] [1784052755.829748884] [cmd_vel_chassis_serial]: Drop leg debug: len=80 expected=84
[cmd_vel_chassis_serial.py-1] [WARN] [1784052755.844228402] [cmd_vel_chassis_serial]: Drop leg debug: len=80 expected=84
[cmd_vel_chassis_serial.py-1] [WARN] [1784052755.851373010] [cmd_vel_chassis_serial]: Drop leg debug: len=80 expected=84
[cmd_vel_chassis_serial.py-1] [WARN] [1784052755.861482605] [cmd_vel_chassis_serial]: Drop leg debug: len=80 expected=84
[cmd_vel_chassis_serial.py-1] [WARN] [1784052755.869714402] [cmd_vel_chassis_serial]: Drop leg debug: len=80 expected=84
[cmd_vel_chassis_serial.py-1] [WARN] [1784052755.883523289] [cmd_vel_chassis_serial]: Drop leg debug: len=80 expected=84
[cmd_vel_chassis_serial.py-1] [WARN] [1784052755.923056109] [cmd_vel_chassis_serial]: Drop leg debug: len=80 expected=84
[cmd_vel_chassis_serial.py-1] [WARN] [1784052755.932054875] [cmd_vel_chassis_serial]: Drop leg debug: len=80 expected=84
[cmd_vel_chassis_serial.py-1] [WARN] [1784052755.952587660] [cmd_vel_chassis_serial]: Drop leg debug: len=80 expected=84
[cmd_vel_chassis_serial.py-1] [WARN] [1784052755.974454422] [cmd_vel_chassis_serial]: Drop leg debug: len=80 expected=84
[cmd_vel_chassis_serial.py-1] [WARN] [1784052755.997844911] [cmd_vel_chassis_serial]: Drop leg debug: len=80 expected=84
[cmd_vel_chassis_serial.py-1] [WARN] [1784052756.032254395] [cmd_vel_chassis_serial]: Drop leg debug: len=80 expected=84
[cmd_vel_chassis_serial.py-1] [WARN] [1784052756.064158194] [cmd_vel_chassis_serial]: Drop leg debug: len=80 expected=84
[cmd_vel_chassis_serial.py-1] [WARN] [1784052756.074387912] [cmd_vel_chassis_serial]: Drop leg debug: len=80 expected=84
[cmd_vel_chassis_serial.py-1] [WARN] [1784052756.090927573] [cmd_vel_chassis_serial]: Drop leg debug: len=80 expected=84
[cmd_vel_chassis_serial.py-1] [WARN] [1784052756.102655481] [cmd_vel_chassis_serial]: Drop leg debug: len=80 expected=84
[cmd_vel_chassis_serial.py-1] [WARN] [1784052756.114607317] [cmd_vel_chassis_serial]: Drop leg debug: len=80 expected=84
[cmd_vel_chassis_serial.py-1] [WARN] [1784052756.126271023] [cmd_vel_chassis_serial]: Drop leg debug: len=80 expected=84
[cmd_vel_chassis_serial.py-1] [WARN] [1784052756.134154111] [cmd_vel_chassis_serial]: Drop leg debug: len=80 expected=84
[cmd_vel_chassis_serial.py-1] [WARN] [1784052756.153120673] [cmd_vel_chassis_serial]: Drop leg debug: len=80 expected=84
[cmd_vel_chassis_serial.py-1] [WARN] [1784052756.165067577] [cmd_vel_chassis_serial]: Drop leg debug: len=80 expected=84
[cmd_vel_chassis_serial.py-1] [WARN] [1784052756.170710621] [cmd_vel_chassis_serial]: Drop leg debug: len=80 expected=84
[cmd_vel_chassis_serial.py-1] [WARN] [1784052756.182364043] [cmd_vel_chassis_serial]: Drop leg debug: len=80 expected=84
[cmd_vel_chassis_serial.py-1] [WARN] [1784052756.194536230] [cmd_vel_chassis_serial]: Drop leg debug: len=80 expected=84
[cmd_vel_chassis_serial.py-1] [WARN] [1784052756.204725363] [cmd_vel_chassis_serial]: Drop leg debug: len=80 expected=84
[cmd_vel_chassis_serial.py-1] [WARN] [1784052756.214359225] [cmd_vel_chassis_serial]: Drop leg debug: len=80 expected=84
[cmd_vel_chassis_serial.py-1] [WARN] [1784052756.223467602] [cmd_vel_chassis_serial]: Drop leg debug: len=80 expected=84
[cmd_vel_chassis_serial.py-1] [WARN] [1784052756.233589892] [cmd_vel_chassis_serial]: Drop leg debug: len=80 expected=84
[cmd_vel_chassis_serial.py-1] [WARN] [1784052756.247888250] [cmd_vel_chassis_serial]: Drop leg debug: len=80 expected=84
[cmd_vel_chassis_serial.py-1] [WARN] [1784052756.255166170] [cmd_vel_chassis_serial]: Drop leg debug: len=80 expected=84
[cmd_vel_chassis_serial.py-1] [WARN] [1784052756.260584795] [cmd_vel_chassis_serial]: Drop leg debug: len=80 expected=84
[cmd_vel_chassis_serial.py-1] [WARN] [1784052756.311338021] [cmd_vel_chassis_serial]: Drop leg debug: len=80 expected=84
[cmd_vel_chassis_serial.py-1] [WARN] [1784052756.326771101] [cmd_vel_chassis_serial]: Drop leg debug: len=80 expected=84
[cmd_vel_chassis_serial.py-1] [WARN] [1784052756.360371720] [cmd_vel_chassis_serial]: Drop leg debug: len=80 expected=84
[cmd_vel_chassis_serial.py-1] [WARN] [1784052756.367058152] [cmd_vel_chassis_serial]: Drop leg debug: len=80 expected=84
[cmd_vel_chassis_serial.py-1] [WARN] [1784052756.379224039] [cmd_vel_chassis_serial]: Drop leg debug: len=80 expected=84
[cmd_vel_chassis_serial.py-1] [WARN] [1784052756.391469632] [cmd_vel_chassis_serial]: Drop leg debug: len=80 expected=84
[cmd_vel_chassis_serial.py-1] [WARN] [1784052756.453288512] [cmd_vel_chassis_serial]: Drop leg debug: len=80 expected=84
[cmd_vel_chassis_serial.py-1] [WARN] [1784052756.466534687] [cmd_vel_chassis_serial]: Drop leg debug: len=80 expected=84
[cmd_vel_chassis_serial.py-1] [WARN] [1784052756.483000390] [cmd_vel_chassis_serial]: Drop leg debug: len=80 expected=84
[cmd_vel_chassis_serial.py-1] [WARN] [1784052756.493491596] [cmd_vel_chassis_serial]: Drop leg debug: len=80 expected=84
[cmd_vel_chassis_serial.py-1] [WARN] [1784052756.510489301] [cmd_vel_chassis_serial]: Drop leg debug: len=80 expected=84
[cmd_vel_chassis_serial.py-1] [WARN] [1784052756.556428649] [cmd_vel_chassis_serial]: Drop leg debug: len=80 expected=84
[cmd_vel_chassis_serial.py-1] [WARN] [1784052756.625919049] [cmd_vel_chassis_serial]: Drop leg debug: len=80 expected=84
[cmd_vel_chassis_serial.py-1] [WARN] [1784052756.650126559] [cmd_vel_chassis_serial]: Drop leg debug: len=80 expected=84
[cmd_vel_chassis_serial.py-1] [WARN] [1784052756.660510842] [cmd_vel_chassis_serial]: Drop leg debug: len=80 expected=84
[cmd_vel_chassis_serial.py-1] [WARN] [1784052756.668510514] [cmd_vel_chassis_serial]: Drop leg debug: len=80 expected=84
[cmd_vel_chassis_serial.py-1] [WARN] [1784052756.703587483] [cmd_vel_chassis_serial]: Drop leg debug: len=80 expected=84
[cmd_vel_chassis_serial.py-1] [WARN] [1784052756.714970872] [cmd_vel_chassis_serial]: Drop leg debug: len=80 expected=84
[cmd_vel_chassis_serial.py-1] [WARN] [1784052756.784061730] [cmd_vel_chassis_serial]: Drop leg debug: len=80 expected=84
[cmd_vel_chassis_serial.py-1] [WARN] [1784052756.790595613] [cmd_vel_chassis_serial]: Drop leg debug: len=80 expected=84
[cmd_vel_chassis_serial.py-1] [WARN] [1784052756.850425402] [cmd_vel_chassis_serial]: Drop leg debug: len=80 expected=84
[cmd_vel_chassis_serial.py-1] [WARN] [1784052756.877596914] [cmd_vel_chassis_serial]: Drop leg debug: len=80 expected=84
[cmd_vel_chassis_serial.py-1] [WARN] [1784052756.907149199] [cmd_vel_chassis_serial]: Drop leg debug: len=80 expected=84
[cmd_vel_chassis_serial.py-1] [ERROR] [1784052756.934325344] [cmd_vel_chassis_serial]: Serial write failed: Write timeout
[cmd_vel_chassis_serial.py-1] [WARN] [1784052756.965808325] [cmd_vel_chassis_serial]: Drop leg debug: len=80 expected=84
[cmd_vel_chassis_serial.py-1] [WARN] [1784052757.004177267] [cmd_vel_chassis_serial]: Drop leg debug: len=80 expected=84
[cmd_vel_chassis_serial.py-1] [WARN] [1784052757.012609936] [cmd_vel_chassis_serial]: Drop leg debug: len=80 expected=84
[cmd_vel_chassis_serial.py-1] [WARN] [1784052757.029524536] [cmd_vel_chassis_serial]: Drop leg debug: len=80 expected=84
[cmd_vel_chassis_serial.py-1] [WARN] [1784052757.060456334] [cmd_vel_chassis_serial]: Drop leg debug: len=80 expected=84
[cmd_vel_chassis_serial.py-1] [ERROR] [1784052757.067270413] [cmd_vel_chassis_serial]: Serial write failed: Write timeout
[cmd_vel_chassis_serial.py-1] [WARN] [1784052757.079064550] [cmd_vel_chassis_serial]: Drop leg debug: len=80 expected=84
[cmd_vel_chassis_serial.py-1] [WARN] [1784052757.112459178] [cmd_vel_chassis_serial]: Drop leg debug: len=80 expected=84
[cmd_vel_chassis_serial.py-1] [ERROR] [1784052757.159582948] [cmd_vel_chassis_serial]: Serial write failed: Write timeout
[cmd_vel_chassis_serial.py-1] [WARN] [1784052757.169121898] [cmd_vel_chassis_serial]: Drop leg debug: len=80 expected=84
[cmd_vel_chassis_serial.py-1] [WARN] [1784052757.205431532] [cmd_vel_chassis_serial]: Drop leg debug: len=80 expected=84
[cmd_vel_chassis_serial.py-1] [WARN] [1784052757.295153361] [cmd_vel_chassis_serial]: Drop leg debug: len=80 expected=84
[cmd_vel_chassis_serial.py-1] [WARN] [1784052757.326391877] [cmd_vel_chassis_serial]: Drop leg debug: len=80 expected=84
[cmd_vel_chassis_serial.py-1] [ERROR] [1784052757.344058866] [cmd_vel_chassis_serial]: Serial write failed: Write timeout
[cmd_vel_chassis_serial.py-1] [WARN] [1784052757.399196131] [cmd_vel_chassis_serial]: Drop leg debug: len=80 expected=84
[cmd_vel_chassis_serial.py-1] [WARN] [1784052757.428352782] [cmd_vel_chassis_serial]: Drop leg debug: len=80 expected=84
[cmd_vel_chassis_serial.py-1] [ERROR] [1784052757.444502476] [cmd_vel_chassis_serial]: Serial write failed: Write timeout
[cmd_vel_chassis_serial.py-1] [WARN] [1784052757.502445674] [cmd_vel_chassis_serial]: Drop leg debug: len=80 expected=84
[cmd_vel_chassis_serial.py-1] [WARN] [1784052757.534057307] [cmd_vel_chassis_serial]: Drop leg debug: len=80 expected=84
[cmd_vel_chassis_serial.py-1] [WARN] [1784052757.573717584] [cmd_vel_chassis_serial]: Drop leg debug: len=80 expected=84
[cmd_vel_chassis_serial.py-1] [WARN] [1784052757.593387044] [cmd_vel_chassis_serial]: Drop leg debug: len=80 expected=84
[cmd_vel_chassis_serial.py-1] [WARN] [1784052757.637449140] [cmd_vel_chassis_serial]: Drop leg debug: len=80 expected=84
[cmd_vel_chassis_serial.py-1] [WARN] [1784052757.684853287] [cmd_vel_chassis_serial]: Drop leg debug: len=80 expected=84
[cmd_vel_chassis_serial.py-1] [WARN] [1784052757.732158155] [cmd_vel_chassis_serial]: Drop leg debug: len=80 expected=84
[cmd_vel_chassis_serial.py-1] [WARN] [1784052757.749812063] [cmd_vel_chassis_serial]: Drop leg debug: len=80 expected=84
[cmd_vel_chassis_serial.py-1] [WARN] [1784052757.776863568] [cmd_vel_chassis_serial]: Drop leg debug: len=80 expected=84
[cmd_vel_chassis_serial.py-1] [WARN] [1784052757.802716581] [cmd_vel_chassis_serial]: Drop leg debug: len=80 expected=84
[cmd_vel_chassis_serial.py-1] [WARN] [1784052757.826821220] [cmd_vel_chassis_serial]: Drop leg debug: len=80 expected=84
[cmd_vel_chassis_serial.py-1] [WARN] [1784052757.848181572] [cmd_vel_chassis_serial]: Drop leg debug: len=80 expected=84
[cmd_vel_chassis_serial.py-1] [WARN] [1784052757.867559757] [cmd_vel_chassis_serial]: Drop leg debug: len=80 expected=84
[cmd_vel_chassis_serial.py-1] [WARN] [1784052757.913033652] [cmd_vel_chassis_serial]: Drop leg debug: len=80 expected=84
[cmd_vel_chassis_serial.py-1] [WARN] [1784052757.935443895] [cmd_vel_chassis_serial]: Drop leg debug: len=80 expected=84
[cmd_vel_chassis_serial.py-1] [WARN] [1784052757.976252934] [cmd_vel_chassis_serial]: Drop leg debug: len=80 expected=84
[cmd_vel_chassis_serial.py-1] [ERROR] [1784052757.987097779] [cmd_vel_chassis_serial]: Serial write failed: Write timeout
[cmd_vel_chassis_serial.py-1] [WARN] [1784052758.007994843] [cmd_vel_chassis_serial]: Drop leg debug: len=80 expected=84
[cmd_vel_chassis_serial.py-1] [WARN] [1784052758.041818973] [cmd_vel_chassis_serial]: Drop leg debug: len=80 expected=84
[cmd_vel_chassis_serial.py-1] [ERROR] [1784052758.056239720] [cmd_vel_chassis_serial]: Serial write failed: Write timeout
[cmd_vel_chassis_serial.py-1] [WARN] [1784052758.080561491] [cmd_vel_chassis_serial]: Drop leg debug: len=80 expected=84
[cmd_vel_chassis_serial.py-1] [WARN] [1784052758.112265091] [cmd_vel_chassis_serial]: Drop leg debug: len=80 expected=84
[cmd_vel_chassis_serial.py-1] [WARN] [1784052758.138259861] [cmd_vel_chassis_serial]: Drop leg debug: len=80 expected=84
[cmd_vel_chassis_serial.py-1] [WARN] [1784052758.168741125] [cmd_vel_chassis_serial]: Drop leg debug: len=80 expected=84
[cmd_vel_chassis_serial.py-1] [WARN] [1784052758.196884627] [cmd_vel_chassis_serial]: Drop leg debug: len=80 expected=84
[cmd_vel_chassis_serial.py-1] [ERROR] [1784052758.198073674] [cmd_vel_chassis_serial]: Serial write failed: Write timeout
[cmd_vel_chassis_serial.py-1] [WARN] [1784052758.229485593] [cmd_vel_chassis_serial]: Drop leg debug: len=80 expected=84
[cmd_vel_chassis_serial.py-1] [WARN] [1784052758.246420483] [cmd_vel_chassis_serial]: Drop leg debug: len=80 expected=84
[cmd_vel_chassis_serial.py-1] [WARN] [1784052758.250686048] [cmd_vel_chassis_serial]: Drop leg debug: len=80 expected=84
[cmd_vel_chassis_serial.py-1] [WARN] [1784052758.254765283] [cmd_vel_chassis_serial]: Drop leg debug: len=80 expected=84
[cmd_vel_chassis_serial.py-1] [WARN] [1784052758.259170090] [cmd_vel_chassis_serial]: Drop leg debug: len=80 expected=84
[cmd_vel_chassis_serial.py-1] [WARN] [1784052758.283640209] [cmd_vel_chassis_serial]: Drop leg debug: len=80 expected=84
[cmd_vel_chassis_serial.py-1] [WARN] [1784052758.305802113] [cmd_vel_chassis_serial]: Drop leg debug: len=80 expected=84
[cmd_vel_chassis_serial.py-1] [WARN] [1784052758.333187249] [cmd_vel_chassis_serial]: Drop leg debug: len=80 expected=84
[cmd_vel_chassis_serial.py-1] [WARN] [1784052758.353588586] [cmd_vel_chassis_serial]: Drop leg debug: len=80 expected=84
[cmd_vel_chassis_serial.py-1] [WARN] [1784052758.377251632] [cmd_vel_chassis_serial]: Drop leg debug: len=80 expected=84
[cmd_vel_chassis_serial.py-1] [WARN] [1784052758.395223104] [cmd_vel_chassis_serial]: Drop leg debug: len=80 expected=84
[cmd_vel_chassis_serial.py-1] [ERROR] [1784052758.409317848] [cmd_vel_chassis_serial]: Serial write failed: Write timeout
[cmd_vel_chassis_serial.py-1] [WARN] [1784052758.424384096] [cmd_vel_chassis_serial]: Drop leg debug: len=80 expected=84
[cmd_vel_chassis_serial.py-1] [WARN] [1784052758.468731459] [cmd_vel_chassis_serial]: Drop leg debug: len=80 expected=84
[cmd_vel_chassis_serial.py-1] [WARN] [1784052758.499102007] [cmd_vel_chassis_serial]: Drop leg debug: len=80 expected=84
[cmd_vel_chassis_serial.py-1] [WARN] [1784052758.515466326] [cmd_vel_chassis_serial]: Drop leg debug: len=80 expected=84
[cmd_vel_chassis_serial.py-1] [WARN] [1784052758.552390339] [cmd_vel_chassis_serial]: Drop leg debug: len=80 expected=84
[cmd_vel_chassis_serial.py-1] [WARN] [1784052758.587876081] [cmd_vel_chassis_serial]: Drop leg debug: len=80 expected=84
[cmd_vel_chassis_serial.py-1] [WARN] [1784052758.611096119] [cmd_vel_chassis_serial]: Drop leg debug: len=80 expected=84
[cmd_vel_chassis_serial.py-1] [WARN] [1784052758.636478558] [cmd_vel_chassis_serial]: Drop leg debug: len=80 expected=84
[cmd_vel_chassis_serial.py-1] [WARN] [1784052758.657099514] [cmd_vel_chassis_serial]: Drop leg debug: len=80 expected=84
[cmd_vel_chassis_serial.py-1] [WARN] [1784052758.691018616] [cmd_vel_chassis_serial]: Drop leg debug: len=80 expected=84
[cmd_vel_chassis_serial.py-1] [WARN] [1784052758.718187973] [cmd_vel_chassis_serial]: Drop leg debug: len=80 expected=84
[cmd_vel_chassis_serial.py-1] [WARN] [1784052758.735348771] [cmd_vel_chassis_serial]: Drop leg debug: len=80 expected=84
[cmd_vel_chassis_serial.py-1] [WARN] [1784052758.769432470] [cmd_vel_chassis_serial]: Drop leg debug: len=80 expected=84
[cmd_vel_chassis_serial.py-1] [WARN] [1784052758.797918559] [cmd_vel_chassis_serial]: Drop leg debug: len=80 expected=84
[cmd_vel_chassis_serial.py-1] [WARN] [1784052758.858050250] [cmd_vel_chassis_serial]: Drop leg debug: len=80 expected=84
[cmd_vel_chassis_serial.py-1] [WARN] [1784052758.887240259] [cmd_vel_chassis_serial]: Drop leg debug: len=80 expected=84
[cmd_vel_chassis_serial.py-1] [WARN] [1784052758.920509287] [cmd_vel_chassis_serial]: Drop leg debug: len=80 expected=84
[cmd_vel_chassis_serial.py-1] [WARN] [1784052758.967709421] [cmd_vel_chassis_serial]: Drop leg debug: len=80 expected=84
[cmd_vel_chassis_serial.py-1] [WARN] [1784052758.975200310] [cmd_vel_chassis_serial]: Drop leg debug: len=80 expected=84
[cmd_vel_chassis_serial.py-1] [WARN] [1784052759.016216253] [cmd_vel_chassis_serial]: Drop leg debug: len=80 expected=84
[cmd_vel_chassis_serial.py-1] [WARN] [1784052759.051266760] [cmd_vel_chassis_serial]: Drop leg debug: len=80 expected=84
[cmd_vel_chassis_serial.py-1] [ERROR] [1784052759.070882488] [cmd_vel_chassis_serial]: Serial write failed: Write timeout
[cmd_vel_chassis_serial.py-1] [WARN] [1784052759.098498413] [cmd_vel_chassis_serial]: Drop leg debug: len=80 expected=84
[cmd_vel_chassis_serial.py-1] [WARN] [1784052759.152097680] [cmd_vel_chassis_serial]: Drop leg debug: len=80 expected=84
[cmd_vel_chassis_serial.py-1] [WARN] [1784052759.188148144] [cmd_vel_chassis_serial]: Drop leg debug: len=80 expected=84
[cmd_vel_chassis_serial.py-1] [WARN] [1784052759.245699838] [cmd_vel_chassis_serial]: Drop leg debug: len=80 expected=84
[cmd_vel_chassis_serial.py-1] [WARN] [1784052759.314800090] [cmd_vel_chassis_serial]: Drop leg debug: len=80 expected=84
[cmd_vel_chassis_serial.py-1] [WARN] [1784052759.425315824] [cmd_vel_chassis_serial]: Drop leg debug: len=80 expected=84
[cmd_vel_chassis_serial.py-1] [WARN] [1784052759.473945967] [cmd_vel_chassis_serial]: Drop leg debug: len=80 expected=84
[cmd_vel_chassis_serial.py-1] [WARN] [1784052759.518227731] [cmd_vel_chassis_serial]: Drop leg debug: len=80 expected=84
[cmd_vel_chassis_serial.py-1] [WARN] [1784052759.588610441] [cmd_vel_chassis_serial]: Drop leg debug: len=80 expected=84
[cmd_vel_chassis_serial.py-1] [WARN] [1784052759.626019710] [cmd_vel_chassis_serial]: Drop leg debug: len=80 expected=84
[cmd_vel_chassis_serial.py-1] [WARN] [1784052759.682322907] [cmd_vel_chassis_serial]: Drop leg debug: len=80 expected=84
[cmd_vel_chassis_serial.py-1] [ERROR] [1784052759.708967712] [cmd_vel_chassis_serial]: Serial write failed: Write timeout
[cmd_vel_chassis_serial.py-1] [WARN] [1784052759.748275743] [cmd_vel_chassis_serial]: Drop leg debug: len=80 expected=84
[cmd_vel_chassis_serial.py-1] [WARN] [1784052759.763824177] [cmd_vel_chassis_serial]: Drop leg debug: len=80 expected=84
[cmd_vel_chassis_serial.py-1] [WARN] [1784052759.808533323] [cmd_vel_chassis_serial]: Drop leg debug: len=80 expected=84
[cmd_vel_chassis_serial.py-1] [WARN] [1784052759.819288583] [cmd_vel_chassis_serial]: Drop leg debug: len=80 expected=84
[cmd_vel_chassis_serial.py-1] [WARN] [1784052759.846349513] [cmd_vel_chassis_serial]: Drop leg debug: len=80 expected=84
[cmd_vel_chassis_serial.py-1] [WARN] [1784052759.879240692] [cmd_vel_chassis_serial]: Drop leg debug: len=80 expected=84
[cmd_vel_chassis_serial.py-1] [WARN] [1784052759.899123849] [cmd_vel_chassis_serial]: Drop leg debug: len=80 expected=84
[cmd_vel_chassis_serial.py-1] [WARN] [1784052759.924132856] [cmd_vel_chassis_serial]: Drop leg debug: len=80 expected=84
[cmd_vel_chassis_serial.py-1] [ERROR] [1784052759.930246158] [cmd_vel_chassis_serial]: Serial write failed: Write timeout
[cmd_vel_chassis_serial.py-1] [WARN] [1784052759.935435454] [cmd_vel_chassis_serial]: Drop leg debug: len=80 expected=84
[cmd_vel_chassis_serial.py-1] [WARN] [1784052759.947201987] [cmd_vel_chassis_serial]: Drop leg debug: len=80 expected=84
[cmd_vel_chassis_serial.py-1] [WARN] [1784052759.990109909] [cmd_vel_chassis_serial]: Drop leg debug: len=80 expected=84
[cmd_vel_chassis_serial.py-1] [WARN] [1784052760.011576205] [cmd_vel_chassis_serial]: Drop leg debug: len=80 expected=84
[cmd_vel_chassis_serial.py-1] [WARN] [1784052760.024227898] [cmd_vel_chassis_serial]: Drop leg debug: len=80 expected=84
[cmd_vel_chassis_serial.py-1] [WARN] [1784052760.051795902] [cmd_vel_chassis_serial]: Drop leg debug: len=80 expected=84
[cmd_vel_chassis_serial.py-1] [WARN] [1784052760.072242067] [cmd_vel_chassis_serial]: Drop leg debug: len=80 expected=84
[cmd_vel_chassis_serial.py-1] [WARN] [1784052760.106843358] [cmd_vel_chassis_serial]: Drop leg debug: len=80 expected=84
[cmd_vel_chassis_serial.py-1] [WARN] [1784052760.143156758] [cmd_vel_chassis_serial]: Drop leg debug: len=80 expected=84
[cmd_vel_chassis_serial.py-1] [WARN] [1784052760.203174406] [cmd_vel_chassis_serial]: Drop leg debug: len=80 expected=84
[cmd_vel_chassis_serial.py-1] [WARN] [1784052760.243029291] [cmd_vel_chassis_serial]: Drop leg debug: len=80 expected=84
[cmd_vel_chassis_serial.py-1] [ERROR] [1784052760.350894206] [cmd_vel_chassis_serial]: Serial write failed: Write timeout
[cmd_vel_chassis_serial.py-1] [WARN] [1784052760.392936763] [cmd_vel_chassis_serial]: Drop leg debug: len=80 expected=84
[cmd_vel_chassis_serial.py-1] [WARN] [1784052760.418885541] [cmd_vel_chassis_serial]: Drop leg debug: len=80 expected=84
[cmd_vel_chassis_serial.py-1] [WARN] [1784052760.575655427] [cmd_vel_chassis_serial]: Drop leg debug: len=80 expected=84
[cmd_vel_chassis_serial.py-1] [WARN] [1784052760.651767021] [cmd_vel_chassis_serial]: Drop leg debug: len=80 expected=84
[cmd_vel_chassis_serial.py-1] [WARN] [1784052760.702267240] [cmd_vel_chassis_serial]: Drop leg debug: len=80 expected=84
[cmd_vel_chassis_serial.py-1] [ERROR] [1784052760.805874308] [cmd_vel_chassis_serial]: Serial write failed: Write timeout
[cmd_vel_chassis_serial.py-1] [WARN] [1784052760.832909914] [cmd_vel_chassis_serial]: Drop leg debug: len=80 expected=84
[cmd_vel_chassis_serial.py-1] [WARN] [1784052760.918027457] [cmd_vel_chassis_serial]: Drop leg debug: len=80 expected=84
[cmd_vel_chassis_serial.py-1] [WARN] [1784052760.968578701] [cmd_vel_chassis_serial]: Drop leg debug: len=80 expected=84
[cmd_vel_chassis_serial.py-1] [WARN] [1784052760.999074573] [cmd_vel_chassis_serial]: Drop leg debug: len=80 expected=84
[cmd_vel_chassis_serial.py-1] [WARN] [1784052761.040733352] [cmd_vel_chassis_serial]: Drop leg debug: len=80 expected=84
[cmd_vel_chassis_serial.py-1] [WARN] [1784052761.070015644] [cmd_vel_chassis_serial]: Drop leg debug: len=80 expected=84
[cmd_vel_chassis_serial.py-1] [WARN] [1784052761.083836978] [cmd_vel_chassis_serial]: Drop leg debug: len=80 expected=84
[cmd_vel_chassis_serial.py-1] [ERROR] [1784052761.117867490] [cmd_vel_chassis_serial]: Serial write failed: Write timeout
[cmd_vel_chassis_serial.py-1] [WARN] [1784052761.137009978] [cmd_vel_chassis_serial]: Drop leg debug: len=80 expected=84
[cmd_vel_chassis_serial.py-1] [WARN] [1784052761.159533625] [cmd_vel_chassis_serial]: Drop leg debug: len=80 expected=84
[cmd_vel_chassis_serial.py-1] [WARN] [1784052761.185976336] [cmd_vel_chassis_serial]: Drop leg debug: len=80 expected=84
[cmd_vel_chassis_serial.py-1] [ERROR] [1784052761.195493248] [cmd_vel_chassis_serial]: Serial write failed: Write timeout
[cmd_vel_chassis_serial.py-1] [WARN] [1784052761.211992469] [cmd_vel_chassis_serial]: Drop leg debug: len=80 expected=84
[cmd_vel_chassis_serial.py-1] [WARN] [1784052761.235874393] [cmd_vel_chassis_serial]: Drop leg debug: len=80 expected=84
[cmd_vel_chassis_serial.py-1] [WARN] [1784052761.258614323] [cmd_vel_chassis_serial]: Drop leg debug: len=80 expected=84
[cmd_vel_chassis_serial.py-1] [WARN] [1784052761.280842184] [cmd_vel_chassis_serial]: Drop leg debug: len=80 expected=84
[cmd_vel_chassis_serial.py-1] [WARN] [1784052761.309329606] [cmd_vel_chassis_serial]: Drop leg debug: len=80 expected=84
[cmd_vel_chassis_serial.py-1] [WARN] [1784052761.337145331] [cmd_vel_chassis_serial]: Drop leg debug: len=80 expected=84
[cmd_vel_chassis_serial.py-1] [ERROR] [1784052761.365372836] [cmd_vel_chassis_serial]: Serial write failed: Write timeout
[cmd_vel_chassis_serial.py-1] [WARN] [1784052761.375956319] [cmd_vel_chassis_serial]: Drop leg debug: len=80 expected=84
[cmd_vel_chassis_serial.py-1] [WARN] [1784052761.448438469] [cmd_vel_chassis_serial]: Drop leg debug: len=80 expected=84
[cmd_vel_chassis_serial.py-1] [WARN] [1784052761.522767023] [cmd_vel_chassis_serial]: Drop leg debug: len=80 expected=84
[cmd_vel_chassis_serial.py-1] [WARN] [1784052761.552787220] [cmd_vel_chassis_serial]: Drop leg debug: len=80 expected=84
[cmd_vel_chassis_serial.py-1] [WARN] [1784052761.575517537] [cmd_vel_chassis_serial]: Drop leg debug: len=80 expected=84
[cmd_vel_chassis_serial.py-1] [ERROR] [1784052761.582482950] [cmd_vel_chassis_serial]: Serial write failed: Write timeout
[cmd_vel_chassis_serial.py-1] [WARN] [1784052761.591685872] [cmd_vel_chassis_serial]: Drop leg debug: len=80 expected=84
[cmd_vel_chassis_serial.py-1] [WARN] [1784052761.610249341] [cmd_vel_chassis_serial]: Drop leg debug: len=80 expected=84
[cmd_vel_chassis_serial.py-1] [WARN] [1784052761.625089075] [cmd_vel_chassis_serial]: Drop leg debug: len=80 expected=84
[cmd_vel_chassis_serial.py-1] [WARN] [1784052761.645986585] [cmd_vel_chassis_serial]: Drop leg debug: len=80 expected=84
[cmd_vel_chassis_serial.py-1] [WARN] [1784052761.706469469] [cmd_vel_chassis_serial]: Drop leg debug: len=80 expected=84
[cmd_vel_chassis_serial.py-1] [WARN] [1784052761.727765499] [cmd_vel_chassis_serial]: Drop leg debug: len=80 expected=84
[cmd_vel_chassis_serial.py-1] [WARN] [1784052761.759533169] [cmd_vel_chassis_serial]: Drop leg debug: len=80 expected=84
[cmd_vel_chassis_serial.py-1] [WARN] [1784052761.835139693] [cmd_vel_chassis_serial]: Drop leg debug: len=80 expected=84
[cmd_vel_chassis_serial.py-1] [WARN] [1784052761.881665279] [cmd_vel_chassis_serial]: Drop leg debug: len=80 expected=84
[cmd_vel_chassis_serial.py-1] [WARN] [1784052761.930158198] [cmd_vel_chassis_serial]: Drop leg debug: len=80 expected=84
[cmd_vel_chassis_serial.py-1] [WARN] [1784052761.980947392] [cmd_vel_chassis_serial]: Drop leg debug: len=80 expected=84
[cmd_vel_chassis_serial.py-1] [WARN] [1784052762.013702057] [cmd_vel_chassis_serial]: Drop leg debug: len=80 expected=84
[cmd_vel_chassis_serial.py-1] [WARN] [1784052762.030143878] [cmd_vel_chassis_serial]: Drop leg debug: len=80 expected=84
[cmd_vel_chassis_serial.py-1] [ERROR] [1784052762.032336733] [cmd_vel_chassis_serial]: Serial write failed: Write timeout
[cmd_vel_chassis_serial.py-1] [WARN] [1784052762.068385791] [cmd_vel_chassis_serial]: Drop leg debug: len=80 expected=84
[cmd_vel_chassis_serial.py-1] [WARN] [1784052762.136555267] [cmd_vel_chassis_serial]: Drop leg debug: len=80 expected=84
[cmd_vel_chassis_serial.py-1] [WARN] [1784052762.168442757] [cmd_vel_chassis_serial]: Drop leg debug: len=80 expected=84
[cmd_vel_chassis_serial.py-1] [WARN] [1784052762.192479962] [cmd_vel_chassis_serial]: Drop leg debug: len=80 expected=84
[cmd_vel_chassis_serial.py-1] [WARN] [1784052762.212989976] [cmd_vel_chassis_serial]: Drop leg debug: len=80 expected=84
[cmd_vel_chassis_serial.py-1] [WARN] [1784052762.251420416] [cmd_vel_chassis_serial]: Drop leg debug: len=80 expected=84
[cmd_vel_chassis_serial.py-1] [WARN] [1784052762.278850288] [cmd_vel_chassis_serial]: Drop leg debug: len=80 expected=84
[cmd_vel_chassis_serial.py-1] [WARN] [1784052762.304612670] [cmd_vel_chassis_serial]: Drop leg debug: len=80 expected=84
[cmd_vel_chassis_serial.py-1] [WARN] [1784052762.328987687] [cmd_vel_chassis_serial]: Drop leg debug: len=80 expected=84
[cmd_vel_chassis_serial.py-1] [WARN] [1784052762.362116953] [cmd_vel_chassis_serial]: Drop leg debug: len=80 expected=84
[cmd_vel_chassis_serial.py-1] [WARN] [1784052762.405957698] [cmd_vel_chassis_serial]: Drop leg debug: len=80 expected=84
[cmd_vel_chassis_serial.py-1] [WARN] [1784052762.440266555] [cmd_vel_chassis_serial]: Drop leg debug: len=80 expected=84
[cmd_vel_chassis_serial.py-1] [WARN] [1784052762.449360260] [cmd_vel_chassis_serial]: Drop leg debug: len=80 expected=84
[cmd_vel_chassis_serial.py-1] [WARN] [1784052762.475756118] [cmd_vel_chassis_serial]: Drop leg debug: len=80 expected=84
[cmd_vel_chassis_serial.py-1] [WARN] [1784052762.495461938] [cmd_vel_chassis_serial]: Drop leg debug: len=80 expected=84
[cmd_vel_chassis_serial.py-1] [WARN] [1784052762.541966950] [cmd_vel_chassis_serial]: Drop leg debug: len=80 expected=84
[cmd_vel_chassis_serial.py-1] [WARN] [1784052762.573018828] [cmd_vel_chassis_serial]: Drop leg debug: len=80 expected=84
[cmd_vel_chassis_serial.py-1] [WARN] [1784052762.621821279] [cmd_vel_chassis_serial]: Drop leg debug: len=80 expected=84
[cmd_vel_chassis_serial.py-1] [WARN] [1784052762.650611216] [cmd_vel_chassis_serial]: Drop leg debug: len=80 expected=84
[cmd_vel_chassis_serial.py-1] [WARN] [1784052762.671593877] [cmd_vel_chassis_serial]: Drop leg debug: len=80 expected=84
[cmd_vel_chassis_serial.py-1] [WARN] [1784052762.700388170] [cmd_vel_chassis_serial]: Drop leg debug: len=80 expected=84
[cmd_vel_chassis_serial.py-1] [WARN] [1784052762.715317534] [cmd_vel_chassis_serial]: Drop leg debug: len=80 expected=84
[cmd_vel_chassis_serial.py-1] [WARN] [1784052762.752525506] [cmd_vel_chassis_serial]: Drop leg debug: len=80 expected=84
[cmd_vel_chassis_serial.py-1] [WARN] [1784052762.778205409] [cmd_vel_chassis_serial]: Drop leg debug: len=80 expected=84
[cmd_vel_chassis_serial.py-1] [WARN] [1784052762.809867699] [cmd_vel_chassis_serial]: Drop leg debug: len=80 expected=84
[cmd_vel_chassis_serial.py-1] [WARN] [1784052762.828422850] [cmd_vel_chassis_serial]: Drop leg debug: len=80 expected=84
[cmd_vel_chassis_serial.py-1] [WARN] [1784052762.903264615] [cmd_vel_chassis_serial]: Drop leg debug: len=80 expected=84
[cmd_vel_chassis_serial.py-1] [WARN] [1784052762.937010378] [cmd_vel_chassis_serial]: Drop leg debug: len=80 expected=84
[cmd_vel_chassis_serial.py-1] [WARN] [1784052762.960325544] [cmd_vel_chassis_serial]: Drop leg debug: len=80 expected=84
[cmd_vel_chassis_serial.py-1] [WARN] [1784052762.986661340] [cmd_vel_chassis_serial]: Drop leg debug: len=80 expected=84
[cmd_vel_chassis_serial.py-1] [WARN] [1784052762.994002616] [cmd_vel_chassis_serial]: Drop leg debug: len=80 expected=84
[cmd_vel_chassis_serial.py-1] [WARN] [1784052763.007393469] [cmd_vel_chassis_serial]: Drop leg debug: len=80 expected=84
[cmd_vel_chassis_serial.py-1] [WARN] [1784052763.045595297] [cmd_vel_chassis_serial]: Drop leg debug: len=80 expected=84
[cmd_vel_chassis_serial.py-1] [WARN] [1784052763.055865903] [cmd_vel_chassis_serial]: Drop leg debug: len=80 expected=84
[cmd_vel_chassis_serial.py-1] [WARN] [1784052763.067183915] [cmd_vel_chassis_serial]: Drop leg debug: len=80 expected=84
[cmd_vel_chassis_serial.py-1] [WARN] [1784052763.074492621] [cmd_vel_chassis_serial]: Drop leg debug: len=80 expected=84
[cmd_vel_chassis_serial.py-1] [WARN] [1784052763.083563357] [cmd_vel_chassis_serial]: Drop leg debug: len=80 expected=84
[cmd_vel_chassis_serial.py-1] [WARN] [1784052763.106474478] [cmd_vel_chassis_serial]: Drop leg debug: len=80 expected=84
[cmd_vel_chassis_serial.py-1] [WARN] [1784052763.115963763] [cmd_vel_chassis_serial]: Drop leg debug: len=80 expected=84
[cmd_vel_chassis_serial.py-1] [WARN] [1784052763.136271988] [cmd_vel_chassis_serial]: Drop leg debug: len=80 expected=84
[cmd_vel_chassis_serial.py-1] [WARN] [1784052763.153249853] [cmd_vel_chassis_serial]: Drop leg debug: len=80 expected=84
[cmd_vel_chassis_serial.py-1] [WARN] [1784052763.173447002] [cmd_vel_chassis_serial]: Drop leg debug: len=80 expected=84
[cmd_vel_chassis_serial.py-1] [WARN] [1784052763.233756897] [cmd_vel_chassis_serial]: Drop leg debug: len=80 expected=84
[cmd_vel_chassis_serial.py-1] [WARN] [1784052763.248952824] [cmd_vel_chassis_serial]: Drop leg debug: len=80 expected=84
[cmd_vel_chassis_serial.py-1] [ERROR] [1784052763.289175577] [cmd_vel_chassis_serial]: Serial write failed: Write timeout
[cmd_vel_chassis_serial.py-1] [WARN] [1784052763.304495468] [cmd_vel_chassis_serial]: Drop leg debug: len=80 expected=84
[cmd_vel_chassis_serial.py-1] [WARN] [1784052763.332496879] [cmd_vel_chassis_serial]: Drop leg debug: len=80 expected=84
[cmd_vel_chassis_serial.py-1] [ERROR] [1784052763.357907623] [cmd_vel_chassis_serial]: Serial write failed: Write timeout
[cmd_vel_chassis_serial.py-1] [WARN] [1784052763.369982380] [cmd_vel_chassis_serial]: Drop leg debug: len=80 expected=84
[cmd_vel_chassis_serial.py-1] [WARN] [1784052763.400317207] [cmd_vel_chassis_serial]: Drop leg debug: len=80 expected=84
[cmd_vel_chassis_serial.py-1] [WARN] [1784052763.413407341] [cmd_vel_chassis_serial]: Drop leg debug: len=80 expected=84
[cmd_vel_chassis_serial.py-1] [WARN] [1784052763.439920668] [cmd_vel_chassis_serial]: Drop leg debug: len=80 expected=84
[cmd_vel_chassis_serial.py-1] [ERROR] [1784052763.451574560] [cmd_vel_chassis_serial]: Serial write failed: Write timeout
[cmd_vel_chassis_serial.py-1] [WARN] [1784052763.502059075] [cmd_vel_chassis_serial]: Drop leg debug: len=80 expected=84
[cmd_vel_chassis_serial.py-1] [WARN] [1784052763.532066844] [cmd_vel_chassis_serial]: Drop leg debug: len=80 expected=84
[cmd_vel_chassis_serial.py-1] [WARN] [1784052763.617361600] [cmd_vel_chassis_serial]: Drop leg debug: len=80 expected=84
[cmd_vel_chassis_serial.py-1] [WARN] [1784052763.657493750] [cmd_vel_chassis_serial]: Drop leg debug: len=80 expected=84
[cmd_vel_chassis_serial.py-1] [WARN] [1784052763.684360417] [cmd_vel_chassis_serial]: Drop leg debug: len=80 expected=84
[cmd_vel_chassis_serial.py-1] [WARN] [1784052763.725480979] [cmd_vel_chassis_serial]: Drop leg debug: len=80 expected=84
[cmd_vel_chassis_serial.py-1] [WARN] [1784052763.767413596] [cmd_vel_chassis_serial]: Drop leg debug: len=80 expected=84
[cmd_vel_chassis_serial.py-1] [WARN] [1784052763.784992224] [cmd_vel_chassis_serial]: Drop leg debug: len=80 expected=84
[cmd_vel_chassis_serial.py-1] [WARN] [1784052763.809335293] [cmd_vel_chassis_serial]: Drop leg debug: len=80 expected=84
[cmd_vel_chassis_serial.py-1] [WARN] [1784052763.824753767] [cmd_vel_chassis_serial]: Drop leg debug: len=80 expected=84
[cmd_vel_chassis_serial.py-1] [WARN] [1784052763.836822836] [cmd_vel_chassis_serial]: Drop leg debug: len=80 expected=84
[cmd_vel_chassis_serial.py-1] [WARN] [1784052763.846149575] [cmd_vel_chassis_serial]: Drop leg debug: len=80 expected=84
[cmd_vel_chassis_serial.py-1] [WARN] [1784052763.850757725] [cmd_vel_chassis_serial]: Drop leg debug: len=80 expected=84
[cmd_vel_chassis_serial.py-1] [WARN] [1784052763.862295957] [cmd_vel_chassis_serial]: Drop leg debug: len=80 expected=84
[cmd_vel_chassis_serial.py-1] [WARN] [1784052763.867206001] [cmd_vel_chassis_serial]: Drop leg debug: len=80 expected=84
[cmd_vel_chassis_serial.py-1] [WARN] [1784052763.871350023] [cmd_vel_chassis_serial]: Drop leg debug: len=80 expected=84
[cmd_vel_chassis_serial.py-1] [WARN] [1784052763.877070778] [cmd_vel_chassis_serial]: Drop leg debug: len=80 expected=84
[cmd_vel_chassis_serial.py-1] [WARN] [1784052763.886097999] [cmd_vel_chassis_serial]: Drop leg debug: len=80 expected=84
[cmd_vel_chassis_serial.py-1] [WARN] [1784052763.890321525] [cmd_vel_chassis_serial]: Drop leg debug: len=80 expected=84
[cmd_vel_chassis_serial.py-1] [WARN] [1784052763.894985273] [cmd_vel_chassis_serial]: Drop leg debug: len=80 expected=84
[cmd_vel_chassis_serial.py-1] [WARN] [1784052763.911450817] [cmd_vel_chassis_serial]: Drop leg debug: len=80 expected=84
[cmd_vel_chassis_serial.py-1] [WARN] [1784052763.924204160] [cmd_vel_chassis_serial]: Drop leg debug: len=80 expected=84
[cmd_vel_chassis_serial.py-1] [WARN] [1784052763.942941846] [cmd_vel_chassis_serial]: Drop leg debug: len=80 expected=84
[cmd_vel_chassis_serial.py-1] [WARN] [1784052763.991929552] [cmd_vel_chassis_serial]: Drop leg debug: len=80 expected=84
[cmd_vel_chassis_serial.py-1] [WARN] [1784052764.003304326] [cmd_vel_chassis_serial]: Drop leg debug: len=80 expected=84
[cmd_vel_chassis_serial.py-1] [WARN] [1784052764.038940610] [cmd_vel_chassis_serial]: Drop leg debug: len=80 expected=84
[cmd_vel_chassis_serial.py-1] [WARN] [1784052764.093392856] [cmd_vel_chassis_serial]: Drop leg debug: len=80 expected=84
[cmd_vel_chassis_serial.py-1] [WARN] [1784052764.146468933] [cmd_vel_chassis_serial]: Drop leg debug: len=80 expected=84
[cmd_vel_chassis_serial.py-1] [WARN] [1784052764.191365605] [cmd_vel_chassis_serial]: Drop leg debug: len=80 expected=84
[cmd_vel_chassis_serial.py-1] [WARN] [1784052764.229283438] [cmd_vel_chassis_serial]: Drop leg debug: len=80 expected=84
[cmd_vel_chassis_serial.py-1] [WARN] [1784052764.251520627] [cmd_vel_chassis_serial]: Drop leg debug: len=80 expected=84
[cmd_vel_chassis_serial.py-1] [WARN] [1784052764.262146600] [cmd_vel_chassis_serial]: Drop leg debug: len=80 expected=84
[cmd_vel_chassis_serial.py-1] [WARN] [1784052764.269016055] [cmd_vel_chassis_serial]: Drop leg debug: len=80 expected=84
[cmd_vel_chassis_serial.py-1] [WARN] [1784052764.282029049] [cmd_vel_chassis_serial]: Drop leg debug: len=80 expected=84
[cmd_vel_chassis_serial.py-1] [WARN] [1784052764.290826750] [cmd_vel_chassis_serial]: Drop leg debug: len=80 expected=84
[cmd_vel_chassis_serial.py-1] [WARN] [1784052764.304276942] [cmd_vel_chassis_serial]: Drop leg debug: len=80 expected=84
[cmd_vel_chassis_serial.py-1] [WARN] [1784052764.311257904] [cmd_vel_chassis_serial]: Drop leg debug: len=80 expected=84
[cmd_vel_chassis_serial.py-1] [WARN] [1784052764.326979386] [cmd_vel_chassis_serial]: Drop leg debug: len=80 expected=84
[cmd_vel_chassis_serial.py-1] [WARN] [1784052764.342755686] [cmd_vel_chassis_serial]: Drop leg debug: len=80 expected=84
[cmd_vel_chassis_serial.py-1] [WARN] [1784052764.364952049] [cmd_vel_chassis_serial]: Drop leg debug: len=80 expected=84
[cmd_vel_chassis_serial.py-1] [WARN] [1784052764.390571848] [cmd_vel_chassis_serial]: Drop leg debug: len=80 expected=84
[cmd_vel_chassis_serial.py-1] [WARN] [1784052764.407043702] [cmd_vel_chassis_serial]: Drop leg debug: len=80 expected=84
[cmd_vel_chassis_serial.py-1] [WARN] [1784052764.420609890] [cmd_vel_chassis_serial]: Drop leg debug: len=80 expected=84
[cmd_vel_chassis_serial.py-1] [WARN] [1784052764.447973418] [cmd_vel_chassis_serial]: Drop leg debug: len=80 expected=84
[cmd_vel_chassis_serial.py-1] [WARN] [1784052764.490543958] [cmd_vel_chassis_serial]: Drop leg debug: len=80 expected=84
[cmd_vel_chassis_serial.py-1] [WARN] [1784052764.516003432] [cmd_vel_chassis_serial]: Drop leg debug: len=80 expected=84
[cmd_vel_chassis_serial.py-1] [WARN] [1784052764.549085972] [cmd_vel_chassis_serial]: Drop leg debug: len=80 expected=84
[cmd_vel_chassis_serial.py-1] [WARN] [1784052764.564598948] [cmd_vel_chassis_serial]: Drop leg debug: len=80 expected=84
[cmd_vel_chassis_serial.py-1] [WARN] [1784052764.606567200] [cmd_vel_chassis_serial]: Drop leg debug: len=80 expected=84
[cmd_vel_chassis_serial.py-1] [ERROR] [1784052764.655359355] [cmd_vel_chassis_serial]: Serial write failed: Write timeout
[cmd_vel_chassis_serial.py-1] [WARN] [1784052764.682157808] [cmd_vel_chassis_serial]: Drop leg debug: len=80 expected=84
[cmd_vel_chassis_serial.py-1] [WARN] [1784052764.706005317] [cmd_vel_chassis_serial]: Drop leg debug: len=80 expected=84
[cmd_vel_chassis_serial.py-1] [WARN] [1784052764.712398620] [cmd_vel_chassis_serial]: Drop leg debug: len=80 expected=84
[cmd_vel_chassis_serial.py-1] [WARN] [1784052764.723312806] [cmd_vel_chassis_serial]: Drop leg debug: len=80 expected=84
[cmd_vel_chassis_serial.py-1] [WARN] [1784052764.731910053] [cmd_vel_chassis_serial]: Drop leg debug: len=80 expected=84
[cmd_vel_chassis_serial.py-1] [WARN] [1784052764.747610630] [cmd_vel_chassis_serial]: Drop leg debug: len=80 expected=84
[cmd_vel_chassis_serial.py-1] [WARN] [1784052764.765954389] [cmd_vel_chassis_serial]: Drop leg debug: len=80 expected=84
[cmd_vel_chassis_serial.py-1] [WARN] [1784052764.784152487] [cmd_vel_chassis_serial]: Drop leg debug: len=80 expected=84
[cmd_vel_chassis_serial.py-1] [WARN] [1784052764.801034994] [cmd_vel_chassis_serial]: Drop leg debug: len=80 expected=84
[cmd_vel_chassis_serial.py-1] [WARN] [1784052764.813641943] [cmd_vel_chassis_serial]: Drop leg debug: len=80 expected=84
[cmd_vel_chassis_serial.py-1] [WARN] [1784052764.835444370] [cmd_vel_chassis_serial]: Drop leg debug: len=80 expected=84
[cmd_vel_chassis_serial.py-1] [WARN] [1784052764.876385942] [cmd_vel_chassis_serial]: Drop leg debug: len=80 expected=84
[cmd_vel_chassis_serial.py-1] [WARN] [1784052764.906907227] [cmd_vel_chassis_serial]: Drop leg debug: len=80 expected=84
[cmd_vel_chassis_serial.py-1] [WARN] [1784052764.932378654] [cmd_vel_chassis_serial]: Drop leg debug: len=80 expected=84
[cmd_vel_chassis_serial.py-1] [WARN] [1784052764.958076179] [cmd_vel_chassis_serial]: Drop leg debug: len=80 expected=84
[cmd_vel_chassis_serial.py-1] [WARN] [1784052764.972540692] [cmd_vel_chassis_serial]: Drop leg debug: len=80 expected=84
[cmd_vel_chassis_serial.py-1] [WARN] [1784052764.981450693] [cmd_vel_chassis_serial]: Drop leg debug: len=80 expected=84
[cmd_vel_chassis_serial.py-1] [WARN] [1784052764.992525564] [cmd_vel_chassis_serial]: Drop leg debug: len=80 expected=84
[cmd_vel_chassis_serial.py-1] [WARN] [1784052765.007390853] [cmd_vel_chassis_serial]: Drop leg debug: len=80 expected=84
[cmd_vel_chassis_serial.py-1] [WARN] [1784052765.061509386] [cmd_vel_chassis_serial]: Drop leg debug: len=80 expected=84
[cmd_vel_chassis_serial.py-1] [WARN] [1784052765.080192045] [cmd_vel_chassis_serial]: Drop leg debug: len=80 expected=84
[cmd_vel_chassis_serial.py-1] [WARN] [1784052765.107303993] [cmd_vel_chassis_serial]: Drop leg debug: len=80 expected=84
[cmd_vel_chassis_serial.py-1] [ERROR] [1784052765.129711537] [cmd_vel_chassis_serial]: Serial write failed: Write timeout
[cmd_vel_chassis_serial.py-1] [WARN] [1784052765.151561951] [cmd_vel_chassis_serial]: Drop leg debug: len=80 expected=84
[cmd_vel_chassis_serial.py-1] [WARN] [1784052765.171679713] [cmd_vel_chassis_serial]: Drop leg debug: len=80 expected=84
[cmd_vel_chassis_serial.py-1] [WARN] [1784052765.192138598] [cmd_vel_chassis_serial]: Drop leg debug: len=80 expected=84
[cmd_vel_chassis_serial.py-1] [ERROR] [1784052765.239740763] [cmd_vel_chassis_serial]: Serial write failed: Write timeout
[cmd_vel_chassis_serial.py-1] [WARN] [1784052765.253478999] [cmd_vel_chassis_serial]: Drop leg debug: len=80 expected=84
[cmd_vel_chassis_serial.py-1] [WARN] [1784052765.280513136] [cmd_vel_chassis_serial]: Drop leg debug: len=80 expected=84
[cmd_vel_chassis_serial.py-1] [WARN] [1784052765.323705388] [cmd_vel_chassis_serial]: Drop leg debug: len=80 expected=84
[cmd_vel_chassis_serial.py-1] [ERROR] [1784052765.345712910] [cmd_vel_chassis_serial]: Serial write failed: Write timeout
[cmd_vel_chassis_serial.py-1] [WARN] [1784052765.361441207] [cmd_vel_chassis_serial]: Drop leg debug: len=80 expected=84
[cmd_vel_chassis_serial.py-1] [WARN] [1784052765.388810011] [cmd_vel_chassis_serial]: Drop leg debug: len=80 expected=84
[cmd_vel_chassis_serial.py-1] [WARN] [1784052765.412536517] [cmd_vel_chassis_serial]: Drop leg debug: len=80 expected=84
[cmd_vel_chassis_serial.py-1] [WARN] [1784052765.429766722] [cmd_vel_chassis_serial]: Drop leg debug: len=80 expected=84
[cmd_vel_chassis_serial.py-1] [WARN] [1784052765.442401186] [cmd_vel_chassis_serial]: Drop leg debug: len=80 expected=84
[cmd_vel_chassis_serial.py-1] [ERROR] [1784052765.465654733] [cmd_vel_chassis_serial]: Serial write failed: Write timeout
[cmd_vel_chassis_serial.py-1] [WARN] [1784052765.491959787] [cmd_vel_chassis_serial]: Drop leg debug: len=80 expected=84
[cmd_vel_chassis_serial.py-1] [WARN] [1784052765.514514720] [cmd_vel_chassis_serial]: Drop leg debug: len=80 expected=84
[cmd_vel_chassis_serial.py-1] [WARN] [1784052765.528580350] [cmd_vel_chassis_serial]: Drop leg debug: len=80 expected=84
[cmd_vel_chassis_serial.py-1] [WARN] [1784052765.556217267] [cmd_vel_chassis_serial]: Drop leg debug: len=80 expected=84
[cmd_vel_chassis_serial.py-1] [WARN] [1784052765.569425542] [cmd_vel_chassis_serial]: Drop leg debug: len=80 expected=84
[cmd_vel_chassis_serial.py-1] [WARN] [1784052765.578562265] [cmd_vel_chassis_serial]: Drop leg debug: len=80 expected=84
[cmd_vel_chassis_serial.py-1] [WARN] [1784052765.594245043] [cmd_vel_chassis_serial]: Drop leg debug: len=80 expected=84
[cmd_vel_chassis_serial.py-1] [WARN] [1784052765.606570149] [cmd_vel_chassis_serial]: Drop leg debug: len=80 expected=84
[cmd_vel_chassis_serial.py-1] [WARN] [1784052765.612364188] [cmd_vel_chassis_serial]: Drop leg debug: len=80 expected=84
[cmd_vel_chassis_serial.py-1] [WARN] [1784052765.627795547] [cmd_vel_chassis_serial]: Drop leg debug: len=80 expected=84
[cmd_vel_chassis_serial.py-1] [WARN] [1784052765.633676181] [cmd_vel_chassis_serial]: Drop leg debug: len=80 expected=84
[cmd_vel_chassis_serial.py-1] [WARN] [1784052765.643094061] [cmd_vel_chassis_serial]: Drop leg debug: len=80 expected=84
[cmd_vel_chassis_serial.py-1] [WARN] [1784052765.652262501] [cmd_vel_chassis_serial]: Drop leg debug: len=80 expected=84
[cmd_vel_chassis_serial.py-1] [WARN] [1784052765.686029972] [cmd_vel_chassis_serial]: Drop leg debug: len=80 expected=84
[cmd_vel_chassis_serial.py-1] [WARN] [1784052765.702455239] [cmd_vel_chassis_serial]: Drop leg debug: len=80 expected=84
[cmd_vel_chassis_serial.py-1] [WARN] [1784052765.720809256] [cmd_vel_chassis_serial]: Drop leg debug: len=80 expected=84
[cmd_vel_chassis_serial.py-1] [WARN] [1784052765.758786079] [cmd_vel_chassis_serial]: Drop leg debug: len=80 expected=84
[cmd_vel_chassis_serial.py-1] [WARN] [1784052765.780670046] [cmd_vel_chassis_serial]: Drop leg debug: len=80 expected=84
[cmd_vel_chassis_serial.py-1] [WARN] [1784052765.806987580] [cmd_vel_chassis_serial]: Drop leg debug: len=80 expected=84
[cmd_vel_chassis_serial.py-1] [WARN] [1784052765.848985036] [cmd_vel_chassis_serial]: Drop leg debug: len=80 expected=84
[cmd_vel_chassis_serial.py-1] [WARN] [1784052765.895147420] [cmd_vel_chassis_serial]: Drop leg debug: len=80 expected=84
[cmd_vel_chassis_serial.py-1] [WARN] [1784052765.923172549] [cmd_vel_chassis_serial]: Drop leg debug: len=80 expected=84
[cmd_vel_chassis_serial.py-1] [WARN] [1784052765.980800475] [cmd_vel_chassis_serial]: Drop leg debug: len=80 expected=84
[cmd_vel_chassis_serial.py-1] [WARN] [1784052766.015123562] [cmd_vel_chassis_serial]: Drop leg debug: len=80 expected=84
[cmd_vel_chassis_serial.py-1] [WARN] [1784052766.033527186] [cmd_vel_chassis_serial]: Drop leg debug: len=80 expected=84
[cmd_vel_chassis_serial.py-1] [ERROR] [1784052766.059695372] [cmd_vel_chassis_serial]: Serial write failed: Write timeout
[cmd_vel_chassis_serial.py-1] [WARN] [1784052766.068759876] [cmd_vel_chassis_serial]: Drop leg debug: len=80 expected=84
[cmd_vel_chassis_serial.py-1] [WARN] [1784052766.094075758] [cmd_vel_chassis_serial]: Drop leg debug: len=80 expected=84
[cmd_vel_chassis_serial.py-1] [WARN] [1784052766.123114809] [cmd_vel_chassis_serial]: Drop leg debug: len=80 expected=84
[cmd_vel_chassis_serial.py-1] [WARN] [1784052766.153114395] [cmd_vel_chassis_serial]: Drop leg debug: len=80 expected=84
[cmd_vel_chassis_serial.py-1] [WARN] [1784052766.165476052] [cmd_vel_chassis_serial]: Drop leg debug: len=80 expected=84
[cmd_vel_chassis_serial.py-1] [WARN] [1784052766.173609962] [cmd_vel_chassis_serial]: Drop leg debug: len=80 expected=84
[cmd_vel_chassis_serial.py-1] [WARN] [1784052766.206608648] [cmd_vel_chassis_serial]: Drop leg debug: len=80 expected=84
[cmd_vel_chassis_serial.py-1] [WARN] [1784052766.226050078] [cmd_vel_chassis_serial]: Drop leg debug: len=80 expected=84
[cmd_vel_chassis_serial.py-1] [WARN] [1784052766.286503259] [cmd_vel_chassis_serial]: Drop leg debug: len=80 expected=84
[cmd_vel_chassis_serial.py-1] [WARN] [1784052766.379161637] [cmd_vel_chassis_serial]: Drop leg debug: len=80 expected=84
[cmd_vel_chassis_serial.py-1] [ERROR] [1784052766.420033645] [cmd_vel_chassis_serial]: Serial write failed: Write timeout
[cmd_vel_chassis_serial.py-1] [WARN] [1784052766.459169508] [cmd_vel_chassis_serial]: Drop leg debug: len=80 expected=84
[cmd_vel_chassis_serial.py-1] [WARN] [1784052766.511820363] [cmd_vel_chassis_serial]: Drop leg debug: len=80 expected=84
[cmd_vel_chassis_serial.py-1] [WARN] [1784052766.604927339] [cmd_vel_chassis_serial]: Drop leg debug: len=80 expected=84
[cmd_vel_chassis_serial.py-1] [WARN] [1784052766.676590381] [cmd_vel_chassis_serial]: Drop leg debug: len=80 expected=84
[cmd_vel_chassis_serial.py-1] [WARN] [1784052766.765932441] [cmd_vel_chassis_serial]: Drop leg debug: len=80 expected=84
[cmd_vel_chassis_serial.py-1] [ERROR] [1784052766.771059018] [cmd_vel_chassis_serial]: Serial write failed: Write timeout
[cmd_vel_chassis_serial.py-1] [WARN] [1784052766.873018823] [cmd_vel_chassis_serial]: Drop leg debug: len=80 expected=84
[cmd_vel_chassis_serial.py-1] [ERROR] [1784052766.877854331] [cmd_vel_chassis_serial]: Serial write failed: Write timeout
[cmd_vel_chassis_serial.py-1] [WARN] [1784052766.931692671] [cmd_vel_chassis_serial]: Drop leg debug: len=80 expected=84
[cmd_vel_chassis_serial.py-1] [WARN] [1784052766.955339876] [cmd_vel_chassis_serial]: Drop leg debug: len=80 expected=84
[cmd_vel_chassis_serial.py-1] [WARN] [1784052766.968409341] [cmd_vel_chassis_serial]: Drop leg debug: len=80 expected=84
[cmd_vel_chassis_serial.py-1] [WARN] [1784052766.983345273] [cmd_vel_chassis_serial]: Drop leg debug: len=80 expected=84
[cmd_vel_chassis_serial.py-1] [WARN] [1784052767.038029673] [cmd_vel_chassis_serial]: Drop leg debug: len=80 expected=84
[cmd_vel_chassis_serial.py-1] [WARN] [1784052767.060597705] [cmd_vel_chassis_serial]: Drop leg debug: len=80 expected=84
[cmd_vel_chassis_serial.py-1] [WARN] [1784052767.068537375] [cmd_vel_chassis_serial]: Drop leg debug: len=80 expected=84
[cmd_vel_chassis_serial.py-1] [WARN] [1784052767.109747644] [cmd_vel_chassis_serial]: Drop leg debug: len=80 expected=84
[cmd_vel_chassis_serial.py-1] [WARN] [1784052767.123963156] [cmd_vel_chassis_serial]: Drop leg debug: len=80 expected=84
[cmd_vel_chassis_serial.py-1] [WARN] [1784052767.141135203] [cmd_vel_chassis_serial]: Drop leg debug: len=80 expected=84
[cmd_vel_chassis_serial.py-1] [WARN] [1784052767.174580887] [cmd_vel_chassis_serial]: Drop leg debug: len=80 expected=84
[cmd_vel_chassis_serial.py-1] [WARN] [1784052767.216373247] [cmd_vel_chassis_serial]: Drop leg debug: len=80 expected=84
[cmd_vel_chassis_serial.py-1] [WARN] [1784052767.235562186] [cmd_vel_chassis_serial]: Drop leg debug: len=80 expected=84
[cmd_vel_chassis_serial.py-1] [WARN] [1784052767.247088724] [cmd_vel_chassis_serial]: Drop leg debug: len=80 expected=84
[cmd_vel_chassis_serial.py-1] [WARN] [1784052767.252488441] [cmd_vel_chassis_serial]: Drop leg debug: len=80 expected=84
[cmd_vel_chassis_serial.py-1] [WARN] [1784052767.289437866] [cmd_vel_chassis_serial]: Drop leg debug: len=80 expected=84
[cmd_vel_chassis_serial.py-1] [WARN] [1784052767.307196407] [cmd_vel_chassis_serial]: Drop leg debug: len=80 expected=84
[cmd_vel_chassis_serial.py-1] [WARN] [1784052767.368719032] [cmd_vel_chassis_serial]: Drop leg debug: len=80 expected=84
[cmd_vel_chassis_serial.py-1] [WARN] [1784052767.409465210] [cmd_vel_chassis_serial]: Drop leg debug: len=80 expected=84
[cmd_vel_chassis_serial.py-1] [WARN] [1784052767.420093303] [cmd_vel_chassis_serial]: Drop leg debug: len=80 expected=84
[cmd_vel_chassis_serial.py-1] [WARN] [1784052767.443373353] [cmd_vel_chassis_serial]: Drop leg debug: len=80 expected=84
[cmd_vel_chassis_serial.py-1] [WARN] [1784052767.455529059] [cmd_vel_chassis_serial]: Drop leg debug: len=80 expected=84
[cmd_vel_chassis_serial.py-1] [WARN] [1784052767.488493264] [cmd_vel_chassis_serial]: Drop leg debug: len=80 expected=84
[cmd_vel_chassis_serial.py-1] [WARN] [1784052767.513217381] [cmd_vel_chassis_serial]: Drop leg debug: len=80 expected=84
[cmd_vel_chassis_serial.py-1] [WARN] [1784052767.535422076] [cmd_vel_chassis_serial]: Drop leg debug: len=80 expected=84
[cmd_vel_chassis_serial.py-1] [WARN] [1784052767.556715739] [cmd_vel_chassis_serial]: Drop leg debug: len=80 expected=84
[cmd_vel_chassis_serial.py-1] [WARN] [1784052767.608771092] [cmd_vel_chassis_serial]: Drop leg debug: len=80 expected=84
[cmd_vel_chassis_serial.py-1] [WARN] [1784052767.631985884] [cmd_vel_chassis_serial]: Drop leg debug: len=80 expected=84
[cmd_vel_chassis_serial.py-1] [ERROR] [1784052767.657500394] [cmd_vel_chassis_serial]: Serial write failed: Write timeout
[cmd_vel_chassis_serial.py-1] [WARN] [1784052767.666900452] [cmd_vel_chassis_serial]: Drop leg debug: len=80 expected=84
[cmd_vel_chassis_serial.py-1] [WARN] [1784052767.699509589] [cmd_vel_chassis_serial]: Drop leg debug: len=80 expected=84
[cmd_vel_chassis_serial.py-1] [WARN] [1784052767.722833309] [cmd_vel_chassis_serial]: Drop leg debug: len=80 expected=84
[cmd_vel_chassis_serial.py-1] [WARN] [1784052767.748132844] [cmd_vel_chassis_serial]: Drop leg debug: len=80 expected=84
[cmd_vel_chassis_serial.py-1] [WARN] [1784052767.781142303] [cmd_vel_chassis_serial]: Drop leg debug: len=80 expected=84
[cmd_vel_chassis_serial.py-1] [WARN] [1784052767.799093618] [cmd_vel_chassis_serial]: Drop leg debug: len=80 expected=84
[cmd_vel_chassis_serial.py-1] [WARN] [1784052767.807876556] [cmd_vel_chassis_serial]: Drop leg debug: len=80 expected=84
[cmd_vel_chassis_serial.py-1] [WARN] [1784052767.818242104] [cmd_vel_chassis_serial]: Drop leg debug: len=80 expected=84
[cmd_vel_chassis_serial.py-1] [WARN] [1784052767.843504822] [cmd_vel_chassis_serial]: Drop leg debug: len=80 expected=84
[cmd_vel_chassis_serial.py-1] [WARN] [1784052767.868521988] [cmd_vel_chassis_serial]: Drop leg debug: len=80 expected=84
[cmd_vel_chassis_serial.py-1] [WARN] [1784052767.880215031] [cmd_vel_chassis_serial]: Drop leg debug: len=80 expected=84
[cmd_vel_chassis_serial.py-1] [WARN] [1784052767.899547363] [cmd_vel_chassis_serial]: Drop leg debug: len=80 expected=84
[cmd_vel_chassis_serial.py-1] [WARN] [1784052767.920296448] [cmd_vel_chassis_serial]: Drop leg debug: len=80 expected=84
[cmd_vel_chassis_serial.py-1] [WARN] [1784052767.945306030] [cmd_vel_chassis_serial]: Drop leg debug: len=80 expected=84
[cmd_vel_chassis_serial.py-1] [ERROR] [1784052767.997905612] [cmd_vel_chassis_serial]: Serial write failed: Write timeout
[cmd_vel_chassis_serial.py-1] [WARN] [1784052768.014887859] [cmd_vel_chassis_serial]: Drop leg debug: len=80 expected=84
[cmd_vel_chassis_serial.py-1] [WARN] [1784052768.075315297] [cmd_vel_chassis_serial]: Drop leg debug: len=80 expected=84
[cmd_vel_chassis_serial.py-1] [WARN] [1784052768.093653107] [cmd_vel_chassis_serial]: Drop leg debug: len=80 expected=84
[cmd_vel_chassis_serial.py-1] [WARN] [1784052768.109139002] [cmd_vel_chassis_serial]: Drop leg debug: len=80 expected=84
[cmd_vel_chassis_serial.py-1] [WARN] [1784052768.123135913] [cmd_vel_chassis_serial]: Drop leg debug: len=80 expected=84
[cmd_vel_chassis_serial.py-1] [WARN] [1784052768.129994420] [cmd_vel_chassis_serial]: Drop leg debug: len=80 expected=84
[cmd_vel_chassis_serial.py-1] [WARN] [1784052768.135900949] [cmd_vel_chassis_serial]: Drop leg debug: len=80 expected=84
[cmd_vel_chassis_serial.py-1] [WARN] [1784052768.152725498] [cmd_vel_chassis_serial]: Drop leg debug: len=80 expected=84
[cmd_vel_chassis_serial.py-1] [WARN] [1784052768.163505166] [cmd_vel_chassis_serial]: Drop leg debug: len=80 expected=84
[cmd_vel_chassis_serial.py-1] [WARN] [1784052768.172099757] [cmd_vel_chassis_serial]: Drop leg debug: len=80 expected=84
[cmd_vel_chassis_serial.py-1] [WARN] [1784052768.190006309] [cmd_vel_chassis_serial]: Drop leg debug: len=80 expected=84
[cmd_vel_chassis_serial.py-1] [WARN] [1784052768.206106791] [cmd_vel_chassis_serial]: Drop leg debug: len=80 expected=84
[cmd_vel_chassis_serial.py-1] [WARN] [1784052768.216975610] [cmd_vel_chassis_serial]: Drop leg debug: len=80 expected=84
[cmd_vel_chassis_serial.py-1] [WARN] [1784052768.279200934] [cmd_vel_chassis_serial]: Drop leg debug: len=80 expected=84
[cmd_vel_chassis_serial.py-1] [WARN] [1784052768.294646747] [cmd_vel_chassis_serial]: Drop leg debug: len=80 expected=84
[cmd_vel_chassis_serial.py-1] [WARN] [1784052768.322305123] [cmd_vel_chassis_serial]: Drop leg debug: len=80 expected=84
[cmd_vel_chassis_serial.py-1] [WARN] [1784052768.351270916] [cmd_vel_chassis_serial]: Drop leg debug: len=80 expected=84
[cmd_vel_chassis_serial.py-1] [WARN] [1784052768.373449436] [cmd_vel_chassis_serial]: Drop leg debug: len=80 expected=84
[cmd_vel_chassis_serial.py-1] [WARN] [1784052768.407028573] [cmd_vel_chassis_serial]: Drop leg debug: len=80 expected=84
[cmd_vel_chassis_serial.py-1] [WARN] [1784052768.423557997] [cmd_vel_chassis_serial]: Drop leg debug: len=80 expected=84
[cmd_vel_chassis_serial.py-1] [WARN] [1784052768.453254530] [cmd_vel_chassis_serial]: Drop leg debug: len=80 expected=84
[cmd_vel_chassis_serial.py-1] [WARN] [1784052768.472189262] [cmd_vel_chassis_serial]: Drop leg debug: len=80 expected=84
[cmd_vel_chassis_serial.py-1] [WARN] [1784052768.487111523] [cmd_vel_chassis_serial]: Drop leg debug: len=80 expected=84
[cmd_vel_chassis_serial.py-1] [WARN] [1784052768.501511047] [cmd_vel_chassis_serial]: Drop leg debug: len=80 expected=84
[cmd_vel_chassis_serial.py-1] [WARN] [1784052768.509968581] [cmd_vel_chassis_serial]: Drop leg debug: len=80 expected=84
[cmd_vel_chassis_serial.py-1] [WARN] [1784052768.571544168] [cmd_vel_chassis_serial]: Drop leg debug: len=80 expected=84
[cmd_vel_chassis_serial.py-1] [WARN] [1784052768.597442423] [cmd_vel_chassis_serial]: Drop leg debug: len=80 expected=84
[cmd_vel_chassis_serial.py-1] [WARN] [1784052768.627903836] [cmd_vel_chassis_serial]: Drop leg debug: len=80 expected=84
[cmd_vel_chassis_serial.py-1] [WARN] [1784052768.643063176] [cmd_vel_chassis_serial]: Drop leg debug: len=80 expected=84
[cmd_vel_chassis_serial.py-1] [WARN] [1784052768.662451872] [cmd_vel_chassis_serial]: Drop leg debug: len=80 expected=84
[cmd_vel_chassis_serial.py-1] [WARN] [1784052768.690008832] [cmd_vel_chassis_serial]: Drop leg debug: len=80 expected=84
[cmd_vel_chassis_serial.py-1] [WARN] [1784052768.709662424] [cmd_vel_chassis_serial]: Drop leg debug: len=80 expected=84
[cmd_vel_chassis_serial.py-1] [WARN] [1784052768.718836873] [cmd_vel_chassis_serial]: Drop leg debug: len=80 expected=84
[cmd_vel_chassis_serial.py-1] [WARN] [1784052768.744122304] [cmd_vel_chassis_serial]: Drop leg debug: len=80 expected=84
[cmd_vel_chassis_serial.py-1] [WARN] [1784052768.761850423] [cmd_vel_chassis_serial]: Drop leg debug: len=80 expected=84
[cmd_vel_chassis_serial.py-1] [WARN] [1784052768.769289688] [cmd_vel_chassis_serial]: Drop leg debug: len=80 expected=84
[cmd_vel_chassis_serial.py-1] [WARN] [1784052768.784304400] [cmd_vel_chassis_serial]: Drop leg debug: len=80 expected=84
[cmd_vel_chassis_serial.py-1] [WARN] [1784052768.855324348] [cmd_vel_chassis_serial]: Drop leg debug: len=80 expected=84
[cmd_vel_chassis_serial.py-1] [WARN] [1784052768.869951436] [cmd_vel_chassis_serial]: Drop leg debug: len=80 expected=84
[cmd_vel_chassis_serial.py-1] [WARN] [1784052768.883194639] [cmd_vel_chassis_serial]: Drop leg debug: len=80 expected=84
[cmd_vel_chassis_serial.py-1] [WARN] [1784052768.889389669] [cmd_vel_chassis_serial]: Drop leg debug: len=80 expected=84
[cmd_vel_chassis_serial.py-1] [WARN] [1784052768.903082838] [cmd_vel_chassis_serial]: Drop leg debug: len=80 expected=84
[cmd_vel_chassis_serial.py-1] [WARN] [1784052768.912604182] [cmd_vel_chassis_serial]: Drop leg debug: len=80 expected=84
[cmd_vel_chassis_serial.py-1] [WARN] [1784052768.983110778] [cmd_vel_chassis_serial]: Drop leg debug: len=80 expected=84
[cmd_vel_chassis_serial.py-1] [WARN] [1784052769.019280087] [cmd_vel_chassis_serial]: Drop leg debug: len=80 expected=84
[cmd_vel_chassis_serial.py-1] [WARN] [1784052769.039160376] [cmd_vel_chassis_serial]: Drop leg debug: len=80 expected=84
[cmd_vel_chassis_serial.py-1] [WARN] [1784052769.071843056] [cmd_vel_chassis_serial]: Drop leg debug: len=80 expected=84
[cmd_vel_chassis_serial.py-1] [WARN] [1784052769.087082521] [cmd_vel_chassis_serial]: Drop leg debug: len=80 expected=84
[cmd_vel_chassis_serial.py-1] [WARN] [1784052769.107139911] [cmd_vel_chassis_serial]: Drop leg debug: len=80 expected=84
[cmd_vel_chassis_serial.py-1] [WARN] [1784052769.151824725] [cmd_vel_chassis_serial]: Drop leg debug: len=80 expected=84
[cmd_vel_chassis_serial.py-1] [WARN] [1784052769.166917150] [cmd_vel_chassis_serial]: Drop leg debug: len=80 expected=84
[cmd_vel_chassis_serial.py-1] [WARN] [1784052769.185794926] [cmd_vel_chassis_serial]: Drop leg debug: len=80 expected=84
[cmd_vel_chassis_serial.py-1] [WARN] [1784052769.204310640] [cmd_vel_chassis_serial]: Drop leg debug: len=80 expected=84
[cmd_vel_chassis_serial.py-1] [WARN] [1784052769.233489628] [cmd_vel_chassis_serial]: Drop leg debug: len=80 expected=84
[cmd_vel_chassis_serial.py-1] [WARN] [1784052769.244307360] [cmd_vel_chassis_serial]: Drop leg debug: len=80 expected=84
[cmd_vel_chassis_serial.py-1] [WARN] [1784052769.285595214] [cmd_vel_chassis_serial]: Drop leg debug: len=80 expected=84
[cmd_vel_chassis_serial.py-1] [WARN] [1784052769.306064998] [cmd_vel_chassis_serial]: Drop leg debug: len=80 expected=84
[cmd_vel_chassis_serial.py-1] [WARN] [1784052769.328216083] [cmd_vel_chassis_serial]: Drop leg debug: len=80 expected=84
[cmd_vel_chassis_serial.py-1] [WARN] [1784052769.334373935] [cmd_vel_chassis_serial]: Drop leg debug: len=80 expected=84
[cmd_vel_chassis_serial.py-1] [WARN] [1784052769.368363060] [cmd_vel_chassis_serial]: Drop leg debug: len=80 expected=84
[cmd_vel_chassis_serial.py-1] [WARN] [1784052769.381346765] [cmd_vel_chassis_serial]: Drop leg debug: len=80 expected=84
[cmd_vel_chassis_serial.py-1] [WARN] [1784052769.437154205] [cmd_vel_chassis_serial]: Drop leg debug: len=80 expected=84
[cmd_vel_chassis_serial.py-1] [WARN] [1784052769.504243300] [cmd_vel_chassis_serial]: Drop leg debug: len=80 expected=84
[cmd_vel_chassis_serial.py-1] [ERROR] [1784052769.518744622] [cmd_vel_chassis_serial]: Serial write failed: Write timeout
[cmd_vel_chassis_serial.py-1] [WARN] [1784052769.548324519] [cmd_vel_chassis_serial]: Drop leg debug: len=80 expected=84
[cmd_vel_chassis_serial.py-1] [WARN] [1784052769.589439963] [cmd_vel_chassis_serial]: Drop leg debug: len=80 expected=84
[cmd_vel_chassis_serial.py-1] [WARN] [1784052769.640586359] [cmd_vel_chassis_serial]: Drop leg debug: len=80 expected=84
[cmd_vel_chassis_serial.py-1] [WARN] [1784052769.677388470] [cmd_vel_chassis_serial]: Drop leg debug: len=80 expected=84
[cmd_vel_chassis_serial.py-1] [WARN] [1784052769.770578612] [cmd_vel_chassis_serial]: Drop leg debug: len=80 expected=84
[cmd_vel_chassis_serial.py-1] [WARN] [1784052769.843261637] [cmd_vel_chassis_serial]: Drop leg debug: len=80 expected=84
[cmd_vel_chassis_serial.py-1] [WARN] [1784052769.914002172] [cmd_vel_chassis_serial]: Drop leg debug: len=80 expected=84
[cmd_vel_chassis_serial.py-1] [WARN] [1784052769.943491142] [cmd_vel_chassis_serial]: Drop leg debug: len=80 expected=84
[cmd_vel_chassis_serial.py-1] [WARN] [1784052769.999068511] [cmd_vel_chassis_serial]: Drop leg debug: len=80 expected=84
[cmd_vel_chassis_serial.py-1] [WARN] [1784052770.016282829] [cmd_vel_chassis_serial]: Drop leg debug: len=80 expected=84
[cmd_vel_chassis_serial.py-1] [WARN] [1784052770.045485803] [cmd_vel_chassis_serial]: Drop leg debug: len=80 expected=84
[cmd_vel_chassis_serial.py-1] [WARN] [1784052770.083191467] [cmd_vel_chassis_serial]: Drop leg debug: len=80 expected=84
[cmd_vel_chassis_serial.py-1] [WARN] [1784052770.128218838] [cmd_vel_chassis_serial]: Drop leg debug: len=80 expected=84
[cmd_vel_chassis_serial.py-1] [WARN] [1784052770.139575266] [cmd_vel_chassis_serial]: Drop leg debug: len=80 expected=84
[cmd_vel_chassis_serial.py-1] [WARN] [1784052770.183980022] [cmd_vel_chassis_serial]: Drop leg debug: len=80 expected=84
[cmd_vel_chassis_serial.py-1] [WARN] [1784052770.203490961] [cmd_vel_chassis_serial]: Drop leg debug: len=80 expected=84
[cmd_vel_chassis_serial.py-1] [WARN] [1784052770.228157239] [cmd_vel_chassis_serial]: Drop leg debug: len=80 expected=84
[cmd_vel_chassis_serial.py-1] [WARN] [1784052770.247543373] [cmd_vel_chassis_serial]: Drop leg debug: len=80 expected=84
[cmd_vel_chassis_serial.py-1] [WARN] [1784052770.251793212] [cmd_vel_chassis_serial]: Drop leg debug: len=80 expected=84
[cmd_vel_chassis_serial.py-1] [WARN] [1784052770.260486936] [cmd_vel_chassis_serial]: Drop leg debug: len=80 expected=84
[cmd_vel_chassis_serial.py-1] [WARN] [1784052770.295930479] [cmd_vel_chassis_serial]: Drop leg debug: len=80 expected=84
[cmd_vel_chassis_serial.py-1] [WARN] [1784052770.317447666] [cmd_vel_chassis_serial]: Drop leg debug: len=80 expected=84
[cmd_vel_chassis_serial.py-1] [WARN] [1784052770.333036628] [cmd_vel_chassis_serial]: Drop leg debug: len=80 expected=84
[cmd_vel_chassis_serial.py-1] [WARN] [1784052770.348228174] [cmd_vel_chassis_serial]: Drop leg debug: len=80 expected=84
[cmd_vel_chassis_serial.py-1] [WARN] [1784052770.367434747] [cmd_vel_chassis_serial]: Drop leg debug: len=80 expected=84
[cmd_vel_chassis_serial.py-1] [WARN] [1784052770.404947684] [cmd_vel_chassis_serial]: Drop leg debug: len=80 expected=84
[cmd_vel_chassis_serial.py-1] [WARN] [1784052770.416514731] [cmd_vel_chassis_serial]: Drop leg debug: len=80 expected=84
[cmd_vel_chassis_serial.py-1] [WARN] [1784052770.435952035] [cmd_vel_chassis_serial]: Drop leg debug: len=80 expected=84
[cmd_vel_chassis_serial.py-1] [WARN] [1784052770.449074175] [cmd_vel_chassis_serial]: Drop leg debug: len=80 expected=84
[cmd_vel_chassis_serial.py-1] [WARN] [1784052770.463091591] [cmd_vel_chassis_serial]: Drop leg debug: len=80 expected=84
[cmd_vel_chassis_serial.py-1] [WARN] [1784052770.469346298] [cmd_vel_chassis_serial]: Drop leg debug: len=80 expected=84
[cmd_vel_chassis_serial.py-1] [WARN] [1784052770.477033561] [cmd_vel_chassis_serial]: Drop leg debug: len=80 expected=84
[cmd_vel_chassis_serial.py-1] [WARN] [1784052770.492688262] [cmd_vel_chassis_serial]: Drop leg debug: len=80 expected=84
[cmd_vel_chassis_serial.py-1] [WARN] [1784052770.500289867] [cmd_vel_chassis_serial]: Drop leg debug: len=80 expected=84
[cmd_vel_chassis_serial.py-1] [WARN] [1784052770.520199410] [cmd_vel_chassis_serial]: Drop leg debug: len=80 expected=84
[cmd_vel_chassis_serial.py-1] [WARN] [1784052770.528017802] [cmd_vel_chassis_serial]: Drop leg debug: len=80 expected=84
[cmd_vel_chassis_serial.py-1] [WARN] [1784052770.539662491] [cmd_vel_chassis_serial]: Drop leg debug: len=80 expected=84
[cmd_vel_chassis_serial.py-1] [WARN] [1784052770.550946497] [cmd_vel_chassis_serial]: Drop leg debug: len=80 expected=84
[cmd_vel_chassis_serial.py-1] [WARN] [1784052770.569774170] [cmd_vel_chassis_serial]: Drop leg debug: len=80 expected=84
[cmd_vel_chassis_serial.py-1] [WARN] [1784052770.588188154] [cmd_vel_chassis_serial]: Drop leg debug: len=80 expected=84
[cmd_vel_chassis_serial.py-1] [WARN] [1784052770.607693992] [cmd_vel_chassis_serial]: Drop leg debug: len=80 expected=84
[cmd_vel_chassis_serial.py-1] [WARN] [1784052770.613524185] [cmd_vel_chassis_serial]: Drop leg debug: len=80 expected=84
[cmd_vel_chassis_serial.py-1] [WARN] [1784052770.668714871] [cmd_vel_chassis_serial]: Drop leg debug: len=80 expected=84
[cmd_vel_chassis_serial.py-1] [WARN] [1784052770.683863515] [cmd_vel_chassis_serial]: Drop leg debug: len=80 expected=84
[cmd_vel_chassis_serial.py-1] [WARN] [1784052770.693815142] [cmd_vel_chassis_serial]: Drop leg debug: len=80 expected=84
[cmd_vel_chassis_serial.py-1] [WARN] [1784052770.709768016] [cmd_vel_chassis_serial]: Drop leg debug: len=80 expected=84
[cmd_vel_chassis_serial.py-1] [WARN] [1784052770.766208770] [cmd_vel_chassis_serial]: Drop leg debug: len=80 expected=84
[cmd_vel_chassis_serial.py-1] [WARN] [1784052770.785031174] [cmd_vel_chassis_serial]: Drop leg debug: len=80 expected=84
[cmd_vel_chassis_serial.py-1] [WARN] [1784052770.817707611] [cmd_vel_chassis_serial]: Drop leg debug: len=80 expected=84
[cmd_vel_chassis_serial.py-1] [WARN] [1784052770.862935676] [cmd_vel_chassis_serial]: Drop leg debug: len=80 expected=84
[cmd_vel_chassis_serial.py-1] [WARN] [1784052770.918142551] [cmd_vel_chassis_serial]: Drop leg debug: len=80 expected=84
[cmd_vel_chassis_serial.py-1] [WARN] [1784052770.945175832] [cmd_vel_chassis_serial]: Drop leg debug: len=80 expected=84
[cmd_vel_chassis_serial.py-1] [WARN] [1784052770.979432274] [cmd_vel_chassis_serial]: Drop leg debug: len=80 expected=84
[cmd_vel_chassis_serial.py-1] [WARN] [1784052771.000711709] [cmd_vel_chassis_serial]: Drop leg debug: len=80 expected=84
[cmd_vel_chassis_serial.py-1] [WARN] [1784052771.040822568] [cmd_vel_chassis_serial]: Drop leg debug: len=80 expected=84
[cmd_vel_chassis_serial.py-1] [WARN] [1784052771.062119724] [cmd_vel_chassis_serial]: Drop leg debug: len=80 expected=84
[cmd_vel_chassis_serial.py-1] [WARN] [1784052771.097977841] [cmd_vel_chassis_serial]: Drop leg debug: len=80 expected=84
[cmd_vel_chassis_serial.py-1] [WARN] [1784052771.127801423] [cmd_vel_chassis_serial]: Drop leg debug: len=80 expected=84
[cmd_vel_chassis_serial.py-1] [WARN] [1784052771.160475527] [cmd_vel_chassis_serial]: Drop leg debug: len=80 expected=84
[cmd_vel_chassis_serial.py-1] [WARN] [1784052771.177219284] [cmd_vel_chassis_serial]: Drop leg debug: len=80 expected=84
[cmd_vel_chassis_serial.py-1] [WARN] [1784052771.211233927] [cmd_vel_chassis_serial]: Drop leg debug: len=80 expected=84
[cmd_vel_chassis_serial.py-1] [WARN] [1784052771.236856380] [cmd_vel_chassis_serial]: Drop leg debug: len=80 expected=84
[cmd_vel_chassis_serial.py-1] [WARN] [1784052771.269606926] [cmd_vel_chassis_serial]: Drop leg debug: len=80 expected=84
[cmd_vel_chassis_serial.py-1] [WARN] [1784052771.308070001] [cmd_vel_chassis_serial]: Drop leg debug: len=80 expected=84
[cmd_vel_chassis_serial.py-1] [WARN] [1784052771.350548787] [cmd_vel_chassis_serial]: Drop leg debug: len=80 expected=84
[cmd_vel_chassis_serial.py-1] [WARN] [1784052771.375843570] [cmd_vel_chassis_serial]: Drop leg debug: len=80 expected=84
[cmd_vel_chassis_serial.py-1] [WARN] [1784052771.398061828] [cmd_vel_chassis_serial]: Drop leg debug: len=80 expected=84
[cmd_vel_chassis_serial.py-1] [WARN] [1784052771.427974765] [cmd_vel_chassis_serial]: Drop leg debug: len=80 expected=84
[cmd_vel_chassis_serial.py-1] [WARN] [1784052771.452147669] [cmd_vel_chassis_serial]: Drop leg debug: len=80 expected=84
[cmd_vel_chassis_serial.py-1] [WARN] [1784052771.471056870] [cmd_vel_chassis_serial]: Drop leg debug: len=80 expected=84
[cmd_vel_chassis_serial.py-1] [WARN] [1784052771.489042114] [cmd_vel_chassis_serial]: Drop leg debug: len=80 expected=84
[cmd_vel_chassis_serial.py-1] [WARN] [1784052771.502592006] [cmd_vel_chassis_serial]: Drop leg debug: len=80 expected=84
[cmd_vel_chassis_serial.py-1] [WARN] [1784052771.540134016] [cmd_vel_chassis_serial]: Drop leg debug: len=80 expected=84
[cmd_vel_chassis_serial.py-1] [WARN] [1784052771.560159276] [cmd_vel_chassis_serial]: Drop leg debug: len=80 expected=84
[cmd_vel_chassis_serial.py-1] [WARN] [1784052771.575429039] [cmd_vel_chassis_serial]: Drop leg debug: len=80 expected=84
[cmd_vel_chassis_serial.py-1] [WARN] [1784052771.618438445] [cmd_vel_chassis_serial]: Drop leg debug: len=80 expected=84
[cmd_vel_chassis_serial.py-1] [WARN] [1784052771.645498964] [cmd_vel_chassis_serial]: Drop leg debug: len=80 expected=84
[cmd_vel_chassis_serial.py-1] [WARN] [1784052771.717957457] [cmd_vel_chassis_serial]: Drop leg debug: len=80 expected=84
[cmd_vel_chassis_serial.py-1] [ERROR] [1784052771.736058913] [cmd_vel_chassis_serial]: Serial write failed: Write timeout
[cmd_vel_chassis_serial.py-1] [WARN] [1784052771.809076395] [cmd_vel_chassis_serial]: Drop leg debug: len=80 expected=84
[cmd_vel_chassis_serial.py-1] [ERROR] [1784052771.863812068] [cmd_vel_chassis_serial]: Serial write failed: Write timeout
[cmd_vel_chassis_serial.py-1] [WARN] [1784052771.895836400] [cmd_vel_chassis_serial]: Drop leg debug: len=80 expected=84
[cmd_vel_chassis_serial.py-1] [WARN] [1784052771.911243207] [cmd_vel_chassis_serial]: Drop leg debug: len=80 expected=84
[cmd_vel_chassis_serial.py-1] [WARN] [1784052771.920944793] [cmd_vel_chassis_serial]: Drop leg debug: len=80 expected=84
[cmd_vel_chassis_serial.py-1] [WARN] [1784052771.926975835] [cmd_vel_chassis_serial]: Drop leg debug: len=80 expected=84
[cmd_vel_chassis_serial.py-1] [WARN] [1784052771.950747482] [cmd_vel_chassis_serial]: Drop leg debug: len=80 expected=84
[cmd_vel_chassis_serial.py-1] [WARN] [1784052771.984302942] [cmd_vel_chassis_serial]: Drop leg debug: len=80 expected=84
[cmd_vel_chassis_serial.py-1] [WARN] [1784052772.023549531] [cmd_vel_chassis_serial]: Drop leg debug: len=80 expected=84
[cmd_vel_chassis_serial.py-1] [WARN] [1784052772.034206887] [cmd_vel_chassis_serial]: Drop leg debug: len=80 expected=84
[cmd_vel_chassis_serial.py-1] [WARN] [1784052772.047600952] [cmd_vel_chassis_serial]: Drop leg debug: len=80 expected=84
[cmd_vel_chassis_serial.py-1] [WARN] [1784052772.055364741] [cmd_vel_chassis_serial]: Drop leg debug: len=80 expected=84
[cmd_vel_chassis_serial.py-1] [WARN] [1784052772.065743339] [cmd_vel_chassis_serial]: Drop leg debug: len=80 expected=84
[cmd_vel_chassis_serial.py-1] [WARN] [1784052772.072111772] [cmd_vel_chassis_serial]: Drop leg debug: len=80 expected=84
[cmd_vel_chassis_serial.py-1] [WARN] [1784052772.091439604] [cmd_vel_chassis_serial]: Drop leg debug: len=80 expected=84
[cmd_vel_chassis_serial.py-1] [WARN] [1784052772.105313445] [cmd_vel_chassis_serial]: Drop leg debug: len=80 expected=84
[cmd_vel_chassis_serial.py-1] [WARN] [1784052772.129790207] [cmd_vel_chassis_serial]: Drop leg debug: len=80 expected=84
[cmd_vel_chassis_serial.py-1] [ERROR] [1784052772.146406098] [cmd_vel_chassis_serial]: Serial write failed: Write timeout
[cmd_vel_chassis_serial.py-1] [WARN] [1784052772.171808233] [cmd_vel_chassis_serial]: Drop leg debug: len=80 expected=84
[cmd_vel_chassis_serial.py-1] [WARN] [1784052772.195340542] [cmd_vel_chassis_serial]: Drop leg debug: len=80 expected=84
[cmd_vel_chassis_serial.py-1] [WARN] [1784052772.213555435] [cmd_vel_chassis_serial]: Drop leg debug: len=80 expected=84
[cmd_vel_chassis_serial.py-1] [WARN] [1784052772.236975720] [cmd_vel_chassis_serial]: Drop leg debug: len=80 expected=84
[cmd_vel_chassis_serial.py-1] [WARN] [1784052772.266213249] [cmd_vel_chassis_serial]: Drop leg debug: len=80 expected=84
[cmd_vel_chassis_serial.py-1] [WARN] [1784052772.282487081] [cmd_vel_chassis_serial]: Drop leg debug: len=80 expected=84
[cmd_vel_chassis_serial.py-1] [WARN] [1784052772.317390047] [cmd_vel_chassis_serial]: Drop leg debug: len=80 expected=84
[cmd_vel_chassis_serial.py-1] [WARN] [1784052772.326181008] [cmd_vel_chassis_serial]: Drop leg debug: len=80 expected=84
[cmd_vel_chassis_serial.py-1] [ERROR] [1784052772.327707156] [cmd_vel_chassis_serial]: Serial write failed: Write timeout
[cmd_vel_chassis_serial.py-1] [WARN] [1784052772.378058052] [cmd_vel_chassis_serial]: Drop leg debug: len=80 expected=84
[cmd_vel_chassis_serial.py-1] [WARN] [1784052772.403007822] [cmd_vel_chassis_serial]: Drop leg debug: len=80 expected=84
[cmd_vel_chassis_serial.py-1] [WARN] [1784052772.428343787] [cmd_vel_chassis_serial]: Drop leg debug: len=80 expected=84
[cmd_vel_chassis_serial.py-1] [WARN] [1784052772.456954680] [cmd_vel_chassis_serial]: Drop leg debug: len=80 expected=84
[cmd_vel_chassis_serial.py-1] [ERROR] [1784052772.467553941] [cmd_vel_chassis_serial]: Serial write failed: Write timeout
[cmd_vel_chassis_serial.py-1] [WARN] [1784052772.517001713] [cmd_vel_chassis_serial]: Drop leg debug: len=80 expected=84
[cmd_vel_chassis_serial.py-1] [ERROR] [1784052772.528374015] [cmd_vel_chassis_serial]: Serial write failed: Write timeout
[cmd_vel_chassis_serial.py-1] [WARN] [1784052772.541403245] [cmd_vel_chassis_serial]: Drop leg debug: len=80 expected=84
[cmd_vel_chassis_serial.py-1] [WARN] [1784052772.569250002] [cmd_vel_chassis_serial]: Drop leg debug: len=80 expected=84
[cmd_vel_chassis_serial.py-1] [WARN] [1784052772.632698891] [cmd_vel_chassis_serial]: Drop leg debug: len=80 expected=84
[cmd_vel_chassis_serial.py-1] [WARN] [1784052772.649152188] [cmd_vel_chassis_serial]: Drop leg debug: len=80 expected=84
[cmd_vel_chassis_serial.py-1] [WARN] [1784052772.676499357] [cmd_vel_chassis_serial]: Drop leg debug: len=80 expected=84
[cmd_vel_chassis_serial.py-1] [WARN] [1784052772.732950682] [cmd_vel_chassis_serial]: Drop leg debug: len=80 expected=84
[cmd_vel_chassis_serial.py-1] [WARN] [1784052772.787283700] [cmd_vel_chassis_serial]: Drop leg debug: len=80 expected=84
[cmd_vel_chassis_serial.py-1] [WARN] [1784052772.811277843] [cmd_vel_chassis_serial]: Drop leg debug: len=80 expected=84
[cmd_vel_chassis_serial.py-1] [WARN] [1784052772.848280071] [cmd_vel_chassis_serial]: Drop leg debug: len=80 expected=84
[cmd_vel_chassis_serial.py-1] [WARN] [1784052772.887503354] [cmd_vel_chassis_serial]: Drop leg debug: len=80 expected=84
[cmd_vel_chassis_serial.py-1] [WARN] [1784052772.910172103] [cmd_vel_chassis_serial]: Drop leg debug: len=80 expected=84
[cmd_vel_chassis_serial.py-1] [WARN] [1784052772.931266883] [cmd_vel_chassis_serial]: Drop leg debug: len=80 expected=84
[cmd_vel_chassis_serial.py-1] [WARN] [1784052772.956418079] [cmd_vel_chassis_serial]: Drop leg debug: len=80 expected=84
[cmd_vel_chassis_serial.py-1] [WARN] [1784052773.008245597] [cmd_vel_chassis_serial]: Drop leg debug: len=80 expected=84
[cmd_vel_chassis_serial.py-1] [WARN] [1784052773.028395429] [cmd_vel_chassis_serial]: Drop leg debug: len=80 expected=84
[cmd_vel_chassis_serial.py-1] [WARN] [1784052773.043499882] [cmd_vel_chassis_serial]: Drop leg debug: len=80 expected=84
[cmd_vel_chassis_serial.py-1] [WARN] [1784052773.053099403] [cmd_vel_chassis_serial]: Drop leg debug: len=80 expected=84
[cmd_vel_chassis_serial.py-1] [WARN] [1784052773.058400521] [cmd_vel_chassis_serial]: Drop leg debug: len=80 expected=84
[cmd_vel_chassis_serial.py-1] [WARN] [1784052773.107852068] [cmd_vel_chassis_serial]: Drop leg debug: len=80 expected=84
[cmd_vel_chassis_serial.py-1] [WARN] [1784052773.152091899] [cmd_vel_chassis_serial]: Drop leg debug: len=80 expected=84
[cmd_vel_chassis_serial.py-1] [WARN] [1784052773.205602945] [cmd_vel_chassis_serial]: Drop leg debug: len=80 expected=84
[cmd_vel_chassis_serial.py-1] [WARN] [1784052773.241436501] [cmd_vel_chassis_serial]: Drop leg debug: len=80 expected=84
[cmd_vel_chassis_serial.py-1] [WARN] [1784052773.282862016] [cmd_vel_chassis_serial]: Drop leg debug: len=80 expected=84
[cmd_vel_chassis_serial.py-1] [WARN] [1784052773.344094104] [cmd_vel_chassis_serial]: Drop leg debug: len=80 expected=84
[cmd_vel_chassis_serial.py-1] [WARN] [1784052773.382409601] [cmd_vel_chassis_serial]: Drop leg debug: len=80 expected=84
[cmd_vel_chassis_serial.py-1] [WARN] [1784052773.475554518] [cmd_vel_chassis_serial]: Drop leg debug: len=80 expected=84
[cmd_vel_chassis_serial.py-1] [ERROR] [1784052773.572092745] [cmd_vel_chassis_serial]: Serial write failed: Write timeout
[cmd_vel_chassis_serial.py-1] [WARN] [1784052773.581192667] [cmd_vel_chassis_serial]: Drop leg debug: len=80 expected=84
[cmd_vel_chassis_serial.py-1] [WARN] [1784052773.638548033] [cmd_vel_chassis_serial]: Drop leg debug: len=80 expected=84
[cmd_vel_chassis_serial.py-1] [WARN] [1784052773.700291049] [cmd_vel_chassis_serial]: Drop leg debug: len=80 expected=84
[cmd_vel_chassis_serial.py-1] [WARN] [1784052773.763290672] [cmd_vel_chassis_serial]: Drop leg debug: len=80 expected=84
[cmd_vel_chassis_serial.py-1] [WARN] [1784052773.780324715] [cmd_vel_chassis_serial]: Drop leg debug: len=80 expected=84
[cmd_vel_chassis_serial.py-1] [ERROR] [1784052773.904359632] [cmd_vel_chassis_serial]: Serial write failed: Write timeout
[cmd_vel_chassis_serial.py-1] [WARN] [1784052773.917052922] [cmd_vel_chassis_serial]: Drop leg debug: len=80 expected=84
[cmd_vel_chassis_serial.py-1] [WARN] [1784052773.927890738] [cmd_vel_chassis_serial]: Drop leg debug: len=80 expected=84
[cmd_vel_chassis_serial.py-1] [WARN] [1784052773.948139873] [cmd_vel_chassis_serial]: Drop leg debug: len=80 expected=84
[cmd_vel_chassis_serial.py-1] [WARN] [1784052773.953385057] [cmd_vel_chassis_serial]: Drop leg debug: len=80 expected=84
[cmd_vel_chassis_serial.py-1] [WARN] [1784052773.965390498] [cmd_vel_chassis_serial]: Drop leg debug: len=80 expected=84
[cmd_vel_chassis_serial.py-1] [WARN] [1784052774.000452069] [cmd_vel_chassis_serial]: Drop leg debug: len=80 expected=84
[cmd_vel_chassis_serial.py-1] [INFO] [1784052774.028208072] [cmd_vel_chassis_serial]: 收到 /cmd_vel: vx=0.100 wz=1.196
[cmd_vel_chassis_serial.py-1] [WARN] [1784052774.048385935] [cmd_vel_chassis_serial]: Drop leg debug: len=80 expected=84
[cmd_vel_chassis_serial.py-1] [INFO] [1784052774.073024337] [cmd_vel_chassis_serial]: send source=cmd_vel vx=0.100 wz=1.196
[cmd_vel_chassis_serial.py-1] [WARN] [1784052774.113442787] [cmd_vel_chassis_serial]: Drop leg debug: len=80 expected=84
[cmd_vel_chassis_serial.py-1] [WARN] [1784052774.142488051] [cmd_vel_chassis_serial]: Drop leg debug: len=80 expected=84
[cmd_vel_chassis_serial.py-1] [WARN] [1784052774.163060066] [cmd_vel_chassis_serial]: Drop leg debug: len=80 expected=84
[cmd_vel_chassis_serial.py-1] [WARN] [1784052774.201181260] [cmd_vel_chassis_serial]: Drop leg debug: len=80 expected=84
[cmd_vel_chassis_serial.py-1] [WARN] [1784052774.228813420] [cmd_vel_chassis_serial]: Drop leg debug: len=80 expected=84
[cmd_vel_chassis_serial.py-1] [WARN] [1784052774.255742213] [cmd_vel_chassis_serial]: Drop leg debug: len=80 expected=84
[cmd_vel_chassis_serial.py-1] [WARN] [1784052774.268173461] [cmd_vel_chassis_serial]: Drop leg debug: len=80 expected=84
[cmd_vel_chassis_serial.py-1] [WARN] [1784052774.320782757] [cmd_vel_chassis_serial]: Drop leg debug: len=80 expected=84
[cmd_vel_chassis_serial.py-1] [INFO] [1784052774.394969399] [cmd_vel_chassis_serial]: send source=stop vx=0.000 wz=0.000
[cmd_vel_chassis_serial.py-1] [WARN] [1784052774.463333195] [cmd_vel_chassis_serial]: Drop leg debug: len=80 expected=84
[cmd_vel_chassis_serial.py-1] [ERROR] [1784052774.485034361] [cmd_vel_chassis_serial]: Serial write failed: Write timeout
[cmd_vel_chassis_serial.py-1] [WARN] [1784052774.503106061] [cmd_vel_chassis_serial]: Drop leg debug: len=80 expected=84
[cmd_vel_chassis_serial.py-1] [ERROR] [1784052774.546738549] [cmd_vel_chassis_serial]: Serial write failed: Write timeout
[cmd_vel_chassis_serial.py-1] [WARN] [1784052774.557402358] [cmd_vel_chassis_serial]: Drop leg debug: len=80 expected=84
[cmd_vel_chassis_serial.py-1] [INFO] [1784052774.594293406] [cmd_vel_chassis_serial]: send source=vision_stop vx=0.000 wz=0.000
[cmd_vel_chassis_serial.py-1] [WARN] [1784052774.614426507] [cmd_vel_chassis_serial]: Drop leg debug: len=80 expected=84
[cmd_vel_chassis_serial.py-1] [WARN] [1784052774.660248943] [cmd_vel_chassis_serial]: Drop leg debug: len=80 expected=84
[cmd_vel_chassis_serial.py-1] [WARN] [1784052774.691680001] [cmd_vel_chassis_serial]: Drop leg debug: len=80 expected=84
[cmd_vel_chassis_serial.py-1] [WARN] [1784052774.747405146] [cmd_vel_chassis_serial]: Drop leg debug: len=80 expected=84
[cmd_vel_chassis_serial.py-1] [ERROR] [1784052774.757597280] [cmd_vel_chassis_serial]: Serial write failed: Write timeout
[cmd_vel_chassis_serial.py-1] [WARN] [1784052774.807035009] [cmd_vel_chassis_serial]: Drop leg debug: len=80 expected=84
[cmd_vel_chassis_serial.py-1] [WARN] [1784052774.854318406] [cmd_vel_chassis_serial]: Drop leg debug: len=80 expected=84
[cmd_vel_chassis_serial.py-1] [ERROR] [1784052774.883527211] [cmd_vel_chassis_serial]: Serial write failed: Write timeout
[cmd_vel_chassis_serial.py-1] [WARN] [1784052774.926677055] [cmd_vel_chassis_serial]: Drop leg debug: len=80 expected=84
[cmd_vel_chassis_serial.py-1] [WARN] [1784052774.948326067] [cmd_vel_chassis_serial]: Drop leg debug: len=80 expected=84
[cmd_vel_chassis_serial.py-1] [WARN] [1784052774.972710733] [cmd_vel_chassis_serial]: Drop leg debug: len=80 expected=84
[cmd_vel_chassis_serial.py-1] [WARN] [1784052774.996072463] [cmd_vel_chassis_serial]: Drop leg debug: len=80 expected=84
[cmd_vel_chassis_serial.py-1] [WARN] [1784052775.050309147] [cmd_vel_chassis_serial]: Drop leg debug: len=80 expected=84
[cmd_vel_chassis_serial.py-1] [ERROR] [1784052775.075938117] [cmd_vel_chassis_serial]: Serial write failed: Write timeout
[cmd_vel_chassis_serial.py-1] [WARN] [1784052775.117566249] [cmd_vel_chassis_serial]: Drop leg debug: len=80 expected=84
[cmd_vel_chassis_serial.py-1] [WARN] [1784052775.126061794] [cmd_vel_chassis_serial]: Drop leg debug: len=80 expected=84
[cmd_vel_chassis_serial.py-1] [WARN] [1784052775.175910613] [cmd_vel_chassis_serial]: Drop leg debug: len=80 expected=84
[cmd_vel_chassis_serial.py-1] [WARN] [1784052775.235401841] [cmd_vel_chassis_serial]: Drop leg debug: len=80 expected=84
[cmd_vel_chassis_serial.py-1] [ERROR] [1784052775.269787952] [cmd_vel_chassis_serial]: Serial write failed: Write timeout
[cmd_vel_chassis_serial.py-1] [WARN] [1784052775.360724874] [cmd_vel_chassis_serial]: Drop leg debug: len=80 expected=84
[cmd_vel_chassis_serial.py-1] [WARN] [1784052775.383587350] [cmd_vel_chassis_serial]: Drop leg debug: len=80 expected=84
[cmd_vel_chassis_serial.py-1] [ERROR] [1784052775.410795317] [cmd_vel_chassis_serial]: Serial write failed: Write timeout
[cmd_vel_chassis_serial.py-1] [WARN] [1784052775.483696254] [cmd_vel_chassis_serial]: Drop leg debug: len=80 expected=84
[cmd_vel_chassis_serial.py-1] [WARN] [1784052775.521333146] [cmd_vel_chassis_serial]: Drop leg debug: len=80 expected=84
[cmd_vel_chassis_serial.py-1] [WARN] [1784052775.562293697] [cmd_vel_chassis_serial]: Drop leg debug: len=80 expected=84
[cmd_vel_chassis_serial.py-1] [WARN] [1784052775.595791528] [cmd_vel_chassis_serial]: Drop leg debug: len=80 expected=84
[cmd_vel_chassis_serial.py-1] [INFO] [1784052775.620158214] [cmd_vel_chassis_serial]: send source=stop vx=0.000 wz=0.000
[cmd_vel_chassis_serial.py-1] [WARN] [1784052775.625561118] [cmd_vel_chassis_serial]: Drop leg debug: len=80 expected=84
[cmd_vel_chassis_serial.py-1] [WARN] [1784052775.652313323] [cmd_vel_chassis_serial]: Drop leg debug: len=80 expected=84
[cmd_vel_chassis_serial.py-1] [WARN] [1784052775.707287947] [cmd_vel_chassis_serial]: Drop leg debug: len=80 expected=84
[cmd_vel_chassis_serial.py-1] [WARN] [1784052775.722982515] [cmd_vel_chassis_serial]: Drop leg debug: len=80 expected=84
[cmd_vel_chassis_serial.py-1] [WARN] [1784052775.757836808] [cmd_vel_chassis_serial]: Drop leg debug: len=80 expected=84
[cmd_vel_chassis_serial.py-1] [WARN] [1784052775.763511617] [cmd_vel_chassis_serial]: Drop leg debug: len=80 expected=84
[cmd_vel_chassis_serial.py-1] [WARN] [1784052775.795517117] [cmd_vel_chassis_serial]: Drop leg debug: len=80 expected=84
[cmd_vel_chassis_serial.py-1] [WARN] [1784052775.830140511] [cmd_vel_chassis_serial]: Drop leg debug: len=80 expected=84
[cmd_vel_chassis_serial.py-1] [WARN] [1784052775.868442295] [cmd_vel_chassis_serial]: Drop leg debug: len=80 expected=84
[cmd_vel_chassis_serial.py-1] [WARN] [1784052775.953916144] [cmd_vel_chassis_serial]: Drop leg debug: len=80 expected=84
[cmd_vel_chassis_serial.py-1] [WARN] [1784052776.029391398] [cmd_vel_chassis_serial]: Drop leg debug: len=80 expected=84
[cmd_vel_chassis_serial.py-1] [ERROR] [1784052776.075397345] [cmd_vel_chassis_serial]: Serial write failed: Write timeout
[cmd_vel_chassis_serial.py-1] [WARN] [1784052776.083455871] [cmd_vel_chassis_serial]: Drop leg debug: len=80 expected=84
[cmd_vel_chassis_serial.py-1] [WARN] [1784052776.122483505] [cmd_vel_chassis_serial]: Drop leg debug: len=80 expected=84
[cmd_vel_chassis_serial.py-1] [WARN] [1784052776.157112428] [cmd_vel_chassis_serial]: Drop leg debug: len=80 expected=84
[cmd_vel_chassis_serial.py-1] [WARN] [1784052776.187981645] [cmd_vel_chassis_serial]: Drop leg debug: len=80 expected=84
[cmd_vel_chassis_serial.py-1] [WARN] [1784052776.203427216] [cmd_vel_chassis_serial]: Drop leg debug: len=80 expected=84
[cmd_vel_chassis_serial.py-1] [WARN] [1784052776.245262242] [cmd_vel_chassis_serial]: Drop leg debug: len=80 expected=84
[cmd_vel_chassis_serial.py-1] [WARN] [1784052776.281657991] [cmd_vel_chassis_serial]: Drop leg debug: len=80 expected=84
[cmd_vel_chassis_serial.py-1] [WARN] [1784052776.369017820] [cmd_vel_chassis_serial]: Drop leg debug: len=80 expected=84
[cmd_vel_chassis_serial.py-1] [WARN] [1784052776.424231437] [cmd_vel_chassis_serial]: Drop leg debug: len=80 expected=84
[cmd_vel_chassis_serial.py-1] [WARN] [1784052776.490234696] [cmd_vel_chassis_serial]: Drop leg debug: len=80 expected=84
[cmd_vel_chassis_serial.py-1] [WARN] [1784052776.554944927] [cmd_vel_chassis_serial]: Drop leg debug: len=80 expected=84
[cmd_vel_chassis_serial.py-1] [ERROR] [1784052776.619228725] [cmd_vel_chassis_serial]: Serial write failed: Write timeout
[cmd_vel_chassis_serial.py-1] [WARN] [1784052776.658948889] [cmd_vel_chassis_serial]: Drop leg debug: len=80 expected=84
[cmd_vel_chassis_serial.py-1] [WARN] [1784052776.757091545] [cmd_vel_chassis_serial]: Drop leg debug: len=80 expected=84
[cmd_vel_chassis_serial.py-1] [WARN] [1784052776.837285280] [cmd_vel_chassis_serial]: Drop leg debug: len=80 expected=84
[cmd_vel_chassis_serial.py-1] [WARN] [1784052776.911486533] [cmd_vel_chassis_serial]: Drop leg debug: len=80 expected=84
[cmd_vel_chassis_serial.py-1] [ERROR] [1784052776.916327832] [cmd_vel_chassis_serial]: Serial write failed: Write timeout
[cmd_vel_chassis_serial.py-1] [WARN] [1784052776.970599191] [cmd_vel_chassis_serial]: Drop leg debug: len=80 expected=84
[cmd_vel_chassis_serial.py-1] [WARN] [1784052776.994967267] [cmd_vel_chassis_serial]: Drop leg debug: len=80 expected=84
[cmd_vel_chassis_serial.py-1] [WARN] [1784052777.035260276] [cmd_vel_chassis_serial]: Drop leg debug: len=80 expected=84
[cmd_vel_chassis_serial.py-1] [WARN] [1784052777.120959341] [cmd_vel_chassis_serial]: Drop leg debug: len=80 expected=84
[cmd_vel_chassis_serial.py-1] [ERROR] [1784052777.148245304] [cmd_vel_chassis_serial]: Serial write failed: Write timeout
[cmd_vel_chassis_serial.py-1] [WARN] [1784052777.163601339] [cmd_vel_chassis_serial]: Drop leg debug: len=80 expected=84
[cmd_vel_chassis_serial.py-1] [WARN] [1784052777.236325602] [cmd_vel_chassis_serial]: Drop leg debug: len=80 expected=84
[cmd_vel_chassis_serial.py-1] [WARN] [1784052777.275483293] [cmd_vel_chassis_serial]: Drop leg debug: len=80 expected=84
[cmd_vel_chassis_serial.py-1] [WARN] [1784052777.292770643] [cmd_vel_chassis_serial]: Drop leg debug: len=80 expected=84
[cmd_vel_chassis_serial.py-1] [WARN] [1784052777.305288218] [cmd_vel_chassis_serial]: Drop leg debug: len=80 expected=84
[cmd_vel_chassis_serial.py-1] [WARN] [1784052777.311274087] [cmd_vel_chassis_serial]: Drop leg debug: len=80 expected=84
[cmd_vel_chassis_serial.py-1] [WARN] [1784052777.323001689] [cmd_vel_chassis_serial]: Drop leg debug: len=80 expected=84
[cmd_vel_chassis_serial.py-1] [WARN] [1784052777.331853919] [cmd_vel_chassis_serial]: Drop leg debug: len=80 expected=84
[cmd_vel_chassis_serial.py-1] [WARN] [1784052777.347949392] [cmd_vel_chassis_serial]: Drop leg debug: len=80 expected=84
[cmd_vel_chassis_serial.py-1] [WARN] [1784052777.352806974] [cmd_vel_chassis_serial]: Drop leg debug: len=80 expected=84
[cmd_vel_chassis_serial.py-1] [WARN] [1784052777.365689444] [cmd_vel_chassis_serial]: Drop leg debug: len=80 expected=84
[cmd_vel_chassis_serial.py-1] [WARN] [1784052777.369132687] [cmd_vel_chassis_serial]: Drop leg debug: len=80 expected=84
[cmd_vel_chassis_serial.py-1] [WARN] [1784052777.373332757] [cmd_vel_chassis_serial]: Drop leg debug: len=80 expected=84
[cmd_vel_chassis_serial.py-1] [WARN] [1784052777.385870336] [cmd_vel_chassis_serial]: Drop leg debug: len=80 expected=84
[cmd_vel_chassis_serial.py-1] [WARN] [1784052777.391470165] [cmd_vel_chassis_serial]: Drop leg debug: len=80 expected=84
[cmd_vel_chassis_serial.py-1] [WARN] [1784052777.404238932] [cmd_vel_chassis_serial]: Drop leg debug: len=80 expected=84
[cmd_vel_chassis_serial.py-1] [WARN] [1784052777.448748787] [cmd_vel_chassis_serial]: Drop leg debug: len=80 expected=84
[cmd_vel_chassis_serial.py-1] [ERROR] [1784052777.499111452] [cmd_vel_chassis_serial]: Serial write failed: Write timeout
[cmd_vel_chassis_serial.py-1] [WARN] [1784052777.514405060] [cmd_vel_chassis_serial]: Drop leg debug: len=80 expected=84
[cmd_vel_chassis_serial.py-1] [WARN] [1784052777.575539654] [cmd_vel_chassis_serial]: Drop leg debug: len=80 expected=84
[cmd_vel_chassis_serial.py-1] [WARN] [1784052777.621967937] [cmd_vel_chassis_serial]: Drop leg debug: len=80 expected=84
[cmd_vel_chassis_serial.py-1] [WARN] [1784052777.654143031] [cmd_vel_chassis_serial]: Drop leg debug: len=80 expected=84
[cmd_vel_chassis_serial.py-1] [WARN] [1784052777.688165954] [cmd_vel_chassis_serial]: Drop leg debug: len=80 expected=84
[cmd_vel_chassis_serial.py-1] [WARN] [1784052777.739246097] [cmd_vel_chassis_serial]: Drop leg debug: len=80 expected=84
[cmd_vel_chassis_serial.py-1] [WARN] [1784052777.774311685] [cmd_vel_chassis_serial]: Drop leg debug: len=80 expected=84
[cmd_vel_chassis_serial.py-1] [WARN] [1784052777.807834625] [cmd_vel_chassis_serial]: Drop leg debug: len=80 expected=84
[cmd_vel_chassis_serial.py-1] [WARN] [1784052777.824727571] [cmd_vel_chassis_serial]: Drop leg debug: len=80 expected=84
[cmd_vel_chassis_serial.py-1] [WARN] [1784052777.830481005] [cmd_vel_chassis_serial]: Drop leg debug: len=80 expected=84
[cmd_vel_chassis_serial.py-1] [WARN] [1784052777.847968845] [cmd_vel_chassis_serial]: Drop leg debug: len=80 expected=84
[cmd_vel_chassis_serial.py-1] [WARN] [1784052777.854035405] [cmd_vel_chassis_serial]: Drop leg debug: len=80 expected=84
[cmd_vel_chassis_serial.py-1] [WARN] [1784052777.871037830] [cmd_vel_chassis_serial]: Drop leg debug: len=80 expected=84
[cmd_vel_chassis_serial.py-1] [WARN] [1784052777.890446474] [cmd_vel_chassis_serial]: Drop leg debug: len=80 expected=84
[cmd_vel_chassis_serial.py-1] [WARN] [1784052777.924384075] [cmd_vel_chassis_serial]: Drop leg debug: len=80 expected=84
[cmd_vel_chassis_serial.py-1] [WARN] [1784052777.969403022] [cmd_vel_chassis_serial]: Drop leg debug: len=80 expected=84
[cmd_vel_chassis_serial.py-1] [WARN] [1784052777.994899466] [cmd_vel_chassis_serial]: Drop leg debug: len=80 expected=84
[cmd_vel_chassis_serial.py-1] [WARN] [1784052778.021593041] [cmd_vel_chassis_serial]: Drop leg debug: len=80 expected=84
[cmd_vel_chassis_serial.py-1] [WARN] [1784052778.071364021] [cmd_vel_chassis_serial]: Drop leg debug: len=80 expected=84
[cmd_vel_chassis_serial.py-1] [ERROR] [1784052778.133571525] [cmd_vel_chassis_serial]: Serial write failed: Write timeout
[cmd_vel_chassis_serial.py-1] [WARN] [1784052778.172077231] [cmd_vel_chassis_serial]: Drop leg debug: len=80 expected=84
[cmd_vel_chassis_serial.py-1] [WARN] [1784052778.190405299] [cmd_vel_chassis_serial]: Drop leg debug: len=80 expected=84
[cmd_vel_chassis_serial.py-1] [WARN] [1784052778.207470257] [cmd_vel_chassis_serial]: Drop leg debug: len=80 expected=84
[cmd_vel_chassis_serial.py-1] [ERROR] [1784052778.243792219] [cmd_vel_chassis_serial]: Serial write failed: Write timeout
[cmd_vel_chassis_serial.py-1] [WARN] [1784052778.255304258] [cmd_vel_chassis_serial]: Drop leg debug: len=80 expected=84
[cmd_vel_chassis_serial.py-1] [WARN] [1784052778.274308895] [cmd_vel_chassis_serial]: Drop leg debug: len=80 expected=84
[cmd_vel_chassis_serial.py-1] [WARN] [1784052778.303245866] [cmd_vel_chassis_serial]: Drop leg debug: len=80 expected=84
[cmd_vel_chassis_serial.py-1] [WARN] [1784052778.347817314] [cmd_vel_chassis_serial]: Drop leg debug: len=80 expected=84
[cmd_vel_chassis_serial.py-1] [WARN] [1784052778.377333603] [cmd_vel_chassis_serial]: Drop leg debug: len=80 expected=84
[cmd_vel_chassis_serial.py-1] [WARN] [1784052778.424044538] [cmd_vel_chassis_serial]: Drop leg debug: len=80 expected=84
[cmd_vel_chassis_serial.py-1] [WARN] [1784052778.433503733] [cmd_vel_chassis_serial]: Drop leg debug: len=80 expected=84
[cmd_vel_chassis_serial.py-1] [WARN] [1784052778.477466175] [cmd_vel_chassis_serial]: Drop leg debug: len=80 expected=84
[cmd_vel_chassis_serial.py-1] [WARN] [1784052778.496454120] [cmd_vel_chassis_serial]: Drop leg debug: len=80 expected=84
[cmd_vel_chassis_serial.py-1] [WARN] [1784052778.569608588] [cmd_vel_chassis_serial]: Drop leg debug: len=80 expected=84
[cmd_vel_chassis_serial.py-1] [WARN] [1784052778.600713018] [cmd_vel_chassis_serial]: Drop leg debug: len=80 expected=84
[cmd_vel_chassis_serial.py-1] [WARN] [1784052778.639888116] [cmd_vel_chassis_serial]: Drop leg debug: len=80 expected=84
[cmd_vel_chassis_serial.py-1] [WARN] [1784052778.648374574] [cmd_vel_chassis_serial]: Drop leg debug: len=80 expected=84
[cmd_vel_chassis_serial.py-1] [WARN] [1784052778.668909042] [cmd_vel_chassis_serial]: Drop leg debug: len=80 expected=84
[cmd_vel_chassis_serial.py-1] [WARN] [1784052778.707611914] [cmd_vel_chassis_serial]: Drop leg debug: len=80 expected=84
[cmd_vel_chassis_serial.py-1] [WARN] [1784052778.743786800] [cmd_vel_chassis_serial]: Drop leg debug: len=80 expected=84
[cmd_vel_chassis_serial.py-1] [WARN] [1784052778.771236301] [cmd_vel_chassis_serial]: Drop leg debug: len=80 expected=84
[cmd_vel_chassis_serial.py-1] [WARN] [1784052778.793542180] [cmd_vel_chassis_serial]: Drop leg debug: len=80 expected=84
[cmd_vel_chassis_serial.py-1] [ERROR] [1784052778.818353028] [cmd_vel_chassis_serial]: Serial write failed: Write timeout
[cmd_vel_chassis_serial.py-1] [WARN] [1784052778.838240964] [cmd_vel_chassis_serial]: Drop leg debug: len=80 expected=84
[cmd_vel_chassis_serial.py-1] [WARN] [1784052778.873577685] [cmd_vel_chassis_serial]: Drop leg debug: len=80 expected=84
[cmd_vel_chassis_serial.py-1] [WARN] [1784052778.953814867] [cmd_vel_chassis_serial]: Drop leg debug: len=80 expected=84
[cmd_vel_chassis_serial.py-1] [ERROR] [1784052778.958448210] [cmd_vel_chassis_serial]: Serial write failed: Write timeout
[cmd_vel_chassis_serial.py-1] [WARN] [1784052779.024970384] [cmd_vel_chassis_serial]: Drop leg debug: len=80 expected=84
[cmd_vel_chassis_serial.py-1] [WARN] [1784052779.062576682] [cmd_vel_chassis_serial]: Drop leg debug: len=80 expected=84
[cmd_vel_chassis_serial.py-1] [WARN] [1784052779.084382515] [cmd_vel_chassis_serial]: Drop leg debug: len=80 expected=84
[cmd_vel_chassis_serial.py-1] [WARN] [1784052779.126963097] [cmd_vel_chassis_serial]: Drop leg debug: len=80 expected=84
[cmd_vel_chassis_serial.py-1] [WARN] [1784052779.161308211] [cmd_vel_chassis_serial]: Drop leg debug: len=80 expected=84
[cmd_vel_chassis_serial.py-1] [WARN] [1784052779.198445451] [cmd_vel_chassis_serial]: Drop leg debug: len=80 expected=84
[cmd_vel_chassis_serial.py-1] [ERROR] [1784052779.280214244] [cmd_vel_chassis_serial]: Serial write failed: Write timeout
[cmd_vel_chassis_serial.py-1] [WARN] [1784052779.327608054] [cmd_vel_chassis_serial]: Drop leg debug: len=80 expected=84
[cmd_vel_chassis_serial.py-1] [WARN] [1784052779.469382192] [cmd_vel_chassis_serial]: Drop leg debug: len=80 expected=84
[cmd_vel_chassis_serial.py-1] [WARN] [1784052779.526119537] [cmd_vel_chassis_serial]: Drop leg debug: len=80 expected=84
[cmd_vel_chassis_serial.py-1] [WARN] [1784052779.577942575] [cmd_vel_chassis_serial]: Drop leg debug: len=80 expected=84
[cmd_vel_chassis_serial.py-1] [WARN] [1784052779.635357569] [cmd_vel_chassis_serial]: Drop leg debug: len=80 expected=84
[cmd_vel_chassis_serial.py-1] [WARN] [1784052779.684463784] [cmd_vel_chassis_serial]: Drop leg debug: len=80 expected=84
[cmd_vel_chassis_serial.py-1] [ERROR] [1784052779.710483426] [cmd_vel_chassis_serial]: Serial write failed: Write timeout
[cmd_vel_chassis_serial.py-1] [WARN] [1784052779.743917856] [cmd_vel_chassis_serial]: Drop leg debug: len=80 expected=84
[cmd_vel_chassis_serial.py-1] [WARN] [1784052779.765399199] [cmd_vel_chassis_serial]: Drop leg debug: len=80 expected=84
[cmd_vel_chassis_serial.py-1] [WARN] [1784052779.842750752] [cmd_vel_chassis_serial]: Drop leg debug: len=80 expected=84
[cmd_vel_chassis_serial.py-1] [WARN] [1784052779.860777694] [cmd_vel_chassis_serial]: Drop leg debug: len=80 expected=84
[cmd_vel_chassis_serial.py-1] [WARN] [1784052779.893481001] [cmd_vel_chassis_serial]: Drop leg debug: len=80 expected=84
[cmd_vel_chassis_serial.py-1] [WARN] [1784052779.917496738] [cmd_vel_chassis_serial]: Drop leg debug: len=80 expected=84
[cmd_vel_chassis_serial.py-1] [WARN] [1784052779.963912098] [cmd_vel_chassis_serial]: Drop leg debug: len=80 expected=84
[cmd_vel_chassis_serial.py-1] [WARN] [1784052779.997545818] [cmd_vel_chassis_serial]: Drop leg debug: len=80 expected=84
[cmd_vel_chassis_serial.py-1] [WARN] [1784052780.039217969] [cmd_vel_chassis_serial]: Drop leg debug: len=80 expected=84
[cmd_vel_chassis_serial.py-1] [WARN] [1784052780.113605927] [cmd_vel_chassis_serial]: Drop leg debug: len=80 expected=84
[cmd_vel_chassis_serial.py-1] [WARN] [1784052780.176494090] [cmd_vel_chassis_serial]: Drop leg debug: len=80 expected=84
[cmd_vel_chassis_serial.py-1] [WARN] [1784052780.234536433] [cmd_vel_chassis_serial]: Drop leg debug: len=80 expected=84
[cmd_vel_chassis_serial.py-1] [WARN] [1784052780.284220604] [cmd_vel_chassis_serial]: Drop leg debug: len=80 expected=84
[cmd_vel_chassis_serial.py-1] [WARN] [1784052780.341300937] [cmd_vel_chassis_serial]: Drop leg debug: len=80 expected=84
[cmd_vel_chassis_serial.py-1] [WARN] [1784052780.378141487] [cmd_vel_chassis_serial]: Drop leg debug: len=80 expected=84
[cmd_vel_chassis_serial.py-1] [WARN] [1784052780.408284465] [cmd_vel_chassis_serial]: Drop leg debug: len=80 expected=84
[cmd_vel_chassis_serial.py-1] [WARN] [1784052780.435872061] [cmd_vel_chassis_serial]: Drop leg debug: len=80 expected=84
[cmd_vel_chassis_serial.py-1] [WARN] [1784052780.457357025] [cmd_vel_chassis_serial]: Drop leg debug: len=80 expected=84
[cmd_vel_chassis_serial.py-1] [WARN] [1784052780.471384410] [cmd_vel_chassis_serial]: Drop leg debug: len=80 expected=84
[cmd_vel_chassis_serial.py-1] [WARN] [1784052780.495421601] [cmd_vel_chassis_serial]: Drop leg debug: len=80 expected=84
[cmd_vel_chassis_serial.py-1] [WARN] [1784052780.536116093] [cmd_vel_chassis_serial]: Drop leg debug: len=80 expected=84
[cmd_vel_chassis_serial.py-1] [WARN] [1784052780.584080732] [cmd_vel_chassis_serial]: Drop leg debug: len=80 expected=84
[cmd_vel_chassis_serial.py-1] [WARN] [1784052780.601287974] [cmd_vel_chassis_serial]: Drop leg debug: len=80 expected=84
[cmd_vel_chassis_serial.py-1] [WARN] [1784052780.618238576] [cmd_vel_chassis_serial]: Drop leg debug: len=80 expected=84
[cmd_vel_chassis_serial.py-1] [WARN] [1784052780.639802240] [cmd_vel_chassis_serial]: Drop leg debug: len=80 expected=84
[cmd_vel_chassis_serial.py-1] [WARN] [1784052780.652020641] [cmd_vel_chassis_serial]: Drop leg debug: len=80 expected=84
[cmd_vel_chassis_serial.py-1] [WARN] [1784052780.670657235] [cmd_vel_chassis_serial]: Drop leg debug: len=80 expected=84
[cmd_vel_chassis_serial.py-1] [WARN] [1784052780.684611610] [cmd_vel_chassis_serial]: Drop leg debug: len=80 expected=84
[cmd_vel_chassis_serial.py-1] [WARN] [1784052780.697243484] [cmd_vel_chassis_serial]: Drop leg debug: len=80 expected=84
[cmd_vel_chassis_serial.py-1] [WARN] [1784052780.711517308] [cmd_vel_chassis_serial]: Drop leg debug: len=80 expected=84
[cmd_vel_chassis_serial.py-1] [WARN] [1784052780.722082155] [cmd_vel_chassis_serial]: Drop leg debug: len=80 expected=84
[cmd_vel_chassis_serial.py-1] [WARN] [1784052780.743045332] [cmd_vel_chassis_serial]: Drop leg debug: len=80 expected=84
[cmd_vel_chassis_serial.py-1] [WARN] [1784052780.768200225] [cmd_vel_chassis_serial]: Drop leg debug: len=80 expected=84
[cmd_vel_chassis_serial.py-1] [WARN] [1784052780.809513996] [cmd_vel_chassis_serial]: Drop leg debug: len=80 expected=84
[cmd_vel_chassis_serial.py-1] [WARN] [1784052780.835367551] [cmd_vel_chassis_serial]: Drop leg debug: len=80 expected=84
[cmd_vel_chassis_serial.py-1] [WARN] [1784052780.854512000] [cmd_vel_chassis_serial]: Drop leg debug: len=80 expected=84
[cmd_vel_chassis_serial.py-1] [WARN] [1784052780.882376552] [cmd_vel_chassis_serial]: Drop leg debug: len=80 expected=84
[cmd_vel_chassis_serial.py-1] [WARN] [1784052780.896843451] [cmd_vel_chassis_serial]: Drop leg debug: len=80 expected=84
[cmd_vel_chassis_serial.py-1] [WARN] [1784052780.922902115] [cmd_vel_chassis_serial]: Drop leg debug: len=80 expected=84
[cmd_vel_chassis_serial.py-1] [WARN] [1784052780.936727414] [cmd_vel_chassis_serial]: Drop leg debug: len=80 expected=84
[cmd_vel_chassis_serial.py-1] [WARN] [1784052780.953139692] [cmd_vel_chassis_serial]: Drop leg debug: len=80 expected=84
[cmd_vel_chassis_serial.py-1] [WARN] [1784052780.962671355] [cmd_vel_chassis_serial]: Drop leg debug: len=80 expected=84
[cmd_vel_chassis_serial.py-1] [WARN] [1784052780.989695977] [cmd_vel_chassis_serial]: Drop leg debug: len=80 expected=84
[cmd_vel_chassis_serial.py-1] [WARN] [1784052781.029969110] [cmd_vel_chassis_serial]: Drop leg debug: len=80 expected=84
[cmd_vel_chassis_serial.py-1] [WARN] [1784052781.050099819] [cmd_vel_chassis_serial]: Drop leg debug: len=80 expected=84
[cmd_vel_chassis_serial.py-1] [WARN] [1784052781.092110735] [cmd_vel_chassis_serial]: Drop leg debug: len=80 expected=84
[cmd_vel_chassis_serial.py-1] [ERROR] [1784052781.110284653] [cmd_vel_chassis_serial]: Serial write failed: Write timeout
[cmd_vel_chassis_serial.py-1] [WARN] [1784052781.136277385] [cmd_vel_chassis_serial]: Drop leg debug: len=80 expected=84
[cmd_vel_chassis_serial.py-1] [WARN] [1784052781.208420978] [cmd_vel_chassis_serial]: Drop leg debug: len=80 expected=84
[cmd_vel_chassis_serial.py-1] [ERROR] [1784052781.223104806] [cmd_vel_chassis_serial]: Serial write failed: Write timeout
[cmd_vel_chassis_serial.py-1] [WARN] [1784052781.252001566] [cmd_vel_chassis_serial]: Drop leg debug: len=80 expected=84
[cmd_vel_chassis_serial.py-1] [WARN] [1784052781.290346503] [cmd_vel_chassis_serial]: Drop leg debug: len=80 expected=84
[cmd_vel_chassis_serial.py-1] [WARN] [1784052781.318416654] [cmd_vel_chassis_serial]: Drop leg debug: len=80 expected=84
[cmd_vel_chassis_serial.py-1] [WARN] [1784052781.341436811] [cmd_vel_chassis_serial]: Drop leg debug: len=80 expected=84
[cmd_vel_chassis_serial.py-1] [WARN] [1784052781.377699084] [cmd_vel_chassis_serial]: Drop leg debug: len=80 expected=84
[cmd_vel_chassis_serial.py-1] [WARN] [1784052781.406338988] [cmd_vel_chassis_serial]: Drop leg debug: len=80 expected=84
[cmd_vel_chassis_serial.py-1] [WARN] [1784052781.413360126] [cmd_vel_chassis_serial]: Drop leg debug: len=80 expected=84
[cmd_vel_chassis_serial.py-1] [WARN] [1784052781.432745253] [cmd_vel_chassis_serial]: Drop leg debug: len=80 expected=84
[cmd_vel_chassis_serial.py-1] [WARN] [1784052781.445472325] [cmd_vel_chassis_serial]: Drop leg debug: len=80 expected=84
[cmd_vel_chassis_serial.py-1] [WARN] [1784052781.463872125] [cmd_vel_chassis_serial]: Drop leg debug: len=80 expected=84
[cmd_vel_chassis_serial.py-1] [WARN] [1784052781.471985488] [cmd_vel_chassis_serial]: Drop leg debug: len=80 expected=84
[cmd_vel_chassis_serial.py-1] [WARN] [1784052781.498565134] [cmd_vel_chassis_serial]: Drop leg debug: len=80 expected=84
[cmd_vel_chassis_serial.py-1] [WARN] [1784052781.512656540] [cmd_vel_chassis_serial]: Drop leg debug: len=80 expected=84
[cmd_vel_chassis_serial.py-1] [WARN] [1784052781.522578694] [cmd_vel_chassis_serial]: Drop leg debug: len=80 expected=84
[cmd_vel_chassis_serial.py-1] [WARN] [1784052781.531521366] [cmd_vel_chassis_serial]: Drop leg debug: len=80 expected=84
[cmd_vel_chassis_serial.py-1] [WARN] [1784052781.542177307] [cmd_vel_chassis_serial]: Drop leg debug: len=80 expected=84
[cmd_vel_chassis_serial.py-1] [WARN] [1784052781.548799229] [cmd_vel_chassis_serial]: Drop leg debug: len=80 expected=84
[cmd_vel_chassis_serial.py-1] [WARN] [1784052781.554233534] [cmd_vel_chassis_serial]: Drop leg debug: len=80 expected=84
[cmd_vel_chassis_serial.py-1] [WARN] [1784052781.563814386] [cmd_vel_chassis_serial]: Drop leg debug: len=80 expected=84
[cmd_vel_chassis_serial.py-1] [WARN] [1784052781.568793098] [cmd_vel_chassis_serial]: Drop leg debug: len=80 expected=84
[cmd_vel_chassis_serial.py-1] [WARN] [1784052781.573750449] [cmd_vel_chassis_serial]: Drop leg debug: len=80 expected=84
[cmd_vel_chassis_serial.py-1] [WARN] [1784052781.588793663] [cmd_vel_chassis_serial]: Drop leg debug: len=80 expected=84
[cmd_vel_chassis_serial.py-1] [WARN] [1784052781.598578053] [cmd_vel_chassis_serial]: Drop leg debug: len=80 expected=84
[cmd_vel_chassis_serial.py-1] [WARN] [1784052781.622956208] [cmd_vel_chassis_serial]: Drop leg debug: len=80 expected=84
[cmd_vel_chassis_serial.py-1] [WARN] [1784052781.630911286] [cmd_vel_chassis_serial]: Drop leg debug: len=80 expected=84
[cmd_vel_chassis_serial.py-1] [WARN] [1784052781.644849027] [cmd_vel_chassis_serial]: Drop leg debug: len=80 expected=84
[cmd_vel_chassis_serial.py-1] [WARN] [1784052781.650899311] [cmd_vel_chassis_serial]: Drop leg debug: len=80 expected=84
[cmd_vel_chassis_serial.py-1] [WARN] [1784052781.670228624] [cmd_vel_chassis_serial]: Drop leg debug: len=80 expected=84
[cmd_vel_chassis_serial.py-1] [WARN] [1784052781.683138846] [cmd_vel_chassis_serial]: Drop leg debug: len=80 expected=84
[cmd_vel_chassis_serial.py-1] [WARN] [1784052781.714857528] [cmd_vel_chassis_serial]: Drop leg debug: len=80 expected=84
[cmd_vel_chassis_serial.py-1] [WARN] [1784052781.723515504] [cmd_vel_chassis_serial]: Drop leg debug: len=80 expected=84
[cmd_vel_chassis_serial.py-1] [WARN] [1784052781.749677009] [cmd_vel_chassis_serial]: Drop leg debug: len=80 expected=84
[cmd_vel_chassis_serial.py-1] [WARN] [1784052781.780570354] [cmd_vel_chassis_serial]: Drop leg debug: len=80 expected=84
[cmd_vel_chassis_serial.py-1] [WARN] [1784052781.788708486] [cmd_vel_chassis_serial]: Drop leg debug: len=80 expected=84
[cmd_vel_chassis_serial.py-1] [WARN] [1784052781.810115830] [cmd_vel_chassis_serial]: Drop leg debug: len=80 expected=84
[cmd_vel_chassis_serial.py-1] [WARN] [1784052781.825527540] [cmd_vel_chassis_serial]: Drop leg debug: len=80 expected=84
[cmd_vel_chassis_serial.py-1] [WARN] [1784052781.840082339] [cmd_vel_chassis_serial]: Drop leg debug: len=80 expected=84
[cmd_vel_chassis_serial.py-1] [WARN] [1784052781.856940489] [cmd_vel_chassis_serial]: Drop leg debug: len=80 expected=84
[cmd_vel_chassis_serial.py-1] [WARN] [1784052781.904563124] [cmd_vel_chassis_serial]: Drop leg debug: len=80 expected=84
[cmd_vel_chassis_serial.py-1] [WARN] [1784052781.918351436] [cmd_vel_chassis_serial]: Drop leg debug: len=80 expected=84
[cmd_vel_chassis_serial.py-1] [WARN] [1784052781.946493025] [cmd_vel_chassis_serial]: Drop leg debug: len=80 expected=84
[cmd_vel_chassis_serial.py-1] [WARN] [1784052782.007840382] [cmd_vel_chassis_serial]: Drop leg debug: len=80 expected=84
[cmd_vel_chassis_serial.py-1] [WARN] [1784052782.022368755] [cmd_vel_chassis_serial]: Drop leg debug: len=80 expected=84
[cmd_vel_chassis_serial.py-1] [ERROR] [1784052782.032687424] [cmd_vel_chassis_serial]: Serial write failed: Write timeout
[cmd_vel_chassis_serial.py-1] [WARN] [1784052782.043237916] [cmd_vel_chassis_serial]: Drop leg debug: len=80 expected=84
[cmd_vel_chassis_serial.py-1] [WARN] [1784052782.065193687] [cmd_vel_chassis_serial]: Drop leg debug: len=80 expected=84
[cmd_vel_chassis_serial.py-1] [WARN] [1784052782.099158258] [cmd_vel_chassis_serial]: Drop leg debug: len=80 expected=84
[cmd_vel_chassis_serial.py-1] [ERROR] [1784052782.114548737] [cmd_vel_chassis_serial]: Serial write failed: Write timeout
[cmd_vel_chassis_serial.py-1] [WARN] [1784052782.124545196] [cmd_vel_chassis_serial]: Drop leg debug: len=80 expected=84
[cmd_vel_chassis_serial.py-1] [WARN] [1784052782.155247913] [cmd_vel_chassis_serial]: Drop leg debug: len=80 expected=84
[cmd_vel_chassis_serial.py-1] [WARN] [1784052782.178325741] [cmd_vel_chassis_serial]: Drop leg debug: len=80 expected=84
[cmd_vel_chassis_serial.py-1] [WARN] [1784052782.208447508] [cmd_vel_chassis_serial]: Drop leg debug: len=80 expected=84
[cmd_vel_chassis_serial.py-1] [WARN] [1784052782.242994937] [cmd_vel_chassis_serial]: Drop leg debug: len=80 expected=84
[cmd_vel_chassis_serial.py-1] [WARN] [1784052782.278487106] [cmd_vel_chassis_serial]: Drop leg debug: len=80 expected=84
[cmd_vel_chassis_serial.py-1] [WARN] [1784052782.300459245] [cmd_vel_chassis_serial]: Drop leg debug: len=80 expected=84
[cmd_vel_chassis_serial.py-1] [WARN] [1784052782.325904002] [cmd_vel_chassis_serial]: Drop leg debug: len=80 expected=84
[cmd_vel_chassis_serial.py-1] [WARN] [1784052782.337452132] [cmd_vel_chassis_serial]: Drop leg debug: len=80 expected=84
[cmd_vel_chassis_serial.py-1] [WARN] [1784052782.357570359] [cmd_vel_chassis_serial]: Drop leg debug: len=80 expected=84
[cmd_vel_chassis_serial.py-1] [WARN] [1784052782.389078780] [cmd_vel_chassis_serial]: Drop leg debug: len=80 expected=84
[cmd_vel_chassis_serial.py-1] [ERROR] [1784052782.402116647] [cmd_vel_chassis_serial]: Serial write failed: Write timeout
[cmd_vel_chassis_serial.py-1] [WARN] [1784052782.440468972] [cmd_vel_chassis_serial]: Drop leg debug: len=80 expected=84
[cmd_vel_chassis_serial.py-1] [WARN] [1784052782.464886125] [cmd_vel_chassis_serial]: Drop leg debug: len=80 expected=84
[cmd_vel_chassis_serial.py-1] [ERROR] [1784052782.471474529] [cmd_vel_chassis_serial]: Serial write failed: Write timeout
[cmd_vel_chassis_serial.py-1] [WARN] [1784052782.497592350] [cmd_vel_chassis_serial]: Drop leg debug: len=80 expected=84
[cmd_vel_chassis_serial.py-1] [WARN] [1784052782.525750329] [cmd_vel_chassis_serial]: Drop leg debug: len=80 expected=84
[cmd_vel_chassis_serial.py-1] [WARN] [1784052782.558444529] [cmd_vel_chassis_serial]: Drop leg debug: len=80 expected=84
[cmd_vel_chassis_serial.py-1] [WARN] [1784052782.575187210] [cmd_vel_chassis_serial]: Drop leg debug: len=80 expected=84
[cmd_vel_chassis_serial.py-1] [WARN] [1784052782.604158957] [cmd_vel_chassis_serial]: Drop leg debug: len=80 expected=84
[cmd_vel_chassis_serial.py-1] [WARN] [1784052782.632880041] [cmd_vel_chassis_serial]: Drop leg debug: len=80 expected=84
[cmd_vel_chassis_serial.py-1] [WARN] [1784052782.656428872] [cmd_vel_chassis_serial]: Drop leg debug: len=80 expected=84
[cmd_vel_chassis_serial.py-1] [WARN] [1784052782.692146888] [cmd_vel_chassis_serial]: Drop leg debug: len=80 expected=84
[cmd_vel_chassis_serial.py-1] [WARN] [1784052782.713955067] [cmd_vel_chassis_serial]: Drop leg debug: len=80 expected=84
[cmd_vel_chassis_serial.py-1] [WARN] [1784052782.753976606] [cmd_vel_chassis_serial]: Drop leg debug: len=80 expected=84
[cmd_vel_chassis_serial.py-1] [WARN] [1784052782.799141813] [cmd_vel_chassis_serial]: Drop leg debug: len=80 expected=84
[cmd_vel_chassis_serial.py-1] [WARN] [1784052782.823437930] [cmd_vel_chassis_serial]: Drop leg debug: len=80 expected=84
[cmd_vel_chassis_serial.py-1] [WARN] [1784052782.866206761] [cmd_vel_chassis_serial]: Drop leg debug: len=80 expected=84
[cmd_vel_chassis_serial.py-1] [ERROR] [1784052782.936888715] [cmd_vel_chassis_serial]: Serial write failed: Write timeout
[cmd_vel_chassis_serial.py-1] [WARN] [1784052782.944340689] [cmd_vel_chassis_serial]: Drop leg debug: len=80 expected=84
[cmd_vel_chassis_serial.py-1] [WARN] [1784052782.981516857] [cmd_vel_chassis_serial]: Drop leg debug: len=80 expected=84
[cmd_vel_chassis_serial.py-1] [WARN] [1784052782.994589994] [cmd_vel_chassis_serial]: Drop leg debug: len=80 expected=84
[cmd_vel_chassis_serial.py-1] [WARN] [1784052783.031781292] [cmd_vel_chassis_serial]: Drop leg debug: len=80 expected=84
[cmd_vel_chassis_serial.py-1] [ERROR] [1784052783.043027216] [cmd_vel_chassis_serial]: Serial write failed: Write timeout
[cmd_vel_chassis_serial.py-1] [WARN] [1784052783.082687744] [cmd_vel_chassis_serial]: Drop leg debug: len=80 expected=84
[cmd_vel_chassis_serial.py-1] [ERROR] [1784052783.132067810] [cmd_vel_chassis_serial]: Serial write failed: Write timeout
[cmd_vel_chassis_serial.py-1] [WARN] [1784052783.146120511] [cmd_vel_chassis_serial]: Drop leg debug: len=80 expected=84
[cmd_vel_chassis_serial.py-1] [WARN] [1784052783.178968361] [cmd_vel_chassis_serial]: Drop leg debug: len=80 expected=84
[cmd_vel_chassis_serial.py-1] [WARN] [1784052783.214752760] [cmd_vel_chassis_serial]: Drop leg debug: len=80 expected=84
[cmd_vel_chassis_serial.py-1] [WARN] [1784052783.232363040] [cmd_vel_chassis_serial]: Drop leg debug: len=80 expected=84
[cmd_vel_chassis_serial.py-1] [WARN] [1784052783.257766537] [cmd_vel_chassis_serial]: Drop leg debug: len=80 expected=84
[cmd_vel_chassis_serial.py-1] [WARN] [1784052783.279524683] [cmd_vel_chassis_serial]: Drop leg debug: len=80 expected=84
[cmd_vel_chassis_serial.py-1] [WARN] [1784052783.299869091] [cmd_vel_chassis_serial]: Drop leg debug: len=80 expected=84
[cmd_vel_chassis_serial.py-1] [WARN] [1784052783.342748128] [cmd_vel_chassis_serial]: Drop leg debug: len=80 expected=84
[cmd_vel_chassis_serial.py-1] [WARN] [1784052783.360027259] [cmd_vel_chassis_serial]: Drop leg debug: len=80 expected=84
[cmd_vel_chassis_serial.py-1] [WARN] [1784052783.402006112] [cmd_vel_chassis_serial]: Drop leg debug: len=80 expected=84
[cmd_vel_chassis_serial.py-1] [WARN] [1784052783.517344182] [cmd_vel_chassis_serial]: Drop leg debug: len=80 expected=84
[cmd_vel_chassis_serial.py-1] [ERROR] [1784052783.559100057] [cmd_vel_chassis_serial]: Serial write failed: Write timeout
[cmd_vel_chassis_serial.py-1] [WARN] [1784052783.572001347] [cmd_vel_chassis_serial]: Drop leg debug: len=80 expected=84
[cmd_vel_chassis_serial.py-1] [WARN] [1784052783.612103236] [cmd_vel_chassis_serial]: Drop leg debug: len=80 expected=84
[cmd_vel_chassis_serial.py-1] [WARN] [1784052783.663127976] [cmd_vel_chassis_serial]: Drop leg debug: len=80 expected=84
[cmd_vel_chassis_serial.py-1] [WARN] [1784052783.702801116] [cmd_vel_chassis_serial]: Drop leg debug: len=80 expected=84
[cmd_vel_chassis_serial.py-1] [WARN] [1784052783.754023142] [cmd_vel_chassis_serial]: Drop leg debug: len=80 expected=84
[cmd_vel_chassis_serial.py-1] [WARN] [1784052783.781336856] [cmd_vel_chassis_serial]: Drop leg debug: len=80 expected=84
[cmd_vel_chassis_serial.py-1] [WARN] [1784052783.813789210] [cmd_vel_chassis_serial]: Drop leg debug: len=80 expected=84
[cmd_vel_chassis_serial.py-1] [WARN] [1784052783.834587351] [cmd_vel_chassis_serial]: Drop leg debug: len=80 expected=84
[cmd_vel_chassis_serial.py-1] [WARN] [1784052783.855571606] [cmd_vel_chassis_serial]: Drop leg debug: len=80 expected=84
[cmd_vel_chassis_serial.py-1] [WARN] [1784052783.882262009] [cmd_vel_chassis_serial]: Drop leg debug: len=80 expected=84
[cmd_vel_chassis_serial.py-1] [WARN] [1784052783.899860974] [cmd_vel_chassis_serial]: Drop leg debug: len=80 expected=84
[cmd_vel_chassis_serial.py-1] [WARN] [1784052783.928729467] [cmd_vel_chassis_serial]: Drop leg debug: len=80 expected=84
[cmd_vel_chassis_serial.py-1] [WARN] [1784052783.969807442] [cmd_vel_chassis_serial]: Drop leg debug: len=80 expected=84
[cmd_vel_chassis_serial.py-1] [WARN] [1784052784.039430148] [cmd_vel_chassis_serial]: Drop leg debug: len=80 expected=84
[cmd_vel_chassis_serial.py-1] [WARN] [1784052784.069256616] [cmd_vel_chassis_serial]: Drop leg debug: len=80 expected=84
[cmd_vel_chassis_serial.py-1] [WARN] [1784052784.140579206] [cmd_vel_chassis_serial]: Drop leg debug: len=80 expected=84
[cmd_vel_chassis_serial.py-1] [WARN] [1784052784.178202296] [cmd_vel_chassis_serial]: Drop leg debug: len=80 expected=84
[cmd_vel_chassis_serial.py-1] [WARN] [1784052784.221252790] [cmd_vel_chassis_serial]: Drop leg debug: len=80 expected=84
[cmd_vel_chassis_serial.py-1] [WARN] [1784052784.243801277] [cmd_vel_chassis_serial]: Drop leg debug: len=80 expected=84
[cmd_vel_chassis_serial.py-1] [ERROR] [1784052784.294365138] [cmd_vel_chassis_serial]: Serial write failed: Write timeout
[cmd_vel_chassis_serial.py-1] [WARN] [1784052784.301702111] [cmd_vel_chassis_serial]: Drop leg debug: len=80 expected=84
[cmd_vel_chassis_serial.py-1] [WARN] [1784052784.340163499] [cmd_vel_chassis_serial]: Drop leg debug: len=80 expected=84
[cmd_vel_chassis_serial.py-1] [ERROR] [1784052784.404959368] [cmd_vel_chassis_serial]: Serial write failed: Write timeout
[cmd_vel_chassis_serial.py-1] [WARN] [1784052784.437397462] [cmd_vel_chassis_serial]: Drop leg debug: len=80 expected=84
[cmd_vel_chassis_serial.py-1] [WARN] [1784052784.496068935] [cmd_vel_chassis_serial]: Drop leg debug: len=80 expected=84
[cmd_vel_chassis_serial.py-1] [WARN] [1784052784.541133845] [cmd_vel_chassis_serial]: Drop leg debug: len=80 expected=84
[cmd_vel_chassis_serial.py-1] [WARN] [1784052784.569119001] [cmd_vel_chassis_serial]: Drop leg debug: len=80 expected=84
[cmd_vel_chassis_serial.py-1] [WARN] [1784052784.609459693] [cmd_vel_chassis_serial]: Drop leg debug: len=80 expected=84
[cmd_vel_chassis_serial.py-1] [WARN] [1784052784.657864220] [cmd_vel_chassis_serial]: Drop leg debug: len=80 expected=84
[cmd_vel_chassis_serial.py-1] [ERROR] [1784052784.665989797] [cmd_vel_chassis_serial]: Serial write failed: Write timeout
[cmd_vel_chassis_serial.py-1] [WARN] [1784052784.735246849] [cmd_vel_chassis_serial]: Drop leg debug: len=80 expected=84
[cmd_vel_chassis_serial.py-1] [WARN] [1784052784.834456120] [cmd_vel_chassis_serial]: Drop leg debug: len=80 expected=84
[cmd_vel_chassis_serial.py-1] [WARN] [1784052784.906215571] [cmd_vel_chassis_serial]: Drop leg debug: len=80 expected=84
[cmd_vel_chassis_serial.py-1] [WARN] [1784052784.982431621] [cmd_vel_chassis_serial]: Drop leg debug: len=80 expected=84
[cmd_vel_chassis_serial.py-1] [WARN] [1784052785.028610906] [cmd_vel_chassis_serial]: Drop leg debug: len=80 expected=84
[cmd_vel_chassis_serial.py-1] [WARN] [1784052785.067545656] [cmd_vel_chassis_serial]: Drop leg debug: len=80 expected=84
[cmd_vel_chassis_serial.py-1] [WARN] [1784052785.095608835] [cmd_vel_chassis_serial]: Drop leg debug: len=80 expected=84
[cmd_vel_chassis_serial.py-1] [ERROR] [1784052785.138876939] [cmd_vel_chassis_serial]: Serial write failed: Write timeout
[cmd_vel_chassis_serial.py-1] [WARN] [1784052785.152339783] [cmd_vel_chassis_serial]: Drop leg debug: len=80 expected=84
[cmd_vel_chassis_serial.py-1] [WARN] [1784052785.172503353] [cmd_vel_chassis_serial]: Drop leg debug: len=80 expected=84
[cmd_vel_chassis_serial.py-1] [WARN] [1784052785.214432325] [cmd_vel_chassis_serial]: Drop leg debug: len=80 expected=84
[cmd_vel_chassis_serial.py-1] [WARN] [1784052785.261135988] [cmd_vel_chassis_serial]: Drop leg debug: len=80 expected=84
[cmd_vel_chassis_serial.py-1] [WARN] [1784052785.310285336] [cmd_vel_chassis_serial]: Drop leg debug: len=80 expected=84
[cmd_vel_chassis_serial.py-1] [ERROR] [1784052785.339577688] [cmd_vel_chassis_serial]: Serial write failed: Write timeout
[cmd_vel_chassis_serial.py-1] [WARN] [1784052785.361262256] [cmd_vel_chassis_serial]: Drop leg debug: len=80 expected=84
[cmd_vel_chassis_serial.py-1] [WARN] [1784052785.437197849] [cmd_vel_chassis_serial]: Drop leg debug: len=80 expected=84
[cmd_vel_chassis_serial.py-1] [WARN] [1784052785.497120317] [cmd_vel_chassis_serial]: Drop leg debug: len=80 expected=84
[cmd_vel_chassis_serial.py-1] [WARN] [1784052785.606540504] [cmd_vel_chassis_serial]: Drop leg debug: len=80 expected=84
[cmd_vel_chassis_serial.py-1] [WARN] [1784052785.697563503] [cmd_vel_chassis_serial]: Drop leg debug: len=80 expected=84
[cmd_vel_chassis_serial.py-1] [WARN] [1784052785.758691011] [cmd_vel_chassis_serial]: Drop leg debug: len=80 expected=84
[cmd_vel_chassis_serial.py-1] [ERROR] [1784052785.792540848] [cmd_vel_chassis_serial]: Serial write failed: Write timeout
[cmd_vel_chassis_serial.py-1] [WARN] [1784052785.799207733] [cmd_vel_chassis_serial]: Drop leg debug: len=80 expected=84
[cmd_vel_chassis_serial.py-1] [WARN] [1784052785.826011690] [cmd_vel_chassis_serial]: Drop leg debug: len=80 expected=84
[cmd_vel_chassis_serial.py-1] [WARN] [1784052785.863550030] [cmd_vel_chassis_serial]: Drop leg debug: len=80 expected=84
[cmd_vel_chassis_serial.py-1] [WARN] [1784052785.876850089] [cmd_vel_chassis_serial]: Drop leg debug: len=80 expected=84
[cmd_vel_chassis_serial.py-1] [WARN] [1784052785.897169124] [cmd_vel_chassis_serial]: Drop leg debug: len=80 expected=84
[cmd_vel_chassis_serial.py-1] [WARN] [1784052785.980885727] [cmd_vel_chassis_serial]: Drop leg debug: len=80 expected=84
[cmd_vel_chassis_serial.py-1] [WARN] [1784052786.015110345] [cmd_vel_chassis_serial]: Drop leg debug: len=80 expected=84
[cmd_vel_chassis_serial.py-1] [ERROR] [1784052786.018074254] [cmd_vel_chassis_serial]: Serial write failed: Write timeout
[cmd_vel_chassis_serial.py-1] [WARN] [1784052786.033570786] [cmd_vel_chassis_serial]: Drop leg debug: len=80 expected=84
[cmd_vel_chassis_serial.py-1] [WARN] [1784052786.057488522] [cmd_vel_chassis_serial]: Drop leg debug: len=80 expected=84
[cmd_vel_chassis_serial.py-1] [WARN] [1784052786.091258325] [cmd_vel_chassis_serial]: Drop leg debug: len=80 expected=84
[cmd_vel_chassis_serial.py-1] [ERROR] [1784052786.096493182] [cmd_vel_chassis_serial]: Serial write failed: Write timeout
[cmd_vel_chassis_serial.py-1] [WARN] [1784052786.106251982] [cmd_vel_chassis_serial]: Drop leg debug: len=80 expected=84
[cmd_vel_chassis_serial.py-1] [WARN] [1784052786.125330393] [cmd_vel_chassis_serial]: Drop leg debug: len=80 expected=84
[cmd_vel_chassis_serial.py-1] [WARN] [1784052786.143552375] [cmd_vel_chassis_serial]: Drop leg debug: len=80 expected=84
[cmd_vel_chassis_serial.py-1] [WARN] [1784052786.149649589] [cmd_vel_chassis_serial]: Drop leg debug: len=80 expected=84
[cmd_vel_chassis_serial.py-1] [WARN] [1784052786.332987238] [cmd_vel_chassis_serial]: Drop leg debug: len=80 expected=84
[cmd_vel_chassis_serial.py-1] [WARN] [1784052786.392359723] [cmd_vel_chassis_serial]: Drop leg debug: len=80 expected=84
[cmd_vel_chassis_serial.py-1] [WARN] [1784052786.555135969] [cmd_vel_chassis_serial]: Drop leg debug: len=80 expected=84
[cmd_vel_chassis_serial.py-1] [ERROR] [1784052786.612706180] [cmd_vel_chassis_serial]: Serial write failed: Write timeout
[cmd_vel_chassis_serial.py-1] [WARN] [1784052786.689737062] [cmd_vel_chassis_serial]: Drop leg debug: len=80 expected=84
[cmd_vel_chassis_serial.py-1] [ERROR] [1784052786.739214016] [cmd_vel_chassis_serial]: Serial write failed: Write timeout
[cmd_vel_chassis_serial.py-1] [WARN] [1784052786.762373365] [cmd_vel_chassis_serial]: Drop leg debug: len=80 expected=84
[cmd_vel_chassis_serial.py-1] [WARN] [1784052786.787081949] [cmd_vel_chassis_serial]: Drop leg debug: len=80 expected=84
[cmd_vel_chassis_serial.py-1] [WARN] [1784052786.831882590] [cmd_vel_chassis_serial]: Drop leg debug: len=80 expected=84
[cmd_vel_chassis_serial.py-1] [ERROR] [1784052786.842904512] [cmd_vel_chassis_serial]: Serial write failed: Write timeout
[cmd_vel_chassis_serial.py-1] [WARN] [1784052786.867123997] [cmd_vel_chassis_serial]: Drop leg debug: len=80 expected=84
[cmd_vel_chassis_serial.py-1] [WARN] [1784052786.882786074] [cmd_vel_chassis_serial]: Drop leg debug: len=80 expected=84
[cmd_vel_chassis_serial.py-1] [WARN] [1784052786.909252434] [cmd_vel_chassis_serial]: Drop leg debug: len=80 expected=84
[cmd_vel_chassis_serial.py-1] [WARN] [1784052786.941384260] [cmd_vel_chassis_serial]: Drop leg debug: len=80 expected=84
[cmd_vel_chassis_serial.py-1] [WARN] [1784052786.977157007] [cmd_vel_chassis_serial]: Drop leg debug: len=80 expected=84
[cmd_vel_chassis_serial.py-1] [ERROR] [1784052786.978838330] [cmd_vel_chassis_serial]: Serial write failed: Write timeout
[cmd_vel_chassis_serial.py-1] [WARN] [1784052787.007004300] [cmd_vel_chassis_serial]: Drop leg debug: len=80 expected=84
[cmd_vel_chassis_serial.py-1] [WARN] [1784052787.033363182] [cmd_vel_chassis_serial]: Drop leg debug: len=80 expected=84
[cmd_vel_chassis_serial.py-1] [WARN] [1784052787.063859548] [cmd_vel_chassis_serial]: Drop leg debug: len=80 expected=84
[cmd_vel_chassis_serial.py-1] [ERROR] [1784052787.104761041] [cmd_vel_chassis_serial]: Serial write failed: Write timeout
[cmd_vel_chassis_serial.py-1] [WARN] [1784052787.117960258] [cmd_vel_chassis_serial]: Drop leg debug: len=80 expected=84
[cmd_vel_chassis_serial.py-1] [WARN] [1784052787.136684465] [cmd_vel_chassis_serial]: Drop leg debug: len=80 expected=84
[cmd_vel_chassis_serial.py-1] [WARN] [1784052787.168741141] [cmd_vel_chassis_serial]: Drop leg debug: len=80 expected=84
[cmd_vel_chassis_serial.py-1] [WARN] [1784052787.204320883] [cmd_vel_chassis_serial]: Drop leg debug: len=80 expected=84
[cmd_vel_chassis_serial.py-1] [WARN] [1784052787.227091838] [cmd_vel_chassis_serial]: Drop leg debug: len=80 expected=84
[cmd_vel_chassis_serial.py-1] [WARN] [1784052787.261577279] [cmd_vel_chassis_serial]: Drop leg debug: len=80 expected=84
[cmd_vel_chassis_serial.py-1] [ERROR] [1784052787.283096693] [cmd_vel_chassis_serial]: Serial write failed: Write timeout
[cmd_vel_chassis_serial.py-1] [WARN] [1784052787.313606956] [cmd_vel_chassis_serial]: Drop leg debug: len=80 expected=84
[cmd_vel_chassis_serial.py-1] [WARN] [1784052787.358026485] [cmd_vel_chassis_serial]: Drop leg debug: len=80 expected=84
[cmd_vel_chassis_serial.py-1] [WARN] [1784052787.426013541] [cmd_vel_chassis_serial]: Drop leg debug: len=80 expected=84
[cmd_vel_chassis_serial.py-1] [WARN] [1784052787.463282357] [cmd_vel_chassis_serial]: Drop leg debug: len=80 expected=84
[cmd_vel_chassis_serial.py-1] [WARN] [1784052787.506901115] [cmd_vel_chassis_serial]: Drop leg debug: len=80 expected=84
[cmd_vel_chassis_serial.py-1] [WARN] [1784052787.565942696] [cmd_vel_chassis_serial]: Drop leg debug: len=80 expected=84
[cmd_vel_chassis_serial.py-1] [ERROR] [1784052787.583303638] [cmd_vel_chassis_serial]: Serial write failed: Write timeout
[cmd_vel_chassis_serial.py-1] [WARN] [1784052787.681221147] [cmd_vel_chassis_serial]: Drop leg debug: len=80 expected=84
[cmd_vel_chassis_serial.py-1] [ERROR] [1784052787.703201507] [cmd_vel_chassis_serial]: Serial write failed: Write timeout
[cmd_vel_chassis_serial.py-1] [WARN] [1784052787.712842331] [cmd_vel_chassis_serial]: Drop leg debug: len=80 expected=84
[cmd_vel_chassis_serial.py-1] [WARN] [1784052787.744345707] [cmd_vel_chassis_serial]: Drop leg debug: len=80 expected=84
[cmd_vel_chassis_serial.py-1] [WARN] [1784052787.784894736] [cmd_vel_chassis_serial]: Drop leg debug: len=80 expected=84
[cmd_vel_chassis_serial.py-1] [WARN] [1784052787.831738314] [cmd_vel_chassis_serial]: Drop leg debug: len=80 expected=84
[cmd_vel_chassis_serial.py-1] [WARN] [1784052787.864817841] [cmd_vel_chassis_serial]: Drop leg debug: len=80 expected=84
[cmd_vel_chassis_serial.py-1] [WARN] [1784052787.879789728] [cmd_vel_chassis_serial]: Drop leg debug: len=80 expected=84
[cmd_vel_chassis_serial.py-1] [WARN] [1784052787.929082890] [cmd_vel_chassis_serial]: Drop leg debug: len=80 expected=84
[cmd_vel_chassis_serial.py-1] [ERROR] [1784052787.968472613] [cmd_vel_chassis_serial]: Serial write failed: Write timeout
[cmd_vel_chassis_serial.py-1] [WARN] [1784052787.983905182] [cmd_vel_chassis_serial]: Drop leg debug: len=80 expected=84
[cmd_vel_chassis_serial.py-1] [WARN] [1784052788.016113073] [cmd_vel_chassis_serial]: Drop leg debug: len=80 expected=84
[cmd_vel_chassis_serial.py-1] [WARN] [1784052788.045109403] [cmd_vel_chassis_serial]: Drop leg debug: len=80 expected=84
[cmd_vel_chassis_serial.py-1] [WARN] [1784052788.081453756] [cmd_vel_chassis_serial]: Drop leg debug: len=80 expected=84
[cmd_vel_chassis_serial.py-1] [WARN] [1784052788.109258019] [cmd_vel_chassis_serial]: Drop leg debug: len=80 expected=84
[cmd_vel_chassis_serial.py-1] [WARN] [1784052788.156339355] [cmd_vel_chassis_serial]: Drop leg debug: len=80 expected=84
[cmd_vel_chassis_serial.py-1] [WARN] [1784052788.173506945] [cmd_vel_chassis_serial]: Drop leg debug: len=80 expected=84
[cmd_vel_chassis_serial.py-1] [WARN] [1784052788.206508214] [cmd_vel_chassis_serial]: Drop leg debug: len=80 expected=84
[cmd_vel_chassis_serial.py-1] [WARN] [1784052788.269580158] [cmd_vel_chassis_serial]: Drop leg debug: len=80 expected=84
[cmd_vel_chassis_serial.py-1] [WARN] [1784052788.315382975] [cmd_vel_chassis_serial]: Drop leg debug: len=80 expected=84
[cmd_vel_chassis_serial.py-1] [WARN] [1784052788.360959994] [cmd_vel_chassis_serial]: Drop leg debug: len=80 expected=84
[cmd_vel_chassis_serial.py-1] [WARN] [1784052788.443181315] [cmd_vel_chassis_serial]: Drop leg debug: len=80 expected=84
[cmd_vel_chassis_serial.py-1] [WARN] [1784052788.476309860] [cmd_vel_chassis_serial]: Drop leg debug: len=80 expected=84
[cmd_vel_chassis_serial.py-1] [ERROR] [1784052788.485973507] [cmd_vel_chassis_serial]: Serial write failed: Write timeout
[cmd_vel_chassis_serial.py-1] [WARN] [1784052788.510221056] [cmd_vel_chassis_serial]: Drop leg debug: len=80 expected=84
[cmd_vel_chassis_serial.py-1] [ERROR] [1784052788.529200149] [cmd_vel_chassis_serial]: Serial write failed: Write timeout
[cmd_vel_chassis_serial.py-1] [WARN] [1784052788.547161419] [cmd_vel_chassis_serial]: Drop leg debug: len=80 expected=84
[cmd_vel_chassis_serial.py-1] [WARN] [1784052788.554357229] [cmd_vel_chassis_serial]: Drop leg debug: len=80 expected=84
[cmd_vel_chassis_serial.py-1] [WARN] [1784052788.571388159] [cmd_vel_chassis_serial]: Drop leg debug: len=80 expected=84
[cmd_vel_chassis_serial.py-1] [WARN] [1784052788.586428962] [cmd_vel_chassis_serial]: Drop leg debug: len=80 expected=84
[cmd_vel_chassis_serial.py-1] [WARN] [1784052788.615017508] [cmd_vel_chassis_serial]: Drop leg debug: len=80 expected=84
[cmd_vel_chassis_serial.py-1] [WARN] [1784052788.627587354] [cmd_vel_chassis_serial]: Drop leg debug: len=80 expected=84
[cmd_vel_chassis_serial.py-1] [WARN] [1784052788.648811473] [cmd_vel_chassis_serial]: Drop leg debug: len=80 expected=84
[cmd_vel_chassis_serial.py-1] [WARN] [1784052788.666007072] [cmd_vel_chassis_serial]: Drop leg debug: len=80 expected=84
[cmd_vel_chassis_serial.py-1] [WARN] [1784052788.707317737] [cmd_vel_chassis_serial]: Drop leg debug: len=80 expected=84
[cmd_vel_chassis_serial.py-1] [WARN] [1784052788.716811915] [cmd_vel_chassis_serial]: Drop leg debug: len=80 expected=84
[cmd_vel_chassis_serial.py-1] [WARN] [1784052788.720728327] [cmd_vel_chassis_serial]: Drop leg debug: len=80 expected=84
[cmd_vel_chassis_serial.py-1] [WARN] [1784052788.757154606] [cmd_vel_chassis_serial]: Drop leg debug: len=80 expected=84
[cmd_vel_chassis_serial.py-1] [WARN] [1784052788.768014677] [cmd_vel_chassis_serial]: Drop leg debug: len=80 expected=84
[cmd_vel_chassis_serial.py-1] [WARN] [1784052788.786402308] [cmd_vel_chassis_serial]: Drop leg debug: len=80 expected=84
[cmd_vel_chassis_serial.py-1] [WARN] [1784052788.812183766] [cmd_vel_chassis_serial]: Drop leg debug: len=80 expected=84
[cmd_vel_chassis_serial.py-1] [WARN] [1784052788.816613746] [cmd_vel_chassis_serial]: Drop leg debug: len=80 expected=84
[cmd_vel_chassis_serial.py-1] [WARN] [1784052788.830051362] [cmd_vel_chassis_serial]: Drop leg debug: len=80 expected=84
[cmd_vel_chassis_serial.py-1] [WARN] [1784052788.834037628] [cmd_vel_chassis_serial]: Drop leg debug: len=80 expected=84
[cmd_vel_chassis_serial.py-1] [WARN] [1784052788.864420024] [cmd_vel_chassis_serial]: Drop leg debug: len=80 expected=84
[cmd_vel_chassis_serial.py-1] [WARN] [1784052788.915367298] [cmd_vel_chassis_serial]: Drop leg debug: len=80 expected=84
[cmd_vel_chassis_serial.py-1] [WARN] [1784052788.926404218] [cmd_vel_chassis_serial]: Drop leg debug: len=80 expected=84
[cmd_vel_chassis_serial.py-1] [WARN] [1784052788.949102257] [cmd_vel_chassis_serial]: Drop leg debug: len=80 expected=84
[cmd_vel_chassis_serial.py-1] [WARN] [1784052788.960186219] [cmd_vel_chassis_serial]: Drop leg debug: len=80 expected=84
[cmd_vel_chassis_serial.py-1] [WARN] [1784052788.972054332] [cmd_vel_chassis_serial]: Drop leg debug: len=80 expected=84
[cmd_vel_chassis_serial.py-1] [WARN] [1784052788.992428921] [cmd_vel_chassis_serial]: Drop leg debug: len=80 expected=84
[cmd_vel_chassis_serial.py-1] [ERROR] [1784052789.028501751] [cmd_vel_chassis_serial]: Serial write failed: Write timeout
[cmd_vel_chassis_serial.py-1] [WARN] [1784052789.054314696] [cmd_vel_chassis_serial]: Drop leg debug: len=80 expected=84
[cmd_vel_chassis_serial.py-1] [WARN] [1784052789.083528842] [cmd_vel_chassis_serial]: Drop leg debug: len=80 expected=84
[cmd_vel_chassis_serial.py-1] [WARN] [1784052789.091779290] [cmd_vel_chassis_serial]: Drop leg debug: len=80 expected=84
[cmd_vel_chassis_serial.py-1] [WARN] [1784052789.103139847] [cmd_vel_chassis_serial]: Drop leg debug: len=80 expected=84
[cmd_vel_chassis_serial.py-1] [WARN] [1784052789.127963218] [cmd_vel_chassis_serial]: Drop leg debug: len=80 expected=84
[cmd_vel_chassis_serial.py-1] [WARN] [1784052789.135810755] [cmd_vel_chassis_serial]: Drop leg debug: len=80 expected=84
[cmd_vel_chassis_serial.py-1] [WARN] [1784052789.168864450] [cmd_vel_chassis_serial]: Drop leg debug: len=80 expected=84
[cmd_vel_chassis_serial.py-1] [WARN] [1784052789.184588012] [cmd_vel_chassis_serial]: Drop leg debug: len=80 expected=84
[cmd_vel_chassis_serial.py-1] [WARN] [1784052789.210130037] [cmd_vel_chassis_serial]: Drop leg debug: len=80 expected=84
[cmd_vel_chassis_serial.py-1] [WARN] [1784052789.220040506] [cmd_vel_chassis_serial]: Drop leg debug: len=80 expected=84
[cmd_vel_chassis_serial.py-1] [WARN] [1784052789.241735517] [cmd_vel_chassis_serial]: Drop leg debug: len=80 expected=84
[cmd_vel_chassis_serial.py-1] [WARN] [1784052789.257588839] [cmd_vel_chassis_serial]: Drop leg debug: len=80 expected=84
[cmd_vel_chassis_serial.py-1] [WARN] [1784052789.266836817] [cmd_vel_chassis_serial]: Drop leg debug: len=80 expected=84
[cmd_vel_chassis_serial.py-1] [WARN] [1784052789.294174263] [cmd_vel_chassis_serial]: Drop leg debug: len=80 expected=84
[cmd_vel_chassis_serial.py-1] [WARN] [1784052789.317702892] [cmd_vel_chassis_serial]: Drop leg debug: len=80 expected=84
[cmd_vel_chassis_serial.py-1] [WARN] [1784052789.341839712] [cmd_vel_chassis_serial]: Drop leg debug: len=80 expected=84
[cmd_vel_chassis_serial.py-1] [WARN] [1784052789.382135922] [cmd_vel_chassis_serial]: Drop leg debug: len=80 expected=84
[cmd_vel_chassis_serial.py-1] [WARN] [1784052789.414225352] [cmd_vel_chassis_serial]: Drop leg debug: len=80 expected=84
[cmd_vel_chassis_serial.py-1] [WARN] [1784052789.463410250] [cmd_vel_chassis_serial]: Drop leg debug: len=80 expected=84
[cmd_vel_chassis_serial.py-1] [WARN] [1784052789.500171779] [cmd_vel_chassis_serial]: Drop leg debug: len=80 expected=84
[cmd_vel_chassis_serial.py-1] [WARN] [1784052789.520443824] [cmd_vel_chassis_serial]: Drop leg debug: len=80 expected=84
[cmd_vel_chassis_serial.py-1] [WARN] [1784052789.559824899] [cmd_vel_chassis_serial]: Drop leg debug: len=80 expected=84
[cmd_vel_chassis_serial.py-1] [WARN] [1784052789.599073526] [cmd_vel_chassis_serial]: Drop leg debug: len=80 expected=84
[cmd_vel_chassis_serial.py-1] [WARN] [1784052789.648154032] [cmd_vel_chassis_serial]: Drop leg debug: len=80 expected=84
[cmd_vel_chassis_serial.py-1] [WARN] [1784052789.674133374] [cmd_vel_chassis_serial]: Drop leg debug: len=80 expected=84
[cmd_vel_chassis_serial.py-1] [ERROR] [1784052789.725107068] [cmd_vel_chassis_serial]: Serial write failed: Write timeout
[cmd_vel_chassis_serial.py-1] [WARN] [1784052789.733723827] [cmd_vel_chassis_serial]: Drop leg debug: len=80 expected=84
[cmd_vel_chassis_serial.py-1] [WARN] [1784052789.788851433] [cmd_vel_chassis_serial]: Drop leg debug: len=80 expected=84
[cmd_vel_chassis_serial.py-1] [WARN] [1784052789.837238763] [cmd_vel_chassis_serial]: Drop leg debug: len=80 expected=84
[cmd_vel_chassis_serial.py-1] [WARN] [1784052789.862387872] [cmd_vel_chassis_serial]: Drop leg debug: len=80 expected=84
[cmd_vel_chassis_serial.py-1] [WARN] [1784052789.921762667] [cmd_vel_chassis_serial]: Drop leg debug: len=80 expected=84
[cmd_vel_chassis_serial.py-1] [WARN] [1784052789.970491527] [cmd_vel_chassis_serial]: Drop leg debug: len=80 expected=84
[cmd_vel_chassis_serial.py-1] [WARN] [1784052790.035599093] [cmd_vel_chassis_serial]: Drop leg debug: len=80 expected=84
[cmd_vel_chassis_serial.py-1] [WARN] [1784052790.093220654] [cmd_vel_chassis_serial]: Drop leg debug: len=80 expected=84
[cmd_vel_chassis_serial.py-1] [ERROR] [1784052790.129088130] [cmd_vel_chassis_serial]: Serial write failed: Write timeout
[cmd_vel_chassis_serial.py-1] [WARN] [1784052790.150700432] [cmd_vel_chassis_serial]: Drop leg debug: len=80 expected=84
[cmd_vel_chassis_serial.py-1] [WARN] [1784052790.192774346] [cmd_vel_chassis_serial]: Drop leg debug: len=80 expected=84
[cmd_vel_chassis_serial.py-1] [WARN] [1784052790.243460963] [cmd_vel_chassis_serial]: Drop leg debug: len=80 expected=84
[cmd_vel_chassis_serial.py-1] [ERROR] [1784052790.271399288] [cmd_vel_chassis_serial]: Serial write failed: Write timeout
[cmd_vel_chassis_serial.py-1] [WARN] [1784052790.289435628] [cmd_vel_chassis_serial]: Drop leg debug: len=80 expected=84
[cmd_vel_chassis_serial.py-1] [WARN] [1784052790.314103593] [cmd_vel_chassis_serial]: Drop leg debug: len=80 expected=84
[cmd_vel_chassis_serial.py-1] [WARN] [1784052790.394535920] [cmd_vel_chassis_serial]: Drop leg debug: len=80 expected=84
[cmd_vel_chassis_serial.py-1] [ERROR] [1784052790.425614354] [cmd_vel_chassis_serial]: Serial write failed: Write timeout
[cmd_vel_chassis_serial.py-1] [WARN] [1784052790.498687692] [cmd_vel_chassis_serial]: Drop leg debug: len=80 expected=84
[cmd_vel_chassis_serial.py-1] [WARN] [1784052790.534280491] [cmd_vel_chassis_serial]: Drop leg debug: len=80 expected=84
[cmd_vel_chassis_serial.py-1] [WARN] [1784052790.602815127] [cmd_vel_chassis_serial]: Drop leg debug: len=80 expected=84
[cmd_vel_chassis_serial.py-1] [ERROR] [1784052790.633984451] [cmd_vel_chassis_serial]: Serial write failed: Write timeout
[cmd_vel_chassis_serial.py-1] [WARN] [1784052790.653991694] [cmd_vel_chassis_serial]: Drop leg debug: len=80 expected=84
[cmd_vel_chassis_serial.py-1] [WARN] [1784052790.675661910] [cmd_vel_chassis_serial]: Drop leg debug: len=80 expected=84
[cmd_vel_chassis_serial.py-1] [WARN] [1784052790.753712215] [cmd_vel_chassis_serial]: Drop leg debug: len=80 expected=84
[cmd_vel_chassis_serial.py-1] [ERROR] [1784052790.760445073] [cmd_vel_chassis_serial]: Serial write failed: Write timeout
[cmd_vel_chassis_serial.py-1] [WARN] [1784052790.769983171] [cmd_vel_chassis_serial]: Drop leg debug: len=80 expected=84
[cmd_vel_chassis_serial.py-1] [WARN] [1784052790.807418000] [cmd_vel_chassis_serial]: Drop leg debug: len=80 expected=84
[cmd_vel_chassis_serial.py-1] [WARN] [1784052790.837363889] [cmd_vel_chassis_serial]: Drop leg debug: len=80 expected=84
[cmd_vel_chassis_serial.py-1] [WARN] [1784052790.857533317] [cmd_vel_chassis_serial]: Drop leg debug: len=80 expected=84
[cmd_vel_chassis_serial.py-1] [WARN] [1784052790.873915612] [cmd_vel_chassis_serial]: Drop leg debug: len=80 expected=84
[cmd_vel_chassis_serial.py-1] [WARN] [1784052790.916317485] [cmd_vel_chassis_serial]: Drop leg debug: len=80 expected=84
[cmd_vel_chassis_serial.py-1] [WARN] [1784052790.945324513] [cmd_vel_chassis_serial]: Drop leg debug: len=80 expected=84
[cmd_vel_chassis_serial.py-1] [WARN] [1784052790.972115220] [cmd_vel_chassis_serial]: Drop leg debug: len=80 expected=84
[cmd_vel_chassis_serial.py-1] [WARN] [1784052791.008539079] [cmd_vel_chassis_serial]: Drop leg debug: len=80 expected=84
[cmd_vel_chassis_serial.py-1] [WARN] [1784052791.051251048] [cmd_vel_chassis_serial]: Drop leg debug: len=80 expected=84
[cmd_vel_chassis_serial.py-1] [WARN] [1784052791.066128330] [cmd_vel_chassis_serial]: Drop leg debug: len=80 expected=84
[cmd_vel_chassis_serial.py-1] [WARN] [1784052791.106342329] [cmd_vel_chassis_serial]: Drop leg debug: len=80 expected=84
[cmd_vel_chassis_serial.py-1] [WARN] [1784052791.182168541] [cmd_vel_chassis_serial]: Drop leg debug: len=80 expected=84
[cmd_vel_chassis_serial.py-1] [WARN] [1784052791.277093002] [cmd_vel_chassis_serial]: Drop leg debug: len=80 expected=84
[cmd_vel_chassis_serial.py-1] [ERROR] [1784052791.307596016] [cmd_vel_chassis_serial]: Serial write failed: Write timeout
[cmd_vel_chassis_serial.py-1] [WARN] [1784052791.399776849] [cmd_vel_chassis_serial]: Drop leg debug: len=80 expected=84
[cmd_vel_chassis_serial.py-1] [WARN] [1784052791.440385084] [cmd_vel_chassis_serial]: Drop leg debug: len=80 expected=84
[cmd_vel_chassis_serial.py-1] [ERROR] [1784052791.492148908] [cmd_vel_chassis_serial]: Serial write failed: Write timeout
[cmd_vel_chassis_serial.py-1] [WARN] [1784052791.525975419] [cmd_vel_chassis_serial]: Drop leg debug: len=80 expected=84
[cmd_vel_chassis_serial.py-1] [WARN] [1784052791.568845025] [cmd_vel_chassis_serial]: Drop leg debug: len=80 expected=84
[cmd_vel_chassis_serial.py-1] [WARN] [1784052791.622093484] [cmd_vel_chassis_serial]: Drop leg debug: len=80 expected=84
[cmd_vel_chassis_serial.py-1] [ERROR] [1784052791.663906110] [cmd_vel_chassis_serial]: Serial write failed: Write timeout
[cmd_vel_chassis_serial.py-1] [WARN] [1784052791.693989976] [cmd_vel_chassis_serial]: Drop leg debug: len=80 expected=84
[cmd_vel_chassis_serial.py-1] [WARN] [1784052791.739045734] [cmd_vel_chassis_serial]: Drop leg debug: len=80 expected=84
[cmd_vel_chassis_serial.py-1] [WARN] [1784052791.815655388] [cmd_vel_chassis_serial]: Drop leg debug: len=80 expected=84
[cmd_vel_chassis_serial.py-1] [WARN] [1784052791.847046992] [cmd_vel_chassis_serial]: Drop leg debug: len=80 expected=84
[cmd_vel_chassis_serial.py-1] [WARN] [1784052791.923004452] [cmd_vel_chassis_serial]: Drop leg debug: len=80 expected=84
[cmd_vel_chassis_serial.py-1] [ERROR] [1784052791.933900364] [cmd_vel_chassis_serial]: Serial write failed: Write timeout
[cmd_vel_chassis_serial.py-1] [WARN] [1784052791.968201238] [cmd_vel_chassis_serial]: Drop leg debug: len=80 expected=84
[cmd_vel_chassis_serial.py-1] [WARN] [1784052792.016138831] [cmd_vel_chassis_serial]: Drop leg debug: len=80 expected=84
[cmd_vel_chassis_serial.py-1] [WARN] [1784052792.061254022] [cmd_vel_chassis_serial]: Drop leg debug: len=80 expected=84
[cmd_vel_chassis_serial.py-1] [WARN] [1784052792.079377170] [cmd_vel_chassis_serial]: Drop leg debug: len=80 expected=84
[cmd_vel_chassis_serial.py-1] [WARN] [1784052792.114200451] [cmd_vel_chassis_serial]: Drop leg debug: len=80 expected=84
[cmd_vel_chassis_serial.py-1] [WARN] [1784052792.150357992] [cmd_vel_chassis_serial]: Drop leg debug: len=80 expected=84
[cmd_vel_chassis_serial.py-1] [WARN] [1784052792.162330359] [cmd_vel_chassis_serial]: Drop leg debug: len=80 expected=84
[cmd_vel_chassis_serial.py-1] [WARN] [1784052792.181312120] [cmd_vel_chassis_serial]: Drop leg debug: len=80 expected=84
[cmd_vel_chassis_serial.py-1] [WARN] [1784052792.229261638] [cmd_vel_chassis_serial]: Drop leg debug: len=80 expected=84
[cmd_vel_chassis_serial.py-1] [WARN] [1784052792.263558260] [cmd_vel_chassis_serial]: Drop leg debug: len=80 expected=84
[cmd_vel_chassis_serial.py-1] [WARN] [1784052792.270489867] [cmd_vel_chassis_serial]: Drop leg debug: len=80 expected=84
[cmd_vel_chassis_serial.py-1] [WARN] [1784052792.312132949] [cmd_vel_chassis_serial]: Drop leg debug: len=80 expected=84
[cmd_vel_chassis_serial.py-1] [WARN] [1784052792.330531456] [cmd_vel_chassis_serial]: Drop leg debug: len=80 expected=84
[cmd_vel_chassis_serial.py-1] [WARN] [1784052792.359569104] [cmd_vel_chassis_serial]: Drop leg debug: len=80 expected=84
[cmd_vel_chassis_serial.py-1] [WARN] [1784052792.427823530] [cmd_vel_chassis_serial]: Drop leg debug: len=80 expected=84
[cmd_vel_chassis_serial.py-1] [WARN] [1784052792.447817532] [cmd_vel_chassis_serial]: Drop leg debug: len=80 expected=84
[cmd_vel_chassis_serial.py-1] [WARN] [1784052792.464331277] [cmd_vel_chassis_serial]: Drop leg debug: len=80 expected=84
[cmd_vel_chassis_serial.py-1] [WARN] [1784052792.534082939] [cmd_vel_chassis_serial]: Drop leg debug: len=80 expected=84
[cmd_vel_chassis_serial.py-1] [WARN] [1784052792.567898082] [cmd_vel_chassis_serial]: Drop leg debug: len=80 expected=84
[cmd_vel_chassis_serial.py-1] [WARN] [1784052792.602907441] [cmd_vel_chassis_serial]: Drop leg debug: len=80 expected=84
[cmd_vel_chassis_serial.py-1] [WARN] [1784052792.621224431] [cmd_vel_chassis_serial]: Drop leg debug: len=80 expected=84
[cmd_vel_chassis_serial.py-1] [WARN] [1784052792.683763569] [cmd_vel_chassis_serial]: Drop leg debug: len=80 expected=84
[cmd_vel_chassis_serial.py-1] [WARN] [1784052792.707775265] [cmd_vel_chassis_serial]: Drop leg debug: len=80 expected=84
[cmd_vel_chassis_serial.py-1] [WARN] [1784052792.729138004] [cmd_vel_chassis_serial]: Drop leg debug: len=80 expected=84
[cmd_vel_chassis_serial.py-1] [WARN] [1784052792.772495227] [cmd_vel_chassis_serial]: Drop leg debug: len=80 expected=84
[cmd_vel_chassis_serial.py-1] [WARN] [1784052792.795936739] [cmd_vel_chassis_serial]: Drop leg debug: len=80 expected=84
[cmd_vel_chassis_serial.py-1] [WARN] [1784052792.812226389] [cmd_vel_chassis_serial]: Drop leg debug: len=80 expected=84
[cmd_vel_chassis_serial.py-1] [WARN] [1784052792.826339559] [cmd_vel_chassis_serial]: Drop leg debug: len=80 expected=84
[cmd_vel_chassis_serial.py-1] [WARN] [1784052792.866226101] [cmd_vel_chassis_serial]: Drop leg debug: len=80 expected=84
[cmd_vel_chassis_serial.py-1] [WARN] [1784052792.877356187] [cmd_vel_chassis_serial]: Drop leg debug: len=80 expected=84
[cmd_vel_chassis_serial.py-1] [WARN] [1784052792.907650920] [cmd_vel_chassis_serial]: Drop leg debug: len=80 expected=84
[cmd_vel_chassis_serial.py-1] [WARN] [1784052792.916293189] [cmd_vel_chassis_serial]: Drop leg debug: len=80 expected=84
[cmd_vel_chassis_serial.py-1] [WARN] [1784052792.951580560] [cmd_vel_chassis_serial]: Drop leg debug: len=80 expected=84
[cmd_vel_chassis_serial.py-1] [WARN] [1784052792.979309077] [cmd_vel_chassis_serial]: Drop leg debug: len=80 expected=84
[cmd_vel_chassis_serial.py-1] [WARN] [1784052793.007581918] [cmd_vel_chassis_serial]: Drop leg debug: len=80 expected=84
[cmd_vel_chassis_serial.py-1] [WARN] [1784052793.045346626] [cmd_vel_chassis_serial]: Drop leg debug: len=80 expected=84
[cmd_vel_chassis_serial.py-1] [WARN] [1784052793.075702306] [cmd_vel_chassis_serial]: Drop leg debug: len=80 expected=84
[cmd_vel_chassis_serial.py-1] [WARN] [1784052793.086913981] [cmd_vel_chassis_serial]: Drop leg debug: len=80 expected=84
[cmd_vel_chassis_serial.py-1] [WARN] [1784052793.118227661] [cmd_vel_chassis_serial]: Drop leg debug: len=80 expected=84
[cmd_vel_chassis_serial.py-1] [WARN] [1784052793.147785029] [cmd_vel_chassis_serial]: Drop leg debug: len=80 expected=84
[cmd_vel_chassis_serial.py-1] [WARN] [1784052793.186060831] [cmd_vel_chassis_serial]: Drop leg debug: len=80 expected=84
[cmd_vel_chassis_serial.py-1] [WARN] [1784052793.225568062] [cmd_vel_chassis_serial]: Drop leg debug: len=80 expected=84
[cmd_vel_chassis_serial.py-1] [WARN] [1784052793.253664772] [cmd_vel_chassis_serial]: Drop leg debug: len=80 expected=84
[cmd_vel_chassis_serial.py-1] [WARN] [1784052793.291242010] [cmd_vel_chassis_serial]: Drop leg debug: len=80 expected=84
[cmd_vel_chassis_serial.py-1] [WARN] [1784052793.294938742] [cmd_vel_chassis_serial]: Drop leg debug: len=80 expected=84
[cmd_vel_chassis_serial.py-1] [WARN] [1784052793.304321733] [cmd_vel_chassis_serial]: Drop leg debug: len=80 expected=84
[cmd_vel_chassis_serial.py-1] [WARN] [1784052793.309204423] [cmd_vel_chassis_serial]: Drop leg debug: len=80 expected=84
[cmd_vel_chassis_serial.py-1] [WARN] [1784052793.314448721] [cmd_vel_chassis_serial]: Drop leg debug: len=80 expected=84
[cmd_vel_chassis_serial.py-1] [WARN] [1784052793.322447374] [cmd_vel_chassis_serial]: Drop leg debug: len=80 expected=84
[cmd_vel_chassis_serial.py-1] [WARN] [1784052793.327243591] [cmd_vel_chassis_serial]: Drop leg debug: len=80 expected=84
[cmd_vel_chassis_serial.py-1] [WARN] [1784052793.331279633] [cmd_vel_chassis_serial]: Drop leg debug: len=80 expected=84
[cmd_vel_chassis_serial.py-1] [WARN] [1784052793.340589001] [cmd_vel_chassis_serial]: Drop leg debug: len=80 expected=84
[cmd_vel_chassis_serial.py-1] [WARN] [1784052793.407776781] [cmd_vel_chassis_serial]: Drop leg debug: len=80 expected=84
[cmd_vel_chassis_serial.py-1] [WARN] [1784052793.425051286] [cmd_vel_chassis_serial]: Drop leg debug: len=80 expected=84
[cmd_vel_chassis_serial.py-1] [WARN] [1784052793.429984498] [cmd_vel_chassis_serial]: Drop leg debug: len=80 expected=84
[cmd_vel_chassis_serial.py-1] [WARN] [1784052793.451646151] [cmd_vel_chassis_serial]: Drop leg debug: len=80 expected=84
[cmd_vel_chassis_serial.py-1] [WARN] [1784052793.470870485] [cmd_vel_chassis_serial]: Drop leg debug: len=80 expected=84
[cmd_vel_chassis_serial.py-1] [WARN] [1784052793.500950120] [cmd_vel_chassis_serial]: Drop leg debug: len=80 expected=84
[cmd_vel_chassis_serial.py-1] [WARN] [1784052793.523559825] [cmd_vel_chassis_serial]: Drop leg debug: len=80 expected=84
[cmd_vel_chassis_serial.py-1] [WARN] [1784052793.533007846] [cmd_vel_chassis_serial]: Drop leg debug: len=80 expected=84
[cmd_vel_chassis_serial.py-1] [WARN] [1784052793.543136850] [cmd_vel_chassis_serial]: Drop leg debug: len=80 expected=84
[cmd_vel_chassis_serial.py-1] [WARN] [1784052793.564797207] [cmd_vel_chassis_serial]: Drop leg debug: len=80 expected=84
[cmd_vel_chassis_serial.py-1] [WARN] [1784052793.588789316] [cmd_vel_chassis_serial]: Drop leg debug: len=80 expected=84
[cmd_vel_chassis_serial.py-1] [WARN] [1784052793.604427609] [cmd_vel_chassis_serial]: Drop leg debug: len=80 expected=84
[cmd_vel_chassis_serial.py-1] [WARN] [1784052793.667860611] [cmd_vel_chassis_serial]: Drop leg debug: len=80 expected=84
[cmd_vel_chassis_serial.py-1] [WARN] [1784052793.680854147] [cmd_vel_chassis_serial]: Drop leg debug: len=80 expected=84
[cmd_vel_chassis_serial.py-1] [WARN] [1784052793.685838013] [cmd_vel_chassis_serial]: Drop leg debug: len=80 expected=84
[cmd_vel_chassis_serial.py-1] [WARN] [1784052793.708509220] [cmd_vel_chassis_serial]: Drop leg debug: len=80 expected=84
[cmd_vel_chassis_serial.py-1] [WARN] [1784052793.712237429] [cmd_vel_chassis_serial]: Drop leg debug: len=80 expected=84
[cmd_vel_chassis_serial.py-1] [WARN] [1784052793.724392296] [cmd_vel_chassis_serial]: Drop leg debug: len=80 expected=84
[cmd_vel_chassis_serial.py-1] [WARN] [1784052793.803251857] [cmd_vel_chassis_serial]: Drop leg debug: len=80 expected=84
[cmd_vel_chassis_serial.py-1] [WARN] [1784052793.822077384] [cmd_vel_chassis_serial]: Drop leg debug: len=80 expected=84
[cmd_vel_chassis_serial.py-1] [WARN] [1784052793.847217362] [cmd_vel_chassis_serial]: Drop leg debug: len=80 expected=84
[cmd_vel_chassis_serial.py-1] [WARN] [1784052793.869549379] [cmd_vel_chassis_serial]: Drop leg debug: len=80 expected=84
[cmd_vel_chassis_serial.py-1] [WARN] [1784052793.887139374] [cmd_vel_chassis_serial]: Drop leg debug: len=80 expected=84
[cmd_vel_chassis_serial.py-1] [WARN] [1784052793.891008251] [cmd_vel_chassis_serial]: Drop leg debug: len=80 expected=84
[cmd_vel_chassis_serial.py-1] [WARN] [1784052793.949315615] [cmd_vel_chassis_serial]: Drop leg debug: len=80 expected=84
[cmd_vel_chassis_serial.py-1] [WARN] [1784052793.965023726] [cmd_vel_chassis_serial]: Drop leg debug: len=80 expected=84
[cmd_vel_chassis_serial.py-1] [WARN] [1784052793.971420549] [cmd_vel_chassis_serial]: Drop leg debug: len=80 expected=84
[cmd_vel_chassis_serial.py-1] [WARN] [1784052793.983375875] [cmd_vel_chassis_serial]: Drop leg debug: len=80 expected=84
[cmd_vel_chassis_serial.py-1] [WARN] [1784052794.010227787] [cmd_vel_chassis_serial]: Drop leg debug: len=80 expected=84
[cmd_vel_chassis_serial.py-1] [WARN] [1784052794.013826668] [cmd_vel_chassis_serial]: Drop leg debug: len=80 expected=84
[cmd_vel_chassis_serial.py-1] [WARN] [1784052794.067415045] [cmd_vel_chassis_serial]: Drop leg debug: len=80 expected=84
[cmd_vel_chassis_serial.py-1] [WARN] [1784052794.080652667] [cmd_vel_chassis_serial]: Drop leg debug: len=80 expected=84
[cmd_vel_chassis_serial.py-1] [WARN] [1784052794.095947460] [cmd_vel_chassis_serial]: Drop leg debug: len=80 expected=84
[cmd_vel_chassis_serial.py-1] [WARN] [1784052794.112453725] [cmd_vel_chassis_serial]: Drop leg debug: len=80 expected=84
[cmd_vel_chassis_serial.py-1] [WARN] [1784052794.135214308] [cmd_vel_chassis_serial]: Drop leg debug: len=80 expected=84
[cmd_vel_chassis_serial.py-1] [WARN] [1784052794.170000874] [cmd_vel_chassis_serial]: Drop leg debug: len=80 expected=84
[cmd_vel_chassis_serial.py-1] [WARN] [1784052794.222606014] [cmd_vel_chassis_serial]: Drop leg debug: len=80 expected=84
[cmd_vel_chassis_serial.py-1] [WARN] [1784052794.231051740] [cmd_vel_chassis_serial]: Drop leg debug: len=80 expected=84
[cmd_vel_chassis_serial.py-1] [WARN] [1784052794.248578851] [cmd_vel_chassis_serial]: Drop leg debug: len=80 expected=84
[cmd_vel_chassis_serial.py-1] [WARN] [1784052794.253524939] [cmd_vel_chassis_serial]: Drop leg debug: len=80 expected=84
[cmd_vel_chassis_serial.py-1] [WARN] [1784052794.274966588] [cmd_vel_chassis_serial]: Drop leg debug: len=80 expected=84
[cmd_vel_chassis_serial.py-1] [WARN] [1784052794.285197246] [cmd_vel_chassis_serial]: Drop leg debug: len=80 expected=84
[cmd_vel_chassis_serial.py-1] [WARN] [1784052794.364574470] [cmd_vel_chassis_serial]: Drop leg debug: len=80 expected=84
[cmd_vel_chassis_serial.py-1] [WARN] [1784052794.370306893] [cmd_vel_chassis_serial]: Drop leg debug: len=80 expected=84
[cmd_vel_chassis_serial.py-1] [WARN] [1784052794.390953387] [cmd_vel_chassis_serial]: Drop leg debug: len=80 expected=84
[cmd_vel_chassis_serial.py-1] [WARN] [1784052794.402482195] [cmd_vel_chassis_serial]: Drop leg debug: len=80 expected=84
[cmd_vel_chassis_serial.py-1] [WARN] [1784052794.430512215] [cmd_vel_chassis_serial]: Drop leg debug: len=80 expected=84
[cmd_vel_chassis_serial.py-1] [WARN] [1784052794.444966409] [cmd_vel_chassis_serial]: Drop leg debug: len=80 expected=84
[cmd_vel_chassis_serial.py-1] [WARN] [1784052794.509700351] [cmd_vel_chassis_serial]: Drop leg debug: len=80 expected=84
[cmd_vel_chassis_serial.py-1] [WARN] [1784052794.528420308] [cmd_vel_chassis_serial]: Drop leg debug: len=80 expected=84
[cmd_vel_chassis_serial.py-1] [WARN] [1784052794.551346604] [cmd_vel_chassis_serial]: Drop leg debug: len=80 expected=84
[cmd_vel_chassis_serial.py-1] [WARN] [1784052794.568931124] [cmd_vel_chassis_serial]: Drop leg debug: len=80 expected=84
[cmd_vel_chassis_serial.py-1] [WARN] [1784052794.573237594] [cmd_vel_chassis_serial]: Drop leg debug: len=80 expected=84
[cmd_vel_chassis_serial.py-1] [WARN] [1784052794.600647196] [cmd_vel_chassis_serial]: Drop leg debug: len=80 expected=84
[cmd_vel_chassis_serial.py-1] [WARN] [1784052794.629556087] [cmd_vel_chassis_serial]: Drop leg debug: len=80 expected=84
[cmd_vel_chassis_serial.py-1] [WARN] [1784052794.653587591] [cmd_vel_chassis_serial]: Drop leg debug: len=80 expected=84
[cmd_vel_chassis_serial.py-1] [WARN] [1784052794.670672956] [cmd_vel_chassis_serial]: Drop leg debug: len=80 expected=84
[cmd_vel_chassis_serial.py-1] [WARN] [1784052794.711668407] [cmd_vel_chassis_serial]: Drop leg debug: len=80 expected=84
[cmd_vel_chassis_serial.py-1] [WARN] [1784052794.730516444] [cmd_vel_chassis_serial]: Drop leg debug: len=80 expected=84
[cmd_vel_chassis_serial.py-1] [WARN] [1784052794.755461727] [cmd_vel_chassis_serial]: Drop leg debug: len=80 expected=84
[cmd_vel_chassis_serial.py-1] [WARN] [1784052794.787003242] [cmd_vel_chassis_serial]: Drop leg debug: len=80 expected=84
[cmd_vel_chassis_serial.py-1] [WARN] [1784052794.798925613] [cmd_vel_chassis_serial]: Drop leg debug: len=80 expected=84
[cmd_vel_chassis_serial.py-1] [WARN] [1784052794.819411518] [cmd_vel_chassis_serial]: Drop leg debug: len=80 expected=84
[cmd_vel_chassis_serial.py-1] [WARN] [1784052794.831983300] [cmd_vel_chassis_serial]: Drop leg debug: len=80 expected=84
[cmd_vel_chassis_serial.py-1] [WARN] [1784052794.853889374] [cmd_vel_chassis_serial]: Drop leg debug: len=80 expected=84
[cmd_vel_chassis_serial.py-1] [WARN] [1784052794.890556575] [cmd_vel_chassis_serial]: Drop leg debug: len=80 expected=84
[cmd_vel_chassis_serial.py-1] [WARN] [1784052794.966807060] [cmd_vel_chassis_serial]: Drop leg debug: len=80 expected=84
[cmd_vel_chassis_serial.py-1] [WARN] [1784052794.972821527] [cmd_vel_chassis_serial]: Drop leg debug: len=80 expected=84
[cmd_vel_chassis_serial.py-1] [WARN] [1784052794.995899232] [cmd_vel_chassis_serial]: Drop leg debug: len=80 expected=84
[cmd_vel_chassis_serial.py-1] [WARN] [1784052795.012308917] [cmd_vel_chassis_serial]: Drop leg debug: len=80 expected=84
[cmd_vel_chassis_serial.py-1] [WARN] [1784052795.032327550] [cmd_vel_chassis_serial]: Drop leg debug: len=80 expected=84
[cmd_vel_chassis_serial.py-1] [WARN] [1784052795.052108169] [cmd_vel_chassis_serial]: Drop leg debug: len=80 expected=84
[cmd_vel_chassis_serial.py-1] [WARN] [1784052795.109717617] [cmd_vel_chassis_serial]: Drop leg debug: len=80 expected=84
[cmd_vel_chassis_serial.py-1] [WARN] [1784052795.142597552] [cmd_vel_chassis_serial]: Drop leg debug: len=80 expected=84
[cmd_vel_chassis_serial.py-1] [WARN] [1784052795.173726888] [cmd_vel_chassis_serial]: Drop leg debug: len=80 expected=84
[cmd_vel_chassis_serial.py-1] [WARN] [1784052795.187494576] [cmd_vel_chassis_serial]: Drop leg debug: len=80 expected=84
[cmd_vel_chassis_serial.py-1] [WARN] [1784052795.205552556] [cmd_vel_chassis_serial]: Drop leg debug: len=80 expected=84
[cmd_vel_chassis_serial.py-1] [WARN] [1784052795.236577681] [cmd_vel_chassis_serial]: Drop leg debug: len=80 expected=84
[cmd_vel_chassis_serial.py-1] [ERROR] [1784052795.238841979] [cmd_vel_chassis_serial]: Serial write failed: Write timeout
[cmd_vel_chassis_serial.py-1] [WARN] [1784052795.267437009] [cmd_vel_chassis_serial]: Drop leg debug: len=80 expected=84
[cmd_vel_chassis_serial.py-1] [WARN] [1784052795.275805380] [cmd_vel_chassis_serial]: Drop leg debug: len=80 expected=84
[cmd_vel_chassis_serial.py-1] [WARN] [1784052795.288593287] [cmd_vel_chassis_serial]: Drop leg debug: len=80 expected=84
[cmd_vel_chassis_serial.py-1] [WARN] [1784052795.328168541] [cmd_vel_chassis_serial]: Drop leg debug: len=80 expected=84
[cmd_vel_chassis_serial.py-1] [WARN] [1784052795.347463961] [cmd_vel_chassis_serial]: Drop leg debug: len=80 expected=84
[cmd_vel_chassis_serial.py-1] [WARN] [1784052795.364327847] [cmd_vel_chassis_serial]: Drop leg debug: len=80 expected=84
[cmd_vel_chassis_serial.py-1] [WARN] [1784052795.409958499] [cmd_vel_chassis_serial]: Drop leg debug: len=80 expected=84
[cmd_vel_chassis_serial.py-1] [WARN] [1784052795.454162407] [cmd_vel_chassis_serial]: Drop leg debug: len=80 expected=84
[cmd_vel_chassis_serial.py-1] [WARN] [1784052795.477807762] [cmd_vel_chassis_serial]: Drop leg debug: len=80 expected=84
[cmd_vel_chassis_serial.py-1] [WARN] [1784052795.505957567] [cmd_vel_chassis_serial]: Drop leg debug: len=80 expected=84
[cmd_vel_chassis_serial.py-1] [WARN] [1784052795.543590084] [cmd_vel_chassis_serial]: Drop leg debug: len=80 expected=84
[cmd_vel_chassis_serial.py-1] [WARN] [1784052795.581146554] [cmd_vel_chassis_serial]: Drop leg debug: len=80 expected=84
[cmd_vel_chassis_serial.py-1] [WARN] [1784052795.621295700] [cmd_vel_chassis_serial]: Drop leg debug: len=80 expected=84
[cmd_vel_chassis_serial.py-1] [WARN] [1784052795.656158201] [cmd_vel_chassis_serial]: Drop leg debug: len=80 expected=84
[cmd_vel_chassis_serial.py-1] [WARN] [1784052795.687250863] [cmd_vel_chassis_serial]: Drop leg debug: len=80 expected=84
[cmd_vel_chassis_serial.py-1] [WARN] [1784052795.704165055] [cmd_vel_chassis_serial]: Drop leg debug: len=80 expected=84
[cmd_vel_chassis_serial.py-1] [WARN] [1784052795.740245650] [cmd_vel_chassis_serial]: Drop leg debug: len=80 expected=84
[cmd_vel_chassis_serial.py-1] [WARN] [1784052795.763210117] [cmd_vel_chassis_serial]: Drop leg debug: len=80 expected=84
[cmd_vel_chassis_serial.py-1] [WARN] [1784052795.797510305] [cmd_vel_chassis_serial]: Drop leg debug: len=80 expected=84
[cmd_vel_chassis_serial.py-1] [WARN] [1784052795.833730801] [cmd_vel_chassis_serial]: Drop leg debug: len=80 expected=84
[cmd_vel_chassis_serial.py-1] [WARN] [1784052795.872574045] [cmd_vel_chassis_serial]: Drop leg debug: len=80 expected=84
[cmd_vel_chassis_serial.py-1] [WARN] [1784052795.886569163] [cmd_vel_chassis_serial]: Drop leg debug: len=80 expected=84
[cmd_vel_chassis_serial.py-1] [WARN] [1784052795.915538244] [cmd_vel_chassis_serial]: Drop leg debug: len=80 expected=84
[cmd_vel_chassis_serial.py-1] [WARN] [1784052795.959675658] [cmd_vel_chassis_serial]: Drop leg debug: len=80 expected=84
[cmd_vel_chassis_serial.py-1] [WARN] [1784052795.973313394] [cmd_vel_chassis_serial]: Drop leg debug: len=80 expected=84
[cmd_vel_chassis_serial.py-1] [WARN] [1784052795.988922271] [cmd_vel_chassis_serial]: Drop leg debug: len=80 expected=84
[cmd_vel_chassis_serial.py-1] [WARN] [1784052796.007279684] [cmd_vel_chassis_serial]: Drop leg debug: len=80 expected=84
[cmd_vel_chassis_serial.py-1] [WARN] [1784052796.014162987] [cmd_vel_chassis_serial]: Drop leg debug: len=80 expected=84
[cmd_vel_chassis_serial.py-1] [WARN] [1784052796.030070455] [cmd_vel_chassis_serial]: Drop leg debug: len=80 expected=84
[cmd_vel_chassis_serial.py-1] [WARN] [1784052796.053128042] [cmd_vel_chassis_serial]: Drop leg debug: len=80 expected=84
[cmd_vel_chassis_serial.py-1] [WARN] [1784052796.078105253] [cmd_vel_chassis_serial]: Drop leg debug: len=80 expected=84
[cmd_vel_chassis_serial.py-1] [WARN] [1784052796.115124249] [cmd_vel_chassis_serial]: Drop leg debug: len=80 expected=84
[cmd_vel_chassis_serial.py-1] [WARN] [1784052796.176300651] [cmd_vel_chassis_serial]: Drop leg debug: len=80 expected=84
[cmd_vel_chassis_serial.py-1] [WARN] [1784052796.205205444] [cmd_vel_chassis_serial]: Drop leg debug: len=80 expected=84
[cmd_vel_chassis_serial.py-1] [WARN] [1784052796.252485000] [cmd_vel_chassis_serial]: Drop leg debug: len=80 expected=84
[cmd_vel_chassis_serial.py-1] [WARN] [1784052796.295729740] [cmd_vel_chassis_serial]: Drop leg debug: len=80 expected=84
[cmd_vel_chassis_serial.py-1] [WARN] [1784052796.308544887] [cmd_vel_chassis_serial]: Drop leg debug: len=80 expected=84
[cmd_vel_chassis_serial.py-1] [WARN] [1784052796.320943849] [cmd_vel_chassis_serial]: Drop leg debug: len=80 expected=84
[cmd_vel_chassis_serial.py-1] [WARN] [1784052796.329579491] [cmd_vel_chassis_serial]: Drop leg debug: len=80 expected=84
[cmd_vel_chassis_serial.py-1] [WARN] [1784052796.335424344] [cmd_vel_chassis_serial]: Drop leg debug: len=80 expected=84
[cmd_vel_chassis_serial.py-1] [WARN] [1784052796.344786031] [cmd_vel_chassis_serial]: Drop leg debug: len=80 expected=84
[cmd_vel_chassis_serial.py-1] [WARN] [1784052796.349427850] [cmd_vel_chassis_serial]: Drop leg debug: len=80 expected=84
[cmd_vel_chassis_serial.py-1] [WARN] [1784052796.354861415] [cmd_vel_chassis_serial]: Drop leg debug: len=80 expected=84
[cmd_vel_chassis_serial.py-1] [WARN] [1784052796.364120403] [cmd_vel_chassis_serial]: Drop leg debug: len=80 expected=84
[cmd_vel_chassis_serial.py-1] [WARN] [1784052796.368936130] [cmd_vel_chassis_serial]: Drop leg debug: len=80 expected=84
[cmd_vel_chassis_serial.py-1] [WARN] [1784052796.372359109] [cmd_vel_chassis_serial]: Drop leg debug: len=80 expected=84
[cmd_vel_chassis_serial.py-1] [WARN] [1784052796.383433282] [cmd_vel_chassis_serial]: Drop leg debug: len=80 expected=84
[cmd_vel_chassis_serial.py-1] [WARN] [1784052796.388719807] [cmd_vel_chassis_serial]: Drop leg debug: len=80 expected=84
[cmd_vel_chassis_serial.py-1] [WARN] [1784052796.407302753] [cmd_vel_chassis_serial]: Drop leg debug: len=80 expected=84
[cmd_vel_chassis_serial.py-1] [WARN] [1784052796.419287764] [cmd_vel_chassis_serial]: Drop leg debug: len=80 expected=84
[cmd_vel_chassis_serial.py-1] [WARN] [1784052796.429389968] [cmd_vel_chassis_serial]: Drop leg debug: len=80 expected=84
[cmd_vel_chassis_serial.py-1] [WARN] [1784052796.455231264] [cmd_vel_chassis_serial]: Drop leg debug: len=80 expected=84
[cmd_vel_chassis_serial.py-1] [WARN] [1784052796.487136095] [cmd_vel_chassis_serial]: Drop leg debug: len=80 expected=84
[cmd_vel_chassis_serial.py-1] [WARN] [1784052796.499905701] [cmd_vel_chassis_serial]: Drop leg debug: len=80 expected=84
[cmd_vel_chassis_serial.py-1] [WARN] [1784052796.551636810] [cmd_vel_chassis_serial]: Drop leg debug: len=80 expected=84
[cmd_vel_chassis_serial.py-1] [WARN] [1784052796.566927904] [cmd_vel_chassis_serial]: Drop leg debug: len=80 expected=84
[cmd_vel_chassis_serial.py-1] [WARN] [1784052796.599002121] [cmd_vel_chassis_serial]: Drop leg debug: len=80 expected=84
[cmd_vel_chassis_serial.py-1] [WARN] [1784052796.606093678] [cmd_vel_chassis_serial]: Drop leg debug: len=80 expected=84
[cmd_vel_chassis_serial.py-1] [WARN] [1784052796.626312463] [cmd_vel_chassis_serial]: Drop leg debug: len=80 expected=84
[cmd_vel_chassis_serial.py-1] [WARN] [1784052796.633321290] [cmd_vel_chassis_serial]: Drop leg debug: len=80 expected=84
[cmd_vel_chassis_serial.py-1] [WARN] [1784052796.679373739] [cmd_vel_chassis_serial]: Drop leg debug: len=80 expected=84
[cmd_vel_chassis_serial.py-1] [WARN] [1784052796.704359926] [cmd_vel_chassis_serial]: Drop leg debug: len=80 expected=84
[cmd_vel_chassis_serial.py-1] [WARN] [1784052796.717040729] [cmd_vel_chassis_serial]: Drop leg debug: len=80 expected=84
[cmd_vel_chassis_serial.py-1] [WARN] [1784052796.748418973] [cmd_vel_chassis_serial]: Drop leg debug: len=80 expected=84
[cmd_vel_chassis_serial.py-1] [WARN] [1784052796.773517099] [cmd_vel_chassis_serial]: Drop leg debug: len=80 expected=84
[cmd_vel_chassis_serial.py-1] [WARN] [1784052796.801478545] [cmd_vel_chassis_serial]: Drop leg debug: len=80 expected=84
[cmd_vel_chassis_serial.py-1] [WARN] [1784052796.821050607] [cmd_vel_chassis_serial]: Drop leg debug: len=80 expected=84
[cmd_vel_chassis_serial.py-1] [WARN] [1784052796.855692814] [cmd_vel_chassis_serial]: Drop leg debug: len=80 expected=84
[cmd_vel_chassis_serial.py-1] [WARN] [1784052796.880970249] [cmd_vel_chassis_serial]: Drop leg debug: len=80 expected=84
[cmd_vel_chassis_serial.py-1] [WARN] [1784052796.913138476] [cmd_vel_chassis_serial]: Drop leg debug: len=80 expected=84
[cmd_vel_chassis_serial.py-1] [WARN] [1784052796.928972454] [cmd_vel_chassis_serial]: Drop leg debug: len=80 expected=84
[cmd_vel_chassis_serial.py-1] [WARN] [1784052796.961595747] [cmd_vel_chassis_serial]: Drop leg debug: len=80 expected=84
[cmd_vel_chassis_serial.py-1] [WARN] [1784052796.984061249] [cmd_vel_chassis_serial]: Drop leg debug: len=80 expected=84
[cmd_vel_chassis_serial.py-1] [WARN] [1784052797.011046777] [cmd_vel_chassis_serial]: Drop leg debug: len=80 expected=84
[cmd_vel_chassis_serial.py-1] [WARN] [1784052797.022048754] [cmd_vel_chassis_serial]: Drop leg debug: len=80 expected=84
[cmd_vel_chassis_serial.py-1] [WARN] [1784052797.031871794] [cmd_vel_chassis_serial]: Drop leg debug: len=80 expected=84
[cmd_vel_chassis_serial.py-1] [WARN] [1784052797.040352930] [cmd_vel_chassis_serial]: Drop leg debug: len=80 expected=84
[cmd_vel_chassis_serial.py-1] [WARN] [1784052797.056102749] [cmd_vel_chassis_serial]: Drop leg debug: len=80 expected=84
[cmd_vel_chassis_serial.py-1] [WARN] [1784052797.130300625] [cmd_vel_chassis_serial]: Drop leg debug: len=80 expected=84
[cmd_vel_chassis_serial.py-1] [WARN] [1784052797.154717165] [cmd_vel_chassis_serial]: Drop leg debug: len=80 expected=84
[cmd_vel_chassis_serial.py-1] [WARN] [1784052797.170821642] [cmd_vel_chassis_serial]: Drop leg debug: len=80 expected=84
[cmd_vel_chassis_serial.py-1] [WARN] [1784052797.180084613] [cmd_vel_chassis_serial]: Drop leg debug: len=80 expected=84
[cmd_vel_chassis_serial.py-1] [WARN] [1784052797.193092664] [cmd_vel_chassis_serial]: Drop leg debug: len=80 expected=84
[cmd_vel_chassis_serial.py-1] [WARN] [1784052797.223849275] [cmd_vel_chassis_serial]: Drop leg debug: len=80 expected=84
[cmd_vel_chassis_serial.py-1] [WARN] [1784052797.267689396] [cmd_vel_chassis_serial]: Drop leg debug: len=80 expected=84
[cmd_vel_chassis_serial.py-1] [WARN] [1784052797.272045966] [cmd_vel_chassis_serial]: Drop leg debug: len=80 expected=84
[cmd_vel_chassis_serial.py-1] [WARN] [1784052797.282463610] [cmd_vel_chassis_serial]: Drop leg debug: len=80 expected=84
[cmd_vel_chassis_serial.py-1] [WARN] [1784052797.306406113] [cmd_vel_chassis_serial]: Drop leg debug: len=80 expected=84
[cmd_vel_chassis_serial.py-1] [WARN] [1784052797.310291585] [cmd_vel_chassis_serial]: Drop leg debug: len=80 expected=84
[cmd_vel_chassis_serial.py-1] [WARN] [1784052797.328552128] [cmd_vel_chassis_serial]: Drop leg debug: len=80 expected=84
[cmd_vel_chassis_serial.py-1] [WARN] [1784052797.402896948] [cmd_vel_chassis_serial]: Drop leg debug: len=80 expected=84
[cmd_vel_chassis_serial.py-1] [WARN] [1784052797.429537549] [cmd_vel_chassis_serial]: Drop leg debug: len=80 expected=84
[cmd_vel_chassis_serial.py-1] [WARN] [1784052797.456514711] [cmd_vel_chassis_serial]: Drop leg debug: len=80 expected=84
[cmd_vel_chassis_serial.py-1] [WARN] [1784052797.479106359] [cmd_vel_chassis_serial]: Drop leg debug: len=80 expected=84
[cmd_vel_chassis_serial.py-1] [WARN] [1784052797.496809125] [cmd_vel_chassis_serial]: Drop leg debug: len=80 expected=84
[cmd_vel_chassis_serial.py-1] [WARN] [1784052797.516162972] [cmd_vel_chassis_serial]: Drop leg debug: len=80 expected=84
[cmd_vel_chassis_serial.py-1] [WARN] [1784052797.557528525] [cmd_vel_chassis_serial]: Drop leg debug: len=80 expected=84
[cmd_vel_chassis_serial.py-1] [WARN] [1784052797.616592068] [cmd_vel_chassis_serial]: Drop leg debug: len=80 expected=84
[cmd_vel_chassis_serial.py-1] [WARN] [1784052797.642202079] [cmd_vel_chassis_serial]: Drop leg debug: len=80 expected=84
[cmd_vel_chassis_serial.py-1] [WARN] [1784052797.657032167] [cmd_vel_chassis_serial]: Drop leg debug: len=80 expected=84
[cmd_vel_chassis_serial.py-1] [WARN] [1784052797.675908123] [cmd_vel_chassis_serial]: Drop leg debug: len=80 expected=84
[cmd_vel_chassis_serial.py-1] [WARN] [1784052797.701208189] [cmd_vel_chassis_serial]: Drop leg debug: len=80 expected=84
[cmd_vel_chassis_serial.py-1] [WARN] [1784052797.722808356] [cmd_vel_chassis_serial]: Drop leg debug: len=80 expected=84
[cmd_vel_chassis_serial.py-1] [WARN] [1784052797.736329170] [cmd_vel_chassis_serial]: Drop leg debug: len=80 expected=84
[cmd_vel_chassis_serial.py-1] [ERROR] [1784052797.747457475] [cmd_vel_chassis_serial]: Serial write failed: Write timeout
[cmd_vel_chassis_serial.py-1] [WARN] [1784052797.770467179] [cmd_vel_chassis_serial]: Drop leg debug: len=80 expected=84
[cmd_vel_chassis_serial.py-1] [WARN] [1784052797.774677224] [cmd_vel_chassis_serial]: Drop leg debug: len=80 expected=84
[cmd_vel_chassis_serial.py-1] [WARN] [1784052797.792071678] [cmd_vel_chassis_serial]: Drop leg debug: len=80 expected=84
[cmd_vel_chassis_serial.py-1] [WARN] [1784052797.832529453] [cmd_vel_chassis_serial]: Drop leg debug: len=80 expected=84
[cmd_vel_chassis_serial.py-1] [WARN] [1784052797.870863623] [cmd_vel_chassis_serial]: Drop leg debug: len=80 expected=84
[cmd_vel_chassis_serial.py-1] [WARN] [1784052797.889881016] [cmd_vel_chassis_serial]: Drop leg debug: len=80 expected=84
[cmd_vel_chassis_serial.py-1] [WARN] [1784052797.926599255] [cmd_vel_chassis_serial]: Drop leg debug: len=80 expected=84
[cmd_vel_chassis_serial.py-1] [ERROR] [1784052797.965012495] [cmd_vel_chassis_serial]: Serial write failed: Write timeout
[cmd_vel_chassis_serial.py-1] [WARN] [1784052797.972399692] [cmd_vel_chassis_serial]: Drop leg debug: len=80 expected=84
[cmd_vel_chassis_serial.py-1] [WARN] [1784052797.994756733] [cmd_vel_chassis_serial]: Drop leg debug: len=80 expected=84
[cmd_vel_chassis_serial.py-1] [WARN] [1784052798.015489057] [cmd_vel_chassis_serial]: Drop leg debug: len=80 expected=84
[cmd_vel_chassis_serial.py-1] [WARN] [1784052798.040234561] [cmd_vel_chassis_serial]: Drop leg debug: len=80 expected=84
[cmd_vel_chassis_serial.py-1] [WARN] [1784052798.049114540] [cmd_vel_chassis_serial]: Drop leg debug: len=80 expected=84
[cmd_vel_chassis_serial.py-1] [ERROR] [1784052798.065828825] [cmd_vel_chassis_serial]: Serial write failed: Write timeout
[cmd_vel_chassis_serial.py-1] [WARN] [1784052798.081460078] [cmd_vel_chassis_serial]: Drop leg debug: len=80 expected=84
[cmd_vel_chassis_serial.py-1] [WARN] [1784052798.105341749] [cmd_vel_chassis_serial]: Drop leg debug: len=80 expected=84
[cmd_vel_chassis_serial.py-1] [WARN] [1784052798.128068650] [cmd_vel_chassis_serial]: Drop leg debug: len=80 expected=84
[cmd_vel_chassis_serial.py-1] [WARN] [1784052798.165113031] [cmd_vel_chassis_serial]: Drop leg debug: len=80 expected=84
[cmd_vel_chassis_serial.py-1] [WARN] [1784052798.186892038] [cmd_vel_chassis_serial]: Drop leg debug: len=80 expected=84
[cmd_vel_chassis_serial.py-1] [WARN] [1784052798.212900385] [cmd_vel_chassis_serial]: Drop leg debug: len=80 expected=84
[cmd_vel_chassis_serial.py-1] [WARN] [1784052798.232580615] [cmd_vel_chassis_serial]: Drop leg debug: len=80 expected=84
[cmd_vel_chassis_serial.py-1] [WARN] [1784052798.269216852] [cmd_vel_chassis_serial]: Drop leg debug: len=80 expected=84
[cmd_vel_chassis_serial.py-1] [WARN] [1784052798.290408958] [cmd_vel_chassis_serial]: Drop leg debug: len=80 expected=84
[cmd_vel_chassis_serial.py-1] [WARN] [1784052798.307322844] [cmd_vel_chassis_serial]: Drop leg debug: len=80 expected=84
[cmd_vel_chassis_serial.py-1] [WARN] [1784052798.327508216] [cmd_vel_chassis_serial]: Drop leg debug: len=80 expected=84
[cmd_vel_chassis_serial.py-1] [WARN] [1784052798.356122619] [cmd_vel_chassis_serial]: Drop leg debug: len=80 expected=84
[cmd_vel_chassis_serial.py-1] [WARN] [1784052798.381536146] [cmd_vel_chassis_serial]: Drop leg debug: len=80 expected=84
[cmd_vel_chassis_serial.py-1] [WARN] [1784052798.421036637] [cmd_vel_chassis_serial]: Drop leg debug: len=80 expected=84
[cmd_vel_chassis_serial.py-1] [WARN] [1784052798.438383316] [cmd_vel_chassis_serial]: Drop leg debug: len=80 expected=84
[cmd_vel_chassis_serial.py-1] [WARN] [1784052798.478490041] [cmd_vel_chassis_serial]: Drop leg debug: len=80 expected=84
[cmd_vel_chassis_serial.py-1] [WARN] [1784052798.522099991] [cmd_vel_chassis_serial]: Drop leg debug: len=80 expected=84
[cmd_vel_chassis_serial.py-1] [WARN] [1784052798.570018869] [cmd_vel_chassis_serial]: Drop leg debug: len=80 expected=84
[cmd_vel_chassis_serial.py-1] [WARN] [1784052798.607471538] [cmd_vel_chassis_serial]: Drop leg debug: len=80 expected=84
[cmd_vel_chassis_serial.py-1] [WARN] [1784052798.624050758] [cmd_vel_chassis_serial]: Drop leg debug: len=80 expected=84
[cmd_vel_chassis_serial.py-1] [WARN] [1784052798.651285133] [cmd_vel_chassis_serial]: Drop leg debug: len=80 expected=84
[cmd_vel_chassis_serial.py-1] [WARN] [1784052798.664572599] [cmd_vel_chassis_serial]: Drop leg debug: len=80 expected=84
[cmd_vel_chassis_serial.py-1] [ERROR] [1784052798.692311541] [cmd_vel_chassis_serial]: Serial write failed: Write timeout
[cmd_vel_chassis_serial.py-1] [WARN] [1784052798.705969242] [cmd_vel_chassis_serial]: Drop leg debug: len=80 expected=84
[cmd_vel_chassis_serial.py-1] [WARN] [1784052798.744136903] [cmd_vel_chassis_serial]: Drop leg debug: len=80 expected=84
[cmd_vel_chassis_serial.py-1] [WARN] [1784052798.763309650] [cmd_vel_chassis_serial]: Drop leg debug: len=80 expected=84
[cmd_vel_chassis_serial.py-1] [WARN] [1784052798.781936562] [cmd_vel_chassis_serial]: Drop leg debug: len=80 expected=84
[cmd_vel_chassis_serial.py-1] [WARN] [1784052798.806421418] [cmd_vel_chassis_serial]: Drop leg debug: len=80 expected=84
[cmd_vel_chassis_serial.py-1] [WARN] [1784052798.851507842] [cmd_vel_chassis_serial]: Drop leg debug: len=80 expected=84
[cmd_vel_chassis_serial.py-1] [WARN] [1784052798.899232278] [cmd_vel_chassis_serial]: Drop leg debug: len=80 expected=84
[cmd_vel_chassis_serial.py-1] [WARN] [1784052798.926543683] [cmd_vel_chassis_serial]: Drop leg debug: len=80 expected=84
[cmd_vel_chassis_serial.py-1] [WARN] [1784052798.957100474] [cmd_vel_chassis_serial]: Drop leg debug: len=80 expected=84
[cmd_vel_chassis_serial.py-1] [WARN] [1784052798.997410605] [cmd_vel_chassis_serial]: Drop leg debug: len=80 expected=84
[cmd_vel_chassis_serial.py-1] [WARN] [1784052799.023126994] [cmd_vel_chassis_serial]: Drop leg debug: len=80 expected=84
[cmd_vel_chassis_serial.py-1] [WARN] [1784052799.061974723] [cmd_vel_chassis_serial]: Drop leg debug: len=80 expected=84
[cmd_vel_chassis_serial.py-1] [WARN] [1784052799.093006305] [cmd_vel_chassis_serial]: Drop leg debug: len=80 expected=84
[cmd_vel_chassis_serial.py-1] [WARN] [1784052799.124022922] [cmd_vel_chassis_serial]: Drop leg debug: len=80 expected=84
[cmd_vel_chassis_serial.py-1] [WARN] [1784052799.142497775] [cmd_vel_chassis_serial]: Drop leg debug: len=80 expected=84
[cmd_vel_chassis_serial.py-1] [WARN] [1784052799.153125160] [cmd_vel_chassis_serial]: Drop leg debug: len=80 expected=84
[cmd_vel_chassis_serial.py-1] [WARN] [1784052799.173995450] [cmd_vel_chassis_serial]: Drop leg debug: len=80 expected=84
[cmd_vel_chassis_serial.py-1] [WARN] [1784052799.204032070] [cmd_vel_chassis_serial]: Drop leg debug: len=80 expected=84
[cmd_vel_chassis_serial.py-1] [WARN] [1784052799.238129596] [cmd_vel_chassis_serial]: Drop leg debug: len=80 expected=84
[cmd_vel_chassis_serial.py-1] [WARN] [1784052799.269705224] [cmd_vel_chassis_serial]: Drop leg debug: len=80 expected=84
[cmd_vel_chassis_serial.py-1] [WARN] [1784052799.304669666] [cmd_vel_chassis_serial]: Drop leg debug: len=80 expected=84
[cmd_vel_chassis_serial.py-1] [WARN] [1784052799.324914511] [cmd_vel_chassis_serial]: Drop leg debug: len=80 expected=84
[cmd_vel_chassis_serial.py-1] [WARN] [1784052799.371749261] [cmd_vel_chassis_serial]: Drop leg debug: len=80 expected=84
[cmd_vel_chassis_serial.py-1] [WARN] [1784052799.394861815] [cmd_vel_chassis_serial]: Drop leg debug: len=80 expected=84
[cmd_vel_chassis_serial.py-1] [ERROR] [1784052799.465554785] [cmd_vel_chassis_serial]: Serial write failed: Write timeout
[cmd_vel_chassis_serial.py-1] [WARN] [1784052799.475933618] [cmd_vel_chassis_serial]: Drop leg debug: len=80 expected=84
[cmd_vel_chassis_serial.py-1] [WARN] [1784052799.559430739] [cmd_vel_chassis_serial]: Drop leg debug: len=80 expected=84
[cmd_vel_chassis_serial.py-1] [WARN] [1784052799.605553161] [cmd_vel_chassis_serial]: Drop leg debug: len=80 expected=84
[cmd_vel_chassis_serial.py-1] [WARN] [1784052799.634736233] [cmd_vel_chassis_serial]: Drop leg debug: len=80 expected=84
[cmd_vel_chassis_serial.py-1] [WARN] [1784052799.655727787] [cmd_vel_chassis_serial]: Drop leg debug: len=80 expected=84
[cmd_vel_chassis_serial.py-1] [WARN] [1784052799.672283365] [cmd_vel_chassis_serial]: Drop leg debug: len=80 expected=84
[cmd_vel_chassis_serial.py-1] [WARN] [1784052799.710579175] [cmd_vel_chassis_serial]: Drop leg debug: len=80 expected=84
[cmd_vel_chassis_serial.py-1] [WARN] [1784052799.729471532] [cmd_vel_chassis_serial]: Drop leg debug: len=80 expected=84
[cmd_vel_chassis_serial.py-1] [WARN] [1784052799.759283302] [cmd_vel_chassis_serial]: Drop leg debug: len=80 expected=84
[cmd_vel_chassis_serial.py-1] [WARN] [1784052799.769817408] [cmd_vel_chassis_serial]: Drop leg debug: len=80 expected=84
[cmd_vel_chassis_serial.py-1] [WARN] [1784052799.794433666] [cmd_vel_chassis_serial]: Drop leg debug: len=80 expected=84
[cmd_vel_chassis_serial.py-1] [WARN] [1784052799.815723812] [cmd_vel_chassis_serial]: Drop leg debug: len=80 expected=84
[cmd_vel_chassis_serial.py-1] [WARN] [1784052799.851544178] [cmd_vel_chassis_serial]: Drop leg debug: len=80 expected=84
[cmd_vel_chassis_serial.py-1] [WARN] [1784052799.862725751] [cmd_vel_chassis_serial]: Drop leg debug: len=80 expected=84
[cmd_vel_chassis_serial.py-1] [WARN] [1784052799.870928058] [cmd_vel_chassis_serial]: Drop leg debug: len=80 expected=84
[cmd_vel_chassis_serial.py-1] [WARN] [1784052799.882323500] [cmd_vel_chassis_serial]: Drop leg debug: len=80 expected=84
[cmd_vel_chassis_serial.py-1] [WARN] [1784052799.900949330] [cmd_vel_chassis_serial]: Drop leg debug: len=80 expected=84
[cmd_vel_chassis_serial.py-1] [WARN] [1784052799.940848578] [cmd_vel_chassis_serial]: Drop leg debug: len=80 expected=84
[cmd_vel_chassis_serial.py-1] [WARN] [1784052799.959504348] [cmd_vel_chassis_serial]: Drop leg debug: len=80 expected=84
[cmd_vel_chassis_serial.py-1] [WARN] [1784052799.992980459] [cmd_vel_chassis_serial]: Drop leg debug: len=80 expected=84
[cmd_vel_chassis_serial.py-1] [WARN] [1784052800.011517282] [cmd_vel_chassis_serial]: Drop leg debug: len=80 expected=84
[cmd_vel_chassis_serial.py-1] [WARN] [1784052800.019134343] [cmd_vel_chassis_serial]: Drop leg debug: len=80 expected=84
[cmd_vel_chassis_serial.py-1] [ERROR] [1784052800.035338922] [cmd_vel_chassis_serial]: Serial write failed: Write timeout
[cmd_vel_chassis_serial.py-1] [WARN] [1784052800.055350310] [cmd_vel_chassis_serial]: Drop leg debug: len=80 expected=84
[cmd_vel_chassis_serial.py-1] [WARN] [1784052800.070482598] [cmd_vel_chassis_serial]: Drop leg debug: len=80 expected=84
[cmd_vel_chassis_serial.py-1] [WARN] [1784052800.099767983] [cmd_vel_chassis_serial]: Drop leg debug: len=80 expected=84
[cmd_vel_chassis_serial.py-1] [ERROR] [1784052800.114352299] [cmd_vel_chassis_serial]: Serial write failed: Write timeout
[cmd_vel_chassis_serial.py-1] [WARN] [1784052800.158168851] [cmd_vel_chassis_serial]: Drop leg debug: len=80 expected=84
[cmd_vel_chassis_serial.py-1] [WARN] [1784052800.184979813] [cmd_vel_chassis_serial]: Drop leg debug: len=80 expected=84
[cmd_vel_chassis_serial.py-1] [WARN] [1784052800.226760002] [cmd_vel_chassis_serial]: Drop leg debug: len=80 expected=84
[cmd_vel_chassis_serial.py-1] [WARN] [1784052800.291863482] [cmd_vel_chassis_serial]: Drop leg debug: len=80 expected=84
[cmd_vel_chassis_serial.py-1] [ERROR] [1784052800.300106145] [cmd_vel_chassis_serial]: Serial write failed: Write timeout
[cmd_vel_chassis_serial.py-1] [WARN] [1784052800.327946736] [cmd_vel_chassis_serial]: Drop leg debug: len=80 expected=84
[cmd_vel_chassis_serial.py-1] [WARN] [1784052800.375460341] [cmd_vel_chassis_serial]: Drop leg debug: len=80 expected=84
[cmd_vel_chassis_serial.py-1] [WARN] [1784052800.407596815] [cmd_vel_chassis_serial]: Drop leg debug: len=80 expected=84
[cmd_vel_chassis_serial.py-1] [WARN] [1784052800.441951457] [cmd_vel_chassis_serial]: Drop leg debug: len=80 expected=84
[cmd_vel_chassis_serial.py-1] [ERROR] [1784052800.458141767] [cmd_vel_chassis_serial]: Serial write failed: Write timeout
[cmd_vel_chassis_serial.py-1] [WARN] [1784052800.484725791] [cmd_vel_chassis_serial]: Drop leg debug: len=80 expected=84
[cmd_vel_chassis_serial.py-1] [WARN] [1784052800.519775132] [cmd_vel_chassis_serial]: Drop leg debug: len=80 expected=84
[cmd_vel_chassis_serial.py-1] [WARN] [1784052800.594195389] [cmd_vel_chassis_serial]: Drop leg debug: len=80 expected=84
[cmd_vel_chassis_serial.py-1] [WARN] [1784052800.639970649] [cmd_vel_chassis_serial]: Drop leg debug: len=80 expected=84
[cmd_vel_chassis_serial.py-1] [WARN] [1784052800.658497726] [cmd_vel_chassis_serial]: Drop leg debug: len=80 expected=84
[cmd_vel_chassis_serial.py-1] [WARN] [1784052800.692542662] [cmd_vel_chassis_serial]: Drop leg debug: len=80 expected=84
[cmd_vel_chassis_serial.py-1] [WARN] [1784052800.740434974] [cmd_vel_chassis_serial]: Drop leg debug: len=80 expected=84
[cmd_vel_chassis_serial.py-1] [WARN] [1784052800.798090705] [cmd_vel_chassis_serial]: Drop leg debug: len=80 expected=84
[cmd_vel_chassis_serial.py-1] [WARN] [1784052800.810521933] [cmd_vel_chassis_serial]: Drop leg debug: len=80 expected=84
[cmd_vel_chassis_serial.py-1] [WARN] [1784052800.820324773] [cmd_vel_chassis_serial]: Drop leg debug: len=80 expected=84
[cmd_vel_chassis_serial.py-1] [WARN] [1784052800.850718245] [cmd_vel_chassis_serial]: Drop leg debug: len=80 expected=84
[cmd_vel_chassis_serial.py-1] [WARN] [1784052800.860452635] [cmd_vel_chassis_serial]: Drop leg debug: len=80 expected=84
[cmd_vel_chassis_serial.py-1] [WARN] [1784052800.866854194] [cmd_vel_chassis_serial]: Drop leg debug: len=80 expected=84
[cmd_vel_chassis_serial.py-1] [WARN] [1784052800.889180927] [cmd_vel_chassis_serial]: Drop leg debug: len=80 expected=84
[cmd_vel_chassis_serial.py-1] [WARN] [1784052800.898807194] [cmd_vel_chassis_serial]: Drop leg debug: len=80 expected=84
[cmd_vel_chassis_serial.py-1] [WARN] [1784052800.907220251] [cmd_vel_chassis_serial]: Drop leg debug: len=80 expected=84
[cmd_vel_chassis_serial.py-1] [WARN] [1784052800.912524162] [cmd_vel_chassis_serial]: Drop leg debug: len=80 expected=84
[cmd_vel_chassis_serial.py-1] [WARN] [1784052800.921201010] [cmd_vel_chassis_serial]: Drop leg debug: len=80 expected=84
[cmd_vel_chassis_serial.py-1] [WARN] [1784052800.929170150] [cmd_vel_chassis_serial]: Drop leg debug: len=80 expected=84
[cmd_vel_chassis_serial.py-1] [WARN] [1784052800.965838241] [cmd_vel_chassis_serial]: Drop leg debug: len=80 expected=84
[cmd_vel_chassis_serial.py-1] [WARN] [1784052800.975234713] [cmd_vel_chassis_serial]: Drop leg debug: len=80 expected=84
[cmd_vel_chassis_serial.py-1] [WARN] [1784052800.991310277] [cmd_vel_chassis_serial]: Drop leg debug: len=80 expected=84
[cmd_vel_chassis_serial.py-1] [WARN] [1784052801.013173376] [cmd_vel_chassis_serial]: Drop leg debug: len=80 expected=84
[cmd_vel_chassis_serial.py-1] [WARN] [1784052801.029994315] [cmd_vel_chassis_serial]: Drop leg debug: len=80 expected=84
[cmd_vel_chassis_serial.py-1] [WARN] [1784052801.037587651] [cmd_vel_chassis_serial]: Drop leg debug: len=80 expected=84
[cmd_vel_chassis_serial.py-1] [WARN] [1784052801.053842570] [cmd_vel_chassis_serial]: Drop leg debug: len=80 expected=84
[cmd_vel_chassis_serial.py-1] [WARN] [1784052801.064040124] [cmd_vel_chassis_serial]: Drop leg debug: len=80 expected=84
[cmd_vel_chassis_serial.py-1] [WARN] [1784052801.071853403] [cmd_vel_chassis_serial]: Drop leg debug: len=80 expected=84
[cmd_vel_chassis_serial.py-1] [WARN] [1784052801.101416328] [cmd_vel_chassis_serial]: Drop leg debug: len=80 expected=84
[cmd_vel_chassis_serial.py-1] [WARN] [1784052801.124976767] [cmd_vel_chassis_serial]: Drop leg debug: len=80 expected=84
[cmd_vel_chassis_serial.py-1] [WARN] [1784052801.149676518] [cmd_vel_chassis_serial]: Drop leg debug: len=80 expected=84
[cmd_vel_chassis_serial.py-1] [WARN] [1784052801.168752117] [cmd_vel_chassis_serial]: Drop leg debug: len=80 expected=84
[cmd_vel_chassis_serial.py-1] [WARN] [1784052801.179810900] [cmd_vel_chassis_serial]: Drop leg debug: len=80 expected=84
[cmd_vel_chassis_serial.py-1] [WARN] [1784052801.191787349] [cmd_vel_chassis_serial]: Drop leg debug: len=80 expected=84
[cmd_vel_chassis_serial.py-1] [WARN] [1784052801.208965550] [cmd_vel_chassis_serial]: Drop leg debug: len=80 expected=84
[cmd_vel_chassis_serial.py-1] [WARN] [1784052801.220461410] [cmd_vel_chassis_serial]: Drop leg debug: len=80 expected=84
[cmd_vel_chassis_serial.py-1] [WARN] [1784052801.255574061] [cmd_vel_chassis_serial]: Drop leg debug: len=80 expected=84
[cmd_vel_chassis_serial.py-1] [WARN] [1784052801.269687615] [cmd_vel_chassis_serial]: Drop leg debug: len=80 expected=84
[cmd_vel_chassis_serial.py-1] [WARN] [1784052801.278462349] [cmd_vel_chassis_serial]: Drop leg debug: len=80 expected=84
[cmd_vel_chassis_serial.py-1] [WARN] [1784052801.372784182] [cmd_vel_chassis_serial]: Drop leg debug: len=80 expected=84
[cmd_vel_chassis_serial.py-1] [WARN] [1784052801.401840622] [cmd_vel_chassis_serial]: Drop leg debug: len=80 expected=84
[cmd_vel_chassis_serial.py-1] [ERROR] [1784052801.420692342] [cmd_vel_chassis_serial]: Serial write failed: Write timeout
[cmd_vel_chassis_serial.py-1] [WARN] [1784052801.462380557] [cmd_vel_chassis_serial]: Drop leg debug: len=80 expected=84
[cmd_vel_chassis_serial.py-1] [WARN] [1784052801.476011673] [cmd_vel_chassis_serial]: Drop leg debug: len=80 expected=84
[cmd_vel_chassis_serial.py-1] [ERROR] [1784052801.563607783] [cmd_vel_chassis_serial]: Serial write failed: Write timeout
[cmd_vel_chassis_serial.py-1] [WARN] [1784052801.581493417] [cmd_vel_chassis_serial]: Drop leg debug: len=80 expected=84
[cmd_vel_chassis_serial.py-1] [WARN] [1784052801.672017550] [cmd_vel_chassis_serial]: Drop leg debug: len=80 expected=84
[cmd_vel_chassis_serial.py-1] [ERROR] [1784052801.680607131] [cmd_vel_chassis_serial]: Serial write failed: Write timeout
[cmd_vel_chassis_serial.py-1] [WARN] [1784052801.695949003] [cmd_vel_chassis_serial]: Drop leg debug: len=80 expected=84
[cmd_vel_chassis_serial.py-1] [WARN] [1784052801.712499659] [cmd_vel_chassis_serial]: Drop leg debug: len=80 expected=84
[cmd_vel_chassis_serial.py-1] [WARN] [1784052801.734495685] [cmd_vel_chassis_serial]: Drop leg debug: len=80 expected=84
[cmd_vel_chassis_serial.py-1] [WARN] [1784052801.753941627] [cmd_vel_chassis_serial]: Drop leg debug: len=80 expected=84
[cmd_vel_chassis_serial.py-1] [WARN] [1784052801.805092675] [cmd_vel_chassis_serial]: Drop leg debug: len=80 expected=84
[cmd_vel_chassis_serial.py-1] [WARN] [1784052801.834189447] [cmd_vel_chassis_serial]: Drop leg debug: len=80 expected=84
[cmd_vel_chassis_serial.py-1] [WARN] [1784052801.871980911] [cmd_vel_chassis_serial]: Drop leg debug: len=80 expected=84
[cmd_vel_chassis_serial.py-1] [WARN] [1784052801.908550692] [cmd_vel_chassis_serial]: Drop leg debug: len=80 expected=84
[cmd_vel_chassis_serial.py-1] [WARN] [1784052801.929530518] [cmd_vel_chassis_serial]: Drop leg debug: len=80 expected=84
[cmd_vel_chassis_serial.py-1] [WARN] [1784052801.964211793] [cmd_vel_chassis_serial]: Drop leg debug: len=80 expected=84
[cmd_vel_chassis_serial.py-1] [ERROR] [1784052801.966957783] [cmd_vel_chassis_serial]: Serial write failed: Write timeout
[cmd_vel_chassis_serial.py-1] [WARN] [1784052801.984614090] [cmd_vel_chassis_serial]: Drop leg debug: len=80 expected=84
[cmd_vel_chassis_serial.py-1] [WARN] [1784052802.024928792] [cmd_vel_chassis_serial]: Drop leg debug: len=80 expected=84
[cmd_vel_chassis_serial.py-1] [WARN] [1784052802.061751021] [cmd_vel_chassis_serial]: Drop leg debug: len=80 expected=84
[cmd_vel_chassis_serial.py-1] [WARN] [1784052802.079759056] [cmd_vel_chassis_serial]: Drop leg debug: len=80 expected=84
[cmd_vel_chassis_serial.py-1] [WARN] [1784052802.113026508] [cmd_vel_chassis_serial]: Drop leg debug: len=80 expected=84
[cmd_vel_chassis_serial.py-1] [ERROR] [1784052802.126946675] [cmd_vel_chassis_serial]: Serial write failed: Write timeout
[cmd_vel_chassis_serial.py-1] [WARN] [1784052802.134118139] [cmd_vel_chassis_serial]: Drop leg debug: len=80 expected=84
[cmd_vel_chassis_serial.py-1] [WARN] [1784052802.175955010] [cmd_vel_chassis_serial]: Drop leg debug: len=80 expected=84
[cmd_vel_chassis_serial.py-1] [WARN] [1784052802.206566403] [cmd_vel_chassis_serial]: Drop leg debug: len=80 expected=84
[cmd_vel_chassis_serial.py-1] [WARN] [1784052802.231931859] [cmd_vel_chassis_serial]: Drop leg debug: len=80 expected=84
[cmd_vel_chassis_serial.py-1] [WARN] [1784052802.252864101] [cmd_vel_chassis_serial]: Drop leg debug: len=80 expected=84
[cmd_vel_chassis_serial.py-1] [WARN] [1784052802.288299006] [cmd_vel_chassis_serial]: Drop leg debug: len=80 expected=84
[cmd_vel_chassis_serial.py-1] [WARN] [1784052802.329353095] [cmd_vel_chassis_serial]: Drop leg debug: len=80 expected=84
[cmd_vel_chassis_serial.py-1] [WARN] [1784052802.359767790] [cmd_vel_chassis_serial]: Drop leg debug: len=80 expected=84
[cmd_vel_chassis_serial.py-1] [WARN] [1784052802.413045606] [cmd_vel_chassis_serial]: Drop leg debug: len=80 expected=84
[cmd_vel_chassis_serial.py-1] [WARN] [1784052802.430020688] [cmd_vel_chassis_serial]: Drop leg debug: len=80 expected=84
[cmd_vel_chassis_serial.py-1] [ERROR] [1784052802.449896348] [cmd_vel_chassis_serial]: Serial write failed: Write timeout
[cmd_vel_chassis_serial.py-1] [WARN] [1784052802.465963532] [cmd_vel_chassis_serial]: Drop leg debug: len=80 expected=84
[cmd_vel_chassis_serial.py-1] [WARN] [1784052802.492468864] [cmd_vel_chassis_serial]: Drop leg debug: len=80 expected=84
[cmd_vel_chassis_serial.py-1] [WARN] [1784052802.526512355] [cmd_vel_chassis_serial]: Drop leg debug: len=80 expected=84
[cmd_vel_chassis_serial.py-1] [WARN] [1784052802.559047786] [cmd_vel_chassis_serial]: Drop leg debug: len=80 expected=84
[cmd_vel_chassis_serial.py-1] [ERROR] [1784052802.573333411] [cmd_vel_chassis_serial]: Serial write failed: Write timeout
[cmd_vel_chassis_serial.py-1] [WARN] [1784052802.621711560] [cmd_vel_chassis_serial]: Drop leg debug: len=80 expected=84
[cmd_vel_chassis_serial.py-1] [WARN] [1784052802.659176323] [cmd_vel_chassis_serial]: Drop leg debug: len=80 expected=84
[cmd_vel_chassis_serial.py-1] [ERROR] [1784052802.682955238] [cmd_vel_chassis_serial]: Serial write failed: Write timeout
[cmd_vel_chassis_serial.py-1] [WARN] [1784052802.730230700] [cmd_vel_chassis_serial]: Drop leg debug: len=80 expected=84
[cmd_vel_chassis_serial.py-1] [WARN] [1784052802.750887678] [cmd_vel_chassis_serial]: Drop leg debug: len=80 expected=84
[cmd_vel_chassis_serial.py-1] [ERROR] [1784052802.763266257] [cmd_vel_chassis_serial]: Serial write failed: Write timeout
[cmd_vel_chassis_serial.py-1] [WARN] [1784052802.808718015] [cmd_vel_chassis_serial]: Drop leg debug: len=80 expected=84
[cmd_vel_chassis_serial.py-1] [WARN] [1784052802.832854228] [cmd_vel_chassis_serial]: Drop leg debug: len=80 expected=84
[cmd_vel_chassis_serial.py-1] [WARN] [1784052802.870182200] [cmd_vel_chassis_serial]: Drop leg debug: len=80 expected=84
[cmd_vel_chassis_serial.py-1] [WARN] [1784052802.918516344] [cmd_vel_chassis_serial]: Drop leg debug: len=80 expected=84
[cmd_vel_chassis_serial.py-1] [WARN] [1784052802.958399031] [cmd_vel_chassis_serial]: Drop leg debug: len=80 expected=84
[cmd_vel_chassis_serial.py-1] [WARN] [1784052802.987475053] [cmd_vel_chassis_serial]: Drop leg debug: len=80 expected=84
[cmd_vel_chassis_serial.py-1] [WARN] [1784052803.056118028] [cmd_vel_chassis_serial]: Drop leg debug: len=80 expected=84
[cmd_vel_chassis_serial.py-1] [ERROR] [1784052803.095837447] [cmd_vel_chassis_serial]: Serial write failed: Write timeout
[cmd_vel_chassis_serial.py-1] [WARN] [1784052803.106348208] [cmd_vel_chassis_serial]: Drop leg debug: len=80 expected=84
[cmd_vel_chassis_serial.py-1] [WARN] [1784052803.143056143] [cmd_vel_chassis_serial]: Drop leg debug: len=80 expected=84
[cmd_vel_chassis_serial.py-1] [WARN] [1784052803.174079084] [cmd_vel_chassis_serial]: Drop leg debug: len=80 expected=84
[cmd_vel_chassis_serial.py-1] [ERROR] [1784052803.209994528] [cmd_vel_chassis_serial]: Serial write failed: Write timeout
[cmd_vel_chassis_serial.py-1] [WARN] [1784052803.232082965] [cmd_vel_chassis_serial]: Drop leg debug: len=80 expected=84
[cmd_vel_chassis_serial.py-1] [WARN] [1784052803.279427629] [cmd_vel_chassis_serial]: Drop leg debug: len=80 expected=84
[cmd_vel_chassis_serial.py-1] [WARN] [1784052803.324253121] [cmd_vel_chassis_serial]: Drop leg debug: len=80 expected=84
[cmd_vel_chassis_serial.py-1] [WARN] [1784052803.390952399] [cmd_vel_chassis_serial]: Drop leg debug: len=80 expected=84
[cmd_vel_chassis_serial.py-1] [WARN] [1784052803.431291144] [cmd_vel_chassis_serial]: Drop leg debug: len=80 expected=84
[cmd_vel_chassis_serial.py-1] [WARN] [1784052803.476256393] [cmd_vel_chassis_serial]: Drop leg debug: len=80 expected=84
[cmd_vel_chassis_serial.py-1] [WARN] [1784052803.505300886] [cmd_vel_chassis_serial]: Drop leg debug: len=80 expected=84
[cmd_vel_chassis_serial.py-1] [WARN] [1784052803.539000371] [cmd_vel_chassis_serial]: Drop leg debug: len=80 expected=84
[cmd_vel_chassis_serial.py-1] [ERROR] [1784052803.554744829] [cmd_vel_chassis_serial]: Serial write failed: Write timeout
[cmd_vel_chassis_serial.py-1] [WARN] [1784052803.601741350] [cmd_vel_chassis_serial]: Drop leg debug: len=80 expected=84
[cmd_vel_chassis_serial.py-1] [WARN] [1784052803.627359951] [cmd_vel_chassis_serial]: Drop leg debug: len=80 expected=84
[cmd_vel_chassis_serial.py-1] [WARN] [1784052803.652824275] [cmd_vel_chassis_serial]: Drop leg debug: len=80 expected=84
[cmd_vel_chassis_serial.py-1] [WARN] [1784052803.691606600] [cmd_vel_chassis_serial]: Drop leg debug: len=80 expected=84
[cmd_vel_chassis_serial.py-1] [ERROR] [1784052803.703106514] [cmd_vel_chassis_serial]: Serial write failed: Write timeout
[cmd_vel_chassis_serial.py-1] [WARN] [1784052803.736409136] [cmd_vel_chassis_serial]: Drop leg debug: len=80 expected=84
[cmd_vel_chassis_serial.py-1] [WARN] [1784052803.751534244] [cmd_vel_chassis_serial]: Drop leg debug: len=80 expected=84
[cmd_vel_chassis_serial.py-1] [WARN] [1784052803.795134117] [cmd_vel_chassis_serial]: Drop leg debug: len=80 expected=84
[cmd_vel_chassis_serial.py-1] [WARN] [1784052803.817583608] [cmd_vel_chassis_serial]: Drop leg debug: len=80 expected=84
[cmd_vel_chassis_serial.py-1] [WARN] [1784052803.844525462] [cmd_vel_chassis_serial]: Drop leg debug: len=80 expected=84
[cmd_vel_chassis_serial.py-1] [WARN] [1784052803.884749844] [cmd_vel_chassis_serial]: Drop leg debug: len=80 expected=84
[cmd_vel_chassis_serial.py-1] [WARN] [1784052803.919280233] [cmd_vel_chassis_serial]: Drop leg debug: len=80 expected=84
[cmd_vel_chassis_serial.py-1] [WARN] [1784052803.935140746] [cmd_vel_chassis_serial]: Drop leg debug: len=80 expected=84
[cmd_vel_chassis_serial.py-1] [WARN] [1784052803.973588345] [cmd_vel_chassis_serial]: Drop leg debug: len=80 expected=84
[cmd_vel_chassis_serial.py-1] [WARN] [1784052804.012965070] [cmd_vel_chassis_serial]: Drop leg debug: len=80 expected=84
[cmd_vel_chassis_serial.py-1] [WARN] [1784052804.036877640] [cmd_vel_chassis_serial]: Drop leg debug: len=80 expected=84
[cmd_vel_chassis_serial.py-1] [ERROR] [1784052804.055279139] [cmd_vel_chassis_serial]: Serial write failed: Write timeout
[cmd_vel_chassis_serial.py-1] [WARN] [1784052804.060184938] [cmd_vel_chassis_serial]: Drop leg debug: len=80 expected=84
[cmd_vel_chassis_serial.py-1] [WARN] [1784052804.138929382] [cmd_vel_chassis_serial]: Drop leg debug: len=80 expected=84
[cmd_vel_chassis_serial.py-1] [ERROR] [1784052804.146368152] [cmd_vel_chassis_serial]: Serial write failed: Write timeout
[cmd_vel_chassis_serial.py-1] [WARN] [1784052804.187924556] [cmd_vel_chassis_serial]: Drop leg debug: len=80 expected=84
[cmd_vel_chassis_serial.py-1] [WARN] [1784052804.220827960] [cmd_vel_chassis_serial]: Drop leg debug: len=80 expected=84
[cmd_vel_chassis_serial.py-1] [WARN] [1784052804.254308700] [cmd_vel_chassis_serial]: Drop leg debug: len=80 expected=84
[cmd_vel_chassis_serial.py-1] [ERROR] [1784052804.279220262] [cmd_vel_chassis_serial]: Serial write failed: Write timeout
[cmd_vel_chassis_serial.py-1] [WARN] [1784052804.290155762] [cmd_vel_chassis_serial]: Drop leg debug: len=80 expected=84
[cmd_vel_chassis_serial.py-1] [WARN] [1784052804.333392658] [cmd_vel_chassis_serial]: Drop leg debug: len=80 expected=84
[cmd_vel_chassis_serial.py-1] [WARN] [1784052804.395401250] [cmd_vel_chassis_serial]: Drop leg debug: len=80 expected=84
[cmd_vel_chassis_serial.py-1] [ERROR] [1784052804.398353981] [cmd_vel_chassis_serial]: Serial write failed: Write timeout
[cmd_vel_chassis_serial.py-1] [WARN] [1784052804.442253955] [cmd_vel_chassis_serial]: Drop leg debug: len=80 expected=84
[cmd_vel_chassis_serial.py-1] [WARN] [1784052804.472132014] [cmd_vel_chassis_serial]: Drop leg debug: len=80 expected=84
[cmd_vel_chassis_serial.py-1] [WARN] [1784052804.500562268] [cmd_vel_chassis_serial]: Drop leg debug: len=80 expected=84
[cmd_vel_chassis_serial.py-1] [WARN] [1784052804.521224966] [cmd_vel_chassis_serial]: Drop leg debug: len=80 expected=84
[cmd_vel_chassis_serial.py-1] [WARN] [1784052804.554853382] [cmd_vel_chassis_serial]: Drop leg debug: len=80 expected=84
[cmd_vel_chassis_serial.py-1] [WARN] [1784052804.567279109] [cmd_vel_chassis_serial]: Drop leg debug: len=80 expected=84
[cmd_vel_chassis_serial.py-1] [WARN] [1784052804.598278791] [cmd_vel_chassis_serial]: Drop leg debug: len=80 expected=84
[cmd_vel_chassis_serial.py-1] [WARN] [1784052804.634018091] [cmd_vel_chassis_serial]: Drop leg debug: len=80 expected=84
[cmd_vel_chassis_serial.py-1] [WARN] [1784052804.658755792] [cmd_vel_chassis_serial]: Drop leg debug: len=80 expected=84
[cmd_vel_chassis_serial.py-1] [WARN] [1784052804.668161393] [cmd_vel_chassis_serial]: Drop leg debug: len=80 expected=84
[cmd_vel_chassis_serial.py-1] [WARN] [1784052804.696164795] [cmd_vel_chassis_serial]: Drop leg debug: len=80 expected=84
[cmd_vel_chassis_serial.py-1] [WARN] [1784052804.719790065] [cmd_vel_chassis_serial]: Drop leg debug: len=80 expected=84
[cmd_vel_chassis_serial.py-1] [WARN] [1784052804.758014371] [cmd_vel_chassis_serial]: Drop leg debug: len=80 expected=84
[cmd_vel_chassis_serial.py-1] [WARN] [1784052804.769540708] [cmd_vel_chassis_serial]: Drop leg debug: len=80 expected=84
[cmd_vel_chassis_serial.py-1] [WARN] [1784052804.790525976] [cmd_vel_chassis_serial]: Drop leg debug: len=80 expected=84
[cmd_vel_chassis_serial.py-1] [WARN] [1784052804.814026251] [cmd_vel_chassis_serial]: Drop leg debug: len=80 expected=84
[cmd_vel_chassis_serial.py-1] [WARN] [1784052804.871530096] [cmd_vel_chassis_serial]: Drop leg debug: len=80 expected=84
[cmd_vel_chassis_serial.py-1] [WARN] [1784052804.900414143] [cmd_vel_chassis_serial]: Drop leg debug: len=80 expected=84
[cmd_vel_chassis_serial.py-1] [WARN] [1784052804.920310188] [cmd_vel_chassis_serial]: Drop leg debug: len=80 expected=84
[cmd_vel_chassis_serial.py-1] [WARN] [1784052804.945238383] [cmd_vel_chassis_serial]: Drop leg debug: len=80 expected=84
[cmd_vel_chassis_serial.py-1] [WARN] [1784052804.977112373] [cmd_vel_chassis_serial]: Drop leg debug: len=80 expected=84
[cmd_vel_chassis_serial.py-1] [WARN] [1784052805.017610106] [cmd_vel_chassis_serial]: Drop leg debug: len=80 expected=84
[cmd_vel_chassis_serial.py-1] [WARN] [1784052805.064805560] [cmd_vel_chassis_serial]: Drop leg debug: len=80 expected=84
[cmd_vel_chassis_serial.py-1] [WARN] [1784052805.081237046] [cmd_vel_chassis_serial]: Drop leg debug: len=80 expected=84
[cmd_vel_chassis_serial.py-1] [WARN] [1784052805.135498191] [cmd_vel_chassis_serial]: Drop leg debug: len=80 expected=84
[cmd_vel_chassis_serial.py-1] [WARN] [1784052805.151975207] [cmd_vel_chassis_serial]: Drop leg debug: len=80 expected=84
[cmd_vel_chassis_serial.py-1] [WARN] [1784052805.206081799] [cmd_vel_chassis_serial]: Drop leg debug: len=80 expected=84
[cmd_vel_chassis_serial.py-1] [WARN] [1784052805.223530638] [cmd_vel_chassis_serial]: Drop leg debug: len=80 expected=84
[cmd_vel_chassis_serial.py-1] [WARN] [1784052805.228041541] [cmd_vel_chassis_serial]: Drop leg debug: len=80 expected=84
[cmd_vel_chassis_serial.py-1] [WARN] [1784052805.231492214] [cmd_vel_chassis_serial]: Drop leg debug: len=80 expected=84
[cmd_vel_chassis_serial.py-1] [WARN] [1784052805.245140329] [cmd_vel_chassis_serial]: Drop leg debug: len=80 expected=84
[cmd_vel_chassis_serial.py-1] [WARN] [1784052805.267486793] [cmd_vel_chassis_serial]: Drop leg debug: len=80 expected=84
[cmd_vel_chassis_serial.py-1] [WARN] [1784052805.282055971] [cmd_vel_chassis_serial]: Drop leg debug: len=80 expected=84
[cmd_vel_chassis_serial.py-1] [WARN] [1784052805.291664905] [cmd_vel_chassis_serial]: Drop leg debug: len=80 expected=84
[cmd_vel_chassis_serial.py-1] [WARN] [1784052805.310875729] [cmd_vel_chassis_serial]: Drop leg debug: len=80 expected=84
[cmd_vel_chassis_serial.py-1] [WARN] [1784052805.334550678] [cmd_vel_chassis_serial]: Drop leg debug: len=80 expected=84
[cmd_vel_chassis_serial.py-1] [WARN] [1784052805.359798584] [cmd_vel_chassis_serial]: Drop leg debug: len=80 expected=84
[cmd_vel_chassis_serial.py-1] [WARN] [1784052805.375475141] [cmd_vel_chassis_serial]: Drop leg debug: len=80 expected=84
[cmd_vel_chassis_serial.py-1] [WARN] [1784052805.398066064] [cmd_vel_chassis_serial]: Drop leg debug: len=80 expected=84
[cmd_vel_chassis_serial.py-1] [WARN] [1784052805.412715464] [cmd_vel_chassis_serial]: Drop leg debug: len=80 expected=84
[cmd_vel_chassis_serial.py-1] [WARN] [1784052805.470822201] [cmd_vel_chassis_serial]: Drop leg debug: len=80 expected=84
[cmd_vel_chassis_serial.py-1] [WARN] [1784052805.483417659] [cmd_vel_chassis_serial]: Drop leg debug: len=80 expected=84
[cmd_vel_chassis_serial.py-1] [WARN] [1784052805.488900481] [cmd_vel_chassis_serial]: Drop leg debug: len=80 expected=84
[cmd_vel_chassis_serial.py-1] [WARN] [1784052805.505288178] [cmd_vel_chassis_serial]: Drop leg debug: len=80 expected=84
[cmd_vel_chassis_serial.py-1] [WARN] [1784052805.513519701] [cmd_vel_chassis_serial]: Drop leg debug: len=80 expected=84
[cmd_vel_chassis_serial.py-1] [WARN] [1784052805.530406288] [cmd_vel_chassis_serial]: Drop leg debug: len=80 expected=84
[cmd_vel_chassis_serial.py-1] [WARN] [1784052805.590400174] [cmd_vel_chassis_serial]: Drop leg debug: len=80 expected=84
[cmd_vel_chassis_serial.py-1] [WARN] [1784052805.602050329] [cmd_vel_chassis_serial]: Drop leg debug: len=80 expected=84
[cmd_vel_chassis_serial.py-1] [WARN] [1784052805.615764075] [cmd_vel_chassis_serial]: Drop leg debug: len=80 expected=84
[cmd_vel_chassis_serial.py-1] [WARN] [1784052805.627518981] [cmd_vel_chassis_serial]: Drop leg debug: len=80 expected=84
[cmd_vel_chassis_serial.py-1] [WARN] [1784052805.642163677] [cmd_vel_chassis_serial]: Drop leg debug: len=80 expected=84
[cmd_vel_chassis_serial.py-1] [WARN] [1784052805.651166354] [cmd_vel_chassis_serial]: Drop leg debug: len=80 expected=84
[cmd_vel_chassis_serial.py-1] [WARN] [1784052805.731413462] [cmd_vel_chassis_serial]: Drop leg debug: len=80 expected=84
[cmd_vel_chassis_serial.py-1] [WARN] [1784052805.757654371] [cmd_vel_chassis_serial]: Drop leg debug: len=80 expected=84
[cmd_vel_chassis_serial.py-1] [WARN] [1784052805.774928785] [cmd_vel_chassis_serial]: Drop leg debug: len=80 expected=84
[cmd_vel_chassis_serial.py-1] [WARN] [1784052805.789692596] [cmd_vel_chassis_serial]: Drop leg debug: len=80 expected=84
[cmd_vel_chassis_serial.py-1] [WARN] [1784052805.807247529] [cmd_vel_chassis_serial]: Drop leg debug: len=80 expected=84
[cmd_vel_chassis_serial.py-1] [WARN] [1784052805.831291729] [cmd_vel_chassis_serial]: Drop leg debug: len=80 expected=84
[cmd_vel_chassis_serial.py-1] [WARN] [1784052805.921410506] [cmd_vel_chassis_serial]: Drop leg debug: len=80 expected=84
[cmd_vel_chassis_serial.py-1] [WARN] [1784052805.935316665] [cmd_vel_chassis_serial]: Drop leg debug: len=80 expected=84
[cmd_vel_chassis_serial.py-1] [WARN] [1784052805.944462122] [cmd_vel_chassis_serial]: Drop leg debug: len=80 expected=84
[cmd_vel_chassis_serial.py-1] [WARN] [1784052805.972979424] [cmd_vel_chassis_serial]: Drop leg debug: len=80 expected=84
[cmd_vel_chassis_serial.py-1] [WARN] [1784052805.991415062] [cmd_vel_chassis_serial]: Drop leg debug: len=80 expected=84
[cmd_vel_chassis_serial.py-1] [WARN] [1784052806.013881684] [cmd_vel_chassis_serial]: Drop leg debug: len=80 expected=84
[cmd_vel_chassis_serial.py-1] [WARN] [1784052806.065447129] [cmd_vel_chassis_serial]: Drop leg debug: len=80 expected=84
[cmd_vel_chassis_serial.py-1] [WARN] [1784052806.090237460] [cmd_vel_chassis_serial]: Drop leg debug: len=80 expected=84
[cmd_vel_chassis_serial.py-1] [WARN] [1784052806.104027802] [cmd_vel_chassis_serial]: Drop leg debug: len=80 expected=84
[cmd_vel_chassis_serial.py-1] [WARN] [1784052806.142297930] [cmd_vel_chassis_serial]: Drop leg debug: len=80 expected=84
[cmd_vel_chassis_serial.py-1] [WARN] [1784052806.181269190] [cmd_vel_chassis_serial]: Drop leg debug: len=80 expected=84
[cmd_vel_chassis_serial.py-1] [WARN] [1784052806.224642126] [cmd_vel_chassis_serial]: Drop leg debug: len=80 expected=84
[cmd_vel_chassis_serial.py-1] [WARN] [1784052806.247213414] [cmd_vel_chassis_serial]: Drop leg debug: len=80 expected=84
[cmd_vel_chassis_serial.py-1] [WARN] [1784052806.276416820] [cmd_vel_chassis_serial]: Drop leg debug: len=80 expected=84
[cmd_vel_chassis_serial.py-1] [WARN] [1784052806.296286221] [cmd_vel_chassis_serial]: Drop leg debug: len=80 expected=84
[cmd_vel_chassis_serial.py-1] [WARN] [1784052806.328208364] [cmd_vel_chassis_serial]: Drop leg debug: len=80 expected=84
[cmd_vel_chassis_serial.py-1] [WARN] [1784052806.350708526] [cmd_vel_chassis_serial]: Drop leg debug: len=80 expected=84
[cmd_vel_chassis_serial.py-1] [WARN] [1784052806.376133698] [cmd_vel_chassis_serial]: Drop leg debug: len=80 expected=84
[cmd_vel_chassis_serial.py-1] [WARN] [1784052806.396704147] [cmd_vel_chassis_serial]: Drop leg debug: len=80 expected=84
[cmd_vel_chassis_serial.py-1] [WARN] [1784052806.417386318] [cmd_vel_chassis_serial]: Drop leg debug: len=80 expected=84
[cmd_vel_chassis_serial.py-1] [WARN] [1784052806.443186825] [cmd_vel_chassis_serial]: Drop leg debug: len=80 expected=84
[cmd_vel_chassis_serial.py-1] [WARN] [1784052806.466806895] [cmd_vel_chassis_serial]: Drop leg debug: len=80 expected=84
[cmd_vel_chassis_serial.py-1] [WARN] [1784052806.495092660] [cmd_vel_chassis_serial]: Drop leg debug: len=80 expected=84
[cmd_vel_chassis_serial.py-1] [WARN] [1784052806.521566733] [cmd_vel_chassis_serial]: Drop leg debug: len=80 expected=84
[cmd_vel_chassis_serial.py-1] [WARN] [1784052806.539304886] [cmd_vel_chassis_serial]: Drop leg debug: len=80 expected=84
[cmd_vel_chassis_serial.py-1] [WARN] [1784052806.557936272] [cmd_vel_chassis_serial]: Drop leg debug: len=80 expected=84
[cmd_vel_chassis_serial.py-1] [WARN] [1784052806.583543118] [cmd_vel_chassis_serial]: Drop leg debug: len=80 expected=84
[cmd_vel_chassis_serial.py-1] [WARN] [1784052806.622742816] [cmd_vel_chassis_serial]: Drop leg debug: len=80 expected=84
[cmd_vel_chassis_serial.py-1] [WARN] [1784052806.683921346] [cmd_vel_chassis_serial]: Drop leg debug: len=80 expected=84
[cmd_vel_chassis_serial.py-1] [ERROR] [1784052806.705125365] [cmd_vel_chassis_serial]: Serial write failed: Write timeout
[cmd_vel_chassis_serial.py-1] [WARN] [1784052806.759029819] [cmd_vel_chassis_serial]: Drop leg debug: len=80 expected=84
[cmd_vel_chassis_serial.py-1] [WARN] [1784052806.799059317] [cmd_vel_chassis_serial]: Drop leg debug: len=80 expected=84
[cmd_vel_chassis_serial.py-1] [WARN] [1784052806.820778149] [cmd_vel_chassis_serial]: Drop leg debug: len=80 expected=84
[cmd_vel_chassis_serial.py-1] [WARN] [1784052806.862334821] [cmd_vel_chassis_serial]: Drop leg debug: len=80 expected=84
[cmd_vel_chassis_serial.py-1] [WARN] [1784052806.869046982] [cmd_vel_chassis_serial]: Drop leg debug: len=80 expected=84
[cmd_vel_chassis_serial.py-1] [WARN] [1784052806.885830268] [cmd_vel_chassis_serial]: Drop leg debug: len=80 expected=84
[cmd_vel_chassis_serial.py-1] [WARN] [1784052806.918110428] [cmd_vel_chassis_serial]: Drop leg debug: len=80 expected=84
[cmd_vel_chassis_serial.py-1] [WARN] [1784052806.928357707] [cmd_vel_chassis_serial]: Drop leg debug: len=80 expected=84
[cmd_vel_chassis_serial.py-1] [ERROR] [1784052806.951166974] [cmd_vel_chassis_serial]: Serial write failed: Write timeout
[cmd_vel_chassis_serial.py-1] [WARN] [1784052806.967039327] [cmd_vel_chassis_serial]: Drop leg debug: len=80 expected=84
[cmd_vel_chassis_serial.py-1] [WARN] [1784052806.990458259] [cmd_vel_chassis_serial]: Drop leg debug: len=80 expected=84
[cmd_vel_chassis_serial.py-1] [WARN] [1784052807.025363959] [cmd_vel_chassis_serial]: Drop leg debug: len=80 expected=84
[cmd_vel_chassis_serial.py-1] [ERROR] [1784052807.048452928] [cmd_vel_chassis_serial]: Serial write failed: Write timeout
[cmd_vel_chassis_serial.py-1] [WARN] [1784052807.088303917] [cmd_vel_chassis_serial]: Drop leg debug: len=80 expected=84
[cmd_vel_chassis_serial.py-1] [WARN] [1784052807.132940400] [cmd_vel_chassis_serial]: Drop leg debug: len=80 expected=84
[cmd_vel_chassis_serial.py-1] [WARN] [1784052807.160657466] [cmd_vel_chassis_serial]: Drop leg debug: len=80 expected=84
[cmd_vel_chassis_serial.py-1] [WARN] [1784052807.181011139] [cmd_vel_chassis_serial]: Drop leg debug: len=80 expected=84
[cmd_vel_chassis_serial.py-1] [WARN] [1784052807.191176827] [cmd_vel_chassis_serial]: Drop leg debug: len=80 expected=84
[cmd_vel_chassis_serial.py-1] [WARN] [1784052807.206755182] [cmd_vel_chassis_serial]: Drop leg debug: len=80 expected=84
[cmd_vel_chassis_serial.py-1] [ERROR] [1784052807.228070381] [cmd_vel_chassis_serial]: Serial write failed: Write timeout
[cmd_vel_chassis_serial.py-1] [WARN] [1784052807.235458952] [cmd_vel_chassis_serial]: Drop leg debug: len=80 expected=84
[cmd_vel_chassis_serial.py-1] [WARN] [1784052807.245435958] [cmd_vel_chassis_serial]: Drop leg debug: len=80 expected=84
[cmd_vel_chassis_serial.py-1] [WARN] [1784052807.262417921] [cmd_vel_chassis_serial]: Drop leg debug: len=80 expected=84
[cmd_vel_chassis_serial.py-1] [WARN] [1784052807.280522598] [cmd_vel_chassis_serial]: Drop leg debug: len=80 expected=84
[cmd_vel_chassis_serial.py-1] [WARN] [1784052807.305853590] [cmd_vel_chassis_serial]: Drop leg debug: len=80 expected=84
[cmd_vel_chassis_serial.py-1] [ERROR] [1784052807.306341679] [cmd_vel_chassis_serial]: Serial write failed: Write timeout
[cmd_vel_chassis_serial.py-1] [WARN] [1784052807.330120872] [cmd_vel_chassis_serial]: Drop leg debug: len=80 expected=84
[cmd_vel_chassis_serial.py-1] [WARN] [1784052807.337544543] [cmd_vel_chassis_serial]: Drop leg debug: len=80 expected=84
[cmd_vel_chassis_serial.py-1] [WARN] [1784052807.348582211] [cmd_vel_chassis_serial]: Drop leg debug: len=80 expected=84
[cmd_vel_chassis_serial.py-1] [WARN] [1784052807.354601400] [cmd_vel_chassis_serial]: Drop leg debug: len=80 expected=84
[cmd_vel_chassis_serial.py-1] [WARN] [1784052807.370709089] [cmd_vel_chassis_serial]: Drop leg debug: len=80 expected=84
[cmd_vel_chassis_serial.py-1] [WARN] [1784052807.388089907] [cmd_vel_chassis_serial]: Drop leg debug: len=80 expected=84
[cmd_vel_chassis_serial.py-1] [WARN] [1784052807.395321345] [cmd_vel_chassis_serial]: Drop leg debug: len=80 expected=84
[cmd_vel_chassis_serial.py-1] [WARN] [1784052807.406529370] [cmd_vel_chassis_serial]: Drop leg debug: len=80 expected=84
[cmd_vel_chassis_serial.py-1] [WARN] [1784052807.413845470] [cmd_vel_chassis_serial]: Drop leg debug: len=80 expected=84
[cmd_vel_chassis_serial.py-1] [WARN] [1784052807.425821253] [cmd_vel_chassis_serial]: Drop leg debug: len=80 expected=84
[cmd_vel_chassis_serial.py-1] [WARN] [1784052807.432283385] [cmd_vel_chassis_serial]: Drop leg debug: len=80 expected=84
[cmd_vel_chassis_serial.py-1] [WARN] [1784052807.450802038] [cmd_vel_chassis_serial]: Drop leg debug: len=80 expected=84
[cmd_vel_chassis_serial.py-1] [WARN] [1784052807.462087694] [cmd_vel_chassis_serial]: Drop leg debug: len=80 expected=84
[cmd_vel_chassis_serial.py-1] [WARN] [1784052807.469749476] [cmd_vel_chassis_serial]: Drop leg debug: len=80 expected=84
[cmd_vel_chassis_serial.py-1] [WARN] [1784052807.479453043] [cmd_vel_chassis_serial]: Drop leg debug: len=80 expected=84
[cmd_vel_chassis_serial.py-1] [WARN] [1784052807.490181942] [cmd_vel_chassis_serial]: Drop leg debug: len=80 expected=84
[cmd_vel_chassis_serial.py-1] [WARN] [1784052807.506884693] [cmd_vel_chassis_serial]: Drop leg debug: len=80 expected=84
[cmd_vel_chassis_serial.py-1] [WARN] [1784052807.512403983] [cmd_vel_chassis_serial]: Drop leg debug: len=80 expected=84
[cmd_vel_chassis_serial.py-1] [WARN] [1784052807.528149119] [cmd_vel_chassis_serial]: Drop leg debug: len=80 expected=84
[cmd_vel_chassis_serial.py-1] [WARN] [1784052807.533982926] [cmd_vel_chassis_serial]: Drop leg debug: len=80 expected=84
[cmd_vel_chassis_serial.py-1] [WARN] [1784052807.543783324] [cmd_vel_chassis_serial]: Drop leg debug: len=80 expected=84
[cmd_vel_chassis_serial.py-1] [WARN] [1784052807.594391929] [cmd_vel_chassis_serial]: Drop leg debug: len=80 expected=84
[cmd_vel_chassis_serial.py-1] [WARN] [1784052807.621500806] [cmd_vel_chassis_serial]: Drop leg debug: len=80 expected=84
[cmd_vel_chassis_serial.py-1] [WARN] [1784052807.634421699] [cmd_vel_chassis_serial]: Drop leg debug: len=80 expected=84
[cmd_vel_chassis_serial.py-1] [WARN] [1784052807.643512613] [cmd_vel_chassis_serial]: Drop leg debug: len=80 expected=84
[cmd_vel_chassis_serial.py-1] [WARN] [1784052807.668068959] [cmd_vel_chassis_serial]: Drop leg debug: len=80 expected=84
[cmd_vel_chassis_serial.py-1] [WARN] [1784052807.676864041] [cmd_vel_chassis_serial]: Drop leg debug: len=80 expected=84
[cmd_vel_chassis_serial.py-1] [WARN] [1784052807.763268134] [cmd_vel_chassis_serial]: Drop leg debug: len=80 expected=84
[cmd_vel_chassis_serial.py-1] [WARN] [1784052807.781611162] [cmd_vel_chassis_serial]: Drop leg debug: len=80 expected=84
[cmd_vel_chassis_serial.py-1] [WARN] [1784052807.790376435] [cmd_vel_chassis_serial]: Drop leg debug: len=80 expected=84
[cmd_vel_chassis_serial.py-1] [WARN] [1784052807.803941986] [cmd_vel_chassis_serial]: Drop leg debug: len=80 expected=84
[cmd_vel_chassis_serial.py-1] [WARN] [1784052807.814050084] [cmd_vel_chassis_serial]: Drop leg debug: len=80 expected=84
[cmd_vel_chassis_serial.py-1] [WARN] [1784052807.828513764] [cmd_vel_chassis_serial]: Drop leg debug: len=80 expected=84
[cmd_vel_chassis_serial.py-1] [WARN] [1784052807.907067166] [cmd_vel_chassis_serial]: Drop leg debug: len=80 expected=84
[cmd_vel_chassis_serial.py-1] [WARN] [1784052807.928756152] [cmd_vel_chassis_serial]: Drop leg debug: len=80 expected=84
[cmd_vel_chassis_serial.py-1] [WARN] [1784052807.935227369] [cmd_vel_chassis_serial]: Drop leg debug: len=80 expected=84
[cmd_vel_chassis_serial.py-1] [WARN] [1784052807.953201015] [cmd_vel_chassis_serial]: Drop leg debug: len=80 expected=84
[cmd_vel_chassis_serial.py-1] [WARN] [1784052807.998534357] [cmd_vel_chassis_serial]: Drop leg debug: len=80 expected=84
[cmd_vel_chassis_serial.py-1] [WARN] [1784052808.056959196] [cmd_vel_chassis_serial]: Drop leg debug: len=80 expected=84
[cmd_vel_chassis_serial.py-1] [WARN] [1784052808.100587023] [cmd_vel_chassis_serial]: Drop leg debug: len=80 expected=84
[cmd_vel_chassis_serial.py-1] [WARN] [1784052808.121086318] [cmd_vel_chassis_serial]: Drop leg debug: len=80 expected=84
[cmd_vel_chassis_serial.py-1] [WARN] [1784052808.149662077] [cmd_vel_chassis_serial]: Drop leg debug: len=80 expected=84
[cmd_vel_chassis_serial.py-1] [WARN] [1784052808.179125022] [cmd_vel_chassis_serial]: Drop leg debug: len=80 expected=84
[cmd_vel_chassis_serial.py-1] [WARN] [1784052808.219852764] [cmd_vel_chassis_serial]: Drop leg debug: len=80 expected=84
[cmd_vel_chassis_serial.py-1] [WARN] [1784052808.243832011] [cmd_vel_chassis_serial]: Drop leg debug: len=80 expected=84
[cmd_vel_chassis_serial.py-1] [WARN] [1784052808.257717670] [cmd_vel_chassis_serial]: Drop leg debug: len=80 expected=84
[cmd_vel_chassis_serial.py-1] [WARN] [1784052808.285551989] [cmd_vel_chassis_serial]: Drop leg debug: len=80 expected=84
[cmd_vel_chassis_serial.py-1] [WARN] [1784052808.327555090] [cmd_vel_chassis_serial]: Drop leg debug: len=80 expected=84
[cmd_vel_chassis_serial.py-1] [ERROR] [1784052808.336995753] [cmd_vel_chassis_serial]: Serial write failed: Write timeout
[cmd_vel_chassis_serial.py-1] [WARN] [1784052808.385459931] [cmd_vel_chassis_serial]: Drop leg debug: len=80 expected=84
[cmd_vel_chassis_serial.py-1] [WARN] [1784052808.453561959] [cmd_vel_chassis_serial]: Drop leg debug: len=80 expected=84
[cmd_vel_chassis_serial.py-1] [WARN] [1784052808.470080059] [cmd_vel_chassis_serial]: Drop leg debug: len=80 expected=84
[cmd_vel_chassis_serial.py-1] [WARN] [1784052808.513398169] [cmd_vel_chassis_serial]: Drop leg debug: len=80 expected=84
[cmd_vel_chassis_serial.py-1] [WARN] [1784052808.533989122] [cmd_vel_chassis_serial]: Drop leg debug: len=80 expected=84
[cmd_vel_chassis_serial.py-1] [ERROR] [1784052808.582142647] [cmd_vel_chassis_serial]: Serial write failed: Write timeout
[cmd_vel_chassis_serial.py-1] [WARN] [1784052808.608268767] [cmd_vel_chassis_serial]: Drop leg debug: len=80 expected=84
[cmd_vel_chassis_serial.py-1] [WARN] [1784052808.620728821] [cmd_vel_chassis_serial]: Drop leg debug: len=80 expected=84
[cmd_vel_chassis_serial.py-1] [WARN] [1784052808.627931206] [cmd_vel_chassis_serial]: Drop leg debug: len=80 expected=84
[cmd_vel_chassis_serial.py-1] [WARN] [1784052808.646744058] [cmd_vel_chassis_serial]: Drop leg debug: len=80 expected=84
[cmd_vel_chassis_serial.py-1] [WARN] [1784052808.655379846] [cmd_vel_chassis_serial]: Drop leg debug: len=80 expected=84
[cmd_vel_chassis_serial.py-1] [WARN] [1784052808.671142825] [cmd_vel_chassis_serial]: Drop leg debug: len=80 expected=84
[cmd_vel_chassis_serial.py-1] [WARN] [1784052808.685603144] [cmd_vel_chassis_serial]: Drop leg debug: len=80 expected=84
[cmd_vel_chassis_serial.py-1] [WARN] [1784052808.710604292] [cmd_vel_chassis_serial]: Drop leg debug: len=80 expected=84
[cmd_vel_chassis_serial.py-1] [WARN] [1784052808.730332325] [cmd_vel_chassis_serial]: Drop leg debug: len=80 expected=84
[cmd_vel_chassis_serial.py-1] [WARN] [1784052808.756490510] [cmd_vel_chassis_serial]: Drop leg debug: len=80 expected=84
[cmd_vel_chassis_serial.py-1] [WARN] [1784052808.771849581] [cmd_vel_chassis_serial]: Drop leg debug: len=80 expected=84
[cmd_vel_chassis_serial.py-1] [WARN] [1784052808.783880828] [cmd_vel_chassis_serial]: Drop leg debug: len=80 expected=84
[cmd_vel_chassis_serial.py-1] [WARN] [1784052808.798554717] [cmd_vel_chassis_serial]: Drop leg debug: len=80 expected=84
[cmd_vel_chassis_serial.py-1] [WARN] [1784052808.810437376] [cmd_vel_chassis_serial]: Drop leg debug: len=80 expected=84
[cmd_vel_chassis_serial.py-1] [WARN] [1784052808.831512231] [cmd_vel_chassis_serial]: Drop leg debug: len=80 expected=84
[cmd_vel_chassis_serial.py-1] [WARN] [1784052808.878167346] [cmd_vel_chassis_serial]: Drop leg debug: len=80 expected=84
[cmd_vel_chassis_serial.py-1] [WARN] [1784052808.900373052] [cmd_vel_chassis_serial]: Drop leg debug: len=80 expected=84
[cmd_vel_chassis_serial.py-1] [WARN] [1784052808.919166643] [cmd_vel_chassis_serial]: Drop leg debug: len=80 expected=84
[cmd_vel_chassis_serial.py-1] [WARN] [1784052808.951160062] [cmd_vel_chassis_serial]: Drop leg debug: len=80 expected=84
[cmd_vel_chassis_serial.py-1] [WARN] [1784052808.967931105] [cmd_vel_chassis_serial]: Drop leg debug: len=80 expected=84
[cmd_vel_chassis_serial.py-1] [WARN] [1784052808.977500747] [cmd_vel_chassis_serial]: Drop leg debug: len=80 expected=84
[cmd_vel_chassis_serial.py-1] [WARN] [1784052809.047473648] [cmd_vel_chassis_serial]: Drop leg debug: len=80 expected=84
[cmd_vel_chassis_serial.py-1] [ERROR] [1784052809.094996599] [cmd_vel_chassis_serial]: Serial write failed: Write timeout
[cmd_vel_chassis_serial.py-1] [WARN] [1784052809.115537173] [cmd_vel_chassis_serial]: Drop leg debug: len=80 expected=84
[cmd_vel_chassis_serial.py-1] [WARN] [1784052809.154290137] [cmd_vel_chassis_serial]: Drop leg debug: len=80 expected=84
[cmd_vel_chassis_serial.py-1] [WARN] [1784052809.178578235] [cmd_vel_chassis_serial]: Drop leg debug: len=80 expected=84
[cmd_vel_chassis_serial.py-1] [WARN] [1784052809.200024846] [cmd_vel_chassis_serial]: Drop leg debug: len=80 expected=84
[cmd_vel_chassis_serial.py-1] [WARN] [1784052809.225840527] [cmd_vel_chassis_serial]: Drop leg debug: len=80 expected=84
[cmd_vel_chassis_serial.py-1] [WARN] [1784052809.255205102] [cmd_vel_chassis_serial]: Drop leg debug: len=80 expected=84
[cmd_vel_chassis_serial.py-1] [WARN] [1784052809.267342131] [cmd_vel_chassis_serial]: Drop leg debug: len=80 expected=84
[cmd_vel_chassis_serial.py-1] [WARN] [1784052809.302212302] [cmd_vel_chassis_serial]: Drop leg debug: len=80 expected=84
[cmd_vel_chassis_serial.py-1] [WARN] [1784052809.335277060] [cmd_vel_chassis_serial]: Drop leg debug: len=80 expected=84
[cmd_vel_chassis_serial.py-1] [WARN] [1784052809.367569969] [cmd_vel_chassis_serial]: Drop leg debug: len=80 expected=84
[cmd_vel_chassis_serial.py-1] [WARN] [1784052809.447179038] [cmd_vel_chassis_serial]: Drop leg debug: len=80 expected=84
[cmd_vel_chassis_serial.py-1] [ERROR] [1784052809.501699516] [cmd_vel_chassis_serial]: Serial write failed: Write timeout
[cmd_vel_chassis_serial.py-1] [WARN] [1784052809.614972676] [cmd_vel_chassis_serial]: Drop leg debug: len=80 expected=84
[cmd_vel_chassis_serial.py-1] [WARN] [1784052809.679019953] [cmd_vel_chassis_serial]: Drop leg debug: len=80 expected=84
[cmd_vel_chassis_serial.py-1] [ERROR] [1784052809.712873061] [cmd_vel_chassis_serial]: Serial write failed: Write timeout
[cmd_vel_chassis_serial.py-1] [WARN] [1784052809.727062183] [cmd_vel_chassis_serial]: Drop leg debug: len=80 expected=84
[cmd_vel_chassis_serial.py-1] [WARN] [1784052809.746705744] [cmd_vel_chassis_serial]: Drop leg debug: len=80 expected=84
[cmd_vel_chassis_serial.py-1] [WARN] [1784052809.771369345] [cmd_vel_chassis_serial]: Drop leg debug: len=80 expected=84
[cmd_vel_chassis_serial.py-1] [WARN] [1784052809.825536232] [cmd_vel_chassis_serial]: Drop leg debug: len=80 expected=84
[cmd_vel_chassis_serial.py-1] [WARN] [1784052809.924224176] [cmd_vel_chassis_serial]: Drop leg debug: len=80 expected=84
[cmd_vel_chassis_serial.py-1] [ERROR] [1784052809.941761918] [cmd_vel_chassis_serial]: Serial write failed: Write timeout
[cmd_vel_chassis_serial.py-1] [WARN] [1784052809.978539711] [cmd_vel_chassis_serial]: Drop leg debug: len=80 expected=84
[cmd_vel_chassis_serial.py-1] [WARN] [1784052810.050606279] [cmd_vel_chassis_serial]: Drop leg debug: len=80 expected=84
[cmd_vel_chassis_serial.py-1] [WARN] [1784052810.123025571] [cmd_vel_chassis_serial]: Drop leg debug: len=80 expected=84
[cmd_vel_chassis_serial.py-1] [WARN] [1784052810.180458500] [cmd_vel_chassis_serial]: Drop leg debug: len=80 expected=84
[cmd_vel_chassis_serial.py-1] [WARN] [1784052810.218497237] [cmd_vel_chassis_serial]: Drop leg debug: len=80 expected=84
[cmd_vel_chassis_serial.py-1] [ERROR] [1784052810.273435741] [cmd_vel_chassis_serial]: Serial write failed: Write timeout
[cmd_vel_chassis_serial.py-1] [WARN] [1784052810.276586488] [cmd_vel_chassis_serial]: Drop leg debug: len=80 expected=84
[cmd_vel_chassis_serial.py-1] [WARN] [1784052810.316049664] [cmd_vel_chassis_serial]: Drop leg debug: len=80 expected=84
[cmd_vel_chassis_serial.py-1] [WARN] [1784052810.359069799] [cmd_vel_chassis_serial]: Drop leg debug: len=80 expected=84
[cmd_vel_chassis_serial.py-1] [ERROR] [1784052810.409928094] [cmd_vel_chassis_serial]: Serial write failed: Write timeout
[cmd_vel_chassis_serial.py-1] [WARN] [1784052810.417311394] [cmd_vel_chassis_serial]: Drop leg debug: len=80 expected=84
[cmd_vel_chassis_serial.py-1] [WARN] [1784052810.438263086] [cmd_vel_chassis_serial]: Drop leg debug: len=80 expected=84
[cmd_vel_chassis_serial.py-1] [WARN] [1784052810.459901136] [cmd_vel_chassis_serial]: Drop leg debug: len=80 expected=84
[cmd_vel_chassis_serial.py-1] [WARN] [1784052810.468352946] [cmd_vel_chassis_serial]: Drop leg debug: len=80 expected=84
[cmd_vel_chassis_serial.py-1] [ERROR] [1784052810.474571110] [cmd_vel_chassis_serial]: Serial write failed: Write timeout
[cmd_vel_chassis_serial.py-1] [WARN] [1784052810.519047545] [cmd_vel_chassis_serial]: Drop leg debug: len=80 expected=84
[cmd_vel_chassis_serial.py-1] [WARN] [1784052810.531950614] [cmd_vel_chassis_serial]: Drop leg debug: len=80 expected=84
[cmd_vel_chassis_serial.py-1] [WARN] [1784052810.553145793] [cmd_vel_chassis_serial]: Drop leg debug: len=80 expected=84
[cmd_vel_chassis_serial.py-1] [WARN] [1784052810.569595212] [cmd_vel_chassis_serial]: Drop leg debug: len=80 expected=84
[cmd_vel_chassis_serial.py-1] [WARN] [1784052810.612686220] [cmd_vel_chassis_serial]: Drop leg debug: len=80 expected=84
[cmd_vel_chassis_serial.py-1] [WARN] [1784052810.632130358] [cmd_vel_chassis_serial]: Drop leg debug: len=80 expected=84
[cmd_vel_chassis_serial.py-1] [WARN] [1784052810.697700941] [cmd_vel_chassis_serial]: Drop leg debug: len=80 expected=84
[cmd_vel_chassis_serial.py-1] [WARN] [1784052810.722587913] [cmd_vel_chassis_serial]: Drop leg debug: len=80 expected=84
[cmd_vel_chassis_serial.py-1] [WARN] [1784052810.727980970] [cmd_vel_chassis_serial]: Drop leg debug: len=80 expected=84
[cmd_vel_chassis_serial.py-1] [WARN] [1784052810.733298534] [cmd_vel_chassis_serial]: Drop leg debug: len=80 expected=84
[cmd_vel_chassis_serial.py-1] [WARN] [1784052810.751514282] [cmd_vel_chassis_serial]: Drop leg debug: len=80 expected=84
[cmd_vel_chassis_serial.py-1] [WARN] [1784052810.761204370] [cmd_vel_chassis_serial]: Drop leg debug: len=80 expected=84
[cmd_vel_chassis_serial.py-1] [WARN] [1784052810.841714082] [cmd_vel_chassis_serial]: Drop leg debug: len=80 expected=84
[cmd_vel_chassis_serial.py-1] [WARN] [1784052810.853210220] [cmd_vel_chassis_serial]: Drop leg debug: len=80 expected=84
[cmd_vel_chassis_serial.py-1] [WARN] [1784052810.873649641] [cmd_vel_chassis_serial]: Drop leg debug: len=80 expected=84
[cmd_vel_chassis_serial.py-1] [WARN] [1784052810.899505797] [cmd_vel_chassis_serial]: Drop leg debug: len=80 expected=84
[cmd_vel_chassis_serial.py-1] [WARN] [1784052810.920344661] [cmd_vel_chassis_serial]: Drop leg debug: len=80 expected=84
[cmd_vel_chassis_serial.py-1] [ERROR] [1784052810.933788549] [cmd_vel_chassis_serial]: Serial write failed: Write timeout
[cmd_vel_chassis_serial.py-1] [WARN] [1784052810.965135085] [cmd_vel_chassis_serial]: Drop leg debug: len=80 expected=84
[cmd_vel_chassis_serial.py-1] [WARN] [1784052811.020042806] [cmd_vel_chassis_serial]: Drop leg debug: len=80 expected=84
[cmd_vel_chassis_serial.py-1] [WARN] [1784052811.049253028] [cmd_vel_chassis_serial]: Drop leg debug: len=80 expected=84
[cmd_vel_chassis_serial.py-1] [ERROR] [1784052811.065146027] [cmd_vel_chassis_serial]: Serial write failed: Write timeout
[cmd_vel_chassis_serial.py-1] [WARN] [1784052811.101140371] [cmd_vel_chassis_serial]: Drop leg debug: len=80 expected=84
[cmd_vel_chassis_serial.py-1] [WARN] [1784052811.136299961] [cmd_vel_chassis_serial]: Drop leg debug: len=80 expected=84
[cmd_vel_chassis_serial.py-1] [ERROR] [1784052811.145083124] [cmd_vel_chassis_serial]: Serial write failed: Write timeout
[cmd_vel_chassis_serial.py-1] [WARN] [1784052811.161178172] [cmd_vel_chassis_serial]: Drop leg debug: len=80 expected=84
[cmd_vel_chassis_serial.py-1] [WARN] [1784052811.173346327] [cmd_vel_chassis_serial]: Drop leg debug: len=80 expected=84
[cmd_vel_chassis_serial.py-1] [WARN] [1784052811.193945280] [cmd_vel_chassis_serial]: Drop leg debug: len=80 expected=84
[cmd_vel_chassis_serial.py-1] [WARN] [1784052811.212700381] [cmd_vel_chassis_serial]: Drop leg debug: len=80 expected=84
[cmd_vel_chassis_serial.py-1] [WARN] [1784052811.221502660] [cmd_vel_chassis_serial]: Drop leg debug: len=80 expected=84
[cmd_vel_chassis_serial.py-1] [WARN] [1784052811.251892286] [cmd_vel_chassis_serial]: Drop leg debug: len=80 expected=84
[cmd_vel_chassis_serial.py-1] [WARN] [1784052811.263606793] [cmd_vel_chassis_serial]: Drop leg debug: len=80 expected=84
[cmd_vel_chassis_serial.py-1] [WARN] [1784052811.268578158] [cmd_vel_chassis_serial]: Drop leg debug: len=80 expected=84
[cmd_vel_chassis_serial.py-1] [WARN] [1784052811.273530983] [cmd_vel_chassis_serial]: Drop leg debug: len=80 expected=84
[cmd_vel_chassis_serial.py-1] [WARN] [1784052811.310898262] [cmd_vel_chassis_serial]: Drop leg debug: len=80 expected=84
[cmd_vel_chassis_serial.py-1] [WARN] [1784052811.334386738] [cmd_vel_chassis_serial]: Drop leg debug: len=80 expected=84
[cmd_vel_chassis_serial.py-1] [WARN] [1784052811.343345825] [cmd_vel_chassis_serial]: Drop leg debug: len=80 expected=84
[cmd_vel_chassis_serial.py-1] [WARN] [1784052811.384973005] [cmd_vel_chassis_serial]: Drop leg debug: len=80 expected=84
[cmd_vel_chassis_serial.py-1] [WARN] [1784052811.413151282] [cmd_vel_chassis_serial]: Drop leg debug: len=80 expected=84
[cmd_vel_chassis_serial.py-1] [WARN] [1784052811.472532605] [cmd_vel_chassis_serial]: Drop leg debug: len=80 expected=84
[cmd_vel_chassis_serial.py-1] [WARN] [1784052811.488004007] [cmd_vel_chassis_serial]: Drop leg debug: len=80 expected=84
[cmd_vel_chassis_serial.py-1] [WARN] [1784052811.509921388] [cmd_vel_chassis_serial]: Drop leg debug: len=80 expected=84
[cmd_vel_chassis_serial.py-1] [WARN] [1784052811.523354606] [cmd_vel_chassis_serial]: Drop leg debug: len=80 expected=84
[cmd_vel_chassis_serial.py-1] [WARN] [1784052811.529004302] [cmd_vel_chassis_serial]: Drop leg debug: len=80 expected=84
[cmd_vel_chassis_serial.py-1] [WARN] [1784052811.536373801] [cmd_vel_chassis_serial]: Drop leg debug: len=80 expected=84
[cmd_vel_chassis_serial.py-1] [WARN] [1784052811.551917530] [cmd_vel_chassis_serial]: Drop leg debug: len=80 expected=84
[cmd_vel_chassis_serial.py-1] [WARN] [1784052811.569168786] [cmd_vel_chassis_serial]: Drop leg debug: len=80 expected=84
[cmd_vel_chassis_serial.py-1] [WARN] [1784052811.585070425] [cmd_vel_chassis_serial]: Drop leg debug: len=80 expected=84
[cmd_vel_chassis_serial.py-1] [WARN] [1784052811.596388789] [cmd_vel_chassis_serial]: Drop leg debug: len=80 expected=84
[cmd_vel_chassis_serial.py-1] [WARN] [1784052811.612047841] [cmd_vel_chassis_serial]: Drop leg debug: len=80 expected=84
[cmd_vel_chassis_serial.py-1] [WARN] [1784052811.633099338] [cmd_vel_chassis_serial]: Drop leg debug: len=80 expected=84
[cmd_vel_chassis_serial.py-1] [WARN] [1784052811.709190641] [cmd_vel_chassis_serial]: Drop leg debug: len=80 expected=84
[cmd_vel_chassis_serial.py-1] [WARN] [1784052811.729154223] [cmd_vel_chassis_serial]: Drop leg debug: len=80 expected=84
[cmd_vel_chassis_serial.py-1] [WARN] [1784052811.749154203] [cmd_vel_chassis_serial]: Drop leg debug: len=80 expected=84
[cmd_vel_chassis_serial.py-1] [WARN] [1784052811.761201623] [cmd_vel_chassis_serial]: Drop leg debug: len=80 expected=84
[cmd_vel_chassis_serial.py-1] [WARN] [1784052811.782544392] [cmd_vel_chassis_serial]: Drop leg debug: len=80 expected=84
[cmd_vel_chassis_serial.py-1] [WARN] [1784052811.796341605] [cmd_vel_chassis_serial]: Drop leg debug: len=80 expected=84
[cmd_vel_chassis_serial.py-1] [WARN] [1784052811.881315145] [cmd_vel_chassis_serial]: Drop leg debug: len=80 expected=84
[cmd_vel_chassis_serial.py-1] [WARN] [1784052811.891826595] [cmd_vel_chassis_serial]: Drop leg debug: len=80 expected=84
[cmd_vel_chassis_serial.py-1] [WARN] [1784052811.913569826] [cmd_vel_chassis_serial]: Drop leg debug: len=80 expected=84
[cmd_vel_chassis_serial.py-1] [WARN] [1784052811.941309840] [cmd_vel_chassis_serial]: Drop leg debug: len=80 expected=84
[cmd_vel_chassis_serial.py-1] [WARN] [1784052811.957068926] [cmd_vel_chassis_serial]: Drop leg debug: len=80 expected=84
[cmd_vel_chassis_serial.py-1] [WARN] [1784052811.974577697] [cmd_vel_chassis_serial]: Drop leg debug: len=80 expected=84
[cmd_vel_chassis_serial.py-1] [WARN] [1784052812.060060502] [cmd_vel_chassis_serial]: Drop leg debug: len=80 expected=84
[cmd_vel_chassis_serial.py-1] [WARN] [1784052812.071104130] [cmd_vel_chassis_serial]: Drop leg debug: len=80 expected=84
[cmd_vel_chassis_serial.py-1] [WARN] [1784052812.087264026] [cmd_vel_chassis_serial]: Drop leg debug: len=80 expected=84
[cmd_vel_chassis_serial.py-1] Failed to publish log message to rosout: publisher's context is invalid, at ./src/rcl/publisher.c:423
[cmd_vel_chassis_serial.py-1] Traceback (most recent call last):
[cmd_vel_chassis_serial.py-1]   File "/home/gsing/2026Gsing/2026_Gsing-second_ROS/nav2_ws1/install/dog_nav2_bringup/lib/dog_nav2_bringup/cmd_vel_chassis_serial.py", line 868, in <module>
[cmd_vel_chassis_serial.py-1]     main()
[cmd_vel_chassis_serial.py-1]   File "/home/gsing/2026Gsing/2026_Gsing-second_ROS/nav2_ws1/install/dog_nav2_bringup/lib/dog_nav2_bringup/cmd_vel_chassis_serial.py", line 858, in main
[cmd_vel_chassis_serial.py-1]     rclpy.spin(node)
[cmd_vel_chassis_serial.py-1]   File "/opt/ros/jazzy/lib/python3.12/site-packages/rclpy/__init__.py", line 247, in spin
[cmd_vel_chassis_serial.py-1]     executor.spin_once()
[cmd_vel_chassis_serial.py-1]   File "/opt/ros/jazzy/lib/python3.12/site-packages/rclpy/executors.py", line 926, in spin_once
[cmd_vel_chassis_serial.py-1]     self._spin_once_impl(timeout_sec)
[cmd_vel_chassis_serial.py-1]   File "/opt/ros/jazzy/lib/python3.12/site-packages/rclpy/executors.py", line 907, in _spin_once_impl
[cmd_vel_chassis_serial.py-1]     handler, entity, node = self.wait_for_ready_callbacks(
[cmd_vel_chassis_serial.py-1]                             ^^^^^^^^^^^^^^^^^^^^^^^^^^^^^^
[cmd_vel_chassis_serial.py-1]   File "/opt/ros/jazzy/lib/python3.12/site-packages/rclpy/executors.py", line 877, in wait_for_ready_callbacks
[cmd_vel_chassis_serial.py-1]     return next(self._cb_iter)
[cmd_vel_chassis_serial.py-1]            ^^^^^^^^^^^^^^^^^^^
[cmd_vel_chassis_serial.py-1]   File "/opt/ros/jazzy/lib/python3.12/site-packages/rclpy/executors.py", line 785, in _wait_for_ready_callbacks
[cmd_vel_chassis_serial.py-1]     raise ExternalShutdownException()
[cmd_vel_chassis_serial.py-1] rclpy.executors.ExternalShutdownException
[ERROR] [cmd_vel_chassis_serial.py-1]: process has died [pid 7269, exit code 1, cmd '/home/gsing/2026Gsing/2026_Gsing-second_ROS/nav2_ws1/install/dog_nav2_bringup/lib/dog_nav2_bringup/cmd_vel_chassis_serial.py --ros-args -r __node:=cmd_vel_chassis_serial --params-file /tmp/launch_params_jxs34v6t --params-file /tmp/launch_params_z_ncfqt0 --params-file /tmp/launch_params_de0ctlpl --params-file /tmp/launch_params_8rgcbk3d --params-file /tmp/launch_params_zhk4x0wo --params-file /tmp/launch_params_cbf344jl --params-file /tmp/launch_params_y7idw9rl --params-file /tmp/launch_params_zjjv6o85'].
