[INFO] [launch]: All log files can be found below /home/gsing/2026Gsing/2026_Gsing-second_ROS/logs/ros/2026-07-15-00-31-00-315217-gsing-6483
[INFO] [launch]: Default logging verbosity is set to INFO
[INFO] [cmd_vel_chassis_serial.py-1]: process started with pid [6631]
[cmd_vel_chassis_serial.py-1] [INFO] [1784046666.943022603] [cmd_vel_chassis_serial]: Leg debug CSV logging enabled: /home/gsing/2026Gsing/2026_Gsing-second_ROS/logs/serial/2026-07-15_003049_leg.csv
[cmd_vel_chassis_serial.py-1] [INFO] [1784046666.985152090] [cmd_vel_chassis_serial]: Opened /dev/ttyACM0 @ 115200, cmd_vel=/cmd_vel, send=50.0Hz
[cmd_vel_chassis_serial.py-1] [INFO] [1784046667.117167482] [cmd_vel_chassis_serial]: Publishing STM32 arm events on /vision/arm_event
[cmd_vel_chassis_serial.py-1] [INFO] [1784046667.163079949] [cmd_vel_chassis_serial]: [LEG_DEBUG] | L0 ST ty/ay=25.0/25.3 ey=-0.3 Fy=+34 rel=0.00 sag=0.00 tauK=-0.9
[cmd_vel_chassis_serial.py-1] [INFO] [1784046667.196127529] [cmd_vel_chassis_serial]: send source=stop vx=0.000 wz=0.000
[cmd_vel_chassis_serial.py-1] [ERROR] [1784046667.580568623] [cmd_vel_chassis_serial]: Serial write failed: Write timeout
[cmd_vel_chassis_serial.py-1] [INFO] [1784046667.706731449] [cmd_vel_chassis_serial]: [LEG_DEBUG] vx=+0.00 wz=+0.00 stride=3.00 lift=2.45 roll=+0.0 pitch=+0.0 comp=0.00 att=1/0/0 mode=3 proj=0 raw=+0.0/+0.0 zero=+0.0/+0.0 | L0 ST ty/ay=25.0/25.3 ey=-0.3 Fy=+34 rel=0.00 sag=0.00 tauK=-0.9 ; L1 ST ty/ay=25.0/25.4 ey=-0.4 Fy=+36 rel=0.00 sag=0.00 tauK=+1.0 ; L2 ST ty/ay=25.0/25.2 ey=-0.2 Fy=+40 rel=0.00 sag=0.00 tauK=-1.1 ; L3 ST ty/ay=25.0/25.4 ey=-0.4 Fy=+37 rel=0.00 sag=0.00 tauK=+1.0
[cmd_vel_chassis_serial.py-1] [ERROR] [1784046667.759806172] [cmd_vel_chassis_serial]: Serial write failed: Write timeout
[cmd_vel_chassis_serial.py-1] [ERROR] [1784046667.924400120] [cmd_vel_chassis_serial]: Serial write failed: Write timeout
[cmd_vel_chassis_serial.py-1] [ERROR] [1784046668.056403954] [cmd_vel_chassis_serial]: Serial write failed: Write timeout
[cmd_vel_chassis_serial.py-1] [INFO] [1784046668.234627792] [cmd_vel_chassis_serial]: [LEG_DEBUG] vx=+0.00 wz=+0.00 stride=3.00 lift=2.45 roll=+0.0 pitch=+0.0 comp=0.00 att=1/0/0 mode=3 proj=0 raw=+0.0/+0.0 zero=+0.0/+0.0 | L0 ST ty/ay=25.0/25.3 ey=-0.3 Fy=+34 rel=0.00 sag=0.00 tauK=-0.9 ; L1 ST ty/ay=25.0/25.4 ey=-0.4 Fy=+36 rel=0.00 sag=0.00 tauK=+1.0 ; L2 ST ty/ay=25.0/25.2 ey=-0.2 Fy=+40 rel=0.00 sag=0.00 tauK=-1.1 ; L3 ST ty/ay=25.0/25.4 ey=-0.4 Fy=+37 rel=0.00 sag=0.00 tauK=+1.0
[cmd_vel_chassis_serial.py-1] [ERROR] [1784046668.329580758] [cmd_vel_chassis_serial]: Serial write failed: Write timeout
[cmd_vel_chassis_serial.py-1] [INFO] [1784046668.727338485] [cmd_vel_chassis_serial]: [LEG_DEBUG] vx=+0.00 wz=+0.00 stride=3.00 lift=2.45 roll=+0.0 pitch=+0.0 comp=0.00 att=1/0/0 mode=3 proj=0 raw=+0.0/+0.0 zero=+0.0/+0.0 | L0 ST ty/ay=25.0/25.3 ey=-0.3 Fy=+34 rel=0.00 sag=0.00 tauK=-0.9 ; L1 ST ty/ay=25.0/25.4 ey=-0.4 Fy=+36 rel=0.00 sag=0.00 tauK=+1.0 ; L2 ST ty/ay=25.0/25.2 ey=-0.2 Fy=+40 rel=0.00 sag=0.00 tauK=-1.1 ; L3 ST ty/ay=25.0/25.4 ey=-0.4 Fy=+37 rel=0.00 sag=0.00 tauK=+1.0
[cmd_vel_chassis_serial.py-1] [ERROR] [1784046668.997080500] [cmd_vel_chassis_serial]: Serial write failed: Write timeout
[cmd_vel_chassis_serial.py-1] [INFO] [1784046669.218348409] [cmd_vel_chassis_serial]: [LEG_DEBUG] vx=+0.00 wz=+0.00 stride=3.00 lift=2.45 roll=+0.0 pitch=+0.0 comp=0.00 att=1/0/0 mode=3 proj=0 raw=+0.0/+0.0 zero=+0.0/+0.0 | L0 ST ty/ay=25.0/25.3 ey=-0.3 Fy=+34 rel=0.00 sag=0.00 tauK=-0.9 ; L1 ST ty/ay=25.0/25.4 ey=-0.4 Fy=+36 rel=0.00 sag=0.00 tauK=+1.0 ; L2 ST ty/ay=25.0/25.2 ey=-0.2 Fy=+40 rel=0.00 sag=0.00 tauK=-1.1 ; L3 ST ty/ay=25.0/25.4 ey=-0.4 Fy=+37 rel=0.00 sag=0.00 tauK=+1.0
[cmd_vel_chassis_serial.py-1] [INFO] [1784046669.875086761] [cmd_vel_chassis_serial]: [LEG_DEBUG] vx=+0.00 wz=+0.00 stride=3.00 lift=2.45 roll=+0.0 pitch=+0.0 comp=0.00 att=1/0/0 mode=3 proj=0 raw=+0.0/+0.0 zero=+0.0/+0.0 | L0 ST ty/ay=25.0/25.3 ey=-0.3 Fy=+33 rel=0.00 sag=0.00 tauK=-0.9 ; L1 ST ty/ay=25.0/25.4 ey=-0.4 Fy=+37 rel=0.00 sag=0.00 tauK=+1.0 ; L2 ST ty/ay=25.0/25.2 ey=-0.2 Fy=+40 rel=0.00 sag=0.00 tauK=-1.1 ; L3 ST ty/ay=25.0/25.4 ey=-0.4 Fy=+37 rel=0.00 sag=0.00 tauK=+1.0
[cmd_vel_chassis_serial.py-1] [INFO] [1784046670.248418188] [cmd_vel_chassis_serial]: [LEG_DEBUG] vx=+0.00 wz=+0.00 stride=3.00 lift=2.45 roll=+0.0 pitch=+0.0 comp=0.00 att=1/0/0 mode=3 proj=0 raw=+0.0/+0.0 zero=+0.0/+0.0 | L0 ST ty/ay=25.0/25.3 ey=-0.3 Fy=+34 rel=0.00 sag=0.00 tauK=-0.9 ; L1 ST ty/ay=25.0/25.4 ey=-0.4 Fy=+36 rel=0.00 sag=0.00 tauK=+1.0 ; L2 ST ty/ay=25.0/25.2 ey=-0.2 Fy=+41 rel=0.00 sag=0.00 tauK=-1.1 ; L3 ST ty/ay=25.0/25.4 ey=-0.4 Fy=+37 rel=0.00 sag=0.00 tauK=+1.0
[cmd_vel_chassis_serial.py-1] [INFO] [1784046670.759202954] [cmd_vel_chassis_serial]: [LEG_DEBUG] vx=+0.00 wz=+0.00 stride=3.00 lift=2.45 roll=+0.0 pitch=+0.0 comp=0.00 att=1/0/0 mode=3 proj=0 raw=+0.0/+0.0 zero=+0.0/+0.0 | L0 ST ty/ay=25.0/25.3 ey=-0.3 Fy=+34 rel=0.00 sag=0.00 tauK=-0.9 ; L1 ST ty/ay=25.0/25.4 ey=-0.4 Fy=+36 rel=0.00 sag=0.00 tauK=+1.0 ; L2 ST ty/ay=25.0/25.2 ey=-0.2 Fy=+40 rel=0.00 sag=0.00 tauK=-1.1 ; L3 ST ty/ay=25.0/25.4 ey=-0.4 Fy=+37 rel=0.00 sag=0.00 tauK=+1.0
[cmd_vel_chassis_serial.py-1] [ERROR] [1784046671.014729139] [cmd_vel_chassis_serial]: Serial write failed: Write timeout
[cmd_vel_chassis_serial.py-1] [INFO] [1784046671.305615621] [cmd_vel_chassis_serial]: [LEG_DEBUG] vx=+0.00 wz=+0.00 stride=3.00 lift=2.45 roll=+0.0 pitch=+0.0 comp=0.00 att=1/0/0 mode=3 proj=0 raw=+0.0/+0.0 zero=+0.0/+0.0 | L0 ST ty/ay=25.0/25.3 ey=-0.3 Fy=+34 rel=0.00 sag=0.00 tauK=-0.9 ; L1 ST ty/ay=25.0/25.4 ey=-0.4 Fy=+36 rel=0.00 sag=0.00 tauK=+1.0 ; L2 ST ty/ay=25.0/25.2 ey=-0.2 Fy=+40 rel=0.00 sag=0.00 tauK=-1.1 ; L3 ST ty/ay=25.0/25.4 ey=-0.4 Fy=+38 rel=0.00 sag=0.00 tauK=+1.0
[cmd_vel_chassis_serial.py-1] [ERROR] [1784046671.366789042] [cmd_vel_chassis_serial]: Serial write failed: Write timeout
[cmd_vel_chassis_serial.py-1] [INFO] [1784046671.787865669] [cmd_vel_chassis_serial]: [LEG_DEBUG] vx=+0.00 wz=+0.00 stride=3.00 lift=2.45 roll=+0.0 pitch=+0.0 comp=0.00 att=1/0/0 mode=3 proj=0 raw=+0.0/+0.0 zero=+0.0/+0.0 | L0 ST ty/ay=25.0/25.3 ey=-0.3 Fy=+33 rel=0.00 sag=0.00 tauK=-0.9 ; L1 ST ty/ay=25.0/25.4 ey=-0.4 Fy=+36 rel=0.00 sag=0.00 tauK=+1.0 ; L2 ST ty/ay=25.0/25.2 ey=-0.2 Fy=+40 rel=0.00 sag=0.00 tauK=-1.1 ; L3 ST ty/ay=25.0/25.4 ey=-0.4 Fy=+37 rel=0.00 sag=0.00 tauK=+1.0
[cmd_vel_chassis_serial.py-1] [ERROR] [1784046672.067418837] [cmd_vel_chassis_serial]: Serial write failed: Write timeout
[cmd_vel_chassis_serial.py-1] [ERROR] [1784046672.143831341] [cmd_vel_chassis_serial]: Serial write failed: Write timeout
[cmd_vel_chassis_serial.py-1] [ERROR] [1784046672.267828215] [cmd_vel_chassis_serial]: Serial write failed: Write timeout
[cmd_vel_chassis_serial.py-1] [INFO] [1784046672.334054979] [cmd_vel_chassis_serial]: [LEG_DEBUG] vx=+0.00 wz=+0.00 stride=3.00 lift=2.45 roll=+0.0 pitch=+0.0 comp=0.00 att=1/0/0 mode=3 proj=0 raw=+0.0/+0.0 zero=+0.0/+0.0 | L0 ST ty/ay=25.0/25.3 ey=-0.3 Fy=+34 rel=0.00 sag=0.00 tauK=-0.9 ; L1 ST ty/ay=25.0/25.4 ey=-0.4 Fy=+36 rel=0.00 sag=0.00 tauK=+1.0 ; L2 ST ty/ay=25.0/25.2 ey=-0.2 Fy=+40 rel=0.00 sag=0.00 tauK=-1.1 ; L3 ST ty/ay=25.0/25.4 ey=-0.4 Fy=+37 rel=0.00 sag=0.00 tauK=+1.0
[cmd_vel_chassis_serial.py-1] [ERROR] [1784046672.383610357] [cmd_vel_chassis_serial]: Serial write failed: Write timeout
[cmd_vel_chassis_serial.py-1] [INFO] [1784046672.820835679] [cmd_vel_chassis_serial]: [LEG_DEBUG] vx=+0.00 wz=+0.00 stride=3.00 lift=2.45 roll=+0.0 pitch=+0.0 comp=0.00 att=1/0/0 mode=3 proj=0 raw=+0.0/+0.0 zero=+0.0/+0.0 | L0 ST ty/ay=25.0/25.3 ey=-0.3 Fy=+33 rel=0.00 sag=0.00 tauK=-0.9 ; L1 ST ty/ay=25.0/25.4 ey=-0.4 Fy=+36 rel=0.00 sag=0.00 tauK=+1.0 ; L2 ST ty/ay=25.0/25.2 ey=-0.2 Fy=+40 rel=0.00 sag=0.00 tauK=-1.1 ; L3 ST ty/ay=25.0/25.4 ey=-0.4 Fy=+37 rel=0.00 sag=0.00 tauK=+1.0
[cmd_vel_chassis_serial.py-1] [ERROR] [1784046673.191875491] [cmd_vel_chassis_serial]: Serial write failed: Write timeout
[cmd_vel_chassis_serial.py-1] [INFO] [1784046673.336131809] [cmd_vel_chassis_serial]: [LEG_DEBUG] vx=+0.00 wz=+0.00 stride=3.00 lift=2.45 roll=+0.0 pitch=+0.0 comp=0.00 att=1/0/0 mode=3 proj=0 raw=+0.0/+0.0 zero=+0.0/+0.0 | L0 ST ty/ay=25.0/25.3 ey=-0.3 Fy=+34 rel=0.00 sag=0.00 tauK=-0.9 ; L1 ST ty/ay=25.0/25.4 ey=-0.4 Fy=+36 rel=0.00 sag=0.00 tauK=+1.0 ; L2 ST ty/ay=25.0/25.2 ey=-0.2 Fy=+40 rel=0.00 sag=0.00 tauK=-1.1 ; L3 ST ty/ay=25.0/25.4 ey=-0.4 Fy=+37 rel=0.00 sag=0.00 tauK=+1.0
[cmd_vel_chassis_serial.py-1] [INFO] [1784046673.840094841] [cmd_vel_chassis_serial]: [LEG_DEBUG] vx=+0.00 wz=+0.00 stride=3.00 lift=2.45 roll=+0.0 pitch=+0.0 comp=0.00 att=1/0/0 mode=3 proj=0 raw=+0.0/+0.0 zero=+0.0/+0.0 | L0 ST ty/ay=25.0/25.3 ey=-0.3 Fy=+34 rel=0.00 sag=0.00 tauK=-0.9 ; L1 ST ty/ay=25.0/25.4 ey=-0.4 Fy=+37 rel=0.00 sag=0.00 tauK=+1.0 ; L2 ST ty/ay=25.0/25.2 ey=-0.2 Fy=+40 rel=0.00 sag=0.00 tauK=-1.1 ; L3 ST ty/ay=25.0/25.4 ey=-0.4 Fy=+37 rel=0.00 sag=0.00 tauK=+1.0
[cmd_vel_chassis_serial.py-1] [ERROR] [1784046674.097727371] [cmd_vel_chassis_serial]: Serial write failed: Write timeout
[cmd_vel_chassis_serial.py-1] [INFO] [1784046674.367845456] [cmd_vel_chassis_serial]: [LEG_DEBUG] vx=+0.00 wz=+0.00 stride=3.00 lift=2.45 roll=+0.0 pitch=+0.0 comp=0.00 att=1/0/0 mode=3 proj=0 raw=+0.0/+0.0 zero=+0.0/+0.0 | L0 ST ty/ay=25.0/25.3 ey=-0.3 Fy=+34 rel=0.00 sag=0.00 tauK=-0.9 ; L1 ST ty/ay=25.0/25.4 ey=-0.4 Fy=+36 rel=0.00 sag=0.00 tauK=+1.0 ; L2 ST ty/ay=25.0/25.2 ey=-0.2 Fy=+40 rel=0.00 sag=0.00 tauK=-1.1 ; L3 ST ty/ay=25.0/25.4 ey=-0.4 Fy=+37 rel=0.00 sag=0.00 tauK=+1.0
[cmd_vel_chassis_serial.py-1] [INFO] [1784046674.896536785] [cmd_vel_chassis_serial]: [LEG_DEBUG] vx=+0.00 wz=+0.00 stride=3.00 lift=2.45 roll=+0.0 pitch=+0.0 comp=0.00 att=1/0/0 mode=3 proj=0 raw=+0.0/+0.0 zero=+0.0/+0.0 | L0 ST ty/ay=25.0/25.3 ey=-0.3 Fy=+34 rel=0.00 sag=0.00 tauK=-0.9 ; L1 ST ty/ay=25.0/25.4 ey=-0.4 Fy=+36 rel=0.00 sag=0.00 tauK=+1.0 ; L2 ST ty/ay=25.0/25.2 ey=-0.2 Fy=+40 rel=0.00 sag=0.00 tauK=-1.1 ; L3 ST ty/ay=25.0/25.4 ey=-0.4 Fy=+37 rel=0.00 sag=0.00 tauK=+1.0
[cmd_vel_chassis_serial.py-1] [INFO] [1784046675.446203658] [cmd_vel_chassis_serial]: [LEG_DEBUG] vx=+0.00 wz=+0.00 stride=3.00 lift=2.45 roll=+0.0 pitch=+0.0 comp=0.00 att=1/0/0 mode=3 proj=0 raw=+0.0/+0.0 zero=+0.0/+0.0 | L0 ST ty/ay=25.0/25.3 ey=-0.3 Fy=+34 rel=0.00 sag=0.00 tauK=-0.9 ; L1 ST ty/ay=25.0/25.4 ey=-0.4 Fy=+36 rel=0.00 sag=0.00 tauK=+1.0 ; L2 ST ty/ay=25.0/25.2 ey=-0.2 Fy=+40 rel=0.00 sag=0.00 tauK=-1.1 ; L3 ST ty/ay=25.0/25.4 ey=-0.4 Fy=+37 rel=0.00 sag=0.00 tauK=+1.0
[cmd_vel_chassis_serial.py-1] [INFO] [1784046675.919513890] [cmd_vel_chassis_serial]: [LEG_DEBUG] vx=+0.00 wz=+0.00 stride=3.00 lift=2.45 roll=+0.0 pitch=+0.0 comp=0.00 att=1/0/0 mode=3 proj=0 raw=+0.0/+0.0 zero=+0.0/+0.0 | L0 ST ty/ay=25.0/25.3 ey=-0.3 Fy=+34 rel=0.00 sag=0.00 tauK=-0.9 ; L1 ST ty/ay=25.0/25.4 ey=-0.4 Fy=+36 rel=0.00 sag=0.00 tauK=+1.0 ; L2 ST ty/ay=25.0/25.2 ey=-0.2 Fy=+40 rel=0.00 sag=0.00 tauK=-1.1 ; L3 ST ty/ay=25.0/25.4 ey=-0.4 Fy=+37 rel=0.00 sag=0.00 tauK=+1.0
[cmd_vel_chassis_serial.py-1] [INFO] [1784046676.429883658] [cmd_vel_chassis_serial]: [LEG_DEBUG] vx=+0.00 wz=+0.00 stride=3.00 lift=2.45 roll=+0.0 pitch=+0.0 comp=0.00 att=1/0/0 mode=3 proj=0 raw=+0.0/+0.0 zero=+0.0/+0.0 | L0 ST ty/ay=25.0/25.3 ey=-0.3 Fy=+34 rel=0.00 sag=0.00 tauK=-0.9 ; L1 ST ty/ay=25.0/25.4 ey=-0.4 Fy=+36 rel=0.00 sag=0.00 tauK=+1.0 ; L2 ST ty/ay=25.0/25.2 ey=-0.2 Fy=+40 rel=0.00 sag=0.00 tauK=-1.1 ; L3 ST ty/ay=25.0/25.4 ey=-0.4 Fy=+37 rel=0.00 sag=0.00 tauK=+1.0
[cmd_vel_chassis_serial.py-1] [INFO] [1784046676.992126582] [cmd_vel_chassis_serial]: [LEG_DEBUG] vx=+0.00 wz=+0.00 stride=3.00 lift=2.45 roll=+0.0 pitch=+0.0 comp=0.00 att=1/0/0 mode=3 proj=0 raw=+0.0/+0.0 zero=+0.0/+0.0 | L0 ST ty/ay=25.0/25.3 ey=-0.3 Fy=+33 rel=0.00 sag=0.00 tauK=-0.9 ; L1 ST ty/ay=25.0/25.4 ey=-0.4 Fy=+36 rel=0.00 sag=0.00 tauK=+1.0 ; L2 ST ty/ay=25.0/25.2 ey=-0.2 Fy=+40 rel=0.00 sag=0.00 tauK=-1.1 ; L3 ST ty/ay=25.0/25.4 ey=-0.4 Fy=+37 rel=0.00 sag=0.00 tauK=+1.0
[cmd_vel_chassis_serial.py-1] [INFO] [1784046677.488089240] [cmd_vel_chassis_serial]: [LEG_DEBUG] vx=+0.00 wz=+0.00 stride=3.00 lift=2.45 roll=+0.0 pitch=+0.0 comp=0.00 att=1/0/0 mode=3 proj=0 raw=+0.0/+0.0 zero=+0.0/+0.0 | L0 ST ty/ay=25.0/25.3 ey=-0.3 Fy=+34 rel=0.00 sag=0.00 tauK=-0.9 ; L1 ST ty/ay=25.0/25.4 ey=-0.4 Fy=+36 rel=0.00 sag=0.00 tauK=+1.0 ; L2 ST ty/ay=25.0/25.2 ey=-0.2 Fy=+40 rel=0.00 sag=0.00 tauK=-1.1 ; L3 ST ty/ay=25.0/25.4 ey=-0.4 Fy=+37 rel=0.00 sag=0.00 tauK=+1.0
[cmd_vel_chassis_serial.py-1] [INFO] [1784046677.996227644] [cmd_vel_chassis_serial]: [LEG_DEBUG] vx=+0.00 wz=+0.00 stride=3.00 lift=2.45 roll=+0.0 pitch=+0.0 comp=0.00 att=1/0/0 mode=3 proj=0 raw=+0.0/+0.0 zero=+0.0/+0.0 | L0 ST ty/ay=25.0/25.3 ey=-0.3 Fy=+33 rel=0.00 sag=0.00 tauK=-0.9 ; L1 ST ty/ay=25.0/25.4 ey=-0.4 Fy=+36 rel=0.00 sag=0.00 tauK=+1.0 ; L2 ST ty/ay=25.0/25.2 ey=-0.2 Fy=+40 rel=0.00 sag=0.00 tauK=-1.1 ; L3 ST ty/ay=25.0/25.4 ey=-0.4 Fy=+37 rel=0.00 sag=0.00 tauK=+1.0
[cmd_vel_chassis_serial.py-1] [INFO] [1784046678.501175040] [cmd_vel_chassis_serial]: [LEG_DEBUG] vx=+0.00 wz=+0.00 stride=3.00 lift=2.45 roll=+0.0 pitch=+0.0 comp=0.00 att=1/0/0 mode=3 proj=0 raw=+0.0/+0.0 zero=+0.0/+0.0 | L0 ST ty/ay=25.0/25.3 ey=-0.3 Fy=+34 rel=0.00 sag=0.00 tauK=-0.9 ; L1 ST ty/ay=25.0/25.4 ey=-0.4 Fy=+37 rel=0.00 sag=0.00 tauK=+1.0 ; L2 ST ty/ay=25.0/25.2 ey=-0.2 Fy=+40 rel=0.00 sag=0.00 tauK=-1.1 ; L3 ST ty/ay=25.0/25.4 ey=-0.4 Fy=+37 rel=0.00 sag=0.00 tauK=+1.0
[cmd_vel_chassis_serial.py-1] [INFO] [1784046679.026945926] [cmd_vel_chassis_serial]: [LEG_DEBUG] vx=+0.00 wz=+0.00 stride=3.00 lift=2.45 roll=+0.0 pitch=+0.0 comp=0.00 att=1/0/0 mode=3 proj=0 raw=+0.0/+0.0 zero=+0.0/+0.0 | L0 ST ty/ay=25.0/25.3 ey=-0.3 Fy=+34 rel=0.00 sag=0.00 tauK=-0.9 ; L1 ST ty/ay=25.0/25.4 ey=-0.4 Fy=+36 rel=0.00 sag=0.00 tauK=+1.0 ; L2 ST ty/ay=25.0/25.2 ey=-0.2 Fy=+40 rel=0.00 sag=0.00 tauK=-1.1 ; L3 ST ty/ay=25.0/25.4 ey=-0.4 Fy=+37 rel=0.00 sag=0.00 tauK=+1.0
[cmd_vel_chassis_serial.py-1] [INFO] [1784046679.523435941] [cmd_vel_chassis_serial]: [LEG_DEBUG] vx=+0.00 wz=+0.00 stride=3.00 lift=2.45 roll=+0.0 pitch=+0.0 comp=0.00 att=1/0/0 mode=3 proj=0 raw=+0.0/+0.0 zero=+0.0/+0.0 | L0 ST ty/ay=25.0/25.3 ey=-0.3 Fy=+34 rel=0.00 sag=0.00 tauK=-0.9 ; L1 ST ty/ay=25.0/25.4 ey=-0.4 Fy=+36 rel=0.00 sag=0.00 tauK=+1.0 ; L2 ST ty/ay=25.0/25.2 ey=-0.2 Fy=+40 rel=0.00 sag=0.00 tauK=-1.1 ; L3 ST ty/ay=25.0/25.4 ey=-0.4 Fy=+37 rel=0.00 sag=0.00 tauK=+1.0
[cmd_vel_chassis_serial.py-1] [INFO] [1784046680.021373256] [cmd_vel_chassis_serial]: [LEG_DEBUG] vx=+0.00 wz=+0.00 stride=3.00 lift=2.45 roll=+0.0 pitch=+0.0 comp=0.00 att=1/0/0 mode=3 proj=0 raw=+0.0/+0.0 zero=+0.0/+0.0 | L0 ST ty/ay=25.0/25.3 ey=-0.3 Fy=+34 rel=0.00 sag=0.00 tauK=-0.9 ; L1 ST ty/ay=25.0/25.4 ey=-0.4 Fy=+36 rel=0.00 sag=0.00 tauK=+1.0 ; L2 ST ty/ay=25.0/25.2 ey=-0.2 Fy=+40 rel=0.00 sag=0.00 tauK=-1.1 ; L3 ST ty/ay=25.0/25.4 ey=-0.4 Fy=+37 rel=0.00 sag=0.00 tauK=+1.0
[cmd_vel_chassis_serial.py-1] [INFO] [1784046680.534816037] [cmd_vel_chassis_serial]: [LEG_DEBUG] vx=+0.00 wz=+0.00 stride=3.00 lift=2.45 roll=+0.0 pitch=+0.0 comp=0.00 att=1/0/0 mode=3 proj=0 raw=+0.0/+0.0 zero=+0.0/+0.0 | L0 ST ty/ay=25.0/25.3 ey=-0.3 Fy=+34 rel=0.00 sag=0.00 tauK=-0.9 ; L1 ST ty/ay=25.0/25.4 ey=-0.4 Fy=+36 rel=0.00 sag=0.00 tauK=+1.0 ; L2 ST ty/ay=25.0/25.2 ey=-0.2 Fy=+40 rel=0.00 sag=0.00 tauK=-1.1 ; L3 ST ty/ay=25.0/25.4 ey=-0.4 Fy=+37 rel=0.00 sag=0.00 tauK=+1.0
[cmd_vel_chassis_serial.py-1] [ERROR] [1784046680.574190339] [cmd_vel_chassis_serial]: Serial write failed: Write timeout
[cmd_vel_chassis_serial.py-1] [INFO] [1784046681.107779816] [cmd_vel_chassis_serial]: [LEG_DEBUG] vx=+0.00 wz=+0.00 stride=3.00 lift=2.45 roll=+0.0 pitch=+0.0 comp=0.00 att=1/0/0 mode=3 proj=0 raw=+0.0/+0.0 zero=+0.0/+0.0 | L0 ST ty/ay=25.0/25.3 ey=-0.3 Fy=+34 rel=0.00 sag=0.00 tauK=-0.9 ; L1 ST ty/ay=25.0/25.4 ey=-0.4 Fy=+36 rel=0.00 sag=0.00 tauK=+1.0 ; L2 ST ty/ay=25.0/25.2 ey=-0.2 Fy=+40 rel=0.00 sag=0.00 tauK=-1.1 ; L3 ST ty/ay=25.0/25.4 ey=-0.4 Fy=+37 rel=0.00 sag=0.00 tauK=+1.0
[cmd_vel_chassis_serial.py-1] [ERROR] [1784046681.188236019] [cmd_vel_chassis_serial]: Serial write failed: Write timeout
[cmd_vel_chassis_serial.py-1] [ERROR] [1784046681.347881341] [cmd_vel_chassis_serial]: Serial write failed: Write timeout
[cmd_vel_chassis_serial.py-1] [ERROR] [1784046681.540477764] [cmd_vel_chassis_serial]: Serial write failed: Write timeout
[cmd_vel_chassis_serial.py-1] [INFO] [1784046681.596423907] [cmd_vel_chassis_serial]: [LEG_DEBUG] vx=+0.00 wz=+0.00 stride=3.00 lift=2.45 roll=+0.0 pitch=+0.0 comp=0.00 att=1/0/0 mode=3 proj=0 raw=+0.0/+0.0 zero=+0.0/+0.0 | L0 ST ty/ay=25.0/25.3 ey=-0.3 Fy=+34 rel=0.00 sag=0.00 tauK=-0.9 ; L1 ST ty/ay=25.0/25.4 ey=-0.4 Fy=+37 rel=0.00 sag=0.00 tauK=+1.0 ; L2 ST ty/ay=25.0/25.2 ey=-0.2 Fy=+40 rel=0.00 sag=0.00 tauK=-1.1 ; L3 ST ty/ay=25.0/25.4 ey=-0.4 Fy=+37 rel=0.00 sag=0.00 tauK=+1.0
[cmd_vel_chassis_serial.py-1] [INFO] [1784046682.104396574] [cmd_vel_chassis_serial]: [LEG_DEBUG] vx=+0.00 wz=+0.00 stride=3.00 lift=2.45 roll=+0.0 pitch=+0.0 comp=0.00 att=1/0/0 mode=3 proj=0 raw=+0.0/+0.0 zero=+0.0/+0.0 | L0 ST ty/ay=25.0/25.3 ey=-0.3 Fy=+34 rel=0.00 sag=0.00 tauK=-0.9 ; L1 ST ty/ay=25.0/25.4 ey=-0.4 Fy=+36 rel=0.00 sag=0.00 tauK=+1.0 ; L2 ST ty/ay=25.0/25.2 ey=-0.2 Fy=+40 rel=0.00 sag=0.00 tauK=-1.1 ; L3 ST ty/ay=25.0/25.4 ey=-0.4 Fy=+37 rel=0.00 sag=0.00 tauK=+1.0
[cmd_vel_chassis_serial.py-1] [ERROR] [1784046682.643219906] [cmd_vel_chassis_serial]: Serial write failed: Write timeout
[cmd_vel_chassis_serial.py-1] [INFO] [1784046682.691101389] [cmd_vel_chassis_serial]: [LEG_DEBUG] vx=+0.00 wz=+0.00 stride=3.00 lift=2.45 roll=+0.0 pitch=+0.0 comp=0.00 att=1/0/0 mode=3 proj=0 raw=+0.0/+0.0 zero=+0.0/+0.0 | L0 ST ty/ay=25.0/25.3 ey=-0.3 Fy=+34 rel=0.00 sag=0.00 tauK=-0.9 ; L1 ST ty/ay=25.0/25.4 ey=-0.4 Fy=+36 rel=0.00 sag=0.00 tauK=+1.0 ; L2 ST ty/ay=25.0/25.2 ey=-0.2 Fy=+40 rel=0.00 sag=0.00 tauK=-1.1 ; L3 ST ty/ay=25.0/25.4 ey=-0.4 Fy=+37 rel=0.00 sag=0.00 tauK=+1.0
[cmd_vel_chassis_serial.py-1] [ERROR] [1784046682.803024518] [cmd_vel_chassis_serial]: Serial write failed: Write timeout
[cmd_vel_chassis_serial.py-1] [INFO] [1784046683.141289460] [cmd_vel_chassis_serial]: [LEG_DEBUG] vx=+0.00 wz=+0.00 stride=3.00 lift=2.45 roll=+0.0 pitch=+0.0 comp=0.00 att=1/0/0 mode=3 proj=0 raw=+0.0/+0.0 zero=+0.0/+0.0 | L0 ST ty/ay=25.0/25.3 ey=-0.3 Fy=+33 rel=0.00 sag=0.00 tauK=-0.9 ; L1 ST ty/ay=25.0/25.4 ey=-0.4 Fy=+36 rel=0.00 sag=0.00 tauK=+1.0 ; L2 ST ty/ay=25.0/25.2 ey=-0.2 Fy=+40 rel=0.00 sag=0.00 tauK=-1.1 ; L3 ST ty/ay=25.0/25.4 ey=-0.4 Fy=+37 rel=0.00 sag=0.00 tauK=+1.0
[cmd_vel_chassis_serial.py-1] [INFO] [1784046683.704452565] [cmd_vel_chassis_serial]: [LEG_DEBUG] vx=+0.00 wz=+0.00 stride=3.00 lift=2.45 roll=+0.0 pitch=+0.0 comp=0.00 att=1/0/0 mode=3 proj=0 raw=+0.0/+0.0 zero=+0.0/+0.0 | L0 ST ty/ay=25.0/25.3 ey=-0.3 Fy=+33 rel=0.00 sag=0.00 tauK=-0.9 ; L1 ST ty/ay=25.0/25.4 ey=-0.4 Fy=+36 rel=0.00 sag=0.00 tauK=+1.0 ; L2 ST ty/ay=25.0/25.2 ey=-0.2 Fy=+40 rel=0.00 sag=0.00 tauK=-1.1 ; L3 ST ty/ay=25.0/25.4 ey=-0.4 Fy=+37 rel=0.00 sag=0.00 tauK=+1.0
[cmd_vel_chassis_serial.py-1] [INFO] [1784046684.215888063] [cmd_vel_chassis_serial]: [LEG_DEBUG] vx=+0.00 wz=+0.00 stride=3.00 lift=2.45 roll=+0.0 pitch=+0.0 comp=0.00 att=1/0/0 mode=3 proj=0 raw=+0.0/+0.0 zero=+0.0/+0.0 | L0 ST ty/ay=25.0/25.3 ey=-0.3 Fy=+34 rel=0.00 sag=0.00 tauK=-0.9 ; L1 ST ty/ay=25.0/25.4 ey=-0.4 Fy=+36 rel=0.00 sag=0.00 tauK=+1.0 ; L2 ST ty/ay=25.0/25.2 ey=-0.2 Fy=+40 rel=0.00 sag=0.00 tauK=-1.1 ; L3 ST ty/ay=25.0/25.4 ey=-0.4 Fy=+37 rel=0.00 sag=0.00 tauK=+1.0
[cmd_vel_chassis_serial.py-1] [INFO] [1784046684.728552286] [cmd_vel_chassis_serial]: [LEG_DEBUG] vx=+0.00 wz=+0.00 stride=3.00 lift=2.45 roll=+0.0 pitch=+0.0 comp=0.00 att=1/0/0 mode=3 proj=0 raw=+0.0/+0.0 zero=+0.0/+0.0 | L0 ST ty/ay=25.0/25.3 ey=-0.3 Fy=+33 rel=0.00 sag=0.00 tauK=-0.9 ; L1 ST ty/ay=25.0/25.4 ey=-0.4 Fy=+37 rel=0.00 sag=0.00 tauK=+1.0 ; L2 ST ty/ay=25.0/25.2 ey=-0.2 Fy=+40 rel=0.00 sag=0.00 tauK=-1.1 ; L3 ST ty/ay=25.0/25.4 ey=-0.4 Fy=+37 rel=0.00 sag=0.00 tauK=+1.0
[cmd_vel_chassis_serial.py-1] [INFO] [1784046685.233892146] [cmd_vel_chassis_serial]: [LEG_DEBUG] vx=+0.00 wz=+0.00 stride=3.00 lift=2.45 roll=+0.0 pitch=+0.0 comp=0.00 att=1/0/0 mode=3 proj=0 raw=+0.0/+0.0 zero=+0.0/+0.0 | L0 ST ty/ay=25.0/25.3 ey=-0.3 Fy=+33 rel=0.00 sag=0.00 tauK=-0.9 ; L1 ST ty/ay=25.0/25.4 ey=-0.4 Fy=+36 rel=0.00 sag=0.00 tauK=+1.0 ; L2 ST ty/ay=25.0/25.2 ey=-0.2 Fy=+40 rel=0.00 sag=0.00 tauK=-1.1 ; L3 ST ty/ay=25.0/25.4 ey=-0.4 Fy=+37 rel=0.00 sag=0.00 tauK=+1.0
[cmd_vel_chassis_serial.py-1] [INFO] [1784046685.764848518] [cmd_vel_chassis_serial]: [LEG_DEBUG] vx=+0.00 wz=+0.00 stride=3.00 lift=2.45 roll=+0.0 pitch=+0.0 comp=0.00 att=1/0/0 mode=3 proj=0 raw=+0.0/+0.0 zero=+0.0/+0.0 | L0 ST ty/ay=25.0/25.3 ey=-0.3 Fy=+33 rel=0.00 sag=0.00 tauK=-0.9 ; L1 ST ty/ay=25.0/25.4 ey=-0.4 Fy=+36 rel=0.00 sag=0.00 tauK=+1.0 ; L2 ST ty/ay=25.0/25.2 ey=-0.2 Fy=+40 rel=0.00 sag=0.00 tauK=-1.1 ; L3 ST ty/ay=25.0/25.4 ey=-0.4 Fy=+37 rel=0.00 sag=0.00 tauK=+1.0
[cmd_vel_chassis_serial.py-1] [ERROR] [1784046685.799852924] [cmd_vel_chassis_serial]: Serial write failed: Write timeout
[cmd_vel_chassis_serial.py-1] [INFO] [1784046686.231449333] [cmd_vel_chassis_serial]: [LEG_DEBUG] vx=+0.00 wz=+0.00 stride=3.00 lift=2.45 roll=+0.0 pitch=+0.0 comp=0.00 att=1/0/0 mode=3 proj=0 raw=+0.0/+0.0 zero=+0.0/+0.0 | L0 ST ty/ay=25.0/25.3 ey=-0.3 Fy=+34 rel=0.00 sag=0.00 tauK=-0.9 ; L1 ST ty/ay=25.0/25.4 ey=-0.4 Fy=+36 rel=0.00 sag=0.00 tauK=+1.0 ; L2 ST ty/ay=25.0/25.2 ey=-0.2 Fy=+40 rel=0.00 sag=0.00 tauK=-1.1 ; L3 ST ty/ay=25.0/25.4 ey=-0.4 Fy=+37 rel=0.00 sag=0.00 tauK=+1.0
[cmd_vel_chassis_serial.py-1] [ERROR] [1784046686.492309732] [cmd_vel_chassis_serial]: Serial write failed: Write timeout
[cmd_vel_chassis_serial.py-1] [INFO] [1784046686.545842614] [cmd_vel_chassis_serial]: 收到 /cmd_vel: vx=0.100 wz=0.083
[cmd_vel_chassis_serial.py-1] [INFO] [1784046686.592129379] [cmd_vel_chassis_serial]: send source=cmd_vel vx=0.100 wz=0.083
[cmd_vel_chassis_serial.py-1] [INFO] [1784046686.747700875] [cmd_vel_chassis_serial]: [LEG_DEBUG] vx=+0.10 wz=+0.08 stride=2.74 lift=2.33 roll=+0.0 pitch=+0.0 comp=0.00 att=1/0/0 mode=3 proj=0 raw=+0.0/+0.0 zero=+0.0/+0.0 | L0 ST ty/ay=25.0/25.4 ey=-0.4 Fy=+35 rel=0.00 sag=0.00 tauK=-1.0 ; L1 ST ty/ay=25.0/25.4 ey=-0.4 Fy=+37 rel=0.00 sag=0.00 tauK=+1.0 ; L2 ST ty/ay=25.0/25.2 ey=-0.2 Fy=+40 rel=0.00 sag=0.00 tauK=-1.1 ; L3 ST ty/ay=25.0/25.4 ey=-0.4 Fy=+37 rel=0.00 sag=0.00 tauK=+1.0
[cmd_vel_chassis_serial.py-1] [ERROR] [1784046686.819578879] [cmd_vel_chassis_serial]: Serial write failed: Write timeout
[cmd_vel_chassis_serial.py-1] [INFO] [1784046687.354100660] [cmd_vel_chassis_serial]: [LEG_DEBUG] vx=+0.10 wz=+0.08 stride=2.74 lift=2.33 roll=+0.0 pitch=+0.0 comp=0.00 att=1/0/0 mode=3 proj=0 raw=+0.0/+0.0 zero=+0.0/+0.0 | L0 SW ty/ay=24.9/25.2 ey=-0.3 Fy=-3 rel=0.00 sag=0.00 tauK=+0.2 ; L1 SW ty/ay=24.7/25.3 ey=-0.6 Fy=-8 rel=0.00 sag=0.05 tauK=-0.3 ; L2 ST|RES ty/ay=25.0/26.3 ey=-1.3 Fy=+95 rel=0.00 sag=0.75 tauK=-2.5 ; L3 ST ty/ay=25.0/25.4 ey=-0.4 Fy=+96 rel=0.00 sag=0.00 tauK=+2.8
[cmd_vel_chassis_serial.py-1] [ERROR] [1784046687.642626611] [cmd_vel_chassis_serial]: Serial write failed: Write timeout
[cmd_vel_chassis_serial.py-1] [INFO] [1784046687.681483565] [cmd_vel_chassis_serial]: 收到 /cmd_vel: vx=0.100 wz=0.083
[cmd_vel_chassis_serial.py-1] [INFO] [1784046687.759665424] [cmd_vel_chassis_serial]: [LEG_DEBUG] vx=+0.10 wz=+0.08 stride=2.74 lift=2.33 roll=+0.0 pitch=+0.0 comp=0.00 att=1/0/0 mode=3 proj=0 raw=+0.0/+0.0 zero=+0.0/+0.0 | L0 ST ty/ay=25.0/25.0 ey=+0.0 Fy=+49 rel=0.00 sag=0.00 tauK=-1.4 ; L1 ST ty/ay=25.0/25.4 ey=-0.4 Fy=+40 rel=0.00 sag=0.00 tauK=+1.2 ; L2 ST|RES ty/ay=25.0/27.5 ey=-2.5 Fy=-11 rel=1.00 sag=0.78 tauK=+0.8 ; L3 SW ty/ay=25.0/26.4 ey=-1.4 Fy=-28 rel=0.00 sag=0.00 tauK=-1.0
[cmd_vel_chassis_serial.py-1] [INFO] [1784046687.779951354] [cmd_vel_chassis_serial]: send source=cmd_vel vx=0.100 wz=0.083
[cmd_vel_chassis_serial.py-1] [INFO] [1784046688.325128857] [cmd_vel_chassis_serial]: [LEG_DEBUG] vx=+0.10 wz=+0.08 stride=2.74 lift=2.33 roll=+0.0 pitch=+0.0 comp=0.00 att=1/0/0 mode=3 proj=0 raw=+0.0/+0.0 zero=+0.0/+0.0 | L0 ST ty/ay=25.0/25.9 ey=-0.9 Fy=+21 rel=0.00 sag=0.00 tauK=-0.4 ; L1 ST|RES ty/ay=25.0/26.8 ey=-1.8 Fy=+10 rel=0.14 sag=0.75 tauK=+0.0 ; L2 ST ty/ay=25.0/24.5 ey=+0.5 Fy=+49 rel=0.00 sag=0.00 tauK=-1.5 ; L3 ST ty/ay=25.0/24.9 ey=+0.1 Fy=+46 rel=0.00 sag=0.00 tauK=+1.4
[cmd_vel_chassis_serial.py-1] [INFO] [1784046688.716816731] [cmd_vel_chassis_serial]: 收到 /cmd_vel: vx=0.100 wz=0.051
[cmd_vel_chassis_serial.py-1] [INFO] [1784046688.752674694] [cmd_vel_chassis_serial]: send source=cmd_vel vx=0.100 wz=0.051
[cmd_vel_chassis_serial.py-1] [INFO] [1784046688.815590948] [cmd_vel_chassis_serial]: [LEG_DEBUG] vx=+0.10 wz=+0.05 stride=2.74 lift=2.33 roll=+0.0 pitch=+0.0 comp=0.00 att=1/0/0 mode=3 proj=0 raw=+0.0/+0.0 zero=+0.0/+0.0 | L0 ST ty/ay=25.0/25.3 ey=-0.3 Fy=+35 rel=0.00 sag=0.00 tauK=-1.0 ; L1 SW ty/ay=24.4/23.7 ey=+0.7 Fy=+11 rel=0.00 sag=0.00 tauK=+0.3 ; L2 ST|RES ty/ay=25.0/26.8 ey=-1.8 Fy=+76 rel=0.00 sag=0.85 tauK=-1.7 ; L3 ST ty/ay=25.0/25.8 ey=-0.8 Fy=+85 rel=0.00 sag=0.00 tauK=+2.3
[cmd_vel_chassis_serial.py-1] [ERROR] [1784046689.269991186] [cmd_vel_chassis_serial]: Serial write failed: Write timeout
[cmd_vel_chassis_serial.py-1] [INFO] [1784046689.347431632] [cmd_vel_chassis_serial]: [LEG_DEBUG] vx=+0.10 wz=+0.05 stride=2.74 lift=2.33 roll=+0.0 pitch=+0.0 comp=0.00 att=1/0/0 mode=3 proj=0 raw=+0.0/+0.0 zero=+0.0/+0.0 | L0 ST ty/ay=25.0/25.8 ey=-0.8 Fy=+84 rel=0.00 sag=0.00 tauK=-2.2 ; L1 ST|RES ty/ay=25.0/26.7 ey=-1.7 Fy=+81 rel=0.00 sag=0.75 tauK=+2.0 ; L2 SW ty/ay=24.8/23.6 ey=+1.2 Fy=+13 rel=0.00 sag=0.00 tauK=-0.4 ; L3 SW ty/ay=24.9/25.0 ey=-0.1 Fy=+0 rel=0.00 sag=0.00 tauK=+0.0
[cmd_vel_chassis_serial.py-1] [ERROR] [1784046689.352970181] [cmd_vel_chassis_serial]: Serial write failed: Write timeout
[cmd_vel_chassis_serial.py-1] [INFO] [1784046689.706903717] [cmd_vel_chassis_serial]: 收到 /cmd_vel: vx=0.100 wz=0.051
[cmd_vel_chassis_serial.py-1] [INFO] [1784046689.788795878] [cmd_vel_chassis_serial]: send source=cmd_vel vx=0.100 wz=0.051
[cmd_vel_chassis_serial.py-1] [INFO] [1784046689.828454546] [cmd_vel_chassis_serial]: [LEG_DEBUG] vx=+0.10 wz=+0.05 stride=2.74 lift=2.33 roll=+0.0 pitch=+0.0 comp=0.00 att=1/0/0 mode=3 proj=0 raw=+0.0/+0.0 zero=+0.0/+0.0 | L0 SW ty/ay=24.0/23.7 ey=+0.2 Fy=+2 rel=0.00 sag=0.00 tauK=-0.1 ; L1 SW ty/ay=23.7/23.4 ey=+0.3 Fy=+5 rel=0.00 sag=0.00 tauK=+0.1 ; L2 ST|RES ty/ay=25.0/26.8 ey=-1.8 Fy=+80 rel=0.00 sag=0.85 tauK=-1.8 ; L3 ST ty/ay=25.0/25.7 ey=-0.7 Fy=+93 rel=0.00 sag=0.00 tauK=+2.6
[cmd_vel_chassis_serial.py-1] [INFO] [1784046690.304086865] [cmd_vel_chassis_serial]: [LEG_DEBUG] vx=+0.10 wz=+0.00 stride=2.74 lift=2.33 roll=+0.0 pitch=+0.0 comp=0.00 att=1/0/0 mode=3 proj=0 raw=+0.0/+0.0 zero=+0.0/+0.0 | L0 ST ty/ay=25.0/25.9 ey=-0.9 Fy=+86 rel=0.00 sag=0.00 tauK=-2.4 ; L1 ST|RES ty/ay=25.0/26.4 ey=-1.4 Fy=+95 rel=0.00 sag=0.75 tauK=+2.5 ; L2 SW ty/ay=23.0/22.9 ey=+0.1 Fy=+1 rel=0.00 sag=0.00 tauK=+0.0 ; L3 SW ty/ay=23.6/23.4 ey=+0.2 Fy=+2 rel=0.00 sag=0.00 tauK=+0.0
[cmd_vel_chassis_serial.py-1] [INFO] [1784046690.713098825] [cmd_vel_chassis_serial]: 收到 /cmd_vel: vx=0.100 wz=0.032
[cmd_vel_chassis_serial.py-1] [INFO] [1784046690.822423267] [cmd_vel_chassis_serial]: send source=cmd_vel vx=0.100 wz=0.032
[cmd_vel_chassis_serial.py-1] [INFO] [1784046690.824867330] [cmd_vel_chassis_serial]: [LEG_DEBUG] vx=+0.10 wz=+0.00 stride=2.74 lift=2.33 roll=+0.0 pitch=+0.0 comp=0.00 att=1/0/0 mode=3 proj=0 raw=+0.0/+0.0 zero=+0.0/+0.0 | L0 SW ty/ay=23.6/23.9 ey=-0.2 Fy=-2 rel=0.00 sag=0.00 tauK=+0.1 ; L1 SW ty/ay=23.0/23.6 ey=-0.5 Fy=-6 rel=0.00 sag=0.00 tauK=-0.2 ; L2 ST|RES ty/ay=25.0/26.6 ey=-1.6 Fy=+89 rel=0.00 sag=0.85 tauK=-2.2 ; L3 ST ty/ay=25.0/25.6 ey=-0.6 Fy=+87 rel=0.00 sag=0.00 tauK=+2.5
[cmd_vel_chassis_serial.py-1] [ERROR] [1784046690.916746469] [cmd_vel_chassis_serial]: Serial write failed: Write timeout
[cmd_vel_chassis_serial.py-1] [INFO] [1784046691.337102718] [cmd_vel_chassis_serial]: [LEG_DEBUG] vx=+0.10 wz=+0.00 stride=2.74 lift=2.33 roll=+0.0 pitch=+0.0 comp=0.00 att=1/0/0 mode=3 proj=0 raw=+0.0/+0.0 zero=+0.0/+0.0 | L0 ST ty/ay=25.0/25.6 ey=-0.6 Fy=+88 rel=0.00 sag=0.00 tauK=-2.5 ; L1 ST|RES ty/ay=25.0/25.9 ey=-0.9 Fy=+103 rel=0.00 sag=0.50 tauK=+2.9 ; L2 SW ty/ay=23.8/24.5 ey=-0.7 Fy=-7 rel=0.00 sag=0.01 tauK=+0.3 ; L3 SW ty/ay=23.9/24.5 ey=-0.6 Fy=-5 rel=0.00 sag=0.00 tauK=-0.2
[cmd_vel_chassis_serial.py-1] [INFO] [1784046691.820628972] [cmd_vel_chassis_serial]: 收到 /cmd_vel: vx=0.100 wz=0.028
[cmd_vel_chassis_serial.py-1] [INFO] [1784046691.952824108] [cmd_vel_chassis_serial]: [LEG_DEBUG] vx=+0.10 wz=+0.00 stride=2.74 lift=2.33 roll=+0.0 pitch=+0.0 comp=0.00 att=1/0/0 mode=3 proj=0 raw=+0.0/+0.0 zero=+0.0/+0.0 | L0 SW ty/ay=24.2/24.6 ey=-0.4 Fy=-4 rel=0.00 sag=0.00 tauK=+0.1 ; L1 SW|RES ty/ay=24.9/25.8 ey=-0.9 Fy=-16 rel=0.00 sag=0.16 tauK=-0.6 ; L2 ST|RES ty/ay=25.0/25.6 ey=-0.6 Fy=+105 rel=0.00 sag=0.53 tauK=-3.0 ; L3 ST ty/ay=25.0/25.3 ey=-0.3 Fy=+94 rel=0.00 sag=0.00 tauK=+2.8
[cmd_vel_chassis_serial.py-1] [INFO] [1784046691.971976264] [cmd_vel_chassis_serial]: send source=cmd_vel vx=0.100 wz=0.028
[cmd_vel_chassis_serial.py-1] [ERROR] [1784046692.059292868] [cmd_vel_chassis_serial]: Serial write failed: Write timeout
[cmd_vel_chassis_serial.py-1] [ERROR] [1784046692.123097022] [cmd_vel_chassis_serial]: Serial read failed: device reports readiness to read but returned no data (device disconnected or multiple access on port?)
[cmd_vel_chassis_serial.py-1] [ERROR] [1784046692.166739539] [cmd_vel_chassis_serial]: Serial write failed: write failed: [Errno 5] Input/output error
[cmd_vel_chassis_serial.py-1] [ERROR] [1784046692.467877168] [cmd_vel_chassis_serial]: Serial write failed: write failed: [Errno 5] Input/output error
[cmd_vel_chassis_serial.py-1] [ERROR] [1784046692.665956172] [cmd_vel_chassis_serial]: Serial write failed: write failed: [Errno 5] Input/output error
[cmd_vel_chassis_serial.py-1] [ERROR] [1784046692.782164783] [cmd_vel_chassis_serial]: Serial write failed: write failed: [Errno 5] Input/output error
[cmd_vel_chassis_serial.py-1] [INFO] [1784046692.848932927] [cmd_vel_chassis_serial]: 收到 /cmd_vel: vx=0.100 wz=0.033
[cmd_vel_chassis_serial.py-1] [INFO] [1784046692.906197943] [cmd_vel_chassis_serial]: send source=cmd_vel vx=0.100 wz=0.033
[cmd_vel_chassis_serial.py-1] [ERROR] [1784046692.970424180] [cmd_vel_chassis_serial]: Serial write failed: write failed: [Errno 5] Input/output error
[cmd_vel_chassis_serial.py-1] [ERROR] [1784046693.012337552] [cmd_vel_chassis_serial]: Serial write failed: write failed: [Errno 5] Input/output error
[cmd_vel_chassis_serial.py-1] [ERROR] [1784046693.030781094] [cmd_vel_chassis_serial]: Serial write failed: write failed: [Errno 5] Input/output error
[cmd_vel_chassis_serial.py-1] [ERROR] [1784046693.084087974] [cmd_vel_chassis_serial]: Serial write failed: write failed: [Errno 5] Input/output error
[cmd_vel_chassis_serial.py-1] [ERROR] [1784046693.148145629] [cmd_vel_chassis_serial]: Serial write failed: write failed: [Errno 5] Input/output error
[cmd_vel_chassis_serial.py-1] [ERROR] [1784046693.182225376] [cmd_vel_chassis_serial]: Serial write failed: write failed: [Errno 5] Input/output error
[cmd_vel_chassis_serial.py-1] [ERROR] [1784046693.235425620] [cmd_vel_chassis_serial]: Serial write failed: write failed: [Errno 5] Input/output error
[cmd_vel_chassis_serial.py-1] [ERROR] [1784046693.275912148] [cmd_vel_chassis_serial]: Serial write failed: write failed: [Errno 5] Input/output error
[cmd_vel_chassis_serial.py-1] [ERROR] [1784046693.325882277] [cmd_vel_chassis_serial]: Serial write failed: write failed: [Errno 5] Input/output error
[cmd_vel_chassis_serial.py-1] [ERROR] [1784046693.358028287] [cmd_vel_chassis_serial]: Serial write failed: write failed: [Errno 5] Input/output error
[cmd_vel_chassis_serial.py-1] [ERROR] [1784046693.397076287] [cmd_vel_chassis_serial]: Serial write failed: write failed: [Errno 5] Input/output error
[cmd_vel_chassis_serial.py-1] [ERROR] [1784046693.463926064] [cmd_vel_chassis_serial]: Serial write failed: write failed: [Errno 5] Input/output error
[cmd_vel_chassis_serial.py-1] [ERROR] [1784046693.492852229] [cmd_vel_chassis_serial]: Serial write failed: write failed: [Errno 5] Input/output error
[cmd_vel_chassis_serial.py-1] [ERROR] [1784046693.567810379] [cmd_vel_chassis_serial]: Serial write failed: write failed: [Errno 5] Input/output error
[cmd_vel_chassis_serial.py-1] [INFO] [1784046693.611525919] [cmd_vel_chassis_serial]: send source=stop vx=0.000 wz=0.000
[cmd_vel_chassis_serial.py-1] [ERROR] [1784046693.620401973] [cmd_vel_chassis_serial]: Serial write failed: write failed: [Errno 5] Input/output error
[cmd_vel_chassis_serial.py-1] [ERROR] [1784046693.655683435] [cmd_vel_chassis_serial]: Serial write failed: write failed: [Errno 5] Input/output error
[cmd_vel_chassis_serial.py-1] [ERROR] [1784046693.681602092] [cmd_vel_chassis_serial]: Serial write failed: write failed: [Errno 5] Input/output error
[cmd_vel_chassis_serial.py-1] [ERROR] [1784046693.696422566] [cmd_vel_chassis_serial]: Serial write failed: write failed: [Errno 5] Input/output error
[cmd_vel_chassis_serial.py-1] [ERROR] [1784046693.724504959] [cmd_vel_chassis_serial]: Serial write failed: write failed: [Errno 5] Input/output error
[cmd_vel_chassis_serial.py-1] [ERROR] [1784046693.757239067] [cmd_vel_chassis_serial]: Serial write failed: write failed: [Errno 5] Input/output error
[cmd_vel_chassis_serial.py-1] [ERROR] [1784046693.790285886] [cmd_vel_chassis_serial]: Serial write failed: write failed: [Errno 5] Input/output error
[cmd_vel_chassis_serial.py-1] [ERROR] [1784046693.817175683] [cmd_vel_chassis_serial]: Serial write failed: write failed: [Errno 5] Input/output error
[cmd_vel_chassis_serial.py-1] [ERROR] [1784046693.847920167] [cmd_vel_chassis_serial]: Serial write failed: write failed: [Errno 5] Input/output error
[cmd_vel_chassis_serial.py-1] [ERROR] [1784046693.902083836] [cmd_vel_chassis_serial]: Serial write failed: write failed: [Errno 5] Input/output error
[cmd_vel_chassis_serial.py-1] [ERROR] [1784046693.927163569] [cmd_vel_chassis_serial]: Serial write failed: write failed: [Errno 5] Input/output error
[cmd_vel_chassis_serial.py-1] [ERROR] [1784046693.938817708] [cmd_vel_chassis_serial]: Serial write failed: write failed: [Errno 5] Input/output error
[cmd_vel_chassis_serial.py-1] [ERROR] [1784046693.960024122] [cmd_vel_chassis_serial]: Serial write failed: write failed: [Errno 5] Input/output error
[cmd_vel_chassis_serial.py-1] [ERROR] [1784046693.977650192] [cmd_vel_chassis_serial]: Serial write failed: write failed: [Errno 5] Input/output error
[cmd_vel_chassis_serial.py-1] [ERROR] [1784046693.996647805] [cmd_vel_chassis_serial]: Serial write failed: write failed: [Errno 5] Input/output error
[cmd_vel_chassis_serial.py-1] [ERROR] [1784046694.063604456] [cmd_vel_chassis_serial]: Serial write failed: write failed: [Errno 5] Input/output error
[cmd_vel_chassis_serial.py-1] [ERROR] [1784046694.155373946] [cmd_vel_chassis_serial]: Serial write failed: write failed: [Errno 5] Input/output error
[cmd_vel_chassis_serial.py-1] [ERROR] [1784046694.170975568] [cmd_vel_chassis_serial]: Serial write failed: write failed: [Errno 5] Input/output error
[cmd_vel_chassis_serial.py-1] [ERROR] [1784046694.205461994] [cmd_vel_chassis_serial]: Serial write failed: write failed: [Errno 5] Input/output error
[cmd_vel_chassis_serial.py-1] [ERROR] [1784046694.221200283] [cmd_vel_chassis_serial]: Serial write failed: write failed: [Errno 5] Input/output error
[cmd_vel_chassis_serial.py-1] [ERROR] [1784046694.232044776] [cmd_vel_chassis_serial]: Serial write failed: write failed: [Errno 5] Input/output error
[cmd_vel_chassis_serial.py-1] [ERROR] [1784046694.239886560] [cmd_vel_chassis_serial]: Serial write failed: write failed: [Errno 5] Input/output error
[cmd_vel_chassis_serial.py-1] [ERROR] [1784046694.272588464] [cmd_vel_chassis_serial]: Serial write failed: write failed: [Errno 5] Input/output error
[cmd_vel_chassis_serial.py-1] [ERROR] [1784046694.284633508] [cmd_vel_chassis_serial]: Serial write failed: write failed: [Errno 5] Input/output error
[cmd_vel_chassis_serial.py-1] [ERROR] [1784046694.295531248] [cmd_vel_chassis_serial]: Serial write failed: write failed: [Errno 5] Input/output error
[cmd_vel_chassis_serial.py-1] [ERROR] [1784046694.328846446] [cmd_vel_chassis_serial]: Serial write failed: write failed: [Errno 5] Input/output error
[cmd_vel_chassis_serial.py-1] [ERROR] [1784046694.375554512] [cmd_vel_chassis_serial]: Serial write failed: write failed: [Errno 5] Input/output error
[cmd_vel_chassis_serial.py-1] [ERROR] [1784046694.404122575] [cmd_vel_chassis_serial]: Serial write failed: write failed: [Errno 5] Input/output error
[cmd_vel_chassis_serial.py-1] [ERROR] [1784046694.432179891] [cmd_vel_chassis_serial]: Serial write failed: write failed: [Errno 5] Input/output error
[cmd_vel_chassis_serial.py-1] [ERROR] [1784046694.466030504] [cmd_vel_chassis_serial]: Serial write failed: write failed: [Errno 5] Input/output error
[cmd_vel_chassis_serial.py-1] [ERROR] [1784046694.503142344] [cmd_vel_chassis_serial]: Serial write failed: write failed: [Errno 5] Input/output error
[cmd_vel_chassis_serial.py-1] [ERROR] [1784046694.526728883] [cmd_vel_chassis_serial]: Serial write failed: write failed: [Errno 5] Input/output error
[cmd_vel_chassis_serial.py-1] [ERROR] [1784046694.552089386] [cmd_vel_chassis_serial]: Serial write failed: write failed: [Errno 5] Input/output error
[cmd_vel_chassis_serial.py-1] [ERROR] [1784046694.587815296] [cmd_vel_chassis_serial]: Serial write failed: write failed: [Errno 5] Input/output error
[cmd_vel_chassis_serial.py-1] [ERROR] [1784046694.632815015] [cmd_vel_chassis_serial]: Serial write failed: write failed: [Errno 5] Input/output error
[cmd_vel_chassis_serial.py-1] [ERROR] [1784046694.682480919] [cmd_vel_chassis_serial]: Serial write failed: write failed: [Errno 5] Input/output error
[cmd_vel_chassis_serial.py-1] [ERROR] [1784046694.735326117] [cmd_vel_chassis_serial]: Serial write failed: write failed: [Errno 5] Input/output error
[cmd_vel_chassis_serial.py-1] [ERROR] [1784046694.790980115] [cmd_vel_chassis_serial]: Serial write failed: write failed: [Errno 5] Input/output error
[cmd_vel_chassis_serial.py-1] [ERROR] [1784046694.837078476] [cmd_vel_chassis_serial]: Serial write failed: write failed: [Errno 5] Input/output error
[cmd_vel_chassis_serial.py-1] [ERROR] [1784046694.885692710] [cmd_vel_chassis_serial]: Serial write failed: write failed: [Errno 5] Input/output error
[cmd_vel_chassis_serial.py-1] [ERROR] [1784046694.933131685] [cmd_vel_chassis_serial]: Serial write failed: write failed: [Errno 5] Input/output error
[cmd_vel_chassis_serial.py-1] [ERROR] [1784046694.990885663] [cmd_vel_chassis_serial]: Serial write failed: write failed: [Errno 5] Input/output error
[cmd_vel_chassis_serial.py-1] [ERROR] [1784046695.028225375] [cmd_vel_chassis_serial]: Serial write failed: write failed: [Errno 5] Input/output error
[cmd_vel_chassis_serial.py-1] [ERROR] [1784046695.085405817] [cmd_vel_chassis_serial]: Serial write failed: write failed: [Errno 5] Input/output error
[cmd_vel_chassis_serial.py-1] [ERROR] [1784046695.132581538] [cmd_vel_chassis_serial]: Serial write failed: write failed: [Errno 5] Input/output error
[cmd_vel_chassis_serial.py-1] [ERROR] [1784046695.195036877] [cmd_vel_chassis_serial]: Serial write failed: write failed: [Errno 5] Input/output error
[cmd_vel_chassis_serial.py-1] [ERROR] [1784046695.248371136] [cmd_vel_chassis_serial]: Serial write failed: write failed: [Errno 5] Input/output error
[cmd_vel_chassis_serial.py-1] [ERROR] [1784046695.293559860] [cmd_vel_chassis_serial]: Serial write failed: write failed: [Errno 5] Input/output error
[cmd_vel_chassis_serial.py-1] [ERROR] [1784046695.353162269] [cmd_vel_chassis_serial]: Serial write failed: write failed: [Errno 5] Input/output error
[cmd_vel_chassis_serial.py-1] [ERROR] [1784046695.406071060] [cmd_vel_chassis_serial]: Serial write failed: write failed: [Errno 5] Input/output error
[cmd_vel_chassis_serial.py-1] [ERROR] [1784046695.439367732] [cmd_vel_chassis_serial]: Serial write failed: write failed: [Errno 5] Input/output error
[cmd_vel_chassis_serial.py-1] [ERROR] [1784046695.482657115] [cmd_vel_chassis_serial]: Serial write failed: write failed: [Errno 5] Input/output error
[cmd_vel_chassis_serial.py-1] [ERROR] [1784046695.528218455] [cmd_vel_chassis_serial]: Serial write failed: write failed: [Errno 5] Input/output error
[cmd_vel_chassis_serial.py-1] [ERROR] [1784046695.567181922] [cmd_vel_chassis_serial]: Serial write failed: write failed: [Errno 5] Input/output error
[cmd_vel_chassis_serial.py-1] [ERROR] [1784046695.633141012] [cmd_vel_chassis_serial]: Serial write failed: write failed: [Errno 5] Input/output error
[cmd_vel_chassis_serial.py-1] [ERROR] [1784046695.666793972] [cmd_vel_chassis_serial]: Serial write failed: write failed: [Errno 5] Input/output error
[cmd_vel_chassis_serial.py-1] [ERROR] [1784046695.708107719] [cmd_vel_chassis_serial]: Serial write failed: write failed: [Errno 5] Input/output error
[cmd_vel_chassis_serial.py-1] [ERROR] [1784046695.754640932] [cmd_vel_chassis_serial]: Serial write failed: write failed: [Errno 5] Input/output error
[cmd_vel_chassis_serial.py-1] [ERROR] [1784046695.796190028] [cmd_vel_chassis_serial]: Serial write failed: write failed: [Errno 5] Input/output error
[cmd_vel_chassis_serial.py-1] [ERROR] [1784046695.829235094] [cmd_vel_chassis_serial]: Serial write failed: write failed: [Errno 5] Input/output error
[cmd_vel_chassis_serial.py-1] [ERROR] [1784046695.865675667] [cmd_vel_chassis_serial]: Serial write failed: write failed: [Errno 5] Input/output error
[cmd_vel_chassis_serial.py-1] [ERROR] [1784046695.895744729] [cmd_vel_chassis_serial]: Serial write failed: write failed: [Errno 5] Input/output error
[cmd_vel_chassis_serial.py-1] [ERROR] [1784046695.922890962] [cmd_vel_chassis_serial]: Serial write failed: write failed: [Errno 5] Input/output error
[cmd_vel_chassis_serial.py-1] [ERROR] [1784046695.930786235] [cmd_vel_chassis_serial]: Serial write failed: write failed: [Errno 5] Input/output error
[cmd_vel_chassis_serial.py-1] [ERROR] [1784046695.946969744] [cmd_vel_chassis_serial]: Serial write failed: write failed: [Errno 5] Input/output error
[cmd_vel_chassis_serial.py-1] [ERROR] [1784046695.961719405] [cmd_vel_chassis_serial]: Serial write failed: write failed: [Errno 5] Input/output error
[cmd_vel_chassis_serial.py-1] [ERROR] [1784046695.993429219] [cmd_vel_chassis_serial]: Serial write failed: write failed: [Errno 5] Input/output error
[cmd_vel_chassis_serial.py-1] [ERROR] [1784046696.034316393] [cmd_vel_chassis_serial]: Serial write failed: write failed: [Errno 5] Input/output error
[cmd_vel_chassis_serial.py-1] [ERROR] [1784046696.063070382] [cmd_vel_chassis_serial]: Serial write failed: write failed: [Errno 5] Input/output error
[cmd_vel_chassis_serial.py-1] [ERROR] [1784046696.094241767] [cmd_vel_chassis_serial]: Serial write failed: write failed: [Errno 5] Input/output error
[cmd_vel_chassis_serial.py-1] [ERROR] [1784046696.128746728] [cmd_vel_chassis_serial]: Serial write failed: write failed: [Errno 5] Input/output error
[cmd_vel_chassis_serial.py-1] [ERROR] [1784046696.153325720] [cmd_vel_chassis_serial]: Serial write failed: write failed: [Errno 5] Input/output error
[cmd_vel_chassis_serial.py-1] [ERROR] [1784046696.198809665] [cmd_vel_chassis_serial]: Serial write failed: write failed: [Errno 5] Input/output error
[cmd_vel_chassis_serial.py-1] [ERROR] [1784046696.237207338] [cmd_vel_chassis_serial]: Serial write failed: write failed: [Errno 5] Input/output error
[cmd_vel_chassis_serial.py-1] [ERROR] [1784046696.314149993] [cmd_vel_chassis_serial]: Serial write failed: write failed: [Errno 5] Input/output error
[cmd_vel_chassis_serial.py-1] [ERROR] [1784046696.361833310] [cmd_vel_chassis_serial]: Serial write failed: write failed: [Errno 5] Input/output error
[cmd_vel_chassis_serial.py-1] [ERROR] [1784046696.397108893] [cmd_vel_chassis_serial]: Serial write failed: write failed: [Errno 5] Input/output error
[cmd_vel_chassis_serial.py-1] [ERROR] [1784046696.450214382] [cmd_vel_chassis_serial]: Serial write failed: write failed: [Errno 5] Input/output error
[cmd_vel_chassis_serial.py-1] [ERROR] [1784046696.497975253] [cmd_vel_chassis_serial]: Serial write failed: write failed: [Errno 5] Input/output error
[cmd_vel_chassis_serial.py-1] [ERROR] [1784046696.545664438] [cmd_vel_chassis_serial]: Serial write failed: write failed: [Errno 5] Input/output error
[cmd_vel_chassis_serial.py-1] [ERROR] [1784046696.588923983] [cmd_vel_chassis_serial]: Serial write failed: write failed: [Errno 5] Input/output error
[cmd_vel_chassis_serial.py-1] [ERROR] [1784046696.622771991] [cmd_vel_chassis_serial]: Serial write failed: write failed: [Errno 5] Input/output error
[cmd_vel_chassis_serial.py-1] [ERROR] [1784046696.671174518] [cmd_vel_chassis_serial]: Serial write failed: write failed: [Errno 5] Input/output error
[cmd_vel_chassis_serial.py-1] [ERROR] [1784046696.716303136] [cmd_vel_chassis_serial]: Serial write failed: write failed: [Errno 5] Input/output error
[cmd_vel_chassis_serial.py-1] [ERROR] [1784046696.760049649] [cmd_vel_chassis_serial]: Serial write failed: write failed: [Errno 5] Input/output error
[cmd_vel_chassis_serial.py-1] [ERROR] [1784046696.797569620] [cmd_vel_chassis_serial]: Serial write failed: write failed: [Errno 5] Input/output error
[cmd_vel_chassis_serial.py-1] [ERROR] [1784046696.826105320] [cmd_vel_chassis_serial]: Serial write failed: write failed: [Errno 5] Input/output error
[cmd_vel_chassis_serial.py-1] [ERROR] [1784046696.844351564] [cmd_vel_chassis_serial]: Serial write failed: write failed: [Errno 5] Input/output error
[cmd_vel_chassis_serial.py-1] [ERROR] [1784046696.865247771] [cmd_vel_chassis_serial]: Serial write failed: write failed: [Errno 5] Input/output error
[cmd_vel_chassis_serial.py-1] [ERROR] [1784046696.905556219] [cmd_vel_chassis_serial]: Serial write failed: write failed: [Errno 5] Input/output error
[cmd_vel_chassis_serial.py-1] [ERROR] [1784046696.925710360] [cmd_vel_chassis_serial]: Serial write failed: write failed: [Errno 5] Input/output error
[cmd_vel_chassis_serial.py-1] [ERROR] [1784046696.950875722] [cmd_vel_chassis_serial]: Serial write failed: write failed: [Errno 5] Input/output error
[cmd_vel_chassis_serial.py-1] [ERROR] [1784046696.993783431] [cmd_vel_chassis_serial]: Serial write failed: write failed: [Errno 5] Input/output error
[cmd_vel_chassis_serial.py-1] [ERROR] [1784046697.028543067] [cmd_vel_chassis_serial]: Serial write failed: write failed: [Errno 5] Input/output error
[cmd_vel_chassis_serial.py-1] [ERROR] [1784046697.064878970] [cmd_vel_chassis_serial]: Serial write failed: write failed: [Errno 5] Input/output error
[cmd_vel_chassis_serial.py-1] [ERROR] [1784046697.129024808] [cmd_vel_chassis_serial]: Serial write failed: write failed: [Errno 5] Input/output error
[cmd_vel_chassis_serial.py-1] [ERROR] [1784046697.166943767] [cmd_vel_chassis_serial]: Serial write failed: write failed: [Errno 5] Input/output error
[cmd_vel_chassis_serial.py-1] [ERROR] [1784046697.194035487] [cmd_vel_chassis_serial]: Serial write failed: write failed: [Errno 5] Input/output error
[cmd_vel_chassis_serial.py-1] [ERROR] [1784046697.205827712] [cmd_vel_chassis_serial]: Serial write failed: write failed: [Errno 5] Input/output error
[cmd_vel_chassis_serial.py-1] [ERROR] [1784046697.226874798] [cmd_vel_chassis_serial]: Serial write failed: write failed: [Errno 5] Input/output error
[cmd_vel_chassis_serial.py-1] [ERROR] [1784046697.248982782] [cmd_vel_chassis_serial]: Serial write failed: write failed: [Errno 5] Input/output error
[cmd_vel_chassis_serial.py-1] [ERROR] [1784046697.261239839] [cmd_vel_chassis_serial]: Serial write failed: write failed: [Errno 5] Input/output error
[cmd_vel_chassis_serial.py-1] [ERROR] [1784046697.283128142] [cmd_vel_chassis_serial]: Serial write failed: write failed: [Errno 5] Input/output error
[cmd_vel_chassis_serial.py-1] [ERROR] [1784046697.309915573] [cmd_vel_chassis_serial]: Serial write failed: write failed: [Errno 5] Input/output error
[cmd_vel_chassis_serial.py-1] [ERROR] [1784046697.316083941] [cmd_vel_chassis_serial]: Serial write failed: write failed: [Errno 5] Input/output error
[cmd_vel_chassis_serial.py-1] [ERROR] [1784046697.337054829] [cmd_vel_chassis_serial]: Serial write failed: write failed: [Errno 5] Input/output error
[cmd_vel_chassis_serial.py-1] [ERROR] [1784046697.356539256] [cmd_vel_chassis_serial]: Serial write failed: write failed: [Errno 5] Input/output error
[cmd_vel_chassis_serial.py-1] [ERROR] [1784046697.374918993] [cmd_vel_chassis_serial]: Serial write failed: write failed: [Errno 5] Input/output error
[cmd_vel_chassis_serial.py-1] [ERROR] [1784046697.395512573] [cmd_vel_chassis_serial]: Serial write failed: write failed: [Errno 5] Input/output error
[cmd_vel_chassis_serial.py-1] [ERROR] [1784046697.421246917] [cmd_vel_chassis_serial]: Serial write failed: write failed: [Errno 5] Input/output error
[cmd_vel_chassis_serial.py-1] [ERROR] [1784046697.459425413] [cmd_vel_chassis_serial]: Serial write failed: write failed: [Errno 5] Input/output error
[cmd_vel_chassis_serial.py-1] [ERROR] [1784046697.485466853] [cmd_vel_chassis_serial]: Serial write failed: write failed: [Errno 5] Input/output error
[cmd_vel_chassis_serial.py-1] [ERROR] [1784046697.510982573] [cmd_vel_chassis_serial]: Serial write failed: write failed: [Errno 5] Input/output error
[cmd_vel_chassis_serial.py-1] [ERROR] [1784046697.528004166] [cmd_vel_chassis_serial]: Serial write failed: write failed: [Errno 5] Input/output error
[cmd_vel_chassis_serial.py-1] [ERROR] [1784046697.561351202] [cmd_vel_chassis_serial]: Serial write failed: write failed: [Errno 5] Input/output error
[cmd_vel_chassis_serial.py-1] [ERROR] [1784046697.586782193] [cmd_vel_chassis_serial]: Serial write failed: write failed: [Errno 5] Input/output error
[cmd_vel_chassis_serial.py-1] [ERROR] [1784046697.612825421] [cmd_vel_chassis_serial]: Serial write failed: write failed: [Errno 5] Input/output error
[cmd_vel_chassis_serial.py-1] [ERROR] [1784046697.635604060] [cmd_vel_chassis_serial]: Serial write failed: write failed: [Errno 5] Input/output error
[cmd_vel_chassis_serial.py-1] [ERROR] [1784046697.663503559] [cmd_vel_chassis_serial]: Serial write failed: write failed: [Errno 5] Input/output error
[cmd_vel_chassis_serial.py-1] [ERROR] [1784046697.702022566] [cmd_vel_chassis_serial]: Serial write failed: write failed: [Errno 5] Input/output error
[cmd_vel_chassis_serial.py-1] [ERROR] [1784046697.727948036] [cmd_vel_chassis_serial]: Serial write failed: write failed: [Errno 5] Input/output error
[cmd_vel_chassis_serial.py-1] [ERROR] [1784046697.753995787] [cmd_vel_chassis_serial]: Serial write failed: write failed: [Errno 5] Input/output error
[cmd_vel_chassis_serial.py-1] [ERROR] [1784046697.802595647] [cmd_vel_chassis_serial]: Serial write failed: write failed: [Errno 5] Input/output error
[cmd_vel_chassis_serial.py-1] [ERROR] [1784046697.819096510] [cmd_vel_chassis_serial]: Serial write failed: write failed: [Errno 5] Input/output error
[cmd_vel_chassis_serial.py-1] [ERROR] [1784046697.852534981] [cmd_vel_chassis_serial]: Serial write failed: write failed: [Errno 5] Input/output error
[cmd_vel_chassis_serial.py-1] [ERROR] [1784046697.898765914] [cmd_vel_chassis_serial]: Serial write failed: write failed: [Errno 5] Input/output error
[cmd_vel_chassis_serial.py-1] [ERROR] [1784046697.936943690] [cmd_vel_chassis_serial]: Serial write failed: write failed: [Errno 5] Input/output error
[cmd_vel_chassis_serial.py-1] [ERROR] [1784046697.977143847] [cmd_vel_chassis_serial]: Serial write failed: write failed: [Errno 5] Input/output error
[cmd_vel_chassis_serial.py-1] [ERROR] [1784046698.019424879] [cmd_vel_chassis_serial]: Serial write failed: write failed: [Errno 5] Input/output error
[cmd_vel_chassis_serial.py-1] [ERROR] [1784046698.033295531] [cmd_vel_chassis_serial]: Serial write failed: write failed: [Errno 5] Input/output error
[cmd_vel_chassis_serial.py-1] [ERROR] [1784046698.063797696] [cmd_vel_chassis_serial]: Serial write failed: write failed: [Errno 5] Input/output error
[cmd_vel_chassis_serial.py-1] [ERROR] [1784046698.080193390] [cmd_vel_chassis_serial]: Serial write failed: write failed: [Errno 5] Input/output error
[cmd_vel_chassis_serial.py-1] [ERROR] [1784046698.102170436] [cmd_vel_chassis_serial]: Serial write failed: write failed: [Errno 5] Input/output error
[cmd_vel_chassis_serial.py-1] [ERROR] [1784046698.109821044] [cmd_vel_chassis_serial]: Serial write failed: write failed: [Errno 5] Input/output error
[cmd_vel_chassis_serial.py-1] [ERROR] [1784046698.117663617] [cmd_vel_chassis_serial]: Serial write failed: write failed: [Errno 5] Input/output error
[cmd_vel_chassis_serial.py-1] [ERROR] [1784046698.135437877] [cmd_vel_chassis_serial]: Serial write failed: write failed: [Errno 5] Input/output error
[cmd_vel_chassis_serial.py-1] [ERROR] [1784046698.181068487] [cmd_vel_chassis_serial]: Serial write failed: write failed: [Errno 5] Input/output error
[cmd_vel_chassis_serial.py-1] [ERROR] [1784046698.229401961] [cmd_vel_chassis_serial]: Serial write failed: write failed: [Errno 5] Input/output error
[cmd_vel_chassis_serial.py-1] [ERROR] [1784046698.264288499] [cmd_vel_chassis_serial]: Serial write failed: write failed: [Errno 5] Input/output error
[cmd_vel_chassis_serial.py-1] [INFO] [1784046698.289704848] [cmd_vel_chassis_serial]: send source=vision_stop vx=0.000 wz=0.000
[cmd_vel_chassis_serial.py-1] [ERROR] [1784046698.298705021] [cmd_vel_chassis_serial]: Serial write failed: write failed: [Errno 5] Input/output error
[cmd_vel_chassis_serial.py-1] [ERROR] [1784046698.333566988] [cmd_vel_chassis_serial]: Serial write failed: write failed: [Errno 5] Input/output error
[cmd_vel_chassis_serial.py-1] [ERROR] [1784046698.380958570] [cmd_vel_chassis_serial]: Serial write failed: write failed: [Errno 5] Input/output error
[cmd_vel_chassis_serial.py-1] [ERROR] [1784046698.449708182] [cmd_vel_chassis_serial]: Serial write failed: write failed: [Errno 5] Input/output error
[cmd_vel_chassis_serial.py-1] [ERROR] [1784046698.507201161] [cmd_vel_chassis_serial]: Serial write failed: write failed: [Errno 5] Input/output error
[cmd_vel_chassis_serial.py-1] [ERROR] [1784046698.595776592] [cmd_vel_chassis_serial]: Serial write failed: write failed: [Errno 5] Input/output error
[cmd_vel_chassis_serial.py-1] [ERROR] [1784046698.666673338] [cmd_vel_chassis_serial]: Serial write failed: write failed: [Errno 5] Input/output error
[cmd_vel_chassis_serial.py-1] [ERROR] [1784046698.702990103] [cmd_vel_chassis_serial]: Serial write failed: write failed: [Errno 5] Input/output error
[cmd_vel_chassis_serial.py-1] [ERROR] [1784046698.737822759] [cmd_vel_chassis_serial]: Serial write failed: write failed: [Errno 5] Input/output error
[cmd_vel_chassis_serial.py-1] [ERROR] [1784046698.804946458] [cmd_vel_chassis_serial]: Serial write failed: write failed: [Errno 5] Input/output error
[cmd_vel_chassis_serial.py-1] [ERROR] [1784046698.830855223] [cmd_vel_chassis_serial]: Serial write failed: write failed: [Errno 5] Input/output error
[cmd_vel_chassis_serial.py-1] [ERROR] [1784046698.861967010] [cmd_vel_chassis_serial]: Serial write failed: write failed: [Errno 5] Input/output error
[cmd_vel_chassis_serial.py-1] [ERROR] [1784046698.920924638] [cmd_vel_chassis_serial]: Serial write failed: write failed: [Errno 5] Input/output error
[cmd_vel_chassis_serial.py-1] [ERROR] [1784046698.990884892] [cmd_vel_chassis_serial]: Serial write failed: write failed: [Errno 5] Input/output error
[cmd_vel_chassis_serial.py-1] [ERROR] [1784046699.049694577] [cmd_vel_chassis_serial]: Serial write failed: write failed: [Errno 5] Input/output error
[cmd_vel_chassis_serial.py-1] [ERROR] [1784046699.076535414] [cmd_vel_chassis_serial]: Serial write failed: write failed: [Errno 5] Input/output error
[cmd_vel_chassis_serial.py-1] [ERROR] [1784046699.104203479] [cmd_vel_chassis_serial]: Serial write failed: write failed: [Errno 5] Input/output error
[cmd_vel_chassis_serial.py-1] [ERROR] [1784046699.155129534] [cmd_vel_chassis_serial]: Serial write failed: write failed: [Errno 5] Input/output error
[cmd_vel_chassis_serial.py-1] [ERROR] [1784046699.223730332] [cmd_vel_chassis_serial]: Serial write failed: write failed: [Errno 5] Input/output error
[cmd_vel_chassis_serial.py-1] [ERROR] [1784046699.304711869] [cmd_vel_chassis_serial]: Serial write failed: write failed: [Errno 5] Input/output error
[cmd_vel_chassis_serial.py-1] [INFO] [1784046699.347902058] [cmd_vel_chassis_serial]: send source=stop vx=0.000 wz=0.000
[cmd_vel_chassis_serial.py-1] [ERROR] [1784046699.377771489] [cmd_vel_chassis_serial]: Serial write failed: write failed: [Errno 5] Input/output error
[cmd_vel_chassis_serial.py-1] [ERROR] [1784046699.399011345] [cmd_vel_chassis_serial]: Serial write failed: write failed: [Errno 5] Input/output error
[cmd_vel_chassis_serial.py-1] [ERROR] [1784046699.414090664] [cmd_vel_chassis_serial]: Serial write failed: write failed: [Errno 5] Input/output error
[cmd_vel_chassis_serial.py-1] [ERROR] [1784046699.435638757] [cmd_vel_chassis_serial]: Serial write failed: write failed: [Errno 5] Input/output error
[cmd_vel_chassis_serial.py-1] [ERROR] [1784046699.455083795] [cmd_vel_chassis_serial]: Serial write failed: write failed: [Errno 5] Input/output error
[cmd_vel_chassis_serial.py-1] [ERROR] [1784046699.474807566] [cmd_vel_chassis_serial]: Serial write failed: write failed: [Errno 5] Input/output error
[cmd_vel_chassis_serial.py-1] [ERROR] [1784046699.495841000] [cmd_vel_chassis_serial]: Serial write failed: write failed: [Errno 5] Input/output error
[cmd_vel_chassis_serial.py-1] [ERROR] [1784046699.512899604] [cmd_vel_chassis_serial]: Serial write failed: write failed: [Errno 5] Input/output error
[cmd_vel_chassis_serial.py-1] [ERROR] [1784046699.549538151] [cmd_vel_chassis_serial]: Serial write failed: write failed: [Errno 5] Input/output error
[cmd_vel_chassis_serial.py-1] [ERROR] [1784046699.569952075] [cmd_vel_chassis_serial]: Serial write failed: write failed: [Errno 5] Input/output error
[cmd_vel_chassis_serial.py-1] [ERROR] [1784046699.604220014] [cmd_vel_chassis_serial]: Serial write failed: write failed: [Errno 5] Input/output error
[cmd_vel_chassis_serial.py-1] [ERROR] [1784046699.623894702] [cmd_vel_chassis_serial]: Serial write failed: write failed: [Errno 5] Input/output error
[cmd_vel_chassis_serial.py-1] [ERROR] [1784046699.654366257] [cmd_vel_chassis_serial]: Serial write failed: write failed: [Errno 5] Input/output error
[cmd_vel_chassis_serial.py-1] [ERROR] [1784046699.687150482] [cmd_vel_chassis_serial]: Serial write failed: write failed: [Errno 5] Input/output error
[cmd_vel_chassis_serial.py-1] [ERROR] [1784046699.713136028] [cmd_vel_chassis_serial]: Serial write failed: write failed: [Errno 5] Input/output error
[cmd_vel_chassis_serial.py-1] [ERROR] [1784046699.742378115] [cmd_vel_chassis_serial]: Serial write failed: write failed: [Errno 5] Input/output error
[cmd_vel_chassis_serial.py-1] [ERROR] [1784046699.771573434] [cmd_vel_chassis_serial]: Serial write failed: write failed: [Errno 5] Input/output error
[cmd_vel_chassis_serial.py-1] [ERROR] [1784046699.802112933] [cmd_vel_chassis_serial]: Serial write failed: write failed: [Errno 5] Input/output error
[cmd_vel_chassis_serial.py-1] [ERROR] [1784046699.834184677] [cmd_vel_chassis_serial]: Serial write failed: write failed: [Errno 5] Input/output error
[cmd_vel_chassis_serial.py-1] [ERROR] [1784046699.866457049] [cmd_vel_chassis_serial]: Serial write failed: write failed: [Errno 5] Input/output error
[cmd_vel_chassis_serial.py-1] [ERROR] [1784046699.910617840] [cmd_vel_chassis_serial]: Serial write failed: write failed: [Errno 5] Input/output error
[cmd_vel_chassis_serial.py-1] [ERROR] [1784046699.965126190] [cmd_vel_chassis_serial]: Serial write failed: write failed: [Errno 5] Input/output error
[cmd_vel_chassis_serial.py-1] [ERROR] [1784046700.030076111] [cmd_vel_chassis_serial]: Serial write failed: write failed: [Errno 5] Input/output error
[cmd_vel_chassis_serial.py-1] [ERROR] [1784046700.104737944] [cmd_vel_chassis_serial]: Serial write failed: write failed: [Errno 5] Input/output error
[cmd_vel_chassis_serial.py-1] [ERROR] [1784046700.178839874] [cmd_vel_chassis_serial]: Serial write failed: write failed: [Errno 5] Input/output error
[cmd_vel_chassis_serial.py-1] [ERROR] [1784046700.270864931] [cmd_vel_chassis_serial]: Serial write failed: write failed: [Errno 5] Input/output error
[cmd_vel_chassis_serial.py-1] [ERROR] [1784046700.334431665] [cmd_vel_chassis_serial]: Serial write failed: write failed: [Errno 5] Input/output error
[cmd_vel_chassis_serial.py-1] [ERROR] [1784046700.390035158] [cmd_vel_chassis_serial]: Serial write failed: write failed: [Errno 5] Input/output error
[cmd_vel_chassis_serial.py-1] [ERROR] [1784046700.459941678] [cmd_vel_chassis_serial]: Serial write failed: write failed: [Errno 5] Input/output error
[cmd_vel_chassis_serial.py-1] [ERROR] [1784046700.529574443] [cmd_vel_chassis_serial]: Serial write failed: write failed: [Errno 5] Input/output error
[cmd_vel_chassis_serial.py-1] [ERROR] [1784046700.623134206] [cmd_vel_chassis_serial]: Serial write failed: write failed: [Errno 5] Input/output error
[cmd_vel_chassis_serial.py-1] [ERROR] [1784046700.711133479] [cmd_vel_chassis_serial]: Serial write failed: write failed: [Errno 5] Input/output error
[cmd_vel_chassis_serial.py-1] [ERROR] [1784046700.840627788] [cmd_vel_chassis_serial]: Serial write failed: write failed: [Errno 5] Input/output error
[cmd_vel_chassis_serial.py-1] [ERROR] [1784046700.896762595] [cmd_vel_chassis_serial]: Serial write failed: write failed: [Errno 5] Input/output error
[cmd_vel_chassis_serial.py-1] [ERROR] [1784046700.954913689] [cmd_vel_chassis_serial]: Serial write failed: write failed: [Errno 5] Input/output error
[cmd_vel_chassis_serial.py-1] [ERROR] [1784046701.015121363] [cmd_vel_chassis_serial]: Serial write failed: write failed: [Errno 5] Input/output error
[cmd_vel_chassis_serial.py-1] [ERROR] [1784046701.046947240] [cmd_vel_chassis_serial]: Serial write failed: write failed: [Errno 5] Input/output error
[cmd_vel_chassis_serial.py-1] [ERROR] [1784046701.092594339] [cmd_vel_chassis_serial]: Serial write failed: write failed: [Errno 5] Input/output error
[cmd_vel_chassis_serial.py-1] [ERROR] [1784046701.130700064] [cmd_vel_chassis_serial]: Serial write failed: write failed: [Errno 5] Input/output error
[cmd_vel_chassis_serial.py-1] [ERROR] [1784046701.200783187] [cmd_vel_chassis_serial]: Serial write failed: write failed: [Errno 5] Input/output error
[cmd_vel_chassis_serial.py-1] [ERROR] [1784046701.229918401] [cmd_vel_chassis_serial]: Serial write failed: write failed: [Errno 5] Input/output error
[cmd_vel_chassis_serial.py-1] [ERROR] [1784046701.389813962] [cmd_vel_chassis_serial]: Serial write failed: write failed: [Errno 5] Input/output error
[cmd_vel_chassis_serial.py-1] [ERROR] [1784046701.457435125] [cmd_vel_chassis_serial]: Serial write failed: write failed: [Errno 5] Input/output error
[cmd_vel_chassis_serial.py-1] [ERROR] [1784046701.490065088] [cmd_vel_chassis_serial]: Serial write failed: write failed: [Errno 5] Input/output error
[cmd_vel_chassis_serial.py-1] [ERROR] [1784046701.585138538] [cmd_vel_chassis_serial]: Serial write failed: write failed: [Errno 5] Input/output error
[cmd_vel_chassis_serial.py-1] [ERROR] [1784046701.671909854] [cmd_vel_chassis_serial]: Serial write failed: write failed: [Errno 5] Input/output error
[cmd_vel_chassis_serial.py-1] [ERROR] [1784046701.690987984] [cmd_vel_chassis_serial]: Serial write failed: write failed: [Errno 5] Input/output error
[cmd_vel_chassis_serial.py-1] [ERROR] [1784046701.709012750] [cmd_vel_chassis_serial]: Serial write failed: write failed: [Errno 5] Input/output error
[cmd_vel_chassis_serial.py-1] [ERROR] [1784046701.725234154] [cmd_vel_chassis_serial]: Serial write failed: write failed: [Errno 5] Input/output error
[cmd_vel_chassis_serial.py-1] [ERROR] [1784046701.742749286] [cmd_vel_chassis_serial]: Serial write failed: write failed: [Errno 5] Input/output error
[cmd_vel_chassis_serial.py-1] [ERROR] [1784046701.769081225] [cmd_vel_chassis_serial]: Serial write failed: write failed: [Errno 5] Input/output error
[cmd_vel_chassis_serial.py-1] [ERROR] [1784046701.794527722] [cmd_vel_chassis_serial]: Serial write failed: write failed: [Errno 5] Input/output error
[cmd_vel_chassis_serial.py-1] [ERROR] [1784046701.812782991] [cmd_vel_chassis_serial]: Serial write failed: write failed: [Errno 5] Input/output error
[cmd_vel_chassis_serial.py-1] [ERROR] [1784046701.848338823] [cmd_vel_chassis_serial]: Serial write failed: write failed: [Errno 5] Input/output error
[cmd_vel_chassis_serial.py-1] [ERROR] [1784046701.882042318] [cmd_vel_chassis_serial]: Serial write failed: write failed: [Errno 5] Input/output error
[cmd_vel_chassis_serial.py-1] [ERROR] [1784046701.915207732] [cmd_vel_chassis_serial]: Serial write failed: write failed: [Errno 5] Input/output error
[cmd_vel_chassis_serial.py-1] [ERROR] [1784046701.966141759] [cmd_vel_chassis_serial]: Serial write failed: write failed: [Errno 5] Input/output error
[cmd_vel_chassis_serial.py-1] [ERROR] [1784046701.994708863] [cmd_vel_chassis_serial]: Serial write failed: write failed: [Errno 5] Input/output error
[cmd_vel_chassis_serial.py-1] [ERROR] [1784046702.047164649] [cmd_vel_chassis_serial]: Serial write failed: write failed: [Errno 5] Input/output error
[cmd_vel_chassis_serial.py-1] [ERROR] [1784046702.084591185] [cmd_vel_chassis_serial]: Serial write failed: write failed: [Errno 5] Input/output error
[cmd_vel_chassis_serial.py-1] [ERROR] [1784046702.117229315] [cmd_vel_chassis_serial]: Serial write failed: write failed: [Errno 5] Input/output error
[cmd_vel_chassis_serial.py-1] [ERROR] [1784046702.130997629] [cmd_vel_chassis_serial]: Serial write failed: write failed: [Errno 5] Input/output error
[cmd_vel_chassis_serial.py-1] [ERROR] [1784046702.161427732] [cmd_vel_chassis_serial]: Serial write failed: write failed: [Errno 5] Input/output error
[cmd_vel_chassis_serial.py-1] [ERROR] [1784046702.193203683] [cmd_vel_chassis_serial]: Serial write failed: write failed: [Errno 5] Input/output error
[cmd_vel_chassis_serial.py-1] [ERROR] [1784046702.205029531] [cmd_vel_chassis_serial]: Serial write failed: write failed: [Errno 5] Input/output error
[cmd_vel_chassis_serial.py-1] [ERROR] [1784046702.228097171] [cmd_vel_chassis_serial]: Serial write failed: write failed: [Errno 5] Input/output error
[cmd_vel_chassis_serial.py-1] [ERROR] [1784046702.247392203] [cmd_vel_chassis_serial]: Serial write failed: write failed: [Errno 5] Input/output error
[cmd_vel_chassis_serial.py-1] [ERROR] [1784046702.264766522] [cmd_vel_chassis_serial]: Serial write failed: write failed: [Errno 5] Input/output error
[cmd_vel_chassis_serial.py-1] [ERROR] [1784046702.312698445] [cmd_vel_chassis_serial]: Serial write failed: write failed: [Errno 5] Input/output error
[cmd_vel_chassis_serial.py-1] [ERROR] [1784046702.333807110] [cmd_vel_chassis_serial]: Serial write failed: write failed: [Errno 5] Input/output error
[cmd_vel_chassis_serial.py-1] [ERROR] [1784046702.361361745] [cmd_vel_chassis_serial]: Serial write failed: write failed: [Errno 5] Input/output error
[cmd_vel_chassis_serial.py-1] [ERROR] [1784046702.415470611] [cmd_vel_chassis_serial]: Serial write failed: write failed: [Errno 5] Input/output error
[cmd_vel_chassis_serial.py-1] [ERROR] [1784046702.498840425] [cmd_vel_chassis_serial]: Serial write failed: write failed: [Errno 5] Input/output error
[cmd_vel_chassis_serial.py-1] [ERROR] [1784046702.564071848] [cmd_vel_chassis_serial]: Serial write failed: write failed: [Errno 5] Input/output error
[cmd_vel_chassis_serial.py-1] [ERROR] [1784046702.629734654] [cmd_vel_chassis_serial]: Serial write failed: write failed: [Errno 5] Input/output error
[cmd_vel_chassis_serial.py-1] [ERROR] [1784046702.665241928] [cmd_vel_chassis_serial]: Serial write failed: write failed: [Errno 5] Input/output error
[cmd_vel_chassis_serial.py-1] [ERROR] [1784046702.724111245] [cmd_vel_chassis_serial]: Serial write failed: write failed: [Errno 5] Input/output error
[cmd_vel_chassis_serial.py-1] [ERROR] [1784046702.787538526] [cmd_vel_chassis_serial]: Serial write failed: write failed: [Errno 5] Input/output error
[cmd_vel_chassis_serial.py-1] [ERROR] [1784046702.854473454] [cmd_vel_chassis_serial]: Serial write failed: write failed: [Errno 5] Input/output error
[cmd_vel_chassis_serial.py-1] [ERROR] [1784046702.913821509] [cmd_vel_chassis_serial]: Serial write failed: write failed: [Errno 5] Input/output error
[cmd_vel_chassis_serial.py-1] [ERROR] [1784046702.953892446] [cmd_vel_chassis_serial]: Serial write failed: write failed: [Errno 5] Input/output error
[cmd_vel_chassis_serial.py-1] [ERROR] [1784046703.008589473] [cmd_vel_chassis_serial]: Serial write failed: write failed: [Errno 5] Input/output error
[cmd_vel_chassis_serial.py-1] [ERROR] [1784046703.029084885] [cmd_vel_chassis_serial]: Serial write failed: write failed: [Errno 5] Input/output error
[cmd_vel_chassis_serial.py-1] [ERROR] [1784046703.046437720] [cmd_vel_chassis_serial]: Serial write failed: write failed: [Errno 5] Input/output error
[cmd_vel_chassis_serial.py-1] [ERROR] [1784046703.061000055] [cmd_vel_chassis_serial]: Serial write failed: write failed: [Errno 5] Input/output error
[cmd_vel_chassis_serial.py-1] [ERROR] [1784046703.081813866] [cmd_vel_chassis_serial]: Serial write failed: write failed: [Errno 5] Input/output error
[cmd_vel_chassis_serial.py-1] [ERROR] [1784046703.106760053] [cmd_vel_chassis_serial]: Serial write failed: write failed: [Errno 5] Input/output error
[cmd_vel_chassis_serial.py-1] [ERROR] [1784046703.126367767] [cmd_vel_chassis_serial]: Serial write failed: write failed: [Errno 5] Input/output error
[cmd_vel_chassis_serial.py-1] [ERROR] [1784046703.149977284] [cmd_vel_chassis_serial]: Serial write failed: write failed: [Errno 5] Input/output error
[cmd_vel_chassis_serial.py-1] [ERROR] [1784046703.169619239] [cmd_vel_chassis_serial]: Serial write failed: write failed: [Errno 5] Input/output error
[cmd_vel_chassis_serial.py-1] [ERROR] [1784046703.187982654] [cmd_vel_chassis_serial]: Serial write failed: write failed: [Errno 5] Input/output error
[cmd_vel_chassis_serial.py-1] [ERROR] [1784046703.204087831] [cmd_vel_chassis_serial]: Serial write failed: write failed: [Errno 5] Input/output error
[cmd_vel_chassis_serial.py-1] [ERROR] [1784046703.228981420] [cmd_vel_chassis_serial]: Serial write failed: write failed: [Errno 5] Input/output error
[cmd_vel_chassis_serial.py-1] [ERROR] [1784046703.278690575] [cmd_vel_chassis_serial]: Serial write failed: write failed: [Errno 5] Input/output error
[cmd_vel_chassis_serial.py-1] [ERROR] [1784046703.296018058] [cmd_vel_chassis_serial]: Serial write failed: write failed: [Errno 5] Input/output error
[cmd_vel_chassis_serial.py-1] [ERROR] [1784046703.323086260] [cmd_vel_chassis_serial]: Serial write failed: write failed: [Errno 5] Input/output error
[cmd_vel_chassis_serial.py-1] [ERROR] [1784046703.337403947] [cmd_vel_chassis_serial]: Serial write failed: write failed: [Errno 5] Input/output error
[cmd_vel_chassis_serial.py-1] [ERROR] [1784046703.374577554] [cmd_vel_chassis_serial]: Serial write failed: write failed: [Errno 5] Input/output error
[cmd_vel_chassis_serial.py-1] [ERROR] [1784046703.394616938] [cmd_vel_chassis_serial]: Serial write failed: write failed: [Errno 5] Input/output error
[cmd_vel_chassis_serial.py-1] [ERROR] [1784046703.420778857] [cmd_vel_chassis_serial]: Serial write failed: write failed: [Errno 5] Input/output error
[cmd_vel_chassis_serial.py-1] [ERROR] [1784046703.449049797] [cmd_vel_chassis_serial]: Serial write failed: write failed: [Errno 5] Input/output error
[cmd_vel_chassis_serial.py-1] [ERROR] [1784046703.483238814] [cmd_vel_chassis_serial]: Serial write failed: write failed: [Errno 5] Input/output error
[cmd_vel_chassis_serial.py-1] [ERROR] [1784046703.509837324] [cmd_vel_chassis_serial]: Serial write failed: write failed: [Errno 5] Input/output error
[cmd_vel_chassis_serial.py-1] [ERROR] [1784046703.532001518] [cmd_vel_chassis_serial]: Serial write failed: write failed: [Errno 5] Input/output error
[cmd_vel_chassis_serial.py-1] [ERROR] [1784046703.558300440] [cmd_vel_chassis_serial]: Serial write failed: write failed: [Errno 5] Input/output error
[cmd_vel_chassis_serial.py-1] [ERROR] [1784046703.586484863] [cmd_vel_chassis_serial]: Serial write failed: write failed: [Errno 5] Input/output error
[cmd_vel_chassis_serial.py-1] [ERROR] [1784046703.607468108] [cmd_vel_chassis_serial]: Serial write failed: write failed: [Errno 5] Input/output error
[cmd_vel_chassis_serial.py-1] [ERROR] [1784046703.634971772] [cmd_vel_chassis_serial]: Serial write failed: write failed: [Errno 5] Input/output error
[cmd_vel_chassis_serial.py-1] [ERROR] [1784046703.660505434] [cmd_vel_chassis_serial]: Serial write failed: write failed: [Errno 5] Input/output error
[cmd_vel_chassis_serial.py-1] [ERROR] [1784046703.681187700] [cmd_vel_chassis_serial]: Serial write failed: write failed: [Errno 5] Input/output error
[cmd_vel_chassis_serial.py-1] [ERROR] [1784046703.715183013] [cmd_vel_chassis_serial]: Serial write failed: write failed: [Errno 5] Input/output error
[cmd_vel_chassis_serial.py-1] [ERROR] [1784046703.743774811] [cmd_vel_chassis_serial]: Serial write failed: write failed: [Errno 5] Input/output error
[cmd_vel_chassis_serial.py-1] [ERROR] [1784046703.783182384] [cmd_vel_chassis_serial]: Serial write failed: write failed: [Errno 5] Input/output error
[cmd_vel_chassis_serial.py-1] [ERROR] [1784046703.814456089] [cmd_vel_chassis_serial]: Serial write failed: write failed: [Errno 5] Input/output error
[cmd_vel_chassis_serial.py-1] [ERROR] [1784046703.859542119] [cmd_vel_chassis_serial]: Serial write failed: write failed: [Errno 5] Input/output error
[cmd_vel_chassis_serial.py-1] [ERROR] [1784046703.887154891] [cmd_vel_chassis_serial]: Serial write failed: write failed: [Errno 5] Input/output error
[cmd_vel_chassis_serial.py-1] [ERROR] [1784046703.922105126] [cmd_vel_chassis_serial]: Serial write failed: write failed: [Errno 5] Input/output error
[cmd_vel_chassis_serial.py-1] [ERROR] [1784046703.962538396] [cmd_vel_chassis_serial]: Serial write failed: write failed: [Errno 5] Input/output error
[cmd_vel_chassis_serial.py-1] [ERROR] [1784046703.999772340] [cmd_vel_chassis_serial]: Serial write failed: write failed: [Errno 5] Input/output error
[cmd_vel_chassis_serial.py-1] [ERROR] [1784046704.036391126] [cmd_vel_chassis_serial]: Serial write failed: write failed: [Errno 5] Input/output error
[cmd_vel_chassis_serial.py-1] [ERROR] [1784046704.061896660] [cmd_vel_chassis_serial]: Serial write failed: write failed: [Errno 5] Input/output error
[cmd_vel_chassis_serial.py-1] [ERROR] [1784046704.076984686] [cmd_vel_chassis_serial]: Serial write failed: write failed: [Errno 5] Input/output error
[cmd_vel_chassis_serial.py-1] [ERROR] [1784046704.094712410] [cmd_vel_chassis_serial]: Serial write failed: write failed: [Errno 5] Input/output error
[cmd_vel_chassis_serial.py-1] [ERROR] [1784046704.117290429] [cmd_vel_chassis_serial]: Serial write failed: write failed: [Errno 5] Input/output error
[cmd_vel_chassis_serial.py-1] [ERROR] [1784046704.148058623] [cmd_vel_chassis_serial]: Serial write failed: write failed: [Errno 5] Input/output error
[cmd_vel_chassis_serial.py-1] [ERROR] [1784046704.159520581] [cmd_vel_chassis_serial]: Serial write failed: write failed: [Errno 5] Input/output error
[cmd_vel_chassis_serial.py-1] [ERROR] [1784046704.183620625] [cmd_vel_chassis_serial]: Serial write failed: write failed: [Errno 5] Input/output error
[cmd_vel_chassis_serial.py-1] [ERROR] [1784046704.196588244] [cmd_vel_chassis_serial]: Serial write failed: write failed: [Errno 5] Input/output error
[cmd_vel_chassis_serial.py-1] [ERROR] [1784046704.218045926] [cmd_vel_chassis_serial]: Serial write failed: write failed: [Errno 5] Input/output error
[cmd_vel_chassis_serial.py-1] [ERROR] [1784046704.235061433] [cmd_vel_chassis_serial]: Serial write failed: write failed: [Errno 5] Input/output error
[cmd_vel_chassis_serial.py-1] [ERROR] [1784046704.260377844] [cmd_vel_chassis_serial]: Serial write failed: write failed: [Errno 5] Input/output error
[cmd_vel_chassis_serial.py-1] [ERROR] [1784046704.289202732] [cmd_vel_chassis_serial]: Serial write failed: write failed: [Errno 5] Input/output error
[cmd_vel_chassis_serial.py-1] [ERROR] [1784046704.300116868] [cmd_vel_chassis_serial]: Serial write failed: write failed: [Errno 5] Input/output error
[cmd_vel_chassis_serial.py-1] [ERROR] [1784046704.318519809] [cmd_vel_chassis_serial]: Serial write failed: write failed: [Errno 5] Input/output error
[cmd_vel_chassis_serial.py-1] [ERROR] [1784046704.334342884] [cmd_vel_chassis_serial]: Serial write failed: write failed: [Errno 5] Input/output error
[cmd_vel_chassis_serial.py-1] [ERROR] [1784046704.358068774] [cmd_vel_chassis_serial]: Serial write failed: write failed: [Errno 5] Input/output error
[cmd_vel_chassis_serial.py-1] [ERROR] [1784046704.384851709] [cmd_vel_chassis_serial]: Serial write failed: write failed: [Errno 5] Input/output error
[cmd_vel_chassis_serial.py-1] [ERROR] [1784046704.400344807] [cmd_vel_chassis_serial]: Serial write failed: write failed: [Errno 5] Input/output error
[cmd_vel_chassis_serial.py-1] [ERROR] [1784046704.427775603] [cmd_vel_chassis_serial]: Serial write failed: write failed: [Errno 5] Input/output error
[cmd_vel_chassis_serial.py-1] [ERROR] [1784046704.462101405] [cmd_vel_chassis_serial]: Serial write failed: write failed: [Errno 5] Input/output error
[cmd_vel_chassis_serial.py-1] [ERROR] [1784046704.497080407] [cmd_vel_chassis_serial]: Serial write failed: write failed: [Errno 5] Input/output error
[cmd_vel_chassis_serial.py-1] [ERROR] [1784046704.517070245] [cmd_vel_chassis_serial]: Serial write failed: write failed: [Errno 5] Input/output error
[cmd_vel_chassis_serial.py-1] [ERROR] [1784046704.542221050] [cmd_vel_chassis_serial]: Serial write failed: write failed: [Errno 5] Input/output error
[cmd_vel_chassis_serial.py-1] [ERROR] [1784046704.568079681] [cmd_vel_chassis_serial]: Serial write failed: write failed: [Errno 5] Input/output error
[cmd_vel_chassis_serial.py-1] [ERROR] [1784046704.595517748] [cmd_vel_chassis_serial]: Serial write failed: write failed: [Errno 5] Input/output error
[cmd_vel_chassis_serial.py-1] [ERROR] [1784046704.621962019] [cmd_vel_chassis_serial]: Serial write failed: write failed: [Errno 5] Input/output error
[cmd_vel_chassis_serial.py-1] [ERROR] [1784046704.654794170] [cmd_vel_chassis_serial]: Serial write failed: write failed: [Errno 5] Input/output error
[cmd_vel_chassis_serial.py-1] [ERROR] [1784046704.682961755] [cmd_vel_chassis_serial]: Serial write failed: write failed: [Errno 5] Input/output error
[cmd_vel_chassis_serial.py-1] [ERROR] [1784046704.724383552] [cmd_vel_chassis_serial]: Serial write failed: write failed: [Errno 5] Input/output error
[cmd_vel_chassis_serial.py-1] [ERROR] [1784046704.779490716] [cmd_vel_chassis_serial]: Serial write failed: write failed: [Errno 5] Input/output error
[cmd_vel_chassis_serial.py-1] [ERROR] [1784046704.797779029] [cmd_vel_chassis_serial]: Serial write failed: write failed: [Errno 5] Input/output error
[cmd_vel_chassis_serial.py-1] [ERROR] [1784046704.810132812] [cmd_vel_chassis_serial]: Serial write failed: write failed: [Errno 5] Input/output error
[cmd_vel_chassis_serial.py-1] [ERROR] [1784046704.829312999] [cmd_vel_chassis_serial]: Serial write failed: write failed: [Errno 5] Input/output error
[cmd_vel_chassis_serial.py-1] [ERROR] [1784046704.837010722] [cmd_vel_chassis_serial]: Serial write failed: write failed: [Errno 5] Input/output error
[cmd_vel_chassis_serial.py-1] [ERROR] [1784046704.877900677] [cmd_vel_chassis_serial]: Serial write failed: write failed: [Errno 5] Input/output error
[cmd_vel_chassis_serial.py-1] [ERROR] [1784046704.898383664] [cmd_vel_chassis_serial]: Serial write failed: write failed: [Errno 5] Input/output error
[cmd_vel_chassis_serial.py-1] [ERROR] [1784046704.926319318] [cmd_vel_chassis_serial]: Serial write failed: write failed: [Errno 5] Input/output error
[cmd_vel_chassis_serial.py-1] [ERROR] [1784046704.936235208] [cmd_vel_chassis_serial]: Serial write failed: write failed: [Errno 5] Input/output error
[cmd_vel_chassis_serial.py-1] [ERROR] [1784046704.969650431] [cmd_vel_chassis_serial]: Serial write failed: write failed: [Errno 5] Input/output error
[cmd_vel_chassis_serial.py-1] [ERROR] [1784046704.986655285] [cmd_vel_chassis_serial]: Serial write failed: write failed: [Errno 5] Input/output error
[cmd_vel_chassis_serial.py-1] [ERROR] [1784046705.026636155] [cmd_vel_chassis_serial]: Serial write failed: write failed: [Errno 5] Input/output error
[cmd_vel_chassis_serial.py-1] [ERROR] [1784046705.036833697] [cmd_vel_chassis_serial]: Serial write failed: write failed: [Errno 5] Input/output error
[cmd_vel_chassis_serial.py-1] [ERROR] [1784046705.064683069] [cmd_vel_chassis_serial]: Serial write failed: write failed: [Errno 5] Input/output error
[cmd_vel_chassis_serial.py-1] [ERROR] [1784046705.083214703] [cmd_vel_chassis_serial]: Serial write failed: write failed: [Errno 5] Input/output error
[cmd_vel_chassis_serial.py-1] [ERROR] [1784046705.122984235] [cmd_vel_chassis_serial]: Serial write failed: write failed: [Errno 5] Input/output error
[cmd_vel_chassis_serial.py-1] [ERROR] [1784046705.169689928] [cmd_vel_chassis_serial]: Serial write failed: write failed: [Errno 5] Input/output error
[cmd_vel_chassis_serial.py-1] [ERROR] [1784046705.215483938] [cmd_vel_chassis_serial]: Serial write failed: write failed: [Errno 5] Input/output error
[cmd_vel_chassis_serial.py-1] [ERROR] [1784046705.246932071] [cmd_vel_chassis_serial]: Serial write failed: write failed: [Errno 5] Input/output error
[cmd_vel_chassis_serial.py-1] [ERROR] [1784046705.298735167] [cmd_vel_chassis_serial]: Serial write failed: write failed: [Errno 5] Input/output error
[cmd_vel_chassis_serial.py-1] [ERROR] [1784046705.340404489] [cmd_vel_chassis_serial]: Serial write failed: write failed: [Errno 5] Input/output error
[cmd_vel_chassis_serial.py-1] [ERROR] [1784046705.398072960] [cmd_vel_chassis_serial]: Serial write failed: write failed: [Errno 5] Input/output error
[cmd_vel_chassis_serial.py-1] [ERROR] [1784046705.442617440] [cmd_vel_chassis_serial]: Serial write failed: write failed: [Errno 5] Input/output error
[cmd_vel_chassis_serial.py-1] [ERROR] [1784046705.467072183] [cmd_vel_chassis_serial]: Serial write failed: write failed: [Errno 5] Input/output error
[cmd_vel_chassis_serial.py-1] [ERROR] [1784046705.494729745] [cmd_vel_chassis_serial]: Serial write failed: write failed: [Errno 5] Input/output error
[cmd_vel_chassis_serial.py-1] [ERROR] [1784046705.509228559] [cmd_vel_chassis_serial]: Serial write failed: write failed: [Errno 5] Input/output error
[cmd_vel_chassis_serial.py-1] [ERROR] [1784046705.545030659] [cmd_vel_chassis_serial]: Serial write failed: write failed: [Errno 5] Input/output error
[cmd_vel_chassis_serial.py-1] [ERROR] [1784046705.584569604] [cmd_vel_chassis_serial]: Serial write failed: write failed: [Errno 5] Input/output error
[cmd_vel_chassis_serial.py-1] [ERROR] [1784046705.636774340] [cmd_vel_chassis_serial]: Serial write failed: write failed: [Errno 5] Input/output error
[cmd_vel_chassis_serial.py-1] [ERROR] [1784046705.681933255] [cmd_vel_chassis_serial]: Serial write failed: write failed: [Errno 5] Input/output error
[cmd_vel_chassis_serial.py-1] [ERROR] [1784046705.718249260] [cmd_vel_chassis_serial]: Serial write failed: write failed: [Errno 5] Input/output error
[cmd_vel_chassis_serial.py-1] [ERROR] [1784046705.746301024] [cmd_vel_chassis_serial]: Serial write failed: write failed: [Errno 5] Input/output error
[cmd_vel_chassis_serial.py-1] [ERROR] [1784046705.770297508] [cmd_vel_chassis_serial]: Serial write failed: write failed: [Errno 5] Input/output error
[cmd_vel_chassis_serial.py-1] [ERROR] [1784046705.808144094] [cmd_vel_chassis_serial]: Serial write failed: write failed: [Errno 5] Input/output error
[cmd_vel_chassis_serial.py-1] [ERROR] [1784046705.839176429] [cmd_vel_chassis_serial]: Serial write failed: write failed: [Errno 5] Input/output error
[cmd_vel_chassis_serial.py-1] [ERROR] [1784046705.864575739] [cmd_vel_chassis_serial]: Serial write failed: write failed: [Errno 5] Input/output error
[cmd_vel_chassis_serial.py-1] [ERROR] [1784046705.913239496] [cmd_vel_chassis_serial]: Serial write failed: write failed: [Errno 5] Input/output error
[cmd_vel_chassis_serial.py-1] [ERROR] [1784046705.945223466] [cmd_vel_chassis_serial]: Serial write failed: write failed: [Errno 5] Input/output error
[cmd_vel_chassis_serial.py-1] [ERROR] [1784046705.978297479] [cmd_vel_chassis_serial]: Serial write failed: write failed: [Errno 5] Input/output error
[cmd_vel_chassis_serial.py-1] [ERROR] [1784046706.001679252] [cmd_vel_chassis_serial]: Serial write failed: write failed: [Errno 5] Input/output error
[cmd_vel_chassis_serial.py-1] [ERROR] [1784046706.021976833] [cmd_vel_chassis_serial]: Serial write failed: write failed: [Errno 5] Input/output error
[cmd_vel_chassis_serial.py-1] [ERROR] [1784046706.038735258] [cmd_vel_chassis_serial]: Serial write failed: write failed: [Errno 5] Input/output error
[cmd_vel_chassis_serial.py-1] [ERROR] [1784046706.080995126] [cmd_vel_chassis_serial]: Serial write failed: write failed: [Errno 5] Input/output error
[cmd_vel_chassis_serial.py-1] [ERROR] [1784046706.095114691] [cmd_vel_chassis_serial]: Serial write failed: write failed: [Errno 5] Input/output error
[cmd_vel_chassis_serial.py-1] [ERROR] [1784046706.112983603] [cmd_vel_chassis_serial]: Serial write failed: write failed: [Errno 5] Input/output error
[cmd_vel_chassis_serial.py-1] [ERROR] [1784046706.133647455] [cmd_vel_chassis_serial]: Serial write failed: write failed: [Errno 5] Input/output error
[cmd_vel_chassis_serial.py-1] [ERROR] [1784046706.146152322] [cmd_vel_chassis_serial]: Serial write failed: write failed: [Errno 5] Input/output error
[cmd_vel_chassis_serial.py-1] [ERROR] [1784046706.160203403] [cmd_vel_chassis_serial]: Serial write failed: write failed: [Errno 5] Input/output error
[cmd_vel_chassis_serial.py-1] [ERROR] [1784046706.179138698] [cmd_vel_chassis_serial]: Serial write failed: write failed: [Errno 5] Input/output error
[cmd_vel_chassis_serial.py-1] [ERROR] [1784046706.195564482] [cmd_vel_chassis_serial]: Serial write failed: write failed: [Errno 5] Input/output error
[cmd_vel_chassis_serial.py-1] [ERROR] [1784046706.214930428] [cmd_vel_chassis_serial]: Serial write failed: write failed: [Errno 5] Input/output error
[cmd_vel_chassis_serial.py-1] [ERROR] [1784046706.237045867] [cmd_vel_chassis_serial]: Serial write failed: write failed: [Errno 5] Input/output error
[cmd_vel_chassis_serial.py-1] [ERROR] [1784046706.256716740] [cmd_vel_chassis_serial]: Serial write failed: write failed: [Errno 5] Input/output error
[cmd_vel_chassis_serial.py-1] [ERROR] [1784046706.280198005] [cmd_vel_chassis_serial]: Serial write failed: write failed: [Errno 5] Input/output error
[cmd_vel_chassis_serial.py-1] [ERROR] [1784046706.298037342] [cmd_vel_chassis_serial]: Serial write failed: write failed: [Errno 5] Input/output error
[cmd_vel_chassis_serial.py-1] [ERROR] [1784046706.328386561] [cmd_vel_chassis_serial]: Serial write failed: write failed: [Errno 5] Input/output error
[cmd_vel_chassis_serial.py-1] [ERROR] [1784046706.342559421] [cmd_vel_chassis_serial]: Serial write failed: write failed: [Errno 5] Input/output error
[cmd_vel_chassis_serial.py-1] [ERROR] [1784046706.365915703] [cmd_vel_chassis_serial]: Serial write failed: write failed: [Errno 5] Input/output error
[cmd_vel_chassis_serial.py-1] [ERROR] [1784046706.382520808] [cmd_vel_chassis_serial]: Serial write failed: write failed: [Errno 5] Input/output error
[cmd_vel_chassis_serial.py-1] [ERROR] [1784046706.411894732] [cmd_vel_chassis_serial]: Serial write failed: write failed: [Errno 5] Input/output error
[cmd_vel_chassis_serial.py-1] [ERROR] [1784046706.431676489] [cmd_vel_chassis_serial]: Serial write failed: write failed: [Errno 5] Input/output error
[cmd_vel_chassis_serial.py-1] [ERROR] [1784046706.443767837] [cmd_vel_chassis_serial]: Serial write failed: write failed: [Errno 5] Input/output error
[cmd_vel_chassis_serial.py-1] [ERROR] [1784046706.465628873] [cmd_vel_chassis_serial]: Serial write failed: write failed: [Errno 5] Input/output error
[cmd_vel_chassis_serial.py-1] [ERROR] [1784046706.480376538] [cmd_vel_chassis_serial]: Serial write failed: write failed: [Errno 5] Input/output error
[cmd_vel_chassis_serial.py-1] [ERROR] [1784046706.500723455] [cmd_vel_chassis_serial]: Serial write failed: write failed: [Errno 5] Input/output error
[cmd_vel_chassis_serial.py-1] [ERROR] [1784046706.521206308] [cmd_vel_chassis_serial]: Serial write failed: write failed: [Errno 5] Input/output error
[cmd_vel_chassis_serial.py-1] [ERROR] [1784046706.535748653] [cmd_vel_chassis_serial]: Serial write failed: write failed: [Errno 5] Input/output error
[cmd_vel_chassis_serial.py-1] [ERROR] [1784046706.558171058] [cmd_vel_chassis_serial]: Serial write failed: write failed: [Errno 5] Input/output error
[cmd_vel_chassis_serial.py-1] [ERROR] [1784046706.577548547] [cmd_vel_chassis_serial]: Serial write failed: write failed: [Errno 5] Input/output error
[cmd_vel_chassis_serial.py-1] [ERROR] [1784046706.595564876] [cmd_vel_chassis_serial]: Serial write failed: write failed: [Errno 5] Input/output error
[cmd_vel_chassis_serial.py-1] [ERROR] [1784046706.628066346] [cmd_vel_chassis_serial]: Serial write failed: write failed: [Errno 5] Input/output error
[cmd_vel_chassis_serial.py-1] [ERROR] [1784046706.648192118] [cmd_vel_chassis_serial]: Serial write failed: write failed: [Errno 5] Input/output error
[cmd_vel_chassis_serial.py-1] [ERROR] [1784046706.664539460] [cmd_vel_chassis_serial]: Serial write failed: write failed: [Errno 5] Input/output error
[cmd_vel_chassis_serial.py-1] [ERROR] [1784046706.689809931] [cmd_vel_chassis_serial]: Serial write failed: write failed: [Errno 5] Input/output error
[cmd_vel_chassis_serial.py-1] [ERROR] [1784046706.713195765] [cmd_vel_chassis_serial]: Serial write failed: write failed: [Errno 5] Input/output error
[cmd_vel_chassis_serial.py-1] [ERROR] [1784046706.725466002] [cmd_vel_chassis_serial]: Serial write failed: write failed: [Errno 5] Input/output error
[cmd_vel_chassis_serial.py-1] [ERROR] [1784046706.734935011] [cmd_vel_chassis_serial]: Serial write failed: write failed: [Errno 5] Input/output error
[cmd_vel_chassis_serial.py-1] [ERROR] [1784046706.754325757] [cmd_vel_chassis_serial]: Serial write failed: write failed: [Errno 5] Input/output error
[cmd_vel_chassis_serial.py-1] [ERROR] [1784046706.779421180] [cmd_vel_chassis_serial]: Serial write failed: write failed: [Errno 5] Input/output error
[cmd_vel_chassis_serial.py-1] [ERROR] [1784046706.795821720] [cmd_vel_chassis_serial]: Serial write failed: write failed: [Errno 5] Input/output error
[cmd_vel_chassis_serial.py-1] [ERROR] [1784046706.816070494] [cmd_vel_chassis_serial]: Serial write failed: write failed: [Errno 5] Input/output error
[cmd_vel_chassis_serial.py-1] [ERROR] [1784046706.834889710] [cmd_vel_chassis_serial]: Serial write failed: write failed: [Errno 5] Input/output error
[cmd_vel_chassis_serial.py-1] [ERROR] [1784046706.854588969] [cmd_vel_chassis_serial]: Serial write failed: write failed: [Errno 5] Input/output error
[cmd_vel_chassis_serial.py-1] [ERROR] [1784046706.874795871] [cmd_vel_chassis_serial]: Serial write failed: write failed: [Errno 5] Input/output error
[cmd_vel_chassis_serial.py-1] [ERROR] [1784046706.896233082] [cmd_vel_chassis_serial]: Serial write failed: write failed: [Errno 5] Input/output error
[cmd_vel_chassis_serial.py-1] [ERROR] [1784046706.915740436] [cmd_vel_chassis_serial]: Serial write failed: write failed: [Errno 5] Input/output error
[cmd_vel_chassis_serial.py-1] [ERROR] [1784046706.935579386] [cmd_vel_chassis_serial]: Serial write failed: write failed: [Errno 5] Input/output error
[cmd_vel_chassis_serial.py-1] [ERROR] [1784046706.955126561] [cmd_vel_chassis_serial]: Serial write failed: write failed: [Errno 5] Input/output error
[cmd_vel_chassis_serial.py-1] [ERROR] [1784046706.977875020] [cmd_vel_chassis_serial]: Serial write failed: write failed: [Errno 5] Input/output error
[cmd_vel_chassis_serial.py-1] [ERROR] [1784046706.996027213] [cmd_vel_chassis_serial]: Serial write failed: write failed: [Errno 5] Input/output error
[cmd_vel_chassis_serial.py-1] [ERROR] [1784046707.015134321] [cmd_vel_chassis_serial]: Serial write failed: write failed: [Errno 5] Input/output error
[cmd_vel_chassis_serial.py-1] [ERROR] [1784046707.037417711] [cmd_vel_chassis_serial]: Serial write failed: write failed: [Errno 5] Input/output error
[cmd_vel_chassis_serial.py-1] [ERROR] [1784046707.060590924] [cmd_vel_chassis_serial]: Serial write failed: write failed: [Errno 5] Input/output error
[cmd_vel_chassis_serial.py-1] [ERROR] [1784046707.080793151] [cmd_vel_chassis_serial]: Serial write failed: write failed: [Errno 5] Input/output error
[cmd_vel_chassis_serial.py-1] [ERROR] [1784046707.097717330] [cmd_vel_chassis_serial]: Serial write failed: write failed: [Errno 5] Input/output error
[cmd_vel_chassis_serial.py-1] [ERROR] [1784046707.122324505] [cmd_vel_chassis_serial]: Serial write failed: write failed: [Errno 5] Input/output error
[cmd_vel_chassis_serial.py-1] [ERROR] [1784046707.137393885] [cmd_vel_chassis_serial]: Serial write failed: write failed: [Errno 5] Input/output error
[cmd_vel_chassis_serial.py-1] [ERROR] [1784046707.159489952] [cmd_vel_chassis_serial]: Serial write failed: write failed: [Errno 5] Input/output error
[cmd_vel_chassis_serial.py-1] [ERROR] [1784046707.194531152] [cmd_vel_chassis_serial]: Serial write failed: write failed: [Errno 5] Input/output error
[cmd_vel_chassis_serial.py-1] [ERROR] [1784046707.210421918] [cmd_vel_chassis_serial]: Serial write failed: write failed: [Errno 5] Input/output error
[cmd_vel_chassis_serial.py-1] [ERROR] [1784046707.230630276] [cmd_vel_chassis_serial]: Serial write failed: write failed: [Errno 5] Input/output error
[cmd_vel_chassis_serial.py-1] [ERROR] [1784046707.252736637] [cmd_vel_chassis_serial]: Serial write failed: write failed: [Errno 5] Input/output error
[cmd_vel_chassis_serial.py-1] [ERROR] [1784046707.274003388] [cmd_vel_chassis_serial]: Serial write failed: write failed: [Errno 5] Input/output error
[cmd_vel_chassis_serial.py-1] [ERROR] [1784046707.299096057] [cmd_vel_chassis_serial]: Serial write failed: write failed: [Errno 5] Input/output error
[cmd_vel_chassis_serial.py-1] [ERROR] [1784046707.328958841] [cmd_vel_chassis_serial]: Serial write failed: write failed: [Errno 5] Input/output error
[cmd_vel_chassis_serial.py-1] [ERROR] [1784046707.347737988] [cmd_vel_chassis_serial]: Serial write failed: write failed: [Errno 5] Input/output error
[cmd_vel_chassis_serial.py-1] [ERROR] [1784046707.364736014] [cmd_vel_chassis_serial]: Serial write failed: write failed: [Errno 5] Input/output error
[cmd_vel_chassis_serial.py-1] [ERROR] [1784046707.382684740] [cmd_vel_chassis_serial]: Serial write failed: write failed: [Errno 5] Input/output error
[cmd_vel_chassis_serial.py-1] [ERROR] [1784046707.407582731] [cmd_vel_chassis_serial]: Serial write failed: write failed: [Errno 5] Input/output error
[cmd_vel_chassis_serial.py-1] [ERROR] [1784046707.420345783] [cmd_vel_chassis_serial]: Serial write failed: write failed: [Errno 5] Input/output error
[cmd_vel_chassis_serial.py-1] [ERROR] [1784046707.448526154] [cmd_vel_chassis_serial]: Serial write failed: write failed: [Errno 5] Input/output error
[cmd_vel_chassis_serial.py-1] [ERROR] [1784046707.469970245] [cmd_vel_chassis_serial]: Serial write failed: write failed: [Errno 5] Input/output error
[cmd_vel_chassis_serial.py-1] [ERROR] [1784046707.488669366] [cmd_vel_chassis_serial]: Serial write failed: write failed: [Errno 5] Input/output error
[cmd_vel_chassis_serial.py-1] [ERROR] [1784046707.512066963] [cmd_vel_chassis_serial]: Serial write failed: write failed: [Errno 5] Input/output error
[cmd_vel_chassis_serial.py-1] [ERROR] [1784046707.533743608] [cmd_vel_chassis_serial]: Serial write failed: write failed: [Errno 5] Input/output error
[cmd_vel_chassis_serial.py-1] [ERROR] [1784046707.553035364] [cmd_vel_chassis_serial]: Serial write failed: write failed: [Errno 5] Input/output error
[cmd_vel_chassis_serial.py-1] [ERROR] [1784046707.571014025] [cmd_vel_chassis_serial]: Serial write failed: write failed: [Errno 5] Input/output error
[cmd_vel_chassis_serial.py-1] [ERROR] [1784046707.587600344] [cmd_vel_chassis_serial]: Serial write failed: write failed: [Errno 5] Input/output error
[cmd_vel_chassis_serial.py-1] [ERROR] [1784046707.607530915] [cmd_vel_chassis_serial]: Serial write failed: write failed: [Errno 5] Input/output error
[cmd_vel_chassis_serial.py-1] [ERROR] [1784046707.627755542] [cmd_vel_chassis_serial]: Serial write failed: write failed: [Errno 5] Input/output error
[cmd_vel_chassis_serial.py-1] [ERROR] [1784046707.648389789] [cmd_vel_chassis_serial]: Serial write failed: write failed: [Errno 5] Input/output error
[cmd_vel_chassis_serial.py-1] [ERROR] [1784046707.673619797] [cmd_vel_chassis_serial]: Serial write failed: write failed: [Errno 5] Input/output error
[cmd_vel_chassis_serial.py-1] [ERROR] [1784046707.704767590] [cmd_vel_chassis_serial]: Serial write failed: write failed: [Errno 5] Input/output error
[cmd_vel_chassis_serial.py-1] [ERROR] [1784046707.736561504] [cmd_vel_chassis_serial]: Serial write failed: write failed: [Errno 5] Input/output error
[cmd_vel_chassis_serial.py-1] [ERROR] [1784046707.787521617] [cmd_vel_chassis_serial]: Serial write failed: write failed: [Errno 5] Input/output error
[cmd_vel_chassis_serial.py-1] [ERROR] [1784046707.835982872] [cmd_vel_chassis_serial]: Serial write failed: write failed: [Errno 5] Input/output error
[cmd_vel_chassis_serial.py-1] [ERROR] [1784046707.881575987] [cmd_vel_chassis_serial]: Serial write failed: write failed: [Errno 5] Input/output error
[cmd_vel_chassis_serial.py-1] [ERROR] [1784046707.924911713] [cmd_vel_chassis_serial]: Serial write failed: write failed: [Errno 5] Input/output error
[cmd_vel_chassis_serial.py-1] [ERROR] [1784046707.962984476] [cmd_vel_chassis_serial]: Serial write failed: write failed: [Errno 5] Input/output error
[cmd_vel_chassis_serial.py-1] [ERROR] [1784046708.002540692] [cmd_vel_chassis_serial]: Serial write failed: write failed: [Errno 5] Input/output error
[cmd_vel_chassis_serial.py-1] [ERROR] [1784046708.047242651] [cmd_vel_chassis_serial]: Serial write failed: write failed: [Errno 5] Input/output error
[cmd_vel_chassis_serial.py-1] [ERROR] [1784046708.103395144] [cmd_vel_chassis_serial]: Serial write failed: write failed: [Errno 5] Input/output error
[cmd_vel_chassis_serial.py-1] [ERROR] [1784046708.147919582] [cmd_vel_chassis_serial]: Serial write failed: write failed: [Errno 5] Input/output error
[cmd_vel_chassis_serial.py-1] [ERROR] [1784046708.173218608] [cmd_vel_chassis_serial]: Serial write failed: write failed: [Errno 5] Input/output error
[cmd_vel_chassis_serial.py-1] [ERROR] [1784046708.214008995] [cmd_vel_chassis_serial]: Serial write failed: write failed: [Errno 5] Input/output error
[cmd_vel_chassis_serial.py-1] [ERROR] [1784046708.237383693] [cmd_vel_chassis_serial]: Serial write failed: write failed: [Errno 5] Input/output error
[cmd_vel_chassis_serial.py-1] [ERROR] [1784046708.262342063] [cmd_vel_chassis_serial]: Serial write failed: write failed: [Errno 5] Input/output error
[cmd_vel_chassis_serial.py-1] [ERROR] [1784046708.332345939] [cmd_vel_chassis_serial]: Serial write failed: write failed: [Errno 5] Input/output error
[cmd_vel_chassis_serial.py-1] [ERROR] [1784046708.365110789] [cmd_vel_chassis_serial]: Serial write failed: write failed: [Errno 5] Input/output error
[cmd_vel_chassis_serial.py-1] [ERROR] [1784046708.419822685] [cmd_vel_chassis_serial]: Serial write failed: write failed: [Errno 5] Input/output error
[cmd_vel_chassis_serial.py-1] [ERROR] [1784046708.452336095] [cmd_vel_chassis_serial]: Serial write failed: write failed: [Errno 5] Input/output error
[cmd_vel_chassis_serial.py-1] [ERROR] [1784046708.484882859] [cmd_vel_chassis_serial]: Serial write failed: write failed: [Errno 5] Input/output error
[cmd_vel_chassis_serial.py-1] [ERROR] [1784046708.531320215] [cmd_vel_chassis_serial]: Serial write failed: write failed: [Errno 5] Input/output error
[cmd_vel_chassis_serial.py-1] [ERROR] [1784046708.582429700] [cmd_vel_chassis_serial]: Serial write failed: write failed: [Errno 5] Input/output error
[cmd_vel_chassis_serial.py-1] [ERROR] [1784046708.621198804] [cmd_vel_chassis_serial]: Serial write failed: write failed: [Errno 5] Input/output error
[cmd_vel_chassis_serial.py-1] [ERROR] [1784046708.685554259] [cmd_vel_chassis_serial]: Serial write failed: write failed: [Errno 5] Input/output error
[cmd_vel_chassis_serial.py-1] [ERROR] [1784046708.729839615] [cmd_vel_chassis_serial]: Serial write failed: write failed: [Errno 5] Input/output error
[cmd_vel_chassis_serial.py-1] [ERROR] [1784046708.763826185] [cmd_vel_chassis_serial]: Serial write failed: write failed: [Errno 5] Input/output error
[cmd_vel_chassis_serial.py-1] [ERROR] [1784046708.785064121] [cmd_vel_chassis_serial]: Serial write failed: write failed: [Errno 5] Input/output error
[cmd_vel_chassis_serial.py-1] [ERROR] [1784046708.813576478] [cmd_vel_chassis_serial]: Serial write failed: write failed: [Errno 5] Input/output error
[cmd_vel_chassis_serial.py-1] [ERROR] [1784046708.836083898] [cmd_vel_chassis_serial]: Serial write failed: write failed: [Errno 5] Input/output error
[cmd_vel_chassis_serial.py-1] [ERROR] [1784046708.859911156] [cmd_vel_chassis_serial]: Serial write failed: write failed: [Errno 5] Input/output error
[cmd_vel_chassis_serial.py-1] [ERROR] [1784046708.898832669] [cmd_vel_chassis_serial]: Serial write failed: write failed: [Errno 5] Input/output error
[cmd_vel_chassis_serial.py-1] [ERROR] [1784046708.934508240] [cmd_vel_chassis_serial]: Serial write failed: write failed: [Errno 5] Input/output error
[cmd_vel_chassis_serial.py-1] [ERROR] [1784046708.977408969] [cmd_vel_chassis_serial]: Serial write failed: write failed: [Errno 5] Input/output error
[cmd_vel_chassis_serial.py-1] [ERROR] [1784046708.995488428] [cmd_vel_chassis_serial]: Serial write failed: write failed: [Errno 5] Input/output error
[cmd_vel_chassis_serial.py-1] [ERROR] [1784046709.008834437] [cmd_vel_chassis_serial]: Serial write failed: write failed: [Errno 5] Input/output error
[cmd_vel_chassis_serial.py-1] [ERROR] [1784046709.025606491] [cmd_vel_chassis_serial]: Serial write failed: write failed: [Errno 5] Input/output error
[cmd_vel_chassis_serial.py-1] [ERROR] [1784046709.049732321] [cmd_vel_chassis_serial]: Serial write failed: write failed: [Errno 5] Input/output error
[cmd_vel_chassis_serial.py-1] [ERROR] [1784046709.099975474] [cmd_vel_chassis_serial]: Serial write failed: write failed: [Errno 5] Input/output error
[cmd_vel_chassis_serial.py-1] [ERROR] [1784046709.129452276] [cmd_vel_chassis_serial]: Serial write failed: write failed: [Errno 5] Input/output error
[cmd_vel_chassis_serial.py-1] [ERROR] [1784046709.142157899] [cmd_vel_chassis_serial]: Serial write failed: write failed: [Errno 5] Input/output error
[cmd_vel_chassis_serial.py-1] [ERROR] [1784046709.172716322] [cmd_vel_chassis_serial]: Serial write failed: write failed: [Errno 5] Input/output error
[cmd_vel_chassis_serial.py-1] [ERROR] [1784046709.210236850] [cmd_vel_chassis_serial]: Serial write failed: write failed: [Errno 5] Input/output error
[cmd_vel_chassis_serial.py-1] [ERROR] [1784046709.221553011] [cmd_vel_chassis_serial]: Serial write failed: write failed: [Errno 5] Input/output error
[cmd_vel_chassis_serial.py-1] [ERROR] [1784046709.246046265] [cmd_vel_chassis_serial]: Serial write failed: write failed: [Errno 5] Input/output error
[cmd_vel_chassis_serial.py-1] [ERROR] [1784046709.277898623] [cmd_vel_chassis_serial]: Serial write failed: write failed: [Errno 5] Input/output error
[cmd_vel_chassis_serial.py-1] [ERROR] [1784046709.293697264] [cmd_vel_chassis_serial]: Serial write failed: write failed: [Errno 5] Input/output error
[cmd_vel_chassis_serial.py-1] [ERROR] [1784046709.322166819] [cmd_vel_chassis_serial]: Serial write failed: write failed: [Errno 5] Input/output error
[cmd_vel_chassis_serial.py-1] [ERROR] [1784046709.359806547] [cmd_vel_chassis_serial]: Serial write failed: write failed: [Errno 5] Input/output error
[cmd_vel_chassis_serial.py-1] [ERROR] [1784046709.385128050] [cmd_vel_chassis_serial]: Serial write failed: write failed: [Errno 5] Input/output error
[cmd_vel_chassis_serial.py-1] [ERROR] [1784046709.424397270] [cmd_vel_chassis_serial]: Serial write failed: write failed: [Errno 5] Input/output error
[cmd_vel_chassis_serial.py-1] [ERROR] [1784046709.462697661] [cmd_vel_chassis_serial]: Serial write failed: write failed: [Errno 5] Input/output error
[cmd_vel_chassis_serial.py-1] [ERROR] [1784046709.492910988] [cmd_vel_chassis_serial]: Serial write failed: write failed: [Errno 5] Input/output error
[cmd_vel_chassis_serial.py-1] [ERROR] [1784046709.516561366] [cmd_vel_chassis_serial]: Serial write failed: write failed: [Errno 5] Input/output error
[cmd_vel_chassis_serial.py-1] [ERROR] [1784046709.559205986] [cmd_vel_chassis_serial]: Serial write failed: write failed: [Errno 5] Input/output error
[cmd_vel_chassis_serial.py-1] [ERROR] [1784046709.583121901] [cmd_vel_chassis_serial]: Serial write failed: write failed: [Errno 5] Input/output error
[cmd_vel_chassis_serial.py-1] [ERROR] [1784046709.597819989] [cmd_vel_chassis_serial]: Serial write failed: write failed: [Errno 5] Input/output error
[cmd_vel_chassis_serial.py-1] [ERROR] [1784046709.617013035] [cmd_vel_chassis_serial]: Serial write failed: write failed: [Errno 5] Input/output error
[cmd_vel_chassis_serial.py-1] [ERROR] [1784046709.648176282] [cmd_vel_chassis_serial]: Serial write failed: write failed: [Errno 5] Input/output error
[cmd_vel_chassis_serial.py-1] [ERROR] [1784046709.681526923] [cmd_vel_chassis_serial]: Serial write failed: write failed: [Errno 5] Input/output error
[cmd_vel_chassis_serial.py-1] [ERROR] [1784046709.724866736] [cmd_vel_chassis_serial]: Serial write failed: write failed: [Errno 5] Input/output error
[cmd_vel_chassis_serial.py-1] [ERROR] [1784046709.760237796] [cmd_vel_chassis_serial]: Serial write failed: write failed: [Errno 5] Input/output error
[cmd_vel_chassis_serial.py-1] [ERROR] [1784046709.800920918] [cmd_vel_chassis_serial]: Serial write failed: write failed: [Errno 5] Input/output error
[cmd_vel_chassis_serial.py-1] [ERROR] [1784046709.842630171] [cmd_vel_chassis_serial]: Serial write failed: write failed: [Errno 5] Input/output error
[cmd_vel_chassis_serial.py-1] [ERROR] [1784046709.884847714] [cmd_vel_chassis_serial]: Serial write failed: write failed: [Errno 5] Input/output error
[cmd_vel_chassis_serial.py-1] [ERROR] [1784046709.932839657] [cmd_vel_chassis_serial]: Serial write failed: write failed: [Errno 5] Input/output error
[cmd_vel_chassis_serial.py-1] [ERROR] [1784046709.965614303] [cmd_vel_chassis_serial]: Serial write failed: write failed: [Errno 5] Input/output error
[cmd_vel_chassis_serial.py-1] [ERROR] [1784046709.989017250] [cmd_vel_chassis_serial]: Serial write failed: write failed: [Errno 5] Input/output error
[cmd_vel_chassis_serial.py-1] [ERROR] [1784046710.024719084] [cmd_vel_chassis_serial]: Serial write failed: write failed: [Errno 5] Input/output error
[cmd_vel_chassis_serial.py-1] [ERROR] [1784046710.047123751] [cmd_vel_chassis_serial]: Serial write failed: write failed: [Errno 5] Input/output error
[cmd_vel_chassis_serial.py-1] [ERROR] [1784046710.066066513] [cmd_vel_chassis_serial]: Serial write failed: write failed: [Errno 5] Input/output error
[cmd_vel_chassis_serial.py-1] [ERROR] [1784046710.096647006] [cmd_vel_chassis_serial]: Serial write failed: write failed: [Errno 5] Input/output error
[cmd_vel_chassis_serial.py-1] [ERROR] [1784046710.128446819] [cmd_vel_chassis_serial]: Serial write failed: write failed: [Errno 5] Input/output error
[cmd_vel_chassis_serial.py-1] [ERROR] [1784046710.150590893] [cmd_vel_chassis_serial]: Serial write failed: write failed: [Errno 5] Input/output error
[cmd_vel_chassis_serial.py-1] [ERROR] [1784046710.174565939] [cmd_vel_chassis_serial]: Serial write failed: write failed: [Errno 5] Input/output error
[cmd_vel_chassis_serial.py-1] [ERROR] [1784046710.196970198] [cmd_vel_chassis_serial]: Serial write failed: write failed: [Errno 5] Input/output error
[cmd_vel_chassis_serial.py-1] [ERROR] [1784046710.227606037] [cmd_vel_chassis_serial]: Serial write failed: write failed: [Errno 5] Input/output error
[cmd_vel_chassis_serial.py-1] [ERROR] [1784046710.251013607] [cmd_vel_chassis_serial]: Serial write failed: write failed: [Errno 5] Input/output error
[cmd_vel_chassis_serial.py-1] [ERROR] [1784046710.270184209] [cmd_vel_chassis_serial]: Serial write failed: write failed: [Errno 5] Input/output error
[cmd_vel_chassis_serial.py-1] [ERROR] [1784046710.295864742] [cmd_vel_chassis_serial]: Serial write failed: write failed: [Errno 5] Input/output error
[cmd_vel_chassis_serial.py-1] [ERROR] [1784046710.322584783] [cmd_vel_chassis_serial]: Serial write failed: write failed: [Errno 5] Input/output error
[cmd_vel_chassis_serial.py-1] [ERROR] [1784046710.347664355] [cmd_vel_chassis_serial]: Serial write failed: write failed: [Errno 5] Input/output error
[cmd_vel_chassis_serial.py-1] [ERROR] [1784046710.368094242] [cmd_vel_chassis_serial]: Serial write failed: write failed: [Errno 5] Input/output error
[cmd_vel_chassis_serial.py-1] [ERROR] [1784046710.394886835] [cmd_vel_chassis_serial]: Serial write failed: write failed: [Errno 5] Input/output error
[cmd_vel_chassis_serial.py-1] [ERROR] [1784046710.442386515] [cmd_vel_chassis_serial]: Serial write failed: write failed: [Errno 5] Input/output error
[cmd_vel_chassis_serial.py-1] [ERROR] [1784046710.470588763] [cmd_vel_chassis_serial]: Serial write failed: write failed: [Errno 5] Input/output error
[cmd_vel_chassis_serial.py-1] [ERROR] [1784046710.500337119] [cmd_vel_chassis_serial]: Serial write failed: write failed: [Errno 5] Input/output error
[cmd_vel_chassis_serial.py-1] [ERROR] [1784046710.521216771] [cmd_vel_chassis_serial]: Serial write failed: write failed: [Errno 5] Input/output error
[cmd_vel_chassis_serial.py-1] [ERROR] [1784046710.548866205] [cmd_vel_chassis_serial]: Serial write failed: write failed: [Errno 5] Input/output error
[cmd_vel_chassis_serial.py-1] [ERROR] [1784046710.563726423] [cmd_vel_chassis_serial]: Serial write failed: write failed: [Errno 5] Input/output error
[cmd_vel_chassis_serial.py-1] [ERROR] [1784046710.597807034] [cmd_vel_chassis_serial]: Serial write failed: write failed: [Errno 5] Input/output error
[cmd_vel_chassis_serial.py-1] [ERROR] [1784046710.615732435] [cmd_vel_chassis_serial]: Serial write failed: write failed: [Errno 5] Input/output error
[cmd_vel_chassis_serial.py-1] [ERROR] [1784046710.629894509] [cmd_vel_chassis_serial]: Serial write failed: write failed: [Errno 5] Input/output error
[cmd_vel_chassis_serial.py-1] [ERROR] [1784046710.643115492] [cmd_vel_chassis_serial]: Serial write failed: write failed: [Errno 5] Input/output error
[cmd_vel_chassis_serial.py-1] [ERROR] [1784046710.661547396] [cmd_vel_chassis_serial]: Serial write failed: write failed: [Errno 5] Input/output error
[cmd_vel_chassis_serial.py-1] [ERROR] [1784046710.680207488] [cmd_vel_chassis_serial]: Serial write failed: write failed: [Errno 5] Input/output error
[cmd_vel_chassis_serial.py-1] [ERROR] [1784046710.699408000] [cmd_vel_chassis_serial]: Serial write failed: write failed: [Errno 5] Input/output error
[cmd_vel_chassis_serial.py-1] [ERROR] [1784046710.717494341] [cmd_vel_chassis_serial]: Serial write failed: write failed: [Errno 5] Input/output error
[cmd_vel_chassis_serial.py-1] [ERROR] [1784046710.748612459] [cmd_vel_chassis_serial]: Serial write failed: write failed: [Errno 5] Input/output error
[cmd_vel_chassis_serial.py-1] [ERROR] [1784046710.760142509] [cmd_vel_chassis_serial]: Serial write failed: write failed: [Errno 5] Input/output error
[cmd_vel_chassis_serial.py-1] [ERROR] [1784046710.780645164] [cmd_vel_chassis_serial]: Serial write failed: write failed: [Errno 5] Input/output error
[cmd_vel_chassis_serial.py-1] [ERROR] [1784046710.803849934] [cmd_vel_chassis_serial]: Serial write failed: write failed: [Errno 5] Input/output error
[cmd_vel_chassis_serial.py-1] [ERROR] [1784046710.825871376] [cmd_vel_chassis_serial]: Serial write failed: write failed: [Errno 5] Input/output error
[cmd_vel_chassis_serial.py-1] [ERROR] [1784046710.844051553] [cmd_vel_chassis_serial]: Serial write failed: write failed: [Errno 5] Input/output error
[cmd_vel_chassis_serial.py-1] [ERROR] [1784046710.865130214] [cmd_vel_chassis_serial]: Serial write failed: write failed: [Errno 5] Input/output error
[cmd_vel_chassis_serial.py-1] [ERROR] [1784046710.887224268] [cmd_vel_chassis_serial]: Serial write failed: write failed: [Errno 5] Input/output error
[cmd_vel_chassis_serial.py-1] [ERROR] [1784046710.908121893] [cmd_vel_chassis_serial]: Serial write failed: write failed: [Errno 5] Input/output error
[cmd_vel_chassis_serial.py-1] [ERROR] [1784046710.919709388] [cmd_vel_chassis_serial]: Serial write failed: write failed: [Errno 5] Input/output error
[cmd_vel_chassis_serial.py-1] [ERROR] [1784046710.942705491] [cmd_vel_chassis_serial]: Serial write failed: write failed: [Errno 5] Input/output error
[cmd_vel_chassis_serial.py-1] [ERROR] [1784046710.963636446] [cmd_vel_chassis_serial]: Serial write failed: write failed: [Errno 5] Input/output error
[cmd_vel_chassis_serial.py-1] [ERROR] [1784046710.983248294] [cmd_vel_chassis_serial]: Serial write failed: write failed: [Errno 5] Input/output error
[cmd_vel_chassis_serial.py-1] [ERROR] [1784046711.004975526] [cmd_vel_chassis_serial]: Serial write failed: write failed: [Errno 5] Input/output error
[cmd_vel_chassis_serial.py-1] [ERROR] [1784046711.026509667] [cmd_vel_chassis_serial]: Serial write failed: write failed: [Errno 5] Input/output error
[cmd_vel_chassis_serial.py-1] [ERROR] [1784046711.043045596] [cmd_vel_chassis_serial]: Serial write failed: write failed: [Errno 5] Input/output error
[cmd_vel_chassis_serial.py-1] [ERROR] [1784046711.070384027] [cmd_vel_chassis_serial]: Serial write failed: write failed: [Errno 5] Input/output error
[cmd_vel_chassis_serial.py-1] [ERROR] [1784046711.097538037] [cmd_vel_chassis_serial]: Serial write failed: write failed: [Errno 5] Input/output error
[cmd_vel_chassis_serial.py-1] [ERROR] [1784046711.118689914] [cmd_vel_chassis_serial]: Serial write failed: write failed: [Errno 5] Input/output error
[cmd_vel_chassis_serial.py-1] [ERROR] [1784046711.132867875] [cmd_vel_chassis_serial]: Serial write failed: write failed: [Errno 5] Input/output error
[cmd_vel_chassis_serial.py-1] [ERROR] [1784046711.166736274] [cmd_vel_chassis_serial]: Serial write failed: write failed: [Errno 5] Input/output error
[cmd_vel_chassis_serial.py-1] [ERROR] [1784046711.187992628] [cmd_vel_chassis_serial]: Serial write failed: write failed: [Errno 5] Input/output error
[cmd_vel_chassis_serial.py-1] [ERROR] [1784046711.212730157] [cmd_vel_chassis_serial]: Serial write failed: write failed: [Errno 5] Input/output error
[cmd_vel_chassis_serial.py-1] [ERROR] [1784046711.232690439] [cmd_vel_chassis_serial]: Serial write failed: write failed: [Errno 5] Input/output error
[cmd_vel_chassis_serial.py-1] [ERROR] [1784046711.249300468] [cmd_vel_chassis_serial]: Serial write failed: write failed: [Errno 5] Input/output error
[cmd_vel_chassis_serial.py-1] [ERROR] [1784046711.263186401] [cmd_vel_chassis_serial]: Serial write failed: write failed: [Errno 5] Input/output error
[cmd_vel_chassis_serial.py-1] [ERROR] [1784046711.284146599] [cmd_vel_chassis_serial]: Serial write failed: write failed: [Errno 5] Input/output error
[cmd_vel_chassis_serial.py-1] [ERROR] [1784046711.298360278] [cmd_vel_chassis_serial]: Serial write failed: write failed: [Errno 5] Input/output error
[cmd_vel_chassis_serial.py-1] [ERROR] [1784046711.322361172] [cmd_vel_chassis_serial]: Serial write failed: write failed: [Errno 5] Input/output error
[cmd_vel_chassis_serial.py-1] [ERROR] [1784046711.345031117] [cmd_vel_chassis_serial]: Serial write failed: write failed: [Errno 5] Input/output error
[cmd_vel_chassis_serial.py-1] [ERROR] [1784046711.385629418] [cmd_vel_chassis_serial]: Serial write failed: write failed: [Errno 5] Input/output error
[cmd_vel_chassis_serial.py-1] [ERROR] [1784046711.414632099] [cmd_vel_chassis_serial]: Serial write failed: write failed: [Errno 5] Input/output error
[cmd_vel_chassis_serial.py-1] [ERROR] [1784046711.434078356] [cmd_vel_chassis_serial]: Serial write failed: write failed: [Errno 5] Input/output error
[cmd_vel_chassis_serial.py-1] [ERROR] [1784046711.458870499] [cmd_vel_chassis_serial]: Serial write failed: write failed: [Errno 5] Input/output error
[cmd_vel_chassis_serial.py-1] [ERROR] [1784046711.478333289] [cmd_vel_chassis_serial]: Serial write failed: write failed: [Errno 5] Input/output error
[cmd_vel_chassis_serial.py-1] [ERROR] [1784046711.501436070] [cmd_vel_chassis_serial]: Serial write failed: write failed: [Errno 5] Input/output error
[cmd_vel_chassis_serial.py-1] [ERROR] [1784046711.530132780] [cmd_vel_chassis_serial]: Serial write failed: write failed: [Errno 5] Input/output error
[cmd_vel_chassis_serial.py-1] [ERROR] [1784046711.558978265] [cmd_vel_chassis_serial]: Serial write failed: write failed: [Errno 5] Input/output error
[cmd_vel_chassis_serial.py-1] [ERROR] [1784046711.583540384] [cmd_vel_chassis_serial]: Serial write failed: write failed: [Errno 5] Input/output error
[cmd_vel_chassis_serial.py-1] [ERROR] [1784046711.614697057] [cmd_vel_chassis_serial]: Serial write failed: write failed: [Errno 5] Input/output error
[cmd_vel_chassis_serial.py-1] [ERROR] [1784046711.632948049] [cmd_vel_chassis_serial]: Serial write failed: write failed: [Errno 5] Input/output error
[cmd_vel_chassis_serial.py-1] [ERROR] [1784046711.658513216] [cmd_vel_chassis_serial]: Serial write failed: write failed: [Errno 5] Input/output error
[cmd_vel_chassis_serial.py-1] [ERROR] [1784046711.689857608] [cmd_vel_chassis_serial]: Serial write failed: write failed: [Errno 5] Input/output error
[cmd_vel_chassis_serial.py-1] [ERROR] [1784046711.715058219] [cmd_vel_chassis_serial]: Serial write failed: write failed: [Errno 5] Input/output error
[cmd_vel_chassis_serial.py-1] [ERROR] [1784046711.736225200] [cmd_vel_chassis_serial]: Serial write failed: write failed: [Errno 5] Input/output error
[cmd_vel_chassis_serial.py-1] [ERROR] [1784046711.767758571] [cmd_vel_chassis_serial]: Serial write failed: write failed: [Errno 5] Input/output error
[cmd_vel_chassis_serial.py-1] [ERROR] [1784046711.800901962] [cmd_vel_chassis_serial]: Serial write failed: write failed: [Errno 5] Input/output error
[cmd_vel_chassis_serial.py-1] [ERROR] [1784046711.827322074] [cmd_vel_chassis_serial]: Serial write failed: write failed: [Errno 5] Input/output error
[cmd_vel_chassis_serial.py-1] [ERROR] [1784046711.856287070] [cmd_vel_chassis_serial]: Serial write failed: write failed: [Errno 5] Input/output error
[cmd_vel_chassis_serial.py-1] [ERROR] [1784046711.878603629] [cmd_vel_chassis_serial]: Serial write failed: write failed: [Errno 5] Input/output error
[cmd_vel_chassis_serial.py-1] [ERROR] [1784046711.910414691] [cmd_vel_chassis_serial]: Serial write failed: write failed: [Errno 5] Input/output error
[cmd_vel_chassis_serial.py-1] [ERROR] [1784046711.939331191] [cmd_vel_chassis_serial]: Serial write failed: write failed: [Errno 5] Input/output error
[cmd_vel_chassis_serial.py-1] [ERROR] [1784046711.974921394] [cmd_vel_chassis_serial]: Serial write failed: write failed: [Errno 5] Input/output error
[cmd_vel_chassis_serial.py-1] [ERROR] [1784046712.037781624] [cmd_vel_chassis_serial]: Serial write failed: write failed: [Errno 5] Input/output error
[cmd_vel_chassis_serial.py-1] [ERROR] [1784046712.117363926] [cmd_vel_chassis_serial]: Serial write failed: write failed: [Errno 5] Input/output error
[cmd_vel_chassis_serial.py-1] [ERROR] [1784046712.159895635] [cmd_vel_chassis_serial]: Serial write failed: write failed: [Errno 5] Input/output error
[cmd_vel_chassis_serial.py-1] [ERROR] [1784046712.198874325] [cmd_vel_chassis_serial]: Serial write failed: write failed: [Errno 5] Input/output error
[cmd_vel_chassis_serial.py-1] [ERROR] [1784046712.215207002] [cmd_vel_chassis_serial]: Serial write failed: write failed: [Errno 5] Input/output error
[cmd_vel_chassis_serial.py-1] [ERROR] [1784046712.241047369] [cmd_vel_chassis_serial]: Serial write failed: write failed: [Errno 5] Input/output error
[cmd_vel_chassis_serial.py-1] [ERROR] [1784046712.259585413] [cmd_vel_chassis_serial]: Serial write failed: write failed: [Errno 5] Input/output error
[cmd_vel_chassis_serial.py-1] [ERROR] [1784046712.282579210] [cmd_vel_chassis_serial]: Serial write failed: write failed: [Errno 5] Input/output error
[cmd_vel_chassis_serial.py-1] [ERROR] [1784046712.300226603] [cmd_vel_chassis_serial]: Serial write failed: write failed: [Errno 5] Input/output error
[cmd_vel_chassis_serial.py-1] [ERROR] [1784046712.315481605] [cmd_vel_chassis_serial]: Serial write failed: write failed: [Errno 5] Input/output error
[cmd_vel_chassis_serial.py-1] [ERROR] [1784046712.360737015] [cmd_vel_chassis_serial]: Serial write failed: write failed: [Errno 5] Input/output error
[cmd_vel_chassis_serial.py-1] [ERROR] [1784046712.425895732] [cmd_vel_chassis_serial]: Serial write failed: write failed: [Errno 5] Input/output error
[cmd_vel_chassis_serial.py-1] [ERROR] [1784046712.443010000] [cmd_vel_chassis_serial]: Serial write failed: write failed: [Errno 5] Input/output error
[cmd_vel_chassis_serial.py-1] [ERROR] [1784046712.462714131] [cmd_vel_chassis_serial]: Serial write failed: write failed: [Errno 5] Input/output error
[cmd_vel_chassis_serial.py-1] [ERROR] [1784046712.483559261] [cmd_vel_chassis_serial]: Serial write failed: write failed: [Errno 5] Input/output error
[cmd_vel_chassis_serial.py-1] [ERROR] [1784046712.496633240] [cmd_vel_chassis_serial]: Serial write failed: write failed: [Errno 5] Input/output error
[cmd_vel_chassis_serial.py-1] [ERROR] [1784046712.552097520] [cmd_vel_chassis_serial]: Serial write failed: write failed: [Errno 5] Input/output error
[cmd_vel_chassis_serial.py-1] [ERROR] [1784046712.560706520] [cmd_vel_chassis_serial]: Serial write failed: write failed: [Errno 5] Input/output error
[cmd_vel_chassis_serial.py-1] [ERROR] [1784046712.594984030] [cmd_vel_chassis_serial]: Serial write failed: write failed: [Errno 5] Input/output error
[cmd_vel_chassis_serial.py-1] [ERROR] [1784046712.623744683] [cmd_vel_chassis_serial]: Serial write failed: write failed: [Errno 5] Input/output error
[cmd_vel_chassis_serial.py-1] [ERROR] [1784046712.661524005] [cmd_vel_chassis_serial]: Serial write failed: write failed: [Errno 5] Input/output error
[cmd_vel_chassis_serial.py-1] [ERROR] [1784046712.698054682] [cmd_vel_chassis_serial]: Serial write failed: write failed: [Errno 5] Input/output error
[cmd_vel_chassis_serial.py-1] [ERROR] [1784046712.718726635] [cmd_vel_chassis_serial]: Serial write failed: write failed: [Errno 5] Input/output error
[cmd_vel_chassis_serial.py-1] [ERROR] [1784046712.735184378] [cmd_vel_chassis_serial]: Serial write failed: write failed: [Errno 5] Input/output error
[cmd_vel_chassis_serial.py-1] [ERROR] [1784046712.758657130] [cmd_vel_chassis_serial]: Serial write failed: write failed: [Errno 5] Input/output error
[cmd_vel_chassis_serial.py-1] [ERROR] [1784046712.780171946] [cmd_vel_chassis_serial]: Serial write failed: write failed: [Errno 5] Input/output error
[cmd_vel_chassis_serial.py-1] [ERROR] [1784046712.798863324] [cmd_vel_chassis_serial]: Serial write failed: write failed: [Errno 5] Input/output error
[cmd_vel_chassis_serial.py-1] [ERROR] [1784046712.842741231] [cmd_vel_chassis_serial]: Serial write failed: write failed: [Errno 5] Input/output error
[cmd_vel_chassis_serial.py-1] [ERROR] [1784046712.865583542] [cmd_vel_chassis_serial]: Serial write failed: write failed: [Errno 5] Input/output error
[cmd_vel_chassis_serial.py-1] [ERROR] [1784046712.889040517] [cmd_vel_chassis_serial]: Serial write failed: write failed: [Errno 5] Input/output error
[cmd_vel_chassis_serial.py-1] [ERROR] [1784046712.911716141] [cmd_vel_chassis_serial]: Serial write failed: write failed: [Errno 5] Input/output error
[cmd_vel_chassis_serial.py-1] [ERROR] [1784046712.940490868] [cmd_vel_chassis_serial]: Serial write failed: write failed: [Errno 5] Input/output error
[cmd_vel_chassis_serial.py-1] [ERROR] [1784046712.978890276] [cmd_vel_chassis_serial]: Serial write failed: write failed: [Errno 5] Input/output error
[cmd_vel_chassis_serial.py-1] [ERROR] [1784046713.008007471] [cmd_vel_chassis_serial]: Serial write failed: write failed: [Errno 5] Input/output error
[cmd_vel_chassis_serial.py-1] [ERROR] [1784046713.021251318] [cmd_vel_chassis_serial]: Serial write failed: write failed: [Errno 5] Input/output error
[cmd_vel_chassis_serial.py-1] [ERROR] [1784046713.043810951] [cmd_vel_chassis_serial]: Serial write failed: write failed: [Errno 5] Input/output error
[cmd_vel_chassis_serial.py-1] [ERROR] [1784046713.070911005] [cmd_vel_chassis_serial]: Serial write failed: write failed: [Errno 5] Input/output error
[cmd_vel_chassis_serial.py-1] [ERROR] [1784046713.083799835] [cmd_vel_chassis_serial]: Serial write failed: write failed: [Errno 5] Input/output error
[cmd_vel_chassis_serial.py-1] [ERROR] [1784046713.096230177] [cmd_vel_chassis_serial]: Serial write failed: write failed: [Errno 5] Input/output error
[cmd_vel_chassis_serial.py-1] [ERROR] [1784046713.122745586] [cmd_vel_chassis_serial]: Serial write failed: write failed: [Errno 5] Input/output error
[cmd_vel_chassis_serial.py-1] [ERROR] [1784046713.149425234] [cmd_vel_chassis_serial]: Serial write failed: write failed: [Errno 5] Input/output error
[cmd_vel_chassis_serial.py-1] [ERROR] [1784046713.165448453] [cmd_vel_chassis_serial]: Serial write failed: write failed: [Errno 5] Input/output error
[cmd_vel_chassis_serial.py-1] [ERROR] [1784046713.191394862] [cmd_vel_chassis_serial]: Serial write failed: write failed: [Errno 5] Input/output error
[cmd_vel_chassis_serial.py-1] [ERROR] [1784046713.209232029] [cmd_vel_chassis_serial]: Serial write failed: write failed: [Errno 5] Input/output error
[cmd_vel_chassis_serial.py-1] [ERROR] [1784046713.218197933] [cmd_vel_chassis_serial]: Serial write failed: write failed: [Errno 5] Input/output error
[cmd_vel_chassis_serial.py-1] [ERROR] [1784046713.235618269] [cmd_vel_chassis_serial]: Serial write failed: write failed: [Errno 5] Input/output error
[cmd_vel_chassis_serial.py-1] [ERROR] [1784046713.256392592] [cmd_vel_chassis_serial]: Serial write failed: write failed: [Errno 5] Input/output error
[cmd_vel_chassis_serial.py-1] [ERROR] [1784046713.280436328] [cmd_vel_chassis_serial]: Serial write failed: write failed: [Errno 5] Input/output error
[cmd_vel_chassis_serial.py-1] [ERROR] [1784046713.300442774] [cmd_vel_chassis_serial]: Serial write failed: write failed: [Errno 5] Input/output error
[cmd_vel_chassis_serial.py-1] [ERROR] [1784046713.316053181] [cmd_vel_chassis_serial]: Serial write failed: write failed: [Errno 5] Input/output error
[cmd_vel_chassis_serial.py-1] [ERROR] [1784046713.337062242] [cmd_vel_chassis_serial]: Serial write failed: write failed: [Errno 5] Input/output error
[cmd_vel_chassis_serial.py-1] [ERROR] [1784046713.356822383] [cmd_vel_chassis_serial]: Serial write failed: write failed: [Errno 5] Input/output error
[cmd_vel_chassis_serial.py-1] [ERROR] [1784046713.387715822] [cmd_vel_chassis_serial]: Serial write failed: write failed: [Errno 5] Input/output error
[cmd_vel_chassis_serial.py-1] [ERROR] [1784046713.398332395] [cmd_vel_chassis_serial]: Serial write failed: write failed: [Errno 5] Input/output error
[cmd_vel_chassis_serial.py-1] [ERROR] [1784046713.414946954] [cmd_vel_chassis_serial]: Serial write failed: write failed: [Errno 5] Input/output error
[cmd_vel_chassis_serial.py-1] [ERROR] [1784046713.442625762] [cmd_vel_chassis_serial]: Serial write failed: write failed: [Errno 5] Input/output error
[cmd_vel_chassis_serial.py-1] [ERROR] [1784046713.459465917] [cmd_vel_chassis_serial]: Serial write failed: write failed: [Errno 5] Input/output error
[cmd_vel_chassis_serial.py-1] [ERROR] [1784046713.485100621] [cmd_vel_chassis_serial]: Serial write failed: write failed: [Errno 5] Input/output error
[cmd_vel_chassis_serial.py-1] [ERROR] [1784046713.498809590] [cmd_vel_chassis_serial]: Serial write failed: write failed: [Errno 5] Input/output error
[cmd_vel_chassis_serial.py-1] [ERROR] [1784046713.521565425] [cmd_vel_chassis_serial]: Serial write failed: write failed: [Errno 5] Input/output error
[cmd_vel_chassis_serial.py-1] [ERROR] [1784046713.546003015] [cmd_vel_chassis_serial]: Serial write failed: write failed: [Errno 5] Input/output error
[cmd_vel_chassis_serial.py-1] [ERROR] [1784046713.561038783] [cmd_vel_chassis_serial]: Serial write failed: write failed: [Errno 5] Input/output error
[cmd_vel_chassis_serial.py-1] [ERROR] [1784046713.584341241] [cmd_vel_chassis_serial]: Serial write failed: write failed: [Errno 5] Input/output error
[cmd_vel_chassis_serial.py-1] [ERROR] [1784046713.599642175] [cmd_vel_chassis_serial]: Serial write failed: write failed: [Errno 5] Input/output error
[cmd_vel_chassis_serial.py-1] [ERROR] [1784046713.617460925] [cmd_vel_chassis_serial]: Serial write failed: write failed: [Errno 5] Input/output error
[cmd_vel_chassis_serial.py-1] [ERROR] [1784046713.635085070] [cmd_vel_chassis_serial]: Serial write failed: write failed: [Errno 5] Input/output error
[cmd_vel_chassis_serial.py-1] [ERROR] [1784046713.656671434] [cmd_vel_chassis_serial]: Serial write failed: write failed: [Errno 5] Input/output error
[cmd_vel_chassis_serial.py-1] [ERROR] [1784046713.680920214] [cmd_vel_chassis_serial]: Serial write failed: write failed: [Errno 5] Input/output error
[cmd_vel_chassis_serial.py-1] [ERROR] [1784046713.696695784] [cmd_vel_chassis_serial]: Serial write failed: write failed: [Errno 5] Input/output error
[cmd_vel_chassis_serial.py-1] [ERROR] [1784046713.716309622] [cmd_vel_chassis_serial]: Serial write failed: write failed: [Errno 5] Input/output error
[cmd_vel_chassis_serial.py-1] [ERROR] [1784046713.764917479] [cmd_vel_chassis_serial]: Serial write failed: write failed: [Errno 5] Input/output error
[cmd_vel_chassis_serial.py-1] [ERROR] [1784046713.807333032] [cmd_vel_chassis_serial]: Serial write failed: write failed: [Errno 5] Input/output error
[cmd_vel_chassis_serial.py-1] [ERROR] [1784046713.833959841] [cmd_vel_chassis_serial]: Serial write failed: write failed: [Errno 5] Input/output error
[cmd_vel_chassis_serial.py-1] [ERROR] [1784046713.862600245] [cmd_vel_chassis_serial]: Serial write failed: write failed: [Errno 5] Input/output error
[cmd_vel_chassis_serial.py-1] [ERROR] [1784046713.897467889] [cmd_vel_chassis_serial]: Serial write failed: write failed: [Errno 5] Input/output error
[cmd_vel_chassis_serial.py-1] [ERROR] [1784046713.936845193] [cmd_vel_chassis_serial]: Serial write failed: write failed: [Errno 5] Input/output error
[cmd_vel_chassis_serial.py-1] [ERROR] [1784046713.981846963] [cmd_vel_chassis_serial]: Serial write failed: write failed: [Errno 5] Input/output error
[cmd_vel_chassis_serial.py-1] [ERROR] [1784046714.010112254] [cmd_vel_chassis_serial]: Serial write failed: write failed: [Errno 5] Input/output error
[cmd_vel_chassis_serial.py-1] [ERROR] [1784046714.052501612] [cmd_vel_chassis_serial]: Serial write failed: write failed: [Errno 5] Input/output error
[cmd_vel_chassis_serial.py-1] [ERROR] [1784046714.101309866] [cmd_vel_chassis_serial]: Serial write failed: write failed: [Errno 5] Input/output error
[cmd_vel_chassis_serial.py-1] [ERROR] [1784046714.154280872] [cmd_vel_chassis_serial]: Serial write failed: write failed: [Errno 5] Input/output error
[cmd_vel_chassis_serial.py-1] [ERROR] [1784046714.211455028] [cmd_vel_chassis_serial]: Serial write failed: write failed: [Errno 5] Input/output error
[cmd_vel_chassis_serial.py-1] [ERROR] [1784046714.247795804] [cmd_vel_chassis_serial]: Serial write failed: write failed: [Errno 5] Input/output error
[cmd_vel_chassis_serial.py-1] [ERROR] [1784046714.287418040] [cmd_vel_chassis_serial]: Serial write failed: write failed: [Errno 5] Input/output error
[cmd_vel_chassis_serial.py-1] [ERROR] [1784046714.320618823] [cmd_vel_chassis_serial]: Serial write failed: write failed: [Errno 5] Input/output error
[cmd_vel_chassis_serial.py-1] [ERROR] [1784046714.349802305] [cmd_vel_chassis_serial]: Serial write failed: write failed: [Errno 5] Input/output error
[cmd_vel_chassis_serial.py-1] [ERROR] [1784046714.397426210] [cmd_vel_chassis_serial]: Serial write failed: write failed: [Errno 5] Input/output error
[cmd_vel_chassis_serial.py-1] [ERROR] [1784046714.441019232] [cmd_vel_chassis_serial]: Serial write failed: write failed: [Errno 5] Input/output error
[cmd_vel_chassis_serial.py-1] [ERROR] [1784046714.469016878] [cmd_vel_chassis_serial]: Serial write failed: write failed: [Errno 5] Input/output error
[cmd_vel_chassis_serial.py-1] [ERROR] [1784046714.498634803] [cmd_vel_chassis_serial]: Serial write failed: write failed: [Errno 5] Input/output error
[cmd_vel_chassis_serial.py-1] [ERROR] [1784046714.535796739] [cmd_vel_chassis_serial]: Serial write failed: write failed: [Errno 5] Input/output error
[cmd_vel_chassis_serial.py-1] [ERROR] [1784046714.559083952] [cmd_vel_chassis_serial]: Serial write failed: write failed: [Errno 5] Input/output error
[cmd_vel_chassis_serial.py-1] [ERROR] [1784046714.579440836] [cmd_vel_chassis_serial]: Serial write failed: write failed: [Errno 5] Input/output error
[cmd_vel_chassis_serial.py-1] [ERROR] [1784046714.613089129] [cmd_vel_chassis_serial]: Serial write failed: write failed: [Errno 5] Input/output error
[cmd_vel_chassis_serial.py-1] [ERROR] [1784046714.635459403] [cmd_vel_chassis_serial]: Serial write failed: write failed: [Errno 5] Input/output error
[cmd_vel_chassis_serial.py-1] [ERROR] [1784046714.659599354] [cmd_vel_chassis_serial]: Serial write failed: write failed: [Errno 5] Input/output error
[cmd_vel_chassis_serial.py-1] [ERROR] [1784046714.684905057] [cmd_vel_chassis_serial]: Serial write failed: write failed: [Errno 5] Input/output error
[cmd_vel_chassis_serial.py-1] [ERROR] [1784046714.717337099] [cmd_vel_chassis_serial]: Serial write failed: write failed: [Errno 5] Input/output error
[cmd_vel_chassis_serial.py-1] [ERROR] [1784046714.746631369] [cmd_vel_chassis_serial]: Serial write failed: write failed: [Errno 5] Input/output error
[cmd_vel_chassis_serial.py-1] [ERROR] [1784046714.773659321] [cmd_vel_chassis_serial]: Serial write failed: write failed: [Errno 5] Input/output error
[cmd_vel_chassis_serial.py-1] [ERROR] [1784046714.799607259] [cmd_vel_chassis_serial]: Serial write failed: write failed: [Errno 5] Input/output error
[cmd_vel_chassis_serial.py-1] [ERROR] [1784046714.821497881] [cmd_vel_chassis_serial]: Serial write failed: write failed: [Errno 5] Input/output error
[cmd_vel_chassis_serial.py-1] [ERROR] [1784046714.855720189] [cmd_vel_chassis_serial]: Serial write failed: write failed: [Errno 5] Input/output error
[cmd_vel_chassis_serial.py-1] [ERROR] [1784046714.891325986] [cmd_vel_chassis_serial]: Serial write failed: write failed: [Errno 5] Input/output error
[cmd_vel_chassis_serial.py-1] [ERROR] [1784046714.930617176] [cmd_vel_chassis_serial]: Serial write failed: write failed: [Errno 5] Input/output error
[cmd_vel_chassis_serial.py-1] [ERROR] [1784046714.956243726] [cmd_vel_chassis_serial]: Serial write failed: write failed: [Errno 5] Input/output error
[cmd_vel_chassis_serial.py-1] [ERROR] [1784046715.000208887] [cmd_vel_chassis_serial]: Serial write failed: write failed: [Errno 5] Input/output error
[cmd_vel_chassis_serial.py-1] [ERROR] [1784046715.030212021] [cmd_vel_chassis_serial]: Serial write failed: write failed: [Errno 5] Input/output error
[cmd_vel_chassis_serial.py-1] [ERROR] [1784046715.064535526] [cmd_vel_chassis_serial]: Serial write failed: write failed: [Errno 5] Input/output error
[cmd_vel_chassis_serial.py-1] [ERROR] [1784046715.101021195] [cmd_vel_chassis_serial]: Serial write failed: write failed: [Errno 5] Input/output error
[cmd_vel_chassis_serial.py-1] [ERROR] [1784046715.126982898] [cmd_vel_chassis_serial]: Serial write failed: write failed: [Errno 5] Input/output error
[cmd_vel_chassis_serial.py-1] [ERROR] [1784046715.157368358] [cmd_vel_chassis_serial]: Serial write failed: write failed: [Errno 5] Input/output error
[cmd_vel_chassis_serial.py-1] [ERROR] [1784046715.185655494] [cmd_vel_chassis_serial]: Serial write failed: write failed: [Errno 5] Input/output error
[cmd_vel_chassis_serial.py-1] [ERROR] [1784046715.226321481] [cmd_vel_chassis_serial]: Serial write failed: write failed: [Errno 5] Input/output error
[cmd_vel_chassis_serial.py-1] [ERROR] [1784046715.257617328] [cmd_vel_chassis_serial]: Serial write failed: write failed: [Errno 5] Input/output error
[cmd_vel_chassis_serial.py-1] [ERROR] [1784046715.284534353] [cmd_vel_chassis_serial]: Serial write failed: write failed: [Errno 5] Input/output error
[cmd_vel_chassis_serial.py-1] [ERROR] [1784046715.325050210] [cmd_vel_chassis_serial]: Serial write failed: write failed: [Errno 5] Input/output error
[cmd_vel_chassis_serial.py-1] [ERROR] [1784046715.345242439] [cmd_vel_chassis_serial]: Serial write failed: write failed: [Errno 5] Input/output error
[cmd_vel_chassis_serial.py-1] [ERROR] [1784046715.375780211] [cmd_vel_chassis_serial]: Serial write failed: write failed: [Errno 5] Input/output error
[cmd_vel_chassis_serial.py-1] [ERROR] [1784046715.411680407] [cmd_vel_chassis_serial]: Serial write failed: write failed: [Errno 5] Input/output error
[cmd_vel_chassis_serial.py-1] [ERROR] [1784046715.448188908] [cmd_vel_chassis_serial]: Serial write failed: write failed: [Errno 5] Input/output error
[cmd_vel_chassis_serial.py-1] [ERROR] [1784046715.482854592] [cmd_vel_chassis_serial]: Serial write failed: write failed: [Errno 5] Input/output error
[cmd_vel_chassis_serial.py-1] [ERROR] [1784046715.511837774] [cmd_vel_chassis_serial]: Serial write failed: write failed: [Errno 5] Input/output error
[cmd_vel_chassis_serial.py-1] [ERROR] [1784046715.532352770] [cmd_vel_chassis_serial]: Serial write failed: write failed: [Errno 5] Input/output error
[cmd_vel_chassis_serial.py-1] [ERROR] [1784046715.556437487] [cmd_vel_chassis_serial]: Serial write failed: write failed: [Errno 5] Input/output error
[cmd_vel_chassis_serial.py-1] [ERROR] [1784046715.615546661] [cmd_vel_chassis_serial]: Serial write failed: write failed: [Errno 5] Input/output error
[cmd_vel_chassis_serial.py-1] [ERROR] [1784046715.638792474] [cmd_vel_chassis_serial]: Serial write failed: write failed: [Errno 5] Input/output error
[cmd_vel_chassis_serial.py-1] [ERROR] [1784046715.661998597] [cmd_vel_chassis_serial]: Serial write failed: write failed: [Errno 5] Input/output error
[cmd_vel_chassis_serial.py-1] [ERROR] [1784046715.687773842] [cmd_vel_chassis_serial]: Serial write failed: write failed: [Errno 5] Input/output error
[cmd_vel_chassis_serial.py-1] [ERROR] [1784046715.708811010] [cmd_vel_chassis_serial]: Serial write failed: write failed: [Errno 5] Input/output error
[cmd_vel_chassis_serial.py-1] [ERROR] [1784046715.730709435] [cmd_vel_chassis_serial]: Serial write failed: write failed: [Errno 5] Input/output error
[cmd_vel_chassis_serial.py-1] [ERROR] [1784046715.740847068] [cmd_vel_chassis_serial]: Serial write failed: write failed: [Errno 5] Input/output error
[cmd_vel_chassis_serial.py-1] [ERROR] [1784046715.755142631] [cmd_vel_chassis_serial]: Serial write failed: write failed: [Errno 5] Input/output error
[cmd_vel_chassis_serial.py-1] [ERROR] [1784046715.786737058] [cmd_vel_chassis_serial]: Serial write failed: write failed: [Errno 5] Input/output error
[cmd_vel_chassis_serial.py-1] [ERROR] [1784046715.806187409] [cmd_vel_chassis_serial]: Serial write failed: write failed: [Errno 5] Input/output error
[cmd_vel_chassis_serial.py-1] [ERROR] [1784046715.830525281] [cmd_vel_chassis_serial]: Serial write failed: write failed: [Errno 5] Input/output error
[cmd_vel_chassis_serial.py-1] [ERROR] [1784046715.857916726] [cmd_vel_chassis_serial]: Serial write failed: write failed: [Errno 5] Input/output error
[cmd_vel_chassis_serial.py-1] [ERROR] [1784046715.876345972] [cmd_vel_chassis_serial]: Serial write failed: write failed: [Errno 5] Input/output error
[cmd_vel_chassis_serial.py-1] [ERROR] [1784046715.887435086] [cmd_vel_chassis_serial]: Serial write failed: write failed: [Errno 5] Input/output error
[cmd_vel_chassis_serial.py-1] [ERROR] [1784046715.905315140] [cmd_vel_chassis_serial]: Serial write failed: write failed: [Errno 5] Input/output error
[cmd_vel_chassis_serial.py-1] [ERROR] [1784046715.923796661] [cmd_vel_chassis_serial]: Serial write failed: write failed: [Errno 5] Input/output error
[cmd_vel_chassis_serial.py-1] [ERROR] [1784046715.941983993] [cmd_vel_chassis_serial]: Serial write failed: write failed: [Errno 5] Input/output error
[cmd_vel_chassis_serial.py-1] [ERROR] [1784046715.966929019] [cmd_vel_chassis_serial]: Serial write failed: write failed: [Errno 5] Input/output error
[cmd_vel_chassis_serial.py-1] [ERROR] [1784046715.987313994] [cmd_vel_chassis_serial]: Serial write failed: write failed: [Errno 5] Input/output error
[cmd_vel_chassis_serial.py-1] [ERROR] [1784046716.003618533] [cmd_vel_chassis_serial]: Serial write failed: write failed: [Errno 5] Input/output error
[cmd_vel_chassis_serial.py-1] [ERROR] [1784046716.024592979] [cmd_vel_chassis_serial]: Serial write failed: write failed: [Errno 5] Input/output error
[cmd_vel_chassis_serial.py-1] [ERROR] [1784046716.044108266] [cmd_vel_chassis_serial]: Serial write failed: write failed: [Errno 5] Input/output error
[cmd_vel_chassis_serial.py-1] [ERROR] [1784046716.063760880] [cmd_vel_chassis_serial]: Serial write failed: write failed: [Errno 5] Input/output error
[cmd_vel_chassis_serial.py-1] [ERROR] [1784046716.088543111] [cmd_vel_chassis_serial]: Serial write failed: write failed: [Errno 5] Input/output error
[cmd_vel_chassis_serial.py-1] [ERROR] [1784046716.105137270] [cmd_vel_chassis_serial]: Serial write failed: write failed: [Errno 5] Input/output error
[cmd_vel_chassis_serial.py-1] [ERROR] [1784046716.127200010] [cmd_vel_chassis_serial]: Serial write failed: write failed: [Errno 5] Input/output error
[cmd_vel_chassis_serial.py-1] [ERROR] [1784046716.148996756] [cmd_vel_chassis_serial]: Serial write failed: write failed: [Errno 5] Input/output error
[cmd_vel_chassis_serial.py-1] [ERROR] [1784046716.164546822] [cmd_vel_chassis_serial]: Serial write failed: write failed: [Errno 5] Input/output error
[cmd_vel_chassis_serial.py-1] [ERROR] [1784046716.186191999] [cmd_vel_chassis_serial]: Serial write failed: write failed: [Errno 5] Input/output error
[cmd_vel_chassis_serial.py-1] [ERROR] [1784046716.202668410] [cmd_vel_chassis_serial]: Serial write failed: write failed: [Errno 5] Input/output error
[cmd_vel_chassis_serial.py-1] [ERROR] [1784046716.223673079] [cmd_vel_chassis_serial]: Serial write failed: write failed: [Errno 5] Input/output error
[cmd_vel_chassis_serial.py-1] [ERROR] [1784046716.241535524] [cmd_vel_chassis_serial]: Serial write failed: write failed: [Errno 5] Input/output error
[cmd_vel_chassis_serial.py-1] [ERROR] [1784046716.263914912] [cmd_vel_chassis_serial]: Serial write failed: write failed: [Errno 5] Input/output error
[cmd_vel_chassis_serial.py-1] [ERROR] [1784046716.279779719] [cmd_vel_chassis_serial]: Serial write failed: write failed: [Errno 5] Input/output error
[cmd_vel_chassis_serial.py-1] [ERROR] [1784046716.296002230] [cmd_vel_chassis_serial]: Serial write failed: write failed: [Errno 5] Input/output error
[cmd_vel_chassis_serial.py-1] [ERROR] [1784046716.315752891] [cmd_vel_chassis_serial]: Serial write failed: write failed: [Errno 5] Input/output error
[cmd_vel_chassis_serial.py-1] [ERROR] [1784046716.336774382] [cmd_vel_chassis_serial]: Serial write failed: write failed: [Errno 5] Input/output error
[cmd_vel_chassis_serial.py-1] [ERROR] [1784046716.354792667] [cmd_vel_chassis_serial]: Serial write failed: write failed: [Errno 5] Input/output error
[cmd_vel_chassis_serial.py-1] [ERROR] [1784046716.379621438] [cmd_vel_chassis_serial]: Serial write failed: write failed: [Errno 5] Input/output error
[cmd_vel_chassis_serial.py-1] [ERROR] [1784046716.401771006] [cmd_vel_chassis_serial]: Serial write failed: write failed: [Errno 5] Input/output error
[cmd_vel_chassis_serial.py-1] [ERROR] [1784046716.417170666] [cmd_vel_chassis_serial]: Serial write failed: write failed: [Errno 5] Input/output error
[cmd_vel_chassis_serial.py-1] [ERROR] [1784046716.436466907] [cmd_vel_chassis_serial]: Serial write failed: write failed: [Errno 5] Input/output error
[cmd_vel_chassis_serial.py-1] [ERROR] [1784046716.461425603] [cmd_vel_chassis_serial]: Serial write failed: write failed: [Errno 5] Input/output error
[cmd_vel_chassis_serial.py-1] [ERROR] [1784046716.481951292] [cmd_vel_chassis_serial]: Serial write failed: write failed: [Errno 5] Input/output error
[cmd_vel_chassis_serial.py-1] [ERROR] [1784046716.506459419] [cmd_vel_chassis_serial]: Serial write failed: write failed: [Errno 5] Input/output error
[cmd_vel_chassis_serial.py-1] [ERROR] [1784046716.527549514] [cmd_vel_chassis_serial]: Serial write failed: write failed: [Errno 5] Input/output error
[cmd_vel_chassis_serial.py-1] [ERROR] [1784046716.555498386] [cmd_vel_chassis_serial]: Serial write failed: write failed: [Errno 5] Input/output error
[cmd_vel_chassis_serial.py-1] [ERROR] [1784046716.569930487] [cmd_vel_chassis_serial]: Serial write failed: write failed: [Errno 5] Input/output error
[cmd_vel_chassis_serial.py-1] [ERROR] [1784046716.590084050] [cmd_vel_chassis_serial]: Serial write failed: write failed: [Errno 5] Input/output error
[cmd_vel_chassis_serial.py-1] [ERROR] [1784046716.612112572] [cmd_vel_chassis_serial]: Serial write failed: write failed: [Errno 5] Input/output error
[cmd_vel_chassis_serial.py-1] [ERROR] [1784046716.622949516] [cmd_vel_chassis_serial]: Serial write failed: write failed: [Errno 5] Input/output error
[cmd_vel_chassis_serial.py-1] [ERROR] [1784046716.666171794] [cmd_vel_chassis_serial]: Serial write failed: write failed: [Errno 5] Input/output error
[cmd_vel_chassis_serial.py-1] [ERROR] [1784046716.698019022] [cmd_vel_chassis_serial]: Serial write failed: write failed: [Errno 5] Input/output error
[cmd_vel_chassis_serial.py-1] [ERROR] [1784046716.714049591] [cmd_vel_chassis_serial]: Serial write failed: write failed: [Errno 5] Input/output error
[cmd_vel_chassis_serial.py-1] [ERROR] [1784046716.727219346] [cmd_vel_chassis_serial]: Serial write failed: write failed: [Errno 5] Input/output error
[cmd_vel_chassis_serial.py-1] [ERROR] [1784046716.746231045] [cmd_vel_chassis_serial]: Serial write failed: write failed: [Errno 5] Input/output error
[cmd_vel_chassis_serial.py-1] [ERROR] [1784046716.776303917] [cmd_vel_chassis_serial]: Serial write failed: write failed: [Errno 5] Input/output error
[cmd_vel_chassis_serial.py-1] [ERROR] [1784046716.799090394] [cmd_vel_chassis_serial]: Serial write failed: write failed: [Errno 5] Input/output error
[cmd_vel_chassis_serial.py-1] [ERROR] [1784046716.810847480] [cmd_vel_chassis_serial]: Serial write failed: write failed: [Errno 5] Input/output error
[cmd_vel_chassis_serial.py-1] [ERROR] [1784046716.823492651] [cmd_vel_chassis_serial]: Serial write failed: write failed: [Errno 5] Input/output error
[cmd_vel_chassis_serial.py-1] [ERROR] [1784046716.841484025] [cmd_vel_chassis_serial]: Serial write failed: write failed: [Errno 5] Input/output error
[cmd_vel_chassis_serial.py-1] [ERROR] [1784046716.900905899] [cmd_vel_chassis_serial]: Serial write failed: write failed: [Errno 5] Input/output error
[cmd_vel_chassis_serial.py-1] [ERROR] [1784046716.928060162] [cmd_vel_chassis_serial]: Serial write failed: write failed: [Errno 5] Input/output error
[cmd_vel_chassis_serial.py-1] [ERROR] [1784046716.956591963] [cmd_vel_chassis_serial]: Serial write failed: write failed: [Errno 5] Input/output error
[cmd_vel_chassis_serial.py-1] [ERROR] [1784046716.990141285] [cmd_vel_chassis_serial]: Serial write failed: write failed: [Errno 5] Input/output error
[cmd_vel_chassis_serial.py-1] [ERROR] [1784046717.018962359] [cmd_vel_chassis_serial]: Serial write failed: write failed: [Errno 5] Input/output error
[cmd_vel_chassis_serial.py-1] [ERROR] [1784046717.052436880] [cmd_vel_chassis_serial]: Serial write failed: write failed: [Errno 5] Input/output error
[cmd_vel_chassis_serial.py-1] [ERROR] [1784046717.076081486] [cmd_vel_chassis_serial]: Serial write failed: write failed: [Errno 5] Input/output error
[cmd_vel_chassis_serial.py-1] [ERROR] [1784046717.108689267] [cmd_vel_chassis_serial]: Serial write failed: write failed: [Errno 5] Input/output error
[cmd_vel_chassis_serial.py-1] [ERROR] [1784046717.135678659] [cmd_vel_chassis_serial]: Serial write failed: write failed: [Errno 5] Input/output error
[cmd_vel_chassis_serial.py-1] [ERROR] [1784046717.159486593] [cmd_vel_chassis_serial]: Serial write failed: write failed: [Errno 5] Input/output error
[cmd_vel_chassis_serial.py-1] [ERROR] [1784046717.191457597] [cmd_vel_chassis_serial]: Serial write failed: write failed: [Errno 5] Input/output error
[cmd_vel_chassis_serial.py-1] [ERROR] [1784046717.207070678] [cmd_vel_chassis_serial]: Serial write failed: write failed: [Errno 5] Input/output error
[cmd_vel_chassis_serial.py-1] [ERROR] [1784046717.218573315] [cmd_vel_chassis_serial]: Serial write failed: write failed: [Errno 5] Input/output error
[cmd_vel_chassis_serial.py-1] [ERROR] [1784046717.246123957] [cmd_vel_chassis_serial]: Serial write failed: write failed: [Errno 5] Input/output error
[cmd_vel_chassis_serial.py-1] [ERROR] [1784046717.259657407] [cmd_vel_chassis_serial]: Serial write failed: write failed: [Errno 5] Input/output error
[cmd_vel_chassis_serial.py-1] [ERROR] [1784046717.294533162] [cmd_vel_chassis_serial]: Serial write failed: write failed: [Errno 5] Input/output error
[cmd_vel_chassis_serial.py-1] [ERROR] [1784046717.317973984] [cmd_vel_chassis_serial]: Serial write failed: write failed: [Errno 5] Input/output error
[cmd_vel_chassis_serial.py-1] [ERROR] [1784046717.333172850] [cmd_vel_chassis_serial]: Serial write failed: write failed: [Errno 5] Input/output error
[cmd_vel_chassis_serial.py-1] [ERROR] [1784046717.350482746] [cmd_vel_chassis_serial]: Serial write failed: write failed: [Errno 5] Input/output error
[cmd_vel_chassis_serial.py-1] [ERROR] [1784046717.386806023] [cmd_vel_chassis_serial]: Serial write failed: write failed: [Errno 5] Input/output error
[cmd_vel_chassis_serial.py-1] [ERROR] [1784046717.421127679] [cmd_vel_chassis_serial]: Serial write failed: write failed: [Errno 5] Input/output error
[cmd_vel_chassis_serial.py-1] [ERROR] [1784046717.439960600] [cmd_vel_chassis_serial]: Serial write failed: write failed: [Errno 5] Input/output error
[cmd_vel_chassis_serial.py-1] [ERROR] [1784046717.466011325] [cmd_vel_chassis_serial]: Serial write failed: write failed: [Errno 5] Input/output error
[cmd_vel_chassis_serial.py-1] [ERROR] [1784046717.479811068] [cmd_vel_chassis_serial]: Serial write failed: write failed: [Errno 5] Input/output error
[cmd_vel_chassis_serial.py-1] [ERROR] [1784046717.498620077] [cmd_vel_chassis_serial]: Serial write failed: write failed: [Errno 5] Input/output error
[cmd_vel_chassis_serial.py-1] [ERROR] [1784046717.515358801] [cmd_vel_chassis_serial]: Serial write failed: write failed: [Errno 5] Input/output error
[cmd_vel_chassis_serial.py-1] [ERROR] [1784046717.536000058] [cmd_vel_chassis_serial]: Serial write failed: write failed: [Errno 5] Input/output error
[cmd_vel_chassis_serial.py-1] [ERROR] [1784046717.557528091] [cmd_vel_chassis_serial]: Serial write failed: write failed: [Errno 5] Input/output error
[cmd_vel_chassis_serial.py-1] [ERROR] [1784046717.580998044] [cmd_vel_chassis_serial]: Serial write failed: write failed: [Errno 5] Input/output error
[cmd_vel_chassis_serial.py-1] [ERROR] [1784046717.602191204] [cmd_vel_chassis_serial]: Serial write failed: write failed: [Errno 5] Input/output error
[cmd_vel_chassis_serial.py-1] [ERROR] [1784046717.623355748] [cmd_vel_chassis_serial]: Serial write failed: write failed: [Errno 5] Input/output error
[cmd_vel_chassis_serial.py-1] [ERROR] [1784046717.642347474] [cmd_vel_chassis_serial]: Serial write failed: write failed: [Errno 5] Input/output error
[cmd_vel_chassis_serial.py-1] [ERROR] [1784046717.659141508] [cmd_vel_chassis_serial]: Serial write failed: write failed: [Errno 5] Input/output error
[cmd_vel_chassis_serial.py-1] [ERROR] [1784046717.689628864] [cmd_vel_chassis_serial]: Serial write failed: write failed: [Errno 5] Input/output error
[cmd_vel_chassis_serial.py-1] [ERROR] [1784046717.715668215] [cmd_vel_chassis_serial]: Serial write failed: write failed: [Errno 5] Input/output error
[cmd_vel_chassis_serial.py-1] [ERROR] [1784046717.736180230] [cmd_vel_chassis_serial]: Serial write failed: write failed: [Errno 5] Input/output error
[cmd_vel_chassis_serial.py-1] [ERROR] [1784046717.751587103] [cmd_vel_chassis_serial]: Serial write failed: write failed: [Errno 5] Input/output error
[cmd_vel_chassis_serial.py-1] [ERROR] [1784046717.772096251] [cmd_vel_chassis_serial]: Serial write failed: write failed: [Errno 5] Input/output error
[cmd_vel_chassis_serial.py-1] [ERROR] [1784046717.782171474] [cmd_vel_chassis_serial]: Serial write failed: write failed: [Errno 5] Input/output error
[cmd_vel_chassis_serial.py-1] [ERROR] [1784046717.809177328] [cmd_vel_chassis_serial]: Serial write failed: write failed: [Errno 5] Input/output error
[cmd_vel_chassis_serial.py-1] [ERROR] [1784046717.827888722] [cmd_vel_chassis_serial]: Serial write failed: write failed: [Errno 5] Input/output error
[cmd_vel_chassis_serial.py-1] [ERROR] [1784046717.848692142] [cmd_vel_chassis_serial]: Serial write failed: write failed: [Errno 5] Input/output error
[cmd_vel_chassis_serial.py-1] [ERROR] [1784046717.859616853] [cmd_vel_chassis_serial]: Serial write failed: write failed: [Errno 5] Input/output error
[cmd_vel_chassis_serial.py-1] [ERROR] [1784046717.879549369] [cmd_vel_chassis_serial]: Serial write failed: write failed: [Errno 5] Input/output error
[cmd_vel_chassis_serial.py-1] [ERROR] [1784046717.901434736] [cmd_vel_chassis_serial]: Serial write failed: write failed: [Errno 5] Input/output error
[cmd_vel_chassis_serial.py-1] [ERROR] [1784046717.919655932] [cmd_vel_chassis_serial]: Serial write failed: write failed: [Errno 5] Input/output error
[cmd_vel_chassis_serial.py-1] [ERROR] [1784046717.939614388] [cmd_vel_chassis_serial]: Serial write failed: write failed: [Errno 5] Input/output error
[cmd_vel_chassis_serial.py-1] [ERROR] [1784046717.962202951] [cmd_vel_chassis_serial]: Serial write failed: write failed: [Errno 5] Input/output error
[cmd_vel_chassis_serial.py-1] [ERROR] [1784046717.980855400] [cmd_vel_chassis_serial]: Serial write failed: write failed: [Errno 5] Input/output error
[cmd_vel_chassis_serial.py-1] [ERROR] [1784046717.995712050] [cmd_vel_chassis_serial]: Serial write failed: write failed: [Errno 5] Input/output error
[cmd_vel_chassis_serial.py-1] [ERROR] [1784046718.019207369] [cmd_vel_chassis_serial]: Serial write failed: write failed: [Errno 5] Input/output error
[cmd_vel_chassis_serial.py-1] [ERROR] [1784046718.050782075] [cmd_vel_chassis_serial]: Serial write failed: write failed: [Errno 5] Input/output error
[cmd_vel_chassis_serial.py-1] [ERROR] [1784046718.068020947] [cmd_vel_chassis_serial]: Serial write failed: write failed: [Errno 5] Input/output error
[cmd_vel_chassis_serial.py-1] [ERROR] [1784046718.099966928] [cmd_vel_chassis_serial]: Serial write failed: write failed: [Errno 5] Input/output error
[cmd_vel_chassis_serial.py-1] [ERROR] [1784046718.118280571] [cmd_vel_chassis_serial]: Serial write failed: write failed: [Errno 5] Input/output error
[cmd_vel_chassis_serial.py-1] [ERROR] [1784046718.140654436] [cmd_vel_chassis_serial]: Serial write failed: write failed: [Errno 5] Input/output error
[cmd_vel_chassis_serial.py-1] [ERROR] [1784046718.159346996] [cmd_vel_chassis_serial]: Serial write failed: write failed: [Errno 5] Input/output error
[cmd_vel_chassis_serial.py-1] [ERROR] [1784046718.184069882] [cmd_vel_chassis_serial]: Serial write failed: write failed: [Errno 5] Input/output error
[cmd_vel_chassis_serial.py-1] [ERROR] [1784046718.218358933] [cmd_vel_chassis_serial]: Serial write failed: write failed: [Errno 5] Input/output error
[cmd_vel_chassis_serial.py-1] [ERROR] [1784046718.245144150] [cmd_vel_chassis_serial]: Serial write failed: write failed: [Errno 5] Input/output error
[cmd_vel_chassis_serial.py-1] [ERROR] [1784046718.266761943] [cmd_vel_chassis_serial]: Serial write failed: write failed: [Errno 5] Input/output error
[cmd_vel_chassis_serial.py-1] [ERROR] [1784046718.287561874] [cmd_vel_chassis_serial]: Serial write failed: write failed: [Errno 5] Input/output error
[cmd_vel_chassis_serial.py-1] [ERROR] [1784046718.299371612] [cmd_vel_chassis_serial]: Serial write failed: write failed: [Errno 5] Input/output error
[cmd_vel_chassis_serial.py-1] [ERROR] [1784046718.333930388] [cmd_vel_chassis_serial]: Serial write failed: write failed: [Errno 5] Input/output error
[cmd_vel_chassis_serial.py-1] [ERROR] [1784046718.350321415] [cmd_vel_chassis_serial]: Serial write failed: write failed: [Errno 5] Input/output error
[cmd_vel_chassis_serial.py-1] [ERROR] [1784046718.369546491] [cmd_vel_chassis_serial]: Serial write failed: write failed: [Errno 5] Input/output error
[cmd_vel_chassis_serial.py-1] [ERROR] [1784046718.393643446] [cmd_vel_chassis_serial]: Serial write failed: write failed: [Errno 5] Input/output error
[cmd_vel_chassis_serial.py-1] [ERROR] [1784046718.413135631] [cmd_vel_chassis_serial]: Serial write failed: write failed: [Errno 5] Input/output error
[cmd_vel_chassis_serial.py-1] [ERROR] [1784046718.432189016] [cmd_vel_chassis_serial]: Serial write failed: write failed: [Errno 5] Input/output error
[cmd_vel_chassis_serial.py-1] [ERROR] [1784046718.443010163] [cmd_vel_chassis_serial]: Serial write failed: write failed: [Errno 5] Input/output error
[cmd_vel_chassis_serial.py-1] [ERROR] [1784046718.465186937] [cmd_vel_chassis_serial]: Serial write failed: write failed: [Errno 5] Input/output error
[cmd_vel_chassis_serial.py-1] [ERROR] [1784046718.481432035] [cmd_vel_chassis_serial]: Serial write failed: write failed: [Errno 5] Input/output error
[cmd_vel_chassis_serial.py-1] [ERROR] [1784046718.497426304] [cmd_vel_chassis_serial]: Serial write failed: write failed: [Errno 5] Input/output error
[cmd_vel_chassis_serial.py-1] [ERROR] [1784046718.522388247] [cmd_vel_chassis_serial]: Serial write failed: write failed: [Errno 5] Input/output error
[cmd_vel_chassis_serial.py-1] [ERROR] [1784046718.535456324] [cmd_vel_chassis_serial]: Serial write failed: write failed: [Errno 5] Input/output error
[cmd_vel_chassis_serial.py-1] [ERROR] [1784046718.562764565] [cmd_vel_chassis_serial]: Serial write failed: write failed: [Errno 5] Input/output error
[cmd_vel_chassis_serial.py-1] [ERROR] [1784046718.613975515] [cmd_vel_chassis_serial]: Serial write failed: write failed: [Errno 5] Input/output error
[cmd_vel_chassis_serial.py-1] [ERROR] [1784046718.641853632] [cmd_vel_chassis_serial]: Serial write failed: write failed: [Errno 5] Input/output error
[cmd_vel_chassis_serial.py-1] [ERROR] [1784046718.683341520] [cmd_vel_chassis_serial]: Serial write failed: write failed: [Errno 5] Input/output error
[cmd_vel_chassis_serial.py-1] [ERROR] [1784046718.717198863] [cmd_vel_chassis_serial]: Serial write failed: write failed: [Errno 5] Input/output error
[cmd_vel_chassis_serial.py-1] [ERROR] [1784046718.743857418] [cmd_vel_chassis_serial]: Serial write failed: write failed: [Errno 5] Input/output error
[cmd_vel_chassis_serial.py-1] [ERROR] [1784046718.774230654] [cmd_vel_chassis_serial]: Serial write failed: write failed: [Errno 5] Input/output error
[cmd_vel_chassis_serial.py-1] [ERROR] [1784046718.805842650] [cmd_vel_chassis_serial]: Serial write failed: write failed: [Errno 5] Input/output error
[cmd_vel_chassis_serial.py-1] [ERROR] [1784046718.835150233] [cmd_vel_chassis_serial]: Serial write failed: write failed: [Errno 5] Input/output error
[cmd_vel_chassis_serial.py-1] [ERROR] [1784046718.882534909] [cmd_vel_chassis_serial]: Serial write failed: write failed: [Errno 5] Input/output error
[cmd_vel_chassis_serial.py-1] [ERROR] [1784046718.926139634] [cmd_vel_chassis_serial]: Serial write failed: write failed: [Errno 5] Input/output error
[cmd_vel_chassis_serial.py-1] [ERROR] [1784046718.952776460] [cmd_vel_chassis_serial]: Serial write failed: write failed: [Errno 5] Input/output error
[cmd_vel_chassis_serial.py-1] [ERROR] [1784046718.986940517] [cmd_vel_chassis_serial]: Serial write failed: write failed: [Errno 5] Input/output error
[cmd_vel_chassis_serial.py-1] [ERROR] [1784046719.034912183] [cmd_vel_chassis_serial]: Serial write failed: write failed: [Errno 5] Input/output error
[cmd_vel_chassis_serial.py-1] [ERROR] [1784046719.063077775] [cmd_vel_chassis_serial]: Serial write failed: write failed: [Errno 5] Input/output error
[cmd_vel_chassis_serial.py-1] [ERROR] [1784046719.111850663] [cmd_vel_chassis_serial]: Serial write failed: write failed: [Errno 5] Input/output error
[cmd_vel_chassis_serial.py-1] [ERROR] [1784046719.149041268] [cmd_vel_chassis_serial]: Serial write failed: write failed: [Errno 5] Input/output error
[cmd_vel_chassis_serial.py-1] [ERROR] [1784046719.168950743] [cmd_vel_chassis_serial]: Serial write failed: write failed: [Errno 5] Input/output error
[cmd_vel_chassis_serial.py-1] [ERROR] [1784046719.180692454] [cmd_vel_chassis_serial]: Serial write failed: write failed: [Errno 5] Input/output error
[cmd_vel_chassis_serial.py-1] [ERROR] [1784046719.200428007] [cmd_vel_chassis_serial]: Serial write failed: write failed: [Errno 5] Input/output error
[cmd_vel_chassis_serial.py-1] [ERROR] [1784046719.217044334] [cmd_vel_chassis_serial]: Serial write failed: write failed: [Errno 5] Input/output error
[cmd_vel_chassis_serial.py-1] [ERROR] [1784046719.234652191] [cmd_vel_chassis_serial]: Serial write failed: write failed: [Errno 5] Input/output error
[cmd_vel_chassis_serial.py-1] [ERROR] [1784046719.259154607] [cmd_vel_chassis_serial]: Serial write failed: write failed: [Errno 5] Input/output error
[cmd_vel_chassis_serial.py-1] [ERROR] [1784046719.279880383] [cmd_vel_chassis_serial]: Serial write failed: write failed: [Errno 5] Input/output error
[cmd_vel_chassis_serial.py-1] [ERROR] [1784046719.297417177] [cmd_vel_chassis_serial]: Serial write failed: write failed: [Errno 5] Input/output error
[cmd_vel_chassis_serial.py-1] [ERROR] [1784046719.317107210] [cmd_vel_chassis_serial]: Serial write failed: write failed: [Errno 5] Input/output error
[cmd_vel_chassis_serial.py-1] [ERROR] [1784046719.341449322] [cmd_vel_chassis_serial]: Serial write failed: write failed: [Errno 5] Input/output error
[cmd_vel_chassis_serial.py-1] [ERROR] [1784046719.359563683] [cmd_vel_chassis_serial]: Serial write failed: write failed: [Errno 5] Input/output error
[cmd_vel_chassis_serial.py-1] [ERROR] [1784046719.379509463] [cmd_vel_chassis_serial]: Serial write failed: write failed: [Errno 5] Input/output error
[cmd_vel_chassis_serial.py-1] [ERROR] [1784046719.402680748] [cmd_vel_chassis_serial]: Serial write failed: write failed: [Errno 5] Input/output error
[cmd_vel_chassis_serial.py-1] [ERROR] [1784046719.416208611] [cmd_vel_chassis_serial]: Serial write failed: write failed: [Errno 5] Input/output error
[cmd_vel_chassis_serial.py-1] [ERROR] [1784046719.435123447] [cmd_vel_chassis_serial]: Serial write failed: write failed: [Errno 5] Input/output error
[cmd_vel_chassis_serial.py-1] [ERROR] [1784046719.459241006] [cmd_vel_chassis_serial]: Serial write failed: write failed: [Errno 5] Input/output error
[cmd_vel_chassis_serial.py-1] [ERROR] [1784046719.483148110] [cmd_vel_chassis_serial]: Serial write failed: write failed: [Errno 5] Input/output error
[cmd_vel_chassis_serial.py-1] [ERROR] [1784046719.498380779] [cmd_vel_chassis_serial]: Serial write failed: write failed: [Errno 5] Input/output error
[cmd_vel_chassis_serial.py-1] [ERROR] [1784046719.518459472] [cmd_vel_chassis_serial]: Serial write failed: write failed: [Errno 5] Input/output error
[cmd_vel_chassis_serial.py-1] [ERROR] [1784046719.536514383] [cmd_vel_chassis_serial]: Serial write failed: write failed: [Errno 5] Input/output error
[cmd_vel_chassis_serial.py-1] [ERROR] [1784046719.561521659] [cmd_vel_chassis_serial]: Serial write failed: write failed: [Errno 5] Input/output error
[cmd_vel_chassis_serial.py-1] [ERROR] [1784046719.594065753] [cmd_vel_chassis_serial]: Serial write failed: write failed: [Errno 5] Input/output error
[cmd_vel_chassis_serial.py-1] [ERROR] [1784046719.616658630] [cmd_vel_chassis_serial]: Serial write failed: write failed: [Errno 5] Input/output error
[cmd_vel_chassis_serial.py-1] [ERROR] [1784046719.633527321] [cmd_vel_chassis_serial]: Serial write failed: write failed: [Errno 5] Input/output error
[cmd_vel_chassis_serial.py-1] [ERROR] [1784046719.654572529] [cmd_vel_chassis_serial]: Serial write failed: write failed: [Errno 5] Input/output error
[cmd_vel_chassis_serial.py-1] [ERROR] [1784046719.677191922] [cmd_vel_chassis_serial]: Serial write failed: write failed: [Errno 5] Input/output error
[cmd_vel_chassis_serial.py-1] [ERROR] [1784046719.698601267] [cmd_vel_chassis_serial]: Serial write failed: write failed: [Errno 5] Input/output error
[cmd_vel_chassis_serial.py-1] [ERROR] [1784046719.714110979] [cmd_vel_chassis_serial]: Serial write failed: write failed: [Errno 5] Input/output error
[cmd_vel_chassis_serial.py-1] [ERROR] [1784046719.730615173] [cmd_vel_chassis_serial]: Serial write failed: write failed: [Errno 5] Input/output error
[cmd_vel_chassis_serial.py-1] [ERROR] [1784046719.748886143] [cmd_vel_chassis_serial]: Serial write failed: write failed: [Errno 5] Input/output error
[cmd_vel_chassis_serial.py-1] [ERROR] [1784046719.762623753] [cmd_vel_chassis_serial]: Serial write failed: write failed: [Errno 5] Input/output error
[cmd_vel_chassis_serial.py-1] [ERROR] [1784046719.786877752] [cmd_vel_chassis_serial]: Serial write failed: write failed: [Errno 5] Input/output error
[cmd_vel_chassis_serial.py-1] [ERROR] [1784046719.807169516] [cmd_vel_chassis_serial]: Serial write failed: write failed: [Errno 5] Input/output error
[cmd_vel_chassis_serial.py-1] [ERROR] [1784046719.826623406] [cmd_vel_chassis_serial]: Serial write failed: write failed: [Errno 5] Input/output error
[cmd_vel_chassis_serial.py-1] [ERROR] [1784046719.841684445] [cmd_vel_chassis_serial]: Serial write failed: write failed: [Errno 5] Input/output error
[cmd_vel_chassis_serial.py-1] [ERROR] [1784046719.860844951] [cmd_vel_chassis_serial]: Serial write failed: write failed: [Errno 5] Input/output error
[cmd_vel_chassis_serial.py-1] [ERROR] [1784046719.890143060] [cmd_vel_chassis_serial]: Serial write failed: write failed: [Errno 5] Input/output error
[cmd_vel_chassis_serial.py-1] [ERROR] [1784046719.916590636] [cmd_vel_chassis_serial]: Serial write failed: write failed: [Errno 5] Input/output error
[cmd_vel_chassis_serial.py-1] [ERROR] [1784046719.941200949] [cmd_vel_chassis_serial]: Serial write failed: write failed: [Errno 5] Input/output error
[cmd_vel_chassis_serial.py-1] [ERROR] [1784046719.962179892] [cmd_vel_chassis_serial]: Serial write failed: write failed: [Errno 5] Input/output error
[cmd_vel_chassis_serial.py-1] [ERROR] [1784046719.999528906] [cmd_vel_chassis_serial]: Serial write failed: write failed: [Errno 5] Input/output error
[cmd_vel_chassis_serial.py-1] [ERROR] [1784046720.035029096] [cmd_vel_chassis_serial]: Serial write failed: write failed: [Errno 5] Input/output error
[cmd_vel_chassis_serial.py-1] [ERROR] [1784046720.061151233] [cmd_vel_chassis_serial]: Serial write failed: write failed: [Errno 5] Input/output error
[cmd_vel_chassis_serial.py-1] [ERROR] [1784046720.098819576] [cmd_vel_chassis_serial]: Serial write failed: write failed: [Errno 5] Input/output error
[cmd_vel_chassis_serial.py-1] [ERROR] [1784046720.129676889] [cmd_vel_chassis_serial]: Serial write failed: write failed: [Errno 5] Input/output error
[cmd_vel_chassis_serial.py-1] [ERROR] [1784046720.151176137] [cmd_vel_chassis_serial]: Serial write failed: write failed: [Errno 5] Input/output error
[cmd_vel_chassis_serial.py-1] [ERROR] [1784046720.192784376] [cmd_vel_chassis_serial]: Serial write failed: write failed: [Errno 5] Input/output error
[cmd_vel_chassis_serial.py-1] [ERROR] [1784046720.216962037] [cmd_vel_chassis_serial]: Serial write failed: write failed: [Errno 5] Input/output error
[cmd_vel_chassis_serial.py-1] [ERROR] [1784046720.245436614] [cmd_vel_chassis_serial]: Serial write failed: write failed: [Errno 5] Input/output error
[cmd_vel_chassis_serial.py-1] [ERROR] [1784046720.279778359] [cmd_vel_chassis_serial]: Serial write failed: write failed: [Errno 5] Input/output error
[cmd_vel_chassis_serial.py-1] [ERROR] [1784046720.305692752] [cmd_vel_chassis_serial]: Serial write failed: write failed: [Errno 5] Input/output error
[cmd_vel_chassis_serial.py-1] [ERROR] [1784046720.342029124] [cmd_vel_chassis_serial]: Serial write failed: write failed: [Errno 5] Input/output error
[cmd_vel_chassis_serial.py-1] [ERROR] [1784046720.369514186] [cmd_vel_chassis_serial]: Serial write failed: write failed: [Errno 5] Input/output error
[cmd_vel_chassis_serial.py-1] [ERROR] [1784046720.398581976] [cmd_vel_chassis_serial]: Serial write failed: write failed: [Errno 5] Input/output error
[cmd_vel_chassis_serial.py-1] [ERROR] [1784046720.426236725] [cmd_vel_chassis_serial]: Serial write failed: write failed: [Errno 5] Input/output error
[cmd_vel_chassis_serial.py-1] [ERROR] [1784046720.458712651] [cmd_vel_chassis_serial]: Serial write failed: write failed: [Errno 5] Input/output error
[cmd_vel_chassis_serial.py-1] [ERROR] [1784046720.498225480] [cmd_vel_chassis_serial]: Serial write failed: write failed: [Errno 5] Input/output error
[cmd_vel_chassis_serial.py-1] [ERROR] [1784046720.526907610] [cmd_vel_chassis_serial]: Serial write failed: write failed: [Errno 5] Input/output error
[cmd_vel_chassis_serial.py-1] [ERROR] [1784046720.559657040] [cmd_vel_chassis_serial]: Serial write failed: write failed: [Errno 5] Input/output error
[cmd_vel_chassis_serial.py-1] [ERROR] [1784046720.594536831] [cmd_vel_chassis_serial]: Serial write failed: write failed: [Errno 5] Input/output error
[cmd_vel_chassis_serial.py-1] [ERROR] [1784046720.628080523] [cmd_vel_chassis_serial]: Serial write failed: write failed: [Errno 5] Input/output error
[cmd_vel_chassis_serial.py-1] [ERROR] [1784046720.660224695] [cmd_vel_chassis_serial]: Serial write failed: write failed: [Errno 5] Input/output error
[cmd_vel_chassis_serial.py-1] [ERROR] [1784046720.689666640] [cmd_vel_chassis_serial]: Serial write failed: write failed: [Errno 5] Input/output error
[cmd_vel_chassis_serial.py-1] [ERROR] [1784046720.715694389] [cmd_vel_chassis_serial]: Serial write failed: write failed: [Errno 5] Input/output error
[cmd_vel_chassis_serial.py-1] [ERROR] [1784046720.749643526] [cmd_vel_chassis_serial]: Serial write failed: write failed: [Errno 5] Input/output error
[cmd_vel_chassis_serial.py-1] [ERROR] [1784046720.780573978] [cmd_vel_chassis_serial]: Serial write failed: write failed: [Errno 5] Input/output error
[cmd_vel_chassis_serial.py-1] [ERROR] [1784046720.819066830] [cmd_vel_chassis_serial]: Serial write failed: write failed: [Errno 5] Input/output error
[cmd_vel_chassis_serial.py-1] [ERROR] [1784046720.848812045] [cmd_vel_chassis_serial]: Serial write failed: write failed: [Errno 5] Input/output error
[cmd_vel_chassis_serial.py-1] [ERROR] [1784046720.878032329] [cmd_vel_chassis_serial]: Serial write failed: write failed: [Errno 5] Input/output error
[cmd_vel_chassis_serial.py-1] [ERROR] [1784046720.912570383] [cmd_vel_chassis_serial]: Serial write failed: write failed: [Errno 5] Input/output error
[cmd_vel_chassis_serial.py-1] [ERROR] [1784046720.934344011] [cmd_vel_chassis_serial]: Serial write failed: write failed: [Errno 5] Input/output error
[cmd_vel_chassis_serial.py-1] [ERROR] [1784046720.959425365] [cmd_vel_chassis_serial]: Serial write failed: write failed: [Errno 5] Input/output error
[cmd_vel_chassis_serial.py-1] [ERROR] [1784046720.987799736] [cmd_vel_chassis_serial]: Serial write failed: write failed: [Errno 5] Input/output error
[cmd_vel_chassis_serial.py-1] [ERROR] [1784046721.033396983] [cmd_vel_chassis_serial]: Serial write failed: write failed: [Errno 5] Input/output error
[cmd_vel_chassis_serial.py-1] [ERROR] [1784046721.081809037] [cmd_vel_chassis_serial]: Serial write failed: write failed: [Errno 5] Input/output error
[cmd_vel_chassis_serial.py-1] [ERROR] [1784046721.120210469] [cmd_vel_chassis_serial]: Serial write failed: write failed: [Errno 5] Input/output error
[cmd_vel_chassis_serial.py-1] [ERROR] [1784046721.151391323] [cmd_vel_chassis_serial]: Serial write failed: write failed: [Errno 5] Input/output error
[cmd_vel_chassis_serial.py-1] [ERROR] [1784046721.186801606] [cmd_vel_chassis_serial]: Serial write failed: write failed: [Errno 5] Input/output error
[cmd_vel_chassis_serial.py-1] [ERROR] [1784046721.229335369] [cmd_vel_chassis_serial]: Serial write failed: write failed: [Errno 5] Input/output error
[cmd_vel_chassis_serial.py-1] [ERROR] [1784046721.270163486] [cmd_vel_chassis_serial]: Serial write failed: write failed: [Errno 5] Input/output error
[cmd_vel_chassis_serial.py-1] [ERROR] [1784046721.309980900] [cmd_vel_chassis_serial]: Serial write failed: write failed: [Errno 5] Input/output error
[cmd_vel_chassis_serial.py-1] [ERROR] [1784046721.354228937] [cmd_vel_chassis_serial]: Serial write failed: write failed: [Errno 5] Input/output error
[cmd_vel_chassis_serial.py-1] [ERROR] [1784046721.392150213] [cmd_vel_chassis_serial]: Serial write failed: write failed: [Errno 5] Input/output error
[cmd_vel_chassis_serial.py-1] [ERROR] [1784046721.439431992] [cmd_vel_chassis_serial]: Serial write failed: write failed: [Errno 5] Input/output error
[cmd_vel_chassis_serial.py-1] [ERROR] [1784046721.461499908] [cmd_vel_chassis_serial]: Serial write failed: write failed: [Errno 5] Input/output error
[cmd_vel_chassis_serial.py-1] [ERROR] [1784046721.476893281] [cmd_vel_chassis_serial]: Serial write failed: write failed: [Errno 5] Input/output error
[cmd_vel_chassis_serial.py-1] [ERROR] [1784046721.494491257] [cmd_vel_chassis_serial]: Serial write failed: write failed: [Errno 5] Input/output error
[cmd_vel_chassis_serial.py-1] [ERROR] [1784046721.512109090] [cmd_vel_chassis_serial]: Serial write failed: write failed: [Errno 5] Input/output error
[cmd_vel_chassis_serial.py-1] [ERROR] [1784046721.531209168] [cmd_vel_chassis_serial]: Serial write failed: write failed: [Errno 5] Input/output error
[cmd_vel_chassis_serial.py-1] [ERROR] [1784046721.551193168] [cmd_vel_chassis_serial]: Serial write failed: write failed: [Errno 5] Input/output error
[cmd_vel_chassis_serial.py-1] [ERROR] [1784046721.567329259] [cmd_vel_chassis_serial]: Serial write failed: write failed: [Errno 5] Input/output error
[cmd_vel_chassis_serial.py-1] [ERROR] [1784046721.588001423] [cmd_vel_chassis_serial]: Serial write failed: write failed: [Errno 5] Input/output error
[cmd_vel_chassis_serial.py-1] [ERROR] [1784046721.607127224] [cmd_vel_chassis_serial]: Serial write failed: write failed: [Errno 5] Input/output error
[cmd_vel_chassis_serial.py-1] [ERROR] [1784046721.631625568] [cmd_vel_chassis_serial]: Serial write failed: write failed: [Errno 5] Input/output error
[cmd_vel_chassis_serial.py-1] [ERROR] [1784046721.651933559] [cmd_vel_chassis_serial]: Serial write failed: write failed: [Errno 5] Input/output error
[cmd_vel_chassis_serial.py-1] [ERROR] [1784046721.666986156] [cmd_vel_chassis_serial]: Serial write failed: write failed: [Errno 5] Input/output error
[cmd_vel_chassis_serial.py-1] [ERROR] [1784046721.689335230] [cmd_vel_chassis_serial]: Serial write failed: write failed: [Errno 5] Input/output error
[cmd_vel_chassis_serial.py-1] [ERROR] [1784046721.707159163] [cmd_vel_chassis_serial]: Serial write failed: write failed: [Errno 5] Input/output error
[cmd_vel_chassis_serial.py-1] [ERROR] [1784046721.729841948] [cmd_vel_chassis_serial]: Serial write failed: write failed: [Errno 5] Input/output error
[cmd_vel_chassis_serial.py-1] [ERROR] [1784046721.757115635] [cmd_vel_chassis_serial]: Serial write failed: write failed: [Errno 5] Input/output error
[cmd_vel_chassis_serial.py-1] [ERROR] [1784046721.790163051] [cmd_vel_chassis_serial]: Serial write failed: write failed: [Errno 5] Input/output error
[cmd_vel_chassis_serial.py-1] [ERROR] [1784046721.827405942] [cmd_vel_chassis_serial]: Serial write failed: write failed: [Errno 5] Input/output error
[cmd_vel_chassis_serial.py-1] [ERROR] [1784046721.850480422] [cmd_vel_chassis_serial]: Serial write failed: write failed: [Errno 5] Input/output error
[cmd_vel_chassis_serial.py-1] [ERROR] [1784046721.883694092] [cmd_vel_chassis_serial]: Serial write failed: write failed: [Errno 5] Input/output error
[cmd_vel_chassis_serial.py-1] [ERROR] [1784046721.927465644] [cmd_vel_chassis_serial]: Serial write failed: write failed: [Errno 5] Input/output error
[cmd_vel_chassis_serial.py-1] [ERROR] [1784046721.959039501] [cmd_vel_chassis_serial]: Serial write failed: write failed: [Errno 5] Input/output error
[cmd_vel_chassis_serial.py-1] [ERROR] [1784046721.995579026] [cmd_vel_chassis_serial]: Serial write failed: write failed: [Errno 5] Input/output error
[cmd_vel_chassis_serial.py-1] [ERROR] [1784046722.042428047] [cmd_vel_chassis_serial]: Serial write failed: write failed: [Errno 5] Input/output error
[cmd_vel_chassis_serial.py-1] [ERROR] [1784046722.097323116] [cmd_vel_chassis_serial]: Serial write failed: write failed: [Errno 5] Input/output error
[cmd_vel_chassis_serial.py-1] [ERROR] [1784046722.131401600] [cmd_vel_chassis_serial]: Serial write failed: write failed: [Errno 5] Input/output error
[cmd_vel_chassis_serial.py-1] [ERROR] [1784046722.157213095] [cmd_vel_chassis_serial]: Serial write failed: write failed: [Errno 5] Input/output error
[cmd_vel_chassis_serial.py-1] [ERROR] [1784046722.184534729] [cmd_vel_chassis_serial]: Serial write failed: write failed: [Errno 5] Input/output error
[cmd_vel_chassis_serial.py-1] [ERROR] [1784046722.202067187] [cmd_vel_chassis_serial]: Serial write failed: write failed: [Errno 5] Input/output error
[cmd_vel_chassis_serial.py-1] [ERROR] [1784046722.226037147] [cmd_vel_chassis_serial]: Serial write failed: write failed: [Errno 5] Input/output error
[cmd_vel_chassis_serial.py-1] [ERROR] [1784046722.258647675] [cmd_vel_chassis_serial]: Serial write failed: write failed: [Errno 5] Input/output error
[cmd_vel_chassis_serial.py-1] [ERROR] [1784046722.279828169] [cmd_vel_chassis_serial]: Serial write failed: write failed: [Errno 5] Input/output error
[cmd_vel_chassis_serial.py-1] [ERROR] [1784046722.315056437] [cmd_vel_chassis_serial]: Serial write failed: write failed: [Errno 5] Input/output error
[cmd_vel_chassis_serial.py-1] [ERROR] [1784046722.345028157] [cmd_vel_chassis_serial]: Serial write failed: write failed: [Errno 5] Input/output error
[cmd_vel_chassis_serial.py-1] [ERROR] [1784046722.372704162] [cmd_vel_chassis_serial]: Serial write failed: write failed: [Errno 5] Input/output error
[cmd_vel_chassis_serial.py-1] [ERROR] [1784046722.409007622] [cmd_vel_chassis_serial]: Serial write failed: write failed: [Errno 5] Input/output error
[cmd_vel_chassis_serial.py-1] [ERROR] [1784046722.438852405] [cmd_vel_chassis_serial]: Serial write failed: write failed: [Errno 5] Input/output error
[cmd_vel_chassis_serial.py-1] [ERROR] [1784046722.451608340] [cmd_vel_chassis_serial]: Serial write failed: write failed: [Errno 5] Input/output error
[cmd_vel_chassis_serial.py-1] [ERROR] [1784046722.466957851] [cmd_vel_chassis_serial]: Serial write failed: write failed: [Errno 5] Input/output error
[cmd_vel_chassis_serial.py-1] [ERROR] [1784046722.479352241] [cmd_vel_chassis_serial]: Serial write failed: write failed: [Errno 5] Input/output error
[cmd_vel_chassis_serial.py-1] [ERROR] [1784046722.511961918] [cmd_vel_chassis_serial]: Serial write failed: write failed: [Errno 5] Input/output error
[cmd_vel_chassis_serial.py-1] [ERROR] [1784046722.530740238] [cmd_vel_chassis_serial]: Serial write failed: write failed: [Errno 5] Input/output error
[cmd_vel_chassis_serial.py-1] [ERROR] [1784046722.573768466] [cmd_vel_chassis_serial]: Serial write failed: write failed: [Errno 5] Input/output error
[cmd_vel_chassis_serial.py-1] [ERROR] [1784046722.609711041] [cmd_vel_chassis_serial]: Serial write failed: write failed: [Errno 5] Input/output error
[cmd_vel_chassis_serial.py-1] [ERROR] [1784046722.652818190] [cmd_vel_chassis_serial]: Serial write failed: write failed: [Errno 5] Input/output error
[cmd_vel_chassis_serial.py-1] [ERROR] [1784046722.684741790] [cmd_vel_chassis_serial]: Serial write failed: write failed: [Errno 5] Input/output error
[cmd_vel_chassis_serial.py-1] [ERROR] [1784046722.718147312] [cmd_vel_chassis_serial]: Serial write failed: write failed: [Errno 5] Input/output error
[cmd_vel_chassis_serial.py-1] [ERROR] [1784046722.757474545] [cmd_vel_chassis_serial]: Serial write failed: write failed: [Errno 5] Input/output error
[cmd_vel_chassis_serial.py-1] [ERROR] [1784046722.785402494] [cmd_vel_chassis_serial]: Serial write failed: write failed: [Errno 5] Input/output error
[cmd_vel_chassis_serial.py-1] [ERROR] [1784046722.810579383] [cmd_vel_chassis_serial]: Serial write failed: write failed: [Errno 5] Input/output error
[cmd_vel_chassis_serial.py-1] [ERROR] [1784046722.839459522] [cmd_vel_chassis_serial]: Serial write failed: write failed: [Errno 5] Input/output error
[cmd_vel_chassis_serial.py-1] [ERROR] [1784046722.876629459] [cmd_vel_chassis_serial]: Serial write failed: write failed: [Errno 5] Input/output error
[cmd_vel_chassis_serial.py-1] [ERROR] [1784046722.908021120] [cmd_vel_chassis_serial]: Serial write failed: write failed: [Errno 5] Input/output error
[cmd_vel_chassis_serial.py-1] [ERROR] [1784046722.936588557] [cmd_vel_chassis_serial]: Serial write failed: write failed: [Errno 5] Input/output error
[cmd_vel_chassis_serial.py-1] [ERROR] [1784046722.974407557] [cmd_vel_chassis_serial]: Serial write failed: write failed: [Errno 5] Input/output error
[cmd_vel_chassis_serial.py-1] [ERROR] [1784046723.007371892] [cmd_vel_chassis_serial]: Serial write failed: write failed: [Errno 5] Input/output error
[cmd_vel_chassis_serial.py-1] [ERROR] [1784046723.044681658] [cmd_vel_chassis_serial]: Serial write failed: write failed: [Errno 5] Input/output error
[cmd_vel_chassis_serial.py-1] [ERROR] [1784046723.076323911] [cmd_vel_chassis_serial]: Serial write failed: write failed: [Errno 5] Input/output error
[cmd_vel_chassis_serial.py-1] [ERROR] [1784046723.108787626] [cmd_vel_chassis_serial]: Serial write failed: write failed: [Errno 5] Input/output error
[cmd_vel_chassis_serial.py-1] [ERROR] [1784046723.154770656] [cmd_vel_chassis_serial]: Serial write failed: write failed: [Errno 5] Input/output error
[cmd_vel_chassis_serial.py-1] [ERROR] [1784046723.179184169] [cmd_vel_chassis_serial]: Serial write failed: write failed: [Errno 5] Input/output error
[cmd_vel_chassis_serial.py-1] [ERROR] [1784046723.202920556] [cmd_vel_chassis_serial]: Serial write failed: write failed: [Errno 5] Input/output error
[cmd_vel_chassis_serial.py-1] [ERROR] [1784046723.239610234] [cmd_vel_chassis_serial]: Serial write failed: write failed: [Errno 5] Input/output error
[cmd_vel_chassis_serial.py-1] [ERROR] [1784046723.277357264] [cmd_vel_chassis_serial]: Serial write failed: write failed: [Errno 5] Input/output error
[cmd_vel_chassis_serial.py-1] [ERROR] [1784046723.314617202] [cmd_vel_chassis_serial]: Serial write failed: write failed: [Errno 5] Input/output error
[cmd_vel_chassis_serial.py-1] [ERROR] [1784046723.349116842] [cmd_vel_chassis_serial]: Serial write failed: write failed: [Errno 5] Input/output error
[cmd_vel_chassis_serial.py-1] [ERROR] [1784046723.376224305] [cmd_vel_chassis_serial]: Serial write failed: write failed: [Errno 5] Input/output error
[cmd_vel_chassis_serial.py-1] [ERROR] [1784046723.411996827] [cmd_vel_chassis_serial]: Serial write failed: write failed: [Errno 5] Input/output error
[cmd_vel_chassis_serial.py-1] [ERROR] [1784046723.436581731] [cmd_vel_chassis_serial]: Serial write failed: write failed: [Errno 5] Input/output error
[cmd_vel_chassis_serial.py-1] [ERROR] [1784046723.458323801] [cmd_vel_chassis_serial]: Serial write failed: write failed: [Errno 5] Input/output error
[cmd_vel_chassis_serial.py-1] [ERROR] [1784046723.483994755] [cmd_vel_chassis_serial]: Serial write failed: write failed: [Errno 5] Input/output error
[cmd_vel_chassis_serial.py-1] [ERROR] [1784046723.504780365] [cmd_vel_chassis_serial]: Serial write failed: write failed: [Errno 5] Input/output error
[cmd_vel_chassis_serial.py-1] [ERROR] [1784046723.551097837] [cmd_vel_chassis_serial]: Serial write failed: write failed: [Errno 5] Input/output error
[cmd_vel_chassis_serial.py-1] [ERROR] [1784046723.580993315] [cmd_vel_chassis_serial]: Serial write failed: write failed: [Errno 5] Input/output error
[cmd_vel_chassis_serial.py-1] [ERROR] [1784046723.618072289] [cmd_vel_chassis_serial]: Serial write failed: write failed: [Errno 5] Input/output error
[cmd_vel_chassis_serial.py-1] [ERROR] [1784046723.644400332] [cmd_vel_chassis_serial]: Serial write failed: write failed: [Errno 5] Input/output error
[cmd_vel_chassis_serial.py-1] [ERROR] [1784046723.656714674] [cmd_vel_chassis_serial]: Serial write failed: write failed: [Errno 5] Input/output error
[cmd_vel_chassis_serial.py-1] [ERROR] [1784046723.667760897] [cmd_vel_chassis_serial]: Serial write failed: write failed: [Errno 5] Input/output error
[cmd_vel_chassis_serial.py-1] [ERROR] [1784046723.680524417] [cmd_vel_chassis_serial]: Serial write failed: write failed: [Errno 5] Input/output error
[cmd_vel_chassis_serial.py-1] [ERROR] [1784046723.698893575] [cmd_vel_chassis_serial]: Serial write failed: write failed: [Errno 5] Input/output error
[cmd_vel_chassis_serial.py-1] [ERROR] [1784046723.722166747] [cmd_vel_chassis_serial]: Serial write failed: write failed: [Errno 5] Input/output error
[cmd_vel_chassis_serial.py-1] [ERROR] [1784046723.742093079] [cmd_vel_chassis_serial]: Serial write failed: write failed: [Errno 5] Input/output error
[cmd_vel_chassis_serial.py-1] [ERROR] [1784046723.757461488] [cmd_vel_chassis_serial]: Serial write failed: write failed: [Errno 5] Input/output error
[cmd_vel_chassis_serial.py-1] [ERROR] [1784046723.778184073] [cmd_vel_chassis_serial]: Serial write failed: write failed: [Errno 5] Input/output error
[cmd_vel_chassis_serial.py-1] [ERROR] [1784046723.814335560] [cmd_vel_chassis_serial]: Serial write failed: write failed: [Errno 5] Input/output error
[cmd_vel_chassis_serial.py-1] [ERROR] [1784046723.841224662] [cmd_vel_chassis_serial]: Serial write failed: write failed: [Errno 5] Input/output error
[cmd_vel_chassis_serial.py-1] [ERROR] [1784046723.859246793] [cmd_vel_chassis_serial]: Serial write failed: write failed: [Errno 5] Input/output error
[cmd_vel_chassis_serial.py-1] [ERROR] [1784046723.875100855] [cmd_vel_chassis_serial]: Serial write failed: write failed: [Errno 5] Input/output error
[cmd_vel_chassis_serial.py-1] [ERROR] [1784046723.887839586] [cmd_vel_chassis_serial]: Serial write failed: write failed: [Errno 5] Input/output error
[cmd_vel_chassis_serial.py-1] [ERROR] [1784046723.900694662] [cmd_vel_chassis_serial]: Serial write failed: write failed: [Errno 5] Input/output error
[cmd_vel_chassis_serial.py-1] [ERROR] [1784046723.919148130] [cmd_vel_chassis_serial]: Serial write failed: write failed: [Errno 5] Input/output error
[cmd_vel_chassis_serial.py-1] [ERROR] [1784046723.935639868] [cmd_vel_chassis_serial]: Serial write failed: write failed: [Errno 5] Input/output error
[cmd_vel_chassis_serial.py-1] [ERROR] [1784046723.965878234] [cmd_vel_chassis_serial]: Serial write failed: write failed: [Errno 5] Input/output error
[cmd_vel_chassis_serial.py-1] [ERROR] [1784046723.985424975] [cmd_vel_chassis_serial]: Serial write failed: write failed: [Errno 5] Input/output error
[cmd_vel_chassis_serial.py-1] [ERROR] [1784046724.012492499] [cmd_vel_chassis_serial]: Serial write failed: write failed: [Errno 5] Input/output error
[cmd_vel_chassis_serial.py-1] [ERROR] [1784046724.036376164] [cmd_vel_chassis_serial]: Serial write failed: write failed: [Errno 5] Input/output error
[cmd_vel_chassis_serial.py-1] [ERROR] [1784046724.059862038] [cmd_vel_chassis_serial]: Serial write failed: write failed: [Errno 5] Input/output error
[cmd_vel_chassis_serial.py-1] [ERROR] [1784046724.088207330] [cmd_vel_chassis_serial]: Serial write failed: write failed: [Errno 5] Input/output error
[cmd_vel_chassis_serial.py-1] [ERROR] [1784046724.103880885] [cmd_vel_chassis_serial]: Serial write failed: write failed: [Errno 5] Input/output error
[cmd_vel_chassis_serial.py-1] [ERROR] [1784046724.124175554] [cmd_vel_chassis_serial]: Serial write failed: write failed: [Errno 5] Input/output error
[cmd_vel_chassis_serial.py-1] [ERROR] [1784046724.151842460] [cmd_vel_chassis_serial]: Serial write failed: write failed: [Errno 5] Input/output error
[cmd_vel_chassis_serial.py-1] [ERROR] [1784046724.174450675] [cmd_vel_chassis_serial]: Serial write failed: write failed: [Errno 5] Input/output error
[cmd_vel_chassis_serial.py-1] [ERROR] [1784046724.198626093] [cmd_vel_chassis_serial]: Serial write failed: write failed: [Errno 5] Input/output error
[cmd_vel_chassis_serial.py-1] [ERROR] [1784046724.218010109] [cmd_vel_chassis_serial]: Serial write failed: write failed: [Errno 5] Input/output error
[cmd_vel_chassis_serial.py-1] [ERROR] [1784046724.245356599] [cmd_vel_chassis_serial]: Serial write failed: write failed: [Errno 5] Input/output error
[cmd_vel_chassis_serial.py-1] [ERROR] [1784046724.266990152] [cmd_vel_chassis_serial]: Serial write failed: write failed: [Errno 5] Input/output error
[cmd_vel_chassis_serial.py-1] [ERROR] [1784046724.284974960] [cmd_vel_chassis_serial]: Serial write failed: write failed: [Errno 5] Input/output error
[cmd_vel_chassis_serial.py-1] [ERROR] [1784046724.308296618] [cmd_vel_chassis_serial]: Serial write failed: write failed: [Errno 5] Input/output error
[cmd_vel_chassis_serial.py-1] [ERROR] [1784046724.323250982] [cmd_vel_chassis_serial]: Serial write failed: write failed: [Errno 5] Input/output error
[cmd_vel_chassis_serial.py-1] [ERROR] [1784046724.336545339] [cmd_vel_chassis_serial]: Serial write failed: write failed: [Errno 5] Input/output error
[cmd_vel_chassis_serial.py-1] [ERROR] [1784046724.355101559] [cmd_vel_chassis_serial]: Serial write failed: write failed: [Errno 5] Input/output error
[cmd_vel_chassis_serial.py-1] [ERROR] [1784046724.385880723] [cmd_vel_chassis_serial]: Serial write failed: write failed: [Errno 5] Input/output error
[cmd_vel_chassis_serial.py-1] [ERROR] [1784046724.402166711] [cmd_vel_chassis_serial]: Serial write failed: write failed: [Errno 5] Input/output error
[cmd_vel_chassis_serial.py-1] [ERROR] [1784046724.416684015] [cmd_vel_chassis_serial]: Serial write failed: write failed: [Errno 5] Input/output error
[cmd_vel_chassis_serial.py-1] [ERROR] [1784046724.450126619] [cmd_vel_chassis_serial]: Serial write failed: write failed: [Errno 5] Input/output error
[cmd_vel_chassis_serial.py-1] [ERROR] [1784046724.459647741] [cmd_vel_chassis_serial]: Serial write failed: write failed: [Errno 5] Input/output error
[cmd_vel_chassis_serial.py-1] [ERROR] [1784046724.477978545] [cmd_vel_chassis_serial]: Serial write failed: write failed: [Errno 5] Input/output error
[cmd_vel_chassis_serial.py-1] [ERROR] [1784046724.496087087] [cmd_vel_chassis_serial]: Serial write failed: write failed: [Errno 5] Input/output error
[cmd_vel_chassis_serial.py-1] [ERROR] [1784046724.516828175] [cmd_vel_chassis_serial]: Serial write failed: write failed: [Errno 5] Input/output error
[cmd_vel_chassis_serial.py-1] [ERROR] [1784046724.540251096] [cmd_vel_chassis_serial]: Serial write failed: write failed: [Errno 5] Input/output error
[cmd_vel_chassis_serial.py-1] [ERROR] [1784046724.560058183] [cmd_vel_chassis_serial]: Serial write failed: write failed: [Errno 5] Input/output error
[cmd_vel_chassis_serial.py-1] [ERROR] [1784046724.583944056] [cmd_vel_chassis_serial]: Serial write failed: write failed: [Errno 5] Input/output error
[cmd_vel_chassis_serial.py-1] [ERROR] [1784046724.612959958] [cmd_vel_chassis_serial]: Serial write failed: write failed: [Errno 5] Input/output error
[cmd_vel_chassis_serial.py-1] [ERROR] [1784046724.626085577] [cmd_vel_chassis_serial]: Serial write failed: write failed: [Errno 5] Input/output error
[cmd_vel_chassis_serial.py-1] [ERROR] [1784046724.648358606] [cmd_vel_chassis_serial]: Serial write failed: write failed: [Errno 5] Input/output error
[cmd_vel_chassis_serial.py-1] [ERROR] [1784046724.656768505] [cmd_vel_chassis_serial]: Serial write failed: write failed: [Errno 5] Input/output error
[cmd_vel_chassis_serial.py-1] [ERROR] [1784046724.675567084] [cmd_vel_chassis_serial]: Serial write failed: write failed: [Errno 5] Input/output error
[cmd_vel_chassis_serial.py-1] [ERROR] [1784046724.696236292] [cmd_vel_chassis_serial]: Serial write failed: write failed: [Errno 5] Input/output error
[cmd_vel_chassis_serial.py-1] [ERROR] [1784046724.715731193] [cmd_vel_chassis_serial]: Serial write failed: write failed: [Errno 5] Input/output error
[cmd_vel_chassis_serial.py-1] [ERROR] [1784046724.740055493] [cmd_vel_chassis_serial]: Serial write failed: write failed: [Errno 5] Input/output error
[cmd_vel_chassis_serial.py-1] [ERROR] [1784046724.754854796] [cmd_vel_chassis_serial]: Serial write failed: write failed: [Errno 5] Input/output error
[cmd_vel_chassis_serial.py-1] [ERROR] [1784046724.778379315] [cmd_vel_chassis_serial]: Serial write failed: write failed: [Errno 5] Input/output error
[cmd_vel_chassis_serial.py-1] [ERROR] [1784046724.797390808] [cmd_vel_chassis_serial]: Serial write failed: write failed: [Errno 5] Input/output error
[cmd_vel_chassis_serial.py-1] [ERROR] [1784046724.816049299] [cmd_vel_chassis_serial]: Serial write failed: write failed: [Errno 5] Input/output error
[cmd_vel_chassis_serial.py-1] [ERROR] [1784046724.835117602] [cmd_vel_chassis_serial]: Serial write failed: write failed: [Errno 5] Input/output error
[cmd_vel_chassis_serial.py-1] [ERROR] [1784046724.854903297] [cmd_vel_chassis_serial]: Serial write failed: write failed: [Errno 5] Input/output error
[cmd_vel_chassis_serial.py-1] [ERROR] [1784046724.877751842] [cmd_vel_chassis_serial]: Serial write failed: write failed: [Errno 5] Input/output error
[cmd_vel_chassis_serial.py-1] [ERROR] [1784046724.898146058] [cmd_vel_chassis_serial]: Serial write failed: write failed: [Errno 5] Input/output error
[cmd_vel_chassis_serial.py-1] [ERROR] [1784046724.915860697] [cmd_vel_chassis_serial]: Serial write failed: write failed: [Errno 5] Input/output error
[cmd_vel_chassis_serial.py-1] [ERROR] [1784046724.935927323] [cmd_vel_chassis_serial]: Serial write failed: write failed: [Errno 5] Input/output error
[cmd_vel_chassis_serial.py-1] [ERROR] [1784046724.961145275] [cmd_vel_chassis_serial]: Serial write failed: write failed: [Errno 5] Input/output error
[cmd_vel_chassis_serial.py-1] [ERROR] [1784046724.977779430] [cmd_vel_chassis_serial]: Serial write failed: write failed: [Errno 5] Input/output error
[cmd_vel_chassis_serial.py-1] [ERROR] [1784046724.999171597] [cmd_vel_chassis_serial]: Serial write failed: write failed: [Errno 5] Input/output error
[cmd_vel_chassis_serial.py-1] [ERROR] [1784046725.016009611] [cmd_vel_chassis_serial]: Serial write failed: write failed: [Errno 5] Input/output error
[cmd_vel_chassis_serial.py-1] [ERROR] [1784046725.037943834] [cmd_vel_chassis_serial]: Serial write failed: write failed: [Errno 5] Input/output error
[cmd_vel_chassis_serial.py-1] [ERROR] [1784046725.054858454] [cmd_vel_chassis_serial]: Serial write failed: write failed: [Errno 5] Input/output error
[cmd_vel_chassis_serial.py-1] [ERROR] [1784046725.078146294] [cmd_vel_chassis_serial]: Serial write failed: write failed: [Errno 5] Input/output error
[cmd_vel_chassis_serial.py-1] [ERROR] [1784046725.110459251] [cmd_vel_chassis_serial]: Serial write failed: write failed: [Errno 5] Input/output error
[cmd_vel_chassis_serial.py-1] [ERROR] [1784046725.120249583] [cmd_vel_chassis_serial]: Serial write failed: write failed: [Errno 5] Input/output error
[cmd_vel_chassis_serial.py-1] [ERROR] [1784046725.134902933] [cmd_vel_chassis_serial]: Serial write failed: write failed: [Errno 5] Input/output error
[cmd_vel_chassis_serial.py-1] [ERROR] [1784046725.164770668] [cmd_vel_chassis_serial]: Serial write failed: write failed: [Errno 5] Input/output error
[cmd_vel_chassis_serial.py-1] [ERROR] [1784046725.174582260] [cmd_vel_chassis_serial]: Serial write failed: write failed: [Errno 5] Input/output error
[cmd_vel_chassis_serial.py-1] [ERROR] [1784046725.197479736] [cmd_vel_chassis_serial]: Serial write failed: write failed: [Errno 5] Input/output error
[cmd_vel_chassis_serial.py-1] [ERROR] [1784046725.214562987] [cmd_vel_chassis_serial]: Serial write failed: write failed: [Errno 5] Input/output error
[cmd_vel_chassis_serial.py-1] [ERROR] [1784046725.235833329] [cmd_vel_chassis_serial]: Serial write failed: write failed: [Errno 5] Input/output error
[cmd_vel_chassis_serial.py-1] [ERROR] [1784046725.260892133] [cmd_vel_chassis_serial]: Serial write failed: write failed: [Errno 5] Input/output error
[cmd_vel_chassis_serial.py-1] [ERROR] [1784046725.278350235] [cmd_vel_chassis_serial]: Serial write failed: write failed: [Errno 5] Input/output error
[cmd_vel_chassis_serial.py-1] [ERROR] [1784046725.305800870] [cmd_vel_chassis_serial]: Serial write failed: write failed: [Errno 5] Input/output error
[cmd_vel_chassis_serial.py-1] [ERROR] [1784046725.318215997] [cmd_vel_chassis_serial]: Serial write failed: write failed: [Errno 5] Input/output error
[cmd_vel_chassis_serial.py-1] [ERROR] [1784046725.338764234] [cmd_vel_chassis_serial]: Serial write failed: write failed: [Errno 5] Input/output error
[cmd_vel_chassis_serial.py-1] [ERROR] [1784046725.355320585] [cmd_vel_chassis_serial]: Serial write failed: write failed: [Errno 5] Input/output error
[cmd_vel_chassis_serial.py-1] [ERROR] [1784046725.376103032] [cmd_vel_chassis_serial]: Serial write failed: write failed: [Errno 5] Input/output error
[cmd_vel_chassis_serial.py-1] [ERROR] [1784046725.395943991] [cmd_vel_chassis_serial]: Serial write failed: write failed: [Errno 5] Input/output error
[cmd_vel_chassis_serial.py-1] [ERROR] [1784046725.421749545] [cmd_vel_chassis_serial]: Serial write failed: write failed: [Errno 5] Input/output error
[cmd_vel_chassis_serial.py-1] [ERROR] [1784046725.434093177] [cmd_vel_chassis_serial]: Serial write failed: write failed: [Errno 5] Input/output error
[cmd_vel_chassis_serial.py-1] [ERROR] [1784046725.454055147] [cmd_vel_chassis_serial]: Serial write failed: write failed: [Errno 5] Input/output error
[cmd_vel_chassis_serial.py-1] [ERROR] [1784046725.477003230] [cmd_vel_chassis_serial]: Serial write failed: write failed: [Errno 5] Input/output error
[cmd_vel_chassis_serial.py-1] [ERROR] [1784046725.495228022] [cmd_vel_chassis_serial]: Serial write failed: write failed: [Errno 5] Input/output error
[cmd_vel_chassis_serial.py-1] [ERROR] [1784046725.517084175] [cmd_vel_chassis_serial]: Serial write failed: write failed: [Errno 5] Input/output error
[cmd_vel_chassis_serial.py-1] [ERROR] [1784046725.534445861] [cmd_vel_chassis_serial]: Serial write failed: write failed: [Errno 5] Input/output error
[cmd_vel_chassis_serial.py-1] [ERROR] [1784046725.556442906] [cmd_vel_chassis_serial]: Serial write failed: write failed: [Errno 5] Input/output error
[cmd_vel_chassis_serial.py-1] [ERROR] [1784046725.578316035] [cmd_vel_chassis_serial]: Serial write failed: write failed: [Errno 5] Input/output error
[cmd_vel_chassis_serial.py-1] [ERROR] [1784046725.599772129] [cmd_vel_chassis_serial]: Serial write failed: write failed: [Errno 5] Input/output error
[cmd_vel_chassis_serial.py-1] [ERROR] [1784046725.624880508] [cmd_vel_chassis_serial]: Serial write failed: write failed: [Errno 5] Input/output error
[cmd_vel_chassis_serial.py-1] [ERROR] [1784046725.638713681] [cmd_vel_chassis_serial]: Serial write failed: write failed: [Errno 5] Input/output error
[cmd_vel_chassis_serial.py-1] [ERROR] [1784046725.655450876] [cmd_vel_chassis_serial]: Serial write failed: write failed: [Errno 5] Input/output error
[cmd_vel_chassis_serial.py-1] [ERROR] [1784046725.677874974] [cmd_vel_chassis_serial]: Serial write failed: write failed: [Errno 5] Input/output error
[cmd_vel_chassis_serial.py-1] [ERROR] [1784046725.698356130] [cmd_vel_chassis_serial]: Serial write failed: write failed: [Errno 5] Input/output error
[cmd_vel_chassis_serial.py-1] [ERROR] [1784046725.716062241] [cmd_vel_chassis_serial]: Serial write failed: write failed: [Errno 5] Input/output error
[cmd_vel_chassis_serial.py-1] [ERROR] [1784046725.736101574] [cmd_vel_chassis_serial]: Serial write failed: write failed: [Errno 5] Input/output error
[cmd_vel_chassis_serial.py-1] [ERROR] [1784046725.755827269] [cmd_vel_chassis_serial]: Serial write failed: write failed: [Errno 5] Input/output error
[cmd_vel_chassis_serial.py-1] [ERROR] [1784046725.776713222] [cmd_vel_chassis_serial]: Serial write failed: write failed: [Errno 5] Input/output error
[cmd_vel_chassis_serial.py-1] [ERROR] [1784046725.796432703] [cmd_vel_chassis_serial]: Serial write failed: write failed: [Errno 5] Input/output error
[cmd_vel_chassis_serial.py-1] [ERROR] [1784046725.815317861] [cmd_vel_chassis_serial]: Serial write failed: write failed: [Errno 5] Input/output error
[cmd_vel_chassis_serial.py-1] [ERROR] [1784046725.844019134] [cmd_vel_chassis_serial]: Serial write failed: write failed: [Errno 5] Input/output error
[cmd_vel_chassis_serial.py-1] [ERROR] [1784046725.855174877] [cmd_vel_chassis_serial]: Serial write failed: write failed: [Errno 5] Input/output error
[cmd_vel_chassis_serial.py-1] [ERROR] [1784046725.882108054] [cmd_vel_chassis_serial]: Serial write failed: write failed: [Errno 5] Input/output error
[cmd_vel_chassis_serial.py-1] [ERROR] [1784046725.905131063] [cmd_vel_chassis_serial]: Serial write failed: write failed: [Errno 5] Input/output error
[cmd_vel_chassis_serial.py-1] [ERROR] [1784046725.921395349] [cmd_vel_chassis_serial]: Serial write failed: write failed: [Errno 5] Input/output error
[cmd_vel_chassis_serial.py-1] [ERROR] [1784046725.939279785] [cmd_vel_chassis_serial]: Serial write failed: write failed: [Errno 5] Input/output error
[cmd_vel_chassis_serial.py-1] [ERROR] [1784046725.955439077] [cmd_vel_chassis_serial]: Serial write failed: write failed: [Errno 5] Input/output error
[cmd_vel_chassis_serial.py-1] [ERROR] [1784046725.981662601] [cmd_vel_chassis_serial]: Serial write failed: write failed: [Errno 5] Input/output error
[cmd_vel_chassis_serial.py-1] [ERROR] [1784046726.003797814] [cmd_vel_chassis_serial]: Serial write failed: write failed: [Errno 5] Input/output error
[cmd_vel_chassis_serial.py-1] [ERROR] [1784046726.027069327] [cmd_vel_chassis_serial]: Serial write failed: write failed: [Errno 5] Input/output error
[cmd_vel_chassis_serial.py-1] [ERROR] [1784046726.049845770] [cmd_vel_chassis_serial]: Serial write failed: write failed: [Errno 5] Input/output error
[cmd_vel_chassis_serial.py-1] [ERROR] [1784046726.067866769] [cmd_vel_chassis_serial]: Serial write failed: write failed: [Errno 5] Input/output error
[cmd_vel_chassis_serial.py-1] [ERROR] [1784046726.095650097] [cmd_vel_chassis_serial]: Serial write failed: write failed: [Errno 5] Input/output error
[cmd_vel_chassis_serial.py-1] [ERROR] [1784046726.129889551] [cmd_vel_chassis_serial]: Serial write failed: write failed: [Errno 5] Input/output error
[cmd_vel_chassis_serial.py-1] [ERROR] [1784046726.166846089] [cmd_vel_chassis_serial]: Serial write failed: write failed: [Errno 5] Input/output error
[cmd_vel_chassis_serial.py-1] [ERROR] [1784046726.214161445] [cmd_vel_chassis_serial]: Serial write failed: write failed: [Errno 5] Input/output error
[cmd_vel_chassis_serial.py-1] [ERROR] [1784046726.233967421] [cmd_vel_chassis_serial]: Serial write failed: write failed: [Errno 5] Input/output error
[cmd_vel_chassis_serial.py-1] [ERROR] [1784046726.252449990] [cmd_vel_chassis_serial]: Serial write failed: write failed: [Errno 5] Input/output error
[cmd_vel_chassis_serial.py-1] [ERROR] [1784046726.264132263] [cmd_vel_chassis_serial]: Serial write failed: write failed: [Errno 5] Input/output error
[cmd_vel_chassis_serial.py-1] [ERROR] [1784046726.283841056] [cmd_vel_chassis_serial]: Serial write failed: write failed: [Errno 5] Input/output error
[cmd_vel_chassis_serial.py-1] [ERROR] [1784046726.300602993] [cmd_vel_chassis_serial]: Serial write failed: write failed: [Errno 5] Input/output error
[cmd_vel_chassis_serial.py-1] [ERROR] [1784046726.323667830] [cmd_vel_chassis_serial]: Serial write failed: write failed: [Errno 5] Input/output error
[cmd_vel_chassis_serial.py-1] [ERROR] [1784046726.341517990] [cmd_vel_chassis_serial]: Serial write failed: write failed: [Errno 5] Input/output error
[cmd_vel_chassis_serial.py-1] [ERROR] [1784046726.366016722] [cmd_vel_chassis_serial]: Serial write failed: write failed: [Errno 5] Input/output error
[cmd_vel_chassis_serial.py-1] [ERROR] [1784046726.388790826] [cmd_vel_chassis_serial]: Serial write failed: write failed: [Errno 5] Input/output error
[cmd_vel_chassis_serial.py-1] [ERROR] [1784046726.413584442] [cmd_vel_chassis_serial]: Serial write failed: write failed: [Errno 5] Input/output error
[cmd_vel_chassis_serial.py-1] [ERROR] [1784046726.431873882] [cmd_vel_chassis_serial]: Serial write failed: write failed: [Errno 5] Input/output error
[cmd_vel_chassis_serial.py-1] [ERROR] [1784046726.462423413] [cmd_vel_chassis_serial]: Serial write failed: write failed: [Errno 5] Input/output error
[cmd_vel_chassis_serial.py-1] [ERROR] [1784046726.481694894] [cmd_vel_chassis_serial]: Serial write failed: write failed: [Errno 5] Input/output error
[cmd_vel_chassis_serial.py-1] [ERROR] [1784046726.492678504] [cmd_vel_chassis_serial]: Serial write failed: write failed: [Errno 5] Input/output error
[cmd_vel_chassis_serial.py-1] [ERROR] [1784046726.506518781] [cmd_vel_chassis_serial]: Serial write failed: write failed: [Errno 5] Input/output error
[cmd_vel_chassis_serial.py-1] [ERROR] [1784046726.523539993] [cmd_vel_chassis_serial]: Serial write failed: write failed: [Errno 5] Input/output error
[cmd_vel_chassis_serial.py-1] [ERROR] [1784046726.535527697] [cmd_vel_chassis_serial]: Serial write failed: write failed: [Errno 5] Input/output error
[cmd_vel_chassis_serial.py-1] [ERROR] [1784046726.558453994] [cmd_vel_chassis_serial]: Serial write failed: write failed: [Errno 5] Input/output error
[cmd_vel_chassis_serial.py-1] [ERROR] [1784046726.580896895] [cmd_vel_chassis_serial]: Serial write failed: write failed: [Errno 5] Input/output error
[cmd_vel_chassis_serial.py-1] [ERROR] [1784046726.595160555] [cmd_vel_chassis_serial]: Serial write failed: write failed: [Errno 5] Input/output error
[cmd_vel_chassis_serial.py-1] [ERROR] [1784046726.631224352] [cmd_vel_chassis_serial]: Serial write failed: write failed: [Errno 5] Input/output error
[cmd_vel_chassis_serial.py-1] [ERROR] [1784046726.651071252] [cmd_vel_chassis_serial]: Serial write failed: write failed: [Errno 5] Input/output error
[cmd_vel_chassis_serial.py-1] [ERROR] [1784046726.664222478] [cmd_vel_chassis_serial]: Serial write failed: write failed: [Errno 5] Input/output error
[cmd_vel_chassis_serial.py-1] [ERROR] [1784046726.682752511] [cmd_vel_chassis_serial]: Serial write failed: write failed: [Errno 5] Input/output error
[cmd_vel_chassis_serial.py-1] [ERROR] [1784046726.698130609] [cmd_vel_chassis_serial]: Serial write failed: write failed: [Errno 5] Input/output error
[cmd_vel_chassis_serial.py-1] [ERROR] [1784046726.716657439] [cmd_vel_chassis_serial]: Serial write failed: write failed: [Errno 5] Input/output error
[cmd_vel_chassis_serial.py-1] [ERROR] [1784046726.735667365] [cmd_vel_chassis_serial]: Serial write failed: write failed: [Errno 5] Input/output error
[cmd_vel_chassis_serial.py-1] [ERROR] [1784046726.759970783] [cmd_vel_chassis_serial]: Serial write failed: write failed: [Errno 5] Input/output error
[cmd_vel_chassis_serial.py-1] [ERROR] [1784046726.782197542] [cmd_vel_chassis_serial]: Serial write failed: write failed: [Errno 5] Input/output error
[cmd_vel_chassis_serial.py-1] [ERROR] [1784046726.799441759] [cmd_vel_chassis_serial]: Serial write failed: write failed: [Errno 5] Input/output error
[cmd_vel_chassis_serial.py-1] [ERROR] [1784046726.815893503] [cmd_vel_chassis_serial]: Serial write failed: write failed: [Errno 5] Input/output error
[cmd_vel_chassis_serial.py-1] [ERROR] [1784046726.839153846] [cmd_vel_chassis_serial]: Serial write failed: write failed: [Errno 5] Input/output error
[cmd_vel_chassis_serial.py-1] [ERROR] [1784046726.859451640] [cmd_vel_chassis_serial]: Serial write failed: write failed: [Errno 5] Input/output error
[cmd_vel_chassis_serial.py-1] [ERROR] [1784046726.878723193] [cmd_vel_chassis_serial]: Serial write failed: write failed: [Errno 5] Input/output error
[cmd_vel_chassis_serial.py-1] [ERROR] [1784046726.916422413] [cmd_vel_chassis_serial]: Serial write failed: write failed: [Errno 5] Input/output error
[cmd_vel_chassis_serial.py-1] [ERROR] [1784046726.939935144] [cmd_vel_chassis_serial]: Serial write failed: write failed: [Errno 5] Input/output error
[cmd_vel_chassis_serial.py-1] [ERROR] [1784046726.966870017] [cmd_vel_chassis_serial]: Serial write failed: write failed: [Errno 5] Input/output error
[cmd_vel_chassis_serial.py-1] [ERROR] [1784046727.005223964] [cmd_vel_chassis_serial]: Serial write failed: write failed: [Errno 5] Input/output error
[cmd_vel_chassis_serial.py-1] [ERROR] [1784046727.027926119] [cmd_vel_chassis_serial]: Serial write failed: write failed: [Errno 5] Input/output error
[cmd_vel_chassis_serial.py-1] [ERROR] [1784046727.050926662] [cmd_vel_chassis_serial]: Serial write failed: write failed: [Errno 5] Input/output error
[cmd_vel_chassis_serial.py-1] [ERROR] [1784046727.069601057] [cmd_vel_chassis_serial]: Serial write failed: write failed: [Errno 5] Input/output error
[cmd_vel_chassis_serial.py-1] [ERROR] [1784046727.099016477] [cmd_vel_chassis_serial]: Serial write failed: write failed: [Errno 5] Input/output error
[cmd_vel_chassis_serial.py-1] [ERROR] [1784046727.123483885] [cmd_vel_chassis_serial]: Serial write failed: write failed: [Errno 5] Input/output error
[cmd_vel_chassis_serial.py-1] [ERROR] [1784046727.144058990] [cmd_vel_chassis_serial]: Serial write failed: write failed: [Errno 5] Input/output error
[cmd_vel_chassis_serial.py-1] [ERROR] [1784046727.156172936] [cmd_vel_chassis_serial]: Serial write failed: write failed: [Errno 5] Input/output error
[cmd_vel_chassis_serial.py-1] [ERROR] [1784046727.194764554] [cmd_vel_chassis_serial]: Serial write failed: write failed: [Errno 5] Input/output error
[cmd_vel_chassis_serial.py-1] [ERROR] [1784046727.212472373] [cmd_vel_chassis_serial]: Serial write failed: write failed: [Errno 5] Input/output error
[cmd_vel_chassis_serial.py-1] [ERROR] [1784046727.225282631] [cmd_vel_chassis_serial]: Serial write failed: write failed: [Errno 5] Input/output error
[cmd_vel_chassis_serial.py-1] [ERROR] [1784046727.244842304] [cmd_vel_chassis_serial]: Serial write failed: write failed: [Errno 5] Input/output error
[cmd_vel_chassis_serial.py-1] [ERROR] [1784046727.259996786] [cmd_vel_chassis_serial]: Serial write failed: write failed: [Errno 5] Input/output error
[cmd_vel_chassis_serial.py-1] [ERROR] [1784046727.288704198] [cmd_vel_chassis_serial]: Serial write failed: write failed: [Errno 5] Input/output error
[cmd_vel_chassis_serial.py-1] [ERROR] [1784046727.313920672] [cmd_vel_chassis_serial]: Serial write failed: write failed: [Errno 5] Input/output error
[cmd_vel_chassis_serial.py-1] [ERROR] [1784046727.328827817] [cmd_vel_chassis_serial]: Serial write failed: write failed: [Errno 5] Input/output error
[cmd_vel_chassis_serial.py-1] [ERROR] [1784046727.346186953] [cmd_vel_chassis_serial]: Serial write failed: write failed: [Errno 5] Input/output error
[cmd_vel_chassis_serial.py-1] [ERROR] [1784046727.383715111] [cmd_vel_chassis_serial]: Serial write failed: write failed: [Errno 5] Input/output error
[cmd_vel_chassis_serial.py-1] [ERROR] [1784046727.417616504] [cmd_vel_chassis_serial]: Serial write failed: write failed: [Errno 5] Input/output error
[cmd_vel_chassis_serial.py-1] [ERROR] [1784046727.428248217] [cmd_vel_chassis_serial]: Serial write failed: write failed: [Errno 5] Input/output error
[cmd_vel_chassis_serial.py-1] [ERROR] [1784046727.442862649] [cmd_vel_chassis_serial]: Serial write failed: write failed: [Errno 5] Input/output error
[cmd_vel_chassis_serial.py-1] [ERROR] [1784046727.459635038] [cmd_vel_chassis_serial]: Serial write failed: write failed: [Errno 5] Input/output error
[cmd_vel_chassis_serial.py-1] [ERROR] [1784046727.490228666] [cmd_vel_chassis_serial]: Serial write failed: write failed: [Errno 5] Input/output error
[cmd_vel_chassis_serial.py-1] [ERROR] [1784046727.523806703] [cmd_vel_chassis_serial]: Serial write failed: write failed: [Errno 5] Input/output error
[cmd_vel_chassis_serial.py-1] [ERROR] [1784046727.551871482] [cmd_vel_chassis_serial]: Serial write failed: write failed: [Errno 5] Input/output error
[cmd_vel_chassis_serial.py-1] [ERROR] [1784046727.589968270] [cmd_vel_chassis_serial]: Serial write failed: write failed: [Errno 5] Input/output error
[cmd_vel_chassis_serial.py-1] [ERROR] [1784046727.619830288] [cmd_vel_chassis_serial]: Serial write failed: write failed: [Errno 5] Input/output error
[cmd_vel_chassis_serial.py-1] [ERROR] [1784046727.656843172] [cmd_vel_chassis_serial]: Serial write failed: write failed: [Errno 5] Input/output error
[cmd_vel_chassis_serial.py-1] [ERROR] [1784046727.686495180] [cmd_vel_chassis_serial]: Serial write failed: write failed: [Errno 5] Input/output error
[cmd_vel_chassis_serial.py-1] [ERROR] [1784046727.720416561] [cmd_vel_chassis_serial]: Serial write failed: write failed: [Errno 5] Input/output error
[cmd_vel_chassis_serial.py-1] [ERROR] [1784046727.762941971] [cmd_vel_chassis_serial]: Serial write failed: write failed: [Errno 5] Input/output error
[cmd_vel_chassis_serial.py-1] [ERROR] [1784046727.792576977] [cmd_vel_chassis_serial]: Serial write failed: write failed: [Errno 5] Input/output error
[cmd_vel_chassis_serial.py-1] [ERROR] [1784046727.809934157] [cmd_vel_chassis_serial]: Serial write failed: write failed: [Errno 5] Input/output error
[cmd_vel_chassis_serial.py-1] [ERROR] [1784046727.842438033] [cmd_vel_chassis_serial]: Serial write failed: write failed: [Errno 5] Input/output error
[cmd_vel_chassis_serial.py-1] [ERROR] [1784046727.862983646] [cmd_vel_chassis_serial]: Serial write failed: write failed: [Errno 5] Input/output error
[cmd_vel_chassis_serial.py-1] [ERROR] [1784046727.893161090] [cmd_vel_chassis_serial]: Serial write failed: write failed: [Errno 5] Input/output error
[cmd_vel_chassis_serial.py-1] [ERROR] [1784046727.924699722] [cmd_vel_chassis_serial]: Serial write failed: write failed: [Errno 5] Input/output error
[cmd_vel_chassis_serial.py-1] [ERROR] [1784046727.961907572] [cmd_vel_chassis_serial]: Serial write failed: write failed: [Errno 5] Input/output error
[cmd_vel_chassis_serial.py-1] [ERROR] [1784046728.012080946] [cmd_vel_chassis_serial]: Serial write failed: write failed: [Errno 5] Input/output error
[cmd_vel_chassis_serial.py-1] [ERROR] [1784046728.071178891] [cmd_vel_chassis_serial]: Serial write failed: write failed: [Errno 5] Input/output error
[cmd_vel_chassis_serial.py-1] [ERROR] [1784046728.099369112] [cmd_vel_chassis_serial]: Serial write failed: write failed: [Errno 5] Input/output error
[cmd_vel_chassis_serial.py-1] [ERROR] [1784046728.126071771] [cmd_vel_chassis_serial]: Serial write failed: write failed: [Errno 5] Input/output error
[cmd_vel_chassis_serial.py-1] [ERROR] [1784046728.149620177] [cmd_vel_chassis_serial]: Serial write failed: write failed: [Errno 5] Input/output error
[cmd_vel_chassis_serial.py-1] [ERROR] [1784046728.171852820] [cmd_vel_chassis_serial]: Serial write failed: write failed: [Errno 5] Input/output error
[cmd_vel_chassis_serial.py-1] [ERROR] [1784046728.206248447] [cmd_vel_chassis_serial]: Serial write failed: write failed: [Errno 5] Input/output error
[cmd_vel_chassis_serial.py-1] [ERROR] [1784046728.228175815] [cmd_vel_chassis_serial]: Serial write failed: write failed: [Errno 5] Input/output error
[cmd_vel_chassis_serial.py-1] [ERROR] [1784046728.256787019] [cmd_vel_chassis_serial]: Serial write failed: write failed: [Errno 5] Input/output error
[cmd_vel_chassis_serial.py-1] [ERROR] [1784046728.289980526] [cmd_vel_chassis_serial]: Serial write failed: write failed: [Errno 5] Input/output error
[cmd_vel_chassis_serial.py-1] [ERROR] [1784046728.322823287] [cmd_vel_chassis_serial]: Serial write failed: write failed: [Errno 5] Input/output error
[cmd_vel_chassis_serial.py-1] [ERROR] [1784046728.344617430] [cmd_vel_chassis_serial]: Serial write failed: write failed: [Errno 5] Input/output error
[cmd_vel_chassis_serial.py-1] [ERROR] [1784046728.375750080] [cmd_vel_chassis_serial]: Serial write failed: write failed: [Errno 5] Input/output error
[cmd_vel_chassis_serial.py-1] [ERROR] [1784046728.397783173] [cmd_vel_chassis_serial]: Serial write failed: write failed: [Errno 5] Input/output error
[cmd_vel_chassis_serial.py-1] [ERROR] [1784046728.418047606] [cmd_vel_chassis_serial]: Serial write failed: write failed: [Errno 5] Input/output error
[cmd_vel_chassis_serial.py-1] [ERROR] [1784046728.441244822] [cmd_vel_chassis_serial]: Serial write failed: write failed: [Errno 5] Input/output error
[cmd_vel_chassis_serial.py-1] [ERROR] [1784046728.479619162] [cmd_vel_chassis_serial]: Serial write failed: write failed: [Errno 5] Input/output error
[cmd_vel_chassis_serial.py-1] [ERROR] [1784046728.506504549] [cmd_vel_chassis_serial]: Serial write failed: write failed: [Errno 5] Input/output error
[cmd_vel_chassis_serial.py-1] [ERROR] [1784046728.545010938] [cmd_vel_chassis_serial]: Serial write failed: write failed: [Errno 5] Input/output error
[cmd_vel_chassis_serial.py-1] [ERROR] [1784046728.571025696] [cmd_vel_chassis_serial]: Serial write failed: write failed: [Errno 5] Input/output error
[cmd_vel_chassis_serial.py-1] [ERROR] [1784046728.600408450] [cmd_vel_chassis_serial]: Serial write failed: write failed: [Errno 5] Input/output error
[cmd_vel_chassis_serial.py-1] [ERROR] [1784046728.619675016] [cmd_vel_chassis_serial]: Serial write failed: write failed: [Errno 5] Input/output error
[cmd_vel_chassis_serial.py-1] [ERROR] [1784046728.648367073] [cmd_vel_chassis_serial]: Serial write failed: write failed: [Errno 5] Input/output error
[cmd_vel_chassis_serial.py-1] [ERROR] [1784046728.679803786] [cmd_vel_chassis_serial]: Serial write failed: write failed: [Errno 5] Input/output error
[cmd_vel_chassis_serial.py-1] [ERROR] [1784046728.723022333] [cmd_vel_chassis_serial]: Serial write failed: write failed: [Errno 5] Input/output error
[cmd_vel_chassis_serial.py-1] [ERROR] [1784046728.758953729] [cmd_vel_chassis_serial]: Serial write failed: write failed: [Errno 5] Input/output error
[cmd_vel_chassis_serial.py-1] [ERROR] [1784046728.790781862] [cmd_vel_chassis_serial]: Serial write failed: write failed: [Errno 5] Input/output error
[cmd_vel_chassis_serial.py-1] [ERROR] [1784046728.810217274] [cmd_vel_chassis_serial]: Serial write failed: write failed: [Errno 5] Input/output error
[cmd_vel_chassis_serial.py-1] [ERROR] [1784046728.845736398] [cmd_vel_chassis_serial]: Serial write failed: write failed: [Errno 5] Input/output error
[cmd_vel_chassis_serial.py-1] [ERROR] [1784046728.863877464] [cmd_vel_chassis_serial]: Serial write failed: write failed: [Errno 5] Input/output error
[cmd_vel_chassis_serial.py-1] [ERROR] [1784046728.888655633] [cmd_vel_chassis_serial]: Serial write failed: write failed: [Errno 5] Input/output error
[cmd_vel_chassis_serial.py-1] [ERROR] [1784046728.907865761] [cmd_vel_chassis_serial]: Serial write failed: write failed: [Errno 5] Input/output error
[cmd_vel_chassis_serial.py-1] [ERROR] [1784046728.929800892] [cmd_vel_chassis_serial]: Serial write failed: write failed: [Errno 5] Input/output error
[cmd_vel_chassis_serial.py-1] [ERROR] [1784046728.948668287] [cmd_vel_chassis_serial]: Serial write failed: write failed: [Errno 5] Input/output error
[cmd_vel_chassis_serial.py-1] [ERROR] [1784046728.969222902] [cmd_vel_chassis_serial]: Serial write failed: write failed: [Errno 5] Input/output error
[cmd_vel_chassis_serial.py-1] [ERROR] [1784046728.998666809] [cmd_vel_chassis_serial]: Serial write failed: write failed: [Errno 5] Input/output error
[cmd_vel_chassis_serial.py-1] [ERROR] [1784046729.025596135] [cmd_vel_chassis_serial]: Serial write failed: write failed: [Errno 5] Input/output error
[cmd_vel_chassis_serial.py-1] [ERROR] [1784046729.039155426] [cmd_vel_chassis_serial]: Serial write failed: write failed: [Errno 5] Input/output error
[cmd_vel_chassis_serial.py-1] [ERROR] [1784046729.069198152] [cmd_vel_chassis_serial]: Serial write failed: write failed: [Errno 5] Input/output error
[cmd_vel_chassis_serial.py-1] [ERROR] [1784046729.094792266] [cmd_vel_chassis_serial]: Serial write failed: write failed: [Errno 5] Input/output error
[cmd_vel_chassis_serial.py-1] [ERROR] [1784046729.125387448] [cmd_vel_chassis_serial]: Serial write failed: write failed: [Errno 5] Input/output error
[cmd_vel_chassis_serial.py-1] [ERROR] [1784046729.187849808] [cmd_vel_chassis_serial]: Serial write failed: write failed: [Errno 5] Input/output error
[cmd_vel_chassis_serial.py-1] [ERROR] [1784046729.271487761] [cmd_vel_chassis_serial]: Serial write failed: write failed: [Errno 5] Input/output error
[cmd_vel_chassis_serial.py-1] [ERROR] [1784046729.290098727] [cmd_vel_chassis_serial]: Serial write failed: write failed: [Errno 5] Input/output error
[cmd_vel_chassis_serial.py-1] [ERROR] [1784046729.327977605] [cmd_vel_chassis_serial]: Serial write failed: write failed: [Errno 5] Input/output error
[cmd_vel_chassis_serial.py-1] [ERROR] [1784046729.345596392] [cmd_vel_chassis_serial]: Serial write failed: write failed: [Errno 5] Input/output error
[cmd_vel_chassis_serial.py-1] [ERROR] [1784046729.367776546] [cmd_vel_chassis_serial]: Serial write failed: write failed: [Errno 5] Input/output error
[cmd_vel_chassis_serial.py-1] [ERROR] [1784046729.392886353] [cmd_vel_chassis_serial]: Serial write failed: write failed: [Errno 5] Input/output error
[cmd_vel_chassis_serial.py-1] [ERROR] [1784046729.412860822] [cmd_vel_chassis_serial]: Serial write failed: write failed: [Errno 5] Input/output error
[cmd_vel_chassis_serial.py-1] [ERROR] [1784046729.437563707] [cmd_vel_chassis_serial]: Serial write failed: write failed: [Errno 5] Input/output error
[cmd_vel_chassis_serial.py-1] [ERROR] [1784046729.452447964] [cmd_vel_chassis_serial]: Serial write failed: write failed: [Errno 5] Input/output error
[cmd_vel_chassis_serial.py-1] [ERROR] [1784046729.474551716] [cmd_vel_chassis_serial]: Serial write failed: write failed: [Errno 5] Input/output error
[cmd_vel_chassis_serial.py-1] [ERROR] [1784046729.482660593] [cmd_vel_chassis_serial]: Serial write failed: write failed: [Errno 5] Input/output error
[cmd_vel_chassis_serial.py-1] [ERROR] [1784046729.540586096] [cmd_vel_chassis_serial]: Serial write failed: write failed: [Errno 5] Input/output error
[cmd_vel_chassis_serial.py-1] [ERROR] [1784046729.562316641] [cmd_vel_chassis_serial]: Serial write failed: write failed: [Errno 5] Input/output error
[cmd_vel_chassis_serial.py-1] [ERROR] [1784046729.580829872] [cmd_vel_chassis_serial]: Serial write failed: write failed: [Errno 5] Input/output error
[cmd_vel_chassis_serial.py-1] [ERROR] [1784046729.607688530] [cmd_vel_chassis_serial]: Serial write failed: write failed: [Errno 5] Input/output error
[cmd_vel_chassis_serial.py-1] [ERROR] [1784046729.644230265] [cmd_vel_chassis_serial]: Serial write failed: write failed: [Errno 5] Input/output error
[cmd_vel_chassis_serial.py-1] [ERROR] [1784046729.660470958] [cmd_vel_chassis_serial]: Serial write failed: write failed: [Errno 5] Input/output error
[cmd_vel_chassis_serial.py-1] [ERROR] [1784046729.693522534] [cmd_vel_chassis_serial]: Serial write failed: write failed: [Errno 5] Input/output error
[cmd_vel_chassis_serial.py-1] [ERROR] [1784046729.726323426] [cmd_vel_chassis_serial]: Serial write failed: write failed: [Errno 5] Input/output error
[cmd_vel_chassis_serial.py-1] [ERROR] [1784046729.750363426] [cmd_vel_chassis_serial]: Serial write failed: write failed: [Errno 5] Input/output error
[cmd_vel_chassis_serial.py-1] [ERROR] [1784046729.780478775] [cmd_vel_chassis_serial]: Serial write failed: write failed: [Errno 5] Input/output error
[cmd_vel_chassis_serial.py-1] [ERROR] [1784046729.794617458] [cmd_vel_chassis_serial]: Serial write failed: write failed: [Errno 5] Input/output error
[cmd_vel_chassis_serial.py-1] [ERROR] [1784046729.803218981] [cmd_vel_chassis_serial]: Serial write failed: write failed: [Errno 5] Input/output error
[cmd_vel_chassis_serial.py-1] [ERROR] [1784046729.821508127] [cmd_vel_chassis_serial]: Serial write failed: write failed: [Errno 5] Input/output error
[cmd_vel_chassis_serial.py-1] [ERROR] [1784046729.846176638] [cmd_vel_chassis_serial]: Serial write failed: write failed: [Errno 5] Input/output error
[cmd_vel_chassis_serial.py-1] [ERROR] [1784046729.856017738] [cmd_vel_chassis_serial]: Serial write failed: write failed: [Errno 5] Input/output error
[cmd_vel_chassis_serial.py-1] [ERROR] [1784046729.879912527] [cmd_vel_chassis_serial]: Serial write failed: write failed: [Errno 5] Input/output error
[cmd_vel_chassis_serial.py-1] [ERROR] [1784046729.903499894] [cmd_vel_chassis_serial]: Serial write failed: write failed: [Errno 5] Input/output error
[cmd_vel_chassis_serial.py-1] [ERROR] [1784046729.919504384] [cmd_vel_chassis_serial]: Serial write failed: write failed: [Errno 5] Input/output error
[cmd_vel_chassis_serial.py-1] [ERROR] [1784046729.941157650] [cmd_vel_chassis_serial]: Serial write failed: write failed: [Errno 5] Input/output error
[cmd_vel_chassis_serial.py-1] [ERROR] [1784046729.957653299] [cmd_vel_chassis_serial]: Serial write failed: write failed: [Errno 5] Input/output error
[cmd_vel_chassis_serial.py-1] [ERROR] [1784046729.976249856] [cmd_vel_chassis_serial]: Serial write failed: write failed: [Errno 5] Input/output error
[cmd_vel_chassis_serial.py-1] [ERROR] [1784046729.994949103] [cmd_vel_chassis_serial]: Serial write failed: write failed: [Errno 5] Input/output error
[cmd_vel_chassis_serial.py-1] [ERROR] [1784046730.014691654] [cmd_vel_chassis_serial]: Serial write failed: write failed: [Errno 5] Input/output error
[cmd_vel_chassis_serial.py-1] [ERROR] [1784046730.038003479] [cmd_vel_chassis_serial]: Serial write failed: write failed: [Errno 5] Input/output error
[cmd_vel_chassis_serial.py-1] [ERROR] [1784046730.055737531] [cmd_vel_chassis_serial]: Serial write failed: write failed: [Errno 5] Input/output error
[cmd_vel_chassis_serial.py-1] [ERROR] [1784046730.074796165] [cmd_vel_chassis_serial]: Serial write failed: write failed: [Errno 5] Input/output error
[cmd_vel_chassis_serial.py-1] [ERROR] [1784046730.095725084] [cmd_vel_chassis_serial]: Serial write failed: write failed: [Errno 5] Input/output error
[cmd_vel_chassis_serial.py-1] [ERROR] [1784046730.118584035] [cmd_vel_chassis_serial]: Serial write failed: write failed: [Errno 5] Input/output error
[cmd_vel_chassis_serial.py-1] [ERROR] [1784046730.143769491] [cmd_vel_chassis_serial]: Serial write failed: write failed: [Errno 5] Input/output error
[cmd_vel_chassis_serial.py-1] [ERROR] [1784046730.162298789] [cmd_vel_chassis_serial]: Serial write failed: write failed: [Errno 5] Input/output error
[cmd_vel_chassis_serial.py-1] [ERROR] [1784046730.179778354] [cmd_vel_chassis_serial]: Serial write failed: write failed: [Errno 5] Input/output error
[cmd_vel_chassis_serial.py-1] [ERROR] [1784046730.202659897] [cmd_vel_chassis_serial]: Serial write failed: write failed: [Errno 5] Input/output error
[cmd_vel_chassis_serial.py-1] [ERROR] [1784046730.225869548] [cmd_vel_chassis_serial]: Serial write failed: write failed: [Errno 5] Input/output error
[cmd_vel_chassis_serial.py-1] [ERROR] [1784046730.244972442] [cmd_vel_chassis_serial]: Serial write failed: write failed: [Errno 5] Input/output error
[cmd_vel_chassis_serial.py-1] [ERROR] [1784046730.270895722] [cmd_vel_chassis_serial]: Serial write failed: write failed: [Errno 5] Input/output error
[cmd_vel_chassis_serial.py-1] [ERROR] [1784046730.285134937] [cmd_vel_chassis_serial]: Serial write failed: write failed: [Errno 5] Input/output error
[cmd_vel_chassis_serial.py-1] [ERROR] [1784046730.345518724] [cmd_vel_chassis_serial]: Serial write failed: write failed: [Errno 5] Input/output error
[cmd_vel_chassis_serial.py-1] [ERROR] [1784046730.446190852] [cmd_vel_chassis_serial]: Serial write failed: write failed: [Errno 5] Input/output error
[cmd_vel_chassis_serial.py-1] [ERROR] [1784046730.469310014] [cmd_vel_chassis_serial]: Serial write failed: write failed: [Errno 5] Input/output error
[cmd_vel_chassis_serial.py-1] [ERROR] [1784046730.519159880] [cmd_vel_chassis_serial]: Serial write failed: write failed: [Errno 5] Input/output error
[cmd_vel_chassis_serial.py-1] [ERROR] [1784046730.578066975] [cmd_vel_chassis_serial]: Serial write failed: write failed: [Errno 5] Input/output error
[cmd_vel_chassis_serial.py-1] [ERROR] [1784046730.643217656] [cmd_vel_chassis_serial]: Serial write failed: write failed: [Errno 5] Input/output error
[cmd_vel_chassis_serial.py-1] [ERROR] [1784046730.688720244] [cmd_vel_chassis_serial]: Serial write failed: write failed: [Errno 5] Input/output error
[cmd_vel_chassis_serial.py-1] [ERROR] [1784046730.729384359] [cmd_vel_chassis_serial]: Serial write failed: write failed: [Errno 5] Input/output error
[cmd_vel_chassis_serial.py-1] [ERROR] [1784046730.765006769] [cmd_vel_chassis_serial]: Serial write failed: write failed: [Errno 5] Input/output error
[cmd_vel_chassis_serial.py-1] [ERROR] [1784046730.801888888] [cmd_vel_chassis_serial]: Serial write failed: write failed: [Errno 5] Input/output error
[cmd_vel_chassis_serial.py-1] [ERROR] [1784046730.825714896] [cmd_vel_chassis_serial]: Serial write failed: write failed: [Errno 5] Input/output error
[cmd_vel_chassis_serial.py-1] [ERROR] [1784046730.871879649] [cmd_vel_chassis_serial]: Serial write failed: write failed: [Errno 5] Input/output error
[cmd_vel_chassis_serial.py-1] [ERROR] [1784046730.882750868] [cmd_vel_chassis_serial]: Serial write failed: write failed: [Errno 5] Input/output error
[cmd_vel_chassis_serial.py-1] [ERROR] [1784046730.941158381] [cmd_vel_chassis_serial]: Serial write failed: write failed: [Errno 5] Input/output error
[cmd_vel_chassis_serial.py-1] [ERROR] [1784046730.951789846] [cmd_vel_chassis_serial]: Serial write failed: write failed: [Errno 5] Input/output error
[cmd_vel_chassis_serial.py-1] [ERROR] [1784046730.980855908] [cmd_vel_chassis_serial]: Serial write failed: write failed: [Errno 5] Input/output error
[cmd_vel_chassis_serial.py-1] [ERROR] [1784046730.991567063] [cmd_vel_chassis_serial]: Serial write failed: write failed: [Errno 5] Input/output error
[cmd_vel_chassis_serial.py-1] [ERROR] [1784046730.999386286] [cmd_vel_chassis_serial]: Serial write failed: write failed: [Errno 5] Input/output error
[cmd_vel_chassis_serial.py-1] [ERROR] [1784046731.019580442] [cmd_vel_chassis_serial]: Serial write failed: write failed: [Errno 5] Input/output error
[cmd_vel_chassis_serial.py-1] [ERROR] [1784046731.036342605] [cmd_vel_chassis_serial]: Serial write failed: write failed: [Errno 5] Input/output error
[cmd_vel_chassis_serial.py-1] [ERROR] [1784046731.055496793] [cmd_vel_chassis_serial]: Serial write failed: write failed: [Errno 5] Input/output error
[cmd_vel_chassis_serial.py-1] [ERROR] [1784046731.076169869] [cmd_vel_chassis_serial]: Serial write failed: write failed: [Errno 5] Input/output error
[cmd_vel_chassis_serial.py-1] [ERROR] [1784046731.094848832] [cmd_vel_chassis_serial]: Serial write failed: write failed: [Errno 5] Input/output error
[cmd_vel_chassis_serial.py-1] [ERROR] [1784046731.117166092] [cmd_vel_chassis_serial]: Serial write failed: write failed: [Errno 5] Input/output error
[cmd_vel_chassis_serial.py-1] [ERROR] [1784046731.139690039] [cmd_vel_chassis_serial]: Serial write failed: write failed: [Errno 5] Input/output error
[cmd_vel_chassis_serial.py-1] [ERROR] [1784046731.163691711] [cmd_vel_chassis_serial]: Serial write failed: write failed: [Errno 5] Input/output error
[cmd_vel_chassis_serial.py-1] [ERROR] [1784046731.177635118] [cmd_vel_chassis_serial]: Serial write failed: write failed: [Errno 5] Input/output error
[cmd_vel_chassis_serial.py-1] [ERROR] [1784046731.203870335] [cmd_vel_chassis_serial]: Serial write failed: write failed: [Errno 5] Input/output error
[cmd_vel_chassis_serial.py-1] [ERROR] [1784046731.223952694] [cmd_vel_chassis_serial]: Serial write failed: write failed: [Errno 5] Input/output error
[cmd_vel_chassis_serial.py-1] [ERROR] [1784046731.244553255] [cmd_vel_chassis_serial]: Serial write failed: write failed: [Errno 5] Input/output error
[cmd_vel_chassis_serial.py-1] [ERROR] [1784046731.278121493] [cmd_vel_chassis_serial]: Serial write failed: write failed: [Errno 5] Input/output error
[cmd_vel_chassis_serial.py-1] [ERROR] [1784046731.301187315] [cmd_vel_chassis_serial]: Serial write failed: write failed: [Errno 5] Input/output error
[cmd_vel_chassis_serial.py-1] [ERROR] [1784046731.315123571] [cmd_vel_chassis_serial]: Serial write failed: write failed: [Errno 5] Input/output error
[cmd_vel_chassis_serial.py-1] [ERROR] [1784046731.337550156] [cmd_vel_chassis_serial]: Serial write failed: write failed: [Errno 5] Input/output error
[cmd_vel_chassis_serial.py-1] [ERROR] [1784046731.359904057] [cmd_vel_chassis_serial]: Serial write failed: write failed: [Errno 5] Input/output error
[cmd_vel_chassis_serial.py-1] [ERROR] [1784046731.383903365] [cmd_vel_chassis_serial]: Serial write failed: write failed: [Errno 5] Input/output error
[cmd_vel_chassis_serial.py-1] [ERROR] [1784046731.408831204] [cmd_vel_chassis_serial]: Serial write failed: write failed: [Errno 5] Input/output error
[cmd_vel_chassis_serial.py-1] [ERROR] [1784046731.430775233] [cmd_vel_chassis_serial]: Serial write failed: write failed: [Errno 5] Input/output error
[cmd_vel_chassis_serial.py-1] [ERROR] [1784046731.457730757] [cmd_vel_chassis_serial]: Serial write failed: write failed: [Errno 5] Input/output error
[cmd_vel_chassis_serial.py-1] [ERROR] [1784046731.483810000] [cmd_vel_chassis_serial]: Serial write failed: write failed: [Errno 5] Input/output error
[cmd_vel_chassis_serial.py-1] [ERROR] [1784046731.515371382] [cmd_vel_chassis_serial]: Serial write failed: write failed: [Errno 5] Input/output error
[cmd_vel_chassis_serial.py-1] [ERROR] [1784046731.550229264] [cmd_vel_chassis_serial]: Serial write failed: write failed: [Errno 5] Input/output error
[cmd_vel_chassis_serial.py-1] [ERROR] [1784046731.576853525] [cmd_vel_chassis_serial]: Serial write failed: write failed: [Errno 5] Input/output error
[cmd_vel_chassis_serial.py-1] [ERROR] [1784046731.595342008] [cmd_vel_chassis_serial]: Serial write failed: write failed: [Errno 5] Input/output error
[cmd_vel_chassis_serial.py-1] [ERROR] [1784046731.611344750] [cmd_vel_chassis_serial]: Serial write failed: write failed: [Errno 5] Input/output error
[cmd_vel_chassis_serial.py-1] [ERROR] [1784046731.625421730] [cmd_vel_chassis_serial]: Serial write failed: write failed: [Errno 5] Input/output error
[cmd_vel_chassis_serial.py-1] [ERROR] [1784046731.642101983] [cmd_vel_chassis_serial]: Serial write failed: write failed: [Errno 5] Input/output error
[cmd_vel_chassis_serial.py-1] [ERROR] [1784046731.666710702] [cmd_vel_chassis_serial]: Serial write failed: write failed: [Errno 5] Input/output error
[cmd_vel_chassis_serial.py-1] [ERROR] [1784046731.689579170] [cmd_vel_chassis_serial]: Serial write failed: write failed: [Errno 5] Input/output error
[cmd_vel_chassis_serial.py-1] [ERROR] [1784046731.702164460] [cmd_vel_chassis_serial]: Serial write failed: write failed: [Errno 5] Input/output error
[cmd_vel_chassis_serial.py-1] [ERROR] [1784046731.722315483] [cmd_vel_chassis_serial]: Serial write failed: write failed: [Errno 5] Input/output error
[cmd_vel_chassis_serial.py-1] [ERROR] [1784046731.743745137] [cmd_vel_chassis_serial]: Serial write failed: write failed: [Errno 5] Input/output error
[cmd_vel_chassis_serial.py-1] [ERROR] [1784046731.761594731] [cmd_vel_chassis_serial]: Serial write failed: write failed: [Errno 5] Input/output error
[cmd_vel_chassis_serial.py-1] [ERROR] [1784046731.784375926] [cmd_vel_chassis_serial]: Serial write failed: write failed: [Errno 5] Input/output error
[cmd_vel_chassis_serial.py-1] [ERROR] [1784046731.799226520] [cmd_vel_chassis_serial]: Serial write failed: write failed: [Errno 5] Input/output error
[cmd_vel_chassis_serial.py-1] [ERROR] [1784046731.823166151] [cmd_vel_chassis_serial]: Serial write failed: write failed: [Errno 5] Input/output error
[cmd_vel_chassis_serial.py-1] [ERROR] [1784046731.860602290] [cmd_vel_chassis_serial]: Serial write failed: write failed: [Errno 5] Input/output error
[cmd_vel_chassis_serial.py-1] [ERROR] [1784046731.885060566] [cmd_vel_chassis_serial]: Serial write failed: write failed: [Errno 5] Input/output error
[cmd_vel_chassis_serial.py-1] [ERROR] [1784046731.907431433] [cmd_vel_chassis_serial]: Serial write failed: write failed: [Errno 5] Input/output error
[cmd_vel_chassis_serial.py-1] [ERROR] [1784046731.937053290] [cmd_vel_chassis_serial]: Serial write failed: write failed: [Errno 5] Input/output error
[cmd_vel_chassis_serial.py-1] [ERROR] [1784046731.961847917] [cmd_vel_chassis_serial]: Serial write failed: write failed: [Errno 5] Input/output error
[cmd_vel_chassis_serial.py-1] [ERROR] [1784046731.990480786] [cmd_vel_chassis_serial]: Serial write failed: write failed: [Errno 5] Input/output error
[cmd_vel_chassis_serial.py-1] [ERROR] [1784046732.018520911] [cmd_vel_chassis_serial]: Serial write failed: write failed: [Errno 5] Input/output error
[cmd_vel_chassis_serial.py-1] [ERROR] [1784046732.047410587] [cmd_vel_chassis_serial]: Serial write failed: write failed: [Errno 5] Input/output error
[cmd_vel_chassis_serial.py-1] [ERROR] [1784046732.077251289] [cmd_vel_chassis_serial]: Serial write failed: write failed: [Errno 5] Input/output error
[cmd_vel_chassis_serial.py-1] [ERROR] [1784046732.108659712] [cmd_vel_chassis_serial]: Serial write failed: write failed: [Errno 5] Input/output error
[cmd_vel_chassis_serial.py-1] [ERROR] [1784046732.132070945] [cmd_vel_chassis_serial]: Serial write failed: write failed: [Errno 5] Input/output error
[cmd_vel_chassis_serial.py-1] [ERROR] [1784046732.158888279] [cmd_vel_chassis_serial]: Serial write failed: write failed: [Errno 5] Input/output error
[cmd_vel_chassis_serial.py-1] [ERROR] [1784046732.188045472] [cmd_vel_chassis_serial]: Serial write failed: write failed: [Errno 5] Input/output error
[cmd_vel_chassis_serial.py-1] [ERROR] [1784046732.209932693] [cmd_vel_chassis_serial]: Serial write failed: write failed: [Errno 5] Input/output error
[cmd_vel_chassis_serial.py-1] [ERROR] [1784046732.239551794] [cmd_vel_chassis_serial]: Serial write failed: write failed: [Errno 5] Input/output error
[cmd_vel_chassis_serial.py-1] [ERROR] [1784046732.262765373] [cmd_vel_chassis_serial]: Serial write failed: write failed: [Errno 5] Input/output error
[cmd_vel_chassis_serial.py-1] [ERROR] [1784046732.287102113] [cmd_vel_chassis_serial]: Serial write failed: write failed: [Errno 5] Input/output error
[cmd_vel_chassis_serial.py-1] [ERROR] [1784046732.309522605] [cmd_vel_chassis_serial]: Serial write failed: write failed: [Errno 5] Input/output error
[cmd_vel_chassis_serial.py-1] [ERROR] [1784046732.328544110] [cmd_vel_chassis_serial]: Serial write failed: write failed: [Errno 5] Input/output error
[cmd_vel_chassis_serial.py-1] [ERROR] [1784046732.346606441] [cmd_vel_chassis_serial]: Serial write failed: write failed: [Errno 5] Input/output error
[cmd_vel_chassis_serial.py-1] [ERROR] [1784046732.370511508] [cmd_vel_chassis_serial]: Serial write failed: write failed: [Errno 5] Input/output error
[cmd_vel_chassis_serial.py-1] [ERROR] [1784046732.389946857] [cmd_vel_chassis_serial]: Serial write failed: write failed: [Errno 5] Input/output error
[cmd_vel_chassis_serial.py-1] [ERROR] [1784046732.422592530] [cmd_vel_chassis_serial]: Serial write failed: write failed: [Errno 5] Input/output error
[cmd_vel_chassis_serial.py-1] [ERROR] [1784046732.433780364] [cmd_vel_chassis_serial]: Serial write failed: write failed: [Errno 5] Input/output error
[cmd_vel_chassis_serial.py-1] [ERROR] [1784046732.500952467] [cmd_vel_chassis_serial]: Serial write failed: write failed: [Errno 5] Input/output error
[cmd_vel_chassis_serial.py-1] [ERROR] [1784046732.520672935] [cmd_vel_chassis_serial]: Serial write failed: write failed: [Errno 5] Input/output error
[cmd_vel_chassis_serial.py-1] [ERROR] [1784046732.549126774] [cmd_vel_chassis_serial]: Serial write failed: write failed: [Errno 5] Input/output error
[cmd_vel_chassis_serial.py-1] [ERROR] [1784046732.576757232] [cmd_vel_chassis_serial]: Serial write failed: write failed: [Errno 5] Input/output error
[cmd_vel_chassis_serial.py-1] [ERROR] [1784046732.633172695] [cmd_vel_chassis_serial]: Serial write failed: write failed: [Errno 5] Input/output error
[cmd_vel_chassis_serial.py-1] [ERROR] [1784046732.677148869] [cmd_vel_chassis_serial]: Serial write failed: write failed: [Errno 5] Input/output error
[cmd_vel_chassis_serial.py-1] [ERROR] [1784046732.720743005] [cmd_vel_chassis_serial]: Serial write failed: write failed: [Errno 5] Input/output error
[cmd_vel_chassis_serial.py-1] [ERROR] [1784046732.754105602] [cmd_vel_chassis_serial]: Serial write failed: write failed: [Errno 5] Input/output error
[cmd_vel_chassis_serial.py-1] [ERROR] [1784046732.802947653] [cmd_vel_chassis_serial]: Serial write failed: write failed: [Errno 5] Input/output error
[cmd_vel_chassis_serial.py-1] [ERROR] [1784046732.826132592] [cmd_vel_chassis_serial]: Serial write failed: write failed: [Errno 5] Input/output error
[cmd_vel_chassis_serial.py-1] [ERROR] [1784046732.845358038] [cmd_vel_chassis_serial]: Serial write failed: write failed: [Errno 5] Input/output error
[cmd_vel_chassis_serial.py-1] [ERROR] [1784046732.868939977] [cmd_vel_chassis_serial]: Serial write failed: write failed: [Errno 5] Input/output error
[cmd_vel_chassis_serial.py-1] [ERROR] [1784046732.889965075] [cmd_vel_chassis_serial]: Serial write failed: write failed: [Errno 5] Input/output error
[cmd_vel_chassis_serial.py-1] [ERROR] [1784046732.905685507] [cmd_vel_chassis_serial]: Serial write failed: write failed: [Errno 5] Input/output error
[cmd_vel_chassis_serial.py-1] [ERROR] [1784046732.942078479] [cmd_vel_chassis_serial]: Serial write failed: write failed: [Errno 5] Input/output error
[cmd_vel_chassis_serial.py-1] [ERROR] [1784046732.976833650] [cmd_vel_chassis_serial]: Serial write failed: write failed: [Errno 5] Input/output error
[cmd_vel_chassis_serial.py-1] [ERROR] [1784046733.006832894] [cmd_vel_chassis_serial]: Serial write failed: write failed: [Errno 5] Input/output error
[cmd_vel_chassis_serial.py-1] [ERROR] [1784046733.030950687] [cmd_vel_chassis_serial]: Serial write failed: write failed: [Errno 5] Input/output error
[cmd_vel_chassis_serial.py-1] [ERROR] [1784046733.044545149] [cmd_vel_chassis_serial]: Serial write failed: write failed: [Errno 5] Input/output error
[cmd_vel_chassis_serial.py-1] [ERROR] [1784046733.063088443] [cmd_vel_chassis_serial]: Serial write failed: write failed: [Errno 5] Input/output error
[cmd_vel_chassis_serial.py-1] [ERROR] [1784046733.085766796] [cmd_vel_chassis_serial]: Serial write failed: write failed: [Errno 5] Input/output error
[cmd_vel_chassis_serial.py-1] [ERROR] [1784046733.103189760] [cmd_vel_chassis_serial]: Serial write failed: write failed: [Errno 5] Input/output error
[cmd_vel_chassis_serial.py-1] [ERROR] [1784046733.124871902] [cmd_vel_chassis_serial]: Serial write failed: write failed: [Errno 5] Input/output error
[cmd_vel_chassis_serial.py-1] [ERROR] [1784046733.151138186] [cmd_vel_chassis_serial]: Serial write failed: write failed: [Errno 5] Input/output error
[cmd_vel_chassis_serial.py-1] [ERROR] [1784046733.176943139] [cmd_vel_chassis_serial]: Serial write failed: write failed: [Errno 5] Input/output error
[cmd_vel_chassis_serial.py-1] [ERROR] [1784046733.197482215] [cmd_vel_chassis_serial]: Serial write failed: write failed: [Errno 5] Input/output error
[cmd_vel_chassis_serial.py-1] [ERROR] [1784046733.226106319] [cmd_vel_chassis_serial]: Serial write failed: write failed: [Errno 5] Input/output error
[cmd_vel_chassis_serial.py-1] [ERROR] [1784046733.250369958] [cmd_vel_chassis_serial]: Serial write failed: write failed: [Errno 5] Input/output error
[cmd_vel_chassis_serial.py-1] [ERROR] [1784046733.282059640] [cmd_vel_chassis_serial]: Serial write failed: write failed: [Errno 5] Input/output error
[cmd_vel_chassis_serial.py-1] [ERROR] [1784046733.315469644] [cmd_vel_chassis_serial]: Serial write failed: write failed: [Errno 5] Input/output error
[cmd_vel_chassis_serial.py-1] [ERROR] [1784046733.364477319] [cmd_vel_chassis_serial]: Serial write failed: write failed: [Errno 5] Input/output error
[cmd_vel_chassis_serial.py-1] [ERROR] [1784046733.400187216] [cmd_vel_chassis_serial]: Serial write failed: write failed: [Errno 5] Input/output error
[cmd_vel_chassis_serial.py-1] [ERROR] [1784046733.421298905] [cmd_vel_chassis_serial]: Serial write failed: write failed: [Errno 5] Input/output error
[cmd_vel_chassis_serial.py-1] [ERROR] [1784046733.437669423] [cmd_vel_chassis_serial]: Serial write failed: write failed: [Errno 5] Input/output error
[cmd_vel_chassis_serial.py-1] [ERROR] [1784046733.454544201] [cmd_vel_chassis_serial]: Serial write failed: write failed: [Errno 5] Input/output error
[cmd_vel_chassis_serial.py-1] [ERROR] [1784046733.464326972] [cmd_vel_chassis_serial]: Serial write failed: write failed: [Errno 5] Input/output error
[cmd_vel_chassis_serial.py-1] [ERROR] [1784046733.482809808] [cmd_vel_chassis_serial]: Serial write failed: write failed: [Errno 5] Input/output error
[cmd_vel_chassis_serial.py-1] [ERROR] [1784046733.500945028] [cmd_vel_chassis_serial]: Serial write failed: write failed: [Errno 5] Input/output error
[cmd_vel_chassis_serial.py-1] [ERROR] [1784046733.523494608] [cmd_vel_chassis_serial]: Serial write failed: write failed: [Errno 5] Input/output error
[cmd_vel_chassis_serial.py-1] [ERROR] [1784046733.544347130] [cmd_vel_chassis_serial]: Serial write failed: write failed: [Errno 5] Input/output error
[cmd_vel_chassis_serial.py-1] [ERROR] [1784046733.563391372] [cmd_vel_chassis_serial]: Serial write failed: write failed: [Errno 5] Input/output error
[cmd_vel_chassis_serial.py-1] [ERROR] [1784046733.590470348] [cmd_vel_chassis_serial]: Serial write failed: write failed: [Errno 5] Input/output error
[cmd_vel_chassis_serial.py-1] [ERROR] [1784046733.617872476] [cmd_vel_chassis_serial]: Serial write failed: write failed: [Errno 5] Input/output error
[cmd_vel_chassis_serial.py-1] [ERROR] [1784046733.636794820] [cmd_vel_chassis_serial]: Serial write failed: write failed: [Errno 5] Input/output error
[cmd_vel_chassis_serial.py-1] [ERROR] [1784046733.657041435] [cmd_vel_chassis_serial]: Serial write failed: write failed: [Errno 5] Input/output error
[cmd_vel_chassis_serial.py-1] [ERROR] [1784046733.685864081] [cmd_vel_chassis_serial]: Serial write failed: write failed: [Errno 5] Input/output error
[cmd_vel_chassis_serial.py-1] [ERROR] [1784046733.738217713] [cmd_vel_chassis_serial]: Serial write failed: write failed: [Errno 5] Input/output error
[cmd_vel_chassis_serial.py-1] [ERROR] [1784046733.762663732] [cmd_vel_chassis_serial]: Serial write failed: write failed: [Errno 5] Input/output error
[cmd_vel_chassis_serial.py-1] [ERROR] [1784046733.775884807] [cmd_vel_chassis_serial]: Serial write failed: write failed: [Errno 5] Input/output error
[cmd_vel_chassis_serial.py-1] [ERROR] [1784046733.802081120] [cmd_vel_chassis_serial]: Serial write failed: write failed: [Errno 5] Input/output error
[cmd_vel_chassis_serial.py-1] [ERROR] [1784046733.829065600] [cmd_vel_chassis_serial]: Serial write failed: write failed: [Errno 5] Input/output error
[cmd_vel_chassis_serial.py-1] [ERROR] [1784046733.858339416] [cmd_vel_chassis_serial]: Serial write failed: write failed: [Errno 5] Input/output error
[cmd_vel_chassis_serial.py-1] [ERROR] [1784046733.885578384] [cmd_vel_chassis_serial]: Serial write failed: write failed: [Errno 5] Input/output error
[cmd_vel_chassis_serial.py-1] [ERROR] [1784046733.917145434] [cmd_vel_chassis_serial]: Serial write failed: write failed: [Errno 5] Input/output error
[cmd_vel_chassis_serial.py-1] [ERROR] [1784046733.926536629] [cmd_vel_chassis_serial]: Serial write failed: write failed: [Errno 5] Input/output error
[cmd_vel_chassis_serial.py-1] [ERROR] [1784046733.947973677] [cmd_vel_chassis_serial]: Serial write failed: write failed: [Errno 5] Input/output error
[cmd_vel_chassis_serial.py-1] [ERROR] [1784046733.960150009] [cmd_vel_chassis_serial]: Serial write failed: write failed: [Errno 5] Input/output error
[cmd_vel_chassis_serial.py-1] [ERROR] [1784046733.995349071] [cmd_vel_chassis_serial]: Serial write failed: write failed: [Errno 5] Input/output error
[cmd_vel_chassis_serial.py-1] [ERROR] [1784046734.016397856] [cmd_vel_chassis_serial]: Serial write failed: write failed: [Errno 5] Input/output error
[cmd_vel_chassis_serial.py-1] [ERROR] [1784046734.029856011] [cmd_vel_chassis_serial]: Serial write failed: write failed: [Errno 5] Input/output error
[cmd_vel_chassis_serial.py-1] [ERROR] [1784046734.051894470] [cmd_vel_chassis_serial]: Serial write failed: write failed: [Errno 5] Input/output error
[cmd_vel_chassis_serial.py-1] [ERROR] [1784046734.068872600] [cmd_vel_chassis_serial]: Serial write failed: write failed: [Errno 5] Input/output error
[cmd_vel_chassis_serial.py-1] [ERROR] [1784046734.107540169] [cmd_vel_chassis_serial]: Serial write failed: write failed: [Errno 5] Input/output error
[cmd_vel_chassis_serial.py-1] [ERROR] [1784046734.130423222] [cmd_vel_chassis_serial]: Serial write failed: write failed: [Errno 5] Input/output error
[cmd_vel_chassis_serial.py-1] [ERROR] [1784046734.158735527] [cmd_vel_chassis_serial]: Serial write failed: write failed: [Errno 5] Input/output error
[cmd_vel_chassis_serial.py-1] [ERROR] [1784046734.200011085] [cmd_vel_chassis_serial]: Serial write failed: write failed: [Errno 5] Input/output error
[cmd_vel_chassis_serial.py-1] [ERROR] [1784046734.216536857] [cmd_vel_chassis_serial]: Serial write failed: write failed: [Errno 5] Input/output error
[cmd_vel_chassis_serial.py-1] [ERROR] [1784046734.232507450] [cmd_vel_chassis_serial]: Serial write failed: write failed: [Errno 5] Input/output error
[cmd_vel_chassis_serial.py-1] [ERROR] [1784046734.268820510] [cmd_vel_chassis_serial]: Serial write failed: write failed: [Errno 5] Input/output error
[cmd_vel_chassis_serial.py-1] [ERROR] [1784046734.315817362] [cmd_vel_chassis_serial]: Serial write failed: write failed: [Errno 5] Input/output error
[cmd_vel_chassis_serial.py-1] [ERROR] [1784046734.346310781] [cmd_vel_chassis_serial]: Serial write failed: write failed: [Errno 5] Input/output error
[cmd_vel_chassis_serial.py-1] [ERROR] [1784046734.364477162] [cmd_vel_chassis_serial]: Serial write failed: write failed: [Errno 5] Input/output error
[cmd_vel_chassis_serial.py-1] [ERROR] [1784046734.399101707] [cmd_vel_chassis_serial]: Serial write failed: write failed: [Errno 5] Input/output error
[cmd_vel_chassis_serial.py-1] [ERROR] [1784046734.417464697] [cmd_vel_chassis_serial]: Serial write failed: write failed: [Errno 5] Input/output error
[cmd_vel_chassis_serial.py-1] [ERROR] [1784046734.435795282] [cmd_vel_chassis_serial]: Serial write failed: write failed: [Errno 5] Input/output error
[cmd_vel_chassis_serial.py-1] [ERROR] [1784046734.459053641] [cmd_vel_chassis_serial]: Serial write failed: write failed: [Errno 5] Input/output error
[cmd_vel_chassis_serial.py-1] [ERROR] [1784046734.480247638] [cmd_vel_chassis_serial]: Serial write failed: write failed: [Errno 5] Input/output error
[cmd_vel_chassis_serial.py-1] [ERROR] [1784046734.505672498] [cmd_vel_chassis_serial]: Serial write failed: write failed: [Errno 5] Input/output error
[cmd_vel_chassis_serial.py-1] [ERROR] [1784046734.518793932] [cmd_vel_chassis_serial]: Serial write failed: write failed: [Errno 5] Input/output error
[cmd_vel_chassis_serial.py-1] [ERROR] [1784046734.536304182] [cmd_vel_chassis_serial]: Serial write failed: write failed: [Errno 5] Input/output error
[cmd_vel_chassis_serial.py-1] [ERROR] [1784046734.559893060] [cmd_vel_chassis_serial]: Serial write failed: write failed: [Errno 5] Input/output error
[cmd_vel_chassis_serial.py-1] [ERROR] [1784046734.587648733] [cmd_vel_chassis_serial]: Serial write failed: write failed: [Errno 5] Input/output error
[cmd_vel_chassis_serial.py-1] [ERROR] [1784046734.607120692] [cmd_vel_chassis_serial]: Serial write failed: write failed: [Errno 5] Input/output error
[cmd_vel_chassis_serial.py-1] [ERROR] [1784046734.632913337] [cmd_vel_chassis_serial]: Serial write failed: write failed: [Errno 5] Input/output error
[cmd_vel_chassis_serial.py-1] [ERROR] [1784046734.660032628] [cmd_vel_chassis_serial]: Serial write failed: write failed: [Errno 5] Input/output error
[cmd_vel_chassis_serial.py-1] [ERROR] [1784046734.680116889] [cmd_vel_chassis_serial]: Serial write failed: write failed: [Errno 5] Input/output error
[cmd_vel_chassis_serial.py-1] [ERROR] [1784046734.708052495] [cmd_vel_chassis_serial]: Serial write failed: write failed: [Errno 5] Input/output error
[cmd_vel_chassis_serial.py-1] [ERROR] [1784046734.725447277] [cmd_vel_chassis_serial]: Serial write failed: write failed: [Errno 5] Input/output error
[cmd_vel_chassis_serial.py-1] [ERROR] [1784046734.748709284] [cmd_vel_chassis_serial]: Serial write failed: write failed: [Errno 5] Input/output error
[cmd_vel_chassis_serial.py-1] [ERROR] [1784046734.757970122] [cmd_vel_chassis_serial]: Serial write failed: write failed: [Errno 5] Input/output error
[cmd_vel_chassis_serial.py-1] [ERROR] [1784046734.786994120] [cmd_vel_chassis_serial]: Serial write failed: write failed: [Errno 5] Input/output error
[cmd_vel_chassis_serial.py-1] [ERROR] [1784046734.800897890] [cmd_vel_chassis_serial]: Serial write failed: write failed: [Errno 5] Input/output error
[cmd_vel_chassis_serial.py-1] [ERROR] [1784046734.817818046] [cmd_vel_chassis_serial]: Serial write failed: write failed: [Errno 5] Input/output error
[cmd_vel_chassis_serial.py-1] [ERROR] [1784046734.835663158] [cmd_vel_chassis_serial]: Serial write failed: write failed: [Errno 5] Input/output error
[cmd_vel_chassis_serial.py-1] [ERROR] [1784046734.855961846] [cmd_vel_chassis_serial]: Serial write failed: write failed: [Errno 5] Input/output error
[cmd_vel_chassis_serial.py-1] [ERROR] [1784046734.881008724] [cmd_vel_chassis_serial]: Serial write failed: write failed: [Errno 5] Input/output error
[cmd_vel_chassis_serial.py-1] [ERROR] [1784046734.902096743] [cmd_vel_chassis_serial]: Serial write failed: write failed: [Errno 5] Input/output error
[cmd_vel_chassis_serial.py-1] [ERROR] [1784046734.918668071] [cmd_vel_chassis_serial]: Serial write failed: write failed: [Errno 5] Input/output error
[cmd_vel_chassis_serial.py-1] [ERROR] [1784046734.935007204] [cmd_vel_chassis_serial]: Serial write failed: write failed: [Errno 5] Input/output error
[cmd_vel_chassis_serial.py-1] [ERROR] [1784046734.959771747] [cmd_vel_chassis_serial]: Serial write failed: write failed: [Errno 5] Input/output error
[cmd_vel_chassis_serial.py-1] [ERROR] [1784046734.983235739] [cmd_vel_chassis_serial]: Serial write failed: write failed: [Errno 5] Input/output error
[cmd_vel_chassis_serial.py-1] [ERROR] [1784046735.000020510] [cmd_vel_chassis_serial]: Serial write failed: write failed: [Errno 5] Input/output error
[cmd_vel_chassis_serial.py-1] [ERROR] [1784046735.017936916] [cmd_vel_chassis_serial]: Serial write failed: write failed: [Errno 5] Input/output error
[cmd_vel_chassis_serial.py-1] [ERROR] [1784046735.036629755] [cmd_vel_chassis_serial]: Serial write failed: write failed: [Errno 5] Input/output error
[cmd_vel_chassis_serial.py-1] [ERROR] [1784046735.059185326] [cmd_vel_chassis_serial]: Serial write failed: write failed: [Errno 5] Input/output error
[cmd_vel_chassis_serial.py-1] [ERROR] [1784046735.092938465] [cmd_vel_chassis_serial]: Serial write failed: write failed: [Errno 5] Input/output error
[cmd_vel_chassis_serial.py-1] [ERROR] [1784046735.122453157] [cmd_vel_chassis_serial]: Serial write failed: write failed: [Errno 5] Input/output error
[cmd_vel_chassis_serial.py-1] [ERROR] [1784046735.160898288] [cmd_vel_chassis_serial]: Serial write failed: write failed: [Errno 5] Input/output error
[cmd_vel_chassis_serial.py-1] [ERROR] [1784046735.191303933] [cmd_vel_chassis_serial]: Serial write failed: write failed: [Errno 5] Input/output error
[cmd_vel_chassis_serial.py-1] [ERROR] [1784046735.228604678] [cmd_vel_chassis_serial]: Serial write failed: write failed: [Errno 5] Input/output error
[cmd_vel_chassis_serial.py-1] [ERROR] [1784046735.260068529] [cmd_vel_chassis_serial]: Serial write failed: write failed: [Errno 5] Input/output error
[cmd_vel_chassis_serial.py-1] [ERROR] [1784046735.280042579] [cmd_vel_chassis_serial]: Serial write failed: write failed: [Errno 5] Input/output error
[cmd_vel_chassis_serial.py-1] [ERROR] [1784046735.289716878] [cmd_vel_chassis_serial]: Serial write failed: write failed: [Errno 5] Input/output error
[cmd_vel_chassis_serial.py-1] [ERROR] [1784046735.301916692] [cmd_vel_chassis_serial]: Serial write failed: write failed: [Errno 5] Input/output error
[cmd_vel_chassis_serial.py-1] [ERROR] [1784046735.326503788] [cmd_vel_chassis_serial]: Serial write failed: write failed: [Errno 5] Input/output error
[cmd_vel_chassis_serial.py-1] [ERROR] [1784046735.350681286] [cmd_vel_chassis_serial]: Serial write failed: write failed: [Errno 5] Input/output error
[cmd_vel_chassis_serial.py-1] [ERROR] [1784046735.378018427] [cmd_vel_chassis_serial]: Serial write failed: write failed: [Errno 5] Input/output error
[cmd_vel_chassis_serial.py-1] [ERROR] [1784046735.393685197] [cmd_vel_chassis_serial]: Serial write failed: write failed: [Errno 5] Input/output error
[cmd_vel_chassis_serial.py-1] [ERROR] [1784046735.413093053] [cmd_vel_chassis_serial]: Serial write failed: write failed: [Errno 5] Input/output error
[cmd_vel_chassis_serial.py-1] [ERROR] [1784046735.427872661] [cmd_vel_chassis_serial]: Serial write failed: write failed: [Errno 5] Input/output error
[cmd_vel_chassis_serial.py-1] [ERROR] [1784046735.451847142] [cmd_vel_chassis_serial]: Serial write failed: write failed: [Errno 5] Input/output error
[cmd_vel_chassis_serial.py-1] [ERROR] [1784046735.470686908] [cmd_vel_chassis_serial]: Serial write failed: write failed: [Errno 5] Input/output error
[cmd_vel_chassis_serial.py-1] [ERROR] [1784046735.487651818] [cmd_vel_chassis_serial]: Serial write failed: write failed: [Errno 5] Input/output error
[cmd_vel_chassis_serial.py-1] [ERROR] [1784046735.504299239] [cmd_vel_chassis_serial]: Serial write failed: write failed: [Errno 5] Input/output error
[cmd_vel_chassis_serial.py-1] [ERROR] [1784046735.518033132] [cmd_vel_chassis_serial]: Serial write failed: write failed: [Errno 5] Input/output error
[cmd_vel_chassis_serial.py-1] [ERROR] [1784046735.543522580] [cmd_vel_chassis_serial]: Serial write failed: write failed: [Errno 5] Input/output error
[cmd_vel_chassis_serial.py-1] [ERROR] [1784046735.561900605] [cmd_vel_chassis_serial]: Serial write failed: write failed: [Errno 5] Input/output error
[cmd_vel_chassis_serial.py-1] [ERROR] [1784046735.581332577] [cmd_vel_chassis_serial]: Serial write failed: write failed: [Errno 5] Input/output error
[cmd_vel_chassis_serial.py-1] [ERROR] [1784046735.599399880] [cmd_vel_chassis_serial]: Serial write failed: write failed: [Errno 5] Input/output error
[cmd_vel_chassis_serial.py-1] [ERROR] [1784046735.618991436] [cmd_vel_chassis_serial]: Serial write failed: write failed: [Errno 5] Input/output error
[cmd_vel_chassis_serial.py-1] [ERROR] [1784046735.636690199] [cmd_vel_chassis_serial]: Serial write failed: write failed: [Errno 5] Input/output error
[cmd_vel_chassis_serial.py-1] [ERROR] [1784046735.664935786] [cmd_vel_chassis_serial]: Serial write failed: write failed: [Errno 5] Input/output error
[cmd_vel_chassis_serial.py-1] [ERROR] [1784046735.691588133] [cmd_vel_chassis_serial]: Serial write failed: write failed: [Errno 5] Input/output error
[cmd_vel_chassis_serial.py-1] [ERROR] [1784046735.714797267] [cmd_vel_chassis_serial]: Serial write failed: write failed: [Errno 5] Input/output error
[cmd_vel_chassis_serial.py-1] [ERROR] [1784046735.729667111] [cmd_vel_chassis_serial]: Serial write failed: write failed: [Errno 5] Input/output error
[cmd_vel_chassis_serial.py-1] [ERROR] [1784046735.751659404] [cmd_vel_chassis_serial]: Serial write failed: write failed: [Errno 5] Input/output error
[cmd_vel_chassis_serial.py-1] [ERROR] [1784046735.786461497] [cmd_vel_chassis_serial]: Serial write failed: write failed: [Errno 5] Input/output error
[cmd_vel_chassis_serial.py-1] [ERROR] [1784046735.813340161] [cmd_vel_chassis_serial]: Serial write failed: write failed: [Errno 5] Input/output error
[cmd_vel_chassis_serial.py-1] [ERROR] [1784046735.832563500] [cmd_vel_chassis_serial]: Serial write failed: write failed: [Errno 5] Input/output error
[cmd_vel_chassis_serial.py-1] [ERROR] [1784046735.858849358] [cmd_vel_chassis_serial]: Serial write failed: write failed: [Errno 5] Input/output error
[cmd_vel_chassis_serial.py-1] [ERROR] [1784046735.878922319] [cmd_vel_chassis_serial]: Serial write failed: write failed: [Errno 5] Input/output error
[cmd_vel_chassis_serial.py-1] [ERROR] [1784046735.905017722] [cmd_vel_chassis_serial]: Serial write failed: write failed: [Errno 5] Input/output error
[cmd_vel_chassis_serial.py-1] [ERROR] [1784046735.932139511] [cmd_vel_chassis_serial]: Serial write failed: write failed: [Errno 5] Input/output error
[cmd_vel_chassis_serial.py-1] [ERROR] [1784046735.960188776] [cmd_vel_chassis_serial]: Serial write failed: write failed: [Errno 5] Input/output error
[cmd_vel_chassis_serial.py-1] [ERROR] [1784046735.980033860] [cmd_vel_chassis_serial]: Serial write failed: write failed: [Errno 5] Input/output error
[cmd_vel_chassis_serial.py-1] [ERROR] [1784046735.996377650] [cmd_vel_chassis_serial]: Serial write failed: write failed: [Errno 5] Input/output error
[cmd_vel_chassis_serial.py-1] [ERROR] [1784046736.012718273] [cmd_vel_chassis_serial]: Serial write failed: write failed: [Errno 5] Input/output error
[cmd_vel_chassis_serial.py-1] [ERROR] [1784046736.024698538] [cmd_vel_chassis_serial]: Serial write failed: write failed: [Errno 5] Input/output error
[cmd_vel_chassis_serial.py-1] [ERROR] [1784046736.056822913] [cmd_vel_chassis_serial]: Serial write failed: write failed: [Errno 5] Input/output error
[cmd_vel_chassis_serial.py-1] [ERROR] [1784046736.079652411] [cmd_vel_chassis_serial]: Serial write failed: write failed: [Errno 5] Input/output error
[cmd_vel_chassis_serial.py-1] [ERROR] [1784046736.116874561] [cmd_vel_chassis_serial]: Serial write failed: write failed: [Errno 5] Input/output error
[cmd_vel_chassis_serial.py-1] [ERROR] [1784046736.150997323] [cmd_vel_chassis_serial]: Serial write failed: write failed: [Errno 5] Input/output error
[cmd_vel_chassis_serial.py-1] [ERROR] [1784046736.183750402] [cmd_vel_chassis_serial]: Serial write failed: write failed: [Errno 5] Input/output error
[cmd_vel_chassis_serial.py-1] [ERROR] [1784046736.225817362] [cmd_vel_chassis_serial]: Serial write failed: write failed: [Errno 5] Input/output error
[cmd_vel_chassis_serial.py-1] [ERROR] [1784046736.268908382] [cmd_vel_chassis_serial]: Serial write failed: write failed: [Errno 5] Input/output error
[cmd_vel_chassis_serial.py-1] [ERROR] [1784046736.322470064] [cmd_vel_chassis_serial]: Serial write failed: write failed: [Errno 5] Input/output error
[cmd_vel_chassis_serial.py-1] [ERROR] [1784046736.366328795] [cmd_vel_chassis_serial]: Serial write failed: write failed: [Errno 5] Input/output error
[cmd_vel_chassis_serial.py-1] [ERROR] [1784046736.443200623] [cmd_vel_chassis_serial]: Serial write failed: write failed: [Errno 5] Input/output error
[cmd_vel_chassis_serial.py-1] [ERROR] [1784046736.469099358] [cmd_vel_chassis_serial]: Serial write failed: write failed: [Errno 5] Input/output error
[cmd_vel_chassis_serial.py-1] [ERROR] [1784046736.506058790] [cmd_vel_chassis_serial]: Serial write failed: write failed: [Errno 5] Input/output error
[cmd_vel_chassis_serial.py-1] [ERROR] [1784046736.526639252] [cmd_vel_chassis_serial]: Serial write failed: write failed: [Errno 5] Input/output error
[cmd_vel_chassis_serial.py-1] [ERROR] [1784046736.552777334] [cmd_vel_chassis_serial]: Serial write failed: write failed: [Errno 5] Input/output error
[cmd_vel_chassis_serial.py-1] [ERROR] [1784046736.582952203] [cmd_vel_chassis_serial]: Serial write failed: write failed: [Errno 5] Input/output error
[cmd_vel_chassis_serial.py-1] [ERROR] [1784046736.614347776] [cmd_vel_chassis_serial]: Serial write failed: write failed: [Errno 5] Input/output error
[cmd_vel_chassis_serial.py-1] [ERROR] [1784046736.647967513] [cmd_vel_chassis_serial]: Serial write failed: write failed: [Errno 5] Input/output error
[cmd_vel_chassis_serial.py-1] [ERROR] [1784046736.676388596] [cmd_vel_chassis_serial]: Serial write failed: write failed: [Errno 5] Input/output error
[cmd_vel_chassis_serial.py-1] [ERROR] [1784046736.729217732] [cmd_vel_chassis_serial]: Serial write failed: write failed: [Errno 5] Input/output error
[cmd_vel_chassis_serial.py-1] [ERROR] [1784046736.764365513] [cmd_vel_chassis_serial]: Serial write failed: write failed: [Errno 5] Input/output error
[cmd_vel_chassis_serial.py-1] [ERROR] [1784046736.799473184] [cmd_vel_chassis_serial]: Serial write failed: write failed: [Errno 5] Input/output error
[cmd_vel_chassis_serial.py-1] [ERROR] [1784046736.828645614] [cmd_vel_chassis_serial]: Serial write failed: write failed: [Errno 5] Input/output error
[cmd_vel_chassis_serial.py-1] [ERROR] [1784046736.850098902] [cmd_vel_chassis_serial]: Serial write failed: write failed: [Errno 5] Input/output error
[cmd_vel_chassis_serial.py-1] [ERROR] [1784046736.877208132] [cmd_vel_chassis_serial]: Serial write failed: write failed: [Errno 5] Input/output error
[cmd_vel_chassis_serial.py-1] [ERROR] [1784046736.898916171] [cmd_vel_chassis_serial]: Serial write failed: write failed: [Errno 5] Input/output error
[cmd_vel_chassis_serial.py-1] [ERROR] [1784046736.912982672] [cmd_vel_chassis_serial]: Serial write failed: write failed: [Errno 5] Input/output error
[cmd_vel_chassis_serial.py-1] [ERROR] [1784046736.929481224] [cmd_vel_chassis_serial]: Serial write failed: write failed: [Errno 5] Input/output error
[cmd_vel_chassis_serial.py-1] [ERROR] [1784046736.937647817] [cmd_vel_chassis_serial]: Serial write failed: write failed: [Errno 5] Input/output error
[cmd_vel_chassis_serial.py-1] [ERROR] [1784046736.961047660] [cmd_vel_chassis_serial]: Serial write failed: write failed: [Errno 5] Input/output error
[cmd_vel_chassis_serial.py-1] [ERROR] [1784046737.006023470] [cmd_vel_chassis_serial]: Serial write failed: write failed: [Errno 5] Input/output error
[cmd_vel_chassis_serial.py-1] [ERROR] [1784046737.035046000] [cmd_vel_chassis_serial]: Serial write failed: write failed: [Errno 5] Input/output error
[cmd_vel_chassis_serial.py-1] [ERROR] [1784046737.061637438] [cmd_vel_chassis_serial]: Serial write failed: write failed: [Errno 5] Input/output error
[cmd_vel_chassis_serial.py-1] [ERROR] [1784046737.095993982] [cmd_vel_chassis_serial]: Serial write failed: write failed: [Errno 5] Input/output error
[cmd_vel_chassis_serial.py-1] [ERROR] [1784046737.124118695] [cmd_vel_chassis_serial]: Serial write failed: write failed: [Errno 5] Input/output error
[cmd_vel_chassis_serial.py-1] [ERROR] [1784046737.137010324] [cmd_vel_chassis_serial]: Serial write failed: write failed: [Errno 5] Input/output error
[cmd_vel_chassis_serial.py-1] [ERROR] [1784046737.164400800] [cmd_vel_chassis_serial]: Serial write failed: write failed: [Errno 5] Input/output error
[cmd_vel_chassis_serial.py-1] [ERROR] [1784046737.181370692] [cmd_vel_chassis_serial]: Serial write failed: write failed: [Errno 5] Input/output error
[cmd_vel_chassis_serial.py-1] [ERROR] [1784046737.206704963] [cmd_vel_chassis_serial]: Serial write failed: write failed: [Errno 5] Input/output error
[cmd_vel_chassis_serial.py-1] [ERROR] [1784046737.225300802] [cmd_vel_chassis_serial]: Serial write failed: write failed: [Errno 5] Input/output error
[cmd_vel_chassis_serial.py-1] [ERROR] [1784046737.240553011] [cmd_vel_chassis_serial]: Serial write failed: write failed: [Errno 5] Input/output error
[cmd_vel_chassis_serial.py-1] [ERROR] [1784046737.260056974] [cmd_vel_chassis_serial]: Serial write failed: write failed: [Errno 5] Input/output error
[cmd_vel_chassis_serial.py-1] [ERROR] [1784046737.285345773] [cmd_vel_chassis_serial]: Serial write failed: write failed: [Errno 5] Input/output error
[cmd_vel_chassis_serial.py-1] [ERROR] [1784046737.311234480] [cmd_vel_chassis_serial]: Serial write failed: write failed: [Errno 5] Input/output error
[cmd_vel_chassis_serial.py-1] [ERROR] [1784046737.329719506] [cmd_vel_chassis_serial]: Serial write failed: write failed: [Errno 5] Input/output error
[cmd_vel_chassis_serial.py-1] [ERROR] [1784046737.352119516] [cmd_vel_chassis_serial]: Serial write failed: write failed: [Errno 5] Input/output error
[cmd_vel_chassis_serial.py-1] [ERROR] [1784046737.365030066] [cmd_vel_chassis_serial]: Serial write failed: write failed: [Errno 5] Input/output error
[cmd_vel_chassis_serial.py-1] [ERROR] [1784046737.395962186] [cmd_vel_chassis_serial]: Serial write failed: write failed: [Errno 5] Input/output error
[cmd_vel_chassis_serial.py-1] [ERROR] [1784046737.413132540] [cmd_vel_chassis_serial]: Serial write failed: write failed: [Errno 5] Input/output error
[cmd_vel_chassis_serial.py-1] [ERROR] [1784046737.429553311] [cmd_vel_chassis_serial]: Serial write failed: write failed: [Errno 5] Input/output error
[cmd_vel_chassis_serial.py-1] [ERROR] [1784046737.444035937] [cmd_vel_chassis_serial]: Serial write failed: write failed: [Errno 5] Input/output error
[cmd_vel_chassis_serial.py-1] [ERROR] [1784046737.456878626] [cmd_vel_chassis_serial]: Serial write failed: write failed: [Errno 5] Input/output error
[cmd_vel_chassis_serial.py-1] [ERROR] [1784046737.486220660] [cmd_vel_chassis_serial]: Serial write failed: write failed: [Errno 5] Input/output error
[cmd_vel_chassis_serial.py-1] [ERROR] [1784046737.502972922] [cmd_vel_chassis_serial]: Serial write failed: write failed: [Errno 5] Input/output error
[cmd_vel_chassis_serial.py-1] [ERROR] [1784046737.514339111] [cmd_vel_chassis_serial]: Serial write failed: write failed: [Errno 5] Input/output error
[cmd_vel_chassis_serial.py-1] [ERROR] [1784046737.545538832] [cmd_vel_chassis_serial]: Serial write failed: write failed: [Errno 5] Input/output error
[cmd_vel_chassis_serial.py-1] [ERROR] [1784046737.558122582] [cmd_vel_chassis_serial]: Serial write failed: write failed: [Errno 5] Input/output error
[cmd_vel_chassis_serial.py-1] [ERROR] [1784046737.587808562] [cmd_vel_chassis_serial]: Serial write failed: write failed: [Errno 5] Input/output error
[cmd_vel_chassis_serial.py-1] [ERROR] [1784046737.607603642] [cmd_vel_chassis_serial]: Serial write failed: write failed: [Errno 5] Input/output error
[cmd_vel_chassis_serial.py-1] [ERROR] [1784046737.622793845] [cmd_vel_chassis_serial]: Serial write failed: write failed: [Errno 5] Input/output error
[cmd_vel_chassis_serial.py-1] [ERROR] [1784046737.652611862] [cmd_vel_chassis_serial]: Serial write failed: write failed: [Errno 5] Input/output error
[cmd_vel_chassis_serial.py-1] [ERROR] [1784046737.674133324] [cmd_vel_chassis_serial]: Serial write failed: write failed: [Errno 5] Input/output error
[cmd_vel_chassis_serial.py-1] [ERROR] [1784046737.698642857] [cmd_vel_chassis_serial]: Serial write failed: write failed: [Errno 5] Input/output error
[cmd_vel_chassis_serial.py-1] [ERROR] [1784046737.729448219] [cmd_vel_chassis_serial]: Serial write failed: write failed: [Errno 5] Input/output error
[cmd_vel_chassis_serial.py-1] [ERROR] [1784046737.737723394] [cmd_vel_chassis_serial]: Serial write failed: write failed: [Errno 5] Input/output error
[cmd_vel_chassis_serial.py-1] [ERROR] [1784046737.776855053] [cmd_vel_chassis_serial]: Serial write failed: write failed: [Errno 5] Input/output error
[cmd_vel_chassis_serial.py-1] [ERROR] [1784046737.806547523] [cmd_vel_chassis_serial]: Serial write failed: write failed: [Errno 5] Input/output error
[cmd_vel_chassis_serial.py-1] [ERROR] [1784046737.830407561] [cmd_vel_chassis_serial]: Serial write failed: write failed: [Errno 5] Input/output error
[cmd_vel_chassis_serial.py-1] [ERROR] [1784046737.858774248] [cmd_vel_chassis_serial]: Serial write failed: write failed: [Errno 5] Input/output error
[cmd_vel_chassis_serial.py-1] [ERROR] [1784046737.892471362] [cmd_vel_chassis_serial]: Serial write failed: write failed: [Errno 5] Input/output error
[cmd_vel_chassis_serial.py-1] [ERROR] [1784046737.906876590] [cmd_vel_chassis_serial]: Serial write failed: write failed: [Errno 5] Input/output error
[cmd_vel_chassis_serial.py-1] [ERROR] [1784046737.925990223] [cmd_vel_chassis_serial]: Serial write failed: write failed: [Errno 5] Input/output error
[cmd_vel_chassis_serial.py-1] [ERROR] [1784046737.952822100] [cmd_vel_chassis_serial]: Serial write failed: write failed: [Errno 5] Input/output error
[cmd_vel_chassis_serial.py-1] [ERROR] [1784046737.989392658] [cmd_vel_chassis_serial]: Serial write failed: write failed: [Errno 5] Input/output error
[cmd_vel_chassis_serial.py-1] [ERROR] [1784046738.028680029] [cmd_vel_chassis_serial]: Serial write failed: write failed: [Errno 5] Input/output error
[cmd_vel_chassis_serial.py-1] [ERROR] [1784046738.057718782] [cmd_vel_chassis_serial]: Serial write failed: write failed: [Errno 5] Input/output error
[cmd_vel_chassis_serial.py-1] [ERROR] [1784046738.097343824] [cmd_vel_chassis_serial]: Serial write failed: write failed: [Errno 5] Input/output error
[cmd_vel_chassis_serial.py-1] [ERROR] [1784046738.119436773] [cmd_vel_chassis_serial]: Serial write failed: write failed: [Errno 5] Input/output error
[cmd_vel_chassis_serial.py-1] [ERROR] [1784046738.134522032] [cmd_vel_chassis_serial]: Serial write failed: write failed: [Errno 5] Input/output error
[cmd_vel_chassis_serial.py-1] [ERROR] [1784046738.150713308] [cmd_vel_chassis_serial]: Serial write failed: write failed: [Errno 5] Input/output error
[cmd_vel_chassis_serial.py-1] [ERROR] [1784046738.176672601] [cmd_vel_chassis_serial]: Serial write failed: write failed: [Errno 5] Input/output error
[cmd_vel_chassis_serial.py-1] [ERROR] [1784046738.200338034] [cmd_vel_chassis_serial]: Serial write failed: write failed: [Errno 5] Input/output error
[cmd_vel_chassis_serial.py-1] [ERROR] [1784046738.215975426] [cmd_vel_chassis_serial]: Serial write failed: write failed: [Errno 5] Input/output error
[cmd_vel_chassis_serial.py-1] [ERROR] [1784046738.231152877] [cmd_vel_chassis_serial]: Serial write failed: write failed: [Errno 5] Input/output error
[cmd_vel_chassis_serial.py-1] [ERROR] [1784046738.246452755] [cmd_vel_chassis_serial]: Serial write failed: write failed: [Errno 5] Input/output error
[cmd_vel_chassis_serial.py-1] [ERROR] [1784046738.264641758] [cmd_vel_chassis_serial]: Serial write failed: write failed: [Errno 5] Input/output error
[cmd_vel_chassis_serial.py-1] [ERROR] [1784046738.307341869] [cmd_vel_chassis_serial]: Serial write failed: write failed: [Errno 5] Input/output error
[cmd_vel_chassis_serial.py-1] [ERROR] [1784046738.329929312] [cmd_vel_chassis_serial]: Serial write failed: write failed: [Errno 5] Input/output error
[cmd_vel_chassis_serial.py-1] [ERROR] [1784046738.357973570] [cmd_vel_chassis_serial]: Serial write failed: write failed: [Errno 5] Input/output error
[cmd_vel_chassis_serial.py-1] [ERROR] [1784046738.397191126] [cmd_vel_chassis_serial]: Serial write failed: write failed: [Errno 5] Input/output error
[cmd_vel_chassis_serial.py-1] [ERROR] [1784046738.413977415] [cmd_vel_chassis_serial]: Serial write failed: write failed: [Errno 5] Input/output error
[cmd_vel_chassis_serial.py-1] [ERROR] [1784046738.428749636] [cmd_vel_chassis_serial]: Serial write failed: write failed: [Errno 5] Input/output error
[cmd_vel_chassis_serial.py-1] [ERROR] [1784046738.444962568] [cmd_vel_chassis_serial]: Serial write failed: write failed: [Errno 5] Input/output error
[cmd_vel_chassis_serial.py-1] [ERROR] [1784046738.461784720] [cmd_vel_chassis_serial]: Serial write failed: write failed: [Errno 5] Input/output error
[cmd_vel_chassis_serial.py-1] [ERROR] [1784046738.480225523] [cmd_vel_chassis_serial]: Serial write failed: write failed: [Errno 5] Input/output error
[cmd_vel_chassis_serial.py-1] [ERROR] [1784046738.507196854] [cmd_vel_chassis_serial]: Serial write failed: write failed: [Errno 5] Input/output error
[cmd_vel_chassis_serial.py-1] [ERROR] [1784046738.520723474] [cmd_vel_chassis_serial]: Serial write failed: write failed: [Errno 5] Input/output error
[cmd_vel_chassis_serial.py-1] [ERROR] [1784046738.536696220] [cmd_vel_chassis_serial]: Serial write failed: write failed: [Errno 5] Input/output error
[cmd_vel_chassis_serial.py-1] [ERROR] [1784046738.563158598] [cmd_vel_chassis_serial]: Serial write failed: write failed: [Errno 5] Input/output error
[cmd_vel_chassis_serial.py-1] [ERROR] [1784046738.588169683] [cmd_vel_chassis_serial]: Serial write failed: write failed: [Errno 5] Input/output error
[cmd_vel_chassis_serial.py-1] [ERROR] [1784046738.600659347] [cmd_vel_chassis_serial]: Serial write failed: write failed: [Errno 5] Input/output error
[cmd_vel_chassis_serial.py-1] [ERROR] [1784046738.617024365] [cmd_vel_chassis_serial]: Serial write failed: write failed: [Errno 5] Input/output error
[cmd_vel_chassis_serial.py-1] [ERROR] [1784046738.634357148] [cmd_vel_chassis_serial]: Serial write failed: write failed: [Errno 5] Input/output error
[cmd_vel_chassis_serial.py-1] [ERROR] [1784046738.658875166] [cmd_vel_chassis_serial]: Serial write failed: write failed: [Errno 5] Input/output error
[cmd_vel_chassis_serial.py-1] [ERROR] [1784046738.676896510] [cmd_vel_chassis_serial]: Serial write failed: write failed: [Errno 5] Input/output error
[cmd_vel_chassis_serial.py-1] [ERROR] [1784046738.697418186] [cmd_vel_chassis_serial]: Serial write failed: write failed: [Errno 5] Input/output error
[cmd_vel_chassis_serial.py-1] [ERROR] [1784046738.716366034] [cmd_vel_chassis_serial]: Serial write failed: write failed: [Errno 5] Input/output error
[cmd_vel_chassis_serial.py-1] [ERROR] [1784046738.735778610] [cmd_vel_chassis_serial]: Serial write failed: write failed: [Errno 5] Input/output error
[cmd_vel_chassis_serial.py-1] [ERROR] [1784046738.764886951] [cmd_vel_chassis_serial]: Serial write failed: write failed: [Errno 5] Input/output error
[cmd_vel_chassis_serial.py-1] [ERROR] [1784046738.793411282] [cmd_vel_chassis_serial]: Serial write failed: write failed: [Errno 5] Input/output error
[cmd_vel_chassis_serial.py-1] [ERROR] [1784046738.826527843] [cmd_vel_chassis_serial]: Serial write failed: write failed: [Errno 5] Input/output error
[cmd_vel_chassis_serial.py-1] [ERROR] [1784046738.844511274] [cmd_vel_chassis_serial]: Serial write failed: write failed: [Errno 5] Input/output error
[cmd_vel_chassis_serial.py-1] [ERROR] [1784046738.874416890] [cmd_vel_chassis_serial]: Serial write failed: write failed: [Errno 5] Input/output error
[cmd_vel_chassis_serial.py-1] [ERROR] [1784046738.894296017] [cmd_vel_chassis_serial]: Serial write failed: write failed: [Errno 5] Input/output error
[cmd_vel_chassis_serial.py-1] [ERROR] [1784046738.907501129] [cmd_vel_chassis_serial]: Serial write failed: write failed: [Errno 5] Input/output error
[cmd_vel_chassis_serial.py-1] [ERROR] [1784046738.926091163] [cmd_vel_chassis_serial]: Serial write failed: write failed: [Errno 5] Input/output error
[cmd_vel_chassis_serial.py-1] [ERROR] [1784046738.943078585] [cmd_vel_chassis_serial]: Serial write failed: write failed: [Errno 5] Input/output error
[cmd_vel_chassis_serial.py-1] [ERROR] [1784046738.961141346] [cmd_vel_chassis_serial]: Serial write failed: write failed: [Errno 5] Input/output error
[cmd_vel_chassis_serial.py-1] [ERROR] [1784046739.001580519] [cmd_vel_chassis_serial]: Serial write failed: write failed: [Errno 5] Input/output error
[cmd_vel_chassis_serial.py-1] [ERROR] [1784046739.029663928] [cmd_vel_chassis_serial]: Serial write failed: write failed: [Errno 5] Input/output error
[cmd_vel_chassis_serial.py-1] [ERROR] [1784046739.056319823] [cmd_vel_chassis_serial]: Serial write failed: write failed: [Errno 5] Input/output error
[cmd_vel_chassis_serial.py-1] [ERROR] [1784046739.090250879] [cmd_vel_chassis_serial]: Serial write failed: write failed: [Errno 5] Input/output error
[cmd_vel_chassis_serial.py-1] [ERROR] [1784046739.119588107] [cmd_vel_chassis_serial]: Serial write failed: write failed: [Errno 5] Input/output error
[cmd_vel_chassis_serial.py-1] [ERROR] [1784046739.133644293] [cmd_vel_chassis_serial]: Serial write failed: write failed: [Errno 5] Input/output error
[cmd_vel_chassis_serial.py-1] [ERROR] [1784046739.170793193] [cmd_vel_chassis_serial]: Serial write failed: write failed: [Errno 5] Input/output error
[cmd_vel_chassis_serial.py-1] [ERROR] [1784046739.208839886] [cmd_vel_chassis_serial]: Serial write failed: write failed: [Errno 5] Input/output error
[cmd_vel_chassis_serial.py-1] [ERROR] [1784046739.241837107] [cmd_vel_chassis_serial]: Serial write failed: write failed: [Errno 5] Input/output error
[cmd_vel_chassis_serial.py-1] [ERROR] [1784046739.280561527] [cmd_vel_chassis_serial]: Serial write failed: write failed: [Errno 5] Input/output error
[cmd_vel_chassis_serial.py-1] [ERROR] [1784046739.304519964] [cmd_vel_chassis_serial]: Serial write failed: write failed: [Errno 5] Input/output error
[cmd_vel_chassis_serial.py-1] [ERROR] [1784046739.335521797] [cmd_vel_chassis_serial]: Serial write failed: write failed: [Errno 5] Input/output error
[cmd_vel_chassis_serial.py-1] [ERROR] [1784046739.356912533] [cmd_vel_chassis_serial]: Serial write failed: write failed: [Errno 5] Input/output error
[cmd_vel_chassis_serial.py-1] [ERROR] [1784046739.392778674] [cmd_vel_chassis_serial]: Serial write failed: write failed: [Errno 5] Input/output error
[cmd_vel_chassis_serial.py-1] [ERROR] [1784046739.445742573] [cmd_vel_chassis_serial]: Serial write failed: write failed: [Errno 5] Input/output error
[cmd_vel_chassis_serial.py-1] [ERROR] [1784046739.465238848] [cmd_vel_chassis_serial]: Serial write failed: write failed: [Errno 5] Input/output error
[cmd_vel_chassis_serial.py-1] [ERROR] [1784046739.498442721] [cmd_vel_chassis_serial]: Serial write failed: write failed: [Errno 5] Input/output error
[cmd_vel_chassis_serial.py-1] [ERROR] [1784046739.530341951] [cmd_vel_chassis_serial]: Serial write failed: write failed: [Errno 5] Input/output error
[cmd_vel_chassis_serial.py-1] [ERROR] [1784046739.560564027] [cmd_vel_chassis_serial]: Serial write failed: write failed: [Errno 5] Input/output error
[cmd_vel_chassis_serial.py-1] [ERROR] [1784046739.593019925] [cmd_vel_chassis_serial]: Serial write failed: write failed: [Errno 5] Input/output error
[cmd_vel_chassis_serial.py-1] [ERROR] [1784046739.633512888] [cmd_vel_chassis_serial]: Serial write failed: write failed: [Errno 5] Input/output error
[cmd_vel_chassis_serial.py-1] [ERROR] [1784046739.672511413] [cmd_vel_chassis_serial]: Serial write failed: write failed: [Errno 5] Input/output error
[cmd_vel_chassis_serial.py-1] [ERROR] [1784046739.714244398] [cmd_vel_chassis_serial]: Serial write failed: write failed: [Errno 5] Input/output error
[cmd_vel_chassis_serial.py-1] [ERROR] [1784046739.753180761] [cmd_vel_chassis_serial]: Serial write failed: write failed: [Errno 5] Input/output error
[cmd_vel_chassis_serial.py-1] [ERROR] [1784046739.790021087] [cmd_vel_chassis_serial]: Serial write failed: write failed: [Errno 5] Input/output error
[cmd_vel_chassis_serial.py-1] [ERROR] [1784046739.824787486] [cmd_vel_chassis_serial]: Serial write failed: write failed: [Errno 5] Input/output error
[cmd_vel_chassis_serial.py-1] [ERROR] [1784046739.860031307] [cmd_vel_chassis_serial]: Serial write failed: write failed: [Errno 5] Input/output error
[cmd_vel_chassis_serial.py-1] [ERROR] [1784046739.879823739] [cmd_vel_chassis_serial]: Serial write failed: write failed: [Errno 5] Input/output error
[cmd_vel_chassis_serial.py-1] [ERROR] [1784046739.908155841] [cmd_vel_chassis_serial]: Serial write failed: write failed: [Errno 5] Input/output error
[cmd_vel_chassis_serial.py-1] [ERROR] [1784046739.941068320] [cmd_vel_chassis_serial]: Serial write failed: write failed: [Errno 5] Input/output error
[cmd_vel_chassis_serial.py-1] [ERROR] [1784046739.973945729] [cmd_vel_chassis_serial]: Serial write failed: write failed: [Errno 5] Input/output error
[cmd_vel_chassis_serial.py-1] [ERROR] [1784046740.012977430] [cmd_vel_chassis_serial]: Serial write failed: write failed: [Errno 5] Input/output error
[cmd_vel_chassis_serial.py-1] [ERROR] [1784046740.062166100] [cmd_vel_chassis_serial]: Serial write failed: write failed: [Errno 5] Input/output error
[cmd_vel_chassis_serial.py-1] [ERROR] [1784046740.080866721] [cmd_vel_chassis_serial]: Serial write failed: write failed: [Errno 5] Input/output error
[cmd_vel_chassis_serial.py-1] [ERROR] [1784046740.100207565] [cmd_vel_chassis_serial]: Serial write failed: write failed: [Errno 5] Input/output error
[cmd_vel_chassis_serial.py-1] [ERROR] [1784046740.128879570] [cmd_vel_chassis_serial]: Serial write failed: write failed: [Errno 5] Input/output error
[cmd_vel_chassis_serial.py-1] [ERROR] [1784046740.155419388] [cmd_vel_chassis_serial]: Serial write failed: write failed: [Errno 5] Input/output error
[cmd_vel_chassis_serial.py-1] [ERROR] [1784046740.179499125] [cmd_vel_chassis_serial]: Serial write failed: write failed: [Errno 5] Input/output error
[cmd_vel_chassis_serial.py-1] [ERROR] [1784046740.193742240] [cmd_vel_chassis_serial]: Serial write failed: write failed: [Errno 5] Input/output error
[cmd_vel_chassis_serial.py-1] [ERROR] [1784046740.208474570] [cmd_vel_chassis_serial]: Serial write failed: write failed: [Errno 5] Input/output error
[cmd_vel_chassis_serial.py-1] [ERROR] [1784046740.225470034] [cmd_vel_chassis_serial]: Serial write failed: write failed: [Errno 5] Input/output error
[cmd_vel_chassis_serial.py-1] [ERROR] [1784046740.236657492] [cmd_vel_chassis_serial]: Serial write failed: write failed: [Errno 5] Input/output error
[cmd_vel_chassis_serial.py-1] [ERROR] [1784046740.277652416] [cmd_vel_chassis_serial]: Serial write failed: write failed: [Errno 5] Input/output error
[cmd_vel_chassis_serial.py-1] [ERROR] [1784046740.335780732] [cmd_vel_chassis_serial]: Serial write failed: write failed: [Errno 5] Input/output error
[cmd_vel_chassis_serial.py-1] [ERROR] [1784046740.379170346] [cmd_vel_chassis_serial]: Serial write failed: write failed: [Errno 5] Input/output error
[cmd_vel_chassis_serial.py-1] [ERROR] [1784046740.409837259] [cmd_vel_chassis_serial]: Serial write failed: write failed: [Errno 5] Input/output error
[cmd_vel_chassis_serial.py-1] [ERROR] [1784046740.419997658] [cmd_vel_chassis_serial]: Serial write failed: write failed: [Errno 5] Input/output error
[cmd_vel_chassis_serial.py-1] [ERROR] [1784046740.452635400] [cmd_vel_chassis_serial]: Serial write failed: write failed: [Errno 5] Input/output error
[cmd_vel_chassis_serial.py-1] [ERROR] [1784046740.483129771] [cmd_vel_chassis_serial]: Serial write failed: write failed: [Errno 5] Input/output error
[cmd_vel_chassis_serial.py-1] [ERROR] [1784046740.514821139] [cmd_vel_chassis_serial]: Serial write failed: write failed: [Errno 5] Input/output error
[cmd_vel_chassis_serial.py-1] [ERROR] [1784046740.553400316] [cmd_vel_chassis_serial]: Serial write failed: write failed: [Errno 5] Input/output error
[cmd_vel_chassis_serial.py-1] [ERROR] [1784046740.596192109] [cmd_vel_chassis_serial]: Serial write failed: write failed: [Errno 5] Input/output error
[cmd_vel_chassis_serial.py-1] [ERROR] [1784046740.631216431] [cmd_vel_chassis_serial]: Serial write failed: write failed: [Errno 5] Input/output error
[cmd_vel_chassis_serial.py-1] [ERROR] [1784046740.664177181] [cmd_vel_chassis_serial]: Serial write failed: write failed: [Errno 5] Input/output error
[cmd_vel_chassis_serial.py-1] [ERROR] [1784046740.720181299] [cmd_vel_chassis_serial]: Serial write failed: write failed: [Errno 5] Input/output error
[cmd_vel_chassis_serial.py-1] [ERROR] [1784046740.767034908] [cmd_vel_chassis_serial]: Serial write failed: write failed: [Errno 5] Input/output error
[cmd_vel_chassis_serial.py-1] [ERROR] [1784046740.792411022] [cmd_vel_chassis_serial]: Serial write failed: write failed: [Errno 5] Input/output error
[cmd_vel_chassis_serial.py-1] [ERROR] [1784046740.814487717] [cmd_vel_chassis_serial]: Serial write failed: write failed: [Errno 5] Input/output error
[cmd_vel_chassis_serial.py-1] [ERROR] [1784046740.831359818] [cmd_vel_chassis_serial]: Serial write failed: write failed: [Errno 5] Input/output error
[cmd_vel_chassis_serial.py-1] [ERROR] [1784046740.843791150] [cmd_vel_chassis_serial]: Serial write failed: write failed: [Errno 5] Input/output error
[cmd_vel_chassis_serial.py-1] [ERROR] [1784046740.871507148] [cmd_vel_chassis_serial]: Serial write failed: write failed: [Errno 5] Input/output error
[cmd_vel_chassis_serial.py-1] [ERROR] [1784046740.884600909] [cmd_vel_chassis_serial]: Serial write failed: write failed: [Errno 5] Input/output error
[cmd_vel_chassis_serial.py-1] [ERROR] [1784046740.897929746] [cmd_vel_chassis_serial]: Serial write failed: write failed: [Errno 5] Input/output error
[cmd_vel_chassis_serial.py-1] [ERROR] [1784046740.916433049] [cmd_vel_chassis_serial]: Serial write failed: write failed: [Errno 5] Input/output error
[cmd_vel_chassis_serial.py-1] [ERROR] [1784046740.949146030] [cmd_vel_chassis_serial]: Serial write failed: write failed: [Errno 5] Input/output error
[cmd_vel_chassis_serial.py-1] [ERROR] [1784046740.965138635] [cmd_vel_chassis_serial]: Serial write failed: write failed: [Errno 5] Input/output error
[cmd_vel_chassis_serial.py-1] [ERROR] [1784046740.990836521] [cmd_vel_chassis_serial]: Serial write failed: write failed: [Errno 5] Input/output error
[cmd_vel_chassis_serial.py-1] [ERROR] [1784046741.007437782] [cmd_vel_chassis_serial]: Serial write failed: write failed: [Errno 5] Input/output error
[cmd_vel_chassis_serial.py-1] [ERROR] [1784046741.029484064] [cmd_vel_chassis_serial]: Serial write failed: write failed: [Errno 5] Input/output error
[cmd_vel_chassis_serial.py-1] [ERROR] [1784046741.041550479] [cmd_vel_chassis_serial]: Serial write failed: write failed: [Errno 5] Input/output error
[cmd_vel_chassis_serial.py-1] [ERROR] [1784046741.058991572] [cmd_vel_chassis_serial]: Serial write failed: write failed: [Errno 5] Input/output error
[cmd_vel_chassis_serial.py-1] [ERROR] [1784046741.080119148] [cmd_vel_chassis_serial]: Serial write failed: write failed: [Errno 5] Input/output error
[cmd_vel_chassis_serial.py-1] [ERROR] [1784046741.097118477] [cmd_vel_chassis_serial]: Serial write failed: write failed: [Errno 5] Input/output error
[cmd_vel_chassis_serial.py-1] [ERROR] [1784046741.124112346] [cmd_vel_chassis_serial]: Serial write failed: write failed: [Errno 5] Input/output error
[cmd_vel_chassis_serial.py-1] [ERROR] [1784046741.138039256] [cmd_vel_chassis_serial]: Serial write failed: write failed: [Errno 5] Input/output error
[cmd_vel_chassis_serial.py-1] [ERROR] [1784046741.162896666] [cmd_vel_chassis_serial]: Serial write failed: write failed: [Errno 5] Input/output error
[cmd_vel_chassis_serial.py-1] [ERROR] [1784046741.180624101] [cmd_vel_chassis_serial]: Serial write failed: write failed: [Errno 5] Input/output error
[cmd_vel_chassis_serial.py-1] [ERROR] [1784046741.197059443] [cmd_vel_chassis_serial]: Serial write failed: write failed: [Errno 5] Input/output error
[cmd_vel_chassis_serial.py-1] [ERROR] [1784046741.216203221] [cmd_vel_chassis_serial]: Serial write failed: write failed: [Errno 5] Input/output error
[cmd_vel_chassis_serial.py-1] [ERROR] [1784046741.235961810] [cmd_vel_chassis_serial]: Serial write failed: write failed: [Errno 5] Input/output error
[cmd_vel_chassis_serial.py-1] [ERROR] [1784046741.256087956] [cmd_vel_chassis_serial]: Serial write failed: write failed: [Errno 5] Input/output error
[cmd_vel_chassis_serial.py-1] [ERROR] [1784046741.278075352] [cmd_vel_chassis_serial]: Serial write failed: write failed: [Errno 5] Input/output error
[cmd_vel_chassis_serial.py-1] [ERROR] [1784046741.302371402] [cmd_vel_chassis_serial]: Serial write failed: write failed: [Errno 5] Input/output error
[cmd_vel_chassis_serial.py-1] [ERROR] [1784046741.317412009] [cmd_vel_chassis_serial]: Serial write failed: write failed: [Errno 5] Input/output error
[cmd_vel_chassis_serial.py-1] [ERROR] [1784046741.337490150] [cmd_vel_chassis_serial]: Serial write failed: write failed: [Errno 5] Input/output error
[cmd_vel_chassis_serial.py-1] [ERROR] [1784046741.363485264] [cmd_vel_chassis_serial]: Serial write failed: write failed: [Errno 5] Input/output error
[cmd_vel_chassis_serial.py-1] [ERROR] [1784046741.386249082] [cmd_vel_chassis_serial]: Serial write failed: write failed: [Errno 5] Input/output error
[cmd_vel_chassis_serial.py-1] [ERROR] [1784046741.406536228] [cmd_vel_chassis_serial]: Serial write failed: write failed: [Errno 5] Input/output error
[cmd_vel_chassis_serial.py-1] [ERROR] [1784046741.434733993] [cmd_vel_chassis_serial]: Serial write failed: write failed: [Errno 5] Input/output error
[cmd_vel_chassis_serial.py-1] [ERROR] [1784046741.492519185] [cmd_vel_chassis_serial]: Serial write failed: write failed: [Errno 5] Input/output error
[cmd_vel_chassis_serial.py-1] [ERROR] [1784046741.542069656] [cmd_vel_chassis_serial]: Serial write failed: write failed: [Errno 5] Input/output error
[cmd_vel_chassis_serial.py-1] [ERROR] [1784046741.598326695] [cmd_vel_chassis_serial]: Serial write failed: write failed: [Errno 5] Input/output error
[cmd_vel_chassis_serial.py-1] [ERROR] [1784046741.635726177] [cmd_vel_chassis_serial]: Serial write failed: write failed: [Errno 5] Input/output error
[cmd_vel_chassis_serial.py-1] [ERROR] [1784046741.666035555] [cmd_vel_chassis_serial]: Serial write failed: write failed: [Errno 5] Input/output error
[cmd_vel_chassis_serial.py-1] [ERROR] [1784046741.696311134] [cmd_vel_chassis_serial]: Serial write failed: write failed: [Errno 5] Input/output error
[cmd_vel_chassis_serial.py-1] [ERROR] [1784046741.705183652] [cmd_vel_chassis_serial]: Serial write failed: write failed: [Errno 5] Input/output error
[cmd_vel_chassis_serial.py-1] [ERROR] [1784046741.735099185] [cmd_vel_chassis_serial]: Serial write failed: write failed: [Errno 5] Input/output error
[cmd_vel_chassis_serial.py-1] [ERROR] [1784046741.757705063] [cmd_vel_chassis_serial]: Serial write failed: write failed: [Errno 5] Input/output error
[cmd_vel_chassis_serial.py-1] [ERROR] [1784046741.780937881] [cmd_vel_chassis_serial]: Serial write failed: write failed: [Errno 5] Input/output error
[cmd_vel_chassis_serial.py-1] [ERROR] [1784046741.803056366] [cmd_vel_chassis_serial]: Serial write failed: write failed: [Errno 5] Input/output error
[cmd_vel_chassis_serial.py-1] [ERROR] [1784046741.825912749] [cmd_vel_chassis_serial]: Serial write failed: write failed: [Errno 5] Input/output error
[cmd_vel_chassis_serial.py-1] [ERROR] [1784046741.867209448] [cmd_vel_chassis_serial]: Serial write failed: write failed: [Errno 5] Input/output error
[cmd_vel_chassis_serial.py-1] [ERROR] [1784046741.899583693] [cmd_vel_chassis_serial]: Serial write failed: write failed: [Errno 5] Input/output error
[cmd_vel_chassis_serial.py-1] [ERROR] [1784046741.925405016] [cmd_vel_chassis_serial]: Serial write failed: write failed: [Errno 5] Input/output error
[cmd_vel_chassis_serial.py-1] [ERROR] [1784046741.952315032] [cmd_vel_chassis_serial]: Serial write failed: write failed: [Errno 5] Input/output error
[cmd_vel_chassis_serial.py-1] [ERROR] [1784046741.981515980] [cmd_vel_chassis_serial]: Serial write failed: write failed: [Errno 5] Input/output error
[cmd_vel_chassis_serial.py-1] [ERROR] [1784046742.004476949] [cmd_vel_chassis_serial]: Serial write failed: write failed: [Errno 5] Input/output error
[cmd_vel_chassis_serial.py-1] [ERROR] [1784046742.030082264] [cmd_vel_chassis_serial]: Serial write failed: write failed: [Errno 5] Input/output error
[cmd_vel_chassis_serial.py-1] [ERROR] [1784046742.050944711] [cmd_vel_chassis_serial]: Serial write failed: write failed: [Errno 5] Input/output error
[cmd_vel_chassis_serial.py-1] [ERROR] [1784046742.081704433] [cmd_vel_chassis_serial]: Serial write failed: write failed: [Errno 5] Input/output error
[cmd_vel_chassis_serial.py-1] [ERROR] [1784046742.106497607] [cmd_vel_chassis_serial]: Serial write failed: write failed: [Errno 5] Input/output error
[cmd_vel_chassis_serial.py-1] [ERROR] [1784046742.128504766] [cmd_vel_chassis_serial]: Serial write failed: write failed: [Errno 5] Input/output error
[cmd_vel_chassis_serial.py-1] [ERROR] [1784046742.155847849] [cmd_vel_chassis_serial]: Serial write failed: write failed: [Errno 5] Input/output error
[cmd_vel_chassis_serial.py-1] [ERROR] [1784046742.194482018] [cmd_vel_chassis_serial]: Serial write failed: write failed: [Errno 5] Input/output error
[cmd_vel_chassis_serial.py-1] [ERROR] [1784046742.213125964] [cmd_vel_chassis_serial]: Serial write failed: write failed: [Errno 5] Input/output error
[cmd_vel_chassis_serial.py-1] [ERROR] [1784046742.246504426] [cmd_vel_chassis_serial]: Serial write failed: write failed: [Errno 5] Input/output error
[cmd_vel_chassis_serial.py-1] [ERROR] [1784046742.267484190] [cmd_vel_chassis_serial]: Serial write failed: write failed: [Errno 5] Input/output error
[cmd_vel_chassis_serial.py-1] [ERROR] [1784046742.299449272] [cmd_vel_chassis_serial]: Serial write failed: write failed: [Errno 5] Input/output error
[cmd_vel_chassis_serial.py-1] [ERROR] [1784046742.327741596] [cmd_vel_chassis_serial]: Serial write failed: write failed: [Errno 5] Input/output error
[cmd_vel_chassis_serial.py-1] [ERROR] [1784046742.350644400] [cmd_vel_chassis_serial]: Serial write failed: write failed: [Errno 5] Input/output error
[cmd_vel_chassis_serial.py-1] [ERROR] [1784046742.370489807] [cmd_vel_chassis_serial]: Serial write failed: write failed: [Errno 5] Input/output error
[cmd_vel_chassis_serial.py-1] [ERROR] [1784046742.415017648] [cmd_vel_chassis_serial]: Serial write failed: write failed: [Errno 5] Input/output error
[cmd_vel_chassis_serial.py-1] [ERROR] [1784046742.443708651] [cmd_vel_chassis_serial]: Serial write failed: write failed: [Errno 5] Input/output error
[cmd_vel_chassis_serial.py-1] [ERROR] [1784046742.451007352] [cmd_vel_chassis_serial]: Serial write failed: write failed: [Errno 5] Input/output error
[cmd_vel_chassis_serial.py-1] [ERROR] [1784046742.468633862] [cmd_vel_chassis_serial]: Serial write failed: write failed: [Errno 5] Input/output error
[cmd_vel_chassis_serial.py-1] [ERROR] [1784046742.490596545] [cmd_vel_chassis_serial]: Serial write failed: write failed: [Errno 5] Input/output error
[cmd_vel_chassis_serial.py-1] [ERROR] [1784046742.514993679] [cmd_vel_chassis_serial]: Serial write failed: write failed: [Errno 5] Input/output error
[cmd_vel_chassis_serial.py-1] [ERROR] [1784046742.533039361] [cmd_vel_chassis_serial]: Serial write failed: write failed: [Errno 5] Input/output error
[cmd_vel_chassis_serial.py-1] [ERROR] [1784046742.570251102] [cmd_vel_chassis_serial]: Serial write failed: write failed: [Errno 5] Input/output error
[cmd_vel_chassis_serial.py-1] [ERROR] [1784046742.599474729] [cmd_vel_chassis_serial]: Serial write failed: write failed: [Errno 5] Input/output error
[cmd_vel_chassis_serial.py-1] [ERROR] [1784046742.631975423] [cmd_vel_chassis_serial]: Serial write failed: write failed: [Errno 5] Input/output error
[cmd_vel_chassis_serial.py-1] [ERROR] [1784046742.661996828] [cmd_vel_chassis_serial]: Serial write failed: write failed: [Errno 5] Input/output error
[cmd_vel_chassis_serial.py-1] [ERROR] [1784046742.688803436] [cmd_vel_chassis_serial]: Serial write failed: write failed: [Errno 5] Input/output error
[cmd_vel_chassis_serial.py-1] [ERROR] [1784046742.715899109] [cmd_vel_chassis_serial]: Serial write failed: write failed: [Errno 5] Input/output error
[cmd_vel_chassis_serial.py-1] [ERROR] [1784046742.747592438] [cmd_vel_chassis_serial]: Serial write failed: write failed: [Errno 5] Input/output error
[cmd_vel_chassis_serial.py-1] [ERROR] [1784046742.771806677] [cmd_vel_chassis_serial]: Serial write failed: write failed: [Errno 5] Input/output error
[cmd_vel_chassis_serial.py-1] [ERROR] [1784046742.805691464] [cmd_vel_chassis_serial]: Serial write failed: write failed: [Errno 5] Input/output error
[cmd_vel_chassis_serial.py-1] [ERROR] [1784046742.841577554] [cmd_vel_chassis_serial]: Serial write failed: write failed: [Errno 5] Input/output error
[cmd_vel_chassis_serial.py-1] [ERROR] [1784046742.873697602] [cmd_vel_chassis_serial]: Serial write failed: write failed: [Errno 5] Input/output error
[cmd_vel_chassis_serial.py-1] [ERROR] [1784046742.905835562] [cmd_vel_chassis_serial]: Serial write failed: write failed: [Errno 5] Input/output error
[cmd_vel_chassis_serial.py-1] [ERROR] [1784046742.939000594] [cmd_vel_chassis_serial]: Serial write failed: write failed: [Errno 5] Input/output error
[cmd_vel_chassis_serial.py-1] [ERROR] [1784046742.972851751] [cmd_vel_chassis_serial]: Serial write failed: write failed: [Errno 5] Input/output error
[cmd_vel_chassis_serial.py-1] [ERROR] [1784046743.010318953] [cmd_vel_chassis_serial]: Serial write failed: write failed: [Errno 5] Input/output error
[cmd_vel_chassis_serial.py-1] [ERROR] [1784046743.042577135] [cmd_vel_chassis_serial]: Serial write failed: write failed: [Errno 5] Input/output error
[cmd_vel_chassis_serial.py-1] [ERROR] [1784046743.079605839] [cmd_vel_chassis_serial]: Serial write failed: write failed: [Errno 5] Input/output error
[cmd_vel_chassis_serial.py-1] [ERROR] [1784046743.127609676] [cmd_vel_chassis_serial]: Serial write failed: write failed: [Errno 5] Input/output error
[cmd_vel_chassis_serial.py-1] [ERROR] [1784046743.144621270] [cmd_vel_chassis_serial]: Serial write failed: write failed: [Errno 5] Input/output error
[cmd_vel_chassis_serial.py-1] [ERROR] [1784046743.172839724] [cmd_vel_chassis_serial]: Serial write failed: write failed: [Errno 5] Input/output error
[cmd_vel_chassis_serial.py-1] [ERROR] [1784046743.184950941] [cmd_vel_chassis_serial]: Serial write failed: write failed: [Errno 5] Input/output error
[cmd_vel_chassis_serial.py-1] [ERROR] [1784046743.202124002] [cmd_vel_chassis_serial]: Serial write failed: write failed: [Errno 5] Input/output error
[cmd_vel_chassis_serial.py-1] [ERROR] [1784046743.215051246] [cmd_vel_chassis_serial]: Serial write failed: write failed: [Errno 5] Input/output error
[cmd_vel_chassis_serial.py-1] [ERROR] [1784046743.235824299] [cmd_vel_chassis_serial]: Serial write failed: write failed: [Errno 5] Input/output error
[cmd_vel_chassis_serial.py-1] [ERROR] [1784046743.263066770] [cmd_vel_chassis_serial]: Serial write failed: write failed: [Errno 5] Input/output error
[cmd_vel_chassis_serial.py-1] [ERROR] [1784046743.277021433] [cmd_vel_chassis_serial]: Serial write failed: write failed: [Errno 5] Input/output error
[cmd_vel_chassis_serial.py-1] [ERROR] [1784046743.295562943] [cmd_vel_chassis_serial]: Serial write failed: write failed: [Errno 5] Input/output error
[cmd_vel_chassis_serial.py-1] [ERROR] [1784046743.325495493] [cmd_vel_chassis_serial]: Serial write failed: write failed: [Errno 5] Input/output error
[cmd_vel_chassis_serial.py-1] [ERROR] [1784046743.350951267] [cmd_vel_chassis_serial]: Serial write failed: write failed: [Errno 5] Input/output error
[cmd_vel_chassis_serial.py-1] [ERROR] [1784046743.380696170] [cmd_vel_chassis_serial]: Serial write failed: write failed: [Errno 5] Input/output error
[cmd_vel_chassis_serial.py-1] [ERROR] [1784046743.405520865] [cmd_vel_chassis_serial]: Serial write failed: write failed: [Errno 5] Input/output error
[cmd_vel_chassis_serial.py-1] [ERROR] [1784046743.444870042] [cmd_vel_chassis_serial]: Serial write failed: write failed: [Errno 5] Input/output error
[cmd_vel_chassis_serial.py-1] [ERROR] [1784046743.477668898] [cmd_vel_chassis_serial]: Serial write failed: write failed: [Errno 5] Input/output error
[cmd_vel_chassis_serial.py-1] [ERROR] [1784046743.505699405] [cmd_vel_chassis_serial]: Serial write failed: write failed: [Errno 5] Input/output error
[cmd_vel_chassis_serial.py-1] [ERROR] [1784046743.546232057] [cmd_vel_chassis_serial]: Serial write failed: write failed: [Errno 5] Input/output error
[cmd_vel_chassis_serial.py-1] [ERROR] [1784046743.605283135] [cmd_vel_chassis_serial]: Serial write failed: write failed: [Errno 5] Input/output error
[cmd_vel_chassis_serial.py-1] [ERROR] [1784046743.652811626] [cmd_vel_chassis_serial]: Serial write failed: write failed: [Errno 5] Input/output error
[cmd_vel_chassis_serial.py-1] [ERROR] [1784046743.695856417] [cmd_vel_chassis_serial]: Serial write failed: write failed: [Errno 5] Input/output error
[cmd_vel_chassis_serial.py-1] [ERROR] [1784046743.728534359] [cmd_vel_chassis_serial]: Serial write failed: write failed: [Errno 5] Input/output error
[cmd_vel_chassis_serial.py-1] [ERROR] [1784046743.762077040] [cmd_vel_chassis_serial]: Serial write failed: write failed: [Errno 5] Input/output error
[cmd_vel_chassis_serial.py-1] [ERROR] [1784046743.794124610] [cmd_vel_chassis_serial]: Serial write failed: write failed: [Errno 5] Input/output error
[cmd_vel_chassis_serial.py-1] [ERROR] [1784046743.825116398] [cmd_vel_chassis_serial]: Serial write failed: write failed: [Errno 5] Input/output error
[cmd_vel_chassis_serial.py-1] [ERROR] [1784046743.854120441] [cmd_vel_chassis_serial]: Serial write failed: write failed: [Errno 5] Input/output error
[cmd_vel_chassis_serial.py-1] [ERROR] [1784046743.882043146] [cmd_vel_chassis_serial]: Serial write failed: write failed: [Errno 5] Input/output error
[cmd_vel_chassis_serial.py-1] [ERROR] [1784046743.906463006] [cmd_vel_chassis_serial]: Serial write failed: write failed: [Errno 5] Input/output error
[cmd_vel_chassis_serial.py-1] [ERROR] [1784046743.930759636] [cmd_vel_chassis_serial]: Serial write failed: write failed: [Errno 5] Input/output error
[cmd_vel_chassis_serial.py-1] [ERROR] [1784046743.959150872] [cmd_vel_chassis_serial]: Serial write failed: write failed: [Errno 5] Input/output error
[cmd_vel_chassis_serial.py-1] [ERROR] [1784046743.983472926] [cmd_vel_chassis_serial]: Serial write failed: write failed: [Errno 5] Input/output error
[cmd_vel_chassis_serial.py-1] [ERROR] [1784046744.003742390] [cmd_vel_chassis_serial]: Serial write failed: write failed: [Errno 5] Input/output error
[cmd_vel_chassis_serial.py-1] [ERROR] [1784046744.025821767] [cmd_vel_chassis_serial]: Serial write failed: write failed: [Errno 5] Input/output error
[cmd_vel_chassis_serial.py-1] [ERROR] [1784046744.057482574] [cmd_vel_chassis_serial]: Serial write failed: write failed: [Errno 5] Input/output error
[cmd_vel_chassis_serial.py-1] [ERROR] [1784046744.078743164] [cmd_vel_chassis_serial]: Serial write failed: write failed: [Errno 5] Input/output error
[cmd_vel_chassis_serial.py-1] [ERROR] [1784046744.109134494] [cmd_vel_chassis_serial]: Serial write failed: write failed: [Errno 5] Input/output error
[cmd_vel_chassis_serial.py-1] [ERROR] [1784046744.145101444] [cmd_vel_chassis_serial]: Serial write failed: write failed: [Errno 5] Input/output error
[cmd_vel_chassis_serial.py-1] [ERROR] [1784046744.168326516] [cmd_vel_chassis_serial]: Serial write failed: write failed: [Errno 5] Input/output error
[cmd_vel_chassis_serial.py-1] [ERROR] [1784046744.192853712] [cmd_vel_chassis_serial]: Serial write failed: write failed: [Errno 5] Input/output error
[cmd_vel_chassis_serial.py-1] [ERROR] [1784046744.230096869] [cmd_vel_chassis_serial]: Serial write failed: write failed: [Errno 5] Input/output error
[cmd_vel_chassis_serial.py-1] [ERROR] [1784046744.252670993] [cmd_vel_chassis_serial]: Serial write failed: write failed: [Errno 5] Input/output error
[cmd_vel_chassis_serial.py-1] [ERROR] [1784046744.277658406] [cmd_vel_chassis_serial]: Serial write failed: write failed: [Errno 5] Input/output error
[cmd_vel_chassis_serial.py-1] [ERROR] [1784046744.305841792] [cmd_vel_chassis_serial]: Serial write failed: write failed: [Errno 5] Input/output error
[cmd_vel_chassis_serial.py-1] [ERROR] [1784046744.329376351] [cmd_vel_chassis_serial]: Serial write failed: write failed: [Errno 5] Input/output error
[cmd_vel_chassis_serial.py-1] [ERROR] [1784046744.355312488] [cmd_vel_chassis_serial]: Serial write failed: write failed: [Errno 5] Input/output error
[cmd_vel_chassis_serial.py-1] [ERROR] [1784046744.385399358] [cmd_vel_chassis_serial]: Serial write failed: write failed: [Errno 5] Input/output error
[cmd_vel_chassis_serial.py-1] [ERROR] [1784046744.409234801] [cmd_vel_chassis_serial]: Serial write failed: write failed: [Errno 5] Input/output error
[cmd_vel_chassis_serial.py-1] [ERROR] [1784046744.432164424] [cmd_vel_chassis_serial]: Serial write failed: write failed: [Errno 5] Input/output error
[cmd_vel_chassis_serial.py-1] [ERROR] [1784046744.461136926] [cmd_vel_chassis_serial]: Serial write failed: write failed: [Errno 5] Input/output error
[cmd_vel_chassis_serial.py-1] [ERROR] [1784046744.485405494] [cmd_vel_chassis_serial]: Serial write failed: write failed: [Errno 5] Input/output error
[cmd_vel_chassis_serial.py-1] [ERROR] [1784046744.503020848] [cmd_vel_chassis_serial]: Serial write failed: write failed: [Errno 5] Input/output error
[cmd_vel_chassis_serial.py-1] [ERROR] [1784046744.522759813] [cmd_vel_chassis_serial]: Serial write failed: write failed: [Errno 5] Input/output error
[cmd_vel_chassis_serial.py-1] [ERROR] [1784046744.547072845] [cmd_vel_chassis_serial]: Serial write failed: write failed: [Errno 5] Input/output error
[cmd_vel_chassis_serial.py-1] [ERROR] [1784046744.566335948] [cmd_vel_chassis_serial]: Serial write failed: write failed: [Errno 5] Input/output error
[cmd_vel_chassis_serial.py-1] [ERROR] [1784046744.579646971] [cmd_vel_chassis_serial]: Serial write failed: write failed: [Errno 5] Input/output error
[cmd_vel_chassis_serial.py-1] [ERROR] [1784046744.594945296] [cmd_vel_chassis_serial]: Serial write failed: write failed: [Errno 5] Input/output error
[cmd_vel_chassis_serial.py-1] [ERROR] [1784046744.615015260] [cmd_vel_chassis_serial]: Serial write failed: write failed: [Errno 5] Input/output error
[cmd_vel_chassis_serial.py-1] [ERROR] [1784046744.636801720] [cmd_vel_chassis_serial]: Serial write failed: write failed: [Errno 5] Input/output error
[cmd_vel_chassis_serial.py-1] [ERROR] [1784046744.657395825] [cmd_vel_chassis_serial]: Serial write failed: write failed: [Errno 5] Input/output error
[cmd_vel_chassis_serial.py-1] [ERROR] [1784046744.677062610] [cmd_vel_chassis_serial]: Serial write failed: write failed: [Errno 5] Input/output error
[cmd_vel_chassis_serial.py-1] [ERROR] [1784046744.696375479] [cmd_vel_chassis_serial]: Serial write failed: write failed: [Errno 5] Input/output error
[cmd_vel_chassis_serial.py-1] [ERROR] [1784046744.722601966] [cmd_vel_chassis_serial]: Serial write failed: write failed: [Errno 5] Input/output error
[cmd_vel_chassis_serial.py-1] [ERROR] [1784046744.742056892] [cmd_vel_chassis_serial]: Serial write failed: write failed: [Errno 5] Input/output error
[cmd_vel_chassis_serial.py-1] [ERROR] [1784046744.758767398] [cmd_vel_chassis_serial]: Serial write failed: write failed: [Errno 5] Input/output error
[cmd_vel_chassis_serial.py-1] [ERROR] [1784046744.781572854] [cmd_vel_chassis_serial]: Serial write failed: write failed: [Errno 5] Input/output error
[cmd_vel_chassis_serial.py-1] [ERROR] [1784046744.798350093] [cmd_vel_chassis_serial]: Serial write failed: write failed: [Errno 5] Input/output error
[cmd_vel_chassis_serial.py-1] [ERROR] [1784046744.816977580] [cmd_vel_chassis_serial]: Serial write failed: write failed: [Errno 5] Input/output error
[cmd_vel_chassis_serial.py-1] [ERROR] [1784046744.843346027] [cmd_vel_chassis_serial]: Serial write failed: write failed: [Errno 5] Input/output error
[cmd_vel_chassis_serial.py-1] [ERROR] [1784046744.870639238] [cmd_vel_chassis_serial]: Serial write failed: write failed: [Errno 5] Input/output error
[cmd_vel_chassis_serial.py-1] [ERROR] [1784046744.898648810] [cmd_vel_chassis_serial]: Serial write failed: write failed: [Errno 5] Input/output error
[cmd_vel_chassis_serial.py-1] [ERROR] [1784046744.919251458] [cmd_vel_chassis_serial]: Serial write failed: write failed: [Errno 5] Input/output error
[cmd_vel_chassis_serial.py-1] [ERROR] [1784046744.949724194] [cmd_vel_chassis_serial]: Serial write failed: write failed: [Errno 5] Input/output error
[cmd_vel_chassis_serial.py-1] [ERROR] [1784046744.973592727] [cmd_vel_chassis_serial]: Serial write failed: write failed: [Errno 5] Input/output error
[cmd_vel_chassis_serial.py-1] [ERROR] [1784046745.009219799] [cmd_vel_chassis_serial]: Serial write failed: write failed: [Errno 5] Input/output error
[cmd_vel_chassis_serial.py-1] [ERROR] [1784046745.023429793] [cmd_vel_chassis_serial]: Serial write failed: write failed: [Errno 5] Input/output error
[cmd_vel_chassis_serial.py-1] [ERROR] [1784046745.040234052] [cmd_vel_chassis_serial]: Serial write failed: write failed: [Errno 5] Input/output error
                                                                                                                                                                                                                                                                                                                                                                                                                                                                                                                                                                                                                                                                                                                                                                                                                                                                                                                                                                                                                                                                                                                                                                                                                                                                                                                                                                                                                                                                                                                                                                                                                                                                                                                                                                                                                                                                                                                                                                                                                                                                                                                                                                                                                                                                                                                                                                                                                                                                                                                                                                                                                                                                                                                                                                                                                                                                                                                                                                                                                                                                                                                                                                                                                                                                                                                                                                                                                                                                                                                                                                                                                                                                                                                                                                                                                                                                                                                                                     