host_time_s,time_us,seq,frame_type,leg_id,flags,raw_target_x_cm,raw_target_y_cm,target_x_cm,target_y_cm,actual_x_cm,actual_y_cm,error_y_cm,fy_total_n,fy_up_n,fy_sag_n,swing_unload_n,support_y_bias_cm,stance_entry_ramp,stance_support_ramp,sag_rescue,tau_ff_knee_nm,gait_cmd_vx_mps,gait_cmd_wz_radps,gait_target_stride_cm,gait_target_lift_cm,gait_stride_cm,gait_lift_cm,wheel_leg_base_mps,wheel_leg_turn_mps,roll_err_filt_deg,pitch_err_filt_deg,comp_scale,vibration_scale,support_force_bias_leg0_n,support_force_bias_leg1_n,support_force_bias_leg2_n,support_force_bias_leg3_n
1783989072.269,54906000,175,1,0,0,10.0,25.111560821533203,10.0,25.111560821533203,8.489845275878906,25.597003936767578,-0.4854440689086914,29.814701080322266,44.827964782714844,0.0,0.0,0.11156158894300461,1.0,1.0,0.0,-0.7849741578102112,,,,,,,,,,,,,,,,
1783989072.301,54927000,176,1,1,0,10.0,24.886857986450195,10.0,24.886857986450195,9.230639457702637,25.14171600341797,-0.2548590302467346,38.94810485839844,46.7359733581543,0.0,0.0,-0.11314202845096588,1.0,1.0,0.0,1.1353882551193237,,,,,,,,,,,,,,,,
1783989072.319,54940000,177,1,2,0,10.0,25.22553825378418,10.0,25.22553825378418,8.852766990661621,25.43136215209961,-0.20582377910614014,42.09267044067383,48.2410888671875,0.0,0.0,0.2255387157201767,1.0,1.0,0.0,-1.1899086236953735,,,,,,,,,,,,,,,,
1783989072.338,54957000,178,1,3,0,10.0,24.774282455444336,10.0,24.774282455444336,8.936153411865234,25.24419403076172,-0.469912588596344,34.43539810180664,48.76910400390625,0.0,0.0,-0.2257176637649536,1.0,1.0,0.0,0.9718989133834839,,,,,,,,,,,,,,,,
1783989072.360,54977000,179,2,255,0,,,,,,,,,,,,,,,,,0.0,0.0,0.0,0.0,3.0,2.450000047683716,0.0,0.0,-2.580524206161499,-1.0809698104858398,0.543182909488678,1.0,0.9386771321296692,-0.9386771321296692,1.4065232276916504,-1.4065232276916504
1783989072.386,54999000,180,1,0,0,10.0,25.11403465270996,10.0,25.11403465270996,8.489022254943848,25.59956932067871,-0.48553645610809326,29.998668670654297,44.844844818115234,0.0,0.0,0.11403453350067139,1.0,1.0,0.0,-0.7914312481880188,,,,,,,,,,,,,,,,
1783989072.388,55025000,181,1,1,0,10.0,24.886293411254883,10.0,24.886293411254883,9.231514930725098,25.139972686767578,-0.25368034839630127,38.966190338134766,46.73342514038086,0.0,0.0,-0.11370670795440674,1.0,1.0,0.0,1.13629949092865,,,,,,,,,,,,,,,,
1783989072.420,55046000,182,1,2,0,10.0,25.22283935546875,10.0,25.22283935546875,8.853715896606445,25.430992126464844,-0.2081543207168579,41.83905029296875,48.22455596923828,0.0,0.0,0.2228395938873291,1.0,1.0,0.0,-1.1818554401397705,,,,,,,,,,,,,,,,
1783989072.438,55060000,183,1,3,0,10.0,24.777137756347656,10.0,24.777137756347656,8.93676471710205,25.24530792236328,-0.4681721329689026,34.53143310546875,48.78748321533203,0.0,0.0,-0.22286145389080048,1.0,1.0,0.0,0.9746023416519165,,,,,,,,,,,,,,,,
1783989072.457,55076000,184,2,255,0,,,,,,,,,,,,,,,,,0.0,0.0,0.0,0.0,3.0,2.450000047683716,0.0,0.0,-2.5679004192352295,-1.08763587474823,0.5395504832267761,1.0,0.923689067363739,-0.923689067363739,1.3926444053649902,-1.3926444053649902
1783989072.480,55096000,185,1,0,0,10.0,25.111814498901367,10.0,25.111814498901367,8.488975524902344,25.597328186035156,-0.4855126142501831,29.994007110595703,44.829856872558594,0.0,0.0,0.11181485652923584,1.0,1.0,0.0,-0.7914106249809265,,,,,,,,,,,,,,,,
1783989072.505,55118000,186,1,1,0,10.0,24.88817024230957,10.0,24.88817024230957,9.229949951171875,25.141979217529297,-0.25380849838256836,39.039527893066406,46.7451171875,0.0,0.0,-0.11182916909456253,1.0,1.0,0.0,1.1384708881378174,,,,,,,,,,,,,,,,
1783989072.507,55144000,187,1,2,0,10.0,25.224590301513672,10.0,25.224590301513672,8.852082252502441,25.43146324157715,-0.206872820854187,41.856048583984375,48.233699798583984,0.0,0.0,0.22459092736244202,1.0,1.0,0.0,-1.1825006008148193,,,,,,,,,,,,,,,,
1783989072.539,55164000,188,1,3,0,10.0,24.773725509643555,10.0,24.773725509643555,8.937281608581543,25.244176864624023,-0.4704520106315613,34.38687515258789,48.76716995239258,0.0,0.0,-0.22627516090869904,1.0,1.0,0.0,0.9707118272781372,,,,,,,,,,,,,,,,
1783989072.555,55178000,189,2,255,0,,,,,,,,,,,,,,,,,0.0,0.0,0.0,0.0,3.0,2.450000047683716,0.0,0.0,-2.584597110748291,-1.0914441347122192,0.5443546772003174,1.0,0.9394888281822205,-0.9394888281822205,1.4150625467300415,-1.4150625467300415
1783989072.571,55193000,190,1,0,0,10.0,25.113792419433594,10.0,25.113792419433594,8.487325668334961,25.60013198852539,-0.48634111881256104,29.99907112121582,44.84565353393555,0.0,0.0,0.11379268765449524,1.0,1.0,0.0,-0.7915662527084351,,,,,,,,,,,,,,,,
1783989072.593,55210000,191,1,1,0,10.0,24.886062622070312,10.0,24.886062622070312,9.229226112365723,25.142183303833008,-0.2561211585998535,38.97358322143555,46.72928237915039,0.0,0.0,-0.11393818259239197,1.0,1.0,0.0,1.1362842321395874,,,,,,,,,,,,,,,,
1783989072.616,55231000,192,1,2,0,10.0,25.2264347076416,10.0,25.2264347076416,8.8525390625,25.431913375854492,-0.20547807216644287,42.09957504272461,48.246524810791016,0.0,0.0,0.22643530368804932,1.0,1.0,0.0,-1.190165638923645,,,,,,,,,,,,,,,,
1783989072.643,55256000,193,1,3,0,10.0,24.773977279663086,10.0,24.773977279663086,8.937411308288574,25.244171142578125,-0.4701942205429077,34.35615539550781,48.76776123046875,0.0,0.0,-0.22602348029613495,1.0,1.0,0.0,0.9693331122398376,,,,,,,,,,,,,,,,
1783989072.645,55282000,194,2,255,0,,,,,,,,,,,,,,,,,0.0,0.0,0.0,0.0,3.0,2.450000047683716,0.0,0.0,-2.5761659145355225,-1.0854943990707397,0.5419289469718933,1.0,0.9327797889709473,-0.9327797889709473,1.402435064315796,-1.402435064315796
1783989072.678,55303000,195,1,0,0,10.0,25.112455368041992,10.0,25.112455368041992,8.490501403808594,25.596744537353516,-0.48428773880004883,30.076099395751953,44.83389663696289,0.0,0.0,0.11245562881231308,1.0,1.0,0.0,-0.794050395488739,,,,,,,,,,,,,,,,
1783989072.696,55317000,196,1,1,0,10.0,24.887508392333984,10.0,24.887508392333984,9.23146915435791,25.14141273498535,-0.253903865814209,38.98902893066406,46.74180221557617,0.0,0.0,-0.11249228566884995,1.0,1.0,0.0,1.1365574598312378,,,,,,,,,,,,,,,,
1783989072.715,55334000,197,1,2,0,10.0,25.22348403930664,10.0,25.22348403930664,8.852599143981934,25.431800842285156,-0.20831525325775146,41.87025451660156,48.22827911376953,0.0,0.0,0.22348451614379883,1.0,1.0,0.0,-1.183302640914917,,,,,,,,,,,,,,,,
1783989072.738,55354000,198,1,3,0,10.0,24.776317596435547,10.0,24.776317596435547,8.936890602111816,25.243972778320312,-0.46765655279159546,34.54398727416992,48.78196334838867,0.0,0.0,-0.223682701587677,1.0,1.0,0.0,0.9749049544334412,,,,,,,,,,,,,,,,
1783989072.765,55378000,199,2,255,0,,,,,,,,,,,,,,,,,0.0,0.0,0.0,0.0,3.0,2.450000047683716,0.0,0.0,-2.576864719390869,-1.0784025192260742,0.5421300530433655,1.0,0.935757577419281,-0.935757577419281,1.4010567665100098,-1.4010567665100098
1783989072.767,55404000,200,1,0,0,10.0,25.113731384277344,10.0,25.113731384277344,8.48659610748291,25.600412368774414,-0.48668086528778076,29.964725494384766,44.841922760009766,0.0,0.0,0.11373060941696167,1.0,1.0,0.0,-0.7903168201446533,,,,,,,,,,,,,,,,
1783989072.798,55424000,201,1,1,0,10.0,24.885339736938477,10.0,24.885339736938477,9.229106903076172,25.141420364379883,-0.2560824155807495,38.9909553527832,46.728355407714844,0.0,0.0,-0.11466094106435776,1.0,1.0,0.0,1.1365824937820435,,,,,,,,,,,,,,,,
1783989072.815,55438000,202,1,2,0,10.0,25.224016189575195,10.0,25.224016189575195,8.852231979370117,25.432401657104492,-0.20838677883148193,41.93523025512695,48.23373794555664,0.0,0.0,0.22401615977287292,1.0,1.0,0.0,-1.1854832172393799,,,,,,,,,,,,,,,,
1783989072.832,55453000,203,1,3,0,10.0,24.776670455932617,10.0,24.776670455932617,8.937324523925781,25.244205474853516,-0.4675358533859253,34.57681655883789,48.78221893310547,0.0,0.0,-0.22332881391048431,1.0,1.0,0.0,0.9764187932014465,,,,,,,,,,,,,,,,
1783989072.855,55471000,204,2,255,0,,,,,,,,,,,,,,,,,0.0,0.0,0.0,0.0,3.0,2.450000047683716,0.0,0.0,-2.566350221633911,-1.0678822994232178,0.5391043424606323,1.0,0.9283905029296875,-0.9283905029296875,1.3844101428985596,-1.3844101428985596
1783989072.878,55493000,205,1,0,0,10.0,25.113096237182617,10.0,25.113096237182617,8.490171432495117,25.597461700439453,-0.48436522483825684,30.10507583618164,44.834556579589844,0.0,0.0,0.11309629678726196,1.0,1.0,0.0,-0.7948608994483948,,,,,,,,,,,,,,,,
1783989072.905,55517000,206,1,1,0,10.0,24.887596130371094,10.0,24.887596130371094,9.22998332977295,25.141910552978516,-0.2543136477470398,39.016624450683594,46.74620819091797,0.0,0.0,-0.11240342259407043,1.0,1.0,0.0,1.13711416721344,,,,,,,,,,,,,,,,
1783989072.908,55544000,207,1,2,0,10.0,25.21993064880371,10.0,25.21993064880371,8.853310585021973,25.4306583404541,-0.21072924137115479,41.705413818359375,48.20737075805664,0.0,0.0,0.2199309766292572,1.0,1.0,0.0,-1.1783536672592163,,,,,,,,,,,,,,,,
1783989072.941,55566000,208,1,3,0,10.0,24.77974510192871,10.0,24.77974510192871,8.936373710632324,25.245962142944336,-0.4662171006202698,34.520835876464844,48.802818298339844,0.0,0.0,-0.2202540785074234,1.0,1.0,0.0,0.9735702872276306,,,,,,,,,,,,,,,,
1783989072.959,55581000,209,2,255,0,,,,,,,,,,,,,,,,,0.0,0.0,0.0,0.0,3.0,2.450000047683716,0.0,0.0,-2.5616564750671387,-1.0739784240722656,0.5377534627914429,1.0,0.9216899275779724,-0.9216899275779724,1.3804296255111694,-1.3804296255111694
1783989072.979,55597000,210,1,0,0,10.0,25.112001419067383,10.0,25.112001419067383,8.486615180969238,25.599437713623047,-0.4874378442764282,29.897472381591797,44.82785415649414,0.0,0.0,0.11200056225061417,1.0,1.0,0.0,-0.7879365682601929,,,,,,,,,,,,,,,,
1783989073.002,55618000,211,1,1,0,10.0,24.887767791748047,10.0,24.887767791748047,9.230683326721191,25.141742706298828,-0.25397539138793945,39.20021438598633,46.74628829956055,0.0,0.0,-0.11223205924034119,1.0,1.0,0.0,1.1430100202560425,,,,,,,,,,,,,,,,
1783989073.029,55642000,212,1,2,0,10.0,25.221410751342773,10.0,25.221410751342773,8.854408264160156,25.430747985839844,-0.20933747291564941,41.592525482177734,48.21650695800781,0.0,0.0,0.22140991687774658,1.0,1.0,0.0,-1.1743220090866089,,,,,,,,,,,,,,,,
1783989073.032,55668000,213,1,3,0,10.0,24.778722763061523,10.0,24.778722763061523,8.93492317199707,25.24646759033203,-0.46774595975875854,34.662105560302734,48.79595947265625,0.0,0.0,-0.22127807140350342,1.0,1.0,0.0,0.9783886671066284,,,,,,,,,,,,,,,,
1783989073.061,55688000,214,2,255,0,,,,,,,,,,,,,,,,,0.0,0.0,0.0,0.0,3.0,2.450000047683716,0.0,0.0,-2.5481185913085938,-1.0687706470489502,0.5338564515113831,1.0,0.9096536040306091,-0.9096536040306091,1.3617929220199585,-1.3617929220199585
1783989073.076,55699000,215,1,0,0,10.0,25.110567092895508,10.0,25.110567092895508,8.490960121154785,25.598461151123047,-0.48789381980895996,29.847938537597656,44.815818786621094,0.0,0.0,0.11056632548570633,1.0,1.0,0.0,-0.787048876285553,,,,,,,,,,,,,,,,
1783989073.092,55714000,216,1,1,0,10.0,24.89006233215332,10.0,24.89006233215332,9.2303466796875,25.14130401611328,-0.2512425184249878,39.08835220336914,46.7646598815918,0.0,0.0,-0.1099378690123558,1.0,1.0,0.0,1.1393513679504395,,,,,,,,,,,,,,,,
1783989073.113,55731000,217,1,2,0,10.0,25.21617317199707,10.0,25.21617317199707,8.856057167053223,25.43012809753418,-0.2139568328857422,41.570960998535156,48.183067321777344,0.0,0.0,0.21617305278778076,1.0,1.0,0.0,-1.1740671396255493,,,,,,,,,,,,,,,,
1783989073.135,55751000,218,1,3,0,10.0,24.784433364868164,10.0,24.784433364868164,8.938739776611328,25.24512481689453,-0.46069175004959106,34.533687591552734,48.832763671875,0.0,0.0,-0.21556679904460907,1.0,1.0,0.0,0.9740484356880188,,,,,,,,,,,,,,,,
1783989073.161,55774000,219,2,255,0,,,,,,,,,,,,,,,,,0.0,0.0,0.0,0.0,3.0,2.450000047683716,0.0,0.0,-2.5329880714416504,-1.073097825050354,0.5295000672340393,1.0,0.8931270837783813,-0.8931270837783813,1.3442765474319458,-1.3442765474319458
1783989073.162,55800000,220,1,0,0,10.0,25.10822105407715,10.0,25.10822105407715,8.490750312805176,25.595352172851562,-0.48713088035583496,29.867170333862305,44.799293518066406,0.0,0.0,0.10822168737649918,1.0,1.0,0.0,-0.7876509428024292,,,,,,,,,,,,,,,,
1783989073.197,55821000,221,1,1,0,10.0,24.891267776489258,10.0,24.891267776489258,9.23052978515625,25.142187118530273,-0.2509191632270813,39.01926803588867,46.77128601074219,0.0,0.0,-0.10873178392648697,1.0,1.0,0.0,1.1371166706085205,,,,,,,,,,,,,,,,
1783989073.214,55836000,222,1,2,0,10.0,25.217710494995117,10.0,25.217710494995117,8.854057312011719,25.43128776550293,-0.21357834339141846,41.62530517578125,48.1912956237793,0.0,0.0,0.21770957112312317,1.0,1.0,0.0,-1.1760621070861816,,,,,,,,,,,,,,,,
1783989073.232,55852000,223,1,3,0,10.0,24.781972885131836,10.0,24.781972885131836,8.936237335205078,25.245105743408203,-0.4631340503692627,34.67618942260742,48.81821060180664,0.0,0.0,-0.21802738308906555,1.0,1.0,0.0,0.9789162874221802,,,,,,,,,,,,,,,,
1783989073.256,55871000,224,2,255,0,,,,,,,,,,,,,,,,,0.0,0.0,0.0,0.0,3.0,2.450000047683716,0.0,0.0,-2.5463027954101562,-1.075400948524475,0.5333336591720581,1.0,0.9057422876358032,-0.9057422876358032,1.3616055250167847,-1.3616055250167847
1783989073.280,55894000,225,1,0,0,10.0,25.109827041625977,10.0,25.109827041625977,8.489961624145508,25.597949981689453,-0.4881232976913452,29.810697555541992,44.81190872192383,0.0,0.0,0.10982741415500641,1.0,1.0,0.0,-0.785330593585968,,,,,,,,,,,,,,,,
1783989073.282,55919000,226,1,1,0,10.0,24.89016342163086,10.0,24.89016342163086,9.230557441711426,25.1407470703125,-0.2505838871002197,39.12236404418945,46.76420974731445,0.0,0.0,-0.10983628034591675,1.0,1.0,0.0,1.1404706239700317,,,,,,,,,,,,,,,,
1783989073.313,55939000,227,1,2,0,10.0,25.215852737426758,10.0,25.215852737426758,8.855978012084961,25.430158615112305,-0.21430552005767822,41.75862503051758,48.181190490722656,0.0,0.0,0.2158532291650772,1.0,1.0,0.0,-1.1804893016815186,,,,,,,,,,,,,,,,
1783989073.329,55952000,228,1,3,0,10.0,24.784643173217773,10.0,24.784643173217773,8.937151908874512,25.245773315429688,-0.46113133430480957,34.602561950683594,48.8339729309082,0.0,0.0,-0.2153560370206833,1.0,1.0,0.0,0.9758970737457275,,,,,,,,,,,,,,,,
1783989073.345,55967000,229,2,255,0,,,,,,,,,,,,,,,,,0.0,0.0,0.0,0.0,3.0,2.450000047683716,0.0,0.0,-2.5312623977661133,-1.0713478326797485,0.5290031433105469,1.0,0.8919508457183838,-0.8919508457183838,1.3415861129760742,-1.3415861129760742
1783989073.365,55984000,230,1,0,0,10.0,25.108121871948242,10.0,25.108121871948242,8.492023468017578,25.59627914428711,-0.48815906047821045,29.867687225341797,44.798118591308594,0.0,0.0,0.10812192410230637,1.0,1.0,0.0,-0.7879505157470703,,,,,,,,,,,,,,,,
1783989073.387,56004000,231,1,1,0,10.0,24.891830444335938,10.0,24.891830444335938,9.231371879577637,25.141494750976562,-0.2496659755706787,39.204795837402344,46.77684783935547,0.0,0.0,-0.10816939175128937,1.0,1.0,0.0,1.1431443691253662,,,,,,,,,,,,,,,,
1783989073.413,56027000,232,1,2,0,10.0,25.21595001220703,10.0,25.21595001220703,8.853015899658203,25.43113899230957,-0.215187668800354,41.55195617675781,48.18067932128906,0.0,0.0,0.2159496545791626,1.0,1.0,0.0,-1.1734566688537598,,,,,,,,,,,,,,,,
1783989073.415,56053000,233,1,3,0,10.0,24.78311538696289,10.0,24.78311538696289,8.936834335327148,25.246265411376953,-0.4631504416465759,34.59903335571289,48.82526779174805,0.0,0.0,-0.21688373386859894,1.0,1.0,0.0,0.9761079549789429,,,,,,,,,,,,,,,,
1783989073.450,56075000,234,2,255,0,,,,,,,,,,,,,,,,,0.0,0.0,0.0,0.0,3.0,2.450000047683716,0.0,0.0,-2.5560808181762695,-1.077006459236145,0.5361485481262207,1.0,0.91508948802948,-0.91508948802948,1.3743730783462524,-1.3743730783462524
1783989073.467,56089000,235,1,0,0,10.0,25.111021041870117,10.0,25.111021041870117,8.487707138061523,25.599538803100586,-0.48851966857910156,29.956722259521484,44.82125473022461,0.0,0.0,0.1110205128788948,1.0,1.0,0.0,-0.7903595566749573,,,,,,,,,,,,,,,,
1783989073.486,56105000,236,1,1,0,10.0,24.888687133789062,10.0,24.888687133789062,9.230962753295898,25.141080856323242,-0.2523943781852722,38.887611389160156,46.75261688232422,0.0,0.0,-0.11131379753351212,1.0,1.0,0.0,1.1331346035003662,,,,,,,,,,,,,,,,
1783989073.509,56125000,237,1,2,0,10.0,25.220359802246094,10.0,25.220359802246094,8.852901458740234,25.431224822998047,-0.21086633205413818,41.652523040771484,48.209468841552734,0.0,0.0,0.2203591763973236,1.0,1.0,0.0,-1.1763256788253784,,,,,,,,,,,,,,,,
1783989073.535,56148000,238,1,3,0,10.0,24.779888153076172,10.0,24.779888153076172,8.936342239379883,25.24502182006836,-0.46513527631759644,34.69842529296875,48.80360794067383,0.0,0.0,-0.22011201083660126,1.0,1.0,0.0,0.9793922901153564,,,,,,,,,,,,,,,,
1783989073.562,56174000,239,2,255,0,,,,,,,,,,,,,,,,,0.0,0.0,0.0,0.0,3.0,2.450000047683716,0.0,0.0,-2.553138017654419,-1.0724977254867554,0.5353015065193176,1.0,0.9135411977767944,-0.9135411977767944,1.3692551851272583,-1.3692551851272583
1783989073.564,56201000,240,1,0,0,10.0,25.1109619140625,10.0,25.1109619140625,8.491159439086914,25.597984313964844,-0.48702359199523926,29.929061889648438,44.819705963134766,0.0,0.0,0.11096247285604477,1.0,1.0,0.0,-0.7897008657455444,,,,,,,,,,,,,,,,
1783989073.597,56222000,241,1,1,0,10.0,24.88954734802246,10.0,24.88954734802246,9.230741500854492,25.14163589477539,-0.25208890438079834,39.054359436035156,46.758602142333984,0.0,0.0,-0.11045291274785995,1.0,1.0,0.0,1.1383157968521118,,,,,,,,,,,,,,,,
1783989073.615,56236000,242,1,2,0,10.0,25.21980857849121,10.0,25.21980857849121,8.853913307189941,25.43049430847168,-0.210687518119812,41.800662994384766,48.20494842529297,0.0,0.0,0.21980883181095123,1.0,1.0,0.0,-1.1814711093902588,,,,,,,,,,,,,,,,
1783989073.635,56253000,243,1,3,0,10.0,24.77962303161621,10.0,24.77962303161621,8.93667221069336,25.245380401611328,-0.46575814485549927,34.54327392578125,48.80332565307617,0.0,0.0,-0.22037719190120697,1.0,1.0,0.0,0.9747298955917358,,,,,,,,,,,,,,,,
1783989073.657,56274000,244,2,255,0,,,,,,,,,,,,,,,,,0.0,0.0,0.0,0.0,3.0,2.450000047683716,0.0,0.0,-2.562206983566284,-1.083409070968628,0.5379119515419006,1.0,0.9192593097686768,-0.9192593097686768,1.3841116428375244,-1.3841116428375244
1783989073.684,56296000,245,1,0,0,10.0,25.111364364624023,10.0,25.111364364624023,8.485666275024414,25.59979248046875,-0.4884302616119385,30.089401245117188,44.82542419433594,0.0,0.0,0.11136484146118164,1.0,1.0,0.0,-0.7943466901779175,,,,,,,,,,,,,,,,
1783989073.686,56323000,246,1,1,0,10.0,24.888219833374023,10.0,24.888219833374023,9.230901718139648,25.141191482543945,-0.2529725432395935,39.06250762939453,46.74710464477539,0.0,0.0,-0.11178013682365417,1.0,1.0,0.0,1.1391640901565552,,,,,,,,,,,,,,,,
1783989073.720,56344000,247,1,2,0,10.0,25.223569869995117,10.0,25.223569869995117,8.850557327270508,25.432092666625977,-0.20852386951446533,41.90092468261719,48.228946685791016,0.0,0.0,0.22356989979743958,1.0,1.0,0.0,-1.1839854717254639,,,,,,,,,,,,,,,,
1783989073.738,56359000,248,1,3,0,10.0,24.776500701904297,10.0,24.776500701904297,8.93649959564209,25.244491577148438,-0.46799182891845703,34.449832916259766,48.78309631347656,0.0,0.0,-0.22349883615970612,1.0,1.0,0.0,0.9721284508705139,,,,,,,,,,,,,,,,
1783989073.756,56376000,249,2,255,0,,,,,,,,,,,,,,,,,0.0,0.0,0.0,0.0,3.0,2.450000047683716,0.0,0.0,-2.569239854812622,-1.0792944431304932,0.5399359464645386,1.0,0.9277023077011108,-0.9277023077011108,1.3916858434677124,-1.3916858434677124
1783989073.780,56395000,250,1,0,0,10.0,25.112627029418945,10.0,25.112627029418945,8.487753868103027,25.59956932067871,-0.4869431257247925,30.057878494262695,44.83386993408203,0.0,0.0,0.11262651532888412,1.0,1.0,0.0,-0.7933505177497864,,,,,,,,,,,,,,,,
1783989073.806,56418000,251,1,1,0,10.0,24.887680053710938,10.0,24.887680053710938,9.231053352355957,25.141000747680664,-0.25332123041152954,38.77251434326172,46.744388580322266,0.0,0.0,-0.11232075840234756,1.0,1.0,0.0,1.1296370029449463,,,,,,,,,,,,,,,,
1783989073.808,56445000,252,1,2,0,10.0,25.221853256225586,10.0,25.221853256225586,8.853989601135254,25.431320190429688,-0.20946860313415527,41.9585075378418,48.21815872192383,0.0,0.0,0.22185274958610535,1.0,1.0,0.0,-1.1867358684539795,,,,,,,,,,,,,,,,
1783989073.841,56466000,253,1,3,0,10.0,24.778396606445312,10.0,24.778396606445312,8.937204360961914,25.24566650390625,-0.4672706127166748,34.603546142578125,48.795799255371094,0.0,0.0,-0.2216036170721054,1.0,1.0,0.0,0.9769830107688904,,,,,,,,,,,,,,,,
1783989073.858,56481000,254,2,255,0,,,,,,,,,,,,,,,,,0.0,0.0,0.0,0.0,3.0,2.450000047683716,0.0,0.0,-2.5635390281677246,-1.0851796865463257,0.538295328617096,1.0,0.9200471043586731,-0.9200471043586731,1.3863537311553955,-1.3863537311553955
1783989073.876,56497000,255,1,0,0,10.0,25.111412048339844,10.0,25.111412048339844,8.487516403198242,25.598711013793945,-0.4873007535934448,30.038400650024414,44.82621383666992,0.0,0.0,0.11141116172075272,1.0,1.0,0.0,-0.7929249405860901,,,,,,,,,,,,,,,,
1783989073.896,56515000,0,1,1,0,10.0,24.888246536254883,10.0,24.888246536254883,9.231736183166504,25.1408748626709,-0.252629816532135,38.82713317871094,46.74679946899414,0.0,0.0,-0.11175376176834106,1.0,1.0,0.0,1.1306840181350708,,,,,,,,,,,,,,,,
1783989073.919,56535000,1,1,2,0,10.0,25.223426818847656,10.0,25.223426818847656,8.850460052490234,25.43216896057129,-0.20874440670013428,42.089447021484375,48.22730255126953,0.0,0.0,0.22342759370803833,1.0,1.0,0.0,-1.190159797668457,,,,,,,,,,,,,,,,
1783989073.946,56558000,2,1,3,0,10.0,24.77613639831543,10.0,24.77613639831543,8.936012268066406,25.24556541442871,-0.46942979097366333,34.313175201416016,48.78158187866211,0.0,0.0,-0.2238631546497345,1.0,1.0,0.0,0.9678530693054199,,,,,,,,,,,,,,,,
1783989073.948,56585000,3,2,255,0,,,,,,,,,,,,,,,,,0.0,0.0,0.0,0.0,3.0,2.450000047683716,0.0,0.0,-2.571927547454834,-1.0847285985946655,0.5407094955444336,1.0,0.928706705570221,-0.928706705570221,1.3968172073364258,-1.3968172073364258
1783989073.980,56606000,4,1,0,0,10.0,25.11197280883789,10.0,25.11197280883789,8.48829460144043,25.599857330322266,-0.48788487911224365,29.90753936767578,44.83005905151367,0.0,0.0,0.11197321116924286,1.0,1.0,0.0,-0.7887555360794067,,,,,,,,,,,,,,,,
1783989073.998,56619000,5,1,1,0,10.0,24.888322830200195,10.0,24.888322830200195,9.2298583984375,25.141048431396484,-0.252726674079895,38.96919631958008,46.74795913696289,0.0,0.0,-0.11167628318071365,1.0,1.0,0.0,1.1354917287826538,,,,,,,,,,,,,,,,
1783989074.015,56636000,6,1,2,0,10.0,25.221784591674805,10.0,25.221784591674805,8.854037284851074,25.43134117126465,-0.20955801010131836,41.86284637451172,48.21708679199219,0.0,0.0,0.22178475558757782,1.0,1.0,0.0,-1.183670163154602,,,,,,,,,,,,,,,,
1783989074.037,56654000,7,1,3,0,10.0,24.77874755859375,10.0,24.77874755859375,8.9373779296875,25.244224548339844,-0.46547651290893555,34.486167907714844,48.7982063293457,0.0,0.0,-0.22125202417373657,1.0,1.0,0.0,0.9727783799171448,,,,,,,,,,,,,,,,
1783989074.059,56675000,8,2,255,0,,,,,,,,,,,,,,,,,0.0,0.0,0.0,0.0,3.0,2.450000047683716,0.0,0.0,-2.5555472373962402,-1.0870239734649658,0.5359950065612793,1.0,0.9113872051239014,-0.9113872051239014,1.3768658638000488,-1.3768658638000488
1783989074.085,56698000,9,1,0,0,10.0,25.110197067260742,10.0,25.110197067260742,8.489540100097656,25.59756851196289,-0.4873722791671753,29.886150360107422,44.81755447387695,0.0,0.0,0.11019696295261383,1.0,1.0,0.0,-0.7880244255065918,,,,,,,,,,,,,,,,
1783989074.088,56725000,10,1,1,0,10.0,24.889917373657227,10.0,24.889917373657227,9.230793952941895,25.141664505004883,-0.2517491579055786,39.01078796386719,46.75858688354492,0.0,0.0,-0.11008179932832718,1.0,1.0,0.0,1.1368495225906372,,,,,,,,,,,,,,,,
1783989074.122,56747000,11,1,2,0,10.0,25.222227096557617,10.0,25.222227096557617,8.851393699645996,25.431793212890625,-0.20956695079803467,41.831687927246094,48.219024658203125,0.0,0.0,0.2222273200750351,1.0,1.0,0.0,-1.1821768283843994,,,,,,,,,,,,,,,,
1783989074.141,56762000,12,1,3,0,10.0,24.777408599853516,10.0,24.777408599853516,8.93604564666748,25.245603561401367,-0.46819597482681274,34.451210021972656,48.79034423828125,0.0,0.0,-0.2225905805826187,1.0,1.0,0.0,0.971849262714386,,,,,,,,,,,,,,,,
1783989074.159,56780000,13,2,255,0,,,,,,,,,,,,,,,,,0.0,0.0,0.0,0.0,3.0,2.450000047683716,0.0,0.0,-2.5658116340637207,-1.0877726078033447,0.5389493703842163,1.0,0.9215269088745117,-0.9215269088745117,1.3900465965270996,-1.3900465965270996
1783989074.181,56798000,14,1,0,0,10.0,25.111522674560547,10.0,25.111522674560547,8.489127159118652,25.599163055419922,-0.48764050006866455,29.98652458190918,44.827693939208984,0.0,0.0,0.1115223690867424,1.0,1.0,0.0,-0.7912892699241638,,,,,,,,,,,,,,,,
1783989074.204,56819000,15,1,1,0,10.0,24.888486862182617,10.0,24.888486862182617,9.231444358825684,25.14008903503418,-0.2516031265258789,39.11534118652344,46.74852752685547,0.0,0.0,-0.11151259392499924,1.0,1.0,0.0,1.1407190561294556,,,,,,,,,,,,,,,,
1783989074.232,56844000,16,1,2,0,10.0,25.22210693359375,10.0,25.22210693359375,8.851452827453613,25.431819915771484,-0.20971298217773438,41.822208404541016,48.218849182128906,0.0,0.0,0.2221069633960724,1.0,1.0,0.0,-1.1810147762298584,,,,,,,,,,,,,,,,
1783989074.234,56870000,17,1,3,0,10.0,24.778440475463867,10.0,24.778440475463867,8.937446594238281,25.24420928955078,-0.46576857566833496,34.53358459472656,48.79640579223633,0.0,0.0,-0.22155995666980743,1.0,1.0,0.0,0.9748014807701111,,,,,,,,,,,,,,,,
1783989074.262,56890000,18,2,255,0,,,,,,,,,,,,,,,,,0.0,0.0,0.0,0.0,3.0,2.450000047683716,0.0,0.0,-2.552098035812378,-1.0856882333755493,0.5350020527839661,1.0,0.9083338379859924,-0.9083338379859924,1.3721082210540771,-1.3721082210540771
1783989074.277,56901000,19,1,0,0,10.0,25.109834671020508,10.0,25.109834671020508,8.49133586883545,25.596595764160156,-0.48676133155822754,29.96483612060547,44.81449890136719,0.0,0.0,0.10983452200889587,1.0,1.0,0.0,-0.7905454635620117,,,,,,,,,,,,,,,,
1783989074.294,56916000,20,1,1,0,10.0,24.890274047851562,10.0,24.890274047851562,9.230012893676758,25.141862869262695,-0.25158822536468506,39.05011749267578,46.76182556152344,0.0,0.0,-0.10972506552934647,1.0,1.0,0.0,1.1381672620773315,,,,,,,,,,,,,,,,
1783989074.313,56933000,21,1,2,0,10.0,25.2202205657959,10.0,25.2202205657959,8.852848052978516,25.43133544921875,-0.21111369132995605,41.81496047973633,48.206180572509766,0.0,0.0,0.22022105753421783,1.0,1.0,0.0,-1.181655764579773,,,,,,,,,,,,,,,,
1783989074.335,56952000,22,1,3,0,10.0,24.779558181762695,10.0,24.779558181762695,8.935513496398926,25.246641159057617,-0.4670828580856323,34.44072723388672,48.80419158935547,0.0,0.0,-0.2204420119524002,1.0,1.0,0.0,0.9711591005325317,,,,,,,,,,,,,,,,
1783989074.359,56974000,23,2,255,0,,,,,,,,,,,,,,,,,0.0,0.0,0.0,0.0,3.0,2.450000047683716,0.0,0.0,-2.5592806339263916,-1.0874580144882202,0.5370696783065796,1.0,0.91501784324646,-0.91501784324646,1.381704568862915,-1.381704568862915
1783989074.386,56998000,24,1,0,0,10.0,25.110666275024414,10.0,25.110666275024414,8.486899375915527,25.599855422973633,-0.4891902208328247,29.8850040435791,44.82118225097656,0.0,0.0,0.11066598445177078,1.0,1.0,0.0,-0.7877567410469055,,,,,,,,,,,,,,,,
1783989074.389,57026000,25,1,1,0,10.0,24.888769149780273,10.0,24.888769149780273,9.230464935302734,25.14092254638672,-0.25215446949005127,39.21833419799805,46.75084686279297,0.0,0.0,-0.11123166233301163,1.0,1.0,0.0,1.1437063217163086,,,,,,,,,,,,,,,,
1783989074.422,57047000,26,1,2,0,10.0,25.221435546875,10.0,25.221435546875,8.852776527404785,25.43135643005371,-0.20992159843444824,42.03354263305664,48.21596145629883,0.0,0.0,0.221435546875,1.0,1.0,0.0,-1.189016580581665,,,,,,,,,,,,,,,,
1783989074.440,57061000,27,1,3,0,10.0,24.778980255126953,10.0,24.778980255126953,8.935249328613281,25.24583625793457,-0.46685636043548584,34.82089614868164,48.79802703857422,0.0,0.0,-0.22102032601833344,1.0,1.0,0.0,0.9847191572189331,,,,,,,,,,,,,,,,
1783989074.458,57078000,28,2,255,0,,,,,,,,,,,,,,,,,0.0,0.0,0.0,0.0,3.0,2.450000047683716,0.0,0.0,-2.557459831237793,-1.0705235004425049,0.53654545545578,1.0,0.9185324311256409,-0.9185324311256409,1.3740572929382324,-1.3740572929382324
1783989074.480,57097000,29,1,0,0,10.0,25.111692428588867,10.0,25.111692428588867,8.490155220031738,25.598773956298828,-0.4870802164077759,29.940143585205078,44.82469940185547,0.0,0.0,0.11169325560331345,1.0,1.0,0.0,-0.7896143198013306,,,,,,,,,,,,,,,,
1783989074.503,57118000,30,1,1,0,10.0,24.888690948486328,10.0,24.888690948486328,9.230605125427246,25.140785217285156,-0.25209635496139526,39.02079772949219,46.75389862060547,0.0,0.0,-0.1113099604845047,1.0,1.0,0.0,1.1371124982833862,,,,,,,,,,,,,,,,
1783989074.530,57142000,31,1,2,0,10.0,25.219005584716797,10.0,25.219005584716797,8.854144096374512,25.431262969970703,-0.21225810050964355,41.78446960449219,48.20111846923828,0.0,0.0,0.21900497376918793,1.0,1.0,0.0,-1.1812958717346191,,,,,,,,,,,,,,,,
1783989074.531,57169000,32,1,3,0,10.0,24.78102684020996,10.0,24.78102684020996,8.935630798339844,25.247642517089844,-0.4666164517402649,34.696495056152344,48.81100845336914,0.0,0.0,-0.21897245943546295,1.0,1.0,0.0,0.9801830053329468,,,,,,,,,,,,,,,,
1783989074.565,57190000,33,2,255,0,,,,,,,,,,,,,,,,,0.0,0.0,0.0,0.0,3.0,2.450000047683716,0.0,0.0,-2.5649049282073975,-1.0771379470825195,0.5386884212493896,1.0,0.9239831566810608,-0.9239831566810608,1.3855258226394653,-1.3855258226394653
1783989074.581,57204000,34,1,0,0,10.0,25.112201690673828,10.0,25.112201690673828,8.487284660339355,25.599252700805664,-0.48705339431762695,29.947921752929688,44.83015060424805,0.0,0.0,0.1122020035982132,1.0,1.0,0.0,-0.7896010875701904,,,,,,,,,,,,,,,,
1783989074.599,57219000,35,1,1,0,10.0,24.887380599975586,10.0,24.887380599975586,9.230987548828125,25.14112091064453,-0.25373995304107666,38.90867233276367,46.742401123046875,0.0,0.0,-0.11261951923370361,1.0,1.0,0.0,1.133851170539856,,,,,,,,,,,,,,,,
1783989074.622,57238000,36,1,2,0,10.0,25.223196029663086,10.0,25.223196029663086,8.851327896118164,25.43182373046875,-0.20862817764282227,41.73343276977539,48.227352142333984,0.0,0.0,0.22319641709327698,1.0,1.0,0.0,-1.178834319114685,,,,,,,,,,,,,,,,
1783989074.645,57260000,37,1,3,0,10.0,24.776384353637695,10.0,24.776384353637695,8.935587882995605,25.245285034179688,-0.46890079975128174,34.536983489990234,48.78143310546875,0.0,0.0,-0.22361652553081512,1.0,1.0,0.0,0.9748678803443909,,,,,,,,,,,,,,,,
1783989074.669,57283000,38,2,255,0,,,,,,,,,,,,,,,,,0.0,0.0,0.0,0.0,3.0,2.450000047683716,0.0,0.0,-2.573779582977295,-1.071982741355896,0.5412423610687256,1.0,0.9346564412117004,-0.9346564412117004,1.3950995206832886,-1.3950995206832886
1783989074.695,57308000,39,1,0,0,10.0,25.11379623413086,10.0,25.11379623413086,8.487908363342285,25.60045051574707,-0.4866570234298706,30.02170181274414,44.840824127197266,0.0,0.0,0.11379705369472504,1.0,1.0,0.0,-0.792168915271759,,,,,,,,,,,,,,,,
1783989074.697,57334000,40,1,1,0,10.0,24.88648223876953,10.0,24.88648223876953,9.23031997680664,25.13998794555664,-0.25350600481033325,39.15685272216797,46.73716354370117,0.0,0.0,-0.11351702362298965,1.0,1.0,0.0,1.1417789459228516,,,,,,,,,,,,,,,,
1783989074.728,57354000,41,1,2,0,10.0,25.221399307250977,10.0,25.221399307250977,8.854765892028809,25.43020248413086,-0.20880401134490967,41.74502944946289,48.216224670410156,0.0,0.0,0.22139860689640045,1.0,1.0,0.0,-1.178741455078125,,,,,,,,,,,,,,,,
1783989074.744,57367000,42,1,3,0,10.0,24.778730392456055,10.0,24.778730392456055,8.937593460083008,25.245996475219727,-0.46726763248443604,34.350399017333984,48.79667282104492,0.0,0.0,-0.2212696671485901,1.0,1.0,0.0,0.9688023328781128,,,,,,,,,,,,,,,,
1783989074.761,57383000,43,2,255,0,,,,,,,,,,,,,,,,,0.0,0.0,0.0,0.0,3.0,2.450000047683716,0.0,0.0,-2.5619349479675293,-1.0800704956054688,0.537833571434021,1.0,0.9200416803359985,-0.9200416803359985,1.382710337638855,-1.382710337638855
1783989074.783,57400000,44,1,0,0,10.0,25.11157989501953,10.0,25.11157989501953,8.488622665405273,25.597869873046875,-0.48629045486450195,29.915637969970703,44.82620620727539,0.0,0.0,0.11157950758934021,1.0,1.0,0.0,-0.7890654802322388,,,,,,,,,,,,,,,,
1783989074.807,57421000,45,1,1,0,10.0,24.88823890686035,10.0,24.88823890686035,9.230928421020508,25.14113998413086,-0.2529025077819824,38.957542419433594,46.748008728027344,0.0,0.0,-0.11176170408725739,1.0,1.0,0.0,1.1356717348098755,,,,,,,,,,,,,,,,
1783989074.834,57446000,46,1,2,0,10.0,25.222436904907227,10.0,25.222436904907227,8.851792335510254,25.432126998901367,-0.209692120552063,41.748016357421875,48.221858978271484,0.0,0.0,0.22243632376194,1.0,1.0,0.0,-1.1789780855178833,,,,,,,,,,,,,,,,
1783989074.835,57473000,47,1,3,0,10.0,24.7769775390625,10.0,24.7769775390625,8.936240196228027,25.245010375976562,-0.4680335521697998,34.49059295654297,48.78583526611328,0.0,0.0,-0.2230219691991806,1.0,1.0,0.0,0.9733357429504395,,,,,,,,,,,,,,,,
1783989074.869,57494000,48,2,255,0,,,,,,,,,,,,,,,,,0.0,0.0,0.0,0.0,3.0,2.450000047683716,0.0,0.0,-2.577420949935913,-1.0750892162322998,0.5422901511192322,1.0,0.9373844861984253,-0.9373844861984253,1.400704026222229,-1.400704026222229
1783989074.886,57508000,49,1,0,0,10.0,25.114057540893555,10.0,25.114057540893555,8.48878002166748,25.598848342895508,-0.4847913980484009,30.120147705078125,44.84355163574219,0.0,0.0,0.11405797302722931,1.0,1.0,0.0,-0.7952241897583008,,,,,,,,,,,,,,,,
1783989074.905,57525000,50,1,1,0,10.0,24.886112213134766,10.0,24.886112213134766,9.23124885559082,25.140493392944336,-0.2543821930885315,38.92094039916992,46.733734130859375,0.0,0.0,-0.11388731747865677,1.0,1.0,0.0,1.1348435878753662,,,,,,,,,,,,,,,,
1783989074.929,57545000,51,1,2,0,10.0,25.223094940185547,10.0,25.223094940185547,8.854000091552734,25.430461883544922,-0.20736753940582275,41.935604095458984,48.22732925415039,0.0,0.0,0.22309516370296478,1.0,1.0,0.0,-1.1852164268493652,,,,,,,,,,,,,,,,
1783989074.955,57568000,52,1,3,0,10.0,24.777618408203125,10.0,24.777618408203125,8.937494277954102,25.245094299316406,-0.4674762487411499,34.60261535644531,48.78892135620117,0.0,0.0,-0.22238145768642426,1.0,1.0,0.0,0.9768083691596985,,,,,,,,,,,,,,,,
1783989074.982,57595000,53,2,255,0,,,,,,,,,,,,,,,,,0.0,0.0,0.0,0.0,3.0,2.450000047683716,0.0,0.0,-2.56476092338562,-1.0731240510940552,0.5386469960212708,1.0,0.925110936164856,-0.925110936164856,1.3840705156326294,-1.3840705156326294
1783989074.985,57621000,54,1,0,0,10.0,25.112485885620117,10.0,25.112485885620117,8.489157676696777,25.598155975341797,-0.4856705665588379,29.989974975585938,44.831275939941406,0.0,0.0,0.11248521506786346,1.0,1.0,0.0,-0.7911296486854553,,,,,,,,,,,,,,,,
1783989075.015,57641000,55,1,1,0,10.0,24.88677215576172,10.0,24.88677215576172,9.231339454650879,25.141460418701172,-0.25468766689300537,38.825408935546875,46.737918853759766,0.0,0.0,-0.1132284626364708,1.0,1.0,0.0,1.1314340829849243,,,,,,,,,,,,,,,,
1783989075.031,57654000,56,1,2,0,10.0,25.22400665283203,10.0,25.22400665283203,8.85058879852295,25.432029724121094,-0.20802319049835205,41.87726974487305,48.23249053955078,0.0,0.0,0.22400587797164917,1.0,1.0,0.0,-1.1833192110061646,,,,,,,,,,,,,,,,
1783989075.048,57669000,57,1,3,0,10.0,24.77527618408203,10.0,24.77527618408203,8.935640335083008,25.246173858642578,-0.4708975553512573,34.48283767700195,48.77454376220703,0.0,0.0,-0.2247241735458374,1.0,1.0,0.0,0.9732660055160522,,,,,,,,,,,,,,,,
1783989075.067,57687000,58,2,255,0,,,,,,,,,,,,,,,,,0.0,0.0,0.0,0.0,3.0,2.450000047683716,0.0,0.0,-2.5862607955932617,-1.0771552324295044,0.544833242893219,1.0,0.9457786083221436,-0.9457786083221436,1.4125971794128418,-1.4125971794128418
1783989075.088,57705000,59,1,0,0,10.0,25.115110397338867,10.0,25.115110397338867,8.486257553100586,25.599979400634766,-0.48487186431884766,29.81987953186035,44.85194396972656,0.0,0.0,0.11510953307151794,1.0,1.0,0.0,-0.7851914763450623,,,,,,,,,,,,,,,,
1783989075.089,57728000,60,1,1,0,10.0,24.884624481201172,10.0,24.884624481201172,9.23054027557373,25.140804290771484,-0.2561807632446289,38.993736267089844,46.72193908691406,0.0,0.0,-0.11537563055753708,1.0,1.0,0.0,1.1365665197372437,,,,,,,,,,,,,,,,
1783989075.116,57754000,61,1,2,0,10.0,25.226137161254883,10.0,25.226137161254883,8.852856636047363,25.432607650756836,-0.20647048950195312,41.855751037597656,48.24683380126953,0.0,0.0,0.22613783180713654,1.0,1.0,0.0,-1.1823506355285645,,,,,,,,,,,,,,,,
1783989075.150,57776000,62,1,3,0,10.0,24.77548599243164,10.0,24.77548599243164,8.938286781311035,25.243440628051758,-0.4679545760154724,34.614681243896484,48.774932861328125,0.0,0.0,-0.22451317310333252,1.0,1.0,0.0,0.9775252342224121,,,,,,,,,,,,,,,,
1783989075.167,57789000,63,2,255,0,,,,,,,,,,,,,,,,,0.0,0.0,0.0,0.0,3.0,2.450000047683716,0.0,0.0,-2.5735092163085938,-1.074767827987671,0.5411645770072937,1.0,0.9334925413131714,-0.9334925413131714,1.3956454992294312,-1.3956454992294312
1783989075.184,57805000,64,1,0,0,10.0,25.113548278808594,10.0,25.113548278808594,8.491436958312988,25.59745979309082,-0.48391222953796387,30.106542587280273,44.839656829833984,0.0,0.0,0.11354921758174896,1.0,1.0,0.0,-0.7947914600372314,,,,,,,,,,,,,,,,
1783989075.205,57823000,65,1,1,0,10.0,24.88689422607422,10.0,24.88689422607422,9.23123550415039,25.1406307220459,-0.2537369728088379,39.0924072265625,46.73891830444336,0.0,0.0,-0.11310508102178574,1.0,1.0,0.0,1.1399966478347778,,,,,,,,,,,,,,,,
1783989075.228,57844000,66,1,2,0,10.0,25.223094940185547,10.0,25.223094940185547,8.853947639465332,25.430437088012695,-0.2073436975479126,41.83586883544922,48.22629165649414,0.0,0.0,0.22309499979019165,1.0,1.0,0.0,-1.1821993589401245,,,,,,,,,,,,,,,,
1783989075.254,57867000,67,1,3,0,10.0,24.776729583740234,10.0,24.776729583740234,8.93739128112793,25.245174407958984,-0.4684463143348694,34.58859634399414,48.784732818603516,0.0,0.0,-0.22327058017253876,1.0,1.0,0.0,0.9766146540641785,,,,,,,,,,,,,,,,
1783989075.281,57894000,68,2,255,0,,,,,,,,,,,,,,,,,0.0,0.0,0.0,0.0,3.0,2.450000047683716,0.0,0.0,-2.5720324516296387,-1.0861002206802368,0.5407395958900452,1.0,0.9283764958381653,-0.9283764958381653,1.397386908531189,-1.397386908531189
1783989075.284,57920000,69,1,0,0,10.0,25.112489700317383,10.0,25.112489700317383,8.488368034362793,25.598426818847656,-0.48593878746032715,29.97088623046875,44.83454132080078,0.0,0.0,0.11249035596847534,1.0,1.0,0.0,-0.7902647256851196,,,,,,,,,,,,,,,,
1783989075.315,57941000,70,1,1,0,10.0,24.887039184570312,10.0,24.887039184570312,9.230414390563965,25.14093589782715,-0.25389641523361206,38.98237609863281,46.73857116699219,0.0,0.0,-0.11296173930168152,1.0,1.0,0.0,1.1362310647964478,,,,,,,,,,,,,,,,
1783989075.333,57955000,71,1,2,0,10.0,25.223712921142578,10.0,25.223712921142578,8.851792335510254,25.432126998901367,-0.20841658115386963,41.92308044433594,48.23011016845703,0.0,0.0,0.22371366620063782,1.0,1.0,0.0,-1.18517005443573,,,,,,,,,,,,,,,,
1783989075.351,57971000,72,1,3,0,10.0,24.776670455932617,10.0,24.776670455932617,8.936867713928223,25.243885040283203,-0.4672139883041382,34.46431350708008,48.783756256103516,0.0,0.0,-0.22332924604415894,1.0,1.0,0.0,0.9724705815315247,,,,,,,,,,,,,,,,
1783989075.372,57990000,73,2,255,0,,,,,,,,,,,,,,,,,0.0,0.0,0.0,0.0,3.0,2.450000047683716,0.0,0.0,-2.5656166076660156,-1.074869155883789,0.5388932824134827,1.0,0.9254260063171387,-0.9254260063171387,1.3857035636901855,-1.3857035636901855
1783989075.395,58010000,74,1,0,0,10.0,25.112468719482422,10.0,25.112468719482422,8.489838600158691,25.599252700805664,-0.4867851734161377,29.839357376098633,44.83159255981445,0.0,0.0,0.11246953159570694,1.0,1.0,0.0,-0.7861930131912231,,,,,,,,,,,,,,,,
1783989075.422,58034000,75,1,1,0,10.0,24.887929916381836,10.0,24.887929916381836,9.231379508972168,25.140459060668945,-0.25252848863601685,38.82772445678711,46.747310638427734,0.0,0.0,-0.11206931620836258,1.0,1.0,0.0,1.13106107711792,,,,,,,,,,,,,,,,
1783989075.424,58061000,76,1,2,0,10.0,25.220674514770508,10.0,25.220674514770508,8.855033874511719,25.430530548095703,-0.2098560333251953,41.92499542236328,48.211334228515625,0.0,0.0,0.22067390382289886,1.0,1.0,0.0,-1.1859432458877563,,,,,,,,,,,,,,,,
1783989075.457,58082000,77,1,3,0,10.0,24.779083251953125,10.0,24.779083251953125,8.93704891204834,25.24477195739746,-0.46568959951400757,34.55740737915039,48.79945755004883,0.0,0.0,-0.2209174484014511,1.0,1.0,0.0,0.9752076268196106,,,,,,,,,,,,,,,,
1783989075.474,58096000,78,2,255,0,,,,,,,,,,,,,,,,,0.0,0.0,0.0,0.0,3.0,2.450000047683716,0.0,0.0,-2.561816692352295,-1.0801265239715576,0.5377995371818542,1.0,0.9199042916297913,-0.9199042916297913,1.3825793266296387,-1.3825793266296387
1783989075.493,58112000,79,1,0,0,10.0,25.11155891418457,10.0,25.11155891418457,8.48834228515625,25.59848976135254,-0.4869312047958374,30.01565933227539,44.82606887817383,0.0,0.0,0.11155933141708374,1.0,1.0,0.0,-0.7919981479644775,,,,,,,,,,,,,,,,
1783989075.516,58132000,80,1,1,0,10.0,24.888248443603516,10.0,24.888248443603516,9.230406761169434,25.142187118530273,-0.2539396286010742,38.98773956298828,46.748207092285156,0.0,0.0,-0.1117510125041008,1.0,1.0,0.0,1.1364445686340332,,,,,,,,,,,,,,,,
1783989075.541,58155000,81,1,2,0,10.0,25.221969604492188,10.0,25.221969604492188,8.851523399353027,25.432649612426758,-0.21068155765533447,41.627071380615234,48.21898651123047,0.0,0.0,0.22197040915489197,1.0,1.0,0.0,-1.1753647327423096,,,,,,,,,,,,,,,,
1783989075.568,58180000,82,1,3,0,10.0,24.777925491333008,10.0,24.777925491333008,8.935545921325684,25.245254516601562,-0.4673302173614502,34.45953369140625,48.7920036315918,0.0,0.0,-0.22207404673099518,1.0,1.0,0.0,0.9720324873924255,,,,,,,,,,,,,,,,
1783989075.570,58207000,83,2,255,0,,,,,,,,,,,,,,,,,0.0,0.0,0.0,0.0,3.0,2.450000047683716,0.0,0.0,-2.560581684112549,-1.076495885848999,0.5374440550804138,1.0,0.9198033809661865,-0.9198033809661865,1.379873275756836,-1.379873275756836
1783989075.601,58227000,84,1,0,0,10.0,25.11067771911621,10.0,25.11067771911621,8.491093635559082,25.597986221313477,-0.48730969429016113,30.045297622680664,44.81840133666992,0.0,0.0,0.11067762225866318,1.0,1.0,0.0,-0.7935063242912292,,,,,,,,,,,,,,,,
1783989075.617,58240000,85,1,1,0,10.0,24.8897647857666,10.0,24.8897647857666,9.229523658752441,25.141698837280273,-0.2519339323043823,39.17993927001953,46.76070022583008,0.0,0.0,-0.11023430526256561,1.0,1.0,0.0,1.14216947555542,,,,,,,,,,,,,,,,
1783989075.635,58256000,86,1,2,0,10.0,25.218196868896484,10.0,25.218196868896484,8.854915618896484,25.43099594116211,-0.21279752254486084,41.54660415649414,48.19502639770508,0.0,0.0,0.2181977778673172,1.0,1.0,0.0,-1.173958659172058,,,,,,,,,,,,,,,,
1783989075.657,58274000,87,1,3,0,10.0,24.78227424621582,10.0,24.78227424621582,8.936909675598145,25.24625015258789,-0.4639774560928345,34.71208190917969,48.81974792480469,0.0,0.0,-0.21772582828998566,1.0,1.0,0.0,0.9800217151641846,,,,,,,,,,,,,,,,
1783989075.679,58295000,88,2,255,0,,,,,,,,,,,,,,,,,0.0,0.0,0.0,0.0,3.0,2.450000047683716,0.0,0.0,-2.5442922115325928,-1.0790053606033325,0.5327548384666443,1.0,0.902591347694397,-0.902591347694397,1.3602224588394165,-1.3602224588394165
1783989075.706,58318000,89,1,0,0,10.0,25.109289169311523,10.0,25.109289169311523,8.488387107849121,25.598419189453125,-0.4891306161880493,29.93152618408203,44.80875778198242,0.0,0.0,0.10928943008184433,1.0,1.0,0.0,-0.7894940972328186,,,,,,,,,,,,,,,,
1783989075.708,58345000,90,1,1,0,10.0,24.89049530029297,10.0,24.89049530029297,9.230365753173828,25.142255783081055,-0.2517610788345337,39.20783233642578,46.7647819519043,0.0,0.0,-0.10950516909360886,1.0,1.0,0.0,1.143255591392517,,,,,,,,,,,,,,,,
1783989075.743,58367000,91,1,2,0,10.0,25.220640182495117,10.0,25.220640182495117,8.852787017822266,25.431310653686523,-0.21067261695861816,41.747039794921875,48.2095947265625,0.0,0.0,0.22064048051834106,1.0,1.0,0.0,-1.1798419952392578,,,,,,,,,,,,,,,,
1783989075.761,58382000,92,1,3,0,10.0,24.779056549072266,10.0,24.779056549072266,8.935212135314941,25.245893478393555,-0.46683698892593384,34.56742858886719,48.800018310546875,0.0,0.0,-0.22094376385211945,1.0,1.0,0.0,0.9755473732948303,,,,,,,,,,,,,,,,
1783989075.779,58398000,93,2,255,0,,,,,,,,,,,,,,,,,0.0,0.0,0.0,0.0,3.0,2.450000047683716,0.0,0.0,-2.559628486633301,-1.0790910720825195,0.5371697545051575,1.0,0.9180171489715576,-0.9180171489715576,1.3794949054718018,-1.3794949054718018
1783989075.801,58417000,94,1,0,0,10.0,25.11134147644043,10.0,25.11134147644043,8.488912582397461,25.599655151367188,-0.48831403255462646,29.84195899963379,44.82418441772461,0.0,0.0,0.11134200543165207,1.0,1.0,0.0,-0.7868137955665588,,,,,,,,,,,,,,,,
1783989075.826,58439000,95,1,1,0,10.0,24.888601303100586,10.0,24.888601303100586,9.228774070739746,25.141963958740234,-0.2533629536628723,39.12937927246094,46.75150680541992,0.0,0.0,-0.11139964312314987,1.0,1.0,0.0,1.1407153606414795,,,,,,,,,,,,,,,,
1783989075.828,58465000,96,1,2,0,10.0,25.220367431640625,10.0,25.220367431640625,8.85517406463623,25.430477142333984,-0.21010935306549072,41.806941986083984,48.209049224853516,0.0,0.0,0.22036747634410858,1.0,1.0,0.0,-1.1816734075546265,,,,,,,,,,,,,,,,
1783989075.866,58484000,97,1,3,0,10.0,24.78081703186035,10.0,24.78081703186035,8.9367094039917,25.245412826538086,-0.46459734439849854,34.74916076660156,48.81035614013672,0.0,0.0,-0.2191823571920395,1.0,1.0,0.0,0.9814472794532776,,,,,,,,,,,,,,,,
1783989075.887,58505000,98,2,255,0,,,,,,,,,,,,,,,,,0.0,0.0,0.0,0.0,3.0,2.450000047683716,0.0,0.0,-2.550436019897461,-1.0793834924697876,0.534523606300354,1.0,0.9086471199989319,-0.9086471199989319,1.3680357933044434,-1.3680357933044434
1783989075.909,58525000,99,1,0,0,10.0,25.110084533691406,10.0,25.110084533691406,8.489887237548828,25.59787940979004,-0.48779547214508057,29.979961395263672,44.81481170654297,0.0,0.0,0.11008372902870178,1.0,1.0,0.0,-0.7912766337394714,,,,,,,,,,,,,,,,
1783989075.934,58548000,100,1,1,0,10.0,24.889867782592773,10.0,24.889867782592773,9.23001766204834,25.141944885253906,-0.25207847356796265,39.081233978271484,46.76008987426758,0.0,0.0,-0.1101328432559967,1.0,1.0,0.0,1.1391843557357788,,,,,,,,,,,,,,,,
1783989075.961,58573000,101,1,2,0,10.0,25.220293045043945,10.0,25.220293045043945,8.852081298828125,25.43160057067871,-0.21130740642547607,41.71900177001953,48.20750427246094,0.0,0.0,0.22029320895671844,1.0,1.0,0.0,-1.1784452199935913,,,,,,,,,,,,,,,,
1783989075.964,58600000,102,1,3,0,10.0,24.77873992919922,10.0,24.77873992919922,8.93597412109375,25.245628356933594,-0.4668876528739929,34.43653869628906,48.79798889160156,0.0,0.0,-0.22126057744026184,1.0,1.0,0.0,0.9715493321418762,,,,,,,,,,,,,,,,
1783989075.995,58621000,103,2,255,0,,,,,,,,,,,,,,,,,0.0,0.0,0.0,0.0,3.0,2.450000047683716,0.0,0.0,-2.5769176483154297,-1.0787162780761719,0.5421453714370728,1.0,0.9357117414474487,-0.9357117414474487,1.4012244939804077,-1.4012244939804077
1783989076.011,58634000,104,1,0,0,10.0,25.11371421813965,10.0,25.11371421813965,8.487646102905273,25.59964942932129,-0.4859358072280884,30.144495010375977,44.84187698364258,0.0,0.0,0.11371400952339172,1.0,1.0,0.0,-0.7962369918823242,,,,,,,,,,,,,,,,
1783989076.029,58649000,105,1,1,0,10.0,24.885910034179688,10.0,24.885910034179688,9.229920387268066,25.140689849853516,-0.2547815442085266,39.20947265625,46.731319427490234,0.0,0.0,-0.11408961564302444,1.0,1.0,0.0,1.1436359882354736,,,,,,,,,,,,,,,,
1783989076.051,58668000,106,1,2,0,10.0,25.224674224853516,10.0,25.224674224853516,8.852499961853027,25.43187713623047,-0.20720362663269043,41.858863830566406,48.23710250854492,0.0,0.0,0.22467340528964996,1.0,1.0,0.0,-1.1831687688827515,,,,,,,,,,,,,,,,
1783989076.075,58689000,107,1,3,0,10.0,24.775598526000977,10.0,24.775598526000977,8.936012268066406,25.24556541442871,-0.46996772289276123,34.41168212890625,48.77628707885742,0.0,0.0,-0.22440144419670105,1.0,1.0,0.0,0.9709483981132507,,,,,,,,,,,,,,,,
1783989076.101,58714000,108,2,255,0,,,,,,,,,,,,,,,,,0.0,0.0,0.0,0.0,3.0,2.450000047683716,0.0,0.0,-2.5739922523498535,-1.0775798559188843,0.5413035750389099,1.0,0.9330886006355286,-0.9330886006355286,1.3971538543701172,-1.3971538543701172
1783989076.103,58740000,109,1,0,0,10.0,25.113401412963867,10.0,25.113401412963867,8.488605499267578,25.599285125732422,-0.4858851432800293,30.049072265625,44.839256286621094,0.0,0.0,0.1134018823504448,1.0,1.0,0.0,-0.7930206060409546,,,,,,,,,,,,,,,,
1783989076.136,58761000,110,1,1,0,10.0,24.886396408081055,10.0,24.886396408081055,9.230620384216309,25.141769409179688,-0.25537312030792236,39.052215576171875,46.7336540222168,0.0,0.0,-0.11360278725624084,1.0,1.0,0.0,1.1387420892715454,,,,,,,,,,,,,,,,
1783989076.151,58775000,111,1,2,0,10.0,25.225582122802734,10.0,25.225582122802734,8.85202407836914,25.43157958984375,-0.20599663257598877,41.950294494628906,48.24159240722656,0.0,0.0,0.22558273375034332,1.0,1.0,0.0,-1.1856327056884766,,,,,,,,,,,,,,,,
1783989076.168,58789000,112,1,3,0,10.0,24.773876190185547,10.0,24.773876190185547,8.936979293823242,25.244792938232422,-0.4709169268608093,34.136173248291016,48.7667236328125,0.0,0.0,-0.2261236011981964,1.0,1.0,0.0,0.9618822336196899,,,,,,,,,,,,,,,,
1783989076.190,58807000,113,2,255,0,,,,,,,,,,,,,,,,,0.0,0.0,0.0,0.0,3.0,2.450000047683716,0.0,0.0,-2.591648817062378,-1.0841068029403687,0.5463830232620239,1.0,0.949080228805542,-0.949080228805542,1.4217021465301514,-1.4217021465301514
1783989076.214,58828000,114,1,0,0,10.0,25.115318298339844,10.0,25.115318298339844,8.486811637878418,25.598949432373047,-0.48363208770751953,30.05896759033203,44.855247497558594,0.0,0.0,0.11531735956668854,1.0,1.0,0.0,-0.792814314365387,,,,,,,,,,,,,,,,
1783989076.241,58853000,115,1,1,0,10.0,24.88400650024414,10.0,24.88400650024414,9.232294082641602,25.139766693115234,-0.2557605504989624,38.81171417236328,46.715980529785156,0.0,0.0,-0.11599307507276535,1.0,1.0,0.0,1.1311346292495728,,,,,,,,,,,,,,,,
1783989076.244,58881000,116,1,2,0,10.0,25.228450775146484,10.0,25.228450775146484,8.852551460266113,25.431781768798828,-0.2033323049545288,42.039451599121094,48.261138916015625,0.0,0.0,0.22845087945461273,1.0,1.0,0.0,-1.188521146774292,,,,,,,,,,,,,,,,
1783989076.264,58903000,117,1,3,0,10.0,24.772682189941406,10.0,24.772682189941406,8.937592506408691,25.24358558654785,-0.47090500593185425,34.25923538208008,48.7573356628418,0.0,0.0,-0.22731727361679077,1.0,1.0,0.0,0.9655017256736755,,,,,,,,,,,,,,,,
1783989076.297,58918000,118,2,255,0,,,,,,,,,,,,,,,,,0.0,0.0,0.0,0.0,3.0,2.450000047683716,0.0,0.0,-2.5871870517730713,-1.074581503868103,0.5450997352600098,1.0,0.9475564956665039,-0.9475564956665039,1.4129502773284912,-1.4129502773284912
1783989076.318,58936000,119,1,0,0,10.0,25.115432739257812,10.0,25.115432739257812,8.490571022033691,25.599061965942383,-0.48362910747528076,30.02869415283203,44.853721618652344,0.0,0.0,0.11543292552232742,1.0,1.0,0.0,-0.7923534512519836,,,,,,,,,,,,,,,,
1783989076.343,58957000,120,1,1,0,10.0,24.884971618652344,10.0,24.884971618652344,9.233163833618164,25.139019012451172,-0.2540484070777893,39.091426849365234,46.72492980957031,0.0,0.0,-0.11502927541732788,1.0,1.0,0.0,1.14028799533844,,,,,,,,,,,,,,,,
1783989076.370,58982000,121,1,2,0,10.0,25.225126266479492,10.0,25.225126266479492,8.854728698730469,25.43025016784668,-0.2051234245300293,41.908565521240234,48.24007797241211,0.0,0.0,0.22512595355510712,1.0,1.0,0.0,-1.1846959590911865,,,,,,,,,,,,,,,,
1783989076.372,59009000,122,1,3,0,10.0,24.774988174438477,10.0,24.774988174438477,8.937772750854492,25.244564056396484,-0.46957582235336304,34.36176300048828,48.77274703979492,0.0,0.0,-0.22501131892204285,1.0,1.0,0.0,0.9688208699226379,,,,,,,,,,,,,,,,
1783989076.406,59031000,123,2,255,0,,,,,,,,,,,,,,,,,0.0,0.0,0.0,0.0,3.0,2.450000047683716,0.0,0.0,-2.5871825218200684,-1.0847324132919312,0.5450984239578247,1.0,0.9442915916442871,-0.9442915916442871,1.4162042140960693,-1.4162042140960693
1783989076.425,59046000,124,1,0,0,10.0,25.11465835571289,10.0,25.11465835571289,8.48756217956543,25.598743438720703,-0.4840850830078125,30.067852020263672,44.85045623779297,0.0,0.0,0.11465765535831451,1.0,1.0,0.0,-0.7932879328727722,,,,,,,,,,,,,,,,
1783989076.446,59064000,125,1,1,0,10.0,24.885156631469727,10.0,24.885156631469727,9.230977058410645,25.141164779663086,-0.2560079097747803,38.96186065673828,46.723846435546875,0.0,0.0,-0.11484355479478836,1.0,1.0,0.0,1.1356695890426636,,,,,,,,,,,,,,,,
1783989076.470,59085000,126,1,2,0,10.0,25.227214813232422,10.0,25.227214813232422,8.85099983215332,25.432443618774414,-0.205230712890625,42.046844482421875,48.2522087097168,0.0,0.0,0.2272152304649353,1.0,1.0,0.0,-1.1887363195419312,,,,,,,,,,,,,,,,
1783989076.496,59109000,127,1,3,0,10.0,24.772838592529297,10.0,24.772838592529297,8.937350273132324,25.244144439697266,-0.47130584716796875,34.249961853027344,48.759586334228516,0.0,0.0,-0.22716060280799866,1.0,1.0,0.0,0.9657655954360962,,,,,,,,,,,,,,,,
1783989076.499,59136000,128,2,255,0,,,,,,,,,,,,,,,,,0.0,0.0,0.0,0.0,3.0,2.450000047683716,0.0,0.0,-2.586681842803955,-1.0786360502243042,0.5449543595314026,1.0,0.9457354545593262,-0.9457354545593262,1.4136087894439697,-1.4136087894439697
1783989076.533,59158000,129,1,0,0,10.0,25.114227294921875,10.0,25.114227294921875,8.489312171936035,25.599061965942383,-0.4848361015319824,30.10801887512207,44.8454704284668,0.0,0.0,0.11422717571258545,1.0,1.0,0.0,-0.794873833656311,,,,,,,,,,,,,,,,
1783989076.551,59173000,130,1,1,0,10.0,24.88614273071289,10.0,24.88614273071289,9.231024742126465,25.141054153442383,-0.25491267442703247,38.96698760986328,46.73330307006836,0.0,0.0,-0.11385798454284668,1.0,1.0,0.0,1.1359829902648926,,,,,,,,,,,,,,,,
1783989076.571,59190000,131,1,2,0,10.0,25.223560333251953,10.0,25.223560333251953,8.853042602539062,25.432161331176758,-0.20860135555267334,41.863746643066406,48.229923248291016,0.0,0.0,0.2235596626996994,1.0,1.0,0.0,-1.1832311153411865,,,,,,,,,,,,,,,,
1783989076.594,59210000,132,1,3,0,10.0,24.777040481567383,10.0,24.777040481567383,8.937865257263184,25.244491577148438,-0.46745240688323975,34.457359313964844,48.78554916381836,0.0,0.0,-0.22295905649662018,1.0,1.0,0.0,0.9720383882522583,,,,,,,,,,,,,,,,
1783989076.621,59233000,133,2,255,0,,,,,,,,,,,,,,,,,0.0,0.0,0.0,0.0,3.0,2.450000047683716,0.0,0.0,-2.5709502696990967,-1.0757461786270142,0.5404282212257385,1.0,0.9305723905563354,-0.9305723905563354,1.3927193880081177,-1.3927193880081177
1783989076.623,59260000,134,1,0,0,10.0,25.113126754760742,10.0,25.113126754760742,8.487236022949219,25.599224090576172,-0.48609673976898193,30.01102066040039,44.83673858642578,0.0,0.0,0.11312707513570786,1.0,1.0,0.0,-0.7916430830955505,,,,,,,,,,,,,,,,
1783989076.652,59280000,135,1,1,0,10.0,24.88597869873047,10.0,24.88597869873047,9.229625701904297,25.142520904541016,-0.2565428614616394,38.85599899291992,46.732200622558594,0.0,0.0,-0.11402129381895065,1.0,1.0,0.0,1.1320773363113403,,,,,,,,,,,,,,,,
1783989076.667,59292000,136,1,2,0,10.0,25.224672317504883,10.0,25.224672317504883,8.850800514221191,25.432945251464844,-0.2082735300064087,41.84418487548828,48.23725128173828,0.0,0.0,0.22467266023159027,1.0,1.0,0.0,-1.1821388006210327,,,,,,,,,,,,,,,,
1783989076.682,59306000,137,1,3,0,10.0,24.77506446838379,10.0,24.77506446838379,8.936171531677246,25.245121002197266,-0.4700571298599243,34.72386169433594,48.772666931152344,0.0,0.0,-0.22493615746498108,1.0,1.0,0.0,0.9810484051704407,,,,,,,,,,,,,,,,
1783989076.702,59322000,138,2,255,0,,,,,,,,,,,,,,,,,0.0,0.0,0.0,0.0,3.0,2.450000047683716,0.0,0.0,-2.58296799659729,-1.072808027267456,0.5438860058784485,1.0,0.9437938928604126,-0.9437938928604126,1.4070149660110474,-1.4070149660110474
1783989076.724,59341000,139,1,0,0,10.0,25.114990234375,10.0,25.114990234375,8.487231254577637,25.601572036743164,-0.48658251762390137,30.060787200927734,44.84996032714844,0.0,0.0,0.11498969048261642,1.0,1.0,0.0,-0.7933059334754944,,,,,,,,,,,,,,,,
1783989076.750,59363000,140,1,1,0,10.0,24.885116577148438,10.0,24.885116577148438,9.231526374816895,25.140047073364258,-0.2549305558204651,38.91388702392578,46.726688385009766,0.0,0.0,-0.11488411575555801,1.0,1.0,0.0,1.1339442729949951,,,,,,,,,,,,,,,,
1783989076.777,59389000,141,1,2,0,10.0,25.22426986694336,10.0,25.22426986694336,8.853841781616211,25.431840896606445,-0.20757317543029785,41.78001022338867,48.2352409362793,0.0,0.0,0.22426950931549072,1.0,1.0,0.0,-1.180354118347168,,,,,,,,,,,,,,,,
1783989076.780,59417000,142,1,3,0,10.0,24.7763671875,10.0,24.7763671875,8.937387466430664,25.244230270385742,-0.46786367893218994,34.654850006103516,48.78062057495117,0.0,0.0,-0.2236327975988388,1.0,1.0,0.0,0.9785871505737305,,,,,,,,,,,,,,,,
1783989076.815,59439000,143,2,255,0,,,,,,,,,,,,,,,,,0.0,0.0,0.0,0.0,3.0,2.450000047683716,0.0,0.0,-2.571521282196045,-1.077344536781311,0.5405925512313843,1.0,0.9306451082229614,-0.9306451082229614,1.3939508199691772,-1.3939508199691772
1783989076.832,59454000,144,1,0,0,10.0,25.113082885742188,10.0,25.113082885742188,8.488470077514648,25.598358154296875,-0.4852771759033203,29.98575782775879,44.83681106567383,0.0,0.0,0.11308372020721436,1.0,1.0,0.0,-0.7909377217292786,,,,,,,,,,,,,,,,
1783989076.852,59471000,145,1,1,0,10.0,24.886962890625,10.0,24.886962890625,9.23029899597168,25.14141273498535,-0.2544492483139038,39.05237579345703,46.738948822021484,0.0,0.0,-0.11303694546222687,1.0,1.0,0.0,1.1381933689117432,,,,,,,,,,,,,,,,
1783989076.853,59491000,146,1,2,0,10.0,25.223676681518555,10.0,25.223676681518555,8.851625442504883,25.431251525878906,-0.20757615566253662,42.020206451416016,48.230079650878906,0.0,0.0,0.22367726266384125,1.0,1.0,0.0,-1.1878058910369873,,,,,,,,,,,,,,,,
1783989076.898,59513000,147,1,3,0,10.0,24.775920867919922,10.0,24.775920867919922,8.93580436706543,25.246070861816406,-0.47015100717544556,34.430423736572266,48.7791748046875,0.0,0.0,-0.22407829761505127,1.0,1.0,0.0,0.9712173938751221,,,,,,,,,,,,,,,,
1783989076.925,59537000,148,2,255,0,,,,,,,,,,,,,,,,,0.0,0.0,0.0,0.0,3.0,2.450000047683716,0.0,0.0,-2.577549695968628,-1.0787289142608643,0.5423272252082825,1.0,0.9363532066345215,-0.9363532066345215,1.4020302295684814,-1.4020302295684814
1783989076.927,59564000,149,1,0,0,10.0,25.113800048828125,10.0,25.113800048828125,8.486052513122559,25.601499557495117,-0.48770010471343994,29.956241607666016,44.8425178527832,0.0,0.0,0.11379919946193695,1.0,1.0,0.0,-0.7897428274154663,,,,,,,,,,,,,,,,
1783989076.958,59584000,150,1,1,0,10.0,24.885663986206055,10.0,24.885663986206055,9.230792045593262,25.14028549194336,-0.25462210178375244,39.02251434326172,46.730472564697266,0.0,0.0,-0.11433692276477814,1.0,1.0,0.0,1.1374309062957764,,,,,,,,,,,,,,,,
1783989076.974,59597000,151,1,2,0,10.0,25.223464965820312,10.0,25.223464965820312,8.853270530700684,25.431615829467773,-0.20815134048461914,41.90283203125,48.230133056640625,0.0,0.0,0.2234657257795334,1.0,1.0,0.0,-1.184666633605957,,,,,,,,,,,,,,,,
1783989076.993,59613000,152,1,3,0,10.0,24.777267456054688,10.0,24.777267456054688,8.937305450439453,25.244253158569336,-0.4669874906539917,34.65190124511719,48.78608703613281,0.0,0.0,-0.2227325290441513,1.0,1.0,0.0,0.9784917235374451,,,,,,,,,,,,,,,,
1783989077.015,59632000,153,2,255,0,,,,,,,,,,,,,,,,,0.0,0.0,0.0,0.0,3.0,2.450000047683716,0.0,0.0,-2.567026138305664,-1.0690799951553345,0.5392988324165344,1.0,0.9286975860595703,-0.9286975860595703,1.3856427669525146,-1.3856427669525146
1783989077.039,59653000,154,1,0,0,10.0,25.11309814453125,10.0,25.11309814453125,8.490694046020508,25.59765625,-0.48455893993377686,30.03095245361328,44.834861755371094,0.0,0.0,0.11309769004583359,1.0,1.0,0.0,-0.7926257252693176,,,,,,,,,,,,,,,,
1783989077.066,59678000,155,1,1,0,10.0,24.887136459350586,10.0,24.887136459350586,9.229625701904297,25.142520904541016,-0.25538504123687744,39.03556823730469,46.742332458496094,0.0,0.0,-0.11286324262619019,1.0,1.0,0.0,1.1377779245376587,,,,,,,,,,,,,,,,
1783989077.068,59705000,156,1,2,0,10.0,25.22189712524414,10.0,25.22189712524414,8.852907180786133,25.43131446838379,-0.2094179391860962,41.919769287109375,48.2198371887207,0.0,0.0,0.2218969315290451,1.0,1.0,0.0,-1.1850999593734741,,,,,,,,,,,,,,,,
1783989077.101,59726000,157,1,3,0,10.0,24.776607513427734,10.0,24.776607513427734,8.93587875366211,25.245710372924805,-0.46910494565963745,34.71826171875,48.78302001953125,0.0,0.0,-0.2233918011188507,1.0,1.0,0.0,0.9808664917945862,,,,,,,,,,,,,,,,
1783989077.119,59740000,158,2,255,0,,,,,,,,,,,,,,,,,0.0,0.0,0.0,0.0,3.0,2.450000047683716,0.0,0.0,-2.5775139331817627,-1.0756499767303467,0.5423169136047363,1.0,0.937300443649292,-0.937300443649292,1.401001214981079,-1.401001214981079
1783989077.137,59757000,159,1,0,0,10.0,25.114028930664062,10.0,25.114028930664062,8.4871826171875,25.599336624145508,-0.485306978225708,29.986957550048828,44.843467712402344,0.0,0.0,0.11402808874845505,1.0,1.0,0.0,-0.7910128831863403,,,,,,,,,,,,,,,,
1783989077.160,59776000,160,1,1,0,10.0,24.885711669921875,10.0,24.885711669921875,9.229981422424316,25.14191246032715,-0.2562016248703003,38.8109130859375,46.73068618774414,0.0,0.0,-0.11428796499967575,1.0,1.0,0.0,1.1308374404907227,,,,,,,,,,,,,,,,
1783989077.183,59798000,161,1,2,0,10.0,25.224145889282227,10.0,25.224145889282227,8.849959373474121,25.433237075805664,-0.20909011363983154,41.88212203979492,48.234500885009766,0.0,0.0,0.22414538264274597,1.0,1.0,0.0,-1.1838080883026123,,,,,,,,,,,,,,,,
1783989077.210,59822000,162,1,3,0,10.0,24.776264190673828,10.0,24.776264190673828,8.935479164123535,25.24537467956543,-0.469110906124115,34.746456146240234,48.77947998046875,0.0,0.0,-0.2237364947795868,1.0,1.0,0.0,0.9814979434013367,,,,,,,,,,,,,,,,
1783989077.212,59848000,163,2,255,0,,,,,,,,,,,,,,,,,0.0,0.0,0.0,0.0,3.0,2.450000047683716,0.0,0.0,-2.5709619522094727,-1.0670379400253296,0.5404316186904907,1.0,0.9333571791648865,-0.9333571791648865,1.3899617195129395,-1.3899617195129395
1783989077.245,59870000,164,1,0,0,10.0,25.11285400390625,10.0,25.11285400390625,8.488609313964844,25.599279403686523,-0.48642754554748535,29.90536117553711,44.83296585083008,0.0,0.0,0.11285421997308731,1.0,1.0,0.0,-0.7886141538619995,,,,,,,,,,,,,,,,
1783989077.262,59884000,165,1,1,0,10.0,24.887479782104492,10.0,24.887479782104492,9.232014656066895,25.14030647277832,-0.2528265118598938,39.02307891845703,46.74488067626953,0.0,0.0,-0.11251935362815857,1.0,1.0,0.0,1.1377520561218262,,,,,,,,,,,,,,,,
1783989077.280,59900000,166,1,2,0,10.0,25.221040725708008,10.0,25.221040725708008,8.853680610656738,25.431049346923828,-0.21000802516937256,41.777183532714844,48.21435546875,0.0,0.0,0.22104063630104065,1.0,1.0,0.0,-1.180543303489685,,,,,,,,,,,,,,,,
1783989077.304,59919000,167,1,3,0,10.0,24.778825759887695,10.0,24.778825759887695,8.937396049499512,25.24517822265625,-0.4663527011871338,34.736610412597656,48.79663848876953,0.0,0.0,-0.22117438912391663,1.0,1.0,0.0,0.9811237454414368,,,,,,,,,,,,,,,,
1783989077.329,59942000,168,2,255,0,,,,,,,,,,,,,,,,,0.0,0.0,0.0,0.0,3.0,2.450000047683716,0.0,0.0,-2.5685815811157227,-1.0743992328643799,0.5397465825080872,1.0,0.9285897612571716,-0.9285897612571716,1.389297366142273,-1.389297366142273
1783989077.331,59968000,169,1,0,0,10.0,25.11290740966797,10.0,25.11290740966797,8.48668384552002,25.599411010742188,-0.48650503158569336,29.82487678527832,44.834754943847656,0.0,0.0,0.11290718615055084,1.0,1.0,0.0,-0.7857428193092346,,,,,,,,,,,,,,,,
1783989077.361,59988000,170,1,1,0,10.0,24.885940551757812,10.0,24.885940551757812,9.230610847473145,25.14077377319336,-0.2548336982727051,38.90178298950195,46.732757568359375,0.0,0.0,-0.11405941098928452,1.0,1.0,0.0,1.1337443590164185,,,,,,,,,,,,,,,,
1783989077.378,60000000,171,1,2,0,10.0,25.22388458251953,10.0,25.22388458251953,8.850749969482422,25.432910919189453,-0.20902752876281738,41.83629608154297,48.23289489746094,0.0,0.0,0.22388529777526855,1.0,1.0,0.0,-1.1821963787078857,,,,,,,,,,,,,,,,
1783989077.395,60016000,172,1,3,0,10.0,24.77600860595703,10.0,24.77600860595703,8.935783386230469,25.244792938232422,-0.4687845706939697,34.543819427490234,48.77787399291992,0.0,0.0,-0.2239919900894165,1.0,1.0,0.0,0.9749522805213928,,,,,,,,,,,,,,,,
1783989077.417,60034000,173,2,255,0,,,,,,,,,,,,,,,,,0.0,0.0,0.0,0.0,3.0,2.450000047683716,0.0,0.0,-2.577491044998169,-1.066815733909607,0.5423102974891663,1.0,0.9400995373725891,-0.9400995373725891,1.3981494903564453,-1.3981494903564453
1783989077.417,60055000,174,1,0,0,10.0,25.114696502685547,10.0,25.114696502685547,8.488679885864258,25.60019874572754,-0.485500693321228,30.116199493408203,44.84626388549805,0.0,0.0,0.11469568312168121,1.0,1.0,0.0,-0.7952404022216797,,,,,,,,,,,,,,,,
1783989077.466,60079000,175,1,1,0,10.0,24.885574340820312,10.0,24.885574340820312,9.230664253234863,25.140663146972656,-0.25508999824523926,38.58067321777344,46.731773376464844,0.0,0.0,-0.11442475020885468,1.0,1.0,0.0,1.1230212450027466,,,,,,,,,,,,,,,,
1783989077.469,60105000,176,1,2,0,10.0,25.222341537475586,10.0,25.222341537475586,8.852415084838867,25.4323787689209,-0.21003782749176025,41.734676361083984,48.22383117675781,0.0,0.0,0.22234155237674713,1.0,1.0,0.0,-1.1789765357971191,,,,,,,,,,,,,,,,
1783989077.501,60127000,177,1,3,0,10.0,24.778358459472656,10.0,24.778358459472656,8.937352180480957,25.245141983032227,-0.466783344745636,34.6327018737793,48.793155670166016,0.0,0.0,-0.22164112329483032,1.0,1.0,0.0,0.9779152274131775,,,,,,,,,,,,,,,,
1783989077.519,60141000,178,2,255,0,,,,,,,,,,,,,,,,,0.0,0.0,0.0,0.0,3.0,2.450000047683716,0.0,0.0,-2.567657709121704,-1.0730206966400146,0.5394806861877441,1.0,0.9280881881713867,-0.9280881881713867,1.3876924514770508,-1.3876924514770508
1783989077.537,60157000,179,1,0,0,10.0,25.112886428833008,10.0,25.112886428833008,8.48861026763916,25.59787940979004,-0.4849940538406372,30.090120315551758,44.83425521850586,0.0,0.0,0.11288589984178543,1.0,1.0,0.0,-0.7945139408111572,,,,,,,,,,,,,,,,
1783989077.560,60176000,180,1,1,0,10.0,24.886932373046875,10.0,24.886932373046875,9.230793952941895,25.14165687561035,-0.25472491979599,38.86466598510742,46.73957443237305,0.0,0.0,-0.11306694149971008,1.0,1.0,0.0,1.1321208477020264,,,,,,,,,,,,,,,,
1783989077.585,60198000,181,1,2,0,10.0,25.22345542907715,10.0,25.22345542907715,8.852527618408203,25.43182945251465,-0.20837485790252686,41.769798278808594,48.22911834716797,0.0,0.0,0.22345559298992157,1.0,1.0,0.0,-1.1802053451538086,,,,,,,,,,,,,,,,
1783989077.611,60224000,182,1,3,0,10.0,24.775962829589844,10.0,24.775962829589844,8.937239646911621,25.244272232055664,-0.468309223651886,34.4963264465332,48.77888488769531,0.0,0.0,-0.22403746843338013,1.0,1.0,0.0,0.973451554775238,,,,,,,,,,,,,,,,
1783989077.613,60250000,183,2,255,0,,,,,,,,,,,,,,,,,0.0,0.0,0.0,0.0,3.0,2.450000047683716,0.0,0.0,-2.5792107582092285,-1.0757704973220825,0.5428050756454468,1.0,0.9389969706535339,-0.9389969706535339,1.403192162513733,-1.403192162513733
1783989077.644,60270000,184,1,0,0,10.0,25.113910675048828,10.0,25.113910675048828,8.488212585449219,25.599891662597656,-0.4859805107116699,30.03404426574707,44.84282302856445,0.0,0.0,0.11390998214483261,1.0,1.0,0.0,-0.7923600673675537,,,,,,,,,,,,,,,,
1783989077.659,60283000,185,1,1,0,10.0,24.886375427246094,10.0,24.886375427246094,9.230944633483887,25.140220642089844,-0.253845751285553,39.02416229248047,46.73490524291992,0.0,0.0,-0.11362442374229431,1.0,1.0,0.0,1.1373875141143799,,,,,,,,,,,,,,,,
1783989077.675,60298000,186,1,2,0,10.0,25.22356414794922,10.0,25.22356414794922,8.854042053222656,25.43134117126465,-0.20777881145477295,41.937557220458984,48.22963333129883,0.0,0.0,0.2235639989376068,1.0,1.0,0.0,-1.185572862625122,,,,,,,,,,,,,,,,
1783989077.696,60314000,187,1,3,0,10.0,24.776763916015625,10.0,24.776763916015625,8.937799453735352,25.2445125579834,-0.4677504301071167,34.558929443359375,48.78437423706055,0.0,0.0,-0.2232363522052765,1.0,1.0,0.0,0.9757293462753296,,,,,,,,,,,,,,,,
1783989077.719,60334000,188,2,255,0,,,,,,,,,,,,,,,,,0.0,0.0,0.0,0.0,3.0,2.450000047683716,0.0,0.0,-2.5678582191467285,-1.0812411308288574,0.5395383238792419,1.0,0.9256787896156311,-0.9256787896156311,1.3905582427978516,-1.3905582427978516
1783989077.746,60358000,189,1,0,0,10.0,25.11229133605957,10.0,25.11229133605957,8.49035358428955,25.59735107421875,-0.48505961894989014,29.942584991455078,44.831844329833984,0.0,0.0,0.11229218542575836,1.0,1.0,0.0,-0.7894427180290222,,,,,,,,,,,,,,,,
1783989077.748,60385000,190,1,1,0,10.0,24.887910842895508,10.0,24.887910842895508,9.230001449584961,25.141996383666992,-0.2540856599807739,39.10853958129883,46.74490737915039,0.0,0.0,-0.11208855360746384,1.0,1.0,0.0,1.1400322914123535,,,,,,,,,,,,,,,,
1783989077.780,60405000,191,1,2,0,10.0,25.224454879760742,10.0,25.224454879760742,8.852660179138184,25.431446075439453,-0.2069920301437378,42.086891174316406,48.2337646484375,0.0,0.0,0.22445575892925262,1.0,1.0,0.0,-1.1916532516479492,,,,,,,,,,,,,,,,
1783989077.797,60419000,192,1,3,0,10.0,24.774919509887695,10.0,24.774919509887695,8.936819076538086,25.243993759155273,-0.46907514333724976,34.16667175292969,48.774112701416016,0.0,0.0,-0.22508051991462708,1.0,1.0,0.0,0.9625257849693298,,,,,,,,,,,,,,,,
1783989077.815,60435000,193,2,255,0,,,,,,,,,,,,,,,,,0.0,0.0,0.0,0.0,3.0,2.450000047683716,0.0,0.0,-2.581556558609009,-1.0886623859405518,0.5434799194335938,1.0,0.9372704029083252,-0.9372704029083252,1.4102983474731445,-1.4102983474731445
1783989077.837,60454000,194,1,0,0,10.0,25.113590240478516,10.0,25.113590240478516,8.485710144042969,25.599817276000977,-0.4862278699874878,29.99422836303711,44.84343719482422,0.0,0.0,0.11359012126922607,1.0,1.0,0.0,-0.7910296320915222,,,,,,,,,,,,,,,,
1783989077.861,60476000,195,1,1,0,10.0,24.886003494262695,10.0,24.886003494262695,9.229893684387207,25.141090393066406,-0.2550870180130005,39.06571960449219,46.72967529296875,0.0,0.0,-0.11399699002504349,1.0,1.0,0.0,1.1384047269821167,,,,,,,,,,,,,,,,
1783989077.888,60500000,196,1,2,0,10.0,25.226444244384766,10.0,25.226444244384766,8.852911949157715,25.43216323852539,-0.2057194709777832,41.98381423950195,48.24695587158203,0.0,0.0,0.22644329071044922,1.0,1.0,0.0,-1.187928557395935,,,,,,,,,,,,,,,,
1783989077.890,60527000,197,1,3,0,10.0,24.773712158203125,10.0,24.773712158203125,8.938087463378906,25.243837356567383,-0.470125675201416,34.214324951171875,48.76573944091797,0.0,0.0,-0.22628720104694366,1.0,1.0,0.0,0.9646921753883362,,,,,,,,,,,,,,,,
1783989077.923,60548000,198,2,255,0,,,,,,,,,,,,,,,,,0.0,0.0,0.0,0.0,3.0,2.450000047683716,0.0,0.0,-2.575366497039795,-1.087449550628662,0.5416989922523499,1.0,0.9313408136367798,-0.9313408136367798,1.402044653892517,-1.402044653892517
1783989077.939,60561000,199,1,0,0,10.0,25.11284065246582,10.0,25.11284065246582,8.4913911819458,25.59742546081543,-0.4845857620239258,30.001102447509766,44.83750534057617,0.0,0.0,0.1128404513001442,1.0,1.0,0.0,-0.791946530342102,,,,,,,,,,,,,,,,
1783989077.956,60577000,200,1,1,0,10.0,24.887557983398438,10.0,24.887557983398438,9.231771469116211,25.14082145690918,-0.2532646059989929,38.941680908203125,46.74074172973633,0.0,0.0,-0.11244121938943863,1.0,1.0,0.0,1.1348810195922852,,,,,,,,,,,,,,,,
1783989077.977,60595000,201,1,2,0,10.0,25.224409103393555,10.0,25.224409103393555,8.853643417358398,25.431018829345703,-0.2066105604171753,41.973331451416016,48.232818603515625,0.0,0.0,0.22440983355045319,1.0,1.0,0.0,-1.186820387840271,,,,,,,,,,,,,,,,
1783989077.978,60616000,202,1,3,0,10.0,24.775312423706055,10.0,24.775312423706055,8.93669605255127,25.245336532592773,-0.47002434730529785,34.473819732666016,48.77749252319336,0.0,0.0,-0.2246883362531662,1.0,1.0,0.0,0.9728721380233765,,,,,,,,,,,,,,,,
1783989078.028,60640000,203,2,255,0,,,,,,,,,,,,,,,,,0.0,0.0,0.0,0.0,3.0,2.450000047683716,0.0,0.0,-2.5775489807128906,-1.0970264673233032,0.5423269867897034,1.0,0.93050616979599,-0.93050616979599,1.407875657081604,-1.407875657081604
1783989078.030,60667000,204,1,0,0,10.0,25.112409591674805,10.0,25.112409591674805,8.487211227416992,25.59928321838379,-0.4868745803833008,29.924144744873047,44.836673736572266,0.0,0.0,0.11240982264280319,1.0,1.0,0.0,-0.7893903851509094,,,,,,,,,,,,,,,,
1783989078.061,60687000,205,1,1,0,10.0,24.886184692382812,10.0,24.886184692382812,9.231035232543945,25.141048431396484,-0.25486499071121216,38.80631637573242,46.7287483215332,0.0,0.0,-0.11381508409976959,1.0,1.0,0.0,1.1306824684143066,,,,,,,,,,,,,,,,
1783989078.077,60700000,206,1,2,0,10.0,25.227712631225586,10.0,25.227712631225586,8.8514986038208,25.432697296142578,-0.2049863338470459,41.76595687866211,48.25384521484375,0.0,0.0,0.2277117520570755,1.0,1.0,0.0,-1.178815484046936,,,,,,,,,,,,,,,,
1783989078.094,60715000,207,1,3,0,10.0,24.772506713867188,10.0,24.772506713867188,8.938220024108887,25.242460250854492,-0.46995431184768677,34.11438751220703,48.758663177490234,0.0,0.0,-0.22749271988868713,1.0,1.0,0.0,0.9611055254936218,,,,,,,,,,,,,,,,
1783989078.116,60733000,208,2,255,0,,,,,,,,,,,,,,,,,0.0,0.0,0.0,0.0,3.0,2.450000047683716,0.0,0.0,-2.586641311645508,-1.081717848777771,0.5449426770210266,1.0,0.9447043538093567,-0.9447043538093567,1.4145464897155762,-1.4145464897155762
1783989078.140,60754000,209,1,0,0,10.0,25.11481285095215,10.0,25.11481285095215,8.489544868469238,25.598508834838867,-0.4836946725845337,30.096410751342773,44.85087203979492,0.0,0.0,0.11481359601020813,1.0,1.0,0.0,-0.7943192720413208,,,,,,,,,,,,,,,,
1783989078.167,60779000,210,1,1,0,10.0,24.885160446166992,10.0,24.885160446166992,9.231572151184082,25.13999366760254,-0.2548336982727051,38.88204574584961,46.725486755371094,0.0,0.0,-0.11483967304229736,1.0,1.0,0.0,1.133164405822754,,,,,,,,,,,,,,,,
1783989078.169,60806000,211,1,2,0,10.0,25.225391387939453,10.0,25.225391387939453,8.856950759887695,25.429397583007812,-0.20400583744049072,41.78980255126953,48.241825103759766,0.0,0.0,0.22539158165454865,1.0,1.0,0.0,-1.180354118347168,,,,,,,,,,,,,,,,
1783989078.202,60827000,212,1,3,0,10.0,24.774898529052734,10.0,24.774898529052734,8.938469886779785,25.24431037902832,-0.4694119095802307,34.66395568847656,48.771446228027344,0.0,0.0,-0.2251022309064865,1.0,1.0,0.0,0.9793397784233093,,,,,,,,,,,,,,,,
1783989078.220,60841000,213,2,255,0,,,,,,,,,,,,,,,,,0.0,0.0,0.0,0.0,3.0,2.450000047683716,0.0,0.0,-2.5858232975006104,-1.074676275253296,0.5447074174880981,1.0,0.9461250901222229,-0.9461250901222229,1.4112447500228882,-1.4112447500228882
1783989078.239,60858000,214,1,0,0,10.0,25.115238189697266,10.0,25.115238189697266,8.48825454711914,25.599817276000977,-0.48457980155944824,30.1340389251709,44.852291107177734,0.0,0.0,0.11523862928152084,1.0,1.0,0.0,-0.7954708933830261,,,,,,,,,,,,,,,,
1783989078.262,60878000,215,1,1,0,10.0,24.88448143005371,10.0,24.88448143005371,9.231241226196289,25.140634536743164,-0.25615394115448,38.92285919189453,46.72120666503906,0.0,0.0,-0.11551765352487564,1.0,1.0,0.0,1.1346110105514526,,,,,,,,,,,,,,,,
1783989078.287,60901000,216,1,2,0,10.0,25.22684097290039,10.0,25.22684097290039,8.850459098815918,25.433486938476562,-0.20664632320404053,41.884788513183594,48.25130081176758,0.0,0.0,0.22684043645858765,1.0,1.0,0.0,-1.1832281351089478,,,,,,,,,,,,,,,,
1783989078.289,60927000,217,1,3,0,10.0,24.77288246154785,10.0,24.77288246154785,8.936203002929688,25.245071411132812,-0.47218799591064453,34.47582244873047,48.758460998535156,0.0,0.0,-0.2271183729171753,1.0,1.0,0.0,0.9735329151153564,,,,,,,,,,,,,,,,
1783989078.323,60948000,218,2,255,0,,,,,,,,,,,,,,,,,0.0,0.0,0.0,0.0,3.0,2.450000047683716,0.0,0.0,-2.593219518661499,-1.0681259632110596,0.5468348264694214,1.0,0.9558448791503906,-0.9558448791503906,1.41856050491333,-1.41856050491333
1783989078.341,60962000,219,1,0,0,10.0,25.116756439208984,10.0,25.116756439208984,8.487523078918457,25.60105323791504,-0.48429667949676514,30.31490707397461,44.86201095581055,0.0,0.0,0.11675640195608139,1.0,1.0,0.0,-0.8007742166519165,,,,,,,,,,,,,,,,
1783989078.358,60979000,220,1,1,0,10.0,24.883686065673828,10.0,24.883686065673828,9.229878425598145,25.1409969329834,-0.25731176137924194,38.72065353393555,46.71696090698242,0.0,0.0,-0.11631393432617188,1.0,1.0,0.0,1.127703070640564,,,,,,,,,,,,,,,,
1783989078.380,60997000,221,1,2,0,10.0,25.225345611572266,10.0,25.225345611572266,8.852300643920898,25.43238067626953,-0.20703673362731934,41.86095428466797,48.24287796020508,0.0,0.0,0.22534561157226562,1.0,1.0,0.0,-1.182803988456726,,,,,,,,,,,,,,,,
1783989078.404,61018000,222,1,3,0,10.0,24.775413513183594,10.0,24.775413513183594,8.935781478881836,25.246126174926758,-0.4707127809524536,34.42936706542969,48.77379608154297,0.0,0.0,-0.22458568215370178,1.0,1.0,0.0,0.9711984395980835,,,,,,,,,,,,,,,,
1783989078.430,61043000,223,2,255,0,,,,,,,,,,,,,,,,,0.0,0.0,0.0,0.0,3.0,2.450000047683716,0.0,0.0,-2.577455759048462,-1.0710114240646362,0.5423001050949097,1.0,0.9387229084968567,-0.9387229084968567,1.3994451761245728,-1.3994451761245728
1783989078.433,61069000,224,1,0,0,10.0,25.11437225341797,10.0,25.11437225341797,8.487171173095703,25.60064697265625,-0.4862755537033081,30.145471572875977,44.84489059448242,0.0,0.0,0.11437229067087173,1.0,1.0,0.0,-0.7956826090812683,,,,,,,,,,,,,,,,
1783989078.465,61091000,225,1,1,0,10.0,24.885568618774414,10.0,24.885568618774414,9.231099128723145,25.141033172607422,-0.2554655075073242,38.85994338989258,46.72940444946289,0.0,0.0,-0.1144305095076561,1.0,1.0,0.0,1.1322940587997437,,,,,,,,,,,,,,,,
1783989078.483,61105000,226,1,2,0,10.0,25.225082397460938,10.0,25.225082397460938,8.850921630859375,25.43238067626953,-0.20729899406433105,41.880821228027344,48.23974609375,0.0,0.0,0.2250814586877823,1.0,1.0,0.0,-1.1835285425186157,,,,,,,,,,,,,,,,
1783989078.502,61121000,227,1,3,0,10.0,24.774646759033203,10.0,24.774646759033203,8.936376571655273,25.24496841430664,-0.4703223705291748,34.417449951171875,48.77029800415039,0.0,0.0,-0.22535394132137299,1.0,1.0,0.0,0.970969557762146,,,,,,,,,,,,,,,,
1783989078.526,61141000,228,2,255,0,,,,,,,,,,,,,,,,,0.0,0.0,0.0,0.0,3.0,2.450000047683716,0.0,0.0,-2.582350492477417,-1.0762577056884766,0.543708324432373,1.0,0.9420555830001831,-0.9420555830001831,1.4073354005813599,-1.4073354005813599
1783989078.552,61165000,229,1,0,0,10.0,25.114643096923828,10.0,25.114643096923828,8.486095428466797,25.603775024414062,-0.4891306161880493,30.15191078186035,44.84822082519531,0.0,0.0,0.11464253813028336,1.0,1.0,0.0,-0.7959300875663757,,,,,,,,,,,,,,,,
1783989078.579,61191000,230,1,1,0,10.0,24.885719299316406,10.0,24.885719299316406,9.231532096862793,25.140047073364258,-0.25432854890823364,38.93506622314453,46.730316162109375,0.0,0.0,-0.11428015679121017,1.0,1.0,0.0,1.1347516775131226,,,,,,,,,,,,,,,,
1783989078.580,61218000,231,1,2,0,10.0,25.223735809326172,10.0,25.223735809326172,8.852694511413574,25.431724548339844,-0.20799040794372559,41.72746276855469,48.23123550415039,0.0,0.0,0.22373631596565247,1.0,1.0,0.0,-1.1788712739944458,,,,,,,,,,,,,,,,
1783989078.615,61239000,232,1,3,0,10.0,24.778888702392578,10.0,24.778888702392578,8.93777847290039,25.244552612304688,-0.465664267539978,34.697994232177734,48.7985954284668,0.0,0.0,-0.22111177444458008,1.0,1.0,0.0,0.9797452092170715,,,,,,,,,,,,,,,,
1783989078.632,61254000,233,2,255,0,,,,,,,,,,,,,,,,,0.0,0.0,0.0,0.0,3.0,2.450000047683716,0.0,0.0,-2.552961587905884,-1.0847207307815552,0.5352506637573242,1.0,0.909508466720581,-0.909508466720581,1.3728880882263184,-1.3728880882263184
1783989078.650,61270000,234,1,0,0,10.0,25.110023498535156,10.0,25.110023498535156,8.489151000976562,25.598167419433594,-0.4881441593170166,29.970029830932617,44.815673828125,0.0,0.0,0.11002277582883835,1.0,1.0,0.0,-0.7908002138137817,,,,,,,,,,,,,,,,
1783989078.672,61290000,235,1,1,0,10.0,24.890459060668945,10.0,24.890459060668945,9.230229377746582,25.141433715820312,-0.25097429752349854,39.169612884521484,46.762996673583984,0.0,0.0,-0.10954172909259796,1.0,1.0,0.0,1.142011046409607,,,,,,,,,,,,,,,,
1783989078.697,61312000,236,1,2,0,10.0,25.219947814941406,10.0,25.219947814941406,8.851771354675293,25.432178497314453,-0.21223127841949463,41.816741943359375,48.20412063598633,0.0,0.0,0.21994750201702118,1.0,1.0,0.0,-1.1826581954956055,,,,,,,,,,,,,,,,
1783989078.724,61336000,237,1,3,0,10.0,24.779706954956055,10.0,24.779706954956055,8.935282707214355,25.246858596801758,-0.4671528935432434,34.759315490722656,48.80568313598633,0.0,0.0,-0.22029279172420502,1.0,1.0,0.0,0.9816201329231262,,,,,,,,,,,,,,,,
1783989078.726,61363000,238,2,255,0,,,,,,,,,,,,,,,,,0.0,0.0,0.0,0.0,3.0,2.450000047683716,0.0,0.0,-2.555530309677124,-1.092529535293579,0.5359901189804077,1.0,0.909631609916687,-0.909631609916687,1.3785830736160278,-1.3785830736160278
1783989078.758,61384000,239,1,0,0,10.0,25.11011505126953,10.0,25.11011505126953,8.487607955932617,25.59868049621582,-0.4885673522949219,29.902576446533203,44.81734848022461,0.0,0.0,0.11011536419391632,1.0,1.0,0.0,-0.788221538066864,,,,,,,,,,,,,,,,
1783989078.776,61397000,240,1,1,0,10.0,24.88981819152832,10.0,24.88981819152832,9.22945785522461,25.141719818115234,-0.25190114974975586,39.194854736328125,46.75825500488281,0.0,0.0,-0.11018263548612595,1.0,1.0,0.0,1.142860770225525,,,,,,,,,,,,,,,,
1783989078.793,61413000,241,1,2,0,10.0,25.220455169677734,10.0,25.220455169677734,8.852531433105469,25.431915283203125,-0.2114623785018921,41.795310974121094,48.20819854736328,0.0,0.0,0.22045497596263885,1.0,1.0,0.0,-1.1813017129898071,,,,,,,,,,,,,,,,
1783989078.816,61432000,242,1,3,0,10.0,24.780019760131836,10.0,24.780019760131836,8.937417984008789,25.245121002197266,-0.46510249376296997,34.780216217041016,48.8064079284668,0.0,0.0,-0.2199811190366745,1.0,1.0,0.0,0.9825534820556641,,,,,,,,,,,,,,,,
1783989078.841,61454000,243,2,255,0,,,,,,,,,,,,,,,,,0.0,0.0,0.0,0.0,3.0,2.450000047683716,0.0,0.0,-2.5460681915283203,-1.0821466445922852,0.5332661271095276,1.0,0.903387188911438,-0.903387188911438,1.3634313344955444,-1.3634313344955444
1783989078.867,61479000,244,1,0,0,10.0,25.10929298400879,10.0,25.10929298400879,8.491167068481445,25.597970962524414,-0.4886806011199951,29.872417449951172,44.80955505371094,0.0,0.0,0.10929237306118011,1.0,1.0,0.0,-0.7878329157829285,,,,,,,,,,,,,,,,
1783989078.869,61506000,245,1,1,0,10.0,24.89098358154297,10.0,24.89098358154297,9.229985237121582,25.141918182373047,-0.25093555450439453,39.094093322753906,46.768226623535156,0.0,0.0,-0.10901615768671036,1.0,1.0,0.0,1.139497995376587,,,,,,,,,,,,,,,,
1783989078.900,61526000,246,1,2,0,10.0,25.21791648864746,10.0,25.21791648864746,8.85267448425293,25.43177604675293,-0.21386146545410156,41.599708557128906,48.191680908203125,0.0,0.0,0.2179168164730072,1.0,1.0,0.0,-1.174948811531067,,,,,,,,,,,,,,,,
1783989078.915,61539000,247,1,3,0,10.0,24.7814884185791,10.0,24.7814884185791,8.937331199645996,25.24652099609375,-0.46503394842147827,34.638824462890625,48.816375732421875,0.0,0.0,-0.21851083636283875,1.0,1.0,0.0,0.978062093257904,,,,,,,,,,,,,,,,
1783989078.931,61554000,248,2,255,0,,,,,,,,,,,,,,,,,0.0,0.0,0.0,0.0,3.0,2.450000047683716,0.0,0.0,-2.549482583999634,-1.0882346630096436,0.5342490673065186,1.0,0.9049017429351807,-0.9049017429351807,1.3696262836456299,-1.3696262836456299
1783989078.952,61571000,249,1,0,0,10.0,25.10929298400879,10.0,25.10929298400879,8.487860679626465,25.599489212036133,-0.4901975393295288,29.88205337524414,44.81106948852539,0.0,0.0,0.1092938631772995,1.0,1.0,0.0,-0.7871927618980408,,,,,,,,,,,,,,,,
1783989078.972,61590000,250,1,1,0,10.0,24.890380859375,10.0,24.890380859375,9.230290412902832,25.14141845703125,-0.2510383725166321,39.18394470214844,46.762325286865234,0.0,0.0,-0.10961876809597015,1.0,1.0,0.0,1.1427334547042847,,,,,,,,,,,,,,,,
1783989078.997,61611000,251,1,2,0,10.0,25.2203426361084,10.0,25.2203426361084,8.852108001708984,25.431547164916992,-0.21120309829711914,41.79839324951172,48.20709228515625,0.0,0.0,0.22034306824207306,1.0,1.0,0.0,-1.1811219453811646,,,,,,,,,,,,,,,,
1783989079.024,61636000,252,1,3,0,10.0,24.779727935791016,10.0,24.779727935791016,8.934799194335938,25.24561309814453,-0.465884804725647,34.589881896972656,48.804962158203125,0.0,0.0,-0.22027216851711273,1.0,1.0,0.0,0.9762358665466309,,,,,,,,,,,,,,,,
1783989079.026,61663000,253,2,255,0,,,,,,,,,,,,,,,,,0.0,0.0,0.0,0.0,3.0,2.450000047683716,0.0,0.0,-2.550522565841675,-1.0856751203536987,0.5345485210418701,1.0,0.90675288438797,-0.90675288438797,1.3701257705688477,-1.3701257705688477
1783989079.058,61684000,254,1,0,0,10.0,25.109071731567383,10.0,25.109071731567383,8.491714477539062,25.596948623657227,-0.4878789186477661,30.118450164794922,44.80897903442383,0.0,0.0,0.10907215625047684,1.0,1.0,0.0,-0.7956242561340332,,,,,,,,,,,,,,,,
1783989079.076,61697000,255,1,1,0,10.0,24.89115333557129,10.0,24.89115333557129,9.230259895324707,25.141338348388672,-0.2501845359802246,39.0704231262207,46.7682991027832,0.0,0.0,-0.10884741693735123,1.0,1.0,0.0,1.138973355293274,,,,,,,,,,,,,,,,
1783989079.094,61714000,0,1,2,0,10.0,25.21862030029297,10.0,25.21862030029297,8.854809761047363,25.43107795715332,-0.2124577760696411,41.6528205871582,48.19581604003906,0.0,0.0,0.21862058341503143,1.0,1.0,0.0,-1.1768983602523804,,,,,,,,,,,,,,,,
1783989079.118,61734000,1,1,3,0,10.0,24.781513214111328,10.0,24.781513214111328,8.936737060546875,25.245363235473633,-0.4638493061065674,34.479976654052734,48.816864013671875,0.0,0.0,-0.21848613023757935,1.0,1.0,0.0,0.972922146320343,,,,,,,,,,,,,,,,
1783989079.145,61757000,2,2,255,0,,,,,,,,,,,,,,,,,0.0,0.0,0.0,0.0,3.0,2.450000047683716,0.0,0.0,-2.5462305545806885,-1.0895940065383911,0.5333129167556763,1.0,0.901210367679596,-0.901210367679596,1.3659747838974,-1.3659747838974
1783989079.146,61784000,3,1,0,0,10.0,25.1087589263916,10.0,25.1087589263916,8.487455368041992,25.59787940979004,-0.489121675491333,30.03805923461914,44.807376861572266,0.0,0.0,0.10875803977251053,1.0,1.0,0.0,-0.7926188707351685,,,,,,,,,,,,,,,,
1783989079.167,61805000,4,1,1,0,10.0,24.88969612121582,10.0,24.88969612121582,9.230727195739746,25.141679763793945,-0.2519845962524414,39.06462478637695,46.756649017333984,0.0,0.0,-0.11030402034521103,1.0,1.0,0.0,1.138600468635559,,,,,,,,,,,,,,,,
1783989079.197,61819000,5,1,2,0,10.0,25.221969604492188,10.0,25.221969604492188,8.852063179016113,25.431610107421875,-0.2096414566040039,41.77454376220703,48.217384338378906,0.0,0.0,0.22196932137012482,1.0,1.0,0.0,-1.1801702976226807,,,,,,,,,,,,,,,,
1783989079.215,61835000,6,1,3,0,10.0,24.777729034423828,10.0,24.777729034423828,8.937332153320312,25.244203567504883,-0.46647489070892334,34.463470458984375,48.792171478271484,0.0,0.0,-0.22227074205875397,1.0,1.0,0.0,0.9726762771606445,,,,,,,,,,,,,,,,
1783989079.238,61854000,7,2,255,0,,,,,,,,,,,,,,,,,0.0,0.0,0.0,0.0,3.0,2.450000047683716,0.0,0.0,-2.5617685317993164,-1.083745002746582,0.5377857089042664,1.0,0.9187090396881104,-0.9187090396881104,1.3836650848388672,-1.3836650848388672
1783989079.261,61876000,8,1,0,0,10.0,25.11128044128418,10.0,25.11128044128418,8.49030876159668,25.598388671875,-0.4871100187301636,30.084293365478516,44.82487487792969,0.0,0.0,0.1112804040312767,1.0,1.0,0.0,-0.7942101359367371,,,,,,,,,,,,,,,,
1783989079.288,61900000,9,1,1,0,10.0,24.889034271240234,10.0,24.889034271240234,9.230792999267578,25.140274047851562,-0.251239538192749,39.15699768066406,46.75359344482422,0.0,0.0,-0.110965795814991,1.0,1.0,0.0,1.1414014101028442,,,,,,,,,,,,,,,,
1783989079.289,61927000,10,1,2,0,10.0,25.220314025878906,10.0,25.220314025878906,8.85572624206543,25.43075942993164,-0.21044611930847168,41.71554946899414,48.20782470703125,0.0,0.0,0.2203139215707779,1.0,1.0,0.0,-1.1783735752105713,,,,,,,,,,,,,,,,
1783989079.323,61948000,11,1,3,0,10.0,24.78128433227539,10.0,24.78128433227539,8.936715126037598,25.245407104492188,-0.4641234874725342,34.53250503540039,48.81428146362305,0.0,0.0,-0.2187161147594452,1.0,1.0,0.0,0.9740594625473022,,,,,,,,,,,,,,,,
1783989079.341,61962000,12,2,255,0,,,,,,,,,,,,,,,,,0.0,0.0,0.0,0.0,3.0,2.450000047683716,0.0,0.0,-2.5454561710357666,-1.0830248594284058,0.5330899357795715,1.0,0.9024971723556519,-0.9024971723556519,1.3629409074783325,-1.3629409074783325
1783989079.358,61979000,13,1,0,0,10.0,25.10914421081543,10.0,25.10914421081543,8.488622665405273,25.597869873046875,-0.48872530460357666,29.960834503173828,44.80866241455078,0.0,0.0,0.10914503782987595,1.0,1.0,0.0,-0.7904945015907288,,,,,,,,,,,,,,,,
1783989079.380,61997000,14,1,1,0,10.0,24.890689849853516,10.0,24.890689849853516,9.23049545288086,25.14224624633789,-0.251556932926178,39.12942886352539,46.765567779541016,0.0,0.0,-0.10931064933538437,1.0,1.0,0.0,1.140547752380371,,,,,,,,,,,,,,,,
1783989079.404,62019000,15,1,2,0,10.0,25.219711303710938,10.0,25.219711303710938,8.853322982788086,25.43163299560547,-0.2119213342666626,41.540496826171875,48.20330047607422,0.0,0.0,0.2197103500366211,1.0,1.0,0.0,-1.1727038621902466,,,,,,,,,,,,,,,,
1783989079.431,62043000,16,1,3,0,10.0,24.779521942138672,10.0,24.779521942138672,8.934103012084961,25.24586296081543,-0.4663422703742981,34.51261901855469,48.80350875854492,0.0,0.0,-0.22047807276248932,1.0,1.0,0.0,0.9732729196548462,,,,,,,,,,,,,,,,
1783989079.434,62070000,17,2,255,0,,,,,,,,,,,,,,,,,0.0,0.0,0.0,0.0,3.0,2.450000047683716,0.0,0.0,-2.5593957901000977,-1.0821012258529663,0.5371027588844299,1.0,0.9168291091918945,-0.9168291091918945,1.3801543712615967,-1.3801543712615967
1783989079.470,62089000,18,1,0,0,10.0,25.11128044128418,10.0,25.11128044128418,8.48957347869873,25.598548889160156,-0.48727095127105713,30.080642700195312,44.82331848144531,0.0,0.0,0.11128033697605133,1.0,1.0,0.0,-0.7941574454307556,,,,,,,,,,,,,,,,
1783989079.490,62109000,19,1,1,0,10.0,24.888765335083008,10.0,24.888765335083008,9.230210304260254,25.14134407043457,-0.2525791525840759,38.91215896606445,46.7536735534668,0.0,0.0,-0.11123378574848175,1.0,1.0,0.0,1.1342977285385132,,,,,,,,,,,,,,,,
1783989079.511,62128000,20,1,2,0,10.0,25.219289779663086,10.0,25.219289779663086,8.855082511901855,25.430557250976562,-0.21126866340637207,41.868751525878906,48.20276641845703,0.0,0.0,0.21929006278514862,1.0,1.0,0.0,-1.1840461492538452,,,,,,,,,,,,,,,,
1783989079.537,62150000,21,1,3,0,10.0,24.781417846679688,10.0,24.781417846679688,8.938176155090332,25.24488639831543,-0.4634678363800049,34.60614013671875,48.813350677490234,0.0,0.0,-0.21858127415180206,1.0,1.0,0.0,0.976743221282959,,,,,,,,,,,,,,,,
1783989079.563,62176000,22,2,255,0,,,,,,,,,,,,,,,,,0.0,0.0,0.0,0.0,3.0,2.450000047683716,0.0,0.0,-2.5457916259765625,-1.074364423751831,0.5331864356994629,1.0,0.9055541157722473,-0.9055541157722473,1.360640287399292,-1.360640287399292
1783989079.566,62202000,23,1,0,0,10.0,25.10983657836914,10.0,25.10983657836914,8.489964485168457,25.59785270690918,-0.4880160093307495,29.89678955078125,44.81172180175781,0.0,0.0,0.10983631014823914,1.0,1.0,0.0,-0.7887149453163147,,,,,,,,,,,,,,,,
1783989079.596,62222000,24,1,1,0,10.0,24.889862060546875,10.0,24.889862060546875,9.230154991149902,25.1427059173584,-0.2528443932533264,38.909645080566406,46.75957489013672,0.0,0.0,-0.11013733595609665,1.0,1.0,0.0,1.133833885192871,,,,,,,,,,,,,,,,
1783989079.611,62235000,25,1,2,0,10.0,25.220937728881836,10.0,25.220937728881836,8.851751327514648,25.43209457397461,-0.2111583948135376,41.65017318725586,48.211151123046875,0.0,0.0,0.22093841433525085,1.0,1.0,0.0,-1.1770094633102417,,,,,,,,,,,,,,,,
1783989079.629,62250000,26,1,3,0,10.0,24.77823829650879,10.0,24.77823829650879,8.935982704162598,25.245624542236328,-0.4673868417739868,34.535675048828125,48.79544448852539,0.0,0.0,-0.2217620611190796,1.0,1.0,0.0,0.9745616912841797,,,,,,,,,,,,,,,,
1783989079.651,62268000,27,2,255,0,,,,,,,,,,,,,,,,,0.0,0.0,0.0,0.0,3.0,2.450000047683716,0.0,0.0,-2.56778883934021,-1.0870858430862427,0.5395184755325317,1.0,0.9237506985664368,-0.9237506985664368,1.3923287391662598,-1.3923287391662598
1783989079.674,62289000,28,1,0,0,10.0,25.111841201782227,10.0,25.111841201782227,8.486997604370117,25.599777221679688,-0.4879385232925415,29.866580963134766,44.829917907714844,0.0,0.0,0.1118413433432579,1.0,1.0,0.0,-0.7871516346931458,,,,,,,,,,,,,,,,
1783989079.701,62313000,29,1,1,0,10.0,24.887784957885742,10.0,24.887784957885742,9.229491233825684,25.14166259765625,-0.25387853384017944,39.054969787597656,46.743160247802734,0.0,0.0,-0.11221519857645035,1.0,1.0,0.0,1.1385895013809204,,,,,,,,,,,,,,,,
1783989079.705,62340000,30,1,2,0,10.0,25.223552703857422,10.0,25.223552703857422,8.852493286132812,25.431888580322266,-0.20833611488342285,41.925376892089844,48.22825241088867,0.0,0.0,0.2235535979270935,1.0,1.0,0.0,-1.1854372024536133,,,,,,,,,,,,,,,,
1783989079.736,62361000,31,1,3,0,10.0,24.778358459472656,10.0,24.778358459472656,8.936635971069336,25.245439529418945,-0.46708136796951294,34.61845779418945,48.79528045654297,0.0,0.0,-0.22164171934127808,1.0,1.0,0.0,0.977505624294281,,,,,,,,,,,,,,,,
1783989079.752,62375000,32,2,255,0,,,,,,,,,,,,,,,,,0.0,0.0,0.0,0.0,3.0,2.450000047683716,0.0,0.0,-2.5561323165893555,-1.080723524093628,0.5361633896827698,1.0,0.9139673113822937,-0.9139673113822937,1.3756119012832642,-1.3756119012832642
1783989079.770,62390000,33,1,0,0,10.0,25.110748291015625,10.0,25.110748291015625,8.490203857421875,25.597402572631836,-0.48665404319763184,30.04947280883789,44.820133209228516,0.0,0.0,0.11074843257665634,1.0,1.0,0.0,-0.7933130264282227,,,,,,,,,,,,,,,,
1783989079.792,62409000,34,1,1,0,10.0,24.889516830444336,10.0,24.889516830444336,9.22998332977295,25.141910552978516,-0.25239288806915283,39.082664489746094,46.75748062133789,0.0,0.0,-0.11048281192779541,1.0,1.0,0.0,1.1394579410552979,,,,,,,,,,,,,,,,
1783989079.815,62430000,35,1,2,0,10.0,25.220151901245117,10.0,25.220151901245117,8.8544340133667,25.43069076538086,-0.21053850650787354,41.696067810058594,48.2066764831543,0.0,0.0,0.22015181183815002,1.0,1.0,0.0,-1.178184986114502,,,,,,,,,,,,,,,,
1783989079.841,62454000,36,1,3,0,10.0,24.779550552368164,10.0,24.779550552368164,8.93508529663086,25.24637222290039,-0.46682208776474,34.47823715209961,48.80324935913086,0.0,0.0,-0.22044862806797028,1.0,1.0,0.0,0.9723621010780334,,,,,,,,,,,,,,,,
1783989079.868,62480000,37,2,255,0,,,,,,,,,,,,,,,,,0.0,0.0,0.0,0.0,3.0,2.450000047683716,0.0,0.0,-2.5624818801879883,-1.0824514627456665,0.5379910469055176,1.0,0.9198412895202637,-0.9198412895202637,1.3841547966003418,-1.3841547966003418
1783989079.870,62507000,38,1,0,0,10.0,25.111474990844727,10.0,25.111474990844727,8.488258361816406,25.597476959228516,-0.4860013723373413,29.88936996459961,44.82600784301758,0.0,0.0,0.11147405207157135,1.0,1.0,0.0,-0.7880204916000366,,,,,,,,,,,,,,,,
1783989079.904,62529000,39,1,1,0,10.0,24.886980056762695,10.0,24.886980056762695,9.231610298156738,25.140016555786133,-0.25303810834884644,38.87281799316406,46.740020751953125,0.0,0.0,-0.11302059143781662,1.0,1.0,0.0,1.132763385772705,,,,,,,,,,,,,,,,
1783989079.923,62544000,40,1,2,0,10.0,25.222545623779297,10.0,25.222545623779297,8.852520942687988,25.431827545166016,-0.2092808485031128,41.946533203125,48.223968505859375,0.0,0.0,0.22254593670368195,1.0,1.0,0.0,-1.1862149238586426,,,,,,,,,,,,,,,,
1783989079.944,62562000,41,1,3,0,10.0,24.777713775634766,10.0,24.777713775634766,8.937707901000977,25.243589401245117,-0.46587586402893066,34.46104049682617,48.78914260864258,0.0,0.0,-0.2222856730222702,1.0,1.0,0.0,0.9719468951225281,,,,,,,,,,,,,,,,
1783989079.968,62583000,42,2,255,0,,,,,,,,,,,,,,,,,0.0,0.0,0.0,0.0,3.0,2.450000047683716,0.0,0.0,-2.565297842025757,-1.0679619312286377,0.5388014912605286,1.0,0.9272946715354919,-0.9272946715354919,1.3831086158752441,-1.3831086158752441
1783989079.994,62607000,43,1,0,0,10.0,25.112947463989258,10.0,25.112947463989258,8.491899490356445,25.597774505615234,-0.4848271608352661,30.01763153076172,44.83346176147461,0.0,0.0,0.11294736713171005,1.0,1.0,0.0,-0.7921724915504456,,,,,,,,,,,,,,,,
1783989079.996,62633000,44,1,1,0,10.0,24.887447357177734,10.0,24.887447357177734,9.231889724731445,25.140350341796875,-0.2529039978981018,39.1535758972168,46.74534606933594,0.0,0.0,-0.11255323141813278,1.0,1.0,0.0,1.142035961151123,,,,,,,,,,,,,,,,
1783989080.028,62654000,45,1,2,0,10.0,25.220630645751953,10.0,25.220630645751953,8.85464859008789,25.43019676208496,-0.20956695079803467,41.95931625366211,48.21171569824219,0.0,0.0,0.2206314504146576,1.0,1.0,0.0,-1.1868499517440796,,,,,,,,,,,,,,,,
1783989080.046,62667000,46,1,3,0,10.0,24.77918815612793,10.0,24.77918815612793,8.936474800109863,25.245880126953125,-0.4666939377784729,34.30934143066406,48.79907989501953,0.0,0.0,-0.22081227600574493,1.0,1.0,0.0,0.9673137068748474,,,,,,,,,,,,,,,,
1783989080.064,62684000,47,2,255,0,,,,,,,,,,,,,,,,,0.0,0.0,0.0,0.0,3.0,2.450000047683716,0.0,0.0,-2.565336227416992,-1.0761076211929321,0.5388125777244568,1.0,0.9247480630874634,-0.9247480630874634,1.3857430219650269,-1.3857430219650269
1783989080.087,62703000,48,1,0,0,10.0,25.11233901977539,10.0,25.11233901977539,8.486685752868652,25.59804916381836,-0.4857093095779419,29.986351013183594,44.83091354370117,0.0,0.0,0.1123381182551384,1.0,1.0,0.0,-0.7905139923095703,,,,,,,,,,,,,,,,
1783989080.112,62725000,49,1,1,0,10.0,24.887399673461914,10.0,24.887399673461914,9.229958534240723,25.141971588134766,-0.25457292795181274,38.9974479675293,46.742584228515625,0.0,0.0,-0.11259947717189789,1.0,1.0,0.0,1.1365141868591309,,,,,,,,,,,,,,,,
1783989080.138,62751000,50,1,2,0,10.0,25.2228946685791,10.0,25.2228946685791,8.850382804870605,25.43219566345215,-0.20930171012878418,41.93479919433594,48.22541046142578,0.0,0.0,0.22289539873600006,1.0,1.0,0.0,-1.185790777206421,,,,,,,,,,,,,,,,
1783989080.140,62778000,51,1,3,0,10.0,24.776798248291016,10.0,24.776798248291016,8.935833930969238,25.24468231201172,-0.4678860306739807,34.32400131225586,48.78427505493164,0.0,0.0,-0.22320181131362915,1.0,1.0,0.0,0.9679263830184937,,,,,,,,,,,,,,,,
1783989080.175,62800000,52,2,255,0,,,,,,,,,,,,,,,,,0.0,0.0,0.0,0.0,3.0,2.450000047683716,0.0,0.0,-2.572991132736206,-1.070846676826477,0.5410155653953552,1.0,0.934214174747467,-0.934214174747467,1.393740177154541,-1.393740177154541
1783989080.194,62815000,53,1,0,0,10.0,25.1137752532959,10.0,25.1137752532959,8.48849105834961,25.599367141723633,-0.4855930805206299,30.097606658935547,44.84038162231445,0.0,0.0,0.11377570033073425,1.0,1.0,0.0,-0.7944319844245911,,,,,,,,,,,,,,,,
1783989080.214,62833000,54,1,1,0,10.0,24.886411666870117,10.0,24.886411666870117,9.230610847473145,25.14077377319336,-0.2543628215789795,38.85404968261719,46.73695755004883,0.0,0.0,-0.11358854174613953,1.0,1.0,0.0,1.132056474685669,,,,,,,,,,,,,,,,
1783989080.237,62853000,55,1,2,0,10.0,25.2219295501709,10.0,25.2219295501709,8.85447883605957,25.430727005004883,-0.20879805088043213,41.89087677001953,48.22039794921875,0.0,0.0,0.2219293713569641,1.0,1.0,0.0,-1.1840134859085083,,,,,,,,,,,,,,,,
1783989080.263,62876000,56,1,3,0,10.0,24.778661727905273,10.0,24.778661727905273,8.937305450439453,25.244253158569336,-0.46559274196624756,34.529075622558594,48.79520034790039,0.0,0.0,-0.22133882343769073,1.0,1.0,0.0,0.9739466905593872,,,,,,,,,,,,,,,,
1783989080.265,62902000,57,2,255,0,,,,,,,,,,,,,,,,,0.0,0.0,0.0,0.0,3.0,2.450000047683716,0.0,0.0,-2.564960479736328,-1.0742199420928955,0.5387043952941895,1.0,0.9249656200408936,-0.9249656200408936,1.3846697807312012,-1.3846697807312012
1783989080.298,62923000,58,1,0,0,10.0,25.112346649169922,10.0,25.112346649169922,8.487627983093262,25.5986328125,-0.4862874746322632,29.974781036376953,44.831695556640625,0.0,0.0,0.1123468354344368,1.0,1.0,0.0,-0.7905738949775696,,,,,,,,,,,,,,,,
1783989080.315,62937000,59,1,1,0,10.0,24.887367248535156,10.0,24.887367248535156,9.231070518493652,25.141090393066406,-0.2537235617637634,38.94401931762695,46.74140930175781,0.0,0.0,-0.11263326555490494,1.0,1.0,0.0,1.1347317695617676,,,,,,,,,,,,,,,,
1783989080.331,62953000,60,1,2,0,10.0,25.223819732666016,10.0,25.223819732666016,8.85102653503418,25.432395935058594,-0.20857751369476318,41.79212188720703,48.23062515258789,0.0,0.0,0.2238187938928604,1.0,1.0,0.0,-1.180504560470581,,,,,,,,,,,,,,,,
1783989080.332,62970000,61,1,3,0,10.0,24.77556800842285,10.0,24.77556800842285,8.936576843261719,25.244464874267578,-0.46889781951904297,34.35776901245117,48.77726364135742,0.0,0.0,-0.2244328111410141,1.0,1.0,0.0,0.9691327214241028,,,,,,,,,,,,,,,,
1783989080.374,62991000,62,2,255,0,,,,,,,,,,,,,,,,,0.0,0.0,0.0,0.0,3.0,2.450000047683716,0.0,0.0,-2.578685998916626,-1.0836257934570312,0.5426540374755859,1.0,0.9359487295150757,-0.9359487295150757,1.405037522315979,-1.405037522315979
1783989080.399,63013000,63,1,0,0,10.0,25.113582611083984,10.0,25.113582611083984,8.488459587097168,25.599336624145508,-0.48575401306152344,29.893091201782227,44.84211349487305,0.0,0.0,0.1135820671916008,1.0,1.0,0.0,-0.7879654765129089,,,,,,,,,,,,,,,,
1783989080.426,63038000,64,1,1,0,10.0,24.886634826660156,10.0,24.886634826660156,9.230679512023926,25.140750885009766,-0.2541154623031616,38.7991943359375,46.73528289794922,0.0,0.0,-0.11336599290370941,1.0,1.0,0.0,1.12980055809021,,,,,,,,,,,,,,,,
1783989080.428,63065000,65,1,2,0,10.0,25.224069595336914,10.0,25.224069595336914,8.854060173034668,25.431299209594727,-0.20723044872283936,41.851863861083984,48.232017517089844,0.0,0.0,0.22407051920890808,1.0,1.0,0.0,-1.1826297044754028,,,,,,,,,,,,,,,,
1783989080.459,63085000,66,1,3,0,10.0,24.77754783630371,10.0,24.77754783630371,8.938522338867188,25.244213104248047,-0.4666641354560852,34.5302848815918,48.79098892211914,0.0,0.0,-0.22245271503925323,1.0,1.0,0.0,0.974769651889801,,,,,,,,,,,,,,,,
1783989080.474,63098000,67,2,255,0,,,,,,,,,,,,,,,,,0.0,0.0,0.0,0.0,3.0,2.450000047683716,0.0,0.0,-2.561061382293701,-1.092350959777832,0.5375821590423584,1.0,0.915267825126648,-0.915267825126648,1.385499119758606,-1.385499119758606
1783989080.490,63112000,68,1,0,0,10.0,25.110536575317383,10.0,25.110536575317383,8.491057395935059,25.597118377685547,-0.48658251762390137,30.163192749023438,44.821434020996094,0.0,0.0,0.11053736507892609,1.0,1.0,0.0,-0.7959888577461243,,,,,,,,,,,,,,,,
1783989080.511,63130000,69,1,1,0,10.0,24.889705657958984,10.0,24.889705657958984,9.23148250579834,25.140026092529297,-0.250321626663208,39.570682525634766,46.75557327270508,0.0,0.0,-0.11029520630836487,1.0,1.0,0.0,1.155465006828308,,,,,,,,,,,,,,,,
1783989080.533,63149000,70,1,2,0,10.0,25.222719192504883,10.0,25.222719192504883,8.852804183959961,25.431303024291992,-0.20858347415924072,41.78160095214844,48.220855712890625,0.0,0.0,0.22271965444087982,1.0,1.0,0.0,-1.180407166481018,,,,,,,,,,,,,,,,
1783989080.559,63172000,71,1,3,0,10.0,24.776622772216797,10.0,24.776622772216797,8.936715126037598,25.245407104492188,-0.4687845706939697,34.505306243896484,48.786930084228516,0.0,0.0,-0.22337645292282104,1.0,1.0,0.0,0.9737628698348999,,,,,,,,,,,,,,,,
1783989080.585,63198000,72,2,255,0,,,,,,,,,,,,,,,,,0.0,0.0,0.0,0.0,3.0,2.450000047683716,0.0,0.0,-2.56927490234375,-1.098565936088562,0.5399460792541504,1.0,0.9216075539588928,-0.9216075539588928,1.3978607654571533,-1.3978607654571533
1783989080.587,63224000,73,1,0,0,10.0,25.111173629760742,10.0,25.111173629760742,8.486661911010742,25.60040283203125,-0.4892319440841675,30.078876495361328,44.82777404785156,0.0,0.0,0.11117450892925262,1.0,1.0,0.0,-0.793074369430542,,,,,,,,,,,,,,,,
1783989080.619,63244000,74,1,1,0,10.0,24.888521194458008,10.0,24.888521194458008,9.22810173034668,25.142175674438477,-0.25365501642227173,39.21302795410156,46.74751663208008,0.0,0.0,-0.11147797852754593,1.0,1.0,0.0,1.1435189247131348,,,,,,,,,,,,,,,,
1783989080.635,63258000,75,1,2,0,10.0,25.222942352294922,10.0,25.222942352294922,8.85142707824707,25.43272590637207,-0.20978450775146484,41.802734375,48.22367477416992,0.0,0.0,0.222942516207695,1.0,1.0,0.0,-1.1813410520553589,,,,,,,,,,,,,,,,
1783989080.652,63273000,76,1,3,0,10.0,24.777639389038086,10.0,24.777639389038086,8.93599796295166,25.24557113647461,-0.46793222427368164,34.34959411621094,48.79142761230469,0.0,0.0,-0.2223600298166275,1.0,1.0,0.0,0.9687308073043823,,,,,,,,,,,,,,,,
1783989080.672,63291000,77,2,255,0,,,,,,,,,,,,,,,,,0.0,0.0,0.0,0.0,3.0,2.450000047683716,0.0,0.0,-2.557429075241089,-1.0824240446090698,0.536536693572998,1.0,0.9147394299507141,-0.9147394299507141,1.3777804374694824,-1.3777804374694824
1783989080.695,63311000,78,1,0,0,10.0,25.110795974731445,10.0,25.110795974731445,8.489434242248535,25.5976505279541,-0.4868537187576294,29.974037170410156,44.82090377807617,0.0,0.0,0.11079522222280502,1.0,1.0,0.0,-0.7905556559562683,,,,,,,,,,,,,,,,
1783989080.722,63334000,79,1,1,0,10.0,24.88933563232422,10.0,24.88933563232422,9.230215072631836,25.14144515991211,-0.2521097660064697,39.18708419799805,46.756378173828125,0.0,0.0,-0.1106644719839096,1.0,1.0,0.0,1.1428571939468384,,,,,,,,,,,,,,,,
1783989080.724,63361000,80,1,2,0,10.0,25.22000503540039,10.0,25.22000503540039,8.852893829345703,25.431358337402344,-0.2113550901412964,41.74626159667969,48.2062873840332,0.0,0.0,0.2200043946504593,1.0,1.0,0.0,-1.1795035600662231,,,,,,,,,,,,,,,,
1783989080.756,63382000,81,1,3,0,10.0,24.778627395629883,10.0,24.778627395629883,8.935710906982422,25.246143341064453,-0.4675164818763733,34.36640167236328,48.79621124267578,0.0,0.0,-0.22137323021888733,1.0,1.0,0.0,0.9693170189857483,,,,,,,,,,,,,,,,
1783989080.772,63395000,82,2,255,0,,,,,,,,,,,,,,,,,0.0,0.0,0.0,0.0,3.0,2.450000047683716,0.0,0.0,-2.5693325996398926,-1.0756042003631592,0.5399627089500427,1.0,0.9289705753326416,-0.9289705753326416,1.3906292915344238,-1.3906292915344238
1783989080.788,63409000,83,1,0,0,10.0,25.112918853759766,10.0,25.112918853759766,8.48861026763916,25.59787940979004,-0.48496127128601074,29.974193572998047,44.83513641357422,0.0,0.0,0.11291808634996414,1.0,1.0,0.0,-0.7905759215354919,,,,,,,,,,,,,,,,
1783989080.809,63427000,84,1,1,0,10.0,24.886550903320312,10.0,24.886550903320312,9.229928016662598,25.142019271850586,-0.2554699778556824,38.842254638671875,46.73696517944336,0.0,0.0,-0.11344894766807556,1.0,1.0,0.0,1.1317440271377563,,,,,,,,,,,,,,,,
1783989080.832,63447000,85,1,2,0,10.0,25.223472595214844,10.0,25.223472595214844,8.852567672729492,25.431856155395508,-0.20838379859924316,41.7674674987793,48.22998046875,0.0,0.0,0.22347307205200195,1.0,1.0,0.0,-1.1799800395965576,,,,,,,,,,,,,,,,
1783989080.859,63471000,86,1,3,0,10.0,24.776426315307617,10.0,24.776426315307617,8.93728256225586,25.244176864624023,-0.4677504301071167,34.3847770690918,48.78072738647461,0.0,0.0,-0.2235734462738037,1.0,1.0,0.0,0.9700802564620972,,,,,,,,,,,,,,,,
1783989080.861,63498000,87,2,255,0,,,,,,,,,,,,,,,,,0.0,0.0,0.0,0.0,3.0,2.450000047683716,0.0,0.0,-2.5742347240448,-1.0675129890441895,0.5413732528686523,1.0,0.9365466237068176,-0.9365466237068176,1.3942499160766602,-1.3942499160766602
1783989080.894,63519000,88,1,0,0,10.0,25.11393165588379,10.0,25.11393165588379,8.49015998840332,25.597381591796875,-0.4834502935409546,30.16732406616211,44.840248107910156,0.0,0.0,0.11393242329359055,1.0,1.0,0.0,-0.7967480421066284,,,,,,,,,,,,,,,,
1783989080.911,63533000,89,1,1,0,10.0,24.886432647705078,10.0,24.886432647705078,9.231042861938477,25.141048431396484,-0.2546161413192749,38.80276870727539,46.73804473876953,0.0,0.0,-0.11356642842292786,1.0,1.0,0.0,1.130349040031433,,,,,,,,,,,,,,,,
1783989080.929,63549000,90,1,2,0,10.0,25.221590042114258,10.0,25.221590042114258,8.85370922088623,25.43099594116211,-0.2094060182571411,41.87883377075195,48.21855926513672,0.0,0.0,0.22159072756767273,1.0,1.0,0.0,-1.1838546991348267,,,,,,,,,,,,,,,,
1783989080.952,63568000,91,1,3,0,10.0,24.77855110168457,10.0,24.77855110168457,8.938040733337402,25.244041442871094,-0.4654914140701294,34.51836013793945,48.794254302978516,0.0,0.0,-0.22144818305969238,1.0,1.0,0.0,0.9741595983505249,,,,,,,,,,,,,,,,
1783989080.976,63590000,92,2,255,0,,,,,,,,,,,,,,,,,0.0,0.0,0.0,0.0,3.0,2.450000047683716,0.0,0.0,-2.568136215209961,-1.071027159690857,0.5396183133125305,1.0,0.929208517074585,-0.929208517074585,1.387662410736084,-1.387662410736084
1783989081.002,63614000,93,1,0,0,10.0,25.113101959228516,10.0,25.113101959228516,8.486942291259766,25.598812103271484,-0.4857093095779419,29.93719482421875,44.83537292480469,0.0,0.0,0.11310146003961563,1.0,1.0,0.0,-0.7891034483909607,,,,,,,,,,,,,,,,
1783989081.005,63641000,94,1,1,0,10.0,24.886430740356445,10.0,24.886430740356445,9.230687141418457,25.141746520996094,-0.25531500577926636,39.024940490722656,46.736549377441406,0.0,0.0,-0.1135694608092308,1.0,1.0,0.0,1.1375572681427002,,,,,,,,,,,,,,,,
1783989081.037,63662000,95,1,2,0,10.0,25.22505760192871,10.0,25.22505760192871,8.850627899169922,25.43291473388672,-0.20785629749298096,41.844276428222656,48.240596771240234,0.0,0.0,0.22505788505077362,1.0,1.0,0.0,-1.182403802871704,,,,,,,,,,,,,,,,
1783989081.052,63676000,96,1,3,0,10.0,24.774524688720703,10.0,24.774524688720703,8.936665534973145,25.244394302368164,-0.46986937522888184,34.29536819458008,48.76820755004883,0.0,0.0,-0.22547617554664612,1.0,1.0,0.0,0.967167317867279,,,,,,,,,,,,,,,,
1783989081.069,63691000,97,2,255,0,,,,,,,,,,,,,,,,,0.0,0.0,0.0,0.0,3.0,2.450000047683716,0.0,0.0,-2.588399648666382,-1.0660203695297241,0.5454484820365906,1.0,0.9515538215637207,-0.9515538215637207,1.4117431640625,-1.4117431640625
1783989081.091,63709000,98,1,0,0,10.0,25.116252899169922,10.0,25.116252899169922,8.4884614944458,25.599422454833984,-0.48317015171051025,30.04909896850586,44.85771942138672,0.0,0.0,0.11625313758850098,1.0,1.0,0.0,-0.7924841046333313,,,,,,,,,,,,,,,,
1783989081.113,63729000,99,1,1,0,10.0,24.883867263793945,10.0,24.883867263793945,9.23086166381836,25.1402587890625,-0.25639235973358154,38.882022857666016,46.7191162109375,0.0,0.0,-0.1161326989531517,1.0,1.0,0.0,1.1331193447113037,,,,,,,,,,,,,,,,
1783989081.141,63753000,100,1,2,0,10.0,25.22475242614746,10.0,25.22475242614746,8.854338645935059,25.430774688720703,-0.2060234546661377,41.852684020996094,48.23965835571289,0.0,0.0,0.2247515320777893,1.0,1.0,0.0,-1.1829230785369873,,,,,,,,,,,,,,,,
1783989081.143,63780000,101,1,3,0,10.0,24.775880813598633,10.0,24.775880813598633,8.937080383300781,25.244802474975586,-0.4689216613769531,34.490013122558594,48.77630615234375,0.0,0.0,-0.22411851584911346,1.0,1.0,0.0,0.9731691479682922,,,,,,,,,,,,,,,,
1783989081.177,63801000,102,2,255,0,,,,,,,,,,,,,,,,,0.0,0.0,0.0,0.0,3.0,2.450000047683716,0.0,0.0,-2.5762779712677,-1.0705451965332031,0.5419611930847168,1.0,0.9376672506332397,-0.9376672506332397,1.3978039026260376,-1.3978039026260376
1783989081.195,63816000,103,1,0,0,10.0,25.114246368408203,10.0,25.114246368408203,8.488663673400879,25.597909927368164,-0.4836618900299072,30.143939971923828,44.843833923339844,0.0,0.0,0.11424682289361954,1.0,1.0,0.0,-0.7958177328109741,,,,,,,,,,,,,,,,
1783989081.215,63833000,104,1,1,0,10.0,24.885574340820312,10.0,24.885574340820312,9.230716705322266,25.14168930053711,-0.256115198135376,38.9138069152832,46.73019790649414,0.0,0.0,-0.114426389336586,1.0,1.0,0.0,1.134149193763733,,,,,,,,,,,,,,,,
1783989081.239,63854000,105,1,2,0,10.0,25.224775314331055,10.0,25.224775314331055,8.850933074951172,25.432464599609375,-0.20768940448760986,41.89424133300781,48.23833465576172,0.0,0.0,0.22477492690086365,1.0,1.0,0.0,-1.183915138244629,,,,,,,,,,,,,,,,
1783989081.266,63879000,106,1,3,0,10.0,24.774553298950195,10.0,24.774553298950195,8.936697006225586,25.24532127380371,-0.47076791524887085,34.38496780395508,48.769142150878906,0.0,0.0,-0.22544632852077484,1.0,1.0,0.0,0.9698984026908875,,,,,,,,,,,,,,,,
1783989081.270,63905000,107,2,255,0,,,,,,,,,,,,,,,,,0.0,0.0,0.0,0.0,3.0,2.450000047683716,0.0,0.0,-2.5870959758758545,-1.0722455978393555,0.5450735092163086,1.0,0.9482128620147705,-0.9482128620147705,1.4120841026306152,-1.4120841026306152
1783989081.299,63925000,108,1,0,0,10.0,25.11538314819336,10.0,25.11538314819336,8.48781967163086,25.60048484802246,-0.4851013422012329,30.111591339111328,44.85192108154297,0.0,0.0,0.11538242548704147,1.0,1.0,0.0,-0.7949003577232361,,,,,,,,,,,,,,,,
1783989081.316,63938000,109,1,1,0,10.0,24.884733200073242,10.0,24.884733200073242,9.230537414550781,25.140798568725586,-0.2560660243034363,38.79881286621094,46.72517395019531,0.0,0.0,-0.1152670681476593,1.0,1.0,0.0,1.1305075883865356,,,,,,,,,,,,,,,,
1783989081.334,63954000,110,1,2,0,10.0,25.223712921142578,10.0,25.223712921142578,8.852570533752441,25.431854248046875,-0.20814239978790283,41.920841217041016,48.232749938964844,0.0,0.0,0.2237124890089035,1.0,1.0,0.0,-1.185046672821045,,,,,,,,,,,,,,,,
1783989081.356,63973000,111,1,3,0,10.0,24.776960372924805,10.0,24.776960372924805,8.938095092773438,25.243927001953125,-0.4669666290283203,34.490840911865234,48.78321838378906,0.0,0.0,-0.2230404019355774,1.0,1.0,0.0,0.9735004901885986,,,,,,,,,,,,,,,,
1783989081.379,63994000,112,2,255,0,,,,,,,,,,,,,,,,,0.0,0.0,0.0,0.0,3.0,2.450000047683716,0.0,0.0,-2.569160223007202,-1.0646852254867554,0.5399130582809448,1.0,0.932268500328064,-0.932268500328064,1.386938214302063,-1.386938214302063
1783989081.406,64018000,113,1,0,0,10.0,25.113719940185547,10.0,25.113719940185547,8.489295959472656,25.59896469116211,-0.48524439334869385,30.031484603881836,44.838436126708984,0.0,0.0,0.11372000724077225,1.0,1.0,0.0,-0.7927760481834412,,,,,,,,,,,,,,,,
1783989081.408,64045000,114,1,1,0,10.0,24.88672637939453,10.0,24.88672637939453,9.230504989624023,25.140867233276367,-0.25414079427719116,39.042572021484375,46.74021530151367,0.0,0.0,-0.11327306926250458,1.0,1.0,0.0,1.137732744216919,,,,,,,,,,,,,,,,
1783989081.442,64067000,115,1,2,0,10.0,25.22307014465332,10.0,25.22307014465332,8.85036849975586,25.432571411132812,-0.20950138568878174,41.7842903137207,48.226932525634766,0.0,0.0,0.2230692356824875,1.0,1.0,0.0,-1.1802572011947632,,,,,,,,,,,,,,,,
1783989081.460,64082000,116,1,3,0,10.0,24.77637481689453,10.0,24.77637481689453,8.936249732971191,25.24510383605957,-0.4687294363975525,34.471763610839844,48.781558990478516,0.0,0.0,-0.22362568974494934,1.0,1.0,0.0,0.9727625250816345,,,,,,,,,,,,,,,,
1783989081.479,64098000,117,2,255,0,,,,,,,,,,,,,,,,,0.0,0.0,0.0,0.0,3.0,2.450000047683716,0.0,0.0,-2.5789992809295654,-1.0786843299865723,0.5427442193031311,1.0,0.9378489255905151,-0.9378489255905151,1.4038554430007935,-1.4038554430007935
1783989081.503,64118000,118,1,0,0,10.0,25.11400032043457,10.0,25.11400032043457,8.48585033416748,25.599681854248047,-0.48568248748779297,29.977313995361328,44.84401321411133,0.0,0.0,0.11400023102760315,1.0,1.0,0.0,-0.7901018261909485,,,,,,,,,,,,,,,,
1783989081.530,64142000,119,1,1,0,10.0,24.885766983032227,10.0,24.885766983032227,9.22999382019043,25.14191246032715,-0.25614649057388306,38.912254333496094,46.73003387451172,0.0,0.0,-0.11423274129629135,1.0,1.0,0.0,1.1339141130447388,,,,,,,,,,,,,,,,
1783989081.532,64169000,120,1,2,0,10.0,25.22496795654297,10.0,25.22496795654297,8.85277271270752,25.431358337402344,-0.20639002323150635,41.94721603393555,48.23885726928711,0.0,0.0,0.22496752440929413,1.0,1.0,0.0,-1.1855981349945068,,,,,,,,,,,,,,,,
1783989081.563,64189000,121,1,3,0,10.0,24.77696990966797,10.0,24.77696990966797,8.9382905960083,25.24343490600586,-0.46646445989608765,34.61135482788086,48.78511047363281,0.0,0.0,-0.22303088009357452,1.0,1.0,0.0,0.977142870426178,,,,,,,,,,,,,,,,
1783989081.579,64202000,122,2,255,0,,,,,,,,,,,,,,,,,0.0,0.0,0.0,0.0,3.0,2.450000047683716,0.0,0.0,-2.5658347606658936,-1.075456142425537,0.5389560461044312,1.0,0.9254612326622009,-0.9254612326622009,1.3861651420593262,-1.3861651420593262
1783989081.595,64217000,123,1,0,0,10.0,25.112455368041992,10.0,25.112455368041992,8.488908767700195,25.59872055053711,-0.486263632774353,30.010631561279297,44.831626892089844,0.0,0.0,0.11245480924844742,1.0,1.0,0.0,-0.7917584180831909,,,,,,,,,,,,,,,,
1783989081.618,64235000,124,1,1,0,10.0,24.888105392456055,10.0,24.888105392456055,9.23146915435791,25.14141273498535,-0.2533078193664551,39.0492057800293,46.747894287109375,0.0,0.0,-0.11189498752355576,1.0,1.0,0.0,1.1383129358291626,,,,,,,,,,,,,,,,
1783989081.643,64256000,125,1,2,0,10.0,25.221176147460938,10.0,25.221176147460938,8.853619575500488,25.43106460571289,-0.20988881587982178,41.88924789428711,48.213897705078125,0.0,0.0,0.2211766391992569,1.0,1.0,0.0,-1.184302568435669,,,,,,,,,,,,,,,,
1783989081.668,64281000,126,1,3,0,10.0,24.77870750427246,10.0,24.77870750427246,8.936208724975586,25.246402740478516,-0.46769529581069946,34.47254180908203,48.79737091064453,0.0,0.0,-0.22129184007644653,1.0,1.0,0.0,0.9726160168647766,,,,,,,,,,,,,,,,
1783989081.670,64307000,127,2,255,0,,,,,,,,,,,,,,,,,0.0,0.0,0.0,0.0,3.0,2.450000047683716,0.0,0.0,-2.5665321350097656,-1.0829215049743652,0.5391567349433899,1.0,0.9237983822822571,-0.9237983822822571,1.3894165754318237,-1.3894165754318237
1783989081.701,64327000,128,1,0,0,10.0,25.113025665283203,10.0,25.113025665283203,8.486966133117676,25.598466873168945,-0.48544108867645264,30.009716033935547,44.837623596191406,0.0,0.0,0.11302567273378372,1.0,1.0,0.0,-0.7916381359100342,,,,,,,,,,,,,,,,
1783989081.718,64340000,129,1,1,0,10.0,24.88652992248535,10.0,24.88652992248535,9.230952262878418,25.141216278076172,-0.254686176776886,39.00244903564453,46.73496627807617,0.0,0.0,-0.11347093433141708,1.0,1.0,0.0,1.1369397640228271,,,,,,,,,,,,,,,,
1783989081.736,64356000,130,1,2,0,10.0,25.224777221679688,10.0,25.224777221679688,8.850767135620117,25.432994842529297,-0.20821690559387207,41.823585510253906,48.237152099609375,0.0,0.0,0.22477716207504272,1.0,1.0,0.0,-1.1811437606811523,,,,,,,,,,,,,,,,
1783989081.758,64375000,131,1,3,0,10.0,24.775131225585938,10.0,24.775131225585938,8.93729305267334,25.244171142578125,-0.4690393805503845,34.348594665527344,48.77368927001953,0.0,0.0,-0.22486858069896698,1.0,1.0,0.0,0.9686872363090515,,,,,,,,,,,,,,,,
1783989081.780,64396000,132,2,255,0,,,,,,,,,,,,,,,,,0.0,0.0,0.0,0.0,3.0,2.450000047683716,0.0,0.0,-2.578495979309082,-1.0736397504806519,0.5425994396209717,1.0,0.9389471411705017,-0.9389471411705017,1.401604175567627,-1.401604175567627
1783989081.806,64419000,133,1,0,0,10.0,25.114315032958984,10.0,25.114315032958984,8.488495826721191,25.59937286376953,-0.48505663871765137,30.05607795715332,44.84511184692383,0.0,0.0,0.11431478708982468,1.0,1.0,0.0,-0.7929065227508545,,,,,,,,,,,,,,,,
1783989081.833,64445000,134,1,1,0,10.0,24.885839462280273,10.0,24.885839462280273,9.230393409729004,25.141239166259766,-0.2553999423980713,38.692230224609375,46.732391357421875,0.0,0.0,-0.11416129022836685,1.0,1.0,0.0,1.1267646551132202,,,,,,,,,,,,,,,,
1783989081.835,64472000,135,1,2,0,10.0,25.222827911376953,10.0,25.222827911376953,8.855138778686523,25.430545806884766,-0.20771920680999756,41.8885498046875,48.22628402709961,0.0,0.0,0.2228274643421173,1.0,1.0,0.0,-1.1839972734451294,,,,,,,,,,,,,,,,
1783989081.867,64492000,136,1,3,0,10.0,24.777658462524414,10.0,24.777658462524414,8.936749458312988,25.24535369873047,-0.46769529581069946,34.503440856933594,48.788211822509766,0.0,0.0,-0.2223416566848755,1.0,1.0,0.0,0.9738517999649048,,,,,,,,,,,,,,,,
1783989081.884,64506000,137,2,255,0,,,,,,,,,,,,,,,,,0.0,0.0,0.0,0.0,3.0,2.450000047683716,0.0,0.0,-2.5740976333618164,-1.0664215087890625,0.5413338541984558,1.0,0.9367548227310181,-0.9367548227310181,1.3937286138534546,-1.3937286138534546
1783989081.903,64522000,138,1,0,0,10.0,25.114261627197266,10.0,25.114261627197266,8.487961769104004,25.5981388092041,-0.48387646675109863,30.037715911865234,44.84292221069336,0.0,0.0,0.11426187306642532,1.0,1.0,0.0,-0.7919406294822693,,,,,,,,,,,,,,,,
1783989081.926,64542000,139,1,1,0,10.0,24.88544464111328,10.0,24.88544464111328,9.23154067993164,25.14139175415039,-0.2559468150138855,38.90721893310547,46.73051071166992,0.0,0.0,-0.11455585062503815,1.0,1.0,0.0,1.133996844291687,,,,,,,,,,,,,,,,
1783989081.952,64565000,140,1,2,0,10.0,25.22389030456543,10.0,25.22389030456543,8.85035514831543,25.432580947875977,-0.20869076251983643,41.80342483520508,48.233665466308594,0.0,0.0,0.22389072179794312,1.0,1.0,0.0,-1.1806257963180542,,,,,,,,,,,,,,,,
1783989081.979,64592000,141,1,3,0,10.0,24.77554702758789,10.0,24.77554702758789,8.9358491897583,25.24477195739746,-0.4692256450653076,34.49787139892578,48.774391174316406,0.0,0.0,-0.22445330023765564,1.0,1.0,0.0,0.9735617637634277,,,,,,,,,,,,,,,,
1783989081.982,64618000,142,2,255,0,,,,,,,,,,,,,,,,,0.0,0.0,0.0,0.0,3.0,2.450000047683716,0.0,0.0,-2.5833191871643066,-1.0642175674438477,0.5439870953559875,1.0,0.9469074010848999,-0.9469074010848999,1.4047082662582397,-1.4047082662582397
1783989082.014,64639000,143,1,0,0,10.0,25.115333557128906,10.0,25.115333557128906,8.488531112670898,25.599306106567383,-0.483974814414978,30.049945831298828,44.84988021850586,0.0,0.0,0.11533359438180923,1.0,1.0,0.0,-0.7928625345230103,,,,,,,,,,,,,,,,
1783989082.030,64653000,144,1,1,0,10.0,24.884910583496094,10.0,24.884910583496094,9.230305671691895,25.141271591186523,-0.25636255741119385,38.766700744628906,46.727909088134766,0.0,0.0,-0.1150887981057167,1.0,1.0,0.0,1.1295582056045532,,,,,,,,,,,,,,,,
1783989082.049,64669000,145,1,2,0,10.0,25.22249984741211,10.0,25.22249984741211,8.852967262268066,25.432193756103516,-0.20969510078430176,42.107662200927734,48.225608825683594,0.0,0.0,0.22249911725521088,1.0,1.0,0.0,-1.1910394430160522,,,,,,,,,,,,,,,,
1783989082.071,64688000,146,1,3,0,10.0,24.777971267700195,10.0,24.777971267700195,8.934764862060547,25.247011184692383,-0.4690393805503845,34.87088394165039,48.78931427001953,0.0,0.0,-0.22202898561954498,1.0,1.0,0.0,0.9848320484161377,,,,,,,,,,,,,,,,
1783989082.095,64709000,147,2,255,0,,,,,,,,,,,,,,,,,0.0,0.0,0.0,0.0,3.0,2.450000047683716,0.0,0.0,-2.568389415740967,-1.066383719444275,0.5396912693977356,1.0,0.9309427738189697,-0.9309427738189697,1.3865058422088623,-1.3865058422088623
1783989082.122,64734000,148,1,0,0,10.0,25.113487243652344,10.0,25.113487243652344,8.488357543945312,25.598472595214844,-0.4849851131439209,30.07912826538086,44.83710861206055,0.0,0.0,0.11348671466112137,1.0,1.0,0.0,-0.7936579585075378,,,,,,,,,,,,,,,,
1783989082.125,64761000,149,1,1,0,10.0,24.88648796081543,10.0,24.88648796081543,9.231366157531738,25.141498565673828,-0.25501102209091187,38.94413757324219,46.73783493041992,0.0,0.0,-0.11351176351308823,1.0,1.0,0.0,1.1354743242263794,,,,,,,,,,,,,,,,
1783989082.155,64782000,150,1,2,0,10.0,25.224790573120117,10.0,25.224790573120117,8.850754737854004,25.431591033935547,-0.20680129528045654,42.25181198120117,48.23826599121094,0.0,0.0,0.2247900813817978,1.0,1.0,0.0,-1.1954859495162964,,,,,,,,,,,,,,,,
1783989082.172,64794000,151,1,3,0,10.0,24.77461051940918,10.0,24.77461051940918,8.936033248901367,25.245609283447266,-0.4710003733634949,34.278812408447266,48.769630432128906,0.0,0.0,-0.22539032995700836,1.0,1.0,0.0,0.9666290283203125,,,,,,,,,,,,,,,,
1783989082.189,64810000,152,2,255,0,,,,,,,,,,,,,,,,,0.0,0.0,0.0,0.0,3.0,2.450000047683716,0.0,0.0,-2.587181568145752,-1.0739022493362427,0.5450981259346008,1.0,0.9477686882019043,-0.9477686882019043,1.4127249717712402,-1.4127249717712402
1783989082.209,64828000,153,1,0,0,10.0,25.1154842376709,10.0,25.1154842376709,8.485942840576172,25.601619720458984,-0.48613548278808594,30.223859786987305,44.85393524169922,0.0,0.0,0.11548399925231934,1.0,1.0,0.0,-0.7983627319335938,,,,,,,,,,,,,,,,
1783989082.231,64848000,154,1,1,0,10.0,24.884366989135742,10.0,24.884366989135742,9.229511260986328,25.141611099243164,-0.25724470615386963,38.97610092163086,46.721031188964844,0.0,0.0,-0.1156323179602623,1.0,1.0,0.0,1.136138677597046,,,,,,,,,,,,,,,,
1783989082.258,64870000,155,1,2,0,10.0,25.225645065307617,10.0,25.225645065307617,8.852381706237793,25.43196678161621,-0.20632147789001465,42.09925842285156,48.24441146850586,0.0,0.0,0.22564485669136047,1.0,1.0,0.0,-1.1910802125930786,,,,,,,,,,,,,,,,
1783989082.285,64897000,156,1,3,0,10.0,24.774883270263672,10.0,24.774883270263672,8.936617851257324,25.24449920654297,-0.4696160554885864,34.36664962768555,48.77057647705078,0.0,0.0,-0.22511643171310425,1.0,1.0,0.0,0.9692871570587158,,,,,,,,,,,,,,,,
1783989082.287,64924000,157,2,255,0,,,,,,,,,,,,,,,,,0.0,0.0,0.0,0.0,3.0,2.450000047683716,0.0,0.0,-2.5779049396514893,-1.0704243183135986,0.5424293875694275,1.0,0.9393700957298279,-0.9393700957298279,1.399827003479004,-1.399827003479004
1783989082.322,64946000,158,1,0,0,10.0,25.11386489868164,10.0,25.11386489868164,8.488411903381348,25.599395751953125,-0.4855304956436157,30.111122131347656,44.84146499633789,0.0,0.0,0.11386452615261078,1.0,1.0,0.0,-0.7950556874275208,,,,,,,,,,,,,,,,
1783989082.340,64961000,159,1,1,0,10.0,24.886266708374023,10.0,24.886266708374023,9.230047225952148,25.14192771911621,-0.2556607127189636,38.90735626220703,46.735008239746094,0.0,0.0,-0.11373235285282135,1.0,1.0,0.0,1.1335245370864868,,,,,,,,,,,,,,,,
1783989082.359,64979000,160,1,2,0,10.0,25.22364044189453,10.0,25.22364044189453,8.850507736206055,25.432193756103516,-0.20855367183685303,41.96336364746094,48.230716705322266,0.0,0.0,0.22364044189453125,1.0,1.0,0.0,-1.186004877090454,,,,,,,,,,,,,,,,
1783989082.382,64998000,161,1,3,0,10.0,24.775897979736328,10.0,24.775897979736328,8.936755180358887,25.245302200317383,-0.4694059491157532,34.41590118408203,48.77809524536133,0.0,0.0,-0.22410143911838531,1.0,1.0,0.0,0.9710647463798523,,,,,,,,,,,,,,,,
1783989082.405,65020000,162,2,255,0,,,,,,,,,,,,,,,,,0.0,0.0,0.0,0.0,3.0,2.450000047683716,0.0,0.0,-2.5815346240997314,-1.0755224227905273,0.5434736609458923,1.0,0.9414554238319397,-0.9414554238319397,1.4060635566711426,-1.4060635566711426
1783989082.432,65044000,163,1,0,0,10.0,25.114587783813477,10.0,25.114587783813477,8.4852294921875,25.601852416992188,-0.4872649908065796,30.073759078979492,44.84762191772461,0.0,0.0,0.11458691954612732,1.0,1.0,0.0,-0.7937267422676086,,,,,,,,,,,,,,,,
1783989082.434,65071000,164,1,1,0,10.0,24.88519287109375,10.0,24.88519287109375,9.22998332977295,25.141910552978516,-0.2567172050476074,38.78531265258789,46.72660827636719,0.0,0.0,-0.11480701714754105,1.0,1.0,0.0,1.1298757791519165,,,,,,,,,,,,,,,,
1783989082.463,65091000,165,1,2,0,10.0,25.224637985229492,10.0,25.224637985229492,8.852846145629883,25.43132972717285,-0.20669102668762207,42.015296936035156,48.23774719238281,0.0,0.0,0.2246374636888504,1.0,1.0,0.0,-1.1876723766326904,,,,,,,,,,,,,,,,
1783989082.479,65103000,166,1,3,0,10.0,24.775686264038086,10.0,24.775686264038086,8.937932968139648,25.244033813476562,-0.46834796667099,34.51120376586914,48.776023864746094,0.0,0.0,-0.2243133932352066,1.0,1.0,0.0,0.973883330821991,,,,,,,,,,,,,,,,
1783989082.495,65117000,167,2,255,0,,,,,,,,,,,,,,,,,0.0,0.0,0.0,0.0,3.0,2.450000047683716,0.0,0.0,-2.575188159942627,-1.0711876153945923,0.541647732257843,1.0,0.9363486170768738,-0.9363486170768738,1.3966290950775146,-1.3966290950775146
1783989082.517,65134000,168,1,0,0,10.0,25.114049911499023,10.0,25.114049911499023,8.488251686096191,25.599830627441406,-0.48578083515167236,30.161670684814453,44.84251403808594,0.0,0.0,0.11404939740896225,1.0,1.0,0.0,-0.7967578172683716,,,,,,,,,,,,,,,,
1783989082.540,65155000,169,1,1,0,10.0,24.88630485534668,10.0,24.88630485534668,9.231005668640137,25.14110565185547,-0.2548009157180786,38.9794921875,46.735660552978516,0.0,0.0,-0.11369523406028748,1.0,1.0,0.0,1.13621187210083,,,,,,,,,,,,,,,,
1783989082.566,65179000,170,1,2,0,10.0,25.222803115844727,10.0,25.222803115844727,8.852570533752441,25.431854248046875,-0.20905137062072754,41.91950225830078,48.225379943847656,0.0,0.0,0.22280380129814148,1.0,1.0,0.0,-1.184664249420166,,,,,,,,,,,,,,,,
1783989082.567,65205000,171,1,3,0,10.0,24.777244567871094,10.0,24.777244567871094,8.936077117919922,25.245553970336914,-0.468309223651886,34.50074005126953,48.786842346191406,0.0,0.0,-0.222754567861557,1.0,1.0,0.0,0.9732968807220459,,,,,,,,,,,,,,,,
1783989082.602,65226000,172,2,255,0,,,,,,,,,,,,,,,,,0.0,0.0,0.0,0.0,3.0,2.450000047683716,0.0,0.0,-2.5765206813812256,-1.0818644762039185,0.5420311093330383,1.0,0.9343008995056152,-0.9343008995056152,1.401726245880127,-1.401726245880127
1783989082.619,65241000,173,1,0,0,10.0,25.113420486450195,10.0,25.113420486450195,8.48633861541748,25.598678588867188,-0.4852592945098877,29.99539566040039,44.8404655456543,0.0,0.0,0.11342103779315948,1.0,1.0,0.0,-0.7910013794898987,,,,,,,,,,,,,,,,
1783989082.637,65257000,174,1,1,0,10.0,24.886274337768555,10.0,24.886274337768555,9.230132102966309,25.14185905456543,-0.255584716796875,38.81843185424805,46.73288345336914,0.0,0.0,-0.11372476071119308,1.0,1.0,0.0,1.1305873394012451,,,,,,,,,,,,,,,,
1783989082.658,65277000,175,1,2,0,10.0,25.22541046142578,10.0,25.22541046142578,8.850578308105469,25.433021545410156,-0.20761191844940186,41.889122009277344,48.24076461791992,0.0,0.0,0.22541016340255737,1.0,1.0,0.0,-1.1834591627120972,,,,,,,,,,,,,,,,
1783989082.683,65297000,176,1,3,0,10.0,24.774370193481445,10.0,24.774370193481445,8.93729305267334,25.244171142578125,-0.46980082988739014,34.27381896972656,48.76946258544922,0.0,0.0,-0.22563067078590393,1.0,1.0,0.0,0.9665235280990601,,,,,,,,,,,,,,,,
1783989082.709,65321000,177,2,255,0,,,,,,,,,,,,,,,,,0.0,0.0,0.0,0.0,3.0,2.450000047683716,0.0,0.0,-2.580720901489258,-1.0823330879211426,0.5432394742965698,1.0,0.9384421110153198,-0.9384421110153198,1.4072095155715942,-1.4072095155715942
1783989082.711,65348000,178,1,0,0,10.0,25.11395835876465,10.0,25.11395835876465,8.4882173538208,25.599884033203125,-0.48592686653137207,30.177257537841797,44.844608306884766,0.0,0.0,0.11395768821239471,1.0,1.0,0.0,-0.7969073057174683,,,,,,,,,,,,,,,,
1783989082.743,65369000,179,1,1,0,10.0,24.887014389038086,10.0,24.887014389038086,9.231080055236816,25.14094352722168,-0.2539306879043579,38.93622970581055,46.737815856933594,0.0,0.0,-0.11298520863056183,1.0,1.0,0.0,1.1348400115966797,,,,,,,,,,,,,,,,
1783989082.760,65382000,180,1,2,0,10.0,25.224241256713867,10.0,25.224241256713867,8.853828430175781,25.431840896606445,-0.20759999752044678,41.59834289550781,48.23253631591797,0.0,0.0,0.22424082458019257,1.0,1.0,0.0,-1.1745669841766357,,,,,,,,,,,,,,,,
1783989082.777,65398000,181,1,3,0,10.0,24.775911331176758,10.0,24.775911331176758,8.936575889587402,25.246789932250977,-0.4708796739578247,34.67185974121094,48.780426025390625,0.0,0.0,-0.22408939898014069,1.0,1.0,0.0,0.9792954921722412,,,,,,,,,,,,,,,,
1783989082.800,65416000,182,2,255,0,,,,,,,,,,,,,,,,,0.0,0.0,0.0,0.0,3.0,2.450000047683716,0.0,0.0,-2.5729308128356934,-1.0916821956634521,0.540998101234436,1.0,0.9275115132331848,-0.9275115132331848,1.4003044366836548,-1.4003044366836548
1783989082.825,65438000,183,1,0,0,10.0,25.11219024658203,10.0,25.11219024658203,8.486997604370117,25.599777221679688,-0.4875868558883667,29.960195541381836,44.83367919921875,0.0,0.0,0.1121893972158432,1.0,1.0,0.0,-0.7902010083198547,,,,,,,,,,,,,,,,
1783989082.852,65464000,184,1,1,0,10.0,24.8875789642334,10.0,24.8875789642334,9.230613708496094,25.141769409179688,-0.25419145822525024,38.945186614990234,46.7398567199707,0.0,0.0,-0.11242170631885529,1.0,1.0,0.0,1.1351624727249146,,,,,,,,,,,,,,,,
1783989082.855,65491000,185,1,2,0,10.0,25.22585105895996,10.0,25.22585105895996,8.852795600891113,25.43130874633789,-0.20545721054077148,41.89441680908203,48.2416877746582,0.0,0.0,0.22585022449493408,1.0,1.0,0.0,-1.1837109327316284,,,,,,,,,,,,,,,,
1783989082.890,65514000,186,1,3,0,10.0,24.77348518371582,10.0,24.77348518371582,8.9358491897583,25.24477195739746,-0.47128796577453613,34.373504638671875,48.76462936401367,0.0,0.0,-0.2265150249004364,1.0,1.0,0.0,0.9693622589111328,,,,,,,,,,,,,,,,
1783989082.908,65529000,187,2,255,0,,,,,,,,,,,,,,,,,0.0,0.0,0.0,0.0,3.0,2.450000047683716,0.0,0.0,-2.5842130184173584,-1.0835199356079102,0.5442441701889038,1.0,0.9416365623474121,-0.9416365623474121,1.412032127380371,-1.412032127380371
1783989082.927,65546000,188,1,0,0,10.0,25.114343643188477,10.0,25.114343643188477,8.488092422485352,25.600008010864258,-0.48566460609436035,30.067733764648438,44.847801208496094,0.0,0.0,0.11434409022331238,1.0,1.0,0.0,-0.793601393699646,,,,,,,,,,,,,,,,
1783989082.950,65566000,189,1,1,0,10.0,24.885854721069336,10.0,24.885854721069336,9.230462074279785,25.140825271606445,-0.2549707889556885,38.942413330078125,46.729576110839844,0.0,0.0,-0.11414480954408646,1.0,1.0,0.0,1.1352015733718872,,,,,,,,,,,,,,,,
1783989082.975,65589000,190,1,2,0,10.0,25.225116729736328,10.0,25.225116729736328,8.85275650024414,25.432687759399414,-0.20757317543029785,41.7034797668457,48.238853454589844,0.0,0.0,0.22511617839336395,1.0,1.0,0.0,-1.1782625913619995,,,,,,,,,,,,,,,,
1783989083.001,65614000,191,1,3,0,10.0,24.775407791137695,10.0,24.775407791137695,8.937806129455566,25.244495391845703,-0.4690885543823242,34.45578384399414,48.776424407958984,0.0,0.0,-0.22459129989147186,1.0,1.0,0.0,0.9720353484153748,,,,,,,,,,,,,,,,
1783989083.004,65641000,192,2,255,0,,,,,,,,,,,,,,,,,0.0,0.0,0.0,0.0,3.0,2.450000047683716,0.0,0.0,-2.573760986328125,-1.0862290859222412,0.5412369966506958,1.0,0.9300945997238159,-0.9300945997238159,1.3996187448501587,-1.3996187448501587
1783989083.039,65663000,193,1,0,0,10.0,25.112964630126953,10.0,25.112964630126953,8.488407135009766,25.59846305847168,-0.485500693321228,30.14496612548828,44.83878707885742,0.0,0.0,0.11296425759792328,1.0,1.0,0.0,-0.7961575388908386,,,,,,,,,,,,,,,,
1783989083.056,65678000,194,1,1,0,10.0,24.886947631835938,10.0,24.886947631835938,9.229982376098633,25.141916275024414,-0.2549692988395691,38.858177185058594,46.735877990722656,0.0,0.0,-0.11305145174264908,1.0,1.0,0.0,1.1322050094604492,,,,,,,,,,,,,,,,
1783989083.076,65695000,195,1,2,0,10.0,25.226015090942383,10.0,25.226015090942383,8.851750373840332,25.432100296020508,-0.20608603954315186,41.87544631958008,48.243194580078125,0.0,0.0,0.22601568698883057,1.0,1.0,0.0,-1.1833791732788086,,,,,,,,,,,,,,,,
1783989083.100,65715000,196,1,3,0,10.0,24.77359962463379,10.0,24.77359962463379,8.935587882995605,25.245285034179688,-0.47168582677841187,34.3360710144043,48.7660026550293,0.0,0.0,-0.22639989852905273,1.0,1.0,0.0,0.968238890171051,,,,,,,,,,,,,,,,
1783989083.126,65739000,197,2,255,0,,,,,,,,,,,,,,,,,0.0,0.0,0.0,0.0,3.0,2.450000047683716,0.0,0.0,-2.5839476585388184,-1.0883382558822632,0.5441679358482361,1.0,0.9398202300071716,-0.9398202300071716,1.4132392406463623,-1.4132392406463623
1783989083.129,65765000,198,1,0,0,10.0,25.113941192626953,10.0,25.113941192626953,8.487336158752441,25.6002197265625,-0.4862785339355469,30.101421356201172,44.845985412597656,0.0,0.0,0.1139407828450203,1.0,1.0,0.0,-0.794896125793457,,,,,,,,,,,,,,,,
1783989083.158,65784000,199,1,1,0,10.0,24.886625289916992,10.0,24.886625289916992,9.230767250061035,25.140336990356445,-0.25371164083480835,38.95940017700195,46.734718322753906,0.0,0.0,-0.11337412148714066,1.0,1.0,0.0,1.1355241537094116,,,,,,,,,,,,,,,,
1783989083.173,65797000,200,1,2,0,10.0,25.224565505981445,10.0,25.224565505981445,8.8528413772583,25.43133544921875,-0.20677149295806885,42.0933952331543,48.23480224609375,0.0,0.0,0.22456589341163635,1.0,1.0,0.0,-1.1914197206497192,,,,,,,,,,,,,,,,
1783989083.190,65811000,201,1,3,0,10.0,24.77594757080078,10.0,24.77594757080078,8.93701171875,25.24482536315918,-0.46887844800949097,34.36650466918945,48.7802734375,0.0,0.0,-0.22405289113521576,1.0,1.0,0.0,0.9693567156791687,,,,,,,,,,,,,,,,
1783989083.211,65829000,202,2,255,0,,,,,,,,,,,,,,,,,0.0,0.0,0.0,0.0,3.0,2.450000047683716,0.0,0.0,-2.568514108657837,-1.08661687374115,0.5397270917892456,1.0,0.9246360063552856,-0.9246360063552856,1.3930968046188354,-1.3930968046188354
1783989083.234,65849000,203,1,0,0,10.0,25.111974716186523,10.0,25.111974716186523,8.488380432128906,25.598430633544922,-0.48645734786987305,30.04674530029297,44.83080291748047,0.0,0.0,0.1119748204946518,1.0,1.0,0.0,-0.7931263446807861,,,,,,,,,,,,,,,,
1783989083.259,65873000,204,1,1,0,10.0,24.88824462890625,10.0,24.88824462890625,9.229814529418945,25.142488479614258,-0.2542436122894287,38.90421676635742,46.74641418457031,0.0,0.0,-0.11175500601530075,1.0,1.0,0.0,1.1333237886428833,,,,,,,,,,,,,,,,
1783989083.286,65898000,205,1,2,0,10.0,25.2231502532959,10.0,25.2231502532959,8.851523399353027,25.432649612426758,-0.20949840545654297,41.874420166015625,48.22522735595703,0.0,0.0,0.2231508493423462,1.0,1.0,0.0,-1.1838842630386353,,,,,,,,,,,,,,,,
1783989083.288,65925000,206,1,3,0,10.0,24.77638053894043,10.0,24.77638053894043,8.935696601867676,25.246158599853516,-0.46977847814559937,34.43568801879883,48.78361892700195,0.0,0.0,-0.2236187607049942,1.0,1.0,0.0,0.9717659950256348,,,,,,,,,,,,,,,,
1783989083.321,65946000,207,2,255,0,,,,,,,,,,,,,,,,,0.0,0.0,0.0,0.0,3.0,2.450000047683716,0.0,0.0,-2.578489065170288,-1.0833897590637207,0.5425975322723389,1.0,0.9358233213424683,-0.9358233213424683,1.4047123193740845,-1.4047123193740845
1783989083.340,65961000,208,1,0,0,10.0,25.11357307434082,10.0,25.11357307434082,8.485119819641113,25.600910186767578,-0.48733651638031006,30.03839874267578,44.84198760986328,0.0,0.0,0.11357320845127106,1.0,1.0,0.0,-0.7922500967979431,,,,,,,,,,,,,,,,
1783989083.357,65978000,209,1,1,0,10.0,24.886211395263672,10.0,24.886211395263672,9.229742050170898,25.14114761352539,-0.2549365162849426,39.13658905029297,46.732669830322266,0.0,0.0,-0.11378894746303558,1.0,1.0,0.0,1.1411328315734863,,,,,,,,,,,,,,,,
1783989083.380,65997000,210,1,2,0,10.0,25.224628448486328,10.0,25.224628448486328,8.85209846496582,25.431554794311523,-0.20692646503448486,41.84012985229492,48.23624038696289,0.0,0.0,0.22462771832942963,1.0,1.0,0.0,-1.1822283267974854,,,,,,,,,,,,,,,,
1783989083.406,66019000,211,1,3,0,10.0,24.775890350341797,10.0,24.775890350341797,8.936866760253906,25.2438907623291,-0.46800076961517334,34.4697265625,48.77870559692383,0.0,0.0,-0.22410880029201508,1.0,1.0,0.0,0.9726482033729553,,,,,,,,,,,,,,,,
1783989083.407,66045000,212,2,255,0,,,,,,,,,,,,,,,,,0.0,0.0,0.0,0.0,3.0,2.450000047683716,0.0,0.0,-2.5673792362213135,-1.0798441171646118,0.5394004583358765,1.0,0.9256362915039062,-0.9256362915039062,1.3895089626312256,-1.3895089626312256
1783989083.442,66066000,213,1,0,0,10.0,25.11113929748535,10.0,25.11113929748535,8.488594055175781,25.599193572998047,-0.4880547523498535,29.824134826660156,44.82328796386719,0.0,0.0,0.11113858222961426,1.0,1.0,0.0,-0.7860753536224365,,,,,,,,,,,,,,,,
1783989083.459,66081000,214,1,1,0,10.0,24.88927459716797,10.0,24.88927459716797,9.230470657348633,25.140920639038086,-0.25164633989334106,39.1929817199707,46.75497055053711,0.0,0.0,-0.11072633415460587,1.0,1.0,0.0,1.1427782773971558,,,,,,,,,,,,,,,,
1783989083.478,66097000,215,1,2,0,10.0,25.22101402282715,10.0,25.22101402282715,8.854012489318848,25.430410385131836,-0.2093970775604248,41.710968017578125,48.21160125732422,0.0,0.0,0.22101351618766785,1.0,1.0,0.0,-1.1776604652404785,,,,,,,,,,,,,,,,
1783989083.501,66117000,216,1,3,0,10.0,24.77881622314453,10.0,24.77881622314453,8.937211990356445,25.24566078186035,-0.46684443950653076,34.38664627075195,48.799232482910156,0.0,0.0,-0.22118429839611053,1.0,1.0,0.0,0.9695964455604553,,,,,,,,,,,,,,,,
1783989083.528,66140000,217,2,255,0,,,,,,,,,,,,,,,,,0.0,0.0,0.0,0.0,3.0,2.450000047683716,0.0,0.0,-2.560121536254883,-1.0914597511291504,0.5373116135597229,1.0,0.9146003723144531,-0.9146003723144531,1.384030818939209,-1.384030818939209
1783989083.530,66167000,218,1,0,0,10.0,25.110477447509766,10.0,25.110477447509766,8.487961769104004,25.597997665405273,-0.48752129077911377,29.776897430419922,44.82076644897461,0.0,0.0,0.11047808080911636,1.0,1.0,0.0,-0.7847838997840881,,,,,,,,,,,,,,,,
1783989083.562,66187000,219,1,1,0,10.0,24.888978958129883,10.0,24.888978958129883,9.230317115783691,25.14136505126953,-0.2523854374885559,39.160099029541016,46.751033782958984,0.0,0.0,-0.11102036386728287,1.0,1.0,0.0,1.1417814493179321,,,,,,,,,,,,,,,,
1783989083.579,66201000,220,1,2,0,10.0,25.222736358642578,10.0,25.222736358642578,8.85152530670166,25.432645797729492,-0.20990967750549316,41.975120544433594,48.22210693359375,0.0,0.0,0.2227354496717453,1.0,1.0,0.0,-1.1868752241134644,,,,,,,,,,,,,,,,
1783989083.598,66217000,221,1,3,0,10.0,24.77726173400879,10.0,24.77726173400879,8.936540603637695,25.244525909423828,-0.4672631621360779,34.741336822509766,48.78947830200195,0.0,0.0,-0.2227383852005005,1.0,1.0,0.0,0.9814353585243225,,,,,,,,,,,,,,,,
1783989083.620,66237000,222,2,255,0,,,,,,,,,,,,,,,,,0.0,0.0,0.0,0.0,3.0,2.450000047683716,0.0,0.0,-2.5612735748291016,-1.087666392326355,0.5376432538032532,1.0,0.9169659614562988,-0.9169659614562988,1.3842830657958984,-1.3842830657958984
1783989083.645,66259000,223,1,0,0,10.0,25.110918045043945,10.0,25.110918045043945,8.489679336547852,25.598466873168945,-0.4875481128692627,29.842388153076172,44.8231315612793,0.0,0.0,0.11091850697994232,1.0,1.0,0.0,-0.7865512371063232,,,,,,,,,,,,,,,,
1783989083.672,66284000,224,1,1,0,10.0,24.889503479003906,10.0,24.889503479003906,9.229981422424316,25.14191246032715,-0.25240927934646606,39.029178619384766,46.7556266784668,0.0,0.0,-0.11049596965312958,1.0,1.0,0.0,1.1374489068984985,,,,,,,,,,,,,,,,
1783989083.674,66311000,225,1,2,0,10.0,25.220937728881836,10.0,25.220937728881836,8.853665351867676,25.430965423583984,-0.21002888679504395,41.892601013183594,48.210655212402344,0.0,0.0,0.22093838453292847,1.0,1.0,0.0,-1.1843771934509277,,,,,,,,,,,,,,,,
1783989083.706,66331000,226,1,3,0,10.0,24.77866554260254,10.0,24.77866554260254,8.935733795166016,25.246232986450195,-0.4675671458244324,34.592491149902344,48.799285888671875,0.0,0.0,-0.22133442759513855,1.0,1.0,0.0,0.9757694602012634,,,,,,,,,,,,,,,,
1783989083.723,66345000,227,2,255,0,,,,,,,,,,,,,,,,,0.0,0.0,0.0,0.0,3.0,2.450000047683716,0.0,0.0,-2.559269905090332,-1.0944085121154785,0.5370665788650513,1.0,0.9128077030181885,-0.9128077030181885,1.383890151977539,-1.383890151977539
1783989083.742,66361000,228,1,0,0,10.0,25.11014175415039,10.0,25.11014175415039,8.486770629882812,25.597984313964844,-0.4878431558609009,29.890178680419922,44.818973541259766,0.0,0.0,0.11014194041490555,1.0,1.0,0.0,-0.7878433465957642,,,,,,,,,,,,,,,,
1783989083.764,66381000,229,1,1,0,10.0,24.889528274536133,10.0,24.889528274536133,9.229438781738281,25.143014907836914,-0.25348812341690063,38.9619026184082,46.754329681396484,0.0,0.0,-0.1104724332690239,1.0,1.0,0.0,1.1353949308395386,,,,,,,,,,,,,,,,
1783989083.790,66403000,230,1,2,0,10.0,25.22304916381836,10.0,25.22304916381836,8.850752830505371,25.43291664123535,-0.2098679542541504,41.6905632019043,48.22355270385742,0.0,0.0,0.22304899990558624,1.0,1.0,0.0,-1.177430272102356,,,,,,,,,,,,,,,,
1783989083.791,66429000,231,1,3,0,10.0,24.7766170501709,10.0,24.7766170501709,8.935896873474121,25.245559692382812,-0.4689425230026245,34.356590270996094,48.785701751708984,0.0,0.0,-0.2233838140964508,1.0,1.0,0.0,0.9687062501907349,,,,,,,,,,,,,,,,
1783989083.827,66450000,232,2,255,0,,,,,,,,,,,,,,,,,0.0,0.0,0.0,0.0,3.0,2.450000047683716,0.0,0.0,-2.5709986686706543,-1.0836604833602905,0.5404421091079712,1.0,0.9281019568443298,-0.9281019568443298,1.3953007459640503,-1.3953007459640503
1783989083.827,66465000,233,1,0,0,10.0,25.11253547668457,10.0,25.11253547668457,8.487479209899902,25.600082397460938,-0.4875481128692627,29.9626522064209,44.834266662597656,0.0,0.0,0.11253482848405838,1.0,1.0,0.0,-0.7904454469680786,,,,,,,,,,,,,,,,
1783989083.863,66483000,234,1,1,0,10.0,24.88762664794922,10.0,24.88762664794922,9.231639862060547,25.139921188354492,-0.2522960305213928,39.0336799621582,46.74302673339844,0.0,0.0,-0.11237356811761856,1.0,1.0,0.0,1.137819766998291,,,,,,,,,,,,,,,,
1783989083.886,66502000,235,1,2,0,10.0,25.222410202026367,10.0,25.222410202026367,8.854179382324219,25.431299209594727,-0.20889043807983398,41.75312042236328,48.2215461730957,0.0,0.0,0.2224111258983612,1.0,1.0,0.0,-1.1795929670333862,,,,,,,,,,,,,,,,
1783989083.912,66524000,236,1,3,0,10.0,24.778179168701172,10.0,24.778179168701172,8.936519622802734,25.24590492248535,-0.46772658824920654,34.52830505371094,48.79404830932617,0.0,0.0,-0.22182132303714752,1.0,1.0,0.0,0.9743553400039673,,,,,,,,,,,,,,,,
1783989083.913,66551000,237,2,255,0,,,,,,,,,,,,,,,,,0.0,0.0,0.0,0.0,3.0,2.450000047683716,0.0,0.0,-2.5594639778137207,-1.0836246013641357,0.5371224284172058,1.0,0.9164160490036011,-0.9164160490036011,1.3807224035263062,-1.3807224035263062
1783989083.948,66573000,238,1,0,0,10.0,25.1105899810791,10.0,25.1105899810791,8.489312171936035,25.596710205078125,-0.4861205816268921,29.93008804321289,44.82015609741211,0.0,0.0,0.1105893924832344,1.0,1.0,0.0,-0.7894623279571533,,,,,,,,,,,,,,,,
1783989083.965,66587000,239,1,1,0,10.0,24.889318466186523,10.0,24.889318466186523,9.230360984802246,25.141399383544922,-0.2520814538002014,39.08582305908203,46.75447082519531,0.0,0.0,-0.11068235337734222,1.0,1.0,0.0,1.1389955282211304,,,,,,,,,,,,,,,,
1783989083.984,66604000,240,1,2,0,10.0,25.22200584411621,10.0,25.22200584411621,8.852548599243164,25.431907653808594,-0.20990073680877686,41.84181594848633,48.217655181884766,0.0,0.0,0.2220056653022766,1.0,1.0,0.0,-1.182321310043335,,,,,,,,,,,,,,,,
1783989084.007,66623000,241,1,3,0,10.0,24.777542114257812,10.0,24.777542114257812,8.935821533203125,25.24482536315918,-0.46728402376174927,34.627079010009766,48.791175842285156,0.0,0.0,-0.22245778143405914,1.0,1.0,0.0,0.9775243401527405,,,,,,,,,,,,,,,,
1783989084.032,66646000,242,2,255,0,,,,,,,,,,,,,,,,,0.0,0.0,0.0,0.0,3.0,2.450000047683716,0.0,0.0,-2.5658769607543945,-1.085378885269165,0.5389682054519653,1.0,0.9223533868789673,-0.9223533868789673,1.3893693685531616,-1.3893693685531616
1783989084.060,66671000,243,1,0,0,10.0,25.111711502075195,10.0,25.111711502075195,8.486227989196777,25.600034713745117,-0.4883229732513428,29.8880672454834,44.82851791381836,0.0,0.0,0.11171179264783859,1.0,1.0,0.0,-0.7880681157112122,,,,,,,,,,,,,,,,
1783989084.062,66699000,244,1,1,0,10.0,24.888174057006836,10.0,24.888174057006836,9.229657173156738,25.141555786132812,-0.25338083505630493,38.96367645263672,46.746826171875,0.0,0.0,-0.11182539165019989,1.0,1.0,0.0,1.1347450017929077,,,,,,,,,,,,,,,,
1783989084.096,66720000,245,1,2,0,10.0,25.220396041870117,10.0,25.220396041870117,8.853713035583496,25.43098258972168,-0.21058917045593262,41.73647689819336,48.20901870727539,0.0,0.0,0.22039589285850525,1.0,1.0,0.0,-1.1790823936462402,,,,,,,,,,,,,,,,
1783989084.114,66735000,246,1,3,0,10.0,24.780349731445312,10.0,24.780349731445312,8.93599796295166,25.245576858520508,-0.4652276635169983,34.62811279296875,48.80736541748047,0.0,0.0,-0.21964989602565765,1.0,1.0,0.0,0.9776294827461243,,,,,,,,,,,,,,,,
1783989084.133,66752000,247,2,255,0,,,,,,,,,,,,,,,,,0.0,0.0,0.0,0.0,3.0,2.450000047683716,0.0,0.0,-2.5479350090026855,-1.0760219097137451,0.5338035821914673,1.0,0.9071884155273438,-0.9071884155273438,1.3638439178466797,-1.3638439178466797
1783989084.157,66773000,248,1,0,0,10.0,25.110000610351562,10.0,25.110000610351562,8.489775657653809,25.597023010253906,-0.48702359199523926,29.953203201293945,44.8133544921875,0.0,0.0,0.10999976098537445,1.0,1.0,0.0,-0.7904337644577026,,,,,,,,,,,,,,,,
1783989084.184,66796000,249,1,1,0,10.0,24.890214920043945,10.0,24.890214920043945,9.230001449584961,25.141996383666992,-0.2517819404602051,39.08598327636719,46.76356887817383,0.0,0.0,-0.10978585481643677,1.0,1.0,0.0,1.139002799987793,,,,,,,,,,,,,,,,
1783989084.186,66823000,250,1,2,0,10.0,25.218856811523438,10.0,25.218856811523438,8.853316307067871,25.43150520324707,-0.21264851093292236,41.56602096557617,48.19866943359375,0.0,0.0,0.21885626018047333,1.0,1.0,0.0,-1.1739108562469482,,,,,,,,,,,,,,,,
1783989084.221,66845000,251,1,3,0,10.0,24.778133392333984,10.0,24.778133392333984,8.934844017028809,25.246501922607422,-0.4683688282966614,34.4499397277832,48.793853759765625,0.0,0.0,-0.22186729311943054,1.0,1.0,0.0,0.9717983603477478,,,,,,,,,,,,,,,,
1783989084.236,66860000,252,2,255,0,,,,,,,,,,,,,,,,,0.0,0.0,0.0,0.0,3.0,2.450000047683716,0.0,0.0,-2.5715548992156982,-1.080912709236145,0.5406022071838379,1.0,0.9295427799224854,-0.9295427799224854,1.395129680633545,-1.395129680633545
1783989084.236,66873000,253,1,0,0,10.0,25.112817764282227,10.0,25.112817764282227,8.486756324768066,25.598966598510742,-0.4861503839492798,30.004276275634766,44.83570861816406,0.0,0.0,0.11281822621822357,1.0,1.0,0.0,-0.7915268540382385,,,,,,,,,,,,,,,,
1783989084.255,66884000,254,1,1,0,10.0,24.886043548583984,10.0,24.886043548583984,9.230857849121094,25.141159057617188,-0.2551153302192688,39.11844253540039,46.73202896118164,0.0,0.0,-0.11395613849163055,1.0,1.0,0.0,1.1422337293624878,,,,,,,,,,,,,,,,
1783989084.265,66894000,255,1,2,0,10.0,25.22530174255371,10.0,25.22530174255371,8.851591110229492,25.43130874633789,-0.20600557327270508,42.44207763671875,48.240970611572266,0.0,0.0,0.22530199587345123,1.0,1.0,0.0,-1.2012465000152588,,,,,,,,,,,,,,,,
1783989084.275,66904000,0,1,3,0,10.0,24.77419090270996,10.0,24.77419090270996,8.935632705688477,25.24518394470215,-0.47099292278289795,33.46234130859375,48.76728820800781,0.0,0.0,-0.22580938041210175,1.0,1.0,0.0,0.9401129484176636,,,,,,,,,,,,,,,,
1783989084.285,66914000,1,2,255,0,,,,,,,,,,,,,,,,,0.0,0.0,0.0,0.0,3.0,2.450000047683716,0.0,0.0,-2.588698148727417,-1.0755841732025146,0.5455343723297119,1.0,0.9487874507904053,-0.9487874507904053,1.4151968955993652,-1.4151968955993652
1783989084.295,66924000,2,1,0,0,10.0,25.115711212158203,10.0,25.115711212158203,8.48709487915039,25.598430633544922,-0.48272013664245605,30.576581954956055,44.85599136352539,0.0,0.0,0.11571185290813446,1.0,1.0,0.0,-0.8093105554580688,,,,,,,,,,,,,,,,
1783989084.305,66934000,3,1,1,0,10.0,24.884035110473633,10.0,24.884035110473633,9.230857849121094,25.141159057617188,-0.25712400674819946,39.16850662231445,46.717952728271484,0.0,0.0,-0.11596537381410599,1.0,1.0,0.0,1.144403338432312,,,,,,,,,,,,,,,,
1783989084.315,66944000,4,1,2,0,10.0,25.2270450592041,10.0,25.2270450592041,8.851591110229492,25.43130874633789,-0.20426511764526367,42.53757095336914,48.252864837646484,0.0,0.0,0.22704456746578217,1.0,1.0,0.0,-1.2041842937469482,,,,,,,,,,,,,,,,
1783989084.325,66954000,5,1,3,0,10.0,24.772777557373047,10.0,24.772777557373047,8.935632705688477,25.24518394470215,-0.4724070429801941,33.422218322753906,48.75764083862305,0.0,0.0,-0.22722242772579193,1.0,1.0,0.0,0.9388565421104431,,,,,,,,,,,,,,,,
1783989084.335,66964000,6,2,255,0,,,,,,,,,,,,,,,,,0.0,0.0,0.0,0.0,3.0,2.450000047683716,0.0,0.0,0.0,0.0,0.0,0.0,0.0,0.0,0.0,0.0
1783989084.345,66974000,7,1,0,0,10.0,25.0,10.0,25.0,8.48709487915039,25.598430633544922,-0.5984306335449219,24.42393684387207,43.906166076660156,0.0,0.0,0.0,1.0,1.0,0.0,-0.625832200050354,,,,,,,,,,,,,,,,
1783989084.355,66984000,8,1,1,0,10.0,25.0,10.0,25.0,9.230857849121094,25.141159057617188,-0.14115869998931885,43.69763946533203,47.669551849365234,0.0,0.0,0.0,1.0,1.0,0.0,1.2821016311645508,,,,,,,,,,,,,,,,
1783989084.365,66994000,9,1,2,0,10.0,25.0,10.0,25.0,8.851591110229492,25.43130874633789,-0.43130815029144287,32.23197555541992,46.83324432373047,0.0,0.0,0.0,1.0,1.0,0.0,-0.8942228555679321,,,,,,,,,,,,,,,,
1783989084.375,67004000,10,1,3,0,10.0,25.0,10.0,25.0,8.935632705688477,25.24518394470215,-0.24518370628356934,41.808589935302734,50.1784782409668,0.0,0.0,0.0,1.0,1.0,0.0,1.192330241203308,,,,,,,,,,,,,,,,
1783989084.385,67014000,11,2,255,0,,,,,,,,,,,,,,,,,0.0,0.0,0.0,0.0,3.0,2.450000047683716,0.0,0.0,0.0,0.0,0.0,0.0,0.0,0.0,0.0,0.0
1783989084.395,67024000,12,1,0,0,10.0,25.0,10.0,25.0,8.48709487915039,25.598430633544922,-0.5984306335449219,25.63200569152832,43.906166076660156,0.0,0.0,0.0,1.0,1.0,0.0,-0.661858320236206,,,,,,,,,,,,,,,,
1783989084.405,67034000,13,1,1,0,10.0,25.0,10.0,25.0,9.230857849121094,25.141159057617188,-0.14115869998931885,43.69763946533203,47.669551849365234,0.0,0.0,0.0,1.0,1.0,0.0,1.2821016311645508,,,,,,,,,,,,,,,,
1783989084.415,67044000,14,1,2,0,10.0,25.0,10.0,25.0,8.851591110229492,25.43130874633789,-0.43130815029144287,33.64698028564453,46.83324432373047,0.0,0.0,0.0,1.0,1.0,0.0,-0.9367819428443909,,,,,,,,,,,,,,,,
1783989084.425,67054000,15,1,3,0,10.0,25.0,10.0,25.0,8.935632705688477,25.24518394470215,-0.24518370628356934,41.808589935302734,50.1784782409668,0.0,0.0,0.0,1.0,1.0,0.0,1.192330241203308,,,,,,,,,,,,,,,,
1783989084.435,67064000,16,2,255,0,,,,,,,,,,,,,,,,,0.0,0.0,0.0,0.0,3.0,2.450000047683716,0.0,0.0,0.0,0.0,0.0,0.0,0.0,0.0,0.0,0.0
1783989084.445,67074000,17,1,0,0,10.0,25.0,10.0,25.0,8.48709487915039,25.598430633544922,-0.5984306335449219,25.968454360961914,43.906166076660156,0.0,0.0,0.0,1.0,1.0,0.0,-0.6718916893005371,,,,,,,,,,,,,,,,
1783989084.455,67084000,18,1,1,0,10.0,25.0,10.0,25.0,9.230857849121094,25.141159057617188,-0.14115869998931885,43.69763946533203,47.669551849365234,0.0,0.0,0.0,1.0,1.0,0.0,1.2821016311645508,,,,,,,,,,,,,,,,
1783989084.465,67094000,19,1,2,0,10.0,25.0,10.0,25.0,8.851591110229492,25.43130874633789,-0.43130815029144287,34.04106140136719,46.83324432373047,0.0,0.0,0.0,1.0,1.0,0.0,-0.948634684085846,,,,,,,,,,,,,,,,
1783989084.475,67104000,20,1,3,0,10.0,25.0,10.0,25.0,8.935632705688477,25.24518394470215,-0.24518370628356934,41.808589935302734,50.1784782409668,0.0,0.0,0.0,1.0,1.0,0.0,1.192330241203308,,,,,,,,,,,,,,,,
1783989084.485,67114000,21,2,255,0,,,,,,,,,,,,,,,,,0.0,0.0,0.0,0.0,3.0,2.450000047683716,0.0,0.0,0.0,0.0,0.0,0.0,0.0,0.0,0.0,0.0
1783989084.495,67124000,22,1,0,0,10.0,25.0,10.0,25.0,8.48709487915039,25.598430633544922,-0.5984306335449219,26.062156677246094,43.906166076660156,0.0,0.0,0.0,1.0,1.0,0.0,-0.6746860146522522,,,,,,,,,,,,,,,,
1783989084.505,67134000,23,1,1,0,10.0,25.0,10.0,25.0,9.230857849121094,25.141159057617188,-0.14115869998931885,43.69763946533203,47.669551849365234,0.0,0.0,0.0,1.0,1.0,0.0,1.2821016311645508,,,,,,,,,,,,,,,,
1783989084.515,67144000,24,1,2,0,10.0,25.0,10.0,25.0,8.851591110229492,25.43130874633789,-0.43130815029144287,34.15081024169922,46.83324432373047,0.0,0.0,0.0,1.0,1.0,0.0,-0.9519357085227966,,,,,,,,,,,,,,,,
1783989084.525,67154000,25,1,3,0,10.0,25.0,10.0,25.0,8.935632705688477,25.24518394470215,-0.24518370628356934,41.808589935302734,50.1784782409668,0.0,0.0,0.0,1.0,1.0,0.0,1.192330241203308,,,,,,,,,,,,,,,,
1783989084.535,67164000,26,2,255,0,,,,,,,,,,,,,,,,,0.0,0.0,0.0,0.0,3.0,2.450000047683716,0.0,0.0,0.0,0.0,0.0,0.0,0.0,0.0,0.0,0.0
1783989084.545,67174000,27,1,0,0,10.0,25.0,10.0,25.0,8.48709487915039,25.598430633544922,-0.5984306335449219,26.0882511138916,43.906166076660156,0.0,0.0,0.0,1.0,1.0,0.0,-0.6754641532897949,,,,,,,,,,,,,,,,
1783989084.555,67184000,28,1,1,0,10.0,25.0,10.0,25.0,9.230857849121094,25.141159057617188,-0.14115869998931885,43.69763946533203,47.669551849365234,0.0,0.0,0.0,1.0,1.0,0.0,1.2821016311645508,,,,,,,,,,,,,,,,
1783989084.565,67194000,29,1,2,0,10.0,25.0,10.0,25.0,8.851591110229492,25.43130874633789,-0.43130815029144287,34.18137741088867,46.83324432373047,0.0,0.0,0.0,1.0,1.0,0.0,-0.9528550505638123,,,,,,,,,,,,,,,,
1783989084.565,67204000,30,1,3,0,10.0,25.0,10.0,25.0,8.935632705688477,25.24518394470215,-0.24518370628356934,41.808589935302734,50.1784782409668,0.0,0.0,0.0,1.0,1.0,0.0,1.192330241203308,,,,,,,,,,,,,,,,
1783989084.585,67214000,31,2,255,0,,,,,,,,,,,,,,,,,0.0,0.0,0.0,0.0,3.0,2.450000047683716,0.0,0.0,0.0,0.0,0.0,0.0,0.0,0.0,0.0,0.0
1783989084.595,67224000,32,1,0,0,10.0,25.0,10.0,25.0,8.48709487915039,25.598430633544922,-0.5984306335449219,26.09552001953125,43.906166076660156,0.0,0.0,0.0,1.0,1.0,0.0,-0.6756808757781982,,,,,,,,,,,,,,,,
1783989084.605,67234000,33,1,1,0,10.0,25.0,10.0,25.0,9.230857849121094,25.141159057617188,-0.14115869998931885,43.69763946533203,47.669551849365234,0.0,0.0,0.0,1.0,1.0,0.0,1.2821016311645508,,,,,,,,,,,,,,,,
1783989084.615,67244000,34,1,2,0,10.0,25.0,10.0,25.0,8.851591110229492,25.43130874633789,-0.43130815029144287,34.18988800048828,46.83324432373047,0.0,0.0,0.0,1.0,1.0,0.0,-0.9531109929084778,,,,,,,,,,,,,,,,
1783989084.625,67254000,35,1,3,0,10.0,25.0,10.0,25.0,8.935632705688477,25.24518394470215,-0.24518370628356934,41.808589935302734,50.1784782409668,0.0,0.0,0.0,1.0,1.0,0.0,1.192330241203308,,,,,,,,,,,,,,,,
1783989084.635,67264000,36,2,255,0,,,,,,,,,,,,,,,,,0.0,0.0,0.0,0.0,3.0,2.450000047683716,0.0,0.0,0.0,0.0,0.0,0.0,0.0,0.0,0.0,0.0
1783989084.645,67274000,37,1,0,0,10.0,25.0,10.0,25.0,8.48709487915039,25.598430633544922,-0.5984306335449219,26.097543716430664,43.906166076660156,0.0,0.0,0.0,1.0,1.0,0.0,-0.6757412552833557,,,,,,,,,,,,,,,,
1783989084.655,67284000,38,1,1,0,10.0,25.0,10.0,25.0,9.230857849121094,25.141159057617188,-0.14115869998931885,43.69763946533203,47.669551849365234,0.0,0.0,0.0,1.0,1.0,0.0,1.2821016311645508,,,,,,,,,,,,,,,,
1783989084.666,67294000,39,1,2,0,10.0,25.0,10.0,25.0,8.851591110229492,25.43130874633789,-0.43130815029144287,34.1922607421875,46.83324432373047,0.0,0.0,0.0,1.0,1.0,0.0,-0.9531823396682739,,,,,,,,,,,,,,,,
1783989084.675,67304000,40,1,3,0,10.0,25.0,10.0,25.0,8.935632705688477,25.24518394470215,-0.24518370628356934,41.808589935302734,50.1784782409668,0.0,0.0,0.0,1.0,1.0,0.0,1.192330241203308,,,,,,,,,,,,,,,,
1783989084.685,67314000,41,2,255,0,,,,,,,,,,,,,,,,,0.0,0.0,0.0,0.0,3.0,2.450000047683716,0.0,0.0,0.0,0.0,0.0,0.0,0.0,0.0,0.0,0.0
1783989084.696,67324000,42,1,0,0,10.0,25.0,10.0,25.0,8.48709487915039,25.598430633544922,-0.5984306335449219,26.098106384277344,43.906166076660156,0.0,0.0,0.0,1.0,1.0,0.0,-0.6757580637931824,,,,,,,,,,,,,,,,
1783989084.706,67334000,43,1,1,0,10.0,25.0,10.0,25.0,9.230857849121094,25.141159057617188,-0.14115869998931885,43.69763946533203,47.669551849365234,0.0,0.0,0.0,1.0,1.0,0.0,1.2821016311645508,,,,,,,,,,,,,,,,
1783989084.715,67344000,44,1,2,0,10.0,25.0,10.0,25.0,8.851591110229492,25.43130874633789,-0.43130815029144287,34.19292068481445,46.83324432373047,0.0,0.0,0.0,1.0,1.0,0.0,-0.9532021880149841,,,,,,,,,,,,,,,,
1783989084.725,67354000,45,1,3,0,10.0,25.0,10.0,25.0,8.935632705688477,25.24518394470215,-0.24518370628356934,41.808589935302734,50.1784782409668,0.0,0.0,0.0,1.0,1.0,0.0,1.192330241203308,,,,,,,,,,,,,,,,
1783989084.735,67364000,46,2,255,0,,,,,,,,,,,,,,,,,0.0,0.0,0.0,0.0,3.0,2.450000047683716,0.0,0.0,0.0,0.0,0.0,0.0,0.0,0.0,0.0,0.0
1783989084.747,67374000,47,1,0,0,10.0,25.0,10.0,25.0,8.48709487915039,25.598430633544922,-0.5984306335449219,26.098264694213867,43.906166076660156,0.0,0.0,0.0,1.0,1.0,0.0,-0.6757627725601196,,,,,,,,,,,,,,,,
1783989084.755,67384000,48,1,1,0,10.0,25.0,10.0,25.0,9.230857849121094,25.141159057617188,-0.14115869998931885,43.69763946533203,47.669551849365234,0.0,0.0,0.0,1.0,1.0,0.0,1.2821016311645508,,,,,,,,,,,,,,,,
1783989084.765,67394000,49,1,2,0,10.0,25.0,10.0,25.0,8.851591110229492,25.43130874633789,-0.43130815029144287,34.1931037902832,46.83324432373047,0.0,0.0,0.0,1.0,1.0,0.0,-0.9532077312469482,,,,,,,,,,,,,,,,
1783989084.775,67404000,50,1,3,0,10.0,25.0,10.0,25.0,8.935632705688477,25.24518394470215,-0.24518370628356934,41.808589935302734,50.1784782409668,0.0,0.0,0.0,1.0,1.0,0.0,1.192330241203308,,,,,,,,,,,,,,,,
1783989084.785,67414000,51,2,255,0,,,,,,,,,,,,,,,,,0.0,0.0,0.0,0.0,3.0,2.450000047683716,0.0,0.0,0.0,0.0,0.0,0.0,0.0,0.0,0.0,0.0
1783989084.795,67424000,52,1,0,0,10.0,25.0,10.0,25.0,8.48709487915039,25.598430633544922,-0.5984306335449219,26.098308563232422,43.906166076660156,0.0,0.0,0.0,1.0,1.0,0.0,-0.6757640838623047,,,,,,,,,,,,,,,,
1783989084.805,67434000,53,1,1,0,10.0,25.0,10.0,25.0,9.230857849121094,25.141159057617188,-0.14115869998931885,43.69763946533203,47.669551849365234,0.0,0.0,0.0,1.0,1.0,0.0,1.2821016311645508,,,,,,,,,,,,,,,,
1783989084.815,67444000,54,1,2,0,10.0,25.0,10.0,25.0,8.851591110229492,25.43130874633789,-0.43130815029144287,34.19315719604492,46.83324432373047,0.0,0.0,0.0,1.0,1.0,0.0,-0.9532092213630676,,,,,,,,,,,,,,,,
1783989084.825,67454000,55,1,3,0,10.0,25.0,10.0,25.0,8.935632705688477,25.24518394470215,-0.24518370628356934,41.808589935302734,50.1784782409668,0.0,0.0,0.0,1.0,1.0,0.0,1.192330241203308,,,,,,,,,,,,,,,,
1783989084.835,67464000,56,2,255,0,,,,,,,,,,,,,,,,,0.0,0.0,0.0,0.0,3.0,2.450000047683716,0.0,0.0,0.0,0.0,0.0,0.0,0.0,0.0,0.0,0.0
1783989084.845,67474000,57,1,0,0,10.0,25.0,10.0,25.0,8.48709487915039,25.598430633544922,-0.5984306335449219,26.09832000732422,43.906166076660156,0.0,0.0,0.0,1.0,1.0,0.0,-0.6757644414901733,,,,,,,,,,,,,,,,
1783989084.855,67484000,58,1,1,0,10.0,25.0,10.0,25.0,9.230857849121094,25.141159057617188,-0.14115869998931885,43.69763946533203,47.669551849365234,0.0,0.0,0.0,1.0,1.0,0.0,1.2821016311645508,,,,,,,,,,,,,,,,
1783989084.866,67494000,59,1,2,0,10.0,25.0,10.0,25.0,8.851591110229492,25.43130874633789,-0.43130815029144287,34.19316864013672,46.83324432373047,0.0,0.0,0.0,1.0,1.0,0.0,-0.9532096982002258,,,,,,,,,,,,,,,,
1783989084.875,67504000,60,1,3,0,10.0,25.0,10.0,25.0,8.935632705688477,25.24518394470215,-0.24518370628356934,41.808589935302734,50.1784782409668,0.0,0.0,0.0,1.0,1.0,0.0,1.192330241203308,,,,,,,,,,,,,,,,
1783989084.885,67514000,61,2,255,0,,,,,,,,,,,,,,,,,0.0,0.0,0.0,0.0,3.0,2.450000047683716,0.0,0.0,0.0,0.0,0.0,0.0,0.0,0.0,0.0,0.0
1783989084.895,67524000,62,1,0,0,10.0,25.0,10.0,25.0,8.48709487915039,25.598430633544922,-0.5984306335449219,26.098323822021484,43.906166076660156,0.0,0.0,0.0,1.0,1.0,0.0,-0.6757645010948181,,,,,,,,,,,,,,,,
1783989084.906,67534000,63,1,1,0,10.0,25.0,10.0,25.0,9.230857849121094,25.141159057617188,-0.14115869998931885,43.69763946533203,47.669551849365234,0.0,0.0,0.0,1.0,1.0,0.0,1.2821016311645508,,,,,,,,,,,,,,,,
1783989084.915,67544000,64,1,2,0,10.0,25.0,10.0,25.0,8.851591110229492,25.43130874633789,-0.43130815029144287,34.19317626953125,46.83324432373047,0.0,0.0,0.0,1.0,1.0,0.0,-0.9532098174095154,,,,,,,,,,,,,,,,
1783989084.925,67554000,65,1,3,0,10.0,25.0,10.0,25.0,8.935632705688477,25.24518394470215,-0.24518370628356934,41.808589935302734,50.1784782409668,0.0,0.0,0.0,1.0,1.0,0.0,1.192330241203308,,,,,,,,,,,,,,,,
1783989084.935,67564000,66,2,255,0,,,,,,,,,,,,,,,,,0.0,0.0,0.0,0.0,3.0,2.450000047683716,0.0,0.0,0.0,0.0,0.0,0.0,0.0,0.0,0.0,0.0
1783989084.945,67574000,67,1,0,0,10.0,25.0,10.0,25.0,8.48709487915039,25.598430633544922,-0.5984306335449219,26.098323822021484,43.906166076660156,0.0,0.0,0.0,1.0,1.0,0.0,-0.6757645010948181,,,,,,,,,,,,,,,,
1783989084.955,67584000,68,1,1,0,10.0,25.0,10.0,25.0,9.230857849121094,25.141159057617188,-0.14115869998931885,43.69763946533203,47.669551849365234,0.0,0.0,0.0,1.0,1.0,0.0,1.2821016311645508,,,,,,,,,,,,,,,,
1783989084.965,67594000,69,1,2,0,10.0,25.0,10.0,25.0,8.851591110229492,25.43130874633789,-0.43130815029144287,34.19317626953125,46.83324432373047,0.0,0.0,0.0,1.0,1.0,0.0,-0.9532098174095154,,,,,,,,,,,,,,,,
1783989084.975,67604000,70,1,3,0,10.0,25.0,10.0,25.0,8.935632705688477,25.24518394470215,-0.24518370628356934,41.808589935302734,50.1784782409668,0.0,0.0,0.0,1.0,1.0,0.0,1.192330241203308,,,,,,,,,,,,,,,,
1783989084.985,67614000,71,2,255,0,,,,,,,,,,,,,,,,,0.0,0.0,0.0,0.0,3.0,2.450000047683716,0.0,0.0,0.0,0.0,0.0,0.0,0.0,0.0,0.0,0.0
1783989084.995,67624000,72,1,0,0,10.0,25.0,10.0,25.0,8.48709487915039,25.598430633544922,-0.5984306335449219,26.098323822021484,43.906166076660156,0.0,0.0,0.0,1.0,1.0,0.0,-0.6757645010948181,,,,,,,,,,,,,,,,
1783989085.006,67634000,73,1,1,0,10.0,25.0,10.0,25.0,9.230857849121094,25.141159057617188,-0.14115869998931885,43.69763946533203,47.669551849365234,0.0,0.0,0.0,1.0,1.0,0.0,1.2821016311645508,,,,,,,,,,,,,,,,
1783989085.015,67644000,74,1,2,0,10.0,25.0,10.0,25.0,8.851591110229492,25.43130874633789,-0.43130815029144287,34.19317626953125,46.83324432373047,0.0,0.0,0.0,1.0,1.0,0.0,-0.9532098174095154,,,,,,,,,,,,,,,,
1783989085.025,67654000,75,1,3,0,10.0,25.0,10.0,25.0,8.935632705688477,25.24518394470215,-0.24518370628356934,41.808589935302734,50.1784782409668,0.0,0.0,0.0,1.0,1.0,0.0,1.192330241203308,,,,,,,,,,,,,,,,
1783989085.035,67664000,76,2,255,0,,,,,,,,,,,,,,,,,0.0,0.0,0.0,0.0,3.0,2.450000047683716,0.0,0.0,0.0,0.0,0.0,0.0,0.0,0.0,0.0,0.0
1783989085.045,67674000,77,1,0,0,10.0,25.0,10.0,25.0,8.48709487915039,25.598430633544922,-0.5984306335449219,26.098323822021484,43.906166076660156,0.0,0.0,0.0,1.0,1.0,0.0,-0.6757645010948181,,,,,,,,,,,,,,,,
1783989085.055,67684000,78,1,1,0,10.0,25.0,10.0,25.0,9.230857849121094,25.141159057617188,-0.14115869998931885,43.69763946533203,47.669551849365234,0.0,0.0,0.0,1.0,1.0,0.0,1.2821016311645508,,,,,,,,,,,,,,,,
1783989085.065,67694000,79,1,2,0,10.0,25.0,10.0,25.0,8.851591110229492,25.43130874633789,-0.43130815029144287,34.19317626953125,46.83324432373047,0.0,0.0,0.0,1.0,1.0,0.0,-0.9532098174095154,,,,,,,,,,,,,,,,
1783989085.075,67704000,80,1,3,0,10.0,25.0,10.0,25.0,8.935632705688477,25.24518394470215,-0.24518370628356934,41.808589935302734,50.1784782409668,0.0,0.0,0.0,1.0,1.0,0.0,1.192330241203308,,,,,,,,,,,,,,,,
1783989085.085,67714000,81,2,255,0,,,,,,,,,,,,,,,,,0.0,0.0,0.0,0.0,3.0,2.450000047683716,0.0,0.0,0.0,0.0,0.0,0.0,0.0,0.0,0.0,0.0
1783989085.095,67724000,82,1,0,0,10.0,25.0,10.0,25.0,8.48709487915039,25.598430633544922,-0.5984306335449219,26.098323822021484,43.906166076660156,0.0,0.0,0.0,1.0,1.0,0.0,-0.6757645010948181,,,,,,,,,,,,,,,,
1783989085.105,67734000,83,1,1,0,10.0,25.0,10.0,25.0,9.230857849121094,25.141159057617188,-0.14115869998931885,43.69763946533203,47.669551849365234,0.0,0.0,0.0,1.0,1.0,0.0,1.2821016311645508,,,,,,,,,,,,,,,,
1783989085.115,67744000,84,1,2,0,10.0,25.0,10.0,25.0,8.851591110229492,25.43130874633789,-0.43130815029144287,34.19317626953125,46.83324432373047,0.0,0.0,0.0,1.0,1.0,0.0,-0.9532098174095154,,,,,,,,,,,,,,,,
1783989085.125,67754000,85,1,3,0,10.0,25.0,10.0,25.0,8.935632705688477,25.24518394470215,-0.24518370628356934,41.808589935302734,50.1784782409668,0.0,0.0,0.0,1.0,1.0,0.0,1.192330241203308,,,,,,,,,,,,,,,,
1783989085.135,67764000,86,2,255,0,,,,,,,,,,,,,,,,,0.0,0.0,0.0,0.0,3.0,2.450000047683716,0.0,0.0,0.0,0.0,0.0,0.0,0.0,0.0,0.0,0.0
1783989085.145,67774000,87,1,0,0,10.0,25.0,10.0,25.0,8.48709487915039,25.598430633544922,-0.5984306335449219,26.098323822021484,43.906166076660156,0.0,0.0,0.0,1.0,1.0,0.0,-0.6757645010948181,,,,,,,,,,,,,,,,
1783989085.155,67784000,88,1,1,0,10.0,25.0,10.0,25.0,9.230857849121094,25.141159057617188,-0.14115869998931885,43.69763946533203,47.669551849365234,0.0,0.0,0.0,1.0,1.0,0.0,1.2821016311645508,,,,,,,,,,,,,,,,
1783989085.165,67794000,89,1,2,0,10.0,25.0,10.0,25.0,8.851591110229492,25.43130874633789,-0.43130815029144287,34.19317626953125,46.83324432373047,0.0,0.0,0.0,1.0,1.0,0.0,-0.9532098174095154,,,,,,,,,,,,,,,,
1783989085.175,67804000,90,1,3,0,10.0,25.0,10.0,25.0,8.935632705688477,25.24518394470215,-0.24518370628356934,41.808589935302734,50.1784782409668,0.0,0.0,0.0,1.0,1.0,0.0,1.192330241203308,,,,,,,,,,,,,,,,
1783989085.185,67814000,91,2,255,0,,,,,,,,,,,,,,,,,0.0,0.0,0.0,0.0,3.0,2.450000047683716,0.0,0.0,0.0,0.0,0.0,0.0,0.0,0.0,0.0,0.0
1783989085.195,67824000,92,1,0,0,10.0,25.0,10.0,25.0,8.48709487915039,25.598430633544922,-0.5984306335449219,26.098323822021484,43.906166076660156,0.0,0.0,0.0,1.0,1.0,0.0,-0.6757645010948181,,,,,,,,,,,,,,,,
1783989085.205,67834000,93,1,1,0,10.0,25.0,10.0,25.0,9.230857849121094,25.141159057617188,-0.14115869998931885,43.69763946533203,47.669551849365234,0.0,0.0,0.0,1.0,1.0,0.0,1.2821016311645508,,,,,,,,,,,,,,,,
1783989085.215,67844000,94,1,2,0,10.0,25.0,10.0,25.0,8.851591110229492,25.43130874633789,-0.43130815029144287,34.19317626953125,46.83324432373047,0.0,0.0,0.0,1.0,1.0,0.0,-0.9532098174095154,,,,,,,,,,,,,,,,
1783989085.225,67854000,95,1,3,0,10.0,25.0,10.0,25.0,8.935632705688477,25.24518394470215,-0.24518370628356934,41.808589935302734,50.1784782409668,0.0,0.0,0.0,1.0,1.0,0.0,1.192330241203308,,,,,,,,,,,,,,,,
1783989085.235,67864000,96,2,255,0,,,,,,,,,,,,,,,,,0.0,0.0,0.0,0.0,3.0,2.450000047683716,0.0,0.0,0.0,0.0,0.0,0.0,0.0,0.0,0.0,0.0
1783989085.245,67874000,97,1,0,0,10.0,25.0,10.0,25.0,8.48709487915039,25.598430633544922,-0.5984306335449219,26.098323822021484,43.906166076660156,0.0,0.0,0.0,1.0,1.0,0.0,-0.6757645010948181,,,,,,,,,,,,,,,,
1783989085.255,67884000,98,1,1,0,10.0,25.0,10.0,25.0,9.230857849121094,25.141159057617188,-0.14115869998931885,43.69763946533203,47.669551849365234,0.0,0.0,0.0,1.0,1.0,0.0,1.2821016311645508,,,,,,,,,,,,,,,,
1783989085.265,67894000,99,1,2,0,10.0,25.0,10.0,25.0,8.851591110229492,25.43130874633789,-0.43130815029144287,34.19317626953125,46.83324432373047,0.0,0.0,0.0,1.0,1.0,0.0,-0.9532098174095154,,,,,,,,,,,,,,,,
1783989085.275,67904000,100,1,3,0,10.0,25.0,10.0,25.0,8.935632705688477,25.24518394470215,-0.24518370628356934,41.808589935302734,50.1784782409668,0.0,0.0,0.0,1.0,1.0,0.0,1.192330241203308,,,,,,,,,,,,,,,,
1783989085.285,67914000,101,2,255,0,,,,,,,,,,,,,,,,,0.0,0.0,0.0,0.0,3.0,2.450000047683716,0.0,0.0,0.0,0.0,0.0,0.0,0.0,0.0,0.0,0.0
1783989085.295,67924000,102,1,0,0,10.0,25.0,10.0,25.0,8.48709487915039,25.598430633544922,-0.5984306335449219,26.098323822021484,43.906166076660156,0.0,0.0,0.0,1.0,1.0,0.0,-0.6757645010948181,,,,,,,,,,,,,,,,
1783989085.305,67934000,103,1,1,0,10.0,25.0,10.0,25.0,9.230857849121094,25.141159057617188,-0.14115869998931885,43.69763946533203,47.669551849365234,0.0,0.0,0.0,1.0,1.0,0.0,1.2821016311645508,,,,,,,,,,,,,,,,
1783989085.315,67944000,104,1,2,0,10.0,25.0,10.0,25.0,8.851591110229492,25.43130874633789,-0.43130815029144287,34.19317626953125,46.83324432373047,0.0,0.0,0.0,1.0,1.0,0.0,-0.9532098174095154,,,,,,,,,,,,,,,,
1783989085.326,67954000,105,1,3,0,10.0,25.0,10.0,25.0,8.935632705688477,25.24518394470215,-0.24518370628356934,41.808589935302734,50.1784782409668,0.0,0.0,0.0,1.0,1.0,0.0,1.192330241203308,,,,,,,,,,,,,,,,
1783989085.335,67964000,106,2,255,0,,,,,,,,,,,,,,,,,0.0,0.0,0.0,0.0,3.0,2.450000047683716,0.0,0.0,0.0,0.0,0.0,0.0,0.0,0.0,0.0,0.0
1783989085.335,67974000,107,1,0,0,10.0,25.0,10.0,25.0,8.48709487915039,25.598430633544922,-0.5984306335449219,26.098323822021484,43.906166076660156,0.0,0.0,0.0,1.0,1.0,0.0,-0.6757645010948181,,,,,,,,,,,,,,,,
1783989085.355,67984000,108,1,1,0,10.0,25.0,10.0,25.0,9.230857849121094,25.141159057617188,-0.14115869998931885,43.69763946533203,47.669551849365234,0.0,0.0,0.0,1.0,1.0,0.0,1.2821016311645508,,,,,,,,,,,,,,,,
1783989085.365,67994000,109,1,2,0,10.0,25.0,10.0,25.0,8.851591110229492,25.43130874633789,-0.43130815029144287,34.19317626953125,46.83324432373047,0.0,0.0,0.0,1.0,1.0,0.0,-0.9532098174095154,,,,,,,,,,,,,,,,
1783989085.375,68004000,110,1,3,0,10.0,25.0,10.0,25.0,8.935632705688477,25.24518394470215,-0.24518370628356934,41.808589935302734,50.1784782409668,0.0,0.0,0.0,1.0,1.0,0.0,1.192330241203308,,,,,,,,,,,,,,,,
1783989085.385,68014000,111,2,255,0,,,,,,,,,,,,,,,,,0.0,0.0,0.0,0.0,3.0,2.450000047683716,0.0,0.0,0.0,0.0,0.0,0.0,0.0,0.0,0.0,0.0
1783989085.395,68024000,112,1,0,0,10.0,25.0,10.0,25.0,8.48709487915039,25.598430633544922,-0.5984306335449219,26.098323822021484,43.906166076660156,0.0,0.0,0.0,1.0,1.0,0.0,-0.6757645010948181,,,,,,,,,,,,,,,,
1783989085.405,68034000,113,1,1,0,10.0,25.0,10.0,25.0,9.230857849121094,25.141159057617188,-0.14115869998931885,43.69763946533203,47.669551849365234,0.0,0.0,0.0,1.0,1.0,0.0,1.2821016311645508,,,,,,,,,,,,,,,,
1783989085.415,68044000,114,1,2,0,10.0,25.0,10.0,25.0,8.851591110229492,25.43130874633789,-0.43130815029144287,34.19317626953125,46.83324432373047,0.0,0.0,0.0,1.0,1.0,0.0,-0.9532098174095154,,,,,,,,,,,,,,,,
1783989085.425,68054000,115,1,3,0,10.0,25.0,10.0,25.0,8.935632705688477,25.24518394470215,-0.24518370628356934,41.808589935302734,50.1784782409668,0.0,0.0,0.0,1.0,1.0,0.0,1.192330241203308,,,,,,,,,,,,,,,,
1783989085.435,68064000,116,2,255,0,,,,,,,,,,,,,,,,,0.0,0.0,0.0,0.0,3.0,2.450000047683716,0.0,0.0,0.0,0.0,0.0,0.0,0.0,0.0,0.0,0.0
1783989085.445,68074000,117,1,0,0,10.0,25.0,10.0,25.0,8.48709487915039,25.598430633544922,-0.5984306335449219,26.098323822021484,43.906166076660156,0.0,0.0,0.0,1.0,1.0,0.0,-0.6757645010948181,,,,,,,,,,,,,,,,
1783989085.455,68084000,118,1,1,0,10.0,25.0,10.0,25.0,9.230857849121094,25.141159057617188,-0.14115869998931885,43.69763946533203,47.669551849365234,0.0,0.0,0.0,1.0,1.0,0.0,1.2821016311645508,,,,,,,,,,,,,,,,
1783989085.465,68094000,119,1,2,0,10.0,25.0,10.0,25.0,8.851591110229492,25.43130874633789,-0.43130815029144287,34.19317626953125,46.83324432373047,0.0,0.0,0.0,1.0,1.0,0.0,-0.9532098174095154,,,,,,,,,,,,,,,,
1783989085.475,68104000,120,1,3,0,10.0,25.0,10.0,25.0,8.935632705688477,25.24518394470215,-0.24518370628356934,41.808589935302734,50.1784782409668,0.0,0.0,0.0,1.0,1.0,0.0,1.192330241203308,,,,,,,,,,,,,,,,
1783989085.486,68114000,121,2,255,0,,,,,,,,,,,,,,,,,0.0,0.0,0.0,0.0,3.0,2.450000047683716,0.0,0.0,0.0,0.0,0.0,0.0,0.0,0.0,0.0,0.0
1783989085.495,68124000,122,1,0,0,10.0,25.0,10.0,25.0,8.48709487915039,25.598430633544922,-0.5984306335449219,26.098323822021484,43.906166076660156,0.0,0.0,0.0,1.0,1.0,0.0,-0.6757645010948181,,,,,,,,,,,,,,,,
1783989085.505,68134000,123,1,1,0,10.0,25.0,10.0,25.0,9.230857849121094,25.141159057617188,-0.14115869998931885,43.69763946533203,47.669551849365234,0.0,0.0,0.0,1.0,1.0,0.0,1.2821016311645508,,,,,,,,,,,,,,,,
1783989085.515,68144000,124,1,2,0,10.0,25.0,10.0,25.0,8.851591110229492,25.43130874633789,-0.43130815029144287,34.19317626953125,46.83324432373047,0.0,0.0,0.0,1.0,1.0,0.0,-0.9532098174095154,,,,,,,,,,,,,,,,
1783989085.525,68154000,125,1,3,0,10.0,25.0,10.0,25.0,8.935632705688477,25.24518394470215,-0.24518370628356934,41.808589935302734,50.1784782409668,0.0,0.0,0.0,1.0,1.0,0.0,1.192330241203308,,,,,,,,,,,,,,,,
1783989085.535,68164000,126,2,255,0,,,,,,,,,,,,,,,,,0.0,0.0,0.0,0.0,3.0,2.450000047683716,0.0,0.0,0.0,0.0,0.0,0.0,0.0,0.0,0.0,0.0
1783989085.545,68174000,127,1,0,0,10.0,25.0,10.0,25.0,8.48709487915039,25.598430633544922,-0.5984306335449219,26.098323822021484,43.906166076660156,0.0,0.0,0.0,1.0,1.0,0.0,-0.6757645010948181,,,,,,,,,,,,,,,,
1783989085.555,68184000,128,1,1,0,10.0,25.0,10.0,25.0,9.230857849121094,25.141159057617188,-0.14115869998931885,43.69763946533203,47.669551849365234,0.0,0.0,0.0,1.0,1.0,0.0,1.2821016311645508,,,,,,,,,,,,,,,,
1783989085.565,68194000,129,1,2,0,10.0,25.0,10.0,25.0,8.851591110229492,25.43130874633789,-0.43130815029144287,34.19317626953125,46.83324432373047,0.0,0.0,0.0,1.0,1.0,0.0,-0.9532098174095154,,,,,,,,,,,,,,,,
1783989085.575,68204000,130,1,3,0,10.0,25.0,10.0,25.0,8.935632705688477,25.24518394470215,-0.24518370628356934,41.808589935302734,50.1784782409668,0.0,0.0,0.0,1.0,1.0,0.0,1.192330241203308,,,,,,,,,,,,,,,,
1783989085.585,68214000,131,2,255,0,,,,,,,,,,,,,,,,,0.0,0.0,0.0,0.0,3.0,2.450000047683716,0.0,0.0,0.0,0.0,0.0,0.0,0.0,0.0,0.0,0.0
1783989085.595,68224000,132,1,0,0,10.0,25.0,10.0,25.0,8.48709487915039,25.598430633544922,-0.5984306335449219,26.098323822021484,43.906166076660156,0.0,0.0,0.0,1.0,1.0,0.0,-0.6757645010948181,,,,,,,,,,,,,,,,
1783989085.605,68234000,133,1,1,0,10.0,25.0,10.0,25.0,9.230857849121094,25.141159057617188,-0.14115869998931885,43.69763946533203,47.669551849365234,0.0,0.0,0.0,1.0,1.0,0.0,1.2821016311645508,,,,,,,,,,,,,,,,
1783989085.615,68244000,134,1,2,0,10.0,25.0,10.0,25.0,8.851591110229492,25.43130874633789,-0.43130815029144287,34.19317626953125,46.83324432373047,0.0,0.0,0.0,1.0,1.0,0.0,-0.9532098174095154,,,,,,,,,,,,,,,,
1783989085.625,68254000,135,1,3,0,10.0,25.0,10.0,25.0,8.935632705688477,25.24518394470215,-0.24518370628356934,41.808589935302734,50.1784782409668,0.0,0.0,0.0,1.0,1.0,0.0,1.192330241203308,,,,,,,,,,,,,,,,
1783989085.635,68264000,136,2,255,0,,,,,,,,,,,,,,,,,0.0,0.0,0.0,0.0,3.0,2.450000047683716,0.0,0.0,0.0,0.0,0.0,0.0,0.0,0.0,0.0,0.0
1783989085.645,68274000,137,1,0,0,10.0,25.0,10.0,25.0,8.48709487915039,25.598430633544922,-0.5984306335449219,26.098323822021484,43.906166076660156,0.0,0.0,0.0,1.0,1.0,0.0,-0.6757645010948181,,,,,,,,,,,,,,,,
1783989085.655,68284000,138,1,1,0,10.0,25.0,10.0,25.0,9.230857849121094,25.141159057617188,-0.14115869998931885,43.69763946533203,47.669551849365234,0.0,0.0,0.0,1.0,1.0,0.0,1.2821016311645508,,,,,,,,,,,,,,,,
1783989085.666,68294000,139,1,2,0,10.0,25.0,10.0,25.0,8.851591110229492,25.43130874633789,-0.43130815029144287,34.19317626953125,46.83324432373047,0.0,0.0,0.0,1.0,1.0,0.0,-0.9532098174095154,,,,,,,,,,,,,,,,
1783989085.675,68304000,140,1,3,0,10.0,25.0,10.0,25.0,8.935632705688477,25.24518394470215,-0.24518370628356934,41.808589935302734,50.1784782409668,0.0,0.0,0.0,1.0,1.0,0.0,1.192330241203308,,,,,,,,,,,,,,,,
1783989085.685,68314000,141,2,255,0,,,,,,,,,,,,,,,,,0.0,0.0,0.0,0.0,3.0,2.450000047683716,0.0,0.0,0.0,0.0,0.0,0.0,0.0,0.0,0.0,0.0
1783989085.695,68324000,142,1,0,0,10.0,25.0,10.0,25.0,8.48709487915039,25.598430633544922,-0.5984306335449219,26.098323822021484,43.906166076660156,0.0,0.0,0.0,1.0,1.0,0.0,-0.6757645010948181,,,,,,,,,,,,,,,,
1783989085.705,68334000,143,1,1,0,10.0,25.0,10.0,25.0,9.230857849121094,25.141159057617188,-0.14115869998931885,43.69763946533203,47.669551849365234,0.0,0.0,0.0,1.0,1.0,0.0,1.2821016311645508,,,,,,,,,,,,,,,,
1783989085.715,68344000,144,1,2,0,10.0,25.0,10.0,25.0,8.851591110229492,25.43130874633789,-0.43130815029144287,34.19317626953125,46.83324432373047,0.0,0.0,0.0,1.0,1.0,0.0,-0.9532098174095154,,,,,,,,,,,,,,,,
1783989085.725,68354000,145,1,3,0,10.0,25.0,10.0,25.0,8.935632705688477,25.24518394470215,-0.24518370628356934,41.808589935302734,50.1784782409668,0.0,0.0,0.0,1.0,1.0,0.0,1.192330241203308,,,,,,,,,,,,,,,,
1783989085.735,68364000,146,2,255,0,,,,,,,,,,,,,,,,,0.0,0.0,0.0,0.0,3.0,2.450000047683716,0.0,0.0,0.0,0.0,0.0,0.0,0.0,0.0,0.0,0.0
1783989085.745,68374000,147,1,0,0,10.0,25.0,10.0,25.0,8.48709487915039,25.598430633544922,-0.5984306335449219,26.098323822021484,43.906166076660156,0.0,0.0,0.0,1.0,1.0,0.0,-0.6757645010948181,,,,,,,,,,,,,,,,
1783989085.755,68384000,148,1,1,0,10.0,25.0,10.0,25.0,9.230857849121094,25.141159057617188,-0.14115869998931885,43.69763946533203,47.669551849365234,0.0,0.0,0.0,1.0,1.0,0.0,1.2821016311645508,,,,,,,,,,,,,,,,
1783989085.765,68394000,149,1,2,0,10.0,25.0,10.0,25.0,8.851591110229492,25.43130874633789,-0.43130815029144287,34.19317626953125,46.83324432373047,0.0,0.0,0.0,1.0,1.0,0.0,-0.9532098174095154,,,,,,,,,,,,,,,,
1783989085.775,68404000,150,1,3,0,10.0,25.0,10.0,25.0,8.935632705688477,25.24518394470215,-0.24518370628356934,41.808589935302734,50.1784782409668,0.0,0.0,0.0,1.0,1.0,0.0,1.192330241203308,,,,,,,,,,,,,,,,
1783989085.785,68414000,151,2,255,0,,,,,,,,,,,,,,,,,0.0,0.0,0.0,0.0,3.0,2.450000047683716,0.0,0.0,0.0,0.0,0.0,0.0,0.0,0.0,0.0,0.0
1783989085.795,68424000,152,1,0,0,10.0,25.0,10.0,25.0,8.48709487915039,25.598430633544922,-0.5984306335449219,26.098323822021484,43.906166076660156,0.0,0.0,0.0,1.0,1.0,0.0,-0.6757645010948181,,,,,,,,,,,,,,,,
1783989085.806,68434000,153,1,1,0,10.0,25.0,10.0,25.0,9.230857849121094,25.141159057617188,-0.14115869998931885,43.69763946533203,47.669551849365234,0.0,0.0,0.0,1.0,1.0,0.0,1.2821016311645508,,,,,,,,,,,,,,,,
1783989085.815,68444000,154,1,2,0,10.0,25.0,10.0,25.0,8.851591110229492,25.43130874633789,-0.43130815029144287,34.19317626953125,46.83324432373047,0.0,0.0,0.0,1.0,1.0,0.0,-0.9532098174095154,,,,,,,,,,,,,,,,
1783989085.825,68454000,155,1,3,0,10.0,25.0,10.0,25.0,8.935632705688477,25.24518394470215,-0.24518370628356934,41.808589935302734,50.1784782409668,0.0,0.0,0.0,1.0,1.0,0.0,1.192330241203308,,,,,,,,,,,,,,,,
1783989085.835,68464000,156,2,255,0,,,,,,,,,,,,,,,,,0.0,0.0,0.0,0.0,3.0,2.450000047683716,0.0,0.0,0.0,0.0,0.0,0.0,0.0,0.0,0.0,0.0
1783989085.845,68474000,157,1,0,0,10.0,25.0,10.0,25.0,8.48709487915039,25.598430633544922,-0.5984306335449219,26.098323822021484,43.906166076660156,0.0,0.0,0.0,1.0,1.0,0.0,-0.6757645010948181,,,,,,,,,,,,,,,,
1783989085.846,68484000,158,1,1,0,10.0,25.0,10.0,25.0,9.230857849121094,25.141159057617188,-0.14115869998931885,43.69763946533203,47.669551849365234,0.0,0.0,0.0,1.0,1.0,0.0,1.2821016311645508,,,,,,,,,,,,,,,,
1783989085.865,68494000,159,1,2,0,10.0,25.0,10.0,25.0,8.851591110229492,25.43130874633789,-0.43130815029144287,34.19317626953125,46.83324432373047,0.0,0.0,0.0,1.0,1.0,0.0,-0.9532098174095154,,,,,,,,,,,,,,,,
1783989085.875,68504000,160,1,3,0,10.0,25.0,10.0,25.0,8.935632705688477,25.24518394470215,-0.24518370628356934,41.808589935302734,50.1784782409668,0.0,0.0,0.0,1.0,1.0,0.0,1.192330241203308,,,,,,,,,,,,,,,,
1783989085.885,68514000,161,2,255,0,,,,,,,,,,,,,,,,,0.0,0.0,0.0,0.0,3.0,2.450000047683716,0.0,0.0,0.0,0.0,0.0,0.0,0.0,0.0,0.0,0.0
1783989085.895,68524000,162,1,0,0,10.0,25.0,10.0,25.0,8.48709487915039,25.598430633544922,-0.5984306335449219,26.098323822021484,43.906166076660156,0.0,0.0,0.0,1.0,1.0,0.0,-0.6757645010948181,,,,,,,,,,,,,,,,
1783989085.905,68534000,163,1,1,0,10.0,25.0,10.0,25.0,9.230857849121094,25.141159057617188,-0.14115869998931885,43.69763946533203,47.669551849365234,0.0,0.0,0.0,1.0,1.0,0.0,1.2821016311645508,,,,,,,,,,,,,,,,
1783989085.915,68544000,164,1,2,0,10.0,25.0,10.0,25.0,8.851591110229492,25.43130874633789,-0.43130815029144287,34.19317626953125,46.83324432373047,0.0,0.0,0.0,1.0,1.0,0.0,-0.9532098174095154,,,,,,,,,,,,,,,,
1783989085.925,68554000,165,1,3,0,10.0,25.0,10.0,25.0,8.935632705688477,25.24518394470215,-0.24518370628356934,41.808589935302734,50.1784782409668,0.0,0.0,0.0,1.0,1.0,0.0,1.192330241203308,,,,,,,,,,,,,,,,
1783989085.935,68564000,166,2,255,0,,,,,,,,,,,,,,,,,0.0,0.0,0.0,0.0,3.0,2.450000047683716,0.0,0.0,0.0,0.0,0.0,0.0,0.0,0.0,0.0,0.0
1783989085.945,68574000,167,1,0,0,10.0,25.0,10.0,25.0,8.48709487915039,25.598430633544922,-0.5984306335449219,26.098323822021484,43.906166076660156,0.0,0.0,0.0,1.0,1.0,0.0,-0.6757645010948181,,,,,,,,,,,,,,,,
1783989085.955,68584000,168,1,1,0,10.0,25.0,10.0,25.0,9.230857849121094,25.141159057617188,-0.14115869998931885,43.69763946533203,47.669551849365234,0.0,0.0,0.0,1.0,1.0,0.0,1.2821016311645508,,,,,,,,,,,,,,,,
1783989085.965,68594000,169,1,2,0,10.0,25.0,10.0,25.0,8.851591110229492,25.43130874633789,-0.43130815029144287,34.19317626953125,46.83324432373047,0.0,0.0,0.0,1.0,1.0,0.0,-0.9532098174095154,,,,,,,,,,,,,,,,
1783989085.975,68604000,170,1,3,0,10.0,25.0,10.0,25.0,8.935632705688477,25.24518394470215,-0.24518370628356934,41.808589935302734,50.1784782409668,0.0,0.0,0.0,1.0,1.0,0.0,1.192330241203308,,,,,,,,,,,,,,,,
1783989085.985,68614000,171,2,255,0,,,,,,,,,,,,,,,,,0.0,0.0,0.0,0.0,3.0,2.450000047683716,0.0,0.0,0.0,0.0,0.0,0.0,0.0,0.0,0.0,0.0
1783989085.995,68624000,172,1,0,0,10.0,25.0,10.0,25.0,8.48709487915039,25.598430633544922,-0.5984306335449219,26.098323822021484,43.906166076660156,0.0,0.0,0.0,1.0,1.0,0.0,-0.6757645010948181,,,,,,,,,,,,,,,,
1783989086.005,68634000,173,1,1,0,10.0,25.0,10.0,25.0,9.230857849121094,25.141159057617188,-0.14115869998931885,43.69763946533203,47.669551849365234,0.0,0.0,0.0,1.0,1.0,0.0,1.2821016311645508,,,,,,,,,,,,,,,,
1783989086.015,68644000,174,1,2,0,10.0,25.0,10.0,25.0,8.851591110229492,25.43130874633789,-0.43130815029144287,34.19317626953125,46.83324432373047,0.0,0.0,0.0,1.0,1.0,0.0,-0.9532098174095154,,,,,,,,,,,,,,,,
1783989086.025,68654000,175,1,3,0,10.0,25.0,10.0,25.0,8.935632705688477,25.24518394470215,-0.24518370628356934,41.808589935302734,50.1784782409668,0.0,0.0,0.0,1.0,1.0,0.0,1.192330241203308,,,,,,,,,,,,,,,,
1783989086.035,68664000,176,2,255,0,,,,,,,,,,,,,,,,,0.0,0.0,0.0,0.0,3.0,2.450000047683716,0.0,0.0,0.0,0.0,0.0,0.0,0.0,0.0,0.0,0.0
1783989086.046,68674000,177,1,0,0,10.0,25.0,10.0,25.0,8.48709487915039,25.598430633544922,-0.5984306335449219,26.098323822021484,43.906166076660156,0.0,0.0,0.0,1.0,1.0,0.0,-0.6757645010948181,,,,,,,,,,,,,,,,
1783989086.055,68684000,178,1,1,0,10.0,25.0,10.0,25.0,9.230857849121094,25.141159057617188,-0.14115869998931885,43.69763946533203,47.669551849365234,0.0,0.0,0.0,1.0,1.0,0.0,1.2821016311645508,,,,,,,,,,,,,,,,
1783989086.065,68694000,179,1,2,0,10.0,25.0,10.0,25.0,8.851591110229492,25.43130874633789,-0.43130815029144287,34.19317626953125,46.83324432373047,0.0,0.0,0.0,1.0,1.0,0.0,-0.9532098174095154,,,,,,,,,,,,,,,,
1783989086.075,68704000,180,1,3,0,10.0,25.0,10.0,25.0,8.935632705688477,25.24518394470215,-0.24518370628356934,41.808589935302734,50.1784782409668,0.0,0.0,0.0,1.0,1.0,0.0,1.192330241203308,,,,,,,,,,,,,,,,
1783989086.086,68714000,181,2,255,0,,,,,,,,,,,,,,,,,0.0,0.0,0.0,0.0,3.0,2.450000047683716,0.0,0.0,0.0,0.0,0.0,0.0,0.0,0.0,0.0,0.0
1783989086.095,68724000,182,1,0,0,10.0,25.0,10.0,25.0,8.48709487915039,25.598430633544922,-0.5984306335449219,26.098323822021484,43.906166076660156,0.0,0.0,0.0,1.0,1.0,0.0,-0.6757645010948181,,,,,,,,,,,,,,,,
1783989086.105,68734000,183,1,1,0,10.0,25.0,10.0,25.0,9.230857849121094,25.141159057617188,-0.14115869998931885,43.69763946533203,47.669551849365234,0.0,0.0,0.0,1.0,1.0,0.0,1.2821016311645508,,,,,,,,,,,,,,,,
1783989086.115,68744000,184,1,2,0,10.0,25.0,10.0,25.0,8.851591110229492,25.43130874633789,-0.43130815029144287,34.19317626953125,46.83324432373047,0.0,0.0,0.0,1.0,1.0,0.0,-0.9532098174095154,,,,,,,,,,,,,,,,
1783989086.125,68754000,185,1,3,0,10.0,25.0,10.0,25.0,8.935632705688477,25.24518394470215,-0.24518370628356934,41.808589935302734,50.1784782409668,0.0,0.0,0.0,1.0,1.0,0.0,1.192330241203308,,,,,,,,,,,,,,,,
1783989086.135,68764000,186,2,255,0,,,,,,,,,,,,,,,,,0.0,0.0,0.0,0.0,3.0,2.450000047683716,0.0,0.0,0.0,0.0,0.0,0.0,0.0,0.0,0.0,0.0
1783989086.145,68774000,187,1,0,0,10.0,25.0,10.0,25.0,8.48709487915039,25.598430633544922,-0.5984306335449219,26.098323822021484,43.906166076660156,0.0,0.0,0.0,1.0,1.0,0.0,-0.6757645010948181,,,,,,,,,,,,,,,,
1783989086.155,68784000,188,1,1,0,10.0,25.0,10.0,25.0,9.230857849121094,25.141159057617188,-0.14115869998931885,43.69763946533203,47.669551849365234,0.0,0.0,0.0,1.0,1.0,0.0,1.2821016311645508,,,,,,,,,,,,,,,,
1783989086.165,68794000,189,1,2,0,10.0,25.0,10.0,25.0,8.851591110229492,25.43130874633789,-0.43130815029144287,34.19317626953125,46.83324432373047,0.0,0.0,0.0,1.0,1.0,0.0,-0.9532098174095154,,,,,,,,,,,,,,,,
1783989086.174,68804000,190,1,3,0,10.0,25.0,10.0,25.0,8.935632705688477,25.24518394470215,-0.24518370628356934,41.808589935302734,50.1784782409668,0.0,0.0,0.0,1.0,1.0,0.0,1.192330241203308,,,,,,,,,,,,,,,,
1783989086.187,68814000,191,2,255,0,,,,,,,,,,,,,,,,,0.0,0.0,0.0,0.0,3.0,2.450000047683716,0.0,0.0,0.0,0.0,0.0,0.0,0.0,0.0,0.0,0.0
1783989086.195,68824000,192,1,0,0,10.0,25.0,10.0,25.0,8.48709487915039,25.598430633544922,-0.5984306335449219,26.098323822021484,43.906166076660156,0.0,0.0,0.0,1.0,1.0,0.0,-0.6757645010948181,,,,,,,,,,,,,,,,
1783989086.205,68834000,193,1,1,0,10.0,25.0,10.0,25.0,9.230857849121094,25.141159057617188,-0.14115869998931885,43.69763946533203,47.669551849365234,0.0,0.0,0.0,1.0,1.0,0.0,1.2821016311645508,,,,,,,,,,,,,,,,
1783989086.215,68844000,194,1,2,0,10.0,25.0,10.0,25.0,8.851591110229492,25.43130874633789,-0.43130815029144287,34.19317626953125,46.83324432373047,0.0,0.0,0.0,1.0,1.0,0.0,-0.9532098174095154,,,,,,,,,,,,,,,,
1783989086.225,68854000,195,1,3,0,10.0,25.0,10.0,25.0,8.935632705688477,25.24518394470215,-0.24518370628356934,41.808589935302734,50.1784782409668,0.0,0.0,0.0,1.0,1.0,0.0,1.192330241203308,,,,,,,,,,,,,,,,
1783989086.235,68864000,196,2,255,0,,,,,,,,,,,,,,,,,0.0,0.0,0.0,0.0,3.0,2.450000047683716,0.0,0.0,0.0,0.0,0.0,0.0,0.0,0.0,0.0,0.0
1783989086.245,68874000,197,1,0,0,10.0,25.0,10.0,25.0,8.48709487915039,25.598430633544922,-0.5984306335449219,26.098323822021484,43.906166076660156,0.0,0.0,0.0,1.0,1.0,0.0,-0.6757645010948181,,,,,,,,,,,,,,,,
1783989086.255,68884000,198,1,1,0,10.0,25.0,10.0,25.0,9.230857849121094,25.141159057617188,-0.14115869998931885,43.69763946533203,47.669551849365234,0.0,0.0,0.0,1.0,1.0,0.0,1.2821016311645508,,,,,,,,,,,,,,,,
1783989086.265,68894000,199,1,2,0,10.0,25.0,10.0,25.0,8.851591110229492,25.43130874633789,-0.43130815029144287,34.19317626953125,46.83324432373047,0.0,0.0,0.0,1.0,1.0,0.0,-0.9532098174095154,,,,,,,,,,,,,,,,
1783989086.275,68904000,200,1,3,0,10.0,25.0,10.0,25.0,8.935632705688477,25.24518394470215,-0.24518370628356934,41.808589935302734,50.1784782409668,0.0,0.0,0.0,1.0,1.0,0.0,1.192330241203308,,,,,,,,,,,,,,,,
1783989086.285,68914000,201,2,255,0,,,,,,,,,,,,,,,,,0.0,0.0,0.0,0.0,3.0,2.450000047683716,0.0,0.0,0.0,0.0,0.0,0.0,0.0,0.0,0.0,0.0
1783989086.295,68924000,202,1,0,0,10.0,25.0,10.0,25.0,8.48709487915039,25.598430633544922,-0.5984306335449219,26.098323822021484,43.906166076660156,0.0,0.0,0.0,1.0,1.0,0.0,-0.6757645010948181,,,,,,,,,,,,,,,,
1783989086.305,68934000,203,1,1,0,10.0,25.0,10.0,25.0,9.230857849121094,25.141159057617188,-0.14115869998931885,43.69763946533203,47.669551849365234,0.0,0.0,0.0,1.0,1.0,0.0,1.2821016311645508,,,,,,,,,,,,,,,,
1783989086.315,68944000,204,1,2,0,10.0,25.0,10.0,25.0,8.851591110229492,25.43130874633789,-0.43130815029144287,34.19317626953125,46.83324432373047,0.0,0.0,0.0,1.0,1.0,0.0,-0.9532098174095154,,,,,,,,,,,,,,,,
1783989086.325,68954000,205,1,3,0,10.0,25.0,10.0,25.0,8.935632705688477,25.24518394470215,-0.24518370628356934,41.808589935302734,50.1784782409668,0.0,0.0,0.0,1.0,1.0,0.0,1.192330241203308,,,,,,,,,,,,,,,,
1783989086.335,68964000,206,2,255,0,,,,,,,,,,,,,,,,,0.0,0.0,0.0,0.0,3.0,2.450000047683716,0.0,0.0,0.0,0.0,0.0,0.0,0.0,0.0,0.0,0.0
1783989086.346,68974000,207,1,0,0,10.0,25.0,10.0,25.0,8.48709487915039,25.598430633544922,-0.5984306335449219,26.098323822021484,43.906166076660156,0.0,0.0,0.0,1.0,1.0,0.0,-0.6757645010948181,,,,,,,,,,,,,,,,
1783989086.355,68984000,208,1,1,0,10.0,25.0,10.0,25.0,9.230857849121094,25.141159057617188,-0.14115869998931885,43.69763946533203,47.669551849365234,0.0,0.0,0.0,1.0,1.0,0.0,1.2821016311645508,,,,,,,,,,,,,,,,
1783989086.365,68994000,209,1,2,0,10.0,25.0,10.0,25.0,8.851591110229492,25.43130874633789,-0.43130815029144287,34.19317626953125,46.83324432373047,0.0,0.0,0.0,1.0,1.0,0.0,-0.9532098174095154,,,,,,,,,,,,,,,,
1783989086.375,69004000,210,1,3,0,10.0,25.0,10.0,25.0,8.935632705688477,25.24518394470215,-0.24518370628356934,41.808589935302734,50.1784782409668,0.0,0.0,0.0,1.0,1.0,0.0,1.192330241203308,,,,,,,,,,,,,,,,
1783989086.385,69014000,211,2,255,0,,,,,,,,,,,,,,,,,0.0,0.0,0.0,0.0,3.0,2.450000047683716,0.0,0.0,0.0,0.0,0.0,0.0,0.0,0.0,0.0,0.0
1783989086.395,69024000,212,1,0,0,10.0,25.0,10.0,25.0,8.48709487915039,25.598430633544922,-0.5984306335449219,26.098323822021484,43.906166076660156,0.0,0.0,0.0,1.0,1.0,0.0,-0.6757645010948181,,,,,,,,,,,,,,,,
1783989086.405,69034000,213,1,1,0,10.0,25.0,10.0,25.0,9.230857849121094,25.141159057617188,-0.14115869998931885,43.69763946533203,47.669551849365234,0.0,0.0,0.0,1.0,1.0,0.0,1.2821016311645508,,,,,,,,,,,,,,,,
1783989086.415,69044000,214,1,2,0,10.0,25.0,10.0,25.0,8.851591110229492,25.43130874633789,-0.43130815029144287,34.19317626953125,46.83324432373047,0.0,0.0,0.0,1.0,1.0,0.0,-0.9532098174095154,,,,,,,,,,,,,,,,
1783989086.425,69054000,215,1,3,0,10.0,25.0,10.0,25.0,8.935632705688477,25.24518394470215,-0.24518370628356934,41.808589935302734,50.1784782409668,0.0,0.0,0.0,1.0,1.0,0.0,1.192330241203308,,,,,,,,,,,,,,,,
1783989086.435,69064000,216,2,255,0,,,,,,,,,,,,,,,,,0.0,0.0,0.0,0.0,3.0,2.450000047683716,0.0,0.0,0.0,0.0,0.0,0.0,0.0,0.0,0.0,0.0
1783989086.445,69074000,217,1,0,0,10.0,25.0,10.0,25.0,8.48709487915039,25.598430633544922,-0.5984306335449219,26.098323822021484,43.906166076660156,0.0,0.0,0.0,1.0,1.0,0.0,-0.6757645010948181,,,,,,,,,,,,,,,,
1783989086.455,69084000,218,1,1,0,10.0,25.0,10.0,25.0,9.230857849121094,25.141159057617188,-0.14115869998931885,43.69763946533203,47.669551849365234,0.0,0.0,0.0,1.0,1.0,0.0,1.2821016311645508,,,,,,,,,,,,,,,,
1783989086.465,69094000,219,1,2,0,10.0,25.0,10.0,25.0,8.851591110229492,25.43130874633789,-0.43130815029144287,34.19317626953125,46.83324432373047,0.0,0.0,0.0,1.0,1.0,0.0,-0.9532098174095154,,,,,,,,,,,,,,,,
1783989086.475,69104000,220,1,3,0,10.0,25.0,10.0,25.0,8.935632705688477,25.24518394470215,-0.24518370628356934,41.808589935302734,50.1784782409668,0.0,0.0,0.0,1.0,1.0,0.0,1.192330241203308,,,,,,,,,,,,,,,,
1783989086.485,69114000,221,2,255,0,,,,,,,,,,,,,,,,,0.0,0.0,0.0,0.0,3.0,2.450000047683716,0.0,0.0,0.0,0.0,0.0,0.0,0.0,0.0,0.0,0.0
1783989086.495,69124000,222,1,0,0,10.0,25.0,10.0,25.0,8.48709487915039,25.598430633544922,-0.5984306335449219,26.098323822021484,43.906166076660156,0.0,0.0,0.0,1.0,1.0,0.0,-0.6757645010948181,,,,,,,,,,,,,,,,
1783989086.505,69134000,223,1,1,0,10.0,25.0,10.0,25.0,9.230857849121094,25.141159057617188,-0.14115869998931885,43.69763946533203,47.669551849365234,0.0,0.0,0.0,1.0,1.0,0.0,1.2821016311645508,,,,,,,,,,,,,,,,
1783989086.515,69144000,224,1,2,0,10.0,25.0,10.0,25.0,8.851591110229492,25.43130874633789,-0.43130815029144287,34.19317626953125,46.83324432373047,0.0,0.0,0.0,1.0,1.0,0.0,-0.9532098174095154,,,,,,,,,,,,,,,,
1783989086.525,69154000,225,1,3,0,10.0,25.0,10.0,25.0,8.935632705688477,25.24518394470215,-0.24518370628356934,41.808589935302734,50.1784782409668,0.0,0.0,0.0,1.0,1.0,0.0,1.192330241203308,,,,,,,,,,,,,,,,
1783989086.535,69164000,226,2,255,0,,,,,,,,,,,,,,,,,0.0,0.0,0.0,0.0,3.0,2.450000047683716,0.0,0.0,0.0,0.0,0.0,0.0,0.0,0.0,0.0,0.0
1783989086.546,69174000,227,1,0,0,10.0,25.0,10.0,25.0,8.48709487915039,25.598430633544922,-0.5984306335449219,26.098323822021484,43.906166076660156,0.0,0.0,0.0,1.0,1.0,0.0,-0.6757645010948181,,,,,,,,,,,,,,,,
1783989086.555,69184000,228,1,1,0,10.0,25.0,10.0,25.0,9.230857849121094,25.141159057617188,-0.14115869998931885,43.69763946533203,47.669551849365234,0.0,0.0,0.0,1.0,1.0,0.0,1.2821016311645508,,,,,,,,,,,,,,,,
1783989086.565,69194000,229,1,2,0,10.0,25.0,10.0,25.0,8.851591110229492,25.43130874633789,-0.43130815029144287,34.19317626953125,46.83324432373047,0.0,0.0,0.0,1.0,1.0,0.0,-0.9532098174095154,,,,,,,,,,,,,,,,
1783989086.575,69204000,230,1,3,0,10.0,25.0,10.0,25.0,8.935632705688477,25.24518394470215,-0.24518370628356934,41.808589935302734,50.1784782409668,0.0,0.0,0.0,1.0,1.0,0.0,1.192330241203308,,,,,,,,,,,,,,,,
1783989086.585,69214000,231,2,255,0,,,,,,,,,,,,,,,,,0.0,0.0,0.0,0.0,3.0,2.450000047683716,0.0,0.0,0.0,0.0,0.0,0.0,0.0,0.0,0.0,0.0
1783989086.595,69224000,232,1,0,0,10.0,25.0,10.0,25.0,8.48709487915039,25.598430633544922,-0.5984306335449219,26.098323822021484,43.906166076660156,0.0,0.0,0.0,1.0,1.0,0.0,-0.6757645010948181,,,,,,,,,,,,,,,,
1783989086.605,69234000,233,1,1,0,10.0,25.0,10.0,25.0,9.230857849121094,25.141159057617188,-0.14115869998931885,43.69763946533203,47.669551849365234,0.0,0.0,0.0,1.0,1.0,0.0,1.2821016311645508,,,,,,,,,,,,,,,,
1783989086.615,69244000,234,1,2,0,10.0,25.0,10.0,25.0,8.851591110229492,25.43130874633789,-0.43130815029144287,34.19317626953125,46.83324432373047,0.0,0.0,0.0,1.0,1.0,0.0,-0.9532098174095154,,,,,,,,,,,,,,,,
1783989086.615,69254000,235,1,3,0,10.0,25.0,10.0,25.0,8.935632705688477,25.24518394470215,-0.24518370628356934,41.808589935302734,50.1784782409668,0.0,0.0,0.0,1.0,1.0,0.0,1.192330241203308,,,,,,,,,,,,,,,,
1783989086.635,69264000,236,2,255,0,,,,,,,,,,,,,,,,,0.0,0.0,0.0,0.0,3.0,2.450000047683716,0.0,0.0,0.0,0.0,0.0,0.0,0.0,0.0,0.0,0.0
1783989086.645,69274000,237,1,0,0,10.0,25.0,10.0,25.0,8.48709487915039,25.598430633544922,-0.5984306335449219,26.098323822021484,43.906166076660156,0.0,0.0,0.0,1.0,1.0,0.0,-0.6757645010948181,,,,,,,,,,,,,,,,
1783989086.655,69284000,238,1,1,0,10.0,25.0,10.0,25.0,9.230857849121094,25.141159057617188,-0.14115869998931885,43.69763946533203,47.669551849365234,0.0,0.0,0.0,1.0,1.0,0.0,1.2821016311645508,,,,,,,,,,,,,,,,
1783989086.665,69294000,239,1,2,0,10.0,25.0,10.0,25.0,8.851591110229492,25.43130874633789,-0.43130815029144287,34.19317626953125,46.83324432373047,0.0,0.0,0.0,1.0,1.0,0.0,-0.9532098174095154,,,,,,,,,,,,,,,,
1783989086.675,69304000,240,1,3,0,10.0,25.0,10.0,25.0,8.935632705688477,25.24518394470215,-0.24518370628356934,41.808589935302734,50.1784782409668,0.0,0.0,0.0,1.0,1.0,0.0,1.192330241203308,,,,,,,,,,,,,,,,
1783989086.685,69314000,241,2,255,0,,,,,,,,,,,,,,,,,0.0,0.0,0.0,0.0,3.0,2.450000047683716,0.0,0.0,0.0,0.0,0.0,0.0,0.0,0.0,0.0,0.0
1783989086.695,69324000,242,1,0,0,10.0,25.0,10.0,25.0,8.48709487915039,25.598430633544922,-0.5984306335449219,26.098323822021484,43.906166076660156,0.0,0.0,0.0,1.0,1.0,0.0,-0.6757645010948181,,,,,,,,,,,,,,,,
1783989086.705,69334000,243,1,1,0,10.0,25.0,10.0,25.0,9.230857849121094,25.141159057617188,-0.14115869998931885,43.69763946533203,47.669551849365234,0.0,0.0,0.0,1.0,1.0,0.0,1.2821016311645508,,,,,,,,,,,,,,,,
1783989086.715,69344000,244,1,2,0,10.0,25.0,10.0,25.0,8.851591110229492,25.43130874633789,-0.43130815029144287,34.19317626953125,46.83324432373047,0.0,0.0,0.0,1.0,1.0,0.0,-0.9532098174095154,,,,,,,,,,,,,,,,
1783989086.725,69354000,245,1,3,0,10.0,25.0,10.0,25.0,8.935632705688477,25.24518394470215,-0.24518370628356934,41.808589935302734,50.1784782409668,0.0,0.0,0.0,1.0,1.0,0.0,1.192330241203308,,,,,,,,,,,,,,,,
1783989086.735,69364000,246,2,255,0,,,,,,,,,,,,,,,,,0.0,0.0,0.0,0.0,3.0,2.450000047683716,0.0,0.0,0.0,0.0,0.0,0.0,0.0,0.0,0.0,0.0
1783989086.745,69374000,247,1,0,0,10.0,25.0,10.0,25.0,8.48709487915039,25.598430633544922,-0.5984306335449219,26.098323822021484,43.906166076660156,0.0,0.0,0.0,1.0,1.0,0.0,-0.6757645010948181,,,,,,,,,,,,,,,,
1783989086.755,69384000,248,1,1,0,10.0,25.0,10.0,25.0,9.230857849121094,25.141159057617188,-0.14115869998931885,43.69763946533203,47.669551849365234,0.0,0.0,0.0,1.0,1.0,0.0,1.2821016311645508,,,,,,,,,,,,,,,,
1783989086.765,69394000,249,1,2,0,10.0,25.0,10.0,25.0,8.851591110229492,25.43130874633789,-0.43130815029144287,34.19317626953125,46.83324432373047,0.0,0.0,0.0,1.0,1.0,0.0,-0.9532098174095154,,,,,,,,,,,,,,,,
1783989086.775,69404000,250,1,3,0,10.0,25.0,10.0,25.0,8.935632705688477,25.24518394470215,-0.24518370628356934,41.808589935302734,50.1784782409668,0.0,0.0,0.0,1.0,1.0,0.0,1.192330241203308,,,,,,,,,,,,,,,,
1783989086.785,69414000,251,2,255,0,,,,,,,,,,,,,,,,,0.0,0.0,0.0,0.0,3.0,2.450000047683716,0.0,0.0,0.0,0.0,0.0,0.0,0.0,0.0,0.0,0.0
1783989086.795,69424000,252,1,0,0,10.0,25.0,10.0,25.0,8.48709487915039,25.598430633544922,-0.5984306335449219,26.098323822021484,43.906166076660156,0.0,0.0,0.0,1.0,1.0,0.0,-0.6757645010948181,,,,,,,,,,,,,,,,
1783989086.805,69434000,253,1,1,0,10.0,25.0,10.0,25.0,9.230857849121094,25.141159057617188,-0.14115869998931885,43.69763946533203,47.669551849365234,0.0,0.0,0.0,1.0,1.0,0.0,1.2821016311645508,,,,,,,,,,,,,,,,
1783989086.816,69444000,254,1,2,0,10.0,25.0,10.0,25.0,8.851591110229492,25.43130874633789,-0.43130815029144287,34.19317626953125,46.83324432373047,0.0,0.0,0.0,1.0,1.0,0.0,-0.9532098174095154,,,,,,,,,,,,,,,,
1783989086.826,69454000,255,1,3,0,10.0,25.0,10.0,25.0,8.935632705688477,25.24518394470215,-0.24518370628356934,41.808589935302734,50.1784782409668,0.0,0.0,0.0,1.0,1.0,0.0,1.192330241203308,,,,,,,,,,,,,,,,
1783989086.835,69464000,0,2,255,0,,,,,,,,,,,,,,,,,0.0,0.0,0.0,0.0,3.0,2.450000047683716,0.0,0.0,0.0,0.0,0.0,0.0,0.0,0.0,0.0,0.0
1783989086.845,69474000,1,1,0,0,10.0,25.0,10.0,25.0,8.48709487915039,25.598430633544922,-0.5984306335449219,26.098323822021484,43.906166076660156,0.0,0.0,0.0,1.0,1.0,0.0,-0.6757645010948181,,,,,,,,,,,,,,,,
1783989086.855,69484000,2,1,1,0,10.0,25.0,10.0,25.0,9.230857849121094,25.141159057617188,-0.14115869998931885,43.69763946533203,47.669551849365234,0.0,0.0,0.0,1.0,1.0,0.0,1.2821016311645508,,,,,,,,,,,,,,,,
1783989086.865,69494000,3,1,2,0,10.0,25.0,10.0,25.0,8.851591110229492,25.43130874633789,-0.43130815029144287,34.19317626953125,46.83324432373047,0.0,0.0,0.0,1.0,1.0,0.0,-0.9532098174095154,,,,,,,,,,,,,,,,
1783989086.875,69504000,4,1,3,0,10.0,25.0,10.0,25.0,8.935632705688477,25.24518394470215,-0.24518370628356934,41.808589935302734,50.1784782409668,0.0,0.0,0.0,1.0,1.0,0.0,1.192330241203308,,,,,,,,,,,,,,,,
1783989086.885,69514000,5,2,255,0,,,,,,,,,,,,,,,,,0.0,0.0,0.0,0.0,3.0,2.450000047683716,0.0,0.0,0.0,0.0,0.0,0.0,0.0,0.0,0.0,0.0
1783989086.895,69524000,6,1,0,0,10.0,25.0,10.0,25.0,8.48709487915039,25.598430633544922,-0.5984306335449219,26.098323822021484,43.906166076660156,0.0,0.0,0.0,1.0,1.0,0.0,-0.6757645010948181,,,,,,,,,,,,,,,,
1783989086.906,69534000,7,1,1,0,10.0,25.0,10.0,25.0,9.230857849121094,25.141159057617188,-0.14115869998931885,43.69763946533203,47.669551849365234,0.0,0.0,0.0,1.0,1.0,0.0,1.2821016311645508,,,,,,,,,,,,,,,,
1783989086.915,69544000,8,1,2,0,10.0,25.0,10.0,25.0,8.851591110229492,25.43130874633789,-0.43130815029144287,34.19317626953125,46.83324432373047,0.0,0.0,0.0,1.0,1.0,0.0,-0.9532098174095154,,,,,,,,,,,,,,,,
1783989086.925,69554000,9,1,3,0,10.0,25.0,10.0,25.0,8.935632705688477,25.24518394470215,-0.24518370628356934,41.808589935302734,50.1784782409668,0.0,0.0,0.0,1.0,1.0,0.0,1.192330241203308,,,,,,,,,,,,,,,,
1783989086.935,69564000,10,2,255,0,,,,,,,,,,,,,,,,,0.0,0.0,0.0,0.0,3.0,2.450000047683716,0.0,0.0,0.0,0.0,0.0,0.0,0.0,0.0,0.0,0.0
1783989086.945,69574000,11,1,0,0,10.0,25.0,10.0,25.0,8.48709487915039,25.598430633544922,-0.5984306335449219,26.098323822021484,43.906166076660156,0.0,0.0,0.0,1.0,1.0,0.0,-0.6757645010948181,,,,,,,,,,,,,,,,
1783989086.955,69584000,12,1,1,0,10.0,25.0,10.0,25.0,9.230857849121094,25.141159057617188,-0.14115869998931885,43.69763946533203,47.669551849365234,0.0,0.0,0.0,1.0,1.0,0.0,1.2821016311645508,,,,,,,,,,,,,,,,
1783989086.965,69594000,13,1,2,0,10.0,25.0,10.0,25.0,8.851591110229492,25.43130874633789,-0.43130815029144287,34.19317626953125,46.83324432373047,0.0,0.0,0.0,1.0,1.0,0.0,-0.9532098174095154,,,,,,,,,,,,,,,,
1783989086.975,69604000,14,1,3,0,10.0,25.0,10.0,25.0,8.935632705688477,25.24518394470215,-0.24518370628356934,41.808589935302734,50.1784782409668,0.0,0.0,0.0,1.0,1.0,0.0,1.192330241203308,,,,,,,,,,,,,,,,
1783989086.985,69614000,15,2,255,0,,,,,,,,,,,,,,,,,0.0,0.0,0.0,0.0,3.0,2.450000047683716,0.0,0.0,0.0,0.0,0.0,0.0,0.0,0.0,0.0,0.0
1783989086.995,69624000,16,1,0,0,10.0,25.0,10.0,25.0,8.48709487915039,25.598430633544922,-0.5984306335449219,26.098323822021484,43.906166076660156,0.0,0.0,0.0,1.0,1.0,0.0,-0.6757645010948181,,,,,,,,,,,,,,,,
1783989087.005,69634000,17,1,1,0,10.0,25.0,10.0,25.0,9.230857849121094,25.141159057617188,-0.14115869998931885,43.69763946533203,47.669551849365234,0.0,0.0,0.0,1.0,1.0,0.0,1.2821016311645508,,,,,,,,,,,,,,,,
1783989087.015,69644000,18,1,2,0,10.0,25.0,10.0,25.0,8.851591110229492,25.43130874633789,-0.43130815029144287,34.19317626953125,46.83324432373047,0.0,0.0,0.0,1.0,1.0,0.0,-0.9532098174095154,,,,,,,,,,,,,,,,
1783989087.025,69654000,19,1,3,0,10.0,25.0,10.0,25.0,8.935632705688477,25.24518394470215,-0.24518370628356934,41.808589935302734,50.1784782409668,0.0,0.0,0.0,1.0,1.0,0.0,1.192330241203308,,,,,,,,,,,,,,,,
1783989087.035,69664000,20,2,255,0,,,,,,,,,,,,,,,,,0.0,0.0,0.0,0.0,3.0,2.450000047683716,0.0,0.0,0.0,0.0,0.0,0.0,0.0,0.0,0.0,0.0
1783989087.045,69674000,21,1,0,0,10.0,25.0,10.0,25.0,8.48709487915039,25.598430633544922,-0.5984306335449219,26.098323822021484,43.906166076660156,0.0,0.0,0.0,1.0,1.0,0.0,-0.6757645010948181,,,,,,,,,,,,,,,,
1783989087.055,69684000,22,1,1,0,10.0,25.0,10.0,25.0,9.230857849121094,25.141159057617188,-0.14115869998931885,43.69763946533203,47.669551849365234,0.0,0.0,0.0,1.0,1.0,0.0,1.2821016311645508,,,,,,,,,,,,,,,,
1783989087.065,69694000,23,1,2,0,10.0,25.0,10.0,25.0,8.851591110229492,25.43130874633789,-0.43130815029144287,34.19317626953125,46.83324432373047,0.0,0.0,0.0,1.0,1.0,0.0,-0.9532098174095154,,,,,,,,,,,,,,,,
1783989087.075,69704000,24,1,3,0,10.0,25.0,10.0,25.0,8.935632705688477,25.24518394470215,-0.24518370628356934,41.808589935302734,50.1784782409668,0.0,0.0,0.0,1.0,1.0,0.0,1.192330241203308,,,,,,,,,,,,,,,,
1783989087.085,69714000,25,2,255,0,,,,,,,,,,,,,,,,,0.0,0.0,0.0,0.0,3.0,2.450000047683716,0.0,0.0,0.0,0.0,0.0,0.0,0.0,0.0,0.0,0.0
1783989087.095,69724000,26,1,0,0,10.0,25.0,10.0,25.0,8.48709487915039,25.598430633544922,-0.5984306335449219,26.098323822021484,43.906166076660156,0.0,0.0,0.0,1.0,1.0,0.0,-0.6757645010948181,,,,,,,,,,,,,,,,
1783989087.105,69734000,27,1,1,0,10.0,25.0,10.0,25.0,9.230857849121094,25.141159057617188,-0.14115869998931885,43.69763946533203,47.669551849365234,0.0,0.0,0.0,1.0,1.0,0.0,1.2821016311645508,,,,,,,,,,,,,,,,
1783989087.115,69744000,28,1,2,0,10.0,25.0,10.0,25.0,8.851591110229492,25.43130874633789,-0.43130815029144287,34.19317626953125,46.83324432373047,0.0,0.0,0.0,1.0,1.0,0.0,-0.9532098174095154,,,,,,,,,,,,,,,,
1783989087.125,69754000,29,1,3,0,10.0,25.0,10.0,25.0,8.935632705688477,25.24518394470215,-0.24518370628356934,41.808589935302734,50.1784782409668,0.0,0.0,0.0,1.0,1.0,0.0,1.192330241203308,,,,,,,,,,,,,,,,
1783989087.125,69764000,30,2,255,0,,,,,,,,,,,,,,,,,0.0,0.0,0.0,0.0,3.0,2.450000047683716,0.0,0.0,0.0,0.0,0.0,0.0,0.0,0.0,0.0,0.0
1783989087.145,69774000,31,1,0,0,10.0,25.0,10.0,25.0,8.48709487915039,25.598430633544922,-0.5984306335449219,26.098323822021484,43.906166076660156,0.0,0.0,0.0,1.0,1.0,0.0,-0.6757645010948181,,,,,,,,,,,,,,,,
1783989087.155,69784000,32,1,1,0,10.0,25.0,10.0,25.0,9.230857849121094,25.141159057617188,-0.14115869998931885,43.69763946533203,47.669551849365234,0.0,0.0,0.0,1.0,1.0,0.0,1.2821016311645508,,,,,,,,,,,,,,,,
1783989087.165,69794000,33,1,2,0,10.0,25.0,10.0,25.0,8.851591110229492,25.43130874633789,-0.43130815029144287,34.19317626953125,46.83324432373047,0.0,0.0,0.0,1.0,1.0,0.0,-0.9532098174095154,,,,,,,,,,,,,,,,
1783989087.175,69804000,34,1,3,0,10.0,25.0,10.0,25.0,8.935632705688477,25.24518394470215,-0.24518370628356934,41.808589935302734,50.1784782409668,0.0,0.0,0.0,1.0,1.0,0.0,1.192330241203308,,,,,,,,,,,,,,,,
1783989087.185,69814000,35,2,255,0,,,,,,,,,,,,,,,,,0.0,0.0,0.0,0.0,3.0,2.450000047683716,0.0,0.0,0.0,0.0,0.0,0.0,0.0,0.0,0.0,0.0
1783989087.195,69824000,36,1,0,0,10.0,25.0,10.0,25.0,8.48709487915039,25.598430633544922,-0.5984306335449219,26.098323822021484,43.906166076660156,0.0,0.0,0.0,1.0,1.0,0.0,-0.6757645010948181,,,,,,,,,,,,,,,,
1783989087.205,69834000,37,1,1,0,10.0,25.0,10.0,25.0,9.230857849121094,25.141159057617188,-0.14115869998931885,43.69763946533203,47.669551849365234,0.0,0.0,0.0,1.0,1.0,0.0,1.2821016311645508,,,,,,,,,,,,,,,,
1783989087.215,69844000,38,1,2,0,10.0,25.0,10.0,25.0,8.851591110229492,25.43130874633789,-0.43130815029144287,34.19317626953125,46.83324432373047,0.0,0.0,0.0,1.0,1.0,0.0,-0.9532098174095154,,,,,,,,,,,,,,,,
1783989087.225,69854000,39,1,3,0,10.0,25.0,10.0,25.0,8.935632705688477,25.24518394470215,-0.24518370628356934,41.808589935302734,50.1784782409668,0.0,0.0,0.0,1.0,1.0,0.0,1.192330241203308,,,,,,,,,,,,,,,,
1783989087.235,69864000,40,2,255,0,,,,,,,,,,,,,,,,,0.0,0.0,0.0,0.0,3.0,2.450000047683716,0.0,0.0,0.0,0.0,0.0,0.0,0.0,0.0,0.0,0.0
1783989087.245,69874000,41,1,0,0,10.0,25.0,10.0,25.0,8.48709487915039,25.598430633544922,-0.5984306335449219,26.098323822021484,43.906166076660156,0.0,0.0,0.0,1.0,1.0,0.0,-0.6757645010948181,,,,,,,,,,,,,,,,
1783989087.255,69884000,42,1,1,0,10.0,25.0,10.0,25.0,9.230857849121094,25.141159057617188,-0.14115869998931885,43.69763946533203,47.669551849365234,0.0,0.0,0.0,1.0,1.0,0.0,1.2821016311645508,,,,,,,,,,,,,,,,
1783989087.265,69894000,43,1,2,0,10.0,25.0,10.0,25.0,8.851591110229492,25.43130874633789,-0.43130815029144287,34.19317626953125,46.83324432373047,0.0,0.0,0.0,1.0,1.0,0.0,-0.9532098174095154,,,,,,,,,,,,,,,,
1783989087.275,69904000,44,1,3,0,10.0,25.0,10.0,25.0,8.935632705688477,25.24518394470215,-0.24518370628356934,41.808589935302734,50.1784782409668,0.0,0.0,0.0,1.0,1.0,0.0,1.192330241203308,,,,,,,,,,,,,,,,
1783989087.285,69914000,45,2,255,0,,,,,,,,,,,,,,,,,0.0,0.0,0.0,0.0,3.0,2.450000047683716,0.0,0.0,0.0,0.0,0.0,0.0,0.0,0.0,0.0,0.0
1783989087.295,69924000,46,1,0,0,10.0,25.0,10.0,25.0,8.48709487915039,25.598430633544922,-0.5984306335449219,26.098323822021484,43.906166076660156,0.0,0.0,0.0,1.0,1.0,0.0,-0.6757645010948181,,,,,,,,,,,,,,,,
1783989087.305,69934000,47,1,1,0,10.0,25.0,10.0,25.0,9.230857849121094,25.141159057617188,-0.14115869998931885,43.69763946533203,47.669551849365234,0.0,0.0,0.0,1.0,1.0,0.0,1.2821016311645508,,,,,,,,,,,,,,,,
1783989087.315,69944000,48,1,2,0,10.0,25.0,10.0,25.0,8.851591110229492,25.43130874633789,-0.43130815029144287,34.19317626953125,46.83324432373047,0.0,0.0,0.0,1.0,1.0,0.0,-0.9532098174095154,,,,,,,,,,,,,,,,
1783989087.325,69954000,49,1,3,0,10.0,25.0,10.0,25.0,8.935632705688477,25.24518394470215,-0.24518370628356934,41.808589935302734,50.1784782409668,0.0,0.0,0.0,1.0,1.0,0.0,1.192330241203308,,,,,,,,,,,,,,,,
1783989087.335,69964000,50,2,255,0,,,,,,,,,,,,,,,,,0.0,0.0,0.0,0.0,3.0,2.450000047683716,0.0,0.0,0.0,0.0,0.0,0.0,0.0,0.0,0.0,0.0
1783989087.345,69974000,51,1,0,0,10.0,25.0,10.0,25.0,8.48709487915039,25.598430633544922,-0.5984306335449219,26.098323822021484,43.906166076660156,0.0,0.0,0.0,1.0,1.0,0.0,-0.6757645010948181,,,,,,,,,,,,,,,,
1783989087.355,69984000,52,1,1,0,10.0,25.0,10.0,25.0,9.230857849121094,25.141159057617188,-0.14115869998931885,43.69763946533203,47.669551849365234,0.0,0.0,0.0,1.0,1.0,0.0,1.2821016311645508,,,,,,,,,,,,,,,,
1783989087.365,69994000,53,1,2,0,10.0,25.0,10.0,25.0,8.851591110229492,25.43130874633789,-0.43130815029144287,34.19317626953125,46.83324432373047,0.0,0.0,0.0,1.0,1.0,0.0,-0.9532098174095154,,,,,,,,,,,,,,,,
1783989087.377,70004000,54,1,3,0,10.0,25.0,10.0,25.0,8.935632705688477,25.24518394470215,-0.24518370628356934,41.808589935302734,50.1784782409668,0.0,0.0,0.0,1.0,1.0,0.0,1.192330241203308,,,,,,,,,,,,,,,,
1783989087.386,70014000,55,2,255,0,,,,,,,,,,,,,,,,,0.0,0.0,0.0,0.0,3.0,2.450000047683716,0.0,0.0,0.0,0.0,0.0,0.0,0.0,0.0,0.0,0.0
1783989087.395,70024000,56,1,0,0,10.0,25.0,10.0,25.0,8.48709487915039,25.598430633544922,-0.5984306335449219,26.098323822021484,43.906166076660156,0.0,0.0,0.0,1.0,1.0,0.0,-0.6757645010948181,,,,,,,,,,,,,,,,
1783989087.405,70034000,57,1,1,0,10.0,25.0,10.0,25.0,9.230857849121094,25.141159057617188,-0.14115869998931885,43.69763946533203,47.669551849365234,0.0,0.0,0.0,1.0,1.0,0.0,1.2821016311645508,,,,,,,,,,,,,,,,
1783989087.415,70044000,58,1,2,0,10.0,25.0,10.0,25.0,8.851591110229492,25.43130874633789,-0.43130815029144287,34.19317626953125,46.83324432373047,0.0,0.0,0.0,1.0,1.0,0.0,-0.9532098174095154,,,,,,,,,,,,,,,,
1783989087.425,70054000,59,1,3,0,10.0,25.0,10.0,25.0,8.935632705688477,25.24518394470215,-0.24518370628356934,41.808589935302734,50.1784782409668,0.0,0.0,0.0,1.0,1.0,0.0,1.192330241203308,,,,,,,,,,,,,,,,
1783989087.435,70064000,60,2,255,0,,,,,,,,,,,,,,,,,0.0,0.0,0.0,0.0,3.0,2.450000047683716,0.0,0.0,0.0,0.0,0.0,0.0,0.0,0.0,0.0,0.0
1783989087.446,70074000,61,1,0,0,10.0,25.0,10.0,25.0,8.48709487915039,25.598430633544922,-0.5984306335449219,26.098323822021484,43.906166076660156,0.0,0.0,0.0,1.0,1.0,0.0,-0.6757645010948181,,,,,,,,,,,,,,,,
1783989087.455,70084000,62,1,1,0,10.0,25.0,10.0,25.0,9.230857849121094,25.141159057617188,-0.14115869998931885,43.69763946533203,47.669551849365234,0.0,0.0,0.0,1.0,1.0,0.0,1.2821016311645508,,,,,,,,,,,,,,,,
1783989087.465,70094000,63,1,2,0,10.0,25.0,10.0,25.0,8.851591110229492,25.43130874633789,-0.43130815029144287,34.19317626953125,46.83324432373047,0.0,0.0,0.0,1.0,1.0,0.0,-0.9532098174095154,,,,,,,,,,,,,,,,
1783989087.475,70104000,64,1,3,0,10.0,25.0,10.0,25.0,8.935632705688477,25.24518394470215,-0.24518370628356934,41.808589935302734,50.1784782409668,0.0,0.0,0.0,1.0,1.0,0.0,1.192330241203308,,,,,,,,,,,,,,,,
1783989087.485,70114000,65,2,255,0,,,,,,,,,,,,,,,,,0.0,0.0,0.0,0.0,3.0,2.450000047683716,0.0,0.0,0.0,0.0,0.0,0.0,0.0,0.0,0.0,0.0
1783989087.495,70124000,66,1,0,0,10.0,25.0,10.0,25.0,8.48709487915039,25.598430633544922,-0.5984306335449219,26.098323822021484,43.906166076660156,0.0,0.0,0.0,1.0,1.0,0.0,-0.6757645010948181,,,,,,,,,,,,,,,,
1783989087.505,70134000,67,1,1,0,10.0,25.0,10.0,25.0,9.230857849121094,25.141159057617188,-0.14115869998931885,43.69763946533203,47.669551849365234,0.0,0.0,0.0,1.0,1.0,0.0,1.2821016311645508,,,,,,,,,,,,,,,,
1783989087.515,70144000,68,1,2,0,10.0,25.0,10.0,25.0,8.851591110229492,25.43130874633789,-0.43130815029144287,34.19317626953125,46.83324432373047,0.0,0.0,0.0,1.0,1.0,0.0,-0.9532098174095154,,,,,,,,,,,,,,,,
1783989087.525,70154000,69,1,3,0,10.0,25.0,10.0,25.0,8.935632705688477,25.24518394470215,-0.24518370628356934,41.808589935302734,50.1784782409668,0.0,0.0,0.0,1.0,1.0,0.0,1.192330241203308,,,,,,,,,,,,,,,,
1783989087.535,70164000,70,2,255,0,,,,,,,,,,,,,,,,,0.0,0.0,0.0,0.0,3.0,2.450000047683716,0.0,0.0,0.0,0.0,0.0,0.0,0.0,0.0,0.0,0.0
1783989087.545,70174000,71,1,0,0,10.0,25.0,10.0,25.0,8.48709487915039,25.598430633544922,-0.5984306335449219,26.098323822021484,43.906166076660156,0.0,0.0,0.0,1.0,1.0,0.0,-0.6757645010948181,,,,,,,,,,,,,,,,
1783989087.555,70184000,72,1,1,0,10.0,25.0,10.0,25.0,9.230857849121094,25.141159057617188,-0.14115869998931885,43.69763946533203,47.669551849365234,0.0,0.0,0.0,1.0,1.0,0.0,1.2821016311645508,,,,,,,,,,,,,,,,
1783989087.565,70194000,73,1,2,0,10.0,25.0,10.0,25.0,8.851591110229492,25.43130874633789,-0.43130815029144287,34.19317626953125,46.83324432373047,0.0,0.0,0.0,1.0,1.0,0.0,-0.9532098174095154,,,,,,,,,,,,,,,,
1783989087.575,70204000,74,1,3,0,10.0,25.0,10.0,25.0,8.935632705688477,25.24518394470215,-0.24518370628356934,41.808589935302734,50.1784782409668,0.0,0.0,0.0,1.0,1.0,0.0,1.192330241203308,,,,,,,,,,,,,,,,
1783989087.585,70214000,75,2,255,0,,,,,,,,,,,,,,,,,0.0,0.0,0.0,0.0,3.0,2.450000047683716,0.0,0.0,0.0,0.0,0.0,0.0,0.0,0.0,0.0,0.0
1783989087.595,70224000,76,1,0,0,10.0,25.0,10.0,25.0,8.48709487915039,25.598430633544922,-0.5984306335449219,26.098323822021484,43.906166076660156,0.0,0.0,0.0,1.0,1.0,0.0,-0.6757645010948181,,,,,,,,,,,,,,,,
1783989087.605,70234000,77,1,1,0,10.0,25.0,10.0,25.0,9.230857849121094,25.141159057617188,-0.14115869998931885,43.69763946533203,47.669551849365234,0.0,0.0,0.0,1.0,1.0,0.0,1.2821016311645508,,,,,,,,,,,,,,,,
1783989087.615,70244000,78,1,2,0,10.0,25.0,10.0,25.0,8.851591110229492,25.43130874633789,-0.43130815029144287,34.19317626953125,46.83324432373047,0.0,0.0,0.0,1.0,1.0,0.0,-0.9532098174095154,,,,,,,,,,,,,,,,
1783989087.625,70254000,79,1,3,0,10.0,25.0,10.0,25.0,8.935632705688477,25.24518394470215,-0.24518370628356934,41.808589935302734,50.1784782409668,0.0,0.0,0.0,1.0,1.0,0.0,1.192330241203308,,,,,,,,,,,,,,,,
1783989087.635,70264000,80,2,255,0,,,,,,,,,,,,,,,,,0.0,0.0,0.0,0.0,3.0,2.450000047683716,0.0,0.0,0.0,0.0,0.0,0.0,0.0,0.0,0.0,0.0
1783989087.645,70274000,81,1,0,0,10.0,25.0,10.0,25.0,8.48709487915039,25.598430633544922,-0.5984306335449219,26.098323822021484,43.906166076660156,0.0,0.0,0.0,1.0,1.0,0.0,-0.6757645010948181,,,,,,,,,,,,,,,,
1783989087.656,70284000,82,1,1,0,10.0,25.0,10.0,25.0,9.230857849121094,25.141159057617188,-0.14115869998931885,43.69763946533203,47.669551849365234,0.0,0.0,0.0,1.0,1.0,0.0,1.2821016311645508,,,,,,,,,,,,,,,,
1783989087.665,70294000,83,1,2,0,10.0,25.0,10.0,25.0,8.851591110229492,25.43130874633789,-0.43130815029144287,34.19317626953125,46.83324432373047,0.0,0.0,0.0,1.0,1.0,0.0,-0.9532098174095154,,,,,,,,,,,,,,,,
1783989087.675,70304000,84,1,3,0,10.0,25.0,10.0,25.0,8.935632705688477,25.24518394470215,-0.24518370628356934,41.808589935302734,50.1784782409668,0.0,0.0,0.0,1.0,1.0,0.0,1.192330241203308,,,,,,,,,,,,,,,,
1783989087.686,70314000,85,2,255,0,,,,,,,,,,,,,,,,,0.0,0.0,0.0,0.0,3.0,2.450000047683716,0.0,0.0,0.0,0.0,0.0,0.0,0.0,0.0,0.0,0.0
1783989087.695,70324000,86,1,0,0,10.0,25.0,10.0,25.0,8.48709487915039,25.598430633544922,-0.5984306335449219,26.098323822021484,43.906166076660156,0.0,0.0,0.0,1.0,1.0,0.0,-0.6757645010948181,,,,,,,,,,,,,,,,
1783989087.705,70334000,87,1,1,0,10.0,25.0,10.0,25.0,9.230857849121094,25.141159057617188,-0.14115869998931885,43.69763946533203,47.669551849365234,0.0,0.0,0.0,1.0,1.0,0.0,1.2821016311645508,,,,,,,,,,,,,,,,
1783989087.715,70344000,88,1,2,0,10.0,25.0,10.0,25.0,8.851591110229492,25.43130874633789,-0.43130815029144287,34.19317626953125,46.83324432373047,0.0,0.0,0.0,1.0,1.0,0.0,-0.9532098174095154,,,,,,,,,,,,,,,,
1783989087.725,70354000,89,1,3,0,10.0,25.0,10.0,25.0,8.935632705688477,25.24518394470215,-0.24518370628356934,41.808589935302734,50.1784782409668,0.0,0.0,0.0,1.0,1.0,0.0,1.192330241203308,,,,,,,,,,,,,,,,
1783989087.735,70364000,90,2,255,0,,,,,,,,,,,,,,,,,0.0,0.0,0.0,0.0,3.0,2.450000047683716,0.0,0.0,0.0,0.0,0.0,0.0,0.0,0.0,0.0,0.0
1783989087.745,70374000,91,1,0,0,10.0,25.0,10.0,25.0,8.48709487915039,25.598430633544922,-0.5984306335449219,26.098323822021484,43.906166076660156,0.0,0.0,0.0,1.0,1.0,0.0,-0.6757645010948181,,,,,,,,,,,,,,,,
1783989087.755,70384000,92,1,1,0,10.0,25.0,10.0,25.0,9.230857849121094,25.141159057617188,-0.14115869998931885,43.69763946533203,47.669551849365234,0.0,0.0,0.0,1.0,1.0,0.0,1.2821016311645508,,,,,,,,,,,,,,,,
1783989087.766,70394000,93,1,2,0,10.0,25.0,10.0,25.0,8.851591110229492,25.43130874633789,-0.43130815029144287,34.19317626953125,46.83324432373047,0.0,0.0,0.0,1.0,1.0,0.0,-0.9532098174095154,,,,,,,,,,,,,,,,
1783989087.775,70404000,94,1,3,0,10.0,25.0,10.0,25.0,8.935632705688477,25.24518394470215,-0.24518370628356934,41.808589935302734,50.1784782409668,0.0,0.0,0.0,1.0,1.0,0.0,1.192330241203308,,,,,,,,,,,,,,,,
1783989087.785,70414000,95,2,255,0,,,,,,,,,,,,,,,,,0.0,0.0,0.0,0.0,3.0,2.450000047683716,0.0,0.0,0.0,0.0,0.0,0.0,0.0,0.0,0.0,0.0
1783989087.795,70424000,96,1,0,0,10.0,25.0,10.0,25.0,8.48709487915039,25.598430633544922,-0.5984306335449219,26.098323822021484,43.906166076660156,0.0,0.0,0.0,1.0,1.0,0.0,-0.6757645010948181,,,,,,,,,,,,,,,,
1783989087.805,70434000,97,1,1,0,10.0,25.0,10.0,25.0,9.230857849121094,25.141159057617188,-0.14115869998931885,43.69763946533203,47.669551849365234,0.0,0.0,0.0,1.0,1.0,0.0,1.2821016311645508,,,,,,,,,,,,,,,,
1783989087.815,70444000,98,1,2,0,10.0,25.0,10.0,25.0,8.851591110229492,25.43130874633789,-0.43130815029144287,34.19317626953125,46.83324432373047,0.0,0.0,0.0,1.0,1.0,0.0,-0.9532098174095154,,,,,,,,,,,,,,,,
1783989087.825,70454000,99,1,3,0,10.0,25.0,10.0,25.0,8.935632705688477,25.24518394470215,-0.24518370628356934,41.808589935302734,50.1784782409668,0.0,0.0,0.0,1.0,1.0,0.0,1.192330241203308,,,,,,,,,,,,,,,,
1783989087.835,70464000,100,2,255,0,,,,,,,,,,,,,,,,,0.0,0.0,0.0,0.0,3.0,2.450000047683716,0.0,0.0,0.0,0.0,0.0,0.0,0.0,0.0,0.0,0.0
1783989087.845,70474000,101,1,0,0,10.0,25.0,10.0,25.0,8.48709487915039,25.598430633544922,-0.5984306335449219,26.098323822021484,43.906166076660156,0.0,0.0,0.0,1.0,1.0,0.0,-0.6757645010948181,,,,,,,,,,,,,,,,
1783989087.855,70484000,102,1,1,0,10.0,25.0,10.0,25.0,9.230857849121094,25.141159057617188,-0.14115869998931885,43.69763946533203,47.669551849365234,0.0,0.0,0.0,1.0,1.0,0.0,1.2821016311645508,,,,,,,,,,,,,,,,
1783989087.865,70494000,103,1,2,0,10.0,25.0,10.0,25.0,8.851591110229492,25.43130874633789,-0.43130815029144287,34.19317626953125,46.83324432373047,0.0,0.0,0.0,1.0,1.0,0.0,-0.9532098174095154,,,,,,,,,,,,,,,,
1783989087.875,70504000,104,1,3,0,10.0,25.0,10.0,25.0,8.935632705688477,25.24518394470215,-0.24518370628356934,41.808589935302734,50.1784782409668,0.0,0.0,0.0,1.0,1.0,0.0,1.192330241203308,,,,,,,,,,,,,,,,
1783989087.885,70514000,105,2,255,0,,,,,,,,,,,,,,,,,0.0,0.0,0.0,0.0,3.0,2.450000047683716,0.0,0.0,0.0,0.0,0.0,0.0,0.0,0.0,0.0,0.0
1783989087.895,70524000,106,1,0,0,10.0,25.0,10.0,25.0,8.48709487915039,25.598430633544922,-0.5984306335449219,26.098323822021484,43.906166076660156,0.0,0.0,0.0,1.0,1.0,0.0,-0.6757645010948181,,,,,,,,,,,,,,,,
1783989087.895,70534000,107,1,1,0,10.0,25.0,10.0,25.0,9.230857849121094,25.141159057617188,-0.14115869998931885,43.69763946533203,47.669551849365234,0.0,0.0,0.0,1.0,1.0,0.0,1.2821016311645508,,,,,,,,,,,,,,,,
1783989087.915,70544000,108,1,2,0,10.0,25.0,10.0,25.0,8.851591110229492,25.43130874633789,-0.43130815029144287,34.19317626953125,46.83324432373047,0.0,0.0,0.0,1.0,1.0,0.0,-0.9532098174095154,,,,,,,,,,,,,,,,
1783989087.925,70554000,109,1,3,0,10.0,25.0,10.0,25.0,8.935632705688477,25.24518394470215,-0.24518370628356934,41.808589935302734,50.1784782409668,0.0,0.0,0.0,1.0,1.0,0.0,1.192330241203308,,,,,,,,,,,,,,,,
1783989087.935,70564000,110,2,255,0,,,,,,,,,,,,,,,,,0.0,0.0,0.0,0.0,3.0,2.450000047683716,0.0,0.0,0.0,0.0,0.0,0.0,0.0,0.0,0.0,0.0
1783989087.951,70574000,111,1,0,0,10.0,25.0,10.0,25.0,8.48709487915039,25.598430633544922,-0.5984306335449219,26.098323822021484,43.906166076660156,0.0,0.0,0.0,1.0,1.0,0.0,-0.6757645010948181,,,,,,,,,,,,,,,,
1783989087.955,70584000,112,1,1,0,10.0,25.0,10.0,25.0,9.230857849121094,25.141159057617188,-0.14115869998931885,43.69763946533203,47.669551849365234,0.0,0.0,0.0,1.0,1.0,0.0,1.2821016311645508,,,,,,,,,,,,,,,,
1783989087.965,70594000,113,1,2,0,10.0,25.0,10.0,25.0,8.851591110229492,25.43130874633789,-0.43130815029144287,34.19317626953125,46.83324432373047,0.0,0.0,0.0,1.0,1.0,0.0,-0.9532098174095154,,,,,,,,,,,,,,,,
1783989087.975,70604000,114,1,3,0,10.0,25.0,10.0,25.0,8.935632705688477,25.24518394470215,-0.24518370628356934,41.808589935302734,50.1784782409668,0.0,0.0,0.0,1.0,1.0,0.0,1.192330241203308,,,,,,,,,,,,,,,,
1783989087.985,70614000,115,2,255,0,,,,,,,,,,,,,,,,,0.0,0.0,0.0,0.0,3.0,2.450000047683716,0.0,0.0,0.0,0.0,0.0,0.0,0.0,0.0,0.0,0.0
1783989087.995,70624000,116,1,0,0,10.0,25.0,10.0,25.0,8.48709487915039,25.598430633544922,-0.5984306335449219,26.098323822021484,43.906166076660156,0.0,0.0,0.0,1.0,1.0,0.0,-0.6757645010948181,,,,,,,,,,,,,,,,
1783989088.005,70634000,117,1,1,0,10.0,25.0,10.0,25.0,9.230857849121094,25.141159057617188,-0.14115869998931885,43.69763946533203,47.669551849365234,0.0,0.0,0.0,1.0,1.0,0.0,1.2821016311645508,,,,,,,,,,,,,,,,
1783989088.015,70644000,118,1,2,0,10.0,25.0,10.0,25.0,8.851591110229492,25.43130874633789,-0.43130815029144287,34.19317626953125,46.83324432373047,0.0,0.0,0.0,1.0,1.0,0.0,-0.9532098174095154,,,,,,,,,,,,,,,,
1783989088.025,70654000,119,1,3,0,10.0,25.0,10.0,25.0,8.935632705688477,25.24518394470215,-0.24518370628356934,41.808589935302734,50.1784782409668,0.0,0.0,0.0,1.0,1.0,0.0,1.192330241203308,,,,,,,,,,,,,,,,
1783989088.035,70664000,120,2,255,0,,,,,,,,,,,,,,,,,0.0,0.0,0.0,0.0,3.0,2.450000047683716,0.0,0.0,0.0,0.0,0.0,0.0,0.0,0.0,0.0,0.0
1783989088.045,70674000,121,1,0,0,10.0,25.0,10.0,25.0,8.48709487915039,25.598430633544922,-0.5984306335449219,26.098323822021484,43.906166076660156,0.0,0.0,0.0,1.0,1.0,0.0,-0.6757645010948181,,,,,,,,,,,,,,,,
1783989088.055,70684000,122,1,1,0,10.0,25.0,10.0,25.0,9.230857849121094,25.141159057617188,-0.14115869998931885,43.69763946533203,47.669551849365234,0.0,0.0,0.0,1.0,1.0,0.0,1.2821016311645508,,,,,,,,,,,,,,,,
1783989088.065,70694000,123,1,2,0,10.0,25.0,10.0,25.0,8.851591110229492,25.43130874633789,-0.43130815029144287,34.19317626953125,46.83324432373047,0.0,0.0,0.0,1.0,1.0,0.0,-0.9532098174095154,,,,,,,,,,,,,,,,
1783989088.075,70704000,124,1,3,0,10.0,25.0,10.0,25.0,8.935632705688477,25.24518394470215,-0.24518370628356934,41.808589935302734,50.1784782409668,0.0,0.0,0.0,1.0,1.0,0.0,1.192330241203308,,,,,,,,,,,,,,,,
1783989088.085,70714000,125,2,255,0,,,,,,,,,,,,,,,,,0.0,0.0,0.0,0.0,3.0,2.450000047683716,0.0,0.0,0.0,0.0,0.0,0.0,0.0,0.0,0.0,0.0
1783989088.095,70724000,126,1,0,0,10.0,25.0,10.0,25.0,8.48709487915039,25.598430633544922,-0.5984306335449219,26.098323822021484,43.906166076660156,0.0,0.0,0.0,1.0,1.0,0.0,-0.6757645010948181,,,,,,,,,,,,,,,,
1783989088.105,70734000,127,1,1,0,10.0,25.0,10.0,25.0,9.230857849121094,25.141159057617188,-0.14115869998931885,43.69763946533203,47.669551849365234,0.0,0.0,0.0,1.0,1.0,0.0,1.2821016311645508,,,,,,,,,,,,,,,,
1783989088.115,70744000,128,1,2,0,10.0,25.0,10.0,25.0,8.851591110229492,25.43130874633789,-0.43130815029144287,34.19317626953125,46.83324432373047,0.0,0.0,0.0,1.0,1.0,0.0,-0.9532098174095154,,,,,,,,,,,,,,,,
1783989088.125,70754000,129,1,3,0,10.0,25.0,10.0,25.0,8.935632705688477,25.24518394470215,-0.24518370628356934,41.808589935302734,50.1784782409668,0.0,0.0,0.0,1.0,1.0,0.0,1.192330241203308,,,,,,,,,,,,,,,,
1783989088.135,70764000,130,2,255,0,,,,,,,,,,,,,,,,,0.0,0.0,0.0,0.0,3.0,2.450000047683716,0.0,0.0,0.0,0.0,0.0,0.0,0.0,0.0,0.0,0.0
1783989088.145,70774000,131,1,0,0,10.0,25.0,10.0,25.0,8.48709487915039,25.598430633544922,-0.5984306335449219,26.098323822021484,43.906166076660156,0.0,0.0,0.0,1.0,1.0,0.0,-0.6757645010948181,,,,,,,,,,,,,,,,
1783989088.155,70784000,132,1,1,0,10.0,25.0,10.0,25.0,9.230857849121094,25.141159057617188,-0.14115869998931885,43.69763946533203,47.669551849365234,0.0,0.0,0.0,1.0,1.0,0.0,1.2821016311645508,,,,,,,,,,,,,,,,
1783989088.165,70794000,133,1,2,0,10.0,25.0,10.0,25.0,8.851591110229492,25.43130874633789,-0.43130815029144287,34.19317626953125,46.83324432373047,0.0,0.0,0.0,1.0,1.0,0.0,-0.9532098174095154,,,,,,,,,,,,,,,,
1783989088.175,70804000,134,1,3,0,10.0,25.0,10.0,25.0,8.935632705688477,25.24518394470215,-0.24518370628356934,41.808589935302734,50.1784782409668,0.0,0.0,0.0,1.0,1.0,0.0,1.192330241203308,,,,,,,,,,,,,,,,
1783989088.185,70814000,135,2,255,0,,,,,,,,,,,,,,,,,0.0,0.0,0.0,0.0,3.0,2.450000047683716,0.0,0.0,0.0,0.0,0.0,0.0,0.0,0.0,0.0,0.0
1783989088.195,70824000,136,1,0,0,10.0,25.0,10.0,25.0,8.48709487915039,25.598430633544922,-0.5984306335449219,26.098323822021484,43.906166076660156,0.0,0.0,0.0,1.0,1.0,0.0,-0.6757645010948181,,,,,,,,,,,,,,,,
1783989088.205,70834000,137,1,1,0,10.0,25.0,10.0,25.0,9.230857849121094,25.141159057617188,-0.14115869998931885,43.69763946533203,47.669551849365234,0.0,0.0,0.0,1.0,1.0,0.0,1.2821016311645508,,,,,,,,,,,,,,,,
1783989088.215,70844000,138,1,2,0,10.0,25.0,10.0,25.0,8.851591110229492,25.43130874633789,-0.43130815029144287,34.19317626953125,46.83324432373047,0.0,0.0,0.0,1.0,1.0,0.0,-0.9532098174095154,,,,,,,,,,,,,,,,
1783989088.225,70854000,139,1,3,0,10.0,25.0,10.0,25.0,8.935632705688477,25.24518394470215,-0.24518370628356934,41.808589935302734,50.1784782409668,0.0,0.0,0.0,1.0,1.0,0.0,1.192330241203308,,,,,,,,,,,,,,,,
1783989088.235,70864000,140,2,255,0,,,,,,,,,,,,,,,,,0.0,0.0,0.0,0.0,3.0,2.450000047683716,0.0,0.0,0.0,0.0,0.0,0.0,0.0,0.0,0.0,0.0
1783989088.246,70874000,141,1,0,0,10.0,25.0,10.0,25.0,8.48709487915039,25.598430633544922,-0.5984306335449219,26.098323822021484,43.906166076660156,0.0,0.0,0.0,1.0,1.0,0.0,-0.6757645010948181,,,,,,,,,,,,,,,,
1783989088.255,70884000,142,1,1,0,10.0,25.0,10.0,25.0,9.230857849121094,25.141159057617188,-0.14115869998931885,43.69763946533203,47.669551849365234,0.0,0.0,0.0,1.0,1.0,0.0,1.2821016311645508,,,,,,,,,,,,,,,,
1783989088.265,70894000,143,1,2,0,10.0,25.0,10.0,25.0,8.851591110229492,25.43130874633789,-0.43130815029144287,34.19317626953125,46.83324432373047,0.0,0.0,0.0,1.0,1.0,0.0,-0.9532098174095154,,,,,,,,,,,,,,,,
1783989088.275,70904000,144,1,3,0,10.0,25.0,10.0,25.0,8.935632705688477,25.24518394470215,-0.24518370628356934,41.808589935302734,50.1784782409668,0.0,0.0,0.0,1.0,1.0,0.0,1.192330241203308,,,,,,,,,,,,,,,,
1783989088.285,70914000,145,2,255,0,,,,,,,,,,,,,,,,,0.0,0.0,0.0,0.0,3.0,2.450000047683716,0.0,0.0,0.0,0.0,0.0,0.0,0.0,0.0,0.0,0.0
1783989088.295,70924000,146,1,0,0,10.0,25.0,10.0,25.0,8.48709487915039,25.598430633544922,-0.5984306335449219,26.098323822021484,43.906166076660156,0.0,0.0,0.0,1.0,1.0,0.0,-0.6757645010948181,,,,,,,,,,,,,,,,
1783989088.305,70934000,147,1,1,0,10.0,25.0,10.0,25.0,9.230857849121094,25.141159057617188,-0.14115869998931885,43.69763946533203,47.669551849365234,0.0,0.0,0.0,1.0,1.0,0.0,1.2821016311645508,,,,,,,,,,,,,,,,
1783989088.315,70944000,148,1,2,0,10.0,25.0,10.0,25.0,8.851591110229492,25.43130874633789,-0.43130815029144287,34.19317626953125,46.83324432373047,0.0,0.0,0.0,1.0,1.0,0.0,-0.9532098174095154,,,,,,,,,,,,,,,,
1783989088.325,70954000,149,1,3,0,10.0,25.0,10.0,25.0,8.935632705688477,25.24518394470215,-0.24518370628356934,41.808589935302734,50.1784782409668,0.0,0.0,0.0,1.0,1.0,0.0,1.192330241203308,,,,,,,,,,,,,,,,
1783989088.335,70964000,150,2,255,0,,,,,,,,,,,,,,,,,0.0,0.0,0.0,0.0,3.0,2.450000047683716,0.0,0.0,0.0,0.0,0.0,0.0,0.0,0.0,0.0,0.0
1783989088.345,70974000,151,1,0,0,10.0,25.0,10.0,25.0,8.48709487915039,25.598430633544922,-0.5984306335449219,26.098323822021484,43.906166076660156,0.0,0.0,0.0,1.0,1.0,0.0,-0.6757645010948181,,,,,,,,,,,,,,,,
1783989088.355,70984000,152,1,1,0,10.0,25.0,10.0,25.0,9.230857849121094,25.141159057617188,-0.14115869998931885,43.69763946533203,47.669551849365234,0.0,0.0,0.0,1.0,1.0,0.0,1.2821016311645508,,,,,,,,,,,,,,,,
1783989088.366,70994000,153,1,2,0,10.0,25.0,10.0,25.0,8.851591110229492,25.43130874633789,-0.43130815029144287,34.19317626953125,46.83324432373047,0.0,0.0,0.0,1.0,1.0,0.0,-0.9532098174095154,,,,,,,,,,,,,,,,
1783989088.375,71004000,154,1,3,0,10.0,25.0,10.0,25.0,8.935632705688477,25.24518394470215,-0.24518370628356934,41.808589935302734,50.1784782409668,0.0,0.0,0.0,1.0,1.0,0.0,1.192330241203308,,,,,,,,,,,,,,,,
1783989088.385,71014000,155,2,255,0,,,,,,,,,,,,,,,,,0.0,0.0,0.0,0.0,3.0,2.450000047683716,0.0,0.0,0.0,0.0,0.0,0.0,0.0,0.0,0.0,0.0
1783989088.395,71024000,156,1,0,0,10.0,25.0,10.0,25.0,8.48709487915039,25.598430633544922,-0.5984306335449219,26.098323822021484,43.906166076660156,0.0,0.0,0.0,1.0,1.0,0.0,-0.6757645010948181,,,,,,,,,,,,,,,,
1783989088.405,71034000,157,1,1,0,10.0,25.0,10.0,25.0,9.230857849121094,25.141159057617188,-0.14115869998931885,43.69763946533203,47.669551849365234,0.0,0.0,0.0,1.0,1.0,0.0,1.2821016311645508,,,,,,,,,,,,,,,,
1783989088.405,71044000,158,1,2,0,10.0,25.0,10.0,25.0,8.851591110229492,25.43130874633789,-0.43130815029144287,34.19317626953125,46.83324432373047,0.0,0.0,0.0,1.0,1.0,0.0,-0.9532098174095154,,,,,,,,,,,,,,,,
1783989088.425,71054000,159,1,3,0,10.0,25.0,10.0,25.0,8.935632705688477,25.24518394470215,-0.24518370628356934,41.808589935302734,50.1784782409668,0.0,0.0,0.0,1.0,1.0,0.0,1.192330241203308,,,,,,,,,,,,,,,,
1783989088.435,71064000,160,2,255,0,,,,,,,,,,,,,,,,,0.0,0.0,0.0,0.0,3.0,2.450000047683716,0.0,0.0,0.0,0.0,0.0,0.0,0.0,0.0,0.0,0.0
1783989088.445,71074000,161,1,0,0,10.0,25.0,10.0,25.0,8.48709487915039,25.598430633544922,-0.5984306335449219,26.098323822021484,43.906166076660156,0.0,0.0,0.0,1.0,1.0,0.0,-0.6757645010948181,,,,,,,,,,,,,,,,
1783989088.455,71084000,162,1,1,0,10.0,25.0,10.0,25.0,9.230857849121094,25.141159057617188,-0.14115869998931885,43.69763946533203,47.669551849365234,0.0,0.0,0.0,1.0,1.0,0.0,1.2821016311645508,,,,,,,,,,,,,,,,
1783989088.465,71094000,163,1,2,0,10.0,25.0,10.0,25.0,8.851591110229492,25.43130874633789,-0.43130815029144287,34.19317626953125,46.83324432373047,0.0,0.0,0.0,1.0,1.0,0.0,-0.9532098174095154,,,,,,,,,,,,,,,,
1783989088.475,71104000,164,1,3,0,10.0,25.0,10.0,25.0,8.935632705688477,25.24518394470215,-0.24518370628356934,41.808589935302734,50.1784782409668,0.0,0.0,0.0,1.0,1.0,0.0,1.192330241203308,,,,,,,,,,,,,,,,
1783989088.485,71114000,165,2,255,0,,,,,,,,,,,,,,,,,0.0,0.0,0.0,0.0,3.0,2.450000047683716,0.0,0.0,0.0,0.0,0.0,0.0,0.0,0.0,0.0,0.0
1783989088.495,71124000,166,1,0,0,10.0,25.0,10.0,25.0,8.48709487915039,25.598430633544922,-0.5984306335449219,26.098323822021484,43.906166076660156,0.0,0.0,0.0,1.0,1.0,0.0,-0.6757645010948181,,,,,,,,,,,,,,,,
1783989088.505,71134000,167,1,1,0,10.0,25.0,10.0,25.0,9.230857849121094,25.141159057617188,-0.14115869998931885,43.69763946533203,47.669551849365234,0.0,0.0,0.0,1.0,1.0,0.0,1.2821016311645508,,,,,,,,,,,,,,,,
1783989088.515,71144000,168,1,2,0,10.0,25.0,10.0,25.0,8.851591110229492,25.43130874633789,-0.43130815029144287,34.19317626953125,46.83324432373047,0.0,0.0,0.0,1.0,1.0,0.0,-0.9532098174095154,,,,,,,,,,,,,,,,
1783989088.525,71154000,169,1,3,0,10.0,25.0,10.0,25.0,8.935632705688477,25.24518394470215,-0.24518370628356934,41.808589935302734,50.1784782409668,0.0,0.0,0.0,1.0,1.0,0.0,1.192330241203308,,,,,,,,,,,,,,,,
1783989088.535,71164000,170,2,255,0,,,,,,,,,,,,,,,,,0.0,0.0,0.0,0.0,3.0,2.450000047683716,0.0,0.0,0.0,0.0,0.0,0.0,0.0,0.0,0.0,0.0
1783989088.545,71174000,171,1,0,0,10.0,25.0,10.0,25.0,8.48709487915039,25.598430633544922,-0.5984306335449219,26.098323822021484,43.906166076660156,0.0,0.0,0.0,1.0,1.0,0.0,-0.6757645010948181,,,,,,,,,,,,,,,,
1783989088.555,71184000,172,1,1,0,10.0,25.0,10.0,25.0,9.230857849121094,25.141159057617188,-0.14115869998931885,43.69763946533203,47.669551849365234,0.0,0.0,0.0,1.0,1.0,0.0,1.2821016311645508,,,,,,,,,,,,,,,,
1783989088.565,71194000,173,1,2,0,10.0,25.0,10.0,25.0,8.851591110229492,25.43130874633789,-0.43130815029144287,34.19317626953125,46.83324432373047,0.0,0.0,0.0,1.0,1.0,0.0,-0.9532098174095154,,,,,,,,,,,,,,,,
1783989088.575,71204000,174,1,3,0,10.0,25.0,10.0,25.0,8.935632705688477,25.24518394470215,-0.24518370628356934,41.808589935302734,50.1784782409668,0.0,0.0,0.0,1.0,1.0,0.0,1.192330241203308,,,,,,,,,,,,,,,,
1783989088.585,71214000,175,2,255,0,,,,,,,,,,,,,,,,,0.0,0.0,0.0,0.0,3.0,2.450000047683716,0.0,0.0,0.0,0.0,0.0,0.0,0.0,0.0,0.0,0.0
1783989088.595,71224000,176,1,0,0,10.0,25.0,10.0,25.0,8.48709487915039,25.598430633544922,-0.5984306335449219,26.098323822021484,43.906166076660156,0.0,0.0,0.0,1.0,1.0,0.0,-0.6757645010948181,,,,,,,,,,,,,,,,
1783989088.606,71234000,177,1,1,0,10.0,25.0,10.0,25.0,9.230857849121094,25.141159057617188,-0.14115869998931885,43.69763946533203,47.669551849365234,0.0,0.0,0.0,1.0,1.0,0.0,1.2821016311645508,,,,,,,,,,,,,,,,
1783989088.615,71244000,178,1,2,0,10.0,25.0,10.0,25.0,8.851591110229492,25.43130874633789,-0.43130815029144287,34.19317626953125,46.83324432373047,0.0,0.0,0.0,1.0,1.0,0.0,-0.9532098174095154,,,,,,,,,,,,,,,,
1783989088.625,71254000,179,1,3,0,10.0,25.0,10.0,25.0,8.935632705688477,25.24518394470215,-0.24518370628356934,41.808589935302734,50.1784782409668,0.0,0.0,0.0,1.0,1.0,0.0,1.192330241203308,,,,,,,,,,,,,,,,
1783989088.635,71264000,180,2,255,0,,,,,,,,,,,,,,,,,0.0,0.0,0.0,0.0,3.0,2.450000047683716,0.0,0.0,0.0,0.0,0.0,0.0,0.0,0.0,0.0,0.0
1783989088.648,71274000,181,1,0,0,10.0,25.0,10.0,25.0,8.48709487915039,25.598430633544922,-0.5984306335449219,26.098323822021484,43.906166076660156,0.0,0.0,0.0,1.0,1.0,0.0,-0.6757645010948181,,,,,,,,,,,,,,,,
1783989088.655,71284000,182,1,1,0,10.0,25.0,10.0,25.0,9.230857849121094,25.141159057617188,-0.14115869998931885,43.69763946533203,47.669551849365234,0.0,0.0,0.0,1.0,1.0,0.0,1.2821016311645508,,,,,,,,,,,,,,,,
1783989088.665,71294000,183,1,2,0,10.0,25.0,10.0,25.0,8.851591110229492,25.43130874633789,-0.43130815029144287,34.19317626953125,46.83324432373047,0.0,0.0,0.0,1.0,1.0,0.0,-0.9532098174095154,,,,,,,,,,,,,,,,
1783989088.675,71304000,184,1,3,0,10.0,25.0,10.0,25.0,8.935632705688477,25.24518394470215,-0.24518370628356934,41.808589935302734,50.1784782409668,0.0,0.0,0.0,1.0,1.0,0.0,1.192330241203308,,,,,,,,,,,,,,,,
1783989088.685,71314000,185,2,255,0,,,,,,,,,,,,,,,,,0.0,0.0,0.0,0.0,3.0,2.450000047683716,0.0,0.0,0.0,0.0,0.0,0.0,0.0,0.0,0.0,0.0
1783989088.695,71324000,186,1,0,0,10.0,25.0,10.0,25.0,8.48709487915039,25.598430633544922,-0.5984306335449219,26.098323822021484,43.906166076660156,0.0,0.0,0.0,1.0,1.0,0.0,-0.6757645010948181,,,,,,,,,,,,,,,,
1783989088.705,71334000,187,1,1,0,10.0,25.0,10.0,25.0,9.230857849121094,25.141159057617188,-0.14115869998931885,43.69763946533203,47.669551849365234,0.0,0.0,0.0,1.0,1.0,0.0,1.2821016311645508,,,,,,,,,,,,,,,,
1783989088.715,71344000,188,1,2,0,10.0,25.0,10.0,25.0,8.851591110229492,25.43130874633789,-0.43130815029144287,34.19317626953125,46.83324432373047,0.0,0.0,0.0,1.0,1.0,0.0,-0.9532098174095154,,,,,,,,,,,,,,,,
1783989088.725,71354000,189,1,3,0,10.0,25.0,10.0,25.0,8.935632705688477,25.24518394470215,-0.24518370628356934,41.808589935302734,50.1784782409668,0.0,0.0,0.0,1.0,1.0,0.0,1.192330241203308,,,,,,,,,,,,,,,,
1783989088.735,71364000,190,2,255,0,,,,,,,,,,,,,,,,,0.0,0.0,0.0,0.0,3.0,2.450000047683716,0.0,0.0,0.0,0.0,0.0,0.0,0.0,0.0,0.0,0.0
1783989088.745,71374000,191,1,0,0,10.0,25.0,10.0,25.0,8.48709487915039,25.598430633544922,-0.5984306335449219,26.098323822021484,43.906166076660156,0.0,0.0,0.0,1.0,1.0,0.0,-0.6757645010948181,,,,,,,,,,,,,,,,
1783989088.755,71384000,192,1,1,0,10.0,25.0,10.0,25.0,9.230857849121094,25.141159057617188,-0.14115869998931885,43.69763946533203,47.669551849365234,0.0,0.0,0.0,1.0,1.0,0.0,1.2821016311645508,,,,,,,,,,,,,,,,
1783989088.765,71394000,193,1,2,0,10.0,25.0,10.0,25.0,8.851591110229492,25.43130874633789,-0.43130815029144287,34.19317626953125,46.83324432373047,0.0,0.0,0.0,1.0,1.0,0.0,-0.9532098174095154,,,,,,,,,,,,,,,,
1783989088.775,71404000,194,1,3,0,10.0,25.0,10.0,25.0,8.935632705688477,25.24518394470215,-0.24518370628356934,41.808589935302734,50.1784782409668,0.0,0.0,0.0,1.0,1.0,0.0,1.192330241203308,,,,,,,,,,,,,,,,
1783989088.785,71414000,195,2,255,0,,,,,,,,,,,,,,,,,0.0,0.0,0.0,0.0,3.0,2.450000047683716,0.0,0.0,0.0,0.0,0.0,0.0,0.0,0.0,0.0,0.0
1783989088.795,71424000,196,1,0,0,10.0,25.0,10.0,25.0,8.48709487915039,25.598430633544922,-0.5984306335449219,26.098323822021484,43.906166076660156,0.0,0.0,0.0,1.0,1.0,0.0,-0.6757645010948181,,,,,,,,,,,,,,,,
1783989088.805,71434000,197,1,1,0,10.0,25.0,10.0,25.0,9.230857849121094,25.141159057617188,-0.14115869998931885,43.69763946533203,47.669551849365234,0.0,0.0,0.0,1.0,1.0,0.0,1.2821016311645508,,,,,,,,,,,,,,,,
1783989088.815,71444000,198,1,2,0,10.0,25.0,10.0,25.0,8.851591110229492,25.43130874633789,-0.43130815029144287,34.19317626953125,46.83324432373047,0.0,0.0,0.0,1.0,1.0,0.0,-0.9532098174095154,,,,,,,,,,,,,,,,
1783989088.826,71454000,199,1,3,0,10.0,25.0,10.0,25.0,8.935632705688477,25.24518394470215,-0.24518370628356934,41.808589935302734,50.1784782409668,0.0,0.0,0.0,1.0,1.0,0.0,1.192330241203308,,,,,,,,,,,,,,,,
1783989088.835,71464000,200,2,255,0,,,,,,,,,,,,,,,,,0.0,0.0,0.0,0.0,3.0,2.450000047683716,0.0,0.0,0.0,0.0,0.0,0.0,0.0,0.0,0.0,0.0
1783989088.845,71474000,201,1,0,0,10.0,25.0,10.0,25.0,8.48709487915039,25.598430633544922,-0.5984306335449219,26.098323822021484,43.906166076660156,0.0,0.0,0.0,1.0,1.0,0.0,-0.6757645010948181,,,,,,,,,,,,,,,,
1783989088.855,71484000,202,1,1,0,10.0,25.0,10.0,25.0,9.230857849121094,25.141159057617188,-0.14115869998931885,43.69763946533203,47.669551849365234,0.0,0.0,0.0,1.0,1.0,0.0,1.2821016311645508,,,,,,,,,,,,,,,,
1783989088.865,71494000,203,1,2,0,10.0,25.0,10.0,25.0,8.851591110229492,25.43130874633789,-0.43130815029144287,34.19317626953125,46.83324432373047,0.0,0.0,0.0,1.0,1.0,0.0,-0.9532098174095154,,,,,,,,,,,,,,,,
1783989088.875,71504000,204,1,3,0,10.0,25.0,10.0,25.0,8.935632705688477,25.24518394470215,-0.24518370628356934,41.808589935302734,50.1784782409668,0.0,0.0,0.0,1.0,1.0,0.0,1.192330241203308,,,,,,,,,,,,,,,,
1783989088.885,71514000,205,2,255,0,,,,,,,,,,,,,,,,,0.0,0.0,0.0,0.0,3.0,2.450000047683716,0.0,0.0,0.0,0.0,0.0,0.0,0.0,0.0,0.0,0.0
1783989088.895,71524000,206,1,0,0,10.0,25.0,10.0,25.0,8.48709487915039,25.598430633544922,-0.5984306335449219,26.098323822021484,43.906166076660156,0.0,0.0,0.0,1.0,1.0,0.0,-0.6757645010948181,,,,,,,,,,,,,,,,
1783989088.905,71534000,207,1,1,0,10.0,25.0,10.0,25.0,9.230857849121094,25.141159057617188,-0.14115869998931885,43.69763946533203,47.669551849365234,0.0,0.0,0.0,1.0,1.0,0.0,1.2821016311645508,,,,,,,,,,,,,,,,
1783989088.915,71544000,208,1,2,0,10.0,25.0,10.0,25.0,8.851591110229492,25.43130874633789,-0.43130815029144287,34.19317626953125,46.83324432373047,0.0,0.0,0.0,1.0,1.0,0.0,-0.9532098174095154,,,,,,,,,,,,,,,,
1783989088.925,71554000,209,1,3,0,10.0,25.0,10.0,25.0,8.935632705688477,25.24518394470215,-0.24518370628356934,41.808589935302734,50.1784782409668,0.0,0.0,0.0,1.0,1.0,0.0,1.192330241203308,,,,,,,,,,,,,,,,
1783989088.935,71564000,210,2,255,0,,,,,,,,,,,,,,,,,0.0,0.0,0.0,0.0,3.0,2.450000047683716,0.0,0.0,0.0,0.0,0.0,0.0,0.0,0.0,0.0,0.0
1783989088.945,71574000,211,1,0,0,10.0,25.0,10.0,25.0,8.48709487915039,25.598430633544922,-0.5984306335449219,26.098323822021484,43.906166076660156,0.0,0.0,0.0,1.0,1.0,0.0,-0.6757645010948181,,,,,,,,,,,,,,,,
1783989088.955,71584000,212,1,1,0,10.0,25.0,10.0,25.0,9.230857849121094,25.141159057617188,-0.14115869998931885,43.69763946533203,47.669551849365234,0.0,0.0,0.0,1.0,1.0,0.0,1.2821016311645508,,,,,,,,,,,,,,,,
1783989088.965,71594000,213,1,2,0,10.0,25.0,10.0,25.0,8.851591110229492,25.43130874633789,-0.43130815029144287,34.19317626953125,46.83324432373047,0.0,0.0,0.0,1.0,1.0,0.0,-0.9532098174095154,,,,,,,,,,,,,,,,
1783989088.975,71604000,214,1,3,0,10.0,25.0,10.0,25.0,8.935632705688477,25.24518394470215,-0.24518370628356934,41.808589935302734,50.1784782409668,0.0,0.0,0.0,1.0,1.0,0.0,1.192330241203308,,,,,,,,,,,,,,,,
1783989088.985,71614000,215,2,255,0,,,,,,,,,,,,,,,,,0.0,0.0,0.0,0.0,3.0,2.450000047683716,0.0,0.0,0.0,0.0,0.0,0.0,0.0,0.0,0.0,0.0
1783989088.994,71624000,216,1,0,0,10.0,25.0,10.0,25.0,8.48709487915039,25.598430633544922,-0.5984306335449219,26.098323822021484,43.906166076660156,0.0,0.0,0.0,1.0,1.0,0.0,-0.6757645010948181,,,,,,,,,,,,,,,,
1783989089.005,71634000,217,1,1,0,10.0,25.0,10.0,25.0,9.230857849121094,25.141159057617188,-0.14115869998931885,43.69763946533203,47.669551849365234,0.0,0.0,0.0,1.0,1.0,0.0,1.2821016311645508,,,,,,,,,,,,,,,,
1783989089.015,71644000,218,1,2,0,10.0,25.0,10.0,25.0,8.851591110229492,25.43130874633789,-0.43130815029144287,34.19317626953125,46.83324432373047,0.0,0.0,0.0,1.0,1.0,0.0,-0.9532098174095154,,,,,,,,,,,,,,,,
1783989089.025,71654000,219,1,3,0,10.0,25.0,10.0,25.0,8.935632705688477,25.24518394470215,-0.24518370628356934,41.808589935302734,50.1784782409668,0.0,0.0,0.0,1.0,1.0,0.0,1.192330241203308,,,,,,,,,,,,,,,,
1783989089.035,71664000,220,2,255,0,,,,,,,,,,,,,,,,,0.0,0.0,0.0,0.0,3.0,2.450000047683716,0.0,0.0,0.0,0.0,0.0,0.0,0.0,0.0,0.0,0.0
1783989089.045,71674000,221,1,0,0,10.0,25.0,10.0,25.0,8.48709487915039,25.598430633544922,-0.5984306335449219,26.098323822021484,43.906166076660156,0.0,0.0,0.0,1.0,1.0,0.0,-0.6757645010948181,,,,,,,,,,,,,,,,
1783989089.055,71684000,222,1,1,0,10.0,25.0,10.0,25.0,9.230857849121094,25.141159057617188,-0.14115869998931885,43.69763946533203,47.669551849365234,0.0,0.0,0.0,1.0,1.0,0.0,1.2821016311645508,,,,,,,,,,,,,,,,
1783989089.065,71694000,223,1,2,0,10.0,25.0,10.0,25.0,8.851591110229492,25.43130874633789,-0.43130815029144287,34.19317626953125,46.83324432373047,0.0,0.0,0.0,1.0,1.0,0.0,-0.9532098174095154,,,,,,,,,,,,,,,,
1783989089.075,71704000,224,1,3,0,10.0,25.0,10.0,25.0,8.935632705688477,25.24518394470215,-0.24518370628356934,41.808589935302734,50.1784782409668,0.0,0.0,0.0,1.0,1.0,0.0,1.192330241203308,,,,,,,,,,,,,,,,
1783989089.085,71714000,225,2,255,0,,,,,,,,,,,,,,,,,0.0,0.0,0.0,0.0,3.0,2.450000047683716,0.0,0.0,0.0,0.0,0.0,0.0,0.0,0.0,0.0,0.0
1783989089.095,71724000,226,1,0,0,10.0,25.0,10.0,25.0,8.48709487915039,25.598430633544922,-0.5984306335449219,26.098323822021484,43.906166076660156,0.0,0.0,0.0,1.0,1.0,0.0,-0.6757645010948181,,,,,,,,,,,,,,,,
1783989089.105,71734000,227,1,1,0,10.0,25.0,10.0,25.0,9.230857849121094,25.141159057617188,-0.14115869998931885,43.69763946533203,47.669551849365234,0.0,0.0,0.0,1.0,1.0,0.0,1.2821016311645508,,,,,,,,,,,,,,,,
1783989089.115,71744000,228,1,2,0,10.0,25.0,10.0,25.0,8.851591110229492,25.43130874633789,-0.43130815029144287,34.19317626953125,46.83324432373047,0.0,0.0,0.0,1.0,1.0,0.0,-0.9532098174095154,,,,,,,,,,,,,,,,
1783989089.125,71754000,229,1,3,0,10.0,25.0,10.0,25.0,8.935632705688477,25.24518394470215,-0.24518370628356934,41.808589935302734,50.1784782409668,0.0,0.0,0.0,1.0,1.0,0.0,1.192330241203308,,,,,,,,,,,,,,,,
1783989089.135,71764000,230,2,255,0,,,,,,,,,,,,,,,,,0.0,0.0,0.0,0.0,3.0,2.450000047683716,0.0,0.0,0.0,0.0,0.0,0.0,0.0,0.0,0.0,0.0
1783989089.145,71774000,231,1,0,0,10.0,25.0,10.0,25.0,8.48709487915039,25.598430633544922,-0.5984306335449219,26.098323822021484,43.906166076660156,0.0,0.0,0.0,1.0,1.0,0.0,-0.6757645010948181,,,,,,,,,,,,,,,,
1783989089.155,71784000,232,1,1,0,10.0,25.0,10.0,25.0,9.230857849121094,25.141159057617188,-0.14115869998931885,43.69763946533203,47.669551849365234,0.0,0.0,0.0,1.0,1.0,0.0,1.2821016311645508,,,,,,,,,,,,,,,,
1783989089.165,71794000,233,1,2,0,10.0,25.0,10.0,25.0,8.851591110229492,25.43130874633789,-0.43130815029144287,34.19317626953125,46.83324432373047,0.0,0.0,0.0,1.0,1.0,0.0,-0.9532098174095154,,,,,,,,,,,,,,,,
1783989089.175,71804000,234,1,3,0,10.0,25.0,10.0,25.0,8.935632705688477,25.24518394470215,-0.24518370628356934,41.808589935302734,50.1784782409668,0.0,0.0,0.0,1.0,1.0,0.0,1.192330241203308,,,,,,,,,,,,,,,,
1783989089.175,71814000,235,2,255,0,,,,,,,,,,,,,,,,,0.0,0.0,0.0,0.0,3.0,2.450000047683716,0.0,0.0,0.0,0.0,0.0,0.0,0.0,0.0,0.0,0.0
1783989089.195,71824000,236,1,0,0,10.0,25.0,10.0,25.0,8.48709487915039,25.598430633544922,-0.5984306335449219,26.098323822021484,43.906166076660156,0.0,0.0,0.0,1.0,1.0,0.0,-0.6757645010948181,,,,,,,,,,,,,,,,
1783989089.205,71834000,237,1,1,0,10.0,25.0,10.0,25.0,9.230857849121094,25.141159057617188,-0.14115869998931885,43.69763946533203,47.669551849365234,0.0,0.0,0.0,1.0,1.0,0.0,1.2821016311645508,,,,,,,,,,,,,,,,
1783989089.215,71844000,238,1,2,0,10.0,25.0,10.0,25.0,8.851591110229492,25.43130874633789,-0.43130815029144287,34.19317626953125,46.83324432373047,0.0,0.0,0.0,1.0,1.0,0.0,-0.9532098174095154,,,,,,,,,,,,,,,,
1783989089.225,71854000,239,1,3,0,10.0,25.0,10.0,25.0,8.935632705688477,25.24518394470215,-0.24518370628356934,41.808589935302734,50.1784782409668,0.0,0.0,0.0,1.0,1.0,0.0,1.192330241203308,,,,,,,,,,,,,,,,
1783989089.235,71864000,240,2,255,0,,,,,,,,,,,,,,,,,0.0,0.0,0.0,0.0,3.0,2.450000047683716,0.0,0.0,0.0,0.0,0.0,0.0,0.0,0.0,0.0,0.0
1783989089.245,71874000,241,1,0,0,10.0,25.0,10.0,25.0,8.48709487915039,25.598430633544922,-0.5984306335449219,26.098323822021484,43.906166076660156,0.0,0.0,0.0,1.0,1.0,0.0,-0.6757645010948181,,,,,,,,,,,,,,,,
1783989089.255,71884000,242,1,1,0,10.0,25.0,10.0,25.0,9.230857849121094,25.141159057617188,-0.14115869998931885,43.69763946533203,47.669551849365234,0.0,0.0,0.0,1.0,1.0,0.0,1.2821016311645508,,,,,,,,,,,,,,,,
1783989089.265,71894000,243,1,2,0,10.0,25.0,10.0,25.0,8.851591110229492,25.43130874633789,-0.43130815029144287,34.19317626953125,46.83324432373047,0.0,0.0,0.0,1.0,1.0,0.0,-0.9532098174095154,,,,,,,,,,,,,,,,
1783989089.275,71904000,244,1,3,0,10.0,25.0,10.0,25.0,8.935632705688477,25.24518394470215,-0.24518370628356934,41.808589935302734,50.1784782409668,0.0,0.0,0.0,1.0,1.0,0.0,1.192330241203308,,,,,,,,,,,,,,,,
1783989089.285,71914000,245,2,255,0,,,,,,,,,,,,,,,,,0.0,0.0,0.0,0.0,3.0,2.450000047683716,0.0,0.0,0.0,0.0,0.0,0.0,0.0,0.0,0.0,0.0
1783989089.295,71924000,246,1,0,0,10.0,25.0,10.0,25.0,8.48709487915039,25.598430633544922,-0.5984306335449219,26.098323822021484,43.906166076660156,0.0,0.0,0.0,1.0,1.0,0.0,-0.6757645010948181,,,,,,,,,,,,,,,,
1783989089.305,71934000,247,1,1,0,10.0,25.0,10.0,25.0,9.230857849121094,25.141159057617188,-0.14115869998931885,43.69763946533203,47.669551849365234,0.0,0.0,0.0,1.0,1.0,0.0,1.2821016311645508,,,,,,,,,,,,,,,,
1783989089.315,71944000,248,1,2,0,10.0,25.0,10.0,25.0,8.851591110229492,25.43130874633789,-0.43130815029144287,34.19317626953125,46.83324432373047,0.0,0.0,0.0,1.0,1.0,0.0,-0.9532098174095154,,,,,,,,,,,,,,,,
1783989089.325,71954000,249,1,3,0,10.0,25.0,10.0,25.0,8.935632705688477,25.24518394470215,-0.24518370628356934,41.808589935302734,50.1784782409668,0.0,0.0,0.0,1.0,1.0,0.0,1.192330241203308,,,,,,,,,,,,,,,,
1783989089.335,71964000,250,2,255,0,,,,,,,,,,,,,,,,,0.0,0.0,0.0,0.0,3.0,2.450000047683716,0.0,0.0,0.0,0.0,0.0,0.0,0.0,0.0,0.0,0.0
1783989089.345,71974000,251,1,0,0,10.0,25.0,10.0,25.0,8.48709487915039,25.598430633544922,-0.5984306335449219,26.098323822021484,43.906166076660156,0.0,0.0,0.0,1.0,1.0,0.0,-0.6757645010948181,,,,,,,,,,,,,,,,
1783989089.355,71984000,252,1,1,0,10.0,25.0,10.0,25.0,9.230857849121094,25.141159057617188,-0.14115869998931885,43.69763946533203,47.669551849365234,0.0,0.0,0.0,1.0,1.0,0.0,1.2821016311645508,,,,,,,,,,,,,,,,
1783989089.365,71994000,253,1,2,0,10.0,25.0,10.0,25.0,8.851591110229492,25.43130874633789,-0.43130815029144287,34.19317626953125,46.83324432373047,0.0,0.0,0.0,1.0,1.0,0.0,-0.9532098174095154,,,,,,,,,,,,,,,,
1783989089.375,72004000,254,1,3,0,10.0,25.0,10.0,25.0,8.935632705688477,25.24518394470215,-0.24518370628356934,41.808589935302734,50.1784782409668,0.0,0.0,0.0,1.0,1.0,0.0,1.192330241203308,,,,,,,,,,,,,,,,
1783989089.385,72014000,255,2,255,0,,,,,,,,,,,,,,,,,0.0,0.0,0.0,0.0,3.0,2.450000047683716,0.0,0.0,0.0,0.0,0.0,0.0,0.0,0.0,0.0,0.0
1783989089.395,72024000,0,1,0,0,10.0,25.0,10.0,25.0,8.48709487915039,25.598430633544922,-0.5984306335449219,26.098323822021484,43.906166076660156,0.0,0.0,0.0,1.0,1.0,0.0,-0.6757645010948181,,,,,,,,,,,,,,,,
1783989089.405,72034000,1,1,1,0,10.0,25.0,10.0,25.0,9.230857849121094,25.141159057617188,-0.14115869998931885,43.69763946533203,47.669551849365234,0.0,0.0,0.0,1.0,1.0,0.0,1.2821016311645508,,,,,,,,,,,,,,,,
1783989089.415,72044000,2,1,2,0,10.0,25.0,10.0,25.0,8.851591110229492,25.43130874633789,-0.43130815029144287,34.19317626953125,46.83324432373047,0.0,0.0,0.0,1.0,1.0,0.0,-0.9532098174095154,,,,,,,,,,,,,,,,
1783989089.425,72054000,3,1,3,0,10.0,25.0,10.0,25.0,8.935632705688477,25.24518394470215,-0.24518370628356934,41.808589935302734,50.1784782409668,0.0,0.0,0.0,1.0,1.0,0.0,1.192330241203308,,,,,,,,,,,,,,,,
1783989089.435,72064000,4,2,255,0,,,,,,,,,,,,,,,,,0.0,0.0,0.0,0.0,3.0,2.450000047683716,0.0,0.0,0.0,0.0,0.0,0.0,0.0,0.0,0.0,0.0
1783989089.445,72074000,5,1,0,0,10.0,25.0,10.0,25.0,8.48709487915039,25.598430633544922,-0.5984306335449219,26.098323822021484,43.906166076660156,0.0,0.0,0.0,1.0,1.0,0.0,-0.6757645010948181,,,,,,,,,,,,,,,,
1783989089.455,72084000,6,1,1,0,10.0,25.0,10.0,25.0,9.230857849121094,25.141159057617188,-0.14115869998931885,43.69763946533203,47.669551849365234,0.0,0.0,0.0,1.0,1.0,0.0,1.2821016311645508,,,,,,,,,,,,,,,,
1783989089.465,72094000,7,1,2,0,10.0,25.0,10.0,25.0,8.851591110229492,25.43130874633789,-0.43130815029144287,34.19317626953125,46.83324432373047,0.0,0.0,0.0,1.0,1.0,0.0,-0.9532098174095154,,,,,,,,,,,,,,,,
1783989089.475,72104000,8,1,3,0,10.0,25.0,10.0,25.0,8.935632705688477,25.24518394470215,-0.24518370628356934,41.808589935302734,50.1784782409668,0.0,0.0,0.0,1.0,1.0,0.0,1.192330241203308,,,,,,,,,,,,,,,,
1783989089.485,72114000,9,2,255,0,,,,,,,,,,,,,,,,,0.0,0.0,0.0,0.0,3.0,2.450000047683716,0.0,0.0,0.0,0.0,0.0,0.0,0.0,0.0,0.0,0.0
1783989089.495,72124000,10,1,0,0,10.0,25.0,10.0,25.0,8.48709487915039,25.598430633544922,-0.5984306335449219,26.098323822021484,43.906166076660156,0.0,0.0,0.0,1.0,1.0,0.0,-0.6757645010948181,,,,,,,,,,,,,,,,
1783989089.505,72134000,11,1,1,0,10.0,25.0,10.0,25.0,9.230857849121094,25.141159057617188,-0.14115869998931885,43.69763946533203,47.669551849365234,0.0,0.0,0.0,1.0,1.0,0.0,1.2821016311645508,,,,,,,,,,,,,,,,
1783989089.515,72144000,12,1,2,0,10.0,25.0,10.0,25.0,8.851591110229492,25.43130874633789,-0.43130815029144287,34.19317626953125,46.83324432373047,0.0,0.0,0.0,1.0,1.0,0.0,-0.9532098174095154,,,,,,,,,,,,,,,,
1783989089.525,72154000,13,1,3,0,10.0,25.0,10.0,25.0,8.935632705688477,25.24518394470215,-0.24518370628356934,41.808589935302734,50.1784782409668,0.0,0.0,0.0,1.0,1.0,0.0,1.192330241203308,,,,,,,,,,,,,,,,
1783989089.535,72164000,14,2,255,0,,,,,,,,,,,,,,,,,0.0,0.0,0.0,0.0,3.0,2.450000047683716,0.0,0.0,0.0,0.0,0.0,0.0,0.0,0.0,0.0,0.0
1783989089.545,72174000,15,1,0,0,10.0,25.0,10.0,25.0,8.48709487915039,25.598430633544922,-0.5984306335449219,26.098323822021484,43.906166076660156,0.0,0.0,0.0,1.0,1.0,0.0,-0.6757645010948181,,,,,,,,,,,,,,,,
1783989089.555,72184000,16,1,1,0,10.0,25.0,10.0,25.0,9.230857849121094,25.141159057617188,-0.14115869998931885,43.69763946533203,47.669551849365234,0.0,0.0,0.0,1.0,1.0,0.0,1.2821016311645508,,,,,,,,,,,,,,,,
1783989089.565,72194000,17,1,2,0,10.0,25.0,10.0,25.0,8.851591110229492,25.43130874633789,-0.43130815029144287,34.19317626953125,46.83324432373047,0.0,0.0,0.0,1.0,1.0,0.0,-0.9532098174095154,,,,,,,,,,,,,,,,
1783989089.575,72204000,18,1,3,0,10.0,25.0,10.0,25.0,8.935632705688477,25.24518394470215,-0.24518370628356934,41.808589935302734,50.1784782409668,0.0,0.0,0.0,1.0,1.0,0.0,1.192330241203308,,,,,,,,,,,,,,,,
1783989089.585,72214000,19,2,255,0,,,,,,,,,,,,,,,,,0.0,0.0,0.0,0.0,3.0,2.450000047683716,0.0,0.0,0.0,0.0,0.0,0.0,0.0,0.0,0.0,0.0
1783989089.595,72224000,20,1,0,0,10.0,25.0,10.0,25.0,8.48709487915039,25.598430633544922,-0.5984306335449219,26.098323822021484,43.906166076660156,0.0,0.0,0.0,1.0,1.0,0.0,-0.6757645010948181,,,,,,,,,,,,,,,,
1783989089.605,72234000,21,1,1,0,10.0,25.0,10.0,25.0,9.230857849121094,25.141159057617188,-0.14115869998931885,43.69763946533203,47.669551849365234,0.0,0.0,0.0,1.0,1.0,0.0,1.2821016311645508,,,,,,,,,,,,,,,,
1783989089.615,72244000,22,1,2,0,10.0,25.0,10.0,25.0,8.851591110229492,25.43130874633789,-0.43130815029144287,34.19317626953125,46.83324432373047,0.0,0.0,0.0,1.0,1.0,0.0,-0.9532098174095154,,,,,,,,,,,,,,,,
1783989089.625,72254000,23,1,3,0,10.0,25.0,10.0,25.0,8.935632705688477,25.24518394470215,-0.24518370628356934,41.808589935302734,50.1784782409668,0.0,0.0,0.0,1.0,1.0,0.0,1.192330241203308,,,,,,,,,,,,,,,,
1783989089.635,72264000,24,2,255,0,,,,,,,,,,,,,,,,,0.0,0.0,0.0,0.0,3.0,2.450000047683716,0.0,0.0,0.0,0.0,0.0,0.0,0.0,0.0,0.0,0.0
1783989089.645,72274000,25,1,0,0,10.0,25.0,10.0,25.0,8.48709487915039,25.598430633544922,-0.5984306335449219,26.098323822021484,43.906166076660156,0.0,0.0,0.0,1.0,1.0,0.0,-0.6757645010948181,,,,,,,,,,,,,,,,
1783989089.655,72284000,26,1,1,0,10.0,25.0,10.0,25.0,9.230857849121094,25.141159057617188,-0.14115869998931885,43.69763946533203,47.669551849365234,0.0,0.0,0.0,1.0,1.0,0.0,1.2821016311645508,,,,,,,,,,,,,,,,
1783989089.665,72294000,27,1,2,0,10.0,25.0,10.0,25.0,8.851591110229492,25.43130874633789,-0.43130815029144287,34.19317626953125,46.83324432373047,0.0,0.0,0.0,1.0,1.0,0.0,-0.9532098174095154,,,,,,,,,,,,,,,,
1783989089.675,72304000,28,1,3,0,10.0,25.0,10.0,25.0,8.935632705688477,25.24518394470215,-0.24518370628356934,41.808589935302734,50.1784782409668,0.0,0.0,0.0,1.0,1.0,0.0,1.192330241203308,,,,,,,,,,,,,,,,
1783989089.685,72314000,29,2,255,0,,,,,,,,,,,,,,,,,0.0,0.0,0.0,0.0,3.0,2.450000047683716,0.0,0.0,0.0,0.0,0.0,0.0,0.0,0.0,0.0,0.0
1783989089.685,72324000,30,1,0,0,10.0,25.0,10.0,25.0,8.48709487915039,25.598430633544922,-0.5984306335449219,26.098323822021484,43.906166076660156,0.0,0.0,0.0,1.0,1.0,0.0,-0.6757645010948181,,,,,,,,,,,,,,,,
1783989089.705,72334000,31,1,1,0,10.0,25.0,10.0,25.0,9.230857849121094,25.141159057617188,-0.14115869998931885,43.69763946533203,47.669551849365234,0.0,0.0,0.0,1.0,1.0,0.0,1.2821016311645508,,,,,,,,,,,,,,,,
1783989089.715,72344000,32,1,2,0,10.0,25.0,10.0,25.0,8.851591110229492,25.43130874633789,-0.43130815029144287,34.19317626953125,46.83324432373047,0.0,0.0,0.0,1.0,1.0,0.0,-0.9532098174095154,,,,,,,,,,,,,,,,
1783989089.725,72354000,33,1,3,0,10.0,25.0,10.0,25.0,8.935632705688477,25.24518394470215,-0.24518370628356934,41.808589935302734,50.1784782409668,0.0,0.0,0.0,1.0,1.0,0.0,1.192330241203308,,,,,,,,,,,,,,,,
1783989089.735,72364000,34,2,255,0,,,,,,,,,,,,,,,,,0.0,0.0,0.0,0.0,3.0,2.450000047683716,0.0,0.0,0.0,0.0,0.0,0.0,0.0,0.0,0.0,0.0
1783989089.745,72374000,35,1,0,0,10.0,25.0,10.0,25.0,8.48709487915039,25.598430633544922,-0.5984306335449219,26.098323822021484,43.906166076660156,0.0,0.0,0.0,1.0,1.0,0.0,-0.6757645010948181,,,,,,,,,,,,,,,,
1783989089.755,72384000,36,1,1,0,10.0,25.0,10.0,25.0,9.230857849121094,25.141159057617188,-0.14115869998931885,43.69763946533203,47.669551849365234,0.0,0.0,0.0,1.0,1.0,0.0,1.2821016311645508,,,,,,,,,,,,,,,,
1783989089.765,72394000,37,1,2,0,10.0,25.0,10.0,25.0,8.851591110229492,25.43130874633789,-0.43130815029144287,34.19317626953125,46.83324432373047,0.0,0.0,0.0,1.0,1.0,0.0,-0.9532098174095154,,,,,,,,,,,,,,,,
1783989089.775,72404000,38,1,3,0,10.0,25.0,10.0,25.0,8.935632705688477,25.24518394470215,-0.24518370628356934,41.808589935302734,50.1784782409668,0.0,0.0,0.0,1.0,1.0,0.0,1.192330241203308,,,,,,,,,,,,,,,,
1783989089.785,72414000,39,2,255,0,,,,,,,,,,,,,,,,,0.0,0.0,0.0,0.0,3.0,2.450000047683716,0.0,0.0,0.0,0.0,0.0,0.0,0.0,0.0,0.0,0.0
1783989089.795,72424000,40,1,0,0,10.0,25.0,10.0,25.0,8.48709487915039,25.598430633544922,-0.5984306335449219,26.098323822021484,43.906166076660156,0.0,0.0,0.0,1.0,1.0,0.0,-0.6757645010948181,,,,,,,,,,,,,,,,
1783989089.805,72434000,41,1,1,0,10.0,25.0,10.0,25.0,9.230857849121094,25.141159057617188,-0.14115869998931885,43.69763946533203,47.669551849365234,0.0,0.0,0.0,1.0,1.0,0.0,1.2821016311645508,,,,,,,,,,,,,,,,
1783989089.815,72444000,42,1,2,0,10.0,25.0,10.0,25.0,8.851591110229492,25.43130874633789,-0.43130815029144287,34.19317626953125,46.83324432373047,0.0,0.0,0.0,1.0,1.0,0.0,-0.9532098174095154,,,,,,,,,,,,,,,,
1783989089.825,72454000,43,1,3,0,10.0,25.0,10.0,25.0,8.935632705688477,25.24518394470215,-0.24518370628356934,41.808589935302734,50.1784782409668,0.0,0.0,0.0,1.0,1.0,0.0,1.192330241203308,,,,,,,,,,,,,,,,
1783989089.835,72464000,44,2,255,0,,,,,,,,,,,,,,,,,0.0,0.0,0.0,0.0,3.0,2.450000047683716,0.0,0.0,0.0,0.0,0.0,0.0,0.0,0.0,0.0,0.0
1783989089.845,72474000,45,1,0,0,10.0,25.0,10.0,25.0,8.48709487915039,25.598430633544922,-0.5984306335449219,26.098323822021484,43.906166076660156,0.0,0.0,0.0,1.0,1.0,0.0,-0.6757645010948181,,,,,,,,,,,,,,,,
1783989089.855,72484000,46,1,1,0,10.0,25.0,10.0,25.0,9.230857849121094,25.141159057617188,-0.14115869998931885,43.69763946533203,47.669551849365234,0.0,0.0,0.0,1.0,1.0,0.0,1.2821016311645508,,,,,,,,,,,,,,,,
1783989089.865,72494000,47,1,2,0,10.0,25.0,10.0,25.0,8.851591110229492,25.43130874633789,-0.43130815029144287,34.19317626953125,46.83324432373047,0.0,0.0,0.0,1.0,1.0,0.0,-0.9532098174095154,,,,,,,,,,,,,,,,
1783989089.875,72504000,48,1,3,0,10.0,25.0,10.0,25.0,8.935632705688477,25.24518394470215,-0.24518370628356934,41.808589935302734,50.1784782409668,0.0,0.0,0.0,1.0,1.0,0.0,1.192330241203308,,,,,,,,,,,,,,,,
1783989089.885,72514000,49,2,255,0,,,,,,,,,,,,,,,,,0.0,0.0,0.0,0.0,3.0,2.450000047683716,0.0,0.0,0.0,0.0,0.0,0.0,0.0,0.0,0.0,0.0
1783989089.895,72524000,50,1,0,0,10.0,25.0,10.0,25.0,8.48709487915039,25.598430633544922,-0.5984306335449219,26.098323822021484,43.906166076660156,0.0,0.0,0.0,1.0,1.0,0.0,-0.6757645010948181,,,,,,,,,,,,,,,,
1783989089.905,72534000,51,1,1,0,10.0,25.0,10.0,25.0,9.230857849121094,25.141159057617188,-0.14115869998931885,43.69763946533203,47.669551849365234,0.0,0.0,0.0,1.0,1.0,0.0,1.2821016311645508,,,,,,,,,,,,,,,,
1783989089.915,72544000,52,1,2,0,10.0,25.0,10.0,25.0,8.851591110229492,25.43130874633789,-0.43130815029144287,34.19317626953125,46.83324432373047,0.0,0.0,0.0,1.0,1.0,0.0,-0.9532098174095154,,,,,,,,,,,,,,,,
1783989089.925,72554000,53,1,3,0,10.0,25.0,10.0,25.0,8.935632705688477,25.24518394470215,-0.24518370628356934,41.808589935302734,50.1784782409668,0.0,0.0,0.0,1.0,1.0,0.0,1.192330241203308,,,,,,,,,,,,,,,,
1783989089.935,72564000,54,2,255,0,,,,,,,,,,,,,,,,,0.0,0.0,0.0,0.0,3.0,2.450000047683716,0.0,0.0,0.0,0.0,0.0,0.0,0.0,0.0,0.0,0.0
1783989089.945,72574000,55,1,0,0,10.0,25.0,10.0,25.0,8.48709487915039,25.598430633544922,-0.5984306335449219,26.098323822021484,43.906166076660156,0.0,0.0,0.0,1.0,1.0,0.0,-0.6757645010948181,,,,,,,,,,,,,,,,
1783989089.955,72584000,56,1,1,0,10.0,25.0,10.0,25.0,9.230857849121094,25.141159057617188,-0.14115869998931885,43.69763946533203,47.669551849365234,0.0,0.0,0.0,1.0,1.0,0.0,1.2821016311645508,,,,,,,,,,,,,,,,
1783989089.965,72594000,57,1,2,0,10.0,25.0,10.0,25.0,8.851591110229492,25.43130874633789,-0.43130815029144287,34.19317626953125,46.83324432373047,0.0,0.0,0.0,1.0,1.0,0.0,-0.9532098174095154,,,,,,,,,,,,,,,,
1783989089.975,72604000,58,1,3,0,10.0,25.0,10.0,25.0,8.935632705688477,25.24518394470215,-0.24518370628356934,41.808589935302734,50.1784782409668,0.0,0.0,0.0,1.0,1.0,0.0,1.192330241203308,,,,,,,,,,,,,,,,
1783989089.985,72614000,59,2,255,0,,,,,,,,,,,,,,,,,0.0,0.0,0.0,0.0,3.0,2.450000047683716,0.0,0.0,0.0,0.0,0.0,0.0,0.0,0.0,0.0,0.0
1783989089.995,72624000,60,1,0,0,10.0,25.0,10.0,25.0,8.48709487915039,25.598430633544922,-0.5984306335449219,26.098323822021484,43.906166076660156,0.0,0.0,0.0,1.0,1.0,0.0,-0.6757645010948181,,,,,,,,,,,,,,,,
1783989090.005,72634000,61,1,1,0,10.0,25.0,10.0,25.0,9.230857849121094,25.141159057617188,-0.14115869998931885,43.69763946533203,47.669551849365234,0.0,0.0,0.0,1.0,1.0,0.0,1.2821016311645508,,,,,,,,,,,,,,,,
1783989090.015,72644000,62,1,2,0,10.0,25.0,10.0,25.0,8.851591110229492,25.43130874633789,-0.43130815029144287,34.19317626953125,46.83324432373047,0.0,0.0,0.0,1.0,1.0,0.0,-0.9532098174095154,,,,,,,,,,,,,,,,
1783989090.025,72654000,63,1,3,0,10.0,25.0,10.0,25.0,8.935632705688477,25.24518394470215,-0.24518370628356934,41.808589935302734,50.1784782409668,0.0,0.0,0.0,1.0,1.0,0.0,1.192330241203308,,,,,,,,,,,,,,,,
1783989090.035,72664000,64,2,255,0,,,,,,,,,,,,,,,,,0.0,0.0,0.0,0.0,3.0,2.450000047683716,0.0,0.0,0.0,0.0,0.0,0.0,0.0,0.0,0.0,0.0
1783989090.045,72674000,65,1,0,0,10.0,25.0,10.0,25.0,8.48709487915039,25.598430633544922,-0.5984306335449219,26.098323822021484,43.906166076660156,0.0,0.0,0.0,1.0,1.0,0.0,-0.6757645010948181,,,,,,,,,,,,,,,,
1783989090.055,72684000,66,1,1,0,10.0,25.0,10.0,25.0,9.230857849121094,25.141159057617188,-0.14115869998931885,43.69763946533203,47.669551849365234,0.0,0.0,0.0,1.0,1.0,0.0,1.2821016311645508,,,,,,,,,,,,,,,,
1783989090.065,72694000,67,1,2,0,10.0,25.0,10.0,25.0,8.851591110229492,25.43130874633789,-0.43130815029144287,34.19317626953125,46.83324432373047,0.0,0.0,0.0,1.0,1.0,0.0,-0.9532098174095154,,,,,,,,,,,,,,,,
1783989090.075,72704000,68,1,3,0,10.0,25.0,10.0,25.0,8.935632705688477,25.24518394470215,-0.24518370628356934,41.808589935302734,50.1784782409668,0.0,0.0,0.0,1.0,1.0,0.0,1.192330241203308,,,,,,,,,,,,,,,,
1783989090.085,72714000,69,2,255,0,,,,,,,,,,,,,,,,,0.0,0.0,0.0,0.0,3.0,2.450000047683716,0.0,0.0,0.0,0.0,0.0,0.0,0.0,0.0,0.0,0.0
1783989090.095,72724000,70,1,0,0,10.0,25.0,10.0,25.0,8.48709487915039,25.598430633544922,-0.5984306335449219,26.098323822021484,43.906166076660156,0.0,0.0,0.0,1.0,1.0,0.0,-0.6757645010948181,,,,,,,,,,,,,,,,
1783989090.105,72734000,71,1,1,0,10.0,25.0,10.0,25.0,9.230857849121094,25.141159057617188,-0.14115869998931885,43.69763946533203,47.669551849365234,0.0,0.0,0.0,1.0,1.0,0.0,1.2821016311645508,,,,,,,,,,,,,,,,
1783989090.115,72744000,72,1,2,0,10.0,25.0,10.0,25.0,8.851591110229492,25.43130874633789,-0.43130815029144287,34.19317626953125,46.83324432373047,0.0,0.0,0.0,1.0,1.0,0.0,-0.9532098174095154,,,,,,,,,,,,,,,,
1783989090.125,72754000,73,1,3,0,10.0,25.0,10.0,25.0,8.935632705688477,25.24518394470215,-0.24518370628356934,41.808589935302734,50.1784782409668,0.0,0.0,0.0,1.0,1.0,0.0,1.192330241203308,,,,,,,,,,,,,,,,
1783989090.135,72764000,74,2,255,0,,,,,,,,,,,,,,,,,0.0,0.0,0.0,0.0,3.0,2.450000047683716,0.0,0.0,0.0,0.0,0.0,0.0,0.0,0.0,0.0,0.0
1783989090.145,72774000,75,1,0,0,10.0,25.0,10.0,25.0,8.48709487915039,25.598430633544922,-0.5984306335449219,26.098323822021484,43.906166076660156,0.0,0.0,0.0,1.0,1.0,0.0,-0.6757645010948181,,,,,,,,,,,,,,,,
1783989090.154,72784000,76,1,1,0,10.0,25.0,10.0,25.0,9.230857849121094,25.141159057617188,-0.14115869998931885,43.69763946533203,47.669551849365234,0.0,0.0,0.0,1.0,1.0,0.0,1.2821016311645508,,,,,,,,,,,,,,,,
1783989090.165,72794000,77,1,2,0,10.0,25.0,10.0,25.0,8.851591110229492,25.43130874633789,-0.43130815029144287,34.19317626953125,46.83324432373047,0.0,0.0,0.0,1.0,1.0,0.0,-0.9532098174095154,,,,,,,,,,,,,,,,
1783989090.175,72804000,78,1,3,0,10.0,25.0,10.0,25.0,8.935632705688477,25.24518394470215,-0.24518370628356934,41.808589935302734,50.1784782409668,0.0,0.0,0.0,1.0,1.0,0.0,1.192330241203308,,,,,,,,,,,,,,,,
1783989090.185,72814000,79,2,255,0,,,,,,,,,,,,,,,,,0.0,0.0,0.0,0.0,3.0,2.450000047683716,0.0,0.0,0.0,0.0,0.0,0.0,0.0,0.0,0.0,0.0
1783989090.195,72824000,80,1,0,0,10.0,25.0,10.0,25.0,8.48709487915039,25.598430633544922,-0.5984306335449219,26.098323822021484,43.906166076660156,0.0,0.0,0.0,1.0,1.0,0.0,-0.6757645010948181,,,,,,,,,,,,,,,,
1783989090.205,72834000,81,1,1,0,10.0,25.0,10.0,25.0,9.230857849121094,25.141159057617188,-0.14115869998931885,43.69763946533203,47.669551849365234,0.0,0.0,0.0,1.0,1.0,0.0,1.2821016311645508,,,,,,,,,,,,,,,,
1783989090.214,72844000,82,1,2,0,10.0,25.0,10.0,25.0,8.851591110229492,25.43130874633789,-0.43130815029144287,34.19317626953125,46.83324432373047,0.0,0.0,0.0,1.0,1.0,0.0,-0.9532098174095154,,,,,,,,,,,,,,,,
1783989090.226,72854000,83,1,3,0,10.0,25.0,10.0,25.0,8.935632705688477,25.24518394470215,-0.24518370628356934,41.808589935302734,50.1784782409668,0.0,0.0,0.0,1.0,1.0,0.0,1.192330241203308,,,,,,,,,,,,,,,,
1783989090.235,72864000,84,2,255,0,,,,,,,,,,,,,,,,,0.0,0.0,0.0,0.0,3.0,2.450000047683716,0.0,0.0,0.0,0.0,0.0,0.0,0.0,0.0,0.0,0.0
1783989090.245,72874000,85,1,0,0,10.0,25.0,10.0,25.0,8.48709487915039,25.598430633544922,-0.5984306335449219,26.098323822021484,43.906166076660156,0.0,0.0,0.0,1.0,1.0,0.0,-0.6757645010948181,,,,,,,,,,,,,,,,
1783989090.255,72884000,86,1,1,0,10.0,25.0,10.0,25.0,9.230857849121094,25.141159057617188,-0.14115869998931885,43.69763946533203,47.669551849365234,0.0,0.0,0.0,1.0,1.0,0.0,1.2821016311645508,,,,,,,,,,,,,,,,
1783989090.265,72894000,87,1,2,0,10.0,25.0,10.0,25.0,8.851591110229492,25.43130874633789,-0.43130815029144287,34.19317626953125,46.83324432373047,0.0,0.0,0.0,1.0,1.0,0.0,-0.9532098174095154,,,,,,,,,,,,,,,,
1783989090.275,72904000,88,1,3,0,10.0,25.0,10.0,25.0,8.935632705688477,25.24518394470215,-0.24518370628356934,41.808589935302734,50.1784782409668,0.0,0.0,0.0,1.0,1.0,0.0,1.192330241203308,,,,,,,,,,,,,,,,
1783989090.285,72914000,89,2,255,0,,,,,,,,,,,,,,,,,0.0,0.0,0.0,0.0,3.0,2.450000047683716,0.0,0.0,0.0,0.0,0.0,0.0,0.0,0.0,0.0,0.0
1783989090.295,72924000,90,1,0,0,10.0,25.0,10.0,25.0,8.48709487915039,25.598430633544922,-0.5984306335449219,26.098323822021484,43.906166076660156,0.0,0.0,0.0,1.0,1.0,0.0,-0.6757645010948181,,,,,,,,,,,,,,,,
1783989090.305,72934000,91,1,1,0,10.0,25.0,10.0,25.0,9.230857849121094,25.141159057617188,-0.14115869998931885,43.69763946533203,47.669551849365234,0.0,0.0,0.0,1.0,1.0,0.0,1.2821016311645508,,,,,,,,,,,,,,,,
1783989090.315,72944000,92,1,2,0,10.0,25.0,10.0,25.0,8.851591110229492,25.43130874633789,-0.43130815029144287,34.19317626953125,46.83324432373047,0.0,0.0,0.0,1.0,1.0,0.0,-0.9532098174095154,,,,,,,,,,,,,,,,
1783989090.325,72954000,93,1,3,0,10.0,25.0,10.0,25.0,8.935632705688477,25.24518394470215,-0.24518370628356934,41.808589935302734,50.1784782409668,0.0,0.0,0.0,1.0,1.0,0.0,1.192330241203308,,,,,,,,,,,,,,,,
1783989090.335,72964000,94,2,255,0,,,,,,,,,,,,,,,,,0.0,0.0,0.0,0.0,3.0,2.450000047683716,0.0,0.0,0.0,0.0,0.0,0.0,0.0,0.0,0.0,0.0
1783989090.345,72974000,95,1,0,0,10.0,25.0,10.0,25.0,8.48709487915039,25.598430633544922,-0.5984306335449219,26.098323822021484,43.906166076660156,0.0,0.0,0.0,1.0,1.0,0.0,-0.6757645010948181,,,,,,,,,,,,,,,,
1783989090.355,72984000,96,1,1,0,10.0,25.0,10.0,25.0,9.230857849121094,25.141159057617188,-0.14115869998931885,43.69763946533203,47.669551849365234,0.0,0.0,0.0,1.0,1.0,0.0,1.2821016311645508,,,,,,,,,,,,,,,,
1783989090.365,72994000,97,1,2,0,10.0,25.0,10.0,25.0,8.851591110229492,25.43130874633789,-0.43130815029144287,34.19317626953125,46.83324432373047,0.0,0.0,0.0,1.0,1.0,0.0,-0.9532098174095154,,,,,,,,,,,,,,,,
1783989090.375,73004000,98,1,3,0,10.0,25.0,10.0,25.0,8.935632705688477,25.24518394470215,-0.24518370628356934,41.808589935302734,50.1784782409668,0.0,0.0,0.0,1.0,1.0,0.0,1.192330241203308,,,,,,,,,,,,,,,,
1783989090.386,73014000,99,2,255,0,,,,,,,,,,,,,,,,,0.0,0.0,0.0,0.0,3.0,2.450000047683716,0.0,0.0,0.0,0.0,0.0,0.0,0.0,0.0,0.0,0.0
1783989090.395,73024000,100,1,0,0,10.0,25.0,10.0,25.0,8.48709487915039,25.598430633544922,-0.5984306335449219,26.098323822021484,43.906166076660156,0.0,0.0,0.0,1.0,1.0,0.0,-0.6757645010948181,,,,,,,,,,,,,,,,
1783989090.405,73034000,101,1,1,0,10.0,25.0,10.0,25.0,9.230857849121094,25.141159057617188,-0.14115869998931885,43.69763946533203,47.669551849365234,0.0,0.0,0.0,1.0,1.0,0.0,1.2821016311645508,,,,,,,,,,,,,,,,
1783989090.415,73044000,102,1,2,0,10.0,25.0,10.0,25.0,8.851591110229492,25.43130874633789,-0.43130815029144287,34.19317626953125,46.83324432373047,0.0,0.0,0.0,1.0,1.0,0.0,-0.9532098174095154,,,,,,,,,,,,,,,,
1783989090.425,73054000,103,1,3,0,10.0,25.0,10.0,25.0,8.935632705688477,25.24518394470215,-0.24518370628356934,41.808589935302734,50.1784782409668,0.0,0.0,0.0,1.0,1.0,0.0,1.192330241203308,,,,,,,,,,,,,,,,
1783989090.435,73064000,104,2,255,0,,,,,,,,,,,,,,,,,0.0,0.0,0.0,0.0,3.0,2.450000047683716,0.0,0.0,0.0,0.0,0.0,0.0,0.0,0.0,0.0,0.0
1783989090.445,73074000,105,1,0,0,10.0,25.0,10.0,25.0,8.48709487915039,25.598430633544922,-0.5984306335449219,26.098323822021484,43.906166076660156,0.0,0.0,0.0,1.0,1.0,0.0,-0.6757645010948181,,,,,,,,,,,,,,,,
1783989090.455,73084000,106,1,1,0,10.0,25.0,10.0,25.0,9.230857849121094,25.141159057617188,-0.14115869998931885,43.69763946533203,47.669551849365234,0.0,0.0,0.0,1.0,1.0,0.0,1.2821016311645508,,,,,,,,,,,,,,,,
1783989090.455,73094000,107,1,2,0,10.0,25.0,10.0,25.0,8.851591110229492,25.43130874633789,-0.43130815029144287,34.19317626953125,46.83324432373047,0.0,0.0,0.0,1.0,1.0,0.0,-0.9532098174095154,,,,,,,,,,,,,,,,
1783989090.475,73104000,108,1,3,0,10.0,25.0,10.0,25.0,8.935632705688477,25.24518394470215,-0.24518370628356934,41.808589935302734,50.1784782409668,0.0,0.0,0.0,1.0,1.0,0.0,1.192330241203308,,,,,,,,,,,,,,,,
1783989090.485,73114000,109,2,255,0,,,,,,,,,,,,,,,,,0.0,0.0,0.0,0.0,3.0,2.450000047683716,0.0,0.0,0.0,0.0,0.0,0.0,0.0,0.0,0.0,0.0
1783989090.495,73124000,110,1,0,0,10.0,25.0,10.0,25.0,8.48709487915039,25.598430633544922,-0.5984306335449219,26.098323822021484,43.906166076660156,0.0,0.0,0.0,1.0,1.0,0.0,-0.6757645010948181,,,,,,,,,,,,,,,,
1783989090.505,73134000,111,1,1,0,10.0,25.0,10.0,25.0,9.230857849121094,25.141159057617188,-0.14115869998931885,43.69763946533203,47.669551849365234,0.0,0.0,0.0,1.0,1.0,0.0,1.2821016311645508,,,,,,,,,,,,,,,,
1783989090.515,73144000,112,1,2,0,10.0,25.0,10.0,25.0,8.851591110229492,25.43130874633789,-0.43130815029144287,34.19317626953125,46.83324432373047,0.0,0.0,0.0,1.0,1.0,0.0,-0.9532098174095154,,,,,,,,,,,,,,,,
1783989090.525,73154000,113,1,3,0,10.0,25.0,10.0,25.0,8.935632705688477,25.24518394470215,-0.24518370628356934,41.808589935302734,50.1784782409668,0.0,0.0,0.0,1.0,1.0,0.0,1.192330241203308,,,,,,,,,,,,,,,,
1783989090.535,73164000,114,2,255,0,,,,,,,,,,,,,,,,,0.0,0.0,0.0,0.0,3.0,2.450000047683716,0.0,0.0,0.0,0.0,0.0,0.0,0.0,0.0,0.0,0.0
1783989090.545,73174000,115,1,0,0,10.0,25.0,10.0,25.0,8.48709487915039,25.598430633544922,-0.5984306335449219,26.098323822021484,43.906166076660156,0.0,0.0,0.0,1.0,1.0,0.0,-0.6757645010948181,,,,,,,,,,,,,,,,
1783989090.555,73184000,116,1,1,0,10.0,25.0,10.0,25.0,9.230857849121094,25.141159057617188,-0.14115869998931885,43.69763946533203,47.669551849365234,0.0,0.0,0.0,1.0,1.0,0.0,1.2821016311645508,,,,,,,,,,,,,,,,
1783989090.565,73194000,117,1,2,0,10.0,25.0,10.0,25.0,8.851591110229492,25.43130874633789,-0.43130815029144287,34.19317626953125,46.83324432373047,0.0,0.0,0.0,1.0,1.0,0.0,-0.9532098174095154,,,,,,,,,,,,,,,,
1783989090.575,73204000,118,1,3,0,10.0,25.0,10.0,25.0,8.935632705688477,25.24518394470215,-0.24518370628356934,41.808589935302734,50.1784782409668,0.0,0.0,0.0,1.0,1.0,0.0,1.192330241203308,,,,,,,,,,,,,,,,
1783989090.585,73214000,119,2,255,0,,,,,,,,,,,,,,,,,0.0,0.0,0.0,0.0,3.0,2.450000047683716,0.0,0.0,0.0,0.0,0.0,0.0,0.0,0.0,0.0,0.0
1783989090.595,73224000,120,1,0,0,10.0,25.0,10.0,25.0,8.48709487915039,25.598430633544922,-0.5984306335449219,26.098323822021484,43.906166076660156,0.0,0.0,0.0,1.0,1.0,0.0,-0.6757645010948181,,,,,,,,,,,,,,,,
1783989090.605,73234000,121,1,1,0,10.0,25.0,10.0,25.0,9.230857849121094,25.141159057617188,-0.14115869998931885,43.69763946533203,47.669551849365234,0.0,0.0,0.0,1.0,1.0,0.0,1.2821016311645508,,,,,,,,,,,,,,,,
1783989090.615,73244000,122,1,2,0,10.0,25.0,10.0,25.0,8.851591110229492,25.43130874633789,-0.43130815029144287,34.19317626953125,46.83324432373047,0.0,0.0,0.0,1.0,1.0,0.0,-0.9532098174095154,,,,,,,,,,,,,,,,
1783989090.625,73254000,123,1,3,0,10.0,25.0,10.0,25.0,8.935632705688477,25.24518394470215,-0.24518370628356934,41.808589935302734,50.1784782409668,0.0,0.0,0.0,1.0,1.0,0.0,1.192330241203308,,,,,,,,,,,,,,,,
1783989090.635,73264000,124,2,255,0,,,,,,,,,,,,,,,,,0.0,0.0,0.0,0.0,3.0,2.450000047683716,0.0,0.0,0.0,0.0,0.0,0.0,0.0,0.0,0.0,0.0
1783989090.645,73274000,125,1,0,0,10.0,25.0,10.0,25.0,8.48709487915039,25.598430633544922,-0.5984306335449219,26.098323822021484,43.906166076660156,0.0,0.0,0.0,1.0,1.0,0.0,-0.6757645010948181,,,,,,,,,,,,,,,,
1783989090.655,73284000,126,1,1,0,10.0,25.0,10.0,25.0,9.230857849121094,25.141159057617188,-0.14115869998931885,43.69763946533203,47.669551849365234,0.0,0.0,0.0,1.0,1.0,0.0,1.2821016311645508,,,,,,,,,,,,,,,,
1783989090.666,73294000,127,1,2,0,10.0,25.0,10.0,25.0,8.851591110229492,25.43130874633789,-0.43130815029144287,34.19317626953125,46.83324432373047,0.0,0.0,0.0,1.0,1.0,0.0,-0.9532098174095154,,,,,,,,,,,,,,,,
1783989090.675,73304000,128,1,3,0,10.0,25.0,10.0,25.0,8.935632705688477,25.24518394470215,-0.24518370628356934,41.808589935302734,50.1784782409668,0.0,0.0,0.0,1.0,1.0,0.0,1.192330241203308,,,,,,,,,,,,,,,,
1783989090.685,73314000,129,2,255,0,,,,,,,,,,,,,,,,,0.0,0.0,0.0,0.0,3.0,2.450000047683716,0.0,0.0,0.0,0.0,0.0,0.0,0.0,0.0,0.0,0.0
1783989090.695,73324000,130,1,0,0,10.0,25.0,10.0,25.0,8.48709487915039,25.598430633544922,-0.5984306335449219,26.098323822021484,43.906166076660156,0.0,0.0,0.0,1.0,1.0,0.0,-0.6757645010948181,,,,,,,,,,,,,,,,
1783989090.705,73334000,131,1,1,0,10.0,25.0,10.0,25.0,9.230857849121094,25.141159057617188,-0.14115869998931885,43.69763946533203,47.669551849365234,0.0,0.0,0.0,1.0,1.0,0.0,1.2821016311645508,,,,,,,,,,,,,,,,
1783989090.715,73344000,132,1,2,0,10.0,25.0,10.0,25.0,8.851591110229492,25.43130874633789,-0.43130815029144287,34.19317626953125,46.83324432373047,0.0,0.0,0.0,1.0,1.0,0.0,-0.9532098174095154,,,,,,,,,,,,,,,,
1783989090.725,73354000,133,1,3,0,10.0,25.0,10.0,25.0,8.935632705688477,25.24518394470215,-0.24518370628356934,41.808589935302734,50.1784782409668,0.0,0.0,0.0,1.0,1.0,0.0,1.192330241203308,,,,,,,,,,,,,,,,
1783989090.735,73364000,134,2,255,0,,,,,,,,,,,,,,,,,0.0,0.0,0.0,0.0,3.0,2.450000047683716,0.0,0.0,0.0,0.0,0.0,0.0,0.0,0.0,0.0,0.0
