host_time_s,time_us,seq,frame_type,leg_id,flags,raw_target_x_cm,raw_target_y_cm,target_x_cm,target_y_cm,actual_x_cm,actual_y_cm,error_y_cm,fy_total_n,fy_up_n,fy_sag_n,swing_unload_n,stance_takeoff_release,stance_entry_ramp,stance_support_ramp,sag_rescue,tau_ff_knee_nm,error_x_cm,knee_torque_limit_nm,x_alignment,gait_cmd_vx_mps,gait_cmd_wz_radps,gait_target_stride_cm,gait_target_lift_cm,gait_stride_cm,gait_lift_cm,wheel_leg_base_mps,wheel_leg_turn_mps,roll_err_filt_deg,pitch_err_filt_deg,comp_scale,vibration_scale,support_force_bias_leg0_n,support_force_bias_leg1_n,support_force_bias_leg2_n,support_force_bias_leg3_n,gait_rear_x_safety_relief_cm,gait_rear_x_safety_relief_cmps,gait_sync_mps,att_enabled,att_imu_valid,att_zero_valid,att_mode,att_support_projection_mode,att_force_solution_ok,att_stance_leg_count,att_bump_request,att_roll_zero_deg,att_pitch_zero_deg,att_roll_err_deg,att_pitch_err_deg,att_roll_moment_cmd_nm,att_pitch_moment_cmd_nm,att_accel_dev_mps2,att_gyro_abs_dps,att_roll_raw_deg,att_pitch_raw_deg,att_accel_abs_mps2
1784058268.556,215645000,210,1,2,0,10.0,25.0,10.0,25.0,9.123748779296875,24.97751808166504,0.02248138189315796,47.73955154418945,46.83324432373047,0.0,0.0,0.0,1.0,1.0,0.0,-1.3989315032958984,0.8762508630752563,18.0,0.0,,,,,,,,,,,,,,,,,,,,,,,,,,,,,,,,,,,,,,
1784058268.629,215666000,211,1,3,0,10.0,25.0,10.0,25.0,9.41500473022461,25.498210906982422,-0.4982113838195801,34.84960174560547,50.1784782409668,0.0,0.0,0.0,1.0,1.0,0.0,1.0163359642028809,0.5849942564964294,18.0,0.0,,,,,,,,,,,,,,,,,,,,,,,,,,,,,,,,,,,,,,
1784058268.633,215690000,212,2,255,0,,,,,,,,,,,,,,,,,,,,0.0,0.0,0.0,0.0,3.0,2.450000047683716,0.0,0.0,0.012523079290986061,-0.00947646051645279,0.04001803696155548,1.0,0.0,0.0,0.0,0.0,0.0,0.0,0.0,,,,,,,,,,,,,,,,,,,
1784058268.633,215717000,213,3,254,0,,,,,,,,,,,,,,,,,,,,,,,,,,,,,,,,,,,,,,,1.0,1.0,1.0,1.0,1.0,1.0,4.0,0.0,-1.4253249168395996,0.13703157007694244,0.035015225410461426,-0.024925820529460907,0.0,0.0,0.015766143798828125,0.01207873597741127,-1.3903096914291382,0.11210574954748154,9.825766563415527
1784058268.648,215796000,218,1,0,0,10.0,25.0,10.0,25.0,9.261116027832031,25.33436393737793,-0.3343641757965088,33.79279327392578,43.906166076660156,0.0,0.0,0.0,1.0,1.0,0.0,-0.9761261343955994,0.7388830184936523,18.0,0.0,,,,,,,,,,,,,,,,,,,,,,,,,,,,,,,,,,,,,,
1784058268.648,215815000,219,1,1,0,10.0,25.0,10.0,25.0,9.27021312713623,25.13334083557129,-0.13334155082702637,43.56947708129883,47.669551849365234,0.0,0.0,0.0,1.0,1.0,0.0,1.279371738433838,0.7297858595848083,18.0,0.0,,,,,,,,,,,,,,,,,,,,,,,,,,,,,,,,,,,,,,
1784058268.649,215836000,220,1,2,0,10.0,25.0,10.0,25.0,9.122529983520508,24.97882843017578,0.02117156982421875,47.62779998779297,46.83324432373047,0.0,0.0,0.0,1.0,1.0,0.0,-1.3953356742858887,0.8774690628051758,18.0,0.0,,,,,,,,,,,,,,,,,,,,,,,,,,,,,,,,,,,,,,
1784058268.649,215860000,221,1,3,0,10.0,25.0,10.0,25.0,9.41385555267334,25.49821662902832,-0.4982173442840576,35.08310317993164,50.1784782409668,0.0,0.0,0.0,1.0,1.0,0.0,1.0235724449157715,0.5861438512802124,18.0,0.0,,,,,,,,,,,,,,,,,,,,,,,,,,,,,,,,,,,,,,
1784058268.649,215885000,222,2,255,0,,,,,,,,,,,,,,,,,,,,0.0,0.0,0.0,0.0,3.0,2.450000047683716,0.0,0.0,-0.005780352279543877,-0.014608977362513542,0.0400245375931263,1.0,0.0,0.0,0.0,0.0,0.0,0.0,0.0,,,,,,,,,,,,,,,,,,,
1784058268.650,215905000,223,3,254,0,,,,,,,,,,,,,,,,,,,,,,,,,,,,,,,,,,,,,,,1.0,1.0,1.0,1.0,1.0,1.0,4.0,0.0,-1.4253249168395996,0.13703157007694244,0.021125197410583496,-0.006591230630874634,0.0,0.0,0.17830753326416016,0.0040647839196026325,-1.4041997194290161,0.1304403394460678,9.98830795288086
1784058268.692,215983000,228,1,0,0,10.0,25.0,10.0,25.0,9.2639799118042,25.33465003967285,-0.33465027809143066,33.83155822753906,43.906166076660156,0.0,0.0,0.0,1.0,1.0,0.0,-0.9776729345321655,0.7360197305679321,18.0,0.0,,,,,,,,,,,,,,,,,,,,,,,,,,,,,,,,,,,,,,
1784058268.707,216005000,229,1,1,0,10.0,25.0,10.0,25.0,9.269383430480957,25.13275718688965,-0.13275742530822754,43.595211029052734,47.669551849365234,0.0,0.0,0.0,1.0,1.0,0.0,1.279741883277893,0.7306158542633057,18.0,0.0,,,,,,,,,,,,,,,,,,,,,,,,,,,,,,,,,,,,,,
1784058268.727,216029000,230,1,2,0,10.0,25.0,10.0,25.0,9.122293472290039,24.977954864501953,0.022044777870178223,47.79884338378906,46.83324432373047,0.0,0.0,0.0,1.0,1.0,0.0,-1.4010226726531982,0.8777059316635132,18.0,0.0,,,,,,,,,,,,,,,,,,,,,,,,,,,,,,,,,,,,,,
1784058268.733,216055000,231,1,3,0,10.0,25.0,10.0,25.0,9.412083625793457,25.500701904296875,-0.5007028579711914,34.87427520751953,50.1784782409668,0.0,0.0,0.0,1.0,1.0,0.0,1.0166306495666504,0.5879156589508057,18.0,0.0,,,,,,,,,,,,,,,,,,,,,,,,,,,,,,,,,,,,,,
1784058268.766,216076000,232,2,255,0,,,,,,,,,,,,,,,,,,,,0.0,0.0,0.0,0.0,3.0,2.450000047683716,0.0,0.0,-0.0071676308289170265,-0.00889239739626646,0.04000909626483917,1.0,0.0,0.0,0.0,0.0,0.0,0.0,0.0,,,,,,,,,,,,,,,,,,,
1784058268.778,216089000,233,3,254,0,,,,,,,,,,,,,,,,,,,,,,,,,,,,,,,,,,,,,,,1.0,1.0,1.0,1.0,1.0,1.0,4.0,0.0,-1.4253249168395996,0.13703157007694244,-0.003564596176147461,0.01298108696937561,0.0,0.0,0.09303855895996094,0.003255341434851289,-1.428889513015747,0.15001265704631805,9.90303897857666
1784058268.883,216185000,238,1,0,0,10.0,25.0,10.0,25.0,9.265498161315918,25.33323097229004,-0.33323168754577637,33.54341506958008,43.906166076660156,0.0,0.0,0.0,1.0,1.0,0.0,-0.968467116355896,0.7345013618469238,18.0,0.0,,,,,,,,,,,,,,,,,,,,,,,,,,,,,,,,,,,,,,
1784058268.915,216211000,239,1,1,0,10.0,25.0,10.0,25.0,9.270500183105469,25.132766723632812,-0.13276636600494385,43.6279296875,47.669551849365234,0.0,0.0,0.0,1.0,1.0,0.0,1.2812706232070923,0.7294989824295044,18.0,0.0,,,,,,,,,,,,,,,,,,,,,,,,,,,,,,,,,,,,,,
1784058268.924,216237000,240,1,2,0,10.0,25.0,10.0,25.0,9.12407398223877,24.97687339782715,0.023126602172851562,47.80461502075195,46.83324432373047,0.0,0.0,0.0,1.0,1.0,0.0,-1.4011908769607544,0.8759253025054932,18.0,0.0,,,,,,,,,,,,,,,,,,,,,,,,,,,,,,,,,,,,,,
1784058268.946,216259000,241,1,3,0,10.0,25.0,10.0,25.0,9.414304733276367,25.499927520751953,-0.49992799758911133,34.89702606201172,50.1784782409668,0.0,0.0,0.0,1.0,1.0,0.0,1.0179508924484253,0.5856946110725403,18.0,0.0,,,,,,,,,,,,,,,,,,,,,,,,,,,,,,,,,,,,,,
1784058268.964,216273000,242,2,255,0,,,,,,,,,,,,,,,,,,,,0.0,0.0,0.0,0.0,3.0,2.450000047683716,0.0,0.0,0.00201525934971869,-0.003419305896386504,0.04000134393572807,1.0,0.0,0.0,0.0,0.0,0.0,0.0,0.0,,,,,,,,,,,,,,,,,,,
1784058268.981,216289000,243,3,254,0,,,,,,,,,,,,,,,,,,,,,,,,,,,,,,,,,,,,,,,1.0,1.0,1.0,1.0,1.0,1.0,4.0,0.0,-1.4253249168395996,0.13703157007694244,-0.013967514038085938,-0.01159060001373291,0.0,0.0,0.10095787048339844,0.0055534676648676395,-1.4392924308776855,0.12544097006320953,9.910958290100098
1784058269.090,216396000,248,1,0,0,10.0,25.0,10.0,25.0,9.263138771057129,25.335466384887695,-0.3354668617248535,33.48886489868164,43.906166076660156,0.0,0.0,0.0,1.0,1.0,0.0,-0.9663673043251038,0.7368601560592651,18.0,0.0,,,,,,,,,,,,,,,,,,,,,,,,,,,,,,,,,,,,,,
1784058269.114,216415000,249,1,1,0,10.0,25.0,10.0,25.0,9.269389152526855,25.13275146484375,-0.13275146484375,43.642452239990234,47.669551849365234,0.0,0.0,0.0,1.0,1.0,0.0,1.2814782857894897,0.7306098937988281,18.0,0.0,,,,,,,,,,,,,,,,,,,,,,,,,,,,,,,,,,,,,,
1784058269.130,216435000,250,1,2,0,10.0,25.0,10.0,25.0,9.123483657836914,24.977039337158203,0.02295970916748047,47.46375274658203,46.83324432373047,0.0,0.0,0.0,1.0,1.0,0.0,-1.39009690284729,0.8765161037445068,18.0,0.0,,,,,,,,,,,,,,,,,,,,,,,,,,,,,,,,,,,,,,
1784058269.156,216453000,251,1,3,0,10.0,25.0,10.0,25.0,9.41268253326416,25.500530242919922,-0.5005300045013428,35.078826904296875,50.1784782409668,0.0,0.0,0.0,1.0,1.0,0.0,1.0235430002212524,0.587316632270813,18.0,0.0,,,,,,,,,,,,,,,,,,,,,,,,,,,,,,,,,,,,,,
1784058269.176,216473000,252,2,255,0,,,,,,,,,,,,,,,,,,,,0.0,0.0,0.0,0.0,3.0,2.450000047683716,0.0,0.0,0.02033257484436035,-0.006733068730682135,0.04004749655723572,1.0,0.0,0.0,0.0,0.0,0.0,0.0,0.0,,,,,,,,,,,,,,,,,,,
1784058269.230,216496000,253,3,254,0,,,,,,,,,,,,,,,,,,,,,,,,,,,,,,,,,,,,,,,1.0,1.0,1.0,1.0,1.0,1.0,4.0,0.0,-1.4253249168395996,0.13703157007694244,-0.006854534149169922,0.00705428421497345,0.0,0.0,0.13759231567382812,0.0023486416321247816,-1.4321794509887695,0.1440858542919159,9.947592735290527
1784058269.294,216595000,2,1,0,0,10.0,25.0,10.0,25.0,9.263469696044922,25.335777282714844,-0.33577680587768555,33.71311569213867,43.906166076660156,0.0,0.0,0.0,1.0,1.0,0.0,-0.974231481552124,0.7365293502807617,18.0,0.0,,,,,,,,,,,,,,,,,,,,,,,,,,,,,,,,,,,,,,
1784058269.314,216611000,3,1,1,0,10.0,25.0,10.0,25.0,9.269903182983398,25.131698608398438,-0.13169944286346436,43.85309982299805,47.669551849365234,0.0,0.0,0.0,1.0,1.0,0.0,1.2881089448928833,0.7300958037376404,18.0,0.0,,,,,,,,,,,,,,,,,,,,,,,,,,,,,,,,,,,,,,
1784058269.320,216628000,4,1,2,0,10.0,25.0,10.0,25.0,9.12484359741211,24.976558685302734,0.023441016674041748,47.52568817138672,46.83324432373047,0.0,0.0,0.0,1.0,1.0,0.0,-1.392242431640625,0.8751556277275085,18.0,0.0,,,,,,,,,,,,,,,,,,,,,,,,,,,,,,,,,,,,,,
1784058269.349,216647000,5,1,3,0,10.0,25.0,10.0,25.0,9.4128999710083,25.49997901916504,-0.4999786615371704,35.10746765136719,50.1784782409668,0.0,0.0,0.0,1.0,1.0,0.0,1.0247430801391602,0.5870990753173828,18.0,0.0,,,,,,,,,,,,,,,,,,,,,,,,,,,,,,,,,,,,,,
1784058269.369,216667000,6,2,255,0,,,,,,,,,,,,,,,,,,,,0.0,0.0,0.0,0.0,3.0,2.450000047683716,0.0,0.0,0.018772516399621964,-0.010394930839538574,0.04004049301147461,1.0,0.0,0.0,0.0,0.0,0.0,0.0,0.0,,,,,,,,,,,,,,,,,,,
1784058269.393,216690000,7,3,254,0,,,,,,,,,,,,,,,,,,,,,,,,,,,,,,,,,,,,,,,1.0,1.0,1.0,1.0,1.0,1.0,4.0,0.0,-1.4253249168395996,0.13703157007694244,-0.011577367782592773,-0.025031886994838715,0.0,0.0,0.05840110778808594,0.0032158559188246727,-1.4369022846221924,0.11199968308210373,9.868401527404785
1784058269.495,216790000,12,1,0,0,10.0,25.0,10.0,25.0,9.260921478271484,25.33721923828125,-0.33721923828125,33.61669921875,43.906166076660156,0.0,0.0,0.0,1.0,1.0,0.0,-0.9709169864654541,0.7390774488449097,18.0,0.0,,,,,,,,,,,,,,,,,,,,,,,,,,,,,,,,,,,,,,
1784058269.508,216808000,13,1,1,0,10.0,25.0,10.0,25.0,9.268656730651855,25.132972717285156,-0.13297200202941895,43.570343017578125,47.669551849365234,0.0,0.0,0.0,1.0,1.0,0.0,1.2790294885635376,0.7313430309295654,18.0,0.0,,,,,,,,,,,,,,,,,,,,,,,,,,,,,,,,,,,,,,
1784058269.524,216826000,14,1,2,0,10.0,25.0,10.0,25.0,9.124040603637695,24.976940155029297,0.023059546947479248,47.79323196411133,46.83324432373047,0.0,0.0,0.0,1.0,1.0,0.0,-1.4009323120117188,0.8759588003158569,18.0,0.0,,,,,,,,,,,,,,,,,,,,,,,,,,,,,,,,,,,,,,
1784058269.560,216847000,15,1,3,0,10.0,25.0,10.0,25.0,9.412668228149414,25.500446319580078,-0.5004465579986572,35.02375030517578,50.1784782409668,0.0,0.0,0.0,1.0,1.0,0.0,1.022087574005127,0.5873315334320068,18.0,0.0,,,,,,,,,,,,,,,,,,,,,,,,,,,,,,,,,,,,,,
1784058269.572,216870000,16,2,255,0,,,,,,,,,,,,,,,,,,,,0.0,0.0,0.0,0.0,3.0,2.450000047683716,0.0,0.0,0.007942288182675838,-0.016984516754746437,0.04003315418958664,1.0,0.0,0.0,0.0,0.0,0.0,0.0,0.0,,,,,,,,,,,,,,,,,,,
1784058269.596,216896000,17,3,254,0,,,,,,,,,,,,,,,,,,,,,,,,,,,,,,,,,,,,,,,1.0,1.0,1.0,1.0,1.0,1.0,4.0,0.0,-1.4253249168395996,0.13703157007694244,0.014453768730163574,-0.04592174291610718,0.0,0.0,0.050744056701660156,0.001215968281030655,-1.410871148109436,0.09110982716083527,9.86074447631836
1784058269.757,216984000,22,1,0,0,10.0,25.0,10.0,25.0,9.259979248046875,25.336620330810547,-0.3366202116012573,33.572364807128906,43.906166076660156,0.0,0.0,0.0,1.0,1.0,0.0,-0.9693961143493652,0.7400199770927429,18.0,0.0,,,,,,,,,,,,,,,,,,,,,,,,,,,,,,,,,,,,,,
1784058269.758,217000000,23,1,1,0,10.0,25.0,10.0,25.0,9.26925277709961,25.13323402404785,-0.13323426246643066,43.44865036010742,47.669551849365234,0.0,0.0,0.0,1.0,1.0,0.0,1.274742603302002,0.7307462692260742,18.0,0.0,,,,,,,,,,,,,,,,,,,,,,,,,,,,,,,,,,,,,,
1784058269.758,217019000,24,1,2,0,10.0,25.0,10.0,25.0,9.123204231262207,24.977619171142578,0.022380053997039795,47.42886734008789,46.83324432373047,0.0,0.0,0.0,1.0,1.0,0.0,-1.389035701751709,0.8767955303192139,18.0,0.0,,,,,,,,,,,,,,,,,,,,,,,,,,,,,,,,,,,,,,
1784058269.758,217039000,25,1,3,0,10.0,25.0,10.0,25.0,9.413206100463867,25.49973487854004,-0.4997342824935913,34.846168518066406,50.1784782409668,0.0,0.0,0.0,1.0,1.0,0.0,1.0158472061157227,0.5867928266525269,18.0,0.0,,,,,,,,,,,,,,,,,,,,,,,,,,,,,,,,,,,,,,
1784058269.817,217062000,26,2,255,0,,,,,,,,,,,,,,,,,,,,0.0,0.0,0.0,0.0,3.0,2.450000047683716,0.0,0.0,0.009511634707450867,-0.019704043865203857,0.04004460945725441,1.0,0.0,0.0,0.0,0.0,0.0,0.0,0.0,,,,,,,,,,,,,,,,,,,
1784058269.817,217085000,27,3,254,0,,,,,,,,,,,,,,,,,,,,,,,,,,,,,,,,,,,,,,,1.0,1.0,1.0,1.0,1.0,1.0,4.0,0.0,-1.4253249168395996,0.13703157007694244,0.0623396635055542,-0.030200496315956116,0.0,0.0,0.04984760284423828,0.008155457675457,-1.3629852533340454,0.10683107376098633,9.859848022460938
1784058269.880,217190000,32,1,0,0,10.0,25.0,10.0,25.0,9.26125717163086,25.3352108001709,-0.33521056175231934,33.74416732788086,43.906166076660156,0.0,0.0,0.0,1.0,1.0,0.0,-0.9751347303390503,0.7387422323226929,18.0,0.0,,,,,,,,,,,,,,,,,,,,,,,,,,,,,,,,,,,,,,
1784058269.901,217207000,33,1,1,0,10.0,25.0,10.0,25.0,9.270090103149414,25.13245391845703,-0.13245344161987305,43.57084274291992,47.669551849365234,0.0,0.0,0.0,1.0,1.0,0.0,1.2792621850967407,0.7299095392227173,18.0,0.0,,,,,,,,,,,,,,,,,,,,,,,,,,,,,,,,,,,,,,
1784058269.920,217226000,34,1,2,0,10.0,25.0,10.0,25.0,9.122063636779785,24.978557586669922,0.021442770957946777,47.507057189941406,46.83324432373047,0.0,0.0,0.0,1.0,1.0,0.0,-1.3913688659667969,0.8779354095458984,18.0,0.0,,,,,,,,,,,,,,,,,,,,,,,,,,,,,,,,,,,,,,
1784058269.947,217247000,35,1,3,0,10.0,25.0,10.0,25.0,9.413331031799316,25.49925422668457,-0.4992544651031494,34.944549560546875,50.1784782409668,0.0,0.0,0.0,1.0,1.0,0.0,1.0188488960266113,0.5866683721542358,18.0,0.0,,,,,,,,,,,,,,,,,,,,,,,,,,,,,,,,,,,,,,
1784058269.978,217271000,36,2,255,0,,,,,,,,,,,,,,,,,,,,0.0,0.0,0.0,0.0,3.0,2.450000047683716,0.0,0.0,0.022843878716230392,-0.016048680990934372,0.040059931576251984,1.0,0.0,0.0,0.0,0.0,0.0,0.0,0.0,,,,,,,,,,,,,,,,,,,
1784058269.978,217297000,37,3,254,0,,,,,,,,,,,,,,,,,,,,,,,,,,,,,,,,,,,,,,,1.0,1.0,1.0,1.0,1.0,1.0,4.0,0.0,-1.4253249168395996,0.13703157007694244,0.06210899353027344,-0.006498098373413086,0.0,0.0,0.021196365356445312,0.009469347074627876,-1.3632159233093262,0.13053347170352936,9.788804054260254
1784058270.088,217393000,42,1,0,0,10.0,25.0,10.0,25.0,9.261675834655762,25.334632873535156,-0.33463239669799805,33.74329376220703,43.906166076660156,0.0,0.0,0.0,1.0,1.0,0.0,-0.9746837019920349,0.738323450088501,18.0,0.0,,,,,,,,,,,,,,,,,,,,,,,,,,,,,,,,,,,,,,
1784058270.119,217415000,43,1,1,0,10.0,25.0,10.0,25.0,9.2691650390625,25.133312225341797,-0.13331174850463867,43.61711883544922,47.669551849365234,0.0,0.0,0.0,1.0,1.0,0.0,1.2805976867675781,0.7308341264724731,18.0,0.0,,,,,,,,,,,,,,,,,,,,,,,,,,,,,,,,,,,,,,
1784058270.172,217439000,44,1,2,0,10.0,25.0,10.0,25.0,9.121804237365723,24.97770118713379,0.022298097610473633,47.52204132080078,46.83324432373047,0.0,0.0,0.0,1.0,1.0,0.0,-1.3918784856796265,0.8781954646110535,18.0,0.0,,,,,,,,,,,,,,,,,,,,,,,,,,,,,,,,,,,,,,
1784058270.173,217465000,45,1,3,0,10.0,25.0,10.0,25.0,9.413010597229004,25.49988555908203,-0.49988627433776855,34.85856246948242,50.1784782409668,0.0,0.0,0.0,1.0,1.0,0.0,1.016379714012146,0.5869888067245483,18.0,0.0,,,,,,,,,,,,,,,,,,,,,,,,,,,,,,,,,,,,,,
1784058270.173,217486000,46,2,255,0,,,,,,,,,,,,,,,,,,,,0.0,0.0,0.0,0.0,3.0,2.450000047683716,0.0,0.0,0.02894214540719986,-0.01664278469979763,0.04009612277150154,1.0,0.0,0.0,0.0,0.0,0.0,0.0,0.0,,,,,,,,,,,,,,,,,,,
1784058270.196,217499000,47,3,254,0,,,,,,,,,,,,,,,,,,,,,,,,,,,,,,,,,,,,,,,1.0,1.0,1.0,1.0,1.0,1.0,4.0,0.0,-1.4253249168395996,0.13703157007694244,0.04922187328338623,-0.004638254642486572,0.0,0.0,0.10689735412597656,0.0022852907422930002,-1.3761030435562134,0.13239331543445587,9.916897773742676
1784058270.289,217589000,52,1,0,0,10.0,25.0,10.0,25.0,9.262734413146973,25.33377456665039,-0.3337740898132324,33.81032943725586,43.906166076660156,0.0,0.0,0.0,1.0,1.0,0.0,-0.9766494631767273,0.7372647523880005,18.0,0.0,,,,,,,,,,,,,,,,,,,,,,,,,,,,,,,,,,,,,,
1784058270.321,217614000,53,1,1,0,10.0,25.0,10.0,25.0,9.27013874053955,25.132476806640625,-0.1324772834777832,43.50414276123047,47.669551849365234,0.0,0.0,0.0,1.0,1.0,0.0,1.2767820358276367,0.7298603653907776,18.0,0.0,,,,,,,,,,,,,,,,,,,,,,,,,,,,,,,,,,,,,,
1784058270.322,217640000,54,1,2,0,10.0,25.0,10.0,25.0,9.121933937072754,24.977561950683594,0.0224381685256958,47.449893951416016,46.83324432373047,0.0,0.0,0.0,1.0,1.0,0.0,-1.3897581100463867,0.878065824508667,18.0,0.0,,,,,,,,,,,,,,,,,,,,,,,,,,,,,,,,,,,,,,
1784058270.358,217661000,55,1,3,0,10.0,25.0,10.0,25.0,9.413969039916992,25.49911117553711,-0.4991114139556885,35.1230583190918,50.1784782409668,0.0,0.0,0.0,1.0,1.0,0.0,1.025136947631836,0.5860298871994019,18.0,0.0,,,,,,,,,,,,,,,,,,,,,,,,,,,,,,,,,,,,,,
1784058270.364,217674000,56,2,255,0,,,,,,,,,,,,,,,,,,,,0.0,0.0,0.0,0.0,3.0,2.450000047683716,0.0,0.0,0.02324342541396618,-0.00897391326725483,0.04006204381585121,1.0,0.0,0.0,0.0,0.0,0.0,0.0,0.0,,,,,,,,,,,,,,,,,,,
1784058270.380,217689000,57,3,254,0,,,,,,,,,,,,,,,,,,,,,,,,,,,,,,,,,,,,,,,1.0,1.0,1.0,1.0,1.0,1.0,4.0,0.0,-1.4253249168395996,0.13703157007694244,0.009795784950256348,-0.0012409985065460205,0.0,0.0,0.0637359619140625,0.006440293975174427,-1.4155291318893433,0.13579057157039642,9.746264457702637
1784058270.470,217795000,62,1,0,0,10.0,25.0,10.0,25.0,9.262467384338379,25.33530044555664,-0.3352999687194824,34.013526916503906,43.906166076660156,0.0,0.0,0.0,1.0,1.0,0.0,-0.9839737415313721,0.7375322580337524,18.0,0.0,,,,,,,,,,,,,,,,,,,,,,,,,,,,,,,,,,,,,,
1784058270.512,217814000,63,1,1,0,10.0,25.0,10.0,25.0,9.269378662109375,25.13275718688965,-0.13275742530822754,43.6285285949707,47.669551849365234,0.0,0.0,0.0,1.0,1.0,0.0,1.2807070016860962,0.7306203246116638,18.0,0.0,,,,,,,,,,,,,,,,,,,,,,,,,,,,,,,,,,,,,,
1784058270.527,217835000,64,1,2,0,10.0,25.0,10.0,25.0,9.120521545410156,24.97903060913086,0.020968914031982422,47.46428680419922,46.83324432373047,0.0,0.0,0.0,1.0,1.0,0.0,-1.3900120258331299,0.8794777393341064,18.0,0.0,,,,,,,,,,,,,,,,,,,,,,,,,,,,,,,,,,,,,,
1784058270.547,217853000,65,1,3,0,10.0,25.0,10.0,25.0,9.412717819213867,25.500465393066406,-0.5004644393920898,34.92087936401367,50.1784782409668,0.0,0.0,0.0,1.0,1.0,0.0,1.0184882879257202,0.5872815847396851,18.0,0.0,,,,,,,,,,,,,,,,,,,,,,,,,,,,,,,,,,,,,,
1784058270.551,217871000,66,2,255,0,,,,,,,,,,,,,,,,,,,,0.0,0.0,0.0,0.0,3.0,2.450000047683716,0.0,0.0,0.02980782836675644,-0.017479252070188522,0.040101949125528336,1.0,0.0,0.0,0.0,0.0,0.0,0.0,0.0,,,,,,,,,,,,,,,,,,,
1784058270.589,217892000,67,3,254,0,,,,,,,,,,,,,,,,,,,,,,,,,,,,,,,,,,,,,,,1.0,1.0,1.0,1.0,1.0,1.0,4.0,0.0,-1.4253249168395996,0.13703157007694244,-0.003844022750854492,0.0008106827735900879,0.0,0.0,0.04244232177734375,0.0081293024122715,-1.429168939590454,0.13784225285053253,9.767558097839355
1784058270.689,218001000,72,1,0,0,10.0,25.0,10.0,25.0,9.264678001403809,25.334857940673828,-0.33485889434814453,33.68033981323242,43.906166076660156,0.0,0.0,0.0,1.0,1.0,0.0,-0.9727031588554382,0.7353216409683228,18.0,0.0,,,,,,,,,,,,,,,,,,,,,,,,,,,,,,,,,,,,,,
1784058270.721,218015000,73,1,1,0,10.0,25.0,10.0,25.0,9.270803451538086,25.13226890563965,-0.13226866722106934,43.67882537841797,47.669551849365234,0.0,0.0,0.0,1.0,1.0,0.0,1.2826536893844604,0.729195773601532,18.0,0.0,,,,,,,,,,,,,,,,,,,,,,,,,,,,,,,,,,,,,,
1784058270.723,218030000,74,1,2,0,10.0,25.0,10.0,25.0,9.123974800109863,24.977298736572266,0.022701919078826904,47.48373031616211,46.83324432373047,0.0,0.0,0.0,1.0,1.0,0.0,-1.3908843994140625,0.8760243654251099,18.0,0.0,,,,,,,,,,,,,,,,,,,,,,,,,,,,,,,,,,,,,,
1784058270.740,218048000,75,1,3,0,10.0,25.0,10.0,25.0,9.414299964904785,25.500822067260742,-0.5008220672607422,34.90253829956055,50.1784782409668,0.0,0.0,0.0,1.0,1.0,0.0,1.0183135271072388,0.5856997966766357,18.0,0.0,,,,,,,,,,,,,,,,,,,,,,,,,,,,,,,,,,,,,,
1784058270.761,218066000,76,2,255,0,,,,,,,,,,,,,,,,,,,,0.0,0.0,0.0,0.0,3.0,2.450000047683716,0.0,0.0,0.0319412425160408,-0.02139570564031601,0.04011702910065651,1.0,0.0,0.0,0.0,0.0,0.0,0.0,0.0,,,,,,,,,,,,,,,,,,,
1784058270.783,218087000,77,3,254,0,,,,,,,,,,,,,,,,,,,,,,,,,,,,,,,,,,,,,,,1.0,1.0,1.0,1.0,1.0,1.0,4.0,0.0,-1.4253249168395996,0.13703157007694244,0.004291892051696777,-0.02378155291080475,0.0,0.0,0.013564109802246094,0.009550693444907665,-1.4210330247879028,0.1132500171661377,9.796436309814453
1784058270.886,218194000,82,1,0,0,10.0,25.0,10.0,25.0,9.26256275177002,25.33658218383789,-0.3365814685821533,33.624794006347656,43.906166076660156,0.0,0.0,0.0,1.0,1.0,0.0,-0.9709352850914001,0.7374368906021118,18.0,0.0,,,,,,,,,,,,,,,,,,,,,,,,,,,,,,,,,,,,,,
1784058270.899,218209000,83,1,1,0,10.0,25.0,10.0,25.0,9.270450592041016,25.131839752197266,-0.13183951377868652,43.675724029541016,47.669551849365234,0.0,0.0,0.0,1.0,1.0,0.0,1.2827861309051514,0.7295489311218262,18.0,0.0,,,,,,,,,,,,,,,,,,,,,,,,,,,,,,,,,,,,,,
1784058270.918,218226000,84,1,2,0,10.0,25.0,10.0,25.0,9.124947547912598,24.97646141052246,0.023537874221801758,47.51517105102539,46.83324432373047,0.0,0.0,0.0,1.0,1.0,0.0,-1.392186164855957,0.8750520944595337,18.0,0.0,,,,,,,,,,,,,,,,,,,,,,,,,,,,,,,,,,,,,,
1784058270.937,218243000,85,1,3,0,10.0,25.0,10.0,25.0,9.413414001464844,25.500213623046875,-0.5002140998840332,35.08009338378906,50.1784782409668,0.0,0.0,0.0,1.0,1.0,0.0,1.02396821975708,0.5865857005119324,18.0,0.0,,,,,,,,,,,,,,,,,,,,,,,,,,,,,,,,,,,,,,
1784058270.959,218263000,86,2,255,0,,,,,,,,,,,,,,,,,,,,0.0,0.0,0.0,0.0,3.0,2.450000047683716,0.0,0.0,0.04990407079458237,-0.011688540689647198,0.04028498753905296,1.0,0.0,0.0,0.0,0.0,0.0,0.0,0.0,,,,,,,,,,,,,,,,,,,
1784058270.987,218285000,87,3,254,0,,,,,,,,,,,,,,,,,,,,,,,,,,,,,,,,,,,,,,,1.0,1.0,1.0,1.0,1.0,1.0,4.0,0.0,-1.4253249168395996,0.13703157007694244,0.049311280250549316,-0.013767987489700317,0.0,0.0,0.03070354461669922,0.005517554935067892,-1.3760136365890503,0.12326358258724213,9.840703964233398
1784058271.078,218387000,92,1,0,0,10.0,25.0,10.0,25.0,9.261817932128906,25.335472106933594,-0.33547282218933105,33.633506774902344,43.906166076660156,0.0,0.0,0.0,1.0,1.0,0.0,-0.9714344143867493,0.7381819486618042,18.0,0.0,,,,,,,,,,,,,,,,,,,,,,,,,,,,,,,,,,,,,,
1784058271.098,218405000,93,1,1,0,10.0,25.0,10.0,25.0,9.269766807556152,25.13208770751953,-0.1320868730545044,43.527549743652344,47.669551849365234,0.0,0.0,0.0,1.0,1.0,0.0,1.277738094329834,0.7302321195602417,18.0,0.0,,,,,,,,,,,,,,,,,,,,,,,,,,,,,,,,,,,,,,
1784058271.098,218423000,94,1,2,0,10.0,25.0,10.0,25.0,9.124753952026367,24.97662925720215,0.023370981216430664,47.524078369140625,46.83324432373047,0.0,0.0,0.0,1.0,1.0,0.0,-1.3921679258346558,0.8752450346946716,18.0,0.0,,,,,,,,,,,,,,,,,,,,,,,,,,,,,,,,,,,,,,
1784058271.141,218444000,95,1,3,0,10.0,25.0,10.0,25.0,9.413778305053711,25.499608993530273,-0.499609112739563,35.01523208618164,50.1784782409668,0.0,0.0,0.0,1.0,1.0,0.0,1.0215157270431519,0.5862206220626831,18.0,0.0,,,,,,,,,,,,,,,,,,,,,,,,,,,,,,,,,,,,,,
1784058271.167,218468000,96,2,255,0,,,,,,,,,,,,,,,,,,,,0.0,0.0,0.0,0.0,3.0,2.450000047683716,0.0,0.0,0.0487961545586586,0.0054402900859713554,0.040272511541843414,1.0,0.0,0.0,0.0,0.0,0.0,0.0,0.0,,,,,,,,,,,,,,,,,,,
1784058271.195,218493000,97,3,254,0,,,,,,,,,,,,,,,,,,,,,,,,,,,,,,,,,,,,,,,1.0,1.0,1.0,1.0,1.0,1.0,4.0,0.0,-1.4253249168395996,0.13703157007694244,0.06605017185211182,-0.0027243494987487793,0.0,0.0,0.10820293426513672,0.007332673761993647,-1.3592747449874878,0.13430722057819366,9.918203353881836
1784058271.276,218582000,102,1,0,0,10.0,25.0,10.0,25.0,9.259263038635254,25.336801528930664,-0.33680200576782227,33.655845642089844,43.906166076660156,0.0,0.0,0.0,1.0,1.0,0.0,-0.9720922112464905,0.7407360076904297,18.0,0.0,,,,,,,,,,,,,,,,,,,,,,,,,,,,,,,,,,,,,,
1784058271.294,218600000,103,1,1,0,10.0,25.0,10.0,25.0,9.270332336425781,25.131977081298828,-0.13197660446166992,43.48993682861328,47.669551849365234,0.0,0.0,0.0,1.0,1.0,0.0,1.2762603759765625,0.7296666502952576,18.0,0.0,,,,,,,,,,,,,,,,,,,,,,,,,,,,,,,,,,,,,,
1784058271.314,218620000,104,1,2,0,10.0,25.0,10.0,25.0,9.121373176574707,24.97881507873535,0.021184980869293213,47.51589584350586,46.83324432373047,0.0,0.0,0.0,1.0,1.0,0.0,-1.3914176225662231,0.8786261081695557,18.0,0.0,,,,,,,,,,,,,,,,,,,,,,,,,,,,,,,,,,,,,,
1784058271.336,218640000,105,1,3,0,10.0,25.0,10.0,25.0,9.413519859313965,25.49876594543457,-0.4987657070159912,35.05752182006836,50.1784782409668,0.0,0.0,0.0,1.0,1.0,0.0,1.0230756998062134,0.5864791870117188,18.0,0.0,,,,,,,,,,,,,,,,,,,,,,,,,,,,,,,,,,,,,,
1784058271.361,218662000,106,2,255,0,,,,,,,,,,,,,,,,,,,,0.0,0.0,0.0,0.0,3.0,2.450000047683716,0.0,0.0,0.039472129195928574,0.008828644640743732,0.04017854109406471,1.0,0.0,0.0,0.0,0.0,0.0,0.0,0.0,,,,,,,,,,,,,,,,,,,
1784058271.388,218687000,107,3,254,0,,,,,,,,,,,,,,,,,,,,,,,,,,,,,,,,,,,,,,,1.0,1.0,1.0,1.0,1.0,1.0,4.0,0.0,-1.4253249168395996,0.13703157007694244,0.08110904693603516,0.014593064785003662,0.0,0.0,0.057254791259765625,0.0075329882092773914,-1.3442158699035645,0.1516246348619461,9.867255210876465
1784058271.472,218779000,112,1,0,0,10.0,25.0,10.0,25.0,9.260377883911133,25.334585189819336,-0.33458471298217773,33.64643859863281,43.906166076660156,0.0,0.0,0.0,1.0,1.0,0.0,-0.9715545773506165,0.7396214008331299,18.0,0.0,,,,,,,,,,,,,,,,,,,,,,,,,,,,,,,,,,,,,,
1784058271.508,218797000,113,1,1,0,10.0,25.0,10.0,25.0,9.269234657287598,25.13328742980957,-0.13328790664672852,43.528709411621094,47.669551849365234,0.0,0.0,0.0,1.0,1.0,0.0,1.2775603532791138,0.7307648658752441,18.0,0.0,,,,,,,,,,,,,,,,,,,,,,,,,,,,,,,,,,,,,,
1784058271.518,218818000,114,1,2,0,10.0,25.0,10.0,25.0,9.12056827545166,24.979063034057617,0.020936131477355957,47.53232192993164,46.83324432373047,0.0,0.0,0.0,1.0,1.0,0.0,-1.3920698165893555,0.8794314861297607,18.0,0.0,,,,,,,,,,,,,,,,,,,,,,,,,,,,,,,,,,,,,,
1784058271.541,218840000,115,1,3,0,10.0,25.0,10.0,25.0,9.412506103515625,25.499652862548828,-0.49965381622314453,34.913448333740234,50.1784782409668,0.0,0.0,0.0,1.0,1.0,0.0,1.0180515050888062,0.5874931812286377,18.0,0.0,,,,,,,,,,,,,,,,,,,,,,,,,,,,,,,,,,,,,,
1784058271.567,218865000,116,2,255,0,,,,,,,,,,,,,,,,,,,,0.0,0.0,0.0,0.0,3.0,2.450000047683716,0.0,0.0,0.040917932987213135,0.010405856184661388,0.04019182175397873,1.0,0.0,0.0,0.0,0.0,0.0,0.0,0.0,,,,,,,,,,,,,,,,,,,
1784058271.567,218891000,117,3,254,0,,,,,,,,,,,,,,,,,,,,,,,,,,,,,,,,,,,,,,,1.0,1.0,1.0,1.0,1.0,1.0,4.0,0.0,-1.4253249168395996,0.13703157007694244,0.07851898670196533,0.018749073147773743,0.0,0.0,0.049689292907714844,0.009581551887094975,-1.3468059301376343,0.1557806432247162,9.760311126708984
1784058271.671,218971000,122,1,0,0,10.0,25.0,10.0,25.0,9.2614107131958,25.335153579711914,-0.3351539373397827,33.72211837768555,43.906166076660156,0.0,0.0,0.0,1.0,1.0,0.0,-0.9738836288452148,0.7385886907577515,18.0,0.0,,,,,,,,,,,,,,,,,,,,,,,,,,,,,,,,,,,,,,
1784058271.704,218990000,123,1,1,0,10.0,25.0,10.0,25.0,9.269775390625,25.133085250854492,-0.1330852508544922,43.71781921386719,47.669551849365234,0.0,0.0,0.0,1.0,1.0,0.0,1.283849835395813,0.7302239537239075,18.0,0.0,,,,,,,,,,,,,,,,,,,,,,,,,,,,,,,,,,,,,,
1784058271.746,219011000,124,1,2,0,10.0,25.0,10.0,25.0,9.12227725982666,24.977874755859375,0.022125244140625,47.32755661010742,46.83324432373047,0.0,0.0,0.0,1.0,1.0,0.0,-1.3859041929244995,0.8777223825454712,18.0,0.0,,,,,,,,,,,,,,,,,,,,,,,,,,,,,,,,,,,,,,
1784058271.746,219034000,125,1,3,0,10.0,25.0,10.0,25.0,9.41270923614502,25.500476837158203,-0.5004763603210449,34.91204071044922,50.1784782409668,0.0,0.0,0.0,1.0,1.0,0.0,1.0179158449172974,0.5872898101806641,18.0,0.0,,,,,,,,,,,,,,,,,,,,,,,,,,,,,,,,,,,,,,
1784058271.763,219060000,126,2,255,0,,,,,,,,,,,,,,,,,,,,0.0,0.0,0.0,0.0,3.0,2.450000047683716,0.0,0.0,0.049795106053352356,0.006682623643428087,0.040283747017383575,1.0,0.0,0.0,0.0,0.0,0.0,0.0,0.0,,,,,,,,,,,,,,,,,,,
1784058271.776,219087000,127,3,254,0,,,,,,,,,,,,,,,,,,,,,,,,,,,,,,,,,,,,,,,1.0,1.0,1.0,1.0,1.0,1.0,4.0,0.0,-1.4253249168395996,0.13703157007694244,0.03549373149871826,0.012233227491378784,0.0,0.0,0.028858184814453125,0.007616111077368259,-1.3898311853408813,0.14926479756832123,9.838858604431152
1784058271.867,219170000,132,1,0,0,10.0,25.0,10.0,25.0,9.26479434967041,25.33438491821289,-0.3343850374221802,33.71516799926758,43.906166076660156,0.0,0.0,0.0,1.0,1.0,0.0,-0.9742044806480408,0.7352046966552734,18.0,0.0,,,,,,,,,,,,,,,,,,,,,,,,,,,,,,,,,,,,,,
1784058271.889,219191000,133,1,1,0,10.0,25.0,10.0,25.0,9.269128799438477,25.133275985717773,-0.13327598571777344,43.66413879394531,47.669551849365234,0.0,0.0,0.0,1.0,1.0,0.0,1.2818669080734253,0.7308706641197205,18.0,0.0,,,,,,,,,,,,,,,,,,,,,,,,,,,,,,,,,,,,,,
1784058271.913,219214000,134,1,2,0,10.0,25.0,10.0,25.0,9.123848915100098,24.977434158325195,0.02256631851196289,47.580284118652344,46.83324432373047,0.0,0.0,0.0,1.0,1.0,0.0,-1.393621802330017,0.8761502504348755,18.0,0.0,,,,,,,,,,,,,,,,,,,,,,,,,,,,,,,,,,,,,,
1784058271.942,219239000,135,1,3,0,10.0,25.0,10.0,25.0,9.412775993347168,25.500455856323242,-0.5004554986953735,34.924468994140625,50.1784782409668,0.0,0.0,0.0,1.0,1.0,0.0,1.0184335708618164,0.587223470211029,18.0,0.0,,,,,,,,,,,,,,,,,,,,,,,,,,,,,,,,,,,,,,
1784058271.945,219266000,136,2,255,0,,,,,,,,,,,,,,,,,,,,0.0,0.0,0.0,0.0,3.0,2.450000047683716,0.0,0.0,0.048256076872348785,-0.001612616702914238,0.04026653245091438,1.0,0.0,0.0,0.0,0.0,0.0,0.0,0.0,,,,,,,,,,,,,,,,,,,
1784058271.975,219287000,137,3,254,0,,,,,,,,,,,,,,,,,,,,,,,,,,,,,,,,,,,,,,,1.0,1.0,1.0,1.0,1.0,1.0,4.0,0.0,-1.4253249168395996,0.13703157007694244,0.01974940299987793,0.009903162717819214,0.0,0.0,0.03028392791748047,0.006573804188519716,-1.4055755138397217,0.14693473279476166,9.84028434753418
1784058272.063,219365000,142,1,0,0,10.0,25.0,10.0,25.0,9.265169143676758,25.33378028869629,-0.33378005027770996,33.65703582763672,43.906166076660156,0.0,0.0,0.0,1.0,1.0,0.0,-0.9723970890045166,0.7348299026489258,18.0,0.0,,,,,,,,,,,,,,,,,,,,,,,,,,,,,,,,,,,,,,
1784058272.100,219386000,143,1,1,0,10.0,25.0,10.0,25.0,9.26964282989502,25.13222312927246,-0.1322239637374878,43.83781433105469,47.669551849365234,0.0,0.0,0.0,1.0,1.0,0.0,1.2876993417739868,0.7303565740585327,18.0,0.0,,,,,,,,,,,,,,,,,,,,,,,,,,,,,,,,,,,,,,
1784058272.126,219409000,144,1,2,0,10.0,25.0,10.0,25.0,9.1251220703125,24.97600555419922,0.023993849754333496,47.72579574584961,46.83324432373047,0.0,0.0,0.0,1.0,1.0,0.0,-1.3990168571472168,0.8748776912689209,18.0,0.0,,,,,,,,,,,,,,,,,,,,,,,,,,,,,,,,,,,,,,
1784058272.153,219434000,145,1,3,0,10.0,25.0,10.0,25.0,9.414031028747559,25.500452041625977,-0.5004525184631348,34.93564987182617,50.1784782409668,0.0,0.0,0.0,1.0,1.0,0.0,1.0187290906906128,0.5859687924385071,18.0,0.0,,,,,,,,,,,,,,,,,,,,,,,,,,,,,,,,,,,,,,
1784058272.153,219460000,146,2,255,0,,,,,,,,,,,,,,,,,,,,0.0,0.0,0.0,0.0,3.0,2.450000047683716,0.0,0.0,0.04665104299783707,-0.006274279672652483,0.04024915024638176,1.0,0.0,0.0,0.0,0.0,0.0,0.0,0.0,,,,,,,,,,,,,,,,,,,
1784058272.172,219480000,147,3,254,0,,,,,,,,,,,,,,,,,,,,,,,,,,,,,,,,,,,,,,,1.0,1.0,1.0,1.0,1.0,1.0,4.0,0.0,-1.4253249168395996,0.13703157007694244,0.016849994659423828,-0.01102137565612793,0.0,0.0,0.12233352661132812,0.0017997059039771557,-1.4084749221801758,0.12601019442081451,9.932333946228027
1784058272.268,219560000,152,1,0,0,10.0,25.0,10.0,25.0,9.26228141784668,25.335777282714844,-0.33577680587768555,33.562618255615234,43.906166076660156,0.0,0.0,0.0,1.0,1.0,0.0,-0.9692970514297485,0.7377177476882935,18.0,0.0,,,,,,,,,,,,,,,,,,,,,,,,,,,,,,,,,,,,,,
1784058272.322,219582000,153,1,1,0,10.0,25.0,10.0,25.0,9.269903182983398,25.13294219970703,-0.13294219970703125,43.41155242919922,47.669551849365234,0.0,0.0,0.0,1.0,1.0,0.0,1.2741466760635376,0.7300958037376404,18.0,0.0,,,,,,,,,,,,,,,,,,,,,,,,,,,,,,,,,,,,,,
1784058272.322,219606000,154,1,2,0,10.0,25.0,10.0,25.0,9.125184059143066,24.975984573364258,0.024014711380004883,47.55901336669922,46.83324432373047,0.0,0.0,0.0,1.0,1.0,0.0,-1.3931292295455933,0.8748151063919067,18.0,0.0,,,,,,,,,,,,,,,,,,,,,,,,,,,,,,,,,,,,,,
1784058272.441,219631000,155,1,3,0,10.0,25.0,10.0,25.0,9.413080215454102,25.5008544921875,-0.5008548498153687,35.188934326171875,50.1784782409668,0.0,0.0,0.0,1.0,1.0,0.0,1.027433156967163,0.5869194865226746,18.0,0.0,,,,,,,,,,,,,,,,,,,,,,,,,,,,,,,,,,,,,,
1784058272.442,219657000,156,2,255,0,,,,,,,,,,,,,,,,,,,,0.0,0.0,0.0,0.0,3.0,2.450000047683716,0.0,0.0,0.04392952471971512,-0.017816469073295593,0.04022100940346718,1.0,0.0,0.0,0.0,0.0,0.0,0.0,0.0,,,,,,,,,,,,,,,,,,,
1784058272.442,219677000,157,3,254,0,,,,,,,,,,,,,,,,,,,,,,,,,,,,,,,,,,,,,,,1.0,1.0,1.0,1.0,1.0,1.0,4.0,0.0,-1.4253249168395996,0.13703157007694244,0.01646888256072998,-0.04175270348787308,0.0,0.0,0.03610992431640625,0.004990143235772848,-1.4088560342788696,0.09527886658906937,9.846110343933105
1784058272.478,219753000,162,1,0,0,10.0,25.0,10.0,25.0,9.260513305664062,25.335567474365234,-0.3355681896209717,33.606971740722656,43.906166076660156,0.0,0.0,0.0,1.0,1.0,0.0,-0.9704928398132324,0.7394865155220032,18.0,0.0,,,,,,,,,,,,,,,,,,,,,,,,,,,,,,,,,,,,,,
1784058272.518,219774000,163,1,1,0,10.0,25.0,10.0,25.0,9.269386291503906,25.132755279541016,-0.13275444507598877,43.72008514404297,47.669551849365234,0.0,0.0,0.0,1.0,1.0,0.0,1.2840840816497803,0.7306128740310669,18.0,0.0,,,,,,,,,,,,,,,,,,,,,,,,,,,,,,,,,,,,,,
1784058272.518,219797000,164,1,2,0,10.0,25.0,10.0,25.0,9.123544692993164,24.977933883666992,0.02206563949584961,47.45589828491211,46.83324432373047,0.0,0.0,0.0,1.0,1.0,0.0,-1.3900377750396729,0.87645423412323,18.0,0.0,,,,,,,,,,,,,,,,,,,,,,,,,,,,,,,,,,,,,,
1784058272.539,219822000,165,1,3,0,10.0,25.0,10.0,25.0,9.414013862609863,25.499135971069336,-0.49913525581359863,35.073787689208984,50.1784782409668,0.0,0.0,0.0,1.0,1.0,0.0,1.023362159729004,0.5859851837158203,18.0,0.0,,,,,,,,,,,,,,,,,,,,,,,,,,,,,,,,,,,,,,
1784058272.539,219848000,166,2,255,0,,,,,,,,,,,,,,,,,,,,0.0,0.0,0.0,0.0,3.0,2.450000047683716,0.0,0.0,0.033251892775297165,-0.02133757434785366,0.04012680798768997,1.0,0.0,0.0,0.0,0.0,0.0,0.0,0.0,,,,,,,,,,,,,,,,,,,
1784058272.557,219868000,167,3,254,0,,,,,,,,,,,,,,,,,,,,,,,,,,,,,,,,,,,,,,,1.0,1.0,1.0,1.0,1.0,1.0,4.0,0.0,-1.4253249168395996,0.13703157007694244,0.05115962028503418,-0.02274347096681595,0.0,0.0,0.022283554077148438,0.0037806425243616104,-1.3741652965545654,0.1142880991101265,9.832283973693848
1784058272.653,219952000,172,1,0,0,10.0,25.0,10.0,25.0,9.259856224060059,25.336626052856445,-0.33662617206573486,33.784950256347656,43.906166076660156,0.0,0.0,0.0,1.0,1.0,0.0,-0.9760648608207703,0.7401429414749146,18.0,0.0,,,,,,,,,,,,,,,,,,,,,,,,,,,,,,,,,,,,,,
1784058272.678,219974000,173,1,1,0,10.0,25.0,10.0,25.0,9.268956184387207,25.13338279724121,-0.13338327407836914,43.59077072143555,47.669551849365234,0.0,0.0,0.0,1.0,1.0,0.0,1.280025601387024,0.7310435175895691,18.0,0.0,,,,,,,,,,,,,,,,,,,,,,,,,,,,,,,,,,,,,,
1784058272.704,219999000,174,1,2,0,10.0,25.0,10.0,25.0,9.121322631835938,24.978788375854492,0.02121180295944214,47.46508026123047,46.83324432373047,0.0,0.0,0.0,1.0,1.0,0.0,-1.390007495880127,0.8786767721176147,18.0,0.0,,,,,,,,,,,,,,,,,,,,,,,,,,,,,,,,,,,,,,
1784058272.704,220027000,175,1,3,0,10.0,25.0,10.0,25.0,9.41268253326416,25.500524520874023,-0.5005240440368652,35.106651306152344,50.1784782409668,0.0,0.0,0.0,1.0,1.0,0.0,1.0244981050491333,0.587316632270813,18.0,0.0,,,,,,,,,,,,,,,,,,,,,,,,,,,,,,,,,,,,,,
1784058272.736,220048000,176,2,255,0,,,,,,,,,,,,,,,,,,,,0.0,0.0,0.0,0.0,3.0,2.450000047683716,0.0,0.0,0.030545689165592194,-0.013118133880198002,0.04010704904794693,1.0,0.0,0.0,0.0,0.0,0.0,0.0,0.0,,,,,,,,,,,,,,,,,,,
1784058272.753,220061000,177,3,254,0,,,,,,,,,,,,,,,,,,,,,,,,,,,,,,,,,,,,,,,1.0,1.0,1.0,1.0,1.0,1.0,4.0,0.0,-1.4253249168395996,0.13703157007694244,0.04949760437011719,-0.012038826942443848,0.0,0.0,0.03475475311279297,0.0032158559188246727,-1.3758273124694824,0.1249927431344986,9.775245666503906
1784058272.870,220155000,182,1,0,0,10.0,25.0,10.0,25.0,9.259521484375,25.335411071777344,-0.3354102373123169,33.606224060058594,43.906166076660156,0.0,0.0,0.0,1.0,1.0,0.0,-0.9698525071144104,0.740477442741394,18.0,0.0,,,,,,,,,,,,,,,,,,,,,,,,,,,,,,,,,,,,,,
1784058272.956,220181000,183,1,1,0,10.0,25.0,10.0,25.0,9.270207405090332,25.13335418701172,-0.13335347175598145,43.53409194946289,47.669551849365234,0.0,0.0,0.0,1.0,1.0,0.0,1.2781257629394531,0.7297918200492859,18.0,0.0,,,,,,,,,,,,,,,,,,,,,,,,,,,,,,,,,,,,,,
1784058272.957,220207000,184,1,2,0,10.0,25.0,10.0,25.0,9.121474266052246,24.978256225585938,0.0217437744140625,47.636165618896484,46.83324432373047,0.0,0.0,0.0,1.0,1.0,0.0,-1.3958760499954224,0.8785247802734375,18.0,0.0,,,,,,,,,,,,,,,,,,,,,,,,,,,,,,,,,,,,,,
1784058272.978,220234000,185,1,3,0,10.0,25.0,10.0,25.0,9.412779808044434,25.500446319580078,-0.5004465579986572,34.90724182128906,50.1784782409668,0.0,0.0,0.0,1.0,1.0,0.0,1.0180199146270752,0.5872197151184082,18.0,0.0,,,,,,,,,,,,,,,,,,,,,,,,,,,,,,,,,,,,,,
1784058272.985,220255000,186,2,255,0,,,,,,,,,,,,,,,,,,,,0.0,0.0,0.0,0.0,3.0,2.450000047683716,0.0,0.0,0.02052450180053711,-0.0092984139919281,0.04004839435219765,1.0,0.0,0.0,0.0,0.0,0.0,0.0,0.0,,,,,,,,,,,,,,,,,,,
1784058272.987,220267000,187,3,254,0,,,,,,,,,,,,,,,,,,,,,,,,,,,,,,,,,,,,,,,1.0,1.0,1.0,1.0,1.0,1.0,4.0,0.0,-1.4253249168395996,0.13703157007694244,0.0433424711227417,-0.009782776236534119,0.0,0.0,0.1138153076171875,0.01153386291116476,-1.381982445716858,0.12724879384040833,9.923815727233887
1784058273.060,220357000,192,1,0,0,10.0,25.0,10.0,25.0,9.261998176574707,25.333993911743164,-0.33399462699890137,33.57900619506836,43.906166076660156,0.0,0.0,0.0,1.0,1.0,0.0,-0.9695338606834412,0.7380015850067139,18.0,0.0,,,,,,,,,,,,,,,,,,,,,,,,,,,,,,,,,,,,,,
1784058273.086,220382000,193,1,1,0,10.0,25.0,10.0,25.0,9.270824432373047,25.132226943969727,-0.13222694396972656,43.610294342041016,47.669551849365234,0.0,0.0,0.0,1.0,1.0,0.0,1.2807286977767944,0.7291749119758606,18.0,0.0,,,,,,,,,,,,,,,,,,,,,,,,,,,,,,,,,,,,,,
1784058273.118,220407000,194,1,2,0,10.0,25.0,10.0,25.0,9.121383666992188,24.97866439819336,0.021335482597351074,47.32456970214844,46.83324432373047,0.0,0.0,0.0,1.0,1.0,0.0,-1.386030912399292,0.87861567735672,18.0,0.0,,,,,,,,,,,,,,,,,,,,,,,,,,,,,,,,,,,,,,
1784058273.118,220434000,195,1,3,0,10.0,25.0,10.0,25.0,9.41270923614502,25.500476837158203,-0.5004763603210449,34.94189453125,50.1784782409668,0.0,0.0,0.0,1.0,1.0,0.0,1.019112229347229,0.5872898101806641,18.0,0.0,,,,,,,,,,,,,,,,,,,,,,,,,,,,,,,,,,,,,,
1784058273.150,220455000,196,2,255,0,,,,,,,,,,,,,,,,,,,,0.0,0.0,0.0,0.0,3.0,2.450000047683716,0.0,0.0,0.018749987706542015,-0.009191357530653477,0.04004039615392685,1.0,0.0,0.0,0.0,0.0,0.0,0.0,0.0,,,,,,,,,,,,,,,,,,,
1784058273.162,220467000,197,3,254,0,,,,,,,,,,,,,,,,,,,,,,,,,,,,,,,,,,,,,,,1.0,1.0,1.0,1.0,1.0,1.0,4.0,0.0,-1.4253249168395996,0.13703157007694244,0.02530038356781006,-0.0020571649074554443,0.0,0.0,0.10769462585449219,0.012395793572068214,-1.4000245332717896,0.134974405169487,9.917695045471191
1784058273.273,220561000,202,1,0,0,10.0,25.0,10.0,25.0,9.262606620788574,25.33513832092285,-0.33513903617858887,33.67839431762695,43.906166076660156,0.0,0.0,0.0,1.0,1.0,0.0,-0.9729911088943481,0.7373929023742676,18.0,0.0,,,,,,,,,,,,,,,,,,,,,,,,,,,,,,,,,,,,,,
1784058273.291,220587000,203,1,1,0,10.0,25.0,10.0,25.0,9.269364356994629,25.132810592651367,-0.1328110694885254,43.72333908081055,47.669551849365234,0.0,0.0,0.0,1.0,1.0,0.0,1.2841123342514038,0.7306352257728577,18.0,0.0,,,,,,,,,,,,,,,,,,,,,,,,,,,,,,,,,,,,,,
1784058273.320,220613000,204,1,2,0,10.0,25.0,10.0,25.0,9.123022079467773,24.97772789001465,0.022271275520324707,47.4437141418457,46.83324432373047,0.0,0.0,0.0,1.0,1.0,0.0,-1.3896939754486084,0.8769773244857788,18.0,0.0,,,,,,,,,,,,,,,,,,,,,,,,,,,,,,,,,,,,,,
1784058273.321,220633000,205,1,3,0,10.0,25.0,10.0,25.0,9.411248207092285,25.501012802124023,-0.5010128021240234,34.95861053466797,50.1784782409668,0.0,0.0,0.0,1.0,1.0,0.0,1.0195411443710327,0.5887508392333984,18.0,0.0,,,,,,,,,,,,,,,,,,,,,,,,,,,,,,,,,,,,,,
1784058273.337,220646000,206,2,255,0,,,,,,,,,,,,,,,,,,,,0.0,0.0,0.0,0.0,3.0,2.450000047683716,0.0,0.0,0.013191317208111286,-0.01673753932118416,0.04003220051527023,1.0,0.0,0.0,0.0,0.0,0.0,0.0,0.0,,,,,,,,,,,,,,,,,,,
1784058273.361,220660000,207,3,254,0,,,,,,,,,,,,,,,,,,,,,,,,,,,,,,,,,,,,,,,1.0,1.0,1.0,1.0,1.0,1.0,4.0,0.0,-1.4253249168395996,0.13703157007694244,-0.0023363828659057617,-0.001348242163658142,0.0,0.0,0.1142873764038086,0.005300293210893869,-1.4276612997055054,0.1356833279132843,9.924287796020508
1784058273.442,220765000,212,1,0,0,10.0,25.0,10.0,25.0,9.262203216552734,25.335811614990234,-0.3358125686645508,33.71866989135742,43.906166076660156,0.0,0.0,0.0,1.0,1.0,0.0,-0.9742836952209473,0.7377959489822388,18.0,0.0,,,,,,,,,,,,,,,,,,,,,,,,,,,,,,,,,,,,,,
1784058273.484,220791000,213,1,1,0,10.0,25.0,10.0,25.0,9.270561218261719,25.13274574279785,-0.13274550437927246,43.511924743652344,47.669551849365234,0.0,0.0,0.0,1.0,1.0,0.0,1.2774511575698853,0.7294386625289917,18.0,0.0,,,,,,,,,,,,,,,,,,,,,,,,,,,,,,,,,,,,,,
1784058273.504,220811000,214,1,2,0,10.0,25.0,10.0,25.0,9.121892929077148,24.97762107849121,0.02237856388092041,47.56895446777344,46.83324432373047,0.0,0.0,0.0,1.0,1.0,0.0,-1.3934736251831055,0.8781068325042725,18.0,0.0,,,,,,,,,,,,,,,,,,,,,,,,,,,,,,,,,,,,,,
1784058273.519,220823000,215,1,3,0,10.0,25.0,10.0,25.0,9.41261100769043,25.50055694580078,-0.5005568265914917,35.037532806396484,50.1784782409668,0.0,0.0,0.0,1.0,1.0,0.0,1.022416114807129,0.5873881578445435,18.0,0.0,,,,,,,,,,,,,,,,,,,,,,,,,,,,,,,,,,,,,,
1784058273.532,220837000,216,2,255,0,,,,,,,,,,,,,,,,,,,,0.0,0.0,0.0,0.0,3.0,2.450000047683716,0.0,0.0,0.01952393539249897,-0.023752201348543167,0.04006478562951088,1.0,0.0,0.0,0.0,0.0,0.0,0.0,0.0,,,,,,,,,,,,,,,,,,,
1784058273.550,220852000,217,3,254,0,,,,,,,,,,,,,,,,,,,,,,,,,,,,,,,,,,,,,,,1.0,1.0,1.0,1.0,1.0,1.0,4.0,0.0,-1.4253249168395996,0.13703157007694244,-0.0007538795471191406,-0.020610980689525604,0.0,0.0,0.06307125091552734,0.005062202922999859,-1.4260787963867188,0.11642058938741684,9.746929168701172
1784058273.641,220963000,222,1,0,0,10.0,25.0,10.0,25.0,9.265568733215332,25.334108352661133,-0.3341078758239746,33.59505081176758,43.906166076660156,0.0,0.0,0.0,1.0,1.0,0.0,-0.970812201499939,0.7344305515289307,18.0,0.0,,,,,,,,,,,,,,,,,,,,,,,,,,,,,,,,,,,,,,
1784058273.674,220984000,223,1,1,0,10.0,25.0,10.0,25.0,9.269421577453613,25.132692337036133,-0.1326918601989746,43.53827667236328,47.669551849365234,0.0,0.0,0.0,1.0,1.0,0.0,1.277981162071228,0.730577826499939,18.0,0.0,,,,,,,,,,,,,,,,,,,,,,,,,,,,,,,,,,,,,,
1784058273.694,220998000,224,1,2,0,10.0,25.0,10.0,25.0,9.124147415161133,24.97684097290039,0.023159384727478027,47.63576126098633,46.83324432373047,0.0,0.0,0.0,1.0,1.0,0.0,-1.3959259986877441,0.8758522272109985,18.0,0.0,,,,,,,,,,,,,,,,,,,,,,,,,,,,,,,,,,,,,,
1784058273.714,221014000,225,1,3,0,10.0,25.0,10.0,25.0,9.413291931152344,25.500682830810547,-0.50068199634552,34.794395446777344,50.1784782409668,0.0,0.0,0.0,1.0,1.0,0.0,1.0142158269882202,0.5867078900337219,18.0,0.0,,,,,,,,,,,,,,,,,,,,,,,,,,,,,,,,,,,,,,
1784058273.729,221031000,226,2,255,0,,,,,,,,,,,,,,,,,,,,0.0,0.0,0.0,0.0,3.0,2.450000047683716,0.0,0.0,0.03272147476673126,-0.027261856943368912,0.040122803300619125,1.0,0.0,0.0,0.0,0.0,0.0,0.0,0.0,,,,,,,,,,,,,,,,,,,
1784058273.747,221050000,227,3,254,0,,,,,,,,,,,,,,,,,,,,,,,,,,,,,,,,,,,,,,,1.0,1.0,1.0,1.0,1.0,1.0,4.0,0.0,-1.4253249168395996,0.13703157007694244,0.017415881156921387,-0.04700931906700134,0.0,0.0,0.03363800048828125,0.0074746566824615,-1.4079090356826782,0.0900222510099411,9.776362419128418
1784058273.858,221166000,232,1,0,0,10.0,25.0,10.0,25.0,9.265070915222168,25.333864212036133,-0.3338634967803955,33.714359283447266,43.906166076660156,0.0,0.0,0.0,1.0,1.0,0.0,-0.9741804599761963,0.7349282503128052,18.0,0.0,,,,,,,,,,,,,,,,,,,,,,,,,,,,,,,,,,,,,,
1784058273.883,221179000,233,1,1,0,10.0,25.0,10.0,25.0,9.27137565612793,25.131114959716797,-0.13111531734466553,43.7188835144043,47.669551849365234,0.0,0.0,0.0,1.0,1.0,0.0,1.2840708494186401,0.7286235690116882,18.0,0.0,,,,,,,,,,,,,,,,,,,,,,,,,,,,,,,,,,,,,,
1784058273.888,221194000,234,1,2,0,10.0,25.0,10.0,25.0,9.123974800109863,24.977298736572266,0.022701919078826904,47.73173522949219,46.83324432373047,0.0,0.0,0.0,1.0,1.0,0.0,-1.3991281986236572,0.8760243654251099,18.0,0.0,,,,,,,,,,,,,,,,,,,,,,,,,,,,,,,,,,,,,,
1784058273.906,221211000,235,1,3,0,10.0,25.0,10.0,25.0,9.413833618164062,25.499635696411133,-0.4996359348297119,34.98626708984375,50.1784782409668,0.0,0.0,0.0,1.0,1.0,0.0,1.0204201936721802,0.5861654877662659,18.0,0.0,,,,,,,,,,,,,,,,,,,,,,,,,,,,,,,,,,,,,,
1784058273.927,221229000,236,2,255,0,,,,,,,,,,,,,,,,,,,,0.0,0.0,0.0,0.0,3.0,2.450000047683716,0.0,0.0,0.039536867290735245,-0.027523111552000046,0.04017912596464157,1.0,0.0,0.0,0.0,0.0,0.0,0.0,0.0,,,,,,,,,,,,,,,,,,,
1784058273.954,221249000,237,3,254,0,,,,,,,,,,,,,,,,,,,,,,,,,,,,,,,,,,,,,,,1.0,1.0,1.0,1.0,1.0,1.0,4.0,0.0,-1.4253249168395996,0.13703157007694244,0.052437424659729004,-0.03937926143407822,0.0,0.0,0.028734207153320312,0.002537900349125266,-1.3728874921798706,0.09765230864286423,9.83873462677002
1784058274.062,221357000,242,1,0,0,10.0,25.0,10.0,25.0,9.259709358215332,25.33715057373047,-0.3371506929397583,33.528072357177734,43.906166076660156,0.0,0.0,0.0,1.0,1.0,0.0,-0.9678493738174438,0.7402896881103516,18.0,0.0,,,,,,,,,,,,,,,,,,,,,,,,,,,,,,,,,,,,,,
1784058274.074,221373000,243,1,1,0,10.0,25.0,10.0,25.0,9.270620346069336,25.131399154663086,-0.13139843940734863,43.77096176147461,47.669551849365234,0.0,0.0,0.0,1.0,1.0,0.0,1.2855911254882812,0.7293790578842163,18.0,0.0,,,,,,,,,,,,,,,,,,,,,,,,,,,,,,,,,,,,,,
1784058274.099,221390000,244,1,2,0,10.0,25.0,10.0,25.0,9.121429443359375,24.978700637817383,0.02129971981048584,47.47526168823242,46.83324432373047,0.0,0.0,0.0,1.0,1.0,0.0,-1.390220046043396,0.878569483757019,18.0,0.0,,,,,,,,,,,,,,,,,,,,,,,,,,,,,,,,,,,,,,
1784058274.114,221409000,245,1,3,0,10.0,25.0,10.0,25.0,9.413434982299805,25.500160217285156,-0.5001604557037354,34.888511657714844,50.1784782409668,0.0,0.0,0.0,1.0,1.0,0.0,1.0176024436950684,0.586564838886261,18.0,0.0,,,,,,,,,,,,,,,,,,,,,,,,,,,,,,,,,,,,,,
1784058274.136,221430000,246,2,255,0,,,,,,,,,,,,,,,,,,,,0.0,0.0,0.0,0.0,3.0,2.450000047683716,0.0,0.0,0.03698844835162163,-0.02042134664952755,0.040156833827495575,1.0,0.0,0.0,0.0,0.0,0.0,0.0,0.0,,,,,,,,,,,,,,,,,,,
1784058274.164,221453000,247,3,254,0,,,,,,,,,,,,,,,,,,,,,,,,,,,,,,,,,,,,,,,1.0,1.0,1.0,1.0,1.0,1.0,4.0,0.0,-1.4253249168395996,0.13703157007694244,0.06114614009857178,-0.01657220721244812,0.0,0.0,0.10834693908691406,0.013589234091341496,-1.3641787767410278,0.12045936286449432,9.918347358703613
1784058274.255,221553000,252,1,0,0,10.0,25.0,10.0,25.0,9.26008415222168,25.33516502380371,-0.3351658582687378,33.70720672607422,43.906166076660156,0.0,0.0,0.0,1.0,1.0,0.0,-0.9734014272689819,0.7399148941040039,18.0,0.0,,,,,,,,,,,,,,,,,,,,,,,,,,,,,,,,,,,,,,
1784058274.280,221570000,253,1,1,0,10.0,25.0,10.0,25.0,9.269386291503906,25.132755279541016,-0.13275444507598877,43.73084259033203,47.669551849365234,0.0,0.0,0.0,1.0,1.0,0.0,1.2842079401016235,0.7306128740310669,18.0,0.0,,,,,,,,,,,,,,,,,,,,,,,,,,,,,,,,,,,,,,
1784058274.285,221589000,254,1,2,0,10.0,25.0,10.0,25.0,9.122057914733887,24.977170944213867,0.02282857894897461,47.66017150878906,46.83324432373047,0.0,0.0,0.0,1.0,1.0,0.0,-1.3965599536895752,0.877941370010376,18.0,0.0,,,,,,,,,,,,,,,,,,,,,,,,,,,,,,,,,,,,,,
1784058274.310,221609000,255,1,3,0,10.0,25.0,10.0,25.0,9.412930488586426,25.499921798706055,-0.4999220371246338,35.02523422241211,50.1784782409668,0.0,0.0,0.0,1.0,1.0,0.0,1.0218098163604736,0.5870692729949951,18.0,0.0,,,,,,,,,,,,,,,,,,,,,,,,,,,,,,,,,,,,,,
1784058274.331,221630000,0,2,255,0,,,,,,,,,,,,,,,,,,,,0.0,0.0,0.0,0.0,3.0,2.450000047683716,0.0,0.0,0.018688620999455452,-0.00942540355026722,0.04004013538360596,1.0,0.0,0.0,0.0,0.0,0.0,0.0,0.0,,,,,,,,,,,,,,,,,,,
1784058274.353,221653000,1,3,254,0,,,,,,,,,,,,,,,,,,,,,,,,,,,,,,,,,,,,,,,1.0,1.0,1.0,1.0,1.0,1.0,4.0,0.0,-1.4253249168395996,0.13703157007694244,0.040792226791381836,4.6119093894958496e-05,0.0,0.0,0.0281829833984375,0.014550278894603252,-1.3845326900482178,0.1370776891708374,9.781817436218262
1784058274.463,221751000,6,1,0,0,10.0,25.0,10.0,25.0,9.260529518127441,25.335424423217773,-0.33542513847351074,33.617637634277344,43.906166076660156,0.0,0.0,0.0,1.0,1.0,0.0,-0.9706876873970032,0.7394701242446899,18.0,0.0,,,,,,,,,,,,,,,,,,,,,,,,,,,,,,,,,,,,,,
1784058274.504,221768000,7,1,1,0,10.0,25.0,10.0,25.0,9.269094467163086,25.13334083557129,-0.13334155082702637,43.58510971069336,47.669551849365234,0.0,0.0,0.0,1.0,1.0,0.0,1.2796618938446045,0.7309049367904663,18.0,0.0,,,,,,,,,,,,,,,,,,,,,,,,,,,,,,,,,,,,,,
1784058274.504,221787000,8,1,2,0,10.0,25.0,10.0,25.0,9.12138843536377,24.978666305541992,0.02133399248123169,47.23923110961914,46.83324432373047,0.0,0.0,0.0,1.0,1.0,0.0,-1.3827961683273315,0.8786112070083618,18.0,0.0,,,,,,,,,,,,,,,,,,,,,,,,,,,,,,,,,,,,,,
1784058274.522,221809000,9,1,3,0,10.0,25.0,10.0,25.0,9.412636756896973,25.5004940032959,-0.5004942417144775,34.917022705078125,50.1784782409668,0.0,0.0,0.0,1.0,1.0,0.0,1.018507480621338,0.5873627662658691,18.0,0.0,,,,,,,,,,,,,,,,,,,,,,,,,,,,,,,,,,,,,,
1784058274.566,221832000,10,2,255,0,,,,,,,,,,,,,,,,,,,,0.0,0.0,0.0,0.0,3.0,2.450000047683716,0.0,0.0,0.015550464391708374,-0.018939757719635963,0.04004121944308281,1.0,0.0,0.0,0.0,0.0,0.0,0.0,0.0,,,,,,,,,,,,,,,,,,,
1784058274.566,221857000,11,3,254,0,,,,,,,,,,,,,,,,,,,,,,,,,,,,,,,,,,,,,,,1.0,1.0,1.0,1.0,1.0,1.0,4.0,0.0,-1.4253249168395996,0.13703157007694244,0.027096152305603027,-0.004993066191673279,0.0,0.0,0.06441116333007812,0.014671013690531254,-1.3982287645339966,0.13203850388526917,9.874411582946777
1784058274.650,221946000,16,1,0,0,10.0,25.0,10.0,25.0,9.260979652404785,25.33487892150879,-0.3348797559738159,33.71049118041992,43.906166076660156,0.0,0.0,0.0,1.0,1.0,0.0,-0.9735886454582214,0.7390193939208984,18.0,0.0,,,,,,,,,,,,,,,,,,,,,,,,,,,,,,,,,,,,,,
1784058274.667,221964000,17,1,1,0,10.0,25.0,10.0,25.0,9.26935863494873,25.132810592651367,-0.1328110694885254,43.624290466308594,47.669551849365234,0.0,0.0,0.0,1.0,1.0,0.0,1.2805944681167603,0.7306411862373352,18.0,0.0,,,,,,,,,,,,,,,,,,,,,,,,,,,,,,,,,,,,,,
1784058274.684,221985000,18,1,2,0,10.0,25.0,10.0,25.0,9.121321678161621,24.97878074645996,0.021219253540039062,47.44872283935547,46.83324432373047,0.0,0.0,0.0,1.0,1.0,0.0,-1.389503002166748,0.878677487373352,18.0,0.0,,,,,,,,,,,,,,,,,,,,,,,,,,,,,,,,,,,,,,
1784058274.711,222008000,19,1,3,0,10.0,25.0,10.0,25.0,9.41208267211914,25.50070571899414,-0.5007058382034302,34.92578887939453,50.1784782409668,0.0,0.0,0.0,1.0,1.0,0.0,1.0184253454208374,0.5879170894622803,18.0,0.0,,,,,,,,,,,,,,,,,,,,,,,,,,,,,,,,,,,,,,
1784058274.743,222032000,20,2,255,0,,,,,,,,,,,,,,,,,,,,0.0,0.0,0.0,0.0,3.0,2.450000047683716,0.0,0.0,0.025996193289756775,-0.0209406279027462,0.040077582001686096,1.0,0.0,0.0,0.0,0.0,0.0,0.0,0.0,,,,,,,,,,,,,,,,,,,
1784058274.744,222058000,21,3,254,0,,,,,,,,,,,,,,,,,,,,,,,,,,,,,,,,,,,,,,,1.0,1.0,1.0,1.0,1.0,1.0,4.0,0.0,-1.4253249168395996,0.13703157007694244,0.0115814208984375,0.0025188028812408447,0.0,0.0,0.04311180114746094,0.010384805500507355,-1.413743495941162,0.1395503729581833,9.85311222076416
1784058274.831,222136000,26,1,0,0,10.0,25.0,10.0,25.0,9.263043403625488,25.334510803222656,-0.3345102071762085,33.519168853759766,43.906166076660156,0.0,0.0,0.0,1.0,1.0,0.0,-0.9676803946495056,0.7369562983512878,18.0,0.0,,,,,,,,,,,,,,,,,,,,,,,,,,,,,,,,,,,,,,
1784058274.853,222153000,27,1,1,0,10.0,25.0,10.0,25.0,9.270073890686035,25.132495880126953,-0.13249516487121582,43.59650421142578,47.669551849365234,0.0,0.0,0.0,1.0,1.0,0.0,1.280095100402832,0.7299259305000305,18.0,0.0,,,,,,,,,,,,,,,,,,,,,,,,,,,,,,,,,,,,,,
1784058274.873,222173000,28,1,2,0,10.0,25.0,10.0,25.0,9.124074935913086,24.976869583129883,0.023129582405090332,47.562252044677734,46.83324432373047,0.0,0.0,0.0,1.0,1.0,0.0,-1.3934253454208374,0.8759245276451111,18.0,0.0,,,,,,,,,,,,,,,,,,,,,,,,,,,,,,,,,,,,,,
1784058274.899,222194000,29,1,3,0,10.0,25.0,10.0,25.0,9.41236686706543,25.50102424621582,-0.5010247230529785,34.943912506103516,50.1784782409668,0.0,0.0,0.0,1.0,1.0,0.0,1.0194305181503296,0.5876325368881226,18.0,0.0,,,,,,,,,,,,,,,,,,,,,,,,,,,,,,,,,,,,,,
1784058274.940,222217000,30,2,255,0,,,,,,,,,,,,,,,,,,,,0.0,0.0,0.0,0.0,3.0,2.450000047683716,0.0,0.0,0.032858915627002716,-0.021446051076054573,0.0401238352060318,1.0,0.0,0.0,0.0,0.0,0.0,0.0,0.0,,,,,,,,,,,,,,,,,,,
1784058274.952,222241000,31,3,254,0,,,,,,,,,,,,,,,,,,,,,,,,,,,,,,,,,,,,,,,1.0,1.0,1.0,1.0,1.0,1.0,4.0,0.0,-1.4253249168395996,0.13703157007694244,0.008009791374206543,-0.01589769870042801,0.0,0.0,0.023281097412109375,0.008469413965940475,-1.417315125465393,0.12113387137651443,9.833281517028809
1784058275.029,222330000,36,1,0,0,10.0,25.0,10.0,25.0,9.262696266174316,25.3352108001709,-0.33521056175231934,33.745384216308594,43.906166076660156,0.0,0.0,0.0,1.0,1.0,0.0,-0.974826991558075,0.7373034954071045,18.0,0.0,,,,,,,,,,,,,,,,,,,,,,,,,,,,,,,,,,,,,,
1784058275.046,222348000,37,1,1,0,10.0,25.0,10.0,25.0,9.269375801086426,25.13275146484375,-0.13275146484375,43.76324462890625,47.669551849365234,0.0,0.0,0.0,1.0,1.0,0.0,1.285285234451294,0.7306233048439026,18.0,0.0,,,,,,,,,,,,,,,,,,,,,,,,,,,,,,,,,,,,,,
1784058275.075,222367000,38,1,2,0,10.0,25.0,10.0,25.0,9.123498916625977,24.977031707763672,0.022968649864196777,47.56663131713867,46.83324432373047,0.0,0.0,0.0,1.0,1.0,0.0,-1.3935710191726685,0.8765004873275757,18.0,0.0,,,,,,,,,,,,,,,,,,,,,,,,,,,,,,,,,,,,,,
1784058275.112,222389000,39,1,3,0,10.0,25.0,10.0,25.0,9.412590026855469,25.5006103515625,-0.5006104707717896,35.136802673339844,50.1784782409668,0.0,0.0,0.0,1.0,1.0,0.0,1.025707483291626,0.5874090194702148,18.0,0.0,,,,,,,,,,,,,,,,,,,,,,,,,,,,,,,,,,,,,,
1784058275.122,222414000,40,2,255,0,,,,,,,,,,,,,,,,,,,,0.0,0.0,0.0,0.0,3.0,2.450000047683716,0.0,0.0,0.03726935759186745,-0.01574445702135563,0.04015921801328659,1.0,0.0,0.0,0.0,0.0,0.0,0.0,0.0,,,,,,,,,,,,,,,,,,,
1784058275.122,222440000,41,3,254,0,,,,,,,,,,,,,,,,,,,,,,,,,,,,,,,,,,,,,,,1.0,1.0,1.0,1.0,1.0,1.0,4.0,0.0,-1.4253249168395996,0.13703157007694244,0.028896450996398926,-0.015483655035495758,0.0,0.0,0.1348896026611328,0.007626581005752087,-1.3964284658432007,0.12154791504144669,9.675110816955566
1784058275.221,222525000,46,1,0,0,10.0,25.0,10.0,25.0,9.260186195373535,25.337446212768555,-0.3374457359313965,33.630226135253906,43.906166076660156,0.0,0.0,0.0,1.0,1.0,0.0,-0.9709746837615967,0.7398128509521484,18.0,0.0,,,,,,,,,,,,,,,,,,,,,,,,,,,,,,,,,,,,,,
1784058275.245,222545000,47,1,1,0,10.0,25.0,10.0,25.0,9.269694328308105,25.132122039794922,-0.13212263584136963,43.51313400268555,47.669551849365234,0.0,0.0,0.0,1.0,1.0,0.0,1.2775582075119019,0.7303051948547363,18.0,0.0,,,,,,,,,,,,,,,,,,,,,,,,,,,,,,,,,,,,,,
1784058275.269,222567000,48,1,2,0,10.0,25.0,10.0,25.0,9.123178482055664,24.977542877197266,0.022457540035247803,47.38843536376953,46.83324432373047,0.0,0.0,0.0,1.0,1.0,0.0,-1.3882501125335693,0.8768208026885986,18.0,0.0,,,,,,,,,,,,,,,,,,,,,,,,,,,,,,,,,,,,,,
1784058275.296,222592000,49,1,3,0,10.0,25.0,10.0,25.0,9.41405200958252,25.49908447265625,-0.49908459186553955,35.012786865234375,50.1784782409668,0.0,0.0,0.0,1.0,1.0,0.0,1.0216138362884521,0.5859471559524536,18.0,0.0,,,,,,,,,,,,,,,,,,,,,,,,,,,,,,,,,,,,,,
1784058275.299,222619000,50,2,255,0,,,,,,,,,,,,,,,,,,,,0.0,0.0,0.0,0.0,3.0,2.450000047683716,0.0,0.0,0.04905693233013153,-0.0008206528145819902,0.04027542471885681,1.0,0.0,0.0,0.0,0.0,0.0,0.0,0.0,,,,,,,,,,,,,,,,,,,
1784058275.336,222640000,51,3,254,0,,,,,,,,,,,,,,,,,,,,,,,,,,,,,,,,,,,,,,,1.0,1.0,1.0,1.0,1.0,1.0,4.0,0.0,-1.4253249168395996,0.13703157007694244,0.06274533271789551,-0.021812468767166138,0.0,0.0,0.10142040252685547,0.009194892831146717,-1.362579584121704,0.1152191013097763,9.911420822143555
1784058275.440,222724000,56,1,0,0,10.0,25.0,10.0,25.0,9.258377075195312,25.336217880249023,-0.33621788024902344,33.561058044433594,43.906166076660156,0.0,0.0,0.0,1.0,1.0,0.0,-0.9689121842384338,0.7416225671768188,18.0,0.0,,,,,,,,,,,,,,,,,,,,,,,,,,,,,,,,,,,,,,
1784058275.459,222747000,57,1,1,0,10.0,25.0,10.0,25.0,9.2694730758667,25.13268280029297,-0.1326829195022583,43.53497314453125,47.669551849365234,0.0,0.0,0.0,1.0,1.0,0.0,1.2775025367736816,0.7305264472961426,18.0,0.0,,,,,,,,,,,,,,,,,,,,,,,,,,,,,,,,,,,,,,
1784058275.476,222772000,58,1,2,0,10.0,25.0,10.0,25.0,9.122647285461426,24.97735023498535,0.022649765014648438,47.58142852783203,46.83324432373047,0.0,0.0,0.0,1.0,1.0,0.0,-1.3940770626068115,0.8773520588874817,18.0,0.0,,,,,,,,,,,,,,,,,,,,,,,,,,,,,,,,,,,,,,
1784058275.482,222799000,59,1,3,0,10.0,25.0,10.0,25.0,9.412269592285156,25.500118255615234,-0.5001187324523926,34.96318054199219,50.1784782409668,0.0,0.0,0.0,1.0,1.0,0.0,1.019943118095398,0.5877301096916199,18.0,0.0,,,,,,,,,,,,,,,,,,,,,,,,,,,,,,,,,,,,,,
1784058275.513,222819000,60,2,255,0,,,,,,,,,,,,,,,,,,,,0.0,0.0,0.0,0.0,3.0,2.450000047683716,0.0,0.0,0.055122725665569305,-0.010253884829580784,0.04034746438264847,1.0,0.0,0.0,0.0,0.0,0.0,0.0,0.0,,,,,,,,,,,,,,,,,,,
1784058275.522,222831000,61,3,254,0,,,,,,,,,,,,,,,,,,,,,,,,,,,,,,,,,,,,,,,1.0,1.0,1.0,1.0,1.0,1.0,4.0,0.0,-1.4253249168395996,0.13703157007694244,0.07035720348358154,-0.029263146221637726,0.0,0.0,0.01544189453125,0.00604904443025589,-1.354967713356018,0.10776842385530472,9.82544231414795
1784058275.629,222923000,66,1,0,0,10.0,25.0,10.0,25.0,9.260631561279297,25.335344314575195,-0.33534467220306396,33.40559005737305,43.906166076660156,0.0,0.0,0.0,1.0,1.0,0.0,-0.9636253714561462,0.7393680810928345,18.0,0.0,,,,,,,,,,,,,,,,,,,,,,,,,,,,,,,,,,,,,,
1784058275.668,222947000,67,1,1,0,10.0,25.0,10.0,25.0,9.269084930419922,25.13333511352539,-0.13333559036254883,43.56575393676758,47.669551849365234,0.0,0.0,0.0,1.0,1.0,0.0,1.2793786525726318,0.7309145927429199,18.0,0.0,,,,,,,,,,,,,,,,,,,,,,,,,,,,,,,,,,,,,,
1784058275.671,222974000,68,1,2,0,10.0,25.0,10.0,25.0,9.120603561401367,24.97900390625,0.020995736122131348,47.47256088256836,46.83324432373047,0.0,0.0,0.0,1.0,1.0,0.0,-1.390338659286499,0.8793957233428955,18.0,0.0,,,,,,,,,,,,,,,,,,,,,,,,,,,,,,,,,,,,,,
1784058275.690,222995000,69,1,3,0,10.0,25.0,10.0,25.0,9.412240982055664,25.500171661376953,-0.5001723766326904,34.864013671875,50.1784782409668,0.0,0.0,0.0,1.0,1.0,0.0,1.0166492462158203,0.5877584218978882,18.0,0.0,,,,,,,,,,,,,,,,,,,,,,,,,,,,,,,,,,,,,,
1784058275.702,223007000,70,2,255,0,,,,,,,,,,,,,,,,,,,,0.0,0.0,0.0,0.0,3.0,2.450000047683716,0.0,0.0,0.03824618458747864,-0.017469486221671104,0.04016765207052231,1.0,0.0,0.0,0.0,0.0,0.0,0.0,0.0,,,,,,,,,,,,,,,,,,,
1784058275.714,223021000,71,3,254,0,,,,,,,,,,,,,,,,,,,,,,,,,,,,,,,,,,,,,,,1.0,1.0,1.0,1.0,1.0,1.0,4.0,0.0,-1.4253249168395996,0.13703157007694244,0.049459099769592285,-0.01621309667825699,0.0,0.0,0.22179412841796875,0.004981235135346651,-1.3758658170700073,0.12081847339868546,10.031794548034668
1784058275.832,223120000,76,1,0,0,10.0,25.0,10.0,25.0,9.262682914733887,25.333744049072266,-0.3337442874908447,33.72709655761719,43.906166076660156,0.0,0.0,0.0,1.0,1.0,0.0,-0.9736934900283813,0.7373161315917969,18.0,0.0,,,,,,,,,,,,,,,,,,,,,,,,,,,,,,,,,,,,,,
1784058275.854,223145000,77,1,1,0,10.0,25.0,10.0,25.0,9.269254684448242,25.133228302001953,-0.13322830200195312,43.519248962402344,47.669551849365234,0.0,0.0,0.0,1.0,1.0,0.0,1.277320384979248,0.7307447195053101,18.0,0.0,,,,,,,,,,,,,,,,,,,,,,,,,,,,,,,,,,,,,,
1784058275.854,223172000,78,1,2,0,10.0,25.0,10.0,25.0,9.119476318359375,24.978891372680664,0.02110898494720459,47.42483901977539,46.83324432373047,0.0,0.0,0.0,1.0,1.0,0.0,-1.3882310390472412,0.8805230259895325,18.0,0.0,,,,,,,,,,,,,,,,,,,,,,,,,,,,,,,,,,,,,,
1784058275.884,223193000,79,1,3,0,10.0,25.0,10.0,25.0,9.412569999694824,25.499624252319336,-0.49962401390075684,34.961395263671875,50.1784782409668,0.0,0.0,0.0,1.0,1.0,0.0,1.0196744203567505,0.5874291062355042,18.0,0.0,,,,,,,,,,,,,,,,,,,,,,,,,,,,,,,,,,,,,,
1784058275.899,223207000,80,2,255,0,,,,,,,,,,,,,,,,,,,,0.0,0.0,0.0,0.0,3.0,2.450000047683716,0.0,0.0,0.03116464987397194,-0.0041050054132938385,0.040111418813467026,1.0,0.0,0.0,0.0,0.0,0.0,0.0,0.0,,,,,,,,,,,,,,,,,,,
1784058275.914,223221000,81,3,254,0,,,,,,,,,,,,,,,,,,,,,,,,,,,,,,,,,,,,,,,1.0,1.0,1.0,1.0,1.0,1.0,4.0,0.0,-1.4253249168395996,0.13703157007694244,0.034857988357543945,0.00856192409992218,0.0,0.0,0.12164974212646484,0.013952994719147682,-1.3904669284820557,0.14559349417686462,9.931650161743164
1784058276.029,223322000,86,1,0,0,10.0,25.0,10.0,25.0,9.262730598449707,25.33377456665039,-0.3337740898132324,33.749244689941406,43.906166076660156,0.0,0.0,0.0,1.0,1.0,0.0,-0.9749637246131897,0.7372692227363586,18.0,0.0,,,,,,,,,,,,,,,,,,,,,,,,,,,,,,,,,,,,,,
1784058276.038,223348000,87,1,1,0,10.0,25.0,10.0,25.0,9.268340110778809,25.133609771728516,-0.13360977172851562,43.61958312988281,47.669551849365234,0.0,0.0,0.0,1.0,1.0,0.0,1.28065824508667,0.731658935546875,18.0,0.0,,,,,,,,,,,,,,,,,,,,,,,,,,,,,,,,,,,,,,
1784058276.062,223369000,88,1,2,0,10.0,25.0,10.0,25.0,9.12140941619873,24.977359771728516,0.02264082431793213,47.540367126464844,46.83324432373047,0.0,0.0,0.0,1.0,1.0,0.0,-1.3925576210021973,0.8785896301269531,18.0,0.0,,,,,,,,,,,,,,,,,,,,,,,,,,,,,,,,,,,,,,
1784058276.079,223382000,89,1,3,0,10.0,25.0,10.0,25.0,9.412640571594238,25.500497817993164,-0.5004972219467163,34.88587188720703,50.1784782409668,0.0,0.0,0.0,1.0,1.0,0.0,1.0175142288208008,0.5873590707778931,18.0,0.0,,,,,,,,,,,,,,,,,,,,,,,,,,,,,,,,,,,,,,
1784058276.101,223397000,90,2,255,0,,,,,,,,,,,,,,,,,,,,0.0,0.0,0.0,0.0,3.0,2.450000047683716,0.0,0.0,0.03263560310006142,-0.011508378200232983,0.04012216255068779,1.0,0.0,0.0,0.0,0.0,0.0,0.0,0.0,,,,,,,,,,,,,,,,,,,
1784058276.117,223414000,91,3,254,0,,,,,,,,,,,,,,,,,,,,,,,,,,,,,,,,,,,,,,,1.0,1.0,1.0,1.0,1.0,1.0,4.0,0.0,-1.4253249168395996,0.13703157007694244,0.019271492958068848,-0.00972604751586914,0.0,0.0,0.07788944244384766,0.012473654001951218,-1.4060534238815308,0.1273055225610733,9.887889862060547
1784058276.239,223524000,96,1,0,0,10.0,25.0,10.0,25.0,9.262798309326172,25.334745407104492,-0.3347456455230713,33.95600128173828,43.906166076660156,0.0,0.0,0.0,1.0,1.0,0.0,-0.9816563725471497,0.7372006773948669,18.0,0.0,,,,,,,,,,,,,,,,,,,,,,,,,,,,,,,,,,,,,,
1784058276.260,223551000,97,1,1,0,10.0,25.0,10.0,25.0,9.269617080688477,25.132274627685547,-0.13227462768554688,43.6619758605957,47.669551849365234,0.0,0.0,0.0,1.0,1.0,0.0,1.2819710969924927,0.7303819060325623,18.0,0.0,,,,,,,,,,,,,,,,,,,,,,,,,,,,,,,,,,,,,,
1784058276.263,223572000,98,1,2,0,10.0,25.0,10.0,25.0,9.12117862701416,24.97783660888672,0.022163987159729004,47.43338394165039,46.83324432373047,0.0,0.0,0.0,1.0,1.0,0.0,-1.3891830444335938,0.878820538520813,18.0,0.0,,,,,,,,,,,,,,,,,,,,,,,,,,,,,,,,,,,,,,
1784058276.279,223586000,99,1,3,0,10.0,25.0,10.0,25.0,9.411320686340332,25.5009822845459,-0.5009829998016357,34.86744689941406,50.1784782409668,0.0,0.0,0.0,1.0,1.0,0.0,1.0166617631912231,0.5886785984039307,18.0,0.0,,,,,,,,,,,,,,,,,,,,,,,,,,,,,,,,,,,,,,
1784058276.294,223600000,100,2,255,0,,,,,,,,,,,,,,,,,,,,0.0,0.0,0.0,0.0,3.0,2.450000047683716,0.0,0.0,0.02952125109732151,-0.029336892068386078,0.04010000079870224,1.0,0.0,0.0,0.0,0.0,0.0,0.0,0.0,,,,,,,,,,,,,,,,,,,
1784058276.313,223617000,101,3,254,0,,,,,,,,,,,,,,,,,,,,,,,,,,,,,,,,,,,,,,,1.0,1.0,1.0,1.0,1.0,1.0,4.0,0.0,-1.4253249168395996,0.13703157007694244,1.239776611328125e-05,-0.020397640764713287,0.0,0.0,0.09701347351074219,0.004347778391093016,-1.4253125190734863,0.11663392931222916,9.712986946105957
1784058276.431,223727000,106,1,0,0,10.0,25.0,10.0,25.0,9.261995315551758,25.336355209350586,-0.33635497093200684,33.82799530029297,43.906166076660156,0.0,0.0,0.0,1.0,1.0,0.0,-0.9773714542388916,0.7380038499832153,18.0,0.0,,,,,,,,,,,,,,,,,,,,,,,,,,,,,,,,,,,,,,
1784058276.433,223754000,107,1,1,0,10.0,25.0,10.0,25.0,9.269682884216309,25.13216781616211,-0.13216733932495117,43.641876220703125,47.669551849365234,0.0,0.0,0.0,1.0,1.0,0.0,1.2813047170639038,0.7303163409233093,18.0,0.0,,,,,,,,,,,,,,,,,,,,,,,,,,,,,,,,,,,,,,
1784058276.471,223775000,108,1,2,0,10.0,25.0,10.0,25.0,9.121976852416992,24.97759246826172,0.022408366203308105,47.51615524291992,46.83324432373047,0.0,0.0,0.0,1.0,1.0,0.0,-1.391808271408081,0.8780226111412048,18.0,0.0,,,,,,,,,,,,,,,,,,,,,,,,,,,,,,,,,,,,,,
1784058276.483,223789000,109,1,3,0,10.0,25.0,10.0,25.0,9.413483619689941,25.500185012817383,-0.5001842975616455,34.910377502441406,50.1784782409668,0.0,0.0,0.0,1.0,1.0,0.0,1.0182198286056519,0.5865156650543213,18.0,0.0,,,,,,,,,,,,,,,,,,,,,,,,,,,,,,,,,,,,,,
1784058276.498,223804000,110,2,255,0,,,,,,,,,,,,,,,,,,,,0.0,0.0,0.0,0.0,3.0,2.450000047683716,0.0,0.0,0.037662141025066376,-0.022207051515579224,0.0401625819504261,1.0,0.0,0.0,0.0,0.0,0.0,0.0,0.0,,,,,,,,,,,,,,,,,,,
1784058276.517,223821000,111,3,254,0,,,,,,,,,,,,,,,,,,,,,,,,,,,,,,,,,,,,,,,1.0,1.0,1.0,1.0,1.0,1.0,4.0,0.0,-1.4253249168395996,0.13703157007694244,0.025435805320739746,-0.019737467169761658,0.0,0.0,0.02653789520263672,0.00799986906349659,-1.3998891115188599,0.11729410290718079,9.783462524414062
1784058276.637,223930000,116,1,0,0,10.0,25.0,10.0,25.0,9.262601852416992,25.33515167236328,-0.33515095710754395,33.63056945800781,43.906166076660156,0.0,0.0,0.0,1.0,1.0,0.0,-0.971215009689331,0.7373973727226257,18.0,0.0,,,,,,,,,,,,,,,,,,,,,,,,,,,,,,,,,,,,,,
1784058276.637,223957000,117,1,1,0,10.0,25.0,10.0,25.0,9.269600868225098,25.1321964263916,-0.13219714164733887,43.722530364990234,47.669551849365234,0.0,0.0,0.0,1.0,1.0,0.0,1.2840317487716675,0.7303982973098755,18.0,0.0,,,,,,,,,,,,,,,,,,,,,,,,,,,,,,,,,,,,,,
1784058276.668,223978000,118,1,2,0,10.0,25.0,10.0,25.0,9.123897552490234,24.977319717407227,0.022679567337036133,47.464988708496094,46.83324432373047,0.0,0.0,0.0,1.0,1.0,0.0,-1.3902981281280518,0.8761018514633179,18.0,0.0,,,,,,,,,,,,,,,,,,,,,,,,,,,,,,,,,,,,,,
1784058276.696,223990000,119,1,3,0,10.0,25.0,10.0,25.0,9.414558410644531,25.49932098388672,-0.49932003021240234,34.831180572509766,50.1784782409668,0.0,0.0,0.0,1.0,1.0,0.0,1.015688419342041,0.5854405164718628,18.0,0.0,,,,,,,,,,,,,,,,,,,,,,,,,,,,,,,,,,,,,,
1784058276.700,224005000,120,2,255,0,,,,,,,,,,,,,,,,,,,,0.0,0.0,0.0,0.0,3.0,2.450000047683716,0.0,0.0,0.04154400900006294,-0.02150464802980423,0.04019772261381149,1.0,0.0,0.0,0.0,0.0,0.0,0.0,0.0,,,,,,,,,,,,,,,,,,,
1784058276.717,224021000,121,3,254,0,,,,,,,,,,,,,,,,,,,,,,,,,,,,,,,,,,,,,,,1.0,1.0,1.0,1.0,1.0,1.0,4.0,0.0,-1.4253249168395996,0.13703157007694244,0.0275038480758667,-0.03532048314809799,0.0,0.0,0.06582069396972656,0.007739966735243797,-1.397821068763733,0.10171108692884445,9.875821113586426
1784058276.830,224125000,126,1,0,0,10.0,25.0,10.0,25.0,9.2608003616333,25.33623504638672,-0.33623576164245605,33.547218322753906,43.906166076660156,0.0,0.0,0.0,1.0,1.0,0.0,-0.9684683084487915,0.7391989231109619,18.0,0.0,,,,,,,,,,,,,,,,,,,,,,,,,,,,,,,,,,,,,,
1784058276.852,224152000,127,1,1,0,10.0,25.0,10.0,25.0,9.26980972290039,25.13301658630371,-0.1330167055130005,43.638214111328125,47.669551849365234,0.0,0.0,0.0,1.0,1.0,0.0,1.281403660774231,0.7301896810531616,18.0,0.0,,,,,,,,,,,,,,,,,,,,,,,,,,,,,,,,,,,,,,
1784058276.863,224172000,128,1,2,0,10.0,25.0,10.0,25.0,9.124457359313965,24.976211547851562,0.0237882137298584,47.57060241699219,46.83324432373047,0.0,0.0,0.0,1.0,1.0,0.0,-1.3935946226119995,0.8755422830581665,18.0,0.0,,,,,,,,,,,,,,,,,,,,,,,,,,,,,,,,,,,,,,
1784058276.881,224185000,129,1,3,0,10.0,25.0,10.0,25.0,9.413708686828613,25.4996337890625,-0.49963295459747314,34.946537017822266,50.1784782409668,0.0,0.0,0.0,1.0,1.0,0.0,1.0195534229278564,0.5862906575202942,18.0,0.0,,,,,,,,,,,,,,,,,,,,,,,,,,,,,,,,,,,,,,
1784058276.907,224199000,130,2,255,0,,,,,,,,,,,,,,,,,,,,0.0,0.0,0.0,0.0,3.0,2.450000047683716,0.0,0.0,0.03117399848997593,-0.02269352227449417,0.0401114858686924,1.0,0.0,0.0,0.0,0.0,0.0,0.0,0.0,,,,,,,,,,,,,,,,,,,
1784058276.908,224216000,131,3,254,0,,,,,,,,,,,,,,,,,,,,,,,,,,,,,,,,,,,,,,,1.0,1.0,1.0,1.0,1.0,1.0,4.0,0.0,-1.4253249168395996,0.13703157007694244,0.04716897010803223,-0.039497651159763336,0.0,0.0,0.03608989715576172,0.005329604726284742,-1.3781559467315674,0.09753391891717911,9.846090316772461
1784058277.006,224323000,136,1,0,0,10.0,25.0,10.0,25.0,9.258649826049805,25.33799934387207,-0.3380000591278076,33.723594665527344,43.906166076660156,0.0,0.0,0.0,1.0,1.0,0.0,-0.9739127159118652,0.7413499355316162,18.0,0.0,,,,,,,,,,,,,,,,,,,,,,,,,,,,,,,,,,,,,,
1784058277.034,224350000,137,1,1,0,10.0,25.0,10.0,25.0,9.26998233795166,25.131542205810547,-0.13154149055480957,43.72282791137695,47.669551849365234,0.0,0.0,0.0,1.0,1.0,0.0,1.2839409112930298,0.730016827583313,18.0,0.0,,,,,,,,,,,,,,,,,,,,,,,,,,,,,,,,,,,,,,
1784058277.065,224370000,138,1,2,0,10.0,25.0,10.0,25.0,9.122339248657227,24.977985382080078,0.022014975547790527,47.52565002441406,46.83324432373047,0.0,0.0,0.0,1.0,1.0,0.0,-1.3920564651489258,0.877659797668457,18.0,0.0,,,,,,,,,,,,,,,,,,,,,,,,,,,,,,,,,,,,,,
1784058277.077,224383000,139,1,3,0,10.0,25.0,10.0,25.0,9.413978576660156,25.49910545349121,-0.49910545349121094,34.99272918701172,50.1784782409668,0.0,0.0,0.0,1.0,1.0,0.0,1.0206639766693115,0.5860209465026855,18.0,0.0,,,,,,,,,,,,,,,,,,,,,,,,,,,,,,,,,,,,,,
1784058277.092,224398000,140,2,255,0,,,,,,,,,,,,,,,,,,,,0.0,0.0,0.0,0.0,3.0,2.450000047683716,0.0,0.0,0.02199685387313366,-0.02378862537443638,0.0400649830698967,1.0,0.0,0.0,0.0,0.0,0.0,0.0,0.0,,,,,,,,,,,,,,,,,,,
1784058277.122,224415000,141,3,254,0,,,,,,,,,,,,,,,,,,,,,,,,,,,,,,,,,,,,,,,1.0,1.0,1.0,1.0,1.0,1.0,4.0,0.0,-1.4253249168395996,0.13703157007694244,0.04384875297546387,-0.0280076265335083,0.0,0.0,0.07184600830078125,0.010025658644735813,-1.3814761638641357,0.10902394354343414,9.88184642791748
1784058277.221,224516000,146,1,0,0,10.0,25.0,10.0,25.0,9.26079273223877,25.334003448486328,-0.3340035676956177,33.5885009765625,43.906166076660156,0.0,0.0,0.0,1.0,1.0,0.0,-0.9696134924888611,0.7392071485519409,18.0,0.0,,,,,,,,,,,,,,,,,,,,,,,,,,,,,,,,,,,,,,
1784058277.243,224539000,147,1,1,0,10.0,25.0,10.0,25.0,9.268898963928223,25.13383674621582,-0.1338362693786621,43.482093811035156,47.669551849365234,0.0,0.0,0.0,1.0,1.0,0.0,1.276263952255249,0.7311009168624878,18.0,0.0,,,,,,,,,,,,,,,,,,,,,,,,,,,,,,,,,,,,,,
1784058277.255,224565000,148,1,2,0,10.0,25.0,10.0,25.0,9.120656967163086,24.97764015197754,0.022360682487487793,47.64301681518555,46.83324432373047,0.0,0.0,0.0,1.0,1.0,0.0,-1.3959228992462158,0.8793428540229797,18.0,0.0,,,,,,,,,,,,,,,,,,,,,,,,,,,,,,,,,,,,,,
1784058277.290,224586000,149,1,3,0,10.0,25.0,10.0,25.0,9.413837432861328,25.499492645263672,-0.499492883682251,34.90831756591797,50.1784782409668,0.0,0.0,0.0,1.0,1.0,0.0,1.0181256532669067,0.586161732673645,18.0,0.0,,,,,,,,,,,,,,,,,,,,,,,,,,,,,,,,,,,,,,
1784058277.302,224599000,150,2,255,0,,,,,,,,,,,,,,,,,,,,0.0,0.0,0.0,0.0,3.0,2.450000047683716,0.0,0.0,0.010695408098399639,-0.03317029029130936,0.04012618958950043,1.0,0.0,0.0,0.0,0.0,0.0,0.0,0.0,,,,,,,,,,,,,,,,,,,
1784058277.316,224614000,151,3,254,0,,,,,,,,,,,,,,,,,,,,,,,,,,,,,,,,,,,,,,,1.0,1.0,1.0,1.0,1.0,1.0,4.0,0.0,-1.4253249168395996,0.13703157007694244,0.027408957481384277,-0.0314020961523056,0.0,0.0,0.0072174072265625,0.012053852900862694,-1.3979159593582153,0.10562947392463684,9.817217826843262
1784058277.424,224712000,156,1,0,0,10.0,25.0,10.0,25.0,9.261920928955078,25.334028244018555,-0.33402740955352783,33.72802734375,43.906166076660156,0.0,0.0,0.0,1.0,1.0,0.0,-0.9742113351821899,0.7380783557891846,18.0,0.0,,,,,,,,,,,,,,,,,,,,,,,,,,,,,,,,,,,,,,
1784058277.456,224738000,157,1,1,0,10.0,25.0,10.0,25.0,9.26866626739502,25.133068084716797,-0.13306736946105957,43.6042366027832,47.669551849365234,0.0,0.0,0.0,1.0,1.0,0.0,1.28009033203125,0.7313333749771118,18.0,0.0,,,,,,,,,,,,,,,,,,,,,,,,,,,,,,,,,,,,,,
1784058277.456,224758000,158,1,2,0,10.0,25.0,10.0,25.0,9.120884895324707,24.97842025756836,0.021579861640930176,47.39957046508789,46.83324432373047,0.0,0.0,0.0,1.0,1.0,0.0,-1.387850046157837,0.8791141510009766,18.0,0.0,,,,,,,,,,,,,,,,,,,,,,,,,,,,,,,,,,,,,,
1784058277.456,224770000,159,1,3,0,10.0,25.0,10.0,25.0,9.412988662719727,25.49990463256836,-0.49990415573120117,34.944580078125,50.1784782409668,0.0,0.0,0.0,1.0,1.0,0.0,1.019284963607788,0.5870110988616943,18.0,0.0,,,,,,,,,,,,,,,,,,,,,,,,,,,,,,,,,,,,,,
1784058277.482,224785000,160,2,255,0,,,,,,,,,,,,,,,,,,,,0.0,0.0,0.0,0.0,3.0,2.450000047683716,0.0,0.0,0.01939937099814415,-0.03439762443304062,0.04013567790389061,1.0,0.0,0.0,0.0,0.0,0.0,0.0,0.0,,,,,,,,,,,,,,,,,,,
1784058277.498,224800000,161,3,254,0,,,,,,,,,,,,,,,,,,,,,,,,,,,,,,,,,,,,,,,1.0,1.0,1.0,1.0,1.0,1.0,4.0,0.0,-1.4253249168395996,0.13703157007694244,0.0042945146560668945,-0.016854122281074524,0.0,0.0,0.04326629638671875,0.0067093693651258945,-1.4210304021835327,0.12017744779586792,9.853266716003418
1784058277.603,224898000,166,1,0,0,10.0,25.0,10.0,25.0,9.263949394226074,25.333850860595703,-0.33385157585144043,33.748504638671875,43.906166076660156,0.0,0.0,0.0,1.0,1.0,0.0,-0.9747118353843689,0.7360495328903198,18.0,0.0,,,,,,,,,,,,,,,,,,,,,,,,,,,,,,,,,,,,,,
1784058277.639,224923000,167,1,1,0,10.0,25.0,10.0,25.0,9.269702911376953,25.13212013244629,-0.13211965560913086,43.54509735107422,47.669551849365234,0.0,0.0,0.0,1.0,1.0,0.0,1.2780961990356445,0.7302969694137573,18.0,0.0,,,,,,,,,,,,,,,,,,,,,,,,,,,,,,,,,,,,,,
1784058277.639,224950000,168,1,2,0,10.0,25.0,10.0,25.0,9.122944831848145,24.976757049560547,0.023242831230163574,47.52722930908203,46.83324432373047,0.0,0.0,0.0,1.0,1.0,0.0,-1.3922637701034546,0.8770548105239868,18.0,0.0,,,,,,,,,,,,,,,,,,,,,,,,,,,,,,,,,,,,,,
1784058277.674,224970000,169,1,3,0,10.0,25.0,10.0,25.0,9.413360595703125,25.500181198120117,-0.5001813173294067,34.91172409057617,50.1784782409668,0.0,0.0,0.0,1.0,1.0,0.0,1.0182558298110962,0.5866385698318481,18.0,0.0,,,,,,,,,,,,,,,,,,,,,,,,,,,,,,,,,,,,,,
1784058277.680,224983000,170,2,255,0,,,,,,,,,,,,,,,,,,,,0.0,0.0,0.0,0.0,3.0,2.450000047683716,0.0,0.0,0.02348238416016102,-0.029776059091091156,0.040101733058691025,1.0,0.0,0.0,0.0,0.0,0.0,0.0,0.0,,,,,,,,,,,,,,,,,,,
1784058277.709,224998000,171,3,254,0,,,,,,,,,,,,,,,,,,,,,,,,,,,,,,,,,,,,,,,1.0,1.0,1.0,1.0,1.0,1.0,4.0,0.0,-1.4253249168395996,0.13703157007694244,0.0009399652481079102,-0.010167151689529419,0.0,0.0,0.021780967712402344,0.008819165639579296,-1.4243849515914917,0.12686441838741302,9.831781387329102
1784058277.802,225098000,176,1,0,0,10.0,25.0,10.0,25.0,9.26429271697998,25.33414077758789,-0.3341406583786011,33.7673454284668,43.906166076660156,0.0,0.0,0.0,1.0,1.0,0.0,-0.9760719537734985,0.7357068061828613,18.0,0.0,,,,,,,,,,,,,,,,,,,,,,,,,,,,,,,,,,,,,,
1784058277.838,225124000,177,1,1,0,10.0,25.0,10.0,25.0,9.270785331726074,25.131288528442383,-0.13128817081451416,43.62359619140625,47.669551849365234,0.0,0.0,0.0,1.0,1.0,0.0,1.280557632446289,0.7292136549949646,18.0,0.0,,,,,,,,,,,,,,,,,,,,,,,,,,,,,,,,,,,,,,
1784058277.839,225150000,178,1,2,0,10.0,25.0,10.0,25.0,9.124977111816406,24.976402282714844,0.02359747886657715,47.41714859008789,46.83324432373047,0.0,0.0,0.0,1.0,1.0,0.0,-1.388749122619629,0.875022292137146,18.0,0.0,,,,,,,,,,,,,,,,,,,,,,,,,,,,,,,,,,,,,,
1784058277.864,225170000,179,1,3,0,10.0,25.0,10.0,25.0,9.41425609588623,25.499900817871094,-0.4999011754989624,34.878292083740234,50.1784782409668,0.0,0.0,0.0,1.0,1.0,0.0,1.017319917678833,0.5857430696487427,18.0,0.0,,,,,,,,,,,,,,,,,,,,,,,,,,,,,,,,,,,,,,
1784058277.886,225182000,180,2,255,0,,,,,,,,,,,,,,,,,,,,0.0,0.0,0.0,0.0,3.0,2.450000047683716,0.0,0.0,0.03210834413766861,-0.01761285588145256,0.0401182547211647,1.0,0.0,0.0,0.0,0.0,0.0,0.0,0.0,,,,,,,,,,,,,,,,,,,
1784058277.906,225196000,181,3,254,0,,,,,,,,,,,,,,,,,,,,,,,,,,,,,,,,,,,,,,,1.0,1.0,1.0,1.0,1.0,1.0,4.0,0.0,-1.4253249168395996,0.13703157007694244,0.013406157493591309,-0.01976487785577774,0.0,0.0,0.006221771240234375,0.01246784720569849,-1.4119187593460083,0.1172666922211647,9.803778648376465
1784058277.991,225285000,186,1,0,0,10.0,25.0,10.0,25.0,9.260172843933105,25.33612823486328,-0.33612847328186035,33.71580123901367,43.906166076660156,0.0,0.0,0.0,1.0,1.0,0.0,-0.9734883904457092,0.7398262619972229,18.0,0.0,,,,,,,,,,,,,,,,,,,,,,,,,,,,,,,,,,,,,,
1784058278.023,225308000,187,1,1,0,10.0,25.0,10.0,25.0,9.269824981689453,25.131988525390625,-0.131988525390625,43.40091323852539,47.669551849365234,0.0,0.0,0.0,1.0,1.0,0.0,1.2736847400665283,0.7301747798919678,18.0,0.0,,,,,,,,,,,,,,,,,,,,,,,,,,,,,,,,,,,,,,
1784058278.042,225334000,188,1,2,0,10.0,25.0,10.0,25.0,9.12442684173584,24.97626304626465,0.023737549781799316,47.56055450439453,46.83324432373047,0.0,0.0,0.0,1.0,1.0,0.0,-1.3934996128082275,0.8755720853805542,18.0,0.0,,,,,,,,,,,,,,,,,,,,,,,,,,,,,,,,,,,,,,
1784058278.042,225360000,189,1,3,0,10.0,25.0,10.0,25.0,9.412052154541016,25.500669479370117,-0.5006700754165649,34.926902770996094,50.1784782409668,0.0,0.0,0.0,1.0,1.0,0.0,1.018673300743103,0.587946891784668,18.0,0.0,,,,,,,,,,,,,,,,,,,,,,,,,,,,,,,,,,,,,,
1784058278.080,225380000,190,2,255,0,,,,,,,,,,,,,,,,,,,,0.0,0.0,0.0,0.0,3.0,2.450000047683716,0.0,0.0,0.03583631291985512,-0.014072605408728123,0.04014723747968674,1.0,0.0,0.0,0.0,0.0,0.0,0.0,0.0,,,,,,,,,,,,,,,,,,,
1784058278.088,225393000,191,3,254,0,,,,,,,,,,,,,,,,,,,,,,,,,,,,,,,,,,,,,,,1.0,1.0,1.0,1.0,1.0,1.0,4.0,0.0,-1.4253249168395996,0.13703157007694244,0.026267409324645996,-0.029585957527160645,0.0,0.0,0.10757255554199219,0.011026350781321526,-1.3990575075149536,0.1074456125497818,9.917572975158691
1784058278.174,225474000,196,1,0,0,10.0,25.0,10.0,25.0,9.26166820526123,25.33463478088379,-0.3346353769302368,33.56626510620117,43.906166076660156,0.0,0.0,0.0,1.0,1.0,0.0,-0.9684088230133057,0.7383309602737427,18.0,0.0,,,,,,,,,,,,,,,,,,,,,,,,,,,,,,,,,,,,,,
1784058278.199,225496000,197,1,1,0,10.0,25.0,10.0,25.0,9.269754409790039,25.132137298583984,-0.13213753700256348,43.49258804321289,47.669551849365234,0.0,0.0,0.0,1.0,1.0,0.0,1.2763986587524414,0.7302448153495789,18.0,0.0,,,,,,,,,,,,,,,,,,,,,,,,,,,,,,,,,,,,,,
1784058278.228,225521000,198,1,2,0,10.0,25.0,10.0,25.0,9.122185707092285,24.978424072265625,0.021576881408691406,47.37124252319336,46.83324432373047,0.0,0.0,0.0,1.0,1.0,0.0,-1.3867599964141846,0.8778132200241089,18.0,0.0,,,,,,,,,,,,,,,,,,,,,,,,,,,,,,,,,,,,,,
1784058278.241,225547000,199,1,3,0,10.0,25.0,10.0,25.0,9.416097640991211,25.497394561767578,-0.4973948001861572,34.99362564086914,50.1784782409668,0.0,0.0,0.0,1.0,1.0,0.0,1.0206689834594727,0.5839020013809204,18.0,0.0,,,,,,,,,,,,,,,,,,,,,,,,,,,,,,,,,,,,,,
1784058278.267,225567000,200,2,255,0,,,,,,,,,,,,,,,,,,,,0.0,0.0,0.0,0.0,3.0,2.450000047683716,0.0,0.0,0.029876433312892914,-0.012350060977041721,0.04010241851210594,1.0,0.0,0.0,0.0,0.0,0.0,0.0,0.0,,,,,,,,,,,,,,,,,,,
1784058278.289,225580000,201,3,254,0,,,,,,,,,,,,,,,,,,,,,,,,,,,,,,,,,,,,,,,1.0,1.0,1.0,1.0,1.0,1.0,4.0,0.0,-1.4253249168395996,0.13703157007694244,0.06291353702545166,-0.02261701226234436,0.0,0.0,0.15083026885986328,0.00725468248128891,-1.362411379814148,0.11441455781459808,9.960830688476562
1784058278.383,225672000,206,1,0,0,10.0,25.0,10.0,25.0,9.260656356811523,25.33405113220215,-0.334051251411438,33.676876068115234,43.906166076660156,0.0,0.0,0.0,1.0,1.0,0.0,-0.9726723432540894,0.7393426895141602,18.0,0.0,,,,,,,,,,,,,,,,,,,,,,,,,,,,,,,,,,,,,,
1784058278.408,225697000,207,1,1,0,10.0,25.0,10.0,25.0,9.269402503967285,25.132707595825195,-0.13270676136016846,43.456241607666016,47.669551849365234,0.0,0.0,0.0,1.0,1.0,0.0,1.2755436897277832,0.7305964827537537,18.0,0.0,,,,,,,,,,,,,,,,,,,,,,,,,,,,,,,,,,,,,,
1784058278.409,225724000,208,1,2,0,10.0,25.0,10.0,25.0,9.120231628417969,24.97871208190918,0.02128779888153076,47.3924674987793,46.83324432373047,0.0,0.0,0.0,1.0,1.0,0.0,-1.3875902891159058,0.8797675371170044,18.0,0.0,,,,,,,,,,,,,,,,,,,,,,,,,,,,,,,,,,,,,,
1784058278.440,225744000,209,1,3,0,10.0,25.0,10.0,25.0,9.412744522094727,25.499052047729492,-0.4990518093109131,34.979095458984375,50.1784782409668,0.0,0.0,0.0,1.0,1.0,0.0,1.0202715396881104,0.5872547626495361,18.0,0.0,,,,,,,,,,,,,,,,,,,,,,,,,,,,,,,,,,,,,,
1784058278.441,225757000,210,2,255,0,,,,,,,,,,,,,,,,,,,,0.0,0.0,0.0,0.0,3.0,2.450000047683716,0.0,0.0,0.03304319456219673,-0.012504915706813335,0.040125224739313126,1.0,0.0,0.0,0.0,0.0,0.0,0.0,0.0,,,,,,,,,,,,,,,,,,,
1784058278.467,225772000,211,3,254,0,,,,,,,,,,,,,,,,,,,,,,,,,,,,,,,,,,,,,,,1.0,1.0,1.0,1.0,1.0,1.0,4.0,0.0,-1.4253249168395996,0.13703157007694244,0.048813819885253906,-0.0051687657833099365,0.0,0.0,0.028711318969726562,0.011627035215497017,-1.3765110969543457,0.1318628042936325,9.838711738586426
1784058278.579,225874000,216,1,0,0,10.0,25.0,10.0,25.0,9.26163387298584,25.334590911865234,-0.3345906734466553,33.71028518676758,43.906166076660156,0.0,0.0,0.0,1.0,1.0,0.0,-0.9735497236251831,0.7383659482002258,18.0,0.0,,,,,,,,,,,,,,,,,,,,,,,,,,,,,,,,,,,,,,
1784058278.595,225901000,217,1,1,0,10.0,25.0,10.0,25.0,9.270179748535156,25.132509231567383,-0.13251006603240967,43.60029602050781,47.669551849365234,0.0,0.0,0.0,1.0,1.0,0.0,1.280049204826355,0.7298201322555542,18.0,0.0,,,,,,,,,,,,,,,,,,,,,,,,,,,,,,,,,,,,,,
1784058278.613,225921000,218,1,2,0,10.0,25.0,10.0,25.0,9.121450424194336,24.977388381958008,0.022611021995544434,47.49580383300781,46.83324432373047,0.0,0.0,0.0,1.0,1.0,0.0,-1.3910822868347168,0.878549337387085,18.0,0.0,,,,,,,,,,,,,,,,,,,,,,,,,,,,,,,,,,,,,,
1784058278.636,225934000,219,1,3,0,10.0,25.0,10.0,25.0,9.412845611572266,25.499099731445312,-0.4990994930267334,35.03257369995117,50.1784782409668,0.0,0.0,0.0,1.0,1.0,0.0,1.0217503309249878,0.587153434753418,18.0,0.0,,,,,,,,,,,,,,,,,,,,,,,,,,,,,,,,,,,,,,
1784058278.656,225949000,220,2,255,0,,,,,,,,,,,,,,,,,,,,0.0,0.0,0.0,0.0,3.0,2.450000047683716,0.0,0.0,0.01836458593606949,-0.007229105103760958,0.040038757026195526,1.0,0.0,0.0,0.0,0.0,0.0,0.0,0.0,,,,,,,,,,,,,,,,,,,
1784058278.665,225966000,221,3,254,0,,,,,,,,,,,,,,,,,,,,,,,,,,,,,,,,,,,,,,,1.0,1.0,1.0,1.0,1.0,1.0,4.0,0.0,-1.4253249168395996,0.13703157007694244,0.001631617546081543,-0.0001760423183441162,0.0,0.0,0.18598651885986328,0.004897870123386383,-1.423693299293518,0.13685552775859833,9.995986938476562
1784058278.784,226072000,226,1,0,0,10.0,25.0,10.0,25.0,9.262614250183105,25.335233688354492,-0.3352344036102295,33.72583770751953,43.906166076660156,0.0,0.0,0.0,1.0,1.0,0.0,-0.9741433262825012,0.7373846769332886,18.0,0.0,,,,,,,,,,,,,,,,,,,,,,,,,,,,,,,,,,,,,,
1784058278.784,226099000,227,1,1,0,10.0,25.0,10.0,25.0,9.269402503967285,25.132707595825195,-0.13270676136016846,43.572933197021484,47.669551849365234,0.0,0.0,0.0,1.0,1.0,0.0,1.2793420553207397,0.7305964827537537,18.0,0.0,,,,,,,,,,,,,,,,,,,,,,,,,,,,,,,,,,,,,,
1784058278.809,226119000,228,1,2,0,10.0,25.0,10.0,25.0,9.120847702026367,24.978483200073242,0.021517276763916016,47.45001220703125,46.83324432373047,0.0,0.0,0.0,1.0,1.0,0.0,-1.3895771503448486,0.8791513442993164,18.0,0.0,,,,,,,,,,,,,,,,,,,,,,,,,,,,,,,,,,,,,,
1784058278.825,226131000,229,1,3,0,10.0,25.0,10.0,25.0,9.411991119384766,25.500652313232422,-0.5006521940231323,34.81623458862305,50.1784782409668,0.0,0.0,0.0,1.0,1.0,0.0,1.0149736404418945,0.5880087614059448,18.0,0.0,,,,,,,,,,,,,,,,,,,,,,,,,,,,,,,,,,,,,,
1784058278.840,226146000,230,2,255,0,,,,,,,,,,,,,,,,,,,,0.0,0.0,0.0,0.0,3.0,2.450000047683716,0.0,0.0,0.022678468376398087,-0.013037224300205708,0.04005906730890274,1.0,0.0,0.0,0.0,0.0,0.0,0.0,0.0,,,,,,,,,,,,,,,,,,,
1784058278.859,226161000,231,3,254,0,,,,,,,,,,,,,,,,,,,,,,,,,,,,,,,,,,,,,,,1.0,1.0,1.0,1.0,1.0,1.0,4.0,0.0,-1.4253249168395996,0.13703157007694244,0.0007578134536743164,0.0036202967166900635,0.0,0.0,0.08686065673828125,0.004736997187137604,-1.4245671033859253,0.1406518667936325,9.89686107635498
1784058278.968,226261000,236,1,0,0,10.0,25.0,10.0,25.0,9.2632417678833,25.335004806518555,-0.33500492572784424,33.863624572753906,43.906166076660156,0.0,0.0,0.0,1.0,1.0,0.0,-0.9788572788238525,0.7367573976516724,18.0,0.0,,,,,,,,,,,,,,,,,,,,,,,,,,,,,,,,,,,,,,
1784058278.997,226286000,237,1,1,0,10.0,25.0,10.0,25.0,9.270416259765625,25.131807327270508,-0.13180673122406006,43.581356048583984,47.669551849365234,0.0,0.0,0.0,1.0,1.0,0.0,1.279520869255066,0.729583203792572,18.0,0.0,,,,,,,,,,,,,,,,,,,,,,,,,,,,,,,,,,,,,,
1784058279.002,226314000,238,1,2,0,10.0,25.0,10.0,25.0,9.123080253601074,24.976612091064453,0.02338886260986328,47.39947509765625,46.83324432373047,0.0,0.0,0.0,1.0,1.0,0.0,-1.3877818584442139,0.876919150352478,18.0,0.0,,,,,,,,,,,,,,,,,,,,,,,,,,,,,,,,,,,,,,
1784058279.036,226335000,239,1,3,0,10.0,25.0,10.0,25.0,9.41268539428711,25.500530242919922,-0.5005300045013428,34.934627532958984,50.1784782409668,0.0,0.0,0.0,1.0,1.0,0.0,1.0188398361206055,0.5873136520385742,18.0,0.0,,,,,,,,,,,,,,,,,,,,,,,,,,,,,,,,,,,,,,
1784058279.043,226348000,240,2,255,0,,,,,,,,,,,,,,,,,,,,0.0,0.0,0.0,0.0,3.0,2.450000047683716,0.0,0.0,0.02290450595319271,-0.017389599233865738,0.04006025195121765,1.0,0.0,0.0,0.0,0.0,0.0,0.0,0.0,,,,,,,,,,,,,,,,,,,
1784058279.058,226363000,241,3,254,0,,,,,,,,,,,,,,,,,,,,,,,,,,,,,,,,,,,,,,,1.0,1.0,1.0,1.0,1.0,1.0,4.0,0.0,-1.4253249168395996,0.13703157007694244,-0.016606926918029785,-0.010401546955108643,0.0,0.0,0.008240699768066406,0.005016161594539881,-1.4419318437576294,0.1266300231218338,9.818241119384766
1784058279.170,226458000,246,1,0,0,10.0,25.0,10.0,25.0,9.264283180236816,25.334056854248047,-0.3340572118759155,33.456825256347656,43.906166076660156,0.0,0.0,0.0,1.0,1.0,0.0,-0.9659578800201416,0.7357157468795776,18.0,0.0,,,,,,,,,,,,,,,,,,,,,,,,,,,,,,,,,,,,,,
1784058279.218,226482000,247,1,1,0,10.0,25.0,10.0,25.0,9.269620895385742,25.13214683532715,-0.13214647769927979,43.57417297363281,47.669551849365234,0.0,0.0,0.0,1.0,1.0,0.0,1.279166340827942,0.7303789258003235,18.0,0.0,,,,,,,,,,,,,,,,,,,,,,,,,,,,,,,,,,,,,,
1784058279.222,226508000,248,1,2,0,10.0,25.0,10.0,25.0,9.124037742614746,24.97591781616211,0.024081766605377197,47.598724365234375,46.83324432373047,0.0,0.0,0.0,1.0,1.0,0.0,-1.3947467803955078,0.8759617805480957,18.0,0.0,,,,,,,,,,,,,,,,,,,,,,,,,,,,,,,,,,,,,,
1784058279.222,226535000,249,1,3,0,10.0,25.0,10.0,25.0,9.412877082824707,25.500370025634766,-0.5003690719604492,34.877498626708984,50.1784782409668,0.0,0.0,0.0,1.0,1.0,0.0,1.016899824142456,0.5871221423149109,18.0,0.0,,,,,,,,,,,,,,,,,,,,,,,,,,,,,,,,,,,,,,
1784058279.259,226556000,250,2,255,0,,,,,,,,,,,,,,,,,,,,0.0,0.0,0.0,0.0,3.0,2.450000047683716,0.0,0.0,0.027574699372053146,-0.012593163177371025,0.040087271481752396,1.0,0.0,0.0,0.0,0.0,0.0,0.0,0.0,,,,,,,,,,,,,,,,,,,
1784058279.272,226570000,251,3,254,0,,,,,,,,,,,,,,,,,,,,,,,,,,,,,,,,,,,,,,,1.0,1.0,1.0,1.0,1.0,1.0,4.0,0.0,-1.4253249168395996,0.13703157007694244,0.012643218040466309,-0.013733141124248505,0.0,0.0,0.04897499084472656,0.005454304628074169,-1.4126816987991333,0.12329842895269394,9.761025428771973
1784058279.375,226667000,0,1,0,0,10.0,25.0,10.0,25.0,9.259746551513672,25.337182998657227,-0.33718347549438477,33.63996887207031,43.906166076660156,0.0,0.0,0.0,1.0,1.0,0.0,-0.9715924859046936,0.740253210067749,18.0,0.0,,,,,,,,,,,,,,,,,,,,,,,,,,,,,,,,,,,,,,
1784058279.375,226693000,1,1,1,0,10.0,25.0,10.0,25.0,9.269148826599121,25.13197898864746,-0.1319795846939087,43.829105377197266,47.669551849365234,0.0,0.0,0.0,1.0,1.0,0.0,1.2873660326004028,0.7308505773544312,18.0,0.0,,,,,,,,,,,,,,,,,,,,,,,,,,,,,,,,,,,,,,
1784058279.413,226712000,2,1,2,0,10.0,25.0,10.0,25.0,9.121671676635742,24.978092193603516,0.021907687187194824,47.497108459472656,46.83324432373047,0.0,0.0,0.0,1.0,1.0,0.0,-1.3912016153335571,0.8783280849456787,18.0,0.0,,,,,,,,,,,,,,,,,,,,,,,,,,,,,,,,,,,,,,
1784058279.431,226732000,3,1,3,0,10.0,25.0,10.0,25.0,9.412721633911133,25.500465393066406,-0.5004644393920898,34.80809783935547,50.1784782409668,0.0,0.0,0.0,1.0,1.0,0.0,1.014929175376892,0.587277889251709,18.0,0.0,,,,,,,,,,,,,,,,,,,,,,,,,,,,,,,,,,,,,,
1784058279.450,226750000,4,2,255,0,,,,,,,,,,,,,,,,,,,,0.0,0.0,0.0,0.0,3.0,2.450000047683716,0.0,0.0,0.03436564654111862,-0.005557269789278507,0.04013542830944061,1.0,0.0,0.0,0.0,0.0,0.0,0.0,0.0,,,,,,,,,,,,,,,,,,,
1784058279.473,226771000,5,3,254,0,,,,,,,,,,,,,,,,,,,,,,,,,,,,,,,,,,,,,,,1.0,1.0,1.0,1.0,1.0,1.0,4.0,0.0,-1.4253249168395996,0.13703157007694244,0.04408407211303711,-0.012175001204013824,0.0,0.0,0.17869186401367188,0.0014241341268643737,-1.3812408447265625,0.12485656887292862,9.988692283630371
1784058279.583,226891000,10,1,0,0,10.0,25.0,10.0,25.0,9.260578155517578,25.3377742767334,-0.33777356147766113,33.70719909667969,43.906166076660156,0.0,0.0,0.0,1.0,1.0,0.0,-0.9739896059036255,0.7394209504127502,18.0,0.0,,,,,,,,,,,,,,,,,,,,,,,,,,,,,,,,,,,,,,
1784058279.596,226904000,11,1,1,0,10.0,25.0,10.0,25.0,9.269169807434082,25.131929397583008,-0.1319289207458496,43.73872756958008,47.669551849365234,0.0,0.0,0.0,1.0,1.0,0.0,1.2845649719238281,0.7308297157287598,18.0,0.0,,,,,,,,,,,,,,,,,,,,,,,,,,,,,,,,,,,,,,
1784058279.616,226917000,12,1,2,0,10.0,25.0,10.0,25.0,9.122513771057129,24.97739601135254,0.02260357141494751,47.670555114746094,46.83324432373047,0.0,0.0,0.0,1.0,1.0,0.0,-1.3970918655395508,0.8774853944778442,18.0,0.0,,,,,,,,,,,,,,,,,,,,,,,,,,,,,,,,,,,,,,
1784058279.632,226931000,13,1,3,0,10.0,25.0,10.0,25.0,9.413978576660156,25.49910545349121,-0.49910545349121094,35.0112190246582,50.1784782409668,0.0,0.0,0.0,1.0,1.0,0.0,1.0216413736343384,0.5860209465026855,18.0,0.0,,,,,,,,,,,,,,,,,,,,,,,,,,,,,,,,,,,,,,
1784058279.652,226947000,14,2,255,0,,,,,,,,,,,,,,,,,,,,0.0,0.0,0.0,0.0,3.0,2.450000047683716,0.0,0.0,0.03609881177544594,-0.004389784298837185,0.040149398148059845,1.0,0.0,0.0,0.0,0.0,0.0,0.0,0.0,,,,,,,,,,,,,,,,,,,
1784058279.666,226965000,15,3,254,0,,,,,,,,,,,,,,,,,,,,,,,,,,,,,,,,,,,,,,,1.0,1.0,1.0,1.0,1.0,1.0,4.0,0.0,-1.4253249168395996,0.13703157007694244,0.06109035015106201,-0.027841560542583466,0.0,0.0,0.07814884185791016,0.006899392697960138,-1.3642345666885376,0.10919000953435898,9.731851577758789
1784058279.788,227083000,20,1,0,0,10.0,25.0,10.0,25.0,9.258732795715332,25.335613250732422,-0.3356128931045532,33.53231430053711,43.906166076660156,0.0,0.0,0.0,1.0,1.0,0.0,-0.9678994417190552,0.7412664890289307,18.0,0.0,,,,,,,,,,,,,,,,,,,,,,,,,,,,,,,,,,,,,,
1784058279.840,227103000,21,1,1,0,10.0,25.0,10.0,25.0,9.269330024719238,25.132734298706055,-0.13273358345031738,43.69706726074219,47.669551849365234,0.0,0.0,0.0,1.0,1.0,0.0,1.2832045555114746,0.7306694984436035,18.0,0.0,,,,,,,,,,,,,,,,,,,,,,,,,,,,,,,,,,,,,,
1784058279.840,227116000,22,1,2,0,10.0,25.0,10.0,25.0,9.12171745300293,24.978116989135742,0.021883845329284668,47.50612258911133,46.83324432373047,0.0,0.0,0.0,1.0,1.0,0.0,-1.391370177268982,0.8782818913459778,18.0,0.0,,,,,,,,,,,,,,,,,,,,,,,,,,,,,,,,,,,,,,
1784058279.840,227130000,23,1,3,0,10.0,25.0,10.0,25.0,9.413311958312988,25.49930763244629,-0.49930810928344727,35.04159927368164,50.1784782409668,0.0,0.0,0.0,1.0,1.0,0.0,1.022573709487915,0.5866878032684326,18.0,0.0,,,,,,,,,,,,,,,,,,,,,,,,,,,,,,,,,,,,,,
1784058279.867,227146000,24,2,255,0,,,,,,,,,,,,,,,,,,,,0.0,0.0,0.0,0.0,3.0,2.450000047683716,0.0,0.0,0.028035730123519897,-0.004457751289010048,0.040090207010507584,1.0,0.0,0.0,0.0,0.0,0.0,0.0,0.0,,,,,,,,,,,,,,,,,,,
1784058279.867,227163000,25,3,254,0,,,,,,,,,,,,,,,,,,,,,,,,,,,,,,,,,,,,,,,1.0,1.0,1.0,1.0,1.0,1.0,4.0,0.0,-1.4253249168395996,0.13703157007694244,0.05194544792175293,-0.010195836424827576,0.0,0.0,0.07982063293457031,0.009551041759550571,-1.3733794689178467,0.12683573365211487,9.88982105255127
1784058279.966,227273000,30,1,0,0,10.0,25.0,10.0,25.0,9.260052680969238,25.33513641357422,-0.3351360559463501,33.61520004272461,43.906166076660156,0.0,0.0,0.0,1.0,1.0,0.0,-0.9708277583122253,0.7399469614028931,18.0,0.0,,,,,,,,,,,,,,,,,,,,,,,,,,,,,,,,,,,,,,
1784058279.986,227293000,31,1,1,0,10.0,25.0,10.0,25.0,9.268383026123047,25.13364028930664,-0.13363957405090332,43.399009704589844,47.669551849365234,0.0,0.0,0.0,1.0,1.0,0.0,1.273790955543518,0.7316164970397949,18.0,0.0,,,,,,,,,,,,,,,,,,,,,,,,,,,,,,,,,,,,,,
1784058280.008,227305000,32,1,2,0,10.0,25.0,10.0,25.0,9.121010780334473,24.97793960571289,0.02205967903137207,47.849403381347656,46.83324432373047,0.0,0.0,0.0,1.0,1.0,0.0,-1.4023268222808838,0.8789889812469482,18.0,0.0,,,,,,,,,,,,,,,,,,,,,,,,,,,,,,,,,,,,,,
1784058280.016,227318000,33,1,3,0,10.0,25.0,10.0,25.0,9.411767959594727,25.500858306884766,-0.5008578300476074,35.37253952026367,50.1784782409668,0.0,0.0,0.0,1.0,1.0,0.0,1.0338497161865234,0.5882315635681152,18.0,0.0,,,,,,,,,,,,,,,,,,,,,,,,,,,,,,,,,,,,,,
1784058280.047,227332000,34,2,255,0,,,,,,,,,,,,,,,,,,,,0.0,0.0,0.0,0.0,3.0,2.450000047683716,0.0,0.0,0.012817757204174995,-0.0011431900784373283,0.04001889377832413,1.0,0.0,0.0,0.0,0.0,0.0,0.0,0.0,,,,,,,,,,,,,,,,,,,
1784058280.047,227348000,35,3,254,0,,,,,,,,,,,,,,,,,,,,,,,,,,,,,,,,,,,,,,,1.0,1.0,1.0,1.0,1.0,1.0,4.0,0.0,-1.4253249168395996,0.13703157007694244,0.00032782554626464844,0.010146662592887878,0.0,0.0,0.021373748779296875,0.005993545055389404,-1.424997091293335,0.14717823266983032,9.831374168395996
1784058280.139,227458000,40,1,0,0,10.0,25.0,10.0,25.0,9.262716293334961,25.33368682861328,-0.3336876630783081,33.57719421386719,43.906166076660156,0.0,0.0,0.0,1.0,1.0,0.0,-0.9696040153503418,0.7372833490371704,18.0,0.0,,,,,,,,,,,,,,,,,,,,,,,,,,,,,,,,,,,,,,
1784058280.174,227478000,41,1,1,0,10.0,25.0,10.0,25.0,9.269343376159668,25.132814407348633,-0.13281404972076416,43.67952346801758,47.669551849365234,0.0,0.0,0.0,1.0,1.0,0.0,1.282821536064148,0.730656087398529,18.0,0.0,,,,,,,,,,,,,,,,,,,,,,,,,,,,,,,,,,,,,,
1784058280.196,227491000,42,1,2,0,10.0,25.0,10.0,25.0,9.121103286743164,24.977869033813477,0.02213120460510254,47.527313232421875,46.83324432373047,0.0,0.0,0.0,1.0,1.0,0.0,-1.3921395540237427,0.8788965940475464,18.0,0.0,,,,,,,,,,,,,,,,,,,,,,,,,,,,,,,,,,,,,,
1784058280.200,227506000,43,1,3,0,10.0,25.0,10.0,25.0,9.411995887756348,25.50078010559082,-0.5007803440093994,34.9055061340332,50.1784782409668,0.0,0.0,0.0,1.0,1.0,0.0,1.0176551342010498,0.5880035161972046,18.0,0.0,,,,,,,,,,,,,,,,,,,,,,,,,,,,,,,,,,,,,,
1784058280.217,227520000,44,2,255,0,,,,,,,,,,,,,,,,,,,,0.0,0.0,0.0,0.0,3.0,2.450000047683716,0.0,0.0,0.015356370247900486,-0.01084841974079609,0.040027108043432236,1.0,0.0,0.0,0.0,0.0,0.0,0.0,0.0,,,,,,,,,,,,,,,,,,,
1784058280.239,227537000,45,3,254,0,,,,,,,,,,,,,,,,,,,,,,,,,,,,,,,,,,,,,,,1.0,1.0,1.0,1.0,1.0,1.0,4.0,0.0,-1.4253249168395996,0.13703157007694244,-0.019173145294189453,-0.010489612817764282,0.0,0.0,0.07055377960205078,0.004077158868312836,-1.444498062133789,0.12654195725917816,9.739446640014648
1784058280.343,227652000,50,1,0,0,10.0,25.0,10.0,25.0,9.263801574707031,25.334232330322266,-0.33423304557800293,33.42130661010742,43.906166076660156,0.0,0.0,0.0,1.0,1.0,0.0,-0.9645185470581055,0.736197829246521,18.0,0.0,,,,,,,,,,,,,,,,,,,,,,,,,,,,,,,,,,,,,,
1784058280.366,227672000,51,1,1,0,10.0,25.0,10.0,25.0,9.269669532775879,25.132183074951172,-0.13218224048614502,43.633419036865234,47.669551849365234,0.0,0.0,0.0,1.0,1.0,0.0,1.281214714050293,0.7303297519683838,18.0,0.0,,,,,,,,,,,,,,,,,,,,,,,,,,,,,,,,,,,,,,
1784058280.389,227685000,52,1,2,0,10.0,25.0,10.0,25.0,9.12294864654541,24.97675132751465,0.023248791694641113,47.45035171508789,46.83324432373047,0.0,0.0,0.0,1.0,1.0,0.0,-1.3899732828140259,0.8770502805709839,18.0,0.0,,,,,,,,,,,,,,,,,,,,,,,,,,,,,,,,,,,,,,
1784058280.396,227700000,53,1,3,0,10.0,25.0,10.0,25.0,9.414072036743164,25.499034881591797,-0.49903392791748047,34.72306823730469,50.1784782409668,0.0,0.0,0.0,1.0,1.0,0.0,1.0122417211532593,0.5859270691871643,18.0,0.0,,,,,,,,,,,,,,,,,,,,,,,,,,,,,,,,,,,,,,
1784058280.422,227717000,54,2,255,0,,,,,,,,,,,,,,,,,,,,0.0,0.0,0.0,0.0,3.0,2.450000047683716,0.0,0.0,0.01542386133223772,-0.021179543808102608,0.040051527321338654,1.0,0.0,0.0,0.0,0.0,0.0,0.0,0.0,,,,,,,,,,,,,,,,,,,
1784058280.436,227734000,55,3,254,0,,,,,,,,,,,,,,,,,,,,,,,,,,,,,,,,,,,,,,,1.0,1.0,1.0,1.0,1.0,1.0,4.0,0.0,-1.4253249168395996,0.13703157007694244,-0.009638667106628418,-0.022264473140239716,0.0,0.0,0.005505561828613281,0.0030649739783257246,-1.434963583946228,0.11476709693670273,9.804494857788086
1784058280.564,227851000,60,1,0,0,10.0,25.0,10.0,25.0,9.26150894165039,25.3360595703125,-0.33605992794036865,33.711036682128906,43.906166076660156,0.0,0.0,0.0,1.0,1.0,0.0,-0.9739996194839478,0.7384903430938721,18.0,0.0,,,,,,,,,,,,,,,,,,,,,,,,,,,,,,,,,,,,,,
1784058280.564,227878000,61,1,1,0,10.0,25.0,10.0,25.0,9.27050495147705,25.13186264038086,-0.13186335563659668,43.55714416503906,47.669551849365234,0.0,0.0,0.0,1.0,1.0,0.0,1.2788022756576538,0.729494571685791,18.0,0.0,,,,,,,,,,,,,,,,,,,,,,,,,,,,,,,,,,,,,,
1784058280.597,227899000,62,1,2,0,10.0,25.0,10.0,25.0,9.124003410339355,24.975893020629883,0.02410709857940674,47.4906120300293,46.83324432373047,0.0,0.0,0.0,1.0,1.0,0.0,-1.3907842636108398,0.8759960532188416,18.0,0.0,,,,,,,,,,,,,,,,,,,,,,,,,,,,,,,,,,,,,,
1784058280.610,227912000,63,1,3,0,10.0,25.0,10.0,25.0,9.413686752319336,25.49968910217285,-0.49968957901000977,35.010231018066406,50.1784782409668,0.0,0.0,0.0,1.0,1.0,0.0,1.021592617034912,0.586313009262085,18.0,0.0,,,,,,,,,,,,,,,,,,,,,,,,,,,,,,,,,,,,,,
1784058280.630,227927000,64,2,255,0,,,,,,,,,,,,,,,,,,,,0.0,0.0,0.0,0.0,3.0,2.450000047683716,0.0,0.0,0.026611056178808212,-0.014882915653288364,0.040081288665533066,1.0,0.0,0.0,0.0,0.0,0.0,0.0,0.0,,,,,,,,,,,,,,,,,,,
1784058280.645,227943000,65,3,254,0,,,,,,,,,,,,,,,,,,,,,,,,,,,,,,,,,,,,,,,1.0,1.0,1.0,1.0,1.0,1.0,4.0,0.0,-1.4253249168395996,0.13703157007694244,0.0205610990524292,-0.01828409731388092,0.0,0.0,0.13036346435546875,0.010428620502352715,-1.4047638177871704,0.11874747276306152,9.940363883972168
1784058280.741,228058000,70,1,0,0,10.0,25.0,10.0,25.0,9.26323413848877,25.33500862121582,-0.335007905960083,33.6761589050293,43.906166076660156,0.0,0.0,0.0,1.0,1.0,0.0,-0.9727643132209778,0.7367655634880066,18.0,0.0,,,,,,,,,,,,,,,,,,,,,,,,,,,,,,,,,,,,,,
1784058280.779,228078000,71,1,1,0,10.0,25.0,10.0,25.0,9.269170761108398,25.131929397583008,-0.1319289207458496,43.74574279785156,47.669551849365234,0.0,0.0,0.0,1.0,1.0,0.0,1.2846176624298096,0.7308289408683777,18.0,0.0,,,,,,,,,,,,,,,,,,,,,,,,,,,,,,,,,,,,,,
1784058280.779,228091000,72,1,2,0,10.0,25.0,10.0,25.0,9.124895095825195,24.976428985595703,0.023570656776428223,47.54329299926758,46.83324432373047,0.0,0.0,0.0,1.0,1.0,0.0,-1.3931416273117065,0.8751041889190674,18.0,0.0,,,,,,,,,,,,,,,,,,,,,,,,,,,,,,,,,,,,,,
1784058280.801,228106000,73,1,3,0,10.0,25.0,10.0,25.0,9.41348648071289,25.500181198120117,-0.5001813173294067,34.90471649169922,50.1784782409668,0.0,0.0,0.0,1.0,1.0,0.0,1.0182915925979614,0.5865126848220825,18.0,0.0,,,,,,,,,,,,,,,,,,,,,,,,,,,,,,,,,,,,,,
1784058280.820,228121000,74,2,255,0,,,,,,,,,,,,,,,,,,,,0.0,0.0,0.0,0.0,3.0,2.450000047683716,0.0,0.0,0.041424740105867386,-0.00360257551074028,0.04019659012556076,1.0,0.0,0.0,0.0,0.0,0.0,0.0,0.0,,,,,,,,,,,,,,,,,,,
1784058280.841,228139000,75,3,254,0,,,,,,,,,,,,,,,,,,,,,,,,,,,,,,,,,,,,,,,1.0,1.0,1.0,1.0,1.0,1.0,4.0,0.0,-1.4253249168395996,0.13703157007694244,0.05623281002044678,-0.012454204261302948,0.0,0.0,0.029172897338867188,0.01105770468711853,-1.3690921068191528,0.1245773658156395,9.839173316955566
1784058280.951,228253000,80,1,0,0,10.0,25.0,10.0,25.0,9.261184692382812,25.335710525512695,-0.3357112407684326,33.70771789550781,43.906166076660156,0.0,0.0,0.0,1.0,1.0,0.0,-0.97367924451828,0.7388144731521606,18.0,0.0,,,,,,,,,,,,,,,,,,,,,,,,,,,,,,,,,,,,,,
1784058280.978,228266000,81,1,1,0,10.0,25.0,10.0,25.0,9.268978118896484,25.132427215576172,-0.13242661952972412,43.5758056640625,47.669551849365234,0.0,0.0,0.0,1.0,1.0,0.0,1.2791073322296143,0.7310211658477783,18.0,0.0,,,,,,,,,,,,,,,,,,,,,,,,,,,,,,,,,,,,,,
1784058280.978,228281000,82,1,2,0,10.0,25.0,10.0,25.0,9.122661590576172,24.977346420288086,0.022652745246887207,47.59269332885742,46.83324432373047,0.0,0.0,0.0,1.0,1.0,0.0,-1.3944659233093262,0.8773379325866699,18.0,0.0,,,,,,,,,,,,,,,,,,,,,,,,,,,,,,,,,,,,,,
1784058280.995,228297000,83,1,3,0,10.0,25.0,10.0,25.0,9.414045333862305,25.49908447265625,-0.49908459186553955,35.0452880859375,50.1784782409668,0.0,0.0,0.0,1.0,1.0,0.0,1.0224597454071045,0.5859538912773132,18.0,0.0,,,,,,,,,,,,,,,,,,,,,,,,,,,,,,,,,,,,,,
1784058281.013,228315000,84,2,255,0,,,,,,,,,,,,,,,,,,,,0.0,0.0,0.0,0.0,3.0,2.450000047683716,0.0,0.0,0.03420542925596237,0.004655058961361647,0.04013416916131973,1.0,0.0,0.0,0.0,0.0,0.0,0.0,0.0,,,,,,,,,,,,,,,,,,,
1784058281.036,228334000,85,3,254,0,,,,,,,,,,,,,,,,,,,,,,,,,,,,,,,,,,,,,,,1.0,1.0,1.0,1.0,1.0,1.0,4.0,0.0,-1.4253249168395996,0.13703157007694244,0.06421053409576416,-0.007153362035751343,0.0,0.0,0.015819549560546875,0.005987171549350023,-1.3611143827438354,0.1298782080411911,9.825819969177246
1784058281.137,228454000,90,1,0,0,10.0,25.0,10.0,25.0,9.260090827941895,25.335168838500977,-0.33516883850097656,33.649051666259766,43.906166076660156,0.0,0.0,0.0,1.0,1.0,0.0,-0.9715924263000488,0.7399089336395264,18.0,0.0,,,,,,,,,,,,,,,,,,,,,,,,,,,,,,,,,,,,,,
1784058281.168,228475000,91,1,1,0,10.0,25.0,10.0,25.0,9.26960277557373,25.13219451904297,-0.1321941614151001,43.713199615478516,47.669551849365234,0.0,0.0,0.0,1.0,1.0,0.0,1.2836803197860718,0.7303968071937561,18.0,0.0,,,,,,,,,,,,,,,,,,,,,,,,,,,,,,,,,,,,,,
1784058281.183,228488000,92,1,2,0,10.0,25.0,10.0,25.0,9.12082290649414,24.978443145751953,0.02155601978302002,47.46794128417969,46.83324432373047,0.0,0.0,0.0,1.0,1.0,0.0,-1.39017653465271,0.8791767358779907,18.0,0.0,,,,,,,,,,,,,,,,,,,,,,,,,,,,,,,,,,,,,,
1784058281.197,228502000,93,1,3,0,10.0,25.0,10.0,25.0,9.413222312927246,25.499338150024414,-0.49933791160583496,34.93512725830078,50.1784782409668,0.0,0.0,0.0,1.0,1.0,0.0,1.019121766090393,0.5867772102355957,18.0,0.0,,,,,,,,,,,,,,,,,,,,,,,,,,,,,,,,,,,,,,
1784058281.215,228518000,94,2,255,0,,,,,,,,,,,,,,,,,,,,0.0,0.0,0.0,0.0,3.0,2.450000047683716,0.0,0.0,0.017668070271611214,0.006785619538277388,0.04003587365150452,1.0,0.0,0.0,0.0,0.0,0.0,0.0,0.0,,,,,,,,,,,,,,,,,,,
1784058281.234,228535000,95,3,254,0,,,,,,,,,,,,,,,,,,,,,,,,,,,,,,,,,,,,,,,1.0,1.0,1.0,1.0,1.0,1.0,4.0,0.0,-1.4253249168395996,0.13703157007694244,0.03722262382507324,0.011963635683059692,0.0,0.0,0.17834854125976562,0.006408975925296545,-1.3881022930145264,0.14899520576000214,9.988348960876465
1784058281.331,228650000,100,1,0,0,10.0,25.0,10.0,25.0,9.25913143157959,25.335935592651367,-0.33593475818634033,33.690860748291016,43.906166076660156,0.0,0.0,0.0,1.0,1.0,0.0,-0.9728689193725586,0.7408678531646729,18.0,0.0,,,,,,,,,,,,,,,,,,,,,,,,,,,,,,,,,,,,,,
1784058281.362,228670000,101,1,1,0,10.0,25.0,10.0,25.0,9.26870059967041,25.133007049560547,-0.13300776481628418,43.62154006958008,47.669551849365234,0.0,0.0,0.0,1.0,1.0,0.0,1.2806516885757446,0.7312990427017212,18.0,0.0,,,,,,,,,,,,,,,,,,,,,,,,,,,,,,,,,,,,,,
1784058281.377,228682000,102,1,2,0,10.0,25.0,10.0,25.0,9.119512557983398,24.978927612304688,0.021073222160339355,47.39556121826172,46.83324432373047,0.0,0.0,0.0,1.0,1.0,0.0,-1.3875024318695068,0.8804864883422852,18.0,0.0,,,,,,,,,,,,,,,,,,,,,,,,,,,,,,,,,,,,,,
1784058281.393,228696000,103,1,3,0,10.0,25.0,10.0,25.0,9.412293434143066,25.500160217285156,-0.5001604557037354,34.94890213012695,50.1784782409668,0.0,0.0,0.0,1.0,1.0,0.0,1.0192208290100098,0.5877062678337097,18.0,0.0,,,,,,,,,,,,,,,,,,,,,,,,,,,,,,,,,,,,,,
1784058281.410,228711000,104,2,255,0,,,,,,,,,,,,,,,,,,,,0.0,0.0,0.0,0.0,3.0,2.450000047683716,0.0,0.0,0.018085459247231483,-0.0011808362323790789,0.04003758728504181,1.0,0.0,0.0,0.0,0.0,0.0,0.0,0.0,,,,,,,,,,,,,,,,,,,
1784058281.431,228728000,105,3,254,0,,,,,,,,,,,,,,,,,,,,,,,,,,,,,,,,,,,,,,,1.0,1.0,1.0,1.0,1.0,1.0,4.0,0.0,-1.4253249168395996,0.13703157007694244,0.02191483974456787,-0.0027905553579330444,0.0,0.0,0.11432266235351562,0.00903159286826849,-1.4034100770950317,0.1342410147190094,9.695677757263184
1784058281.529,228845000,110,1,0,0,10.0,25.0,10.0,25.0,9.262296676635742,25.33440589904785,-0.33440589904785156,33.776153564453125,43.906166076660156,0.0,0.0,0.0,1.0,1.0,0.0,-0.9759920239448547,0.7377028465270996,18.0,0.0,,,,,,,,,,,,,,,,,,,,,,,,,,,,,,,,,,,,,,
1784058281.562,228865000,111,1,1,0,10.0,25.0,10.0,25.0,9.269545555114746,25.13231086730957,-0.1323103904724121,43.73576736450195,47.669551849365234,0.0,0.0,0.0,1.0,1.0,0.0,1.2843806743621826,0.7304534316062927,18.0,0.0,,,,,,,,,,,,,,,,,,,,,,,,,,,,,,,,,,,,,,
1784058281.584,228878000,112,1,2,0,10.0,25.0,10.0,25.0,9.120684623718262,24.977582931518555,0.022417306900024414,47.553714752197266,46.83324432373047,0.0,0.0,0.0,1.0,1.0,0.0,-1.392978310585022,0.8793145418167114,18.0,0.0,,,,,,,,,,,,,,,,,,,,,,,,,,,,,,,,,,,,,,
1784058281.608,228893000,113,1,3,0,10.0,25.0,10.0,25.0,9.413887977600098,25.499147415161133,-0.4991471767425537,35.079830169677734,50.1784782409668,0.0,0.0,0.0,1.0,1.0,0.0,1.0237258672714233,0.5861110687255859,18.0,0.0,,,,,,,,,,,,,,,,,,,,,,,,,,,,,,,,,,,,,,
1784058281.613,228910000,114,2,255,0,,,,,,,,,,,,,,,,,,,,0.0,0.0,0.0,0.0,3.0,2.450000047683716,0.0,0.0,0.020407479256391525,-0.015055262483656406,0.04004784673452377,1.0,0.0,0.0,0.0,0.0,0.0,0.0,0.0,,,,,,,,,,,,,,,,,,,
1784058281.636,228929000,115,3,254,0,,,,,,,,,,,,,,,,,,,,,,,,,,,,,,,,,,,,,,,1.0,1.0,1.0,1.0,1.0,1.0,4.0,0.0,-1.4253249168395996,0.13703157007694244,0.0033916234970092773,-0.012116476893424988,0.0,0.0,0.0646352767944336,0.009997071698307991,-1.4219332933425903,0.12491509318351746,9.874635696411133
1784058281.742,229045000,120,1,0,0,10.0,25.0,10.0,25.0,9.262107849121094,25.33489990234375,-0.3349006175994873,33.62910461425781,43.906166076660156,0.0,0.0,0.0,1.0,1.0,0.0,-0.9710687398910522,0.7378913164138794,18.0,0.0,,,,,,,,,,,,,,,,,,,,,,,,,,,,,,,,,,,,,,
1784058281.764,229058000,121,1,1,0,10.0,25.0,10.0,25.0,9.269301414489746,25.132787704467773,-0.13278722763061523,43.697208404541016,47.669551849365234,0.0,0.0,0.0,1.0,1.0,0.0,1.283200740814209,0.7306978106498718,18.0,0.0,,,,,,,,,,,,,,,,,,,,,,,,,,,,,,,,,,,,,,
1784058281.778,229072000,122,1,2,0,10.0,25.0,10.0,25.0,9.122551918029785,24.976428985595703,0.023570656776428223,47.49095153808594,46.83324432373047,0.0,0.0,0.0,1.0,1.0,0.0,-1.390748381614685,0.8774474263191223,18.0,0.0,,,,,,,,,,,,,,,,,,,,,,,,,,,,,,,,,,,,,,
1784058281.778,229088000,123,1,3,0,10.0,25.0,10.0,25.0,9.413453102111816,25.500244140625,-0.5002439022064209,34.97423553466797,50.1784782409668,0.0,0.0,0.0,1.0,1.0,0.0,1.0201462507247925,0.5865461826324463,18.0,0.0,,,,,,,,,,,,,,,,,,,,,,,,,,,,,,,,,,,,,,
1784058281.812,229106000,124,2,255,0,,,,,,,,,,,,,,,,,,,,0.0,0.0,0.0,0.0,3.0,2.450000047683716,0.0,0.0,0.03441738337278366,-0.02102486789226532,0.040135834366083145,1.0,0.0,0.0,0.0,0.0,0.0,0.0,0.0,,,,,,,,,,,,,,,,,,,
1784058281.835,229126000,125,3,254,0,,,,,,,,,,,,,,,,,,,,,,,,,,,,,,,,,,,,,,,1.0,1.0,1.0,1.0,1.0,1.0,4.0,0.0,-1.4253249168395996,0.13703157007694244,0.00836944580078125,-0.021255992352962494,0.0,0.0,0.14283370971679688,0.004990143235772848,-1.4169554710388184,0.11577557772397995,9.952834129333496
1784058281.938,229239000,130,1,0,0,10.0,25.0,10.0,25.0,9.264033317565918,25.33466148376465,-0.33466219902038574,33.63284683227539,43.906166076660156,0.0,0.0,0.0,1.0,1.0,0.0,-0.9716829657554626,0.7359660863876343,18.0,0.0,,,,,,,,,,,,,,,,,,,,,,,,,,,,,,,,,,,,,,
1784058281.957,229257000,131,1,1,0,10.0,25.0,10.0,25.0,9.269515991210938,25.132707595825195,-0.13270676136016846,43.50529098510742,47.669551849365234,0.0,0.0,0.0,1.0,1.0,0.0,1.2767095565795898,0.7304832339286804,18.0,0.0,,,,,,,,,,,,,,,,,,,,,,,,,,,,,,,,,,,,,,
1784058281.980,229277000,132,1,2,0,10.0,25.0,10.0,25.0,9.12369441986084,24.976486206054688,0.0235140323638916,47.654083251953125,46.83324432373047,0.0,0.0,0.0,1.0,1.0,0.0,-1.3960603475570679,0.8763052225112915,18.0,0.0,,,,,,,,,,,,,,,,,,,,,,,,,,,,,,,,,,,,,,
1784058282.004,229299000,133,1,3,0,10.0,25.0,10.0,25.0,9.414251327514648,25.49989891052246,-0.49989819526672363,34.85345458984375,50.1784782409668,0.0,0.0,0.0,1.0,1.0,0.0,1.0161683559417725,0.5857482552528381,18.0,0.0,,,,,,,,,,,,,,,,,,,,,,,,,,,,,,,,,,,,,,
1784058282.035,229324000,134,2,255,0,,,,,,,,,,,,,,,,,,,,0.0,0.0,0.0,0.0,3.0,2.450000047683716,0.0,0.0,0.048301812261343,-0.02897687442600727,0.040267035365104675,1.0,0.0,0.0,0.0,0.0,0.0,0.0,0.0,,,,,,,,,,,,,,,,,,,
1784058282.059,229350000,135,3,254,0,,,,,,,,,,,,,,,,,,,,,,,,,,,,,,,,,,,,,,,1.0,1.0,1.0,1.0,1.0,1.0,4.0,0.0,-1.4253249168395996,0.13703157007694244,0.02716696262359619,-0.029337801039218903,0.0,0.0,0.04999542236328125,0.014003964141011238,-1.3981579542160034,0.10769376903772354,9.85999584197998
1784058282.137,229432000,140,1,0,0,10.0,25.0,10.0,25.0,9.262548446655273,25.33525276184082,-0.3352522850036621,33.661373138427734,43.906166076660156,0.0,0.0,0.0,1.0,1.0,0.0,-0.972290575504303,0.7374510169029236,18.0,0.0,,,,,,,,,,,,,,,,,,,,,,,,,,,,,,,,,,,,,,
1784058282.162,229451000,141,1,1,0,10.0,25.0,10.0,25.0,9.269246101379395,25.131898880004883,-0.13189911842346191,43.69929885864258,47.669551849365234,0.0,0.0,0.0,1.0,1.0,0.0,1.2827255725860596,0.7307529449462891,18.0,0.0,,,,,,,,,,,,,,,,,,,,,,,,,,,,,,,,,,,,,,
1784058282.176,229472000,142,1,2,0,10.0,25.0,10.0,25.0,9.12442398071289,24.97626495361328,0.023734569549560547,47.63846969604492,46.83324432373047,0.0,0.0,0.0,1.0,1.0,0.0,-1.3957000970840454,0.875575065612793,18.0,0.0,,,,,,,,,,,,,,,,,,,,,,,,,,,,,,,,,,,,,,
1784058282.207,229496000,143,1,3,0,10.0,25.0,10.0,25.0,9.41308307647705,25.49986457824707,-0.49986541271209717,34.921875,50.1784782409668,0.0,0.0,0.0,1.0,1.0,0.0,1.0183864831924438,0.5869165062904358,18.0,0.0,,,,,,,,,,,,,,,,,,,,,,,,,,,,,,,,,,,,,,
1784058282.234,229522000,144,2,255,0,,,,,,,,,,,,,,,,,,,,0.0,0.0,0.0,0.0,3.0,2.450000047683716,0.0,0.0,0.04924388974905014,-0.021574413403868675,0.040277522057294846,1.0,0.0,0.0,0.0,0.0,0.0,0.0,0.0,,,,,,,,,,,,,,,,,,,
1784058282.234,229549000,145,3,254,0,,,,,,,,,,,,,,,,,,,,,,,,,,,,,,,,,,,,,,,1.0,1.0,1.0,1.0,1.0,1.0,4.0,0.0,-1.4253249168395996,0.13703157007694244,0.035323143005371094,-0.031173810362815857,0.0,0.0,0.20175743103027344,0.005723761394619942,-1.3900017738342285,0.10585775971412659,10.011757850646973
1784058282.333,229627000,150,1,0,0,10.0,25.0,10.0,25.0,9.260571479797363,25.335466384887695,-0.3354668617248535,33.604034423828125,43.906166076660156,0.0,0.0,0.0,1.0,1.0,0.0,-0.9702904224395752,0.7394276857376099,18.0,0.0,,,,,,,,,,,,,,,,,,,,,,,,,,,,,,,,,,,,,,
1784058282.346,229644000,151,1,1,0,10.0,25.0,10.0,25.0,9.269587516784668,25.1322021484375,-0.1322031021118164,43.5711555480957,47.669551849365234,0.0,0.0,0.0,1.0,1.0,0.0,1.2793265581130981,0.73041170835495,18.0,0.0,,,,,,,,,,,,,,,,,,,,,,,,,,,,,,,,,,,,,,
1784058282.363,229663000,152,1,2,0,10.0,25.0,10.0,25.0,9.122323036193848,24.977895736694336,0.022104382514953613,47.5129280090332,46.83324432373047,0.0,0.0,0.0,1.0,1.0,0.0,-1.3917945623397827,0.8776761293411255,18.0,0.0,,,,,,,,,,,,,,,,,,,,,,,,,,,,,,,,,,,,,,
1784058282.390,229683000,153,1,3,0,10.0,25.0,10.0,25.0,9.414371490478516,25.49844741821289,-0.49844682216644287,34.850440979003906,50.1784782409668,0.0,0.0,0.0,1.0,1.0,0.0,1.0163459777832031,0.585627555847168,18.0,0.0,,,,,,,,,,,,,,,,,,,,,,,,,,,,,,,,,,,,,,
1784058282.418,229706000,154,2,255,0,,,,,,,,,,,,,,,,,,,,0.0,0.0,0.0,0.0,3.0,2.450000047683716,0.0,0.0,0.03575412929058075,-0.016392750665545464,0.040146563202142715,1.0,0.0,0.0,0.0,0.0,0.0,0.0,0.0,,,,,,,,,,,,,,,,,,,
1784058282.445,229731000,155,3,254,0,,,,,,,,,,,,,,,,,,,,,,,,,,,,,,,,,,,,,,,1.0,1.0,1.0,1.0,1.0,1.0,4.0,0.0,-1.4253249168395996,0.13703157007694244,0.07328879833221436,-0.021994657814502716,0.0,0.0,0.0294952392578125,0.0014241341268643737,-1.3520361185073853,0.11503691226243973,9.839495658874512
1784058282.520,229821000,160,1,0,0,10.0,25.0,10.0,25.0,9.261189460754395,25.33523178100586,-0.3352314233779907,33.701683044433594,43.906166076660156,0.0,0.0,0.0,1.0,1.0,0.0,-0.9736104607582092,0.7388100028038025,18.0,0.0,,,,,,,,,,,,,,,,,,,,,,,,,,,,,,,,,,,,,,
1784058282.539,229838000,161,1,1,0,10.0,25.0,10.0,25.0,9.268400192260742,25.13359260559082,-0.133591890335083,43.61209487915039,47.669551849365234,0.0,0.0,0.0,1.0,1.0,0.0,1.2801473140716553,0.7315993309020996,18.0,0.0,,,,,,,,,,,,,,,,,,,,,,,,,,,,,,,,,,,,,,
1784058282.562,229858000,162,1,2,0,10.0,25.0,10.0,25.0,9.121224403381348,24.97787094116211,0.02212822437286377,47.41710662841797,46.83324432373047,0.0,0.0,0.0,1.0,1.0,0.0,-1.3882874250411987,0.8787751197814941,18.0,0.0,,,,,,,,,,,,,,,,,,,,,,,,,,,,,,,,,,,,,,
1784058282.588,229881000,163,1,3,0,10.0,25.0,10.0,25.0,9.413599014282227,25.498733520507812,-0.49873292446136475,34.80955505371094,50.1784782409668,0.0,0.0,0.0,1.0,1.0,0.0,1.014975905418396,0.5864001512527466,18.0,0.0,,,,,,,,,,,,,,,,,,,,,,,,,,,,,,,,,,,,,,
1784058282.624,229905000,164,2,255,0,,,,,,,,,,,,,,,,,,,,0.0,0.0,0.0,0.0,3.0,2.450000047683716,0.0,0.0,0.030263850465416908,-0.013040396384894848,0.04010508581995964,1.0,0.0,0.0,0.0,0.0,0.0,0.0,0.0,,,,,,,,,,,,,,,,,,,
1784058282.624,229932000,165,3,254,0,,,,,,,,,,,,,,,,,,,,,,,,,,,,,,,,,,,,,,,1.0,1.0,1.0,1.0,1.0,1.0,4.0,0.0,-1.4253249168395996,0.13703157007694244,0.07141458988189697,-0.006967619061470032,0.0,0.0,0.16443157196044922,0.004323790781199932,-1.3539103269577026,0.1300639510154724,9.974431991577148
1784058282.722,230020000,170,1,0,0,10.0,25.0,10.0,25.0,9.261469841003418,25.333803176879883,-0.3338038921356201,33.71788787841797,43.906166076660156,0.0,0.0,0.0,1.0,1.0,0.0,-0.9737036228179932,0.7385298609733582,18.0,0.0,,,,,,,,,,,,,,,,,,,,,,,,,,,,,,,,,,,,,,
1784058282.744,230040000,171,1,1,0,10.0,25.0,10.0,25.0,9.269354820251465,25.13280487060547,-0.13280510902404785,43.68461608886719,47.669551849365234,0.0,0.0,0.0,1.0,1.0,0.0,1.282986044883728,0.730644166469574,18.0,0.0,,,,,,,,,,,,,,,,,,,,,,,,,,,,,,,,,,,,,,
1784058282.768,230062000,172,1,2,0,10.0,25.0,10.0,25.0,9.121532440185547,24.97722816467285,0.02277195453643799,47.39198684692383,46.83324432373047,0.0,0.0,0.0,1.0,1.0,0.0,-1.387646198272705,0.8784674406051636,18.0,0.0,,,,,,,,,,,,,,,,,,,,,,,,,,,,,,,,,,,,,,
1784058282.796,230087000,173,1,3,0,10.0,25.0,10.0,25.0,9.411580085754395,25.50046730041504,-0.5004674196243286,34.92336654663086,50.1784782409668,0.0,0.0,0.0,1.0,1.0,0.0,1.0182852745056152,0.5884193181991577,18.0,0.0,,,,,,,,,,,,,,,,,,,,,,,,,,,,,,,,,,,,,,
1784058282.798,230114000,174,2,255,0,,,,,,,,,,,,,,,,,,,,0.0,0.0,0.0,0.0,3.0,2.450000047683716,0.0,0.0,0.03385500982403755,-0.011959037743508816,0.04013144224882126,1.0,0.0,0.0,0.0,0.0,0.0,0.0,0.0,,,,,,,,,,,,,,,,,,,
1784058282.831,230136000,175,3,254,0,,,,,,,,,,,,,,,,,,,,,,,,,,,,,,,,,,,,,,,1.0,1.0,1.0,1.0,1.0,1.0,4.0,0.0,-1.4253249168395996,0.13703157007694244,0.04292583465576172,-0.010893523693084717,0.0,0.0,0.20781707763671875,0.0044331937097013,-1.382399082183838,0.12613804638385773,10.017817497253418
1784058282.935,230223000,180,1,0,0,10.0,25.0,10.0,25.0,9.262006759643555,25.333988189697266,-0.33398866653442383,33.63883972167969,43.906166076660156,0.0,0.0,0.0,1.0,1.0,0.0,-0.9713478088378906,0.7379926443099976,18.0,0.0,,,,,,,,,,,,,,,,,,,,,,,,,,,,,,,,,,,,,,
1784058282.954,230246000,181,1,1,0,10.0,25.0,10.0,25.0,9.270299911499023,25.132030487060547,-0.13203024864196777,43.67947769165039,47.669551849365234,0.0,0.0,0.0,1.0,1.0,0.0,1.2824732065200806,0.729699432849884,18.0,0.0,,,,,,,,,,,,,,,,,,,,,,,,,,,,,,,,,,,,,,
1784058282.979,230271000,182,1,2,0,10.0,25.0,10.0,25.0,9.119996070861816,24.97783660888672,0.022163987159729004,47.51256561279297,46.83324432373047,0.0,0.0,0.0,1.0,1.0,0.0,-1.3915393352508545,0.8800036907196045,18.0,0.0,,,,,,,,,,,,,,,,,,,,,,,,,,,,,,,,,,,,,,
1784058282.981,230298000,183,1,3,0,10.0,25.0,10.0,25.0,9.411273956298828,25.50095558166504,-0.5009561777114868,34.868595123291016,50.1784782409668,0.0,0.0,0.0,1.0,1.0,0.0,1.0166456699371338,0.5887255072593689,18.0,0.0,,,,,,,,,,,,,,,,,,,,,,,,,,,,,,,,,,,,,,
1784058283.018,230317000,184,2,255,0,,,,,,,,,,,,,,,,,,,,0.0,0.0,0.0,0.0,3.0,2.450000047683716,0.0,0.0,0.018435698002576828,-0.01576710119843483,0.0400390550494194,1.0,0.0,0.0,0.0,0.0,0.0,0.0,0.0,,,,,,,,,,,,,,,,,,,
1784058283.038,230338000,185,3,254,0,,,,,,,,,,,,,,,,,,,,,,,,,,,,,,,,,,,,,,,1.0,1.0,1.0,1.0,1.0,1.0,4.0,0.0,-1.4253249168395996,0.13703157007694244,0.013262510299682617,-0.0017758309841156006,0.0,0.0,0.07147598266601562,0.00720122130587697,-1.412062406539917,0.13525573909282684,9.738524436950684
1784058283.154,230447000,190,1,0,0,10.0,25.0,10.0,25.0,9.26161003112793,25.33465003967285,-0.33465027809143066,33.74566650390625,43.906166076660156,0.0,0.0,0.0,1.0,1.0,0.0,-0.9751173853874207,0.738389790058136,18.0,0.0,,,,,,,,,,,,,,,,,,,,,,,,,,,,,,,,,,,,,,
1784058283.159,230474000,191,1,1,0,10.0,25.0,10.0,25.0,9.270332336425781,25.131977081298828,-0.13197660446166992,43.57744216918945,47.669551849365234,0.0,0.0,0.0,1.0,1.0,0.0,1.2794207334518433,0.7296666502952576,18.0,0.0,,,,,,,,,,,,,,,,,,,,,,,,,,,,,,,,,,,,,,
1784058283.189,230495000,192,1,2,0,10.0,25.0,10.0,25.0,9.12143325805664,24.977312088012695,0.02268850803375244,47.542049407958984,46.83324432373047,0.0,0.0,0.0,1.0,1.0,0.0,-1.3925704956054688,0.878565788269043,18.0,0.0,,,,,,,,,,,,,,,,,,,,,,,,,,,,,,,,,,,,,,
1784058283.207,230509000,193,1,3,0,10.0,25.0,10.0,25.0,9.411638259887695,25.500350952148438,-0.5003511905670166,34.89255142211914,50.1784782409668,0.0,0.0,0.0,1.0,1.0,0.0,1.0169661045074463,0.5883611440658569,18.0,0.0,,,,,,,,,,,,,,,,,,,,,,,,,,,,,,,,,,,,,,
1784058283.218,230522000,194,2,255,0,,,,,,,,,,,,,,,,,,,,0.0,0.0,0.0,0.0,3.0,2.450000047683716,0.0,0.0,0.01393602229654789,-0.014874126762151718,0.040025435388088226,1.0,0.0,0.0,0.0,0.0,0.0,0.0,0.0,,,,,,,,,,,,,,,,,,,
1784058283.236,230538000,195,3,254,0,,,,,,,,,,,,,,,,,,,,,,,,,,,,,,,,,,,,,,,1.0,1.0,1.0,1.0,1.0,1.0,4.0,0.0,-1.4253249168395996,0.13703157007694244,0.0009003877639770508,0.0022382885217666626,0.0,0.0,0.021266937255859375,0.011252627708017826,-1.4244245290756226,0.1392698585987091,9.831267356872559
1784058283.350,230641000,200,1,0,0,10.0,25.0,10.0,25.0,9.265602111816406,25.332679748535156,-0.332680344581604,33.67430877685547,43.906166076660156,0.0,0.0,0.0,1.0,1.0,0.0,-0.9729453921318054,0.7343977689743042,18.0,0.0,,,,,,,,,,,,,,,,,,,,,,,,,,,,,,,,,,,,,,
1784058283.352,230668000,201,1,1,0,10.0,25.0,10.0,25.0,9.270359992980957,25.131914138793945,-0.13191401958465576,43.578460693359375,47.669551849365234,0.0,0.0,0.0,1.0,1.0,0.0,1.2796117067337036,0.7296398282051086,18.0,0.0,,,,,,,,,,,,,,,,,,,,,,,,,,,,,,,,,,,,,,
1784058283.383,230689000,202,1,2,0,10.0,25.0,10.0,25.0,9.124140739440918,24.9754581451416,0.02454221248626709,47.661651611328125,46.83324432373047,0.0,0.0,0.0,1.0,1.0,0.0,-1.3966463804244995,0.8758589625358582,18.0,0.0,,,,,,,,,,,,,,,,,,,,,,,,,,,,,,,,,,,,,,
1784058283.398,230702000,203,1,3,0,10.0,25.0,10.0,25.0,9.413077354431152,25.499862670898438,-0.4998624324798584,34.8924560546875,50.1784782409668,0.0,0.0,0.0,1.0,1.0,0.0,1.0174946784973145,0.5869216918945312,18.0,0.0,,,,,,,,,,,,,,,,,,,,,,,,,,,,,,,,,,,,,,
1784058283.420,230716000,204,2,255,0,,,,,,,,,,,,,,,,,,,,0.0,0.0,0.0,0.0,3.0,2.450000047683716,0.0,0.0,0.026375407353043556,-0.016663281247019768,0.040079858154058456,1.0,0.0,0.0,0.0,0.0,0.0,0.0,0.0,,,,,,,,,,,,,,,,,,,
1784058283.432,230732000,205,3,254,0,,,,,,,,,,,,,,,,,,,,,,,,,,,,,,,,,,,,,,,1.0,1.0,1.0,1.0,1.0,1.0,4.0,0.0,-1.4253249168395996,0.13703157007694244,0.0037093162536621094,-0.022679992020130157,0.0,0.0,0.10881805419921875,0.007186763919889927,-1.4216156005859375,0.11435157805681229,9.918818473815918
1784058283.535,230846000,210,1,0,0,10.0,25.0,10.0,25.0,9.263166427612305,25.33404541015625,-0.33404529094696045,33.68505859375,43.906166076660156,0.0,0.0,0.0,1.0,1.0,0.0,-0.9728619456291199,0.7368326187133789,18.0,0.0,,,,,,,,,,,,,,,,,,,,,,,,,,,,,,,,,,,,,,
1784058283.560,230866000,211,1,1,0,10.0,25.0,10.0,25.0,9.268712043762207,25.132959365844727,-0.13296008110046387,43.64374542236328,47.669551849365234,0.0,0.0,0.0,1.0,1.0,0.0,1.2814942598342896,0.7312871217727661,18.0,0.0,,,,,,,,,,,,,,,,,,,,,,,,,,,,,,,,,,,,,,
1784058283.575,230879000,212,1,2,0,10.0,25.0,10.0,25.0,9.124865531921387,24.975149154663086,0.024850666522979736,47.619384765625,46.83324432373047,0.0,0.0,0.0,1.0,1.0,0.0,-1.3954733610153198,0.8751339912414551,18.0,0.0,,,,,,,,,,,,,,,,,,,,,,,,,,,,,,,,,,,,,,
1784058283.593,230893000,213,1,3,0,10.0,25.0,10.0,25.0,9.413554191589355,25.500158309936523,-0.5001574754714966,34.82929229736328,50.1784782409668,0.0,0.0,0.0,1.0,1.0,0.0,1.0152381658554077,0.5864456295967102,18.0,0.0,,,,,,,,,,,,,,,,,,,,,,,,,,,,,,,,,,,,,,
1784058283.614,230909000,214,2,255,0,,,,,,,,,,,,,,,,,,,,0.0,0.0,0.0,0.0,3.0,2.450000047683716,0.0,0.0,0.04489954188466072,-0.022973470389842987,0.040230847895145416,1.0,0.0,0.0,0.0,0.0,0.0,0.0,0.0,,,,,,,,,,,,,,,,,,,
1784058283.632,230927000,215,3,254,0,,,,,,,,,,,,,,,,,,,,,,,,,,,,,,,,,,,,,,,1.0,1.0,1.0,1.0,1.0,1.0,4.0,0.0,-1.4253249168395996,0.13703157007694244,0.03302919864654541,-0.031707413494586945,0.0,0.0,0.009167671203613281,0.01200522668659687,-1.3922957181930542,0.1053241565823555,9.819168090820312
1784058283.729,231042000,220,1,0,0,10.0,25.0,10.0,25.0,9.26282024383545,25.334596633911133,-0.3345966339111328,33.57215118408203,43.906166076660156,0.0,0.0,0.0,1.0,1.0,0.0,-0.9694222807884216,0.7371790409088135,18.0,0.0,,,,,,,,,,,,,,,,,,,,,,,,,,,,,,,,,,,,,,
1784058283.763,231062000,221,1,1,0,10.0,25.0,10.0,25.0,9.270414352416992,25.13180923461914,-0.13180971145629883,43.63227081298828,47.669551849365234,0.0,0.0,0.0,1.0,1.0,0.0,1.2811661958694458,0.7295846939086914,18.0,0.0,,,,,,,,,,,,,,,,,,,,,,,,,,,,,,,,,,,,,,
1784058283.776,231074000,222,1,2,0,10.0,25.0,10.0,25.0,9.12446117401123,24.976205825805664,0.023794174194335938,47.49580383300781,46.83324432373047,0.0,0.0,0.0,1.0,1.0,0.0,-1.391254186630249,0.8755378723144531,18.0,0.0,,,,,,,,,,,,,,,,,,,,,,,,,,,,,,,,,,,,,,
1784058283.787,231089000,223,1,3,0,10.0,25.0,10.0,25.0,9.414127349853516,25.499046325683594,-0.49904584884643555,34.96491241455078,50.1784782409668,0.0,0.0,0.0,1.0,1.0,0.0,1.0198142528533936,0.5858719348907471,18.0,0.0,,,,,,,,,,,,,,,,,,,,,,,,,,,,,,,,,,,,,,
1784058283.818,231105000,224,2,255,0,,,,,,,,,,,,,,,,,,,,0.0,0.0,0.0,0.0,3.0,2.450000047683716,0.0,0.0,0.050047509372234344,-0.023948974907398224,0.04028662294149399,1.0,0.0,0.0,0.0,0.0,0.0,0.0,0.0,,,,,,,,,,,,,,,,,,,
1784058283.822,231123000,225,3,254,0,,,,,,,,,,,,,,,,,,,,,,,,,,,,,,,,,,,,,,,1.0,1.0,1.0,1.0,1.0,1.0,4.0,0.0,-1.4253249168395996,0.13703157007694244,0.05044114589691162,-0.03823942691087723,0.0,0.0,0.0932760238647461,0.010338344611227512,-1.374883770942688,0.09879214316606522,9.903276443481445
1784058283.924,231239000,230,1,0,0,10.0,25.0,10.0,25.0,9.261821746826172,25.334108352661133,-0.3341078758239746,33.58113098144531,43.906166076660156,0.0,0.0,0.0,1.0,1.0,0.0,-0.9695042967796326,0.7381774187088013,18.0,0.0,,,,,,,,,,,,,,,,,,,,,,,,,,,,,,,,,,,,,,
1784058283.960,231259000,231,1,1,0,10.0,25.0,10.0,25.0,9.269341468811035,25.131818771362305,-0.13181865215301514,43.69532775878906,47.669551849365234,0.0,0.0,0.0,1.0,1.0,0.0,1.2829779386520386,0.7306582927703857,18.0,0.0,,,,,,,,,,,,,,,,,,,,,,,,,,,,,,,,,,,,,,
1784058283.980,231272000,232,1,2,0,10.0,25.0,10.0,25.0,9.122614860534668,24.977319717407227,0.022679567337036133,47.529701232910156,46.83324432373047,0.0,0.0,0.0,1.0,1.0,0.0,-1.3923500776290894,0.8773840665817261,18.0,0.0,,,,,,,,,,,,,,,,,,,,,,,,,,,,,,,,,,,,,,
1784058284.004,231287000,233,1,3,0,10.0,25.0,10.0,25.0,9.413928985595703,25.499080657958984,-0.4990816116333008,34.96952819824219,50.1784782409668,0.0,0.0,0.0,1.0,1.0,0.0,1.02001953125,0.5860708951950073,18.0,0.0,,,,,,,,,,,,,,,,,,,,,,,,,,,,,,,,,,,,,,
1784058284.004,231304000,234,2,255,0,,,,,,,,,,,,,,,,,,,,0.0,0.0,0.0,0.0,3.0,2.450000047683716,0.0,0.0,0.034944530576467514,-0.012478345073759556,0.04014001786708832,1.0,0.0,0.0,0.0,0.0,0.0,0.0,0.0,,,,,,,,,,,,,,,,,,,
1784058284.025,231322000,235,3,254,0,,,,,,,,,,,,,,,,,,,,,,,,,,,,,,,,,,,,,,,1.0,1.0,1.0,1.0,1.0,1.0,4.0,0.0,-1.4253249168395996,0.13703157007694244,0.05753505229949951,-0.014983035624027252,0.0,0.0,0.057822227478027344,0.003966310992836952,-1.3677898645401,0.12204853445291519,9.867822647094727
1784058284.151,231435000,240,1,0,0,10.0,25.0,10.0,25.0,9.25900936126709,25.33509063720703,-0.33509135246276855,33.63068771362305,43.906166076660156,0.0,0.0,0.0,1.0,1.0,0.0,-0.9708738923072815,0.7409900426864624,18.0,0.0,,,,,,,,,,,,,,,,,,,,,,,,,,,,,,,,,,,,,,
1784058284.168,231462000,241,1,1,0,10.0,25.0,10.0,25.0,9.26843547821045,25.13353157043457,-0.13353228569030762,43.637062072753906,47.669551849365234,0.0,0.0,0.0,1.0,1.0,0.0,1.2811291217803955,0.7315642833709717,18.0,0.0,,,,,,,,,,,,,,,,,,,,,,,,,,,,,,,,,,,,,,
1784058284.176,231482000,242,1,2,0,10.0,25.0,10.0,25.0,9.121297836303711,24.977832794189453,0.022166967391967773,47.46330642700195,46.83324432373047,0.0,0.0,0.0,1.0,1.0,0.0,-1.3899527788162231,0.8787013292312622,18.0,0.0,,,,,,,,,,,,,,,,,,,,,,,,,,,,,,,,,,,,,,
1784058284.196,231495000,243,1,3,0,10.0,25.0,10.0,25.0,9.414016723632812,25.499006271362305,-0.49900710582733154,34.96820068359375,50.1784782409668,0.0,0.0,0.0,1.0,1.0,0.0,1.020391583442688,0.5859829187393188,18.0,0.0,,,,,,,,,,,,,,,,,,,,,,,,,,,,,,,,,,,,,,
1784058284.211,231510000,244,2,255,0,,,,,,,,,,,,,,,,,,,,0.0,0.0,0.0,0.0,3.0,2.450000047683716,0.0,0.0,0.02619442343711853,-0.003413244616240263,0.04007876664400101,1.0,0.0,0.0,0.0,0.0,0.0,0.0,0.0,,,,,,,,,,,,,,,,,,,
1784058284.228,231525000,245,3,254,0,,,,,,,,,,,,,,,,,,,,,,,,,,,,,,,,,,,,,,,1.0,1.0,1.0,1.0,1.0,1.0,4.0,0.0,-1.4253249168395996,0.13703157007694244,0.055145859718322754,0.0071732401847839355,0.0,0.0,0.05669593811035156,0.005468660965561867,-1.3701790571212769,0.14420481026172638,9.86669635772705
1784058284.329,231637000,250,1,0,0,10.0,25.0,10.0,25.0,9.260315895080566,25.334613800048828,-0.33461451530456543,33.73727035522461,43.906166076660156,0.0,0.0,0.0,1.0,1.0,0.0,-0.9746818542480469,0.739683985710144,18.0,0.0,,,,,,,,,,,,,,,,,,,,,,,,,,,,,,,,,,,,,,
1784058284.366,231657000,251,1,1,0,10.0,25.0,10.0,25.0,9.269333839416504,25.132734298706055,-0.13273358345031738,43.6176872253418,47.669551849365234,0.0,0.0,0.0,1.0,1.0,0.0,1.2807433605194092,0.7306658029556274,18.0,0.0,,,,,,,,,,,,,,,,,,,,,,,,,,,,,,,,,,,,,,
1784058284.382,231670000,252,1,2,0,10.0,25.0,10.0,25.0,9.120670318603516,24.977588653564453,0.022411346435546875,47.513248443603516,46.83324432373047,0.0,0.0,0.0,1.0,1.0,0.0,-1.3916412591934204,0.879328727722168,18.0,0.0,,,,,,,,,,,,,,,,,,,,,,,,,,,,,,,,,,,,,,
1784058284.383,231685000,253,1,3,0,10.0,25.0,10.0,25.0,9.413314819335938,25.49925994873047,-0.49926042556762695,34.80692672729492,50.1784782409668,0.0,0.0,0.0,1.0,1.0,0.0,1.0148227214813232,0.5866848230361938,18.0,0.0,,,,,,,,,,,,,,,,,,,,,,,,,,,,,,,,,,,,,,
1784058284.404,231702000,254,2,255,0,,,,,,,,,,,,,,,,,,,,0.0,0.0,0.0,0.0,3.0,2.450000047683716,0.0,0.0,0.016478659585118294,-0.0025042893830686808,0.04003121331334114,1.0,0.0,0.0,0.0,0.0,0.0,0.0,0.0,,,,,,,,,,,,,,,,,,,
1784058284.423,231718000,255,3,254,0,,,,,,,,,,,,,,,,,,,,,,,,,,,,,,,,,,,,,,,1.0,1.0,1.0,1.0,1.0,1.0,4.0,0.0,-1.4253249168395996,0.13703157007694244,0.02952730655670166,0.006712928414344788,0.0,0.0,0.15073108673095703,0.01013495959341526,-1.395797610282898,0.14374449849128723,9.960731506347656
1784058284.517,231831000,4,1,0,0,10.0,25.0,10.0,25.0,9.262731552124023,25.333768844604492,-0.3337681293487549,33.67808151245117,43.906166076660156,0.0,0.0,0.0,1.0,1.0,0.0,-0.9728304743766785,0.7372677326202393,18.0,0.0,,,,,,,,,,,,,,,,,,,,,,,,,,,,,,,,,,,,,,
1784058284.546,231852000,5,1,1,0,10.0,25.0,10.0,25.0,9.269287109375,25.132831573486328,-0.13283193111419678,43.63251495361328,47.669551849365234,0.0,0.0,0.0,1.0,1.0,0.0,1.2810454368591309,0.7307127118110657,18.0,0.0,,,,,,,,,,,,,,,,,,,,,,,,,,,,,,,,,,,,,,
1784058284.562,231865000,6,1,2,0,10.0,25.0,10.0,25.0,9.121623992919922,24.976806640625,0.023193657398223877,47.595211029052734,46.83324432373047,0.0,0.0,0.0,1.0,1.0,0.0,-1.3944613933563232,0.878375768661499,18.0,0.0,,,,,,,,,,,,,,,,,,,,,,,,,,,,,,,,,,,,,,
1784058284.579,231880000,7,1,3,0,10.0,25.0,10.0,25.0,9.411052703857422,25.501506805419922,-0.5015075206756592,34.8725471496582,50.1784782409668,0.0,0.0,0.0,1.0,1.0,0.0,1.0167474746704102,0.5889468193054199,18.0,0.0,,,,,,,,,,,,,,,,,,,,,,,,,,,,,,,,,,,,,,
1784058284.601,231896000,8,2,255,0,,,,,,,,,,,,,,,,,,,,0.0,0.0,0.0,0.0,3.0,2.450000047683716,0.0,0.0,0.025507250800728798,-0.016798386350274086,0.04007469490170479,1.0,0.0,0.0,0.0,0.0,0.0,0.0,0.0,,,,,,,,,,,,,,,,,,,
1784058284.623,231914000,9,3,254,0,,,,,,,,,,,,,,,,,,,,,,,,,,,,,,,,,,,,,,,1.0,1.0,1.0,1.0,1.0,1.0,4.0,0.0,-1.4253249168395996,0.13703157007694244,0.0014749765396118164,-0.004797652363777161,0.0,0.0,0.021282196044921875,0.003290607826784253,-1.4238499402999878,0.13223391771316528,9.788718223571777
1784058284.720,232030000,14,1,0,0,10.0,25.0,10.0,25.0,9.263537406921387,25.33441734313965,-0.33441781997680664,33.78746795654297,43.906166076660156,0.0,0.0,0.0,1.0,1.0,0.0,-0.9762081503868103,0.7364615797996521,18.0,0.0,,,,,,,,,,,,,,,,,,,,,,,,,,,,,,,,,,,,,,
1784058284.761,232050000,15,1,1,0,10.0,25.0,10.0,25.0,9.270291328430176,25.131946563720703,-0.13194680213928223,43.63796615600586,47.669551849365234,0.0,0.0,0.0,1.0,1.0,0.0,1.281260371208191,0.7297083735466003,18.0,0.0,,,,,,,,,,,,,,,,,,,,,,,,,,,,,,,,,,,,,,
1784058284.767,232063000,16,1,2,0,10.0,25.0,10.0,25.0,9.121147155761719,24.977890014648438,0.022110342979431152,47.58531188964844,46.83324432373047,0.0,0.0,0.0,1.0,1.0,0.0,-1.3939152956008911,0.8788518905639648,18.0,0.0,,,,,,,,,,,,,,,,,,,,,,,,,,,,,,,,,,,,,,
1784058284.782,232077000,17,1,3,0,10.0,25.0,10.0,25.0,9.4130859375,25.500843048095703,-0.5008429288864136,34.97587203979492,50.1784782409668,0.0,0.0,0.0,1.0,1.0,0.0,1.0205789804458618,0.586913526058197,18.0,0.0,,,,,,,,,,,,,,,,,,,,,,,,,,,,,,,,,,,,,,
1784058284.794,232093000,18,2,255,0,,,,,,,,,,,,,,,,,,,,0.0,0.0,0.0,0.0,3.0,2.450000047683716,0.0,0.0,0.036073360592126846,-0.01642165146768093,0.04014918580651283,1.0,0.0,0.0,0.0,0.0,0.0,0.0,0.0,,,,,,,,,,,,,,,,,,,
1784058284.813,232110000,19,3,254,0,,,,,,,,,,,,,,,,,,,,,,,,,,,,,,,,,,,,,,,1.0,1.0,1.0,1.0,1.0,1.0,4.0,0.0,-1.4253249168395996,0.13703157007694244,0.020824790000915527,-0.014349192380905151,0.0,0.0,0.17177200317382812,0.005644169636070728,-1.404500126838684,0.12268237769603729,9.981772422790527
1784058284.920,232224000,24,1,0,0,10.0,25.0,10.0,25.0,9.262392044067383,25.335697174072266,-0.33569633960723877,33.62080764770508,43.906166076660156,0.0,0.0,0.0,1.0,1.0,0.0,-0.9706414341926575,0.737607479095459,18.0,0.0,,,,,,,,,,,,,,,,,,,,,,,,,,,,,,,,,,,,,,
1784058284.939,232245000,25,1,1,0,10.0,25.0,10.0,25.0,9.268718719482422,25.132951736450195,-0.13295114040374756,43.63929748535156,47.669551849365234,0.0,0.0,0.0,1.0,1.0,0.0,1.2811676263809204,0.7312804460525513,18.0,0.0,,,,,,,,,,,,,,,,,,,,,,,,,,,,,,,,,,,,,,
1784058284.963,232257000,26,1,2,0,10.0,25.0,10.0,25.0,9.123663902282715,24.976545333862305,0.02345442771911621,47.692996978759766,46.83324432373047,0.0,0.0,0.0,1.0,1.0,0.0,-1.3978391885757446,0.8763350248336792,18.0,0.0,,,,,,,,,,,,,,,,,,,,,,,,,,,,,,,,,,,,,,
1784058284.987,232272000,27,1,3,0,10.0,25.0,10.0,25.0,9.412984848022461,25.499942779541016,-0.4999428987503052,35.021995544433594,50.1784782409668,0.0,0.0,0.0,1.0,1.0,0.0,1.0218955278396606,0.5870140790939331,18.0,0.0,,,,,,,,,,,,,,,,,,,,,,,,,,,,,,,,,,,,,,
1784058284.992,232290000,28,2,255,0,,,,,,,,,,,,,,,,,,,,0.0,0.0,0.0,0.0,3.0,2.450000047683716,0.0,0.0,0.05013302341103554,-0.01712953858077526,0.040287598967552185,1.0,0.0,0.0,0.0,0.0,0.0,0.0,0.0,,,,,,,,,,,,,,,,,,,
1784058285.014,232309000,29,3,254,0,,,,,,,,,,,,,,,,,,,,,,,,,,,,,,,,,,,,,,,1.0,1.0,1.0,1.0,1.0,1.0,4.0,0.0,-1.4253249168395996,0.13703157007694244,0.036775827407836914,-0.02797112613916397,0.0,0.0,0.013845443725585938,0.0029444347601383924,-1.3885490894317627,0.10906044393777847,9.796154975891113
1784058285.117,232424000,34,1,0,0,10.0,25.0,10.0,25.0,9.262045860290527,25.33634376525879,-0.33634305000305176,33.804725646972656,43.906166076660156,0.0,0.0,0.0,1.0,1.0,0.0,-0.9767942428588867,0.7379539012908936,18.0,0.0,,,,,,,,,,,,,,,,,,,,,,,,,,,,,,,,,,,,,,
1784058285.140,232436000,35,1,1,0,10.0,25.0,10.0,25.0,9.269888877868652,25.13161849975586,-0.13161897659301758,43.76078414916992,47.669551849365234,0.0,0.0,0.0,1.0,1.0,0.0,1.2851303815841675,0.7301107048988342,18.0,0.0,,,,,,,,,,,,,,,,,,,,,,,,,,,,,,,,,,,,,,
1784058285.147,232450000,36,1,2,0,10.0,25.0,10.0,25.0,9.1220064163208,24.97753143310547,0.022467970848083496,47.55416488647461,46.83324432373047,0.0,0.0,0.0,1.0,1.0,0.0,-1.3931119441986084,0.8779928088188171,18.0,0.0,,,,,,,,,,,,,,,,,,,,,,,,,,,,,,,,,,,,,,
1784058285.166,232466000,37,1,3,0,10.0,25.0,10.0,25.0,9.413708686828613,25.4996337890625,-0.49963295459747314,34.95027160644531,50.1784782409668,0.0,0.0,0.0,1.0,1.0,0.0,1.0191699266433716,0.5862906575202942,18.0,0.0,,,,,,,,,,,,,,,,,,,,,,,,,,,,,,,,,,,,,,
1784058285.185,232483000,38,2,255,0,,,,,,,,,,,,,,,,,,,,0.0,0.0,0.0,0.0,3.0,2.450000047683716,0.0,0.0,0.047599248588085175,-0.010442051105201244,0.04025935009121895,1.0,0.0,0.0,0.0,0.0,0.0,0.0,0.0,,,,,,,,,,,,,,,,,,,
1784058285.209,232503000,39,3,254,0,,,,,,,,,,,,,,,,,,,,,,,,,,,,,,,,,,,,,,,1.0,1.0,1.0,1.0,1.0,1.0,4.0,0.0,-1.4253249168395996,0.13703157007694244,0.054044365882873535,-0.023518279194831848,0.0,0.0,0.15707874298095703,0.006809086538851261,-1.371280550956726,0.1135132908821106,9.967079162597656
1784058285.315,232619000,44,1,0,0,10.0,25.0,10.0,25.0,9.261743545532227,25.335601806640625,-0.33560097217559814,33.77518081665039,43.906166076660156,0.0,0.0,0.0,1.0,1.0,0.0,-0.975921094417572,0.7382556796073914,18.0,0.0,,,,,,,,,,,,,,,,,,,,,,,,,,,,,,,,,,,,,,
1784058285.329,232631000,45,1,1,0,10.0,25.0,10.0,25.0,9.269221305847168,25.13195037841797,-0.131949782371521,43.68343734741211,47.669551849365234,0.0,0.0,0.0,1.0,1.0,0.0,1.2825584411621094,0.7307782769203186,18.0,0.0,,,,,,,,,,,,,,,,,,,,,,,,,,,,,,,,,,,,,,
1784058285.343,232645000,46,1,2,0,10.0,25.0,10.0,25.0,9.122188568115234,24.977033615112305,0.022965669631958008,47.53129577636719,46.83324432373047,0.0,0.0,0.0,1.0,1.0,0.0,-1.392406702041626,0.8778110146522522,18.0,0.0,,,,,,,,,,,,,,,,,,,,,,,,,,,,,,,,,,,,,,
1784058285.362,232661000,47,1,3,0,10.0,25.0,10.0,25.0,9.413174629211426,25.499784469604492,-0.4997849464416504,34.954505920410156,50.1784782409668,0.0,0.0,0.0,1.0,1.0,0.0,1.0197694301605225,0.586824893951416,18.0,0.0,,,,,,,,,,,,,,,,,,,,,,,,,,,,,,,,,,,,,,
1784058285.380,232680000,48,2,255,0,,,,,,,,,,,,,,,,,,,,0.0,0.0,0.0,0.0,3.0,2.450000047683716,0.0,0.0,0.02875145897269249,-0.0006059338338673115,0.04009486362338066,1.0,0.0,0.0,0.0,0.0,0.0,0.0,0.0,,,,,,,,,,,,,,,,,,,
1784058285.403,232699000,49,3,254,0,,,,,,,,,,,,,,,,,,,,,,,,,,,,,,,,,,,,,,,1.0,1.0,1.0,1.0,1.0,1.0,4.0,0.0,-1.4253249168395996,0.13703157007694244,0.049542784690856934,-0.008900627493858337,0.0,0.0,0.13605880737304688,0.009330636821687222,-1.3757821321487427,0.1281309425830841,9.946059226989746
1784058285.506,232813000,54,1,0,0,10.0,25.0,10.0,25.0,9.259464263916016,25.33539581298828,-0.33539533615112305,33.64026641845703,43.906166076660156,0.0,0.0,0.0,1.0,1.0,0.0,-0.9713666439056396,0.74053555727005,18.0,0.0,,,,,,,,,,,,,,,,,,,,,,,,,,,,,,,,,,,,,,
1784058285.521,232825000,55,1,1,0,10.0,25.0,10.0,25.0,9.26862907409668,25.133028030395508,-0.13302862644195557,43.644386291503906,47.669551849365234,0.0,0.0,0.0,1.0,1.0,0.0,1.281248688697815,0.7313698530197144,18.0,0.0,,,,,,,,,,,,,,,,,,,,,,,,,,,,,,,,,,,,,,
1784058285.537,232839000,56,1,2,0,10.0,25.0,10.0,25.0,9.121381759643555,24.977415084838867,0.022584199905395508,47.72705078125,46.83324432373047,0.0,0.0,0.0,1.0,1.0,0.0,-1.3987576961517334,0.8786178827285767,18.0,0.0,,,,,,,,,,,,,,,,,,,,,,,,,,,,,,,,,,,,,,
1784058285.556,232855000,57,1,3,0,10.0,25.0,10.0,25.0,9.412338256835938,25.50009536743164,-0.5000948905944824,34.899444580078125,50.1784782409668,0.0,0.0,0.0,1.0,1.0,0.0,1.017722249031067,0.5876615643501282,18.0,0.0,,,,,,,,,,,,,,,,,,,,,,,,,,,,,,,,,,,,,,
1784058285.584,232874000,58,2,255,0,,,,,,,,,,,,,,,,,,,,0.0,0.0,0.0,0.0,3.0,2.450000047683716,0.0,0.0,0.017605936154723167,0.005535801872611046,0.04003562405705452,1.0,0.0,0.0,0.0,0.0,0.0,0.0,0.0,,,,,,,,,,,,,,,,,,,
1784058285.607,232895000,59,3,254,0,,,,,,,,,,,,,,,,,,,,,,,,,,,,,,,,,,,,,,,1.0,1.0,1.0,1.0,1.0,1.0,4.0,0.0,-1.4253249168395996,0.13703157007694244,0.04428255558013916,0.009641721844673157,0.0,0.0,0.1364002227783203,0.009940783493220806,-1.3810423612594604,0.1466732919216156,9.94640064239502
1784058285.715,233012000,64,1,0,0,10.0,25.0,10.0,25.0,9.25863265991211,25.335697174072266,-0.33569633960723877,33.77100372314453,43.906166076660156,0.0,0.0,0.0,1.0,1.0,0.0,-0.9756085276603699,0.7413662672042847,18.0,0.0,,,,,,,,,,,,,,,,,,,,,,,,,,,,,,,,,,,,,,
1784058285.733,233032000,65,1,1,0,10.0,25.0,10.0,25.0,9.269222259521484,25.133197784423828,-0.13319849967956543,43.52906799316406,47.669551849365234,0.0,0.0,0.0,1.0,1.0,0.0,1.2776107788085938,0.7307767868041992,18.0,0.0,,,,,,,,,,,,,,,,,,,,,,,,,,,,,,,,,,,,,,
1784058285.761,233051000,66,1,2,0,10.0,25.0,10.0,25.0,9.12040901184082,24.97811508178711,0.021885335445404053,47.50083541870117,46.83324432373047,0.0,0.0,0.0,1.0,1.0,0.0,-1.3913137912750244,0.8795902132987976,18.0,0.0,,,,,,,,,,,,,,,,,,,,,,,,,,,,,,,,,,,,,,
1784058285.779,233071000,67,1,3,0,10.0,25.0,10.0,25.0,9.413002014160156,25.499889373779297,-0.4998892545700073,34.97343444824219,50.1784782409668,0.0,0.0,0.0,1.0,1.0,0.0,1.0203297138214111,0.5869977474212646,18.0,0.0,,,,,,,,,,,,,,,,,,,,,,,,,,,,,,,,,,,,,,
1784058285.802,233094000,68,2,255,0,,,,,,,,,,,,,,,,,,,,0.0,0.0,0.0,0.0,3.0,2.450000047683716,0.0,0.0,0.01875334605574608,-0.003012115368619561,0.04004041105508804,1.0,0.0,0.0,0.0,0.0,0.0,0.0,0.0,,,,,,,,,,,,,,,,,,,
1784058285.831,233119000,69,3,254,0,,,,,,,,,,,,,,,,,,,,,,,,,,,,,,,,,,,,,,,1.0,1.0,1.0,1.0,1.0,1.0,4.0,0.0,-1.4253249168395996,0.13703157007694244,0.03954648971557617,0.0004045069217681885,0.0,0.0,0.057952880859375,0.004280231427401304,-1.3857784271240234,0.13743607699871063,9.867953300476074
1784058285.913,233209000,74,1,0,0,10.0,25.0,10.0,25.0,9.26156997680664,25.33458137512207,-0.33458173274993896,33.75206756591797,43.906166076660156,0.0,0.0,0.0,1.0,1.0,0.0,-0.9754253625869751,0.7384293079376221,18.0,0.0,,,,,,,,,,,,,,,,,,,,,,,,,,,,,,,,,,,,,,
1784058285.931,233226000,75,1,1,0,10.0,25.0,10.0,25.0,9.269705772399902,25.132211685180664,-0.13221204280853271,43.64908981323242,47.669551849365234,0.0,0.0,0.0,1.0,1.0,0.0,1.2815663814544678,0.7302932739257812,18.0,0.0,,,,,,,,,,,,,,,,,,,,,,,,,,,,,,,,,,,,,,
1784058285.955,233246000,76,1,2,0,10.0,25.0,10.0,25.0,9.120006561279297,24.97782325744629,0.022175908088684082,47.508583068847656,46.83324432373047,0.0,0.0,0.0,1.0,1.0,0.0,-1.3909991979599,0.8799925446510315,18.0,0.0,,,,,,,,,,,,,,,,,,,,,,,,,,,,,,,,,,,,,,
1784058285.977,233268000,77,1,3,0,10.0,25.0,10.0,25.0,9.411971092224121,25.500701904296875,-0.5007028579711914,34.97140884399414,50.1784782409668,0.0,0.0,0.0,1.0,1.0,0.0,1.0202049016952515,0.5880281329154968,18.0,0.0,,,,,,,,,,,,,,,,,,,,,,,,,,,,,,,,,,,,,,
1784058286.012,233293000,78,2,255,0,,,,,,,,,,,,,,,,,,,,0.0,0.0,0.0,0.0,3.0,2.450000047683716,0.0,0.0,0.030567854642868042,-0.01993081346154213,0.04010720178484917,1.0,0.0,0.0,0.0,0.0,0.0,0.0,0.0,,,,,,,,,,,,,,,,,,,
1784058286.046,233320000,79,3,254,0,,,,,,,,,,,,,,,,,,,,,,,,,,,,,,,,,,,,,,,1.0,1.0,1.0,1.0,1.0,1.0,4.0,0.0,-1.4253249168395996,0.13703157007694244,0.02373969554901123,-0.010199204087257385,0.0,0.0,0.21438121795654297,0.0036877214442938566,-1.4015852212905884,0.12683236598968506,10.024381637573242
1784058286.113,233404000,84,1,0,0,10.0,25.0,10.0,25.0,9.264116287231445,25.333267211914062,-0.3332674503326416,33.659847259521484,43.906166076660156,0.0,0.0,0.0,1.0,1.0,0.0,-0.9723198413848877,0.7358834147453308,18.0,0.0,,,,,,,,,,,,,,,,,,,,,,,,,,,,,,,,,,,,,,
1784058286.134,233424000,85,1,1,0,10.0,25.0,10.0,25.0,9.271330833435059,25.131216049194336,-0.1312166452407837,43.6851692199707,47.669551849365234,0.0,0.0,0.0,1.0,1.0,0.0,1.2827519178390503,0.7286682724952698,18.0,0.0,,,,,,,,,,,,,,,,,,,,,,,,,,,,,,,,,,,,,,
1784058286.155,233447000,86,1,2,0,10.0,25.0,10.0,25.0,9.123214721679688,24.976093292236328,0.02390742301940918,47.451934814453125,46.83324432373047,0.0,0.0,0.0,1.0,1.0,0.0,-1.3898820877075195,0.8767850399017334,18.0,0.0,,,,,,,,,,,,,,,,,,,,,,,,,,,,,,,,,,,,,,
1784058286.180,233472000,87,1,3,0,10.0,25.0,10.0,25.0,9.412515640258789,25.500965118408203,-0.5009651184082031,34.90340805053711,50.1784782409668,0.0,0.0,0.0,1.0,1.0,0.0,1.0179449319839478,0.5874835252761841,18.0,0.0,,,,,,,,,,,,,,,,,,,,,,,,,,,,,,,,,,,,,,
1784058286.189,233498000,88,2,255,0,,,,,,,,,,,,,,,,,,,,0.0,0.0,0.0,0.0,3.0,2.450000047683716,0.0,0.0,0.04545920714735985,-0.012661674059927464,0.04023662209510803,1.0,0.0,0.0,0.0,0.0,0.0,0.0,0.0,,,,,,,,,,,,,,,,,,,
1784058286.220,233517000,89,3,254,0,,,,,,,,,,,,,,,,,,,,,,,,,,,,,,,,,,,,,,,1.0,1.0,1.0,1.0,1.0,1.0,4.0,0.0,-1.4253249168395996,0.13703157007694244,0.02557384967803955,0.01540568470954895,0.0,0.0,0.02906036376953125,0.004491104278713465,-1.39975106716156,0.1524372547864914,9.83906078338623
1784058286.333,233624000,94,1,0,0,10.0,25.0,10.0,25.0,9.263863563537598,25.33378028869629,-0.33378005027770996,33.61149597167969,43.906166076660156,0.0,0.0,0.0,1.0,1.0,0.0,-0.9708243608474731,0.7361359596252441,18.0,0.0,,,,,,,,,,,,,,,,,,,,,,,,,,,,,,,,,,,,,,
1784058286.335,233651000,95,1,1,0,10.0,25.0,10.0,25.0,9.270405769348145,25.13194465637207,-0.13194382190704346,43.52983856201172,47.669551849365234,0.0,0.0,0.0,1.0,1.0,0.0,1.2780789136886597,0.7295936346054077,18.0,0.0,,,,,,,,,,,,,,,,,,,,,,,,,,,,,,,,,,,,,,
1784058286.370,233672000,96,1,2,0,10.0,25.0,10.0,25.0,9.121508598327637,24.977285385131836,0.022715330123901367,47.40855026245117,46.83324432373047,0.0,0.0,0.0,1.0,1.0,0.0,-1.3881630897521973,0.8784912824630737,18.0,0.0,,,,,,,,,,,,,,,,,,,,,,,,,,,,,,,,,,,,,,
1784058286.382,233684000,97,1,3,0,10.0,25.0,10.0,25.0,9.413055419921875,25.499916076660156,-0.49991607666015625,34.926719665527344,50.1784782409668,0.0,0.0,0.0,1.0,1.0,0.0,1.0186125040054321,0.5869441032409668,18.0,0.0,,,,,,,,,,,,,,,,,,,,,,,,,,,,,,,,,,,,,,
1784058286.399,233699000,98,2,255,0,,,,,,,,,,,,,,,,,,,,0.0,0.0,0.0,0.0,3.0,2.450000047683716,0.0,0.0,0.043995436280965805,-0.003084565047174692,0.040221672505140305,1.0,0.0,0.0,0.0,0.0,0.0,0.0,0.0,,,,,,,,,,,,,,,,,,,
1784058286.418,233717000,99,3,254,0,,,,,,,,,,,,,,,,,,,,,,,,,,,,,,,,,,,,,,,1.0,1.0,1.0,1.0,1.0,1.0,4.0,0.0,-1.4253249168395996,0.13703157007694244,0.015839457511901855,0.005767896771430969,0.0,0.0,0.22320079803466797,0.010167713277041912,-1.4094854593276978,0.1427994668483734,10.033201217651367
1784058286.515,233831000,104,1,0,0,10.0,25.0,10.0,25.0,9.263731002807617,25.33426284790039,-0.3342628479003906,33.611846923828125,43.906166076660156,0.0,0.0,0.0,1.0,1.0,0.0,-0.9705021381378174,0.7362686395645142,18.0,0.0,,,,,,,,,,,,,,,,,,,,,,,,,,,,,,,,,,,,,,
1784058286.547,233852000,105,1,1,0,10.0,25.0,10.0,25.0,9.270713806152344,25.13132095336914,-0.13132095336914062,43.6787223815918,47.669551849365234,0.0,0.0,0.0,1.0,1.0,0.0,1.2826521396636963,0.7292851805686951,18.0,0.0,,,,,,,,,,,,,,,,,,,,,,,,,,,,,,,,,,,,,,
1784058286.571,233865000,106,1,2,0,10.0,25.0,10.0,25.0,9.12407398223877,24.975868225097656,0.02413243055343628,47.434757232666016,46.83324432373047,0.0,0.0,0.0,1.0,1.0,0.0,-1.3891689777374268,0.8759253025054932,18.0,0.0,,,,,,,,,,,,,,,,,,,,,,,,,,,,,,,,,,,,,,
1784058286.580,233881000,107,1,3,0,10.0,25.0,10.0,25.0,9.413117408752441,25.49989891052246,-0.49989819526672363,35.07573699951172,50.1784782409668,0.0,0.0,0.0,1.0,1.0,0.0,1.023132085800171,0.5868822336196899,18.0,0.0,,,,,,,,,,,,,,,,,,,,,,,,,,,,,,,,,,,,,,
1784058286.601,233898000,108,2,255,0,,,,,,,,,,,,,,,,,,,,0.0,0.0,0.0,0.0,3.0,2.450000047683716,0.0,0.0,0.049918703734874725,0.004582398105412722,0.040285151451826096,1.0,0.0,0.0,0.0,0.0,0.0,0.0,0.0,,,,,,,,,,,,,,,,,,,
1784058286.621,233918000,109,3,254,0,,,,,,,,,,,,,,,,,,,,,,,,,,,,,,,,,,,,,,,1.0,1.0,1.0,1.0,1.0,1.0,4.0,0.0,-1.4253249168395996,0.13703157007694244,0.039525389671325684,-0.003516465425491333,0.0,0.0,0.09624004364013672,0.00743227731436491,-1.385799527168274,0.1335151046514511,9.906240463256836
1784058286.717,234020000,114,1,0,0,10.0,25.0,10.0,25.0,9.261514663696289,25.3360595703125,-0.33605992794036865,33.66693878173828,43.906166076660156,0.0,0.0,0.0,1.0,1.0,0.0,-0.9724947214126587,0.7384843826293945,18.0,0.0,,,,,,,,,,,,,,,,,,,,,,,,,,,,,,,,,,,,,,
1784058286.732,234034000,115,1,1,0,10.0,25.0,10.0,25.0,9.268881797790527,25.13250732421875,-0.1325070858001709,43.71947479248047,47.669551849365234,0.0,0.0,0.0,1.0,1.0,0.0,1.2837812900543213,0.7311172485351562,18.0,0.0,,,,,,,,,,,,,,,,,,,,,,,,,,,,,,,,,,,,,,
1784058286.750,234049000,116,1,2,0,10.0,25.0,10.0,25.0,9.121784210205078,24.978092193603516,0.021907687187194824,47.41520690917969,46.83324432373047,0.0,0.0,0.0,1.0,1.0,0.0,-1.3884018659591675,0.8782148361206055,18.0,0.0,,,,,,,,,,,,,,,,,,,,,,,,,,,,,,,,,,,,,,
1784058286.771,234067000,117,1,3,0,10.0,25.0,10.0,25.0,9.414731979370117,25.498830795288086,-0.49883127212524414,35.008026123046875,50.1784782409668,0.0,0.0,0.0,1.0,1.0,0.0,1.0211635828018188,0.5852669477462769,18.0,0.0,,,,,,,,,,,,,,,,,,,,,,,,,,,,,,,,,,,,,,
1784058286.792,234087000,118,2,255,0,,,,,,,,,,,,,,,,,,,,0.0,0.0,0.0,0.0,3.0,2.450000047683716,0.0,0.0,0.047444283962249756,0.012630931101739407,0.04025766998529434,1.0,0.0,0.0,0.0,0.0,0.0,0.0,0.0,,,,,,,,,,,,,,,,,,,
1784058286.815,234110000,119,3,254,0,,,,,,,,,,,,,,,,,,,,,,,,,,,,,,,,,,,,,,,1.0,1.0,1.0,1.0,1.0,1.0,4.0,0.0,-1.4253249168395996,0.13703157007694244,0.0670771598815918,-0.007102862000465393,0.0,0.0,0.04432106018066406,0.006026621907949448,-1.3582477569580078,0.12992870807647705,9.854321479797363
1784058286.909,234208000,124,1,0,0,10.0,25.0,10.0,25.0,9.261072158813477,25.335662841796875,-0.3356635570526123,33.60786819458008,43.906166076660156,0.0,0.0,0.0,1.0,1.0,0.0,-0.9708636403083801,0.7389270067214966,18.0,0.0,,,,,,,,,,,,,,,,,,,,,,,,,,,,,,,,,,,,,,
1784058286.934,234223000,125,1,1,0,10.0,25.0,10.0,25.0,9.270063400268555,25.13250732421875,-0.1325070858001709,43.62953186035156,47.669551849365234,0.0,0.0,0.0,1.0,1.0,0.0,1.2811031341552734,0.7299363613128662,18.0,0.0,,,,,,,,,,,,,,,,,,,,,,,,,,,,,,,,,,,,,,
1784058286.948,234241000,126,1,2,0,10.0,25.0,10.0,25.0,9.12143325805664,24.977312088012695,0.02268850803375244,47.69086837768555,46.83324432373047,0.0,0.0,0.0,1.0,1.0,0.0,-1.3973476886749268,0.878565788269043,18.0,0.0,,,,,,,,,,,,,,,,,,,,,,,,,,,,,,,,,,,,,,
1784058286.971,234260000,127,1,3,0,10.0,25.0,10.0,25.0,9.412336349487305,25.500085830688477,-0.5000859498977661,34.90599822998047,50.1784782409668,0.0,0.0,0.0,1.0,1.0,0.0,1.0180867910385132,0.5876630544662476,18.0,0.0,,,,,,,,,,,,,,,,,,,,,,,,,,,,,,,,,,,,,,
1784058286.984,234280000,128,2,255,0,,,,,,,,,,,,,,,,,,,,0.0,0.0,0.0,0.0,3.0,2.450000047683716,0.0,0.0,0.03321624547243118,0.002004115143790841,0.04012653976678848,1.0,0.0,0.0,0.0,0.0,0.0,0.0,0.0,,,,,,,,,,,,,,,,,,,
1784058287.011,234302000,129,3,254,0,,,,,,,,,,,,,,,,,,,,,,,,,,,,,,,,,,,,,,,1.0,1.0,1.0,1.0,1.0,1.0,4.0,0.0,-1.4253249168395996,0.13703157007694244,0.06016743183135986,-0.005781948566436768,0.0,0.0,0.1440105438232422,0.0068480088375508785,-1.3651574850082397,0.13124962151050568,9.954010963439941
1784058287.112,234409000,134,1,0,0,10.0,25.0,10.0,25.0,9.259618759155273,25.33486557006836,-0.33486485481262207,33.70853805541992,43.906166076660156,0.0,0.0,0.0,1.0,1.0,0.0,-0.9737546443939209,0.740380585193634,18.0,0.0,,,,,,,,,,,,,,,,,,,,,,,,,,,,,,,,,,,,,,
1784058287.134,234423000,135,1,1,0,10.0,25.0,10.0,25.0,9.269719123840332,25.1321964263916,-0.13219714164733887,43.672542572021484,47.669551849365234,0.0,0.0,0.0,1.0,1.0,0.0,1.2823630571365356,0.7302805781364441,18.0,0.0,,,,,,,,,,,,,,,,,,,,,,,,,,,,,,,,,,,,,,
1784058287.153,234438000,136,1,2,0,10.0,25.0,10.0,25.0,9.120745658874512,24.977561950683594,0.0224381685256958,47.431549072265625,46.83324432373047,0.0,0.0,0.0,1.0,1.0,0.0,-1.3889216184616089,0.8792534470558167,18.0,0.0,,,,,,,,,,,,,,,,,,,,,,,,,,,,,,,,,,,,,,
1784058287.163,234456000,137,1,3,0,10.0,25.0,10.0,25.0,9.413955688476562,25.499116897583008,-0.499117374420166,34.96710968017578,50.1784782409668,0.0,0.0,0.0,1.0,1.0,0.0,1.0200293064117432,0.5860440731048584,18.0,0.0,,,,,,,,,,,,,,,,,,,,,,,,,,,,,,,,,,,,,,
1784058287.188,234476000,138,2,255,0,,,,,,,,,,,,,,,,,,,,0.0,0.0,0.0,0.0,3.0,2.450000047683716,0.0,0.0,0.021202612668275833,-0.0023593995720148087,0.040051642805337906,1.0,0.0,0.0,0.0,0.0,0.0,0.0,0.0,,,,,,,,,,,,,,,,,,,
1784058287.207,234498000,139,3,254,0,,,,,,,,,,,,,,,,,,,,,,,,,,,,,,,,,,,,,,,1.0,1.0,1.0,1.0,1.0,1.0,4.0,0.0,-1.4253249168395996,0.13703157007694244,0.03522288799285889,-0.005349114537239075,0.0,0.0,0.05706310272216797,0.003680112771689892,-1.3901020288467407,0.13168245553970337,9.867063522338867
1784058287.296,234598000,144,1,0,0,10.0,25.0,10.0,25.0,9.260465621948242,25.33455467224121,-0.33455491065979004,33.61772155761719,43.906166076660156,0.0,0.0,0.0,1.0,1.0,0.0,-0.9704590439796448,0.7395341992378235,18.0,0.0,,,,,,,,,,,,,,,,,,,,,,,,,,,,,,,,,,,,,,
1784058287.316,234613000,145,1,1,0,10.0,25.0,10.0,25.0,9.268935203552246,25.133777618408203,-0.13377666473388672,43.39203643798828,47.669551849365234,0.0,0.0,0.0,1.0,1.0,0.0,1.273179054260254,0.7310643792152405,18.0,0.0,,,,,,,,,,,,,,,,,,,,,,,,,,,,,,,,,,,,,,
1784058287.332,234630000,146,1,2,0,10.0,25.0,10.0,25.0,9.122403144836426,24.976476669311523,0.02352297306060791,47.5127067565918,46.83324432373047,0.0,0.0,0.0,1.0,1.0,0.0,-1.3917242288589478,0.8775964379310608,18.0,0.0,,,,,,,,,,,,,,,,,,,,,,,,,,,,,,,,,,,,,,
1784058287.353,234650000,147,1,3,0,10.0,25.0,10.0,25.0,9.413997650146484,25.499053955078125,-0.49905478954315186,34.80565643310547,50.1784782409668,0.0,0.0,0.0,1.0,1.0,0.0,1.0149569511413574,0.5860015749931335,18.0,0.0,,,,,,,,,,,,,,,,,,,,,,,,,,,,,,,,,,,,,,
1784058287.376,234671000,148,2,255,0,,,,,,,,,,,,,,,,,,,,0.0,0.0,0.0,0.0,3.0,2.450000047683716,0.0,0.0,0.02108142524957657,-0.010081253945827484,0.04005105420947075,1.0,0.0,0.0,0.0,0.0,0.0,0.0,0.0,,,,,,,,,,,,,,,,,,,
1784058287.377,234694000,149,3,254,0,,,,,,,,,,,,,,,,,,,,,,,,,,,,,,,,,,,,,,,1.0,1.0,1.0,1.0,1.0,1.0,4.0,0.0,-1.4253249168395996,0.13703157007694244,0.013879537582397461,0.0047468990087509155,0.0,0.0,0.16387462615966797,0.004969253204762936,-1.4114453792572021,0.14177846908569336,9.973875045776367
1784058287.500,234803000,154,1,0,0,10.0,25.0,10.0,25.0,9.262216567993164,25.33344078063965,-0.33344030380249023,33.65869903564453,43.906166076660156,0.0,0.0,0.0,1.0,1.0,0.0,-0.972048282623291,0.7377833127975464,18.0,0.0,,,,,,,,,,,,,,,,,,,,,,,,,,,,,,,,,,,,,,
1784058287.515,234816000,155,1,1,0,10.0,25.0,10.0,25.0,9.271060943603516,25.131750106811523,-0.13175010681152344,43.71940994262695,47.669551849365234,0.0,0.0,0.0,1.0,1.0,0.0,1.2840498685836792,0.7289379835128784,18.0,0.0,,,,,,,,,,,,,,,,,,,,,,,,,,,,,,,,,,,,,,
1784058287.534,234832000,156,1,2,0,10.0,25.0,10.0,25.0,9.121451377868652,24.977298736572266,0.022701919078826904,47.4310188293457,46.83324432373047,0.0,0.0,0.0,1.0,1.0,0.0,-1.3887999057769775,0.8785479068756104,18.0,0.0,,,,,,,,,,,,,,,,,,,,,,,,,,,,,,,,,,,,,,
1784058287.553,234851000,157,1,3,0,10.0,25.0,10.0,25.0,9.413769721984863,25.499618530273438,-0.4996180534362793,34.94402313232422,50.1784782409668,0.0,0.0,0.0,1.0,1.0,0.0,1.018985390663147,0.5862295627593994,18.0,0.0,,,,,,,,,,,,,,,,,,,,,,,,,,,,,,,,,,,,,,
1784058287.573,234870000,158,2,255,0,,,,,,,,,,,,,,,,,,,,0.0,0.0,0.0,0.0,3.0,2.450000047683716,0.0,0.0,0.03354969993233681,-0.004139091353863478,0.04012908786535263,1.0,0.0,0.0,0.0,0.0,0.0,0.0,0.0,,,,,,,,,,,,,,,,,,,
1784058287.597,234891000,159,3,254,0,,,,,,,,,,,,,,,,,,,,,,,,,,,,,,,,,,,,,,,1.0,1.0,1.0,1.0,1.0,1.0,4.0,0.0,-1.4253249168395996,0.13703157007694244,0.00047016143798828125,0.015504136681556702,0.0,0.0,0.1148080825805664,0.006085570435971022,-1.4248547554016113,0.15253570675849915,9.924808502197266
1784058287.698,234999000,164,1,0,0,10.0,25.0,10.0,25.0,9.261933326721191,25.33633041381836,-0.3363311290740967,33.72137451171875,43.906166076660156,0.0,0.0,0.0,1.0,1.0,0.0,-0.9744628667831421,0.7380657196044922,18.0,0.0,,,,,,,,,,,,,,,,,,,,,,,,,,,,,,,,,,,,,,
1784058287.733,235014000,165,1,1,0,10.0,25.0,10.0,25.0,9.27006721496582,25.132497787475586,-0.1324981451034546,43.76080322265625,47.669551849365234,0.0,0.0,0.0,1.0,1.0,0.0,1.2854723930358887,0.7299318909645081,18.0,0.0,,,,,,,,,,,,,,,,,,,,,,,,,,,,,,,,,,,,,,
1784058287.734,235030000,166,1,2,0,10.0,25.0,10.0,25.0,9.122450828552246,24.976503372192383,0.023496150970458984,47.527671813964844,46.83324432373047,0.0,0.0,0.0,1.0,1.0,0.0,-1.3923243284225464,0.8775487542152405,18.0,0.0,,,,,,,,,,,,,,,,,,,,,,,,,,,,,,,,,,,,,,
1784058287.772,235049000,167,1,3,0,10.0,25.0,10.0,25.0,9.413087844848633,25.499868392944336,-0.49986839294433594,34.818115234375,50.1784782409668,0.0,0.0,0.0,1.0,1.0,0.0,1.0149965286254883,0.5869120359420776,18.0,0.0,,,,,,,,,,,,,,,,,,,,,,,,,,,,,,,,,,,,,,
1784058287.799,235070000,168,2,255,0,,,,,,,,,,,,,,,,,,,,0.0,0.0,0.0,0.0,3.0,2.450000047683716,0.0,0.0,0.03166162595152855,-0.0004168864688836038,0.04011499509215355,1.0,0.0,0.0,0.0,0.0,0.0,0.0,0.0,,,,,,,,,,,,,,,,,,,
1784058287.813,235093000,169,3,254,0,,,,,,,,,,,,,,,,,,,,,,,,,,,,,,,,,,,,,,,1.0,1.0,1.0,1.0,1.0,1.0,4.0,0.0,-1.4253249168395996,0.13703157007694244,-0.003302931785583496,0.005157098174095154,0.0,0.0,0.08437919616699219,0.007604657206684351,-1.428627848625183,0.1421886682510376,9.725621223449707
1784058287.910,235194000,174,1,0,0,10.0,25.0,10.0,25.0,9.26232624053955,25.335811614990234,-0.3358125686645508,33.770416259765625,43.906166076660156,0.0,0.0,0.0,1.0,1.0,0.0,-0.9754818081855774,0.7376730442047119,18.0,0.0,,,,,,,,,,,,,,,,,,,,,,,,,,,,,,,,,,,,,,
1784058287.938,235210000,175,1,1,0,10.0,25.0,10.0,25.0,9.269991874694824,25.131624221801758,-0.13162493705749512,43.73119354248047,47.669551849365234,0.0,0.0,0.0,1.0,1.0,0.0,1.2841514348983765,0.7300078868865967,18.0,0.0,,,,,,,,,,,,,,,,,,,,,,,,,,,,,,,,,,,,,,
1784058287.939,235228000,176,1,2,0,10.0,25.0,10.0,25.0,9.123233795166016,24.976173400878906,0.023826956748962402,47.54396438598633,46.83324432373047,0.0,0.0,0.0,1.0,1.0,0.0,-1.3929166793823242,0.8767657279968262,18.0,0.0,,,,,,,,,,,,,,,,,,,,,,,,,,,,,,,,,,,,,,
1784058287.965,235248000,177,1,3,0,10.0,25.0,10.0,25.0,9.413448333740234,25.500158309936523,-0.5001574754714966,34.92102813720703,50.1784782409668,0.0,0.0,0.0,1.0,1.0,0.0,1.0185010433197021,0.5865514278411865,18.0,0.0,,,,,,,,,,,,,,,,,,,,,,,,,,,,,,,,,,,,,,
1784058287.983,235270000,178,2,255,0,,,,,,,,,,,,,,,,,,,,0.0,0.0,0.0,0.0,3.0,2.450000047683716,0.0,0.0,0.03465114161372185,-0.003863199148327112,0.04013768211007118,1.0,0.0,0.0,0.0,0.0,0.0,0.0,0.0,,,,,,,,,,,,,,,,,,,
1784058288.020,235293000,179,3,254,0,,,,,,,,,,,,,,,,,,,,,,,,,,,,,,,,,,,,,,,1.0,1.0,1.0,1.0,1.0,1.0,4.0,0.0,-1.4253249168395996,0.13703157007694244,0.02553737163543701,-0.0258033350110054,0.0,0.0,0.07753849029541016,0.004639172926545143,-1.3997875452041626,0.11122823506593704,9.732461929321289
1784058288.099,235396000,184,1,0,0,10.0,25.0,10.0,25.0,9.26229476928711,25.335729598999023,-0.33572912216186523,33.69231033325195,43.906166076660156,0.0,0.0,0.0,1.0,1.0,0.0,-0.9732243418693542,0.737704336643219,18.0,0.0,,,,,,,,,,,,,,,,,,,,,,,,,,,,,,,,,,,,,,
1784058288.124,235413000,185,1,1,0,10.0,25.0,10.0,25.0,9.270644187927246,25.131336212158203,-0.13133585453033447,43.52394485473633,47.669551849365234,0.0,0.0,0.0,1.0,1.0,0.0,1.2778512239456177,0.7293552160263062,18.0,0.0,,,,,,,,,,,,,,,,,,,,,,,,,,,,,,,,,,,,,,
1784058288.150,235430000,186,1,2,0,10.0,25.0,10.0,25.0,9.123822212219238,24.97635269165039,0.02364814281463623,47.33674240112305,46.83324432373047,0.0,0.0,0.0,1.0,1.0,0.0,-1.3862055540084839,0.8761770725250244,18.0,0.0,,,,,,,,,,,,,,,,,,,,,,,,,,,,,,,,,,,,,,
1784058288.155,235450000,187,1,3,0,10.0,25.0,10.0,25.0,9.414551734924316,25.49932289123535,-0.4993230104446411,34.97773742675781,50.1784782409668,0.0,0.0,0.0,1.0,1.0,0.0,1.0200777053833008,0.5854480266571045,18.0,0.0,,,,,,,,,,,,,,,,,,,,,,,,,,,,,,,,,,,,,,
1784058288.182,235473000,188,2,255,0,,,,,,,,,,,,,,,,,,,,0.0,0.0,0.0,0.0,3.0,2.450000047683716,0.0,0.0,0.028179805725812912,-0.015370217151939869,0.0400911346077919,1.0,0.0,0.0,0.0,0.0,0.0,0.0,0.0,,,,,,,,,,,,,,,,,,,
1784058288.206,235496000,189,3,254,0,,,,,,,,,,,,,,,,,,,,,,,,,,,,,,,,,,,,,,,1.0,1.0,1.0,1.0,1.0,1.0,4.0,0.0,-1.4253249168395996,0.13703157007694244,0.0438227653503418,-0.032704226672649384,0.0,0.0,0.04085350036621094,0.00613055843859911,-1.3815021514892578,0.10432734340429306,9.769146919250488
1784058288.297,235595000,194,1,0,0,10.0,25.0,10.0,25.0,9.261347770690918,25.33516502380371,-0.3351658582687378,33.59645080566406,43.906166076660156,0.0,0.0,0.0,1.0,1.0,0.0,-0.9700751900672913,0.7386520504951477,18.0,0.0,,,,,,,,,,,,,,,,,,,,,,,,,,,,,,,,,,,,,,
1784058288.315,235610000,195,1,1,0,10.0,25.0,10.0,25.0,9.269633293151855,25.132143020629883,-0.13214349746704102,43.741363525390625,47.669551849365234,0.0,0.0,0.0,1.0,1.0,0.0,1.2848063707351685,0.7303662300109863,18.0,0.0,,,,,,,,,,,,,,,,,,,,,,,,,,,,,,,,,,,,,,
1784058288.336,235627000,196,1,2,0,10.0,25.0,10.0,25.0,9.1232271194458,24.976179122924805,0.023820996284484863,47.540775299072266,46.83324432373047,0.0,0.0,0.0,1.0,1.0,0.0,-1.3928465843200684,0.876772403717041,18.0,0.0,,,,,,,,,,,,,,,,,,,,,,,,,,,,,,,,,,,,,,
1784058288.357,235645000,197,1,3,0,10.0,25.0,10.0,25.0,9.412723541259766,25.500333786010742,-0.500333309173584,34.867340087890625,50.1784782409668,0.0,0.0,0.0,1.0,1.0,0.0,1.0169472694396973,0.5872756242752075,18.0,0.0,,,,,,,,,,,,,,,,,,,,,,,,,,,,,,,,,,,,,,
1784058288.372,235665000,198,2,255,0,,,,,,,,,,,,,,,,,,,,0.0,0.0,0.0,0.0,3.0,2.450000047683716,0.0,0.0,0.027092402800917625,-0.011666696518659592,0.04008425027132034,1.0,0.0,0.0,0.0,0.0,0.0,0.0,0.0,,,,,,,,,,,,,,,,,,,
1784058288.403,235688000,199,3,254,0,,,,,,,,,,,,,,,,,,,,,,,,,,,,,,,,,,,,,,,1.0,1.0,1.0,1.0,1.0,1.0,4.0,0.0,-1.4253249168395996,0.13703157007694244,0.055107831954956055,-0.015962280333042145,0.0,0.0,0.04226112365722656,0.007864529266953468,-1.3702170848846436,0.1210692897439003,9.767739295959473
1784058288.492,235791000,204,1,0,0,10.0,25.0,10.0,25.0,9.259642601013184,25.33493995666504,-0.3349393606185913,33.76633834838867,43.906166076660156,0.0,0.0,0.0,1.0,1.0,0.0,-0.9752053022384644,0.7403567433357239,18.0,0.0,,,,,,,,,,,,,,,,,,,,,,,,,,,,,,,,,,,,,,
1784058288.513,235809000,205,1,1,0,10.0,25.0,10.0,25.0,9.269658088684082,25.132183074951172,-0.13218224048614502,43.71766662597656,47.669551849365234,0.0,0.0,0.0,1.0,1.0,0.0,1.2839018106460571,0.7303409576416016,18.0,0.0,,,,,,,,,,,,,,,,,,,,,,,,,,,,,,,,,,,,,,
1784058288.537,235828000,206,1,2,0,10.0,25.0,10.0,25.0,9.12045669555664,24.978147506713867,0.021852552890777588,47.56276321411133,46.83324432373047,0.0,0.0,0.0,1.0,1.0,0.0,-1.3931512832641602,0.8795425295829773,18.0,0.0,,,,,,,,,,,,,,,,,,,,,,,,,,,,,,,,,,,,,,
1784058288.561,235849000,207,1,3,0,10.0,25.0,10.0,25.0,9.414031028747559,25.499088287353516,-0.4990875720977783,34.94332504272461,50.1784782409668,0.0,0.0,0.0,1.0,1.0,0.0,1.0192173719406128,0.585968017578125,18.0,0.0,,,,,,,,,,,,,,,,,,,,,,,,,,,,,,,,,,,,,,
1784058288.582,235873000,208,2,255,0,,,,,,,,,,,,,,,,,,,,0.0,0.0,0.0,0.0,3.0,2.450000047683716,0.0,0.0,0.015516046434640884,-0.006986400578171015,0.0400276742875576,1.0,0.0,0.0,0.0,0.0,0.0,0.0,0.0,,,,,,,,,,,,,,,,,,,
1784058288.585,235899000,209,3,254,0,,,,,,,,,,,,,,,,,,,,,,,,,,,,,,,,,,,,,,,1.0,1.0,1.0,1.0,1.0,1.0,4.0,0.0,-1.4253249168395996,0.13703157007694244,0.047455430030822754,-0.0070790499448776245,0.0,0.0,0.022500991821289062,0.007429783698171377,-1.3778694868087769,0.12995252013206482,9.832501411437988
1784058288.704,235997000,214,1,0,0,10.0,25.0,10.0,25.0,9.261600494384766,25.33328628540039,-0.3332853317260742,33.94541931152344,43.906166076660156,0.0,0.0,0.0,1.0,1.0,0.0,-0.981328547000885,0.7383987307548523,18.0,0.0,,,,,,,,,,,,,,,,,,,,,,,,,,,,,,,,,,,,,,
1784058288.735,236020000,215,1,1,0,10.0,25.0,10.0,25.0,9.268616676330566,25.133037567138672,-0.13303756713867188,43.622737884521484,47.669551849365234,0.0,0.0,0.0,1.0,1.0,0.0,1.2808959484100342,0.7313824892044067,18.0,0.0,,,,,,,,,,,,,,,,,,,,,,,,,,,,,,,,,,,,,,
1784058288.759,236046000,216,1,2,0,10.0,25.0,10.0,25.0,9.121295928955078,24.97644805908203,0.023552775382995605,47.49251937866211,46.83324432373047,0.0,0.0,0.0,1.0,1.0,0.0,-1.391078233718872,0.8787035942077637,18.0,0.0,,,,,,,,,,,,,,,,,,,,,,,,,,,,,,,,,,,,,,
1784058288.762,236066000,217,1,3,0,10.0,25.0,10.0,25.0,9.413188934326172,25.499311447143555,-0.49931108951568604,34.9700927734375,50.1784782409668,0.0,0.0,0.0,1.0,1.0,0.0,1.0199466943740845,0.5868107080459595,18.0,0.0,,,,,,,,,,,,,,,,,,,,,,,,,,,,,,,,,,,,,,
1784058288.778,236079000,218,2,255,0,,,,,,,,,,,,,,,,,,,,0.0,0.0,0.0,0.0,3.0,2.450000047683716,0.0,0.0,0.017498331144452095,-0.009378972463309765,0.0400351919233799,1.0,0.0,0.0,0.0,0.0,0.0,0.0,0.0,,,,,,,,,,,,,,,,,,,
1784058288.799,236094000,219,3,254,0,,,,,,,,,,,,,,,,,,,,,,,,,,,,,,,,,,,,,,,1.0,1.0,1.0,1.0,1.0,1.0,4.0,0.0,-1.4253249168395996,0.13703157007694244,0.02931368350982666,-0.0006857067346572876,0.0,0.0,0.06484794616699219,0.0044331937097013,-1.396011233329773,0.13634586334228516,9.874848365783691
1784058288.907,236195000,224,1,0,0,10.0,25.0,10.0,25.0,9.262425422668457,25.33426284790039,-0.3342628479003906,33.62079620361328,43.906166076660156,0.0,0.0,0.0,1.0,1.0,0.0,-0.9708583354949951,0.7375739812850952,18.0,0.0,,,,,,,,,,,,,,,,,,,,,,,,,,,,,,,,,,,,,,
1784058288.907,236222000,225,1,1,0,10.0,25.0,10.0,25.0,9.269317626953125,25.13277816772461,-0.13277828693389893,43.615806579589844,47.669551849365234,0.0,0.0,0.0,1.0,1.0,0.0,1.2808979749679565,0.7306821346282959,18.0,0.0,,,,,,,,,,,,,,,,,,,,,,,,,,,,,,,,,,,,,,
1784058288.939,236243000,226,1,2,0,10.0,25.0,10.0,25.0,9.119948387145996,24.977806091308594,0.0221937894821167,47.515079498291016,46.83324432373047,0.0,0.0,0.0,1.0,1.0,0.0,-1.3914811611175537,0.8800506591796875,18.0,0.0,,,,,,,,,,,,,,,,,,,,,,,,,,,,,,,,,,,,,,
1784058288.957,236256000,227,1,3,0,10.0,25.0,10.0,25.0,9.412705421447754,25.500476837158203,-0.5004763603210449,34.91314697265625,50.1784782409668,0.0,0.0,0.0,1.0,1.0,0.0,1.0181959867477417,0.5872942209243774,18.0,0.0,,,,,,,,,,,,,,,,,,,,,,,,,,,,,,,,,,,,,,
1784058288.978,236272000,228,2,255,0,,,,,,,,,,,,,,,,,,,,0.0,0.0,0.0,0.0,3.0,2.450000047683716,0.0,0.0,0.019365111365914345,-0.0168105810880661,0.04004308953881264,1.0,0.0,0.0,0.0,0.0,0.0,0.0,0.0,,,,,,,,,,,,,,,,,,,
1784058289.002,236289000,229,3,254,0,,,,,,,,,,,,,,,,,,,,,,,,,,,,,,,,,,,,,,,1.0,1.0,1.0,1.0,1.0,1.0,4.0,0.0,-1.4253249168395996,0.13703157007694244,0.0003597736358642578,-0.008633643388748169,0.0,0.0,0.11500167846679688,0.009746523573994637,-1.4249651432037354,0.12839792668819427,9.925002098083496
1784058289.097,236399000,234,1,0,0,10.0,25.0,10.0,25.0,9.260870933532715,25.33487319946289,-0.3348737955093384,33.644351959228516,43.906166076660156,0.0,0.0,0.0,1.0,1.0,0.0,-0.9714559316635132,0.7391281127929688,18.0,0.0,,,,,,,,,,,,,,,,,,,,,,,,,,,,,,,,,,,,,,
1784058289.114,236412000,235,1,1,0,10.0,25.0,10.0,25.0,9.268693923950195,25.133010864257812,-0.13301074504852295,43.61412811279297,47.669551849365234,0.0,0.0,0.0,1.0,1.0,0.0,1.280432939529419,0.7313050031661987,18.0,0.0,,,,,,,,,,,,,,,,,,,,,,,,,,,,,,,,,,,,,,
1784058289.129,236426000,236,1,2,0,10.0,25.0,10.0,25.0,9.121625900268555,24.976808547973633,0.023192167282104492,47.45553207397461,46.83324432373047,0.0,0.0,0.0,1.0,1.0,0.0,-1.3898215293884277,0.8783735036849976,18.0,0.0,,,,,,,,,,,,,,,,,,,,,,,,,,,,,,,,,,,,,,
1784058289.146,236442000,237,1,3,0,10.0,25.0,10.0,25.0,9.41190242767334,25.500812530517578,-0.5008131265640259,34.930503845214844,50.1784782409668,0.0,0.0,0.0,1.0,1.0,0.0,1.0187019109725952,0.5880966782569885,18.0,0.0,,,,,,,,,,,,,,,,,,,,,,,,,,,,,,,,,,,,,,
1784058289.167,236461000,238,2,255,0,,,,,,,,,,,,,,,,,,,,0.0,0.0,0.0,0.0,3.0,2.450000047683716,0.0,0.0,0.026711929589509964,-0.02431628108024597,0.04008190333843231,1.0,0.0,0.0,0.0,0.0,0.0,0.0,0.0,,,,,,,,,,,,,,,,,,,
1784058289.192,236481000,239,3,254,0,,,,,,,,,,,,,,,,,,,,,,,,,,,,,,,,,,,,,,,1.0,1.0,1.0,1.0,1.0,1.0,4.0,0.0,-1.4253249168395996,0.13703157007694244,0.004648327827453613,-0.01549307256937027,0.0,0.0,0.04215526580810547,0.004874292761087418,-1.420676589012146,0.12153849750757217,9.767845153808594
1784058289.286,236587000,244,1,0,0,10.0,25.0,10.0,25.0,9.26469612121582,25.33348274230957,-0.333482027053833,33.69245147705078,43.906166076660156,0.0,0.0,0.0,1.0,1.0,0.0,-0.9735415577888489,0.7353030443191528,18.0,0.0,,,,,,,,,,,,,,,,,,,,,,,,,,,,,,,,,,,,,,
1784058289.313,236602000,245,1,1,0,10.0,25.0,10.0,25.0,9.26927661895752,25.131845474243164,-0.13184547424316406,43.66217803955078,47.669551849365234,0.0,0.0,0.0,1.0,1.0,0.0,1.28193998336792,0.7307224273681641,18.0,0.0,,,,,,,,,,,,,,,,,,,,,,,,,,,,,,,,,,,,,,
1784058289.339,236617000,246,1,2,0,10.0,25.0,10.0,25.0,9.122965812683105,24.976741790771484,0.023257732391357422,47.64060592651367,46.83324432373047,0.0,0.0,0.0,1.0,1.0,0.0,-1.395754098892212,0.8770339488983154,18.0,0.0,,,,,,,,,,,,,,,,,,,,,,,,,,,,,,,,,,,,,,
1784058289.339,236635000,247,1,3,0,10.0,25.0,10.0,25.0,9.413741111755371,25.49966812133789,-0.4996687173843384,35.02825164794922,50.1784782409668,0.0,0.0,0.0,1.0,1.0,0.0,1.0221798419952393,0.5862578749656677,18.0,0.0,,,,,,,,,,,,,,,,,,,,,,,,,,,,,,,,,,,,,,
1784058289.360,236655000,248,2,255,0,,,,,,,,,,,,,,,,,,,,0.0,0.0,0.0,0.0,3.0,2.450000047683716,0.0,0.0,0.0443422757089138,-0.014139797538518906,0.04022517055273056,1.0,0.0,0.0,0.0,0.0,0.0,0.0,0.0,,,,,,,,,,,,,,,,,,,
1784058289.383,236677000,249,3,254,0,,,,,,,,,,,,,,,,,,,,,,,,,,,,,,,,,,,,,,,1.0,1.0,1.0,1.0,1.0,1.0,4.0,0.0,-1.4253249168395996,0.13703157007694244,0.03196060657501221,-0.011111006140708923,0.0,0.0,0.06924152374267578,0.0052375514060258865,-1.3933643102645874,0.12592056393623352,9.740758895874023
1784058289.486,236786000,254,1,0,0,10.0,25.0,10.0,25.0,9.262243270874023,25.33584213256836,-0.3358423709869385,33.82521438598633,43.906166076660156,0.0,0.0,0.0,1.0,1.0,0.0,-0.9777025580406189,0.7377564907073975,18.0,0.0,,,,,,,,,,,,,,,,,,,,,,,,,,,,,,,,,,,,,,
1784058289.507,236802000,255,1,1,0,10.0,25.0,10.0,25.0,9.270164489746094,25.132413864135742,-0.13241469860076904,43.4923095703125,47.669551849365234,0.0,0.0,0.0,1.0,1.0,0.0,1.2763444185256958,0.729835033416748,18.0,0.0,,,,,,,,,,,,,,,,,,,,,,,,,,,,,,,,,,,,,,
1784058289.525,236818000,0,1,2,0,10.0,25.0,10.0,25.0,9.123313903808594,24.976139068603516,0.023861229419708252,47.441993713378906,46.83324432373047,0.0,0.0,0.0,1.0,1.0,0.0,-1.3894792795181274,0.8766852617263794,18.0,0.0,,,,,,,,,,,,,,,,,,,,,,,,,,,,,,,,,,,,,,
1784058289.554,236837000,1,1,3,0,10.0,25.0,10.0,25.0,9.415242195129395,25.499073028564453,-0.4990726709365845,34.99666213989258,50.1784782409668,0.0,0.0,0.0,1.0,1.0,0.0,1.0214382410049438,0.5847573280334473,18.0,0.0,,,,,,,,,,,,,,,,,,,,,,,,,,,,,,,,,,,,,,
1784058289.565,236858000,2,2,255,0,,,,,,,,,,,,,,,,,,,,0.0,0.0,0.0,0.0,3.0,2.450000047683716,0.0,0.0,0.05118653550744057,-0.005266270600259304,0.04029976949095726,1.0,0.0,0.0,0.0,0.0,0.0,0.0,0.0,,,,,,,,,,,,,,,,,,,
1784058289.605,236881000,3,3,254,0,,,,,,,,,,,,,,,,,,,,,,,,,,,,,,,,,,,,,,,1.0,1.0,1.0,1.0,1.0,1.0,4.0,0.0,-1.4253249168395996,0.13703157007694244,0.05113184452056885,-0.022211790084838867,0.0,0.0,0.16542339324951172,0.0068663046695292,-1.3741930723190308,0.11481977999210358,9.975423812866211
1784058289.683,236983000,8,1,0,0,10.0,25.0,10.0,25.0,9.259316444396973,25.336820602416992,-0.3368198871612549,33.57170867919922,43.906166076660156,0.0,0.0,0.0,1.0,1.0,0.0,-0.969230055809021,0.7406830787658691,18.0,0.0,,,,,,,,,,,,,,,,,,,,,,,,,,,,,,,,,,,,,,
1784058289.705,237000000,9,1,1,0,10.0,25.0,10.0,25.0,9.2699556350708,25.131595611572266,-0.13159513473510742,43.635833740234375,47.669551849365234,0.0,0.0,0.0,1.0,1.0,0.0,1.2809075117111206,0.7300436496734619,18.0,0.0,,,,,,,,,,,,,,,,,,,,,,,,,,,,,,,,,,,,,,
1784058289.720,237018000,10,1,2,0,10.0,25.0,10.0,25.0,9.122262954711914,24.977012634277344,0.022986531257629395,47.45803451538086,46.83324432373047,0.0,0.0,0.0,1.0,1.0,0.0,-1.3898996114730835,0.877736508846283,18.0,0.0,,,,,,,,,,,,,,,,,,,,,,,,,,,,,,,,,,,,,,
1784058289.743,237037000,11,1,3,0,10.0,25.0,10.0,25.0,9.414097785949707,25.498973846435547,-0.4989743232727051,34.899147033691406,50.1784782409668,0.0,0.0,0.0,1.0,1.0,0.0,1.0177698135375977,0.5859017372131348,18.0,0.0,,,,,,,,,,,,,,,,,,,,,,,,,,,,,,,,,,,,,,
1784058289.773,237059000,12,2,255,0,,,,,,,,,,,,,,,,,,,,0.0,0.0,0.0,0.0,3.0,2.450000047683716,0.0,0.0,0.0430988147854805,-0.0031695563811808825,0.04021275416016579,1.0,0.0,0.0,0.0,0.0,0.0,0.0,0.0,,,,,,,,,,,,,,,,,,,
1784058289.795,237083000,13,3,254,0,,,,,,,,,,,,,,,,,,,,,,,,,,,,,,,,,,,,,,,1.0,1.0,1.0,1.0,1.0,1.0,4.0,0.0,-1.4253249168395996,0.13703157007694244,0.07228577136993408,-0.012437671422958374,0.0,0.0,0.099884033203125,0.0105196638032794,-1.3530391454696655,0.12459389865398407,9.909884452819824
1784058289.879,237173000,18,1,0,0,10.0,25.0,10.0,25.0,9.260381698608398,25.334585189819336,-0.33458471298217773,33.6379508972168,43.906166076660156,0.0,0.0,0.0,1.0,1.0,0.0,-0.971514880657196,0.739617645740509,18.0,0.0,,,,,,,,,,,,,,,,,,,,,,,,,,,,,,,,,,,,,,
1784058289.895,237190000,19,1,1,0,10.0,25.0,10.0,25.0,9.269613265991211,25.132286071777344,-0.13228654861450195,43.73048400878906,47.669551849365234,0.0,0.0,0.0,1.0,1.0,0.0,1.2841488122940063,0.7303863763809204,18.0,0.0,,,,,,,,,,,,,,,,,,,,,,,,,,,,,,,,,,,,,,
1784058289.915,237210000,20,1,2,0,10.0,25.0,10.0,25.0,9.121405601501465,24.977367401123047,0.02263188362121582,47.623355865478516,46.83324432373047,0.0,0.0,0.0,1.0,1.0,0.0,-1.3950690031051636,0.8785940408706665,18.0,0.0,,,,,,,,,,,,,,,,,,,,,,,,,,,,,,,,,,,,,,
1784058289.941,237231000,21,1,3,0,10.0,25.0,10.0,25.0,9.412558555603027,25.49955177307129,-0.49955248832702637,34.95939254760742,50.1784782409668,0.0,0.0,0.0,1.0,1.0,0.0,1.0196527242660522,0.5874410271644592,18.0,0.0,,,,,,,,,,,,,,,,,,,,,,,,,,,,,,,,,,,,,,
1784058289.964,237254000,22,2,255,0,,,,,,,,,,,,,,,,,,,,0.0,0.0,0.0,0.0,3.0,2.450000047683716,0.0,0.0,0.036968816071748734,0.0018179795006290078,0.040156666189432144,1.0,0.0,0.0,0.0,0.0,0.0,0.0,0.0,,,,,,,,,,,,,,,,,,,
1784058289.964,237280000,23,3,254,0,,,,,,,,,,,,,,,,,,,,,,,,,,,,,,,,,,,,,,,1.0,1.0,1.0,1.0,1.0,1.0,4.0,0.0,-1.4253249168395996,0.13703157007694244,0.07790660858154297,0.022081300616264343,0.0,0.0,0.06540870666503906,0.003965702839195728,-1.3474183082580566,0.1591128706932068,9.875409126281738
1784058290.072,237360000,28,1,0,0,10.0,25.0,10.0,25.0,9.260424613952637,25.334518432617188,-0.3345191478729248,33.58317565917969,43.906166076660156,0.0,0.0,0.0,1.0,1.0,0.0,-0.9694021940231323,0.7395751476287842,18.0,0.0,,,,,,,,,,,,,,,,,,,,,,,,,,,,,,,,,,,,,,
1784058290.085,237380000,29,1,1,0,10.0,25.0,10.0,25.0,9.269439697265625,25.132736206054688,-0.13273656368255615,43.558570861816406,47.669551849365234,0.0,0.0,0.0,1.0,1.0,0.0,1.2790628671646118,0.730559229850769,18.0,0.0,,,,,,,,,,,,,,,,,,,,,,,,,,,,,,,,,,,,,,
1784058290.118,237402000,30,1,2,0,10.0,25.0,10.0,25.0,9.11992073059082,24.97786521911621,0.022135674953460693,47.598995208740234,46.83324432373047,0.0,0.0,0.0,1.0,1.0,0.0,-1.3944226503372192,0.8800789713859558,18.0,0.0,,,,,,,,,,,,,,,,,,,,,,,,,,,,,,,,,,,,,,
1784058290.136,237424000,31,1,3,0,10.0,25.0,10.0,25.0,9.411909103393555,25.500810623168945,-0.5008101463317871,34.968013763427734,50.1784782409668,0.0,0.0,0.0,1.0,1.0,0.0,1.0199376344680786,0.588090717792511,18.0,0.0,,,,,,,,,,,,,,,,,,,,,,,,,,,,,,,,,,,,,,
1784058290.174,237450000,32,2,255,0,,,,,,,,,,,,,,,,,,,,0.0,0.0,0.0,0.0,3.0,2.450000047683716,0.0,0.0,0.04298172518610954,0.0032636853866279125,0.04021160304546356,1.0,0.0,0.0,0.0,0.0,0.0,0.0,0.0,,,,,,,,,,,,,,,,,,,
1784058290.174,237477000,33,3,254,0,,,,,,,,,,,,,,,,,,,,,,,,,,,,,,,,,,,,,,,1.0,1.0,1.0,1.0,1.0,1.0,4.0,0.0,-1.4253249168395996,0.13703157007694244,0.043340325355529785,0.003368377685546875,0.0,0.0,0.07156848907470703,0.007418488152325153,-1.3819845914840698,0.14039994776248932,9.881568908691406
1784058290.281,237562000,38,1,0,0,10.0,25.0,10.0,25.0,9.261987686157227,25.334003448486328,-0.3340035676956177,33.72762680053711,43.906166076660156,0.0,0.0,0.0,1.0,1.0,0.0,-0.9743546843528748,0.7380120754241943,18.0,0.0,,,,,,,,,,,,,,,,,,,,,,,,,,,,,,,,,,,,,,
1784058290.297,237582000,39,1,1,0,10.0,25.0,10.0,25.0,9.269474029541016,25.132678985595703,-0.13267993927001953,43.503395080566406,47.669551849365234,0.0,0.0,0.0,1.0,1.0,0.0,1.27699613571167,0.7305257320404053,18.0,0.0,,,,,,,,,,,,,,,,,,,,,,,,,,,,,,,,,,,,,,
1784058290.330,237605000,40,1,2,0,10.0,25.0,10.0,25.0,9.11998462677002,24.977745056152344,0.022254884243011475,47.421531677246094,46.83324432373047,0.0,0.0,0.0,1.0,1.0,0.0,-1.3887224197387695,0.8800148963928223,18.0,0.0,,,,,,,,,,,,,,,,,,,,,,,,,,,,,,,,,,,,,,
1784058290.343,237629000,41,1,3,0,10.0,25.0,10.0,25.0,9.412503242492676,25.49966049194336,-0.49965977668762207,34.982086181640625,50.1784782409668,0.0,0.0,0.0,1.0,1.0,0.0,1.0205366611480713,0.5874961614608765,18.0,0.0,,,,,,,,,,,,,,,,,,,,,,,,,,,,,,,,,,,,,,
1784058290.343,237656000,42,2,255,0,,,,,,,,,,,,,,,,,,,,0.0,0.0,0.0,0.0,3.0,2.450000047683716,0.0,0.0,0.03657759726047516,-0.010942528024315834,0.0401533767580986,1.0,0.0,0.0,0.0,0.0,0.0,0.0,0.0,,,,,,,,,,,,,,,,,,,
1784058290.375,237677000,43,3,254,0,,,,,,,,,,,,,,,,,,,,,,,,,,,,,,,,,,,,,,,1.0,1.0,1.0,1.0,1.0,1.0,4.0,0.0,-1.4253249168395996,0.13703157007694244,0.013642311096191406,-0.0032453536987304688,0.0,0.0,0.07184886932373047,0.00834792573004961,-1.4116826057434082,0.13378621637821198,9.88184928894043
1784058290.465,237760000,48,1,0,0,10.0,25.0,10.0,25.0,9.263141632080078,25.334095001220703,-0.33409595489501953,33.85125732421875,43.906166076660156,0.0,0.0,0.0,1.0,1.0,0.0,-0.9784572124481201,0.7368579506874084,18.0,0.0,,,,,,,,,,,,,,,,,,,,,,,,,,,,,,,,,,,,,,
1784058290.489,237781000,49,1,1,0,10.0,25.0,10.0,25.0,9.270712852478027,25.131315231323242,-0.13131499290466309,43.51173400878906,47.669551849365234,0.0,0.0,0.0,1.0,1.0,0.0,1.2770137786865234,0.7292866706848145,18.0,0.0,,,,,,,,,,,,,,,,,,,,,,,,,,,,,,,,,,,,,,
1784058290.515,237805000,50,1,2,0,10.0,25.0,10.0,25.0,9.123353004455566,24.975696563720703,0.024303793907165527,47.479644775390625,46.83324432373047,0.0,0.0,0.0,1.0,1.0,0.0,-1.3908627033233643,0.8766465187072754,18.0,0.0,,,,,,,,,,,,,,,,,,,,,,,,,,,,,,,,,,,,,,
1784058290.548,237831000,51,1,3,0,10.0,25.0,10.0,25.0,9.413052558898926,25.499921798706055,-0.4999220371246338,34.978397369384766,50.1784782409668,0.0,0.0,0.0,1.0,1.0,0.0,1.020192265510559,0.5869470834732056,18.0,0.0,,,,,,,,,,,,,,,,,,,,,,,,,,,,,,,,,,,,,,
1784058290.548,237858000,52,2,255,0,,,,,,,,,,,,,,,,,,,,0.0,0.0,0.0,0.0,3.0,2.450000047683716,0.0,0.0,0.02900983765721321,-0.0176700372248888,0.040096573531627655,1.0,0.0,0.0,0.0,0.0,0.0,0.0,0.0,,,,,,,,,,,,,,,,,,,
1784058290.584,237879000,53,3,254,0,,,,,,,,,,,,,,,,,,,,,,,,,,,,,,,,,,,,,,,1.0,1.0,1.0,1.0,1.0,1.0,4.0,0.0,-1.4253249168395996,0.13703157007694244,0.00966489315032959,-0.0019456148147583008,0.0,0.0,0.10697650909423828,0.006464030593633652,-1.41566002368927,0.13508595526218414,9.916976928710938
1784058290.673,237964000,58,1,0,0,10.0,25.0,10.0,25.0,9.262879371643066,25.334613800048828,-0.33461451530456543,33.64191436767578,43.906166076660156,0.0,0.0,0.0,1.0,1.0,0.0,-0.9717281460762024,0.7371202111244202,18.0,0.0,,,,,,,,,,,,,,,,,,,,,,,,,,,,,,,,,,,,,,
1784058290.708,237987000,59,1,1,0,10.0,25.0,10.0,25.0,9.270636558532715,25.131343841552734,-0.13134479522705078,43.785438537597656,47.669551849365234,0.0,0.0,0.0,1.0,1.0,0.0,1.2861026525497437,0.7293626666069031,18.0,0.0,,,,,,,,,,,,,,,,,,,,,,,,,,,,,,,,,,,,,,
1784058290.727,238013000,60,1,2,0,10.0,25.0,10.0,25.0,9.123944282531738,24.975862503051758,0.02413839101791382,47.60436248779297,46.83324432373047,0.0,0.0,0.0,1.0,1.0,0.0,-1.3950248956680298,0.8760548830032349,18.0,0.0,,,,,,,,,,,,,,,,,,,,,,,,,,,,,,,,,,,,,,
1784058290.727,238040000,61,1,3,0,10.0,25.0,10.0,25.0,9.413546562194824,25.500164031982422,-0.5001634359359741,34.904685974121094,50.1784782409668,0.0,0.0,0.0,1.0,1.0,0.0,1.0175435543060303,0.5864530801773071,18.0,0.0,,,,,,,,,,,,,,,,,,,,,,,,,,,,,,,,,,,,,,
1784058290.761,238061000,62,2,255,0,,,,,,,,,,,,,,,,,,,,0.0,0.0,0.0,0.0,3.0,2.450000047683716,0.0,0.0,0.025123022496700287,-0.014400969259440899,0.04007246717810631,1.0,0.0,0.0,0.0,0.0,0.0,0.0,0.0,,,,,,,,,,,,,,,,,,,
1784058290.780,238074000,63,3,254,0,,,,,,,,,,,,,,,,,,,,,,,,,,,,,,,,,,,,,,,1.0,1.0,1.0,1.0,1.0,1.0,4.0,0.0,-1.4253249168395996,0.13703157007694244,-0.01607966423034668,-0.008161455392837524,0.0,0.0,0.04209136962890625,0.010927364230155945,-1.4414045810699463,0.12887011468410492,9.767909049987793
1784058290.879,238167000,68,1,0,0,10.0,25.0,10.0,25.0,9.261634826660156,25.335927963256836,-0.3359287977218628,33.582149505615234,43.906166076660156,0.0,0.0,0.0,1.0,1.0,0.0,-0.9695683121681213,0.7383644580841064,18.0,0.0,,,,,,,,,,,,,,,,,,,,,,,,,,,,,,,,,,,,,,
1784058290.903,238192000,69,1,1,0,10.0,25.0,10.0,25.0,9.26927661895752,25.131845474243164,-0.13184547424316406,43.72893524169922,47.669551849365234,0.0,0.0,0.0,1.0,1.0,0.0,1.283884882926941,0.7307224273681641,18.0,0.0,,,,,,,,,,,,,,,,,,,,,,,,,,,,,,,,,,,,,,
1784058290.905,238219000,70,1,2,0,10.0,25.0,10.0,25.0,9.124979019165039,24.97514533996582,0.02485513687133789,47.62125778198242,46.83324432373047,0.0,0.0,0.0,1.0,1.0,0.0,-1.395279049873352,0.8750207424163818,18.0,0.0,,,,,,,,,,,,,,,,,,,,,,,,,,,,,,,,,,,,,,
1784058290.943,238240000,71,1,3,0,10.0,25.0,10.0,25.0,9.415018081665039,25.49962043762207,-0.49962103366851807,34.936866760253906,50.1784782409668,0.0,0.0,0.0,1.0,1.0,0.0,1.0192632675170898,0.5849815607070923,18.0,0.0,,,,,,,,,,,,,,,,,,,,,,,,,,,,,,,,,,,,,,
1784058290.964,238253000,72,2,255,0,,,,,,,,,,,,,,,,,,,,0.0,0.0,0.0,0.0,3.0,2.450000047683716,0.0,0.0,0.0355709083378315,-0.012894200161099434,0.04014506936073303,1.0,0.0,0.0,0.0,0.0,0.0,0.0,0.0,,,,,,,,,,,,,,,,,,,
1784058290.973,238269000,73,3,254,0,,,,,,,,,,,,,,,,,,,,,,,,,,,,,,,,,,,,,,,1.0,1.0,1.0,1.0,1.0,1.0,4.0,0.0,-1.4253249168395996,0.13703157007694244,0.025681257247924805,-0.032428622245788574,0.0,0.0,0.0017938613891601562,0.0055186813697218895,-1.3996436595916748,0.10460294783115387,9.81179428100586
1784058291.065,238372000,78,1,0,0,10.0,25.0,10.0,25.0,9.260235786437988,25.336097717285156,-0.33609867095947266,33.77992248535156,43.906166076660156,0.0,0.0,0.0,1.0,1.0,0.0,-0.9757627248764038,0.7397636771202087,18.0,0.0,,,,,,,,,,,,,,,,,,,,,,,,,,,,,,,,,,,,,,
1784058291.100,238399000,79,1,1,0,10.0,25.0,10.0,25.0,9.269888877868652,25.13161849975586,-0.13161897659301758,43.74966812133789,47.669551849365234,0.0,0.0,0.0,1.0,1.0,0.0,1.2850686311721802,0.7301107048988342,18.0,0.0,,,,,,,,,,,,,,,,,,,,,,,,,,,,,,,,,,,,,,
1784058291.115,238419000,80,1,2,0,10.0,25.0,10.0,25.0,9.122392654418945,24.976858139038086,0.02314150333404541,47.502601623535156,46.83324432373047,0.0,0.0,0.0,1.0,1.0,0.0,-1.3912127017974854,0.8776068687438965,18.0,0.0,,,,,,,,,,,,,,,,,,,,,,,,,,,,,,,,,,,,,,
1784058291.131,238431000,81,1,3,0,10.0,25.0,10.0,25.0,9.41452407836914,25.499374389648438,-0.4993736743927002,34.94743347167969,50.1784782409668,0.0,0.0,0.0,1.0,1.0,0.0,1.0192937850952148,0.5854755640029907,18.0,0.0,,,,,,,,,,,,,,,,,,,,,,,,,,,,,,,,,,,,,,
1784058291.146,238445000,82,2,255,0,,,,,,,,,,,,,,,,,,,,0.0,0.0,0.0,0.0,3.0,2.450000047683716,0.0,0.0,0.031020037829875946,-0.005218966864049435,0.04011039063334465,1.0,0.0,0.0,0.0,0.0,0.0,0.0,0.0,,,,,,,,,,,,,,,,,,,
1784058291.168,238462000,83,3,254,0,,,,,,,,,,,,,,,,,,,,,,,,,,,,,,,,,,,,,,,1.0,1.0,1.0,1.0,1.0,1.0,4.0,0.0,-1.4253249168395996,0.13703157007694244,0.05064213275909424,-0.023341789841651917,0.0,0.0,0.0862274169921875,0.007242399267852306,-1.3746827840805054,0.11368978023529053,9.896227836608887
1784058291.289,238569000,88,1,0,0,10.0,25.0,10.0,25.0,9.260272026062012,25.33467674255371,-0.3346771001815796,33.8813362121582,43.906166076660156,0.0,0.0,0.0,1.0,1.0,0.0,-0.9793415665626526,0.7397271394729614,18.0,0.0,,,,,,,,,,,,,,,,,,,,,,,,,,,,,,,,,,,,,,
1784058291.290,238596000,89,1,1,0,10.0,25.0,10.0,25.0,9.269368171691895,25.132665634155273,-0.13266503810882568,43.42616271972656,47.669551849365234,0.0,0.0,0.0,1.0,1.0,0.0,1.274673581123352,0.7306314706802368,18.0,0.0,,,,,,,,,,,,,,,,,,,,,,,,,,,,,,,,,,,,,,
1784058291.319,238615000,90,1,2,0,10.0,25.0,10.0,25.0,9.122026443481445,24.97623062133789,0.023768842220306396,47.68120193481445,46.83324432373047,0.0,0.0,0.0,1.0,1.0,0.0,-1.3971866369247437,0.8779727220535278,18.0,0.0,,,,,,,,,,,,,,,,,,,,,,,,,,,,,,,,,,,,,,
1784058291.342,238636000,91,1,3,0,10.0,25.0,10.0,25.0,9.414007186889648,25.499048233032227,-0.4990488290786743,34.935646057128906,50.1784782409668,0.0,0.0,0.0,1.0,1.0,0.0,1.0190658569335938,0.5859926342964172,18.0,0.0,,,,,,,,,,,,,,,,,,,,,,,,,,,,,,,,,,,,,,
1784058291.370,238654000,92,2,255,0,,,,,,,,,,,,,,,,,,,,0.0,0.0,0.0,0.0,3.0,2.450000047683716,0.0,0.0,0.027354253455996513,-0.014150578528642654,0.04008588194847107,1.0,0.0,0.0,0.0,0.0,0.0,0.0,0.0,,,,,,,,,,,,,,,,,,,
1784058291.380,238673000,93,3,254,0,,,,,,,,,,,,,,,,,,,,,,,,,,,,,,,,,,,,,,,1.0,1.0,1.0,1.0,1.0,1.0,4.0,0.0,-1.4253249168395996,0.13703157007694244,0.058414459228515625,-0.030908524990081787,0.0,0.0,0.07135486602783203,0.004371638875454664,-1.366910457611084,0.10612304508686066,9.738645553588867
1784058291.493,238788000,98,1,0,0,10.0,25.0,10.0,25.0,9.259332656860352,25.335439682006836,-0.3354400396347046,33.655616760253906,43.906166076660156,0.0,0.0,0.0,1.0,1.0,0.0,-0.9717988967895508,0.7406666874885559,18.0,0.0,,,,,,,,,,,,,,,,,,,,,,,,,,,,,,,,,,,,,,
1784058291.500,238801000,99,1,1,0,10.0,25.0,10.0,25.0,9.269702911376953,25.13220977783203,-0.13220906257629395,43.684391021728516,47.669551849365234,0.0,0.0,0.0,1.0,1.0,0.0,1.2827128171920776,0.7302969694137573,18.0,0.0,,,,,,,,,,,,,,,,,,,,,,,,,,,,,,,,,,,,,,
1784058291.516,238815000,100,1,2,0,10.0,25.0,10.0,25.0,9.120092391967773,24.977754592895508,0.022245943546295166,47.38419723510742,46.83324432373047,0.0,0.0,0.0,1.0,1.0,0.0,-1.3873547315597534,0.8799068927764893,18.0,0.0,,,,,,,,,,,,,,,,,,,,,,,,,,,,,,,,,,,,,,
1784058291.516,238831000,101,1,3,0,10.0,25.0,10.0,25.0,9.412508964538574,25.49964714050293,-0.499647855758667,35.01563262939453,50.1784782409668,0.0,0.0,0.0,1.0,1.0,0.0,1.0214102268218994,0.5874902009963989,18.0,0.0,,,,,,,,,,,,,,,,,,,,,,,,,,,,,,,,,,,,,,
1784058291.559,238849000,102,2,255,0,,,,,,,,,,,,,,,,,,,,0.0,0.0,0.0,0.0,3.0,2.450000047683716,0.0,0.0,0.01941409707069397,-0.013876382261514664,0.04004330560564995,1.0,0.0,0.0,0.0,0.0,0.0,0.0,0.0,,,,,,,,,,,,,,,,,,,
1784058291.579,238869000,103,3,254,0,,,,,,,,,,,,,,,,,,,,,,,,,,,,,,,,,,,,,,,1.0,1.0,1.0,1.0,1.0,1.0,4.0,0.0,-1.4253249168395996,0.13703157007694244,0.03625762462615967,-0.017296046018600464,0.0,0.0,0.09246540069580078,0.005482100415974855,-1.38906729221344,0.11973552405834198,9.9024658203125
1784058291.680,238975000,108,1,0,0,10.0,25.0,10.0,25.0,9.259889602661133,25.334341049194336,-0.33434033393859863,33.73381805419922,43.906166076660156,0.0,0.0,0.0,1.0,1.0,0.0,-0.9743626117706299,0.740109384059906,18.0,0.0,,,,,,,,,,,,,,,,,,,,,,,,,,,,,,,,,,,,,,
1784058291.696,238990000,109,1,1,0,10.0,25.0,10.0,25.0,9.268721580505371,25.132957458496094,-0.1329571008682251,43.56090545654297,47.669551849365234,0.0,0.0,0.0,1.0,1.0,0.0,1.2787286043167114,0.7312781810760498,18.0,0.0,,,,,,,,,,,,,,,,,,,,,,,,,,,,,,,,,,,,,,
1784058291.720,239007000,110,1,2,0,10.0,25.0,10.0,25.0,9.119853019714355,24.977888107299805,0.022111833095550537,47.55781173706055,46.83324432373047,0.0,0.0,0.0,1.0,1.0,0.0,-1.3930684328079224,0.8801460266113281,18.0,0.0,,,,,,,,,,,,,,,,,,,,,,,,,,,,,,,,,,,,,,
1784058291.734,239025000,111,1,3,0,10.0,25.0,10.0,25.0,9.411946296691895,25.500751495361328,-0.5007505416870117,34.92139434814453,50.1784782409668,0.0,0.0,0.0,1.0,1.0,0.0,1.0185853242874146,0.5880534648895264,18.0,0.0,,,,,,,,,,,,,,,,,,,,,,,,,,,,,,,,,,,,,,
1784058291.767,239045000,112,2,255,0,,,,,,,,,,,,,,,,,,,,0.0,0.0,0.0,0.0,3.0,2.450000047683716,0.0,0.0,0.016261687502264977,-0.022960439324378967,0.04006054624915123,1.0,0.0,0.0,0.0,0.0,0.0,0.0,0.0,,,,,,,,,,,,,,,,,,,
1784058291.798,239067000,113,3,254,0,,,,,,,,,,,,,,,,,,,,,,,,,,,,,,,,,,,,,,,1.0,1.0,1.0,1.0,1.0,1.0,4.0,0.0,-1.4253249168395996,0.13703157007694244,0.01339423656463623,-0.011074796319007874,0.0,0.0,0.0937662124633789,0.005675262305885553,-1.4119306802749634,0.12595677375793457,9.903766632080078
1784058291.873,239171000,118,1,0,0,10.0,25.0,10.0,25.0,9.262223243713379,25.33344078063965,-0.33344030380249023,33.69557189941406,43.906166076660156,0.0,0.0,0.0,1.0,1.0,0.0,-0.9732381105422974,0.7377766370773315,18.0,0.0,,,,,,,,,,,,,,,,,,,,,,,,,,,,,,,,,,,,,,
1784058291.895,239189000,119,1,1,0,10.0,25.0,10.0,25.0,9.270090103149414,25.13245391845703,-0.13245344161987305,43.62506103515625,47.669551849365234,0.0,0.0,0.0,1.0,1.0,0.0,1.2811546325683594,0.7299095392227173,18.0,0.0,,,,,,,,,,,,,,,,,,,,,,,,,,,,,,,,,,,,,,
1784058291.917,239209000,120,1,2,0,10.0,25.0,10.0,25.0,9.121355056762695,24.97633934020996,0.023661553859710693,47.49359130859375,46.83324432373047,0.0,0.0,0.0,1.0,1.0,0.0,-1.391182541847229,0.8786439895629883,18.0,0.0,,,,,,,,,,,,,,,,,,,,,,,,,,,,,,,,,,,,,,
1784058291.937,239230000,121,1,3,0,10.0,25.0,10.0,25.0,9.414101600646973,25.498973846435547,-0.4989743232727051,34.7002067565918,50.1784782409668,0.0,0.0,0.0,1.0,1.0,0.0,1.0111801624298096,0.5858980417251587,18.0,0.0,,,,,,,,,,,,,,,,,,,,,,,,,,,,,,,,,,,,,,
1784058291.963,239253000,122,2,255,0,,,,,,,,,,,,,,,,,,,,0.0,0.0,0.0,0.0,3.0,2.450000047683716,0.0,0.0,0.023067565634846687,-0.022494640201330185,0.0400611087679863,1.0,0.0,0.0,0.0,0.0,0.0,0.0,0.0,,,,,,,,,,,,,,,,,,,
1784058291.990,239279000,123,3,254,0,,,,,,,,,,,,,,,,,,,,,,,,,,,,,,,,,,,,,,,1.0,1.0,1.0,1.0,1.0,1.0,4.0,0.0,-1.4253249168395996,0.13703157007694244,-0.008856534957885742,-0.005396410822868347,0.0,0.0,0.0070171356201171875,0.014777149073779583,-1.4341814517974854,0.1316351592540741,9.817017555236816
1784058292.083,239382000,128,1,0,0,10.0,25.0,10.0,25.0,9.263803482055664,25.333765029907227,-0.3337651491165161,33.76588821411133,43.906166076660156,0.0,0.0,0.0,1.0,1.0,0.0,-0.9760900139808655,0.7361963391304016,18.0,0.0,,,,,,,,,,,,,,,,,,,,,,,,,,,,,,,,,,,,,,
1784058292.104,239399000,129,1,1,0,10.0,25.0,10.0,25.0,9.270029067993164,25.132465362548828,-0.13246536254882812,43.570980072021484,47.669551849365234,0.0,0.0,0.0,1.0,1.0,0.0,1.2795047760009766,0.7299706339836121,18.0,0.0,,,,,,,,,,,,,,,,,,,,,,,,,,,,,,,,,,,,,,
1784058292.122,239419000,130,1,2,0,10.0,25.0,10.0,25.0,9.122875213623047,24.975391387939453,0.02460777759552002,47.77771759033203,46.83324432373047,0.0,0.0,0.0,1.0,1.0,0.0,-1.4002718925476074,0.8771240711212158,18.0,0.0,,,,,,,,,,,,,,,,,,,,,,,,,,,,,,,,,,,,,,
1784058292.145,239438000,131,1,3,0,10.0,25.0,10.0,25.0,9.412282943725586,25.500202178955078,-0.5002021789550781,34.95512771606445,50.1784782409668,0.0,0.0,0.0,1.0,1.0,0.0,1.0194172859191895,0.5877166986465454,18.0,0.0,,,,,,,,,,,,,,,,,,,,,,,,,,,,,,,,,,,,,,
1784058292.175,239460000,132,2,255,0,,,,,,,,,,,,,,,,,,,,0.0,0.0,0.0,0.0,3.0,2.450000047683716,0.0,0.0,0.0214602779597044,-0.020243726670742035,0.040052901953458786,1.0,0.0,0.0,0.0,0.0,0.0,0.0,0.0,,,,,,,,,,,,,,,,,,,
1784058292.202,239485000,133,3,254,0,,,,,,,,,,,,,,,,,,,,,,,,,,,,,,,,,,,,,,,1.0,1.0,1.0,1.0,1.0,1.0,4.0,0.0,-1.4253249168395996,0.13703157007694244,-0.015100598335266113,-0.010001227259635925,0.0,0.0,0.045116424560546875,0.009969165548682213,-1.4404255151748657,0.12703034281730652,9.855116844177246
1784058292.294,239587000,138,1,0,0,10.0,25.0,10.0,25.0,9.26305866241455,25.334125518798828,-0.3341257572174072,33.80833435058594,43.906166076660156,0.0,0.0,0.0,1.0,1.0,0.0,-0.9769843816757202,0.7369406223297119,18.0,0.0,,,,,,,,,,,,,,,,,,,,,,,,,,,,,,,,,,,,,,
1784058292.309,239604000,139,1,1,0,10.0,25.0,10.0,25.0,9.268977165222168,25.132427215576172,-0.13242661952972412,43.59162902832031,47.669551849365234,0.0,0.0,0.0,1.0,1.0,0.0,1.2795780897140503,0.7310218811035156,18.0,0.0,,,,,,,,,,,,,,,,,,,,,,,,,,,,,,,,,,,,,,
1784058292.333,239622000,140,1,2,0,10.0,25.0,10.0,25.0,9.123023986816406,24.975341796875,0.0246584415435791,47.760135650634766,46.83324432373047,0.0,0.0,0.0,1.0,1.0,0.0,-1.3996214866638184,0.8769750595092773,18.0,0.0,,,,,,,,,,,,,,,,,,,,,,,,,,,,,,,,,,,,,,
1784058292.355,239642000,141,1,3,0,10.0,25.0,10.0,25.0,9.412662506103516,25.500446319580078,-0.5004465579986572,34.96144485473633,50.1784782409668,0.0,0.0,0.0,1.0,1.0,0.0,1.0199896097183228,0.5873367190361023,18.0,0.0,,,,,,,,,,,,,,,,,,,,,,,,,,,,,,,,,,,,,,
1784058292.374,239664000,142,2,255,0,,,,,,,,,,,,,,,,,,,,0.0,0.0,0.0,0.0,3.0,2.450000047683716,0.0,0.0,0.023708241060376167,-0.021607263013720512,0.04006454721093178,1.0,0.0,0.0,0.0,0.0,0.0,0.0,0.0,,,,,,,,,,,,,,,,,,,
1784058292.402,239689000,143,3,254,0,,,,,,,,,,,,,,,,,,,,,,,,,,,,,,,,,,,,,,,1.0,1.0,1.0,1.0,1.0,1.0,4.0,0.0,-1.4253249168395996,0.13703157007694244,-0.008297204971313477,-0.01717177778482437,0.0,0.0,0.1310443878173828,0.006226695142686367,-1.433622121810913,0.11985979229211807,9.941044807434082
1784058292.486,239781000,148,1,0,0,10.0,25.0,10.0,25.0,9.260675430297852,25.336837768554688,-0.3368377685546875,33.60069274902344,43.906166076660156,0.0,0.0,0.0,1.0,1.0,0.0,-0.9701283574104309,0.7393240928649902,18.0,0.0,,,,,,,,,,,,,,,,,,,,,,,,,,,,,,,,,,,,,,
1784058292.503,239799000,149,1,1,0,10.0,25.0,10.0,25.0,9.270574569702148,25.13136863708496,-0.13136863708496094,43.70664978027344,47.669551849365234,0.0,0.0,0.0,1.0,1.0,0.0,1.2834644317626953,0.7294252514839172,18.0,0.0,,,,,,,,,,,,,,,,,,,,,,,,,,,,,,,,,,,,,,
1784058292.523,239818000,150,1,2,0,10.0,25.0,10.0,25.0,9.124394416809082,24.97484016418457,0.025159120559692383,47.880035400390625,46.83324432373047,0.0,0.0,0.0,1.0,1.0,0.0,-1.4037550687789917,0.8756048679351807,18.0,0.0,,,,,,,,,,,,,,,,,,,,,,,,,,,,,,,,,,,,,,
1784058292.548,239837000,151,1,3,0,10.0,25.0,10.0,25.0,9.414051055908203,25.499074935913086,-0.49907565116882324,34.78474044799805,50.1784782409668,0.0,0.0,0.0,1.0,1.0,0.0,1.014276385307312,0.5859479308128357,18.0,0.0,,,,,,,,,,,,,,,,,,,,,,,,,,,,,,,,,,,,,,
1784058292.567,239858000,152,2,255,0,,,,,,,,,,,,,,,,,,,,0.0,0.0,0.0,0.0,3.0,2.450000047683716,0.0,0.0,0.019735053181648254,-0.01911207102239132,0.04004474729299545,1.0,0.0,0.0,0.0,0.0,0.0,0.0,0.0,,,,,,,,,,,,,,,,,,,
1784058292.601,239882000,153,3,254,0,,,,,,,,,,,,,,,,,,,,,,,,,,,,,,,,,,,,,,,1.0,1.0,1.0,1.0,1.0,1.0,4.0,0.0,-1.4253249168395996,0.13703157007694244,0.013001799583435059,-0.0333610400557518,0.0,0.0,0.00130462646484375,0.010004531592130661,-1.4123231172561646,0.10367053002119064,9.811305046081543
1784058292.683,239982000,158,1,0,0,10.0,25.0,10.0,25.0,9.259672164916992,25.337207794189453,-0.3372073173522949,33.902503967285156,43.906166076660156,0.0,0.0,0.0,1.0,1.0,0.0,-0.9803086519241333,0.7403277158737183,18.0,0.0,,,,,,,,,,,,,,,,,,,,,,,,,,,,,,,,,,,,,,
1784058292.705,239998000,159,1,1,0,10.0,25.0,10.0,25.0,9.270292282104492,25.131031036376953,-0.13103187084197998,43.39253616333008,47.669551849365234,0.0,0.0,0.0,1.0,1.0,0.0,1.2731977701187134,0.729706883430481,18.0,0.0,,,,,,,,,,,,,,,,,,,,,,,,,,,,,,,,,,,,,,
1784058292.725,240017000,160,1,2,0,10.0,25.0,10.0,25.0,9.122475624084473,24.976449966430664,0.023549795150756836,47.629825592041016,46.83324432373047,0.0,0.0,0.0,1.0,1.0,0.0,-1.3959022760391235,0.8775234222412109,18.0,0.0,,,,,,,,,,,,,,,,,,,,,,,,,,,,,,,,,,,,,,
1784058292.744,240035000,161,1,3,0,10.0,25.0,10.0,25.0,9.415035247802734,25.497167587280273,-0.49716830253601074,34.562904357910156,50.1784782409668,0.0,0.0,0.0,1.0,1.0,0.0,1.0067729949951172,0.5849644541740417,18.0,0.0,,,,,,,,,,,,,,,,,,,,,,,,,,,,,,,,,,,,,,
1784058292.772,240054000,162,2,255,0,,,,,,,,,,,,,,,,,,,,0.0,0.0,0.0,0.0,3.0,2.450000047683716,0.0,0.0,0.02238011360168457,-0.0036324465181678534,0.040057528764009476,1.0,0.0,0.0,0.0,0.0,0.0,0.0,0.0,,,,,,,,,,,,,,,,,,,
1784058292.785,240076000,163,3,254,0,,,,,,,,,,,,,,,,,,,,,,,,,,,,,,,,,,,,,,,1.0,1.0,1.0,1.0,1.0,1.0,4.0,0.0,-1.4253249168395996,0.13703157007694244,0.047380805015563965,-0.004690423607826233,0.0,0.0,0.057976722717285156,0.0056374697014689445,-1.3779441118240356,0.1323411464691162,9.867977142333984
1784058292.885,240185000,168,1,0,0,10.0,25.0,10.0,25.0,9.259641647338867,25.334941864013672,-0.3349423408508301,33.74575424194336,43.906166076660156,0.0,0.0,0.0,1.0,1.0,0.0,-0.9746361970901489,0.740357518196106,18.0,0.0,,,,,,,,,,,,,,,,,,,,,,,,,,,,,,,,,,,,,,
1784058292.901,240200000,169,1,1,0,10.0,25.0,10.0,25.0,9.270626068115234,25.131385803222656,-0.13138651847839355,43.50648498535156,47.669551849365234,0.0,0.0,0.0,1.0,1.0,0.0,1.277000069618225,0.7293730974197388,18.0,0.0,,,,,,,,,,,,,,,,,,,,,,,,,,,,,,,,,,,,,,
1784058292.921,240216000,170,1,2,0,10.0,25.0,10.0,25.0,9.121175765991211,24.977832794189453,0.022166967391967773,47.56401824951172,46.83324432373047,0.0,0.0,0.0,1.0,1.0,0.0,-1.393423318862915,0.8788235187530518,18.0,0.0,,,,,,,,,,,,,,,,,,,,,,,,,,,,,,,,,,,,,,
1784058292.954,240234000,171,1,3,0,10.0,25.0,10.0,25.0,9.413390159606934,25.499237060546875,-0.4992365837097168,34.908843994140625,50.1784782409668,0.0,0.0,0.0,1.0,1.0,0.0,1.01841402053833,0.5866087675094604,18.0,0.0,,,,,,,,,,,,,,,,,,,,,,,,,,,,,,,,,,,,,,
1784058292.964,240254000,172,2,255,0,,,,,,,,,,,,,,,,,,,,0.0,0.0,0.0,0.0,3.0,2.450000047683716,0.0,0.0,0.0191639456897974,0.0022819163277745247,0.040042199194431305,1.0,0.0,0.0,0.0,0.0,0.0,0.0,0.0,,,,,,,,,,,,,,,,,,,
1784058292.986,240275000,173,3,254,0,,,,,,,,,,,,,,,,,,,,,,,,,,,,,,,,,,,,,,,1.0,1.0,1.0,1.0,1.0,1.0,4.0,0.0,-1.4253249168395996,0.13703157007694244,0.046213388442993164,-0.0068999528884887695,0.0,0.0,0.0007238388061523438,0.010801178403198719,-1.3791115283966064,0.13013161718845367,9.810724258422852
1784058293.088,240385000,178,1,0,0,10.0,25.0,10.0,25.0,9.258589744567871,25.335670471191406,-0.33566951751708984,33.66837692260742,43.906166076660156,0.0,0.0,0.0,1.0,1.0,0.0,-0.972324013710022,0.7414095401763916,18.0,0.0,,,,,,,,,,,,,,,,,,,,,,,,,,,,,,,,,,,,,,
1784058293.118,240401000,179,1,1,0,10.0,25.0,10.0,25.0,9.269743919372559,25.133047103881836,-0.13304650783538818,43.51273727416992,47.669551849365234,0.0,0.0,0.0,1.0,1.0,0.0,1.2775918245315552,0.7302552461624146,18.0,0.0,,,,,,,,,,,,,,,,,,,,,,,,,,,,,,,,,,,,,,
1784058293.131,240418000,180,1,2,0,10.0,25.0,10.0,25.0,9.120450973510742,24.978055953979492,0.02194344997406006,47.37060546875,46.83324432373047,0.0,0.0,0.0,1.0,1.0,0.0,-1.386947512626648,0.8795484900474548,18.0,0.0,,,,,,,,,,,,,,,,,,,,,,,,,,,,,,,,,,,,,,
1784058293.143,240436000,181,1,3,0,10.0,25.0,10.0,25.0,9.413569450378418,25.498788833618164,-0.49878954887390137,34.945343017578125,50.1784782409668,0.0,0.0,0.0,1.0,1.0,0.0,1.0192804336547852,0.5864299535751343,18.0,0.0,,,,,,,,,,,,,,,,,,,,,,,,,,,,,,,,,,,,,,
1784058293.173,240456000,182,2,255,0,,,,,,,,,,,,,,,,,,,,0.0,0.0,0.0,0.0,3.0,2.450000047683716,0.0,0.0,0.017988646402955055,0.006293146871030331,0.040037188678979874,1.0,0.0,0.0,0.0,0.0,0.0,0.0,0.0,,,,,,,,,,,,,,,,,,,
1784058293.194,240478000,183,3,254,0,,,,,,,,,,,,,,,,,,,,,,,,,,,,,,,,,,,,,,,1.0,1.0,1.0,1.0,1.0,1.0,4.0,0.0,-1.4253249168395996,0.13703157007694244,0.04294097423553467,0.0053147971630096436,0.0,0.0,0.021645545959472656,0.01290216762572527,-1.382383942604065,0.1423463672399521,9.831645965576172
1784058293.283,240581000,188,1,0,0,10.0,25.0,10.0,25.0,9.259542465209961,25.33489227294922,-0.334891676902771,33.59633255004883,43.906166076660156,0.0,0.0,0.0,1.0,1.0,0.0,-0.9696849584579468,0.7404565811157227,18.0,0.0,,,,,,,,,,,,,,,,,,,,,,,,,,,,,,,,,,,,,,
1784058293.319,240598000,189,1,1,0,10.0,25.0,10.0,25.0,9.269112586975098,25.133281707763672,-0.13328194618225098,43.49562072753906,47.669551849365234,0.0,0.0,0.0,1.0,1.0,0.0,1.2768069505691528,0.7308870553970337,18.0,0.0,,,,,,,,,,,,,,,,,,,,,,,,,,,,,,,,,,,,,,
1784058293.325,240618000,190,1,2,0,10.0,25.0,10.0,25.0,9.1199312210083,24.977855682373047,0.022144615650177002,47.4230842590332,46.83324432373047,0.0,0.0,0.0,1.0,1.0,0.0,-1.3885741233825684,0.8800685405731201,18.0,0.0,,,,,,,,,,,,,,,,,,,,,,,,,,,,,,,,,,,,,,
1784058293.348,240639000,191,1,3,0,10.0,25.0,10.0,25.0,9.41098403930664,25.50016975402832,-0.5001693964004517,35.01091384887695,50.1784782409668,0.0,0.0,0.0,1.0,1.0,0.0,1.0212854146957397,0.5890153646469116,18.0,0.0,,,,,,,,,,,,,,,,,,,,,,,,,,,,,,,,,,,,,,
1784058293.376,240663000,192,2,255,0,,,,,,,,,,,,,,,,,,,,0.0,0.0,0.0,0.0,3.0,2.450000047683716,0.0,0.0,0.02121691219508648,0.003461984684690833,0.04005170986056328,1.0,0.0,0.0,0.0,0.0,0.0,0.0,0.0,,,,,,,,,,,,,,,,,,,
1784058293.376,240689000,193,3,254,0,,,,,,,,,,,,,,,,,,,,,,,,,,,,,,,,,,,,,,,1.0,1.0,1.0,1.0,1.0,1.0,4.0,0.0,-1.4253249168395996,0.13703157007694244,0.03528261184692383,0.01567709445953369,0.0,0.0,0.04277229309082031,0.0077716330997645855,-1.3900423049926758,0.15270866453647614,9.85277271270752
1784058293.488,240766000,198,1,0,0,10.0,25.0,10.0,25.0,9.262471199035645,25.334293365478516,-0.3342926502227783,33.78852844238281,43.906166076660156,0.0,0.0,0.0,1.0,1.0,0.0,-0.9763365387916565,0.7375285029411316,18.0,0.0,,,,,,,,,,,,,,,,,,,,,,,,,,,,,,,,,,,,,,
1784058293.525,240785000,199,1,1,0,10.0,25.0,10.0,25.0,9.26918888092041,25.133251190185547,-0.13325214385986328,43.76036834716797,47.669551849365234,0.0,0.0,0.0,1.0,1.0,0.0,1.2849534749984741,0.730810284614563,18.0,0.0,,,,,,,,,,,,,,,,,,,,,,,,,,,,,,,,,,,,,,
1784058293.527,240805000,200,1,2,0,10.0,25.0,10.0,25.0,9.121749877929688,24.976669311523438,0.023330748081207275,47.34451675415039,46.83324432373047,0.0,0.0,0.0,1.0,1.0,0.0,-1.3863921165466309,0.8782498836517334,18.0,0.0,,,,,,,,,,,,,,,,,,,,,,,,,,,,,,,,,,,,,,
1784058293.542,240827000,201,1,3,0,10.0,25.0,10.0,25.0,9.412504196166992,25.499650955200195,-0.49965083599090576,34.91808319091797,50.1784782409668,0.0,0.0,0.0,1.0,1.0,0.0,1.0183470249176025,0.5874954462051392,18.0,0.0,,,,,,,,,,,,,,,,,,,,,,,,,,,,,,,,,,,,,,
1784058293.563,240851000,202,2,255,0,,,,,,,,,,,,,,,,,,,,0.0,0.0,0.0,0.0,3.0,2.450000047683716,0.0,0.0,0.028986355289816856,-0.004130339249968529,0.04009641706943512,1.0,0.0,0.0,0.0,0.0,0.0,0.0,0.0,,,,,,,,,,,,,,,,,,,
1784058293.565,240878000,203,3,254,0,,,,,,,,,,,,,,,,,,,,,,,,,,,,,,,,,,,,,,,1.0,1.0,1.0,1.0,1.0,1.0,4.0,0.0,-1.4253249168395996,0.13703157007694244,-0.005974531173706055,0.006098657846450806,0.0,0.0,0.10225868225097656,0.003645549528300762,-1.4312994480133057,0.14313022792339325,9.912259101867676
1784058293.662,240959000,208,1,0,0,10.0,25.0,10.0,25.0,9.263368606567383,25.334867477416992,-0.33486783504486084,33.69886779785156,43.906166076660156,0.0,0.0,0.0,1.0,1.0,0.0,-0.9736737608909607,0.7366306781768799,18.0,0.0,,,,,,,,,,,,,,,,,,,,,,,,,,,,,,,,,,,,,,
1784058293.699,240978000,209,1,1,0,10.0,25.0,10.0,25.0,9.269639015197754,25.132131576538086,-0.13213157653808594,43.649436950683594,47.669551849365234,0.0,0.0,0.0,1.0,1.0,0.0,1.2817782163619995,0.7303602695465088,18.0,0.0,,,,,,,,,,,,,,,,,,,,,,,,,,,,,,,,,,,,,,
1784058293.709,240999000,210,1,2,0,10.0,25.0,10.0,25.0,9.122812271118164,24.975894927978516,0.02410411834716797,47.6158447265625,46.83324432373047,0.0,0.0,0.0,1.0,1.0,0.0,-1.394747257232666,0.87718665599823,18.0,0.0,,,,,,,,,,,,,,,,,,,,,,,,,,,,,,,,,,,,,,
1784058293.746,241023000,211,1,3,0,10.0,25.0,10.0,25.0,9.413750648498535,25.499666213989258,-0.4996657371520996,34.893707275390625,50.1784782409668,0.0,0.0,0.0,1.0,1.0,0.0,1.017956256866455,0.5862489342689514,18.0,0.0,,,,,,,,,,,,,,,,,,,,,,,,,,,,,,,,,,,,,,
1784058293.771,241048000,212,2,255,0,,,,,,,,,,,,,,,,,,,,0.0,0.0,0.0,0.0,3.0,2.450000047683716,0.0,0.0,0.027132591232657433,0.0002717131283134222,0.04008449986577034,1.0,0.0,0.0,0.0,0.0,0.0,0.0,0.0,,,,,,,,,,,,,,,,,,,
1784058293.784,241075000,213,3,254,0,,,,,,,,,,,,,,,,,,,,,,,,,,,,,,,,,,,,,,,1.0,1.0,1.0,1.0,1.0,1.0,4.0,0.0,-1.4253249168395996,0.13703157007694244,-0.013950228691101074,-0.002001360058784485,0.0,0.0,0.10651302337646484,0.005835093557834625,-1.4392751455307007,0.13503021001815796,9.703487396240234
1784058293.858,241153000,218,1,0,0,10.0,25.0,10.0,25.0,9.262247085571289,25.335737228393555,-0.33573806285858154,33.565650939941406,43.906166076660156,0.0,0.0,0.0,1.0,1.0,0.0,-0.9695614576339722,0.7377527952194214,18.0,0.0,,,,,,,,,,,,,,,,,,,,,,,,,,,,,,,,,,,,,,
1784058293.881,241172000,219,1,1,0,10.0,25.0,10.0,25.0,9.268940925598145,25.13239097595215,-0.1323908567428589,43.74324035644531,47.669551849365234,0.0,0.0,0.0,1.0,1.0,0.0,1.2845145463943481,0.7310584187507629,18.0,0.0,,,,,,,,,,,,,,,,,,,,,,,,,,,,,,,,,,,,,,
1784058293.901,241192000,220,1,2,0,10.0,25.0,10.0,25.0,9.124099731445312,24.975814819335938,0.024184584617614746,47.46128463745117,46.83324432373047,0.0,0.0,0.0,1.0,1.0,0.0,-1.3899123668670654,0.8758999109268188,18.0,0.0,,,,,,,,,,,,,,,,,,,,,,,,,,,,,,,,,,,,,,
1784058293.926,241216000,221,1,3,0,10.0,25.0,10.0,25.0,9.413819313049316,25.499635696411133,-0.4996359348297119,34.862525939941406,50.1784782409668,0.0,0.0,0.0,1.0,1.0,0.0,1.0167244672775269,0.5861803889274597,18.0,0.0,,,,,,,,,,,,,,,,,,,,,,,,,,,,,,,,,,,,,,
1784058293.956,241240000,222,2,255,0,,,,,,,,,,,,,,,,,,,,0.0,0.0,0.0,0.0,3.0,2.450000047683716,0.0,0.0,0.024866193532943726,-0.0016280845738947392,0.040070995688438416,1.0,0.0,0.0,0.0,0.0,0.0,0.0,0.0,,,,,,,,,,,,,,,,,,,
1784058293.964,241267000,223,3,254,0,,,,,,,,,,,,,,,,,,,,,,,,,,,,,,,,,,,,,,,1.0,1.0,1.0,1.0,1.0,1.0,4.0,0.0,-1.4253249168395996,0.13703157007694244,0.005051255226135254,-0.020309679210186005,0.0,0.0,0.07244396209716797,0.010118633508682251,-1.4202736616134644,0.11672189086675644,9.882444381713867
1784058294.053,241347000,228,1,0,0,10.0,25.0,10.0,25.0,9.259608268737793,25.336244583129883,-0.33624470233917236,33.60328674316406,43.906166076660156,0.0,0.0,0.0,1.0,1.0,0.0,-0.9701510667800903,0.7403910160064697,18.0,0.0,,,,,,,,,,,,,,,,,,,,,,,,,,,,,,,,,,,,,,
1784058294.111,241366000,229,1,1,0,10.0,25.0,10.0,25.0,9.269630432128906,25.131235122680664,-0.1312345266342163,43.50990676879883,47.669551849365234,0.0,0.0,0.0,1.0,1.0,0.0,1.2768075466156006,0.7303692102432251,18.0,0.0,,,,,,,,,,,,,,,,,,,,,,,,,,,,,,,,,,,,,,
1784058294.113,241388000,230,1,2,0,10.0,25.0,10.0,25.0,9.122215270996094,24.97698211669922,0.023017823696136475,47.527462005615234,46.83324432373047,0.0,0.0,0.0,1.0,1.0,0.0,-1.392325758934021,0.8777841925621033,18.0,0.0,,,,,,,,,,,,,,,,,,,,,,,,,,,,,,,,,,,,,,
1784058294.125,241410000,231,1,3,0,10.0,25.0,10.0,25.0,9.414286613464355,25.49848175048828,-0.4984825849533081,35.04517364501953,50.1784782409668,0.0,0.0,0.0,1.0,1.0,0.0,1.0224062204360962,0.585713267326355,18.0,0.0,,,,,,,,,,,,,,,,,,,,,,,,,,,,,,,,,,,,,,
1784058294.151,241432000,232,2,255,0,,,,,,,,,,,,,,,,,,,,0.0,0.0,0.0,0.0,3.0,2.450000047683716,0.0,0.0,0.02012619376182556,-0.012894946150481701,0.040046535432338715,1.0,0.0,0.0,0.0,0.0,0.0,0.0,0.0,,,,,,,,,,,,,,,,,,,
1784058294.170,241457000,233,3,254,0,,,,,,,,,,,,,,,,,,,,,,,,,,,,,,,,,,,,,,,1.0,1.0,1.0,1.0,1.0,1.0,4.0,0.0,-1.4253249168395996,0.13703157007694244,0.05870652198791504,-0.03507865220308304,0.0,0.0,0.005859375,0.012651070952415466,-1.3666183948516846,0.1019529178738594,9.8041410446167
1784058294.248,241545000,238,1,0,0,10.0,25.0,10.0,25.0,9.258851051330566,25.33514404296875,-0.3351449966430664,33.680503845214844,43.906166076660156,0.0,0.0,0.0,1.0,1.0,0.0,-0.9725198149681091,0.7411487102508545,18.0,0.0,,,,,,,,,,,,,,,,,,,,,,,,,,,,,,,,,,,,,,
1784058294.277,241563000,239,1,1,0,10.0,25.0,10.0,25.0,9.268901824951172,25.13245391845703,-0.13245344161987305,43.712928771972656,47.669551849365234,0.0,0.0,0.0,1.0,1.0,0.0,1.2839452028274536,0.7310971617698669,18.0,0.0,,,,,,,,,,,,,,,,,,,,,,,,,,,,,,,,,,,,,,
1784058294.298,241582000,240,1,2,0,10.0,25.0,10.0,25.0,9.121406555175781,24.97736167907715,0.02263784408569336,47.541839599609375,46.83324432373047,0.0,0.0,0.0,1.0,1.0,0.0,-1.3925364017486572,0.8785926103591919,18.0,0.0,,,,,,,,,,,,,,,,,,,,,,,,,,,,,,,,,,,,,,
1784058294.318,241603000,241,1,3,0,10.0,25.0,10.0,25.0,9.412609100341797,25.49956512451172,-0.49956440925598145,34.897193908691406,50.1784782409668,0.0,0.0,0.0,1.0,1.0,0.0,1.017400860786438,0.5873903632164001,18.0,0.0,,,,,,,,,,,,,,,,,,,,,,,,,,,,,,,,,,,,,,
1784058294.337,241626000,242,2,255,0,,,,,,,,,,,,,,,,,,,,0.0,0.0,0.0,0.0,3.0,2.450000047683716,0.0,0.0,0.011378370225429535,-0.01560232788324356,0.040027983486652374,1.0,0.0,0.0,0.0,0.0,0.0,0.0,0.0,,,,,,,,,,,,,,,,,,,
1784058294.363,241651000,243,3,254,0,,,,,,,,,,,,,,,,,,,,,,,,,,,,,,,,,,,,,,,1.0,1.0,1.0,1.0,1.0,1.0,4.0,0.0,-1.4253249168395996,0.13703157007694244,0.04775238037109375,-0.01710931956768036,0.0,0.0,0.028717994689941406,0.011818045750260353,-1.3775725364685059,0.11992225050926208,9.781282424926758
1784058294.455,241750000,248,1,0,0,10.0,25.0,10.0,25.0,9.259542465209961,25.33489227294922,-0.334891676902771,33.785545349121094,43.906166076660156,0.0,0.0,0.0,1.0,1.0,0.0,-0.9763063192367554,0.7404565811157227,18.0,0.0,,,,,,,,,,,,,,,,,,,,,,,,,,,,,,,,,,,,,,
1784058294.473,241766000,249,1,1,0,10.0,25.0,10.0,25.0,9.268939971923828,25.132402420043945,-0.13240277767181396,43.48272705078125,47.669551849365234,0.0,0.0,0.0,1.0,1.0,0.0,1.2762439250946045,0.7310599088668823,18.0,0.0,,,,,,,,,,,,,,,,,,,,,,,,,,,,,,,,,,,,,,
1784058294.501,241785000,250,1,2,0,10.0,25.0,10.0,25.0,9.119928359985352,24.977859497070312,0.022140145301818848,47.58326721191406,46.83324432373047,0.0,0.0,0.0,1.0,1.0,0.0,-1.3939679861068726,0.8800715208053589,18.0,0.0,,,,,,,,,,,,,,,,,,,,,,,,,,,,,,,,,,,,,,
1784058294.520,241805000,251,1,3,0,10.0,25.0,10.0,25.0,9.411600112915039,25.500410079956055,-0.500410795211792,34.97303009033203,50.1784782409668,0.0,0.0,0.0,1.0,1.0,0.0,1.0195976495742798,0.5883991718292236,18.0,0.0,,,,,,,,,,,,,,,,,,,,,,,,,,,,,,,,,,,,,,
1784058294.551,241826000,252,2,255,0,,,,,,,,,,,,,,,,,,,,0.0,0.0,0.0,0.0,3.0,2.450000047683716,0.0,0.0,0.0075484029948711395,-0.012052562087774277,0.04001670703291893,1.0,0.0,0.0,0.0,0.0,0.0,0.0,0.0,,,,,,,,,,,,,,,,,,,
1784058294.566,241850000,253,3,254,0,,,,,,,,,,,,,,,,,,,,,,,,,,,,,,,,,,,,,,,1.0,1.0,1.0,1.0,1.0,1.0,4.0,0.0,-1.4253249168395996,0.13703157007694244,0.026651859283447266,0.009782463312149048,0.0,0.0,0.0066776275634765625,0.009441089816391468,-1.3986730575561523,0.1468140333890915,9.816678047180176
1784058294.656,241951000,2,1,0,0,10.0,25.0,10.0,25.0,9.260324478149414,25.334596633911133,-0.3345966339111328,33.68406677246094,43.906166076660156,0.0,0.0,0.0,1.0,1.0,0.0,-0.9729272723197937,0.7396750450134277,18.0,0.0,,,,,,,,,,,,,,,,,,,,,,,,,,,,,,,,,,,,,,
1784058294.681,241968000,3,1,1,0,10.0,25.0,10.0,25.0,9.26945686340332,25.132728576660156,-0.13272762298583984,43.493778228759766,47.669551849365234,0.0,0.0,0.0,1.0,1.0,0.0,1.2765710353851318,0.7305428385734558,18.0,0.0,,,,,,,,,,,,,,,,,,,,,,,,,,,,,,,,,,,,,,
1784058294.696,241988000,4,1,2,0,10.0,25.0,10.0,25.0,9.121463775634766,24.975866317749023,0.024133920669555664,47.61856460571289,46.83324432373047,0.0,0.0,0.0,1.0,1.0,0.0,-1.3949815034866333,0.8785352110862732,18.0,0.0,,,,,,,,,,,,,,,,,,,,,,,,,,,,,,,,,,,,,,
1784058294.720,242009000,5,1,3,0,10.0,25.0,10.0,25.0,9.4115571975708,25.500383377075195,-0.5003839731216431,34.95503234863281,50.1784782409668,0.0,0.0,0.0,1.0,1.0,0.0,1.019516110420227,0.5884423851966858,18.0,0.0,,,,,,,,,,,,,,,,,,,,,,,,,,,,,,,,,,,,,,
1784058294.748,242031000,6,2,255,0,,,,,,,,,,,,,,,,,,,,0.0,0.0,0.0,0.0,3.0,2.450000047683716,0.0,0.0,0.011824777349829674,-0.01722247153520584,0.04003408923745155,1.0,0.0,0.0,0.0,0.0,0.0,0.0,0.0,,,,,,,,,,,,,,,,,,,
1784058294.780,242055000,7,3,254,0,,,,,,,,,,,,,,,,,,,,,,,,,,,,,,,,,,,,,,,1.0,1.0,1.0,1.0,1.0,1.0,4.0,0.0,-1.4253249168395996,0.13703157007694244,0.012290239334106445,-0.01487027108669281,0.0,0.0,0.02915191650390625,0.01292943861335516,-1.4130346775054932,0.12216129899024963,9.839152336120605
1784058294.855,242146000,12,1,0,0,10.0,25.0,10.0,25.0,9.262199401855469,25.33348846435547,-0.33348798751831055,33.692848205566406,43.906166076660156,0.0,0.0,0.0,1.0,1.0,0.0,-0.9732511639595032,0.7377997040748596,18.0,0.0,,,,,,,,,,,,,,,,,,,,,,,,,,,,,,,,,,,,,,
1784058294.876,242165000,13,1,1,0,10.0,25.0,10.0,25.0,9.270389556884766,25.13186264038086,-0.13186335563659668,43.45987319946289,47.669551849365234,0.0,0.0,0.0,1.0,1.0,0.0,1.2756774425506592,0.729610025882721,18.0,0.0,,,,,,,,,,,,,,,,,,,,,,,,,,,,,,,,,,,,,,
1784058294.897,242186000,14,1,2,0,10.0,25.0,10.0,25.0,9.122002601623535,24.976146697998047,0.023853778839111328,47.375953674316406,46.83324432373047,0.0,0.0,0.0,1.0,1.0,0.0,-1.3872984647750854,0.877996563911438,18.0,0.0,,,,,,,,,,,,,,,,,,,,,,,,,,,,,,,,,,,,,,
1784058294.925,242207000,15,1,3,0,10.0,25.0,10.0,25.0,9.413784980773926,25.499608993530273,-0.499609112739563,34.835540771484375,50.1784782409668,0.0,0.0,0.0,1.0,1.0,0.0,1.0158323049545288,0.5862146615982056,18.0,0.0,,,,,,,,,,,,,,,,,,,,,,,,,,,,,,,,,,,,,,
1784058294.942,242230000,16,2,255,0,,,,,,,,,,,,,,,,,,,,0.0,0.0,0.0,0.0,3.0,2.450000047683716,0.0,0.0,0.026586806401610374,-0.017628122121095657,0.04008113965392113,1.0,0.0,0.0,0.0,0.0,0.0,0.0,0.0,,,,,,,,,,,,,,,,,,,
1784058294.970,242255000,17,3,254,0,,,,,,,,,,,,,,,,,,,,,,,,,,,,,,,,,,,,,,,1.0,1.0,1.0,1.0,1.0,1.0,4.0,0.0,-1.4253249168395996,0.13703157007694244,-0.01540374755859375,-0.000497087836265564,0.0,0.0,0.02967548370361328,0.011636385694146156,-1.4407286643981934,0.13653448224067688,9.839675903320312
1784058295.047,242343000,22,1,0,0,10.0,25.0,10.0,25.0,9.262879371643066,25.334613800048828,-0.33461451530456543,33.721290588378906,43.906166076660156,0.0,0.0,0.0,1.0,1.0,0.0,-0.9739710092544556,0.7371202111244202,18.0,0.0,,,,,,,,,,,,,,,,,,,,,,,,,,,,,,,,,,,,,,
1784058295.067,242359000,23,1,1,0,10.0,25.0,10.0,25.0,9.270951271057129,25.13083267211914,-0.13083219528198242,43.563114166259766,47.669551849365234,0.0,0.0,0.0,1.0,1.0,0.0,1.2788201570510864,0.7290482521057129,18.0,0.0,,,,,,,,,,,,,,,,,,,,,,,,,,,,,,,,,,,,,,
1784058295.121,242377000,24,1,2,0,10.0,25.0,10.0,25.0,9.122499465942383,24.976394653320312,0.023604929447174072,47.58685302734375,46.83324432373047,0.0,0.0,0.0,1.0,1.0,0.0,-1.3939964771270752,0.8775002956390381,18.0,0.0,,,,,,,,,,,,,,,,,,,,,,,,,,,,,,,,,,,,,,
1784058295.122,242397000,25,1,3,0,10.0,25.0,10.0,25.0,9.41373348236084,25.499671936035156,-0.49967169761657715,35.175025939941406,50.1784782409668,0.0,0.0,0.0,1.0,1.0,0.0,1.0266079902648926,0.586266040802002,18.0,0.0,,,,,,,,,,,,,,,,,,,,,,,,,,,,,,,,,,,,,,
1784058295.149,242420000,26,2,255,0,,,,,,,,,,,,,,,,,,,,0.0,0.0,0.0,0.0,3.0,2.450000047683716,0.0,0.0,0.021925456821918488,-0.012864967808127403,0.04005521535873413,1.0,0.0,0.0,0.0,0.0,0.0,0.0,0.0,,,,,,,,,,,,,,,,,,,
1784058295.158,242444000,27,3,254,0,,,,,,,,,,,,,,,,,,,,,,,,,,,,,,,,,,,,,,,1.0,1.0,1.0,1.0,1.0,1.0,4.0,0.0,-1.4253249168395996,0.13703157007694244,-0.018834471702575684,-0.00744648277759552,0.0,0.0,0.06540870666503906,0.0077716330997645855,-1.4441593885421753,0.12958508729934692,9.875409126281738
1784058295.237,242529000,32,1,0,0,10.0,25.0,10.0,25.0,9.262232780456543,25.334762573242188,-0.3347635269165039,33.5080680847168,43.906166076660156,0.0,0.0,0.0,1.0,1.0,0.0,-0.9673243761062622,0.7377669215202332,18.0,0.0,,,,,,,,,,,,,,,,,,,,,,,,,,,,,,,,,,,,,,
1784058295.253,242546000,33,1,1,0,10.0,25.0,10.0,25.0,9.270938873291016,25.130840301513672,-0.13084113597869873,43.818119049072266,47.669551849365234,0.0,0.0,0.0,1.0,1.0,0.0,1.2871794700622559,0.7290608882904053,18.0,0.0,,,,,,,,,,,,,,,,,,,,,,,,,,,,,,,,,,,,,,
1784058295.273,242565000,34,1,2,0,10.0,25.0,10.0,25.0,9.123377799987793,24.97612190246582,0.023877620697021484,47.53208541870117,46.83324432373047,0.0,0.0,0.0,1.0,1.0,0.0,-1.3920073509216309,0.8766219019889832,18.0,0.0,,,,,,,,,,,,,,,,,,,,,,,,,,,,,,,,,,,,,,
1784058295.307,242586000,35,1,3,0,10.0,25.0,10.0,25.0,9.413832664489746,25.49950408935547,-0.49950480461120605,34.90399169921875,50.1784782409668,0.0,0.0,0.0,1.0,1.0,0.0,1.0180180072784424,0.5861669778823853,18.0,0.0,,,,,,,,,,,,,,,,,,,,,,,,,,,,,,,,,,,,,,
1784058295.328,242610000,36,2,255,0,,,,,,,,,,,,,,,,,,,,0.0,0.0,0.0,0.0,3.0,2.450000047683716,0.0,0.0,0.01620088703930378,-0.0024278652854263783,0.04003017023205757,1.0,0.0,0.0,0.0,0.0,0.0,0.0,0.0,,,,,,,,,,,,,,,,,,,
1784058295.352,242635000,37,3,254,0,,,,,,,,,,,,,,,,,,,,,,,,,,,,,,,,,,,,,,,1.0,1.0,1.0,1.0,1.0,1.0,4.0,0.0,-1.4253249168395996,0.13703157007694244,0.008681297302246094,-0.016585424542427063,0.0,0.0,0.1155385971069336,0.011526006273925304,-1.4166436195373535,0.12044614553451538,9.925539016723633
1784058295.420,242726000,42,1,0,0,10.0,25.0,10.0,25.0,9.26079273223877,25.33489990234375,-0.3349006175994873,33.611358642578125,43.906166076660156,0.0,0.0,0.0,1.0,1.0,0.0,-0.9709634780883789,0.7392063736915588,18.0,0.0,,,,,,,,,,,,,,,,,,,,,,,,,,,,,,,,,,,,,,
1784058295.452,242745000,43,1,1,0,10.0,25.0,10.0,25.0,9.269999504089355,25.13161849975586,-0.13161897659301758,43.58207321166992,47.669551849365234,0.0,0.0,0.0,1.0,1.0,0.0,1.279276967048645,0.7299996614456177,18.0,0.0,,,,,,,,,,,,,,,,,,,,,,,,,,,,,,,,,,,,,,
1784058295.477,242765000,44,1,2,0,10.0,25.0,10.0,25.0,9.122730255126953,24.97592544555664,0.024074316024780273,47.6600341796875,46.83324432373047,0.0,0.0,0.0,1.0,1.0,0.0,-1.3962974548339844,0.8772693872451782,18.0,0.0,,,,,,,,,,,,,,,,,,,,,,,,,,,,,,,,,,,,,,
1784058295.498,242787000,45,1,3,0,10.0,25.0,10.0,25.0,9.413956642150879,25.499025344848633,-0.49902498722076416,35.09028244018555,50.1784782409668,0.0,0.0,0.0,1.0,1.0,0.0,1.0242009162902832,0.5860425233840942,18.0,0.0,,,,,,,,,,,,,,,,,,,,,,,,,,,,,,,,,,,,,,
1784058295.523,242811000,46,2,255,0,,,,,,,,,,,,,,,,,,,,0.0,0.0,0.0,0.0,3.0,2.450000047683716,0.0,0.0,0.015355939045548439,-0.004586969502270222,0.040027108043432236,1.0,0.0,0.0,0.0,0.0,0.0,0.0,0.0,,,,,,,,,,,,,,,,,,,
1784058295.532,242837000,47,3,254,0,,,,,,,,,,,,,,,,,,,,,,,,,,,,,,,,,,,,,,,1.0,1.0,1.0,1.0,1.0,1.0,4.0,0.0,-1.4253249168395996,0.13703157007694244,0.041204214096069336,-0.03318122774362564,0.0,0.0,0.12209224700927734,0.007240137085318565,-1.3841207027435303,0.1038503423333168,9.932092666625977
1784058295.629,242920000,52,1,0,0,10.0,25.0,10.0,25.0,9.258594512939453,25.335662841796875,-0.3356635570526123,33.59208679199219,43.906166076660156,0.0,0.0,0.0,1.0,1.0,0.0,-0.9699498414993286,0.7414050102233887,18.0,0.0,,,,,,,,,,,,,,,,,,,,,,,,,,,,,,,,,,,,,,
1784058295.648,242939000,53,1,1,0,10.0,25.0,10.0,25.0,9.269658088684082,25.132183074951172,-0.13218224048614502,43.64082336425781,47.669551849365234,0.0,0.0,0.0,1.0,1.0,0.0,1.2811049222946167,0.7303409576416016,18.0,0.0,,,,,,,,,,,,,,,,,,,,,,,,,,,,,,,,,,,,,,
1784058295.679,242960000,54,1,2,0,10.0,25.0,10.0,25.0,9.121520042419434,24.977237701416016,0.02276301383972168,47.571266174316406,46.83324432373047,0.0,0.0,0.0,1.0,1.0,0.0,-1.393335223197937,0.8784793615341187,18.0,0.0,,,,,,,,,,,,,,,,,,,,,,,,,,,,,,,,,,,,,,
1784058295.696,242983000,55,1,3,0,10.0,25.0,10.0,25.0,9.413525581359863,25.498762130737305,-0.49876272678375244,34.995182037353516,50.1784782409668,0.0,0.0,0.0,1.0,1.0,0.0,1.0210224390029907,0.5864739418029785,18.0,0.0,,,,,,,,,,,,,,,,,,,,,,,,,,,,,,,,,,,,,,
1784058295.720,243007000,56,2,255,0,,,,,,,,,,,,,,,,,,,,0.0,0.0,0.0,0.0,3.0,2.450000047683716,0.0,0.0,0.01636793091893196,-0.009707221761345863,0.04003079608082771,1.0,0.0,0.0,0.0,0.0,0.0,0.0,0.0,,,,,,,,,,,,,,,,,,,
1784058295.722,243034000,57,3,254,0,,,,,,,,,,,,,,,,,,,,,,,,,,,,,,,,,,,,,,,1.0,1.0,1.0,1.0,1.0,1.0,4.0,0.0,-1.4253249168395996,0.13703157007694244,0.052207231521606445,-0.019133128225803375,0.0,0.0,0.05738067626953125,0.006760359276086092,-1.3731176853179932,0.11789844185113907,9.86738109588623
1784058295.831,243119000,62,1,0,0,10.0,25.0,10.0,25.0,9.260098457336426,25.33379554748535,-0.3337949514389038,33.763580322265625,43.906166076660156,0.0,0.0,0.0,1.0,1.0,0.0,-0.9751425981521606,0.7399007678031921,18.0,0.0,,,,,,,,,,,,,,,,,,,,,,,,,,,,,,,,,,,,,,
1784058295.849,243140000,63,1,1,0,10.0,25.0,10.0,25.0,9.26845645904541,25.13347625732422,-0.133475661277771,43.39239501953125,47.669551849365234,0.0,0.0,0.0,1.0,1.0,0.0,1.2730053663253784,0.731542706489563,18.0,0.0,,,,,,,,,,,,,,,,,,,,,,,,,,,,,,,,,,,,,,
1784058295.874,243163000,64,1,2,0,10.0,25.0,10.0,25.0,9.119911193847656,24.97786521911621,0.02213418483734131,47.54084777832031,46.83324432373047,0.0,0.0,0.0,1.0,1.0,0.0,-1.3925936222076416,0.8800886869430542,18.0,0.0,,,,,,,,,,,,,,,,,,,,,,,,,,,,,,,,,,,,,,
1784058295.877,243188000,65,1,3,0,10.0,25.0,10.0,25.0,9.41260051727295,25.49956703186035,-0.4995673894882202,34.87588119506836,50.1784782409668,0.0,0.0,0.0,1.0,1.0,0.0,1.0168019533157349,0.5873993039131165,18.0,0.0,,,,,,,,,,,,,,,,,,,,,,,,,,,,,,,,,,,,,,
1784058295.905,243216000,66,2,255,0,,,,,,,,,,,,,,,,,,,,0.0,0.0,0.0,0.0,3.0,2.450000047683716,0.0,0.0,0.016637025400996208,-0.012292107567191124,0.04003181308507919,1.0,0.0,0.0,0.0,0.0,0.0,0.0,0.0,,,,,,,,,,,,,,,,,,,
1784058295.943,243237000,67,3,254,0,,,,,,,,,,,,,,,,,,,,,,,,,,,,,,,,,,,,,,,1.0,1.0,1.0,1.0,1.0,1.0,4.0,0.0,-1.4253249168395996,0.13703157007694244,0.03282439708709717,0.009532660245895386,0.0,0.0,0.06337451934814453,0.011374697089195251,-1.3925005197525024,0.14656423032283783,9.746625900268555
1784058296.034,243324000,72,1,0,0,10.0,25.0,10.0,25.0,9.26158332824707,25.334566116333008,-0.3345668315887451,33.6599006652832,43.906166076660156,0.0,0.0,0.0,1.0,1.0,0.0,-0.9723806381225586,0.7384158372879028,18.0,0.0,,,,,,,,,,,,,,,,,,,,,,,,,,,,,,,,,,,,,,
1784058296.058,243347000,73,1,1,0,10.0,25.0,10.0,25.0,9.26873779296875,25.132909774780273,-0.13290941715240479,43.46318435668945,47.669551849365234,0.0,0.0,0.0,1.0,1.0,0.0,1.2757079601287842,0.7312618494033813,18.0,0.0,,,,,,,,,,,,,,,,,,,,,,,,,,,,,,,,,,,,,,
1784058296.085,243372000,74,1,2,0,10.0,25.0,10.0,25.0,9.121537208557129,24.975830078125,0.0241696834564209,47.42582321166992,46.83324432373047,0.0,0.0,0.0,1.0,1.0,0.0,-1.3886319398880005,0.8784621953964233,18.0,0.0,,,,,,,,,,,,,,,,,,,,,,,,,,,,,,,,,,,,,,
1784058296.094,243399000,75,1,3,0,10.0,25.0,10.0,25.0,9.410897254943848,25.501569747924805,-0.5015701055526733,35.08403778076172,50.1784782409668,0.0,0.0,0.0,1.0,1.0,0.0,1.023776888847351,0.5891017913818359,18.0,0.0,,,,,,,,,,,,,,,,,,,,,,,,,,,,,,,,,,,,,,
1784058296.133,243418000,76,2,255,0,,,,,,,,,,,,,,,,,,,,0.0,0.0,0.0,0.0,3.0,2.450000047683716,0.0,0.0,0.00359965767711401,-0.0023300761822611094,0.04000149294734001,1.0,0.0,0.0,0.0,0.0,0.0,0.0,0.0,,,,,,,,,,,,,,,,,,,
1784058296.156,243438000,77,3,254,0,,,,,,,,,,,,,,,,,,,,,,,,,,,,,,,,,,,,,,,1.0,1.0,1.0,1.0,1.0,1.0,4.0,0.0,-1.4253249168395996,0.13703157007694244,0.00023317337036132812,0.006528317928314209,0.0,0.0,0.014891624450683594,0.011149789206683636,-1.4250917434692383,0.14355988800525665,9.824892044067383
1784058296.263,243547000,82,1,0,0,10.0,25.0,10.0,25.0,9.26158332824707,25.334566116333008,-0.3345668315887451,33.6256103515625,43.906166076660156,0.0,0.0,0.0,1.0,1.0,0.0,-0.9713023900985718,0.7384158372879028,18.0,0.0,,,,,,,,,,,,,,,,,,,,,,,,,,,,,,,,,,,,,,
1784058296.263,243574000,83,1,1,0,10.0,25.0,10.0,25.0,9.26862907409668,25.133028030395508,-0.13302862644195557,43.540016174316406,47.669551849365234,0.0,0.0,0.0,1.0,1.0,0.0,1.2782553434371948,0.7313698530197144,18.0,0.0,,,,,,,,,,,,,,,,,,,,,,,,,,,,,,,,,,,,,,
1784058296.300,243594000,84,1,2,0,10.0,25.0,10.0,25.0,9.120490074157715,24.97669792175293,0.023302435874938965,47.58984375,46.83324432373047,0.0,0.0,0.0,1.0,1.0,0.0,-1.3937931060791016,0.8795097470283508,18.0,0.0,,,,,,,,,,,,,,,,,,,,,,,,,,,,,,,,,,,,,,
1784058296.308,243607000,85,1,3,0,10.0,25.0,10.0,25.0,9.412428855895996,25.499683380126953,-0.4996836185455322,35.07240676879883,50.1784782409668,0.0,0.0,0.0,1.0,1.0,0.0,1.0233423709869385,0.5875706672668457,18.0,0.0,,,,,,,,,,,,,,,,,,,,,,,,,,,,,,,,,,,,,,
1784058296.321,243620000,86,2,255,0,,,,,,,,,,,,,,,,,,,,0.0,0.0,0.0,0.0,3.0,2.450000047683716,0.0,0.0,-0.001827671891078353,-0.006064779590815306,0.04000423476099968,1.0,0.0,0.0,0.0,0.0,0.0,0.0,0.0,,,,,,,,,,,,,,,,,,,
1784058296.340,243636000,87,3,254,0,,,,,,,,,,,,,,,,,,,,,,,,,,,,,,,,,,,,,,,1.0,1.0,1.0,1.0,1.0,1.0,4.0,0.0,-1.4253249168395996,0.13703157007694244,-0.007396340370178223,-1.1548399925231934e-05,0.0,0.0,0.042557716369628906,0.005987171549350023,-1.4327212572097778,0.1370200216770172,9.852558135986328
1784058296.437,243745000,92,1,0,0,10.0,25.0,10.0,25.0,9.262687683105469,25.333744049072266,-0.3337442874908447,33.74687194824219,43.906166076660156,0.0,0.0,0.0,1.0,1.0,0.0,-0.9752853512763977,0.7373117208480835,18.0,0.0,,,,,,,,,,,,,,,,,,,,,,,,,,,,,,,,,,,,,,
1784058296.463,243765000,93,1,1,0,10.0,25.0,10.0,25.0,9.269865989685059,25.131675720214844,-0.1316756010055542,43.67876434326172,47.669551849365234,0.0,0.0,0.0,1.0,1.0,0.0,1.2825502157211304,0.7301337718963623,18.0,0.0,,,,,,,,,,,,,,,,,,,,,,,,,,,,,,,,,,,,,,
1784058296.481,243778000,94,1,2,0,10.0,25.0,10.0,25.0,9.120599746704102,24.976613998413086,0.02338588237762451,47.543758392333984,46.83324432373047,0.0,0.0,0.0,1.0,1.0,0.0,-1.392547845840454,0.8793994784355164,18.0,0.0,,,,,,,,,,,,,,,,,,,,,,,,,,,,,,,,,,,,,,
1784058296.498,243792000,95,1,3,0,10.0,25.0,10.0,25.0,9.41124439239502,25.501008987426758,-0.5010098218917847,34.96678924560547,50.1784782409668,0.0,0.0,0.0,1.0,1.0,0.0,1.0197101831436157,0.5887553095817566,18.0,0.0,,,,,,,,,,,,,,,,,,,,,,,,,,,,,,,,,,,,,,
1784058296.514,243809000,96,2,255,0,,,,,,,,,,,,,,,,,,,,0.0,0.0,0.0,0.0,3.0,2.450000047683716,0.0,0.0,0.003312668763101101,-0.005802778527140617,0.04000387340784073,1.0,0.0,0.0,0.0,0.0,0.0,0.0,0.0,,,,,,,,,,,,,,,,,,,
1784058296.539,243827000,97,3,254,0,,,,,,,,,,,,,,,,,,,,,,,,,,,,,,,,,,,,,,,1.0,1.0,1.0,1.0,1.0,1.0,4.0,0.0,-1.4253249168395996,0.13703157007694244,-0.026646971702575684,0.010860174894332886,0.0,0.0,0.049678802490234375,0.007320223841816187,-1.4519718885421753,0.14789174497127533,9.760321617126465
1784058296.632,243944000,102,1,0,0,10.0,25.0,10.0,25.0,9.264214515686035,25.33319091796875,-0.3331899642944336,33.679378509521484,43.906166076660156,0.0,0.0,0.0,1.0,1.0,0.0,-0.9731170535087585,0.7357850670814514,18.0,0.0,,,,,,,,,,,,,,,,,,,,,,,,,,,,,,,,,,,,,,
1784058296.663,243964000,103,1,1,0,10.0,25.0,10.0,25.0,9.269722938537598,25.132062911987305,-0.13206303119659424,43.60863494873047,47.669551849365234,0.0,0.0,0.0,1.0,1.0,0.0,1.2802568674087524,0.7302761077880859,18.0,0.0,,,,,,,,,,,,,,,,,,,,,,,,,,,,,,,,,,,,,,
1784058296.681,243977000,104,1,2,0,10.0,25.0,10.0,25.0,9.12432861328125,24.975210189819336,0.02478957176208496,47.46084976196289,46.83324432373047,0.0,0.0,0.0,1.0,1.0,0.0,-1.390194296836853,0.8756704330444336,18.0,0.0,,,,,,,,,,,,,,,,,,,,,,,,,,,,,,,,,,,,,,
1784058296.696,243992000,105,1,3,0,10.0,25.0,10.0,25.0,9.41356086730957,25.500154495239258,-0.5001544952392578,34.895694732666016,50.1784782409668,0.0,0.0,0.0,1.0,1.0,0.0,1.017471194267273,0.5864381790161133,18.0,0.0,,,,,,,,,,,,,,,,,,,,,,,,,,,,,,,,,,,,,,
1784058296.715,244007000,106,2,255,0,,,,,,,,,,,,,,,,,,,,0.0,0.0,0.0,0.0,3.0,2.450000047683716,0.0,0.0,0.010531019419431686,-0.007966537028551102,0.04001275822520256,1.0,0.0,0.0,0.0,0.0,0.0,0.0,0.0,,,,,,,,,,,,,,,,,,,
1784058296.737,244024000,107,3,254,0,,,,,,,,,,,,,,,,,,,,,,,,,,,,,,,,,,,,,,,1.0,1.0,1.0,1.0,1.0,1.0,4.0,0.0,-1.4253249168395996,0.13703157007694244,-0.006902933120727539,-0.018945522606372833,0.0,0.0,0.050739288330078125,0.0073217833414673805,-1.4322278499603271,0.11808604747056961,9.860739707946777
1784058296.842,244139000,112,1,0,0,10.0,25.0,10.0,25.0,9.262059211730957,25.334877014160156,-0.33487677574157715,33.73338317871094,43.906166076660156,0.0,0.0,0.0,1.0,1.0,0.0,-0.9746613502502441,0.7379397749900818,18.0,0.0,,,,,,,,,,,,,,,,,,,,,,,,,,,,,,,,,,,,,,
1784058296.866,244159000,113,1,1,0,10.0,25.0,10.0,25.0,9.270912170410156,25.130807876586914,-0.13080835342407227,43.752174377441406,47.669551849365234,0.0,0.0,0.0,1.0,1.0,0.0,1.284901738166809,0.7290869951248169,18.0,0.0,,,,,,,,,,,,,,,,,,,,,,,,,,,,,,,,,,,,,,
1784058296.882,244172000,114,1,2,0,10.0,25.0,10.0,25.0,9.12378978729248,24.97505760192871,0.024941563606262207,47.5743293762207,46.83324432373047,0.0,0.0,0.0,1.0,1.0,0.0,-1.3938162326812744,0.8762098550796509,18.0,0.0,,,,,,,,,,,,,,,,,,,,,,,,,,,,,,,,,,,,,,
1784058296.889,244186000,115,1,3,0,10.0,25.0,10.0,25.0,9.414251327514648,25.49989891052246,-0.49989819526672363,35.07728576660156,50.1784782409668,0.0,0.0,0.0,1.0,1.0,0.0,1.0235334634780884,0.5857482552528381,18.0,0.0,,,,,,,,,,,,,,,,,,,,,,,,,,,,,,,,,,,,,,
1784058296.916,244203000,116,2,255,0,,,,,,,,,,,,,,,,,,,,0.0,0.0,0.0,0.0,3.0,2.450000047683716,0.0,0.0,0.030702775344252586,-0.0009137546294368804,0.040108148008584976,1.0,0.0,0.0,0.0,0.0,0.0,0.0,0.0,,,,,,,,,,,,,,,,,,,
1784058296.928,244221000,117,3,254,0,,,,,,,,,,,,,,,,,,,,,,,,,,,,,,,,,,,,,,,1.0,1.0,1.0,1.0,1.0,1.0,4.0,0.0,-1.4253249168395996,0.13703157007694244,0.04794573783874512,-0.0170525461435318,0.0,0.0,0.012948989868164062,0.006079790182411671,-1.3773791790008545,0.11997902393341064,9.797051429748535
1784058297.036,244337000,122,1,0,0,10.0,25.0,10.0,25.0,9.260773658752441,25.336288452148438,-0.3362894058227539,33.5641975402832,43.906166076660156,0.0,0.0,0.0,1.0,1.0,0.0,-0.9691874980926514,0.7392257452011108,18.0,0.0,,,,,,,,,,,,,,,,,,,,,,,,,,,,,,,,,,,,,,
1784058297.052,244350000,123,1,1,0,10.0,25.0,10.0,25.0,9.27047061920166,25.130456924438477,-0.13045668601989746,43.6783447265625,47.669551849365234,0.0,0.0,0.0,1.0,1.0,0.0,1.2826324701309204,0.7295287847518921,18.0,0.0,,,,,,,,,,,,,,,,,,,,,,,,,,,,,,,,,,,,,,
1784058297.073,244365000,124,1,2,0,10.0,25.0,10.0,25.0,9.123416900634766,24.975677490234375,0.024321675300598145,47.5870246887207,46.83324432373047,0.0,0.0,0.0,1.0,1.0,0.0,-1.3942289352416992,0.8765823841094971,18.0,0.0,,,,,,,,,,,,,,,,,,,,,,,,,,,,,,,,,,,,,,
1784058297.088,244382000,125,1,3,0,10.0,25.0,10.0,25.0,9.415109634399414,25.49821662902832,-0.4982173442840576,35.05165100097656,50.1784782409668,0.0,0.0,0.0,1.0,1.0,0.0,1.0226476192474365,0.5848899483680725,18.0,0.0,,,,,,,,,,,,,,,,,,,,,,,,,,,,,,,,,,,,,,
1784058297.109,244401000,126,2,255,0,,,,,,,,,,,,,,,,,,,,0.0,0.0,0.0,0.0,3.0,2.450000047683716,0.0,0.0,0.030365224927663803,0.0005830656737089157,0.04010578989982605,1.0,0.0,0.0,0.0,0.0,0.0,0.0,0.0,,,,,,,,,,,,,,,,,,,
1784058297.135,244422000,127,3,254,0,,,,,,,,,,,,,,,,,,,,,,,,,,,,,,,,,,,,,,,1.0,1.0,1.0,1.0,1.0,1.0,4.0,0.0,-1.4253249168395996,0.13703157007694244,0.06417298316955566,-0.021915413439273834,0.0,0.0,0.006800651550292969,0.00872028898447752,-1.361151933670044,0.11511615663766861,9.816801071166992
1784058297.222,244535000,132,1,0,0,10.0,25.0,10.0,25.0,9.25943660736084,25.335355758666992,-0.33535659313201904,33.619110107421875,43.906166076660156,0.0,0.0,0.0,1.0,1.0,0.0,-0.9706785082817078,0.740562379360199,18.0,0.0,,,,,,,,,,,,,,,,,,,,,,,,,,,,,,,,,,,,,,
1784058297.260,244554000,133,1,1,0,10.0,25.0,10.0,25.0,9.269851684570312,25.131681442260742,-0.13168156147003174,43.69023513793945,47.669551849365234,0.0,0.0,0.0,1.0,1.0,0.0,1.2831889390945435,0.7301479578018188,18.0,0.0,,,,,,,,,,,,,,,,,,,,,,,,,,,,,,,,,,,,,,
1784058297.281,244574000,134,1,2,0,10.0,25.0,10.0,25.0,9.121675491333008,24.97669792175293,0.023302435874938965,47.4277229309082,46.83324432373047,0.0,0.0,0.0,1.0,1.0,0.0,-1.3891966342926025,0.8783243894577026,18.0,0.0,,,,,,,,,,,,,,,,,,,,,,,,,,,,,,,,,,,,,,
1784058297.309,244596000,135,1,3,0,10.0,25.0,10.0,25.0,9.412139892578125,25.499265670776367,-0.4992663860321045,34.992130279541016,50.1784782409668,0.0,0.0,0.0,1.0,1.0,0.0,1.0205892324447632,0.5878597497940063,18.0,0.0,,,,,,,,,,,,,,,,,,,,,,,,,,,,,,,,,,,,,,
1784058297.336,244620000,136,2,255,0,,,,,,,,,,,,,,,,,,,,0.0,0.0,0.0,0.0,3.0,2.450000047683716,0.0,0.0,0.025803737342357635,-0.0038854354061186314,0.04007643833756447,1.0,0.0,0.0,0.0,0.0,0.0,0.0,0.0,,,,,,,,,,,,,,,,,,,
1784058297.337,244646000,137,3,254,0,,,,,,,,,,,,,,,,,,,,,,,,,,,,,,,,,,,,,,,1.0,1.0,1.0,1.0,1.0,1.0,4.0,0.0,-1.4253249168395996,0.13703157007694244,0.05922532081604004,-0.014040298759937286,0.0,0.0,0.17195892333984375,0.009325210936367512,-1.3660995960235596,0.12299127131700516,9.981959342956543
1784058297.446,244731000,142,1,0,0,10.0,25.0,10.0,25.0,9.259841918945312,25.334314346313477,-0.3343135118484497,33.759666442871094,43.906166076660156,0.0,0.0,0.0,1.0,1.0,0.0,-0.9751182794570923,0.7401570677757263,18.0,0.0,,,,,,,,,,,,,,,,,,,,,,,,,,,,,,,,,,,,,,
1784058297.468,244751000,143,1,1,0,10.0,25.0,10.0,25.0,9.270277976989746,25.131946563720703,-0.13194680213928223,43.778907775878906,47.669551849365234,0.0,0.0,0.0,1.0,1.0,0.0,1.2860606908798218,0.7297210693359375,18.0,0.0,,,,,,,,,,,,,,,,,,,,,,,,,,,,,,,,,,,,,,
1784058297.488,244773000,144,1,2,0,10.0,25.0,10.0,25.0,9.12022590637207,24.977266311645508,0.022733211517333984,47.37886047363281,46.83324432373047,0.0,0.0,0.0,1.0,1.0,0.0,-1.3869531154632568,0.8797734975814819,18.0,0.0,,,,,,,,,,,,,,,,,,,,,,,,,,,,,,,,,,,,,,
1784058297.516,244797000,145,1,3,0,10.0,25.0,10.0,25.0,9.412508010864258,25.499652862548828,-0.49965381622314453,34.9638557434082,50.1784782409668,0.0,0.0,0.0,1.0,1.0,0.0,1.0196725130081177,0.5874916911125183,18.0,0.0,,,,,,,,,,,,,,,,,,,,,,,,,,,,,,,,,,,,,,
1784058297.516,244824000,146,2,255,0,,,,,,,,,,,,,,,,,,,,0.0,0.0,0.0,0.0,3.0,2.450000047683716,0.0,0.0,0.02823079377412796,-0.015250233002007008,0.040091466158628464,1.0,0.0,0.0,0.0,0.0,0.0,0.0,0.0,,,,,,,,,,,,,,,,,,,
1784058297.545,244845000,147,3,254,0,,,,,,,,,,,,,,,,,,,,,,,,,,,,,,,,,,,,,,,1.0,1.0,1.0,1.0,1.0,1.0,4.0,0.0,-1.4253249168395996,0.13703157007694244,0.05239760875701904,-0.04107436537742615,0.0,0.0,0.06409645080566406,0.006845266558229923,-1.3729273080825806,0.0959572046995163,9.874096870422363
1784058297.645,244929000,152,1,0,0,10.0,25.0,10.0,25.0,9.260734558105469,25.33401870727539,-0.3340184688568115,33.635101318359375,43.906166076660156,0.0,0.0,0.0,1.0,1.0,0.0,-0.9708275198936462,0.7392644882202148,18.0,0.0,,,,,,,,,,,,,,,,,,,,,,,,,,,,,,,,,,,,,,
1784058297.704,244952000,153,1,1,0,10.0,25.0,10.0,25.0,9.268697738647461,25.133005142211914,-0.1330047845840454,43.545989990234375,47.669551849365234,0.0,0.0,0.0,1.0,1.0,0.0,1.2780436277389526,0.73130202293396,18.0,0.0,,,,,,,,,,,,,,,,,,,,,,,,,,,,,,,,,,,,,,
1784058297.714,244978000,154,1,2,0,10.0,25.0,10.0,25.0,9.120805740356445,24.977439880371094,0.02256035804748535,47.434898376464844,46.83324432373047,0.0,0.0,0.0,1.0,1.0,0.0,-1.3889350891113281,0.8791938424110413,18.0,0.0,,,,,,,,,,,,,,,,,,,,,,,,,,,,,,,,,,,,,,
1784058297.714,244998000,155,1,3,0,10.0,25.0,10.0,25.0,9.412097930908203,25.499338150024414,-0.49933791160583496,35.03377151489258,50.1784782409668,0.0,0.0,0.0,1.0,1.0,0.0,1.0219415426254272,0.5879014730453491,18.0,0.0,,,,,,,,,,,,,,,,,,,,,,,,,,,,,,,,,,,,,,
1784058297.714,245011000,156,2,255,0,,,,,,,,,,,,,,,,,,,,0.0,0.0,0.0,0.0,3.0,2.450000047683716,0.0,0.0,0.01700529456138611,-0.03119717538356781,0.04011165350675583,1.0,0.0,0.0,0.0,0.0,0.0,0.0,0.0,,,,,,,,,,,,,,,,,,,
1784058297.727,245025000,157,3,254,0,,,,,,,,,,,,,,,,,,,,,,,,,,,,,,,,,,,,,,,1.0,1.0,1.0,1.0,1.0,1.0,4.0,0.0,-1.4253249168395996,0.13703157007694244,0.013840556144714355,-0.010121539235115051,0.0,0.0,0.058531761169433594,0.010155215859413147,-1.4114843606948853,0.1269100308418274,9.868532180786133
1784058297.834,245123000,162,1,0,0,10.0,25.0,10.0,25.0,9.26237964630127,25.334367752075195,-0.33436715602874756,33.679752349853516,43.906166076660156,0.0,0.0,0.0,1.0,1.0,0.0,-0.9727491736412048,0.7376201152801514,18.0,0.0,,,,,,,,,,,,,,,,,,,,,,,,,,,,,,,,,,,,,,
1784058297.866,245147000,163,1,1,0,10.0,25.0,10.0,25.0,9.269688606262207,25.132122039794922,-0.13212263584136963,43.56285858154297,47.669551849365234,0.0,0.0,0.0,1.0,1.0,0.0,1.2789433002471924,0.7303103804588318,18.0,0.0,,,,,,,,,,,,,,,,,,,,,,,,,,,,,,,,,,,,,,
1784058297.909,245173000,164,1,2,0,10.0,25.0,10.0,25.0,9.121818542480469,24.976648330688477,0.023351609706878662,47.509334564208984,46.83324432373047,0.0,0.0,0.0,1.0,1.0,0.0,-1.3911322355270386,0.8781813383102417,18.0,0.0,,,,,,,,,,,,,,,,,,,,,,,,,,,,,,,,,,,,,,
1784058297.910,245194000,165,1,3,0,10.0,25.0,10.0,25.0,9.412156105041504,25.500205993652344,-0.5002051591873169,35.004608154296875,50.1784782409668,0.0,0.0,0.0,1.0,1.0,0.0,1.0212019681930542,0.5878433585166931,18.0,0.0,,,,,,,,,,,,,,,,,,,,,,,,,,,,,,,,,,,,,,
1784058297.910,245206000,166,2,255,0,,,,,,,,,,,,,,,,,,,,0.0,0.0,0.0,0.0,3.0,2.450000047683716,0.0,0.0,0.025492919608950615,-0.022522224113345146,0.04007461294531822,1.0,0.0,0.0,0.0,0.0,0.0,0.0,0.0,,,,,,,,,,,,,,,,,,,
1784058297.930,245219000,167,3,254,0,,,,,,,,,,,,,,,,,,,,,,,,,,,,,,,,,,,,,,,1.0,1.0,1.0,1.0,1.0,1.0,4.0,0.0,-1.4253249168395996,0.13703157007694244,0.009098649024963379,-0.007764935493469238,0.0,0.0,0.020829200744628906,0.0066988104954361916,-1.4162262678146362,0.1292666345834732,9.78917121887207
1784058298.036,245310000,172,1,0,0,10.0,25.0,10.0,25.0,9.263500213623047,25.333494186401367,-0.3334939479827881,33.6727409362793,43.906166076660156,0.0,0.0,0.0,1.0,1.0,0.0,-0.9725292921066284,0.7364988327026367,18.0,0.0,,,,,,,,,,,,,,,,,,,,,,,,,,,,,,,,,,,,,,
1784058298.068,245334000,173,1,1,0,10.0,25.0,10.0,25.0,9.269240379333496,25.13180923461914,-0.13180971145629883,43.57526779174805,47.669551849365234,0.0,0.0,0.0,1.0,1.0,0.0,1.279181718826294,0.7307589054107666,18.0,0.0,,,,,,,,,,,,,,,,,,,,,,,,,,,,,,,,,,,,,,
1784058298.068,245360000,174,1,2,0,10.0,25.0,10.0,25.0,9.124853134155273,24.97414779663086,0.0258520245552063,47.54388427734375,46.83324432373047,0.0,0.0,0.0,1.0,1.0,0.0,-1.3926515579223633,0.8751459121704102,18.0,0.0,,,,,,,,,,,,,,,,,,,,,,,,,,,,,,,,,,,,,,
1784058298.081,245382000,175,1,3,0,10.0,25.0,10.0,25.0,9.41378116607666,25.49961280822754,-0.49961209297180176,34.981754302978516,50.1784782409668,0.0,0.0,0.0,1.0,1.0,0.0,1.020390272140503,0.5862183570861816,18.0,0.0,,,,,,,,,,,,,,,,,,,,,,,,,,,,,,,,,,,,,,
1784058298.099,245395000,176,2,255,0,,,,,,,,,,,,,,,,,,,,0.0,0.0,0.0,0.0,3.0,2.450000047683716,0.0,0.0,0.0370161235332489,-0.022827278822660446,0.04015706479549408,1.0,0.0,0.0,0.0,0.0,0.0,0.0,0.0,,,,,,,,,,,,,,,,,,,
1784058298.111,245410000,177,3,254,0,,,,,,,,,,,,,,,,,,,,,,,,,,,,,,,,,,,,,,,1.0,1.0,1.0,1.0,1.0,1.0,4.0,0.0,-1.4253249168395996,0.13703157007694244,0.01970648765563965,-0.035968393087387085,0.0,0.0,0.0848846435546875,0.004335803911089897,-1.40561842918396,0.10106317698955536,9.725115776062012
1784058298.236,245508000,182,1,0,0,10.0,25.0,10.0,25.0,9.259894371032715,25.33566665649414,-0.3356665372848511,33.67715835571289,43.906166076660156,0.0,0.0,0.0,1.0,1.0,0.0,-0.972304105758667,0.7401049137115479,18.0,0.0,,,,,,,,,,,,,,,,,,,,,,,,,,,,,,,,,,,,,,
1784058298.273,245534000,183,1,1,0,10.0,25.0,10.0,25.0,9.269956588745117,25.131591796875,-0.13159215450286865,43.745330810546875,47.669551849365234,0.0,0.0,0.0,1.0,1.0,0.0,1.2848869562149048,0.7300429344177246,18.0,0.0,,,,,,,,,,,,,,,,,,,,,,,,,,,,,,,,,,,,,,
1784058298.274,245560000,184,1,2,0,10.0,25.0,10.0,25.0,9.12283992767334,24.975830078125,0.0241696834564209,47.49495315551758,46.83324432373047,0.0,0.0,0.0,1.0,1.0,0.0,-1.3911279439926147,0.877159833908081,18.0,0.0,,,,,,,,,,,,,,,,,,,,,,,,,,,,,,,,,,,,,,
1784058298.288,245581000,185,1,3,0,10.0,25.0,10.0,25.0,9.41402816772461,25.499130249023438,-0.4991292953491211,34.93324661254883,50.1784782409668,0.0,0.0,0.0,1.0,1.0,0.0,1.018892526626587,0.5859709978103638,18.0,0.0,,,,,,,,,,,,,,,,,,,,,,,,,,,,,,,,,,,,,,
1784058298.296,245594000,186,2,255,0,,,,,,,,,,,,,,,,,,,,0.0,0.0,0.0,0.0,3.0,2.450000047683716,0.0,0.0,0.04846864193677902,-0.030065638944506645,0.040268879383802414,1.0,0.0,0.0,0.0,0.0,0.0,0.0,0.0,,,,,,,,,,,,,,,,,,,
1784058298.312,245608000,187,3,254,0,,,,,,,,,,,,,,,,,,,,,,,,,,,,,,,,,,,,,,,1.0,1.0,1.0,1.0,1.0,1.0,4.0,0.0,-1.4253249168395996,0.13703157007694244,0.05283653736114502,-0.04361429810523987,0.0,0.0,0.12940597534179688,0.0009598957258276641,-1.3724883794784546,0.09341727197170258,9.939406394958496
1784058298.422,245706000,192,1,0,0,10.0,25.0,10.0,25.0,9.26097583770752,25.33441734313965,-0.33441781997680664,33.855281829833984,43.906166076660156,0.0,0.0,0.0,1.0,1.0,0.0,-0.9785665273666382,0.7390238046646118,18.0,0.0,,,,,,,,,,,,,,,,,,,,,,,,,,,,,,,,,,,,,,
1784058298.449,245730000,193,1,1,0,10.0,25.0,10.0,25.0,9.269341468811035,25.131818771362305,-0.13181865215301514,43.54022216796875,47.669551849365234,0.0,0.0,0.0,1.0,1.0,0.0,1.2778195142745972,0.7306582927703857,18.0,0.0,,,,,,,,,,,,,,,,,,,,,,,,,,,,,,,,,,,,,,
1784058298.452,245757000,194,1,2,0,10.0,25.0,10.0,25.0,9.122941970825195,24.975372314453125,0.024628639221191406,47.61239242553711,46.83324432373047,0.0,0.0,0.0,1.0,1.0,0.0,-1.3951036930084229,0.8770570158958435,18.0,0.0,,,,,,,,,,,,,,,,,,,,,,,,,,,,,,,,,,,,,,
1784058298.480,245778000,195,1,3,0,10.0,25.0,10.0,25.0,9.414366722106934,25.49845314025879,-0.4984527826309204,34.9814338684082,50.1784782409668,0.0,0.0,0.0,1.0,1.0,0.0,1.0203999280929565,0.5856328010559082,18.0,0.0,,,,,,,,,,,,,,,,,,,,,,,,,,,,,,,,,,,,,,
1784058298.495,245792000,196,2,255,0,,,,,,,,,,,,,,,,,,,,0.0,0.0,0.0,0.0,3.0,2.450000047683716,0.0,0.0,0.042211972177028656,-0.03067730739712715,0.040204111486673355,1.0,0.0,0.0,0.0,0.0,0.0,0.0,0.0,,,,,,,,,,,,,,,,,,,
1784058298.515,245808000,197,3,254,0,,,,,,,,,,,,,,,,,,,,,,,,,,,,,,,,,,,,,,,1.0,1.0,1.0,1.0,1.0,1.0,4.0,0.0,-1.4253249168395996,0.13703157007694244,0.05359029769897461,-0.0394909530878067,0.0,0.0,0.05072021484375,0.005407423246651888,-1.371734619140625,0.09754061698913574,9.86072063446045
1784058298.627,245910000,202,1,0,0,10.0,25.0,10.0,25.0,9.258443832397461,25.33482551574707,-0.33482611179351807,33.7011604309082,43.906166076660156,0.0,0.0,0.0,1.0,1.0,0.0,-0.9733802676200867,0.7415555715560913,18.0,0.0,,,,,,,,,,,,,,,,,,,,,,,,,,,,,,,,,,,,,,
1784058298.642,245936000,203,1,1,0,10.0,25.0,10.0,25.0,9.269021034240723,25.13236427307129,-0.13236403465270996,43.47936248779297,47.669551849365234,0.0,0.0,0.0,1.0,1.0,0.0,1.2758396863937378,0.7309787273406982,18.0,0.0,,,,,,,,,,,,,,,,,,,,,,,,,,,,,,,,,,,,,,
1784058298.656,245956000,204,1,2,0,10.0,25.0,10.0,25.0,9.122925758361816,24.976669311523438,0.023330748081207275,47.47201919555664,46.83324432373047,0.0,0.0,0.0,1.0,1.0,0.0,-1.390649676322937,0.8770734071731567,18.0,0.0,,,,,,,,,,,,,,,,,,,,,,,,,,,,,,,,,,,,,,
1784058298.680,245969000,205,1,3,0,10.0,25.0,10.0,25.0,9.413171768188477,25.498464584350586,-0.4984647035598755,34.98847961425781,50.1784782409668,0.0,0.0,0.0,1.0,1.0,0.0,1.0205317735671997,0.5868278741836548,18.0,0.0,,,,,,,,,,,,,,,,,,,,,,,,,,,,,,,,,,,,,,
1784058298.691,245983000,206,2,255,0,,,,,,,,,,,,,,,,,,,,0.0,0.0,0.0,0.0,3.0,2.450000047683716,0.0,0.0,0.02653701789677143,-0.024923481047153473,0.04008083790540695,1.0,0.0,0.0,0.0,0.0,0.0,0.0,0.0,,,,,,,,,,,,,,,,,,,
1784058298.703,245999000,207,3,254,0,,,,,,,,,,,,,,,,,,,,,,,,,,,,,,,,,,,,,,,1.0,1.0,1.0,1.0,1.0,1.0,4.0,0.0,-1.4253249168395996,0.13703157007694244,0.046952128410339355,-0.021213121712207794,0.0,0.0,0.05748748779296875,0.01187904179096222,-1.3783727884292603,0.11581844836473465,9.867487907409668
1784058298.816,246100000,212,1,0,0,10.0,25.0,10.0,25.0,9.259668350219727,25.33489227294922,-0.334891676902771,33.78333282470703,43.906166076660156,0.0,0.0,0.0,1.0,1.0,0.0,-0.9758391976356506,0.7403314113616943,18.0,0.0,,,,,,,,,,,,,,,,,,,,,,,,,,,,,,,,,,,,,,
1784058298.837,246127000,213,1,1,0,10.0,25.0,10.0,25.0,9.26934814453125,25.132720947265625,-0.1327216625213623,43.48324203491211,47.669551849365234,0.0,0.0,0.0,1.0,1.0,0.0,1.2763925790786743,0.7306516170501709,18.0,0.0,,,,,,,,,,,,,,,,,,,,,,,,,,,,,,,,,,,,,,
1784058298.849,246148000,214,1,2,0,10.0,25.0,10.0,25.0,9.120638847351074,24.97754669189453,0.02245306968688965,47.454158782958984,46.83324432373047,0.0,0.0,0.0,1.0,1.0,0.0,-1.3899123668670654,0.8793607354164124,18.0,0.0,,,,,,,,,,,,,,,,,,,,,,,,,,,,,,,,,,,,,,
1784058298.887,246162000,215,1,3,0,10.0,25.0,10.0,25.0,9.412871360778809,25.499048233032227,-0.4990488290786743,34.97282409667969,50.1784782409668,0.0,0.0,0.0,1.0,1.0,0.0,1.0199193954467773,0.5871281027793884,18.0,0.0,,,,,,,,,,,,,,,,,,,,,,,,,,,,,,,,,,,,,,
1784058298.887,246177000,216,2,255,0,,,,,,,,,,,,,,,,,,,,0.0,0.0,0.0,0.0,3.0,2.450000047683716,0.0,0.0,0.021756652742624283,-0.028453661128878593,0.04009291157126427,1.0,0.0,0.0,0.0,0.0,0.0,0.0,0.0,,,,,,,,,,,,,,,,,,,
1784058298.915,246195000,217,3,254,0,,,,,,,,,,,,,,,,,,,,,,,,,,,,,,,,,,,,,,,1.0,1.0,1.0,1.0,1.0,1.0,4.0,0.0,-1.4253249168395996,0.13703157007694244,0.03520309925079346,-0.024064108729362488,0.0,0.0,0.021312713623046875,0.00657611945644021,-1.3901218175888062,0.11296746134757996,9.831313133239746
1784058299.020,246302000,222,1,0,0,10.0,25.0,10.0,25.0,9.261484146118164,25.333667755126953,-0.3336668014526367,33.61910629272461,43.906166076660156,0.0,0.0,0.0,1.0,1.0,0.0,-0.970606803894043,0.7385157346725464,18.0,0.0,,,,,,,,,,,,,,,,,,,,,,,,,,,,,,,,,,,,,,
1784058299.021,246328000,223,1,1,0,10.0,25.0,10.0,25.0,9.26872444152832,25.132951736450195,-0.13295114040374756,43.68730926513672,47.669551849365234,0.0,0.0,0.0,1.0,1.0,0.0,1.2828843593597412,0.731275200843811,18.0,0.0,,,,,,,,,,,,,,,,,,,,,,,,,,,,,,,,,,,,,,
1784058299.046,246348000,224,1,2,0,10.0,25.0,10.0,25.0,9.119926452636719,24.97785186767578,0.02214759588241577,47.385589599609375,46.83324432373047,0.0,0.0,0.0,1.0,1.0,0.0,-1.3877429962158203,0.8800730109214783,18.0,0.0,,,,,,,,,,,,,,,,,,,,,,,,,,,,,,,,,,,,,,
1784058299.070,246360000,225,1,3,0,10.0,25.0,10.0,25.0,9.41158390045166,25.500333786010742,-0.500333309173584,34.86865997314453,50.1784782409668,0.0,0.0,0.0,1.0,1.0,0.0,1.0168884992599487,0.5884155631065369,18.0,0.0,,,,,,,,,,,,,,,,,,,,,,,,,,,,,,,,,,,,,,
1784058299.090,246373000,226,2,255,0,,,,,,,,,,,,,,,,,,,,0.0,0.0,0.0,0.0,3.0,2.450000047683716,0.0,0.0,0.022927138954401016,-0.03616487607359886,0.04014994204044342,1.0,0.0,0.0,0.0,0.0,0.0,0.0,0.0,,,,,,,,,,,,,,,,,,,
1784058299.095,246389000,227,3,254,0,,,,,,,,,,,,,,,,,,,,,,,,,,,,,,,,,,,,,,,1.0,1.0,1.0,1.0,1.0,1.0,4.0,0.0,-1.4253249168395996,0.13703157007694244,-0.008623838424682617,-0.017600826919078827,0.0,0.0,0.036627769470214844,0.006239497102797031,-1.4339487552642822,0.11943074315786362,9.846628189086914
1784058299.220,246494000,232,1,0,0,10.0,25.0,10.0,25.0,9.262890815734863,25.334566116333008,-0.3345668315887451,33.606441497802734,43.906166076660156,0.0,0.0,0.0,1.0,1.0,0.0,-0.9705871939659119,0.7371082901954651,18.0,0.0,,,,,,,,,,,,,,,,,,,,,,,,,,,,,,,,,,,,,,
1784058299.220,246521000,233,1,1,0,10.0,25.0,10.0,25.0,9.270029067993164,25.131559371948242,-0.1315593719482422,43.608497619628906,47.669551849365234,0.0,0.0,0.0,1.0,1.0,0.0,1.280418872833252,0.72996985912323,18.0,0.0,,,,,,,,,,,,,,,,,,,,,,,,,,,,,,,,,,,,,,
1784058299.246,246541000,234,1,2,0,10.0,25.0,10.0,25.0,9.121511459350586,24.975893020629883,0.02410709857940674,47.54866409301758,46.83324432373047,0.0,0.0,0.0,1.0,1.0,0.0,-1.3928260803222656,0.8784875273704529,18.0,0.0,,,,,,,,,,,,,,,,,,,,,,,,,,,,,,,,,,,,,,
1784058299.269,246554000,235,1,3,0,10.0,25.0,10.0,25.0,9.413812637329102,25.49964141845703,-0.49964189529418945,34.904815673828125,50.1784782409668,0.0,0.0,0.0,1.0,1.0,0.0,1.0177173614501953,0.5861863493919373,18.0,0.0,,,,,,,,,,,,,,,,,,,,,,,,,,,,,,,,,,,,,,
1784058299.284,246569000,236,2,255,0,,,,,,,,,,,,,,,,,,,,0.0,0.0,0.0,0.0,3.0,2.450000047683716,0.0,0.0,0.01727774366736412,-0.03878055140376091,0.040172357112169266,1.0,0.0,0.0,0.0,0.0,0.0,0.0,0.0,,,,,,,,,,,,,,,,,,,
1784058299.297,246586000,237,3,254,0,,,,,,,,,,,,,,,,,,,,,,,,,,,,,,,,,,,,,,,1.0,1.0,1.0,1.0,1.0,1.0,4.0,0.0,-1.4253249168395996,0.13703157007694244,-0.020473361015319824,-0.04215984046459198,0.0,0.0,0.14969253540039062,0.007402054499834776,-1.4457982778549194,0.09487172961235046,9.660307884216309
1784058299.384,246695000,242,1,0,0,10.0,25.0,10.0,25.0,9.26339054107666,25.334814071655273,-0.334814190864563,33.5285758972168,43.906166076660156,0.0,0.0,0.0,1.0,1.0,0.0,-0.9679607152938843,0.7366091012954712,18.0,0.0,,,,,,,,,,,,,,,,,,,,,,,,,,,,,,,,,,,,,,
1784058299.454,246714000,243,1,1,0,10.0,25.0,10.0,25.0,9.270237922668457,25.131011962890625,-0.1310110092163086,43.71411895751953,47.669551849365234,0.0,0.0,0.0,1.0,1.0,0.0,1.283852458000183,0.7297612428665161,18.0,0.0,,,,,,,,,,,,,,,,,,,,,,,,,,,,,,,,,,,,,,
1784058299.455,246726000,244,1,2,0,10.0,25.0,10.0,25.0,9.12313461303711,24.975255966186523,0.024743378162384033,47.62307357788086,46.83324432373047,0.0,0.0,0.0,1.0,1.0,0.0,-1.3951082229614258,0.8768647909164429,18.0,0.0,,,,,,,,,,,,,,,,,,,,,,,,,,,,,,,,,,,,,,
1784058299.461,246740000,245,1,3,0,10.0,25.0,10.0,25.0,9.414010047912598,25.499052047729492,-0.4990518093109131,34.9396858215332,50.1784782409668,0.0,0.0,0.0,1.0,1.0,0.0,1.0192780494689941,0.5859888792037964,18.0,0.0,,,,,,,,,,,,,,,,,,,,,,,,,,,,,,,,,,,,,,
1784058299.462,246756000,246,2,255,0,,,,,,,,,,,,,,,,,,,,0.0,0.0,0.0,0.0,3.0,2.450000047683716,0.0,0.0,0.02306961454451084,-0.04499353840947151,0.04023181274533272,1.0,0.0,0.0,0.0,0.0,0.0,0.0,0.0,,,,,,,,,,,,,,,,,,,
1784058299.495,246774000,247,3,254,0,,,,,,,,,,,,,,,,,,,,,,,,,,,,,,,,,,,,,,,1.0,1.0,1.0,1.0,1.0,1.0,4.0,0.0,-1.4253249168395996,0.13703157007694244,0.012688398361206055,-0.05545324832201004,0.0,0.0,0.04257678985595703,0.005993545055389404,-1.4126365184783936,0.0815783217549324,9.767423629760742
1784058299.586,246886000,252,1,0,0,10.0,25.0,10.0,25.0,9.260923385620117,25.335758209228516,-0.33575892448425293,33.6947021484375,43.906166076660156,0.0,0.0,0.0,1.0,1.0,0.0,-0.973380982875824,0.7390760183334351,18.0,0.0,,,,,,,,,,,,,,,,,,,,,,,,,,,,,,,,,,,,,,
1784058299.609,246899000,253,1,1,0,10.0,25.0,10.0,25.0,9.269774436950684,25.130706787109375,-0.1307070255279541,43.712554931640625,47.669551849365234,0.0,0.0,0.0,1.0,1.0,0.0,1.2835577726364136,0.7302247285842896,18.0,0.0,,,,,,,,,,,,,,,,,,,,,,,,,,,,,,,,,,,,,,
1784058299.617,246913000,254,1,2,0,10.0,25.0,10.0,25.0,9.12390422821045,24.975929260253906,0.024071335792541504,47.576927185058594,46.83324432373047,0.0,0.0,0.0,1.0,1.0,0.0,-1.3938417434692383,0.876095175743103,18.0,0.0,,,,,,,,,,,,,,,,,,,,,,,,,,,,,,,,,,,,,,
1784058299.642,246929000,255,1,3,0,10.0,25.0,10.0,25.0,9.41319751739502,25.4984073638916,-0.49840807914733887,35.03886413574219,50.1784782409668,0.0,0.0,0.0,1.0,1.0,0.0,1.0219876766204834,0.5868017673492432,18.0,0.0,,,,,,,,,,,,,,,,,,,,,,,,,,,,,,,,,,,,,,
1784058299.654,246947000,0,2,255,0,,,,,,,,,,,,,,,,,,,,0.0,0.0,0.0,0.0,3.0,2.450000047683716,0.0,0.0,0.018394749611616135,-0.025073805823922157,0.040072184056043625,1.0,0.0,0.0,0.0,0.0,0.0,0.0,0.0,,,,,,,,,,,,,,,,,,,
1784058299.682,246967000,1,3,254,0,,,,,,,,,,,,,,,,,,,,,,,,,,,,,,,,,,,,,,,1.0,1.0,1.0,1.0,1.0,1.0,4.0,0.0,-1.4253249168395996,0.13703157007694244,0.05151188373565674,-0.01861260086297989,0.0,0.0,0.043433189392089844,0.009770574979484081,-1.3738130331039429,0.11841896921396255,9.76656723022461
1784058299.776,247073000,6,1,0,0,10.0,25.0,10.0,25.0,9.260833740234375,25.334936141967773,-0.33493638038635254,33.633697509765625,43.906166076660156,0.0,0.0,0.0,1.0,1.0,0.0,-0.9713031649589539,0.7391661405563354,18.0,0.0,,,,,,,,,,,,,,,,,,,,,,,,,,,,,,,,,,,,,,
1784058299.802,247088000,7,1,1,0,10.0,25.0,10.0,25.0,9.268718719482422,25.132951736450195,-0.13295114040374756,43.63686752319336,47.669551849365234,0.0,0.0,0.0,1.0,1.0,0.0,1.2811397314071655,0.7312804460525513,18.0,0.0,,,,,,,,,,,,,,,,,,,,,,,,,,,,,,,,,,,,,,
1784058299.816,247105000,8,1,2,0,10.0,25.0,10.0,25.0,9.12193489074707,24.97616958618164,0.023829936981201172,47.66985321044922,46.83324432373047,0.0,0.0,0.0,1.0,1.0,0.0,-1.3967859745025635,0.8780643343925476,18.0,0.0,,,,,,,,,,,,,,,,,,,,,,,,,,,,,,,,,,,,,,
1784058299.842,247122000,9,1,3,0,10.0,25.0,10.0,25.0,9.413299560546875,25.499313354492188,-0.4993140697479248,34.99005126953125,50.1784782409668,0.0,0.0,0.0,1.0,1.0,0.0,1.0208107233047485,0.5866997241973877,18.0,0.0,,,,,,,,,,,,,,,,,,,,,,,,,,,,,,,,,,,,,,
1784058299.854,247142000,10,2,255,0,,,,,,,,,,,,,,,,,,,,0.0,0.0,0.0,0.0,3.0,2.450000047683716,0.0,0.0,0.02054678276181221,-0.01756409928202629,0.040048498660326004,1.0,0.0,0.0,0.0,0.0,0.0,0.0,0.0,,,,,,,,,,,,,,,,,,,
1784058299.876,247163000,11,3,254,0,,,,,,,,,,,,,,,,,,,,,,,,,,,,,,,,,,,,,,,1.0,1.0,1.0,1.0,1.0,1.0,4.0,0.0,-1.4253249168395996,0.13703157007694244,0.04602193832397461,-0.0187421515583992,0.0,0.0,0.08569908142089844,0.008046604692935944,-1.379302978515625,0.11828941851854324,9.7243013381958
1784058299.975,247273000,16,1,0,0,10.0,25.0,10.0,25.0,9.260315895080566,25.334613800048828,-0.33461451530456543,33.72747039794922,43.906166076660156,0.0,0.0,0.0,1.0,1.0,0.0,-0.974319577217102,0.739683985710144,18.0,0.0,,,,,,,,,,,,,,,,,,,,,,,,,,,,,,,,,,,,,,
1784058299.988,247287000,17,1,1,0,10.0,25.0,10.0,25.0,9.268940925598145,25.13239288330078,-0.13239383697509766,43.58537292480469,47.669551849365234,0.0,0.0,0.0,1.0,1.0,0.0,1.2795474529266357,0.7310584187507629,18.0,0.0,,,,,,,,,,,,,,,,,,,,,,,,,,,,,,,,,,,,,,
1784058300.014,247303000,18,1,2,0,10.0,25.0,10.0,25.0,9.121298789978027,24.9763126373291,0.023686885833740234,47.4519157409668,46.83324432373047,0.0,0.0,0.0,1.0,1.0,0.0,-1.389958143234253,0.8787006139755249,18.0,0.0,,,,,,,,,,,,,,,,,,,,,,,,,,,,,,,,,,,,,,
1784058300.034,247320000,19,1,3,0,10.0,25.0,10.0,25.0,9.41323184967041,25.499338150024414,-0.49933791160583496,35.05609893798828,50.1784782409668,0.0,0.0,0.0,1.0,1.0,0.0,1.023110270500183,0.5867674946784973,18.0,0.0,,,,,,,,,,,,,,,,,,,,,,,,,,,,,,,,,,,,,,
1784058300.053,247339000,20,2,255,0,,,,,,,,,,,,,,,,,,,,0.0,0.0,0.0,0.0,3.0,2.450000047683716,0.0,0.0,0.0053456611931324005,-0.013548093847930431,0.040021106600761414,1.0,0.0,0.0,0.0,0.0,0.0,0.0,0.0,,,,,,,,,,,,,,,,,,,
1784058300.242,247359000,21,3,254,0,,,,,,,,,,,,,,,,,,,,,,,,,,,,,,,,,,,,,,,1.0,1.0,1.0,1.0,1.0,1.0,4.0,0.0,-1.4253249168395996,0.13703157007694244,0.015609025955200195,-0.00920136272907257,0.0,0.0,0.013843536376953125,0.005825064145028591,-1.4097158908843994,0.12783020734786987,9.823843955993652
1784058301.341,248632000,86,1,0,0,10.0,25.0,10.0,25.0,9.258920669555664,25.33511734008789,-0.3351181745529175,33.65262985229492,43.906166076660156,0.0,0.0,0.0,1.0,1.0,0.0,-0.9717819094657898,0.7410787343978882,18.0,0.0,,,,,,,,,,,,,,,,,,,,,,,,,,,,,,,,,,,,,,
1784058301.362,248652000,87,1,1,0,10.0,25.0,10.0,25.0,9.269441604614258,25.132644653320312,-0.1326441764831543,43.489830017089844,47.669551849365234,0.0,0.0,0.0,1.0,1.0,0.0,1.2764301300048828,0.7305577397346497,18.0,0.0,,,,,,,,,,,,,,,,,,,,,,,,,,,,,,,,,,,,,,
1784058301.388,248675000,88,1,2,0,10.0,25.0,10.0,25.0,9.120227813720703,24.97722816467285,0.02277195453643799,47.440025329589844,46.83324432373047,0.0,0.0,0.0,1.0,1.0,0.0,-1.3893085718154907,0.8797712326049805,18.0,0.0,,,,,,,,,,,,,,,,,,,,,,,,,,,,,,,,,,,,,,
1784058301.414,248700000,89,1,3,0,10.0,25.0,10.0,25.0,9.413671493530273,25.498699188232422,-0.4987001419067383,34.79050827026367,50.1784782409668,0.0,0.0,0.0,1.0,1.0,0.0,1.014017939567566,0.5863279104232788,18.0,0.0,,,,,,,,,,,,,,,,,,,,,,,,,,,,,,,,,,,,,,
1784058301.416,248727000,90,2,255,0,,,,,,,,,,,,,,,,,,,,0.0,0.0,0.0,0.0,3.0,2.450000047683716,0.0,0.0,0.013835301622748375,-0.030357996001839638,0.04010573774576187,1.0,0.0,0.0,0.0,0.0,0.0,0.0,0.0,,,,,,,,,,,,,,,,,,,
1784058301.455,248748000,91,3,254,0,,,,,,,,,,,,,,,,,,,,,,,,,,,,,,,,,,,,,,,1.0,1.0,1.0,1.0,1.0,1.0,4.0,0.0,-1.4253249168395996,0.13703157007694244,0.03141045570373535,-0.024014629423618317,0.0,0.0,0.07128334045410156,0.010178240947425365,-1.3939144611358643,0.11301694065332413,9.8812837600708
1784058301.541,248832000,96,1,0,0,10.0,25.0,10.0,25.0,9.260807991027832,25.33486557006836,-0.33486485481262207,33.7578125,43.906166076660156,0.0,0.0,0.0,1.0,1.0,0.0,-0.9752473831176758,0.739191472530365,18.0,0.0,,,,,,,,,,,,,,,,,,,,,,,,,,,,,,,,,,,,,,
1784058301.565,248854000,97,1,1,0,10.0,25.0,10.0,25.0,9.268648147583008,25.13297462463379,-0.13297498226165771,43.65133285522461,47.669551849365234,0.0,0.0,0.0,1.0,1.0,0.0,1.2819119691848755,0.7313512563705444,18.0,0.0,,,,,,,,,,,,,,,,,,,,,,,,,,,,,,,,,,,,,,
1784058301.593,248878000,98,1,2,0,10.0,25.0,10.0,25.0,9.119813919067383,24.976951599121094,0.023049116134643555,47.677085876464844,46.83324432373047,0.0,0.0,0.0,1.0,1.0,0.0,-1.3967543840408325,0.8801854848861694,18.0,0.0,,,,,,,,,,,,,,,,,,,,,,,,,,,,,,,,,,,,,,
1784058301.619,248905000,99,1,3,0,10.0,25.0,10.0,25.0,9.411484718322754,25.50041389465332,-0.5004137754440308,34.87339782714844,50.1784782409668,0.0,0.0,0.0,1.0,1.0,0.0,1.0169671773910522,0.5885146856307983,18.0,0.0,,,,,,,,,,,,,,,,,,,,,,,,,,,,,,,,,,,,,,
1784058301.621,248932000,100,2,255,0,,,,,,,,,,,,,,,,,,,,0.0,0.0,0.0,0.0,3.0,2.450000047683716,0.0,0.0,0.009722523391246796,-0.027509324252605438,0.040086857974529266,1.0,0.0,0.0,0.0,0.0,0.0,0.0,0.0,,,,,,,,,,,,,,,,,,,
1784058301.659,248953000,101,3,254,0,,,,,,,,,,,,,,,,,,,,,,,,,,,,,,,,,,,,,,,1.0,1.0,1.0,1.0,1.0,1.0,4.0,0.0,-1.4253249168395996,0.13703157007694244,0.03160393238067627,0.013522922992706299,0.0,0.0,0.1439199447631836,0.007355186156928539,-1.3937209844589233,0.15055449306964874,9.953920364379883
1784058301.752,249037000,106,1,0,0,10.0,25.0,10.0,25.0,9.262659072875977,25.333797454833984,-0.3337979316711426,33.840576171875,43.906166076660156,0.0,0.0,0.0,1.0,1.0,0.0,-0.9779741168022156,0.737339973449707,18.0,0.0,,,,,,,,,,,,,,,,,,,,,,,,,,,,,,,,,,,,,,
1784058301.783,249059000,107,1,1,0,10.0,25.0,10.0,25.0,9.268987655639648,25.132421493530273,-0.13242065906524658,43.51988220214844,47.669551849365234,0.0,0.0,0.0,1.0,1.0,0.0,1.277125358581543,0.7310115098953247,18.0,0.0,,,,,,,,,,,,,,,,,,,,,,,,,,,,,,,,,,,,,,
1784058301.799,249085000,108,1,2,0,10.0,25.0,10.0,25.0,9.121761322021484,24.975276947021484,0.02472400665283203,47.5047607421875,46.83324432373047,0.0,0.0,0.0,1.0,1.0,0.0,-1.3913880586624146,0.8782379627227783,18.0,0.0,,,,,,,,,,,,,,,,,,,,,,,,,,,,,,,,,,,,,,
1784058301.801,249112000,109,1,3,0,10.0,25.0,10.0,25.0,9.411911964416504,25.500810623168945,-0.5008101463317871,34.967262268066406,50.1784782409668,0.0,0.0,0.0,1.0,1.0,0.0,1.0201891660690308,0.5880869626998901,18.0,0.0,,,,,,,,,,,,,,,,,,,,,,,,,,,,,,,,,,,,,,
1784058301.833,249133000,110,2,255,0,,,,,,,,,,,,,,,,,,,,0.0,0.0,0.0,0.0,3.0,2.450000047683716,0.0,0.0,0.004029272124171257,-0.010981306433677673,0.0400138720870018,1.0,0.0,0.0,0.0,0.0,0.0,0.0,0.0,,,,,,,,,,,,,,,,,,,
1784058301.850,249146000,111,3,254,0,,,,,,,,,,,,,,,,,,,,,,,,,,,,,,,,,,,,,,,1.0,1.0,1.0,1.0,1.0,1.0,4.0,0.0,-1.4253249168395996,0.13703157007694244,-0.025674104690551758,0.006280913949012756,0.0,0.0,0.014012336730957031,0.0038772246334701777,-1.4509990215301514,0.1433124840259552,9.795988082885742
1784058301.958,249244000,116,1,0,0,10.0,25.0,10.0,25.0,9.262898445129395,25.33456039428711,-0.3345608711242676,33.66032409667969,43.906166076660156,0.0,0.0,0.0,1.0,1.0,0.0,-0.9723258018493652,0.7371008396148682,18.0,0.0,,,,,,,,,,,,,,,,,,,,,,,,,,,,,,,,,,,,,,
1784058301.959,249270000,117,1,1,0,10.0,25.0,10.0,25.0,9.270026206970215,25.131563186645508,-0.13156235218048096,43.51771926879883,47.669551849365234,0.0,0.0,0.0,1.0,1.0,0.0,1.2773398160934448,0.7299728393554688,18.0,0.0,,,,,,,,,,,,,,,,,,,,,,,,,,,,,,,,,,,,,,
1784058302.000,249290000,118,1,2,0,10.0,25.0,10.0,25.0,9.121280670166016,24.976362228393555,0.023637712001800537,47.414283752441406,46.83324432373047,0.0,0.0,0.0,1.0,1.0,0.0,-1.3883283138275146,0.8787184953689575,18.0,0.0,,,,,,,,,,,,,,,,,,,,,,,,,,,,,,,,,,,,,,
1784058302.013,249303000,119,1,3,0,10.0,25.0,10.0,25.0,9.413833618164062,25.500484466552734,-0.5004853010177612,34.96516799926758,50.1784782409668,0.0,0.0,0.0,1.0,1.0,0.0,1.0204064846038818,0.586166262626648,18.0,0.0,,,,,,,,,,,,,,,,,,,,,,,,,,,,,,,,,,,,,,
1784058302.021,249316000,120,2,255,0,,,,,,,,,,,,,,,,,,,,0.0,0.0,0.0,0.0,3.0,2.450000047683716,0.0,0.0,0.011799751780927181,-0.009124076925218105,0.040016014128923416,1.0,0.0,0.0,0.0,0.0,0.0,0.0,0.0,,,,,,,,,,,,,,,,,,,
1784058302.039,249331000,121,3,254,0,,,,,,,,,,,,,,,,,,,,,,,,,,,,,,,,,,,,,,,1.0,1.0,1.0,1.0,1.0,1.0,4.0,0.0,-1.4253249168395996,0.13703157007694244,-0.012723803520202637,-0.0019425898790359497,0.0,0.0,0.028688430786132812,0.0024025265593081713,-1.4380487203598022,0.1350889801979065,9.781311988830566
1784058302.156,249437000,126,1,0,0,10.0,25.0,10.0,25.0,9.26282024383545,25.334590911865234,-0.3345906734466553,33.61984634399414,43.906166076660156,0.0,0.0,0.0,1.0,1.0,0.0,-0.9708352088928223,0.7371790409088135,18.0,0.0,,,,,,,,,,,,,,,,,,,,,,,,,,,,,,,,,,,,,,
1784058302.174,249464000,127,1,1,0,10.0,25.0,10.0,25.0,9.270482063293457,25.130535125732422,-0.13053417205810547,43.57970428466797,47.669551849365234,0.0,0.0,0.0,1.0,1.0,0.0,1.2792242765426636,0.7295176386833191,18.0,0.0,,,,,,,,,,,,,,,,,,,,,,,,,,,,,,,,,,,,,,
1784058302.194,249485000,128,1,2,0,10.0,25.0,10.0,25.0,9.124131202697754,24.974369049072266,0.025631487369537354,47.547054290771484,46.83324432373047,0.0,0.0,0.0,1.0,1.0,0.0,-1.392652153968811,0.8758686780929565,18.0,0.0,,,,,,,,,,,,,,,,,,,,,,,,,,,,,,,,,,,,,,
1784058302.206,249497000,129,1,3,0,10.0,25.0,10.0,25.0,9.414327621459961,25.4998722076416,-0.4998713731765747,34.837371826171875,50.1784782409668,0.0,0.0,0.0,1.0,1.0,0.0,1.015661358833313,0.5856722593307495,18.0,0.0,,,,,,,,,,,,,,,,,,,,,,,,,,,,,,,,,,,,,,
1784058302.220,249512000,130,2,255,0,,,,,,,,,,,,,,,,,,,,0.0,0.0,0.0,0.0,3.0,2.450000047683716,0.0,0.0,0.020527517423033714,-0.004873869940638542,0.04004840925335884,1.0,0.0,0.0,0.0,0.0,0.0,0.0,0.0,,,,,,,,,,,,,,,,,,,
1784058302.239,249529000,131,3,254,0,,,,,,,,,,,,,,,,,,,,,,,,,,,,,,,,,,,,,,,1.0,1.0,1.0,1.0,1.0,1.0,4.0,0.0,-1.4253249168395996,0.13703157007694244,0.004025101661682129,-0.01616184413433075,0.0,0.0,0.1375293731689453,0.012835340574383736,-1.4212998151779175,0.1208697259426117,9.947529792785645
1784058302.362,249636000,136,1,0,0,10.0,25.0,10.0,25.0,9.26262378692627,25.333858489990234,-0.33385753631591797,33.71791076660156,43.906166076660156,0.0,0.0,0.0,1.0,1.0,0.0,-0.974032461643219,0.7373757362365723,18.0,0.0,,,,,,,,,,,,,,,,,,,,,,,,,,,,,,,,,,,,,,
1784058302.416,249662000,137,1,1,0,10.0,25.0,10.0,25.0,9.270550727844238,25.131410598754883,-0.1314103603363037,43.69495391845703,47.669551849365234,0.0,0.0,0.0,1.0,1.0,0.0,1.2831984758377075,0.7294490933418274,18.0,0.0,,,,,,,,,,,,,,,,,,,,,,,,,,,,,,,,,,,,,,
1784058302.417,249682000,138,1,2,0,10.0,25.0,10.0,25.0,9.122566223144531,24.97502899169922,0.024971365928649902,47.58482360839844,46.83324432373047,0.0,0.0,0.0,1.0,1.0,0.0,-1.3939005136489868,0.8774333000183105,18.0,0.0,,,,,,,,,,,,,,,,,,,,,,,,,,,,,,,,,,,,,,
1784058302.417,249695000,139,1,3,0,10.0,25.0,10.0,25.0,9.414810180664062,25.498802185058594,-0.49880146980285645,34.908348083496094,50.1784782409668,0.0,0.0,0.0,1.0,1.0,0.0,1.0180602073669434,0.5851894617080688,18.0,0.0,,,,,,,,,,,,,,,,,,,,,,,,,,,,,,,,,,,,,,
1784058302.417,249710000,140,2,255,0,,,,,,,,,,,,,,,,,,,,0.0,0.0,0.0,0.0,3.0,2.450000047683716,0.0,0.0,0.036240559071302414,-0.009898853488266468,0.04015056788921356,1.0,0.0,0.0,0.0,0.0,0.0,0.0,0.0,,,,,,,,,,,,,,,,,,,
1784058302.451,249726000,141,3,254,0,,,,,,,,,,,,,,,,,,,,,,,,,,,,,,,,,,,,,,,1.0,1.0,1.0,1.0,1.0,1.0,4.0,0.0,-1.4253249168395996,0.13703157007694244,0.04804730415344238,-0.0244753360748291,0.0,0.0,0.08119487762451172,0.006906578317284584,-1.3772776126861572,0.11255623400211334,9.891195297241211
1784058302.540,249838000,146,1,0,0,10.0,25.0,10.0,25.0,9.259448051452637,25.336301803588867,-0.336301326751709,33.816139221191406,43.906166076660156,0.0,0.0,0.0,1.0,1.0,0.0,-0.9773213267326355,0.740551233291626,18.0,0.0,,,,,,,,,,,,,,,,,,,,,,,,,,,,,,,,,,,,,,
1784058302.559,249858000,147,1,1,0,10.0,25.0,10.0,25.0,9.269455909729004,25.131351470947266,-0.13135075569152832,43.77281188964844,47.669551849365234,0.0,0.0,0.0,1.0,1.0,0.0,1.2854633331298828,0.7305436134338379,18.0,0.0,,,,,,,,,,,,,,,,,,,,,,,,,,,,,,,,,,,,,,
1784058302.560,249871000,148,1,2,0,10.0,25.0,10.0,25.0,9.120856285095215,24.977462768554688,0.022536516189575195,47.36925506591797,46.83324432373047,0.0,0.0,0.0,1.0,1.0,0.0,-1.3868821859359741,0.8791431784629822,18.0,0.0,,,,,,,,,,,,,,,,,,,,,,,,,,,,,,,,,,,,,,
1784058302.595,249886000,149,1,3,0,10.0,25.0,10.0,25.0,9.413034439086914,25.499835968017578,-0.4998356103897095,34.925960540771484,50.1784782409668,0.0,0.0,0.0,1.0,1.0,0.0,1.0186686515808105,0.5869649648666382,18.0,0.0,,,,,,,,,,,,,,,,,,,,,,,,,,,,,,,,,,,,,,
1784058302.620,249903000,150,2,255,0,,,,,,,,,,,,,,,,,,,,0.0,0.0,0.0,0.0,3.0,2.450000047683716,0.0,0.0,0.030537188053131104,-0.017787227407097816,0.040106989443302155,1.0,0.0,0.0,0.0,0.0,0.0,0.0,0.0,,,,,,,,,,,,,,,,,,,
1784058302.643,249921000,151,3,254,0,,,,,,,,,,,,,,,,,,,,,,,,,,,,,,,,,,,,,,,1.0,1.0,1.0,1.0,1.0,1.0,4.0,0.0,-1.4253249168395996,0.13703157007694244,0.05697917938232422,-0.025770045816898346,0.0,0.0,0.04984760284423828,0.013386046513915062,-1.3683457374572754,0.1112615242600441,9.859848022460938
1784058302.746,250038000,156,1,0,0,10.0,25.0,10.0,25.0,9.259313583374023,25.335451126098633,-0.33545196056365967,33.909446716308594,43.906166076660156,0.0,0.0,0.0,1.0,1.0,0.0,-0.980339765548706,0.7406860589981079,18.0,0.0,,,,,,,,,,,,,,,,,,,,,,,,,,,,,,,,,,,,,,
1784058302.758,250051000,157,1,1,0,10.0,25.0,10.0,25.0,9.269271850585938,25.13184928894043,-0.13184845447540283,43.57002639770508,47.669551849365234,0.0,0.0,0.0,1.0,1.0,0.0,1.2788804769515991,0.7307276129722595,18.0,0.0,,,,,,,,,,,,,,,,,,,,,,,,,,,,,,,,,,,,,,
1784058302.775,250066000,158,1,2,0,10.0,25.0,10.0,25.0,9.120182991027832,24.977333068847656,0.022667646408081055,47.637393951416016,46.83324432373047,0.0,0.0,0.0,1.0,1.0,0.0,-1.395754098892212,0.8798167109489441,18.0,0.0,,,,,,,,,,,,,,,,,,,,,,,,,,,,,,,,,,,,,,
1784058302.791,250083000,159,1,3,0,10.0,25.0,10.0,25.0,9.412308692932129,25.500154495239258,-0.5001544952392578,34.91333770751953,50.1784782409668,0.0,0.0,0.0,1.0,1.0,0.0,1.0179624557495117,0.5876905918121338,18.0,0.0,,,,,,,,,,,,,,,,,,,,,,,,,,,,,,,,,,,,,,
1784058302.811,250102000,160,2,255,0,,,,,,,,,,,,,,,,,,,,0.0,0.0,0.0,0.0,3.0,2.450000047683716,0.0,0.0,0.020673366263508797,-0.025513451546430588,0.04007473215460777,1.0,0.0,0.0,0.0,0.0,0.0,0.0,0.0,,,,,,,,,,,,,,,,,,,
1784058302.833,250122000,161,3,254,0,,,,,,,,,,,,,,,,,,,,,,,,,,,,,,,,,,,,,,,1.0,1.0,1.0,1.0,1.0,1.0,4.0,0.0,-1.4253249168395996,0.13703157007694244,0.03330087661743164,-0.02918057143688202,0.0,0.0,0.036536216735839844,0.010271800681948662,-1.392024040222168,0.10785099864006042,9.846536636352539
1784058302.941,250234000,166,1,0,0,10.0,25.0,10.0,25.0,9.258573532104492,25.335681915283203,-0.3356814384460449,33.7998046875,43.906166076660156,0.0,0.0,0.0,1.0,1.0,0.0,-0.9764944314956665,0.7414258718490601,18.0,0.0,,,,,,,,,,,,,,,,,,,,,,,,,,,,,,,,,,,,,,
1784058302.985,250253000,167,1,1,0,10.0,25.0,10.0,25.0,9.268986701965332,25.132423400878906,-0.13242363929748535,43.49916458129883,47.669551849365234,0.0,0.0,0.0,1.0,1.0,0.0,1.2764873504638672,0.7310129404067993,18.0,0.0,,,,,,,,,,,,,,,,,,,,,,,,,,,,,,,,,,,,,,
1784058302.985,250273000,168,1,2,0,10.0,25.0,10.0,25.0,9.120847702026367,24.97609519958496,0.02390444278717041,47.46998977661133,46.83324432373047,0.0,0.0,0.0,1.0,1.0,0.0,-1.3902533054351807,0.8791513442993164,18.0,0.0,,,,,,,,,,,,,,,,,,,,,,,,,,,,,,,,,,,,,,
1784058303.009,250295000,169,1,3,0,10.0,25.0,10.0,25.0,9.412239074707031,25.50017547607422,-0.5001753568649292,34.86766815185547,50.1784782409668,0.0,0.0,0.0,1.0,1.0,0.0,1.0165486335754395,0.5877599120140076,18.0,0.0,,,,,,,,,,,,,,,,,,,,,,,,,,,,,,,,,,,,,,
1784058303.051,250319000,170,2,255,0,,,,,,,,,,,,,,,,,,,,0.0,0.0,0.0,0.0,3.0,2.450000047683716,0.0,0.0,0.023116687312722206,-0.026063736528158188,0.04007798433303833,1.0,0.0,0.0,0.0,0.0,0.0,0.0,0.0,,,,,,,,,,,,,,,,,,,
1784058303.078,250345000,171,3,254,0,,,,,,,,,,,,,,,,,,,,,,,,,,,,,,,,,,,,,,,1.0,1.0,1.0,1.0,1.0,1.0,4.0,0.0,-1.4253249168395996,0.13703157007694244,0.03232443332672119,-0.013894982635974884,0.0,0.0,0.1008462905883789,0.007386117707937956,-1.3930004835128784,0.12313658744096756,9.910846710205078
1784058303.148,250431000,176,1,0,0,10.0,25.0,10.0,25.0,9.260175704956055,25.335124969482422,-0.335124135017395,33.626800537109375,43.906166076660156,0.0,0.0,0.0,1.0,1.0,0.0,-0.9707298278808594,0.7398232817649841,18.0,0.0,,,,,,,,,,,,,,,,,,,,,,,,,,,,,,,,,,,,,,
1784058303.179,250452000,177,1,1,0,10.0,25.0,10.0,25.0,9.269181251525879,25.13192367553711,-0.13192296028137207,43.7880744934082,47.669551849365234,0.0,0.0,0.0,1.0,1.0,0.0,1.2859628200531006,0.7308177947998047,18.0,0.0,,,,,,,,,,,,,,,,,,,,,,,,,,,,,,,,,,,,,,
1784058303.196,250474000,178,1,2,0,10.0,25.0,10.0,25.0,9.119011878967285,24.977333068847656,0.022667646408081055,47.64409255981445,46.83324432373047,0.0,0.0,0.0,1.0,1.0,0.0,-1.3954112529754639,0.8809879422187805,18.0,0.0,,,,,,,,,,,,,,,,,,,,,,,,,,,,,,,,,,,,,,
1784058303.213,250499000,179,1,3,0,10.0,25.0,10.0,25.0,9.411808967590332,25.499916076660156,-0.49991607666015625,34.940589904785156,50.1784782409668,0.0,0.0,0.0,1.0,1.0,0.0,1.018532633781433,0.5881905555725098,18.0,0.0,,,,,,,,,,,,,,,,,,,,,,,,,,,,,,,,,,,,,,
1784058303.220,250525000,180,2,255,0,,,,,,,,,,,,,,,,,,,,0.0,0.0,0.0,0.0,3.0,2.450000047683716,0.0,0.0,0.021926922723650932,-0.020820574834942818,0.04005522280931473,1.0,0.0,0.0,0.0,0.0,0.0,0.0,0.0,,,,,,,,,,,,,,,,,,,
1784058303.249,250547000,181,3,254,0,,,,,,,,,,,,,,,,,,,,,,,,,,,,,,,,,,,,,,,1.0,1.0,1.0,1.0,1.0,1.0,4.0,0.0,-1.4253249168395996,0.13703157007694244,0.013737797737121582,-0.005051523447036743,0.0,0.0,0.07946968078613281,0.008123977109789848,-1.411587119102478,0.1319800466299057,9.889470100402832
1784058303.350,250635000,186,1,0,0,10.0,25.0,10.0,25.0,9.262417793273926,25.334274291992188,-0.3342747688293457,33.75232696533203,43.906166076660156,0.0,0.0,0.0,1.0,1.0,0.0,-0.9751158952713013,0.7375813722610474,18.0,0.0,,,,,,,,,,,,,,,,,,,,,,,,,,,,,,,,,,,,,,
1784058303.372,250657000,187,1,1,0,10.0,25.0,10.0,25.0,9.269515037536621,25.131242752075195,-0.13124346733093262,43.6356086730957,47.669551849365234,0.0,0.0,0.0,1.0,1.0,0.0,1.2812025547027588,0.7304840087890625,18.0,0.0,,,,,,,,,,,,,,,,,,,,,,,,,,,,,,,,,,,,,,
1784058303.411,250682000,188,1,2,0,10.0,25.0,10.0,25.0,9.121463775634766,24.975866317749023,0.024133920669555664,47.66455841064453,46.83324432373047,0.0,0.0,0.0,1.0,1.0,0.0,-1.3965418338775635,0.8785352110862732,18.0,0.0,,,,,,,,,,,,,,,,,,,,,,,,,,,,,,,,,,,,,,
1784058303.458,250710000,189,1,3,0,10.0,25.0,10.0,25.0,9.413235664367676,25.49942970275879,-0.4994302988052368,34.98780822753906,50.1784782409668,0.0,0.0,0.0,1.0,1.0,0.0,1.0205942392349243,0.5867637395858765,18.0,0.0,,,,,,,,,,,,,,,,,,,,,,,,,,,,,,,,,,,,,,
1784058303.530,250731000,190,2,255,0,,,,,,,,,,,,,,,,,,,,0.0,0.0,0.0,0.0,3.0,2.450000047683716,0.0,0.0,0.00863220077008009,-0.019599398598074913,0.040044136345386505,1.0,0.0,0.0,0.0,0.0,0.0,0.0,0.0,,,,,,,,,,,,,,,,,,,
1784058303.531,250745000,191,3,254,0,,,,,,,,,,,,,,,,,,,,,,,,,,,,,,,,,,,,,,,1.0,1.0,1.0,1.0,1.0,1.0,4.0,0.0,-1.4253249168395996,0.13703157007694244,-0.030437588691711426,-0.0036406219005584717,0.0,0.0,0.1079263687133789,0.0040647839196026325,-1.455762505531311,0.13339094817638397,9.917926788330078
1784058303.582,250844000,196,1,0,0,10.0,25.0,10.0,25.0,9.262825012207031,25.334592819213867,-0.33459365367889404,33.69438171386719,43.906166076660156,0.0,0.0,0.0,1.0,1.0,0.0,-0.9734925031661987,0.7371746301651001,18.0,0.0,,,,,,,,,,,,,,,,,,,,,,,,,,,,,,,,,,,,,,
1784058303.583,250869000,197,1,1,0,10.0,25.0,10.0,25.0,9.270570755004883,25.131357192993164,-0.13135671615600586,43.694644927978516,47.669551849365234,0.0,0.0,0.0,1.0,1.0,0.0,1.283302903175354,0.7294290065765381,18.0,0.0,,,,,,,,,,,,,,,,,,,,,,,,,,,,,,,,,,,,,,
1784058303.597,250896000,198,1,2,0,10.0,25.0,10.0,25.0,9.12263011932373,24.97500228881836,0.024998188018798828,47.86308670043945,46.83324432373047,0.0,0.0,0.0,1.0,1.0,0.0,-1.4029701948165894,0.8773691654205322,18.0,0.0,,,,,,,,,,,,,,,,,,,,,,,,,,,,,,,,,,,,,,
1784058303.613,250916000,199,1,3,0,10.0,25.0,10.0,25.0,9.41278076171875,25.50044059753418,-0.5004405975341797,34.820106506347656,50.1784782409668,0.0,0.0,0.0,1.0,1.0,0.0,1.0150307416915894,0.5872182846069336,18.0,0.0,,,,,,,,,,,,,,,,,,,,,,,,,,,,,,,,,,,,,,
1784058303.628,250926000,200,2,255,0,,,,,,,,,,,,,,,,,,,,0.0,0.0,0.0,0.0,3.0,2.450000047683716,0.0,0.0,0.002067675581201911,-0.021495357155799866,0.040053073316812515,1.0,0.0,0.0,0.0,0.0,0.0,0.0,0.0,,,,,,,,,,,,,,,,,,,
1784058303.650,250938000,201,3,254,0,,,,,,,,,,,,,,,,,,,,,,,,,,,,,,,,,,,,,,,1.0,1.0,1.0,1.0,1.0,1.0,4.0,0.0,-1.4253249168395996,0.13703157007694244,-0.023388266563415527,-0.03003334254026413,0.0,0.0,0.020879745483398438,0.005229330155998468,-1.4487131834030151,0.10699822753667831,9.7891206741333
1784058303.735,251020000,206,1,0,0,10.0,25.0,10.0,25.0,9.261361122131348,25.33513069152832,-0.33513009548187256,33.60011291503906,43.906166076660156,0.0,0.0,0.0,1.0,1.0,0.0,-0.9704515337944031,0.7386386394500732,18.0,0.0,,,,,,,,,,,,,,,,,,,,,,,,,,,,,,,,,,,,,,
1784058303.759,251040000,207,1,1,0,10.0,25.0,10.0,25.0,9.269225120544434,25.131813049316406,-0.1318126916885376,43.659767150878906,47.669551849365234,0.0,0.0,0.0,1.0,1.0,0.0,1.2815651893615723,0.7307745218276978,18.0,0.0,,,,,,,,,,,,,,,,,,,,,,,,,,,,,,,,,,,,,,
1784058303.782,251062000,208,1,2,0,10.0,25.0,10.0,25.0,9.121831893920898,24.976640701293945,0.023359060287475586,47.572994232177734,46.83324432373047,0.0,0.0,0.0,1.0,1.0,0.0,-1.3935688734054565,0.8781671524047852,18.0,0.0,,,,,,,,,,,,,,,,,,,,,,,,,,,,,,,,,,,,,,
1784058303.801,251088000,209,1,3,0,10.0,25.0,10.0,25.0,9.413813591003418,25.499549865722656,-0.4995495080947876,34.941837310791016,50.1784782409668,0.0,0.0,0.0,1.0,1.0,0.0,1.0191317796707153,0.5861855745315552,18.0,0.0,,,,,,,,,,,,,,,,,,,,,,,,,,,,,,,,,,,,,,
1784058303.844,251114000,210,2,255,0,,,,,,,,,,,,,,,,,,,,0.0,0.0,0.0,0.0,3.0,2.450000047683716,0.0,0.0,0.014778497628867626,-0.014408484101295471,0.04002511128783226,1.0,0.0,0.0,0.0,0.0,0.0,0.0,0.0,,,,,,,,,,,,,,,,,,,
1784058303.867,251141000,211,3,254,0,,,,,,,,,,,,,,,,,,,,,,,,,,,,,,,,,,,,,,,1.0,1.0,1.0,1.0,1.0,1.0,4.0,0.0,-1.4253249168395996,0.13703157007694244,0.01745915412902832,-0.009688466787338257,0.0,0.0,0.021508216857910156,0.009899860247969627,-1.4078657627105713,0.1273431032896042,9.83150863647461
1784058303.932,251225000,216,1,0,0,10.0,25.0,10.0,25.0,9.260517120361328,25.335437774658203,-0.3354370594024658,33.724159240722656,43.906166076660156,0.0,0.0,0.0,1.0,1.0,0.0,-0.9745008945465088,0.739482045173645,18.0,0.0,,,,,,,,,,,,,,,,,,,,,,,,,,,,,,,,,,,,,,
1784058303.955,251245000,217,1,1,0,10.0,25.0,10.0,25.0,9.271158218383789,25.13028907775879,-0.13028979301452637,43.89872360229492,47.669551849365234,0.0,0.0,0.0,1.0,1.0,0.0,1.2898005247116089,0.7288411259651184,18.0,0.0,,,,,,,,,,,,,,,,,,,,,,,,,,,,,,,,,,,,,,
1784058303.982,251268000,218,1,2,0,10.0,25.0,10.0,25.0,9.122238159179688,24.975669860839844,0.024330615997314453,47.65116500854492,46.83324432373047,0.0,0.0,0.0,1.0,1.0,0.0,-1.3958911895751953,0.8777611255645752,18.0,0.0,,,,,,,,,,,,,,,,,,,,,,,,,,,,,,,,,,,,,,
1784058304.022,251293000,219,1,3,0,10.0,25.0,10.0,25.0,9.413189888000488,25.499778747558594,-0.49977898597717285,34.85049057006836,50.1784782409668,0.0,0.0,0.0,1.0,1.0,0.0,1.0163068771362305,0.5868092179298401,18.0,0.0,,,,,,,,,,,,,,,,,,,,,,,,,,,,,,,,,,,,,,
1784058304.022,251321000,220,2,255,0,,,,,,,,,,,,,,,,,,,,0.0,0.0,0.0,0.0,3.0,2.450000047683716,0.0,0.0,0.028091179206967354,-0.005643772426992655,0.040090564638376236,1.0,0.0,0.0,0.0,0.0,0.0,0.0,0.0,,,,,,,,,,,,,,,,,,,
1784058304.043,251342000,221,3,254,0,,,,,,,,,,,,,,,,,,,,,,,,,,,,,,,,,,,,,,,1.0,1.0,1.0,1.0,1.0,1.0,4.0,0.0,-1.4253249168395996,0.13703157007694244,0.05198848247528076,-0.022547610104084015,0.0,0.0,0.015974998474121094,0.009198480285704136,-1.3733364343643188,0.11448395997285843,9.82597541809082
1784058304.133,251424000,226,1,0,0,10.0,25.0,10.0,25.0,9.260318756103516,25.33460807800293,-0.3346085548400879,33.63536834716797,43.906166076660156,0.0,0.0,0.0,1.0,1.0,0.0,-0.971248984336853,0.7396802306175232,18.0,0.0,,,,,,,,,,,,,,,,,,,,,,,,,,,,,,,,,,,,,,
1784058304.167,251445000,227,1,1,0,10.0,25.0,10.0,25.0,9.269957542419434,25.131591796875,-0.13159215450286865,43.64187240600586,47.669551849365234,0.0,0.0,0.0,1.0,1.0,0.0,1.2814658880233765,0.7300421595573425,18.0,0.0,,,,,,,,,,,,,,,,,,,,,,,,,,,,,,,,,,,,,,
1784058304.188,251468000,228,1,2,0,10.0,25.0,10.0,25.0,9.122298240661621,24.97555923461914,0.024440884590148926,47.529205322265625,46.83324432373047,0.0,0.0,0.0,1.0,1.0,0.0,-1.391821265220642,0.8777015209197998,18.0,0.0,,,,,,,,,,,,,,,,,,,,,,,,,,,,,,,,,,,,,,
1784058304.209,251494000,229,1,3,0,10.0,25.0,10.0,25.0,9.414013862609863,25.499135971069336,-0.49913525581359863,35.04149627685547,50.1784782409668,0.0,0.0,0.0,1.0,1.0,0.0,1.0223214626312256,0.5859851837158203,18.0,0.0,,,,,,,,,,,,,,,,,,,,,,,,,,,,,,,,,,,,,,
1784058304.217,251522000,230,2,255,0,,,,,,,,,,,,,,,,,,,,0.0,0.0,0.0,0.0,3.0,2.450000047683716,0.0,0.0,0.035718683153390884,-0.0036933748051524162,0.040146272629499435,1.0,0.0,0.0,0.0,0.0,0.0,0.0,0.0,,,,,,,,,,,,,,,,,,,
1784058304.262,251543000,231,3,254,0,,,,,,,,,,,,,,,,,,,,,,,,,,,,,,,,,,,,,,,1.0,1.0,1.0,1.0,1.0,1.0,4.0,0.0,-1.4253249168395996,0.13703157007694244,0.07035160064697266,-0.028886623680591583,0.0,0.0,0.04953479766845703,0.012793714180588722,-1.354973316192627,0.10814494639635086,9.859535217285156
1784058304.346,251630000,236,1,0,0,10.0,25.0,10.0,25.0,9.258820533752441,25.3351993560791,-0.33519864082336426,33.766685485839844,43.906166076660156,0.0,0.0,0.0,1.0,1.0,0.0,-0.9754003882408142,0.7411785125732422,18.0,0.0,,,,,,,,,,,,,,,,,,,,,,,,,,,,,,,,,,,,,,
1784058304.369,251653000,237,1,1,0,10.0,25.0,10.0,25.0,9.269309043884277,25.132774353027344,-0.13277530670166016,43.71676254272461,47.669551849365234,0.0,0.0,0.0,1.0,1.0,0.0,1.2839781045913696,0.7306903600692749,18.0,0.0,,,,,,,,,,,,,,,,,,,,,,,,,,,,,,,,,,,,,,
1784058304.393,251677000,238,1,2,0,10.0,25.0,10.0,25.0,9.12153148651123,24.97584342956543,0.024156272411346436,47.567195892333984,46.83324432373047,0.0,0.0,0.0,1.0,1.0,0.0,-1.3930566310882568,0.8784681558609009,18.0,0.0,,,,,,,,,,,,,,,,,,,,,,,,,,,,,,,,,,,,,,
1784058304.402,251704000,239,1,3,0,10.0,25.0,10.0,25.0,9.413771629333496,25.49825096130371,-0.4982501268386841,35.15836715698242,50.1784782409668,0.0,0.0,0.0,1.0,1.0,0.0,1.025881290435791,0.586227297782898,18.0,0.0,,,,,,,,,,,,,,,,,,,,,,,,,,,,,,,,,,,,,,
1784058304.426,251725000,240,2,255,0,,,,,,,,,,,,,,,,,,,,0.0,0.0,0.0,0.0,3.0,2.450000047683716,0.0,0.0,0.04100649431347847,-0.005562284961342812,0.040192652493715286,1.0,0.0,0.0,0.0,0.0,0.0,0.0,0.0,,,,,,,,,,,,,,,,,,,
1784058304.444,251737000,241,3,254,0,,,,,,,,,,,,,,,,,,,,,,,,,,,,,,,,,,,,,,,1.0,1.0,1.0,1.0,1.0,1.0,4.0,0.0,-1.4253249168395996,0.13703157007694244,0.08209967613220215,2.3618340492248535e-05,0.0,0.0,0.13599777221679688,0.004145259968936443,-1.3432252407073975,0.1370551884174347,9.945998191833496
1784058304.550,251830000,246,1,0,0,10.0,25.0,10.0,25.0,9.260318756103516,25.33460807800293,-0.3346085548400879,33.79018783569336,43.906166076660156,0.0,0.0,0.0,1.0,1.0,0.0,-0.9759911298751831,0.7396802306175232,18.0,0.0,,,,,,,,,,,,,,,,,,,,,,,,,,,,,,,,,,,,,,
1784058304.625,251854000,247,1,1,0,10.0,25.0,10.0,25.0,9.269590377807617,25.132205963134766,-0.13220608234405518,43.749244689941406,47.669551849365234,0.0,0.0,0.0,1.0,1.0,0.0,1.285201907157898,0.7304095029830933,18.0,0.0,,,,,,,,,,,,,,,,,,,,,,,,,,,,,,,,,,,,,,
1784058304.626,251881000,248,1,2,0,10.0,25.0,10.0,25.0,9.120229721069336,24.977222442626953,0.022777915000915527,47.56200408935547,46.83324432373047,0.0,0.0,0.0,1.0,1.0,0.0,-1.392999291419983,0.8797698020935059,18.0,0.0,,,,,,,,,,,,,,,,,,,,,,,,,,,,,,,,,,,,,,
1784058304.628,251902000,249,1,3,0,10.0,25.0,10.0,25.0,9.412761688232422,25.499040603637695,-0.499039888381958,34.93550109863281,50.1784782409668,0.0,0.0,0.0,1.0,1.0,0.0,1.0188170671463013,0.5872375965118408,18.0,0.0,,,,,,,,,,,,,,,,,,,,,,,,,,,,,,,,,,,,,,
1784058304.630,251915000,250,2,255,0,,,,,,,,,,,,,,,,,,,,0.0,0.0,0.0,0.0,3.0,2.450000047683716,0.0,0.0,0.04381295293569565,-0.0021566073410212994,0.04021984338760376,1.0,0.0,0.0,0.0,0.0,0.0,0.0,0.0,,,,,,,,,,,,,,,,,,,
1784058304.637,251930000,251,3,254,0,,,,,,,,,,,,,,,,,,,,,,,,,,,,,,,,,,,,,,,1.0,1.0,1.0,1.0,1.0,1.0,4.0,0.0,-1.4253249168395996,0.13703157007694244,0.046661376953125,0.00482630729675293,0.0,0.0,0.09238052368164062,0.005526031367480755,-1.3786635398864746,0.14185787737369537,9.90238094329834
1784058304.743,252030000,0,1,0,0,10.0,25.0,10.0,25.0,9.261759757995605,25.33446502685547,-0.33446550369262695,33.72117614746094,43.906166076660156,0.0,0.0,0.0,1.0,1.0,0.0,-0.9742611050605774,0.7382400035858154,18.0,0.0,,,,,,,,,,,,,,,,,,,,,,,,,,,,,,,,,,,,,,
1784058304.753,252056000,1,1,1,0,10.0,25.0,10.0,25.0,9.27054214477539,25.13141632080078,-0.13141632080078125,43.7528076171875,47.669551849365234,0.0,0.0,0.0,1.0,1.0,0.0,1.2850885391235352,0.7294572591781616,18.0,0.0,,,,,,,,,,,,,,,,,,,,,,,,,,,,,,,,,,,,,,
1784058304.778,252076000,2,1,2,0,10.0,25.0,10.0,25.0,9.121095657348633,24.975482940673828,0.02451688051223755,47.62823486328125,46.83324432373047,0.0,0.0,0.0,1.0,1.0,0.0,-1.3952370882034302,0.8789032697677612,18.0,0.0,,,,,,,,,,,,,,,,,,,,,,,,,,,,,,,,,,,,,,
1784058304.792,252090000,3,1,3,0,10.0,25.0,10.0,25.0,9.412737846374512,25.50041961669922,-0.5004197359085083,34.872520446777344,50.1784782409668,0.0,0.0,0.0,1.0,1.0,0.0,1.0168812274932861,0.587261438369751,18.0,0.0,,,,,,,,,,,,,,,,,,,,,,,,,,,,,,,,,,,,,,
1784058304.809,252104000,4,2,255,0,,,,,,,,,,,,,,,,,,,,0.0,0.0,0.0,0.0,3.0,2.450000047683716,0.0,0.0,0.04909467697143555,-0.011334472335875034,0.04027584567666054,1.0,0.0,0.0,0.0,0.0,0.0,0.0,0.0,,,,,,,,,,,,,,,,,,,
1784058304.825,252119000,5,3,254,0,,,,,,,,,,,,,,,,,,,,,,,,,,,,,,,,,,,,,,,1.0,1.0,1.0,1.0,1.0,1.0,4.0,0.0,-1.4253249168395996,0.13703157007694244,0.02075028419494629,-0.005817428231239319,0.0,0.0,0.05024147033691406,0.004797876346856356,-1.4045746326446533,0.13121414184570312,9.759758949279785
1784058304.938,252223000,10,1,0,0,10.0,25.0,10.0,25.0,9.264259338378906,25.3331241607666,-0.33312439918518066,33.58253479003906,43.906166076660156,0.0,0.0,0.0,1.0,1.0,0.0,-0.969855546951294,0.7357395887374878,18.0,0.0,,,,,,,,,,,,,,,,,,,,,,,,,,,,,,,,,,,,,,
1784058304.938,252249000,11,1,1,0,10.0,25.0,10.0,25.0,9.269365310668945,25.131759643554688,-0.13175904750823975,43.364437103271484,47.669551849365234,0.0,0.0,0.0,1.0,1.0,0.0,1.271840214729309,0.7306337356567383,18.0,0.0,,,,,,,,,,,,,,,,,,,,,,,,,,,,,,,,,,,,,,
1784058304.977,252270000,12,1,2,0,10.0,25.0,10.0,25.0,9.122662544250488,24.974946975708008,0.025053322315216064,47.637420654296875,46.83324432373047,0.0,0.0,0.0,1.0,1.0,0.0,-1.3954896926879883,0.8773363828659058,18.0,0.0,,,,,,,,,,,,,,,,,,,,,,,,,,,,,,,,,,,,,,
1784058304.986,252283000,13,1,3,0,10.0,25.0,10.0,25.0,9.414521217346191,25.499380111694336,-0.49937963485717773,34.98273468017578,50.1784782409668,0.0,0.0,0.0,1.0,1.0,0.0,1.0205503702163696,0.5854778289794922,18.0,0.0,,,,,,,,,,,,,,,,,,,,,,,,,,,,,,,,,,,,,,
1784058305.002,252298000,14,2,255,0,,,,,,,,,,,,,,,,,,,,0.0,0.0,0.0,0.0,3.0,2.450000047683716,0.0,0.0,0.05350520834326744,-0.023633074015378952,0.040327440947294235,1.0,0.0,0.0,0.0,0.0,0.0,0.0,0.0,,,,,,,,,,,,,,,,,,,
1784058305.022,252315000,15,3,254,0,,,,,,,,,,,,,,,,,,,,,,,,,,,,,,,,,,,,,,,1.0,1.0,1.0,1.0,1.0,1.0,4.0,0.0,-1.4253249168395996,0.13703157007694244,0.026230692863464355,-0.04487641900777817,0.0,0.0,0.10709381103515625,0.008782625198364258,-1.3990942239761353,0.09215515106916428,9.917094230651855
1784058305.120,252424000,20,1,0,0,10.0,25.0,10.0,25.0,9.261619567871094,25.334606170654297,-0.3346055746078491,33.71180725097656,43.906166076660156,0.0,0.0,0.0,1.0,1.0,0.0,-0.9738925099372864,0.7383800745010376,18.0,0.0,,,,,,,,,,,,,,,,,,,,,,,,,,,,,,,,,,,,,,
1784058305.144,252444000,21,1,1,0,10.0,25.0,10.0,25.0,9.269225120544434,25.131813049316406,-0.1318126916885376,43.598453521728516,47.669551849365234,0.0,0.0,0.0,1.0,1.0,0.0,1.2799831628799438,0.7307745218276978,18.0,0.0,,,,,,,,,,,,,,,,,,,,,,,,,,,,,,,,,,,,,,
1784058305.166,252456000,22,1,2,0,10.0,25.0,10.0,25.0,9.123052597045898,24.975282669067383,0.024716556072235107,47.58893966674805,46.83324432373047,0.0,0.0,0.0,1.0,1.0,0.0,-1.3942174911499023,0.876946747303009,18.0,0.0,,,,,,,,,,,,,,,,,,,,,,,,,,,,,,,,,,,,,,
1784058305.177,252470000,23,1,3,0,10.0,25.0,10.0,25.0,9.413446426391602,25.50014877319336,-0.5001485347747803,34.84234619140625,50.1784782409668,0.0,0.0,0.0,1.0,1.0,0.0,1.0160075426101685,0.5865529179573059,18.0,0.0,,,,,,,,,,,,,,,,,,,,,,,,,,,,,,,,,,,,,,
1784058305.205,252486000,24,2,255,0,,,,,,,,,,,,,,,,,,,,0.0,0.0,0.0,0.0,3.0,2.450000047683716,0.0,0.0,0.04078729450702667,-0.02790888398885727,0.04019060358405113,1.0,0.0,0.0,0.0,0.0,0.0,0.0,0.0,,,,,,,,,,,,,,,,,,,
1784058305.216,252505000,25,3,254,0,,,,,,,,,,,,,,,,,,,,,,,,,,,,,,,,,,,,,,,1.0,1.0,1.0,1.0,1.0,1.0,4.0,0.0,-1.4253249168395996,0.13703157007694244,0.02142798900604248,-0.03544718772172928,0.0,0.0,0.0013179779052734375,0.01099742017686367,-1.4038969278335571,0.10158438235521317,9.811318397521973
1784058305.310,252622000,30,1,0,0,10.0,25.0,10.0,25.0,9.25885009765625,25.336515426635742,-0.3365159034729004,33.618873596191406,43.906166076660156,0.0,0.0,0.0,1.0,1.0,0.0,-0.9706554412841797,0.7411494851112366,18.0,0.0,,,,,,,,,,,,,,,,,,,,,,,,,,,,,,,,,,,,,,
1784058305.346,252642000,31,1,1,0,10.0,25.0,10.0,25.0,9.270173072814941,25.13103485107422,-0.13103485107421875,43.64384078979492,47.669551849365234,0.0,0.0,0.0,1.0,1.0,0.0,1.2814784049987793,0.7298260927200317,18.0,0.0,,,,,,,,,,,,,,,,,,,,,,,,,,,,,,,,,,,,,,
1784058305.359,252655000,32,1,2,0,10.0,25.0,10.0,25.0,9.122823715209961,24.974504470825195,0.02549588680267334,47.65782928466797,46.83324432373047,0.0,0.0,0.0,1.0,1.0,0.0,-1.396414875984192,0.8771754503250122,18.0,0.0,,,,,,,,,,,,,,,,,,,,,,,,,,,,,,,,,,,,,,
1784058305.380,252670000,33,1,3,0,10.0,25.0,10.0,25.0,9.414010047912598,25.499052047729492,-0.4990518093109131,34.985633850097656,50.1784782409668,0.0,0.0,0.0,1.0,1.0,0.0,1.0206149816513062,0.5859888792037964,18.0,0.0,,,,,,,,,,,,,,,,,,,,,,,,,,,,,,,,,,,,,,
1784058305.395,252687000,34,2,255,0,,,,,,,,,,,,,,,,,,,,0.0,0.0,0.0,0.0,3.0,2.450000047683716,0.0,0.0,0.02971406653523445,-0.01642647385597229,0.040101308375597,1.0,0.0,0.0,0.0,0.0,0.0,0.0,0.0,,,,,,,,,,,,,,,,,,,
1784058305.423,252706000,35,3,254,0,,,,,,,,,,,,,,,,,,,,,,,,,,,,,,,,,,,,,,,1.0,1.0,1.0,1.0,1.0,1.0,4.0,0.0,-1.4253249168395996,0.13703157007694244,0.04811441898345947,-0.022002175450325012,0.0,0.0,0.09345626831054688,0.0052069444209337234,-1.3772104978561401,0.11502939462661743,9.903456687927246
1784058305.523,252821000,40,1,0,0,10.0,25.0,10.0,25.0,9.260505676269531,25.33544921875,-0.3354489803314209,33.732879638671875,43.906166076660156,0.0,0.0,0.0,1.0,1.0,0.0,-0.9747556447982788,0.7394939661026001,18.0,0.0,,,,,,,,,,,,,,,,,,,,,,,,,,,,,,,,,,,,,,
1784058305.539,252833000,41,1,1,0,10.0,25.0,10.0,25.0,9.270662307739258,25.131288528442383,-0.13128817081451416,43.59685516357422,47.669551849365234,0.0,0.0,0.0,1.0,1.0,0.0,1.2801837921142578,0.7293373346328735,18.0,0.0,,,,,,,,,,,,,,,,,,,,,,,,,,,,,,,,,,,,,,
1784058305.552,252848000,42,1,2,0,10.0,25.0,10.0,25.0,9.122071266174316,24.976119995117188,0.023880600929260254,47.486324310302734,46.83324432373047,0.0,0.0,0.0,1.0,1.0,0.0,-1.3908133506774902,0.8779280185699463,18.0,0.0,,,,,,,,,,,,,,,,,,,,,,,,,,,,,,,,,,,,,,
1784058305.578,252864000,43,1,3,0,10.0,25.0,10.0,25.0,9.41360092163086,25.498729705810547,-0.498729944229126,35.005855560302734,50.1784782409668,0.0,0.0,0.0,1.0,1.0,0.0,1.0215089321136475,0.586398720741272,18.0,0.0,,,,,,,,,,,,,,,,,,,,,,,,,,,,,,,,,,,,,,
1784058305.594,252883000,44,2,255,0,,,,,,,,,,,,,,,,,,,,0.0,0.0,0.0,0.0,3.0,2.450000047683716,0.0,0.0,0.008554533123970032,-0.012852177023887634,0.040018994361162186,1.0,0.0,0.0,0.0,0.0,0.0,0.0,0.0,,,,,,,,,,,,,,,,,,,
1784058305.623,252904000,45,3,254,0,,,,,,,,,,,,,,,,,,,,,,,,,,,,,,,,,,,,,,,1.0,1.0,1.0,1.0,1.0,1.0,4.0,0.0,-1.4253249168395996,0.13703157007694244,0.034998536109924316,-0.024775207042694092,0.0,0.0,0.22210979461669922,0.010276432149112225,-1.3903263807296753,0.11225636303424835,10.032110214233398
1784058305.721,253010000,50,1,0,0,10.0,25.0,10.0,25.0,9.258188247680664,25.335342407226562,-0.3353416919708252,33.61870193481445,43.906166076660156,0.0,0.0,0.0,1.0,1.0,0.0,-0.9704055190086365,0.7418110966682434,18.0,0.0,,,,,,,,,,,,,,,,,,,,,,,,,,,,,,,,,,,,,,
1784058305.730,253024000,51,1,1,0,10.0,25.0,10.0,25.0,9.269014358520508,25.132366180419922,-0.13236701488494873,43.54776382446289,47.669551849365234,0.0,0.0,0.0,1.0,1.0,0.0,1.2784490585327148,0.7309854030609131,18.0,0.0,,,,,,,,,,,,,,,,,,,,,,,,,,,,,,,,,,,,,,
1784058305.744,253040000,52,1,2,0,10.0,25.0,10.0,25.0,9.12052059173584,24.976634979248047,0.023365020751953125,47.45656967163086,46.83324432373047,0.0,0.0,0.0,1.0,1.0,0.0,-1.3897236585617065,0.879479169845581,18.0,0.0,,,,,,,,,,,,,,,,,,,,,,,,,,,,,,,,,,,,,,
1784058305.770,253057000,53,1,3,0,10.0,25.0,10.0,25.0,9.413302421569824,25.499313354492188,-0.4993140697479248,34.90413284301758,50.1784782409668,0.0,0.0,0.0,1.0,1.0,0.0,1.0175740718841553,0.5866967439651489,18.0,0.0,,,,,,,,,,,,,,,,,,,,,,,,,,,,,,,,,,,,,,
1784058305.797,253076000,54,2,255,0,,,,,,,,,,,,,,,,,,,,0.0,0.0,0.0,0.0,3.0,2.450000047683716,0.0,0.0,-0.0028969361446797848,-0.02143363654613495,0.04005277156829834,1.0,0.0,0.0,0.0,0.0,0.0,0.0,0.0,,,,,,,,,,,,,,,,,,,
1784058305.815,253098000,55,3,254,0,,,,,,,,,,,,,,,,,,,,,,,,,,,,,,,,,,,,,,,1.0,1.0,1.0,1.0,1.0,1.0,4.0,0.0,-1.4253249168395996,0.13703157007694244,0.011450886726379395,-0.006608203053474426,0.0,0.0,4.76837158203125e-06,0.00321975932456553,-1.4138740301132202,0.13042336702346802,9.810005187988281
1784058305.930,253196000,60,1,0,0,10.0,25.0,10.0,25.0,9.26142692565918,25.33377456665039,-0.3337740898132324,33.67955780029297,43.906166076660156,0.0,0.0,0.0,1.0,1.0,0.0,-0.9728708863258362,0.738572359085083,18.0,0.0,,,,,,,,,,,,,,,,,,,,,,,,,,,,,,,,,,,,,,
1784058305.931,253213000,61,1,1,0,10.0,25.0,10.0,25.0,9.269254684448242,25.131893157958984,-0.13189315795898438,43.5899543762207,47.669551849365234,0.0,0.0,0.0,1.0,1.0,0.0,1.2793395519256592,0.7307447195053101,18.0,0.0,,,,,,,,,,,,,,,,,,,,,,,,,,,,,,,,,,,,,,
1784058305.941,253230000,62,1,2,0,10.0,25.0,10.0,25.0,9.120104789733887,24.976360321044922,0.023639202117919922,47.440826416015625,46.83324432373047,0.0,0.0,0.0,1.0,1.0,0.0,-1.3894025087356567,0.8798949718475342,18.0,0.0,,,,,,,,,,,,,,,,,,,,,,,,,,,,,,,,,,,,,,
1784058305.970,253250000,63,1,3,0,10.0,25.0,10.0,25.0,9.412632942199707,25.500503540039062,-0.5005031824111938,34.950172424316406,50.1784782409668,0.0,0.0,0.0,1.0,1.0,0.0,1.0193300247192383,0.58736652135849,18.0,0.0,,,,,,,,,,,,,,,,,,,,,,,,,,,,,,,,,,,,,,
1784058305.982,253271000,64,2,255,0,,,,,,,,,,,,,,,,,,,,0.0,0.0,0.0,0.0,3.0,2.450000047683716,0.0,0.0,0.0037791465874761343,-0.020724615082144737,0.040049340575933456,1.0,0.0,0.0,0.0,0.0,0.0,0.0,0.0,,,,,,,,,,,,,,,,,,,
1784058306.007,253295000,65,3,254,0,,,,,,,,,,,,,,,,,,,,,,,,,,,,,,,,,,,,,,,1.0,1.0,1.0,1.0,1.0,1.0,4.0,0.0,-1.4253249168395996,0.13703157007694244,-0.0165785551071167,0.004544079303741455,0.0,0.0,0.15697479248046875,0.008258026093244553,-1.4419034719467163,0.1415756493806839,9.65302562713623
1784058306.099,253394000,70,1,0,0,10.0,25.0,10.0,25.0,9.26077651977539,25.336280822753906,-0.3362804651260376,33.77960968017578,43.906166076660156,0.0,0.0,0.0,1.0,1.0,0.0,-0.9763950705528259,0.7392227649688721,18.0,0.0,,,,,,,,,,,,,,,,,,,,,,,,,,,,,,,,,,,,,,
1784058306.121,253411000,71,1,1,0,10.0,25.0,10.0,25.0,9.270644187927246,25.131336212158203,-0.13133585453033447,43.69552993774414,47.669551849365234,0.0,0.0,0.0,1.0,1.0,0.0,1.283470869064331,0.7293552160263062,18.0,0.0,,,,,,,,,,,,,,,,,,,,,,,,,,,,,,,,,,,,,,
1784058306.144,253429000,72,1,2,0,10.0,25.0,10.0,25.0,9.122122764587402,24.974668502807617,0.025331974029541016,47.674442291259766,46.83324432373047,0.0,0.0,0.0,1.0,1.0,0.0,-1.3966188430786133,0.8778765797615051,18.0,0.0,,,,,,,,,,,,,,,,,,,,,,,,,,,,,,,,,,,,,,
1784058306.170,253448000,73,1,3,0,10.0,25.0,10.0,25.0,9.412700653076172,25.5004825592041,-0.5004823207855225,34.93228530883789,50.1784782409668,0.0,0.0,0.0,1.0,1.0,0.0,1.0189337730407715,0.5872987508773804,18.0,0.0,,,,,,,,,,,,,,,,,,,,,,,,,,,,,,,,,,,,,,
1784058306.181,253470000,74,2,255,0,,,,,,,,,,,,,,,,,,,,0.0,0.0,0.0,0.0,3.0,2.450000047683716,0.0,0.0,0.020669108256697655,-0.016073787584900856,0.040049079805612564,1.0,0.0,0.0,0.0,0.0,0.0,0.0,0.0,,,,,,,,,,,,,,,,,,,
1784058306.215,253494000,75,3,254,0,,,,,,,,,,,,,,,,,,,,,,,,,,,,,,,,,,,,,,,1.0,1.0,1.0,1.0,1.0,1.0,4.0,0.0,-1.4253249168395996,0.13703157007694244,0.00427091121673584,-0.00683121383190155,0.0,0.0,0.18692684173583984,0.01117200218141079,-1.4210540056228638,0.1302003562450409,9.996927261352539
1784058306.298,253595000,80,1,0,0,10.0,25.0,10.0,25.0,9.261022567749023,25.335805892944336,-0.33580660820007324,33.93368911743164,43.906166076660156,0.0,0.0,0.0,1.0,1.0,0.0,-0.9809693098068237,0.7389768958091736,18.0,0.0,,,,,,,,,,,,,,,,,,,,,,,,,,,,,,,,,,,,,,
1784058306.319,253611000,81,1,1,0,10.0,25.0,10.0,25.0,9.270503044128418,25.13047981262207,-0.13048052787780762,43.66807556152344,47.669551849365234,0.0,0.0,0.0,1.0,1.0,0.0,1.2820242643356323,0.7294967770576477,18.0,0.0,,,,,,,,,,,,,,,,,,,,,,,,,,,,,,,,,,,,,,
1784058306.334,253628000,82,1,2,0,10.0,25.0,10.0,25.0,9.12353801727295,24.97420310974121,0.025796890258789062,47.74890899658203,46.83324432373047,0.0,0.0,0.0,1.0,1.0,0.0,-1.3993207216262817,0.8764609694480896,18.0,0.0,,,,,,,,,,,,,,,,,,,,,,,,,,,,,,,,,,,,,,
1784058306.358,253647000,83,1,3,0,10.0,25.0,10.0,25.0,9.413053512573242,25.499921798706055,-0.4999220371246338,34.90379333496094,50.1784782409668,0.0,0.0,0.0,1.0,1.0,0.0,1.0177356004714966,0.5869463086128235,18.0,0.0,,,,,,,,,,,,,,,,,,,,,,,,,,,,,,,,,,,,,,
1784058306.383,253669000,84,2,255,0,,,,,,,,,,,,,,,,,,,,0.0,0.0,0.0,0.0,3.0,2.450000047683716,0.0,0.0,0.03469618782401085,-0.02074127271771431,0.040138039737939835,1.0,0.0,0.0,0.0,0.0,0.0,0.0,0.0,,,,,,,,,,,,,,,,,,,
1784058306.410,253693000,85,3,254,0,,,,,,,,,,,,,,,,,,,,,,,,,,,,,,,,,,,,,,,1.0,1.0,1.0,1.0,1.0,1.0,4.0,0.0,-1.4253249168395996,0.13703157007694244,0.009847164154052734,-0.0393785759806633,0.0,0.0,0.051812171936035156,0.0043185618706047535,-1.4154777526855469,0.09765299409627914,9.861812591552734
1784058306.498,253794000,90,1,0,0,10.0,25.0,10.0,25.0,9.260833740234375,25.334936141967773,-0.33493638038635254,33.72882080078125,43.906166076660156,0.0,0.0,0.0,1.0,1.0,0.0,-0.9744976758956909,0.7391661405563354,18.0,0.0,,,,,,,,,,,,,,,,,,,,,,,,,,,,,,,,,,,,,,
1784058306.516,253811000,91,1,1,0,10.0,25.0,10.0,25.0,9.27076244354248,25.129955291748047,-0.12995600700378418,43.7091178894043,47.669551849365234,0.0,0.0,0.0,1.0,1.0,0.0,1.2835780382156372,0.7292367219924927,18.0,0.0,,,,,,,,,,,,,,,,,,,,,,,,,,,,,,,,,,,,,,
1784058306.535,253828000,92,1,2,0,10.0,25.0,10.0,25.0,9.123300552368164,24.974767684936523,0.025232136249542236,47.70428466796875,46.83324432373047,0.0,0.0,0.0,1.0,1.0,0.0,-1.3978636264801025,0.8766986131668091,18.0,0.0,,,,,,,,,,,,,,,,,,,,,,,,,,,,,,,,,,,,,,
1784058306.557,253848000,93,1,3,0,10.0,25.0,10.0,25.0,9.413805961608887,25.499555587768555,-0.49955546855926514,34.93730545043945,50.1784782409668,0.0,0.0,0.0,1.0,1.0,0.0,1.018994688987732,0.5861937999725342,18.0,0.0,,,,,,,,,,,,,,,,,,,,,,,,,,,,,,,,,,,,,,
1784058306.583,253870000,94,2,255,0,,,,,,,,,,,,,,,,,,,,0.0,0.0,0.0,0.0,3.0,2.450000047683716,0.0,0.0,0.04091726243495941,-0.019978145137429237,0.04019181802868843,1.0,0.0,0.0,0.0,0.0,0.0,0.0,0.0,,,,,,,,,,,,,,,,,,,
1784058306.606,253894000,95,3,254,0,,,,,,,,,,,,,,,,,,,,,,,,,,,,,,,,,,,,,,,1.0,1.0,1.0,1.0,1.0,1.0,4.0,0.0,-1.4253249168395996,0.13703157007694244,0.029441356658935547,-0.025500565767288208,0.0,0.0,0.15848159790039062,0.002933681709691882,-1.395883560180664,0.11153100430965424,9.96848201751709
1784058306.699,253995000,100,1,0,0,10.0,25.0,10.0,25.0,9.259795188903809,25.335750579833984,-0.3357499837875366,33.727813720703125,43.906166076660156,0.0,0.0,0.0,1.0,1.0,0.0,-0.9743735790252686,0.7402039766311646,18.0,0.0,,,,,,,,,,,,,,,,,,,,,,,,,,,,,,,,,,,,,,
1784058306.724,254012000,101,1,1,0,10.0,25.0,10.0,25.0,9.270074844360352,25.131458282470703,-0.13145804405212402,43.49602127075195,47.669551849365234,0.0,0.0,0.0,1.0,1.0,0.0,1.2767881155014038,0.7299244403839111,18.0,0.0,,,,,,,,,,,,,,,,,,,,,,,,,,,,,,,,,,,,,,
1784058306.740,254029000,102,1,2,0,10.0,25.0,10.0,25.0,9.12302017211914,24.975244522094727,0.02475529909133911,47.52070236206055,46.83324432373047,0.0,0.0,0.0,1.0,1.0,0.0,-1.3918626308441162,0.8769787549972534,18.0,0.0,,,,,,,,,,,,,,,,,,,,,,,,,,,,,,,,,,,,,,
1784058306.763,254049000,103,1,3,0,10.0,25.0,10.0,25.0,9.414360046386719,25.498455047607422,-0.4984557628631592,34.94738006591797,50.1784782409668,0.0,0.0,0.0,1.0,1.0,0.0,1.0192407369613647,0.585639476776123,18.0,0.0,,,,,,,,,,,,,,,,,,,,,,,,,,,,,,,,,,,,,,
1784058306.791,254071000,104,2,255,0,,,,,,,,,,,,,,,,,,,,0.0,0.0,0.0,0.0,3.0,2.450000047683716,0.0,0.0,0.026027508080005646,-0.006829414516687393,0.04007776826620102,1.0,0.0,0.0,0.0,0.0,0.0,0.0,0.0,,,,,,,,,,,,,,,,,,,
1784058306.824,254096000,105,3,254,0,,,,,,,,,,,,,,,,,,,,,,,,,,,,,,,,,,,,,,,1.0,1.0,1.0,1.0,1.0,1.0,4.0,0.0,-1.4253249168395996,0.13703157007694244,0.0444028377532959,-0.02247575670480728,0.0,0.0,0.02785778045654297,0.005553258117288351,-1.3809220790863037,0.11455581337213516,9.782142639160156
1784058306.908,254190000,110,1,0,0,10.0,25.0,10.0,25.0,9.258366584777832,25.336223602294922,-0.336223840713501,33.68089294433594,43.906166076660156,0.0,0.0,0.0,1.0,1.0,0.0,-0.9725174307823181,0.7416330575942993,18.0,0.0,,,,,,,,,,,,,,,,,,,,,,,,,,,,,,,,,,,,,,
1784058306.920,254209000,111,1,1,0,10.0,25.0,10.0,25.0,9.26943302154541,25.131399154663086,-0.13139843940734863,43.792266845703125,47.669551849365234,0.0,0.0,0.0,1.0,1.0,0.0,1.2861692905426025,0.730566680431366,18.0,0.0,,,,,,,,,,,,,,,,,,,,,,,,,,,,,,,,,,,,,,
1784058306.926,254229000,112,1,2,0,10.0,25.0,10.0,25.0,9.123286247253418,24.97480010986328,0.02519935369491577,47.622711181640625,46.83324432373047,0.0,0.0,0.0,1.0,1.0,0.0,-1.395199179649353,0.8767135143280029,18.0,0.0,,,,,,,,,,,,,,,,,,,,,,,,,,,,,,,,,,,,,,
1784058306.972,254251000,113,1,3,0,10.0,25.0,10.0,25.0,9.413846969604492,25.498258590698242,-0.4982590675354004,35.14906311035156,50.1784782409668,0.0,0.0,0.0,1.0,1.0,0.0,1.0255118608474731,0.5861527919769287,18.0,0.0,,,,,,,,,,,,,,,,,,,,,,,,,,,,,,,,,,,,,,
1784058307.001,254275000,114,2,255,0,,,,,,,,,,,,,,,,,,,,0.0,0.0,0.0,0.0,3.0,2.450000047683716,0.0,0.0,0.01794010028243065,-0.010779296047985554,0.04003698751330376,1.0,0.0,0.0,0.0,0.0,0.0,0.0,0.0,,,,,,,,,,,,,,,,,,,
1784058307.031,254300000,115,3,254,0,,,,,,,,,,,,,,,,,,,,,,,,,,,,,,,,,,,,,,,1.0,1.0,1.0,1.0,1.0,1.0,4.0,0.0,-1.4253249168395996,0.13703157007694244,0.06488752365112305,-0.024186529219150543,0.0,0.0,0.1719064712524414,0.008987359702587128,-1.3604373931884766,0.1128450408577919,9.98190689086914
1784058307.104,254396000,120,1,0,0,10.0,25.0,10.0,25.0,9.258877754211426,25.33509063720703,-0.33509135246276855,33.67106246948242,43.906166076660156,0.0,0.0,0.0,1.0,1.0,0.0,-0.9720010161399841,0.7411218881607056,18.0,0.0,,,,,,,,,,,,,,,,,,,,,,,,,,,,,,,,,,,,,,
1784058307.128,254416000,121,1,1,0,10.0,25.0,10.0,25.0,9.268945693969727,25.132387161254883,-0.13238787651062012,43.567047119140625,47.669551849365234,0.0,0.0,0.0,1.0,1.0,0.0,1.2790457010269165,0.7310539484024048,18.0,0.0,,,,,,,,,,,,,,,,,,,,,,,,,,,,,,,,,,,,,,
1784058307.152,254438000,122,1,2,0,10.0,25.0,10.0,25.0,9.121025085449219,24.97563934326172,0.02436041831970215,47.81132507324219,46.83324432373047,0.0,0.0,0.0,1.0,1.0,0.0,-1.4011348485946655,0.8789747953414917,18.0,0.0,,,,,,,,,,,,,,,,,,,,,,,,,,,,,,,,,,,,,,
1784058307.181,254460000,123,1,3,0,10.0,25.0,10.0,25.0,9.413495063781738,25.49881362915039,-0.4988133907318115,34.96984100341797,50.1784782409668,0.0,0.0,0.0,1.0,1.0,0.0,1.0201531648635864,0.5865044593811035,18.0,0.0,,,,,,,,,,,,,,,,,,,,,,,,,,,,,,,,,,,,,,
1784058307.197,254484000,124,2,255,0,,,,,,,,,,,,,,,,,,,,0.0,0.0,0.0,0.0,3.0,2.450000047683716,0.0,0.0,0.014435364864766598,-0.013553776778280735,0.04002395644783974,1.0,0.0,0.0,0.0,0.0,0.0,0.0,0.0,,,,,,,,,,,,,,,,,,,
1784058307.225,254511000,125,3,254,0,,,,,,,,,,,,,,,,,,,,,,,,,,,,,,,,,,,,,,,1.0,1.0,1.0,1.0,1.0,1.0,4.0,0.0,-1.4253249168395996,0.13703157007694244,0.03560471534729004,-0.011421293020248413,0.0,0.0,0.21488189697265625,0.009940783493220806,-1.3897202014923096,0.12561027705669403,10.024882316589355
1784058307.317,254601000,130,1,0,0,10.0,25.0,10.0,25.0,9.259714126586914,25.33478355407715,-0.3347843885421753,33.60315704345703,43.906166076660156,0.0,0.0,0.0,1.0,1.0,0.0,-0.9698470234870911,0.7402852177619934,18.0,0.0,,,,,,,,,,,,,,,,,,,,,,,,,,,,,,,,,,,,,,
1784058307.335,254619000,131,1,1,0,10.0,25.0,10.0,25.0,9.270608901977539,25.131399154663086,-0.13139843940734863,43.6356086730957,47.669551849365234,0.0,0.0,0.0,1.0,1.0,0.0,1.2814418077468872,0.7293909788131714,18.0,0.0,,,,,,,,,,,,,,,,,,,,,,,,,,,,,,,,,,,,,,
1784058307.350,254638000,132,1,2,0,10.0,25.0,10.0,25.0,9.119845390319824,24.976884841918945,0.023114681243896484,47.522708892822266,46.83324432373047,0.0,0.0,0.0,1.0,1.0,0.0,-1.39163339138031,0.8801542520523071,18.0,0.0,,,,,,,,,,,,,,,,,,,,,,,,,,,,,,,,,,,,,,
1784058307.373,254660000,133,1,3,0,10.0,25.0,10.0,25.0,9.411330223083496,25.499618530273438,-0.4996180534362793,35.03248977661133,50.1784782409668,0.0,0.0,0.0,1.0,1.0,0.0,1.021682620048523,0.5886688828468323,18.0,0.0,,,,,,,,,,,,,,,,,,,,,,,,,,,,,,,,,,,,,,
1784058307.398,254683000,134,2,255,0,,,,,,,,,,,,,,,,,,,,0.0,0.0,0.0,0.0,3.0,2.450000047683716,0.0,0.0,0.005314613226801157,-0.00988879892975092,0.04001124948263168,1.0,0.0,0.0,0.0,0.0,0.0,0.0,0.0,,,,,,,,,,,,,,,,,,,
1784058307.420,254706000,135,3,254,0,,,,,,,,,,,,,,,,,,,,,,,,,,,,,,,,,,,,,,,1.0,1.0,1.0,1.0,1.0,1.0,4.0,0.0,-1.4253249168395996,0.13703157007694244,0.007528901100158691,0.008219361305236816,0.0,0.0,0.10742950439453125,0.012075870297849178,-1.417796015739441,0.14525093138217926,9.91742992401123
1784058307.517,254808000,140,1,0,0,10.0,25.0,10.0,25.0,9.259893417358398,25.334331512451172,-0.3343313932418823,33.83659362792969,43.906166076660156,0.0,0.0,0.0,1.0,1.0,0.0,-0.9776621460914612,0.7401064038276672,18.0,0.0,,,,,,,,,,,,,,,,,,,,,,,,,,,,,,,,,,,,,,
1784058307.529,254824000,141,1,1,0,10.0,25.0,10.0,25.0,9.269878387451172,25.131624221801758,-0.13162493705749512,43.70075607299805,47.669551849365234,0.0,0.0,0.0,1.0,1.0,0.0,1.2832831144332886,0.7301211357116699,18.0,0.0,,,,,,,,,,,,,,,,,,,,,,,,,,,,,,,,,,,,,,
1784058307.549,254842000,142,1,2,0,10.0,25.0,10.0,25.0,9.121563911437988,24.975786209106445,0.024212896823883057,47.50421905517578,46.83324432373047,0.0,0.0,0.0,1.0,1.0,0.0,-1.3911136388778687,0.8784353733062744,18.0,0.0,,,,,,,,,,,,,,,,,,,,,,,,,,,,,,,,,,,,,,
1784058307.573,254861000,143,1,3,0,10.0,25.0,10.0,25.0,9.413947105407715,25.499168395996094,-0.4991680383682251,34.91699981689453,50.1784782409668,0.0,0.0,0.0,1.0,1.0,0.0,1.0187004804611206,0.5860522389411926,18.0,0.0,,,,,,,,,,,,,,,,,,,,,,,,,,,,,,,,,,,,,,
1784058307.593,254883000,144,2,255,0,,,,,,,,,,,,,,,,,,,,0.0,0.0,0.0,0.0,3.0,2.450000047683716,0.0,0.0,0.010102938860654831,-0.01590813882648945,0.04002908989787102,1.0,0.0,0.0,0.0,0.0,0.0,0.0,0.0,,,,,,,,,,,,,,,,,,,
1784058307.618,254906000,145,3,254,0,,,,,,,,,,,,,,,,,,,,,,,,,,,,,,,,,,,,,,,1.0,1.0,1.0,1.0,1.0,1.0,4.0,0.0,-1.4253249168395996,0.13703157007694244,-0.012589454650878906,-0.002379372715950012,0.0,0.0,0.18631458282470703,0.00839931983500719,-1.4379143714904785,0.13465219736099243,9.996315002441406
1784058307.717,255007000,150,1,0,0,10.0,25.0,10.0,25.0,9.262689590454102,25.333742141723633,-0.33374130725860596,33.746681213378906,43.906166076660156,0.0,0.0,0.0,1.0,1.0,0.0,-0.9749828577041626,0.7373101711273193,18.0,0.0,,,,,,,,,,,,,,,,,,,,,,,,,,,,,,,,,,,,,,
1784058307.739,255023000,151,1,1,0,10.0,25.0,10.0,25.0,9.270249366760254,25.131004333496094,-0.13100504875183105,43.62135314941406,47.669551849365234,0.0,0.0,0.0,1.0,1.0,0.0,1.2807239294052124,0.7297500967979431,18.0,0.0,,,,,,,,,,,,,,,,,,,,,,,,,,,,,,,,,,,,,,
1784058307.766,255042000,152,1,2,0,10.0,25.0,10.0,25.0,9.121849060058594,24.975200653076172,0.02479851245880127,47.59798812866211,46.83324432373047,0.0,0.0,0.0,1.0,1.0,0.0,-1.3942848443984985,0.8781499862670898,18.0,0.0,,,,,,,,,,,,,,,,,,,,,,,,,,,,,,,,,,,,,,
1784058307.786,255062000,153,1,3,0,10.0,25.0,10.0,25.0,9.413509368896484,25.500137329101562,-0.5001366138458252,34.84629821777344,50.1784782409668,0.0,0.0,0.0,1.0,1.0,0.0,1.0163511037826538,0.5864903330802917,18.0,0.0,,,,,,,,,,,,,,,,,,,,,,,,,,,,,,,,,,,,,,
1784058307.800,255086000,154,2,255,0,,,,,,,,,,,,,,,,,,,,0.0,0.0,0.0,0.0,3.0,2.450000047683716,0.0,0.0,0.025126466527581215,-0.012061072513461113,0.0400724858045578,1.0,0.0,0.0,0.0,0.0,0.0,0.0,0.0,,,,,,,,,,,,,,,,,,,
1784058307.823,255111000,155,3,254,0,,,,,,,,,,,,,,,,,,,,,,,,,,,,,,,,,,,,,,,1.0,1.0,1.0,1.0,1.0,1.0,4.0,0.0,-1.4253249168395996,0.13703157007694244,-0.00916135311126709,0.006358742713928223,0.0,0.0,0.07326698303222656,0.005569659639149904,-1.4344862699508667,0.14339031279087067,9.883267402648926
1784058307.916,255202000,160,1,0,0,10.0,25.0,10.0,25.0,9.260650634765625,25.335430145263672,-0.3354310989379883,33.675445556640625,43.906166076660156,0.0,0.0,0.0,1.0,1.0,0.0,-0.9724482297897339,0.7393486499786377,18.0,0.0,,,,,,,,,,,,,,,,,,,,,,,,,,,,,,,,,,,,,,
1784058307.925,255219000,161,1,1,0,10.0,25.0,10.0,25.0,9.269583702087402,25.13120460510254,-0.1312047243118286,43.72391891479492,47.669551849365234,0.0,0.0,0.0,1.0,1.0,0.0,1.2841031551361084,0.7304154634475708,18.0,0.0,,,,,,,,,,,,,,,,,,,,,,,,,,,,,,,,,,,,,,
1784058307.948,255238000,162,1,2,0,10.0,25.0,10.0,25.0,9.12316608428955,24.97480583190918,0.025194883346557617,47.6512451171875,46.83324432373047,0.0,0.0,0.0,1.0,1.0,0.0,-1.39643394947052,0.8768334984779358,18.0,0.0,,,,,,,,,,,,,,,,,,,,,,,,,,,,,,,,,,,,,,
1784058307.969,255259000,163,1,3,0,10.0,25.0,10.0,25.0,9.412344932556152,25.50009536743164,-0.5000948905944824,34.855552673339844,50.1784782409668,0.0,0.0,0.0,1.0,1.0,0.0,1.0162973403930664,0.5876548290252686,18.0,0.0,,,,,,,,,,,,,,,,,,,,,,,,,,,,,,,,,,,,,,
1784058307.995,255282000,164,2,255,0,,,,,,,,,,,,,,,,,,,,0.0,0.0,0.0,0.0,3.0,2.450000047683716,0.0,0.0,0.0318809375166893,-0.008634657599031925,0.04011658951640129,1.0,0.0,0.0,0.0,0.0,0.0,0.0,0.0,,,,,,,,,,,,,,,,,,,
1784058308.025,255308000,165,3,254,0,,,,,,,,,,,,,,,,,,,,,,,,,,,,,,,,,,,,,,,1.0,1.0,1.0,1.0,1.0,1.0,4.0,0.0,-1.4253249168395996,0.13703157007694244,3.731250762939453e-05,-0.021877765655517578,0.0,0.0,0.027606964111328125,0.007755044382065535,-1.4252876043319702,0.11515380442142487,9.782393455505371
1784058308.108,255402000,170,1,0,0,10.0,25.0,10.0,25.0,9.261003494262695,25.335819244384766,-0.3358185291290283,33.744808197021484,43.906166076660156,0.0,0.0,0.0,1.0,1.0,0.0,-0.9749643802642822,0.7389955520629883,18.0,0.0,,,,,,,,,,,,,,,,,,,,,,,,,,,,,,,,,,,,,,
1784058308.128,255421000,171,1,1,0,10.0,25.0,10.0,25.0,9.269777297973633,25.130701065063477,-0.13070106506347656,43.68235778808594,47.669551849365234,0.0,0.0,0.0,1.0,1.0,0.0,1.2825664281845093,0.7302217483520508,18.0,0.0,,,,,,,,,,,,,,,,,,,,,,,,,,,,,,,,,,,,,,
1784058308.157,255441000,172,1,2,0,10.0,25.0,10.0,25.0,9.122634887695312,24.975004196166992,0.02499520778656006,47.6767463684082,46.83324432373047,0.0,0.0,0.0,1.0,1.0,0.0,-1.396933674812317,0.8773647546768188,18.0,0.0,,,,,,,,,,,,,,,,,,,,,,,,,,,,,,,,,,,,,,
1784058308.189,255465000,173,1,3,0,10.0,25.0,10.0,25.0,9.412341117858887,25.500089645385742,-0.5000889301300049,34.87378692626953,50.1784782409668,0.0,0.0,0.0,1.0,1.0,0.0,1.0171505212783813,0.5876585841178894,18.0,0.0,,,,,,,,,,,,,,,,,,,,,,,,,,,,,,,,,,,,,,
1784058308.208,255490000,174,2,255,0,,,,,,,,,,,,,,,,,,,,0.0,0.0,0.0,0.0,3.0,2.450000047683716,0.0,0.0,0.03555914759635925,-0.009345111437141895,0.04014497250318527,1.0,0.0,0.0,0.0,0.0,0.0,0.0,0.0,,,,,,,,,,,,,,,,,,,
1784058308.209,255518000,175,3,254,0,,,,,,,,,,,,,,,,,,,,,,,,,,,,,,,,,,,,,,,1.0,1.0,1.0,1.0,1.0,1.0,4.0,0.0,-1.4253249168395996,0.13703157007694244,0.02971363067626953,-0.016501687467098236,0.0,0.0,0.015829086303710938,0.0046399920247495174,-1.39561128616333,0.12052988260984421,9.82582950592041
1784058308.310,255601000,180,1,0,0,10.0,25.0,10.0,25.0,9.26056957244873,25.3354549407959,-0.33545494079589844,33.662445068359375,43.906166076660156,0.0,0.0,0.0,1.0,1.0,0.0,-0.9720773696899414,0.7394298911094666,18.0,0.0,,,,,,,,,,,,,,,,,,,,,,,,,,,,,,,,,,,,,,
1784058308.330,255621000,181,1,1,0,10.0,25.0,10.0,25.0,9.269740104675293,25.130765914916992,-0.1307666301727295,43.86091232299805,47.669551849365234,0.0,0.0,0.0,1.0,1.0,0.0,1.288164734840393,0.7302589416503906,18.0,0.0,,,,,,,,,,,,,,,,,,,,,,,,,,,,,,,,,,,,,,
1784058308.362,255644000,182,1,2,0,10.0,25.0,10.0,25.0,9.124703407287598,24.97420310974121,0.025796890258789062,47.56863021850586,46.83324432373047,0.0,0.0,0.0,1.0,1.0,0.0,-1.3938244581222534,0.8752964735031128,18.0,0.0,,,,,,,,,,,,,,,,,,,,,,,,,,,,,,,,,,,,,,
1784058308.383,255668000,183,1,3,0,10.0,25.0,10.0,25.0,9.41384220123291,25.499492645263672,-0.499492883682251,34.81842803955078,50.1784782409668,0.0,0.0,0.0,1.0,1.0,0.0,1.0153456926345825,0.5861573219299316,18.0,0.0,,,,,,,,,,,,,,,,,,,,,,,,,,,,,,,,,,,,,,
1784058308.404,255695000,184,2,255,0,,,,,,,,,,,,,,,,,,,,0.0,0.0,0.0,0.0,3.0,2.450000047683716,0.0,0.0,0.03514230623841286,-0.007777329534292221,0.040141601115465164,1.0,0.0,0.0,0.0,0.0,0.0,0.0,0.0,,,,,,,,,,,,,,,,,,,
1784058308.421,255714000,185,3,254,0,,,,,,,,,,,,,,,,,,,,,,,,,,,,,,,,,,,,,,,1.0,1.0,1.0,1.0,1.0,1.0,4.0,0.0,-1.4253249168395996,0.13703157007694244,0.04545772075653076,-0.03725110739469528,0.0,0.0,0.006808280944824219,0.0067650326527655125,-1.3798671960830688,0.09978046268224716,9.803192138671875
1784058308.522,255807000,190,1,0,0,10.0,25.0,10.0,25.0,9.259319305419922,25.3354434967041,-0.33544301986694336,33.79835510253906,43.906166076660156,0.0,0.0,0.0,1.0,1.0,0.0,-0.9763227105140686,0.7406800985336304,18.0,0.0,,,,,,,,,,,,,,,,,,,,,,,,,,,,,,,,,,,,,,
1784058308.545,255830000,191,1,1,0,10.0,25.0,10.0,25.0,9.269482612609863,25.131284713745117,-0.1312851905822754,43.58305740356445,47.669551849365234,0.0,0.0,0.0,1.0,1.0,0.0,1.279548168182373,0.730516791343689,18.0,0.0,,,,,,,,,,,,,,,,,,,,,,,,,,,,,,,,,,,,,,
1784058308.572,255855000,192,1,2,0,10.0,25.0,10.0,25.0,9.122591018676758,24.975067138671875,0.0249326229095459,47.693756103515625,46.83324432373047,0.0,0.0,0.0,1.0,1.0,0.0,-1.3970402479171753,0.8774079084396362,18.0,0.0,,,,,,,,,,,,,,,,,,,,,,,,,,,,,,,,,,,,,,
1784058308.589,255882000,193,1,3,0,10.0,25.0,10.0,25.0,9.414911270141602,25.49871253967285,-0.49871206283569336,34.84584045410156,50.1784782409668,0.0,0.0,0.0,1.0,1.0,0.0,1.016029953956604,0.5850881338119507,18.0,0.0,,,,,,,,,,,,,,,,,,,,,,,,,,,,,,,,,,,,,,
1784058308.619,255903000,194,2,255,0,,,,,,,,,,,,,,,,,,,,0.0,0.0,0.0,0.0,3.0,2.450000047683716,0.0,0.0,0.04002978280186653,-0.02042764611542225,0.04018360748887062,1.0,0.0,0.0,0.0,0.0,0.0,0.0,0.0,,,,,,,,,,,,,,,,,,,
1784058308.619,255915000,195,3,254,0,,,,,,,,,,,,,,,,,,,,,,,,,,,,,,,,,,,,,,,1.0,1.0,1.0,1.0,1.0,1.0,4.0,0.0,-1.4253249168395996,0.13703157007694244,0.061107635498046875,-0.038320183753967285,0.0,0.0,0.06440258026123047,0.008001197129487991,-1.3642172813415527,0.09871138632297516,9.87440299987793
1784058308.720,256004000,200,1,0,0,10.0,25.0,10.0,25.0,9.258269309997559,25.33629608154297,-0.33629536628723145,33.73720169067383,43.906166076660156,0.0,0.0,0.0,1.0,1.0,0.0,-0.9741707444190979,0.7417298555374146,18.0,0.0,,,,,,,,,,,,,,,,,,,,,,,,,,,,,,,,,,,,,,
1784058308.745,256027000,201,1,1,0,10.0,25.0,10.0,25.0,9.270224571228027,25.131061553955078,-0.13106167316436768,43.569305419921875,47.669551849365234,0.0,0.0,0.0,1.0,1.0,0.0,1.2790508270263672,0.7297747135162354,18.0,0.0,,,,,,,,,,,,,,,,,,,,,,,,,,,,,,,,,,,,,,
1784058308.772,256052000,202,1,2,0,10.0,25.0,10.0,25.0,9.12202262878418,24.97608757019043,0.023911893367767334,47.488609313964844,46.83324432373047,0.0,0.0,0.0,1.0,1.0,0.0,-1.3907603025436401,0.8779764175415039,18.0,0.0,,,,,,,,,,,,,,,,,,,,,,,,,,,,,,,,,,,,,,
1784058308.788,256079000,203,1,3,0,10.0,25.0,10.0,25.0,9.414673805236816,25.497865676879883,-0.4978656768798828,34.880157470703125,50.1784782409668,0.0,0.0,0.0,1.0,1.0,0.0,1.0169367790222168,0.5853258371353149,18.0,0.0,,,,,,,,,,,,,,,,,,,,,,,,,,,,,,,,,,,,,,
1784058308.807,256100000,204,2,255,0,,,,,,,,,,,,,,,,,,,,0.0,0.0,0.0,0.0,3.0,2.450000047683716,0.0,0.0,0.02986709401011467,-0.015898073092103004,0.04010235145688057,1.0,0.0,0.0,0.0,0.0,0.0,0.0,0.0,,,,,,,,,,,,,,,,,,,
1784058308.824,256114000,205,3,254,0,,,,,,,,,,,,,,,,,,,,,,,,,,,,,,,,,,,,,,,1.0,1.0,1.0,1.0,1.0,1.0,4.0,0.0,-1.4253249168395996,0.13703157007694244,0.047150611877441406,-0.006803825497627258,0.0,0.0,0.0072174072265625,0.006501364521682262,-1.3781743049621582,0.13022774457931519,9.802783012390137
1784058308.922,256205000,210,1,0,0,10.0,25.0,10.0,25.0,9.259427070617676,25.334375381469727,-0.33437609672546387,33.500240325927734,43.906166076660156,0.0,0.0,0.0,1.0,1.0,0.0,-0.966300368309021,0.7405720949172974,18.0,0.0,,,,,,,,,,,,,,,,,,,,,,,,,,,,,,,,,,,,,,
1784058308.946,256228000,211,1,1,0,10.0,25.0,10.0,25.0,9.269497871398926,25.132280349731445,-0.13228058815002441,43.96963882446289,47.669551849365234,0.0,0.0,0.0,1.0,1.0,0.0,1.2923088073730469,0.7305018901824951,18.0,0.0,,,,,,,,,,,,,,,,,,,,,,,,,,,,,,,,,,,,,,
1784058308.947,256255000,212,1,2,0,10.0,25.0,10.0,25.0,9.120201110839844,24.975940704345703,0.024059414863586426,47.72142028808594,46.83324432373047,0.0,0.0,0.0,1.0,1.0,0.0,-1.398374080657959,0.8797980546951294,18.0,0.0,,,,,,,,,,,,,,,,,,,,,,,,,,,,,,,,,,,,,,
1784058308.980,256276000,213,1,3,0,10.0,25.0,10.0,25.0,9.411490440368652,25.500404357910156,-0.5004048347473145,34.97868347167969,50.1784782409668,0.0,0.0,0.0,1.0,1.0,0.0,1.0202618837356567,0.5885087251663208,18.0,0.0,,,,,,,,,,,,,,,,,,,,,,,,,,,,,,,,,,,,,,
1784058308.993,256289000,214,2,255,0,,,,,,,,,,,,,,,,,,,,0.0,0.0,0.0,0.0,3.0,2.450000047683716,0.0,0.0,0.017047150060534477,-0.012023301795125008,0.04003340005874634,1.0,0.0,0.0,0.0,0.0,0.0,0.0,0.0,,,,,,,,,,,,,,,,,,,
1784058309.013,256304000,215,3,254,0,,,,,,,,,,,,,,,,,,,,,,,,,,,,,,,,,,,,,,,1.0,1.0,1.0,1.0,1.0,1.0,4.0,0.0,-1.4253249168395996,0.13703157007694244,0.021309375762939453,-0.005503863096237183,0.0,0.0,0.15724945068359375,0.005229330155998468,-1.4040155410766602,0.13152770698070526,9.967249870300293
1784058309.122,256406000,220,1,0,0,10.0,25.0,10.0,25.0,9.26109504699707,25.33441734313965,-0.33441781997680664,33.92531967163086,43.906166076660156,0.0,0.0,0.0,1.0,1.0,0.0,-0.9806333184242249,0.7389038801193237,18.0,0.0,,,,,,,,,,,,,,,,,,,,,,,,,,,,,,,,,,,,,,
1784058309.141,256432000,221,1,1,0,10.0,25.0,10.0,25.0,9.26927661895752,25.1318359375,-0.13183653354644775,43.60376739501953,47.669551849365234,0.0,0.0,0.0,1.0,1.0,0.0,1.2797678709030151,0.7307224273681641,18.0,0.0,,,,,,,,,,,,,,,,,,,,,,,,,,,,,,,,,,,,,,
1784058309.159,256452000,222,1,2,0,10.0,25.0,10.0,25.0,9.120659828186035,24.976240158081055,0.023759901523590088,47.53700256347656,46.83324432373047,0.0,0.0,0.0,1.0,1.0,0.0,-1.392388939857483,0.8793390989303589,18.0,0.0,,,,,,,,,,,,,,,,,,,,,,,,,,,,,,,,,,,,,,
1784058309.173,256465000,223,1,3,0,10.0,25.0,10.0,25.0,9.41112995147705,25.501012802124023,-0.5010128021240234,34.849830627441406,50.1784782409668,0.0,0.0,0.0,1.0,1.0,0.0,1.0161882638931274,0.5888693332672119,18.0,0.0,,,,,,,,,,,,,,,,,,,,,,,,,,,,,,,,,,,,,,
1784058309.187,256480000,224,2,255,0,,,,,,,,,,,,,,,,,,,,0.0,0.0,0.0,0.0,3.0,2.450000047683716,0.0,0.0,0.010203901678323746,-0.01365648303180933,0.040021445602178574,1.0,0.0,0.0,0.0,0.0,0.0,0.0,0.0,,,,,,,,,,,,,,,,,,,
1784058309.203,256496000,225,3,254,0,,,,,,,,,,,,,,,,,,,,,,,,,,,,,,,,,,,,,,,1.0,1.0,1.0,1.0,1.0,1.0,4.0,0.0,-1.4253249168395996,0.13703157007694244,-0.011349081993103027,0.00539746880531311,0.0,0.0,0.02117633819580078,0.005468660965561867,-1.4366739988327026,0.14242903888225555,9.788824081420898
1784058309.300,256607000,230,1,0,0,10.0,25.0,10.0,25.0,9.261075019836426,25.335704803466797,-0.3357052803039551,33.606937408447266,43.906166076660156,0.0,0.0,0.0,1.0,1.0,0.0,-0.970601499080658,0.7389247417449951,18.0,0.0,,,,,,,,,,,,,,,,,,,,,,,,,,,,,,,,,,,,,,
1784058309.323,256634000,231,1,1,0,10.0,25.0,10.0,25.0,9.26956558227539,25.131256103515625,-0.1312553882598877,43.4906005859375,47.669551849365234,0.0,0.0,0.0,1.0,1.0,0.0,1.2762370109558105,0.7304340600967407,18.0,0.0,,,,,,,,,,,,,,,,,,,,,,,,,,,,,,,,,,,,,,
1784058309.362,256655000,232,1,2,0,10.0,25.0,10.0,25.0,9.12149429321289,24.97580337524414,0.024196505546569824,47.604042053222656,46.83324432373047,0.0,0.0,0.0,1.0,1.0,0.0,-1.3947663307189941,0.8785054087638855,18.0,0.0,,,,,,,,,,,,,,,,,,,,,,,,,,,,,,,,,,,,,,
1784058309.425,256668000,233,1,3,0,10.0,25.0,10.0,25.0,9.412229537963867,25.500185012817383,-0.5001842975616455,34.94131851196289,50.1784782409668,0.0,0.0,0.0,1.0,1.0,0.0,1.0191510915756226,0.5877703428268433,18.0,0.0,,,,,,,,,,,,,,,,,,,,,,,,,,,,,,,,,,,,,,
1784058309.425,256683000,234,2,255,0,,,,,,,,,,,,,,,,,,,,0.0,0.0,0.0,0.0,3.0,2.450000047683716,0.0,0.0,0.0067665064707398415,-0.014690600335597992,0.04002481326460838,1.0,0.0,0.0,0.0,0.0,0.0,0.0,0.0,,,,,,,,,,,,,,,,,,,
1784058309.440,256700000,235,3,254,0,,,,,,,,,,,,,,,,,,,,,,,,,,,,,,,,,,,,,,,1.0,1.0,1.0,1.0,1.0,1.0,4.0,0.0,-1.4253249168395996,0.13703157007694244,-0.035155296325683594,-0.01337587833404541,0.0,0.0,0.034316062927246094,0.006079790182411671,-1.4604802131652832,0.12365569174289703,9.775684356689453
1784058309.514,256809000,240,1,0,0,10.0,25.0,10.0,25.0,9.26159954071045,25.334667205810547,-0.3346681594848633,33.756690979003906,43.906166076660156,0.0,0.0,0.0,1.0,1.0,0.0,-0.9751124382019043,0.7384002208709717,18.0,0.0,,,,,,,,,,,,,,,,,,,,,,,,,,,,,,,,,,,,,,
1784058309.521,256820000,241,1,1,0,10.0,25.0,10.0,25.0,9.269327163696289,25.131725311279297,-0.13172626495361328,43.576114654541016,47.669551849365234,0.0,0.0,0.0,1.0,1.0,0.0,1.2791017293930054,0.7306724786758423,18.0,0.0,,,,,,,,,,,,,,,,,,,,,,,,,,,,,,,,,,,,,,
1784058309.537,256834000,242,1,2,0,10.0,25.0,10.0,25.0,9.122641563415527,24.97500228881836,0.024998188018798828,47.6514892578125,46.83324432373047,0.0,0.0,0.0,1.0,1.0,0.0,-1.396209478378296,0.8773580193519592,18.0,0.0,,,,,,,,,,,,,,,,,,,,,,,,,,,,,,,,,,,,,,
1784058309.560,256849000,243,1,3,0,10.0,25.0,10.0,25.0,9.413010597229004,25.49988555908203,-0.49988627433776855,34.9571533203125,50.1784782409668,0.0,0.0,0.0,1.0,1.0,0.0,1.0194456577301025,0.5869888067245483,18.0,0.0,,,,,,,,,,,,,,,,,,,,,,,,,,,,,,,,,,,,,,
1784058309.581,256867000,244,2,255,0,,,,,,,,,,,,,,,,,,,,0.0,0.0,0.0,0.0,3.0,2.450000047683716,0.0,0.0,0.01740317977964878,-0.021767957136034966,0.040054429322481155,1.0,0.0,0.0,0.0,0.0,0.0,0.0,0.0,,,,,,,,,,,,,,,,,,,
1784058309.598,256886000,245,3,254,0,,,,,,,,,,,,,,,,,,,,,,,,,,,,,,,,,,,,,,,1.0,1.0,1.0,1.0,1.0,1.0,4.0,0.0,-1.4253249168395996,0.13703157007694244,0.007672667503356934,-0.028008513152599335,0.0,0.0,0.0656576156616211,0.005547777749598026,-1.4176522493362427,0.10902305692434311,9.87565803527832
1784058309.700,257001000,250,1,0,0,10.0,25.0,10.0,25.0,9.261799812316895,25.335485458374023,-0.33548474311828613,33.69218444824219,43.906166076660156,0.0,0.0,0.0,1.0,1.0,0.0,-0.9733633995056152,0.7381998300552368,18.0,0.0,,,,,,,,,,,,,,,,,,,,,,,,,,,,,,,,,,,,,,
1784058309.719,257013000,251,1,1,0,10.0,25.0,10.0,25.0,9.269832611083984,25.130725860595703,-0.13072490692138672,43.72002410888672,47.669551849365234,0.0,0.0,0.0,1.0,1.0,0.0,1.283800482749939,0.7301665544509888,18.0,0.0,,,,,,,,,,,,,,,,,,,,,,,,,,,,,,,,,,,,,,
1784058309.735,257026000,252,1,2,0,10.0,25.0,10.0,25.0,9.12373161315918,24.97503089904785,0.024969875812530518,47.57768249511719,46.83324432373047,0.0,0.0,0.0,1.0,1.0,0.0,-1.393957495689392,0.8762680292129517,18.0,0.0,,,,,,,,,,,,,,,,,,,,,,,,,,,,,,,,,,,,,,
1784058309.740,257042000,253,1,3,0,10.0,25.0,10.0,25.0,9.414766311645508,25.498775482177734,-0.4987746477127075,34.94568634033203,50.1784782409668,0.0,0.0,0.0,1.0,1.0,0.0,1.01962411403656,0.585232675075531,18.0,0.0,,,,,,,,,,,,,,,,,,,,,,,,,,,,,,,,,,,,,,
1784058309.780,257059000,254,2,255,0,,,,,,,,,,,,,,,,,,,,0.0,0.0,0.0,0.0,3.0,2.450000047683716,0.0,0.0,0.023219207301735878,-0.01606624945998192,0.040061913430690765,1.0,0.0,0.0,0.0,0.0,0.0,0.0,0.0,,,,,,,,,,,,,,,,,,,
1784058309.794,257078000,255,3,254,0,,,,,,,,,,,,,,,,,,,,,,,,,,,,,,,,,,,,,,,1.0,1.0,1.0,1.0,1.0,1.0,4.0,0.0,-1.4253249168395996,0.13703157007694244,0.05960845947265625,-0.026108302175998688,0.0,0.0,0.07868194580078125,0.003940411377698183,-1.3657164573669434,0.11092326790094376,9.88868236541748
1784058309.901,257195000,4,1,0,0,10.0,25.0,10.0,25.0,9.260358810424805,25.334640502929688,-0.33464133739471436,33.72978591918945,43.906166076660156,0.0,0.0,0.0,1.0,1.0,0.0,-0.9743270874023438,0.7396407127380371,18.0,0.0,,,,,,,,,,,,,,,,,,,,,,,,,,,,,,,,,,,,,,
1784058309.943,257208000,5,1,1,0,10.0,25.0,10.0,25.0,9.269488334655762,25.131284713745117,-0.1312851905822754,43.58414840698242,47.669551849365234,0.0,0.0,0.0,1.0,1.0,0.0,1.279223918914795,0.7305108308792114,18.0,0.0,,,,,,,,,,,,,,,,,,,,,,,,,,,,,,,,,,,,,,
1784058309.943,257222000,6,1,2,0,10.0,25.0,10.0,25.0,9.122823715209961,24.974504470825195,0.02549588680267334,47.71494674682617,46.83324432373047,0.0,0.0,0.0,1.0,1.0,0.0,-1.3981274366378784,0.8771754503250122,18.0,0.0,,,,,,,,,,,,,,,,,,,,,,,,,,,,,,,,,,,,,,
1784058309.948,257238000,7,1,3,0,10.0,25.0,10.0,25.0,9.413074493408203,25.49986457824707,-0.49986541271209717,35.029632568359375,50.1784782409668,0.0,0.0,0.0,1.0,1.0,0.0,1.022340178489685,0.58692467212677,18.0,0.0,,,,,,,,,,,,,,,,,,,,,,,,,,,,,,,,,,,,,,
1784058309.967,257256000,8,2,255,0,,,,,,,,,,,,,,,,,,,,0.0,0.0,0.0,0.0,3.0,2.450000047683716,0.0,0.0,0.02593230828642845,-0.007356587797403336,0.04007720202207565,1.0,0.0,0.0,0.0,0.0,0.0,0.0,0.0,,,,,,,,,,,,,,,,,,,
1784058309.989,257277000,9,3,254,0,,,,,,,,,,,,,,,,,,,,,,,,,,,,,,,,,,,,,,,1.0,1.0,1.0,1.0,1.0,1.0,4.0,0.0,-1.4253249168395996,0.13703157007694244,0.06947720050811768,-0.01780714839696884,0.0,0.0,0.057587623596191406,0.002338408026844263,-1.355847716331482,0.1192244216799736,9.752412796020508
1784058310.095,257396000,14,1,0,0,10.0,25.0,10.0,25.0,9.259321212768555,25.335439682006836,-0.3354400396347046,33.61748123168945,43.906166076660156,0.0,0.0,0.0,1.0,1.0,0.0,-0.9706965684890747,0.740678608417511,18.0,0.0,,,,,,,,,,,,,,,,,,,,,,,,,,,,,,,,,,,,,,
1784058310.118,257409000,15,1,1,0,10.0,25.0,10.0,25.0,9.270177841186523,25.13103485107422,-0.13103485107421875,43.657867431640625,47.669551849365234,0.0,0.0,0.0,1.0,1.0,0.0,1.2820510864257812,0.7298216223716736,18.0,0.0,,,,,,,,,,,,,,,,,,,,,,,,,,,,,,,,,,,,,,
1784058310.125,257422000,16,1,2,0,10.0,25.0,10.0,25.0,9.122772216796875,24.974475860595703,0.02552419900894165,47.603126525878906,46.83324432373047,0.0,0.0,0.0,1.0,1.0,0.0,-1.3945966958999634,0.8772276639938354,18.0,0.0,,,,,,,,,,,,,,,,,,,,,,,,,,,,,,,,,,,,,,
1784058310.146,257438000,17,1,3,0,10.0,25.0,10.0,25.0,9.413298606872559,25.49932098388672,-0.49932003021240234,34.976783752441406,50.1784782409668,0.0,0.0,0.0,1.0,1.0,0.0,1.0204651355743408,0.5867011547088623,18.0,0.0,,,,,,,,,,,,,,,,,,,,,,,,,,,,,,,,,,,,,,
1784058310.169,257456000,18,2,255,0,,,,,,,,,,,,,,,,,,,,0.0,0.0,0.0,0.0,3.0,2.450000047683716,0.0,0.0,0.02256089821457863,0.0012166445376351476,0.04005846008658409,1.0,0.0,0.0,0.0,0.0,0.0,0.0,0.0,,,,,,,,,,,,,,,,,,,
1784058310.189,257476000,19,3,254,0,,,,,,,,,,,,,,,,,,,,,,,,,,,,,,,,,,,,,,,1.0,1.0,1.0,1.0,1.0,1.0,4.0,0.0,-1.4253249168395996,0.13703157007694244,0.053308963775634766,0.00931975245475769,0.0,0.0,0.056761741638183594,0.00604904443025589,-1.3720159530639648,0.14635132253170013,9.753238677978516
1784058310.299,257593000,24,1,0,0,10.0,25.0,10.0,25.0,9.257796287536621,25.336000442504883,-0.33600032329559326,33.648460388183594,43.906166076660156,0.0,0.0,0.0,1.0,1.0,0.0,-0.9713287353515625,0.7422029972076416,18.0,0.0,,,,,,,,,,,,,,,,,,,,,,,,,,,,,,,,,,,,,,
1784058310.307,257605000,25,1,1,0,10.0,25.0,10.0,25.0,9.269333839416504,25.131820678710938,-0.1318216323852539,43.65776062011719,47.669551849365234,0.0,0.0,0.0,1.0,1.0,0.0,1.2818139791488647,0.7306658029556274,18.0,0.0,,,,,,,,,,,,,,,,,,,,,,,,,,,,,,,,,,,,,,
1784058310.324,257618000,26,1,2,0,10.0,25.0,10.0,25.0,9.120721817016602,24.976224899291992,0.023774802684783936,47.59668731689453,46.83324432373047,0.0,0.0,0.0,1.0,1.0,0.0,-1.3942968845367432,0.8792780637741089,18.0,0.0,,,,,,,,,,,,,,,,,,,,,,,,,,,,,,,,,,,,,,
1784058310.339,257633000,27,1,3,0,10.0,25.0,10.0,25.0,9.412606239318848,25.499570846557617,-0.499570369720459,34.80942916870117,50.1784782409668,0.0,0.0,0.0,1.0,1.0,0.0,1.0147312879562378,0.5873933434486389,18.0,0.0,,,,,,,,,,,,,,,,,,,,,,,,,,,,,,,,,,,,,,
1784058310.364,257650000,28,2,255,0,,,,,,,,,,,,,,,,,,,,0.0,0.0,0.0,0.0,3.0,2.450000047683716,0.0,0.0,0.03170403465628624,0.008455660194158554,0.04011530056595802,1.0,0.0,0.0,0.0,0.0,0.0,0.0,0.0,,,,,,,,,,,,,,,,,,,
1784058310.378,257669000,29,3,254,0,,,,,,,,,,,,,,,,,,,,,,,,,,,,,,,,,,,,,,,1.0,1.0,1.0,1.0,1.0,1.0,4.0,0.0,-1.4253249168395996,0.13703157007694244,0.037898898124694824,0.02567969262599945,0.0,0.0,0.07236957550048828,0.0018517487915232778,-1.3874260187149048,0.1627112627029419,9.882369995117188
1784058310.510,257784000,34,1,0,0,10.0,25.0,10.0,25.0,9.261490821838379,25.33374786376953,-0.3337472677230835,33.6676025390625,43.906166076660156,0.0,0.0,0.0,1.0,1.0,0.0,-0.9723682999610901,0.7385089993476868,18.0,0.0,,,,,,,,,,,,,,,,,,,,,,,,,,,,,,,,,,,,,,
1784058310.523,257797000,35,1,1,0,10.0,25.0,10.0,25.0,9.269279479980469,25.131834030151367,-0.13183355331420898,43.597999572753906,47.669551849365234,0.0,0.0,0.0,1.0,1.0,0.0,1.2798668146133423,0.7307201623916626,18.0,0.0,,,,,,,,,,,,,,,,,,,,,,,,,,,,,,,,,,,,,,
1784058310.528,257812000,36,1,2,0,10.0,25.0,10.0,25.0,9.121406555175781,24.974966049194336,0.025033950805664062,47.59328842163086,46.83324432373047,0.0,0.0,0.0,1.0,1.0,0.0,-1.3937692642211914,0.8785926103591919,18.0,0.0,,,,,,,,,,,,,,,,,,,,,,,,,,,,,,,,,,,,,,
1784058310.537,257828000,37,1,3,0,10.0,25.0,10.0,25.0,9.413265228271484,25.499374389648438,-0.4993736743927002,34.92829895019531,50.1784782409668,0.0,0.0,0.0,1.0,1.0,0.0,1.0182536840438843,0.5867339372634888,18.0,0.0,,,,,,,,,,,,,,,,,,,,,,,,,,,,,,,,,,,,,,
1784058310.555,257847000,38,2,255,0,,,,,,,,,,,,,,,,,,,,0.0,0.0,0.0,0.0,3.0,2.450000047683716,0.0,0.0,0.031575411558151245,-0.0038320848252624273,0.04011436924338341,1.0,0.0,0.0,0.0,0.0,0.0,0.0,0.0,,,,,,,,,,,,,,,,,,,
1784058310.576,257867000,39,3,254,0,,,,,,,,,,,,,,,,,,,,,,,,,,,,,,,,,,,,,,,1.0,1.0,1.0,1.0,1.0,1.0,4.0,0.0,-1.4253249168395996,0.13703157007694244,0.003152012825012207,-0.00790722668170929,0.0,0.0,0.04340362548828125,0.0021112377289682627,-1.4221729040145874,0.12912434339523315,9.85340404510498
1784058310.677,257974000,44,1,0,0,10.0,25.0,10.0,25.0,9.262056350708008,25.334867477416992,-0.33486783504486084,33.695621490478516,43.906166076660156,0.0,0.0,0.0,1.0,1.0,0.0,-0.9735220074653625,0.7379427552223206,18.0,0.0,,,,,,,,,,,,,,,,,,,,,,,,,,,,,,,,,,,,,,
1784058310.701,257989000,45,1,1,0,10.0,25.0,10.0,25.0,9.269977569580078,25.13153839111328,-0.1315385103225708,43.65929412841797,47.669551849365234,0.0,0.0,0.0,1.0,1.0,0.0,1.2819428443908691,0.7300220727920532,18.0,0.0,,,,,,,,,,,,,,,,,,,,,,,,,,,,,,,,,,,,,,
1784058310.712,258007000,46,1,2,0,10.0,25.0,10.0,25.0,9.123112678527832,24.973920822143555,0.026080012321472168,47.740962982177734,46.83324432373047,0.0,0.0,0.0,1.0,1.0,0.0,-1.3991330862045288,0.8768863677978516,18.0,0.0,,,,,,,,,,,,,,,,,,,,,,,,,,,,,,,,,,,,,,
1784058310.731,258024000,47,1,3,0,10.0,25.0,10.0,25.0,9.413060188293457,25.499919891357422,-0.499919056892395,34.869178771972656,50.1784782409668,0.0,0.0,0.0,1.0,1.0,0.0,1.0167824029922485,0.5869388580322266,18.0,0.0,,,,,,,,,,,,,,,,,,,,,,,,,,,,,,,,,,,,,,
1784058310.759,258044000,48,2,255,0,,,,,,,,,,,,,,,,,,,,0.0,0.0,0.0,0.0,3.0,2.450000047683716,0.0,0.0,0.032065801322460175,-0.00786794163286686,0.04011794179677963,1.0,0.0,0.0,0.0,0.0,0.0,0.0,0.0,,,,,,,,,,,,,,,,,,,
1784058310.784,258066000,49,3,254,0,,,,,,,,,,,,,,,,,,,,,,,,,,,,,,,,,,,,,,,1.0,1.0,1.0,1.0,1.0,1.0,4.0,0.0,-1.4253249168395996,0.13703157007694244,-0.013587594032287598,0.0003225058317184448,0.0,0.0,0.021231651306152344,0.01004045270383358,-1.4389125108718872,0.1373540759086609,9.788768768310547
1784058310.870,258166000,54,1,0,0,10.0,25.0,10.0,25.0,9.263030052185059,25.334178924560547,-0.3341794013977051,33.83261489868164,43.906166076660156,0.0,0.0,0.0,1.0,1.0,0.0,-0.977939248085022,0.736968994140625,18.0,0.0,,,,,,,,,,,,,,,,,,,,,,,,,,,,,,,,,,,,,,
1784058310.899,258184000,55,1,1,0,10.0,25.0,10.0,25.0,9.269567489624023,25.13125228881836,-0.13125240802764893,43.73801803588867,47.669551849365234,0.0,0.0,0.0,1.0,1.0,0.0,1.2846651077270508,0.7304317951202393,18.0,0.0,,,,,,,,,,,,,,,,,,,,,,,,,,,,,,,,,,,,,,
1784058310.921,258204000,56,1,2,0,10.0,25.0,10.0,25.0,9.122309684753418,24.975547790527344,0.024452805519104004,47.597354888916016,46.83324432373047,0.0,0.0,0.0,1.0,1.0,0.0,-1.3941608667373657,0.8776895999908447,18.0,0.0,,,,,,,,,,,,,,,,,,,,,,,,,,,,,,,,,,,,,,
1784058310.956,258225000,57,1,3,0,10.0,25.0,10.0,25.0,9.414456367492676,25.49939727783203,-0.49939751625061035,34.91488265991211,50.1784782409668,0.0,0.0,0.0,1.0,1.0,0.0,1.0182397365570068,0.5855433940887451,18.0,0.0,,,,,,,,,,,,,,,,,,,,,,,,,,,,,,,,,,,,,,
1784058310.970,258248000,58,2,255,0,,,,,,,,,,,,,,,,,,,,0.0,0.0,0.0,0.0,3.0,2.450000047683716,0.0,0.0,0.03045530430972576,0.0032792428974062204,0.04010641574859619,1.0,0.0,0.0,0.0,0.0,0.0,0.0,0.0,,,,,,,,,,,,,,,,,,,
1784058310.994,258273000,59,3,254,0,,,,,,,,,,,,,,,,,,,,,,,,,,,,,,,,,,,,,,,1.0,1.0,1.0,1.0,1.0,1.0,4.0,0.0,-1.4253249168395996,0.13703157007694244,0.020877361297607422,-0.006219536066055298,0.0,0.0,0.022603988647460938,0.003255341434851289,-1.4044475555419922,0.13081203401088715,9.83260440826416
1784058311.070,258360000,64,1,0,0,10.0,25.0,10.0,25.0,9.260885238647461,25.33483123779297,-0.3348320722579956,33.64408874511719,43.906166076660156,0.0,0.0,0.0,1.0,1.0,0.0,-0.9715571999549866,0.739113986492157,18.0,0.0,,,,,,,,,,,,,,,,,,,,,,,,,,,,,,,,,,,,,,
1784058311.117,258378000,65,1,1,0,10.0,25.0,10.0,25.0,9.270441055297852,25.130504608154297,-0.13050436973571777,43.68971252441406,47.669551849365234,0.0,0.0,0.0,1.0,1.0,0.0,1.2828017473220825,0.7295585870742798,18.0,0.0,,,,,,,,,,,,,,,,,,,,,,,,,,,,,,,,,,,,,,
1784058311.118,258397000,66,1,2,0,10.0,25.0,10.0,25.0,9.123763084411621,24.973731994628906,0.02626776695251465,47.83669662475586,46.83324432373047,0.0,0.0,0.0,1.0,1.0,0.0,-1.4020479917526245,0.8762366771697998,18.0,0.0,,,,,,,,,,,,,,,,,,,,,,,,,,,,,,,,,,,,,,
1784058311.141,258419000,67,1,3,0,10.0,25.0,10.0,25.0,9.413674354553223,25.498706817626953,-0.4987061023712158,35.010902404785156,50.1784782409668,0.0,0.0,0.0,1.0,1.0,0.0,1.0215785503387451,0.58632493019104,18.0,0.0,,,,,,,,,,,,,,,,,,,,,,,,,,,,,,,,,,,,,,
1784058311.156,258441000,68,2,255,0,,,,,,,,,,,,,,,,,,,,0.0,0.0,0.0,0.0,3.0,2.450000047683716,0.0,0.0,0.022292301058769226,-0.0004715127870440483,0.04005707800388336,1.0,0.0,0.0,0.0,0.0,0.0,0.0,0.0,,,,,,,,,,,,,,,,,,,
1784058311.191,258466000,69,3,254,0,,,,,,,,,,,,,,,,,,,,,,,,,,,,,,,,,,,,,,,1.0,1.0,1.0,1.0,1.0,1.0,4.0,0.0,-1.4253249168395996,0.13703157007694244,0.0527874231338501,-0.029126107692718506,0.0,0.0,0.087066650390625,0.009847758337855339,-1.3725374937057495,0.10790546238422394,9.897067070007324
1784058311.266,258549000,74,1,0,0,10.0,25.0,10.0,25.0,9.258142471313477,25.33530616760254,-0.33530592918395996,33.60939407348633,43.906166076660156,0.0,0.0,0.0,1.0,1.0,0.0,-0.9701797962188721,0.7418572902679443,18.0,0.0,,,,,,,,,,,,,,,,,,,,,,,,,,,,,,,,,,,,,,
1784058311.269,258564000,75,1,1,0,10.0,25.0,10.0,25.0,9.269488334655762,25.131284713745117,-0.1312851905822754,43.55975341796875,47.669551849365234,0.0,0.0,0.0,1.0,1.0,0.0,1.278860092163086,0.7305108308792114,18.0,0.0,,,,,,,,,,,,,,,,,,,,,,,,,,,,,,,,,,,,,,
1784058311.289,258582000,76,1,2,0,10.0,25.0,10.0,25.0,9.121274948120117,24.97511863708496,0.02488046884536743,47.64573669433594,46.83324432373047,0.0,0.0,0.0,1.0,1.0,0.0,-1.3961261510849,0.8787244558334351,18.0,0.0,,,,,,,,,,,,,,,,,,,,,,,,,,,,,,,,,,,,,,
1784058311.311,258601000,77,1,3,0,10.0,25.0,10.0,25.0,9.413299560546875,25.499317169189453,-0.4993170499801636,34.96773147583008,50.1784782409668,0.0,0.0,0.0,1.0,1.0,0.0,1.0197397470474243,0.5866997241973877,18.0,0.0,,,,,,,,,,,,,,,,,,,,,,,,,,,,,,,,,,,,,,
1784058311.336,258622000,78,2,255,0,,,,,,,,,,,,,,,,,,,,0.0,0.0,0.0,0.0,3.0,2.450000047683716,0.0,0.0,0.021103421226143837,0.0004947450361214578,0.040051158517599106,1.0,0.0,0.0,0.0,0.0,0.0,0.0,0.0,,,,,,,,,,,,,,,,,,,
1784058311.361,258645000,79,3,254,0,,,,,,,,,,,,,,,,,,,,,,,,,,,,,,,,,,,,,,,1.0,1.0,1.0,1.0,1.0,1.0,4.0,0.0,-1.4253249168395996,0.13703157007694244,0.06682038307189941,-0.003305763006210327,0.0,0.0,0.01424407958984375,0.006152638234198093,-1.3585045337677002,0.13372580707073212,9.824244499206543
1784058311.460,258756000,84,1,0,0,10.0,25.0,10.0,25.0,9.26020336151123,25.333707809448242,-0.3337085247039795,33.680355072021484,43.906166076660156,0.0,0.0,0.0,1.0,1.0,0.0,-0.9724745750427246,0.7397964596748352,18.0,0.0,,,,,,,,,,,,,,,,,,,,,,,,,,,,,,,,,,,,,,
1784058311.493,258771000,85,1,1,0,10.0,25.0,10.0,25.0,9.269181251525879,25.131914138793945,-0.13191401958465576,43.71223831176758,47.669551849365234,0.0,0.0,0.0,1.0,1.0,0.0,1.283488154411316,0.7308177947998047,18.0,0.0,,,,,,,,,,,,,,,,,,,,,,,,,,,,,,,,,,,,,,
1784058311.503,258789000,86,1,2,0,10.0,25.0,10.0,25.0,9.120542526245117,24.976587295532227,0.023412704467773438,47.42832565307617,46.83324432373047,0.0,0.0,0.0,1.0,1.0,0.0,-1.3888871669769287,0.8794568777084351,18.0,0.0,,,,,,,,,,,,,,,,,,,,,,,,,,,,,,,,,,,,,,
1784058311.547,258808000,87,1,3,0,10.0,25.0,10.0,25.0,9.411966323852539,25.500699996948242,-0.5006998777389526,35.01997756958008,50.1784782409668,0.0,0.0,0.0,1.0,1.0,0.0,1.0216108560562134,0.588032603263855,18.0,0.0,,,,,,,,,,,,,,,,,,,,,,,,,,,,,,,,,,,,,,
1784058311.547,258828000,88,2,255,0,,,,,,,,,,,,,,,,,,,,0.0,0.0,0.0,0.0,3.0,2.450000047683716,0.0,0.0,0.02673688344657421,-0.011879181489348412,0.04008205607533455,1.0,0.0,0.0,0.0,0.0,0.0,0.0,0.0,,,,,,,,,,,,,,,,,,,
1784058311.568,258851000,89,3,254,0,,,,,,,,,,,,,,,,,,,,,,,,,,,,,,,,,,,,,,,1.0,1.0,1.0,1.0,1.0,1.0,4.0,0.0,-1.4253249168395996,0.13703157007694244,0.04236030578613281,-0.006775185465812683,0.0,0.0,0.19438934326171875,0.0068480088375508785,-1.3829646110534668,0.13025638461112976,10.004389762878418
1784058311.685,258964000,94,1,0,0,10.0,25.0,10.0,25.0,9.260963439941406,25.333431243896484,-0.3334313631057739,33.697811126708984,43.906166076660156,0.0,0.0,0.0,1.0,1.0,0.0,-0.9731832146644592,0.7390357255935669,18.0,0.0,,,,,,,,,,,,,,,,,,,,,,,,,,,,,,,,,,,,,,
1784058311.704,258980000,95,1,1,0,10.0,25.0,10.0,25.0,9.269197463989258,25.131872177124023,-0.131872296333313,43.7289924621582,47.669551849365234,0.0,0.0,0.0,1.0,1.0,0.0,1.2841379642486572,0.7308021187782288,18.0,0.0,,,,,,,,,,,,,,,,,,,,,,,,,,,,,,,,,,,,,,
1784058311.711,258998000,96,1,2,0,10.0,25.0,10.0,25.0,9.122535705566406,24.974945068359375,0.02505481243133545,47.48632049560547,46.83324432373047,0.0,0.0,0.0,1.0,1.0,0.0,-1.3908495903015137,0.8774638175964355,18.0,0.0,,,,,,,,,,,,,,,,,,,,,,,,,,,,,,,,,,,,,,
1784058311.729,259017000,97,1,3,0,10.0,25.0,10.0,25.0,9.412598609924316,25.499570846557617,-0.499570369720459,35.003868103027344,50.1784782409668,0.0,0.0,0.0,1.0,1.0,0.0,1.0209276676177979,0.5874007940292358,18.0,0.0,,,,,,,,,,,,,,,,,,,,,,,,,,,,,,,,,,,,,,
1784058311.748,259037000,98,2,255,0,,,,,,,,,,,,,,,,,,,,0.0,0.0,0.0,0.0,3.0,2.450000047683716,0.0,0.0,0.02850493974983692,-0.015299897640943527,0.04009324684739113,1.0,0.0,0.0,0.0,0.0,0.0,0.0,0.0,,,,,,,,,,,,,,,,,,,
1784058311.771,259058000,99,3,254,0,,,,,,,,,,,,,,,,,,,,,,,,,,,,,,,,,,,,,,,1.0,1.0,1.0,1.0,1.0,1.0,4.0,0.0,-1.4253249168395996,0.13703157007694244,0.03580045700073242,-0.008371919393539429,0.0,0.0,0.057854652404785156,0.0018517487915232778,-1.3895244598388672,0.12865965068340302,9.867855072021484
1784058311.885,259167000,104,1,0,0,10.0,25.0,10.0,25.0,9.26246166229248,25.33283233642578,-0.33283233642578125,33.650657653808594,43.906166076660156,0.0,0.0,0.0,1.0,1.0,0.0,-0.9717381596565247,0.73753821849823,18.0,0.0,,,,,,,,,,,,,,,,,,,,,,,,,,,,,,,,,,,,,,
1784058311.885,259181000,105,1,1,0,10.0,25.0,10.0,25.0,9.269225120544434,25.131813049316406,-0.1318126916885376,43.61015319824219,47.669551849365234,0.0,0.0,0.0,1.0,1.0,0.0,1.2802454233169556,0.7307745218276978,18.0,0.0,,,,,,,,,,,,,,,,,,,,,,,,,,,,,,,,,,,,,,
1784058311.905,259197000,106,1,2,0,10.0,25.0,10.0,25.0,9.1220703125,24.97463607788086,0.025363266468048096,47.593990325927734,46.83324432373047,0.0,0.0,0.0,1.0,1.0,0.0,-1.3943501710891724,0.8779287338256836,18.0,0.0,,,,,,,,,,,,,,,,,,,,,,,,,,,,,,,,,,,,,,
1784058311.939,259216000,107,1,3,0,10.0,25.0,10.0,25.0,9.412934303283691,25.499921798706055,-0.4999220371246338,34.93107986450195,50.1784782409668,0.0,0.0,0.0,1.0,1.0,0.0,1.0191627740859985,0.5870655179023743,18.0,0.0,,,,,,,,,,,,,,,,,,,,,,,,,,,,,,,,,,,,,,
1784058311.946,259235000,108,2,255,0,,,,,,,,,,,,,,,,,,,,0.0,0.0,0.0,0.0,3.0,2.450000047683716,0.0,0.0,0.03877812251448631,-0.023698367178440094,0.040172334760427475,1.0,0.0,0.0,0.0,0.0,0.0,0.0,0.0,,,,,,,,,,,,,,,,,,,
1784058311.970,259257000,109,3,254,0,,,,,,,,,,,,,,,,,,,,,,,,,,,,,,,,,,,,,,,1.0,1.0,1.0,1.0,1.0,1.0,4.0,0.0,-1.4253249168395996,0.13703157007694244,0.013484716415405273,-0.016495101153850555,0.0,0.0,0.07248973846435547,0.010269789025187492,-1.4118402004241943,0.12053646892309189,9.882490158081055
1784058312.063,259357000,114,1,0,0,10.0,25.0,10.0,25.0,9.262617111206055,25.33377456665039,-0.3337740898132324,33.773902893066406,43.906166076660156,0.0,0.0,0.0,1.0,1.0,0.0,-0.9758674502372742,0.7373824715614319,18.0,0.0,,,,,,,,,,,,,,,,,,,,,,,,,,,,,,,,,,,,,,
1784058312.063,259374000,115,1,1,0,10.0,25.0,10.0,25.0,9.269458770751953,25.131343841552734,-0.13134479522705078,43.79999542236328,47.669551849365234,0.0,0.0,0.0,1.0,1.0,0.0,1.2863695621490479,0.7305406332015991,18.0,0.0,,,,,,,,,,,,,,,,,,,,,,,,,,,,,,,,,,,,,,
1784058312.103,259393000,116,1,2,0,10.0,25.0,10.0,25.0,9.122802734375,24.974416732788086,0.02558380365371704,47.592369079589844,46.83324432373047,0.0,0.0,0.0,1.0,1.0,0.0,-1.3946685791015625,0.8771970868110657,18.0,0.0,,,,,,,,,,,,,,,,,,,,,,,,,,,,,,,,,,,,,,
1784058312.140,259414000,117,1,3,0,10.0,25.0,10.0,25.0,9.412715911865234,25.500471115112305,-0.5004703998565674,34.84754180908203,50.1784782409668,0.0,0.0,0.0,1.0,1.0,0.0,1.015963077545166,0.5872838497161865,18.0,0.0,,,,,,,,,,,,,,,,,,,,,,,,,,,,,,,,,,,,,,
1784058312.160,259437000,118,2,255,0,,,,,,,,,,,,,,,,,,,,0.0,0.0,0.0,0.0,3.0,2.450000047683716,0.0,0.0,0.03947779908776283,-0.024733204394578934,0.04017859324812889,1.0,0.0,0.0,0.0,0.0,0.0,0.0,0.0,,,,,,,,,,,,,,,,,,,
1784058312.185,259462000,119,3,254,0,,,,,,,,,,,,,,,,,,,,,,,,,,,,,,,,,,,,,,,1.0,1.0,1.0,1.0,1.0,1.0,4.0,0.0,-1.4253249168395996,0.13703157007694244,-0.012055516242980957,-0.020452670753002167,0.0,0.0,0.0874013900756836,0.007204888388514519,-1.4373804330825806,0.11657889932394028,9.897401809692383
1784058312.275,259552000,124,1,0,0,10.0,25.0,10.0,25.0,9.26234245300293,25.334300994873047,-0.33430159091949463,33.619930267333984,43.906166076660156,0.0,0.0,0.0,1.0,1.0,0.0,-0.9712859392166138,0.7376566529273987,18.0,0.0,,,,,,,,,,,,,,,,,,,,,,,,,,,,,,,,,,,,,,
1784058312.297,259570000,125,1,1,0,10.0,25.0,10.0,25.0,9.270475387573242,25.130535125732422,-0.13053417205810547,43.78851318359375,47.669551849365234,0.0,0.0,0.0,1.0,1.0,0.0,1.2862473726272583,0.7295243740081787,18.0,0.0,,,,,,,,,,,,,,,,,,,,,,,,,,,,,,,,,,,,,,
1784058312.314,259590000,126,1,2,0,10.0,25.0,10.0,25.0,9.122722625732422,24.9758358001709,0.02416372299194336,47.65934753417969,46.83324432373047,0.0,0.0,0.0,1.0,1.0,0.0,-1.3965554237365723,0.8772767782211304,18.0,0.0,,,,,,,,,,,,,,,,,,,,,,,,,,,,,,,,,,,,,,
1784058312.323,259612000,127,1,3,0,10.0,25.0,10.0,25.0,9.414203643798828,25.4998779296875,-0.49987733364105225,34.928775787353516,50.1784782409668,0.0,0.0,0.0,1.0,1.0,0.0,1.0189223289489746,0.5857959389686584,18.0,0.0,,,,,,,,,,,,,,,,,,,,,,,,,,,,,,,,,,,,,,
1784058312.360,259635000,128,2,255,0,,,,,,,,,,,,,,,,,,,,0.0,0.0,0.0,0.0,3.0,2.450000047683716,0.0,0.0,0.0330396443605423,-0.01790723204612732,0.040125198662281036,1.0,0.0,0.0,0.0,0.0,0.0,0.0,0.0,,,,,,,,,,,,,,,,,,,
1784058312.360,259661000,129,3,254,0,,,,,,,,,,,,,,,,,,,,,,,,,,,,,,,,,,,,,,,1.0,1.0,1.0,1.0,1.0,1.0,4.0,0.0,-1.4253249168395996,0.13703157007694244,0.008461713790893555,-0.022923439741134644,0.0,0.0,0.0732107162475586,0.005880899261683226,-1.416863203048706,0.1141081303358078,9.883211135864258
1784058312.461,259742000,134,1,0,0,10.0,25.0,10.0,25.0,9.260350227355957,25.336009979248047,-0.33600926399230957,33.62504196166992,43.906166076660156,0.0,0.0,0.0,1.0,1.0,0.0,-0.9711193442344666,0.7396489381790161,18.0,0.0,,,,,,,,,,,,,,,,,,,,,,,,,,,,,,,,,,,,,,
1784058312.475,259761000,135,1,1,0,10.0,25.0,10.0,25.0,9.27020263671875,25.1309757232666,-0.13097524642944336,43.71575927734375,47.669551849365234,0.0,0.0,0.0,1.0,1.0,0.0,1.2841534614562988,0.729796290397644,18.0,0.0,,,,,,,,,,,,,,,,,,,,,,,,,,,,,,,,,,,,,,
1784058312.496,259783000,136,1,2,0,10.0,25.0,10.0,25.0,9.121644973754883,24.975753784179688,0.02424567937850952,47.50823974609375,46.83324432373047,0.0,0.0,0.0,1.0,1.0,0.0,-1.3916131258010864,0.8783549070358276,18.0,0.0,,,,,,,,,,,,,,,,,,,,,,,,,,,,,,,,,,,,,,
1784058312.523,259806000,137,1,3,0,10.0,25.0,10.0,25.0,9.414074897766113,25.499027252197266,-0.49902796745300293,34.983036041259766,50.1784782409668,0.0,0.0,0.0,1.0,1.0,0.0,1.0205694437026978,0.5859240889549255,18.0,0.0,,,,,,,,,,,,,,,,,,,,,,,,,,,,,,,,,,,,,,
1784058312.523,259831000,138,2,255,0,,,,,,,,,,,,,,,,,,,,0.0,0.0,0.0,0.0,3.0,2.450000047683716,0.0,0.0,0.023826424032449722,-0.011481289751827717,0.04006519168615341,1.0,0.0,0.0,0.0,0.0,0.0,0.0,0.0,,,,,,,,,,,,,,,,,,,
1784058312.557,259858000,139,3,254,0,,,,,,,,,,,,,,,,,,,,,,,,,,,,,,,,,,,,,,,1.0,1.0,1.0,1.0,1.0,1.0,4.0,0.0,-1.4253249168395996,0.13703157007694244,0.026549339294433594,-0.017110027372837067,0.0,0.0,0.009011268615722656,0.004675937816500664,-1.398775577545166,0.11992154270410538,9.819011688232422
1784058312.653,259943000,144,1,0,0,10.0,25.0,10.0,25.0,9.260674476623535,25.334014892578125,-0.33401548862457275,33.56133270263672,43.906166076660156,0.0,0.0,0.0,1.0,1.0,0.0,-0.9687411189079285,0.7393248081207275,18.0,0.0,,,,,,,,,,,,,,,,,,,,,,,,,,,,,,,,,,,,,,
1784058312.683,259963000,145,1,1,0,10.0,25.0,10.0,25.0,9.269491195678711,25.13127899169922,-0.13127923011779785,43.80582046508789,47.669551849365234,0.0,0.0,0.0,1.0,1.0,0.0,1.2866058349609375,0.73050856590271,18.0,0.0,,,,,,,,,,,,,,,,,,,,,,,,,,,,,,,,,,,,,,
1784058312.712,259986000,146,1,2,0,10.0,25.0,10.0,25.0,9.123028755187988,24.97533416748047,0.024665892124176025,47.54192352294922,46.83324432373047,0.0,0.0,0.0,1.0,1.0,0.0,-1.3926657438278198,0.8769705891609192,18.0,0.0,,,,,,,,,,,,,,,,,,,,,,,,,,,,,,,,,,,,,,
1784058312.769,260011000,147,1,3,0,10.0,25.0,10.0,25.0,9.414103507995605,25.498973846435547,-0.4989743232727051,34.84443664550781,50.1784782409668,0.0,0.0,0.0,1.0,1.0,0.0,1.0162724256515503,0.5858957767486572,18.0,0.0,,,,,,,,,,,,,,,,,,,,,,,,,,,,,,,,,,,,,,
1784058312.769,260036000,148,2,255,0,,,,,,,,,,,,,,,,,,,,0.0,0.0,0.0,0.0,3.0,2.450000047683716,0.0,0.0,0.016713399440050125,-0.008927584625780582,0.04003210738301277,1.0,0.0,0.0,0.0,0.0,0.0,0.0,0.0,,,,,,,,,,,,,,,,,,,
1784058312.770,260063000,149,3,254,0,,,,,,,,,,,,,,,,,,,,,,,,,,,,,,,,,,,,,,,1.0,1.0,1.0,1.0,1.0,1.0,4.0,0.0,-1.4253249168395996,0.13703157007694244,0.04871559143066406,-0.03329950571060181,0.0,0.0,0.014135360717773438,0.009182593785226345,-1.3766093254089355,0.10373206436634064,9.795865058898926
1784058312.853,260142000,154,1,0,0,10.0,25.0,10.0,25.0,9.258060455322266,25.33547019958496,-0.3354698419570923,33.760562896728516,43.906166076660156,0.0,0.0,0.0,1.0,1.0,0.0,-0.9747258424758911,0.7419392466545105,18.0,0.0,,,,,,,,,,,,,,,,,,,,,,,,,,,,,,,,,,,,,,
1784058312.873,260162000,155,1,1,0,10.0,25.0,10.0,25.0,9.269196510314941,25.131872177124023,-0.131872296333313,43.5653190612793,47.669551849365234,0.0,0.0,0.0,1.0,1.0,0.0,1.278935432434082,0.7308028936386108,18.0,0.0,,,,,,,,,,,,,,,,,,,,,,,,,,,,,,,,,,,,,,
1784058312.904,260183000,156,1,2,0,10.0,25.0,10.0,25.0,9.120758056640625,24.976165771484375,0.023834407329559326,47.579444885253906,46.83324432373047,0.0,0.0,0.0,1.0,1.0,0.0,-1.3934940099716187,0.8792415261268616,18.0,0.0,,,,,,,,,,,,,,,,,,,,,,,,,,,,,,,,,,,,,,
1784058312.932,260208000,157,1,3,0,10.0,25.0,10.0,25.0,9.411837577819824,25.49985122680664,-0.4998505115509033,34.8853874206543,50.1784782409668,0.0,0.0,0.0,1.0,1.0,0.0,1.0172592401504517,0.5881622433662415,18.0,0.0,,,,,,,,,,,,,,,,,,,,,,,,,,,,,,,,,,,,,,
1784058312.932,260233000,158,2,255,0,,,,,,,,,,,,,,,,,,,,0.0,0.0,0.0,0.0,3.0,2.450000047683716,0.0,0.0,0.01543056033551693,-0.013510470278561115,0.040027372539043427,1.0,0.0,0.0,0.0,0.0,0.0,0.0,0.0,,,,,,,,,,,,,,,,,,,
1784058312.956,260253000,159,3,254,0,,,,,,,,,,,,,,,,,,,,,,,,,,,,,,,,,,,,,,,1.0,1.0,1.0,1.0,1.0,1.0,4.0,0.0,-1.4253249168395996,0.13703157007694244,0.04887032508850098,-0.02463613450527191,0.0,0.0,0.10722923278808594,0.012388544157147408,-1.3764545917510986,0.11239543557167053,9.917229652404785
1784058313.043,260334000,164,1,0,0,10.0,25.0,10.0,25.0,9.260700225830078,25.333953857421875,-0.3339529037475586,33.63288116455078,43.906166076660156,0.0,0.0,0.0,1.0,1.0,0.0,-0.970974326133728,0.7392995357513428,18.0,0.0,,,,,,,,,,,,,,,,,,,,,,,,,,,,,,,,,,,,,,
1784058313.070,260354000,165,1,1,0,10.0,25.0,10.0,25.0,9.26990795135498,25.13156509399414,-0.13156533241271973,43.596282958984375,47.669551849365234,0.0,0.0,0.0,1.0,1.0,0.0,1.2803311347961426,0.7300913333892822,18.0,0.0,,,,,,,,,,,,,,,,,,,,,,,,,,,,,,,,,,,,,,
1784058313.103,260376000,166,1,2,0,10.0,25.0,10.0,25.0,9.120840072631836,24.976001739501953,0.02399832010269165,47.554649353027344,46.83324432373047,0.0,0.0,0.0,1.0,1.0,0.0,-1.3927582502365112,0.8791595697402954,18.0,0.0,,,,,,,,,,,,,,,,,,,,,,,,,,,,,,,,,,,,,,
1784058313.117,260401000,167,1,3,0,10.0,25.0,10.0,25.0,9.412185668945312,25.50014877319336,-0.5001485347747803,34.85677719116211,50.1784782409668,0.0,0.0,0.0,1.0,1.0,0.0,1.0165597200393677,0.5878135561943054,18.0,0.0,,,,,,,,,,,,,,,,,,,,,,,,,,,,,,,,,,,,,,
1784058313.117,260428000,168,2,255,0,,,,,,,,,,,,,,,,,,,,0.0,0.0,0.0,0.0,3.0,2.450000047683716,0.0,0.0,0.00814844947308302,-0.01797228492796421,0.0400371216237545,1.0,0.0,0.0,0.0,0.0,0.0,0.0,0.0,,,,,,,,,,,,,,,,,,,
1784058313.159,260448000,169,3,254,0,,,,,,,,,,,,,,,,,,,,,,,,,,,,,,,,,,,,,,,1.0,1.0,1.0,1.0,1.0,1.0,4.0,0.0,-1.4253249168395996,0.13703157007694244,0.032634615898132324,-0.014216817915439606,0.0,0.0,0.11407470703125,0.006698032841086388,-1.3926903009414673,0.12281475216150284,9.92407512664795
1784058313.245,260528000,174,1,0,0,10.0,25.0,10.0,25.0,9.261920928955078,25.334020614624023,-0.3340214490890503,33.79909896850586,43.906166076660156,0.0,0.0,0.0,1.0,1.0,0.0,-0.9767472147941589,0.7380783557891846,18.0,0.0,,,,,,,,,,,,,,,,,,,,,,,,,,,,,,,,,,,,,,
1784058313.294,260548000,175,1,1,0,10.0,25.0,10.0,25.0,9.269235610961914,25.131807327270508,-0.13180673122406006,43.55135726928711,47.669551849365234,0.0,0.0,0.0,1.0,1.0,0.0,1.278626561164856,0.7307633757591248,18.0,0.0,,,,,,,,,,,,,,,,,,,,,,,,,,,,,,,,,,,,,,
1784058313.309,260571000,176,1,2,0,10.0,25.0,10.0,25.0,9.12137222290039,24.97493553161621,0.025063753128051758,47.493431091308594,46.83324432373047,0.0,0.0,0.0,1.0,1.0,0.0,-1.3908871412277222,0.878627598285675,18.0,0.0,,,,,,,,,,,,,,,,,,,,,,,,,,,,,,,,,,,,,,
1784058313.312,260596000,177,1,3,0,10.0,25.0,10.0,25.0,9.412678718566895,25.50053596496582,-0.5005359649658203,34.91410827636719,50.1784782409668,0.0,0.0,0.0,1.0,1.0,0.0,1.0182619094848633,0.5873210430145264,18.0,0.0,,,,,,,,,,,,,,,,,,,,,,,,,,,,,,,,,,,,,,
1784058313.346,260624000,178,2,255,0,,,,,,,,,,,,,,,,,,,,0.0,0.0,0.0,0.0,3.0,2.450000047683716,0.0,0.0,0.014853650704026222,-0.023710675537586212,0.04006455838680267,1.0,0.0,0.0,0.0,0.0,0.0,0.0,0.0,,,,,,,,,,,,,,,,,,,
1784058313.347,260644000,179,3,254,0,,,,,,,,,,,,,,,,,,,,,,,,,,,,,,,,,,,,,,,1.0,1.0,1.0,1.0,1.0,1.0,4.0,0.0,-1.4253249168395996,0.13703157007694244,-0.01989436149597168,-0.017191164195537567,0.0,0.0,0.10232925415039062,0.01574576087296009,-1.4452192783355713,0.11984040588140488,9.91232967376709
1784058313.442,260729000,184,1,0,0,10.0,25.0,10.0,25.0,9.260602951049805,25.33540153503418,-0.3354012966156006,33.69061279296875,43.906166076660156,0.0,0.0,0.0,1.0,1.0,0.0,-0.9733387231826782,0.739396333694458,18.0,0.0,,,,,,,,,,,,,,,,,,,,,,,,,,,,,,,,,,,,,,
1784058313.464,260752000,185,1,1,0,10.0,25.0,10.0,25.0,9.27020263671875,25.1309757232666,-0.13097524642944336,43.8106803894043,47.669551849365234,0.0,0.0,0.0,1.0,1.0,0.0,1.2869518995285034,0.729796290397644,18.0,0.0,,,,,,,,,,,,,,,,,,,,,,,,,,,,,,,,,,,,,,
1784058313.495,260778000,186,1,2,0,10.0,25.0,10.0,25.0,9.122018814086914,24.974750518798828,0.02524852752685547,47.736392974853516,46.83324432373047,0.0,0.0,0.0,1.0,1.0,0.0,-1.3988537788391113,0.8779808878898621,18.0,0.0,,,,,,,,,,,,,,,,,,,,,,,,,,,,,,,,,,,,,,
1784058313.507,260805000,187,1,3,0,10.0,25.0,10.0,25.0,9.413352966308594,25.49933433532715,-0.4993349313735962,34.84066390991211,50.1784782409668,0.0,0.0,0.0,1.0,1.0,0.0,1.0156723260879517,0.5866460800170898,18.0,0.0,,,,,,,,,,,,,,,,,,,,,,,,,,,,,,,,,,,,,,
1784058313.535,260826000,188,2,255,0,,,,,,,,,,,,,,,,,,,,0.0,0.0,0.0,0.0,3.0,2.450000047683716,0.0,0.0,0.00686359778046608,-0.023394836112856865,0.04006285220384598,1.0,0.0,0.0,0.0,0.0,0.0,0.0,0.0,,,,,,,,,,,,,,,,,,,
1784058313.549,260839000,189,3,254,0,,,,,,,,,,,,,,,,,,,,,,,,,,,,,,,,,,,,,,,1.0,1.0,1.0,1.0,1.0,1.0,4.0,0.0,-1.4253249168395996,0.13703157007694244,-0.021561503410339355,-0.007272586226463318,0.0,0.0,0.1515035629272461,0.003940411377698183,-1.446886420249939,0.12975898385047913,9.961503982543945
1784058313.650,260937000,194,1,0,0,10.0,25.0,10.0,25.0,9.262412071228027,25.334278106689453,-0.3342777490615845,33.668121337890625,43.906166076660156,0.0,0.0,0.0,1.0,1.0,0.0,-0.9726632237434387,0.7375873327255249,18.0,0.0,,,,,,,,,,,,,,,,,,,,,,,,,,,,,,,,,,,,,,
1784058313.674,260963000,195,1,1,0,10.0,25.0,10.0,25.0,9.269760131835938,25.130752563476562,-0.13075172901153564,43.77592849731445,47.669551849365234,0.0,0.0,0.0,1.0,1.0,0.0,1.2856138944625854,0.7302388548851013,18.0,0.0,,,,,,,,,,,,,,,,,,,,,,,,,,,,,,,,,,,,,,
1784058313.683,260983000,196,1,2,0,10.0,25.0,10.0,25.0,9.12232494354248,24.975502014160156,0.024497509002685547,47.6230354309082,46.83324432373047,0.0,0.0,0.0,1.0,1.0,0.0,-1.3952312469482422,0.8776746988296509,18.0,0.0,,,,,,,,,,,,,,,,,,,,,,,,,,,,,,,,,,,,,,
1784058313.720,260996000,197,1,3,0,10.0,25.0,10.0,25.0,9.412571907043457,25.499624252319336,-0.49962401390075684,34.951560974121094,50.1784782409668,0.0,0.0,0.0,1.0,1.0,0.0,1.019264578819275,0.5874276161193848,18.0,0.0,,,,,,,,,,,,,,,,,,,,,,,,,,,,,,,,,,,,,,
1784058313.720,261011000,198,2,255,0,,,,,,,,,,,,,,,,,,,,0.0,0.0,0.0,0.0,3.0,2.450000047683716,0.0,0.0,0.010980181396007538,-0.015828769654035568,0.040028803050518036,1.0,0.0,0.0,0.0,0.0,0.0,0.0,0.0,,,,,,,,,,,,,,,,,,,
1784058313.738,261027000,199,3,254,0,,,,,,,,,,,,,,,,,,,,,,,,,,,,,,,,,,,,,,,1.0,1.0,1.0,1.0,1.0,1.0,4.0,0.0,-1.4253249168395996,0.13703157007694244,-0.0053558349609375,-0.01749943196773529,0.0,0.0,0.08040046691894531,0.007911832071840763,-1.430680751800537,0.11953213810920715,9.890400886535645
1784058313.848,261133000,204,1,0,0,10.0,25.0,10.0,25.0,9.260177612304688,25.33513069152832,-0.33513009548187256,33.6314811706543,43.906166076660156,0.0,0.0,0.0,1.0,1.0,0.0,-0.9709258675575256,0.7398217916488647,18.0,0.0,,,,,,,,,,,,,,,,,,,,,,,,,,,,,,,,,,,,,,
1784058313.870,261160000,205,1,1,0,10.0,25.0,10.0,25.0,9.27135181427002,25.130033493041992,-0.1300334930419922,43.65963363647461,47.669551849365234,0.0,0.0,0.0,1.0,1.0,0.0,1.2821546792984009,0.7286474108695984,18.0,0.0,,,,,,,,,,,,,,,,,,,,,,,,,,,,,,,,,,,,,,
1784058313.893,261180000,206,1,2,0,10.0,25.0,10.0,25.0,9.124670028686523,24.97325897216797,0.02674013376235962,47.55495071411133,46.83324432373047,0.0,0.0,0.0,1.0,1.0,0.0,-1.393154263496399,0.8753292560577393,18.0,0.0,,,,,,,,,,,,,,,,,,,,,,,,,,,,,,,,,,,,,,
1784058313.899,261193000,207,1,3,0,10.0,25.0,10.0,25.0,9.415031433105469,25.499608993530273,-0.499609112739563,34.860801696777344,50.1784782409668,0.0,0.0,0.0,1.0,1.0,0.0,1.0166672468185425,0.5849682092666626,18.0,0.0,,,,,,,,,,,,,,,,,,,,,,,,,,,,,,,,,,,,,,
1784058313.912,261208000,208,2,255,0,,,,,,,,,,,,,,,,,,,,0.0,0.0,0.0,0.0,3.0,2.450000047683716,0.0,0.0,0.013101188465952873,-0.011931235902011395,0.04001973941922188,1.0,0.0,0.0,0.0,0.0,0.0,0.0,0.0,,,,,,,,,,,,,,,,,,,
1784058313.935,261223000,209,3,254,0,,,,,,,,,,,,,,,,,,,,,,,,,,,,,,,,,,,,,,,1.0,1.0,1.0,1.0,1.0,1.0,4.0,0.0,-1.4253249168395996,0.13703157007694244,0.024460196495056152,-0.02021939307451248,0.0,0.0,0.0777120590209961,0.0071624647825956345,-1.4008647203445435,0.11681217700242996,9.732288360595703
1784058314.047,261328000,214,1,0,0,10.0,25.0,10.0,25.0,9.25922679901123,25.335525512695312,-0.3355264663696289,33.80583572387695,43.906166076660156,0.0,0.0,0.0,1.0,1.0,0.0,-0.9767451286315918,0.7407724857330322,18.0,0.0,,,,,,,,,,,,,,,,,,,,,,,,,,,,,,,,,,,,,,
1784058314.061,261355000,215,1,1,0,10.0,25.0,10.0,25.0,9.269749641418457,25.13075828552246,-0.13075768947601318,43.57403564453125,47.669551849365234,0.0,0.0,0.0,1.0,1.0,0.0,1.2787868976593018,0.7302500009536743,18.0,0.0,,,,,,,,,,,,,,,,,,,,,,,,,,,,,,,,,,,,,,
1784058314.075,261376000,216,1,2,0,10.0,25.0,10.0,25.0,9.12336540222168,24.97464942932129,0.025349855422973633,47.63338088989258,46.83324432373047,0.0,0.0,0.0,1.0,1.0,0.0,-1.395775556564331,0.8766338229179382,18.0,0.0,,,,,,,,,,,,,,,,,,,,,,,,,,,,,,,,,,,,,,
1784058314.104,261387000,217,1,3,0,10.0,25.0,10.0,25.0,9.415729522705078,25.49799346923828,-0.4979938268661499,34.99846649169922,50.1784782409668,0.0,0.0,0.0,1.0,1.0,0.0,1.0213255882263184,0.5842700600624084,18.0,0.0,,,,,,,,,,,,,,,,,,,,,,,,,,,,,,,,,,,,,,
1784058314.104,261400000,218,2,255,0,,,,,,,,,,,,,,,,,,,,0.0,0.0,0.0,0.0,3.0,2.450000047683716,0.0,0.0,0.022322818636894226,-0.004541039001196623,0.0400572344660759,1.0,0.0,0.0,0.0,0.0,0.0,0.0,0.0,,,,,,,,,,,,,,,,,,,
1784058314.121,261415000,219,3,254,0,,,,,,,,,,,,,,,,,,,,,,,,,,,,,,,,,,,,,,,1.0,1.0,1.0,1.0,1.0,1.0,4.0,0.0,-1.4253249168395996,0.13703157007694244,0.062081098556518555,-0.011431783437728882,0.0,0.0,0.028753280639648438,0.016719738021492958,-1.363243818283081,0.12559978663921356,9.78124713897705
1784058314.233,261519000,224,1,0,0,10.0,25.0,10.0,25.0,9.258231163024902,25.335365295410156,-0.33536553382873535,33.654319763183594,43.906166076660156,0.0,0.0,0.0,1.0,1.0,0.0,-0.9715539813041687,0.7417678833007812,18.0,0.0,,,,,,,,,,,,,,,,,,,,,,,,,,,,,,,,,,,,,,
1784058314.234,261545000,225,1,1,0,10.0,25.0,10.0,25.0,9.269474029541016,25.131336212158203,-0.13133585453033447,43.667964935302734,47.669551849365234,0.0,0.0,0.0,1.0,1.0,0.0,1.2821003198623657,0.7305257320404053,18.0,0.0,,,,,,,,,,,,,,,,,,,,,,,,,,,,,,,,,,,,,,
1784058314.264,261565000,226,1,2,0,10.0,25.0,10.0,25.0,9.121232032775879,24.976335525512695,0.023664534091949463,47.53285217285156,46.83324432373047,0.0,0.0,0.0,1.0,1.0,0.0,-1.3922804594039917,0.8787676692008972,18.0,0.0,,,,,,,,,,,,,,,,,,,,,,,,,,,,,,,,,,,,,,
1784058314.281,261577000,227,1,3,0,10.0,25.0,10.0,25.0,9.413483619689941,25.49881935119629,-0.49881935119628906,35.11093521118164,50.1784782409668,0.0,0.0,0.0,1.0,1.0,0.0,1.0247390270233154,0.5865156650543213,18.0,0.0,,,,,,,,,,,,,,,,,,,,,,,,,,,,,,,,,,,,,,
1784058314.303,261591000,228,2,255,0,,,,,,,,,,,,,,,,,,,,0.0,0.0,0.0,0.0,3.0,2.450000047683716,0.0,0.0,0.01863858662545681,0.0001952765742316842,0.040039919316768646,1.0,0.0,0.0,0.0,0.0,0.0,0.0,0.0,,,,,,,,,,,,,,,,,,,
1784058314.316,261607000,229,3,254,0,,,,,,,,,,,,,,,,,,,,,,,,,,,,,,,,,,,,,,,1.0,1.0,1.0,1.0,1.0,1.0,4.0,0.0,-1.4253249168395996,0.13703157007694244,0.04230546951293945,0.01405477523803711,0.0,0.0,0.042270660400390625,0.007404780946671963,-1.3830194473266602,0.15108634531497955,9.85227108001709
1784058314.405,261718000,234,1,0,0,10.0,25.0,10.0,25.0,9.259946823120117,25.334226608276367,-0.3342270851135254,33.73029708862305,43.906166076660156,0.0,0.0,0.0,1.0,1.0,0.0,-0.9743343591690063,0.7400527596473694,18.0,0.0,,,,,,,,,,,,,,,,,,,,,,,,,,,,,,,,,,,,,,
1784058314.446,261739000,235,1,1,0,10.0,25.0,10.0,25.0,9.269187927246094,25.131916046142578,-0.13191699981689453,43.62955856323242,47.669551849365234,0.0,0.0,0.0,1.0,1.0,0.0,1.2807612419128418,0.7308118343353271,18.0,0.0,,,,,,,,,,,,,,,,,,,,,,,,,,,,,,,,,,,,,,
1784058314.457,261752000,236,1,2,0,10.0,25.0,10.0,25.0,9.121273040771484,24.974987030029297,0.025013089179992676,47.60517120361328,46.83324432373047,0.0,0.0,0.0,1.0,1.0,0.0,-1.3946973085403442,0.8787267208099365,18.0,0.0,,,,,,,,,,,,,,,,,,,,,,,,,,,,,,,,,,,,,,
1784058314.472,261768000,237,1,3,0,10.0,25.0,10.0,25.0,9.411766052246094,25.499874114990234,-0.4998743534088135,34.98242950439453,50.1784782409668,0.0,0.0,0.0,1.0,1.0,0.0,1.0203324556350708,0.5882337689399719,18.0,0.0,,,,,,,,,,,,,,,,,,,,,,,,,,,,,,,,,,,,,,
1784058314.492,261785000,238,2,255,0,,,,,,,,,,,,,,,,,,,,0.0,0.0,0.0,0.0,3.0,2.450000047683716,0.0,0.0,0.020742474123835564,0.012974425218999386,0.04004942625761032,1.0,0.0,0.0,0.0,0.0,0.0,0.0,0.0,,,,,,,,,,,,,,,,,,,
1784058314.512,261805000,239,3,254,0,,,,,,,,,,,,,,,,,,,,,,,,,,,,,,,,,,,,,,,1.0,1.0,1.0,1.0,1.0,1.0,4.0,0.0,-1.4253249168395996,0.13703157007694244,0.009259581565856934,0.03407911956310272,0.0,0.0,0.02883148193359375,0.009663661941885948,-1.4160653352737427,0.17111068964004517,9.781168937683105
1784058314.624,261917000,244,1,0,0,10.0,25.0,10.0,25.0,9.261372566223145,25.333749771118164,-0.33375024795532227,33.72611618041992,43.906166076660156,0.0,0.0,0.0,1.0,1.0,0.0,-0.9740931391716003,0.7386267185211182,18.0,0.0,,,,,,,,,,,,,,,,,,,,,,,,,,,,,,,,,,,,,,
1784058314.643,261937000,245,1,1,0,10.0,25.0,10.0,25.0,9.269716262817383,25.132062911987305,-0.13206303119659424,43.607906341552734,47.669551849365234,0.0,0.0,0.0,1.0,1.0,0.0,1.2804685831069946,0.7302827835083008,18.0,0.0,,,,,,,,,,,,,,,,,,,,,,,,,,,,,,,,,,,,,,
1784058314.662,261955000,246,1,2,0,10.0,25.0,10.0,25.0,9.121021270751953,24.975507736206055,0.024491548538208008,47.63886260986328,46.83324432373047,0.0,0.0,0.0,1.0,1.0,0.0,-1.3956841230392456,0.8789784908294678,18.0,0.0,,,,,,,,,,,,,,,,,,,,,,,,,,,,,,,,,,,,,,
1784058314.685,261975000,247,1,3,0,10.0,25.0,10.0,25.0,9.411503791809082,25.500492095947266,-0.5004912614822388,34.9534912109375,50.1784782409668,0.0,0.0,0.0,1.0,1.0,0.0,1.019098162651062,0.5884960293769836,18.0,0.0,,,,,,,,,,,,,,,,,,,,,,,,,,,,,,,,,,,,,,
1784058314.709,261998000,248,2,255,0,,,,,,,,,,,,,,,,,,,,0.0,0.0,0.0,0.0,3.0,2.450000047683716,0.0,0.0,0.038981325924396515,0.0016678740503266454,0.04017414152622223,1.0,0.0,0.0,0.0,0.0,0.0,0.0,0.0,,,,,,,,,,,,,,,,,,,
1784058314.734,262022000,249,3,254,0,,,,,,,,,,,,,,,,,,,,,,,,,,,,,,,,,,,,,,,1.0,1.0,1.0,1.0,1.0,1.0,4.0,0.0,-1.4253249168395996,0.13703157007694244,0.02406454086303711,-0.003799811005592346,0.0,0.0,0.05693340301513672,0.0037367981858551502,-1.4012603759765625,0.1332317590713501,9.866933822631836
1784058314.821,262120000,254,1,0,0,10.0,25.0,10.0,25.0,9.262760162353516,25.33372688293457,-0.3337264060974121,33.818904876708984,43.906166076660156,0.0,0.0,0.0,1.0,1.0,0.0,-0.9771324396133423,0.737239420413971,18.0,0.0,,,,,,,,,,,,,,,,,,,,,,,,,,,,,,,,,,,,,,
1784058314.838,262135000,255,1,1,0,10.0,25.0,10.0,25.0,9.269850730895996,25.130680084228516,-0.13068020343780518,43.67013168334961,47.669551849365234,0.0,0.0,0.0,1.0,1.0,0.0,1.2820500135421753,0.7301486730575562,18.0,0.0,,,,,,,,,,,,,,,,,,,,,,,,,,,,,,,,,,,,,,
1784058314.854,262151000,0,1,2,0,10.0,25.0,10.0,25.0,9.121931076049805,24.975173950195312,0.024825334548950195,47.54541015625,46.83324432373047,0.0,0.0,0.0,1.0,1.0,0.0,-1.3925483226776123,0.8780688047409058,18.0,0.0,,,,,,,,,,,,,,,,,,,,,,,,,,,,,,,,,,,,,,
1784058314.880,262168000,1,1,3,0,10.0,25.0,10.0,25.0,9.414376258850098,25.499433517456055,-0.4994332790374756,35.08560562133789,50.1784782409668,0.0,0.0,0.0,1.0,1.0,0.0,1.024202823638916,0.5856230854988098,18.0,0.0,,,,,,,,,,,,,,,,,,,,,,,,,,,,,,,,,,,,,,
1784058314.900,262187000,2,2,255,0,,,,,,,,,,,,,,,,,,,,0.0,0.0,0.0,0.0,3.0,2.450000047683716,0.0,0.0,0.05415348708629608,-0.01512063667178154,0.04033539444208145,1.0,0.0,0.0,0.0,0.0,0.0,0.0,0.0,,,,,,,,,,,,,,,,,,,
1784058314.918,262208000,3,3,254,0,,,,,,,,,,,,,,,,,,,,,,,,,,,,,,,,,,,,,,,1.0,1.0,1.0,1.0,1.0,1.0,4.0,0.0,-1.4253249168395996,0.13703157007694244,0.026334047317504883,-0.02508467435836792,0.0,0.0,0.05558490753173828,0.008435552008450031,-1.3989908695220947,0.11194689571857452,9.754415512084961
1784058315.018,262317000,8,1,0,0,10.0,25.0,10.0,25.0,9.261640548706055,25.334688186645508,-0.33468902111053467,33.77212142944336,43.906166076660156,0.0,0.0,0.0,1.0,1.0,0.0,-0.9755036234855652,0.7383592128753662,18.0,0.0,,,,,,,,,,,,,,,,,,,,,,,,,,,,,,,,,,,,,,
1784058315.037,262331000,9,1,1,0,10.0,25.0,10.0,25.0,9.269725799560547,25.130807876586914,-0.13080835342407227,43.88107681274414,47.669551849365234,0.0,0.0,0.0,1.0,1.0,0.0,1.2890284061431885,0.7302738428115845,18.0,0.0,,,,,,,,,,,,,,,,,,,,,,,,,,,,,,,,,,,,,,
1784058315.057,262346000,10,1,2,0,10.0,25.0,10.0,25.0,9.12355899810791,24.97413444519043,0.02586543560028076,47.69884490966797,46.83324432373047,0.0,0.0,0.0,1.0,1.0,0.0,-1.3978643417358398,0.8764401078224182,18.0,0.0,,,,,,,,,,,,,,,,,,,,,,,,,,,,,,,,,,,,,,
1784058315.074,262364000,11,1,3,0,10.0,25.0,10.0,25.0,9.41431999206543,25.499874114990234,-0.4998743534088135,34.93720245361328,50.1784782409668,0.0,0.0,0.0,1.0,1.0,0.0,1.0192631483078003,0.5856797099113464,18.0,0.0,,,,,,,,,,,,,,,,,,,,,,,,,,,,,,,,,,,,,,
1784058315.096,262383000,12,2,255,0,,,,,,,,,,,,,,,,,,,,0.0,0.0,0.0,0.0,3.0,2.450000047683716,0.0,0.0,0.04695679992437363,-0.015293404459953308,0.04025241732597351,1.0,0.0,0.0,0.0,0.0,0.0,0.0,0.0,,,,,,,,,,,,,,,,,,,
1784058315.116,262405000,13,3,254,0,,,,,,,,,,,,,,,,,,,,,,,,,,,,,,,,,,,,,,,1.0,1.0,1.0,1.0,1.0,1.0,4.0,0.0,-1.4253249168395996,0.13703157007694244,0.01728808879852295,-0.017428182065486908,0.0,0.0,0.08699703216552734,0.0017997059039771557,-1.4080368280410767,0.11960338801145554,9.896997451782227
1784058315.216,262502000,18,1,0,0,10.0,25.0,10.0,25.0,9.260087013244629,25.335174560546875,-0.3351747989654541,33.69725799560547,43.906166076660156,0.0,0.0,0.0,1.0,1.0,0.0,-0.9738214015960693,0.7399119138717651,18.0,0.0,,,,,,,,,,,,,,,,,,,,,,,,,,,,,,,,,,,,,,
1784058315.221,262517000,19,1,1,0,10.0,25.0,10.0,25.0,9.270065307617188,25.130123138427734,-0.13012290000915527,43.55745315551758,47.669551849365234,0.0,0.0,0.0,1.0,1.0,0.0,1.278921365737915,0.7299340963363647,18.0,0.0,,,,,,,,,,,,,,,,,,,,,,,,,,,,,,,,,,,,,,
1784058315.240,262534000,20,1,2,0,10.0,25.0,10.0,25.0,9.122559547424316,24.9741268157959,0.025872886180877686,47.62398910522461,46.83324432373047,0.0,0.0,0.0,1.0,1.0,0.0,-1.3949501514434814,0.8774399757385254,18.0,0.0,,,,,,,,,,,,,,,,,,,,,,,,,,,,,,,,,,,,,,
1784058315.262,262553000,21,1,3,0,10.0,25.0,10.0,25.0,9.41333293914795,25.49925422668457,-0.4992544651031494,34.98691177368164,50.1784782409668,0.0,0.0,0.0,1.0,1.0,0.0,1.0206575393676758,0.5866669416427612,18.0,0.0,,,,,,,,,,,,,,,,,,,,,,,,,,,,,,,,,,,,,,
1784058315.294,262574000,22,2,255,0,,,,,,,,,,,,,,,,,,,,0.0,0.0,0.0,0.0,3.0,2.450000047683716,0.0,0.0,0.02397935651242733,-0.00936654768884182,0.040066029876470566,1.0,0.0,0.0,0.0,0.0,0.0,0.0,0.0,,,,,,,,,,,,,,,,,,,
1784058315.317,262598000,23,3,254,0,,,,,,,,,,,,,,,,,,,,,,,,,,,,,,,,,,,,,,,1.0,1.0,1.0,1.0,1.0,1.0,4.0,0.0,-1.4253249168395996,0.13703157007694244,0.02632761001586914,-0.025760702788829803,0.0,0.0,0.13603973388671875,0.010636057704687119,-1.3989973068237305,0.11127086728811264,9.946040153503418
1784058315.406,262702000,28,1,0,0,10.0,25.0,10.0,25.0,9.259316444396973,25.33544921875,-0.3354489803314209,33.69444274902344,43.906166076660156,0.0,0.0,0.0,1.0,1.0,0.0,-0.9730041027069092,0.7406830787658691,18.0,0.0,,,,,,,,,,,,,,,,,,,,,,,,,,,,,,,,,,,,,,
1784058315.428,262719000,29,1,1,0,10.0,25.0,10.0,25.0,9.269586563110352,25.131202697753906,-0.13120174407958984,43.50822448730469,47.669551849365234,0.0,0.0,0.0,1.0,1.0,0.0,1.2769110202789307,0.7304131984710693,18.0,0.0,,,,,,,,,,,,,,,,,,,,,,,,,,,,,,,,,,,,,,
1784058315.445,262737000,30,1,2,0,10.0,25.0,10.0,25.0,9.120882034301758,24.976032257080078,0.02396702766418457,47.48304748535156,46.83324432373047,0.0,0.0,0.0,1.0,1.0,0.0,-1.390627145767212,0.8791178464889526,18.0,0.0,,,,,,,,,,,,,,,,,,,,,,,,,,,,,,,,,,,,,,
1784058315.469,262758000,31,1,3,0,10.0,25.0,10.0,25.0,9.413992881774902,25.499052047729492,-0.4990518093109131,34.920166015625,50.1784782409668,0.0,0.0,0.0,1.0,1.0,0.0,1.0186022520065308,0.586006760597229,18.0,0.0,,,,,,,,,,,,,,,,,,,,,,,,,,,,,,,,,,,,,,
1784058315.494,262782000,32,2,255,0,,,,,,,,,,,,,,,,,,,,0.0,0.0,0.0,0.0,3.0,2.450000047683716,0.0,0.0,0.014789005741477013,-0.0142254289239645,0.040025144815444946,1.0,0.0,0.0,0.0,0.0,0.0,0.0,0.0,,,,,,,,,,,,,,,,,,,
1784058315.522,262808000,33,3,254,0,,,,,,,,,,,,,,,,,,,,,,,,,,,,,,,,,,,,,,,1.0,1.0,1.0,1.0,1.0,1.0,4.0,0.0,-1.4253249168395996,0.13703157007694244,0.06418430805206299,-0.02747531235218048,0.0,0.0,0.04364967346191406,0.002810216974467039,-1.3611406087875366,0.10955625772476196,9.853650093078613
1784058315.613,262904000,38,1,0,0,10.0,25.0,10.0,25.0,9.258392333984375,25.334930419921875,-0.334930419921875,33.90467834472656,43.906166076660156,0.0,0.0,0.0,1.0,1.0,0.0,-0.9796664714813232,0.7416069507598877,18.0,0.0,,,,,,,,,,,,,,,,,,,,,,,,,,,,,,,,,,,,,,
1784058315.631,262922000,39,1,1,0,10.0,25.0,10.0,25.0,9.270458221435547,25.13045883178711,-0.13045966625213623,43.79012680053711,47.669551849365234,0.0,0.0,0.0,1.0,1.0,0.0,1.286309003829956,0.7295414805412292,18.0,0.0,,,,,,,,,,,,,,,,,,,,,,,,,,,,,,,,,,,,,,
1784058315.658,262942000,40,1,2,0,10.0,25.0,10.0,25.0,9.120586395263672,24.97652816772461,0.023472309112548828,47.19224548339844,46.83324432373047,0.0,0.0,0.0,1.0,1.0,0.0,-1.3815072774887085,0.8794128894805908,18.0,0.0,,,,,,,,,,,,,,,,,,,,,,,,,,,,,,,,,,,,,,
1784058315.680,262965000,41,1,3,0,10.0,25.0,10.0,25.0,9.412964820861816,25.499862670898438,-0.4998624324798584,34.916831970214844,50.1784782409668,0.0,0.0,0.0,1.0,1.0,0.0,1.0182652473449707,0.5870349407196045,18.0,0.0,,,,,,,,,,,,,,,,,,,,,,,,,,,,,,,,,,,,,,
1784058315.701,262988000,42,2,255,0,,,,,,,,,,,,,,,,,,,,0.0,0.0,0.0,0.0,3.0,2.450000047683716,0.0,0.0,0.012895878404378891,-0.017970984801650047,0.040037114173173904,1.0,0.0,0.0,0.0,0.0,0.0,0.0,0.0,,,,,,,,,,,,,,,,,,,
1784058315.762,263014000,43,3,254,0,,,,,,,,,,,,,,,,,,,,,,,,,,,,,,,,,,,,,,,1.0,1.0,1.0,1.0,1.0,1.0,4.0,0.0,-1.4253249168395996,0.13703157007694244,0.03531849384307861,-0.015778638422489166,0.0,0.0,0.05006980895996094,0.007866579107940197,-1.390006422996521,0.12125293165445328,9.86007022857666
1784058315.812,263106000,48,1,0,0,10.0,25.0,10.0,25.0,9.260444641113281,25.334470748901367,-0.3344714641571045,33.62675094604492,43.906166076660156,0.0,0.0,0.0,1.0,1.0,0.0,-0.9710326790809631,0.7395542860031128,18.0,0.0,,,,,,,,,,,,,,,,,,,,,,,,,,,,,,,,,,,,,,
1784058315.851,263124000,49,1,1,0,10.0,25.0,10.0,25.0,9.269495010375977,25.131282806396484,-0.13128221035003662,43.718502044677734,47.669551849365234,0.0,0.0,0.0,1.0,1.0,0.0,1.283939003944397,0.7305048704147339,18.0,0.0,,,,,,,,,,,,,,,,,,,,,,,,,,,,,,,,,,,,,,
1784058315.863,263144000,50,1,2,0,10.0,25.0,10.0,25.0,9.121072769165039,24.975528717041016,0.02447068691253662,47.498939514160156,46.83324432373047,0.0,0.0,0.0,1.0,1.0,0.0,-1.391281008720398,0.8789271116256714,18.0,0.0,,,,,,,,,,,,,,,,,,,,,,,,,,,,,,,,,,,,,,
1784058315.894,263167000,51,1,3,0,10.0,25.0,10.0,25.0,9.412243843078613,25.50016975402832,-0.5001693964004517,34.95143127441406,50.1784782409668,0.0,0.0,0.0,1.0,1.0,0.0,1.0190500020980835,0.5877554416656494,18.0,0.0,,,,,,,,,,,,,,,,,,,,,,,,,,,,,,,,,,,,,,
1784058315.915,263192000,52,2,255,0,,,,,,,,,,,,,,,,,,,,0.0,0.0,0.0,0.0,3.0,2.450000047683716,0.0,0.0,0.006227612029761076,-0.02267858013510704,0.04005907103419304,1.0,0.0,0.0,0.0,0.0,0.0,0.0,0.0,,,,,,,,,,,,,,,,,,,
1784058315.916,263219000,53,3,254,0,,,,,,,,,,,,,,,,,,,,,,,,,,,,,,,,,,,,,,,1.0,1.0,1.0,1.0,1.0,1.0,4.0,0.0,-1.4253249168395996,0.13703157007694244,0.022561192512512207,-0.00965474545955658,0.0,0.0,0.08638191223144531,0.004569902550429106,-1.4027637243270874,0.12737682461738586,9.723618507385254
1784058316.009,263298000,58,1,0,0,10.0,25.0,10.0,25.0,9.26043701171875,25.33460807800293,-0.3346085548400879,33.82649230957031,43.906166076660156,0.0,0.0,0.0,1.0,1.0,0.0,-0.9771900177001953,0.7395625114440918,18.0,0.0,,,,,,,,,,,,,,,,,,,,,,,,,,,,,,,,,,,,,,
1784058316.039,263318000,59,1,1,0,10.0,25.0,10.0,25.0,9.269043922424316,25.132307052612305,-0.13230741024017334,43.48225784301758,47.669551849365234,0.0,0.0,0.0,1.0,1.0,0.0,1.2760525941848755,0.7309556007385254,18.0,0.0,,,,,,,,,,,,,,,,,,,,,,,,,,,,,,,,,,,,,,
1784058316.055,263338000,60,1,2,0,10.0,25.0,10.0,25.0,9.120787620544434,24.976106643676758,0.023894011974334717,47.59259796142578,46.83324432373047,0.0,0.0,0.0,1.0,1.0,0.0,-1.3941463232040405,0.8792117238044739,18.0,0.0,,,,,,,,,,,,,,,,,,,,,,,,,,,,,,,,,,,,,,
1784058316.074,263360000,61,1,3,0,10.0,25.0,10.0,25.0,9.414022445678711,25.499141693115234,-0.49914121627807617,34.88207244873047,50.1784782409668,0.0,0.0,0.0,1.0,1.0,0.0,1.0169265270233154,0.5859769582748413,18.0,0.0,,,,,,,,,,,,,,,,,,,,,,,,,,,,,,,,,,,,,,
1784058316.101,263385000,62,2,255,0,,,,,,,,,,,,,,,,,,,,0.0,0.0,0.0,0.0,3.0,2.450000047683716,0.0,0.0,0.016103051602840424,-0.024007080122828484,0.0400661826133728,1.0,0.0,0.0,0.0,0.0,0.0,0.0,0.0,,,,,,,,,,,,,,,,,,,
1784058316.132,263412000,63,3,254,0,,,,,,,,,,,,,,,,,,,,,,,,,,,,,,,,,,,,,,,1.0,1.0,1.0,1.0,1.0,1.0,4.0,0.0,-1.4253249168395996,0.13703157007694244,0.0029511451721191406,-0.007498010993003845,0.0,0.0,0.03579235076904297,0.0029594728257507086,-1.4223737716674805,0.1295335590839386,9.774208068847656
1784058316.222,263506000,68,1,0,0,10.0,25.0,10.0,25.0,9.261155128479004,25.334300994873047,-0.33430159091949463,33.690120697021484,43.906166076660156,0.0,0.0,0.0,1.0,1.0,0.0,-0.9730390906333923,0.7388442754745483,18.0,0.0,,,,,,,,,,,,,,,,,,,,,,,,,,,,,,,,,,,,,,
1784058316.239,263525000,69,1,1,0,10.0,25.0,10.0,25.0,9.270319938659668,25.130983352661133,-0.13098418712615967,43.62690734863281,47.669551849365234,0.0,0.0,0.0,1.0,1.0,0.0,1.2809196710586548,0.7296793460845947,18.0,0.0,,,,,,,,,,,,,,,,,,,,,,,,,,,,,,,,,,,,,,
1784058316.260,263546000,70,1,2,0,10.0,25.0,10.0,25.0,9.122352600097656,24.974063873291016,0.025935471057891846,47.76254653930664,46.83324432373047,0.0,0.0,0.0,1.0,1.0,0.0,-1.3997461795806885,0.8776471018791199,18.0,0.0,,,,,,,,,,,,,,,,,,,,,,,,,,,,,,,,,,,,,,
1784058316.282,263569000,71,1,3,0,10.0,25.0,10.0,25.0,9.412008285522461,25.500730514526367,-0.5007296800613403,34.8424186706543,50.1784782409668,0.0,0.0,0.0,1.0,1.0,0.0,1.0156925916671753,0.5879908800125122,18.0,0.0,,,,,,,,,,,,,,,,,,,,,,,,,,,,,,,,,,,,,,
1784058316.320,263594000,72,2,255,0,,,,,,,,,,,,,,,,,,,,0.0,0.0,0.0,0.0,3.0,2.450000047683716,0.0,0.0,0.02263556979596615,-0.012998799793422222,0.04005884751677513,1.0,0.0,0.0,0.0,0.0,0.0,0.0,0.0,,,,,,,,,,,,,,,,,,,
1784058316.321,263621000,73,3,254,0,,,,,,,,,,,,,,,,,,,,,,,,,,,,,,,,,,,,,,,1.0,1.0,1.0,1.0,1.0,1.0,4.0,0.0,-1.4253249168395996,0.13703157007694244,-0.02254307270050049,0.0029471218585968018,0.0,0.0,0.07924842834472656,0.003515009069815278,-1.4478679895401,0.13997869193553925,9.889248847961426
1784058316.416,263703000,78,1,0,0,10.0,25.0,10.0,25.0,9.26203727722168,25.334918975830078,-0.3349184989929199,33.69921875,43.906166076660156,0.0,0.0,0.0,1.0,1.0,0.0,-0.9737268090248108,0.7379621267318726,18.0,0.0,,,,,,,,,,,,,,,,,,,,,,,,,,,,,,,,,,,,,,
1784058316.416,263723000,79,1,1,0,10.0,25.0,10.0,25.0,9.269777297973633,25.130701065063477,-0.13070106506347656,43.705684661865234,47.669551849365234,0.0,0.0,0.0,1.0,1.0,0.0,1.283163070678711,0.7302217483520508,18.0,0.0,,,,,,,,,,,,,,,,,,,,,,,,,,,,,,,,,,,,,,
1784058316.464,263744000,80,1,2,0,10.0,25.0,10.0,25.0,9.122969627380371,24.97430992126465,0.02568960189819336,47.52690887451172,46.83324432373047,0.0,0.0,0.0,1.0,1.0,0.0,-1.3922251462936401,0.8770294189453125,18.0,0.0,,,,,,,,,,,,,,,,,,,,,,,,,,,,,,,,,,,,,,
1784058316.492,263768000,81,1,3,0,10.0,25.0,10.0,25.0,9.4121675491333,25.500207901000977,-0.5002081394195557,35.04376220703125,50.1784782409668,0.0,0.0,0.0,1.0,1.0,0.0,1.0223479270935059,0.587831437587738,18.0,0.0,,,,,,,,,,,,,,,,,,,,,,,,,,,,,,,,,,,,,,
1784058316.492,263795000,82,2,255,0,,,,,,,,,,,,,,,,,,,,0.0,0.0,0.0,0.0,3.0,2.450000047683716,0.0,0.0,0.023128949105739594,-0.009107861667871475,0.04006143659353256,1.0,0.0,0.0,0.0,0.0,0.0,0.0,0.0,,,,,,,,,,,,,,,,,,,
1784058316.514,263815000,83,3,254,0,,,,,,,,,,,,,,,,,,,,,,,,,,,,,,,,,,,,,,,1.0,1.0,1.0,1.0,1.0,1.0,4.0,0.0,-1.4253249168395996,0.13703157007694244,-0.01206350326538086,-0.00871594250202179,0.0,0.0,0.014737129211425781,0.009190190583467484,-1.4373884201049805,0.12831562757492065,9.824737548828125
1784058316.602,263894000,88,1,0,0,10.0,25.0,10.0,25.0,9.2589750289917,25.33746910095215,-0.33746957778930664,33.94960403442383,43.906166076660156,0.0,0.0,0.0,1.0,1.0,0.0,-0.9813989996910095,0.7410243153572083,18.0,0.0,,,,,,,,,,,,,,,,,,,,,,,,,,,,,,,,,,,,,,
1784058316.625,263915000,89,1,1,0,10.0,25.0,10.0,25.0,9.269737243652344,25.13067054748535,-0.13067126274108887,43.634742736816406,47.669551849365234,0.0,0.0,0.0,1.0,1.0,0.0,1.2813661098480225,0.7302619218826294,18.0,0.0,,,,,,,,,,,,,,,,,,,,,,,,,,,,,,,,,,,,,,
1784058316.657,263937000,90,1,2,0,10.0,25.0,10.0,25.0,9.122591018676758,24.974977493286133,0.025022029876708984,47.57360076904297,46.83324432373047,0.0,0.0,0.0,1.0,1.0,0.0,-1.393736481666565,0.8774079084396362,18.0,0.0,,,,,,,,,,,,,,,,,,,,,,,,,,,,,,,,,,,,,,
1784058316.684,263962000,91,1,3,0,10.0,25.0,10.0,25.0,9.41211986541748,25.500642776489258,-0.500643253326416,34.94150924682617,50.1784782409668,0.0,0.0,0.0,1.0,1.0,0.0,1.0187690258026123,0.5878798961639404,18.0,0.0,,,,,,,,,,,,,,,,,,,,,,,,,,,,,,,,,,,,,,
1784058316.685,263989000,92,2,255,0,,,,,,,,,,,,,,,,,,,,0.0,0.0,0.0,0.0,3.0,2.450000047683716,0.0,0.0,0.016834136098623276,-0.01737675629556179,0.0400347039103508,1.0,0.0,0.0,0.0,0.0,0.0,0.0,0.0,,,,,,,,,,,,,,,,,,,
1784058316.728,264010000,93,3,254,0,,,,,,,,,,,,,,,,,,,,,,,,,,,,,,,,,,,,,,,1.0,1.0,1.0,1.0,1.0,1.0,4.0,0.0,-1.4253249168395996,0.13703157007694244,-0.009257197380065918,-0.04501936584711075,0.0,0.0,0.10821723937988281,0.005880899261683226,-1.4345821142196655,0.0920122042298317,9.918217658996582
1784058316.805,264090000,98,1,0,0,10.0,25.0,10.0,25.0,9.261075019836426,25.33433723449707,-0.33433735370635986,33.75320816040039,43.906166076660156,0.0,0.0,0.0,1.0,1.0,0.0,-0.974988579750061,0.7389247417449951,18.0,0.0,,,,,,,,,,,,,,,,,,,,,,,,,,,,,,,,,,,,,,
1784058316.830,264113000,99,1,1,0,10.0,25.0,10.0,25.0,9.270177841186523,25.131025314331055,-0.13102591037750244,43.728126525878906,47.669551849365234,0.0,0.0,0.0,1.0,1.0,0.0,1.2839858531951904,0.7298216223716736,18.0,0.0,,,,,,,,,,,,,,,,,,,,,,,,,,,,,,,,,,,,,,
1784058316.860,264136000,100,1,2,0,10.0,25.0,10.0,25.0,9.123197555541992,24.973846435546875,0.02615302801132202,47.70671844482422,46.83324432373047,0.0,0.0,0.0,1.0,1.0,0.0,-1.3978101015090942,0.8768014907836914,18.0,0.0,,,,,,,,,,,,,,,,,,,,,,,,,,,,,,,,,,,,,,
1784058316.876,264162000,101,1,3,0,10.0,25.0,10.0,25.0,9.41500186920166,25.49821662902832,-0.4982173442840576,34.93598175048828,50.1784782409668,0.0,0.0,0.0,1.0,1.0,0.0,1.0190870761871338,0.5849980115890503,18.0,0.0,,,,,,,,,,,,,,,,,,,,,,,,,,,,,,,,,,,,,,
1784058316.891,264182000,102,2,255,0,,,,,,,,,,,,,,,,,,,,0.0,0.0,0.0,0.0,3.0,2.450000047683716,0.0,0.0,0.005020687356591225,-0.02586030587553978,0.04007677361369133,1.0,0.0,0.0,0.0,0.0,0.0,0.0,0.0,,,,,,,,,,,,,,,,,,,
1784058316.918,264195000,103,3,254,0,,,,,,,,,,,,,,,,,,,,,,,,,,,,,,,,,,,,,,,1.0,1.0,1.0,1.0,1.0,1.0,4.0,0.0,-1.4253249168395996,0.13703157007694244,0.010594487190246582,-0.042459636926651,0.0,0.0,0.029697418212890625,0.010276432149112225,-1.414730429649353,0.09457193315029144,9.83969783782959
1784058317.004,264288000,108,1,0,0,10.0,25.0,10.0,25.0,9.259788513183594,25.33441734313965,-0.33441781997680664,33.88874053955078,43.906166076660156,0.0,0.0,0.0,1.0,1.0,0.0,-0.979159414768219,0.7402107119560242,18.0,0.0,,,,,,,,,,,,,,,,,,,,,,,,,,,,,,,,,,,,,,
1784058317.028,264314000,109,1,1,0,10.0,25.0,10.0,25.0,9.270236015319824,25.130922317504883,-0.1309216022491455,43.395904541015625,47.669551849365234,0.0,0.0,0.0,1.0,1.0,0.0,1.2736358642578125,0.7297635078430176,18.0,0.0,,,,,,,,,,,,,,,,,,,,,,,,,,,,,,,,,,,,,,
1784058317.051,264340000,110,1,2,0,10.0,25.0,10.0,25.0,9.12258529663086,24.9749755859375,0.025025010108947754,47.53950500488281,46.83324432373047,0.0,0.0,0.0,1.0,1.0,0.0,-1.3924636840820312,0.8774138689041138,18.0,0.0,,,,,,,,,,,,,,,,,,,,,,,,,,,,,,,,,,,,,,
1784058317.065,264360000,111,1,3,0,10.0,25.0,10.0,25.0,9.416105270385742,25.49738311767578,-0.49738287925720215,35.01387405395508,50.1784782409668,0.0,0.0,0.0,1.0,1.0,0.0,1.0219392776489258,0.5838945508003235,18.0,0.0,,,,,,,,,,,,,,,,,,,,,,,,,,,,,,,,,,,,,,
1784058317.080,264373000,112,2,255,0,,,,,,,,,,,,,,,,,,,,0.0,0.0,0.0,0.0,3.0,2.450000047683716,0.0,0.0,-0.0016600152011960745,-0.02361191436648369,0.040064021944999695,1.0,0.0,0.0,0.0,0.0,0.0,0.0,0.0,,,,,,,,,,,,,,,,,,,
1784058317.097,264387000,113,3,254,0,,,,,,,,,,,,,,,,,,,,,,,,,,,,,,,,,,,,,,,1.0,1.0,1.0,1.0,1.0,1.0,4.0,0.0,-1.4253249168395996,0.13703157007694244,0.034490227699279785,-0.026155546307563782,0.0,0.0,0.13623523712158203,0.0071230698376894,-1.3908346891403198,0.11087602376937866,9.946235656738281
1784058317.199,264487000,118,1,0,0,10.0,25.0,10.0,25.0,9.260231018066406,25.333654403686523,-0.33365488052368164,33.643890380859375,43.906166076660156,0.0,0.0,0.0,1.0,1.0,0.0,-0.9713580012321472,0.7397681474685669,18.0,0.0,,,,,,,,,,,,,,,,,,,,,,,,,,,,,,,,,,,,,,
1784058317.234,264512000,119,1,1,0,10.0,25.0,10.0,25.0,9.269235610961914,25.131807327270508,-0.13180673122406006,43.52135467529297,47.669551849365234,0.0,0.0,0.0,1.0,1.0,0.0,1.2772376537322998,0.7307633757591248,18.0,0.0,,,,,,,,,,,,,,,,,,,,,,,,,,,,,,,,,,,,,,
1784058317.234,264539000,120,1,2,0,10.0,25.0,10.0,25.0,9.120031356811523,24.976381301879883,0.023618340492248535,47.50096893310547,46.83324432373047,0.0,0.0,0.0,1.0,1.0,0.0,-1.3912386894226074,0.8799679279327393,18.0,0.0,,,,,,,,,,,,,,,,,,,,,,,,,,,,,,,,,,,,,,
1784058317.259,264559000,121,1,3,0,10.0,25.0,10.0,25.0,9.412433624267578,25.499677658081055,-0.4996776580810547,34.98402404785156,50.1784782409668,0.0,0.0,0.0,1.0,1.0,0.0,1.0204530954360962,0.5875661969184875,18.0,0.0,,,,,,,,,,,,,,,,,,,,,,,,,,,,,,,,,,,,,,
1784058317.281,264572000,122,2,255,0,,,,,,,,,,,,,,,,,,,,0.0,0.0,0.0,0.0,3.0,2.450000047683716,0.0,0.0,-0.00034741853596642613,-0.014635362662374973,0.04002462700009346,1.0,0.0,0.0,0.0,0.0,0.0,0.0,0.0,,,,,,,,,,,,,,,,,,,
1784058317.296,264587000,123,3,254,0,,,,,,,,,,,,,,,,,,,,,,,,,,,,,,,,,,,,,,,1.0,1.0,1.0,1.0,1.0,1.0,4.0,0.0,-1.4253249168395996,0.13703157007694244,0.008763313293457031,-0.0016799122095108032,0.0,0.0,0.10034847259521484,0.005407423246651888,-1.4165616035461426,0.13535165786743164,9.910348892211914
1784058317.395,264684000,128,1,0,0,10.0,25.0,10.0,25.0,9.260655403137207,25.334060668945312,-0.3340601921081543,33.86237716674805,43.906166076660156,0.0,0.0,0.0,1.0,1.0,0.0,-0.9785269498825073,0.7393442392349243,18.0,0.0,,,,,,,,,,,,,,,,,,,,,,,,,,,,,,,,,,,,,,
1784058317.426,264708000,129,1,1,0,10.0,25.0,10.0,25.0,9.268211364746094,25.132614135742188,-0.1326143741607666,43.611053466796875,47.669551849365234,0.0,0.0,0.0,1.0,1.0,0.0,1.2806193828582764,0.7317878007888794,18.0,0.0,,,,,,,,,,,,,,,,,,,,,,,,,,,,,,,,,,,,,,
1784058317.433,264734000,130,1,2,0,10.0,25.0,10.0,25.0,9.122282028198242,24.974084854125977,0.02591460943222046,47.46083068847656,46.83324432373047,0.0,0.0,0.0,1.0,1.0,0.0,-1.3901430368423462,0.877717137336731,18.0,0.0,,,,,,,,,,,,,,,,,,,,,,,,,,,,,,,,,,,,,,
1784058317.454,264754000,131,1,3,0,10.0,25.0,10.0,25.0,9.41071891784668,25.500690460205078,-0.5006909370422363,34.727752685546875,50.1784782409668,0.0,0.0,0.0,1.0,1.0,0.0,1.0122419595718384,0.5892806053161621,18.0,0.0,,,,,,,,,,,,,,,,,,,,,,,,,,,,,,,,,,,,,,
1784058317.473,264767000,132,2,255,0,,,,,,,,,,,,,,,,,,,,0.0,0.0,0.0,0.0,3.0,2.450000047683716,0.0,0.0,0.007815812714397907,-0.007815741933882236,0.040007028728723526,1.0,0.0,0.0,0.0,0.0,0.0,0.0,0.0,,,,,,,,,,,,,,,,,,,
1784058317.484,264781000,133,3,254,0,,,,,,,,,,,,,,,,,,,,,,,,,,,,,,,,,,,,,,,1.0,1.0,1.0,1.0,1.0,1.0,4.0,0.0,-1.4253249168395996,0.13703157007694244,-0.010829925537109375,0.0188225656747818,0.0,0.0,0.020982742309570312,0.00885626021772623,-1.436154842376709,0.15585413575172424,9.789017677307129
1784058317.597,264875000,138,1,0,0,10.0,25.0,10.0,25.0,9.262052536010742,25.334877014160156,-0.33487677574157715,33.840476989746094,43.906166076660156,0.0,0.0,0.0,1.0,1.0,0.0,-0.9779460430145264,0.7379472255706787,18.0,0.0,,,,,,,,,,,,,,,,,,,,,,,,,,,,,,,,,,,,,,
1784058317.671,264901000,139,1,1,0,10.0,25.0,10.0,25.0,9.269775390625,25.130706787109375,-0.1307070255279541,43.734832763671875,47.669551849365234,0.0,0.0,0.0,1.0,1.0,0.0,1.2844672203063965,0.7302239537239075,18.0,0.0,,,,,,,,,,,,,,,,,,,,,,,,,,,,,,,,,,,,,,
1784058317.673,264927000,140,1,2,0,10.0,25.0,10.0,25.0,9.122542381286621,24.973695755004883,0.026305019855499268,47.702335357666016,46.83324432373047,0.0,0.0,0.0,1.0,1.0,0.0,-1.3978861570358276,0.8774571418762207,18.0,0.0,,,,,,,,,,,,,,,,,,,,,,,,,,,,,,,,,,,,,,
1784058317.673,264947000,141,1,3,0,10.0,25.0,10.0,25.0,9.413410186767578,25.49932098388672,-0.49932003021240234,34.93757629394531,50.1784782409668,0.0,0.0,0.0,1.0,1.0,0.0,1.0191047191619873,0.5865894556045532,18.0,0.0,,,,,,,,,,,,,,,,,,,,,,,,,,,,,,,,,,,,,,
1784058317.673,264960000,142,2,255,0,,,,,,,,,,,,,,,,,,,,0.0,0.0,0.0,0.0,3.0,2.450000047683716,0.0,0.0,0.023982036858797073,-0.010819097980856895,0.04006604477763176,1.0,0.0,0.0,0.0,0.0,0.0,0.0,0.0,,,,,,,,,,,,,,,,,,,
1784058317.698,264975000,143,3,254,0,,,,,,,,,,,,,,,,,,,,,,,,,,,,,,,,,,,,,,,1.0,1.0,1.0,1.0,1.0,1.0,4.0,0.0,-1.4253249168395996,0.13703157007694244,0.004561066627502441,-0.005554795265197754,0.0,0.0,0.08524417877197266,0.005329604726284742,-1.4207638502120972,0.1314767748117447,9.724756240844727
1784058317.800,265075000,148,1,0,0,10.0,25.0,10.0,25.0,9.261279106140137,25.335294723510742,-0.3352940082550049,33.8453483581543,43.906166076660156,0.0,0.0,0.0,1.0,1.0,0.0,-0.9781683087348938,0.7387205958366394,18.0,0.0,,,,,,,,,,,,,,,,,,,,,,,,,,,,,,,,,,,,,,
1784058317.816,265101000,149,1,1,0,10.0,25.0,10.0,25.0,9.269716262817383,25.130725860595703,-0.13072490692138672,43.82656478881836,47.669551849365234,0.0,0.0,0.0,1.0,1.0,0.0,1.2872470617294312,0.7302827835083008,18.0,0.0,,,,,,,,,,,,,,,,,,,,,,,,,,,,,,,,,,,,,,
1784058317.823,265121000,150,1,2,0,10.0,25.0,10.0,25.0,9.122369766235352,24.974151611328125,0.025847554206848145,47.7054328918457,46.83324432373047,0.0,0.0,0.0,1.0,1.0,0.0,-1.3978127241134644,0.8776292204856873,18.0,0.0,,,,,,,,,,,,,,,,,,,,,,,,,,,,,,,,,,,,,,
1784058317.849,265133000,151,1,3,0,10.0,25.0,10.0,25.0,9.412973403930664,25.49994659423828,-0.49994587898254395,35.00033187866211,50.1784782409668,0.0,0.0,0.0,1.0,1.0,0.0,1.0209518671035767,0.5870260000228882,18.0,0.0,,,,,,,,,,,,,,,,,,,,,,,,,,,,,,,,,,,,,,
1784058317.849,265146000,152,2,255,0,,,,,,,,,,,,,,,,,,,,0.0,0.0,0.0,0.0,3.0,2.450000047683716,0.0,0.0,0.03928326070308685,-0.017020147293806076,0.040176842361688614,1.0,0.0,0.0,0.0,0.0,0.0,0.0,0.0,,,,,,,,,,,,,,,,,,,
1784058317.881,265162000,153,3,254,0,,,,,,,,,,,,,,,,,,,,,,,,,,,,,,,,,,,,,,,1.0,1.0,1.0,1.0,1.0,1.0,4.0,0.0,-1.4253249168395996,0.13703157007694244,0.008719801902770996,-0.026101499795913696,0.0,0.0,0.06330394744873047,0.00945496279746294,-1.4166051149368286,0.11093007028102875,9.746696472167969
1784058317.959,265270000,158,1,0,0,10.0,25.0,10.0,25.0,9.259946823120117,25.33668327331543,-0.3366827964782715,33.83510971069336,43.906166076660156,0.0,0.0,0.0,1.0,1.0,0.0,-0.9775078892707825,0.7400527596473694,18.0,0.0,,,,,,,,,,,,,,,,,,,,,,,,,,,,,,,,,,,,,,
1784058317.999,265291000,159,1,1,0,10.0,25.0,10.0,25.0,9.269259452819824,25.13050651550293,-0.13050734996795654,43.81441116333008,47.669551849365234,0.0,0.0,0.0,1.0,1.0,0.0,1.2868759632110596,0.7307403087615967,18.0,0.0,,,,,,,,,,,,,,,,,,,,,,,,,,,,,,,,,,,,,,
1784058318.009,265304000,160,1,2,0,10.0,25.0,10.0,25.0,9.122576713562012,24.97498321533203,0.025016069412231445,47.689109802246094,46.83324432373047,0.0,0.0,0.0,1.0,1.0,0.0,-1.3974672555923462,0.8774228096008301,18.0,0.0,,,,,,,,,,,,,,,,,,,,,,,,,,,,,,,,,,,,,,
1784058318.023,265319000,161,1,3,0,10.0,25.0,10.0,25.0,9.414548873901367,25.49932289123535,-0.4993230104446411,34.94395446777344,50.1784782409668,0.0,0.0,0.0,1.0,1.0,0.0,1.019455075263977,0.5854502320289612,18.0,0.0,,,,,,,,,,,,,,,,,,,,,,,,,,,,,,,,,,,,,,
1784058318.046,265335000,162,2,255,0,,,,,,,,,,,,,,,,,,,,0.0,0.0,0.0,0.0,3.0,2.450000047683716,0.0,0.0,0.026627521961927414,-0.012354740872979164,0.040081389248371124,1.0,0.0,0.0,0.0,0.0,0.0,0.0,0.0,,,,,,,,,,,,,,,,,,,
1784058318.063,265354000,163,3,254,0,,,,,,,,,,,,,,,,,,,,,,,,,,,,,,,,,,,,,,,1.0,1.0,1.0,1.0,1.0,1.0,4.0,0.0,-1.4253249168395996,0.13703157007694244,0.04278826713562012,-0.015079811215400696,0.0,0.0,0.11480998992919922,0.002892354503273964,-1.3825366497039795,0.12195175886154175,9.924810409545898
1784058318.189,265471000,168,1,0,0,10.0,25.0,10.0,25.0,9.259153366088867,25.33456039428711,-0.3345608711242676,33.6330451965332,43.906166076660156,0.0,0.0,0.0,1.0,1.0,0.0,-0.9708952903747559,0.7408462762832642,18.0,0.0,,,,,,,,,,,,,,,,,,,,,,,,,,,,,,,,,,,,,,
1784058318.199,265498000,169,1,1,0,10.0,25.0,10.0,25.0,9.269442558288574,25.131256103515625,-0.1312553882598877,43.73921203613281,47.669551849365234,0.0,0.0,0.0,1.0,1.0,0.0,1.284629464149475,0.7305569648742676,18.0,0.0,,,,,,,,,,,,,,,,,,,,,,,,,,,,,,,,,,,,,,
1784058318.227,265517000,170,1,2,0,10.0,25.0,10.0,25.0,9.123120307922363,24.973878860473633,0.026120245456695557,47.78822708129883,46.83324432373047,0.0,0.0,0.0,1.0,1.0,0.0,-1.4005553722381592,0.8768789768218994,18.0,0.0,,,,,,,,,,,,,,,,,,,,,,,,,,,,,,,,,,,,,,
1784058318.253,265537000,171,1,3,0,10.0,25.0,10.0,25.0,9.414307594299316,25.498563766479492,-0.4985630512237549,35.02723693847656,50.1784782409668,0.0,0.0,0.0,1.0,1.0,0.0,1.0217941999435425,0.5856916308403015,18.0,0.0,,,,,,,,,,,,,,,,,,,,,,,,,,,,,,,,,,,,,,
1784058318.274,265556000,172,2,255,0,,,,,,,,,,,,,,,,,,,,0.0,0.0,0.0,0.0,3.0,2.450000047683716,0.0,0.0,0.033770542591810226,-0.006195022724568844,0.04013078659772873,1.0,0.0,0.0,0.0,0.0,0.0,0.0,0.0,,,,,,,,,,,,,,,,,,,
1784058318.303,265576000,173,3,254,0,,,,,,,,,,,,,,,,,,,,,,,,,,,,,,,,,,,,,,,1.0,1.0,1.0,1.0,1.0,1.0,4.0,0.0,-1.4253249168395996,0.13703157007694244,0.05913364887237549,-0.0162879079580307,0.0,0.0,0.021478652954101562,0.0037211840972304344,-1.3661912679672241,0.12074366211891174,9.8314790725708
1784058318.407,265683000,178,1,0,0,10.0,25.0,10.0,25.0,9.259589195251465,25.33492088317871,-0.3349214792251587,33.692413330078125,43.906166076660156,0.0,0.0,0.0,1.0,1.0,0.0,-0.9730461239814758,0.7404103875160217,18.0,0.0,,,,,,,,,,,,,,,,,,,,,,,,,,,,,,,,,,,,,,
1784058318.410,265697000,179,1,1,0,10.0,25.0,10.0,25.0,9.269485473632812,25.131288528442383,-0.13128817081451416,43.63396072387695,47.669551849365234,0.0,0.0,0.0,1.0,1.0,0.0,1.2811529636383057,0.7305138111114502,18.0,0.0,,,,,,,,,,,,,,,,,,,,,,,,,,,,,,,,,,,,,,
1784058318.426,265714000,180,1,2,0,10.0,25.0,10.0,25.0,9.120837211608887,24.97600555419922,0.023993849754333496,47.57656478881836,46.83324432373047,0.0,0.0,0.0,1.0,1.0,0.0,-1.3936253786087036,0.8791625499725342,18.0,0.0,,,,,,,,,,,,,,,,,,,,,,,,,,,,,,,,,,,,,,
1784058318.442,265731000,181,1,3,0,10.0,25.0,10.0,25.0,9.41340446472168,25.499221801757812,-0.49922168254852295,34.84547424316406,50.1784782409668,0.0,0.0,0.0,1.0,1.0,0.0,1.0162484645843506,0.5865954160690308,18.0,0.0,,,,,,,,,,,,,,,,,,,,,,,,,,,,,,,,,,,,,,
1784058318.475,265750000,182,2,255,0,,,,,,,,,,,,,,,,,,,,0.0,0.0,0.0,0.0,3.0,2.450000047683716,0.0,0.0,0.026318075135350227,-0.013566584326326847,0.0400795117020607,1.0,0.0,0.0,0.0,0.0,0.0,0.0,0.0,,,,,,,,,,,,,,,,,,,
1784058318.489,265772000,183,3,254,0,,,,,,,,,,,,,,,,,,,,,,,,,,,,,,,,,,,,,,,1.0,1.0,1.0,1.0,1.0,1.0,4.0,0.0,-1.4253249168395996,0.13703157007694244,0.05381429195404053,-0.025932028889656067,0.0,0.0,0.1354055404663086,0.006651960778981447,-1.371510624885559,0.11109954118728638,9.945405960083008
1784058318.589,265885000,188,1,0,0,10.0,25.0,10.0,25.0,9.257566452026367,25.33655548095703,-0.3365546464920044,33.696495056152344,43.906166076660156,0.0,0.0,0.0,1.0,1.0,0.0,-0.9728013277053833,0.7424331903457642,18.0,0.0,,,,,,,,,,,,,,,,,,,,,,,,,,,,,,,,,,,,,,
1784058318.607,265901000,189,1,1,0,10.0,25.0,10.0,25.0,9.26925277709961,25.131755828857422,-0.13175606727600098,43.584590911865234,47.669551849365234,0.0,0.0,0.0,1.0,1.0,0.0,1.279667615890503,0.7307462692260742,18.0,0.0,,,,,,,,,,,,,,,,,,,,,,,,,,,,,,,,,,,,,,
1784058318.635,265919000,190,1,2,0,10.0,25.0,10.0,25.0,9.120707511901855,24.97614288330078,0.023856759071350098,47.67848587036133,46.83324432373047,0.0,0.0,0.0,1.0,1.0,0.0,-1.396733283996582,0.8792914152145386,18.0,0.0,,,,,,,,,,,,,,,,,,,,,,,,,,,,,,,,,,,,,,
1784058318.656,265938000,191,1,3,0,10.0,25.0,10.0,25.0,9.41256046295166,25.49953842163086,-0.4995375871658325,34.917667388916016,50.1784782409668,0.0,0.0,0.0,1.0,1.0,0.0,1.0181251764297485,0.5874388217926025,18.0,0.0,,,,,,,,,,,,,,,,,,,,,,,,,,,,,,,,,,,,,,
1784058318.657,265959000,192,2,255,0,,,,,,,,,,,,,,,,,,,,0.0,0.0,0.0,0.0,3.0,2.450000047683716,0.0,0.0,0.019351573660969734,-0.011351995170116425,0.04004302993416786,1.0,0.0,0.0,0.0,0.0,0.0,0.0,0.0,,,,,,,,,,,,,,,,,,,
1784058318.701,265983000,193,3,254,0,,,,,,,,,,,,,,,,,,,,,,,,,,,,,,,,,,,,,,,1.0,1.0,1.0,1.0,1.0,1.0,4.0,0.0,-1.4253249168395996,0.13703157007694244,0.046105146408081055,0.0034936219453811646,0.0,0.0,0.11417484283447266,0.00945498701184988,-1.3792197704315186,0.1405251920223236,9.924175262451172
1784058318.787,266083000,198,1,0,0,10.0,25.0,10.0,25.0,9.259939193725586,25.334230422973633,-0.33423006534576416,33.72509002685547,43.906166076660156,0.0,0.0,0.0,1.0,1.0,0.0,-0.973957896232605,0.7400602102279663,18.0,0.0,,,,,,,,,,,,,,,,,,,,,,,,,,,,,,,,,,,,,,
1784058318.805,266099000,199,1,1,0,10.0,25.0,10.0,25.0,9.269579887390137,25.130874633789062,-0.1308739185333252,44.00703048706055,47.669551849365234,0.0,0.0,0.0,1.0,1.0,0.0,1.2931644916534424,0.7304198741912842,18.0,0.0,,,,,,,,,,,,,,,,,,,,,,,,,,,,,,,,,,,,,,
1784058318.823,266117000,200,1,2,0,10.0,25.0,10.0,25.0,9.120083808898926,24.976274490356445,0.02372562885284424,47.46218490600586,46.83324432373047,0.0,0.0,0.0,1.0,1.0,0.0,-1.3899399042129517,0.8799158334732056,18.0,0.0,,,,,,,,,,,,,,,,,,,,,,,,,,,,,,,,,,,,,,
1784058318.846,266136000,201,1,3,0,10.0,25.0,10.0,25.0,9.41149616241455,25.500492095947266,-0.5004912614822388,34.96961975097656,50.1784782409668,0.0,0.0,0.0,1.0,1.0,0.0,1.0194988250732422,0.5885034799575806,18.0,0.0,,,,,,,,,,,,,,,,,,,,,,,,,,,,,,,,,,,,,,
1784058318.875,266157000,202,2,255,0,,,,,,,,,,,,,,,,,,,,0.0,0.0,0.0,0.0,3.0,2.450000047683716,0.0,0.0,0.009943226352334023,-0.007712635677307844,0.04001137241721153,1.0,0.0,0.0,0.0,0.0,0.0,0.0,0.0,,,,,,,,,,,,,,,,,,,
1784058318.897,266181000,203,3,254,0,,,,,,,,,,,,,,,,,,,,,,,,,,,,,,,,,,,,,,,1.0,1.0,1.0,1.0,1.0,1.0,4.0,0.0,-1.4253249168395996,0.13703157007694244,0.0030394792556762695,0.006119877099990845,0.0,0.0,0.10751914978027344,0.009891362860798836,-1.4222854375839233,0.1431514471769333,9.917519569396973
1784058318.993,266284000,208,1,0,0,10.0,25.0,10.0,25.0,9.261788368225098,25.333162307739258,-0.33316314220428467,33.583675384521484,43.906166076660156,0.0,0.0,0.0,1.0,1.0,0.0,-0.9694076776504517,0.7382109761238098,18.0,0.0,,,,,,,,,,,,,,,,,,,,,,,,,,,,,,,,,,,,,,
1784058319.010,266301000,209,1,1,0,10.0,25.0,10.0,25.0,9.269638061523438,25.130847930908203,-0.13084709644317627,43.958160400390625,47.669551849365234,0.0,0.0,0.0,1.0,1.0,0.0,1.2915608882904053,0.730361819267273,18.0,0.0,,,,,,,,,,,,,,,,,,,,,,,,,,,,,,,,,,,,,,
1784058319.030,266320000,210,1,2,0,10.0,25.0,10.0,25.0,9.12067699432373,24.975187301635742,0.024813413619995117,47.58733367919922,46.83324432373047,0.0,0.0,0.0,1.0,1.0,0.0,-1.393584132194519,0.8793219923973083,18.0,0.0,,,,,,,,,,,,,,,,,,,,,,,,,,,,,,,,,,,,,,
1784058319.050,266340000,211,1,3,0,10.0,25.0,10.0,25.0,9.40990924835205,25.502395629882812,-0.5023956298828125,34.88737487792969,50.1784782409668,0.0,0.0,0.0,1.0,1.0,0.0,1.017303228378296,0.5900896787643433,18.0,0.0,,,,,,,,,,,,,,,,,,,,,,,,,,,,,,,,,,,,,,
1784058319.075,266362000,212,2,255,0,,,,,,,,,,,,,,,,,,,,0.0,0.0,0.0,0.0,3.0,2.450000047683716,0.0,0.0,0.010685238055884838,-0.01682630181312561,0.04003254324197769,1.0,0.0,0.0,0.0,0.0,0.0,0.0,0.0,,,,,,,,,,,,,,,,,,,
1784058319.102,266386000,213,3,254,0,,,,,,,,,,,,,,,,,,,,,,,,,,,,,,,,,,,,,,,1.0,1.0,1.0,1.0,1.0,1.0,4.0,0.0,-1.4253249168395996,0.13703157007694244,-0.01281428337097168,-0.01265311986207962,0.0,0.0,0.014062881469726562,0.0048547605983912945,-1.4381392002105713,0.12437845021486282,9.824063301086426
1784058319.193,266485000,218,1,0,0,10.0,25.0,10.0,25.0,9.263298988342285,25.332536697387695,-0.33253729343414307,33.68348693847656,43.906166076660156,0.0,0.0,0.0,1.0,1.0,0.0,-0.9729148745536804,0.7367007732391357,18.0,0.0,,,,,,,,,,,,,,,,,,,,,,,,,,,,,,,,,,,,,,
1784058319.208,266501000,219,1,1,0,10.0,25.0,10.0,25.0,9.268831253051758,25.131479263305664,-0.1314789056777954,43.68482971191406,47.669551849365234,0.0,0.0,0.0,1.0,1.0,0.0,1.282628059387207,0.7311679124832153,18.0,0.0,,,,,,,,,,,,,,,,,,,,,,,,,,,,,,,,,,,,,,
1784058319.218,266519000,220,1,2,0,10.0,25.0,10.0,25.0,9.122529983520508,24.973947525024414,0.026053190231323242,47.52206802368164,46.83324432373047,0.0,0.0,0.0,1.0,1.0,0.0,-1.3918474912643433,0.8774697780609131,18.0,0.0,,,,,,,,,,,,,,,,,,,,,,,,,,,,,,,,,,,,,,
1784058319.256,266539000,221,1,3,0,10.0,25.0,10.0,25.0,9.412440299987793,25.501001358032227,-0.5010008811950684,34.9249267578125,50.1784782409668,0.0,0.0,0.0,1.0,1.0,0.0,1.0185272693634033,0.5875594615936279,18.0,0.0,,,,,,,,,,,,,,,,,,,,,,,,,,,,,,,,,,,,,,
1784058319.272,266561000,222,2,255,0,,,,,,,,,,,,,,,,,,,,0.0,0.0,0.0,0.0,3.0,2.450000047683716,0.0,0.0,0.019807012751698494,-0.014717865735292435,0.04004507511854172,1.0,0.0,0.0,0.0,0.0,0.0,0.0,0.0,,,,,,,,,,,,,,,,,,,
1784058319.304,266585000,223,3,254,0,,,,,,,,,,,,,,,,,,,,,,,,,,,,,,,,,,,,,,,1.0,1.0,1.0,1.0,1.0,1.0,4.0,0.0,-1.4253249168395996,0.13703157007694244,-0.01359570026397705,0.00010314583778381348,0.0,0.0,0.058762550354003906,0.00512284180149436,-1.4389206171035767,0.13713471591472626,9.868762969970703
1784058319.383,266675000,228,1,0,0,10.0,25.0,10.0,25.0,9.261578559875488,25.33470916748047,-0.33470988273620605,33.78587341308594,43.906166076660156,0.0,0.0,0.0,1.0,1.0,0.0,-0.9762429594993591,0.7384210824966431,18.0,0.0,,,,,,,,,,,,,,,,,,,,,,,,,,,,,,,,,,,,,,
1784058319.415,266693000,229,1,1,0,10.0,25.0,10.0,25.0,9.26997184753418,25.13019371032715,-0.13019442558288574,43.899959564208984,47.669551849365234,0.0,0.0,0.0,1.0,1.0,0.0,1.2897982597351074,0.7300280332565308,18.0,0.0,,,,,,,,,,,,,,,,,,,,,,,,,,,,,,,,,,,,,,
1784058319.425,266713000,230,1,2,0,10.0,25.0,10.0,25.0,9.122125625610352,24.97466278076172,0.02533644437789917,47.64752960205078,46.83324432373047,0.0,0.0,0.0,1.0,1.0,0.0,-1.39617121219635,0.8778735995292664,18.0,0.0,,,,,,,,,,,,,,,,,,,,,,,,,,,,,,,,,,,,,,
1784058319.444,266734000,231,1,3,0,10.0,25.0,10.0,25.0,9.41193962097168,25.500757217407227,-0.5007565021514893,35.04656982421875,50.1784782409668,0.0,0.0,0.0,1.0,1.0,0.0,1.0224353075027466,0.5880601406097412,18.0,0.0,,,,,,,,,,,,,,,,,,,,,,,,,,,,,,,,,,,,,,
1784058319.471,266758000,232,2,255,0,,,,,,,,,,,,,,,,,,,,0.0,0.0,0.0,0.0,3.0,2.450000047683716,0.0,0.0,0.017595557495951653,-0.01529969647526741,0.04003558307886124,1.0,0.0,0.0,0.0,0.0,0.0,0.0,0.0,,,,,,,,,,,,,,,,,,,
1784058319.474,266784000,233,3,254,0,,,,,,,,,,,,,,,,,,,,,,,,,,,,,,,,,,,,,,,1.0,1.0,1.0,1.0,1.0,1.0,4.0,0.0,-1.4253249168395996,0.13703157007694244,-0.008176803588867188,-0.03431359678506851,0.0,0.0,0.014966011047363281,0.00534949591383338,-1.4335017204284668,0.10271797329187393,9.824966430664062
1784058319.574,266865000,238,1,0,0,10.0,25.0,10.0,25.0,9.258443832397461,25.336191177368164,-0.3361910581588745,33.559722900390625,43.906166076660156,0.0,0.0,0.0,1.0,1.0,0.0,-0.9686819911003113,0.7415555715560913,18.0,0.0,,,,,,,,,,,,,,,,,,,,,,,,,,,,,,,,,,,,,,
1784058319.594,266885000,239,1,1,0,10.0,25.0,10.0,25.0,9.269701957702637,25.1307315826416,-0.13073086738586426,43.731040954589844,47.669551849365234,0.0,0.0,0.0,1.0,1.0,0.0,1.2838579416275024,0.7302976846694946,18.0,0.0,,,,,,,,,,,,,,,,,,,,,,,,,,,,,,,,,,,,,,
1784058319.623,266907000,240,1,2,0,10.0,25.0,10.0,25.0,9.12287425994873,24.974390029907227,0.025609135627746582,47.597084045410156,46.83324432373047,0.0,0.0,0.0,1.0,1.0,0.0,-1.3943545818328857,0.8771247863769531,18.0,0.0,,,,,,,,,,,,,,,,,,,,,,,,,,,,,,,,,,,,,,
1784058319.647,266931000,241,1,3,0,10.0,25.0,10.0,25.0,9.413414001464844,25.49922752380371,-0.4992276430130005,35.022125244140625,50.1784782409668,0.0,0.0,0.0,1.0,1.0,0.0,1.021799087524414,0.5865857005119324,18.0,0.0,,,,,,,,,,,,,,,,,,,,,,,,,,,,,,,,,,,,,,
1784058319.648,266958000,242,2,255,0,,,,,,,,,,,,,,,,,,,,0.0,0.0,0.0,0.0,3.0,2.450000047683716,0.0,0.0,0.009530535899102688,-0.019038069993257523,0.04004164785146713,1.0,0.0,0.0,0.0,0.0,0.0,0.0,0.0,,,,,,,,,,,,,,,,,,,
1784058319.687,266979000,243,3,254,0,,,,,,,,,,,,,,,,,,,,,,,,,,,,,,,,,,,,,,,1.0,1.0,1.0,1.0,1.0,1.0,4.0,0.0,-1.4253249168395996,0.13703157007694244,0.015278816223144531,-0.05640076845884323,0.0,0.0,0.1213836669921875,0.010028972290456295,-1.410046100616455,0.08063080161809921,9.931384086608887
1784058319.783,267063000,248,1,0,0,10.0,25.0,10.0,25.0,9.259658813476562,25.33489418029785,-0.33489465713500977,33.54475402832031,43.906166076660156,0.0,0.0,0.0,1.0,1.0,0.0,-0.9678328633308411,0.7403403520584106,18.0,0.0,,,,,,,,,,,,,,,,,,,,,,,,,,,,,,,,,,,,,,
1784058319.803,267086000,249,1,1,0,10.0,25.0,10.0,25.0,9.26899528503418,25.131038665771484,-0.13103783130645752,43.77386474609375,47.669551849365234,0.0,0.0,0.0,1.0,1.0,0.0,1.2855950593948364,0.731003999710083,18.0,0.0,,,,,,,,,,,,,,,,,,,,,,,,,,,,,,,,,,,,,,
1784058319.825,267111000,250,1,2,0,10.0,25.0,10.0,25.0,9.121589660644531,24.974483489990234,0.025516748428344727,47.76134490966797,46.83324432373047,0.0,0.0,0.0,1.0,1.0,0.0,-1.3993512392044067,0.8784100413322449,18.0,0.0,,,,,,,,,,,,,,,,,,,,,,,,,,,,,,,,,,,,,,
1784058319.827,267138000,251,1,3,0,10.0,25.0,10.0,25.0,9.413707733154297,25.49962615966797,-0.4996269941329956,34.90477752685547,50.1784782409668,0.0,0.0,0.0,1.0,1.0,0.0,1.0181803703308105,0.5862921476364136,18.0,0.0,,,,,,,,,,,,,,,,,,,,,,,,,,,,,,,,,,,,,,
1784058319.859,267158000,252,2,255,0,,,,,,,,,,,,,,,,,,,,0.0,0.0,0.0,0.0,3.0,2.450000047683716,0.0,0.0,0.017274076119065285,-0.021192271262407303,0.04005159065127373,1.0,0.0,0.0,0.0,0.0,0.0,0.0,0.0,,,,,,,,,,,,,,,,,,,
1784058319.879,267171000,253,3,254,0,,,,,,,,,,,,,,,,,,,,,,,,,,,,,,,,,,,,,,,1.0,1.0,1.0,1.0,1.0,1.0,4.0,0.0,-1.4253249168395996,0.13703157007694244,0.04800081253051758,-0.025794796645641327,0.0,0.0,0.014828681945800781,0.011915055103600025,-1.377324104309082,0.11123677343130112,9.8248291015625
1784058319.976,267264000,2,1,0,0,10.0,25.0,10.0,25.0,9.258355140686035,25.334888458251953,-0.3348886966705322,33.72378158569336,43.906166076660156,0.0,0.0,0.0,1.0,1.0,0.0,-0.9738351702690125,0.7416442036628723,18.0,0.0,,,,,,,,,,,,,,,,,,,,,,,,,,,,,,,,,,,,,,
1784058320.005,267290000,3,1,1,0,10.0,25.0,10.0,25.0,9.268694877624512,25.131629943847656,-0.13163089752197266,43.89057159423828,47.669551849365234,0.0,0.0,0.0,1.0,1.0,0.0,1.2894614934921265,0.7313042879104614,18.0,0.0,,,,,,,,,,,,,,,,,,,,,,,,,,,,,,,,,,,,,,
1784058320.008,267317000,4,1,2,0,10.0,25.0,10.0,25.0,9.11984920501709,24.97688865661621,0.023111701011657715,47.51450729370117,46.83324432373047,0.0,0.0,0.0,1.0,1.0,0.0,-1.391784906387329,0.8801497220993042,18.0,0.0,,,,,,,,,,,,,,,,,,,,,,,,,,,,,,,,,,,,,,
1784058320.050,267337000,5,1,3,0,10.0,25.0,10.0,25.0,9.41281795501709,25.499021530151367,-0.4990220069885254,34.907310485839844,50.1784782409668,0.0,0.0,0.0,1.0,1.0,0.0,1.0176944732666016,0.5871817469596863,18.0,0.0,,,,,,,,,,,,,,,,,,,,,,,,,,,,,,,,,,,,,,
1784058320.062,267349000,6,2,255,0,,,,,,,,,,,,,,,,,,,,0.0,0.0,0.0,0.0,3.0,2.450000047683716,0.0,0.0,0.02069621905684471,-0.013525827787816525,0.04004920646548271,1.0,0.0,0.0,0.0,0.0,0.0,0.0,0.0,,,,,,,,,,,,,,,,,,,
1784058320.074,267363000,7,3,254,0,,,,,,,,,,,,,,,,,,,,,,,,,,,,,,,,,,,,,,,1.0,1.0,1.0,1.0,1.0,1.0,4.0,0.0,-1.4253249168395996,0.13703157007694244,0.04779350757598877,-0.000883147120475769,0.0,0.0,0.06450653076171875,0.010689720511436462,-1.3775314092636108,0.13614842295646667,9.874506950378418
1784058320.162,267453000,12,1,0,0,10.0,25.0,10.0,25.0,9.261920928955078,25.334020614624023,-0.3340214490890503,33.699485778808594,43.906166076660156,0.0,0.0,0.0,1.0,1.0,0.0,-0.9731677174568176,0.7380783557891846,18.0,0.0,,,,,,,,,,,,,,,,,,,,,,,,,,,,,,,,,,,,,,
1784058320.197,267475000,13,1,1,0,10.0,25.0,10.0,25.0,9.268510818481445,25.132122039794922,-0.13212263584136963,43.7281379699707,47.669551849365234,0.0,0.0,0.0,1.0,1.0,0.0,1.284132719039917,0.7314883470535278,18.0,0.0,,,,,,,,,,,,,,,,,,,,,,,,,,,,,,,,,,,,,,
1784058320.232,267501000,14,1,2,0,10.0,25.0,10.0,25.0,9.12103271484375,24.975492477416992,0.02450793981552124,47.54483413696289,46.83324432373047,0.0,0.0,0.0,1.0,1.0,0.0,-1.3927910327911377,0.8789665699005127,18.0,0.0,,,,,,,,,,,,,,,,,,,,,,,,,,,,,,,,,,,,,,
1784058320.232,267527000,15,1,3,0,10.0,25.0,10.0,25.0,9.41319751739502,25.4993953704834,-0.4993945360183716,34.88622283935547,50.1784782409668,0.0,0.0,0.0,1.0,1.0,0.0,1.0173101425170898,0.5868017673492432,18.0,0.0,,,,,,,,,,,,,,,,,,,,,,,,,,,,,,,,,,,,,,
1784058320.269,267547000,16,2,255,0,,,,,,,,,,,,,,,,,,,,0.0,0.0,0.0,0.0,3.0,2.450000047683716,0.0,0.0,0.01901889592409134,-0.017647353932261467,0.04004156216979027,1.0,0.0,0.0,0.0,0.0,0.0,0.0,0.0,,,,,,,,,,,,,,,,,,,
1784058320.270,267560000,17,3,254,0,,,,,,,,,,,,,,,,,,,,,,,,,,,,,,,,,,,,,,,1.0,1.0,1.0,1.0,1.0,1.0,4.0,0.0,-1.4253249168395996,0.13703157007694244,0.016251564025878906,-0.023607313632965088,0.0,0.0,0.19334030151367188,0.00725137535482645,-1.4090733528137207,0.11342425644397736,9.616660118103027
1784058320.364,267647000,22,1,0,0,10.0,25.0,10.0,25.0,9.260894775390625,25.33482551574707,-0.33482611179351807,33.66976547241211,43.906166076660156,0.0,0.0,0.0,1.0,1.0,0.0,-0.9725669622421265,0.7391042709350586,18.0,0.0,,,,,,,,,,,,,,,,,,,,,,,,,,,,,,,,,,,,,,
1784058320.404,267671000,23,1,1,0,10.0,25.0,10.0,25.0,9.269704818725586,25.130733489990234,-0.13073384761810303,43.6863899230957,47.669551849365234,0.0,0.0,0.0,1.0,1.0,0.0,1.2827025651931763,0.7302947044372559,18.0,0.0,,,,,,,,,,,,,,,,,,,,,,,,,,,,,,,,,,,,,,
1784058320.404,267697000,24,1,2,0,10.0,25.0,10.0,25.0,9.121706008911133,24.974342346191406,0.025656819343566895,47.60653305053711,46.83324432373047,0.0,0.0,0.0,1.0,1.0,0.0,-1.3944042921066284,0.8782930374145508,18.0,0.0,,,,,,,,,,,,,,,,,,,,,,,,,,,,,,,,,,,,,,
1784058320.424,267716000,25,1,3,0,10.0,25.0,10.0,25.0,9.412191390991211,25.50014877319336,-0.5001485347747803,34.88628005981445,50.1784782409668,0.0,0.0,0.0,1.0,1.0,0.0,1.0172345638275146,0.5878075957298279,18.0,0.0,,,,,,,,,,,,,,,,,,,,,,,,,,,,,,,,,,,,,,
1784058320.445,267736000,26,2,255,0,,,,,,,,,,,,,,,,,,,,0.0,0.0,0.0,0.0,3.0,2.450000047683716,0.0,0.0,0.029871460050344467,-0.0367753803730011,0.04015503451228142,1.0,0.0,0.0,0.0,0.0,0.0,0.0,0.0,,,,,,,,,,,,,,,,,,,
1784058320.464,267755000,27,3,254,0,,,,,,,,,,,,,,,,,,,,,,,,,,,,,,,,,,,,,,,1.0,1.0,1.0,1.0,1.0,1.0,4.0,0.0,-1.4253249168395996,0.13703157007694244,0.010949015617370605,-0.022533930838108063,0.0,0.0,0.03543853759765625,0.008472435176372528,-1.414375901222229,0.11449763923883438,9.774561882019043
1784058320.567,267874000,32,1,0,0,10.0,25.0,10.0,25.0,9.262393951416016,25.334325790405273,-0.3343254327774048,33.70589065551758,43.906166076660156,0.0,0.0,0.0,1.0,1.0,0.0,-0.9740712642669678,0.7376052141189575,18.0,0.0,,,,,,,,,,,,,,,,,,,,,,,,,,,,,,,,,,,,,,
1784058320.597,267895000,33,1,1,0,10.0,25.0,10.0,25.0,9.270538330078125,25.130420684814453,-0.13042092323303223,43.61674499511719,47.669551849365234,0.0,0.0,0.0,1.0,1.0,0.0,1.2805639505386353,0.7294610142707825,18.0,0.0,,,,,,,,,,,,,,,,,,,,,,,,,,,,,,,,,,,,,,
1784058320.620,267908000,34,1,2,0,10.0,25.0,10.0,25.0,9.121987342834473,24.973800659179688,0.02619922161102295,47.672542572021484,46.83324432373047,0.0,0.0,0.0,1.0,1.0,0.0,-1.3964145183563232,0.8780121803283691,18.0,0.0,,,,,,,,,,,,,,,,,,,,,,,,,,,,,,,,,,,,,,
1784058320.627,267922000,35,1,3,0,10.0,25.0,10.0,25.0,9.413421630859375,25.500207901000977,-0.5002081394195557,34.86951446533203,50.1784782409668,0.0,0.0,0.0,1.0,1.0,0.0,1.0168219804763794,0.5865782499313354,18.0,0.0,,,,,,,,,,,,,,,,,,,,,,,,,,,,,,,,,,,,,,
1784058320.645,267938000,36,2,255,0,,,,,,,,,,,,,,,,,,,,0.0,0.0,0.0,0.0,3.0,2.450000047683716,0.0,0.0,0.03713727742433548,-0.03275936841964722,0.040158092975616455,1.0,0.0,0.0,0.0,0.0,0.0,0.0,0.0,,,,,,,,,,,,,,,,,,,
1784058320.665,267955000,37,3,254,0,,,,,,,,,,,,,,,,,,,,,,,,,,,,,,,,,,,,,,,1.0,1.0,1.0,1.0,1.0,1.0,4.0,0.0,-1.4253249168395996,0.13703157007694244,0.008604764938354492,-0.020864121615886688,0.0,0.0,0.0653696060180664,0.01054480392485857,-1.4167201519012451,0.11616744846105576,9.875370025634766
1784058320.764,268072000,42,1,0,0,10.0,25.0,10.0,25.0,9.2608060836792,25.336322784423828,-0.33632218837738037,33.75627136230469,43.906166076660156,0.0,0.0,0.0,1.0,1.0,0.0,-0.9751652479171753,0.7391929626464844,18.0,0.0,,,,,,,,,,,,,,,,,,,,,,,,,,,,,,,,,,,,,,
1784058320.808,268093000,43,1,1,0,10.0,25.0,10.0,25.0,9.269585609436035,25.131202697753906,-0.13120174407958984,43.58686447143555,47.669551849365234,0.0,0.0,0.0,1.0,1.0,0.0,1.2796297073364258,0.7304139137268066,18.0,0.0,,,,,,,,,,,,,,,,,,,,,,,,,,,,,,,,,,,,,,
1784058320.809,268106000,44,1,2,0,10.0,25.0,10.0,25.0,9.123169898986816,24.973804473876953,0.026194751262664795,47.60236358642578,46.83324432373047,0.0,0.0,0.0,1.0,1.0,0.0,-1.3943982124328613,0.8768297433853149,18.0,0.0,,,,,,,,,,,,,,,,,,,,,,,,,,,,,,,,,,,,,,
1784058320.824,268121000,45,1,3,0,10.0,25.0,10.0,25.0,9.412703514099121,25.499492645263672,-0.499492883682251,34.818817138671875,50.1784782409668,0.0,0.0,0.0,1.0,1.0,0.0,1.0150482654571533,0.5872957706451416,18.0,0.0,,,,,,,,,,,,,,,,,,,,,,,,,,,,,,,,,,,,,,
1784058320.843,268137000,46,2,255,0,,,,,,,,,,,,,,,,,,,,0.0,0.0,0.0,0.0,3.0,2.450000047683716,0.0,0.0,0.04371437802910805,-0.026128072291612625,0.04021885618567467,1.0,0.0,0.0,0.0,0.0,0.0,0.0,0.0,,,,,,,,,,,,,,,,,,,
1784058320.873,268156000,47,3,254,0,,,,,,,,,,,,,,,,,,,,,,,,,,,,,,,,,,,,,,,1.0,1.0,1.0,1.0,1.0,1.0,4.0,0.0,-1.4253249168395996,0.13703157007694244,0.02542126178741455,-0.023422017693519592,0.0,0.0,0.016509056091308594,0.0058524394407868385,-1.399903655052185,0.11360955238342285,9.826509475708008
1784058320.972,268271000,52,1,0,0,10.0,25.0,10.0,25.0,9.25990104675293,25.335662841796875,-0.3356635570526123,33.38761901855469,43.906166076660156,0.0,0.0,0.0,1.0,1.0,0.0,-0.9633195400238037,0.740098237991333,18.0,0.0,,,,,,,,,,,,,,,,,,,,,,,,,,,,,,,,,,,,,,
1784058320.988,268284000,53,1,1,0,10.0,25.0,10.0,25.0,9.269092559814453,25.13095474243164,-0.13095438480377197,43.834407806396484,47.669551849365234,0.0,0.0,0.0,1.0,1.0,0.0,1.2873800992965698,0.7309072017669678,18.0,0.0,,,,,,,,,,,,,,,,,,,,,,,,,,,,,,,,,,,,,,
1784058321.003,268299000,54,1,2,0,10.0,25.0,10.0,25.0,9.122977256774902,24.97430419921875,0.0256955623626709,47.434425354003906,46.83324432373047,0.0,0.0,0.0,1.0,1.0,0.0,-1.3889622688293457,0.8770220279693604,18.0,0.0,,,,,,,,,,,,,,,,,,,,,,,,,,,,,,,,,,,,,,
1784058321.024,268317000,55,1,3,0,10.0,25.0,10.0,25.0,9.413805961608887,25.499555587768555,-0.49955546855926514,34.95962142944336,50.1784782409668,0.0,0.0,0.0,1.0,1.0,0.0,1.0197268724441528,0.5861937999725342,18.0,0.0,,,,,,,,,,,,,,,,,,,,,,,,,,,,,,,,,,,,,,
1784058321.043,268335000,56,2,255,0,,,,,,,,,,,,,,,,,,,,0.0,0.0,0.0,0.0,3.0,2.450000047683716,0.0,0.0,0.03795350715517998,-0.01273436937481165,0.04016510024666786,1.0,0.0,0.0,0.0,0.0,0.0,0.0,0.0,,,,,,,,,,,,,,,,,,,
1784058321.069,268355000,57,3,254,0,,,,,,,,,,,,,,,,,,,,,,,,,,,,,,,,,,,,,,,1.0,1.0,1.0,1.0,1.0,1.0,4.0,0.0,-1.4253249168395996,0.13703157007694244,0.05562782287597656,-0.019034288823604584,0.0,0.0,0.00020885467529296875,0.008571845479309559,-1.369697093963623,0.11799728125333786,9.810209274291992
1784058321.173,268465000,62,1,0,0,10.0,25.0,10.0,25.0,9.259378433227539,25.335460662841797,-0.335460901260376,33.699676513671875,43.906166076660156,0.0,0.0,0.0,1.0,1.0,0.0,-0.9731137752532959,0.7406212091445923,18.0,0.0,,,,,,,,,,,,,,,,,,,,,,,,,,,,,,,,,,,,,,
1784058321.191,268481000,63,1,1,0,10.0,25.0,10.0,25.0,9.269777297973633,25.130701065063477,-0.13070106506347656,43.653289794921875,47.669551849365234,0.0,0.0,0.0,1.0,1.0,0.0,1.2815673351287842,0.7302217483520508,18.0,0.0,,,,,,,,,,,,,,,,,,,,,,,,,,,,,,,,,,,,,,
1784058321.220,268498000,64,1,2,0,10.0,25.0,10.0,25.0,9.121831893920898,24.97524642944336,0.024753808975219727,47.57591247558594,46.83324432373047,0.0,0.0,0.0,1.0,1.0,0.0,-1.3936735391616821,0.8781671524047852,18.0,0.0,,,,,,,,,,,,,,,,,,,,,,,,,,,,,,,,,,,,,,
1784058321.229,268518000,65,1,3,0,10.0,25.0,10.0,25.0,9.413567543029785,25.498794555664062,-0.4987955093383789,35.029518127441406,50.1784782409668,0.0,0.0,0.0,1.0,1.0,0.0,1.0220946073532104,0.5864315032958984,18.0,0.0,,,,,,,,,,,,,,,,,,,,,,,,,,,,,,,,,,,,,,
1784058321.250,268539000,66,2,255,0,,,,,,,,,,,,,,,,,,,,0.0,0.0,0.0,0.0,3.0,2.450000047683716,0.0,0.0,0.034693557769060135,-0.008696899749338627,0.040138017386198044,1.0,0.0,0.0,0.0,0.0,0.0,0.0,0.0,,,,,,,,,,,,,,,,,,,
1784058321.284,268563000,67,3,254,0,,,,,,,,,,,,,,,,,,,,,,,,,,,,,,,,,,,,,,,1.0,1.0,1.0,1.0,1.0,1.0,4.0,0.0,-1.4253249168395996,0.13703157007694244,0.07917797565460205,-0.028746694326400757,0.0,0.0,0.014597892761230469,0.005531791597604752,-1.3461469411849976,0.10828487575054169,9.795402526855469
1784058321.355,268648000,72,1,0,0,10.0,25.0,10.0,25.0,9.257686614990234,25.335098266601562,-0.3350973129272461,33.74680709838867,43.906166076660156,0.0,0.0,0.0,1.0,1.0,0.0,-0.9744228720664978,0.7423125505447388,18.0,0.0,,,,,,,,,,,,,,,,,,,,,,,,,,,,,,,,,,,,,,
1784058321.373,268664000,73,1,1,0,10.0,25.0,10.0,25.0,9.268987655639648,25.13228988647461,-0.13228952884674072,43.366302490234375,47.669551849365234,0.0,0.0,0.0,1.0,1.0,0.0,1.2726770639419556,0.7310115098953247,18.0,0.0,,,,,,,,,,,,,,,,,,,,,,,,,,,,,,,,,,,,,,
1784058321.394,268682000,74,1,2,0,10.0,25.0,10.0,25.0,9.120646476745605,24.975250244140625,0.024749338626861572,47.64974594116211,46.83324432373047,0.0,0.0,0.0,1.0,1.0,0.0,-1.3960747718811035,0.8793525695800781,18.0,0.0,,,,,,,,,,,,,,,,,,,,,,,,,,,,,,,,,,,,,,
1784058321.423,268701000,75,1,3,0,10.0,25.0,10.0,25.0,9.412344932556152,25.499713897705078,-0.4997134208679199,35.17823028564453,50.1784782409668,0.0,0.0,0.0,1.0,1.0,0.0,1.027090072631836,0.5876548290252686,18.0,0.0,,,,,,,,,,,,,,,,,,,,,,,,,,,,,,,,,,,,,,
1784058321.431,268722000,76,2,255,0,,,,,,,,,,,,,,,,,,,,0.0,0.0,0.0,0.0,3.0,2.450000047683716,0.0,0.0,0.026844115927815437,-0.008146666921675205,0.04008271545171738,1.0,0.0,0.0,0.0,0.0,0.0,0.0,0.0,,,,,,,,,,,,,,,,,,,
1784058321.456,268744000,77,3,254,0,,,,,,,,,,,,,,,,,,,,,,,,,,,,,,,,,,,,,,,1.0,1.0,1.0,1.0,1.0,1.0,4.0,0.0,-1.4253249168395996,0.13703157007694244,0.034589171409606934,-0.00474095344543457,0.0,0.0,0.049262046813964844,0.005105048883706331,-1.3907357454299927,0.13229061663150787,9.859262466430664
1784058321.541,268853000,82,1,0,0,10.0,25.0,10.0,25.0,9.259765625,25.33433723449707,-0.33433735370635986,33.7929573059082,43.906166076660156,0.0,0.0,0.0,1.0,1.0,0.0,-0.9765477180480957,0.7402337789535522,18.0,0.0,,,,,,,,,,,,,,,,,,,,,,,,,,,,,,,,,,,,,,
1784058321.582,268873000,83,1,1,0,10.0,25.0,10.0,25.0,9.269474983215332,25.13129997253418,-0.13130009174346924,43.607635498046875,47.669551849365234,0.0,0.0,0.0,1.0,1.0,0.0,1.2802259922027588,0.7305241823196411,18.0,0.0,,,,,,,,,,,,,,,,,,,,,,,,,,,,,,,,,,,,,,
1784058321.609,268896000,84,1,2,0,10.0,25.0,10.0,25.0,9.120630264282227,24.97516632080078,0.02483278512954712,47.45111846923828,46.83324432373047,0.0,0.0,0.0,1.0,1.0,0.0,-1.3894647359848022,0.8793689012527466,18.0,0.0,,,,,,,,,,,,,,,,,,,,,,,,,,,,,,,,,,,,,,
1784058321.636,268921000,85,1,3,0,10.0,25.0,10.0,25.0,9.412596702575684,25.49957275390625,-0.49957334995269775,34.80464553833008,50.1784782409668,0.0,0.0,0.0,1.0,1.0,0.0,1.0144366025924683,0.5874022841453552,18.0,0.0,,,,,,,,,,,,,,,,,,,,,,,,,,,,,,,,,,,,,,
1784058321.637,268948000,86,2,255,0,,,,,,,,,,,,,,,,,,,,0.0,0.0,0.0,0.0,3.0,2.450000047683716,0.0,0.0,0.020875537768006325,-0.01828448846936226,0.04005006328225136,1.0,0.0,0.0,0.0,0.0,0.0,0.0,0.0,,,,,,,,,,,,,,,,,,,
1784058321.676,268969000,87,3,254,0,,,,,,,,,,,,,,,,,,,,,,,,,,,,,,,,,,,,,,,1.0,1.0,1.0,1.0,1.0,1.0,4.0,0.0,-1.4253249168395996,0.13703157007694244,0.030304789543151855,-0.029187850654125214,0.0,0.0,0.03603839874267578,0.008653608150780201,-1.3950201272964478,0.10784371942281723,9.773962020874023
1784058321.767,269056000,92,1,0,0,10.0,25.0,10.0,25.0,9.260383605957031,25.33458709716797,-0.3345876932144165,33.77861404418945,43.906166076660156,0.0,0.0,0.0,1.0,1.0,0.0,-0.9757039546966553,0.7396154403686523,18.0,0.0,,,,,,,,,,,,,,,,,,,,,,,,,,,,,,,,,,,,,,
1784058321.792,269079000,93,1,1,0,10.0,25.0,10.0,25.0,9.269768714904785,25.130706787109375,-0.1307070255279541,43.655799865722656,47.669551849365234,0.0,0.0,0.0,1.0,1.0,0.0,1.281772494316101,0.7302306890487671,18.0,0.0,,,,,,,,,,,,,,,,,,,,,,,,,,,,,,,,,,,,,,
1784058321.819,269105000,94,1,2,0,10.0,25.0,10.0,25.0,9.12058162689209,24.975276947021484,0.02472400665283203,47.75906753540039,46.83324432373047,0.0,0.0,0.0,1.0,1.0,0.0,-1.3994789123535156,0.879417359828949,18.0,0.0,,,,,,,,,,,,,,,,,,,,,,,,,,,,,,,,,,,,,,
1784058321.822,269132000,95,1,3,0,10.0,25.0,10.0,25.0,9.410687446594238,25.500751495361328,-0.5007505416870117,34.98719787597656,50.1784782409668,0.0,0.0,0.0,1.0,1.0,0.0,1.0205750465393066,0.5893118381500244,18.0,0.0,,,,,,,,,,,,,,,,,,,,,,,,,,,,,,,,,,,,,,
1784058321.852,269152000,96,2,255,0,,,,,,,,,,,,,,,,,,,,0.0,0.0,0.0,0.0,3.0,2.450000047683716,0.0,0.0,0.017720844596624374,-0.033846642822027206,0.040131375193595886,1.0,0.0,0.0,0.0,0.0,0.0,0.0,0.0,,,,,,,,,,,,,,,,,,,
1784058321.869,269165000,97,3,254,0,,,,,,,,,,,,,,,,,,,,,,,,,,,,,,,,,,,,,,,1.0,1.0,1.0,1.0,1.0,1.0,4.0,0.0,-1.4253249168395996,0.13703157007694244,0.007536053657531738,-0.015855886042118073,0.0,0.0,0.021654129028320312,0.00459617143496871,-1.4177888631820679,0.12117568403482437,9.83165454864502
1784058321.969,269253000,102,1,0,0,10.0,25.0,10.0,25.0,9.262436866760254,25.334352493286133,-0.3343522548675537,33.81645965576172,43.906166076660156,0.0,0.0,0.0,1.0,1.0,0.0,-0.9769835472106934,0.7375627756118774,18.0,0.0,,,,,,,,,,,,,,,,,,,,,,,,,,,,,,,,,,,,,,
1784058321.993,269275000,103,1,1,0,10.0,25.0,10.0,25.0,9.270496368408203,25.130393981933594,-0.1303941011428833,43.61836624145508,47.669551849365234,0.0,0.0,0.0,1.0,1.0,0.0,1.2803728580474854,0.7295027375221252,18.0,0.0,,,,,,,,,,,,,,,,,,,,,,,,,,,,,,,,,,,,,,
1784058322.020,269299000,104,1,2,0,10.0,25.0,10.0,25.0,9.123069763183594,24.97388458251953,0.026115775108337402,47.646305084228516,46.83324432373047,0.0,0.0,0.0,1.0,1.0,0.0,-1.3956981897354126,0.8769296407699585,18.0,0.0,,,,,,,,,,,,,,,,,,,,,,,,,,,,,,,,,,,,,,
1784058322.020,269327000,105,1,3,0,10.0,25.0,10.0,25.0,9.413053512573242,25.499921798706055,-0.4999220371246338,34.85474395751953,50.1784782409668,0.0,0.0,0.0,1.0,1.0,0.0,1.0161315202713013,0.5869463086128235,18.0,0.0,,,,,,,,,,,,,,,,,,,,,,,,,,,,,,,,,,,,,,
1784058322.052,269348000,106,2,255,0,,,,,,,,,,,,,,,,,,,,0.0,0.0,0.0,0.0,3.0,2.450000047683716,0.0,0.0,0.019102079793810844,-0.02867620624601841,0.040094368159770966,1.0,0.0,0.0,0.0,0.0,0.0,0.0,0.0,,,,,,,,,,,,,,,,,,,
1784058322.066,269361000,107,3,254,0,,,,,,,,,,,,,,,,,,,,,,,,,,,,,,,,,,,,,,,1.0,1.0,1.0,1.0,1.0,1.0,4.0,0.0,-1.4253249168395996,0.13703157007694244,-0.00838172435760498,-0.019448354840278625,0.0,0.0,0.03587627410888672,0.013800479471683502,-1.4337066411972046,0.11758321523666382,9.845876693725586
1784058322.179,269458000,112,1,0,0,10.0,25.0,10.0,25.0,9.262264251708984,25.334321975708008,-0.334322452545166,33.737281799316406,43.906166076660156,0.0,0.0,0.0,1.0,1.0,0.0,-0.9749998450279236,0.7377356290817261,18.0,0.0,,,,,,,,,,,,,,,,,,,,,,,,,,,,,,,,,,,,,,
1784058322.181,269484000,113,1,1,0,10.0,25.0,10.0,25.0,9.269989013671875,25.13015365600586,-0.13015270233154297,43.760101318359375,47.669551849365234,0.0,0.0,0.0,1.0,1.0,0.0,1.2855528593063354,0.7300101518630981,18.0,0.0,,,,,,,,,,,,,,,,,,,,,,,,,,,,,,,,,,,,,,
1784058322.207,269504000,114,1,2,0,10.0,25.0,10.0,25.0,9.122016906738281,24.973751068115234,0.02624988555908203,47.67722702026367,46.83324432373047,0.0,0.0,0.0,1.0,1.0,0.0,-1.3967859745025635,0.8779823780059814,18.0,0.0,,,,,,,,,,,,,,,,,,,,,,,,,,,,,,,,,,,,,,
1784058322.219,269515000,115,1,3,0,10.0,25.0,10.0,25.0,9.412960052490234,25.4999942779541,-0.49999356269836426,34.95220184326172,50.1784782409668,0.0,0.0,0.0,1.0,1.0,0.0,1.019420862197876,0.5870394706726074,18.0,0.0,,,,,,,,,,,,,,,,,,,,,,,,,,,,,,,,,,,,,,
1784058322.232,269528000,116,2,255,0,,,,,,,,,,,,,,,,,,,,0.0,0.0,0.0,0.0,3.0,2.450000047683716,0.0,0.0,0.031358350068330765,-0.024915339425206184,0.04011280834674835,1.0,0.0,0.0,0.0,0.0,0.0,0.0,0.0,,,,,,,,,,,,,,,,,,,
1784058322.252,269543000,117,3,254,0,,,,,,,,,,,,,,,,,,,,,,,,,,,,,,,,,,,,,,,1.0,1.0,1.0,1.0,1.0,1.0,4.0,0.0,-1.4253249168395996,0.13703157007694244,0.01519763469696045,-0.025167427957057953,0.0,0.0,0.045055389404296875,0.00753904739394784,-1.4101272821426392,0.11186414211988449,9.855055809020996
1784058322.368,269648000,122,1,0,0,10.0,25.0,10.0,25.0,9.259074211120605,25.33605194091797,-0.33605098724365234,33.652557373046875,43.906166076660156,0.0,0.0,0.0,1.0,1.0,0.0,-0.9715448021888733,0.7409251928329468,18.0,0.0,,,,,,,,,,,,,,,,,,,,,,,,,,,,,,,,,,,,,,
1784058322.378,269675000,123,1,1,0,10.0,25.0,10.0,25.0,9.270041465759277,25.130170822143555,-0.13017058372497559,43.655029296875,47.669551849365234,0.0,0.0,0.0,1.0,1.0,0.0,1.2815128564834595,0.7299579381942749,18.0,0.0,,,,,,,,,,,,,,,,,,,,,,,,,,,,,,,,,,,,,,
1784058322.408,269695000,124,1,2,0,10.0,25.0,10.0,25.0,9.123847961425781,24.973556518554688,0.02644360065460205,47.73360061645508,46.83324432373047,0.0,0.0,0.0,1.0,1.0,0.0,-1.3988956212997437,0.8761518001556396,18.0,0.0,,,,,,,,,,,,,,,,,,,,,,,,,,,,,,,,,,,,,,
1784058322.416,269708000,125,1,3,0,10.0,25.0,10.0,25.0,9.413703918457031,25.499629974365234,-0.4996299743652344,34.952484130859375,50.1784782409668,0.0,0.0,0.0,1.0,1.0,0.0,1.0198479890823364,0.5862951278686523,18.0,0.0,,,,,,,,,,,,,,,,,,,,,,,,,,,,,,,,,,,,,,
1784058322.434,269722000,126,2,255,0,,,,,,,,,,,,,,,,,,,,0.0,0.0,0.0,0.0,3.0,2.450000047683716,0.0,0.0,0.03256196901202202,-0.00988601241260767,0.040121614933013916,1.0,0.0,0.0,0.0,0.0,0.0,0.0,0.0,,,,,,,,,,,,,,,,,,,
1784058322.442,269737000,127,3,254,0,,,,,,,,,,,,,,,,,,,,,,,,,,,,,,,,,,,,,,,1.0,1.0,1.0,1.0,1.0,1.0,4.0,0.0,-1.4253249168395996,0.13703157007694244,0.038159847259521484,-0.019215978682041168,0.0,0.0,0.09175682067871094,0.0042746239341795444,-1.3871650695800781,0.11781559139490128,9.718243598937988
1784058322.572,269841000,132,1,0,0,10.0,25.0,10.0,25.0,9.259549140930176,25.333988189697266,-0.33398866653442383,33.65336227416992,43.906166076660156,0.0,0.0,0.0,1.0,1.0,0.0,-0.9717575311660767,0.7404499053955078,18.0,0.0,,,,,,,,,,,,,,,,,,,,,,,,,,,,,,,,,,,,,,
1784058322.591,269868000,133,1,1,0,10.0,25.0,10.0,25.0,9.268950462341309,25.131004333496094,-0.13100504875183105,43.848899841308594,47.669551849365234,0.0,0.0,0.0,1.0,1.0,0.0,1.2878793478012085,0.7310487031936646,18.0,0.0,,,,,,,,,,,,,,,,,,,,,,,,,,,,,,,,,,,,,,
1784058322.601,269889000,134,1,2,0,10.0,25.0,10.0,25.0,9.12117862701416,24.975440979003906,0.024558603763580322,47.59061050415039,46.83324432373047,0.0,0.0,0.0,1.0,1.0,0.0,-1.3940274715423584,0.878820538520813,18.0,0.0,,,,,,,,,,,,,,,,,,,,,,,,,,,,,,,,,,,,,,
1784058322.605,269902000,135,1,3,0,10.0,25.0,10.0,25.0,9.413299560546875,25.499313354492188,-0.4993140697479248,34.901973724365234,50.1784782409668,0.0,0.0,0.0,1.0,1.0,0.0,1.0177216529846191,0.5866997241973877,18.0,0.0,,,,,,,,,,,,,,,,,,,,,,,,,,,,,,,,,,,,,,
1784058322.630,269916000,136,2,255,0,,,,,,,,,,,,,,,,,,,,0.0,0.0,0.0,0.0,3.0,2.450000047683716,0.0,0.0,0.026164382696151733,-0.006184171419590712,0.04007858783006668,1.0,0.0,0.0,0.0,0.0,0.0,0.0,0.0,,,,,,,,,,,,,,,,,,,
1784058322.656,269932000,137,3,254,0,,,,,,,,,,,,,,,,,,,,,,,,,,,,,,,,,,,,,,,1.0,1.0,1.0,1.0,1.0,1.0,4.0,0.0,-1.4253249168395996,0.13703157007694244,0.0512768030166626,-0.010122239589691162,0.0,0.0,0.23590564727783203,0.014425806701183319,-1.374048113822937,0.12690933048725128,10.045906066894531
1784058322.743,270042000,142,1,0,0,10.0,25.0,10.0,25.0,9.258710861206055,25.334299087524414,-0.33429861068725586,33.79830551147461,43.906166076660156,0.0,0.0,0.0,1.0,1.0,0.0,-0.9760541915893555,0.7412887811660767,18.0,0.0,,,,,,,,,,,,,,,,,,,,,,,,,,,,,,,,,,,,,,
1784058322.765,270063000,143,1,1,0,10.0,25.0,10.0,25.0,9.269085884094238,25.130966186523438,-0.13096630573272705,43.816246032714844,47.669551849365234,0.0,0.0,0.0,1.0,1.0,0.0,1.2868406772613525,0.7309131622314453,18.0,0.0,,,,,,,,,,,,,,,,,,,,,,,,,,,,,,,,,,,,,,
1784058322.779,270076000,144,1,2,0,10.0,25.0,10.0,25.0,9.120964050292969,24.974620819091797,0.025379657745361328,47.540950775146484,46.83324432373047,0.0,0.0,0.0,1.0,1.0,0.0,-1.3921723365783691,0.8790351152420044,18.0,0.0,,,,,,,,,,,,,,,,,,,,,,,,,,,,,,,,,,,,,,
1784058322.797,270091000,145,1,3,0,10.0,25.0,10.0,25.0,9.413310050964355,25.499271392822266,-0.49927234649658203,34.979705810546875,50.1784782409668,0.0,0.0,0.0,1.0,1.0,0.0,1.0202383995056152,0.5866892337799072,18.0,0.0,,,,,,,,,,,,,,,,,,,,,,,,,,,,,,,,,,,,,,
1784058322.814,270108000,146,2,255,0,,,,,,,,,,,,,,,,,,,,0.0,0.0,0.0,0.0,3.0,2.450000047683716,0.0,0.0,0.02182128094136715,-0.010309698060154915,0.040054693818092346,1.0,0.0,0.0,0.0,0.0,0.0,0.0,0.0,,,,,,,,,,,,,,,,,,,
1784058322.832,270125000,147,3,254,0,,,,,,,,,,,,,,,,,,,,,,,,,,,,,,,,,,,,,,,1.0,1.0,1.0,1.0,1.0,1.0,4.0,0.0,-1.4253249168395996,0.13703157007694244,0.04934501647949219,-0.002385362982749939,0.0,0.0,0.02151203155517578,0.007675409782677889,-1.3759799003601074,0.1346462070941925,9.831512451171875
1784058322.945,270238000,152,1,0,0,10.0,25.0,10.0,25.0,9.259069442749023,25.334590911865234,-0.3345906734466553,33.705421447753906,43.906166076660156,0.0,0.0,0.0,1.0,1.0,0.0,-0.973429262638092,0.7409297227859497,18.0,0.0,,,,,,,,,,,,,,,,,,,,,,,,,,,,,,,,,,,,,,
1784058322.954,270251000,153,1,1,0,10.0,25.0,10.0,25.0,9.269218444824219,25.131818771362305,-0.13181865215301514,43.61757278442383,47.669551849365234,0.0,0.0,0.0,1.0,1.0,0.0,1.280562400817871,0.7307804822921753,18.0,0.0,,,,,,,,,,,,,,,,,,,,,,,,,,,,,,,,,,,,,,
1784058322.976,270266000,154,1,2,0,10.0,25.0,10.0,25.0,9.119611740112305,24.976104736328125,0.0238955020904541,47.66798782348633,46.83324432373047,0.0,0.0,0.0,1.0,1.0,0.0,-1.3962619304656982,0.8803874254226685,18.0,0.0,,,,,,,,,,,,,,,,,,,,,,,,,,,,,,,,,,,,,,
1784058323.006,270283000,155,1,3,0,10.0,25.0,10.0,25.0,9.411441802978516,25.500511169433594,-0.5005121231079102,34.94706344604492,50.1784782409668,0.0,0.0,0.0,1.0,1.0,0.0,1.0190825462341309,0.5885571241378784,18.0,0.0,,,,,,,,,,,,,,,,,,,,,,,,,,,,,,,,,,,,,,
1784058323.013,270301000,156,2,255,0,,,,,,,,,,,,,,,,,,,,0.0,0.0,0.0,0.0,3.0,2.450000047683716,0.0,0.0,0.02317015640437603,-0.016447274014353752,0.04006165266036987,1.0,0.0,0.0,0.0,0.0,0.0,0.0,0.0,,,,,,,,,,,,,,,,,,,
1784058323.036,270321000,157,3,254,0,,,,,,,,,,,,,,,,,,,,,,,,,,,,,,,,,,,,,,,1.0,1.0,1.0,1.0,1.0,1.0,4.0,0.0,-1.4253249168395996,0.13703157007694244,0.011218905448913574,-0.006376966834068298,0.0,0.0,0.02120208740234375,0.005196989048272371,-1.414106011390686,0.13065460324287415,9.831202507019043
1784058323.127,270424000,162,1,0,0,10.0,25.0,10.0,25.0,9.260477066040039,25.333181381225586,-0.3331810235977173,33.71263122558594,43.906166076660156,0.0,0.0,0.0,1.0,1.0,0.0,-0.9737136960029602,0.7395222783088684,18.0,0.0,,,,,,,,,,,,,,,,,,,,,,,,,,,,,,,,,,,,,,
1784058323.150,270437000,163,1,1,0,10.0,25.0,10.0,25.0,9.269132614135742,25.13188934326172,-0.1318901777267456,43.762325286865234,47.669551849365234,0.0,0.0,0.0,1.0,1.0,0.0,1.2854005098342896,0.7308669090270996,18.0,0.0,,,,,,,,,,,,,,,,,,,,,,,,,,,,,,,,,,,,,,
1784058323.158,270453000,164,1,2,0,10.0,25.0,10.0,25.0,9.122615814208984,24.97353172302246,0.026468932628631592,47.76737976074219,46.83324432373047,0.0,0.0,0.0,1.0,1.0,0.0,-1.3999234437942505,0.8773833513259888,18.0,0.0,,,,,,,,,,,,,,,,,,,,,,,,,,,,,,,,,,,,,,
1784058323.178,270470000,165,1,3,0,10.0,25.0,10.0,25.0,9.412008285522461,25.500730514526367,-0.5007296800613403,34.88214874267578,50.1784782409668,0.0,0.0,0.0,1.0,1.0,0.0,1.0169188976287842,0.5879908800125122,18.0,0.0,,,,,,,,,,,,,,,,,,,,,,,,,,,,,,,,,,,,,,
1784058323.209,270489000,166,2,255,0,,,,,,,,,,,,,,,,,,,,0.0,0.0,0.0,0.0,3.0,2.450000047683716,0.0,0.0,0.022348640486598015,-0.02963716723024845,0.040100786834955215,1.0,0.0,0.0,0.0,0.0,0.0,0.0,0.0,,,,,,,,,,,,,,,,,,,
1784058323.222,270511000,167,3,254,0,,,,,,,,,,,,,,,,,,,,,,,,,,,,,,,,,,,,,,,1.0,1.0,1.0,1.0,1.0,1.0,4.0,0.0,-1.4253249168395996,0.13703157007694244,-0.03425490856170654,-0.02188805490732193,0.0,0.0,0.057712554931640625,0.006906578317284584,-1.4595798254013062,0.11514351516962051,9.86771297454834
1784058323.314,270607000,172,1,0,0,10.0,25.0,10.0,25.0,9.262166976928711,25.33487319946289,-0.3348737955093384,33.6588249206543,43.906166076660156,0.0,0.0,0.0,1.0,1.0,0.0,-0.972018301486969,0.7378324866294861,18.0,0.0,,,,,,,,,,,,,,,,,,,,,,,,,,,,,,,,,,,,,,
1784058323.334,270623000,173,1,1,0,10.0,25.0,10.0,25.0,9.271480560302734,25.129640579223633,-0.1296401023864746,43.66708755493164,47.669551849365234,0.0,0.0,0.0,1.0,1.0,0.0,1.2824463844299316,0.7285192608833313,18.0,0.0,,,,,,,,,,,,,,,,,,,,,,,,,,,,,,,,,,,,,,
1784058323.349,270641000,174,1,2,0,10.0,25.0,10.0,25.0,9.123115539550781,24.973777770996094,0.026223063468933105,47.648223876953125,46.83324432373047,0.0,0.0,0.0,1.0,1.0,0.0,-1.3964064121246338,0.8768833875656128,18.0,0.0,,,,,,,,,,,,,,,,,,,,,,,,,,,,,,,,,,,,,,
1784058323.373,270660000,175,1,3,0,10.0,25.0,10.0,25.0,9.413783073425293,25.49959945678711,-0.4996001720428467,34.97078323364258,50.1784782409668,0.0,0.0,0.0,1.0,1.0,0.0,1.0201321840286255,0.586216151714325,18.0,0.0,,,,,,,,,,,,,,,,,,,,,,,,,,,,,,,,,,,,,,
1784058323.394,270683000,176,2,255,0,,,,,,,,,,,,,,,,,,,,0.0,0.0,0.0,0.0,3.0,2.450000047683716,0.0,0.0,0.024507170543074608,-0.030011193826794624,0.04010334238409996,1.0,0.0,0.0,0.0,0.0,0.0,0.0,0.0,,,,,,,,,,,,,,,,,,,
1784058323.418,270707000,177,3,254,0,,,,,,,,,,,,,,,,,,,,,,,,,,,,,,,,,,,,,,,1.0,1.0,1.0,1.0,1.0,1.0,4.0,0.0,-1.4253249168395996,0.13703157007694244,0.011449337005615234,-0.03007550537586212,0.0,0.0,0.15852928161621094,0.005442666355520487,-1.4138755798339844,0.10695606470108032,9.96852970123291
1784058323.515,270806000,182,1,0,0,10.0,25.0,10.0,25.0,9.26077651977539,25.33491325378418,-0.3349125385284424,33.711856842041016,43.906166076660156,0.0,0.0,0.0,1.0,1.0,0.0,-0.9740856885910034,0.7392227649688721,18.0,0.0,,,,,,,,,,,,,,,,,,,,,,,,,,,,,,,,,,,,,,
1784058323.528,270822000,183,1,1,0,10.0,25.0,10.0,25.0,9.269898414611816,25.13023567199707,-0.13023614883422852,43.89794158935547,47.669551849365234,0.0,0.0,0.0,1.0,1.0,0.0,1.2897144556045532,0.7301009893417358,18.0,0.0,,,,,,,,,,,,,,,,,,,,,,,,,,,,,,,,,,,,,,
1784058323.552,270840000,184,1,2,0,10.0,25.0,10.0,25.0,9.122425079345703,24.974172592163086,0.025826692581176758,47.76206970214844,46.83324432373047,0.0,0.0,0.0,1.0,1.0,0.0,-1.3994048833847046,0.87757408618927,18.0,0.0,,,,,,,,,,,,,,,,,,,,,,,,,,,,,,,,,,,,,,
1784058323.572,270860000,185,1,3,0,10.0,25.0,10.0,25.0,9.414079666137695,25.49903106689453,-0.4990309476852417,34.848636627197266,50.1784782409668,0.0,0.0,0.0,1.0,1.0,0.0,1.0160887241363525,0.5859196186065674,18.0,0.0,,,,,,,,,,,,,,,,,,,,,,,,,,,,,,,,,,,,,,
1784058323.599,270883000,186,2,255,0,,,,,,,,,,,,,,,,,,,,0.0,0.0,0.0,0.0,3.0,2.450000047683716,0.0,0.0,0.029956139624118805,-0.015620255842804909,0.04010296240448952,1.0,0.0,0.0,0.0,0.0,0.0,0.0,0.0,,,,,,,,,,,,,,,,,,,
1784058323.623,270908000,187,3,254,0,,,,,,,,,,,,,,,,,,,,,,,,,,,,,,,,,,,,,,,1.0,1.0,1.0,1.0,1.0,1.0,4.0,0.0,-1.4253249168395996,0.13703157007694244,0.04482424259185791,-0.0262400284409523,0.0,0.0,0.022172927856445312,0.007103830575942993,-1.3805006742477417,0.11079154163599014,9.832173347473145
1784058323.712,270998000,192,1,0,0,10.0,25.0,10.0,25.0,9.261075019836426,25.33433723449707,-0.33433735370635986,33.62468338012695,43.906166076660156,0.0,0.0,0.0,1.0,1.0,0.0,-0.970867931842804,0.7389247417449951,18.0,0.0,,,,,,,,,,,,,,,,,,,,,,,,,,,,,,,,,,,,,,
1784058323.764,271015000,193,1,1,0,10.0,25.0,10.0,25.0,9.269044876098633,25.13092803955078,-0.13092756271362305,43.56818389892578,47.669551849365234,0.0,0.0,0.0,1.0,1.0,0.0,1.27892005443573,0.7309548854827881,18.0,0.0,,,,,,,,,,,,,,,,,,,,,,,,,,,,,,,,,,,,,,
1784058323.765,271034000,194,1,2,0,10.0,25.0,10.0,25.0,9.122448921203613,24.974111557006836,0.025889277458190918,47.5546989440918,46.83324432373047,0.0,0.0,0.0,1.0,1.0,0.0,-1.393033504486084,0.8775502443313599,18.0,0.0,,,,,,,,,,,,,,,,,,,,,,,,,,,,,,,,,,,,,,
1784058323.773,271054000,195,1,3,0,10.0,25.0,10.0,25.0,9.415170669555664,25.498104095458984,-0.4981040954589844,34.776065826416016,50.1784782409668,0.0,0.0,0.0,1.0,1.0,0.0,1.0143078565597534,0.5848288536071777,18.0,0.0,,,,,,,,,,,,,,,,,,,,,,,,,,,,,,,,,,,,,,
1784058323.797,271077000,196,2,255,0,,,,,,,,,,,,,,,,,,,,0.0,0.0,0.0,0.0,3.0,2.450000047683716,0.0,0.0,0.04069586470723152,-0.007608366198837757,0.04018975421786308,1.0,0.0,0.0,0.0,0.0,0.0,0.0,0.0,,,,,,,,,,,,,,,,,,,
1784058323.817,271103000,197,3,254,0,,,,,,,,,,,,,,,,,,,,,,,,,,,,,,,,,,,,,,,1.0,1.0,1.0,1.0,1.0,1.0,4.0,0.0,-1.4253249168395996,0.13703157007694244,0.08472621440887451,-0.01590663194656372,0.0,0.0,0.06463146209716797,0.007830113172531128,-1.340598702430725,0.12112493813037872,9.745368957519531
1784058323.913,271198000,202,1,0,0,10.0,25.0,10.0,25.0,9.257904052734375,25.33591651916504,-0.3359168767929077,33.63300323486328,43.906166076660156,0.0,0.0,0.0,1.0,1.0,0.0,-0.9706971645355225,0.7420957088470459,18.0,0.0,,,,,,,,,,,,,,,,,,,,,,,,,,,,,,,,,,,,,,
1784058323.926,271218000,203,1,1,0,10.0,25.0,10.0,25.0,9.269161224365234,25.131834030151367,-0.13183355331420898,43.548500061035156,47.669551849365234,0.0,0.0,0.0,1.0,1.0,0.0,1.2786202430725098,0.7308386564254761,18.0,0.0,,,,,,,,,,,,,,,,,,,,,,,,,,,,,,,,,,,,,,
1784058323.974,271238000,204,1,2,0,10.0,25.0,10.0,25.0,9.121756553649902,24.97527313232422,0.0247269868850708,47.561309814453125,46.83324432373047,0.0,0.0,0.0,1.0,1.0,0.0,-1.3930777311325073,0.8782431483268738,18.0,0.0,,,,,,,,,,,,,,,,,,,,,,,,,,,,,,,,,,,,,,
1784058323.980,271261000,205,1,3,0,10.0,25.0,10.0,25.0,9.412457466125488,25.499629974365234,-0.4996299743652344,35.04243087768555,50.1784782409668,0.0,0.0,0.0,1.0,1.0,0.0,1.022154450416565,0.5875423550605774,18.0,0.0,,,,,,,,,,,,,,,,,,,,,,,,,,,,,,,,,,,,,,
1784058324.003,271285000,206,2,255,0,,,,,,,,,,,,,,,,,,,,0.0,0.0,0.0,0.0,3.0,2.450000047683716,0.0,0.0,0.03898252919316292,-0.006658963859081268,0.040174152702093124,1.0,0.0,0.0,0.0,0.0,0.0,0.0,0.0,,,,,,,,,,,,,,,,,,,
1784058324.003,271313000,207,3,254,0,,,,,,,,,,,,,,,,,,,,,,,,,,,,,,,,,,,,,,,1.0,1.0,1.0,1.0,1.0,1.0,4.0,0.0,-1.4253249168395996,0.13703157007694244,0.07028055191040039,0.002289116382598877,0.0,0.0,0.000377655029296875,0.0014241341268643737,-1.3550443649291992,0.13932068645954132,9.810378074645996
1784058324.115,271400000,212,1,0,0,10.0,25.0,10.0,25.0,9.258111953735352,25.335365295410156,-0.33536553382873535,33.71232223510742,43.906166076660156,0.0,0.0,0.0,1.0,1.0,0.0,-0.9739388823509216,0.741887092590332,18.0,0.0,,,,,,,,,,,,,,,,,,,,,,,,,,,,,,,,,,,,,,
1784058324.140,271422000,213,1,1,0,10.0,25.0,10.0,25.0,9.269777297973633,25.130701065063477,-0.13070106506347656,43.606170654296875,47.669551849365234,0.0,0.0,0.0,1.0,1.0,0.0,1.280160903930664,0.7302217483520508,18.0,0.0,,,,,,,,,,,,,,,,,,,,,,,,,,,,,,,,,,,,,,
1784058324.156,271444000,214,1,2,0,10.0,25.0,10.0,25.0,9.120787620544434,24.974721908569336,0.025278329849243164,47.69974899291992,46.83324432373047,0.0,0.0,0.0,1.0,1.0,0.0,-1.3975932598114014,0.8792117238044739,18.0,0.0,,,,,,,,,,,,,,,,,,,,,,,,,,,,,,,,,,,,,,
1784058324.194,271469000,215,1,3,0,10.0,25.0,10.0,25.0,9.412503242492676,25.49964714050293,-0.499647855758667,34.96445846557617,50.1784782409668,0.0,0.0,0.0,1.0,1.0,0.0,1.0193817615509033,0.5874961614608765,18.0,0.0,,,,,,,,,,,,,,,,,,,,,,,,,,,,,,,,,,,,,,
1784058324.195,271496000,216,2,255,0,,,,,,,,,,,,,,,,,,,,0.0,0.0,0.0,0.0,3.0,2.450000047683716,0.0,0.0,0.030077364295721054,-0.004551127552986145,0.04010379686951637,1.0,0.0,0.0,0.0,0.0,0.0,0.0,0.0,,,,,,,,,,,,,,,,,,,
1784058324.222,271515000,217,3,254,0,,,,,,,,,,,,,,,,,,,,,,,,,,,,,,,,,,,,,,,1.0,1.0,1.0,1.0,1.0,1.0,4.0,0.0,-1.4253249168395996,0.13703157007694244,0.05419600009918213,9.964406490325928e-05,0.0,0.0,0.08617115020751953,0.011697720736265182,-1.3711289167404175,0.1371312141418457,9.896171569824219
