[INFO] [launch]: All log files can be found below /home/gsing/2026Gsing/2026_Gsing-second_ROS/logs/ros/2026-07-15-01-43-12-963671-gsing-5692
[INFO] [launch]: Default logging verbosity is set to INFO
[INFO] [cmd_vel_chassis_serial.py-1]: process started with pid [5816]
[cmd_vel_chassis_serial.py-1] [INFO] [1784050997.529797081] [cmd_vel_chassis_serial]: Leg debug CSV logging enabled: /home/gsing/2026Gsing/2026_Gsing-second_ROS/logs/serial/2026-07-15_014303_leg.csv
[cmd_vel_chassis_serial.py-1] [INFO] [1784050997.535725444] [cmd_vel_chassis_serial]: Opened /dev/ttyACM0 @ 115200, cmd_vel=/cmd_vel, send=50.0Hz
[cmd_vel_chassis_serial.py-1] [INFO] [1784050997.581513082] [cmd_vel_chassis_serial]: Publishing STM32 arm events on /vision/arm_event
[cmd_vel_chassis_serial.py-1] [WARN] [1784050997.594092107] [cmd_vel_chassis_serial]: Drop leg debug: len=80 expected=84
[cmd_vel_chassis_serial.py-1] [WARN] [1784050997.599466013] [cmd_vel_chassis_serial]: Drop leg debug: len=80 expected=84
[cmd_vel_chassis_serial.py-1] [INFO] [1784050997.618988104] [cmd_vel_chassis_serial]: send source=stop vx=0.000 wz=0.000
[cmd_vel_chassis_serial.py-1] [WARN] [1784050997.622259878] [cmd_vel_chassis_serial]: Drop leg debug: len=80 expected=84
[cmd_vel_chassis_serial.py-1] [WARN] [1784050997.629948572] [cmd_vel_chassis_serial]: Drop leg debug: len=80 expected=84
[cmd_vel_chassis_serial.py-1] [WARN] [1784050997.720984895] [cmd_vel_chassis_serial]: Drop leg debug: len=80 expected=84
[cmd_vel_chassis_serial.py-1] [WARN] [1784050997.742167884] [cmd_vel_chassis_serial]: Drop leg debug: len=80 expected=84
[cmd_vel_chassis_serial.py-1] [WARN] [1784050997.780216601] [cmd_vel_chassis_serial]: Drop leg debug: len=80 expected=84
[cmd_vel_chassis_serial.py-1] [WARN] [1784050997.796264356] [cmd_vel_chassis_serial]: Drop leg debug: len=80 expected=84
[cmd_vel_chassis_serial.py-1] [WARN] [1784050997.802396385] [cmd_vel_chassis_serial]: Drop leg debug: len=80 expected=84
[cmd_vel_chassis_serial.py-1] [WARN] [1784050997.832373957] [cmd_vel_chassis_serial]: Drop leg debug: len=80 expected=84
[cmd_vel_chassis_serial.py-1] [WARN] [1784050997.919748782] [cmd_vel_chassis_serial]: Drop leg debug: len=80 expected=84
[cmd_vel_chassis_serial.py-1] [WARN] [1784050997.943207937] [cmd_vel_chassis_serial]: Drop leg debug: len=80 expected=84
[cmd_vel_chassis_serial.py-1] [WARN] [1784050997.971613158] [cmd_vel_chassis_serial]: Drop leg debug: len=80 expected=84
[cmd_vel_chassis_serial.py-1] [WARN] [1784050998.003945012] [cmd_vel_chassis_serial]: Drop leg debug: len=80 expected=84
[cmd_vel_chassis_serial.py-1] [WARN] [1784050998.026185797] [cmd_vel_chassis_serial]: Drop leg debug: len=80 expected=84
[cmd_vel_chassis_serial.py-1] [WARN] [1784050998.033098987] [cmd_vel_chassis_serial]: Drop leg debug: len=80 expected=84
[cmd_vel_chassis_serial.py-1] [WARN] [1784050998.133291651] [cmd_vel_chassis_serial]: Drop leg debug: len=80 expected=84
[cmd_vel_chassis_serial.py-1] [WARN] [1784050998.160018987] [cmd_vel_chassis_serial]: Drop leg debug: len=80 expected=84
[cmd_vel_chassis_serial.py-1] [WARN] [1784050998.198201304] [cmd_vel_chassis_serial]: Drop leg debug: len=80 expected=84
[cmd_vel_chassis_serial.py-1] [WARN] [1784050998.211654833] [cmd_vel_chassis_serial]: Drop leg debug: len=80 expected=84
[cmd_vel_chassis_serial.py-1] [WARN] [1784050998.229461215] [cmd_vel_chassis_serial]: Drop leg debug: len=80 expected=84
[cmd_vel_chassis_serial.py-1] [WARN] [1784050998.238807849] [cmd_vel_chassis_serial]: Drop leg debug: len=80 expected=84
[cmd_vel_chassis_serial.py-1] [WARN] [1784050998.322634597] [cmd_vel_chassis_serial]: Drop leg debug: len=80 expected=84
[cmd_vel_chassis_serial.py-1] [WARN] [1784050998.357806919] [cmd_vel_chassis_serial]: Drop leg debug: len=80 expected=84
[cmd_vel_chassis_serial.py-1] [WARN] [1784050998.386759786] [cmd_vel_chassis_serial]: Drop leg debug: len=80 expected=84
[cmd_vel_chassis_serial.py-1] [WARN] [1784050998.394970503] [cmd_vel_chassis_serial]: Drop leg debug: len=80 expected=84
[cmd_vel_chassis_serial.py-1] [WARN] [1784050998.412118628] [cmd_vel_chassis_serial]: Drop leg debug: len=80 expected=84
[cmd_vel_chassis_serial.py-1] [WARN] [1784050998.430101420] [cmd_vel_chassis_serial]: Drop leg debug: len=80 expected=84
[cmd_vel_chassis_serial.py-1] [WARN] [1784050998.532201144] [cmd_vel_chassis_serial]: Drop leg debug: len=80 expected=84
[cmd_vel_chassis_serial.py-1] [WARN] [1784050998.568130508] [cmd_vel_chassis_serial]: Drop leg debug: len=80 expected=84
[cmd_vel_chassis_serial.py-1] [WARN] [1784050998.609388937] [cmd_vel_chassis_serial]: Drop leg debug: len=80 expected=84
[cmd_vel_chassis_serial.py-1] [WARN] [1784050998.651284225] [cmd_vel_chassis_serial]: Drop leg debug: len=80 expected=84
[cmd_vel_chassis_serial.py-1] [WARN] [1784050998.673033382] [cmd_vel_chassis_serial]: Drop leg debug: len=80 expected=84
[cmd_vel_chassis_serial.py-1] [WARN] [1784050998.693840998] [cmd_vel_chassis_serial]: Drop leg debug: len=80 expected=84
[cmd_vel_chassis_serial.py-1] [WARN] [1784050998.727533526] [cmd_vel_chassis_serial]: Drop leg debug: len=80 expected=84
[cmd_vel_chassis_serial.py-1] [WARN] [1784050998.741154175] [cmd_vel_chassis_serial]: Drop leg debug: len=80 expected=84
[cmd_vel_chassis_serial.py-1] [WARN] [1784050998.813769775] [cmd_vel_chassis_serial]: Drop leg debug: len=80 expected=84
[cmd_vel_chassis_serial.py-1] [WARN] [1784050998.851236013] [cmd_vel_chassis_serial]: Drop leg debug: len=80 expected=84
[cmd_vel_chassis_serial.py-1] [ERROR] [1784050998.866321443] [cmd_vel_chassis_serial]: Serial write failed: Write timeout
[cmd_vel_chassis_serial.py-1] [WARN] [1784050998.883192033] [cmd_vel_chassis_serial]: Drop leg debug: len=80 expected=84
[cmd_vel_chassis_serial.py-1] [WARN] [1784050998.908075809] [cmd_vel_chassis_serial]: Drop leg debug: len=80 expected=84
[cmd_vel_chassis_serial.py-1] [WARN] [1784050998.942314068] [cmd_vel_chassis_serial]: Drop leg debug: len=80 expected=84
[cmd_vel_chassis_serial.py-1] [WARN] [1784050998.959768987] [cmd_vel_chassis_serial]: Drop leg debug: len=80 expected=84
[cmd_vel_chassis_serial.py-1] [WARN] [1784050998.994119939] [cmd_vel_chassis_serial]: Drop leg debug: len=80 expected=84
[cmd_vel_chassis_serial.py-1] [WARN] [1784050999.035142339] [cmd_vel_chassis_serial]: Drop leg debug: len=80 expected=84
[cmd_vel_chassis_serial.py-1] [WARN] [1784050999.049104866] [cmd_vel_chassis_serial]: Drop leg debug: len=80 expected=84
[cmd_vel_chassis_serial.py-1] [WARN] [1784050999.094904580] [cmd_vel_chassis_serial]: Drop leg debug: len=80 expected=84
[cmd_vel_chassis_serial.py-1] [ERROR] [1784050999.098238085] [cmd_vel_chassis_serial]: Serial write failed: Write timeout
[cmd_vel_chassis_serial.py-1] [WARN] [1784050999.165801489] [cmd_vel_chassis_serial]: Drop leg debug: len=80 expected=84
[cmd_vel_chassis_serial.py-1] [WARN] [1784050999.201172137] [cmd_vel_chassis_serial]: Drop leg debug: len=80 expected=84
[cmd_vel_chassis_serial.py-1] [WARN] [1784050999.262322829] [cmd_vel_chassis_serial]: Drop leg debug: len=80 expected=84
[cmd_vel_chassis_serial.py-1] [WARN] [1784050999.293590582] [cmd_vel_chassis_serial]: Drop leg debug: len=80 expected=84
[cmd_vel_chassis_serial.py-1] [WARN] [1784050999.357147869] [cmd_vel_chassis_serial]: Drop leg debug: len=80 expected=84
[cmd_vel_chassis_serial.py-1] [ERROR] [1784050999.359509579] [cmd_vel_chassis_serial]: Serial write failed: Write timeout
[cmd_vel_chassis_serial.py-1] [WARN] [1784050999.373746160] [cmd_vel_chassis_serial]: Drop leg debug: len=80 expected=84
[cmd_vel_chassis_serial.py-1] [WARN] [1784050999.389292101] [cmd_vel_chassis_serial]: Drop leg debug: len=80 expected=84
[cmd_vel_chassis_serial.py-1] [WARN] [1784050999.452120935] [cmd_vel_chassis_serial]: Drop leg debug: len=80 expected=84
[cmd_vel_chassis_serial.py-1] [ERROR] [1784050999.458438451] [cmd_vel_chassis_serial]: Serial write failed: Write timeout
[cmd_vel_chassis_serial.py-1] [WARN] [1784050999.483659441] [cmd_vel_chassis_serial]: Drop leg debug: len=80 expected=84
[cmd_vel_chassis_serial.py-1] [WARN] [1784050999.515717443] [cmd_vel_chassis_serial]: Drop leg debug: len=80 expected=84
[cmd_vel_chassis_serial.py-1] [WARN] [1784050999.594771094] [cmd_vel_chassis_serial]: Drop leg debug: len=80 expected=84
[cmd_vel_chassis_serial.py-1] [WARN] [1784050999.640430030] [cmd_vel_chassis_serial]: Drop leg debug: len=80 expected=84
[cmd_vel_chassis_serial.py-1] [ERROR] [1784050999.704510798] [cmd_vel_chassis_serial]: Serial write failed: Write timeout
[cmd_vel_chassis_serial.py-1] [WARN] [1784050999.740803772] [cmd_vel_chassis_serial]: Drop leg debug: len=80 expected=84
[cmd_vel_chassis_serial.py-1] [WARN] [1784050999.802887818] [cmd_vel_chassis_serial]: Drop leg debug: len=80 expected=84
[cmd_vel_chassis_serial.py-1] [WARN] [1784050999.901506692] [cmd_vel_chassis_serial]: Drop leg debug: len=80 expected=84
[cmd_vel_chassis_serial.py-1] [WARN] [1784050999.982200452] [cmd_vel_chassis_serial]: Drop leg debug: len=80 expected=84
[cmd_vel_chassis_serial.py-1] [WARN] [1784051000.055126070] [cmd_vel_chassis_serial]: Drop leg debug: len=80 expected=84
[cmd_vel_chassis_serial.py-1] [ERROR] [1784051000.062175696] [cmd_vel_chassis_serial]: Serial write failed: Write timeout
[cmd_vel_chassis_serial.py-1] [WARN] [1784051000.133877873] [cmd_vel_chassis_serial]: Drop leg debug: len=80 expected=84
[cmd_vel_chassis_serial.py-1] [ERROR] [1784051000.253739453] [cmd_vel_chassis_serial]: Serial write failed: Write timeout
[cmd_vel_chassis_serial.py-1] [WARN] [1784051000.302286480] [cmd_vel_chassis_serial]: Drop leg debug: len=80 expected=84
[cmd_vel_chassis_serial.py-1] [WARN] [1784051000.350818048] [cmd_vel_chassis_serial]: Drop leg debug: len=80 expected=84
[cmd_vel_chassis_serial.py-1] [WARN] [1784051000.460823616] [cmd_vel_chassis_serial]: Drop leg debug: len=80 expected=84
[cmd_vel_chassis_serial.py-1] [ERROR] [1784051000.503795757] [cmd_vel_chassis_serial]: Serial write failed: Write timeout
[cmd_vel_chassis_serial.py-1] [WARN] [1784051000.526420779] [cmd_vel_chassis_serial]: Drop leg debug: len=80 expected=84
[cmd_vel_chassis_serial.py-1] [WARN] [1784051000.555001012] [cmd_vel_chassis_serial]: Drop leg debug: len=80 expected=84
[cmd_vel_chassis_serial.py-1] [WARN] [1784051000.617856572] [cmd_vel_chassis_serial]: Drop leg debug: len=80 expected=84
[cmd_vel_chassis_serial.py-1] [WARN] [1784051000.638842878] [cmd_vel_chassis_serial]: Drop leg debug: len=80 expected=84
[cmd_vel_chassis_serial.py-1] [WARN] [1784051000.650069482] [cmd_vel_chassis_serial]: Drop leg debug: len=80 expected=84
[cmd_vel_chassis_serial.py-1] [WARN] [1784051000.681042736] [cmd_vel_chassis_serial]: Drop leg debug: len=80 expected=84
[cmd_vel_chassis_serial.py-1] [ERROR] [1784051000.720724891] [cmd_vel_chassis_serial]: Serial write failed: Write timeout
[cmd_vel_chassis_serial.py-1] [WARN] [1784051000.729279057] [cmd_vel_chassis_serial]: Drop leg debug: len=80 expected=84
[cmd_vel_chassis_serial.py-1] [WARN] [1784051000.777888983] [cmd_vel_chassis_serial]: Drop leg debug: len=80 expected=84
[cmd_vel_chassis_serial.py-1] [WARN] [1784051000.819203554] [cmd_vel_chassis_serial]: Drop leg debug: len=80 expected=84
[cmd_vel_chassis_serial.py-1] [WARN] [1784051000.845897637] [cmd_vel_chassis_serial]: Drop leg debug: len=80 expected=84
[cmd_vel_chassis_serial.py-1] [WARN] [1784051000.885760954] [cmd_vel_chassis_serial]: Drop leg debug: len=80 expected=84
[cmd_vel_chassis_serial.py-1] [ERROR] [1784051000.891807185] [cmd_vel_chassis_serial]: Serial write failed: Write timeout
[cmd_vel_chassis_serial.py-1] [WARN] [1784051000.908123984] [cmd_vel_chassis_serial]: Drop leg debug: len=80 expected=84
[cmd_vel_chassis_serial.py-1] [WARN] [1784051000.970728137] [cmd_vel_chassis_serial]: Drop leg debug: len=80 expected=84
[cmd_vel_chassis_serial.py-1] [WARN] [1784051001.001109322] [cmd_vel_chassis_serial]: Drop leg debug: len=80 expected=84
[cmd_vel_chassis_serial.py-1] [WARN] [1784051001.024142069] [cmd_vel_chassis_serial]: Drop leg debug: len=80 expected=84
[cmd_vel_chassis_serial.py-1] [WARN] [1784051001.072753803] [cmd_vel_chassis_serial]: Drop leg debug: len=80 expected=84
[cmd_vel_chassis_serial.py-1] [WARN] [1784051001.096011349] [cmd_vel_chassis_serial]: Drop leg debug: len=80 expected=84
[cmd_vel_chassis_serial.py-1] [WARN] [1784051001.135669502] [cmd_vel_chassis_serial]: Drop leg debug: len=80 expected=84
[cmd_vel_chassis_serial.py-1] [WARN] [1784051001.152550900] [cmd_vel_chassis_serial]: Drop leg debug: len=80 expected=84
[cmd_vel_chassis_serial.py-1] [ERROR] [1784051001.153011672] [cmd_vel_chassis_serial]: Serial write failed: Write timeout
[cmd_vel_chassis_serial.py-1] [WARN] [1784051001.163399668] [cmd_vel_chassis_serial]: Drop leg debug: len=80 expected=84
[cmd_vel_chassis_serial.py-1] [WARN] [1784051001.174845160] [cmd_vel_chassis_serial]: Drop leg debug: len=80 expected=84
[cmd_vel_chassis_serial.py-1] [WARN] [1784051001.303085996] [cmd_vel_chassis_serial]: Drop leg debug: len=80 expected=84
[cmd_vel_chassis_serial.py-1] [WARN] [1784051001.324060924] [cmd_vel_chassis_serial]: Drop leg debug: len=80 expected=84
[cmd_vel_chassis_serial.py-1] [WARN] [1784051001.336273297] [cmd_vel_chassis_serial]: Drop leg debug: len=80 expected=84
[cmd_vel_chassis_serial.py-1] [WARN] [1784051001.374637813] [cmd_vel_chassis_serial]: Drop leg debug: len=80 expected=84
[cmd_vel_chassis_serial.py-1] [WARN] [1784051001.412433364] [cmd_vel_chassis_serial]: Drop leg debug: len=80 expected=84
[cmd_vel_chassis_serial.py-1] [WARN] [1784051001.445922862] [cmd_vel_chassis_serial]: Drop leg debug: len=80 expected=84
[cmd_vel_chassis_serial.py-1] [WARN] [1784051001.534799520] [cmd_vel_chassis_serial]: Drop leg debug: len=80 expected=84
[cmd_vel_chassis_serial.py-1] [ERROR] [1784051001.536883862] [cmd_vel_chassis_serial]: Serial write failed: Write timeout
[cmd_vel_chassis_serial.py-1] [WARN] [1784051001.550175095] [cmd_vel_chassis_serial]: Drop leg debug: len=80 expected=84
[cmd_vel_chassis_serial.py-1] [WARN] [1784051001.553400535] [cmd_vel_chassis_serial]: Drop leg debug: len=80 expected=84
[cmd_vel_chassis_serial.py-1] [WARN] [1784051001.556641326] [cmd_vel_chassis_serial]: Drop leg debug: len=80 expected=84
[cmd_vel_chassis_serial.py-1] [WARN] [1784051001.563298812] [cmd_vel_chassis_serial]: Drop leg debug: len=80 expected=84
[cmd_vel_chassis_serial.py-1] [WARN] [1784051001.577681914] [cmd_vel_chassis_serial]: Drop leg debug: len=80 expected=84
[cmd_vel_chassis_serial.py-1] [WARN] [1784051001.750425903] [cmd_vel_chassis_serial]: Drop leg debug: len=80 expected=84
[cmd_vel_chassis_serial.py-1] [WARN] [1784051001.838102667] [cmd_vel_chassis_serial]: Drop leg debug: len=80 expected=84
[cmd_vel_chassis_serial.py-1] [WARN] [1784051001.873018335] [cmd_vel_chassis_serial]: Drop leg debug: len=80 expected=84
[cmd_vel_chassis_serial.py-1] [WARN] [1784051002.112957477] [cmd_vel_chassis_serial]: Drop leg debug: len=80 expected=84
[cmd_vel_chassis_serial.py-1] [WARN] [1784051002.216342126] [cmd_vel_chassis_serial]: Drop leg debug: len=80 expected=84
[cmd_vel_chassis_serial.py-1] [WARN] [1784051002.255643922] [cmd_vel_chassis_serial]: Drop leg debug: len=80 expected=84
[cmd_vel_chassis_serial.py-1] [WARN] [1784051002.314537911] [cmd_vel_chassis_serial]: Drop leg debug: len=80 expected=84
[cmd_vel_chassis_serial.py-1] [WARN] [1784051002.337988223] [cmd_vel_chassis_serial]: Drop leg debug: len=80 expected=84
[cmd_vel_chassis_serial.py-1] [WARN] [1784051002.362488338] [cmd_vel_chassis_serial]: Drop leg debug: len=80 expected=84
[cmd_vel_chassis_serial.py-1] [ERROR] [1784051002.394114689] [cmd_vel_chassis_serial]: Serial write failed: Write timeout
[cmd_vel_chassis_serial.py-1] [WARN] [1784051002.404905184] [cmd_vel_chassis_serial]: Drop leg debug: len=80 expected=84
[cmd_vel_chassis_serial.py-1] [WARN] [1784051002.466276128] [cmd_vel_chassis_serial]: Drop leg debug: len=80 expected=84
[cmd_vel_chassis_serial.py-1] [ERROR] [1784051002.477827372] [cmd_vel_chassis_serial]: Serial write failed: Write timeout
[cmd_vel_chassis_serial.py-1] [WARN] [1784051002.532837954] [cmd_vel_chassis_serial]: Drop leg debug: len=80 expected=84
[cmd_vel_chassis_serial.py-1] [ERROR] [1784051002.645717337] [cmd_vel_chassis_serial]: Serial write failed: Write timeout
[cmd_vel_chassis_serial.py-1] [WARN] [1784051002.682063547] [cmd_vel_chassis_serial]: Drop leg debug: len=80 expected=84
[cmd_vel_chassis_serial.py-1] [WARN] [1784051002.706929455] [cmd_vel_chassis_serial]: Drop leg debug: len=80 expected=84
[cmd_vel_chassis_serial.py-1] [WARN] [1784051002.747151762] [cmd_vel_chassis_serial]: Drop leg debug: len=80 expected=84
[cmd_vel_chassis_serial.py-1] [WARN] [1784051002.894806785] [cmd_vel_chassis_serial]: Drop leg debug: len=80 expected=84
[cmd_vel_chassis_serial.py-1] [ERROR] [1784051002.948219794] [cmd_vel_chassis_serial]: Serial write failed: Write timeout
[cmd_vel_chassis_serial.py-1] [WARN] [1784051003.028878764] [cmd_vel_chassis_serial]: Drop leg debug: len=80 expected=84
[cmd_vel_chassis_serial.py-1] [ERROR] [1784051003.083322021] [cmd_vel_chassis_serial]: Serial write failed: Write timeout
[cmd_vel_chassis_serial.py-1] [WARN] [1784051003.146799379] [cmd_vel_chassis_serial]: Drop leg debug: len=80 expected=84
[cmd_vel_chassis_serial.py-1] [WARN] [1784051003.242917504] [cmd_vel_chassis_serial]: Drop leg debug: len=80 expected=84
[cmd_vel_chassis_serial.py-1] [ERROR] [1784051003.297682099] [cmd_vel_chassis_serial]: Serial write failed: Write timeout
[cmd_vel_chassis_serial.py-1] [WARN] [1784051003.371667900] [cmd_vel_chassis_serial]: Drop leg debug: len=80 expected=84
[cmd_vel_chassis_serial.py-1] [WARN] [1784051003.411244664] [cmd_vel_chassis_serial]: Drop leg debug: len=80 expected=84
[cmd_vel_chassis_serial.py-1] [WARN] [1784051003.448761499] [cmd_vel_chassis_serial]: Drop leg debug: len=80 expected=84
[cmd_vel_chassis_serial.py-1] [WARN] [1784051003.474222941] [cmd_vel_chassis_serial]: Drop leg debug: len=80 expected=84
[cmd_vel_chassis_serial.py-1] [WARN] [1784051003.517239536] [cmd_vel_chassis_serial]: Drop leg debug: len=80 expected=84
[cmd_vel_chassis_serial.py-1] [WARN] [1784051003.564566654] [cmd_vel_chassis_serial]: Drop leg debug: len=80 expected=84
[cmd_vel_chassis_serial.py-1] [WARN] [1784051003.631985275] [cmd_vel_chassis_serial]: Drop leg debug: len=80 expected=84
[cmd_vel_chassis_serial.py-1] [ERROR] [1784051003.643262747] [cmd_vel_chassis_serial]: Serial write failed: Write timeout
[cmd_vel_chassis_serial.py-1] [WARN] [1784051003.747775981] [cmd_vel_chassis_serial]: Drop leg debug: len=80 expected=84
[cmd_vel_chassis_serial.py-1] [ERROR] [1784051003.788567015] [cmd_vel_chassis_serial]: Serial write failed: Write timeout
[cmd_vel_chassis_serial.py-1] [WARN] [1784051003.806621068] [cmd_vel_chassis_serial]: Drop leg debug: len=80 expected=84
[cmd_vel_chassis_serial.py-1] [WARN] [1784051003.860862196] [cmd_vel_chassis_serial]: Drop leg debug: len=80 expected=84
[cmd_vel_chassis_serial.py-1] [WARN] [1784051003.908216318] [cmd_vel_chassis_serial]: Drop leg debug: len=80 expected=84
[cmd_vel_chassis_serial.py-1] [WARN] [1784051003.950673633] [cmd_vel_chassis_serial]: Drop leg debug: len=80 expected=84
[cmd_vel_chassis_serial.py-1] [WARN] [1784051003.990109512] [cmd_vel_chassis_serial]: Drop leg debug: len=80 expected=84
[cmd_vel_chassis_serial.py-1] [ERROR] [1784051004.054830948] [cmd_vel_chassis_serial]: Serial write failed: Write timeout
[cmd_vel_chassis_serial.py-1] [WARN] [1784051004.076863085] [cmd_vel_chassis_serial]: Drop leg debug: len=80 expected=84
[cmd_vel_chassis_serial.py-1] [WARN] [1784051004.114242556] [cmd_vel_chassis_serial]: Drop leg debug: len=80 expected=84
[cmd_vel_chassis_serial.py-1] [ERROR] [1784051004.139804977] [cmd_vel_chassis_serial]: Serial write failed: Write timeout
[cmd_vel_chassis_serial.py-1] [WARN] [1784051004.153477798] [cmd_vel_chassis_serial]: Drop leg debug: len=80 expected=84
[cmd_vel_chassis_serial.py-1] [WARN] [1784051004.165009875] [cmd_vel_chassis_serial]: Drop leg debug: len=80 expected=84
[cmd_vel_chassis_serial.py-1] [WARN] [1784051004.195465895] [cmd_vel_chassis_serial]: Drop leg debug: len=80 expected=84
[cmd_vel_chassis_serial.py-1] [WARN] [1784051004.219093059] [cmd_vel_chassis_serial]: Drop leg debug: len=80 expected=84
[cmd_vel_chassis_serial.py-1] [WARN] [1784051004.230886779] [cmd_vel_chassis_serial]: Drop leg debug: len=80 expected=84
[cmd_vel_chassis_serial.py-1] [WARN] [1784051004.247068994] [cmd_vel_chassis_serial]: Drop leg debug: len=80 expected=84
[cmd_vel_chassis_serial.py-1] [WARN] [1784051004.296233316] [cmd_vel_chassis_serial]: Drop leg debug: len=80 expected=84
[cmd_vel_chassis_serial.py-1] [WARN] [1784051004.366915106] [cmd_vel_chassis_serial]: Drop leg debug: len=80 expected=84
[cmd_vel_chassis_serial.py-1] [WARN] [1784051004.382074078] [cmd_vel_chassis_serial]: Drop leg debug: len=80 expected=84
[cmd_vel_chassis_serial.py-1] [WARN] [1784051004.398422728] [cmd_vel_chassis_serial]: Drop leg debug: len=80 expected=84
[cmd_vel_chassis_serial.py-1] [WARN] [1784051004.411280400] [cmd_vel_chassis_serial]: Drop leg debug: len=80 expected=84
[cmd_vel_chassis_serial.py-1] [WARN] [1784051004.423134871] [cmd_vel_chassis_serial]: Drop leg debug: len=80 expected=84
[cmd_vel_chassis_serial.py-1] [WARN] [1784051004.443994023] [cmd_vel_chassis_serial]: Drop leg debug: len=80 expected=84
[cmd_vel_chassis_serial.py-1] [WARN] [1784051004.473301662] [cmd_vel_chassis_serial]: Drop leg debug: len=80 expected=84
[cmd_vel_chassis_serial.py-1] [WARN] [1784051004.503216141] [cmd_vel_chassis_serial]: Drop leg debug: len=80 expected=84
[cmd_vel_chassis_serial.py-1] [WARN] [1784051004.581858714] [cmd_vel_chassis_serial]: Drop leg debug: len=80 expected=84
[cmd_vel_chassis_serial.py-1] [WARN] [1784051004.596075957] [cmd_vel_chassis_serial]: Drop leg debug: len=80 expected=84
[cmd_vel_chassis_serial.py-1] [WARN] [1784051004.614241398] [cmd_vel_chassis_serial]: Drop leg debug: len=80 expected=84
[cmd_vel_chassis_serial.py-1] [WARN] [1784051004.634424449] [cmd_vel_chassis_serial]: Drop leg debug: len=80 expected=84
[cmd_vel_chassis_serial.py-1] [WARN] [1784051004.653680905] [cmd_vel_chassis_serial]: Drop leg debug: len=80 expected=84
[cmd_vel_chassis_serial.py-1] [WARN] [1784051004.671039417] [cmd_vel_chassis_serial]: Drop leg debug: len=80 expected=84
[cmd_vel_chassis_serial.py-1] [WARN] [1784051004.839136757] [cmd_vel_chassis_serial]: Drop leg debug: len=80 expected=84
[cmd_vel_chassis_serial.py-1] [WARN] [1784051004.878247340] [cmd_vel_chassis_serial]: Drop leg debug: len=80 expected=84
[cmd_vel_chassis_serial.py-1] [WARN] [1784051004.920752939] [cmd_vel_chassis_serial]: Drop leg debug: len=80 expected=84
[cmd_vel_chassis_serial.py-1] [WARN] [1784051004.926881751] [cmd_vel_chassis_serial]: Drop leg debug: len=80 expected=84
[cmd_vel_chassis_serial.py-1] [WARN] [1784051004.937471918] [cmd_vel_chassis_serial]: Drop leg debug: len=80 expected=84
[cmd_vel_chassis_serial.py-1] [WARN] [1784051004.944185104] [cmd_vel_chassis_serial]: Drop leg debug: len=80 expected=84
[cmd_vel_chassis_serial.py-1] [WARN] [1784051004.961118513] [cmd_vel_chassis_serial]: Drop leg debug: len=80 expected=84
[cmd_vel_chassis_serial.py-1] [WARN] [1784051004.976607669] [cmd_vel_chassis_serial]: Drop leg debug: len=80 expected=84
[cmd_vel_chassis_serial.py-1] [WARN] [1784051005.002293200] [cmd_vel_chassis_serial]: Drop leg debug: len=80 expected=84
[cmd_vel_chassis_serial.py-1] [WARN] [1784051005.014996875] [cmd_vel_chassis_serial]: Drop leg debug: len=80 expected=84
[cmd_vel_chassis_serial.py-1] [WARN] [1784051005.034720188] [cmd_vel_chassis_serial]: Drop leg debug: len=80 expected=84
[cmd_vel_chassis_serial.py-1] [WARN] [1784051005.057265616] [cmd_vel_chassis_serial]: Drop leg debug: len=80 expected=84
[cmd_vel_chassis_serial.py-1] [WARN] [1784051005.168529393] [cmd_vel_chassis_serial]: Drop leg debug: len=80 expected=84
[cmd_vel_chassis_serial.py-1] [WARN] [1784051005.186118924] [cmd_vel_chassis_serial]: Drop leg debug: len=80 expected=84
[cmd_vel_chassis_serial.py-1] [WARN] [1784051005.202896881] [cmd_vel_chassis_serial]: Drop leg debug: len=80 expected=84
[cmd_vel_chassis_serial.py-1] [WARN] [1784051005.275112502] [cmd_vel_chassis_serial]: Drop leg debug: len=80 expected=84
[cmd_vel_chassis_serial.py-1] [WARN] [1784051005.358036200] [cmd_vel_chassis_serial]: Drop leg debug: len=80 expected=84
[cmd_vel_chassis_serial.py-1] [WARN] [1784051005.412840319] [cmd_vel_chassis_serial]: Drop leg debug: len=80 expected=84
[cmd_vel_chassis_serial.py-1] [WARN] [1784051005.480434716] [cmd_vel_chassis_serial]: Drop leg debug: len=80 expected=84
[cmd_vel_chassis_serial.py-1] [WARN] [1784051005.554157741] [cmd_vel_chassis_serial]: Drop leg debug: len=80 expected=84
[cmd_vel_chassis_serial.py-1] [WARN] [1784051005.573496085] [cmd_vel_chassis_serial]: Drop leg debug: len=80 expected=84
[cmd_vel_chassis_serial.py-1] [WARN] [1784051005.635715015] [cmd_vel_chassis_serial]: Drop leg debug: len=80 expected=84
[cmd_vel_chassis_serial.py-1] [ERROR] [1784051005.668803103] [cmd_vel_chassis_serial]: Serial write failed: Write timeout
[cmd_vel_chassis_serial.py-1] [WARN] [1784051005.690559507] [cmd_vel_chassis_serial]: Drop leg debug: len=80 expected=84
[cmd_vel_chassis_serial.py-1] [WARN] [1784051005.702591186] [cmd_vel_chassis_serial]: Drop leg debug: len=80 expected=84
[cmd_vel_chassis_serial.py-1] [WARN] [1784051005.713317948] [cmd_vel_chassis_serial]: Drop leg debug: len=80 expected=84
[cmd_vel_chassis_serial.py-1] [WARN] [1784051005.755579572] [cmd_vel_chassis_serial]: Drop leg debug: len=80 expected=84
[cmd_vel_chassis_serial.py-1] [WARN] [1784051005.775143471] [cmd_vel_chassis_serial]: Drop leg debug: len=80 expected=84
[cmd_vel_chassis_serial.py-1] [WARN] [1784051005.796125591] [cmd_vel_chassis_serial]: Drop leg debug: len=80 expected=84
[cmd_vel_chassis_serial.py-1] [WARN] [1784051005.814747582] [cmd_vel_chassis_serial]: Drop leg debug: len=80 expected=84
[cmd_vel_chassis_serial.py-1] [WARN] [1784051005.828196762] [cmd_vel_chassis_serial]: Drop leg debug: len=80 expected=84
[cmd_vel_chassis_serial.py-1] [WARN] [1784051005.840051395] [cmd_vel_chassis_serial]: Drop leg debug: len=80 expected=84
[cmd_vel_chassis_serial.py-1] [WARN] [1784051005.852117121] [cmd_vel_chassis_serial]: Drop leg debug: len=80 expected=84
[cmd_vel_chassis_serial.py-1] [WARN] [1784051005.858764164] [cmd_vel_chassis_serial]: Drop leg debug: len=80 expected=84
[cmd_vel_chassis_serial.py-1] [WARN] [1784051005.864727773] [cmd_vel_chassis_serial]: Drop leg debug: len=80 expected=84
[cmd_vel_chassis_serial.py-1] [WARN] [1784051005.882097689] [cmd_vel_chassis_serial]: Drop leg debug: len=80 expected=84
[cmd_vel_chassis_serial.py-1] [WARN] [1784051005.895457074] [cmd_vel_chassis_serial]: Drop leg debug: len=80 expected=84
[cmd_vel_chassis_serial.py-1] [WARN] [1784051005.964321199] [cmd_vel_chassis_serial]: Drop leg debug: len=80 expected=84
[cmd_vel_chassis_serial.py-1] [WARN] [1784051005.977742571] [cmd_vel_chassis_serial]: Drop leg debug: len=80 expected=84
[cmd_vel_chassis_serial.py-1] [WARN] [1784051005.998150495] [cmd_vel_chassis_serial]: Drop leg debug: len=80 expected=84
[cmd_vel_chassis_serial.py-1] [WARN] [1784051006.033037354] [cmd_vel_chassis_serial]: Drop leg debug: len=80 expected=84
[cmd_vel_chassis_serial.py-1] [WARN] [1784051006.049821232] [cmd_vel_chassis_serial]: Drop leg debug: len=80 expected=84
[cmd_vel_chassis_serial.py-1] [WARN] [1784051006.082698306] [cmd_vel_chassis_serial]: Drop leg debug: len=80 expected=84
[cmd_vel_chassis_serial.py-1] [WARN] [1784051006.181965977] [cmd_vel_chassis_serial]: Drop leg debug: len=80 expected=84
[cmd_vel_chassis_serial.py-1] [WARN] [1784051006.209747736] [cmd_vel_chassis_serial]: Drop leg debug: len=80 expected=84
[cmd_vel_chassis_serial.py-1] [WARN] [1784051006.270825708] [cmd_vel_chassis_serial]: Drop leg debug: len=80 expected=84
[cmd_vel_chassis_serial.py-1] [WARN] [1784051006.317940281] [cmd_vel_chassis_serial]: Drop leg debug: len=80 expected=84
[cmd_vel_chassis_serial.py-1] [WARN] [1784051006.361106973] [cmd_vel_chassis_serial]: Drop leg debug: len=80 expected=84
[cmd_vel_chassis_serial.py-1] [WARN] [1784051006.380688360] [cmd_vel_chassis_serial]: Drop leg debug: len=80 expected=84
[cmd_vel_chassis_serial.py-1] [WARN] [1784051006.406241922] [cmd_vel_chassis_serial]: Drop leg debug: len=80 expected=84
[cmd_vel_chassis_serial.py-1] [WARN] [1784051006.422791064] [cmd_vel_chassis_serial]: Drop leg debug: len=80 expected=84
[cmd_vel_chassis_serial.py-1] [WARN] [1784051006.434032995] [cmd_vel_chassis_serial]: Drop leg debug: len=80 expected=84
[cmd_vel_chassis_serial.py-1] [WARN] [1784051006.441470040] [cmd_vel_chassis_serial]: Drop leg debug: len=80 expected=84
[cmd_vel_chassis_serial.py-1] [WARN] [1784051006.449167181] [cmd_vel_chassis_serial]: Drop leg debug: len=80 expected=84
[cmd_vel_chassis_serial.py-1] [WARN] [1784051006.485109108] [cmd_vel_chassis_serial]: Drop leg debug: len=80 expected=84
[cmd_vel_chassis_serial.py-1] [WARN] [1784051006.552176057] [cmd_vel_chassis_serial]: Drop leg debug: len=80 expected=84
[cmd_vel_chassis_serial.py-1] [WARN] [1784051006.605290876] [cmd_vel_chassis_serial]: Drop leg debug: len=80 expected=84
[cmd_vel_chassis_serial.py-1] [WARN] [1784051006.620788861] [cmd_vel_chassis_serial]: Drop leg debug: len=80 expected=84
[cmd_vel_chassis_serial.py-1] [WARN] [1784051006.661856275] [cmd_vel_chassis_serial]: Drop leg debug: len=80 expected=84
[cmd_vel_chassis_serial.py-1] [WARN] [1784051006.683271912] [cmd_vel_chassis_serial]: Drop leg debug: len=80 expected=84
[cmd_vel_chassis_serial.py-1] [WARN] [1784051006.695605757] [cmd_vel_chassis_serial]: Drop leg debug: len=80 expected=84
[cmd_vel_chassis_serial.py-1] [WARN] [1784051006.752314176] [cmd_vel_chassis_serial]: Drop leg debug: len=80 expected=84
[cmd_vel_chassis_serial.py-1] [WARN] [1784051006.774478559] [cmd_vel_chassis_serial]: Drop leg debug: len=80 expected=84
[cmd_vel_chassis_serial.py-1] [WARN] [1784051006.788962543] [cmd_vel_chassis_serial]: Drop leg debug: len=80 expected=84
[cmd_vel_chassis_serial.py-1] [WARN] [1784051006.844139281] [cmd_vel_chassis_serial]: Drop leg debug: len=80 expected=84
[cmd_vel_chassis_serial.py-1] [WARN] [1784051006.871859845] [cmd_vel_chassis_serial]: Drop leg debug: len=80 expected=84
[cmd_vel_chassis_serial.py-1] [WARN] [1784051006.901099166] [cmd_vel_chassis_serial]: Drop leg debug: len=80 expected=84
[cmd_vel_chassis_serial.py-1] [WARN] [1784051006.944586847] [cmd_vel_chassis_serial]: Drop leg debug: len=80 expected=84
[cmd_vel_chassis_serial.py-1] [WARN] [1784051006.969736094] [cmd_vel_chassis_serial]: Drop leg debug: len=80 expected=84
[cmd_vel_chassis_serial.py-1] [WARN] [1784051006.998896157] [cmd_vel_chassis_serial]: Drop leg debug: len=80 expected=84
[cmd_vel_chassis_serial.py-1] [WARN] [1784051007.014168029] [cmd_vel_chassis_serial]: Drop leg debug: len=80 expected=84
[cmd_vel_chassis_serial.py-1] [WARN] [1784051007.030982647] [cmd_vel_chassis_serial]: Drop leg debug: len=80 expected=84
[cmd_vel_chassis_serial.py-1] [WARN] [1784051007.072016845] [cmd_vel_chassis_serial]: Drop leg debug: len=80 expected=84
[cmd_vel_chassis_serial.py-1] [WARN] [1784051007.148192626] [cmd_vel_chassis_serial]: Drop leg debug: len=80 expected=84
[cmd_vel_chassis_serial.py-1] [WARN] [1784051007.162178449] [cmd_vel_chassis_serial]: Drop leg debug: len=80 expected=84
[cmd_vel_chassis_serial.py-1] [WARN] [1784051007.192428024] [cmd_vel_chassis_serial]: Drop leg debug: len=80 expected=84
[cmd_vel_chassis_serial.py-1] [WARN] [1784051007.240877925] [cmd_vel_chassis_serial]: Drop leg debug: len=80 expected=84
[cmd_vel_chassis_serial.py-1] [WARN] [1784051007.257280546] [cmd_vel_chassis_serial]: Drop leg debug: len=80 expected=84
[cmd_vel_chassis_serial.py-1] [WARN] [1784051007.295787916] [cmd_vel_chassis_serial]: Drop leg debug: len=80 expected=84
[cmd_vel_chassis_serial.py-1] [WARN] [1784051007.360636946] [cmd_vel_chassis_serial]: Drop leg debug: len=80 expected=84
[cmd_vel_chassis_serial.py-1] [ERROR] [1784051007.373518854] [cmd_vel_chassis_serial]: Serial write failed: Write timeout
[cmd_vel_chassis_serial.py-1] [WARN] [1784051007.392564440] [cmd_vel_chassis_serial]: Drop leg debug: len=80 expected=84
[cmd_vel_chassis_serial.py-1] [WARN] [1784051007.427466163] [cmd_vel_chassis_serial]: Drop leg debug: len=80 expected=84
[cmd_vel_chassis_serial.py-1] [WARN] [1784051007.464682852] [cmd_vel_chassis_serial]: Drop leg debug: len=80 expected=84
[cmd_vel_chassis_serial.py-1] [WARN] [1784051007.486476848] [cmd_vel_chassis_serial]: Drop leg debug: len=80 expected=84
[cmd_vel_chassis_serial.py-1] [WARN] [1784051007.515498174] [cmd_vel_chassis_serial]: Drop leg debug: len=80 expected=84
[cmd_vel_chassis_serial.py-1] [WARN] [1784051007.527705049] [cmd_vel_chassis_serial]: Drop leg debug: len=80 expected=84
[cmd_vel_chassis_serial.py-1] [WARN] [1784051007.558899724] [cmd_vel_chassis_serial]: Drop leg debug: len=80 expected=84
[cmd_vel_chassis_serial.py-1] [WARN] [1784051007.570960843] [cmd_vel_chassis_serial]: Drop leg debug: len=80 expected=84
[cmd_vel_chassis_serial.py-1] [WARN] [1784051007.596942184] [cmd_vel_chassis_serial]: Drop leg debug: len=80 expected=84
[cmd_vel_chassis_serial.py-1] [WARN] [1784051007.636623269] [cmd_vel_chassis_serial]: Drop leg debug: len=80 expected=84
[cmd_vel_chassis_serial.py-1] [WARN] [1784051007.642640819] [cmd_vel_chassis_serial]: Drop leg debug: len=80 expected=84
[cmd_vel_chassis_serial.py-1] [WARN] [1784051007.727797601] [cmd_vel_chassis_serial]: Drop leg debug: len=80 expected=84
[cmd_vel_chassis_serial.py-1] [WARN] [1784051007.752061442] [cmd_vel_chassis_serial]: Drop leg debug: len=80 expected=84
[cmd_vel_chassis_serial.py-1] [WARN] [1784051007.772137567] [cmd_vel_chassis_serial]: Drop leg debug: len=80 expected=84
[cmd_vel_chassis_serial.py-1] [WARN] [1784051007.793972740] [cmd_vel_chassis_serial]: Drop leg debug: len=80 expected=84
[cmd_vel_chassis_serial.py-1] [WARN] [1784051007.821504637] [cmd_vel_chassis_serial]: Drop leg debug: len=80 expected=84
[cmd_vel_chassis_serial.py-1] [WARN] [1784051007.841015389] [cmd_vel_chassis_serial]: Drop leg debug: len=80 expected=84
[cmd_vel_chassis_serial.py-1] [WARN] [1784051007.922575752] [cmd_vel_chassis_serial]: Drop leg debug: len=80 expected=84
[cmd_vel_chassis_serial.py-1] [WARN] [1784051007.937731806] [cmd_vel_chassis_serial]: Drop leg debug: len=80 expected=84
[cmd_vel_chassis_serial.py-1] [WARN] [1784051007.974207219] [cmd_vel_chassis_serial]: Drop leg debug: len=80 expected=84
[cmd_vel_chassis_serial.py-1] [WARN] [1784051007.993207771] [cmd_vel_chassis_serial]: Drop leg debug: len=80 expected=84
[cmd_vel_chassis_serial.py-1] [WARN] [1784051008.026502902] [cmd_vel_chassis_serial]: Drop leg debug: len=80 expected=84
[cmd_vel_chassis_serial.py-1] [WARN] [1784051008.034261264] [cmd_vel_chassis_serial]: Drop leg debug: len=80 expected=84
[cmd_vel_chassis_serial.py-1] [WARN] [1784051008.120984775] [cmd_vel_chassis_serial]: Drop leg debug: len=80 expected=84
[cmd_vel_chassis_serial.py-1] [WARN] [1784051008.158389645] [cmd_vel_chassis_serial]: Drop leg debug: len=80 expected=84
[cmd_vel_chassis_serial.py-1] [WARN] [1784051008.185994388] [cmd_vel_chassis_serial]: Drop leg debug: len=80 expected=84
[cmd_vel_chassis_serial.py-1] [WARN] [1784051008.208775363] [cmd_vel_chassis_serial]: Drop leg debug: len=80 expected=84
[cmd_vel_chassis_serial.py-1] [WARN] [1784051008.223194258] [cmd_vel_chassis_serial]: Drop leg debug: len=80 expected=84
[cmd_vel_chassis_serial.py-1] [WARN] [1784051008.228447208] [cmd_vel_chassis_serial]: Drop leg debug: len=80 expected=84
[cmd_vel_chassis_serial.py-1] [WARN] [1784051008.320132784] [cmd_vel_chassis_serial]: Drop leg debug: len=80 expected=84
[cmd_vel_chassis_serial.py-1] [WARN] [1784051008.340912307] [cmd_vel_chassis_serial]: Drop leg debug: len=80 expected=84
[cmd_vel_chassis_serial.py-1] [WARN] [1784051008.386958580] [cmd_vel_chassis_serial]: Drop leg debug: len=80 expected=84
[cmd_vel_chassis_serial.py-1] [WARN] [1784051008.394095902] [cmd_vel_chassis_serial]: Drop leg debug: len=80 expected=84
[cmd_vel_chassis_serial.py-1] [WARN] [1784051008.427055497] [cmd_vel_chassis_serial]: Drop leg debug: len=80 expected=84
[cmd_vel_chassis_serial.py-1] [WARN] [1784051008.440326846] [cmd_vel_chassis_serial]: Drop leg debug: len=80 expected=84
[cmd_vel_chassis_serial.py-1] [WARN] [1784051008.564562855] [cmd_vel_chassis_serial]: Drop leg debug: len=80 expected=84
[cmd_vel_chassis_serial.py-1] [WARN] [1784051008.578063788] [cmd_vel_chassis_serial]: Drop leg debug: len=80 expected=84
[cmd_vel_chassis_serial.py-1] [WARN] [1784051008.614974006] [cmd_vel_chassis_serial]: Drop leg debug: len=80 expected=84
[cmd_vel_chassis_serial.py-1] [WARN] [1784051008.636918517] [cmd_vel_chassis_serial]: Drop leg debug: len=80 expected=84
[cmd_vel_chassis_serial.py-1] [WARN] [1784051008.676216553] [cmd_vel_chassis_serial]: Drop leg debug: len=80 expected=84
[cmd_vel_chassis_serial.py-1] [ERROR] [1784051008.691450419] [cmd_vel_chassis_serial]: Serial write failed: Write timeout
[cmd_vel_chassis_serial.py-1] [WARN] [1784051008.732188119] [cmd_vel_chassis_serial]: Drop leg debug: len=80 expected=84
[cmd_vel_chassis_serial.py-1] [WARN] [1784051008.774931057] [cmd_vel_chassis_serial]: Drop leg debug: len=80 expected=84
[cmd_vel_chassis_serial.py-1] [WARN] [1784051008.790440593] [cmd_vel_chassis_serial]: Drop leg debug: len=80 expected=84
[cmd_vel_chassis_serial.py-1] [WARN] [1784051008.813340552] [cmd_vel_chassis_serial]: Drop leg debug: len=80 expected=84
[cmd_vel_chassis_serial.py-1] [ERROR] [1784051008.862139120] [cmd_vel_chassis_serial]: Serial write failed: Write timeout
[cmd_vel_chassis_serial.py-1] [WARN] [1784051008.873574640] [cmd_vel_chassis_serial]: Drop leg debug: len=80 expected=84
[cmd_vel_chassis_serial.py-1] [WARN] [1784051008.892775135] [cmd_vel_chassis_serial]: Drop leg debug: len=80 expected=84
[cmd_vel_chassis_serial.py-1] [WARN] [1784051008.927083611] [cmd_vel_chassis_serial]: Drop leg debug: len=80 expected=84
[cmd_vel_chassis_serial.py-1] [WARN] [1784051008.953306408] [cmd_vel_chassis_serial]: Drop leg debug: len=80 expected=84
[cmd_vel_chassis_serial.py-1] [WARN] [1784051008.990265637] [cmd_vel_chassis_serial]: Drop leg debug: len=80 expected=84
[cmd_vel_chassis_serial.py-1] [WARN] [1784051009.026868741] [cmd_vel_chassis_serial]: Drop leg debug: len=80 expected=84
[cmd_vel_chassis_serial.py-1] [WARN] [1784051009.053715031] [cmd_vel_chassis_serial]: Drop leg debug: len=80 expected=84
[cmd_vel_chassis_serial.py-1] [WARN] [1784051009.090669544] [cmd_vel_chassis_serial]: Drop leg debug: len=80 expected=84
[cmd_vel_chassis_serial.py-1] [WARN] [1784051009.177214134] [cmd_vel_chassis_serial]: Drop leg debug: len=80 expected=84
[cmd_vel_chassis_serial.py-1] [WARN] [1784051009.250931580] [cmd_vel_chassis_serial]: Drop leg debug: len=80 expected=84
[cmd_vel_chassis_serial.py-1] [WARN] [1784051009.316402242] [cmd_vel_chassis_serial]: Drop leg debug: len=80 expected=84
[cmd_vel_chassis_serial.py-1] [WARN] [1784051009.349075681] [cmd_vel_chassis_serial]: Drop leg debug: len=80 expected=84
[cmd_vel_chassis_serial.py-1] [ERROR] [1784051009.363907179] [cmd_vel_chassis_serial]: Serial write failed: Write timeout
[cmd_vel_chassis_serial.py-1] [WARN] [1784051009.402946592] [cmd_vel_chassis_serial]: Drop leg debug: len=80 expected=84
[cmd_vel_chassis_serial.py-1] [WARN] [1784051009.435481069] [cmd_vel_chassis_serial]: Drop leg debug: len=80 expected=84
[cmd_vel_chassis_serial.py-1] [ERROR] [1784051009.459584741] [cmd_vel_chassis_serial]: Serial write failed: Write timeout
[cmd_vel_chassis_serial.py-1] [WARN] [1784051009.537128792] [cmd_vel_chassis_serial]: Drop leg debug: len=80 expected=84
[cmd_vel_chassis_serial.py-1] [WARN] [1784051009.577448072] [cmd_vel_chassis_serial]: Drop leg debug: len=80 expected=84
[cmd_vel_chassis_serial.py-1] [WARN] [1784051009.600439388] [cmd_vel_chassis_serial]: Drop leg debug: len=80 expected=84
[cmd_vel_chassis_serial.py-1] [WARN] [1784051009.644326422] [cmd_vel_chassis_serial]: Drop leg debug: len=80 expected=84
[cmd_vel_chassis_serial.py-1] [ERROR] [1784051009.679886486] [cmd_vel_chassis_serial]: Serial write failed: Write timeout
[cmd_vel_chassis_serial.py-1] [WARN] [1784051009.719182413] [cmd_vel_chassis_serial]: Drop leg debug: len=80 expected=84
[cmd_vel_chassis_serial.py-1] [ERROR] [1784051009.764264026] [cmd_vel_chassis_serial]: Serial write failed: Write timeout
[cmd_vel_chassis_serial.py-1] [WARN] [1784051009.782468198] [cmd_vel_chassis_serial]: Drop leg debug: len=80 expected=84
[cmd_vel_chassis_serial.py-1] [WARN] [1784051009.852893012] [cmd_vel_chassis_serial]: Drop leg debug: len=80 expected=84
[cmd_vel_chassis_serial.py-1] [ERROR] [1784051009.876226072] [cmd_vel_chassis_serial]: Serial write failed: Write timeout
[cmd_vel_chassis_serial.py-1] [WARN] [1784051009.921822260] [cmd_vel_chassis_serial]: Drop leg debug: len=80 expected=84
[cmd_vel_chassis_serial.py-1] [WARN] [1784051009.986179392] [cmd_vel_chassis_serial]: Drop leg debug: len=80 expected=84
[cmd_vel_chassis_serial.py-1] [ERROR] [1784051009.992679175] [cmd_vel_chassis_serial]: Serial write failed: Write timeout
[cmd_vel_chassis_serial.py-1] [WARN] [1784051010.038521150] [cmd_vel_chassis_serial]: Drop leg debug: len=80 expected=84
[cmd_vel_chassis_serial.py-1] [WARN] [1784051010.062893741] [cmd_vel_chassis_serial]: Drop leg debug: len=80 expected=84
[cmd_vel_chassis_serial.py-1] [WARN] [1784051010.120162711] [cmd_vel_chassis_serial]: Drop leg debug: len=80 expected=84
[cmd_vel_chassis_serial.py-1] [WARN] [1784051010.176019995] [cmd_vel_chassis_serial]: Drop leg debug: len=80 expected=84
[cmd_vel_chassis_serial.py-1] [WARN] [1784051010.234496192] [cmd_vel_chassis_serial]: Drop leg debug: len=80 expected=84
[cmd_vel_chassis_serial.py-1] [WARN] [1784051010.279936819] [cmd_vel_chassis_serial]: Drop leg debug: len=80 expected=84
[cmd_vel_chassis_serial.py-1] [WARN] [1784051010.349090706] [cmd_vel_chassis_serial]: Drop leg debug: len=80 expected=84
[cmd_vel_chassis_serial.py-1] [WARN] [1784051010.382279639] [cmd_vel_chassis_serial]: Drop leg debug: len=80 expected=84
[cmd_vel_chassis_serial.py-1] [ERROR] [1784051010.398311778] [cmd_vel_chassis_serial]: Serial write failed: Write timeout
[cmd_vel_chassis_serial.py-1] [WARN] [1784051010.429144256] [cmd_vel_chassis_serial]: Drop leg debug: len=80 expected=84
[cmd_vel_chassis_serial.py-1] [WARN] [1784051010.439320344] [cmd_vel_chassis_serial]: Drop leg debug: len=80 expected=84
[cmd_vel_chassis_serial.py-1] [WARN] [1784051010.479525649] [cmd_vel_chassis_serial]: Drop leg debug: len=80 expected=84
[cmd_vel_chassis_serial.py-1] [WARN] [1784051010.499093064] [cmd_vel_chassis_serial]: Drop leg debug: len=80 expected=84
[cmd_vel_chassis_serial.py-1] [WARN] [1784051010.533860447] [cmd_vel_chassis_serial]: Drop leg debug: len=80 expected=84
[cmd_vel_chassis_serial.py-1] [WARN] [1784051010.555172634] [cmd_vel_chassis_serial]: Drop leg debug: len=80 expected=84
[cmd_vel_chassis_serial.py-1] [WARN] [1784051010.582771245] [cmd_vel_chassis_serial]: Drop leg debug: len=80 expected=84
[cmd_vel_chassis_serial.py-1] [WARN] [1784051010.621874923] [cmd_vel_chassis_serial]: Drop leg debug: len=80 expected=84
[cmd_vel_chassis_serial.py-1] [ERROR] [1784051010.669478247] [cmd_vel_chassis_serial]: Serial write failed: Write timeout
[cmd_vel_chassis_serial.py-1] [WARN] [1784051010.681174342] [cmd_vel_chassis_serial]: Drop leg debug: len=80 expected=84
[cmd_vel_chassis_serial.py-1] [WARN] [1784051010.736626797] [cmd_vel_chassis_serial]: Drop leg debug: len=80 expected=84
[cmd_vel_chassis_serial.py-1] [ERROR] [1784051010.739959209] [cmd_vel_chassis_serial]: Serial write failed: Write timeout
[cmd_vel_chassis_serial.py-1] [WARN] [1784051010.752639347] [cmd_vel_chassis_serial]: Drop leg debug: len=80 expected=84
[cmd_vel_chassis_serial.py-1] [WARN] [1784051010.814380526] [cmd_vel_chassis_serial]: Drop leg debug: len=80 expected=84
[cmd_vel_chassis_serial.py-1] [WARN] [1784051010.835436857] [cmd_vel_chassis_serial]: Drop leg debug: len=80 expected=84
[cmd_vel_chassis_serial.py-1] [WARN] [1784051010.865440446] [cmd_vel_chassis_serial]: Drop leg debug: len=80 expected=84
[cmd_vel_chassis_serial.py-1] [WARN] [1784051010.892444291] [cmd_vel_chassis_serial]: Drop leg debug: len=80 expected=84
[cmd_vel_chassis_serial.py-1] [WARN] [1784051010.955169394] [cmd_vel_chassis_serial]: Drop leg debug: len=80 expected=84
[cmd_vel_chassis_serial.py-1] [WARN] [1784051010.972764180] [cmd_vel_chassis_serial]: Drop leg debug: len=80 expected=84
[cmd_vel_chassis_serial.py-1] [WARN] [1784051011.000184980] [cmd_vel_chassis_serial]: Drop leg debug: len=80 expected=84
[cmd_vel_chassis_serial.py-1] [WARN] [1784051011.033875642] [cmd_vel_chassis_serial]: Drop leg debug: len=80 expected=84
[cmd_vel_chassis_serial.py-1] [WARN] [1784051011.040608398] [cmd_vel_chassis_serial]: Drop leg debug: len=80 expected=84
[cmd_vel_chassis_serial.py-1] [WARN] [1784051011.076024079] [cmd_vel_chassis_serial]: Drop leg debug: len=80 expected=84
[cmd_vel_chassis_serial.py-1] [WARN] [1784051011.117685642] [cmd_vel_chassis_serial]: Drop leg debug: len=80 expected=84
[cmd_vel_chassis_serial.py-1] [WARN] [1784051011.132732123] [cmd_vel_chassis_serial]: Drop leg debug: len=80 expected=84
[cmd_vel_chassis_serial.py-1] [WARN] [1784051011.154533275] [cmd_vel_chassis_serial]: Drop leg debug: len=80 expected=84
[cmd_vel_chassis_serial.py-1] [WARN] [1784051011.171932702] [cmd_vel_chassis_serial]: Drop leg debug: len=80 expected=84
[cmd_vel_chassis_serial.py-1] [ERROR] [1784051011.193542099] [cmd_vel_chassis_serial]: Serial write failed: Write timeout
[cmd_vel_chassis_serial.py-1] [WARN] [1784051011.263035661] [cmd_vel_chassis_serial]: Drop leg debug: len=80 expected=84
[cmd_vel_chassis_serial.py-1] [WARN] [1784051011.297303919] [cmd_vel_chassis_serial]: Drop leg debug: len=80 expected=84
[cmd_vel_chassis_serial.py-1] [ERROR] [1784051011.305173782] [cmd_vel_chassis_serial]: Serial write failed: Write timeout
[cmd_vel_chassis_serial.py-1] [WARN] [1784051011.323755068] [cmd_vel_chassis_serial]: Drop leg debug: len=80 expected=84
[cmd_vel_chassis_serial.py-1] [WARN] [1784051011.337187919] [cmd_vel_chassis_serial]: Drop leg debug: len=80 expected=84
[cmd_vel_chassis_serial.py-1] [WARN] [1784051011.342001226] [cmd_vel_chassis_serial]: Drop leg debug: len=80 expected=84
[cmd_vel_chassis_serial.py-1] [WARN] [1784051011.362070022] [cmd_vel_chassis_serial]: Drop leg debug: len=80 expected=84
[cmd_vel_chassis_serial.py-1] [WARN] [1784051011.453167937] [cmd_vel_chassis_serial]: Drop leg debug: len=80 expected=84
[cmd_vel_chassis_serial.py-1] [WARN] [1784051011.476854055] [cmd_vel_chassis_serial]: Drop leg debug: len=80 expected=84
[cmd_vel_chassis_serial.py-1] [WARN] [1784051011.495791759] [cmd_vel_chassis_serial]: Drop leg debug: len=80 expected=84
[cmd_vel_chassis_serial.py-1] [WARN] [1784051011.506695570] [cmd_vel_chassis_serial]: Drop leg debug: len=80 expected=84
[cmd_vel_chassis_serial.py-1] [ERROR] [1784051011.549943312] [cmd_vel_chassis_serial]: Serial write failed: Write timeout
[cmd_vel_chassis_serial.py-1] [WARN] [1784051011.556283945] [cmd_vel_chassis_serial]: Drop leg debug: len=80 expected=84
[cmd_vel_chassis_serial.py-1] [WARN] [1784051011.570816533] [cmd_vel_chassis_serial]: Drop leg debug: len=80 expected=84
[cmd_vel_chassis_serial.py-1] [WARN] [1784051011.653560310] [cmd_vel_chassis_serial]: Drop leg debug: len=80 expected=84
[cmd_vel_chassis_serial.py-1] [WARN] [1784051011.690852378] [cmd_vel_chassis_serial]: Drop leg debug: len=80 expected=84
[cmd_vel_chassis_serial.py-1] [WARN] [1784051011.745275724] [cmd_vel_chassis_serial]: Drop leg debug: len=80 expected=84
[cmd_vel_chassis_serial.py-1] [ERROR] [1784051011.790386350] [cmd_vel_chassis_serial]: Serial write failed: Write timeout
[cmd_vel_chassis_serial.py-1] [WARN] [1784051011.843611338] [cmd_vel_chassis_serial]: Drop leg debug: len=80 expected=84
[cmd_vel_chassis_serial.py-1] [WARN] [1784051011.903637750] [cmd_vel_chassis_serial]: Drop leg debug: len=80 expected=84
[cmd_vel_chassis_serial.py-1] [WARN] [1784051011.983058462] [cmd_vel_chassis_serial]: Drop leg debug: len=80 expected=84
[cmd_vel_chassis_serial.py-1] [WARN] [1784051012.026576553] [cmd_vel_chassis_serial]: Drop leg debug: len=80 expected=84
[cmd_vel_chassis_serial.py-1] [WARN] [1784051012.072994858] [cmd_vel_chassis_serial]: Drop leg debug: len=80 expected=84
[cmd_vel_chassis_serial.py-1] [WARN] [1784051012.088240452] [cmd_vel_chassis_serial]: Drop leg debug: len=80 expected=84
[cmd_vel_chassis_serial.py-1] [ERROR] [1784051012.093281888] [cmd_vel_chassis_serial]: Serial write failed: Write timeout
[cmd_vel_chassis_serial.py-1] [WARN] [1784051012.139477420] [cmd_vel_chassis_serial]: Drop leg debug: len=80 expected=84
[cmd_vel_chassis_serial.py-1] [WARN] [1784051012.169328267] [cmd_vel_chassis_serial]: Drop leg debug: len=80 expected=84
[cmd_vel_chassis_serial.py-1] [WARN] [1784051012.189252058] [cmd_vel_chassis_serial]: Drop leg debug: len=80 expected=84
[cmd_vel_chassis_serial.py-1] [ERROR] [1784051012.251034819] [cmd_vel_chassis_serial]: Serial write failed: Write timeout
[cmd_vel_chassis_serial.py-1] [WARN] [1784051012.259455415] [cmd_vel_chassis_serial]: Drop leg debug: len=80 expected=84
[cmd_vel_chassis_serial.py-1] [WARN] [1784051012.276904606] [cmd_vel_chassis_serial]: Drop leg debug: len=80 expected=84
[cmd_vel_chassis_serial.py-1] [WARN] [1784051012.286475912] [cmd_vel_chassis_serial]: Drop leg debug: len=80 expected=84
[cmd_vel_chassis_serial.py-1] [WARN] [1784051012.327504913] [cmd_vel_chassis_serial]: Drop leg debug: len=80 expected=84
[cmd_vel_chassis_serial.py-1] [ERROR] [1784051012.330819344] [cmd_vel_chassis_serial]: Serial write failed: Write timeout
[cmd_vel_chassis_serial.py-1] [WARN] [1784051012.350143892] [cmd_vel_chassis_serial]: Drop leg debug: len=80 expected=84
[cmd_vel_chassis_serial.py-1] [WARN] [1784051012.372417247] [cmd_vel_chassis_serial]: Drop leg debug: len=80 expected=84
[cmd_vel_chassis_serial.py-1] [WARN] [1784051012.428780630] [cmd_vel_chassis_serial]: Drop leg debug: len=80 expected=84
[cmd_vel_chassis_serial.py-1] [WARN] [1784051012.495966931] [cmd_vel_chassis_serial]: Drop leg debug: len=80 expected=84
[cmd_vel_chassis_serial.py-1] [WARN] [1784051012.515882513] [cmd_vel_chassis_serial]: Drop leg debug: len=80 expected=84
[cmd_vel_chassis_serial.py-1] [WARN] [1784051012.521677678] [cmd_vel_chassis_serial]: Drop leg debug: len=80 expected=84
[cmd_vel_chassis_serial.py-1] [WARN] [1784051012.526240773] [cmd_vel_chassis_serial]: Drop leg debug: len=80 expected=84
[cmd_vel_chassis_serial.py-1] [WARN] [1784051012.535314686] [cmd_vel_chassis_serial]: Drop leg debug: len=80 expected=84
[cmd_vel_chassis_serial.py-1] [WARN] [1784051012.565129682] [cmd_vel_chassis_serial]: Drop leg debug: len=80 expected=84
[cmd_vel_chassis_serial.py-1] [WARN] [1784051012.576021354] [cmd_vel_chassis_serial]: Drop leg debug: len=80 expected=84
[cmd_vel_chassis_serial.py-1] [WARN] [1784051012.591989055] [cmd_vel_chassis_serial]: Drop leg debug: len=80 expected=84
[cmd_vel_chassis_serial.py-1] [WARN] [1784051012.632447847] [cmd_vel_chassis_serial]: Drop leg debug: len=80 expected=84
[cmd_vel_chassis_serial.py-1] [WARN] [1784051012.650917214] [cmd_vel_chassis_serial]: Drop leg debug: len=80 expected=84
[cmd_vel_chassis_serial.py-1] [WARN] [1784051012.692268644] [cmd_vel_chassis_serial]: Drop leg debug: len=80 expected=84
[cmd_vel_chassis_serial.py-1] [WARN] [1784051012.716769201] [cmd_vel_chassis_serial]: Drop leg debug: len=80 expected=84
[cmd_vel_chassis_serial.py-1] [WARN] [1784051012.751156867] [cmd_vel_chassis_serial]: Drop leg debug: len=80 expected=84
[cmd_vel_chassis_serial.py-1] [WARN] [1784051012.798546101] [cmd_vel_chassis_serial]: Drop leg debug: len=80 expected=84
[cmd_vel_chassis_serial.py-1] [WARN] [1784051012.860636194] [cmd_vel_chassis_serial]: Drop leg debug: len=80 expected=84
[cmd_vel_chassis_serial.py-1] [ERROR] [1784051012.896822495] [cmd_vel_chassis_serial]: Serial write failed: Write timeout
[cmd_vel_chassis_serial.py-1] [WARN] [1784051012.928719278] [cmd_vel_chassis_serial]: Drop leg debug: len=80 expected=84
[cmd_vel_chassis_serial.py-1] [WARN] [1784051012.997591665] [cmd_vel_chassis_serial]: Drop leg debug: len=80 expected=84
[cmd_vel_chassis_serial.py-1] [WARN] [1784051013.019757653] [cmd_vel_chassis_serial]: Drop leg debug: len=80 expected=84
[cmd_vel_chassis_serial.py-1] [WARN] [1784051013.024240771] [cmd_vel_chassis_serial]: Drop leg debug: len=80 expected=84
[cmd_vel_chassis_serial.py-1] [WARN] [1784051013.032769889] [cmd_vel_chassis_serial]: Drop leg debug: len=80 expected=84
[cmd_vel_chassis_serial.py-1] [WARN] [1784051013.037551544] [cmd_vel_chassis_serial]: Drop leg debug: len=80 expected=84
[cmd_vel_chassis_serial.py-1] [WARN] [1784051013.049525681] [cmd_vel_chassis_serial]: Drop leg debug: len=80 expected=84
[cmd_vel_chassis_serial.py-1] [WARN] [1784051013.061031940] [cmd_vel_chassis_serial]: Drop leg debug: len=80 expected=84
[cmd_vel_chassis_serial.py-1] [WARN] [1784051013.073435753] [cmd_vel_chassis_serial]: Drop leg debug: len=80 expected=84
[cmd_vel_chassis_serial.py-1] [WARN] [1784051013.094883042] [cmd_vel_chassis_serial]: Drop leg debug: len=80 expected=84
[cmd_vel_chassis_serial.py-1] [WARN] [1784051013.101656177] [cmd_vel_chassis_serial]: Drop leg debug: len=80 expected=84
[cmd_vel_chassis_serial.py-1] [WARN] [1784051013.118939052] [cmd_vel_chassis_serial]: Drop leg debug: len=80 expected=84
[cmd_vel_chassis_serial.py-1] [WARN] [1784051013.124541835] [cmd_vel_chassis_serial]: Drop leg debug: len=80 expected=84
[cmd_vel_chassis_serial.py-1] [WARN] [1784051013.145964547] [cmd_vel_chassis_serial]: Drop leg debug: len=80 expected=84
[cmd_vel_chassis_serial.py-1] [WARN] [1784051013.208115578] [cmd_vel_chassis_serial]: Drop leg debug: len=80 expected=84
[cmd_vel_chassis_serial.py-1] [WARN] [1784051013.219822357] [cmd_vel_chassis_serial]: Drop leg debug: len=80 expected=84
[cmd_vel_chassis_serial.py-1] [WARN] [1784051013.241875516] [cmd_vel_chassis_serial]: Drop leg debug: len=80 expected=84
[cmd_vel_chassis_serial.py-1] [WARN] [1784051013.257309147] [cmd_vel_chassis_serial]: Drop leg debug: len=80 expected=84
[cmd_vel_chassis_serial.py-1] [WARN] [1784051013.274322759] [cmd_vel_chassis_serial]: Drop leg debug: len=80 expected=84
[cmd_vel_chassis_serial.py-1] [WARN] [1784051013.291667537] [cmd_vel_chassis_serial]: Drop leg debug: len=80 expected=84
[cmd_vel_chassis_serial.py-1] [WARN] [1784051013.402114907] [cmd_vel_chassis_serial]: Drop leg debug: len=80 expected=84
[cmd_vel_chassis_serial.py-1] [WARN] [1784051013.430087216] [cmd_vel_chassis_serial]: Drop leg debug: len=80 expected=84
[cmd_vel_chassis_serial.py-1] [WARN] [1784051013.449245207] [cmd_vel_chassis_serial]: Drop leg debug: len=80 expected=84
[cmd_vel_chassis_serial.py-1] [WARN] [1784051013.469983502] [cmd_vel_chassis_serial]: Drop leg debug: len=80 expected=84
[cmd_vel_chassis_serial.py-1] [WARN] [1784051013.481343477] [cmd_vel_chassis_serial]: Drop leg debug: len=80 expected=84
[cmd_vel_chassis_serial.py-1] [WARN] [1784051013.501935116] [cmd_vel_chassis_serial]: Drop leg debug: len=80 expected=84
[cmd_vel_chassis_serial.py-1] [WARN] [1784051013.618895763] [cmd_vel_chassis_serial]: Drop leg debug: len=80 expected=84
[cmd_vel_chassis_serial.py-1] [WARN] [1784051013.639026163] [cmd_vel_chassis_serial]: Drop leg debug: len=80 expected=84
[cmd_vel_chassis_serial.py-1] [ERROR] [1784051013.660938597] [cmd_vel_chassis_serial]: Serial write failed: Write timeout
[cmd_vel_chassis_serial.py-1] [WARN] [1784051013.683701685] [cmd_vel_chassis_serial]: Drop leg debug: len=80 expected=84
[cmd_vel_chassis_serial.py-1] [WARN] [1784051013.761214306] [cmd_vel_chassis_serial]: Drop leg debug: len=80 expected=84
[cmd_vel_chassis_serial.py-1] [WARN] [1784051013.806499436] [cmd_vel_chassis_serial]: Drop leg debug: len=80 expected=84
[cmd_vel_chassis_serial.py-1] [WARN] [1784051013.855411938] [cmd_vel_chassis_serial]: Drop leg debug: len=80 expected=84
[cmd_vel_chassis_serial.py-1] [WARN] [1784051013.941899530] [cmd_vel_chassis_serial]: Drop leg debug: len=80 expected=84
[cmd_vel_chassis_serial.py-1] [WARN] [1784051013.994630504] [cmd_vel_chassis_serial]: Drop leg debug: len=80 expected=84
[cmd_vel_chassis_serial.py-1] [WARN] [1784051014.066890089] [cmd_vel_chassis_serial]: Drop leg debug: len=80 expected=84
[cmd_vel_chassis_serial.py-1] [WARN] [1784051014.078790075] [cmd_vel_chassis_serial]: Drop leg debug: len=80 expected=84
[cmd_vel_chassis_serial.py-1] [WARN] [1784051014.095979383] [cmd_vel_chassis_serial]: Drop leg debug: len=80 expected=84
[cmd_vel_chassis_serial.py-1] [WARN] [1784051014.117325383] [cmd_vel_chassis_serial]: Drop leg debug: len=80 expected=84
[cmd_vel_chassis_serial.py-1] [WARN] [1784051014.188597750] [cmd_vel_chassis_serial]: Drop leg debug: len=80 expected=84
[cmd_vel_chassis_serial.py-1] [WARN] [1784051014.223158691] [cmd_vel_chassis_serial]: Drop leg debug: len=80 expected=84
[cmd_vel_chassis_serial.py-1] [WARN] [1784051014.254969434] [cmd_vel_chassis_serial]: Drop leg debug: len=80 expected=84
[cmd_vel_chassis_serial.py-1] [WARN] [1784051014.298874077] [cmd_vel_chassis_serial]: Drop leg debug: len=80 expected=84
[cmd_vel_chassis_serial.py-1] [WARN] [1784051014.340011817] [cmd_vel_chassis_serial]: Drop leg debug: len=80 expected=84
[cmd_vel_chassis_serial.py-1] [ERROR] [1784051014.394910550] [cmd_vel_chassis_serial]: Serial write failed: Write timeout
[cmd_vel_chassis_serial.py-1] [WARN] [1784051014.423203738] [cmd_vel_chassis_serial]: Drop leg debug: len=80 expected=84
[cmd_vel_chassis_serial.py-1] [ERROR] [1784051014.566220863] [cmd_vel_chassis_serial]: Serial write failed: Write timeout
[cmd_vel_chassis_serial.py-1] [WARN] [1784051014.584045904] [cmd_vel_chassis_serial]: Drop leg debug: len=80 expected=84
[cmd_vel_chassis_serial.py-1] [WARN] [1784051014.697944352] [cmd_vel_chassis_serial]: Drop leg debug: len=80 expected=84
[cmd_vel_chassis_serial.py-1] [WARN] [1784051014.755380699] [cmd_vel_chassis_serial]: Drop leg debug: len=80 expected=84
[cmd_vel_chassis_serial.py-1] [WARN] [1784051014.768200829] [cmd_vel_chassis_serial]: Drop leg debug: len=80 expected=84
[cmd_vel_chassis_serial.py-1] [WARN] [1784051014.803686946] [cmd_vel_chassis_serial]: Drop leg debug: len=80 expected=84
[cmd_vel_chassis_serial.py-1] [WARN] [1784051014.813835129] [cmd_vel_chassis_serial]: Drop leg debug: len=80 expected=84
[cmd_vel_chassis_serial.py-1] [WARN] [1784051014.847771205] [cmd_vel_chassis_serial]: Drop leg debug: len=80 expected=84
[cmd_vel_chassis_serial.py-1] [WARN] [1784051014.883241181] [cmd_vel_chassis_serial]: Drop leg debug: len=80 expected=84
[cmd_vel_chassis_serial.py-1] [WARN] [1784051014.901842149] [cmd_vel_chassis_serial]: Drop leg debug: len=80 expected=84
[cmd_vel_chassis_serial.py-1] [WARN] [1784051014.927580766] [cmd_vel_chassis_serial]: Drop leg debug: len=80 expected=84
[cmd_vel_chassis_serial.py-1] [WARN] [1784051014.947641997] [cmd_vel_chassis_serial]: Drop leg debug: len=80 expected=84
[cmd_vel_chassis_serial.py-1] [WARN] [1784051014.979049074] [cmd_vel_chassis_serial]: Drop leg debug: len=80 expected=84
[cmd_vel_chassis_serial.py-1] [WARN] [1784051014.988056310] [cmd_vel_chassis_serial]: Drop leg debug: len=80 expected=84
[cmd_vel_chassis_serial.py-1] [WARN] [1784051014.996736728] [cmd_vel_chassis_serial]: Drop leg debug: len=80 expected=84
[cmd_vel_chassis_serial.py-1] [WARN] [1784051015.017939683] [cmd_vel_chassis_serial]: Drop leg debug: len=80 expected=84
[cmd_vel_chassis_serial.py-1] [WARN] [1784051015.025141738] [cmd_vel_chassis_serial]: Drop leg debug: len=80 expected=84
[cmd_vel_chassis_serial.py-1] [WARN] [1784051015.033945271] [cmd_vel_chassis_serial]: Drop leg debug: len=80 expected=84
[cmd_vel_chassis_serial.py-1] [WARN] [1784051015.038403116] [cmd_vel_chassis_serial]: Drop leg debug: len=80 expected=84
[cmd_vel_chassis_serial.py-1] [WARN] [1784051015.043246464] [cmd_vel_chassis_serial]: Drop leg debug: len=80 expected=84
[cmd_vel_chassis_serial.py-1] [WARN] [1784051015.048582092] [cmd_vel_chassis_serial]: Drop leg debug: len=80 expected=84
[cmd_vel_chassis_serial.py-1] [WARN] [1784051015.054333386] [cmd_vel_chassis_serial]: Drop leg debug: len=80 expected=84
[cmd_vel_chassis_serial.py-1] [WARN] [1784051015.064430501] [cmd_vel_chassis_serial]: Drop leg debug: len=80 expected=84
[cmd_vel_chassis_serial.py-1] [WARN] [1784051015.071588084] [cmd_vel_chassis_serial]: Drop leg debug: len=80 expected=84
[cmd_vel_chassis_serial.py-1] [WARN] [1784051015.075779075] [cmd_vel_chassis_serial]: Drop leg debug: len=80 expected=84
[cmd_vel_chassis_serial.py-1] [WARN] [1784051015.082085719] [cmd_vel_chassis_serial]: Drop leg debug: len=80 expected=84
[cmd_vel_chassis_serial.py-1] [WARN] [1784051015.096636329] [cmd_vel_chassis_serial]: Drop leg debug: len=80 expected=84
[cmd_vel_chassis_serial.py-1] [WARN] [1784051015.138764069] [cmd_vel_chassis_serial]: Drop leg debug: len=80 expected=84
[cmd_vel_chassis_serial.py-1] [WARN] [1784051015.165660441] [cmd_vel_chassis_serial]: Drop leg debug: len=80 expected=84
[cmd_vel_chassis_serial.py-1] [WARN] [1784051015.190889951] [cmd_vel_chassis_serial]: Drop leg debug: len=80 expected=84
[cmd_vel_chassis_serial.py-1] [WARN] [1784051015.204541459] [cmd_vel_chassis_serial]: Drop leg debug: len=80 expected=84
[cmd_vel_chassis_serial.py-1] [WARN] [1784051015.238824914] [cmd_vel_chassis_serial]: Drop leg debug: len=80 expected=84
[cmd_vel_chassis_serial.py-1] [WARN] [1784051015.270594690] [cmd_vel_chassis_serial]: Drop leg debug: len=80 expected=84
[cmd_vel_chassis_serial.py-1] [WARN] [1784051015.283806827] [cmd_vel_chassis_serial]: Drop leg debug: len=80 expected=84
[cmd_vel_chassis_serial.py-1] [WARN] [1784051015.294642223] [cmd_vel_chassis_serial]: Drop leg debug: len=80 expected=84
[cmd_vel_chassis_serial.py-1] [WARN] [1784051015.327701590] [cmd_vel_chassis_serial]: Drop leg debug: len=80 expected=84
[cmd_vel_chassis_serial.py-1] [WARN] [1784051015.338969945] [cmd_vel_chassis_serial]: Drop leg debug: len=80 expected=84
[cmd_vel_chassis_serial.py-1] [WARN] [1784051015.391958835] [cmd_vel_chassis_serial]: Drop leg debug: len=80 expected=84
[cmd_vel_chassis_serial.py-1] [WARN] [1784051015.402836964] [cmd_vel_chassis_serial]: Drop leg debug: len=80 expected=84
[cmd_vel_chassis_serial.py-1] [WARN] [1784051015.430463444] [cmd_vel_chassis_serial]: Drop leg debug: len=80 expected=84
[cmd_vel_chassis_serial.py-1] [WARN] [1784051015.438674155] [cmd_vel_chassis_serial]: Drop leg debug: len=80 expected=84
[cmd_vel_chassis_serial.py-1] [WARN] [1784051015.483467816] [cmd_vel_chassis_serial]: Drop leg debug: len=80 expected=84
[cmd_vel_chassis_serial.py-1] [WARN] [1784051015.515817520] [cmd_vel_chassis_serial]: Drop leg debug: len=80 expected=84
[cmd_vel_chassis_serial.py-1] [WARN] [1784051015.572628961] [cmd_vel_chassis_serial]: Drop leg debug: len=80 expected=84
[cmd_vel_chassis_serial.py-1] [WARN] [1784051015.610567951] [cmd_vel_chassis_serial]: Drop leg debug: len=80 expected=84
[cmd_vel_chassis_serial.py-1] [WARN] [1784051015.639783903] [cmd_vel_chassis_serial]: Drop leg debug: len=80 expected=84
[cmd_vel_chassis_serial.py-1] [WARN] [1784051015.667920158] [cmd_vel_chassis_serial]: Drop leg debug: len=80 expected=84
[cmd_vel_chassis_serial.py-1] [WARN] [1784051015.692812374] [cmd_vel_chassis_serial]: Drop leg debug: len=80 expected=84
[cmd_vel_chassis_serial.py-1] [WARN] [1784051015.707852255] [cmd_vel_chassis_serial]: Drop leg debug: len=80 expected=84
[cmd_vel_chassis_serial.py-1] [WARN] [1784051015.768147481] [cmd_vel_chassis_serial]: Drop leg debug: len=80 expected=84
[cmd_vel_chassis_serial.py-1] [WARN] [1784051015.786203146] [cmd_vel_chassis_serial]: Drop leg debug: len=80 expected=84
[cmd_vel_chassis_serial.py-1] [WARN] [1784051015.819298069] [cmd_vel_chassis_serial]: Drop leg debug: len=80 expected=84
[cmd_vel_chassis_serial.py-1] [WARN] [1784051015.842588842] [cmd_vel_chassis_serial]: Drop leg debug: len=80 expected=84
[cmd_vel_chassis_serial.py-1] [WARN] [1784051015.888574882] [cmd_vel_chassis_serial]: Drop leg debug: len=80 expected=84
[cmd_vel_chassis_serial.py-1] [WARN] [1784051015.938986171] [cmd_vel_chassis_serial]: Drop leg debug: len=80 expected=84
[cmd_vel_chassis_serial.py-1] [WARN] [1784051015.991906082] [cmd_vel_chassis_serial]: Drop leg debug: len=80 expected=84
[cmd_vel_chassis_serial.py-1] [WARN] [1784051016.037781575] [cmd_vel_chassis_serial]: Drop leg debug: len=80 expected=84
[cmd_vel_chassis_serial.py-1] [WARN] [1784051016.068054980] [cmd_vel_chassis_serial]: Drop leg debug: len=80 expected=84
[cmd_vel_chassis_serial.py-1] [ERROR] [1784051016.112957623] [cmd_vel_chassis_serial]: Serial write failed: Write timeout
[cmd_vel_chassis_serial.py-1] [WARN] [1784051016.142437519] [cmd_vel_chassis_serial]: Drop leg debug: len=80 expected=84
[cmd_vel_chassis_serial.py-1] [WARN] [1784051016.171839830] [cmd_vel_chassis_serial]: Drop leg debug: len=80 expected=84
[cmd_vel_chassis_serial.py-1] [WARN] [1784051016.217951833] [cmd_vel_chassis_serial]: Drop leg debug: len=80 expected=84
[cmd_vel_chassis_serial.py-1] [WARN] [1784051016.271497614] [cmd_vel_chassis_serial]: Drop leg debug: len=80 expected=84
[cmd_vel_chassis_serial.py-1] [WARN] [1784051016.308468357] [cmd_vel_chassis_serial]: Drop leg debug: len=80 expected=84
[cmd_vel_chassis_serial.py-1] [WARN] [1784051016.354076988] [cmd_vel_chassis_serial]: Drop leg debug: len=80 expected=84
[cmd_vel_chassis_serial.py-1] [WARN] [1784051016.374645289] [cmd_vel_chassis_serial]: Drop leg debug: len=80 expected=84
[cmd_vel_chassis_serial.py-1] [WARN] [1784051016.429684695] [cmd_vel_chassis_serial]: Drop leg debug: len=80 expected=84
[cmd_vel_chassis_serial.py-1] [WARN] [1784051016.458426197] [cmd_vel_chassis_serial]: Drop leg debug: len=80 expected=84
[cmd_vel_chassis_serial.py-1] [WARN] [1784051016.490558972] [cmd_vel_chassis_serial]: Drop leg debug: len=80 expected=84
[cmd_vel_chassis_serial.py-1] [WARN] [1784051016.535061859] [cmd_vel_chassis_serial]: Drop leg debug: len=80 expected=84
[cmd_vel_chassis_serial.py-1] [WARN] [1784051016.548110946] [cmd_vel_chassis_serial]: Drop leg debug: len=80 expected=84
[cmd_vel_chassis_serial.py-1] [WARN] [1784051016.603256089] [cmd_vel_chassis_serial]: Drop leg debug: len=80 expected=84
[cmd_vel_chassis_serial.py-1] [WARN] [1784051016.618559030] [cmd_vel_chassis_serial]: Drop leg debug: len=80 expected=84
[cmd_vel_chassis_serial.py-1] [WARN] [1784051016.634199062] [cmd_vel_chassis_serial]: Drop leg debug: len=80 expected=84
[cmd_vel_chassis_serial.py-1] [WARN] [1784051016.689220564] [cmd_vel_chassis_serial]: Drop leg debug: len=80 expected=84
[cmd_vel_chassis_serial.py-1] [WARN] [1784051016.722735127] [cmd_vel_chassis_serial]: Drop leg debug: len=80 expected=84
[cmd_vel_chassis_serial.py-1] [WARN] [1784051016.757832454] [cmd_vel_chassis_serial]: Drop leg debug: len=80 expected=84
[cmd_vel_chassis_serial.py-1] [ERROR] [1784051016.770690406] [cmd_vel_chassis_serial]: Serial write failed: Write timeout
[cmd_vel_chassis_serial.py-1] [WARN] [1784051016.803720581] [cmd_vel_chassis_serial]: Drop leg debug: len=80 expected=84
[cmd_vel_chassis_serial.py-1] [WARN] [1784051016.843228387] [cmd_vel_chassis_serial]: Drop leg debug: len=80 expected=84
[cmd_vel_chassis_serial.py-1] [WARN] [1784051016.880761164] [cmd_vel_chassis_serial]: Drop leg debug: len=80 expected=84
[cmd_vel_chassis_serial.py-1] [WARN] [1784051016.916283618] [cmd_vel_chassis_serial]: Drop leg debug: len=80 expected=84
[cmd_vel_chassis_serial.py-1] [WARN] [1784051016.934609414] [cmd_vel_chassis_serial]: Drop leg debug: len=80 expected=84
[cmd_vel_chassis_serial.py-1] [WARN] [1784051016.976948484] [cmd_vel_chassis_serial]: Drop leg debug: len=80 expected=84
[cmd_vel_chassis_serial.py-1] [WARN] [1784051017.007104965] [cmd_vel_chassis_serial]: Drop leg debug: len=80 expected=84
[cmd_vel_chassis_serial.py-1] [WARN] [1784051017.031845896] [cmd_vel_chassis_serial]: Drop leg debug: len=80 expected=84
[cmd_vel_chassis_serial.py-1] [WARN] [1784051017.043226549] [cmd_vel_chassis_serial]: Drop leg debug: len=80 expected=84
[cmd_vel_chassis_serial.py-1] [WARN] [1784051017.100921129] [cmd_vel_chassis_serial]: Drop leg debug: len=80 expected=84
[cmd_vel_chassis_serial.py-1] [WARN] [1784051017.117163234] [cmd_vel_chassis_serial]: Drop leg debug: len=80 expected=84
[cmd_vel_chassis_serial.py-1] [WARN] [1784051017.130587066] [cmd_vel_chassis_serial]: Drop leg debug: len=80 expected=84
[cmd_vel_chassis_serial.py-1] [WARN] [1784051017.146181185] [cmd_vel_chassis_serial]: Drop leg debug: len=80 expected=84
[cmd_vel_chassis_serial.py-1] [WARN] [1784051017.180289014] [cmd_vel_chassis_serial]: Drop leg debug: len=80 expected=84
[cmd_vel_chassis_serial.py-1] [WARN] [1784051017.215881729] [cmd_vel_chassis_serial]: Drop leg debug: len=80 expected=84
[cmd_vel_chassis_serial.py-1] [WARN] [1784051017.223597419] [cmd_vel_chassis_serial]: Drop leg debug: len=80 expected=84
[cmd_vel_chassis_serial.py-1] [WARN] [1784051017.229427409] [cmd_vel_chassis_serial]: Drop leg debug: len=80 expected=84
[cmd_vel_chassis_serial.py-1] [WARN] [1784051017.252053973] [cmd_vel_chassis_serial]: Drop leg debug: len=80 expected=84
[cmd_vel_chassis_serial.py-1] [WARN] [1784051017.279815022] [cmd_vel_chassis_serial]: Drop leg debug: len=80 expected=84
[cmd_vel_chassis_serial.py-1] [WARN] [1784051017.287943811] [cmd_vel_chassis_serial]: Drop leg debug: len=80 expected=84
[cmd_vel_chassis_serial.py-1] [WARN] [1784051017.298101036] [cmd_vel_chassis_serial]: Drop leg debug: len=80 expected=84
[cmd_vel_chassis_serial.py-1] [WARN] [1784051017.307785288] [cmd_vel_chassis_serial]: Drop leg debug: len=80 expected=84
[cmd_vel_chassis_serial.py-1] [WARN] [1784051017.330653571] [cmd_vel_chassis_serial]: Drop leg debug: len=80 expected=84
[cmd_vel_chassis_serial.py-1] [WARN] [1784051017.336965894] [cmd_vel_chassis_serial]: Drop leg debug: len=80 expected=84
[cmd_vel_chassis_serial.py-1] [WARN] [1784051017.352811403] [cmd_vel_chassis_serial]: Drop leg debug: len=80 expected=84
[cmd_vel_chassis_serial.py-1] [WARN] [1784051017.358078247] [cmd_vel_chassis_serial]: Drop leg debug: len=80 expected=84
[cmd_vel_chassis_serial.py-1] [WARN] [1784051017.382777016] [cmd_vel_chassis_serial]: Drop leg debug: len=80 expected=84
[cmd_vel_chassis_serial.py-1] [WARN] [1784051017.471267636] [cmd_vel_chassis_serial]: Drop leg debug: len=80 expected=84
[cmd_vel_chassis_serial.py-1] [WARN] [1784051017.509084701] [cmd_vel_chassis_serial]: Drop leg debug: len=80 expected=84
[cmd_vel_chassis_serial.py-1] [WARN] [1784051017.545026732] [cmd_vel_chassis_serial]: Drop leg debug: len=80 expected=84
[cmd_vel_chassis_serial.py-1] [ERROR] [1784051017.559472099] [cmd_vel_chassis_serial]: Serial write failed: Write timeout
[cmd_vel_chassis_serial.py-1] [WARN] [1784051017.575244034] [cmd_vel_chassis_serial]: Drop leg debug: len=80 expected=84
[cmd_vel_chassis_serial.py-1] [WARN] [1784051017.637657256] [cmd_vel_chassis_serial]: Drop leg debug: len=80 expected=84
[cmd_vel_chassis_serial.py-1] [ERROR] [1784051017.658252279] [cmd_vel_chassis_serial]: Serial write failed: Write timeout
[cmd_vel_chassis_serial.py-1] [WARN] [1784051017.675112648] [cmd_vel_chassis_serial]: Drop leg debug: len=80 expected=84
[cmd_vel_chassis_serial.py-1] [ERROR] [1784051017.711949033] [cmd_vel_chassis_serial]: Serial write failed: Write timeout
[cmd_vel_chassis_serial.py-1] [WARN] [1784051017.722696430] [cmd_vel_chassis_serial]: Drop leg debug: len=80 expected=84
[cmd_vel_chassis_serial.py-1] [WARN] [1784051017.752668539] [cmd_vel_chassis_serial]: Drop leg debug: len=80 expected=84
[cmd_vel_chassis_serial.py-1] [ERROR] [1784051017.754630676] [cmd_vel_chassis_serial]: Serial write failed: Write timeout
[cmd_vel_chassis_serial.py-1] [WARN] [1784051017.780663756] [cmd_vel_chassis_serial]: Drop leg debug: len=80 expected=84
[cmd_vel_chassis_serial.py-1] [WARN] [1784051017.803546576] [cmd_vel_chassis_serial]: Drop leg debug: len=80 expected=84
[cmd_vel_chassis_serial.py-1] [WARN] [1784051017.840147080] [cmd_vel_chassis_serial]: Drop leg debug: len=80 expected=84
[cmd_vel_chassis_serial.py-1] [WARN] [1784051017.868121312] [cmd_vel_chassis_serial]: Drop leg debug: len=80 expected=84
[cmd_vel_chassis_serial.py-1] [WARN] [1784051017.891948786] [cmd_vel_chassis_serial]: Drop leg debug: len=80 expected=84
[cmd_vel_chassis_serial.py-1] [WARN] [1784051017.897622160] [cmd_vel_chassis_serial]: Drop leg debug: len=80 expected=84
[cmd_vel_chassis_serial.py-1] [WARN] [1784051017.934845470] [cmd_vel_chassis_serial]: Drop leg debug: len=80 expected=84
[cmd_vel_chassis_serial.py-1] [WARN] [1784051017.951552651] [cmd_vel_chassis_serial]: Drop leg debug: len=80 expected=84
[cmd_vel_chassis_serial.py-1] [ERROR] [1784051017.961791791] [cmd_vel_chassis_serial]: Serial write failed: Write timeout
[cmd_vel_chassis_serial.py-1] [WARN] [1784051017.976993952] [cmd_vel_chassis_serial]: Drop leg debug: len=80 expected=84
[cmd_vel_chassis_serial.py-1] [WARN] [1784051018.038251570] [cmd_vel_chassis_serial]: Drop leg debug: len=80 expected=84
[cmd_vel_chassis_serial.py-1] [WARN] [1784051018.071240420] [cmd_vel_chassis_serial]: Drop leg debug: len=80 expected=84
[cmd_vel_chassis_serial.py-1] [WARN] [1784051018.082401617] [cmd_vel_chassis_serial]: Drop leg debug: len=80 expected=84
[cmd_vel_chassis_serial.py-1] [WARN] [1784051018.128917725] [cmd_vel_chassis_serial]: Drop leg debug: len=80 expected=84
[cmd_vel_chassis_serial.py-1] [WARN] [1784051018.151219230] [cmd_vel_chassis_serial]: Drop leg debug: len=80 expected=84
[cmd_vel_chassis_serial.py-1] [WARN] [1784051018.180206282] [cmd_vel_chassis_serial]: Drop leg debug: len=80 expected=84
[cmd_vel_chassis_serial.py-1] [WARN] [1784051018.213887941] [cmd_vel_chassis_serial]: Drop leg debug: len=80 expected=84
[cmd_vel_chassis_serial.py-1] [WARN] [1784051018.270191048] [cmd_vel_chassis_serial]: Drop leg debug: len=80 expected=84
[cmd_vel_chassis_serial.py-1] [WARN] [1784051018.284281605] [cmd_vel_chassis_serial]: Drop leg debug: len=80 expected=84
[cmd_vel_chassis_serial.py-1] [WARN] [1784051018.343158426] [cmd_vel_chassis_serial]: Drop leg debug: len=80 expected=84
[cmd_vel_chassis_serial.py-1] [WARN] [1784051018.359118369] [cmd_vel_chassis_serial]: Drop leg debug: len=80 expected=84
[cmd_vel_chassis_serial.py-1] [WARN] [1784051018.380427701] [cmd_vel_chassis_serial]: Drop leg debug: len=80 expected=84
[cmd_vel_chassis_serial.py-1] [WARN] [1784051018.428983754] [cmd_vel_chassis_serial]: Drop leg debug: len=80 expected=84
[cmd_vel_chassis_serial.py-1] [WARN] [1784051018.476637091] [cmd_vel_chassis_serial]: Drop leg debug: len=80 expected=84
[cmd_vel_chassis_serial.py-1] [WARN] [1784051018.484010461] [cmd_vel_chassis_serial]: Drop leg debug: len=80 expected=84
[cmd_vel_chassis_serial.py-1] [WARN] [1784051018.521971552] [cmd_vel_chassis_serial]: Drop leg debug: len=80 expected=84
[cmd_vel_chassis_serial.py-1] [ERROR] [1784051018.528017778] [cmd_vel_chassis_serial]: Serial write failed: Write timeout
[cmd_vel_chassis_serial.py-1] [WARN] [1784051018.535204049] [cmd_vel_chassis_serial]: Drop leg debug: len=80 expected=84
[cmd_vel_chassis_serial.py-1] [WARN] [1784051018.544096757] [cmd_vel_chassis_serial]: Drop leg debug: len=80 expected=84
[cmd_vel_chassis_serial.py-1] [WARN] [1784051018.565745567] [cmd_vel_chassis_serial]: Drop leg debug: len=80 expected=84
[cmd_vel_chassis_serial.py-1] [WARN] [1784051018.653927703] [cmd_vel_chassis_serial]: Drop leg debug: len=80 expected=84
[cmd_vel_chassis_serial.py-1] [WARN] [1784051018.668223445] [cmd_vel_chassis_serial]: Drop leg debug: len=80 expected=84
[cmd_vel_chassis_serial.py-1] [WARN] [1784051018.690599306] [cmd_vel_chassis_serial]: Drop leg debug: len=80 expected=84
[cmd_vel_chassis_serial.py-1] [WARN] [1784051018.727190262] [cmd_vel_chassis_serial]: Drop leg debug: len=80 expected=84
[cmd_vel_chassis_serial.py-1] [WARN] [1784051018.764798392] [cmd_vel_chassis_serial]: Drop leg debug: len=80 expected=84
[cmd_vel_chassis_serial.py-1] [WARN] [1784051018.791780219] [cmd_vel_chassis_serial]: Drop leg debug: len=80 expected=84
[cmd_vel_chassis_serial.py-1] [WARN] [1784051018.882949135] [cmd_vel_chassis_serial]: Drop leg debug: len=80 expected=84
[cmd_vel_chassis_serial.py-1] [WARN] [1784051018.908302716] [cmd_vel_chassis_serial]: Drop leg debug: len=80 expected=84
[cmd_vel_chassis_serial.py-1] [WARN] [1784051018.938022176] [cmd_vel_chassis_serial]: Drop leg debug: len=80 expected=84
[cmd_vel_chassis_serial.py-1] [ERROR] [1784051018.956018950] [cmd_vel_chassis_serial]: Serial write failed: Write timeout
[cmd_vel_chassis_serial.py-1] [WARN] [1784051018.986223830] [cmd_vel_chassis_serial]: Drop leg debug: len=80 expected=84
[cmd_vel_chassis_serial.py-1] [WARN] [1784051019.031890442] [cmd_vel_chassis_serial]: Drop leg debug: len=80 expected=84
[cmd_vel_chassis_serial.py-1] [WARN] [1784051019.086958152] [cmd_vel_chassis_serial]: Drop leg debug: len=80 expected=84
[cmd_vel_chassis_serial.py-1] [ERROR] [1784051019.098152328] [cmd_vel_chassis_serial]: Serial write failed: Write timeout
[cmd_vel_chassis_serial.py-1] [WARN] [1784051019.127649974] [cmd_vel_chassis_serial]: Drop leg debug: len=80 expected=84
[cmd_vel_chassis_serial.py-1] [WARN] [1784051019.171780095] [cmd_vel_chassis_serial]: Drop leg debug: len=80 expected=84
[cmd_vel_chassis_serial.py-1] [WARN] [1784051019.180968637] [cmd_vel_chassis_serial]: Drop leg debug: len=80 expected=84
[cmd_vel_chassis_serial.py-1] [WARN] [1784051019.229712356] [cmd_vel_chassis_serial]: Drop leg debug: len=80 expected=84
[cmd_vel_chassis_serial.py-1] [WARN] [1784051019.252484616] [cmd_vel_chassis_serial]: Drop leg debug: len=80 expected=84
[cmd_vel_chassis_serial.py-1] [WARN] [1784051019.278932750] [cmd_vel_chassis_serial]: Drop leg debug: len=80 expected=84
[cmd_vel_chassis_serial.py-1] [WARN] [1784051019.288252654] [cmd_vel_chassis_serial]: Drop leg debug: len=80 expected=84
[cmd_vel_chassis_serial.py-1] [WARN] [1784051019.316533831] [cmd_vel_chassis_serial]: Drop leg debug: len=80 expected=84
[cmd_vel_chassis_serial.py-1] [WARN] [1784051019.338473157] [cmd_vel_chassis_serial]: Drop leg debug: len=80 expected=84
[cmd_vel_chassis_serial.py-1] [WARN] [1784051019.361327206] [cmd_vel_chassis_serial]: Drop leg debug: len=80 expected=84
[cmd_vel_chassis_serial.py-1] [WARN] [1784051019.391587826] [cmd_vel_chassis_serial]: Drop leg debug: len=80 expected=84
[cmd_vel_chassis_serial.py-1] [WARN] [1784051019.424945961] [cmd_vel_chassis_serial]: Drop leg debug: len=80 expected=84
[cmd_vel_chassis_serial.py-1] [WARN] [1784051019.451944830] [cmd_vel_chassis_serial]: Drop leg debug: len=80 expected=84
[cmd_vel_chassis_serial.py-1] [WARN] [1784051019.472754233] [cmd_vel_chassis_serial]: Drop leg debug: len=80 expected=84
[cmd_vel_chassis_serial.py-1] [WARN] [1784051019.496693787] [cmd_vel_chassis_serial]: Drop leg debug: len=80 expected=84
[cmd_vel_chassis_serial.py-1] [WARN] [1784051019.504201828] [cmd_vel_chassis_serial]: Drop leg debug: len=80 expected=84
[cmd_vel_chassis_serial.py-1] [WARN] [1784051019.513918117] [cmd_vel_chassis_serial]: Drop leg debug: len=80 expected=84
[cmd_vel_chassis_serial.py-1] [WARN] [1784051019.561953240] [cmd_vel_chassis_serial]: Drop leg debug: len=80 expected=84
[cmd_vel_chassis_serial.py-1] [WARN] [1784051019.682725545] [cmd_vel_chassis_serial]: Drop leg debug: len=80 expected=84
[cmd_vel_chassis_serial.py-1] [WARN] [1784051019.744648565] [cmd_vel_chassis_serial]: Drop leg debug: len=80 expected=84
[cmd_vel_chassis_serial.py-1] [WARN] [1784051019.769713499] [cmd_vel_chassis_serial]: Drop leg debug: len=80 expected=84
[cmd_vel_chassis_serial.py-1] [WARN] [1784051019.817127316] [cmd_vel_chassis_serial]: Drop leg debug: len=80 expected=84
[cmd_vel_chassis_serial.py-1] [WARN] [1784051019.864980930] [cmd_vel_chassis_serial]: Drop leg debug: len=80 expected=84
[cmd_vel_chassis_serial.py-1] [WARN] [1784051019.923183237] [cmd_vel_chassis_serial]: Drop leg debug: len=80 expected=84
[cmd_vel_chassis_serial.py-1] [WARN] [1784051019.950082590] [cmd_vel_chassis_serial]: Drop leg debug: len=80 expected=84
[cmd_vel_chassis_serial.py-1] [WARN] [1784051019.982230319] [cmd_vel_chassis_serial]: Drop leg debug: len=80 expected=84
[cmd_vel_chassis_serial.py-1] [WARN] [1784051020.036824938] [cmd_vel_chassis_serial]: Drop leg debug: len=80 expected=84
[cmd_vel_chassis_serial.py-1] [WARN] [1784051020.096817095] [cmd_vel_chassis_serial]: Drop leg debug: len=80 expected=84
[cmd_vel_chassis_serial.py-1] [ERROR] [1784051020.132040168] [cmd_vel_chassis_serial]: Serial write failed: Write timeout
[cmd_vel_chassis_serial.py-1] [WARN] [1784051020.153615562] [cmd_vel_chassis_serial]: Drop leg debug: len=80 expected=84
[cmd_vel_chassis_serial.py-1] [WARN] [1784051020.185082807] [cmd_vel_chassis_serial]: Drop leg debug: len=80 expected=84
[cmd_vel_chassis_serial.py-1] [WARN] [1784051020.244031012] [cmd_vel_chassis_serial]: Drop leg debug: len=80 expected=84
[cmd_vel_chassis_serial.py-1] [WARN] [1784051020.255388239] [cmd_vel_chassis_serial]: Drop leg debug: len=80 expected=84
[cmd_vel_chassis_serial.py-1] [WARN] [1784051020.273471422] [cmd_vel_chassis_serial]: Drop leg debug: len=80 expected=84
[cmd_vel_chassis_serial.py-1] [WARN] [1784051020.306322359] [cmd_vel_chassis_serial]: Drop leg debug: len=80 expected=84
[cmd_vel_chassis_serial.py-1] [WARN] [1784051020.342597738] [cmd_vel_chassis_serial]: Drop leg debug: len=80 expected=84
[cmd_vel_chassis_serial.py-1] [WARN] [1784051020.360106472] [cmd_vel_chassis_serial]: Drop leg debug: len=80 expected=84
[cmd_vel_chassis_serial.py-1] [WARN] [1784051020.394820191] [cmd_vel_chassis_serial]: Drop leg debug: len=80 expected=84
[cmd_vel_chassis_serial.py-1] [WARN] [1784051020.428263089] [cmd_vel_chassis_serial]: Drop leg debug: len=80 expected=84
[cmd_vel_chassis_serial.py-1] [WARN] [1784051020.454782311] [cmd_vel_chassis_serial]: Drop leg debug: len=80 expected=84
[cmd_vel_chassis_serial.py-1] [WARN] [1784051020.493752799] [cmd_vel_chassis_serial]: Drop leg debug: len=80 expected=84
[cmd_vel_chassis_serial.py-1] [WARN] [1784051020.522442015] [cmd_vel_chassis_serial]: Drop leg debug: len=80 expected=84
[cmd_vel_chassis_serial.py-1] [WARN] [1784051020.540656948] [cmd_vel_chassis_serial]: Drop leg debug: len=80 expected=84
[cmd_vel_chassis_serial.py-1] [WARN] [1784051020.568669138] [cmd_vel_chassis_serial]: Drop leg debug: len=80 expected=84
[cmd_vel_chassis_serial.py-1] [WARN] [1784051020.609610930] [cmd_vel_chassis_serial]: Drop leg debug: len=80 expected=84
[cmd_vel_chassis_serial.py-1] [WARN] [1784051020.637396442] [cmd_vel_chassis_serial]: Drop leg debug: len=80 expected=84
[cmd_vel_chassis_serial.py-1] [WARN] [1784051020.670584579] [cmd_vel_chassis_serial]: Drop leg debug: len=80 expected=84
[cmd_vel_chassis_serial.py-1] [WARN] [1784051020.695385113] [cmd_vel_chassis_serial]: Drop leg debug: len=80 expected=84
[cmd_vel_chassis_serial.py-1] [WARN] [1784051020.719212365] [cmd_vel_chassis_serial]: Drop leg debug: len=80 expected=84
[cmd_vel_chassis_serial.py-1] [WARN] [1784051020.790207037] [cmd_vel_chassis_serial]: Drop leg debug: len=80 expected=84
[cmd_vel_chassis_serial.py-1] [ERROR] [1784051020.801807998] [cmd_vel_chassis_serial]: Serial write failed: Write timeout
[cmd_vel_chassis_serial.py-1] [WARN] [1784051020.844452296] [cmd_vel_chassis_serial]: Drop leg debug: len=80 expected=84
[cmd_vel_chassis_serial.py-1] [WARN] [1784051020.876971450] [cmd_vel_chassis_serial]: Drop leg debug: len=80 expected=84
[cmd_vel_chassis_serial.py-1] [ERROR] [1784051020.924946590] [cmd_vel_chassis_serial]: Serial write failed: Write timeout
[cmd_vel_chassis_serial.py-1] [WARN] [1784051020.937935139] [cmd_vel_chassis_serial]: Drop leg debug: len=80 expected=84
[cmd_vel_chassis_serial.py-1] [WARN] [1784051020.954965993] [cmd_vel_chassis_serial]: Drop leg debug: len=80 expected=84
[cmd_vel_chassis_serial.py-1] [WARN] [1784051020.959328671] [cmd_vel_chassis_serial]: Drop leg debug: len=80 expected=84
[cmd_vel_chassis_serial.py-1] [WARN] [1784051020.969338930] [cmd_vel_chassis_serial]: Drop leg debug: len=80 expected=84
[cmd_vel_chassis_serial.py-1] [WARN] [1784051020.976327079] [cmd_vel_chassis_serial]: Drop leg debug: len=80 expected=84
[cmd_vel_chassis_serial.py-1] [WARN] [1784051020.980655453] [cmd_vel_chassis_serial]: Drop leg debug: len=80 expected=84
[cmd_vel_chassis_serial.py-1] [WARN] [1784051020.986261000] [cmd_vel_chassis_serial]: Drop leg debug: len=80 expected=84
[cmd_vel_chassis_serial.py-1] [WARN] [1784051020.994613364] [cmd_vel_chassis_serial]: Drop leg debug: len=80 expected=84
[cmd_vel_chassis_serial.py-1] [WARN] [1784051020.998555898] [cmd_vel_chassis_serial]: Drop leg debug: len=80 expected=84
[cmd_vel_chassis_serial.py-1] [WARN] [1784051021.003413281] [cmd_vel_chassis_serial]: Drop leg debug: len=80 expected=84
[cmd_vel_chassis_serial.py-1] [WARN] [1784051021.014227071] [cmd_vel_chassis_serial]: Drop leg debug: len=80 expected=84
[cmd_vel_chassis_serial.py-1] [WARN] [1784051021.033978548] [cmd_vel_chassis_serial]: Drop leg debug: len=80 expected=84
[cmd_vel_chassis_serial.py-1] [WARN] [1784051021.045078044] [cmd_vel_chassis_serial]: Drop leg debug: len=80 expected=84
[cmd_vel_chassis_serial.py-1] [WARN] [1784051021.072302706] [cmd_vel_chassis_serial]: Drop leg debug: len=80 expected=84
[cmd_vel_chassis_serial.py-1] [WARN] [1784051021.089746201] [cmd_vel_chassis_serial]: Drop leg debug: len=80 expected=84
[cmd_vel_chassis_serial.py-1] [WARN] [1784051021.193335617] [cmd_vel_chassis_serial]: Drop leg debug: len=80 expected=84
[cmd_vel_chassis_serial.py-1] [WARN] [1784051021.236032320] [cmd_vel_chassis_serial]: Drop leg debug: len=80 expected=84
[cmd_vel_chassis_serial.py-1] [WARN] [1784051021.249473121] [cmd_vel_chassis_serial]: Drop leg debug: len=80 expected=84
[cmd_vel_chassis_serial.py-1] [WARN] [1784051021.277273990] [cmd_vel_chassis_serial]: Drop leg debug: len=80 expected=84
[cmd_vel_chassis_serial.py-1] [WARN] [1784051021.290394599] [cmd_vel_chassis_serial]: Drop leg debug: len=80 expected=84
[cmd_vel_chassis_serial.py-1] [WARN] [1784051021.313286857] [cmd_vel_chassis_serial]: Drop leg debug: len=80 expected=84
[cmd_vel_chassis_serial.py-1] [WARN] [1784051021.412247496] [cmd_vel_chassis_serial]: Drop leg debug: len=80 expected=84
[cmd_vel_chassis_serial.py-1] [WARN] [1784051021.436873471] [cmd_vel_chassis_serial]: Drop leg debug: len=80 expected=84
[cmd_vel_chassis_serial.py-1] [WARN] [1784051021.457761829] [cmd_vel_chassis_serial]: Drop leg debug: len=80 expected=84
[cmd_vel_chassis_serial.py-1] [WARN] [1784051021.490589697] [cmd_vel_chassis_serial]: Drop leg debug: len=80 expected=84
[cmd_vel_chassis_serial.py-1] [WARN] [1784051021.549514025] [cmd_vel_chassis_serial]: Drop leg debug: len=80 expected=84
[cmd_vel_chassis_serial.py-1] [WARN] [1784051021.582989133] [cmd_vel_chassis_serial]: Drop leg debug: len=80 expected=84
[cmd_vel_chassis_serial.py-1] [WARN] [1784051021.624280018] [cmd_vel_chassis_serial]: Drop leg debug: len=80 expected=84
[cmd_vel_chassis_serial.py-1] [WARN] [1784051021.677114229] [cmd_vel_chassis_serial]: Drop leg debug: len=80 expected=84
[cmd_vel_chassis_serial.py-1] [WARN] [1784051021.709708748] [cmd_vel_chassis_serial]: Drop leg debug: len=80 expected=84
[cmd_vel_chassis_serial.py-1] [WARN] [1784051021.717135773] [cmd_vel_chassis_serial]: Drop leg debug: len=80 expected=84
[cmd_vel_chassis_serial.py-1] [WARN] [1784051021.720998743] [cmd_vel_chassis_serial]: Drop leg debug: len=80 expected=84
[cmd_vel_chassis_serial.py-1] [WARN] [1784051021.726496662] [cmd_vel_chassis_serial]: Drop leg debug: len=80 expected=84
[cmd_vel_chassis_serial.py-1] [WARN] [1784051021.799825660] [cmd_vel_chassis_serial]: Drop leg debug: len=80 expected=84
[cmd_vel_chassis_serial.py-1] [WARN] [1784051021.804526572] [cmd_vel_chassis_serial]: Drop leg debug: len=80 expected=84
[cmd_vel_chassis_serial.py-1] [WARN] [1784051021.829409845] [cmd_vel_chassis_serial]: Drop leg debug: len=80 expected=84
[cmd_vel_chassis_serial.py-1] [WARN] [1784051021.845244977] [cmd_vel_chassis_serial]: Drop leg debug: len=80 expected=84
[cmd_vel_chassis_serial.py-1] [WARN] [1784051021.874990954] [cmd_vel_chassis_serial]: Drop leg debug: len=80 expected=84
[cmd_vel_chassis_serial.py-1] [WARN] [1784051021.895283183] [cmd_vel_chassis_serial]: Drop leg debug: len=80 expected=84
[cmd_vel_chassis_serial.py-1] [WARN] [1784051021.978871686] [cmd_vel_chassis_serial]: Drop leg debug: len=80 expected=84
[cmd_vel_chassis_serial.py-1] [WARN] [1784051022.001481443] [cmd_vel_chassis_serial]: Drop leg debug: len=80 expected=84
[cmd_vel_chassis_serial.py-1] [WARN] [1784051022.025087300] [cmd_vel_chassis_serial]: Drop leg debug: len=80 expected=84
[cmd_vel_chassis_serial.py-1] [WARN] [1784051022.036860178] [cmd_vel_chassis_serial]: Drop leg debug: len=80 expected=84
[cmd_vel_chassis_serial.py-1] [WARN] [1784051022.108169183] [cmd_vel_chassis_serial]: Drop leg debug: len=80 expected=84
[cmd_vel_chassis_serial.py-1] [WARN] [1784051022.144164948] [cmd_vel_chassis_serial]: Drop leg debug: len=80 expected=84
[cmd_vel_chassis_serial.py-1] [WARN] [1784051022.186999169] [cmd_vel_chassis_serial]: Drop leg debug: len=80 expected=84
[cmd_vel_chassis_serial.py-1] [WARN] [1784051022.194500502] [cmd_vel_chassis_serial]: Drop leg debug: len=80 expected=84
[cmd_vel_chassis_serial.py-1] [WARN] [1784051022.214609195] [cmd_vel_chassis_serial]: Drop leg debug: len=80 expected=84
[cmd_vel_chassis_serial.py-1] [WARN] [1784051022.240778331] [cmd_vel_chassis_serial]: Drop leg debug: len=80 expected=84
[cmd_vel_chassis_serial.py-1] [WARN] [1784051022.248109310] [cmd_vel_chassis_serial]: Drop leg debug: len=80 expected=84
[cmd_vel_chassis_serial.py-1] [WARN] [1784051022.278898169] [cmd_vel_chassis_serial]: Drop leg debug: len=80 expected=84
[cmd_vel_chassis_serial.py-1] [WARN] [1784051022.386283861] [cmd_vel_chassis_serial]: Drop leg debug: len=80 expected=84
[cmd_vel_chassis_serial.py-1] [WARN] [1784051022.436044160] [cmd_vel_chassis_serial]: Drop leg debug: len=80 expected=84
[cmd_vel_chassis_serial.py-1] [WARN] [1784051022.460692300] [cmd_vel_chassis_serial]: Drop leg debug: len=80 expected=84
[cmd_vel_chassis_serial.py-1] [WARN] [1784051022.481941051] [cmd_vel_chassis_serial]: Drop leg debug: len=80 expected=84
[cmd_vel_chassis_serial.py-1] [ERROR] [1784051022.516489969] [cmd_vel_chassis_serial]: Serial write failed: Write timeout
[cmd_vel_chassis_serial.py-1] [WARN] [1784051022.541332953] [cmd_vel_chassis_serial]: Drop leg debug: len=80 expected=84
[cmd_vel_chassis_serial.py-1] [WARN] [1784051022.567467005] [cmd_vel_chassis_serial]: Drop leg debug: len=80 expected=84
[cmd_vel_chassis_serial.py-1] [WARN] [1784051022.630274203] [cmd_vel_chassis_serial]: Drop leg debug: len=80 expected=84
[cmd_vel_chassis_serial.py-1] [WARN] [1784051022.690535228] [cmd_vel_chassis_serial]: Drop leg debug: len=80 expected=84
[cmd_vel_chassis_serial.py-1] [WARN] [1784051022.701849254] [cmd_vel_chassis_serial]: Drop leg debug: len=80 expected=84
[cmd_vel_chassis_serial.py-1] [WARN] [1784051022.727111379] [cmd_vel_chassis_serial]: Drop leg debug: len=80 expected=84
[cmd_vel_chassis_serial.py-1] [ERROR] [1784051022.740329221] [cmd_vel_chassis_serial]: Serial write failed: Write timeout
[cmd_vel_chassis_serial.py-1] [WARN] [1784051022.762470492] [cmd_vel_chassis_serial]: Drop leg debug: len=80 expected=84
[cmd_vel_chassis_serial.py-1] [WARN] [1784051022.796042156] [cmd_vel_chassis_serial]: Drop leg debug: len=80 expected=84
[cmd_vel_chassis_serial.py-1] [ERROR] [1784051022.834418126] [cmd_vel_chassis_serial]: Serial write failed: Write timeout
[cmd_vel_chassis_serial.py-1] [WARN] [1784051022.845801388] [cmd_vel_chassis_serial]: Drop leg debug: len=80 expected=84
[cmd_vel_chassis_serial.py-1] [WARN] [1784051022.869955566] [cmd_vel_chassis_serial]: Drop leg debug: len=80 expected=84
[cmd_vel_chassis_serial.py-1] [WARN] [1784051022.921493462] [cmd_vel_chassis_serial]: Drop leg debug: len=80 expected=84
[cmd_vel_chassis_serial.py-1] [WARN] [1784051022.942497383] [cmd_vel_chassis_serial]: Drop leg debug: len=80 expected=84
[cmd_vel_chassis_serial.py-1] [WARN] [1784051022.991409836] [cmd_vel_chassis_serial]: Drop leg debug: len=80 expected=84
[cmd_vel_chassis_serial.py-1] [WARN] [1784051023.030237626] [cmd_vel_chassis_serial]: Drop leg debug: len=80 expected=84
[cmd_vel_chassis_serial.py-1] [WARN] [1784051023.054685930] [cmd_vel_chassis_serial]: Drop leg debug: len=80 expected=84
[cmd_vel_chassis_serial.py-1] [WARN] [1784051023.071626550] [cmd_vel_chassis_serial]: Drop leg debug: len=80 expected=84
[cmd_vel_chassis_serial.py-1] [WARN] [1784051023.101570694] [cmd_vel_chassis_serial]: Drop leg debug: len=80 expected=84
[cmd_vel_chassis_serial.py-1] [ERROR] [1784051023.107762541] [cmd_vel_chassis_serial]: Serial write failed: Write timeout
[cmd_vel_chassis_serial.py-1] [WARN] [1784051023.147577844] [cmd_vel_chassis_serial]: Drop leg debug: len=80 expected=84
[cmd_vel_chassis_serial.py-1] [WARN] [1784051023.178175250] [cmd_vel_chassis_serial]: Drop leg debug: len=80 expected=84
[cmd_vel_chassis_serial.py-1] [WARN] [1784051023.230560036] [cmd_vel_chassis_serial]: Drop leg debug: len=80 expected=84
[cmd_vel_chassis_serial.py-1] [WARN] [1784051023.253601449] [cmd_vel_chassis_serial]: Drop leg debug: len=80 expected=84
[cmd_vel_chassis_serial.py-1] [ERROR] [1784051023.277759066] [cmd_vel_chassis_serial]: Serial write failed: Write timeout
[cmd_vel_chassis_serial.py-1] [WARN] [1784051023.286254308] [cmd_vel_chassis_serial]: Drop leg debug: len=80 expected=84
[cmd_vel_chassis_serial.py-1] [WARN] [1784051023.326317901] [cmd_vel_chassis_serial]: Drop leg debug: len=80 expected=84
[cmd_vel_chassis_serial.py-1] [WARN] [1784051023.340527101] [cmd_vel_chassis_serial]: Drop leg debug: len=80 expected=84
[cmd_vel_chassis_serial.py-1] [WARN] [1784051023.414292102] [cmd_vel_chassis_serial]: Drop leg debug: len=80 expected=84
[cmd_vel_chassis_serial.py-1] [WARN] [1784051023.465315644] [cmd_vel_chassis_serial]: Drop leg debug: len=80 expected=84
[cmd_vel_chassis_serial.py-1] [WARN] [1784051023.497135987] [cmd_vel_chassis_serial]: Drop leg debug: len=80 expected=84
[cmd_vel_chassis_serial.py-1] [WARN] [1784051023.523804412] [cmd_vel_chassis_serial]: Drop leg debug: len=80 expected=84
[cmd_vel_chassis_serial.py-1] [WARN] [1784051023.553312776] [cmd_vel_chassis_serial]: Drop leg debug: len=80 expected=84
[cmd_vel_chassis_serial.py-1] [WARN] [1784051023.575525388] [cmd_vel_chassis_serial]: Drop leg debug: len=80 expected=84
[cmd_vel_chassis_serial.py-1] [WARN] [1784051023.609104468] [cmd_vel_chassis_serial]: Drop leg debug: len=80 expected=84
[cmd_vel_chassis_serial.py-1] [WARN] [1784051023.672862987] [cmd_vel_chassis_serial]: Drop leg debug: len=80 expected=84
[cmd_vel_chassis_serial.py-1] [WARN] [1784051023.695380598] [cmd_vel_chassis_serial]: Drop leg debug: len=80 expected=84
[cmd_vel_chassis_serial.py-1] [WARN] [1784051023.719259527] [cmd_vel_chassis_serial]: Drop leg debug: len=80 expected=84
[cmd_vel_chassis_serial.py-1] [ERROR] [1784051023.757105647] [cmd_vel_chassis_serial]: Serial write failed: Write timeout
[cmd_vel_chassis_serial.py-1] [WARN] [1784051023.774391328] [cmd_vel_chassis_serial]: Drop leg debug: len=80 expected=84
[cmd_vel_chassis_serial.py-1] [WARN] [1784051023.810157193] [cmd_vel_chassis_serial]: Drop leg debug: len=80 expected=84
[cmd_vel_chassis_serial.py-1] [WARN] [1784051023.835619882] [cmd_vel_chassis_serial]: Drop leg debug: len=80 expected=84
[cmd_vel_chassis_serial.py-1] [WARN] [1784051023.852931371] [cmd_vel_chassis_serial]: Drop leg debug: len=80 expected=84
[cmd_vel_chassis_serial.py-1] [WARN] [1784051023.886266633] [cmd_vel_chassis_serial]: Drop leg debug: len=80 expected=84
[cmd_vel_chassis_serial.py-1] [WARN] [1784051023.909452167] [cmd_vel_chassis_serial]: Drop leg debug: len=80 expected=84
[cmd_vel_chassis_serial.py-1] [WARN] [1784051023.930949124] [cmd_vel_chassis_serial]: Drop leg debug: len=80 expected=84
[cmd_vel_chassis_serial.py-1] [WARN] [1784051023.949663489] [cmd_vel_chassis_serial]: Drop leg debug: len=80 expected=84
[cmd_vel_chassis_serial.py-1] [WARN] [1784051023.975158747] [cmd_vel_chassis_serial]: Drop leg debug: len=80 expected=84
[cmd_vel_chassis_serial.py-1] [WARN] [1784051023.981292529] [cmd_vel_chassis_serial]: Drop leg debug: len=80 expected=84
[cmd_vel_chassis_serial.py-1] [WARN] [1784051023.988400384] [cmd_vel_chassis_serial]: Drop leg debug: len=80 expected=84
[cmd_vel_chassis_serial.py-1] [WARN] [1784051023.999004088] [cmd_vel_chassis_serial]: Drop leg debug: len=80 expected=84
[cmd_vel_chassis_serial.py-1] [WARN] [1784051024.020171401] [cmd_vel_chassis_serial]: Drop leg debug: len=80 expected=84
[cmd_vel_chassis_serial.py-1] [WARN] [1784051024.027313459] [cmd_vel_chassis_serial]: Drop leg debug: len=80 expected=84
[cmd_vel_chassis_serial.py-1] [WARN] [1784051024.037065226] [cmd_vel_chassis_serial]: Drop leg debug: len=80 expected=84
[cmd_vel_chassis_serial.py-1] [WARN] [1784051024.055549765] [cmd_vel_chassis_serial]: Drop leg debug: len=80 expected=84
[cmd_vel_chassis_serial.py-1] [WARN] [1784051024.162542465] [cmd_vel_chassis_serial]: Drop leg debug: len=80 expected=84
[cmd_vel_chassis_serial.py-1] [WARN] [1784051024.175943917] [cmd_vel_chassis_serial]: Drop leg debug: len=80 expected=84
[cmd_vel_chassis_serial.py-1] [WARN] [1784051024.192281451] [cmd_vel_chassis_serial]: Drop leg debug: len=80 expected=84
[cmd_vel_chassis_serial.py-1] [WARN] [1784051024.214827109] [cmd_vel_chassis_serial]: Drop leg debug: len=80 expected=84
[cmd_vel_chassis_serial.py-1] [WARN] [1784051024.224208187] [cmd_vel_chassis_serial]: Drop leg debug: len=80 expected=84
[cmd_vel_chassis_serial.py-1] [WARN] [1784051024.266765901] [cmd_vel_chassis_serial]: Drop leg debug: len=80 expected=84
[cmd_vel_chassis_serial.py-1] [WARN] [1784051024.365537839] [cmd_vel_chassis_serial]: Drop leg debug: len=80 expected=84
[cmd_vel_chassis_serial.py-1] [WARN] [1784051024.457556929] [cmd_vel_chassis_serial]: Drop leg debug: len=80 expected=84
[cmd_vel_chassis_serial.py-1] [ERROR] [1784051024.533870693] [cmd_vel_chassis_serial]: Serial write failed: Write timeout
[cmd_vel_chassis_serial.py-1] [WARN] [1784051024.558442594] [cmd_vel_chassis_serial]: Drop leg debug: len=80 expected=84
[cmd_vel_chassis_serial.py-1] [WARN] [1784051024.603058978] [cmd_vel_chassis_serial]: Drop leg debug: len=80 expected=84
[cmd_vel_chassis_serial.py-1] [ERROR] [1784051024.696502768] [cmd_vel_chassis_serial]: Serial write failed: Write timeout
[cmd_vel_chassis_serial.py-1] [WARN] [1784051024.732498032] [cmd_vel_chassis_serial]: Drop leg debug: len=80 expected=84
[cmd_vel_chassis_serial.py-1] [INFO] [1784051024.781699723] [cmd_vel_chassis_serial]: 收到 /cmd_vel: vx=0.100 wz=0.031
[cmd_vel_chassis_serial.py-1] [WARN] [1784051024.833555143] [cmd_vel_chassis_serial]: Drop leg debug: len=80 expected=84
[cmd_vel_chassis_serial.py-1] [INFO] [1784051024.856952211] [cmd_vel_chassis_serial]: send source=cmd_vel vx=0.100 wz=0.031
[cmd_vel_chassis_serial.py-1] [WARN] [1784051024.864462692] [cmd_vel_chassis_serial]: Drop leg debug: len=80 expected=84
[cmd_vel_chassis_serial.py-1] [WARN] [1784051024.876129543] [cmd_vel_chassis_serial]: Drop leg debug: len=80 expected=84
[cmd_vel_chassis_serial.py-1] [WARN] [1784051024.892575635] [cmd_vel_chassis_serial]: Drop leg debug: len=80 expected=84
[cmd_vel_chassis_serial.py-1] [WARN] [1784051024.902589054] [cmd_vel_chassis_serial]: Drop leg debug: len=80 expected=84
[cmd_vel_chassis_serial.py-1] [WARN] [1784051024.930335096] [cmd_vel_chassis_serial]: Drop leg debug: len=80 expected=84
[cmd_vel_chassis_serial.py-1] [WARN] [1784051024.937620979] [cmd_vel_chassis_serial]: Drop leg debug: len=80 expected=84
[cmd_vel_chassis_serial.py-1] [WARN] [1784051024.979788009] [cmd_vel_chassis_serial]: Drop leg debug: len=80 expected=84
[cmd_vel_chassis_serial.py-1] [WARN] [1784051025.002851529] [cmd_vel_chassis_serial]: Drop leg debug: len=80 expected=84
[cmd_vel_chassis_serial.py-1] [ERROR] [1784051025.067699612] [cmd_vel_chassis_serial]: Serial write failed: Write timeout
[cmd_vel_chassis_serial.py-1] [WARN] [1784051025.088169047] [cmd_vel_chassis_serial]: Drop leg debug: len=80 expected=84
[cmd_vel_chassis_serial.py-1] [WARN] [1784051025.134586922] [cmd_vel_chassis_serial]: Drop leg debug: len=80 expected=84
[cmd_vel_chassis_serial.py-1] [ERROR] [1784051025.142107576] [cmd_vel_chassis_serial]: Serial write failed: Write timeout
[cmd_vel_chassis_serial.py-1] [WARN] [1784051025.177678508] [cmd_vel_chassis_serial]: Drop leg debug: len=80 expected=84
[cmd_vel_chassis_serial.py-1] [WARN] [1784051025.228572282] [cmd_vel_chassis_serial]: Drop leg debug: len=80 expected=84
[cmd_vel_chassis_serial.py-1] [ERROR] [1784051025.260184879] [cmd_vel_chassis_serial]: Serial write failed: Write timeout
[cmd_vel_chassis_serial.py-1] [WARN] [1784051025.301699753] [cmd_vel_chassis_serial]: Drop leg debug: len=80 expected=84
[cmd_vel_chassis_serial.py-1] [WARN] [1784051025.437440810] [cmd_vel_chassis_serial]: Drop leg debug: len=80 expected=84
[cmd_vel_chassis_serial.py-1] [ERROR] [1784051025.461334451] [cmd_vel_chassis_serial]: Serial write failed: Write timeout
[cmd_vel_chassis_serial.py-1] [WARN] [1784051025.535527329] [cmd_vel_chassis_serial]: Drop leg debug: len=80 expected=84
[cmd_vel_chassis_serial.py-1] [WARN] [1784051025.591472621] [cmd_vel_chassis_serial]: Drop leg debug: len=80 expected=84
[cmd_vel_chassis_serial.py-1] [WARN] [1784051025.625104114] [cmd_vel_chassis_serial]: Drop leg debug: len=80 expected=84
[cmd_vel_chassis_serial.py-1] [WARN] [1784051025.685092808] [cmd_vel_chassis_serial]: Drop leg debug: len=80 expected=84
[cmd_vel_chassis_serial.py-1] [ERROR] [1784051025.699844584] [cmd_vel_chassis_serial]: Serial write failed: Write timeout
[cmd_vel_chassis_serial.py-1] [INFO] [1784051025.774778610] [cmd_vel_chassis_serial]: 收到 /cmd_vel: vx=0.100 wz=0.048
[cmd_vel_chassis_serial.py-1] [WARN] [1784051025.783102256] [cmd_vel_chassis_serial]: Drop leg debug: len=80 expected=84
[cmd_vel_chassis_serial.py-1] [WARN] [1784051025.875696596] [cmd_vel_chassis_serial]: Drop leg debug: len=80 expected=84
[cmd_vel_chassis_serial.py-1] [INFO] [1784051025.964276412] [cmd_vel_chassis_serial]: send source=cmd_vel vx=0.100 wz=0.048
[cmd_vel_chassis_serial.py-1] [WARN] [1784051025.970919028] [cmd_vel_chassis_serial]: Drop leg debug: len=80 expected=84
[cmd_vel_chassis_serial.py-1] [ERROR] [1784051026.072766861] [cmd_vel_chassis_serial]: Serial write failed: Write timeout
[cmd_vel_chassis_serial.py-1] [WARN] [1784051026.082025741] [cmd_vel_chassis_serial]: Drop leg debug: len=80 expected=84
[cmd_vel_chassis_serial.py-1] [WARN] [1784051026.225260802] [cmd_vel_chassis_serial]: Drop leg debug: len=80 expected=84
[cmd_vel_chassis_serial.py-1] [ERROR] [1784051026.306165601] [cmd_vel_chassis_serial]: Serial write failed: Write timeout
[cmd_vel_chassis_serial.py-1] [WARN] [1784051026.319094627] [cmd_vel_chassis_serial]: Drop leg debug: len=80 expected=84
[cmd_vel_chassis_serial.py-1] [WARN] [1784051026.386823227] [cmd_vel_chassis_serial]: Drop leg debug: len=80 expected=84
[cmd_vel_chassis_serial.py-1] [WARN] [1784051026.478581610] [cmd_vel_chassis_serial]: Drop leg debug: len=80 expected=84
[cmd_vel_chassis_serial.py-1] [ERROR] [1784051026.497671255] [cmd_vel_chassis_serial]: Serial write failed: Write timeout
[cmd_vel_chassis_serial.py-1] [WARN] [1784051026.559239033] [cmd_vel_chassis_serial]: Drop leg debug: len=80 expected=84
[cmd_vel_chassis_serial.py-1] [WARN] [1784051026.638446988] [cmd_vel_chassis_serial]: Drop leg debug: len=80 expected=84
[cmd_vel_chassis_serial.py-1] [INFO] [1784051026.656106827] [cmd_vel_chassis_serial]: send source=stop vx=0.000 wz=0.000
[cmd_vel_chassis_serial.py-1] [WARN] [1784051026.660573408] [cmd_vel_chassis_serial]: Drop leg debug: len=80 expected=84
[cmd_vel_chassis_serial.py-1] [WARN] [1784051026.676749805] [cmd_vel_chassis_serial]: Drop leg debug: len=80 expected=84
[cmd_vel_chassis_serial.py-1] [WARN] [1784051026.685322973] [cmd_vel_chassis_serial]: Drop leg debug: len=80 expected=84
[cmd_vel_chassis_serial.py-1] [WARN] [1784051026.707086858] [cmd_vel_chassis_serial]: Drop leg debug: len=80 expected=84
[cmd_vel_chassis_serial.py-1] [WARN] [1784051026.732592542] [cmd_vel_chassis_serial]: Drop leg debug: len=80 expected=84
[cmd_vel_chassis_serial.py-1] [WARN] [1784051026.747107557] [cmd_vel_chassis_serial]: Drop leg debug: len=80 expected=84
[cmd_vel_chassis_serial.py-1] [WARN] [1784051026.770537655] [cmd_vel_chassis_serial]: Drop leg debug: len=80 expected=84
[cmd_vel_chassis_serial.py-1] [WARN] [1784051026.861689688] [cmd_vel_chassis_serial]: Drop leg debug: len=80 expected=84
[cmd_vel_chassis_serial.py-1] [WARN] [1784051026.887256800] [cmd_vel_chassis_serial]: Drop leg debug: len=80 expected=84
[cmd_vel_chassis_serial.py-1] [WARN] [1784051026.953228628] [cmd_vel_chassis_serial]: Drop leg debug: len=80 expected=84
[cmd_vel_chassis_serial.py-1] [WARN] [1784051027.041923571] [cmd_vel_chassis_serial]: Drop leg debug: len=80 expected=84
[cmd_vel_chassis_serial.py-1] [WARN] [1784051027.070929342] [cmd_vel_chassis_serial]: Drop leg debug: len=80 expected=84
[cmd_vel_chassis_serial.py-1] [WARN] [1784051027.104726468] [cmd_vel_chassis_serial]: Drop leg debug: len=80 expected=84
[cmd_vel_chassis_serial.py-1] [WARN] [1784051027.129881156] [cmd_vel_chassis_serial]: Drop leg debug: len=80 expected=84
[cmd_vel_chassis_serial.py-1] [WARN] [1784051027.153542519] [cmd_vel_chassis_serial]: Drop leg debug: len=80 expected=84
[cmd_vel_chassis_serial.py-1] [WARN] [1784051027.207592144] [cmd_vel_chassis_serial]: Drop leg debug: len=80 expected=84
[cmd_vel_chassis_serial.py-1] [WARN] [1784051027.226331430] [cmd_vel_chassis_serial]: Drop leg debug: len=80 expected=84
[cmd_vel_chassis_serial.py-1] [WARN] [1784051027.257024597] [cmd_vel_chassis_serial]: Drop leg debug: len=80 expected=84
[cmd_vel_chassis_serial.py-1] [WARN] [1784051027.296338334] [cmd_vel_chassis_serial]: Drop leg debug: len=80 expected=84
[cmd_vel_chassis_serial.py-1] [WARN] [1784051027.318326471] [cmd_vel_chassis_serial]: Drop leg debug: len=80 expected=84
[cmd_vel_chassis_serial.py-1] [WARN] [1784051027.347439396] [cmd_vel_chassis_serial]: Drop leg debug: len=80 expected=84
[cmd_vel_chassis_serial.py-1] [WARN] [1784051027.352226494] [cmd_vel_chassis_serial]: Drop leg debug: len=80 expected=84
[cmd_vel_chassis_serial.py-1] [WARN] [1784051027.370141629] [cmd_vel_chassis_serial]: Drop leg debug: len=80 expected=84
[cmd_vel_chassis_serial.py-1] [WARN] [1784051027.381044753] [cmd_vel_chassis_serial]: Drop leg debug: len=80 expected=84
[cmd_vel_chassis_serial.py-1] [WARN] [1784051027.397257063] [cmd_vel_chassis_serial]: Drop leg debug: len=80 expected=84
[cmd_vel_chassis_serial.py-1] [ERROR] [1784051027.409976783] [cmd_vel_chassis_serial]: Serial write failed: Write timeout
[cmd_vel_chassis_serial.py-1] [WARN] [1784051027.420708999] [cmd_vel_chassis_serial]: Drop leg debug: len=80 expected=84
[cmd_vel_chassis_serial.py-1] [WARN] [1784051027.424516216] [cmd_vel_chassis_serial]: Drop leg debug: len=80 expected=84
[cmd_vel_chassis_serial.py-1] [WARN] [1784051027.474965810] [cmd_vel_chassis_serial]: Drop leg debug: len=80 expected=84
[cmd_vel_chassis_serial.py-1] [WARN] [1784051027.481041374] [cmd_vel_chassis_serial]: Drop leg debug: len=80 expected=84
[cmd_vel_chassis_serial.py-1] [WARN] [1784051027.517279349] [cmd_vel_chassis_serial]: Drop leg debug: len=80 expected=84
[cmd_vel_chassis_serial.py-1] [WARN] [1784051027.544947490] [cmd_vel_chassis_serial]: Drop leg debug: len=80 expected=84
[cmd_vel_chassis_serial.py-1] [WARN] [1784051027.552952750] [cmd_vel_chassis_serial]: Drop leg debug: len=80 expected=84
[cmd_vel_chassis_serial.py-1] [WARN] [1784051027.578184416] [cmd_vel_chassis_serial]: Drop leg debug: len=80 expected=84
[cmd_vel_chassis_serial.py-1] [WARN] [1784051027.673718216] [cmd_vel_chassis_serial]: Drop leg debug: len=80 expected=84
[cmd_vel_chassis_serial.py-1] [WARN] [1784051027.699884399] [cmd_vel_chassis_serial]: Drop leg debug: len=80 expected=84
[cmd_vel_chassis_serial.py-1] [WARN] [1784051027.722291835] [cmd_vel_chassis_serial]: Drop leg debug: len=80 expected=84
[cmd_vel_chassis_serial.py-1] [WARN] [1784051027.743585837] [cmd_vel_chassis_serial]: Drop leg debug: len=80 expected=84
[cmd_vel_chassis_serial.py-1] [WARN] [1784051027.754642522] [cmd_vel_chassis_serial]: Drop leg debug: len=80 expected=84
[cmd_vel_chassis_serial.py-1] [WARN] [1784051027.772041216] [cmd_vel_chassis_serial]: Drop leg debug: len=80 expected=84
[cmd_vel_chassis_serial.py-1] [WARN] [1784051027.862180435] [cmd_vel_chassis_serial]: Drop leg debug: len=80 expected=84
[cmd_vel_chassis_serial.py-1] [WARN] [1784051027.883712721] [cmd_vel_chassis_serial]: Drop leg debug: len=80 expected=84
[cmd_vel_chassis_serial.py-1] [WARN] [1784051027.914205859] [cmd_vel_chassis_serial]: Drop leg debug: len=80 expected=84
[cmd_vel_chassis_serial.py-1] [WARN] [1784051027.919676915] [cmd_vel_chassis_serial]: Drop leg debug: len=80 expected=84
[cmd_vel_chassis_serial.py-1] [WARN] [1784051027.941612902] [cmd_vel_chassis_serial]: Drop leg debug: len=80 expected=84
[cmd_vel_chassis_serial.py-1] [WARN] [1784051027.956781300] [cmd_vel_chassis_serial]: Drop leg debug: len=80 expected=84
[cmd_vel_chassis_serial.py-1] [WARN] [1784051028.065546089] [cmd_vel_chassis_serial]: Drop leg debug: len=80 expected=84
[cmd_vel_chassis_serial.py-1] [WARN] [1784051028.105074110] [cmd_vel_chassis_serial]: Drop leg debug: len=80 expected=84
[cmd_vel_chassis_serial.py-1] [WARN] [1784051028.122552436] [cmd_vel_chassis_serial]: Drop leg debug: len=80 expected=84
[cmd_vel_chassis_serial.py-1] [WARN] [1784051028.146547704] [cmd_vel_chassis_serial]: Drop leg debug: len=80 expected=84
[cmd_vel_chassis_serial.py-1] [WARN] [1784051028.182842178] [cmd_vel_chassis_serial]: Drop leg debug: len=80 expected=84
[cmd_vel_chassis_serial.py-1] [WARN] [1784051028.242745172] [cmd_vel_chassis_serial]: Drop leg debug: len=80 expected=84
[cmd_vel_chassis_serial.py-1] [WARN] [1784051028.300548093] [cmd_vel_chassis_serial]: Drop leg debug: len=80 expected=84
[cmd_vel_chassis_serial.py-1] [WARN] [1784051028.325536529] [cmd_vel_chassis_serial]: Drop leg debug: len=80 expected=84
[cmd_vel_chassis_serial.py-1] [WARN] [1784051028.365942924] [cmd_vel_chassis_serial]: Drop leg debug: len=80 expected=84
[cmd_vel_chassis_serial.py-1] [WARN] [1784051028.381874593] [cmd_vel_chassis_serial]: Drop leg debug: len=80 expected=84
[cmd_vel_chassis_serial.py-1] [WARN] [1784051028.402795826] [cmd_vel_chassis_serial]: Drop leg debug: len=80 expected=84
[cmd_vel_chassis_serial.py-1] [WARN] [1784051028.430225908] [cmd_vel_chassis_serial]: Drop leg debug: len=80 expected=84
[cmd_vel_chassis_serial.py-1] [WARN] [1784051028.465192379] [cmd_vel_chassis_serial]: Drop leg debug: len=80 expected=84
[cmd_vel_chassis_serial.py-1] [WARN] [1784051028.479886177] [cmd_vel_chassis_serial]: Drop leg debug: len=80 expected=84
[cmd_vel_chassis_serial.py-1] [WARN] [1784051028.529905632] [cmd_vel_chassis_serial]: Drop leg debug: len=80 expected=84
[cmd_vel_chassis_serial.py-1] [WARN] [1784051028.548762111] [cmd_vel_chassis_serial]: Drop leg debug: len=80 expected=84
[cmd_vel_chassis_serial.py-1] [WARN] [1784051028.568253435] [cmd_vel_chassis_serial]: Drop leg debug: len=80 expected=84
[cmd_vel_chassis_serial.py-1] [WARN] [1784051028.590380038] [cmd_vel_chassis_serial]: Drop leg debug: len=80 expected=84
[cmd_vel_chassis_serial.py-1] [WARN] [1784051028.673934940] [cmd_vel_chassis_serial]: Drop leg debug: len=80 expected=84
[cmd_vel_chassis_serial.py-1] [WARN] [1784051028.716589661] [cmd_vel_chassis_serial]: Drop leg debug: len=80 expected=84
[cmd_vel_chassis_serial.py-1] [WARN] [1784051028.774763937] [cmd_vel_chassis_serial]: Drop leg debug: len=80 expected=84
[cmd_vel_chassis_serial.py-1] [WARN] [1784051028.780260604] [cmd_vel_chassis_serial]: Drop leg debug: len=80 expected=84
[cmd_vel_chassis_serial.py-1] [WARN] [1784051028.784840833] [cmd_vel_chassis_serial]: Drop leg debug: len=80 expected=84
[cmd_vel_chassis_serial.py-1] [WARN] [1784051028.818651280] [cmd_vel_chassis_serial]: Drop leg debug: len=80 expected=84
[cmd_vel_chassis_serial.py-1] [WARN] [1784051028.885779828] [cmd_vel_chassis_serial]: Drop leg debug: len=80 expected=84
[cmd_vel_chassis_serial.py-1] [ERROR] [1784051028.925142750] [cmd_vel_chassis_serial]: Serial write failed: Write timeout
[cmd_vel_chassis_serial.py-1] [WARN] [1784051028.936160182] [cmd_vel_chassis_serial]: Drop leg debug: len=80 expected=84
[cmd_vel_chassis_serial.py-1] [WARN] [1784051028.971896217] [cmd_vel_chassis_serial]: Drop leg debug: len=80 expected=84
[cmd_vel_chassis_serial.py-1] [WARN] [1784051028.999970867] [cmd_vel_chassis_serial]: Drop leg debug: len=80 expected=84
[cmd_vel_chassis_serial.py-1] [WARN] [1784051029.020535958] [cmd_vel_chassis_serial]: Drop leg debug: len=80 expected=84
[cmd_vel_chassis_serial.py-1] [WARN] [1784051029.051018849] [cmd_vel_chassis_serial]: Drop leg debug: len=80 expected=84
[cmd_vel_chassis_serial.py-1] [ERROR] [1784051029.081595974] [cmd_vel_chassis_serial]: Serial write failed: Write timeout
[cmd_vel_chassis_serial.py-1] [WARN] [1784051029.094721400] [cmd_vel_chassis_serial]: Drop leg debug: len=80 expected=84
[cmd_vel_chassis_serial.py-1] [WARN] [1784051029.153794993] [cmd_vel_chassis_serial]: Drop leg debug: len=80 expected=84
[cmd_vel_chassis_serial.py-1] [WARN] [1784051029.169330754] [cmd_vel_chassis_serial]: Drop leg debug: len=80 expected=84
[cmd_vel_chassis_serial.py-1] [WARN] [1784051029.216538946] [cmd_vel_chassis_serial]: Drop leg debug: len=80 expected=84
[cmd_vel_chassis_serial.py-1] [WARN] [1784051029.235094919] [cmd_vel_chassis_serial]: Drop leg debug: len=80 expected=84
[cmd_vel_chassis_serial.py-1] [WARN] [1784051029.258174675] [cmd_vel_chassis_serial]: Drop leg debug: len=80 expected=84
[cmd_vel_chassis_serial.py-1] [WARN] [1784051029.274144551] [cmd_vel_chassis_serial]: Drop leg debug: len=80 expected=84
[cmd_vel_chassis_serial.py-1] [WARN] [1784051029.306855087] [cmd_vel_chassis_serial]: Drop leg debug: len=80 expected=84
[cmd_vel_chassis_serial.py-1] [WARN] [1784051029.333307176] [cmd_vel_chassis_serial]: Drop leg debug: len=80 expected=84
[cmd_vel_chassis_serial.py-1] [WARN] [1784051029.367695414] [cmd_vel_chassis_serial]: Drop leg debug: len=80 expected=84
[cmd_vel_chassis_serial.py-1] [WARN] [1784051029.389760384] [cmd_vel_chassis_serial]: Drop leg debug: len=80 expected=84
[cmd_vel_chassis_serial.py-1] [WARN] [1784051029.435066005] [cmd_vel_chassis_serial]: Drop leg debug: len=80 expected=84
[cmd_vel_chassis_serial.py-1] [WARN] [1784051029.466098263] [cmd_vel_chassis_serial]: Drop leg debug: len=80 expected=84
[cmd_vel_chassis_serial.py-1] [WARN] [1784051029.510716114] [cmd_vel_chassis_serial]: Drop leg debug: len=80 expected=84
[cmd_vel_chassis_serial.py-1] [WARN] [1784051029.543238960] [cmd_vel_chassis_serial]: Drop leg debug: len=80 expected=84
[cmd_vel_chassis_serial.py-1] [WARN] [1784051029.568849410] [cmd_vel_chassis_serial]: Drop leg debug: len=80 expected=84
[cmd_vel_chassis_serial.py-1] [ERROR] [1784051029.571869107] [cmd_vel_chassis_serial]: Serial write failed: Write timeout
[cmd_vel_chassis_serial.py-1] [WARN] [1784051029.639195853] [cmd_vel_chassis_serial]: Drop leg debug: len=80 expected=84
[cmd_vel_chassis_serial.py-1] [WARN] [1784051029.654936881] [cmd_vel_chassis_serial]: Drop leg debug: len=80 expected=84
[cmd_vel_chassis_serial.py-1] [WARN] [1784051029.734239474] [cmd_vel_chassis_serial]: Drop leg debug: len=80 expected=84
[cmd_vel_chassis_serial.py-1] [WARN] [1784051029.767575112] [cmd_vel_chassis_serial]: Drop leg debug: len=80 expected=84
[cmd_vel_chassis_serial.py-1] [ERROR] [1784051029.775024740] [cmd_vel_chassis_serial]: Serial write failed: Write timeout
[cmd_vel_chassis_serial.py-1] [WARN] [1784051029.827212003] [cmd_vel_chassis_serial]: Drop leg debug: len=80 expected=84
[cmd_vel_chassis_serial.py-1] [WARN] [1784051029.870944611] [cmd_vel_chassis_serial]: Drop leg debug: len=80 expected=84
[cmd_vel_chassis_serial.py-1] [WARN] [1784051029.878192283] [cmd_vel_chassis_serial]: Drop leg debug: len=80 expected=84
[cmd_vel_chassis_serial.py-1] [WARN] [1784051029.881676379] [cmd_vel_chassis_serial]: Drop leg debug: len=80 expected=84
[cmd_vel_chassis_serial.py-1] [WARN] [1784051029.886038680] [cmd_vel_chassis_serial]: Drop leg debug: len=80 expected=84
[cmd_vel_chassis_serial.py-1] [WARN] [1784051029.889765569] [cmd_vel_chassis_serial]: Drop leg debug: len=80 expected=84
[cmd_vel_chassis_serial.py-1] [WARN] [1784051029.895789351] [cmd_vel_chassis_serial]: Drop leg debug: len=80 expected=84
[cmd_vel_chassis_serial.py-1] [WARN] [1784051029.900097977] [cmd_vel_chassis_serial]: Drop leg debug: len=80 expected=84
[cmd_vel_chassis_serial.py-1] [WARN] [1784051029.919783856] [cmd_vel_chassis_serial]: Drop leg debug: len=80 expected=84
[cmd_vel_chassis_serial.py-1] [WARN] [1784051029.924845568] [cmd_vel_chassis_serial]: Drop leg debug: len=80 expected=84
[cmd_vel_chassis_serial.py-1] [WARN] [1784051030.036812155] [cmd_vel_chassis_serial]: Drop leg debug: len=80 expected=84
[cmd_vel_chassis_serial.py-1] [WARN] [1784051030.072701529] [cmd_vel_chassis_serial]: Drop leg debug: len=80 expected=84
[cmd_vel_chassis_serial.py-1] [WARN] [1784051030.093710751] [cmd_vel_chassis_serial]: Drop leg debug: len=80 expected=84
[cmd_vel_chassis_serial.py-1] [WARN] [1784051030.128448730] [cmd_vel_chassis_serial]: Drop leg debug: len=80 expected=84
[cmd_vel_chassis_serial.py-1] [WARN] [1784051030.177303971] [cmd_vel_chassis_serial]: Drop leg debug: len=80 expected=84
[cmd_vel_chassis_serial.py-1] [WARN] [1784051030.187133120] [cmd_vel_chassis_serial]: Drop leg debug: len=80 expected=84
[cmd_vel_chassis_serial.py-1] [WARN] [1784051030.258278214] [cmd_vel_chassis_serial]: Drop leg debug: len=80 expected=84
[cmd_vel_chassis_serial.py-1] [WARN] [1784051030.343592508] [cmd_vel_chassis_serial]: Drop leg debug: len=80 expected=84
[cmd_vel_chassis_serial.py-1] [WARN] [1784051030.386884330] [cmd_vel_chassis_serial]: Drop leg debug: len=80 expected=84
[cmd_vel_chassis_serial.py-1] [WARN] [1784051030.417058485] [cmd_vel_chassis_serial]: Drop leg debug: len=80 expected=84
[cmd_vel_chassis_serial.py-1] [WARN] [1784051030.476640898] [cmd_vel_chassis_serial]: Drop leg debug: len=80 expected=84
[cmd_vel_chassis_serial.py-1] [WARN] [1784051030.514266693] [cmd_vel_chassis_serial]: Drop leg debug: len=80 expected=84
[cmd_vel_chassis_serial.py-1] [WARN] [1784051030.572317956] [cmd_vel_chassis_serial]: Drop leg debug: len=80 expected=84
[cmd_vel_chassis_serial.py-1] [WARN] [1784051030.640166645] [cmd_vel_chassis_serial]: Drop leg debug: len=80 expected=84
[cmd_vel_chassis_serial.py-1] [WARN] [1784051030.711219647] [cmd_vel_chassis_serial]: Drop leg debug: len=80 expected=84
[cmd_vel_chassis_serial.py-1] [ERROR] [1784051030.779640796] [cmd_vel_chassis_serial]: Serial write failed: Write timeout
[cmd_vel_chassis_serial.py-1] [WARN] [1784051030.789642929] [cmd_vel_chassis_serial]: Drop leg debug: len=80 expected=84
[cmd_vel_chassis_serial.py-1] [WARN] [1784051030.864333197] [cmd_vel_chassis_serial]: Drop leg debug: len=80 expected=84
[cmd_vel_chassis_serial.py-1] [WARN] [1784051030.906727188] [cmd_vel_chassis_serial]: Drop leg debug: len=80 expected=84
[cmd_vel_chassis_serial.py-1] [WARN] [1784051030.960324715] [cmd_vel_chassis_serial]: Drop leg debug: len=80 expected=84
[cmd_vel_chassis_serial.py-1] [WARN] [1784051030.988928875] [cmd_vel_chassis_serial]: Drop leg debug: len=80 expected=84
[cmd_vel_chassis_serial.py-1] [WARN] [1784051031.022738496] [cmd_vel_chassis_serial]: Drop leg debug: len=80 expected=84
[cmd_vel_chassis_serial.py-1] [WARN] [1784051031.049028713] [cmd_vel_chassis_serial]: Drop leg debug: len=80 expected=84
[cmd_vel_chassis_serial.py-1] [WARN] [1784051031.064997828] [cmd_vel_chassis_serial]: Drop leg debug: len=80 expected=84
[cmd_vel_chassis_serial.py-1] [WARN] [1784051031.087527075] [cmd_vel_chassis_serial]: Drop leg debug: len=80 expected=84
[cmd_vel_chassis_serial.py-1] [WARN] [1784051031.115114092] [cmd_vel_chassis_serial]: Drop leg debug: len=80 expected=84
[cmd_vel_chassis_serial.py-1] [WARN] [1784051031.151244034] [cmd_vel_chassis_serial]: Drop leg debug: len=80 expected=84
[cmd_vel_chassis_serial.py-1] [WARN] [1784051031.180525107] [cmd_vel_chassis_serial]: Drop leg debug: len=80 expected=84
[cmd_vel_chassis_serial.py-1] [WARN] [1784051031.202923211] [cmd_vel_chassis_serial]: Drop leg debug: len=80 expected=84
[cmd_vel_chassis_serial.py-1] [WARN] [1784051031.244682198] [cmd_vel_chassis_serial]: Drop leg debug: len=80 expected=84
[cmd_vel_chassis_serial.py-1] [WARN] [1784051031.259763040] [cmd_vel_chassis_serial]: Drop leg debug: len=80 expected=84
[cmd_vel_chassis_serial.py-1] [WARN] [1784051031.284403407] [cmd_vel_chassis_serial]: Drop leg debug: len=80 expected=84
[cmd_vel_chassis_serial.py-1] [WARN] [1784051031.317635618] [cmd_vel_chassis_serial]: Drop leg debug: len=80 expected=84
[cmd_vel_chassis_serial.py-1] [WARN] [1784051031.332328436] [cmd_vel_chassis_serial]: Drop leg debug: len=80 expected=84
[cmd_vel_chassis_serial.py-1] [WARN] [1784051031.346063812] [cmd_vel_chassis_serial]: Drop leg debug: len=80 expected=84
[cmd_vel_chassis_serial.py-1] [WARN] [1784051031.370813897] [cmd_vel_chassis_serial]: Drop leg debug: len=80 expected=84
[cmd_vel_chassis_serial.py-1] [WARN] [1784051031.378926247] [cmd_vel_chassis_serial]: Drop leg debug: len=80 expected=84
[cmd_vel_chassis_serial.py-1] [WARN] [1784051031.402780339] [cmd_vel_chassis_serial]: Drop leg debug: len=80 expected=84
[cmd_vel_chassis_serial.py-1] [WARN] [1784051031.435180917] [cmd_vel_chassis_serial]: Drop leg debug: len=80 expected=84
[cmd_vel_chassis_serial.py-1] [WARN] [1784051031.444129792] [cmd_vel_chassis_serial]: Drop leg debug: len=80 expected=84
[cmd_vel_chassis_serial.py-1] [WARN] [1784051031.453168290] [cmd_vel_chassis_serial]: Drop leg debug: len=80 expected=84
[cmd_vel_chassis_serial.py-1] [WARN] [1784051031.458593845] [cmd_vel_chassis_serial]: Drop leg debug: len=80 expected=84
[cmd_vel_chassis_serial.py-1] [WARN] [1784051031.461898484] [cmd_vel_chassis_serial]: Drop leg debug: len=80 expected=84
[cmd_vel_chassis_serial.py-1] [WARN] [1784051031.480559838] [cmd_vel_chassis_serial]: Drop leg debug: len=80 expected=84
[cmd_vel_chassis_serial.py-1] [WARN] [1784051031.493601559] [cmd_vel_chassis_serial]: Drop leg debug: len=80 expected=84
[cmd_vel_chassis_serial.py-1] [WARN] [1784051031.500232359] [cmd_vel_chassis_serial]: Drop leg debug: len=80 expected=84
[cmd_vel_chassis_serial.py-1] [WARN] [1784051031.524856540] [cmd_vel_chassis_serial]: Drop leg debug: len=80 expected=84
[cmd_vel_chassis_serial.py-1] [WARN] [1784051031.531256814] [cmd_vel_chassis_serial]: Drop leg debug: len=80 expected=84
[cmd_vel_chassis_serial.py-1] [WARN] [1784051031.537064781] [cmd_vel_chassis_serial]: Drop leg debug: len=80 expected=84
[cmd_vel_chassis_serial.py-1] [WARN] [1784051031.595910892] [cmd_vel_chassis_serial]: Drop leg debug: len=80 expected=84
[cmd_vel_chassis_serial.py-1] [WARN] [1784051031.624936139] [cmd_vel_chassis_serial]: Drop leg debug: len=80 expected=84
[cmd_vel_chassis_serial.py-1] [WARN] [1784051031.635181718] [cmd_vel_chassis_serial]: Drop leg debug: len=80 expected=84
[cmd_vel_chassis_serial.py-1] [WARN] [1784051031.642224582] [cmd_vel_chassis_serial]: Drop leg debug: len=80 expected=84
[cmd_vel_chassis_serial.py-1] [WARN] [1784051031.661740937] [cmd_vel_chassis_serial]: Drop leg debug: len=80 expected=84
[cmd_vel_chassis_serial.py-1] [WARN] [1784051031.683862365] [cmd_vel_chassis_serial]: Drop leg debug: len=80 expected=84
[cmd_vel_chassis_serial.py-1] [WARN] [1784051031.781771555] [cmd_vel_chassis_serial]: Drop leg debug: len=80 expected=84
[cmd_vel_chassis_serial.py-1] [WARN] [1784051031.798297893] [cmd_vel_chassis_serial]: Drop leg debug: len=80 expected=84
[cmd_vel_chassis_serial.py-1] [WARN] [1784051031.817883057] [cmd_vel_chassis_serial]: Drop leg debug: len=80 expected=84
[cmd_vel_chassis_serial.py-1] [WARN] [1784051031.832329857] [cmd_vel_chassis_serial]: Drop leg debug: len=80 expected=84
[cmd_vel_chassis_serial.py-1] [WARN] [1784051031.853450057] [cmd_vel_chassis_serial]: Drop leg debug: len=80 expected=84
[cmd_vel_chassis_serial.py-1] [WARN] [1784051031.873223688] [cmd_vel_chassis_serial]: Drop leg debug: len=80 expected=84
[cmd_vel_chassis_serial.py-1] [WARN] [1784051031.974858430] [cmd_vel_chassis_serial]: Drop leg debug: len=80 expected=84
[cmd_vel_chassis_serial.py-1] [WARN] [1784051031.988840399] [cmd_vel_chassis_serial]: Drop leg debug: len=80 expected=84
[cmd_vel_chassis_serial.py-1] [WARN] [1784051032.029176625] [cmd_vel_chassis_serial]: Drop leg debug: len=80 expected=84
[cmd_vel_chassis_serial.py-1] [WARN] [1784051032.038749986] [cmd_vel_chassis_serial]: Drop leg debug: len=80 expected=84
[cmd_vel_chassis_serial.py-1] [WARN] [1784051032.051536965] [cmd_vel_chassis_serial]: Drop leg debug: len=80 expected=84
[cmd_vel_chassis_serial.py-1] [WARN] [1784051032.065746850] [cmd_vel_chassis_serial]: Drop leg debug: len=80 expected=84
[cmd_vel_chassis_serial.py-1] [WARN] [1784051032.164728264] [cmd_vel_chassis_serial]: Drop leg debug: len=80 expected=84
[cmd_vel_chassis_serial.py-1] [WARN] [1784051032.175948589] [cmd_vel_chassis_serial]: Drop leg debug: len=80 expected=84
[cmd_vel_chassis_serial.py-1] [WARN] [1784051032.244741715] [cmd_vel_chassis_serial]: Drop leg debug: len=80 expected=84
[cmd_vel_chassis_serial.py-1] [WARN] [1784051032.316230741] [cmd_vel_chassis_serial]: Drop leg debug: len=80 expected=84
[cmd_vel_chassis_serial.py-1] [WARN] [1784051032.386790251] [cmd_vel_chassis_serial]: Drop leg debug: len=80 expected=84
[cmd_vel_chassis_serial.py-1] [WARN] [1784051032.415472075] [cmd_vel_chassis_serial]: Drop leg debug: len=80 expected=84
[cmd_vel_chassis_serial.py-1] [WARN] [1784051032.427892327] [cmd_vel_chassis_serial]: Drop leg debug: len=80 expected=84
[cmd_vel_chassis_serial.py-1] [WARN] [1784051032.442165483] [cmd_vel_chassis_serial]: Drop leg debug: len=80 expected=84
[cmd_vel_chassis_serial.py-1] [WARN] [1784051032.454010716] [cmd_vel_chassis_serial]: Drop leg debug: len=80 expected=84
[cmd_vel_chassis_serial.py-1] [WARN] [1784051032.467379104] [cmd_vel_chassis_serial]: Drop leg debug: len=80 expected=84
[cmd_vel_chassis_serial.py-1] [WARN] [1784051032.483141879] [cmd_vel_chassis_serial]: Drop leg debug: len=80 expected=84
[cmd_vel_chassis_serial.py-1] [WARN] [1784051032.487066026] [cmd_vel_chassis_serial]: Drop leg debug: len=80 expected=84
[cmd_vel_chassis_serial.py-1] [WARN] [1784051032.567072282] [cmd_vel_chassis_serial]: Drop leg debug: len=80 expected=84
[cmd_vel_chassis_serial.py-1] [WARN] [1784051032.584507475] [cmd_vel_chassis_serial]: Drop leg debug: len=80 expected=84
[cmd_vel_chassis_serial.py-1] [WARN] [1784051032.601587067] [cmd_vel_chassis_serial]: Drop leg debug: len=80 expected=84
[cmd_vel_chassis_serial.py-1] [WARN] [1784051032.621153765] [cmd_vel_chassis_serial]: Drop leg debug: len=80 expected=84
[cmd_vel_chassis_serial.py-1] [WARN] [1784051032.632591805] [cmd_vel_chassis_serial]: Drop leg debug: len=80 expected=84
[cmd_vel_chassis_serial.py-1] [WARN] [1784051032.657039227] [cmd_vel_chassis_serial]: Drop leg debug: len=80 expected=84
[cmd_vel_chassis_serial.py-1] [WARN] [1784051032.758848323] [cmd_vel_chassis_serial]: Drop leg debug: len=80 expected=84
[cmd_vel_chassis_serial.py-1] [WARN] [1784051032.795855045] [cmd_vel_chassis_serial]: Drop leg debug: len=80 expected=84
[cmd_vel_chassis_serial.py-1] [WARN] [1784051032.800731921] [cmd_vel_chassis_serial]: Drop leg debug: len=80 expected=84
[cmd_vel_chassis_serial.py-1] [WARN] [1784051032.825098111] [cmd_vel_chassis_serial]: Drop leg debug: len=80 expected=84
[cmd_vel_chassis_serial.py-1] [WARN] [1784051032.845237405] [cmd_vel_chassis_serial]: Drop leg debug: len=80 expected=84
[cmd_vel_chassis_serial.py-1] [WARN] [1784051032.854556721] [cmd_vel_chassis_serial]: Drop leg debug: len=80 expected=84
[cmd_vel_chassis_serial.py-1] [WARN] [1784051032.955043772] [cmd_vel_chassis_serial]: Drop leg debug: len=80 expected=84
[cmd_vel_chassis_serial.py-1] [WARN] [1784051032.980119520] [cmd_vel_chassis_serial]: Drop leg debug: len=80 expected=84
[cmd_vel_chassis_serial.py-1] [WARN] [1784051033.009582468] [cmd_vel_chassis_serial]: Drop leg debug: len=80 expected=84
[cmd_vel_chassis_serial.py-1] [WARN] [1784051033.040470367] [cmd_vel_chassis_serial]: Drop leg debug: len=80 expected=84
[cmd_vel_chassis_serial.py-1] [WARN] [1784051033.044232088] [cmd_vel_chassis_serial]: Drop leg debug: len=80 expected=84
[cmd_vel_chassis_serial.py-1] [WARN] [1784051033.063140177] [cmd_vel_chassis_serial]: Drop leg debug: len=80 expected=84
[cmd_vel_chassis_serial.py-1] [WARN] [1784051033.156926419] [cmd_vel_chassis_serial]: Drop leg debug: len=80 expected=84
[cmd_vel_chassis_serial.py-1] [WARN] [1784051033.179551733] [cmd_vel_chassis_serial]: Drop leg debug: len=80 expected=84
[cmd_vel_chassis_serial.py-1] [WARN] [1784051033.209417721] [cmd_vel_chassis_serial]: Drop leg debug: len=80 expected=84
[cmd_vel_chassis_serial.py-1] [WARN] [1784051033.216942062] [cmd_vel_chassis_serial]: Drop leg debug: len=80 expected=84
[cmd_vel_chassis_serial.py-1] [WARN] [1784051033.245493325] [cmd_vel_chassis_serial]: Drop leg debug: len=80 expected=84
[cmd_vel_chassis_serial.py-1] [WARN] [1784051033.264756375] [cmd_vel_chassis_serial]: Drop leg debug: len=80 expected=84
[cmd_vel_chassis_serial.py-1] [WARN] [1784051033.374448463] [cmd_vel_chassis_serial]: Drop leg debug: len=80 expected=84
[cmd_vel_chassis_serial.py-1] [WARN] [1784051033.384665637] [cmd_vel_chassis_serial]: Drop leg debug: len=80 expected=84
[cmd_vel_chassis_serial.py-1] [WARN] [1784051033.424329126] [cmd_vel_chassis_serial]: Drop leg debug: len=80 expected=84
[cmd_vel_chassis_serial.py-1] [WARN] [1784051033.448284814] [cmd_vel_chassis_serial]: Drop leg debug: len=80 expected=84
[cmd_vel_chassis_serial.py-1] [WARN] [1784051033.472109818] [cmd_vel_chassis_serial]: Drop leg debug: len=80 expected=84
[cmd_vel_chassis_serial.py-1] [WARN] [1784051033.490374975] [cmd_vel_chassis_serial]: Drop leg debug: len=80 expected=84
[cmd_vel_chassis_serial.py-1] [WARN] [1784051033.557042449] [cmd_vel_chassis_serial]: Drop leg debug: len=80 expected=84
[cmd_vel_chassis_serial.py-1] [WARN] [1784051033.582638603] [cmd_vel_chassis_serial]: Drop leg debug: len=80 expected=84
[cmd_vel_chassis_serial.py-1] [WARN] [1784051033.598382963] [cmd_vel_chassis_serial]: Drop leg debug: len=80 expected=84
[cmd_vel_chassis_serial.py-1] [WARN] [1784051033.603155480] [cmd_vel_chassis_serial]: Drop leg debug: len=80 expected=84
[cmd_vel_chassis_serial.py-1] [WARN] [1784051033.635983531] [cmd_vel_chassis_serial]: Drop leg debug: len=80 expected=84
[cmd_vel_chassis_serial.py-1] [WARN] [1784051033.644724865] [cmd_vel_chassis_serial]: Drop leg debug: len=80 expected=84
[cmd_vel_chassis_serial.py-1] [WARN] [1784051033.736065887] [cmd_vel_chassis_serial]: Drop leg debug: len=80 expected=84
[cmd_vel_chassis_serial.py-1] [WARN] [1784051033.760115542] [cmd_vel_chassis_serial]: Drop leg debug: len=80 expected=84
[cmd_vel_chassis_serial.py-1] [WARN] [1784051033.784041829] [cmd_vel_chassis_serial]: Drop leg debug: len=80 expected=84
[cmd_vel_chassis_serial.py-1] [WARN] [1784051033.805907760] [cmd_vel_chassis_serial]: Drop leg debug: len=80 expected=84
[cmd_vel_chassis_serial.py-1] [WARN] [1784051033.819916907] [cmd_vel_chassis_serial]: Drop leg debug: len=80 expected=84
[cmd_vel_chassis_serial.py-1] [WARN] [1784051033.844415539] [cmd_vel_chassis_serial]: Drop leg debug: len=80 expected=84
[cmd_vel_chassis_serial.py-1] [WARN] [1784051033.941428746] [cmd_vel_chassis_serial]: Drop leg debug: len=80 expected=84
[cmd_vel_chassis_serial.py-1] [WARN] [1784051033.973435617] [cmd_vel_chassis_serial]: Drop leg debug: len=80 expected=84
[cmd_vel_chassis_serial.py-1] [WARN] [1784051034.024522410] [cmd_vel_chassis_serial]: Drop leg debug: len=80 expected=84
[cmd_vel_chassis_serial.py-1] [WARN] [1784051034.044019718] [cmd_vel_chassis_serial]: Drop leg debug: len=80 expected=84
[cmd_vel_chassis_serial.py-1] [WARN] [1784051034.076443916] [cmd_vel_chassis_serial]: Drop leg debug: len=80 expected=84
[cmd_vel_chassis_serial.py-1] [WARN] [1784051034.085115888] [cmd_vel_chassis_serial]: Drop leg debug: len=80 expected=84
[cmd_vel_chassis_serial.py-1] [WARN] [1784051034.151672151] [cmd_vel_chassis_serial]: Drop leg debug: len=80 expected=84
[cmd_vel_chassis_serial.py-1] [WARN] [1784051034.172608245] [cmd_vel_chassis_serial]: Drop leg debug: len=80 expected=84
[cmd_vel_chassis_serial.py-1] [WARN] [1784051034.181959904] [cmd_vel_chassis_serial]: Drop leg debug: len=80 expected=84
[cmd_vel_chassis_serial.py-1] [WARN] [1784051034.205855609] [cmd_vel_chassis_serial]: Drop leg debug: len=80 expected=84
[cmd_vel_chassis_serial.py-1] [WARN] [1784051034.239541972] [cmd_vel_chassis_serial]: Drop leg debug: len=80 expected=84
[cmd_vel_chassis_serial.py-1] [WARN] [1784051034.247226807] [cmd_vel_chassis_serial]: Drop leg debug: len=80 expected=84
[cmd_vel_chassis_serial.py-1] [WARN] [1784051034.325951111] [cmd_vel_chassis_serial]: Drop leg debug: len=80 expected=84
[cmd_vel_chassis_serial.py-1] [WARN] [1784051034.370071006] [cmd_vel_chassis_serial]: Drop leg debug: len=80 expected=84
[cmd_vel_chassis_serial.py-1] [WARN] [1784051034.378573659] [cmd_vel_chassis_serial]: Drop leg debug: len=80 expected=84
[cmd_vel_chassis_serial.py-1] [WARN] [1784051034.407205333] [cmd_vel_chassis_serial]: Drop leg debug: len=80 expected=84
[cmd_vel_chassis_serial.py-1] [WARN] [1784051034.415931502] [cmd_vel_chassis_serial]: Drop leg debug: len=80 expected=84
[cmd_vel_chassis_serial.py-1] [WARN] [1784051034.445076264] [cmd_vel_chassis_serial]: Drop leg debug: len=80 expected=84
[cmd_vel_chassis_serial.py-1] [WARN] [1784051034.559268060] [cmd_vel_chassis_serial]: Drop leg debug: len=80 expected=84
[cmd_vel_chassis_serial.py-1] [WARN] [1784051034.578910539] [cmd_vel_chassis_serial]: Drop leg debug: len=80 expected=84
[cmd_vel_chassis_serial.py-1] [WARN] [1784051034.610295345] [cmd_vel_chassis_serial]: Drop leg debug: len=80 expected=84
[cmd_vel_chassis_serial.py-1] [WARN] [1784051034.629891792] [cmd_vel_chassis_serial]: Drop leg debug: len=80 expected=84
[cmd_vel_chassis_serial.py-1] [ERROR] [1784051034.682108399] [cmd_vel_chassis_serial]: Serial write failed: Write timeout
[cmd_vel_chassis_serial.py-1] [WARN] [1784051034.699924400] [cmd_vel_chassis_serial]: Drop leg debug: len=80 expected=84
[cmd_vel_chassis_serial.py-1] [WARN] [1784051034.769529544] [cmd_vel_chassis_serial]: Drop leg debug: len=80 expected=84
[cmd_vel_chassis_serial.py-1] [WARN] [1784051034.795251403] [cmd_vel_chassis_serial]: Drop leg debug: len=80 expected=84
[cmd_vel_chassis_serial.py-1] [WARN] [1784051034.799469785] [cmd_vel_chassis_serial]: Drop leg debug: len=80 expected=84
[cmd_vel_chassis_serial.py-1] [WARN] [1784051034.808788529] [cmd_vel_chassis_serial]: Drop leg debug: len=80 expected=84
[cmd_vel_chassis_serial.py-1] [WARN] [1784051034.818485432] [cmd_vel_chassis_serial]: Drop leg debug: len=80 expected=84
[cmd_vel_chassis_serial.py-1] [WARN] [1784051034.835208815] [cmd_vel_chassis_serial]: Drop leg debug: len=80 expected=84
[cmd_vel_chassis_serial.py-1] [WARN] [1784051034.871038015] [cmd_vel_chassis_serial]: Drop leg debug: len=80 expected=84
[cmd_vel_chassis_serial.py-1] [WARN] [1784051034.923672745] [cmd_vel_chassis_serial]: Drop leg debug: len=80 expected=84
[cmd_vel_chassis_serial.py-1] [WARN] [1784051034.943718383] [cmd_vel_chassis_serial]: Drop leg debug: len=80 expected=84
[cmd_vel_chassis_serial.py-1] [WARN] [1784051035.007555532] [cmd_vel_chassis_serial]: Drop leg debug: len=80 expected=84
[cmd_vel_chassis_serial.py-1] [WARN] [1784051035.085636719] [cmd_vel_chassis_serial]: Drop leg debug: len=80 expected=84
[cmd_vel_chassis_serial.py-1] [ERROR] [1784051035.095452589] [cmd_vel_chassis_serial]: Serial write failed: Write timeout
[cmd_vel_chassis_serial.py-1] [WARN] [1784051035.150198378] [cmd_vel_chassis_serial]: Drop leg debug: len=80 expected=84
[cmd_vel_chassis_serial.py-1] [WARN] [1784051035.171066613] [cmd_vel_chassis_serial]: Drop leg debug: len=80 expected=84
[cmd_vel_chassis_serial.py-1] [WARN] [1784051035.202152783] [cmd_vel_chassis_serial]: Drop leg debug: len=80 expected=84
[cmd_vel_chassis_serial.py-1] [WARN] [1784051035.245057329] [cmd_vel_chassis_serial]: Drop leg debug: len=80 expected=84
[cmd_vel_chassis_serial.py-1] [WARN] [1784051035.273034130] [cmd_vel_chassis_serial]: Drop leg debug: len=80 expected=84
[cmd_vel_chassis_serial.py-1] [WARN] [1784051035.309002263] [cmd_vel_chassis_serial]: Drop leg debug: len=80 expected=84
[cmd_vel_chassis_serial.py-1] [WARN] [1784051035.334759044] [cmd_vel_chassis_serial]: Drop leg debug: len=80 expected=84
[cmd_vel_chassis_serial.py-1] [WARN] [1784051035.380898167] [cmd_vel_chassis_serial]: Drop leg debug: len=80 expected=84
[cmd_vel_chassis_serial.py-1] [WARN] [1784051035.410624792] [cmd_vel_chassis_serial]: Drop leg debug: len=80 expected=84
[cmd_vel_chassis_serial.py-1] [WARN] [1784051035.430603007] [cmd_vel_chassis_serial]: Drop leg debug: len=80 expected=84
[cmd_vel_chassis_serial.py-1] [WARN] [1784051035.440493208] [cmd_vel_chassis_serial]: Drop leg debug: len=80 expected=84
[cmd_vel_chassis_serial.py-1] [WARN] [1784051035.461107801] [cmd_vel_chassis_serial]: Drop leg debug: len=80 expected=84
[cmd_vel_chassis_serial.py-1] [WARN] [1784051035.487434003] [cmd_vel_chassis_serial]: Drop leg debug: len=80 expected=84
[cmd_vel_chassis_serial.py-1] [WARN] [1784051035.520451885] [cmd_vel_chassis_serial]: Drop leg debug: len=80 expected=84
[cmd_vel_chassis_serial.py-1] [WARN] [1784051035.549740244] [cmd_vel_chassis_serial]: Drop leg debug: len=80 expected=84
[cmd_vel_chassis_serial.py-1] [WARN] [1784051035.570449373] [cmd_vel_chassis_serial]: Drop leg debug: len=80 expected=84
[cmd_vel_chassis_serial.py-1] [WARN] [1784051035.597013821] [cmd_vel_chassis_serial]: Drop leg debug: len=80 expected=84
[cmd_vel_chassis_serial.py-1] [WARN] [1784051035.604679278] [cmd_vel_chassis_serial]: Drop leg debug: len=80 expected=84
[cmd_vel_chassis_serial.py-1] [WARN] [1784051035.612121717] [cmd_vel_chassis_serial]: Drop leg debug: len=80 expected=84
[cmd_vel_chassis_serial.py-1] [WARN] [1784051035.615848362] [cmd_vel_chassis_serial]: Drop leg debug: len=80 expected=84
[cmd_vel_chassis_serial.py-1] [WARN] [1784051035.701277272] [cmd_vel_chassis_serial]: Drop leg debug: len=80 expected=84
[cmd_vel_chassis_serial.py-1] [WARN] [1784051035.726501492] [cmd_vel_chassis_serial]: Drop leg debug: len=80 expected=84
[cmd_vel_chassis_serial.py-1] [WARN] [1784051035.745116301] [cmd_vel_chassis_serial]: Drop leg debug: len=80 expected=84
[cmd_vel_chassis_serial.py-1] [WARN] [1784051035.789198887] [cmd_vel_chassis_serial]: Drop leg debug: len=80 expected=84
[cmd_vel_chassis_serial.py-1] [WARN] [1784051035.814900438] [cmd_vel_chassis_serial]: Drop leg debug: len=80 expected=84
[cmd_vel_chassis_serial.py-1] [WARN] [1784051035.830000480] [cmd_vel_chassis_serial]: Drop leg debug: len=80 expected=84
[cmd_vel_chassis_serial.py-1] [WARN] [1784051035.908108287] [cmd_vel_chassis_serial]: Drop leg debug: len=80 expected=84
[cmd_vel_chassis_serial.py-1] [WARN] [1784051035.936141289] [cmd_vel_chassis_serial]: Drop leg debug: len=80 expected=84
[cmd_vel_chassis_serial.py-1] [WARN] [1784051035.953734706] [cmd_vel_chassis_serial]: Drop leg debug: len=80 expected=84
[cmd_vel_chassis_serial.py-1] [WARN] [1784051035.972176019] [cmd_vel_chassis_serial]: Drop leg debug: len=80 expected=84
[cmd_vel_chassis_serial.py-1] [WARN] [1784051036.003635067] [cmd_vel_chassis_serial]: Drop leg debug: len=80 expected=84
[cmd_vel_chassis_serial.py-1] [WARN] [1784051036.017435939] [cmd_vel_chassis_serial]: Drop leg debug: len=80 expected=84
[cmd_vel_chassis_serial.py-1] [WARN] [1784051036.099811069] [cmd_vel_chassis_serial]: Drop leg debug: len=80 expected=84
[cmd_vel_chassis_serial.py-1] [WARN] [1784051036.130523157] [cmd_vel_chassis_serial]: Drop leg debug: len=80 expected=84
[cmd_vel_chassis_serial.py-1] [WARN] [1784051036.141009426] [cmd_vel_chassis_serial]: Drop leg debug: len=80 expected=84
[cmd_vel_chassis_serial.py-1] [WARN] [1784051036.156455115] [cmd_vel_chassis_serial]: Drop leg debug: len=80 expected=84
[cmd_vel_chassis_serial.py-1] [WARN] [1784051036.179060182] [cmd_vel_chassis_serial]: Drop leg debug: len=80 expected=84
[cmd_vel_chassis_serial.py-1] [WARN] [1784051036.223299612] [cmd_vel_chassis_serial]: Drop leg debug: len=80 expected=84
[cmd_vel_chassis_serial.py-1] [WARN] [1784051036.282065038] [cmd_vel_chassis_serial]: Drop leg debug: len=80 expected=84
[cmd_vel_chassis_serial.py-1] [WARN] [1784051036.306737500] [cmd_vel_chassis_serial]: Drop leg debug: len=80 expected=84
[cmd_vel_chassis_serial.py-1] [WARN] [1784051036.337606563] [cmd_vel_chassis_serial]: Drop leg debug: len=80 expected=84
[cmd_vel_chassis_serial.py-1] [WARN] [1784051036.365551431] [cmd_vel_chassis_serial]: Drop leg debug: len=80 expected=84
[cmd_vel_chassis_serial.py-1] [WARN] [1784051036.381260061] [cmd_vel_chassis_serial]: Drop leg debug: len=80 expected=84
[cmd_vel_chassis_serial.py-1] [WARN] [1784051036.402783399] [cmd_vel_chassis_serial]: Drop leg debug: len=80 expected=84
[cmd_vel_chassis_serial.py-1] [WARN] [1784051036.499214703] [cmd_vel_chassis_serial]: Drop leg debug: len=80 expected=84
[cmd_vel_chassis_serial.py-1] [WARN] [1784051036.524752095] [cmd_vel_chassis_serial]: Drop leg debug: len=80 expected=84
[cmd_vel_chassis_serial.py-1] [WARN] [1784051036.543642944] [cmd_vel_chassis_serial]: Drop leg debug: len=80 expected=84
[cmd_vel_chassis_serial.py-1] [WARN] [1784051036.551609682] [cmd_vel_chassis_serial]: Drop leg debug: len=80 expected=84
[cmd_vel_chassis_serial.py-1] [WARN] [1784051036.577263831] [cmd_vel_chassis_serial]: Drop leg debug: len=80 expected=84
[cmd_vel_chassis_serial.py-1] [WARN] [1784051036.591714991] [cmd_vel_chassis_serial]: Drop leg debug: len=80 expected=84
[cmd_vel_chassis_serial.py-1] [WARN] [1784051036.699408376] [cmd_vel_chassis_serial]: Drop leg debug: len=80 expected=84
[cmd_vel_chassis_serial.py-1] [WARN] [1784051036.719089379] [cmd_vel_chassis_serial]: Drop leg debug: len=80 expected=84
[cmd_vel_chassis_serial.py-1] [WARN] [1784051036.733783778] [cmd_vel_chassis_serial]: Drop leg debug: len=80 expected=84
[cmd_vel_chassis_serial.py-1] [WARN] [1784051036.756953349] [cmd_vel_chassis_serial]: Drop leg debug: len=80 expected=84
[cmd_vel_chassis_serial.py-1] [WARN] [1784051036.777612717] [cmd_vel_chassis_serial]: Drop leg debug: len=80 expected=84
[cmd_vel_chassis_serial.py-1] [WARN] [1784051036.797510710] [cmd_vel_chassis_serial]: Drop leg debug: len=80 expected=84
[cmd_vel_chassis_serial.py-1] [WARN] [1784051036.900489378] [cmd_vel_chassis_serial]: Drop leg debug: len=80 expected=84
[cmd_vel_chassis_serial.py-1] [WARN] [1784051036.915859679] [cmd_vel_chassis_serial]: Drop leg debug: len=80 expected=84
[cmd_vel_chassis_serial.py-1] [WARN] [1784051036.929517808] [cmd_vel_chassis_serial]: Drop leg debug: len=80 expected=84
[cmd_vel_chassis_serial.py-1] [WARN] [1784051036.950293550] [cmd_vel_chassis_serial]: Drop leg debug: len=80 expected=84
[cmd_vel_chassis_serial.py-1] [WARN] [1784051036.976883748] [cmd_vel_chassis_serial]: Drop leg debug: len=80 expected=84
[cmd_vel_chassis_serial.py-1] [WARN] [1784051036.993547576] [cmd_vel_chassis_serial]: Drop leg debug: len=80 expected=84
[cmd_vel_chassis_serial.py-1] [WARN] [1784051037.110796700] [cmd_vel_chassis_serial]: Drop leg debug: len=80 expected=84
[cmd_vel_chassis_serial.py-1] [WARN] [1784051037.144705965] [cmd_vel_chassis_serial]: Drop leg debug: len=80 expected=84
[cmd_vel_chassis_serial.py-1] [ERROR] [1784051037.177170742] [cmd_vel_chassis_serial]: Serial write failed: Write timeout
[cmd_vel_chassis_serial.py-1] [WARN] [1784051037.190320464] [cmd_vel_chassis_serial]: Drop leg debug: len=80 expected=84
[cmd_vel_chassis_serial.py-1] [WARN] [1784051037.247055319] [cmd_vel_chassis_serial]: Drop leg debug: len=80 expected=84
[cmd_vel_chassis_serial.py-1] [WARN] [1784051037.265273682] [cmd_vel_chassis_serial]: Drop leg debug: len=80 expected=84
[cmd_vel_chassis_serial.py-1] [WARN] [1784051037.290483066] [cmd_vel_chassis_serial]: Drop leg debug: len=80 expected=84
[cmd_vel_chassis_serial.py-1] [WARN] [1784051037.369207487] [cmd_vel_chassis_serial]: Drop leg debug: len=80 expected=84
[cmd_vel_chassis_serial.py-1] [ERROR] [1784051037.375122453] [cmd_vel_chassis_serial]: Serial write failed: Write timeout
[cmd_vel_chassis_serial.py-1] [WARN] [1784051037.391325744] [cmd_vel_chassis_serial]: Drop leg debug: len=80 expected=84
[cmd_vel_chassis_serial.py-1] [WARN] [1784051037.436276679] [cmd_vel_chassis_serial]: Drop leg debug: len=80 expected=84
[cmd_vel_chassis_serial.py-1] [WARN] [1784051037.523917317] [cmd_vel_chassis_serial]: Drop leg debug: len=80 expected=84
[cmd_vel_chassis_serial.py-1] [WARN] [1784051037.539339817] [cmd_vel_chassis_serial]: Drop leg debug: len=80 expected=84
[cmd_vel_chassis_serial.py-1] [WARN] [1784051037.582161365] [cmd_vel_chassis_serial]: Drop leg debug: len=80 expected=84
[cmd_vel_chassis_serial.py-1] [WARN] [1784051037.674741954] [cmd_vel_chassis_serial]: Drop leg debug: len=80 expected=84
[cmd_vel_chassis_serial.py-1] [WARN] [1784051037.727641369] [cmd_vel_chassis_serial]: Drop leg debug: len=80 expected=84
[cmd_vel_chassis_serial.py-1] [WARN] [1784051037.751300705] [cmd_vel_chassis_serial]: Drop leg debug: len=80 expected=84
[cmd_vel_chassis_serial.py-1] [WARN] [1784051037.824759539] [cmd_vel_chassis_serial]: Drop leg debug: len=80 expected=84
[cmd_vel_chassis_serial.py-1] [WARN] [1784051037.879316935] [cmd_vel_chassis_serial]: Drop leg debug: len=80 expected=84
[cmd_vel_chassis_serial.py-1] [WARN] [1784051037.923665305] [cmd_vel_chassis_serial]: Drop leg debug: len=80 expected=84
[cmd_vel_chassis_serial.py-1] [WARN] [1784051037.947546708] [cmd_vel_chassis_serial]: Drop leg debug: len=80 expected=84
[cmd_vel_chassis_serial.py-1] [WARN] [1784051037.999987466] [cmd_vel_chassis_serial]: Drop leg debug: len=80 expected=84
[cmd_vel_chassis_serial.py-1] [WARN] [1784051038.038981913] [cmd_vel_chassis_serial]: Drop leg debug: len=80 expected=84
[cmd_vel_chassis_serial.py-1] [ERROR] [1784051038.058953334] [cmd_vel_chassis_serial]: Serial write failed: Write timeout
[cmd_vel_chassis_serial.py-1] [WARN] [1784051038.116845783] [cmd_vel_chassis_serial]: Drop leg debug: len=80 expected=84
[cmd_vel_chassis_serial.py-1] [WARN] [1784051038.147185225] [cmd_vel_chassis_serial]: Drop leg debug: len=80 expected=84
[cmd_vel_chassis_serial.py-1] [WARN] [1784051038.180967854] [cmd_vel_chassis_serial]: Drop leg debug: len=80 expected=84
[cmd_vel_chassis_serial.py-1] [WARN] [1784051038.201130973] [cmd_vel_chassis_serial]: Drop leg debug: len=80 expected=84
[cmd_vel_chassis_serial.py-1] [WARN] [1784051038.246820260] [cmd_vel_chassis_serial]: Drop leg debug: len=80 expected=84
[cmd_vel_chassis_serial.py-1] [WARN] [1784051038.322197103] [cmd_vel_chassis_serial]: Drop leg debug: len=80 expected=84
[cmd_vel_chassis_serial.py-1] [ERROR] [1784051038.382956581] [cmd_vel_chassis_serial]: Serial write failed: Write timeout
[cmd_vel_chassis_serial.py-1] [WARN] [1784051038.396665033] [cmd_vel_chassis_serial]: Drop leg debug: len=80 expected=84
[cmd_vel_chassis_serial.py-1] [WARN] [1784051038.450917993] [cmd_vel_chassis_serial]: Drop leg debug: len=80 expected=84
[cmd_vel_chassis_serial.py-1] [WARN] [1784051038.488731349] [cmd_vel_chassis_serial]: Drop leg debug: len=80 expected=84
[cmd_vel_chassis_serial.py-1] [WARN] [1784051038.508903161] [cmd_vel_chassis_serial]: Drop leg debug: len=80 expected=84
[cmd_vel_chassis_serial.py-1] [WARN] [1784051038.514473942] [cmd_vel_chassis_serial]: Drop leg debug: len=80 expected=84
[cmd_vel_chassis_serial.py-1] [WARN] [1784051038.550260986] [cmd_vel_chassis_serial]: Drop leg debug: len=80 expected=84
[cmd_vel_chassis_serial.py-1] [WARN] [1784051038.588984010] [cmd_vel_chassis_serial]: Drop leg debug: len=80 expected=84
[cmd_vel_chassis_serial.py-1] [WARN] [1784051038.621519144] [cmd_vel_chassis_serial]: Drop leg debug: len=80 expected=84
[cmd_vel_chassis_serial.py-1] [WARN] [1784051038.674529945] [cmd_vel_chassis_serial]: Drop leg debug: len=80 expected=84
[cmd_vel_chassis_serial.py-1] [WARN] [1784051038.726718400] [cmd_vel_chassis_serial]: Drop leg debug: len=80 expected=84
[cmd_vel_chassis_serial.py-1] [WARN] [1784051038.767860736] [cmd_vel_chassis_serial]: Drop leg debug: len=80 expected=84
[cmd_vel_chassis_serial.py-1] [WARN] [1784051038.792711191] [cmd_vel_chassis_serial]: Drop leg debug: len=80 expected=84
[cmd_vel_chassis_serial.py-1] [WARN] [1784051038.839503440] [cmd_vel_chassis_serial]: Drop leg debug: len=80 expected=84
[cmd_vel_chassis_serial.py-1] [ERROR] [1784051038.858789819] [cmd_vel_chassis_serial]: Serial write failed: Write timeout
[cmd_vel_chassis_serial.py-1] [WARN] [1784051038.882813612] [cmd_vel_chassis_serial]: Drop leg debug: len=80 expected=84
[cmd_vel_chassis_serial.py-1] [WARN] [1784051038.941549824] [cmd_vel_chassis_serial]: Drop leg debug: len=80 expected=84
[cmd_vel_chassis_serial.py-1] [WARN] [1784051038.971339824] [cmd_vel_chassis_serial]: Drop leg debug: len=80 expected=84
[cmd_vel_chassis_serial.py-1] [WARN] [1784051038.991816786] [cmd_vel_chassis_serial]: Drop leg debug: len=80 expected=84
[cmd_vel_chassis_serial.py-1] [ERROR] [1784051039.049748913] [cmd_vel_chassis_serial]: Serial write failed: Write timeout
[cmd_vel_chassis_serial.py-1] [WARN] [1784051039.093829424] [cmd_vel_chassis_serial]: Drop leg debug: len=80 expected=84
[cmd_vel_chassis_serial.py-1] [WARN] [1784051039.104617210] [cmd_vel_chassis_serial]: Drop leg debug: len=80 expected=84
[cmd_vel_chassis_serial.py-1] [WARN] [1784051039.149385223] [cmd_vel_chassis_serial]: Drop leg debug: len=80 expected=84
[cmd_vel_chassis_serial.py-1] [WARN] [1784051039.185027668] [cmd_vel_chassis_serial]: Drop leg debug: len=80 expected=84
[cmd_vel_chassis_serial.py-1] [WARN] [1784051039.222041999] [cmd_vel_chassis_serial]: Drop leg debug: len=80 expected=84
[cmd_vel_chassis_serial.py-1] [WARN] [1784051039.254126057] [cmd_vel_chassis_serial]: Drop leg debug: len=80 expected=84
[cmd_vel_chassis_serial.py-1] [WARN] [1784051039.297849260] [cmd_vel_chassis_serial]: Drop leg debug: len=80 expected=84
[cmd_vel_chassis_serial.py-1] [WARN] [1784051039.317755946] [cmd_vel_chassis_serial]: Drop leg debug: len=80 expected=84
[cmd_vel_chassis_serial.py-1] [ERROR] [1784051039.346834068] [cmd_vel_chassis_serial]: Serial write failed: Write timeout
[cmd_vel_chassis_serial.py-1] [WARN] [1784051039.365240712] [cmd_vel_chassis_serial]: Drop leg debug: len=80 expected=84
[cmd_vel_chassis_serial.py-1] [WARN] [1784051039.388578360] [cmd_vel_chassis_serial]: Drop leg debug: len=80 expected=84
[cmd_vel_chassis_serial.py-1] [WARN] [1784051039.424692875] [cmd_vel_chassis_serial]: Drop leg debug: len=80 expected=84
[cmd_vel_chassis_serial.py-1] [WARN] [1784051039.457705998] [cmd_vel_chassis_serial]: Drop leg debug: len=80 expected=84
[cmd_vel_chassis_serial.py-1] [WARN] [1784051039.467661266] [cmd_vel_chassis_serial]: Drop leg debug: len=80 expected=84
[cmd_vel_chassis_serial.py-1] [WARN] [1784051039.491664231] [cmd_vel_chassis_serial]: Drop leg debug: len=80 expected=84
[cmd_vel_chassis_serial.py-1] [WARN] [1784051039.510870931] [cmd_vel_chassis_serial]: Drop leg debug: len=80 expected=84
[cmd_vel_chassis_serial.py-1] [WARN] [1784051039.537665851] [cmd_vel_chassis_serial]: Drop leg debug: len=80 expected=84
[cmd_vel_chassis_serial.py-1] [WARN] [1784051039.617564966] [cmd_vel_chassis_serial]: Drop leg debug: len=80 expected=84
[cmd_vel_chassis_serial.py-1] [WARN] [1784051039.639033320] [cmd_vel_chassis_serial]: Drop leg debug: len=80 expected=84
[cmd_vel_chassis_serial.py-1] [WARN] [1784051039.662707242] [cmd_vel_chassis_serial]: Drop leg debug: len=80 expected=84
[cmd_vel_chassis_serial.py-1] [WARN] [1784051039.680578872] [cmd_vel_chassis_serial]: Drop leg debug: len=80 expected=84
[cmd_vel_chassis_serial.py-1] [WARN] [1784051039.703089614] [cmd_vel_chassis_serial]: Drop leg debug: len=80 expected=84
[cmd_vel_chassis_serial.py-1] [WARN] [1784051039.733675249] [cmd_vel_chassis_serial]: Drop leg debug: len=80 expected=84
[cmd_vel_chassis_serial.py-1] [WARN] [1784051039.818688171] [cmd_vel_chassis_serial]: Drop leg debug: len=80 expected=84
[cmd_vel_chassis_serial.py-1] [WARN] [1784051039.869838974] [cmd_vel_chassis_serial]: Drop leg debug: len=80 expected=84
[cmd_vel_chassis_serial.py-1] [WARN] [1784051039.928010424] [cmd_vel_chassis_serial]: Drop leg debug: len=80 expected=84
[cmd_vel_chassis_serial.py-1] [WARN] [1784051039.951343023] [cmd_vel_chassis_serial]: Drop leg debug: len=80 expected=84
[cmd_vel_chassis_serial.py-1] [WARN] [1784051039.966337977] [cmd_vel_chassis_serial]: Drop leg debug: len=80 expected=84
[cmd_vel_chassis_serial.py-1] [WARN] [1784051039.993809210] [cmd_vel_chassis_serial]: Drop leg debug: len=80 expected=84
[cmd_vel_chassis_serial.py-1] [ERROR] [1784051040.033327611] [cmd_vel_chassis_serial]: Serial write failed: Write timeout
[cmd_vel_chassis_serial.py-1] [WARN] [1784051040.048151858] [cmd_vel_chassis_serial]: Drop leg debug: len=80 expected=84
[cmd_vel_chassis_serial.py-1] [WARN] [1784051040.077174766] [cmd_vel_chassis_serial]: Drop leg debug: len=80 expected=84
[cmd_vel_chassis_serial.py-1] [WARN] [1784051040.103216038] [cmd_vel_chassis_serial]: Drop leg debug: len=80 expected=84
[cmd_vel_chassis_serial.py-1] [ERROR] [1784051040.126711224] [cmd_vel_chassis_serial]: Serial write failed: Write timeout
[cmd_vel_chassis_serial.py-1] [WARN] [1784051040.146418298] [cmd_vel_chassis_serial]: Drop leg debug: len=80 expected=84
[cmd_vel_chassis_serial.py-1] [WARN] [1784051040.167997639] [cmd_vel_chassis_serial]: Drop leg debug: len=80 expected=84
[cmd_vel_chassis_serial.py-1] [WARN] [1784051040.189893605] [cmd_vel_chassis_serial]: Drop leg debug: len=80 expected=84
[cmd_vel_chassis_serial.py-1] [WARN] [1784051040.235287611] [cmd_vel_chassis_serial]: Drop leg debug: len=80 expected=84
[cmd_vel_chassis_serial.py-1] [WARN] [1784051040.264843636] [cmd_vel_chassis_serial]: Drop leg debug: len=80 expected=84
[cmd_vel_chassis_serial.py-1] [WARN] [1784051040.289221483] [cmd_vel_chassis_serial]: Drop leg debug: len=80 expected=84
[cmd_vel_chassis_serial.py-1] [WARN] [1784051040.330287797] [cmd_vel_chassis_serial]: Drop leg debug: len=80 expected=84
[cmd_vel_chassis_serial.py-1] [ERROR] [1784051040.370261062] [cmd_vel_chassis_serial]: Serial write failed: Write timeout
[cmd_vel_chassis_serial.py-1] [WARN] [1784051040.396172856] [cmd_vel_chassis_serial]: Drop leg debug: len=80 expected=84
[cmd_vel_chassis_serial.py-1] [WARN] [1784051040.414476361] [cmd_vel_chassis_serial]: Drop leg debug: len=80 expected=84
[cmd_vel_chassis_serial.py-1] [WARN] [1784051040.451807352] [cmd_vel_chassis_serial]: Drop leg debug: len=80 expected=84
[cmd_vel_chassis_serial.py-1] [WARN] [1784051040.477602991] [cmd_vel_chassis_serial]: Drop leg debug: len=80 expected=84
[cmd_vel_chassis_serial.py-1] [WARN] [1784051040.527241501] [cmd_vel_chassis_serial]: Drop leg debug: len=80 expected=84
[cmd_vel_chassis_serial.py-1] [WARN] [1784051040.538953712] [cmd_vel_chassis_serial]: Drop leg debug: len=80 expected=84
[cmd_vel_chassis_serial.py-1] [ERROR] [1784051040.577479828] [cmd_vel_chassis_serial]: Serial write failed: Write timeout
[cmd_vel_chassis_serial.py-1] [WARN] [1784051040.610249642] [cmd_vel_chassis_serial]: Drop leg debug: len=80 expected=84
[cmd_vel_chassis_serial.py-1] [WARN] [1784051040.634174682] [cmd_vel_chassis_serial]: Drop leg debug: len=80 expected=84
[cmd_vel_chassis_serial.py-1] [WARN] [1784051040.668247250] [cmd_vel_chassis_serial]: Drop leg debug: len=80 expected=84
[cmd_vel_chassis_serial.py-1] [WARN] [1784051040.712228596] [cmd_vel_chassis_serial]: Drop leg debug: len=80 expected=84
[cmd_vel_chassis_serial.py-1] [WARN] [1784051040.757487524] [cmd_vel_chassis_serial]: Drop leg debug: len=80 expected=84
[cmd_vel_chassis_serial.py-1] [ERROR] [1784051040.761342227] [cmd_vel_chassis_serial]: Serial write failed: Write timeout
[cmd_vel_chassis_serial.py-1] [WARN] [1784051040.823589483] [cmd_vel_chassis_serial]: Drop leg debug: len=80 expected=84
[cmd_vel_chassis_serial.py-1] [WARN] [1784051040.844048793] [cmd_vel_chassis_serial]: Drop leg debug: len=80 expected=84
[cmd_vel_chassis_serial.py-1] [WARN] [1784051040.872747112] [cmd_vel_chassis_serial]: Drop leg debug: len=80 expected=84
[cmd_vel_chassis_serial.py-1] [ERROR] [1784051040.877311779] [cmd_vel_chassis_serial]: Serial write failed: Write timeout
[cmd_vel_chassis_serial.py-1] [WARN] [1784051040.932642769] [cmd_vel_chassis_serial]: Drop leg debug: len=80 expected=84
[cmd_vel_chassis_serial.py-1] [ERROR] [1784051040.944496521] [cmd_vel_chassis_serial]: Serial write failed: Write timeout
[cmd_vel_chassis_serial.py-1] [WARN] [1784051040.954339931] [cmd_vel_chassis_serial]: Drop leg debug: len=80 expected=84
[cmd_vel_chassis_serial.py-1] [WARN] [1784051041.006487390] [cmd_vel_chassis_serial]: Drop leg debug: len=80 expected=84
[cmd_vel_chassis_serial.py-1] [WARN] [1784051041.049591151] [cmd_vel_chassis_serial]: Drop leg debug: len=80 expected=84
[cmd_vel_chassis_serial.py-1] [WARN] [1784051041.072564783] [cmd_vel_chassis_serial]: Drop leg debug: len=80 expected=84
[cmd_vel_chassis_serial.py-1] [WARN] [1784051041.114081287] [cmd_vel_chassis_serial]: Drop leg debug: len=80 expected=84
[cmd_vel_chassis_serial.py-1] [WARN] [1784051041.172527158] [cmd_vel_chassis_serial]: Drop leg debug: len=80 expected=84
[cmd_vel_chassis_serial.py-1] [WARN] [1784051041.195601441] [cmd_vel_chassis_serial]: Drop leg debug: len=80 expected=84
[cmd_vel_chassis_serial.py-1] [WARN] [1784051041.229144836] [cmd_vel_chassis_serial]: Drop leg debug: len=80 expected=84
[cmd_vel_chassis_serial.py-1] [WARN] [1784051041.276654484] [cmd_vel_chassis_serial]: Drop leg debug: len=80 expected=84
[cmd_vel_chassis_serial.py-1] [WARN] [1784051041.293078641] [cmd_vel_chassis_serial]: Drop leg debug: len=80 expected=84
[cmd_vel_chassis_serial.py-1] [WARN] [1784051041.349560435] [cmd_vel_chassis_serial]: Drop leg debug: len=80 expected=84
[cmd_vel_chassis_serial.py-1] [WARN] [1784051041.395432616] [cmd_vel_chassis_serial]: Drop leg debug: len=80 expected=84
[cmd_vel_chassis_serial.py-1] [WARN] [1784051041.403028581] [cmd_vel_chassis_serial]: Drop leg debug: len=80 expected=84
[cmd_vel_chassis_serial.py-1] [WARN] [1784051041.417222350] [cmd_vel_chassis_serial]: Drop leg debug: len=80 expected=84
[cmd_vel_chassis_serial.py-1] [WARN] [1784051041.421330386] [cmd_vel_chassis_serial]: Drop leg debug: len=80 expected=84
[cmd_vel_chassis_serial.py-1] [WARN] [1784051041.436062475] [cmd_vel_chassis_serial]: Drop leg debug: len=80 expected=84
[cmd_vel_chassis_serial.py-1] [WARN] [1784051041.442480011] [cmd_vel_chassis_serial]: Drop leg debug: len=80 expected=84
[cmd_vel_chassis_serial.py-1] [WARN] [1784051041.448933021] [cmd_vel_chassis_serial]: Drop leg debug: len=80 expected=84
[cmd_vel_chassis_serial.py-1] [WARN] [1784051041.459454048] [cmd_vel_chassis_serial]: Drop leg debug: len=80 expected=84
[cmd_vel_chassis_serial.py-1] [WARN] [1784051041.473114918] [cmd_vel_chassis_serial]: Drop leg debug: len=80 expected=84
[cmd_vel_chassis_serial.py-1] [WARN] [1784051041.481664734] [cmd_vel_chassis_serial]: Drop leg debug: len=80 expected=84
[cmd_vel_chassis_serial.py-1] [WARN] [1784051041.488270776] [cmd_vel_chassis_serial]: Drop leg debug: len=80 expected=84
[cmd_vel_chassis_serial.py-1] [WARN] [1784051041.502217721] [cmd_vel_chassis_serial]: Drop leg debug: len=80 expected=84
[cmd_vel_chassis_serial.py-1] [WARN] [1784051041.545474923] [cmd_vel_chassis_serial]: Drop leg debug: len=80 expected=84
[cmd_vel_chassis_serial.py-1] [WARN] [1784051041.564181214] [cmd_vel_chassis_serial]: Drop leg debug: len=80 expected=84
[cmd_vel_chassis_serial.py-1] [WARN] [1784051041.592899534] [cmd_vel_chassis_serial]: Drop leg debug: len=80 expected=84
[cmd_vel_chassis_serial.py-1] [WARN] [1784051041.616960070] [cmd_vel_chassis_serial]: Drop leg debug: len=80 expected=84
[cmd_vel_chassis_serial.py-1] [WARN] [1784051041.634281006] [cmd_vel_chassis_serial]: Drop leg debug: len=80 expected=84
[cmd_vel_chassis_serial.py-1] [WARN] [1784051041.675128608] [cmd_vel_chassis_serial]: Drop leg debug: len=80 expected=84
[cmd_vel_chassis_serial.py-1] [WARN] [1784051041.761143367] [cmd_vel_chassis_serial]: Drop leg debug: len=80 expected=84
[cmd_vel_chassis_serial.py-1] [WARN] [1784051041.832643960] [cmd_vel_chassis_serial]: Drop leg debug: len=80 expected=84
[cmd_vel_chassis_serial.py-1] [WARN] [1784051041.845048104] [cmd_vel_chassis_serial]: Drop leg debug: len=80 expected=84
[cmd_vel_chassis_serial.py-1] [WARN] [1784051041.878250560] [cmd_vel_chassis_serial]: Drop leg debug: len=80 expected=84
[cmd_vel_chassis_serial.py-1] [WARN] [1784051041.895164048] [cmd_vel_chassis_serial]: Drop leg debug: len=80 expected=84
[cmd_vel_chassis_serial.py-1] [WARN] [1784051041.936710390] [cmd_vel_chassis_serial]: Drop leg debug: len=80 expected=84
[cmd_vel_chassis_serial.py-1] [WARN] [1784051041.958172173] [cmd_vel_chassis_serial]: Drop leg debug: len=80 expected=84
[cmd_vel_chassis_serial.py-1] [WARN] [1784051041.971961432] [cmd_vel_chassis_serial]: Drop leg debug: len=80 expected=84
[cmd_vel_chassis_serial.py-1] [ERROR] [1784051041.981959538] [cmd_vel_chassis_serial]: Serial write failed: Write timeout
[cmd_vel_chassis_serial.py-1] [WARN] [1784051041.991690972] [cmd_vel_chassis_serial]: Drop leg debug: len=80 expected=84
[cmd_vel_chassis_serial.py-1] [WARN] [1784051042.027470077] [cmd_vel_chassis_serial]: Drop leg debug: len=80 expected=84
[cmd_vel_chassis_serial.py-1] [WARN] [1784051042.042562253] [cmd_vel_chassis_serial]: Drop leg debug: len=80 expected=84
[cmd_vel_chassis_serial.py-1] [WARN] [1784051042.061287816] [cmd_vel_chassis_serial]: Drop leg debug: len=80 expected=84
[cmd_vel_chassis_serial.py-1] [ERROR] [1784051042.238635518] [cmd_vel_chassis_serial]: Serial write failed: Write timeout
[cmd_vel_chassis_serial.py-1] [WARN] [1784051042.246604400] [cmd_vel_chassis_serial]: Drop leg debug: len=80 expected=84
[cmd_vel_chassis_serial.py-1] [WARN] [1784051042.278585426] [cmd_vel_chassis_serial]: Drop leg debug: len=80 expected=84
[cmd_vel_chassis_serial.py-1] [WARN] [1784051042.325543728] [cmd_vel_chassis_serial]: Drop leg debug: len=80 expected=84
[cmd_vel_chassis_serial.py-1] [WARN] [1784051042.394159326] [cmd_vel_chassis_serial]: Drop leg debug: len=80 expected=84
[cmd_vel_chassis_serial.py-1] [WARN] [1784051042.442772286] [cmd_vel_chassis_serial]: Drop leg debug: len=80 expected=84
[cmd_vel_chassis_serial.py-1] [WARN] [1784051042.470248362] [cmd_vel_chassis_serial]: Drop leg debug: len=80 expected=84
[cmd_vel_chassis_serial.py-1] [WARN] [1784051042.511227857] [cmd_vel_chassis_serial]: Drop leg debug: len=80 expected=84
[cmd_vel_chassis_serial.py-1] [WARN] [1784051042.536023742] [cmd_vel_chassis_serial]: Drop leg debug: len=80 expected=84
[cmd_vel_chassis_serial.py-1] [WARN] [1784051042.570915957] [cmd_vel_chassis_serial]: Drop leg debug: len=80 expected=84
[cmd_vel_chassis_serial.py-1] [WARN] [1784051042.612851849] [cmd_vel_chassis_serial]: Drop leg debug: len=80 expected=84
[cmd_vel_chassis_serial.py-1] [WARN] [1784051042.659880031] [cmd_vel_chassis_serial]: Drop leg debug: len=80 expected=84
[cmd_vel_chassis_serial.py-1] [WARN] [1784051042.682300970] [cmd_vel_chassis_serial]: Drop leg debug: len=80 expected=84
[cmd_vel_chassis_serial.py-1] [WARN] [1784051042.736741705] [cmd_vel_chassis_serial]: Drop leg debug: len=80 expected=84
[cmd_vel_chassis_serial.py-1] [WARN] [1784051042.787437800] [cmd_vel_chassis_serial]: Drop leg debug: len=80 expected=84
[cmd_vel_chassis_serial.py-1] [WARN] [1784051042.902079000] [cmd_vel_chassis_serial]: Drop leg debug: len=80 expected=84
[cmd_vel_chassis_serial.py-1] [WARN] [1784051043.040601277] [cmd_vel_chassis_serial]: Drop leg debug: len=80 expected=84
[cmd_vel_chassis_serial.py-1] [WARN] [1784051043.093508551] [cmd_vel_chassis_serial]: Drop leg debug: len=80 expected=84
[cmd_vel_chassis_serial.py-1] [WARN] [1784051043.160034682] [cmd_vel_chassis_serial]: Drop leg debug: len=80 expected=84
[cmd_vel_chassis_serial.py-1] [WARN] [1784051043.202907111] [cmd_vel_chassis_serial]: Drop leg debug: len=80 expected=84
[cmd_vel_chassis_serial.py-1] [WARN] [1784051043.223875804] [cmd_vel_chassis_serial]: Drop leg debug: len=80 expected=84
[cmd_vel_chassis_serial.py-1] [WARN] [1784051043.239059450] [cmd_vel_chassis_serial]: Drop leg debug: len=80 expected=84
[cmd_vel_chassis_serial.py-1] [WARN] [1784051043.250447509] [cmd_vel_chassis_serial]: Drop leg debug: len=80 expected=84
[cmd_vel_chassis_serial.py-1] [WARN] [1784051043.287698674] [cmd_vel_chassis_serial]: Drop leg debug: len=80 expected=84
[cmd_vel_chassis_serial.py-1] [WARN] [1784051043.298661077] [cmd_vel_chassis_serial]: Drop leg debug: len=80 expected=84
[cmd_vel_chassis_serial.py-1] [WARN] [1784051043.310240598] [cmd_vel_chassis_serial]: Drop leg debug: len=80 expected=84
[cmd_vel_chassis_serial.py-1] [WARN] [1784051043.315413409] [cmd_vel_chassis_serial]: Drop leg debug: len=80 expected=84
[cmd_vel_chassis_serial.py-1] [WARN] [1784051043.321286794] [cmd_vel_chassis_serial]: Drop leg debug: len=80 expected=84
[cmd_vel_chassis_serial.py-1] [WARN] [1784051043.325053611] [cmd_vel_chassis_serial]: Drop leg debug: len=80 expected=84
[cmd_vel_chassis_serial.py-1] [WARN] [1784051043.330817948] [cmd_vel_chassis_serial]: Drop leg debug: len=80 expected=84
[cmd_vel_chassis_serial.py-1] [WARN] [1784051043.338555157] [cmd_vel_chassis_serial]: Drop leg debug: len=80 expected=84
[cmd_vel_chassis_serial.py-1] [WARN] [1784051043.343195195] [cmd_vel_chassis_serial]: Drop leg debug: len=80 expected=84
[cmd_vel_chassis_serial.py-1] [WARN] [1784051043.351530922] [cmd_vel_chassis_serial]: Drop leg debug: len=80 expected=84
[cmd_vel_chassis_serial.py-1] [WARN] [1784051043.356190543] [cmd_vel_chassis_serial]: Drop leg debug: len=80 expected=84
[cmd_vel_chassis_serial.py-1] [WARN] [1784051043.360893303] [cmd_vel_chassis_serial]: Drop leg debug: len=80 expected=84
[cmd_vel_chassis_serial.py-1] [WARN] [1784051043.366262241] [cmd_vel_chassis_serial]: Drop leg debug: len=80 expected=84
[cmd_vel_chassis_serial.py-1] [WARN] [1784051043.373072516] [cmd_vel_chassis_serial]: Drop leg debug: len=80 expected=84
[cmd_vel_chassis_serial.py-1] [WARN] [1784051043.378310159] [cmd_vel_chassis_serial]: Drop leg debug: len=80 expected=84
[cmd_vel_chassis_serial.py-1] [WARN] [1784051043.382156739] [cmd_vel_chassis_serial]: Drop leg debug: len=80 expected=84
[cmd_vel_chassis_serial.py-1] [WARN] [1784051043.386279774] [cmd_vel_chassis_serial]: Drop leg debug: len=80 expected=84
[cmd_vel_chassis_serial.py-1] [WARN] [1784051043.395069794] [cmd_vel_chassis_serial]: Drop leg debug: len=80 expected=84
[cmd_vel_chassis_serial.py-1] [WARN] [1784051043.400842165] [cmd_vel_chassis_serial]: Drop leg debug: len=80 expected=84
[cmd_vel_chassis_serial.py-1] [WARN] [1784051043.437004230] [cmd_vel_chassis_serial]: Drop leg debug: len=80 expected=84
[cmd_vel_chassis_serial.py-1] [WARN] [1784051043.511770483] [cmd_vel_chassis_serial]: Drop leg debug: len=80 expected=84
[cmd_vel_chassis_serial.py-1] [WARN] [1784051043.541423685] [cmd_vel_chassis_serial]: Drop leg debug: len=80 expected=84
[cmd_vel_chassis_serial.py-1] [WARN] [1784051043.567149932] [cmd_vel_chassis_serial]: Drop leg debug: len=80 expected=84
[cmd_vel_chassis_serial.py-1] [WARN] [1784051043.585169970] [cmd_vel_chassis_serial]: Drop leg debug: len=80 expected=84
[cmd_vel_chassis_serial.py-1] [WARN] [1784051043.605935856] [cmd_vel_chassis_serial]: Drop leg debug: len=80 expected=84
[cmd_vel_chassis_serial.py-1] [WARN] [1784051043.629442996] [cmd_vel_chassis_serial]: Drop leg debug: len=80 expected=84
[cmd_vel_chassis_serial.py-1] [WARN] [1784051043.724735725] [cmd_vel_chassis_serial]: Drop leg debug: len=80 expected=84
[cmd_vel_chassis_serial.py-1] [WARN] [1784051043.755056162] [cmd_vel_chassis_serial]: Drop leg debug: len=80 expected=84
[cmd_vel_chassis_serial.py-1] [WARN] [1784051043.779208434] [cmd_vel_chassis_serial]: Drop leg debug: len=80 expected=84
[cmd_vel_chassis_serial.py-1] [WARN] [1784051043.798145969] [cmd_vel_chassis_serial]: Drop leg debug: len=80 expected=84
[cmd_vel_chassis_serial.py-1] [WARN] [1784051043.829066698] [cmd_vel_chassis_serial]: Drop leg debug: len=80 expected=84
[cmd_vel_chassis_serial.py-1] [WARN] [1784051043.873611225] [cmd_vel_chassis_serial]: Drop leg debug: len=80 expected=84
[cmd_vel_chassis_serial.py-1] [WARN] [1784051043.916821367] [cmd_vel_chassis_serial]: Drop leg debug: len=80 expected=84
[cmd_vel_chassis_serial.py-1] [WARN] [1784051043.932907471] [cmd_vel_chassis_serial]: Drop leg debug: len=80 expected=84
[cmd_vel_chassis_serial.py-1] [WARN] [1784051043.967822098] [cmd_vel_chassis_serial]: Drop leg debug: len=80 expected=84
[cmd_vel_chassis_serial.py-1] [WARN] [1784051043.979277447] [cmd_vel_chassis_serial]: Drop leg debug: len=80 expected=84
[cmd_vel_chassis_serial.py-1] [WARN] [1784051043.985691844] [cmd_vel_chassis_serial]: Drop leg debug: len=80 expected=84
[cmd_vel_chassis_serial.py-1] [WARN] [1784051044.021145602] [cmd_vel_chassis_serial]: Drop leg debug: len=80 expected=84
[cmd_vel_chassis_serial.py-1] [WARN] [1784051044.098540364] [cmd_vel_chassis_serial]: Drop leg debug: len=80 expected=84
[cmd_vel_chassis_serial.py-1] [WARN] [1784051044.127070031] [cmd_vel_chassis_serial]: Drop leg debug: len=80 expected=84
[cmd_vel_chassis_serial.py-1] [WARN] [1784051044.146633109] [cmd_vel_chassis_serial]: Drop leg debug: len=80 expected=84
[cmd_vel_chassis_serial.py-1] [WARN] [1784051044.180897691] [cmd_vel_chassis_serial]: Drop leg debug: len=80 expected=84
[cmd_vel_chassis_serial.py-1] [WARN] [1784051044.205096301] [cmd_vel_chassis_serial]: Drop leg debug: len=80 expected=84
[cmd_vel_chassis_serial.py-1] [WARN] [1784051044.227941206] [cmd_vel_chassis_serial]: Drop leg debug: len=80 expected=84
[cmd_vel_chassis_serial.py-1] [WARN] [1784051044.311208214] [cmd_vel_chassis_serial]: Drop leg debug: len=80 expected=84
[cmd_vel_chassis_serial.py-1] [ERROR] [1784051044.341749632] [cmd_vel_chassis_serial]: Serial write failed: Write timeout
[cmd_vel_chassis_serial.py-1] [WARN] [1784051044.351763016] [cmd_vel_chassis_serial]: Drop leg debug: len=80 expected=84
[cmd_vel_chassis_serial.py-1] [WARN] [1784051044.356615930] [cmd_vel_chassis_serial]: Drop leg debug: len=80 expected=84
[cmd_vel_chassis_serial.py-1] [WARN] [1784051044.377834943] [cmd_vel_chassis_serial]: Drop leg debug: len=80 expected=84
[cmd_vel_chassis_serial.py-1] [WARN] [1784051044.397277061] [cmd_vel_chassis_serial]: Drop leg debug: len=80 expected=84
[cmd_vel_chassis_serial.py-1] [WARN] [1784051044.404154318] [cmd_vel_chassis_serial]: Drop leg debug: len=80 expected=84
[cmd_vel_chassis_serial.py-1] [WARN] [1784051044.481320125] [cmd_vel_chassis_serial]: Drop leg debug: len=80 expected=84
[cmd_vel_chassis_serial.py-1] [WARN] [1784051044.527666628] [cmd_vel_chassis_serial]: Drop leg debug: len=80 expected=84
[cmd_vel_chassis_serial.py-1] [WARN] [1784051044.562804481] [cmd_vel_chassis_serial]: Drop leg debug: len=80 expected=84
[cmd_vel_chassis_serial.py-1] [WARN] [1784051044.590322517] [cmd_vel_chassis_serial]: Drop leg debug: len=80 expected=84
[cmd_vel_chassis_serial.py-1] [WARN] [1784051044.629640305] [cmd_vel_chassis_serial]: Drop leg debug: len=80 expected=84
[cmd_vel_chassis_serial.py-1] [WARN] [1784051044.649095915] [cmd_vel_chassis_serial]: Drop leg debug: len=80 expected=84
[cmd_vel_chassis_serial.py-1] [WARN] [1784051044.678232947] [cmd_vel_chassis_serial]: Drop leg debug: len=80 expected=84
[cmd_vel_chassis_serial.py-1] [WARN] [1784051044.713562254] [cmd_vel_chassis_serial]: Drop leg debug: len=80 expected=84
[cmd_vel_chassis_serial.py-1] [WARN] [1784051044.731958152] [cmd_vel_chassis_serial]: Drop leg debug: len=80 expected=84
[cmd_vel_chassis_serial.py-1] [WARN] [1784051044.751274489] [cmd_vel_chassis_serial]: Drop leg debug: len=80 expected=84
[cmd_vel_chassis_serial.py-1] [WARN] [1784051044.769179929] [cmd_vel_chassis_serial]: Drop leg debug: len=80 expected=84
[cmd_vel_chassis_serial.py-1] [WARN] [1784051044.785717657] [cmd_vel_chassis_serial]: Drop leg debug: len=80 expected=84
[cmd_vel_chassis_serial.py-1] [WARN] [1784051044.881304919] [cmd_vel_chassis_serial]: Drop leg debug: len=80 expected=84
[cmd_vel_chassis_serial.py-1] [WARN] [1784051044.916299734] [cmd_vel_chassis_serial]: Drop leg debug: len=80 expected=84
[cmd_vel_chassis_serial.py-1] [WARN] [1784051044.934815225] [cmd_vel_chassis_serial]: Drop leg debug: len=80 expected=84
[cmd_vel_chassis_serial.py-1] [WARN] [1784051044.965942109] [cmd_vel_chassis_serial]: Drop leg debug: len=80 expected=84
[cmd_vel_chassis_serial.py-1] [WARN] [1784051044.991994667] [cmd_vel_chassis_serial]: Drop leg debug: len=80 expected=84
[cmd_vel_chassis_serial.py-1] [WARN] [1784051045.009912498] [cmd_vel_chassis_serial]: Drop leg debug: len=80 expected=84
[cmd_vel_chassis_serial.py-1] [WARN] [1784051045.092034463] [cmd_vel_chassis_serial]: Drop leg debug: len=80 expected=84
[cmd_vel_chassis_serial.py-1] [WARN] [1784051045.127301782] [cmd_vel_chassis_serial]: Drop leg debug: len=80 expected=84
[cmd_vel_chassis_serial.py-1] [WARN] [1784051045.159486017] [cmd_vel_chassis_serial]: Drop leg debug: len=80 expected=84
[cmd_vel_chassis_serial.py-1] [ERROR] [1784051045.166717333] [cmd_vel_chassis_serial]: Serial write failed: Write timeout
[cmd_vel_chassis_serial.py-1] [WARN] [1784051045.187400459] [cmd_vel_chassis_serial]: Drop leg debug: len=80 expected=84
[cmd_vel_chassis_serial.py-1] [WARN] [1784051045.228434493] [cmd_vel_chassis_serial]: Drop leg debug: len=80 expected=84
[cmd_vel_chassis_serial.py-1] [WARN] [1784051045.284896933] [cmd_vel_chassis_serial]: Drop leg debug: len=80 expected=84
[cmd_vel_chassis_serial.py-1] [WARN] [1784051045.308159064] [cmd_vel_chassis_serial]: Drop leg debug: len=80 expected=84
[cmd_vel_chassis_serial.py-1] [WARN] [1784051045.345123996] [cmd_vel_chassis_serial]: Drop leg debug: len=80 expected=84
[cmd_vel_chassis_serial.py-1] [WARN] [1784051045.375140528] [cmd_vel_chassis_serial]: Drop leg debug: len=80 expected=84
[cmd_vel_chassis_serial.py-1] [WARN] [1784051045.390239173] [cmd_vel_chassis_serial]: Drop leg debug: len=80 expected=84
[cmd_vel_chassis_serial.py-1] [WARN] [1784051045.412065415] [cmd_vel_chassis_serial]: Drop leg debug: len=80 expected=84
[cmd_vel_chassis_serial.py-1] [WARN] [1784051045.429454129] [cmd_vel_chassis_serial]: Drop leg debug: len=80 expected=84
[cmd_vel_chassis_serial.py-1] [WARN] [1784051045.487966861] [cmd_vel_chassis_serial]: Drop leg debug: len=80 expected=84
[cmd_vel_chassis_serial.py-1] [WARN] [1784051045.510165882] [cmd_vel_chassis_serial]: Drop leg debug: len=80 expected=84
[cmd_vel_chassis_serial.py-1] [WARN] [1784051045.527232523] [cmd_vel_chassis_serial]: Drop leg debug: len=80 expected=84
[cmd_vel_chassis_serial.py-1] [ERROR] [1784051045.548436435] [cmd_vel_chassis_serial]: Serial write failed: Write timeout
[cmd_vel_chassis_serial.py-1] [WARN] [1784051045.565333506] [cmd_vel_chassis_serial]: Drop leg debug: len=80 expected=84
[cmd_vel_chassis_serial.py-1] [WARN] [1784051045.599672685] [cmd_vel_chassis_serial]: Drop leg debug: len=80 expected=84
[cmd_vel_chassis_serial.py-1] [WARN] [1784051045.614224316] [cmd_vel_chassis_serial]: Drop leg debug: len=80 expected=84
[cmd_vel_chassis_serial.py-1] [WARN] [1784051045.673218352] [cmd_vel_chassis_serial]: Drop leg debug: len=80 expected=84
[cmd_vel_chassis_serial.py-1] [WARN] [1784051045.694885423] [cmd_vel_chassis_serial]: Drop leg debug: len=80 expected=84
[cmd_vel_chassis_serial.py-1] [WARN] [1784051045.728482005] [cmd_vel_chassis_serial]: Drop leg debug: len=80 expected=84
[cmd_vel_chassis_serial.py-1] [WARN] [1784051045.789886459] [cmd_vel_chassis_serial]: Drop leg debug: len=80 expected=84
[cmd_vel_chassis_serial.py-1] [WARN] [1784051045.829938624] [cmd_vel_chassis_serial]: Drop leg debug: len=80 expected=84
[cmd_vel_chassis_serial.py-1] [WARN] [1784051045.864638193] [cmd_vel_chassis_serial]: Drop leg debug: len=80 expected=84
[cmd_vel_chassis_serial.py-1] [WARN] [1784051045.903236264] [cmd_vel_chassis_serial]: Drop leg debug: len=80 expected=84
[cmd_vel_chassis_serial.py-1] [WARN] [1784051045.926096772] [cmd_vel_chassis_serial]: Drop leg debug: len=80 expected=84
[cmd_vel_chassis_serial.py-1] [WARN] [1784051045.943229699] [cmd_vel_chassis_serial]: Drop leg debug: len=80 expected=84
[cmd_vel_chassis_serial.py-1] [WARN] [1784051045.961862329] [cmd_vel_chassis_serial]: Drop leg debug: len=80 expected=84
[cmd_vel_chassis_serial.py-1] [WARN] [1784051045.971125060] [cmd_vel_chassis_serial]: Drop leg debug: len=80 expected=84
[cmd_vel_chassis_serial.py-1] [WARN] [1784051045.992206343] [cmd_vel_chassis_serial]: Drop leg debug: len=80 expected=84
[cmd_vel_chassis_serial.py-1] [WARN] [1784051046.076086381] [cmd_vel_chassis_serial]: Drop leg debug: len=80 expected=84
[cmd_vel_chassis_serial.py-1] [WARN] [1784051046.121231726] [cmd_vel_chassis_serial]: Drop leg debug: len=80 expected=84
[cmd_vel_chassis_serial.py-1] [WARN] [1784051046.148203015] [cmd_vel_chassis_serial]: Drop leg debug: len=80 expected=84
[cmd_vel_chassis_serial.py-1] [WARN] [1784051046.178173243] [cmd_vel_chassis_serial]: Drop leg debug: len=80 expected=84
[cmd_vel_chassis_serial.py-1] [WARN] [1784051046.194231408] [cmd_vel_chassis_serial]: Drop leg debug: len=80 expected=84
[cmd_vel_chassis_serial.py-1] [ERROR] [1784051046.199282432] [cmd_vel_chassis_serial]: Serial write failed: Write timeout
[cmd_vel_chassis_serial.py-1] [WARN] [1784051046.222567309] [cmd_vel_chassis_serial]: Drop leg debug: len=80 expected=84
[cmd_vel_chassis_serial.py-1] [WARN] [1784051046.287876454] [cmd_vel_chassis_serial]: Drop leg debug: len=80 expected=84
[cmd_vel_chassis_serial.py-1] [WARN] [1784051046.316961247] [cmd_vel_chassis_serial]: Drop leg debug: len=80 expected=84
[cmd_vel_chassis_serial.py-1] [WARN] [1784051046.339547387] [cmd_vel_chassis_serial]: Drop leg debug: len=80 expected=84
[cmd_vel_chassis_serial.py-1] [WARN] [1784051046.376521878] [cmd_vel_chassis_serial]: Drop leg debug: len=80 expected=84
[cmd_vel_chassis_serial.py-1] [WARN] [1784051046.426330434] [cmd_vel_chassis_serial]: Drop leg debug: len=80 expected=84
[cmd_vel_chassis_serial.py-1] [WARN] [1784051046.450318929] [cmd_vel_chassis_serial]: Drop leg debug: len=80 expected=84
[cmd_vel_chassis_serial.py-1] [WARN] [1784051046.488299158] [cmd_vel_chassis_serial]: Drop leg debug: len=80 expected=84
[cmd_vel_chassis_serial.py-1] [WARN] [1784051046.517515948] [cmd_vel_chassis_serial]: Drop leg debug: len=80 expected=84
[cmd_vel_chassis_serial.py-1] [WARN] [1784051046.546285668] [cmd_vel_chassis_serial]: Drop leg debug: len=80 expected=84
[cmd_vel_chassis_serial.py-1] [WARN] [1784051046.576394106] [cmd_vel_chassis_serial]: Drop leg debug: len=80 expected=84
[cmd_vel_chassis_serial.py-1] [WARN] [1784051046.615559456] [cmd_vel_chassis_serial]: Drop leg debug: len=80 expected=84
[cmd_vel_chassis_serial.py-1] [WARN] [1784051046.638166417] [cmd_vel_chassis_serial]: Drop leg debug: len=80 expected=84
[cmd_vel_chassis_serial.py-1] [WARN] [1784051046.676886843] [cmd_vel_chassis_serial]: Drop leg debug: len=80 expected=84
[cmd_vel_chassis_serial.py-1] [WARN] [1784051046.723542840] [cmd_vel_chassis_serial]: Drop leg debug: len=80 expected=84
[cmd_vel_chassis_serial.py-1] [WARN] [1784051046.750512690] [cmd_vel_chassis_serial]: Drop leg debug: len=80 expected=84
[cmd_vel_chassis_serial.py-1] [WARN] [1784051046.795072778] [cmd_vel_chassis_serial]: Drop leg debug: len=80 expected=84
[cmd_vel_chassis_serial.py-1] [WARN] [1784051046.824630008] [cmd_vel_chassis_serial]: Drop leg debug: len=80 expected=84
[cmd_vel_chassis_serial.py-1] [WARN] [1784051046.861338453] [cmd_vel_chassis_serial]: Drop leg debug: len=80 expected=84
[cmd_vel_chassis_serial.py-1] [WARN] [1784051046.904860828] [cmd_vel_chassis_serial]: Drop leg debug: len=80 expected=84
[cmd_vel_chassis_serial.py-1] [WARN] [1784051046.933279759] [cmd_vel_chassis_serial]: Drop leg debug: len=80 expected=84
[cmd_vel_chassis_serial.py-1] [ERROR] [1784051046.937081114] [cmd_vel_chassis_serial]: Serial write failed: Write timeout
[cmd_vel_chassis_serial.py-1] [WARN] [1784051046.952669121] [cmd_vel_chassis_serial]: Drop leg debug: len=80 expected=84
[cmd_vel_chassis_serial.py-1] [WARN] [1784051046.981791129] [cmd_vel_chassis_serial]: Drop leg debug: len=80 expected=84
[cmd_vel_chassis_serial.py-1] [WARN] [1784051047.005833348] [cmd_vel_chassis_serial]: Drop leg debug: len=80 expected=84
[cmd_vel_chassis_serial.py-1] [WARN] [1784051047.025669403] [cmd_vel_chassis_serial]: Drop leg debug: len=80 expected=84
[cmd_vel_chassis_serial.py-1] [WARN] [1784051047.058190179] [cmd_vel_chassis_serial]: Drop leg debug: len=80 expected=84
[cmd_vel_chassis_serial.py-1] [WARN] [1784051047.084570929] [cmd_vel_chassis_serial]: Drop leg debug: len=80 expected=84
[cmd_vel_chassis_serial.py-1] [WARN] [1784051047.092308595] [cmd_vel_chassis_serial]: Drop leg debug: len=80 expected=84
[cmd_vel_chassis_serial.py-1] [WARN] [1784051047.113047979] [cmd_vel_chassis_serial]: Drop leg debug: len=80 expected=84
[cmd_vel_chassis_serial.py-1] [WARN] [1784051047.142775616] [cmd_vel_chassis_serial]: Drop leg debug: len=80 expected=84
[cmd_vel_chassis_serial.py-1] [WARN] [1784051047.162019821] [cmd_vel_chassis_serial]: Drop leg debug: len=80 expected=84
[cmd_vel_chassis_serial.py-1] [WARN] [1784051047.275042838] [cmd_vel_chassis_serial]: Drop leg debug: len=80 expected=84
[cmd_vel_chassis_serial.py-1] [WARN] [1784051047.308928894] [cmd_vel_chassis_serial]: Drop leg debug: len=80 expected=84
[cmd_vel_chassis_serial.py-1] [WARN] [1784051047.323581754] [cmd_vel_chassis_serial]: Drop leg debug: len=80 expected=84
[cmd_vel_chassis_serial.py-1] [WARN] [1784051047.352481812] [cmd_vel_chassis_serial]: Drop leg debug: len=80 expected=84
[cmd_vel_chassis_serial.py-1] [WARN] [1784051047.364073672] [cmd_vel_chassis_serial]: Drop leg debug: len=80 expected=84
[cmd_vel_chassis_serial.py-1] [WARN] [1784051047.378580273] [cmd_vel_chassis_serial]: Drop leg debug: len=80 expected=84
[cmd_vel_chassis_serial.py-1] [WARN] [1784051047.473097470] [cmd_vel_chassis_serial]: Drop leg debug: len=80 expected=84
[cmd_vel_chassis_serial.py-1] [WARN] [1784051047.488510268] [cmd_vel_chassis_serial]: Drop leg debug: len=80 expected=84
[cmd_vel_chassis_serial.py-1] [WARN] [1784051047.534244782] [cmd_vel_chassis_serial]: Drop leg debug: len=80 expected=84
[cmd_vel_chassis_serial.py-1] [WARN] [1784051047.566686331] [cmd_vel_chassis_serial]: Drop leg debug: len=80 expected=84
[cmd_vel_chassis_serial.py-1] [WARN] [1784051047.591934821] [cmd_vel_chassis_serial]: Drop leg debug: len=80 expected=84
[cmd_vel_chassis_serial.py-1] [WARN] [1784051047.624659845] [cmd_vel_chassis_serial]: Drop leg debug: len=80 expected=84
[cmd_vel_chassis_serial.py-1] [ERROR] [1784051047.630688537] [cmd_vel_chassis_serial]: Serial write failed: Write timeout
[cmd_vel_chassis_serial.py-1] [WARN] [1784051047.669328687] [cmd_vel_chassis_serial]: Drop leg debug: len=80 expected=84
[cmd_vel_chassis_serial.py-1] [WARN] [1784051047.693646467] [cmd_vel_chassis_serial]: Drop leg debug: len=80 expected=84
[cmd_vel_chassis_serial.py-1] [WARN] [1784051047.731762914] [cmd_vel_chassis_serial]: Drop leg debug: len=80 expected=84
[cmd_vel_chassis_serial.py-1] [WARN] [1784051047.762715891] [cmd_vel_chassis_serial]: Drop leg debug: len=80 expected=84
[cmd_vel_chassis_serial.py-1] [WARN] [1784051047.780546688] [cmd_vel_chassis_serial]: Drop leg debug: len=80 expected=84
[cmd_vel_chassis_serial.py-1] [WARN] [1784051047.817316793] [cmd_vel_chassis_serial]: Drop leg debug: len=80 expected=84
[cmd_vel_chassis_serial.py-1] [WARN] [1784051047.867173363] [cmd_vel_chassis_serial]: Drop leg debug: len=80 expected=84
[cmd_vel_chassis_serial.py-1] [WARN] [1784051047.893146074] [cmd_vel_chassis_serial]: Drop leg debug: len=80 expected=84
[cmd_vel_chassis_serial.py-1] [WARN] [1784051047.924553949] [cmd_vel_chassis_serial]: Drop leg debug: len=80 expected=84
[cmd_vel_chassis_serial.py-1] [WARN] [1784051047.944776718] [cmd_vel_chassis_serial]: Drop leg debug: len=80 expected=84
[cmd_vel_chassis_serial.py-1] [WARN] [1784051047.959009918] [cmd_vel_chassis_serial]: Drop leg debug: len=80 expected=84
[cmd_vel_chassis_serial.py-1] [WARN] [1784051047.972467674] [cmd_vel_chassis_serial]: Drop leg debug: len=80 expected=84
[cmd_vel_chassis_serial.py-1] [WARN] [1784051048.066014619] [cmd_vel_chassis_serial]: Drop leg debug: len=80 expected=84
[cmd_vel_chassis_serial.py-1] [WARN] [1784051048.096123861] [cmd_vel_chassis_serial]: Drop leg debug: len=80 expected=84
[cmd_vel_chassis_serial.py-1] [WARN] [1784051048.117633781] [cmd_vel_chassis_serial]: Drop leg debug: len=80 expected=84
[cmd_vel_chassis_serial.py-1] [WARN] [1784051048.136628039] [cmd_vel_chassis_serial]: Drop leg debug: len=80 expected=84
[cmd_vel_chassis_serial.py-1] [WARN] [1784051048.153546297] [cmd_vel_chassis_serial]: Drop leg debug: len=80 expected=84
[cmd_vel_chassis_serial.py-1] [WARN] [1784051048.165320002] [cmd_vel_chassis_serial]: Drop leg debug: len=80 expected=84
[cmd_vel_chassis_serial.py-1] [WARN] [1784051048.278988678] [cmd_vel_chassis_serial]: Drop leg debug: len=80 expected=84
[cmd_vel_chassis_serial.py-1] [WARN] [1784051048.318231254] [cmd_vel_chassis_serial]: Drop leg debug: len=80 expected=84
[cmd_vel_chassis_serial.py-1] [WARN] [1784051048.338337496] [cmd_vel_chassis_serial]: Drop leg debug: len=80 expected=84
[cmd_vel_chassis_serial.py-1] [WARN] [1784051048.351672318] [cmd_vel_chassis_serial]: Drop leg debug: len=80 expected=84
[cmd_vel_chassis_serial.py-1] [WARN] [1784051048.361672955] [cmd_vel_chassis_serial]: Drop leg debug: len=80 expected=84
[cmd_vel_chassis_serial.py-1] [WARN] [1784051048.373343779] [cmd_vel_chassis_serial]: Drop leg debug: len=80 expected=84
[cmd_vel_chassis_serial.py-1] [WARN] [1784051048.448390918] [cmd_vel_chassis_serial]: Drop leg debug: len=80 expected=84
[cmd_vel_chassis_serial.py-1] [WARN] [1784051048.471798410] [cmd_vel_chassis_serial]: Drop leg debug: len=80 expected=84
[cmd_vel_chassis_serial.py-1] [WARN] [1784051048.482676700] [cmd_vel_chassis_serial]: Drop leg debug: len=80 expected=84
[cmd_vel_chassis_serial.py-1] [WARN] [1784051048.517818643] [cmd_vel_chassis_serial]: Drop leg debug: len=80 expected=84
[cmd_vel_chassis_serial.py-1] [WARN] [1784051048.538307958] [cmd_vel_chassis_serial]: Drop leg debug: len=80 expected=84
[cmd_vel_chassis_serial.py-1] [WARN] [1784051048.582277820] [cmd_vel_chassis_serial]: Drop leg debug: len=80 expected=84
[cmd_vel_chassis_serial.py-1] [WARN] [1784051048.646243822] [cmd_vel_chassis_serial]: Drop leg debug: len=80 expected=84
[cmd_vel_chassis_serial.py-1] [WARN] [1784051048.658217891] [cmd_vel_chassis_serial]: Drop leg debug: len=80 expected=84
[cmd_vel_chassis_serial.py-1] [WARN] [1784051048.678990591] [cmd_vel_chassis_serial]: Drop leg debug: len=80 expected=84
[cmd_vel_chassis_serial.py-1] [WARN] [1784051048.706198698] [cmd_vel_chassis_serial]: Drop leg debug: len=80 expected=84
[cmd_vel_chassis_serial.py-1] [WARN] [1784051048.743574944] [cmd_vel_chassis_serial]: Drop leg debug: len=80 expected=84
[cmd_vel_chassis_serial.py-1] [WARN] [1784051048.768277525] [cmd_vel_chassis_serial]: Drop leg debug: len=80 expected=84
[cmd_vel_chassis_serial.py-1] [WARN] [1784051048.851227160] [cmd_vel_chassis_serial]: Drop leg debug: len=80 expected=84
[cmd_vel_chassis_serial.py-1] [WARN] [1784051048.860061160] [cmd_vel_chassis_serial]: Drop leg debug: len=80 expected=84
[cmd_vel_chassis_serial.py-1] [WARN] [1784051048.875773921] [cmd_vel_chassis_serial]: Drop leg debug: len=80 expected=84
[cmd_vel_chassis_serial.py-1] [WARN] [1784051048.893230437] [cmd_vel_chassis_serial]: Drop leg debug: len=80 expected=84
[cmd_vel_chassis_serial.py-1] [WARN] [1784051048.928244169] [cmd_vel_chassis_serial]: Drop leg debug: len=80 expected=84
[cmd_vel_chassis_serial.py-1] [WARN] [1784051048.941859868] [cmd_vel_chassis_serial]: Drop leg debug: len=80 expected=84
[cmd_vel_chassis_serial.py-1] [WARN] [1784051049.057985874] [cmd_vel_chassis_serial]: Drop leg debug: len=80 expected=84
[cmd_vel_chassis_serial.py-1] [WARN] [1784051049.078244559] [cmd_vel_chassis_serial]: Drop leg debug: len=80 expected=84
[cmd_vel_chassis_serial.py-1] [WARN] [1784051049.087308433] [cmd_vel_chassis_serial]: Drop leg debug: len=80 expected=84
[cmd_vel_chassis_serial.py-1] [WARN] [1784051049.122562716] [cmd_vel_chassis_serial]: Drop leg debug: len=80 expected=84
[cmd_vel_chassis_serial.py-1] [WARN] [1784051049.142077754] [cmd_vel_chassis_serial]: Drop leg debug: len=80 expected=84
[cmd_vel_chassis_serial.py-1] [WARN] [1784051049.168751030] [cmd_vel_chassis_serial]: Drop leg debug: len=80 expected=84
[cmd_vel_chassis_serial.py-1] [WARN] [1784051049.254418693] [cmd_vel_chassis_serial]: Drop leg debug: len=80 expected=84
[cmd_vel_chassis_serial.py-1] [WARN] [1784051049.269201103] [cmd_vel_chassis_serial]: Drop leg debug: len=80 expected=84
[cmd_vel_chassis_serial.py-1] [WARN] [1784051049.300696121] [cmd_vel_chassis_serial]: Drop leg debug: len=80 expected=84
[cmd_vel_chassis_serial.py-1] [WARN] [1784051049.344776946] [cmd_vel_chassis_serial]: Drop leg debug: len=80 expected=84
[cmd_vel_chassis_serial.py-1] [WARN] [1784051049.379774815] [cmd_vel_chassis_serial]: Drop leg debug: len=80 expected=84
[cmd_vel_chassis_serial.py-1] [WARN] [1784051049.396459825] [cmd_vel_chassis_serial]: Drop leg debug: len=80 expected=84
[cmd_vel_chassis_serial.py-1] [WARN] [1784051049.436439312] [cmd_vel_chassis_serial]: Drop leg debug: len=80 expected=84
[cmd_vel_chassis_serial.py-1] [WARN] [1784051049.469846778] [cmd_vel_chassis_serial]: Drop leg debug: len=80 expected=84
[cmd_vel_chassis_serial.py-1] [WARN] [1784051049.484124599] [cmd_vel_chassis_serial]: Drop leg debug: len=80 expected=84
[cmd_vel_chassis_serial.py-1] [WARN] [1784051049.526645377] [cmd_vel_chassis_serial]: Drop leg debug: len=80 expected=84
[cmd_vel_chassis_serial.py-1] [WARN] [1784051049.548920446] [cmd_vel_chassis_serial]: Drop leg debug: len=80 expected=84
[cmd_vel_chassis_serial.py-1] [WARN] [1784051049.578100975] [cmd_vel_chassis_serial]: Drop leg debug: len=80 expected=84
[cmd_vel_chassis_serial.py-1] [WARN] [1784051049.671883712] [cmd_vel_chassis_serial]: Drop leg debug: len=80 expected=84
[cmd_vel_chassis_serial.py-1] [WARN] [1784051049.707212788] [cmd_vel_chassis_serial]: Drop leg debug: len=80 expected=84
[cmd_vel_chassis_serial.py-1] [ERROR] [1784051049.734094948] [cmd_vel_chassis_serial]: Serial write failed: Write timeout
[cmd_vel_chassis_serial.py-1] [WARN] [1784051049.737707278] [cmd_vel_chassis_serial]: Drop leg debug: len=80 expected=84
[cmd_vel_chassis_serial.py-1] [WARN] [1784051049.751715253] [cmd_vel_chassis_serial]: Drop leg debug: len=80 expected=84
[cmd_vel_chassis_serial.py-1] [WARN] [1784051049.774244793] [cmd_vel_chassis_serial]: Drop leg debug: len=80 expected=84
[cmd_vel_chassis_serial.py-1] [WARN] [1784051049.782833452] [cmd_vel_chassis_serial]: Drop leg debug: len=80 expected=84
[cmd_vel_chassis_serial.py-1] [WARN] [1784051049.848964104] [cmd_vel_chassis_serial]: Drop leg debug: len=80 expected=84
[cmd_vel_chassis_serial.py-1] [WARN] [1784051049.897506919] [cmd_vel_chassis_serial]: Drop leg debug: len=80 expected=84
[cmd_vel_chassis_serial.py-1] [WARN] [1784051049.943715790] [cmd_vel_chassis_serial]: Drop leg debug: len=80 expected=84
[cmd_vel_chassis_serial.py-1] [WARN] [1784051049.966156170] [cmd_vel_chassis_serial]: Drop leg debug: len=80 expected=84
[cmd_vel_chassis_serial.py-1] [WARN] [1784051050.006747193] [cmd_vel_chassis_serial]: Drop leg debug: len=80 expected=84
[cmd_vel_chassis_serial.py-1] [WARN] [1784051050.027502637] [cmd_vel_chassis_serial]: Drop leg debug: len=80 expected=84
[cmd_vel_chassis_serial.py-1] [WARN] [1784051050.050044246] [cmd_vel_chassis_serial]: Drop leg debug: len=80 expected=84
[cmd_vel_chassis_serial.py-1] [WARN] [1784051050.062507057] [cmd_vel_chassis_serial]: Drop leg debug: len=80 expected=84
[cmd_vel_chassis_serial.py-1] [WARN] [1784051050.081563854] [cmd_vel_chassis_serial]: Drop leg debug: len=80 expected=84
[cmd_vel_chassis_serial.py-1] [WARN] [1784051050.092909279] [cmd_vel_chassis_serial]: Drop leg debug: len=80 expected=84
[cmd_vel_chassis_serial.py-1] [WARN] [1784051050.124753802] [cmd_vel_chassis_serial]: Drop leg debug: len=80 expected=84
[cmd_vel_chassis_serial.py-1] [WARN] [1784051050.146184309] [cmd_vel_chassis_serial]: Drop leg debug: len=80 expected=84
[cmd_vel_chassis_serial.py-1] [WARN] [1784051050.250217141] [cmd_vel_chassis_serial]: Drop leg debug: len=80 expected=84
[cmd_vel_chassis_serial.py-1] [WARN] [1784051050.276307610] [cmd_vel_chassis_serial]: Drop leg debug: len=80 expected=84
[cmd_vel_chassis_serial.py-1] [WARN] [1784051050.294668126] [cmd_vel_chassis_serial]: Drop leg debug: len=80 expected=84
[cmd_vel_chassis_serial.py-1] [WARN] [1784051050.344735367] [cmd_vel_chassis_serial]: Drop leg debug: len=80 expected=84
[cmd_vel_chassis_serial.py-1] [WARN] [1784051050.353983529] [cmd_vel_chassis_serial]: Drop leg debug: len=80 expected=84
[cmd_vel_chassis_serial.py-1] [WARN] [1784051050.357603548] [cmd_vel_chassis_serial]: Drop leg debug: len=80 expected=84
[cmd_vel_chassis_serial.py-1] [WARN] [1784051050.433874528] [cmd_vel_chassis_serial]: Drop leg debug: len=80 expected=84
[cmd_vel_chassis_serial.py-1] [WARN] [1784051050.458182165] [cmd_vel_chassis_serial]: Drop leg debug: len=80 expected=84
[cmd_vel_chassis_serial.py-1] [WARN] [1784051050.464868984] [cmd_vel_chassis_serial]: Drop leg debug: len=80 expected=84
[cmd_vel_chassis_serial.py-1] [WARN] [1784051050.495439324] [cmd_vel_chassis_serial]: Drop leg debug: len=80 expected=84
[cmd_vel_chassis_serial.py-1] [WARN] [1784051050.516908656] [cmd_vel_chassis_serial]: Drop leg debug: len=80 expected=84
[cmd_vel_chassis_serial.py-1] [WARN] [1784051050.525168629] [cmd_vel_chassis_serial]: Drop leg debug: len=80 expected=84
[cmd_vel_chassis_serial.py-1] [WARN] [1784051050.635585915] [cmd_vel_chassis_serial]: Drop leg debug: len=80 expected=84
[cmd_vel_chassis_serial.py-1] [WARN] [1784051050.643393527] [cmd_vel_chassis_serial]: Drop leg debug: len=80 expected=84
[cmd_vel_chassis_serial.py-1] [WARN] [1784051050.676469222] [cmd_vel_chassis_serial]: Drop leg debug: len=80 expected=84
[cmd_vel_chassis_serial.py-1] [WARN] [1784051050.687223408] [cmd_vel_chassis_serial]: Drop leg debug: len=80 expected=84
[cmd_vel_chassis_serial.py-1] [WARN] [1784051050.706594037] [cmd_vel_chassis_serial]: Drop leg debug: len=80 expected=84
[cmd_vel_chassis_serial.py-1] [WARN] [1784051050.724216414] [cmd_vel_chassis_serial]: Drop leg debug: len=80 expected=84
[cmd_vel_chassis_serial.py-1] [WARN] [1784051050.856067326] [cmd_vel_chassis_serial]: Drop leg debug: len=80 expected=84
[cmd_vel_chassis_serial.py-1] [WARN] [1784051050.869518901] [cmd_vel_chassis_serial]: Drop leg debug: len=80 expected=84
[cmd_vel_chassis_serial.py-1] [WARN] [1784051050.892910157] [cmd_vel_chassis_serial]: Drop leg debug: len=80 expected=84
[cmd_vel_chassis_serial.py-1] [WARN] [1784051050.918191193] [cmd_vel_chassis_serial]: Drop leg debug: len=80 expected=84
[cmd_vel_chassis_serial.py-1] [WARN] [1784051050.944192199] [cmd_vel_chassis_serial]: Drop leg debug: len=80 expected=84
[cmd_vel_chassis_serial.py-1] [WARN] [1784051050.960780643] [cmd_vel_chassis_serial]: Drop leg debug: len=80 expected=84
[cmd_vel_chassis_serial.py-1] [WARN] [1784051051.032282717] [cmd_vel_chassis_serial]: Drop leg debug: len=80 expected=84
[cmd_vel_chassis_serial.py-1] [WARN] [1784051051.057310277] [cmd_vel_chassis_serial]: Drop leg debug: len=80 expected=84
[cmd_vel_chassis_serial.py-1] [WARN] [1784051051.086456207] [cmd_vel_chassis_serial]: Drop leg debug: len=80 expected=84
[cmd_vel_chassis_serial.py-1] [WARN] [1784051051.135151477] [cmd_vel_chassis_serial]: Drop leg debug: len=80 expected=84
[cmd_vel_chassis_serial.py-1] [WARN] [1784051051.169958943] [cmd_vel_chassis_serial]: Drop leg debug: len=80 expected=84
[cmd_vel_chassis_serial.py-1] [WARN] [1784051051.226548932] [cmd_vel_chassis_serial]: Drop leg debug: len=80 expected=84
[cmd_vel_chassis_serial.py-1] [WARN] [1784051051.257322765] [cmd_vel_chassis_serial]: Drop leg debug: len=80 expected=84
[cmd_vel_chassis_serial.py-1] [WARN] [1784051051.297168184] [cmd_vel_chassis_serial]: Drop leg debug: len=80 expected=84
[cmd_vel_chassis_serial.py-1] [WARN] [1784051051.323805176] [cmd_vel_chassis_serial]: Drop leg debug: len=80 expected=84
[cmd_vel_chassis_serial.py-1] [WARN] [1784051051.359814936] [cmd_vel_chassis_serial]: Drop leg debug: len=80 expected=84
[cmd_vel_chassis_serial.py-1] [WARN] [1784051051.370269999] [cmd_vel_chassis_serial]: Drop leg debug: len=80 expected=84
[cmd_vel_chassis_serial.py-1] [WARN] [1784051051.391679580] [cmd_vel_chassis_serial]: Drop leg debug: len=80 expected=84
[cmd_vel_chassis_serial.py-1] [WARN] [1784051051.429998097] [cmd_vel_chassis_serial]: Drop leg debug: len=80 expected=84
[cmd_vel_chassis_serial.py-1] [WARN] [1784051051.442821551] [cmd_vel_chassis_serial]: Drop leg debug: len=80 expected=84
[cmd_vel_chassis_serial.py-1] [WARN] [1784051051.464986960] [cmd_vel_chassis_serial]: Drop leg debug: len=80 expected=84
[cmd_vel_chassis_serial.py-1] [WARN] [1784051051.494573120] [cmd_vel_chassis_serial]: Drop leg debug: len=80 expected=84
[cmd_vel_chassis_serial.py-1] [WARN] [1784051051.519537530] [cmd_vel_chassis_serial]: Drop leg debug: len=80 expected=84
[cmd_vel_chassis_serial.py-1] [WARN] [1784051051.530034656] [cmd_vel_chassis_serial]: Drop leg debug: len=80 expected=84
[cmd_vel_chassis_serial.py-1] [WARN] [1784051051.629411579] [cmd_vel_chassis_serial]: Drop leg debug: len=80 expected=84
[cmd_vel_chassis_serial.py-1] [WARN] [1784051051.676938978] [cmd_vel_chassis_serial]: Drop leg debug: len=80 expected=84
[cmd_vel_chassis_serial.py-1] [WARN] [1784051051.702594270] [cmd_vel_chassis_serial]: Drop leg debug: len=80 expected=84
[cmd_vel_chassis_serial.py-1] [WARN] [1784051051.724690066] [cmd_vel_chassis_serial]: Drop leg debug: len=80 expected=84
[cmd_vel_chassis_serial.py-1] [WARN] [1784051051.739111630] [cmd_vel_chassis_serial]: Drop leg debug: len=80 expected=84
[cmd_vel_chassis_serial.py-1] [WARN] [1784051051.770997550] [cmd_vel_chassis_serial]: Drop leg debug: len=80 expected=84
[cmd_vel_chassis_serial.py-1] [WARN] [1784051051.805859181] [cmd_vel_chassis_serial]: Drop leg debug: len=80 expected=84
[cmd_vel_chassis_serial.py-1] [WARN] [1784051051.836073324] [cmd_vel_chassis_serial]: Drop leg debug: len=80 expected=84
[cmd_vel_chassis_serial.py-1] [WARN] [1784051051.857797149] [cmd_vel_chassis_serial]: Drop leg debug: len=80 expected=84
[cmd_vel_chassis_serial.py-1] [WARN] [1784051051.878524521] [cmd_vel_chassis_serial]: Drop leg debug: len=80 expected=84
[cmd_vel_chassis_serial.py-1] [WARN] [1784051051.907048200] [cmd_vel_chassis_serial]: Drop leg debug: len=80 expected=84
[cmd_vel_chassis_serial.py-1] [WARN] [1784051051.943056221] [cmd_vel_chassis_serial]: Drop leg debug: len=80 expected=84
[cmd_vel_chassis_serial.py-1] [WARN] [1784051052.029696356] [cmd_vel_chassis_serial]: Drop leg debug: len=80 expected=84
[cmd_vel_chassis_serial.py-1] [WARN] [1784051052.050168980] [cmd_vel_chassis_serial]: Drop leg debug: len=80 expected=84
[cmd_vel_chassis_serial.py-1] [WARN] [1784051052.083072506] [cmd_vel_chassis_serial]: Drop leg debug: len=80 expected=84
[cmd_vel_chassis_serial.py-1] [WARN] [1784051052.132060317] [cmd_vel_chassis_serial]: Drop leg debug: len=80 expected=84
[cmd_vel_chassis_serial.py-1] [WARN] [1784051052.146624506] [cmd_vel_chassis_serial]: Drop leg debug: len=80 expected=84
[cmd_vel_chassis_serial.py-1] [WARN] [1784051052.187525916] [cmd_vel_chassis_serial]: Drop leg debug: len=80 expected=84
[cmd_vel_chassis_serial.py-1] [WARN] [1784051052.230578569] [cmd_vel_chassis_serial]: Drop leg debug: len=80 expected=84
[cmd_vel_chassis_serial.py-1] [WARN] [1784051052.252688868] [cmd_vel_chassis_serial]: Drop leg debug: len=80 expected=84
[cmd_vel_chassis_serial.py-1] [WARN] [1784051052.312016238] [cmd_vel_chassis_serial]: Drop leg debug: len=80 expected=84
[cmd_vel_chassis_serial.py-1] [WARN] [1784051052.335768626] [cmd_vel_chassis_serial]: Drop leg debug: len=80 expected=84
[cmd_vel_chassis_serial.py-1] [WARN] [1784051052.373461565] [cmd_vel_chassis_serial]: Drop leg debug: len=80 expected=84
[cmd_vel_chassis_serial.py-1] [WARN] [1784051052.431135175] [cmd_vel_chassis_serial]: Drop leg debug: len=80 expected=84
[cmd_vel_chassis_serial.py-1] [WARN] [1784051052.483520258] [cmd_vel_chassis_serial]: Drop leg debug: len=80 expected=84
[cmd_vel_chassis_serial.py-1] [WARN] [1784051052.544817481] [cmd_vel_chassis_serial]: Drop leg debug: len=80 expected=84
[cmd_vel_chassis_serial.py-1] [WARN] [1784051052.579122961] [cmd_vel_chassis_serial]: Drop leg debug: len=80 expected=84
[cmd_vel_chassis_serial.py-1] [WARN] [1784051052.588709403] [cmd_vel_chassis_serial]: Drop leg debug: len=80 expected=84
[cmd_vel_chassis_serial.py-1] [WARN] [1784051052.630935092] [cmd_vel_chassis_serial]: Drop leg debug: len=80 expected=84
[cmd_vel_chassis_serial.py-1] [WARN] [1784051052.693226395] [cmd_vel_chassis_serial]: Drop leg debug: len=80 expected=84
[cmd_vel_chassis_serial.py-1] [WARN] [1784051052.732321971] [cmd_vel_chassis_serial]: Drop leg debug: len=80 expected=84
[cmd_vel_chassis_serial.py-1] [WARN] [1784051052.779192003] [cmd_vel_chassis_serial]: Drop leg debug: len=80 expected=84
[cmd_vel_chassis_serial.py-1] [WARN] [1784051052.807055905] [cmd_vel_chassis_serial]: Drop leg debug: len=80 expected=84
[cmd_vel_chassis_serial.py-1] [WARN] [1784051052.877743622] [cmd_vel_chassis_serial]: Drop leg debug: len=80 expected=84
[cmd_vel_chassis_serial.py-1] [WARN] [1784051052.902319796] [cmd_vel_chassis_serial]: Drop leg debug: len=80 expected=84
[cmd_vel_chassis_serial.py-1] [WARN] [1784051052.942547756] [cmd_vel_chassis_serial]: Drop leg debug: len=80 expected=84
[cmd_vel_chassis_serial.py-1] [WARN] [1784051052.961892375] [cmd_vel_chassis_serial]: Drop leg debug: len=80 expected=84
[cmd_vel_chassis_serial.py-1] [WARN] [1784051053.007144005] [cmd_vel_chassis_serial]: Drop leg debug: len=80 expected=84
[cmd_vel_chassis_serial.py-1] [WARN] [1784051053.036897284] [cmd_vel_chassis_serial]: Drop leg debug: len=80 expected=84
[cmd_vel_chassis_serial.py-1] [WARN] [1784051053.072254186] [cmd_vel_chassis_serial]: Drop leg debug: len=80 expected=84
[cmd_vel_chassis_serial.py-1] [WARN] [1784051053.107267618] [cmd_vel_chassis_serial]: Drop leg debug: len=80 expected=84
[cmd_vel_chassis_serial.py-1] [WARN] [1784051053.125485869] [cmd_vel_chassis_serial]: Drop leg debug: len=80 expected=84
[cmd_vel_chassis_serial.py-1] [WARN] [1784051053.151927450] [cmd_vel_chassis_serial]: Drop leg debug: len=80 expected=84
[cmd_vel_chassis_serial.py-1] [WARN] [1784051053.174013143] [cmd_vel_chassis_serial]: Drop leg debug: len=80 expected=84
[cmd_vel_chassis_serial.py-1] [WARN] [1784051053.210565198] [cmd_vel_chassis_serial]: Drop leg debug: len=80 expected=84
[cmd_vel_chassis_serial.py-1] [WARN] [1784051053.222098199] [cmd_vel_chassis_serial]: Drop leg debug: len=80 expected=84
[cmd_vel_chassis_serial.py-1] [WARN] [1784051053.242483994] [cmd_vel_chassis_serial]: Drop leg debug: len=80 expected=84
[cmd_vel_chassis_serial.py-1] [WARN] [1784051053.261764487] [cmd_vel_chassis_serial]: Drop leg debug: len=80 expected=84
[cmd_vel_chassis_serial.py-1] [WARN] [1784051053.277645113] [cmd_vel_chassis_serial]: Drop leg debug: len=80 expected=84
[cmd_vel_chassis_serial.py-1] [WARN] [1784051053.287193003] [cmd_vel_chassis_serial]: Drop leg debug: len=80 expected=84
[cmd_vel_chassis_serial.py-1] [WARN] [1784051053.304474759] [cmd_vel_chassis_serial]: Drop leg debug: len=80 expected=84
[cmd_vel_chassis_serial.py-1] [WARN] [1784051053.337400985] [cmd_vel_chassis_serial]: Drop leg debug: len=80 expected=84
[cmd_vel_chassis_serial.py-1] [WARN] [1784051053.379003495] [cmd_vel_chassis_serial]: Drop leg debug: len=80 expected=84
[cmd_vel_chassis_serial.py-1] [WARN] [1784051053.415828277] [cmd_vel_chassis_serial]: Drop leg debug: len=80 expected=84
[cmd_vel_chassis_serial.py-1] [WARN] [1784051053.436431865] [cmd_vel_chassis_serial]: Drop leg debug: len=80 expected=84
[cmd_vel_chassis_serial.py-1] [WARN] [1784051053.450495516] [cmd_vel_chassis_serial]: Drop leg debug: len=80 expected=84
[cmd_vel_chassis_serial.py-1] [WARN] [1784051053.465778152] [cmd_vel_chassis_serial]: Drop leg debug: len=80 expected=84
[cmd_vel_chassis_serial.py-1] [ERROR] [1784051053.500299924] [cmd_vel_chassis_serial]: Serial write failed: Write timeout
[cmd_vel_chassis_serial.py-1] [WARN] [1784051053.507323450] [cmd_vel_chassis_serial]: Drop leg debug: len=80 expected=84
[cmd_vel_chassis_serial.py-1] [WARN] [1784051053.515447636] [cmd_vel_chassis_serial]: Drop leg debug: len=80 expected=84
[cmd_vel_chassis_serial.py-1] [WARN] [1784051053.537544388] [cmd_vel_chassis_serial]: Drop leg debug: len=80 expected=84
[cmd_vel_chassis_serial.py-1] [ERROR] [1784051053.548853934] [cmd_vel_chassis_serial]: Serial write failed: Write timeout
[cmd_vel_chassis_serial.py-1] [WARN] [1784051053.612556243] [cmd_vel_chassis_serial]: Drop leg debug: len=80 expected=84
[cmd_vel_chassis_serial.py-1] [ERROR] [1784051053.658217099] [cmd_vel_chassis_serial]: Serial write failed: Write timeout
[cmd_vel_chassis_serial.py-1] [WARN] [1784051053.664590939] [cmd_vel_chassis_serial]: Drop leg debug: len=80 expected=84
[cmd_vel_chassis_serial.py-1] [WARN] [1784051053.693943079] [cmd_vel_chassis_serial]: Drop leg debug: len=80 expected=84
[cmd_vel_chassis_serial.py-1] [WARN] [1784051053.718195022] [cmd_vel_chassis_serial]: Drop leg debug: len=80 expected=84
[cmd_vel_chassis_serial.py-1] [WARN] [1784051053.751600685] [cmd_vel_chassis_serial]: Drop leg debug: len=80 expected=84
[cmd_vel_chassis_serial.py-1] [ERROR] [1784051053.778255430] [cmd_vel_chassis_serial]: Serial write failed: Write timeout
[cmd_vel_chassis_serial.py-1] [WARN] [1784051053.787962401] [cmd_vel_chassis_serial]: Drop leg debug: len=80 expected=84
[cmd_vel_chassis_serial.py-1] [WARN] [1784051053.814334535] [cmd_vel_chassis_serial]: Drop leg debug: len=80 expected=84
[cmd_vel_chassis_serial.py-1] [WARN] [1784051053.845156377] [cmd_vel_chassis_serial]: Drop leg debug: len=80 expected=84
[cmd_vel_chassis_serial.py-1] [WARN] [1784051053.886182332] [cmd_vel_chassis_serial]: Drop leg debug: len=80 expected=84
[cmd_vel_chassis_serial.py-1] [WARN] [1784051053.913387294] [cmd_vel_chassis_serial]: Drop leg debug: len=80 expected=84
[cmd_vel_chassis_serial.py-1] [ERROR] [1784051053.952077734] [cmd_vel_chassis_serial]: Serial write failed: Write timeout
[cmd_vel_chassis_serial.py-1] [WARN] [1784051053.956106693] [cmd_vel_chassis_serial]: Drop leg debug: len=80 expected=84
[cmd_vel_chassis_serial.py-1] [WARN] [1784051053.981708107] [cmd_vel_chassis_serial]: Drop leg debug: len=80 expected=84
[cmd_vel_chassis_serial.py-1] [WARN] [1784051054.033975459] [cmd_vel_chassis_serial]: Drop leg debug: len=80 expected=84
[cmd_vel_chassis_serial.py-1] [WARN] [1784051054.073185334] [cmd_vel_chassis_serial]: Drop leg debug: len=80 expected=84
[cmd_vel_chassis_serial.py-1] [WARN] [1784051054.104786859] [cmd_vel_chassis_serial]: Drop leg debug: len=80 expected=84
[cmd_vel_chassis_serial.py-1] [WARN] [1784051054.147292182] [cmd_vel_chassis_serial]: Drop leg debug: len=80 expected=84
[cmd_vel_chassis_serial.py-1] [WARN] [1784051054.185651302] [cmd_vel_chassis_serial]: Drop leg debug: len=80 expected=84
[cmd_vel_chassis_serial.py-1] [WARN] [1784051054.207965067] [cmd_vel_chassis_serial]: Drop leg debug: len=80 expected=84
[cmd_vel_chassis_serial.py-1] [ERROR] [1784051054.241910613] [cmd_vel_chassis_serial]: Serial write failed: Write timeout
[cmd_vel_chassis_serial.py-1] [WARN] [1784051054.249550306] [cmd_vel_chassis_serial]: Drop leg debug: len=80 expected=84
[cmd_vel_chassis_serial.py-1] [WARN] [1784051054.298085351] [cmd_vel_chassis_serial]: Drop leg debug: len=80 expected=84
[cmd_vel_chassis_serial.py-1] [WARN] [1784051054.335701196] [cmd_vel_chassis_serial]: Drop leg debug: len=80 expected=84
[cmd_vel_chassis_serial.py-1] [WARN] [1784051054.365709806] [cmd_vel_chassis_serial]: Drop leg debug: len=80 expected=84
[cmd_vel_chassis_serial.py-1] [WARN] [1784051054.382679322] [cmd_vel_chassis_serial]: Drop leg debug: len=80 expected=84
[cmd_vel_chassis_serial.py-1] [WARN] [1784051054.407012011] [cmd_vel_chassis_serial]: Drop leg debug: len=80 expected=84
[cmd_vel_chassis_serial.py-1] [WARN] [1784051054.435445540] [cmd_vel_chassis_serial]: Drop leg debug: len=80 expected=84
[cmd_vel_chassis_serial.py-1] [WARN] [1784051054.481628396] [cmd_vel_chassis_serial]: Drop leg debug: len=80 expected=84
[cmd_vel_chassis_serial.py-1] [WARN] [1784051054.495707422] [cmd_vel_chassis_serial]: Drop leg debug: len=80 expected=84
[cmd_vel_chassis_serial.py-1] [WARN] [1784051054.543952525] [cmd_vel_chassis_serial]: Drop leg debug: len=80 expected=84
[cmd_vel_chassis_serial.py-1] [WARN] [1784051054.573094905] [cmd_vel_chassis_serial]: Drop leg debug: len=80 expected=84
[cmd_vel_chassis_serial.py-1] [WARN] [1784051054.618893937] [cmd_vel_chassis_serial]: Drop leg debug: len=80 expected=84
[cmd_vel_chassis_serial.py-1] [WARN] [1784051054.668430761] [cmd_vel_chassis_serial]: Drop leg debug: len=80 expected=84
[cmd_vel_chassis_serial.py-1] [WARN] [1784051054.701276557] [cmd_vel_chassis_serial]: Drop leg debug: len=80 expected=84
[cmd_vel_chassis_serial.py-1] [WARN] [1784051054.748114083] [cmd_vel_chassis_serial]: Drop leg debug: len=80 expected=84
[cmd_vel_chassis_serial.py-1] [WARN] [1784051054.795782336] [cmd_vel_chassis_serial]: Drop leg debug: len=80 expected=84
[cmd_vel_chassis_serial.py-1] [WARN] [1784051054.826605130] [cmd_vel_chassis_serial]: Drop leg debug: len=80 expected=84
[cmd_vel_chassis_serial.py-1] [WARN] [1784051054.876194574] [cmd_vel_chassis_serial]: Drop leg debug: len=80 expected=84
[cmd_vel_chassis_serial.py-1] [WARN] [1784051054.925198496] [cmd_vel_chassis_serial]: Drop leg debug: len=80 expected=84
[cmd_vel_chassis_serial.py-1] [WARN] [1784051054.957786482] [cmd_vel_chassis_serial]: Drop leg debug: len=80 expected=84
[cmd_vel_chassis_serial.py-1] [WARN] [1784051054.989773725] [cmd_vel_chassis_serial]: Drop leg debug: len=80 expected=84
[cmd_vel_chassis_serial.py-1] [WARN] [1784051055.030512656] [cmd_vel_chassis_serial]: Drop leg debug: len=80 expected=84
[cmd_vel_chassis_serial.py-1] [WARN] [1784051055.067599105] [cmd_vel_chassis_serial]: Drop leg debug: len=80 expected=84
[cmd_vel_chassis_serial.py-1] [WARN] [1784051055.089475995] [cmd_vel_chassis_serial]: Drop leg debug: len=80 expected=84
[cmd_vel_chassis_serial.py-1] [WARN] [1784051055.123220360] [cmd_vel_chassis_serial]: Drop leg debug: len=80 expected=84
[cmd_vel_chassis_serial.py-1] [WARN] [1784051055.150938365] [cmd_vel_chassis_serial]: Drop leg debug: len=80 expected=84
[cmd_vel_chassis_serial.py-1] [WARN] [1784051055.176938368] [cmd_vel_chassis_serial]: Drop leg debug: len=80 expected=84
[cmd_vel_chassis_serial.py-1] [WARN] [1784051055.210124384] [cmd_vel_chassis_serial]: Drop leg debug: len=80 expected=84
[cmd_vel_chassis_serial.py-1] [WARN] [1784051055.223671298] [cmd_vel_chassis_serial]: Drop leg debug: len=80 expected=84
[cmd_vel_chassis_serial.py-1] [ERROR] [1784051055.251808095] [cmd_vel_chassis_serial]: Serial write failed: Write timeout
[cmd_vel_chassis_serial.py-1] [WARN] [1784051055.265780219] [cmd_vel_chassis_serial]: Drop leg debug: len=80 expected=84
[cmd_vel_chassis_serial.py-1] [WARN] [1784051055.286210725] [cmd_vel_chassis_serial]: Drop leg debug: len=80 expected=84
[cmd_vel_chassis_serial.py-1] [WARN] [1784051055.317761394] [cmd_vel_chassis_serial]: Drop leg debug: len=80 expected=84
[cmd_vel_chassis_serial.py-1] [WARN] [1784051055.367873089] [cmd_vel_chassis_serial]: Drop leg debug: len=80 expected=84
[cmd_vel_chassis_serial.py-1] [WARN] [1784051055.385700019] [cmd_vel_chassis_serial]: Drop leg debug: len=80 expected=84
[cmd_vel_chassis_serial.py-1] [WARN] [1784051055.458256536] [cmd_vel_chassis_serial]: Drop leg debug: len=80 expected=84
[cmd_vel_chassis_serial.py-1] [WARN] [1784051055.566322558] [cmd_vel_chassis_serial]: Drop leg debug: len=80 expected=84
[cmd_vel_chassis_serial.py-1] [WARN] [1784051055.605149403] [cmd_vel_chassis_serial]: Drop leg debug: len=80 expected=84
[cmd_vel_chassis_serial.py-1] [WARN] [1784051055.649929045] [cmd_vel_chassis_serial]: Drop leg debug: len=80 expected=84
[cmd_vel_chassis_serial.py-1] [WARN] [1784051055.662871491] [cmd_vel_chassis_serial]: Drop leg debug: len=80 expected=84
[cmd_vel_chassis_serial.py-1] [WARN] [1784051055.677881761] [cmd_vel_chassis_serial]: Drop leg debug: len=80 expected=84
[cmd_vel_chassis_serial.py-1] [WARN] [1784051055.695487222] [cmd_vel_chassis_serial]: Drop leg debug: len=80 expected=84
[cmd_vel_chassis_serial.py-1] [WARN] [1784051055.716439290] [cmd_vel_chassis_serial]: Drop leg debug: len=80 expected=84
[cmd_vel_chassis_serial.py-1] [WARN] [1784051055.745999165] [cmd_vel_chassis_serial]: Drop leg debug: len=80 expected=84
[cmd_vel_chassis_serial.py-1] [WARN] [1784051055.765937772] [cmd_vel_chassis_serial]: Drop leg debug: len=80 expected=84
[cmd_vel_chassis_serial.py-1] [WARN] [1784051055.791172722] [cmd_vel_chassis_serial]: Drop leg debug: len=80 expected=84
[cmd_vel_chassis_serial.py-1] [WARN] [1784051055.827932043] [cmd_vel_chassis_serial]: Drop leg debug: len=80 expected=84
[cmd_vel_chassis_serial.py-1] [WARN] [1784051055.840019500] [cmd_vel_chassis_serial]: Drop leg debug: len=80 expected=84
[cmd_vel_chassis_serial.py-1] [WARN] [1784051055.860876691] [cmd_vel_chassis_serial]: Drop leg debug: len=80 expected=84
[cmd_vel_chassis_serial.py-1] [WARN] [1784051055.883263376] [cmd_vel_chassis_serial]: Drop leg debug: len=80 expected=84
[cmd_vel_chassis_serial.py-1] [WARN] [1784051055.908682720] [cmd_vel_chassis_serial]: Drop leg debug: len=80 expected=84
[cmd_vel_chassis_serial.py-1] [WARN] [1784051055.932907280] [cmd_vel_chassis_serial]: Drop leg debug: len=80 expected=84
[cmd_vel_chassis_serial.py-1] [ERROR] [1784051055.946580785] [cmd_vel_chassis_serial]: Serial write failed: Write timeout
[cmd_vel_chassis_serial.py-1] [WARN] [1784051055.979483920] [cmd_vel_chassis_serial]: Drop leg debug: len=80 expected=84
[cmd_vel_chassis_serial.py-1] [WARN] [1784051056.006310804] [cmd_vel_chassis_serial]: Drop leg debug: len=80 expected=84
[cmd_vel_chassis_serial.py-1] [WARN] [1784051056.079162021] [cmd_vel_chassis_serial]: Drop leg debug: len=80 expected=84
[cmd_vel_chassis_serial.py-1] [WARN] [1784051056.095825011] [cmd_vel_chassis_serial]: Drop leg debug: len=80 expected=84
[cmd_vel_chassis_serial.py-1] [WARN] [1784051056.109900480] [cmd_vel_chassis_serial]: Drop leg debug: len=80 expected=84
[cmd_vel_chassis_serial.py-1] [WARN] [1784051056.128914873] [cmd_vel_chassis_serial]: Drop leg debug: len=80 expected=84
[cmd_vel_chassis_serial.py-1] [WARN] [1784051056.140253476] [cmd_vel_chassis_serial]: Drop leg debug: len=80 expected=84
[cmd_vel_chassis_serial.py-1] [ERROR] [1784051056.156894683] [cmd_vel_chassis_serial]: Serial write failed: Write timeout
[cmd_vel_chassis_serial.py-1] [WARN] [1784051056.170272118] [cmd_vel_chassis_serial]: Drop leg debug: len=80 expected=84
[cmd_vel_chassis_serial.py-1] [WARN] [1784051056.181773046] [cmd_vel_chassis_serial]: Drop leg debug: len=80 expected=84
[cmd_vel_chassis_serial.py-1] [WARN] [1784051056.218743402] [cmd_vel_chassis_serial]: Drop leg debug: len=80 expected=84
[cmd_vel_chassis_serial.py-1] [WARN] [1784051056.230916528] [cmd_vel_chassis_serial]: Drop leg debug: len=80 expected=84
[cmd_vel_chassis_serial.py-1] [WARN] [1784051056.248193301] [cmd_vel_chassis_serial]: Drop leg debug: len=80 expected=84
[cmd_vel_chassis_serial.py-1] [WARN] [1784051056.262684089] [cmd_vel_chassis_serial]: Drop leg debug: len=80 expected=84
[cmd_vel_chassis_serial.py-1] [ERROR] [1784051056.269132431] [cmd_vel_chassis_serial]: Serial write failed: Write timeout
[cmd_vel_chassis_serial.py-1] [WARN] [1784051056.274946396] [cmd_vel_chassis_serial]: Drop leg debug: len=80 expected=84
[cmd_vel_chassis_serial.py-1] [WARN] [1784051056.279293042] [cmd_vel_chassis_serial]: Drop leg debug: len=80 expected=84
[cmd_vel_chassis_serial.py-1] [WARN] [1784051056.306253034] [cmd_vel_chassis_serial]: Drop leg debug: len=80 expected=84
[cmd_vel_chassis_serial.py-1] [WARN] [1784051056.367295202] [cmd_vel_chassis_serial]: Drop leg debug: len=80 expected=84
[cmd_vel_chassis_serial.py-1] [WARN] [1784051056.373058045] [cmd_vel_chassis_serial]: Drop leg debug: len=80 expected=84
[cmd_vel_chassis_serial.py-1] [WARN] [1784051056.382731608] [cmd_vel_chassis_serial]: Drop leg debug: len=80 expected=84
[cmd_vel_chassis_serial.py-1] [WARN] [1784051056.396937269] [cmd_vel_chassis_serial]: Drop leg debug: len=80 expected=84
[cmd_vel_chassis_serial.py-1] [WARN] [1784051056.405308454] [cmd_vel_chassis_serial]: Drop leg debug: len=80 expected=84
[cmd_vel_chassis_serial.py-1] [WARN] [1784051056.516393243] [cmd_vel_chassis_serial]: Drop leg debug: len=80 expected=84
[cmd_vel_chassis_serial.py-1] [WARN] [1784051056.560091900] [cmd_vel_chassis_serial]: Drop leg debug: len=80 expected=84
[cmd_vel_chassis_serial.py-1] [ERROR] [1784051056.571057178] [cmd_vel_chassis_serial]: Serial write failed: Write timeout
[cmd_vel_chassis_serial.py-1] [WARN] [1784051056.625259891] [cmd_vel_chassis_serial]: Drop leg debug: len=80 expected=84
[cmd_vel_chassis_serial.py-1] [WARN] [1784051056.693474957] [cmd_vel_chassis_serial]: Drop leg debug: len=80 expected=84
[cmd_vel_chassis_serial.py-1] [WARN] [1784051056.759754573] [cmd_vel_chassis_serial]: Drop leg debug: len=80 expected=84
[cmd_vel_chassis_serial.py-1] [WARN] [1784051056.779873071] [cmd_vel_chassis_serial]: Drop leg debug: len=80 expected=84
[cmd_vel_chassis_serial.py-1] [WARN] [1784051056.791829620] [cmd_vel_chassis_serial]: Drop leg debug: len=80 expected=84
[cmd_vel_chassis_serial.py-1] [WARN] [1784051056.821269395] [cmd_vel_chassis_serial]: Drop leg debug: len=80 expected=84
[cmd_vel_chassis_serial.py-1] [WARN] [1784051056.843088137] [cmd_vel_chassis_serial]: Drop leg debug: len=80 expected=84
[cmd_vel_chassis_serial.py-1] [WARN] [1784051056.850856742] [cmd_vel_chassis_serial]: Drop leg debug: len=80 expected=84
[cmd_vel_chassis_serial.py-1] [WARN] [1784051056.885344568] [cmd_vel_chassis_serial]: Drop leg debug: len=80 expected=84
[cmd_vel_chassis_serial.py-1] [WARN] [1784051056.927276674] [cmd_vel_chassis_serial]: Drop leg debug: len=80 expected=84
[cmd_vel_chassis_serial.py-1] [WARN] [1784051056.937597870] [cmd_vel_chassis_serial]: Drop leg debug: len=80 expected=84
[cmd_vel_chassis_serial.py-1] [WARN] [1784051056.943163543] [cmd_vel_chassis_serial]: Drop leg debug: len=80 expected=84
[cmd_vel_chassis_serial.py-1] [WARN] [1784051056.959117870] [cmd_vel_chassis_serial]: Drop leg debug: len=80 expected=84
[cmd_vel_chassis_serial.py-1] [WARN] [1784051056.968402708] [cmd_vel_chassis_serial]: Drop leg debug: len=80 expected=84
[cmd_vel_chassis_serial.py-1] [WARN] [1784051056.992637984] [cmd_vel_chassis_serial]: Drop leg debug: len=80 expected=84
[cmd_vel_chassis_serial.py-1] [WARN] [1784051057.006058219] [cmd_vel_chassis_serial]: Drop leg debug: len=80 expected=84
[cmd_vel_chassis_serial.py-1] [WARN] [1784051057.153708846] [cmd_vel_chassis_serial]: Drop leg debug: len=80 expected=84
[cmd_vel_chassis_serial.py-1] [WARN] [1784051057.191398093] [cmd_vel_chassis_serial]: Drop leg debug: len=80 expected=84
[cmd_vel_chassis_serial.py-1] [WARN] [1784051057.200947601] [cmd_vel_chassis_serial]: Drop leg debug: len=80 expected=84
[cmd_vel_chassis_serial.py-1] [WARN] [1784051057.225017633] [cmd_vel_chassis_serial]: Drop leg debug: len=80 expected=84
[cmd_vel_chassis_serial.py-1] [WARN] [1784051057.233571590] [cmd_vel_chassis_serial]: Drop leg debug: len=80 expected=84
[cmd_vel_chassis_serial.py-1] [WARN] [1784051057.276049878] [cmd_vel_chassis_serial]: Drop leg debug: len=80 expected=84
[cmd_vel_chassis_serial.py-1] [WARN] [1784051057.394429156] [cmd_vel_chassis_serial]: Drop leg debug: len=80 expected=84
[cmd_vel_chassis_serial.py-1] [WARN] [1784051057.494608734] [cmd_vel_chassis_serial]: Drop leg debug: len=80 expected=84
[cmd_vel_chassis_serial.py-1] [ERROR] [1784051057.576971536] [cmd_vel_chassis_serial]: Serial write failed: Write timeout
[cmd_vel_chassis_serial.py-1] [WARN] [1784051057.635129556] [cmd_vel_chassis_serial]: Drop leg debug: len=80 expected=84
[cmd_vel_chassis_serial.py-1] [WARN] [1784051057.684531300] [cmd_vel_chassis_serial]: Drop leg debug: len=80 expected=84
[cmd_vel_chassis_serial.py-1] [WARN] [1784051057.700750970] [cmd_vel_chassis_serial]: Drop leg debug: len=80 expected=84
[cmd_vel_chassis_serial.py-1] [ERROR] [1784051057.718554180] [cmd_vel_chassis_serial]: Serial write failed: Write timeout
[cmd_vel_chassis_serial.py-1] [WARN] [1784051057.734725331] [cmd_vel_chassis_serial]: Drop leg debug: len=80 expected=84
[cmd_vel_chassis_serial.py-1] [WARN] [1784051057.772795607] [cmd_vel_chassis_serial]: Drop leg debug: len=80 expected=84
[cmd_vel_chassis_serial.py-1] [WARN] [1784051057.793017405] [cmd_vel_chassis_serial]: Drop leg debug: len=80 expected=84
[cmd_vel_chassis_serial.py-1] [WARN] [1784051057.836139122] [cmd_vel_chassis_serial]: Drop leg debug: len=80 expected=84
[cmd_vel_chassis_serial.py-1] [WARN] [1784051057.900908024] [cmd_vel_chassis_serial]: Drop leg debug: len=80 expected=84
[cmd_vel_chassis_serial.py-1] [ERROR] [1784051057.931766403] [cmd_vel_chassis_serial]: Serial write failed: Write timeout
[cmd_vel_chassis_serial.py-1] [WARN] [1784051057.939515708] [cmd_vel_chassis_serial]: Drop leg debug: len=80 expected=84
[cmd_vel_chassis_serial.py-1] [WARN] [1784051057.952325905] [cmd_vel_chassis_serial]: Drop leg debug: len=80 expected=84
[cmd_vel_chassis_serial.py-1] [WARN] [1784051057.972303894] [cmd_vel_chassis_serial]: Drop leg debug: len=80 expected=84
[cmd_vel_chassis_serial.py-1] [WARN] [1784051058.017460733] [cmd_vel_chassis_serial]: Drop leg debug: len=80 expected=84
[cmd_vel_chassis_serial.py-1] [WARN] [1784051058.035803292] [cmd_vel_chassis_serial]: Drop leg debug: len=80 expected=84
[cmd_vel_chassis_serial.py-1] [WARN] [1784051058.041318584] [cmd_vel_chassis_serial]: Drop leg debug: len=80 expected=84
[cmd_vel_chassis_serial.py-1] [WARN] [1784051058.060884897] [cmd_vel_chassis_serial]: Drop leg debug: len=80 expected=84
[cmd_vel_chassis_serial.py-1] [WARN] [1784051058.074968353] [cmd_vel_chassis_serial]: Drop leg debug: len=80 expected=84
[cmd_vel_chassis_serial.py-1] [ERROR] [1784051058.078175422] [cmd_vel_chassis_serial]: Serial write failed: Write timeout
[cmd_vel_chassis_serial.py-1] [WARN] [1784051058.095961965] [cmd_vel_chassis_serial]: Drop leg debug: len=80 expected=84
[cmd_vel_chassis_serial.py-1] [WARN] [1784051058.120805865] [cmd_vel_chassis_serial]: Drop leg debug: len=80 expected=84
[cmd_vel_chassis_serial.py-1] [WARN] [1784051058.140075278] [cmd_vel_chassis_serial]: Drop leg debug: len=80 expected=84
[cmd_vel_chassis_serial.py-1] [WARN] [1784051058.168049275] [cmd_vel_chassis_serial]: Drop leg debug: len=80 expected=84
[cmd_vel_chassis_serial.py-1] [WARN] [1784051058.197296985] [cmd_vel_chassis_serial]: Drop leg debug: len=80 expected=84
[cmd_vel_chassis_serial.py-1] [WARN] [1784051058.234019408] [cmd_vel_chassis_serial]: Drop leg debug: len=80 expected=84
[cmd_vel_chassis_serial.py-1] [WARN] [1784051058.273523916] [cmd_vel_chassis_serial]: Drop leg debug: len=80 expected=84
[cmd_vel_chassis_serial.py-1] [WARN] [1784051058.295798966] [cmd_vel_chassis_serial]: Drop leg debug: len=80 expected=84
[cmd_vel_chassis_serial.py-1] [WARN] [1784051058.317045060] [cmd_vel_chassis_serial]: Drop leg debug: len=80 expected=84
[cmd_vel_chassis_serial.py-1] [WARN] [1784051058.332657256] [cmd_vel_chassis_serial]: Drop leg debug: len=80 expected=84
[cmd_vel_chassis_serial.py-1] [WARN] [1784051058.362671663] [cmd_vel_chassis_serial]: Drop leg debug: len=80 expected=84
[cmd_vel_chassis_serial.py-1] [WARN] [1784051058.381658078] [cmd_vel_chassis_serial]: Drop leg debug: len=80 expected=84
[cmd_vel_chassis_serial.py-1] [WARN] [1784051058.407752469] [cmd_vel_chassis_serial]: Drop leg debug: len=80 expected=84
[cmd_vel_chassis_serial.py-1] [WARN] [1784051058.442564339] [cmd_vel_chassis_serial]: Drop leg debug: len=80 expected=84
[cmd_vel_chassis_serial.py-1] [WARN] [1784051058.462027472] [cmd_vel_chassis_serial]: Drop leg debug: len=80 expected=84
[cmd_vel_chassis_serial.py-1] [WARN] [1784051058.480426599] [cmd_vel_chassis_serial]: Drop leg debug: len=80 expected=84
[cmd_vel_chassis_serial.py-1] [WARN] [1784051058.510098837] [cmd_vel_chassis_serial]: Drop leg debug: len=80 expected=84
[cmd_vel_chassis_serial.py-1] [WARN] [1784051058.544741985] [cmd_vel_chassis_serial]: Drop leg debug: len=80 expected=84
[cmd_vel_chassis_serial.py-1] [WARN] [1784051058.575652144] [cmd_vel_chassis_serial]: Drop leg debug: len=80 expected=84
[cmd_vel_chassis_serial.py-1] [WARN] [1784051058.614200518] [cmd_vel_chassis_serial]: Drop leg debug: len=80 expected=84
[cmd_vel_chassis_serial.py-1] [WARN] [1784051058.645219027] [cmd_vel_chassis_serial]: Drop leg debug: len=80 expected=84
[cmd_vel_chassis_serial.py-1] [WARN] [1784051058.667410484] [cmd_vel_chassis_serial]: Drop leg debug: len=80 expected=84
[cmd_vel_chassis_serial.py-1] [WARN] [1784051058.693701557] [cmd_vel_chassis_serial]: Drop leg debug: len=80 expected=84
[cmd_vel_chassis_serial.py-1] [WARN] [1784051058.727808589] [cmd_vel_chassis_serial]: Drop leg debug: len=80 expected=84
[cmd_vel_chassis_serial.py-1] [WARN] [1784051058.750337201] [cmd_vel_chassis_serial]: Drop leg debug: len=80 expected=84
[cmd_vel_chassis_serial.py-1] [WARN] [1784051058.775926711] [cmd_vel_chassis_serial]: Drop leg debug: len=80 expected=84
[cmd_vel_chassis_serial.py-1] [WARN] [1784051058.791981798] [cmd_vel_chassis_serial]: Drop leg debug: len=80 expected=84
[cmd_vel_chassis_serial.py-1] [WARN] [1784051058.812165854] [cmd_vel_chassis_serial]: Drop leg debug: len=80 expected=84
[cmd_vel_chassis_serial.py-1] [ERROR] [1784051058.822035633] [cmd_vel_chassis_serial]: Serial write failed: Write timeout
[cmd_vel_chassis_serial.py-1] [WARN] [1784051058.830013151] [cmd_vel_chassis_serial]: Drop leg debug: len=80 expected=84
[cmd_vel_chassis_serial.py-1] [WARN] [1784051058.848319234] [cmd_vel_chassis_serial]: Drop leg debug: len=80 expected=84
[cmd_vel_chassis_serial.py-1] [WARN] [1784051058.882383623] [cmd_vel_chassis_serial]: Drop leg debug: len=80 expected=84
[cmd_vel_chassis_serial.py-1] [WARN] [1784051058.912311834] [cmd_vel_chassis_serial]: Drop leg debug: len=80 expected=84
[cmd_vel_chassis_serial.py-1] [WARN] [1784051058.936506864] [cmd_vel_chassis_serial]: Drop leg debug: len=80 expected=84
[cmd_vel_chassis_serial.py-1] [WARN] [1784051058.946262643] [cmd_vel_chassis_serial]: Drop leg debug: len=80 expected=84
[cmd_vel_chassis_serial.py-1] [WARN] [1784051058.965209486] [cmd_vel_chassis_serial]: Drop leg debug: len=80 expected=84
[cmd_vel_chassis_serial.py-1] [WARN] [1784051058.978222436] [cmd_vel_chassis_serial]: Drop leg debug: len=80 expected=84
[cmd_vel_chassis_serial.py-1] [WARN] [1784051059.085544498] [cmd_vel_chassis_serial]: Drop leg debug: len=80 expected=84
[cmd_vel_chassis_serial.py-1] [WARN] [1784051059.107608142] [cmd_vel_chassis_serial]: Drop leg debug: len=80 expected=84
[cmd_vel_chassis_serial.py-1] [WARN] [1784051059.133870741] [cmd_vel_chassis_serial]: Drop leg debug: len=80 expected=84
[cmd_vel_chassis_serial.py-1] [WARN] [1784051059.168308018] [cmd_vel_chassis_serial]: Drop leg debug: len=80 expected=84
[cmd_vel_chassis_serial.py-1] [WARN] [1784051059.176738169] [cmd_vel_chassis_serial]: Drop leg debug: len=80 expected=84
[cmd_vel_chassis_serial.py-1] [WARN] [1784051059.195959233] [cmd_vel_chassis_serial]: Drop leg debug: len=80 expected=84
[cmd_vel_chassis_serial.py-1] [WARN] [1784051059.285781309] [cmd_vel_chassis_serial]: Drop leg debug: len=80 expected=84
[cmd_vel_chassis_serial.py-1] [WARN] [1784051059.304010088] [cmd_vel_chassis_serial]: Drop leg debug: len=80 expected=84
[cmd_vel_chassis_serial.py-1] [WARN] [1784051059.326309616] [cmd_vel_chassis_serial]: Drop leg debug: len=80 expected=84
[cmd_vel_chassis_serial.py-1] [WARN] [1784051059.340124920] [cmd_vel_chassis_serial]: Drop leg debug: len=80 expected=84
[cmd_vel_chassis_serial.py-1] [WARN] [1784051059.382939894] [cmd_vel_chassis_serial]: Drop leg debug: len=80 expected=84
[cmd_vel_chassis_serial.py-1] [WARN] [1784051059.399193375] [cmd_vel_chassis_serial]: Drop leg debug: len=80 expected=84
[cmd_vel_chassis_serial.py-1] [ERROR] [1784051059.402110374] [cmd_vel_chassis_serial]: Serial write failed: Write timeout
[cmd_vel_chassis_serial.py-1] [WARN] [1784051059.504607233] [cmd_vel_chassis_serial]: Drop leg debug: len=80 expected=84
[cmd_vel_chassis_serial.py-1] [WARN] [1784051059.546921602] [cmd_vel_chassis_serial]: Drop leg debug: len=80 expected=84
[cmd_vel_chassis_serial.py-1] [WARN] [1784051059.574739933] [cmd_vel_chassis_serial]: Drop leg debug: len=80 expected=84
[cmd_vel_chassis_serial.py-1] [WARN] [1784051059.591931145] [cmd_vel_chassis_serial]: Drop leg debug: len=80 expected=84
[cmd_vel_chassis_serial.py-1] [WARN] [1784051059.628982065] [cmd_vel_chassis_serial]: Drop leg debug: len=80 expected=84
[cmd_vel_chassis_serial.py-1] [WARN] [1784051059.649874697] [cmd_vel_chassis_serial]: Drop leg debug: len=80 expected=84
[cmd_vel_chassis_serial.py-1] [WARN] [1784051059.677972154] [cmd_vel_chassis_serial]: Drop leg debug: len=80 expected=84
[cmd_vel_chassis_serial.py-1] [WARN] [1784051059.707197993] [cmd_vel_chassis_serial]: Drop leg debug: len=80 expected=84
[cmd_vel_chassis_serial.py-1] [WARN] [1784051059.728929084] [cmd_vel_chassis_serial]: Drop leg debug: len=80 expected=84
[cmd_vel_chassis_serial.py-1] [WARN] [1784051059.752423423] [cmd_vel_chassis_serial]: Drop leg debug: len=80 expected=84
[cmd_vel_chassis_serial.py-1] [WARN] [1784051059.777810066] [cmd_vel_chassis_serial]: Drop leg debug: len=80 expected=84
[cmd_vel_chassis_serial.py-1] [WARN] [1784051059.806168489] [cmd_vel_chassis_serial]: Drop leg debug: len=80 expected=84
[cmd_vel_chassis_serial.py-1] [WARN] [1784051059.876309477] [cmd_vel_chassis_serial]: Drop leg debug: len=80 expected=84
[cmd_vel_chassis_serial.py-1] [WARN] [1784051059.893302914] [cmd_vel_chassis_serial]: Drop leg debug: len=80 expected=84
[cmd_vel_chassis_serial.py-1] [WARN] [1784051059.940343507] [cmd_vel_chassis_serial]: Drop leg debug: len=80 expected=84
[cmd_vel_chassis_serial.py-1] [WARN] [1784051059.956619850] [cmd_vel_chassis_serial]: Drop leg debug: len=80 expected=84
[cmd_vel_chassis_serial.py-1] [WARN] [1784051059.989581595] [cmd_vel_chassis_serial]: Drop leg debug: len=80 expected=84
[cmd_vel_chassis_serial.py-1] [WARN] [1784051060.030692622] [cmd_vel_chassis_serial]: Drop leg debug: len=80 expected=84
[cmd_vel_chassis_serial.py-1] [WARN] [1784051060.063156515] [cmd_vel_chassis_serial]: Drop leg debug: len=80 expected=84
[cmd_vel_chassis_serial.py-1] [WARN] [1784051060.093510228] [cmd_vel_chassis_serial]: Drop leg debug: len=80 expected=84
[cmd_vel_chassis_serial.py-1] [WARN] [1784051060.138881951] [cmd_vel_chassis_serial]: Drop leg debug: len=80 expected=84
[cmd_vel_chassis_serial.py-1] [WARN] [1784051060.165118321] [cmd_vel_chassis_serial]: Drop leg debug: len=80 expected=84
[cmd_vel_chassis_serial.py-1] [WARN] [1784051060.183074577] [cmd_vel_chassis_serial]: Drop leg debug: len=80 expected=84
[cmd_vel_chassis_serial.py-1] [WARN] [1784051060.212822915] [cmd_vel_chassis_serial]: Drop leg debug: len=80 expected=84
[cmd_vel_chassis_serial.py-1] [WARN] [1784051060.253693470] [cmd_vel_chassis_serial]: Drop leg debug: len=80 expected=84
[cmd_vel_chassis_serial.py-1] [WARN] [1784051060.277578844] [cmd_vel_chassis_serial]: Drop leg debug: len=80 expected=84
[cmd_vel_chassis_serial.py-1] [WARN] [1784051060.330651310] [cmd_vel_chassis_serial]: Drop leg debug: len=80 expected=84
[cmd_vel_chassis_serial.py-1] [WARN] [1784051060.339748791] [cmd_vel_chassis_serial]: Drop leg debug: len=80 expected=84
[cmd_vel_chassis_serial.py-1] [WARN] [1784051060.373035953] [cmd_vel_chassis_serial]: Drop leg debug: len=80 expected=84
[cmd_vel_chassis_serial.py-1] [WARN] [1784051060.389266418] [cmd_vel_chassis_serial]: Drop leg debug: len=80 expected=84
[cmd_vel_chassis_serial.py-1] [WARN] [1784051060.464948516] [cmd_vel_chassis_serial]: Drop leg debug: len=80 expected=84
[cmd_vel_chassis_serial.py-1] [WARN] [1784051060.470217522] [cmd_vel_chassis_serial]: Drop leg debug: len=80 expected=84
[cmd_vel_chassis_serial.py-1] [WARN] [1784051060.502213433] [cmd_vel_chassis_serial]: Drop leg debug: len=80 expected=84
[cmd_vel_chassis_serial.py-1] [WARN] [1784051060.538344307] [cmd_vel_chassis_serial]: Drop leg debug: len=80 expected=84
[cmd_vel_chassis_serial.py-1] [WARN] [1784051060.570673541] [cmd_vel_chassis_serial]: Drop leg debug: len=80 expected=84
[cmd_vel_chassis_serial.py-1] [ERROR] [1784051060.580697751] [cmd_vel_chassis_serial]: Serial write failed: Write timeout
[cmd_vel_chassis_serial.py-1] [WARN] [1784051060.589062479] [cmd_vel_chassis_serial]: Drop leg debug: len=80 expected=84
[cmd_vel_chassis_serial.py-1] [WARN] [1784051060.658212686] [cmd_vel_chassis_serial]: Drop leg debug: len=80 expected=84
[cmd_vel_chassis_serial.py-1] [WARN] [1784051060.680614320] [cmd_vel_chassis_serial]: Drop leg debug: len=80 expected=84
[cmd_vel_chassis_serial.py-1] [WARN] [1784051060.701113484] [cmd_vel_chassis_serial]: Drop leg debug: len=80 expected=84
[cmd_vel_chassis_serial.py-1] [WARN] [1784051060.732710049] [cmd_vel_chassis_serial]: Drop leg debug: len=80 expected=84
[cmd_vel_chassis_serial.py-1] [WARN] [1784051060.743502314] [cmd_vel_chassis_serial]: Drop leg debug: len=80 expected=84
[cmd_vel_chassis_serial.py-1] [WARN] [1784051060.767933111] [cmd_vel_chassis_serial]: Drop leg debug: len=80 expected=84
[cmd_vel_chassis_serial.py-1] [WARN] [1784051060.842451490] [cmd_vel_chassis_serial]: Drop leg debug: len=80 expected=84
[cmd_vel_chassis_serial.py-1] [WARN] [1784051060.881821369] [cmd_vel_chassis_serial]: Drop leg debug: len=80 expected=84
[cmd_vel_chassis_serial.py-1] [WARN] [1784051060.903029344] [cmd_vel_chassis_serial]: Drop leg debug: len=80 expected=84
[cmd_vel_chassis_serial.py-1] [WARN] [1784051060.934782099] [cmd_vel_chassis_serial]: Drop leg debug: len=80 expected=84
[cmd_vel_chassis_serial.py-1] [WARN] [1784051060.960840039] [cmd_vel_chassis_serial]: Drop leg debug: len=80 expected=84
[cmd_vel_chassis_serial.py-1] [WARN] [1784051060.972886587] [cmd_vel_chassis_serial]: Drop leg debug: len=80 expected=84
[cmd_vel_chassis_serial.py-1] [WARN] [1784051061.050545379] [cmd_vel_chassis_serial]: Drop leg debug: len=80 expected=84
[cmd_vel_chassis_serial.py-1] [WARN] [1784051061.071028760] [cmd_vel_chassis_serial]: Drop leg debug: len=80 expected=84
[cmd_vel_chassis_serial.py-1] [WARN] [1784051061.095767146] [cmd_vel_chassis_serial]: Drop leg debug: len=80 expected=84
[cmd_vel_chassis_serial.py-1] [WARN] [1784051061.128073355] [cmd_vel_chassis_serial]: Drop leg debug: len=80 expected=84
[cmd_vel_chassis_serial.py-1] [WARN] [1784051061.154475917] [cmd_vel_chassis_serial]: Drop leg debug: len=80 expected=84
[cmd_vel_chassis_serial.py-1] [WARN] [1784051061.175224755] [cmd_vel_chassis_serial]: Drop leg debug: len=80 expected=84
[cmd_vel_chassis_serial.py-1] [WARN] [1784051061.227842451] [cmd_vel_chassis_serial]: Drop leg debug: len=80 expected=84
[cmd_vel_chassis_serial.py-1] [WARN] [1784051061.266254309] [cmd_vel_chassis_serial]: Drop leg debug: len=80 expected=84
[cmd_vel_chassis_serial.py-1] [WARN] [1784051061.300237134] [cmd_vel_chassis_serial]: Drop leg debug: len=80 expected=84
[cmd_vel_chassis_serial.py-1] [WARN] [1784051061.310495828] [cmd_vel_chassis_serial]: Drop leg debug: len=80 expected=84
[cmd_vel_chassis_serial.py-1] [WARN] [1784051061.330642091] [cmd_vel_chassis_serial]: Drop leg debug: len=80 expected=84
[cmd_vel_chassis_serial.py-1] [WARN] [1784051061.363511470] [cmd_vel_chassis_serial]: Drop leg debug: len=80 expected=84
[cmd_vel_chassis_serial.py-1] [WARN] [1784051061.447592114] [cmd_vel_chassis_serial]: Drop leg debug: len=80 expected=84
[cmd_vel_chassis_serial.py-1] [WARN] [1784051061.475204216] [cmd_vel_chassis_serial]: Drop leg debug: len=80 expected=84
[cmd_vel_chassis_serial.py-1] [WARN] [1784051061.510657467] [cmd_vel_chassis_serial]: Drop leg debug: len=80 expected=84
[cmd_vel_chassis_serial.py-1] [WARN] [1784051061.546550840] [cmd_vel_chassis_serial]: Drop leg debug: len=80 expected=84
[cmd_vel_chassis_serial.py-1] [WARN] [1784051061.562148919] [cmd_vel_chassis_serial]: Drop leg debug: len=80 expected=84
[cmd_vel_chassis_serial.py-1] [WARN] [1784051061.581890687] [cmd_vel_chassis_serial]: Drop leg debug: len=80 expected=84
[cmd_vel_chassis_serial.py-1] [WARN] [1784051061.628417897] [cmd_vel_chassis_serial]: Drop leg debug: len=80 expected=84
[cmd_vel_chassis_serial.py-1] [WARN] [1784051061.679290808] [cmd_vel_chassis_serial]: Drop leg debug: len=80 expected=84
[cmd_vel_chassis_serial.py-1] [WARN] [1784051061.689258579] [cmd_vel_chassis_serial]: Drop leg debug: len=80 expected=84
[cmd_vel_chassis_serial.py-1] [WARN] [1784051061.736694772] [cmd_vel_chassis_serial]: Drop leg debug: len=80 expected=84
[cmd_vel_chassis_serial.py-1] [WARN] [1784051061.777843287] [cmd_vel_chassis_serial]: Drop leg debug: len=80 expected=84
[cmd_vel_chassis_serial.py-1] [WARN] [1784051061.786646836] [cmd_vel_chassis_serial]: Drop leg debug: len=80 expected=84
[cmd_vel_chassis_serial.py-1] [WARN] [1784051061.831434443] [cmd_vel_chassis_serial]: Drop leg debug: len=80 expected=84
[cmd_vel_chassis_serial.py-1] [WARN] [1784051061.870465526] [cmd_vel_chassis_serial]: Drop leg debug: len=80 expected=84
[cmd_vel_chassis_serial.py-1] [WARN] [1784051061.896163792] [cmd_vel_chassis_serial]: Drop leg debug: len=80 expected=84
[cmd_vel_chassis_serial.py-1] [WARN] [1784051061.903900798] [cmd_vel_chassis_serial]: Drop leg debug: len=80 expected=84
[cmd_vel_chassis_serial.py-1] [WARN] [1784051061.922678355] [cmd_vel_chassis_serial]: Drop leg debug: len=80 expected=84
[cmd_vel_chassis_serial.py-1] [WARN] [1784051061.937057862] [cmd_vel_chassis_serial]: Drop leg debug: len=80 expected=84
[cmd_vel_chassis_serial.py-1] [WARN] [1784051062.026497902] [cmd_vel_chassis_serial]: Drop leg debug: len=80 expected=84
[cmd_vel_chassis_serial.py-1] [WARN] [1784051062.043005357] [cmd_vel_chassis_serial]: Drop leg debug: len=80 expected=84
[cmd_vel_chassis_serial.py-1] [WARN] [1784051062.072444370] [cmd_vel_chassis_serial]: Drop leg debug: len=80 expected=84
[cmd_vel_chassis_serial.py-1] [WARN] [1784051062.076170139] [cmd_vel_chassis_serial]: Drop leg debug: len=80 expected=84
[cmd_vel_chassis_serial.py-1] [WARN] [1784051062.103065381] [cmd_vel_chassis_serial]: Drop leg debug: len=80 expected=84
[cmd_vel_chassis_serial.py-1] [WARN] [1784051062.118720078] [cmd_vel_chassis_serial]: Drop leg debug: len=80 expected=84
[cmd_vel_chassis_serial.py-1] [WARN] [1784051062.218725980] [cmd_vel_chassis_serial]: Drop leg debug: len=80 expected=84
[cmd_vel_chassis_serial.py-1] [WARN] [1784051062.239126816] [cmd_vel_chassis_serial]: Drop leg debug: len=80 expected=84
[cmd_vel_chassis_serial.py-1] [WARN] [1784051062.281023302] [cmd_vel_chassis_serial]: Drop leg debug: len=80 expected=84
[cmd_vel_chassis_serial.py-1] [WARN] [1784051062.297554784] [cmd_vel_chassis_serial]: Drop leg debug: len=80 expected=84
[cmd_vel_chassis_serial.py-1] [WARN] [1784051062.338181334] [cmd_vel_chassis_serial]: Drop leg debug: len=80 expected=84
[cmd_vel_chassis_serial.py-1] [WARN] [1784051062.376498361] [cmd_vel_chassis_serial]: Drop leg debug: len=80 expected=84
[cmd_vel_chassis_serial.py-1] [WARN] [1784051062.428208651] [cmd_vel_chassis_serial]: Drop leg debug: len=80 expected=84
[cmd_vel_chassis_serial.py-1] [WARN] [1784051062.466520279] [cmd_vel_chassis_serial]: Drop leg debug: len=80 expected=84
[cmd_vel_chassis_serial.py-1] [WARN] [1784051062.475822573] [cmd_vel_chassis_serial]: Drop leg debug: len=80 expected=84
[cmd_vel_chassis_serial.py-1] [WARN] [1784051062.518846789] [cmd_vel_chassis_serial]: Drop leg debug: len=80 expected=84
[cmd_vel_chassis_serial.py-1] [WARN] [1784051062.542568546] [cmd_vel_chassis_serial]: Drop leg debug: len=80 expected=84
[cmd_vel_chassis_serial.py-1] [WARN] [1784051062.561553556] [cmd_vel_chassis_serial]: Drop leg debug: len=80 expected=84
[cmd_vel_chassis_serial.py-1] [WARN] [1784051062.627212296] [cmd_vel_chassis_serial]: Drop leg debug: len=80 expected=84
[cmd_vel_chassis_serial.py-1] [WARN] [1784051062.649331303] [cmd_vel_chassis_serial]: Drop leg debug: len=80 expected=84
[cmd_vel_chassis_serial.py-1] [WARN] [1784051062.670825106] [cmd_vel_chassis_serial]: Drop leg debug: len=80 expected=84
[cmd_vel_chassis_serial.py-1] [WARN] [1784051062.678832801] [cmd_vel_chassis_serial]: Drop leg debug: len=80 expected=84
[cmd_vel_chassis_serial.py-1] [WARN] [1784051062.725400118] [cmd_vel_chassis_serial]: Drop leg debug: len=80 expected=84
[cmd_vel_chassis_serial.py-1] [WARN] [1784051062.734305265] [cmd_vel_chassis_serial]: Drop leg debug: len=80 expected=84
[cmd_vel_chassis_serial.py-1] [WARN] [1784051062.806084141] [cmd_vel_chassis_serial]: Drop leg debug: len=80 expected=84
[cmd_vel_chassis_serial.py-1] [WARN] [1784051062.815480490] [cmd_vel_chassis_serial]: Drop leg debug: len=80 expected=84
[cmd_vel_chassis_serial.py-1] [WARN] [1784051062.837278390] [cmd_vel_chassis_serial]: Drop leg debug: len=80 expected=84
[cmd_vel_chassis_serial.py-1] [WARN] [1784051062.860253346] [cmd_vel_chassis_serial]: Drop leg debug: len=80 expected=84
[cmd_vel_chassis_serial.py-1] [WARN] [1784051062.893783917] [cmd_vel_chassis_serial]: Drop leg debug: len=80 expected=84
[cmd_vel_chassis_serial.py-1] [WARN] [1784051062.924536673] [cmd_vel_chassis_serial]: Drop leg debug: len=80 expected=84
[cmd_vel_chassis_serial.py-1] [WARN] [1784051063.002725984] [cmd_vel_chassis_serial]: Drop leg debug: len=80 expected=84
[cmd_vel_chassis_serial.py-1] [WARN] [1784051063.014119380] [cmd_vel_chassis_serial]: Drop leg debug: len=80 expected=84
[cmd_vel_chassis_serial.py-1] [WARN] [1784051063.040027458] [cmd_vel_chassis_serial]: Drop leg debug: len=80 expected=84
[cmd_vel_chassis_serial.py-1] [WARN] [1784051063.060662544] [cmd_vel_chassis_serial]: Drop leg debug: len=80 expected=84
[cmd_vel_chassis_serial.py-1] [WARN] [1784051063.090335289] [cmd_vel_chassis_serial]: Drop leg debug: len=80 expected=84
[cmd_vel_chassis_serial.py-1] [WARN] [1784051063.125961809] [cmd_vel_chassis_serial]: Drop leg debug: len=80 expected=84
[cmd_vel_chassis_serial.py-1] [WARN] [1784051063.219744960] [cmd_vel_chassis_serial]: Drop leg debug: len=80 expected=84
[cmd_vel_chassis_serial.py-1] [WARN] [1784051063.233669626] [cmd_vel_chassis_serial]: Drop leg debug: len=80 expected=84
[cmd_vel_chassis_serial.py-1] [WARN] [1784051063.247780368] [cmd_vel_chassis_serial]: Drop leg debug: len=80 expected=84
[cmd_vel_chassis_serial.py-1] [WARN] [1784051063.266808852] [cmd_vel_chassis_serial]: Drop leg debug: len=80 expected=84
[cmd_vel_chassis_serial.py-1] [WARN] [1784051063.284650074] [cmd_vel_chassis_serial]: Drop leg debug: len=80 expected=84
[cmd_vel_chassis_serial.py-1] [WARN] [1784051063.317979393] [cmd_vel_chassis_serial]: Drop leg debug: len=80 expected=84
[cmd_vel_chassis_serial.py-1] [WARN] [1784051063.402394732] [cmd_vel_chassis_serial]: Drop leg debug: len=80 expected=84
[cmd_vel_chassis_serial.py-1] [WARN] [1784051063.432263868] [cmd_vel_chassis_serial]: Drop leg debug: len=80 expected=84
[cmd_vel_chassis_serial.py-1] [WARN] [1784051063.450424064] [cmd_vel_chassis_serial]: Drop leg debug: len=80 expected=84
[cmd_vel_chassis_serial.py-1] [WARN] [1784051063.478224467] [cmd_vel_chassis_serial]: Drop leg debug: len=80 expected=84
[cmd_vel_chassis_serial.py-1] [WARN] [1784051063.489965304] [cmd_vel_chassis_serial]: Drop leg debug: len=80 expected=84
[cmd_vel_chassis_serial.py-1] [WARN] [1784051063.518229768] [cmd_vel_chassis_serial]: Drop leg debug: len=80 expected=84
[cmd_vel_chassis_serial.py-1] [WARN] [1784051063.579261414] [cmd_vel_chassis_serial]: Drop leg debug: len=80 expected=84
[cmd_vel_chassis_serial.py-1] [WARN] [1784051063.596537225] [cmd_vel_chassis_serial]: Drop leg debug: len=80 expected=84
[cmd_vel_chassis_serial.py-1] [WARN] [1784051063.616807382] [cmd_vel_chassis_serial]: Drop leg debug: len=80 expected=84
[cmd_vel_chassis_serial.py-1] [WARN] [1784051063.637619871] [cmd_vel_chassis_serial]: Drop leg debug: len=80 expected=84
[cmd_vel_chassis_serial.py-1] [WARN] [1784051063.671026502] [cmd_vel_chassis_serial]: Drop leg debug: len=80 expected=84
[cmd_vel_chassis_serial.py-1] [WARN] [1784051063.690258934] [cmd_vel_chassis_serial]: Drop leg debug: len=80 expected=84
[cmd_vel_chassis_serial.py-1] [WARN] [1784051063.791451608] [cmd_vel_chassis_serial]: Drop leg debug: len=80 expected=84
[cmd_vel_chassis_serial.py-1] [WARN] [1784051063.811966643] [cmd_vel_chassis_serial]: Drop leg debug: len=80 expected=84
[cmd_vel_chassis_serial.py-1] [WARN] [1784051063.824030256] [cmd_vel_chassis_serial]: Drop leg debug: len=80 expected=84
[cmd_vel_chassis_serial.py-1] [WARN] [1784051063.842812878] [cmd_vel_chassis_serial]: Drop leg debug: len=80 expected=84
[cmd_vel_chassis_serial.py-1] [WARN] [1784051063.870161061] [cmd_vel_chassis_serial]: Drop leg debug: len=80 expected=84
[cmd_vel_chassis_serial.py-1] [WARN] [1784051063.899549678] [cmd_vel_chassis_serial]: Drop leg debug: len=80 expected=84
[cmd_vel_chassis_serial.py-1] [WARN] [1784051063.976962565] [cmd_vel_chassis_serial]: Drop leg debug: len=80 expected=84
[cmd_vel_chassis_serial.py-1] [WARN] [1784051063.999758894] [cmd_vel_chassis_serial]: Drop leg debug: len=80 expected=84
[cmd_vel_chassis_serial.py-1] [WARN] [1784051064.023483440] [cmd_vel_chassis_serial]: Drop leg debug: len=80 expected=84
[cmd_vel_chassis_serial.py-1] [WARN] [1784051064.036642782] [cmd_vel_chassis_serial]: Drop leg debug: len=80 expected=84
[cmd_vel_chassis_serial.py-1] [WARN] [1784051064.063428218] [cmd_vel_chassis_serial]: Drop leg debug: len=80 expected=84
[cmd_vel_chassis_serial.py-1] [WARN] [1784051064.083791673] [cmd_vel_chassis_serial]: Drop leg debug: len=80 expected=84
[cmd_vel_chassis_serial.py-1] [WARN] [1784051064.174255024] [cmd_vel_chassis_serial]: Drop leg debug: len=80 expected=84
[cmd_vel_chassis_serial.py-1] [WARN] [1784051064.194553234] [cmd_vel_chassis_serial]: Drop leg debug: len=80 expected=84
[cmd_vel_chassis_serial.py-1] [WARN] [1784051064.220785609] [cmd_vel_chassis_serial]: Drop leg debug: len=80 expected=84
[cmd_vel_chassis_serial.py-1] [WARN] [1784051064.229637940] [cmd_vel_chassis_serial]: Drop leg debug: len=80 expected=84
[cmd_vel_chassis_serial.py-1] [WARN] [1784051064.251652863] [cmd_vel_chassis_serial]: Drop leg debug: len=80 expected=84
[cmd_vel_chassis_serial.py-1] [WARN] [1784051064.274625509] [cmd_vel_chassis_serial]: Drop leg debug: len=80 expected=84
[cmd_vel_chassis_serial.py-1] [WARN] [1784051064.372051403] [cmd_vel_chassis_serial]: Drop leg debug: len=80 expected=84
[cmd_vel_chassis_serial.py-1] [WARN] [1784051064.386716527] [cmd_vel_chassis_serial]: Drop leg debug: len=80 expected=84
[cmd_vel_chassis_serial.py-1] [WARN] [1784051064.412179608] [cmd_vel_chassis_serial]: Drop leg debug: len=80 expected=84
[cmd_vel_chassis_serial.py-1] [WARN] [1784051064.438249478] [cmd_vel_chassis_serial]: Drop leg debug: len=80 expected=84
[cmd_vel_chassis_serial.py-1] [WARN] [1784051064.461220985] [cmd_vel_chassis_serial]: Drop leg debug: len=80 expected=84
[cmd_vel_chassis_serial.py-1] [WARN] [1784051064.482985078] [cmd_vel_chassis_serial]: Drop leg debug: len=80 expected=84
[cmd_vel_chassis_serial.py-1] [WARN] [1784051064.569504275] [cmd_vel_chassis_serial]: Drop leg debug: len=80 expected=84
[cmd_vel_chassis_serial.py-1] [WARN] [1784051064.593041209] [cmd_vel_chassis_serial]: Drop leg debug: len=80 expected=84
[cmd_vel_chassis_serial.py-1] [WARN] [1784051064.630922192] [cmd_vel_chassis_serial]: Drop leg debug: len=80 expected=84
[cmd_vel_chassis_serial.py-1] [WARN] [1784051064.647887750] [cmd_vel_chassis_serial]: Drop leg debug: len=80 expected=84
[cmd_vel_chassis_serial.py-1] [WARN] [1784051064.679848614] [cmd_vel_chassis_serial]: Drop leg debug: len=80 expected=84
[cmd_vel_chassis_serial.py-1] [WARN] [1784051064.707573480] [cmd_vel_chassis_serial]: Drop leg debug: len=80 expected=84
[cmd_vel_chassis_serial.py-1] [WARN] [1784051064.772954901] [cmd_vel_chassis_serial]: Drop leg debug: len=80 expected=84
[cmd_vel_chassis_serial.py-1] [WARN] [1784051064.800847982] [cmd_vel_chassis_serial]: Drop leg debug: len=80 expected=84
[cmd_vel_chassis_serial.py-1] [WARN] [1784051064.827923390] [cmd_vel_chassis_serial]: Drop leg debug: len=80 expected=84
[cmd_vel_chassis_serial.py-1] [WARN] [1784051064.844769004] [cmd_vel_chassis_serial]: Drop leg debug: len=80 expected=84
[cmd_vel_chassis_serial.py-1] [WARN] [1784051064.863029412] [cmd_vel_chassis_serial]: Drop leg debug: len=80 expected=84
[cmd_vel_chassis_serial.py-1] [WARN] [1784051064.903427243] [cmd_vel_chassis_serial]: Drop leg debug: len=80 expected=84
[cmd_vel_chassis_serial.py-1] [WARN] [1784051064.977487753] [cmd_vel_chassis_serial]: Drop leg debug: len=80 expected=84
[cmd_vel_chassis_serial.py-1] [WARN] [1784051064.992789823] [cmd_vel_chassis_serial]: Drop leg debug: len=80 expected=84
[cmd_vel_chassis_serial.py-1] [WARN] [1784051065.021578442] [cmd_vel_chassis_serial]: Drop leg debug: len=80 expected=84
[cmd_vel_chassis_serial.py-1] [WARN] [1784051065.033832357] [cmd_vel_chassis_serial]: Drop leg debug: len=80 expected=84
[cmd_vel_chassis_serial.py-1] [WARN] [1784051065.057681930] [cmd_vel_chassis_serial]: Drop leg debug: len=80 expected=84
[cmd_vel_chassis_serial.py-1] [WARN] [1784051065.070127993] [cmd_vel_chassis_serial]: Drop leg debug: len=80 expected=84
[cmd_vel_chassis_serial.py-1] [WARN] [1784051065.154046567] [cmd_vel_chassis_serial]: Drop leg debug: len=80 expected=84
[cmd_vel_chassis_serial.py-1] [WARN] [1784051065.176012275] [cmd_vel_chassis_serial]: Drop leg debug: len=80 expected=84
[cmd_vel_chassis_serial.py-1] [WARN] [1784051065.189408944] [cmd_vel_chassis_serial]: Drop leg debug: len=80 expected=84
[cmd_vel_chassis_serial.py-1] [WARN] [1784051065.207990871] [cmd_vel_chassis_serial]: Drop leg debug: len=80 expected=84
[cmd_vel_chassis_serial.py-1] [WARN] [1784051065.243406689] [cmd_vel_chassis_serial]: Drop leg debug: len=80 expected=84
[cmd_vel_chassis_serial.py-1] [WARN] [1784051065.256587566] [cmd_vel_chassis_serial]: Drop leg debug: len=80 expected=84
[cmd_vel_chassis_serial.py-1] [WARN] [1784051065.357426195] [cmd_vel_chassis_serial]: Drop leg debug: len=80 expected=84
[cmd_vel_chassis_serial.py-1] [WARN] [1784051065.369035949] [cmd_vel_chassis_serial]: Drop leg debug: len=80 expected=84
[cmd_vel_chassis_serial.py-1] [WARN] [1784051065.381293618] [cmd_vel_chassis_serial]: Drop leg debug: len=80 expected=84
[cmd_vel_chassis_serial.py-1] [WARN] [1784051065.399141380] [cmd_vel_chassis_serial]: Drop leg debug: len=80 expected=84
[cmd_vel_chassis_serial.py-1] [WARN] [1784051065.423895927] [cmd_vel_chassis_serial]: Drop leg debug: len=80 expected=84
[cmd_vel_chassis_serial.py-1] [WARN] [1784051065.439235923] [cmd_vel_chassis_serial]: Drop leg debug: len=80 expected=84
[cmd_vel_chassis_serial.py-1] [WARN] [1784051065.543561809] [cmd_vel_chassis_serial]: Drop leg debug: len=80 expected=84
[cmd_vel_chassis_serial.py-1] [WARN] [1784051065.573673838] [cmd_vel_chassis_serial]: Drop leg debug: len=80 expected=84
[cmd_vel_chassis_serial.py-1] [WARN] [1784051065.616139239] [cmd_vel_chassis_serial]: Drop leg debug: len=80 expected=84
[cmd_vel_chassis_serial.py-1] [WARN] [1784051065.628014303] [cmd_vel_chassis_serial]: Drop leg debug: len=80 expected=84
[cmd_vel_chassis_serial.py-1] [WARN] [1784051065.643316429] [cmd_vel_chassis_serial]: Drop leg debug: len=80 expected=84
[cmd_vel_chassis_serial.py-1] [WARN] [1784051065.667330824] [cmd_vel_chassis_serial]: Drop leg debug: len=80 expected=84
[cmd_vel_chassis_serial.py-1] [WARN] [1784051065.790462575] [cmd_vel_chassis_serial]: Drop leg debug: len=80 expected=84
[cmd_vel_chassis_serial.py-1] [WARN] [1784051065.825301168] [cmd_vel_chassis_serial]: Drop leg debug: len=80 expected=84
[cmd_vel_chassis_serial.py-1] [ERROR] [1784051065.836080106] [cmd_vel_chassis_serial]: Serial write failed: Write timeout
[cmd_vel_chassis_serial.py-1] [WARN] [1784051065.844718841] [cmd_vel_chassis_serial]: Drop leg debug: len=80 expected=84
[cmd_vel_chassis_serial.py-1] [WARN] [1784051065.881170530] [cmd_vel_chassis_serial]: Drop leg debug: len=80 expected=84
[cmd_vel_chassis_serial.py-1] [WARN] [1784051065.891942391] [cmd_vel_chassis_serial]: Drop leg debug: len=80 expected=84
[cmd_vel_chassis_serial.py-1] [WARN] [1784051065.938517700] [cmd_vel_chassis_serial]: Drop leg debug: len=80 expected=84
[cmd_vel_chassis_serial.py-1] [WARN] [1784051065.956945374] [cmd_vel_chassis_serial]: Drop leg debug: len=80 expected=84
[cmd_vel_chassis_serial.py-1] [WARN] [1784051065.989149371] [cmd_vel_chassis_serial]: Drop leg debug: len=80 expected=84
[cmd_vel_chassis_serial.py-1] [WARN] [1784051066.015294541] [cmd_vel_chassis_serial]: Drop leg debug: len=80 expected=84
[cmd_vel_chassis_serial.py-1] [WARN] [1784051066.032450345] [cmd_vel_chassis_serial]: Drop leg debug: len=80 expected=84
[cmd_vel_chassis_serial.py-1] [WARN] [1784051066.075120690] [cmd_vel_chassis_serial]: Drop leg debug: len=80 expected=84
[cmd_vel_chassis_serial.py-1] [WARN] [1784051066.112610725] [cmd_vel_chassis_serial]: Drop leg debug: len=80 expected=84
[cmd_vel_chassis_serial.py-1] [WARN] [1784051066.155546815] [cmd_vel_chassis_serial]: Drop leg debug: len=80 expected=84
[cmd_vel_chassis_serial.py-1] [WARN] [1784051066.181201588] [cmd_vel_chassis_serial]: Drop leg debug: len=80 expected=84
[cmd_vel_chassis_serial.py-1] [WARN] [1784051066.214544193] [cmd_vel_chassis_serial]: Drop leg debug: len=80 expected=84
[cmd_vel_chassis_serial.py-1] [WARN] [1784051066.274542351] [cmd_vel_chassis_serial]: Drop leg debug: len=80 expected=84
[cmd_vel_chassis_serial.py-1] [WARN] [1784051066.326857787] [cmd_vel_chassis_serial]: Drop leg debug: len=80 expected=84
[cmd_vel_chassis_serial.py-1] [WARN] [1784051066.349917325] [cmd_vel_chassis_serial]: Drop leg debug: len=80 expected=84
[cmd_vel_chassis_serial.py-1] [WARN] [1784051066.395762066] [cmd_vel_chassis_serial]: Drop leg debug: len=80 expected=84
[cmd_vel_chassis_serial.py-1] [WARN] [1784051066.436471254] [cmd_vel_chassis_serial]: Drop leg debug: len=80 expected=84
[cmd_vel_chassis_serial.py-1] [WARN] [1784051066.482860188] [cmd_vel_chassis_serial]: Drop leg debug: len=80 expected=84
[cmd_vel_chassis_serial.py-1] [WARN] [1784051066.494072924] [cmd_vel_chassis_serial]: Drop leg debug: len=80 expected=84
[cmd_vel_chassis_serial.py-1] [WARN] [1784051066.528856402] [cmd_vel_chassis_serial]: Drop leg debug: len=80 expected=84
[cmd_vel_chassis_serial.py-1] [WARN] [1784051066.550659959] [cmd_vel_chassis_serial]: Drop leg debug: len=80 expected=84
[cmd_vel_chassis_serial.py-1] [WARN] [1784051066.583682539] [cmd_vel_chassis_serial]: Drop leg debug: len=80 expected=84
[cmd_vel_chassis_serial.py-1] [WARN] [1784051066.601193924] [cmd_vel_chassis_serial]: Drop leg debug: len=80 expected=84
[cmd_vel_chassis_serial.py-1] [WARN] [1784051066.622019482] [cmd_vel_chassis_serial]: Drop leg debug: len=80 expected=84
[cmd_vel_chassis_serial.py-1] [WARN] [1784051066.645795077] [cmd_vel_chassis_serial]: Drop leg debug: len=80 expected=84
[cmd_vel_chassis_serial.py-1] [WARN] [1784051066.653749254] [cmd_vel_chassis_serial]: Drop leg debug: len=80 expected=84
[cmd_vel_chassis_serial.py-1] [WARN] [1784051066.658220860] [cmd_vel_chassis_serial]: Drop leg debug: len=80 expected=84
[cmd_vel_chassis_serial.py-1] [WARN] [1784051066.696822733] [cmd_vel_chassis_serial]: Drop leg debug: len=80 expected=84
[cmd_vel_chassis_serial.py-1] [WARN] [1784051066.719474974] [cmd_vel_chassis_serial]: Drop leg debug: len=80 expected=84
[cmd_vel_chassis_serial.py-1] [WARN] [1784051066.739154782] [cmd_vel_chassis_serial]: Drop leg debug: len=80 expected=84
[cmd_vel_chassis_serial.py-1] [WARN] [1784051066.761669959] [cmd_vel_chassis_serial]: Drop leg debug: len=80 expected=84
[cmd_vel_chassis_serial.py-1] [WARN] [1784051066.806081014] [cmd_vel_chassis_serial]: Drop leg debug: len=80 expected=84
[cmd_vel_chassis_serial.py-1] [WARN] [1784051066.819448232] [cmd_vel_chassis_serial]: Drop leg debug: len=80 expected=84
[cmd_vel_chassis_serial.py-1] [WARN] [1784051066.907232975] [cmd_vel_chassis_serial]: Drop leg debug: len=80 expected=84
[cmd_vel_chassis_serial.py-1] [WARN] [1784051066.940140129] [cmd_vel_chassis_serial]: Drop leg debug: len=80 expected=84
[cmd_vel_chassis_serial.py-1] [WARN] [1784051066.954330649] [cmd_vel_chassis_serial]: Drop leg debug: len=80 expected=84
[cmd_vel_chassis_serial.py-1] [WARN] [1784051066.978795048] [cmd_vel_chassis_serial]: Drop leg debug: len=80 expected=84
[cmd_vel_chassis_serial.py-1] [WARN] [1784051066.997894555] [cmd_vel_chassis_serial]: Drop leg debug: len=80 expected=84
[cmd_vel_chassis_serial.py-1] [WARN] [1784051067.014156815] [cmd_vel_chassis_serial]: Drop leg debug: len=80 expected=84
[cmd_vel_chassis_serial.py-1] [WARN] [1784051067.125232260] [cmd_vel_chassis_serial]: Drop leg debug: len=80 expected=84
[cmd_vel_chassis_serial.py-1] [WARN] [1784051067.161480178] [cmd_vel_chassis_serial]: Drop leg debug: len=80 expected=84
[cmd_vel_chassis_serial.py-1] [WARN] [1784051067.182686819] [cmd_vel_chassis_serial]: Drop leg debug: len=80 expected=84
[cmd_vel_chassis_serial.py-1] [ERROR] [1784051067.224163407] [cmd_vel_chassis_serial]: Serial write failed: Write timeout
[cmd_vel_chassis_serial.py-1] [WARN] [1784051067.238628674] [cmd_vel_chassis_serial]: Drop leg debug: len=80 expected=84
[cmd_vel_chassis_serial.py-1] [WARN] [1784051067.259768905] [cmd_vel_chassis_serial]: Drop leg debug: len=80 expected=84
[cmd_vel_chassis_serial.py-1] [WARN] [1784051067.311644067] [cmd_vel_chassis_serial]: Drop leg debug: len=80 expected=84
[cmd_vel_chassis_serial.py-1] [WARN] [1784051067.342199982] [cmd_vel_chassis_serial]: Drop leg debug: len=80 expected=84
[cmd_vel_chassis_serial.py-1] [WARN] [1784051067.355920262] [cmd_vel_chassis_serial]: Drop leg debug: len=80 expected=84
[cmd_vel_chassis_serial.py-1] [WARN] [1784051067.411124305] [cmd_vel_chassis_serial]: Drop leg debug: len=80 expected=84
[cmd_vel_chassis_serial.py-1] [WARN] [1784051067.435546778] [cmd_vel_chassis_serial]: Drop leg debug: len=80 expected=84
[cmd_vel_chassis_serial.py-1] [WARN] [1784051067.466091164] [cmd_vel_chassis_serial]: Drop leg debug: len=80 expected=84
[cmd_vel_chassis_serial.py-1] [WARN] [1784051067.480805635] [cmd_vel_chassis_serial]: Drop leg debug: len=80 expected=84
[cmd_vel_chassis_serial.py-1] [WARN] [1784051067.495953964] [cmd_vel_chassis_serial]: Drop leg debug: len=80 expected=84
[cmd_vel_chassis_serial.py-1] [WARN] [1784051067.532005460] [cmd_vel_chassis_serial]: Drop leg debug: len=80 expected=84
[cmd_vel_chassis_serial.py-1] [WARN] [1784051067.544249145] [cmd_vel_chassis_serial]: Drop leg debug: len=80 expected=84
[cmd_vel_chassis_serial.py-1] [WARN] [1784051067.581397744] [cmd_vel_chassis_serial]: Drop leg debug: len=80 expected=84
[cmd_vel_chassis_serial.py-1] [WARN] [1784051067.595609284] [cmd_vel_chassis_serial]: Drop leg debug: len=80 expected=84
[cmd_vel_chassis_serial.py-1] [WARN] [1784051067.602452552] [cmd_vel_chassis_serial]: Drop leg debug: len=80 expected=84
[cmd_vel_chassis_serial.py-1] [WARN] [1784051067.711191387] [cmd_vel_chassis_serial]: Drop leg debug: len=80 expected=84
[cmd_vel_chassis_serial.py-1] [ERROR] [1784051067.741632572] [cmd_vel_chassis_serial]: Serial write failed: Write timeout
[cmd_vel_chassis_serial.py-1] [WARN] [1784051067.746831841] [cmd_vel_chassis_serial]: Drop leg debug: len=80 expected=84
[cmd_vel_chassis_serial.py-1] [WARN] [1784051067.793162814] [cmd_vel_chassis_serial]: Drop leg debug: len=80 expected=84
[cmd_vel_chassis_serial.py-1] [WARN] [1784051067.830940061] [cmd_vel_chassis_serial]: Drop leg debug: len=80 expected=84
[cmd_vel_chassis_serial.py-1] [WARN] [1784051067.893203972] [cmd_vel_chassis_serial]: Drop leg debug: len=80 expected=84
[cmd_vel_chassis_serial.py-1] [WARN] [1784051067.934281395] [cmd_vel_chassis_serial]: Drop leg debug: len=80 expected=84
[cmd_vel_chassis_serial.py-1] [WARN] [1784051067.960748519] [cmd_vel_chassis_serial]: Drop leg debug: len=80 expected=84
[cmd_vel_chassis_serial.py-1] [WARN] [1784051067.988962089] [cmd_vel_chassis_serial]: Drop leg debug: len=80 expected=84
[cmd_vel_chassis_serial.py-1] [WARN] [1784051068.049455591] [cmd_vel_chassis_serial]: Drop leg debug: len=80 expected=84
[cmd_vel_chassis_serial.py-1] [WARN] [1784051068.068889699] [cmd_vel_chassis_serial]: Drop leg debug: len=80 expected=84
[cmd_vel_chassis_serial.py-1] [WARN] [1784051068.119744426] [cmd_vel_chassis_serial]: Drop leg debug: len=80 expected=84
[cmd_vel_chassis_serial.py-1] [WARN] [1784051068.161839186] [cmd_vel_chassis_serial]: Drop leg debug: len=80 expected=84
[cmd_vel_chassis_serial.py-1] [ERROR] [1784051068.165830155] [cmd_vel_chassis_serial]: Serial write failed: Write timeout
[cmd_vel_chassis_serial.py-1] [WARN] [1784051068.201437878] [cmd_vel_chassis_serial]: Drop leg debug: len=80 expected=84
[cmd_vel_chassis_serial.py-1] [WARN] [1784051068.227521005] [cmd_vel_chassis_serial]: Drop leg debug: len=80 expected=84
[cmd_vel_chassis_serial.py-1] [WARN] [1784051068.242479551] [cmd_vel_chassis_serial]: Drop leg debug: len=80 expected=84
[cmd_vel_chassis_serial.py-1] [WARN] [1784051068.281318545] [cmd_vel_chassis_serial]: Drop leg debug: len=80 expected=84
[cmd_vel_chassis_serial.py-1] [WARN] [1784051068.295168799] [cmd_vel_chassis_serial]: Drop leg debug: len=80 expected=84
[cmd_vel_chassis_serial.py-1] [WARN] [1784051068.309040574] [cmd_vel_chassis_serial]: Drop leg debug: len=80 expected=84
[cmd_vel_chassis_serial.py-1] [WARN] [1784051068.316724026] [cmd_vel_chassis_serial]: Drop leg debug: len=80 expected=84
[cmd_vel_chassis_serial.py-1] [WARN] [1784051068.322213567] [cmd_vel_chassis_serial]: Drop leg debug: len=80 expected=84
[cmd_vel_chassis_serial.py-1] [WARN] [1784051068.326692620] [cmd_vel_chassis_serial]: Drop leg debug: len=80 expected=84
[cmd_vel_chassis_serial.py-1] [WARN] [1784051068.333156816] [cmd_vel_chassis_serial]: Drop leg debug: len=80 expected=84
[cmd_vel_chassis_serial.py-1] [WARN] [1784051068.342408393] [cmd_vel_chassis_serial]: Drop leg debug: len=80 expected=84
[cmd_vel_chassis_serial.py-1] [WARN] [1784051068.367724637] [cmd_vel_chassis_serial]: Drop leg debug: len=80 expected=84
[cmd_vel_chassis_serial.py-1] [WARN] [1784051068.460260919] [cmd_vel_chassis_serial]: Drop leg debug: len=80 expected=84
[cmd_vel_chassis_serial.py-1] [WARN] [1784051068.474799159] [cmd_vel_chassis_serial]: Drop leg debug: len=80 expected=84
[cmd_vel_chassis_serial.py-1] [WARN] [1784051068.493909805] [cmd_vel_chassis_serial]: Drop leg debug: len=80 expected=84
[cmd_vel_chassis_serial.py-1] [WARN] [1784051068.525002979] [cmd_vel_chassis_serial]: Drop leg debug: len=80 expected=84
[cmd_vel_chassis_serial.py-1] [WARN] [1784051068.544893369] [cmd_vel_chassis_serial]: Drop leg debug: len=80 expected=84
[cmd_vel_chassis_serial.py-1] [WARN] [1784051068.568194935] [cmd_vel_chassis_serial]: Drop leg debug: len=80 expected=84
[cmd_vel_chassis_serial.py-1] [WARN] [1784051068.657102517] [cmd_vel_chassis_serial]: Drop leg debug: len=80 expected=84
[cmd_vel_chassis_serial.py-1] [WARN] [1784051068.716301174] [cmd_vel_chassis_serial]: Drop leg debug: len=80 expected=84
[cmd_vel_chassis_serial.py-1] [ERROR] [1784051068.768971240] [cmd_vel_chassis_serial]: Serial write failed: Write timeout
[cmd_vel_chassis_serial.py-1] [WARN] [1784051068.795147937] [cmd_vel_chassis_serial]: Drop leg debug: len=80 expected=84
[cmd_vel_chassis_serial.py-1] [WARN] [1784051068.880978734] [cmd_vel_chassis_serial]: Drop leg debug: len=80 expected=84
[cmd_vel_chassis_serial.py-1] [WARN] [1784051068.949204426] [cmd_vel_chassis_serial]: Drop leg debug: len=80 expected=84
[cmd_vel_chassis_serial.py-1] [WARN] [1784051068.975111044] [cmd_vel_chassis_serial]: Drop leg debug: len=80 expected=84
[cmd_vel_chassis_serial.py-1] [WARN] [1784051068.995010191] [cmd_vel_chassis_serial]: Drop leg debug: len=80 expected=84
[cmd_vel_chassis_serial.py-1] [WARN] [1784051069.006213678] [cmd_vel_chassis_serial]: Drop leg debug: len=80 expected=84
[cmd_vel_chassis_serial.py-1] [WARN] [1784051069.035994714] [cmd_vel_chassis_serial]: Drop leg debug: len=80 expected=84
[cmd_vel_chassis_serial.py-1] [WARN] [1784051069.042860805] [cmd_vel_chassis_serial]: Drop leg debug: len=80 expected=84
[cmd_vel_chassis_serial.py-1] [WARN] [1784051069.063987520] [cmd_vel_chassis_serial]: Drop leg debug: len=80 expected=84
[cmd_vel_chassis_serial.py-1] [WARN] [1784051069.088848324] [cmd_vel_chassis_serial]: Drop leg debug: len=80 expected=84
[cmd_vel_chassis_serial.py-1] [WARN] [1784051069.114224063] [cmd_vel_chassis_serial]: Drop leg debug: len=80 expected=84
[cmd_vel_chassis_serial.py-1] [ERROR] [1784051069.128155908] [cmd_vel_chassis_serial]: Serial write failed: Write timeout
[cmd_vel_chassis_serial.py-1] [WARN] [1784051069.177225466] [cmd_vel_chassis_serial]: Drop leg debug: len=80 expected=84
[cmd_vel_chassis_serial.py-1] [WARN] [1784051069.216247938] [cmd_vel_chassis_serial]: Drop leg debug: len=80 expected=84
[cmd_vel_chassis_serial.py-1] [WARN] [1784051069.257648910] [cmd_vel_chassis_serial]: Drop leg debug: len=80 expected=84
[cmd_vel_chassis_serial.py-1] [WARN] [1784051069.293107746] [cmd_vel_chassis_serial]: Drop leg debug: len=80 expected=84
[cmd_vel_chassis_serial.py-1] [WARN] [1784051069.344326617] [cmd_vel_chassis_serial]: Drop leg debug: len=80 expected=84
[cmd_vel_chassis_serial.py-1] [WARN] [1784051069.385513014] [cmd_vel_chassis_serial]: Drop leg debug: len=80 expected=84
[cmd_vel_chassis_serial.py-1] [WARN] [1784051069.422497737] [cmd_vel_chassis_serial]: Drop leg debug: len=80 expected=84
[cmd_vel_chassis_serial.py-1] [WARN] [1784051069.456570022] [cmd_vel_chassis_serial]: Drop leg debug: len=80 expected=84
[cmd_vel_chassis_serial.py-1] [WARN] [1784051069.494078052] [cmd_vel_chassis_serial]: Drop leg debug: len=80 expected=84
[cmd_vel_chassis_serial.py-1] [WARN] [1784051069.551036888] [cmd_vel_chassis_serial]: Drop leg debug: len=80 expected=84
[cmd_vel_chassis_serial.py-1] [WARN] [1784051069.589862131] [cmd_vel_chassis_serial]: Drop leg debug: len=80 expected=84
[cmd_vel_chassis_serial.py-1] [WARN] [1784051069.637063025] [cmd_vel_chassis_serial]: Drop leg debug: len=80 expected=84
[cmd_vel_chassis_serial.py-1] [WARN] [1784051069.671162074] [cmd_vel_chassis_serial]: Drop leg debug: len=80 expected=84
[cmd_vel_chassis_serial.py-1] [WARN] [1784051069.722205909] [cmd_vel_chassis_serial]: Drop leg debug: len=80 expected=84
[cmd_vel_chassis_serial.py-1] [WARN] [1784051069.768053289] [cmd_vel_chassis_serial]: Drop leg debug: len=80 expected=84
[cmd_vel_chassis_serial.py-1] [WARN] [1784051069.897088362] [cmd_vel_chassis_serial]: Drop leg debug: len=80 expected=84
[cmd_vel_chassis_serial.py-1] [WARN] [1784051070.014730272] [cmd_vel_chassis_serial]: Drop leg debug: len=80 expected=84
[cmd_vel_chassis_serial.py-1] [ERROR] [1784051070.031786852] [cmd_vel_chassis_serial]: Serial write failed: Write timeout
[cmd_vel_chassis_serial.py-1] [WARN] [1784051070.092517972] [cmd_vel_chassis_serial]: Drop leg debug: len=80 expected=84
[cmd_vel_chassis_serial.py-1] [WARN] [1784051070.124547854] [cmd_vel_chassis_serial]: Drop leg debug: len=80 expected=84
[cmd_vel_chassis_serial.py-1] [WARN] [1784051070.169049643] [cmd_vel_chassis_serial]: Drop leg debug: len=80 expected=84
[cmd_vel_chassis_serial.py-1] [WARN] [1784051070.223018391] [cmd_vel_chassis_serial]: Drop leg debug: len=80 expected=84
[cmd_vel_chassis_serial.py-1] [WARN] [1784051070.283909685] [cmd_vel_chassis_serial]: Drop leg debug: len=80 expected=84
[cmd_vel_chassis_serial.py-1] [WARN] [1784051070.328266775] [cmd_vel_chassis_serial]: Drop leg debug: len=80 expected=84
[cmd_vel_chassis_serial.py-1] [WARN] [1784051070.379558660] [cmd_vel_chassis_serial]: Drop leg debug: len=80 expected=84
[cmd_vel_chassis_serial.py-1] [WARN] [1784051070.418098789] [cmd_vel_chassis_serial]: Drop leg debug: len=80 expected=84
[cmd_vel_chassis_serial.py-1] [WARN] [1784051070.489285214] [cmd_vel_chassis_serial]: Drop leg debug: len=80 expected=84
[cmd_vel_chassis_serial.py-1] [WARN] [1784051070.532667863] [cmd_vel_chassis_serial]: Drop leg debug: len=80 expected=84
[cmd_vel_chassis_serial.py-1] [WARN] [1784051070.585008566] [cmd_vel_chassis_serial]: Drop leg debug: len=80 expected=84
[cmd_vel_chassis_serial.py-1] [WARN] [1784051070.619757921] [cmd_vel_chassis_serial]: Drop leg debug: len=80 expected=84
[cmd_vel_chassis_serial.py-1] [WARN] [1784051070.662174741] [cmd_vel_chassis_serial]: Drop leg debug: len=80 expected=84
[cmd_vel_chassis_serial.py-1] [WARN] [1784051070.697985727] [cmd_vel_chassis_serial]: Drop leg debug: len=80 expected=84
[cmd_vel_chassis_serial.py-1] [WARN] [1784051070.719640427] [cmd_vel_chassis_serial]: Drop leg debug: len=80 expected=84
[cmd_vel_chassis_serial.py-1] [WARN] [1784051070.741298090] [cmd_vel_chassis_serial]: Drop leg debug: len=80 expected=84
[cmd_vel_chassis_serial.py-1] [WARN] [1784051070.783589597] [cmd_vel_chassis_serial]: Drop leg debug: len=80 expected=84
[cmd_vel_chassis_serial.py-1] [WARN] [1784051070.816570828] [cmd_vel_chassis_serial]: Drop leg debug: len=80 expected=84
[cmd_vel_chassis_serial.py-1] [WARN] [1784051070.852682355] [cmd_vel_chassis_serial]: Drop leg debug: len=80 expected=84
[cmd_vel_chassis_serial.py-1] [WARN] [1784051070.904975782] [cmd_vel_chassis_serial]: Drop leg debug: len=80 expected=84
[cmd_vel_chassis_serial.py-1] [WARN] [1784051070.939245972] [cmd_vel_chassis_serial]: Drop leg debug: len=80 expected=84
[cmd_vel_chassis_serial.py-1] [WARN] [1784051070.972861863] [cmd_vel_chassis_serial]: Drop leg debug: len=80 expected=84
[cmd_vel_chassis_serial.py-1] [WARN] [1784051071.001335833] [cmd_vel_chassis_serial]: Drop leg debug: len=80 expected=84
[cmd_vel_chassis_serial.py-1] [WARN] [1784051071.062635854] [cmd_vel_chassis_serial]: Drop leg debug: len=80 expected=84
[cmd_vel_chassis_serial.py-1] [WARN] [1784051071.108063321] [cmd_vel_chassis_serial]: Drop leg debug: len=80 expected=84
[cmd_vel_chassis_serial.py-1] [WARN] [1784051071.146262889] [cmd_vel_chassis_serial]: Drop leg debug: len=80 expected=84
[cmd_vel_chassis_serial.py-1] [WARN] [1784051071.241398865] [cmd_vel_chassis_serial]: Drop leg debug: len=80 expected=84
[cmd_vel_chassis_serial.py-1] [WARN] [1784051071.277227504] [cmd_vel_chassis_serial]: Drop leg debug: len=80 expected=84
[cmd_vel_chassis_serial.py-1] [WARN] [1784051071.293296689] [cmd_vel_chassis_serial]: Drop leg debug: len=80 expected=84
[cmd_vel_chassis_serial.py-1] [WARN] [1784051071.324169939] [cmd_vel_chassis_serial]: Drop leg debug: len=80 expected=84
[cmd_vel_chassis_serial.py-1] [WARN] [1784051071.380846603] [cmd_vel_chassis_serial]: Drop leg debug: len=80 expected=84
[cmd_vel_chassis_serial.py-1] [WARN] [1784051071.421658308] [cmd_vel_chassis_serial]: Drop leg debug: len=80 expected=84
[cmd_vel_chassis_serial.py-1] [WARN] [1784051071.460298728] [cmd_vel_chassis_serial]: Drop leg debug: len=80 expected=84
[cmd_vel_chassis_serial.py-1] [WARN] [1784051071.484337641] [cmd_vel_chassis_serial]: Drop leg debug: len=80 expected=84
[cmd_vel_chassis_serial.py-1] [WARN] [1784051071.535656523] [cmd_vel_chassis_serial]: Drop leg debug: len=80 expected=84
[cmd_vel_chassis_serial.py-1] [WARN] [1784051071.558335569] [cmd_vel_chassis_serial]: Drop leg debug: len=80 expected=84
[cmd_vel_chassis_serial.py-1] [WARN] [1784051071.603861695] [cmd_vel_chassis_serial]: Drop leg debug: len=80 expected=84
[cmd_vel_chassis_serial.py-1] [WARN] [1784051071.625093385] [cmd_vel_chassis_serial]: Drop leg debug: len=80 expected=84
[cmd_vel_chassis_serial.py-1] [WARN] [1784051071.659185474] [cmd_vel_chassis_serial]: Drop leg debug: len=80 expected=84
[cmd_vel_chassis_serial.py-1] [WARN] [1784051071.686154007] [cmd_vel_chassis_serial]: Drop leg debug: len=80 expected=84
[cmd_vel_chassis_serial.py-1] [WARN] [1784051071.773496253] [cmd_vel_chassis_serial]: Drop leg debug: len=80 expected=84
[cmd_vel_chassis_serial.py-1] [WARN] [1784051071.819749895] [cmd_vel_chassis_serial]: Drop leg debug: len=80 expected=84
[cmd_vel_chassis_serial.py-1] [WARN] [1784051071.938199630] [cmd_vel_chassis_serial]: Drop leg debug: len=80 expected=84
[cmd_vel_chassis_serial.py-1] [WARN] [1784051072.036239566] [cmd_vel_chassis_serial]: Drop leg debug: len=80 expected=84
[cmd_vel_chassis_serial.py-1] [ERROR] [1784051072.096986746] [cmd_vel_chassis_serial]: Serial write failed: Write timeout
[cmd_vel_chassis_serial.py-1] [WARN] [1784051072.154279048] [cmd_vel_chassis_serial]: Drop leg debug: len=80 expected=84
[cmd_vel_chassis_serial.py-1] [WARN] [1784051072.220550520] [cmd_vel_chassis_serial]: Drop leg debug: len=80 expected=84
[cmd_vel_chassis_serial.py-1] [WARN] [1784051072.232606802] [cmd_vel_chassis_serial]: Drop leg debug: len=80 expected=84
[cmd_vel_chassis_serial.py-1] [WARN] [1784051072.238053669] [cmd_vel_chassis_serial]: Drop leg debug: len=80 expected=84
[cmd_vel_chassis_serial.py-1] [WARN] [1784051072.243672109] [cmd_vel_chassis_serial]: Drop leg debug: len=80 expected=84
[cmd_vel_chassis_serial.py-1] [WARN] [1784051072.253755152] [cmd_vel_chassis_serial]: Drop leg debug: len=80 expected=84
[cmd_vel_chassis_serial.py-1] [WARN] [1784051072.260762702] [cmd_vel_chassis_serial]: Drop leg debug: len=80 expected=84
[cmd_vel_chassis_serial.py-1] [WARN] [1784051072.266877997] [cmd_vel_chassis_serial]: Drop leg debug: len=80 expected=84
[cmd_vel_chassis_serial.py-1] [WARN] [1784051072.277167017] [cmd_vel_chassis_serial]: Drop leg debug: len=80 expected=84
[cmd_vel_chassis_serial.py-1] [WARN] [1784051072.282811813] [cmd_vel_chassis_serial]: Drop leg debug: len=80 expected=84
[cmd_vel_chassis_serial.py-1] [WARN] [1784051072.296253919] [cmd_vel_chassis_serial]: Drop leg debug: len=80 expected=84
[cmd_vel_chassis_serial.py-1] [WARN] [1784051072.313877559] [cmd_vel_chassis_serial]: Drop leg debug: len=80 expected=84
[cmd_vel_chassis_serial.py-1] [WARN] [1784051072.320515381] [cmd_vel_chassis_serial]: Drop leg debug: len=80 expected=84
[cmd_vel_chassis_serial.py-1] [WARN] [1784051072.331289404] [cmd_vel_chassis_serial]: Drop leg debug: len=80 expected=84
[cmd_vel_chassis_serial.py-1] [WARN] [1784051072.336752034] [cmd_vel_chassis_serial]: Drop leg debug: len=80 expected=84
[cmd_vel_chassis_serial.py-1] [WARN] [1784051072.345165838] [cmd_vel_chassis_serial]: Drop leg debug: len=80 expected=84
[cmd_vel_chassis_serial.py-1] [WARN] [1784051072.351043232] [cmd_vel_chassis_serial]: Drop leg debug: len=80 expected=84
[cmd_vel_chassis_serial.py-1] [WARN] [1784051072.373282726] [cmd_vel_chassis_serial]: Drop leg debug: len=80 expected=84
[cmd_vel_chassis_serial.py-1] [WARN] [1784051072.378801152] [cmd_vel_chassis_serial]: Drop leg debug: len=80 expected=84
[cmd_vel_chassis_serial.py-1] [WARN] [1784051072.402972942] [cmd_vel_chassis_serial]: Drop leg debug: len=80 expected=84
[cmd_vel_chassis_serial.py-1] [WARN] [1784051072.427224663] [cmd_vel_chassis_serial]: Drop leg debug: len=80 expected=84
[cmd_vel_chassis_serial.py-1] [WARN] [1784051072.454321294] [cmd_vel_chassis_serial]: Drop leg debug: len=80 expected=84
[cmd_vel_chassis_serial.py-1] [WARN] [1784051072.482746561] [cmd_vel_chassis_serial]: Drop leg debug: len=80 expected=84
[cmd_vel_chassis_serial.py-1] [WARN] [1784051072.496207572] [cmd_vel_chassis_serial]: Drop leg debug: len=80 expected=84
[cmd_vel_chassis_serial.py-1] [WARN] [1784051072.578212617] [cmd_vel_chassis_serial]: Drop leg debug: len=80 expected=84
[cmd_vel_chassis_serial.py-1] [WARN] [1784051072.609169112] [cmd_vel_chassis_serial]: Drop leg debug: len=80 expected=84
[cmd_vel_chassis_serial.py-1] [WARN] [1784051072.625425296] [cmd_vel_chassis_serial]: Drop leg debug: len=80 expected=84
[cmd_vel_chassis_serial.py-1] [WARN] [1784051072.648209642] [cmd_vel_chassis_serial]: Drop leg debug: len=80 expected=84
[cmd_vel_chassis_serial.py-1] [WARN] [1784051072.684853400] [cmd_vel_chassis_serial]: Drop leg debug: len=80 expected=84
[cmd_vel_chassis_serial.py-1] [WARN] [1784051072.695644986] [cmd_vel_chassis_serial]: Drop leg debug: len=80 expected=84
[cmd_vel_chassis_serial.py-1] [WARN] [1784051072.772713070] [cmd_vel_chassis_serial]: Drop leg debug: len=80 expected=84
[cmd_vel_chassis_serial.py-1] [WARN] [1784051072.794985998] [cmd_vel_chassis_serial]: Drop leg debug: len=80 expected=84
[cmd_vel_chassis_serial.py-1] [WARN] [1784051072.823836741] [cmd_vel_chassis_serial]: Drop leg debug: len=80 expected=84
[cmd_vel_chassis_serial.py-1] [WARN] [1784051072.838860259] [cmd_vel_chassis_serial]: Drop leg debug: len=80 expected=84
[cmd_vel_chassis_serial.py-1] [WARN] [1784051072.880385243] [cmd_vel_chassis_serial]: Drop leg debug: len=80 expected=84
[cmd_vel_chassis_serial.py-1] [WARN] [1784051072.892603704] [cmd_vel_chassis_serial]: Drop leg debug: len=80 expected=84
[cmd_vel_chassis_serial.py-1] [WARN] [1784051072.983128696] [cmd_vel_chassis_serial]: Drop leg debug: len=80 expected=84
[cmd_vel_chassis_serial.py-1] [WARN] [1784051073.033679605] [cmd_vel_chassis_serial]: Drop leg debug: len=80 expected=84
[cmd_vel_chassis_serial.py-1] [ERROR] [1784051073.048671598] [cmd_vel_chassis_serial]: Serial write failed: Write timeout
[cmd_vel_chassis_serial.py-1] [WARN] [1784051073.078555712] [cmd_vel_chassis_serial]: Drop leg debug: len=80 expected=84
[cmd_vel_chassis_serial.py-1] [WARN] [1784051073.128043791] [cmd_vel_chassis_serial]: Drop leg debug: len=80 expected=84
[cmd_vel_chassis_serial.py-1] [WARN] [1784051073.193880040] [cmd_vel_chassis_serial]: Drop leg debug: len=80 expected=84
[cmd_vel_chassis_serial.py-1] [WARN] [1784051073.313896273] [cmd_vel_chassis_serial]: Drop leg debug: len=80 expected=84
[cmd_vel_chassis_serial.py-1] [WARN] [1784051073.364720591] [cmd_vel_chassis_serial]: Drop leg debug: len=80 expected=84
[cmd_vel_chassis_serial.py-1] [WARN] [1784051073.388900838] [cmd_vel_chassis_serial]: Drop leg debug: len=80 expected=84
[cmd_vel_chassis_serial.py-1] [WARN] [1784051073.394730608] [cmd_vel_chassis_serial]: Drop leg debug: len=80 expected=84
[cmd_vel_chassis_serial.py-1] [WARN] [1784051073.428160220] [cmd_vel_chassis_serial]: Drop leg debug: len=80 expected=84
[cmd_vel_chassis_serial.py-1] [WARN] [1784051073.433454012] [cmd_vel_chassis_serial]: Drop leg debug: len=80 expected=84
[cmd_vel_chassis_serial.py-1] [WARN] [1784051073.455046296] [cmd_vel_chassis_serial]: Drop leg debug: len=80 expected=84
[cmd_vel_chassis_serial.py-1] [WARN] [1784051073.489000118] [cmd_vel_chassis_serial]: Drop leg debug: len=80 expected=84
[cmd_vel_chassis_serial.py-1] [WARN] [1784051073.549941170] [cmd_vel_chassis_serial]: Drop leg debug: len=80 expected=84
[cmd_vel_chassis_serial.py-1] [WARN] [1784051073.571876433] [cmd_vel_chassis_serial]: Drop leg debug: len=80 expected=84
[cmd_vel_chassis_serial.py-1] [ERROR] [1784051073.584591783] [cmd_vel_chassis_serial]: Serial write failed: Write timeout
[cmd_vel_chassis_serial.py-1] [WARN] [1784051073.602146678] [cmd_vel_chassis_serial]: Drop leg debug: len=80 expected=84
[cmd_vel_chassis_serial.py-1] [WARN] [1784051073.616968165] [cmd_vel_chassis_serial]: Drop leg debug: len=80 expected=84
[cmd_vel_chassis_serial.py-1] [WARN] [1784051073.637899779] [cmd_vel_chassis_serial]: Drop leg debug: len=80 expected=84
[cmd_vel_chassis_serial.py-1] [WARN] [1784051073.676199779] [cmd_vel_chassis_serial]: Drop leg debug: len=80 expected=84
[cmd_vel_chassis_serial.py-1] [WARN] [1784051073.689917422] [cmd_vel_chassis_serial]: Drop leg debug: len=80 expected=84
[cmd_vel_chassis_serial.py-1] [WARN] [1784051073.721438803] [cmd_vel_chassis_serial]: Drop leg debug: len=80 expected=84
[cmd_vel_chassis_serial.py-1] [WARN] [1784051073.757539082] [cmd_vel_chassis_serial]: Drop leg debug: len=80 expected=84
[cmd_vel_chassis_serial.py-1] [WARN] [1784051073.788639771] [cmd_vel_chassis_serial]: Drop leg debug: len=80 expected=84
[cmd_vel_chassis_serial.py-1] [WARN] [1784051073.831993478] [cmd_vel_chassis_serial]: Drop leg debug: len=80 expected=84
[cmd_vel_chassis_serial.py-1] [WARN] [1784051073.863937974] [cmd_vel_chassis_serial]: Drop leg debug: len=80 expected=84
[cmd_vel_chassis_serial.py-1] [WARN] [1784051073.888318958] [cmd_vel_chassis_serial]: Drop leg debug: len=80 expected=84
[cmd_vel_chassis_serial.py-1] [WARN] [1784051073.910392721] [cmd_vel_chassis_serial]: Drop leg debug: len=80 expected=84
[cmd_vel_chassis_serial.py-1] [WARN] [1784051073.936537463] [cmd_vel_chassis_serial]: Drop leg debug: len=80 expected=84
[cmd_vel_chassis_serial.py-1] [WARN] [1784051073.959883379] [cmd_vel_chassis_serial]: Drop leg debug: len=80 expected=84
[cmd_vel_chassis_serial.py-1] [WARN] [1784051073.982653693] [cmd_vel_chassis_serial]: Drop leg debug: len=80 expected=84
[cmd_vel_chassis_serial.py-1] [WARN] [1784051074.037418971] [cmd_vel_chassis_serial]: Drop leg debug: len=80 expected=84
[cmd_vel_chassis_serial.py-1] [WARN] [1784051074.050776012] [cmd_vel_chassis_serial]: Drop leg debug: len=80 expected=84
[cmd_vel_chassis_serial.py-1] [WARN] [1784051074.069985149] [cmd_vel_chassis_serial]: Drop leg debug: len=80 expected=84
[cmd_vel_chassis_serial.py-1] [WARN] [1784051074.079343956] [cmd_vel_chassis_serial]: Drop leg debug: len=80 expected=84
[cmd_vel_chassis_serial.py-1] [WARN] [1784051074.110981613] [cmd_vel_chassis_serial]: Drop leg debug: len=80 expected=84
[cmd_vel_chassis_serial.py-1] [WARN] [1784051074.133111070] [cmd_vel_chassis_serial]: Drop leg debug: len=80 expected=84
[cmd_vel_chassis_serial.py-1] [WARN] [1784051074.162491085] [cmd_vel_chassis_serial]: Drop leg debug: len=80 expected=84
[cmd_vel_chassis_serial.py-1] [WARN] [1784051074.196263168] [cmd_vel_chassis_serial]: Drop leg debug: len=80 expected=84
[cmd_vel_chassis_serial.py-1] [ERROR] [1784051074.244796536] [cmd_vel_chassis_serial]: Serial write failed: Write timeout
[cmd_vel_chassis_serial.py-1] [WARN] [1784051074.253667851] [cmd_vel_chassis_serial]: Drop leg debug: len=80 expected=84
[cmd_vel_chassis_serial.py-1] [WARN] [1784051074.317507699] [cmd_vel_chassis_serial]: Drop leg debug: len=80 expected=84
[cmd_vel_chassis_serial.py-1] [WARN] [1784051074.337335762] [cmd_vel_chassis_serial]: Drop leg debug: len=80 expected=84
[cmd_vel_chassis_serial.py-1] [ERROR] [1784051074.351501694] [cmd_vel_chassis_serial]: Serial write failed: Write timeout
[cmd_vel_chassis_serial.py-1] [WARN] [1784051074.386164665] [cmd_vel_chassis_serial]: Drop leg debug: len=80 expected=84
[cmd_vel_chassis_serial.py-1] [WARN] [1784051074.457533367] [cmd_vel_chassis_serial]: Drop leg debug: len=80 expected=84
[cmd_vel_chassis_serial.py-1] [WARN] [1784051074.516910379] [cmd_vel_chassis_serial]: Drop leg debug: len=80 expected=84
[cmd_vel_chassis_serial.py-1] [WARN] [1784051074.556638784] [cmd_vel_chassis_serial]: Drop leg debug: len=80 expected=84
[cmd_vel_chassis_serial.py-1] [WARN] [1784051074.591137426] [cmd_vel_chassis_serial]: Drop leg debug: len=80 expected=84
[cmd_vel_chassis_serial.py-1] [WARN] [1784051074.612672814] [cmd_vel_chassis_serial]: Drop leg debug: len=80 expected=84
[cmd_vel_chassis_serial.py-1] [WARN] [1784051074.629576922] [cmd_vel_chassis_serial]: Drop leg debug: len=80 expected=84
[cmd_vel_chassis_serial.py-1] [WARN] [1784051074.641611451] [cmd_vel_chassis_serial]: Drop leg debug: len=80 expected=84
[cmd_vel_chassis_serial.py-1] [WARN] [1784051074.653156941] [cmd_vel_chassis_serial]: Drop leg debug: len=80 expected=84
[cmd_vel_chassis_serial.py-1] [WARN] [1784051074.659462399] [cmd_vel_chassis_serial]: Drop leg debug: len=80 expected=84
[cmd_vel_chassis_serial.py-1] [WARN] [1784051074.665287095] [cmd_vel_chassis_serial]: Drop leg debug: len=80 expected=84
[cmd_vel_chassis_serial.py-1] [WARN] [1784051074.669249051] [cmd_vel_chassis_serial]: Drop leg debug: len=80 expected=84
[cmd_vel_chassis_serial.py-1] [WARN] [1784051074.679035680] [cmd_vel_chassis_serial]: Drop leg debug: len=80 expected=84
[cmd_vel_chassis_serial.py-1] [WARN] [1784051074.734172860] [cmd_vel_chassis_serial]: Drop leg debug: len=80 expected=84
[cmd_vel_chassis_serial.py-1] [WARN] [1784051074.746756735] [cmd_vel_chassis_serial]: Drop leg debug: len=80 expected=84
[cmd_vel_chassis_serial.py-1] [WARN] [1784051074.772912089] [cmd_vel_chassis_serial]: Drop leg debug: len=80 expected=84
[cmd_vel_chassis_serial.py-1] [WARN] [1784051074.779890709] [cmd_vel_chassis_serial]: Drop leg debug: len=80 expected=84
[cmd_vel_chassis_serial.py-1] [WARN] [1784051074.799041843] [cmd_vel_chassis_serial]: Drop leg debug: len=80 expected=84
[cmd_vel_chassis_serial.py-1] [WARN] [1784051074.825826021] [cmd_vel_chassis_serial]: Drop leg debug: len=80 expected=84
[cmd_vel_chassis_serial.py-1] [WARN] [1784051074.952102421] [cmd_vel_chassis_serial]: Drop leg debug: len=80 expected=84
[cmd_vel_chassis_serial.py-1] [WARN] [1784051074.964489684] [cmd_vel_chassis_serial]: Drop leg debug: len=80 expected=84
[cmd_vel_chassis_serial.py-1] [WARN] [1784051074.998833451] [cmd_vel_chassis_serial]: Drop leg debug: len=80 expected=84
[cmd_vel_chassis_serial.py-1] [WARN] [1784051075.003674642] [cmd_vel_chassis_serial]: Drop leg debug: len=80 expected=84
[cmd_vel_chassis_serial.py-1] [WARN] [1784051075.014759976] [cmd_vel_chassis_serial]: Drop leg debug: len=80 expected=84
[cmd_vel_chassis_serial.py-1] [WARN] [1784051075.019831068] [cmd_vel_chassis_serial]: Drop leg debug: len=80 expected=84
[cmd_vel_chassis_serial.py-1] [WARN] [1784051075.175991817] [cmd_vel_chassis_serial]: Drop leg debug: len=80 expected=84
[cmd_vel_chassis_serial.py-1] [ERROR] [1784051075.186542870] [cmd_vel_chassis_serial]: Serial write failed: Write timeout
[cmd_vel_chassis_serial.py-1] [WARN] [1784051075.230458829] [cmd_vel_chassis_serial]: Drop leg debug: len=80 expected=84
[cmd_vel_chassis_serial.py-1] [ERROR] [1784051075.278865951] [cmd_vel_chassis_serial]: Serial write failed: Write timeout
[cmd_vel_chassis_serial.py-1] [WARN] [1784051075.287965424] [cmd_vel_chassis_serial]: Drop leg debug: len=80 expected=84
[cmd_vel_chassis_serial.py-1] [WARN] [1784051075.325231620] [cmd_vel_chassis_serial]: Drop leg debug: len=80 expected=84
[cmd_vel_chassis_serial.py-1] [WARN] [1784051075.347879693] [cmd_vel_chassis_serial]: Drop leg debug: len=80 expected=84
[cmd_vel_chassis_serial.py-1] [WARN] [1784051075.372955799] [cmd_vel_chassis_serial]: Drop leg debug: len=80 expected=84
[cmd_vel_chassis_serial.py-1] [WARN] [1784051075.386112277] [cmd_vel_chassis_serial]: Drop leg debug: len=80 expected=84
[cmd_vel_chassis_serial.py-1] [WARN] [1784051075.414979999] [cmd_vel_chassis_serial]: Drop leg debug: len=80 expected=84
[cmd_vel_chassis_serial.py-1] [WARN] [1784051075.451881893] [cmd_vel_chassis_serial]: Drop leg debug: len=80 expected=84
[cmd_vel_chassis_serial.py-1] [WARN] [1784051075.474343527] [cmd_vel_chassis_serial]: Drop leg debug: len=80 expected=84
[cmd_vel_chassis_serial.py-1] [WARN] [1784051075.495310226] [cmd_vel_chassis_serial]: Drop leg debug: len=80 expected=84
[cmd_vel_chassis_serial.py-1] [WARN] [1784051075.526122143] [cmd_vel_chassis_serial]: Drop leg debug: len=80 expected=84
[cmd_vel_chassis_serial.py-1] [WARN] [1784051075.588466196] [cmd_vel_chassis_serial]: Drop leg debug: len=80 expected=84
[cmd_vel_chassis_serial.py-1] [WARN] [1784051075.642089413] [cmd_vel_chassis_serial]: Drop leg debug: len=80 expected=84
[cmd_vel_chassis_serial.py-1] [WARN] [1784051075.674591859] [cmd_vel_chassis_serial]: Drop leg debug: len=80 expected=84
[cmd_vel_chassis_serial.py-1] [ERROR] [1784051075.677527660] [cmd_vel_chassis_serial]: Serial write failed: Write timeout
[cmd_vel_chassis_serial.py-1] [WARN] [1784051075.725987220] [cmd_vel_chassis_serial]: Drop leg debug: len=80 expected=84
[cmd_vel_chassis_serial.py-1] [WARN] [1784051075.760467248] [cmd_vel_chassis_serial]: Drop leg debug: len=80 expected=84
[cmd_vel_chassis_serial.py-1] [WARN] [1784051075.782252261] [cmd_vel_chassis_serial]: Drop leg debug: len=80 expected=84
[cmd_vel_chassis_serial.py-1] [WARN] [1784051075.830258600] [cmd_vel_chassis_serial]: Drop leg debug: len=80 expected=84
[cmd_vel_chassis_serial.py-1] [WARN] [1784051075.873174556] [cmd_vel_chassis_serial]: Drop leg debug: len=80 expected=84
[cmd_vel_chassis_serial.py-1] [WARN] [1784051075.888688455] [cmd_vel_chassis_serial]: Drop leg debug: len=80 expected=84
[cmd_vel_chassis_serial.py-1] [WARN] [1784051075.902795270] [cmd_vel_chassis_serial]: Drop leg debug: len=80 expected=84
[cmd_vel_chassis_serial.py-1] [WARN] [1784051075.929312265] [cmd_vel_chassis_serial]: Drop leg debug: len=80 expected=84
[cmd_vel_chassis_serial.py-1] [WARN] [1784051075.943865150] [cmd_vel_chassis_serial]: Drop leg debug: len=80 expected=84
[cmd_vel_chassis_serial.py-1] [WARN] [1784051075.949545322] [cmd_vel_chassis_serial]: Drop leg debug: len=80 expected=84
[cmd_vel_chassis_serial.py-1] [WARN] [1784051076.033065769] [cmd_vel_chassis_serial]: Drop leg debug: len=80 expected=84
[cmd_vel_chassis_serial.py-1] [WARN] [1784051076.061860397] [cmd_vel_chassis_serial]: Drop leg debug: len=80 expected=84
[cmd_vel_chassis_serial.py-1] [WARN] [1784051076.093327623] [cmd_vel_chassis_serial]: Drop leg debug: len=80 expected=84
[cmd_vel_chassis_serial.py-1] [ERROR] [1784051076.121229457] [cmd_vel_chassis_serial]: Serial write failed: Write timeout
[cmd_vel_chassis_serial.py-1] [WARN] [1784051076.131974858] [cmd_vel_chassis_serial]: Drop leg debug: len=80 expected=84
[cmd_vel_chassis_serial.py-1] [WARN] [1784051076.156560422] [cmd_vel_chassis_serial]: Drop leg debug: len=80 expected=84
[cmd_vel_chassis_serial.py-1] [WARN] [1784051076.191653864] [cmd_vel_chassis_serial]: Drop leg debug: len=80 expected=84
[cmd_vel_chassis_serial.py-1] [WARN] [1784051076.241026009] [cmd_vel_chassis_serial]: Drop leg debug: len=80 expected=84
[cmd_vel_chassis_serial.py-1] [ERROR] [1784051076.259599095] [cmd_vel_chassis_serial]: Serial write failed: Write timeout
[cmd_vel_chassis_serial.py-1] [WARN] [1784051076.282930873] [cmd_vel_chassis_serial]: Drop leg debug: len=80 expected=84
[cmd_vel_chassis_serial.py-1] [WARN] [1784051076.344184193] [cmd_vel_chassis_serial]: Drop leg debug: len=80 expected=84
[cmd_vel_chassis_serial.py-1] [ERROR] [1784051076.360251782] [cmd_vel_chassis_serial]: Serial write failed: Write timeout
[cmd_vel_chassis_serial.py-1] [WARN] [1784051076.394190759] [cmd_vel_chassis_serial]: Drop leg debug: len=80 expected=84
[cmd_vel_chassis_serial.py-1] [WARN] [1784051076.425593479] [cmd_vel_chassis_serial]: Drop leg debug: len=80 expected=84
[cmd_vel_chassis_serial.py-1] [ERROR] [1784051076.449063387] [cmd_vel_chassis_serial]: Serial write failed: Write timeout
[cmd_vel_chassis_serial.py-1] [WARN] [1784051076.467777410] [cmd_vel_chassis_serial]: Drop leg debug: len=80 expected=84
[cmd_vel_chassis_serial.py-1] [WARN] [1784051076.500784808] [cmd_vel_chassis_serial]: Drop leg debug: len=80 expected=84
[cmd_vel_chassis_serial.py-1] [WARN] [1784051076.551288037] [cmd_vel_chassis_serial]: Drop leg debug: len=80 expected=84
[cmd_vel_chassis_serial.py-1] [WARN] [1784051076.574131537] [cmd_vel_chassis_serial]: Drop leg debug: len=80 expected=84
[cmd_vel_chassis_serial.py-1] [WARN] [1784051076.587459406] [cmd_vel_chassis_serial]: Drop leg debug: len=80 expected=84
[cmd_vel_chassis_serial.py-1] [ERROR] [1784051076.600945187] [cmd_vel_chassis_serial]: Serial write failed: Write timeout
[cmd_vel_chassis_serial.py-1] [WARN] [1784051076.629448307] [cmd_vel_chassis_serial]: Drop leg debug: len=80 expected=84
[cmd_vel_chassis_serial.py-1] [WARN] [1784051076.646456508] [cmd_vel_chassis_serial]: Drop leg debug: len=80 expected=84
[cmd_vel_chassis_serial.py-1] [WARN] [1784051076.668291627] [cmd_vel_chassis_serial]: Drop leg debug: len=80 expected=84
[cmd_vel_chassis_serial.py-1] [WARN] [1784051076.682894612] [cmd_vel_chassis_serial]: Drop leg debug: len=80 expected=84
[cmd_vel_chassis_serial.py-1] [WARN] [1784051076.692305213] [cmd_vel_chassis_serial]: Drop leg debug: len=80 expected=84
[cmd_vel_chassis_serial.py-1] [WARN] [1784051076.702841007] [cmd_vel_chassis_serial]: Drop leg debug: len=80 expected=84
[cmd_vel_chassis_serial.py-1] [WARN] [1784051076.707408604] [cmd_vel_chassis_serial]: Drop leg debug: len=80 expected=84
[cmd_vel_chassis_serial.py-1] [WARN] [1784051076.730588252] [cmd_vel_chassis_serial]: Drop leg debug: len=80 expected=84
[cmd_vel_chassis_serial.py-1] [WARN] [1784051076.744593706] [cmd_vel_chassis_serial]: Drop leg debug: len=80 expected=84
[cmd_vel_chassis_serial.py-1] [WARN] [1784051076.761278632] [cmd_vel_chassis_serial]: Drop leg debug: len=80 expected=84
[cmd_vel_chassis_serial.py-1] [WARN] [1784051076.773230564] [cmd_vel_chassis_serial]: Drop leg debug: len=80 expected=84
[cmd_vel_chassis_serial.py-1] [WARN] [1784051076.785674901] [cmd_vel_chassis_serial]: Drop leg debug: len=80 expected=84
[cmd_vel_chassis_serial.py-1] [WARN] [1784051076.809172725] [cmd_vel_chassis_serial]: Drop leg debug: len=80 expected=84
[cmd_vel_chassis_serial.py-1] [WARN] [1784051076.899960544] [cmd_vel_chassis_serial]: Drop leg debug: len=80 expected=84
[cmd_vel_chassis_serial.py-1] [WARN] [1784051076.924467062] [cmd_vel_chassis_serial]: Drop leg debug: len=80 expected=84
[cmd_vel_chassis_serial.py-1] [WARN] [1784051076.950826157] [cmd_vel_chassis_serial]: Drop leg debug: len=80 expected=84
[cmd_vel_chassis_serial.py-1] [WARN] [1784051076.961826176] [cmd_vel_chassis_serial]: Drop leg debug: len=80 expected=84
[cmd_vel_chassis_serial.py-1] [WARN] [1784051076.973783171] [cmd_vel_chassis_serial]: Drop leg debug: len=80 expected=84
[cmd_vel_chassis_serial.py-1] [WARN] [1784051076.991764400] [cmd_vel_chassis_serial]: Drop leg debug: len=80 expected=84
[cmd_vel_chassis_serial.py-1] [WARN] [1784051077.089499958] [cmd_vel_chassis_serial]: Drop leg debug: len=80 expected=84
[cmd_vel_chassis_serial.py-1] [WARN] [1784051077.109388894] [cmd_vel_chassis_serial]: Drop leg debug: len=80 expected=84
[cmd_vel_chassis_serial.py-1] [WARN] [1784051077.120720014] [cmd_vel_chassis_serial]: Drop leg debug: len=80 expected=84
[cmd_vel_chassis_serial.py-1] [WARN] [1784051077.160787945] [cmd_vel_chassis_serial]: Drop leg debug: len=80 expected=84
[cmd_vel_chassis_serial.py-1] [WARN] [1784051077.163962180] [cmd_vel_chassis_serial]: Drop leg debug: len=80 expected=84
[cmd_vel_chassis_serial.py-1] [WARN] [1784051077.196163667] [cmd_vel_chassis_serial]: Drop leg debug: len=80 expected=84
[cmd_vel_chassis_serial.py-1] [WARN] [1784051077.273710988] [cmd_vel_chassis_serial]: Drop leg debug: len=80 expected=84
[cmd_vel_chassis_serial.py-1] [WARN] [1784051077.300103584] [cmd_vel_chassis_serial]: Drop leg debug: len=80 expected=84
[cmd_vel_chassis_serial.py-1] [WARN] [1784051077.321852763] [cmd_vel_chassis_serial]: Drop leg debug: len=80 expected=84
[cmd_vel_chassis_serial.py-1] [WARN] [1784051077.338554904] [cmd_vel_chassis_serial]: Drop leg debug: len=80 expected=84
[cmd_vel_chassis_serial.py-1] [WARN] [1784051077.363993446] [cmd_vel_chassis_serial]: Drop leg debug: len=80 expected=84
[cmd_vel_chassis_serial.py-1] [WARN] [1784051077.367768982] [cmd_vel_chassis_serial]: Drop leg debug: len=80 expected=84
[cmd_vel_chassis_serial.py-1] [WARN] [1784051077.476982435] [cmd_vel_chassis_serial]: Drop leg debug: len=80 expected=84
[cmd_vel_chassis_serial.py-1] [WARN] [1784051077.491240668] [cmd_vel_chassis_serial]: Drop leg debug: len=80 expected=84
[cmd_vel_chassis_serial.py-1] [WARN] [1784051077.546307501] [cmd_vel_chassis_serial]: Drop leg debug: len=80 expected=84
[cmd_vel_chassis_serial.py-1] [WARN] [1784051077.558329034] [cmd_vel_chassis_serial]: Drop leg debug: len=80 expected=84
[cmd_vel_chassis_serial.py-1] [WARN] [1784051077.564294471] [cmd_vel_chassis_serial]: Drop leg debug: len=80 expected=84
[cmd_vel_chassis_serial.py-1] [WARN] [1784051077.578494148] [cmd_vel_chassis_serial]: Drop leg debug: len=80 expected=84
[cmd_vel_chassis_serial.py-1] [WARN] [1784051077.694475513] [cmd_vel_chassis_serial]: Drop leg debug: len=80 expected=84
[cmd_vel_chassis_serial.py-1] [ERROR] [1784051077.734534446] [cmd_vel_chassis_serial]: Serial write failed: Write timeout
[cmd_vel_chassis_serial.py-1] [WARN] [1784051077.736204000] [cmd_vel_chassis_serial]: Drop leg debug: len=80 expected=84
[cmd_vel_chassis_serial.py-1] [WARN] [1784051077.746539232] [cmd_vel_chassis_serial]: Drop leg debug: len=80 expected=84
[cmd_vel_chassis_serial.py-1] [WARN] [1784051077.770947960] [cmd_vel_chassis_serial]: Drop leg debug: len=80 expected=84
[cmd_vel_chassis_serial.py-1] [WARN] [1784051077.778144409] [cmd_vel_chassis_serial]: Drop leg debug: len=80 expected=84
[cmd_vel_chassis_serial.py-1] [WARN] [1784051077.793973366] [cmd_vel_chassis_serial]: Drop leg debug: len=80 expected=84
[cmd_vel_chassis_serial.py-1] [WARN] [1784051077.895002761] [cmd_vel_chassis_serial]: Drop leg debug: len=80 expected=84
[cmd_vel_chassis_serial.py-1] [WARN] [1784051077.901481071] [cmd_vel_chassis_serial]: Drop leg debug: len=80 expected=84
[cmd_vel_chassis_serial.py-1] [WARN] [1784051077.929761802] [cmd_vel_chassis_serial]: Drop leg debug: len=80 expected=84
[cmd_vel_chassis_serial.py-1] [WARN] [1784051077.975811005] [cmd_vel_chassis_serial]: Drop leg debug: len=80 expected=84
[cmd_vel_chassis_serial.py-1] [WARN] [1784051077.995902255] [cmd_vel_chassis_serial]: Drop leg debug: len=80 expected=84
[cmd_vel_chassis_serial.py-1] [WARN] [1784051078.025658145] [cmd_vel_chassis_serial]: Drop leg debug: len=80 expected=84
[cmd_vel_chassis_serial.py-1] [WARN] [1784051078.088441196] [cmd_vel_chassis_serial]: Drop leg debug: len=80 expected=84
[cmd_vel_chassis_serial.py-1] [WARN] [1784051078.098051638] [cmd_vel_chassis_serial]: Drop leg debug: len=80 expected=84
[cmd_vel_chassis_serial.py-1] [WARN] [1784051078.125900194] [cmd_vel_chassis_serial]: Drop leg debug: len=80 expected=84
[cmd_vel_chassis_serial.py-1] [WARN] [1784051078.159040659] [cmd_vel_chassis_serial]: Drop leg debug: len=80 expected=84
[cmd_vel_chassis_serial.py-1] [WARN] [1784051078.187871360] [cmd_vel_chassis_serial]: Drop leg debug: len=80 expected=84
[cmd_vel_chassis_serial.py-1] [WARN] [1784051078.213666012] [cmd_vel_chassis_serial]: Drop leg debug: len=80 expected=84
[cmd_vel_chassis_serial.py-1] [WARN] [1784051078.260610529] [cmd_vel_chassis_serial]: Drop leg debug: len=80 expected=84
[cmd_vel_chassis_serial.py-1] [WARN] [1784051078.277138845] [cmd_vel_chassis_serial]: Drop leg debug: len=80 expected=84
[cmd_vel_chassis_serial.py-1] [WARN] [1784051078.307312674] [cmd_vel_chassis_serial]: Drop leg debug: len=80 expected=84
[cmd_vel_chassis_serial.py-1] [WARN] [1784051078.338047655] [cmd_vel_chassis_serial]: Drop leg debug: len=80 expected=84
[cmd_vel_chassis_serial.py-1] [WARN] [1784051078.351914355] [cmd_vel_chassis_serial]: Drop leg debug: len=80 expected=84
[cmd_vel_chassis_serial.py-1] [WARN] [1784051078.369160680] [cmd_vel_chassis_serial]: Drop leg debug: len=80 expected=84
[cmd_vel_chassis_serial.py-1] [WARN] [1784051078.451955157] [cmd_vel_chassis_serial]: Drop leg debug: len=80 expected=84
[cmd_vel_chassis_serial.py-1] [WARN] [1784051078.476950605] [cmd_vel_chassis_serial]: Drop leg debug: len=80 expected=84
[cmd_vel_chassis_serial.py-1] [WARN] [1784051078.494338829] [cmd_vel_chassis_serial]: Drop leg debug: len=80 expected=84
[cmd_vel_chassis_serial.py-1] [WARN] [1784051078.524131591] [cmd_vel_chassis_serial]: Drop leg debug: len=80 expected=84
[cmd_vel_chassis_serial.py-1] [WARN] [1784051078.536653302] [cmd_vel_chassis_serial]: Drop leg debug: len=80 expected=84
[cmd_vel_chassis_serial.py-1] [WARN] [1784051078.575834265] [cmd_vel_chassis_serial]: Drop leg debug: len=80 expected=84
[cmd_vel_chassis_serial.py-1] [WARN] [1784051078.690736856] [cmd_vel_chassis_serial]: Drop leg debug: len=80 expected=84
[cmd_vel_chassis_serial.py-1] [WARN] [1784051078.717276475] [cmd_vel_chassis_serial]: Drop leg debug: len=80 expected=84
[cmd_vel_chassis_serial.py-1] [WARN] [1784051078.749632359] [cmd_vel_chassis_serial]: Drop leg debug: len=80 expected=84
[cmd_vel_chassis_serial.py-1] [WARN] [1784051078.771029143] [cmd_vel_chassis_serial]: Drop leg debug: len=80 expected=84
[cmd_vel_chassis_serial.py-1] [WARN] [1784051078.781054218] [cmd_vel_chassis_serial]: Drop leg debug: len=80 expected=84
[cmd_vel_chassis_serial.py-1] [WARN] [1784051078.815940281] [cmd_vel_chassis_serial]: Drop leg debug: len=80 expected=84
[cmd_vel_chassis_serial.py-1] [WARN] [1784051078.863845072] [cmd_vel_chassis_serial]: Drop leg debug: len=80 expected=84
[cmd_vel_chassis_serial.py-1] [WARN] [1784051078.881164938] [cmd_vel_chassis_serial]: Drop leg debug: len=80 expected=84
[cmd_vel_chassis_serial.py-1] [WARN] [1784051078.927536259] [cmd_vel_chassis_serial]: Drop leg debug: len=80 expected=84
[cmd_vel_chassis_serial.py-1] [WARN] [1784051078.935782637] [cmd_vel_chassis_serial]: Drop leg debug: len=80 expected=84
[cmd_vel_chassis_serial.py-1] [WARN] [1784051078.960653018] [cmd_vel_chassis_serial]: Drop leg debug: len=80 expected=84
[cmd_vel_chassis_serial.py-1] [WARN] [1784051078.973421180] [cmd_vel_chassis_serial]: Drop leg debug: len=80 expected=84
[cmd_vel_chassis_serial.py-1] [WARN] [1784051079.073705538] [cmd_vel_chassis_serial]: Drop leg debug: len=80 expected=84
[cmd_vel_chassis_serial.py-1] Failed to publish log message to rosout: publisher's context is invalid, at ./src/rcl/publisher.c:423
[INFO] [cmd_vel_chassis_serial.py-1]: process has finished cleanly [pid 5816]
