host_time_s,time_us,seq,frame_type,leg_id,flags,raw_target_x_cm,raw_target_y_cm,target_x_cm,target_y_cm,actual_x_cm,actual_y_cm,error_y_cm,fy_total_n,fy_up_n,fy_sag_n,swing_unload_n,stance_takeoff_release,stance_entry_ramp,stance_support_ramp,sag_rescue,tau_ff_knee_nm,gait_cmd_vx_mps,gait_cmd_wz_radps,gait_target_stride_cm,gait_target_lift_cm,gait_stride_cm,gait_lift_cm,wheel_leg_base_mps,wheel_leg_turn_mps,roll_err_filt_deg,pitch_err_filt_deg,comp_scale,vibration_scale,support_force_bias_leg0_n,support_force_bias_leg1_n,support_force_bias_leg2_n,support_force_bias_leg3_n
1784021359.309,146106000,230,1,0,0,10.0,25.0,10.0,25.0,8.736929893493652,25.35955047607422,-0.3595501184463501,32.93012619018555,43.906166076660156,0.0,0.0,0.0,1.0,1.0,0.0,-0.9065555930137634,,,,,,,,,,,,,,,,
1784021359.321,146116000,231,1,1,0,10.0,25.0,10.0,25.0,8.73975944519043,25.351863861083984,-0.3518640995025635,36.79365158081055,47.669551849365234,0.0,0.0,0.0,1.0,1.0,0.0,1.023065209388733,,,,,,,,,,,,,,,,
1784021359.322,146126000,232,1,2,0,10.0,25.0,10.0,25.0,9.092802047729492,25.095197677612305,-0.09519755840301514,43.91001510620117,46.83324432373047,0.0,0.0,0.0,1.0,1.0,0.0,-1.2757819890975952,,,,,,,,,,,,,,,,
1784021359.322,146136000,233,1,3,0,10.0,25.0,10.0,25.0,8.961586952209473,25.425783157348633,-0.42578279972076416,37.032344818115234,50.1784782409668,0.0,0.0,0.0,1.0,1.0,0.0,1.0455961227416992,,,,,,,,,,,,,,,,
1784021359.336,146146000,234,2,255,0,,,,,,,,,,,,,,,,,0.0,0.0,0.0,0.0,3.0,2.450000047683716,0.0,0.0,0.0,0.0,0.0,0.0,0.0,0.0,0.0,0.0
1784021359.380,146196000,239,1,0,0,10.0,25.0,10.0,25.0,8.7383394241333,25.36151695251465,-0.361517071723938,32.910831451416016,43.906166076660156,0.0,0.0,0.0,1.0,1.0,0.0,-0.9063529968261719,,,,,,,,,,,,,,,,
1784021359.396,146206000,240,1,1,0,10.0,25.0,10.0,25.0,8.741788864135742,25.348953247070312,-0.34895241260528564,37.09002685546875,47.669551849365234,0.0,0.0,0.0,1.0,1.0,0.0,1.0326558351516724,,,,,,,,,,,,,,,,
1784021359.400,146216000,241,1,2,0,10.0,25.0,10.0,25.0,9.09573745727539,25.094181060791016,-0.09418129920959473,43.98932647705078,46.83324432373047,0.0,0.0,0.0,1.0,1.0,0.0,-1.2786648273468018,,,,,,,,,,,,,,,,
1784021359.417,146226000,242,1,3,0,10.0,25.0,10.0,25.0,8.96324634552002,25.424766540527344,-0.42476654052734375,37.209739685058594,50.1784782409668,0.0,0.0,0.0,1.0,1.0,0.0,1.0524482727050781,,,,,,,,,,,,,,,,
1784021359.423,146236000,243,2,255,0,,,,,,,,,,,,,,,,,0.0,0.0,0.0,0.0,3.0,2.450000047683716,0.0,0.0,0.0,0.0,0.0,0.0,0.0,0.0,0.0,0.0
1784021359.476,146286000,248,1,0,0,10.0,25.0,10.0,25.0,8.739009857177734,25.360254287719727,-0.3602534532546997,32.961647033691406,43.906166076660156,0.0,0.0,0.0,1.0,1.0,0.0,-0.9078046083450317,,,,,,,,,,,,,,,,
1784021359.482,146296000,249,1,1,0,10.0,25.0,10.0,25.0,8.740878105163574,25.34972381591797,-0.34972429275512695,36.995269775390625,47.669551849365234,0.0,0.0,0.0,1.0,1.0,0.0,1.029475450515747,,,,,,,,,,,,,,,,
1784021359.497,146306000,250,1,2,0,10.0,25.0,10.0,25.0,9.095014572143555,25.094478607177734,-0.09447932243347168,44.116310119628906,46.83324432373047,0.0,0.0,0.0,1.0,1.0,0.0,-1.2826650142669678,,,,,,,,,,,,,,,,
1784021359.503,146316000,251,1,3,0,10.0,25.0,10.0,25.0,8.963068962097168,25.426197052001953,-0.4261970520019531,37.08545684814453,50.1784782409668,0.0,0.0,0.0,1.0,1.0,0.0,1.0488227605819702,,,,,,,,,,,,,,,,
1784021359.516,146326000,252,2,255,0,,,,,,,,,,,,,,,,,0.0,0.0,0.0,0.0,3.0,2.450000047683716,0.0,0.0,0.0,0.0,0.0,0.0,0.0,0.0,0.0,0.0
1784021359.560,146376000,1,1,0,0,10.0,25.0,10.0,25.0,8.736090660095215,25.36124610900879,-0.36124587059020996,32.81532669067383,43.906166076660156,0.0,0.0,0.0,1.0,1.0,0.0,-0.9028909206390381,,,,,,,,,,,,,,,,
1784021359.576,146386000,2,1,1,0,10.0,25.0,10.0,25.0,8.74057388305664,25.350305557250977,-0.350305438041687,36.947418212890625,47.669551849365234,0.0,0.0,0.0,1.0,1.0,0.0,1.027924656867981,,,,,,,,,,,,,,,,
1784021359.580,146396000,3,1,2,0,10.0,25.0,10.0,25.0,9.09315299987793,25.095590591430664,-0.09559094905853271,43.91686248779297,46.83324432373047,0.0,0.0,0.0,1.0,1.0,0.0,-1.276700496673584,,,,,,,,,,,,,,,,
1784021359.596,146406000,4,1,3,0,10.0,25.0,10.0,25.0,8.961522102355957,25.425785064697266,-0.42578577995300293,36.95500183105469,50.1784782409668,0.0,0.0,0.0,1.0,1.0,0.0,1.0437641143798828,,,,,,,,,,,,,,,,
1784021359.600,146416000,5,2,255,0,,,,,,,,,,,,,,,,,0.0,0.0,0.0,0.0,3.0,2.450000047683716,0.0,0.0,0.0,0.0,0.0,0.0,0.0,0.0,0.0,0.0
1784021359.657,146466000,10,1,0,0,10.0,25.0,10.0,25.0,8.738451957702637,25.361431121826172,-0.36143064498901367,32.912353515625,43.906166076660156,0.0,0.0,0.0,1.0,1.0,0.0,-0.9061769843101501,,,,,,,,,,,,,,,,
1784021359.660,146476000,11,1,1,0,10.0,25.0,10.0,25.0,8.740848541259766,25.34978485107422,-0.34978389739990234,36.97163391113281,47.669551849365234,0.0,0.0,0.0,1.0,1.0,0.0,1.0287468433380127,,,,,,,,,,,,,,,,
1784021359.677,146486000,12,1,2,0,10.0,25.0,10.0,25.0,9.097321510314941,25.093603134155273,-0.09360313415527344,44.03529357910156,46.83324432373047,0.0,0.0,0.0,1.0,1.0,0.0,-1.2803349494934082,,,,,,,,,,,,,,,,
1784021359.680,146496000,13,1,3,0,10.0,25.0,10.0,25.0,8.96534252166748,25.424121856689453,-0.42412281036376953,37.35477066040039,50.1784782409668,0.0,0.0,0.0,1.0,1.0,0.0,1.057443380355835,,,,,,,,,,,,,,,,
1784021359.696,146506000,14,2,255,0,,,,,,,,,,,,,,,,,0.0,0.0,0.0,0.0,3.0,2.450000047683716,0.0,0.0,0.0,0.0,0.0,0.0,0.0,0.0,0.0,0.0
1784021359.740,146556000,19,1,0,0,10.0,25.0,10.0,25.0,8.738059997558594,25.359678268432617,-0.3596782684326172,32.96326446533203,43.906166076660156,0.0,0.0,0.0,1.0,1.0,0.0,-0.9077397584915161,,,,,,,,,,,,,,,,
1784021359.757,146566000,20,1,1,0,10.0,25.0,10.0,25.0,8.741477012634277,25.349658966064453,-0.349658727645874,37.0711669921875,47.669551849365234,0.0,0.0,0.0,1.0,1.0,0.0,1.031969428062439,,,,,,,,,,,,,,,,
1784021359.764,146576000,21,1,2,0,10.0,25.0,10.0,25.0,9.094204902648926,25.0947322845459,-0.09473264217376709,43.94814682006836,46.83324432373047,0.0,0.0,0.0,1.0,1.0,0.0,-1.2772932052612305,,,,,,,,,,,,,,,,
1784021359.766,146586000,22,1,3,0,10.0,25.0,10.0,25.0,8.963732719421387,25.425031661987305,-0.42503178119659424,37.3408317565918,50.1784782409668,0.0,0.0,0.0,1.0,1.0,0.0,1.0570485591888428,,,,,,,,,,,,,,,,
1784021359.788,146596000,23,2,255,0,,,,,,,,,,,,,,,,,0.0,0.0,0.0,0.0,3.0,2.450000047683716,0.0,0.0,0.0,0.0,0.0,0.0,0.0,0.0,0.0,0.0
1784021359.838,146646000,28,1,0,0,10.0,25.0,10.0,25.0,8.737585067749023,25.361770629882812,-0.3617703914642334,32.882232666015625,43.906166076660156,0.0,0.0,0.0,1.0,1.0,0.0,-0.9053073525428772,,,,,,,,,,,,,,,,
1784021359.864,146656000,29,1,1,0,10.0,25.0,10.0,25.0,8.741660118103027,25.34942054748535,-0.34942030906677246,36.97396469116211,47.669551849365234,0.0,0.0,0.0,1.0,1.0,0.0,1.0289944410324097,,,,,,,,,,,,,,,,
1784021359.869,146666000,30,1,2,0,10.0,25.0,10.0,25.0,9.096273422241211,25.094451904296875,-0.09445250034332275,43.93819808959961,46.83324432373047,0.0,0.0,0.0,1.0,1.0,0.0,-1.2773517370224,,,,,,,,,,,,,,,,
1784021359.869,146676000,31,1,3,0,10.0,25.0,10.0,25.0,8.964736938476562,25.424198150634766,-0.42419731616973877,37.242156982421875,50.1784782409668,0.0,0.0,0.0,1.0,1.0,0.0,1.0537759065628052,,,,,,,,,,,,,,,,
1784021359.876,146686000,32,2,255,0,,,,,,,,,,,,,,,,,0.0,0.0,0.0,0.0,3.0,2.450000047683716,0.0,0.0,0.0,0.0,0.0,0.0,0.0,0.0,0.0,0.0
1784021359.920,146736000,37,1,0,0,10.0,25.0,10.0,25.0,8.739564895629883,25.359207153320312,-0.3592073917388916,33.06253433227539,43.906166076660156,0.0,0.0,0.0,1.0,1.0,0.0,-0.9110794067382812,,,,,,,,,,,,,,,,
1784021359.936,146746000,38,1,1,0,10.0,25.0,10.0,25.0,8.74067211151123,25.3502254486084,-0.35022497177124023,36.914608001708984,47.669551849365234,0.0,0.0,0.0,1.0,1.0,0.0,1.0269213914871216,,,,,,,,,,,,,,,,
1784021359.945,146756000,39,1,2,0,10.0,25.0,10.0,25.0,9.09498119354248,25.09358787536621,-0.09358823299407959,43.687618255615234,46.83324432373047,0.0,0.0,0.0,1.0,1.0,0.0,-1.267954707145691,,,,,,,,,,,,,,,,
1784021359.958,146766000,40,1,3,0,10.0,25.0,10.0,25.0,8.965020179748535,25.42498016357422,-0.42498111724853516,36.873512268066406,50.1784782409668,0.0,0.0,0.0,1.0,1.0,0.0,1.0422184467315674,,,,,,,,,,,,,,,,
1784021359.961,146776000,41,2,255,0,,,,,,,,,,,,,,,,,0.0,0.0,0.0,0.0,3.0,2.450000047683716,0.0,0.0,0.0,0.0,0.0,0.0,0.0,0.0,0.0,0.0
1784021360.016,146826000,46,1,0,0,10.0,25.0,10.0,25.0,8.736600875854492,25.360179901123047,-0.36017894744873047,32.88050842285156,43.906166076660156,0.0,0.0,0.0,1.0,1.0,0.0,-0.9049603939056396,,,,,,,,,,,,,,,,
1784021360.020,146836000,47,1,1,0,10.0,25.0,10.0,25.0,8.740192413330078,25.35005760192871,-0.35005807876586914,37.218223571777344,47.669551849365234,0.0,0.0,0.0,1.0,1.0,0.0,1.0362317562103271,,,,,,,,,,,,,,,,
1784021360.037,146846000,48,1,2,0,10.0,25.0,10.0,25.0,9.093266487121582,25.09549903869629,-0.09549856185913086,43.798519134521484,46.83324432373047,0.0,0.0,0.0,1.0,1.0,0.0,-1.272343635559082,,,,,,,,,,,,,,,,
1784021360.040,146856000,49,1,3,0,10.0,25.0,10.0,25.0,8.962603569030762,25.425893783569336,-0.42589306831359863,37.16077423095703,50.1784782409668,0.0,0.0,0.0,1.0,1.0,0.0,1.0510828495025635,,,,,,,,,,,,,,,,
1784021360.056,146866000,50,2,255,0,,,,,,,,,,,,,,,,,0.0,0.0,0.0,0.0,3.0,2.450000047683716,0.0,0.0,0.0,0.0,0.0,0.0,0.0,0.0,0.0,0.0
1784021360.101,146916000,55,1,0,0,10.0,25.0,10.0,25.0,8.73806381225586,25.361082077026367,-0.36108195781707764,32.87852478027344,43.906166076660156,0.0,0.0,0.0,1.0,1.0,0.0,-0.9050815105438232,,,,,,,,,,,,,,,,
1784021360.117,146926000,56,1,1,0,10.0,25.0,10.0,25.0,8.741193771362305,25.349109649658203,-0.34911036491394043,36.91449737548828,47.669551849365234,0.0,0.0,0.0,1.0,1.0,0.0,1.0269960165023804,,,,,,,,,,,,,,,,
1784021360.121,146936000,57,1,2,0,10.0,25.0,10.0,25.0,9.097591400146484,25.093074798583984,-0.09307563304901123,44.00165939331055,46.83324432373047,0.0,0.0,0.0,1.0,1.0,0.0,-1.279080867767334,,,,,,,,,,,,,,,,
1784021360.140,146946000,58,1,3,0,10.0,25.0,10.0,25.0,8.964031219482422,25.424457550048828,-0.4244565963745117,37.305179595947266,50.1784782409668,0.0,0.0,0.0,1.0,1.0,0.0,1.0558828115463257,,,,,,,,,,,,,,,,
1784021360.140,146956000,59,2,255,0,,,,,,,,,,,,,,,,,0.0,0.0,0.0,0.0,3.0,2.450000047683716,0.0,0.0,0.0,0.0,0.0,0.0,0.0,0.0,0.0,0.0
1784021360.202,147006000,64,1,0,0,10.0,25.0,10.0,25.0,8.717378616333008,25.38127899169922,-0.38127899169921875,36.549232482910156,48.78462600708008,0.0,0.0,0.0,0.0,0.7799999713897705,0.0,-1.0119386911392212,,,,,,,,,,,,,,,,
1784021360.202,147016000,65,1,1,4,10.0,25.0,10.0,25.0,8.708941459655762,25.381877899169922,-0.3818780183792114,45.57679748535156,58.87966537475586,0.0,0.0,0.0,0.0,0.7799999713897705,0.31589195132255554,1.2761367559432983,,,,,,,,,,,,,,,,
1784021360.216,147026000,66,1,2,0,10.0,25.0,10.0,25.0,9.07162094116211,25.111515045166016,-0.11151432991027832,48.217979431152344,52.03693771362305,0.0,0.0,0.0,0.0,0.7799999713897705,0.0,-1.4029924869537354,,,,,,,,,,,,,,,,
1784021360.222,147036000,67,1,3,0,10.0,25.0,10.0,25.0,8.936867713928223,25.480073928833008,-0.4800736904144287,40.03584289550781,55.75386428833008,0.0,0.0,0.0,0.0,0.7799999713897705,0.0,1.1327170133590698,,,,,,,,,,,,,,,,
1784021360.236,147046000,68,2,255,0,,,,,,,,,,,,,,,,,0.20000000298023224,0.0,3.0214285850524902,2.4571428298950195,3.0214285850524902,2.4571428298950195,0.20000000298023224,0.0,0.0,0.0,0.0,0.0,0.0,0.0,0.0,0.0
1784021360.277,147096000,73,1,0,0,10.0,25.0,10.0,25.0,8.682585716247559,25.441011428833008,-0.44101178646087646,35.192527770996094,48.78462600708008,0.0,0.0,0.0,0.0,0.7799999713897705,0.0,-0.9671884775161743,,,,,,,,,,,,,,,,
1784021360.296,147106000,74,1,1,4,10.0,25.0,10.0,25.0,8.656205177307129,25.431499481201172,-0.4314988851547241,44.57338333129883,59.27661895751953,0.0,0.0,0.0,0.0,0.7799999713897705,0.33709681034088135,1.239165186882019,,,,,,,,,,,,,,,,
1784021360.301,147116000,75,1,2,0,10.0,25.0,10.0,25.0,9.016879081726074,25.148326873779297,-0.14832615852355957,47.21464920043945,52.03693771362305,0.0,0.0,0.0,0.0,0.7799999713897705,0.0,-1.3665907382965088,,,,,,,,,,,,,,,,
1784021360.317,147126000,76,1,3,0,10.0,25.0,10.0,25.0,8.978302001953125,25.50424575805664,-0.5042463541030884,40.44677734375,55.75386428833008,0.0,0.0,0.0,0.0,0.7799999713897705,0.0,1.1513148546218872,,,,,,,,,,,,,,,,
1784021360.321,147136000,77,2,255,0,,,,,,,,,,,,,,,,,0.20000000298023224,0.0,3.0214285850524902,2.4571428298950195,3.0214285850524902,2.4571428298950195,0.20000000298023224,0.0,0.0,0.0,0.0,0.0,0.0,0.0,0.0,0.0
1784021360.377,147186000,82,1,0,0,10.0,25.0,10.0,25.0,8.78758716583252,25.400644302368164,-0.40064454078674316,35.308406829833984,38.052005767822266,0.0,0.0,0.0,0.0,0.7799999713897705,0.0,-1.0077142715454102,,,,,,,,,,,,,,,,
1784021360.402,147196000,83,1,1,4,10.0,25.0,10.0,25.0,8.565427780151367,25.47270393371582,-0.47270357608795166,44.15236282348633,48.308738708496094,0.0,0.0,0.0,0.0,0.7799999713897705,0.37367138266563416,1.2366185188293457,,,,,,,,,,,,,,,,
1784021360.403,147206000,84,1,2,4,10.0,25.0,10.0,25.0,8.924514770507812,25.185483932495117,-0.18548369407653809,42.983001708984375,44.898014068603516,0.0,0.0,0.0,0.0,0.7799999713897705,0.23019248247146606,-1.237872838973999,,,,,,,,,,,,,,,,
1784021360.406,147216000,85,1,3,0,10.0,25.0,10.0,25.0,9.060500144958496,25.485000610351562,-0.48500001430511475,40.22064208984375,43.48801040649414,0.0,0.0,0.0,0.0,0.7799999713897705,0.0,1.1747984886169434,,,,,,,,,,,,,,,,
1784021360.416,147226000,86,2,255,0,,,,,,,,,,,,,,,,,0.20000000298023224,0.0,3.0214285850524902,2.4571428298950195,3.0214285850524902,2.4571428298950195,0.20000000298023224,0.0,0.0,0.0,0.0,0.0,0.0,0.0,0.0,0.0
1784021360.464,147276000,91,1,0,0,10.0,25.0,10.0,25.0,8.998187065124512,25.309383392333984,-0.3093838691711426,36.122283935546875,38.052005767822266,0.0,0.0,0.0,0.0,0.7799999713897705,0.0,-1.0494786500930786,,,,,,,,,,,,,,,,
1784021360.476,147286000,92,1,1,4,10.0,25.0,10.0,25.0,8.350659370422363,25.555601119995117,-0.5556017160415649,44.68887710571289,49.886375427246094,0.0,0.0,0.0,0.0,0.7799999713897705,0.45794686675071716,1.2267338037490845,,,,,,,,,,,,,,,,
1784021360.481,147296000,93,1,2,4,10.0,25.0,10.0,25.0,8.685652732849121,25.273168563842773,-0.27316808700561523,43.98436737060547,46.656272888183594,0.0,0.0,0.0,0.0,0.7799999713897705,0.3241164982318878,-1.2447277307510376,,,,,,,,,,,,,,,,
1784021360.497,147306000,94,1,3,0,10.0,25.0,10.0,25.0,9.220149040222168,25.393693923950195,-0.3936946392059326,40.83689498901367,43.48801040649414,0.0,0.0,0.0,0.0,0.7799999713897705,0.0,1.202273964881897,,,,,,,,,,,,,,,,
1784021360.501,147316000,95,2,255,0,,,,,,,,,,,,,,,,,0.20000000298023224,0.0,3.0214285850524902,2.4571428298950195,3.0214285850524902,2.4571428298950195,0.20000000298023224,0.0,0.0,0.0,0.0,0.0,0.0,0.0,0.0,0.0
1784021360.558,147366000,100,1,0,0,10.0,25.0,10.0,25.0,9.216423034667969,25.19596290588379,-0.19596219062805176,37.03071594238281,38.052005767822266,0.0,0.0,0.0,0.0,0.7799999713897705,0.0,-1.0927979946136475,,,,,,,,,,,,,,,,
1784021360.563,147376000,101,1,1,4,10.0,25.0,10.0,25.0,8.020720481872559,25.719276428222656,-0.7192760705947876,45.07277297973633,52.342899322509766,0.0,0.0,0.0,0.0,0.7799999713897705,0.5891715288162231,1.1976995468139648,,,,,,,,,,,,,,,,
1784021360.577,147386000,102,1,2,4,10.0,25.0,10.0,25.0,8.385960578918457,25.423019409179688,-0.4230201244354248,44.53468704223633,48.89391326904297,0.0,0.0,0.0,0.0,0.7799999713897705,0.44364869594573975,-1.2292466163635254,,,,,,,,,,,,,,,,
1784021360.591,147396000,103,1,3,0,10.0,25.0,10.0,25.0,9.413778305053711,25.30364990234375,-0.30364990234375,41.482765197753906,43.48801040649414,0.0,0.0,0.0,0.0,0.7799999713897705,0.0,1.2372490167617798,,,,,,,,,,,,,,,,
1784021360.598,147406000,104,2,255,0,,,,,,,,,,,,,,,,,0.20000000298023224,0.0,3.0214285850524902,2.4571428298950195,3.0214285850524902,2.4571428298950195,0.20000000298023224,0.0,0.0,0.0,0.0,0.0,0.0,0.0,0.0,0.0
1784021360.641,147456000,109,1,0,0,10.0,25.0,10.0,25.0,9.364314079284668,25.086185455322266,-0.08618533611297607,37.89992904663086,38.052005767822266,0.0,0.0,0.0,0.0,0.7799999713897705,0.0,-1.1295870542526245,,,,,,,,,,,,,,,,
1784021360.658,147466000,110,1,1,4,10.0,25.0,10.0,25.0,7.671690940856934,26.003101348876953,-1.0031014680862427,44.34868621826172,54.96927261352539,0.0,0.0,0.0,0.0,0.7799999713897705,0.7294692397117615,1.1321158409118652,,,,,,,,,,,,,,,,
1784021360.661,147476000,111,1,2,4,10.0,25.0,10.0,25.0,7.997742176055908,25.68528938293457,-0.6852895021438599,44.360992431640625,51.78230285644531,0.0,0.0,0.0,0.0,0.7799999713897705,0.5979430675506592,-1.1730492115020752,,,,,,,,,,,,,,,,
1784021360.677,147486000,112,1,3,0,10.0,25.0,10.0,25.0,9.537595748901367,25.2534236907959,-0.2534240484237671,82.66175842285156,85.20719909667969,0.0,0.0,0.0,0.0,0.7799999713897705,0.0,2.490997552871704,,,,,,,,,,,,,,,,
1784021360.681,147496000,113,2,255,0,,,,,,,,,,,,,,,,,0.20000000298023224,0.0,3.0214285850524902,2.4571428298950195,3.0214285850524902,2.4571428298950195,0.20000000298023224,0.0,0.0,0.0,0.0,0.0,0.0,0.0,0.0,0.0
1784021360.738,147546000,118,1,0,1,10.010327339172363,24.82176971435547,10.010327339172363,24.82176971435547,9.787786483764648,24.691072463989258,0.1306965947151184,1.4686757326126099,0.0,0.0,0.0,0.0,0.0,0.0,0.0,-0.04506106674671173,,,,,,,,,,,,,,,,
1784021360.741,147556000,119,1,1,5,9.942359924316406,24.618572235107422,9.942359924316406,24.618572235107422,8.423160552978516,25.253475189208984,-0.6349027156829834,-7.725822925567627,0.0,0.0,-0.9152958989143372,0.0,0.0,0.0,0.05127161368727684,-0.28728508949279785,,,,,,,,,,,,,,,,
1784021360.757,147566000,120,1,2,4,9.90068244934082,25.0,9.90068244934082,25.0,7.180307865142822,26.275548934936523,-1.2755483388900757,97.17324829101562,140.4842987060547,0.0,0.0,0.0,0.9075494408607483,0.9796608686447144,0.7548930644989014,-2.5530714988708496,,,,,,,,,,,,,,,,
1784021360.766,147576000,121,1,3,0,9.979044914245605,25.0,9.979044914245605,25.0,8.972307205200195,25.617530822753906,-0.6175309419631958,89.98263549804688,110.3546142578125,0.0,0.0,0.0,0.9790632724761963,0.9953939318656921,0.0,2.617011070251465,,,,,,,,,,,,,,,,
1784021360.777,147586000,122,2,255,0,,,,,,,,,,,,,,,,,0.20000000298023224,0.0,3.0214285850524902,2.4571428298950195,3.0214285850524902,2.4571428298950195,0.20000000298023224,0.0,0.0,0.0,0.0,0.0,0.0,0.0,0.0,0.0
1784021360.826,147636000,127,1,0,1,10.149002075195312,24.142107009887695,10.149002075195312,24.142107009887695,10.070446968078613,24.071483612060547,0.07062256336212158,-0.8530879020690918,0.0,0.0,0.0,0.0,0.0,0.0,0.0,0.029883503913879395,,,,,,,,,,,,,,,,
1784021360.837,147646000,128,1,1,1,10.00821590423584,23.669906616210938,10.00821590423584,23.669906616210938,9.144763946533203,24.259201049804688,-0.5892947316169739,-6.479983329772949,0.0,0.0,-1.3302075862884521,0.0,0.0,0.0,0.0020765159279108047,-0.21634356677532196,,,,,,,,,,,,,,,,
1784021360.841,147656000,129,1,2,4,9.686406135559082,25.0,9.686406135559082,25.0,6.650394439697266,26.422119140625,-1.422119140625,93.1734619140625,148.61109924316406,0.0,0.0,0.0,1.0,1.0,0.8499976396560669,-2.352290391921997,,,,,,,,,,,,,,,,
1784021360.860,147666000,130,1,3,0,9.843206405639648,25.0,9.843206405639648,25.0,8.266983985900879,25.800100326538086,-0.8000999689102173,88.12566375732422,113.27588653564453,0.0,0.0,0.0,1.0,1.0,0.0,2.4857420921325684,,,,,,,,,,,,,,,,
1784021360.864,147676000,131,2,255,0,,,,,,,,,,,,,,,,,0.20000000298023224,0.0,3.0214285850524902,2.4571428298950195,3.0214285850524902,2.4571428298950195,0.20000000298023224,0.0,0.0,0.0,0.0,0.0,0.0,0.0,0.0,0.0
1784021360.917,147726000,136,1,0,1,10.478604316711426,23.7795467376709,10.478604316711426,23.7795467376709,10.264537811279297,23.670499801635742,0.10904520750045776,0.3203979730606079,0.0,0.0,0.0,0.0,0.0,0.0,0.0,-0.00026944559067487717,,,,,,,,,,,,,,,,
1784021360.967,147736000,137,1,1,1,10.25692081451416,23.300718307495117,10.25692081451416,23.300718307495117,9.76693344116211,23.523048400878906,-0.22232979536056519,-1.6677318811416626,0.0,0.0,0.0,0.0,0.0,0.0,8.409948350163177e-05,-0.06390679627656937,,,,,,,,,,,,,,,,
1784021360.968,147746000,138,1,2,4,9.321429252624512,25.0,9.321429252624512,25.0,5.980400085449219,26.602542877197266,-1.6025424003601074,86.23109436035156,149.10643005371094,0.0,0.0,0.0,1.0,1.0,0.8499999642372131,-2.0677430629730225,,,,,,,,,,,,,,,,
1784021360.973,147756000,139,1,3,0,9.559704780578613,25.0,9.559704780578613,25.0,7.804466724395752,25.740623474121094,-0.7406234741210938,92.26126861572266,113.4097900390625,0.0,0.0,0.0,1.0,1.0,0.0,2.5869836807250977,,,,,,,,,,,,,,,,
1784021360.974,147766000,140,2,255,0,,,,,,,,,,,,,,,,,0.20000000298023224,0.0,3.0214285850524902,2.4571428298950195,3.0214285850524902,2.4571428298950195,0.20000000298023224,0.0,0.0,0.0,0.0,0.0,0.0,0.0,0.0,0.0
1784021361.001,147816000,145,1,0,1,10.833785057067871,24.232837677001953,10.833785057067871,24.232837677001953,10.52010726928711,24.076263427734375,0.15657395124435425,1.5286428928375244,0.0,0.0,0.0,0.0,0.0,0.0,0.0,-0.031830206513404846,,,,,,,,,,,,,,,,
1784021361.019,147826000,146,1,1,1,10.505218505859375,24.009992599487305,10.505218505859375,24.009992599487305,10.16321849822998,23.914051055908203,0.09594112634658813,1.2154134511947632,0.0,0.0,0.0,0.0,0.0,0.0,3.406054020160809e-06,0.02402477338910103,,,,,,,,,,,,,,,,
1784021361.029,147836000,147,1,2,4,8.890109062194824,25.0,8.890109062194824,25.0,5.306049346923828,26.742029190063477,-1.7420291900634766,79.76597595214844,146.6946258544922,0.0,0.0,0.0,1.0,1.0,0.8499999642372131,-1.8256498575210571,,,,,,,,,,,,,,,,
1784021361.038,147846000,148,1,3,0,9.225419044494629,25.0,9.225419044494629,25.0,7.543248653411865,25.626129150390625,-0.6261289119720459,92.07015991210938,111.16169738769531,0.0,0.0,0.0,1.0,1.0,0.0,2.5891082286834717,,,,,,,,,,,,,,,,
1784021361.052,147856000,149,2,255,0,,,,,,,,,,,,,,,,,0.20000000298023224,0.0,3.0214285850524902,2.4571428298950195,3.0214285850524902,2.4571428298950195,0.20000000298023224,0.0,0.0,0.0,0.0,0.0,0.0,0.0,0.0,0.0
1784021361.098,147906000,154,1,0,1,11.024527549743652,24.90477752685547,11.024527549743652,24.90477752685547,10.67789077758789,24.7574405670166,0.14733672142028809,3.5284852981567383,0.0,0.0,0.0,0.0,0.0,0.0,0.0,-0.1022852286696434,,,,,,,,,,,,,,,,
1784021361.102,147916000,155,1,1,1,10.580572128295898,24.897171020507812,10.580572128295898,24.897171020507812,10.169412612915039,24.71548843383789,0.18168091773986816,3.307661533355713,0.0,0.0,0.0,0.0,0.0,0.0,1.379461309625185e-07,0.09242598712444305,,,,,,,,,,,,,,,,
1784021361.118,147926000,156,1,2,4,8.537158012390137,25.0,8.537158012390137,25.0,5.131237983703613,26.80164909362793,-1.801648736000061,73.81681823730469,142.2603302001953,0.0,0.0,0.0,1.0,1.0,0.8499999642372131,-1.673383116722107,,,,,,,,,,,,,,,,
1784021361.121,147936000,157,1,3,0,8.982741355895996,25.0,8.982741355895996,25.0,7.4191412925720215,25.76177406311035,-0.7617741823196411,81.43670654296875,107.35585021972656,0.0,0.0,0.0,1.0,1.0,0.0,2.267486572265625,,,,,,,,,,,,,,,,
1784021361.139,147946000,158,2,255,0,,,,,,,,,,,,,,,,,0.20000000298023224,0.0,3.0214285850524902,2.4571428298950195,3.0214285850524902,2.4571428298950195,0.20000000298023224,0.0,0.0,0.0,0.0,0.0,0.0,0.0,0.0,0.0
1784021361.181,147996000,163,1,0,0,11.096399307250977,25.0,11.096399307250977,25.0,10.676416397094727,24.940645217895508,0.059354305267333984,45.71437072753906,44.109554290771484,0.0,0.0,0.0,0.4122786819934845,0.8707013130187988,0.0,-1.39509916305542,,,,,,,,,,,,,,,,
1784021361.197,148006000,164,1,1,0,10.54959487915039,25.0,10.54959487915039,25.0,9.911744117736816,25.03083610534668,-0.03083646297454834,48.31364822387695,49.982662200927734,0.0,0.0,0.0,0.5430522561073303,0.8994714617729187,5.586857199091355e-09,1.4406894445419312,,,,,,,,,,,,,,,,
1784021361.201,148016000,165,1,2,4,8.319559097290039,25.0,8.319559097290039,25.0,5.683816432952881,26.250446319580078,-1.25044584274292,18.872337341308594,56.51192092895508,0.0,0.0,0.8310624361038208,1.0,1.0,0.6196058392524719,-0.3148899972438812,,,,,,,,,,,,,,,,
1784021361.217,148026000,166,1,3,0,8.871505737304688,25.0,8.871505737304688,25.0,7.6176958084106445,25.67916488647461,-0.6791651248931885,38.540855407714844,60.08304977416992,0.0,0.0,0.0,1.0,1.0,0.0,1.0485502481460571,,,,,,,,,,,,,,,,
1784021361.221,148036000,167,2,255,0,,,,,,,,,,,,,,,,,0.20000000298023224,0.0,3.0214285850524902,2.4571428298950195,3.0214285850524902,2.4571428298950195,0.20000000298023224,0.0,0.0,0.0,0.0,0.0,0.0,0.0,0.0,0.0
1784021361.278,148086000,172,1,0,0,11.025973320007324,25.0,11.025973320007324,25.0,10.110625267028809,25.352153778076172,-0.3521531820297241,93.03965759277344,109.2994384765625,0.0,0.0,0.0,1.0,1.0,0.0,-2.7748916149139404,,,,,,,,,,,,,,,,
1784021361.281,148096000,173,1,1,4,10.355647087097168,25.0,10.355647087097168,25.0,8.927312850952148,25.544601440429688,-0.5446016788482666,110.12053680419922,133.05389404296875,0.0,0.0,0.0,1.0,1.0,0.37088334560394287,3.1841466426849365,,,,,,,,,,,,,,,,
1784021361.300,148106000,174,1,2,1,8.208989143371582,24.475242614746094,8.208989143371582,24.475242614746094,6.671868801116943,25.169572830200195,-0.6943300366401672,-7.667220115661621,0.0,0.0,-1.3160831928253174,0.0,0.0,0.0,0.035185739398002625,0.27938854694366455,,,,,,,,,,,,,,,,
1784021361.301,148116000,175,1,3,1,8.883733749389648,24.44247817993164,8.883733749389648,24.44247817993164,8.364930152893066,25.02327537536621,-0.5807980895042419,-5.160567760467529,0.0,0.0,-0.0,0.0,0.0,0.0,0.0,-0.17485837638378143,,,,,,,,,,,,,,,,
1784021361.319,148126000,176,2,255,0,,,,,,,,,,,,,,,,,0.20000000298023224,0.0,3.0214285850524902,2.4571428298950195,3.0214285850524902,2.4571428298950195,0.20000000298023224,0.0,0.0,0.0,0.0,0.0,0.0,0.0,0.0,0.0
1784021361.364,148176000,181,1,0,0,10.645785331726074,25.0,10.645785331726074,25.0,9.2351655960083,25.79224967956543,-0.7922500371932983,86.28026580810547,112.50581359863281,0.0,0.0,0.0,1.0,1.0,0.0,-2.487412452697754,,,,,,,,,,,,,,,,
1784021361.378,148186000,182,1,1,4,9.842742919921875,25.0,9.842742919921875,25.0,7.731350421905518,25.972360610961914,-0.972360372543335,103.95204162597656,143.08822631835938,0.0,0.0,0.0,1.0,1.0,0.6376871466636658,2.848477602005005,,,,,,,,,,,,,,,,
1784021361.384,148196000,183,1,2,1,8.558956146240234,23.317527770996094,8.558956146240234,23.317527770996094,7.4643330574035645,23.864089965820312,-0.546562671661377,-6.031531810760498,0.0,0.0,-0.9312765002250671,0.0,0.0,0.0,0.001425033202394843,0.22402557730674744,,,,,,,,,,,,,,,,
1784021361.397,148206000,184,1,3,1,9.397651672363281,23.635658264160156,9.397651672363281,23.635658264160156,8.980816841125488,24.016061782836914,-0.3804042935371399,-3.2797369956970215,0.0,0.0,0.0,0.0,0.0,0.0,0.0,-0.11662860959768295,,,,,,,,,,,,,,,,
1784021361.401,148216000,185,2,255,0,,,,,,,,,,,,,,,,,0.20000000298023224,0.0,3.0214285850524902,2.4571428298950195,3.0214285850524902,2.4571428298950195,0.20000000298023224,0.0,0.0,0.0,0.0,0.0,0.0,0.0,0.0,0.0
1784021361.458,148266000,190,1,0,0,9.974427223205566,25.0,9.974427223205566,25.0,8.488659858703613,25.817977905273438,-0.8179783821105957,89.18167114257812,113.66161346435547,0.0,0.0,0.0,1.0,1.0,0.0,-2.546497344970703,,,,,,,,,,,,,,,,
1784021361.483,148276000,191,1,1,4,9.0546875,25.0,9.0546875,25.0,6.514348983764648,26.307430267333984,-1.3074308633804321,94.9473876953125,146.8462371826172,0.0,0.0,0.0,1.0,1.0,0.7499999403953552,2.4557392597198486,,,,,,,,,,,,,,,,
1784021361.483,148286000,192,1,2,1,9.421619415283203,22.913331985473633,9.421619415283203,22.913331985473633,8.346829414367676,23.005699157714844,-0.09236931800842285,-0.1753251552581787,0.0,0.0,0.0,0.0,0.0,0.0,5.7714260037755594e-05,0.054489631205797195,,,,,,,,,,,,,,,,
1784021361.484,148296000,193,1,3,1,10.382633209228516,23.518291473388672,10.382633209228516,23.518291473388672,9.92404556274414,23.469219207763672,0.04907101392745972,0.5213931202888489,0.0,0.0,0.0,0.0,0.0,0.0,0.0,-0.0006817199173383415,,,,,,,,,,,,,,,,
1784021361.500,148306000,194,2,255,0,,,,,,,,,,,,,,,,,0.20000000298023224,0.0,3.0214285850524902,2.4571428298950195,3.0214285850524902,2.4571428298950195,0.20000000298023224,0.0,0.0,0.0,0.0,0.0,0.0,0.0,0.0,0.0
1784021361.542,148356000,199,1,0,0,9.2330322265625,25.0,9.2330322265625,25.0,7.94540548324585,25.668033599853516,-0.6680339574813843,93.91403198242188,112.34265899658203,0.0,0.0,0.0,1.0,1.0,0.0,-2.6908538341522217,,,,,,,,,,,,,,,,
1784021361.558,148366000,200,1,1,4,8.22836685180664,25.0,8.22836685180664,25.0,5.446990489959717,26.58430290222168,-1.584303379058838,83.83560180664062,145.56675720214844,0.0,0.0,0.0,1.0,1.0,0.7756858468055725,2.038607358932495,,,,,,,,,,,,,,,,
1784021361.558,148376000,201,1,2,1,10.208736419677734,23.83536148071289,10.208736419677734,23.83536148071289,9.345596313476562,23.03069496154785,0.8046656847000122,13.720720291137695,0.0,0.0,0.0,0.0,0.0,0.0,2.3374448119284352e-06,-0.41487255692481995,,,,,,,,,,,,,,,,
1784021361.578,148386000,202,1,3,1,11.216150283813477,24.283626556396484,11.216150283813477,24.283626556396484,10.856781005859375,24.19659423828125,0.08703172206878662,1.3262686729431152,0.0,0.0,0.0,0.0,0.0,0.0,0.0,0.031549613922834396,,,,,,,,,,,,,,,,
1784021361.587,148396000,203,2,255,0,,,,,,,,,,,,,,,,,0.20000000298023224,0.0,3.0214285850524902,2.4571428298950195,3.0214285850524902,2.4571428298950195,0.20000000298023224,0.0,0.0,0.0,0.0,0.0,0.0,0.0,0.0,0.0
1784021361.638,148446000,208,1,0,0,8.6910400390625,25.0,8.6910400390625,25.0,7.5719170570373535,25.671504974365234,-0.6715059280395508,88.15530395507812,109.0329818725586,0.0,0.0,0.0,1.0,1.0,0.0,-2.5105197429656982,,,,,,,,,,,,,,,,
1784021361.642,148456000,209,1,1,4,7.624530792236328,25.0,7.624530792236328,25.0,4.711286544799805,26.83833885192871,-1.8383383750915527,71.23837280273438,142.55035400390625,0.0,0.0,0.0,1.0,1.0,0.8232860565185547,1.6172069311141968,,,,,,,,,,,,,,,,
1784021361.659,148466000,210,1,2,1,10.453900337219238,24.899459838867188,10.453900337219238,24.899459838867188,10.410361289978027,23.14279556274414,1.7566635608673096,17.164794921875,0.0,0.0,0.0,0.0,0.0,0.0,9.466722161732832e-08,-0.560393214225769,,,,,,,,,,,,,,,,
1784021361.661,148476000,211,1,3,1,11.501457214355469,24.978302001953125,11.501457214355469,24.978302001953125,11.365345001220703,25.272119522094727,-0.2938181161880493,-2.118577480316162,0.0,0.0,0.0,0.0,0.0,0.0,0.0,-0.06785251945257187,,,,,,,,,,,,,,,,
1784021361.677,148486000,212,2,255,0,,,,,,,,,,,,,,,,,0.20000000298023224,0.0,3.0214285850524902,2.4571428298950195,3.0214285850524902,2.4571428298950195,0.20000000298023224,0.0,0.0,0.0,0.0,0.0,0.0,0.0,0.0,0.0
1784021361.722,148536000,217,1,0,0,8.495973587036133,25.0,8.495973587036133,25.0,7.590816020965576,25.426902770996094,-0.4269033670425415,38.91538619995117,50.22795867919922,0.0,0.0,0.0,1.0,1.0,0.0,-1.0935173034667969,,,,,,,,,,,,,,,,
1784021361.738,148546000,218,1,1,4,7.434902191162109,25.0,7.434902191162109,25.0,4.73411750793457,26.547109603881836,-1.5471100807189941,10.838653564453125,62.36809158325195,0.0,0.0,0.5744532346725464,1.0,1.0,0.6888853311538696,0.05337412282824516,,,,,,,,,,,,,,,,
1784021361.742,148556000,219,1,2,4,10.433908462524414,25.0,10.433908462524414,25.0,9.70844841003418,24.310884475708008,0.6891146302223206,78.87531280517578,60.3227424621582,12.072221755981445,0.0,0.0,0.580342710018158,0.9076753854751587,0.4683097004890442,-2.372753858566284,,,,,,,,,,,,,,,,
1784021361.758,148566000,220,1,3,0,11.480936050415039,25.0,11.480936050415039,25.0,11.14525318145752,25.386098861694336,-0.3860980272293091,50.98605728149414,56.00556182861328,0.0,0.0,0.0,0.7062429785728455,0.9353734254837036,0.0,1.5547078847885132,,,,,,,,,,,,,,,,
1784021361.762,148576000,221,2,255,0,,,,,,,,,,,,,,,,,0.20000000298023224,0.0,3.0214285850524902,2.4571428298950195,3.0214285850524902,2.4571428298950195,0.20000000298023224,0.0,0.0,0.0,0.0,0.0,0.0,0.0,0.0,0.0
1784021361.819,148626000,226,1,0,1,8.508469581604004,24.807632446289062,8.508469581604004,24.807632446289062,8.097593307495117,25.16794204711914,-0.36031007766723633,-4.735215663909912,0.0,0.0,0.0,0.0,0.0,0.0,0.0,0.14360907673835754,,,,,,,,,,,,,,,,
1784021361.827,148636000,227,1,1,5,7.466203212738037,24.644020080566406,7.466203212738037,24.644020080566406,5.635375499725342,25.579341888427734,-0.9353220462799072,-13.940740585327148,0.0,0.0,-1.939515471458435,0.0,0.0,0.0,0.057643961161375046,-0.4807378053665161,,,,,,,,,,,,,,,,
1784021361.837,148646000,228,1,2,4,10.203800201416016,25.0,10.203800201416016,25.0,8.174856185913086,25.68585205078125,-0.6858527660369873,101.02857971191406,138.73094177246094,0.0,0.0,0.0,1.0,1.0,0.6014553904533386,-2.7979001998901367,,,,,,,,,,,,,,,,
1784021361.847,148656000,229,1,3,0,11.213915824890137,25.0,11.213915824890137,25.0,10.28573989868164,25.564393997192383,-0.5643934011459351,89.60952758789062,110.2525634765625,0.0,0.0,0.0,1.0,1.0,0.0,2.6621289253234863,,,,,,,,,,,,,,,,
1784021361.857,148666000,230,2,255,0,,,,,,,,,,,,,,,,,0.20000000298023224,0.0,3.0214285850524902,2.4571428298950195,3.0214285850524902,2.4571428298950195,0.20000000298023224,0.0,0.0,0.0,0.0,0.0,0.0,0.0,0.0,0.0
1784021361.907,148716000,235,1,0,1,8.920031547546387,23.92987632751465,8.920031547546387,23.92987632751465,8.481154441833496,24.32403564453125,-0.39415955543518066,-3.3529295921325684,0.0,0.0,0.0,0.0,0.0,0.0,0.0,0.11917677521705627,,,,,,,,,,,,,,,,
1784021361.917,148726000,236,1,1,1,7.950933933258057,23.366943359375,7.950933933258057,23.366943359375,6.677541255950928,24.1517276763916,-0.7847845554351807,-10.01990795135498,0.0,0.0,-3.0207269191741943,0.0,0.0,0.0,0.002334598219022155,-0.34156423807144165,,,,,,,,,,,,,,,,
1784021361.924,148736000,237,1,2,4,9.617093086242676,25.0,9.617093086242676,25.0,6.896130561828613,26.36081886291504,-1.3608187437057495,91.33413696289062,145.94406127929688,0.0,0.0,0.0,1.0,1.0,0.7534235715866089,-2.3448362350463867,,,,,,,,,,,,,,,,
1784021361.938,148746000,238,1,3,0,10.590020179748535,25.0,10.590020179748535,25.0,9.254889488220215,25.78457260131836,-0.784572958946228,88.27783966064453,113.02592468261719,0.0,0.0,0.0,1.0,1.0,0.0,2.5528805255889893,,,,,,,,,,,,,,,,
1784021361.944,148756000,239,2,255,0,,,,,,,,,,,,,,,,,0.20000000298023224,0.0,3.0214285850524902,2.4571428298950195,3.0214285850524902,2.4571428298950195,0.20000000298023224,0.0,0.0,0.0,0.0,0.0,0.0,0.0,0.0,0.0
1784021361.998,148806000,244,1,0,1,9.946390151977539,23.330440521240234,9.946390151977539,23.330440521240234,9.367671012878418,23.309602737426758,0.020837783813476562,-0.07366028428077698,0.0,0.0,0.0,0.0,0.0,0.0,0.0,0.025003917515277863,,,,,,,,,,,,,,,,
1784021362.036,148816000,245,1,1,1,9.020244598388672,22.71845054626465,9.020244598388672,22.71845054626465,7.9558587074279785,22.91612434387207,-0.19767433404922485,-0.9833499193191528,0.0,0.0,0.0,0.0,0.0,0.0,9.455194958718494e-05,-0.07290814071893692,,,,,,,,,,,,,,,,
1784021362.041,148826000,246,1,2,4,8.791182518005371,25.0,8.791182518005371,25.0,5.892129898071289,26.5495662689209,-1.5495657920837402,88.5792007446289,148.48121643066406,0.0,0.0,0.0,1.0,1.0,0.8187769651412964,-2.1895458698272705,,,,,,,,,,,,,,,,
1784021362.042,148836000,247,1,3,0,9.754560470581055,25.0,9.754560470581055,25.0,8.510432243347168,25.744365692138672,-0.7443666458129883,92.36465454101562,113.55741119384766,0.0,0.0,0.0,1.0,1.0,0.0,2.666395425796509,,,,,,,,,,,,,,,,
1784021362.043,148846000,248,2,255,0,,,,,,,,,,,,,,,,,0.20000000298023224,0.0,3.0214285850524902,2.4571428298950195,3.0214285850524902,2.4571428298950195,0.20000000298023224,0.0,0.0,0.0,0.0,0.0,0.0,0.0,0.0,0.0
1784021362.085,148896000,253,1,0,1,11.00844955444336,23.84215545654297,11.00844955444336,23.84215545654297,10.425588607788086,23.58616828918457,0.2559870481491089,2.3300156593322754,0.0,0.0,0.0,0.0,0.0,0.0,0.0,-0.05238357558846474,,,,,,,,,,,,,,,,
1784021362.097,148906000,254,1,1,1,10.037797927856445,23.5358943939209,10.037797927856445,23.5358943939209,9.312966346740723,22.728439331054688,0.8074536919593811,14.13327693939209,0.0,0.0,0.0,0.0,0.0,0.0,3.829381057585124e-06,0.4387761652469635,,,,,,,,,,,,,,,,
1784021362.101,148916000,255,1,2,4,8.02147102355957,25.0,8.02147102355957,25.0,5.071061134338379,26.72028160095215,-1.7202824354171753,80.30073547363281,146.96719360351562,0.0,0.0,0.0,1.0,1.0,0.838359534740448,-1.895829439163208,,,,,,,,,,,,,,,,
1784021362.118,148926000,0,1,3,0,9.009737014770508,25.0,9.009737014770508,25.0,8.00206470489502,25.625816345214844,-0.6258159875869751,91.7556381225586,111.65277099609375,0.0,0.0,0.0,1.0,1.0,0.0,2.6500887870788574,,,,,,,,,,,,,,,,
1784021362.125,148936000,1,2,255,0,,,,,,,,,,,,,,,,,0.20000000298023224,0.0,3.0214285850524902,2.4571428298950195,3.0214285850524902,2.4571428298950195,0.20000000298023224,0.0,0.0,0.0,0.0,0.0,0.0,0.0,0.0,0.0
1784021362.178,148986000,6,1,0,1,11.479532241821289,24.783382415771484,11.479532241821289,24.783382415771484,11.129711151123047,24.798982620239258,-0.015601515769958496,-0.27983182668685913,0.0,0.0,0.0,0.0,0.0,0.0,0.0,0.02126239612698555,,,,,,,,,,,,,,,,
1784021362.182,148996000,7,1,1,1,10.436225891113281,24.764741897583008,10.436225891113281,24.764741897583008,10.634883880615234,22.714698791503906,2.0500435829162598,22.010215759277344,0.0,0.0,0.0,0.0,0.0,0.0,1.5509100137478526e-07,0.7286089658737183,,,,,,,,,,,,,,,,
1784021362.198,149006000,8,1,2,4,7.561274528503418,25.0,7.561274528503418,25.0,4.6295366287231445,26.873748779296875,-1.8737494945526123,71.18254852294922,142.70635986328125,0.0,0.0,0.0,1.0,1.0,0.8361933827400208,-1.6179322004318237,,,,,,,,,,,,,,,,
1784021362.208,149016000,9,1,3,0,8.590510368347168,25.0,8.590510368347168,25.0,7.5574212074279785,25.75499725341797,-0.7549971342086792,84.19904327392578,108.01033020019531,0.0,0.0,0.0,1.0,1.0,0.0,2.3935577869415283,,,,,,,,,,,,,,,,
1784021362.219,149026000,10,2,255,0,,,,,,,,,,,,,,,,,0.20000000298023224,0.0,3.0214285850524902,2.4571428298950195,3.0214285850524902,2.4571428298950195,0.20000000298023224,0.0,0.0,0.0,0.0,0.0,0.0,0.0,0.0,0.0
1784021362.266,149076000,15,1,0,0,11.507071495056152,25.0,11.507071495056152,25.0,11.006104469299316,25.800689697265625,-0.8006900548934937,24.619461059570312,42.22632598876953,0.0,0.0,0.0,0.23674215376377106,0.8320832252502441,0.0,-0.7059023380279541,,,,,,,,,,,,,,,,
1784021362.278,149086000,16,1,1,4,10.44566535949707,25.0,10.44566535949707,25.0,10.317800521850586,23.794254302978516,1.2057453393936157,108.96939086914062,64.20297241210938,30.152891159057617,0.0,0.0,0.3573395311832428,0.8586146831512451,0.8078049421310425,3.400672674179077,,,,,,,,,,,,,,,,
1784021362.288,149096000,17,1,2,4,7.434187889099121,25.0,7.434187889099121,25.0,5.144681930541992,26.36236572265625,-1.362365484237671,18.720458984375,59.574951171875,0.0,0.0,0.6296986937522888,1.0,1.0,0.6371157169342041,-0.3385014235973358,,,,,,,,,,,,,,,,
1784021362.298,149106000,18,1,3,0,8.490047454833984,25.0,8.490047454833984,25.0,7.654362678527832,25.528064727783203,-0.5280643701553345,45.94287109375,59.32142639160156,0.0,0.0,0.0,1.0,1.0,0.0,1.3031885623931885,,,,,,,,,,,,,,,,
1784021362.312,149116000,19,2,255,0,,,,,,,,,,,,,,,,,0.20000000298023224,0.0,3.0214285850524902,2.4571428298950195,3.0214285850524902,2.4571428298950195,0.20000000298023224,0.0,0.0,0.0,0.0,0.0,0.0,0.0,0.0,0.0
1784021362.358,149166000,24,1,0,0,11.366434097290039,25.0,11.366434097290039,25.0,10.440034866333008,25.705102920532227,-0.7051020860671997,86.81002807617188,108.67256927490234,0.0,0.0,0.0,1.0,1.0,0.0,-2.5745701789855957,,,,,,,,,,,,,,,,
1784021362.368,149176000,25,1,1,4,10.27416706085205,25.0,10.27416706085205,25.0,8.628695487976074,25.45892333984375,-0.45892298221588135,100.95604705810547,134.14028930664062,0.0,0.0,0.0,1.0,1.0,0.4467290937900543,2.8647825717926025,,,,,,,,,,,,,,,,
1784021362.378,149186000,26,1,2,5,7.471627712249756,24.61199378967285,7.471627712249756,24.61199378967285,5.915574073791504,25.417551040649414,-0.8055582642555237,-11.875146865844727,0.0,0.0,-1.4896674156188965,0.0,0.0,0.0,0.05062304437160492,0.4216943085193634,,,,,,,,,,,,,,,,
1784021362.388,149196000,27,1,3,1,8.55248737335205,24.605636596679688,8.55248737335205,24.605636596679688,8.171399116516113,25.089662551879883,-0.4840269684791565,-6.603302955627441,0.0,0.0,-0.0,0.0,0.0,0.0,0.0,-0.2163124531507492,,,,,,,,,,,,,,,,
1784021362.399,149206000,28,2,255,0,,,,,,,,,,,,,,,,,0.20000000298023224,0.0,3.0214285850524902,2.4571428298950195,3.0214285850524902,2.4571428298950195,0.20000000298023224,0.0,0.0,0.0,0.0,0.0,0.0,0.0,0.0,0.0
1784021362.448,149256000,33,1,0,0,10.887063980102539,25.0,10.887063980102539,25.0,9.517120361328125,25.7894344329834,-0.7894337177276611,87.54053497314453,112.11074829101562,0.0,0.0,0.0,1.0,1.0,0.0,-2.5336861610412598,,,,,,,,,,,,,,,,
1784021362.458,149266000,34,1,1,4,9.754422187805176,25.0,9.754422187805176,25.0,7.217838764190674,26.487964630126953,-1.487964391708374,83.46876525878906,145.35394287109375,0.0,0.0,0.0,1.0,1.0,0.7499998807907104,2.1440517902374268,,,,,,,,,,,,,,,,
1784021362.466,149276000,35,1,2,1,7.97775936126709,23.32778549194336,7.97775936126709,23.32778549194336,6.604104518890381,23.9800968170166,-0.6523117423057556,-7.1666717529296875,0.0,0.0,-1.8482015132904053,0.0,0.0,0.0,0.002050248207524419,0.2745843529701233,,,,,,,,,,,,,,,,
1784021362.478,149286000,36,1,3,1,9.134082794189453,23.694869995117188,9.134082794189453,23.694869995117188,8.790306091308594,24.042362213134766,-0.3474920988082886,-3.2249889373779297,0.0,0.0,0.0,0.0,0.0,0.0,0.0,-0.11165962368249893,,,,,,,,,,,,,,,,
1784021362.482,149296000,37,2,255,0,,,,,,,,,,,,,,,,,0.20000000298023224,0.0,3.0214285850524902,2.4571428298950195,3.0214285850524902,2.4571428298950195,0.20000000298023224,0.0,0.0,0.0,0.0,0.0,0.0,0.0,0.0,0.0
1784021362.538,149346000,42,1,0,0,10.106791496276855,25.0,10.106791496276855,25.0,8.590042114257812,25.81431007385254,-0.8143097162246704,89.12651824951172,113.64321899414062,0.0,0.0,0.0,1.0,1.0,0.0,-2.5437896251678467,,,,,,,,,,,,,,,,
1784021362.550,149356000,43,1,1,4,8.95409870147705,25.0,8.95409870147705,25.0,6.398308277130127,26.663225173950195,-1.6632258892059326,85.92027282714844,146.87823486328125,0.0,0.0,0.0,1.0,1.0,0.7499999403953552,2.180131673812866,,,,,,,,,,,,,,,,
1784021362.558,149366000,44,1,2,1,9.057751655578613,22.722763061523438,9.057751655578613,22.722763061523438,7.685173511505127,22.78180503845215,-0.059041380882263184,0.6612653136253357,0.0,0.0,0.0,0.0,0.0,0.0,8.303567301481962e-05,0.03372145816683769,,,,,,,,,,,,,,,,
1784021362.564,149376000,45,1,3,1,10.245448112487793,23.35040855407715,10.245448112487793,23.35040855407715,9.783583641052246,23.30044174194336,0.04996657371520996,0.35254642367362976,0.0,0.0,0.0,0.0,0.0,0.0,0.0,-0.007094926666468382,,,,,,,,,,,,,,,,
1784021362.578,149386000,46,2,255,0,,,,,,,,,,,,,,,,,0.20000000298023224,0.0,3.0214285850524902,2.4571428298950195,3.0214285850524902,2.4571428298950195,0.20000000298023224,0.0,0.0,0.0,0.0,0.0,0.0,0.0,0.0,0.0
1784021362.621,149436000,51,1,0,0,9.286908149719238,25.0,9.286908149719238,25.0,7.987125873565674,25.80994415283203,-0.809943675994873,87.49295043945312,112.70809173583984,0.0,0.0,0.0,1.0,1.0,0.0,-2.4947078227996826,,,,,,,,,,,,,,,,
1784021362.638,149446000,52,1,1,4,8.149585723876953,25.0,8.149585723876953,25.0,5.770052433013916,26.690834045410156,-1.6908347606658936,81.66150665283203,145.41934204101562,0.0,0.0,0.0,1.0,1.0,0.7494609355926514,2.0400266647338867,,,,,,,,,,,,,,,,
1784021362.645,149456000,53,1,2,1,10.061070442199707,23.57809829711914,10.061070442199707,23.57809829711914,9.336926460266113,22.232044219970703,1.3460546731948853,20.633508682250977,0.0,0.0,0.0,0.0,0.0,0.0,3.362969437148422e-06,-0.6544315814971924,,,,,,,,,,,,,,,,
1784021362.658,149466000,54,1,3,1,11.1943359375,24.077701568603516,11.1943359375,24.077701568603516,10.79317569732666,23.88824462890625,0.18945783376693726,1.7590489387512207,0.0,0.0,0.0,0.0,0.0,0.0,0.0,0.039854925125837326,,,,,,,,,,,,,,,,
1784021362.670,149476000,55,2,255,0,,,,,,,,,,,,,,,,,0.20000000298023224,0.0,3.0214285850524902,2.4571428298950195,3.0214285850524902,2.4571428298950195,0.20000000298023224,0.0,0.0,0.0,0.0,0.0,0.0,0.0,0.0,0.0
1784021362.718,149526000,60,1,0,0,8.71805191040039,25.0,8.71805191040039,25.0,7.6512017250061035,25.84491729736328,-0.8449167013168335,84.1728515625,109.64759826660156,0.0,0.0,0.0,1.0,1.0,0.0,-2.3965933322906494,,,,,,,,,,,,,,,,
1784021362.722,149536000,61,1,1,4,7.620058536529541,25.0,7.620058536529541,25.0,5.098769187927246,26.849090576171875,-1.8490910530090332,72.05526733398438,141.54673767089844,0.0,0.0,0.0,1.0,1.0,0.7499999403953552,1.710437297821045,,,,,,,,,,,,,,,,
1784021362.738,149546000,62,1,2,1,10.439290046691895,24.790477752685547,10.439290046691895,24.790477752685547,10.59550666809082,22.307973861694336,2.482503652572632,24.84328269958496,0.0,0.0,0.0,0.0,0.0,0.0,1.3620125116631243e-07,-0.8198368549346924,,,,,,,,,,,,,,,,
1784021362.742,149556000,63,1,3,1,11.504655838012695,24.92586326599121,11.504655838012695,24.92586326599121,11.374929428100586,25.105403900146484,-0.17954260110855103,-1.5242788791656494,0.0,0.0,0.0,0.0,0.0,0.0,0.0,-0.05172981321811676,,,,,,,,,,,,,,,,
1784021362.758,149566000,64,2,255,0,,,,,,,,,,,,,,,,,0.20000000298023224,0.0,3.0214285850524902,2.4571428298950195,3.0214285850524902,2.4571428298950195,0.20000000298023224,0.0,0.0,0.0,0.0,0.0,0.0,0.0,0.0,0.0
1784021362.809,149616000,69,1,0,0,8.504645347595215,25.0,8.504645347595215,25.0,7.671627998352051,25.58259391784668,-0.5825936794281006,35.127464294433594,49.29096221923828,0.0,0.0,0.0,1.0,1.0,0.0,-0.9875365495681763,,,,,,,,,,,,,,,,
1784021362.818,149626000,70,1,1,4,7.440593719482422,25.0,7.440593719482422,25.0,5.2454633712768555,26.535654067993164,-1.535654067993164,17.21595001220703,65.87899780273438,0.0,0.0,0.29861119389533997,1.0,1.0,0.6891869902610779,0.2926734685897827,,,,,,,,,,,,,,,,
1784021362.828,149636000,71,1,2,4,10.444184303283691,25.0,10.444184303283691,25.0,10.156292915344238,23.58404541015625,1.41595458984375,120.79666900634766,65.90489959716797,36.34785842895508,0.0,0.0,0.39383170008659363,0.866642951965332,0.8966629505157471,-3.7672908306121826,,,,,,,,,,,,,,,,
1784021362.838,149646000,72,1,3,0,11.495034217834473,25.0,11.495034217834473,25.0,10.893479347229004,25.993425369262695,-0.993424654006958,34.3319091796875,52.6479606628418,0.0,0.0,0.0,0.5243255496025085,0.8953515887260437,0.0,1.0025745630264282,,,,,,,,,,,,,,,,
1784021362.839,149656000,73,2,255,0,,,,,,,,,,,,,,,,,0.20000000298023224,0.0,3.0214285850524902,2.4571428298950195,3.0214285850524902,2.4571428298950195,0.20000000298023224,0.0,0.0,0.0,0.0,0.0,0.0,0.0,0.0,0.0
1784021362.898,149706000,78,1,0,1,8.495584487915039,24.907806396484375,8.495584487915039,24.907806396484375,8.110225677490234,25.202619552612305,-0.29481351375579834,-3.844388484954834,0.0,0.0,0.0,0.0,0.0,0.0,0.0,0.11730595678091049,,,,,,,,,,,,,,,,
1784021362.902,149716000,79,1,1,5,7.446125507354736,24.786865234375,7.446125507354736,24.786865234375,6.098727226257324,25.716083526611328,-0.9292200207710266,-16.37740707397461,0.0,0.0,-1.4398071765899658,0.0,0.0,0.0,0.07776635885238647,-0.5392997860908508,,,,,,,,,,,,,,,,
1784021362.918,149726000,80,1,2,4,10.263378143310547,25.0,10.263378143310547,25.0,8.147011756896973,25.520559310913086,-0.5205601453781128,100.68587493896484,138.78460693359375,0.0,0.0,0.0,1.0,1.0,0.6340259313583374,-2.781015634536743,,,,,,,,,,,,,,,,
1784021362.929,149736000,81,1,3,0,11.280194282531738,25.0,11.280194282531738,25.0,10.31113338470459,25.682220458984375,-0.6822198629379272,88.72627258300781,109.66481018066406,0.0,0.0,0.0,1.0,1.0,0.0,2.6258490085601807,,,,,,,,,,,,,,,,
1784021362.938,149746000,82,2,255,0,,,,,,,,,,,,,,,,,0.20000000298023224,0.0,3.0214285850524902,2.4571428298950195,3.0214285850524902,2.4571428298950195,0.20000000298023224,0.0,0.0,0.0,0.0,0.0,0.0,0.0,0.0,0.0
1784021362.984,149796000,87,1,0,1,8.80858325958252,24.090133666992188,8.80858325958252,24.090133666992188,8.439377784729004,24.50221824645996,-0.41208416223526,-3.334378719329834,0.0,0.0,0.0,0.0,0.0,0.0,0.0,0.10859546810388565,,,,,,,,,,,,,,,,
1784021362.998,149806000,88,1,1,1,7.827210903167725,23.57204246520996,7.827210903167725,23.57204246520996,6.778221607208252,24.424991607666016,-0.8529484272003174,-10.972611427307129,0.0,0.0,-3.388901948928833,0.0,0.0,0.0,0.003149560419842601,-0.3677371144294739,,,,,,,,,,,,,,,,
1784021363.006,149816000,89,1,2,4,9.732224464416504,25.0,9.732224464416504,25.0,6.781081199645996,26.517704010009766,-1.5177041292190552,83.72183227539062,147.478759765625,0.0,0.0,0.0,1.0,1.0,0.8347334861755371,-2.088139295578003,,,,,,,,,,,,,,,,
1784021363.017,149826000,90,1,3,0,10.709762573242188,25.0,10.709762573242188,25.0,9.290846824645996,25.71661376953125,-0.7166147232055664,90.62969970703125,112.71773529052734,0.0,0.0,0.0,1.0,1.0,0.0,2.6210055351257324,,,,,,,,,,,,,,,,
1784021363.026,149836000,91,2,255,0,,,,,,,,,,,,,,,,,0.20000000298023224,0.0,3.0214285850524902,2.4571428298950195,3.0214285850524902,2.4571428298950195,0.20000000298023224,0.0,0.0,0.0,0.0,0.0,0.0,0.0,0.0,0.0
1784021363.078,149886000,96,1,0,1,9.759836196899414,23.355327606201172,9.759836196899414,23.355327606201172,9.240240097045898,23.430191040039062,-0.07486343383789062,-0.7960137724876404,0.0,0.0,0.0,0.0,0.0,0.0,0.0,0.04611684009432793,,,,,,,,,,,,,,,,
1784021363.087,149896000,97,1,1,1,8.832600593566895,22.7220458984375,8.832600593566895,22.7220458984375,7.80106782913208,23.04123878479004,-0.3191933035850525,-2.32584547996521,0.0,0.0,0.0,0.0,0.0,0.0,0.00012755808711517602,-0.11476141214370728,,,,,,,,,,,,,,,,
1784021363.099,149906000,98,1,2,4,8.92701244354248,25.0,8.92701244354248,25.0,5.975092887878418,26.69327163696289,-1.693272590637207,85.35975646972656,149.1207733154297,0.0,0.0,0.0,1.0,1.0,0.8434481620788574,-2.092841386795044,,,,,,,,,,,,,,,,
1784021363.104,149916000,99,1,3,0,9.889331817626953,25.0,9.889331817626953,25.0,8.397452354431152,25.744474411010742,-0.744473934173584,90.49920654296875,113.6417465209961,0.0,0.0,0.0,1.0,1.0,0.0,2.5840699672698975,,,,,,,,,,,,,,,,
1784021363.119,149926000,100,2,255,0,,,,,,,,,,,,,,,,,0.20000000298023224,0.0,3.0214285850524902,2.4571428298950195,3.0214285850524902,2.4571428298950195,0.20000000298023224,0.0,0.0,0.0,0.0,0.0,0.0,0.0,0.0,0.0
1784021363.162,149976000,105,1,0,1,10.870105743408203,23.698740005493164,10.870105743408203,23.698740005493164,10.301430702209473,23.46245574951172,0.23628324270248413,1.9318645000457764,0.0,0.0,0.0,0.0,0.0,0.0,0.0,-0.038700494915246964,,,,,,,,,,,,,,,,
1784021363.178,149986000,106,1,1,1,9.911111831665039,23.333332061767578,9.911111831665039,23.333332061767578,9.188901901245117,22.643177032470703,0.6901547312736511,12.930373191833496,0.0,0.0,0.0,0.0,0.0,0.0,5.166138180356938e-06,0.40064737200737,,,,,,,,,,,,,,,,
1784021363.184,149996000,107,1,2,4,8.127431869506836,25.0,8.127431869506836,25.0,5.305668830871582,26.689104080200195,-1.6891032457351685,82.42713165283203,146.52931213378906,0.0,0.0,0.0,1.0,1.0,0.7995253801345825,-1.9875439405441284,,,,,,,,,,,,,,,,
1784021363.198,150006000,108,1,3,0,9.109947204589844,25.0,9.109947204589844,25.0,7.8415207862854,25.70166015625,-0.7016599178314209,90.24921417236328,112.09870147705078,0.0,0.0,0.0,1.0,1.0,0.0,2.5767693519592285,,,,,,,,,,,,,,,,
1784021363.209,150016000,109,2,255,0,,,,,,,,,,,,,,,,,0.20000000298023224,0.0,3.0214285850524902,2.4571428298950195,3.0214285850524902,2.4571428298950195,0.20000000298023224,0.0,0.0,0.0,0.0,0.0,0.0,0.0,0.0,0.0
1784021363.258,150066000,114,1,0,1,11.448602676391602,24.6627140045166,11.448602676391602,24.6627140045166,11.086222648620605,24.592430114746094,0.07028430700302124,0.6101884841918945,0.0,0.0,0.0,0.0,0.0,0.0,0.0,-0.0058483583852648735,,,,,,,,,,,,,,,,
1784021363.266,150076000,115,1,1,1,10.414183616638184,24.616661071777344,10.414183616638184,24.616661071777344,10.62324333190918,22.59576416015625,2.0208969116210938,22.996204376220703,0.0,0.0,0.0,0.0,0.0,0.0,2.0923008037243562e-07,0.7622752785682678,,,,,,,,,,,,,,,,
1784021363.279,150086000,116,1,2,4,7.609322547912598,25.0,7.609322547912598,25.0,4.763062953948975,26.838285446166992,-1.8382847309112549,72.70234680175781,142.63601684570312,0.0,0.0,0.0,1.0,1.0,0.8016095757484436,-1.6763231754302979,,,,,,,,,,,,,,,,
1784021363.290,150096000,117,1,3,0,8.632240295410156,25.0,8.632240295410156,25.0,7.460813999176025,25.804433822631836,-0.8044332265853882,83.71959686279297,108.65435791015625,0.0,0.0,0.0,1.0,1.0,0.0,2.3659844398498535,,,,,,,,,,,,,,,,
1784021363.299,150106000,118,2,255,0,,,,,,,,,,,,,,,,,0.20000000298023224,0.0,3.0214285850524902,2.4571428298950195,3.0214285850524902,2.4571428298950195,0.20000000298023224,0.0,0.0,0.0,0.0,0.0,0.0,0.0,0.0,0.0
1784021363.346,150156000,123,1,0,0,11.509907722473145,25.0,11.509907722473145,25.0,11.122836112976074,25.648805618286133,-0.6488054990768433,26.77094841003418,40.256317138671875,0.0,0.0,0.0,0.09555863589048386,0.8010228872299194,0.0,-0.7797252535820007,,,,,,,,,,,,,,,,
1784021363.358,150166000,124,1,1,4,10.45071792602539,25.0,10.45071792602539,25.0,10.58243179321289,23.538265228271484,1.4617353677749634,118.39846801757812,63.396175384521484,38.98974609375,0.0,0.0,0.1896919161081314,0.821732223033905,0.9247541427612305,3.736130714416504,,,,,,,,,,,,,,,,
1784021363.364,150176000,125,1,2,4,7.4391374588012695,25.0,7.4391374588012695,25.0,4.9895734786987305,26.48049545288086,-1.4804959297180176,18.371173858642578,64.82527160644531,0.0,0.0,0.3517243564128876,1.0,1.0,0.7094427347183228,-0.2970108091831207,,,,,,,,,,,,,,,,
1784021363.379,150186000,126,1,3,0,8.492806434631348,25.0,8.492806434631348,25.0,7.550919055938721,25.573631286621094,-0.5736321210861206,42.90351104736328,58.12018585205078,0.0,0.0,0.0,1.0,1.0,0.0,1.2057043313980103,,,,,,,,,,,,,,,,
1784021363.390,150196000,127,2,255,0,,,,,,,,,,,,,,,,,0.20000000298023224,0.0,3.0214285850524902,2.4571428298950195,3.0214285850524902,2.4571428298950195,0.20000000298023224,0.0,0.0,0.0,0.0,0.0,0.0,0.0,0.0,0.0
1784021363.438,150246000,132,1,0,0,11.408418655395508,25.0,11.408418655395508,25.0,10.577312469482422,25.692630767822266,-0.6926298141479492,88.01777648925781,108.00045776367188,0.0,0.0,0.0,0.9986888766288757,0.9997115731239319,0.0,-2.623812437057495,,,,,,,,,,,,,,,,
1784021363.443,150256000,133,1,1,4,10.322478294372559,25.0,10.322478294372559,25.0,8.956076622009277,25.186412811279297,-0.18641352653503418,106.39053344726562,130.69998168945312,0.0,0.0,0.0,1.0,1.0,0.3350105285644531,3.084341049194336,,,,,,,,,,,,,,,,
1784021363.459,150266000,134,1,2,5,7.449246883392334,24.75242042541504,7.449246883392334,24.75242042541504,5.847406387329102,25.597137451171875,-0.8447170257568359,-13.778038024902344,0.0,0.0,-1.3099896907806396,0.0,0.0,0.0,0.0847407877445221,0.4820558428764343,,,,,,,,,,,,,,,,
1784021363.468,150276000,135,1,3,1,8.521169662475586,24.724807739257812,8.521169662475586,24.724807739257812,8.110273361206055,25.16590118408203,-0.4410937428474426,-8.375384330749512,0.0,0.0,0.0,0.0,0.0,0.0,0.0,-0.2650633156299591,,,,,,,,,,,,,,,,
1784021363.478,150286000,136,2,255,0,,,,,,,,,,,,,,,,,0.20000000298023224,0.0,3.0214285850524902,2.4571428298950195,3.0214285850524902,2.4571428298950195,0.20000000298023224,0.0,0.0,0.0,0.0,0.0,0.0,0.0,0.0,0.0
1784021363.522,150336000,141,1,0,0,10.987516403198242,25.0,10.987516403198242,25.0,9.698936462402344,25.776260375976562,-0.7762610912322998,87.42430114746094,111.66617584228516,0.0,0.0,0.0,1.0,1.0,0.0,-2.5432541370391846,,,,,,,,,,,,,,,,
1784021363.538,150346000,142,1,1,4,9.860611915588379,25.0,9.860611915588379,25.0,7.4481940269470215,26.398515701293945,-1.3985157012939453,84.17881774902344,144.82391357421875,0.0,0.0,0.0,1.0,1.0,0.7484325766563416,2.18886137008667,,,,,,,,,,,,,,,,
1784021363.546,150356000,143,1,2,1,7.850584030151367,23.529905319213867,7.850584030151367,23.529905319213867,6.442058086395264,24.247926712036133,-0.7180213928222656,-8.228322982788086,0.0,0.0,-2.2887792587280273,0.0,0.0,0.0,0.003432028228417039,0.3082142770290375,,,,,,,,,,,,,,,,
1784021363.558,150366000,144,1,3,1,8.995278358459473,23.834980010986328,8.995278358459473,23.834980010986328,8.64140796661377,24.2225284576416,-0.38754940032958984,-3.2440786361694336,0.0,0.0,0.0,0.0,0.0,0.0,0.0,-0.10909433662891388,,,,,,,,,,,,,,,,
1784021363.569,150376000,145,2,255,0,,,,,,,,,,,,,,,,,0.20000000298023224,0.0,3.0214285850524902,2.4571428298950195,3.0214285850524902,2.4571428298950195,0.20000000298023224,0.0,0.0,0.0,0.0,0.0,0.0,0.0,0.0,0.0
1784021363.613,150426000,150,1,0,0,10.241612434387207,25.0,10.241612434387207,25.0,8.76362133026123,25.80103874206543,-0.8010387420654297,88.80618286132812,113.56071472167969,0.0,0.0,0.0,1.0,1.0,0.0,-2.542126417160034,,,,,,,,,,,,,,,,
1784021363.623,150436000,151,1,1,4,9.089951515197754,25.0,9.089951515197754,25.0,6.4477057456970215,26.694988250732422,-1.6949892044067383,84.35720825195312,146.83299255371094,0.0,0.0,0.0,1.0,1.0,0.7499999403953552,2.1260738372802734,,,,,,,,,,,,,,,,
1784021363.639,150446000,152,1,2,1,8.870121002197266,22.717971801757812,8.870121002197266,22.717971801757812,7.444503307342529,22.903732299804688,-0.18576085567474365,-0.7687329053878784,0.0,0.0,0.0,0.0,0.0,0.0,0.000138998162583448,0.08291459828615189,,,,,,,,,,,,,,,,
1784021363.646,150456000,153,1,3,1,10.058977127075195,23.33053970336914,10.058977127075195,23.33053970336914,9.586140632629395,23.337303161621094,-0.006763637065887451,-0.22069354355335236,0.0,0.0,0.0,0.0,0.0,0.0,0.0,-0.025660505518317223,,,,,,,,,,,,,,,,
1784021363.665,150466000,154,2,255,0,,,,,,,,,,,,,,,,,0.20000000298023224,0.0,3.0214285850524902,2.4571428298950195,3.0214285850524902,2.4571428298950195,0.20000000298023224,0.0,0.0,0.0,0.0,0.0,0.0,0.0,0.0,0.0
1784021363.704,150516000,159,1,0,0,9.406472206115723,25.0,9.406472206115723,25.0,8.095990180969238,25.788188934326172,-0.7881879806518555,88.60003662109375,113.01790618896484,0.0,0.0,0.0,1.0,1.0,0.0,-2.5326414108276367,,,,,,,,,,,,,,,,
1784021363.719,150526000,160,1,1,4,8.264520645141602,25.0,8.264520645141602,25.0,5.850516319274902,26.664913177490234,-1.6649127006530762,83.306640625,145.85089111328125,0.0,0.0,0.0,1.0,1.0,0.7499999403953552,2.091343641281128,,,,,,,,,,,,,,,,
1784021363.723,150536000,161,1,2,1,9.937843322753906,23.37259864807129,9.937843322753906,23.37259864807129,9.103492736816406,22.262346267700195,1.1102511882781982,18.117141723632812,0.0,0.0,0.0,0.0,0.0,0.0,5.629466159007279e-06,-0.5687095522880554,,,,,,,,,,,,,,,,
1784021363.739,150546000,162,1,3,1,11.083401679992676,23.915185928344727,11.083401679992676,23.915185928344727,10.636085510253906,23.716577529907227,0.19860714673995972,1.638076663017273,0.0,0.0,0.0,0.0,0.0,0.0,0.0,0.033523235470056534,,,,,,,,,,,,,,,,
1784021363.744,150556000,163,2,255,0,,,,,,,,,,,,,,,,,0.20000000298023224,0.0,3.0214285850524902,2.4571428298950195,3.0214285850524902,2.4571428298950195,0.20000000298023224,0.0,0.0,0.0,0.0,0.0,0.0,0.0,0.0,0.0
1784021363.799,150606000,168,1,0,0,8.784055709838867,25.0,8.784055709838867,25.0,7.696986198425293,25.873008728027344,-0.8730083703994751,83.36419677734375,110.23616790771484,0.0,0.0,0.0,1.0,1.0,0.0,-2.3708910942077637,,,,,,,,,,,,,,,,
1784021363.804,150616000,169,1,1,4,7.679363250732422,25.0,7.679363250732422,25.0,5.196992874145508,26.808380126953125,-1.8083810806274414,73.99860382080078,142.27561950683594,0.0,0.0,0.0,1.0,1.0,0.7499999403953552,1.7725567817687988,,,,,,,,,,,,,,,,
1784021363.819,150626000,170,1,2,1,10.419533729553223,24.648527145385742,10.419533729553223,24.648527145385742,10.52164077758789,22.21124839782715,2.4372787475585938,25.96927833557129,0.0,0.0,0.0,0.0,0.0,0.0,2.279950734873637e-07,-0.856960654258728,,,,,,,,,,,,,,,,
1784021363.824,150636000,171,1,3,1,11.492033958435059,24.844160079956055,11.492033958435059,24.844160079956055,11.296931266784668,24.94308090209961,-0.09892135858535767,-0.6102471351623535,0.0,0.0,0.0,0.0,0.0,0.0,0.0,-0.02265469916164875,,,,,,,,,,,,,,,,
1784021363.839,150646000,172,2,255,0,,,,,,,,,,,,,,,,,0.20000000298023224,0.0,3.0214285850524902,2.4571428298950195,3.0214285850524902,2.4571428298950195,0.20000000298023224,0.0,0.0,0.0,0.0,0.0,0.0,0.0,0.0,0.0
1784021363.885,150696000,177,1,0,0,8.518577575683594,25.0,8.518577575683594,25.0,7.6244330406188965,25.675975799560547,-0.6759762763977051,35.742034912109375,48.80501937866211,0.0,0.0,0.0,1.0,1.0,0.0,-1.0040446519851685,,,,,,,,,,,,,,,,
1784021363.898,150706000,178,1,1,4,7.450725555419922,25.0,7.450725555419922,25.0,5.1515045166015625,26.616806030273438,-1.6168057918548584,17.77001190185547,69.65353393554688,0.0,0.0,0.0809040516614914,1.0,1.0,0.7355785965919495,0.28385913372039795,,,,,,,,,,,,,,,,
1784021363.905,150716000,179,1,2,4,10.44998550415039,25.0,10.44998550415039,25.0,10.393900871276855,23.297462463378906,1.7025381326675415,130.52792358398438,64.58670043945312,45.99270248413086,0.0,0.0,0.22068871557712555,0.8285514712333679,0.9937182068824768,-4.115121841430664,,,,,,,,,,,,,,,,
1784021363.919,150726000,180,1,3,0,11.503841400146484,25.0,11.503841400146484,25.0,10.985550880432129,25.996395111083984,-0.9963959455490112,26.4736328125,49.82224655151367,0.0,0.0,0.0,0.33936476707458496,0.8546602129936218,0.0,0.7505505084991455,,,,,,,,,,,,,,,,
1784021363.929,150736000,181,2,255,0,,,,,,,,,,,,,,,,,0.20000000298023224,0.0,3.0214285850524902,2.4571428298950195,3.0214285850524902,2.4571428298950195,0.20000000298023224,0.0,0.0,0.0,0.0,0.0,0.0,0.0,0.0,0.0
1784021363.978,150786000,186,1,0,1,8.490314483642578,24.970882415771484,8.490314483642578,24.970882415771484,7.9910197257995605,25.318458557128906,-0.3475770354270935,-4.981378555297852,0.0,0.0,0.0,0.0,0.0,0.0,0.0,0.16081289947032928,,,,,,,,,,,,,,,,
1784021363.986,150796000,187,1,1,5,7.435851573944092,24.89468765258789,7.435851573944092,24.89468765258789,5.997806072235107,25.870943069458008,-0.9762555360794067,-17.77530860900879,0.0,0.0,-1.0605336427688599,0.0,0.0,0.0,0.1302540898323059,-0.5803623199462891,,,,,,,,,,,,,,,,
1784021364.000,150806000,188,1,2,4,10.313538551330566,25.0,10.313538551330566,25.0,8.555846214294434,25.09688377380371,-0.09688436985015869,112.61564636230469,134.57464599609375,0.0,0.0,0.0,1.0,1.0,0.4900524616241455,-3.224154233932495,,,,,,,,,,,,,,,,
1784021364.005,150816000,189,1,3,0,11.336917877197266,25.0,11.336917877197266,25.0,10.62384033203125,25.687244415283203,-0.6872445344924927,90.22000122070312,109.05085754394531,0.0,0.0,0.0,1.0,1.0,0.0,2.699969530105591,,,,,,,,,,,,,,,,
1784021364.019,150826000,190,2,255,0,,,,,,,,,,,,,,,,,0.20000000298023224,0.0,3.0214285850524902,2.4571428298950195,3.0214285850524902,2.4571428298950195,0.20000000298023224,0.0,0.0,0.0,0.0,0.0,0.0,0.0,0.0,0.0
1784021364.066,150876000,195,1,0,1,8.715469360351562,24.253007888793945,8.715469360351562,24.253007888793945,8.307374000549316,24.720535278320312,-0.467526912689209,-4.569024562835693,0.0,0.0,-0.0,0.0,0.0,0.0,0.0,0.15679599344730377,,,,,,,,,,,,,,,,
1784021364.079,150886000,196,1,1,1,7.7213006019592285,23.787424087524414,7.7213006019592285,23.787424087524414,6.712741374969482,24.677270889282227,-0.889846682548523,-11.252336502075195,0.0,0.0,-3.3945212364196777,0.0,0.0,0.0,0.005275330506265163,-0.36842626333236694,,,,,,,,,,,,,,,,
1784021364.091,150896000,197,1,2,4,9.839990615844727,25.0,9.839990615844727,25.0,6.923429012298584,26.368825912475586,-1.3688266277313232,86.43121337890625,146.6402587890625,0.0,0.0,0.0,1.0,1.0,0.8198057413101196,-2.1770853996276855,,,,,,,,,,,,,,,,
1784021364.099,150906000,198,1,3,0,10.82289981842041,25.0,10.82289981842041,25.0,9.514931678771973,25.73423957824707,-0.7342398166656494,89.04954528808594,112.35384368896484,0.0,0.0,0.0,1.0,1.0,0.0,2.5850794315338135,,,,,,,,,,,,,,,,
1784021364.105,150916000,199,2,255,0,,,,,,,,,,,,,,,,,0.20000000298023224,0.0,3.0214285850524902,2.4571428298950195,3.0214285850524902,2.4571428298950195,0.20000000298023224,0.0,0.0,0.0,0.0,0.0,0.0,0.0,0.0,0.0
1784021364.159,150966000,204,1,0,1,9.57781982421875,23.410974502563477,9.57781982421875,23.410974502563477,9.072869300842285,23.577442169189453,-0.1664683222770691,-1.5484654903411865,0.0,0.0,0.0,0.0,0.0,0.0,0.0,0.07119670510292053,,,,,,,,,,,,,,,,
1784021364.194,150976000,205,1,1,1,8.647043228149414,22.76717185974121,8.647043228149414,22.76717185974121,7.672419548034668,23.199373245239258,-0.43220221996307373,-3.5186610221862793,0.0,0.0,0.0,0.0,0.0,0.0,0.00021365241263993084,-0.15322186052799225,,,,,,,,,,,,,,,,
1784021364.195,150986000,206,1,2,4,9.062851905822754,25.0,9.062851905822754,25.0,6.018679618835449,26.68422508239746,-1.6842246055603027,84.2596206665039,149.2482147216797,0.0,0.0,0.0,1.0,1.0,0.8499999642372131,-2.056182622909546,,,,,,,,,,,,,,,,
1784021364.209,150996000,207,1,3,0,10.025203704833984,25.0,10.025203704833984,25.0,8.577855110168457,25.725126266479492,-0.7251262664794922,91.70865631103516,113.66197967529297,0.0,0.0,0.0,1.0,1.0,0.0,2.632707357406616,,,,,,,,,,,,,,,,
1784021364.210,151006000,208,2,255,0,,,,,,,,,,,,,,,,,0.20000000298023224,0.0,3.0214285850524902,2.4571428298950195,3.0214285850524902,2.4571428298950195,0.20000000298023224,0.0,0.0,0.0,0.0,0.0,0.0,0.0,0.0,0.0
1784021364.244,151056000,213,1,0,1,10.716588020324707,23.573028564453125,10.716588020324707,23.573028564453125,10.135339736938477,23.370452880859375,0.20257383584976196,1.677032232284546,0.0,0.0,0.0,0.0,0.0,0.0,0.0,-0.029869873076677322,,,,,,,,,,,,,,,,
1784021364.261,151066000,214,1,1,1,9.76800537109375,23.149803161621094,9.76800537109375,23.149803161621094,8.89930248260498,22.712656021118164,0.43714791536331177,9.612722396850586,0.0,0.0,0.0,0.0,0.0,0.0,8.65298443386564e-06,0.2822140157222748,,,,,,,,,,,,,,,,
1784021364.265,151076000,215,1,2,4,8.240957260131836,25.0,8.240957260131836,25.0,5.337634563446045,26.691329956054688,-1.6913294792175293,83.87810516357422,147.76644897460938,0.0,0.0,0.0,1.0,1.0,0.8330879211425781,-2.023265838623047,,,,,,,,,,,,,,,,
1784021364.280,151086000,216,1,3,0,9.218267440795898,25.0,9.218267440795898,25.0,7.971175670623779,25.66912841796875,-0.6691277027130127,91.92847442626953,112.49523162841797,0.0,0.0,0.0,1.0,1.0,0.0,2.6366641521453857,,,,,,,,,,,,,,,,
1784021364.282,151096000,217,2,255,0,,,,,,,,,,,,,,,,,0.20000000298023224,0.0,3.0214285850524902,2.4571428298950195,3.0214285850524902,2.4571428298950195,0.0,0.0,0.0,0.0,0.0,0.0,0.0,0.0,0.0,0.0
1784021364.342,151146000,222,1,0,0,10.0,25.0,10.0,25.0,9.260964393615723,24.950807571411133,0.04919320344924927,30.126401901245117,43.906166076660156,0.0,0.0,0.0,1.0,1.0,0.0,-0.8435796499252319,,,,,,,,,,,,,,,,
1784021364.342,151156000,223,1,1,0,10.0,25.0,10.0,25.0,9.213061332702637,23.602190017700195,1.397810935974121,113.17489624023438,47.669551849365234,37.72338104248047,0.0,0.0,1.0,1.0,0.0,3.4766428470611572,,,,,,,,,,,,,,,,
1784021364.359,151166000,224,1,2,0,10.0,25.0,10.0,25.0,6.938788414001465,26.15898895263672,-1.1589884757995605,16.870685577392578,46.83324432373047,0.0,0.0,0.0,1.0,1.0,0.0,-0.29612839221954346,,,,,,,,,,,,,,,,
1784021364.364,151176000,225,1,3,0,10.0,25.0,10.0,25.0,8.517816543579102,25.46999168395996,-0.4699915647506714,37.02068328857422,50.1784782409668,0.0,0.0,0.0,1.0,1.0,0.0,1.0076032876968384,,,,,,,,,,,,,,,,
1784021364.378,151186000,226,2,255,0,,,,,,,,,,,,,,,,,0.20000000298023224,0.0,3.0214285850524902,2.4571428298950195,3.0214285850524902,2.4571428298950195,0.0,0.0,0.0,0.0,0.0,0.0,0.0,0.0,0.0,0.0
1784021364.425,151236000,231,1,0,0,10.0,25.0,10.0,25.0,8.476194381713867,25.787948608398438,-0.7879495620727539,17.790061950683594,43.906166076660156,0.0,0.0,0.0,1.0,1.0,0.0,-0.41359785199165344,,,,,,,,,,,,,,,,
1784021364.439,151246000,232,1,1,0,10.0,25.0,10.0,25.0,8.511924743652344,24.806058883666992,0.19394159317016602,44.07095718383789,47.669551849365234,0.0,0.0,0.0,1.0,1.0,0.0,1.228379487991333,,,,,,,,,,,,,,,,
1784021364.446,151256000,233,1,2,0,10.0,25.0,10.0,25.0,8.349018096923828,25.568115234375,-0.5681157112121582,33.63313293457031,46.83324432373047,0.0,0.0,0.0,1.0,1.0,0.0,-0.9010202884674072,,,,,,,,,,,,,,,,
1784021364.459,151266000,234,1,3,0,10.0,25.0,10.0,25.0,8.616800308227539,25.1095027923584,-0.10950267314910889,46.064945220947266,50.1784782409668,0.0,0.0,0.0,1.0,1.0,0.0,1.2972497940063477,,,,,,,,,,,,,,,,
1784021364.466,151276000,235,2,255,0,,,,,,,,,,,,,,,,,0.20000000298023224,0.0,3.0214285850524902,2.4571428298950195,3.0214285850524902,2.4571428298950195,0.0,0.0,0.0,0.0,0.0,0.0,0.0,0.0,0.0,0.0
1784021364.518,151326000,240,1,0,0,10.0,25.0,10.0,25.0,8.286829948425293,25.296396255493164,-0.29639601707458496,39.561676025390625,43.906166076660156,0.0,0.0,0.0,1.0,1.0,0.0,-1.0643067359924316,,,,,,,,,,,,,,,,
1784021364.526,151336000,241,1,1,0,10.0,25.0,10.0,25.0,8.235916137695312,25.63887596130371,-0.6388753652572632,22.859210968017578,47.669551849365234,0.0,0.0,0.0,1.0,1.0,0.0,0.5587252974510193,,,,,,,,,,,,,,,,
1784021364.539,151346000,242,1,2,0,10.0,25.0,10.0,25.0,8.533387184143066,25.146930694580078,-0.14693140983581543,47.127140045166016,46.83324432373047,0.0,0.0,0.0,1.0,1.0,0.0,-1.3240762948989868,,,,,,,,,,,,,,,,
1784021364.552,151356000,243,1,3,0,10.0,25.0,10.0,25.0,8.606489181518555,25.597646713256836,-0.5976468324661255,27.474750518798828,50.1784782409668,0.0,0.0,0.0,1.0,1.0,0.0,0.7285841107368469,,,,,,,,,,,,,,,,
1784021364.558,151366000,244,2,255,0,,,,,,,,,,,,,,,,,0.20000000298023224,0.0,3.0214285850524902,2.4571428298950195,3.0214285850524902,2.4571428298950195,0.0,0.0,0.0,0.0,0.0,0.0,0.0,0.0,0.0,0.0
1784021364.611,151416000,249,1,0,0,10.0,25.0,10.0,25.0,8.208454132080078,25.16266632080078,-0.16266703605651855,38.493202209472656,43.906166076660156,0.0,0.0,0.0,1.0,1.0,0.0,-1.0332802534103394,,,,,,,,,,,,,,,,
1784021364.619,151426000,250,1,1,0,10.0,25.0,10.0,25.0,8.326322555541992,25.812929153442383,-0.8129298686981201,23.331193923950195,47.669551849365234,0.0,0.0,0.0,1.0,1.0,0.0,0.5753026604652405,,,,,,,,,,,,,,,,
1784021364.626,151436000,251,1,2,0,10.0,25.0,10.0,25.0,8.655550003051758,25.03272247314453,-0.03272294998168945,44.84537887573242,46.83324432373047,0.0,0.0,0.0,1.0,1.0,0.0,-1.270266056060791,,,,,,,,,,,,,,,,
1784021364.639,151446000,252,1,3,0,10.0,25.0,10.0,25.0,8.734807014465332,25.542518615722656,-0.5425184965133667,36.237998962402344,50.1784782409668,0.0,0.0,0.0,1.0,1.0,0.0,1.0026212930679321,,,,,,,,,,,,,,,,
1784021364.646,151456000,253,2,255,0,,,,,,,,,,,,,,,,,0.20000000298023224,0.0,3.0214285850524902,2.4571428298950195,3.0214285850524902,2.4571428298950195,0.0,0.0,0.0,0.0,0.0,0.0,0.0,0.0,0.0,0.0
1784021364.699,151506000,2,1,0,0,10.0,25.0,10.0,25.0,8.357996940612793,25.31281089782715,-0.31281113624572754,32.990966796875,43.906166076660156,0.0,0.0,0.0,1.0,1.0,0.0,-0.8838022351264954,,,,,,,,,,,,,,,,
1784021364.734,151516000,3,1,1,0,10.0,25.0,10.0,25.0,8.432497024536133,25.574020385742188,-0.5740195512771606,33.464256286621094,47.669551849365234,0.0,0.0,0.0,1.0,1.0,0.0,0.8955060839653015,,,,,,,,,,,,,,,,
1784021364.735,151526000,4,1,2,0,10.0,25.0,10.0,25.0,8.718293190002441,25.18831443786621,-0.18831491470336914,40.1716423034668,46.83324432373047,0.0,0.0,0.0,1.0,1.0,0.0,-1.1298168897628784,,,,,,,,,,,,,,,,
1784021364.736,151536000,5,1,3,0,10.0,25.0,10.0,25.0,8.75872802734375,25.346643447875977,-0.34664273262023926,40.354705810546875,50.1784782409668,0.0,0.0,0.0,1.0,1.0,0.0,1.131447196006775,,,,,,,,,,,,,,,,
1784021364.739,151546000,6,2,255,0,,,,,,,,,,,,,,,,,0.20000000298023224,0.0,3.0214285850524902,2.4571428298950195,3.0214285850524902,2.4571428298950195,0.0,0.0,0.0,0.0,0.0,0.0,0.0,0.0,0.0,0.0
1784021364.783,151596000,11,1,0,0,10.0,25.0,10.0,25.0,8.670465469360352,25.3284969329834,-0.3284960985183716,34.463706970214844,43.906166076660156,0.0,0.0,0.0,1.0,1.0,0.0,-0.9552814960479736,,,,,,,,,,,,,,,,
1784021364.799,151606000,12,1,1,0,10.0,25.0,10.0,25.0,8.719623565673828,25.314130783081055,-0.31413137912750244,39.74327087402344,47.669551849365234,0.0,0.0,0.0,1.0,1.0,0.0,1.119516134262085,,,,,,,,,,,,,,,,
1784021364.808,151616000,13,1,2,0,10.0,25.0,10.0,25.0,8.787701606750488,25.149578094482422,-0.14957785606384277,42.96247482299805,46.83324432373047,0.0,0.0,0.0,1.0,1.0,0.0,-1.2200349569320679,,,,,,,,,,,,,,,,
1784021364.819,151626000,14,1,3,0,10.0,25.0,10.0,25.0,8.797184944152832,25.37044906616211,-0.3704488277435303,38.38575744628906,50.1784782409668,0.0,0.0,0.0,1.0,1.0,0.0,1.077848196029663,,,,,,,,,,,,,,,,
1784021364.825,151636000,15,2,255,0,,,,,,,,,,,,,,,,,0.20000000298023224,0.0,3.0214285850524902,2.4571428298950195,3.0214285850524902,2.4571428298950195,0.0,0.0,0.0,0.0,0.0,0.0,0.0,0.0,0.0,0.0
1784021364.879,151686000,20,1,0,0,10.0,25.0,10.0,25.0,8.840313911437988,25.29964828491211,-0.2996474504470825,34.75432586669922,43.906166076660156,0.0,0.0,0.0,1.0,1.0,0.0,-0.9736129641532898,,,,,,,,,,,,,,,,
1784021364.885,151696000,21,1,1,0,10.0,25.0,10.0,25.0,8.861330032348633,25.272829055786133,-0.2728283405303955,39.37584686279297,47.669551849365234,0.0,0.0,0.0,1.0,1.0,0.0,1.1148635149002075,,,,,,,,,,,,,,,,
1784021364.889,151706000,22,1,2,0,10.0,25.0,10.0,25.0,8.780355453491211,25.098365783691406,-0.09836554527282715,44.097877502441406,46.83324432373047,0.0,0.0,0.0,1.0,1.0,0.0,-1.2545981407165527,,,,,,,,,,,,,,,,
1784021364.906,151716000,23,1,3,0,10.0,25.0,10.0,25.0,8.954145431518555,25.36824607849121,-0.3682464361190796,39.52199172973633,50.1784782409668,0.0,0.0,0.0,1.0,1.0,0.0,1.1283137798309326,,,,,,,,,,,,,,,,
1784021364.919,151726000,24,2,255,0,,,,,,,,,,,,,,,,,0.20000000298023224,0.0,3.0214285850524902,2.4571428298950195,3.0214285850524902,2.4571428298950195,0.0,0.0,0.0,0.0,0.0,0.0,0.0,0.0,0.0,0.0
1784021364.968,151776000,29,1,0,0,10.0,25.0,10.0,25.0,8.860483169555664,25.34170150756836,-0.3417015075683594,33.18318176269531,43.906166076660156,0.0,0.0,0.0,1.0,1.0,0.0,-0.9257714152336121,,,,,,,,,,,,,,,,
1784021364.979,151786000,30,1,1,0,10.0,25.0,10.0,25.0,8.95132827758789,25.241561889648438,-0.24156272411346436,40.42840576171875,47.669551849365234,0.0,0.0,0.0,1.0,1.0,0.0,1.154220700263977,,,,,,,,,,,,,,,,
1784021364.989,151796000,31,1,2,0,10.0,25.0,10.0,25.0,8.776515007019043,25.094383239746094,-0.09438395500183105,43.780372619628906,46.83324432373047,0.0,0.0,0.0,1.0,1.0,0.0,-1.24501371383667,,,,,,,,,,,,,,,,
1784021364.999,151806000,32,1,3,0,10.0,25.0,10.0,25.0,9.000993728637695,25.36410140991211,-0.36410093307495117,38.96171569824219,50.1784782409668,0.0,0.0,0.0,1.0,1.0,0.0,1.10970139503479,,,,,,,,,,,,,,,,
1784021365.009,151816000,33,2,255,0,,,,,,,,,,,,,,,,,0.20000000298023224,0.0,3.0214285850524902,2.4571428298950195,3.0214285850524902,2.4571428298950195,0.0,0.0,0.0,0.0,0.0,0.0,0.0,0.0,0.0,0.0
1784021365.059,151866000,38,1,0,0,10.0,25.0,10.0,25.0,8.897500038146973,25.341033935546875,-0.341033935546875,33.47552490234375,43.906166076660156,0.0,0.0,0.0,1.0,1.0,0.0,-0.9369686841964722,,,,,,,,,,,,,,,,
1784021365.067,151876000,39,1,1,0,10.0,25.0,10.0,25.0,8.934652328491211,25.248327255249023,-0.2483278512954712,40.006141662597656,47.669551849365234,0.0,0.0,0.0,1.0,1.0,0.0,1.1396206617355347,,,,,,,,,,,,,,,,
1784021365.079,151886000,40,1,2,0,10.0,25.0,10.0,25.0,8.787556648254395,25.09868812561035,-0.09868741035461426,43.830013275146484,46.83324432373047,0.0,0.0,0.0,1.0,1.0,0.0,-1.2470011711120605,,,,,,,,,,,,,,,,
1784021365.090,151896000,41,1,3,0,10.0,25.0,10.0,25.0,8.971190452575684,25.3912296295166,-0.3912299871444702,37.93742370605469,50.1784782409668,0.0,0.0,0.0,1.0,1.0,0.0,1.0759696960449219,,,,,,,,,,,,,,,,
1784021365.099,151906000,42,2,255,0,,,,,,,,,,,,,,,,,0.20000000298023224,0.0,3.0214285850524902,2.4571428298950195,3.0214285850524902,2.4571428298950195,0.0,0.0,0.0,0.0,0.0,0.0,0.0,0.0,0.0,0.0
1784021365.148,151956000,47,1,0,0,10.0,25.0,10.0,25.0,8.897354125976562,25.341087341308594,-0.34108757972717285,33.489112854003906,43.906166076660156,0.0,0.0,0.0,1.0,1.0,0.0,-0.9372301697731018,,,,,,,,,,,,,,,,
1784021365.159,151966000,48,1,1,0,10.0,25.0,10.0,25.0,8.931222915649414,25.262439727783203,-0.2624392509460449,39.45592498779297,47.669551849365234,0.0,0.0,0.0,1.0,1.0,0.0,1.1220669746398926,,,,,,,,,,,,,,,,
1784021365.165,151976000,49,1,2,0,10.0,25.0,10.0,25.0,8.767074584960938,25.105411529541016,-0.10541081428527832,43.58441925048828,46.83324432373047,0.0,0.0,0.0,1.0,1.0,0.0,-1.237807035446167,,,,,,,,,,,,,,,,
1784021365.178,151986000,50,1,3,0,10.0,25.0,10.0,25.0,8.977667808532715,25.394577026367188,-0.3945767879486084,38.14446258544922,50.1784782409668,0.0,0.0,0.0,1.0,1.0,0.0,1.0832219123840332,,,,,,,,,,,,,,,,
1784021365.187,151996000,51,2,255,0,,,,,,,,,,,,,,,,,0.20000000298023224,0.0,3.0214285850524902,2.4571428298950195,3.0214285850524902,2.4571428298950195,0.0,0.0,0.0,0.0,0.0,0.0,0.0,0.0,0.0,0.0
1784021365.238,152046000,56,1,0,0,10.0,25.0,10.0,25.0,8.893291473388672,25.34307861328125,-0.3430783748626709,33.38747787475586,43.906166076660156,0.0,0.0,0.0,1.0,1.0,0.0,-0.9337414503097534,,,,,,,,,,,,,,,,
1784021365.253,152056000,57,1,1,0,10.0,25.0,10.0,25.0,8.924788475036621,25.269975662231445,-0.26997625827789307,39.391517639160156,47.669551849365234,0.0,0.0,0.0,1.0,1.0,0.0,1.1195354461669922,,,,,,,,,,,,,,,,
1784021365.258,152066000,58,1,2,0,10.0,25.0,10.0,25.0,8.765905380249023,25.109010696411133,-0.10901093482971191,43.65646743774414,46.83324432373047,0.0,0.0,0.0,1.0,1.0,0.0,-1.2407095432281494,,,,,,,,,,,,,,,,
1784021365.265,152076000,59,1,3,0,10.0,25.0,10.0,25.0,8.970807075500488,25.39803695678711,-0.3980368375778198,38.27214431762695,50.1784782409668,0.0,0.0,0.0,1.0,1.0,0.0,1.086491584777832,,,,,,,,,,,,,,,,
1784021365.279,152086000,60,2,255,0,,,,,,,,,,,,,,,,,0.20000000298023224,0.0,3.0214285850524902,2.4571428298950195,3.0214285850524902,2.4571428298950195,0.0,0.0,0.0,0.0,0.0,0.0,0.0,0.0,0.0,0.0
1784021365.327,152136000,65,1,0,0,10.0,25.0,10.0,25.0,8.897187232971191,25.344932556152344,-0.34493207931518555,33.38337707519531,43.906166076660156,0.0,0.0,0.0,1.0,1.0,0.0,-0.9341695308685303,,,,,,,,,,,,,,,,
1784021365.339,152146000,66,1,1,0,10.0,25.0,10.0,25.0,8.928184509277344,25.268251419067383,-0.2682507038116455,39.44099044799805,47.669551849365234,0.0,0.0,0.0,1.0,1.0,0.0,1.1215370893478394,,,,,,,,,,,,,,,,
1784021365.347,152156000,67,1,2,0,10.0,25.0,10.0,25.0,8.769548416137695,25.1077823638916,-0.10778307914733887,43.61320877075195,46.83324432373047,0.0,0.0,0.0,1.0,1.0,0.0,-1.2391228675842285,,,,,,,,,,,,,,,,
1784021365.359,152166000,68,1,3,0,10.0,25.0,10.0,25.0,8.974799156188965,25.397947311401367,-0.39794743061065674,38.13975143432617,50.1784782409668,0.0,0.0,0.0,1.0,1.0,0.0,1.0827008485794067,,,,,,,,,,,,,,,,
1784021365.368,152176000,69,2,255,0,,,,,,,,,,,,,,,,,0.20000000298023224,0.0,3.0214285850524902,2.4571428298950195,3.0214285850524902,2.4571428298950195,0.0,0.0,0.0,0.0,0.0,0.0,0.0,0.0,0.0,0.0
1784021365.419,152226000,74,1,0,0,10.0,25.0,10.0,25.0,8.900341033935547,25.34149932861328,-0.34149885177612305,33.48088073730469,43.906166076660156,0.0,0.0,0.0,1.0,1.0,0.0,-0.9371957182884216,,,,,,,,,,,,,,,,
1784021365.426,152236000,75,1,1,0,10.0,25.0,10.0,25.0,8.92878532409668,25.268512725830078,-0.2685129642486572,39.42547607421875,47.669551849365234,0.0,0.0,0.0,1.0,1.0,0.0,1.1208932399749756,,,,,,,,,,,,,,,,
1784021365.439,152246000,76,1,2,0,10.0,25.0,10.0,25.0,8.772100448608398,25.105470657348633,-0.10547041893005371,43.602359771728516,46.83324432373047,0.0,0.0,0.0,1.0,1.0,0.0,-1.2391146421432495,,,,,,,,,,,,,,,,
1784021365.448,152256000,77,1,3,0,10.0,25.0,10.0,25.0,8.974736213684082,25.40277862548828,-0.40277838706970215,37.86144256591797,50.1784782409668,0.0,0.0,0.0,1.0,1.0,0.0,1.0737944841384888,,,,,,,,,,,,,,,,
1784021365.459,152266000,78,2,255,0,,,,,,,,,,,,,,,,,0.20000000298023224,0.0,3.0214285850524902,2.4571428298950195,3.0214285850524902,2.4571428298950195,0.0,0.0,0.0,0.0,0.0,0.0,0.0,0.0,0.0,0.0
1784021365.508,152316000,83,1,0,0,10.0,25.0,10.0,25.0,8.898171424865723,25.34458351135254,-0.3445833921432495,33.28889465332031,43.906166076660156,0.0,0.0,0.0,1.0,1.0,0.0,-0.9310207366943359,,,,,,,,,,,,,,,,
1784021365.519,152326000,84,1,1,0,10.0,25.0,10.0,25.0,8.929234504699707,25.26840591430664,-0.2684056758880615,39.56787872314453,47.669551849365234,0.0,0.0,0.0,1.0,1.0,0.0,1.1256910562515259,,,,,,,,,,,,,,,,
1784021365.539,152336000,85,1,2,0,10.0,25.0,10.0,25.0,8.767428398132324,25.10947608947754,-0.10947585105895996,43.47312545776367,46.83324432373047,0.0,0.0,0.0,1.0,1.0,0.0,-1.2346371412277222,,,,,,,,,,,,,,,,
1784021365.540,152346000,86,1,3,0,10.0,25.0,10.0,25.0,8.975659370422363,25.399675369262695,-0.39967596530914307,38.073486328125,50.1784782409668,0.0,0.0,0.0,1.0,1.0,0.0,1.0804387331008911,,,,,,,,,,,,,,,,
1784021365.549,152356000,87,2,255,0,,,,,,,,,,,,,,,,,0.20000000298023224,0.0,3.0214285850524902,2.4571428298950195,3.0214285850524902,2.4571428298950195,0.0,0.0,0.0,0.0,0.0,0.0,0.0,0.0,0.0,0.0
1784021365.600,152406000,92,1,0,0,10.0,25.0,10.0,25.0,8.899055480957031,25.346256256103516,-0.3462553024291992,33.43731689453125,43.906166076660156,0.0,0.0,0.0,1.0,1.0,0.0,-0.9360799193382263,,,,,,,,,,,,,,,,
1784021365.607,152416000,93,1,1,0,10.0,25.0,10.0,25.0,8.928888320922852,25.268095016479492,-0.2680957317352295,39.488746643066406,47.669551849365234,0.0,0.0,0.0,1.0,1.0,0.0,1.1229652166366577,,,,,,,,,,,,,,,,
1784021365.618,152426000,94,1,2,0,10.0,25.0,10.0,25.0,8.769553184509277,25.10787582397461,-0.10787546634674072,43.65302658081055,46.83324432373047,0.0,0.0,0.0,1.0,1.0,0.0,-1.2405868768692017,,,,,,,,,,,,,,,,
1784021365.632,152436000,95,1,3,0,10.0,25.0,10.0,25.0,8.97591781616211,25.40038299560547,-0.40038228034973145,37.953330993652344,50.1784782409668,0.0,0.0,0.0,1.0,1.0,0.0,1.0768462419509888,,,,,,,,,,,,,,,,
1784021365.639,152446000,96,2,255,0,,,,,,,,,,,,,,,,,0.20000000298023224,0.0,3.0214285850524902,2.4571428298950195,3.0214285850524902,2.4571428298950195,0.0,0.0,0.0,0.0,0.0,0.0,0.0,0.0,0.0,0.0
1784021365.690,152496000,101,1,0,0,10.0,25.0,10.0,25.0,8.90063190460205,25.343334197998047,-0.3433346748352051,33.47233963012695,43.906166076660156,0.0,0.0,0.0,1.0,1.0,0.0,-0.9370992183685303,,,,,,,,,,,,,,,,
1784021365.699,152506000,102,1,1,0,10.0,25.0,10.0,25.0,8.927284240722656,25.269994735717773,-0.2699941396713257,39.2762336730957,47.669551849365234,0.0,0.0,0.0,1.0,1.0,0.0,1.1155140399932861,,,,,,,,,,,,,,,,
1784021365.708,152516000,103,1,2,0,10.0,25.0,10.0,25.0,8.769696235656738,25.106403350830078,-0.10640323162078857,43.70982360839844,46.83324432373047,0.0,0.0,0.0,1.0,1.0,0.0,-1.242085576057434,,,,,,,,,,,,,,,,
1784021365.720,152526000,104,1,3,0,10.0,25.0,10.0,25.0,8.974628448486328,25.404094696044922,-0.4040956497192383,37.75406265258789,50.1784782409668,0.0,0.0,0.0,1.0,1.0,0.0,1.0709184408187866,,,,,,,,,,,,,,,,
1784021365.730,152536000,105,2,255,0,,,,,,,,,,,,,,,,,0.20000000298023224,0.0,3.0214285850524902,2.4571428298950195,3.0214285850524902,2.4571428298950195,0.0,0.0,0.0,0.0,0.0,0.0,0.0,0.0,0.0,0.0
1784021365.780,152586000,110,1,0,0,10.0,25.0,10.0,25.0,8.898415565490723,25.34651756286621,-0.34651756286621094,33.323692321777344,43.906166076660156,0.0,0.0,0.0,1.0,1.0,0.0,-0.9322554469108582,,,,,,,,,,,,,,,,
1784021365.790,152596000,111,1,1,0,10.0,25.0,10.0,25.0,8.927581787109375,25.26941680908203,-0.2694159746170044,39.44640350341797,47.669551849365234,0.0,0.0,0.0,1.0,1.0,0.0,1.1215438842773438,,,,,,,,,,,,,,,,
1784021365.799,152606000,112,1,2,4,10.0,25.0,10.0,25.0,8.754358291625977,25.12293815612793,-0.12293756008148193,51.2613525390625,56.30586242675781,0.0,0.0,0.0,0.0,0.7799999713897705,0.2280409187078476,-1.4621247053146362,,,,,,,,,,,,,,,,
1784021365.803,152616000,113,1,3,4,10.0,25.0,10.0,25.0,8.954364776611328,25.427230834960938,-0.42723119258880615,44.57411193847656,59.15151596069336,0.0,0.0,0.0,0.0,0.7799999713897705,0.21779827773571014,1.269260287284851,,,,,,,,,,,,,,,,
1784021365.818,152626000,114,2,255,0,,,,,,,,,,,,,,,,,-0.20000000298023224,0.0,3.0214285850524902,2.4571428298950195,3.0214285850524902,2.4571428298950195,-0.20000000298023224,0.0,0.0,0.0,0.0,0.0,0.0,0.0,0.0,0.0
1784021365.864,152676000,119,1,0,4,10.0,25.0,10.0,25.0,8.829550743103027,25.47549819946289,-0.4754990339279175,36.27608108520508,52.96279525756836,0.0,0.0,0.0,0.0,0.7799999713897705,0.26783132553100586,-1.0067723989486694,,,,,,,,,,,,,,,,
1784021365.879,152686000,120,1,1,0,10.0,25.0,10.0,25.0,8.87478256225586,25.32913589477539,-0.32913684844970703,42.34882354736328,52.96616744995117,0.0,0.0,0.0,0.0,0.7799999713897705,0.0,1.2019587755203247,,,,,,,,,,,,,,,,
1784021365.890,152696000,121,1,2,4,10.0,25.0,10.0,25.0,8.699445724487305,25.21844482421875,-0.2184450626373291,48.58012390136719,56.71555709838867,0.0,0.0,0.0,0.0,0.7799999713897705,0.24992620944976807,-1.3732459545135498,,,,,,,,,,,,,,,,
1784021365.899,152706000,122,1,3,4,10.0,25.0,10.0,25.0,8.856921195983887,25.548431396484375,-0.5484312772750854,41.12957763671875,59.74897384643555,0.0,0.0,0.0,0.0,0.7799999713897705,0.25609683990478516,1.1506872177124023,,,,,,,,,,,,,,,,
1784021365.906,152716000,123,2,255,0,,,,,,,,,,,,,,,,,-0.20000000298023224,0.0,3.0214285850524902,2.4571428298950195,3.0214285850524902,2.4571428298950195,-0.20000000298023224,0.0,0.0,0.0,0.0,0.0,0.0,0.0,0.0,0.0
1784021365.960,152766000,128,1,0,4,10.0,25.0,10.0,25.0,8.709198951721191,25.562023162841797,-0.5620241165161133,34.460044860839844,53.69855499267578,0.0,0.0,0.0,0.0,0.7799999713897705,0.3149954676628113,-0.9356456398963928,,,,,,,,,,,,,,,,
1784021365.968,152776000,129,1,1,0,10.0,25.0,10.0,25.0,8.869516372680664,25.37068748474121,-0.37068724632263184,41.51067352294922,52.96616744995117,0.0,0.0,0.0,0.0,0.7799999713897705,0.0,1.176224946975708,,,,,,,,,,,,,,,,
1784021365.980,152786000,130,1,2,4,10.0,25.0,10.0,25.0,8.697171211242676,25.267303466796875,-0.2673029899597168,47.813392639160156,56.764766693115234,0.0,0.0,0.0,0.0,0.7799999713897705,0.2525550425052643,-1.3498196601867676,,,,,,,,,,,,,,,,
1784021365.986,152796000,131,1,3,4,10.0,25.0,10.0,25.0,8.68023681640625,25.62773895263672,-0.6277382373809814,43.15836715698242,48.58319091796875,0.0,0.0,0.0,0.0,0.7799999713897705,0.3266140818595886,1.2107419967651367,,,,,,,,,,,,,,,,
1784021366.000,152806000,132,2,255,0,,,,,,,,,,,,,,,,,-0.20000000298023224,0.0,3.0214285850524902,2.4571428298950195,3.0214285850524902,2.4571428298950195,-0.20000000298023224,0.0,0.0,0.0,0.0,0.0,0.0,0.0,0.0,0.0
1784021366.047,152856000,137,1,0,4,10.0,25.0,10.0,25.0,8.41198444366455,25.740251541137695,-0.7402509450912476,37.66548156738281,44.80081558227539,0.0,0.0,0.0,0.0,0.7799999713897705,0.43261605501174927,-1.0151857137680054,,,,,,,,,,,,,,,,
1784021366.060,152866000,138,1,1,0,10.0,25.0,10.0,25.0,8.897388458251953,25.352001190185547,-0.3520011901855469,38.73894500732422,41.3136100769043,0.0,0.0,0.0,0.0,0.7799999713897705,0.0,1.114133596420288,,,,,,,,,,,,,,,,
1784021366.072,152876000,139,1,2,4,10.0,25.0,10.0,25.0,8.759908676147461,25.237146377563477,-0.2371460199356079,43.30341339111328,45.022613525390625,0.0,0.0,0.0,0.0,0.7799999713897705,0.23684856295585632,-1.2442119121551514,,,,,,,,,,,,,,,,
1784021366.079,152886000,140,1,3,4,10.0,25.0,10.0,25.0,8.332509994506836,25.84105682373047,-0.841057300567627,42.64891815185547,50.73421859741211,0.0,0.0,0.0,0.0,0.7799999713897705,0.4645005166530609,1.1514034271240234,,,,,,,,,,,,,,,,
1784021366.089,152896000,141,2,255,0,,,,,,,,,,,,,,,,,-0.20000000298023224,0.0,3.0214285850524902,2.4571428298950195,3.0214285850524902,2.4571428298950195,-0.20000000298023224,0.0,0.0,0.0,0.0,0.0,0.0,0.0,0.0,0.0
1784021366.139,152946000,146,1,0,4,10.0,25.0,10.0,25.0,8.050064086914062,25.97292137145996,-0.9729206562042236,37.704856872558594,47.06711196899414,0.0,0.0,0.0,0.0,0.7799999713897705,0.57789146900177,-0.9768279194831848,,,,,,,,,,,,,,,,
1784021366.149,152956000,147,1,1,0,10.0,25.0,10.0,25.0,9.056666374206543,25.28700828552246,-0.28700828552246094,39.46659469604492,41.3136100769043,0.0,0.0,0.0,0.0,0.7799999713897705,0.0,1.1555275917053223,,,,,,,,,,,,,,,,
1784021366.160,152966000,148,1,2,4,10.0,25.0,10.0,25.0,8.865923881530762,25.185840606689453,-0.18584132194519043,42.98027038574219,44.32550811767578,0.0,0.0,0.0,0.0,0.7799999713897705,0.19960986077785492,-1.2433854341506958,,,,,,,,,,,,,,,,
1784021366.170,152976000,149,1,3,4,10.0,25.0,10.0,25.0,7.96954870223999,26.076656341552734,-1.0766565799713135,42.806148529052734,53.005435943603516,0.0,0.0,0.0,0.0,0.7799999713897705,0.6100913882255554,1.1170257329940796,,,,,,,,,,,,,,,,
1784021366.171,152986000,150,2,255,0,,,,,,,,,,,,,,,,,-0.20000000298023224,0.0,3.0214285850524902,2.4571428298950195,3.0214285850524902,2.4571428298950195,-0.20000000298023224,0.0,0.0,0.0,0.0,0.0,0.0,0.0,0.0,0.0
1784021366.226,153036000,155,1,0,4,10.0,25.0,10.0,25.0,7.783423900604248,26.180883407592773,-1.1808842420578003,37.54393005371094,48.73892593383789,0.0,0.0,0.0,0.0,0.7799999713897705,0.6850590705871582,-0.9453874826431274,,,,,,,,,,,,,,,,
1784021366.240,153046000,156,1,1,0,10.0,25.0,10.0,25.0,9.34592342376709,25.15583038330078,-0.15583038330078125,40.774986267089844,41.3136100769043,0.0,0.0,0.0,0.0,0.7799999713897705,0.0,1.2194565534591675,,,,,,,,,,,,,,,,
1784021366.246,153056000,157,1,2,4,10.0,25.0,10.0,25.0,8.917648315429688,25.139554977416992,-0.13955533504486084,43.049407958984375,43.9158821105957,0.0,0.0,0.0,0.0,0.7799999713897705,0.1777282953262329,-1.249828577041626,,,,,,,,,,,,,,,,
1784021366.260,153066000,158,1,3,4,10.0,25.0,10.0,25.0,7.706007480621338,26.258378982543945,-1.2583792209625244,42.85986328125,54.65990447998047,0.0,0.0,0.0,0.0,0.7799999713897705,0.7161470055580139,1.0884320735931396,,,,,,,,,,,,,,,,
1784021366.265,153076000,159,2,255,0,,,,,,,,,,,,,,,,,-0.20000000298023224,0.0,3.0214285850524902,2.4571428298950195,3.0214285850524902,2.4571428298950195,-0.20000000298023224,0.0,0.0,0.0,0.0,0.0,0.0,0.0,0.0,0.0
1784021366.320,153126000,164,1,0,5,9.999262809753418,24.959762573242188,9.999262809753418,24.959762573242188,8.10925006866455,25.839340209960938,-0.8795782923698425,-13.242979049682617,0.0,0.0,-0.659506618976593,0.0,0.0,0.0,0.2492303103208542,0.47883665561676025,,,,,,,,,,,,,,,,
1784021366.359,153136000,165,1,1,1,9.960947036743164,24.905620574951172,9.960947036743164,24.905620574951172,9.74694538116455,24.79969024658203,0.1059308648109436,4.193147659301758,0.0,0.0,0.0,0.0,0.0,0.0,0.0,0.1281098872423172,,,,,,,,,,,,,,,,
1784021366.361,153146000,166,1,2,4,9.955004692077637,25.0,9.955004692077637,25.0,8.611248016357422,25.4093074798584,-0.4093080759048462,104.27708435058594,115.4647216796875,0.0,0.0,0.0,0.4355108141899109,0.8758123517036438,0.26079806685447693,-3.024453639984131,,,,,,,,,,,,,,,,
1784021366.361,153156000,167,1,3,4,10.004751205444336,25.0,10.004751205444336,25.0,7.326152801513672,26.51481056213379,-1.51481032371521,77.05323791503906,114.06804656982422,0.0,0.0,0.0,0.5871754288673401,0.909178614616394,0.7499999403953552,1.9897100925445557,,,,,,,,,,,,,,,,
1784021366.362,153166000,168,2,255,0,,,,,,,,,,,,,,,,,-0.20000000298023224,0.0,3.0214285850524902,2.4571428298950195,3.0214285850524902,2.4571428298950195,-0.20000000298023224,0.0,0.0,0.0,0.0,0.0,0.0,0.0,0.0,0.0
1784021366.406,153216000,173,1,0,1,9.92938232421875,24.2696475982666,9.92938232421875,24.2696475982666,8.953855514526367,24.913190841674805,-0.6435438990592957,-6.000030040740967,0.0,0.0,-1.2367024421691895,0.0,0.0,0.0,0.010093903169035912,0.20101618766784668,,,,,,,,,,,,,,,,
1784021366.419,153226000,174,1,1,1,9.778209686279297,24.23807716369629,9.778209686279297,24.23807716369629,9.943476676940918,24.257753372192383,-0.01967698335647583,-0.9243183732032776,0.0,0.0,0.0,0.0,0.0,0.0,0.0,-0.012420669198036194,,,,,,,,,,,,,,,,
1784021366.428,153236000,175,1,2,4,9.92662525177002,25.0,9.92662525177002,25.0,7.848520755767822,25.843799591064453,-0.8437991142272949,106.2337875366211,139.80816650390625,0.0,0.0,0.0,1.0,1.0,0.5238242745399475,-2.937412738800049,,,,,,,,,,,,,,,,
1784021366.440,153246000,176,1,3,4,10.085291862487793,25.0,10.085291862487793,25.0,7.140279769897461,26.43369483947754,-1.4336943626403809,78.07621002197266,127.56060791015625,0.0,0.0,0.0,1.0,1.0,0.7499999403953552,1.9739267826080322,,,,,,,,,,,,,,,,
1784021366.445,153256000,177,2,255,0,,,,,,,,,,,,,,,,,-0.20000000298023224,0.0,3.0214285850524902,2.4571428298950195,3.0214285850524902,2.4571428298950195,-0.20000000298023224,0.0,0.0,0.0,0.0,0.0,0.0,0.0,0.0,0.0
1784021366.500,153306000,182,1,0,1,9.665790557861328,23.51824188232422,9.665790557861328,23.51824188232422,9.320941925048828,23.89069366455078,-0.3724515438079834,-2.7197577953338623,0.0,0.0,0.0,0.0,0.0,0.0,0.0004088060522917658,0.08750378340482712,,,,,,,,,,,,,,,,
1784021366.507,153316000,183,1,1,1,9.398524284362793,23.66527557373047,9.398524284362793,23.66527557373047,9.67306900024414,23.71993637084961,-0.05466192960739136,-1.8659415245056152,0.0,0.0,0.0,0.0,0.0,0.0,0.0,-0.04881266504526138,,,,,,,,,,,,,,,,
1784021366.520,153326000,184,1,2,4,10.045498847961426,25.0,10.045498847961426,25.0,7.401462078094482,26.183792114257812,-1.1837929487228394,99.52542114257812,146.3430938720703,0.0,0.0,0.0,1.0,1.0,0.7278713583946228,-2.6396360397338867,,,,,,,,,,,,,,,,
1784021366.528,153336000,185,1,3,4,10.316160202026367,25.0,10.316160202026367,25.0,7.180266857147217,26.294780731201172,-1.2947797775268555,84.1585693359375,128.6588134765625,0.0,0.0,0.0,1.0,1.0,0.7499999403953552,2.1473848819732666,,,,,,,,,,,,,,,,
1784021366.540,153346000,186,2,255,0,,,,,,,,,,,,,,,,,-0.20000000298023224,0.0,3.0214285850524902,2.4571428298950195,3.0214285850524902,2.4571428298950195,-0.20000000298023224,0.0,0.0,0.0,0.0,0.0,0.0,0.0,0.0,0.0
1784021366.584,153396000,191,1,0,1,9.291810035705566,23.70403289794922,9.291810035705566,23.70403289794922,9.202386856079102,23.75853729248047,-0.05450546741485596,-0.38085800409317017,0.0,0.0,0.0,0.0,0.0,0.0,1.655676169320941e-05,0.013965376652777195,,,,,,,,,,,,,,,,
1784021366.600,153406000,192,1,1,1,8.930991172790527,23.922786712646484,8.930991172790527,23.922786712646484,9.250858306884766,23.872188568115234,0.05059689283370972,0.22604763507843018,0.0,0.0,0.0,0.0,0.0,0.0,0.0,0.0179526936262846,,,,,,,,,,,,,,,,
1784021366.609,153416000,193,1,2,4,10.277597427368164,25.0,10.277597427368164,25.0,7.253584861755371,26.394716262817383,-1.3947159051895142,93.60668182373047,147.9431610107422,0.0,0.0,0.0,1.0,1.0,0.8499986529350281,-2.409040927886963,,,,,,,,,,,,,,,,
1784021366.620,153426000,194,1,3,4,10.648383140563965,25.0,10.648383140563965,25.0,7.5309319496154785,26.129785537719727,-1.129785180091858,89.33350372314453,127.2837142944336,0.0,0.0,0.0,1.0,1.0,0.7499999403953552,2.341557025909424,,,,,,,,,,,,,,,,
1784021366.629,153436000,195,2,255,0,,,,,,,,,,,,,,,,,-0.20000000298023224,0.0,3.0214285850524902,2.4571428298950195,3.0214285850524902,2.4571428298950195,-0.20000000298023224,0.0,0.0,0.0,0.0,0.0,0.0,0.0,0.0,0.0
1784021366.680,153486000,200,1,0,1,9.026996612548828,24.6048526763916,9.026996612548828,24.6048526763916,8.946675300598145,24.63445281982422,-0.02960115671157837,-0.8367606997489929,0.0,0.0,0.0,0.0,0.0,0.0,6.705539590257104e-07,0.03200163692235947,,,,,,,,,,,,,,,,
1784021366.681,153496000,201,1,1,1,8.591964721679688,24.70136833190918,8.591964721679688,24.70136833190918,8.803332328796387,24.816879272460938,-0.11551231145858765,-0.7511046528816223,0.0,0.0,0.0,0.0,0.0,0.0,0.0,-0.017539285123348236,,,,,,,,,,,,,,,,
1784021366.700,153506000,202,1,2,4,10.485457420349121,25.0,10.485457420349121,25.0,7.3530778884887695,26.39234161376953,-1.3923406600952148,92.67337036132812,144.13194274902344,0.0,0.0,0.0,1.0,1.0,0.8499999642372131,-2.3887977600097656,,,,,,,,,,,,,,,,
1784021366.705,153516000,203,1,3,4,10.940004348754883,25.0,10.940004348754883,25.0,8.104978561401367,26.0126895904541,-1.0126888751983643,88.6641845703125,123.9394760131836,0.0,0.0,0.0,1.0,1.0,0.7499999403953552,2.3860814571380615,,,,,,,,,,,,,,,,
1784021366.719,153526000,204,2,255,0,,,,,,,,,,,,,,,,,-0.20000000298023224,0.0,3.0214285850524902,2.4571428298950195,3.0214285850524902,2.4571428298950195,-0.20000000298023224,0.0,0.0,0.0,0.0,0.0,0.0,0.0,0.0,0.0
1784021366.766,153576000,209,1,0,0,8.925701141357422,25.0,8.925701141357422,25.0,8.494780540466309,25.50714683532715,-0.5071461200714111,28.3355655670166,39.49934005737305,0.0,0.0,0.0,0.049651652574539185,0.7909233570098877,2.7157630810847877e-08,-0.7854463458061218,,,,,,,,,,,,,,,,
1784021366.782,153586000,210,1,1,0,8.405218124389648,25.0,8.405218124389648,25.0,8.518537521362305,25.5190486907959,-0.5190491676330566,33.745155334472656,43.93348693847656,0.0,0.0,0.0,0.12631991505622864,0.8077903389930725,0.0,0.9937828779220581,,,,,,,,,,,,,,,,
1784021366.786,153596000,211,1,2,4,10.561546325683594,25.0,10.561546325683594,25.0,7.867226600646973,26.010995864868164,-1.0109961032867432,40.84805679321289,71.65536499023438,0.0,0.0,0.0,1.0,1.0,0.7983007431030273,-0.9835543632507324,,,,,,,,,,,,,,,,
1784021366.800,153606000,212,1,3,4,11.096159934997559,25.0,11.096159934997559,25.0,8.658119201660156,25.757640838623047,-0.7576406002044678,44.77338409423828,66.31285095214844,0.0,0.0,0.29301896691322327,1.0,1.0,0.7121081352233887,1.155964970588684,,,,,,,,,,,,,,,,
1784021366.807,153616000,213,2,255,0,,,,,,,,,,,,,,,,,-0.20000000298023224,0.0,3.0214285850524902,2.4571428298950195,3.0214285850524902,2.4571428298950195,-0.20000000298023224,0.0,0.0,0.0,0.0,0.0,0.0,0.0,0.0,0.0
1784021366.860,153666000,218,1,0,4,8.916316986083984,25.0,8.916316986083984,25.0,7.624261856079102,26.043411254882812,-1.0434120893478394,73.92332458496094,113.52706146240234,0.0,0.0,0.0,0.9829605221748352,0.9962513446807861,0.3092515766620636,-2.0194790363311768,,,,,,,,,,,,,,,,
1784021366.901,153676000,219,1,1,0,8.320124626159668,25.0,8.320124626159668,25.0,8.013628959655762,25.858556747436523,-0.8585572242736816,90.44192504882812,122.31143188476562,0.0,0.0,0.0,1.0,1.0,0.0,2.6155810356140137,,,,,,,,,,,,,,,,
1784021366.904,153686000,220,1,2,5,10.538804054260254,24.832218170166016,10.538804054260254,24.832218170166016,8.67002010345459,25.28826332092285,-0.45604556798934937,-5.468123912811279,0.0,0.0,-0.017196442931890488,0.0,0.0,0.0,0.1671789586544037,0.24670802056789398,,,,,,,,,,,,,,,,
1784021366.904,153696000,221,1,3,5,11.157126426696777,24.8118896484375,11.157126426696777,24.8118896484375,9.551875114440918,25.03152847290039,-0.2196386456489563,-1.2248294353485107,0.0,0.0,0.0,0.0,0.0,0.0,0.07989735156297684,-0.09018495678901672,,,,,,,,,,,,,,,,
1784021366.905,153706000,222,2,255,0,,,,,,,,,,,,,,,,,-0.20000000298023224,0.0,3.0214285850524902,2.4571428298950195,3.0214285850524902,2.4571428298950195,-0.20000000298023224,0.0,0.0,0.0,0.0,0.0,0.0,0.0,0.0,0.0
1784021366.948,153756000,227,1,0,4,9.16547966003418,25.0,9.16547966003418,25.0,6.89077615737915,26.276952743530273,-1.2769520282745361,79.426025390625,125.54014587402344,0.0,0.0,0.0,1.0,1.0,0.7044674158096313,-2.04791522026062,,,,,,,,,,,,,,,,
1784021366.960,153766000,228,1,1,4,8.510973930358887,25.0,8.510973930358887,25.0,7.1301350593566895,26.169845581054688,-1.169845461845398,92.46846771240234,133.1900177001953,0.0,0.0,0.0,1.0,1.0,0.2737330496311188,2.525885820388794,,,,,,,,,,,,,,,,
1784021366.965,153776000,229,1,2,1,10.225288391113281,24.019607543945312,10.225288391113281,24.019607543945312,9.337712287902832,24.24338722229004,-0.22378116846084595,-2.054760217666626,0.0,0.0,0.0,0.0,0.0,0.0,0.006770797073841095,0.07573861628770828,,,,,,,,,,,,,,,,
1784021366.980,153786000,230,1,3,1,10.877877235412598,23.769723892211914,10.877877235412598,23.769723892211914,10.159106254577637,24.087074279785156,-0.3173515200614929,-4.030684947967529,0.0,0.0,0.0,0.0,0.0,0.0,0.00323586817830801,-0.1390865296125412,,,,,,,,,,,,,,,,
1784021366.989,153796000,231,2,255,0,,,,,,,,,,,,,,,,,-0.20000000298023224,0.0,3.0214285850524902,2.4571428298950195,3.0214285850524902,2.4571428298950195,-0.20000000298023224,0.0,0.0,0.0,0.0,0.0,0.0,0.0,0.0,0.0
1784021367.039,153846000,236,1,0,4,9.740654945373535,25.0,9.740654945373535,25.0,6.619909286499023,26.2540340423584,-1.2540340423583984,84.73535919189453,128.50277709960938,0.0,0.0,0.0,1.0,1.0,0.7499999403953552,-2.120861768722534,,,,,,,,,,,,,,,,
1784021367.045,153856000,237,1,1,4,9.021564483642578,25.0,9.021564483642578,25.0,6.788506507873535,26.29482650756836,-1.2948274612426758,96.07086944580078,142.73150634765625,0.0,0.0,0.0,1.0,1.0,0.5809957981109619,2.5279834270477295,,,,,,,,,,,,,,,,
1784021367.060,153866000,238,1,2,1,9.327446937561035,23.34122085571289,9.327446937561035,23.34122085571289,9.125554084777832,23.312082290649414,0.029139220714569092,0.3277219235897064,0.0,0.0,0.0,0.0,0.0,0.0,0.00027421931736171246,-0.011650020256638527,,,,,,,,,,,,,,,,
1784021367.068,153876000,239,1,3,1,10.022452354431152,23.053617477416992,10.022452354431152,23.053617477416992,9.929325103759766,23.20191192626953,-0.14829635620117188,-1.2878433465957642,0.0,0.0,0.0,0.0,0.0,0.0,0.00013105360267218202,-0.03431117534637451,,,,,,,,,,,,,,,,
1784021367.080,153886000,240,2,255,0,,,,,,,,,,,,,,,,,-0.20000000298023224,0.0,3.0214285850524902,2.4571428298950195,3.0214285850524902,2.4571428298950195,-0.20000000298023224,0.0,0.0,0.0,0.0,0.0,0.0,0.0,0.0,0.0
1784021367.127,153936000,245,1,0,4,10.488921165466309,25.0,10.488921165466309,25.0,6.921982765197754,26.211456298828125,-1.2114554643630981,85.75082397460938,128.13864135742188,0.0,0.0,0.0,1.0,1.0,0.7499999403953552,-2.1432430744171143,,,,,,,,,,,,,,,,
1784021367.140,153946000,246,1,1,4,9.67723560333252,25.0,9.67723560333252,25.0,6.947375297546387,26.344406127929688,-1.3444066047668457,96.23086547851562,146.31898498535156,0.0,0.0,0.0,1.0,1.0,0.7625535726547241,2.4986863136291504,,,,,,,,,,,,,,,,
1784021367.146,153956000,247,1,2,1,8.236085891723633,23.707077026367188,8.236085891723633,23.707077026367188,8.256392478942871,23.517444610595703,0.18963217735290527,1.8040823936462402,0.0,0.0,0.0,0.0,0.0,0.0,1.110595985664986e-05,-0.05889013782143593,,,,,,,,,,,,,,,,
1784021367.160,153966000,248,1,3,1,9.04851245880127,23.632247924804688,9.04851245880127,23.632247924804688,9.161847114562988,23.464397430419922,0.16785115003585815,1.5754433870315552,0.0,0.0,0.0,0.0,0.0,0.0,5.30770876139286e-06,0.05594555661082268,,,,,,,,,,,,,,,,
1784021367.172,153976000,249,2,255,0,,,,,,,,,,,,,,,,,-0.20000000298023224,0.0,3.0214285850524902,2.4571428298950195,3.0214285850524902,2.4571428298950195,-0.20000000298023224,0.0,0.0,0.0,0.0,0.0,0.0,0.0,0.0,0.0
1784021367.220,154026000,254,1,0,4,11.13426685333252,25.0,11.13426685333252,25.0,7.518193244934082,26.117637634277344,-1.1176377534866333,86.69384002685547,125.49134063720703,0.0,0.0,0.0,1.0,1.0,0.7499999403953552,-2.214259624481201,,,,,,,,,,,,,,,,
1784021367.229,154036000,255,1,1,4,10.200435638427734,25.0,10.200435638427734,25.0,7.392708778381348,26.293737411499023,-1.2937366962432861,96.85076904296875,143.73934936523438,0.0,0.0,0.0,1.0,1.0,0.7977416515350342,2.5493240356445312,,,,,,,,,,,,,,,,
1784021367.239,154046000,0,1,2,1,7.580783843994141,24.66925811767578,7.580783843994141,24.66925811767578,7.500012397766113,24.682437896728516,-0.013180077075958252,-0.27587854862213135,0.0,0.0,0.0,0.0,0.0,0.0,4.497945838011219e-07,0.014656285755336285,,,,,,,,,,,,,,,,
1784021367.246,154056000,1,1,3,1,8.553653717041016,24.750505447387695,8.553653717041016,24.750505447387695,8.568711280822754,24.71056365966797,0.03994256258010864,-0.0872931182384491,0.0,0.0,0.0,0.0,0.0,0.0,2.149637623460876e-07,-0.002330259419977665,,,,,,,,,,,,,,,,
1784021367.260,154066000,2,2,255,0,,,,,,,,,,,,,,,,,-0.20000000298023224,0.0,3.0214285850524902,2.4571428298950195,3.0214285850524902,2.4571428298950195,-0.20000000298023224,0.0,0.0,0.0,0.0,0.0,0.0,0.0,0.0,0.0
1784021367.310,154116000,7,1,0,4,11.473134994506836,25.0,11.473134994506836,25.0,8.078100204467773,25.96694564819336,-0.9669452905654907,37.3663330078125,63.78462600708008,0.0,0.0,0.0,1.0,1.0,0.7499999403953552,-0.8469322323799133,,,,,,,,,,,,,,,,
1784021367.320,154126000,8,1,1,4,10.427947044372559,25.0,10.427947044372559,25.0,8.04432201385498,25.982654571533203,-0.9826540946960449,42.25823974609375,70.10440063476562,0.0,0.0,0.0,1.0,1.0,0.7105506658554077,1.068994164466858,,,,,,,,,,,,,,,,
1784021367.330,154136000,9,1,2,0,7.433533668518066,25.0,7.433533668518066,25.0,7.227169036865234,25.463890075683594,-0.46389102935791016,34.30401611328125,43.80503845214844,0.0,0.0,0.0,0.15330591797828674,0.8137272596359253,1.8216809394289157e-08,-0.9791260361671448,,,,,,,,,,,,,,,,
1784021367.340,154146000,10,1,3,0,8.493607521057129,25.0,8.493607521057129,25.0,8.033750534057617,25.783586502075195,-0.7835865020751953,30.31556510925293,48.56428527832031,0.0,0.0,0.0,0.26129430532455444,0.8374847173690796,8.70609540015721e-09,0.835286557674408,,,,,,,,,,,,,,,,
1784021367.349,154156000,11,2,255,0,,,,,,,,,,,,,,,,,-0.20000000298023224,0.0,3.0214285850524902,2.4571428298950195,3.0214285850524902,2.4571428298950195,-0.20000000298023224,0.0,0.0,0.0,0.0,0.0,0.0,0.0,0.0,0.0
1784021367.399,154206000,16,1,0,5,11.510462760925293,24.986854553222656,11.510462760925293,24.986854553222656,8.902749061584473,25.341453552246094,-0.3545999526977539,-2.3951973915100098,0.0,0.0,0.0,0.0,0.0,0.0,0.2772783935070038,0.20953896641731262,,,,,,,,,,,,,,,,
1784021367.412,154216000,17,1,1,5,10.451400756835938,24.923046112060547,10.451400756835938,24.923046112060547,9.138026237487793,25.200801849365234,-0.2777561545372009,0.778691291809082,0.0,0.0,0.0,0.0,0.0,0.0,0.20912347733974457,-0.022973839193582535,,,,,,,,,,,,,,,,
1784021367.422,154226000,18,1,2,0,7.55185079574585,25.0,7.55185079574585,25.0,6.8499555587768555,25.716808319091797,-0.7168084383010864,96.74592590332031,122.46662139892578,0.0,0.0,0.0,1.0,1.0,7.377863875390744e-10,-2.727381467819214,,,,,,,,,,,,,,,,
1784021367.427,154236000,19,1,3,4,8.640594482421875,25.0,8.640594482421875,25.0,7.5349249839782715,26.063722610473633,-1.0637223720550537,77.23460388183594,113.49537658691406,0.0,0.0,0.0,1.0,1.0,0.23640744388103485,2.1391220092773438,,,,,,,,,,,,,,,,
1784021367.440,154246000,20,2,255,0,,,,,,,,,,,,,,,,,-0.20000000298023224,0.0,3.0214285850524902,2.4571428298950195,3.0214285850524902,2.4571428298950195,-0.20000000298023224,0.0,0.0,0.0,0.0,0.0,0.0,0.0,0.0,0.0
1784021367.488,154296000,25,1,0,1,11.320517539978027,24.14716148376465,11.320517539978027,24.14716148376465,9.81020736694336,24.480424880981445,-0.33326447010040283,-2.9281082153320312,0.0,0.0,0.0,0.0,0.0,0.0,0.011229854077100754,0.12793958187103271,,,,,,,,,,,,,,,,
1784021367.506,154306000,26,1,1,1,10.205451011657715,23.938074111938477,10.205451011657715,23.938074111938477,9.791666984558105,24.26622200012207,-0.32814890146255493,-3.130225896835327,0.0,0.0,0.0,0.0,0.0,0.0,0.008469563908874989,-0.09284976124763489,,,,,,,,,,,,,,,,
1784021367.506,154316000,27,1,2,4,7.999078273773193,25.0,7.999078273773193,25.0,6.1707987785339355,26.045381546020508,-1.045382022857666,98.72899627685547,137.16461181640625,0.0,0.0,0.0,1.0,1.0,0.4348176419734955,-2.6178598403930664,,,,,,,,,,,,,,,,
1784021367.523,154326000,28,1,3,4,9.128734588623047,25.0,9.128734588623047,25.0,7.168400287628174,26.13711929321289,-1.1371195316314697,84.56230163574219,123.80232238769531,0.0,0.0,0.0,1.0,1.0,0.5814502835273743,2.256747245788574,,,,,,,,,,,,,,,,
1784021367.524,154336000,29,2,255,0,,,,,,,,,,,,,,,,,-0.20000000298023224,0.0,3.0214285850524902,2.4571428298950195,3.0214285850524902,2.4571428298950195,-0.20000000298023224,0.0,0.0,0.0,0.0,0.0,0.0,0.0,0.0,0.0
1784021367.580,154386000,34,1,0,1,10.501803398132324,23.03411102294922,10.501803398132324,23.03411102294922,9.927729606628418,23.287872314453125,-0.25376081466674805,-2.3040871620178223,0.0,0.0,0.0,0.0,0.0,0.0,0.00045481245615519583,0.07655835151672363,,,,,,,,,,,,,,,,
1784021367.585,154396000,35,1,1,1,9.3199462890625,23.255268096923828,9.3199462890625,23.255268096923828,9.475984573364258,23.287084579467773,-0.031816959381103516,-1.2469886541366577,0.0,0.0,0.0,0.0,0.0,0.0,0.0003430199285503477,-0.023813623934984207,,,,,,,,,,,,,,,,
1784021367.600,154406000,36,1,2,4,8.761255264282227,25.0,8.761255264282227,25.0,6.0199408531188965,26.27094078063965,-1.270940899848938,97.45419311523438,147.1432647705078,0.0,0.0,0.0,1.0,1.0,0.7639016509056091,-2.4650909900665283,,,,,,,,,,,,,,,,
1784021367.608,154416000,37,1,3,4,9.913576126098633,25.0,9.913576126098633,25.0,7.291186809539795,26.06106185913086,-1.0610610246658325,91.3964614868164,128.6500701904297,0.0,0.0,0.0,1.0,1.0,0.7499999403953552,2.4134681224823,,,,,,,,,,,,,,,,
1784021367.620,154426000,38,2,255,0,,,,,,,,,,,,,,,,,-0.20000000298023224,0.0,3.0214285850524902,2.4571428298950195,3.0214285850524902,2.4571428298950195,-0.20000000298023224,0.0,0.0,0.0,0.0,0.0,0.0,0.0,0.0,0.0
1784021367.669,154476000,43,1,0,1,9.356954574584961,23.13263511657715,9.356954574584961,23.13263511657715,9.19194221496582,22.981660842895508,0.15097260475158691,1.0647194385528564,0.0,0.0,0.0,0.0,0.0,0.0,1.8420032574795187e-05,-0.030275190249085426,,,,,,,,,,,,,,,,
1784021367.680,154486000,44,1,1,1,8.186361312866211,23.47803497314453,8.186361312866211,23.47803497314453,8.525870323181152,23.25992202758789,0.2181127667427063,1.8434072732925415,0.0,0.0,0.0,0.0,0.0,0.0,1.3892412425775547e-05,0.07174453139305115,,,,,,,,,,,,,,,,
1784021367.689,154496000,45,1,2,4,9.590658187866211,25.0,9.590658187866211,25.0,6.366263389587402,26.474666595458984,-1.4746665954589844,91.61463165283203,148.34527587890625,0.0,0.0,0.0,1.0,1.0,0.8499999642372131,-2.2709217071533203,,,,,,,,,,,,,,,,
1784021367.700,154506000,46,1,3,4,10.730485916137695,25.0,10.730485916137695,25.0,7.782097339630127,26.025775909423828,-1.0257750749588013,91.12980651855469,127.65673065185547,0.0,0.0,0.0,1.0,1.0,0.7499999403953552,2.413668155670166,,,,,,,,,,,,,,,,
1784021367.709,154516000,47,2,255,0,,,,,,,,,,,,,,,,,-0.20000000298023224,0.0,3.0214285850524902,2.4571428298950195,3.0214285850524902,2.4571428298950195,-0.20000000298023224,0.0,0.0,0.0,0.0,0.0,0.0,0.0,0.0,0.0
1784021367.761,154566000,52,1,0,1,8.622856140136719,24.311267852783203,8.622856140136719,24.311267852783203,8.407099723815918,24.04093360900879,0.270332396030426,2.0885000228881836,0.0,0.0,0.0,0.0,0.0,0.0,7.460167807948892e-07,-0.05610888823866844,,,,,,,,,,,,,,,,
1784021367.771,154576000,53,1,1,1,7.5266032218933105,24.489713668823242,7.5266032218933105,24.489713668823242,7.636435508728027,24.42825698852539,0.061455368995666504,0.292773574590683,0.0,0.0,0.0,0.0,0.0,0.0,5.626467896036047e-07,0.010650993324816227,,,,,,,,,,,,,,,,
1784021367.780,154586000,54,1,2,4,10.18929386138916,25.0,10.18929386138916,25.0,7.024047374725342,26.42945671081543,-1.4294564723968506,91.97383880615234,144.85311889648438,0.0,0.0,0.0,1.0,1.0,0.8499999642372131,-2.3437023162841797,,,,,,,,,,,,,,,,
1784021367.788,154596000,55,1,3,4,11.290966987609863,25.0,11.290966987609863,25.0,8.29540729522705,25.999340057373047,-0.9993404150009155,89.47698211669922,124.55747985839844,0.0,0.0,0.0,1.0,1.0,0.7499999403953552,2.3945083618164062,,,,,,,,,,,,,,,,
1784021367.800,154606000,56,2,255,0,,,,,,,,,,,,,,,,,-0.20000000298023224,0.0,3.0214285850524902,2.4571428298950195,3.0214285850524902,2.4571428298950195,-0.20000000298023224,0.0,0.0,0.0,0.0,0.0,0.0,0.0,0.0,0.0
1784021367.845,154656000,61,1,0,0,8.489285469055176,25.0,8.489285469055176,25.0,8.110722541809082,25.12832260131836,-0.12832283973693848,33.723873138427734,38.156002044677734,0.0,0.0,0.0,0.0002798378118313849,0.7800615429878235,3.0213893609243314e-08,-0.983851969242096,,,,,,,,,,,,,,,,
1784021367.860,154666000,62,1,1,0,7.431892395019531,25.0,7.431892395019531,25.0,7.203039646148682,25.519269943237305,-0.5192697048187256,32.26068878173828,42.447486877441406,0.0,0.0,0.0,0.02656329981982708,0.7858439087867737,2.278735600214077e-08,0.9054823517799377,,,,,,,,,,,,,,,,
1784021367.868,154676000,63,1,2,4,10.430906295776367,25.0,10.430906295776367,25.0,7.836594581604004,26.074844360351562,-1.0748445987701416,40.604705810546875,71.3202896118164,0.0,0.0,0.0,1.0,1.0,0.7956917881965637,-0.9931246042251587,,,,,,,,,,,,,,,,
1784021367.880,154686000,64,1,3,4,11.496953010559082,25.0,11.496953010559082,25.0,8.795583724975586,25.826417922973633,-0.826418399810791,43.349361419677734,68.29737854003906,0.0,0.0,0.16648252308368683,1.0,1.0,0.7307367324829102,1.0932711362838745,,,,,,,,,,,,,,,,
1784021367.885,154696000,65,2,255,0,,,,,,,,,,,,,,,,,-0.20000000298023224,0.0,3.0214285850524902,2.4571428298950195,3.0214285850524902,2.4571428298950195,-0.20000000298023224,0.0,0.0,0.0,0.0,0.0,0.0,0.0,0.0,0.0
1784021367.940,154746000,70,1,0,0,8.545763969421387,25.0,8.545763969421387,25.0,7.584323883056641,25.707551956176758,-0.7075518369674683,79.87918853759766,104.77005004882812,0.0,0.0,0.0,0.893669068813324,0.9766072034835815,1.2236720525748979e-09,-2.259687662124634,,,,,,,,,,,,,,,,
1784021367.958,154756000,71,1,1,0,7.508236885070801,25.0,7.508236885070801,25.0,6.723031520843506,26.13990592956543,-1.1399060487747192,84.38853454589844,120.63618469238281,0.0,0.0,0.0,0.9634076356887817,0.9919496774673462,9.228949826578514e-10,2.3456010818481445,,,,,,,,,,,,,,,,
1784021367.960,154766000,72,1,2,5,10.450549125671387,24.91045570373535,10.450549125671387,24.91045570373535,8.771785736083984,25.18259620666504,-0.27214139699935913,2.7291336059570312,0.0,0.0,0.0,0.0,0.0,0.0,0.2551271915435791,-0.017151236534118652,,,,,,,,,,,,,,,,
1784021367.960,154776000,73,1,3,5,11.503046035766602,24.882333755493164,11.503046035766602,24.882333755493164,9.503485679626465,25.15420913696289,-0.27187615633010864,-3.732135534286499,0.0,0.0,0.0,0.0,0.0,0.0,0.13219206035137177,-0.2039511799812317,,,,,,,,,,,,,,,,
1784021367.980,154786000,74,2,255,0,,,,,,,,,,,,,,,,,-0.20000000298023224,0.0,3.0214285850524902,2.4571428298950195,3.0214285850524902,2.4571428298950195,-0.20000000298023224,0.0,0.0,0.0,0.0,0.0,0.0,0.0,0.0,0.0
1784021368.025,154836000,79,1,0,4,8.882430076599121,25.0,8.882430076599121,25.0,7.059537410736084,26.08606719970703,-1.0860681533813477,83.02284240722656,121.43896484375,0.0,0.0,0.0,1.0,1.0,0.5248454213142395,-2.2230117321014404,,,,,,,,,,,,,,,,
1784021368.040,154846000,80,1,1,4,7.885270595550537,25.0,7.885270595550537,25.0,6.543830871582031,26.050844192504883,-1.0508447885513306,98.41934967041016,132.32308959960938,0.0,0.0,0.0,1.0,1.0,0.2615605890750885,2.683209180831909,,,,,,,,,,,,,,,,
1784021368.045,154856000,81,1,2,1,10.187356948852539,23.97077178955078,10.187356948852539,23.97077178955078,9.467389106750488,24.149911880493164,-0.17914175987243652,-1.4971034526824951,0.0,0.0,0.0,0.0,0.0,0.0,0.010332725942134857,0.05212622880935669,,,,,,,,,,,,,,,,
1784021368.060,154866000,82,1,3,1,11.175856590270996,23.818479537963867,11.175856590270996,23.818479537963867,10.173161506652832,24.214488983154297,-0.39600878953933716,-4.542610168457031,0.0,0.0,0.0,0.0,0.0,0.0,0.0053538172505795956,-0.1606324166059494,,,,,,,,,,,,,,,,
1784021368.069,154876000,83,2,255,0,,,,,,,,,,,,,,,,,-0.20000000298023224,0.0,3.0214285850524902,2.4571428298950195,3.0214285850524902,2.4571428298950195,-0.20000000298023224,0.0,0.0,0.0,0.0,0.0,0.0,0.0,0.0,0.0
1784021368.120,154926000,88,1,0,4,9.567431449890137,25.0,9.567431449890137,25.0,6.96049165725708,26.122920989990234,-1.1229217052459717,88.59751892089844,128.32882690429688,0.0,0.0,0.0,1.0,1.0,0.7499999403953552,-2.3048856258392334,,,,,,,,,,,,,,,,
1784021368.127,154936000,89,1,1,4,8.60116195678711,25.0,8.60116195678711,25.0,6.418873310089111,26.09255027770996,-1.0925501585006714,102.32223510742188,142.1605224609375,0.0,0.0,0.0,1.0,1.0,0.5637176632881165,2.7037181854248047,,,,,,,,,,,,,,,,
1784021368.140,154946000,90,1,2,1,9.283670425415039,23.24845314025879,9.283670425415039,23.24845314025879,9.19089126586914,23.155986785888672,0.09246468544006348,0.37061357498168945,0.0,0.0,0.0,0.0,0.0,0.0,0.0004184784193057567,-0.018173670396208763,,,,,,,,,,,,,,,,
1784021368.145,154956000,91,1,3,1,10.212559700012207,22.912769317626953,10.212559700012207,22.912769317626953,10.020237922668457,23.12548065185547,-0.2127125859260559,-1.9126298427581787,0.0,0.0,0.0,0.0,0.0,0.0,0.00021683122031390667,-0.05361926183104515,,,,,,,,,,,,,,,,
1784021368.160,154966000,92,2,255,0,,,,,,,,,,,,,,,,,-0.20000000298023224,0.0,3.0214285850524902,2.4571428298950195,3.0214285850524902,2.4571428298950195,-0.20000000298023224,0.0,0.0,0.0,0.0,0.0,0.0,0.0,0.0,0.0
1784021368.206,155016000,97,1,0,4,10.410226821899414,25.0,10.410226821899414,25.0,7.325604438781738,26.10616683959961,-1.1061668395996094,89.84845733642578,128.36329650878906,0.0,0.0,0.0,1.0,1.0,0.7499999403953552,-2.3322205543518066,,,,,,,,,,,,,,,,
1784021368.220,155026000,98,1,1,4,9.442567825317383,25.0,9.442567825317383,25.0,6.613691806793213,26.21576690673828,-1.2157678604125977,100.25863647460938,147.4821319580078,0.0,0.0,0.0,1.0,1.0,0.7976951599121094,2.587594985961914,,,,,,,,,,,,,,,,
1784021368.225,155036000,99,1,2,1,8.155179977416992,23.503721237182617,8.155179977416992,23.503721237182617,8.266522407531738,23.195018768310547,0.30870139598846436,2.7194972038269043,0.0,0.0,0.0,0.0,0.0,0.0,1.6948497432167642e-05,-0.08986713737249374,,,,,,,,,,,,,,,,
1784021368.240,155046000,100,1,3,1,9.108260154724121,23.38006591796875,9.108260154724121,23.38006591796875,9.18747615814209,23.175901412963867,0.2041637897491455,1.9290270805358887,0.0,0.0,0.0,0.0,0.0,0.0,8.781728865869809e-06,0.06686758249998093,,,,,,,,,,,,,,,,
1784021368.248,155056000,101,2,255,0,,,,,,,,,,,,,,,,,-0.20000000298023224,0.0,3.0214285850524902,2.4571428298950195,3.0214285850524902,2.4571428298950195,-0.20000000298023224,0.0,0.0,0.0,0.0,0.0,0.0,0.0,0.0,0.0
1784021368.301,155106000,106,1,0,4,11.103188514709473,25.0,11.103188514709473,25.0,7.926296234130859,26.033029556274414,-1.0330289602279663,89.9410171508789,126.03223419189453,0.0,0.0,0.0,1.0,1.0,0.7499999403953552,-2.3712117671966553,,,,,,,,,,,,,,,,
1784021368.319,155116000,107,1,1,4,10.102575302124023,25.0,10.102575302124023,25.0,7.107278823852539,26.284069061279297,-1.2840688228607178,97.29960632324219,145.6719207763672,0.0,0.0,0.0,1.0,1.0,0.8499999642372131,2.5223770141601562,,,,,,,,,,,,,,,,
1784021368.330,155126000,108,1,2,1,7.517061233520508,24.520320892333984,7.517061233520508,24.520320892333984,7.409218788146973,24.398584365844727,0.12173503637313843,0.8434200286865234,0.0,0.0,0.0,0.0,0.0,0.0,6.864189572297619e-07,-0.01701137237250805,,,,,,,,,,,,,,,,
1784021368.330,155136000,109,1,3,1,8.545869827270508,24.59803009033203,8.545869827270508,24.59803009033203,8.47353744506836,24.427513122558594,0.17051547765731812,1.3469387292861938,0.0,0.0,0.0,0.0,0.0,0.0,3.5566264955377846e-07,0.038710061460733414,,,,,,,,,,,,,,,,
1784021368.340,155146000,110,2,255,0,,,,,,,,,,,,,,,,,-0.20000000298023224,0.0,3.0214285850524902,2.4571428298950195,3.0214285850524902,2.4571428298950195,-0.20000000298023224,0.0,0.0,0.0,0.0,0.0,0.0,0.0,0.0,0.0
1784021368.389,155196000,115,1,0,4,11.449689865112305,25.0,11.449689865112305,25.0,8.334134101867676,26.000320434570312,-1.0003209114074707,86.76066589355469,122.19110107421875,0.0,0.0,0.0,1.0,1.0,0.7499999403953552,-2.308703899383545,,,,,,,,,,,,,,,,
1784021368.400,155206000,116,1,1,4,10.409350395202637,25.0,10.409350395202637,25.0,7.567612648010254,26.185741424560547,-1.1857420206069946,31.144107818603516,72.41831970214844,0.0,0.0,0.0,1.0,1.0,0.8105065226554871,0.6693850755691528,,,,,,,,,,,,,,,,
1784021368.410,155216000,117,1,2,0,7.431997776031494,25.0,7.431997776031494,25.0,7.115159034729004,25.401884078979492,-0.4018843173980713,33.01698684692383,41.999412536621094,0.0,0.0,0.0,0.041241250932216644,0.7890730500221252,2.7800172830438896e-08,-0.9300245642662048,,,,,,,,,,,,,,,,
1784021368.420,155226000,118,1,3,0,8.49035358428955,25.0,8.49035358428955,25.0,8.074102401733398,25.553768157958984,-0.5537688732147217,32.657508850097656,46.29762268066406,0.0,0.0,0.0,0.1136062815785408,0.8049933314323425,1.4404438530846164e-08,0.9146654605865479,,,,,,,,,,,,,,,,
1784021368.429,155236000,119,2,255,0,,,,,,,,,,,,,,,,,-0.20000000298023224,0.0,3.0214285850524902,2.4571428298950195,3.0214285850524902,2.4571428298950195,-0.20000000298023224,0.0,0.0,0.0,0.0,0.0,0.0,0.0,0.0,0.0
1784021368.480,155286000,124,1,0,4,11.510710716247559,25.0,11.510710716247559,25.0,9.077997207641602,25.413114547729492,-0.4131138324737549,35.485198974609375,46.191375732421875,0.0,0.0,0.9936008453369141,1.0,1.0,0.4697442352771759,-0.910766065120697,,,,,,,,,,,,,,,,
1784021368.529,155296000,125,1,1,5,10.453160285949707,24.986501693725586,10.453160285949707,24.986501693725586,8.868556022644043,25.308650970458984,-0.32214969396591187,3.3789119720458984,0.0,0.0,0.0,0.0,0.0,0.0,0.3718680441379547,0.03976834565401077,,,,,,,,,,,,,,,,
1784021368.529,155306000,126,1,2,0,7.514670372009277,25.0,7.514670372009277,25.0,6.929416179656982,25.613487243652344,-0.6134867668151855,99.66880798339844,121.13033294677734,0.0,0.0,0.0,0.9772080779075623,0.9949857592582703,1.1259146948106036e-09,-2.838310480117798,,,,,,,,,,,,,,,,
1784021368.531,155316000,127,1,3,4,8.597281455993652,25.0,8.597281455993652,25.0,7.559864044189453,26.069971084594727,-1.0699719190597534,73.78265380859375,111.98051452636719,0.0,0.0,0.0,0.9999825358390808,0.9999961853027344,0.19276075065135956,2.049023151397705,,,,,,,,,,,,,,,,
1784021368.531,155326000,128,2,255,0,,,,,,,,,,,,,,,,,-0.20000000298023224,0.0,3.0214285850524902,2.4571428298950195,3.0214285850524902,2.4571428298950195,-0.20000000298023224,0.0,0.0,0.0,0.0,0.0,0.0,0.0,0.0,0.0
1784021368.566,155376000,133,1,0,1,11.387460708618164,24.331050872802734,11.387460708618164,24.331050872802734,9.953764915466309,24.624359130859375,-0.2933099865913391,-2.3665270805358887,0.0,0.0,0.0,0.0,0.0,0.0,0.019024785608053207,0.11040939390659332,,,,,,,,,,,,,,,,
1784021368.580,155386000,134,1,1,1,10.284896850585938,24.10967445373535,10.284896850585938,24.10967445373535,9.706795692443848,24.42966079711914,-0.31998753547668457,-3.176137924194336,0.0,0.0,0.0,0.0,0.0,0.0,0.015060766600072384,-0.10106721520423889,,,,,,,,,,,,,,,,
1784021368.587,155396000,135,1,2,4,7.903367519378662,25.0,7.903367519378662,25.0,6.256027698516846,25.919771194458008,-0.9197711944580078,100.44153594970703,135.02410888671875,0.0,0.0,0.0,1.0,1.0,0.3691321015357971,-2.695732593536377,,,,,,,,,,,,,,,,
1784021368.600,155406000,136,1,3,4,9.0269193649292,25.0,9.0269193649292,25.0,7.181313514709473,26.14499282836914,-1.1449933052062988,83.07931518554688,122.44110870361328,0.0,0.0,0.0,1.0,1.0,0.5352841019630432,2.22424054145813,,,,,,,,,,,,,,,,
1784021368.608,155416000,137,2,255,0,,,,,,,,,,,,,,,,,-0.20000000298023224,0.0,3.0214285850524902,2.4571428298950195,3.0214285850524902,2.4571428298950195,-0.20000000298023224,0.0,0.0,0.0,0.0,0.0,0.0,0.0,0.0,0.0
1784021368.660,155466000,142,1,0,1,10.671354293823242,23.155792236328125,10.671354293823242,23.155792236328125,10.128108978271484,23.46691131591797,-0.31111985445022583,-2.988952875137329,0.0,0.0,0.0,0.0,0.0,0.0,0.0007705091848038137,0.09923607856035233,,,,,,,,,,,,,,,,
1784021368.670,155476000,143,1,1,1,9.49633502960205,23.326866149902344,9.49633502960205,23.326866149902344,9.550930976867676,23.406633377075195,-0.07976740598678589,-2.042850971221924,0.0,0.0,0.0,0.0,0.0,0.0,0.0006099654128775001,-0.052539754658937454,,,,,,,,,,,,,,,,
1784021368.680,155486000,144,1,2,4,8.627593040466309,25.0,8.627593040466309,25.0,6.060220241546631,26.189407348632812,-1.1894077062606812,98.90753936767578,145.47486877441406,0.0,0.0,0.0,1.0,1.0,0.7002599239349365,-2.5311222076416016,,,,,,,,,,,,,,,,
1784021368.688,155496000,145,1,3,4,9.778509140014648,25.0,9.778509140014648,25.0,7.196638107299805,26.096925735473633,-1.096925139427185,90.31295013427734,128.57716369628906,0.0,0.0,0.0,1.0,1.0,0.7499999403953552,2.3755292892456055,,,,,,,,,,,,,,,,
1784021368.700,155506000,146,2,255,0,,,,,,,,,,,,,,,,,-0.20000000298023224,0.0,3.0214285850524902,2.4571428298950195,3.0214285850524902,2.4571428298950195,-0.20000000298023224,0.0,0.0,0.0,0.0,0.0,0.0,0.0,0.0,0.0
1784021368.748,155556000,151,1,0,1,9.5283203125,23.016592025756836,9.5283203125,23.016592025756836,9.442339897155762,22.906723022460938,0.10986775159835815,0.6283798813819885,0.0,0.0,0.0,0.0,0.0,0.0,3.120583642157726e-05,-0.02046782150864601,,,,,,,,,,,,,,,,
1784021368.760,155566000,152,1,1,1,8.349810600280762,23.36403465270996,8.349810600280762,23.36403465270996,8.681619644165039,23.157608032226562,0.20642578601837158,1.4815723896026611,0.0,0.0,0.0,0.0,0.0,0.0,2.4703775125090033e-05,0.06133096665143967,,,,,,,,,,,,,,,,
1784021368.765,155576000,153,1,2,4,9.467816352844238,25.0,9.467816352844238,25.0,6.271268367767334,26.467695236206055,-1.4676958322525024,91.17816162109375,148.67909240722656,0.0,0.0,0.0,1.0,1.0,0.8499999642372131,-2.2527289390563965,,,,,,,,,,,,,,,,
1784021368.780,155586000,154,1,3,4,10.611873626708984,25.0,10.611873626708984,25.0,7.635290145874023,26.044395446777344,-1.0443955659866333,91.19386291503906,127.97502899169922,0.0,0.0,0.0,1.0,1.0,0.7499999403953552,2.4029507637023926,,,,,,,,,,,,,,,,
1784021368.786,155596000,155,2,255,0,,,,,,,,,,,,,,,,,-0.20000000298023224,0.0,3.0214285850524902,2.4571428298950195,3.0214285850524902,2.4571428298950195,-0.20000000298023224,0.0,0.0,0.0,0.0,0.0,0.0,0.0,0.0,0.0
1784021368.840,155646000,160,1,0,1,8.692842483520508,24.112089157104492,8.692842483520508,24.112089157104492,8.559369087219238,23.82438850402832,0.28769969940185547,2.318380355834961,0.0,0.0,0.0,0.0,0.0,0.0,1.2638462294489727e-06,-0.06600780040025711,,,,,,,,,,,,,,,,
1784021368.847,155656000,161,1,1,1,7.584517955780029,24.32813835144043,7.584517955780029,24.32813835144043,7.737075328826904,24.203819274902344,0.12431889772415161,1.1013416051864624,0.0,0.0,0.0,0.0,0.0,0.0,1.0005099966292619e-06,0.0391094945371151,,,,,,,,,,,,,,,,
1784021368.861,155666000,162,1,2,4,10.118001937866211,25.0,10.118001937866211,25.0,6.930106163024902,26.444250106811523,-1.4442503452301025,92.24089050292969,145.539306640625,0.0,0.0,0.0,1.0,1.0,0.8499999642372131,-2.343508720397949,,,,,,,,,,,,,,,,
1784021368.869,155676000,163,1,3,4,11.226394653320312,25.0,11.226394653320312,25.0,8.160284042358398,26.02678871154785,-1.026788353919983,89.09388732910156,125.15029907226562,0.0,0.0,0.0,1.0,1.0,0.7499999403953552,2.3686859607696533,,,,,,,,,,,,,,,,
1784021368.880,155686000,164,2,255,0,,,,,,,,,,,,,,,,,-0.20000000298023224,0.0,3.0214285850524902,2.4571428298950195,3.0214285850524902,2.4571428298950195,-0.20000000298023224,0.0,0.0,0.0,0.0,0.0,0.0,0.0,0.0,0.0
1784021368.932,155736000,169,1,0,1,8.489753723144531,24.98290252685547,8.489753723144531,24.98290252685547,8.180733680725098,25.02254867553711,-0.039646029472351074,-0.26150909066200256,0.0,0.0,0.0,0.0,0.0,0.0,5.118614865295967e-08,0.022684982046484947,,,,,,,,,,,,,,,,
1784021368.941,155746000,170,1,1,1,7.431792259216309,24.99627113342285,7.431792259216309,24.99627113342285,7.347165107727051,25.325578689575195,-0.3293082118034363,-2.836507558822632,0.0,0.0,0.0,0.0,0.0,0.0,4.052095192719207e-08,-0.08769788593053818,,,,,,,,,,,,,,,,
1784021368.948,155756000,171,1,2,4,10.413610458374023,25.0,10.413610458374023,25.0,7.679809093475342,26.188140869140625,-1.188141107559204,37.902748107910156,71.8604507446289,0.0,0.0,0.0,1.0,1.0,0.8259797096252441,-0.896335244178772,,,,,,,,,,,,,,,,
1784021368.960,155766000,172,1,3,4,11.483877182006836,25.0,11.483877182006836,25.0,8.662492752075195,25.899425506591797,-0.8994251489639282,43.36393356323242,70.55489349365234,0.0,0.0,0.01458265446126461,1.0,1.0,0.7490125298500061,1.0847727060317993,,,,,,,,,,,,,,,,
1784021368.965,155776000,173,2,255,0,,,,,,,,,,,,,,,,,-0.20000000298023224,0.0,3.0214285850524902,2.4571428298950195,3.0214285850524902,2.4571428298950195,-0.20000000298023224,0.0,0.0,0.0,0.0,0.0,0.0,0.0,0.0,0.0
1784021369.020,155826000,178,1,0,0,8.523550033569336,25.0,8.523550033569336,25.0,7.689603328704834,25.616615295410156,-0.6166160106658936,34.62187576293945,49.8513298034668,0.0,0.0,0.0,0.7485518455505371,0.9446814060211182,2.0730546168579167e-09,-0.9585568904876709,,,,,,,,,,,,,,,,
1784021369.037,155836000,179,1,1,0,7.48084020614624,25.0,7.48084020614624,25.0,6.87880802154541,25.97263526916504,-0.9726345539093018,32.53395080566406,55.7219352722168,0.0,0.0,0.0,0.8548866510391235,0.9680750370025635,1.6411110248526484e-09,0.9002042412757874,,,,,,,,,,,,,,,,
1784021369.041,155846000,180,1,2,5,10.45305061340332,24.977680206298828,10.45305061340332,24.977680206298828,8.563104629516602,25.37730598449707,-0.39962679147720337,2.737192153930664,0.0,0.0,0.0,0.0,0.0,0.0,0.42477643489837646,0.0019448440289124846,,,,,,,,,,,,,,,,
1784021369.048,155856000,181,1,3,5,11.509249687194824,24.959505081176758,11.509249687194824,24.959505081176758,9.372506141662598,25.266584396362305,-0.30708014965057373,-1.985579013824463,0.0,0.0,0.0,0.0,0.0,0.0,0.22407148778438568,-0.16143280267715454,,,,,,,,,,,,,,,,
1784021369.061,155866000,182,2,255,0,,,,,,,,,,,,,,,,,-0.20000000298023224,0.0,3.0214285850524902,2.4571428298950195,3.0214285850524902,2.4571428298950195,-0.20000000298023224,0.0,0.0,0.0,0.0,0.0,0.0,0.0,0.0,0.0
1784021369.105,155916000,187,1,0,4,8.804179191589355,25.0,8.804179191589355,25.0,7.143002033233643,26.05748748779297,-1.0574877262115479,82.15180969238281,119.6102523803711,0.0,0.0,0.0,1.0,1.0,0.460766077041626,-2.2193498611450195,,,,,,,,,,,,,,,,
1784021369.120,155926000,188,1,1,0,7.800435543060303,25.0,7.800435543060303,25.0,6.640319347381592,26.011550903320312,-1.0115504264831543,95.0511474609375,125.4206771850586,0.0,0.0,0.0,1.0,1.0,6.646548589284151e-11,2.617804765701294,,,,,,,,,,,,,,,,
1784021369.126,155936000,189,1,2,1,10.270511627197266,24.121801376342773,10.270511627197266,24.121801376342773,9.400971412658691,24.33542823791504,-0.21362751722335815,-1.8525662422180176,0.0,0.0,0.0,0.0,0.0,0.0,0.017203565686941147,0.0700073391199112,,,,,,,,,,,,,,,,
1784021369.140,155946000,190,1,3,1,11.271718978881836,24.02442741394043,11.271718978881836,24.02442741394043,10.107556343078613,24.412412643432617,-0.3879860043525696,-3.98038387298584,0.0,0.0,0.0,0.0,0.0,0.0,0.009074962697923183,-0.14958004653453827,,,,,,,,,,,,,,,,
1784021369.148,155956000,191,2,255,0,,,,,,,,,,,,,,,,,-0.20000000298023224,0.0,3.0214285850524902,2.4571428298950195,3.0214285850524902,2.4571428298950195,-0.20000000298023224,0.0,0.0,0.0,0.0,0.0,0.0,0.0,0.0,0.0
1784021369.201,156006000,196,1,0,4,9.440755844116211,25.0,9.440755844116211,25.0,6.956303119659424,26.12762451171875,-1.12762451171875,88.13314819335938,128.0935821533203,0.0,0.0,0.0,1.0,1.0,0.749989926815033,-2.2990219593048096,,,,,,,,,,,,,,,,
1784021369.209,156016000,197,1,1,4,8.471389770507812,25.0,8.471389770507812,25.0,6.453278064727783,26.058786392211914,-1.0587871074676514,102.60089874267578,140.51852416992188,0.0,0.0,0.0,1.0,1.0,0.5049260258674622,2.7327041625976562,,,,,,,,,,,,,,,,
1784021369.220,156026000,198,1,2,1,9.461736679077148,23.323205947875977,9.461736679077148,23.323205947875977,9.291757583618164,23.28589630126953,0.03730952739715576,-0.7229287624359131,0.0,0.0,0.0,0.0,0.0,0.0,0.0006967491353861988,0.018902206793427467,,,,,,,,,,,,,,,,
1784021369.229,156036000,199,1,3,1,10.395466804504395,22.97747802734375,10.395466804504395,22.97747802734375,10.102583885192871,23.272275924682617,-0.2947986125946045,-2.904172658920288,0.0,0.0,0.0,0.0,0.0,0.0,0.0003675387124530971,-0.0871037021279335,,,,,,,,,,,,,,,,
1784021369.240,156046000,200,2,255,0,,,,,,,,,,,,,,,,,-0.20000000298023224,0.0,3.0214285850524902,2.4571428298950195,3.0214285850524902,2.4571428298950195,-0.20000000298023224,0.0,0.0,0.0,0.0,0.0,0.0,0.0,0.0,0.0
1784021369.288,156096000,205,1,0,4,10.278702735900879,25.0,10.278702735900879,25.0,7.232922554016113,26.125993728637695,-1.125994324684143,89.38221740722656,128.5264892578125,0.0,0.0,0.0,1.0,1.0,0.7499999403953552,-2.3140652179718018,,,,,,,,,,,,,,,,
1784021369.300,156106000,206,1,1,4,9.313738822937012,25.0,9.313738822937012,25.0,6.589797019958496,26.177921295166016,-1.1779218912124634,101.46565246582031,146.8083038330078,0.0,0.0,0.0,1.0,1.0,0.7592962384223938,2.63226056098938,,,,,,,,,,,,,,,,
1784021369.311,156116000,207,1,2,1,8.316118240356445,23.384841918945312,8.316118240356445,23.384841918945312,8.443885803222656,23.084983825683594,0.29985755681991577,2.5630383491516113,0.0,0.0,0.0,0.0,0.0,0.0,2.821854104695376e-05,-0.0877675786614418,,,,,,,,,,,,,,,,
1784021369.320,156126000,208,1,3,1,9.259645462036133,23.217334747314453,9.259645462036133,23.217334747314453,9.35567569732666,23.06670570373535,0.15062838792800903,1.4872419834136963,0.0,0.0,0.0,0.0,0.0,0.0,1.4885422388033476e-05,0.05542551726102829,,,,,,,,,,,,,,,,
1784021369.326,156136000,209,2,255,0,,,,,,,,,,,,,,,,,-0.20000000298023224,0.0,3.0214285850524902,2.4571428298950195,3.0214285850524902,2.4571428298950195,-0.20000000298023224,0.0,0.0,0.0,0.0,0.0,0.0,0.0,0.0,0.0
1784021369.380,156186000,214,1,0,4,11.013901710510254,25.0,11.013901710510254,25.0,7.833454132080078,26.04414176940918,-1.044142246246338,90.08013916015625,126.53440856933594,0.0,0.0,0.0,1.0,1.0,0.7499999403953552,-2.3695528507232666,,,,,,,,,,,,,,,,
1784021369.391,156196000,215,1,1,4,10.019867897033691,25.0,10.019867897033691,25.0,7.058743476867676,26.287498474121094,-1.2874990701675415,97.34701538085938,146.2969970703125,0.0,0.0,0.0,1.0,1.0,0.8495630025863647,2.523977041244507,,,,,,,,,,,,,,,,
1784021369.400,156206000,216,1,2,1,7.571566581726074,24.3613338470459,7.571566581726074,24.3613338470459,7.5019426345825195,24.19281005859375,0.16852319240570068,1.3513306379318237,0.0,0.0,0.0,0.0,0.0,0.0,1.1428595598772517e-06,-0.03483431041240692,,,,,,,,,,,,,,,,
1784021369.406,156216000,217,1,3,1,8.58913803100586,24.42466163635254,8.58913803100586,24.42466163635254,8.545263290405273,24.23200225830078,0.19265860319137573,1.3340176343917847,0.0,0.0,0.0,0.0,0.0,0.0,6.028643042554904e-07,0.039235714823007584,,,,,,,,,,,,,,,,
1784021369.421,156226000,218,2,255,0,,,,,,,,,,,,,,,,,-0.20000000298023224,0.0,3.0214285850524902,2.4571428298950195,3.0214285850524902,2.4571428298950195,-0.20000000298023224,0.0,0.0,0.0,0.0,0.0,0.0,0.0,0.0,0.0
1784021369.469,156276000,223,1,0,4,11.418570518493652,25.0,11.418570518493652,25.0,8.300742149353027,26.010162353515625,-1.0101616382598877,87.23182678222656,122.84723663330078,0.0,0.0,0.0,1.0,1.0,0.7499999403953552,-2.3207530975341797,,,,,,,,,,,,,,,,
1784021369.486,156286000,224,1,1,4,10.383687973022461,25.0,10.383687973022461,25.0,7.637437343597412,26.173263549804688,-1.1732637882232666,98.8787612915039,140.6416778564453,0.0,0.0,0.0,1.0,1.0,0.8038506507873535,2.644425392150879,,,,,,,,,,,,,,,,
1784021369.487,156296000,225,1,2,1,7.431785583496094,24.999692916870117,7.431785583496094,24.999692916870117,7.274941444396973,25.18988037109375,-0.1901865005493164,-0.9517539739608765,0.0,0.0,0.0,0.0,0.0,0.0,4.6286150023888695e-08,0.02239038236439228,,,,,,,,,,,,,,,,
1784021369.500,156306000,226,1,3,0,8.48935604095459,25.0,8.48935604095459,25.0,8.2481107711792,25.361698150634766,-0.36169886589050293,35.51652908325195,44.52812194824219,0.0,0.0,0.0,0.020352130755782127,0.7844774127006531,2.441618285331515e-08,1.026188850402832,,,,,,,,,,,,,,,,
1784021369.508,156316000,227,2,255,0,,,,,,,,,,,,,,,,,-0.20000000298023224,0.0,3.0214285850524902,2.4571428298950195,3.0214285850524902,2.4571428298950195,-0.20000000298023224,0.0,0.0,0.0,0.0,0.0,0.0,0.0,0.0,0.0
1784021369.561,156366000,232,1,0,4,11.510272979736328,25.0,11.510272979736328,25.0,8.970958709716797,25.50579071044922,-0.505790114402771,38.72267150878906,49.46137619018555,0.0,0.0,0.8608532547950745,1.0,1.0,0.5480390787124634,-0.9944605827331543,,,,,,,,,,,,,,,,
1784021369.581,156376000,233,1,1,4,10.453176498413086,25.0,10.453176498413086,25.0,8.656877517700195,25.511333465576172,-0.5113333463668823,58.068572998046875,69.69974517822266,0.0,0.0,0.0,1.0,1.0,0.5368086099624634,1.630622148513794,,,,,,,,,,,,,,,,
1784021369.582,156386000,234,1,2,0,7.485715866088867,25.0,7.485715866088867,25.0,7.132996559143066,25.44446563720703,-0.44446587562561035,101.88679504394531,118.0012435913086,0.0,0.0,0.0,0.8812742233276367,0.9738802909851074,1.87460269529538e-09,-2.935257911682129,,,,,,,,,,,,,,,,
1784021369.590,156396000,235,1,3,0,8.562643051147461,25.0,8.562643051147461,25.0,7.629313945770264,26.07754135131836,-1.077541708946228,70.90869140625,106.50482177734375,0.0,0.0,0.0,0.9554136991500854,0.9901909828186035,9.888625474019364e-10,1.979369044303894,,,,,,,,,,,,,,,,
1784021369.600,156406000,236,2,255,0,,,,,,,,,,,,,,,,,-0.20000000298023224,0.0,3.0214285850524902,2.4571428298950195,3.0214285850524902,2.4571428298950195,-0.20000000298023224,0.0,0.0,0.0,0.0,0.0,0.0,0.0,0.0,0.0
1784021369.649,156456000,241,1,0,1,11.437492370605469,24.502229690551758,11.437492370605469,24.502229690551758,9.842836380004883,24.77617835998535,-0.27394890785217285,-2.6916098594665527,0.0,0.0,0.0,0.0,0.0,0.0,0.032234013080596924,0.13143989443778992,,,,,,,,,,,,,,,,
1784021369.660,156466000,242,1,1,1,10.346641540527344,24.286834716796875,10.346641540527344,24.286834716796875,9.616302490234375,24.610843658447266,-0.32400935888290405,-3.164900302886963,0.0,0.0,0.0,0.0,0.0,0.0,0.025026997551321983,-0.10857803374528885,,,,,,,,,,,,,,,,
1784021369.668,156476000,243,1,2,4,7.816675186157227,25.0,7.816675186157227,25.0,6.368137836456299,25.885608673095703,-0.8856087923049927,99.24310302734375,132.68118286132812,0.0,0.0,0.0,1.0,1.0,0.29715073108673096,-2.686349391937256,,,,,,,,,,,,,,,,
1784021369.681,156486000,244,1,3,4,8.933865547180176,25.0,8.933865547180176,25.0,7.237473011016846,26.152111053466797,-1.1521100997924805,82.2789306640625,120.75580596923828,0.0,0.0,0.0,1.0,1.0,0.47518813610076904,2.2174456119537354,,,,,,,,,,,,,,,,
1784021369.691,156496000,245,2,255,0,,,,,,,,,,,,,,,,,-0.20000000298023224,0.0,3.0214285850524902,2.4571428298950195,3.0214285850524902,2.4571428298950195,-0.20000000298023224,0.0,0.0,0.0,0.0,0.0,0.0,0.0,0.0,0.0
1784021369.741,156546000,250,1,0,1,10.828885078430176,23.307588577270508,10.828885078430176,23.307588577270508,10.160507202148438,23.630237579345703,-0.32264888286590576,-3.925349712371826,0.0,0.0,0.0,0.0,0.0,0.0,0.0013054864248260856,0.13585437834262848,,,,,,,,,,,,,,,,
1784021369.750,156556000,251,1,1,1,9.662511825561523,23.403867721557617,9.662511825561523,23.403867721557617,9.628250122070312,23.557422637939453,-0.1535564661026001,-3.372945785522461,0.0,0.0,0.0,0.0,0.0,0.0,0.0010136010823771358,-0.10002297908067703,,,,,,,,,,,,,,,,
1784021369.761,156566000,252,1,2,4,8.497045516967773,25.0,8.497045516967773,25.0,6.055883884429932,26.16390609741211,-1.1639058589935303,99.318115234375,144.17459106445312,0.0,0.0,0.0,1.0,1.0,0.6550888419151306,-2.558459520339966,,,,,,,,,,,,,,,,
1784021369.768,156576000,253,1,3,4,9.64564323425293,25.0,9.64564323425293,25.0,7.184789180755615,26.096158981323242,-1.0961592197418213,90.17720031738281,128.44064331054688,0.0,0.0,0.0,1.0,1.0,0.7499942183494568,2.3797607421875,,,,,,,,,,,,,,,,
1784021369.780,156586000,254,2,255,0,,,,,,,,,,,,,,,,,-0.20000000298023224,0.0,3.0214285850524902,2.4571428298950195,3.0214285850524902,2.4571428298950195,-0.20000000298023224,0.0,0.0,0.0,0.0,0.0,0.0,0.0,0.0,0.0
1784021369.826,156636000,3,1,0,1,9.708460807800293,22.935779571533203,9.708460807800293,22.935779571533203,9.594557762145996,22.896474838256836,0.03930479288101196,0.05787387490272522,0.0,0.0,0.0,0.0,0.0,0.0,5.287259045871906e-05,-0.0010344496695324779,,,,,,,,,,,,,,,,
1784021369.847,156646000,4,1,1,1,8.524137496948242,23.27678680419922,8.524137496948242,23.27678680419922,8.841451644897461,23.103919982910156,0.17286688089370728,1.1001886129379272,0.0,0.0,0.0,0.0,0.0,0.0,4.105112748220563e-05,0.047540970146656036,,,,,,,,,,,,,,,,
1784021369.850,156656000,5,1,2,4,9.339728355407715,25.0,9.339728355407715,25.0,6.209033012390137,26.43253517150879,-1.4325350522994995,92.37281036376953,148.94171142578125,0.0,0.0,0.0,1.0,1.0,0.8499999642372131,-2.290407180786133,,,,,,,,,,,,,,,,
1784021369.863,156666000,6,1,3,4,10.487377166748047,25.0,10.487377166748047,25.0,7.605499267578125,26.037538528442383,-1.0375380516052246,92.13418579101562,128.23558044433594,0.0,0.0,0.0,1.0,1.0,0.7499999403953552,2.4375205039978027,,,,,,,,,,,,,,,,
1784021369.865,156676000,7,2,255,0,,,,,,,,,,,,,,,,,-0.20000000298023224,0.0,3.0214285850524902,2.4571428298950195,3.0214285850524902,2.4571428298950195,-0.20000000298023224,0.0,0.0,0.0,0.0,0.0,0.0,0.0,0.0,0.0
1784021369.927,156726000,12,1,0,1,8.780872344970703,23.906497955322266,8.780872344970703,23.906497955322266,8.653216361999512,23.626174926757812,0.2803236246109009,2.14450740814209,0.0,0.0,0.0,0.0,0.0,0.0,2.1413554804894375e-06,-0.061276957392692566,,,,,,,,,,,,,,,,
1784021369.927,156736000,13,1,1,1,7.659858226776123,24.15821075439453,7.659858226776123,24.15821075439453,7.835067272186279,23.997480392456055,0.16072839498519897,1.3468903303146362,0.0,0.0,0.0,0.0,0.0,0.0,1.6625824628135888e-06,0.04731953516602516,,,,,,,,,,,,,,,,
1784021369.942,156746000,14,1,2,4,10.037178039550781,25.0,10.037178039550781,25.0,6.802643775939941,26.4687442779541,-1.4687448740005493,91.78669738769531,146.18394470214844,0.0,0.0,0.0,1.0,1.0,0.8499999642372131,-2.3141019344329834,,,,,,,,,,,,,,,,
1784021369.947,156756000,15,1,3,4,11.15222454071045,25.0,11.15222454071045,25.0,8.163390159606934,26.011037826538086,-1.011037826538086,90.21003723144531,125.71227264404297,0.0,0.0,0.0,1.0,1.0,0.7499999403953552,2.408186435699463,,,,,,,,,,,,,,,,
1784021369.966,156766000,16,2,255,0,,,,,,,,,,,,,,,,,-0.20000000298023224,0.0,3.0214285850524902,2.4571428298950195,3.0214285850524902,2.4571428298950195,-0.20000000298023224,0.0,0.0,0.0,0.0,0.0,0.0,0.0,0.0,0.0
1784021370.008,156816000,21,1,0,1,8.49349594116211,24.926414489746094,8.49349594116211,24.926414489746094,8.173201560974121,24.94457244873047,-0.018158555030822754,-0.034182511270046234,0.0,0.0,0.0,0.0,0.0,0.0,8.672553519772919e-08,0.017194613814353943,,,,,,,,,,,,,,,,
1784021370.017,156826000,22,1,1,1,7.432870864868164,24.960153579711914,7.432870864868164,24.960153579711914,7.35761022567749,25.209638595581055,-0.24948567152023315,-2.1605751514434814,0.0,0.0,0.0,0.0,0.0,0.0,6.733510815593036e-08,-0.06995619088411331,,,,,,,,,,,,,,,,
1784021370.028,156836000,23,1,2,4,10.389434814453125,25.0,10.389434814453125,25.0,7.4483184814453125,26.351383209228516,-1.3513833284378052,91.96070861816406,141.5389862060547,0.0,0.0,0.0,1.0,1.0,0.84782475233078,-2.3980512619018555,,,,,,,,,,,,,,,,
1784021370.041,156846000,24,1,3,4,11.464615821838379,25.0,11.464615821838379,25.0,8.520435333251953,26.007816314697266,-1.007816195487976,36.51677703857422,70.75386047363281,0.0,0.0,0.0,1.0,1.0,0.7499999403953552,0.8495938181877136,,,,,,,,,,,,,,,,
1784021370.045,156856000,25,2,255,0,,,,,,,,,,,,,,,,,-0.20000000298023224,0.0,3.0214285850524902,2.4571428298950195,3.0214285850524902,2.4571428298950195,-0.20000000298023224,0.0,0.0,0.0,0.0,0.0,0.0,0.0,0.0,0.0
1784021370.101,156906000,30,1,0,0,8.507940292358398,25.0,8.507940292358398,25.0,7.6947340965271,25.60538101196289,-0.6053805351257324,34.136497497558594,46.98172378540039,0.0,0.0,0.0,0.5708697438240051,0.9055913090705872,3.5124079200699043e-09,-0.9458826184272766,,,,,,,,,,,,,,,,
1784021370.135,156916000,31,1,1,0,7.460716724395752,25.0,7.460716724395752,25.0,6.808435916900635,26.01168441772461,-1.011684536933899,28.008989334106445,53.26430130004883,0.0,0.0,0.0,0.6975861191749573,0.9334689378738403,2.72709121951209e-09,0.7505248188972473,,,,,,,,,,,,,,,,
1784021370.136,156926000,32,1,2,4,10.453205108642578,25.0,10.453205108642578,25.0,8.331474304199219,25.632083892822266,-0.6320834159851074,54.99742126464844,71.352294921875,0.0,0.0,0.0,1.0,1.0,0.6192485094070435,-1.4875218868255615,,,,,,,,,,,,,,,,
1784021370.137,156936000,33,1,3,5,11.510688781738281,24.997180938720703,11.510688781738281,24.997180938720703,9.229165077209473,25.369504928588867,-0.3723233938217163,-1.4276456832885742,0.0,0.0,0.0,0.0,0.0,0.0,0.33378005027770996,-0.16084860265254974,,,,,,,,,,,,,,,,
1784021370.147,156946000,34,2,255,0,,,,,,,,,,,,,,,,,-0.20000000298023224,0.0,3.0214285850524902,2.4571428298950195,3.0214285850524902,2.4571428298950195,-0.20000000298023224,0.0,0.0,0.0,0.0,0.0,0.0,0.0,0.0,0.0
1784021370.189,156996000,39,1,0,4,8.735496520996094,25.0,8.735496520996094,25.0,7.1653971672058105,26.038375854492188,-1.0383754968643188,81.537109375,118.30426025390625,0.0,0.0,0.0,1.0,1.0,0.4244810938835144,-2.2132060527801514,,,,,,,,,,,,,,,,
1784021370.200,157006000,40,1,1,0,10.0,25.0,10.0,25.0,6.955329895019531,25.880613327026367,-0.8806139230728149,30.971681594848633,47.669551849365234,0.0,0.0,0.0,1.0,1.0,0.0,0.6559433937072754,,,,,,,,,,,,,,,,
1784021370.206,157016000,41,1,2,0,10.0,25.0,10.0,25.0,9.022439956665039,24.975976943969727,0.02402365207672119,40.554168701171875,46.83324432373047,0.0,0.0,0.0,1.0,1.0,0.0,-1.1719716787338257,,,,,,,,,,,,,,,,
1784021370.224,157026000,42,1,3,0,10.0,25.0,10.0,25.0,9.358407974243164,25.21023178100586,-0.21023154258728027,26.26813316345215,50.1784782409668,0.0,0.0,0.0,1.0,1.0,0.0,0.7302058339118958,,,,,,,,,,,,,,,,
1784021370.227,157036000,43,2,255,0,,,,,,,,,,,,,,,,,-0.20000000298023224,0.0,3.0214285850524902,2.4571428298950195,3.0214285850524902,2.4571428298950195,0.0,0.0,0.0,0.0,0.0,0.0,0.0,0.0,0.0,0.0
1784021370.286,157086000,48,1,0,0,10.0,25.0,10.0,25.0,8.453812599182129,25.465709686279297,-0.46570897102355957,31.415695190429688,43.906166076660156,0.0,0.0,0.0,1.0,1.0,0.0,-0.8441578149795532,,,,,,,,,,,,,,,,
1784021370.286,157096000,49,1,1,0,10.0,25.0,10.0,25.0,8.200057029724121,25.38688850402832,-0.386887788772583,38.6940803527832,47.669551849365234,0.0,0.0,0.0,1.0,1.0,0.0,1.0449981689453125,,,,,,,,,,,,,,,,
1784021370.301,157106000,50,1,2,0,10.0,25.0,10.0,25.0,8.938078880310059,25.083600997924805,-0.08360147476196289,43.99895095825195,46.83324432373047,0.0,0.0,0.0,1.0,1.0,0.0,-1.264629602432251,,,,,,,,,,,,,,,,
1784021370.305,157116000,51,1,3,0,10.0,25.0,10.0,25.0,9.325356483459473,25.10858154296875,-0.1085817813873291,45.76498794555664,50.1784782409668,0.0,0.0,0.0,1.0,1.0,0.0,1.354473352432251,,,,,,,,,,,,,,,,
1784021370.324,157126000,52,2,255,0,,,,,,,,,,,,,,,,,-0.20000000298023224,0.0,3.0214285850524902,2.4571428298950195,3.0214285850524902,2.4571428298950195,0.0,0.0,0.0,0.0,0.0,0.0,0.0,0.0,0.0,0.0
1784021370.367,157176000,57,1,0,0,10.0,25.0,10.0,25.0,9.125775337219238,25.274002075195312,-0.2740025520324707,36.72474670410156,43.906166076660156,0.0,0.0,0.0,1.0,1.0,0.0,-1.0641988515853882,,,,,,,,,,,,,,,,
1784021370.381,157186000,58,1,1,0,10.0,25.0,10.0,25.0,8.526997566223145,25.233421325683594,-0.233420729637146,41.220428466796875,47.669551849365234,0.0,0.0,0.0,1.0,1.0,0.0,1.1446533203125,,,,,,,,,,,,,,,,
1784021370.387,157196000,59,1,2,0,10.0,25.0,10.0,25.0,8.90224838256836,25.05436897277832,-0.05436837673187256,45.13370895385742,46.83324432373047,0.0,0.0,0.0,1.0,1.0,0.0,-1.2963947057724,,,,,,,,,,,,,,,,
1784021370.401,157206000,60,1,3,0,10.0,25.0,10.0,25.0,9.28842830657959,25.246482849121094,-0.24648308753967285,41.380096435546875,50.1784782409668,0.0,0.0,0.0,1.0,1.0,0.0,1.2103004455566406,,,,,,,,,,,,,,,,
1784021370.406,157216000,61,2,255,0,,,,,,,,,,,,,,,,,-0.20000000298023224,0.0,3.0214285850524902,2.4571428298950195,3.0214285850524902,2.4571428298950195,0.0,0.0,0.0,0.0,0.0,0.0,0.0,0.0,0.0,0.0
1784021370.461,157266000,66,1,0,0,10.0,25.0,10.0,25.0,9.255928039550781,25.2370662689209,-0.23706555366516113,36.544715881347656,43.906166076660156,0.0,0.0,0.0,1.0,1.0,0.0,-1.0607253313064575,,,,,,,,,,,,,,,,
1784021370.468,157276000,67,1,1,0,10.0,25.0,10.0,25.0,8.712957382202148,25.21472930908203,-0.2147287130355835,40.87282180786133,47.669551849365234,0.0,0.0,0.0,1.0,1.0,0.0,1.1529115438461304,,,,,,,,,,,,,,,,
1784021370.481,157286000,68,1,2,0,10.0,25.0,10.0,25.0,8.764193534851074,25.0634822845459,-0.06348192691802979,45.02421188354492,46.83324432373047,0.0,0.0,0.0,1.0,1.0,0.0,-1.2802019119262695,,,,,,,,,,,,,,,,
1784021370.486,157296000,69,1,3,0,10.0,25.0,10.0,25.0,9.317148208618164,25.32356071472168,-0.32356083393096924,39.6146354675293,50.1784782409668,0.0,0.0,0.0,1.0,1.0,0.0,1.1578372716903687,,,,,,,,,,,,,,,,
1784021370.501,157306000,70,2,255,0,,,,,,,,,,,,,,,,,-0.20000000298023224,0.0,3.0214285850524902,2.4571428298950195,3.0214285850524902,2.4571428298950195,0.0,0.0,0.0,0.0,0.0,0.0,0.0,0.0,0.0,0.0
1784021370.548,157356000,75,1,0,0,10.0,25.0,10.0,25.0,9.182438850402832,25.289899826049805,-0.2898991107940674,34.43811798095703,43.906166076660156,0.0,0.0,0.0,1.0,1.0,0.0,-0.9887961149215698,,,,,,,,,,,,,,,,
1784021370.561,157366000,76,1,1,0,10.0,25.0,10.0,25.0,8.879912376403809,25.207382202148438,-0.2073824405670166,41.27360916137695,47.669551849365234,0.0,0.0,0.0,1.0,1.0,0.0,1.1761268377304077,,,,,,,,,,,,,,,,
1784021370.568,157376000,77,1,2,0,10.0,25.0,10.0,25.0,8.66422176361084,25.075267791748047,-0.07526874542236328,44.0932731628418,46.83324432373047,0.0,0.0,0.0,1.0,1.0,0.0,-1.2431131601333618,,,,,,,,,,,,,,,,
1784021370.581,157386000,78,1,3,0,10.0,25.0,10.0,25.0,9.280559539794922,25.350448608398438,-0.35044848918914795,39.473915100097656,50.1784782409668,0.0,0.0,0.0,1.0,1.0,0.0,1.1475210189819336,,,,,,,,,,,,,,,,
1784021370.588,157396000,79,2,255,0,,,,,,,,,,,,,,,,,-0.20000000298023224,0.0,3.0214285850524902,2.4571428298950195,3.0214285850524902,2.4571428298950195,0.0,0.0,0.0,0.0,0.0,0.0,0.0,0.0,0.0,0.0
1784021370.641,157446000,84,1,0,0,10.0,25.0,10.0,25.0,9.129495620727539,25.325246810913086,-0.3252476453781128,33.824249267578125,43.906166076660156,0.0,0.0,0.0,1.0,1.0,0.0,-0.9654576778411865,,,,,,,,,,,,,,,,
1784021370.661,157456000,85,1,1,0,10.0,25.0,10.0,25.0,8.857078552246094,25.240997314453125,-0.24099647998809814,39.95075225830078,47.669551849365234,0.0,0.0,0.0,1.0,1.0,0.0,1.1305564641952515,,,,,,,,,,,,,,,,
1784021370.662,157466000,86,1,2,0,10.0,25.0,10.0,25.0,8.633630752563477,25.118223190307617,-0.11822283267974854,43.00971221923828,46.83324432373047,0.0,0.0,0.0,1.0,1.0,0.0,-1.208116888999939,,,,,,,,,,,,,,,,
1784021370.669,157476000,87,1,3,0,10.0,25.0,10.0,25.0,9.180112838745117,25.383163452148438,-0.3831624984741211,38.157108306884766,50.1784782409668,0.0,0.0,0.0,1.0,1.0,0.0,1.0979094505310059,,,,,,,,,,,,,,,,
1784021370.681,157486000,88,2,255,0,,,,,,,,,,,,,,,,,-0.20000000298023224,0.0,3.0214285850524902,2.4571428298950195,3.0214285850524902,2.4571428298950195,0.0,0.0,0.0,0.0,0.0,0.0,0.0,0.0,0.0,0.0
1784021370.727,157536000,93,1,0,0,10.0,25.0,10.0,25.0,9.087189674377441,25.313573837280273,-0.31357407569885254,34.72362518310547,43.906166076660156,0.0,0.0,0.0,1.0,1.0,0.0,-0.9900654554367065,,,,,,,,,,,,,,,,
1784021370.741,157546000,94,1,1,0,10.0,25.0,10.0,25.0,8.819602012634277,25.285476684570312,-0.2854764461517334,38.5704345703125,47.669551849365234,0.0,0.0,0.0,1.0,1.0,0.0,1.0853408575057983,,,,,,,,,,,,,,,,
1784021370.745,157556000,95,1,2,0,10.0,25.0,10.0,25.0,8.608691215515137,25.13872718811035,-0.1387268304824829,42.511505126953125,46.83324432373047,0.0,0.0,0.0,1.0,1.0,0.0,-1.189432144165039,,,,,,,,,,,,,,,,
1784021370.761,157566000,96,1,3,0,10.0,25.0,10.0,25.0,9.12540340423584,25.40391731262207,-0.4039168357849121,37.81725311279297,50.1784782409668,0.0,0.0,0.0,1.0,1.0,0.0,1.084538221359253,,,,,,,,,,,,,,,,
1784021370.768,157576000,97,2,255,0,,,,,,,,,,,,,,,,,-0.20000000298023224,0.0,3.0214285850524902,2.4571428298950195,3.0214285850524902,2.4571428298950195,0.0,0.0,0.0,0.0,0.0,0.0,0.0,0.0,0.0,0.0
1784021370.826,157626000,102,1,0,0,10.0,25.0,10.0,25.0,9.048039436340332,25.301984786987305,-0.30198395252227783,34.65723419189453,43.906166076660156,0.0,0.0,0.0,1.0,1.0,0.0,-0.9853089451789856,,,,,,,,,,,,,,,,
1784021370.829,157636000,103,1,1,0,10.0,25.0,10.0,25.0,8.818731307983398,25.30760383605957,-0.30760467052459717,38.23980712890625,47.669551849365234,0.0,0.0,0.0,1.0,1.0,0.0,1.074792504310608,,,,,,,,,,,,,,,,
1784021370.841,157646000,104,1,2,0,10.0,25.0,10.0,25.0,8.5818510055542,25.15056800842285,-0.15056729316711426,42.07080841064453,46.83324432373047,0.0,0.0,0.0,1.0,1.0,0.0,-1.174320936203003,,,,,,,,,,,,,,,,
1784021370.848,157656000,105,1,3,0,10.0,25.0,10.0,25.0,9.115412712097168,25.401269912719727,-0.40127038955688477,38.03438186645508,50.1784782409668,0.0,0.0,0.0,1.0,1.0,0.0,1.090895414352417,,,,,,,,,,,,,,,,
1784021370.861,157666000,106,2,255,0,,,,,,,,,,,,,,,,,-0.20000000298023224,0.0,3.0214285850524902,2.4571428298950195,3.0214285850524902,2.4571428298950195,0.0,0.0,0.0,0.0,0.0,0.0,0.0,0.0,0.0,0.0
1784021370.906,157716000,111,1,0,0,10.0,25.0,10.0,25.0,9.05036449432373,25.303428649902344,-0.30342936515808105,34.637237548828125,43.906166076660156,0.0,0.0,0.0,1.0,1.0,0.0,-0.9856443405151367,,,,,,,,,,,,,,,,
1784021370.921,157726000,112,1,1,0,10.0,25.0,10.0,25.0,8.820191383361816,25.30478286743164,-0.3047823905944824,38.44764709472656,47.669551849365234,0.0,0.0,0.0,1.0,1.0,0.0,1.0815852880477905,,,,,,,,,,,,,,,,
1784021370.929,157736000,113,1,2,0,10.0,25.0,10.0,25.0,8.591586112976074,25.15212631225586,-0.15212595462799072,42.230220794677734,46.83324432373047,0.0,0.0,0.0,1.0,1.0,0.0,-1.1805094480514526,,,,,,,,,,,,,,,,
1784021370.941,157746000,114,1,3,0,10.0,25.0,10.0,25.0,9.117340087890625,25.39263916015625,-0.3926396369934082,38.59064865112305,50.1784782409668,0.0,0.0,0.0,1.0,1.0,0.0,1.1090461015701294,,,,,,,,,,,,,,,,
1784021370.951,157756000,115,2,255,0,,,,,,,,,,,,,,,,,-0.20000000298023224,0.0,3.0214285850524902,2.4571428298950195,3.0214285850524902,2.4571428298950195,0.0,0.0,0.0,0.0,0.0,0.0,0.0,0.0,0.0,0.0
1784021371.006,157806000,120,1,0,0,10.0,25.0,10.0,25.0,9.05341625213623,25.2985897064209,-0.29858946800231934,34.836448669433594,43.906166076660156,0.0,0.0,0.0,1.0,1.0,0.0,-0.9917575120925903,,,,,,,,,,,,,,,,
1784021371.007,157816000,121,1,1,0,10.0,25.0,10.0,25.0,8.819486618041992,25.306358337402344,-0.3063589334487915,38.36844253540039,47.669551849365234,0.0,0.0,0.0,1.0,1.0,0.0,1.07875394821167,,,,,,,,,,,,,,,,
1784021371.026,157826000,122,1,2,0,10.0,25.0,10.0,25.0,8.591567993164062,25.149763107299805,-0.14976263046264648,42.387603759765625,46.83324432373047,0.0,0.0,0.0,1.0,1.0,0.0,-1.185866355895996,,,,,,,,,,,,,,,,
1784021371.027,157836000,123,1,3,0,10.0,25.0,10.0,25.0,9.116551399230957,25.396602630615234,-0.3966033458709717,38.191444396972656,50.1784782409668,0.0,0.0,0.0,1.0,1.0,0.0,1.0971156358718872,,,,,,,,,,,,,,,,
1784021371.041,157846000,124,2,255,0,,,,,,,,,,,,,,,,,-0.20000000298023224,0.0,3.0214285850524902,2.4571428298950195,3.0214285850524902,2.4571428298950195,0.0,0.0,0.0,0.0,0.0,0.0,0.0,0.0,0.0,0.0
1784021371.088,157896000,129,1,0,0,10.0,25.0,10.0,25.0,9.051239013671875,25.29803466796875,-0.2980351448059082,34.812042236328125,43.906166076660156,0.0,0.0,0.0,1.0,1.0,0.0,-0.9910761117935181,,,,,,,,,,,,,,,,
1784021371.101,157906000,130,1,1,0,10.0,25.0,10.0,25.0,8.819355964660645,25.30640411376953,-0.30640363693237305,38.335784912109375,47.669551849365234,0.0,0.0,0.0,1.0,1.0,0.0,1.0778731107711792,,,,,,,,,,,,,,,,
1784021371.112,157916000,131,1,2,0,10.0,25.0,10.0,25.0,8.590246200561523,25.15120506286621,-0.15120506286621094,42.23015213012695,46.83324432373047,0.0,0.0,0.0,1.0,1.0,0.0,-1.1801751852035522,,,,,,,,,,,,,,,,
1784021371.121,157926000,132,1,3,0,10.0,25.0,10.0,25.0,9.117205619812012,25.39411163330078,-0.39411187171936035,38.313682556152344,50.1784782409668,0.0,0.0,0.0,1.0,1.0,0.0,1.1000639200210571,,,,,,,,,,,,,,,,
1784021371.126,157936000,133,2,255,0,,,,,,,,,,,,,,,,,-0.20000000298023224,0.0,3.0214285850524902,2.4571428298950195,3.0214285850524902,2.4571428298950195,0.0,0.0,0.0,0.0,0.0,0.0,0.0,0.0,0.0,0.0
1784021371.185,157986000,138,1,0,0,10.0,25.0,10.0,25.0,9.051459312438965,25.300195693969727,-0.3001958131790161,34.72568893432617,43.906166076660156,0.0,0.0,0.0,1.0,1.0,0.0,-0.9881075620651245,,,,,,,,,,,,,,,,
1784021371.198,157996000,139,1,1,0,10.0,25.0,10.0,25.0,8.821529388427734,25.30474090576172,-0.30474066734313965,38.377830505371094,47.669551849365234,0.0,0.0,0.0,1.0,1.0,0.0,1.0793603658676147,,,,,,,,,,,,,,,,
1784021371.209,158006000,140,1,2,0,10.0,25.0,10.0,25.0,8.591896057128906,25.151506423950195,-0.15150606632232666,42.166656494140625,46.83324432373047,0.0,0.0,0.0,1.0,1.0,0.0,-1.178756594657898,,,,,,,,,,,,,,,,
1784021371.209,158016000,141,1,3,0,10.0,25.0,10.0,25.0,9.117464065551758,25.39250946044922,-0.39250850677490234,38.346256256103516,50.1784782409668,0.0,0.0,0.0,1.0,1.0,0.0,1.1009997129440308,,,,,,,,,,,,,,,,
1784021371.223,158026000,142,2,255,0,,,,,,,,,,,,,,,,,-0.20000000298023224,0.0,3.0214285850524902,2.4571428298950195,3.0214285850524902,2.4571428298950195,0.0,0.0,0.0,0.0,0.0,0.0,0.0,0.0,0.0,0.0
1784021371.265,158076000,147,1,0,0,10.0,25.0,10.0,25.0,9.05123519897461,25.297948837280273,-0.2979487180709839,34.78049087524414,43.906166076660156,0.0,0.0,0.0,1.0,1.0,0.0,-0.9898079037666321,,,,,,,,,,,,,,,,
1784021371.282,158086000,148,1,1,0,10.0,25.0,10.0,25.0,8.820204734802246,25.306106567382812,-0.3061056137084961,38.2931022644043,47.669551849365234,0.0,0.0,0.0,1.0,1.0,0.0,1.0764682292938232,,,,,,,,,,,,,,,,
1784021371.285,158096000,149,1,2,0,10.0,25.0,10.0,25.0,8.590255737304688,25.15116310119629,-0.15116333961486816,42.235958099365234,46.83324432373047,0.0,0.0,0.0,1.0,1.0,0.0,-1.180414080619812,,,,,,,,,,,,,,,,
1784021371.291,158106000,150,1,3,0,10.0,25.0,10.0,25.0,9.115185737609863,25.395727157592773,-0.39572715759277344,38.09834671020508,50.1784782409668,0.0,0.0,0.0,1.0,1.0,0.0,1.0929839611053467,,,,,,,,,,,,,,,,
1784021371.305,158116000,151,2,255,0,,,,,,,,,,,,,,,,,-0.20000000298023224,0.0,3.0214285850524902,2.4571428298950195,3.0214285850524902,2.4571428298950195,0.0,0.0,0.0,0.0,0.0,0.0,0.0,0.0,0.0,0.0
1784021371.362,158166000,156,1,0,0,10.0,25.0,10.0,25.0,9.0536470413208,25.297134399414062,-0.2971351146697998,34.918270111083984,43.906166076660156,0.0,0.0,0.0,1.0,1.0,0.0,-0.9947344660758972,,,,,,,,,,,,,,,,
1784021371.369,158176000,157,1,1,0,10.0,25.0,10.0,25.0,8.820168495178223,25.30615234375,-0.3061532974243164,38.29456329345703,47.669551849365234,0.0,0.0,0.0,1.0,1.0,0.0,1.0765961408615112,,,,,,,,,,,,,,,,
1784021371.381,158186000,158,1,2,0,10.0,25.0,10.0,25.0,8.59404468536377,25.1499080657959,-0.1499086618423462,42.37794494628906,46.83324432373047,0.0,0.0,0.0,1.0,1.0,0.0,-1.1851271390914917,,,,,,,,,,,,,,,,
1784021371.386,158196000,159,1,3,0,10.0,25.0,10.0,25.0,9.117558479309082,25.393545150756836,-0.39354562759399414,38.966064453125,50.1784782409668,0.0,0.0,0.0,1.0,1.0,0.0,1.1207664012908936,,,,,,,,,,,,,,,,
1784021371.405,158206000,160,2,255,0,,,,,,,,,,,,,,,,,-0.20000000298023224,0.0,3.0214285850524902,2.4571428298950195,3.0214285850524902,2.4571428298950195,0.0,0.0,0.0,0.0,0.0,0.0,0.0,0.0,0.0,0.0
1784021371.446,158256000,165,1,0,0,10.0,25.0,10.0,25.0,9.05186653137207,25.29828643798828,-0.29828548431396484,34.76758575439453,43.906166076660156,0.0,0.0,0.0,1.0,1.0,0.0,-0.9892740249633789,,,,,,,,,,,,,,,,
1784021371.461,158266000,166,1,1,0,10.0,25.0,10.0,25.0,8.82120418548584,25.305370330810547,-0.30536949634552,38.37468338012695,47.669551849365234,0.0,0.0,0.0,1.0,1.0,0.0,1.0792025327682495,,,,,,,,,,,,,,,,
1784021371.469,158276000,167,1,2,0,10.0,25.0,10.0,25.0,8.589369773864746,25.15287971496582,-0.15287995338439941,42.0794563293457,46.83324432373047,0.0,0.0,0.0,1.0,1.0,0.0,-1.1752077341079712,,,,,,,,,,,,,,,,
1784021371.482,158286000,168,1,3,0,10.0,25.0,10.0,25.0,9.116933822631836,25.392311096191406,-0.39231181144714355,38.28526306152344,50.1784782409668,0.0,0.0,0.0,1.0,1.0,0.0,1.0989415645599365,,,,,,,,,,,,,,,,
1784021371.488,158296000,169,2,255,0,,,,,,,,,,,,,,,,,-0.20000000298023224,0.0,3.0214285850524902,2.4571428298950195,3.0214285850524902,2.4571428298950195,0.0,0.0,0.0,0.0,0.0,0.0,0.0,0.0,0.0,0.0
1784021371.549,158346000,174,1,0,0,10.0,25.0,10.0,25.0,9.05031681060791,25.299739837646484,-0.2997398376464844,34.75996780395508,43.906166076660156,0.0,0.0,0.0,1.0,1.0,0.0,-0.9895029067993164,,,,,,,,,,,,,,,,
1784021371.549,158356000,175,1,1,0,10.0,25.0,10.0,25.0,8.82113265991211,25.305397033691406,-0.30539631843566895,38.32687759399414,47.669551849365234,0.0,0.0,0.0,1.0,1.0,0.0,1.0777710676193237,,,,,,,,,,,,,,,,
1784021371.561,158366000,176,1,2,0,10.0,25.0,10.0,25.0,8.589630126953125,25.152271270751953,-0.15227198600769043,42.03462600708008,46.83324432373047,0.0,0.0,0.0,1.0,1.0,0.0,-1.174028992652893,,,,,,,,,,,,,,,,
1784021371.566,158376000,177,1,3,0,10.0,25.0,10.0,25.0,9.117169380187988,25.393083572387695,-0.39308369159698486,37.97897720336914,50.1784782409668,0.0,0.0,0.0,1.0,1.0,0.0,1.088824987411499,,,,,,,,,,,,,,,,
1784021371.581,158386000,178,2,255,0,,,,,,,,,,,,,,,,,-0.20000000298023224,0.0,3.0214285850524902,2.4571428298950195,3.0214285850524902,2.4571428298950195,0.0,0.0,0.0,0.0,0.0,0.0,0.0,0.0,0.0,0.0
1784021371.629,158436000,183,1,0,0,10.0,25.0,10.0,25.0,9.054795265197754,25.297101974487305,-0.29710233211517334,34.82807540893555,43.906166076660156,0.0,0.0,0.0,1.0,1.0,0.0,-0.9919695258140564,,,,,,,,,,,,,,,,
1784021371.641,158446000,184,1,1,0,10.0,25.0,10.0,25.0,8.82104206085205,25.305801391601562,-0.3058016300201416,38.31874465942383,47.669551849365234,0.0,0.0,0.0,1.0,1.0,0.0,1.0774768590927124,,,,,,,,,,,,,,,,
1784021371.645,158456000,185,1,2,0,10.0,25.0,10.0,25.0,8.593565940856934,25.149641036987305,-0.14964044094085693,42.2874870300293,46.83324432373047,0.0,0.0,0.0,1.0,1.0,0.0,-1.182239294052124,,,,,,,,,,,,,,,,
1784021371.661,158466000,186,1,3,0,10.0,25.0,10.0,25.0,9.116083145141602,25.395307540893555,-0.39530694484710693,37.979915618896484,50.1784782409668,0.0,0.0,0.0,1.0,1.0,0.0,1.0892006158828735,,,,,,,,,,,,,,,,
1784021371.671,158476000,187,2,255,0,,,,,,,,,,,,,,,,,-0.20000000298023224,0.0,3.0214285850524902,2.4571428298950195,3.0214285850524902,2.4571428298950195,0.0,0.0,0.0,0.0,0.0,0.0,0.0,0.0,0.0,0.0
1784021371.722,158526000,192,1,0,0,10.0,25.0,10.0,25.0,9.050930976867676,25.298532485961914,-0.2985328435897827,34.78299331665039,43.906166076660156,0.0,0.0,0.0,1.0,1.0,0.0,-0.9901244044303894,,,,,,,,,,,,,,,,
1784021371.738,158536000,193,1,1,0,10.0,25.0,10.0,25.0,8.821165084838867,25.305343627929688,-0.3053426742553711,38.38917541503906,47.669551849365234,0.0,0.0,0.0,1.0,1.0,0.0,1.0796875953674316,,,,,,,,,,,,,,,,
1784021371.744,158546000,194,1,2,0,10.0,25.0,10.0,25.0,8.58928108215332,25.151968002319336,-0.15196800231933594,42.193382263183594,46.83324432373047,0.0,0.0,0.0,1.0,1.0,0.0,-1.178831696510315,,,,,,,,,,,,,,,,
1784021371.749,158556000,195,1,3,0,10.0,25.0,10.0,25.0,9.116790771484375,25.393686294555664,-0.3936856985092163,38.146636962890625,50.1784782409668,0.0,0.0,0.0,1.0,1.0,0.0,1.0947062969207764,,,,,,,,,,,,,,,,
1784021371.765,158566000,196,2,255,0,,,,,,,,,,,,,,,,,-0.20000000298023224,0.0,3.0214285850524902,2.4571428298950195,3.0214285850524902,2.4571428298950195,0.0,0.0,0.0,0.0,0.0,0.0,0.0,0.0,0.0,0.0
1784021371.801,158616000,201,1,0,0,10.0,25.0,10.0,25.0,9.052183151245117,25.29865264892578,-0.2986520528793335,35.170875549316406,43.906166076660156,0.0,0.0,0.0,1.0,1.0,0.0,-1.0024856328964233,,,,,,,,,,,,,,,,
1784021371.821,158626000,202,1,1,0,10.0,25.0,10.0,25.0,8.821168899536133,25.305339813232422,-0.3053396940231323,38.33122253417969,47.669551849365234,0.0,0.0,0.0,1.0,1.0,0.0,1.0780075788497925,,,,,,,,,,,,,,,,
1784021371.829,158636000,203,1,2,0,10.0,25.0,10.0,25.0,8.593619346618652,25.150489807128906,-0.15048980712890625,42.32151794433594,46.83324432373047,0.0,0.0,0.0,1.0,1.0,0.0,-1.1835588216781616,,,,,,,,,,,,,,,,
1784021371.841,158646000,204,1,3,0,10.0,25.0,10.0,25.0,9.117111206054688,25.39319610595703,-0.3931969404220581,38.259544372558594,50.1784782409668,0.0,0.0,0.0,1.0,1.0,0.0,1.0983362197875977,,,,,,,,,,,,,,,,
1784021371.851,158656000,205,2,255,0,,,,,,,,,,,,,,,,,-0.20000000298023224,0.0,3.0214285850524902,2.4571428298950195,3.0214285850524902,2.4571428298950195,0.0,0.0,0.0,0.0,0.0,0.0,0.0,0.0,0.0,0.0
1784021371.901,158706000,210,1,0,0,10.0,25.0,10.0,25.0,9.051446914672852,25.297874450683594,-0.29787421226501465,34.778953552246094,43.906166076660156,0.0,0.0,0.0,1.0,1.0,0.0,-0.9898350834846497,,,,,,,,,,,,,,,,
1784021371.911,158716000,211,1,1,0,10.0,25.0,10.0,25.0,8.820160865783691,25.306167602539062,-0.30616819858551025,38.33057403564453,47.669551849365234,0.0,0.0,0.0,1.0,1.0,0.0,1.077811360359192,,,,,,,,,,,,,,,,
1784021371.921,158726000,212,1,2,0,10.0,25.0,10.0,25.0,8.590754508972168,25.15142059326172,-0.15141963958740234,42.422882080078125,46.83324432373047,0.0,0.0,0.0,1.0,1.0,0.0,-1.186072587966919,,,,,,,,,,,,,,,,
1784021371.932,158736000,213,1,3,0,10.0,25.0,10.0,25.0,9.11656379699707,25.39425277709961,-0.3942519426345825,38.507896423339844,50.1784782409668,0.0,0.0,0.0,1.0,1.0,0.0,1.1066571474075317,,,,,,,,,,,,,,,,
1784021371.941,158746000,214,2,255,0,,,,,,,,,,,,,,,,,-0.20000000298023224,0.0,3.0214285850524902,2.4571428298950195,3.0214285850524902,2.4571428298950195,0.0,0.0,0.0,0.0,0.0,0.0,0.0,0.0,0.0,0.0
1784021371.985,158796000,219,1,0,0,10.0,25.0,10.0,25.0,9.04960823059082,25.299999237060547,-0.2999991178512573,34.76659393310547,43.906166076660156,0.0,0.0,0.0,1.0,1.0,0.0,-0.9895371794700623,,,,,,,,,,,,,,,,
1784021372.001,158806000,220,1,1,0,10.0,25.0,10.0,25.0,8.820440292358398,25.305635452270508,-0.3056347370147705,38.407772064208984,47.669551849365234,0.0,0.0,0.0,1.0,1.0,0.0,1.0802401304244995,,,,,,,,,,,,,,,,
1784021372.006,158816000,221,1,2,0,10.0,25.0,10.0,25.0,8.58983039855957,25.15187644958496,-0.15187561511993408,42.31954574584961,46.83324432373047,0.0,0.0,0.0,1.0,1.0,0.0,-1.1835895776748657,,,,,,,,,,,,,,,,
1784021372.021,158826000,222,1,3,0,10.0,25.0,10.0,25.0,9.117287635803223,25.391632080078125,-0.3916323184967041,38.761253356933594,50.1784782409668,0.0,0.0,0.0,1.0,1.0,0.0,1.1149572134017944,,,,,,,,,,,,,,,,
1784021372.029,158836000,223,2,255,0,,,,,,,,,,,,,,,,,-0.20000000298023224,0.0,3.0214285850524902,2.4571428298950195,3.0214285850524902,2.4571428298950195,0.0,0.0,0.0,0.0,0.0,0.0,0.0,0.0,0.0,0.0
1784021372.082,158886000,228,1,0,0,10.0,25.0,10.0,25.0,9.052542686462402,25.29796028137207,-0.29796063899993896,34.879024505615234,43.906166076660156,0.0,0.0,0.0,1.0,1.0,0.0,-0.9931338429450989,,,,,,,,,,,,,,,,
1784021372.089,158896000,229,1,1,0,10.0,25.0,10.0,25.0,8.820178031921387,25.306150436401367,-0.30615031719207764,38.30610656738281,47.669551849365234,0.0,0.0,0.0,1.0,1.0,0.0,1.0770090818405151,,,,,,,,,,,,,,,,
1784021372.101,158906000,230,1,2,0,10.0,25.0,10.0,25.0,8.591955184936523,25.151521682739258,-0.1515209674835205,41.948856353759766,46.83324432373047,0.0,0.0,0.0,1.0,1.0,0.0,-1.1710667610168457,,,,,,,,,,,,,,,,
1784021372.105,158916000,231,1,3,0,10.0,25.0,10.0,25.0,9.117371559143066,25.392580032348633,-0.3925800323486328,38.39816665649414,50.1784782409668,0.0,0.0,0.0,1.0,1.0,0.0,1.1029274463653564,,,,,,,,,,,,,,,,
1784021372.122,158926000,232,2,255,0,,,,,,,,,,,,,,,,,-0.20000000298023224,0.0,3.0214285850524902,2.4571428298950195,3.0214285850524902,2.4571428298950195,0.0,0.0,0.0,0.0,0.0,0.0,0.0,0.0,0.0,0.0
1784021372.166,158976000,237,1,0,0,10.0,25.0,10.0,25.0,9.050548553466797,25.29819107055664,-0.2981901168823242,34.77751541137695,43.906166076660156,0.0,0.0,0.0,1.0,1.0,0.0,-0.9898142218589783,,,,,,,,,,,,,,,,
1784021372.182,158986000,238,1,1,0,10.0,25.0,10.0,25.0,8.820859909057617,25.30592155456543,-0.3059208393096924,38.33966827392578,47.669551849365234,0.0,0.0,0.0,1.0,1.0,0.0,1.0781866312026978,,,,,,,,,,,,,,,,
1784021372.189,158996000,239,1,2,0,10.0,25.0,10.0,25.0,8.5899019241333,25.151750564575195,-0.15175044536590576,42.15223693847656,46.83324432373047,0.0,0.0,0.0,1.0,1.0,0.0,-1.1777390241622925,,,,,,,,,,,,,,,,
1784021372.201,159006000,240,1,3,0,10.0,25.0,10.0,25.0,9.116076469421387,25.393999099731445,-0.3939986228942871,38.21467590332031,50.1784782409668,0.0,0.0,0.0,1.0,1.0,0.0,1.0967376232147217,,,,,,,,,,,,,,,,
1784021372.210,159016000,241,2,255,0,,,,,,,,,,,,,,,,,-0.20000000298023224,0.0,3.0214285850524902,2.4571428298950195,3.0214285850524902,2.4571428298950195,0.0,0.0,0.0,0.0,0.0,0.0,0.0,0.0,0.0,0.0
1784021372.261,159066000,246,1,0,0,10.0,25.0,10.0,25.0,9.05160903930664,25.298768997192383,-0.2987682819366455,34.818023681640625,43.906166076660156,0.0,0.0,0.0,1.0,1.0,0.0,-0.9912347793579102,,,,,,,,,,,,,,,,
1784021372.311,159076000,247,1,1,0,10.0,25.0,10.0,25.0,8.820836067199707,25.304988861083984,-0.3049880266189575,38.395477294921875,47.669551849365234,0.0,0.0,0.0,1.0,1.0,0.0,1.079743504524231,,,,,,,,,,,,,,,,
1784021372.312,159086000,248,1,2,0,10.0,25.0,10.0,25.0,8.591136932373047,25.151809692382812,-0.15181005001068115,42.16856384277344,46.83324432373047,0.0,0.0,0.0,1.0,1.0,0.0,-1.178108811378479,,,,,,,,,,,,,,,,
1784021372.317,159096000,249,1,3,0,10.0,25.0,10.0,25.0,9.117734909057617,25.391971588134766,-0.39197206497192383,38.27941131591797,50.1784782409668,0.0,0.0,0.0,1.0,1.0,0.0,1.0989593267440796,,,,,,,,,,,,,,,,
1784021372.318,159106000,250,2,255,0,,,,,,,,,,,,,,,,,-0.20000000298023224,0.0,3.0214285850524902,2.4571428298950195,3.0214285850524902,2.4571428298950195,0.0,0.0,0.0,0.0,0.0,0.0,0.0,0.0,0.0,0.0
1784021372.345,159156000,255,1,0,0,10.0,25.0,10.0,25.0,9.051580429077148,25.297393798828125,-0.29739439487457275,34.83820343017578,43.906166076660156,0.0,0.0,0.0,1.0,1.0,0.0,-0.9916692972183228,,,,,,,,,,,,,,,,
1784021372.363,159166000,0,1,1,0,10.0,25.0,10.0,25.0,8.820268630981445,25.306081771850586,-0.30608177185058594,38.29667282104492,47.669551849365234,0.0,0.0,0.0,1.0,1.0,0.0,1.0766444206237793,,,,,,,,,,,,,,,,
1784021372.365,159176000,1,1,2,0,10.0,25.0,10.0,25.0,8.592153549194336,25.150043487548828,-0.15004277229309082,42.3301887512207,46.83324432373047,0.0,0.0,0.0,1.0,1.0,0.0,-1.1828908920288086,,,,,,,,,,,,,,,,
1784021372.386,159186000,2,1,3,0,10.0,25.0,10.0,25.0,9.114757537841797,25.39535140991211,-0.3953516483306885,37.52454376220703,50.1784782409668,0.0,0.0,0.0,1.0,1.0,0.0,1.0742511749267578,,,,,,,,,,,,,,,,
1784021372.386,159196000,3,2,255,0,,,,,,,,,,,,,,,,,-0.20000000298023224,0.0,3.0214285850524902,2.4571428298950195,3.0214285850524902,2.4571428298950195,0.0,0.0,0.0,0.0,0.0,0.0,0.0,0.0,0.0,0.0
1784021372.442,159246000,8,1,0,0,10.0,25.0,10.0,25.0,9.050312042236328,25.29875946044922,-0.2987593412399292,34.78887939453125,43.906166076660156,0.0,0.0,0.0,1.0,1.0,0.0,-0.9902174472808838,,,,,,,,,,,,,,,,
1784021372.446,159256000,9,1,1,0,10.0,25.0,10.0,25.0,8.820958137512207,25.30583953857422,-0.3058403730392456,38.441505432128906,47.669551849365234,0.0,0.0,0.0,1.0,1.0,0.0,1.0813937187194824,,,,,,,,,,,,,,,,
1784021372.464,159266000,10,1,2,0,10.0,25.0,10.0,25.0,8.590657234191895,25.15150260925293,-0.1515030860900879,42.385807037353516,46.83324432373047,0.0,0.0,0.0,1.0,1.0,0.0,-1.185075044631958,,,,,,,,,,,,,,,,
1784021372.465,159276000,11,1,3,0,10.0,25.0,10.0,25.0,9.117059707641602,25.393169403076172,-0.3931701183319092,38.45610809326172,50.1784782409668,0.0,0.0,0.0,1.0,1.0,0.0,1.1048725843429565,,,,,,,,,,,,,,,,
1784021372.482,159286000,12,2,255,0,,,,,,,,,,,,,,,,,-0.20000000298023224,0.0,3.0214285850524902,2.4571428298950195,3.0214285850524902,2.4571428298950195,0.0,0.0,0.0,0.0,0.0,0.0,0.0,0.0,0.0,0.0
1784021372.529,159336000,17,1,0,0,10.0,25.0,10.0,25.0,9.053391456604004,25.298601150512695,-0.2986013889312744,34.85845184326172,43.906166076660156,0.0,0.0,0.0,1.0,1.0,0.0,-0.9927645921707153,,,,,,,,,,,,,,,,
1784021372.545,159346000,18,1,1,0,10.0,25.0,10.0,25.0,8.821331024169922,25.305240631103516,-0.30524134635925293,38.29602813720703,47.669551849365234,0.0,0.0,0.0,1.0,1.0,0.0,1.076769232749939,,,,,,,,,,,,,,,,
1784021372.547,159356000,19,1,2,0,10.0,25.0,10.0,25.0,8.592026710510254,25.151506423950195,-0.15150606632232666,42.23161697387695,46.83324432373047,0.0,0.0,0.0,1.0,1.0,0.0,-1.180316686630249,,,,,,,,,,,,,,,,
1784021372.561,159366000,20,1,3,0,10.0,25.0,10.0,25.0,9.108304977416992,25.401792526245117,-0.40179193019866943,42.90315628051758,55.75386428833008,0.0,0.0,0.0,0.0,0.7799999713897705,0.0,1.2359535694122314,,,,,,,,,,,,,,,,
1784021372.568,159376000,21,2,255,0,,,,,,,,,,,,,,,,,0.20000000298023224,0.0,3.0214285850524902,2.4571428298950195,3.0214285850524902,2.4571428298950195,0.20000000298023224,0.0,0.0,0.0,0.0,0.0,0.0,0.0,0.0,0.0
1784021372.623,159426000,26,1,0,0,10.0,25.0,10.0,25.0,9.018890380859375,25.367107391357422,-0.36710798740386963,36.75029754638672,48.78462600708008,0.0,0.0,0.0,0.0,0.7799999713897705,0.0,-1.044108510017395,,,,,,,,,,,,,,,,
1784021372.626,159436000,27,1,1,4,10.0,25.0,10.0,25.0,8.765983581542969,25.377666473388672,-0.3776669502258301,45.05093002319336,58.448997497558594,0.0,0.0,0.0,0.0,0.7799999713897705,0.2928861975669861,1.266205906867981,,,,,,,,,,,,,,,,
1784021372.641,159446000,28,1,2,4,10.0,25.0,10.0,25.0,8.525386810302734,25.257036209106445,-0.25703608989715576,49.614681243896484,59.33083724975586,0.0,0.0,0.0,0.0,0.7799999713897705,0.3896314799785614,-1.3831678628921509,,,,,,,,,,,,,,,,
1784021372.646,159456000,29,1,3,0,10.0,25.0,10.0,25.0,9.065312385559082,25.47287940979004,-0.47287940979003906,40.80583953857422,55.75386428833008,0.0,0.0,0.0,0.0,0.7799999713897705,0.0,1.1669118404388428,,,,,,,,,,,,,,,,
1784021372.664,159466000,30,2,255,0,,,,,,,,,,,,,,,,,0.20000000298023224,0.0,3.0214285850524902,2.4571428298950195,3.0214285850524902,2.4571428298950195,0.20000000298023224,0.0,0.0,0.0,0.0,0.0,0.0,0.0,0.0,0.0
1784021372.706,159516000,35,1,0,0,10.0,25.0,10.0,25.0,8.980326652526855,25.40774917602539,-0.4077494144439697,36.18669509887695,48.78462600708008,0.0,0.0,0.0,0.0,0.7799999713897705,0.0,-1.0237417221069336,,,,,,,,,,,,,,,,
1784021372.724,159526000,36,1,1,4,10.0,25.0,10.0,25.0,8.698458671569824,25.445953369140625,-0.44595301151275635,43.60970687866211,58.95351791381836,0.0,0.0,0.0,0.0,0.7799999713897705,0.31983715295791626,1.2127515077590942,,,,,,,,,,,,,,,,
1784021372.726,159536000,37,1,2,4,10.0,25.0,10.0,25.0,8.46163558959961,25.351364135742188,-0.3513634204864502,47.119873046875,59.79936599731445,0.0,0.0,0.0,0.0,0.7799999713897705,0.4146595597267151,-1.2969129085540771,,,,,,,,,,,,,,,,
1784021372.745,159546000,38,1,3,0,10.0,25.0,10.0,25.0,9.1000337600708,25.45075035095215,-0.4507511854171753,42.38936996459961,55.75386428833008,0.0,0.0,0.0,0.0,0.7799999713897705,0.0,1.2203490734100342,,,,,,,,,,,,,,,,
1784021372.746,159556000,39,2,255,0,,,,,,,,,,,,,,,,,0.20000000298023224,0.0,3.0214285850524902,2.4571428298950195,3.0214285850524902,2.4571428298950195,0.20000000298023224,0.0,0.0,0.0,0.0,0.0,0.0,0.0,0.0,0.0
1784021372.806,159606000,44,1,0,0,10.0,25.0,10.0,25.0,9.112456321716309,25.34090232849121,-0.34090280532836914,35.834747314453125,38.052005767822266,0.0,0.0,0.0,0.0,0.7799999713897705,0.0,-1.0441287755966187,,,,,,,,,,,,,,,,
1784021372.828,159616000,45,1,1,4,10.0,25.0,10.0,25.0,8.529411315917969,25.506738662719727,-0.5067378282546997,43.968528747558594,48.55445098876953,0.0,0.0,0.0,0.0,0.7799999713897705,0.3867970407009125,1.2251355648040771,,,,,,,,,,,,,,,,
1784021372.829,159626000,46,1,2,4,10.0,25.0,10.0,25.0,8.300466537475586,25.422060012817383,-0.422060489654541,45.548824310302734,49.54186248779297,0.0,0.0,0.0,0.0,0.7799999713897705,0.4782613217830658,-1.2547956705093384,,,,,,,,,,,,,,,,
1784021372.830,159636000,47,1,3,0,10.0,25.0,10.0,25.0,9.211652755737305,25.366056442260742,-0.366055965423584,41.0174674987793,43.48801040649414,0.0,0.0,0.0,0.0,0.7799999713897705,0.0,1.2070542573928833,,,,,,,,,,,,,,,,
1784021372.845,159646000,48,2,255,0,,,,,,,,,,,,,,,,,0.20000000298023224,0.0,3.0214285850524902,2.4571428298950195,3.0214285850524902,2.4571428298950195,0.20000000298023224,0.0,0.0,0.0,0.0,0.0,0.0,0.0,0.0,0.0
1784021372.887,159696000,53,1,0,0,10.0,25.0,10.0,25.0,9.267876625061035,25.247514724731445,-0.2475142478942871,36.652530670166016,38.052005767822266,0.0,0.0,0.0,0.0,0.7799999713897705,0.0,-1.0835766792297363,,,,,,,,,,,,,,,,
1784021372.907,159706000,54,1,1,4,10.0,25.0,10.0,25.0,8.258886337280273,25.63304328918457,-0.6330430507659912,44.27421188354492,50.56710433959961,0.0,0.0,0.0,0.0,0.7799999713897705,0.4943106174468994,1.200901985168457,,,,,,,,,,,,,,,,
1784021372.908,159716000,55,1,2,4,10.0,25.0,10.0,25.0,8.049921989440918,25.549272537231445,-0.5492717027664185,45.657379150390625,51.399967193603516,0.0,0.0,0.0,0.0,0.7799999713897705,0.5775191783905029,-1.2241761684417725,,,,,,,,,,,,,,,,
1784021372.928,159726000,56,1,3,0,10.0,25.0,10.0,25.0,9.395458221435547,25.263071060180664,-0.26307106018066406,41.987953186035156,43.48801040649414,0.0,0.0,0.0,0.0,0.7799999713897705,0.0,1.2537697553634644,,,,,,,,,,,,,,,,
1784021372.928,159736000,57,2,255,0,,,,,,,,,,,,,,,,,0.20000000298023224,0.0,3.0214285850524902,2.4571428298950195,3.0214285850524902,2.4571428298950195,0.20000000298023224,0.0,0.0,0.0,0.0,0.0,0.0,0.0,0.0,0.0
1784021372.986,159786000,62,1,0,0,10.0,25.0,10.0,25.0,9.427026748657227,25.120349884033203,-0.12035071849822998,37.589508056640625,38.052005767822266,0.0,0.0,0.0,0.0,0.7799999713897705,0.0,-1.1231409311294556,,,,,,,,,,,,,,,,
1784021372.990,159796000,63,1,1,4,10.0,25.0,10.0,25.0,7.91151762008667,25.88260841369629,-0.8826076984405518,44.01769256591797,53.16493225097656,0.0,0.0,0.0,0.0,0.7799999713897705,0.6330834627151489,1.1499279737472534,,,,,,,,,,,,,,,,
1784021373.002,159806000,64,1,2,4,10.0,25.0,10.0,25.0,7.671385765075684,25.809770584106445,-0.8097708225250244,45.43214416503906,54.22377014160156,0.0,0.0,0.0,0.0,0.7799999713897705,0.7283633947372437,-1.1673638820648193,,,,,,,,,,,,,,,,
1784021373.010,159816000,65,1,3,0,10.0,25.0,10.0,25.0,9.56521224975586,25.1649169921875,-0.16491711139678955,42.596763610839844,43.48801040649414,0.0,0.0,0.0,0.0,0.7799999713897705,0.0,1.2844878435134888,,,,,,,,,,,,,,,,
1784021373.022,159826000,66,2,255,0,,,,,,,,,,,,,,,,,0.20000000298023224,0.0,3.0214285850524902,2.4571428298950195,3.0214285850524902,2.4571428298950195,0.20000000298023224,0.0,0.0,0.0,0.0,0.0,0.0,0.0,0.0,0.0
1784021373.068,159876000,71,1,0,1,10.000158309936523,24.9885311126709,10.000158309936523,24.9885311126709,9.687761306762695,24.849767684936523,0.13876259326934814,8.545051574707031,0.0,0.0,0.0,0.0,0.0,0.0,0.0,-0.257485955953598,,,,,,,,,,,,,,,,
1784021373.082,159886000,72,1,1,5,9.97429084777832,24.930452346801758,9.97429084777832,24.930452346801758,7.95731258392334,25.723600387573242,-0.7931485772132874,-13.618080139160156,0.0,0.0,-0.6275412440299988,0.0,0.0,0.0,0.2500515878200531,-0.5096868276596069,,,,,,,,,,,,,,,,
1784021373.090,159896000,73,1,2,4,9.961772918701172,25.0,9.961772918701172,25.0,7.071309566497803,26.34562873840332,-1.3456284999847412,93.5973892211914,123.46565246582031,0.0,0.0,0.0,0.28917258977890015,0.8436179161071777,0.814495861530304,-2.439286708831787,,,,,,,,,,,,,,,,
1784021373.110,159906000,74,1,3,0,9.99740982055664,25.0,9.99740982055664,25.0,9.484810829162598,25.274662017822266,-0.27466118335723877,90.94804382324219,97.16824340820312,0.0,0.0,0.0,0.4355108141899109,0.8758123517036438,0.0,2.729750633239746,,,,,,,,,,,,,,,,
1784021373.110,159916000,75,2,255,0,,,,,,,,,,,,,,,,,0.20000000298023224,0.0,3.0214285850524902,2.4571428298950195,3.0214285850524902,2.4571428298950195,0.20000000298023224,0.0,0.0,0.0,0.0,0.0,0.0,0.0,0.0,0.0
1784021373.169,159966000,80,1,0,1,10.054293632507324,24.50359535217285,10.054293632507324,24.50359535217285,10.052026748657227,24.387088775634766,0.11650621891021729,0.39605650305747986,0.0,0.0,0.0,0.0,0.0,0.0,0.0,-0.018964949995279312,,,,,,,,,,,,,,,,
1784021373.170,159976000,81,1,1,1,9.948999404907227,24.147937774658203,9.948999404907227,24.147937774658203,8.72629165649414,24.85910415649414,-0.7111683487892151,-8.211851119995117,0.0,0.0,-1.9866758584976196,0.0,0.0,0.0,0.01012716256082058,-0.28090760111808777,,,,,,,,,,,,,,,,
1784021373.189,159986000,82,1,2,4,9.812358856201172,25.0,9.812358856201172,25.0,6.499167442321777,26.574403762817383,-1.5744030475616455,86.20175170898438,147.28753662109375,0.0,0.0,0.0,1.0,1.0,0.8499999642372131,-2.1042373180389404,,,,,,,,,,,,,,,,
1784021373.190,159996000,83,1,3,0,9.930595397949219,25.0,9.930595397949219,25.0,8.795337677001953,25.535594940185547,-0.5355954170227051,93.52133178710938,112.2950668334961,0.0,0.0,0.0,1.0,1.0,0.0,2.712144374847412,,,,,,,,,,,,,,,,
1784021373.210,160006000,84,2,255,0,,,,,,,,,,,,,,,,,0.20000000298023224,0.0,3.0214285850524902,2.4571428298950195,3.0214285850524902,2.4571428298950195,0.20000000298023224,0.0,0.0,0.0,0.0,0.0,0.0,0.0,0.0,0.0
1784021373.249,160056000,89,1,0,1,10.295842170715332,23.866512298583984,10.295842170715332,23.866512298583984,10.239076614379883,23.778047561645508,0.08846372365951538,-0.8601953983306885,0.0,0.0,0.0,0.0,0.0,0.0,0.0,0.03509116917848587,,,,,,,,,,,,,,,,
1784021373.269,160066000,90,1,1,1,10.117420196533203,23.34870719909668,10.117420196533203,23.34870719909668,9.492705345153809,23.7783260345459,-0.42961835861206055,-3.9926388263702393,0.0,0.0,0.0,0.0,0.0,0.0,0.00041015309398062527,-0.13848881423473358,,,,,,,,,,,,,,,,
1784021373.270,160076000,91,1,2,4,9.520380020141602,25.0,9.520380020141602,25.0,6.08751106262207,26.635560989379883,-1.635560393333435,86.89021301269531,149.23716735839844,0.0,0.0,0.0,1.0,1.0,0.8499999642372131,-2.0937981605529785,,,,,,,,,,,,,,,,
1784021373.285,160086000,92,1,3,0,9.716557502746582,25.0,9.716557502746582,25.0,8.190435409545898,25.645673751831055,-0.6456732749938965,94.15357208251953,113.65946197509766,0.0,0.0,0.0,1.0,1.0,0.0,2.6802873611450195,,,,,,,,,,,,,,,,
1784021373.288,160096000,93,2,255,0,,,,,,,,,,,,,,,,,0.20000000298023224,0.0,3.0214285850524902,2.4571428298950195,3.0214285850524902,2.4571428298950195,0.20000000298023224,0.0,0.0,0.0,0.0,0.0,0.0,0.0,0.0,0.0
1784021373.346,160146000,98,1,0,1,10.668354034423828,23.917339324951172,10.668354034423828,23.917339324951172,10.459495544433594,23.75638771057129,0.1609504222869873,0.8532354235649109,0.0,0.0,0.0,0.0,0.0,0.0,0.0,-0.015956232324242592,,,,,,,,,,,,,,,,
1784021373.421,160156000,99,1,1,1,10.39622974395752,23.548831939697266,10.39622974395752,23.548831939697266,9.989473342895508,23.59257698059082,-0.043745338916778564,-0.002396106719970703,0.0,0.0,0.0,0.0,0.0,0.0,1.6611320461379364e-05,-0.010726516135036945,,,,,,,,,,,,,,,,
1784021373.426,160166000,100,1,2,4,9.104744911193848,25.0,9.104744911193848,25.0,5.558663368225098,26.702468872070312,-1.7024695873260498,83.23670959472656,148.23153686523438,0.0,0.0,0.0,1.0,1.0,0.8499999642372131,-1.9398541450500488,,,,,,,,,,,,,,,,
1784021373.427,160176000,101,1,3,0,9.389287948608398,25.0,9.389287948608398,25.0,7.774172782897949,25.584814071655273,-0.5848139524459839,95.1432113647461,112.55030822753906,0.0,0.0,0.0,1.0,1.0,0.0,2.691328525543213,,,,,,,,,,,,,,,,
1784021373.428,160186000,102,2,255,0,,,,,,,,,,,,,,,,,0.20000000298023224,0.0,3.0214285850524902,2.4571428298950195,3.0214285850524902,2.4571428298950195,0.20000000298023224,0.0,0.0,0.0,0.0,0.0,0.0,0.0,0.0,0.0
1784021373.442,160236000,107,1,0,1,10.953357696533203,24.610015869140625,10.953357696533203,24.610015869140625,10.560927391052246,24.52424430847168,0.08577108383178711,1.2012577056884766,0.0,0.0,0.0,0.0,0.0,0.0,0.0,-0.01623687706887722,,,,,,,,,,,,,,,,
1784021373.443,160246000,108,1,1,1,10.56588363647461,24.52104949951172,10.56588363647461,24.52104949951172,10.04509449005127,24.44236946105957,0.07867962121963501,0.6495500206947327,0.0,0.0,0.0,0.0,0.0,0.0,6.727635764036677e-07,-0.009175973013043404,,,,,,,,,,,,,,,,
1784021373.451,160256000,109,1,2,4,8.696601867675781,25.0,8.696601867675781,25.0,5.275677680969238,26.758407592773438,-1.758408546447754,77.8797378540039,144.6399383544922,0.0,0.0,0.0,1.0,1.0,0.8499999642372131,-1.7982406616210938,,,,,,,,,,,,,,,,
1784021373.465,160266000,110,1,3,0,9.08625602722168,25.0,9.08625602722168,25.0,7.544227123260498,25.65250015258789,-0.6525009870529175,89.0743179321289,109.37428283691406,0.0,0.0,0.0,1.0,1.0,0.0,2.5063042640686035,,,,,,,,,,,,,,,,
1784021373.466,160276000,111,2,255,0,,,,,,,,,,,,,,,,,0.20000000298023224,0.0,3.0214285850524902,2.4571428298950195,3.0214285850524902,2.4571428298950195,0.20000000298023224,0.0,0.0,0.0,0.0,0.0,0.0,0.0,0.0,0.0
1784021373.522,160326000,116,1,0,0,11.066187858581543,25.0,11.066187858581543,25.0,10.685676574707031,24.995203018188477,0.0047966837882995605,35.06504821777344,38.560401916503906,0.0,0.0,0.0,0.0065189264714717865,0.7814341187477112,0.0,-1.0513900518417358,,,,,,,,,,,,,,,,
1784021373.526,160336000,117,1,1,0,10.571979522705078,25.0,10.571979522705078,25.0,10.076351165771484,24.926742553710938,0.07325708866119385,40.94662857055664,42.8849983215332,0.0,0.0,0.0,0.049651652574539185,0.7909233570098877,2.7247113010275825e-08,1.227989673614502,,,,,,,,,,,,,,,,
1784021373.544,160346000,118,1,2,4,8.414483070373535,25.0,8.414483070373535,25.0,5.431853771209717,26.566768646240234,-1.566767692565918,19.485492706298828,72.32441711425781,0.0,0.0,0.008290794678032398,1.0,1.0,0.8493675589561462,-0.2660236060619354,,,,,,,,,,,,,,,,
1784021373.546,160356000,119,1,3,0,8.91497802734375,25.0,8.91497802734375,25.0,7.544737339019775,25.647687911987305,-0.6476879119873047,37.370731353759766,56.21376419067383,0.0,0.0,0.0,1.0,1.0,0.0,1.0047839879989624,,,,,,,,,,,,,,,,
1784021373.562,160366000,120,2,255,0,,,,,,,,,,,,,,,,,0.20000000298023224,0.0,3.0214285850524902,2.4571428298950195,3.0214285850524902,2.4571428298950195,0.20000000298023224,0.0,0.0,0.0,0.0,0.0,0.0,0.0,0.0,0.0
1784021373.606,160416000,125,1,0,0,11.092198371887207,25.0,11.092198371887207,25.0,10.421470642089844,25.159812927246094,-0.15981197357177734,94.12583923339844,105.7002944946289,0.0,0.0,0.0,0.9274155497550964,0.9840314388275146,0.0,-2.84269380569458,,,,,,,,,,,,,,,,
1784021373.624,160426000,126,1,1,4,10.48619270324707,25.0,10.48619270324707,25.0,9.48357105255127,25.253332138061523,-0.25333166122436523,108.925048828125,123.17594146728516,0.0,0.0,0.0,0.9829605221748352,0.9962513446807861,0.07639838010072708,3.227930784225464,,,,,,,,,,,,,,,,
1784021373.626,160436000,127,1,2,5,8.237725257873535,24.892011642456055,8.237725257873535,24.892011642456055,6.273902416229248,25.716341018676758,-0.8243292570114136,-13.175355911254883,0.0,0.0,-0.8480431437492371,0.0,0.0,0.0,0.17268012464046478,0.47953736782073975,,,,,,,,,,,,,,,,
1784021373.642,160446000,128,1,3,1,8.842565536499023,24.87021255493164,8.842565536499023,24.87021255493164,8.064554214477539,25.31816291809082,-0.4479512572288513,-5.617042541503906,0.0,0.0,0.0,0.0,0.0,0.0,0.0,-0.18746735155582428,,,,,,,,,,,,,,,,
1784021373.646,160456000,129,2,255,0,,,,,,,,,,,,,,,,,0.20000000298023224,0.0,3.0214285850524902,2.4571428298950195,3.0214285850524902,2.4571428298950195,0.20000000298023224,0.0,0.0,0.0,0.0,0.0,0.0,0.0,0.0,0.0
1784021373.703,160506000,134,1,0,0,10.878973007202148,25.0,10.878973007202148,25.0,9.584238052368164,25.65748405456543,-0.6574839353561401,87.19430541992188,111.09908294677734,0.0,0.0,0.0,1.0,1.0,0.0,-2.5385727882385254,,,,,,,,,,,,,,,,
1784021373.706,160516000,135,1,1,4,10.14185905456543,25.0,10.14185905456543,25.0,8.375213623046875,25.739133834838867,-0.739133358001709,108.16279602050781,138.21009826660156,0.0,0.0,0.0,1.0,1.0,0.49943020939826965,3.056819200515747,,,,,,,,,,,,,,,,
1784021373.727,160526000,136,1,2,1,8.30451774597168,23.905441284179688,8.30451774597168,23.905441284179688,7.140411376953125,24.527755737304688,-0.6223142147064209,-6.333354473114014,0.0,0.0,-1.3361109495162964,0.0,0.0,0.0,0.006993595976382494,0.2287522405385971,,,,,,,,,,,,,,,,
1784021373.728,160536000,137,1,3,1,9.060895919799805,23.983850479125977,9.060895919799805,23.983850479125977,8.606698036193848,24.557878494262695,-0.574028491973877,-4.578174114227295,0.0,0.0,-0.0,0.0,0.0,0.0,0.0,-0.15163762867450714,,,,,,,,,,,,,,,,
1784021373.747,160546000,138,2,255,0,,,,,,,,,,,,,,,,,0.20000000298023224,0.0,3.0214285850524902,2.4571428298950195,3.0214285850524902,2.4571428298950195,0.20000000298023224,0.0,0.0,0.0,0.0,0.0,0.0,0.0,0.0,0.0
1784021373.789,160596000,143,1,0,0,10.336271286010742,25.0,10.336271286010742,25.0,8.780791282653809,25.8206729888916,-0.8206725120544434,87.75826263427734,113.3875732421875,0.0,0.0,0.0,1.0,1.0,0.0,-2.5028438568115234,,,,,,,,,,,,,,,,
1784021373.809,160606000,144,1,1,4,9.4713773727417,25.0,9.4713773727417,25.0,7.195553779602051,26.116329193115234,-1.1163294315338135,101.1517333984375,145.57228088378906,0.0,0.0,0.0,1.0,1.0,0.7035816311836243,2.7094004154205322,,,,,,,,,,,,,,,,
1784021373.810,160616000,145,1,2,1,8.953868865966797,22.941104888916016,8.953868865966797,22.941104888916016,7.997709274291992,23.29043960571289,-0.34933537244796753,-2.6273417472839355,0.0,0.0,0.0,0.0,0.0,0.0,0.00028324275626800954,0.11305272579193115,,,,,,,,,,,,,,,,
1784021373.833,160626000,146,1,3,1,9.863566398620605,23.442550659179688,9.863566398620605,23.442550659179688,9.397972106933594,23.612762451171875,-0.170212984085083,-1.2725034952163696,0.0,0.0,0.0,0.0,0.0,0.0,0.0,-0.057252902537584305,,,,,,,,,,,,,,,,
1784021373.834,160636000,147,2,255,0,,,,,,,,,,,,,,,,,0.20000000298023224,0.0,3.0214285850524902,2.4571428298950195,3.0214285850524902,2.4571428298950195,0.20000000298023224,0.0,0.0,0.0,0.0,0.0,0.0,0.0,0.0,0.0
1784021373.889,160686000,152,1,0,0,9.594223976135254,25.0,9.594223976135254,25.0,8.123927116394043,25.77449607849121,-0.7744967937469482,90.98163604736328,113.30220031738281,0.0,0.0,0.0,1.0,1.0,0.0,-2.5892789363861084,,,,,,,,,,,,,,,,
1784021373.926,160696000,153,1,1,4,8.627934455871582,25.0,8.627934455871582,25.0,6.020699501037598,26.438993453979492,-1.438993215560913,89.75759887695312,146.24887084960938,0.0,0.0,0.0,1.0,1.0,0.7499999403953552,2.2623097896575928,,,,,,,,,,,,,,,,
1784021373.927,160706000,154,1,2,1,9.868415832519531,23.24997901916504,9.868415832519531,23.24997901916504,8.761679649353027,23.06608772277832,0.1838892698287964,3.669198513031006,0.0,0.0,0.0,0.0,0.0,0.0,1.1471417565189768e-05,-0.06942273676395416,,,,,,,,,,,,,,,,
1784021373.928,160716000,155,1,3,1,10.85990047454834,23.824312210083008,10.85990047454834,23.824312210083008,10.395633697509766,23.70382308959961,0.12048929929733276,1.1573140621185303,0.0,0.0,0.0,0.0,0.0,0.0,0.0,0.017418839037418365,,,,,,,,,,,,,,,,
1784021373.930,160726000,156,2,255,0,,,,,,,,,,,,,,,,,0.20000000298023224,0.0,3.0214285850524902,2.4571428298950195,3.0214285850524902,2.4571428298950195,0.20000000298023224,0.0,0.0,0.0,0.0,0.0,0.0,0.0,0.0,0.0
1784021373.970,160776000,161,1,0,0,8.924568176269531,25.0,8.924568176269531,25.0,7.690510272979736,25.660463333129883,-0.6604641675949097,90.52869415283203,110.87370300292969,0.0,0.0,0.0,1.0,1.0,0.0,-2.580500602722168,,,,,,,,,,,,,,,,
1784021373.988,160786000,162,1,1,4,7.887542724609375,25.0,7.887542724609375,25.0,5.119093418121338,26.699703216552734,-1.6997039318084717,77.5438003540039,143.58950805664062,0.0,0.0,0.0,1.0,1.0,0.7715451121330261,1.841246247291565,,,,,,,,,,,,,,,,
1784021373.989,160796000,163,1,2,1,10.398451805114746,24.46088981628418,10.398451805114746,24.46088981628418,10.019548416137695,23.01078987121582,1.450098991394043,18.941699981689453,0.0,0.0,0.0,0.0,0.0,0.0,4.6459570057777455e-07,-0.6086605787277222,,,,,,,,,,,,,,,,
1784021374.007,160806000,164,1,3,1,11.41993236541748,24.725099563598633,11.41993236541748,24.725099563598633,11.180230140686035,24.779264450073242,-0.05416572093963623,-0.06605684757232666,0.0,0.0,0.0,0.0,0.0,0.0,0.0,-0.007842878811061382,,,,,,,,,,,,,,,,
1784021374.008,160816000,165,2,255,0,,,,,,,,,,,,,,,,,0.20000000298023224,0.0,3.0214285850524902,2.4571428298950195,3.0214285850524902,2.4571428298950195,0.20000000298023224,0.0,0.0,0.0,0.0,0.0,0.0,0.0,0.0,0.0
1784021374.062,160866000,170,1,0,0,8.542501449584961,25.0,8.542501449584961,25.0,7.37446403503418,25.675830841064453,-0.6758302450180054,86.6546630859375,106.99327087402344,0.0,0.0,0.0,1.0,1.0,0.0,-2.4533472061157227,,,,,,,,,,,,,,,,
1784021374.070,160876000,171,1,1,4,7.469365119934082,25.0,7.469365119934082,25.0,4.584904670715332,26.775819778442383,-1.7758190631866455,14.00857925415039,73.1413345336914,0.0,0.0,0.0,1.0,1.0,0.8406320214271545,0.10273392498493195,,,,,,,,,,,,,,,,
1784021374.086,160886000,172,1,2,4,10.452741622924805,25.0,10.452741622924805,25.0,10.3115234375,23.66835594177246,1.33164381980896,100.936279296875,57.78843307495117,33.578311920166016,0.0,0.0,0.06851910054683685,0.7950741648674011,0.801546037197113,-3.158140182495117,,,,,,,,,,,,,,,,
1784021374.087,160896000,173,1,3,0,11.508966445922852,25.0,11.508966445922852,25.0,11.142184257507324,25.718137741088867,-0.7181376218795776,34.228248596191406,46.9695930480957,0.0,0.0,0.0,0.15330591797828674,0.8137272596359253,0.0,1.0170457363128662,,,,,,,,,,,,,,,,
1784021374.102,160906000,174,2,255,0,,,,,,,,,,,,,,,,,0.20000000298023224,0.0,3.0214285850524902,2.4571428298950195,3.0214285850524902,2.4571428298950195,0.20000000298023224,0.0,0.0,0.0,0.0,0.0,0.0,0.0,0.0,0.0
1784021374.146,160956000,179,1,0,1,8.489285469055176,24.99994468688965,8.489285469055176,24.99994468688965,7.62625789642334,25.50840950012207,-0.5084648728370667,-14.059188842773438,0.0,0.0,-0.0,0.0,0.0,0.0,0.0,0.46099016070365906,,,,,,,,,,,,,,,,
1784021374.164,160966000,180,1,1,5,7.432037830352783,24.974035263061523,7.432037830352783,24.974035263061523,5.214981555938721,26.153850555419922,-1.1798157691955566,-23.28888511657715,0.0,0.0,-0.6233300566673279,0.0,0.0,0.0,0.2834954857826233,-0.7871487736701965,,,,,,,,,,,,,,,,
1784021374.167,160976000,181,1,2,4,10.36005973815918,25.0,10.36005973815918,25.0,8.956212997436523,25.023591995239258,-0.02359151840209961,114.41694641113281,130.1314239501953,0.0,0.0,0.0,0.9920648336410522,0.9982542991638184,0.35074105858802795,-3.3421969413757324,,,,,,,,,,,,,,,,
1784021374.188,160986000,182,1,3,0,11.39064884185791,25.0,11.39064884185791,25.0,10.771978378295898,25.421449661254883,-0.42144954204559326,94.65914154052734,108.31983947753906,0.0,0.0,0.0,1.0,1.0,0.0,2.8599514961242676,,,,,,,,,,,,,,,,
1784021374.189,160996000,183,2,255,0,,,,,,,,,,,,,,,,,0.20000000298023224,0.0,3.0214285850524902,2.4571428298950195,3.0214285850524902,2.4571428298950195,0.20000000298023224,0.0,0.0,0.0,0.0,0.0,0.0,0.0,0.0,0.0
1784021374.249,161046000,188,1,0,1,8.630805969238281,24.414649963378906,8.630805969238281,24.414649963378906,8.150007247924805,24.89045524597168,-0.47580599784851074,-4.744995594024658,0.0,0.0,-0.0,0.0,0.0,0.0,0.0,0.16503861546516418,,,,,,,,,,,,,,,,
1784021374.250,161056000,189,1,1,1,7.622063636779785,24.037662506103516,7.622063636779785,24.037662506103516,6.169521808624268,24.91058921813965,-0.8729279041290283,-10.215446472167969,0.0,0.0,-2.8886752128601074,0.0,0.0,0.0,0.011481650173664093,-0.3542031943798065,,,,,,,,,,,,,,,,
1784021374.269,161066000,190,1,2,4,9.953817367553711,25.0,9.953817367553711,25.0,7.484755039215088,26.1389217376709,-1.1389225721359253,94.09315490722656,144.3389129638672,0.0,0.0,0.0,1.0,1.0,0.749956488609314,-2.49202561378479,,,,,,,,,,,,,,,,
1784021374.269,161076000,191,1,3,0,10.943314552307129,25.0,10.943314552307129,25.0,9.744193077087402,25.721216201782227,-0.7212162017822266,87.45263671875,111.87229919433594,0.0,0.0,0.0,1.0,1.0,0.0,2.553251028060913,,,,,,,,,,,,,,,,
1784021374.286,161086000,192,2,255,0,,,,,,,,,,,,,,,,,0.20000000298023224,0.0,3.0214285850524902,2.4571428298950195,3.0214285850524902,2.4571428298950195,0.20000000298023224,0.0,0.0,0.0,0.0,0.0,0.0,0.0,0.0,0.0
1784021374.326,161136000,197,1,0,1,9.378403663635254,23.510225296020508,9.378403663635254,23.510225296020508,8.830657958984375,23.760812759399414,-0.2505883574485779,-2.16325044631958,0.0,0.0,0.0,0.0,0.0,0.0,0.0,0.08937441557645798,,,,,,,,,,,,,,,,
1784021374.346,161146000,198,1,1,1,8.440696716308594,22.86821174621582,8.440696716308594,22.86821174621582,7.341520309448242,23.392061233520508,-0.523848831653595,-5.25569486618042,0.0,0.0,-0.7657151818275452,0.0,0.0,0.0,0.00046501014730893075,-0.19945111870765686,,,,,,,,,,,,,,,,
1784021374.354,161156000,199,1,2,4,9.217537879943848,25.0,9.217537879943848,25.0,6.357717514038086,26.475975036621094,-1.4759749174118042,91.07841491699219,148.00588989257812,0.0,0.0,0.0,1.0,1.0,0.8036234974861145,-2.2933132648468018,,,,,,,,,,,,,,,,
1784021374.366,161166000,200,1,3,0,10.181100845336914,25.0,10.181100845336914,25.0,8.812665939331055,25.796035766601562,-0.7960349321365356,89.5552978515625,113.60577392578125,0.0,0.0,0.0,1.0,1.0,0.0,2.577836513519287,,,,,,,,,,,,,,,,
1784021374.367,161176000,201,2,255,0,,,,,,,,,,,,,,,,,0.20000000298023224,0.0,3.0214285850524902,2.4571428298950195,3.0214285850524902,2.4571428298950195,0.20000000298023224,0.0,0.0,0.0,0.0,0.0,0.0,0.0,0.0,0.0
1784021374.428,161226000,206,1,0,1,10.52420425415039,23.45648956298828,10.52420425415039,23.45648956298828,9.878744125366211,23.306774139404297,0.14971494674682617,0.8879485130310059,0.0,0.0,0.0,0.0,0.0,0.0,0.0,-0.0011094232322648168,,,,,,,,,,,,,,,,
1784021374.460,161236000,207,1,1,1,9.585545539855957,22.970947265625,9.585545539855957,22.970947265625,8.573103904724121,22.82097816467285,0.14996826648712158,3.111515760421753,0.0,0.0,0.0,0.0,0.0,0.0,1.8833045032806695e-05,0.0617159865796566,,,,,,,,,,,,,,,,
1784021374.461,161246000,208,1,2,4,8.379707336425781,25.0,8.379707336425781,25.0,5.475621700286865,26.622295379638672,-1.6222953796386719,84.88418579101562,147.8551483154297,0.0,0.0,0.0,1.0,1.0,0.8195380568504333,-2.0537173748016357,,,,,,,,,,,,,,,,
1784021374.465,161256000,209,1,3,0,9.351842880249023,25.0,9.351842880249023,25.0,8.199260711669922,25.64166831970215,-0.6416678428649902,95.57267761230469,112.88538360595703,0.0,0.0,0.0,1.0,1.0,0.0,2.7627885341644287,,,,,,,,,,,,,,,,
1784021374.471,161266000,210,2,255,0,,,,,,,,,,,,,,,,,0.20000000298023224,0.0,3.0214285850524902,2.4571428298950195,3.0214285850524902,2.4571428298950195,0.20000000298023224,0.0,0.0,0.0,0.0,0.0,0.0,0.0,0.0,0.0
1784021374.509,161316000,215,1,0,1,11.330041885375977,24.34603500366211,11.330041885375977,24.34603500366211,10.845239639282227,24.178010940551758,0.1680240035057068,1.4927403926849365,0.0,0.0,0.0,0.0,0.0,0.0,0.0,-0.028502019122242928,,,,,,,,,,,,,,,,
1784021374.529,161326000,216,1,1,1,10.319709777832031,24.213293075561523,10.319709777832031,24.213293075561523,10.093220710754395,22.703598022460938,1.5096948146820068,20.669689178466797,0.0,0.0,0.0,0.0,0.0,0.0,7.627440936630592e-07,0.6730576753616333,,,,,,,,,,,,,,,,
1784021374.530,161336000,217,1,2,4,7.74458122253418,25.0,7.74458122253418,25.0,4.804111957550049,26.796781539916992,-1.7967820167541504,75.22749328613281,144.96841430664062,0.0,0.0,0.0,1.0,1.0,0.8346288204193115,-1.7376654148101807,,,,,,,,,,,,,,,,
1784021374.545,161346000,218,1,3,0,8.753206253051758,25.0,8.753206253051758,25.0,7.729878902435303,25.700363159179688,-0.7003635168075562,87.04019165039062,109.97526550292969,0.0,0.0,0.0,1.0,1.0,0.0,2.4896445274353027,,,,,,,,,,,,,,,,
1784021374.548,161356000,219,2,255,0,,,,,,,,,,,,,,,,,0.20000000298023224,0.0,3.0214285850524902,2.4571428298950195,3.0214285850524902,2.4571428298950195,0.20000000298023224,0.0,0.0,0.0,0.0,0.0,0.0,0.0,0.0,0.0
1784021374.605,161406000,224,1,0,1,11.510570526123047,24.99384117126465,11.510570526123047,24.99384117126465,11.312344551086426,25.238683700561523,-0.24484246969223022,-1.864118218421936,0.0,0.0,0.0,0.0,0.0,0.0,0.0,0.06161868944764137,,,,,,,,,,,,,,,,
1784021374.608,161416000,225,1,1,4,10.453214645385742,25.0,10.453214645385742,25.0,10.79387378692627,23.040231704711914,1.9597679376602173,126.1016845703125,58.434452056884766,56.438072204589844,0.0,0.0,0.0002875819045584649,0.7800632119178772,0.9083867073059082,4.030588150024414,,,,,,,,,,,,,,,,
1784021374.625,161426000,226,1,2,4,7.465517044067383,25.0,7.465517044067383,25.0,4.725395679473877,26.699464797973633,-1.6994655132293701,17.08172607421875,71.45301818847656,0.0,0.0,0.0,1.0,1.0,0.809003472328186,-0.2137538194656372,,,,,,,,,,,,,,,,
1784021374.628,161436000,227,1,3,0,8.511594772338867,25.0,8.511594772338867,25.0,7.537230968475342,25.622962951660156,-0.6229639053344727,39.87385559082031,55.94056701660156,0.0,0.0,0.0,1.0,1.0,0.0,1.110375165939331,,,,,,,,,,,,,,,,
1784021374.644,161446000,228,2,255,0,,,,,,,,,,,,,,,,,0.20000000298023224,0.0,3.0214285850524902,2.4571428298950195,3.0214285850524902,2.4571428298950195,0.20000000298023224,0.0,0.0,0.0,0.0,0.0,0.0,0.0,0.0,0.0
1784021374.687,161496000,233,1,0,0,11.470519065856934,25.0,11.470519065856934,25.0,10.819097518920898,25.659873962402344,-0.6598740816116333,41.18142318725586,50.27156448364258,0.0,0.0,0.0,0.7965985536575317,0.9552516937255859,0.0,-1.2228424549102783,,,,,,,,,,,,,,,,
1784021374.707,161506000,234,1,1,4,10.396736145019531,25.0,10.396736145019531,25.0,9.545328140258789,24.598445892333984,0.40155351161956787,122.2076187133789,126.91716003417969,2.4720473289489746,0.0,0.0,0.893669068813324,0.9766072034835815,0.36411944031715393,3.6638448238372803,,,,,,,,,,,,,,,,
1784021374.707,161516000,235,1,2,5,7.432296276092529,24.9633731842041,7.432296276092529,24.9633731842041,5.575743198394775,25.97909927368164,-1.0157257318496704,-19.17690658569336,0.0,0.0,-0.6057375073432922,0.0,0.0,0.0,0.2529296875,0.6504161357879639,,,,,,,,,,,,,,,,
1784021374.726,161526000,236,1,3,1,8.49195671081543,24.941022872924805,8.49195671081543,24.941022872924805,7.9361371994018555,25.327836990356445,-0.38681477308273315,-5.266422748565674,0.0,0.0,0.0,0.0,0.0,0.0,0.0,-0.1647598147392273,,,,,,,,,,,,,,,,
1784021374.730,161536000,237,2,255,0,,,,,,,,,,,,,,,,,0.20000000298023224,0.0,3.0214285850524902,2.4571428298950195,3.0214285850524902,2.4571428298950195,0.20000000298023224,0.0,0.0,0.0,0.0,0.0,0.0,0.0,0.0,0.0
1784021374.789,161586000,242,1,0,0,11.173321723937988,25.0,11.173321723937988,25.0,9.983882904052734,25.74842071533203,-0.7484197616577148,86.21429443359375,110.56295776367188,0.0,0.0,0.0,1.0,1.0,0.0,-2.522798776626587,,,,,,,,,,,,,,,,
1784021374.791,161596000,243,1,1,4,10.060070037841797,25.0,10.060070037841797,25.0,7.87809944152832,26.10894775390625,-1.1089473962783813,89.5638427734375,141.5430450439453,0.0,0.0,0.0,1.0,1.0,0.6637402176856995,2.4044253826141357,,,,,,,,,,,,,,,,
1784021374.809,161606000,244,1,2,1,7.637605667114258,23.994403839111328,7.637605667114258,23.994403839111328,6.183344841003418,24.783891677856445,-0.7894888520240784,-8.8129301071167,0.0,0.0,-2.373420476913452,0.0,0.0,0.0,0.010243725962936878,0.32422423362731934,,,,,,,,,,,,,,,,
1784021374.810,161616000,245,1,3,1,8.755143165588379,24.15703582763672,8.755143165588379,24.15703582763672,8.417110443115234,24.642805099487305,-0.48577040433883667,-4.225473880767822,0.0,0.0,-0.0,0.0,0.0,0.0,0.0,-0.1337556093931198,,,,,,,,,,,,,,,,
1784021374.830,161626000,246,2,255,0,,,,,,,,,,,,,,,,,0.20000000298023224,0.0,3.0214285850524902,2.4571428298950195,3.0214285850524902,2.4571428298950195,0.20000000298023224,0.0,0.0,0.0,0.0,0.0,0.0,0.0,0.0,0.0
1784021374.869,161676000,251,1,0,0,10.521720886230469,25.0,10.521720886230469,25.0,9.021807670593262,25.818744659423828,-0.8187443017959595,87.73091125488281,113.17066192626953,0.0,0.0,0.0,1.0,1.0,0.0,-2.514669179916382,,,,,,,,,,,,,,,,
1784021374.893,161686000,252,1,1,4,9.375068664550781,25.0,9.375068664550781,25.0,6.75574254989624,26.62847900390625,-1.6284793615341187,84.1458969116211,146.4774169921875,0.0,0.0,0.0,1.0,1.0,0.7499999403953552,2.136514186859131,,,,,,,,,,,,,,,,
1784021374.894,161696000,253,1,2,1,8.475863456726074,22.84701919555664,8.475863456726074,22.84701919555664,7.087932586669922,23.23262596130371,-0.3856062889099121,-2.8926682472229004,0.0,0.0,0.0,0.0,0.0,0.0,0.00041487396811135113,0.14796140789985657,,,,,,,,,,,,,,,,
1784021374.909,161706000,254,1,3,1,9.658829689025879,23.382219314575195,9.658829689025879,23.382219314575195,9.241095542907715,23.532777786254883,-0.15055984258651733,-1.5098057985305786,0.0,0.0,0.0,0.0,0.0,0.0,0.0,-0.06369888037443161,,,,,,,,,,,,,,,,
1784021374.910,161716000,255,2,255,0,,,,,,,,,,,,,,,,,0.20000000298023224,0.0,3.0214285850524902,2.4571428298950195,3.0214285850524902,2.4571428298950195,0.20000000298023224,0.0,0.0,0.0,0.0,0.0,0.0,0.0,0.0,0.0
1784021374.973,161766000,4,1,0,0,9.681450843811035,25.0,9.681450843811035,25.0,8.2265625,25.81295394897461,-0.8129537105560303,89.215576171875,113.48404693603516,0.0,0.0,0.0,1.0,1.0,0.0,-2.540832281112671,,,,,,,,,,,,,,,,
1784021375.022,161776000,5,1,1,4,8.532135009765625,25.0,8.532135009765625,25.0,6.075984954833984,26.623991012573242,-1.6239911317825317,86.50949096679688,146.51852416992188,0.0,0.0,0.0,1.0,1.0,0.7499999403953552,2.191706657409668,,,,,,,,,,,,,,,,
1784021375.022,161786000,6,1,2,1,9.618538856506348,22.99922752380371,9.618538856506348,22.99922752380371,8.450319290161133,22.453821182250977,0.5454063415527344,10.489070892333984,0.0,0.0,0.0,0.0,0.0,0.0,1.680252535152249e-05,-0.2967711091041565,,,,,,,,,,,,,,,,
1784021375.023,161796000,7,1,3,1,10.787320137023926,23.60537338256836,10.787320137023926,23.60537338256836,10.32883358001709,23.412134170532227,0.1932397484779358,1.688642978668213,0.0,0.0,0.0,0.0,0.0,0.0,0.0,0.037504643201828,,,,,,,,,,,,,,,,
1784021375.023,161806000,8,2,255,0,,,,,,,,,,,,,,,,,0.20000000298023224,0.0,3.0214285850524902,2.4571428298950195,3.0214285850524902,2.4571428298950195,0.20000000298023224,0.0,0.0,0.0,0.0,0.0,0.0,0.0,0.0,0.0
1784021375.047,161856000,13,1,0,0,8.958259582519531,25.0,8.958259582519531,25.0,7.784125804901123,25.845443725585938,-0.8454442024230957,85.31768035888672,111.38766479492188,0.0,0.0,0.0,1.0,1.0,0.0,-2.428985357284546,,,,,,,,,,,,,,,,
1784021375.064,161866000,14,1,1,4,7.839311599731445,25.0,7.839311599731445,25.0,5.384173393249512,26.767333984375,-1.7673343420028687,76.31726837158203,143.72149658203125,0.0,0.0,0.0,1.0,1.0,0.7499999403953552,1.8478516340255737,,,,,,,,,,,,,,,,
1784021375.067,161876000,15,1,2,1,10.331558227539062,24.254291534423828,10.331558227539062,24.254291534423828,10.103568077087402,22.182209014892578,2.0720810890197754,25.739501953125,0.0,0.0,0.0,0.0,0.0,0.0,6.805073553550756e-07,-0.8388168215751648,,,,,,,,,,,,,,,,
1784021375.089,161886000,16,1,3,1,11.42548942565918,24.586238861083984,11.42548942565918,24.586238861083984,11.110026359558105,24.5331974029541,0.05304068326950073,0.47598427534103394,0.0,0.0,0.0,0.0,0.0,0.0,0.0,0.0024843544233590364,,,,,,,,,,,,,,,,
1784021375.090,161896000,17,2,255,0,,,,,,,,,,,,,,,,,0.20000000298023224,0.0,3.0214285850524902,2.4571428298950195,3.0214285850524902,2.4571428298950195,0.20000000298023224,0.0,0.0,0.0,0.0,0.0,0.0,0.0,0.0,0.0
1784021375.136,161946000,22,1,0,0,8.571231842041016,25.0,8.571231842041016,25.0,7.545082092285156,25.833892822265625,-0.833892822265625,82.84632873535156,107.65084838867188,0.0,0.0,0.0,1.0,1.0,0.0,-2.3528008460998535,,,,,,,,,,,,,,,,
1784021375.147,161956000,23,1,1,4,7.492810249328613,25.0,7.492810249328613,25.0,4.935072898864746,26.864952087402344,-1.8649518489837646,70.10095977783203,139.11212158203125,0.0,0.0,0.0,1.0,1.0,0.7499999403953552,1.6471381187438965,,,,,,,,,,,,,,,,
1784021375.166,161966000,24,1,2,4,10.45320987701416,25.0,10.45320987701416,25.0,10.726000785827637,22.662479400634766,2.337519884109497,140.67625427246094,58.00996398925781,67.66912078857422,0.0,0.0,0.003560790792107582,0.7807833552360535,0.9083867073059082,-4.51304292678833,,,,,,,,,,,,,,,,
1784021375.167,161976000,25,1,3,0,11.510502815246582,25.0,11.510502815246582,25.0,11.325794219970703,25.547807693481445,-0.5478084087371826,33.35444641113281,45.00028610229492,0.0,0.0,0.0,0.041241250932216644,0.7890730500221252,0.0,0.9978922605514526,,,,,,,,,,,,,,,,
1784021375.188,161986000,26,2,255,0,,,,,,,,,,,,,,,,,0.20000000298023224,0.0,3.0214285850524902,2.4571428298950195,3.0214285850524902,2.4571428298950195,0.20000000298023224,0.0,0.0,0.0,0.0,0.0,0.0,0.0,0.0,0.0
1784021375.228,162036000,31,1,0,0,8.489479064941406,25.0,8.489479064941406,25.0,7.768019199371338,25.437904357910156,-0.43790340423583984,41.4678955078125,52.42665100097656,0.0,0.0,0.0,1.0,1.0,0.0,-1.181917667388916,,,,,,,,,,,,,,,,
1784021375.248,162046000,32,1,1,4,7.431789398193359,25.0,7.431789398193359,25.0,5.661919116973877,26.269287109375,-1.269286870956421,9.828437805175781,49.50237274169922,0.0,0.0,0.9936008453369141,1.0,1.0,0.3872871994972229,0.13994018733501434,,,,,,,,,,,,,,,,
1784021375.249,162056000,33,1,2,4,10.391410827636719,25.0,10.391410827636719,25.0,9.137651443481445,24.571998596191406,0.4280015826225281,124.49626922607422,130.09634399414062,3.1961851119995117,0.0,0.0,0.9167692065238953,0.9816892147064209,0.4665380120277405,-3.681682586669922,,,,,,,,,,,,,,,,
1784021375.269,162066000,34,1,3,0,11.42782974243164,25.0,11.42782974243164,25.0,10.681252479553223,25.748628616333008,-0.7486283779144287,87.03805541992188,107.17485809326172,0.0,0.0,0.0,0.9772080779075623,0.9949857592582703,0.0,2.598987340927124,,,,,,,,,,,,,,,,
1784021375.270,162076000,35,2,255,0,,,,,,,,,,,,,,,,,0.20000000298023224,0.0,3.0214285850524902,2.4571428298950195,3.0214285850524902,2.4571428298950195,0.20000000298023224,0.0,0.0,0.0,0.0,0.0,0.0,0.0,0.0,0.0
1784021375.329,162126000,40,1,0,1,8.57584285736084,24.578414916992188,8.57584285736084,24.578414916992188,8.210412979125977,24.966222763061523,-0.3878071904182434,-5.075971603393555,0.0,0.0,0.0,0.0,0.0,0.0,0.0,0.17941626906394958,,,,,,,,,,,,,,,,
1784021375.330,162136000,41,1,1,1,7.55510139465332,24.24843978881836,7.55510139465332,24.24843978881836,6.393931865692139,25.157573699951172,-0.9091347455978394,-10.396759033203125,0.0,0.0,-2.7494897842407227,0.0,0.0,0.0,0.015685241669416428,-0.34880492091178894,,,,,,,,,,,,,,,,
1784021375.349,162146000,42,1,2,4,10.043266296386719,25.0,10.043266296386719,25.0,7.411967754364014,26.156553268432617,-1.1565536260604858,89.1640625,143.73939514160156,0.0,0.0,0.0,1.0,1.0,0.7499999403953552,-2.3243889808654785,,,,,,,,,,,,,,,,
1784021375.350,162156000,43,1,3,0,11.039133071899414,25.0,11.039133071899414,25.0,9.744159698486328,25.726530075073242,-0.7265299558639526,88.09465789794922,111.40176391601562,0.0,0.0,0.0,1.0,1.0,0.0,2.563666343688965,,,,,,,,,,,,,,,,
1784021375.369,162166000,44,2,255,0,,,,,,,,,,,,,,,,,0.20000000298023224,0.0,3.0214285850524902,2.4571428298950195,3.0214285850524902,2.4571428298950195,0.20000000298023224,0.0,0.0,0.0,0.0,0.0,0.0,0.0,0.0,0.0
1784021375.410,162216000,49,1,0,1,9.217101097106934,23.623441696166992,9.217101097106934,23.623441696166992,8.786287307739258,23.892370223999023,-0.2689287066459656,-2.7876510620117188,0.0,0.0,0.0,0.0,0.0,0.0,0.0,0.10605931282043457,,,,,,,,,,,,,,,,
1784021375.430,162226000,50,1,1,1,8.271145820617676,22.99510955810547,8.271145820617676,22.99510955810547,7.278634071350098,23.61794662475586,-0.6228387355804443,-7.073868274688721,0.0,0.0,-1.7357622385025024,0.0,0.0,0.0,0.000635257048998028,-0.2575867176055908,,,,,,,,,,,,,,,,
1784021375.431,162236000,51,1,2,4,9.349154472351074,25.0,9.349154472351074,25.0,6.331628799438477,26.663959503173828,-1.66395902633667,83.82518768310547,148.92515563964844,0.0,0.0,0.0,1.0,1.0,0.8499999642372131,-2.0611653327941895,,,,,,,,,,,,,,,,
1784021375.449,162246000,52,1,3,0,10.314766883850098,25.0,10.314766883850098,25.0,8.761636734008789,25.746309280395508,-0.746309757232666,90.50863647460938,113.48832702636719,0.0,0.0,0.0,1.0,1.0,0.0,2.5909762382507324,,,,,,,,,,,,,,,,
1784021375.449,162256000,53,2,255,0,,,,,,,,,,,,,,,,,0.20000000298023224,0.0,3.0214285850524902,2.4571428298950195,3.0214285850524902,2.4571428298950195,0.20000000298023224,0.0,0.0,0.0,0.0,0.0,0.0,0.0,0.0,0.0
1784021375.514,162306000,58,1,0,1,10.346366882324219,23.383920669555664,10.346366882324219,23.383920669555664,9.76324462890625,23.257095336914062,0.1268252730369568,0.6762091517448425,0.0,0.0,0.0,0.0,0.0,0.0,0.0,0.0027665807865560055,,,,,,,,,,,,,,,,
1784021375.560,162316000,59,1,1,1,9.414180755615234,22.849956512451172,9.414180755615234,22.849956512451172,8.410781860351562,22.80335807800293,0.046597421169281006,2.0143678188323975,0.0,0.0,0.0,0.0,0.0,0.0,2.5728093532961793e-05,0.026071636006236076,,,,,,,,,,,,,,,,
1784021375.561,162326000,60,1,2,4,8.506242752075195,25.0,8.506242752075195,25.0,5.605801105499268,26.67430305480957,-1.674303412437439,85.74797058105469,148.3057861328125,0.0,0.0,0.0,1.0,1.0,0.8264760971069336,-2.0890049934387207,,,,,,,,,,,,,,,,
1784021375.561,162336000,61,1,3,0,9.47468376159668,25.0,9.47468376159668,25.0,8.072051048278809,25.69953155517578,-0.6995320320129395,93.01567077636719,113.16357421875,0.0,0.0,0.0,1.0,1.0,0.0,2.6590850353240967,,,,,,,,,,,,,,,,
1784021375.562,162346000,62,2,255,0,,,,,,,,,,,,,,,,,0.20000000298023224,0.0,3.0214285850524902,2.4571428298950195,3.0214285850524902,2.4571428298950195,0.20000000298023224,0.0,0.0,0.0,0.0,0.0,0.0,0.0,0.0,0.0
1784021375.593,162396000,67,1,0,1,11.247485160827637,24.18435287475586,11.247485160827637,24.18435287475586,10.767156600952148,23.945266723632812,0.23908615112304688,2.2116990089416504,0.0,0.0,0.0,0.0,0.0,0.0,0.0,-0.05123874172568321,,,,,,,,,,,,,,,,
1784021375.608,162406000,68,1,1,1,10.24965763092041,24.000595092773438,10.24965763092041,24.000595092773438,10.018614768981934,22.530942916870117,1.4696508646011353,20.617671966552734,0.0,0.0,0.0,0.0,0.0,0.0,1.0419954605822568e-06,0.6717016100883484,,,,,,,,,,,,,,,,
1784021375.609,162416000,69,1,2,4,7.822560787200928,25.0,7.822560787200928,25.0,4.985166549682617,26.77280044555664,-1.772800087928772,76.70539093017578,144.75486755371094,0.0,0.0,0.0,1.0,1.0,0.7983231544494629,-1.8032034635543823,,,,,,,,,,,,,,,,
1784021375.628,162426000,70,1,3,0,8.824498176574707,25.0,8.824498176574707,25.0,7.642630577087402,25.747394561767578,-0.7473945617675781,86.49176788330078,110.54708099365234,0.0,0.0,0.0,1.0,1.0,0.0,2.458683490753174,,,,,,,,,,,,,,,,
1784021375.629,162436000,71,2,255,0,,,,,,,,,,,,,,,,,0.20000000298023224,0.0,3.0214285850524902,2.4571428298950195,3.0214285850524902,2.4571428298950195,0.20000000298023224,0.0,0.0,0.0,0.0,0.0,0.0,0.0,0.0,0.0
1784021375.689,162486000,76,1,0,1,11.508179664611816,24.958433151245117,11.508179664611816,24.958433151245117,11.288098335266113,25.10586166381836,-0.14742761850357056,-1.3258521556854248,0.0,0.0,0.0,0.0,0.0,0.0,0.0,0.04800985008478165,,,,,,,,,,,,,,,,
1784021375.690,162496000,77,1,1,1,10.45274829864502,24.96748924255371,10.45274829864502,24.96748924255371,10.973307609558105,22.70045280456543,2.267035961151123,19.907602310180664,0.0,0.0,0.0,0.0,0.0,0.0,4.2201136807307194e-08,0.6677967309951782,,,,,,,,,,,,,,,,
1784021375.706,162506000,78,1,2,4,7.487527847290039,25.0,7.487527847290039,25.0,4.64618444442749,26.871294021606445,-1.8712937831878662,70.2443618774414,140.21359252929688,0.0,0.0,0.0,1.0,1.0,0.8024885058403015,-1.603911280632019,,,,,,,,,,,,,,,,
1784021375.709,162516000,79,1,3,0,8.528889656066895,25.0,8.528889656066895,25.0,7.435315132141113,25.702964782714844,-0.702965259552002,40.56492614746094,55.75386428833008,0.0,0.0,0.0,1.0,1.0,0.0,1.1238280534744263,,,,,,,,,,,,,,,,
1784021375.728,162526000,80,2,255,0,,,,,,,,,,,,,,,,,0.20000000298023224,0.0,3.0214285850524902,2.4571428298950195,3.0214285850524902,2.4571428298950195,0.20000000298023224,0.0,0.0,0.0,0.0,0.0,0.0,0.0,0.0,0.0
1784021375.778,162576000,85,1,0,0,11.487998008728027,25.0,11.487998008728027,25.0,10.822061538696289,25.891876220703125,-0.891876220703125,31.832921981811523,47.68223571777344,0.0,0.0,0.0,0.6263696551322937,0.9178013205528259,0.0,-0.9275103807449341,,,,,,,,,,,,,,,,
1784021375.789,162586000,86,1,1,4,10.418950080871582,25.0,10.418950080871582,25.0,9.905430793762207,24.268817901611328,0.7311820983886719,86.46546936035156,66.22429656982422,13.817420959472656,0.0,0.0,0.7485518455505371,0.9446814060211182,0.5466222167015076,2.623546838760376,,,,,,,,,,,,,,,,
1784021375.790,162596000,87,1,2,4,7.431785583496094,25.0,7.431785583496094,25.0,5.452373027801514,26.184581756591797,-1.1845827102661133,13.441734313964844,49.41940689086914,0.0,0.0,0.9997381567955017,1.0,1.0,0.4190724194049835,-0.22135059535503387,,,,,,,,,,,,,,,,
1784021375.809,162606000,88,1,3,1,8.489449501037598,24.991024017333984,8.489449501037598,24.991024017333984,7.734041690826416,25.412017822265625,-0.4209935665130615,-5.642146587371826,0.0,0.0,0.0,0.0,0.0,0.0,0.0,-0.19363857805728912,,,,,,,,,,,,,,,,
1784021375.810,162616000,89,2,255,0,,,,,,,,,,,,,,,,,0.20000000298023224,0.0,3.0214285850524902,2.4571428298950195,3.0214285850524902,2.4571428298950195,0.20000000298023224,0.0,0.0,0.0,0.0,0.0,0.0,0.0,0.0,0.0
1784021375.869,162666000,94,1,0,0,11.244888305664062,25.0,11.244888305664062,25.0,10.132664680480957,25.75160789489746,-0.7516086101531982,86.31845092773438,109.99205780029297,0.0,0.0,0.0,1.0,1.0,0.0,-2.5363609790802,,,,,,,,,,,,,,,,
1784021375.870,162676000,95,1,1,4,10.138320922851562,25.0,10.138320922851562,25.0,8.102575302124023,25.94188690185547,-0.9418874979019165,91.26201629638672,139.45191955566406,0.0,0.0,0.0,1.0,1.0,0.6039666533470154,2.4867076873779297,,,,,,,,,,,,,,,,
1784021375.890,162686000,96,1,2,1,7.567047595977783,24.20736312866211,7.567047595977783,24.20736312866211,6.10834264755249,25.01899528503418,-0.8116334676742554,-8.910442352294922,0.0,0.0,-2.22798490524292,0.0,0.0,0.0,0.01697254739701748,0.3309535086154938,,,,,,,,,,,,,,,,
1784021375.891,162696000,97,1,3,1,8.672066688537598,24.306365966796875,8.672066688537598,24.306365966796875,8.248472213745117,24.822246551513672,-0.5158811807632446,-4.704918384552002,0.0,0.0,-0.0,0.0,0.0,0.0,0.0,-0.15589913725852966,,,,,,,,,,,,,,,,
1784021375.910,162706000,98,2,255,0,,,,,,,,,,,,,,,,,0.20000000298023224,0.0,3.0214285850524902,2.4571428298950195,3.0214285850524902,2.4571428298950195,0.20000000298023224,0.0,0.0,0.0,0.0,0.0,0.0,0.0,0.0,0.0
1784021375.959,162756000,103,1,0,0,10.644725799560547,25.0,10.644725799560547,25.0,9.196732521057129,25.79146385192871,-0.7914632558822632,88.84547424316406,112.89414978027344,0.0,0.0,0.0,1.0,1.0,0.0,-2.5603296756744385,,,,,,,,,,,,,,,,
1784021375.969,162766000,104,1,1,4,9.501744270324707,25.0,9.501744270324707,25.0,6.896177768707275,26.634836196899414,-1.634836196899414,82.52702331542969,146.19534301757812,0.0,0.0,0.0,1.0,1.0,0.7499999403953552,2.0959866046905518,,,,,,,,,,,,,,,,
1784021375.970,162776000,105,1,2,1,8.304207801818848,22.967010498046875,8.304207801818848,22.967010498046875,6.919630527496338,23.455604553222656,-0.4885956645011902,-4.445362567901611,0.0,0.0,-0.3904231786727905,0.0,0.0,0.0,0.0006873933016322553,0.19549286365509033,,,,,,,,,,,,,,,,
1784021375.989,162786000,106,1,3,1,9.48076343536377,23.45400047302246,9.48076343536377,23.45400047302246,9.031813621520996,23.686412811279297,-0.2324119210243225,-2.195338726043701,0.0,0.0,0.0,0.0,0.0,0.0,0.0,-0.08651677519083023,,,,,,,,,,,,,,,,
1784021375.990,162796000,107,2,255,0,,,,,,,,,,,,,,,,,0.20000000298023224,0.0,3.0214285850524902,2.4571428298950195,3.0214285850524902,2.4571428298950195,0.20000000298023224,0.0,0.0,0.0,0.0,0.0,0.0,0.0,0.0,0.0
1784021376.046,162846000,112,1,0,0,9.815045356750488,25.0,9.815045356750488,25.0,8.333683967590332,25.80475425720215,-0.8047550916671753,89.18148803710938,113.6032943725586,0.0,0.0,0.0,1.0,1.0,0.0,-2.5406534671783447,,,,,,,,,,,,,,,,
1784021376.084,162856000,113,1,1,4,8.663654327392578,25.0,8.663654327392578,25.0,6.208313465118408,26.627046585083008,-1.6270458698272705,87.72325134277344,146.7144317626953,0.0,0.0,0.0,1.0,1.0,0.7499999403953552,2.2333145141601562,,,,,,,,,,,,,,,,
1784021376.084,162866000,114,1,2,1,9.449296951293945,22.87135887145996,9.449296951293945,22.87135887145996,8.208484649658203,22.550905227661133,0.320453941822052,7.476192474365234,0.0,0.0,0.0,0.0,0.0,0.0,2.783963645924814e-05,-0.1956893801689148,,,,,,,,,,,,,,,,
1784021376.095,162876000,115,1,3,1,10.626381874084473,23.48920440673828,10.626381874084473,23.48920440673828,10.129741668701172,23.3393611907959,0.14984309673309326,1.4914209842681885,0.0,0.0,0.0,0.0,0.0,0.0,0.0,0.028878692537546158,,,,,,,,,,,,,,,,
1784021376.098,162886000,116,2,255,0,,,,,,,,,,,,,,,,,0.20000000298023224,0.0,3.0214285850524902,2.4571428298950195,3.0214285850524902,2.4571428298950195,0.20000000298023224,0.0,0.0,0.0,0.0,0.0,0.0,0.0,0.0,0.0
1784021376.130,162936000,121,1,0,0,9.053827285766602,25.0,9.053827285766602,25.0,7.809885501861572,25.85897445678711,-0.8589744567871094,84.7039566040039,111.85948944091797,0.0,0.0,0.0,1.0,1.0,0.0,-2.404355764389038,,,,,,,,,,,,,,,,
1784021376.147,162946000,122,1,1,4,7.928499221801758,25.0,7.928499221801758,25.0,5.5709147453308105,26.72002410888672,-1.7200231552124023,78.90742492675781,144.0747528076172,0.0,0.0,0.0,1.0,1.0,0.7396355867385864,1.946995496749878,,,,,,,,,,,,,,,,
1784021376.148,162956000,123,1,2,1,10.265097618103027,24.043821334838867,10.265097618103027,24.043821334838867,9.88961124420166,22.179800033569336,1.864020586013794,24.66337013244629,0.0,0.0,0.0,0.0,0.0,0.0,1.1275136557742371e-06,-0.8002631664276123,,,,,,,,,,,,,,,,
1784021376.168,162966000,124,1,3,1,11.371001243591309,24.43106460571289,11.371001243591309,24.43106460571289,11.009350776672363,24.315128326416016,0.1159369945526123,1.2721083164215088,0.0,0.0,0.0,0.0,0.0,0.0,0.0,0.027430806308984756,,,,,,,,,,,,,,,,
1784021376.169,162976000,125,2,255,0,,,,,,,,,,,,,,,,,0.20000000298023224,0.0,3.0214285850524902,2.4571428298950195,3.0214285850524902,2.4571428298950195,0.20000000298023224,0.0,0.0,0.0,0.0,0.0,0.0,0.0,0.0,0.0
1784021376.227,163026000,130,1,0,0,8.60816764831543,25.0,8.60816764831543,25.0,7.533752918243408,25.87053680419922,-0.8705377578735352,82.21989440917969,108.30140686035156,0.0,0.0,0.0,1.0,1.0,0.0,-2.3293914794921875,,,,,,,,,,,,,,,,
1784021376.227,163036000,131,1,1,4,7.523929595947266,25.0,7.523929595947266,25.0,5.011049747467041,26.84690284729004,-1.8469035625457764,71.1814956665039,139.8994903564453,0.0,0.0,0.0,1.0,1.0,0.7499999403953552,1.683652400970459,,,,,,,,,,,,,,,,
1784021376.245,163046000,132,1,2,1,10.45298957824707,24.977388381958008,10.45298957824707,24.977388381958008,10.831363677978516,22.41986656188965,2.557520627975464,21.429052352905273,0.0,0.0,0.0,0.0,0.0,0.0,4.566465250377405e-08,-0.7128703594207764,,,,,,,,,,,,,,,,
1784021376.249,163056000,133,1,3,1,11.510714530944824,24.99999237060547,11.510714530944824,24.99999237060547,11.444165229797363,25.348573684692383,-0.34858137369155884,-2.7709085941314697,0.0,0.0,0.0,0.0,0.0,0.0,0.0,-0.08516253530979156,,,,,,,,,,,,,,,,
1784021376.268,163066000,134,2,255,0,,,,,,,,,,,,,,,,,0.20000000298023224,0.0,3.0214285850524902,2.4571428298950195,3.0214285850524902,2.4571428298950195,0.20000000298023224,0.0,0.0,0.0,0.0,0.0,0.0,0.0,0.0,0.0
1784021376.309,163116000,139,1,0,0,8.490959167480469,25.0,8.490959167480469,25.0,7.726982116699219,25.499019622802734,-0.4990190267562866,39.86271667480469,51.50541687011719,0.0,0.0,0.0,1.0,1.0,0.0,-1.1344377994537354,,,,,,,,,,,,,,,,
1784021376.326,163126000,140,1,1,4,7.432227611541748,25.0,7.432227611541748,25.0,5.569846153259277,26.312490463256836,-1.3124912977218628,13.738655090332031,53.52556610107422,0.0,0.0,0.8608532547950745,1.0,1.0,0.4789353311061859,0.24586056172847748,,,,,,,,,,,,,,,,
1784021376.327,163136000,141,1,2,4,10.415063858032227,25.0,10.415063858032227,25.0,9.55976676940918,24.187274932861328,0.812724232673645,91.42914581298828,67.60338592529297,16.121240615844727,0.0,0.0,0.7809532880783081,0.9518097043037415,0.6190046668052673,-2.741063117980957,,,,,,,,,,,,,,,,
1784021376.349,163146000,142,1,3,0,11.45678424835205,25.0,11.45678424835205,25.0,10.861966133117676,25.718652725219727,-0.7186532020568848,90.76703643798828,104.43505859375,0.0,0.0,0.0,0.8812742233276367,0.9738802909851074,0.0,2.740983486175537,,,,,,,,,,,,,,,,
1784021376.350,163156000,143,2,255,0,,,,,,,,,,,,,,,,,0.20000000298023224,0.0,3.0214285850524902,2.4571428298950195,3.0214285850524902,2.4571428298950195,0.20000000298023224,0.0,0.0,0.0,0.0,0.0,0.0,0.0,0.0,0.0
1784021376.406,163206000,148,1,0,1,8.536686897277832,24.697284698486328,8.536686897277832,24.697284698486328,8.233316421508789,25.050804138183594,-0.35351961851119995,-6.263390064239502,0.0,0.0,0.0,0.0,0.0,0.0,0.0,0.19954055547714233,,,,,,,,,,,,,,,,
1784021376.410,163216000,149,1,1,1,7.505052089691162,24.444889068603516,7.505052089691162,24.444889068603516,6.343545913696289,25.346466064453125,-0.9015783667564392,-12.094783782958984,0.0,0.0,-2.2983591556549072,0.0,0.0,0.0,0.026358623057603836,-0.39600494503974915,,,,,,,,,,,,,,,,
1784021376.414,163226000,150,1,2,4,10.123414993286133,25.0,10.123414993286133,25.0,7.690164566040039,25.955787658691406,-0.9557873010635376,92.77238464355469,143.06944274902344,0.0,0.0,0.0,1.0,1.0,0.7490778565406799,-2.4719109535217285,,,,,,,,,,,,,,,,
1784021376.429,163236000,151,1,3,0,11.125824928283691,25.0,11.125824928283691,25.0,9.653549194335938,25.816547393798828,-0.8165478706359863,84.36044311523438,110.88895416259766,0.0,0.0,0.0,1.0,1.0,0.0,2.424531936645508,,,,,,,,,,,,,,,,
1784021376.445,163246000,152,2,255,0,,,,,,,,,,,,,,,,,0.20000000298023224,0.0,3.0214285850524902,2.4571428298950195,3.0214285850524902,2.4571428298950195,0.20000000298023224,0.0,0.0,0.0,0.0,0.0,0.0,0.0,0.0,0.0
1784021376.489,163296000,157,1,0,1,9.069572448730469,23.757381439208984,9.069572448730469,23.757381439208984,8.684812545776367,24.059707641601562,-0.30232667922973633,-2.149266481399536,0.0,0.0,0.0,0.0,0.0,0.0,0.0,0.07798377424478531,,,,,,,,,,,,,,,,
1784021376.509,163306000,158,1,1,1,8.113777160644531,23.153474807739258,8.113777160644531,23.153474807739258,7.40498161315918,23.85047721862793,-0.6970018148422241,-8.235710144042969,0.0,0.0,-2.3764021396636963,0.0,0.0,0.0,0.0010675316443666816,-0.2663305103778839,,,,,,,,,,,,,,,,
1784021376.510,163316000,159,1,2,4,9.476776123046875,25.0,9.476776123046875,25.0,6.543812274932861,26.510831832885742,-1.5108317136764526,88.34561157226562,148.18067932128906,0.0,0.0,0.0,1.0,1.0,0.8301289081573486,-2.216369867324829,,,,,,,,,,,,,,,,
1784021376.529,163326000,160,1,3,0,10.445318222045898,25.0,10.445318222045898,25.0,8.282520294189453,25.886863708496094,-0.8868634700775146,85.95652770996094,113.30825805664062,0.0,0.0,0.0,1.0,1.0,0.0,2.3710291385650635,,,,,,,,,,,,,,,,
1784021376.530,163336000,161,2,255,0,,,,,,,,,,,,,,,,,0.20000000298023224,0.0,3.0214285850524902,2.4571428298950195,3.0214285850524902,2.4571428298950195,0.20000000298023224,0.0,0.0,0.0,0.0,0.0,0.0,0.0,0.0,0.0
1784021376.592,163386000,166,1,0,1,10.162019729614258,23.341026306152344,10.162019729614258,23.341026306152344,9.623517036437988,23.243404388427734,0.09762197732925415,0.8567569255828857,0.0,0.0,0.0,0.0,0.0,0.0,0.0,-0.007220933213829994,,,,,,,,,,,,,,,,
1784021376.629,163396000,167,1,1,1,9.234039306640625,22.76578140258789,9.234039306640625,22.76578140258789,8.483384132385254,22.848033905029297,-0.08225291967391968,0.21433013677597046,0.0,0.0,0.0,0.0,0.0,0.0,4.323533721617423e-05,-0.025117110460996628,,,,,,,,,,,,,,,,
1784021376.630,163406000,168,1,2,4,8.637197494506836,25.0,8.637197494506836,25.0,5.8637237548828125,26.603538513183594,-1.6035377979278564,88.11932373046875,147.71800231933594,0.0,0.0,0.0,1.0,1.0,0.79319167137146,-2.1948318481445312,,,,,,,,,,,,,,,,
1784021376.632,163416000,169,1,3,0,9.602631568908691,25.0,9.602631568908691,25.0,7.417144775390625,25.82522964477539,-0.825229287147522,89.902587890625,113.38221740722656,0.0,0.0,0.0,1.0,1.0,0.0,2.4740233421325684,,,,,,,,,,,,,,,,
1784021376.632,163426000,170,2,255,0,,,,,,,,,,,,,,,,,0.20000000298023224,0.0,3.0214285850524902,2.4571428298950195,3.0214285850524902,2.4571428298950195,0.20000000298023224,0.0,0.0,0.0,0.0,0.0,0.0,0.0,0.0,0.0
1784021376.669,163476000,175,1,0,1,11.146655082702637,24.02191925048828,11.146655082702637,24.02191925048828,10.675405502319336,23.725223541259766,0.2966955304145813,3.0066123008728027,0.0,0.0,0.0,0.0,0.0,0.0,0.0,-0.08324937522411346,,,,,,,,,,,,,,,,
1784021376.686,163486000,176,1,1,1,10.161626815795898,23.78276824951172,10.161626815795898,23.78276824951172,9.802407264709473,22.807106018066406,0.9756609797477722,15.837203979492188,0.0,0.0,0.0,0.0,0.0,0.0,1.7510437828605063e-06,0.5102301239967346,,,,,,,,,,,,,,,,
1784021376.690,163496000,177,1,2,4,7.909912109375,25.0,7.909912109375,25.0,5.283722877502441,26.64482879638672,-1.6448289155960083,82.30966186523438,144.25973510742188,0.0,0.0,0.0,1.0,1.0,0.7521975636482239,-2.010490655899048,,,,,,,,,,,,,,,,
1784021376.709,163506000,178,1,3,0,8.90532112121582,25.0,8.90532112121582,25.0,7.116641998291016,25.771007537841797,-0.7710069417953491,86.83866882324219,111.08428192138672,0.0,0.0,0.0,1.0,1.0,0.0,2.4045093059539795,,,,,,,,,,,,,,,,
1784021376.710,163516000,179,2,255,0,,,,,,,,,,,,,,,,,0.20000000298023224,0.0,3.0214285850524902,2.4571428298950195,3.0214285850524902,2.4571428298950195,0.20000000298023224,0.0,0.0,0.0,0.0,0.0,0.0,0.0,0.0,0.0
1784021376.773,163566000,184,1,0,1,11.500094413757324,24.891096115112305,11.500094413757324,24.891096115112305,11.307497024536133,24.918933868408203,-0.027839839458465576,-0.4931339919567108,0.0,0.0,0.0,0.0,0.0,0.0,0.0,0.02349906787276268,,,,,,,,,,,,,,,,
1784021376.774,163576000,185,1,1,1,10.449010848999023,24.89441680908203,10.449010848999023,24.89441680908203,10.887813568115234,22.847381591796875,2.0470352172851562,20.34027099609375,0.0,0.0,0.0,0.0,0.0,0.0,7.091779963275258e-08,0.6807104349136353,,,,,,,,,,,,,,,,
1784021376.793,163586000,186,1,2,4,7.5170464515686035,25.0,7.5170464515686035,25.0,5.167264461517334,26.685344696044922,-1.68534517288208,77.72611236572266,139.680908203125,0.0,0.0,0.0,1.0,1.0,0.7474353313446045,-1.9067751169204712,,,,,,,,,,,,,,,,
1784021376.799,163596000,187,1,3,0,8.553065299987793,25.0,8.553065299987793,25.0,6.9756083488464355,25.81757354736328,-0.817573070526123,82.11849212646484,107.2569808959961,0.0,0.0,0.0,1.0,1.0,0.0,2.266188621520996,,,,,,,,,,,,,,,,
1784021376.809,163606000,188,2,255,0,,,,,,,,,,,,,,,,,0.20000000298023224,0.0,3.0214285850524902,2.4571428298950195,3.0214285850524902,2.4571428298950195,0.20000000298023224,0.0,0.0,0.0,0.0,0.0,0.0,0.0,0.0,0.0
1784021376.850,163656000,193,1,0,0,11.499588012695312,25.0,11.499588012695312,25.0,10.909194946289062,25.8945255279541,-0.8945256471633911,23.516036987304688,44.86135482788086,0.0,0.0,0.0,0.43998533487319946,0.8767967820167542,0.0,-0.6625679731369019,,,,,,,,,,,,,,,,
1784021376.866,163666000,194,1,1,0,10.0,25.0,10.0,25.0,10.297122955322266,24.018611907958984,0.9813874959945679,87.67607116699219,47.669551849365234,23.148561477661133,0.0,0.0,1.0,1.0,0.0,2.760495662689209,,,,,,,,,,,,,,,,
1784021376.867,163676000,195,1,2,0,10.0,25.0,10.0,25.0,5.967959880828857,26.059309005737305,-1.059308648109436,22.802104949951172,46.83324432373047,0.0,0.0,0.0,1.0,1.0,0.0,-0.34275636076927185,,,,,,,,,,,,,,,,
1784021376.883,163686000,196,1,3,0,10.0,25.0,10.0,25.0,7.562188625335693,25.617366790771484,-0.6173670291900635,36.96385955810547,50.1784782409668,0.0,0.0,0.0,1.0,1.0,0.0,0.9255557060241699,,,,,,,,,,,,,,,,
1784021376.887,163696000,197,2,255,0,,,,,,,,,,,,,,,,,0.20000000298023224,0.0,3.0214285850524902,2.4571428298950195,3.0214285850524902,2.4571428298950195,0.0,0.0,0.0,0.0,0.0,0.0,0.0,0.0,0.0,0.0
1784021376.943,163746000,202,1,0,0,10.0,25.0,10.0,25.0,10.049757957458496,25.227558135986328,-0.22755861282348633,41.34214782714844,43.906166076660156,0.0,0.0,0.0,1.0,1.0,0.0,-1.2604929208755493,,,,,,,,,,,,,,,,
1784021376.947,163756000,203,1,1,0,10.0,25.0,10.0,25.0,9.06663703918457,25.231021881103516,-0.23102164268493652,31.20808982849121,47.669551849365234,0.0,0.0,0.0,1.0,1.0,0.0,0.8633915185928345,,,,,,,,,,,,,,,,
1784021376.964,163766000,204,1,2,0,10.0,25.0,10.0,25.0,7.464546203613281,25.56519889831543,-0.5651980638504028,36.839454650878906,46.83324432373047,0.0,0.0,0.0,1.0,1.0,0.0,-0.9267829656600952,,,,,,,,,,,,,,,,
1784021376.968,163776000,205,1,3,0,10.0,25.0,10.0,25.0,8.092906951904297,25.70909309387207,-0.7090926170349121,27.25872230529785,50.1784782409668,0.0,0.0,0.0,1.0,1.0,0.0,0.6794438362121582,,,,,,,,,,,,,,,,
1784021376.983,163786000,206,2,255,0,,,,,,,,,,,,,,,,,0.20000000298023224,0.0,3.0214285850524902,2.4571428298950195,3.0214285850524902,2.4571428298950195,0.0,0.0,0.0,0.0,0.0,0.0,0.0,0.0,0.0,0.0
1784021377.027,163836000,211,1,0,0,10.0,25.0,10.0,25.0,9.512310981750488,24.943256378173828,0.056743621826171875,45.718318939208984,43.906166076660156,0.0,0.0,0.0,1.0,1.0,0.0,-1.3600554466247559,,,,,,,,,,,,,,,,
1784021377.044,163846000,212,1,1,0,10.0,25.0,10.0,25.0,8.720300674438477,25.694074630737305,-0.6940752267837524,25.182958602905273,47.669551849365234,0.0,0.0,0.0,1.0,1.0,0.0,0.6630190014839172,,,,,,,,,,,,,,,,
1784021377.048,163856000,213,1,2,0,10.0,25.0,10.0,25.0,8.201215744018555,25.045494079589844,-0.045493245124816895,48.939781188964844,46.83324432373047,0.0,0.0,0.0,1.0,1.0,0.0,-1.3640590906143188,,,,,,,,,,,,,,,,
1784021377.066,163866000,214,1,3,0,10.0,25.0,10.0,25.0,8.411845207214355,25.726974487304688,-0.7269740104675293,28.518314361572266,50.1784782409668,0.0,0.0,0.0,1.0,1.0,0.0,0.7410046458244324,,,,,,,,,,,,,,,,
1784021377.069,163876000,215,2,255,0,,,,,,,,,,,,,,,,,0.20000000298023224,0.0,3.0214285850524902,2.4571428298950195,3.0214285850524902,2.4571428298950195,0.0,0.0,0.0,0.0,0.0,0.0,0.0,0.0,0.0,0.0
1784021377.129,163926000,220,1,0,0,10.0,25.0,10.0,25.0,9.297754287719727,25.067577362060547,-0.06757676601409912,40.0101432800293,43.906166076660156,0.0,0.0,0.0,1.0,1.0,0.0,-1.173492193222046,,,,,,,,,,,,,,,,
1784021377.152,163936000,221,1,1,0,10.0,25.0,10.0,25.0,8.766302108764648,25.59494400024414,-0.5949437618255615,31.670970916748047,47.669551849365234,0.0,0.0,0.0,1.0,1.0,0.0,0.8677513003349304,,,,,,,,,,,,,,,,
1784021377.152,163946000,222,1,2,0,10.0,25.0,10.0,25.0,8.521377563476562,25.025623321533203,-0.02562403678894043,43.61298751831055,46.83324432373047,0.0,0.0,0.0,1.0,1.0,0.0,-1.2240198850631714,,,,,,,,,,,,,,,,
1784021377.153,163956000,223,1,3,0,10.0,25.0,10.0,25.0,8.328700065612793,25.62159538269043,-0.6215959787368774,32.29425811767578,50.1784782409668,0.0,0.0,0.0,1.0,1.0,0.0,0.8397747278213501,,,,,,,,,,,,,,,,
1784021377.165,163966000,224,2,255,0,,,,,,,,,,,,,,,,,0.20000000298023224,0.0,3.0214285850524902,2.4571428298950195,3.0214285850524902,2.4571428298950195,0.0,0.0,0.0,0.0,0.0,0.0,0.0,0.0,0.0,0.0
1784021377.209,164016000,229,1,0,0,10.0,25.0,10.0,25.0,9.322686195373535,25.209110260009766,-0.20911097526550293,36.817134857177734,43.906166076660156,0.0,0.0,0.0,1.0,1.0,0.0,-1.0771934986114502,,,,,,,,,,,,,,,,
1784021377.226,164026000,230,1,1,0,10.0,25.0,10.0,25.0,8.938836097717285,25.325265884399414,-0.3252655267715454,39.73397445678711,47.669551849365234,0.0,0.0,0.0,1.0,1.0,0.0,1.1345127820968628,,,,,,,,,,,,,,,,
1784021377.230,164036000,231,1,2,0,10.0,25.0,10.0,25.0,8.634385108947754,25.103628158569336,-0.10362863540649414,43.57999038696289,46.83324432373047,0.0,0.0,0.0,1.0,1.0,0.0,-1.2283531427383423,,,,,,,,,,,,,,,,
1784021377.246,164046000,232,1,3,0,10.0,25.0,10.0,25.0,8.23144245147705,25.555593490600586,-0.5555927753448486,33.88938903808594,50.1784782409668,0.0,0.0,0.0,1.0,1.0,0.0,0.8860422372817993,,,,,,,,,,,,,,,,
1784021377.249,164056000,233,2,255,0,,,,,,,,,,,,,,,,,0.20000000298023224,0.0,3.0214285850524902,2.4571428298950195,3.0214285850524902,2.4571428298950195,0.0,0.0,0.0,0.0,0.0,0.0,0.0,0.0,0.0,0.0
1784021377.306,164106000,238,1,0,0,10.0,25.0,10.0,25.0,9.307916641235352,25.236480712890625,-0.2364814281463623,36.689170837402344,43.906166076660156,0.0,0.0,0.0,1.0,1.0,0.0,-1.0700513124465942,,,,,,,,,,,,,,,,
1784021377.309,164116000,239,1,1,0,10.0,25.0,10.0,25.0,9.033785820007324,25.24777603149414,-0.24777650833129883,40.28458786010742,47.669551849365234,0.0,0.0,0.0,1.0,1.0,0.0,1.1577732563018799,,,,,,,,,,,,,,,,
1784021377.326,164126000,240,1,2,0,10.0,25.0,10.0,25.0,8.683629035949707,25.07787322998047,-0.07787346839904785,44.91640090942383,46.83324432373047,0.0,0.0,0.0,1.0,1.0,0.0,-1.274301290512085,,,,,,,,,,,,,,,,
1784021377.327,164136000,241,1,3,0,10.0,25.0,10.0,25.0,8.33475399017334,25.531784057617188,-0.5317836999893188,34.27821350097656,50.1784782409668,0.0,0.0,0.0,1.0,1.0,0.0,0.9106752276420593,,,,,,,,,,,,,,,,
1784021377.347,164146000,242,2,255,0,,,,,,,,,,,,,,,,,0.20000000298023224,0.0,3.0214285850524902,2.4571428298950195,3.0214285850524902,2.4571428298950195,0.0,0.0,0.0,0.0,0.0,0.0,0.0,0.0,0.0,0.0
1784021377.394,164196000,247,1,0,0,10.0,25.0,10.0,25.0,9.308815956115723,25.223323822021484,-0.22332370281219482,37.381072998046875,43.906166076660156,0.0,0.0,0.0,1.0,1.0,0.0,-1.0926518440246582,,,,,,,,,,,,,,,,
1784021377.406,164206000,248,1,1,0,10.0,25.0,10.0,25.0,9.033896446228027,25.252490997314453,-0.2524912357330322,39.95368576049805,47.669551849365234,0.0,0.0,0.0,1.0,1.0,0.0,1.1463810205459595,,,,,,,,,,,,,,,,
1784021377.410,164216000,249,1,2,0,10.0,25.0,10.0,25.0,8.733397483825684,25.033161163330078,-0.033161044120788574,46.20724105834961,46.83324432373047,0.0,0.0,0.0,1.0,1.0,0.0,-1.3176476955413818,,,,,,,,,,,,,,,,
1784021377.428,164226000,250,1,3,0,10.0,25.0,10.0,25.0,8.43193531036377,25.522363662719727,-0.5223631858825684,34.39381408691406,50.1784782409668,0.0,0.0,0.0,1.0,1.0,0.0,0.9222607016563416,,,,,,,,,,,,,,,,
1784021377.429,164236000,251,2,255,0,,,,,,,,,,,,,,,,,0.20000000298023224,0.0,3.0214285850524902,2.4571428298950195,3.0214285850524902,2.4571428298950195,0.0,0.0,0.0,0.0,0.0,0.0,0.0,0.0,0.0,0.0
1784021377.486,164286000,0,1,0,0,10.0,25.0,10.0,25.0,9.324578285217285,25.225576400756836,-0.2255767583847046,36.92436981201172,43.906166076660156,0.0,0.0,0.0,1.0,1.0,0.0,-1.0789821147918701,,,,,,,,,,,,,,,,
1784021377.487,164296000,1,1,1,0,10.0,25.0,10.0,25.0,9.012967109680176,25.260391235351562,-0.26039183139801025,39.61119842529297,47.669551849365234,0.0,0.0,0.0,1.0,1.0,0.0,1.1334800720214844,,,,,,,,,,,,,,,,
1784021377.509,164306000,2,1,2,0,10.0,25.0,10.0,25.0,8.736335754394531,25.041004180908203,-0.04100501537322998,45.557037353515625,46.83324432373047,0.0,0.0,0.0,1.0,1.0,0.0,-1.2969385385513306,,,,,,,,,,,,,,,,
1784021377.510,164316000,3,1,3,0,10.0,25.0,10.0,25.0,8.452031135559082,25.51468849182129,-0.5146890878677368,34.268775939941406,50.1784782409668,0.0,0.0,0.0,1.0,1.0,0.0,0.9174889922142029,,,,,,,,,,,,,,,,
1784021377.529,164326000,4,2,255,0,,,,,,,,,,,,,,,,,0.20000000298023224,0.0,3.0214285850524902,2.4571428298950195,3.0214285850524902,2.4571428298950195,0.0,0.0,0.0,0.0,0.0,0.0,0.0,0.0,0.0,0.0
1784021377.574,164376000,9,1,0,0,10.0,25.0,10.0,25.0,9.307525634765625,25.23847770690918,-0.2384781837463379,36.58631896972656,43.906166076660156,0.0,0.0,0.0,1.0,1.0,0.0,-1.066730260848999,,,,,,,,,,,,,,,,
1784021377.586,164386000,10,1,1,0,10.0,25.0,10.0,25.0,8.997970581054688,25.267589569091797,-0.26758909225463867,39.253211975097656,47.669551849365234,0.0,0.0,0.0,1.0,1.0,0.0,1.1212046146392822,,,,,,,,,,,,,,,,
1784021377.590,164396000,11,1,2,0,10.0,25.0,10.0,25.0,8.722879409790039,25.05870819091797,-0.058707594871520996,44.86501693725586,46.83324432373047,0.0,0.0,0.0,1.0,1.0,0.0,-1.2739747762680054,,,,,,,,,,,,,,,,
1784021377.610,164406000,12,1,3,0,10.0,25.0,10.0,25.0,8.430931091308594,25.518516540527344,-0.5185157060623169,34.07178497314453,50.1784782409668,0.0,0.0,0.0,1.0,1.0,0.0,0.9088448286056519,,,,,,,,,,,,,,,,
1784021377.610,164416000,13,2,255,0,,,,,,,,,,,,,,,,,0.20000000298023224,0.0,3.0214285850524902,2.4571428298950195,3.0214285850524902,2.4571428298950195,0.0,0.0,0.0,0.0,0.0,0.0,0.0,0.0,0.0,0.0
1784021377.669,164466000,18,1,0,0,10.0,25.0,10.0,25.0,9.301933288574219,25.23345947265625,-0.23345947265625,36.88069152832031,43.906166076660156,0.0,0.0,0.0,1.0,1.0,0.0,-1.075848937034607,,,,,,,,,,,,,,,,
1784021377.729,164476000,19,1,1,0,10.0,25.0,10.0,25.0,8.9950590133667,25.272031784057617,-0.27203261852264404,39.37342071533203,47.669551849365234,0.0,0.0,0.0,1.0,1.0,0.0,1.125137448310852,,,,,,,,,,,,,,,,
1784021377.731,164486000,20,1,2,0,10.0,25.0,10.0,25.0,8.722708702087402,25.05548667907715,-0.05548596382141113,45.221893310546875,46.83324432373047,0.0,0.0,0.0,1.0,1.0,0.0,-1.2860398292541504,,,,,,,,,,,,,,,,
1784021377.731,164496000,21,1,3,0,10.0,25.0,10.0,25.0,8.429067611694336,25.521814346313477,-0.5218148231506348,34.300575256347656,50.1784782409668,0.0,0.0,0.0,1.0,1.0,0.0,0.9172056913375854,,,,,,,,,,,,,,,,
1784021377.732,164506000,22,2,255,0,,,,,,,,,,,,,,,,,0.20000000298023224,0.0,3.0214285850524902,2.4571428298950195,3.0214285850524902,2.4571428298950195,0.0,0.0,0.0,0.0,0.0,0.0,0.0,0.0,0.0,0.0
1784021377.749,164556000,27,1,0,0,10.0,25.0,10.0,25.0,9.304935455322266,25.233823776245117,-0.23382306098937988,36.92237091064453,43.906166076660156,0.0,0.0,0.0,1.0,1.0,0.0,-1.0768365859985352,,,,,,,,,,,,,,,,
1784021377.766,164566000,28,1,1,0,10.0,25.0,10.0,25.0,8.997760772705078,25.27068328857422,-0.27068257331848145,39.80191421508789,47.669551849365234,0.0,0.0,0.0,1.0,1.0,0.0,1.1375418901443481,,,,,,,,,,,,,,,,
1784021377.769,164576000,29,1,2,0,10.0,25.0,10.0,25.0,8.724467277526855,25.05582618713379,-0.05582571029663086,45.14472198486328,46.83324432373047,0.0,0.0,0.0,1.0,1.0,0.0,-1.2829174995422363,,,,,,,,,,,,,,,,
1784021377.786,164586000,30,1,3,0,10.0,25.0,10.0,25.0,8.431565284729004,25.519668579101562,-0.5196690559387207,34.34503936767578,50.1784782409668,0.0,0.0,0.0,1.0,1.0,0.0,0.9184849262237549,,,,,,,,,,,,,,,,
1784021377.790,164596000,31,2,255,0,,,,,,,,,,,,,,,,,0.20000000298023224,0.0,3.0214285850524902,2.4571428298950195,3.0214285850524902,2.4571428298950195,0.0,0.0,0.0,0.0,0.0,0.0,0.0,0.0,0.0,0.0
1784021377.845,164646000,36,1,0,0,10.0,25.0,10.0,25.0,9.30454158782959,25.23587417602539,-0.23587346076965332,36.83311462402344,43.906166076660156,0.0,0.0,0.0,1.0,1.0,0.0,-1.0743441581726074,,,,,,,,,,,,,,,,
1784021377.849,164656000,37,1,1,0,10.0,25.0,10.0,25.0,8.995891571044922,25.271743774414062,-0.2717435359954834,39.35131072998047,47.669551849365234,0.0,0.0,0.0,1.0,1.0,0.0,1.1243308782577515,,,,,,,,,,,,,,,,
1784021377.864,164666000,38,1,2,0,10.0,25.0,10.0,25.0,8.723703384399414,25.05609130859375,-0.05609095096588135,45.14242172241211,46.83324432373047,0.0,0.0,0.0,1.0,1.0,0.0,-1.282793641090393,,,,,,,,,,,,,,,,
1784021377.869,164676000,39,1,3,0,10.0,25.0,10.0,25.0,8.428265571594238,25.522127151489258,-0.5221277475357056,34.238189697265625,50.1784782409668,0.0,0.0,0.0,1.0,1.0,0.0,0.914773166179657,,,,,,,,,,,,,,,,
1784021377.887,164686000,40,2,255,0,,,,,,,,,,,,,,,,,0.20000000298023224,0.0,3.0214285850524902,2.4571428298950195,3.0214285850524902,2.4571428298950195,0.0,0.0,0.0,0.0,0.0,0.0,0.0,0.0,0.0,0.0
1784021377.928,164736000,45,1,0,0,10.0,25.0,10.0,25.0,9.302308082580566,25.232845306396484,-0.23284554481506348,36.807647705078125,43.906166076660156,0.0,0.0,0.0,1.0,1.0,0.0,-1.0734145641326904,,,,,,,,,,,,,,,,
1784021377.944,164746000,46,1,1,0,10.0,25.0,10.0,25.0,8.995803833007812,25.271812438964844,-0.2718120813369751,39.34416961669922,47.669551849365234,0.0,0.0,0.0,1.0,1.0,0.0,1.1242305040359497,,,,,,,,,,,,,,,,
1784021377.949,164756000,47,1,2,0,10.0,25.0,10.0,25.0,8.722396850585938,25.056108474731445,-0.056108832359313965,45.143394470214844,46.83324432373047,0.0,0.0,0.0,1.0,1.0,0.0,-1.2828056812286377,,,,,,,,,,,,,,,,
1784021377.965,164766000,48,1,3,0,10.0,25.0,10.0,25.0,8.429054260253906,25.521949768066406,-0.5219489336013794,34.28077697753906,50.1784782409668,0.0,0.0,0.0,1.0,1.0,0.0,0.9161682724952698,,,,,,,,,,,,,,,,
1784021377.967,164776000,49,2,255,0,,,,,,,,,,,,,,,,,0.20000000298023224,0.0,3.0214285850524902,2.4571428298950195,3.0214285850524902,2.4571428298950195,0.0,0.0,0.0,0.0,0.0,0.0,0.0,0.0,0.0,0.0
1784021378.026,164826000,54,1,0,0,10.0,25.0,10.0,25.0,9.305765151977539,25.23442840576172,-0.2344280481338501,36.82282638549805,43.906166076660156,0.0,0.0,0.0,1.0,1.0,0.0,-1.0743587017059326,,,,,,,,,,,,,,,,
1784021378.030,164836000,55,1,1,0,10.0,25.0,10.0,25.0,8.999227523803711,25.270124435424805,-0.27012526988983154,39.39848327636719,47.669551849365234,0.0,0.0,0.0,1.0,1.0,0.0,1.1261736154556274,,,,,,,,,,,,,,,,
1784021378.048,164846000,56,1,2,0,10.0,25.0,10.0,25.0,8.726902961730957,25.05447006225586,-0.05446970462799072,45.18983459472656,46.83324432373047,0.0,0.0,0.0,1.0,1.0,0.0,-1.2852919101715088,,,,,,,,,,,,,,,,
1784021378.049,164856000,57,1,3,0,10.0,25.0,10.0,25.0,8.43066120147705,25.520387649536133,-0.5203872919082642,33.840274810791016,50.1784782409668,0.0,0.0,0.0,1.0,1.0,0.0,0.9013535976409912,,,,,,,,,,,,,,,,
1784021378.067,164866000,58,2,255,0,,,,,,,,,,,,,,,,,0.20000000298023224,0.0,3.0214285850524902,2.4571428298950195,3.0214285850524902,2.4571428298950195,0.0,0.0,0.0,0.0,0.0,0.0,0.0,0.0,0.0,0.0
1784021378.110,164916000,63,1,0,0,10.0,25.0,10.0,25.0,9.303766250610352,25.234676361083984,-0.23467540740966797,36.76105880737305,43.906166076660156,0.0,0.0,0.0,1.0,1.0,0.0,-1.0720233917236328,,,,,,,,,,,,,,,,
1784021378.127,164926000,64,1,1,0,10.0,25.0,10.0,25.0,8.996370315551758,25.272035598754883,-0.2720355987548828,39.28875732421875,47.669551849365234,0.0,0.0,0.0,1.0,1.0,0.0,1.1224473714828491,,,,,,,,,,,,,,,,
1784021378.130,164936000,65,1,2,0,10.0,25.0,10.0,25.0,8.721814155578613,25.05856704711914,-0.05856752395629883,44.80488967895508,46.83324432373047,0.0,0.0,0.0,1.0,1.0,0.0,-1.2719448804855347,,,,,,,,,,,,,,,,
1784021378.146,164946000,66,1,3,0,10.0,25.0,10.0,25.0,8.428244590759277,25.522172927856445,-0.5221724510192871,34.303714752197266,50.1784782409668,0.0,0.0,0.0,1.0,1.0,0.0,0.9170644283294678,,,,,,,,,,,,,,,,
1784021378.150,164956000,67,2,255,0,,,,,,,,,,,,,,,,,0.20000000298023224,0.0,3.0214285850524902,2.4571428298950195,3.0214285850524902,2.4571428298950195,0.0,0.0,0.0,0.0,0.0,0.0,0.0,0.0,0.0,0.0
1784021378.207,165006000,72,1,0,0,10.0,25.0,10.0,25.0,9.304954528808594,25.233291625976562,-0.2332925796508789,36.80851745605469,43.906166076660156,0.0,0.0,0.0,1.0,1.0,0.0,-1.0740485191345215,,,,,,,,,,,,,,,,
1784021378.240,165016000,73,1,1,0,10.0,25.0,10.0,25.0,8.996657371520996,25.271469116210938,-0.2714693546295166,39.46354293823242,47.669551849365234,0.0,0.0,0.0,1.0,1.0,0.0,1.1281274557113647,,,,,,,,,,,,,,,,
1784021378.241,165026000,74,1,2,0,10.0,25.0,10.0,25.0,8.72439193725586,25.05585479736328,-0.055855512619018555,45.17732620239258,46.83324432373047,0.0,0.0,0.0,1.0,1.0,0.0,-1.2843409776687622,,,,,,,,,,,,,,,,
1784021378.241,165036000,75,1,3,0,10.0,25.0,10.0,25.0,8.428635597229004,25.521570205688477,-0.5215704441070557,34.22760772705078,50.1784782409668,0.0,0.0,0.0,1.0,1.0,0.0,0.9143564105033875,,,,,,,,,,,,,,,,
1784021378.252,165046000,76,2,255,0,,,,,,,,,,,,,,,,,0.20000000298023224,0.0,3.0214285850524902,2.4571428298950195,3.0214285850524902,2.4571428298950195,0.0,0.0,0.0,0.0,0.0,0.0,0.0,0.0,0.0,0.0
1784021378.291,165096000,81,1,0,0,10.0,25.0,10.0,25.0,9.305522918701172,25.234922409057617,-0.23492276668548584,36.570037841796875,43.906166076660156,0.0,0.0,0.0,1.0,1.0,0.0,-1.0661982297897339,,,,,,,,,,,,,,,,
1784021378.305,165106000,82,1,1,0,10.0,25.0,10.0,25.0,8.998034477233887,25.27101707458496,-0.27101635932922363,39.416778564453125,47.669551849365234,0.0,0.0,0.0,1.0,1.0,0.0,1.1266167163848877,,,,,,,,,,,,,,,,
1784021378.308,165116000,83,1,2,0,10.0,25.0,10.0,25.0,8.725221633911133,25.055566787719727,-0.05556643009185791,45.0948371887207,46.83324432373047,0.0,0.0,0.0,1.0,1.0,0.0,-1.2811957597732544,,,,,,,,,,,,,,,,
1784021378.324,165126000,84,1,3,0,10.0,25.0,10.0,25.0,8.429404258728027,25.521310806274414,-0.5213111639022827,34.34754180908203,50.1784782409668,0.0,0.0,0.0,1.0,1.0,0.0,0.9184347987174988,,,,,,,,,,,,,,,,
1784021378.327,165136000,85,2,255,0,,,,,,,,,,,,,,,,,0.20000000298023224,0.0,3.0214285850524902,2.4571428298950195,3.0214285850524902,2.4571428298950195,0.0,0.0,0.0,0.0,0.0,0.0,0.0,0.0,0.0,0.0
1784021378.388,165186000,90,1,0,0,10.0,25.0,10.0,25.0,9.301878929138184,25.234949111938477,-0.23494958877563477,36.73728561401367,43.906166076660156,0.0,0.0,0.0,1.0,1.0,0.0,-1.071162462234497,,,,,,,,,,,,,,,,
1784021378.389,165196000,91,1,1,0,10.0,25.0,10.0,25.0,8.996362686157227,25.27204132080078,-0.27204155921936035,39.37957000732422,47.669551849365234,0.0,0.0,0.0,1.0,1.0,0.0,1.1254267692565918,,,,,,,,,,,,,,,,
1784021378.410,165206000,92,1,2,0,10.0,25.0,10.0,25.0,8.721475601196289,25.057910919189453,-0.05791187286376953,45.29849624633789,46.83324432373047,0.0,0.0,0.0,1.0,1.0,0.0,-1.2875189781188965,,,,,,,,,,,,,,,,
1784021378.411,165216000,93,1,3,0,10.0,25.0,10.0,25.0,8.428970336914062,25.520944595336914,-0.5209445953369141,34.033470153808594,50.1784782409668,0.0,0.0,0.0,1.0,1.0,0.0,0.9083884954452515,,,,,,,,,,,,,,,,
1784021378.429,165226000,94,2,255,0,,,,,,,,,,,,,,,,,0.20000000298023224,0.0,3.0214285850524902,2.4571428298950195,3.0214285850524902,2.4571428298950195,0.0,0.0,0.0,0.0,0.0,0.0,0.0,0.0,0.0,0.0
1784021378.469,165276000,99,1,0,0,10.0,25.0,10.0,25.0,9.30404281616211,25.23556900024414,-0.23556947708129883,36.72026824951172,43.906166076660156,0.0,0.0,0.0,1.0,1.0,0.0,-1.0710943937301636,,,,,,,,,,,,,,,,
1784021378.500,165286000,100,1,1,0,10.0,25.0,10.0,25.0,8.998119354248047,25.270944595336914,-0.27094483375549316,39.41387939453125,47.669551849365234,0.0,0.0,0.0,1.0,1.0,0.0,1.12662672996521,,,,,,,,,,,,,,,,
1784021378.500,165296000,101,1,2,0,10.0,25.0,10.0,25.0,8.724861145019531,25.056171417236328,-0.056171417236328125,45.25774383544922,46.83324432373047,0.0,0.0,0.0,1.0,1.0,0.0,-1.2870292663574219,,,,,,,,,,,,,,,,
1784021378.510,165306000,102,1,3,0,10.0,25.0,10.0,25.0,8.430097579956055,25.520151138305664,-0.5201518535614014,34.465579986572266,50.1784782409668,0.0,0.0,0.0,1.0,1.0,0.0,0.922059178352356,,,,,,,,,,,,,,,,
1784021378.511,165316000,103,2,255,0,,,,,,,,,,,,,,,,,0.20000000298023224,0.0,3.0214285850524902,2.4571428298950195,3.0214285850524902,2.4571428298950195,0.0,0.0,0.0,0.0,0.0,0.0,0.0,0.0,0.0,0.0
1784021378.570,165366000,108,1,0,0,10.0,25.0,10.0,25.0,9.304021835327148,25.233158111572266,-0.23315846920013428,36.76655197143555,43.906166076660156,0.0,0.0,0.0,1.0,1.0,0.0,-1.0721439123153687,,,,,,,,,,,,,,,,
1784021378.571,165376000,109,1,1,0,10.0,25.0,10.0,25.0,8.996557235717773,25.27155303955078,-0.27155280113220215,39.462982177734375,47.669551849365234,0.0,0.0,0.0,1.0,1.0,0.0,1.1279774904251099,,,,,,,,,,,,,,,,
1784021378.589,165386000,110,1,2,0,10.0,25.0,10.0,25.0,8.72456169128418,25.05541229248047,-0.055411458015441895,45.05962371826172,46.83324432373047,0.0,0.0,0.0,1.0,1.0,0.0,-1.279943585395813,,,,,,,,,,,,,,,,
1784021378.590,165396000,111,1,3,0,10.0,25.0,10.0,25.0,8.428935050964355,25.521102905273438,-0.5211025476455688,34.38677978515625,50.1784782409668,0.0,0.0,0.0,1.0,1.0,0.0,0.9195736646652222,,,,,,,,,,,,,,,,
1784021378.609,165406000,112,2,255,0,,,,,,,,,,,,,,,,,0.20000000298023224,0.0,3.0214285850524902,2.4571428298950195,3.0214285850524902,2.4571428298950195,0.0,0.0,0.0,0.0,0.0,0.0,0.0,0.0,0.0,0.0
1784021378.649,165456000,117,1,0,0,10.0,25.0,10.0,25.0,9.303247451782227,25.234445571899414,-0.23444592952728271,36.98838806152344,43.906166076660156,0.0,0.0,0.0,1.0,1.0,0.0,-1.0798345804214478,,,,,,,,,,,,,,,,
1784021378.669,165466000,118,1,1,0,10.0,25.0,10.0,25.0,8.996949195861816,25.27090072631836,-0.2709001302719116,39.39738464355469,47.669551849365234,0.0,0.0,0.0,1.0,1.0,0.0,1.1257880926132202,,,,,,,,,,,,,,,,
1784021378.670,165476000,119,1,2,0,10.0,25.0,10.0,25.0,8.723217964172363,25.055831909179688,-0.0558316707611084,45.174537658691406,46.83324432373047,0.0,0.0,0.0,1.0,1.0,0.0,-1.283867359161377,,,,,,,,,,,,,,,,
1784021378.690,165486000,120,1,3,0,10.0,25.0,10.0,25.0,8.429947853088379,25.52020835876465,-0.520208477973938,34.36025619506836,50.1784782409668,0.0,0.0,0.0,1.0,1.0,0.0,0.9188856482505798,,,,,,,,,,,,,,,,
1784021378.697,165496000,121,2,255,0,,,,,,,,,,,,,,,,,0.20000000298023224,0.0,3.0214285850524902,2.4571428298950195,3.0214285850524902,2.4571428298950195,0.0,0.0,0.0,0.0,0.0,0.0,0.0,0.0,0.0,0.0
1784021378.750,165546000,126,1,0,0,10.0,25.0,10.0,25.0,9.305495262145996,25.234954833984375,-0.2349555492401123,36.754024505615234,43.906166076660156,0.0,0.0,0.0,1.0,1.0,0.0,-1.0721712112426758,,,,,,,,,,,,,,,,
1784021378.814,165556000,127,1,1,0,10.0,25.0,10.0,25.0,8.997855186462402,25.27146339416504,-0.27146339416503906,39.33275604248047,47.669551849365234,0.0,0.0,0.0,1.0,1.0,0.0,1.1240178346633911,,,,,,,,,,,,,,,,
1784021378.815,165566000,128,1,2,0,10.0,25.0,10.0,25.0,8.72561264038086,25.0559024810791,-0.05590319633483887,45.21579360961914,46.83324432373047,0.0,0.0,0.0,1.0,1.0,0.0,-1.2860028743743896,,,,,,,,,,,,,,,,
1784021378.817,165576000,129,1,3,0,10.0,25.0,10.0,25.0,8.42863655090332,25.521568298339844,-0.5215674638748169,34.5468635559082,50.1784782409668,0.0,0.0,0.0,1.0,1.0,0.0,0.9244681000709534,,,,,,,,,,,,,,,,
1784021378.825,165586000,130,2,255,0,,,,,,,,,,,,,,,,,0.20000000298023224,0.0,3.0214285850524902,2.4571428298950195,3.0214285850524902,2.4571428298950195,0.0,0.0,0.0,0.0,0.0,0.0,0.0,0.0,0.0,0.0
1784021378.838,165636000,135,1,0,0,10.0,25.0,10.0,25.0,9.302149772644043,25.23428726196289,-0.23428797721862793,36.739471435546875,43.906166076660156,0.0,0.0,0.0,1.0,1.0,0.0,-1.0712696313858032,,,,,,,,,,,,,,,,
1784021378.848,165646000,136,1,1,0,10.0,25.0,10.0,25.0,8.994812965393066,25.272632598876953,-0.2726316452026367,39.47298812866211,47.669551849365234,0.0,0.0,0.0,1.0,1.0,0.0,1.12813401222229,,,,,,,,,,,,,,,,
1784021378.848,165656000,137,1,2,0,10.0,25.0,10.0,25.0,8.722739219665527,25.056427001953125,-0.056427717208862305,45.25367736816406,46.83324432373047,0.0,0.0,0.0,1.0,1.0,0.0,-1.2866512537002563,,,,,,,,,,,,,,,,
1784021378.865,165666000,138,1,3,0,10.0,25.0,10.0,25.0,8.429030418395996,25.52092742919922,-0.5209267139434814,34.27103805541992,50.1784782409668,0.0,0.0,0.0,1.0,1.0,0.0,0.9165217280387878,,,,,,,,,,,,,,,,
1784021378.871,165676000,139,2,255,0,,,,,,,,,,,,,,,,,0.20000000298023224,0.0,3.0214285850524902,2.4571428298950195,3.0214285850524902,2.4571428298950195,0.0,0.0,0.0,0.0,0.0,0.0,0.0,0.0,0.0,0.0
1784021378.927,165726000,144,1,0,0,10.0,25.0,10.0,25.0,9.304081916809082,25.235515594482422,-0.23551583290100098,36.747135162353516,43.906166076660156,0.0,0.0,0.0,1.0,1.0,0.0,-1.0718854665756226,,,,,,,,,,,,,,,,
1784021378.928,165736000,145,1,1,0,10.0,25.0,10.0,25.0,8.996597290039062,25.271484375,-0.27148425579071045,39.37826919555664,47.669551849365234,0.0,0.0,0.0,1.0,1.0,0.0,1.1253076791763306,,,,,,,,,,,,,,,,
1784021378.945,165746000,146,1,2,0,10.0,25.0,10.0,25.0,8.724352836608887,25.055917739868164,-0.055918097496032715,45.354698181152344,46.83324432373047,0.0,0.0,0.0,1.0,1.0,0.0,-1.2897226810455322,,,,,,,,,,,,,,,,
1784021378.948,165756000,147,1,3,0,10.0,25.0,10.0,25.0,8.429390907287598,25.52133560180664,-0.5213350057601929,34.497093200683594,50.1784782409668,0.0,0.0,0.0,1.0,1.0,0.0,0.922932505607605,,,,,,,,,,,,,,,,
1784021378.965,165766000,148,2,255,0,,,,,,,,,,,,,,,,,0.20000000298023224,0.0,3.0214285850524902,2.4571428298950195,3.0214285850524902,2.4571428298950195,0.0,0.0,0.0,0.0,0.0,0.0,0.0,0.0,0.0,0.0
1784021379.008,165816000,153,1,0,0,10.0,25.0,10.0,25.0,9.303940773010254,25.234577178955078,-0.23457705974578857,36.7165641784668,43.906166076660156,0.0,0.0,0.0,1.0,1.0,0.0,-1.0706008672714233,,,,,,,,,,,,,,,,
1784021379.030,165826000,154,1,1,0,10.0,25.0,10.0,25.0,8.995142936706543,25.27199935913086,-0.2719998359680176,39.38017654418945,47.669551849365234,0.0,0.0,0.0,1.0,1.0,0.0,1.1250070333480835,,,,,,,,,,,,,,,,
1784021379.031,165836000,155,1,2,0,10.0,25.0,10.0,25.0,8.723066329956055,25.057214736938477,-0.05721449851989746,45.00341796875,46.83324432373047,0.0,0.0,0.0,1.0,1.0,0.0,-1.27852463722229,,,,,,,,,,,,,,,,
1784021379.050,165846000,156,1,3,0,10.0,25.0,10.0,25.0,8.428699493408203,25.52155876159668,-0.5215585231781006,34.279300689697266,50.1784782409668,0.0,0.0,0.0,1.0,1.0,0.0,0.9158334732055664,,,,,,,,,,,,,,,,
1784021379.051,165856000,157,2,255,0,,,,,,,,,,,,,,,,,0.20000000298023224,0.0,3.0214285850524902,2.4571428298950195,3.0214285850524902,2.4571428298950195,0.0,0.0,0.0,0.0,0.0,0.0,0.0,0.0,0.0,0.0
1784021379.110,165906000,162,1,0,0,10.0,25.0,10.0,25.0,9.301911354064941,25.234886169433594,-0.2348870038986206,36.6958122253418,43.906166076660156,0.0,0.0,0.0,1.0,1.0,0.0,-1.069925308227539,,,,,,,,,,,,,,,,
1784021379.110,165916000,163,1,1,0,10.0,25.0,10.0,25.0,8.996317863464355,25.272018432617188,-0.2720177173614502,39.39785385131836,47.669551849365234,0.0,0.0,0.0,1.0,1.0,0.0,1.126071572303772,,,,,,,,,,,,,,,,
1784021379.129,165926000,164,1,2,0,10.0,25.0,10.0,25.0,8.722579956054688,25.056961059570312,-0.05696117877960205,45.0990104675293,46.83324432373047,0.0,0.0,0.0,1.0,1.0,0.0,-1.2815130949020386,,,,,,,,,,,,,,,,
1784021379.130,165936000,165,1,3,0,10.0,25.0,10.0,25.0,8.428936004638672,25.52100944519043,-0.521010160446167,34.28768539428711,50.1784782409668,0.0,0.0,0.0,1.0,1.0,0.0,0.9162362217903137,,,,,,,,,,,,,,,,
1784021379.150,165946000,166,2,255,0,,,,,,,,,,,,,,,,,0.20000000298023224,0.0,3.0214285850524902,2.4571428298950195,3.0214285850524902,2.4571428298950195,0.0,0.0,0.0,0.0,0.0,0.0,0.0,0.0,0.0,0.0
1784021379.190,165996000,171,1,0,0,10.0,25.0,10.0,25.0,9.30485725402832,25.2352294921875,-0.2352297306060791,36.75901412963867,43.906166076660156,0.0,0.0,0.0,1.0,1.0,0.0,-1.0723592042922974,,,,,,,,,,,,,,,,
1784021379.210,166006000,172,1,1,0,10.0,25.0,10.0,25.0,8.997435569763184,25.271183013916016,-0.2711832523345947,39.30522537231445,47.669551849365234,0.0,0.0,0.0,1.0,1.0,0.0,1.1231082677841187,,,,,,,,,,,,,,,,
1784021379.212,166016000,173,1,2,0,10.0,25.0,10.0,25.0,8.725590705871582,25.055950164794922,-0.05595088005065918,45.126922607421875,46.83324432373047,0.0,0.0,0.0,1.0,1.0,0.0,-1.2827473878860474,,,,,,,,,,,,,,,,
1784021379.231,166026000,174,1,3,0,10.0,25.0,10.0,25.0,8.428203582763672,25.52247428894043,-0.5224734544754028,33.94732666015625,50.1784782409668,0.0,0.0,0.0,1.0,1.0,0.0,0.9052806496620178,,,,,,,,,,,,,,,,
1784021379.231,166036000,175,2,255,0,,,,,,,,,,,,,,,,,0.20000000298023224,0.0,3.0214285850524902,2.4571428298950195,3.0214285850524902,2.4571428298950195,0.0,0.0,0.0,0.0,0.0,0.0,0.0,0.0,0.0,0.0
1784021379.289,166086000,180,1,0,0,10.0,25.0,10.0,25.0,9.302481651306152,25.233734130859375,-0.2337336540222168,36.64793395996094,43.906166076660156,0.0,0.0,0.0,1.0,1.0,0.0,-1.068204402923584,,,,,,,,,,,,,,,,
1784021379.350,166096000,181,1,1,0,10.0,25.0,10.0,25.0,8.995672225952148,25.27228546142578,-0.27228593826293945,39.291259765625,47.669551849365234,0.0,0.0,0.0,1.0,1.0,0.0,1.1224617958068848,,,,,,,,,,,,,,,,
1784021379.351,166106000,182,1,2,0,10.0,25.0,10.0,25.0,8.722807884216309,25.05640411376953,-0.05640387535095215,44.91219711303711,46.83324432373047,0.0,0.0,0.0,1.0,1.0,0.0,-1.2752888202667236,,,,,,,,,,,,,,,,
1784021379.352,166116000,183,1,3,0,10.0,25.0,10.0,25.0,8.428905487060547,25.52105712890625,-0.5210578441619873,34.10149002075195,50.1784782409668,0.0,0.0,0.0,1.0,1.0,0.0,0.9099175333976746,,,,,,,,,,,,,,,,
1784021379.353,166126000,184,2,255,0,,,,,,,,,,,,,,,,,0.20000000298023224,0.0,3.0214285850524902,2.4571428298950195,3.0214285850524902,2.4571428298950195,0.0,0.0,0.0,0.0,0.0,0.0,0.0,0.0,0.0,0.0
1784021379.378,166176000,189,1,0,0,10.0,25.0,10.0,25.0,9.303147315979004,25.234912872314453,-0.23491382598876953,36.720516204833984,43.906166076660156,0.0,0.0,0.0,1.0,1.0,0.0,-1.0707523822784424,,,,,,,,,,,,,,,,
1784021379.389,166186000,190,1,1,0,10.0,25.0,10.0,25.0,8.99740219116211,25.2712459564209,-0.2712458372116089,39.434288024902344,47.669551849365234,0.0,0.0,0.0,1.0,1.0,0.0,1.1272225379943848,,,,,,,,,,,,,,,,
1784021379.390,166196000,191,1,2,0,10.0,25.0,10.0,25.0,8.724170684814453,25.056400299072266,-0.05640089511871338,45.048160552978516,46.83324432373047,0.0,0.0,0.0,1.0,1.0,0.0,-1.2799577713012695,,,,,,,,,,,,,,,,
1784021379.409,166206000,192,1,3,0,10.0,25.0,10.0,25.0,8.428321838378906,25.52120018005371,-0.5212008953094482,34.17005157470703,50.1784782409668,0.0,0.0,0.0,1.0,1.0,0.0,0.9122251868247986,,,,,,,,,,,,,,,,
1784021379.410,166216000,193,2,255,0,,,,,,,,,,,,,,,,,0.20000000298023224,0.0,3.0214285850524902,2.4571428298950195,3.0214285850524902,2.4571428298950195,0.0,0.0,0.0,0.0,0.0,0.0,0.0,0.0,0.0,0.0
1784021379.470,166266000,198,1,0,0,10.0,25.0,10.0,25.0,9.303431510925293,25.23433494567871,-0.23433566093444824,36.740028381347656,43.906166076660156,0.0,0.0,0.0,1.0,1.0,0.0,-1.0713144540786743,,,,,,,,,,,,,,,,
1784021379.470,166276000,199,1,1,0,10.0,25.0,10.0,25.0,8.997404098510742,25.271242141723633,-0.2712428569793701,39.40739059448242,47.669551849365234,0.0,0.0,0.0,1.0,1.0,0.0,1.126151204109192,,,,,,,,,,,,,,,,
1784021379.488,166286000,200,1,2,0,10.0,25.0,10.0,25.0,8.722586631774902,25.056955337524414,-0.05695521831512451,45.05616760253906,46.83324432373047,0.0,0.0,0.0,1.0,1.0,0.0,-1.280012845993042,,,,,,,,,,,,,,,,
1784021379.488,166296000,201,1,3,0,10.0,25.0,10.0,25.0,8.428902626037598,25.52097511291504,-0.5209743976593018,34.26068115234375,50.1784782409668,0.0,0.0,0.0,1.0,1.0,0.0,0.915466845035553,,,,,,,,,,,,,,,,
1784021379.506,166306000,202,2,255,0,,,,,,,,,,,,,,,,,0.20000000298023224,0.0,3.0214285850524902,2.4571428298950195,3.0214285850524902,2.4571428298950195,0.0,0.0,0.0,0.0,0.0,0.0,0.0,0.0,0.0,0.0
1784021379.549,166356000,207,1,0,0,10.0,25.0,10.0,25.0,9.304427146911621,25.232112884521484,-0.23211240768432617,36.9288330078125,43.906166076660156,0.0,0.0,0.0,1.0,1.0,0.0,-1.0776379108428955,,,,,,,,,,,,,,,,
1784021379.566,166366000,208,1,1,0,10.0,25.0,10.0,25.0,8.99274730682373,25.272903442382812,-0.27290284633636475,39.36948776245117,47.669551849365234,0.0,0.0,0.0,1.0,1.0,0.0,1.1245383024215698,,,,,,,,,,,,,,,,
1784021379.570,166376000,209,1,2,0,10.0,25.0,10.0,25.0,8.724599838256836,25.05677032470703,-0.0567704439163208,45.114933013916016,46.83324432373047,0.0,0.0,0.0,1.0,1.0,0.0,-1.2822874784469604,,,,,,,,,,,,,,,,
1784021379.587,166386000,210,1,3,0,10.0,25.0,10.0,25.0,8.428068161010742,25.521432876586914,-0.5214333534240723,34.391563415527344,50.1784782409668,0.0,0.0,0.0,1.0,1.0,0.0,0.9194808006286621,,,,,,,,,,,,,,,,
1784021379.590,166396000,211,2,255,0,,,,,,,,,,,,,,,,,0.20000000298023224,0.0,3.0214285850524902,2.4571428298950195,3.0214285850524902,2.4571428298950195,0.0,0.0,0.0,0.0,0.0,0.0,0.0,0.0,0.0,0.0
1784021379.649,166446000,216,1,0,0,10.0,25.0,10.0,25.0,9.30305290222168,25.236326217651367,-0.2363264560699463,37.20378494262695,43.906166076660156,0.0,0.0,0.0,1.0,1.0,0.0,-1.086418628692627,,,,,,,,,,,,,,,,
1784021379.650,166456000,217,1,1,0,10.0,25.0,10.0,25.0,8.99928092956543,25.270998001098633,-0.270998477935791,39.39914321899414,47.669551849365234,0.0,0.0,0.0,1.0,1.0,0.0,1.1263363361358643,,,,,,,,,,,,,,,,
1784021379.666,166466000,218,1,2,0,10.0,25.0,10.0,25.0,8.723859786987305,25.055662155151367,-0.055661797523498535,45.36893844604492,46.83324432373047,0.0,0.0,0.0,1.0,1.0,0.0,-1.2902138233184814,,,,,,,,,,,,,,,,
1784021379.670,166476000,219,1,3,0,10.0,25.0,10.0,25.0,8.430484771728516,25.520488739013672,-0.5204886198043823,34.054649353027344,50.1784782409668,0.0,0.0,0.0,1.0,1.0,0.0,0.9085685610771179,,,,,,,,,,,,,,,,
1784021379.686,166486000,220,2,255,0,,,,,,,,,,,,,,,,,0.20000000298023224,0.0,3.0214285850524902,2.4571428298950195,3.0214285850524902,2.4571428298950195,0.0,0.0,0.0,0.0,0.0,0.0,0.0,0.0,0.0,0.0
1784021379.730,166536000,225,1,0,0,10.0,25.0,10.0,25.0,9.304973602294922,25.232379913330078,-0.23238062858581543,36.838375091552734,43.906166076660156,0.0,0.0,0.0,1.0,1.0,0.0,-1.0747729539871216,,,,,,,,,,,,,,,,
1784021379.746,166546000,226,1,1,0,10.0,25.0,10.0,25.0,8.994695663452148,25.272632598876953,-0.2726316452026367,39.352943420410156,47.669551849365234,0.0,0.0,0.0,1.0,1.0,0.0,1.124393105506897,,,,,,,,,,,,,,,,
1784021379.750,166556000,227,1,2,0,10.0,25.0,10.0,25.0,8.723752975463867,25.056127548217773,-0.05612671375274658,45.187469482421875,46.83324432373047,0.0,0.0,0.0,1.0,1.0,0.0,-1.2842918634414673,,,,,,,,,,,,,,,,
1784021379.766,166566000,228,1,3,0,10.0,25.0,10.0,25.0,8.427520751953125,25.52243995666504,-0.5224406719207764,34.20343017578125,50.1784782409668,0.0,0.0,0.0,1.0,1.0,0.0,0.9138395190238953,,,,,,,,,,,,,,,,
1784021379.770,166576000,229,2,255,0,,,,,,,,,,,,,,,,,0.20000000298023224,0.0,3.0214285850524902,2.4571428298950195,3.0214285850524902,2.4571428298950195,0.0,0.0,0.0,0.0,0.0,0.0,0.0,0.0,0.0,0.0
1784021379.823,166626000,234,1,0,0,10.0,25.0,10.0,25.0,9.30216121673584,25.23665428161621,-0.23665428161621094,36.61240005493164,43.906166076660156,0.0,0.0,0.0,1.0,1.0,0.0,-1.067378044128418,,,,,,,,,,,,,,,,
1784021379.858,166636000,235,1,1,0,10.0,25.0,10.0,25.0,8.996664047241211,25.271469116210938,-0.2714693546295166,39.42261505126953,47.669551849365234,0.0,0.0,0.0,1.0,1.0,0.0,1.1266833543777466,,,,,,,,,,,,,,,,
1784021379.858,166646000,236,1,2,0,10.0,25.0,10.0,25.0,8.723034858703613,25.057279586791992,-0.05728006362915039,45.058570861816406,46.83324432373047,0.0,0.0,0.0,1.0,1.0,0.0,-1.2803409099578857,,,,,,,,,,,,,,,,
1784021379.859,166656000,237,1,3,0,10.0,25.0,10.0,25.0,8.429685592651367,25.520795822143555,-0.5207955837249756,33.762054443359375,50.1784782409668,0.0,0.0,0.0,1.0,1.0,0.0,0.8999691009521484,,,,,,,,,,,,,,,,
1784021379.868,166666000,238,2,255,0,,,,,,,,,,,,,,,,,0.20000000298023224,0.0,3.0214285850524902,2.4571428298950195,3.0214285850524902,2.4571428298950195,0.0,0.0,0.0,0.0,0.0,0.0,0.0,0.0,0.0,0.0
1784021379.908,166716000,243,1,0,0,10.0,25.0,10.0,25.0,9.305288314819336,25.234121322631836,-0.23412108421325684,36.83229446411133,43.906166076660156,0.0,0.0,0.0,1.0,1.0,0.0,-1.0745933055877686,,,,,,,,,,,,,,,,
1784021379.925,166726000,244,1,1,0,10.0,25.0,10.0,25.0,8.995894432067871,25.2717342376709,-0.2717345952987671,39.374053955078125,47.669551849365234,0.0,0.0,0.0,1.0,1.0,0.0,1.1249752044677734,,,,,,,,,,,,,,,,
1784021379.931,166736000,245,1,2,0,10.0,25.0,10.0,25.0,8.723877906799316,25.055980682373047,-0.055980682373046875,45.08372116088867,46.83324432373047,0.0,0.0,0.0,1.0,1.0,0.0,-1.2808107137680054,,,,,,,,,,,,,,,,
1784021379.946,166746000,246,1,3,0,10.0,25.0,10.0,25.0,8.429420471191406,25.521272659301758,-0.5212724208831787,34.28094482421875,50.1784782409668,0.0,0.0,0.0,1.0,1.0,0.0,0.9161754846572876,,,,,,,,,,,,,,,,
1784021379.949,166756000,247,2,255,0,,,,,,,,,,,,,,,,,0.20000000298023224,0.0,3.0214285850524902,2.4571428298950195,3.0214285850524902,2.4571428298950195,0.0,0.0,0.0,0.0,0.0,0.0,0.0,0.0,0.0,0.0
1784021380.003,166806000,252,1,0,0,10.0,25.0,10.0,25.0,9.30317211151123,25.233476638793945,-0.23347735404968262,36.81171417236328,43.906166076660156,0.0,0.0,0.0,1.0,1.0,0.0,-1.0738393068313599,,,,,,,,,,,,,,,,
1784021380.008,166816000,253,1,1,0,10.0,25.0,10.0,25.0,8.994619369506836,25.27313232421875,-0.27313232421875,39.30744171142578,47.669551849365234,0.0,0.0,0.0,1.0,1.0,0.0,1.1228910684585571,,,,,,,,,,,,,,,,
1784021380.024,166826000,254,1,2,0,10.0,25.0,10.0,25.0,8.72238826751709,25.05611228942871,-0.056111812591552734,45.0707893371582,46.83324432373047,0.0,0.0,0.0,1.0,1.0,0.0,-1.2805819511413574,,,,,,,,,,,,,,,,
1784021380.028,166836000,255,1,3,4,10.0,25.0,10.0,25.0,8.425469398498535,25.525192260742188,-0.5251914262771606,44.18975830078125,61.83317184448242,0.0,0.0,0.0,0.0,0.7799999713897705,0.38969922065734863,1.2025511264801025,,,,,,,,,,,,,,,,
1784021380.045,166846000,0,2,255,0,,,,,,,,,,,,,,,,,-0.20000000298023224,0.0,3.0214285850524902,2.4571428298950195,3.0214285850524902,2.4571428298950195,-0.20000000298023224,0.0,0.0,0.0,0.0,0.0,0.0,0.0,0.0,0.0
1784021380.088,166896000,5,1,0,0,10.0,25.0,10.0,25.0,9.264883995056152,25.31706428527832,-0.31706392765045166,37.71025848388672,48.78462600708008,0.0,0.0,0.0,0.0,0.7799999713897705,0.0,-1.0936287641525269,,,,,,,,,,,,,,,,
1784021380.105,166906000,6,1,1,0,10.0,25.0,10.0,25.0,8.938753128051758,25.32560157775879,-0.32560229301452637,42.33168029785156,52.96616744995117,0.0,0.0,0.0,0.0,0.7799999713897705,0.0,1.206383466720581,,,,,,,,,,,,,,,,
1784021380.109,166916000,7,1,2,4,10.0,25.0,10.0,25.0,8.664339065551758,25.13619613647461,-0.13619661331176758,51.711944580078125,56.95576095581055,0.0,0.0,0.0,0.0,0.7799999713897705,0.2627575695514679,-1.4675178527832031,,,,,,,,,,,,,,,,
1784021380.125,166926000,8,1,3,4,10.0,25.0,10.0,25.0,8.318289756774902,25.663433074951172,-0.6634324789047241,39.51365280151367,63.115753173828125,0.0,0.0,0.0,0.0,0.7799999713897705,0.4719159007072449,1.0447105169296265,,,,,,,,,,,,,,,,
1784021380.127,166936000,9,2,255,0,,,,,,,,,,,,,,,,,-0.20000000298023224,0.0,3.0214285850524902,2.4571428298950195,3.0214285850524902,2.4571428298950195,-0.20000000298023224,0.0,0.0,0.0,0.0,0.0,0.0,0.0,0.0,0.0
1784021380.184,166986000,14,1,0,0,10.0,25.0,10.0,25.0,9.043886184692383,25.433427810668945,-0.433427095413208,34.628631591796875,48.78462600708008,0.0,0.0,0.0,0.0,0.7799999713897705,0.0,-0.9750987887382507,,,,,,,,,,,,,,,,
1784021380.187,166996000,15,1,1,0,10.0,25.0,10.0,25.0,8.91036319732666,25.37526512145996,-0.37526488304138184,41.31594467163086,52.96616744995117,0.0,0.0,0.0,0.0,0.7799999713897705,0.0,1.1733626127243042,,,,,,,,,,,,,,,,
1784021380.206,167006000,16,1,2,4,10.0,25.0,10.0,25.0,8.685748100280762,25.19525909423828,-0.19525885581970215,50.104679107666016,56.891441345214844,0.0,0.0,0.0,0.0,0.7799999713897705,0.2593217194080353,-1.421005368232727,,,,,,,,,,,,,,,,
1784021380.207,167016000,17,1,3,4,10.0,25.0,10.0,25.0,8.207697868347168,25.733734130859375,-0.7337331771850586,38.475101470947266,63.80992889404297,0.0,0.0,0.0,0.0,0.7799999713897705,0.5164145231246948,0.9997555613517761,,,,,,,,,,,,,,,,
1784021380.225,167026000,18,2,255,0,,,,,,,,,,,,,,,,,-0.20000000298023224,0.0,3.0214285850524902,2.4571428298950195,3.0214285850524902,2.4571428298950195,-0.20000000298023224,0.0,0.0,0.0,0.0,0.0,0.0,0.0,0.0,0.0
1784021380.266,167076000,23,1,0,4,10.0,25.0,10.0,25.0,8.742015838623047,25.590694427490234,-0.5906939506530762,37.06800079345703,42.746063232421875,0.0,0.0,0.0,0.0,0.7799999713897705,0.30090102553367615,-1.029021143913269,,,,,,,,,,,,,,,,
1784021380.282,167086000,24,1,1,0,10.0,25.0,10.0,25.0,8.926872253417969,25.370466232299805,-0.3704667091369629,38.53167724609375,41.3136100769043,0.0,0.0,0.0,0.0,0.7799999713897705,0.0,1.1082135438919067,,,,,,,,,,,,,,,,
1784021380.290,167096000,25,1,2,4,10.0,25.0,10.0,25.0,8.763394355773926,25.17848014831543,-0.1784801483154297,43.64813995361328,44.987693786621094,0.0,0.0,0.0,0.0,0.7799999713897705,0.23498302698135376,-1.2557933330535889,,,,,,,,,,,,,,,,
1784021380.306,167106000,26,1,3,4,10.0,25.0,10.0,25.0,7.931564807891846,25.930252075195312,-0.9302526712417603,44.10668182373047,53.23788070678711,0.0,0.0,0.0,0.0,0.7799999713897705,0.6249917149543762,1.1560031175613403,,,,,,,,,,,,,,,,
1784021380.307,167116000,27,2,255,0,,,,,,,,,,,,,,,,,-0.20000000298023224,0.0,3.0214285850524902,2.4571428298950195,3.0214285850524902,2.4571428298950195,-0.20000000298023224,0.0,0.0,0.0,0.0,0.0,0.0,0.0,0.0,0.0
1784021380.361,167166000,32,1,0,4,10.0,25.0,10.0,25.0,8.352289199829102,25.84151840209961,-0.8415192365646362,37.100372314453125,45.17082214355469,0.0,0.0,0.0,0.0,0.7799999713897705,0.4563344419002533,-0.988537073135376,,,,,,,,,,,,,,,,
1784021380.392,167176000,33,1,1,0,10.0,25.0,10.0,25.0,9.004768371582031,25.334871292114258,-0.3348708152770996,38.9001350402832,41.3136100769043,0.0,0.0,0.0,0.0,0.7799999713897705,0.0,1.1275715827941895,,,,,,,,,,,,,,,,
1784021380.393,167186000,34,1,2,4,10.0,25.0,10.0,25.0,8.915094375610352,25.11369514465332,-0.11369585990905762,43.60527038574219,44.17949676513672,0.0,0.0,0.0,0.0,0.7799999713897705,0.19181014597415924,-1.2718758583068848,,,,,,,,,,,,,,,,
1784021380.393,167196000,35,1,3,4,10.0,25.0,10.0,25.0,7.626543998718262,26.165176391601562,-1.165175437927246,43.86925506591797,55.150814056396484,0.0,0.0,0.0,0.0,0.7799999713897705,0.7476156949996948,1.1126394271850586,,,,,,,,,,,,,,,,
1784021380.402,167206000,36,2,255,0,,,,,,,,,,,,,,,,,-0.20000000298023224,0.0,3.0214285850524902,2.4571428298950195,3.0214285850524902,2.4571428298950195,-0.20000000298023224,0.0,0.0,0.0,0.0,0.0,0.0,0.0,0.0,0.0
1784021380.448,167256000,41,1,0,4,10.0,25.0,10.0,25.0,8.027544975280762,26.04508399963379,-1.045083999633789,37.57194519042969,47.2125358581543,0.0,0.0,0.0,0.0,0.7799999713897705,0.5872135162353516,-0.9727532267570496,,,,,,,,,,,,,,,,
1784021380.461,167266000,42,1,1,0,10.0,25.0,10.0,25.0,9.090264320373535,25.304841995239258,-0.3048419952392578,39.121742248535156,41.3136100769043,0.0,0.0,0.0,0.0,0.7799999713897705,0.0,1.141333818435669,,,,,,,,,,,,,,,,
1784021380.472,167276000,43,1,2,4,10.0,25.0,10.0,25.0,8.974761962890625,25.0833683013916,-0.08336901664733887,42.993099212646484,43.5484733581543,0.0,0.0,0.0,0.0,0.7799999713897705,0.15810176730155945,-1.2541462182998657,,,,,,,,,,,,,,,,
1784021380.480,167286000,44,1,3,4,10.0,25.0,10.0,25.0,7.470578193664551,26.30674171447754,-1.3067424297332764,43.18708038330078,55.188011169433594,0.0,0.0,0.0,0.0,0.7799999713897705,0.7499999403953552,1.0800502300262451,,,,,,,,,,,,,,,,
1784021380.485,167296000,45,2,255,0,,,,,,,,,,,,,,,,,-0.20000000298023224,0.0,3.0214285850524902,2.4571428298950195,3.0214285850524902,2.4571428298950195,-0.20000000298023224,0.0,0.0,0.0,0.0,0.0,0.0,0.0,0.0,0.0
1784021380.540,167346000,50,1,0,5,9.999953269958496,24.99356460571289,9.999953269958496,24.99356460571289,8.117830276489258,25.90135383605957,-0.9077891707420349,-15.716053009033203,0.0,0.0,-0.28219327330589294,0.0,0.0,0.0,0.3733316957950592,0.5657973289489746,,,,,,,,,,,,,,,,
1784021380.548,167356000,51,1,1,1,9.978468894958496,24.961063385009766,9.978468894958496,24.961063385009766,9.343729019165039,25.06968116760254,-0.10861754417419434,1.3278133869171143,0.0,0.0,0.0,0.0,0.0,0.0,0.0,0.01883886195719242,,,,,,,,,,,,,,,,
1784021380.568,167366000,52,1,2,4,9.969036102294922,25.0,9.969036102294922,25.0,8.77029037475586,25.301456451416016,-0.3014564514160156,102.53852844238281,109.65225219726562,0.0,0.0,0.0,0.221821591258049,0.8288007378578186,0.21051892638206482,-3.0048584938049316,,,,,,,,,,,,,,,,
1784021380.570,167376000,53,1,3,4,10.001812934875488,25.0,10.001812934875488,25.0,7.222038269042969,26.5012264251709,-1.5012264251708984,78.45584869384766,108.73451232910156,0.0,0.0,0.0,0.36077994108200073,0.859371542930603,0.7499999403953552,2.0282273292541504,,,,,,,,,,,,,,,,
1784021380.580,167386000,54,2,255,0,,,,,,,,,,,,,,,,,-0.20000000298023224,0.0,3.0214285850524902,2.4571428298950195,3.0214285850524902,2.4571428298950195,-0.20000000298023224,0.0,0.0,0.0,0.0,0.0,0.0,0.0,0.0,0.0
1784021380.627,167436000,59,1,0,1,9.95292854309082,24.422748565673828,9.95292854309082,24.422748565673828,8.82596492767334,25.04707908630371,-0.6243303418159485,-6.24986457824707,0.0,0.0,-0.9941099882125854,0.0,0.0,0.0,0.015120037831366062,0.2241675853729248,,,,,,,,,,,,,,,,
1784021380.640,167446000,60,1,1,1,9.821558952331543,24.370412826538086,9.821558952331543,24.370412826538086,9.68619155883789,24.528038024902344,-0.1576259732246399,-2.07100248336792,0.0,0.0,0.0,0.0,0.0,0.0,0.0,-0.05697011575102806,,,,,,,,,,,,,,,,
1784021380.647,167456000,61,1,2,4,9.922298431396484,25.0,9.922298431396484,25.0,7.971803188323975,25.75719451904297,-0.7571935653686523,107.72856903076172,138.17562866210938,0.0,0.0,0.0,1.0,1.0,0.478065550327301,-3.0061094760894775,,,,,,,,,,,,,,,,
1784021380.660,167466000,62,1,3,4,10.062187194824219,25.0,10.062187194824219,25.0,7.084138870239258,26.44878578186035,-1.4487862586975098,77.75299072265625,127.15257263183594,0.0,0.0,0.0,1.0,1.0,0.7499999403953552,1.9610068798065186,,,,,,,,,,,,,,,,
1784021380.668,167476000,63,2,255,0,,,,,,,,,,,,,,,,,-0.20000000298023224,0.0,3.0214285850524902,2.4571428298950195,3.0214285850524902,2.4571428298950195,-0.20000000298023224,0.0,0.0,0.0,0.0,0.0,0.0,0.0,0.0,0.0
1784021380.719,167526000,68,1,0,1,9.722702026367188,23.59524154663086,9.722702026367188,23.59524154663086,9.272686958312988,24.014265060424805,-0.41902363300323486,-3.5590949058532715,0.0,0.0,0.0,0.0,0.0,0.0,0.0006123660714365542,0.11649695783853531,,,,,,,,,,,,,,,,
1784021380.729,167536000,69,1,1,1,9.47371768951416,23.713037490844727,9.47371768951416,23.713037490844727,9.597262382507324,23.865711212158203,-0.15267431735992432,-2.760809898376465,0.0,0.0,0.0,0.0,0.0,0.0,0.0,-0.07999669760465622,,,,,,,,,,,,,,,,
1784021380.740,167546000,70,1,2,4,10.015127182006836,25.0,10.015127182006836,25.0,7.382485866546631,26.164749145507812,-1.164749264717102,99.39846801757812,146.1578369140625,0.0,0.0,0.0,1.0,1.0,0.7230609655380249,-2.634392499923706,,,,,,,,,,,,,,,,
1784021380.746,167556000,71,1,3,4,10.267620086669922,25.0,10.267620086669922,25.0,7.161534786224365,26.253175735473633,-1.2531757354736328,85.97469329833984,128.64794921875,0.0,0.0,0.0,1.0,1.0,0.7499999403953552,2.2046821117401123,,,,,,,,,,,,,,,,
1784021380.759,167566000,72,2,255,0,,,,,,,,,,,,,,,,,-0.20000000298023224,0.0,3.0214285850524902,2.4571428298950195,3.0214285850524902,2.4571428298950195,-0.20000000298023224,0.0,0.0,0.0,0.0,0.0,0.0,0.0,0.0,0.0
1784021380.813,167616000,77,1,0,1,9.352080345153809,23.598283767700195,9.352080345153809,23.598283767700195,9.22766399383545,23.684757232666016,-0.08647441864013672,-0.5224530696868896,0.0,0.0,0.0,0.0,0.0,0.0,2.480101102264598e-05,0.017569750547409058,,,,,,,,,,,,,,,,
1784021380.819,167626000,78,1,1,1,9.004915237426758,23.82054901123047,9.004915237426758,23.82054901123047,9.258108139038086,23.81307601928711,0.007471442222595215,-0.01093708723783493,0.0,0.0,0.0,0.0,0.0,0.0,0.0,0.009686178527772427,,,,,,,,,,,,,,,,
1784021380.830,167636000,79,1,2,4,10.236372947692871,25.0,10.236372947692871,25.0,7.221814155578613,26.392459869384766,-1.3924598693847656,94.118896484375,148.3636016845703,0.0,0.0,0.0,1.0,1.0,0.8499975800514221,-2.424159288406372,,,,,,,,,,,,,,,,
1784021380.839,167646000,80,1,3,4,10.591708183288574,25.0,10.591708183288574,25.0,7.306670188903809,26.169944763183594,-1.1699438095092773,86.81336975097656,127.67400360107422,0.0,0.0,0.0,1.0,1.0,0.7499999403953552,2.2272820472717285,,,,,,,,,,,,,,,,
1784021380.849,167656000,81,2,255,0,,,,,,,,,,,,,,,,,-0.20000000298023224,0.0,3.0214285850524902,2.4571428298950195,3.0214285850524902,2.4571428298950195,-0.20000000298023224,0.0,0.0,0.0,0.0,0.0,0.0,0.0,0.0,0.0
1784021380.898,167706000,86,1,0,1,9.057405471801758,24.455570220947266,9.057405471801758,24.455570220947266,9.000188827514648,24.416927337646484,0.03864318132400513,0.5521231293678284,0.0,0.0,0.0,0.0,0.0,0.0,1.004447995001101e-06,-0.013770005665719509,,,,,,,,,,,,,,,,
1784021380.951,167716000,87,1,1,1,8.63464641571045,24.579069137573242,8.63464641571045,24.579069137573242,8.846578598022461,24.667430877685547,-0.08836090564727783,-0.7594864368438721,0.0,0.0,0.0,0.0,0.0,0.0,0.0,-0.016216862946748734,,,,,,,,,,,,,,,,
1784021380.960,167726000,88,1,2,4,10.458551406860352,25.0,10.458551406860352,25.0,7.408597469329834,26.3986759185791,-1.3986766338348389,92.9644546508789,144.8883819580078,0.0,0.0,0.0,1.0,1.0,0.8499999642372131,-2.40734601020813,,,,,,,,,,,,,,,,
1784021380.961,167736000,89,1,3,4,10.899911880493164,25.0,10.899911880493164,25.0,7.542632579803467,26.126258850097656,-1.1262595653533936,85.12968444824219,124.58782196044922,0.0,0.0,0.0,1.0,1.0,0.7499999403953552,2.192345380783081,,,,,,,,,,,,,,,,
1784021380.962,167746000,90,2,255,0,,,,,,,,,,,,,,,,,-0.20000000298023224,0.0,3.0214285850524902,2.4571428298950195,3.0214285850524902,2.4571428298950195,-0.20000000298023224,0.0,0.0,0.0,0.0,0.0,0.0,0.0,0.0,0.0
1784021380.982,167796000,95,1,0,0,8.93797492980957,25.0,8.93797492980957,25.0,8.816466331481934,25.24782943725586,-0.24783015251159668,33.00954818725586,38.088783264160156,0.0,0.0,0.0,3.514626223477535e-05,0.7800077199935913,4.068042969151975e-08,-0.9776282906532288,,,,,,,,,,,,,,,,
1784021380.998,167806000,96,1,1,0,8.432693481445312,25.0,8.432693481445312,25.0,8.664957046508789,25.402725219726562,-0.4027247428894043,33.371707916259766,42.37451171875,0.0,0.0,0.0,0.02335788682103157,0.785138726234436,0.0,0.9899801015853882,,,,,,,,,,,,,,,,
1784021381.003,167816000,97,1,2,4,10.558318138122559,25.0,10.558318138122559,25.0,7.948908805847168,26.079120635986328,-1.0791212320327759,39.68061447143555,71.06687927246094,0.0,0.0,0.0,1.0,1.0,0.7929140329360962,-0.9674230813980103,,,,,,,,,,,,,,,,
1784021381.017,167826000,98,1,3,4,11.07899284362793,25.0,11.07899284362793,25.0,7.9252610206604,25.939315795898438,-0.9393155574798584,41.06584167480469,70.11385345458984,0.0,0.0,0.04614447057247162,1.0,1.0,0.7464271187782288,0.9587183594703674,,,,,,,,,,,,,,,,
1784021381.025,167836000,99,2,255,0,,,,,,,,,,,,,,,,,-0.20000000298023224,0.0,3.0214285850524902,2.4571428298950195,3.0214285850524902,2.4571428298950195,-0.20000000298023224,0.0,0.0,0.0,0.0,0.0,0.0,0.0,0.0,0.0
1784021381.077,167886000,104,1,0,0,8.904717445373535,25.0,8.904717445373535,25.0,8.153704643249512,25.76523208618164,-0.7652312517166138,79.49597930908203,104.60382843017578,0.0,0.0,0.0,0.887532114982605,0.9752570390701294,1.6475696362761028e-09,-2.279991626739502,,,,,,,,,,,,,,,,
1784021381.081,167896000,105,1,1,0,8.319451332092285,25.0,8.319451332092285,25.0,8.241907119750977,25.756813049316406,-0.7568120956420898,91.7823257446289,120.50128173828125,0.0,0.0,0.0,0.9594948887825012,0.9910888671875,0.0,2.6864800453186035,,,,,,,,,,,,,,,,
1784021381.097,167906000,106,1,2,5,10.54880142211914,24.91932487487793,10.54880142211914,24.91932487487793,8.811201095581055,25.30391502380371,-0.3845915198326111,-1.1937055587768555,0.0,0.0,0.0,0.0,0.0,0.0,0.25755947828292847,0.10578179359436035,,,,,,,,,,,,,,,,
1784021381.101,167916000,107,1,3,5,11.156210899353027,24.900697708129883,11.156210899353027,24.900697708129883,8.722593307495117,25.338571548461914,-0.43787509202957153,-6.467913627624512,0.0,0.0,0.0,0.0,0.0,0.0,0.13860733807086945,-0.3107236623764038,,,,,,,,,,,,,,,,
1784021381.116,167926000,108,2,255,0,,,,,,,,,,,,,,,,,-0.20000000298023224,0.0,3.0214285850524902,2.4571428298950195,3.0214285850524902,2.4571428298950195,-0.20000000298023224,0.0,0.0,0.0,0.0,0.0,0.0,0.0,0.0,0.0
1784021381.160,167976000,113,1,0,4,9.100384712219238,25.0,9.100384712219238,25.0,7.414548873901367,26.097631454467773,-1.0976314544677734,81.69467163085938,120.30986785888672,0.0,0.0,0.0,1.0,1.0,0.4697178602218628,-2.210082530975342,,,,,,,,,,,,,,,,
1784021381.177,167986000,114,1,1,0,8.455313682556152,25.0,8.455313682556152,25.0,7.3386616706848145,26.075523376464844,-1.075524091720581,91.22679138183594,126.01547241210938,0.0,0.0,0.0,1.0,1.0,0.0,2.5334548950195312,,,,,,,,,,,,,,,,
1784021381.180,167996000,115,1,2,1,10.317852020263672,24.049745559692383,10.317852020263672,24.049745559692383,9.423758506774902,24.341285705566406,-0.29153972864151,-2.524238348007202,0.0,0.0,0.0,0.0,0.0,0.0,0.01043123658746481,0.0915767177939415,,,,,,,,,,,,,,,,
1784021381.196,168006000,116,1,3,1,10.966723442077637,23.964027404785156,10.966723442077637,23.964027404785156,9.54308032989502,24.47114372253418,-0.5071163177490234,-5.501866340637207,0.0,0.0,-0.3839806318283081,0.0,0.0,0.0,0.005613635294139385,-0.20645631849765778,,,,,,,,,,,,,,,,
1784021381.200,168016000,117,2,255,0,,,,,,,,,,,,,,,,,-0.20000000298023224,0.0,3.0214285850524902,2.4571428298950195,3.0214285850524902,2.4571428298950195,-0.20000000298023224,0.0,0.0,0.0,0.0,0.0,0.0,0.0,0.0,0.0
1784021381.258,168066000,122,1,0,4,9.626171112060547,25.0,9.626171112060547,25.0,7.121243476867676,26.13237190246582,-1.1323720216751099,87.54710388183594,128.31845092773438,0.0,0.0,0.0,1.0,1.0,0.7499980926513672,-2.289198160171509,,,,,,,,,,,,,,,,
1784021381.260,168076000,123,1,1,4,8.919387817382812,25.0,8.919387817382812,25.0,6.865244388580322,26.216697692871094,-1.2166976928710938,97.26033020019531,141.01687622070312,0.0,0.0,0.0,1.0,1.0,0.5164654850959778,2.586663007736206,,,,,,,,,,,,,,,,
1784021381.278,168086000,124,1,2,1,9.508981704711914,23.39277458190918,9.508981704711914,23.39277458190918,9.295262336730957,23.362497329711914,0.030276179313659668,-0.3167974054813385,0.0,0.0,0.0,0.0,0.0,0.0,0.0004224682052154094,0.006976934615522623,,,,,,,,,,,,,,,,
1784021381.279,168096000,125,1,3,1,10.192560195922852,23.090229034423828,10.192560195922852,23.090229034423828,9.725120544433594,23.36942481994629,-0.279197096824646,-2.351245403289795,0.0,0.0,0.0,0.0,0.0,0.0,0.00022735388483852148,-0.07472153007984161,,,,,,,,,,,,,,,,
1784021381.296,168106000,126,2,255,0,,,,,,,,,,,,,,,,,-0.20000000298023224,0.0,3.0214285850524902,2.4571428298950195,3.0214285850524902,2.4571428298950195,-0.20000000298023224,0.0,0.0,0.0,0.0,0.0,0.0,0.0,0.0,0.0
1784021381.339,168156000,131,1,0,4,10.363754272460938,25.0,10.363754272460938,25.0,7.319873809814453,26.14348793029785,-1.1434882879257202,87.8068618774414,128.37294006347656,0.0,0.0,0.0,1.0,1.0,0.7499999403953552,-2.2709364891052246,,,,,,,,,,,,,,,,
1784021381.358,168166000,132,1,1,4,9.569830894470215,25.0,9.569830894470215,25.0,6.974370956420898,26.254335403442383,-1.2543350458145142,99.71316528320312,145.486572265625,0.0,0.0,0.0,1.0,1.0,0.7139577865600586,2.6208841800689697,,,,,,,,,,,,,,,,
1784021381.359,168176000,133,1,2,1,8.400735855102539,23.574453353881836,8.400735855102539,23.574453353881836,8.46337604522705,23.367420196533203,0.20703226327896118,1.6915862560272217,0.0,0.0,0.0,0.0,0.0,0.0,1.711008917482104e-05,-0.058130893856287,,,,,,,,,,,,,,,,
1784021381.377,168186000,134,1,3,1,9.188467025756836,23.456859588623047,9.188467025756836,23.456859588623047,9.085983276367188,23.37962532043457,0.07723420858383179,1.0406571626663208,0.0,0.0,0.0,0.0,0.0,0.0,9.207897164742462e-06,0.03418334573507309,,,,,,,,,,,,,,,,
1784021381.379,168196000,135,2,255,0,,,,,,,,,,,,,,,,,-0.20000000298023224,0.0,3.0214285850524902,2.4571428298950195,3.0214285850524902,2.4571428298950195,-0.20000000298023224,0.0,0.0,0.0,0.0,0.0,0.0,0.0,0.0,0.0
1784021381.436,168246000,140,1,0,4,11.044544219970703,25.0,11.044544219970703,25.0,7.793675422668457,26.09613800048828,-1.09613835811615,87.7421875,126.05834197998047,0.0,0.0,0.0,1.0,1.0,0.7499999403953552,-2.2891201972961426,,,,,,,,,,,,,,,,
1784021381.471,168256000,141,1,1,4,10.132386207580566,25.0,10.132386207580566,25.0,7.4002461433410645,26.21546173095703,-1.2154608964920044,99.11831665039062,143.706298828125,0.0,0.0,0.0,1.0,1.0,0.7667281031608582,2.626497745513916,,,,,,,,,,,,,,,,
1784021381.472,168266000,142,1,2,1,7.648229598999023,24.52294921875,7.648229598999023,24.52294921875,7.691620349884033,24.383878707885742,0.1390695571899414,2.2188477516174316,0.0,0.0,0.0,0.0,0.0,0.0,6.92963624260301e-07,-0.07531993091106415,,,,,,,,,,,,,,,,
1784021381.472,168276000,143,1,3,1,8.595602035522461,24.59849739074707,8.595602035522461,24.59849739074707,8.4835205078125,24.525028228759766,0.07346868515014648,0.504763126373291,0.0,0.0,0.0,0.0,0.0,0.0,3.7292244314812706e-07,0.010158861055970192,,,,,,,,,,,,,,,,
1784021381.481,168286000,144,2,255,0,,,,,,,,,,,,,,,,,-0.20000000298023224,0.0,3.0214285850524902,2.4571428298950195,3.0214285850524902,2.4571428298950195,-0.20000000298023224,0.0,0.0,0.0,0.0,0.0,0.0,0.0,0.0,0.0
1784021381.518,168336000,149,1,0,4,11.448320388793945,25.0,11.448320388793945,25.0,8.184717178344727,26.19707489013672,-1.1970758438110352,77.69733428955078,122.22409057617188,0.0,0.0,0.0,1.0,1.0,0.7499999403953552,-2.0105221271514893,,,,,,,,,,,,,,,,
1784021381.525,168346000,150,1,1,4,10.408241271972656,25.0,10.408241271972656,25.0,8.146134376525879,25.984107971191406,-0.9841084480285645,40.8940544128418,68.9693603515625,0.0,0.0,0.0,1.0,1.0,0.6667999029159546,1.0477263927459717,,,,,,,,,,,,,,,,
1784021381.538,168356000,151,1,2,0,7.431966781616211,25.0,7.431966781616211,25.0,7.778299808502197,24.67902183532715,0.32097846269607544,43.46174621582031,41.9229850769043,0.03326800465583801,0.0,0.0,0.037295643240213394,0.7882050275802612,2.806524612708472e-08,-1.320300579071045,,,,,,,,,,,,,,,,
1784021381.554,168366000,152,1,3,0,8.49026107788086,25.0,8.49026107788086,25.0,8.09782600402832,25.60724639892578,-0.6072461605072021,32.442466735839844,46.195762634277344,0.0,0.0,0.0,0.10744460672140121,0.8036378026008606,1.510346869793011e-08,0.9131981134414673,,,,,,,,,,,,,,,,
1784021381.557,168376000,153,2,255,0,,,,,,,,,,,,,,,,,-0.20000000298023224,0.0,3.0214285850524902,2.4571428298950195,3.0214285850524902,2.4571428298950195,-0.20000000298023224,0.0,0.0,0.0,0.0,0.0,0.0,0.0,0.0,0.0
1784021381.614,168426000,158,1,0,4,11.51070785522461,25.0,11.51070785522461,25.0,9.00313949584961,25.523773193359375,-0.5237728357315063,37.60386657714844,46.29542541503906,0.0,0.0,0.9908416271209717,1.0,1.0,0.47315818071365356,-0.9686932563781738,,,,,,,,,,,,,,,,
1784021381.617,168436000,159,1,1,5,10.453176498413086,24.988632202148438,10.453176498413086,24.988632202148438,9.224893569946289,25.293684005737305,-0.30505210161209106,4.893851280212402,0.0,0.0,0.0,0.0,0.0,0.0,0.28293895721435547,0.11079934984445572,,,,,,,,,,,,,,,,
1784021381.635,168446000,160,1,2,0,7.513030529022217,25.0,7.513030529022217,25.0,7.256653785705566,25.19186782836914,-0.19186735153198242,105.60360717773438,121.0136489868164,0.0,0.0,0.0,0.9740381240844727,0.9942883849143982,1.1366512175925436e-09,-3.0654220581054688,,,,,,,,,,,,,,,,
1784021381.638,168456000,161,1,3,4,8.595345497131348,25.0,8.595345497131348,25.0,7.379276275634766,26.325654983520508,-1.3256549835205078,71.05691528320312,113.73894500732422,0.0,0.0,0.0,0.9997755289077759,0.999950647354126,0.2825445532798767,1.9326624870300293,,,,,,,,,,,,,,,,
1784021381.657,168466000,162,2,255,0,,,,,,,,,,,,,,,,,-0.20000000298023224,0.0,3.0214285850524902,2.4571428298950195,3.0214285850524902,2.4571428298950195,-0.20000000298023224,0.0,0.0,0.0,0.0,0.0,0.0,0.0,0.0,0.0
1784021381.697,168516000,167,1,0,1,11.390357971191406,24.3539981842041,11.390357971191406,24.3539981842041,9.946255683898926,24.556964874267578,-0.20296722650527954,-1.653383493423462,0.0,0.0,0.0,0.0,0.0,0.0,0.019163042306900024,0.08732730895280838,,,,,,,,,,,,,,,,
1784021381.717,168526000,168,1,1,1,10.288402557373047,24.15387535095215,10.288402557373047,24.15387535095215,9.84118366241455,24.471080780029297,-0.3172054886817932,-3.4432778358459473,0.0,0.0,0.0,0.0,0.0,0.0,0.01145911030471325,-0.11146452277898788,,,,,,,,,,,,,,,,
1784021381.717,168536000,169,1,2,4,7.898805618286133,25.0,7.898805618286133,25.0,6.131804943084717,26.008277893066406,-1.0082781314849854,95.12931823730469,136.0191650390625,0.0,0.0,0.0,1.0,1.0,0.4118287265300751,-2.515807628631592,,,,,,,,,,,,,,,,
1784021381.738,168546000,170,1,3,4,9.022046089172363,25.0,9.022046089172363,25.0,7.033227920532227,26.181211471557617,-1.181212067604065,83.531494140625,123.54031372070312,0.0,0.0,0.0,1.0,1.0,0.5914020538330078,2.210879325866699,,,,,,,,,,,,,,,,
1784021381.738,168556000,171,2,255,0,,,,,,,,,,,,,,,,,-0.20000000298023224,0.0,3.0214285850524902,2.4571428298950195,3.0214285850524902,2.4571428298950195,-0.20000000298023224,0.0,0.0,0.0,0.0,0.0,0.0,0.0,0.0,0.0
1784021381.798,168606000,176,1,0,1,10.679551124572754,23.1627197265625,10.679551124572754,23.1627197265625,10.124013900756836,23.392433166503906,-0.2297133207321167,-2.083897590637207,0.0,0.0,0.0,0.0,0.0,0.0,0.0007761087035760283,0.07030105590820312,,,,,,,,,,,,,,,,
1784021381.799,168616000,177,1,1,1,9.504926681518555,23.346471786499023,9.504926681518555,23.346471786499023,9.628585815429688,23.44332504272461,-0.09685307741165161,-2.5759031772613525,0.0,0.0,0.0,0.0,0.0,0.0,0.00046409739297814667,-0.06990276277065277,,,,,,,,,,,,,,,,
1784021381.813,168626000,178,1,2,4,8.62096881866455,25.0,8.62096881866455,25.0,5.841238975524902,26.37274932861328,-1.372748613357544,93.738525390625,147.32696533203125,0.0,0.0,0.0,1.0,1.0,0.7778081893920898,-2.339531660079956,,,,,,,,,,,,,,,,
1784021381.818,168636000,179,1,3,4,9.771791458129883,25.0,9.771791458129883,25.0,6.963428974151611,26.090625762939453,-1.0906249284744263,89.74442291259766,128.5718231201172,0.0,0.0,0.0,1.0,1.0,0.7499999403953552,2.323685884475708,,,,,,,,,,,,,,,,
1784021381.832,168646000,180,2,255,0,,,,,,,,,,,,,,,,,-0.20000000298023224,0.0,3.0214285850524902,2.4571428298950195,3.0214285850524902,2.4571428298950195,-0.20000000298023224,0.0,0.0,0.0,0.0,0.0,0.0,0.0,0.0,0.0
1784021381.879,168696000,185,1,0,1,9.537160873413086,23.011674880981445,9.537160873413086,23.011674880981445,9.444572448730469,22.84354019165039,0.16813427209854126,1.023926019668579,0.0,0.0,0.0,0.0,0.0,0.0,3.143262802041136e-05,-0.03310653194785118,,,,,,,,,,,,,,,,
1784021381.899,168706000,186,1,1,1,8.358307838439941,23.358997344970703,8.358307838439941,23.358997344970703,8.7498140335083,23.1596736907959,0.1993224024772644,1.4897431135177612,0.0,0.0,0.0,0.0,0.0,0.0,1.8796079530147836e-05,0.06426319479942322,,,,,,,,,,,,,,,,
1784021381.900,168716000,187,1,2,4,9.461517333984375,25.0,9.461517333984375,25.0,6.303167343139648,26.478328704833984,-1.4783293008804321,92.5077133178711,148.6939697265625,0.0,0.0,0.0,1.0,1.0,0.8499999642372131,-2.3001549243927,,,,,,,,,,,,,,,,
1784021381.911,168726000,188,1,3,4,10.605768203735352,25.0,10.605768203735352,25.0,7.425525665283203,26.071002960205078,-1.0710030794143677,89.94779205322266,127.9894790649414,0.0,0.0,0.0,1.0,1.0,0.7499999403953552,2.3370578289031982,,,,,,,,,,,,,,,,
1784021381.919,168736000,189,2,255,0,,,,,,,,,,,,,,,,,-0.20000000298023224,0.0,3.0214285850524902,2.4571428298950195,3.0214285850524902,2.4571428298950195,-0.20000000298023224,0.0,0.0,0.0,0.0,0.0,0.0,0.0,0.0,0.0
1784021381.972,168786000,194,1,0,1,8.696817398071289,24.101879119873047,8.696817398071289,24.101879119873047,8.546004295349121,23.769306182861328,0.3325715661048889,2.8227343559265137,0.0,0.0,0.0,0.0,0.0,0.0,1.2730305343211512e-06,-0.08077722042798996,,,,,,,,,,,,,,,,
1784021381.999,168796000,195,1,1,1,7.58786678314209,24.319780349731445,7.58786678314209,24.319780349731445,7.771787166595459,24.20463752746582,0.11514276266098022,0.9333189725875854,0.0,0.0,0.0,0.0,0.0,0.0,7.612468380102655e-07,0.03363574296236038,,,,,,,,,,,,,,,,
1784021382.000,168806000,196,1,2,4,10.114178657531738,25.0,10.114178657531738,25.0,6.98853063583374,26.438203811645508,-1.4382034540176392,92.01242065429688,145.5726318359375,0.0,0.0,0.0,1.0,1.0,0.8499999642372131,-2.3444976806640625,,,,,,,,,,,,,,,,
1784021382.004,168816000,197,1,3,4,11.222907066345215,25.0,11.222907066345215,25.0,8.06171703338623,26.012784957885742,-1.0127842426300049,89.93336486816406,125.17922973632812,0.0,0.0,0.0,1.0,1.0,0.7499999403953552,2.3838775157928467,,,,,,,,,,,,,,,,
1784021382.011,168826000,198,2,255,0,,,,,,,,,,,,,,,,,-0.20000000298023224,0.0,3.0214285850524902,2.4571428298950195,3.0214285850524902,2.4571428298950195,-0.20000000298023224,0.0,0.0,0.0,0.0,0.0,0.0,0.0,0.0,0.0
1784021382.055,168876000,203,1,0,1,8.48983383178711,24.981000900268555,8.48983383178711,24.981000900268555,8.158149719238281,25.077741622924805,-0.09674131870269775,-2.0064733028411865,0.0,0.0,0.0,0.0,0.0,0.0,5.155811066970273e-08,0.07660994678735733,,,,,,,,,,,,,,,,
1784021382.071,168886000,204,1,1,1,7.431797981262207,24.995214462280273,7.431797981262207,24.995214462280273,7.487759113311768,25.25196075439453,-0.2567470073699951,-1.7153388261795044,0.0,0.0,0.0,0.0,0.0,0.0,3.083071575815666e-08,-0.03500214219093323,,,,,,,,,,,,,,,,
1784021382.077,168896000,205,1,2,4,10.41257095336914,25.0,10.41257095336914,25.0,7.800605773925781,26.15875244140625,-1.1587530374526978,39.410125732421875,71.18125915527344,0.0,0.0,0.0,1.0,1.0,0.7976802587509155,-0.9582825303077698,,,,,,,,,,,,,,,,
1784021382.090,168906000,206,1,3,4,11.483068466186523,25.0,11.483068466186523,25.0,8.630979537963867,25.87351417541504,-0.8735150098800659,44.85603332519531,70.6029281616211,0.0,0.0,0.011072424240410328,1.0,1.0,0.7492547035217285,1.1263182163238525,,,,,,,,,,,,,,,,
1784021382.097,168916000,207,2,255,0,,,,,,,,,,,,,,,,,-0.20000000298023224,0.0,3.0214285850524902,2.4571428298950195,3.0214285850524902,2.4571428298950195,-0.20000000298023224,0.0,0.0,0.0,0.0,0.0,0.0,0.0,0.0,0.0
1784021382.151,168966000,212,1,0,0,8.522619247436523,25.0,8.522619247436523,25.0,7.563018798828125,25.91650390625,-0.9165048599243164,26.39388656616211,49.72475814819336,0.0,0.0,0.0,0.7402375936508179,0.942852258682251,2.0881192330790554e-09,-0.6935787200927734,,,,,,,,,,,,,,,,
1784021382.156,168976000,213,1,1,0,7.4796671867370605,25.0,7.4796671867370605,25.0,7.2728118896484375,25.611433029174805,-0.6114333868026733,39.912994384765625,55.6306266784668,0.0,0.0,0.0,0.8479737043380737,0.9665542244911194,1.2486531808519885e-09,1.1472207307815552,,,,,,,,,,,,,,,,
1784021382.170,168986000,214,1,2,5,10.453085899353027,24.980709075927734,10.453085899353027,24.980709075927734,8.878430366516113,25.293472290039062,-0.3127634525299072,4.307425498962402,0.0,0.0,0.0,0.0,0.0,0.0,0.3695937395095825,-0.06932181119918823,,,,,,,,,,,,,,,,
1784021382.177,168996000,215,1,3,5,11.509406089782715,24.96297264099121,11.509406089782715,24.96297264099121,9.355238914489746,25.19651985168457,-0.2335473895072937,0.5321002006530762,0.0,0.0,0.0,0.0,0.0,0.0,0.22557973861694336,-0.08879353106021881,,,,,,,,,,,,,,,,
1784021382.190,169006000,216,2,255,0,,,,,,,,,,,,,,,,,-0.20000000298023224,0.0,3.0214285850524902,2.4571428298950195,3.0214285850524902,2.4571428298950195,-0.20000000298023224,0.0,0.0,0.0,0.0,0.0,0.0,0.0,0.0,0.0
1784021382.238,169056000,221,1,0,4,8.800509452819824,25.0,8.800509452819824,25.0,7.095009803771973,26.120323181152344,-1.1203229427337646,81.70111083984375,119.92666625976562,0.0,0.0,0.0,1.0,1.0,0.4780033230781555,-2.194688081741333,,,,,,,,,,,,,,,,
1784021382.254,169066000,222,1,1,4,7.7964324951171875,25.0,7.7964324951171875,25.0,6.502926349639893,26.075462341308594,-1.075461506843567,93.85336303710938,131.17648315429688,0.0,0.0,0.0,1.0,1.0,0.2411806285381317,2.5460033416748047,,,,,,,,,,,,,,,,
1784021382.260,169076000,223,1,2,1,10.274117469787598,24.150449752807617,10.274117469787598,24.150449752807617,9.550286293029785,24.359018325805664,-0.20856857299804688,-2.2500457763671875,0.0,0.0,0.0,0.0,0.0,0.0,0.014968657866120338,0.08359555900096893,,,,,,,,,,,,,,,,
1784021382.272,169086000,224,1,3,1,11.27603816986084,24.034727096557617,11.27603816986084,24.034727096557617,10.086507797241211,24.42203140258789,-0.38730502128601074,-4.87215518951416,0.0,0.0,0.0,0.0,0.0,0.0,0.00913604348897934,-0.18148697912693024,,,,,,,,,,,,,,,,
1784021382.273,169096000,225,2,255,0,,,,,,,,,,,,,,,,,-0.20000000298023224,0.0,3.0214285850524902,2.4571428298950195,3.0214285850524902,2.4571428298950195,-0.20000000298023224,0.0,0.0,0.0,0.0,0.0,0.0,0.0,0.0,0.0
1784021382.329,169146000,230,1,0,4,9.43454360961914,25.0,9.43454360961914,25.0,6.7972235679626465,26.15258026123047,-1.152580976486206,86.86762237548828,128.08042907714844,0.0,0.0,0.0,1.0,1.0,0.7499999403953552,-2.2372593879699707,,,,,,,,,,,,,,,,
1784021382.337,169156000,231,1,1,4,8.465001106262207,25.0,8.465001106262207,25.0,6.268974304199219,26.162996292114258,-1.1629968881607056,100.17308044433594,142.0330047607422,0.0,0.0,0.0,1.0,1.0,0.5685917139053345,2.625930070877075,,,,,,,,,,,,,,,,
1784021382.349,169166000,232,1,2,1,9.470430374145508,23.327720642089844,9.470430374145508,23.327720642089844,9.41978645324707,23.273303985595703,0.05441606044769287,-1.223128080368042,0.0,0.0,0.0,0.0,0.0,0.0,0.0006062350003048778,0.03483549878001213,,,,,,,,,,,,,,,,
1784021382.357,169176000,233,1,3,1,10.404459953308105,22.981712341308594,10.404459953308105,22.981712341308594,10.091153144836426,23.272865295410156,-0.29115229845046997,-2.9293406009674072,0.0,0.0,0.0,0.0,0.0,0.0,0.00037001242162659764,-0.0894223153591156,,,,,,,,,,,,,,,,
1784021382.371,169186000,234,2,255,0,,,,,,,,,,,,,,,,,-0.20000000298023224,0.0,3.0214285850524902,2.4571428298950195,3.0214285850524902,2.4571428298950195,-0.20000000298023224,0.0,0.0,0.0,0.0,0.0,0.0,0.0,0.0,0.0
1784021382.413,169236000,239,1,0,4,10.272031784057617,25.0,10.272031784057617,25.0,7.067042350769043,26.15167236328125,-1.1516720056533813,88.123046875,128.53302001953125,0.0,0.0,0.0,1.0,1.0,0.7499999403953552,-2.2541704177856445,,,,,,,,,,,,,,,,
1784021382.431,169246000,240,1,1,4,9.307178497314453,25.0,9.307178497314453,25.0,6.566955089569092,26.17506980895996,-1.175069808959961,103.28878784179688,147.234619140625,0.0,0.0,0.0,1.0,1.0,0.7766224145889282,2.687553882598877,,,,,,,,,,,,,,,,
1784021382.439,169256000,241,1,2,1,8.324502944946289,23.37953758239746,8.324502944946289,23.37953758239746,8.503152847290039,23.08293914794922,0.2965986728668213,2.4883956909179688,0.0,0.0,0.0,0.0,0.0,0.0,2.4552691684220918e-05,-0.08637480437755585,,,,,,,,,,,,,,,,
1784021382.449,169266000,242,1,3,1,9.267597198486328,23.209863662719727,9.267597198486328,23.209863662719727,9.317243576049805,23.059255599975586,0.15060752630233765,1.3065550327301025,0.0,0.0,0.0,0.0,0.0,0.0,1.4985609595896676e-05,0.04726114869117737,,,,,,,,,,,,,,,,
1784021382.455,169276000,243,2,255,0,,,,,,,,,,,,,,,,,-0.20000000298023224,0.0,3.0214285850524902,2.4571428298950195,3.0214285850524902,2.4571428298950195,-0.20000000298023224,0.0,0.0,0.0,0.0,0.0,0.0,0.0,0.0,0.0
1784021382.509,169326000,248,1,0,4,11.009295463562012,25.0,11.009295463562012,25.0,7.775335788726807,26.066619873046875,-1.0666191577911377,89.62225341796875,126.55790710449219,0.0,0.0,0.0,1.0,1.0,0.7499999403953552,-2.349217653274536,,,,,,,,,,,,,,,,
1784021382.558,169336000,249,1,1,4,10.015480041503906,25.0,10.015480041503906,25.0,7.165542125701904,26.203575134277344,-1.2035757303237915,100.58956909179688,145.55575561523438,0.0,0.0,0.0,1.0,1.0,0.8174030184745789,2.643331527709961,,,,,,,,,,,,,,,,
1784021382.570,169346000,250,1,2,1,7.574740409851074,24.35306739807129,7.574740409851074,24.35306739807129,7.574055194854736,24.13084602355957,0.2222210168838501,2.7338032722473145,0.0,0.0,0.0,0.0,0.0,0.0,9.943912573362468e-07,-0.08516036719083786,,,,,,,,,,,,,,,,
1784021382.571,169356000,251,1,3,1,8.591720581054688,24.415435791015625,8.591720581054688,24.415435791015625,8.496395111083984,24.2244930267334,0.19094198942184448,1.454345941543579,0.0,0.0,0.0,0.0,0.0,0.0,6.069215601200995e-07,0.04055580124258995,,,,,,,,,,,,,,,,
1784021382.572,169366000,252,2,255,0,,,,,,,,,,,,,,,,,-0.20000000298023224,0.0,3.0214285850524902,2.4571428298950195,3.0214285850524902,2.4571428298950195,-0.20000000298023224,0.0,0.0,0.0,0.0,0.0,0.0,0.0,0.0,0.0
1784021382.599,169416000,1,1,0,4,11.41679573059082,25.0,11.41679573059082,25.0,8.314543724060059,26.09360122680664,-1.093602180480957,82.15187072753906,122.87991333007812,0.0,0.0,0.0,1.0,1.0,0.7499999403953552,-2.1682868003845215,,,,,,,,,,,,,,,,
1784021382.608,169426000,2,1,1,4,10.382200241088867,25.0,10.382200241088867,25.0,7.804723262786865,26.09708023071289,-1.097080111503601,100.30668640136719,139.37442016601562,0.0,0.0,0.0,1.0,1.0,0.7494023442268372,2.720275640487671,,,,,,,,,,,,,,,,
1784021382.617,169436000,3,1,2,1,7.431786060333252,24.998950958251953,7.431786060333252,24.998950958251953,7.776098728179932,24.584638595581055,0.41431188583374023,5.785330772399902,0.0,0.0,0.0,0.0,0.0,0.0,4.0273132384527344e-08,-0.20966395735740662,,,,,,,,,,,,,,,,
1784021382.630,169446000,4,1,3,0,8.489341735839844,25.0,8.489341735839844,25.0,8.18759536743164,25.356657028198242,-0.3566563129425049,35.598472595214844,44.45128631591797,0.0,0.0,0.0,0.017533525824546814,0.7838573455810547,2.458050651910071e-08,1.0248662233352661,,,,,,,,,,,,,,,,
1784021382.636,169456000,5,2,255,0,,,,,,,,,,,,,,,,,-0.20000000298023224,0.0,3.0214285850524902,2.4571428298950195,3.0214285850524902,2.4571428298950195,-0.20000000298023224,0.0,0.0,0.0,0.0,0.0,0.0,0.0,0.0,0.0
1784021382.688,169506000,10,1,0,4,11.510217666625977,25.0,11.510217666625977,25.0,9.098722457885742,25.60931396484375,-0.6093144416809082,37.62375259399414,49.676876068115234,0.0,0.0,0.8505949974060059,1.0,1.0,0.5522992610931396,-0.9727440476417542,,,,,,,,,,,,,,,,
1784021382.691,169516000,11,1,1,4,10.453165054321289,25.0,10.453165054321289,25.0,8.839838027954102,25.55927276611328,-0.559273362159729,55.08024978637695,68.09895324707031,0.0,0.0,0.0,1.0,1.0,0.4710714519023895,1.558906078338623,,,,,,,,,,,,,,,,
1784021382.709,169526000,12,1,2,0,7.484468460083008,25.0,7.484468460083008,25.0,7.4222564697265625,24.960205078125,0.03979504108428955,110.17506408691406,117.80537414550781,0.0,0.0,0.0,0.8748680353164673,0.9724709987640381,1.6310739425762222e-09,-3.242426633834839,,,,,,,,,,,,,,,,
1784021382.712,169536000,13,1,3,4,8.561125755310059,25.0,8.561125755310059,25.0,7.419346809387207,26.341676712036133,-1.3416767120361328,63.83934783935547,111.2879638671875,0.0,0.0,0.0,0.9511485695838928,0.9892526865005493,0.24809691309928894,1.7189714908599854,,,,,,,,,,,,,,,,
1784021382.729,169546000,14,2,255,0,,,,,,,,,,,,,,,,,-0.20000000298023224,0.0,3.0214285850524902,2.4571428298950195,3.0214285850524902,2.4571428298950195,-0.20000000298023224,0.0,0.0,0.0,0.0,0.0,0.0,0.0,0.0,0.0
1784021382.778,169596000,19,1,0,1,11.439581871032715,24.527326583862305,11.439581871032715,24.527326583862305,10.021736145019531,24.664072036743164,-0.13674497604370117,-1.55066978931427,0.0,0.0,0.0,0.0,0.0,0.0,0.032256096601486206,0.08896492421627045,,,,,,,,,,,,,,,,
1784021382.792,169606000,20,1,1,1,10.349287986755371,24.325355529785156,10.349287986755371,24.325355529785156,9.748597145080566,24.62266731262207,-0.2973124384880066,-2.8488993644714355,0.0,0.0,0.0,0.0,0.0,0.0,0.021844686940312386,-0.09686660766601562,,,,,,,,,,,,,,,,
1784021382.793,169616000,21,1,2,4,7.8125762939453125,25.0,7.8125762939453125,25.0,6.274335861206055,25.841108322143555,-0.841107964515686,97.40181732177734,133.39529418945312,0.0,0.0,0.0,1.0,1.0,0.32824230194091797,-2.6173603534698486,,,,,,,,,,,,,,,,
1784021382.800,169626000,22,1,3,4,8.92944049835205,25.0,8.92944049835205,25.0,7.083524227142334,26.191593170166016,-1.1915922164916992,83.09797668457031,121.9168701171875,0.0,0.0,0.0,1.0,1.0,0.5345086455345154,2.215913772583008,,,,,,,,,,,,,,,,
1784021382.817,169636000,23,2,255,0,,,,,,,,,,,,,,,,,-0.20000000298023224,0.0,3.0214285850524902,2.4571428298950195,3.0214285850524902,2.4571428298950195,-0.20000000298023224,0.0,0.0,0.0,0.0,0.0,0.0,0.0,0.0,0.0
1784021382.869,169686000,28,1,0,1,10.836400032043457,23.315872192382812,10.836400032043457,23.315872192382812,10.25423812866211,23.61040687561035,-0.2945348620414734,-3.6442887783050537,0.0,0.0,0.0,0.0,0.0,0.0,0.001306381425820291,0.1230572760105133,,,,,,,,,,,,,,,,
1784021382.870,169696000,29,1,1,1,9.670516967773438,23.45442771911621,9.670516967773438,23.45442771911621,9.709689140319824,23.574970245361328,-0.12054294347763062,-3.2883787155151367,0.0,0.0,0.0,0.0,0.0,0.0,0.0008847162243910134,-0.09602214395999908,,,,,,,,,,,,,,,,
1784021382.892,169706000,30,1,2,4,8.490609169006348,25.0,8.490609169006348,25.0,5.823915481567383,26.313358306884766,-1.3133585453033447,94.21955108642578,146.1101837158203,0.0,0.0,0.0,1.0,1.0,0.7362709641456604,-2.3639414310455322,,,,,,,,,,,,,,,,
1784021382.893,169716000,31,1,3,4,9.639070510864258,25.0,9.639070510864258,25.0,6.929401397705078,26.090394973754883,-1.090395450592041,90.43423461914062,128.43228149414062,0.0,0.0,0.0,1.0,1.0,0.7499999403953552,2.3502120971679688,,,,,,,,,,,,,,,,
1784021382.908,169726000,32,2,255,0,,,,,,,,,,,,,,,,,-0.20000000298023224,0.0,3.0214285850524902,2.4571428298950195,3.0214285850524902,2.4571428298950195,-0.20000000298023224,0.0,0.0,0.0,0.0,0.0,0.0,0.0,0.0,0.0
1784021382.950,169776000,37,1,0,1,9.717656135559082,22.932720184326172,9.717656135559082,22.932720184326172,9.667572975158691,22.869945526123047,0.0627756118774414,0.35111188888549805,0.0,0.0,0.0,0.0,0.0,0.0,5.290883200359531e-05,-0.013795899227261543,,,,,,,,,,,,,,,,
1784021382.969,169786000,38,1,1,1,8.533101081848145,23.273181915283203,8.533101081848145,23.273181915283203,8.892356872558594,23.118806838989258,0.15437453985214233,1.087767481803894,0.0,0.0,0.0,0.0,0.0,0.0,3.583126817829907e-05,0.05221753194928169,,,,,,,,,,,,,,,,
1784021382.970,169796000,39,1,2,4,9.333207130432129,25.0,9.333207130432129,25.0,6.209394931793213,26.465194702148438,-1.4651954174041748,93.10264587402344,148.9529266357422,0.0,0.0,0.0,1.0,1.0,0.8499999642372131,-2.3165395259857178,,,,,,,,,,,,,,,,
1784021382.990,169806000,40,1,3,4,10.48100471496582,25.0,10.48100471496582,25.0,7.340910911560059,26.063983917236328,-1.0639846324920654,90.72003173828125,128.2470703125,0.0,0.0,0.0,1.0,1.0,0.7499999403953552,2.358894109725952,,,,,,,,,,,,,,,,
1784021382.991,169816000,41,2,255,0,,,,,,,,,,,,,,,,,-0.20000000298023224,0.0,3.0214285850524902,2.4571428298950195,3.0214285850524902,2.4571428298950195,-0.20000000298023224,0.0,0.0,0.0,0.0,0.0,0.0,0.0,0.0,0.0
1784021383.050,169866000,46,1,0,1,8.785762786865234,23.89617347717285,8.785762786865234,23.89617347717285,8.71767807006836,23.586076736450195,0.3100961446762085,2.7552473545074463,0.0,0.0,0.0,0.0,0.0,0.0,2.1428231775644235e-06,-0.08259591460227966,,,,,,,,,,,,,,,,
1784021383.081,169876000,47,1,1,1,7.664106845855713,24.149585723876953,7.664106845855713,24.149585723876953,7.878976345062256,23.995193481445312,0.15439093112945557,1.339706301689148,0.0,0.0,0.0,0.0,0.0,0.0,1.4511774679704104e-06,0.048412855714559555,,,,,,,,,,,,,,,,
1784021383.082,169886000,48,1,2,4,10.032883644104004,25.0,10.032883644104004,25.0,6.894702434539795,26.430875778198242,-1.4308750629425049,93.37894439697266,146.21502685546875,0.0,0.0,0.0,1.0,1.0,0.8499999642372131,-2.3763787746429443,,,,,,,,,,,,,,,,
1784021383.083,169896000,49,1,3,4,11.148258209228516,25.0,11.148258209228516,25.0,7.991325855255127,26.020092010498047,-1.0200917720794678,89.89558410644531,125.73951721191406,0.0,0.0,0.0,1.0,1.0,0.7499999403953552,2.3788745403289795,,,,,,,,,,,,,,,,
1784021383.084,169906000,50,2,255,0,,,,,,,,,,,,,,,,,-0.20000000298023224,0.0,3.0214285850524902,2.4571428298950195,3.0214285850524902,2.4571428298950195,-0.20000000298023224,0.0,0.0,0.0,0.0,0.0,0.0,0.0,0.0,0.0
1784021383.129,169956000,55,1,0,1,8.4938325881958,24.922578811645508,8.4938325881958,24.922578811645508,8.228468894958496,24.90461540222168,0.017961859703063965,-1.581495761871338,0.0,0.0,0.0,0.0,0.0,0.0,8.678496499214816e-08,0.06666047871112823,,,,,,,,,,,,,,,,
1784021383.146,169966000,56,1,1,1,7.433009624481201,24.957523345947266,7.433009624481201,24.957523345947266,7.520780086517334,25.103267669677734,-0.14574527740478516,-0.4180639386177063,0.0,0.0,0.0,0.0,0.0,0.0,5.877312148072633e-08,0.0035249085631221533,,,,,,,,,,,,,,,,
1784021383.160,169976000,57,1,2,4,10.38802719116211,25.0,10.38802719116211,25.0,7.594777584075928,26.268049240112305,-1.2680500745773315,95.57623291015625,140.86293029785156,0.0,0.0,0.0,1.0,1.0,0.8180077075958252,-2.5329859256744385,,,,,,,,,,,,,,,,
1784021383.169,169986000,58,1,3,4,11.463470458984375,25.0,11.463470458984375,25.0,8.482352256774902,25.99586296081543,-0.9958624839782715,37.212059020996094,70.75386047363281,0.0,0.0,0.0,1.0,1.0,0.7499999403953552,0.8694263696670532,,,,,,,,,,,,,,,,
1784021383.170,169996000,59,2,255,0,,,,,,,,,,,,,,,,,-0.20000000298023224,0.0,3.0214285850524902,2.4571428298950195,3.0214285850524902,2.4571428298950195,-0.20000000298023224,0.0,0.0,0.0,0.0,0.0,0.0,0.0,0.0,0.0
1784021383.229,170046000,64,1,0,0,8.507315635681152,25.0,8.507315635681152,25.0,7.678107738494873,25.854352951049805,-0.8543521165847778,24.463438034057617,46.82554626464844,0.0,0.0,0.0,0.5615471601486206,0.9035403728485107,3.514817104033341e-09,-0.6406591534614563,,,,,,,,,,,,,,,,
1784021383.230,170056000,65,1,1,0,7.459883213043213,25.0,7.459883213043213,25.0,7.518575191497803,25.383413314819336,-0.38341283798217773,43.93354034423828,53.1131591796875,0.0,0.0,0.0,0.6888467669487,0.9315462708473206,2.380328822937372e-09,1.298059105873108,,,,,,,,,,,,,,,,
1784021383.250,170066000,66,1,2,4,10.453200340270996,25.0,10.453200340270996,25.0,8.66794204711914,25.50142478942871,-0.5014240741729736,59.10034942626953,69.30718994140625,0.0,0.0,0.0,1.0,1.0,0.5347881317138672,-1.663457989692688,,,,,,,,,,,,,,,,
1784021383.250,170076000,67,1,3,5,11.510698318481445,24.997915267944336,11.510698318481445,24.997915267944336,9.206318855285645,25.427648544311523,-0.4297330975532532,-4.718338966369629,0.0,0.0,0.0,0.0,0.0,0.0,0.3822519779205322,-0.2715296149253845,,,,,,,,,,,,,,,,
1784021383.270,170086000,68,2,255,0,,,,,,,,,,,,,,,,,-0.20000000298023224,0.0,3.0214285850524902,2.4571428298950195,3.0214285850524902,2.4571428298950195,-0.20000000298023224,0.0,0.0,0.0,0.0,0.0,0.0,0.0,0.0,0.0
1784021383.310,170136000,73,1,0,4,8.732308387756348,25.0,8.732308387756348,25.0,7.126304626464844,26.126134872436523,-1.1261343955993652,80.51299285888672,118.54580688476562,0.0,0.0,0.0,1.0,1.0,0.4380507469177246,-2.170660972595215,,,,,,,,,,,,,,,,
1784021383.329,170146000,74,1,1,0,7.721519470214844,25.0,7.721519470214844,25.0,6.67056941986084,25.980905532836914,-0.9809046983718872,90.3072509765625,124.7169189453125,0.0,0.0,0.0,1.0,1.0,9.640405834732135e-11,2.4797492027282715,,,,,,,,,,,,,,,,
1784021383.330,170156000,75,1,2,1,10.338519096374512,24.317140579223633,10.338519096374512,24.317140579223633,9.492914199829102,24.524085998535156,-0.20694732666015625,-1.9202978610992432,0.0,0.0,0.0,0.0,0.0,0.0,0.02492324635386467,0.08044782280921936,,,,,,,,,,,,,,,,
1784021383.350,170166000,76,1,3,1,11.352773666381836,24.23723793029785,11.352773666381836,24.23723793029785,10.1154203414917,24.567169189453125,-0.3299310803413391,-3.567737102508545,0.0,0.0,0.0,0.0,0.0,0.0,0.015481315553188324,-0.1416235715150833,,,,,,,,,,,,,,,,
1784021383.350,170176000,77,2,255,0,,,,,,,,,,,,,,,,,-0.20000000298023224,0.0,3.0214285850524902,2.4571428298950195,3.0214285850524902,2.4571428298950195,-0.20000000298023224,0.0,0.0,0.0,0.0,0.0,0.0,0.0,0.0,0.0
1784021383.409,170226000,82,1,0,4,9.313582420349121,25.0,9.313582420349121,25.0,6.770330429077148,26.13077163696289,-1.1307716369628906,88.06822967529297,127.78360748291016,0.0,0.0,0.0,1.0,1.0,0.7499987483024597,-2.2787537574768066,,,,,,,,,,,,,,,,
1784021383.409,170236000,83,1,1,4,8.340095520019531,25.0,8.340095520019531,25.0,6.234276294708252,26.179481506347656,-1.1794805526733398,98.348876953125,140.94857788085938,0.0,0.0,0.0,1.0,1.0,0.5362055897712708,2.5762462615966797,,,,,,,,,,,,,,,,
1784021383.432,170246000,84,1,2,1,9.638326644897461,23.432056427001953,9.638326644897461,23.432056427001953,9.503426551818848,23.41077995300293,0.02127736806869507,-1.768328309059143,0.0,0.0,0.0,0.0,0.0,0.0,0.001009398722089827,0.05389084294438362,,,,,,,,,,,,,,,,
1784021383.434,170256000,85,1,3,1,10.579511642456055,23.08489227294922,10.579511642456055,23.08489227294922,10.217787742614746,23.439485549926758,-0.354592502117157,-3.7810611724853516,0.0,0.0,0.0,0.0,0.0,0.0,0.0006269977311603725,-0.11796698719263077,,,,,,,,,,,,,,,,
1784021383.446,170266000,86,2,255,0,,,,,,,,,,,,,,,,,-0.20000000298023224,0.0,3.0214285850524902,2.4571428298950195,3.0214285850524902,2.4571428298950195,-0.20000000298023224,0.0,0.0,0.0,0.0,0.0,0.0,0.0,0.0,0.0
1784021383.489,170316000,91,1,0,4,10.137641906738281,25.0,10.137641906738281,25.0,6.948343753814697,26.11182403564453,-1.111823320388794,89.49862670898438,128.63003540039062,0.0,0.0,0.0,1.0,1.0,0.7499999403953552,-2.2873754501342773,,,,,,,,,,,,,,,,
1784021383.506,170326000,92,1,1,4,9.174541473388672,25.0,9.174541473388672,25.0,6.44455623626709,26.252397537231445,-1.252397894859314,100.36485290527344,147.2128448486328,0.0,0.0,0.0,1.0,1.0,0.7686485648155212,2.5892953872680664,,,,,,,,,,,,,,,,
1784021383.507,170336000,93,1,2,1,8.497383117675781,23.288042068481445,8.497383117675781,23.288042068481445,8.681955337524414,23.011940002441406,0.27610063552856445,2.101846218109131,0.0,0.0,0.0,0.0,0.0,0.0,4.088095010956749e-05,-0.07707972824573517,,,,,,,,,,,,,,,,
1784021383.526,170346000,94,1,3,1,9.432860374450684,23.076257705688477,9.432860374450684,23.076257705688477,9.519530296325684,22.989612579345703,0.08664429187774658,0.8181478381156921,0.0,0.0,0.0,0.0,0.0,0.0,2.539359593356494e-05,0.03423480689525604,,,,,,,,,,,,,,,,
1784021383.526,170356000,95,2,255,0,,,,,,,,,,,,,,,,,-0.20000000298023224,0.0,3.0214285850524902,2.4571428298950195,3.0214285850524902,2.4571428298950195,-0.20000000298023224,0.0,0.0,0.0,0.0,0.0,0.0,0.0,0.0,0.0
1784021383.582,170406000,100,1,0,4,10.910680770874023,25.0,10.910680770874023,25.0,7.6243085861206055,26.07616424560547,-1.0761648416519165,89.46420288085938,127.0136947631836,0.0,0.0,0.0,1.0,1.0,0.7499999403953552,-2.331886053085327,,,,,,,,,,,,,,,,
1784021383.604,170416000,101,1,1,4,9.92312240600586,25.0,9.92312240600586,25.0,7.045803070068359,26.246135711669922,-1.2461364269256592,99.91681671142578,146.26292419433594,0.0,0.0,0.0,1.0,1.0,0.822530210018158,2.609956741333008,,,,,,,,,,,,,,,,
1784021383.613,170426000,102,1,2,1,7.64739465713501,24.184030532836914,7.64739465713501,24.184030532836914,7.684262752532959,23.940837860107422,0.2431929111480713,2.709826946258545,0.0,0.0,0.0,0.0,0.0,0.0,1.6556906530240667e-06,-0.08157813549041748,,,,,,,,,,,,,,,,
1784021383.619,170436000,103,1,3,1,8.652189254760742,24.222835540771484,8.652189254760742,24.222835540771484,8.633601188659668,23.99929428100586,0.22353976964950562,1.6582846641540527,0.0,0.0,0.0,0.0,0.0,0.0,1.0284480822519981e-06,0.04858708009123802,,,,,,,,,,,,,,,,
1784021383.622,170446000,104,2,255,0,,,,,,,,,,,,,,,,,-0.20000000298023224,0.0,3.0214285850524902,2.4571428298950195,3.0214285850524902,2.4571428298950195,-0.20000000298023224,0.0,0.0,0.0,0.0,0.0,0.0,0.0,0.0,0.0
1784021383.668,170496000,109,1,0,4,11.376829147338867,25.0,11.376829147338867,25.0,8.203313827514648,26.07147979736328,-1.0714799165725708,84.16095733642578,123.52652740478516,0.0,0.0,0.0,1.0,1.0,0.7499999403953552,-2.217188596725464,,,,,,,,,,,,,,,,
1784021383.681,170506000,110,1,1,4,10.348209381103516,25.0,10.348209381103516,25.0,7.728906631469727,26.12386703491211,-1.1238664388656616,100.76497650146484,140.4647674560547,0.0,0.0,0.0,1.0,1.0,0.7621481418609619,2.722534656524658,,,,,,,,,,,,,,,,
1784021383.689,170516000,111,1,2,1,7.432520866394043,24.96752166748047,7.432520866394043,24.96752166748047,7.754156589508057,24.54276466369629,0.42475759983062744,6.832711696624756,0.0,0.0,0.0,0.0,0.0,0.0,6.7055971442187e-08,-0.246237650513649,,,,,,,,,,,,,,,,
1784021383.701,170526000,112,1,3,1,8.4893159866333,24.997215270996094,8.4893159866333,24.997215270996094,8.312151908874512,25.18111228942871,-0.1838967204093933,-1.7430106401443481,0.0,0.0,0.0,0.0,0.0,0.0,4.165245925946692e-08,-0.05658308044075966,,,,,,,,,,,,,,,,
1784021383.713,170536000,113,2,255,0,,,,,,,,,,,,,,,,,-0.20000000298023224,0.0,3.0214285850524902,2.4571428298950195,3.0214285850524902,2.4571428298950195,-0.20000000298023224,0.0,0.0,0.0,0.0,0.0,0.0,0.0,0.0,0.0
1784021383.761,170586000,118,1,0,4,11.507970809936523,25.0,11.507970809936523,25.0,8.949982643127441,25.756940841674805,-0.7569402456283569,35.67765808105469,54.43796157836914,0.0,0.0,0.6022381782531738,1.0,1.0,0.6356102228164673,-0.8932246565818787,,,,,,,,,,,,,,,,
1784021383.773,170596000,119,1,1,4,10.452287673950195,25.0,10.452287673950195,25.0,8.687371253967285,25.671390533447266,-0.6713896989822388,50.70914077758789,68.4449462890625,0.0,0.0,0.0,1.0,1.0,0.5171407461166382,1.4039740562438965,,,,,,,,,,,,,,,,
1784021383.781,170606000,120,1,2,0,7.463310241699219,25.0,7.463310241699219,25.0,7.578442096710205,24.785676956176758,0.21432340145111084,54.406856536865234,52.24253845214844,0.0,0.0,0.0,0.7233956456184387,0.9391470551490784,2.715786040496937e-09,-1.6224281787872314,,,,,,,,,,,,,,,,
1784021383.786,170616000,121,1,3,0,8.534876823425293,25.0,8.534876823425293,25.0,7.6386027336120605,26.172361373901367,-1.1723607778549194,23.022029876708984,57.730979919433594,0.0,0.0,0.0,0.8338080644607544,0.9634377956390381,1.6869372565508911e-09,0.5849695801734924,,,,,,,,,,,,,,,,
1784021383.801,170626000,122,2,255,0,,,,,,,,,,,,,,,,,-0.20000000298023224,0.0,3.0214285850524902,2.4571428298950195,3.0214285850524902,2.4571428298950195,-0.20000000298023224,0.0,0.0,0.0,0.0,0.0,0.0,0.0,0.0,0.0
1784021383.847,170676000,127,1,0,5,11.473661422729492,24.679447174072266,11.473661422729492,24.679447174072266,9.911859512329102,24.765289306640625,-0.08584260940551758,-0.6930416226387024,0.0,0.0,0.0,0.0,0.0,0.0,0.054699406027793884,0.07347031682729721,,,,,,,,,,,,,,,,
1784021383.861,170686000,128,1,1,1,10.393813133239746,24.49371910095215,10.393813133239746,24.49371910095215,9.692391395568848,24.773353576660156,-0.2796351909637451,-3.563417434692383,0.0,0.0,0.0,0.0,0.0,0.0,0.03640403971076012,-0.12555840611457825,,,,,,,,,,,,,,,,
1784021383.865,170696000,129,1,2,4,7.735753536224365,25.0,7.735753536224365,25.0,6.432403087615967,25.700109481811523,-0.7001101970672607,99.02716064453125,130.52734375,0.0,0.0,0.0,1.0,1.0,0.23636680841445923,-2.702773332595825,,,,,,,,,,,,,,,,
1784021383.880,170706000,130,1,3,4,8.846006393432617,25.0,8.846006393432617,25.0,7.170568943023682,26.214292526245117,-1.2142926454544067,81.4586181640625,120.04383850097656,0.0,0.0,0.0,1.0,1.0,0.46718958020210266,2.191237449645996,,,,,,,,,,,,,,,,
1784021383.893,170716000,131,2,255,0,,,,,,,,,,,,,,,,,-0.20000000298023224,0.0,3.0214285850524902,2.4571428298950195,3.0214285850524902,2.4571428298950195,-0.20000000298023224,0.0,0.0,0.0,0.0,0.0,0.0,0.0,0.0,0.0
1784021383.939,170766000,136,1,0,0,10.0,25.0,10.0,25.0,10.357497215270996,23.71133804321289,1.2886613607406616,112.37004089355469,43.906166076660156,25.530624389648438,0.0,0.0,1.0,1.0,0.0,-3.610990285873413,,,,,,,,,,,,,,,,
1784021383.947,170776000,137,1,1,0,10.0,25.0,10.0,25.0,9.53628921508789,24.291728973388672,0.7082700729370117,56.588287353515625,47.669551849365234,13.589452743530273,0.0,0.0,1.0,1.0,0.0,1.6810569763183594,,,,,,,,,,,,,,,,
1784021383.959,170786000,138,1,2,0,10.0,25.0,10.0,25.0,6.344928741455078,25.946369171142578,-0.9463697671890259,20.42794418334961,46.83324432373047,0.0,0.0,0.0,1.0,1.0,0.0,-0.28488174080848694,,,,,,,,,,,,,,,,
1784021383.970,170796000,139,1,3,0,10.0,25.0,10.0,25.0,7.511031627655029,25.75001335144043,-0.7500141859054565,36.92180633544922,50.1784782409668,0.0,0.0,0.0,1.0,1.0,0.0,0.9194405674934387,,,,,,,,,,,,,,,,
1784021383.979,170806000,140,2,255,0,,,,,,,,,,,,,,,,,-0.20000000298023224,0.0,3.0214285850524902,2.4571428298950195,3.0214285850524902,2.4571428298950195,0.0,0.0,0.0,0.0,0.0,0.0,0.0,0.0,0.0,0.0
1784021384.027,170856000,145,1,0,0,10.0,25.0,10.0,25.0,8.799181938171387,25.18063735961914,-0.18063783645629883,37.62306213378906,43.906166076660156,0.0,0.0,0.0,1.0,1.0,0.0,-1.0651131868362427,,,,,,,,,,,,,,,,
1784021384.040,170866000,146,1,1,0,10.0,25.0,10.0,25.0,9.402920722961426,24.816831588745117,0.18316805362701416,51.7885856628418,47.669551849365234,0.0,0.0,0.0,1.0,1.0,0.0,1.546492576599121,,,,,,,,,,,,,,,,
1784021384.045,170876000,147,1,2,0,10.0,25.0,10.0,25.0,7.92226505279541,25.364070892333984,-0.3640711307525635,41.37749481201172,46.83324432373047,0.0,0.0,0.0,1.0,1.0,0.0,-1.1147418022155762,,,,,,,,,,,,,,,,
1784021384.059,170886000,148,1,3,0,10.0,25.0,10.0,25.0,8.520217895507812,25.2370662689209,-0.23706555366516113,44.12578201293945,50.1784782409668,0.0,0.0,0.0,1.0,1.0,0.0,1.2477130889892578,,,,,,,,,,,,,,,,
1784021384.064,170896000,149,2,255,0,,,,,,,,,,,,,,,,,-0.20000000298023224,0.0,3.0214285850524902,2.4571428298950195,3.0214285850524902,2.4571428298950195,0.0,0.0,0.0,0.0,0.0,0.0,0.0,0.0,0.0,0.0
1784021384.119,170946000,154,1,0,0,10.0,25.0,10.0,25.0,9.039434432983398,25.18586540222168,-0.18586516380310059,38.71773147583008,43.906166076660156,0.0,0.0,0.0,1.0,1.0,0.0,-1.114956259727478,,,,,,,,,,,,,,,,
1784021384.151,170956000,155,1,1,0,10.0,25.0,10.0,25.0,9.207592964172363,25.03445053100586,-0.03445148468017578,43.92713165283203,47.669551849365234,0.0,0.0,0.0,1.0,1.0,0.0,1.2826673984527588,,,,,,,,,,,,,,,,
1784021384.153,170966000,156,1,2,0,10.0,25.0,10.0,25.0,8.294868469238281,25.067161560058594,-0.06716251373291016,46.925926208496094,46.83324432373047,0.0,0.0,0.0,1.0,1.0,0.0,-1.3026264905929565,,,,,,,,,,,,,,,,
1784021384.154,170976000,157,1,3,0,10.0,25.0,10.0,25.0,9.168704986572266,25.277435302734375,-0.2774357795715332,40.370391845703125,50.1784782409668,0.0,0.0,0.0,1.0,1.0,0.0,1.1796612739562988,,,,,,,,,,,,,,,,
1784021384.172,170986000,158,2,255,0,,,,,,,,,,,,,,,,,-0.20000000298023224,0.0,3.0214285850524902,2.4571428298950195,3.0214285850524902,2.4571428298950195,0.0,0.0,0.0,0.0,0.0,0.0,0.0,0.0,0.0,0.0
1784021384.206,171036000,163,1,0,0,10.0,25.0,10.0,25.0,9.203536033630371,25.14350128173828,-0.1435011625289917,39.52566909790039,43.906166076660156,0.0,0.0,0.0,1.0,1.0,0.0,-1.153630256652832,,,,,,,,,,,,,,,,
1784021384.218,171046000,164,1,1,0,10.0,25.0,10.0,25.0,8.910614967346191,25.249326705932617,-0.24932622909545898,39.03169250488281,47.669551849365234,0.0,0.0,0.0,1.0,1.0,0.0,1.1017451286315918,,,,,,,,,,,,,,,,
1784021384.227,171056000,165,1,2,0,10.0,25.0,10.0,25.0,8.552021980285645,24.94577980041504,0.05421936511993408,49.499576568603516,46.83324432373047,0.0,0.0,0.0,1.0,1.0,0.0,-1.4107459783554077,,,,,,,,,,,,,,,,
1784021384.239,171066000,166,1,3,0,10.0,25.0,10.0,25.0,9.226499557495117,25.383764266967773,-0.38376450538635254,37.70622634887695,50.1784782409668,0.0,0.0,0.0,1.0,1.0,0.0,1.0899901390075684,,,,,,,,,,,,,,,,
1784021384.248,171076000,167,2,255,0,,,,,,,,,,,,,,,,,-0.20000000298023224,0.0,3.0214285850524902,2.4571428298950195,3.0214285850524902,2.4571428298950195,0.0,0.0,0.0,0.0,0.0,0.0,0.0,0.0,0.0,0.0
1784021384.298,171126000,172,1,0,0,10.0,25.0,10.0,25.0,9.226758003234863,25.18830680847168,-0.18830597400665283,37.64814758300781,43.906166076660156,0.0,0.0,0.0,1.0,1.0,0.0,-1.0939993858337402,,,,,,,,,,,,,,,,
1784021384.306,171136000,173,1,1,0,10.0,25.0,10.0,25.0,8.806207656860352,25.274044036865234,-0.2740442752838135,38.90349578857422,47.669551849365234,0.0,0.0,0.0,1.0,1.0,0.0,1.0927654504776,,,,,,,,,,,,,,,,
1784021384.318,171146000,174,1,2,0,10.0,25.0,10.0,25.0,8.75693130493164,24.948320388793945,0.05168020725250244,47.58745193481445,46.83324432373047,0.0,0.0,0.0,1.0,1.0,0.0,-1.365519404411316,,,,,,,,,,,,,,,,
1784021384.324,171156000,175,1,3,0,10.0,25.0,10.0,25.0,9.169194221496582,25.421106338500977,-0.42110681533813477,37.51896286010742,50.1784782409668,0.0,0.0,0.0,1.0,1.0,0.0,1.0795230865478516,,,,,,,,,,,,,,,,
1784021384.338,171166000,176,2,255,0,,,,,,,,,,,,,,,,,-0.20000000298023224,0.0,3.0214285850524902,2.4571428298950195,3.0214285850524902,2.4571428298950195,0.0,0.0,0.0,0.0,0.0,0.0,0.0,0.0,0.0,0.0
1784021384.381,171216000,181,1,0,0,10.0,25.0,10.0,25.0,9.149154663085938,25.260751724243164,-0.26075243949890137,35.444007873535156,43.906166076660156,0.0,0.0,0.0,1.0,1.0,0.0,-1.0168918371200562,,,,,,,,,,,,,,,,
1784021384.398,171226000,182,1,1,0,10.0,25.0,10.0,25.0,8.792987823486328,25.28488540649414,-0.28488636016845703,38.93300247192383,47.669551849365234,0.0,0.0,0.0,1.0,1.0,0.0,1.0940910577774048,,,,,,,,,,,,,,,,
1784021384.409,171236000,183,1,2,0,10.0,25.0,10.0,25.0,8.706377029418945,25.031917572021484,-0.03191828727722168,44.61842346191406,46.83324432373047,0.0,0.0,0.0,1.0,1.0,0.0,-1.2639580965042114,,,,,,,,,,,,,,,,
1784021384.420,171246000,184,1,3,0,10.0,25.0,10.0,25.0,9.12408447265625,25.41252899169922,-0.41252970695495605,37.570518493652344,50.1784782409668,0.0,0.0,0.0,1.0,1.0,0.0,1.0751973390579224,,,,,,,,,,,,,,,,
1784021384.428,171256000,185,2,255,0,,,,,,,,,,,,,,,,,-0.20000000298023224,0.0,3.0214285850524902,2.4571428298950195,3.0214285850524902,2.4571428298950195,0.0,0.0,0.0,0.0,0.0,0.0,0.0,0.0,0.0,0.0
1784021384.478,171306000,190,1,0,0,10.0,25.0,10.0,25.0,9.09611988067627,25.28369140625,-0.28369128704071045,35.15113067626953,43.906166076660156,0.0,0.0,0.0,1.0,1.0,0.0,-1.0045820474624634,,,,,,,,,,,,,,,,
1784021384.482,171316000,191,1,1,0,10.0,25.0,10.0,25.0,8.744217872619629,25.31212615966797,-0.31212568283081055,37.8316535949707,47.669551849365234,0.0,0.0,0.0,1.0,1.0,0.0,1.0545884370803833,,,,,,,,,,,,,,,,
1784021384.497,171326000,192,1,2,0,10.0,25.0,10.0,25.0,8.684717178344727,25.08346176147461,-0.08346140384674072,43.95493698120117,46.83324432373047,0.0,0.0,0.0,1.0,1.0,0.0,-1.2425596714019775,,,,,,,,,,,,,,,,
1784021384.501,171336000,193,1,3,0,10.0,25.0,10.0,25.0,9.04724407196045,25.42157745361328,-0.42157769203186035,37.48637390136719,50.1784782409668,0.0,0.0,0.0,1.0,1.0,0.0,1.066981554031372,,,,,,,,,,,,,,,,
1784021384.518,171346000,194,2,255,0,,,,,,,,,,,,,,,,,-0.20000000298023224,0.0,3.0214285850524902,2.4571428298950195,3.0214285850524902,2.4571428298950195,0.0,0.0,0.0,0.0,0.0,0.0,0.0,0.0,0.0,0.0
1784021384.561,171396000,199,1,0,0,10.0,25.0,10.0,25.0,9.076601028442383,25.282699584960938,-0.2826988697052002,35.31439971923828,43.906166076660156,0.0,0.0,0.0,1.0,1.0,0.0,-1.0084097385406494,,,,,,,,,,,,,,,,
1784021384.577,171406000,200,1,1,0,10.0,25.0,10.0,25.0,8.715963363647461,25.33603858947754,-0.33603906631469727,37.185340881347656,47.669551849365234,0.0,0.0,0.0,1.0,1.0,0.0,1.033360481262207,,,,,,,,,,,,,,,,
1784021384.578,171416000,201,1,2,0,10.0,25.0,10.0,25.0,8.671932220458984,25.103504180908203,-0.10350346565246582,43.594451904296875,46.83324432373047,0.0,0.0,0.0,1.0,1.0,0.0,-1.2297630310058594,,,,,,,,,,,,,,,,
1784021384.598,171426000,202,1,3,0,10.0,25.0,10.0,25.0,9.024772644042969,25.425029754638672,-0.42502880096435547,37.114959716796875,50.1784782409668,0.0,0.0,0.0,1.0,1.0,0.0,1.0549453496932983,,,,,,,,,,,,,,,,
1784021384.600,171436000,203,2,255,0,,,,,,,,,,,,,,,,,-0.20000000298023224,0.0,3.0214285850524902,2.4571428298950195,3.0214285850524902,2.4571428298950195,0.0,0.0,0.0,0.0,0.0,0.0,0.0,0.0,0.0,0.0
1784021384.657,171486000,208,1,0,0,10.0,25.0,10.0,25.0,9.074308395385742,25.283517837524414,-0.2835184335708618,35.26359939575195,43.906166076660156,0.0,0.0,0.0,1.0,1.0,0.0,-1.0072870254516602,,,,,,,,,,,,,,,,
1784021384.701,171496000,209,1,1,0,10.0,25.0,10.0,25.0,8.722245216369629,25.33629608154297,-0.33629536628723145,37.29161834716797,47.669551849365234,0.0,0.0,0.0,1.0,1.0,0.0,1.0362852811813354,,,,,,,,,,,,,,,,
1784021384.710,171506000,210,1,2,0,10.0,25.0,10.0,25.0,8.678994178771973,25.100677490234375,-0.1006782054901123,43.8331298828125,46.83324432373047,0.0,0.0,0.0,1.0,1.0,0.0,-1.238341212272644,,,,,,,,,,,,,,,,
1784021384.711,171516000,211,1,3,0,10.0,25.0,10.0,25.0,9.033439636230469,25.417884826660156,-0.4178851842880249,37.53509521484375,50.1784782409668,0.0,0.0,0.0,1.0,1.0,0.0,1.0688676834106445,,,,,,,,,,,,,,,,
1784021384.721,171526000,212,2,255,0,,,,,,,,,,,,,,,,,-0.20000000298023224,0.0,3.0214285850524902,2.4571428298950195,3.0214285850524902,2.4571428298950195,0.0,0.0,0.0,0.0,0.0,0.0,0.0,0.0,0.0,0.0
1784021384.740,171576000,217,1,0,0,10.0,25.0,10.0,25.0,9.084214210510254,25.281387329101562,-0.2813875675201416,35.304710388183594,43.906166076660156,0.0,0.0,0.0,1.0,1.0,0.0,-1.0089184045791626,,,,,,,,,,,,,,,,
1784021384.756,171586000,218,1,1,0,10.0,25.0,10.0,25.0,8.730042457580566,25.33318328857422,-0.33318400382995605,37.560020446777344,47.669551849365234,0.0,0.0,0.0,1.0,1.0,0.0,1.0462875366210938,,,,,,,,,,,,,,,,
1784021384.760,171596000,219,1,2,0,10.0,25.0,10.0,25.0,8.686175346374512,25.09867286682129,-0.09867250919342041,43.82038116455078,46.83324432373047,0.0,0.0,0.0,1.0,1.0,0.0,-1.2385063171386719,,,,,,,,,,,,,,,,
1784021384.778,171606000,220,1,3,0,10.0,25.0,10.0,25.0,9.036917686462402,25.417116165161133,-0.41711628437042236,37.644866943359375,50.1784782409668,0.0,0.0,0.0,1.0,1.0,0.0,1.0727635622024536,,,,,,,,,,,,,,,,
1784021384.779,171616000,221,2,255,0,,,,,,,,,,,,,,,,,-0.20000000298023224,0.0,3.0214285850524902,2.4571428298950195,3.0214285850524902,2.4571428298950195,0.0,0.0,0.0,0.0,0.0,0.0,0.0,0.0,0.0,0.0
1784021384.835,171666000,226,1,0,0,10.0,25.0,10.0,25.0,9.079381942749023,25.28217124938965,-0.282171368598938,35.2338981628418,43.906166076660156,0.0,0.0,0.0,1.0,1.0,0.0,-1.0062593221664429,,,,,,,,,,,,,,,,
1784021384.840,171676000,227,1,1,0,10.0,25.0,10.0,25.0,8.726337432861328,25.335355758666992,-0.33535659313201904,37.38117599487305,47.669551849365234,0.0,0.0,0.0,1.0,1.0,0.0,1.0400906801223755,,,,,,,,,,,,,,,,
1784021384.856,171686000,228,1,2,0,10.0,25.0,10.0,25.0,8.682361602783203,25.09998893737793,-0.09998977184295654,43.74667739868164,46.83324432373047,0.0,0.0,0.0,1.0,1.0,0.0,-1.2354438304901123,,,,,,,,,,,,,,,,
1784021384.859,171696000,229,1,3,0,10.0,25.0,10.0,25.0,9.030256271362305,25.420391082763672,-0.4203915596008301,37.35798645019531,50.1784782409668,0.0,0.0,0.0,1.0,1.0,0.0,1.0625708103179932,,,,,,,,,,,,,,,,
1784021384.876,171706000,230,2,255,0,,,,,,,,,,,,,,,,,-0.20000000298023224,0.0,3.0214285850524902,2.4571428298950195,3.0214285850524902,2.4571428298950195,0.0,0.0,0.0,0.0,0.0,0.0,0.0,0.0,0.0,0.0
1784021384.919,171756000,235,1,0,0,10.0,25.0,10.0,25.0,9.08193302154541,25.280834197998047,-0.28083324432373047,35.37146759033203,43.906166076660156,0.0,0.0,0.0,1.0,1.0,0.0,-1.0109935998916626,,,,,,,,,,,,,,,,
1784021384.938,171766000,236,1,1,0,10.0,25.0,10.0,25.0,8.72596263885498,25.334978103637695,-0.3349781036376953,37.37593078613281,47.669551849365234,0.0,0.0,0.0,1.0,1.0,0.0,1.0400692224502563,,,,,,,,,,,,,,,,
1784021384.939,171776000,237,1,2,0,10.0,25.0,10.0,25.0,8.684416770935059,25.099760055541992,-0.09976029396057129,43.860107421875,46.83324432373047,0.0,0.0,0.0,1.0,1.0,0.0,-1.239297866821289,,,,,,,,,,,,,,,,
1784021384.958,171786000,238,1,3,0,10.0,25.0,10.0,25.0,9.033357620239258,25.417922973632812,-0.4179239273071289,37.65025329589844,50.1784782409668,0.0,0.0,0.0,1.0,1.0,0.0,1.0726048946380615,,,,,,,,,,,,,,,,
1784021384.958,171796000,239,2,255,0,,,,,,,,,,,,,,,,,-0.20000000298023224,0.0,3.0214285850524902,2.4571428298950195,3.0214285850524902,2.4571428298950195,0.0,0.0,0.0,0.0,0.0,0.0,0.0,0.0,0.0,0.0
1784021385.018,171846000,244,1,0,0,10.0,25.0,10.0,25.0,9.081929206848145,25.280826568603516,-0.28082728385925293,35.37451171875,43.906166076660156,0.0,0.0,0.0,1.0,1.0,0.0,-1.0110620260238647,,,,,,,,,,,,,,,,
1784021385.019,171856000,245,1,1,0,10.0,25.0,10.0,25.0,8.728179931640625,25.334251403808594,-0.33425092697143555,37.47407150268555,47.669551849365234,0.0,0.0,0.0,1.0,1.0,0.0,1.0432249307632446,,,,,,,,,,,,,,,,
1784021385.038,171866000,246,1,2,0,10.0,25.0,10.0,25.0,8.681718826293945,25.10025405883789,-0.10025501251220703,43.798675537109375,46.83324432373047,0.0,0.0,0.0,1.0,1.0,0.0,-1.237066388130188,,,,,,,,,,,,,,,,
1784021385.039,171876000,247,1,3,0,10.0,25.0,10.0,25.0,9.034825325012207,25.41632652282715,-0.41632652282714844,37.51836395263672,50.1784782409668,0.0,0.0,0.0,1.0,1.0,0.0,1.0683265924453735,,,,,,,,,,,,,,,,
1784021385.057,171886000,248,2,255,0,,,,,,,,,,,,,,,,,-0.20000000298023224,0.0,3.0214285850524902,2.4571428298950195,3.0214285850524902,2.4571428298950195,0.0,0.0,0.0,0.0,0.0,0.0,0.0,0.0,0.0,0.0
1784021385.098,171936000,253,1,0,0,10.0,25.0,10.0,25.0,9.081332206726074,25.281902313232422,-0.28190314769744873,35.32108688354492,43.906166076660156,0.0,0.0,0.0,1.0,1.0,0.0,-1.0094377994537354,,,,,,,,,,,,,,,,
1784021385.118,171946000,254,1,1,0,10.0,25.0,10.0,25.0,8.727904319763184,25.334775924682617,-0.334775447845459,37.45137405395508,47.669551849365234,0.0,0.0,0.0,1.0,1.0,0.0,1.0425913333892822,,,,,,,,,,,,,,,,
1784021385.119,171956000,255,1,2,0,10.0,25.0,10.0,25.0,8.684061050415039,25.10034942626953,-0.10035037994384766,43.73512649536133,46.83324432373047,0.0,0.0,0.0,1.0,1.0,0.0,-1.2355436086654663,,,,,,,,,,,,,,,,
1784021385.138,171966000,0,1,3,0,10.0,25.0,10.0,25.0,9.034330368041992,25.417476654052734,-0.4174768924713135,37.423980712890625,50.1784782409668,0.0,0.0,0.0,1.0,1.0,0.0,1.0653148889541626,,,,,,,,,,,,,,,,
1784021385.139,171976000,1,2,255,0,,,,,,,,,,,,,,,,,-0.20000000298023224,0.0,3.0214285850524902,2.4571428298950195,3.0214285850524902,2.4571428298950195,0.0,0.0,0.0,0.0,0.0,0.0,0.0,0.0,0.0,0.0
1784021385.197,172026000,6,1,0,0,10.0,25.0,10.0,25.0,9.082258224487305,25.280195236206055,-0.2801954746246338,35.35676193237305,43.906166076660156,0.0,0.0,0.0,1.0,1.0,0.0,-1.0104507207870483,,,,,,,,,,,,,,,,
1784021385.248,172036000,7,1,1,0,10.0,25.0,10.0,25.0,8.726509094238281,25.33525848388672,-0.33525824546813965,37.4173583984375,47.669551849365234,0.0,0.0,0.0,1.0,1.0,0.0,1.041253924369812,,,,,,,,,,,,,,,,
1784021385.262,172046000,8,1,2,0,10.0,25.0,10.0,25.0,8.683525085449219,25.09906578063965,-0.09906589984893799,43.65814208984375,46.83324432373047,0.0,0.0,0.0,1.0,1.0,0.0,-1.2327611446380615,,,,,,,,,,,,,,,,
1784021385.263,172056000,9,1,3,0,10.0,25.0,10.0,25.0,9.032208442687988,25.419172286987305,-0.41917264461517334,37.40913772583008,50.1784782409668,0.0,0.0,0.0,1.0,1.0,0.0,1.064432144165039,,,,,,,,,,,,,,,,
1784021385.264,172066000,10,2,255,0,,,,,,,,,,,,,,,,,-0.20000000298023224,0.0,3.0214285850524902,2.4571428298950195,3.0214285850524902,2.4571428298950195,0.0,0.0,0.0,0.0,0.0,0.0,0.0,0.0,0.0,0.0
1784021385.280,172116000,15,1,0,0,10.0,25.0,10.0,25.0,9.081273078918457,25.281021118164062,-0.28102099895477295,35.36827850341797,43.906166076660156,0.0,0.0,0.0,1.0,1.0,0.0,-1.0107789039611816,,,,,,,,,,,,,,,,
1784021385.298,172126000,16,1,1,0,10.0,25.0,10.0,25.0,8.728425979614258,25.333738327026367,-0.3337383270263672,37.526615142822266,47.669551849365234,0.0,0.0,0.0,1.0,1.0,0.0,1.045114278793335,,,,,,,,,,,,,,,,
1784021385.299,172136000,17,1,2,0,10.0,25.0,10.0,25.0,8.682445526123047,25.099960327148438,-0.09995996952056885,43.79716491699219,46.83324432373047,0.0,0.0,0.0,1.0,1.0,0.0,-1.2370615005493164,,,,,,,,,,,,,,,,
1784021385.313,172146000,18,1,3,0,10.0,25.0,10.0,25.0,9.032804489135742,25.419002532958984,-0.4190027713775635,37.50127410888672,50.1784782409668,0.0,0.0,0.0,1.0,1.0,0.0,1.0678144693374634,,,,,,,,,,,,,,,,
1784021385.319,172156000,19,2,255,0,,,,,,,,,,,,,,,,,-0.20000000298023224,0.0,3.0214285850524902,2.4571428298950195,3.0214285850524902,2.4571428298950195,0.0,0.0,0.0,0.0,0.0,0.0,0.0,0.0,0.0,0.0
1784021385.372,172206000,24,1,0,0,10.0,25.0,10.0,25.0,9.083425521850586,25.280248641967773,-0.28024911880493164,35.40790939331055,43.906166076660156,0.0,0.0,0.0,1.0,1.0,0.0,-1.0122036933898926,,,,,,,,,,,,,,,,
1784021385.378,172216000,25,1,1,0,10.0,25.0,10.0,25.0,8.727327346801758,25.334548950195312,-0.3345489501953125,37.5836296081543,47.669551849365234,0.0,0.0,0.0,1.0,1.0,0.0,1.046646237373352,,,,,,,,,,,,,,,,
1784021385.394,172226000,26,1,2,0,10.0,25.0,10.0,25.0,8.685738563537598,25.0997314453125,-0.0997304916381836,43.66154479980469,46.83324432373047,0.0,0.0,0.0,1.0,1.0,0.0,-1.2329989671707153,,,,,,,,,,,,,,,,
1784021385.397,172236000,27,1,3,0,10.0,25.0,10.0,25.0,9.033570289611816,25.41775131225586,-0.4177510738372803,37.59598922729492,50.1784782409668,0.0,0.0,0.0,1.0,1.0,0.0,1.0702717304229736,,,,,,,,,,,,,,,,
1784021385.413,172246000,28,2,255,0,,,,,,,,,,,,,,,,,-0.20000000298023224,0.0,3.0214285850524902,2.4571428298950195,3.0214285850524902,2.4571428298950195,0.0,0.0,0.0,0.0,0.0,0.0,0.0,0.0,0.0,0.0
1784021385.457,172296000,33,1,0,0,10.0,25.0,10.0,25.0,9.080707550048828,25.280797958374023,-0.28079748153686523,35.3398551940918,43.906166076660156,0.0,0.0,0.0,1.0,1.0,0.0,-1.0097627639770508,,,,,,,,,,,,,,,,
1784021385.474,172306000,34,1,1,0,10.0,25.0,10.0,25.0,8.727446556091309,25.334548950195312,-0.3345489501953125,37.47163009643555,47.669551849365234,0.0,0.0,0.0,1.0,1.0,0.0,1.0431277751922607,,,,,,,,,,,,,,,,
1784021385.478,172316000,35,1,2,0,10.0,25.0,10.0,25.0,8.683265686035156,25.09967613220215,-0.09967684745788574,43.85342025756836,46.83324432373047,0.0,0.0,0.0,1.0,1.0,0.0,-1.2392323017120361,,,,,,,,,,,,,,,,
1784021385.492,172326000,36,1,3,0,10.0,25.0,10.0,25.0,9.032031059265137,25.418298721313477,-0.41829943656921387,37.42353820800781,50.1784782409668,0.0,0.0,0.0,1.0,1.0,0.0,1.0650850534439087,,,,,,,,,,,,,,,,
1784021385.500,172336000,37,2,255,0,,,,,,,,,,,,,,,,,-0.20000000298023224,0.0,3.0214285850524902,2.4571428298950195,3.0214285850524902,2.4571428298950195,0.0,0.0,0.0,0.0,0.0,0.0,0.0,0.0,0.0,0.0
1784021385.551,172386000,42,1,0,0,10.0,25.0,10.0,25.0,9.081246376037598,25.283395767211914,-0.28339624404907227,35.202945709228516,43.906166076660156,0.0,0.0,0.0,1.0,1.0,0.0,-1.0057568550109863,,,,,,,,,,,,,,,,
1784021385.560,172396000,43,1,1,0,10.0,25.0,10.0,25.0,8.728132247924805,25.33422088623047,-0.33422112464904785,37.478397369384766,47.669551849365234,0.0,0.0,0.0,1.0,1.0,0.0,1.043520450592041,,,,,,,,,,,,,,,,
1784021385.572,172406000,44,1,2,0,10.0,25.0,10.0,25.0,8.682863235473633,25.10267448425293,-0.10267496109008789,43.80276107788086,46.83324432373047,0.0,0.0,0.0,1.0,1.0,0.0,-1.2376031875610352,,,,,,,,,,,,,,,,
1784021385.578,172416000,45,1,3,0,10.0,25.0,10.0,25.0,9.03368854522705,25.416301727294922,-0.4163026809692383,37.50978469848633,50.1784782409668,0.0,0.0,0.0,1.0,1.0,0.0,1.067818522453308,,,,,,,,,,,,,,,,
1784021385.593,172426000,46,2,255,0,,,,,,,,,,,,,,,,,-0.20000000298023224,0.0,3.0214285850524902,2.4571428298950195,3.0214285850524902,2.4571428298950195,0.0,0.0,0.0,0.0,0.0,0.0,0.0,0.0,0.0,0.0
1784021385.638,172476000,51,1,0,0,10.0,25.0,10.0,25.0,9.08236026763916,25.28110122680664,-0.2811014652252197,35.3645133972168,43.906166076660156,0.0,0.0,0.0,1.0,1.0,0.0,-1.010838270187378,,,,,,,,,,,,,,,,
1784021385.653,172486000,52,1,1,0,10.0,25.0,10.0,25.0,8.725645065307617,25.33559799194336,-0.3355979919433594,37.447227478027344,47.669551849365234,0.0,0.0,0.0,1.0,1.0,0.0,1.0420384407043457,,,,,,,,,,,,,,,,
1784021385.659,172496000,53,1,2,0,10.0,25.0,10.0,25.0,8.683695793151855,25.102380752563477,-0.10237991809844971,43.4951171875,46.83324432373047,0.0,0.0,0.0,1.0,1.0,0.0,-1.227965235710144,,,,,,,,,,,,,,,,
1784021385.671,172506000,54,1,3,0,10.0,25.0,10.0,25.0,9.03046989440918,25.418886184692383,-0.41888654232025146,36.961116790771484,50.1784782409668,0.0,0.0,0.0,1.0,1.0,0.0,1.0505131483078003,,,,,,,,,,,,,,,,
1784021385.679,172516000,55,2,255,0,,,,,,,,,,,,,,,,,-0.20000000298023224,0.0,3.0214285850524902,2.4571428298950195,3.0214285850524902,2.4571428298950195,0.0,0.0,0.0,0.0,0.0,0.0,0.0,0.0,0.0,0.0
1784021385.733,172566000,60,1,0,0,10.0,25.0,10.0,25.0,9.08078670501709,25.280725479125977,-0.28072595596313477,35.50382995605469,43.906166076660156,0.0,0.0,0.0,1.0,1.0,0.0,-1.0150138139724731,,,,,,,,,,,,,,,,
1784021385.744,172576000,61,1,1,0,10.0,25.0,10.0,25.0,8.726499557495117,25.33526039123535,-0.3352612257003784,37.3876953125,47.669551849365234,0.0,0.0,0.0,1.0,1.0,0.0,1.0403757095336914,,,,,,,,,,,,,,,,
1784021385.751,172586000,62,1,2,0,10.0,25.0,10.0,25.0,8.680983543395996,25.102806091308594,-0.10280609130859375,43.57691955566406,46.83324432373047,0.0,0.0,0.0,1.0,1.0,0.0,-1.2297698259353638,,,,,,,,,,,,,,,,
1784021385.756,172596000,63,1,3,0,10.0,25.0,10.0,25.0,9.031933784484863,25.41729736328125,-0.4172980785369873,37.36775207519531,50.1784782409668,0.0,0.0,0.0,1.0,1.0,0.0,1.062935471534729,,,,,,,,,,,,,,,,
1784021385.770,172606000,64,2,255,0,,,,,,,,,,,,,,,,,0.20000000298023224,0.0,3.0214285850524902,2.4571428298950195,3.0214285850524902,2.4571428298950195,0.20000000298023224,0.0,0.0,0.0,0.0,0.0,0.0,0.0,0.0,0.0
1784021385.815,172656000,69,1,0,0,10.0,25.0,10.0,25.0,9.058378219604492,25.34021759033203,-0.34021735191345215,37.312591552734375,48.78462600708008,0.0,0.0,0.0,0.0,0.7799999713897705,0.0,-1.0651828050613403,,,,,,,,,,,,,,,,
1784021385.831,172666000,70,1,1,4,10.0,25.0,10.0,25.0,8.671455383300781,25.395689010620117,-0.39568841457366943,45.24528121948242,59.15945053100586,0.0,0.0,0.0,0.0,0.7799999713897705,0.33083775639533997,1.2618072032928467,,,,,,,,,,,,,,,,
1784021385.834,172676000,71,1,2,4,10.0,25.0,10.0,25.0,8.630815505981445,25.19133758544922,-0.19133687019348145,51.05160140991211,58.53806686401367,0.0,0.0,0.0,0.0,0.7799999713897705,0.3472824692726135,-1.4399558305740356,,,,,,,,,,,,,,,,
1784021385.850,172686000,72,1,3,0,10.0,25.0,10.0,25.0,8.994107246398926,25.48633575439453,-0.4863351583480835,40.3433837890625,55.75386428833008,0.0,0.0,0.0,0.0,0.7799999713897705,0.0,1.1463630199432373,,,,,,,,,,,,,,,,
1784021385.850,172696000,73,2,255,0,,,,,,,,,,,,,,,,,0.20000000298023224,0.0,3.0214285850524902,2.4571428298950195,3.0214285850524902,2.4571428298950195,0.20000000298023224,0.0,0.0,0.0,0.0,0.0,0.0,0.0,0.0,0.0
1784021385.910,172746000,78,1,0,0,10.0,25.0,10.0,25.0,9.016350746154785,25.387950897216797,-0.38795173168182373,36.695899963378906,48.78462600708008,0.0,0.0,0.0,0.0,0.7799999713897705,0.0,-1.0412745475769043,,,,,,,,,,,,,,,,
1784021385.915,172756000,79,1,1,4,10.0,25.0,10.0,25.0,8.6085205078125,25.464242935180664,-0.46424269676208496,43.525901794433594,59.627925872802734,0.0,0.0,0.0,0.0,0.7799999713897705,0.355863094329834,1.2007633447647095,,,,,,,,,,,,,,,,
1784021385.930,172766000,80,1,2,4,10.0,25.0,10.0,25.0,8.567989349365234,25.295698165893555,-0.2956986427307129,48.058876037597656,59.00618362426758,0.0,0.0,0.0,0.0,0.7799999713897705,0.37228888273239136,-1.3387478590011597,,,,,,,,,,,,,,,,
1784021385.935,172776000,81,1,3,0,10.0,25.0,10.0,25.0,9.032684326171875,25.469932556152344,-0.469931960105896,41.826271057128906,55.75386428833008,0.0,0.0,0.0,0.0,0.7799999713897705,0.0,1.197820782661438,,,,,,,,,,,,,,,,
1784021385.950,172786000,82,2,255,0,,,,,,,,,,,,,,,,,0.20000000298023224,0.0,3.0214285850524902,2.4571428298950195,3.0214285850524902,2.4571428298950195,0.20000000298023224,0.0,0.0,0.0,0.0,0.0,0.0,0.0,0.0,0.0
1784021385.997,172836000,87,1,0,0,10.0,25.0,10.0,25.0,9.109835624694824,25.33990478515625,-0.33990442752838135,35.815956115722656,38.052005767822266,0.0,0.0,0.0,0.0,0.7799999713897705,0.0,-1.0429823398590088,,,,,,,,,,,,,,,,
1784021386.010,172846000,88,1,1,4,10.0,25.0,10.0,25.0,8.422924995422363,25.538402557373047,-0.538402795791626,44.412376403808594,49.34819412231445,0.0,0.0,0.0,0.0,0.7799999713897705,0.42919793725013733,1.2264388799667358,,,,,,,,,,,,,,,,
1784021386.019,172856000,89,1,2,4,10.0,25.0,10.0,25.0,8.428356170654297,25.36202049255371,-0.36202073097229004,45.143707275390625,48.583641052246094,0.0,0.0,0.0,0.0,0.7799999713897705,0.4270744025707245,-1.2561885118484497,,,,,,,,,,,,,,,,
1784021386.029,172866000,90,1,3,0,10.0,25.0,10.0,25.0,9.143363952636719,25.395526885986328,-0.3955274820327759,40.87110137939453,43.48801040649414,0.0,0.0,0.0,0.0,0.7799999713897705,0.0,1.1976449489593506,,,,,,,,,,,,,,,,
1784021386.037,172876000,91,2,255,0,,,,,,,,,,,,,,,,,0.20000000298023224,0.0,3.0214285850524902,2.4571428298950195,3.0214285850524902,2.4571428298950195,0.20000000298023224,0.0,0.0,0.0,0.0,0.0,0.0,0.0,0.0,0.0
1784021386.093,172926000,96,1,0,0,10.0,25.0,10.0,25.0,9.25456714630127,25.240480422973633,-0.24048089981079102,36.73072052001953,38.052005767822266,0.0,0.0,0.0,0.0,0.7799999713897705,0.0,-1.0844531059265137,,,,,,,,,,,,,,,,
1784021386.113,172936000,97,1,1,4,10.0,25.0,10.0,25.0,8.125678062438965,25.677412033081055,-0.677412748336792,44.830474853515625,51.55975341796875,0.0,0.0,0.0,0.0,0.7799999713897705,0.5473366975784302,1.202730655670166,,,,,,,,,,,,,,,,
1784021386.119,172946000,98,1,2,4,10.0,25.0,10.0,25.0,8.369890213012695,25.388399124145508,-0.38839876651763916,45.204200744628906,49.05107116699219,0.0,0.0,0.0,0.0,0.7799999713897705,0.4520438313484192,-1.2504912614822388,,,,,,,,,,,,,,,,
1784021386.119,172956000,99,1,3,0,10.0,25.0,10.0,25.0,9.163941383361816,25.382429122924805,-0.3824293613433838,40.85136795043945,43.48801040649414,0.0,0.0,0.0,0.0,0.7799999713897705,0.0,1.197060227394104,,,,,,,,,,,,,,,,
1784021386.129,172966000,100,2,255,0,,,,,,,,,,,,,,,,,0.20000000298023224,0.0,3.0214285850524902,2.4571428298950195,3.0214285850524902,2.4571428298950195,0.20000000298023224,0.0,0.0,0.0,0.0,0.0,0.0,0.0,0.0,0.0
1784021386.176,173016000,105,1,0,0,10.0,25.0,10.0,25.0,9.405035972595215,25.105756759643555,-0.10575652122497559,37.7725830078125,38.052005767822266,0.0,0.0,0.0,0.0,0.7799999713897705,0.0,-1.1273611783981323,,,,,,,,,,,,,,,,
1784021386.189,173026000,106,1,1,4,10.0,25.0,10.0,25.0,7.7886834144592285,25.92718505859375,-0.9271860122680664,44.36940002441406,54.078575134277344,0.0,0.0,0.0,0.0,0.7799999713897705,0.6818891763687134,1.1460002660751343,,,,,,,,,,,,,,,,
1784021386.198,173036000,107,1,2,4,10.0,25.0,10.0,25.0,8.369890213012695,25.388399124145508,-0.38839876651763916,45.204185485839844,49.05107116699219,0.0,0.0,0.0,0.0,0.7799999713897705,0.4520438313484192,-1.250490665435791,,,,,,,,,,,,,,,,
1784021386.212,173046000,108,1,3,0,10.0,25.0,10.0,25.0,9.163941383361816,25.382429122924805,-0.3824293613433838,40.85136413574219,43.48801040649414,0.0,0.0,0.0,0.0,0.7799999713897705,0.0,1.1970601081848145,,,,,,,,,,,,,,,,
1784021386.219,173056000,109,2,255,0,,,,,,,,,,,,,,,,,0.20000000298023224,0.0,3.0214285850524902,2.4571428298950195,3.0214285850524902,2.4571428298950195,0.20000000298023224,0.0,0.0,0.0,0.0,0.0,0.0,0.0,0.0,0.0
1784021386.270,173106000,114,1,0,1,10.000005722045898,24.99872589111328,10.000005722045898,24.99872589111328,9.591691970825195,24.88851547241211,0.11021047830581665,10.380620956420898,0.0,0.0,0.0,0.0,0.0,0.0,0.0,-0.3086811304092407,,,,,,,,,,,,,,,,
1784021386.313,173116000,115,1,1,5,9.984296798706055,24.967891693115234,9.984296798706055,24.967891693115234,7.782580852508545,25.871318817138672,-0.9034276008605957,-16.311298370361328,0.0,0.0,-0.49888303875923157,0.0,0.0,0.0,0.367796391248703,-0.6017081141471863,,,,,,,,,,,,,,,,
1784021386.314,173126000,116,1,2,4,9.97313117980957,25.0,9.97313117980957,25.0,7.173627853393555,26.220012664794922,-1.2200117111206055,95.1092758178711,119.23944091796875,0.0,0.0,0.0,0.16052603721618652,0.8153157234191895,0.7812157273292542,-2.50636887550354,,,,,,,,,,,,,,,,
1784021386.314,173136000,117,1,3,0,9.998788833618164,25.0,9.998788833618164,25.0,9.436408042907715,25.286090850830078,-0.2860903739929199,88.46937561035156,94.52156066894531,0.0,0.0,0.0,0.28917258977890015,0.8436179161071777,0.0,2.6448755264282227,,,,,,,,,,,,,,,,
1784021386.321,173146000,118,2,255,0,,,,,,,,,,,,,,,,,0.20000000298023224,0.0,3.0214285850524902,2.4571428298950195,3.0214285850524902,2.4571428298950195,0.20000000298023224,0.0,0.0,0.0,0.0,0.0,0.0,0.0,0.0,0.0
1784021386.352,173196000,123,1,0,1,10.040518760681152,24.582565307617188,10.040518760681152,24.582565307617188,9.97642993927002,24.461105346679688,0.12145936489105225,0.37715089321136475,0.0,0.0,0.0,0.0,0.0,0.0,0.0,-0.015854066237807274,,,,,,,,,,,,,,,,
1784021386.369,173206000,124,1,1,1,9.9432373046875,24.259233474731445,9.9432373046875,24.259233474731445,8.647598266601562,24.981801986694336,-0.7225692272186279,-8.336199760437012,0.0,0.0,-1.9269989728927612,0.0,0.0,0.0,0.014895860105752945,-0.2898736000061035,,,,,,,,,,,,,,,,
1784021386.372,173216000,125,1,2,4,9.834968566894531,25.0,9.834968566894531,25.0,6.607126235961914,26.4860897064209,-1.486089825630188,88.830810546875,146.9102020263672,0.0,0.0,0.0,1.0,1.0,0.8499999642372131,-2.1986682415008545,,,,,,,,,,,,,,,,
1784021386.394,173226000,126,1,3,0,9.944546699523926,25.0,9.944546699523926,25.0,8.760995864868164,25.56686782836914,-0.5668669939041138,92.61672973632812,112.00394439697266,0.0,0.0,0.0,1.0,1.0,0.0,2.679352283477783,,,,,,,,,,,,,,,,
1784021386.401,173236000,127,2,255,0,,,,,,,,,,,,,,,,,0.20000000298023224,0.0,3.0214285850524902,2.4571428298950195,3.0214285850524902,2.4571428298950195,0.20000000298023224,0.0,0.0,0.0,0.0,0.0,0.0,0.0,0.0,0.0
1784021386.449,173286000,132,1,0,1,10.259244918823242,23.914302825927734,10.259244918823242,23.914302825927734,10.201556205749512,23.819578170776367,0.09472519159317017,-0.8823672533035278,0.0,0.0,0.0,0.0,0.0,0.0,0.0,0.034613631665706635,,,,,,,,,,,,,,,,
1784021386.457,173296000,133,1,1,1,10.089580535888672,23.399398803710938,10.089580535888672,23.399398803710938,9.449563026428223,23.865217208862305,-0.46581923961639404,-4.363368034362793,0.0,0.0,-0.165266215801239,0.0,0.0,0.0,0.0006032868986949325,-0.14889320731163025,,,,,,,,,,,,,,,,
1784021386.469,173306000,134,1,2,4,9.560546875,25.0,9.560546875,25.0,6.087059020996094,26.58020782470703,-1.5802085399627686,88.87057495117188,149.16241455078125,0.0,0.0,0.0,1.0,1.0,0.8499999642372131,-2.14945650100708,,,,,,,,,,,,,,,,
1784021386.478,173316000,135,1,3,0,9.747801780700684,25.0,9.747801780700684,25.0,8.23208999633789,25.643884658813477,-0.6438851356506348,94.1807861328125,113.62855529785156,0.0,0.0,0.0,1.0,1.0,0.0,2.6848080158233643,,,,,,,,,,,,,,,,
1784021386.489,173326000,136,2,255,0,,,,,,,,,,,,,,,,,0.20000000298023224,0.0,3.0214285850524902,2.4571428298950195,3.0214285850524902,2.4571428298950195,0.20000000298023224,0.0,0.0,0.0,0.0,0.0,0.0,0.0,0.0,0.0
1784021386.538,173376000,141,1,0,1,10.627215385437012,23.86838150024414,10.627215385437012,23.86838150024414,10.417587280273438,23.700439453125,0.16794055700302124,0.8976243734359741,0.0,0.0,0.0,0.0,0.0,0.0,0.0,-0.017875026911497116,,,,,,,,,,,,,,,,
1784021386.550,173386000,142,1,1,1,10.366962432861328,23.470853805541992,10.366962432861328,23.470853805541992,9.939459800720215,23.56111717224121,-0.09026378393173218,-0.4978378713130951,0.0,0.0,0.0,0.0,0.0,0.0,2.4433305952697992e-05,-0.027287760749459267,,,,,,,,,,,,,,,,
1784021386.552,173396000,143,1,2,4,9.153494834899902,25.0,9.153494834899902,25.0,5.593088150024414,26.67272186279297,-1.6727209091186523,84.3131332397461,148.4873504638672,0.0,0.0,0.0,1.0,1.0,0.8499999642372131,-1.9733954668045044,,,,,,,,,,,,,,,,
1784021386.570,173406000,144,1,3,0,9.427349090576172,25.0,9.427349090576172,25.0,7.850241661071777,25.579553604125977,-0.5795538425445557,95.61217498779297,112.79095458984375,0.0,0.0,0.0,1.0,1.0,0.0,2.7111849784851074,,,,,,,,,,,,,,,,
1784021386.578,173416000,145,2,255,0,,,,,,,,,,,,,,,,,0.20000000298023224,0.0,3.0214285850524902,2.4571428298950195,3.0214285850524902,2.4571428298950195,0.20000000298023224,0.0,0.0,0.0,0.0,0.0,0.0,0.0,0.0,0.0
1784021386.617,173466000,150,1,0,1,10.931236267089844,24.52830696105957,10.931236267089844,24.52830696105957,10.520990371704102,24.40644645690918,0.12186020612716675,1.52005136013031,0.0,0.0,0.0,0.0,0.0,0.0,0.0,-0.02570614218711853,,,,,,,,,,,,,,,,
1784021386.630,173476000,151,1,1,1,10.556795120239258,24.412771224975586,10.556795120239258,24.412771224975586,10.062458992004395,24.341758728027344,0.071011483669281,0.5487627387046814,0.0,0.0,0.0,0.0,0.0,0.0,9.895558150674333e-07,-0.013831187039613724,,,,,,,,,,,,,,,,
1784021386.652,173486000,152,1,2,4,8.737017631530762,25.0,8.737017631530762,25.0,5.295658111572266,26.73964500427246,-1.739645004272461,78.86859893798828,145.13250732421875,0.0,0.0,0.0,1.0,1.0,0.8499999642372131,-1.8271827697753906,,,,,,,,,,,,,,,,
1784021386.652,173496000,153,1,3,0,9.11431884765625,25.0,9.11431884765625,25.0,7.483028411865234,25.68305778503418,-0.6830573081970215,88.311767578125,109.79759979248047,0.0,0.0,0.0,1.0,1.0,0.0,2.472123146057129,,,,,,,,,,,,,,,,
1784021386.666,173506000,154,2,255,0,,,,,,,,,,,,,,,,,0.20000000298023224,0.0,3.0214285850524902,2.4571428298950195,3.0214285850524902,2.4571428298950195,0.20000000298023224,0.0,0.0,0.0,0.0,0.0,0.0,0.0,0.0,0.0
1784021386.716,173556000,159,1,0,1,11.057872772216797,24.99866485595703,11.057872772216797,24.99866485595703,10.744280815124512,24.839847564697266,0.15881657600402832,3.064807176589966,0.0,0.0,0.0,0.0,0.0,0.0,0.0,-0.09103505313396454,,,,,,,,,,,,,,,,
1784021386.726,173566000,160,1,1,0,10.574440956115723,25.0,10.574440956115723,25.0,10.14365291595459,24.87911605834961,0.12088418006896973,39.77125930786133,41.8640251159668,0.0,0.0,0.0,0.006482804659754038,0.781426191329956,4.007730325383818e-08,1.1959984302520752,,,,,,,,,,,,,,,,
1784021386.731,173576000,161,1,2,4,8.438835144042969,25.0,8.438835144042969,25.0,5.357154369354248,26.62571144104004,-1.6257107257843018,18.06977081298828,72.43693542480469,0.0,0.0,0.0,1.0,1.0,0.8499999642372131,-0.21511714160442352,,,,,,,,,,,,,,,,
1784021386.747,173586000,162,1,3,0,8.92737102508545,25.0,8.92737102508545,25.0,7.474823951721191,25.66690444946289,-0.6669044494628906,37.386871337890625,55.78832244873047,0.0,0.0,0.0,1.0,1.0,0.0,0.9992190003395081,,,,,,,,,,,,,,,,
1784021386.750,173596000,163,2,255,0,,,,,,,,,,,,,,,,,0.20000000298023224,0.0,3.0214285850524902,2.4571428298950195,3.0214285850524902,2.4571428298950195,0.20000000298023224,0.0,0.0,0.0,0.0,0.0,0.0,0.0,0.0,0.0
1784021386.809,173646000,168,1,0,0,11.097623825073242,25.0,11.097623825073242,25.0,10.476282119750977,25.039592742919922,-0.03959238529205322,49.14750289916992,50.854339599609375,0.0,0.0,0.0,0.8409402370452881,0.9650068283081055,0.0,-1.480434775352478,,,,,,,,,,,,,,,,
1784021386.839,173656000,169,1,1,0,10.505304336547852,25.0,10.505304336547852,25.0,9.637932777404785,25.161664962768555,-0.161665678024292,106.46726989746094,119.43966674804688,0.0,0.0,0.0,0.9273051023483276,0.9840071201324463,1.623142731332905e-09,3.1713287830352783,,,,,,,,,,,,,,,,
1784021386.840,173666000,170,1,2,5,8.254117012023926,24.945131301879883,8.254117012023926,24.945131301879883,6.121385097503662,25.856369018554688,-0.9112387895584106,-15.24246883392334,0.0,0.0,-0.697312593460083,0.0,0.0,0.0,0.24793937802314758,0.5544266104698181,,,,,,,,,,,,,,,,
1784021386.841,173676000,171,1,3,1,8.845784187316895,24.927675247192383,8.845784187316895,24.927675247192383,7.937217712402344,25.391691207885742,-0.46401768922805786,-6.401867389678955,0.0,0.0,-0.0,0.0,0.0,0.0,0.0,-0.22237056493759155,,,,,,,,,,,,,,,,
1784021386.853,173686000,172,2,255,0,,,,,,,,,,,,,,,,,0.20000000298023224,0.0,3.0214285850524902,2.4571428298950195,3.0214285850524902,2.4571428298950195,0.20000000298023224,0.0,0.0,0.0,0.0,0.0,0.0,0.0,0.0,0.0
1784021386.889,173736000,177,1,0,0,10.919172286987305,25.0,10.919172286987305,25.0,9.62441635131836,25.61568260192871,-0.6156831979751587,87.7880630493164,110.72725677490234,0.0,0.0,0.0,1.0,1.0,0.0,-2.5600523948669434,,,,,,,,,,,,,,,,
1784021386.906,173746000,178,1,1,4,10.196881294250488,25.0,10.196881294250488,25.0,8.52682876586914,25.670761108398438,-0.6707608699798584,109.0619125366211,136.8771209716797,0.0,0.0,0.0,1.0,1.0,0.46147534251213074,3.1055026054382324,,,,,,,,,,,,,,,,
1784021386.910,173756000,179,1,2,1,8.269966125488281,24.044706344604492,8.269966125488281,24.044706344604492,7.038595676422119,24.680152893066406,-0.6354466080665588,-6.065874099731445,0.0,0.0,-1.3401715755462646,0.0,0.0,0.0,0.010041619651019573,0.21930105984210968,,,,,,,,,,,,,,,,
1784021386.926,173766000,180,1,3,1,9.007689476013184,24.07684898376465,9.007689476013184,24.07684898376465,8.513195037841797,24.675016403198242,-0.5981683731079102,-4.991938591003418,0.0,0.0,-0.0,0.0,0.0,0.0,0.0,-0.1684158742427826,,,,,,,,,,,,,,,,
1784021386.930,173776000,181,2,255,0,,,,,,,,,,,,,,,,,0.20000000298023224,0.0,3.0214285850524902,2.4571428298950195,3.0214285850524902,2.4571428298950195,0.20000000298023224,0.0,0.0,0.0,0.0,0.0,0.0,0.0,0.0,0.0
1784021386.985,173826000,186,1,0,0,10.410575866699219,25.0,10.410575866699219,25.0,8.82816219329834,25.826358795166016,-0.8263587951660156,87.1308364868164,113.24217224121094,0.0,0.0,0.0,1.0,1.0,0.0,-2.4836628437042236,,,,,,,,,,,,,,,,
1784021386.993,173836000,187,1,1,4,9.55900764465332,25.0,9.55900764465332,25.0,7.360754013061523,26.057397842407227,-1.0573983192443848,102.53192138671875,144.6805419921875,0.0,0.0,0.0,1.0,1.0,0.6721935868263245,2.770465850830078,,,,,,,,,,,,,,,,
1784021387.010,173846000,188,1,2,1,8.85671615600586,22.997873306274414,8.85671615600586,22.997873306274414,7.877209186553955,23.42093849182129,-0.42306631803512573,-3.916109085083008,0.0,0.0,0.0,0.0,0.0,0.0,0.0004066884284839034,0.15593628585338593,,,,,,,,,,,,,,,,
1784021387.011,173856000,189,1,3,1,9.752286911010742,23.448688507080078,9.752286911010742,23.448688507080078,9.265265464782715,23.68675994873047,-0.23807287216186523,-2.0248913764953613,0.0,0.0,0.0,0.0,0.0,0.0,0.0,-0.08202469348907471,,,,,,,,,,,,,,,,
1784021387.038,173866000,190,2,255,0,,,,,,,,,,,,,,,,,0.20000000298023224,0.0,3.0214285850524902,2.4571428298950195,3.0214285850524902,2.4571428298950195,0.20000000298023224,0.0,0.0,0.0,0.0,0.0,0.0,0.0,0.0,0.0
1784021387.069,173916000,195,1,0,0,9.678327560424805,25.0,9.678327560424805,25.0,8.139969825744629,25.8002872467041,-0.8002877235412598,90.12139892578125,113.43594360351562,0.0,0.0,0.0,1.0,1.0,0.0,-2.5578877925872803,,,,,,,,,,,,,,,,
1784021387.089,173926000,196,1,1,4,8.721789360046387,25.0,8.721789360046387,25.0,6.1635026931762695,26.390289306640625,-1.3902902603149414,91.6533432006836,146.44546508789062,0.0,0.0,0.0,1.0,1.0,0.7499999403953552,2.3327879905700684,,,,,,,,,,,,,,,,
1784021387.090,173936000,197,1,2,1,9.775667190551758,23.147634506225586,9.775667190551758,23.147634506225586,8.684649467468262,23.04215431213379,0.10547935962677002,2.4319686889648438,0.0,0.0,0.0,0.0,0.0,0.0,1.6471001799800433e-05,-0.029725603759288788,,,,,,,,,,,,,,,,
1784021387.109,173946000,198,1,3,1,10.762004852294922,23.737808227539062,10.762004852294922,23.737808227539062,10.27435302734375,23.621980667114258,0.11582672595977783,0.8746384382247925,0.0,0.0,0.0,0.0,0.0,0.0,0.0,0.007857189513742924,,,,,,,,,,,,,,,,
1784021387.110,173956000,199,2,255,0,,,,,,,,,,,,,,,,,0.20000000298023224,0.0,3.0214285850524902,2.4571428298950195,3.0214285850524902,2.4571428298950195,0.20000000298023224,0.0,0.0,0.0,0.0,0.0,0.0,0.0,0.0,0.0
1784021387.179,174006000,204,1,0,0,8.987264633178711,25.0,8.987264633178711,25.0,7.694888114929199,25.671714782714844,-0.6717145442962646,90.64279174804688,111.23812866210938,0.0,0.0,0.0,1.0,1.0,0.0,-2.580846071243286,,,,,,,,,,,,,,,,
1784021387.180,174016000,205,1,1,4,7.957056045532227,25.0,7.957056045532227,25.0,5.189594745635986,26.672595977783203,-1.672595739364624,78.94149780273438,144.03848266601562,0.0,0.0,0.0,1.0,1.0,0.7711062431335449,1.8850336074829102,,,,,,,,,,,,,,,,
1784021387.189,174026000,206,1,2,1,10.369484901428223,24.330577850341797,10.369484901428223,24.330577850341797,9.909866333007812,23.005475997924805,1.3251006603240967,18.431819915771484,0.0,0.0,0.0,0.0,0.0,0.0,6.67080428229383e-07,-0.5903284549713135,,,,,,,,,,,,,,,,
1784021387.190,174036000,207,1,3,1,11.387211799621582,24.637781143188477,11.387211799621582,24.637781143188477,11.078784942626953,24.660694122314453,-0.02291351556777954,-0.20424407720565796,0.0,0.0,0.0,0.0,0.0,0.0,0.0,-0.017592722550034523,,,,,,,,,,,,,,,,
1784021387.209,174046000,208,2,255,0,,,,,,,,,,,,,,,,,0.20000000298023224,0.0,3.0214285850524902,2.4571428298950195,3.0214285850524902,2.4571428298950195,0.20000000298023224,0.0,0.0,0.0,0.0,0.0,0.0,0.0,0.0,0.0
1784021387.250,174096000,213,1,0,0,8.565766334533691,25.0,8.565766334533691,25.0,7.375443935394287,25.681066513061523,-0.6810665130615234,86.72792053222656,107.45453643798828,0.0,0.0,0.0,1.0,1.0,0.0,-2.4525797367095947,,,,,,,,,,,,,,,,
1784021387.269,174106000,214,1,1,4,7.485001564025879,25.0,7.485001564025879,25.0,4.4912614822387695,26.888248443603516,-1.888248324394226,68.84222412109375,141.255615234375,0.0,0.0,0.0,1.0,1.0,0.8492027521133423,1.5255111455917358,,,,,,,,,,,,,,,,
1784021387.269,174116000,215,1,2,4,10.453170776367188,25.0,10.453170776367188,25.0,10.403356552124023,23.50865936279297,1.4913409948349,103.20895385742188,57.08629608154297,38.97534942626953,0.0,0.0,0.014914299361407757,0.7832810878753662,0.8335725665092468,-3.239715814590454,,,,,,,,,,,,,,,,
1784021387.290,174126000,216,1,3,0,11.510242462158203,25.0,11.510242462158203,25.0,11.16292667388916,25.66402244567871,-0.6640225648880005,31.423248291015625,45.52675247192383,0.0,0.0,0.0,0.06841054558753967,0.7950502634048462,0.0,0.9164484739303589,,,,,,,,,,,,,,,,
1784021387.290,174136000,217,2,255,0,,,,,,,,,,,,,,,,,0.20000000298023224,0.0,3.0214285850524902,2.4571428298950195,3.0214285850524902,2.4571428298950195,0.20000000298023224,0.0,0.0,0.0,0.0,0.0,0.0,0.0,0.0,0.0
1784021387.349,174186000,222,1,0,0,8.489347457885742,25.0,8.489347457885742,25.0,7.550354480743408,25.513919830322266,-0.5139201879501343,33.34668731689453,52.610416412353516,0.0,0.0,0.0,1.0,1.0,0.0,-0.9200788736343384,,,,,,,,,,,,,,,,
1784021387.402,174196000,223,1,1,5,7.431785583496094,24.99903678894043,7.431785583496094,24.99903678894043,5.0506792068481445,26.326602935791016,-1.3275668621063232,-32.47843551635742,0.0,0.0,-0.049831047654151917,0.0,0.0,0.0,0.4068430960178375,-1.064048171043396,,,,,,,,,,,,,,,,
1784021387.403,174206000,224,1,2,4,10.382872581481934,25.0,10.382872581481934,25.0,9.120793342590332,24.876293182373047,0.12370645999908447,114.2553482055664,127.16118621826172,0.0,0.0,0.0,0.9467101097106934,0.9882762432098389,0.2989264726638794,-3.3630776405334473,,,,,,,,,,,,,,,,
1784021387.404,174216000,225,1,3,0,11.417559623718262,25.0,11.417559623718262,25.0,10.840551376342773,25.407976150512695,-0.4079759120941162,95.32884979248047,107.69364929199219,0.0,0.0,0.0,0.9920648336410522,0.9982542991638184,0.0,2.8868489265441895,,,,,,,,,,,,,,,,
1784021387.405,174226000,226,2,255,0,,,,,,,,,,,,,,,,,0.20000000298023224,0.0,3.0214285850524902,2.4571428298950195,3.0214285850524902,2.4571428298950195,0.20000000298023224,0.0,0.0,0.0,0.0,0.0,0.0,0.0,0.0,0.0
1784021387.429,174276000,231,1,0,1,8.590606689453125,24.51113510131836,8.590606689453125,24.51113510131836,8.09827709197998,24.96228790283203,-0.4511535167694092,-4.792487621307373,0.0,0.0,-0.0,0.0,0.0,0.0,0.0,0.17378365993499756,,,,,,,,,,,,,,,,
1784021387.448,174286000,232,1,1,1,7.573305606842041,24.18653106689453,7.573305606842041,24.18653106689453,6.063931465148926,25.061365127563477,-0.8748352527618408,-9.64794921875,0.0,0.0,-2.6537976264953613,0.0,0.0,0.0,0.016477268189191818,-0.3384222686290741,,,,,,,,,,,,,,,,
1784021387.449,174296000,233,1,2,4,10.01745891571045,25.0,10.01745891571045,25.0,7.631617546081543,26.06211280822754,-1.0621130466461182,94.91819763183594,143.78358459472656,0.0,0.0,0.0,1.0,1.0,0.7441353797912598,-2.5335333347320557,,,,,,,,,,,,,,,,
1784021387.469,174306000,234,1,3,0,11.011317253112793,25.0,11.011317253112793,25.0,9.836981773376465,25.693321228027344,-0.6933212280273438,87.64244842529297,111.54762268066406,0.0,0.0,0.0,1.0,1.0,0.0,2.5651464462280273,,,,,,,,,,,,,,,,
1784021387.470,174316000,235,2,255,0,,,,,,,,,,,,,,,,,0.20000000298023224,0.0,3.0214285850524902,2.4571428298950195,3.0214285850524902,2.4571428298950195,0.20000000298023224,0.0,0.0,0.0,0.0,0.0,0.0,0.0,0.0,0.0
1784021387.529,174366000,240,1,0,1,9.264013290405273,23.587196350097656,9.264013290405273,23.587196350097656,8.729411125183105,23.869596481323242,-0.28240084648132324,-2.7581000328063965,0.0,0.0,0.0,0.0,0.0,0.0,0.0,0.107733815908432,,,,,,,,,,,,,,,,
1784021387.530,174376000,241,1,1,1,8.320724487304688,22.953601837158203,8.320724487304688,22.953601837158203,7.16799783706665,23.52985191345215,-0.5762502551078796,-6.326461315155029,0.0,0.0,-1.2814916372299194,0.0,0.0,0.0,0.0006673342431895435,-0.233001708984375,,,,,,,,,,,,,,,,
1784021387.549,174386000,242,1,2,4,9.3099946975708,25.0,9.3099946975708,25.0,6.490749359130859,26.466920852661133,-1.4669209718704224,90.70281219482422,147.51524353027344,0.0,0.0,0.0,1.0,1.0,0.788501501083374,-2.29345965385437,,,,,,,,,,,,,,,,
1784021387.550,174396000,243,1,3,0,10.27503776550293,25.0,10.27503776550293,25.0,8.87385368347168,25.796010971069336,-0.7960110902786255,88.94767761230469,113.53010559082031,0.0,0.0,0.0,1.0,1.0,0.0,2.5581703186035156,,,,,,,,,,,,,,,,
1784021387.569,174406000,244,2,255,0,,,,,,,,,,,,,,,,,0.20000000298023224,0.0,3.0214285850524902,2.4571428298950195,3.0214285850524902,2.4571428298950195,0.20000000298023224,0.0,0.0,0.0,0.0,0.0,0.0,0.0,0.0,0.0
1784021387.610,174456000,249,1,0,1,10.400412559509277,23.40262794494629,10.400412559509277,23.40262794494629,9.748994827270508,23.28164291381836,0.1209840178489685,0.7356014251708984,0.0,0.0,0.0,0.0,0.0,0.0,0.0,0.003615428926423192,,,,,,,,,,,,,,,,
1784021387.624,174466000,250,1,1,1,9.466704368591309,22.882598876953125,9.466704368591309,22.882598876953125,8.40788745880127,22.8062801361084,0.07631778717041016,1.962681531906128,0.0,0.0,0.0,0.0,0.0,0.0,2.7027223040931858e-05,0.020871588960289955,,,,,,,,,,,,,,,,
1784021387.629,174476000,251,1,2,4,8.467876434326172,25.0,8.467876434326172,25.0,5.585047721862793,26.604524612426758,-1.6045242547988892,86.04095458984375,147.8876953125,0.0,0.0,0.0,1.0,1.0,0.8122828602790833,-2.096766233444214,,,,,,,,,,,,,,,,
1784021387.643,174486000,252,1,3,0,9.437339782714844,25.0,9.437339782714844,25.0,8.20883846282959,25.6689395904541,-0.6689399480819702,94.45883178710938,113.08646392822266,0.0,0.0,0.0,1.0,1.0,0.0,2.7215328216552734,,,,,,,,,,,,,,,,
1784021387.646,174496000,253,2,255,0,,,,,,,,,,,,,,,,,0.20000000298023224,0.0,3.0214285850524902,2.4571428298950195,3.0214285850524902,2.4571428298950195,0.20000000298023224,0.0,0.0,0.0,0.0,0.0,0.0,0.0,0.0,0.0
1784021387.701,174546000,2,1,0,1,11.27409839630127,24.23309326171875,11.27409839630127,24.23309326171875,10.759007453918457,24.024311065673828,0.2087816596031189,1.935943365097046,0.0,0.0,0.0,0.0,0.0,0.0,0.0,-0.04182884469628334,,,,,,,,,,,,,,,,
1784021387.705,174556000,3,1,1,1,10.272541999816895,24.06532096862793,10.272541999816895,24.06532096862793,9.939971923828125,22.65821075439453,1.407109260559082,20.014493942260742,0.0,0.0,0.0,0.0,0.0,0.0,1.0946102975140093e-06,0.6479018330574036,,,,,,,,,,,,,,,,
1784021387.723,174566000,4,1,2,4,7.798232555389404,25.0,7.798232555389404,25.0,4.8928751945495605,26.777616500854492,-1.7776161432266235,76.1378402709961,145.11724853515625,0.0,0.0,0.0,1.0,1.0,0.8214344382286072,-1.7719649076461792,,,,,,,,,,,,,,,,
1784021387.725,174576000,5,1,3,0,8.802081108093262,25.0,8.802081108093262,25.0,7.717368125915527,25.705982208251953,-0.7059812545776367,87.69769287109375,110.3787612915039,0.0,0.0,0.0,1.0,1.0,0.0,2.5065057277679443,,,,,,,,,,,,,,,,
1784021387.744,174586000,6,2,255,0,,,,,,,,,,,,,,,,,0.20000000298023224,0.0,3.0214285850524902,2.4571428298950195,3.0214285850524902,2.4571428298950195,0.20000000298023224,0.0,0.0,0.0,0.0,0.0,0.0,0.0,0.0,0.0
1784021387.788,174636000,11,1,0,1,11.509340286254883,24.972320556640625,11.509340286254883,24.972320556640625,11.285811424255371,25.159744262695312,-0.18742382526397705,-1.5155764818191528,0.0,0.0,0.0,0.0,0.0,0.0,0.0,0.05270563066005707,,,,,,,,,,,,,,,,
1784021387.805,174646000,12,1,1,1,10.453070640563965,24.981767654418945,10.453070640563965,24.981767654418945,10.880897521972656,22.804975509643555,2.1767914295196533,18.80451774597168,0.0,0.0,0.0,0.0,0.0,0.0,4.433204026099702e-08,0.6286229491233826,,,,,,,,,,,,,,,,
1784021387.805,174656000,13,1,2,4,7.480193138122559,25.0,7.480193138122559,25.0,4.67094087600708,26.805809020996094,-1.8058091402053833,10.477218627929688,71.63494873046875,0.0,0.0,0.0,1.0,1.0,0.8165837526321411,-0.023537827655673027,,,,,,,,,,,,,,,,
1784021387.828,174666000,14,1,3,0,8.523016929626465,25.0,8.523016929626465,25.0,7.480970859527588,25.663501739501953,-0.6635010242462158,41.0275764465332,55.75386428833008,0.0,0.0,0.0,1.0,1.0,0.0,1.1408478021621704,,,,,,,,,,,,,,,,
1784021387.829,174676000,15,2,255,0,,,,,,,,,,,,,,,,,0.20000000298023224,0.0,3.0214285850524902,2.4571428298950195,3.0214285850524902,2.4571428298950195,0.20000000298023224,0.0,0.0,0.0,0.0,0.0,0.0,0.0,0.0,0.0
1784021387.881,174726000,20,1,0,0,11.483434677124023,25.0,11.483434677124023,25.0,10.820226669311523,25.794696807861328,-0.7946968078613281,36.01108932495117,48.53440475463867,0.0,0.0,0.0,0.6800452470779419,0.9296099543571472,0.0,-1.0592105388641357,,,,,,,,,,,,,,,,
1784021387.920,174736000,21,1,1,4,10.413041114807129,25.0,10.413041114807129,25.0,9.754118919372559,24.363121032714844,0.6368786096572876,80.90003204345703,65.50282287597656,10.590384483337402,0.0,0.0,0.7964335680007935,0.9552153944969177,0.47653958201408386,2.4334287643432617,,,,,,,,,,,,,,,,
1784021387.921,174746000,22,1,2,5,7.431795120239258,24.99431800842285,7.431795120239258,24.99431800842285,5.48568868637085,26.130390167236328,-1.1360719203948975,-26.604291915893555,0.0,0.0,-0.18735374510288239,0.0,0.0,0.0,0.3585495054721832,0.8677242994308472,,,,,,,,,,,,,,,,
1784021387.921,174756000,23,1,3,1,8.48979663848877,24.980615615844727,8.48979663848877,24.980615615844727,7.811205863952637,25.37456512451172,-0.3939494490623474,-5.118378162384033,0.0,0.0,0.0,0.0,0.0,0.0,0.0,-0.1719997674226761,,,,,,,,,,,,,,,,
1784021387.922,174766000,24,2,255,0,,,,,,,,,,,,,,,,,0.20000000298023224,0.0,3.0214285850524902,2.4571428298950195,3.0214285850524902,2.4571428298950195,0.20000000298023224,0.0,0.0,0.0,0.0,0.0,0.0,0.0,0.0,0.0
1784021387.966,174816000,29,1,0,0,11.224480628967285,25.0,11.224480628967285,25.0,10.103080749511719,25.7320499420166,-0.7320493459701538,86.6794204711914,110.16620635986328,0.0,0.0,0.0,1.0,1.0,0.0,-2.5464539527893066,,,,,,,,,,,,,,,,
1784021387.980,174826000,30,1,1,4,10.115821838378906,25.0,10.115821838378906,25.0,8.012567520141602,25.99567985534668,-0.9956806898117065,91.011474609375,140.3213348388672,0.0,0.0,0.0,1.0,1.0,0.6317905187606812,2.4671337604522705,,,,,,,,,,,,,,,,
1784021387.985,174836000,31,1,2,1,7.586353778839111,24.14448356628418,7.586353778839111,24.14448356628418,6.122054100036621,24.948274612426758,-0.8037924766540527,-8.857841491699219,0.0,0.0,-2.2701101303100586,0.0,0.0,0.0,0.014521355740725994,0.3268156945705414,,,,,,,,,,,,,,,,
1784021388.000,174846000,32,1,3,1,8.695021629333496,24.264530181884766,8.695021629333496,24.264530181884766,8.294873237609863,24.772703170776367,-0.5081743001937866,-4.648006439208984,0.0,0.0,-0.0,0.0,0.0,0.0,0.0,-0.15234574675559998,,,,,,,,,,,,,,,,
1784021388.007,174856000,33,2,255,0,,,,,,,,,,,,,,,,,0.20000000298023224,0.0,3.0214285850524902,2.4571428298950195,3.0214285850524902,2.4571428298950195,0.20000000298023224,0.0,0.0,0.0,0.0,0.0,0.0,0.0,0.0,0.0
1784021388.060,174906000,38,1,0,0,10.608519554138184,25.0,10.608519554138184,25.0,9.153120040893555,25.803180694580078,-0.803181529045105,87.87176513671875,112.98299407958984,0.0,0.0,0.0,1.0,1.0,0.0,-2.5279085636138916,,,,,,,,,,,,,,,,
1784021388.067,174916000,39,1,1,4,9.464221000671387,25.0,9.464221000671387,25.0,6.866281509399414,26.615434646606445,-1.6154348850250244,83.86940002441406,146.28761291503906,0.0,0.0,0.0,1.0,1.0,0.7499999403953552,2.135786294937134,,,,,,,,,,,,,,,,
1784021388.080,174926000,40,1,2,1,8.354477882385254,22.927473068237305,8.354477882385254,22.927473068237305,6.941609859466553,23.38856315612793,-0.4610911011695862,-3.743445873260498,0.0,0.0,-0.11332544684410095,0.0,0.0,0.0,0.000588119262829423,0.1753079742193222,,,,,,,,,,,,,,,,
1784021388.085,174936000,41,1,3,1,9.53317642211914,23.429458618164062,9.53317642211914,23.429458618164062,9.088523864746094,23.64923858642578,-0.21978169679641724,-2.1281051635742188,0.0,0.0,0.0,0.0,0.0,0.0,0.0,-0.08489018678665161,,,,,,,,,,,,,,,,
1784021388.100,174946000,42,2,255,0,,,,,,,,,,,,,,,,,0.20000000298023224,0.0,3.0214285850524902,2.4571428298950195,3.0214285850524902,2.4571428298950195,0.20000000298023224,0.0,0.0,0.0,0.0,0.0,0.0,0.0,0.0,0.0
1784021388.146,174996000,47,1,0,0,9.774673461914062,25.0,9.774673461914062,25.0,8.320127487182617,25.810543060302734,-0.8105427026748657,89.2867431640625,113.57414245605469,0.0,0.0,0.0,1.0,1.0,0.0,-2.546673536300659,,,,,,,,,,,,,,,,
1784021388.160,175006000,48,1,1,4,8.623950958251953,25.0,8.623950958251953,25.0,6.16438627243042,26.61900520324707,-1.6190052032470703,87.2586669921875,146.66366577148438,0.0,0.0,0.0,1.0,1.0,0.7499999403953552,2.218065023422241,,,,,,,,,,,,,,,,
1784021388.166,175016000,49,1,2,1,9.501060485839844,22.90603256225586,9.501060485839844,22.90603256225586,8.259561538696289,22.505443572998047,0.40058791637420654,8.696292877197266,0.0,0.0,0.0,0.0,0.0,0.0,2.3819000489311293e-05,-0.2346991002559662,,,,,,,,,,,,,,,,
1784021388.180,175026000,50,1,3,1,10.67603874206543,23.52237319946289,10.67603874206543,23.52237319946289,10.180954933166504,23.360342025756836,0.16203075647354126,1.6064536571502686,0.0,0.0,0.0,0.0,0.0,0.0,0.0,0.03298104554414749,,,,,,,,,,,,,,,,
1784021388.185,175036000,51,2,255,0,,,,,,,,,,,,,,,,,0.20000000298023224,0.0,3.0214285850524902,2.4571428298950195,3.0214285850524902,2.4571428298950195,0.20000000298023224,0.0,0.0,0.0,0.0,0.0,0.0,0.0,0.0,0.0
1784021388.240,175086000,56,1,0,0,9.024237632751465,25.0,9.024237632751465,25.0,7.836193084716797,25.845909118652344,-0.8459091186523438,85.29486846923828,111.72271728515625,0.0,0.0,0.0,1.0,1.0,0.0,-2.4289298057556152,,,,,,,,,,,,,,,,
1784021388.245,175096000,57,1,1,4,7.900856971740723,25.0,7.900856971740723,25.0,5.49175500869751,26.741796493530273,-1.7417967319488525,77.92298126220703,144.14852905273438,0.0,0.0,0.0,1.0,1.0,0.7499949932098389,1.9078457355499268,,,,,,,,,,,,,,,,
1784021388.260,175106000,58,1,2,1,10.286903381347656,24.108108520507812,10.286903381347656,24.108108520507812,9.95362663269043,22.1750431060791,1.9330635070800781,25.035791397094727,0.0,0.0,0.0,0.0,0.0,0.0,9.646765875004348e-07,-0.8148100972175598,,,,,,,,,,,,,,,,
1784021388.265,175116000,59,1,3,1,11.389058113098145,24.4819278717041,11.389058113098145,24.4819278717041,11.057488441467285,24.397457122802734,0.08447021245956421,0.9386978149414062,0.0,0.0,0.0,0.0,0.0,0.0,0.0,0.01947706937789917,,,,,,,,,,,,,,,,
1784021388.280,175126000,60,2,255,0,,,,,,,,,,,,,,,,,0.20000000298023224,0.0,3.0214285850524902,2.4571428298950195,3.0214285850524902,2.4571428298950195,0.20000000298023224,0.0,0.0,0.0,0.0,0.0,0.0,0.0,0.0,0.0
1784021388.329,175176000,65,1,0,0,8.596214294433594,25.0,8.596214294433594,25.0,7.583261966705322,25.84170150756836,-0.8417010307312012,82.87353515625,108.10784912109375,0.0,0.0,0.0,1.0,1.0,0.0,-2.3562474250793457,,,,,,,,,,,,,,,,
1784021388.339,175186000,66,1,1,4,7.513766765594482,25.0,7.513766765594482,25.0,4.943622589111328,26.868305206298828,-1.8683046102523804,70.33097839355469,139.66468811035156,0.0,0.0,0.0,1.0,1.0,0.7499999403953552,1.6509565114974976,,,,,,,,,,,,,,,,
1784021388.349,175196000,67,1,2,1,10.453169822692871,24.98933219909668,10.453169822692871,24.98933219909668,10.835390090942383,22.44317054748535,2.546161413192749,20.788936614990234,0.0,0.0,0.0,0.0,0.0,0.0,3.906969325839782e-08,-0.6912608742713928,,,,,,,,,,,,,,,,
1784021388.359,175206000,68,1,3,0,11.510709762573242,25.0,11.510709762573242,25.0,11.472132682800293,25.389680862426758,-0.38968026638031006,37.5838623046875,43.913963317871094,0.0,0.0,0.0,0.0035341023467481136,0.7807774543762207,0.0,1.1597729921340942,,,,,,,,,,,,,,,,
1784021388.369,175216000,69,2,255,0,,,,,,,,,,,,,,,,,0.20000000298023224,0.0,3.0214285850524902,2.4571428298950195,3.0214285850524902,2.4571428298950195,0.20000000298023224,0.0,0.0,0.0,0.0,0.0,0.0,0.0,0.0,0.0
1784021388.419,175266000,74,1,0,0,8.490302085876465,25.0,8.490302085876465,25.0,7.783112049102783,25.458965301513672,-0.4589647054672241,41.21815490722656,51.81742477416992,0.0,0.0,0.0,1.0,1.0,0.0,-1.1784230470657349,,,,,,,,,,,,,,,,
1784021388.473,175276000,75,1,1,4,7.431979656219482,25.0,7.431979656219482,25.0,5.584613800048828,26.29827880859375,-1.298278570175171,12.510543823242188,52.184017181396484,0.0,0.0,0.9160950779914856,1.0,1.0,0.4544581174850464,0.21230018138885498,,,,,,,,,,,,,,,,
1784021388.474,175286000,76,1,2,4,10.408742904663086,25.0,10.408742904663086,25.0,9.438726425170898,24.267986297607422,0.7320135831832886,86.97752380371094,67.22905731201172,13.429651260375977,0.0,0.0,0.8265458941459656,0.9618400931358337,0.5674616694450378,-2.590202569961548,,,,,,,,,,,,,,,,
1784021388.475,175296000,77,1,3,0,11.448939323425293,25.0,11.448939323425293,25.0,10.826461791992188,25.75717544555664,-0.7571756839752197,86.24750518798828,105.40011596679688,0.0,0.0,0.0,0.9166532158851624,0.981663703918457,0.0,2.589700698852539,,,,,,,,,,,,,,,,
1784021388.476,175306000,78,2,255,0,,,,,,,,,,,,,,,,,0.20000000298023224,0.0,3.0214285850524902,2.4571428298950195,3.0214285850524902,2.4571428298950195,0.20000000298023224,0.0,0.0,0.0,0.0,0.0,0.0,0.0,0.0,0.0
1784021388.510,175356000,83,1,0,1,8.546897888183594,24.66543960571289,8.546897888183594,24.66543960571289,8.23935317993164,25.02901840209961,-0.3635793924331665,-6.177276134490967,0.0,0.0,0.0,0.0,0.0,0.0,0.0,0.2032281756401062,,,,,,,,,,,,,,,,
1784021388.520,175366000,84,1,1,1,7.5183424949646,24.388038635253906,7.5183424949646,24.388038635253906,6.3223042488098145,25.273591995239258,-0.8855536580085754,-10.851785659790039,0.0,0.0,-2.336332082748413,0.0,0.0,0.0,0.022587349638342857,-0.3652598559856415,,,,,,,,,,,,,,,,
1784021388.529,175376000,85,1,2,4,10.100424766540527,25.0,10.100424766540527,25.0,7.57423734664917,26.034509658813477,-1.0345101356506348,90.38849639892578,143.28961181640625,0.0,0.0,0.0,1.0,1.0,0.7499825358390808,-2.3840391635894775,,,,,,,,,,,,,,,,
1784021388.541,175386000,86,1,3,0,11.1007661819458,25.0,11.1007661819458,25.0,9.914312362670898,25.71197509765625,-0.7119745016098022,88.61556243896484,111.04714965820312,0.0,0.0,0.0,1.0,1.0,0.0,2.5921847820281982,,,,,,,,,,,,,,,,
1784021388.549,175396000,87,2,255,0,,,,,,,,,,,,,,,,,0.20000000298023224,0.0,3.0214285850524902,2.4571428298950195,3.0214285850524902,2.4571428298950195,0.20000000298023224,0.0,0.0,0.0,0.0,0.0,0.0,0.0,0.0,0.0
1784021388.599,175446000,92,1,0,1,9.112229347229004,23.715330123901367,9.112229347229004,23.715330123901367,8.724746704101562,23.994251251220703,-0.2789229154586792,-2.734631061553955,0.0,0.0,0.0,0.0,0.0,0.0,0.0,0.09999789297580719,,,,,,,,,,,,,,,,
1784021388.606,175456000,93,1,1,1,8.15943431854248,23.103116989135742,8.15943431854248,23.103116989135742,7.173438549041748,23.782466888427734,-0.6793513894081116,-8.046819686889648,0.0,0.0,-2.2377750873565674,0.0,0.0,0.0,0.0009147943928837776,-0.284220814704895,,,,,,,,,,,,,,,,
1784021388.618,175466000,94,1,2,4,9.438943862915039,25.0,9.438943862915039,25.0,6.43316125869751,26.630619049072266,-1.6306191682815552,84.11138153076172,148.74444580078125,0.0,0.0,0.0,1.0,1.0,0.8499538898468018,-2.0757761001586914,,,,,,,,,,,,,,,,
1784021388.629,175476000,95,1,3,0,10.406654357910156,25.0,10.406654357910156,25.0,8.884016036987305,25.749191284179688,-0.7491916418075562,90.52288818359375,113.36862182617188,0.0,0.0,0.0,1.0,1.0,0.0,2.5979137420654297,,,,,,,,,,,,,,,,
1784021388.638,175486000,96,2,255,0,,,,,,,,,,,,,,,,,0.20000000298023224,0.0,3.0214285850524902,2.4571428298950195,3.0214285850524902,2.4571428298950195,0.20000000298023224,0.0,0.0,0.0,0.0,0.0,0.0,0.0,0.0,0.0
1784021388.682,175536000,101,1,0,1,10.21766185760498,23.350631713867188,10.21766185760498,23.350631713867188,9.641904830932617,23.256772994995117,0.09385794401168823,0.4071604907512665,0.0,0.0,0.0,0.0,0.0,0.0,0.0,0.01221494935452938,,,,,,,,,,,,,,,,
1784021388.700,175546000,102,1,1,1,9.288671493530273,22.786895751953125,9.288671493530273,22.786895751953125,8.261070251464844,22.821617126464844,-0.034721195697784424,0.9266153573989868,0.0,0.0,0.0,0.0,0.0,0.0,3.70494308299385e-05,-0.010636472143232822,,,,,,,,,,,,,,,,
1784021388.713,175556000,103,1,2,4,8.597537994384766,25.0,8.597537994384766,25.0,5.690985202789307,26.67346954345703,-1.6734689474105835,86.02993774414062,148.4575958251953,0.0,0.0,0.0,1.0,1.0,0.8263192176818848,-2.0997140407562256,,,,,,,,,,,,,,,,
1784021388.720,175566000,104,1,3,0,9.563880920410156,25.0,9.563880920410156,25.0,8.153071403503418,25.707996368408203,-0.7079958915710449,92.86846923828125,113.32317352294922,0.0,0.0,0.0,1.0,1.0,0.0,2.6567904949188232,,,,,,,,,,,,,,,,
1784021388.729,175576000,105,2,255,0,,,,,,,,,,,,,,,,,0.20000000298023224,0.0,3.0214285850524902,2.4571428298950195,3.0214285850524902,2.4571428298950195,0.20000000298023224,0.0,0.0,0.0,0.0,0.0,0.0,0.0,0.0,0.0
1784021388.781,175626000,110,1,0,1,11.178741455078125,24.070236206054688,11.178741455078125,24.070236206054688,10.659910202026367,23.844661712646484,0.22557377815246582,1.6669247150421143,0.0,0.0,0.0,0.0,0.0,0.0,0.0,-0.031258322298526764,,,,,,,,,,,,,,,,
1784021388.781,175636000,111,1,1,1,10.189985275268555,23.8482723236084,10.189985275268555,23.8482723236084,9.846841812133789,22.526819229125977,1.3214514255523682,19.40455436706543,0.0,0.0,0.0,0.0,0.0,0.0,1.5005131217549206e-06,0.6277031898498535,,,,,,,,,,,,,,,,
1784021388.797,175646000,112,1,2,4,7.882811546325684,25.0,7.882811546325684,25.0,5.043673515319824,26.753271102905273,-1.7532706260681152,77.94659423828125,145.20773315429688,0.0,0.0,0.0,1.0,1.0,0.799110472202301,-1.8416999578475952,,,,,,,,,,,,,,,,
1784021388.803,175656000,113,1,3,0,8.880149841308594,25.0,8.880149841308594,25.0,7.704280376434326,25.733158111572266,-0.7331579923629761,87.21533203125,110.92748260498047,0.0,0.0,0.0,1.0,1.0,0.0,2.4844682216644287,,,,,,,,,,,,,,,,
1784021388.817,175666000,114,2,255,0,,,,,,,,,,,,,,,,,0.20000000298023224,0.0,3.0214285850524902,2.4571428298950195,3.0214285850524902,2.4571428298950195,0.20000000298023224,0.0,0.0,0.0,0.0,0.0,0.0,0.0,0.0,0.0
1784021388.862,175716000,119,1,0,1,11.503320693969727,24.915586471557617,11.503320693969727,24.915586471557617,11.243936538696289,25.063785552978516,-0.14819949865341187,-1.090942144393921,0.0,0.0,0.0,0.0,0.0,0.0,0.0,0.041340406984090805,,,,,,,,,,,,,,,,
1784021388.878,175726000,120,1,1,1,10.450679779052734,24.92030143737793,10.450679779052734,24.92030143737793,10.922964096069336,22.663909912109375,2.256392002105713,21.07899284362793,0.0,0.0,0.0,0.0,0.0,0.0,6.077124226067099e-08,0.7056686282157898,,,,,,,,,,,,,,,,
1784021388.889,175736000,121,1,2,4,7.507377624511719,25.0,7.507377624511719,25.0,4.661785125732422,26.86009979248047,-1.8601000308990479,70.98653411865234,140.7939453125,0.0,0.0,0.0,1.0,1.0,0.8036190271377563,-1.6250444650650024,,,,,,,,,,,,,,,,
1784021388.898,175746000,122,1,3,0,8.545027732849121,25.0,8.545027732849121,25.0,7.3869452476501465,25.7969913482666,-0.7969915866851807,82.87384796142578,107.0592041015625,0.0,0.0,0.0,1.0,1.0,0.0,2.3363122940063477,,,,,,,,,,,,,,,,
1784021388.901,175756000,123,2,255,0,,,,,,,,,,,,,,,,,0.20000000298023224,0.0,3.0214285850524902,2.4571428298950195,3.0214285850524902,2.4571428298950195,0.20000000298023224,0.0,0.0,0.0,0.0,0.0,0.0,0.0,0.0,0.0
1784021388.957,175806000,128,1,0,0,11.49666690826416,25.0,11.49666690826416,25.0,10.847524642944336,25.93976593017578,-0.9397655725479126,25.31540298461914,45.57527542114258,0.0,0.0,0.0,0.4961760342121124,0.8891587257385254,0.0,-0.7174133658409119,,,,,,,,,,,,,,,,
1784021388.968,175816000,129,1,1,4,10.430513381958008,25.0,10.430513381958008,25.0,10.0718412399292,24.106660842895508,0.8933395147323608,94.92970275878906,66.02396392822266,19.38719367980957,0.0,0.0,0.6261767148971558,0.9177588820457458,0.647321879863739,2.9134938716888428,,,,,,,,,,,,,,,,
1784021388.978,175826000,130,1,2,4,7.431880950927734,25.0,7.431880950927734,25.0,5.366644859313965,26.226181030273438,-1.2261807918548584,15.029945373535156,51.69932556152344,0.0,0.0,0.9462549686431885,1.0,1.0,0.48367270827293396,-0.2597588896751404,,,,,,,,,,,,,,,,
1784021388.982,175836000,131,1,3,0,8.489285469055176,25.0,8.489285469055176,25.0,7.6347784996032715,25.508895874023438,-0.5088955163955688,44.8310546875,60.24068832397461,0.0,0.0,0.0,1.0,1.0,0.0,1.2669355869293213,,,,,,,,,,,,,,,,
1784021388.996,175846000,132,2,255,0,,,,,,,,,,,,,,,,,0.20000000298023224,0.0,3.0214285850524902,2.4571428298950195,3.0214285850524902,2.4571428298950195,0.20000000298023224,0.0,0.0,0.0,0.0,0.0,0.0,0.0,0.0,0.0
1784021389.040,175896000,137,1,0,0,11.28931713104248,25.0,11.28931713104248,25.0,10.228921890258789,25.72433090209961,-0.7243305444717407,86.4755859375,109.57416534423828,0.0,0.0,0.0,1.0,1.0,0.0,-2.5479390621185303,,,,,,,,,,,,,,,,
1784021389.057,175906000,138,1,1,4,10.187459945678711,25.0,10.187459945678711,25.0,8.252528190612793,25.80841827392578,-0.808417797088623,93.71928405761719,137.99208068847656,0.0,0.0,0.0,1.0,1.0,0.5633153319358826,2.5838027000427246,,,,,,,,,,,,,,,,
1784021389.060,175916000,139,1,2,1,7.528026103973389,24.349016189575195,7.528026103973389,24.349016189575195,6.052125453948975,25.15936851501465,-0.8103519678115845,-8.991708755493164,0.0,0.0,-1.9982068538665771,0.0,0.0,0.0,0.024377131834626198,0.33173277974128723,,,,,,,,,,,,,,,,
1784021389.077,175926000,140,1,3,1,8.624547958374023,24.41027069091797,8.624547958374023,24.41027069091797,8.209417343139648,24.928974151611328,-0.5187049508094788,-5.0268378257751465,0.0,0.0,-0.0,0.0,0.0,0.0,0.0,-0.16682066023349762,,,,,,,,,,,,,,,,
1784021389.080,175936000,141,2,255,0,,,,,,,,,,,,,,,,,0.20000000298023224,0.0,3.0214285850524902,2.4571428298950195,3.0214285850524902,2.4571428298950195,0.20000000298023224,0.0,0.0,0.0,0.0,0.0,0.0,0.0,0.0,0.0
1784021389.137,175986000,146,1,0,0,10.727309226989746,25.0,10.727309226989746,25.0,9.274332046508789,25.79914093017578,-0.7991403341293335,87.98546600341797,112.6662368774414,0.0,0.0,0.0,1.0,1.0,0.0,-2.535385847091675,,,,,,,,,,,,,,,,
1784021389.140,175996000,147,1,1,4,9.587225914001465,25.0,9.587225914001465,25.0,7.031471252441406,26.58134651184082,-1.5813469886779785,83.66795349121094,145.95579528808594,0.0,0.0,0.0,1.0,1.0,0.7499999403953552,2.142897844314575,,,,,,,,,,,,,,,,
1784021389.158,176006000,148,1,2,1,8.190690994262695,23.070783615112305,8.190690994262695,23.070783615112305,6.807441234588623,23.632347106933594,-0.5615651607513428,-5.716094970703125,0.0,0.0,-1.098172664642334,0.0,0.0,0.0,0.0009872809750959277,0.23269860446453094,,,,,,,,,,,,,,,,
1784021389.160,176016000,149,1,3,1,9.361528396606445,23.51966667175293,9.361528396606445,23.51966667175293,8.936464309692383,23.802671432495117,-0.2830043435096741,-2.737724781036377,0.0,0.0,0.0,0.0,0.0,0.0,0.0,-0.10202579945325851,,,,,,,,,,,,,,,,
1784021389.169,176026000,150,2,255,0,,,,,,,,,,,,,,,,,0.20000000298023224,0.0,3.0214285850524902,2.4571428298950195,3.0214285850524902,2.4571428298950195,0.20000000298023224,0.0,0.0,0.0,0.0,0.0,0.0,0.0,0.0,0.0
1784021389.220,176076000,155,1,0,0,9.909695625305176,25.0,9.909695625305176,25.0,8.380572319030762,25.828678131103516,-0.8286774158477783,88.49010467529297,113.64888000488281,0.0,0.0,0.0,1.0,1.0,0.0,-2.5162291526794434,,,,,,,,,,,,,,,,
1784021389.237,176086000,156,1,1,4,8.757545471191406,25.0,8.757545471191406,25.0,6.296708583831787,26.62470054626465,-1.6247004270553589,87.48735046386719,146.8067626953125,0.0,0.0,0.0,1.0,1.0,0.7499999403953552,2.2297067642211914,,,,,,,,,,,,,,,,
1784021389.240,176096000,157,1,2,1,9.324911117553711,22.802993774414062,9.324911117553711,22.802993774414062,8.027430534362793,22.652799606323242,0.15019327402114868,4.460117340087891,0.0,0.0,0.0,0.0,0.0,0.0,3.9985177863854915e-05,-0.0940716490149498,,,,,,,,,,,,,,,,
1784021389.258,176106000,158,1,3,1,10.506796836853027,23.426149368286133,10.506796836853027,23.426149368286133,10.000904083251953,23.314619064331055,0.11152923107147217,1.1805428266525269,0.0,0.0,0.0,0.0,0.0,0.0,0.0,0.018952656537294388,,,,,,,,,,,,,,,,
1784021389.259,176116000,159,2,255,0,,,,,,,,,,,,,,,,,0.20000000298023224,0.0,3.0214285850524902,2.4571428298950195,3.0214285850524902,2.4571428298950195,0.20000000298023224,0.0,0.0,0.0,0.0,0.0,0.0,0.0,0.0,0.0
1784021389.318,176166000,164,1,0,0,9.125712394714355,25.0,9.125712394714355,25.0,7.822333335876465,25.8543701171875,-0.8543699979782104,85.21282196044922,112.16149139404297,0.0,0.0,0.0,1.0,1.0,0.0,-2.4155585765838623,,,,,,,,,,,,,,,,
1784021389.319,176176000,165,1,1,4,7.996327877044678,25.0,7.996327877044678,25.0,5.624234676361084,26.70520782470703,-1.705208420753479,79.82716369628906,144.60711669921875,0.0,0.0,0.0,1.0,1.0,0.7455377578735352,1.9751205444335938,,,,,,,,,,,,,,,,
1784021389.336,176186000,166,1,2,1,10.207881927490234,23.891742706298828,10.207881927490234,23.891742706298828,9.71645736694336,22.224348068237305,1.667393684387207,23.10141372680664,0.0,0.0,0.0,0.0,0.0,0.0,1.6194117051782086e-06,-0.7434213161468506,,,,,,,,,,,,,,,,
1784021389.340,176196000,167,1,3,1,11.32259750366211,24.31888198852539,11.32259750366211,24.31888198852539,10.923110008239746,24.177513122558594,0.1413688063621521,1.3321739435195923,0.0,0.0,0.0,0.0,0.0,0.0,0.0,0.025689490139484406,,,,,,,,,,,,,,,,
1784021389.359,176206000,168,2,255,0,,,,,,,,,,,,,,,,,0.20000000298023224,0.0,3.0214285850524902,2.4571428298950195,3.0214285850524902,2.4571428298950195,0.20000000298023224,0.0,0.0,0.0,0.0,0.0,0.0,0.0,0.0,0.0
1784021389.399,176256000,173,1,0,0,8.639280319213867,25.0,8.639280319213867,25.0,7.529486656188965,25.8635311126709,-0.863531231880188,82.89434814453125,108.74977111816406,0.0,0.0,0.0,1.0,1.0,0.0,-2.3477630615234375,,,,,,,,,,,,,,,,
1784021389.418,176266000,174,1,1,4,7.550711631774902,25.0,7.550711631774902,25.0,5.020321846008301,26.841014862060547,-1.8410146236419678,71.75906372070312,140.4453125,0.0,0.0,0.0,1.0,1.0,0.7499999403953552,1.6983157396316528,,,,,,,,,,,,,,,,
1784021389.419,176276000,175,1,2,1,10.451505661010742,24.93572425842285,10.451505661010742,24.93572425842285,10.76777172088623,22.410783767700195,2.5249407291412354,22.591806411743164,0.0,0.0,0.0,0.0,0.0,0.0,6.55866543297634e-08,-0.7503531575202942,,,,,,,,,,,,,,,,
1784021389.436,176286000,176,1,3,1,11.510490417480469,24.991689682006836,11.510490417480469,24.991689682006836,11.416359901428223,25.293546676635742,-0.3018572926521301,-2.435450315475464,0.0,0.0,0.0,0.0,0.0,0.0,0.0,-0.07599539309740067,,,,,,,,,,,,,,,,
1784021389.439,176296000,177,2,255,0,,,,,,,,,,,,,,,,,0.20000000298023224,0.0,3.0214285850524902,2.4571428298950195,3.0214285850524902,2.4571428298950195,0.20000000298023224,0.0,0.0,0.0,0.0,0.0,0.0,0.0,0.0,0.0
1784021389.496,176346000,182,1,0,0,8.493476867675781,25.0,8.493476867675781,25.0,7.668328285217285,25.54343032836914,-0.5434304475784302,37.24228286743164,50.72447967529297,0.0,0.0,0.0,1.0,1.0,0.0,-1.0514519214630127,,,,,,,,,,,,,,,,
1784021389.543,176356000,183,1,1,4,7.433459281921387,25.0,7.433459281921387,25.0,5.470579147338867,26.3647518157959,-1.3647526502609253,16.196163177490234,57.53357696533203,0.0,0.0,0.6966125965118408,1.0,1.0,0.5541590452194214,0.3038967549800873,,,,,,,,,,,,,,,,
1784021389.544,176366000,184,1,2,4,10.427520751953125,25.0,10.427520751953125,25.0,9.739458084106445,24.05320167541504,0.9467974305152893,97.91838073730469,66.97254943847656,20.60236358642578,0.0,0.0,0.6622965335845947,0.9257051944732666,0.6948525309562683,-2.9675400257110596,,,,,,,,,,,,,,,,
1784021389.547,176376000,185,1,3,0,11.47258472442627,25.0,11.47258472442627,25.0,10.859270095825195,25.776735305786133,-0.7767349481582642,45.1153564453125,57.27924728393555,0.0,0.0,0.0,0.7807856202125549,0.9517728090286255,0.0,1.343595266342163,,,,,,,,,,,,,,,,
1784021389.560,176386000,186,2,255,0,,,,,,,,,,,,,,,,,0.20000000298023224,0.0,3.0214285850524902,2.4571428298950195,3.0214285850524902,2.4571428298950195,0.20000000298023224,0.0,0.0,0.0,0.0,0.0,0.0,0.0,0.0,0.0
1784021389.579,176436000,191,1,0,1,8.517574310302734,24.773025512695312,8.517574310302734,24.773025512695312,8.176277160644531,25.099924087524414,-0.3268986940383911,-5.255340576171875,0.0,0.0,0.0,0.0,0.0,0.0,0.0,0.16290250420570374,,,,,,,,,,,,,,,,
1784021389.598,176446000,192,1,1,1,7.479187488555908,24.57020378112793,7.479187488555908,24.57020378112793,6.221492767333984,25.467235565185547,-0.8970320224761963,-13.412799835205078,0.0,0.0,-1.9805073738098145,0.0,0.0,0.0,0.037756264209747314,-0.4462437033653259,,,,,,,,,,,,,,,,
1784021389.599,176456000,193,1,2,4,10.173900604248047,25.0,10.173900604248047,25.0,7.852715492248535,25.824052810668945,-0.824052095413208,95.2564468383789,141.84715270996094,0.0,0.0,0.0,1.0,1.0,0.7181003093719482,-2.5693039894104004,,,,,,,,,,,,,,,,
1784021389.616,176466000,194,1,3,0,11.180914878845215,25.0,11.180914878845215,25.0,10.037137985229492,25.693889617919922,-0.6938904523849487,89.32356262207031,110.5073013305664,0.0,0.0,0.0,1.0,1.0,0.0,2.623375415802002,,,,,,,,,,,,,,,,
1784021389.619,176476000,195,2,255,0,,,,,,,,,,,,,,,,,0.20000000298023224,0.0,3.0214285850524902,2.4571428298950195,3.0214285850524902,2.4571428298950195,0.20000000298023224,0.0,0.0,0.0,0.0,0.0,0.0,0.0,0.0,0.0
1784021389.677,176526000,200,1,0,1,8.97585678100586,23.860538482666016,8.97585678100586,23.860538482666016,8.568913459777832,24.220930099487305,-0.3603920340538025,-3.0021581649780273,0.0,0.0,0.0,0.0,0.0,0.0,0.0,0.10366710275411606,,,,,,,,,,,,,,,,
1784021389.678,176536000,201,1,1,1,8.012072563171387,23.28012466430664,8.012072563171387,23.28012466430664,7.012843132019043,24.046579360961914,-0.7664546370506287,-9.73103141784668,0.0,0.0,-2.9337236881256104,0.0,0.0,0.0,0.001529139932245016,-0.3328232169151306,,,,,,,,,,,,,,,,
1784021389.697,176546000,202,1,2,4,9.563186645507812,25.0,9.563186645507812,25.0,6.619645118713379,26.573415756225586,-1.5734165906906128,84.39041900634766,148.02752685546875,0.0,0.0,0.0,1.0,1.0,0.833337128162384,-2.100829839706421,,,,,,,,,,,,,,,,
1784021389.698,176556000,203,1,3,0,10.534276008605957,25.0,10.534276008605957,25.0,9.001190185546875,25.747150421142578,-0.747150182723999,90.26797485351562,113.14564514160156,0.0,0.0,0.0,1.0,1.0,0.0,2.5925204753875732,,,,,,,,,,,,,,,,
1784021389.714,176566000,204,2,255,0,,,,,,,,,,,,,,,,,0.20000000298023224,0.0,3.0214285850524902,2.4571428298950195,3.0214285850524902,2.4571428298950195,0.20000000298023224,0.0,0.0,0.0,0.0,0.0,0.0,0.0,0.0,0.0
1784021389.758,176616000,209,1,0,1,10.030792236328125,23.329570770263672,10.030792236328125,23.329570770263672,9.454339027404785,23.31330108642578,0.01626908779144287,-0.17128539085388184,0.0,0.0,0.0,0.0,0.0,0.0,0.0,0.029755376279354095,,,,,,,,,,,,,,,,
1784021389.774,176626000,210,1,1,1,9.104318618774414,22.730459213256836,9.104318618774414,22.730459213256836,8.052663803100586,22.89777946472168,-0.16732066869735718,-0.6659473180770874,0.0,0.0,0.0,0.0,0.0,0.0,6.193062290549278e-05,-0.06192195788025856,,,,,,,,,,,,,,,,
1784021389.779,176636000,211,1,2,4,8.73060417175293,25.0,8.73060417175293,25.0,5.861189365386963,26.670846939086914,-1.6708463430404663,86.11734008789062,148.33755493164062,0.0,0.0,0.0,1.0,1.0,0.8147229552268982,-2.1179187297821045,,,,,,,,,,,,,,,,
1784021389.798,176646000,212,1,3,0,9.694698333740234,25.0,9.694698333740234,25.0,8.200307846069336,25.727916717529297,-0.7279157638549805,91.8038330078125,113.49881744384766,0.0,0.0,0.0,1.0,1.0,0.0,2.6162784099578857,,,,,,,,,,,,,,,,
1784021389.800,176656000,213,2,255,0,,,,,,,,,,,,,,,,,0.20000000298023224,0.0,3.0214285850524902,2.4571428298950195,3.0214285850524902,2.4571428298950195,0.20000000298023224,0.0,0.0,0.0,0.0,0.0,0.0,0.0,0.0,0.0
1784021389.856,176706000,218,1,0,1,11.065220832824707,23.910961151123047,11.065220832824707,23.910961151123047,10.539015769958496,23.665863037109375,0.24509727954864502,2.1038012504577637,0.0,0.0,0.0,0.0,0.0,0.0,0.0,-0.04731779173016548,,,,,,,,,,,,,,,,
1784021389.857,176716000,219,1,1,1,10.089155197143555,23.631418228149414,10.089155197143555,23.631418228149414,9.621119499206543,22.57284164428711,1.0585755109786987,17.268800735473633,0.0,0.0,0.0,0.0,0.0,0.0,2.5082076717808377e-06,0.5571598410606384,,,,,,,,,,,,,,,,
1784021389.874,176726000,220,1,2,4,7.976511478424072,25.0,7.976511478424072,25.0,5.199371814727783,26.709102630615234,-1.7091035842895508,80.41648864746094,145.34397888183594,0.0,0.0,0.0,1.0,1.0,0.7807770371437073,-1.9302968978881836,,,,,,,,,,,,,,,,
1784021389.877,176736000,221,1,3,0,8.967511177062988,25.0,8.967511177062988,25.0,7.457128047943115,25.790578842163086,-0.7905781269073486,85.59846496582031,111.43734741210938,0.0,0.0,0.0,1.0,1.0,0.0,2.394296646118164,,,,,,,,,,,,,,,,
1784021389.897,176746000,222,2,255,0,,,,,,,,,,,,,,,,,0.20000000298023224,0.0,3.0214285850524902,2.4571428298950195,3.0214285850524902,2.4571428298950195,0.20000000298023224,0.0,0.0,0.0,0.0,0.0,0.0,0.0,0.0,0.0
1784021389.937,176796000,227,1,0,1,11.489273071289062,24.8302001953125,11.489273071289062,24.8302001953125,11.22287654876709,24.905561447143555,-0.07536113262176514,-0.5509650707244873,0.0,0.0,0.0,0.0,0.0,0.0,0.0,0.023731689900159836,,,,,,,,,,,,,,,,
1784021389.956,176806000,228,1,1,1,10.442594528198242,24.8209285736084,10.442594528198242,24.8209285736084,10.887364387512207,22.65232276916504,2.1686062812805176,21.90350914001465,0.0,0.0,0.0,0.0,0.0,0.0,1.0158316854358418e-07,0.7336795330047607,,,,,,,,,,,,,,,,
1784021389.956,176816000,229,1,2,4,7.542624473571777,25.0,7.542624473571777,25.0,4.796577453613281,26.823848724365234,-1.8238484859466553,72.59996795654297,140.7541046142578,0.0,0.0,0.0,1.0,1.0,0.7693359851837158,-1.6916474103927612,,,,,,,,,,,,,,,,
1784021389.975,176826000,230,1,3,0,8.574546813964844,25.0,8.574546813964844,25.0,7.057101249694824,25.888214111328125,-0.8882135152816772,81.0508041381836,107.71636199951172,0.0,0.0,0.0,1.0,1.0,0.0,2.240515947341919,,,,,,,,,,,,,,,,
1784021389.978,176836000,231,2,255,0,,,,,,,,,,,,,,,,,0.20000000298023224,0.0,3.0214285850524902,2.4571428298950195,3.0214285850524902,2.4571428298950195,0.20000000298023224,0.0,0.0,0.0,0.0,0.0,0.0,0.0,0.0,0.0
1784021390.035,176886000,236,1,0,0,10.0,25.0,10.0,25.0,10.659509658813477,25.75312614440918,-0.7531255483627319,14.938472747802734,43.906166076660156,0.0,0.0,0.0,1.0,1.0,0.0,-0.48481035232543945,,,,,,,,,,,,,,,,
1784021390.045,176896000,237,1,1,0,10.0,25.0,10.0,25.0,10.350028038024902,23.832002639770508,1.1679977178573608,96.58843994140625,47.669551849365234,29.679920196533203,0.0,0.0,1.0,1.0,0.0,3.0446996688842773,,,,,,,,,,,,,,,,
1784021390.052,176906000,238,1,2,0,10.0,25.0,10.0,25.0,6.161114692687988,26.227272033691406,-1.227271556854248,17.25325584411621,46.83324432373047,0.0,0.0,0.0,1.0,1.0,0.0,-0.2356213629245758,,,,,,,,,,,,,,,,
1784021390.058,176916000,239,1,3,0,10.0,25.0,10.0,25.0,7.895572662353516,25.447237014770508,-0.447237491607666,39.56924819946289,50.1784782409668,0.0,0.0,0.0,1.0,1.0,0.0,1.0233511924743652,,,,,,,,,,,,,,,,
1784021390.075,176926000,240,2,255,0,,,,,,,,,,,,,,,,,0.20000000298023224,0.0,3.0214285850524902,2.4571428298950195,3.0214285850524902,2.4571428298950195,0.0,0.0,0.0,0.0,0.0,0.0,0.0,0.0,0.0,0.0
1784021390.116,176976000,245,1,0,0,10.0,25.0,10.0,25.0,9.603809356689453,25.392833709716797,-0.3928333520889282,37.24375915527344,43.906166076660156,0.0,0.0,0.0,1.0,1.0,0.0,-1.0965237617492676,,,,,,,,,,,,,,,,
1784021390.136,176986000,246,1,1,0,10.0,25.0,10.0,25.0,8.907773971557617,25.29109764099121,-0.29109716415405273,29.128005981445312,47.669551849365234,0.0,0.0,0.0,1.0,1.0,0.0,0.7907772660255432,,,,,,,,,,,,,,,,
1784021390.136,176996000,247,1,2,0,10.0,25.0,10.0,25.0,7.6462531089782715,25.635360717773438,-0.6353616714477539,34.43720626831055,46.83324432373047,0.0,0.0,0.0,1.0,1.0,0.0,-0.8676788210868835,,,,,,,,,,,,,,,,
1784021390.152,177006000,248,1,3,0,10.0,25.0,10.0,25.0,8.153984069824219,25.656015396118164,-0.6560146808624268,27.189754486083984,50.1784782409668,0.0,0.0,0.0,1.0,1.0,0.0,0.6842038035392761,,,,,,,,,,,,,,,,
1784021390.157,177016000,249,2,255,0,,,,,,,,,,,,,,,,,0.20000000298023224,0.0,3.0214285850524902,2.4571428298950195,3.0214285850524902,2.4571428298950195,0.0,0.0,0.0,0.0,0.0,0.0,0.0,0.0,0.0,0.0
1784021390.212,177066000,254,1,0,0,10.0,25.0,10.0,25.0,9.058128356933594,25.056049346923828,-0.056049227714538574,43.04758834838867,43.906166076660156,0.0,0.0,0.0,1.0,1.0,0.0,-1.2377980947494507,,,,,,,,,,,,,,,,
1784021390.218,177076000,255,1,1,0,10.0,25.0,10.0,25.0,8.727574348449707,25.725135803222656,-0.7251352071762085,24.1878604888916,47.669551849365234,0.0,0.0,0.0,1.0,1.0,0.0,0.6354886293411255,,,,,,,,,,,,,,,,
1784021390.232,177086000,0,1,2,0,10.0,25.0,10.0,25.0,8.265170097351074,25.06478500366211,-0.06478428840637207,48.704254150390625,46.83324432373047,0.0,0.0,0.0,1.0,1.0,0.0,-1.3626142740249634,,,,,,,,,,,,,,,,
1784021390.238,177096000,1,1,3,0,10.0,25.0,10.0,25.0,8.406071662902832,25.724702835083008,-0.7247030735015869,28.437726974487305,50.1784782409668,0.0,0.0,0.0,1.0,1.0,0.0,0.738703191280365,,,,,,,,,,,,,,,,
1784021390.252,177106000,2,2,255,0,,,,,,,,,,,,,,,,,0.20000000298023224,0.0,3.0214285850524902,2.4571428298950195,3.0214285850524902,2.4571428298950195,0.0,0.0,0.0,0.0,0.0,0.0,0.0,0.0,0.0,0.0
1784021390.299,177156000,7,1,0,0,10.0,25.0,10.0,25.0,8.85086441040039,25.13815689086914,-0.13815760612487793,38.63852310180664,43.906166076660156,0.0,0.0,0.0,1.0,1.0,0.0,-1.0929648876190186,,,,,,,,,,,,,,,,
1784021390.313,177166000,8,1,1,0,10.0,25.0,10.0,25.0,8.70617389678955,25.67482566833496,-0.67482590675354,28.37406349182129,47.669551849365234,0.0,0.0,0.0,1.0,1.0,0.0,0.7579024434089661,,,,,,,,,,,,,,,,
1784021390.320,177176000,9,1,2,0,10.0,25.0,10.0,25.0,8.597113609313965,25.027429580688477,-0.027430057525634766,44.367305755615234,46.83324432373047,0.0,0.0,0.0,1.0,1.0,0.0,-1.2552220821380615,,,,,,,,,,,,,,,,
1784021390.338,177186000,10,1,3,0,10.0,25.0,10.0,25.0,8.529143333435059,25.570201873779297,-0.5702018737792969,35.326744079589844,50.1784782409668,0.0,0.0,0.0,1.0,1.0,0.0,0.9583852887153625,,,,,,,,,,,,,,,,
1784021390.339,177196000,11,2,255,0,,,,,,,,,,,,,,,,,0.20000000298023224,0.0,3.0214285850524902,2.4571428298950195,3.0214285850524902,2.4571428298950195,0.0,0.0,0.0,0.0,0.0,0.0,0.0,0.0,0.0,0.0
1784021390.391,177246000,16,1,0,0,10.0,25.0,10.0,25.0,8.990255355834961,25.240388870239258,-0.24038851261138916,35.70751953125,43.906166076660156,0.0,0.0,0.0,1.0,1.0,0.0,-1.0198109149932861,,,,,,,,,,,,,,,,
1784021390.396,177256000,17,1,1,0,10.0,25.0,10.0,25.0,8.666268348693848,25.47786521911621,-0.4778653383255005,35.3015022277832,47.669551849365234,0.0,0.0,0.0,1.0,1.0,0.0,0.9694044589996338,,,,,,,,,,,,,,,,
1784021390.411,177266000,18,1,2,0,10.0,25.0,10.0,25.0,8.680742263793945,25.162729263305664,-0.16272962093353271,40.92115783691406,46.83324432373047,0.0,0.0,0.0,1.0,1.0,0.0,-1.1482454538345337,,,,,,,,,,,,,,,,
1784021390.419,177276000,19,1,3,0,10.0,25.0,10.0,25.0,8.560864448547363,25.409961700439453,-0.4099607467651367,39.31334686279297,50.1784782409668,0.0,0.0,0.0,1.0,1.0,0.0,1.0828684568405151,,,,,,,,,,,,,,,,
1784021390.430,177286000,20,2,255,0,,,,,,,,,,,,,,,,,0.20000000298023224,0.0,3.0214285850524902,2.4571428298950195,3.0214285850524902,2.4571428298950195,0.0,0.0,0.0,0.0,0.0,0.0,0.0,0.0,0.0,0.0
1784021390.478,177336000,25,1,0,0,10.0,25.0,10.0,25.0,9.169825553894043,25.259992599487305,-0.25999248027801514,36.35626983642578,43.906166076660156,0.0,0.0,0.0,1.0,1.0,0.0,-1.051998257637024,,,,,,,,,,,,,,,,
1784021390.492,177346000,26,1,1,0,10.0,25.0,10.0,25.0,8.714972496032715,25.36667251586914,-0.3666728734970093,36.890357971191406,47.669551849365234,0.0,0.0,0.0,1.0,1.0,0.0,1.0251744985580444,,,,,,,,,,,,,,,,
1784021390.500,177356000,27,1,2,0,10.0,25.0,10.0,25.0,8.759805679321289,25.120819091796875,-0.1208186149597168,44.20344543457031,46.83324432373047,0.0,0.0,0.0,1.0,1.0,0.0,-1.258100986480713,,,,,,,,,,,,,,,,
1784021390.510,177366000,28,1,3,0,10.0,25.0,10.0,25.0,8.563241004943848,25.406545639038086,-0.40654540061950684,37.23851013183594,50.1784782409668,0.0,0.0,0.0,1.0,1.0,0.0,1.0198907852172852,,,,,,,,,,,,,,,,
1784021390.519,177376000,29,2,255,0,,,,,,,,,,,,,,,,,0.20000000298023224,0.0,3.0214285850524902,2.4571428298950195,3.0214285850524902,2.4571428298950195,0.0,0.0,0.0,0.0,0.0,0.0,0.0,0.0,0.0,0.0
1784021390.570,177426000,34,1,0,0,10.0,25.0,10.0,25.0,9.286715507507324,25.20766258239746,-0.20766258239746094,37.983055114746094,43.906166076660156,0.0,0.0,0.0,1.0,1.0,0.0,-1.1110455989837646,,,,,,,,,,,,,,,,
1784021390.596,177436000,35,1,1,0,10.0,25.0,10.0,25.0,8.770017623901367,25.34679412841797,-0.3467947244644165,37.2044677734375,47.669551849365234,0.0,0.0,0.0,1.0,1.0,0.0,1.0389615297317505,,,,,,,,,,,,,,,,
1784021390.597,177446000,36,1,2,0,10.0,25.0,10.0,25.0,8.837100982666016,25.019222259521484,-0.019222497940063477,46.89093017578125,46.83324432373047,0.0,0.0,0.0,1.0,1.0,0.0,-1.3483370542526245,,,,,,,,,,,,,,,,
1784021390.598,177456000,37,1,3,0,10.0,25.0,10.0,25.0,8.531899452209473,25.495969772338867,-0.4959702491760254,33.68214416503906,50.1784782409668,0.0,0.0,0.0,1.0,1.0,0.0,0.9055532217025757,,,,,,,,,,,,,,,,
1784021390.612,177466000,38,2,255,0,,,,,,,,,,,,,,,,,0.20000000298023224,0.0,3.0214285850524902,2.4571428298950195,3.0214285850524902,2.4571428298950195,0.0,0.0,0.0,0.0,0.0,0.0,0.0,0.0,0.0,0.0
1784021390.657,177516000,43,1,0,0,10.0,25.0,10.0,25.0,9.327099800109863,25.19801902770996,-0.19801855087280273,37.751747131347656,43.906166076660156,0.0,0.0,0.0,1.0,1.0,0.0,-1.1051651239395142,,,,,,,,,,,,,,,,
1784021390.672,177526000,44,1,1,0,10.0,25.0,10.0,25.0,8.790555000305176,25.340110778808594,-0.34011006355285645,37.378387451171875,47.669551849365234,0.0,0.0,0.0,1.0,1.0,0.0,1.046108603477478,,,,,,,,,,,,,,,,
1784021390.679,177536000,45,1,2,0,10.0,25.0,10.0,25.0,8.848420143127441,25.00558853149414,-0.005587935447692871,46.18596649169922,46.83324432373047,0.0,0.0,0.0,1.0,1.0,0.0,-1.3253344297409058,,,,,,,,,,,,,,,,
1784021390.690,177546000,46,1,3,0,10.0,25.0,10.0,25.0,8.521937370300293,25.50834083557129,-0.5083411931991577,34.673763275146484,50.1784782409668,0.0,0.0,0.0,1.0,1.0,0.0,0.9364599585533142,,,,,,,,,,,,,,,,
1784021390.697,177556000,47,2,255,0,,,,,,,,,,,,,,,,,0.20000000298023224,0.0,3.0214285850524902,2.4571428298950195,3.0214285850524902,2.4571428298950195,0.0,0.0,0.0,0.0,0.0,0.0,0.0,0.0,0.0,0.0
1784021390.750,177606000,52,1,0,0,10.0,25.0,10.0,25.0,9.308357238769531,25.2230167388916,-0.22301673889160156,36.836666107177734,43.906166076660156,0.0,0.0,0.0,1.0,1.0,0.0,-1.0745769739151,,,,,,,,,,,,,,,,
1784021390.754,177616000,53,1,1,0,10.0,25.0,10.0,25.0,8.79477596282959,25.338178634643555,-0.3381788730621338,37.20549011230469,47.669551849365234,0.0,0.0,0.0,1.0,1.0,0.0,1.040124535560608,,,,,,,,,,,,,,,,
1784021390.769,177626000,54,1,2,0,10.0,25.0,10.0,25.0,8.827016830444336,25.034168243408203,-0.034168362617492676,45.613014221191406,46.83324432373047,0.0,0.0,0.0,1.0,1.0,0.0,-1.3067108392715454,,,,,,,,,,,,,,,,
1784021390.777,177636000,55,1,3,0,10.0,25.0,10.0,25.0,8.491616249084473,25.50726890563965,-0.5072683095932007,34.54924392700195,50.1784782409668,0.0,0.0,0.0,1.0,1.0,0.0,0.9283607602119446,,,,,,,,,,,,,,,,
1784021390.789,177646000,56,2,255,0,,,,,,,,,,,,,,,,,0.20000000298023224,0.0,3.0214285850524902,2.4571428298950195,3.0214285850524902,2.4571428298950195,0.0,0.0,0.0,0.0,0.0,0.0,0.0,0.0,0.0,0.0
1784021390.838,177696000,61,1,0,0,10.0,25.0,10.0,25.0,9.303686141967773,25.227584838867188,-0.22758543491363525,37.001773834228516,43.906166076660156,0.0,0.0,0.0,1.0,1.0,0.0,-1.0796465873718262,,,,,,,,,,,,,,,,
1784021390.850,177706000,62,1,1,0,10.0,25.0,10.0,25.0,8.785815238952637,25.342178344726562,-0.3421783447265625,37.18695831298828,47.669551849365234,0.0,0.0,0.0,1.0,1.0,0.0,1.039180874824524,,,,,,,,,,,,,,,,
1784021390.855,177716000,63,1,2,0,10.0,25.0,10.0,25.0,8.82869815826416,25.03834342956543,-0.03834366798400879,45.71195602416992,46.83324432373047,0.0,0.0,0.0,1.0,1.0,0.0,-1.309836745262146,,,,,,,,,,,,,,,,
1784021390.870,177726000,64,1,3,0,10.0,25.0,10.0,25.0,8.467424392700195,25.519020080566406,-0.519019365310669,34.27083969116211,50.1784782409668,0.0,0.0,0.0,1.0,1.0,0.0,0.9191531538963318,,,,,,,,,,,,,,,,
1784021390.876,177736000,65,2,255,0,,,,,,,,,,,,,,,,,0.20000000298023224,0.0,3.0214285850524902,2.4571428298950195,3.0214285850524902,2.4571428298950195,0.0,0.0,0.0,0.0,0.0,0.0,0.0,0.0,0.0,0.0
1784021390.932,177786000,70,1,0,0,10.0,25.0,10.0,25.0,9.306194305419922,25.22381591796875,-0.2238154411315918,36.994319915771484,43.906166076660156,0.0,0.0,0.0,1.0,1.0,0.0,-1.0787858963012695,,,,,,,,,,,,,,,,
1784021390.934,177796000,71,1,1,0,10.0,25.0,10.0,25.0,8.787148475646973,25.341806411743164,-0.3418058156967163,37.60797119140625,47.669551849365234,0.0,0.0,0.0,1.0,1.0,0.0,1.0527814626693726,,,,,,,,,,,,,,,,
1784021390.949,177806000,72,1,2,0,10.0,25.0,10.0,25.0,8.833633422851562,25.03095817565918,-0.03095865249633789,45.71072769165039,46.83324432373047,0.0,0.0,0.0,1.0,1.0,0.0,-1.310165524482727,,,,,,,,,,,,,,,,
1784021390.949,177816000,73,1,3,0,10.0,25.0,10.0,25.0,8.47036361694336,25.51945686340332,-0.5194574594497681,34.31466293334961,50.1784782409668,0.0,0.0,0.0,1.0,1.0,0.0,0.9207022190093994,,,,,,,,,,,,,,,,
1784021390.968,177826000,74,2,255,0,,,,,,,,,,,,,,,,,0.20000000298023224,0.0,3.0214285850524902,2.4571428298950195,3.0214285850524902,2.4571428298950195,0.0,0.0,0.0,0.0,0.0,0.0,0.0,0.0,0.0,0.0
1784021391.012,177876000,79,1,0,0,10.0,25.0,10.0,25.0,9.308658599853516,25.22239112854004,-0.22239089012145996,37.080841064453125,43.906166076660156,0.0,0.0,0.0,1.0,1.0,0.0,-1.0825952291488647,,,,,,,,,,,,,,,,
1784021391.028,177886000,80,1,1,0,10.0,25.0,10.0,25.0,8.789898872375488,25.341245651245117,-0.34124553203582764,37.25750732421875,47.669551849365234,0.0,0.0,0.0,1.0,1.0,0.0,1.0418572425842285,,,,,,,,,,,,,,,,
1784021391.035,177896000,81,1,2,0,10.0,25.0,10.0,25.0,8.830743789672852,25.034326553344727,-0.03432631492614746,45.654788970947266,46.83324432373047,0.0,0.0,0.0,1.0,1.0,0.0,-1.308398962020874,,,,,,,,,,,,,,,,
1784021391.048,177906000,82,1,3,0,10.0,25.0,10.0,25.0,8.46912670135498,25.51845359802246,-0.5184531211853027,34.62517166137695,50.1784782409668,0.0,0.0,0.0,1.0,1.0,0.0,0.9309602379798889,,,,,,,,,,,,,,,,
1784021391.053,177916000,83,2,255,0,,,,,,,,,,,,,,,,,0.20000000298023224,0.0,3.0214285850524902,2.4571428298950195,3.0214285850524902,2.4571428298950195,0.0,0.0,0.0,0.0,0.0,0.0,0.0,0.0,0.0,0.0
1784021391.108,177966000,88,1,0,0,10.0,25.0,10.0,25.0,9.306805610656738,25.224966049194336,-0.22496581077575684,37.05049133300781,43.906166076660156,0.0,0.0,0.0,1.0,1.0,0.0,-1.0814980268478394,,,,,,,,,,,,,,,,
1784021391.116,177976000,89,1,1,0,10.0,25.0,10.0,25.0,8.787766456604004,25.342065811157227,-0.34206509590148926,37.20203399658203,47.669551849365234,0.0,0.0,0.0,1.0,1.0,0.0,1.0397944450378418,,,,,,,,,,,,,,,,
1784021391.128,177986000,90,1,2,0,10.0,25.0,10.0,25.0,8.830382347106934,25.03403091430664,-0.03403127193450928,45.894100189208984,46.83324432373047,0.0,0.0,0.0,1.0,1.0,0.0,-1.3153125047683716,,,,,,,,,,,,,,,,
1784021391.136,177996000,91,1,3,0,10.0,25.0,10.0,25.0,8.467863082885742,25.519392013549805,-0.5193918943405151,34.344425201416016,50.1784782409668,0.0,0.0,0.0,1.0,1.0,0.0,0.9213943481445312,,,,,,,,,,,,,,,,
1784021391.148,178006000,92,2,255,0,,,,,,,,,,,,,,,,,0.20000000298023224,0.0,3.0214285850524902,2.4571428298950195,3.0214285850524902,2.4571428298950195,0.0,0.0,0.0,0.0,0.0,0.0,0.0,0.0,0.0,0.0
1784021391.192,178056000,97,1,0,0,10.0,25.0,10.0,25.0,9.308077812194824,25.221172332763672,-0.22117197513580322,37.08237075805664,43.906166076660156,0.0,0.0,0.0,1.0,1.0,0.0,-1.0825294256210327,,,,,,,,,,,,,,,,
1784021391.208,178066000,98,1,1,0,10.0,25.0,10.0,25.0,8.787759780883789,25.342071533203125,-0.3420710563659668,37.23229217529297,47.669551849365234,0.0,0.0,0.0,1.0,1.0,0.0,1.0407154560089111,,,,,,,,,,,,,,,,
1784021391.214,178076000,99,1,2,0,10.0,25.0,10.0,25.0,8.83203411102295,25.03287124633789,-0.03287196159362793,45.866233825683594,46.83324432373047,0.0,0.0,0.0,1.0,1.0,0.0,-1.3151772022247314,,,,,,,,,,,,,,,,
1784021391.229,178086000,100,1,3,0,10.0,25.0,10.0,25.0,8.470520973205566,25.518930435180664,-0.5189299583435059,34.41521072387695,50.1784782409668,0.0,0.0,0.0,1.0,1.0,0.0,0.9243216514587402,,,,,,,,,,,,,,,,
1784021391.232,178096000,101,2,255,0,,,,,,,,,,,,,,,,,0.20000000298023224,0.0,3.0214285850524902,2.4571428298950195,3.0214285850524902,2.4571428298950195,0.0,0.0,0.0,0.0,0.0,0.0,0.0,0.0,0.0,0.0
1784021391.288,178146000,106,1,0,0,10.0,25.0,10.0,25.0,9.307559967041016,25.22473907470703,-0.22473931312561035,37.02547073364258,43.906166076660156,0.0,0.0,0.0,1.0,1.0,0.0,-1.0806688070297241,,,,,,,,,,,,,,,,
1784021391.292,178156000,107,1,1,0,10.0,25.0,10.0,25.0,8.79104995727539,25.34036636352539,-0.3403663635253906,37.280609130859375,47.669551849365234,0.0,0.0,0.0,1.0,1.0,0.0,1.042537808418274,,,,,,,,,,,,,,,,
1784021391.310,178166000,108,1,2,0,10.0,25.0,10.0,25.0,8.830838203430176,25.03524398803711,-0.03524422645568848,45.60081100463867,46.83324432373047,0.0,0.0,0.0,1.0,1.0,0.0,-1.3071277141571045,,,,,,,,,,,,,,,,
1784021391.313,178176000,109,1,3,0,10.0,25.0,10.0,25.0,8.472747802734375,25.515056610107422,-0.5150556564331055,34.665313720703125,50.1784782409668,0.0,0.0,0.0,1.0,1.0,0.0,0.9321004748344421,,,,,,,,,,,,,,,,
1784021391.329,178186000,110,2,255,0,,,,,,,,,,,,,,,,,0.20000000298023224,0.0,3.0214285850524902,2.4571428298950195,3.0214285850524902,2.4571428298950195,0.0,0.0,0.0,0.0,0.0,0.0,0.0,0.0,0.0,0.0
1784021391.373,178236000,115,1,0,0,10.0,25.0,10.0,25.0,9.307076454162598,25.224435806274414,-0.22443532943725586,37.077232360839844,43.906166076660156,0.0,0.0,0.0,1.0,1.0,0.0,-1.0823255777359009,,,,,,,,,,,,,,,,
1784021391.393,178246000,116,1,1,0,10.0,25.0,10.0,25.0,8.787732124328613,25.342031478881836,-0.3420323133468628,37.195579528808594,47.669551849365234,0.0,0.0,0.0,1.0,1.0,0.0,1.0395647287368774,,,,,,,,,,,,,,,,
1784021391.394,178256000,117,1,2,0,10.0,25.0,10.0,25.0,8.829682350158691,25.035179138183594,-0.03517866134643555,45.77808380126953,46.83324432373047,0.0,0.0,0.0,1.0,1.0,0.0,-1.3120604753494263,,,,,,,,,,,,,,,,
1784021391.409,178266000,118,1,3,0,10.0,25.0,10.0,25.0,8.467815399169922,25.51936149597168,-0.5193620920181274,34.30119323730469,50.1784782409668,0.0,0.0,0.0,1.0,1.0,0.0,0.920188844203949,,,,,,,,,,,,,,,,
1784021391.412,178276000,119,2,255,0,,,,,,,,,,,,,,,,,0.20000000298023224,0.0,3.0214285850524902,2.4571428298950195,3.0214285850524902,2.4571428298950195,0.0,0.0,0.0,0.0,0.0,0.0,0.0,0.0,0.0,0.0
1784021391.472,178326000,124,1,0,0,10.0,25.0,10.0,25.0,9.308305740356445,25.220703125,-0.2207040786743164,37.23960876464844,43.906166076660156,0.0,0.0,0.0,1.0,1.0,0.0,-1.0876317024230957,,,,,,,,,,,,,,,,
1784021391.478,178336000,125,1,1,0,10.0,25.0,10.0,25.0,8.788544654846191,25.341670989990234,-0.3416717052459717,37.243370056152344,47.669551849365234,0.0,0.0,0.0,1.0,1.0,0.0,1.0411912202835083,,,,,,,,,,,,,,,,
1784021391.489,178346000,126,1,2,0,10.0,25.0,10.0,25.0,8.831982612609863,25.032981872558594,-0.0329822301864624,45.89043426513672,46.83324432373047,0.0,0.0,0.0,1.0,1.0,0.0,-1.3162853717803955,,,,,,,,,,,,,,,,
1784021391.492,178356000,127,1,3,0,10.0,25.0,10.0,25.0,8.469173431396484,25.51942253112793,-0.5194216966629028,34.27194595336914,50.1784782409668,0.0,0.0,0.0,1.0,1.0,0.0,0.9192113280296326,,,,,,,,,,,,,,,,
1784021391.513,178366000,128,2,255,0,,,,,,,,,,,,,,,,,0.20000000298023224,0.0,3.0214285850524902,2.4571428298950195,3.0214285850524902,2.4571428298950195,0.0,0.0,0.0,0.0,0.0,0.0,0.0,0.0,0.0,0.0
1784021391.553,178416000,133,1,0,0,10.0,25.0,10.0,25.0,9.308834075927734,25.223312377929688,-0.22331178188323975,37.04291534423828,43.906166076660156,0.0,0.0,0.0,1.0,1.0,0.0,-1.081230640411377,,,,,,,,,,,,,,,,
1784021391.569,178426000,134,1,1,0,10.0,25.0,10.0,25.0,8.79031753540039,25.340669631958008,-0.3406703472137451,37.3065299987793,47.669551849365234,0.0,0.0,0.0,1.0,1.0,0.0,1.0433073043823242,,,,,,,,,,,,,,,,
1784021391.571,178436000,135,1,2,0,10.0,25.0,10.0,25.0,8.831223487854004,25.034597396850586,-0.03459751605987549,45.71862030029297,46.83324432373047,0.0,0.0,0.0,1.0,1.0,0.0,-1.3102076053619385,,,,,,,,,,,,,,,,
1784021391.586,178446000,136,1,3,0,10.0,25.0,10.0,25.0,8.471129417419434,25.51782989501953,-0.5178302526473999,34.369808197021484,50.1784782409668,0.0,0.0,0.0,1.0,1.0,0.0,0.9225245714187622,,,,,,,,,,,,,,,,
1784021391.591,178456000,137,2,255,0,,,,,,,,,,,,,,,,,0.20000000298023224,0.0,3.0214285850524902,2.4571428298950195,3.0214285850524902,2.4571428298950195,0.0,0.0,0.0,0.0,0.0,0.0,0.0,0.0,0.0,0.0
1784021391.648,178506000,142,1,0,0,10.0,25.0,10.0,25.0,9.305835723876953,25.224422454833984,-0.22442340850830078,37.08726501464844,43.906166076660156,0.0,0.0,0.0,1.0,1.0,0.0,-1.0825386047363281,,,,,,,,,,,,,,,,
1784021391.707,178516000,143,1,1,0,10.0,25.0,10.0,25.0,8.788151741027832,25.342315673828125,-0.3423154354095459,37.11796569824219,47.669551849365234,0.0,0.0,0.0,1.0,1.0,0.0,1.0372745990753174,,,,,,,,,,,,,,,,
1784021391.708,178526000,144,1,2,0,10.0,25.0,10.0,25.0,8.829052925109863,25.035104751586914,-0.03510415554046631,45.119503021240234,46.83324432373047,0.0,0.0,0.0,1.0,1.0,0.0,-1.2904468774795532,,,,,,,,,,,,,,,,
1784021391.709,178536000,145,1,3,0,10.0,25.0,10.0,25.0,8.466665267944336,25.519269943237305,-0.5192697048187256,34.25834655761719,50.1784782409668,0.0,0.0,0.0,1.0,1.0,0.0,0.9186154007911682,,,,,,,,,,,,,,,,
1784021391.710,178546000,146,2,255,0,,,,,,,,,,,,,,,,,0.20000000298023224,0.0,3.0214285850524902,2.4571428298950195,3.0214285850524902,2.4571428298950195,0.0,0.0,0.0,0.0,0.0,0.0,0.0,0.0,0.0,0.0
1784021391.732,178596000,151,1,0,0,10.0,25.0,10.0,25.0,9.307876586914062,25.222721099853516,-0.22272169589996338,37.14723205566406,43.906166076660156,0.0,0.0,0.0,1.0,1.0,0.0,-1.0846127271652222,,,,,,,,,,,,,,,,
1784021391.748,178606000,152,1,1,0,10.0,25.0,10.0,25.0,8.789775848388672,25.34136390686035,-0.3413647413253784,37.285579681396484,47.669551849365234,0.0,0.0,0.0,1.0,1.0,0.0,1.042876958847046,,,,,,,,,,,,,,,,
1784021391.750,178616000,153,1,2,0,10.0,25.0,10.0,25.0,8.831930160522461,25.033432006835938,-0.0334322452545166,45.91529083251953,46.83324432373047,0.0,0.0,0.0,1.0,1.0,0.0,-1.3167065382003784,,,,,,,,,,,,,,,,
1784021391.767,178626000,154,1,3,0,10.0,25.0,10.0,25.0,8.470672607421875,25.518877029418945,-0.518876314163208,34.41444778442383,50.1784782409668,0.0,0.0,0.0,1.0,1.0,0.0,0.9243454337120056,,,,,,,,,,,,,,,,
1784021391.771,178636000,155,2,255,0,,,,,,,,,,,,,,,,,0.20000000298023224,0.0,3.0214285850524902,2.4571428298950195,3.0214285850524902,2.4571428298950195,0.0,0.0,0.0,0.0,0.0,0.0,0.0,0.0,0.0,0.0
1784021391.827,178686000,160,1,0,0,10.0,25.0,10.0,25.0,9.308979034423828,25.221887588500977,-0.2218872308731079,37.14315414428711,43.906166076660156,0.0,0.0,0.0,1.0,1.0,0.0,-1.0844098329544067,,,,,,,,,,,,,,,,
1784021391.831,178696000,161,1,1,0,10.0,25.0,10.0,25.0,8.788836479187012,25.34122085571289,-0.3412216901779175,37.24757385253906,47.669551849365234,0.0,0.0,0.0,1.0,1.0,0.0,1.0404781103134155,,,,,,,,,,,,,,,,
1784021391.846,178706000,162,1,2,0,10.0,25.0,10.0,25.0,8.831388473510742,25.034147262573242,-0.03414750099182129,45.77019500732422,46.83324432373047,0.0,0.0,0.0,1.0,1.0,0.0,-1.312073826789856,,,,,,,,,,,,,,,,
1784021391.850,178716000,163,1,3,0,10.0,25.0,10.0,25.0,8.468609809875488,25.51918601989746,-0.51918625831604,34.31620407104492,50.1784782409668,0.0,0.0,0.0,1.0,1.0,0.0,0.9203385710716248,,,,,,,,,,,,,,,,
1784021391.866,178726000,164,2,255,0,,,,,,,,,,,,,,,,,0.20000000298023224,0.0,3.0214285850524902,2.4571428298950195,3.0214285850524902,2.4571428298950195,0.0,0.0,0.0,0.0,0.0,0.0,0.0,0.0,0.0,0.0
1784021391.912,178776000,169,1,0,0,10.0,25.0,10.0,25.0,9.306714057922363,25.223663330078125,-0.22366344928741455,37.122901916503906,43.906166076660156,0.0,0.0,0.0,1.0,1.0,0.0,-1.0838648080825806,,,,,,,,,,,,,,,,
1784021391.928,178786000,170,1,1,0,10.0,25.0,10.0,25.0,8.787925720214844,25.3415470123291,-0.34154653549194336,37.28372573852539,47.669551849365234,0.0,0.0,0.0,1.0,1.0,0.0,1.0423487424850464,,,,,,,,,,,,,,,,
1784021391.929,178796000,171,1,2,0,10.0,25.0,10.0,25.0,8.828472137451172,25.035131454467773,-0.035130977630615234,45.78077697753906,46.83324432373047,0.0,0.0,0.0,1.0,1.0,0.0,-1.3119115829467773,,,,,,,,,,,,,,,,
1784021391.948,178806000,172,1,3,0,10.0,25.0,10.0,25.0,8.46849250793457,25.51824378967285,-0.5182445049285889,34.3482666015625,50.1784782409668,0.0,0.0,0.0,1.0,1.0,0.0,0.9213901162147522,,,,,,,,,,,,,,,,
1784021391.952,178816000,173,2,255,0,,,,,,,,,,,,,,,,,0.20000000298023224,0.0,3.0214285850524902,2.4571428298950195,3.0214285850524902,2.4571428298950195,0.0,0.0,0.0,0.0,0.0,0.0,0.0,0.0,0.0,0.0
1784021392.007,178866000,178,1,0,0,10.0,25.0,10.0,25.0,9.307549476623535,25.224733352661133,-0.2247333526611328,36.99383544921875,43.906166076660156,0.0,0.0,0.0,1.0,1.0,0.0,-1.079662799835205,,,,,,,,,,,,,,,,
1784021392.009,178876000,179,1,1,0,10.0,25.0,10.0,25.0,8.789609909057617,25.34095573425293,-0.340956449508667,37.28902053833008,47.669551849365234,0.0,0.0,0.0,1.0,1.0,0.0,1.0425636768341064,,,,,,,,,,,,,,,,
1784021392.025,178886000,180,1,2,0,10.0,25.0,10.0,25.0,8.832712173461914,25.03277015686035,-0.032770633697509766,46.1829719543457,46.83324432373047,0.0,0.0,0.0,1.0,1.0,0.0,-1.3254902362823486,,,,,,,,,,,,,,,,
1784021392.029,178896000,181,1,3,0,10.0,25.0,10.0,25.0,8.470598220825195,25.51797103881836,-0.5179703235626221,34.490806579589844,50.1784782409668,0.0,0.0,0.0,1.0,1.0,0.0,0.9262415170669556,,,,,,,,,,,,,,,,
1784021392.049,178906000,182,2,255,0,,,,,,,,,,,,,,,,,0.20000000298023224,0.0,3.0214285850524902,2.4571428298950195,3.0214285850524902,2.4571428298950195,0.0,0.0,0.0,0.0,0.0,0.0,0.0,0.0,0.0,0.0
1784021392.089,178956000,187,1,0,0,10.0,25.0,10.0,25.0,9.307546615600586,25.22235870361328,-0.2223581075668335,37.08262252807617,43.906166076660156,0.0,0.0,0.0,1.0,1.0,0.0,-1.0823887586593628,,,,,,,,,,,,,,,,
1784021392.106,178966000,188,1,1,0,10.0,25.0,10.0,25.0,8.789095878601074,25.341567993164062,-0.34156739711761475,37.33750534057617,47.669551849365234,0.0,0.0,0.0,1.0,1.0,0.0,1.0441398620605469,,,,,,,,,,,,,,,,
1784021392.110,178976000,189,1,2,0,10.0,25.0,10.0,25.0,8.830992698669434,25.033803939819336,-0.03380477428436279,45.939720153808594,46.83324432373047,0.0,0.0,0.0,1.0,1.0,0.0,-1.3173999786376953,,,,,,,,,,,,,,,,
1784021392.127,178986000,190,1,3,0,10.0,25.0,10.0,25.0,8.468836784362793,25.51865005493164,-0.5186498165130615,34.77662658691406,50.1784782409668,0.0,0.0,0.0,1.0,1.0,0.0,0.9358013868331909,,,,,,,,,,,,,,,,
1784021392.129,178996000,191,2,255,0,,,,,,,,,,,,,,,,,0.20000000298023224,0.0,3.0214285850524902,2.4571428298950195,3.0214285850524902,2.4571428298950195,0.0,0.0,0.0,0.0,0.0,0.0,0.0,0.0,0.0,0.0
1784021392.189,179046000,196,1,0,0,10.0,25.0,10.0,25.0,9.308183670043945,25.22222137451172,-0.2222210168838501,37.2353630065918,43.906166076660156,0.0,0.0,0.0,1.0,1.0,0.0,-1.0874481201171875,,,,,,,,,,,,,,,,
1784021392.230,179056000,197,1,1,0,10.0,25.0,10.0,25.0,8.789384841918945,25.34103775024414,-0.34103691577911377,37.322471618652344,47.669551849365234,0.0,0.0,0.0,1.0,1.0,0.0,1.0438134670257568,,,,,,,,,,,,,,,,
1784021392.232,179066000,198,1,2,0,10.0,25.0,10.0,25.0,8.831488609313965,25.034069061279297,-0.03407001495361328,45.90896987915039,46.83324432373047,0.0,0.0,0.0,1.0,1.0,0.0,-1.316427230834961,,,,,,,,,,,,,,,,
1784021392.232,179076000,199,1,3,0,10.0,25.0,10.0,25.0,8.468778610229492,25.518993377685547,-0.51899254322052,34.43898391723633,50.1784782409668,0.0,0.0,0.0,1.0,1.0,0.0,0.9246476888656616,,,,,,,,,,,,,,,,
1784021392.233,179086000,200,2,255,0,,,,,,,,,,,,,,,,,0.20000000298023224,0.0,3.0214285850524902,2.4571428298950195,3.0214285850524902,2.4571428298950195,0.0,0.0,0.0,0.0,0.0,0.0,0.0,0.0,0.0,0.0
1784021392.269,179136000,205,1,0,0,10.0,25.0,10.0,25.0,9.30816650390625,25.2235107421875,-0.2235114574432373,36.912506103515625,43.906166076660156,0.0,0.0,0.0,1.0,1.0,0.0,-1.0770701169967651,,,,,,,,,,,,,,,,
1784021392.288,179146000,206,1,1,0,10.0,25.0,10.0,25.0,8.788918495178223,25.342050552368164,-0.3420501947402954,37.289283752441406,47.669551849365234,0.0,0.0,0.0,1.0,1.0,0.0,1.0428165197372437,,,,,,,,,,,,,,,,
1784021392.289,179156000,207,1,2,0,10.0,25.0,10.0,25.0,8.831707000732422,25.03351593017578,-0.03351569175720215,45.8629264831543,46.83324432373047,0.0,0.0,0.0,1.0,1.0,0.0,-1.3150098323822021,,,,,,,,,,,,,,,,
1784021392.310,179166000,208,1,3,0,10.0,25.0,10.0,25.0,8.468958854675293,25.5185546875,-0.5185544490814209,34.32286834716797,50.1784782409668,0.0,0.0,0.0,1.0,1.0,0.0,0.9206943511962891,,,,,,,,,,,,,,,,
1784021392.311,179176000,209,2,255,0,,,,,,,,,,,,,,,,,0.20000000298023224,0.0,3.0214285850524902,2.4571428298950195,3.0214285850524902,2.4571428298950195,0.0,0.0,0.0,0.0,0.0,0.0,0.0,0.0,0.0,0.0
1784021392.366,179226000,214,1,0,0,10.0,25.0,10.0,25.0,9.30673599243164,25.222620010375977,-0.22262036800384521,37.03362274169922,43.906166076660156,0.0,0.0,0.0,1.0,1.0,0.0,-1.0807433128356934,,,,,,,,,,,,,,,,
1784021392.370,179236000,215,1,1,0,10.0,25.0,10.0,25.0,8.78803539276123,25.34145736694336,-0.3414571285247803,37.233646392822266,47.669551849365234,0.0,0.0,0.0,1.0,1.0,0.0,1.0406240224838257,,,,,,,,,,,,,,,,
1784021392.387,179246000,216,1,2,0,10.0,25.0,10.0,25.0,8.83035659790039,25.034940719604492,-0.034940242767333984,45.79593276977539,46.83324432373047,0.0,0.0,0.0,1.0,1.0,0.0,-1.3128536939620972,,,,,,,,,,,,,,,,
1784021392.390,179256000,217,1,3,0,10.0,25.0,10.0,25.0,8.468979835510254,25.518503189086914,-0.5185037851333618,34.389808654785156,50.1784782409668,0.0,0.0,0.0,1.0,1.0,0.0,0.923322319984436,,,,,,,,,,,,,,,,
1784021392.406,179266000,218,2,255,0,,,,,,,,,,,,,,,,,0.20000000298023224,0.0,3.0214285850524902,2.4571428298950195,3.0214285850524902,2.4571428298950195,0.0,0.0,0.0,0.0,0.0,0.0,0.0,0.0,0.0,0.0
1784021392.449,179316000,223,1,0,0,10.0,25.0,10.0,25.0,9.307770729064941,25.224178314208984,-0.22417902946472168,37.048377990722656,43.906166076660156,0.0,0.0,0.0,1.0,1.0,0.0,-1.0814540386199951,,,,,,,,,,,,,,,,
1784021392.469,179326000,224,1,1,0,10.0,25.0,10.0,25.0,8.79091739654541,25.34049415588379,-0.3404945135116577,37.03124237060547,47.669551849365234,0.0,0.0,0.0,1.0,1.0,0.0,1.0344573259353638,,,,,,,,,,,,,,,,
1784021392.470,179336000,225,1,2,0,10.0,25.0,10.0,25.0,8.834056854248047,25.032684326171875,-0.03268420696258545,45.72747039794922,46.83324432373047,0.0,0.0,0.0,1.0,1.0,0.0,-1.31024169921875,,,,,,,,,,,,,,,,
1784021392.489,179346000,226,1,3,0,10.0,25.0,10.0,25.0,8.46875286102295,25.5190486907959,-0.5190491676330566,34.18646240234375,50.1784782409668,0.0,0.0,0.0,1.0,1.0,0.0,0.9164575338363647,,,,,,,,,,,,,,,,
1784021392.490,179356000,227,2,255,0,,,,,,,,,,,,,,,,,0.20000000298023224,0.0,3.0214285850524902,2.4571428298950195,3.0214285850524902,2.4571428298950195,0.0,0.0,0.0,0.0,0.0,0.0,0.0,0.0,0.0,0.0
1784021392.549,179406000,232,1,0,0,10.0,25.0,10.0,25.0,9.308255195617676,25.222063064575195,-0.2220630645751953,37.193790435791016,43.906166076660156,0.0,0.0,0.0,1.0,1.0,0.0,-1.0860984325408936,,,,,,,,,,,,,,,,
1784021392.550,179416000,233,1,1,0,10.0,25.0,10.0,25.0,8.788644790649414,25.34125518798828,-0.34125447273254395,37.422569274902344,47.669551849365234,0.0,0.0,0.0,1.0,1.0,0.0,1.0468820333480835,,,,,,,,,,,,,,,,
1784021392.578,179426000,234,1,2,0,10.0,25.0,10.0,25.0,8.830297470092773,25.034963607788086,-0.03496408462524414,45.7339973449707,46.83324432373047,0.0,0.0,0.0,1.0,1.0,0.0,-1.3104585409164429,,,,,,,,,,,,,,,,
1784021392.579,179436000,235,1,3,0,10.0,25.0,10.0,25.0,8.470230102539062,25.51724624633789,-0.5172461271286011,34.56629943847656,50.1784782409668,0.0,0.0,0.0,1.0,1.0,0.0,0.9288766980171204,,,,,,,,,,,,,,,,
1784021392.589,179446000,236,2,255,0,,,,,,,,,,,,,,,,,0.20000000298023224,0.0,3.0214285850524902,2.4571428298950195,3.0214285850524902,2.4571428298950195,0.0,0.0,0.0,0.0,0.0,0.0,0.0,0.0,0.0,0.0
1784021392.630,179496000,241,1,0,0,10.0,25.0,10.0,25.0,9.305624008178711,25.224971771240234,-0.22497177124023438,36.999122619628906,43.906166076660156,0.0,0.0,0.0,1.0,1.0,0.0,-1.079723834991455,,,,,,,,,,,,,,,,
1784021392.650,179506000,242,1,1,0,10.0,25.0,10.0,25.0,8.788025856018066,25.341459274291992,-0.34146010875701904,37.32568359375,47.669551849365234,0.0,0.0,0.0,1.0,1.0,0.0,1.0436582565307617,,,,,,,,,,,,,,,,
1784021392.650,179516000,243,1,2,0,10.0,25.0,10.0,25.0,8.83003044128418,25.03315544128418,-0.033155083656311035,45.85194778442383,46.83324432373047,0.0,0.0,0.0,1.0,1.0,0.0,-1.314537763595581,,,,,,,,,,,,,,,,
1784021392.668,179526000,244,1,3,0,10.0,25.0,10.0,25.0,8.47111701965332,25.519248962402344,-0.5192488431930542,34.35520553588867,50.1784782409668,0.0,0.0,0.0,1.0,1.0,0.0,0.9222104549407959,,,,,,,,,,,,,,,,
1784021392.669,179536000,245,2,255,0,,,,,,,,,,,,,,,,,0.20000000298023224,0.0,3.0214285850524902,2.4571428298950195,3.0214285850524902,2.4571428298950195,0.0,0.0,0.0,0.0,0.0,0.0,0.0,0.0,0.0,0.0
1784021392.724,179586000,250,1,0,0,10.0,25.0,10.0,25.0,9.31121826171875,25.222387313842773,-0.2223879098892212,37.09987258911133,43.906166076660156,0.0,0.0,0.0,1.0,1.0,0.0,-1.0832080841064453,,,,,,,,,,,,,,,,
1784021392.734,179596000,251,1,1,0,10.0,25.0,10.0,25.0,8.791006088256836,25.340471267700195,-0.34047067165374756,37.20944595336914,47.669551849365234,0.0,0.0,0.0,1.0,1.0,0.0,1.0399397611618042,,,,,,,,,,,,,,,,
1784021392.748,179606000,252,1,2,0,10.0,25.0,10.0,25.0,8.833541870117188,25.0338191986084,-0.03381967544555664,45.73761749267578,46.83324432373047,0.0,0.0,0.0,1.0,1.0,0.0,-1.3111337423324585,,,,,,,,,,,,,,,,
1784021392.749,179616000,253,1,3,0,10.0,25.0,10.0,25.0,8.470245361328125,25.51860237121582,-0.5186021327972412,34.55257797241211,50.1784782409668,0.0,0.0,0.0,1.0,1.0,0.0,0.928602397441864,,,,,,,,,,,,,,,,
1784021392.763,179626000,254,2,255,0,,,,,,,,,,,,,,,,,-0.20000000298023224,0.0,3.0214285850524902,2.4571428298950195,3.0214285850524902,2.4571428298950195,-0.20000000298023224,0.0,0.0,0.0,0.0,0.0,0.0,0.0,0.0,0.0
1784021392.807,179676000,3,1,0,0,10.0,25.0,10.0,25.0,9.273784637451172,25.28826904296875,-0.28826892375946045,38.852333068847656,48.78462600708008,0.0,0.0,0.0,0.0,0.7799999713897705,0.0,-1.1305919885635376,,,,,,,,,,,,,,,,
1784021392.823,179686000,4,1,1,4,10.0,25.0,10.0,25.0,8.724428176879883,25.411039352416992,-0.4110395908355713,43.25852584838867,57.475067138671875,0.0,0.0,0.0,0.0,0.7799999713897705,0.24086008965969086,1.2082396745681763,,,,,,,,,,,,,,,,
1784021392.826,179696000,5,1,2,4,10.0,25.0,10.0,25.0,8.770920753479004,25.10301399230957,-0.10301470756530762,52.050724029541016,56.236122131347656,0.0,0.0,0.0,0.0,0.7799999713897705,0.22431540489196777,-1.4889150857925415,,,,,,,,,,,,,,,,
1784021392.848,179706000,6,1,3,4,10.0,25.0,10.0,25.0,8.369853019714355,25.657888412475586,-0.6578892469406128,39.53923797607422,62.800506591796875,0.0,0.0,0.0,0.0,0.7799999713897705,0.4517078995704651,1.0521619319915771,,,,,,,,,,,,,,,,
1784021392.848,179716000,7,2,255,0,,,,,,,,,,,,,,,,,-0.20000000298023224,0.0,3.0214285850524902,2.4571428298950195,3.0214285850524902,2.4571428298950195,-0.20000000298023224,0.0,0.0,0.0,0.0,0.0,0.0,0.0,0.0,0.0
1784021392.905,179766000,12,1,0,0,10.0,25.0,10.0,25.0,9.074737548828125,25.407669067382812,-0.40766894817352295,35.34626770019531,48.78462600708008,0.0,0.0,0.0,0.0,0.7799999713897705,0.0,-1.000352144241333,,,,,,,,,,,,,,,,
1784021392.906,179776000,13,1,1,4,10.0,25.0,10.0,25.0,8.695438385009766,25.471370697021484,-0.4713714122772217,41.86812210083008,57.679534912109375,0.0,0.0,0.0,0.0,0.7799999713897705,0.25178250670433044,1.1631730794906616,,,,,,,,,,,,,,,,
1784021392.926,179786000,14,1,2,4,10.0,25.0,10.0,25.0,8.782904624938965,25.17438316345215,-0.17438232898712158,50.191307067871094,56.2426872253418,0.0,0.0,0.0,0.0,0.7799999713897705,0.2246660739183426,-1.4341700077056885,,,,,,,,,,,,,,,,
1784021392.927,179796000,15,1,3,4,10.0,25.0,10.0,25.0,8.258902549743652,25.72993278503418,-0.7299333810806274,38.576560974121094,63.49647903442383,0.0,0.0,0.0,0.0,0.7799999713897705,0.49632155895233154,1.0096698999404907,,,,,,,,,,,,,,,,
1784021392.945,179806000,16,2,255,0,,,,,,,,,,,,,,,,,-0.20000000298023224,0.0,3.0214285850524902,2.4571428298950195,3.0214285850524902,2.4571428298950195,-0.20000000298023224,0.0,0.0,0.0,0.0,0.0,0.0,0.0,0.0,0.0
1784021392.988,179856000,21,1,0,4,10.0,25.0,10.0,25.0,8.786775588989258,25.5411376953125,-0.5411386489868164,37.33013916015625,42.47136688232422,0.0,0.0,0.0,0.0,0.7799999713897705,0.28329232335090637,-1.0423412322998047,,,,,,,,,,,,,,,,
1784021392.994,179866000,22,1,1,4,10.0,25.0,10.0,25.0,8.689167022705078,25.491443634033203,-0.4914432764053345,42.031341552734375,46.07223892211914,0.0,0.0,0.0,0.0,0.7799999713897705,0.2542002201080322,1.188977837562561,,,,,,,,,,,,,,,,
1784021393.009,179876000,23,1,2,4,10.0,25.0,10.0,25.0,8.863175392150879,25.161617279052734,-0.16161799430847168,43.14955139160156,44.33002471923828,0.0,0.0,0.0,0.0,0.7799999713897705,0.19985128939151764,-1.2494266033172607,,,,,,,,,,,,,,,,
1784021393.028,179886000,24,1,3,4,10.0,25.0,10.0,25.0,7.986515998840332,25.91995620727539,-0.9199559688568115,44.00899887084961,52.90385055541992,0.0,0.0,0.0,0.0,0.7799999713897705,0.6035795211791992,1.1598669290542603,,,,,,,,,,,,,,,,
1784021393.028,179896000,25,2,255,0,,,,,,,,,,,,,,,,,-0.20000000298023224,0.0,3.0214285850524902,2.4571428298950195,3.0214285850524902,2.4571428298950195,-0.20000000298023224,0.0,0.0,0.0,0.0,0.0,0.0,0.0,0.0,0.0
1784021393.082,179946000,30,1,0,4,10.0,25.0,10.0,25.0,8.382481575012207,25.787553787231445,-0.7875531911849976,37.37111282348633,44.97806167602539,0.0,0.0,0.0,0.0,0.7799999713897705,0.4439779818058014,-0.999626636505127,,,,,,,,,,,,,,,,
1784021393.090,179956000,31,1,1,4,10.0,25.0,10.0,25.0,8.744909286499023,25.473403930664062,-0.4734039306640625,42.2318229675293,45.883018493652344,0.0,0.0,0.0,0.0,0.7799999713897705,0.2440924346446991,1.2046626806259155,,,,,,,,,,,,,,,,
1784021393.102,179966000,32,1,2,4,10.0,25.0,10.0,25.0,8.995441436767578,25.102764129638672,-0.10276436805725098,43.214725494384766,43.61249542236328,0.0,0.0,0.0,0.0,0.7799999713897705,0.1615215688943863,-1.26625394821167,,,,,,,,,,,,,,,,
1784021393.107,179976000,33,1,3,4,10.0,25.0,10.0,25.0,7.664041042327881,26.161558151245117,-1.1615574359893799,43.553955078125,54.91221618652344,0.0,0.0,0.0,0.0,0.7799999713897705,0.7323208451271057,1.105277419090271,,,,,,,,,,,,,,,,
1784021393.121,179986000,34,2,255,0,,,,,,,,,,,,,,,,,-0.20000000298023224,0.0,3.0214285850524902,2.4571428298950195,3.0214285850524902,2.4571428298950195,-0.20000000298023224,0.0,0.0,0.0,0.0,0.0,0.0,0.0,0.0,0.0
1784021393.166,180036000,39,1,0,4,10.0,25.0,10.0,25.0,8.001065254211426,26.02638053894043,-1.0263800621032715,37.623680114746094,47.36681365966797,0.0,0.0,0.0,0.0,0.7799999713897705,0.5971030592918396,-0.9690541625022888,,,,,,,,,,,,,,,,
1784021393.181,180046000,40,1,1,4,10.0,25.0,10.0,25.0,8.9744234085083,25.3749942779541,-0.3749936819076538,42.22726821899414,44.668636322021484,0.0,0.0,0.0,0.0,0.7799999713897705,0.17922140657901764,1.2300955057144165,,,,,,,,,,,,,,,,
1784021393.190,180056000,41,1,2,4,10.0,25.0,10.0,25.0,9.239300727844238,24.942747116088867,0.057253241539001465,43.485008239746094,42.19110107421875,0.0,0.0,0.0,0.0,0.7799999713897705,0.08559255301952362,-1.2994709014892578,,,,,,,,,,,,,,,,
1784021393.201,180066000,42,1,3,4,10.0,25.0,10.0,25.0,7.411337852478027,26.384136199951172,-1.3841360807418823,42.08987808227539,55.188011169433594,0.0,0.0,0.0,0.0,0.7799999713897705,0.7499999403953552,1.0348601341247559,,,,,,,,,,,,,,,,
1784021393.212,180076000,43,2,255,0,,,,,,,,,,,,,,,,,-0.20000000298023224,0.0,3.0214285850524902,2.4571428298950195,3.0214285850524902,2.4571428298950195,-0.20000000298023224,0.0,0.0,0.0,0.0,0.0,0.0,0.0,0.0,0.0
1784021393.261,180126000,48,1,0,5,9.999994277954102,24.99839973449707,9.999994277954102,24.99839973449707,7.897366523742676,26.031404495239258,-1.0330051183700562,-20.747215270996094,0.0,0.0,-0.17952032387256622,0.0,0.0,0.0,0.4875783622264862,0.7342726588249207,,,,,,,,,,,,,,,,
1784021393.281,180136000,49,1,1,5,9.983980178833008,24.974611282348633,9.983980178833008,24.974611282348633,9.413586616516113,25.020307540893555,-0.04569590091705322,5.115610599517822,0.0,0.0,0.0,0.0,0.0,0.0,0.0502343624830246,0.14195948839187622,,,,,,,,,,,,,,,,
1784021393.281,180146000,50,1,2,0,9.974006652832031,25.0,9.974006652832031,25.0,9.35528564453125,24.90035057067871,0.09964853525161743,102.9992904663086,104.08440399169922,0.0,0.0,0.0,0.16052603721618652,0.8153157234191895,0.006718181539326906,-3.1141915321350098,,,,,,,,,,,,,,,,
1784021393.293,180156000,51,1,3,4,10.00121021270752,25.0,10.00121021270752,25.0,7.090376853942871,26.66904067993164,-1.669040322303772,73.39877319335938,107.17108917236328,0.0,0.0,0.0,0.2889595925807953,0.8435710668563843,0.7499999403953552,1.8495351076126099,,,,,,,,,,,,,,,,
1784021393.301,180166000,52,2,255,0,,,,,,,,,,,,,,,,,-0.20000000298023224,0.0,3.0214285850524902,2.4571428298950195,3.0214285850524902,2.4571428298950195,-0.20000000298023224,0.0,0.0,0.0,0.0,0.0,0.0,0.0,0.0,0.0
1784021393.348,180216000,57,1,0,1,9.959481239318848,24.472068786621094,9.959481239318848,24.472068786621094,8.649223327636719,25.145261764526367,-0.6731942296028137,-6.157022953033447,0.0,0.0,-1.2187247276306152,0.0,0.0,0.0,0.019747070968151093,0.22183842957019806,,,,,,,,,,,,,,,,
1784021393.361,180226000,58,1,1,1,9.834695816040039,24.414276123046875,9.834695816040039,24.414276123046875,9.76990795135498,24.487022399902344,-0.07274597883224487,-1.3601038455963135,0.0,0.0,0.0,0.0,0.0,0.0,0.0020345060620456934,-0.034449588507413864,,,,,,,,,,,,,,,,
1784021393.366,180236000,59,1,2,4,9.921794891357422,25.0,9.921794891357422,25.0,8.423318862915039,25.467660903930664,-0.4676610231399536,113.32035827636719,134.06610107421875,0.0,0.0,0.0,1.0,1.0,0.31485363841056824,-3.25333833694458,,,,,,,,,,,,,,,,
1784021393.381,180246000,60,1,3,4,10.055453300476074,25.0,10.055453300476074,25.0,6.923072814941406,26.63678550720215,-1.6367852687835693,71.5283203125,127.00394439697266,0.0,0.0,0.0,1.0,1.0,0.7499999403953552,1.7497577667236328,,,,,,,,,,,,,,,,
1784021393.387,180256000,61,2,255,0,,,,,,,,,,,,,,,,,-0.20000000298023224,0.0,3.0214285850524902,2.4571428298950195,3.0214285850524902,2.4571428298950195,-0.20000000298023224,0.0,0.0,0.0,0.0,0.0,0.0,0.0,0.0,0.0
1784021393.441,180306000,66,1,0,1,9.740755081176758,23.62691307067871,9.740755081176758,23.62691307067871,9.209776878356934,24.072467803955078,-0.4455551505088806,-3.7669882774353027,0.0,0.0,0.0,0.0,0.0,0.0,0.0007997623761184514,0.1258033961057663,,,,,,,,,,,,,,,,
1784021393.445,180316000,67,1,1,1,9.498010635375977,23.73440933227539,9.498010635375977,23.73440933227539,9.672709465026855,23.85178565979004,-0.11737644672393799,-2.749190330505371,0.0,0.0,0.0,0.0,0.0,0.0,8.239813905674964e-05,-0.07928510010242462,,,,,,,,,,,,,,,,
1784021393.467,180326000,68,1,2,4,10.005874633789062,25.0,10.005874633789062,25.0,7.609551429748535,26.012941360473633,-1.0129421949386597,102.09716033935547,144.0697021484375,0.0,0.0,0.0,1.0,1.0,0.6378034949302673,-2.7569329738616943,,,,,,,,,,,,,,,,
1784021393.468,180336000,69,1,3,4,10.252198219299316,25.0,10.252198219299316,25.0,7.0094475746154785,26.353696823120117,-1.3536959886550903,83.30004119873047,128.62855529785156,0.0,0.0,0.0,1.0,1.0,0.7499999403953552,2.1009578704833984,,,,,,,,,,,,,,,,
1784021393.487,180346000,70,2,255,0,,,,,,,,,,,,,,,,,-0.20000000298023224,0.0,3.0214285850524902,2.4571428298950195,3.0214285850524902,2.4571428298950195,-0.20000000298023224,0.0,0.0,0.0,0.0,0.0,0.0,0.0,0.0,0.0
1784021393.532,180396000,75,1,0,1,9.372784614562988,23.568836212158203,9.372784614562988,23.568836212158203,9.211027145385742,23.666282653808594,-0.09744763374328613,-0.5901873111724854,0.0,0.0,0.0,0.0,0.0,0.0,3.239061697968282e-05,0.020200025290250778,,,,,,,,,,,,,,,,
1784021393.540,180406000,76,1,1,1,9.030332565307617,23.790821075439453,9.030332565307617,23.790821075439453,9.302135467529297,23.776540756225586,0.014279782772064209,0.04899672418832779,0.0,0.0,0.0,0.0,0.0,0.0,3.3371493373124395e-06,0.012332103215157986,,,,,,,,,,,,,,,,
1784021393.546,180416000,77,1,2,4,10.22258472442627,25.0,10.22258472442627,25.0,7.277449131011963,26.393465042114258,-1.393464207649231,92.73584747314453,148.1581268310547,0.0,0.0,0.0,1.0,1.0,0.8362818956375122,-2.390263080596924,,,,,,,,,,,,,,,,
1784021393.560,180426000,78,1,3,4,10.572650909423828,25.0,10.572650909423828,25.0,7.1417036056518555,26.21728515625,-1.2172847986221313,85.54551696777344,127.79095458984375,0.0,0.0,0.0,1.0,1.0,0.7499999403953552,2.16473126411438,,,,,,,,,,,,,,,,
1784021393.570,180436000,79,2,255,0,,,,,,,,,,,,,,,,,-0.20000000298023224,0.0,3.0214285850524902,2.4571428298950195,3.0214285850524902,2.4571428298950195,-0.20000000298023224,0.0,0.0,0.0,0.0,0.0,0.0,0.0,0.0,0.0
1784021393.622,180486000,84,1,0,1,9.068799018859863,24.403284072875977,9.068799018859863,24.403284072875977,9.000758171081543,24.36745834350586,0.035825371742248535,0.14829379320144653,0.0,0.0,0.0,0.0,0.0,0.0,1.3118302604198107e-06,6.758636300219223e-05,,,,,,,,,,,,,,,,
1784021393.631,180496000,85,1,1,1,8.650079727172852,24.535680770874023,8.650079727172852,24.535680770874023,8.884337425231934,24.597219467163086,-0.06153881549835205,-0.6067925691604614,0.0,0.0,0.0,0.0,0.0,0.0,1.3515548857867543e-07,-0.010258413851261139,,,,,,,,,,,,,,,,
1784021393.640,180506000,86,1,2,4,10.448718070983887,25.0,10.448718070983887,25.0,7.410261631011963,26.439207077026367,-1.4392077922821045,91.79179382324219,145.13250732421875,0.0,0.0,0.0,1.0,1.0,0.8499999642372131,-2.3722777366638184,,,,,,,,,,,,,,,,
1784021393.645,180516000,87,1,3,4,10.885636329650879,25.0,10.885636329650879,25.0,7.366994857788086,26.162158966064453,-1.1621594429016113,84.09544372558594,124.79823303222656,0.0,0.0,0.0,1.0,1.0,0.7499999403953552,2.136261463165283,,,,,,,,,,,,,,,,
1784021393.660,180526000,88,2,255,0,,,,,,,,,,,,,,,,,-0.20000000298023224,0.0,3.0214285850524902,2.4571428298950195,3.0214285850524902,2.4571428298950195,-0.20000000298023224,0.0,0.0,0.0,0.0,0.0,0.0,0.0,0.0,0.0
1784021393.708,180576000,93,1,0,1,8.942127227783203,24.998310089111328,8.942127227783203,24.998310089111328,8.834925651550293,25.205806732177734,-0.20749568939208984,-1.375169277191162,0.0,0.0,0.0,0.0,0.0,0.0,5.3129518562400335e-08,0.05127190053462982,,,,,,,,,,,,,,,,
1784021393.720,180586000,94,1,1,0,8.442091941833496,25.0,8.442091941833496,25.0,8.746848106384277,25.326013565063477,-0.32601356506347656,34.609764099121094,41.8640251159668,0.0,0.0,0.0,0.006482804659754038,0.781426191329956,5.473838271541354e-09,1.039183259010315,,,,,,,,,,,,,,,,
1784021393.724,180596000,95,1,2,4,10.556519508361816,25.0,10.556519508361816,25.0,7.9316020011901855,26.14190673828125,-1.1419057846069336,38.02627944946289,71.19313049316406,0.0,0.0,0.0,1.0,1.0,0.7981747388839722,-0.9187418222427368,,,,,,,,,,,,,,,,
1784021393.740,180606000,96,1,3,4,11.07262897491455,25.0,11.07262897491455,25.0,7.758752822875977,25.975549697875977,-0.9755492210388184,39.87474060058594,70.640869140625,0.0,0.0,0.008290794678032398,1.0,1.0,0.749441921710968,0.9055747985839844,,,,,,,,,,,,,,,,
1784021393.747,180616000,97,2,255,0,,,,,,,,,,,,,,,,,-0.20000000298023224,0.0,3.0214285850524902,2.4571428298950195,3.0214285850524902,2.4571428298950195,-0.20000000298023224,0.0,0.0,0.0,0.0,0.0,0.0,0.0,0.0,0.0
1784021393.799,180666000,102,1,0,0,8.902376174926758,25.0,8.902376174926758,25.0,8.193050384521484,25.70413589477539,-0.7041364908218384,33.16080856323242,51.14743423461914,0.0,0.0,0.0,0.8409402370452881,0.9650068283081055,2.151761879787273e-09,-0.927366316318512,,,,,,,,,,,,,,,,
1784021393.817,180676000,103,1,1,0,8.320886611938477,25.0,8.320886611938477,25.0,8.299907684326172,25.722280502319336,-0.7222801446914673,92.13125610351562,119.43966674804688,0.0,0.0,0.0,0.9273051023483276,0.9840071201324463,2.2169203972577378e-10,2.7024192810058594,,,,,,,,,,,,,,,,
1784021393.819,180686000,104,1,2,5,10.550909042358398,24.945293426513672,10.550909042358398,24.945293426513672,8.750624656677246,25.37643814086914,-0.43114572763442993,-1.2161035537719727,0.0,0.0,0.0,0.0,0.0,0.0,0.30528461933135986,0.11048644036054611,,,,,,,,,,,,,,,,
1784021393.824,180696000,105,1,3,5,11.154215812683105,24.92807388305664,11.154215812683105,24.92807388305664,8.576152801513672,25.379409790039062,-0.4513368010520935,-6.690403938293457,0.0,0.0,-0.002550531644374132,0.0,0.0,0.0,0.16564308106899261,-0.3289080858230591,,,,,,,,,,,,,,,,
1784021393.839,180706000,106,2,255,0,,,,,,,,,,,,,,,,,-0.20000000298023224,0.0,3.0214285850524902,2.4571428298950195,3.0214285850524902,2.4571428298950195,-0.20000000298023224,0.0,0.0,0.0,0.0,0.0,0.0,0.0,0.0,0.0
1784021393.884,180756000,111,1,0,4,9.080827713012695,25.0,9.080827713012695,25.0,7.435769081115723,26.077783584594727,-1.0777831077575684,81.93624877929688,119.78923797607422,0.0,0.0,0.0,1.0,1.0,0.4530990421772003,-2.222735643386841,,,,,,,,,,,,,,,,
1784021393.900,180766000,112,1,1,0,8.438886642456055,25.0,8.438886642456055,25.0,7.370464324951172,26.074737548828125,-1.074737310409546,90.8197021484375,125.8010482788086,0.0,0.0,0.0,1.0,1.0,8.978593042663352e-12,2.526411294937134,,,,,,,,,,,,,,,,
1784021393.905,180776000,113,1,2,1,10.344711303710938,24.1026668548584,10.344711303710938,24.1026668548584,9.422872543334961,24.4035701751709,-0.3009036183357239,-2.4007859230041504,0.0,0.0,0.0,0.0,0.0,0.0,0.01236411277204752,0.08957589417695999,,,,,,,,,,,,,,,,
1784021393.919,180786000,114,1,3,1,10.992310523986816,24.029705047607422,10.992310523986816,24.029705047607422,9.466854095458984,24.5319766998291,-0.5022719502449036,-5.51129674911499,0.0,0.0,-0.34042856097221375,0.0,0.0,0.0,0.00670859357342124,-0.2104334831237793,,,,,,,,,,,,,,,,
1784021393.926,180796000,115,2,255,0,,,,,,,,,,,,,,,,,-0.20000000298023224,0.0,3.0214285850524902,2.4571428298950195,3.0214285850524902,2.4571428298950195,-0.20000000298023224,0.0,0.0,0.0,0.0,0.0,0.0,0.0,0.0,0.0
1784021393.979,180846000,120,1,0,4,9.589312553405762,25.0,9.589312553405762,25.0,7.12749719619751,26.129745483398438,-1.129746437072754,87.38468933105469,128.2413330078125,0.0,0.0,0.0,1.0,1.0,0.7499704360961914,-2.2878246307373047,,,,,,,,,,,,,,,,
1784021393.988,180856000,121,1,1,4,8.886465072631836,25.0,8.886465072631836,25.0,6.898438930511475,26.209440231323242,-1.20944082736969,97.19355010986328,140.37071228027344,0.0,0.0,0.0,1.0,1.0,0.49261707067489624,2.5937464237213135,,,,,,,,,,,,,,,,
1784021393.999,180866000,122,1,2,1,9.567620277404785,23.41692352294922,9.567620277404785,23.41692352294922,9.340351104736328,23.40330696105957,0.013615190982818604,-0.8332066535949707,0.0,0.0,0.0,0.0,0.0,0.0,0.0005007502622902393,0.02493206039071083,,,,,,,,,,,,,,,,
1784021394.020,180876000,123,1,3,1,10.247879981994629,23.11124610900879,10.247879981994629,23.11124610900879,9.709100723266602,23.41685676574707,-0.30561089515686035,-2.730776309967041,0.0,0.0,0.0,0.0,0.0,0.0,0.0002716999442782253,-0.08856763690710068,,,,,,,,,,,,,,,,
1784021394.021,180886000,124,2,255,0,,,,,,,,,,,,,,,,,-0.20000000298023224,0.0,3.0214285850524902,2.4571428298950195,3.0214285850524902,2.4571428298950195,-0.20000000298023224,0.0,0.0,0.0,0.0,0.0,0.0,0.0,0.0,0.0
1784021394.068,180936000,129,1,0,4,10.32154369354248,25.0,10.32154369354248,25.0,7.310221195220947,26.134740829467773,-1.1347413063049316,88.62892150878906,128.43612670898438,0.0,0.0,0.0,1.0,1.0,0.7499999403953552,-2.299924612045288,,,,,,,,,,,,,,,,
1784021394.079,180946000,130,1,1,4,9.533342361450195,25.0,9.533342361450195,25.0,6.906336784362793,26.275039672851562,-1.275038719177246,98.6337890625,145.89088439941406,0.0,0.0,0.0,1.0,1.0,0.7268925905227661,2.576726198196411,,,,,,,,,,,,,,,,
1784021394.093,180956000,131,1,2,1,8.458325386047363,23.53533935546875,8.458325386047363,23.53533935546875,8.513809204101562,23.323015213012695,0.21232515573501587,1.6203792095184326,0.0,0.0,0.0,0.0,0.0,0.0,2.0280538592487574e-05,-0.054780129343271255,,,,,,,,,,,,,,,,
1784021394.100,180966000,132,1,3,1,9.237995147705078,23.40369987487793,9.237995147705078,23.40369987487793,9.10219669342041,23.32010269165039,0.08359700441360474,1.1710150241851807,0.0,0.0,0.0,0.0,0.0,0.0,1.1003926374542061e-05,0.03774939849972725,,,,,,,,,,,,,,,,
1784021394.109,180976000,133,2,255,0,,,,,,,,,,,,,,,,,-0.20000000298023224,0.0,3.0214285850524902,2.4571428298950195,3.0214285850524902,2.4571428298950195,-0.20000000298023224,0.0,0.0,0.0,0.0,0.0,0.0,0.0,0.0,0.0
1784021394.158,181026000,138,1,0,4,11.012735366821289,25.0,11.012735366821289,25.0,7.807455062866211,26.071718215942383,-1.0717183351516724,88.95464324951172,126.23812866210938,0.0,0.0,0.0,1.0,1.0,0.7499999403953552,-2.330967664718628,,,,,,,,,,,,,,,,
1784021394.167,181036000,139,1,1,4,10.107732772827148,25.0,10.107732772827148,25.0,7.3167524337768555,26.253679275512695,-1.2536793947219849,98.75596618652344,144.54359436035156,0.0,0.0,0.0,1.0,1.0,0.7921522855758667,2.6048803329467773,,,,,,,,,,,,,,,,
1784021394.179,181046000,140,1,2,1,7.674215793609619,24.47052574157715,7.674215793609619,24.47052574157715,7.712308406829834,24.315885543823242,0.15463978052139282,2.38979434967041,0.0,0.0,0.0,0.0,0.0,0.0,8.21368132619682e-07,-0.08016463369131088,,,,,,,,,,,,,,,,
1784021394.186,181056000,141,1,3,1,8.612788200378418,24.541900634765625,8.612788200378418,24.541900634765625,8.492582321166992,24.436443328857422,0.10545551776885986,0.777454674243927,0.0,0.0,0.0,0.0,0.0,0.0,4.456622662019072e-07,0.018619520589709282,,,,,,,,,,,,,,,,
1784021394.198,181066000,142,2,255,0,,,,,,,,,,,,,,,,,-0.20000000298023224,0.0,3.0214285850524902,2.4571428298950195,3.0214285850524902,2.4571428298950195,-0.20000000298023224,0.0,0.0,0.0,0.0,0.0,0.0,0.0,0.0,0.0
1784021394.245,181116000,147,1,0,4,11.434233665466309,25.0,11.434233665466309,25.0,8.207765579223633,26.164011001586914,-1.1640101671218872,78.75006866455078,122.45453643798828,0.0,0.0,0.0,1.0,1.0,0.7499999403953552,-2.048187732696533,,,,,,,,,,,,,,,,
1784021394.258,181126000,148,1,1,4,10.399971961975098,25.0,10.399971961975098,25.0,7.875792026519775,26.126384735107422,-1.1263847351074219,98.25715637207031,138.5120391845703,0.0,0.0,0.0,1.0,1.0,0.7348523736000061,2.66623592376709,,,,,,,,,,,,,,,,
1784021394.266,181136000,149,1,2,0,7.431829452514648,25.0,7.431829452514648,25.0,7.815265655517578,24.661090850830078,0.3389090299606323,43.08686065673828,41.416175842285156,0.6429073214530945,0.0,0.0,0.014914299361407757,0.7832810878753662,3.326566044847823e-08,-1.3117139339447021,,,,,,,,,,,,,,,,
1784021394.270,181146000,150,1,3,0,8.489757537841797,25.0,8.489757537841797,25.0,8.147029876708984,25.5197696685791,-0.5197703838348389,33.548065185546875,45.5204963684082,0.0,0.0,0.0,0.06841054558753967,0.7950502634048462,1.804945526373558e-08,0.951860249042511,,,,,,,,,,,,,,,,
1784021394.288,181156000,151,2,255,0,,,,,,,,,,,,,,,,,-0.20000000298023224,0.0,3.0214285850524902,2.4571428298950195,3.0214285850524902,2.4571428298950195,-0.20000000298023224,0.0,0.0,0.0,0.0,0.0,0.0,0.0,0.0,0.0
1784021394.338,181206000,156,1,0,4,11.510652542114258,25.0,11.510652542114258,25.0,9.050577163696289,25.52303695678711,-0.5230367183685303,38.782936096191406,47.222293853759766,0.0,0.0,0.958958089351654,1.0,1.0,0.49889102578163147,-1.0090655088424683,,,,,,,,,,,,,,,,
1784021394.349,181216000,157,1,1,5,10.453214645385742,24.998964309692383,10.453214645385742,24.998964309692383,8.990922927856445,25.459457397460938,-0.4604920744895935,-1.5010578632354736,0.0,0.0,-0.0006401459686458111,0.0,0.0,0.0,0.38628965616226196,-0.10050418227910995,,,,,,,,,,,,,,,,
1784021394.358,181226000,158,1,2,0,7.502127647399902,25.0,7.502127647399902,25.0,7.337687969207764,25.13507080078125,-0.1350700855255127,105.76934051513672,120.07106018066406,0.0,0.0,0.0,0.9467101097106934,0.9882762432098389,1.3472688520366205e-09,-3.0835556983947754,,,,,,,,,,,,,,,,
1784021394.363,181236000,159,1,3,4,8.582402229309082,25.0,8.582402229309082,25.0,7.4156174659729,26.311397552490234,-1.3113975524902344,70.28288269042969,112.94632720947266,0.0,0.0,0.0,0.9920250773429871,0.9982455372810364,0.2631734311580658,1.9151322841644287,,,,,,,,,,,,,,,,
1784021394.378,181246000,160,2,255,0,,,,,,,,,,,,,,,,,-0.20000000298023224,0.0,3.0214285850524902,2.4571428298950195,3.0214285850524902,2.4571428298950195,-0.20000000298023224,0.0,0.0,0.0,0.0,0.0,0.0,0.0,0.0,0.0
1784021394.424,181296000,165,1,0,1,11.40944766998291,24.419597625732422,11.40944766998291,24.419597625732422,9.994732856750488,24.58879280090332,-0.1691967248916626,-1.448081135749817,0.0,0.0,0.0,0.0,0.0,0.0,0.022900329902768135,0.08164317905902863,,,,,,,,,,,,,,,,
1784021394.438,181306000,166,1,1,1,10.311694145202637,24.210372924804688,10.311694145202637,24.210372924804688,9.778314590454102,24.53337287902832,-0.32300055027008057,-2.9527337551116943,0.0,0.0,0.0,0.0,0.0,0.0,0.015644846484065056,-0.09649785608053207,,,,,,,,,,,,,,,,
1784021394.448,181316000,167,1,2,4,7.8675408363342285,25.0,7.8675408363342285,25.0,6.170200347900391,25.96495819091797,-0.9649574756622314,95.36781311035156,135.19241333007812,0.0,0.0,0.0,1.0,1.0,0.38617026805877686,-2.5320780277252197,,,,,,,,,,,,,,,,
1784021394.458,181326000,168,1,3,4,8.988682746887207,25.0,8.988682746887207,25.0,7.059922218322754,26.165870666503906,-1.1658698320388794,84.09419250488281,122.90474700927734,0.0,0.0,0.0,1.0,1.0,0.5678561925888062,2.2357115745544434,,,,,,,,,,,,,,,,
1784021394.462,181336000,169,2,255,0,,,,,,,,,,,,,,,,,-0.20000000298023224,0.0,3.0214285850524902,2.4571428298950195,3.0214285850524902,2.4571428298950195,-0.20000000298023224,0.0,0.0,0.0,0.0,0.0,0.0,0.0,0.0,0.0
1784021394.517,181386000,174,1,0,1,10.735986709594727,23.21321678161621,10.735986709594727,23.21321678161621,10.169673919677734,23.46755599975586,-0.25433897972106934,-2.6683099269866943,0.0,0.0,0.0,0.0,0.0,0.0,0.0009274701005779207,0.09054215252399445,,,,,,,,,,,,,,,,
1784021394.522,181396000,175,1,1,1,9.564275741577148,23.38191795349121,9.564275741577148,23.38191795349121,9.663727760314941,23.462024688720703,-0.08010715246200562,-2.6752731800079346,0.0,0.0,0.0,0.0,0.0,0.0,0.0006336210644803941,-0.07528293877840042,,,,,,,,,,,,,,,,
1784021394.537,181406000,176,1,2,4,8.574865341186523,25.0,8.574865341186523,25.0,5.814006328582764,26.358211517333984,-1.3582110404968262,93.83485412597656,147.0894775390625,0.0,0.0,0.0,1.0,1.0,0.7707708477973938,-2.3416616916656494,,,,,,,,,,,,,,,,
1784021394.542,181416000,177,1,3,4,9.72496223449707,25.0,9.72496223449707,25.0,6.965997695922852,26.074203491210938,-1.0742038488388062,90.52059936523438,128.5301055908203,0.0,0.0,0.0,1.0,1.0,0.7499999403953552,2.3518245220184326,,,,,,,,,,,,,,,,
1784021394.558,181426000,178,2,255,0,,,,,,,,,,,,,,,,,-0.20000000298023224,0.0,3.0214285850524902,2.4571428298950195,3.0214285850524902,2.4571428298950195,-0.20000000298023224,0.0,0.0,0.0,0.0,0.0,0.0,0.0,0.0,0.0
1784021394.602,181476000,183,1,0,1,9.599587440490723,22.979795455932617,9.599587440490723,22.979795455932617,9.50947093963623,22.875476837158203,0.10431855916976929,0.7701013088226318,0.0,0.0,0.0,0.0,0.0,0.0,3.756281512323767e-05,-0.025646420195698738,,,,,,,,,,,,,,,,
1784021394.618,181486000,184,1,1,1,8.41848087310791,23.325679779052734,8.41848087310791,23.325679779052734,8.7880277633667,23.155471801757812,0.17020702362060547,1.1849067211151123,0.0,0.0,0.0,0.0,0.0,0.0,2.566183866292704e-05,0.05467081069946289,,,,,,,,,,,,,,,,
1784021394.621,181496000,185,1,2,4,9.417123794555664,25.0,9.417123794555664,25.0,6.256627082824707,26.481199264526367,-1.4811992645263672,92.32649230957031,148.79290771484375,0.0,0.0,0.0,1.0,1.0,0.8499999642372131,-2.291982412338257,,,,,,,,,,,,,,,,
1784021394.637,181506000,186,1,3,4,10.562660217285156,25.0,10.562660217285156,25.0,7.420468330383301,26.04251480102539,-1.0425150394439697,91.35746765136719,128.08645629882812,0.0,0.0,0.0,1.0,1.0,0.7499999403953552,2.383195638656616,,,,,,,,,,,,,,,,
1784021394.645,181516000,187,2,255,0,,,,,,,,,,,,,,,,,-0.20000000298023224,0.0,3.0214285850524902,2.4571428298950195,3.0214285850524902,2.4571428298950195,-0.20000000298023224,0.0,0.0,0.0,0.0,0.0,0.0,0.0,0.0,0.0
1784021394.696,181566000,192,1,0,1,8.72590160369873,24.030088424682617,8.72590160369873,24.030088424682617,8.599019050598145,23.738834381103516,0.29125362634658813,2.563025712966919,0.0,0.0,0.0,0.0,0.0,0.0,1.5213046253848006e-06,-0.07433237135410309,,,,,,,,,,,,,,,,
1784021394.701,181576000,193,1,1,1,7.612458229064941,24.26095199584961,7.612458229064941,24.26095199584961,7.807347774505615,24.12142562866211,0.13952553272247314,1.276573657989502,0.0,0.0,0.0,0.0,0.0,0.0,1.0393117690910003e-06,0.046147413551807404,,,,,,,,,,,,,,,,
1784021394.718,181586000,194,1,2,4,10.086767196655273,25.0,10.086767196655273,25.0,6.949180603027344,26.43337631225586,-1.4333754777908325,92.74952697753906,145.8028106689453,0.0,0.0,0.0,1.0,1.0,0.8499999642372131,-2.361492395401001,,,,,,,,,,,,,,,,
1784021394.723,181596000,195,1,3,4,11.197840690612793,25.0,11.197840690612793,25.0,8.03789234161377,26.010408401489258,-1.0104089975357056,89.88557434082031,125.37936401367188,0.0,0.0,0.0,1.0,1.0,0.7499999403953552,2.3816699981689453,,,,,,,,,,,,,,,,
1784021394.738,181606000,196,2,255,0,,,,,,,,,,,,,,,,,-0.20000000298023224,0.0,3.0214285850524902,2.4571428298950195,3.0214285850524902,2.4571428298950195,-0.20000000298023224,0.0,0.0,0.0,0.0,0.0,0.0,0.0,0.0,0.0
1784021394.777,181656000,201,1,0,1,8.490663528442383,24.964937210083008,8.490663528442383,24.964937210083008,8.193231582641602,25.001832962036133,-0.03689676523208618,-0.9683492183685303,0.0,0.0,0.0,0.0,0.0,0.0,6.161329935139293e-08,0.0433831550180912,,,,,,,,,,,,,,,,
1784021394.796,181666000,202,1,1,1,7.431929588317871,24.985584259033203,7.431929588317871,24.985584259033203,7.5178937911987305,25.160673141479492,-0.17509013414382935,-0.6795800924301147,0.0,0.0,0.0,0.0,0.0,0.0,4.2092434426876935e-08,-0.003738759085536003,,,,,,,,,,,,,,,,
1784021394.803,181676000,203,1,2,4,10.404807090759277,25.0,10.404807090759277,25.0,7.748349189758301,26.180843353271484,-1.1808425188064575,36.725746154785156,71.20442199707031,0.0,0.0,0.0,1.0,1.0,0.7986450791358948,-0.8676479458808899,,,,,,,,,,,,,,,,
1784021394.816,181686000,204,1,3,4,11.47696304321289,25.0,11.47696304321289,25.0,8.592076301574707,25.903034210205078,-0.9030342102050781,44.56298065185547,70.75386047363281,0.0,0.0,0.0,1.0,1.0,0.7499999403953552,1.1155503988265991,,,,,,,,,,,,,,,,
1784021394.826,181696000,205,2,255,0,,,,,,,,,,,,,,,,,-0.20000000298023224,0.0,3.0214285850524902,2.4571428298950195,3.0214285850524902,2.4571428298950195,-0.20000000298023224,0.0,0.0,0.0,0.0,0.0,0.0,0.0,0.0,0.0
1784021394.876,181746000,210,1,0,0,8.516565322875977,25.0,8.516565322875977,25.0,7.608129024505615,25.914859771728516,-0.9148597717285156,23.907367706298828,48.77900314331055,0.0,0.0,0.0,0.6800452470779419,0.9296099543571472,2.4953565880281303e-09,-0.6193246245384216,,,,,,,,,,,,,,,,
1784021394.880,181756000,211,1,1,0,7.471958637237549,25.0,7.471958637237549,25.0,7.452759265899658,25.420211791992188,-0.4202127456665039,44.106529235839844,54.88679122924805,0.0,0.0,0.0,0.7964335680007935,0.9552153944969177,1.7047572242745446e-09,1.2940646409988403,,,,,,,,,,,,,,,,
1784021394.896,181766000,212,1,2,5,10.453205108642578,24.993844985961914,10.453205108642578,24.993844985961914,8.871794700622559,25.346153259277344,-0.3523096442222595,1.9608449935913086,0.0,0.0,0.0,0.0,0.0,0.0,0.42223528027534485,0.004735283087939024,,,,,,,,,,,,,,,,
1784021394.900,181776000,213,1,3,5,11.51020336151123,24.98013687133789,11.51020336151123,24.98013687133789,9.303630828857422,25.248918533325195,-0.2687811851501465,2.9211864471435547,0.0,0.0,0.0,0.0,0.0,0.0,0.26957374811172485,-0.019688168540596962,,,,,,,,,,,,,,,,
1784021394.917,181786000,214,2,255,0,,,,,,,,,,,,,,,,,-0.20000000298023224,0.0,3.0214285850524902,2.4571428298950195,3.0214285850524902,2.4571428298950195,-0.20000000298023224,0.0,0.0,0.0,0.0,0.0,0.0,0.0,0.0,0.0
1784021394.960,181836000,219,1,0,4,8.775519371032715,25.0,8.775519371032715,25.0,7.089175224304199,26.147628784179688,-1.147627830505371,80.88011169433594,119.57713317871094,0.0,0.0,0.0,1.0,1.0,0.47054651379585266,-2.171485424041748,,,,,,,,,,,,,,,,
1784021394.977,181846000,220,1,1,0,7.769096374511719,25.0,7.769096374511719,25.0,6.5946946144104,26.021087646484375,-1.0210871696472168,90.288818359375,125.15764617919922,0.0,0.0,0.0,1.0,1.0,6.904316701694668e-11,2.465074300765991,,,,,,,,,,,,,,,,
1784021394.982,181856000,221,1,2,1,10.298646926879883,24.212059020996094,10.298646926879883,24.212059020996094,9.564375877380371,24.41398048400879,-0.20192265510559082,-2.10514760017395,0.0,0.0,0.0,0.0,0.0,0.0,0.01710064709186554,0.07947173714637756,,,,,,,,,,,,,,,,
1784021394.997,181866000,222,1,3,1,11.304978370666504,24.106477737426758,11.304978370666504,24.106477737426758,10.066651344299316,24.45470428466797,-0.34822672605514526,-4.264484405517578,0.0,0.0,0.0,0.0,0.0,0.0,0.010917814448475838,-0.16442449390888214,,,,,,,,,,,,,,,,
1784021395.000,181876000,223,2,255,0,,,,,,,,,,,,,,,,,-0.20000000298023224,0.0,3.0214285850524902,2.4571428298950195,3.0214285850524902,2.4571428298950195,-0.20000000298023224,0.0,0.0,0.0,0.0,0.0,0.0,0.0,0.0,0.0
1784021395.056,181926000,228,1,0,4,9.391480445861816,25.0,9.391480445861816,25.0,6.768986701965332,26.14529800415039,-1.1452972888946533,87.6039047241211,127.98299407958984,0.0,0.0,0.0,1.0,1.0,0.7499999403953552,-2.2579562664031982,,,,,,,,,,,,,,,,
1784021395.060,181936000,229,1,1,4,8.420644760131836,25.0,8.420644760131836,25.0,6.215798854827881,26.191925048828125,-1.1919260025024414,98.55834197998047,141.99740600585938,0.0,0.0,0.0,1.0,1.0,0.571254551410675,2.5716116428375244,,,,,,,,,,,,,,,,
1784021395.076,181946000,230,1,2,1,9.530522346496582,23.36125946044922,9.530522346496582,23.36125946044922,9.461326599121094,23.314929962158203,0.04632771015167236,-1.5090930461883545,0.0,0.0,0.0,0.0,0.0,0.0,0.0006925814086571336,0.045763108879327774,,,,,,,,,,,,,,,,
1784021395.081,181956000,231,1,3,1,10.46682357788086,23.013877868652344,10.46682357788086,23.013877868652344,10.110852241516113,23.326705932617188,-0.31282901763916016,-3.260038137435913,0.0,0.0,0.0,0.0,0.0,0.0,0.00044217469985596836,-0.10145758837461472,,,,,,,,,,,,,,,,
1784021395.096,181966000,232,2,255,0,,,,,,,,,,,,,,,,,-0.20000000298023224,0.0,3.0214285850524902,2.4571428298950195,3.0214285850524902,2.4571428298950195,-0.20000000298023224,0.0,0.0,0.0,0.0,0.0,0.0,0.0,0.0,0.0
1784021395.140,182016000,237,1,0,4,10.225183486938477,25.0,10.225183486938477,25.0,6.991366863250732,26.137901306152344,-1.1379003524780273,88.27861022949219,128.57424926757812,0.0,0.0,0.0,1.0,1.0,0.7499999403953552,-2.250452756881714,,,,,,,,,,,,,,,,
1784021395.159,182026000,238,1,1,4,9.261049270629883,25.0,9.261049270629883,25.0,6.496768474578857,26.211347579956055,-1.2113481760025024,102.3382568359375,147.29727172851562,0.0,0.0,0.0,1.0,1.0,0.7763999700546265,2.65002179145813,,,,,,,,,,,,,,,,
1784021395.160,182036000,239,1,2,1,8.383939743041992,23.34430503845215,8.383939743041992,23.34430503845215,8.583539009094238,23.054235458374023,0.29007047414779663,2.3630311489105225,0.0,0.0,0.0,0.0,0.0,0.0,2.8049755201209337e-05,-0.08417025953531265,,,,,,,,,,,,,,,,
1784021395.177,182046000,240,1,3,1,9.324137687683105,23.159589767456055,9.324137687683105,23.159589767456055,9.38158893585205,23.032289505004883,0.12729912996292114,1.1699892282485962,0.0,0.0,0.0,0.0,0.0,0.0,1.790820897440426e-05,0.044689834117889404,,,,,,,,,,,,,,,,
1784021395.180,182056000,241,2,255,0,,,,,,,,,,,,,,,,,-0.20000000298023224,0.0,3.0214285850524902,2.4571428298950195,3.0214285850524902,2.4571428298950195,-0.20000000298023224,0.0,0.0,0.0,0.0,0.0,0.0,0.0,0.0,0.0
1784021395.238,182106000,246,1,0,4,10.975762367248535,25.0,10.975762367248535,25.0,7.700030326843262,26.078330993652344,-1.078331470489502,89.31616973876953,126.72271728515625,0.0,0.0,0.0,1.0,1.0,0.7499999403953552,-2.3324801921844482,,,,,,,,,,,,,,,,
1784021395.239,182116000,247,1,1,4,9.984143257141113,25.0,9.984143257141113,25.0,7.120833396911621,26.21080207824707,-1.2108027935028076,100.74357604980469,145.81283569335938,0.0,0.0,0.0,1.0,1.0,0.8193410634994507,2.6442933082580566,,,,,,,,,,,,,,,,
1784021395.256,182126000,248,1,2,1,7.598172187805176,24.294601440429688,7.598172187805176,24.294601440429688,7.65917444229126,24.03118324279785,0.2634182572364807,3.4732766151428223,0.0,0.0,0.0,0.0,0.0,0.0,1.1360232292645378e-06,-0.11329720914363861,,,,,,,,,,,,,,,,
1784021395.259,182136000,249,1,3,1,8.610941886901855,24.349706649780273,8.610941886901855,24.349706649780273,8.53364086151123,24.146345138549805,0.20336061716079712,1.294314980506897,0.0,0.0,0.0,0.0,0.0,0.0,7.252879754560126e-07,0.03463973477482796,,,,,,,,,,,,,,,,
1784021395.275,182146000,250,2,255,0,,,,,,,,,,,,,,,,,-0.20000000298023224,0.0,3.0214285850524902,2.4571428298950195,3.0214285850524902,2.4571428298950195,-0.20000000298023224,0.0,0.0,0.0,0.0,0.0,0.0,0.0,0.0,0.0
1784021395.319,182196000,255,1,0,4,11.403785705566406,25.0,11.403785705566406,25.0,8.275338172912598,26.103261947631836,-1.103261113166809,82.07499694824219,123.10784912109375,0.0,0.0,0.0,1.0,1.0,0.7499999403953552,-2.162307024002075,,,,,,,,,,,,,,,,
1784021395.335,182206000,0,1,1,4,10.371232986450195,25.0,10.371232986450195,25.0,7.805606842041016,26.097265243530273,-1.0972648859024048,100.59538269042969,139.65164184570312,0.0,0.0,0.0,1.0,1.0,0.7494561672210693,2.731187582015991,,,,,,,,,,,,,,,,
1784021395.339,182216000,1,1,2,1,7.431830406188965,24.99156379699707,7.431830406188965,24.99156379699707,7.832913875579834,24.501300811767578,0.49026310443878174,6.561243057250977,0.0,0.0,0.0,0.0,0.0,0.0,4.600926217790402e-08,-0.23629409074783325,,,,,,,,,,,,,,,,
1784021395.357,182226000,2,1,3,0,8.489290237426758,25.0,8.489290237426758,25.0,8.264101028442383,25.27800750732422,-0.27800798416137695,38.224815368652344,43.913963317871094,0.0,0.0,0.0,0.0035341023467481136,0.7807774543762207,2.937437670880172e-08,1.1302183866500854,,,,,,,,,,,,,,,,
1784021395.360,182236000,3,2,255,0,,,,,,,,,,,,,,,,,-0.20000000298023224,0.0,3.0214285850524902,2.4571428298950195,3.0214285850524902,2.4571428298950195,-0.20000000298023224,0.0,0.0,0.0,0.0,0.0,0.0,0.0,0.0,0.0
1784021395.417,182286000,8,1,0,4,11.509697914123535,25.0,11.509697914123535,25.0,9.064717292785645,25.663131713867188,-0.6631314754486084,37.27228927612305,51.26868438720703,0.0,0.0,0.7718239426612854,1.0,1.0,0.5821955800056458,-0.9565210342407227,,,,,,,,,,,,,,,,
1784021395.428,182296000,9,1,1,4,10.453020095825195,25.0,10.453020095825195,25.0,8.806390762329102,25.614124298095703,-0.6141245365142822,53.03929138183594,68.13623046875,0.0,0.0,0.0,1.0,1.0,0.48125505447387695,1.4915752410888672,,,,,,,,,,,,,,,,
1784021395.436,182306000,10,1,2,0,7.47625732421875,25.0,7.47625732421875,25.0,7.524319171905518,24.82893180847168,0.17106831073760986,54.61790084838867,53.783687591552734,0.0,0.0,0.0,0.8265458941459656,0.9618400931358337,1.863388776612851e-09,-1.620000958442688,,,,,,,,,,,,,,,,
1784021395.439,182316000,11,1,3,4,8.551060676574707,25.0,8.551060676574707,25.0,7.465727806091309,26.332218170166016,-1.3322174549102783,60.707942962646484,109.45674896240234,0.0,0.0,0.0,0.9166532158851624,0.981663703918457,0.2066202461719513,1.6293948888778687,,,,,,,,,,,,,,,,
1784021395.456,182326000,12,2,255,0,,,,,,,,,,,,,,,,,-0.20000000298023224,0.0,3.0214285850524902,2.4571428298950195,3.0214285850524902,2.4571428298950195,-0.20000000298023224,0.0,0.0,0.0,0.0,0.0,0.0,0.0,0.0,0.0
1784021395.499,182376000,17,1,0,1,11.453141212463379,24.58314323425293,11.453141212463379,24.58314323425293,9.994987487792969,24.6918888092041,-0.10874569416046143,-1.1334011554718018,0.0,0.0,0.0,0.0,0.0,0.0,0.0385030098259449,0.07925157994031906,,,,,,,,,,,,,,,,
1784021395.515,182386000,18,1,1,1,10.366657257080078,24.38624382019043,10.366657257080078,24.38624382019043,9.762768745422363,24.682437896728516,-0.296194851398468,-3.248629093170166,0.0,0.0,0.0,0.0,0.0,0.0,0.02556963637471199,-0.10965733975172043,,,,,,,,,,,,,,,,
1784021395.519,182396000,19,1,2,4,7.784575462341309,25.0,7.784575462341309,25.0,6.300012588500977,25.804210662841797,-0.8042097091674805,97.27151489257812,132.6856231689453,0.0,0.0,0.0,1.0,1.0,0.3081502318382263,-2.6199636459350586,,,,,,,,,,,,,,,,
1784021395.534,182406000,20,1,3,4,8.89914321899414,25.0,8.89914321899414,25.0,7.095771312713623,26.20446014404297,-1.204460859298706,82.68937683105469,121.40369415283203,0.0,0.0,0.0,1.0,1.0,0.5178548097610474,2.2084579467773438,,,,,,,,,,,,,,,,
1784021395.541,182416000,21,2,255,0,,,,,,,,,,,,,,,,,-0.20000000298023224,0.0,3.0214285850524902,2.4571428298950195,3.0214285850524902,2.4571428298950195,-0.20000000298023224,0.0,0.0,0.0,0.0,0.0,0.0,0.0,0.0,0.0
1784021395.598,182466000,26,1,0,1,10.887770652770996,23.375268936157227,10.887770652770996,23.375268936157227,10.269143104553223,23.665699005126953,-0.29043108224868774,-3.6547999382019043,0.0,0.0,0.0,0.0,0.0,0.0,0.0015593833522871137,0.12506429851055145,,,,,,,,,,,,,,,,
1784021395.599,182476000,27,1,1,1,9.725565910339355,23.494001388549805,9.725565910339355,23.494001388549805,9.767622947692871,23.623456954956055,-0.12945681810379028,-3.519484281539917,0.0,0.0,0.0,0.0,0.0,0.0,0.0010355780832469463,-0.10277801007032394,,,,,,,,,,,,,,,,
1784021395.619,182486000,28,1,2,4,8.44591999053955,25.0,8.44591999053955,25.0,5.799665927886963,26.315393447875977,-1.3153940439224243,93.69903564453125,145.83804321289062,0.0,0.0,0.0,1.0,1.0,0.7288662195205688,-2.349231004714966,,,,,,,,,,,,,,,,
1784021395.620,182496000,29,1,3,4,9.593345642089844,25.0,9.593345642089844,25.0,6.924740314483643,26.08640480041504,-1.0864049196243286,90.51239013671875,128.36862182617188,0.0,0.0,0.0,1.0,1.0,0.7499999403953552,2.3545429706573486,,,,,,,,,,,,,,,,
1784021395.635,182506000,30,2,255,0,,,,,,,,,,,,,,,,,-0.20000000298023224,0.0,3.0214285850524902,2.4571428298950195,3.0214285850524902,2.4571428298950195,-0.20000000298023224,0.0,0.0,0.0,0.0,0.0,0.0,0.0,0.0,0.0
1784021395.678,182556000,35,1,0,1,9.78233814239502,22.914033889770508,9.78233814239502,22.914033889770508,9.71323013305664,22.84917449951172,0.06485730409622192,0.4509429335594177,0.0,0.0,0.0,0.0,0.0,0.0,6.315548671409488e-05,-0.014937452971935272,,,,,,,,,,,,,,,,
1784021395.698,182566000,36,1,1,1,8.596328735351562,23.250102996826172,8.596328735351562,23.250102996826172,8.938364028930664,23.104671478271484,0.14543086290359497,1.0300021171569824,0.0,0.0,0.0,0.0,0.0,0.0,4.194122811895795e-05,0.04755799472332001,,,,,,,,,,,,,,,,
1784021395.699,182576000,37,1,2,4,9.28746223449707,25.0,9.28746223449707,25.0,6.161888122558594,26.480606079101562,-1.480606198310852,92.34968566894531,149.0259246826172,0.0,0.0,0.0,1.0,1.0,0.8499999642372131,-2.2920143604278564,,,,,,,,,,,,,,,,
1784021395.718,182586000,38,1,3,4,10.436119079589844,25.0,10.436119079589844,25.0,7.2958245277404785,26.072465896606445,-1.0724663734436035,90.05354309082031,128.3231658935547,0.0,0.0,0.0,1.0,1.0,0.7499999403953552,2.3350234031677246,,,,,,,,,,,,,,,,
1784021395.719,182596000,39,2,255,0,,,,,,,,,,,,,,,,,-0.20000000298023224,0.0,3.0214285850524902,2.4571428298950195,3.0214285850524902,2.4571428298950195,-0.20000000298023224,0.0,0.0,0.0,0.0,0.0,0.0,0.0,0.0,0.0
1784021395.778,182646000,44,1,0,1,8.821258544921875,23.824121475219727,8.821258544921875,23.824121475219727,8.743561744689941,23.501667022705078,0.32245367765426636,2.834686756134033,0.0,0.0,0.0,0.0,0.0,0.0,2.557816060289042e-06,-0.08456689864397049,,,,,,,,,,,,,,,,
1784021395.779,182656000,45,1,1,1,7.695112228393555,24.089147567749023,7.695112228393555,24.089147567749023,7.91001033782959,23.911556243896484,0.17759054899215698,1.5967518091201782,0.0,0.0,0.0,0.0,0.0,0.0,1.6986317632472492e-06,0.05677733197808266,,,,,,,,,,,,,,,,
1784021395.795,182666000,46,1,2,4,10.002188682556152,25.0,10.002188682556152,25.0,6.879446506500244,26.448345184326172,-1.4483451843261719,92.56216430664062,146.4290771484375,0.0,0.0,0.0,1.0,1.0,0.8499999642372131,-2.3510406017303467,,,,,,,,,,,,,,,,
1784021395.798,182676000,47,1,3,4,11.119850158691406,25.0,11.119850158691406,25.0,7.94138240814209,26.027124404907227,-1.0271251201629639,89.9271011352539,125.92748260498047,0.0,0.0,0.0,1.0,1.0,0.7499999403953552,2.3740439414978027,,,,,,,,,,,,,,,,
1784021395.818,182686000,48,2,255,0,,,,,,,,,,,,,,,,,-0.20000000298023224,0.0,3.0214285850524902,2.4571428298950195,3.0214285850524902,2.4571428298950195,-0.20000000298023224,0.0,0.0,0.0,0.0,0.0,0.0,0.0,0.0,0.0
1784021395.858,182736000,53,1,0,1,8.496689796447754,24.893146514892578,8.496689796447754,24.893146514892578,8.221237182617188,24.857255935668945,0.03588944673538208,-0.7443102598190308,0.0,0.0,0.0,0.0,0.0,0.0,1.0359229207779208e-07,0.037784285843372345,,,,,,,,,,,,,,,,
1784021395.874,182746000,54,1,1,1,7.434320449829102,24.936983108520508,7.434320449829102,24.936983108520508,7.519734859466553,25.04319190979004,-0.10620951652526855,0.16847753524780273,0.0,0.0,0.0,0.0,0.0,0.0,6.879509584223342e-08,0.02212548442184925,,,,,,,,,,,,,,,,
1784021395.880,182756000,55,1,2,4,10.377622604370117,25.0,10.377622604370117,25.0,7.628546714782715,26.281633377075195,-1.281633973121643,95.23275756835938,140.88287353515625,0.0,0.0,0.0,1.0,1.0,0.8073241710662842,-2.5287699699401855,,,,,,,,,,,,,,,,
1784021395.894,182766000,56,1,3,4,11.454944610595703,25.0,11.454944610595703,25.0,8.413309097290039,26.030677795410156,-1.0306775569915771,84.74073791503906,122.05990600585938,0.0,0.0,0.0,1.0,1.0,0.7499999403953552,2.2576498985290527,,,,,,,,,,,,,,,,
1784021395.898,182776000,57,2,255,0,,,,,,,,,,,,,,,,,-0.20000000298023224,0.0,3.0214285850524902,2.4571428298950195,3.0214285850524902,2.4571428298950195,-0.20000000298023224,0.0,0.0,0.0,0.0,0.0,0.0,0.0,0.0,0.0
1784021395.956,182826000,62,1,0,0,8.50333309173584,25.0,8.50333309173584,25.0,7.740246295928955,25.809097290039062,-0.8090972900390625,24.891155242919922,45.739742279052734,0.0,0.0,0.0,0.4961760342121124,0.8891587257385254,4.195517711025332e-09,-0.6622990369796753,,,,,,,,,,,,,,,,
1784021395.978,182836000,63,1,1,0,7.454486846923828,25.0,7.454486846923828,25.0,7.606224060058594,25.267606735229492,-0.2676069736480713,45.66212844848633,52.007080078125,0.0,0.0,0.0,0.6261767148971558,0.9177588820457458,2.7862219198482308e-09,1.3611851930618286,,,,,,,,,,,,,,,,
1784021395.979,182846000,64,1,2,4,10.453119277954102,25.0,10.453119277954102,25.0,8.706779479980469,25.533693313598633,-0.5336940288543701,57.855003356933594,68.96177673339844,0.0,0.0,0.0,1.0,1.0,0.5280801057815552,-1.63225257396698,,,,,,,,,,,,,,,,
1784021395.979,182856000,65,1,3,4,11.510714530944824,25.0,11.510714530944824,25.0,9.12990665435791,25.51007843017578,-0.5100786685943604,40.97215270996094,51.55569076538086,0.0,0.0,0.9997381567955017,1.0,1.0,0.4569324553012848,1.0797455310821533,,,,,,,,,,,,,,,,
1784021395.994,182866000,66,2,255,0,,,,,,,,,,,,,,,,,-0.20000000298023224,0.0,3.0214285850524902,2.4571428298950195,3.0214285850524902,2.4571428298950195,-0.20000000298023224,0.0,0.0,0.0,0.0,0.0,0.0,0.0,0.0,0.0
1784021396.039,182916000,71,1,0,0,10.0,25.0,10.0,25.0,8.152548789978027,25.688541412353516,-0.6885409355163574,30.407243728637695,43.906166076660156,0.0,0.0,0.0,1.0,1.0,0.0,-0.7825345396995544,,,,,,,,,,,,,,,,
1784021396.053,182926000,72,1,1,0,10.0,25.0,10.0,25.0,8.1030855178833,25.394025802612305,-0.39402544498443604,36.55970001220703,47.669551849365234,0.0,0.0,0.0,1.0,1.0,0.0,0.9655193090438843,,,,,,,,,,,,,,,,
1784021396.053,182936000,73,1,2,0,10.0,25.0,10.0,25.0,8.92585277557373,25.229978561401367,-0.2299785614013672,39.1551628112793,46.83324432373047,0.0,0.0,0.0,1.0,1.0,0.0,-1.104309320449829,,,,,,,,,,,,,,,,
1784021396.075,182946000,74,1,3,0,10.0,25.0,10.0,25.0,9.132590293884277,25.24077033996582,-0.24076998233795166,44.0221061706543,50.1784782409668,0.0,0.0,0.0,1.0,1.0,0.0,1.294970989227295,,,,,,,,,,,,,,,,
1784021396.077,182956000,75,2,255,0,,,,,,,,,,,,,,,,,-0.20000000298023224,0.0,3.0214285850524902,2.4571428298950195,3.0214285850524902,2.4571428298950195,0.0,0.0,0.0,0.0,0.0,0.0,0.0,0.0,0.0,0.0
1784021396.135,183006000,80,1,0,0,10.0,25.0,10.0,25.0,8.74933910369873,25.352006912231445,-0.3520071506500244,34.35127258300781,43.906166076660156,0.0,0.0,0.0,1.0,1.0,0.0,-0.9565466046333313,,,,,,,,,,,,,,,,
1784021396.137,183016000,81,1,1,0,10.0,25.0,10.0,25.0,8.703302383422852,25.26141929626465,-0.26142001152038574,40.52110290527344,47.669551849365234,0.0,0.0,0.0,1.0,1.0,0.0,1.138895869255066,,,,,,,,,,,,,,,,
1784021396.156,183026000,82,1,2,0,10.0,25.0,10.0,25.0,8.81723403930664,25.0731201171875,-0.07311999797821045,46.18797302246094,46.83324432373047,0.0,0.0,0.0,1.0,1.0,0.0,-1.3255102634429932,,,,,,,,,,,,,,,,
1784021396.157,183036000,83,1,3,0,10.0,25.0,10.0,25.0,9.272834777832031,25.312297821044922,-0.3122985363006592,39.517486572265625,50.1784782409668,0.0,0.0,0.0,1.0,1.0,0.0,1.1531091928482056,,,,,,,,,,,,,,,,
1784021396.175,183046000,84,2,255,0,,,,,,,,,,,,,,,,,-0.20000000298023224,0.0,3.0214285850524902,2.4571428298950195,3.0214285850524902,2.4571428298950195,0.0,0.0,0.0,0.0,0.0,0.0,0.0,0.0,0.0,0.0
1784021396.217,183096000,89,1,0,0,10.0,25.0,10.0,25.0,9.164021492004395,25.260055541992188,-0.2600550651550293,36.436519622802734,43.906166076660156,0.0,0.0,0.0,1.0,1.0,0.0,-1.058153510093689,,,,,,,,,,,,,,,,
1784021396.234,183106000,90,1,1,0,10.0,25.0,10.0,25.0,8.917219161987305,25.14618682861328,-0.14618635177612305,43.82069396972656,47.669551849365234,0.0,0.0,0.0,1.0,1.0,0.0,1.2600345611572266,,,,,,,,,,,,,,,,
1784021396.238,183116000,91,1,2,0,10.0,25.0,10.0,25.0,8.808250427246094,25.03223419189453,-0.03223419189453125,45.555599212646484,46.83324432373047,0.0,0.0,0.0,1.0,1.0,0.0,-1.3014804124832153,,,,,,,,,,,,,,,,
1784021396.252,183126000,92,1,3,0,10.0,25.0,10.0,25.0,9.311005592346191,25.33930778503418,-0.33930838108062744,39.92194366455078,50.1784782409668,0.0,0.0,0.0,1.0,1.0,0.0,1.1671838760375977,,,,,,,,,,,,,,,,
1784021396.259,183136000,93,2,255,0,,,,,,,,,,,,,,,,,-0.20000000298023224,0.0,3.0214285850524902,2.4571428298950195,3.0214285850524902,2.4571428298950195,0.0,0.0,0.0,0.0,0.0,0.0,0.0,0.0,0.0,0.0
1784021396.315,183186000,98,1,0,0,10.0,25.0,10.0,25.0,9.22270679473877,25.288040161132812,-0.2880394458770752,34.62869644165039,43.906166076660156,0.0,0.0,0.0,1.0,1.0,0.0,-0.9980854988098145,,,,,,,,,,,,,,,,
1784021396.316,183196000,99,1,1,0,10.0,25.0,10.0,25.0,9.015864372253418,25.1353702545166,-0.13537108898162842,43.29952621459961,47.669551849365234,0.0,0.0,0.0,1.0,1.0,0.0,1.2501673698425293,,,,,,,,,,,,,,,,
1784021396.338,183206000,100,1,2,0,10.0,25.0,10.0,25.0,8.676465034484863,25.080120086669922,-0.08012056350708008,44.067115783691406,46.83324432373047,0.0,0.0,0.0,1.0,1.0,0.0,-1.242812156677246,,,,,,,,,,,,,,,,
1784021396.338,183216000,101,1,3,0,10.0,25.0,10.0,25.0,9.290497779846191,25.365245819091797,-0.36524534225463867,38.820396423339844,50.1784782409668,0.0,0.0,0.0,1.0,1.0,0.0,1.12960684299469,,,,,,,,,,,,,,,,
1784021396.353,183226000,102,2,255,0,,,,,,,,,,,,,,,,,-0.20000000298023224,0.0,3.0214285850524902,2.4571428298950195,3.0214285850524902,2.4571428298950195,0.0,0.0,0.0,0.0,0.0,0.0,0.0,0.0,0.0,0.0
1784021396.397,183276000,107,1,0,0,10.0,25.0,10.0,25.0,9.122598648071289,25.30931854248047,-0.30931830406188965,34.43100357055664,43.906166076660156,0.0,0.0,0.0,1.0,1.0,0.0,-0.9828088283538818,,,,,,,,,,,,,,,,
1784021396.412,183286000,108,1,1,0,10.0,25.0,10.0,25.0,8.960060119628906,25.206125259399414,-0.20612478256225586,40.67265319824219,47.669551849365234,0.0,0.0,0.0,1.0,1.0,0.0,1.1613324880599976,,,,,,,,,,,,,,,,
1784021396.417,183296000,109,1,2,0,10.0,25.0,10.0,25.0,8.597618103027344,25.134572982788086,-0.13457238674163818,42.48442077636719,46.83324432373047,0.0,0.0,0.0,1.0,1.0,0.0,-1.1885292530059814,,,,,,,,,,,,,,,,
1784021396.432,183306000,110,1,3,0,10.0,25.0,10.0,25.0,9.196481704711914,25.399961471557617,-0.39996206760406494,37.79106521606445,50.1784782409668,0.0,0.0,0.0,1.0,1.0,0.0,1.0879145860671997,,,,,,,,,,,,,,,,
1784021396.437,183316000,111,2,255,0,,,,,,,,,,,,,,,,,-0.20000000298023224,0.0,3.0214285850524902,2.4571428298950195,3.0214285850524902,2.4571428298950195,0.0,0.0,0.0,0.0,0.0,0.0,0.0,0.0,0.0,0.0
1784021396.497,183366000,116,1,0,0,10.0,25.0,10.0,25.0,9.051397323608398,25.308879852294922,-0.3088802099227905,34.540164947509766,43.906166076660156,0.0,0.0,0.0,1.0,1.0,0.0,-0.9813944697380066,,,,,,,,,,,,,,,,
1784021396.541,183376000,117,1,1,0,10.0,25.0,10.0,25.0,8.921972274780273,25.248638153076172,-0.24863779544830322,39.95748519897461,47.669551849365234,0.0,0.0,0.0,1.0,1.0,0.0,1.1366662979125977,,,,,,,,,,,,,,,,
1784021396.543,183386000,118,1,2,0,10.0,25.0,10.0,25.0,8.54720401763916,25.180017471313477,-0.18001794815063477,40.748992919921875,46.83324432373047,0.0,0.0,0.0,1.0,1.0,0.0,-1.1291447877883911,,,,,,,,,,,,,,,,
1784021396.544,183396000,119,1,3,0,10.0,25.0,10.0,25.0,9.10594654083252,25.416391372680664,-0.41639208793640137,37.03815460205078,50.1784782409668,0.0,0.0,0.0,1.0,1.0,0.0,1.057214617729187,,,,,,,,,,,,,,,,
1784021396.545,183406000,120,2,255,0,,,,,,,,,,,,,,,,,-0.20000000298023224,0.0,3.0214285850524902,2.4571428298950195,3.0214285850524902,2.4571428298950195,0.0,0.0,0.0,0.0,0.0,0.0,0.0,0.0,0.0,0.0
1784021396.578,183456000,125,1,0,0,10.0,25.0,10.0,25.0,9.019824981689453,25.30680274963379,-0.30680298805236816,34.56961441040039,43.906166076660156,0.0,0.0,0.0,1.0,1.0,0.0,-0.9802601337432861,,,,,,,,,,,,,,,,
1784021396.598,183466000,126,1,1,0,10.0,25.0,10.0,25.0,8.908272743225098,25.26201629638672,-0.26201605796813965,39.654380798339844,47.669551849365234,0.0,0.0,0.0,1.0,1.0,0.0,1.126293659210205,,,,,,,,,,,,,,,,
1784021396.599,183476000,127,1,2,0,10.0,25.0,10.0,25.0,8.523808479309082,25.189472198486328,-0.18947124481201172,41.068763732910156,46.83324432373047,0.0,0.0,0.0,1.0,1.0,0.0,-1.137852430343628,,,,,,,,,,,,,,,,
1784021396.618,183486000,128,1,3,0,10.0,25.0,10.0,25.0,9.09548282623291,25.41681480407715,-0.41681528091430664,37.366310119628906,50.1784782409668,0.0,0.0,0.0,1.0,1.0,0.0,1.0685456991195679,,,,,,,,,,,,,,,,
1784021396.619,183496000,129,2,255,0,,,,,,,,,,,,,,,,,-0.20000000298023224,0.0,3.0214285850524902,2.4571428298950195,3.0214285850524902,2.4571428298950195,0.0,0.0,0.0,0.0,0.0,0.0,0.0,0.0,0.0,0.0
1784021396.672,183546000,134,1,0,0,10.0,25.0,10.0,25.0,9.018000602722168,25.304136276245117,-0.30413568019866943,34.621826171875,43.906166076660156,0.0,0.0,0.0,1.0,1.0,0.0,-0.9823259115219116,,,,,,,,,,,,,,,,
1784021396.678,183556000,135,1,1,0,10.0,25.0,10.0,25.0,8.914022445678711,25.26045799255371,-0.2604573965072632,39.72385025024414,47.669551849365234,0.0,0.0,0.0,1.0,1.0,0.0,1.1292543411254883,,,,,,,,,,,,,,,,
1784021396.692,183566000,136,1,2,0,10.0,25.0,10.0,25.0,8.529484748840332,25.183752059936523,-0.183752179145813,41.25589370727539,46.83324432373047,0.0,0.0,0.0,1.0,1.0,0.0,-1.144358515739441,,,,,,,,,,,,,,,,
1784021396.698,183576000,137,1,3,0,10.0,25.0,10.0,25.0,9.102836608886719,25.416152954101562,-0.4161536693572998,37.451229095458984,50.1784782409668,0.0,0.0,0.0,1.0,1.0,0.0,1.0720622539520264,,,,,,,,,,,,,,,,
1784021396.712,183586000,138,2,255,0,,,,,,,,,,,,,,,,,-0.20000000298023224,0.0,3.0214285850524902,2.4571428298950195,3.0214285850524902,2.4571428298950195,0.0,0.0,0.0,0.0,0.0,0.0,0.0,0.0,0.0,0.0
1784021396.756,183636000,143,1,0,0,10.0,25.0,10.0,25.0,9.019502639770508,25.304975509643555,-0.30497610569000244,34.55859375,43.906166076660156,0.0,0.0,0.0,1.0,1.0,0.0,-0.9806050658226013,,,,,,,,,,,,,,,,
1784021396.772,183646000,144,1,1,0,10.0,25.0,10.0,25.0,8.91817855834961,25.258563995361328,-0.25856494903564453,39.798622131347656,47.669551849365234,0.0,0.0,0.0,1.0,1.0,0.0,1.131726861000061,,,,,,,,,,,,,,,,
1784021396.780,183656000,145,1,2,0,10.0,25.0,10.0,25.0,8.533456802368164,25.181934356689453,-0.18193423748016357,41.30649185180664,46.83324432373047,0.0,0.0,0.0,1.0,1.0,0.0,-1.146437406539917,,,,,,,,,,,,,,,,
1784021396.791,183666000,146,1,3,0,10.0,25.0,10.0,25.0,9.105794906616211,25.412744522094727,-0.41274428367614746,37.57315444946289,50.1784782409668,0.0,0.0,0.0,1.0,1.0,0.0,1.0756281614303589,,,,,,,,,,,,,,,,
1784021396.800,183676000,147,2,255,0,,,,,,,,,,,,,,,,,-0.20000000298023224,0.0,3.0214285850524902,2.4571428298950195,3.0214285850524902,2.4571428298950195,0.0,0.0,0.0,0.0,0.0,0.0,0.0,0.0,0.0,0.0
1784021396.852,183726000,152,1,0,0,10.0,25.0,10.0,25.0,9.015748977661133,25.304988861083984,-0.3049880266189575,34.819114685058594,43.906166076660156,0.0,0.0,0.0,1.0,1.0,0.0,-0.9882746934890747,,,,,,,,,,,,,,,,
1784021396.856,183736000,153,1,1,0,10.0,25.0,10.0,25.0,8.916961669921875,25.259368896484375,-0.2593696117401123,39.62360763549805,47.669551849365234,0.0,0.0,0.0,1.0,1.0,0.0,1.1263669729232788,,,,,,,,,,,,,,,,
1784021396.872,183746000,154,1,2,0,10.0,25.0,10.0,25.0,8.5308198928833,25.18325424194336,-0.18325448036193848,41.30030059814453,46.83324432373047,0.0,0.0,0.0,1.0,1.0,0.0,-1.146235466003418,,,,,,,,,,,,,,,,
1784021396.877,183756000,155,1,3,0,10.0,25.0,10.0,25.0,9.102356910705566,25.414539337158203,-0.4145383834838867,37.40867614746094,50.1784782409668,0.0,0.0,0.0,1.0,1.0,0.0,1.0702576637268066,,,,,,,,,,,,,,,,
1784021396.891,183766000,156,2,255,0,,,,,,,,,,,,,,,,,-0.20000000298023224,0.0,3.0214285850524902,2.4571428298950195,3.0214285850524902,2.4571428298950195,0.0,0.0,0.0,0.0,0.0,0.0,0.0,0.0,0.0,0.0
1784021396.935,183816000,161,1,0,0,10.0,25.0,10.0,25.0,9.013136863708496,25.303977966308594,-0.30397772789001465,34.648414611816406,43.906166076660156,0.0,0.0,0.0,1.0,1.0,0.0,-0.9826459288597107,,,,,,,,,,,,,,,,
1784021396.951,183826000,162,1,1,0,10.0,25.0,10.0,25.0,8.915337562561035,25.26045799255371,-0.2604573965072632,39.711299896240234,47.669551849365234,0.0,0.0,0.0,1.0,1.0,0.0,1.1287305355072021,,,,,,,,,,,,,,,,
1784021396.957,183836000,163,1,2,0,10.0,25.0,10.0,25.0,8.528177261352539,25.183626174926758,-0.18362700939178467,41.17157745361328,46.83324432373047,0.0,0.0,0.0,1.0,1.0,0.0,-1.1416109800338745,,,,,,,,,,,,,,,,
1784021396.970,183846000,164,1,3,0,10.0,25.0,10.0,25.0,9.10340404510498,25.414932250976562,-0.4149317741394043,37.54497146606445,50.1784782409668,0.0,0.0,0.0,1.0,1.0,0.0,1.0749666690826416,,,,,,,,,,,,,,,,
1784021396.975,183856000,165,2,255,0,,,,,,,,,,,,,,,,,-0.20000000298023224,0.0,3.0214285850524902,2.4571428298950195,3.0214285850524902,2.4571428298950195,0.0,0.0,0.0,0.0,0.0,0.0,0.0,0.0,0.0,0.0
1784021397.030,183906000,170,1,0,0,10.0,25.0,10.0,25.0,9.015486717224121,25.305500030517578,-0.3055006265640259,34.72321319580078,43.906166076660156,0.0,0.0,0.0,1.0,1.0,0.0,-0.9853134155273438,,,,,,,,,,,,,,,,
1784021397.059,183916000,171,1,1,0,10.0,25.0,10.0,25.0,8.917084693908691,25.259376525878906,-0.25937557220458984,39.76382064819336,47.669551849365234,0.0,0.0,0.0,1.0,1.0,0.0,1.130622148513794,,,,,,,,,,,,,,,,
1784021397.060,183926000,172,1,2,0,10.0,25.0,10.0,25.0,8.531686782836914,25.182918548583984,-0.18291771411895752,41.220096588134766,46.83324432373047,0.0,0.0,0.0,1.0,1.0,0.0,-1.143416404724121,,,,,,,,,,,,,,,,
1784021397.060,183936000,173,1,3,0,10.0,25.0,10.0,25.0,9.103391647338867,25.414871215820312,-0.4148721694946289,37.81975555419922,50.1784782409668,0.0,0.0,0.0,1.0,1.0,0.0,1.084024429321289,,,,,,,,,,,,,,,,
1784021397.070,183946000,174,2,255,0,,,,,,,,,,,,,,,,,-0.20000000298023224,0.0,3.0214285850524902,2.4571428298950195,3.0214285850524902,2.4571428298950195,0.0,0.0,0.0,0.0,0.0,0.0,0.0,0.0,0.0,0.0
1784021397.114,183996000,179,1,0,0,10.0,25.0,10.0,25.0,9.01425838470459,25.304096221923828,-0.30409693717956543,34.677757263183594,43.906166076660156,0.0,0.0,0.0,1.0,1.0,0.0,-0.9837613701820374,,,,,,,,,,,,,,,,
1784021397.131,184006000,180,1,1,0,10.0,25.0,10.0,25.0,8.916069984436035,25.26012420654297,-0.260123610496521,39.694637298583984,47.669551849365234,0.0,0.0,0.0,1.0,1.0,0.0,1.1282830238342285,,,,,,,,,,,,,,,,
1784021397.136,184016000,181,1,2,0,10.0,25.0,10.0,25.0,8.528254508972168,25.1835994720459,-0.18360018730163574,41.22195816040039,46.83324432373047,0.0,0.0,0.0,1.0,1.0,0.0,-1.1430563926696777,,,,,,,,,,,,,,,,
1784021397.150,184026000,182,1,3,0,10.0,25.0,10.0,25.0,9.102394104003906,25.414478302001953,-0.41447877883911133,37.608673095703125,50.1784782409668,0.0,0.0,0.0,1.0,1.0,0.0,1.0769282579421997,,,,,,,,,,,,,,,,
1784021397.156,184036000,183,2,255,0,,,,,,,,,,,,,,,,,-0.20000000298023224,0.0,3.0214285850524902,2.4571428298950195,3.0214285850524902,2.4571428298950195,0.0,0.0,0.0,0.0,0.0,0.0,0.0,0.0,0.0,0.0
1784021397.210,184086000,188,1,0,0,10.0,25.0,10.0,25.0,9.012972831726074,25.305492401123047,-0.30549168586730957,34.57506561279297,43.906166076660156,0.0,0.0,0.0,1.0,1.0,0.0,-0.9805374145507812,,,,,,,,,,,,,,,,
1784021397.216,184096000,189,1,1,0,10.0,25.0,10.0,25.0,8.916817665100098,25.25990867614746,-0.2599090337753296,39.723297119140625,47.669551849365234,0.0,0.0,0.0,1.0,1.0,0.0,1.1292898654937744,,,,,,,,,,,,,,,,
1784021397.230,184106000,190,1,2,0,10.0,25.0,10.0,25.0,8.529668807983398,25.18317413330078,-0.1831740140914917,41.26202392578125,46.83324432373047,0.0,0.0,0.0,1.0,1.0,0.0,-1.1446903944015503,,,,,,,,,,,,,,,,
1784021397.237,184116000,191,1,3,0,10.0,25.0,10.0,25.0,9.104196548461914,25.413406372070312,-0.4134058952331543,37.723167419433594,50.1784782409668,0.0,0.0,0.0,1.0,1.0,0.0,1.0805768966674805,,,,,,,,,,,,,,,,
1784021397.250,184126000,192,2,255,0,,,,,,,,,,,,,,,,,-0.20000000298023224,0.0,3.0214285850524902,2.4571428298950195,3.0214285850524902,2.4571428298950195,0.0,0.0,0.0,0.0,0.0,0.0,0.0,0.0,0.0,0.0
1784021397.297,184176000,197,1,0,0,10.0,25.0,10.0,25.0,9.015389442443848,25.30459213256836,-0.30459165573120117,34.6121826171875,43.906166076660156,0.0,0.0,0.0,1.0,1.0,0.0,-0.9817137122154236,,,,,,,,,,,,,,,,
1784021397.310,184186000,198,1,1,0,10.0,25.0,10.0,25.0,8.91700267791748,25.259414672851562,-0.25941431522369385,39.67322540283203,47.669551849365234,0.0,0.0,0.0,1.0,1.0,0.0,1.1277750730514526,,,,,,,,,,,,,,,,
1784021397.314,184196000,199,1,2,0,10.0,25.0,10.0,25.0,8.531585693359375,25.18204116821289,-0.18204152584075928,41.4647216796875,46.83324432373047,0.0,0.0,0.0,1.0,1.0,0.0,-1.1504309177398682,,,,,,,,,,,,,,,,
1784021397.330,184206000,200,1,3,0,10.0,25.0,10.0,25.0,9.102566719055176,25.415355682373047,-0.41535496711730957,37.134490966796875,50.1784782409668,0.0,0.0,0.0,1.0,1.0,0.0,1.0615814924240112,,,,,,,,,,,,,,,,
1784021397.331,184216000,201,2,255,0,,,,,,,,,,,,,,,,,-0.20000000298023224,0.0,3.0214285850524902,2.4571428298950195,3.0214285850524902,2.4571428298950195,0.0,0.0,0.0,0.0,0.0,0.0,0.0,0.0,0.0,0.0
1784021397.389,184266000,206,1,0,0,10.0,25.0,10.0,25.0,9.01301383972168,25.304094314575195,-0.30409395694732666,34.64494323730469,43.906166076660156,0.0,0.0,0.0,1.0,1.0,0.0,-0.9826342463493347,,,,,,,,,,,,,,,,
1784021397.398,184276000,207,1,1,0,10.0,25.0,10.0,25.0,8.916366577148438,25.259674072265625,-0.2596735954284668,39.756107330322266,47.669551849365234,0.0,0.0,0.0,1.0,1.0,0.0,1.130165457725525,,,,,,,,,,,,,,,,
1784021397.410,184286000,208,1,2,0,10.0,25.0,10.0,25.0,8.527314186096191,25.183969497680664,-0.18396973609924316,41.18653106689453,46.83324432373047,0.0,0.0,0.0,1.0,1.0,0.0,-1.1419097185134888,,,,,,,,,,,,,,,,
1784021397.417,184296000,209,1,3,0,10.0,25.0,10.0,25.0,9.103180885314941,25.414159774780273,-0.414159893989563,37.55243682861328,50.1784782409668,0.0,0.0,0.0,1.0,1.0,0.0,1.0749064683914185,,,,,,,,,,,,,,,,
1784021397.430,184306000,210,2,255,0,,,,,,,,,,,,,,,,,-0.20000000298023224,0.0,3.0214285850524902,2.4571428298950195,3.0214285850524902,2.4571428298950195,0.0,0.0,0.0,0.0,0.0,0.0,0.0,0.0,0.0,0.0
1784021397.474,184356000,215,1,0,0,10.0,25.0,10.0,25.0,9.015247344970703,25.30596923828125,-0.3059685230255127,34.546142578125,43.906166076660156,0.0,0.0,0.0,1.0,1.0,0.0,-0.9799829125404358,,,,,,,,,,,,,,,,
1784021397.492,184366000,216,1,1,0,10.0,25.0,10.0,25.0,8.91708755493164,25.259368896484375,-0.2593696117401123,39.74600601196289,47.669551849365234,0.0,0.0,0.0,1.0,1.0,0.0,1.1300104856491089,,,,,,,,,,,,,,,,
1784021397.498,184376000,217,1,2,0,10.0,25.0,10.0,25.0,8.531756401062012,25.182891845703125,-0.1828908920288086,41.21662521362305,46.83324432373047,0.0,0.0,0.0,1.0,1.0,0.0,-1.1433618068695068,,,,,,,,,,,,,,,,
1784021397.509,184386000,218,1,3,0,10.0,25.0,10.0,25.0,9.104122161865234,25.412443161010742,-0.41244328022003174,37.618186950683594,50.1784782409668,0.0,0.0,0.0,1.0,1.0,0.0,1.0770715475082397,,,,,,,,,,,,,,,,
1784021397.518,184396000,219,2,255,0,,,,,,,,,,,,,,,,,-0.20000000298023224,0.0,3.0214285850524902,2.4571428298950195,3.0214285850524902,2.4571428298950195,0.0,0.0,0.0,0.0,0.0,0.0,0.0,0.0,0.0,0.0
1784021397.569,184446000,224,1,0,0,10.0,25.0,10.0,25.0,9.015445709228516,25.304100036621094,-0.3040999174118042,34.66172409057617,43.906166076660156,0.0,0.0,0.0,1.0,1.0,0.0,-0.9834706783294678,,,,,,,,,,,,,,,,
1784021397.593,184456000,225,1,1,0,10.0,25.0,10.0,25.0,8.917098045349121,25.259458541870117,-0.2594590187072754,39.786869049072266,47.669551849365234,0.0,0.0,0.0,1.0,1.0,0.0,1.1312997341156006,,,,,,,,,,,,,,,,
1784021397.595,184466000,226,1,2,0,10.0,25.0,10.0,25.0,8.53101921081543,25.181806564331055,-0.18180608749389648,41.33193588256836,46.83324432373047,0.0,0.0,0.0,1.0,1.0,0.0,-1.1468371152877808,,,,,,,,,,,,,,,,
1784021397.595,184476000,227,1,3,0,10.0,25.0,10.0,25.0,9.101436614990234,25.415241241455078,-0.41524171829223633,37.510189056396484,50.1784782409668,0.0,0.0,0.0,1.0,1.0,0.0,1.0734796524047852,,,,,,,,,,,,,,,,
1784021397.610,184486000,228,2,255,0,,,,,,,,,,,,,,,,,-0.20000000298023224,0.0,3.0214285850524902,2.4571428298950195,3.0214285850524902,2.4571428298950195,0.0,0.0,0.0,0.0,0.0,0.0,0.0,0.0,0.0,0.0
1784021397.657,184536000,233,1,0,0,10.0,25.0,10.0,25.0,9.013010025024414,25.305431365966797,-0.3054320812225342,34.55463409423828,43.906166076660156,0.0,0.0,0.0,1.0,1.0,0.0,-0.9799129366874695,,,,,,,,,,,,,,,,
1784021397.669,184546000,234,1,1,0,10.0,25.0,10.0,25.0,8.91702938079834,25.259479522705078,-0.2594798803329468,39.79790115356445,47.669551849365234,0.0,0.0,0.0,1.0,1.0,0.0,1.1317452192306519,,,,,,,,,,,,,,,,
1784021397.677,184556000,235,1,2,0,10.0,25.0,10.0,25.0,8.528155326843262,25.18368148803711,-0.18368065357208252,41.230865478515625,46.83324432373047,0.0,0.0,0.0,1.0,1.0,0.0,-1.1434184312820435,,,,,,,,,,,,,,,,
1784021397.689,184566000,236,1,3,0,10.0,25.0,10.0,25.0,9.103729248046875,25.413108825683594,-0.41310787200927734,37.69681930541992,50.1784782409668,0.0,0.0,0.0,1.0,1.0,0.0,1.079633116722107,,,,,,,,,,,,,,,,
1784021397.699,184576000,237,2,255,0,,,,,,,,,,,,,,,,,-0.20000000298023224,0.0,3.0214285850524902,2.4571428298950195,3.0214285850524902,2.4571428298950195,0.0,0.0,0.0,0.0,0.0,0.0,0.0,0.0,0.0,0.0
1784021397.749,184626000,242,1,0,0,10.0,25.0,10.0,25.0,9.015437126159668,25.30547332763672,-0.30547380447387695,34.55356979370117,43.906166076660156,0.0,0.0,0.0,1.0,1.0,0.0,-0.9801124930381775,,,,,,,,,,,,,,,,
1784021397.758,184636000,243,1,1,0,10.0,25.0,10.0,25.0,8.916461944580078,25.259601593017578,-0.25960206985473633,39.748775482177734,47.669551849365234,0.0,0.0,0.0,1.0,1.0,0.0,1.1298842430114746,,,,,,,,,,,,,,,,
1784021397.769,184646000,244,1,2,0,10.0,25.0,10.0,25.0,8.53087043762207,25.183279037475586,-0.18327832221984863,41.22091293334961,46.83324432373047,0.0,0.0,0.0,1.0,1.0,0.0,-1.143350601196289,,,,,,,,,,,,,,,,
1784021397.778,184656000,245,1,3,0,10.0,25.0,10.0,25.0,9.1034574508667,25.413625717163086,-0.41362643241882324,37.54841995239258,50.1784782409668,0.0,0.0,0.0,1.0,1.0,0.0,1.0748978853225708,,,,,,,,,,,,,,,,
1784021397.789,184666000,246,2,255,0,,,,,,,,,,,,,,,,,-0.20000000298023224,0.0,3.0214285850524902,2.4571428298950195,3.0214285850524902,2.4571428298950195,0.0,0.0,0.0,0.0,0.0,0.0,0.0,0.0,0.0,0.0
1784021397.838,184716000,251,1,0,0,10.0,25.0,10.0,25.0,9.013327598571777,25.303482055664062,-0.3034830093383789,34.74766540527344,43.906166076660156,0.0,0.0,0.0,1.0,1.0,0.0,-0.985925018787384,,,,,,,,,,,,,,,,
1784021397.852,184726000,252,1,1,0,10.0,25.0,10.0,25.0,8.917289733886719,25.258970260620117,-0.2589702606201172,39.88138198852539,47.669551849365234,0.0,0.0,0.0,1.0,1.0,0.0,1.1343040466308594,,,,,,,,,,,,,,,,
1784021397.853,184736000,253,1,2,0,10.0,25.0,10.0,25.0,8.52656078338623,25.18421173095703,-0.1842111349105835,41.1334342956543,46.83324432373047,0.0,0.0,0.0,1.0,1.0,0.0,-1.1401633024215698,,,,,,,,,,,,,,,,
1784021397.872,184746000,254,1,3,0,10.0,25.0,10.0,25.0,9.10167407989502,25.414783477783203,-0.4147827625274658,37.56407165527344,50.1784782409668,0.0,0.0,0.0,1.0,1.0,0.0,1.0750768184661865,,,,,,,,,,,,,,,,
1784021397.874,184756000,255,2,255,0,,,,,,,,,,,,,,,,,-0.20000000298023224,0.0,3.0214285850524902,2.4571428298950195,3.0214285850524902,2.4571428298950195,0.0,0.0,0.0,0.0,0.0,0.0,0.0,0.0,0.0,0.0
1784021397.928,184806000,4,1,0,0,10.0,25.0,10.0,25.0,9.014395713806152,25.306272506713867,-0.3062725067138672,34.488685607910156,43.906166076660156,0.0,0.0,0.0,1.0,1.0,0.0,-0.9781237840652466,,,,,,,,,,,,,,,,
1784021397.935,184816000,5,1,1,0,10.0,25.0,10.0,25.0,8.917620658874512,25.258329391479492,-0.25832951068878174,39.913856506347656,47.669551849365234,0.0,0.0,0.0,1.0,1.0,0.0,1.1354008913040161,,,,,,,,,,,,,,,,
1784021397.948,184826000,6,1,2,0,10.0,25.0,10.0,25.0,8.530475616455078,25.182937622070312,-0.1829385757446289,41.485321044921875,46.83324432373047,0.0,0.0,0.0,1.0,1.0,0.0,-1.1515543460845947,,,,,,,,,,,,,,,,
1784021397.953,184836000,7,1,3,0,10.0,25.0,10.0,25.0,9.103857040405273,25.4139461517334,-0.4139453172683716,37.14478302001953,50.1784782409668,0.0,0.0,0.0,1.0,1.0,0.0,1.0623091459274292,,,,,,,,,,,,,,,,
1784021397.968,184846000,8,2,255,0,,,,,,,,,,,,,,,,,-0.20000000298023224,0.0,3.0214285850524902,2.4571428298950195,3.0214285850524902,2.4571428298950195,0.0,0.0,0.0,0.0,0.0,0.0,0.0,0.0,0.0,0.0
1784021398.013,184896000,13,1,0,0,10.0,25.0,10.0,25.0,9.014808654785156,25.304365158081055,-0.3043651580810547,34.62238311767578,43.906166076660156,0.0,0.0,0.0,1.0,1.0,0.0,-0.9821360111236572,,,,,,,,,,,,,,,,
1784021398.028,184906000,14,1,1,0,10.0,25.0,10.0,25.0,8.916751861572266,25.260013580322266,-0.2600133419036865,39.82595443725586,47.669551849365234,0.0,0.0,0.0,1.0,1.0,0.0,1.1325476169586182,,,,,,,,,,,,,,,,
1784021398.037,184916000,15,1,2,0,10.0,25.0,10.0,25.0,8.528947830200195,25.183456420898438,-0.1834571361541748,41.234779357910156,46.83324432373047,0.0,0.0,0.0,1.0,1.0,0.0,-1.1435657739639282,,,,,,,,,,,,,,,,
1784021398.047,184926000,16,1,3,0,10.0,25.0,10.0,25.0,9.102267265319824,25.414615631103516,-0.4146158695220947,37.65605545043945,50.1784782409668,0.0,0.0,0.0,1.0,1.0,0.0,1.078328251838684,,,,,,,,,,,,,,,,
1784021398.055,184936000,17,2,255,0,,,,,,,,,,,,,,,,,-0.20000000298023224,0.0,3.0214285850524902,2.4571428298950195,3.0214285850524902,2.4571428298950195,0.0,0.0,0.0,0.0,0.0,0.0,0.0,0.0,0.0,0.0
1784021398.098,184986000,22,1,0,0,10.0,25.0,10.0,25.0,9.012510299682617,25.305185317993164,-0.3051847219467163,34.61341857910156,43.906166076660156,0.0,0.0,0.0,1.0,1.0,0.0,-0.9817503094673157,,,,,,,,,,,,,,,,
1784021398.117,184996000,23,1,1,0,10.0,25.0,10.0,25.0,8.916780471801758,25.25995635986328,-0.2599567174911499,39.76490020751953,47.669551849365234,0.0,0.0,0.0,1.0,1.0,0.0,1.130747675895691,,,,,,,,,,,,,,,,
1784021398.127,185006000,24,1,2,0,10.0,25.0,10.0,25.0,8.526487350463867,25.184673309326172,-0.18467307090759277,40.84215545654297,46.83324432373047,0.0,0.0,0.0,1.0,1.0,0.0,-1.130289077758789,,,,,,,,,,,,,,,,
1784021398.132,185016000,25,1,3,0,10.0,25.0,10.0,25.0,9.103392601013184,25.413734436035156,-0.41373372077941895,37.82392501831055,50.1784782409668,0.0,0.0,0.0,1.0,1.0,0.0,1.0838818550109863,,,,,,,,,,,,,,,,
1784021398.149,185026000,26,2,255,0,,,,,,,,,,,,,,,,,-0.20000000298023224,0.0,3.0214285850524902,2.4571428298950195,3.0214285850524902,2.4571428298950195,0.0,0.0,0.0,0.0,0.0,0.0,0.0,0.0,0.0,0.0
1784021398.192,185076000,31,1,0,0,10.0,25.0,10.0,25.0,9.016074180603027,25.304344177246094,-0.3043442964553833,34.64241027832031,43.906166076660156,0.0,0.0,0.0,1.0,1.0,0.0,-0.9828832149505615,,,,,,,,,,,,,,,,
1784021398.207,185086000,32,1,1,0,10.0,25.0,10.0,25.0,8.91756820678711,25.259641647338867,-0.25964081287384033,39.78961944580078,47.669551849365234,0.0,0.0,0.0,1.0,1.0,0.0,1.1315301656723022,,,,,,,,,,,,,,,,
1784021398.213,185096000,33,1,2,0,10.0,25.0,10.0,25.0,8.53414535522461,25.181686401367188,-0.1816868782043457,41.29485321044922,46.83324432373047,0.0,0.0,0.0,1.0,1.0,0.0,-1.1461502313613892,,,,,,,,,,,,,,,,
1784021398.227,185106000,34,1,3,0,10.0,25.0,10.0,25.0,9.102334022521973,25.41581153869629,-0.4158109426498413,37.426902770996094,50.1784782409668,0.0,0.0,0.0,1.0,1.0,0.0,1.0710734128952026,,,,,,,,,,,,,,,,
1784021398.234,185116000,35,2,255,0,,,,,,,,,,,,,,,,,-0.20000000298023224,0.0,3.0214285850524902,2.4571428298950195,3.0214285850524902,2.4571428298950195,0.0,0.0,0.0,0.0,0.0,0.0,0.0,0.0,0.0,0.0
1784021398.287,185166000,40,1,0,0,10.0,25.0,10.0,25.0,9.012950897216797,25.304460525512695,-0.3044605255126953,34.55411148071289,43.906166076660156,0.0,0.0,0.0,1.0,1.0,0.0,-0.9797412157058716,,,,,,,,,,,,,,,,
1784021398.291,185176000,41,1,1,0,10.0,25.0,10.0,25.0,8.916525840759277,25.260475158691406,-0.2604752779006958,39.68027877807617,47.669551849365234,0.0,0.0,0.0,1.0,1.0,0.0,1.1278808116912842,,,,,,,,,,,,,,,,
1784021398.308,185186000,42,1,2,0,10.0,25.0,10.0,25.0,8.527839660644531,25.18425941467285,-0.1842588186264038,41.098976135253906,46.83324432373047,0.0,0.0,0.0,1.0,1.0,0.0,-1.139252781867981,,,,,,,,,,,,,,,,
1784021398.312,185196000,43,1,3,0,10.0,25.0,10.0,25.0,9.102927207946777,25.414627075195312,-0.4146277904510498,37.58625793457031,50.1784782409668,0.0,0.0,0.0,1.0,1.0,0.0,1.076353669166565,,,,,,,,,,,,,,,,
1784021398.327,185206000,44,2,255,0,,,,,,,,,,,,,,,,,-0.20000000298023224,0.0,3.0214285850524902,2.4571428298950195,3.0214285850524902,2.4571428298950195,0.0,0.0,0.0,0.0,0.0,0.0,0.0,0.0,0.0,0.0
1784021398.371,185256000,49,1,0,0,10.0,25.0,10.0,25.0,9.013082504272461,25.305410385131836,-0.3054112195968628,34.60981750488281,43.906166076660156,0.0,0.0,0.0,1.0,1.0,0.0,-0.9815621376037598,,,,,,,,,,,,,,,,
1784021398.387,185266000,50,1,1,0,10.0,25.0,10.0,25.0,8.917133331298828,25.259403228759766,-0.25940239429473877,39.790130615234375,47.669551849365234,0.0,0.0,0.0,1.0,1.0,0.0,1.13132905960083,,,,,,,,,,,,,,,,
1784021398.392,185276000,51,1,2,0,10.0,25.0,10.0,25.0,8.530335426330566,25.182992935180664,-0.18299221992492676,41.18781661987305,46.83324432373047,0.0,0.0,0.0,1.0,1.0,0.0,-1.1418521404266357,,,,,,,,,,,,,,,,
1784021398.407,185286000,52,1,3,0,10.0,25.0,10.0,25.0,9.102680206298828,25.415225982666016,-0.4152268171310425,37.61848449707031,50.1784782409668,0.0,0.0,0.0,1.0,1.0,0.0,1.0771446228027344,,,,,,,,,,,,,,,,
1784021398.412,185296000,53,2,255,0,,,,,,,,,,,,,,,,,-0.20000000298023224,0.0,3.0214285850524902,2.4571428298950195,3.0214285850524902,2.4571428298950195,0.0,0.0,0.0,0.0,0.0,0.0,0.0,0.0,0.0,0.0
1784021398.468,185346000,58,1,0,0,10.0,25.0,10.0,25.0,9.015987396240234,25.30437469482422,-0.304374098777771,34.641632080078125,43.906166076660156,0.0,0.0,0.0,1.0,1.0,0.0,-0.9829388856887817,,,,,,,,,,,,,,,,
1784021398.471,185356000,59,1,1,0,10.0,25.0,10.0,25.0,8.916887283325195,25.259876251220703,-0.2598762512207031,39.700870513916016,47.669551849365234,0.0,0.0,0.0,1.0,1.0,0.0,1.1285239458084106,,,,,,,,,,,,,,,,
1784021398.487,185366000,60,1,2,0,10.0,25.0,10.0,25.0,8.530462265014648,25.182857513427734,-0.18285810947418213,41.19478225708008,46.83324432373047,0.0,0.0,0.0,1.0,1.0,0.0,-1.1423797607421875,,,,,,,,,,,,,,,,
1784021398.492,185376000,61,1,3,0,10.0,25.0,10.0,25.0,9.10348892211914,25.41455078125,-0.4145503044128418,37.501319885253906,50.1784782409668,0.0,0.0,0.0,1.0,1.0,0.0,1.0734704732894897,,,,,,,,,,,,,,,,
1784021398.506,185386000,62,2,255,0,,,,,,,,,,,,,,,,,-0.20000000298023224,0.0,3.0214285850524902,2.4571428298950195,3.0214285850524902,2.4571428298950195,0.0,0.0,0.0,0.0,0.0,0.0,0.0,0.0,0.0,0.0
1784021398.551,185436000,67,1,0,0,10.0,25.0,10.0,25.0,9.01283073425293,25.3045597076416,-0.3045588731765747,34.61708068847656,43.906166076660156,0.0,0.0,0.0,1.0,1.0,0.0,-0.981844961643219,,,,,,,,,,,,,,,,
1784021398.567,185446000,68,1,1,0,10.0,25.0,10.0,25.0,8.917771339416504,25.25913429260254,-0.2591341733932495,39.856998443603516,47.669551849365234,0.0,0.0,0.0,1.0,1.0,0.0,1.1336941719055176,,,,,,,,,,,,,,,,
1784021398.576,185456000,69,1,2,0,10.0,25.0,10.0,25.0,8.527793884277344,25.183374404907227,-0.18337368965148926,41.268516540527344,46.83324432373047,0.0,0.0,0.0,1.0,1.0,0.0,-1.1445982456207275,,,,,,,,,,,,,,,,
1784021398.587,185466000,70,1,3,0,10.0,25.0,10.0,25.0,9.1031494140625,25.41421127319336,-0.41421055793762207,37.8286247253418,50.1784782409668,0.0,0.0,0.0,1.0,1.0,0.0,1.0839329957962036,,,,,,,,,,,,,,,,
1784021398.590,185476000,71,2,255,0,,,,,,,,,,,,,,,,,-0.20000000298023224,0.0,3.0214285850524902,2.4571428298950195,3.0214285850524902,2.4571428298950195,0.0,0.0,0.0,0.0,0.0,0.0,0.0,0.0,0.0,0.0
1784021398.650,185526000,76,1,0,0,10.0,25.0,10.0,25.0,9.015231132507324,25.30597496032715,-0.30597448348999023,34.50508117675781,43.906166076660156,0.0,0.0,0.0,1.0,1.0,0.0,-0.9785466194152832,,,,,,,,,,,,,,,,
1784021398.683,185536000,77,1,1,0,10.0,25.0,10.0,25.0,8.918342590332031,25.25935173034668,-0.2593517303466797,39.74227523803711,47.669551849365234,0.0,0.0,0.0,1.0,1.0,0.0,1.130144715309143,,,,,,,,,,,,,,,,
1784021398.693,185546000,78,1,2,0,10.0,25.0,10.0,25.0,8.532455444335938,25.18265151977539,-0.18265247344970703,41.250980377197266,46.83324432373047,0.0,0.0,0.0,1.0,1.0,0.0,-1.1445589065551758,,,,,,,,,,,,,,,,
1784021398.694,185556000,79,1,3,0,10.0,25.0,10.0,25.0,9.10346794128418,25.413612365722656,-0.4136115312576294,37.535003662109375,50.1784782409668,0.0,0.0,0.0,1.0,1.0,0.0,1.0743259191513062,,,,,,,,,,,,,,,,
1784021398.696,185566000,80,2,255,0,,,,,,,,,,,,,,,,,-0.20000000298023224,0.0,3.0214285850524902,2.4571428298950195,3.0214285850524902,2.4571428298950195,0.0,0.0,0.0,0.0,0.0,0.0,0.0,0.0,0.0,0.0
1784021398.730,185616000,85,1,0,0,10.0,25.0,10.0,25.0,9.013632774353027,25.304231643676758,-0.30423104763031006,34.64519500732422,43.906166076660156,0.0,0.0,0.0,1.0,1.0,0.0,-0.9827413558959961,,,,,,,,,,,,,,,,
1784021398.748,185626000,86,1,1,0,10.0,25.0,10.0,25.0,8.916788101196289,25.25994873046875,-0.2599477767944336,39.726016998291016,47.669551849365234,0.0,0.0,0.0,1.0,1.0,0.0,1.1293604373931885,,,,,,,,,,,,,,,,
1784021398.755,185636000,87,1,2,0,10.0,25.0,10.0,25.0,8.527484893798828,25.183862686157227,-0.18386244773864746,41.16550827026367,46.83324432373047,0.0,0.0,0.0,1.0,1.0,0.0,-1.141176700592041,,,,,,,,,,,,,,,,
1784021398.767,185646000,88,1,3,0,10.0,25.0,10.0,25.0,9.101648330688477,25.416025161743164,-0.4160255193710327,37.06269454956055,50.1784782409668,0.0,0.0,0.0,1.0,1.0,0.0,1.0592185258865356,,,,,,,,,,,,,,,,
1784021398.772,185656000,89,2,255,0,,,,,,,,,,,,,,,,,-0.20000000298023224,0.0,3.0214285850524902,2.4571428298950195,3.0214285850524902,2.4571428298950195,0.0,0.0,0.0,0.0,0.0,0.0,0.0,0.0,0.0,0.0
1784021398.826,185706000,94,1,0,0,10.0,25.0,10.0,25.0,9.010943412780762,25.307029724121094,-0.30702948570251465,34.4724235534668,43.906166076660156,0.0,0.0,0.0,1.0,1.0,0.0,-0.9771943092346191,,,,,,,,,,,,,,,,
1784021398.830,185716000,95,1,1,0,10.0,25.0,10.0,25.0,8.91723346710205,25.260177612304688,-0.26017725467681885,39.7459602355957,47.669551849365234,0.0,0.0,0.0,1.0,1.0,0.0,1.1301480531692505,,,,,,,,,,,,,,,,
1784021398.847,185726000,96,1,2,0,10.0,25.0,10.0,25.0,8.528796195983887,25.183509826660156,-0.18351078033447266,41.12370681762695,46.83324432373047,0.0,0.0,0.0,1.0,1.0,0.0,-1.1399133205413818,,,,,,,,,,,,,,,,
1784021398.850,185736000,97,1,3,0,10.0,25.0,10.0,25.0,9.103981018066406,25.412487030029297,-0.4124879837036133,37.01087951660156,50.1784782409668,0.0,0.0,0.0,1.0,1.0,0.0,1.057350516319275,,,,,,,,,,,,,,,,
1784021398.866,185746000,98,2,255,0,,,,,,,,,,,,,,,,,-0.20000000298023224,0.0,3.0214285850524902,2.4571428298950195,3.0214285850524902,2.4571428298950195,0.0,0.0,0.0,0.0,0.0,0.0,0.0,0.0,0.0,0.0
1784021398.910,185796000,103,1,0,0,10.0,25.0,10.0,25.0,9.015582084655762,25.304096221923828,-0.30409693717956543,34.64002227783203,43.906166076660156,0.0,0.0,0.0,1.0,1.0,0.0,-0.9826327562332153,,,,,,,,,,,,,,,,
1784021398.925,185806000,104,1,1,0,10.0,25.0,10.0,25.0,8.917585372924805,25.259632110595703,-0.259631872177124,39.73716354370117,47.669551849365234,0.0,0.0,0.0,1.0,1.0,0.0,1.1297833919525146,,,,,,,,,,,,,,,,
1784021398.930,185816000,105,1,2,0,10.0,25.0,10.0,25.0,8.531557083129883,25.18206214904785,-0.18206238746643066,41.25246810913086,46.83324432373047,0.0,0.0,0.0,1.0,1.0,0.0,-1.1443251371383667,,,,,,,,,,,,,,,,
1784021398.946,185826000,106,1,3,0,10.0,25.0,10.0,25.0,9.102672576904297,25.415266036987305,-0.4152655601501465,37.52328872680664,50.1784782409668,0.0,0.0,0.0,1.0,1.0,0.0,1.07430100440979,,,,,,,,,,,,,,,,
1784021398.950,185836000,107,2,255,0,,,,,,,,,,,,,,,,,-0.20000000298023224,0.0,3.0214285850524902,2.4571428298950195,3.0214285850524902,2.4571428298950195,0.0,0.0,0.0,0.0,0.0,0.0,0.0,0.0,0.0,0.0
1784021399.006,185886000,112,1,0,0,10.0,25.0,10.0,25.0,9.01167106628418,25.30449104309082,-0.304490327835083,34.64794158935547,43.906166076660156,0.0,0.0,0.0,1.0,1.0,0.0,-0.9828484058380127,,,,,,,,,,,,,,,,
1784021399.010,185896000,113,1,1,0,10.0,25.0,10.0,25.0,8.916399955749512,25.260475158691406,-0.2604752779006958,39.56243133544922,47.669551849365234,0.0,0.0,0.0,1.0,1.0,0.0,1.1250882148742676,,,,,,,,,,,,,,,,
1784021399.027,185906000,114,1,2,0,10.0,25.0,10.0,25.0,8.525956153869629,25.184383392333984,-0.18438398838043213,41.02212905883789,46.83324432373047,0.0,0.0,0.0,1.0,1.0,0.0,-1.1364524364471436,,,,,,,,,,,,,,,,
1784021399.029,185916000,115,1,3,0,10.0,25.0,10.0,25.0,9.102157592773438,25.413719177246094,-0.4137188196182251,37.618473052978516,50.1784782409668,0.0,0.0,0.0,1.0,1.0,0.0,1.0766969919204712,,,,,,,,,,,,,,,,
1784021399.047,185926000,116,2,255,0,,,,,,,,,,,,,,,,,-0.20000000298023224,0.0,3.0214285850524902,2.4571428298950195,3.0214285850524902,2.4571428298950195,0.0,0.0,0.0,0.0,0.0,0.0,0.0,0.0,0.0,0.0
1784021399.089,185976000,121,1,0,0,10.0,25.0,10.0,25.0,9.014357566833496,25.30500602722168,-0.30500590801239014,34.934242248535156,43.906166076660156,0.0,0.0,0.0,1.0,1.0,0.0,-0.9928608536720276,,,,,,,,,,,,,,,,
1784021399.107,185986000,122,1,1,0,10.0,25.0,10.0,25.0,8.91757869720459,25.259632110595703,-0.259631872177124,39.8286247253418,47.669551849365234,0.0,0.0,0.0,1.0,1.0,0.0,1.1325442790985107,,,,,,,,,,,,,,,,
1784021399.109,185996000,123,1,2,0,10.0,25.0,10.0,25.0,8.530462265014648,25.182857513427734,-0.18285810947418213,41.25362014770508,46.83324432373047,0.0,0.0,0.0,1.0,1.0,0.0,-1.1444340944290161,,,,,,,,,,,,,,,,
1784021399.127,186006000,124,1,3,0,10.0,25.0,10.0,25.0,9.10302734375,25.413352966308594,-0.41335225105285645,37.535728454589844,50.1784782409668,0.0,0.0,0.0,1.0,1.0,0.0,1.0742112398147583,,,,,,,,,,,,,,,,
1784021399.129,186016000,125,2,255,0,,,,,,,,,,,,,,,,,-0.20000000298023224,0.0,3.0214285850524902,2.4571428298950195,3.0214285850524902,2.4571428298950195,0.0,0.0,0.0,0.0,0.0,0.0,0.0,0.0,0.0,0.0
1784021399.186,186066000,130,1,0,0,10.0,25.0,10.0,25.0,9.010893821716309,25.302356719970703,-0.302356481552124,34.66028594970703,43.906166076660156,0.0,0.0,0.0,1.0,1.0,0.0,-0.9827176332473755,,,,,,,,,,,,,,,,
1784021399.212,186076000,131,1,1,0,10.0,25.0,10.0,25.0,8.917730331420898,25.260555267333984,-0.2605557441711426,39.65803146362305,47.669551849365234,0.0,0.0,0.0,1.0,1.0,0.0,1.1273585557937622,,,,,,,,,,,,,,,,
1784021399.212,186086000,132,1,2,0,10.0,25.0,10.0,25.0,8.525891304016113,25.18212127685547,-0.18212199211120605,41.38349914550781,46.83324432373047,0.0,0.0,0.0,1.0,1.0,0.0,-1.1475712060928345,,,,,,,,,,,,,,,,
1784021399.221,186096000,133,1,3,0,10.0,25.0,10.0,25.0,9.102209091186523,25.413612365722656,-0.4136115312576294,37.46883773803711,50.1784782409668,0.0,0.0,0.0,1.0,1.0,0.0,1.07209050655365,,,,,,,,,,,,,,,,
1784021399.228,186106000,134,2,255,0,,,,,,,,,,,,,,,,,-0.20000000298023224,0.0,3.0214285850524902,2.4571428298950195,3.0214285850524902,2.4571428298950195,0.0,0.0,0.0,0.0,0.0,0.0,0.0,0.0,0.0,0.0
1784021399.288,186156000,139,1,0,0,10.0,25.0,10.0,25.0,9.009481430053711,25.29631805419922,-0.29631853103637695,34.984066009521484,43.906166076660156,0.0,0.0,0.0,1.0,1.0,0.0,-0.9930800795555115,,,,,,,,,,,,,,,,
1784021399.289,186166000,140,1,1,0,10.0,25.0,10.0,25.0,8.918713569641113,25.259748458862305,-0.25974810123443604,39.76719284057617,47.669551849365234,0.0,0.0,0.0,1.0,1.0,0.0,1.130987524986267,,,,,,,,,,,,,,,,
1784021399.289,186176000,141,1,2,0,10.0,25.0,10.0,25.0,8.524430274963379,25.17639923095703,-0.17639994621276855,41.49677658081055,46.83324432373047,0.0,0.0,0.0,1.0,1.0,0.0,-1.1514159440994263,,,,,,,,,,,,,,,,
1784021399.313,186186000,142,1,3,0,10.0,25.0,10.0,25.0,9.10616397857666,25.410682678222656,-0.41068196296691895,37.88359832763672,50.1784782409668,0.0,0.0,0.0,1.0,1.0,0.0,1.085717797279358,,,,,,,,,,,,,,,,
1784021399.314,186196000,143,2,255,0,,,,,,,,,,,,,,,,,-0.20000000298023224,0.0,3.0214285850524902,2.4571428298950195,3.0214285850524902,2.4571428298950195,0.0,0.0,0.0,0.0,0.0,0.0,0.0,0.0,0.0,0.0
1784021399.365,186246000,148,1,0,0,10.0,25.0,10.0,25.0,9.012540817260742,25.29660415649414,-0.29660463333129883,34.807552337646484,43.906166076660156,0.0,0.0,0.0,1.0,1.0,0.0,-0.9875062108039856,,,,,,,,,,,,,,,,
1784021399.369,186256000,149,1,1,0,10.0,25.0,10.0,25.0,8.920035362243652,25.25971221923828,-0.2597123384475708,39.722511291503906,47.669551849365234,0.0,0.0,0.0,1.0,1.0,0.0,1.1295881271362305,,,,,,,,,,,,,,,,
1784021399.376,186266000,150,1,2,0,10.0,25.0,10.0,25.0,8.52485466003418,25.175819396972656,-0.1758188009262085,41.496360778808594,46.83324432373047,0.0,0.0,0.0,1.0,1.0,0.0,-1.151199221611023,,,,,,,,,,,,,,,,
1784021399.388,186276000,151,1,3,0,10.0,25.0,10.0,25.0,9.103813171386719,25.417692184448242,-0.4176914691925049,37.41187286376953,50.1784782409668,0.0,0.0,0.0,1.0,1.0,0.0,1.0707011222839355,,,,,,,,,,,,,,,,
1784021399.406,186286000,152,2,255,0,,,,,,,,,,,,,,,,,-0.20000000298023224,0.0,3.0214285850524902,2.4571428298950195,3.0214285850524902,2.4571428298950195,0.0,0.0,0.0,0.0,0.0,0.0,0.0,0.0,0.0,0.0
1784021399.449,186336000,157,1,0,0,10.0,25.0,10.0,25.0,9.002115249633789,25.28185272216797,-0.28185248374938965,35.7004508972168,43.906166076660156,0.0,0.0,0.0,1.0,1.0,0.0,-1.0140008926391602,,,,,,,,,,,,,,,,
1784021399.465,186346000,158,1,1,0,10.0,25.0,10.0,25.0,8.917160034179688,25.264089584350586,-0.26409029960632324,39.603580474853516,47.669551849365234,0.0,0.0,0.0,1.0,1.0,0.0,1.1257275342941284,,,,,,,,,,,,,,,,
1784021399.468,186356000,159,1,2,0,10.0,25.0,10.0,25.0,8.50212574005127,25.164941787719727,-0.1649409532546997,41.92253112792969,46.83324432373047,0.0,0.0,0.0,1.0,1.0,0.0,-1.161675214767456,,,,,,,,,,,,,,,,
1784021399.485,186366000,160,1,3,0,10.0,25.0,10.0,25.0,9.092499732971191,25.411808013916016,-0.41180849075317383,37.424747467041016,50.1784782409668,0.0,0.0,0.0,1.0,1.0,0.0,1.070223093032837,,,,,,,,,,,,,,,,
1784021399.488,186376000,161,2,255,0,,,,,,,,,,,,,,,,,-0.20000000298023224,0.0,3.0214285850524902,2.4571428298950195,3.0214285850524902,2.4571428298950195,0.0,0.0,0.0,0.0,0.0,0.0,0.0,0.0,0.0,0.0
1784021399.546,186426000,166,1,0,0,10.0,25.0,10.0,25.0,8.9658203125,25.25212860107422,-0.25212764739990234,36.437095642089844,43.906166076660156,0.0,0.0,0.0,1.0,1.0,0.0,-1.0334978103637695,,,,,,,,,,,,,,,,
1784021399.548,186436000,167,1,1,0,10.0,25.0,10.0,25.0,8.907173156738281,25.287038803100586,-0.28703808784484863,38.65709686279297,47.669551849365234,0.0,0.0,0.0,1.0,1.0,0.0,1.0952861309051514,,,,,,,,,,,,,,,,
1784021399.564,186446000,168,1,2,0,10.0,25.0,10.0,25.0,8.46303653717041,25.155792236328125,-0.15579164028167725,42.22840118408203,46.83324432373047,0.0,0.0,0.0,1.0,1.0,0.0,-1.168565034866333,,,,,,,,,,,,,,,,
1784021399.568,186456000,169,1,3,0,10.0,25.0,10.0,25.0,9.075300216674805,25.423166275024414,-0.4231661558151245,37.015350341796875,50.1784782409668,0.0,0.0,0.0,1.0,1.0,0.0,1.0559206008911133,,,,,,,,,,,,,,,,
1784021399.586,186466000,170,2,255,0,,,,,,,,,,,,,,,,,-0.20000000298023224,0.0,3.0214285850524902,2.4571428298950195,3.0214285850524902,2.4571428298950195,0.0,0.0,0.0,0.0,0.0,0.0,0.0,0.0,0.0,0.0
1784021399.628,186516000,175,1,0,0,10.0,25.0,10.0,25.0,8.991007804870605,25.241649627685547,-0.24164915084838867,36.54071807861328,43.906166076660156,0.0,0.0,0.0,1.0,1.0,0.0,-1.0409234762191772,,,,,,,,,,,,,,,,
1784021399.645,186526000,176,1,1,0,10.0,25.0,10.0,25.0,8.912385940551758,25.284313201904297,-0.2843141555786133,39.2804069519043,47.669551849365234,0.0,0.0,0.0,1.0,1.0,0.0,1.1155797243118286,,,,,,,,,,,,,,,,
1784021399.648,186536000,177,1,2,0,10.0,25.0,10.0,25.0,8.540217399597168,25.12551498413086,-0.12551546096801758,43.90464401245117,46.83324432373047,0.0,0.0,0.0,1.0,1.0,0.0,-1.2307087182998657,,,,,,,,,,,,,,,,
1784021399.665,186546000,178,1,3,0,10.0,25.0,10.0,25.0,9.117169380187988,25.423303604125977,-0.4233032464981079,37.76597595214844,50.1784782409668,0.0,0.0,0.0,1.0,1.0,0.0,1.084779977798462,,,,,,,,,,,,,,,,
1784021399.668,186556000,179,2,255,0,,,,,,,,,,,,,,,,,-0.20000000298023224,0.0,3.0214285850524902,2.4571428298950195,3.0214285850524902,2.4571428298950195,0.0,0.0,0.0,0.0,0.0,0.0,0.0,0.0,0.0,0.0
1784021399.724,186606000,184,1,0,0,10.0,25.0,10.0,25.0,9.073833465576172,25.252384185791016,-0.2523839473724365,35.806236267089844,43.906166076660156,0.0,0.0,0.0,1.0,1.0,0.0,-1.0251117944717407,,,,,,,,,,,,,,,,
1784021399.740,186616000,185,1,1,0,10.0,25.0,10.0,25.0,8.980459213256836,25.226041793823242,-0.22604167461395264,41.2463493347168,47.669551849365234,0.0,0.0,0.0,1.0,1.0,0.0,1.1838414669036865,,,,,,,,,,,,,,,,
1784021399.746,186626000,186,1,2,0,10.0,25.0,10.0,25.0,8.58309268951416,25.110748291015625,-0.11074841022491455,43.45415496826172,46.83324432373047,0.0,0.0,0.0,1.0,1.0,0.0,-1.2178544998168945,,,,,,,,,,,,,,,,
1784021399.748,186636000,187,1,3,0,10.0,25.0,10.0,25.0,9.22997760772705,25.379621505737305,-0.3796219825744629,38.40391540527344,50.1784782409668,0.0,0.0,0.0,1.0,1.0,0.0,1.112843632698059,,,,,,,,,,,,,,,,
1784021399.767,186646000,188,2,255,0,,,,,,,,,,,,,,,,,-0.20000000298023224,0.0,3.0214285850524902,2.4571428298950195,3.0214285850524902,2.4571428298950195,0.0,0.0,0.0,0.0,0.0,0.0,0.0,0.0,0.0,0.0
1784021399.808,186696000,193,1,0,0,10.0,25.0,10.0,25.0,9.106389045715332,25.2681884765625,-0.26818811893463135,35.87269592285156,43.906166076660156,0.0,0.0,0.0,1.0,1.0,0.0,-1.0293270349502563,,,,,,,,,,,,,,,,
1784021399.827,186706000,194,1,1,0,10.0,25.0,10.0,25.0,9.003480911254883,25.223922729492188,-0.2239227294921875,40.65150451660156,47.669551849365234,0.0,0.0,0.0,1.0,1.0,0.0,1.1653913259506226,,,,,,,,,,,,,,,,
1784021399.828,186716000,195,1,2,0,10.0,25.0,10.0,25.0,8.61849594116211,25.097707748413086,-0.09770691394805908,44.01981735229492,46.83324432373047,0.0,0.0,0.0,1.0,1.0,0.0,-1.2393062114715576,,,,,,,,,,,,,,,,
1784021399.846,186726000,196,1,3,0,10.0,25.0,10.0,25.0,9.2481107711792,25.414175033569336,-0.41417479515075684,37.03268814086914,50.1784782409668,0.0,0.0,0.0,1.0,1.0,0.0,1.0707557201385498,,,,,,,,,,,,,,,,
1784021399.854,186736000,197,2,255,0,,,,,,,,,,,,,,,,,-0.20000000298023224,0.0,3.0214285850524902,2.4571428298950195,3.0214285850524902,2.4571428298950195,0.0,0.0,0.0,0.0,0.0,0.0,0.0,0.0,0.0,0.0
1784021399.904,186786000,202,1,0,0,10.0,25.0,10.0,25.0,9.105864524841309,25.257038116455078,-0.25703907012939453,36.00843048095703,43.906166076660156,0.0,0.0,0.0,1.0,1.0,0.0,-1.0322345495224,,,,,,,,,,,,,,,,
1784021399.908,186796000,203,1,1,0,10.0,25.0,10.0,25.0,8.990645408630371,25.250324249267578,-0.2503246068954468,39.807594299316406,47.669551849365234,0.0,0.0,0.0,1.0,1.0,0.0,1.1382440328598022,,,,,,,,,,,,,,,,
1784021399.924,186806000,204,1,2,0,10.0,25.0,10.0,25.0,8.594682693481445,25.087265014648438,-0.08726418018341064,44.07920837402344,46.83324432373047,0.0,0.0,0.0,1.0,1.0,0.0,-1.2369762659072876,,,,,,,,,,,,,,,,
1784021399.927,186816000,205,1,3,0,10.0,25.0,10.0,25.0,9.24516487121582,25.44785499572754,-0.4478543996810913,36.65647888183594,50.1784782409668,0.0,0.0,0.0,1.0,1.0,0.0,1.0584698915481567,,,,,,,,,,,,,,,,
1784021399.946,186826000,206,2,255,0,,,,,,,,,,,,,,,,,-0.20000000298023224,0.0,3.0214285850524902,2.4571428298950195,3.0214285850524902,2.4571428298950195,0.0,0.0,0.0,0.0,0.0,0.0,0.0,0.0,0.0,0.0
1784021399.987,186876000,211,1,0,0,10.0,25.0,10.0,25.0,9.062196731567383,25.273168563842773,-0.27316808700561523,35.29412078857422,43.906166076660156,0.0,0.0,0.0,1.0,1.0,0.0,-1.005560278892517,,,,,,,,,,,,,,,,
1784021400.005,186886000,212,1,1,0,10.0,25.0,10.0,25.0,8.982467651367188,25.25518035888672,-0.25517940521240234,39.85395812988281,47.669551849365234,0.0,0.0,0.0,1.0,1.0,0.0,1.138534426689148,,,,,,,,,,,,,,,,
1784021400.007,186896000,213,1,2,0,10.0,25.0,10.0,25.0,8.53458023071289,25.110143661499023,-0.11014342308044434,43.00567626953125,46.83324432373047,0.0,0.0,0.0,1.0,1.0,0.0,-1.198058009147644,,,,,,,,,,,,,,,,
1784021400.025,186906000,214,1,3,0,10.0,25.0,10.0,25.0,9.214330673217773,25.441112518310547,-0.44111311435699463,36.764495849609375,50.1784782409668,0.0,0.0,0.0,1.0,1.0,0.0,1.0580531358718872,,,,,,,,,,,,,,,,
1784021400.028,186916000,215,2,255,0,,,,,,,,,,,,,,,,,-0.20000000298023224,0.0,3.0214285850524902,2.4571428298950195,3.0214285850524902,2.4571428298950195,0.0,0.0,0.0,0.0,0.0,0.0,0.0,0.0,0.0,0.0
1784021400.085,186966000,220,1,0,0,10.0,25.0,10.0,25.0,8.994682312011719,25.285017013549805,-0.2850174903869629,35.3397216796875,43.906166076660156,0.0,0.0,0.0,1.0,1.0,0.0,-1.001151442527771,,,,,,,,,,,,,,,,
1784021400.088,186976000,221,1,1,0,10.0,25.0,10.0,25.0,8.9375581741333,25.276840209960938,-0.2768397331237793,39.042640686035156,47.669551849365234,0.0,0.0,0.0,1.0,1.0,0.0,1.1089022159576416,,,,,,,,,,,,,,,,
1784021400.108,186986000,222,1,2,0,10.0,25.0,10.0,25.0,8.452159881591797,25.14708709716797,-0.14708638191223145,41.871639251708984,46.83324432373047,0.0,0.0,0.0,1.0,1.0,0.0,-1.1544245481491089,,,,,,,,,,,,,,,,
1784021400.109,186996000,223,1,3,0,10.0,25.0,10.0,25.0,9.10726547241211,25.43706512451172,-0.4370659589767456,36.26527404785156,50.1784782409668,0.0,0.0,0.0,1.0,1.0,0.0,1.0319098234176636,,,,,,,,,,,,,,,,
1784021400.128,187006000,224,2,255,0,,,,,,,,,,,,,,,,,-0.20000000298023224,0.0,3.0214285850524902,2.4571428298950195,3.0214285850524902,2.4571428298950195,0.0,0.0,0.0,0.0,0.0,0.0,0.0,0.0,0.0,0.0
1784021400.169,187056000,229,1,0,0,10.0,25.0,10.0,25.0,8.937495231628418,25.274497985839844,-0.27449727058410645,35.623226165771484,43.906166076660156,0.0,0.0,0.0,1.0,1.0,0.0,-1.006702184677124,,,,,,,,,,,,,,,,
1784021400.189,187066000,230,1,1,0,10.0,25.0,10.0,25.0,8.905838012695312,25.324810028076172,-0.32480955123901367,37.301353454589844,47.669551849365234,0.0,0.0,0.0,1.0,1.0,0.0,1.0531283617019653,,,,,,,,,,,,,,,,
1784021400.190,187076000,231,1,2,0,10.0,25.0,10.0,25.0,8.4237060546875,25.178054809570312,-0.17805397510528564,41.496341705322266,46.83324432373047,0.0,0.0,0.0,1.0,1.0,0.0,-1.1429463624954224,,,,,,,,,,,,,,,,
1784021400.206,187086000,232,1,3,0,10.0,25.0,10.0,25.0,9.066277503967285,25.4758358001709,-0.47583580017089844,35.053436279296875,50.1784782409668,0.0,0.0,0.0,1.0,1.0,0.0,0.9949215650558472,,,,,,,,,,,,,,,,
1784021400.207,187096000,233,2,255,0,,,,,,,,,,,,,,,,,-0.20000000298023224,0.0,3.0214285850524902,2.4571428298950195,3.0214285850524902,2.4571428298950195,0.0,0.0,0.0,0.0,0.0,0.0,0.0,0.0,0.0,0.0
1784021400.264,187146000,238,1,0,0,10.0,25.0,10.0,25.0,8.954254150390625,25.266132354736328,-0.26613175868988037,35.79967498779297,43.906166076660156,0.0,0.0,0.0,1.0,1.0,0.0,-1.014530897140503,,,,,,,,,,,,,,,,
1784021400.295,187156000,239,1,1,0,10.0,25.0,10.0,25.0,8.90794563293457,25.34256362915039,-0.34256279468536377,37.108821868896484,47.669551849365234,0.0,0.0,0.0,1.0,1.0,0.0,1.0474249124526978,,,,,,,,,,,,,,,,
1784021400.298,187166000,240,1,2,0,10.0,25.0,10.0,25.0,8.460281372070312,25.181358337402344,-0.18135905265808105,41.04970169067383,46.83324432373047,0.0,0.0,0.0,1.0,1.0,0.0,-1.133534550666809,,,,,,,,,,,,,,,,
1784021400.299,187176000,241,1,3,0,10.0,25.0,10.0,25.0,9.099628448486328,25.482824325561523,-0.482824444770813,35.363487243652344,50.1784782409668,0.0,0.0,0.0,1.0,1.0,0.0,1.008017659187317,,,,,,,,,,,,,,,,
1784021400.307,187186000,242,2,255,0,,,,,,,,,,,,,,,,,-0.20000000298023224,0.0,3.0214285850524902,2.4571428298950195,3.0214285850524902,2.4571428298950195,0.0,0.0,0.0,0.0,0.0,0.0,0.0,0.0,0.0,0.0
1784021400.351,187236000,247,1,0,0,10.0,25.0,10.0,25.0,8.989819526672363,25.288116455078125,-0.2881169319152832,35.32358169555664,43.906166076660156,0.0,0.0,0.0,1.0,1.0,0.0,-1.0033122301101685,,,,,,,,,,,,,,,,
1784021400.365,187246000,248,1,1,0,10.0,25.0,10.0,25.0,8.927435874938965,25.35230255126953,-0.3523021936416626,36.78212356567383,47.669551849365234,0.0,0.0,0.0,1.0,1.0,0.0,1.0392205715179443,,,,,,,,,,,,,,,,
1784021400.369,187256000,249,1,2,0,10.0,25.0,10.0,25.0,8.53931999206543,25.187496185302734,-0.18749535083770752,41.27604675292969,46.83324432373047,0.0,0.0,0.0,1.0,1.0,0.0,-1.1475988626480103,,,,,,,,,,,,,,,,
1784021400.385,187266000,250,1,3,0,10.0,25.0,10.0,25.0,9.130697250366211,25.507862091064453,-0.5078613758087158,34.364871978759766,50.1784782409668,0.0,0.0,0.0,1.0,1.0,0.0,0.9789953827857971,,,,,,,,,,,,,,,,
1784021400.389,187276000,251,2,255,0,,,,,,,,,,,,,,,,,-0.20000000298023224,0.0,3.0214285850524902,2.4571428298950195,3.0214285850524902,2.4571428298950195,0.0,0.0,0.0,0.0,0.0,0.0,0.0,0.0,0.0,0.0
1784021400.449,187326000,0,1,0,0,10.0,25.0,10.0,25.0,9.03220272064209,25.320261001586914,-0.32026171684265137,32.94242858886719,43.906166076660156,0.0,0.0,0.0,1.0,1.0,0.0,-0.9332846999168396,,,,,,,,,,,,,,,,
1784021400.449,187336000,1,1,1,0,10.0,25.0,10.0,25.0,8.965494155883789,25.39116668701172,-0.39116740226745605,34.96390151977539,47.669551849365234,0.0,0.0,0.0,1.0,1.0,0.0,0.9878196120262146,,,,,,,,,,,,,,,,
1784021400.465,187346000,2,1,2,0,10.0,25.0,10.0,25.0,8.552985191345215,25.247774124145508,-0.24777352809906006,37.85570526123047,46.83324432373047,0.0,0.0,0.0,1.0,1.0,0.0,-1.0405863523483276,,,,,,,,,,,,,,,,
1784021400.469,187356000,3,1,3,0,10.0,25.0,10.0,25.0,9.207625389099121,25.582944869995117,-0.5829453468322754,30.563831329345703,50.1784782409668,0.0,0.0,0.0,1.0,1.0,0.0,0.8712506294250488,,,,,,,,,,,,,,,,
1784021400.482,187366000,4,2,255,0,,,,,,,,,,,,,,,,,-0.20000000298023224,0.0,3.0214285850524902,2.4571428298950195,3.0214285850524902,2.4571428298950195,0.0,0.0,0.0,0.0,0.0,0.0,0.0,0.0,0.0,0.0
1784021400.529,187416000,9,1,0,0,10.0,25.0,10.0,25.0,9.0277099609375,25.52271842956543,-0.5227178335189819,25.998199462890625,43.906166076660156,0.0,0.0,0.0,1.0,1.0,0.0,-0.718463122844696,,,,,,,,,,,,,,,,
1784021400.550,187426000,10,1,1,0,10.0,25.0,10.0,25.0,9.041949272155762,25.621593475341797,-0.6215929985046387,25.294748306274414,47.669551849365234,0.0,0.0,0.0,1.0,1.0,0.0,0.6964406371116638,,,,,,,,,,,,,,,,
1784021400.552,187436000,11,1,2,0,10.0,25.0,10.0,25.0,8.552627563476562,25.48356056213379,-0.48356056213378906,28.522485733032227,46.83324432373047,0.0,0.0,0.0,1.0,1.0,0.0,-0.7586165070533752,,,,,,,,,,,,,,,,
1784021400.564,187446000,12,1,3,0,10.0,25.0,10.0,25.0,9.246264457702637,25.823604583740234,-0.8236050605773926,22.200008392333984,50.1784782409668,0.0,0.0,0.0,1.0,1.0,0.0,0.6141746044158936,,,,,,,,,,,,,,,,
1784021400.567,187456000,13,2,255,0,,,,,,,,,,,,,,,,,-0.20000000298023224,0.0,3.0214285850524902,2.4571428298950195,3.0214285850524902,2.4571428298950195,0.0,0.0,0.0,0.0,0.0,0.0,0.0,0.0,0.0,0.0
1784021400.625,187506000,18,1,0,0,10.0,25.0,10.0,25.0,9.046406745910645,25.764633178710938,-0.7646322250366211,18.176313400268555,43.906166076660156,0.0,0.0,0.0,1.0,1.0,0.0,-0.47945043444633484,,,,,,,,,,,,,,,,
1784021400.626,187516000,19,1,1,0,10.0,25.0,10.0,25.0,9.008620262145996,25.938234329223633,-0.9382337331771851,16.171098709106445,47.669551849365234,0.0,0.0,0.0,1.0,1.0,0.0,0.41313436627388,,,,,,,,,,,,,,,,
1784021400.645,187526000,20,1,2,0,10.0,25.0,10.0,25.0,8.643762588500977,25.83369255065918,-0.8336931467056274,18.47714614868164,46.83324432373047,0.0,0.0,0.0,1.0,1.0,0.0,-0.4580453336238861,,,,,,,,,,,,,,,,
1784021400.646,187536000,21,1,3,0,10.0,25.0,10.0,25.0,9.158184051513672,26.07628631591797,-1.076287031173706,15.62691879272461,50.1784782409668,0.0,0.0,0.0,1.0,1.0,0.0,0.40714165568351746,,,,,,,,,,,,,,,,
1784021400.653,187546000,22,2,255,0,,,,,,,,,,,,,,,,,-0.20000000298023224,0.0,3.0214285850524902,2.4571428298950195,3.0214285850524902,2.4571428298950195,0.0,0.0,0.0,0.0,0.0,0.0,0.0,0.0,0.0,0.0
1784021400.707,187596000,27,1,0,0,10.0,25.0,10.0,25.0,9.08016300201416,25.962072372436523,-0.9620726108551025,13.071880340576172,43.906166076660156,0.0,0.0,0.0,1.0,1.0,0.0,-0.32894548773765564,,,,,,,,,,,,,,,,
1784021400.724,187606000,28,1,1,0,10.0,25.0,10.0,25.0,9.135519981384277,26.094337463378906,-1.094338297843933,12.949234008789062,47.669551849365234,0.0,0.0,0.0,1.0,1.0,0.0,0.32892754673957825,,,,,,,,,,,,,,,,
1784021400.726,187616000,29,1,2,0,10.0,25.0,10.0,25.0,8.828513145446777,26.015531539916992,-1.0155320167541504,14.807609558105469,46.83324432373047,0.0,0.0,0.0,1.0,1.0,0.0,-0.365568071603775,,,,,,,,,,,,,,,,
1784021400.741,187626000,30,1,3,0,10.0,25.0,10.0,25.0,9.215388298034668,26.194889068603516,-1.1948883533477783,13.313301086425781,50.1784782409668,0.0,0.0,0.0,1.0,1.0,0.0,0.34547916054725647,,,,,,,,,,,,,,,,
1784021400.746,187636000,31,2,255,0,,,,,,,,,,,,,,,,,-0.20000000298023224,0.0,3.0214285850524902,2.4571428298950195,3.0214285850524902,2.4571428298950195,0.0,0.0,0.0,0.0,0.0,0.0,0.0,0.0,0.0,0.0
1784021400.805,187686000,36,1,0,0,10.0,25.0,10.0,25.0,9.249001502990723,26.06268882751465,-1.0626882314682007,10.469635009765625,43.906166076660156,0.0,0.0,0.0,1.0,1.0,0.0,-0.2650676667690277,,,,,,,,,,,,,,,,
1784021400.835,187696000,37,1,1,0,10.0,25.0,10.0,25.0,9.161197662353516,26.221242904663086,-1.2212425470352173,10.135955810546875,47.669551849365234,0.0,0.0,0.0,1.0,1.0,0.0,0.24657438695430756,,,,,,,,,,,,,,,,
1784021400.836,187706000,38,1,2,0,10.0,25.0,10.0,25.0,8.982805252075195,26.174488067626953,-1.1744886636734009,10.657020568847656,46.83324432373047,0.0,0.0,0.0,1.0,1.0,0.0,-0.2526170313358307,,,,,,,,,,,,,,,,
1784021400.836,187716000,39,1,3,0,10.0,25.0,10.0,25.0,9.269001007080078,26.297197341918945,-1.2971967458724976,9.327083587646484,50.1784782409668,0.0,0.0,0.0,1.0,1.0,0.0,0.22510601580142975,,,,,,,,,,,,,,,,
1784021400.844,187726000,40,2,255,0,,,,,,,,,,,,,,,,,-0.20000000298023224,0.0,3.0214285850524902,2.4571428298950195,3.0214285850524902,2.4571428298950195,0.0,0.0,0.0,0.0,0.0,0.0,0.0,0.0,0.0,0.0
1784021400.886,187776000,45,1,0,0,10.0,25.0,10.0,25.0,9.264028549194336,26.155609130859375,-1.155608892440796,8.563461303710938,43.906166076660156,0.0,0.0,0.0,1.0,1.0,0.0,-0.20692969858646393,,,,,,,,,,,,,,,,
1784021400.910,187786000,46,1,1,0,10.0,25.0,10.0,25.0,9.280160903930664,26.24267578125,-1.2426763772964478,9.209625244140625,47.669551849365234,0.0,0.0,0.0,1.0,1.0,0.0,0.22508402168750763,,,,,,,,,,,,,,,,
1784021400.911,187796000,47,1,2,0,10.0,25.0,10.0,25.0,9.181863784790039,26.21074676513672,-1.210746169090271,9.758602142333984,46.83324432373047,0.0,0.0,0.0,1.0,1.0,0.0,-0.23811523616313934,,,,,,,,,,,,,,,,
1784021400.926,187806000,48,1,3,0,10.0,25.0,10.0,25.0,9.345602035522461,26.350954055786133,-1.3509541749954224,8.25564193725586,50.1784782409668,0.0,0.0,0.0,1.0,1.0,0.0,0.20155221223831177,,,,,,,,,,,,,,,,
1784021400.927,187816000,49,2,255,0,,,,,,,,,,,,,,,,,-0.20000000298023224,0.0,3.0214285850524902,2.4571428298950195,3.0214285850524902,2.4571428298950195,0.0,0.0,0.0,0.0,0.0,0.0,0.0,0.0,0.0,0.0
1784021400.981,187866000,54,1,0,0,10.0,25.0,10.0,25.0,9.355152130126953,26.16661262512207,-1.166611909866333,8.164649963378906,43.906166076660156,0.0,0.0,0.0,1.0,1.0,0.0,-0.20054444670677185,,,,,,,,,,,,,,,,
1784021400.985,187876000,55,1,1,0,10.0,25.0,10.0,25.0,9.337800979614258,26.273635864257812,-1.2736350297927856,8.357181549072266,47.669551849365234,0.0,0.0,0.0,1.0,1.0,0.0,0.20384275913238525,,,,,,,,,,,,,,,,
1784021401.005,187886000,56,1,2,0,10.0,25.0,10.0,25.0,9.27649974822998,26.227622985839844,-1.2276232242584229,9.281513214111328,46.83324432373047,0.0,0.0,0.0,1.0,1.0,0.0,-0.22720274329185486,,,,,,,,,,,,,,,,
1784021401.005,187896000,57,1,3,0,10.0,25.0,10.0,25.0,9.433887481689453,26.394975662231445,-1.394975185394287,7.405952453613281,50.1784782409668,0.0,0.0,0.0,1.0,1.0,0.0,0.18285462260246277,,,,,,,,,,,,,,,,
1784021401.023,187906000,58,2,255,0,,,,,,,,,,,,,,,,,-0.20000000298023224,0.0,3.0214285850524902,2.4571428298950195,3.0214285850524902,2.4571428298950195,0.0,0.0,0.0,0.0,0.0,0.0,0.0,0.0,0.0,0.0
1784021401.068,187956000,63,1,0,0,10.0,25.0,10.0,25.0,9.379439353942871,26.185338973999023,-1.1853396892547607,7.140724182128906,43.906166076660156,0.0,0.0,0.0,1.0,1.0,0.0,-0.1693532019853592,,,,,,,,,,,,,,,,
1784021401.081,187966000,64,1,1,0,10.0,25.0,10.0,25.0,9.373442649841309,26.291698455810547,-1.2916982173919678,8.13333511352539,47.669551849365234,0.0,0.0,0.0,1.0,1.0,0.0,0.19890497624874115,,,,,,,,,,,,,,,,
1784021401.088,187976000,65,1,2,0,10.0,25.0,10.0,25.0,9.309686660766602,26.241567611694336,-1.2415677309036255,8.823295593261719,46.83324432373047,0.0,0.0,0.0,1.0,1.0,0.0,-0.2155788391828537,,,,,,,,,,,,,,,,
1784021401.101,187986000,66,1,3,0,10.0,25.0,10.0,25.0,9.48597240447998,26.41555404663086,-1.4155536890029907,6.816749572753906,50.1784782409668,0.0,0.0,0.0,1.0,1.0,0.0,0.16754189133644104,,,,,,,,,,,,,,,,
1784021401.107,187996000,67,2,255,0,,,,,,,,,,,,,,,,,-0.20000000298023224,0.0,3.0214285850524902,2.4571428298950195,3.0214285850524902,2.4571428298950195,0.0,0.0,0.0,0.0,0.0,0.0,0.0,0.0,0.0,0.0
1784021401.161,188046000,72,1,0,0,10.0,25.0,10.0,25.0,9.382216453552246,26.20002555847168,-1.200026273727417,7.256561279296875,43.906166076660156,0.0,0.0,0.0,1.0,1.0,0.0,-0.17426536977291107,,,,,,,,,,,,,,,,
1784021401.161,188056000,73,1,1,0,10.0,25.0,10.0,25.0,9.387532234191895,26.303258895874023,-1.3032585382461548,7.840278625488281,47.669551849365234,0.0,0.0,0.0,1.0,1.0,0.0,0.19145667552947998,,,,,,,,,,,,,,,,
1784021401.181,188066000,74,1,2,0,10.0,25.0,10.0,25.0,9.33199691772461,26.24506950378418,-1.2450695037841797,8.813240051269531,46.83324432373047,0.0,0.0,0.0,1.0,1.0,0.0,-0.21652255952358246,,,,,,,,,,,,,,,,
1784021401.185,188076000,75,1,3,0,10.0,25.0,10.0,25.0,9.498434066772461,26.424381256103516,-1.424381136894226,6.661750793457031,50.1784782409668,0.0,0.0,0.0,1.0,1.0,0.0,0.1631586104631424,,,,,,,,,,,,,,,,
1784021401.201,188086000,76,2,255,0,,,,,,,,,,,,,,,,,-0.20000000298023224,0.0,3.0214285850524902,2.4571428298950195,3.0214285850524902,2.4571428298950195,0.0,0.0,0.0,0.0,0.0,0.0,0.0,0.0,0.0,0.0
1784021401.246,188136000,81,1,0,0,10.0,25.0,10.0,25.0,9.41220474243164,26.192989349365234,-1.1929899454116821,7.623680114746094,43.906166076660156,0.0,0.0,0.0,1.0,1.0,0.0,-0.1879868358373642,,,,,,,,,,,,,,,,
1784021401.260,188146000,82,1,1,0,10.0,25.0,10.0,25.0,9.414650917053223,26.309541702270508,-1.309540867805481,7.7664794921875,47.669551849365234,0.0,0.0,0.0,1.0,1.0,0.0,0.19166412949562073,,,,,,,,,,,,,,,,
1784021401.265,188156000,83,1,2,0,10.0,25.0,10.0,25.0,9.344794273376465,26.245153427124023,-1.2451529502868652,8.906898498535156,46.83324432373047,0.0,0.0,0.0,1.0,1.0,0.0,-0.2203390747308731,,,,,,,,,,,,,,,,
1784021401.280,188166000,84,1,3,0,10.0,25.0,10.0,25.0,9.512555122375488,26.420761108398438,-1.420760154724121,6.604610443115234,50.1784782409668,0.0,0.0,0.0,1.0,1.0,0.0,0.16245999932289124,,,,,,,,,,,,,,,,
1784021401.288,188176000,85,2,255,0,,,,,,,,,,,,,,,,,-0.20000000298023224,0.0,3.0214285850524902,2.4571428298950195,3.0214285850524902,2.4571428298950195,0.0,0.0,0.0,0.0,0.0,0.0,0.0,0.0,0.0,0.0
1784021401.345,188226000,90,1,0,0,10.0,25.0,10.0,25.0,9.439589500427246,26.185932159423828,-1.1859327554702759,7.787200927734375,43.906166076660156,0.0,0.0,0.0,1.0,1.0,0.0,-0.1946776956319809,,,,,,,,,,,,,,,,
1784021401.357,188236000,91,1,1,0,10.0,25.0,10.0,25.0,9.44762134552002,26.306921005249023,-1.3069212436676025,7.847713470458984,47.669551849365234,0.0,0.0,0.0,1.0,1.0,0.0,0.19632282853126526,,,,,,,,,,,,,,,,
1784021401.360,188246000,92,1,2,0,10.0,25.0,10.0,25.0,9.357378959655762,26.244253158569336,-1.2442529201507568,8.890872955322266,46.83324432373047,0.0,0.0,0.0,1.0,1.0,0.0,-0.22116686403751373,,,,,,,,,,,,,,,,
1784021401.366,188256000,93,1,3,0,10.0,25.0,10.0,25.0,9.525667190551758,26.4168643951416,-1.4168649911880493,6.871284484863281,50.1784782409668,0.0,0.0,0.0,1.0,1.0,0.0,0.17114220559597015,,,,,,,,,,,,,,,,
1784021401.384,188266000,94,2,255,0,,,,,,,,,,,,,,,,,-0.20000000298023224,0.0,3.0214285850524902,2.4571428298950195,3.0214285850524902,2.4571428298950195,0.0,0.0,0.0,0.0,0.0,0.0,0.0,0.0,0.0,0.0
1784021401.426,188316000,99,1,0,0,10.0,25.0,10.0,25.0,9.454419136047363,26.183298110961914,-1.1832982301712036,7.845390319824219,43.906166076660156,0.0,0.0,0.0,1.0,1.0,0.0,-0.197470024228096,,,,,,,,,,,,,,,,
1784021401.440,188326000,100,1,1,0,10.0,25.0,10.0,25.0,9.462321281433105,26.30575942993164,-1.3057589530944824,7.911724090576172,47.669551849365234,0.0,0.0,0.0,1.0,1.0,0.0,0.19892381131649017,,,,,,,,,,,,,,,,
1784021401.445,188336000,101,1,2,0,10.0,25.0,10.0,25.0,9.382158279418945,26.23866844177246,-1.2386679649353027,9.104610443115234,46.83324432373047,0.0,0.0,0.0,1.0,1.0,0.0,-0.22913961112499237,,,,,,,,,,,,,,,,
1784021401.467,188346000,102,1,3,0,10.0,25.0,10.0,25.0,9.535791397094727,26.413625717163086,-1.4136254787445068,7.088871002197266,50.1784782409668,0.0,0.0,0.0,1.0,1.0,0.0,0.17867638170719147,,,,,,,,,,,,,,,,
1784021401.468,188356000,103,2,255,0,,,,,,,,,,,,,,,,,-0.20000000298023224,0.0,3.0214285850524902,2.4571428298950195,3.0214285850524902,2.4571428298950195,0.0,0.0,0.0,0.0,0.0,0.0,0.0,0.0,0.0,0.0
1784021401.520,188406000,108,1,0,0,10.0,25.0,10.0,25.0,9.458793640136719,26.183568954467773,-1.1835694313049316,7.811626434326172,43.906166076660156,0.0,0.0,0.0,1.0,1.0,0.0,-0.19606880843639374,,,,,,,,,,,,,,,,
1784021401.528,188416000,109,1,1,0,10.0,25.0,10.0,25.0,9.469627380371094,26.30492401123047,-1.304924488067627,7.975898742675781,47.669551849365234,0.0,0.0,0.0,1.0,1.0,0.0,0.20147033035755157,,,,,,,,,,,,,,,,
1784021401.540,188426000,110,1,2,0,10.0,25.0,10.0,25.0,9.389917373657227,26.238727569580078,-1.2387275695800781,9.053565979003906,46.83324432373047,0.0,0.0,0.0,1.0,1.0,0.0,-0.2279171645641327,,,,,,,,,,,,,,,,
1784021401.552,188436000,111,1,3,0,10.0,25.0,10.0,25.0,9.54104232788086,26.41222381591797,-1.4122247695922852,7.1245880126953125,50.1784782409668,0.0,0.0,0.0,1.0,1.0,0.0,0.18005627393722534,,,,,,,,,,,,,,,,
1784021401.560,188446000,112,2,255,0,,,,,,,,,,,,,,,,,-0.20000000298023224,0.0,3.0214285850524902,2.4571428298950195,3.0214285850524902,2.4571428298950195,0.0,0.0,0.0,0.0,0.0,0.0,0.0,0.0,0.0,0.0
1784021401.606,188496000,117,1,0,0,10.0,25.0,10.0,25.0,9.459432601928711,26.186132431030273,-1.1861324310302734,7.729099273681641,43.906166076660156,0.0,0.0,0.0,1.0,1.0,0.0,-0.1936819851398468,,,,,,,,,,,,,,,,
1784021401.620,188506000,118,1,1,0,10.0,25.0,10.0,25.0,9.476312637329102,26.303470611572266,-1.3034701347351074,7.955829620361328,47.669551849365234,0.0,0.0,0.0,1.0,1.0,0.0,0.20101036131381989,,,,,,,,,,,,,,,,
1784021401.628,188516000,119,1,2,0,10.0,25.0,10.0,25.0,9.398111343383789,26.237546920776367,-1.2375473976135254,9.139049530029297,46.83324432373047,0.0,0.0,0.0,1.0,1.0,0.0,-0.23124508559703827,,,,,,,,,,,,,,,,
1784021401.640,188526000,120,1,3,0,10.0,25.0,10.0,25.0,9.543280601501465,26.41187286376953,-1.4118731021881104,7.185386657714844,50.1784782409668,0.0,0.0,0.0,1.0,1.0,0.0,0.18242870271205902,,,,,,,,,,,,,,,,
1784021401.648,188536000,121,2,255,0,,,,,,,,,,,,,,,,,-0.20000000298023224,0.0,3.0214285850524902,2.4571428298950195,3.0214285850524902,2.4571428298950195,0.0,0.0,0.0,0.0,0.0,0.0,0.0,0.0,0.0,0.0
1784021401.700,188586000,126,1,0,0,10.0,25.0,10.0,25.0,9.460256576538086,26.18671989440918,-1.186719536781311,7.766803741455078,43.906166076660156,0.0,0.0,0.0,1.0,1.0,0.0,-0.19517479836940765,,,,,,,,,,,,,,,,
1784021401.708,188596000,127,1,1,0,10.0,25.0,10.0,25.0,9.4820556640625,26.30232048034668,-1.3023197650909424,8.001819610595703,47.669551849365234,0.0,0.0,0.0,1.0,1.0,0.0,0.20287320017814636,,,,,,,,,,,,,,,,
1784021401.720,188606000,128,1,2,0,10.0,25.0,10.0,25.0,9.401629447937012,26.238117218017578,-1.2381166219711304,9.325416564941406,46.83324432373047,0.0,0.0,0.0,1.0,1.0,0.0,-0.237176775932312,,,,,,,,,,,,,,,,
1784021401.728,188616000,129,1,3,0,10.0,25.0,10.0,25.0,9.542691230773926,26.413875579833984,-1.4138758182525635,7.08843994140625,50.1784782409668,0.0,0.0,0.0,1.0,1.0,0.0,0.1793581247329712,,,,,,,,,,,,,,,,
1784021401.740,188626000,130,2,255,0,,,,,,,,,,,,,,,,,-0.20000000298023224,0.0,3.0214285850524902,2.4571428298950195,3.0214285850524902,2.4571428298950195,0.0,0.0,0.0,0.0,0.0,0.0,0.0,0.0,0.0,0.0
1784021401.786,188676000,135,1,0,0,10.0,25.0,10.0,25.0,9.460090637207031,26.186809539794922,-1.1868089437484741,7.782405853271484,43.906166076660156,0.0,0.0,0.0,1.0,1.0,0.0,-0.19566383957862854,,,,,,,,,,,,,,,,
1784021401.799,188686000,136,1,1,0,10.0,25.0,10.0,25.0,9.486740112304688,26.30191421508789,-1.3019144535064697,8.065093994140625,47.669551849365234,0.0,0.0,0.0,1.0,1.0,0.0,0.20522183179855347,,,,,,,,,,,,,,,,
1784021401.805,188696000,137,1,2,0,10.0,25.0,10.0,25.0,9.400434494018555,26.24029541015625,-1.240295171737671,9.037551879882812,46.83324432373047,0.0,0.0,0.0,1.0,1.0,0.0,-0.22807294130325317,,,,,,,,,,,,,,,,
1784021401.820,188706000,138,1,3,0,10.0,25.0,10.0,25.0,9.542373657226562,26.41444206237793,-1.4144420623779297,7.091552734375,50.1784782409668,0.0,0.0,0.0,1.0,1.0,0.0,0.17961348593235016,,,,,,,,,,,,,,,,
1784021401.826,188716000,139,2,255,0,,,,,,,,,,,,,,,,,-0.20000000298023224,0.0,3.0214285850524902,2.4571428298950195,3.0214285850524902,2.4571428298950195,0.0,0.0,0.0,0.0,0.0,0.0,0.0,0.0,0.0,0.0
1784021401.879,188766000,144,1,0,0,10.0,25.0,10.0,25.0,9.46096134185791,26.18650245666504,-1.1865019798278809,7.774494171142578,43.906166076660156,0.0,0.0,0.0,1.0,1.0,0.0,-0.19541577994823456,,,,,,,,,,,,,,,,
1784021401.910,188776000,145,1,1,0,10.0,25.0,10.0,25.0,9.49045181274414,26.30202865600586,-1.302027702331543,8.003791809082031,47.669551849365234,0.0,0.0,0.0,1.0,1.0,0.0,0.20371674001216888,,,,,,,,,,,,,,,,
1784021401.911,188786000,146,1,2,0,10.0,25.0,10.0,25.0,9.400504112243652,26.241230010986328,-1.2412309646606445,8.984710693359375,46.83324432373047,0.0,0.0,0.0,1.0,1.0,0.0,-0.2265898585319519,,,,,,,,,,,,,,,,
1784021401.912,188796000,147,1,3,0,10.0,25.0,10.0,25.0,9.542521476745605,26.414390563964844,-1.4143913984298706,7.055671691894531,50.1784782409668,0.0,0.0,0.0,1.0,1.0,0.0,0.17801228165626526,,,,,,,,,,,,,,,,
1784021401.921,188806000,148,2,255,0,,,,,,,,,,,,,,,,,-0.20000000298023224,0.0,3.0214285850524902,2.4571428298950195,3.0214285850524902,2.4571428298950195,0.0,0.0,0.0,0.0,0.0,0.0,0.0,0.0,0.0,0.0
1784021401.963,188856000,153,1,0,0,10.0,25.0,10.0,25.0,9.464284896850586,26.185304641723633,-1.1853039264678955,7.867889404296875,43.906166076660156,0.0,0.0,0.0,1.0,1.0,0.0,-0.19865405559539795,,,,,,,,,,,,,,,,
1784021401.980,188866000,154,1,1,0,10.0,25.0,10.0,25.0,9.4978666305542,26.300275802612305,-1.3002753257751465,8.088737487792969,47.669551849365234,0.0,0.0,0.0,1.0,1.0,0.0,0.20680104196071625,,,,,,,,,,,,,,,,
1784021401.988,188876000,155,1,2,0,10.0,25.0,10.0,25.0,9.403971672058105,26.240951538085938,-1.2409508228302002,8.99148178100586,46.83324432373047,0.0,0.0,0.0,1.0,1.0,0.0,-0.22702473402023315,,,,,,,,,,,,,,,,
1784021402.000,188886000,156,1,3,0,10.0,25.0,10.0,25.0,9.54426383972168,26.413345336914062,-1.4133453369140625,7.152797698974609,50.1784782409668,0.0,0.0,0.0,1.0,1.0,0.0,0.1812833994626999,,,,,,,,,,,,,,,,
1784021402.003,188896000,157,2,255,0,,,,,,,,,,,,,,,,,-0.20000000298023224,0.0,3.0214285850524902,2.4571428298950195,3.0214285850524902,2.4571428298950195,0.0,0.0,0.0,0.0,0.0,0.0,0.0,0.0,0.0,0.0
1784021402.059,188946000,162,1,0,0,10.0,25.0,10.0,25.0,9.470684051513672,26.183860778808594,-1.183861494064331,7.823108673095703,43.906166076660156,0.0,0.0,0.0,1.0,1.0,0.0,-0.19766278564929962,,,,,,,,,,,,,,,,
1784021402.065,188956000,163,1,1,0,10.0,25.0,10.0,25.0,9.511605262756348,26.297143936157227,-1.2971431016921997,8.280326843261719,47.669551849365234,0.0,0.0,0.0,1.0,1.0,0.0,0.2140025645494461,,,,,,,,,,,,,,,,
1784021402.078,188966000,164,1,2,0,10.0,25.0,10.0,25.0,9.409392356872559,26.240385055541992,-1.240384578704834,9.047859191894531,46.83324432373047,0.0,0.0,0.0,1.0,1.0,0.0,-0.22906354069709778,,,,,,,,,,,,,,,,
1784021402.085,188976000,165,1,3,0,10.0,25.0,10.0,25.0,9.543957710266113,26.413911819458008,-1.4139115810394287,7.0770111083984375,50.1784782409668,0.0,0.0,0.0,1.0,1.0,0.0,0.1787865161895752,,,,,,,,,,,,,,,,
1784021402.098,188986000,166,2,255,0,,,,,,,,,,,,,,,,,-0.20000000298023224,0.0,3.0214285850524902,2.4571428298950195,3.0214285850524902,2.4571428298950195,0.0,0.0,0.0,0.0,0.0,0.0,0.0,0.0,0.0,0.0
1784021402.143,189036000,171,1,0,0,10.0,25.0,10.0,25.0,9.488186836242676,26.179779052734375,-1.1797785758972168,7.925434112548828,43.906166076660156,0.0,0.0,0.0,1.0,1.0,0.0,-0.20231199264526367,,,,,,,,,,,,,,,,
1784021402.173,189046000,172,1,1,0,10.0,25.0,10.0,25.0,9.524374961853027,26.296186447143555,-1.2961864471435547,8.179210662841797,47.669551849365234,0.0,0.0,0.0,1.0,1.0,0.0,0.2114524245262146,,,,,,,,,,,,,,,,
1784021402.173,189056000,173,1,2,0,10.0,25.0,10.0,25.0,9.412222862243652,26.241147994995117,-1.241147518157959,8.874149322509766,46.83324432373047,0.0,0.0,0.0,1.0,1.0,0.0,-0.22390758991241455,,,,,,,,,,,,,,,,
1784021402.181,189066000,174,1,3,0,10.0,25.0,10.0,25.0,9.545462608337402,26.413368225097656,-1.4133691787719727,7.168621063232422,50.1784782409668,0.0,0.0,0.0,1.0,1.0,0.0,0.1821831315755844,,,,,,,,,,,,,,,,
1784021402.191,189076000,175,2,255,0,,,,,,,,,,,,,,,,,-0.20000000298023224,0.0,3.0214285850524902,2.4571428298950195,3.0214285850524902,2.4571428298950195,0.0,0.0,0.0,0.0,0.0,0.0,0.0,0.0,0.0,0.0
1784021402.244,189126000,180,1,0,0,10.0,25.0,10.0,25.0,9.50808334350586,26.181751251220703,-1.1817514896392822,7.804210662841797,43.906166076660156,0.0,0.0,0.0,1.0,1.0,0.0,-0.20012283325195312,,,,,,,,,,,,,,,,
1784021402.245,189136000,181,1,1,0,10.0,25.0,10.0,25.0,9.527135848999023,26.299217224121094,-1.2992173433303833,7.930156707763672,47.669551849365234,0.0,0.0,0.0,1.0,1.0,0.0,0.2037472426891327,,,,,,,,,,,,,,,,
1784021402.258,189146000,182,1,2,0,10.0,25.0,10.0,25.0,9.413057327270508,26.241863250732422,-1.2418627738952637,9.058738708496094,46.83324432373047,0.0,0.0,0.0,1.0,1.0,0.0,-0.22965382039546967,,,,,,,,,,,,,,,,
1784021402.266,189156000,183,1,3,0,10.0,25.0,10.0,25.0,9.54550552368164,26.414554595947266,-1.414555311203003,7.7708892822265625,50.1784782409668,0.0,0.0,0.0,1.0,1.0,0.0,0.2018081098794937,,,,,,,,,,,,,,,,
1784021402.278,189166000,184,2,255,0,,,,,,,,,,,,,,,,,-0.20000000298023224,0.0,3.0214285850524902,2.4571428298950195,3.0214285850524902,2.4571428298950195,0.0,0.0,0.0,0.0,0.0,0.0,0.0,0.0,0.0,0.0
1784021402.322,189216000,189,1,0,0,10.0,25.0,10.0,25.0,9.518515586853027,26.19093132019043,-1.1909306049346924,7.503471374511719,43.906166076660156,0.0,0.0,0.0,1.0,1.0,0.0,-0.19147098064422607,,,,,,,,,,,,,,,,
1784021402.338,189226000,190,1,1,0,10.0,25.0,10.0,25.0,9.528663635253906,26.300039291381836,-1.3000398874282837,8.008350372314453,47.669551849365234,0.0,0.0,0.0,1.0,1.0,0.0,0.20617255568504333,,,,,,,,,,,,,,,,
1784021402.342,189236000,191,1,2,0,10.0,25.0,10.0,25.0,9.412894248962402,26.243209838867188,-1.2432098388671875,8.86611557006836,46.83324432373047,0.0,0.0,0.0,1.0,1.0,0.0,-0.22356167435646057,,,,,,,,,,,,,,,,
1784021402.359,189246000,192,1,3,0,10.0,25.0,10.0,25.0,9.542634010314941,26.417449951171875,-1.4174491167068481,6.821659088134766,50.1784782409668,0.0,0.0,0.0,1.0,1.0,0.0,0.17089422047138214,,,,,,,,,,,,,,,,
1784021402.365,189256000,193,2,255,0,,,,,,,,,,,,,,,,,-0.20000000298023224,0.0,3.0214285850524902,2.4571428298950195,3.0214285850524902,2.4571428298950195,0.0,0.0,0.0,0.0,0.0,0.0,0.0,0.0,0.0,0.0
1784021402.418,189306000,198,1,0,0,10.0,25.0,10.0,25.0,9.520565032958984,26.201135635375977,-1.2011349201202393,7.210044860839844,43.906166076660156,0.0,0.0,0.0,1.0,1.0,0.0,-0.18290501832962036,,,,,,,,,,,,,,,,
1784021402.427,189316000,199,1,1,0,10.0,25.0,10.0,25.0,9.529980659484863,26.302391052246094,-1.3023912906646729,7.962032318115234,47.669551849365234,0.0,0.0,0.0,1.0,1.0,0.0,0.20508931577205658,,,,,,,,,,,,,,,,
1784021402.438,189326000,200,1,2,0,10.0,25.0,10.0,25.0,9.413244247436523,26.242673873901367,-1.242673397064209,8.942939758300781,46.83324432373047,0.0,0.0,0.0,1.0,1.0,0.0,-0.22607626020908356,,,,,,,,,,,,,,,,
1784021402.438,189336000,201,1,3,0,10.0,25.0,10.0,25.0,9.543313980102539,26.417285919189453,-1.4172852039337158,6.870174407958984,50.1784782409668,0.0,0.0,0.0,1.0,1.0,0.0,0.17241647839546204,,,,,,,,,,,,,,,,
1784021402.458,189346000,202,2,255,0,,,,,,,,,,,,,,,,,-0.20000000298023224,0.0,3.0214285850524902,2.4571428298950195,3.0214285850524902,2.4571428298950195,0.0,0.0,0.0,0.0,0.0,0.0,0.0,0.0,0.0,0.0
1784021402.505,189396000,207,1,0,0,10.0,25.0,10.0,25.0,9.520068168640137,26.209205627441406,-1.2092053890228271,6.993862152099609,43.906166076660156,0.0,0.0,0.0,1.0,1.0,0.0,-0.17609921097755432,,,,,,,,,,,,,,,,
1784021402.518,189406000,208,1,1,0,10.0,25.0,10.0,25.0,9.530076026916504,26.30560302734375,-1.3056039810180664,7.866600036621094,47.669551849365234,0.0,0.0,0.0,1.0,1.0,0.0,0.20237180590629578,,,,,,,,,,,,,,,,
1784021402.523,189416000,209,1,2,0,10.0,25.0,10.0,25.0,9.413991928100586,26.24236297607422,-1.242363452911377,8.81949234008789,46.83324432373047,0.0,0.0,0.0,1.0,1.0,0.0,-0.22283044457435608,,,,,,,,,,,,,,,,
1784021402.538,189426000,210,1,3,0,10.0,25.0,10.0,25.0,9.543646812438965,26.415847778320312,-1.415848731994629,7.095249176025391,50.1784782409668,0.0,0.0,0.0,1.0,1.0,0.0,0.1783313751220703,,,,,,,,,,,,,,,,
1784021402.544,189436000,211,2,255,0,,,,,,,,,,,,,,,,,-0.20000000298023224,0.0,3.0214285850524902,2.4571428298950195,3.0214285850524902,2.4571428298950195,0.0,0.0,0.0,0.0,0.0,0.0,0.0,0.0,0.0,0.0
1784021402.598,189486000,216,1,0,0,10.0,25.0,10.0,25.0,9.52259349822998,26.209253311157227,-1.2092530727386475,7.038326263427734,43.906166076660156,0.0,0.0,0.0,1.0,1.0,0.0,-0.1774621456861496,,,,,,,,,,,,,,,,
1784021402.606,189496000,217,1,1,0,10.0,25.0,10.0,25.0,9.529374122619629,26.308063507080078,-1.3080626726150513,7.862056732177734,47.669551849365234,0.0,0.0,0.0,1.0,1.0,0.0,0.20206935703754425,,,,,,,,,,,,,,,,
1784021402.618,189506000,218,1,2,0,10.0,25.0,10.0,25.0,9.412830352783203,26.242488861083984,-1.2424886226654053,9.055656433105469,46.83324432373047,0.0,0.0,0.0,1.0,1.0,0.0,-0.22904567420482635,,,,,,,,,,,,,,,,
1784021402.627,189516000,219,1,3,0,10.0,25.0,10.0,25.0,9.543444633483887,26.41715431213379,-1.41715407371521,6.975276947021484,50.1784782409668,0.0,0.0,0.0,1.0,1.0,0.0,0.17583389580249786,,,,,,,,,,,,,,,,
1784021402.640,189526000,220,2,255,0,,,,,,,,,,,,,,,,,-0.20000000298023224,0.0,3.0214285850524902,2.4571428298950195,3.0214285850524902,2.4571428298950195,0.0,0.0,0.0,0.0,0.0,0.0,0.0,0.0,0.0,0.0
1784021402.683,189576000,225,1,0,0,10.0,25.0,10.0,25.0,9.521828651428223,26.210779190063477,-1.2107789516448975,6.929473876953125,43.906166076660156,0.0,0.0,0.0,1.0,1.0,0.0,-0.17411908507347107,,,,,,,,,,,,,,,,
1784021402.698,189586000,226,1,1,0,10.0,25.0,10.0,25.0,9.529064178466797,26.308631896972656,-1.3086318969726562,7.704044342041016,47.669551849365234,0.0,0.0,0.0,1.0,1.0,0.0,0.19703665375709534,,,,,,,,,,,,,,,,
1784021402.704,189596000,227,1,2,0,10.0,25.0,10.0,25.0,9.41164493560791,26.24325180053711,-1.2432515621185303,8.962459564208984,46.83324432373047,0.0,0.0,0.0,1.0,1.0,0.0,-0.2267993539571762,,,,,,,,,,,,,,,,
1784021402.717,189606000,228,1,3,0,10.0,25.0,10.0,25.0,9.544010162353516,26.416128158569336,-1.4161288738250732,6.919414520263672,50.1784782409668,0.0,0.0,0.0,1.0,1.0,0.0,0.1738896369934082,,,,,,,,,,,,,,,,
1784021402.723,189616000,229,2,255,0,,,,,,,,,,,,,,,,,-0.20000000298023224,0.0,3.0214285850524902,2.4571428298950195,3.0214285850524902,2.4571428298950195,0.0,0.0,0.0,0.0,0.0,0.0,0.0,0.0,0.0,0.0
1784021402.778,189666000,234,1,0,0,10.0,25.0,10.0,25.0,9.52120304107666,26.2119197845459,-1.2119203805923462,6.867015838623047,43.906166076660156,0.0,0.0,0.0,1.0,1.0,0.0,-0.17217445373535156,,,,,,,,,,,,,,,,
1784021402.788,189676000,235,1,1,0,10.0,25.0,10.0,25.0,9.531027793884277,26.309711456298828,-1.3097107410430908,7.723743438720703,47.669551849365234,0.0,0.0,0.0,1.0,1.0,0.0,0.19793292880058289,,,,,,,,,,,,,,,,
1784021402.798,189686000,236,1,2,0,10.0,25.0,10.0,25.0,9.410117149353027,26.24384117126465,-1.2438416481018066,8.871452331542969,46.83324432373047,0.0,0.0,0.0,1.0,1.0,0.0,-0.22357508540153503,,,,,,,,,,,,,,,,
1784021402.807,189696000,237,1,3,0,10.0,25.0,10.0,25.0,9.54485034942627,26.415876388549805,-1.4158755540847778,7.0698089599609375,50.1784782409668,0.0,0.0,0.0,1.0,1.0,0.0,0.1789192408323288,,,,,,,,,,,,,,,,
1784021402.818,189706000,238,2,255,0,,,,,,,,,,,,,,,,,-0.20000000298023224,0.0,3.0214285850524902,2.4571428298950195,3.0214285850524902,2.4571428298950195,0.0,0.0,0.0,0.0,0.0,0.0,0.0,0.0,0.0,0.0
1784021402.869,189756000,243,1,0,0,10.0,25.0,10.0,25.0,9.519510269165039,26.213878631591797,-1.2138783931732178,6.8202667236328125,43.906166076660156,0.0,0.0,0.0,1.0,1.0,0.0,-0.17061670124530792,,,,,,,,,,,,,,,,
1784021402.877,189766000,244,1,1,0,10.0,25.0,10.0,25.0,9.530176162719727,26.311487197875977,-1.3114869594573975,7.6679534912109375,47.669551849365234,0.0,0.0,0.0,1.0,1.0,0.0,0.19613729417324066,,,,,,,,,,,,,,,,
1784021402.888,189776000,245,1,2,0,10.0,25.0,10.0,25.0,9.410271644592285,26.24460792541504,-1.2446075677871704,8.633960723876953,46.83324432373047,0.0,0.0,0.0,1.0,1.0,0.0,-0.21641401946544647,,,,,,,,,,,,,,,,
1784021402.898,189786000,246,1,3,0,10.0,25.0,10.0,25.0,9.545909881591797,26.414989471435547,-1.4149904251098633,7.066509246826172,50.1784782409668,0.0,0.0,0.0,1.0,1.0,0.0,0.1789739429950714,,,,,,,,,,,,,,,,
1784021402.902,189796000,247,2,255,0,,,,,,,,,,,,,,,,,-0.20000000298023224,0.0,3.0214285850524902,2.4571428298950195,3.0214285850524902,2.4571428298950195,0.0,0.0,0.0,0.0,0.0,0.0,0.0,0.0,0.0,0.0
1784021402.959,189846000,252,1,0,0,10.0,25.0,10.0,25.0,9.520092010498047,26.21375846862793,-1.213759183883667,6.917003631591797,43.906166076660156,0.0,0.0,0.0,1.0,1.0,0.0,-0.1739749014377594,,,,,,,,,,,,,,,,
1784021403.030,189856000,253,1,1,0,10.0,25.0,10.0,25.0,9.529694557189941,26.31435775756836,-1.3143569231033325,7.579769134521484,47.669551849365234,0.0,0.0,0.0,1.0,1.0,0.0,0.1937021017074585,,,,,,,,,,,,,,,,
1784021403.033,189866000,254,1,2,0,10.0,25.0,10.0,25.0,9.4098482131958,26.24526023864746,-1.245260238647461,8.852733612060547,46.83324432373047,0.0,0.0,0.0,1.0,1.0,0.0,-0.22387218475341797,,,,,,,,,,,,,,,,
1784021403.033,189876000,255,1,3,0,10.0,25.0,10.0,25.0,9.54642105102539,26.415210723876953,-1.4152109622955322,7.004261016845703,50.1784782409668,0.0,0.0,0.0,1.0,1.0,0.0,0.17775043845176697,,,,,,,,,,,,,,,,
1784021403.034,189886000,0,2,255,0,,,,,,,,,,,,,,,,,-0.20000000298023224,0.0,3.0214285850524902,2.4571428298950195,3.0214285850524902,2.4571428298950195,0.0,0.0,0.0,0.0,0.0,0.0,0.0,0.0,0.0,0.0
1784021403.048,189936000,5,1,0,0,10.0,25.0,10.0,25.0,9.520207405090332,26.213668823242188,-1.213669776916504,6.847282409667969,43.906166076660156,0.0,0.0,0.0,1.0,1.0,0.0,-0.17142552137374878,,,,,,,,,,,,,,,,
1784021403.059,189946000,6,1,1,0,10.0,25.0,10.0,25.0,9.529204368591309,26.315364837646484,-1.3153642416000366,7.46795654296875,47.669551849365234,0.0,0.0,0.0,1.0,1.0,0.0,0.19006918370723724,,,,,,,,,,,,,,,,
1784021403.061,189956000,7,1,2,0,10.0,25.0,10.0,25.0,9.409408569335938,26.24629783630371,-1.2462973594665527,8.843517303466797,46.83324432373047,0.0,0.0,0.0,1.0,1.0,0.0,-0.22296589612960815,,,,,,,,,,,,,,,,
1784021403.077,189966000,8,1,3,0,10.0,25.0,10.0,25.0,9.545197486877441,26.415246963500977,-1.4152467250823975,7.023700714111328,50.1784782409668,0.0,0.0,0.0,1.0,1.0,0.0,0.17719991505146027,,,,,,,,,,,,,,,,
1784021403.087,189976000,9,2,255,0,,,,,,,,,,,,,,,,,-0.20000000298023224,0.0,3.0214285850524902,2.4571428298950195,3.0214285850524902,2.4571428298950195,0.0,0.0,0.0,0.0,0.0,0.0,0.0,0.0,0.0,0.0
1784021403.137,190026000,14,1,0,0,10.0,25.0,10.0,25.0,9.521130561828613,26.214296340942383,-1.2142956256866455,6.8350372314453125,43.906166076660156,0.0,0.0,0.0,1.0,1.0,0.0,-0.17129790782928467,,,,,,,,,,,,,,,,
1784021403.141,190036000,15,1,1,0,10.0,25.0,10.0,25.0,9.530041694641113,26.31606101989746,-1.3160616159439087,7.506282806396484,47.669551849365234,0.0,0.0,0.0,1.0,1.0,0.0,0.19137042760849,,,,,,,,,,,,,,,,
1784021403.158,190046000,16,1,2,0,10.0,25.0,10.0,25.0,9.411477088928223,26.24472427368164,-1.2447237968444824,8.90780258178711,46.83324432373047,0.0,0.0,0.0,1.0,1.0,0.0,-0.22510887682437897,,,,,,,,,,,,,,,,
1784021403.165,190056000,17,1,3,0,10.0,25.0,10.0,25.0,9.54437255859375,26.4164981842041,-1.4164984226226807,6.994514465332031,50.1784782409668,0.0,0.0,0.0,1.0,1.0,0.0,0.17651110887527466,,,,,,,,,,,,,,,,
1784021403.176,190066000,18,2,255,0,,,,,,,,,,,,,,,,,-0.20000000298023224,0.0,3.0214285850524902,2.4571428298950195,3.0214285850524902,2.4571428298950195,0.0,0.0,0.0,0.0,0.0,0.0,0.0,0.0,0.0,0.0
1784021403.221,190116000,23,1,0,0,10.0,25.0,10.0,25.0,9.521956443786621,26.21394920349121,-1.2139499187469482,6.844211578369141,43.906166076660156,0.0,0.0,0.0,1.0,1.0,0.0,-0.17157436907291412,,,,,,,,,,,,,,,,
1784021403.251,190126000,24,1,1,0,10.0,25.0,10.0,25.0,9.52877140045166,26.31743621826172,-1.3174355030059814,7.4577789306640625,47.669551849365234,0.0,0.0,0.0,1.0,1.0,0.0,0.1896928995847702,,,,,,,,,,,,,,,,
1784021403.252,190136000,25,1,2,0,10.0,25.0,10.0,25.0,9.410411834716797,26.245521545410156,-1.2455224990844727,8.80685043334961,46.83324432373047,0.0,0.0,0.0,1.0,1.0,0.0,-0.2216818928718567,,,,,,,,,,,,,,,,
1784021403.329,190146000,26,1,3,0,10.0,25.0,10.0,25.0,9.542866706848145,26.417034149169922,-1.4170348644256592,6.9687957763671875,50.1784782409668,0.0,0.0,0.0,1.0,1.0,0.0,0.1755107343196869,,,,,,,,,,,,,,,,
1784021403.329,190156000,27,2,255,0,,,,,,,,,,,,,,,,,-0.20000000298023224,0.0,3.0214285850524902,2.4571428298950195,3.0214285850524902,2.4571428298950195,0.0,0.0,0.0,0.0,0.0,0.0,0.0,0.0,0.0,0.0
1784021403.330,190206000,32,1,0,0,10.0,25.0,10.0,25.0,9.522441864013672,26.2142276763916,-1.2142270803451538,6.822093963623047,43.906166076660156,0.0,0.0,0.0,1.0,1.0,0.0,-0.1710827648639679,,,,,,,,,,,,,,,,
1784021403.330,190216000,33,1,1,0,10.0,25.0,10.0,25.0,9.529152870178223,26.317798614501953,-1.3177990913391113,7.51885986328125,47.669551849365234,0.0,0.0,0.0,1.0,1.0,0.0,0.19163008034229279,,,,,,,,,,,,,,,,
1784021403.336,190226000,34,1,2,0,10.0,25.0,10.0,25.0,9.410200119018555,26.246013641357422,-1.2460142374038696,8.751899719238281,46.83324432373047,0.0,0.0,0.0,1.0,1.0,0.0,-0.22044257819652557,,,,,,,,,,,,,,,,
1784021403.344,190236000,35,1,3,0,10.0,25.0,10.0,25.0,9.542953491210938,26.41791343688965,-1.4179140329360962,6.742977142333984,50.1784782409668,0.0,0.0,0.0,1.0,1.0,0.0,0.1687239706516266,,,,,,,,,,,,,,,,
1784021403.359,190246000,36,2,255,0,,,,,,,,,,,,,,,,,-0.20000000298023224,0.0,3.0214285850524902,2.4571428298950195,3.0214285850524902,2.4571428298950195,0.0,0.0,0.0,0.0,0.0,0.0,0.0,0.0,0.0,0.0
1784021403.404,190296000,41,1,0,0,10.0,25.0,10.0,25.0,9.521857261657715,26.214027404785156,-1.2140274047851562,6.874149322509766,43.906166076660156,0.0,0.0,0.0,1.0,1.0,0.0,-0.17267584800720215,,,,,,,,,,,,,,,,
1784021403.425,190306000,42,1,1,0,10.0,25.0,10.0,25.0,9.528996467590332,26.319149017333984,-1.319149136543274,7.411121368408203,47.669551849365234,0.0,0.0,0.0,1.0,1.0,0.0,0.18840213119983673,,,,,,,,,,,,,,,,
1784021403.428,190316000,43,1,2,0,10.0,25.0,10.0,25.0,9.409887313842773,26.24521255493164,-1.2452125549316406,8.697303771972656,46.83324432373047,0.0,0.0,0.0,1.0,1.0,0.0,-0.2169845700263977,,,,,,,,,,,,,,,,
1784021403.436,190326000,44,1,3,0,10.0,25.0,10.0,25.0,9.542807579040527,26.41838836669922,-1.4183878898620605,7.110080718994141,50.1784782409668,0.0,0.0,0.0,1.0,1.0,0.0,0.18097032606601715,,,,,,,,,,,,,,,,
1784021403.446,190336000,45,2,255,0,,,,,,,,,,,,,,,,,-0.20000000298023224,0.0,3.0214285850524902,2.4571428298950195,3.0214285850524902,2.4571428298950195,0.0,0.0,0.0,0.0,0.0,0.0,0.0,0.0,0.0,0.0
1784021403.496,190386000,50,1,0,0,10.0,25.0,10.0,25.0,9.520737648010254,26.214900970458984,-1.2149006128311157,6.8888397216796875,43.906166076660156,0.0,0.0,0.0,1.0,1.0,0.0,-0.17306703329086304,,,,,,,,,,,,,,,,
