host_time_s,time_us,seq,frame_type,leg_id,flags,raw_target_x_cm,raw_target_y_cm,target_x_cm,target_y_cm,actual_x_cm,actual_y_cm,error_y_cm,fy_total_n,fy_up_n,fy_sag_n,swing_unload_n,support_y_bias_cm,stance_entry_ramp,stance_support_ramp,sag_rescue,tau_ff_knee_nm,gait_cmd_vx_mps,gait_cmd_wz_radps,gait_target_stride_cm,gait_target_lift_cm,gait_stride_cm,gait_lift_cm,wheel_leg_base_mps,wheel_leg_turn_mps,roll_err_filt_deg,pitch_err_filt_deg,comp_scale,vibration_scale,support_force_bias_leg0_n,support_force_bias_leg1_n,support_force_bias_leg2_n,support_force_bias_leg3_n
1783989984.262,20369000,170,2,255,0,,,,,,,,,,,,,,,,,0.0,0.0,0.0,0.0,3.0,2.450000047683716,0.0,0.0,-0.09754494577646255,0.07014314830303192,0.04108187183737755,1.0,0.0,0.0,0.0,0.0
1783989984.279,20384000,171,1,0,0,10.0,25.0,10.0,25.0,8.669483184814453,25.50617790222168,-0.506177544593811,28.448518753051758,43.906166076660156,0.0,0.0,0.0,1.0,1.0,0.0,-0.7625739574432373,,,,,,,,,,,,,,,,
1783989984.298,20400000,172,1,1,0,10.0,25.0,10.0,25.0,9.301982879638672,25.138378143310547,-0.13837814331054688,43.53019714355469,47.669551849365234,0.0,0.0,0.0,1.0,1.0,0.0,1.2807222604751587,,,,,,,,,,,,,,,,
1783989984.320,20420000,173,1,2,0,10.0,25.0,10.0,25.0,9.263631820678711,24.92070198059082,0.07929801940917969,49.19944381713867,46.83324432373047,0.0,0.0,0.0,1.0,1.0,0.0,-1.4565021991729736,,,,,,,,,,,,,,,,
1783989984.346,20442000,174,1,3,0,10.0,25.0,10.0,25.0,9.060378074645996,25.527009963989258,-0.5270093679428101,34.2677116394043,50.1784782409668,0.0,0.0,0.0,1.0,1.0,0.0,0.9696516394615173,,,,,,,,,,,,,,,,
1783989984.347,20468000,175,2,255,0,,,,,,,,,,,,,,,,,0.0,0.0,0.0,0.0,3.0,2.450000047683716,0.0,0.0,-0.09292810410261154,0.06099070608615875,0.04098249599337578,1.0,0.0,0.0,0.0,0.0
1783989984.378,20488000,176,1,0,0,10.0,25.0,10.0,25.0,8.667464256286621,25.50499153137207,-0.5049914121627808,28.500125885009766,43.906166076660156,0.0,0.0,0.0,1.0,1.0,0.0,-0.7642263770103455,,,,,,,,,,,,,,,,
1783989984.395,20501000,177,1,1,0,10.0,25.0,10.0,25.0,9.300743103027344,25.13974952697754,-0.13974905014038086,43.526798248291016,47.669551849365234,0.0,0.0,0.0,1.0,1.0,0.0,1.2805193662643433,,,,,,,,,,,,,,,,
1783989984.413,20516000,178,1,2,0,10.0,25.0,10.0,25.0,9.261957168579102,24.922758102416992,0.07724165916442871,49.25230407714844,46.83324432373047,0.0,0.0,0.0,1.0,1.0,0.0,-1.45856773853302,,,,,,,,,,,,,,,,
1783989984.435,20535000,179,1,3,0,10.0,25.0,10.0,25.0,9.059490203857422,25.526294708251953,-0.5262941122055054,34.09751892089844,50.1784782409668,0.0,0.0,0.0,1.0,1.0,0.0,0.9640554189682007,,,,,,,,,,,,,,,,
1783989984.458,20556000,180,2,255,0,,,,,,,,,,,,,,,,,0.0,0.0,0.0,0.0,3.0,2.450000047683716,0.0,0.0,-0.10626266151666641,0.06471565365791321,0.041282378137111664,1.0,0.0,0.0,0.0,0.0
1783989984.485,20581000,181,1,0,0,10.0,25.0,10.0,25.0,8.668061256408691,25.506237030029297,-0.5062371492385864,28.54995346069336,43.906166076660156,0.0,0.0,0.0,1.0,1.0,0.0,-0.7659990787506104,,,,,,,,,,,,,,,,
1783989984.487,20607000,182,1,1,0,10.0,25.0,10.0,25.0,9.301136016845703,25.139171600341797,-0.13917088508605957,43.58033752441406,47.669551849365234,0.0,0.0,0.0,1.0,1.0,0.0,1.2820838689804077,,,,,,,,,,,,,,,,
1783989984.520,20628000,183,1,2,0,10.0,25.0,10.0,25.0,9.264023780822754,24.92102813720703,0.07897168397903442,49.15111541748047,46.83324432373047,0.0,0.0,0.0,1.0,1.0,0.0,-1.4548221826553345,,,,,,,,,,,,,,,,
1783989984.538,20642000,184,1,3,0,10.0,25.0,10.0,25.0,9.060653686523438,25.526391983032227,-0.5263924598693848,34.04405975341797,50.1784782409668,0.0,0.0,0.0,1.0,1.0,0.0,0.9626679420471191,,,,,,,,,,,,,,,,
1783989984.557,20659000,185,2,255,0,,,,,,,,,,,,,,,,,0.0,0.0,0.0,0.0,3.0,2.450000047683716,0.0,0.0,-0.09276362508535385,0.053069427609443665,0.040979042649269104,1.0,0.0,0.0,0.0,0.0
1783989984.580,20680000,186,1,0,0,10.0,25.0,10.0,25.0,8.668554306030273,25.50423812866211,-0.5042374134063721,28.610027313232422,43.906166076660156,0.0,0.0,0.0,1.0,1.0,0.0,-0.767512857913971,,,,,,,,,,,,,,,,
1783989984.607,20702000,187,1,1,0,10.0,25.0,10.0,25.0,9.300743103027344,25.13974952697754,-0.13974905014038086,43.38771438598633,47.669551849365234,0.0,0.0,0.0,1.0,1.0,0.0,1.2761411666870117,,,,,,,,,,,,,,,,
1783989984.609,20729000,188,1,2,0,10.0,25.0,10.0,25.0,9.261824607849121,24.92324447631836,0.07675588130950928,49.11993408203125,46.83324432373047,0.0,0.0,0.0,1.0,1.0,0.0,-1.4538251161575317,,,,,,,,,,,,,,,,
1783989984.643,20750000,189,1,3,0,10.0,25.0,10.0,25.0,9.05897331237793,25.526094436645508,-0.5260944366455078,34.142295837402344,50.1784782409668,0.0,0.0,0.0,1.0,1.0,0.0,0.9653767943382263,,,,,,,,,,,,,,,,
1783989984.661,20765000,190,2,255,0,,,,,,,,,,,,,,,,,0.0,0.0,0.0,0.0,3.0,2.450000047683716,0.0,0.0,-0.09808580577373505,0.06000777333974838,0.041093822568655014,1.0,0.0,0.0,0.0,0.0
1783989984.680,20782000,191,1,0,0,10.0,25.0,10.0,25.0,8.668169021606445,25.50615692138672,-0.5061566829681396,28.517536163330078,43.906166076660156,0.0,0.0,0.0,1.0,1.0,0.0,-0.7647945284843445,,,,,,,,,,,,,,,,
1783989984.701,20802000,192,1,1,0,10.0,25.0,10.0,25.0,9.30155086517334,25.138118743896484,-0.13811886310577393,43.57087326049805,47.669551849365234,0.0,0.0,0.0,1.0,1.0,0.0,1.2816733121871948,,,,,,,,,,,,,,,,
1783989984.726,20824000,193,1,2,0,10.0,25.0,10.0,25.0,9.262939453125,24.92234992980957,0.07764995098114014,49.274131774902344,46.83324432373047,0.0,0.0,0.0,1.0,1.0,0.0,-1.4589478969573975,,,,,,,,,,,,,,,,
1783989984.753,20848000,194,1,3,0,10.0,25.0,10.0,25.0,9.061433792114258,25.52606964111328,-0.5260705947875977,34.2145881652832,50.1784782409668,0.0,0.0,0.0,1.0,1.0,0.0,0.9679907560348511,,,,,,,,,,,,,,,,
1783989984.754,20875000,195,2,255,0,,,,,,,,,,,,,,,,,0.0,0.0,0.0,0.0,3.0,2.450000047683716,0.0,0.0,-0.08265360444784164,0.05858861654996872,0.040778327733278275,1.0,0.0,0.0,0.0,0.0
1783989984.789,20896000,196,1,0,0,10.0,25.0,10.0,25.0,8.666763305664062,25.506629943847656,-0.506630539894104,28.48706817626953,43.906166076660156,0.0,0.0,0.0,1.0,1.0,0.0,-0.7636587023735046,,,,,,,,,,,,,,,,
1783989984.807,20911000,197,1,1,0,10.0,25.0,10.0,25.0,9.300124168395996,25.139978408813477,-0.1399785280227661,43.366214752197266,47.669551849365234,0.0,0.0,0.0,1.0,1.0,0.0,1.2749441862106323,,,,,,,,,,,,,,,,
1783989984.826,20928000,198,1,2,0,10.0,25.0,10.0,25.0,9.261392593383789,24.922876358032227,0.07712393999099731,49.050689697265625,46.83324432373047,0.0,0.0,0.0,1.0,1.0,0.0,-1.451667070388794,,,,,,,,,,,,,,,,
1783989984.848,20948000,199,1,3,0,10.0,25.0,10.0,25.0,9.060120582580566,25.526073455810547,-0.5260735750198364,34.129295349121094,50.1784782409668,0.0,0.0,0.0,1.0,1.0,0.0,0.9652827382087708,,,,,,,,,,,,,,,,
1783989984.873,20970000,200,2,255,0,,,,,,,,,,,,,,,,,0.0,0.0,0.0,0.0,3.0,2.450000047683716,0.0,0.0,-0.09255077689886093,0.05323517695069313,0.040974583476781845,1.0,0.0,0.0,0.0,0.0
1783989984.900,20995000,201,1,0,0,10.0,25.0,10.0,25.0,8.665603637695312,25.507408142089844,-0.5074083805084229,28.39911651611328,43.906166076660156,0.0,0.0,0.0,1.0,1.0,0.0,-0.7608867883682251,,,,,,,,,,,,,,,,
1783989984.902,21022000,202,1,1,0,10.0,25.0,10.0,25.0,9.301094055175781,25.139137268066406,-0.1391381025314331,43.3714599609375,47.669551849365234,0.0,0.0,0.0,1.0,1.0,0.0,1.2753452062606812,,,,,,,,,,,,,,,,
1783989984.935,21043000,203,1,2,0,10.0,25.0,10.0,25.0,9.264541625976562,24.92136001586914,0.078640878200531,49.19083023071289,46.83324432373047,0.0,0.0,0.0,1.0,1.0,0.0,-1.4567302465438843,,,,,,,,,,,,,,,,
1783989984.953,21057000,204,1,3,0,10.0,25.0,10.0,25.0,9.061989784240723,25.525020599365234,-0.5250215530395508,34.201133728027344,50.1784782409668,0.0,0.0,0.0,1.0,1.0,0.0,0.9677138328552246,,,,,,,,,,,,,,,,
1783989984.971,21074000,205,2,255,0,,,,,,,,,,,,,,,,,0.0,0.0,0.0,0.0,3.0,2.450000047683716,0.0,0.0,-0.09540805965662003,0.06180039048194885,0.04103529080748558,1.0,0.0,0.0,0.0,0.0
1783989984.993,21093000,206,1,0,0,10.0,25.0,10.0,25.0,8.669321060180664,25.505287170410156,-0.505286455154419,28.56612777709961,43.906166076660156,0.0,0.0,0.0,1.0,1.0,0.0,-0.7660930752754211,,,,,,,,,,,,,,,,
1783989985.018,21115000,207,1,1,0,10.0,25.0,10.0,25.0,9.300152778625488,25.139925003051758,-0.13992488384246826,43.45611572265625,47.669551849365234,0.0,0.0,0.0,1.0,1.0,0.0,1.2778654098510742,,,,,,,,,,,,,,,,
1783989985.045,21140000,208,1,2,0,10.0,25.0,10.0,25.0,9.26297664642334,24.920907974243164,0.07909238338470459,49.183719635009766,46.83324432373047,0.0,0.0,0.0,1.0,1.0,0.0,-1.4564470052719116,,,,,,,,,,,,,,,,
1783989985.047,21167000,209,1,3,0,10.0,25.0,10.0,25.0,9.059637069702148,25.528079986572266,-0.5280792713165283,34.02880859375,50.1784782409668,0.0,0.0,0.0,1.0,1.0,0.0,0.9627060890197754,,,,,,,,,,,,,,,,
1783989985.080,21188000,210,2,255,0,,,,,,,,,,,,,,,,,0.0,0.0,0.0,0.0,3.0,2.450000047683716,0.0,0.0,-0.11271023005247116,0.052551720291376114,0.04144145920872688,1.0,0.0,0.0,0.0,0.0
1783989985.097,21202000,211,1,0,0,10.0,25.0,10.0,25.0,8.665432929992676,25.506664276123047,-0.5066633224487305,28.508922576904297,43.906166076660156,0.0,0.0,0.0,1.0,1.0,0.0,-0.7643194794654846,,,,,,,,,,,,,,,,
1783989985.116,21219000,212,1,1,0,10.0,25.0,10.0,25.0,9.300743103027344,25.13974952697754,-0.13974905014038086,43.476619720458984,47.669551849365234,0.0,0.0,0.0,1.0,1.0,0.0,1.2788286209106445,,,,,,,,,,,,,,,,
1783989985.139,21239000,213,1,2,0,10.0,25.0,10.0,25.0,9.262996673583984,24.921993255615234,0.0780060887336731,49.41885757446289,46.83324432373047,0.0,0.0,0.0,1.0,1.0,0.0,-1.4637877941131592,,,,,,,,,,,,,,,,
1783989985.166,21261000,214,1,3,0,10.0,25.0,10.0,25.0,9.061545372009277,25.5246639251709,-0.5246639251708984,34.05677795410156,50.1784782409668,0.0,0.0,0.0,1.0,1.0,0.0,0.9629226922988892,,,,,,,,,,,,,,,,
1783989985.167,21288000,215,2,255,0,,,,,,,,,,,,,,,,,0.0,0.0,0.0,0.0,3.0,2.450000047683716,0.0,0.0,-0.10987181961536407,0.05668623745441437,0.04137029871344566,1.0,0.0,0.0,0.0,0.0
1783989985.202,21309000,216,1,0,0,10.0,25.0,10.0,25.0,8.66832160949707,25.50704574584961,-0.507044792175293,28.397823333740234,43.906166076660156,0.0,0.0,0.0,1.0,1.0,0.0,-0.7611163258552551,,,,,,,,,,,,,,,,
1783989985.220,21324000,217,1,1,0,10.0,25.0,10.0,25.0,9.301793098449707,25.138885498046875,-0.1388847827911377,43.44361877441406,47.669551849365234,0.0,0.0,0.0,1.0,1.0,0.0,1.2778171300888062,,,,,,,,,,,,,,,,
1783989985.240,21341000,218,1,2,0,10.0,25.0,10.0,25.0,9.263411521911621,24.92125701904297,0.07874369621276855,49.290000915527344,46.83324432373047,0.0,0.0,0.0,1.0,1.0,0.0,-1.4596805572509766,,,,,,,,,,,,,,,,
1783989985.264,21362000,219,1,3,0,10.0,25.0,10.0,25.0,9.060042381286621,25.52754020690918,-0.527539849281311,34.25654602050781,50.1784782409668,0.0,0.0,0.0,1.0,1.0,0.0,0.9701319932937622,,,,,,,,,,,,,,,,
1783989985.291,21386000,220,2,255,0,,,,,,,,,,,,,,,,,0.0,0.0,0.0,0.0,3.0,2.450000047683716,0.0,0.0,-0.09404851496219635,0.04542873054742813,0.0410061813890934,1.0,0.0,0.0,0.0,0.0
1783989985.293,21413000,221,1,0,0,10.0,25.0,10.0,25.0,8.666128158569336,25.506423950195312,-0.5064249038696289,28.617389678955078,43.906166076660156,0.0,0.0,0.0,1.0,1.0,0.0,-0.7679268717765808,,,,,,,,,,,,,,,,
1783989985.323,21433000,222,1,1,0,10.0,25.0,10.0,25.0,9.299432754516602,25.14023208618164,-0.14023184776306152,43.39200973510742,47.669551849365234,0.0,0.0,0.0,1.0,1.0,0.0,1.275770664215088,,,,,,,,,,,,,,,,
1783989985.340,21445000,223,1,2,0,10.0,25.0,10.0,25.0,9.26127815246582,24.923110961914062,0.0768899917602539,49.39982604980469,46.83324432373047,0.0,0.0,0.0,1.0,1.0,0.0,-1.4630239009857178,,,,,,,,,,,,,,,,
1783989985.357,21461000,224,1,3,0,10.0,25.0,10.0,25.0,9.061068534851074,25.525348663330078,-0.5253493785858154,34.1922492980957,50.1784782409668,0.0,0.0,0.0,1.0,1.0,0.0,0.9683433771133423,,,,,,,,,,,,,,,,
1783989985.378,21479000,225,2,255,0,,,,,,,,,,,,,,,,,0.0,0.0,0.0,0.0,3.0,2.450000047683716,0.0,0.0,-0.09783685952425003,0.06038052961230278,0.04108831286430359,1.0,0.0,0.0,0.0,0.0
1783989985.401,21499000,226,1,0,0,10.0,25.0,10.0,25.0,8.667449951171875,25.507381439208984,-0.5073815584182739,28.522457122802734,43.906166076660156,0.0,0.0,0.0,1.0,1.0,0.0,-0.7652373313903809,,,,,,,,,,,,,,,,
1783989985.428,21523000,227,1,1,0,10.0,25.0,10.0,25.0,9.301126480102539,25.139083862304688,-0.13908445835113525,43.33800506591797,47.669551849365234,0.0,0.0,0.0,1.0,1.0,0.0,1.2739698886871338,,,,,,,,,,,,,,,,
1783989985.430,21550000,228,1,2,0,10.0,25.0,10.0,25.0,9.263389587402344,24.921316146850586,0.07868409156799316,49.52138900756836,46.83324432373047,0.0,0.0,0.0,1.0,1.0,0.0,-1.4672743082046509,,,,,,,,,,,,,,,,
1783989985.464,21572000,229,1,3,0,10.0,25.0,10.0,25.0,9.060667991638184,25.52635383605957,-0.5263537168502808,34.18814468383789,50.1784782409668,0.0,0.0,0.0,1.0,1.0,0.0,0.9671751260757446,,,,,,,,,,,,,,,,
1783989985.482,21586000,230,2,255,0,,,,,,,,,,,,,,,,,0.0,0.0,0.0,0.0,3.0,2.450000047683716,0.0,0.0,-0.08187787234783173,0.04784480109810829,0.040763866156339645,1.0,0.0,0.0,0.0,0.0
1783989985.501,21603000,231,1,0,0,10.0,25.0,10.0,25.0,8.667962074279785,25.50524139404297,-0.5052417516708374,28.45071029663086,43.906166076660156,0.0,0.0,0.0,1.0,1.0,0.0,-0.7626042366027832,,,,,,,,,,,,,,,,
1783989985.525,21623000,232,1,1,0,10.0,25.0,10.0,25.0,9.300847053527832,25.13975715637207,-0.13975799083709717,43.37247848510742,47.669551849365234,0.0,0.0,0.0,1.0,1.0,0.0,1.2752619981765747,,,,,,,,,,,,,,,,
1783989985.552,21647000,233,1,2,0,10.0,25.0,10.0,25.0,9.261432647705078,24.92292022705078,0.07708072662353516,49.24859619140625,46.83324432373047,0.0,0.0,0.0,1.0,1.0,0.0,-1.4581788778305054,,,,,,,,,,,,,,,,
1783989985.553,21674000,234,1,3,0,10.0,25.0,10.0,25.0,9.059192657470703,25.526866912841797,-0.5268663167953491,34.07093048095703,50.1784782409668,0.0,0.0,0.0,1.0,1.0,0.0,0.963259756565094,,,,,,,,,,,,,,,,
1783989985.587,21695000,235,2,255,0,,,,,,,,,,,,,,,,,0.0,0.0,0.0,0.0,3.0,2.450000047683716,0.0,0.0,-0.09371569752693176,0.0548899881541729,0.04099911451339722,1.0,0.0,0.0,0.0,0.0
1783989985.602,21709000,236,1,0,0,10.0,25.0,10.0,25.0,8.668757438659668,25.50506591796875,-0.50506591796875,28.489944458007812,43.906166076660156,0.0,0.0,0.0,1.0,1.0,0.0,-0.7636078596115112,,,,,,,,,,,,,,,,
1783989985.620,21724000,237,1,1,0,10.0,25.0,10.0,25.0,9.301387786865234,25.13855743408203,-0.13855695724487305,43.365318298339844,47.669551849365234,0.0,0.0,0.0,1.0,1.0,0.0,1.2750933170318604,,,,,,,,,,,,,,,,
1783989985.642,21742000,238,1,2,0,10.0,25.0,10.0,25.0,9.2637939453125,24.92163848876953,0.07836222648620605,49.268924713134766,46.83324432373047,0.0,0.0,0.0,1.0,1.0,0.0,-1.4592422246932983,,,,,,,,,,,,,,,,
1783989985.666,21763000,239,1,3,0,10.0,25.0,10.0,25.0,9.062294006347656,25.52444839477539,-0.524449348449707,34.25234603881836,50.1784782409668,0.0,0.0,0.0,1.0,1.0,0.0,0.9693390130996704,,,,,,,,,,,,,,,,
1783989985.693,21788000,240,2,255,0,,,,,,,,,,,,,,,,,0.0,0.0,0.0,0.0,3.0,2.450000047683716,0.0,0.0,-0.09035611897706985,0.0558411180973053,0.04092918708920479,1.0,0.0,0.0,0.0,0.0
1783989985.696,21815000,241,1,0,0,10.0,25.0,10.0,25.0,8.669560432434082,25.504743576049805,-0.5047440528869629,28.477998733520508,43.906166076660156,0.0,0.0,0.0,1.0,1.0,0.0,-0.7634116411209106,,,,,,,,,,,,,,,,
1783989985.728,21836000,242,1,1,0,10.0,25.0,10.0,25.0,9.30055046081543,25.140247344970703,-0.14024674892425537,43.36743927001953,47.669551849365234,0.0,0.0,0.0,1.0,1.0,0.0,1.2753185033798218,,,,,,,,,,,,,,,,
1783989985.746,21850000,243,1,2,0,10.0,25.0,10.0,25.0,9.26258659362793,24.92156982421875,0.07843077182769775,49.17578125,46.83324432373047,0.0,0.0,0.0,1.0,1.0,0.0,-1.4561823606491089,,,,,,,,,,,,,,,,
1783989985.764,21867000,244,1,3,0,10.0,25.0,10.0,25.0,9.059440612792969,25.526269912719727,-0.5262702703475952,34.009666442871094,50.1784782409668,0.0,0.0,0.0,1.0,1.0,0.0,0.9615594744682312,,,,,,,,,,,,,,,,
1783989985.786,21887000,245,2,255,0,,,,,,,,,,,,,,,,,0.0,0.0,0.0,0.0,3.0,2.450000047683716,0.0,0.0,-0.10672059655189514,0.05092842876911163,0.04129337519407272,1.0,0.0,0.0,0.0,0.0
1783989985.812,21908000,246,1,0,0,10.0,25.0,10.0,25.0,8.66632080078125,25.50499153137207,-0.5049914121627808,28.468509674072266,43.906166076660156,0.0,0.0,0.0,1.0,1.0,0.0,-0.7627766132354736,,,,,,,,,,,,,,,,
1783989985.838,21934000,247,1,1,0,10.0,25.0,10.0,25.0,9.300379753112793,25.139448165893555,-0.13944804668426514,43.618717193603516,47.669551849365234,0.0,0.0,0.0,1.0,1.0,0.0,1.283277988433838,,,,,,,,,,,,,,,,
1783989985.841,21960000,248,1,2,0,10.0,25.0,10.0,25.0,9.264016151428223,24.92104148864746,0.07895827293395996,49.313533782958984,46.83324432373047,0.0,0.0,0.0,1.0,1.0,0.0,-1.4610611200332642,,,,,,,,,,,,,,,,
1783989985.872,21981000,249,1,3,0,10.0,25.0,10.0,25.0,9.061915397644043,25.525056838989258,-0.525057315826416,34.55946350097656,50.1784782409668,0.0,0.0,0.0,1.0,1.0,0.0,0.9796016216278076,,,,,,,,,,,,,,,,
1783989985.888,21993000,250,2,255,0,,,,,,,,,,,,,,,,,0.0,0.0,0.0,0.0,3.0,2.450000047683716,0.0,0.0,-0.09536639600992203,0.05061444640159607,0.04103439301252365,1.0,0.0,0.0,0.0,0.0
1783989985.906,22009000,251,1,0,0,10.0,25.0,10.0,25.0,8.668611526489258,25.506389617919922,-0.5063891410827637,28.549571990966797,43.906166076660156,0.0,0.0,0.0,1.0,1.0,0.0,-0.7657948136329651,,,,,,,,,,,,,,,,
1783989985.928,22027000,252,1,1,0,10.0,25.0,10.0,25.0,9.300827026367188,25.139677047729492,-0.1396775245666504,43.4810905456543,47.669551849365234,0.0,0.0,0.0,1.0,1.0,0.0,1.278945803642273,,,,,,,,,,,,,,,,
1783989985.953,22049000,253,1,2,0,10.0,25.0,10.0,25.0,9.26270866394043,24.921567916870117,0.07843226194381714,49.24769973754883,46.83324432373047,0.0,0.0,0.0,1.0,1.0,0.0,-1.4584693908691406,,,,,,,,,,,,,,,,
1783989985.980,22075000,254,1,3,0,10.0,25.0,10.0,25.0,9.058835983276367,25.528884887695312,-0.5288839340209961,34.196048736572266,50.1784782409668,0.0,0.0,0.0,1.0,1.0,0.0,0.9675251841545105,,,,,,,,,,,,,,,,
1783989985.982,22102000,255,2,255,0,,,,,,,,,,,,,,,,,0.0,0.0,0.0,0.0,3.0,2.450000047683716,0.0,0.0,-0.09564266353845596,0.041638221591711044,0.04104035347700119,1.0,0.0,0.0,0.0,0.0
1783989986.016,22123000,0,1,0,0,10.0,25.0,10.0,25.0,8.665627479553223,25.508426666259766,-0.508427619934082,28.457107543945312,43.906166076660156,0.0,0.0,0.0,1.0,1.0,0.0,-0.7628889083862305,,,,,,,,,,,,,,,,
1783989986.034,22138000,1,1,1,0,10.0,25.0,10.0,25.0,9.299388885498047,25.140195846557617,-0.1401960849761963,43.48903274536133,47.669551849365234,0.0,0.0,0.0,1.0,1.0,0.0,1.2790945768356323,,,,,,,,,,,,,,,,
1783989986.053,22155000,2,1,2,0,10.0,25.0,10.0,25.0,9.261024475097656,24.92363166809082,0.07636845111846924,49.28080749511719,46.83324432373047,0.0,0.0,0.0,1.0,1.0,0.0,-1.4595820903778076,,,,,,,,,,,,,,,,
1783989986.075,22175000,3,1,3,0,10.0,25.0,10.0,25.0,9.06091022491455,25.52587890625,-0.5258798599243164,34.211944580078125,50.1784782409668,0.0,0.0,0.0,1.0,1.0,0.0,0.9686715602874756,,,,,,,,,,,,,,,,
1783989986.100,22197000,4,2,255,0,,,,,,,,,,,,,,,,,0.0,0.0,0.0,0.0,3.0,2.450000047683716,0.0,0.0,-0.10314401984214783,0.046747129410505295,0.041208721697330475,1.0,0.0,0.0,0.0,0.0
1783989986.126,22222000,5,1,0,0,10.0,25.0,10.0,25.0,8.669060707092285,25.506752014160156,-0.5067527294158936,28.615184783935547,43.906166076660156,0.0,0.0,0.0,1.0,1.0,0.0,-0.7683277726173401,,,,,,,,,,,,,,,,
1783989986.128,22248000,6,1,1,0,10.0,25.0,10.0,25.0,9.301294326782227,25.13863754272461,-0.13863742351531982,43.61415100097656,47.669551849365234,0.0,0.0,0.0,1.0,1.0,0.0,1.2833139896392822,,,,,,,,,,,,,,,,
1783989986.162,22269000,7,1,2,0,10.0,25.0,10.0,25.0,9.262307167053223,24.922149658203125,0.0778496265411377,49.286293029785156,46.83324432373047,0.0,0.0,0.0,1.0,1.0,0.0,-1.4595096111297607,,,,,,,,,,,,,,,,
1783989986.178,22283000,8,1,3,0,10.0,25.0,10.0,25.0,9.06099796295166,25.52678871154785,-0.5267888307571411,34.18046569824219,50.1784782409668,0.0,0.0,0.0,1.0,1.0,0.0,0.9672425389289856,,,,,,,,,,,,,,,,
1783989986.196,22299000,9,2,255,0,,,,,,,,,,,,,,,,,0.0,0.0,0.0,0.0,3.0,2.450000047683716,0.0,0.0,-0.10241744667291641,0.0327332504093647,0.04119186848402023,1.0,0.0,0.0,0.0,0.0
1783989986.220,22318000,10,1,0,0,10.0,25.0,10.0,25.0,8.665178298950195,25.50712776184082,-0.5071282386779785,28.4609432220459,43.906166076660156,0.0,0.0,0.0,1.0,1.0,0.0,-0.7626093626022339,,,,,,,,,,,,,,,,
1783989986.245,22341000,11,1,1,0,10.0,25.0,10.0,25.0,9.299439430236816,25.14023208618164,-0.14023184776306152,43.35773468017578,47.669551849365234,0.0,0.0,0.0,1.0,1.0,0.0,1.274690866470337,,,,,,,,,,,,,,,,
1783989986.247,22367000,12,1,2,0,10.0,25.0,10.0,25.0,9.26111888885498,24.923553466796875,0.07644742727279663,49.30050277709961,46.83324432373047,0.0,0.0,0.0,1.0,1.0,0.0,-1.4598767757415771,,,,,,,,,,,,,,,,
1783989986.278,22387000,13,1,3,0,10.0,25.0,10.0,25.0,9.060210227966309,25.526124954223633,-0.5261242389678955,34.17819595336914,50.1784782409668,0.0,0.0,0.0,1.0,1.0,0.0,0.9668533205986023,,,,,,,,,,,,,,,,
1783989986.295,22401000,14,2,255,0,,,,,,,,,,,,,,,,,0.0,0.0,0.0,0.0,3.0,2.450000047683716,0.0,0.0,-0.11218295246362686,0.051970478147268295,0.041428107768297195,1.0,0.0,0.0,0.0,0.0
1783989986.314,22417000,15,1,0,0,10.0,25.0,10.0,25.0,8.6692476272583,25.505319595336914,-0.5053192377090454,28.426624298095703,43.906166076660156,0.0,0.0,0.0,1.0,1.0,0.0,-0.762117326259613,,,,,,,,,,,,,,,,
1783989986.337,22436000,16,1,1,0,10.0,25.0,10.0,25.0,9.30128288269043,25.138647079467773,-0.13864636421203613,43.5247917175293,47.669551849365234,0.0,0.0,0.0,1.0,1.0,0.0,1.2805917263031006,,,,,,,,,,,,,,,,
1783989986.362,22458000,17,1,2,0,10.0,25.0,10.0,25.0,9.263931274414062,24.92146110534668,0.07853955030441284,49.23065185546875,46.83324432373047,0.0,0.0,0.0,1.0,1.0,0.0,-1.458111047744751,,,,,,,,,,,,,,,,
1783989986.389,22484000,18,1,3,0,10.0,25.0,10.0,25.0,9.06120491027832,25.526630401611328,-0.5266308784484863,34.16386413574219,50.1784782409668,0.0,0.0,0.0,1.0,1.0,0.0,0.9664332270622253,,,,,,,,,,,,,,,,
1783989986.391,22511000,19,2,255,0,,,,,,,,,,,,,,,,,0.0,0.0,0.0,0.0,3.0,2.450000047683716,0.0,0.0,-0.10575588792562485,0.04954580217599869,0.041270263493061066,1.0,0.0,0.0,0.0,0.0
1783989986.425,22532000,20,1,0,0,10.0,25.0,10.0,25.0,8.667570114135742,25.504907608032227,-0.5049079656600952,28.46929168701172,43.906166076660156,0.0,0.0,0.0,1.0,1.0,0.0,-0.7631481885910034,,,,,,,,,,,,,,,,
1783989986.443,22547000,21,1,1,0,10.0,25.0,10.0,25.0,9.29910945892334,25.140783309936523,-0.1407831907272339,43.32975769042969,47.669551849365234,0.0,0.0,0.0,1.0,1.0,0.0,1.2739856243133545,,,,,,,,,,,,,,,,
1783989986.464,22565000,22,1,2,0,10.0,25.0,10.0,25.0,9.262304306030273,24.92215919494629,0.07784068584442139,49.18098449707031,46.83324432373047,0.0,0.0,0.0,1.0,1.0,0.0,-1.4563826322555542,,,,,,,,,,,,,,,,
1783989986.487,22586000,23,1,3,0,10.0,25.0,10.0,25.0,9.058364868164062,25.527158737182617,-0.5271583795547485,34.02018737792969,50.1784782409668,0.0,0.0,0.0,1.0,1.0,0.0,0.9615920782089233,,,,,,,,,,,,,,,,
1783989986.514,22609000,24,2,255,0,,,,,,,,,,,,,,,,,0.0,0.0,0.0,0.0,3.0,2.450000047683716,0.0,0.0,-0.11865080893039703,0.053430281579494476,0.04159612953662872,1.0,0.0,0.0,0.0,0.0
1783989986.516,22636000,25,1,0,0,10.0,25.0,10.0,25.0,8.66906452178955,25.50448989868164,-0.5044907331466675,28.473814010620117,43.906166076660156,0.0,0.0,0.0,1.0,1.0,0.0,-0.7633534669876099,,,,,,,,,,,,,,,,
1783989986.549,22657000,26,1,1,0,10.0,25.0,10.0,25.0,9.301380157470703,25.138559341430664,-0.13855993747711182,43.42012023925781,47.669551849365234,0.0,0.0,0.0,1.0,1.0,0.0,1.2770088911056519,,,,,,,,,,,,,,,,
1783989986.567,22671000,27,1,2,0,10.0,25.0,10.0,25.0,9.263216972351074,24.921810150146484,0.07818937301635742,49.21152877807617,46.83324432373047,0.0,0.0,0.0,1.0,1.0,0.0,-1.4569472074508667,,,,,,,,,,,,,,,,
1783989986.567,22688000,28,1,3,0,10.0,25.0,10.0,25.0,9.061450958251953,25.526063919067383,-0.5260646343231201,34.05096435546875,50.1784782409668,0.0,0.0,0.0,1.0,1.0,0.0,0.9628503918647766,,,,,,,,,,,,,,,,
1783989986.609,22707000,29,2,255,0,,,,,,,,,,,,,,,,,0.0,0.0,0.0,0.0,3.0,2.450000047683716,0.0,0.0,-0.10355377197265625,0.055589377880096436,0.04121827706694603,1.0,0.0,0.0,0.0,0.0
1783989986.633,22730000,30,1,0,0,10.0,25.0,10.0,25.0,8.66909122467041,25.50442886352539,-0.5044281482696533,28.472837448120117,43.906166076660156,0.0,0.0,0.0,1.0,1.0,0.0,-0.763224184513092,,,,,,,,,,,,,,,,
1783989986.661,22755000,31,1,1,0,10.0,25.0,10.0,25.0,9.301043510437012,25.139253616333008,-0.13925433158874512,43.46341323852539,47.669551849365234,0.0,0.0,0.0,1.0,1.0,0.0,1.2781972885131836,,,,,,,,,,,,,,,,
1783989986.663,22783000,32,1,2,0,10.0,25.0,10.0,25.0,9.262414932250977,24.922163009643555,0.07783770561218262,49.147789001464844,46.83324432373047,0.0,0.0,0.0,1.0,1.0,0.0,-1.4548487663269043,,,,,,,,,,,,,,,,
1783989986.695,22804000,33,1,3,0,10.0,25.0,10.0,25.0,9.059964179992676,25.525278091430664,-0.525277853012085,34.294586181640625,50.1784782409668,0.0,0.0,0.0,1.0,1.0,0.0,0.9703658819198608,,,,,,,,,,,,,,,,
1783989986.713,22817000,34,2,255,0,,,,,,,,,,,,,,,,,0.0,0.0,0.0,0.0,3.0,2.450000047683716,0.0,0.0,-0.11353505402803421,0.055553991347551346,0.04146247357130051,1.0,0.0,0.0,0.0,0.0
1783989986.732,22834000,35,1,0,0,10.0,25.0,10.0,25.0,8.667877197265625,25.505403518676758,-0.505402684211731,28.582420349121094,43.906166076660156,0.0,0.0,0.0,1.0,1.0,0.0,-0.7670429944992065,,,,,,,,,,,,,,,,
1783989986.755,22854000,36,1,1,0,10.0,25.0,10.0,25.0,9.300424575805664,25.13934898376465,-0.13934969902038574,43.492435455322266,47.669551849365234,0.0,0.0,0.0,1.0,1.0,0.0,1.279002070426941,,,,,,,,,,,,,,,,
1783989986.782,22877000,37,1,2,0,10.0,25.0,10.0,25.0,9.264087677001953,24.9210205078125,0.07897913455963135,49.30254364013672,46.83324432373047,0.0,0.0,0.0,1.0,1.0,0.0,-1.4602805376052856,,,,,,,,,,,,,,,,
1783989986.783,22904000,38,1,3,0,10.0,25.0,10.0,25.0,9.061700820922852,25.525592803955078,-0.5255937576293945,34.25844955444336,50.1784782409668,0.0,0.0,0.0,1.0,1.0,0.0,0.9693744778633118,,,,,,,,,,,,,,,,
1783989986.818,22926000,39,2,255,0,,,,,,,,,,,,,,,,,0.0,0.0,0.0,0.0,3.0,2.450000047683716,0.0,0.0,-0.10775110125541687,0.05183388292789459,0.04131828993558884,1.0,0.0,0.0,0.0,0.0
1783989986.837,22941000,40,1,0,0,10.0,25.0,10.0,25.0,8.668474197387695,25.505586624145508,-0.5055874586105347,28.542163848876953,43.906166076660156,0.0,0.0,0.0,1.0,1.0,0.0,-0.7655395269393921,,,,,,,,,,,,,,,,
1783989986.858,22959000,41,1,1,0,10.0,25.0,10.0,25.0,9.299822807312012,25.14047622680664,-0.14047622680664062,43.416866302490234,47.669551849365234,0.0,0.0,0.0,1.0,1.0,0.0,1.2767807245254517,,,,,,,,,,,,,,,,
1783989986.882,22980000,42,1,2,0,10.0,25.0,10.0,25.0,9.26282787322998,24.922433853149414,0.07756650447845459,49.236106872558594,46.83324432373047,0.0,0.0,0.0,1.0,1.0,0.0,-1.457948088645935,,,,,,,,,,,,,,,,
1783989986.909,23004000,43,1,3,0,10.0,25.0,10.0,25.0,9.059813499450684,25.526655197143555,-0.5266547203063965,34.117584228515625,50.1784782409668,0.0,0.0,0.0,1.0,1.0,0.0,0.9649817943572998,,,,,,,,,,,,,,,,
1783989986.911,23031000,44,2,255,0,,,,,,,,,,,,,,,,,0.0,0.0,0.0,0.0,3.0,2.450000047683716,0.0,0.0,-0.11968951672315598,0.04472648352384567,0.04162396863102913,1.0,0.0,0.0,0.0,0.0
1783989986.945,23052000,45,1,0,0,10.0,25.0,10.0,25.0,8.666080474853516,25.50780487060547,-0.5078047513961792,28.485755920410156,43.906166076660156,0.0,0.0,0.0,1.0,1.0,0.0,-0.7638089060783386,,,,,,,,,,,,,,,,
1783989986.963,23067000,46,1,1,0,10.0,25.0,10.0,25.0,9.300673484802246,25.138872146606445,-0.13887286186218262,43.390953063964844,47.669551849365234,0.0,0.0,0.0,1.0,1.0,0.0,1.275749921798706,,,,,,,,,,,,,,,,
1783989986.982,23084000,47,1,2,0,10.0,25.0,10.0,25.0,9.262054443359375,24.922773361206055,0.07722675800323486,49.235450744628906,46.83324432373047,0.0,0.0,0.0,1.0,1.0,0.0,-1.4578241109848022,,,,,,,,,,,,,,,,
1783989987.005,23104000,48,1,3,0,10.0,25.0,10.0,25.0,9.061317443847656,25.525224685668945,-0.5252242088317871,34.15135192871094,50.1784782409668,0.0,0.0,0.0,1.0,1.0,0.0,0.9660911560058594,,,,,,,,,,,,,,,,
1783989987.032,23127000,49,2,255,0,,,,,,,,,,,,,,,,,0.0,0.0,0.0,0.0,3.0,2.450000047683716,0.0,0.0,-0.12545809149742126,0.05432775616645813,0.041782885789871216,1.0,0.0,0.0,0.0,0.0
1783989987.034,23154000,50,1,0,0,10.0,25.0,10.0,25.0,8.670348167419434,25.505414962768555,-0.505414605140686,28.466018676757812,43.906166076660156,0.0,0.0,0.0,1.0,1.0,0.0,-0.7635282278060913,,,,,,,,,,,,,,,,
1783989987.064,23174000,51,1,1,0,10.0,25.0,10.0,25.0,9.300743103027344,25.13974952697754,-0.13974905014038086,43.38078308105469,47.669551849365234,0.0,0.0,0.0,1.0,1.0,0.0,1.2756718397140503,,,,,,,,,,,,,,,,
1783989987.080,23186000,52,1,2,0,10.0,25.0,10.0,25.0,9.263483047485352,24.921236038208008,0.07876455783843994,49.20461654663086,46.83324432373047,0.0,0.0,0.0,1.0,1.0,0.0,-1.4569088220596313,,,,,,,,,,,,,,,,
1783989987.097,23201000,53,1,3,0,10.0,25.0,10.0,25.0,9.06175422668457,25.526432037353516,-0.5264312028884888,34.002647399902344,50.1784782409668,0.0,0.0,0.0,1.0,1.0,0.0,0.9615740180015564,,,,,,,,,,,,,,,,
1783989987.118,23219000,54,2,255,0,,,,,,,,,,,,,,,,,0.0,0.0,0.0,0.0,3.0,2.450000047683716,0.0,0.0,-0.12323053926229477,0.03721839189529419,0.04172065481543541,1.0,0.0,0.0,0.0,0.0
1783989987.141,23240000,55,1,0,0,10.0,25.0,10.0,25.0,8.66643238067627,25.50576400756836,-0.5057632923126221,28.408517837524414,43.906166076660156,0.0,0.0,0.0,1.0,1.0,0.0,-0.7613623738288879,,,,,,,,,,,,,,,,
1783989987.169,23263000,56,1,1,0,10.0,25.0,10.0,25.0,9.299798011779785,25.14052391052246,-0.14052391052246094,43.349849700927734,47.669551849365234,0.0,0.0,0.0,1.0,1.0,0.0,1.2745450735092163,,,,,,,,,,,,,,,,
1783989987.170,23291000,57,1,2,0,10.0,25.0,10.0,25.0,9.262120246887207,24.92265510559082,0.07734447717666626,49.100284576416016,46.83324432373047,0.0,0.0,0.0,1.0,1.0,0.0,-1.4533419609069824,,,,,,,,,,,,,,,,
1783989987.204,23312000,58,1,3,0,10.0,25.0,10.0,25.0,9.061041831970215,25.5244197845459,-0.5244195461273193,34.354713439941406,50.1784782409668,0.0,0.0,0.0,1.0,1.0,0.0,0.9723674058914185,,,,,,,,,,,,,,,,
1783989987.222,23326000,59,2,255,0,,,,,,,,,,,,,,,,,0.0,0.0,0.0,0.0,3.0,2.450000047683716,0.0,0.0,-0.13428780436515808,0.05208000913262367,0.042040228843688965,1.0,0.0,0.0,0.0,0.0
1783989987.241,23343000,60,1,0,0,10.0,25.0,10.0,25.0,8.668562889099121,25.50564193725586,-0.5056411027908325,28.485429763793945,43.906166076660156,0.0,0.0,0.0,1.0,1.0,0.0,-0.7636458277702332,,,,,,,,,,,,,,,,
1783989987.265,23363000,61,1,1,0,10.0,25.0,10.0,25.0,9.299653053283691,25.139677047729492,-0.1396775245666504,43.331111907958984,47.669551849365234,0.0,0.0,0.0,1.0,1.0,0.0,1.2737611532211304,,,,,,,,,,,,,,,,
1783989987.292,23387000,62,1,2,0,10.0,25.0,10.0,25.0,9.263776779174805,24.920642852783203,0.07935762405395508,49.00074768066406,46.83324432373047,0.0,0.0,0.0,1.0,1.0,0.0,-1.4500950574874878,,,,,,,,,,,,,,,,
1783989987.294,23414000,63,1,3,0,10.0,25.0,10.0,25.0,9.061806678771973,25.526445388793945,-0.5264461040496826,34.17399597167969,50.1784782409668,0.0,0.0,0.0,1.0,1.0,0.0,0.9669585824012756,,,,,,,,,,,,,,,,
1783989987.326,23435000,64,2,255,0,,,,,,,,,,,,,,,,,0.0,0.0,0.0,0.0,3.0,2.450000047683716,0.0,0.0,-0.12827785313129425,0.04583652317523956,0.04186321794986725,1.0,0.0,0.0,0.0,0.0
1783989987.342,23448000,65,1,0,0,10.0,25.0,10.0,25.0,8.666808128356934,25.505165100097656,-0.5051642656326294,28.395458221435547,43.906166076660156,0.0,0.0,0.0,1.0,1.0,0.0,-0.7607420086860657,,,,,,,,,,,,,,,,
1783989987.360,23464000,66,1,1,0,10.0,25.0,10.0,25.0,9.300774574279785,25.139785766601562,-0.1397848129272461,43.41616439819336,47.669551849365234,0.0,0.0,0.0,1.0,1.0,0.0,1.276940107345581,,,,,,,,,,,,,,,,
1783989987.382,23482000,67,1,2,0,10.0,25.0,10.0,25.0,9.263265609741211,24.92132568359375,0.07867515087127686,48.99695587158203,46.83324432373047,0.0,0.0,0.0,1.0,1.0,0.0,-1.4504351615905762,,,,,,,,,,,,,,,,
1783989987.407,23504000,68,1,3,0,10.0,25.0,10.0,25.0,9.060835838317871,25.525903701782227,-0.5259037017822266,34.38688278198242,50.1784782409668,0.0,0.0,0.0,1.0,1.0,0.0,0.9733180403709412,,,,,,,,,,,,,,,,
1783989987.433,23529000,69,2,255,0,,,,,,,,,,,,,,,,,0.0,0.0,0.0,0.0,3.0,2.450000047683716,0.0,0.0,-0.14008009433746338,0.05075224116444588,0.04221828281879425,1.0,0.0,0.0,0.0,0.0
1783989987.435,23555000,70,1,0,0,10.0,25.0,10.0,25.0,8.667520523071289,25.50726318359375,-0.5072623491287231,28.420154571533203,43.906166076660156,0.0,0.0,0.0,1.0,1.0,0.0,-0.7617174386978149,,,,,,,,,,,,,,,,
1783989987.467,23576000,71,1,1,0,10.0,25.0,10.0,25.0,9.301387786865234,25.13855743408203,-0.13855695724487305,43.53144073486328,47.669551849365234,0.0,0.0,0.0,1.0,1.0,0.0,1.2806328535079956,,,,,,,,,,,,,,,,
1783989987.483,23589000,72,1,2,0,10.0,25.0,10.0,25.0,9.263908386230469,24.921506881713867,0.07849335670471191,49.076568603515625,46.83324432373047,0.0,0.0,0.0,1.0,1.0,0.0,-1.4529796838760376,,,,,,,,,,,,,,,,
1783989987.501,23605000,73,1,3,0,10.0,25.0,10.0,25.0,9.062376976013184,25.52536392211914,-0.5253642797470093,34.31383514404297,50.1784782409668,0.0,0.0,0.0,1.0,1.0,0.0,0.9713274240493774,,,,,,,,,,,,,,,,
1783989987.525,23623000,74,2,255,0,,,,,,,,,,,,,,,,,0.0,0.0,0.0,0.0,3.0,2.450000047683716,0.0,0.0,-0.12644195556640625,0.054127782583236694,0.041810717433691025,1.0,0.0,0.0,0.0,0.0
1783989987.550,23646000,75,1,0,0,10.0,25.0,10.0,25.0,8.669782638549805,25.50419807434082,-0.5041986703872681,28.570911407470703,43.906166076660156,0.0,0.0,0.0,1.0,1.0,0.0,-0.7667741775512695,,,,,,,,,,,,,,,,
1783989987.577,23672000,76,1,1,0,10.0,25.0,10.0,25.0,9.299838066101074,25.140560150146484,-0.14055967330932617,43.4034423828125,47.669551849365234,0.0,0.0,0.0,1.0,1.0,0.0,1.2762187719345093,,,,,,,,,,,,,,,,
1783989987.580,23699000,77,1,2,0,10.0,25.0,10.0,25.0,9.261842727661133,24.923234939575195,0.07676482200622559,49.18614959716797,46.83324432373047,0.0,0.0,0.0,1.0,1.0,0.0,-1.4565085172653198,,,,,,,,,,,,,,,,
1783989987.612,23720000,78,1,3,0,10.0,25.0,10.0,25.0,9.059791564941406,25.525718688964844,-0.5257189273834229,34.12803649902344,50.1784782409668,0.0,0.0,0.0,1.0,1.0,0.0,0.9652912020683289,,,,,,,,,,,,,,,,
1783989987.629,23734000,79,2,255,0,,,,,,,,,,,,,,,,,0.0,0.0,0.0,0.0,3.0,2.450000047683716,0.0,0.0,-0.14217282831668854,0.06196510046720505,0.04228441044688225,1.0,0.0,0.0,0.0,0.0
1783989987.649,23751000,80,1,0,0,10.0,25.0,10.0,25.0,8.666925430297852,25.506103515625,-0.5061030387878418,28.426387786865234,43.906166076660156,0.0,0.0,0.0,1.0,1.0,0.0,-0.7618900537490845,,,,,,,,,,,,,,,,
1783989987.673,23771000,81,1,1,0,10.0,25.0,10.0,25.0,9.301033973693848,25.139162063598633,-0.13916194438934326,43.48080062866211,47.669551849365234,0.0,0.0,0.0,1.0,1.0,0.0,1.2789338827133179,,,,,,,,,,,,,,,,
1783989987.699,23795000,82,1,2,0,10.0,25.0,10.0,25.0,9.263585090637207,24.922157287597656,0.07784217596054077,49.342098236083984,46.83324432373047,0.0,0.0,0.0,1.0,1.0,0.0,-1.4614075422286987,,,,,,,,,,,,,,,,
1783989987.702,23821000,83,1,3,0,10.0,25.0,10.0,25.0,9.060776710510254,25.526254653930664,-0.5262553691864014,34.038516998291016,50.1784782409668,0.0,0.0,0.0,1.0,1.0,0.0,0.9625861644744873,,,,,,,,,,,,,,,,
1783989987.736,23844000,84,2,255,0,,,,,,,,,,,,,,,,,0.0,0.0,0.0,0.0,3.0,2.450000047683716,0.0,0.0,-0.12860482931137085,0.06130644679069519,0.04187264293432236,1.0,0.0,0.0,0.0,0.0
1783989987.755,23859000,85,1,0,0,10.0,25.0,10.0,25.0,8.6690673828125,25.504487991333008,-0.5044877529144287,28.52362823486328,43.906166076660156,0.0,0.0,0.0,1.0,1.0,0.0,-0.7647421956062317,,,,,,,,,,,,,,,,
1783989987.775,23876000,86,1,1,0,10.0,25.0,10.0,25.0,9.301502227783203,25.139469146728516,-0.13946890830993652,43.44914245605469,47.669551849365234,0.0,0.0,0.0,1.0,1.0,0.0,1.2780697345733643,,,,,,,,,,,,,,,,
1783989987.798,23897000,87,1,2,0,10.0,25.0,10.0,25.0,9.26241683959961,24.92215919494629,0.07784068584442139,49.313724517822266,46.83324432373047,0.0,0.0,0.0,1.0,1.0,0.0,-1.4600964784622192,,,,,,,,,,,,,,,,
1783989987.825,23921000,88,1,3,0,10.0,25.0,10.0,25.0,9.059757232666016,25.526762008666992,-0.5267620086669922,34.27329635620117,50.1784782409668,0.0,0.0,0.0,1.0,1.0,0.0,0.9700003862380981,,,,,,,,,,,,,,,,
1783989987.827,23947000,89,2,255,0,,,,,,,,,,,,,,,,,0.0,0.0,0.0,0.0,3.0,2.450000047683716,0.0,0.0,-0.13325586915016174,0.05606727674603462,0.042009275406599045,1.0,0.0,0.0,0.0,0.0
1783989987.860,23968000,90,1,0,0,10.0,25.0,10.0,25.0,8.667927742004395,25.505294799804688,-0.5052953958511353,28.521236419677734,43.906166076660156,0.0,0.0,0.0,1.0,1.0,0.0,-0.7648976445198059,,,,,,,,,,,,,,,,
1783989987.877,23982000,91,1,1,0,10.0,25.0,10.0,25.0,9.301070213317871,25.13919448852539,-0.13919472694396973,43.4501953125,47.669551849365234,0.0,0.0,0.0,1.0,1.0,0.0,1.2779885530471802,,,,,,,,,,,,,,,,
1783989987.895,23998000,92,1,2,0,10.0,25.0,10.0,25.0,9.264023780822754,24.92102813720703,0.07897168397903442,49.312171936035156,46.83324432373047,0.0,0.0,0.0,1.0,1.0,0.0,-1.4606430530548096,,,,,,,,,,,,,,,,
1783989987.918,24017000,93,1,3,0,10.0,25.0,10.0,25.0,9.060998916625977,25.525712966918945,-0.5257129669189453,34.15176773071289,50.1784782409668,0.0,0.0,0.0,1.0,1.0,0.0,0.9658795595169067,,,,,,,,,,,,,,,,
1783989987.944,24039000,94,2,255,0,,,,,,,,,,,,,,,,,0.0,0.0,0.0,0.0,3.0,2.450000047683716,0.0,0.0,-0.13193108141422272,0.06604236364364624,0.04196987673640251,1.0,0.0,0.0,0.0,0.0
1783989987.946,24066000,95,1,0,0,10.0,25.0,10.0,25.0,8.66871166229248,25.506439208984375,-0.5064398050308228,28.44391632080078,43.906166076660156,0.0,0.0,0.0,1.0,1.0,0.0,-0.7623875737190247,,,,,,,,,,,,,,,,
1783989987.977,24086000,96,1,1,0,10.0,25.0,10.0,25.0,9.300837516784668,25.139665603637695,-0.1396656036376953,43.42096710205078,47.669551849365234,0.0,0.0,0.0,1.0,1.0,0.0,1.2771575450897217,,,,,,,,,,,,,,,,
1783989987.994,24099000,97,1,2,0,10.0,25.0,10.0,25.0,9.262636184692383,24.92159652709961,0.07840394973754883,49.2730712890625,46.83324432373047,0.0,0.0,0.0,1.0,1.0,0.0,-1.4590463638305664,,,,,,,,,,,,,,,,
1783989988.012,24115000,98,1,3,0,10.0,25.0,10.0,25.0,9.060036659240723,25.527551651000977,-0.5275517702102661,34.136112213134766,50.1784782409668,0.0,0.0,0.0,1.0,1.0,0.0,0.9653820991516113,,,,,,,,,,,,,,,,
1783989988.036,24134000,99,2,255,0,,,,,,,,,,,,,,,,,0.0,0.0,0.0,0.0,3.0,2.450000047683716,0.0,0.0,-0.12177899479866028,0.04890384152531624,0.04168068990111351,1.0,0.0,0.0,0.0,0.0
1783989988.061,24157000,100,1,0,0,10.0,25.0,10.0,25.0,8.665748596191406,25.50608253479004,-0.5060821771621704,28.465473175048828,43.906166076660156,0.0,0.0,0.0,1.0,1.0,0.0,-0.7627226710319519,,,,,,,,,,,,,,,,
1783989988.088,24183000,101,1,1,0,10.0,25.0,10.0,25.0,9.29963207244873,25.1406307220459,-0.14063119888305664,43.41082763671875,47.669551849365234,0.0,0.0,0.0,1.0,1.0,0.0,1.2766757011413574,,,,,,,,,,,,,,,,
1783989988.090,24210000,102,1,2,0,10.0,25.0,10.0,25.0,9.262201309204102,24.92363166809082,0.07636845111846924,49.19673156738281,46.83324432373047,0.0,0.0,0.0,1.0,1.0,0.0,-1.4568215608596802,,,,,,,,,,,,,,,,
1783989988.123,24231000,103,1,3,0,10.0,25.0,10.0,25.0,9.061392784118652,25.524723052978516,-0.5247235298156738,34.21187210083008,50.1784782409668,0.0,0.0,0.0,1.0,1.0,0.0,0.9680279493331909,,,,,,,,,,,,,,,,
1783989988.142,24246000,104,2,255,0,,,,,,,,,,,,,,,,,0.0,0.0,0.0,0.0,3.0,2.450000047683716,0.0,0.0,-0.12438081204891205,0.06372475624084473,0.0417526550590992,1.0,0.0,0.0,0.0,0.0
1783989988.162,24263000,105,1,0,0,10.0,25.0,10.0,25.0,8.66891098022461,25.50594711303711,-0.5059480667114258,28.560564041137695,43.906166076660156,0.0,0.0,0.0,1.0,1.0,0.0,-0.7662164568901062,,,,,,,,,,,,,,,,
1783989988.185,24284000,106,1,1,0,10.0,25.0,10.0,25.0,9.301095008850098,25.13914680480957,-0.13914704322814941,43.45816421508789,47.669551849365234,0.0,0.0,0.0,1.0,1.0,0.0,1.2781982421875,,,,,,,,,,,,,,,,
1783989988.212,24307000,107,1,2,0,10.0,25.0,10.0,25.0,9.263742446899414,24.920612335205078,0.07938742637634277,49.228294372558594,46.83324432373047,0.0,0.0,0.0,1.0,1.0,0.0,-1.4573845863342285,,,,,,,,,,,,,,,,
1783989988.214,24334000,108,1,3,0,10.0,25.0,10.0,25.0,9.059996604919434,25.52667808532715,-0.5266785621643066,34.18811798095703,50.1784782409668,0.0,0.0,0.0,1.0,1.0,0.0,0.9666118025779724,,,,,,,,,,,,,,,,
1783989988.248,24355000,109,2,255,0,,,,,,,,,,,,,,,,,0.0,0.0,0.0,0.0,3.0,2.450000047683716,0.0,0.0,-0.11468593031167984,0.059330426156520844,0.0414920374751091,1.0,0.0,0.0,0.0,0.0
1783989988.266,24370000,110,1,0,0,10.0,25.0,10.0,25.0,8.666743278503418,25.505273818969727,-0.5052745342254639,28.58554458618164,43.906166076660156,0.0,0.0,0.0,1.0,1.0,0.0,-0.7667191028594971,,,,,,,,,,,,,,,,
1783989988.286,24388000,111,1,1,0,10.0,25.0,10.0,25.0,9.29977035522461,25.140581130981445,-0.14058053493499756,43.41514587402344,47.669551849365234,0.0,0.0,0.0,1.0,1.0,0.0,1.2768648862838745,,,,,,,,,,,,,,,,
1783989988.309,24408000,112,1,2,0,10.0,25.0,10.0,25.0,9.261576652526855,24.923765182495117,0.07623434066772461,48.978729248046875,46.83324432373047,0.0,0.0,0.0,1.0,1.0,0.0,-1.4495939016342163,,,,,,,,,,,,,,,,
1783989988.336,24431000,113,1,3,0,10.0,25.0,10.0,25.0,9.059670448303223,25.52583885192871,-0.5258381366729736,34.17252731323242,50.1784782409668,0.0,0.0,0.0,1.0,1.0,0.0,0.9664149880409241,,,,,,,,,,,,,,,,
1783989988.338,24458000,114,2,255,0,,,,,,,,,,,,,,,,,0.0,0.0,0.0,0.0,3.0,2.450000047683716,0.0,0.0,-0.12293510138988495,0.06987497955560684,0.04171248525381088,1.0,0.0,0.0,0.0,0.0
1783989988.370,24479000,115,1,0,0,10.0,25.0,10.0,25.0,8.668289184570312,25.50700569152832,-0.507006049156189,28.380874633789062,43.906166076660156,0.0,0.0,0.0,1.0,1.0,0.0,-0.7605138421058655,,,,,,,,,,,,,,,,
1783989988.387,24492000,116,1,1,0,10.0,25.0,10.0,25.0,9.300851821899414,25.13961410522461,-0.13961493968963623,43.42204666137695,47.669551849365234,0.0,0.0,0.0,1.0,1.0,0.0,1.277117133140564,,,,,,,,,,,,,,,,
1783989988.405,24508000,117,1,2,0,10.0,25.0,10.0,25.0,9.264493942260742,24.92133903503418,0.07866024971008301,49.31421661376953,46.83324432373047,0.0,0.0,0.0,1.0,1.0,0.0,-1.4609193801879883,,,,,,,,,,,,,,,,
1783989988.428,24528000,118,1,3,0,10.0,25.0,10.0,25.0,9.061790466308594,25.5255184173584,-0.5255192518234253,34.092201232910156,50.1784782409668,0.0,0.0,0.0,1.0,1.0,0.0,0.9641352891921997,,,,,,,,,,,,,,,,
1783989988.455,24550000,119,2,255,0,,,,,,,,,,,,,,,,,0.0,0.0,0.0,0.0,3.0,2.450000047683716,0.0,0.0,-0.11083897948265076,0.07765928655862808,0.041394349187612534,1.0,0.0,0.0,0.0,0.0
1783989988.456,24577000,120,1,0,0,10.0,25.0,10.0,25.0,8.669098854064941,25.50442886352539,-0.5044281482696533,28.455421447753906,43.906166076660156,0.0,0.0,0.0,1.0,1.0,0.0,-0.7627754211425781,,,,,,,,,,,,,,,,
1783989988.490,24598000,121,1,1,0,10.0,25.0,10.0,25.0,9.299845695495605,25.140554428100586,-0.14055371284484863,43.3590202331543,47.669551849365234,0.0,0.0,0.0,1.0,1.0,0.0,1.2749810218811035,,,,,,,,,,,,,,,,
1783989988.509,24613000,122,1,2,0,10.0,25.0,10.0,25.0,9.262557029724121,24.921628952026367,0.07837116718292236,49.29965591430664,46.83324432373047,0.0,0.0,0.0,1.0,1.0,0.0,-1.460679054260254,,,,,,,,,,,,,,,,
1783989988.529,24630000,123,1,3,0,10.0,25.0,10.0,25.0,9.061532974243164,25.524669647216797,-0.524669885635376,33.89441680908203,50.1784782409668,0.0,0.0,0.0,1.0,1.0,0.0,0.9580577611923218,,,,,,,,,,,,,,,,
1783989988.551,24651000,124,2,255,0,,,,,,,,,,,,,,,,,0.0,0.0,0.0,0.0,3.0,2.450000047683716,0.0,0.0,-0.1255420595407486,0.07940075546503067,0.04178525134921074,1.0,0.0,0.0,0.0,0.0
1783989988.575,24674000,125,1,0,0,10.0,25.0,10.0,25.0,8.668000221252441,25.505277633666992,-0.5052775144577026,28.484203338623047,43.906166076660156,0.0,0.0,0.0,1.0,1.0,0.0,-0.7634581327438354,,,,,,,,,,,,,,,,
1783989988.602,24697000,126,1,1,0,10.0,25.0,10.0,25.0,9.301006317138672,25.13921546936035,-0.1392155885696411,43.46021270751953,47.669551849365234,0.0,0.0,0.0,1.0,1.0,0.0,1.2783221006393433,,,,,,,,,,,,,,,,
1783989988.604,24724000,127,1,2,0,10.0,25.0,10.0,25.0,9.261406898498535,24.9229736328125,0.0770270824432373,49.260162353515625,46.83324432373047,0.0,0.0,0.0,1.0,1.0,0.0,-1.4586236476898193,,,,,,,,,,,,,,,,
1783989988.636,24745000,128,1,3,0,10.0,25.0,10.0,25.0,9.06258487701416,25.52387046813965,-0.5238711833953857,34.35322189331055,50.1784782409668,0.0,0.0,0.0,1.0,1.0,0.0,0.9726443290710449,,,,,,,,,,,,,,,,
1783989988.653,24758000,129,2,255,0,,,,,,,,,,,,,,,,,0.0,0.0,0.0,0.0,3.0,2.450000047683716,0.0,0.0,-0.11346880346536636,0.07944830507040024,0.041460778564214706,1.0,0.0,0.0,0.0,0.0
1783989988.669,24774000,130,1,0,0,10.0,25.0,10.0,25.0,8.668000221252441,25.505277633666992,-0.5052775144577026,28.585067749023438,43.906166076660156,0.0,0.0,0.0,1.0,1.0,0.0,-0.7670182585716248,,,,,,,,,,,,,,,,
1783989988.690,24791000,131,1,1,0,10.0,25.0,10.0,25.0,9.301006317138672,25.13921546936035,-0.1392155885696411,43.82252883911133,47.669551849365234,0.0,0.0,0.0,1.0,1.0,0.0,1.2904274463653564,,,,,,,,,,,,,,,,
1783989988.711,24811000,132,1,2,0,10.0,25.0,10.0,25.0,9.261465072631836,24.922853469848633,0.07714629173278809,49.29759216308594,46.83324432373047,0.0,0.0,0.0,1.0,1.0,0.0,-1.4597734212875366,,,,,,,,,,,,,,,,
1783989988.737,24833000,133,1,3,0,10.0,25.0,10.0,25.0,9.057891845703125,25.528175354003906,-0.528174638748169,33.833152770996094,50.1784782409668,0.0,0.0,0.0,1.0,1.0,0.0,0.9554808735847473,,,,,,,,,,,,,,,,
1783989988.765,24859000,134,2,255,0,,,,,,,,,,,,,,,,,0.0,0.0,0.0,0.0,3.0,2.450000047683716,0.0,0.0,-0.11989818513393402,0.07217127084732056,0.04162959009408951,1.0,0.0,0.0,0.0,0.0
1783989988.767,24887000,135,1,0,0,10.0,25.0,10.0,25.0,8.668000221252441,25.505277633666992,-0.5052775144577026,28.59622573852539,43.906166076660156,0.0,0.0,0.0,1.0,1.0,0.0,-0.7674120664596558,,,,,,,,,,,,,,,,
1783989988.801,24908000,136,1,1,0,10.0,25.0,10.0,25.0,9.301067352294922,25.139205932617188,-0.1392066478729248,43.64447784423828,47.669551849365234,0.0,0.0,0.0,1.0,1.0,0.0,1.2844786643981934,,,,,,,,,,,,,,,,
1783989988.819,24923000,137,1,2,0,10.0,25.0,10.0,25.0,9.262629508972168,24.921607971191406,0.07839202880859375,49.29193115234375,46.83324432373047,0.0,0.0,0.0,1.0,1.0,0.0,-1.4595929384231567,,,,,,,,,,,,,,,,
1783989988.839,24941000,138,1,3,0,10.0,25.0,10.0,25.0,9.060860633850098,25.525760650634766,-0.5257606506347656,34.126060485839844,50.1784782409668,0.0,0.0,0.0,1.0,1.0,0.0,0.9654824137687683,,,,,,,,,,,,,,,,
1783989988.864,24962000,139,2,255,0,,,,,,,,,,,,,,,,,0.0,0.0,0.0,0.0,3.0,2.450000047683716,0.0,0.0,-0.11897111684083939,0.07787912338972092,0.04160469025373459,1.0,0.0,0.0,0.0,0.0
1783989988.891,24986000,140,1,0,0,10.0,25.0,10.0,25.0,8.668367385864258,25.5070743560791,-0.5070745944976807,28.616029739379883,43.906166076660156,0.0,0.0,0.0,1.0,1.0,0.0,-0.7680065035820007,,,,,,,,,,,,,,,,
1783989988.893,25013000,141,1,1,0,10.0,25.0,10.0,25.0,9.300743103027344,25.13974952697754,-0.13974905014038086,43.52878952026367,47.669551849365234,0.0,0.0,0.0,1.0,1.0,0.0,1.2806892395019531,,,,,,,,,,,,,,,,
1783989988.924,25033000,142,1,2,0,10.0,25.0,10.0,25.0,9.262072563171387,24.922624588012695,0.07737576961517334,49.17110824584961,46.83324432373047,0.0,0.0,0.0,1.0,1.0,0.0,-1.455735206604004,,,,,,,,,,,,,,,,
1783989988.941,25046000,143,1,3,0,10.0,25.0,10.0,25.0,9.060044288635254,25.527545928955078,-0.5275458097457886,34.01313018798828,50.1784782409668,0.0,0.0,0.0,1.0,1.0,0.0,0.9615998268127441,,,,,,,,,,,,,,,,
1783989988.959,25062000,144,2,255,0,,,,,,,,,,,,,,,,,0.0,0.0,0.0,0.0,3.0,2.450000047683716,0.0,0.0,-0.10642434656620026,0.05831904709339142,0.04128625616431236,1.0,0.0,0.0,0.0,0.0
1783989988.981,25082000,145,1,0,0,10.0,25.0,10.0,25.0,8.664497375488281,25.50829315185547,-0.5082935094833374,28.548046112060547,43.906166076660156,0.0,0.0,0.0,1.0,1.0,0.0,-0.7656716704368591,,,,,,,,,,,,,,,,
1783989989.006,25103000,146,1,1,0,10.0,25.0,10.0,25.0,9.29907512664795,25.140846252441406,-0.14084577560424805,43.458534240722656,47.669551849365234,0.0,0.0,0.0,1.0,1.0,0.0,1.2781484127044678,,,,,,,,,,,,,,,,
1783989989.033,25129000,147,1,2,0,10.0,25.0,10.0,25.0,9.261310577392578,24.92304801940918,0.07695257663726807,49.1831169128418,46.83324432373047,0.0,0.0,0.0,1.0,1.0,0.0,-1.4560800790786743,,,,,,,,,,,,,,,,
1783989989.035,25155000,148,1,3,0,10.0,25.0,10.0,25.0,9.061187744140625,25.525218963623047,-0.5252182483673096,34.06402587890625,50.1784782409668,0.0,0.0,0.0,1.0,1.0,0.0,0.9631444811820984,,,,,,,,,,,,,,,,
1783989989.067,25176000,149,2,255,0,,,,,,,,,,,,,,,,,0.0,0.0,0.0,0.0,3.0,2.450000047683716,0.0,0.0,-0.11059597134590149,0.06787147372961044,0.04138828441500664,1.0,0.0,0.0,0.0,0.0
1783989989.083,25189000,150,1,0,0,10.0,25.0,10.0,25.0,8.669018745422363,25.5058650970459,-0.5058646202087402,28.46346664428711,43.906166076660156,0.0,0.0,0.0,1.0,1.0,0.0,-0.7630302906036377,,,,,,,,,,,,,,,,
1783989989.101,25205000,151,1,1,0,10.0,25.0,10.0,25.0,9.301198959350586,25.139062881469727,-0.13906359672546387,43.31773376464844,47.669551849365234,0.0,0.0,0.0,1.0,1.0,0.0,1.2735594511032104,,,,,,,,,,,,,,,,
1783989989.124,25223000,152,1,2,0,10.0,25.0,10.0,25.0,9.26318073272705,24.921730041503906,0.0782698392868042,49.07569885253906,46.83324432373047,0.0,0.0,0.0,1.0,1.0,0.0,-1.4529346227645874,,,,,,,,,,,,,,,,
1783989989.149,25246000,153,1,3,0,10.0,25.0,10.0,25.0,9.061614990234375,25.52694320678711,-0.5269438028335571,34.08613967895508,50.1784782409668,0.0,0.0,0.0,1.0,1.0,0.0,0.9640436172485352,,,,,,,,,,,,,,,,
1783989989.151,25272000,154,2,255,0,,,,,,,,,,,,,,,,,0.0,0.0,0.0,0.0,3.0,2.450000047683716,0.0,0.0,-0.10745258629322052,0.05876883119344711,0.04131104797124863,1.0,0.0,0.0,0.0,0.0
1783989989.183,25292000,155,1,0,0,10.0,25.0,10.0,25.0,8.666545867919922,25.505664825439453,-0.5056649446487427,28.444782257080078,43.906166076660156,0.0,0.0,0.0,1.0,1.0,0.0,-0.762155294418335,,,,,,,,,,,,,,,,
1783989989.200,25305000,156,1,1,0,10.0,25.0,10.0,25.0,9.300819396972656,25.139719009399414,-0.13971924781799316,43.207698822021484,47.669551849365234,0.0,0.0,0.0,1.0,1.0,0.0,1.2704144716262817,,,,,,,,,,,,,,,,
1783989989.218,25321000,157,1,2,0,10.0,25.0,10.0,25.0,9.26114559173584,24.923498153686523,0.07650256156921387,49.025596618652344,46.83324432373047,0.0,0.0,0.0,1.0,1.0,0.0,-1.4507346153259277,,,,,,,,,,,,,,,,
1783989989.241,25341000,158,1,3,0,10.0,25.0,10.0,25.0,9.059443473815918,25.526264190673828,-0.5262643098831177,34.15372085571289,50.1784782409668,0.0,0.0,0.0,1.0,1.0,0.0,0.9658586382865906,,,,,,,,,,,,,,,,
1783989989.268,25363000,159,2,255,0,,,,,,,,,,,,,,,,,0.0,0.0,0.0,0.0,3.0,2.450000047683716,0.0,0.0,-0.12234470248222351,0.054753005504608154,0.0416962094604969,1.0,0.0,0.0,0.0,0.0
1783989989.269,25390000,160,1,0,0,10.0,25.0,10.0,25.0,8.667083740234375,25.506990432739258,-0.5069911479949951,28.460128784179688,43.906166076660156,0.0,0.0,0.0,1.0,1.0,0.0,-0.7627552151679993,,,,,,,,,,,,,,,,
1783989989.303,25411000,161,1,1,0,10.0,25.0,10.0,25.0,9.301117897033691,25.139087677001953,-0.13908743858337402,43.41441345214844,47.669551849365234,0.0,0.0,0.0,1.0,1.0,0.0,1.2768800258636475,,,,,,,,,,,,,,,,
1783989989.321,25425000,162,1,2,0,10.0,25.0,10.0,25.0,9.264060020446777,24.920978546142578,0.07902085781097412,49.183536529541016,46.83324432373047,0.0,0.0,0.0,1.0,1.0,0.0,-1.4564874172210693,,,,,,,,,,,,,,,,
1783989989.340,25442000,163,1,3,0,10.0,25.0,10.0,25.0,9.061860084533691,25.526350021362305,-0.526350736618042,34.13928985595703,50.1784782409668,0.0,0.0,0.0,1.0,1.0,0.0,0.9658278822898865,,,,,,,,,,,,,,,,
1783989989.362,25462000,164,2,255,0,,,,,,,,,,,,,,,,,0.0,0.0,0.0,0.0,3.0,2.450000047683716,0.0,0.0,-0.11116454005241394,0.05601262301206589,0.04140248894691467,1.0,0.0,0.0,0.0,0.0
1783989989.387,25485000,165,1,0,0,10.0,25.0,10.0,25.0,8.668357849121094,25.506982803344727,-0.5069822072982788,28.524812698364258,43.906166076660156,0.0,0.0,0.0,1.0,1.0,0.0,-0.765511691570282,,,,,,,,,,,,,,,,
1783989989.414,25509000,166,1,1,0,10.0,25.0,10.0,25.0,9.30159854888916,25.139389038085938,-0.13938844203948975,43.20884704589844,47.669551849365234,0.0,0.0,0.0,1.0,1.0,0.0,1.2704193592071533,,,,,,,,,,,,,,,,
1783989989.416,25536000,167,1,2,0,10.0,25.0,10.0,25.0,9.262295722961426,24.922163009643555,0.07783621549606323,49.27783203125,46.83324432373047,0.0,0.0,0.0,1.0,1.0,0.0,-1.4598246812820435,,,,,,,,,,,,,,,,
1783989989.447,25556000,168,1,3,0,10.0,25.0,10.0,25.0,9.060218811035156,25.52598762512207,-0.5259871482849121,33.99744415283203,50.1784782409668,0.0,0.0,0.0,1.0,1.0,0.0,0.9615494012832642,,,,,,,,,,,,,,,,
1783989989.464,25569000,169,2,255,0,,,,,,,,,,,,,,,,,0.0,0.0,0.0,0.0,3.0,2.450000047683716,0.0,0.0,-0.11403826624155045,0.059709034860134125,0.041475363075733185,1.0,0.0,0.0,0.0,0.0
1783989989.481,25585000,170,1,0,0,10.0,25.0,10.0,25.0,8.666704177856445,25.506649017333984,-0.5066484212875366,28.345735549926758,43.906166076660156,0.0,0.0,0.0,1.0,1.0,0.0,-0.7591318488121033,,,,,,,,,,,,,,,,
1783989989.503,25603000,171,1,1,0,10.0,25.0,10.0,25.0,9.300312995910645,25.139474868774414,-0.13947486877441406,43.427085876464844,47.669551849365234,0.0,0.0,0.0,1.0,1.0,0.0,1.2770848274230957,,,,,,,,,,,,,,,,
1783989989.528,25625000,172,1,2,0,10.0,25.0,10.0,25.0,9.262866973876953,24.92237663269043,0.07762312889099121,49.141780853271484,46.83324432373047,0.0,0.0,0.0,1.0,1.0,0.0,-1.454921007156372,,,,,,,,,,,,,,,,
1783989989.555,25650000,173,1,3,0,10.0,25.0,10.0,25.0,9.060887336730957,25.52484893798828,-0.5248486995697021,33.984107971191406,50.1784782409668,0.0,0.0,0.0,1.0,1.0,0.0,0.9608407616615295,,,,,,,,,,,,,,,,
1783989989.557,25677000,174,2,255,0,,,,,,,,,,,,,,,,,0.0,0.0,0.0,0.0,3.0,2.450000047683716,0.0,0.0,-0.10271533578634262,0.06613299995660782,0.041198763996362686,1.0,0.0,0.0,0.0,0.0
1783989989.587,25697000,175,1,0,0,10.0,25.0,10.0,25.0,8.669402122497559,25.50385856628418,-0.5038589239120483,28.547542572021484,43.906166076660156,0.0,0.0,0.0,1.0,1.0,0.0,-0.7656700611114502,,,,,,,,,,,,,,,,
1783989989.603,25710000,176,1,1,0,10.0,25.0,10.0,25.0,9.300802230834961,25.139724731445312,-0.1397252082824707,43.37180709838867,47.669551849365234,0.0,0.0,0.0,1.0,1.0,0.0,1.2753567695617676,,,,,,,,,,,,,,,,
1783989989.619,25725000,177,1,2,0,10.0,25.0,10.0,25.0,9.26298999786377,24.921890258789062,0.07810890674591064,49.364131927490234,46.83324432373047,0.0,0.0,0.0,1.0,1.0,0.0,-1.462570071220398,,,,,,,,,,,,,,,,
1783989989.639,25741000,178,1,3,0,10.0,25.0,10.0,25.0,9.061517715454102,25.52472686767578,-0.5247265100479126,34.06539535522461,50.1784782409668,0.0,0.0,0.0,1.0,1.0,0.0,0.9629793763160706,,,,,,,,,,,,,,,,
1783989989.660,25761000,179,2,255,0,,,,,,,,,,,,,,,,,0.0,0.0,0.0,0.0,3.0,2.450000047683716,0.0,0.0,-0.0966043546795845,0.0682925209403038,0.041061244904994965,1.0,0.0,0.0,0.0,0.0
1783989989.682,25782000,180,1,0,0,10.0,25.0,10.0,25.0,8.667469024658203,25.504981994628906,-0.5049824714660645,28.577342987060547,43.906166076660156,0.0,0.0,0.0,1.0,1.0,0.0,-0.7667261958122253,,,,,,,,,,,,,,,,
1783989989.706,25804000,181,1,1,0,10.0,25.0,10.0,25.0,9.300808906555176,25.139724731445312,-0.1397252082824707,43.42161178588867,47.669551849365234,0.0,0.0,0.0,1.0,1.0,0.0,1.2771222591400146,,,,,,,,,,,,,,,,
1783989989.733,25828000,182,1,2,0,10.0,25.0,10.0,25.0,9.260396957397461,24.923778533935547,0.07622241973876953,49.116886138916016,46.83324432373047,0.0,0.0,0.0,1.0,1.0,0.0,-1.454078197479248,,,,,,,,,,,,,,,,
1783989989.735,25855000,183,1,3,0,10.0,25.0,10.0,25.0,9.059280395507812,25.5255184173584,-0.5255192518234253,34.20173263549805,50.1784782409668,0.0,0.0,0.0,1.0,1.0,0.0,0.9667122960090637,,,,,,,,,,,,,,,,
1783989989.767,25876000,184,2,255,0,,,,,,,,,,,,,,,,,0.0,0.0,0.0,0.0,3.0,2.450000047683716,0.0,0.0,-0.08771884441375732,0.07033242285251617,0.04087604954838753,1.0,0.0,0.0,0.0,0.0
1783989989.783,25889000,185,1,0,0,10.0,25.0,10.0,25.0,8.667682647705078,25.50824546813965,-0.5082458257675171,28.60851287841797,43.906166076660156,0.0,0.0,0.0,1.0,1.0,0.0,-0.7681215405464172,,,,,,,,,,,,,,,,
1783989989.801,25905000,186,1,1,0,10.0,25.0,10.0,25.0,9.300803184509277,25.13972282409668,-0.13972222805023193,43.490230560302734,47.669551849365234,0.0,0.0,0.0,1.0,1.0,0.0,1.2794109582901,,,,,,,,,,,,,,,,
1783989989.823,25923000,187,1,2,0,10.0,25.0,10.0,25.0,9.263413429260254,24.921268463134766,0.07873177528381348,49.15480422973633,46.83324432373047,0.0,0.0,0.0,1.0,1.0,0.0,-1.4552475214004517,,,,,,,,,,,,,,,,
1783989989.847,25944000,188,1,3,0,10.0,25.0,10.0,25.0,9.062122344970703,25.525968551635742,-0.5259692668914795,34.245967864990234,50.1784782409668,0.0,0.0,0.0,1.0,1.0,0.0,0.9685618281364441,,,,,,,,,,,,,,,,
1783989989.875,25970000,189,2,255,0,,,,,,,,,,,,,,,,,0.0,0.0,0.0,0.0,3.0,2.450000047683716,0.0,0.0,-0.08213332295417786,0.06062346696853638,0.040768615901470184,1.0,0.0,0.0,0.0,0.0
1783989989.877,25997000,190,1,0,0,10.0,25.0,10.0,25.0,8.667008399963379,25.507015228271484,-0.5070149898529053,28.50230598449707,43.906166076660156,0.0,0.0,0.0,1.0,1.0,0.0,-0.7646271586418152,,,,,,,,,,,,,,,,
1783989989.908,26017000,191,1,1,0,10.0,25.0,10.0,25.0,9.300734519958496,25.139751434326172,-0.13975203037261963,43.45556640625,47.669551849365234,0.0,0.0,0.0,1.0,1.0,0.0,1.2782959938049316,,,,,,,,,,,,,,,,
1783989989.925,26030000,192,1,2,0,10.0,25.0,10.0,25.0,9.261807441711426,24.923297882080078,0.07670223712921143,49.15916061401367,46.83324432373047,0.0,0.0,0.0,1.0,1.0,0.0,-1.4552901983261108,,,,,,,,,,,,,,,,
1783989989.944,26046000,193,1,3,0,10.0,25.0,10.0,25.0,9.06091594696045,25.525867462158203,-0.5258679389953613,34.12562561035156,50.1784782409668,0.0,0.0,0.0,1.0,1.0,0.0,0.9648945331573486,,,,,,,,,,,,,,,,
1783989989.967,26066000,194,2,255,0,,,,,,,,,,,,,,,,,0.0,0.0,0.0,0.0,3.0,2.450000047683716,0.0,0.0,-0.09542922675609589,0.06536020338535309,0.04103574529290199,1.0,0.0,0.0,0.0,0.0
1783989989.992,26089000,195,1,0,0,10.0,25.0,10.0,25.0,8.668572425842285,25.506580352783203,-0.5065798759460449,28.621013641357422,43.906166076660156,0.0,0.0,0.0,1.0,1.0,0.0,-0.7679966688156128,,,,,,,,,,,,,,,,
1783989990.019,26114000,196,1,1,0,10.0,25.0,10.0,25.0,9.302308082580566,25.137832641601562,-0.13783276081085205,43.653541564941406,47.669551849365234,0.0,0.0,0.0,1.0,1.0,0.0,1.2848398685455322,,,,,,,,,,,,,,,,
1783989990.021,26141000,197,1,2,0,10.0,25.0,10.0,25.0,9.262701034545898,24.921585083007812,0.0784158706665039,49.36196517944336,46.83324432373047,0.0,0.0,0.0,1.0,1.0,0.0,-1.4620205163955688,,,,,,,,,,,,,,,,
1783989990.054,26162000,198,1,3,0,10.0,25.0,10.0,25.0,9.060711860656738,25.527345657348633,-0.527346134185791,34.03834533691406,50.1784782409668,0.0,0.0,0.0,1.0,1.0,0.0,0.9622200131416321,,,,,,,,,,,,,,,,
1783989990.071,26176000,199,2,255,0,,,,,,,,,,,,,,,,,0.0,0.0,0.0,0.0,3.0,2.450000047683716,0.0,0.0,-0.0888519212603569,0.05609805881977081,0.04089868813753128,1.0,0.0,0.0,0.0,0.0
1783989990.090,26193000,200,1,0,0,10.0,25.0,10.0,25.0,8.668632507324219,25.504213333129883,-0.5042135715484619,28.567501068115234,43.906166076660156,0.0,0.0,0.0,1.0,1.0,0.0,-0.7662789821624756,,,,,,,,,,,,,,,,
1783989990.091,26212000,201,1,1,0,10.0,25.0,10.0,25.0,9.299991607666016,25.140125274658203,-0.14012455940246582,43.54866027832031,47.669551849365234,0.0,0.0,0.0,1.0,1.0,0.0,1.2811492681503296,,,,,,,,,,,,,,,,
1783989990.139,26235000,202,1,2,0,10.0,25.0,10.0,25.0,9.262688636779785,24.92249870300293,0.07750093936920166,49.225860595703125,46.83324432373047,0.0,0.0,0.0,1.0,1.0,0.0,-1.457788348197937,,,,,,,,,,,,,,,,
1783989990.142,26261000,203,1,3,0,10.0,25.0,10.0,25.0,9.05953311920166,25.526321411132812,-0.5263209342956543,34.087242126464844,50.1784782409668,0.0,0.0,0.0,1.0,1.0,0.0,0.9637321829795837,,,,,,,,,,,,,,,,
1783989990.175,26284000,204,2,255,0,,,,,,,,,,,,,,,,,0.0,0.0,0.0,0.0,3.0,2.450000047683716,0.0,0.0,-0.10111647844314575,0.062155041843652725,0.04116198420524597,1.0,0.0,0.0,0.0,0.0
1783989990.193,26297000,205,1,0,0,10.0,25.0,10.0,25.0,8.6681489944458,25.50620460510254,-0.50620436668396,28.43366241455078,43.906166076660156,0.0,0.0,0.0,1.0,1.0,0.0,-0.762157678604126,,,,,,,,,,,,,,,,
1783989990.212,26314000,206,1,1,0,10.0,25.0,10.0,25.0,9.301185607910156,25.139068603515625,-0.1390695571899414,43.4530029296875,47.669551849365234,0.0,0.0,0.0,1.0,1.0,0.0,1.2781224250793457,,,,,,,,,,,,,,,,
1783989990.235,26334000,207,1,2,0,10.0,25.0,10.0,25.0,9.263769149780273,24.920650482177734,0.07934868335723877,49.16781234741211,46.83324432373047,0.0,0.0,0.0,1.0,1.0,0.0,-1.4558831453323364,,,,,,,,,,,,,,,,
1783989990.263,26358000,208,1,3,0,10.0,25.0,10.0,25.0,9.06148624420166,25.526100158691406,-0.5261003971099854,34.19001770019531,50.1784782409668,0.0,0.0,0.0,1.0,1.0,0.0,0.9665819406509399,,,,,,,,,,,,,,,,
1783989990.265,26385000,209,2,255,0,,,,,,,,,,,,,,,,,0.0,0.0,0.0,0.0,3.0,2.450000047683716,0.0,0.0,-0.09367330372333527,0.055202022194862366,0.04099821671843529,1.0,0.0,0.0,0.0,0.0
1783989990.298,26406000,210,1,0,0,10.0,25.0,10.0,25.0,8.669044494628906,25.504493713378906,-0.5044937133789062,28.57448959350586,43.906166076660156,0.0,0.0,0.0,1.0,1.0,0.0,-0.7665767073631287,,,,,,,,,,,,,,,,
1783989990.316,26420000,211,1,1,0,10.0,25.0,10.0,25.0,9.299813270568848,25.140607833862305,-0.14060735702514648,43.407958984375,47.669551849365234,0.0,0.0,0.0,1.0,1.0,0.0,1.276444673538208,,,,,,,,,,,,,,,,
1783989990.336,26438000,212,1,2,0,10.0,25.0,10.0,25.0,9.262022972106934,24.92273712158203,0.0772625207901001,49.191375732421875,46.83324432373047,0.0,0.0,0.0,1.0,1.0,0.0,-1.456426978111267,,,,,,,,,,,,,,,,
1783989990.360,26458000,213,1,3,0,10.0,25.0,10.0,25.0,9.05895709991455,25.52831268310547,-0.5283117294311523,34.07319641113281,50.1784782409668,0.0,0.0,0.0,1.0,1.0,0.0,0.9631870985031128,,,,,,,,,,,,,,,,
1783989990.387,26482000,214,2,255,0,,,,,,,,,,,,,,,,,0.0,0.0,0.0,0.0,3.0,2.450000047683716,0.0,0.0,-0.10020038485527039,0.04199523478746414,0.041141167283058167,1.0,0.0,0.0,0.0,0.0
1783989990.389,26509000,215,1,0,0,10.0,25.0,10.0,25.0,8.666248321533203,25.50727653503418,-0.507277250289917,28.55306625366211,43.906166076660156,0.0,0.0,0.0,1.0,1.0,0.0,-0.7660306096076965,,,,,,,,,,,,,,,,
1783989990.422,26530000,216,1,1,0,10.0,25.0,10.0,25.0,9.302298545837402,25.13784408569336,-0.13784468173980713,43.54528045654297,47.669551849365234,0.0,0.0,0.0,1.0,1.0,0.0,1.2810962200164795,,,,,,,,,,,,,,,,
1783989990.441,26544000,217,1,2,0,10.0,25.0,10.0,25.0,9.263912200927734,24.921510696411133,0.07848888635635376,49.11137008666992,46.83324432373047,0.0,0.0,0.0,1.0,1.0,0.0,-1.4540997743606567,,,,,,,,,,,,,,,,
1783989990.459,26562000,218,1,3,0,10.0,25.0,10.0,25.0,9.063420295715332,25.523582458496094,-0.5235821008682251,34.30303955078125,50.1784782409668,0.0,0.0,0.0,1.0,1.0,0.0,0.9708243608474731,,,,,,,,,,,,,,,,
1783989990.480,26581000,219,2,255,0,,,,,,,,,,,,,,,,,0.0,0.0,0.0,0.0,3.0,2.450000047683716,0.0,0.0,-0.09466343373060226,0.04461482912302017,0.041019294410943985,1.0,0.0,0.0,0.0,0.0
1783989990.504,26602000,220,1,0,0,10.0,25.0,10.0,25.0,8.669426918029785,25.50615119934082,-0.5061507225036621,28.422279357910156,43.906166076660156,0.0,0.0,0.0,1.0,1.0,0.0,-0.7616528272628784,,,,,,,,,,,,,,,,
1783989990.530,26626000,221,1,1,0,10.0,25.0,10.0,25.0,9.300347328186035,25.139415740966797,-0.13941526412963867,43.44159698486328,47.669551849365234,0.0,0.0,0.0,1.0,1.0,0.0,1.2775565385818481,,,,,,,,,,,,,,,,
1783989990.532,26652000,222,1,2,0,10.0,25.0,10.0,25.0,9.263372421264648,24.921234130859375,0.07876604795455933,49.227962493896484,46.83324432373047,0.0,0.0,0.0,1.0,1.0,0.0,-1.4580758810043335,,,,,,,,,,,,,,,,
1783989990.565,26674000,223,1,3,0,10.0,25.0,10.0,25.0,9.05961799621582,25.52714729309082,-0.5271464586257935,33.95497131347656,50.1784782409668,0.0,0.0,0.0,1.0,1.0,0.0,0.9597898721694946,,,,,,,,,,,,,,,,
1783989990.581,26687000,224,2,255,0,,,,,,,,,,,,,,,,,0.0,0.0,0.0,0.0,3.0,2.450000047683716,0.0,0.0,-0.10080531984567642,0.038737792521715164,0.041154894977808,1.0,0.0,0.0,0.0,0.0
1783989990.598,26702000,225,1,0,0,10.0,25.0,10.0,25.0,8.665422439575195,25.506574630737305,-0.5065739154815674,28.405014038085938,43.906166076660156,0.0,0.0,0.0,1.0,1.0,0.0,-0.7611619830131531,,,,,,,,,,,,,,,,
1783989990.621,26720000,226,1,1,0,10.0,25.0,10.0,25.0,9.300124168395996,25.139978408813477,-0.1399785280227661,43.3136100769043,47.669551849365234,0.0,0.0,0.0,1.0,1.0,0.0,1.2733540534973145,,,,,,,,,,,,,,,,
1783989990.645,26742000,227,1,2,0,10.0,25.0,10.0,25.0,9.261476516723633,24.922935485839844,0.07706433534622192,49.21968078613281,46.83324432373047,0.0,0.0,0.0,1.0,1.0,0.0,-1.4575687646865845,,,,,,,,,,,,,,,,
1783989990.673,26767000,228,1,3,0,10.0,25.0,10.0,25.0,9.061570167541504,25.52461051940918,-0.5246102809906006,34.025848388671875,50.1784782409668,0.0,0.0,0.0,1.0,1.0,0.0,0.962101936340332,,,,,,,,,,,,,,,,
1783989990.675,26795000,229,2,255,0,,,,,,,,,,,,,,,,,0.0,0.0,0.0,0.0,3.0,2.450000047683716,0.0,0.0,-0.10572303831577301,0.049122411757707596,0.04126948118209839,1.0,0.0,0.0,0.0,0.0
1783989990.708,26816000,230,1,0,0,10.0,25.0,10.0,25.0,8.670517921447754,25.50531005859375,-0.5053102970123291,28.43414306640625,43.906166076660156,0.0,0.0,0.0,1.0,1.0,0.0,-0.7624519467353821,,,,,,,,,,,,,,,,
1783989990.725,26830000,231,1,1,0,10.0,25.0,10.0,25.0,9.301135063171387,25.139081954956055,-0.13908147811889648,43.364707946777344,47.669551849365234,0.0,0.0,0.0,1.0,1.0,0.0,1.2753359079360962,,,,,,,,,,,,,,,,
1783989990.744,26847000,232,1,2,0,10.0,25.0,10.0,25.0,9.262713432312012,24.921560287475586,0.07843971252441406,49.17803192138672,46.83324432373047,0.0,0.0,0.0,1.0,1.0,0.0,-1.4557387828826904,,,,,,,,,,,,,,,,
1783989990.766,26866000,233,1,3,0,10.0,25.0,10.0,25.0,9.062135696411133,25.525829315185547,-0.5258291959762573,34.215396881103516,50.1784782409668,0.0,0.0,0.0,1.0,1.0,0.0,0.9685932993888855,,,,,,,,,,,,,,,,
1783989990.790,26888000,234,2,255,0,,,,,,,,,,,,,,,,,0.0,0.0,0.0,0.0,3.0,2.450000047683716,0.0,0.0,-0.09068658202886581,0.04245368391275406,0.040935955941677094,1.0,0.0,0.0,0.0,0.0
1783989990.817,26912000,235,1,0,0,10.0,25.0,10.0,25.0,8.668041229248047,25.505340576171875,-0.5053400993347168,28.60007095336914,43.906166076660156,0.0,0.0,0.0,1.0,1.0,0.0,-0.7667808532714844,,,,,,,,,,,,,,,,
1783989990.819,26939000,236,1,1,0,10.0,25.0,10.0,25.0,9.29909896850586,25.140792846679688,-0.1407921314239502,43.277549743652344,47.669551849365234,0.0,0.0,0.0,1.0,1.0,0.0,1.2722437381744385,,,,,,,,,,,,,,,,
1783989990.853,26960000,237,1,2,0,10.0,25.0,10.0,25.0,9.261871337890625,24.921894073486328,0.07810592651367188,49.278236389160156,46.83324432373047,0.0,0.0,0.0,1.0,1.0,0.0,-1.4592270851135254,,,,,,,,,,,,,,,,
1783989990.870,26975000,238,1,3,0,10.0,25.0,10.0,25.0,9.061245918273926,25.525236129760742,-0.5252361297607422,33.75286102294922,50.1784782409668,0.0,0.0,0.0,1.0,1.0,0.0,0.9531151056289673,,,,,,,,,,,,,,,,
1783989990.889,26992000,239,2,255,0,,,,,,,,,,,,,,,,,0.0,0.0,0.0,0.0,3.0,2.450000047683716,0.0,0.0,-0.09645868092775345,0.05614614114165306,0.04105806723237038,1.0,0.0,0.0,0.0,0.0
1783989990.912,27011000,240,1,0,0,10.0,25.0,10.0,25.0,8.667752265930176,25.505870819091797,-0.5058705806732178,28.449371337890625,43.906166076660156,0.0,0.0,0.0,1.0,1.0,0.0,-0.7627503275871277,,,,,,,,,,,,,,,,
1783989990.937,27034000,241,1,1,0,10.0,25.0,10.0,25.0,9.300514221191406,25.139314651489258,-0.1393139362335205,43.345218658447266,47.669551849365234,0.0,0.0,0.0,1.0,1.0,0.0,1.2742377519607544,,,,,,,,,,,,,,,,
1783989990.939,27060000,242,1,2,0,10.0,25.0,10.0,25.0,9.263800621032715,24.920595169067383,0.07940530776977539,49.10947799682617,46.83324432373047,0.0,0.0,0.0,1.0,1.0,0.0,-1.453797698020935,,,,,,,,,,,,,,,,
1783989990.973,27082000,243,1,3,0,10.0,25.0,10.0,25.0,9.062460899353027,25.52532196044922,-0.5253225564956665,34.06341552734375,50.1784782409668,0.0,0.0,0.0,1.0,1.0,0.0,0.9631991982460022,,,,,,,,,,,,,,,,
1783989990.991,27095000,244,2,255,0,,,,,,,,,,,,,,,,,0.0,0.0,0.0,0.0,3.0,2.450000047683716,0.0,0.0,-0.08813530206680298,0.05941188335418701,0.040884338319301605,1.0,0.0,0.0,0.0,0.0
1783989991.010,27112000,245,1,0,0,10.0,25.0,10.0,25.0,8.667399406433105,25.506412506103516,-0.5064129829406738,28.47586441040039,43.906166076660156,0.0,0.0,0.0,1.0,1.0,0.0,-0.763468861579895,,,,,,,,,,,,,,,,
1783989991.034,27132000,246,1,1,0,10.0,25.0,10.0,25.0,9.300554275512695,25.1402530670166,-0.1402527093887329,43.34465026855469,47.669551849365234,0.0,0.0,0.0,1.0,1.0,0.0,1.2745907306671143,,,,,,,,,,,,,,,,
1783989991.061,27156000,247,1,2,0,10.0,25.0,10.0,25.0,9.260985374450684,24.92269515991211,0.07730424404144287,49.24530792236328,46.83324432373047,0.0,0.0,0.0,1.0,1.0,0.0,-1.4576483964920044,,,,,,,,,,,,,,,,
1783989991.063,27183000,248,1,3,0,10.0,25.0,10.0,25.0,9.06054401397705,25.524169921875,-0.5241692066192627,34.143310546875,50.1784782409668,0.0,0.0,0.0,1.0,1.0,0.0,0.9657766222953796,,,,,,,,,,,,,,,,
1783989991.096,27204000,249,2,255,0,,,,,,,,,,,,,,,,,0.0,0.0,0.0,0.0,3.0,2.450000047683716,0.0,0.0,-0.10328716039657593,0.0639682486653328,0.0412120558321476,1.0,0.0,0.0,0.0,0.0
1783989991.114,27218000,250,1,0,0,10.0,25.0,10.0,25.0,8.667505264282227,25.506336212158203,-0.5063354969024658,28.327190399169922,43.906166076660156,0.0,0.0,0.0,1.0,1.0,0.0,-0.7584195137023926,,,,,,,,,,,,,,,,
1783989991.133,27235000,251,1,1,0,10.0,25.0,10.0,25.0,9.301350593566895,25.138620376586914,-0.1386195421218872,43.49441909790039,47.669551849365234,0.0,0.0,0.0,1.0,1.0,0.0,1.2793724536895752,,,,,,,,,,,,,,,,
1783989991.157,27255000,252,1,2,0,10.0,25.0,10.0,25.0,9.263998985290527,24.921091079711914,0.07890909910202026,49.2409553527832,46.83324432373047,0.0,0.0,0.0,1.0,1.0,0.0,-1.4582091569900513,,,,,,,,,,,,,,,,
1783989991.183,27279000,253,1,3,0,10.0,25.0,10.0,25.0,9.060653686523438,25.526391983032227,-0.5263924598693848,34.145111083984375,50.1784782409668,0.0,0.0,0.0,1.0,1.0,0.0,0.9658895134925842,,,,,,,,,,,,,,,,
1783989991.185,27305000,254,2,255,0,,,,,,,,,,,,,,,,,0.0,0.0,0.0,0.0,3.0,2.450000047683716,0.0,0.0,-0.10405005514621735,0.06754381209611893,0.04122989997267723,1.0,0.0,0.0,0.0,0.0
1783989991.217,27325000,255,1,0,0,10.0,25.0,10.0,25.0,8.66800594329834,25.50526237487793,-0.5052626132965088,28.40652847290039,43.906166076660156,0.0,0.0,0.0,1.0,1.0,0.0,-0.7611945271492004,,,,,,,,,,,,,,,,
1783989991.234,27339000,0,1,1,0,10.0,25.0,10.0,25.0,9.300124168395996,25.139978408813477,-0.1399785280227661,43.398277282714844,47.669551849365234,0.0,0.0,0.0,1.0,1.0,0.0,1.276180624961853,,,,,,,,,,,,,,,,
1783989991.252,27355000,1,1,2,0,10.0,25.0,10.0,25.0,9.2612886428833,24.92205810546875,0.07794201374053955,48.82265090942383,46.83324432373047,0.0,0.0,0.0,1.0,1.0,0.0,-1.443814992904663,,,,,,,,,,,,,,,,
1783989991.253,27374000,2,1,3,0,10.0,25.0,10.0,25.0,9.061905860900879,25.52407455444336,-0.5240738391876221,33.95621871948242,50.1784782409668,0.0,0.0,0.0,1.0,1.0,0.0,0.9591572880744934,,,,,,,,,,,,,,,,
1783989991.298,27395000,3,2,255,0,,,,,,,,,,,,,,,,,0.0,0.0,0.0,0.0,3.0,2.450000047683716,0.0,0.0,-0.12376608699560165,0.06599031388759613,0.04173551872372627,1.0,0.0,0.0,0.0,0.0
1783989991.325,27420000,4,1,0,0,10.0,25.0,10.0,25.0,8.667654037475586,25.505817413330078,-0.5058169364929199,28.44281005859375,43.906166076660156,0.0,0.0,0.0,1.0,1.0,0.0,-0.7624046206474304,,,,,,,,,,,,,,,,
1783989991.328,27447000,5,1,1,0,10.0,25.0,10.0,25.0,9.299702644348145,25.13969612121582,-0.139695405960083,43.413692474365234,47.669551849365234,0.0,0.0,0.0,1.0,1.0,0.0,1.2765206098556519,,,,,,,,,,,,,,,,
1783989991.360,27468000,6,1,2,0,10.0,25.0,10.0,25.0,9.264019012451172,24.921037673950195,0.07896274328231812,49.34911346435547,46.83324432373047,0.0,0.0,0.0,1.0,1.0,0.0,-1.4625657796859741,,,,,,,,,,,,,,,,
1783989991.376,27482000,7,1,3,0,10.0,25.0,10.0,25.0,9.062585830688477,25.523876190185547,-0.5238771438598633,34.251258850097656,50.1784782409668,0.0,0.0,0.0,1.0,1.0,0.0,0.9691187143325806,,,,,,,,,,,,,,,,
1783989991.394,27498000,8,2,255,0,,,,,,,,,,,,,,,,,0.0,0.0,0.0,0.0,3.0,2.450000047683716,0.0,0.0,-0.10971097648143768,0.06841137260198593,0.041366320103406906,1.0,0.0,0.0,0.0,0.0
1783989991.418,27517000,9,1,0,0,10.0,25.0,10.0,25.0,8.67031478881836,25.504493713378906,-0.5044937133789062,28.546401977539062,43.906166076660156,0.0,0.0,0.0,1.0,1.0,0.0,-0.7659429907798767,,,,,,,,,,,,,,,,
1783989991.442,27539000,10,1,1,0,10.0,25.0,10.0,25.0,9.30012035369873,25.139976501464844,-0.13997554779052734,43.29609298706055,47.669551849365234,0.0,0.0,0.0,1.0,1.0,0.0,1.27285635471344,,,,,,,,,,,,,,,,
1783989991.469,27564000,11,1,2,0,10.0,25.0,10.0,25.0,9.261616706848145,24.922414779663086,0.07758438587188721,49.32529830932617,46.83324432373047,0.0,0.0,0.0,1.0,1.0,0.0,-1.4611557722091675,,,,,,,,,,,,,,,,
1783989991.472,27592000,12,1,3,0,10.0,25.0,10.0,25.0,9.061751365661621,25.52558708190918,-0.525587797164917,34.01268005371094,50.1784782409668,0.0,0.0,0.0,1.0,1.0,0.0,0.9611893892288208,,,,,,,,,,,,,,,,
1783989991.505,27614000,13,2,255,0,,,,,,,,,,,,,,,,,0.0,0.0,0.0,0.0,3.0,2.450000047683716,0.0,0.0,-0.11987674236297607,0.06307239830493927,0.041629012674093246,1.0,0.0,0.0,0.0,0.0
1783989991.523,27627000,14,1,0,0,10.0,25.0,10.0,25.0,8.665380477905273,25.506628036499023,-0.5066275596618652,28.468021392822266,43.906166076660156,0.0,0.0,0.0,1.0,1.0,0.0,-0.7631012797355652,,,,,,,,,,,,,,,,
1783989991.542,27644000,15,1,1,0,10.0,25.0,10.0,25.0,9.300317764282227,25.13947868347168,-0.13947784900665283,43.423954010009766,47.669551849365234,0.0,0.0,0.0,1.0,1.0,0.0,1.2769018411636353,,,,,,,,,,,,,,,,
1783989991.565,27664000,16,1,2,0,10.0,25.0,10.0,25.0,9.261076927185059,24.923524856567383,0.07647424936294556,49.123802185058594,46.83324432373047,0.0,0.0,0.0,1.0,1.0,0.0,-1.4544439315795898,,,,,,,,,,,,,,,,
1783989991.591,27687000,17,1,3,0,10.0,25.0,10.0,25.0,9.060473442077637,25.5255069732666,-0.5255073308944702,34.12024688720703,50.1784782409668,0.0,0.0,0.0,1.0,1.0,0.0,0.9650982022285461,,,,,,,,,,,,,,,,
1783989991.592,27713000,18,2,255,0,,,,,,,,,,,,,,,,,0.0,0.0,0.0,0.0,3.0,2.450000047683716,0.0,0.0,-0.11881934851408005,0.0686468780040741,0.041600629687309265,1.0,0.0,0.0,0.0,0.0
1783989991.626,27734000,19,1,0,0,10.0,25.0,10.0,25.0,8.669023513793945,25.506805419921875,-0.5068063735961914,28.526512145996094,43.906166076660156,0.0,0.0,0.0,1.0,1.0,0.0,-0.7653464674949646,,,,,,,,,,,,,,,,
1783989991.644,27748000,20,1,1,0,10.0,25.0,10.0,25.0,9.30084228515625,25.139659881591797,-0.13965964317321777,43.35246276855469,47.669551849365234,0.0,0.0,0.0,1.0,1.0,0.0,1.2749966382980347,,,,,,,,,,,,,,,,
1783989991.664,27766000,21,1,2,0,10.0,25.0,10.0,25.0,9.26270866394043,24.921567916870117,0.07843226194381714,49.1660041809082,46.83324432373047,0.0,0.0,0.0,1.0,1.0,0.0,-1.4555132389068604,,,,,,,,,,,,,,,,
1783989991.687,27786000,22,1,3,0,10.0,25.0,10.0,25.0,9.060404777526855,25.526958465576172,-0.526958703994751,34.11907958984375,50.1784782409668,0.0,0.0,0.0,1.0,1.0,0.0,0.9649676084518433,,,,,,,,,,,,,,,,
1783989991.713,27809000,23,2,255,0,,,,,,,,,,,,,,,,,0.0,0.0,0.0,0.0,3.0,2.450000047683716,0.0,0.0,-0.10519234091043472,0.06066795065999031,0.0412568561732769,1.0,0.0,0.0,0.0,0.0
1783989991.716,27836000,24,1,0,0,10.0,25.0,10.0,25.0,8.6661958694458,25.506397247314453,-0.50639808177948,28.615863800048828,43.906166076660156,0.0,0.0,0.0,1.0,1.0,0.0,-0.7678914666175842,,,,,,,,,,,,,,,,
1783989991.750,27858000,25,1,1,0,10.0,25.0,10.0,25.0,9.299383163452148,25.14021110534668,-0.14021098613739014,43.3890495300293,47.669551849365234,0.0,0.0,0.0,1.0,1.0,0.0,1.275871753692627,,,,,,,,,,,,,,,,
1783989991.768,27873000,26,1,2,0,10.0,25.0,10.0,25.0,9.261942863464355,24.921863555908203,0.07813721895217896,48.939109802246094,46.83324432373047,0.0,0.0,0.0,1.0,1.0,0.0,-1.4474509954452515,,,,,,,,,,,,,,,,
1783989991.787,27889000,27,1,3,0,10.0,25.0,10.0,25.0,9.05920696258545,25.52694320678711,-0.5269438028335571,34.32008361816406,50.1784782409668,0.0,0.0,0.0,1.0,1.0,0.0,0.9715701937675476,,,,,,,,,,,,,,,,
1783989991.811,27909000,28,2,255,0,,,,,,,,,,,,,,,,,0.0,0.0,0.0,0.0,3.0,2.450000047683716,0.0,0.0,-0.115692637860775,0.07425303757190704,0.04151814058423042,1.0,0.0,0.0,0.0,0.0
1783989991.837,27933000,29,1,0,0,10.0,25.0,10.0,25.0,8.668679237365723,25.50743865966797,-0.5074381828308105,28.57278060913086,43.906166076660156,0.0,0.0,0.0,1.0,1.0,0.0,-0.7669766545295715,,,,,,,,,,,,,,,,
1783989991.840,27960000,30,1,1,0,10.0,25.0,10.0,25.0,9.300406455993652,25.13939666748047,-0.13939738273620605,43.36868667602539,47.669551849365234,0.0,0.0,0.0,1.0,1.0,0.0,1.2753376960754395,,,,,,,,,,,,,,,,
1783989991.860,27982000,31,1,2,0,10.0,25.0,10.0,25.0,9.262822151184082,24.921438217163086,0.07856190204620361,49.206886291503906,46.83324432373047,0.0,0.0,0.0,1.0,1.0,0.0,-1.4567655324935913,,,,,,,,,,,,,,,,
1783989991.891,27995000,32,1,3,0,10.0,25.0,10.0,25.0,9.0612154006958,25.527603149414062,-0.5276024341583252,34.15352249145508,50.1784782409668,0.0,0.0,0.0,1.0,1.0,0.0,0.9662434458732605,,,,,,,,,,,,,,,,
1783989991.910,28012000,33,2,255,0,,,,,,,,,,,,,,,,,0.0,0.0,0.0,0.0,3.0,2.450000047683716,0.0,0.0,-0.0999811664223671,0.06509469449520111,0.04113621264696121,1.0,0.0,0.0,0.0,0.0
1783989991.934,28032000,34,1,0,0,10.0,25.0,10.0,25.0,8.668853759765625,25.504981994628906,-0.5049824714660645,28.45911407470703,43.906166076660156,0.0,0.0,0.0,1.0,1.0,0.0,-0.762684166431427,,,,,,,,,,,,,,,,
1783989991.961,28056000,35,1,1,0,10.0,25.0,10.0,25.0,9.29985523223877,25.140512466430664,-0.14051198959350586,43.28044509887695,47.669551849365234,0.0,0.0,0.0,1.0,1.0,0.0,1.2719484567642212,,,,,,,,,,,,,,,,
1783989991.964,28084000,36,1,2,0,10.0,25.0,10.0,25.0,9.262280464172363,24.922204971313477,0.07779449224472046,49.17616271972656,46.83324432373047,0.0,0.0,0.0,1.0,1.0,0.0,-1.4557791948318481,,,,,,,,,,,,,,,,
1783989991.997,28105000,37,1,3,0,10.0,25.0,10.0,25.0,9.058167457580566,25.527658462524414,-0.5276590585708618,33.811744689941406,50.1784782409668,0.0,0.0,0.0,1.0,1.0,0.0,0.9543694853782654,,,,,,,,,,,,,,,,
1783989992.015,28119000,38,2,255,0,,,,,,,,,,,,,,,,,0.0,0.0,0.0,0.0,3.0,2.450000047683716,0.0,0.0,-0.11540348827838898,0.06654541939496994,0.04151062294840813,1.0,0.0,0.0,0.0,0.0
1783989992.035,28136000,39,1,0,0,10.0,25.0,10.0,25.0,8.668832778930664,25.5059757232666,-0.5059748888015747,28.514846801757812,43.906166076660156,0.0,0.0,0.0,1.0,1.0,0.0,-0.7649843692779541,,,,,,,,,,,,,,,,
1783989992.059,28157000,40,1,1,0,10.0,25.0,10.0,25.0,9.301063537597656,25.139102935791016,-0.13910233974456787,43.445674896240234,47.669551849365234,0.0,0.0,0.0,1.0,1.0,0.0,1.2778807878494263,,,,,,,,,,,,,,,,
1783989992.085,28181000,41,1,2,0,10.0,25.0,10.0,25.0,9.263415336608887,24.921262741088867,0.07873773574829102,49.07432556152344,46.83324432373047,0.0,0.0,0.0,1.0,1.0,0.0,-1.4526227712631226,,,,,,,,,,,,,,,,
1783989992.088,28208000,42,1,3,0,10.0,25.0,10.0,25.0,9.062846183776855,25.524585723876953,-0.5245864391326904,33.94541549682617,50.1784782409668,0.0,0.0,0.0,1.0,1.0,0.0,0.9590979814529419,,,,,,,,,,,,,,,,
1783989992.122,28230000,43,2,255,0,,,,,,,,,,,,,,,,,0.0,0.0,0.0,0.0,3.0,2.450000047683716,0.0,0.0,-0.10474894940853119,0.05593092739582062,0.041246358305215836,1.0,0.0,0.0,0.0,0.0
1783989992.141,28245000,44,1,0,0,10.0,25.0,10.0,25.0,8.668119430541992,25.50613021850586,-0.5061298608779907,28.500118255615234,43.906166076660156,0.0,0.0,0.0,1.0,1.0,0.0,-0.7643473744392395,,,,,,,,,,,,,,,,
1783989992.162,28262000,45,1,1,0,10.0,25.0,10.0,25.0,9.300124168395996,25.139978408813477,-0.1399785280227661,43.44746780395508,47.669551849365234,0.0,0.0,0.0,1.0,1.0,0.0,1.2776477336883545,,,,,,,,,,,,,,,,
1783989992.185,28284000,46,1,2,0,10.0,25.0,10.0,25.0,9.26167106628418,24.922433853149414,0.07756650447845459,49.24013137817383,46.83324432373047,0.0,0.0,0.0,1.0,1.0,0.0,-1.4578887224197388,,,,,,,,,,,,,,,,
1783989992.212,28308000,47,1,3,0,10.0,25.0,10.0,25.0,9.059857368469238,25.526676177978516,-0.5266755819320679,34.133872985839844,50.1784782409668,0.0,0.0,0.0,1.0,1.0,0.0,0.9657878279685974,,,,,,,,,,,,,,,,
1783989992.215,28335000,48,2,255,0,,,,,,,,,,,,,,,,,0.0,0.0,0.0,0.0,3.0,2.450000047683716,0.0,0.0,-0.11316273361444473,0.04887416213750839,0.04145297035574913,1.0,0.0,0.0,0.0,0.0
1783989992.249,28357000,49,1,0,0,10.0,25.0,10.0,25.0,8.667481422424316,25.507322311401367,-0.5073219537734985,28.34862518310547,43.906166076660156,0.0,0.0,0.0,1.0,1.0,0.0,-0.75950026512146,,,,,,,,,,,,,,,,
1783989992.268,28372000,50,1,1,0,10.0,25.0,10.0,25.0,9.301308631896973,25.138599395751953,-0.13859868049621582,43.500572204589844,47.669551849365234,0.0,0.0,0.0,1.0,1.0,0.0,1.2797943353652954,,,,,,,,,,,,,,,,
1783989992.287,28389000,51,1,2,0,10.0,25.0,10.0,25.0,9.262866973876953,24.92237663269043,0.07762312889099121,49.23075485229492,46.83324432373047,0.0,0.0,0.0,1.0,1.0,0.0,-1.4578437805175781,,,,,,,,,,,,,,,,
1783989992.310,28409000,52,1,3,0,10.0,25.0,10.0,25.0,9.061779975891113,25.5255184173584,-0.5255192518234253,34.08551788330078,50.1784782409668,0.0,0.0,0.0,1.0,1.0,0.0,0.9639527797698975,,,,,,,,,,,,,,,,
1783989992.337,28432000,53,2,255,0,,,,,,,,,,,,,,,,,0.0,0.0,0.0,0.0,3.0,2.450000047683716,0.0,0.0,-0.11307147145271301,0.054535456001758575,0.04145064577460289,1.0,0.0,0.0,0.0,0.0
1783989992.339,28459000,54,1,0,0,10.0,25.0,10.0,25.0,8.669157028198242,25.504409790039062,-0.5044102668762207,28.461532592773438,43.906166076660156,0.0,0.0,0.0,1.0,1.0,0.0,-0.7632115483283997,,,,,,,,,,,,,,,,
1783989992.371,28480000,55,1,1,0,10.0,25.0,10.0,25.0,9.300195693969727,25.13994789123535,-0.13994872570037842,43.379337310791016,47.669551849365234,0.0,0.0,0.0,1.0,1.0,0.0,1.275532841682434,,,,,,,,,,,,,,,,
1783989992.388,28493000,56,1,2,0,10.0,25.0,10.0,25.0,9.261006355285645,24.923547744750977,0.07645189762115479,49.53602981567383,46.83324432373047,0.0,0.0,0.0,1.0,1.0,0.0,-1.466928482055664,,,,,,,,,,,,,,,,
1783989992.406,28509000,57,1,3,0,10.0,25.0,10.0,25.0,9.059929847717285,25.52664566040039,-0.5266457796096802,33.93938446044922,50.1784782409668,0.0,0.0,0.0,1.0,1.0,0.0,0.95937180519104,,,,,,,,,,,,,,,,
1783989992.429,28529000,58,2,255,0,,,,,,,,,,,,,,,,,0.0,0.0,0.0,0.0,3.0,2.450000047683716,0.0,0.0,-0.12395701557397842,0.042491473257541656,0.04174083098769188,1.0,0.0,0.0,0.0,0.0
1783989992.459,28551000,59,1,0,0,10.0,25.0,10.0,25.0,8.666915893554688,25.50601577758789,-0.5060166120529175,28.254159927368164,43.906166076660156,0.0,0.0,0.0,1.0,1.0,0.0,-0.7565900683403015,,,,,,,,,,,,,,,,
1783989992.459,28578000,60,1,1,0,10.0,25.0,10.0,25.0,9.300047874450684,25.140005111694336,-0.14000535011291504,43.45709228515625,47.669551849365234,0.0,0.0,0.0,1.0,1.0,0.0,1.2781398296356201,,,,,,,,,,,,,,,,
1783989992.491,28599000,61,1,2,0,10.0,25.0,10.0,25.0,9.262313842773438,24.9222412109375,0.07775872945785522,49.1629524230957,46.83324432373047,0.0,0.0,0.0,1.0,1.0,0.0,-1.4555584192276,,,,,,,,,,,,,,,,
1783989992.509,28613000,62,1,3,0,10.0,25.0,10.0,25.0,9.059465408325195,25.526344299316406,-0.5263447761535645,34.5354118347168,50.1784782409668,0.0,0.0,0.0,1.0,1.0,0.0,0.9784247875213623,,,,,,,,,,,,,,,,
1783989992.528,28630000,63,2,255,0,,,,,,,,,,,,,,,,,0.0,0.0,0.0,0.0,3.0,2.450000047683716,0.0,0.0,-0.12588214874267578,0.060129787772893906,0.041794855147600174,1.0,0.0,0.0,0.0,0.0
1783989992.551,28650000,64,1,0,0,10.0,25.0,10.0,25.0,8.668732643127441,25.506389617919922,-0.5063891410827637,28.339242935180664,43.906166076660156,0.0,0.0,0.0,1.0,1.0,0.0,-0.7589656114578247,,,,,,,,,,,,,,,,
1783989992.576,28673000,65,1,1,0,10.0,25.0,10.0,25.0,9.299982070922852,25.140026092529297,-0.14002621173858643,43.427268981933594,47.669551849365234,0.0,0.0,0.0,1.0,1.0,0.0,1.2774512767791748,,,,,,,,,,,,,,,,
1783989992.603,28699000,66,1,2,0,10.0,25.0,10.0,25.0,9.262914657592773,24.9210205078125,0.07897913455963135,49.33702850341797,46.83324432373047,0.0,0.0,0.0,1.0,1.0,0.0,-1.461194634437561,,,,,,,,,,,,,,,,
1783989992.606,28725000,67,1,3,0,10.0,25.0,10.0,25.0,9.059982299804688,25.527667999267578,-0.5276679992675781,34.38204574584961,50.1784782409668,0.0,0.0,0.0,1.0,1.0,0.0,0.9733604192733765,,,,,,,,,,,,,,,,
1783989992.639,28747000,68,2,255,0,,,,,,,,,,,,,,,,,0.0,0.0,0.0,0.0,3.0,2.450000047683716,0.0,0.0,-0.12715491652488708,0.05942647159099579,0.041831016540527344,1.0,0.0,0.0,0.0,0.0
1783989992.657,28761000,69,1,0,0,10.0,25.0,10.0,25.0,8.665960311889648,25.506860733032227,-0.5068600177764893,28.358577728271484,43.906166076660156,0.0,0.0,0.0,1.0,1.0,0.0,-0.7595081925392151,,,,,,,,,,,,,,,,
1783989992.676,28779000,70,1,1,0,10.0,25.0,10.0,25.0,9.299912452697754,25.140056610107422,-0.14005601406097412,43.4041748046875,47.669551849365234,0.0,0.0,0.0,1.0,1.0,0.0,1.276494026184082,,,,,,,,,,,,,,,,
1783989992.699,28798000,71,1,2,0,10.0,25.0,10.0,25.0,9.262089729309082,24.92271614074707,0.07728338241577148,48.966285705566406,46.83324432373047,0.0,0.0,0.0,1.0,1.0,0.0,-1.4487643241882324,,,,,,,,,,,,,,,,
1783989992.723,28821000,72,1,3,0,10.0,25.0,10.0,25.0,9.060486793518066,25.52678871154785,-0.5267888307571411,34.076263427734375,50.1784782409668,0.0,0.0,0.0,1.0,1.0,0.0,0.9636862277984619,,,,,,,,,,,,,,,,
1783989992.750,28846000,73,2,255,0,,,,,,,,,,,,,,,,,0.0,0.0,0.0,0.0,3.0,2.450000047683716,0.0,0.0,-0.13320288062095642,0.06567224860191345,0.0420076921582222,1.0,0.0,0.0,0.0,0.0
1783989992.752,28872000,74,1,0,0,10.0,25.0,10.0,25.0,8.669341087341309,25.506221771240234,-0.5062222480773926,28.445558547973633,43.906166076660156,0.0,0.0,0.0,1.0,1.0,0.0,-0.7629608511924744,,,,,,,,,,,,,,,,
1783989992.787,28894000,75,1,1,0,10.0,25.0,10.0,25.0,9.301291465759277,25.138641357421875,-0.1386404037475586,43.54855728149414,47.669551849365234,0.0,0.0,0.0,1.0,1.0,0.0,1.2811121940612793,,,,,,,,,,,,,,,,
1783989992.805,28909000,76,1,2,0,10.0,25.0,10.0,25.0,9.263030052185059,24.92193031311035,0.07807016372680664,49.34247589111328,46.83324432373047,0.0,0.0,0.0,1.0,1.0,0.0,-1.4607633352279663,,,,,,,,,,,,,,,,
1783989992.826,28927000,77,1,3,0,10.0,25.0,10.0,25.0,9.060711860656738,25.52638053894043,-0.5263805389404297,34.25968551635742,50.1784782409668,0.0,0.0,0.0,1.0,1.0,0.0,0.9697930812835693,,,,,,,,,,,,,,,,
1783989992.849,28948000,78,2,255,0,,,,,,,,,,,,,,,,,0.0,0.0,0.0,0.0,3.0,2.450000047683716,0.0,0.0,-0.11729896068572998,0.04902660846710205,0.041560251265764236,1.0,0.0,0.0,0.0,0.0
1783989992.877,28972000,79,1,0,0,10.0,25.0,10.0,25.0,8.666655540466309,25.506622314453125,-0.5066215991973877,28.368642807006836,43.906166076660156,0.0,0.0,0.0,1.0,1.0,0.0,-0.7599754929542542,,,,,,,,,,,,,,,,
1783989992.879,28999000,80,1,1,0,10.0,25.0,10.0,25.0,9.29975700378418,25.140588760375977,-0.14058947563171387,43.49859619140625,47.669551849365234,0.0,0.0,0.0,1.0,1.0,0.0,1.2794395685195923,,,,,,,,,,,,,,,,
1783989992.912,29020000,81,1,2,0,10.0,25.0,10.0,25.0,9.261993408203125,24.92278480529785,0.07721483707427979,49.30573272705078,46.83324432373047,0.0,0.0,0.0,1.0,1.0,0.0,-1.4600377082824707,,,,,,,,,,,,,,,,
1783989992.931,29034000,82,1,3,0,10.0,25.0,10.0,25.0,9.059127807617188,25.526887893676758,-0.5268871784210205,34.113555908203125,50.1784782409668,0.0,0.0,0.0,1.0,1.0,0.0,0.9645581245422363,,,,,,,,,,,,,,,,
1783989992.950,29052000,83,2,255,0,,,,,,,,,,,,,,,,,0.0,0.0,0.0,0.0,3.0,2.450000047683716,0.0,0.0,-0.12611007690429688,0.05917401611804962,0.04180130362510681,1.0,0.0,0.0,0.0,0.0
1783989992.974,29073000,84,1,0,0,10.0,25.0,10.0,25.0,8.667943954467773,25.50669288635254,-0.5066931247711182,28.3718318939209,43.906166076660156,0.0,0.0,0.0,1.0,1.0,0.0,-0.7601666450500488,,,,,,,,,,,,,,,,
1783989993.001,29096000,85,1,1,0,10.0,25.0,10.0,25.0,9.30211353302002,25.138336181640625,-0.1383364200592041,43.50230026245117,47.669551849365234,0.0,0.0,0.0,1.0,1.0,0.0,1.2797784805297852,,,,,,,,,,,,,,,,
1783989993.003,29123000,86,1,2,0,10.0,25.0,10.0,25.0,9.263445854187012,24.921297073364258,0.07870346307754517,49.27354431152344,46.83324432373047,0.0,0.0,0.0,1.0,1.0,0.0,-1.4591212272644043,,,,,,,,,,,,,,,,
1783989993.035,29143000,87,1,3,0,10.0,25.0,10.0,25.0,9.0625581741333,25.525245666503906,-0.5252450704574585,34.18471908569336,50.1784782409668,0.0,0.0,0.0,1.0,1.0,0.0,0.9676318764686584,,,,,,,,,,,,,,,,
1783989993.052,29157000,88,2,255,0,,,,,,,,,,,,,,,,,0.0,0.0,0.0,0.0,3.0,2.450000047683716,0.0,0.0,-0.10937032103538513,0.06207236275076866,0.04135791212320328,1.0,0.0,0.0,0.0,0.0
1783989993.070,29173000,89,1,0,0,10.0,25.0,10.0,25.0,8.668477058410645,25.505578994750977,-0.5055785179138184,28.459400177001953,43.906166076660156,0.0,0.0,0.0,1.0,1.0,0.0,-0.7626949548721313,,,,,,,,,,,,,,,,
1783989993.092,29192000,90,1,1,0,10.0,25.0,10.0,25.0,9.300545692443848,25.140254974365234,-0.14025568962097168,43.35198211669922,47.669551849365234,0.0,0.0,0.0,1.0,1.0,0.0,1.274733066558838,,,,,,,,,,,,,,,,
1783989993.116,29214000,91,1,2,0,10.0,25.0,10.0,25.0,9.262049674987793,24.922683715820312,0.07731616497039795,48.991676330566406,46.83324432373047,0.0,0.0,0.0,1.0,1.0,0.0,-1.4501783847808838,,,,,,,,,,,,,,,,
1783989993.143,29238000,92,1,3,0,10.0,25.0,10.0,25.0,9.059173583984375,25.52692222595215,-0.5269229412078857,34.024696350097656,50.1784782409668,0.0,0.0,0.0,1.0,1.0,0.0,0.9618998765945435,,,,,,,,,,,,,,,,
1783989993.145,29265000,93,2,255,0,,,,,,,,,,,,,,,,,0.0,0.0,0.0,0.0,3.0,2.450000047683716,0.0,0.0,-0.11829627305269241,0.06371849775314331,0.041586682200431824,1.0,0.0,0.0,0.0,0.0
1783989993.176,29285000,94,1,0,0,10.0,25.0,10.0,25.0,8.667740821838379,25.508134841918945,-0.5081355571746826,28.401382446289062,43.906166076660156,0.0,0.0,0.0,1.0,1.0,0.0,-0.7612074613571167,,,,,,,,,,,,,,,,
1783989993.193,29298000,95,1,1,0,10.0,25.0,10.0,25.0,9.301058769226074,25.139110565185547,-0.13911128044128418,43.39320755004883,47.669551849365234,0.0,0.0,0.0,1.0,1.0,0.0,1.276163101196289,,,,,,,,,,,,,,,,
1783989993.211,29314000,96,1,2,0,10.0,25.0,10.0,25.0,9.262520790100098,24.922073364257812,0.0779271125793457,48.923240661621094,46.83324432373047,0.0,0.0,0.0,1.0,1.0,0.0,-1.447847604751587,,,,,,,,,,,,,,,,
1783989993.234,29333000,97,1,3,0,10.0,25.0,10.0,25.0,9.064187049865723,25.523212432861328,-0.5232125520706177,33.870269775390625,50.1784782409668,0.0,0.0,0.0,1.0,1.0,0.0,0.9570541977882385,,,,,,,,,,,,,,,,
1783989993.260,29356000,98,2,255,0,,,,,,,,,,,,,,,,,0.0,0.0,0.0,0.0,3.0,2.450000047683716,0.0,0.0,-0.11386930197477341,0.06564067304134369,0.041471030563116074,1.0,0.0,0.0,0.0,0.0
1783989993.286,29382000,99,1,0,0,10.0,25.0,10.0,25.0,8.669625282287598,25.504716873168945,-0.504717230796814,28.49688148498535,43.906166076660156,0.0,0.0,0.0,1.0,1.0,0.0,-0.7639803886413574,,,,,,,,,,,,,,,,
1783989993.289,29409000,100,1,1,0,10.0,25.0,10.0,25.0,9.301424026489258,25.138601303100586,-0.1386016607284546,43.4541130065918,47.669551849365234,0.0,0.0,0.0,1.0,1.0,0.0,1.278166651725769,,,,,,,,,,,,,,,,
1783989993.323,29430000,101,1,2,0,10.0,25.0,10.0,25.0,9.262608528137207,24.921663284301758,0.07833689451217651,49.26409149169922,46.83324432373047,0.0,0.0,0.0,1.0,1.0,0.0,-1.4588115215301514,,,,,,,,,,,,,,,,
1783989993.342,29445000,102,1,3,0,10.0,25.0,10.0,25.0,9.060133934020996,25.526063919067383,-0.5260646343231201,34.07183837890625,50.1784782409668,0.0,0.0,0.0,1.0,1.0,0.0,0.9638928174972534,,,,,,,,,,,,,,,,
1783989993.363,29463000,103,2,255,0,,,,,,,,,,,,,,,,,0.0,0.0,0.0,0.0,3.0,2.450000047683716,0.0,0.0,-0.1271960437297821,0.060230448842048645,0.04183219000697136,1.0,0.0,0.0,0.0,0.0
1783989993.387,29485000,104,1,0,0,10.0,25.0,10.0,25.0,8.666976928710938,25.50613784790039,-0.506138801574707,28.497480392456055,43.906166076660156,0.0,0.0,0.0,1.0,1.0,0.0,-0.7637125253677368,,,,,,,,,,,,,,,,
1783989993.413,29509000,105,1,1,0,10.0,25.0,10.0,25.0,9.30085277557373,25.13927459716797,-0.1392751932144165,43.72288131713867,47.669551849365234,0.0,0.0,0.0,1.0,1.0,0.0,1.2870569229125977,,,,,,,,,,,,,,,,
1783989993.416,29536000,106,1,2,0,10.0,25.0,10.0,25.0,9.26187515258789,24.92327117919922,0.07672905921936035,49.248592376708984,46.83324432373047,0.0,0.0,0.0,1.0,1.0,0.0,-1.4583067893981934,,,,,,,,,,,,,,,,
1783989993.450,29558000,107,1,3,0,10.0,25.0,10.0,25.0,9.06128215789795,25.5252742767334,-0.5252748727798462,34.26605224609375,50.1784782409668,0.0,0.0,0.0,1.0,1.0,0.0,0.9699652791023254,,,,,,,,,,,,,,,,
1783989993.468,29573000,108,2,255,0,,,,,,,,,,,,,,,,,0.0,0.0,0.0,0.0,3.0,2.450000047683716,0.0,0.0,-0.12056756019592285,0.061445169150829315,0.041647687554359436,1.0,0.0,0.0,0.0,0.0
1783989993.487,29589000,109,1,0,0,10.0,25.0,10.0,25.0,8.668289184570312,25.50700569152832,-0.507006049156189,28.49160385131836,43.906166076660156,0.0,0.0,0.0,1.0,1.0,0.0,-0.7638687491416931,,,,,,,,,,,,,,,,
1783989993.511,29609000,110,1,1,0,10.0,25.0,10.0,25.0,9.300734519958496,25.139751434326172,-0.13975203037261963,43.6004524230957,47.669551849365234,0.0,0.0,0.0,1.0,1.0,0.0,1.2829830646514893,,,,,,,,,,,,,,,,
1783989993.537,29633000,111,1,2,0,10.0,25.0,10.0,25.0,9.262595176696777,24.921560287475586,0.07843971252441406,49.28721618652344,46.83324432373047,0.0,0.0,0.0,1.0,1.0,0.0,-1.4597269296646118,,,,,,,,,,,,,,,,
1783989993.540,29660000,112,1,3,0,10.0,25.0,10.0,25.0,9.05927562713623,25.52781105041504,-0.5278110504150391,34.16278839111328,50.1784782409668,0.0,0.0,0.0,1.0,1.0,0.0,0.9663626551628113,,,,,,,,,,,,,,,,
1783989993.573,29681000,113,2,255,0,,,,,,,,,,,,,,,,,0.0,0.0,0.0,0.0,3.0,2.450000047683716,0.0,0.0,-0.1268967241048813,0.05897269770503044,0.041823651641607285,1.0,0.0,0.0,0.0,0.0
1783989993.590,29695000,114,1,0,0,10.0,25.0,10.0,25.0,8.66670036315918,25.50749397277832,-0.5074948072433472,28.412038803100586,43.906166076660156,0.0,0.0,0.0,1.0,1.0,0.0,-0.7615163326263428,,,,,,,,,,,,,,,,
1783989993.609,29711000,115,1,1,0,10.0,25.0,10.0,25.0,9.299718856811523,25.1396541595459,-0.13965368270874023,43.46399688720703,47.669551849365234,0.0,0.0,0.0,1.0,1.0,0.0,1.2782869338989258,,,,,,,,,,,,,,,,
1783989993.631,29731000,116,1,2,0,10.0,25.0,10.0,25.0,9.261734008789062,24.923320770263672,0.07667839527130127,49.26737594604492,46.83324432373047,0.0,0.0,0.0,1.0,1.0,0.0,-1.4588627815246582,,,,,,,,,,,,,,,,
1783989993.657,29753000,117,1,3,0,10.0,25.0,10.0,25.0,9.06151008605957,25.524721145629883,-0.5247205495834351,34.134559631347656,50.1784782409668,0.0,0.0,0.0,1.0,1.0,0.0,0.9654558300971985,,,,,,,,,,,,,,,,
1783989993.684,29779000,118,2,255,0,,,,,,,,,,,,,,,,,0.0,0.0,0.0,0.0,3.0,2.450000047683716,0.0,0.0,-0.1250990927219391,0.06219829246401787,0.04177278280258179,1.0,0.0,0.0,0.0,0.0
1783989993.686,29806000,119,1,0,0,10.0,25.0,10.0,25.0,8.668254852294922,25.507068634033203,-0.5070686340332031,28.51894760131836,43.906166076660156,0.0,0.0,0.0,1.0,1.0,0.0,-0.7651890516281128,,,,,,,,,,,,,,,,
1783989993.719,29827000,120,1,1,0,10.0,25.0,10.0,25.0,9.300745010375977,25.13974380493164,-0.13974308967590332,43.379146575927734,47.669551849365234,0.0,0.0,0.0,1.0,1.0,0.0,1.275640606880188,,,,,,,,,,,,,,,,
1783989993.738,29842000,121,1,2,0,10.0,25.0,10.0,25.0,9.263313293457031,24.921344757080078,0.07865577936172485,49.16740036010742,46.83324432373047,0.0,0.0,0.0,1.0,1.0,0.0,-1.4558981657028198,,,,,,,,,,,,,,,,
1783989993.757,29859000,122,1,3,0,10.0,25.0,10.0,25.0,9.059699058532715,25.52711296081543,-0.527113676071167,33.97869110107422,50.1784782409668,0.0,0.0,0.0,1.0,1.0,0.0,0.960195779800415,,,,,,,,,,,,,,,,
1783989993.780,29879000,123,2,255,0,,,,,,,,,,,,,,,,,0.0,0.0,0.0,0.0,3.0,2.450000047683716,0.0,0.0,-0.12047427147626877,0.05136427655816078,0.04164515808224678,1.0,0.0,0.0,0.0,0.0
1783989993.807,29902000,124,1,0,0,10.0,25.0,10.0,25.0,8.666128158569336,25.506423950195312,-0.5064249038696289,28.582508087158203,43.906166076660156,0.0,0.0,0.0,1.0,1.0,0.0,-0.7668936848640442,,,,,,,,,,,,,,,,
1783989993.809,29929000,125,1,1,0,10.0,25.0,10.0,25.0,9.300274848937988,25.139450073242188,-0.1394510269165039,43.3128547668457,47.669551849365234,0.0,0.0,0.0,1.0,1.0,0.0,1.273419737815857,,,,,,,,,,,,,,,,
1783989993.841,29950000,126,1,2,0,10.0,25.0,10.0,25.0,9.262723922729492,24.921512603759766,0.07848739624023438,49.1171875,46.83324432373047,0.0,0.0,0.0,1.0,1.0,0.0,-1.4538859128952026,,,,,,,,,,,,,,,,
1783989993.859,29963000,127,1,3,0,10.0,25.0,10.0,25.0,9.062995910644531,25.523216247558594,-0.5232155323028564,33.65965270996094,50.1784782409668,0.0,0.0,0.0,1.0,1.0,0.0,0.9504271745681763,,,,,,,,,,,,,,,,
1783989993.877,29980000,128,2,255,0,,,,,,,,,,,,,,,,,0.0,0.0,0.0,0.0,3.0,2.450000047683716,0.0,0.0,-0.12743955850601196,0.05357866361737251,0.041839152574539185,1.0,0.0,0.0,0.0,0.0
1783989993.900,29999000,129,1,0,0,10.0,25.0,10.0,25.0,8.670483589172363,25.505374908447266,-0.505375862121582,28.33125877380371,43.906166076660156,0.0,0.0,0.0,1.0,1.0,0.0,-0.7587669491767883,,,,,,,,,,,,,,,,
1783989993.924,30021000,130,1,1,0,10.0,25.0,10.0,25.0,9.301389694213867,25.13855743408203,-0.13855695724487305,43.472877502441406,47.669551849365234,0.0,0.0,0.0,1.0,1.0,0.0,1.27904212474823,,,,,,,,,,,,,,,,
1783989993.951,30046000,131,1,2,0,10.0,25.0,10.0,25.0,9.263227462768555,24.921762466430664,0.07823705673217773,49.15232467651367,46.83324432373047,0.0,0.0,0.0,1.0,1.0,0.0,-1.455190896987915,,,,,,,,,,,,,,,,
1783989993.952,30073000,132,1,3,0,10.0,25.0,10.0,25.0,9.062037467956543,25.523975372314453,-0.5239754915237427,33.73112487792969,50.1784782409668,0.0,0.0,0.0,1.0,1.0,0.0,0.9525375962257385,,,,,,,,,,,,,,,,
1783989993.984,30093000,133,2,255,0,,,,,,,,,,,,,,,,,0.0,0.0,0.0,0.0,3.0,2.450000047683716,0.0,0.0,-0.11638814955949783,0.03792845457792282,0.04153630509972572,1.0,0.0,0.0,0.0,0.0
1783989993.999,30107000,134,1,0,0,10.0,25.0,10.0,25.0,8.666496276855469,25.5057373046875,-0.5057364702224731,28.420745849609375,43.906166076660156,0.0,0.0,0.0,1.0,1.0,0.0,-0.7614452242851257,,,,,,,,,,,,,,,,
1783989994.016,30121000,135,1,1,0,10.0,25.0,10.0,25.0,9.301192283630371,25.140064239501953,-0.14006495475769043,43.47925567626953,47.669551849365234,0.0,0.0,0.0,1.0,1.0,0.0,1.2793338298797607,,,,,,,,,,,,,,,,
1783989994.036,30138000,136,1,2,0,10.0,25.0,10.0,25.0,9.261076927185059,24.923524856567383,0.07647424936294556,49.197593688964844,46.83324432373047,0.0,0.0,0.0,1.0,1.0,0.0,-1.4566655158996582,,,,,,,,,,,,,,,,
1783989994.058,30157000,137,1,3,0,10.0,25.0,10.0,25.0,9.059979438781738,25.5252628326416,-0.5252629518508911,34.099151611328125,50.1784782409668,0.0,0.0,0.0,1.0,1.0,0.0,0.9640952944755554,,,,,,,,,,,,,,,,
1783989994.084,30180000,138,2,255,0,,,,,,,,,,,,,,,,,0.0,0.0,0.0,0.0,3.0,2.450000047683716,0.0,0.0,-0.12632536888122559,0.041890379041433334,0.04180740937590599,1.0,0.0,0.0,0.0,0.0
1783989994.086,30206000,139,1,0,0,10.0,25.0,10.0,25.0,8.667777061462402,25.505817413330078,-0.5058169364929199,28.403549194335938,43.906166076660156,0.0,0.0,0.0,1.0,1.0,0.0,-0.760725200176239,,,,,,,,,,,,,,,,
1783989994.119,30227000,140,1,1,0,10.0,25.0,10.0,25.0,9.300413131713867,25.139385223388672,-0.13938546180725098,43.29888153076172,47.669551849365234,0.0,0.0,0.0,1.0,1.0,0.0,1.273058533668518,,,,,,,,,,,,,,,,
1783989994.136,30241000,141,1,2,0,10.0,25.0,10.0,25.0,9.263680458068848,24.920726776123047,0.07927417755126953,49.20100784301758,46.83324432373047,0.0,0.0,0.0,1.0,1.0,0.0,-1.4569257497787476,,,,,,,,,,,,,,,,
1783989994.156,30258000,142,1,3,0,10.0,25.0,10.0,25.0,9.06479549407959,25.52219009399414,-0.5221903324127197,33.715049743652344,50.1784782409668,0.0,0.0,0.0,1.0,1.0,0.0,0.9520825147628784,,,,,,,,,,,,,,,,
1783989994.178,30278000,143,2,255,0,,,,,,,,,,,,,,,,,0.0,0.0,0.0,0.0,3.0,2.450000047683716,0.0,0.0,-0.10746212303638458,0.051547691226005554,0.04131127893924713,1.0,0.0,0.0,0.0,0.0
1783989994.203,30300000,144,1,0,0,10.0,25.0,10.0,25.0,8.669435501098633,25.503890991210938,-0.5038917064666748,28.482410430908203,43.906166076660156,0.0,0.0,0.0,1.0,1.0,0.0,-0.763944685459137,,,,,,,,,,,,,,,,
1783989994.230,30325000,145,1,1,0,10.0,25.0,10.0,25.0,9.30258560180664,25.138641357421875,-0.1386404037475586,43.51798629760742,47.669551849365234,0.0,0.0,0.0,1.0,1.0,0.0,1.2804896831512451,,,,,,,,,,,,,,,,
1783989994.232,30352000,146,1,2,0,10.0,25.0,10.0,25.0,9.261955261230469,24.921846389770508,0.07815361022949219,49.12454605102539,46.83324432373047,0.0,0.0,0.0,1.0,1.0,0.0,-1.4540587663650513,,,,,,,,,,,,,,,,
1783989994.264,30373000,147,1,3,0,10.0,25.0,10.0,25.0,9.062114715576172,25.52356719970703,-0.5235671997070312,34.11648178100586,50.1784782409668,0.0,0.0,0.0,1.0,1.0,0.0,0.96482253074646,,,,,,,,,,,,,,,,
1783989994.280,30386000,148,2,255,0,,,,,,,,,,,,,,,,,0.0,0.0,0.0,0.0,3.0,2.450000047683716,0.0,0.0,-0.11853392422199249,0.057431455701589584,0.04159301146864891,1.0,0.0,0.0,0.0,0.0
1783989994.298,30402000,149,1,0,0,10.0,25.0,10.0,25.0,8.667664527893066,25.50590705871582,-0.505906343460083,28.539348602294922,43.906166076660156,0.0,0.0,0.0,1.0,1.0,0.0,-0.765506386756897,,,,,,,,,,,,,,,,
1783989994.321,30420000,150,1,1,0,10.0,25.0,10.0,25.0,9.301252365112305,25.138694763183594,-0.13869404792785645,43.66661834716797,47.669551849365234,0.0,0.0,0.0,1.0,1.0,0.0,1.2849655151367188,,,,,,,,,,,,,,,,
1783989994.346,30443000,151,1,2,0,10.0,25.0,10.0,25.0,9.263311386108398,24.921348571777344,0.0786513090133667,49.249114990234375,46.83324432373047,0.0,0.0,0.0,1.0,1.0,0.0,-1.4583542346954346,,,,,,,,,,,,,,,,
1783989994.348,30469000,152,1,3,0,10.0,25.0,10.0,25.0,9.063044548034668,25.524091720581055,-0.5240917205810547,34.09382629394531,50.1784782409668,0.0,0.0,0.0,1.0,1.0,0.0,0.9640445113182068,,,,,,,,,,,,,,,,
1783989994.380,30489000,153,2,255,0,,,,,,,,,,,,,,,,,0.0,0.0,0.0,0.0,3.0,2.450000047683716,0.0,0.0,-0.10354878753423691,0.06164534389972687,0.04121816158294678,1.0,0.0,0.0,0.0,0.0
1783989994.395,30502000,154,1,0,0,10.0,25.0,10.0,25.0,8.668458938598633,25.506900787353516,-0.506901741027832,28.431610107421875,43.906166076660156,0.0,0.0,0.0,1.0,1.0,0.0,-0.7620403170585632,,,,,,,,,,,,,,,,
1783989994.411,30517000,155,1,1,0,10.0,25.0,10.0,25.0,9.300758361816406,25.13970184326172,-0.13970136642456055,43.39734649658203,47.669551849365234,0.0,0.0,0.0,1.0,1.0,0.0,1.276265263557434,,,,,,,,,,,,,,,,
1783989994.431,30533000,156,1,2,0,10.0,25.0,10.0,25.0,9.26314926147461,24.921794891357422,0.07820427417755127,49.15854263305664,46.83324432373047,0.0,0.0,0.0,1.0,1.0,0.0,-1.4554519653320312,,,,,,,,,,,,,,,,
1783989994.453,30552000,157,1,3,0,10.0,25.0,10.0,25.0,9.059734344482422,25.528032302856445,-0.528031587600708,33.989219665527344,50.1784782409668,0.0,0.0,0.0,1.0,1.0,0.0,0.9608985781669617,,,,,,,,,,,,,,,,
1783989994.478,30575000,158,2,255,0,,,,,,,,,,,,,,,,,0.0,0.0,0.0,0.0,3.0,2.450000047683716,0.0,0.0,-0.1051608994603157,0.05459703877568245,0.04125611111521721,1.0,0.0,0.0,0.0,0.0
1783989994.505,30600000,159,1,0,0,10.0,25.0,10.0,25.0,8.667447090148926,25.505035400390625,-0.5050361156463623,28.577661514282227,43.906166076660156,0.0,0.0,0.0,1.0,1.0,0.0,-0.7664660811424255,,,,,,,,,,,,,,,,
1783989994.507,30627000,160,1,1,0,10.0,25.0,10.0,25.0,9.300673484802246,25.1397705078125,-0.13976991176605225,43.459815979003906,47.669551849365234,0.0,0.0,0.0,1.0,1.0,0.0,1.2783451080322266,,,,,,,,,,,,,,,,
1783989994.538,30648000,161,1,2,0,10.0,25.0,10.0,25.0,9.263060569763184,24.921871185302734,0.07812976837158203,49.26201629638672,46.83324432373047,0.0,0.0,0.0,1.0,1.0,0.0,-1.4589881896972656,,,,,,,,,,,,,,,,
1783989994.555,30660000,162,1,3,0,10.0,25.0,10.0,25.0,9.062166213989258,25.523597717285156,-0.523597002029419,34.26079559326172,50.1784782409668,0.0,0.0,0.0,1.0,1.0,0.0,0.9690105319023132,,,,,,,,,,,,,,,,
1783989994.571,30676000,163,2,255,0,,,,,,,,,,,,,,,,,0.0,0.0,0.0,0.0,3.0,2.450000047683716,0.0,0.0,-0.1147783026099205,0.06516656279563904,0.041494425386190414,1.0,0.0,0.0,0.0,0.0
1783989994.594,30694000,164,1,0,0,10.0,25.0,10.0,25.0,8.66871166229248,25.507387161254883,-0.5073875188827515,28.468162536621094,43.906166076660156,0.0,0.0,0.0,1.0,1.0,0.0,-0.7635407447814941,,,,,,,,,,,,,,,,
1783989994.621,30715000,165,1,1,0,10.0,25.0,10.0,25.0,9.30044937133789,25.13929557800293,-0.1392960548400879,43.475868225097656,47.669551849365234,0.0,0.0,0.0,1.0,1.0,0.0,1.2786461114883423,,,,,,,,,,,,,,,,
1783989994.644,30739000,166,1,2,0,10.0,25.0,10.0,25.0,9.263283729553223,24.921306610107422,0.07869303226470947,49.23223876953125,46.83324432373047,0.0,0.0,0.0,1.0,1.0,0.0,-1.457804560661316,,,,,,,,,,,,,,,,
1783989994.646,30766000,167,1,3,0,10.0,25.0,10.0,25.0,9.06143569946289,25.527053833007812,-0.5270540714263916,34.247581481933594,50.1784782409668,0.0,0.0,0.0,1.0,1.0,0.0,0.9690240621566772,,,,,,,,,,,,,,,,
1783989994.677,30786000,168,2,255,0,,,,,,,,,,,,,,,,,0.0,0.0,0.0,0.0,3.0,2.450000047683716,0.0,0.0,-0.11509992182254791,0.05669431388378143,0.04150274768471718,1.0,0.0,0.0,0.0,0.0
1783989994.693,30799000,169,1,0,0,10.0,25.0,10.0,25.0,8.666862487792969,25.50613021850586,-0.5061298608779907,28.485851287841797,43.906166076660156,0.0,0.0,0.0,1.0,1.0,0.0,-0.7636846303939819,,,,,,,,,,,,,,,,
1783989994.710,30815000,170,1,1,0,10.0,25.0,10.0,25.0,9.29985523223877,25.140506744384766,-0.14050602912902832,43.27537155151367,47.669551849365234,0.0,0.0,0.0,1.0,1.0,0.0,1.272199273109436,,,,,,,,,,,,,,,,
1783989994.732,30833000,171,1,2,0,10.0,25.0,10.0,25.0,9.26133918762207,24.92298698425293,0.07701367139816284,49.032047271728516,46.83324432373047,0.0,0.0,0.0,1.0,1.0,0.0,-1.4513704776763916,,,,,,,,,,,,,,,,
1783989994.755,30854000,172,1,3,0,10.0,25.0,10.0,25.0,9.060946464538574,25.52351951599121,-0.5235195159912109,33.92742919921875,50.1784782409668,0.0,0.0,0.0,1.0,1.0,0.0,0.9588977098464966,,,,,,,,,,,,,,,,
1783989994.780,30877000,173,2,255,0,,,,,,,,,,,,,,,,,0.0,0.0,0.0,0.0,3.0,2.450000047683716,0.0,0.0,-0.13214610517024994,0.06555512547492981,0.04197624325752258,1.0,0.0,0.0,0.0,0.0
1783989994.807,30903000,174,1,0,0,10.0,25.0,10.0,25.0,8.665366172790527,25.506669998168945,-0.506669282913208,28.534791946411133,43.906166076660156,0.0,0.0,0.0,1.0,1.0,0.0,-0.7650905847549438,,,,,,,,,,,,,,,,
1783989994.809,30929000,175,1,1,0,10.0,25.0,10.0,25.0,9.301088333129883,25.13914680480957,-0.13914704322814941,43.412139892578125,47.669551849365234,0.0,0.0,0.0,1.0,1.0,0.0,1.2767384052276611,,,,,,,,,,,,,,,,
1783989994.841,30949000,176,1,2,0,10.0,25.0,10.0,25.0,9.264138221740723,24.921045303344727,0.07895529270172119,49.24651336669922,46.83324432373047,0.0,0.0,0.0,1.0,1.0,0.0,-1.4585427045822144,,,,,,,,,,,,,,,,
1783989994.858,30963000,177,1,3,0,10.0,25.0,10.0,25.0,9.06336784362793,25.523597717285156,-0.523597002029419,34.19901657104492,50.1784782409668,0.0,0.0,0.0,1.0,1.0,0.0,0.967716634273529,,,,,,,,,,,,,,,,
1783989994.875,30979000,178,2,255,0,,,,,,,,,,,,,,,,,0.0,0.0,0.0,0.0,3.0,2.450000047683716,0.0,0.0,-0.12117595970630646,0.060235489159822464,0.04166422039270401,1.0,0.0,0.0,0.0,0.0
1783989994.897,30997000,179,1,0,0,10.0,25.0,10.0,25.0,8.667379379272461,25.506460189819336,-0.5064606666564941,28.504688262939453,43.906166076660156,0.0,0.0,0.0,1.0,1.0,0.0,-0.7641296982765198,,,,,,,,,,,,,,,,
1783989994.920,31018000,180,1,1,0,10.0,25.0,10.0,25.0,9.30080795288086,25.139728546142578,-0.13972818851470947,43.3822135925293,47.669551849365234,0.0,0.0,0.0,1.0,1.0,0.0,1.2757847309112549,,,,,,,,,,,,,,,,
1783989994.947,31043000,181,1,2,0,10.0,25.0,10.0,25.0,9.261439323425293,24.92290687561035,0.07709264755249023,49.04649353027344,46.83324432373047,0.0,0.0,0.0,1.0,1.0,0.0,-1.4516756534576416,,,,,,,,,,,,,,,,
1783989994.949,31069000,182,1,3,0,10.0,25.0,10.0,25.0,9.059358596801758,25.526424407958984,-0.5264252424240112,34.21025085449219,50.1784782409668,0.0,0.0,0.0,1.0,1.0,0.0,0.9679816961288452,,,,,,,,,,,,,,,,
1783989994.980,31089000,183,2,255,0,,,,,,,,,,,,,,,,,0.0,0.0,0.0,0.0,3.0,2.450000047683716,0.0,0.0,-0.13771072030067444,0.07231848686933517,0.042144566774368286,1.0,0.0,0.0,0.0,0.0
1783989994.995,31101000,184,1,0,0,10.0,25.0,10.0,25.0,8.668156623840332,25.506061553955078,-0.506061315536499,28.296255111694336,43.906166076660156,0.0,0.0,0.0,1.0,1.0,0.0,-0.7579663991928101,,,,,,,,,,,,,,,,
1783989995.012,31116000,185,1,1,0,10.0,25.0,10.0,25.0,9.300796508789062,25.139638900756836,-0.1396387815475464,43.370487213134766,47.669551849365234,0.0,0.0,0.0,1.0,1.0,0.0,1.2755450010299683,,,,,,,,,,,,,,,,
1783989995.034,31134000,186,1,2,0,10.0,25.0,10.0,25.0,9.26314926147461,24.921794891357422,0.07820427417755127,49.15386199951172,46.83324432373047,0.0,0.0,0.0,1.0,1.0,0.0,-1.455161690711975,,,,,,,,,,,,,,,,
1783989995.057,31156000,187,1,3,0,10.0,25.0,10.0,25.0,9.06251335144043,25.52522087097168,-0.5252212285995483,34.10795593261719,50.1784782409668,0.0,0.0,0.0,1.0,1.0,0.0,0.9648097157478333,,,,,,,,,,,,,,,,
1783989995.081,31179000,188,2,255,0,,,,,,,,,,,,,,,,,0.0,0.0,0.0,0.0,3.0,2.450000047683716,0.0,0.0,-0.13270893692970276,0.0830405130982399,0.04199296236038208,1.0,0.0,0.0,0.0,0.0
1783989995.108,31204000,189,1,0,0,10.0,25.0,10.0,25.0,8.671255111694336,25.505102157592773,-0.5051016807556152,28.398757934570312,43.906166076660156,0.0,0.0,0.0,1.0,1.0,0.0,-0.7615067958831787,,,,,,,,,,,,,,,,
1783989995.110,31230000,190,1,1,0,10.0,25.0,10.0,25.0,9.301788330078125,25.13888168334961,-0.13888180255889893,43.510196685791016,47.669551849365234,0.0,0.0,0.0,1.0,1.0,0.0,1.2801158428192139,,,,,,,,,,,,,,,,
1783989995.141,31250000,191,1,2,0,10.0,25.0,10.0,25.0,9.262362480163574,24.922136306762695,0.07786303758621216,49.15281295776367,46.83324432373047,0.0,0.0,0.0,1.0,1.0,0.0,-1.455217719078064,,,,,,,,,,,,,,,,
1783989995.157,31263000,192,1,3,0,10.0,25.0,10.0,25.0,9.060718536376953,25.5272216796875,-0.5272209644317627,34.00596618652344,50.1784782409668,0.0,0.0,0.0,1.0,1.0,0.0,0.9616982936859131,,,,,,,,,,,,,,,,
1783989995.173,31278000,193,2,255,0,,,,,,,,,,,,,,,,,0.0,0.0,0.0,0.0,3.0,2.450000047683716,0.0,0.0,-0.12415095418691635,0.07458072900772095,0.04174623638391495,1.0,0.0,0.0,0.0,0.0
1783989995.193,31295000,194,1,0,0,10.0,25.0,10.0,25.0,8.665928840637207,25.506914138793945,-0.5069136619567871,28.474288940429688,43.906166076660156,0.0,0.0,0.0,1.0,1.0,0.0,-0.763374388217926,,,,,,,,,,,,,,,,
1783989995.214,31314000,195,1,1,0,10.0,25.0,10.0,25.0,9.300012588500977,25.139976501464844,-0.13997554779052734,43.36460876464844,47.669551849365234,0.0,0.0,0.0,1.0,1.0,0.0,1.2754513025283813,,,,,,,,,,,,,,,,
1783989995.241,31337000,196,1,2,0,10.0,25.0,10.0,25.0,9.261411666870117,24.92296600341797,0.07703453302383423,49.15916442871094,46.83324432373047,0.0,0.0,0.0,1.0,1.0,0.0,-1.4554651975631714,,,,,,,,,,,,,,,,
1783989995.242,31363000,197,1,3,0,10.0,25.0,10.0,25.0,9.06097412109375,25.525760650634766,-0.5257606506347656,34.17858123779297,50.1784782409668,0.0,0.0,0.0,1.0,1.0,0.0,0.9673755764961243,,,,,,,,,,,,,,,,
1783989995.274,31383000,198,2,255,0,,,,,,,,,,,,,,,,,0.0,0.0,0.0,0.0,3.0,2.450000047683716,0.0,0.0,-0.12335281074047089,0.08728048950433731,0.04172404110431671,1.0,0.0,0.0,0.0,0.0
1783989995.292,31397000,199,1,0,0,10.0,25.0,10.0,25.0,8.66940975189209,25.506214141845703,-0.5062133073806763,28.466022491455078,43.906166076660156,0.0,0.0,0.0,1.0,1.0,0.0,-0.763266384601593,,,,,,,,,,,,,,,,
1783989995.309,31413000,200,1,1,0,10.0,25.0,10.0,25.0,9.301031112670898,25.139163970947266,-0.13916492462158203,43.485565185546875,47.669551849365234,0.0,0.0,0.0,1.0,1.0,0.0,1.279305100440979,,,,,,,,,,,,,,,,
1783989995.332,31432000,201,1,2,0,10.0,25.0,10.0,25.0,9.264670372009277,24.91983413696289,0.08016526699066162,49.24349594116211,46.83324432373047,0.0,0.0,0.0,1.0,1.0,0.0,-1.457815170288086,,,,,,,,,,,,,,,,
1783989995.355,31453000,202,1,3,0,10.0,25.0,10.0,25.0,9.061285972595215,25.527576446533203,-0.5275756120681763,34.30583953857422,50.1784782409668,0.0,0.0,0.0,1.0,1.0,0.0,0.9711942672729492,,,,,,,,,,,,,,,,
1783989995.380,31477000,203,2,255,0,,,,,,,,,,,,,,,,,0.0,0.0,0.0,0.0,3.0,2.450000047683716,0.0,0.0,-0.11431907117366791,0.08251088112592697,0.041482582688331604,1.0,0.0,0.0,0.0,0.0
1783989995.407,31502000,204,1,0,0,10.0,25.0,10.0,25.0,8.667298316955566,25.50777244567871,-0.5077719688415527,28.39113998413086,43.906166076660156,0.0,0.0,0.0,1.0,1.0,0.0,-0.7607089281082153,,,,,,,,,,,,,,,,
1783989995.410,31529000,205,1,1,0,10.0,25.0,10.0,25.0,9.300349235534668,25.13951301574707,-0.13951361179351807,43.400489807128906,47.669551849365234,0.0,0.0,0.0,1.0,1.0,0.0,1.2764489650726318,,,,,,,,,,,,,,,,
1783989995.441,31549000,206,1,2,0,10.0,25.0,10.0,25.0,9.262295722961426,24.922163009643555,0.07783621549606323,49.3565673828125,46.83324432373047,0.0,0.0,0.0,1.0,1.0,0.0,-1.462050199508667,,,,,,,,,,,,,,,,
1783989995.458,31563000,207,1,3,0,10.0,25.0,10.0,25.0,9.061041831970215,25.524425506591797,-0.5244255065917969,34.311126708984375,50.1784782409668,0.0,0.0,0.0,1.0,1.0,0.0,0.9709227085113525,,,,,,,,,,,,,,,,
1783989995.474,31579000,208,2,255,0,,,,,,,,,,,,,,,,,0.0,0.0,0.0,0.0,3.0,2.450000047683716,0.0,0.0,-0.11970540136098862,0.09614565223455429,0.04162439703941345,1.0,0.0,0.0,0.0,0.0
1783989995.495,31596000,209,1,0,0,10.0,25.0,10.0,25.0,8.670114517211914,25.505924224853516,-0.5059242248535156,28.385807037353516,43.906166076660156,0.0,0.0,0.0,1.0,1.0,0.0,-0.7610508799552917,,,,,,,,,,,,,,,,
1783989995.517,31616000,210,1,1,0,10.0,25.0,10.0,25.0,9.302495002746582,25.138572692871094,-0.1385718584060669,43.235504150390625,47.669551849365234,0.0,0.0,0.0,1.0,1.0,0.0,1.2715586423873901,,,,,,,,,,,,,,,,
1783989995.542,31639000,211,1,2,0,10.0,25.0,10.0,25.0,9.263814926147461,24.92159652709961,0.07840394973754883,49.27965545654297,46.83324432373047,0.0,0.0,0.0,1.0,1.0,0.0,-1.4598661661148071,,,,,,,,,,,,,,,,
1783989995.570,31664000,212,1,3,0,10.0,25.0,10.0,25.0,9.062108993530273,25.525876998901367,-0.5258768796920776,34.20118713378906,50.1784782409668,0.0,0.0,0.0,1.0,1.0,0.0,0.967650830745697,,,,,,,,,,,,,,,,
1783989995.572,31692000,213,2,255,0,,,,,,,,,,,,,,,,,0.0,0.0,0.0,0.0,3.0,2.450000047683716,0.0,0.0,-0.10746149718761444,0.08950693160295486,0.04131126403808594,1.0,0.0,0.0,0.0,0.0
1783989995.605,31713000,214,1,0,0,10.0,25.0,10.0,25.0,8.667049407958984,25.507041931152344,-0.5070418119430542,28.490903854370117,43.906166076660156,0.0,0.0,0.0,1.0,1.0,0.0,-0.7641843557357788,,,,,,,,,,,,,,,,
1783989995.623,31727000,215,1,1,0,10.0,25.0,10.0,25.0,9.300029754638672,25.140056610107422,-0.14005601406097412,43.40290451049805,47.669551849365234,0.0,0.0,0.0,1.0,1.0,0.0,1.276361107826233,,,,,,,,,,,,,,,,
1783989995.643,31745000,216,1,2,0,10.0,25.0,10.0,25.0,9.261128425598145,24.923545837402344,0.07645338773727417,49.202816009521484,46.83324432373047,0.0,0.0,0.0,1.0,1.0,0.0,-1.457029104232788,,,,,,,,,,,,,,,,
1783989995.667,31765000,217,1,3,0,10.0,25.0,10.0,25.0,9.058797836303711,25.52752113342285,-0.5275219678878784,34.265594482421875,50.1784782409668,0.0,0.0,0.0,1.0,1.0,0.0,0.9694671034812927,,,,,,,,,,,,,,,,
1783989995.693,31789000,218,2,255,0,,,,,,,,,,,,,,,,,0.0,0.0,0.0,0.0,3.0,2.450000047683716,0.0,0.0,-0.11609877645969391,0.08360619097948074,0.04152873530983925,1.0,0.0,0.0,0.0,0.0
1783989995.694,31815000,219,1,0,0,10.0,25.0,10.0,25.0,8.667518615722656,25.50737190246582,-0.5073726177215576,28.52151107788086,43.906166076660156,0.0,0.0,0.0,1.0,1.0,0.0,-0.7650173306465149,,,,,,,,,,,,,,,,
1783989995.726,31835000,220,1,1,0,10.0,25.0,10.0,25.0,9.301673889160156,25.137981414794922,-0.13798177242279053,43.47695541381836,47.669551849365234,0.0,0.0,0.0,1.0,1.0,0.0,1.278840184211731,,,,,,,,,,,,,,,,
1783989995.743,31848000,221,1,2,0,10.0,25.0,10.0,25.0,9.263340950012207,24.921289443969727,0.07871091365814209,49.06819152832031,46.83324432373047,0.0,0.0,0.0,1.0,1.0,0.0,-1.451838493347168,,,,,,,,,,,,,,,,
1783989995.761,31864000,222,1,3,0,10.0,25.0,10.0,25.0,9.062277793884277,25.526758193969727,-0.5267590284347534,34.44741439819336,50.1784782409668,0.0,0.0,0.0,1.0,1.0,0.0,0.9766488671302795,,,,,,,,,,,,,,,,
1783989995.782,31883000,223,2,255,0,,,,,,,,,,,,,,,,,0.0,0.0,0.0,0.0,3.0,2.450000047683716,0.0,0.0,-0.10704764723777771,0.08180951327085495,0.04130125790834427,1.0,0.0,0.0,0.0,0.0
1783989995.808,31905000,224,1,0,0,10.0,25.0,10.0,25.0,8.668999671936035,25.506851196289062,-0.506851077079773,28.57513999938965,43.906166076660156,0.0,0.0,0.0,1.0,1.0,0.0,-0.7670095562934875,,,,,,,,,,,,,,,,
1783989995.835,31930000,225,1,1,0,10.0,25.0,10.0,25.0,9.300800323486328,25.139728546142578,-0.13972818851470947,43.42934799194336,47.669551849365234,0.0,0.0,0.0,1.0,1.0,0.0,1.2771505117416382,,,,,,,,,,,,,,,,
1783989995.837,31957000,226,1,2,0,10.0,25.0,10.0,25.0,9.262022018432617,24.92273712158203,0.0772625207901001,49.133174896240234,46.83324432373047,0.0,0.0,0.0,1.0,1.0,0.0,-1.454355001449585,,,,,,,,,,,,,,,,
1783989995.870,31978000,227,1,3,0,10.0,25.0,10.0,25.0,9.06042194366455,25.527889251708984,-0.5278885364532471,34.32136917114258,50.1784782409668,0.0,0.0,0.0,1.0,1.0,0.0,0.9719719290733337,,,,,,,,,,,,,,,,
1783989995.887,31992000,228,2,255,0,,,,,,,,,,,,,,,,,0.0,0.0,0.0,0.0,3.0,2.450000047683716,0.0,0.0,-0.11788631975650787,0.0744052454829216,0.04157578945159912,1.0,0.0,0.0,0.0,0.0
1783989995.905,32008000,229,1,0,0,10.0,25.0,10.0,25.0,8.665373802185059,25.509029388427734,-0.5090296268463135,28.52487564086914,43.906166076660156,0.0,0.0,0.0,1.0,1.0,0.0,-0.7650269269943237,,,,,,,,,,,,,,,,
1783989995.928,32027000,230,1,1,0,10.0,25.0,10.0,25.0,9.300383567810059,25.13945770263672,-0.13945698738098145,43.507415771484375,47.669551849365234,0.0,0.0,0.0,1.0,1.0,0.0,1.2796669006347656,,,,,,,,,,,,,,,,
1783989995.954,32050000,231,1,2,0,10.0,25.0,10.0,25.0,9.262423515319824,24.92215347290039,0.07784664630889893,49.187225341796875,46.83324432373047,0.0,0.0,0.0,1.0,1.0,0.0,-1.45622980594635,,,,,,,,,,,,,,,,
1783989995.980,32076000,232,1,3,0,10.0,25.0,10.0,25.0,9.060881614685059,25.528236389160156,-0.5282372236251831,34.516021728515625,50.1784782409668,0.0,0.0,0.0,1.0,1.0,0.0,0.9779804348945618,,,,,,,,,,,,,,,,
1783989995.983,32103000,233,2,255,0,,,,,,,,,,,,,,,,,0.0,0.0,0.0,0.0,3.0,2.450000047683716,0.0,0.0,-0.11924747377634048,0.07537869364023209,0.04161209240555763,1.0,0.0,0.0,0.0,0.0
1783989996.017,32124000,234,1,0,0,10.0,25.0,10.0,25.0,8.668414115905762,25.507957458496094,-0.5079567432403564,28.48133659362793,43.906166076660156,0.0,0.0,0.0,1.0,1.0,0.0,-0.763634979724884,,,,,,,,,,,,,,,,
1783989996.034,32139000,235,1,1,0,10.0,25.0,10.0,25.0,9.299861907958984,25.140506744384766,-0.14050602912902832,43.352481842041016,47.669551849365234,0.0,0.0,0.0,1.0,1.0,0.0,1.2747334241867065,,,,,,,,,,,,,,,,
1783989996.053,32155000,236,1,2,0,10.0,25.0,10.0,25.0,9.263263702392578,24.92131805419922,0.07868260145187378,49.21333312988281,46.83324432373047,0.0,0.0,0.0,1.0,1.0,0.0,-1.4575002193450928,,,,,,,,,,,,,,,,
1783989996.075,32175000,237,1,3,0,10.0,25.0,10.0,25.0,9.06037425994873,25.529312133789062,-0.5293130874633789,34.114845275878906,50.1784782409668,0.0,0.0,0.0,1.0,1.0,0.0,0.9648266434669495,,,,,,,,,,,,,,,,
1783989996.101,32197000,238,2,255,0,,,,,,,,,,,,,,,,,0.0,0.0,0.0,0.0,3.0,2.450000047683716,0.0,0.0,-0.1187126412987709,0.06512288749217987,0.04159777984023094,1.0,0.0,0.0,0.0,0.0
1783989996.103,32223000,239,1,0,0,10.0,25.0,10.0,25.0,8.665999412536621,25.507837295532227,-0.5078375339508057,28.477109909057617,43.906166076660156,0.0,0.0,0.0,1.0,1.0,0.0,-0.7636127471923828,,,,,,,,,,,,,,,,
1783989996.135,32244000,240,1,1,0,10.0,25.0,10.0,25.0,9.301197052001953,25.138717651367188,-0.1387178897857666,43.47952651977539,47.669551849365234,0.0,0.0,0.0,1.0,1.0,0.0,1.2789223194122314,,,,,,,,,,,,,,,,
1783989996.151,32257000,241,1,2,0,10.0,25.0,10.0,25.0,9.261863708496094,24.92192840576172,0.07807165384292603,49.3234977722168,46.83324432373047,0.0,0.0,0.0,1.0,1.0,0.0,-1.4606094360351562,,,,,,,,,,,,,,,,
1783989996.167,32272000,242,1,3,0,10.0,25.0,10.0,25.0,9.061511039733887,25.526042938232422,-0.5260437726974487,34.033485412597656,50.1784782409668,0.0,0.0,0.0,1.0,1.0,0.0,0.9622793793678284,,,,,,,,,,,,,,,,
1783989996.187,32289000,243,2,255,0,,,,,,,,,,,,,,,,,0.0,0.0,0.0,0.0,3.0,2.450000047683716,0.0,0.0,-0.12753957509994507,0.07389435172080994,0.0418420173227787,1.0,0.0,0.0,0.0,0.0
1783989996.208,32308000,244,1,0,0,10.0,25.0,10.0,25.0,8.667471885681152,25.508747100830078,-0.5087465047836304,28.548763275146484,43.906166076660156,0.0,0.0,0.0,1.0,1.0,0.0,-0.7662801146507263,,,,,,,,,,,,,,,,
1783989996.234,32330000,245,1,1,0,10.0,25.0,10.0,25.0,9.301412582397461,25.13850975036621,-0.13850927352905273,43.333927154541016,47.669551849365234,0.0,0.0,0.0,1.0,1.0,0.0,1.2744864225387573,,,,,,,,,,,,,,,,
1783989996.236,32356000,246,1,2,0,10.0,25.0,10.0,25.0,9.262094497680664,24.92270851135254,0.07729232311248779,49.30555725097656,46.83324432373047,0.0,0.0,0.0,1.0,1.0,0.0,-1.4602100849151611,,,,,,,,,,,,,,,,
1783989996.265,32376000,247,1,3,0,10.0,25.0,10.0,25.0,9.059845924377441,25.528038024902344,-0.5280375480651855,33.97118377685547,50.1784782409668,0.0,0.0,0.0,1.0,1.0,0.0,0.9600647687911987,,,,,,,,,,,,,,,,
1783989996.281,32388000,248,2,255,0,,,,,,,,,,,,,,,,,0.0,0.0,0.0,0.0,3.0,2.450000047683716,0.0,0.0,-0.11522092670202255,0.05984359234571457,0.04150588437914848,1.0,0.0,0.0,0.0,0.0
1783989996.297,32402000,249,1,0,0,10.0,25.0,10.0,25.0,8.666390419006348,25.507232666015625,-0.5072325468063354,28.423656463623047,43.906166076660156,0.0,0.0,0.0,1.0,1.0,0.0,-0.7615490555763245,,,,,,,,,,,,,,,,
1783989996.319,32420000,250,1,1,0,10.0,25.0,10.0,25.0,9.300056457519531,25.140003204345703,-0.14000236988067627,43.370887756347656,47.669551849365234,0.0,0.0,0.0,1.0,1.0,0.0,1.2750377655029297,,,,,,,,,,,,,,,,
1783989996.342,32440000,251,1,2,0,10.0,25.0,10.0,25.0,9.262117385864258,24.92266082763672,0.0773400068283081,49.070308685302734,46.83324432373047,0.0,0.0,0.0,1.0,1.0,0.0,-1.4523963928222656,,,,,,,,,,,,,,,,
1783989996.370,32464000,252,1,3,0,10.0,25.0,10.0,25.0,9.059686660766602,25.525798797607422,-0.5257993936538696,34.118595123291016,50.1784782409668,0.0,0.0,0.0,1.0,1.0,0.0,0.9648153185844421,,,,,,,,,,,,,,,,
1783989996.372,32492000,253,2,255,0,,,,,,,,,,,,,,,,,0.0,0.0,0.0,0.0,3.0,2.450000047683716,0.0,0.0,-0.1264639049768448,0.0666542574763298,0.04181133955717087,1.0,0.0,0.0,0.0,0.0
1783989996.404,32513000,254,1,0,0,10.0,25.0,10.0,25.0,8.667941093444824,25.506603240966797,-0.5066037178039551,27.73872184753418,43.906166076660156,0.0,0.0,0.0,1.0,1.0,0.0,-0.7399536371231079,,,,,,,,,,,,,,,,
1783989996.420,32526000,255,1,1,0,10.0,25.0,10.0,25.0,9.30135726928711,25.13861656188965,-0.13861656188964844,43.755767822265625,47.669551849365234,0.0,0.0,0.0,1.0,1.0,0.0,1.287549376487732,,,,,,,,,,,,,,,,
1783989996.437,32541000,0,1,2,0,10.0,25.0,10.0,25.0,9.264488220214844,24.920425415039062,0.07957369089126587,49.3695182800293,46.83324432373047,0.0,0.0,0.0,1.0,1.0,0.0,-1.4624261856079102,,,,,,,,,,,,,,,,
1783989996.460,32560000,1,1,3,0,10.0,25.0,10.0,25.0,9.062564849853516,25.52524757385254,-0.5252480506896973,34.237159729003906,50.1784782409668,0.0,0.0,0.0,1.0,1.0,0.0,0.9686563014984131,,,,,,,,,,,,,,,,
1783989996.482,32581000,2,2,255,0,,,,,,,,,,,,,,,,,0.0,0.0,0.0,0.0,3.0,2.450000047683716,0.0,0.0,-0.11685513705015182,0.06586046516895294,0.04154856130480766,1.0,0.0,0.0,0.0,0.0
1783989996.509,32605000,3,1,0,0,10.0,25.0,10.0,25.0,8.672794342041016,25.50223159790039,-0.5022317171096802,28.027000427246094,43.906166076660156,0.0,0.0,0.0,1.0,1.0,0.0,-0.7495185732841492,,,,,,,,,,,,,,,,
1783989996.511,32631000,4,1,1,0,10.0,25.0,10.0,25.0,9.300808906555176,25.139724731445312,-0.1397252082824707,43.615421295166016,47.669551849365234,0.0,0.0,0.0,1.0,1.0,0.0,1.2831828594207764,,,,,,,,,,,,,,,,
1783989996.530,32652000,5,1,2,0,10.0,25.0,10.0,25.0,9.262465476989746,24.922054290771484,0.07794499397277832,49.28495788574219,46.83324432373047,0.0,0.0,0.0,1.0,1.0,0.0,-1.4594780206680298,,,,,,,,,,,,,,,,
1783989996.561,32666000,6,1,3,0,10.0,25.0,10.0,25.0,9.060537338256836,25.526487350463867,-0.5264878273010254,34.25171661376953,50.1784782409668,0.0,0.0,0.0,1.0,1.0,0.0,0.9689944982528687,,,,,,,,,,,,,,,,
1783989996.579,32683000,7,2,255,0,,,,,,,,,,,,,,,,,0.0,0.0,0.0,0.0,3.0,2.450000047683716,0.0,0.0,-0.12501642107963562,0.06198246031999588,0.041770461946725845,1.0,0.0,0.0,0.0,0.0
1783989996.601,32701000,8,1,0,0,10.0,25.0,10.0,25.0,8.667719841003418,25.50579833984375,-0.5057990550994873,28.360111236572266,43.906166076660156,0.0,0.0,0.0,1.0,1.0,0.0,-0.7599116563796997,,,,,,,,,,,,,,,,
1783989996.624,32722000,9,1,1,0,10.0,25.0,10.0,25.0,9.300312995910645,25.139469146728516,-0.13946890830993652,43.36005783081055,47.669551849365234,0.0,0.0,0.0,1.0,1.0,0.0,1.2748348712921143,,,,,,,,,,,,,,,,
1783989996.651,32747000,10,1,2,0,10.0,25.0,10.0,25.0,9.263096809387207,24.921777725219727,0.07822215557098389,49.013023376464844,46.83324432373047,0.0,0.0,0.0,1.0,1.0,0.0,-1.4507616758346558,,,,,,,,,,,,,,,,
1783989996.653,32773000,11,1,3,0,10.0,25.0,10.0,25.0,9.061788558959961,25.52552604675293,-0.5255252122879028,34.17723846435547,50.1784782409668,0.0,0.0,0.0,1.0,1.0,0.0,0.9667521119117737,,,,,,,,,,,,,,,,
1783989996.685,32794000,12,2,255,0,,,,,,,,,,,,,,,,,0.0,0.0,0.0,0.0,3.0,2.450000047683716,0.0,0.0,-0.11515339463949203,0.06645575910806656,0.041504133492708206,1.0,0.0,0.0,0.0,0.0
1783989996.702,32807000,13,1,0,0,10.0,25.0,10.0,25.0,8.669069290161133,25.5068359375,-0.5068361759185791,28.610706329345703,43.906166076660156,0.0,0.0,0.0,1.0,1.0,0.0,-0.7679661512374878,,,,,,,,,,,,,,,,
1783989996.721,32824000,14,1,1,0,10.0,25.0,10.0,25.0,9.30019760131836,25.139856338500977,-0.13985633850097656,43.19001007080078,47.669551849365234,0.0,0.0,0.0,1.0,1.0,0.0,1.269203543663025,,,,,,,,,,,,,,,,
1783989996.744,32843000,15,1,2,0,10.0,25.0,10.0,25.0,9.261483192443848,24.92293357849121,0.07706582546234131,49.165428161621094,46.83324432373047,0.0,0.0,0.0,1.0,1.0,0.0,-1.4552621841430664,,,,,,,,,,,,,,,,
1783989996.770,32866000,16,1,3,0,10.0,25.0,10.0,25.0,9.061663627624512,25.52565574645996,-0.5256563425064087,34.164207458496094,50.1784782409668,0.0,0.0,0.0,1.0,1.0,0.0,0.966433048248291,,,,,,,,,,,,,,,,
1783989996.796,32892000,17,2,255,0,,,,,,,,,,,,,,,,,0.0,0.0,0.0,0.0,3.0,2.450000047683716,0.0,0.0,-0.11305878311395645,0.05978676676750183,0.041450321674346924,1.0,0.0,0.0,0.0,0.0
1783989996.798,32919000,18,1,0,0,10.0,25.0,10.0,25.0,8.666425704956055,25.508113861083984,-0.5081146955490112,28.53744125366211,43.906166076660156,0.0,0.0,0.0,1.0,1.0,0.0,-0.7654141783714294,,,,,,,,,,,,,,,,
1783989996.832,32941000,19,1,1,0,10.0,25.0,10.0,25.0,9.299949645996094,25.13999366760254,-0.13999342918395996,43.61972427368164,47.669551849365234,0.0,0.0,0.0,1.0,1.0,0.0,1.2833583354949951,,,,,,,,,,,,,,,,
1783989996.850,32955000,20,1,2,0,10.0,25.0,10.0,25.0,9.263383865356445,24.921327590942383,0.07867217063903809,49.26141357421875,46.83324432373047,0.0,0.0,0.0,1.0,1.0,0.0,-1.4585820436477661,,,,,,,,,,,,,,,,
1783989996.869,32972000,21,1,3,0,10.0,25.0,10.0,25.0,9.061341285705566,25.526153564453125,-0.5261540412902832,34.139305114746094,50.1784782409668,0.0,0.0,0.0,1.0,1.0,0.0,0.96573805809021,,,,,,,,,,,,,,,,
1783989996.891,32992000,22,2,255,0,,,,,,,,,,,,,,,,,0.0,0.0,0.0,0.0,3.0,2.450000047683716,0.0,0.0,-0.11949088424444199,0.06990943104028702,0.041618626564741135,1.0,0.0,0.0,0.0,0.0
1783989996.916,33013000,23,1,0,0,10.0,25.0,10.0,25.0,8.669645309448242,25.507057189941406,-0.507056713104248,28.316383361816406,43.906166076660156,0.0,0.0,0.0,1.0,1.0,0.0,-0.7583321332931519,,,,,,,,,,,,,,,,
1783989996.943,33038000,24,1,1,0,10.0,25.0,10.0,25.0,9.300745010375977,25.13974380493164,-0.13974308967590332,43.46089553833008,47.669551849365234,0.0,0.0,0.0,1.0,1.0,0.0,1.2785471677780151,,,,,,,,,,,,,,,,
1783989996.945,33065000,25,1,2,0,10.0,25.0,10.0,25.0,9.26244068145752,24.922008514404297,0.07799118757247925,49.099754333496094,46.83324432373047,0.0,0.0,0.0,1.0,1.0,0.0,-1.4533882141113281,,,,,,,,,,,,,,,,
1783989996.975,33085000,26,1,3,0,10.0,25.0,10.0,25.0,9.060623168945312,25.526540756225586,-0.5265414714813232,34.54814910888672,50.1784782409668,0.0,0.0,0.0,1.0,1.0,0.0,0.9780101776123047,,,,,,,,,,,,,,,,
1783989996.991,33097000,27,2,255,0,,,,,,,,,,,,,,,,,0.0,0.0,0.0,0.0,3.0,2.450000047683716,0.0,0.0,-0.12192635238170624,0.056327395141124725,0.041684724390506744,1.0,0.0,0.0,0.0,0.0
1783989997.009,33113000,28,1,0,0,10.0,25.0,10.0,25.0,8.668305397033691,25.504701614379883,-0.5047023296356201,28.472007751464844,43.906166076660156,0.0,0.0,0.0,1.0,1.0,0.0,-0.763252854347229,,,,,,,,,,,,,,,,
1783989997.033,33132000,29,1,1,0,10.0,25.0,10.0,25.0,9.299332618713379,25.140321731567383,-0.1403212547302246,48.79967498779297,52.96616744995117,0.0,0.0,0.0,0.0,0.7799999713897705,0.0,1.4405428171157837,,,,,,,,,,,,,,,,
1783989997.057,33154000,30,1,2,0,10.0,25.0,10.0,25.0,9.249513626098633,24.934572219848633,0.06542801856994629,53.93609619140625,52.03693771362305,0.0,0.0,0.0,0.0,0.7799999713897705,0.0,-1.5992542505264282,,,,,,,,,,,,,,,,
1783989997.084,33179000,31,1,3,0,10.0,25.0,10.0,25.0,9.032898902893066,25.578004837036133,-0.5780041217803955,38.192970275878906,55.75386428833008,0.0,0.0,0.0,0.0,0.7799999713897705,0.0,1.0834895372390747,,,,,,,,,,,,,,,,
1783989997.087,33206000,32,2,255,0,,,,,,,,,,,,,,,,,0.3499999940395355,-0.2926655113697052,3.475085735321045,2.6667237281799316,3.475085735321045,2.6667237281799316,0.3499999940395355,-0.18000000715255737,-0.12408383935689926,0.016802426427602768,0.02178070694208145,1.0,0.0,0.0,0.0,0.0
1783989997.119,33227000,33,1,0,0,10.0,25.0,10.0,25.0,8.618265151977539,25.605064392089844,-0.6050646305084229,29.994070053100586,48.78462600708008,0.0,0.0,0.0,0.0,0.7799999713897705,0.0,-0.8015527129173279,,,,,,,,,,,,,,,,
1783989997.137,33241000,34,1,1,0,10.0,25.0,10.0,25.0,9.217060089111328,25.199073791503906,-0.19907355308532715,46.70384216308594,52.96616744995117,0.0,0.0,0.0,0.0,0.7799999713897705,0.0,1.3671444654464722,,,,,,,,,,,,,,,,
1783989997.156,33258000,35,1,2,0,10.0,25.0,10.0,25.0,9.18742561340332,25.0006046295166,-0.0006049871444702148,51.59727096557617,52.03693771362305,0.0,0.0,0.0,0.0,0.7799999713897705,0.0,-1.519940733909607,,,,,,,,,,,,,,,,
1783989997.179,33278000,36,1,3,0,10.0,25.0,10.0,25.0,9.022500038146973,25.61921501159668,-0.6192147731781006,36.677120208740234,55.75386428833008,0.0,0.0,0.0,0.0,0.7799999713897705,0.0,1.036188006401062,,,,,,,,,,,,,,,,
1783989997.206,33301000,37,2,255,0,,,,,,,,,,,,,,,,,0.3499999940395355,-0.3277793228626251,3.478095531463623,2.6687302589416504,3.478095531463623,2.6687302589416504,0.3499999940395355,-0.18000000715255737,-0.10523933172225952,-0.07049097120761871,0.021284181624650955,1.0,0.0,0.0,0.0,0.0
1783989997.208,33328000,38,1,0,0,10.0,25.0,10.0,25.0,8.735468864440918,25.56216812133789,-0.5621671676635742,31.81461524963379,48.78462600708008,0.0,0.0,0.0,0.0,0.7799999713897705,0.0,-0.8688866496086121,,,,,,,,,,,,,,,,
1783989997.241,33349000,39,1,1,0,10.0,25.0,10.0,25.0,9.120366096496582,25.239042282104492,-0.23904144763946533,45.29235076904297,52.96616744995117,0.0,0.0,0.0,0.0,0.7799999713897705,0.0,1.3131153583526611,,,,,,,,,,,,,,,,
1783989997.258,33363000,40,1,2,0,10.0,25.0,10.0,25.0,9.082804679870605,25.047985076904297,-0.04798471927642822,50.12702941894531,52.03693771362305,0.0,0.0,0.0,0.0,0.7799999713897705,0.0,-1.4628323316574097,,,,,,,,,,,,,,,,
1783989997.275,33380000,41,1,3,0,10.0,25.0,10.0,25.0,9.168819427490234,25.539499282836914,-0.5394995212554932,39.630470275878906,55.75386428833008,0.0,0.0,0.0,0.0,0.7799999713897705,0.0,1.1413527727127075,,,,,,,,,,,,,,,,
1783989997.296,33397000,42,2,255,0,,,,,,,,,,,,,,,,,0.3499999940395355,0.17566075921058655,3.4650566577911377,2.6600377559661865,3.4650566577911377,2.6600377559661865,0.3499999940395355,0.18000000715255737,-0.10022243112325668,-0.18185974657535553,0.023795071989297867,1.0,0.0,0.0,0.0,0.0
1783989997.319,33417000,43,1,0,0,10.0,25.0,10.0,25.0,8.911759376525879,25.509607315063477,-0.5096077919006348,33.80597686767578,48.78462600708008,0.0,0.0,0.0,0.0,0.7799999713897705,0.0,-0.9480749368667603,,,,,,,,,,,,,,,,
1783989997.346,33441000,44,1,1,0,10.0,25.0,10.0,25.0,9.00243854522705,25.280397415161133,-0.2803981304168701,43.94529724121094,52.96616744995117,0.0,0.0,0.0,0.0,0.7799999713897705,0.0,1.260096788406372,,,,,,,,,,,,,,,,
1783989997.348,33468000,45,1,2,0,10.0,25.0,10.0,25.0,8.853134155273438,25.149927139282227,-0.1499265432357788,46.80375289916992,52.03693771362305,0.0,0.0,0.0,0.0,0.7799999713897705,0.0,-1.3375316858291626,,,,,,,,,,,,,,,,
1783989997.378,33488000,46,1,3,0,10.0,25.0,10.0,25.0,9.316129684448242,25.479524612426758,-0.4795253276824951,41.50028610229492,55.75386428833008,0.0,0.0,0.0,0.0,0.7799999713897705,0.0,1.2127470970153809,,,,,,,,,,,,,,,,
1783989997.394,33500000,47,2,255,0,,,,,,,,,,,,,,,,,0.3499999940395355,0.17566075921058655,3.4650566577911377,2.6600377559661865,3.4650566577911377,2.6600377559661865,0.3499999940395355,0.18000000715255737,-0.06741707772016525,-0.30011552572250366,0.030168304219841957,1.0,0.0,0.0,0.0,0.0
1783989997.410,33515000,48,1,0,0,10.0,25.0,10.0,25.0,9.161632537841797,25.4246768951416,-0.42467713356018066,36.145896911621094,48.78462600708008,0.0,0.0,0.0,0.0,0.7799999713897705,0.0,-1.0407905578613281,,,,,,,,,,,,,,,,
1783989997.430,33532000,49,1,1,0,10.0,25.0,10.0,25.0,8.740906715393066,25.376689910888672,-0.37668943405151367,40.4155158996582,52.96616744995117,0.0,0.0,0.0,0.0,0.7799999713897705,0.0,1.1243364810943604,,,,,,,,,,,,,,,,
1783989997.453,33552000,50,1,2,0,10.0,25.0,10.0,25.0,8.61473274230957,25.24163055419922,-0.24163126945495605,43.717864990234375,52.03693771362305,0.0,0.0,0.0,0.0,0.7799999713897705,0.0,-1.218059778213501,,,,,,,,,,,,,,,,
1783989997.478,33575000,51,1,3,0,10.0,25.0,10.0,25.0,9.476744651794434,25.410825729370117,-0.4108250141143799,43.75503921508789,55.75386428833008,0.0,0.0,0.0,0.0,0.7799999713897705,0.0,1.2970082759857178,,,,,,,,,,,,,,,,
1783989997.505,33601000,52,2,255,0,,,,,,,,,,,,,,,,,0.3499999940395355,0.17566075921058655,3.4650566577911377,2.6600377559661865,3.4650566577911377,2.6600377559661865,0.3499999940395355,0.18000000715255737,-0.0548543855547905,-0.3194486200809479,0.031489625573158264,1.0,0.0,0.0,0.0,0.0
1783989997.507,33627000,53,1,0,0,10.0,25.0,10.0,25.0,9.334735870361328,25.357038497924805,-0.3570377826690674,38.23038864135742,48.78462600708008,0.0,0.0,0.0,0.0,0.7799999713897705,0.0,-1.1192208528518677,,,,,,,,,,,,,,,,
1783989997.540,33648000,54,1,1,1,9.961053848266602,24.783815383911133,9.961053848266602,24.783815383911133,8.539848327636719,25.349462509155273,-0.5656465888023376,-8.06750774383545,0.0,0.0,-0.7096405029296875,0.0,0.0,0.0,0.0,-0.3050329387187958,,,,,,,,,,,,,,,,
1783989997.557,33662000,55,1,2,0,9.949277877807617,25.0,9.949277877807617,25.0,7.951775074005127,25.64346694946289,-0.643467903137207,93.851318359375,123.16609191894531,0.0,0.0,0.0,0.4170246422290802,0.8717454075813293,0.0,-2.602897882461548,,,,,,,,,,,,,,,,
1783989997.574,33678000,56,1,3,0,9.994335174560547,25.0,9.994335174560547,25.0,9.513628005981445,25.51443862915039,-0.5144387483596802,87.84127807617188,109.42601013183594,0.0,0.0,0.0,0.5993858575820923,0.9118648767471313,0.0,2.619344472885132,,,,,,,,,,,,,,,,
1783989997.596,33696000,57,2,255,0,,,,,,,,,,,,,,,,,0.3499999940395355,0.17566075921058655,3.4650566577911377,2.6600377559661865,3.4650566577911377,2.6600377559661865,0.3499999940395355,0.18000000715255737,-0.018259547650814056,-0.2674783170223236,0.02811358869075775,1.0,0.0,0.0,-0.0,0.0
1783989997.619,33718000,58,1,0,1,10.03757381439209,24.41478157043457,10.03757381439209,24.41478157043457,9.810037612915039,24.904048919677734,-0.4892677068710327,-2.916064500808716,0.0,0.0,0.0,0.0,0.0,0.0,0.0,0.08030865341424942,,,,,,,,,,,,,,,,
1783989997.646,33742000,59,1,1,1,9.94930648803711,23.996835708618164,9.94930648803711,23.996835708618164,8.976191520690918,24.78398895263672,-0.7871553301811218,-10.661306381225586,0.0,0.0,-3.527628183364868,0.0,0.0,0.0,0.0,-0.3509643077850342,,,,,,,,,,,,,,,,
1783989997.648,33768000,60,1,2,0,9.77978229522705,25.000003814697266,9.77978229522705,25.000003814697266,7.4793500900268555,25.84917449951172,-0.8491724729537964,95.07575988769531,127.14889526367188,0.0,0.0,3.7524328035942744e-06,1.0,1.0,0.0,-2.5869688987731934,,,,,,,,,,,,,,,,
1783989997.679,33788000,61,1,3,0,9.785386085510254,24.999128341674805,9.785386085510254,24.999128341674805,9.07977294921875,25.72547149658203,-0.7263436913490295,89.5777359008789,113.44595336914062,0.0,0.0,-0.0008711845148354769,1.0,1.0,0.0,2.6324081420898438,,,,,,,,,,,,,,,,
1783989997.680,33801000,62,2,255,0,,,,,,,,,,,,,,,,,0.3499999940395355,-0.5574859380722046,3.4977846145629883,2.681856393814087,3.4977846145629883,2.681856393814087,0.3499999940395355,-0.18000000715255737,0.019007254391908646,-0.6233841180801392,0.0619017630815506,1.0,0.0,0.0,0.004814621061086655,-0.0
1783989997.711,33816000,63,1,0,1,10.398113250732422,23.116090774536133,10.398113250732422,23.116090774536133,10.085160255432129,24.16160774230957,-1.0455176830291748,-7.384101867675781,0.0,0.0,0.0,0.0,0.0,0.0,0.0,0.2416047602891922,,,,,,,,,,,,,,,,
1783989997.733,33834000,64,1,1,1,10.218734741210938,22.87345314025879,10.218734741210938,22.87345314025879,9.66395378112793,23.708375930786133,-0.8349239826202393,-10.914237976074219,0.0,0.0,-4.709388732910156,0.0,0.0,0.0,0.0,-0.3475094735622406,,,,,,,,,,,,,,,,
1783989997.755,33854000,65,1,2,0,9.360519409179688,25.002906799316406,9.360519409179688,25.002906799316406,6.699372291564941,26.058124542236328,-1.0552197694778442,94.1794662475586,128.86843872070312,0.0,0.0,0.002907153684645891,1.0,1.0,0.0,-2.484518051147461,,,,,,,,,,,,,,,,
1783989997.780,33877000,66,1,3,0,9.545178413391113,24.99606704711914,9.545178413391113,24.99606704711914,8.71312427520752,25.76674461364746,-0.7706791162490845,88.69618225097656,113.5259017944336,0.0,0.0,-0.003933899104595184,1.0,1.0,0.0,2.5813217163085938,,,,,,,,,,,,,,,,
1783989997.806,33902000,67,2,255,0,,,,,,,,,,,,,,,,,0.3499999940395355,-0.5574859380722046,3.4977846145629883,2.681856393814087,3.4977846145629883,2.681856393814087,0.3499999940395355,-0.18000000715255737,0.19397464394569397,-0.9522609710693359,0.11309993267059326,1.0,0.0,0.0,0.019379064440727234,-0.0
1783989997.809,33929000,68,1,0,1,10.849811553955078,23.495464324951172,10.849811553955078,23.495464324951172,10.432758331298828,23.457992553710938,0.0374719500541687,2.8522143363952637,0.0,0.0,0.0,0.0,0.0,0.0,0.0,-0.07402583211660385,,,,,,,,,,,,,,,,
1783989997.842,33950000,69,1,1,1,10.654523849487305,24.23080062866211,10.654523849487305,24.23080062866211,9.941591262817383,23.288482666015625,0.9423181414604187,10.850075721740723,0.0,0.0,0.0,0.0,0.0,0.0,0.0,0.3006021976470947,,,,,,,,,,,,,,,,
1783989997.860,33965000,70,1,2,0,8.663725852966309,25.008342742919922,8.663725852966309,25.008342742919922,5.5239362716674805,26.42413330078125,-1.4157921075820923,80.12666320800781,125.26567840576172,0.0,0.0,0.008343333378434181,1.0,1.0,0.0,-1.966532826423645,,,,,,,,,,,,,,,,
1783989997.879,33982000,71,1,3,0,9.032166481018066,24.992778778076172,9.032166481018066,24.992778778076172,8.094823837280273,25.762107849121094,-0.7693290710449219,87.19778442382812,110.15604400634766,0.0,0.0,-0.007220904808491468,1.0,1.0,0.0,2.514949083328247,,,,,,,,,,,,,,,,
1783989997.903,34002000,72,2,255,0,,,,,,,,,,,,,,,,,0.3499999940395355,-0.5574859380722046,3.4977846145629883,2.681856393814087,3.4977846145629883,2.681856393814087,0.3499999940395355,-0.18000000715255737,0.9835382103919983,-1.2008764743804932,0.16243702173233032,1.0,0.0,0.0,0.012983141466975212,-0.0
1783989997.929,34025000,73,1,0,1,11.152979850769043,24.859006881713867,11.152979850769043,24.859006881713867,10.851758003234863,24.53227996826172,0.32672733068466187,3.625260353088379,0.0,0.0,0.0,0.0,0.0,0.0,0.0,-0.09506797045469284,,,,,,,,,,,,,,,,
1783989997.932,34052000,74,1,1,1,10.690216064453125,24.973377227783203,10.690216064453125,24.973377227783203,10.75554084777832,23.597379684448242,1.3759956359863281,12.81204891204834,0.0,0.0,0.0,0.0,0.0,0.0,0.0,0.41383856534957886,,,,,,,,,,,,,,,,
1783989997.966,34074000,75,1,2,0,8.222620964050293,24.972496032714844,8.222620964050293,24.972496032714844,5.1690568923950195,26.484643936157227,-1.5121489763259888,10.755561828613281,52.03693771362305,0.0,0.0,-0.027504203841090202,1.0,1.0,0.0,-0.06218657270073891,,,,,,,,,,,,,,,,
1783989997.984,34088000,76,1,3,0,8.768478393554688,25.0430965423584,8.768478393554688,25.0430965423584,7.812734127044678,25.617998123168945,-0.5749017000198364,41.89613342285156,55.96326446533203,0.0,0.0,0.04309676215052605,1.0,1.0,0.0,1.1772533655166626,,,,,,,,,,,,,,,,
1783989998.002,34105000,77,2,255,0,,,,,,,,,,,,,,,,,0.3499999940395355,-0.5574859380722046,3.4977846145629883,2.681856393814087,3.4977846145629883,2.681856393814087,0.3499999940395355,-0.18000000715255737,2.4894356727600098,-1.060848593711853,0.5068941116333008,1.0,-0.0,0.43289390206336975,-0.0,0.3248615562915802
1783989998.026,34124000,78,1,0,0,11.229777336120605,24.870027542114258,11.229777336120605,24.870027542114258,10.856551170349121,25.594568252563477,-0.724540650844574,16.164749145507812,48.78462600708008,0.0,0.0,-0.1299721896648407,0.7584502696990967,0.9468590617179871,0.0,-0.46431735157966614,,,,,,,,,,,,,,,,
1783989998.052,34148000,79,1,1,4,10.610018730163574,25.156742095947266,10.610018730163574,25.156742095947266,10.557417869567871,24.482091903686523,0.6746500730514526,152.6731719970703,134.36337280273438,11.849369049072266,0.0,0.1567418873310089,0.9337183833122253,0.9854180216789246,0.5365553498268127,4.748349189758301,,,,,,,,,,,,,,,,
1783989998.079,34174000,80,1,2,1,8.078167915344238,24.822368621826172,8.078167915344238,24.822368621826172,6.121280670166016,25.536394119262695,-0.7140263915061951,-15.470497131347656,0.0,0.0,-1.445299506187439,0.0,0.0,0.0,0.0,0.5516405701637268,,,,,,,,,,,,,,,,
1783989998.081,34201000,81,1,3,1,8.713134765625,24.686717987060547,8.713134765625,24.686717987060547,8.206798553466797,25.16200828552246,-0.4752904176712036,-6.2661566734313965,0.0,0.0,0.0,0.0,0.0,0.0,0.0,-0.2053772658109665,,,,,,,,,,,,,,,,
1783989998.114,34222000,82,2,255,0,,,,,,,,,,,,,,,,,0.3499999940395355,-0.5574859380722046,3.4977846145629883,2.681856393814087,3.4977846145629883,2.681856393814087,0.3499999940395355,-0.18000000715255737,2.7531723976135254,-0.7440240383148193,0.5841782689094543,1.0,-0.0,0.4247988760471344,0.0,0.0
1783989998.132,34236000,83,1,0,0,10.834206581115723,24.836593627929688,10.834206581115723,24.836593627929688,10.285585403442383,25.492746353149414,-0.6561532616615295,88.57794189453125,111.99626159667969,0.0,0.0,-0.1634061485528946,1.0,1.0,0.0,-2.6641318798065186,,,,,,,,,,,,,,,,
1783989998.151,34253000,84,1,1,4,10.00865364074707,25.145313262939453,10.00865364074707,25.145313262939453,7.918437480926514,26.41339874267578,-1.2680858373641968,80.15657043457031,135.77745056152344,0.0,0.0,0.14531336724758148,1.0,1.0,0.33765214681625366,2.1494662761688232,,,,,,,,,,,,,,,,
1783989998.173,34273000,85,1,2,1,8.377302169799805,23.0792236328125,8.377302169799805,23.0792236328125,7.044143199920654,23.82842254638672,-0.7492005825042725,-11.138896942138672,0.0,0.0,-3.594611406326294,0.0,0.0,0.0,0.0,0.38417360186576843,,,,,,,,,,,,,,,,
1783989998.198,34295000,86,1,3,1,9.31524658203125,23.020856857299805,9.31524658203125,23.020856857299805,8.920520782470703,23.857587814331055,-0.836731493473053,-7.729924201965332,0.0,0.0,0.0,0.0,0.0,0.0,0.0,-0.25425446033477783,,,,,,,,,,,,,,,,
1783989998.200,34320000,87,2,255,0,,,,,,,,,,,,,,,,,0.3499999940395355,-0.19491282105445862,3.4667067527770996,2.6611380577087402,3.4667067527770996,2.6611380577087402,0.3499999940395355,-0.18000000715255737,1.7451410293579102,-0.9369741082191467,0.29481586813926697,1.0,-0.0,0.15450432896614075,0.0,0.0
1783989998.235,34342000,88,1,0,0,9.807404518127441,24.971115112304688,9.807404518127441,24.971115112304688,9.096549987792969,25.816116333007812,-0.8450016379356384,85.32865142822266,113.59503173828125,0.0,0.0,-0.028884468600153923,1.0,1.0,0.0,-2.5040035247802734,,,,,,,,,,,,,,,,
1783989998.253,34357000,89,1,1,4,8.875635147094727,25.022850036621094,8.875635147094727,25.022850036621094,6.701129913330078,26.55448341369629,-1.531633734703064,80.97410583496094,133.55947875976562,0.0,0.0,0.02284940890967846,1.0,1.0,0.1978696882724762,2.132098913192749,,,,,,,,,,,,,,,,
1783989998.271,34374000,90,1,2,1,9.59154224395752,22.564468383789062,9.59154224395752,22.564468383789062,7.93757963180542,22.12868881225586,0.43577849864959717,7.3067097663879395,0.0,0.0,0.0,0.0,0.0,0.0,0.0,-0.15664494037628174,,,,,,,,,,,,,,,,
1783989998.293,34393000,91,1,3,1,10.683948516845703,22.88773536682129,10.683948516845703,22.88773536682129,9.979161262512207,22.555212020874023,0.3325238823890686,4.617618560791016,0.0,0.0,0.0,0.0,0.0,0.0,0.0,0.11739765107631683,,,,,,,,,,,,,,,,
1783989998.319,34415000,92,2,255,0,,,,,,,,,,,,,,,,,0.3499999940395355,-0.19491282105445862,3.4667067527770996,2.6611380577087402,3.4667067527770996,2.6611380577087402,0.3499999940395355,-0.18000000715255737,-0.3825547993183136,-1.7752583026885986,0.3028948903083801,1.0,-0.0,0.12029685080051422,0.0,0.0
1783989998.345,34441000,93,1,0,0,9.141511917114258,24.957815170288086,9.141511917114258,24.957815170288086,8.518526077270508,25.809993743896484,-0.8521795272827148,85.13334655761719,112.28352355957031,0.0,0.0,-0.04218427836894989,1.0,1.0,0.0,-2.4870412349700928,,,,,,,,,,,,,,,,
1783989998.347,34467000,94,1,1,4,7.980324745178223,25.043365478515625,7.980324745178223,25.043365478515625,5.736475467681885,26.543432235717773,-1.500067114830017,80.974853515625,130.47772216796875,0.0,0.0,0.043364886194467545,1.0,1.0,0.1655830293893814,2.0725529193878174,,,,,,,,,,,,,,,,
1783989998.377,34487000,95,1,2,1,10.538644790649414,24.70537757873535,10.538644790649414,24.70537757873535,10.009441375732422,20.731773376464844,3.9736032485961914,40.35000228881836,0.0,0.0,0.0,0.0,0.0,0.0,0.0,-1.3187260627746582,,,,,,,,,,,,,,,,
1783989998.393,34499000,96,1,3,1,11.600876808166504,24.778520584106445,11.600876808166504,24.778520584106445,10.91076946258545,23.225168228149414,1.5533521175384521,14.634405136108398,0.0,0.0,0.0,0.0,0.0,0.0,0.0,0.4351688325405121,,,,,,,,,,,,,,,,
1783989998.409,34514000,97,2,255,0,,,,,,,,,,,,,,,,,0.3499999940395355,-0.19491282105445862,3.4667067527770996,2.6611380577087402,3.4667067527770996,2.6611380577087402,0.3499999940395355,-0.18000000715255737,-3.22251296043396,-3.335195779800415,0.746412456035614,1.0,-0.0,0.08516444265842438,0.0,0.0
1783989998.430,34531000,98,1,0,0,8.458462715148926,24.991588592529297,8.458462715148926,24.991588592529297,7.693354606628418,26.00016212463379,-1.0085747241973877,75.15496826171875,107.81913757324219,0.0,0.0,-0.008410768583416939,1.0,1.0,0.0,-2.1425130367279053,,,,,,,,,,,,,,,,
1783989998.449,34551000,99,1,1,4,7.306640148162842,24.99234962463379,7.306640148162842,24.99234962463379,4.769070625305176,26.748973846435547,-1.756623387336731,65.88885498046875,123.5158920288086,0.0,0.0,-0.007649931125342846,1.0,1.0,0.10420076549053192,1.5626884698867798,,,,,,,,,,,,,,,,
1783989998.471,34572000,100,1,2,4,10.549324035644531,25.45777702331543,10.549324035644531,25.45777702331543,11.156618118286133,20.588537216186523,4.86923885345459,313.4118347167969,58.71659851074219,90.0,0.0,0.4577769637107849,0.049112625420093536,0.7908047437667847,0.2800000011920929,-10.398736000061035,,,,,,,,,,,,,,,,
1783989998.496,34594000,101,1,3,0,11.685050010681152,24.700000762939453,11.685050010681152,24.700000762939453,11.279206275939941,24.70203399658203,-0.002034008502960205,41.70719528198242,55.75386428833008,0.0,0.0,-0.30000001192092896,0.24908378720283508,0.8347983956336975,0.0,1.2824041843414307,,,,,,,,,,,,,,,,
1783989998.522,34618000,102,2,255,0,,,,,,,,,,,,,,,,,0.3499999940395355,-0.19491282105445862,3.4667067527770996,2.6611380577087402,3.4667067527770996,2.6611380577087402,0.3499999940395355,-0.18000000715255737,-6.16506290435791,-3.4336764812469482,1.0,1.0,1.4479295015335083,-0.0,2.566103219985962,-0.0
1783989998.524,34644000,103,1,0,0,8.269508361816406,25.27313804626465,8.269508361816406,25.27313804626465,7.299747943878174,25.829288482666016,-0.5561500787734985,33.31810760498047,50.2325553894043,0.0,0.0,0.2731386423110962,1.0,1.0,0.0,-0.8971442580223083,,,,,,,,,,,,,,,,
1783989998.556,34665000,104,1,1,5,7.108641147613525,24.497840881347656,7.108641147613525,24.497840881347656,5.492821216583252,25.496074676513672,-0.998234748840332,-22.350160598754883,0.0,0.0,-4.0940399169921875,0.0,0.0,0.0,0.06327807903289795,-0.6814537644386292,,,,,,,,,,,,,,,,
1783989998.571,34678000,105,1,2,4,10.26417064666748,25.549999237060547,10.26417064666748,25.549999237060547,6.974108695983887,21.804492950439453,3.7455053329467773,374.7336730957031,150.5303955078125,90.0,0.0,0.550000011920929,1.0,1.0,0.9927558302879333,-11.46272087097168,,,,,,,,,,,,,,,,
1783989998.586,34692000,106,1,3,0,11.400193214416504,24.700000762939453,11.400193214416504,24.700000762939453,10.227984428405762,26.81769371032715,-2.1176934242248535,36.782432556152344,110.2002944946289,0.0,0.0,-0.30000001192092896,1.0,1.0,0.0,1.0056754350662231,,,,,,,,,,,,,,,,
1783989998.603,34708000,107,2,255,0,,,,,,,,,,,,,,,,,0.3499999940395355,-0.19491282105445862,3.4667067527770996,2.6611380577087402,3.4667067527770996,2.6611380577087402,0.3499999940395355,-0.18000000715255737,-9.334602355957031,-1.341528296470642,1.0,1.0,0.0,0.0,2.4529080390930176,-0.0
1783989998.621,34725000,108,1,0,1,8.505209922790527,23.867717742919922,8.505209922790527,23.867717742919922,8.181451797485352,24.337087631225586,-0.46937018632888794,-1.8657840490341187,0.0,0.0,0.0,0.0,0.0,0.0,0.0,0.05004570260643959,,,,,,,,,,,,,,,,
1783989998.642,34743000,109,1,1,5,7.43332576751709,23.373615264892578,7.43332576751709,23.373615264892578,6.326448917388916,24.007282257080078,-0.6336688995361328,-8.181011199951172,0.0,0.0,-2.026587963104248,0.0,0.0,0.0,0.05295291170477867,-0.2634783685207367,,,,,,,,,,,,,,,,
1783989998.665,34764000,110,1,2,4,9.718294143676758,25.002099990844727,9.718294143676758,25.002099990844727,4.219956874847412,24.022254943847656,0.9798437356948853,185.73095703125,150.82363891601562,21.439491271972656,0.0,0.002100141951814294,1.0,1.0,0.9756816625595093,-4.791470050811768,,,,,,,,,,,,,,,,
1783989998.691,34788000,111,1,3,0,10.737332344055176,24.982746124267578,10.737332344055176,24.982746124267578,10.241076469421387,25.33954620361328,-0.3568008542060852,103.38006591796875,112.90428924560547,0.0,0.0,-0.01725320890545845,1.0,1.0,0.0,3.143174409866333,,,,,,,,,,,,,,,,
1783989998.718,34813000,112,2,255,0,,,,,,,,,,,,,,,,,0.3499999940395355,-0.3150140345096588,3.477001190185547,2.6680009365081787,3.477001190185547,2.6680009365081787,0.3499999940395355,-0.18000000715255737,-2.521430730819702,1.3903679847717285,0.5163004994392395,1.0,0.0,0.0,0.13412107527256012,-0.0
1783989998.721,34840000,113,1,0,1,9.687492370605469,22.385536193847656,9.687492370605469,22.385536193847656,8.456010818481445,23.63363265991211,-1.248095989227295,-9.710952758789062,0.0,0.0,0.0,0.0,0.0,0.0,0.0,0.3607543706893921,,,,,,,,,,,,,,,,
1783989998.753,34861000,114,1,1,1,9.412516593933105,22.36982536315918,9.412516593933105,22.36982536315918,7.3394775390625,21.958240509033203,0.41158348321914673,8.104926109313965,0.0,0.0,0.0,0.0,0.0,0.0,0.03332306817173958,0.14232179522514343,,,,,,,,,,,,,,,,
1783989998.770,34875000,115,1,2,4,8.293685913085938,25.034072875976562,8.293685913085938,25.034072875976562,3.295564651489258,26.472187042236328,-1.438114047050476,78.80152893066406,143.25914001464844,0.0,0.0,0.03407278656959534,1.0,1.0,0.6139926910400391,-1.6282861232757568,,,,,,,,,,,,,,,,
1783989998.788,34891000,116,1,3,0,9.370708465576172,24.97873878479004,9.370708465576172,24.97873878479004,8.342683792114258,25.803691864013672,-0.8249536156654358,85.49651336669922,113.11990356445312,0.0,0.0,-0.021261436864733696,1.0,1.0,0.0,2.454254150390625,,,,,,,,,,,,,,,,
1783989998.811,34910000,117,2,255,0,,,,,,,,,,,,,,,,,0.3499999940395355,-0.3150140345096588,3.477001190185547,2.6680009365081787,3.477001190185547,2.6680009365081787,0.3499999940395355,-0.18000000715255737,-2.151047468185425,2.186659336090088,0.41836017370224,1.0,0.0,0.0,-0.0,0.025758463889360428
1783989998.836,34932000,118,1,0,1,11.221683502197266,23.253746032714844,11.221683502197266,23.253746032714844,10.17809772491455,22.881731033325195,0.3720134496688843,7.003966331481934,0.0,0.0,0.0,0.0,0.0,0.0,0.0,-0.17506738007068634,,,,,,,,,,,,,,,,
1783989998.837,34958000,119,1,1,1,10.205825805664062,23.52171516418457,10.205825805664062,23.52171516418457,8.763388633728027,22.089954376220703,1.4317601919174194,18.610836029052734,0.0,0.0,0.0,0.0,0.0,0.0,0.02788570150732994,0.532832145690918,,,,,,,,,,,,,,,,
1783989998.870,34979000,120,1,2,4,7.315343379974365,24.94130516052246,7.315343379974365,24.94130516052246,3.427567958831787,26.563013076782227,-1.6217082738876343,74.44590759277344,132.9105987548828,0.0,0.0,-0.058694999665021896,1.0,1.0,0.3728598654270172,-1.6424354314804077,,,,,,,,,,,,,,,,
1783989998.888,34993000,121,1,3,0,8.489750862121582,25.064369201660156,8.489750862121582,25.064369201660156,7.44160795211792,25.741806030273438,-0.6774365901947021,88.66560363769531,109.51527404785156,0.0,0.0,0.06436914205551147,1.0,1.0,0.0,2.5299036502838135,,,,,,,,,,,,,,,,
1783989998.906,35009000,122,2,255,0,,,,,,,,,,,,,,,,,0.3499999940395355,-0.3150140345096588,3.477001190185547,2.6680009365081787,3.477001190185547,2.6680009365081787,0.3499999940395355,-0.18000000715255737,0.4331708550453186,1.8222295045852661,0.3156174421310425,1.0,0.0,0.0,-0.0,0.13891573250293732
1783989998.930,35029000,123,1,0,1,11.734258651733398,24.914936065673828,11.734258651733398,24.914936065673828,11.507516860961914,24.353132247924805,0.561802089214325,4.428530216217041,0.0,0.0,0.0,0.0,0.0,0.0,0.0,-0.12958982586860657,,,,,,,,,,,,,,,,
1783989998.957,35052000,124,1,1,1,10.538342475891113,24.990455627441406,10.538342475891113,24.990455627441406,11.21346664428711,21.77292251586914,3.2175331115722656,30.679349899291992,0.0,0.0,0.0,0.0,0.0,0.0,0.016934173181653023,1.0483651161193848,,,,,,,,,,,,,,,,
1783989998.959,35079000,125,1,2,4,7.097381591796875,24.95322608947754,7.097381591796875,24.95322608947754,3.2546310424804688,26.592260360717773,-1.6390353441238403,2.945587158203125,59.525413513183594,0.0,0.0,-0.04677409678697586,1.0,1.0,0.31201982498168945,0.25316566228866577,,,,,,,,,,,,,,,,
1783989998.992,35100000,126,1,3,0,8.261756896972656,25.14589500427246,8.261756896972656,25.14589500427246,7.228750228881836,25.69023323059082,-0.5443394184112549,37.81805419921875,56.244930267333984,0.0,0.0,0.14589470624923706,1.0,1.0,0.0,1.0293008089065552,,,,,,,,,,,,,,,,
1783989999.009,35114000,127,2,255,0,,,,,,,,,,,,,,,,,0.3499999940395355,-0.3150140345096588,3.477001190185547,2.6680009365081787,3.477001190185547,2.6680009365081787,0.3499999940395355,-0.18000000715255737,3.210387706756592,0.556647777557373,0.7132328152656555,1.0,-0.0,0.45187392830848694,0.0,0.0
1783989999.028,35130000,128,1,0,0,11.674118041992188,24.8218994140625,11.674118041992188,24.8218994140625,11.594172477722168,25.92938804626465,-1.107490062713623,63.07942199707031,104.70195770263672,0.0,0.0,-0.17810089886188507,0.8911585807800293,0.9760549068450928,0.0,-1.9162232875823975,,,,,,,,,,,,,,,,
1783989999.051,35150000,129,1,1,4,10.437246322631836,25.228626251220703,10.437246322631836,25.228626251220703,10.004379272460938,22.779809951782227,2.448815107345581,301.9541015625,145.726806640625,73.46891784667969,0.0,0.2286253571510315,0.9856333136558533,0.9968393445014954,0.9901090264320374,9.588168144226074,,,,,,,,,,,,,,,,
1783989999.075,35173000,130,1,2,5,7.072463035583496,24.745141983032227,7.072463035583496,24.745141983032227,4.712085247039795,25.1291446685791,-0.3840044140815735,-4.338614463806152,0.0,0.0,0.0,0.0,0.0,0.0,0.1894804984331131,0.2462000697851181,,,,,,,,,,,,,,,,
1783989999.102,35197000,131,1,3,1,8.306051254272461,24.6021785736084,8.306051254272461,24.6021785736084,7.7353081703186035,25.01237678527832,-0.4101991653442383,-6.2899169921875,0.0,0.0,0.0,0.0,0.0,0.0,0.0,-0.21323804557323456,,,,,,,,,,,,,,,,
1783989999.104,35224000,132,2,255,0,,,,,,,,,,,,,,,,,0.3499999940395355,-0.3150140345096588,3.477001190185547,2.6680009365081787,3.477001190185547,2.6680009365081787,0.3499999940395355,-0.18000000715255737,3.9660167694091797,0.08491001278162003,0.8416615724563599,0.9439849853515625,-0.0,0.7512493133544922,0.0,0.0
1783989999.135,35245000,133,1,0,0,10.881503105163574,24.700000762939453,10.881503105163574,24.700000762939453,11.32194709777832,25.223478317260742,-0.5234777927398682,96.5195083618164,112.54645538330078,0.0,0.0,-0.30000001192092896,1.0,1.0,0.0,-3.021878242492676,,,,,,,,,,,,,,,,
1783989999.151,35258000,134,1,1,4,9.634289741516113,25.320011138916016,9.634289741516113,25.320011138916016,5.786184310913086,25.358945846557617,-0.038933753967285156,122.55157470703125,144.9217987060547,0.0,0.0,0.3200104236602783,1.0,1.0,0.6834182739257812,3.161774158477783,,,,,,,,,,,,,,,,
1783989999.166,35272000,135,1,2,5,7.840178489685059,22.663070678710938,7.840178489685059,22.663070678710938,6.092062473297119,23.401796340942383,-0.7387265563011169,-10.255874633789062,0.0,0.0,-3.527947425842285,0.0,0.0,0.0,0.11506594717502594,0.3699861168861389,,,,,,,,,,,,,,,,
1783989999.185,35288000,136,1,3,1,9.221007347106934,22.666717529296875,9.221007347106934,22.666717529296875,8.438180923461914,23.79337501525879,-1.1266589164733887,-10.289812088012695,0.0,0.0,0.0,0.0,0.0,0.0,0.0,-0.35678085684776306,,,,,,,,,,,,,,,,
1783989999.206,35306000,137,2,255,0,,,,,,,,,,,,,,,,,0.3499999940395355,-0.47433343529701233,3.490657091140747,2.677104949951172,3.490657091140747,2.677104949951172,0.3499999940395355,-0.18000000715255737,3.3155767917633057,-0.22776071727275848,0.7412732839584351,1.0,-0.0,0.5626380443572998,0.0,0.0
1783989999.231,35328000,138,1,0,0,10.22791576385498,24.780170440673828,10.22791576385498,24.780170440673828,10.306455612182617,25.288482666015625,-0.5083128809928894,98.15938568115234,113.59501647949219,0.0,0.0,-0.21983028948307037,1.0,1.0,0.0,-3.014932155609131,,,,,,,,,,,,,,,,
1783989999.259,35353000,139,1,1,4,8.812041282653809,25.18276023864746,8.812041282653809,25.18276023864746,4.568950653076172,26.573871612548828,-1.3911128044128418,76.1508560180664,143.07174682617188,0.0,0.0,0.18275980651378632,1.0,1.0,0.5719040036201477,1.6624943017959595,,,,,,,,,,,,,,,,
1783989999.261,35381000,140,1,2,5,9.146193504333496,22.204851150512695,9.146193504333496,22.204851150512695,7.151447296142578,21.89999008178711,0.3048613667488098,7.1021833419799805,0.0,0.0,0.0,0.0,0.0,0.0,0.09629049152135849,-0.14591597020626068,,,,,,,,,,,,,,,,
1783989999.294,35402000,141,1,3,1,11.170650482177734,23.15386199951172,11.170650482177734,23.15386199951172,9.78669548034668,22.008275985717773,1.1455848217010498,11.819694519042969,0.0,0.0,0.0,0.0,0.0,0.0,0.0,0.32088708877563477,,,,,,,,,,,,,,,,
1783989999.312,35416000,142,2,255,0,,,,,,,,,,,,,,,,,0.3499999940395355,-0.47433343529701233,3.490657091140747,2.677104949951172,3.490657091140747,2.677104949951172,0.3499999940395355,-0.18000000715255737,0.7778022885322571,-1.3150970935821533,0.07313916087150574,0.3896105885505676,-0.0,0.028090184554457664,0.0,0.0
1783989999.331,35433000,143,1,0,0,8.95221996307373,24.98981285095215,8.95221996307373,24.98981285095215,8.61099624633789,25.659339904785156,-0.6695285439491272,91.96086120605469,112.02938842773438,0.0,0.0,-0.010187549516558647,1.0,1.0,0.0,-2.7253034114837646,,,,,,,,,,,,,,,,
1783989999.355,35454000,144,1,1,4,7.630155563354492,25.028011322021484,7.630155563354492,25.028011322021484,4.459957599639893,26.614343643188477,-1.58633291721344,77.02128601074219,134.7470703125,0.0,0.0,0.028010660782456398,1.0,1.0,0.34730058908462524,1.8238171339035034,,,,,,,,,,,,,,,,
1783989999.382,35478000,145,1,2,5,10.375554084777832,24.001428604125977,10.375554084777832,24.001428604125977,8.918251991271973,21.07743263244629,2.92399525642395,32.30009841918945,0.0,0.0,0.0,0.0,0.0,0.0,0.058474406599998474,-0.9969147443771362,,,,,,,,,,,,,,,,
1783989999.385,35505000,146,1,3,1,11.671178817749023,24.448204040527344,11.671178817749023,24.448204040527344,10.850666046142578,23.374956130981445,1.0732471942901611,10.24781608581543,0.0,0.0,0.0,0.0,0.0,0.0,0.0,0.29417067766189575,,,,,,,,,,,,,,,,
1783989999.419,35527000,147,2,255,0,,,,,,,,,,,,,,,,,0.3499999940395355,-0.47433343529701233,3.490657091140747,2.677104949951172,3.490657091140747,2.677104949951172,0.3499999940395355,-0.18000000715255737,-2.7701759338378906,-3.1107208728790283,0.6859802007675171,1.0,-0.0,0.1138773113489151,0.0,0.0
1783989999.437,35542000,148,1,0,0,8.31706428527832,24.976638793945312,8.31706428527832,24.976638793945312,7.793830871582031,25.824779510498047,-0.8481413125991821,80.22805786132812,107.01409912109375,0.0,0.0,-0.023360714316368103,1.0,1.0,0.0,-2.321875810623169,,,,,,,,,,,,,,,,
1783989999.459,35559000,149,1,1,4,7.093902587890625,25.00830078125,7.093902587890625,25.00830078125,3.8434102535247803,26.715734481811523,-1.7074346542358398,0.7436447143554688,58.02790069580078,0.0,0.0,0.008300895802676678,1.0,1.0,0.21090549230575562,-0.26260703802108765,,,,,,,,,,,,,,,,
1783989999.478,35578000,150,1,2,4,10.543496131896973,25.42176628112793,10.543496131896973,25.42176628112793,10.747312545776367,20.704368591308594,4.717396259307861,216.69482421875,54.34632110595703,90.0,0.0,0.4217664897441864,0.14456233382225037,0.8118036985397339,0.5013678073883057,-7.1606645584106445,,,,,,,,,,,,,,,,
1783989999.499,35599000,151,1,3,0,11.736699104309082,24.700000762939453,11.736699104309082,24.700000762939453,10.883251190185547,25.407541275024414,-0.7075399160385132,27.041057586669922,48.42231369018555,0.0,0.0,-0.30000001192092896,0.3552858233451843,0.8581628799438477,0.0,0.7867339253425598,,,,,,,,,,,,,,,,
1783989999.523,35621000,152,2,255,0,,,,,,,,,,,,,,,,,0.3499999940395355,-0.47433343529701233,3.490657091140747,2.677104949951172,3.490657091140747,2.677104949951172,0.3499999940395355,-0.18000000715255737,-5.084037780761719,-4.53877067565918,1.0,1.0,0.0,0.0,2.253831624984741,-0.0
1783989999.550,35645000,153,1,0,1,8.254673957824707,24.999401092529297,8.254673957824707,24.999401092529297,7.600454807281494,25.595298767089844,-0.5958974361419678,-17.57830047607422,0.0,0.0,0.0,0.0,0.0,0.0,0.0,0.5638650059700012,,,,,,,,,,,,,,,,
1783989999.551,35672000,154,1,1,5,7.058928966522217,24.831132888793945,7.058928966522217,24.831132888793945,5.250729560852051,25.464927673339844,-0.6337955594062805,-15.665925979614258,0.0,0.0,-0.959479033946991,0.0,0.0,0.0,0.17649176716804504,-0.5487716794013977,,,,,,,,,,,,,,,,
1783989999.582,35692000,155,1,2,4,10.130640029907227,25.549999237060547,10.130640029907227,25.549999237060547,6.808467388153076,22.1101131439209,3.439885377883911,358.916259765625,152.11944580078125,90.0,0.0,0.550000011920929,1.0,1.0,0.9949831366539001,-10.885177612304688,,,,,,,,,,,,,,,,
1783989999.597,35704000,156,1,3,0,11.294870376586914,24.700000762939453,11.294870376586914,24.700000762939453,9.85034465789795,26.84552764892578,-2.1455259323120117,45.477745056152344,110.92133331298828,0.0,0.0,-0.30000001192092896,1.0,1.0,0.0,1.2365573644638062,,,,,,,,,,,,,,,,
1783989999.612,35718000,157,2,255,0,,,,,,,,,,,,,,,,,0.3499999940395355,-0.47433343529701233,3.490657091140747,2.677104949951172,3.490657091140747,2.677104949951172,0.3499999940395355,-0.18000000715255737,-6.502086162567139,-5.200671672821045,0.3500000238418579,0.3500000238418579,0.0,0.0,2.431220531463623,-0.0
1783989999.630,35734000,158,1,0,1,8.588637351989746,23.621435165405273,8.588637351989746,23.621435165405273,8.515308380126953,23.940929412841797,-0.3194957971572876,-2.8197250366210938,0.0,0.0,0.0,0.0,0.0,0.0,0.0,0.08114932477474213,,,,,,,,,,,,,,,,
1783989999.647,35751000,159,1,1,5,7.520580291748047,23.16106414794922,7.520580291748047,23.16106414794922,6.613226413726807,23.782794952392578,-0.6217315793037415,-8.707195281982422,0.0,0.0,-1.9649462699890137,0.0,0.0,0.0,0.10717828571796417,-0.278816282749176,,,,,,,,,,,,,,,,
1783989999.667,35769000,160,1,2,4,9.628190040588379,25.549999237060547,9.628190040588379,25.549999237060547,4.149611473083496,24.136621475219727,1.413378119468689,219.85781860351562,153.87672424316406,36.16570281982422,0.0,0.550000011920929,1.0,1.0,0.9893667101860046,-5.732208728790283,,,,,,,,,,,,,,,,
1783989999.688,35789000,161,1,3,0,10.6489896774292,24.700000762939453,10.6489896774292,24.700000762939453,9.93602466583252,25.28558349609375,-0.5855828523635864,103.32147979736328,113.07950592041016,0.0,0.0,-0.30000001192092896,1.0,1.0,0.0,3.121448040008545,,,,,,,,,,,,,,,,
1783989999.714,35811000,162,2,255,0,,,,,,,,,,,,,,,,,0.3499999940395355,-0.17655079066753387,3.46513295173645,2.6600887775421143,3.46513295173645,2.6600887775421143,0.3499999940395355,-0.18000000715255737,-6.067621231079102,-4.507313251495361,0.9629685878753662,0.9629685878753662,0.0,0.0,2.548153877258301,-0.0
1783989999.716,35837000,163,1,0,1,9.704798698425293,22.387834548950195,9.704798698425293,22.387834548950195,8.953211784362793,22.650217056274414,-0.2623826265335083,-1.5047035217285156,0.0,0.0,0.0,0.0,0.0,0.0,0.0,0.07998689264059067,,,,,,,,,,,,,,,,
1783989999.751,35859000,164,1,1,5,9.36449146270752,22.343849182128906,9.36449146270752,22.343849182128906,7.810131549835205,21.87318992614746,0.47065913677215576,9.308345794677734,0.0,0.0,0.0,0.0,0.0,0.0,0.06280823051929474,0.22847607731819153,,,,,,,,,,,,,,,,
1783989999.769,35874000,165,1,2,4,8.329460144042969,25.549999237060547,8.329460144042969,25.549999237060547,2.7123048305511475,26.919130325317383,-1.3691306114196777,78.5551528930664,144.58985900878906,0.0,0.0,0.550000011920929,1.0,1.0,0.582780659198761,-1.4784411191940308,,,,,,,,,,,,,,,,
1783989999.788,35890000,166,1,3,0,9.39482593536377,24.700000762939453,9.39482593536377,24.700000762939453,8.164999008178711,25.512712478637695,-0.8127123117446899,85.56768035888672,113.15886688232422,0.0,0.0,-0.30000001192092896,1.0,1.0,0.0,2.445549964904785,,,,,,,,,,,,,,,,
1783989999.811,35910000,167,2,255,0,,,,,,,,,,,,,,,,,0.3499999940395355,-0.17655079066753387,3.46513295173645,2.6600887775421143,3.46513295173645,2.6600887775421143,0.3499999940395355,-0.18000000715255737,-3.5544941425323486,-3.1800825595855713,0.8016355633735657,1.0,0.0,0.0,1.302922010421753,-0.0
1783989999.838,35933000,168,1,0,1,11.206661224365234,23.24005889892578,11.206661224365234,23.24005889892578,10.165294647216797,22.648454666137695,0.5916029214859009,7.744638442993164,0.0,0.0,0.0,0.0,0.0,0.0,0.0,-0.20502735674381256,,,,,,,,,,,,,,,,
1783989999.840,35960000,169,1,1,5,10.201026916503906,23.525789260864258,10.201026916503906,23.525789260864258,8.955875396728516,22.58776092529297,0.93802809715271,13.144460678100586,0.0,0.0,0.0,0.0,0.0,0.0,0.052559733390808105,0.370859831571579,,,,,,,,,,,,,,,,
1783989999.873,35981000,170,1,2,4,7.310017108917236,25.1740665435791,7.310017108917236,25.1740665435791,2.9907851219177246,27.020055770874023,-1.8459886312484741,64.11957550048828,132.8274688720703,0.0,0.0,0.17406582832336426,1.0,1.0,0.35390564799308777,-1.2896775007247925,,,,,,,,,,,,,,,,
1783989999.890,35995000,171,1,3,0,8.48513126373291,24.876781463623047,8.48513126373291,24.876781463623047,7.068329334259033,25.512548446655273,-0.635768473148346,88.74854278564453,109.23747253417969,0.0,0.0,-0.12321940064430237,1.0,1.0,0.0,2.5018699169158936,,,,,,,,,,,,,,,,
1783989999.909,36012000,172,2,255,0,,,,,,,,,,,,,,,,,0.3499999940395355,-0.17655079066753387,3.46513295173645,2.6600887775421143,3.46513295173645,2.6600887775421143,0.3499999940395355,-0.18000000715255737,0.5642789602279663,-2.3882882595062256,0.4771786034107208,1.0,0.0,0.0,0.25054484605789185,-0.0
1783989999.931,36032000,173,1,0,1,11.729307174682617,24.928606033325195,11.729307174682617,24.928606033325195,11.32577133178711,24.369176864624023,0.559428334236145,4.357892036437988,0.0,0.0,0.0,0.0,0.0,0.0,0.0,-0.12156268209218979,,,,,,,,,,,,,,,,
1783989999.957,36054000,174,1,1,1,10.5325288772583,24.99628257751465,10.5325288772583,24.99628257751465,11.017842292785645,22.510942459106445,2.485339403152466,24.145099639892578,0.0,0.0,0.0,0.0,0.0,0.0,0.0319179929792881,0.8193451762199402,,,,,,,,,,,,,,,,
1783989999.984,36080000,175,1,2,4,7.098736763000488,25.036779403686523,7.098736763000488,25.036779403686523,3.009852886199951,26.819873809814453,-1.783093810081482,-2.6504592895507812,59.14482498168945,0.0,0.0,0.03677931800484657,1.0,1.0,0.2961583733558655,0.4173182547092438,,,,,,,,,,,,,,,,
1783989999.987,36107000,176,1,3,0,8.276622772216797,24.985952377319336,8.276622772216797,24.985952377319336,6.956488609313965,25.476985931396484,-0.49103498458862305,39.84925079345703,55.831417083740234,0.0,0.0,-0.014048485085368156,1.0,1.0,0.0,1.0725229978561401,,,,,,,,,,,,,,,,
1783990000.007,36129000,177,2,255,0,,,,,,,,,,,,,,,,,0.3499999940395355,-0.17655079066753387,3.46513295173645,2.6600887775421143,3.46513295173645,2.6600887775421143,0.3499999940395355,-0.18000000715255737,3.2588958740234375,-2.156625986099243,0.7262622117996216,1.0,-0.0,0.8997892141342163,0.0,0.0
1783990000.041,36144000,178,1,0,0,11.622379302978516,24.700000762939453,11.622379302978516,24.700000762939453,11.14116096496582,26.038944244384766,-1.3389438390731812,56.921241760253906,107.80674743652344,0.0,0.0,-0.30000001192092896,0.9948220252990723,0.9988608360290527,0.0,-1.6852941513061523,,,,,,,,,,,,,,,,
1783990000.061,36162000,179,1,1,4,10.380058288574219,25.164804458618164,10.380058288574219,25.164804458618164,9.658973693847656,23.869064331054688,1.2957394123077393,214.70480346679688,146.22219848632812,33.143306732177734,0.0,0.16480371356010437,1.0,1.0,0.9595916867256165,6.632788181304932,,,,,,,,,,,,,,,,
1783990000.086,36184000,180,1,2,5,7.098605155944824,24.571136474609375,7.098605155944824,24.571136474609375,4.48817777633667,25.190752029418945,-0.6196171045303345,-7.403116226196289,0.0,0.0,-1.2022206783294678,0.0,0.0,0.0,0.1798482984304428,0.3213605582714081,,,,,,,,,,,,,,,,
1783990000.114,36208000,181,1,3,1,8.348033905029297,24.419218063354492,8.348033905029297,24.419218063354492,7.33726167678833,25.097339630126953,-0.6781235337257385,-6.435516834259033,0.0,0.0,0.0,0.0,0.0,0.0,0.0,-0.21922506392002106,,,,,,,,,,,,,,,,
1783990000.117,36235000,182,2,255,0,,,,,,,,,,,,,,,,,0.3499999940395355,-0.17655079066753387,3.46513295173645,2.6600887775421143,3.46513295173645,2.6600887775421143,0.3499999940395355,-0.18000000715255737,3.8465895652770996,-2.029414653778076,0.8676102757453918,1.0,-0.0,1.190987229347229,0.0,0.0
1783990000.148,36256000,183,1,0,0,10.766318321228027,24.700000762939453,10.766318321228027,24.700000762939453,10.805886268615723,25.456682205200195,-0.756680965423584,85.62648010253906,112.83305358886719,0.0,0.0,-0.30000001192092896,1.0,1.0,0.0,-2.6329360008239746,,,,,,,,,,,,,,,,
1783990000.166,36270000,184,1,1,4,9.517724990844727,25.360071182250977,9.517724990844727,25.360071182250977,6.806705951690674,26.43290138244629,-1.0728299617767334,88.64901733398438,143.8906707763672,0.0,0.0,0.3600704073905945,1.0,1.0,0.6212527751922607,2.2889366149902344,,,,,,,,,,,,,,,,
1783990000.184,36287000,185,1,2,5,7.98352575302124,22.48272705078125,7.98352575302124,22.48272705078125,5.749025821685791,23.41242027282715,-0.929693877696991,-18.363386154174805,0.0,0.0,-5.945462226867676,0.0,0.0,0.0,0.1131778359413147,0.6533023715019226,,,,,,,,,,,,,,,,
1783990000.207,36307000,186,1,3,1,9.393998146057129,22.499595642089844,9.393998146057129,22.499595642089844,8.241528511047363,23.666879653930664,-1.1672840118408203,-10.369955062866211,0.0,0.0,0.0,0.0,0.0,0.0,0.0,-0.3682958483695984,,,,,,,,,,,,,,,,
1783990000.234,36330000,187,2,255,0,,,,,,,,,,,,,,,,,0.3499999940395355,-0.9125012159347534,3.528214454650879,2.7021429538726807,3.528214454650879,2.7021429538726807,0.3499999940395355,-0.18250024318695068,2.54368257522583,-2.101670503616333,0.5228413343429565,1.0,-0.0,0.5541123151779175,0.0,0.0
1783990000.237,36357000,188,1,0,0,10.000011444091797,24.793720245361328,10.000011444091797,24.793720245361328,9.605050086975098,25.556901931762695,-0.7631808519363403,88.30350494384766,113.6630859375,0.0,0.0,-0.20627936720848083,1.0,1.0,0.0,-2.645115375518799,,,,,,,,,,,,,,,,
1783990000.270,36379000,189,1,1,4,8.146561622619629,25.153736114501953,8.146561622619629,25.153736114501953,5.662253379821777,26.759979248046875,-1.6062438488006592,78.30545043945312,137.67880249023438,0.0,0.0,0.15373629331588745,1.0,1.0,0.3772686719894409,1.966091275215149,,,,,,,,,,,,,,,,
1783990000.288,36393000,190,1,2,5,9.748502731323242,22.642587661743164,9.748502731323242,22.642587661743164,7.241414546966553,21.53754234313965,1.1050448417663574,16.14736557006836,0.0,0.0,0.0,0.0,0.0,0.0,0.06872957944869995,-0.39230942726135254,,,,,,,,,,,,,,,,
1783990000.307,36410000,191,1,3,1,11.105682373046875,22.99872398376465,11.105682373046875,22.99872398376465,9.745307922363281,22.377315521240234,0.621408224105835,8.561111450195312,0.0,0.0,0.0,0.0,0.0,0.0,0.0,0.22166487574577332,,,,,,,,,,,,,,,,
1783990000.330,36429000,192,2,255,0,,,,,,,,,,,,,,,,,0.3499999940395355,1.149999976158142,3.5485715866088867,2.715714454650879,3.5485715866088867,2.715714454650879,0.3499999940395355,0.23000000417232513,-0.2803078293800354,-2.9373950958251953,0.6372820734977722,1.0,-0.0,0.4691159725189209,0.0,0.0
1783990000.357,36452000,193,1,0,0,8.862508773803711,24.83510971069336,8.862508773803711,24.83510971069336,8.732767105102539,25.543319702148438,-0.7082104682922363,89.36505889892578,111.7569351196289,0.0,0.0,-0.16489006578922272,1.0,1.0,0.0,-2.670332193374634,,,,,,,,,,,,,,,,
1783990000.358,36479000,194,1,1,4,7.50623893737793,25.162622451782227,7.50623893737793,25.162622451782227,4.868472576141357,26.925426483154297,-1.762804388999939,71.90461730957031,133.78163146972656,0.0,0.0,0.16262298822402954,1.0,1.0,0.31570926308631897,1.7197186946868896,,,,,,,,,,,,,,,,
1783990000.392,36500000,195,1,2,1,10.563097953796387,24.837875366210938,10.563097953796387,24.837875366210938,10.151205062866211,20.202661514282227,4.635213375091553,46.32738494873047,0.0,0.0,0.0,0.0,0.0,0.0,0.0402766577899456,-1.533417820930481,,,,,,,,,,,,,,,,
1783990000.410,36514000,196,1,3,1,11.767427444458008,24.882593154907227,11.767427444458008,24.882593154907227,11.045292854309082,23.98651885986328,0.8960738778114319,9.563493728637695,0.0,0.0,0.0,0.0,0.0,0.0,0.0,0.275269091129303,,,,,,,,,,,,,,,,
1783990000.428,36531000,197,2,255,0,,,,,,,,,,,,,,,,,0.3499999940395355,1.149999976158142,3.5485715866088867,2.715714454650879,3.5485715866088867,2.715714454650879,0.3499999940395355,0.23000000417232513,-3.8457436561584473,-4.476253509521484,0.9699938297271729,1.0,-0.0,0.27084270119667053,0.0,0.0
1783990000.450,36550000,198,1,0,0,8.291425704956055,24.938840866088867,8.291425704956055,24.938840866088867,7.604552745819092,25.92695426940918,-0.9881138801574707,74.89183807373047,107.0645523071289,0.0,0.0,-0.06115906685590744,1.0,1.0,0.0,-2.1422550678253174,,,,,,,,,,,,,,,,
1783990000.472,36571000,199,1,1,4,7.059252738952637,25.032861709594727,7.059252738952637,25.032861709594727,4.131408214569092,26.993196487426758,-1.9603371620178223,-8.060928344726562,57.40642547607422,0.0,0.0,0.032861433923244476,1.0,1.0,0.18501077592372894,-0.4706687033176422,,,,,,,,,,,,,,,,
1783990000.498,36595000,200,1,2,4,10.570013046264648,25.549999237060547,10.570013046264648,25.549999237060547,11.32441520690918,20.262706756591797,5.28729248046875,238.54673767089844,56.258087158203125,90.0,0.0,0.550000011920929,0.23656737804412842,0.832044780254364,0.5003629326820374,-7.955935955047607,,,,,,,,,,,,,,,,
1783990000.525,36620000,201,1,3,0,11.75576400756836,24.700000762939453,11.75576400756836,24.700000762939453,11.139806747436523,26.058595657348633,-1.3585954904556274,13.086021423339844,49.93785858154297,0.0,0.0,-0.30000001192092896,0.5258378982543945,0.8956843018531799,0.0,0.36560168862342834,,,,,,,,,,,,,,,,
1783990000.526,36647000,202,2,255,0,,,,,,,,,,,,,,,,,0.3499999940395355,1.149999976158142,3.5485715866088867,2.715714454650879,3.5485715866088867,2.715714454650879,0.3499999940395355,0.23000000417232513,-6.207747459411621,-5.711716175079346,1.0,1.0,0.0,0.0,2.993023157119751,-0.0
1783990000.561,36669000,203,1,0,1,8.276400566101074,24.565715789794922,8.276400566101074,24.565715789794922,7.333077430725098,25.261402130126953,-0.6956875324249268,-7.984859466552734,0.0,0.0,0.0,0.0,0.0,0.0,0.0,0.2638682425022125,,,,,,,,,,,,,,,,
1783990000.578,36684000,204,1,1,5,7.091100692749023,24.359867095947266,7.091100692749023,24.359867095947266,5.452442169189453,25.281387329101562,-0.9215205907821655,-14.743550300598145,0.0,0.0,-3.797640085220337,0.0,0.0,0.0,0.11235162615776062,-0.45935600996017456,,,,,,,,,,,,,,,,
1783990000.595,36700000,205,1,2,4,10.207473754882812,25.549999237060547,10.207473754882812,25.549999237060547,7.366867542266846,21.193191528320312,4.356807708740234,399.86773681640625,151.30262756347656,90.0,0.0,0.550000011920929,1.0,1.0,0.9949730038642883,-12.470067024230957,,,,,,,,,,,,,,,,
1783990000.616,36717000,206,1,3,0,11.301366806030273,24.700000762939453,11.301366806030273,24.700000762939453,10.455353736877441,27.002334594726562,-2.3023338317871094,28.08539581298828,111.00209045410156,0.0,0.0,-0.30000001192092896,1.0,1.0,0.0,0.7566179633140564,,,,,,,,,,,,,,,,
1783990000.637,36737000,207,2,255,0,,,,,,,,,,,,,,,,,0.3499999940395355,-1.149999976158142,3.5485715866088867,2.715714454650879,3.5485715866088867,2.715714454650879,0.3499999940395355,-0.23000000417232513,0.0,0.0,0.0,0.0,0.0,0.0,0.0,0.0
1783990000.661,36759000,208,1,0,1,8.68896770477295,23.340011596679688,8.68896770477295,23.340011596679688,7.692662715911865,23.640714645385742,-0.3007039427757263,-1.7022457122802734,0.0,0.0,0.0,0.0,0.0,0.0,0.0,0.0893021821975708,,,,,,,,,,,,,,,,
1783990000.684,36783000,209,1,1,5,7.719456195831299,22.770591735839844,7.719456195831299,22.770591735839844,6.451831817626953,23.42026138305664,-0.6496712565422058,-7.92514705657959,0.0,0.0,-2.4039456844329834,0.0,0.0,0.0,0.09401906281709671,-0.2701910734176636,,,,,,,,,,,,,,,,
1783990000.711,36807000,210,1,2,4,9.374307632446289,25.0079288482666,9.374307632446289,25.0079288482666,3.6587789058685303,23.927637100219727,1.0802894830703735,195.15652465820312,151.9342803955078,24.848892211914062,0.0,0.007927954196929932,1.0,1.0,0.9813240170478821,-4.953216552734375,,,,,,,,,,,,,,,,
1783990000.714,36834000,211,1,3,0,10.29201602935791,24.993694305419922,10.29201602935791,24.993694305419922,10.57553482055664,24.685665130615234,0.3080293536186218,125.94020080566406,113.55461883544922,0.0,0.0,-0.006305046379566193,1.0,1.0,0.0,3.941965103149414,,,,,,,,,,,,,,,,
1783990000.747,36855000,212,2,255,0,,,,,,,,,,,,,,,,,0.3499999940395355,-1.149999976158142,3.5485715866088867,2.715714454650879,3.5485715866088867,2.715714454650879,0.3499999940395355,-0.23000000417232513,-1.3614788055419922,-0.9439399242401123,0.1984151154756546,1.0,0.0,0.0,0.08489332348108292,-0.0
1783990000.765,36869000,213,1,0,1,10.609530448913574,22.487058639526367,10.609530448913574,22.487058639526367,8.531214714050293,22.320693969726562,0.16636401414871216,4.050926685333252,0.0,0.0,0.0,0.0,0.0,0.0,0.0,-0.04507768526673317,,,,,,,,,,,,,,,,
1783990000.782,36886000,214,1,1,5,9.577128410339355,22.4556827545166,9.577128410339355,22.4556827545166,7.505327224731445,22.158123016357422,0.29755979776382446,7.035830020904541,0.0,0.0,0.0,0.0,0.0,0.0,0.05709501728415489,0.13302548229694366,,,,,,,,,,,,,,,,
1783990000.804,36904000,215,1,2,4,8.069231033325195,25.023517608642578,8.069231033325195,25.023517608642578,2.2410452365875244,26.40458106994629,-1.381063461303711,76.3131103515625,142.38885498046875,0.0,0.0,0.02351822331547737,1.0,1.0,0.5959294438362122,-1.3846042156219482,,,,,,,,,,,,,,,,
1783990000.829,36926000,216,1,3,0,9.09018325805664,24.974668502807617,9.09018325805664,24.974668502807617,8.49954891204834,25.4188232421875,-0.4441559314727783,93.29749298095703,112.51844024658203,0.0,0.0,-0.025331547483801842,1.0,1.0,0.0,2.737988233566284,,,,,,,,,,,,,,,,
1783990000.856,36951000,217,2,255,0,,,,,,,,,,,,,,,,,0.3499999940395355,-1.149999976158142,3.5485715866088867,2.715714454650879,3.5485715866088867,2.715714454650879,0.3499999940395355,-0.23000000417232513,-0.2747596502304077,-1.4540477991104126,0.22043249011039734,1.0,0.0,0.0,0.06923875212669373,-0.0
1783990000.858,36979000,218,1,0,1,11.55785083770752,23.924428939819336,11.55785083770752,23.924428939819336,10.02391242980957,22.65411376953125,1.2703150510787964,13.574943542480469,0.0,0.0,0.0,0.0,0.0,0.0,0.0,-0.38182374835014343,,,,,,,,,,,,,,,,
1783990000.894,37001000,219,1,1,1,10.563097953796387,24.837875366210938,10.563097953796387,24.837875366210938,9.37958812713623,21.91106605529785,2.9268085956573486,30.117738723754883,0.0,0.0,0.0,0.0,0.0,0.0,0.03467213362455368,0.9393682479858398,,,,,,,,,,,,,,,,
1783990000.912,37016000,220,1,2,4,7.166481018066406,25.005752563476562,7.166481018066406,25.005752563476562,2.7698323726654053,26.74122428894043,-1.7354726791381836,68.03587341308594,131.17568969726562,0.0,0.0,0.00575275719165802,1.0,1.0,0.3618905544281006,-1.3757871389389038,,,,,,,,,,,,,,,,
1783990000.933,37034000,221,1,3,0,8.326009750366211,25.00919532775879,8.326009750366211,25.00919532775879,7.518111705780029,25.605758666992188,-0.5965650081634521,87.30831909179688,107.72470092773438,0.0,0.0,0.009194943122565746,1.0,1.0,0.0,2.509833574295044,,,,,,,,,,,,,,,,
1783990000.958,37055000,222,2,255,0,,,,,,,,,,,,,,,,,0.3499999940395355,-1.149999976158142,3.5485715866088867,2.715714454650879,3.5485715866088867,2.715714454650879,0.3499999940395355,-0.23000000417232513,3.1466922760009766,-2.133347511291504,0.6958867907524109,1.0,-0.0,0.7120856046676636,-0.0,0.45404213666915894
1783990000.986,37080000,223,1,0,0,11.773699760437012,24.771337509155273,11.773699760437012,24.771337509155273,10.947366714477539,24.474918365478516,0.29641836881637573,34.52537536621094,39.7996826171875,0.0,0.0,-0.22866225242614746,0.0709129348397255,0.7956008315086365,0.0,-1.051689863204956,,,,,,,,,,,,,,,,
1783990000.987,37107000,224,1,1,4,10.567774772644043,25.345069885253906,10.567774772644043,25.345069885253906,10.842900276184082,22.005233764648438,3.3398361206054688,208.64842224121094,56.73495864868164,90.0,0.0,0.34507063031196594,0.30101221799850464,0.8462226390838623,0.4977520704269409,6.807647228240967,,,,,,,,,,,,,,,,
1783990001.020,37128000,225,1,2,5,7.026775360107422,24.89484405517578,7.026775360107422,24.89484405517578,3.681345224380493,26.067358016967773,-1.1725142002105713,-26.675310134887695,0.0,0.0,-3.211294651031494,0.0,0.0,0.0,0.22773635387420654,0.9154126048088074,,,,,,,,,,,,,,,,
1783990001.037,37142000,226,1,3,1,8.22822380065918,24.93967056274414,8.22822380065918,24.93967056274414,7.273358345031738,25.416603088378906,-0.476934015750885,-5.80588960647583,0.0,0.0,0.0,0.0,0.0,0.0,0.0,-0.21117955446243286,,,,,,,,,,,,,,,,
1783990001.056,37158000,227,2,255,0,,,,,,,,,,,,,,,,,0.3499999940395355,-1.149999976158142,3.5485715866088867,2.715714454650879,3.5485715866088867,2.715714454650879,0.3499999940395355,-0.23000000417232513,6.152322292327881,-2.988476276397705,1.0,1.0,-0.0,2.0214731693267822,0.0,0.0
1783990001.077,37178000,228,1,0,0,11.56108570098877,24.700000762939453,11.56108570098877,24.700000762939453,10.017644882202148,26.724349975585938,-2.0243496894836426,32.390411376953125,109.14237976074219,0.0,0.0,-0.30000001192092896,1.0,1.0,0.0,-0.8375916481018066,,,,,,,,,,,,,,,,
1783990001.103,37200000,229,1,1,4,10.275853157043457,25.549999237060547,10.275853157043457,25.549999237060547,7.644175052642822,23.012887954711914,2.5371103286743164,315.568359375,150.26531982421875,76.55623626708984,0.0,0.550000011920929,1.0,1.0,0.9929815530776978,9.559707641601562,,,,,,,,,,,,,,,,
1783990001.105,37226000,230,1,2,5,7.181328773498535,23.96803092956543,7.181328773498535,23.96803092956543,5.322799205780029,24.58001136779785,-0.6119802594184875,-4.105765342712402,0.0,0.0,-1.5307602882385254,0.0,0.0,0.0,0.19057630002498627,0.15131305158138275,,,,,,,,,,,,,,,,
1783990001.140,37247000,231,1,3,0,10.0,25.54033660888672,10.0,25.54033660888672,7.606306076049805,24.80014419555664,0.7401928305625916,62.10634994506836,51.812721252441406,8.125399589538574,0.0,0.5403375625610352,1.0,1.0,0.0,1.662607192993164,,,,,,,,,,,,,,,,
1783990001.157,37262000,232,2,255,0,,,,,,,,,,,,,,,,,0.3499999940395355,-1.149999976158142,3.5485715866088867,2.715714454650879,3.5485715866088867,2.715714454650879,0.0,0.0,6.595288276672363,-2.5539937019348145,0.9211090207099915,0.9211090207099915,-2.200000047683716,4.0,-1.600000023841858,1.754529595375061
1783990001.175,37279000,233,1,0,0,10.0,24.700000762939453,10.0,24.700000762939453,10.527922630310059,25.058561325073242,-0.3585606813430786,42.300514221191406,41.7061653137207,0.0,0.0,-0.30000001192092896,1.0,1.0,0.0,-1.348628282546997,,,,,,,,,,,,,,,,
1783990001.197,37298000,234,1,1,0,10.0,25.549999237060547,10.0,25.549999237060547,5.690613269805908,25.393369674682617,0.15662908554077148,41.32921600341797,51.669551849365234,0.0,0.0,0.550000011920929,1.0,1.0,0.0,0.8278727531433105,,,,,,,,,,,,,,,,
1783990001.220,37319000,235,1,2,0,10.0,24.700000762939453,10.0,24.700000762939453,6.682254314422607,24.723915100097656,-0.02391338348388672,40.80907440185547,45.233245849609375,0.0,0.0,-0.30000001192092896,1.0,1.0,0.0,-0.9923701286315918,,,,,,,,,,,,,,,,
1783990001.247,37342000,236,1,3,0,10.0,25.549999237060547,10.0,25.549999237060547,8.012286186218262,25.730138778686523,-0.18014013767242432,32.51072692871094,52.838539123535156,0.0,0.0,0.550000011920929,1.0,1.0,0.0,0.8070091605186462,,,,,,,,,,,,,,,,
1783990001.249,37369000,237,2,255,0,,,,,,,,,,,,,,,,,0.3499999940395355,-1.149999976158142,3.5485715866088867,2.715714454650879,3.5485715866088867,2.715714454650879,0.0,0.0,4.924594402313232,-1.3671873807907104,0.9993515610694885,1.0,-2.200000047683716,4.0,-1.600000023841858,3.3722498416900635
1783990001.286,37388000,238,1,0,0,10.0,24.700000762939453,10.0,24.700000762939453,9.79115104675293,24.68403434753418,0.015966594219207764,43.730743408203125,41.7061653137207,0.0,0.0,-0.30000001192092896,1.0,1.0,0.0,-1.332903265953064,,,,,,,,,,,,,,,,
1783990001.307,37409000,239,1,1,0,10.0,25.180429458618164,10.0,25.180429458618164,6.674983501434326,26.089521408081055,-0.9090930223464966,8.97317886352539,50.88190841674805,0.0,0.0,0.1804298758506775,1.0,1.0,0.0,0.028345370665192604,,,,,,,,,,,,,,,,
1783990001.329,37428000,240,1,2,0,10.0,24.908340454101562,10.0,24.908340454101562,7.978302001953125,24.505128860473633,0.40321052074432373,61.05878829956055,45.233245849609375,3.1783900260925293,0.0,-0.09165999293327332,1.0,1.0,0.0,-1.7329822778701782,,,,,,,,,,,,,,,,
1783990001.355,37451000,241,1,3,0,10.0,25.041797637939453,10.0,25.041797637939453,8.41946792602539,25.6441593170166,-0.6023615598678589,25.077938079833984,52.92258834838867,0.0,0.0,0.04179703816771507,1.0,1.0,0.0,0.6414852738380432,,,,,,,,,,,,,,,,
1783990001.382,37478000,242,2,255,0,,,,,,,,,,,,,,,,,0.3499999940395355,-1.149999976158142,3.5485715866088867,2.715714454650879,3.5485715866088867,2.715714454650879,0.0,0.0,0.7363841533660889,0.03843062371015549,0.09633509069681168,1.0,-2.200000047683716,2.331169843673706,-1.600000023841858,2.331169843673706
1783990001.384,37505000,243,1,0,0,10.0,24.994789123535156,10.0,24.994789123535156,9.55510139465332,24.788400650024414,0.20638853311538696,47.817665100097656,41.7061653137207,0.0,0.0,-0.005211129318922758,1.0,1.0,0.0,-1.439023733139038,,,,,,,,,,,,,,,,
1783990001.418,37526000,244,1,1,0,10.0,25.0,10.0,25.0,7.8352155685424805,24.835704803466797,0.16429424285888672,53.668052673339844,49.38131332397461,0.0,0.0,0.0,1.0,1.0,0.0,1.4783440828323364,,,,,,,,,,,,,,,,
1783990001.436,37540000,245,1,2,0,10.0,25.0,10.0,25.0,8.446711540222168,24.672027587890625,0.32797306776046753,51.959320068359375,45.32795333862305,0.27108457684516907,0.0,0.0,1.0,1.0,0.0,-1.484742283821106,,,,,,,,,,,,,,,,
1783990001.455,37558000,246,1,3,0,10.0,24.998868942260742,10.0,24.998868942260742,8.193259239196777,25.079479217529297,-0.08061081171035767,48.759376525878906,51.477394104003906,0.0,0.0,-0.001131838303990662,1.0,1.0,0.0,1.3364243507385254,,,,,,,,,,,,,,,,
1783990001.478,37578000,247,2,255,0,,,,,,,,,,,,,,,,,0.3499999940395355,-1.149999976158142,3.5485715866088867,2.715714454650879,3.5485715866088867,2.715714454650879,0.0,0.0,-0.5838249325752258,0.4086071252822876,0.07620948553085327,1.0,-0.8832525610923767,0.8832525610923767,-0.8885154128074646,0.8885154128074646
1783990001.501,37600000,248,1,0,0,10.0,25.00312042236328,10.0,25.00312042236328,9.384883880615234,25.377687454223633,-0.37456750869750977,27.268146514892578,43.02291488647461,0.0,0.0,0.0031200540252029896,1.0,1.0,0.0,-0.7835421562194824,,,,,,,,,,,,,,,,
1783990001.528,37623000,249,1,1,0,10.0,24.9980411529541,10.0,24.9980411529541,8.187414169311523,24.567110061645508,0.43092966079711914,67.19221496582031,48.34615707397461,4.81284236907959,0.0,-0.001959799323230982,1.0,1.0,0.0,1.9311087131500244,,,,,,,,,,,,,,,,
1783990001.531,37650000,250,1,2,0,10.0,24.999313354492188,10.0,24.999313354492188,8.518084526062012,24.999465942382812,-0.00015348196029663086,42.395484924316406,46.3574104309082,0.0,0.0,-0.0006863105809316039,1.0,1.0,0.0,-1.1875895261764526,,,,,,,,,,,,,,,,
1783990001.562,37671000,251,1,3,0,10.0,25.002763748168945,10.0,25.002763748168945,8.129175186157227,25.07868766784668,-0.07592439651489258,46.37468338012695,50.19483947753906,0.0,0.0,0.0027631574776023626,1.0,1.0,0.0,1.2640947103500366,,,,,,,,,,,,,,,,
1783990001.578,37685000,252,2,255,0,,,,,,,,,,,,,,,,,0.3499999940395355,-1.149999976158142,3.5485715866088867,2.715714454650879,3.5485715866088867,2.715714454650879,0.0,0.0,1.0095831155776978,0.46582284569740295,0.1416126936674118,1.0,-0.08073677122592926,0.08073677122592926,-0.10006330907344818,0.10006330907344818
1783990001.595,37699000,253,1,0,0,10.0,24.989219665527344,10.0,24.989219665527344,9.383553504943848,25.510103225708008,-0.5208835005760193,27.32093048095703,43.8254280090332,0.0,0.0,-0.01078046951442957,1.0,1.0,0.0,-0.7863594889640808,,,,,,,,,,,,,,,,
1783990001.617,37717000,254,1,1,0,10.0,25.019166946411133,10.0,25.019166946411133,8.341423034667969,24.732505798339844,0.2866595983505249,54.73960876464844,47.81037902832031,0.0,0.0,0.01916760765016079,1.0,1.0,0.0,1.5561306476593018,,,,,,,,,,,,,,,,
1783990001.640,37738000,255,1,2,0,10.0,24.96391487121582,10.0,24.96391487121582,8.59148120880127,25.123252868652344,-0.15933960676193237,40.81293869018555,46.594146728515625,0.0,0.0,-0.036085426807403564,1.0,1.0,0.0,-1.1410138607025146,,,,,,,,,,,,,,,,
1783990001.668,37763000,0,1,3,0,10.0,25.046043395996094,10.0,25.046043395996094,8.226716995239258,25.242311477661133,-0.19626915454864502,43.088314056396484,50.48427200317383,0.0,0.0,0.0460425466299057,1.0,1.0,0.0,1.1709249019622803,,,,,,,,,,,,,,,,
1783990001.670,37790000,1,2,255,0,,,,,,,,,,,,,,,,,0.3499999940395355,-1.149999976158142,3.5485715866088867,2.715714454650879,3.5485715866088867,2.715714454650879,0.0,0.0,1.5891488790512085,0.5156123638153076,0.2692822515964508,1.0,-0.2966705858707428,0.2966705858707428,-0.34921881556510925,0.34921881556510925
1783990001.703,37811000,2,1,0,0,10.0,24.969568252563477,10.0,24.969568252563477,9.361786842346191,25.256174087524414,-0.28660744428634644,36.03667068481445,43.67802047729492,0.0,0.0,-0.030432431027293205,1.0,1.0,0.0,-1.0538830757141113,,,,,,,,,,,,,,,,
1783990001.719,37825000,3,1,1,0,10.0,25.025617599487305,10.0,25.025617599487305,8.387368202209473,25.175071716308594,-0.14945268630981445,40.49231719970703,47.86423873901367,0.0,0.0,0.025617271661758423,1.0,1.0,0.0,1.1119328737258911,,,,,,,,,,,,,,,,
1783990001.737,37841000,4,1,2,0,10.0,24.96670150756836,10.0,24.96670150756836,8.646090507507324,25.007226943969727,-0.04052668809890747,45.90523147583008,46.620052337646484,0.0,0.0,-0.033298395574092865,1.0,1.0,0.0,-1.302024006843567,,,,,,,,,,,,,,,,
1783990001.759,37860000,5,1,3,0,10.0,25.02778434753418,10.0,25.02778434753418,8.424833297729492,25.462553024291992,-0.4347681999206543,35.16144561767578,50.35458755493164,0.0,0.0,0.027784351259469986,1.0,1.0,0.0,0.9481550455093384,,,,,,,,,,,,,,,,
1783990001.782,37881000,6,2,255,0,,,,,,,,,,,,,,,,,0.3499999940395355,-1.149999976158142,3.5485715866088867,2.715714454650879,3.5485715866088867,2.715714454650879,0.0,0.0,0.984250009059906,0.5943061709403992,0.1369541585445404,1.0,-0.06435608863830566,0.06435608863830566,-0.10378067195415497,0.10378067195415497
1783990001.782,37904000,7,1,0,0,10.0,24.992523193359375,10.0,24.992523193359375,9.342811584472656,25.251548767089844,-0.2590268850326538,36.47640609741211,43.8418083190918,0.0,0.0,-0.007476620376110077,1.0,1.0,0.0,-1.0654761791229248,,,,,,,,,,,,,,,,
1783990001.811,37931000,8,1,1,0,10.0,25.00425910949707,10.0,25.00425910949707,8.582072257995605,25.222801208496094,-0.2185434103012085,39.26428985595703,47.70967483520508,0.0,0.0,0.004259390756487846,1.0,1.0,0.0,1.0914777517318726,,,,,,,,,,,,,,,,
1783990001.843,37951000,9,1,2,0,10.0,24.995859146118164,10.0,24.995859146118164,8.666228294372559,25.01166534423828,-0.01580566167831421,46.22092056274414,46.81076431274414,0.0,0.0,-0.0041408478282392025,1.0,1.0,0.0,-1.3121871948242188,,,,,,,,,,,,,,,,
1783990001.860,37965000,10,1,3,0,10.0,25.0030517578125,10.0,25.0030517578125,8.624085426330566,25.4426326751709,-0.4395812749862671,36.534873962402344,50.19394302368164,0.0,0.0,0.003052636981010437,1.0,1.0,0.0,1.0064407587051392,,,,,,,,,,,,,,,,
1783990001.878,37982000,11,2,255,0,,,,,,,,,,,,,,,,,0.3499999940395355,-1.149999976158142,3.5485715866088867,2.715714454650879,3.5485715866088867,2.715714454650879,0.0,0.0,0.3159688711166382,0.5191143751144409,0.06889533996582031,1.0,0.006864325143396854,-0.006864325143396854,-0.006864325143396854,0.006864325143396854
1783990001.901,38000000,12,1,0,0,10.0,25.001630783081055,10.0,25.001630783081055,9.396516799926758,25.3010311126709,-0.29940009117126465,34.45508575439453,43.913028717041016,0.0,0.0,0.0016311670187860727,1.0,1.0,0.0,-1.008615255355835,,,,,,,,,,,,,,,,
1783990001.925,38022000,13,1,1,0,10.0,24.998626708984375,10.0,24.998626708984375,8.727052688598633,25.172143936157227,-0.17351806163787842,42.3995361328125,47.66376876831055,0.0,0.0,-0.0013740435242652893,1.0,1.0,0.0,1.200364589691162,,,,,,,,,,,,,,,,
1783990001.952,38047000,14,1,2,0,10.0,24.998889923095703,10.0,24.998889923095703,8.679967880249023,25.02504539489746,-0.02615600824356079,45.84663391113281,46.828575134277344,0.0,0.0,-0.0011093193897977471,1.0,1.0,0.0,-1.301417589187622,,,,,,,,,,,,,,,,
1783990001.953,38074000,15,1,3,0,10.0,25.00082015991211,10.0,25.00082015991211,8.695502281188965,25.428539276123047,-0.42771995067596436,37.06425476074219,50.18192672729492,0.0,0.0,0.0008193599642254412,1.0,1.0,0.0,1.0279141664505005,,,,,,,,,,,,,,,,
1783990001.986,38094000,16,2,255,0,,,,,,,,,,,,,,,,,0.3499999940395355,-1.149999976158142,3.5485715866088867,2.715714454650879,3.5485715866088867,2.715714454650879,0.0,0.0,0.2722606360912323,0.32451480627059937,0.05160677060484886,1.0,0.0,0.0,0.0,0.0
1783990002.003,38108000,17,1,0,0,10.0,25.0,10.0,25.0,9.473937034606934,25.285825729370117,-0.28582513332366943,35.35835266113281,43.906166076660156,0.0,0.0,0.0,1.0,1.0,0.0,-1.0430291891098022,,,,,,,,,,,,,,,,
1783990002.021,38124000,18,1,1,0,10.0,25.0,10.0,25.0,8.742664337158203,25.200349807739258,-0.2003490924835205,41.14046096801758,47.669551849365234,0.0,0.0,0.0,1.0,1.0,0.0,1.1600823402404785,,,,,,,,,,,,,,,,
1783990002.044,38143000,19,1,2,0,10.0,25.0,10.0,25.0,8.735580444335938,25.002870559692383,-0.0028699636459350586,46.80671691894531,46.83324432373047,0.0,0.0,0.0,1.0,1.0,0.0,-1.3365706205368042,,,,,,,,,,,,,,,,
1783990002.069,38165000,20,1,3,0,10.0,25.0,10.0,25.0,8.712042808532715,25.479434967041016,-0.47943592071533203,35.12559127807617,50.1784782409668,0.0,0.0,0.0,1.0,1.0,0.0,0.9674885272979736,,,,,,,,,,,,,,,,
1783990002.095,38191000,21,2,255,0,,,,,,,,,,,,,,,,,0.3499999940395355,-1.149999976158142,3.5485715866088867,2.715714454650879,3.5485715866088867,2.715714454650879,0.0,0.0,0.2181222140789032,0.1895744800567627,0.0453215017914772,1.0,0.0,0.0,0.0,0.0
1783990002.098,38218000,22,1,0,0,10.0,25.0,10.0,25.0,9.470088958740234,25.272655487060547,-0.2726554870605469,35.838645935058594,43.906166076660156,0.0,0.0,0.0,1.0,1.0,0.0,-1.0570578575134277,,,,,,,,,,,,,,,,
1783990002.131,38239000,23,1,1,0,10.0,25.0,10.0,25.0,8.779644966125488,25.261014938354492,-0.2610146999359131,39.389015197753906,47.669551849365234,0.0,0.0,0.0,1.0,1.0,0.0,1.1081266403198242,,,,,,,,,,,,,,,,
1783990002.148,38253000,24,1,2,0,10.0,25.0,10.0,25.0,8.720810890197754,25.012218475341797,-0.012218952178955078,46.29362487792969,46.83324432373047,0.0,0.0,0.0,1.0,1.0,0.0,-1.318268060684204,,,,,,,,,,,,,,,,
1783990002.166,38269000,25,1,3,0,10.0,25.0,10.0,25.0,8.733301162719727,25.503721237182617,-0.5037218332290649,35.03496551513672,50.1784782409668,0.0,0.0,0.0,1.0,1.0,0.0,0.9666922092437744,,,,,,,,,,,,,,,,
1783990002.188,38289000,26,2,255,0,,,,,,,,,,,,,,,,,0.3499999940395355,-1.149999976158142,3.5485715866088867,2.715714454650879,3.5485715866088867,2.715714454650879,0.0,0.0,-0.00788368284702301,0.09194501489400864,0.04096194729208946,1.0,0.0,0.0,0.0,0.0
1783990002.213,38310000,27,1,0,0,10.0,25.0,10.0,25.0,9.460735321044922,25.281328201293945,-0.2813279628753662,35.417449951171875,43.906166076660156,0.0,0.0,0.0,1.0,1.0,0.0,-1.0425869226455688,,,,,,,,,,,,,,,,
1783990002.240,38336000,28,1,1,0,10.0,25.0,10.0,25.0,8.788409233093262,25.262283325195312,-0.2622842788696289,39.62146759033203,47.669551849365234,0.0,0.0,0.0,1.0,1.0,0.0,1.115769863128662,,,,,,,,,,,,,,,,
1783990002.242,38362000,29,1,2,0,10.0,25.0,10.0,25.0,8.723445892333984,25.021869659423828,-0.02186894416809082,45.95777893066406,46.83324432373047,0.0,0.0,0.0,1.0,1.0,0.0,-1.3082391023635864,,,,,,,,,,,,,,,,
1783990002.275,38384000,30,1,3,0,10.0,25.0,10.0,25.0,8.739444732666016,25.496923446655273,-0.49692392349243164,35.09174728393555,50.1784782409668,0.0,0.0,0.0,1.0,1.0,0.0,0.9681326746940613,,,,,,,,,,,,,,,,
1783990002.293,38398000,31,2,255,0,,,,,,,,,,,,,,,,,0.3499999940395355,-1.149999976158142,3.5485715866088867,2.715714454650879,3.5485715866088867,2.715714454650879,0.0,0.0,-0.06694378703832626,0.058041710406541824,0.04051165655255318,1.0,0.0,0.0,0.0,0.0
1783990002.312,38414000,32,1,0,0,10.0,25.0,10.0,25.0,9.465950965881348,25.282224655151367,-0.28222501277923584,35.27754211425781,43.906166076660156,0.0,0.0,0.0,1.0,1.0,0.0,-1.0384992361068726,,,,,,,,,,,,,,,,
1783990002.336,38434000,33,1,1,0,10.0,25.0,10.0,25.0,8.79645824432373,25.26140594482422,-0.2614051103591919,39.7158203125,47.669551849365234,0.0,0.0,0.0,1.0,1.0,0.0,1.1192405223846436,,,,,,,,,,,,,,,,
1783990002.363,38458000,34,1,2,0,10.0,25.0,10.0,25.0,8.72571849822998,25.019729614257812,-0.019729137420654297,46.19939041137695,46.83324432373047,0.0,0.0,0.0,1.0,1.0,0.0,-1.3162989616394043,,,,,,,,,,,,,,,,
1783990002.365,38486000,35,1,3,0,10.0,25.0,10.0,25.0,8.747517585754395,25.500736236572266,-0.5007356405258179,34.94839859008789,50.1784782409668,0.0,0.0,0.0,1.0,1.0,0.0,0.9643539786338806,,,,,,,,,,,,,,,,
1783990002.386,38508000,36,2,255,0,,,,,,,,,,,,,,,,,0.3499999940395355,-1.149999976158142,3.5485715866088867,2.715714454650879,3.5485715866088867,2.715714454650879,0.0,0.0,-0.10719916969537735,0.029472611844539642,0.04130491614341736,1.0,0.0,0.0,0.0,0.0
1783990002.418,38522000,37,1,0,0,10.0,25.0,10.0,25.0,9.473100662231445,25.273847579956055,-0.2738475799560547,35.62980651855469,43.906166076660156,0.0,0.0,0.0,1.0,1.0,0.0,-1.0503844022750854,,,,,,,,,,,,,,,,
1783990002.437,38539000,38,1,1,0,10.0,25.0,10.0,25.0,8.801408767700195,25.267230987548828,-0.26723146438598633,39.47898864746094,47.669551849365234,0.0,0.0,0.0,1.0,1.0,0.0,1.1120326519012451,,,,,,,,,,,,,,,,
1783990002.460,38559000,39,1,2,0,10.0,25.0,10.0,25.0,8.728333473205566,25.017292022705078,-0.01729130744934082,46.17936325073242,46.83324432373047,0.0,0.0,0.0,1.0,1.0,0.0,-1.3155083656311035,,,,,,,,,,,,,,,,
1783990002.487,38583000,40,1,3,0,10.0,25.0,10.0,25.0,8.750643730163574,25.50436782836914,-0.5043685436248779,34.83246612548828,50.1784782409668,0.0,0.0,0.0,1.0,1.0,0.0,0.9611910581588745,,,,,,,,,,,,,,,,
1783990002.489,38609000,41,2,255,0,,,,,,,,,,,,,,,,,0.3499999940395355,-1.149999976158142,3.5485715866088867,2.715714454650879,3.5485715866088867,2.715714454650879,0.0,0.0,-0.15124006569385529,0.008392108604311943,0.04258189722895622,1.0,0.0,0.0,0.0,0.0
1783990002.522,38630000,42,1,0,0,10.0,25.0,10.0,25.0,9.467528343200684,25.280200958251953,-0.28020143508911133,35.312259674072266,43.906166076660156,0.0,0.0,0.0,1.0,1.0,0.0,-1.0398777723312378,,,,,,,,,,,,,,,,
1783990002.540,38644000,43,1,1,0,10.0,25.0,10.0,25.0,8.80815315246582,25.265356063842773,-0.2653568983078003,39.50923538208008,47.669551849365234,0.0,0.0,0.0,1.0,1.0,0.0,1.1133977174758911,,,,,,,,,,,,,,,,
1783990002.559,38662000,44,1,2,0,10.0,25.0,10.0,25.0,8.724344253540039,25.022550582885742,-0.022551417350769043,46.363182067871094,46.83324432373047,0.0,0.0,0.0,1.0,1.0,0.0,-1.3215726613998413,,,,,,,,,,,,,,,,
1783990002.582,38681000,45,1,3,0,10.0,25.0,10.0,25.0,8.75757122039795,25.49821662902832,-0.4982173442840576,34.72935104370117,50.1784782409668,0.0,0.0,0.0,1.0,1.0,0.0,0.9580401182174683,,,,,,,,,,,,,,,,
1783990002.606,38703000,46,2,255,0,,,,,,,,,,,,,,,,,0.3499999940395355,-1.149999976158142,3.5485715866088867,2.715714454650879,3.5485715866088867,2.715714454650879,0.0,0.0,-0.16617944836616516,0.0024157403968274593,0.04311082884669304,1.0,0.0,0.0,0.0,0.0
1783990002.633,38728000,47,1,0,0,10.0,25.0,10.0,25.0,9.472167015075684,25.277006149291992,-0.2770066261291504,35.48882293701172,43.906166076660156,0.0,0.0,0.0,1.0,1.0,0.0,-1.046083688735962,,,,,,,,,,,,,,,,
1783990002.636,38755000,48,1,1,0,10.0,25.0,10.0,25.0,8.811660766601562,25.264606475830078,-0.26460587978363037,39.533180236816406,47.669551849365234,0.0,0.0,0.0,1.0,1.0,0.0,1.1143474578857422,,,,,,,,,,,,,,,,
1783990002.666,38776000,49,1,2,0,10.0,25.0,10.0,25.0,8.73119831085205,25.017770767211914,-0.017771124839782715,46.259647369384766,46.83324432373047,0.0,0.0,0.0,1.0,1.0,0.0,-1.3187038898468018,,,,,,,,,,,,,,,,
1783990002.683,38789000,50,1,3,0,10.0,25.0,10.0,25.0,8.76121997833252,25.502174377441406,-0.5021750926971436,34.813232421875,50.1784782409668,0.0,0.0,0.0,1.0,1.0,0.0,0.961175799369812,,,,,,,,,,,,,,,,
1783990002.700,38804000,51,2,255,0,,,,,,,,,,,,,,,,,0.3499999940395355,-1.149999976158142,3.5485715866088867,2.715714454650879,3.5485715866088867,2.715714454650879,0.0,0.0,-0.15738609433174133,-0.00949119497090578,0.04279366508126259,1.0,0.0,0.0,0.0,0.0
1783990002.723,38823000,52,1,0,0,10.0,25.0,10.0,25.0,9.475086212158203,25.273635864257812,-0.27363598346710205,35.62156677246094,43.906166076660156,0.0,0.0,0.0,1.0,1.0,0.0,-1.050397276878357,,,,,,,,,,,,,,,,
1783990002.749,38845000,53,1,1,0,10.0,25.0,10.0,25.0,8.81467056274414,25.265962600708008,-0.2659618854522705,39.64115524291992,47.669551849365234,0.0,0.0,0.0,1.0,1.0,0.0,1.1184011697769165,,,,,,,,,,,,,,,,
1783990002.750,38871000,54,1,2,0,10.0,25.0,10.0,25.0,8.73092269897461,25.016963958740234,-0.016963481903076172,46.24375915527344,46.83324432373047,0.0,0.0,0.0,1.0,1.0,0.0,-1.3182618618011475,,,,,,,,,,,,,,,,
1783990002.789,38890000,55,1,3,0,10.0,25.0,10.0,25.0,8.765373229980469,25.500293731689453,-0.50029456615448,35.00127029418945,50.1784782409668,0.0,0.0,0.0,1.0,1.0,0.0,0.9677578210830688,,,,,,,,,,,,,,,,
1783990002.809,38911000,56,2,255,0,,,,,,,,,,,,,,,,,0.3499999940395355,-1.149999976158142,3.5485715866088867,2.715714454650879,3.5485715866088867,2.715714454650879,0.0,0.0,-0.18255405128002167,-0.013371764682233334,0.043745703995227814,1.0,0.0,0.0,0.0,0.0
1783990002.832,38931000,57,1,0,0,10.0,25.0,10.0,25.0,9.473255157470703,25.279951095581055,-0.2799510955810547,35.58644485473633,43.906166076660156,0.0,0.0,0.0,1.0,1.0,0.0,-1.0498723983764648,,,,,,,,,,,,,,,,
1783990002.859,38954000,58,1,1,0,10.0,25.0,10.0,25.0,8.81833553314209,25.263700485229492,-0.26369988918304443,39.730350494384766,47.669551849365234,0.0,0.0,0.0,1.0,1.0,0.0,1.120781660079956,,,,,,,,,,,,,,,,
1783990002.861,38981000,59,1,2,0,10.0,25.0,10.0,25.0,8.732647895812988,25.01726722717285,-0.017267465591430664,46.30792236328125,46.83324432373047,0.0,0.0,0.0,1.0,1.0,0.0,-1.3205589056015015,,,,,,,,,,,,,,,,
1783990002.893,39002000,60,1,3,0,10.0,25.0,10.0,25.0,8.763822555541992,25.50214195251465,-0.5021423101425171,34.914344787597656,50.1784782409668,0.0,0.0,0.0,1.0,1.0,0.0,0.9649760723114014,,,,,,,,,,,,,,,,
1783990002.911,39016000,61,2,255,0,,,,,,,,,,,,,,,,,0.3499999940395355,-1.149999976158142,3.5485715866088867,2.715714454650879,3.5485715866088867,2.715714454650879,0.0,0.0,-0.15873467922210693,-0.012439552694559097,0.04284122586250305,1.0,0.0,0.0,0.0,0.0
1783990002.930,39032000,62,1,0,0,10.0,25.0,10.0,25.0,9.47694206237793,25.276166915893555,-0.2761662006378174,35.58733367919922,43.906166076660156,0.0,0.0,0.0,1.0,1.0,0.0,-1.0495458841323853,,,,,,,,,,,,,,,,
1783990002.953,39052000,63,1,1,0,10.0,25.0,10.0,25.0,8.816679954528809,25.26569938659668,-0.2656996250152588,39.52208709716797,47.669551849365234,0.0,0.0,0.0,1.0,1.0,0.0,1.1146163940429688,,,,,,,,,,,,,,,,
1783990002.982,39075000,64,1,2,0,10.0,25.0,10.0,25.0,8.730392456054688,25.018014907836914,-0.018015503883361816,46.223793029785156,46.83324432373047,0.0,0.0,0.0,1.0,1.0,0.0,-1.3170676231384277,,,,,,,,,,,,,,,,
1783990002.982,39101000,65,1,3,0,10.0,25.0,10.0,25.0,8.763222694396973,25.50423812866211,-0.5042374134063721,34.81051254272461,50.1784782409668,0.0,0.0,0.0,1.0,1.0,0.0,0.9616716504096985,,,,,,,,,,,,,,,,
1783990003.014,39122000,66,2,255,0,,,,,,,,,,,,,,,,,0.3499999940395355,-1.149999976158142,3.5485715866088867,2.715714454650879,3.5485715866088867,2.715714454650879,0.0,0.0,-0.17393562197685242,-0.012493046931922436,0.043404385447502136,1.0,0.0,0.0,0.0,0.0
1783990003.032,39136000,67,1,0,0,10.0,25.0,10.0,25.0,9.475192070007324,25.277429580688477,-0.27742981910705566,35.574527740478516,43.906166076660156,0.0,0.0,0.0,1.0,1.0,0.0,-1.0487664937973022,,,,,,,,,,,,,,,,
1783990003.051,39154000,68,1,1,0,10.0,25.0,10.0,25.0,8.818342208862305,25.265169143676758,-0.2651691436767578,39.55620574951172,47.669551849365234,0.0,0.0,0.0,1.0,1.0,0.0,1.1155399084091187,,,,,,,,,,,,,,,,
1783990003.074,39174000,69,1,2,0,10.0,25.0,10.0,25.0,8.732769012451172,25.018131256103516,-0.018131732940673828,46.17463684082031,46.83324432373047,0.0,0.0,0.0,1.0,1.0,0.0,-1.3160552978515625,,,,,,,,,,,,,,,,
1783990003.102,39197000,70,1,3,0,10.0,25.0,10.0,25.0,8.768963813781738,25.499486923217773,-0.49948692321777344,34.70629119873047,50.1784782409668,0.0,0.0,0.0,1.0,1.0,0.0,0.958422839641571,,,,,,,,,,,,,,,,
1783990003.105,39224000,71,2,255,0,,,,,,,,,,,,,,,,,0.3499999940395355,-1.149999976158142,3.5485715866088867,2.715714454650879,3.5485715866088867,2.715714454650879,0.0,0.0,-0.17726019024848938,-0.010189743712544441,0.04353416711091995,1.0,0.0,0.0,0.0,0.0
1783990003.137,39245000,72,1,0,0,10.0,25.0,10.0,25.0,9.481242179870605,25.275028228759766,-0.2750277519226074,35.62073516845703,43.906166076660156,0.0,0.0,0.0,1.0,1.0,0.0,-1.0510417222976685,,,,,,,,,,,,,,,,
1783990003.155,39259000,73,1,1,0,10.0,25.0,10.0,25.0,8.821025848388672,25.264692306518555,-0.2646923065185547,39.49581527709961,47.669551849365234,0.0,0.0,0.0,1.0,1.0,0.0,1.113987922668457,,,,,,,,,,,,,,,,
1783990003.173,39277000,74,1,2,0,10.0,25.0,10.0,25.0,8.734163284301758,25.016740798950195,-0.016739964485168457,46.244667053222656,46.83324432373047,0.0,0.0,0.0,1.0,1.0,0.0,-1.3177180290222168,,,,,,,,,,,,,,,,
1783990003.196,39296000,75,1,3,0,10.0,25.0,10.0,25.0,8.766654014587402,25.50634765625,-0.5063474178314209,35.09611511230469,50.1784782409668,0.0,0.0,0.0,1.0,1.0,0.0,0.9713121652603149,,,,,,,,,,,,,,,,
1783990003.221,39317000,76,2,255,0,,,,,,,,,,,,,,,,,0.3499999940395355,-1.149999976158142,3.5485715866088867,2.715714454650879,3.5485715866088867,2.715714454650879,0.0,0.0,-0.17403854429721832,-0.021566009148955345,0.04340836778283119,1.0,0.0,0.0,0.0,0.0
1783990003.222,39343000,77,1,0,0,10.0,25.0,10.0,25.0,9.477954864501953,25.27676773071289,-0.27676820755004883,35.392818450927734,43.906166076660156,0.0,0.0,0.0,1.0,1.0,0.0,-1.0432060956954956,,,,,,,,,,,,,,,,
1783990003.256,39364000,78,1,1,0,10.0,25.0,10.0,25.0,8.821121215820312,25.265615463256836,-0.26561617851257324,39.50650405883789,47.669551849365234,0.0,0.0,0.0,1.0,1.0,0.0,1.114449381828308,,,,,,,,,,,,,,,,
1783990003.272,39378000,79,1,2,0,10.0,25.0,10.0,25.0,8.733887672424316,25.017257690429688,-0.017258524894714355,46.3553466796875,46.83324432373047,0.0,0.0,0.0,1.0,1.0,0.0,-1.3218387365341187,,,,,,,,,,,,,,,,
1783990003.289,39394000,80,1,3,0,10.0,25.0,10.0,25.0,8.768085479736328,25.505903244018555,-0.5059033632278442,34.860538482666016,50.1784782409668,0.0,0.0,0.0,1.0,1.0,0.0,0.9642013311386108,,,,,,,,,,,,,,,,
1783990003.311,39412000,81,2,255,0,,,,,,,,,,,,,,,,,0.3499999940395355,-1.149999976158142,3.5485715866088867,2.715714454650879,3.5485715866088867,2.715714454650879,0.0,0.0,-0.18117481470108032,-0.02436838112771511,0.04369001463055611,1.0,0.0,0.0,0.0,0.0
1783990003.335,39433000,82,1,0,0,10.0,25.0,10.0,25.0,9.48050594329834,25.27539825439453,-0.27539730072021484,35.56079864501953,43.906166076660156,0.0,0.0,0.0,1.0,1.0,0.0,-1.0485590696334839,,,,,,,,,,,,,,,,
1783990003.362,39457000,83,1,1,0,10.0,25.0,10.0,25.0,8.820597648620605,25.265756607055664,-0.2657562494277954,39.427024841308594,47.669551849365234,0.0,0.0,0.0,1.0,1.0,0.0,1.1114914417266846,,,,,,,,,,,,,,,,
1783990003.364,39484000,84,1,2,0,10.0,25.0,10.0,25.0,8.735607147216797,25.01622772216797,-0.016227364540100098,46.35166549682617,46.83324432373047,0.0,0.0,0.0,1.0,1.0,0.0,-1.3218283653259277,,,,,,,,,,,,,,,,
1783990003.400,39507000,85,1,3,0,10.0,25.0,10.0,25.0,8.771833419799805,25.503719329833984,-0.5037188529968262,34.92399978637695,50.1784782409668,0.0,0.0,0.0,1.0,1.0,0.0,0.9660564064979553,,,,,,,,,,,,,,,,
1783990003.419,39522000,86,2,255,0,,,,,,,,,,,,,,,,,0.3499999940395355,-1.149999976158142,3.5485715866088867,2.715714454650879,3.5485715866088867,2.715714454650879,0.0,0.0,-0.16945932805538177,-0.031834010034799576,0.043233390897512436,1.0,0.0,0.0,0.0,0.0
1783990003.440,39540000,87,1,0,0,10.0,25.0,10.0,25.0,9.478425025939941,25.2784423828125,-0.2784430980682373,35.287330627441406,43.906166076660156,0.0,0.0,0.0,1.0,1.0,0.0,-1.0398660898208618,,,,,,,,,,,,,,,,
1783990003.465,39562000,88,1,1,0,10.0,25.0,10.0,25.0,8.824254989624023,25.2645263671875,-0.2645254135131836,39.616844177246094,47.669551849365234,0.0,0.0,0.0,1.0,1.0,0.0,1.1181749105453491,,,,,,,,,,,,,,,,
1783990003.492,39588000,89,1,2,0,10.0,25.0,10.0,25.0,8.732941627502441,25.016693115234375,-0.016692280769348145,46.32249450683594,46.83324432373047,0.0,0.0,0.0,1.0,1.0,0.0,-1.320998191833496,,,,,,,,,,,,,,,,
1783990003.494,39614000,90,1,3,0,10.0,25.0,10.0,25.0,8.773307800292969,25.503210067749023,-0.5032092332839966,34.78358459472656,50.1784782409668,0.0,0.0,0.0,1.0,1.0,0.0,0.9616250991821289,,,,,,,,,,,,,,,,
1783990003.526,39635000,91,2,255,0,,,,,,,,,,,,,,,,,0.3499999940395355,-1.149999976158142,3.5485715866088867,2.715714454650879,3.5485715866088867,2.715714454650879,0.0,0.0,-0.1680857092142105,-0.024911843240261078,0.043181780725717545,1.0,0.0,0.0,0.0,0.0
1783990003.544,39649000,92,1,0,0,10.0,25.0,10.0,25.0,9.482144355773926,25.2772274017334,-0.27722716331481934,35.61415100097656,43.906166076660156,0.0,0.0,0.0,1.0,1.0,0.0,-1.0505212545394897,,,,,,,,,,,,,,,,
1783990003.544,39665000,93,1,1,0,10.0,25.0,10.0,25.0,8.823934555053711,25.2650146484375,-0.2650141716003418,39.55029296875,47.669551849365234,0.0,0.0,0.0,1.0,1.0,0.0,1.116211175918579,,,,,,,,,,,,,,,,
1783990003.585,39685000,94,1,2,0,10.0,25.0,10.0,25.0,8.738070487976074,25.013935089111328,-0.013935565948486328,46.311676025390625,46.83324432373047,0.0,0.0,0.0,1.0,1.0,0.0,-1.3210272789001465,,,,,,,,,,,,,,,,
1783990003.611,39708000,95,1,3,0,10.0,25.0,10.0,25.0,8.774027824401855,25.504329681396484,-0.5043298006057739,34.71147537231445,50.1784782409668,0.0,0.0,0.0,1.0,1.0,0.0,0.9590120315551758,,,,,,,,,,,,,,,,
1783990003.613,39734000,96,2,255,0,,,,,,,,,,,,,,,,,0.3499999940395355,-1.149999976158142,3.5485715866088867,2.715714454650879,3.5485715866088867,2.715714454650879,0.0,0.0,-0.1683603972196579,-0.02401556633412838,0.0431920662522316,1.0,0.0,0.0,0.0,0.0
1783990003.648,39756000,97,1,0,0,10.0,25.0,10.0,25.0,9.481446266174316,25.27726936340332,-0.2772688865661621,35.32212829589844,43.906166076660156,0.0,0.0,0.0,1.0,1.0,0.0,-1.0411553382873535,,,,,,,,,,,,,,,,
1783990003.667,39770000,98,1,1,0,10.0,25.0,10.0,25.0,8.826957702636719,25.264007568359375,-0.2640068531036377,39.17921447753906,47.669551849365234,0.0,0.0,0.0,1.0,1.0,0.0,1.1038978099822998,,,,,,,,,,,,,,,,
1783990003.686,39788000,99,1,2,0,10.0,25.0,10.0,25.0,8.734224319458008,25.016620635986328,-0.016620755195617676,46.27011489868164,46.83324432373047,0.0,0.0,0.0,1.0,1.0,0.0,-1.319137692451477,,,,,,,,,,,,,,,,
1783990003.710,39809000,100,1,3,0,10.0,25.0,10.0,25.0,8.776459693908691,25.5043888092041,-0.5043894052505493,34.87415313720703,50.1784782409668,0.0,0.0,0.0,1.0,1.0,0.0,0.9641764760017395,,,,,,,,,,,,,,,,
1783990003.737,39832000,101,2,255,0,,,,,,,,,,,,,,,,,0.3499999940395355,-1.149999976158142,3.5485715866088867,2.715714454650879,3.5485715866088867,2.715714454650879,0.0,0.0,-0.18275557458400726,-0.02123221941292286,0.04375387728214264,1.0,0.0,0.0,0.0,0.0
1783990003.739,39859000,102,1,0,0,10.0,25.0,10.0,25.0,9.486262321472168,25.275081634521484,-0.2750813961029053,35.288307189941406,43.906166076660156,0.0,0.0,0.0,1.0,1.0,0.0,-1.0402439832687378,,,,,,,,,,,,,,,,
1783990003.770,39879000,103,1,1,0,10.0,25.0,10.0,25.0,8.827804565429688,25.26371192932129,-0.2637118101119995,39.64039611816406,47.669551849365234,0.0,0.0,0.0,1.0,1.0,0.0,1.1191377639770508,,,,,,,,,,,,,,,,
1783990003.786,39892000,104,1,2,0,10.0,25.0,10.0,25.0,8.740297317504883,25.01458740234375,-0.014588236808776855,46.46805953979492,46.83324432373047,0.0,0.0,0.0,1.0,1.0,0.0,-1.326066493988037,,,,,,,,,,,,,,,,
1783990003.803,39907000,105,1,3,0,10.0,25.0,10.0,25.0,8.77629566192627,25.505897521972656,-0.5058974027633667,34.95718765258789,50.1784782409668,0.0,0.0,0.0,1.0,1.0,0.0,0.9668555855751038,,,,,,,,,,,,,,,,
1783990003.826,39925000,106,2,255,0,,,,,,,,,,,,,,,,,0.3499999940395355,-1.149999976158142,3.5485715866088867,2.715714454650879,3.5485715866088867,2.715714454650879,0.0,0.0,-0.16811001300811768,-0.01715223491191864,0.04318268969655037,1.0,0.0,0.0,0.0,0.0
1783990003.850,39947000,107,1,0,0,10.0,25.0,10.0,25.0,9.489356994628906,25.27387809753418,-0.2738773822784424,35.5593376159668,43.906166076660156,0.0,0.0,0.0,1.0,1.0,0.0,-1.0496140718460083,,,,,,,,,,,,,,,,
1783990003.877,39973000,108,1,1,0,10.0,25.0,10.0,25.0,8.827183723449707,25.264915466308594,-0.2649158239364624,39.526702880859375,47.669551849365234,0.0,0.0,0.0,1.0,1.0,0.0,1.1156030893325806,,,,,,,,,,,,,,,,
1783990003.879,39999000,109,1,2,0,10.0,25.0,10.0,25.0,8.737595558166504,25.0150146484375,-0.015014410018920898,46.37303924560547,46.83324432373047,0.0,0.0,0.0,1.0,1.0,0.0,-1.322684645652771,,,,,,,,,,,,,,,,
1783990003.912,40020000,110,1,3,0,10.0,25.0,10.0,25.0,8.779157638549805,25.505477905273438,-0.5054771900177002,34.583194732666016,50.1784782409668,0.0,0.0,0.0,1.0,1.0,0.0,0.9546821117401123,,,,,,,,,,,,,,,,
1783990003.929,40034000,111,2,255,0,,,,,,,,,,,,,,,,,0.3499999940395355,-1.149999976158142,3.5485715866088867,2.715714454650879,3.5485715866088867,2.715714454650879,0.0,0.0,-0.18078701198101044,-0.001819944242015481,0.04367443174123764,1.0,0.0,0.0,0.0,0.0
1783990003.948,40051000,112,1,0,0,10.0,25.0,10.0,25.0,9.487773895263672,25.276935577392578,-0.2769351005554199,35.54794692993164,43.906166076660156,0.0,0.0,0.0,1.0,1.0,0.0,-1.0490778684616089,,,,,,,,,,,,,,,,
1783990003.971,40070000,113,1,1,0,10.0,25.0,10.0,25.0,8.829627990722656,25.26392936706543,-0.2639293670654297,39.44904708862305,47.669551849365234,0.0,0.0,0.0,1.0,1.0,0.0,1.1130315065383911,,,,,,,,,,,,,,,,
1783990003.996,40093000,114,1,2,0,10.0,25.0,10.0,25.0,8.74098014831543,25.014352798461914,-0.014352798461914062,46.32051086425781,46.83324432373047,0.0,0.0,0.0,1.0,1.0,0.0,-1.321684718132019,,,,,,,,,,,,,,,,
1783990004.023,40119000,115,1,3,0,10.0,25.0,10.0,25.0,8.781850814819336,25.504833221435547,-0.504833459854126,34.73773956298828,50.1784782409668,0.0,0.0,0.0,1.0,1.0,0.0,0.9606826901435852,,,,,,,,,,,,,,,,
1783990004.025,40145000,116,2,255,0,,,,,,,,,,,,,,,,,0.3499999940395355,-1.149999976158142,3.5485715866088867,2.715714454650879,3.5485715866088867,2.715714454650879,0.0,0.0,-0.17554059624671936,0.006084368098527193,0.04346674308180809,1.0,0.0,0.0,0.0,0.0
1783990004.057,40166000,117,1,0,0,10.0,25.0,10.0,25.0,9.492422103881836,25.275236129760742,-0.2752363681793213,35.59429168701172,43.906166076660156,0.0,0.0,0.0,1.0,1.0,0.0,-1.0506526231765747,,,,,,,,,,,,,,,,
1783990004.074,40180000,118,1,1,0,10.0,25.0,10.0,25.0,8.829869270324707,25.26346778869629,-0.2634674310684204,39.51844024658203,47.669551849365234,0.0,0.0,0.0,1.0,1.0,0.0,1.1154122352600098,,,,,,,,,,,,,,,,
1783990004.091,40195000,119,1,2,0,10.0,25.0,10.0,25.0,8.742814064025879,25.01319694519043,-0.013196468353271484,46.363006591796875,46.83324432373047,0.0,0.0,0.0,1.0,1.0,0.0,-1.3227306604385376,,,,,,,,,,,,,,,,
1783990004.115,40214000,120,1,3,0,10.0,25.0,10.0,25.0,8.782973289489746,25.506284713745117,-0.5062848329544067,34.570011138916016,50.1784782409668,0.0,0.0,0.0,1.0,1.0,0.0,0.9557147026062012,,,,,,,,,,,,,,,,
1783990004.140,40236000,121,2,255,0,,,,,,,,,,,,,,,,,0.3499999940395355,-1.149999976158142,3.5485715866088867,2.715714454650879,3.5485715866088867,2.715714454650879,0.0,0.0,-0.17603495717048645,-0.012162040919065475,0.043486062437295914,1.0,0.0,0.0,0.0,0.0
1783990004.141,40262000,122,1,0,0,10.0,25.0,10.0,25.0,9.490169525146484,25.278270721435547,-0.27827024459838867,35.497371673583984,43.906166076660156,0.0,0.0,0.0,1.0,1.0,0.0,-1.047651767730713,,,,,,,,,,,,,,,,
1783990004.174,40283000,123,1,1,0,10.0,25.0,10.0,25.0,8.831254005432129,25.262981414794922,-0.262981653213501,39.60121154785156,47.669551849365234,0.0,0.0,0.0,1.0,1.0,0.0,1.1181683540344238,,,,,,,,,,,,,,,,
1783990004.191,40296000,124,1,2,0,10.0,25.0,10.0,25.0,8.743202209472656,25.01353645324707,-0.013536214828491211,46.37960433959961,46.83324432373047,0.0,0.0,0.0,1.0,1.0,0.0,-1.3235691785812378,,,,,,,,,,,,,,,,
1783990004.209,40312000,125,1,3,0,10.0,25.0,10.0,25.0,8.783880233764648,25.504695892333984,-0.5046963691711426,34.75467300415039,50.1784782409668,0.0,0.0,0.0,1.0,1.0,0.0,0.9614647626876831,,,,,,,,,,,,,,,,
1783990004.232,40332000,126,2,255,0,,,,,,,,,,,,,,,,,0.3499999940395355,-1.149999976158142,3.5485715866088867,2.715714454650879,3.5485715866088867,2.715714454650879,0.0,0.0,-0.1838032305240631,-0.011511551216244698,0.04379649460315704,1.0,0.0,0.0,0.0,0.0
1783990004.258,40354000,127,1,0,0,10.0,25.0,10.0,25.0,9.493851661682129,25.277360916137695,-0.27736127376556396,35.417076110839844,43.906166076660156,0.0,0.0,0.0,1.0,1.0,0.0,-1.0454829931259155,,,,,,,,,,,,,,,,
1783990004.285,40380000,128,1,1,0,10.0,25.0,10.0,25.0,8.830811500549316,25.26274871826172,-0.26274919509887695,39.622711181640625,47.669551849365234,0.0,0.0,0.0,1.0,1.0,0.0,1.1188780069351196,,,,,,,,,,,,,,,,
1783990004.287,40407000,129,1,2,0,10.0,25.0,10.0,25.0,8.745136260986328,25.012428283691406,-0.012427568435668945,46.393646240234375,46.83324432373047,0.0,0.0,0.0,1.0,1.0,0.0,-1.323712944984436,,,,,,,,,,,,,,,,
1783990004.319,40428000,130,1,3,0,10.0,25.0,10.0,25.0,8.783872604370117,25.5070858001709,-0.5070865154266357,34.73406219482422,50.1784782409668,0.0,0.0,0.0,1.0,1.0,0.0,0.9611245393753052,,,,,,,,,,,,,,,,
1783990004.336,40441000,131,2,255,0,,,,,,,,,,,,,,,,,0.3499999940395355,-1.149999976158142,3.5485715866088867,2.715714454650879,3.5485715866088867,2.715714454650879,0.0,0.0,-0.17160174250602722,-0.022777292877435684,0.04331469535827637,1.0,0.0,0.0,0.0,0.0
1783990004.354,40458000,132,1,0,0,10.0,25.0,10.0,25.0,9.491918563842773,25.276365280151367,-0.27636587619781494,35.451568603515625,43.906166076660156,0.0,0.0,0.0,1.0,1.0,0.0,-1.0460935831069946,,,,,,,,,,,,,,,,
1783990004.377,40477000,133,1,1,0,10.0,25.0,10.0,25.0,8.830277442932129,25.263893127441406,-0.26389360427856445,39.6167106628418,47.669551849365234,0.0,0.0,0.0,1.0,1.0,0.0,1.1184875965118408,,,,,,,,,,,,,,,,
1783990004.401,40498000,134,1,2,0,10.0,25.0,10.0,25.0,8.741701126098633,25.014055252075195,-0.01405477523803711,46.35064697265625,46.83324432373047,0.0,0.0,0.0,1.0,1.0,0.0,-1.3222105503082275,,,,,,,,,,,,,,,,
1783990004.428,40523000,135,1,3,0,10.0,25.0,10.0,25.0,8.784158706665039,25.506431579589844,-0.5064308643341064,34.58330535888672,50.1784782409668,0.0,0.0,0.0,1.0,1.0,0.0,0.9564928412437439,,,,,,,,,,,,,,,,
1783990004.431,40550000,136,2,255,0,,,,,,,,,,,,,,,,,0.3499999940395355,-1.149999976158142,3.5485715866088867,2.715714454650879,3.5485715866088867,2.715714454650879,0.0,0.0,-0.17628996074199677,-0.01835392415523529,0.04349604994058609,1.0,0.0,0.0,0.0,0.0
1783990004.462,40570000,137,1,0,0,10.0,25.0,10.0,25.0,9.495113372802734,25.276073455810547,-0.2760738134384155,35.5161018371582,43.906166076660156,0.0,0.0,0.0,1.0,1.0,0.0,-1.0481817722320557,,,,,,,,,,,,,,,,
1783990004.476,40584000,138,1,1,0,10.0,25.0,10.0,25.0,8.830272674560547,25.263792037963867,-0.2637922763824463,39.60847091674805,47.669551849365234,0.0,0.0,0.0,1.0,1.0,0.0,1.1187868118286133,,,,,,,,,,,,,,,,
1783990004.493,40598000,139,1,2,0,10.0,25.0,10.0,25.0,8.744647979736328,25.012170791625977,-0.012171268463134766,46.6112174987793,46.83324432373047,0.0,0.0,0.0,1.0,1.0,0.0,-1.3312443494796753,,,,,,,,,,,,,,,,
1783990004.515,40615000,140,1,3,0,10.0,25.0,10.0,25.0,8.784782409667969,25.506681442260742,-0.5066812038421631,34.33636474609375,50.1784782409668,0.0,0.0,0.0,1.0,1.0,0.0,0.9479265213012695,,,,,,,,,,,,,,,,
1783990004.538,40636000,141,2,255,0,,,,,,,,,,,,,,,,,0.3499999940395355,-1.149999976158142,3.5485715866088867,2.715714454650879,3.5485715866088867,2.715714454650879,0.0,0.0,-0.16592366993427277,-0.016635486856102943,0.043101366609334946,1.0,0.0,0.0,0.0,0.0
1783990004.566,40661000,142,1,0,0,10.0,25.0,10.0,25.0,9.494384765625,25.276264190673828,-0.2762645483016968,35.458133697509766,43.906166076660156,0.0,0.0,0.0,1.0,1.0,0.0,-1.0464190244674683,,,,,,,,,,,,,,,,
1783990004.568,40688000,143,1,1,0,10.0,25.0,10.0,25.0,8.830775260925293,25.264137268066406,-0.26413798332214355,39.66643524169922,47.669551849365234,0.0,0.0,0.0,1.0,1.0,0.0,1.1200412511825562,,,,,,,,,,,,,,,,
1783990004.599,40709000,144,1,2,0,10.0,25.0,10.0,25.0,8.741339683532715,25.013750076293945,-0.013750791549682617,46.22002410888672,46.83324432373047,0.0,0.0,0.0,1.0,1.0,0.0,-1.3178281784057617,,,,,,,,,,,,,,,,
1783990004.616,40722000,145,1,3,0,10.0,25.0,10.0,25.0,8.785661697387695,25.505027770996094,-0.505027174949646,34.53118896484375,50.1784782409668,0.0,0.0,0.0,1.0,1.0,0.0,0.9543598294258118,,,,,,,,,,,,,,,,
1783990004.633,40737000,146,2,255,0,,,,,,,,,,,,,,,,,0.3499999940395355,-1.149999976158142,3.5485715866088867,2.715714454650879,3.5485715866088867,2.715714454650879,0.0,0.0,-0.1868245154619217,-0.013022608123719692,0.04392071068286896,1.0,0.0,0.0,0.0,0.0
1783990004.655,40755000,147,1,0,0,10.0,25.0,10.0,25.0,9.492714881896973,25.277402877807617,-0.27740299701690674,35.38553237915039,43.906166076660156,0.0,0.0,0.0,1.0,1.0,0.0,-1.0439088344573975,,,,,,,,,,,,,,,,
1783990004.677,40776000,148,1,1,0,10.0,25.0,10.0,25.0,8.831235885620117,25.263032913208008,-0.26303231716156006,39.80113220214844,47.669551849365234,0.0,0.0,0.0,1.0,1.0,0.0,1.1245566606521606,,,,,,,,,,,,,,,,
1783990004.704,40800000,149,1,2,0,10.0,25.0,10.0,25.0,8.746676445007324,25.011842727661133,-0.011843442916870117,46.383514404296875,46.83324432373047,0.0,0.0,0.0,1.0,1.0,0.0,-1.3231580257415771,,,,,,,,,,,,,,,,
1783990004.705,40827000,150,1,3,0,10.0,25.0,10.0,25.0,8.785713195800781,25.5059871673584,-0.5059868097305298,34.71299743652344,50.1784782409668,0.0,0.0,0.0,1.0,1.0,0.0,0.9602768421173096,,,,,,,,,,,,,,,,
1783990004.742,40849000,151,2,255,0,,,,,,,,,,,,,,,,,0.3499999940395355,-1.149999976158142,3.5485715866088867,2.715714454650879,3.5485715866088867,2.715714454650879,0.0,0.0,-0.17362642288208008,-0.016283351927995682,0.04339243844151497,1.0,0.0,0.0,0.0,0.0
1783990004.761,40864000,152,1,0,0,10.0,25.0,10.0,25.0,9.496415138244629,25.27458953857422,-0.2745896577835083,35.622737884521484,43.906166076660156,0.0,0.0,0.0,1.0,1.0,0.0,-1.0520434379577637,,,,,,,,,,,,,,,,
1783990004.779,40882000,153,1,1,0,10.0,25.0,10.0,25.0,8.8299560546875,25.264423370361328,-0.26442408561706543,39.713741302490234,47.669551849365234,0.0,0.0,0.0,1.0,1.0,0.0,1.121593713760376,,,,,,,,,,,,,,,,
1783990004.802,40902000,154,1,2,0,10.0,25.0,10.0,25.0,8.743692398071289,25.012928009033203,-0.012928247451782227,46.37211990356445,46.83324432373047,0.0,0.0,0.0,1.0,1.0,0.0,-1.3229687213897705,,,,,,,,,,,,,,,,
1783990004.829,40925000,155,1,3,0,10.0,25.0,10.0,25.0,8.785103797912598,25.50714874267578,-0.5071491003036499,34.7050895690918,50.1784782409668,0.0,0.0,0.0,1.0,1.0,0.0,0.9601903557777405,,,,,,,,,,,,,,,,
1783990004.830,40951000,156,2,255,0,,,,,,,,,,,,,,,,,0.3499999940395355,-1.149999976158142,3.5485715866088867,2.715714454650879,3.5485715866088867,2.715714454650879,0.0,0.0,-0.1766553670167923,-0.017554018646478653,0.04351038113236427,1.0,0.0,0.0,0.0,0.0
1783990004.862,40972000,157,1,0,0,10.0,25.0,10.0,25.0,9.494771957397461,25.27663803100586,-0.27663707733154297,35.506439208984375,43.906166076660156,0.0,0.0,0.0,1.0,1.0,0.0,-1.0481786727905273,,,,,,,,,,,,,,,,
1783990004.877,40984000,158,1,1,0,10.0,25.0,10.0,25.0,8.83103084564209,25.26353645324707,-0.2635359764099121,39.58779525756836,47.669551849365234,0.0,0.0,0.0,1.0,1.0,0.0,1.117824912071228,,,,,,,,,,,,,,,,
1783990004.894,40999000,159,1,2,0,10.0,25.0,10.0,25.0,8.745067596435547,25.012451171875,-0.012451410293579102,46.30632781982422,46.83324432373047,0.0,0.0,0.0,1.0,1.0,0.0,-1.3215506076812744,,,,,,,,,,,,,,,,
1783990004.916,41016000,160,1,3,0,10.0,25.0,10.0,25.0,8.784265518188477,25.50874137878418,-0.5087405443191528,34.688232421875,50.1784782409668,0.0,0.0,0.0,1.0,1.0,0.0,0.9594686627388,,,,,,,,,,,,,,,,
1783990004.939,41037000,161,2,255,0,,,,,,,,,,,,,,,,,0.3499999940395355,-1.149999976158142,3.5485715866088867,2.715714454650879,3.5485715866088867,2.715714454650879,0.0,0.0,-0.17385311424732208,-0.013979600742459297,0.04340119659900665,1.0,0.0,0.0,0.0,0.0
1783990004.967,41062000,162,1,0,0,10.0,25.0,10.0,25.0,9.499025344848633,25.27446746826172,-0.27446746826171875,35.36845397949219,43.906166076660156,0.0,0.0,0.0,1.0,1.0,0.0,-1.0440846681594849,,,,,,,,,,,,,,,,
1783990004.971,41089000,163,1,1,0,10.0,25.0,10.0,25.0,8.830280303955078,25.263790130615234,-0.2637892961502075,39.60735321044922,47.669551849365234,0.0,0.0,0.0,1.0,1.0,0.0,1.118586778640747,,,,,,,,,,,,,,,,
1783990005.001,41110000,164,1,2,0,10.0,25.0,10.0,25.0,8.745648384094238,25.011306762695312,-0.011307001113891602,46.62676239013672,46.83324432373047,0.0,0.0,0.0,1.0,1.0,0.0,-1.331385850906372,,,,,,,,,,,,,,,,
1783990005.018,41123000,165,1,3,0,10.0,25.0,10.0,25.0,8.786006927490234,25.506866455078125,-0.5068659782409668,34.31968307495117,50.1784782409668,0.0,0.0,0.0,1.0,1.0,0.0,0.9473024010658264,,,,,,,,,,,,,,,,
1783990005.037,41140000,166,2,255,0,,,,,,,,,,,,,,,,,0.3499999940395355,-1.149999976158142,3.5485715866088867,2.715714454650879,3.5485715866088867,2.715714454650879,0.0,0.0,-0.1654120832681656,-0.024654898792505264,0.04308248683810234,1.0,0.0,0.0,0.0,0.0
1783990005.061,41159000,167,1,0,0,10.0,25.0,10.0,25.0,9.495125770568848,25.276023864746094,-0.27602314949035645,35.44797134399414,43.906166076660156,0.0,0.0,0.0,1.0,1.0,0.0,-1.0462502241134644,,,,,,,,,,,,,,,,
1783990005.085,41183000,168,1,1,0,10.0,25.0,10.0,25.0,8.831818580627441,25.26334571838379,-0.26334524154663086,39.7876091003418,47.669551849365234,0.0,0.0,0.0,1.0,1.0,0.0,1.1239628791809082,,,,,,,,,,,,,,,,
1783990005.112,41208000,169,1,2,0,10.0,25.0,10.0,25.0,8.744768142700195,25.013029098510742,-0.01302957534790039,46.48069763183594,46.83324432373047,0.0,0.0,0.0,1.0,1.0,0.0,-1.3265492916107178,,,,,,,,,,,,,,,,
1783990005.115,41235000,170,1,3,0,10.0,25.0,10.0,25.0,8.786192893981934,25.506290435791016,-0.5062907934188843,34.6630973815918,50.1784782409668,0.0,0.0,0.0,1.0,1.0,0.0,0.9583317637443542,,,,,,,,,,,,,,,,
1783990005.149,41257000,171,2,255,0,,,,,,,,,,,,,,,,,0.3499999940395355,-1.149999976158142,3.5485715866088867,2.715714454650879,3.5485715866088867,2.715714454650879,0.0,0.0,-0.1672145128250122,-0.012869291938841343,0.043149255216121674,1.0,0.0,0.0,0.0,0.0
1783990005.167,41271000,172,1,0,0,10.0,25.0,10.0,25.0,9.49768352508545,25.276052474975586,-0.27605295181274414,35.56765365600586,43.906166076660156,0.0,0.0,0.0,1.0,1.0,0.0,-1.0503604412078857,,,,,,,,,,,,,,,,
1783990005.186,41289000,173,1,1,0,10.0,25.0,10.0,25.0,8.832023620605469,25.26271629333496,-0.2627164125442505,39.68027877807617,47.669551849365234,0.0,0.0,0.0,1.0,1.0,0.0,1.1211390495300293,,,,,,,,,,,,,,,,
1783990005.209,41309000,174,1,2,0,10.0,25.0,10.0,25.0,8.749893188476562,25.010284423828125,-0.010284781455993652,46.40837097167969,46.83324432373047,0.0,0.0,0.0,1.0,1.0,0.0,-1.3248339891433716,,,,,,,,,,,,,,,,
1783990005.234,41331000,175,1,3,0,10.0,25.0,10.0,25.0,8.787617683410645,25.507164001464844,-0.5071640014648438,34.64891052246094,50.1784782409668,0.0,0.0,0.0,1.0,1.0,0.0,0.9586196541786194,,,,,,,,,,,,,,,,
1783990005.262,41357000,176,2,255,0,,,,,,,,,,,,,,,,,0.3499999940395355,-1.149999976158142,3.5485715866088867,2.715714454650879,3.5485715866088867,2.715714454650879,0.0,0.0,-0.15875692665576935,-0.015286790207028389,0.04284201189875603,1.0,0.0,0.0,0.0,0.0
1783990005.264,41384000,177,1,0,0,10.0,25.0,10.0,25.0,9.495908737182617,25.275737762451172,-0.27573704719543457,35.525474548339844,43.906166076660156,0.0,0.0,0.0,1.0,1.0,0.0,-1.0488216876983643,,,,,,,,,,,,,,,,
1783990005.300,41407000,178,1,1,0,10.0,25.0,10.0,25.0,8.832172393798828,25.263647079467773,-0.2636462450027466,39.52321243286133,47.669551849365234,0.0,0.0,0.0,1.0,1.0,0.0,1.1157498359680176,,,,,,,,,,,,,,,,
1783990005.301,41422000,179,1,2,0,10.0,25.0,10.0,25.0,8.74467658996582,25.012102127075195,-0.012102723121643066,46.3116340637207,46.83324432373047,0.0,0.0,0.0,1.0,1.0,0.0,-1.3212448358535767,,,,,,,,,,,,,,,,
1783990005.340,41440000,180,1,3,0,10.0,25.0,10.0,25.0,8.786873817443848,25.50737190246582,-0.5073726177215576,34.5327262878418,50.1784782409668,0.0,0.0,0.0,1.0,1.0,0.0,0.9549406170845032,,,,,,,,,,,,,,,,
1783990005.364,41462000,181,2,255,0,,,,,,,,,,,,,,,,,0.3499999940395355,-1.149999976158142,3.5485715866088867,2.715714454650879,3.5485715866088867,2.715714454650879,0.0,0.0,-0.17781226336956024,-0.013369612395763397,0.04355594888329506,1.0,0.0,0.0,0.0,0.0
1783990005.391,41487000,182,1,0,0,10.0,25.0,10.0,25.0,9.498892784118652,25.27598762512207,-0.2759873867034912,35.477439880371094,43.906166076660156,0.0,0.0,0.0,1.0,1.0,0.0,-1.047313928604126,,,,,,,,,,,,,,,,
1783990005.394,41514000,183,1,1,0,10.0,25.0,10.0,25.0,8.832167625427246,25.262662887573242,-0.26266276836395264,39.61227035522461,47.669551849365234,0.0,0.0,0.0,1.0,1.0,0.0,1.1186140775680542,,,,,,,,,,,,,,,,
1783990005.428,41535000,184,1,2,0,10.0,25.0,10.0,25.0,8.748701095581055,25.010181427001953,-0.010180473327636719,46.54977798461914,46.83324432373047,0.0,0.0,0.0,1.0,1.0,0.0,-1.3293818235397339,,,,,,,,,,,,,,,,
1783990005.445,41550000,185,1,3,0,10.0,25.0,10.0,25.0,8.787609100341797,25.507080078125,-0.5070805549621582,34.66929626464844,50.1784782409668,0.0,0.0,0.0,1.0,1.0,0.0,0.9593788981437683,,,,,,,,,,,,,,,,
1783990005.465,41567000,186,2,255,0,,,,,,,,,,,,,,,,,0.3499999940395355,-1.149999976158142,3.5485715866088867,2.715714454650879,3.5485715866088867,2.715714454650879,0.0,0.0,-0.1641603708267212,-0.012282222509384155,0.043036531656980515,1.0,0.0,0.0,0.0,0.0
1783990005.488,41587000,187,1,0,0,10.0,25.0,10.0,25.0,9.496379852294922,25.276023864746094,-0.27602314949035645,35.540287017822266,43.906166076660156,0.0,0.0,0.0,1.0,1.0,0.0,-1.049352765083313,,,,,,,,,,,,,,,,
1783990005.514,41610000,188,1,1,0,10.0,25.0,10.0,25.0,8.832886695861816,25.263362884521484,-0.2633631229400635,39.624427795410156,47.669551849365234,0.0,0.0,0.0,1.0,1.0,0.0,1.1193559169769287,,,,,,,,,,,,,,,,
1783990005.516,41637000,189,1,2,0,10.0,25.0,10.0,25.0,8.745634078979492,25.012296676635742,-0.012296438217163086,46.55512237548828,46.83324432373047,0.0,0.0,0.0,1.0,1.0,0.0,-1.3293969631195068,,,,,,,,,,,,,,,,
1783990005.550,41658000,190,1,3,0,10.0,25.0,10.0,25.0,8.786395072937012,25.508058547973633,-0.5080580711364746,34.801536560058594,50.1784782409668,0.0,0.0,0.0,1.0,1.0,0.0,0.964098334312439,,,,,,,,,,,,,,,,
1783990005.566,41672000,191,2,255,0,,,,,,,,,,,,,,,,,0.3499999940395355,-1.149999976158142,3.5485715866088867,2.715714454650879,3.5485715866088867,2.715714454650879,0.0,0.0,-0.1728741079568863,0.001846736646257341,0.04336344823241234,1.0,0.0,0.0,0.0,0.0
1783990005.583,41688000,192,1,0,0,10.0,25.0,10.0,25.0,9.496626853942871,25.276803970336914,-0.27680397033691406,35.404518127441406,43.906166076660156,0.0,0.0,0.0,1.0,1.0,0.0,-1.0452072620391846,,,,,,,,,,,,,,,,
1783990005.605,41706000,193,1,1,0,10.0,25.0,10.0,25.0,8.831962585449219,25.262826919555664,-0.26282668113708496,39.83774948120117,47.669551849365234,0.0,0.0,0.0,1.0,1.0,0.0,1.1259685754776,,,,,,,,,,,,,,,,
1783990005.629,41727000,194,1,2,0,10.0,25.0,10.0,25.0,8.748478889465332,25.011735916137695,-0.011736154556274414,46.46247863769531,46.83324432373047,0.0,0.0,0.0,1.0,1.0,0.0,-1.3266390562057495,,,,,,,,,,,,,,,,
1783990005.656,41751000,195,1,3,0,10.0,25.0,10.0,25.0,8.785839080810547,25.508249282836914,-0.5082488059997559,34.71060562133789,50.1784782409668,0.0,0.0,0.0,1.0,1.0,0.0,0.960639476776123,,,,,,,,,,,,,,,,
1783990005.658,41779000,196,2,255,0,,,,,,,,,,,,,,,,,0.3499999940395355,-1.149999976158142,3.5485715866088867,2.715714454650879,3.5485715866088867,2.715714454650879,0.0,0.0,-0.161241352558136,0.006089482922106981,0.042930666357278824,1.0,0.0,0.0,0.0,0.0
1783990005.692,41800000,197,1,0,0,10.0,25.0,10.0,25.0,9.497260093688965,25.276643753051758,-0.2766430377960205,35.4030647277832,43.906166076660156,0.0,0.0,0.0,1.0,1.0,0.0,-1.0451334714889526,,,,,,,,,,,,,,,,
1783990005.710,41814000,198,1,1,0,10.0,25.0,10.0,25.0,8.832513809204102,25.26395606994629,-0.2639561891555786,39.40851593017578,47.669551849365234,0.0,0.0,0.0,1.0,1.0,0.0,1.112725019454956,,,,,,,,,,,,,,,,
1783990005.728,41831000,199,1,2,0,10.0,25.0,10.0,25.0,8.742562294006348,25.01380729675293,-0.013807415962219238,46.651832580566406,46.83324432373047,0.0,0.0,0.0,1.0,1.0,0.0,-1.333009958267212,,,,,,,,,,,,,,,,
1783990005.751,41851000,200,1,3,0,10.0,25.0,10.0,25.0,8.785046577453613,25.509511947631836,-0.5095124244689941,34.85348892211914,50.1784782409668,0.0,0.0,0.0,1.0,1.0,0.0,0.965858519077301,,,,,,,,,,,,,,,,
1783990005.777,41873000,201,2,255,0,,,,,,,,,,,,,,,,,0.3499999940395355,-1.149999976158142,3.5485715866088867,2.715714454650879,3.5485715866088867,2.715714454650879,0.0,0.0,-0.15837737917900085,0.0023718648590147495,0.04282858595252037,1.0,0.0,0.0,0.0,0.0
1783990005.778,41899000,202,1,0,0,10.0,25.0,10.0,25.0,9.495072364807129,25.27751350402832,-0.2775132656097412,35.47300720214844,43.906166076660156,0.0,0.0,0.0,1.0,1.0,0.0,-1.0470521450042725,,,,,,,,,,,,,,,,
1783990005.812,41920000,203,1,1,0,10.0,25.0,10.0,25.0,8.83173942565918,25.263368606567383,-0.263369083404541,39.59455871582031,47.669551849365234,0.0,0.0,0.0,1.0,1.0,0.0,1.1184418201446533,,,,,,,,,,,,,,,,
1783990005.830,41934000,204,1,2,0,10.0,25.0,10.0,25.0,8.747316360473633,25.01166534423828,-0.011664628982543945,46.52605438232422,46.83324432373047,0.0,0.0,0.0,1.0,1.0,0.0,-1.328782320022583,,,,,,,,,,,,,,,,
1783990005.850,41952000,205,1,3,0,10.0,25.0,10.0,25.0,8.78341293334961,25.510459899902344,-0.5104601383209229,34.984134674072266,50.1784782409668,0.0,0.0,0.0,1.0,1.0,0.0,0.9691384434700012,,,,,,,,,,,,,,,,
1783990005.873,41972000,206,2,255,0,,,,,,,,,,,,,,,,,0.3499999940395355,-1.149999976158142,3.5485715866088867,2.715714454650879,3.5485715866088867,2.715714454650879,0.0,0.0,-0.1422668844461441,0.008597993291914463,0.04228740185499191,1.0,0.0,0.0,0.0,0.0
1783990005.900,41996000,207,1,0,0,10.0,25.0,10.0,25.0,9.497358322143555,25.27657127380371,-0.27657151222229004,35.52613830566406,43.906166076660156,0.0,0.0,0.0,1.0,1.0,0.0,-1.0492570400238037,,,,,,,,,,,,,,,,
1783990005.901,42022000,208,1,1,0,10.0,25.0,10.0,25.0,8.830607414245605,25.264245986938477,-0.26424527168273926,39.696346282958984,47.669551849365234,0.0,0.0,0.0,1.0,1.0,0.0,1.121401071548462,,,,,,,,,,,,,,,,
1783990005.935,42043000,209,1,2,0,10.0,25.0,10.0,25.0,8.743180274963379,25.012588500976562,-0.0125885009765625,46.4928092956543,46.83324432373047,0.0,0.0,0.0,1.0,1.0,0.0,-1.3270421028137207,,,,,,,,,,,,,,,,
1783990005.956,42057000,210,1,3,0,10.0,25.0,10.0,25.0,8.7850980758667,25.51180076599121,-0.5118012428283691,34.7555046081543,50.1784782409668,0.0,0.0,0.0,1.0,1.0,0.0,0.9618188142776489,,,,,,,,,,,,,,,,
1783990005.972,42074000,211,2,255,0,,,,,,,,,,,,,,,,,0.3499999940395355,-1.149999976158142,3.5485715866088867,2.715714454650879,3.5485715866088867,2.715714454650879,0.0,0.0,-0.1428454965353012,0.0037257028743624687,0.04230586439371109,1.0,0.0,0.0,0.0,0.0
1783990005.994,42093000,212,1,0,0,10.0,25.0,10.0,25.0,9.493721961975098,25.278871536254883,-0.2788722515106201,35.498382568359375,43.906166076660156,0.0,0.0,0.0,1.0,1.0,0.0,-1.0478473901748657,,,,,,,,,,,,,,,,
1783990006.019,42116000,213,1,1,0,10.0,25.0,10.0,25.0,8.831145286560059,25.264528274536133,-0.26452839374542236,39.61864471435547,47.669551849365234,0.0,0.0,0.0,1.0,1.0,0.0,1.1186237335205078,,,,,,,,,,,,,,,,
1783990006.020,42142000,214,1,2,0,10.0,25.0,10.0,25.0,8.745033264160156,25.012508392333984,-0.012508034706115723,46.495609283447266,46.83324432373047,0.0,0.0,0.0,1.0,1.0,0.0,-1.3272883892059326,,,,,,,,,,,,,,,,
1783990006.055,42163000,215,1,3,0,10.0,25.0,10.0,25.0,8.784982681274414,25.510948181152344,-0.510948896408081,34.75867462158203,50.1784782409668,0.0,0.0,0.0,1.0,1.0,0.0,0.9618889093399048,,,,,,,,,,,,,,,,
1783990006.071,42177000,216,2,255,0,,,,,,,,,,,,,,,,,0.3499999940395355,-1.149999976158142,3.5485715866088867,2.715714454650879,3.5485715866088867,2.715714454650879,0.0,0.0,-0.14580616354942322,0.01276194117963314,0.042401473969221115,1.0,0.0,0.0,0.0,0.0
1783990006.089,42192000,217,1,0,0,10.0,25.0,10.0,25.0,9.498937606811523,25.27600860595703,-0.2760082483291626,35.59820556640625,43.906166076660156,0.0,0.0,0.0,1.0,1.0,0.0,-1.051642894744873,,,,,,,,,,,,,,,,
1783990006.111,42211000,218,1,1,0,10.0,25.0,10.0,25.0,8.832140922546387,25.263708114624023,-0.26370882987976074,39.59312057495117,47.669551849365234,0.0,0.0,0.0,1.0,1.0,0.0,1.1180230379104614,,,,,,,,,,,,,,,,
1783990006.135,42232000,219,1,2,0,10.0,25.0,10.0,25.0,8.747859001159668,25.010520935058594,-0.010520219802856445,46.501766204833984,46.83324432373047,0.0,0.0,0.0,1.0,1.0,0.0,-1.3278142213821411,,,,,,,,,,,,,,,,
1783990006.163,42257000,220,1,3,0,10.0,25.0,10.0,25.0,8.787508010864258,25.5096492767334,-0.5096495151519775,34.730403900146484,50.1784782409668,0.0,0.0,0.0,1.0,1.0,0.0,0.9612217545509338,,,,,,,,,,,,,,,,
1783990006.165,42285000,221,2,255,0,,,,,,,,,,,,,,,,,0.3499999940395355,-1.149999976158142,3.5485715866088867,2.715714454650879,3.5485715866088867,2.715714454650879,0.0,0.0,-0.14108483493328094,0.0070399995893239975,0.04224991053342819,1.0,0.0,0.0,0.0,0.0
1783990006.198,42306000,222,1,0,0,10.0,25.0,10.0,25.0,9.495280265808105,25.278249740600586,-0.2782493829727173,35.43419647216797,43.906166076660156,0.0,0.0,0.0,1.0,1.0,0.0,-1.046091079711914,,,,,,,,,,,,,,,,
1783990006.216,42320000,223,1,1,0,10.0,25.0,10.0,25.0,8.831012725830078,25.264909744262695,-0.26490986347198486,39.46641540527344,47.669551849365234,0.0,0.0,0.0,1.0,1.0,0.0,1.1138851642608643,,,,,,,,,,,,,,,,
1783990006.235,42338000,224,1,2,0,10.0,25.0,10.0,25.0,8.743362426757812,25.013477325439453,-0.01347661018371582,46.378360748291016,46.83324432373047,0.0,0.0,0.0,1.0,1.0,0.0,-1.323228359222412,,,,,,,,,,,,,,,,
1783990006.260,42358000,225,1,3,0,10.0,25.0,10.0,25.0,8.786258697509766,25.510921478271484,-0.5109220743179321,34.71837615966797,50.1784782409668,0.0,0.0,0.0,1.0,1.0,0.0,0.9602763652801514,,,,,,,,,,,,,,,,
1783990006.286,42382000,226,2,255,0,,,,,,,,,,,,,,,,,0.3499999940395355,-1.149999976158142,3.5485715866088867,2.715714454650879,3.5485715866088867,2.715714454650879,0.0,0.0,-0.15907138586044312,0.004625766538083553,0.042853161692619324,1.0,0.0,0.0,0.0,0.0
1783990006.288,42409000,227,1,0,0,10.0,25.0,10.0,25.0,9.498526573181152,25.276601791381836,-0.27660131454467773,35.52080154418945,43.906166076660156,0.0,0.0,0.0,1.0,1.0,0.0,-1.0495842695236206,,,,,,,,,,,,,,,,
1783990006.322,42430000,228,1,1,0,10.0,25.0,10.0,25.0,8.831975936889648,25.264144897460938,-0.2641439437866211,39.577674865722656,47.669551849365234,0.0,0.0,0.0,1.0,1.0,0.0,1.1173988580703735,,,,,,,,,,,,,,,,
1783990006.340,42444000,229,1,2,0,10.0,25.0,10.0,25.0,8.745902061462402,25.01215934753418,-0.012159347534179688,46.50105667114258,46.83324432373047,0.0,0.0,0.0,1.0,1.0,0.0,-1.3276054859161377,,,,,,,,,,,,,,,,
1783990006.358,42462000,230,1,3,0,10.0,25.0,10.0,25.0,8.786230087280273,25.510988235473633,-0.5109876394271851,34.86915588378906,50.1784782409668,0.0,0.0,0.0,1.0,1.0,0.0,0.9650159478187561,,,,,,,,,,,,,,,,
1783990006.381,42481000,231,2,255,0,,,,,,,,,,,,,,,,,0.3499999940395355,-1.149999976158142,3.5485715866088867,2.715714454650879,3.5485715866088867,2.715714454650879,0.0,0.0,-0.1414932757616043,0.0002545814495533705,0.042262833565473557,1.0,0.0,0.0,0.0,0.0
1783990006.405,42502000,232,1,0,0,10.0,25.0,10.0,25.0,9.49569034576416,25.277189254760742,-0.27718842029571533,35.49659729003906,43.906166076660156,0.0,0.0,0.0,1.0,1.0,0.0,-1.048315405845642,,,,,,,,,,,,,,,,
1783990006.431,42527000,233,1,1,0,10.0,25.0,10.0,25.0,8.832259178161621,25.26456642150879,-0.26456713676452637,39.654212951660156,47.669551849365234,0.0,0.0,0.0,1.0,1.0,0.0,1.1201684474945068,,,,,,,,,,,,,,,,
1783990006.433,42554000,234,1,2,0,10.0,25.0,10.0,25.0,8.742037773132324,25.013511657714844,-0.013512372970581055,46.45927047729492,46.83324432373047,0.0,0.0,0.0,1.0,1.0,0.0,-1.3257601261138916,,,,,,,,,,,,,,,,
1783990006.467,42576000,235,1,3,0,10.0,25.0,10.0,25.0,8.785236358642578,25.511783599853516,-0.5117833614349365,34.6148681640625,50.1784782409668,0.0,0.0,0.0,1.0,1.0,0.0,0.9571977853775024,,,,,,,,,,,,,,,,
1783990006.484,42589000,236,2,255,0,,,,,,,,,,,,,,,,,0.3499999940395355,-1.149999976158142,3.5485715866088867,2.715714454650879,3.5485715866088867,2.715714454650879,0.0,0.0,-0.15855470299720764,0.00643177330493927,0.04283485561609268,1.0,0.0,0.0,0.0,0.0
1783990006.503,42606000,237,1,0,0,10.0,25.0,10.0,25.0,9.49839973449707,25.2767333984375,-0.2767324447631836,35.54425048828125,43.906166076660156,0.0,0.0,0.0,1.0,1.0,0.0,-1.0502208471298218,,,,,,,,,,,,,,,,
1783990006.526,42626000,238,1,1,0,10.0,25.0,10.0,25.0,8.830450057983398,25.264766693115234,-0.2647668123245239,39.81169891357422,47.669551849365234,0.0,0.0,0.0,1.0,1.0,0.0,1.1245440244674683,,,,,,,,,,,,,,,,
1783990006.554,42649000,239,1,2,0,10.0,25.0,10.0,25.0,8.748039245605469,25.011371612548828,-0.011372566223144531,46.54633712768555,46.83324432373047,0.0,0.0,0.0,1.0,1.0,0.0,-1.3290910720825195,,,,,,,,,,,,,,,,
1783990006.555,42676000,240,1,3,0,10.0,25.0,10.0,25.0,8.786935806274414,25.510740280151367,-0.5107402801513672,34.684364318847656,50.1784782409668,0.0,0.0,0.0,1.0,1.0,0.0,0.959745466709137,,,,,,,,,,,,,,,,
1783990006.589,42697000,241,2,255,0,,,,,,,,,,,,,,,,,0.3499999940395355,-1.149999976158142,3.5485715866088867,2.715714454650879,3.5485715866088867,2.715714454650879,0.0,0.0,-0.14655110239982605,0.004834720864892006,0.04242582991719246,1.0,0.0,0.0,0.0,0.0
1783990006.608,42712000,242,1,0,0,10.0,25.0,10.0,25.0,9.497647285461426,25.275976181030273,-0.27597546577453613,35.45124435424805,43.906166076660156,0.0,0.0,0.0,1.0,1.0,0.0,-1.046770453453064,,,,,,,,,,,,,,,,
1783990006.627,42729000,243,1,1,0,10.0,25.0,10.0,25.0,8.83153247833252,25.26487159729004,-0.26487112045288086,39.701438903808594,47.669551849365234,0.0,0.0,0.0,1.0,1.0,0.0,1.1213520765304565,,,,,,,,,,,,,,,,
1783990006.652,42750000,244,1,2,0,10.0,25.0,10.0,25.0,8.74416446685791,25.012758255004883,-0.012758374214172363,46.384761810302734,46.83324432373047,0.0,0.0,0.0,1.0,1.0,0.0,-1.323891282081604,,,,,,,,,,,,,,,,
1783990006.679,42774000,245,1,3,0,10.0,25.0,10.0,25.0,8.786215782165527,25.511016845703125,-0.5110174417495728,34.56956481933594,50.1784782409668,0.0,0.0,0.0,1.0,1.0,0.0,0.9554900527000427,,,,,,,,,,,,,,,,
1783990006.682,42801000,246,2,255,0,,,,,,,,,,,,,,,,,0.3499999940395355,-1.149999976158142,3.5485715866088867,2.715714454650879,3.5485715866088867,2.715714454650879,0.0,0.0,-0.157761812210083,0.009853357449173927,0.042806874960660934,1.0,0.0,0.0,0.0,0.0
1783990006.713,42822000,247,1,0,0,10.0,25.0,10.0,25.0,9.497511863708496,25.276172637939453,-0.2761721611022949,35.433963775634766,43.906166076660156,0.0,0.0,0.0,1.0,1.0,0.0,-1.0460009574890137,,,,,,,,,,,,,,,,
1783990006.731,42836000,248,1,1,0,10.0,25.0,10.0,25.0,8.832901954650879,25.263446807861328,-0.263446569442749,39.71058654785156,47.669551849365234,0.0,0.0,0.0,1.0,1.0,0.0,1.1218117475509644,,,,,,,,,,,,,,,,
1783990006.750,42852000,249,1,2,0,10.0,25.0,10.0,25.0,8.748672485351562,25.01024055480957,-0.01024007797241211,46.585296630859375,46.83324432373047,0.0,0.0,0.0,1.0,1.0,0.0,-1.3306472301483154,,,,,,,,,,,,,,,,
1783990006.772,42872000,250,1,3,0,10.0,25.0,10.0,25.0,8.788385391235352,25.509294509887695,-0.509294867515564,34.644126892089844,50.1784782409668,0.0,0.0,0.0,1.0,1.0,0.0,0.9584410190582275,,,,,,,,,,,,,,,,
1783990006.798,42895000,251,2,255,0,,,,,,,,,,,,,,,,,0.3499999940395355,-1.149999976158142,3.5485715866088867,2.715714454650879,3.5485715866088867,2.715714454650879,0.0,0.0,-0.14839157462120056,0.026324592530727386,0.0424865186214447,1.0,0.0,0.0,0.0,0.0
1783990006.800,42921000,252,1,0,0,10.0,25.0,10.0,25.0,9.49917221069336,25.275543212890625,-0.27554333209991455,35.541656494140625,43.906166076660156,0.0,0.0,0.0,1.0,1.0,0.0,-1.0494705438613892,,,,,,,,,,,,,,,,
1783990006.835,42942000,253,1,1,0,10.0,25.0,10.0,25.0,8.832443237304688,25.264453887939453,-0.2644538879394531,39.463687896728516,47.669551849365234,0.0,0.0,0.0,1.0,1.0,0.0,1.1139428615570068,,,,,,,,,,,,,,,,
1783990006.853,42957000,254,1,2,0,10.0,25.0,10.0,25.0,8.743657112121582,25.012897491455078,-0.012898445129394531,46.67401885986328,46.83324432373047,0.0,0.0,0.0,1.0,1.0,0.0,-1.3320927619934082,,,,,,,,,,,,,,,,
1783990006.871,42975000,255,1,3,0,10.0,25.0,10.0,25.0,8.785656929016113,25.51216697692871,-0.5121678113937378,35.07753372192383,50.1784782409668,0.0,0.0,0.0,1.0,1.0,0.0,0.9719286561012268,,,,,,,,,,,,,,,,
1783990006.893,42994000,0,2,255,0,,,,,,,,,,,,,,,,,0.3499999940395355,-1.149999976158142,3.5485715866088867,2.715714454650879,3.5485715866088867,2.715714454650879,0.0,0.0,-0.14856365323066711,0.02280932106077671,0.04249223321676254,1.0,0.0,0.0,0.0,0.0
1783990006.915,43015000,1,1,0,0,10.0,25.0,10.0,25.0,9.49506950378418,25.277423858642578,-0.2774238586425781,35.355308532714844,43.906166076660156,0.0,0.0,0.0,1.0,1.0,0.0,-1.0430948734283447,,,,,,,,,,,,,,,,
1783990006.942,43038000,2,1,1,0,10.0,25.0,10.0,25.0,8.831174850463867,25.265806198120117,-0.2658069133758545,39.15201187133789,47.669551849365234,0.0,0.0,0.0,1.0,1.0,0.0,1.103826642036438,,,,,,,,,,,,,,,,
1783990006.944,43065000,3,1,2,0,10.0,25.0,10.0,25.0,8.742759704589844,25.014638900756836,-0.014638900756835938,46.443904876708984,46.83324432373047,0.0,0.0,0.0,1.0,1.0,0.0,-1.3248870372772217,,,,,,,,,,,,,,,,
1783990006.977,43086000,4,1,3,0,10.0,25.0,10.0,25.0,8.78656005859375,25.510358810424805,-0.5103588104248047,34.75554656982422,50.1784782409668,0.0,0.0,0.0,1.0,1.0,0.0,0.9621134996414185,,,,,,,,,,,,,,,,
1783990006.994,43100000,5,2,255,0,,,,,,,,,,,,,,,,,0.3499999940395355,-1.149999976158142,3.5485715866088867,2.715714454650879,3.5485715866088867,2.715714454650879,0.0,0.0,-0.14775797724723816,0.03512927517294884,0.04246554523706436,1.0,0.0,0.0,0.0,0.0
1783990007.012,43115000,6,1,0,0,10.0,25.0,10.0,25.0,9.499820709228516,25.27526092529297,-0.27526021003723145,35.66755294799805,43.906166076660156,0.0,0.0,0.0,1.0,1.0,0.0,-1.0537751913070679,,,,,,,,,,,,,,,,
1783990007.034,43134000,7,1,1,0,10.0,25.0,10.0,25.0,8.832687377929688,25.26398277282715,-0.26398301124572754,39.655006408691406,47.669551849365234,0.0,0.0,0.0,1.0,1.0,0.0,1.1200639009475708,,,,,,,,,,,,,,,,
1783990007.059,43156000,8,1,2,0,10.0,25.0,10.0,25.0,8.74679946899414,25.010374069213867,-0.010374188423156738,46.57550811767578,46.83324432373047,0.0,0.0,0.0,1.0,1.0,0.0,-1.3298418521881104,,,,,,,,,,,,,,,,
1783990007.060,43181000,9,1,3,0,10.0,25.0,10.0,25.0,8.786859512329102,25.512170791625977,-0.5121707916259766,34.70769500732422,50.1784782409668,0.0,0.0,0.0,1.0,1.0,0.0,0.9605734944343567,,,,,,,,,,,,,,,,
1783990007.088,43208000,10,2,255,0,,,,,,,,,,,,,,,,,0.3499999940395355,-1.149999976158142,3.5485715866088867,2.715714454650879,3.5485715866088867,2.715714454650879,0.0,0.0,-0.14323614537715912,0.023706795647740364,0.042318373918533325,1.0,0.0,0.0,0.0,0.0
1783990007.122,43229000,11,1,0,0,10.0,25.0,10.0,25.0,9.495129585266113,25.277406692504883,-0.2774059772491455,35.43749237060547,43.906166076660156,0.0,0.0,0.0,1.0,1.0,0.0,-1.0458827018737793,,,,,,,,,,,,,,,,
1783990007.140,43244000,12,1,1,0,10.0,25.0,10.0,25.0,8.831313133239746,25.265417098999023,-0.2654165029525757,39.68913269042969,47.669551849365234,0.0,0.0,0.0,1.0,1.0,0.0,1.1209560632705688,,,,,,,,,,,,,,,,
1783990007.160,43262000,13,1,2,0,10.0,25.0,10.0,25.0,8.74313735961914,25.0126953125,-0.012695789337158203,46.12399673461914,46.83324432373047,0.0,0.0,0.0,1.0,1.0,0.0,-1.3152439594268799,,,,,,,,,,,,,,,,
1783990007.182,43283000,14,1,3,0,10.0,25.0,10.0,25.0,8.78513240814209,25.511737823486328,-0.511738657951355,34.746742248535156,50.1784782409668,0.0,0.0,0.0,1.0,1.0,0.0,0.9614467620849609,,,,,,,,,,,,,,,,
1783990007.207,43304000,15,2,255,0,,,,,,,,,,,,,,,,,0.3499999940395355,-1.149999976158142,3.5485715866088867,2.715714454650879,3.5485715866088867,2.715714454650879,0.0,0.0,-0.15231597423553467,0.025874240323901176,0.04261837899684906,1.0,0.0,0.0,0.0,0.0
1783990007.234,43330000,16,1,0,0,10.0,25.0,10.0,25.0,9.497885704040527,25.27688217163086,-0.27688145637512207,35.4302978515625,43.906166076660156,0.0,0.0,0.0,1.0,1.0,0.0,-1.045675277709961,,,,,,,,,,,,,,,,
1783990007.237,43357000,17,1,1,0,10.0,25.0,10.0,25.0,8.830870628356934,25.265047073364258,-0.26504695415496826,39.76746368408203,47.669551849365234,0.0,0.0,0.0,1.0,1.0,0.0,1.1234757900238037,,,,,,,,,,,,,,,,
1783990007.270,43379000,18,1,2,0,10.0,25.0,10.0,25.0,8.750211715698242,25.0083065032959,-0.008305907249450684,46.52454376220703,46.83324432373047,0.0,0.0,0.0,1.0,1.0,0.0,-1.328675627708435,,,,,,,,,,,,,,,,
1783990007.288,43393000,19,1,3,0,10.0,25.0,10.0,25.0,8.786931991577148,25.51215362548828,-0.512152910232544,34.657962799072266,50.1784782409668,0.0,0.0,0.0,1.0,1.0,0.0,0.9588029384613037,,,,,,,,,,,,,,,,
1783990007.307,43410000,20,2,255,0,,,,,,,,,,,,,,,,,0.3499999940395355,-1.149999976158142,3.5485715866088867,2.715714454650879,3.5485715866088867,2.715714454650879,0.0,0.0,-0.1371619701385498,0.019910383969545364,0.04212766885757446,1.0,0.0,0.0,0.0,0.0
1783990007.331,43429000,21,1,0,0,10.0,25.0,10.0,25.0,9.497654914855957,25.275976181030273,-0.27597546577453613,35.55898666381836,43.906166076660156,0.0,0.0,0.0,1.0,1.0,0.0,-1.050002098083496,,,,,,,,,,,,,,,,
1783990007.357,43453000,22,1,1,0,10.0,25.0,10.0,25.0,8.832347869873047,25.265825271606445,-0.2658247947692871,39.55743408203125,47.669551849365234,0.0,0.0,0.0,1.0,1.0,0.0,1.1172055006027222,,,,,,,,,,,,,,,,
1783990007.384,43479000,23,1,2,0,10.0,25.0,10.0,25.0,8.742493629455566,25.01382827758789,-0.013828277587890625,46.47968292236328,46.83324432373047,0.0,0.0,0.0,1.0,1.0,0.0,-1.3264234066009521,,,,,,,,,,,,,,,,
1783990007.386,43506000,24,1,3,0,10.0,25.0,10.0,25.0,8.786676406860352,25.510364532470703,-0.5103647708892822,34.6331672668457,50.1784782409668,0.0,0.0,0.0,1.0,1.0,0.0,0.9578138589859009,,,,,,,,,,,,,,,,
1783990007.419,43527000,25,2,255,0,,,,,,,,,,,,,,,,,0.3499999940395355,-1.149999976158142,3.5485715866088867,2.715714454650879,3.5485715866088867,2.715714454650879,0.0,0.0,-0.1475546509027481,0.023029198870062828,0.04245883226394653,1.0,0.0,0.0,0.0,0.0
1783990007.436,43541000,26,1,0,0,10.0,25.0,10.0,25.0,9.496691703796387,25.279178619384766,-0.2791792154312134,35.772369384765625,43.906166076660156,0.0,0.0,0.0,1.0,1.0,0.0,-1.057278037071228,,,,,,,,,,,,,,,,
1783990007.454,43558000,27,1,1,0,10.0,25.0,10.0,25.0,8.83200740814209,25.264183044433594,-0.2641826868057251,39.44734191894531,47.669551849365234,0.0,0.0,0.0,1.0,1.0,0.0,1.1127867698669434,,,,,,,,,,,,,,,,
1783990007.475,43576000,28,1,2,0,10.0,25.0,10.0,25.0,8.747673988342285,25.011110305786133,-0.011110305786132812,46.508262634277344,46.83324432373047,0.0,0.0,0.0,1.0,1.0,0.0,-1.3278377056121826,,,,,,,,,,,,,,,,
1783990007.498,43597000,29,1,3,0,10.0,25.0,10.0,25.0,8.788939476013184,25.510513305664062,-0.5105137825012207,34.65983581542969,50.1784782409668,0.0,0.0,0.0,1.0,1.0,0.0,0.9592007994651794,,,,,,,,,,,,,,,,
1783990007.524,43620000,30,2,255,0,,,,,,,,,,,,,,,,,0.3499999940395355,-1.149999976158142,3.5485715866088867,2.715714454650879,3.5485715866088867,2.715714454650879,0.0,0.0,-0.13204902410507202,0.022569159045815468,0.04197336733341217,1.0,0.0,0.0,0.0,0.0
1783990007.526,43647000,31,1,0,0,10.0,25.0,10.0,25.0,9.49770736694336,25.276994705200195,-0.2769947052001953,35.77263641357422,43.906166076660156,0.0,0.0,0.0,1.0,1.0,0.0,-1.0573065280914307,,,,,,,,,,,,,,,,
1783990007.561,43668000,32,1,1,0,10.0,25.0,10.0,25.0,8.834324836730957,25.264320373535156,-0.2643197774887085,39.581459045410156,47.669551849365234,0.0,0.0,0.0,1.0,1.0,0.0,1.1179653406143188,,,,,,,,,,,,,,,,
1783990007.578,43683000,33,1,2,0,10.0,25.0,10.0,25.0,8.742862701416016,25.01321792602539,-0.013217329978942871,46.38157653808594,46.83324432373047,0.0,0.0,0.0,1.0,1.0,0.0,-1.3232978582382202,,,,,,,,,,,,,,,,
1783990007.597,43700000,34,1,3,0,10.0,25.0,10.0,25.0,8.787296295166016,25.511455535888672,-0.5114555358886719,34.54609680175781,50.1784782409668,0.0,0.0,0.0,1.0,1.0,0.0,0.9552780985832214,,,,,,,,,,,,,,,,
1783990007.621,43719000,35,2,255,0,,,,,,,,,,,,,,,,,0.3499999940395355,-1.149999976158142,3.5485715866088867,2.715714454650879,3.5485715866088867,2.715714454650879,0.0,0.0,-0.15130989253520966,0.016253799200057983,0.04258425533771515,1.0,0.0,0.0,0.0,0.0
1783990007.646,43743000,36,1,0,0,10.0,25.0,10.0,25.0,9.49682903289795,25.277751922607422,-0.2777516841888428,35.4104118347168,43.906166076660156,0.0,0.0,0.0,1.0,1.0,0.0,-1.0453596115112305,,,,,,,,,,,,,,,,
1783990007.673,43768000,37,1,1,0,10.0,25.0,10.0,25.0,8.832463264465332,25.264406204223633,-0.2644062042236328,39.51066970825195,47.669551849365234,0.0,0.0,0.0,1.0,1.0,0.0,1.1153496503829956,,,,,,,,,,,,,,,,
1783990007.675,43796000,38,1,2,0,10.0,25.0,10.0,25.0,8.746596336364746,25.01186752319336,-0.011867284774780273,46.45166015625,46.83324432373047,0.0,0.0,0.0,1.0,1.0,0.0,-1.326133131980896,,,,,,,,,,,,,,,,
1783990007.708,43817000,39,1,3,0,10.0,25.0,10.0,25.0,8.788566589355469,25.510047912597656,-0.5100488662719727,34.40156555175781,50.1784782409668,0.0,0.0,0.0,1.0,1.0,0.0,0.9512555003166199,,,,,,,,,,,,,,,,
1783990007.724,43830000,40,2,255,0,,,,,,,,,,,,,,,,,0.3499999940395355,-1.149999976158142,3.5485715866088867,2.715714454650879,3.5485715866088867,2.715714454650879,0.0,0.0,-0.13955460488796234,0.024527419358491898,0.042201828211545944,1.0,0.0,0.0,0.0,0.0
1783990007.743,43846000,41,1,0,0,10.0,25.0,10.0,25.0,9.498366355895996,25.275894165039062,-0.27589499950408936,35.80112075805664,43.906166076660156,0.0,0.0,0.0,1.0,1.0,0.0,-1.0580682754516602,,,,,,,,,,,,,,,,
1783990007.766,43865000,42,1,1,0,10.0,25.0,10.0,25.0,8.833734512329102,25.264480590820312,-0.26448071002960205,39.289756774902344,47.669551849365234,0.0,0.0,0.0,1.0,1.0,0.0,1.1090425252914429,,,,,,,,,,,,,,,,
1783990007.790,43888000,43,1,2,0,10.0,25.0,10.0,25.0,8.744107246398926,25.011877059936523,-0.011876225471496582,46.634639739990234,46.83324432373047,0.0,0.0,0.0,1.0,1.0,0.0,-1.332142949104309,,,,,,,,,,,,,,,,
1783990007.817,43913000,44,1,3,0,10.0,25.0,10.0,25.0,8.78891372680664,25.509599685668945,-0.5095988512039185,34.50360870361328,50.1784782409668,0.0,0.0,0.0,1.0,1.0,0.0,0.953648030757904,,,,,,,,,,,,,,,,
1783990007.820,43940000,45,2,255,0,,,,,,,,,,,,,,,,,0.3499999940395355,-1.149999976158142,3.5485715866088867,2.715714454650879,3.5485715866088867,2.715714454650879,0.0,0.0,-0.14673098921775818,0.020349474623799324,0.04243173077702522,1.0,0.0,0.0,0.0,0.0
1783990007.854,43962000,46,1,0,0,10.0,25.0,10.0,25.0,9.495596885681152,25.28011703491211,-0.2801179885864258,35.447696685791016,43.906166076660156,0.0,0.0,0.0,1.0,1.0,0.0,-1.046640396118164,,,,,,,,,,,,,,,,
1783990007.872,43977000,47,1,1,0,10.0,25.0,10.0,25.0,8.833460807800293,25.263673782348633,-0.2636730670928955,39.57460403442383,47.669551849365234,0.0,0.0,0.0,1.0,1.0,0.0,1.1175457239151,,,,,,,,,,,,,,,,
1783990007.892,43994000,48,1,2,0,10.0,25.0,10.0,25.0,8.745183944702148,25.013315200805664,-0.013315677642822266,46.48859786987305,46.83324432373047,0.0,0.0,0.0,1.0,1.0,0.0,-1.3274043798446655,,,,,,,,,,,,,,,,
1783990007.915,44014000,49,1,3,0,10.0,25.0,10.0,25.0,8.788948059082031,25.509536743164062,-0.5095362663269043,34.519737243652344,50.1784782409668,0.0,0.0,0.0,1.0,1.0,0.0,0.9543732404708862,,,,,,,,,,,,,,,,
1783990007.942,44038000,50,2,255,0,,,,,,,,,,,,,,,,,0.3499999940395355,-1.149999976158142,3.5485715866088867,2.715714454650879,3.5485715866088867,2.715714454650879,0.0,0.0,-0.14795033633708954,0.027044709771871567,0.042471904307603836,1.0,0.0,0.0,0.0,0.0
1783990007.944,44065000,51,1,0,0,10.0,25.0,10.0,25.0,9.49903392791748,25.276845932006836,-0.27684569358825684,35.46990203857422,43.906166076660156,0.0,0.0,0.0,1.0,1.0,0.0,-1.0475572347640991,,,,,,,,,,,,,,,,
1783990007.976,44085000,52,1,1,0,10.0,25.0,10.0,25.0,8.832870483398438,25.26482582092285,-0.2648264169692993,39.40406036376953,47.669551849365234,0.0,0.0,0.0,1.0,1.0,0.0,1.1123461723327637,,,,,,,,,,,,,,,,
1783990007.993,44099000,53,1,2,0,10.0,25.0,10.0,25.0,8.745820045471191,25.012184143066406,-0.012183189392089844,46.41643524169922,46.83324432373047,0.0,0.0,0.0,1.0,1.0,0.0,-1.325453519821167,,,,,,,,,,,,,,,,
1783990008.010,44114000,54,1,3,0,10.0,25.0,10.0,25.0,8.787824630737305,25.51165199279785,-0.5116522312164307,34.3312873840332,50.1784782409668,0.0,0.0,0.0,1.0,1.0,0.0,0.948976457118988,,,,,,,,,,,,,,,,
1783990008.030,44132000,55,2,255,0,,,,,,,,,,,,,,,,,0.3499999940395355,-1.149999976158142,3.5485715866088867,2.715714454650879,3.5485715866088867,2.715714454650879,0.0,0.0,-0.15039603412151337,0.01834242232143879,0.04255345091223717,1.0,0.0,0.0,0.0,0.0
1783990008.052,44151000,56,1,0,0,10.0,25.0,10.0,25.0,9.495331764221191,25.278270721435547,-0.27827024459838867,35.365447998046875,43.906166076660156,0.0,0.0,0.0,1.0,1.0,0.0,-1.0434240102767944,,,,,,,,,,,,,,,,
1783990008.078,44175000,57,1,1,0,10.0,25.0,10.0,25.0,8.834856986999512,25.263193130493164,-0.2631932497024536,39.50387954711914,47.669551849365234,0.0,0.0,0.0,1.0,1.0,0.0,1.1160492897033691,,,,,,,,,,,,,,,,
1783990008.104,44200000,58,1,2,0,10.0,25.0,10.0,25.0,8.745139122009277,25.012418746948242,-0.012418627738952637,46.33505630493164,46.83324432373047,0.0,0.0,0.0,1.0,1.0,0.0,-1.322356939315796,,,,,,,,,,,,,,,,
1783990008.107,44227000,59,1,3,0,10.0,25.0,10.0,25.0,8.788627624511719,25.510019302368164,-0.510019063949585,34.35127639770508,50.1784782409668,0.0,0.0,0.0,1.0,1.0,0.0,0.9493308067321777,,,,,,,,,,,,,,,,
1783990008.138,44247000,60,2,255,0,,,,,,,,,,,,,,,,,0.3499999940395355,-1.149999976158142,3.5485715866088867,2.715714454650879,3.5485715866088867,2.715714454650879,0.0,0.0,-0.14694744348526,0.025652235373854637,0.04243883863091469,1.0,0.0,0.0,0.0,0.0
1783990008.156,44261000,61,1,0,0,10.0,25.0,10.0,25.0,9.50039291381836,25.275463104248047,-0.2754628658294678,35.514671325683594,43.906166076660156,0.0,0.0,0.0,1.0,1.0,0.0,-1.0488532781600952,,,,,,,,,,,,,,,,
1783990008.173,44277000,62,1,1,0,10.0,25.0,10.0,25.0,8.833585739135742,25.2645263671875,-0.2645254135131836,39.70577621459961,47.669551849365234,0.0,0.0,0.0,1.0,1.0,0.0,1.1220653057098389,,,,,,,,,,,,,,,,
1783990008.195,44296000,63,1,2,0,10.0,25.0,10.0,25.0,8.747803688049316,25.00963592529297,-0.009635090827941895,46.584651947021484,46.83324432373047,0.0,0.0,0.0,1.0,1.0,0.0,-1.3299254179000854,,,,,,,,,,,,,,,,
1783990008.218,44316000,64,1,3,0,10.0,25.0,10.0,25.0,8.787023544311523,25.51305389404297,-0.5130529403686523,34.80402374267578,50.1784782409668,0.0,0.0,0.0,1.0,1.0,0.0,0.9642742276191711,,,,,,,,,,,,,,,,
1783990008.245,44341000,65,2,255,0,,,,,,,,,,,,,,,,,0.3499999940395355,-1.149999976158142,3.5485715866088867,2.715714454650879,3.5485715866088867,2.715714454650879,0.0,0.0,-0.13929195702075958,0.020838657394051552,0.04219362512230873,1.0,0.0,0.0,0.0,0.0
1783990008.246,44367000,66,1,0,0,10.0,25.0,10.0,25.0,9.496607780456543,25.276941299438477,-0.27694106101989746,35.43777084350586,43.906166076660156,0.0,0.0,0.0,1.0,1.0,0.0,-1.0460575819015503,,,,,,,,,,,,,,,,
1783990008.277,44387000,67,1,1,0,10.0,25.0,10.0,25.0,8.832533836364746,25.265371322631836,-0.26537179946899414,39.5795783996582,47.669551849365234,0.0,0.0,0.0,1.0,1.0,0.0,1.1175808906555176,,,,,,,,,,,,,,,,
1783990008.293,44400000,68,1,2,0,10.0,25.0,10.0,25.0,8.743485450744629,25.013002395629883,-0.013002753257751465,46.55107116699219,46.83324432373047,0.0,0.0,0.0,1.0,1.0,0.0,-1.3285822868347168,,,,,,,,,,,,,,,,
1783990008.309,44415000,69,1,3,0,10.0,25.0,10.0,25.0,8.787541389465332,25.511009216308594,-0.5110085010528564,34.52507019042969,50.1784782409668,0.0,0.0,0.0,1.0,1.0,0.0,0.9545972943305969,,,,,,,,,,,,,,,,
1783990008.331,44432000,70,2,255,0,,,,,,,,,,,,,,,,,0.3499999940395355,-1.149999976158142,3.5485715866088867,2.715714454650879,3.5485715866088867,2.715714454650879,0.0,0.0,-0.1573917418718338,0.034194719046354294,0.04279386252164841,1.0,0.0,0.0,0.0,0.0
1783990008.353,44453000,71,1,0,0,10.0,25.0,10.0,25.0,9.498251914978027,25.277263641357422,-0.27726292610168457,35.44265365600586,43.906166076660156,0.0,0.0,0.0,1.0,1.0,0.0,-1.046144723892212,,,,,,,,,,,,,,,,
1783990008.379,44476000,72,1,1,0,10.0,25.0,10.0,25.0,8.833935737609863,25.263980865478516,-0.26398003101348877,39.439537048339844,47.669551849365234,0.0,0.0,0.0,1.0,1.0,0.0,1.1130435466766357,,,,,,,,,,,,,,,,
1783990008.381,44502000,73,1,2,0,10.0,25.0,10.0,25.0,8.748998641967773,25.010597229003906,-0.010597705841064453,46.63528823852539,46.83324432373047,0.0,0.0,0.0,1.0,1.0,0.0,-1.3322806358337402,,,,,,,,,,,,,,,,
1783990008.416,44523000,74,1,3,0,10.0,25.0,10.0,25.0,8.788214683532715,25.51199722290039,-0.5119979381561279,34.43024826049805,50.1784782409668,0.0,0.0,0.0,1.0,1.0,0.0,0.9518610835075378,,,,,,,,,,,,,,,,
1783990008.434,44538000,75,2,255,0,,,,,,,,,,,,,,,,,0.3499999940395355,-1.149999976158142,3.5485715866088867,2.715714454650879,3.5485715866088867,2.715714454650879,0.0,0.0,-0.14334559440612793,0.030545473098754883,0.042321883141994476,1.0,0.0,0.0,0.0,0.0
1783990008.454,44556000,76,1,0,0,10.0,25.0,10.0,25.0,9.498814582824707,25.276023864746094,-0.27602314949035645,35.514793395996094,43.906166076660156,0.0,0.0,0.0,1.0,1.0,0.0,-1.048629879951477,,,,,,,,,,,,,,,,
1783990008.477,44576000,77,1,1,0,10.0,25.0,10.0,25.0,8.83364486694336,25.264554977416992,-0.2645552158355713,39.60010528564453,47.669551849365234,0.0,0.0,0.0,1.0,1.0,0.0,1.1184641122817993,,,,,,,,,,,,,,,,
1783990008.504,44600000,78,1,2,0,10.0,25.0,10.0,25.0,8.744308471679688,25.0117244720459,-0.011724233627319336,46.33496856689453,46.83324432373047,0.0,0.0,0.0,1.0,1.0,0.0,-1.322002649307251,,,,,,,,,,,,,,,,
1783990008.507,44627000,79,1,3,0,10.0,25.0,10.0,25.0,8.787494659423828,25.510974884033203,-0.51097571849823,34.624996185302734,50.1784782409668,0.0,0.0,0.0,1.0,1.0,0.0,0.9579018354415894,,,,,,,,,,,,,,,,
1783990008.538,44647000,80,2,255,0,,,,,,,,,,,,,,,,,0.3499999940395355,-1.149999976158142,3.5485715866088867,2.715714454650879,3.5485715866088867,2.715714454650879,0.0,0.0,-0.15540508925914764,0.03552456200122833,0.04272451624274254,1.0,0.0,0.0,0.0,0.0
1783990008.556,44661000,81,1,0,0,10.0,25.0,10.0,25.0,9.49828815460205,25.277202606201172,-0.2772033214569092,35.419437408447266,43.906166076660156,0.0,0.0,0.0,1.0,1.0,0.0,-1.0457758903503418,,,,,,,,,,,,,,,,
1783990008.572,44677000,82,1,1,0,10.0,25.0,10.0,25.0,8.833243370056152,25.264230728149414,-0.2642303705215454,39.70219421386719,47.669551849365234,0.0,0.0,0.0,1.0,1.0,0.0,1.1214300394058228,,,,,,,,,,,,,,,,
1783990008.593,44695000,83,1,2,0,10.0,25.0,10.0,25.0,8.747385025024414,25.010215759277344,-0.010216236114501953,46.817569732666016,46.83324432373047,0.0,0.0,0.0,1.0,1.0,0.0,-1.3377641439437866,,,,,,,,,,,,,,,,
1783990008.615,44714000,84,1,3,0,10.0,25.0,10.0,25.0,8.788894653320312,25.51189613342285,-0.5118966102600098,34.8720588684082,50.1784782409668,0.0,0.0,0.0,1.0,1.0,0.0,0.9662767052650452,,,,,,,,,,,,,,,,
1783990008.642,44738000,85,2,255,0,,,,,,,,,,,,,,,,,0.3499999940395355,-1.149999976158142,3.5485715866088867,2.715714454650879,3.5485715866088867,2.715714454650879,0.0,0.0,-0.15396003425121307,0.03888728842139244,0.042674608528614044,1.0,0.0,0.0,0.0,0.0
1783990008.644,44764000,86,1,0,0,10.0,25.0,10.0,25.0,9.49991226196289,25.275177001953125,-0.2751767635345459,35.50398254394531,43.906166076660156,0.0,0.0,0.0,1.0,1.0,0.0,-1.0486551523208618,,,,,,,,,,,,,,,,
1783990008.682,44783000,87,1,1,0,10.0,25.0,10.0,25.0,8.83365249633789,25.264516830444336,-0.2645164728164673,39.717525482177734,47.669551849365234,0.0,0.0,0.0,1.0,1.0,0.0,1.1221089363098145,,,,,,,,,,,,,,,,
1783990008.703,44804000,88,1,2,0,10.0,25.0,10.0,25.0,8.743464469909668,25.013011932373047,-0.013011693954467773,46.50738525390625,46.83324432373047,0.0,0.0,0.0,1.0,1.0,0.0,-1.3274165391921997,,,,,,,,,,,,,,,,
1783990008.725,44824000,89,1,3,0,10.0,25.0,10.0,25.0,8.786623001098633,25.51262092590332,-0.5126208066940308,34.51340103149414,50.1784782409668,0.0,0.0,0.0,1.0,1.0,0.0,0.9543876051902771,,,,,,,,,,,,,,,,
1783990008.751,44847000,90,2,255,0,,,,,,,,,,,,,,,,,0.3499999940395355,-1.149999976158142,3.5485715866088867,2.715714454650879,3.5485715866088867,2.715714454650879,0.0,0.0,-0.16427157819271088,0.03528370335698128,0.043040599673986435,1.0,0.0,0.0,0.0,0.0
1783990008.778,44874000,91,1,0,0,10.0,25.0,10.0,25.0,9.495549201965332,25.277816772460938,-0.2778172492980957,35.50650405883789,43.906166076660156,0.0,0.0,0.0,1.0,1.0,0.0,-1.0480728149414062,,,,,,,,,,,,,,,,
1783990008.780,44901000,92,1,1,0,10.0,25.0,10.0,25.0,8.833539962768555,25.26464080810547,-0.2646416425704956,39.62996292114258,47.669551849365234,0.0,0.0,0.0,1.0,1.0,0.0,1.1192864179611206,,,,,,,,,,,,,,,,
1783990008.813,44922000,93,1,2,0,10.0,25.0,10.0,25.0,8.747210502624512,25.010791778564453,-0.010791420936584473,46.60911178588867,46.83324432373047,0.0,0.0,0.0,1.0,1.0,0.0,-1.3309775590896606,,,,,,,,,,,,,,,,
1783990008.831,44936000,94,1,3,0,10.0,25.0,10.0,25.0,8.788342475891113,25.51067543029785,-0.5106747150421143,34.65448760986328,50.1784782409668,0.0,0.0,0.0,1.0,1.0,0.0,0.9586982131004333,,,,,,,,,,,,,,,,
1783990008.849,44953000,95,2,255,0,,,,,,,,,,,,,,,,,0.3499999940395355,-1.149999976158142,3.5485715866088867,2.715714454650879,3.5485715866088867,2.715714454650879,0.0,0.0,-0.15262503921985626,0.045294202864170074,0.04262890666723251,1.0,0.0,0.0,0.0,0.0
1783990008.871,44971000,96,1,0,0,10.0,25.0,10.0,25.0,9.50165843963623,25.275421142578125,-0.275421142578125,35.465843200683594,43.906166076660156,0.0,0.0,0.0,1.0,1.0,0.0,-1.0473629236221313,,,,,,,,,,,,,,,,
1783990008.894,44993000,97,1,1,0,10.0,25.0,10.0,25.0,8.833907127380371,25.264036178588867,-0.2640366554260254,39.776912689208984,47.669551849365234,0.0,0.0,0.0,1.0,1.0,0.0,1.123636245727539,,,,,,,,,,,,,,,,
1783990008.920,45017000,98,1,2,0,10.0,25.0,10.0,25.0,8.748475074768066,25.009397506713867,-0.009396672248840332,46.62884521484375,46.83324432373047,0.0,0.0,0.0,1.0,1.0,0.0,-1.3317360877990723,,,,,,,,,,,,,,,,
1783990008.922,45043000,99,1,3,0,10.0,25.0,10.0,25.0,8.788717269897461,25.511062622070312,-0.5110621452331543,34.57719421386719,50.1784782409668,0.0,0.0,0.0,1.0,1.0,0.0,0.9563607573509216,,,,,,,,,,,,,,,,
1783990008.956,45064000,100,2,255,0,,,,,,,,,,,,,,,,,0.3499999940395355,-1.149999976158142,3.5485715866088867,2.715714454650879,3.5485715866088867,2.715714454650879,0.0,0.0,-0.15623091161251068,0.03548150882124901,0.04275323823094368,1.0,0.0,0.0,0.0,0.0
1783990008.973,45079000,101,1,0,0,10.0,25.0,10.0,25.0,9.49668025970459,25.27781105041504,-0.27781128883361816,35.399566650390625,43.906166076660156,0.0,0.0,0.0,1.0,1.0,0.0,-1.0451209545135498,,,,,,,,,,,,,,,,
1783990008.990,45095000,102,1,1,0,10.0,25.0,10.0,25.0,8.833826065063477,25.26407241821289,-0.2640724182128906,39.75100326538086,47.669551849365234,0.0,0.0,0.0,1.0,1.0,0.0,1.1234323978424072,,,,,,,,,,,,,,,,
1783990009.011,45112000,103,1,2,0,10.0,25.0,10.0,25.0,8.7450590133667,25.0124568939209,-0.01245737075805664,46.56061553955078,46.83324432373047,0.0,0.0,0.0,1.0,1.0,0.0,-1.3289495706558228,,,,,,,,,,,,,,,,
1783990009.034,45133000,104,1,3,0,10.0,25.0,10.0,25.0,8.789728164672852,25.50794219970703,-0.5079418420791626,34.383399963378906,50.1784782409668,0.0,0.0,0.0,1.0,1.0,0.0,0.9499807357788086,,,,,,,,,,,,,,,,
1783990009.061,45156000,105,2,255,0,,,,,,,,,,,,,,,,,0.3499999940395355,-1.149999976158142,3.5485715866088867,2.715714454650879,3.5485715866088867,2.715714454650879,0.0,0.0,-0.16164642572402954,0.0397515632212162,0.042945247143507004,1.0,0.0,0.0,0.0,0.0
1783990009.063,45183000,106,1,0,0,10.0,25.0,10.0,25.0,9.5000638961792,25.276010513305664,-0.27601122856140137,35.26896286010742,43.906166076660156,0.0,0.0,0.0,1.0,1.0,0.0,-1.0407793521881104,,,,,,,,,,,,,,,,
1783990009.094,45204000,107,1,1,0,10.0,25.0,10.0,25.0,8.83386516571045,25.264013290405273,-0.26401281356811523,39.363319396972656,47.669551849365234,0.0,0.0,0.0,1.0,1.0,0.0,1.110439419746399,,,,,,,,,,,,,,,,
1783990009.110,45217000,108,1,2,0,10.0,25.0,10.0,25.0,8.749650955200195,25.009418487548828,-0.009417533874511719,46.48950958251953,46.83324432373047,0.0,0.0,0.0,1.0,1.0,0.0,-1.3276071548461914,,,,,,,,,,,,,,,,
1783990009.128,45232000,109,1,3,0,10.0,25.0,10.0,25.0,8.789000511169434,25.510400772094727,-0.5104005336761475,34.46159362792969,50.1784782409668,0.0,0.0,0.0,1.0,1.0,0.0,0.9527983665466309,,,,,,,,,,,,,,,,
1783990009.150,45251000,110,2,255,0,,,,,,,,,,,,,,,,,0.3499999940395355,-1.149999976158142,3.5485715866088867,2.715714454650879,3.5485715866088867,2.715714454650879,0.0,0.0,-0.14876443147659302,0.028808943927288055,0.04249890521168709,1.0,0.0,0.0,0.0,0.0
1783990009.173,45272000,111,1,0,0,10.0,25.0,10.0,25.0,9.500231742858887,25.273168563842773,-0.27316808700561523,35.33428955078125,43.906166076660156,0.0,0.0,0.0,1.0,1.0,0.0,-1.0426915884017944,,,,,,,,,,,,,,,,
1783990009.198,45295000,112,1,1,0,10.0,25.0,10.0,25.0,8.83441162109375,25.26428985595703,-0.2642899751663208,39.443321228027344,47.669551849365234,0.0,0.0,0.0,1.0,1.0,0.0,1.1132495403289795,,,,,,,,,,,,,,,,
1783990009.225,45321000,113,1,2,0,10.0,25.0,10.0,25.0,8.746013641357422,25.011682510375977,-0.011682510375976562,46.505435943603516,46.83324432373047,0.0,0.0,0.0,1.0,1.0,0.0,-1.327986240386963,,,,,,,,,,,,,,,,
1783990009.227,45347000,114,1,3,0,10.0,25.0,10.0,25.0,8.789021492004395,25.51035499572754,-0.5103558301925659,34.511444091796875,50.1784782409668,0.0,0.0,0.0,1.0,1.0,0.0,0.9541699886322021,,,,,,,,,,,,,,,,
1783990009.257,45367000,115,2,255,0,,,,,,,,,,,,,,,,,0.3499999940395355,-1.149999976158142,3.5485715866088867,2.715714454650879,3.5485715866088867,2.715714454650879,0.0,0.0,-0.15918195247650146,0.028850290924310684,0.042857084423303604,1.0,0.0,0.0,0.0,0.0
1783990009.271,45379000,116,1,0,0,10.0,25.0,10.0,25.0,9.501058578491211,25.27526092529297,-0.27526021003723145,35.50374221801758,43.906166076660156,0.0,0.0,0.0,1.0,1.0,0.0,-1.0486434698104858,,,,,,,,,,,,,,,,
1783990009.287,45393000,117,1,1,0,10.0,25.0,10.0,25.0,8.833072662353516,25.264667510986328,-0.26466846466064453,39.4033203125,47.669551849365234,0.0,0.0,0.0,1.0,1.0,0.0,1.111680269241333,,,,,,,,,,,,,,,,
1783990009.308,45410000,118,1,2,0,10.0,25.0,10.0,25.0,8.748947143554688,25.009706497192383,-0.009706616401672363,46.321834564208984,46.83324432373047,0.0,0.0,0.0,1.0,1.0,0.0,-1.3216499090194702,,,,,,,,,,,,,,,,
1783990009.330,45430000,119,1,3,0,10.0,25.0,10.0,25.0,8.787665367126465,25.51185417175293,-0.511854887008667,34.88957595825195,50.1784782409668,0.0,0.0,0.0,1.0,1.0,0.0,0.9670938849449158,,,,,,,,,,,,,,,,
1783990009.355,45452000,120,2,255,0,,,,,,,,,,,,,,,,,0.3499999940395355,-1.149999976158142,3.5485715866088867,2.715714454650879,3.5485715866088867,2.715714454650879,0.0,0.0,-0.15064728260040283,0.028907410800457,0.04256190359592438,1.0,0.0,0.0,0.0,0.0
1783990009.382,45478000,121,1,0,0,10.0,25.0,10.0,25.0,9.499605178833008,25.27581214904785,-0.2758115530014038,35.50851821899414,43.906166076660156,0.0,0.0,0.0,1.0,1.0,0.0,-1.0485005378723145,,,,,,,,,,,,,,,,
1783990009.384,45504000,122,1,1,0,10.0,25.0,10.0,25.0,8.834643363952637,25.263822555541992,-0.263822078704834,39.5246696472168,47.669551849365234,0.0,0.0,0.0,1.0,1.0,0.0,1.1157684326171875,,,,,,,,,,,,,,,,
1783990009.403,45525000,123,1,2,0,10.0,25.0,10.0,25.0,8.745650291442871,25.01129150390625,-0.011292099952697754,46.36894607543945,46.83324432373047,0.0,0.0,0.0,1.0,1.0,0.0,-1.3231265544891357,,,,,,,,,,,,,,,,
1783990009.431,45537000,124,1,3,0,10.0,25.0,10.0,25.0,8.787035942077637,25.512060165405273,-0.5120605230331421,34.59137725830078,50.1784782409668,0.0,0.0,0.0,1.0,1.0,0.0,0.9568371176719666,,,,,,,,,,,,,,,,
1783990009.449,45553000,125,2,255,0,,,,,,,,,,,,,,,,,0.3499999940395355,-1.149999976158142,3.5485715866088867,2.715714454650879,3.5485715866088867,2.715714454650879,0.0,0.0,-0.16179794073104858,0.02946356125175953,0.04295071214437485,1.0,0.0,0.0,0.0,0.0
1783990009.470,45571000,126,1,0,0,10.0,25.0,10.0,25.0,9.499101638793945,25.27556800842285,-0.2755671739578247,35.46815872192383,43.906166076660156,0.0,0.0,0.0,1.0,1.0,0.0,-1.0472252368927002,,,,,,,,,,,,,,,,
1783990009.493,45592000,127,1,1,0,10.0,25.0,10.0,25.0,8.833965301513672,25.26392364501953,-0.26392340660095215,39.58843231201172,47.669551849365234,0.0,0.0,0.0,1.0,1.0,0.0,1.1182653903961182,,,,,,,,,,,,,,,,
1783990009.519,45615000,128,1,2,0,10.0,25.0,10.0,25.0,8.747880935668945,25.010568618774414,-0.010567903518676758,46.605133056640625,46.83324432373047,0.0,0.0,0.0,1.0,1.0,0.0,-1.3307560682296753,,,,,,,,,,,,,,,,
1783990009.522,45642000,129,1,3,0,10.0,25.0,10.0,25.0,8.789058685302734,25.51030158996582,-0.5103021860122681,34.378662109375,50.1784782409668,0.0,0.0,0.0,1.0,1.0,0.0,0.950520396232605,,,,,,,,,,,,,,,,
1783990009.556,45664000,130,2,255,0,,,,,,,,,,,,,,,,,0.3499999940395355,-1.149999976158142,3.5485715866088867,2.715714454650879,3.5485715866088867,2.715714454650879,0.0,0.0,-0.15483719110488892,0.021041112020611763,0.04270485043525696,1.0,0.0,0.0,0.0,0.0
1783990009.572,45678000,131,1,0,0,10.0,25.0,10.0,25.0,9.497490882873535,25.276559829711914,-0.27655959129333496,35.4661979675293,43.906166076660156,0.0,0.0,0.0,1.0,1.0,0.0,-1.0467599630355835,,,,,,,,,,,,,,,,
1783990009.590,45694000,132,1,1,0,10.0,25.0,10.0,25.0,8.832754135131836,25.265295028686523,-0.26529431343078613,39.39319610595703,47.669551849365234,0.0,0.0,0.0,1.0,1.0,0.0,1.111376404762268,,,,,,,,,,,,,,,,
1783990009.612,45712000,133,1,2,0,10.0,25.0,10.0,25.0,8.743631362915039,25.01294708251953,-0.012946128845214844,46.53369903564453,46.83324432373047,0.0,0.0,0.0,1.0,1.0,0.0,-1.3282310962677002,,,,,,,,,,,,,,,,
1783990009.636,45733000,134,1,3,0,10.0,25.0,10.0,25.0,8.787357330322266,25.511445999145508,-0.5114465951919556,34.583316802978516,50.1784782409668,0.0,0.0,0.0,1.0,1.0,0.0,0.9566682577133179,,,,,,,,,,,,,,,,
1783990009.663,45758000,135,2,255,0,,,,,,,,,,,,,,,,,0.3499999940395355,-1.149999976158142,3.5485715866088867,2.715714454650879,3.5485715866088867,2.715714454650879,0.0,0.0,-0.15707552433013916,0.013831833377480507,0.04278276860713959,1.0,0.0,0.0,0.0,0.0
1783990009.664,45785000,136,1,0,0,10.0,25.0,10.0,25.0,9.497087478637695,25.2772274017334,-0.27722716331481934,35.40923309326172,43.906166076660156,0.0,0.0,0.0,1.0,1.0,0.0,-1.04512357711792,,,,,,,,,,,,,,,,
1783990009.698,45806000,137,1,1,0,10.0,25.0,10.0,25.0,8.834210395812988,25.263463973999023,-0.26346445083618164,39.58442306518555,47.669551849365234,0.0,0.0,0.0,1.0,1.0,0.0,1.1176658868789673,,,,,,,,,,,,,,,,
1783990009.715,45820000,138,1,2,0,10.0,25.0,10.0,25.0,8.74617862701416,25.0115909576416,-0.011590123176574707,46.549415588378906,46.83324432373047,0.0,0.0,0.0,1.0,1.0,0.0,-1.3289586305618286,,,,,,,,,,,,,,,,
1783990009.732,45836000,139,1,3,0,10.0,25.0,10.0,25.0,8.788312911987305,25.510730743408203,-0.5107313394546509,34.64839172363281,50.1784782409668,0.0,0.0,0.0,1.0,1.0,0.0,0.9587996602058411,,,,,,,,,,,,,,,,
1783990009.754,45855000,140,2,255,0,,,,,,,,,,,,,,,,,0.3499999940395355,-1.149999976158142,3.5485715866088867,2.715714454650879,3.5485715866088867,2.715714454650879,0.0,0.0,-0.15494020283222198,0.020931772887706757,0.04270841181278229,1.0,0.0,0.0,0.0,0.0
1783990009.777,45876000,141,1,0,0,10.0,25.0,10.0,25.0,9.501099586486816,25.27529525756836,-0.2752959728240967,35.65596008300781,43.906166076660156,0.0,0.0,0.0,1.0,1.0,0.0,-1.0535740852355957,,,,,,,,,,,,,,,,
1783990009.803,45899000,142,1,1,0,10.0,25.0,10.0,25.0,8.833904266357422,25.264039993286133,-0.26403963565826416,39.67792510986328,47.669551849365234,0.0,0.0,0.0,1.0,1.0,0.0,1.1209454536437988,,,,,,,,,,,,,,,,
1783990009.805,45925000,143,1,2,0,10.0,25.0,10.0,25.0,8.747961044311523,25.01043701171875,-0.010436773300170898,46.51228332519531,46.83324432373047,0.0,0.0,0.0,1.0,1.0,0.0,-1.3279794454574585,,,,,,,,,,,,,,,,
1783990009.840,45948000,144,1,3,0,10.0,25.0,10.0,25.0,8.787261962890625,25.511432647705078,-0.5114316940307617,34.54194641113281,50.1784782409668,0.0,0.0,0.0,1.0,1.0,0.0,0.9550194144248962,,,,,,,,,,,,,,,,
1783990009.859,45963000,145,2,255,0,,,,,,,,,,,,,,,,,0.3499999940395355,-1.149999976158142,3.5485715866088867,2.715714454650879,3.5485715866088867,2.715714454650879,0.0,0.0,-0.15446704626083374,0.02555452473461628,0.042692068964242935,1.0,0.0,0.0,0.0,0.0
1783990009.878,45981000,146,1,0,0,10.0,25.0,10.0,25.0,9.497198104858398,25.276756286621094,-0.27675628662109375,35.55716323852539,43.906166076660156,0.0,0.0,0.0,1.0,1.0,0.0,-1.0502558946609497,,,,,,,,,,,,,,,,
1783990009.901,46001000,147,1,1,0,10.0,25.0,10.0,25.0,8.834124565124512,25.26481819152832,-0.264817476272583,39.63567352294922,47.669551849365234,0.0,0.0,0.0,1.0,1.0,0.0,1.1196171045303345,,,,,,,,,,,,,,,,
1783990009.927,46023000,148,1,2,0,10.0,25.0,10.0,25.0,8.744125366210938,25.013166427612305,-0.013166666030883789,46.261924743652344,46.83324432373047,0.0,0.0,0.0,1.0,1.0,0.0,-1.31940495967865,,,,,,,,,,,,,,,,
1783990009.929,46049000,149,1,3,0,10.0,25.0,10.0,25.0,8.788644790649414,25.51010513305664,-0.5101054906845093,34.52455139160156,50.1784782409668,0.0,0.0,0.0,1.0,1.0,0.0,0.9544104337692261,,,,,,,,,,,,,,,,
1783990009.961,46070000,150,2,255,0,,,,,,,,,,,,,,,,,0.3499999940395355,-1.149999976158142,3.5485715866088867,2.715714454650879,3.5485715866088867,2.715714454650879,0.0,0.0,-0.15557099878787994,0.04085281491279602,0.04273027554154396,1.0,0.0,0.0,0.0,0.0
1783990009.977,46083000,151,1,0,0,10.0,25.0,10.0,25.0,9.501853942871094,25.274921417236328,-0.2749204635620117,35.47211837768555,43.906166076660156,0.0,0.0,0.0,1.0,1.0,0.0,-1.04781174659729,,,,,,,,,,,,,,,,
1783990009.993,46098000,152,1,1,0,10.0,25.0,10.0,25.0,8.834258079528809,25.263357162475586,-0.26335716247558594,39.54418182373047,47.669551849365234,0.0,0.0,0.0,1.0,1.0,0.0,1.1165777444839478,,,,,,,,,,,,,,,,
1783990010.013,46115000,153,1,2,0,10.0,25.0,10.0,25.0,8.749345779418945,25.009048461914062,-0.009047985076904297,46.54730987548828,46.83324432373047,0.0,0.0,0.0,1.0,1.0,0.0,-1.3287312984466553,,,,,,,,,,,,,,,,
1783990010.033,46134000,154,1,3,0,10.0,25.0,10.0,25.0,8.788534164428711,25.51151466369629,-0.5115151405334473,34.86721420288086,50.1784782409668,0.0,0.0,0.0,1.0,1.0,0.0,0.9654892086982727,,,,,,,,,,,,,,,,
1783990010.057,46155000,155,2,255,0,,,,,,,,,,,,,,,,,0.3499999940395355,-1.149999976158142,3.5485715866088867,2.715714454650879,3.5485715866088867,2.715714454650879,0.0,0.0,-0.14419503509998322,0.038994770497083664,0.04234921187162399,1.0,0.0,0.0,0.0,0.0
1783990010.082,46179000,156,1,0,0,10.0,25.0,10.0,25.0,9.499128341674805,25.275516510009766,-0.2755165100097656,35.71512222290039,43.906166076660156,0.0,0.0,0.0,1.0,1.0,0.0,-1.0554938316345215,,,,,,,,,,,,,,,,
1783990010.108,46204000,157,1,1,0,10.0,25.0,10.0,25.0,8.834026336669922,25.2648983001709,-0.2648979425430298,39.532127380371094,47.669551849365234,0.0,0.0,0.0,1.0,1.0,0.0,1.116369605064392,,,,,,,,,,,,,,,,
1783990010.110,46231000,158,1,2,0,10.0,25.0,10.0,25.0,8.742986679077148,25.01308250427246,-0.013083219528198242,46.302249908447266,46.83324432373047,0.0,0.0,0.0,1.0,1.0,0.0,-1.3207823038101196,,,,,,,,,,,,,,,,
1783990010.144,46252000,159,1,3,0,10.0,25.0,10.0,25.0,8.787500381469727,25.510969161987305,-0.5109697580337524,34.614402770996094,50.1784782409668,0.0,0.0,0.0,1.0,1.0,0.0,0.9572798609733582,,,,,,,,,,,,,,,,
1783990010.162,46266000,160,2,255,0,,,,,,,,,,,,,,,,,0.3499999940395355,-1.149999976158142,3.5485715866088867,2.715714454650879,3.5485715866088867,2.715714454650879,0.0,0.0,-0.16258756816387177,0.04629220813512802,0.04297926276922226,1.0,0.0,0.0,0.0,0.0
1783990010.180,46283000,161,1,0,0,10.0,25.0,10.0,25.0,9.498208999633789,25.278610229492188,-0.2786099910736084,35.40204620361328,43.906166076660156,0.0,0.0,0.0,1.0,1.0,0.0,-1.0454994440078735,,,,,,,,,,,,,,,,
1783990010.203,46302000,162,1,1,0,10.0,25.0,10.0,25.0,8.833003044128418,25.264692306518555,-0.2646923065185547,39.62084197998047,47.669551849365234,0.0,0.0,0.0,1.0,1.0,0.0,1.118833303451538,,,,,,,,,,,,,,,,
1783990010.228,46324000,163,1,2,0,10.0,25.0,10.0,25.0,8.750101089477539,25.0087833404541,-0.008782744407653809,46.437721252441406,46.83324432373047,0.0,0.0,0.0,1.0,1.0,0.0,-1.3256021738052368,,,,,,,,,,,,,,,,
1783990010.229,46350000,164,1,3,0,10.0,25.0,10.0,25.0,8.789170265197754,25.510305404663086,-0.5103051662445068,34.48227310180664,50.1784782409668,0.0,0.0,0.0,1.0,1.0,0.0,0.9531092643737793,,,,,,,,,,,,,,,,
1783990010.262,46371000,165,2,255,0,,,,,,,,,,,,,,,,,0.3499999940395355,-1.149999976158142,3.5485715866088867,2.715714454650879,3.5485715866088867,2.715714454650879,0.0,0.0,-0.14619380235671997,0.05317515879869461,0.04241413250565529,1.0,0.0,0.0,0.0,0.0
1783990010.278,46384000,166,1,0,0,10.0,25.0,10.0,25.0,9.502163887023926,25.274282455444336,-0.27428269386291504,35.49907684326172,43.906166076660156,0.0,0.0,0.0,1.0,1.0,0.0,-1.0485920906066895,,,,,,,,,,,,,,,,
1783990010.295,46400000,167,1,1,0,10.0,25.0,10.0,25.0,8.833639144897461,25.264554977416992,-0.2645552158355713,39.659908294677734,47.669551849365234,0.0,0.0,0.0,1.0,1.0,0.0,1.1203458309173584,,,,,,,,,,,,,,,,
1783990010.318,46418000,168,1,2,0,10.0,25.0,10.0,25.0,8.743468284606934,25.012054443359375,-0.012055039405822754,46.618080139160156,46.83324432373047,0.0,0.0,0.0,1.0,1.0,0.0,-1.3309688568115234,,,,,,,,,,,,,,,,
1783990010.341,46440000,169,1,3,0,10.0,25.0,10.0,25.0,8.788436889648438,25.511577606201172,-0.5115777254104614,34.57682418823242,50.1784782409668,0.0,0.0,0.0,1.0,1.0,0.0,0.9560184478759766,,,,,,,,,,,,,,,,
1783990010.369,46464000,170,2,255,0,,,,,,,,,,,,,,,,,0.3499999940395355,-1.149999976158142,3.5485715866088867,2.715714454650879,3.5485715866088867,2.715714454650879,0.0,0.0,-0.14791123569011688,0.045293617993593216,0.04247060790657997,1.0,0.0,0.0,0.0,0.0
1783990010.371,46492000,171,1,0,0,10.0,25.0,10.0,25.0,9.496284484863281,25.277481079101562,-0.27748048305511475,35.27281951904297,43.906166076660156,0.0,0.0,0.0,1.0,1.0,0.0,-1.0407295227050781,,,,,,,,,,,,,,,,
1783990010.405,46513000,172,1,1,0,10.0,25.0,10.0,25.0,8.832974433898926,25.26474952697754,-0.2647489309310913,39.64225387573242,47.669551849365234,0.0,0.0,0.0,1.0,1.0,0.0,1.1197221279144287,,,,,,,,,,,,,,,,
1783990010.427,46527000,173,1,2,0,10.0,25.0,10.0,25.0,8.746210098266602,25.012516021728516,-0.012516975402832031,46.43282699584961,46.83324432373047,0.0,0.0,0.0,1.0,1.0,0.0,-1.325584888458252,,,,,,,,,,,,,,,,
1783990010.443,46544000,174,1,3,0,10.0,25.0,10.0,25.0,8.789472579956055,25.5093994140625,-0.5093991756439209,34.747440338134766,50.1784782409668,0.0,0.0,0.0,1.0,1.0,0.0,0.962043285369873,,,,,,,,,,,,,,,,
1783990010.467,46565000,175,2,255,0,,,,,,,,,,,,,,,,,0.3499999940395355,-1.149999976158142,3.5485715866088867,2.715714454650879,3.5485715866088867,2.715714454650879,0.0,0.0,-0.1412644386291504,0.054011259227991104,0.04225558787584305,1.0,0.0,0.0,0.0,0.0
1783990010.493,46589000,176,1,0,0,10.0,25.0,10.0,25.0,9.49983024597168,25.27557945251465,-0.2755790948867798,35.166175842285156,43.906166076660156,0.0,0.0,0.0,1.0,1.0,0.0,-1.0374019145965576,,,,,,,,,,,,,,,,
1783990010.496,46616000,177,1,1,0,10.0,25.0,10.0,25.0,8.834615707397461,25.263748168945312,-0.26374757289886475,39.68367385864258,47.669551849365234,0.0,0.0,0.0,1.0,1.0,0.0,1.1212760210037231,,,,,,,,,,,,,,,,
1783990010.530,46638000,178,1,2,0,10.0,25.0,10.0,25.0,8.747675895690918,25.009632110595703,-0.009632110595703125,46.537166595458984,46.83324432373047,0.0,0.0,0.0,1.0,1.0,0.0,-1.328776478767395,,,,,,,,,,,,,,,,
1783990010.548,46652000,179,1,3,0,10.0,25.0,10.0,25.0,8.789134979248047,25.511343002319336,-0.5113422870635986,34.59555435180664,50.1784782409668,0.0,0.0,0.0,1.0,1.0,0.0,0.9569547176361084,,,,,,,,,,,,,,,,
1783990010.568,46670000,180,2,255,0,,,,,,,,,,,,,,,,,0.3499999940395355,-1.149999976158142,3.5485715866088867,2.715714454650879,3.5485715866088867,2.715714454650879,0.0,0.0,-0.139806866645813,0.05677906796336174,0.04220971837639809,1.0,0.0,0.0,0.0,0.0
1783990010.589,46690000,181,1,0,0,10.0,25.0,10.0,25.0,9.498104095458984,25.276321411132812,-0.2763211727142334,35.35749816894531,43.906166076660156,0.0,0.0,0.0,1.0,1.0,0.0,-1.04371976852417,,,,,,,,,,,,,,,,
1783990010.613,46711000,182,1,1,0,10.0,25.0,10.0,25.0,8.834370613098145,25.26434898376465,-0.2643495798110962,39.676212310791016,47.669551849365234,0.0,0.0,0.0,1.0,1.0,0.0,1.1207355260849,,,,,,,,,,,,,,,,
1783990010.640,46736000,183,1,2,0,10.0,25.0,10.0,25.0,8.746328353881836,25.011194229125977,-0.01119375228881836,46.52308654785156,46.83324432373047,0.0,0.0,0.0,1.0,1.0,0.0,-1.3282413482666016,,,,,,,,,,,,,,,,
1783990010.643,46763000,184,1,3,0,10.0,25.0,10.0,25.0,8.788786888122559,25.509632110595703,-0.5096316337585449,34.67216491699219,50.1784782409668,0.0,0.0,0.0,1.0,1.0,0.0,0.9592117667198181,,,,,,,,,,,,,,,,
1783990010.672,46782000,185,2,255,0,,,,,,,,,,,,,,,,,0.3499999940395355,-1.149999976158142,3.5485715866088867,2.715714454650879,3.5485715866088867,2.715714454650879,0.0,0.0,-0.1408744752407074,0.0653163492679596,0.04224327206611633,1.0,0.0,0.0,0.0,0.0
1783990010.688,46795000,186,1,0,0,10.0,25.0,10.0,25.0,9.499931335449219,25.27526092529297,-0.27526021003723145,35.56324005126953,43.906166076660156,0.0,0.0,0.0,1.0,1.0,0.0,-1.0501357316970825,,,,,,,,,,,,,,,,
1783990010.705,46810000,187,1,1,0,10.0,25.0,10.0,25.0,8.833925247192383,25.263988494873047,-0.2639889717102051,39.777122497558594,47.669551849365234,0.0,0.0,0.0,1.0,1.0,0.0,1.1239429712295532,,,,,,,,,,,,,,,,
1783990010.726,46827000,188,1,2,0,10.0,25.0,10.0,25.0,8.746843338012695,25.010400772094727,-0.010401010513305664,46.6196174621582,46.83324432373047,0.0,0.0,0.0,1.0,1.0,0.0,-1.331691861152649,,,,,,,,,,,,,,,,
1783990010.749,46848000,189,1,3,0,10.0,25.0,10.0,25.0,8.788982391357422,25.509483337402344,-0.5094826221466064,34.302669525146484,50.1784782409668,0.0,0.0,0.0,1.0,1.0,0.0,0.9476220607757568,,,,,,,,,,,,,,,,
1783990010.776,46871000,190,2,255,0,,,,,,,,,,,,,,,,,0.3499999940395355,-1.149999976158142,3.5485715866088867,2.715714454650879,3.5485715866088867,2.715714454650879,0.0,0.0,-0.1427275687456131,0.06621971726417542,0.042302098125219345,1.0,0.0,0.0,0.0,0.0
1783990010.778,46899000,191,1,0,0,10.0,25.0,10.0,25.0,9.496820449829102,25.27642250061035,-0.27642250061035156,35.49103546142578,43.906166076660156,0.0,0.0,0.0,1.0,1.0,0.0,-1.0477449893951416,,,,,,,,,,,,,,,,
1783990010.812,46921000,192,1,1,0,10.0,25.0,10.0,25.0,8.83301830291748,25.264772415161133,-0.26477277278900146,39.64776611328125,47.669551849365234,0.0,0.0,0.0,1.0,1.0,0.0,1.119692325592041,,,,,,,,,,,,,,,,
1783990010.828,46934000,193,1,2,0,10.0,25.0,10.0,25.0,8.7456693649292,25.011241912841797,-0.011241436004638672,46.37651824951172,46.83324432373047,0.0,0.0,0.0,1.0,1.0,0.0,-1.323570966720581,,,,,,,,,,,,,,,,
1783990010.846,46950000,194,1,3,0,10.0,25.0,10.0,25.0,8.788618087768555,25.510156631469727,-0.5101561546325684,34.612342834472656,50.1784782409668,0.0,0.0,0.0,1.0,1.0,0.0,0.9573505520820618,,,,,,,,,,,,,,,,
1783990010.870,46969000,195,2,255,0,,,,,,,,,,,,,,,,,0.3499999940395355,-1.149999976158142,3.5485715866088867,2.715714454650879,3.5485715866088867,2.715714454650879,0.0,0.0,-0.16888684034347534,0.07548193633556366,0.04321182891726494,1.0,0.0,0.0,0.0,0.0
1783990010.891,46991000,196,1,0,0,10.0,25.0,10.0,25.0,9.49977970123291,25.27669906616211,-0.27669966220855713,35.615318298339844,43.906166076660156,0.0,0.0,0.0,1.0,1.0,0.0,-1.0520626306533813,,,,,,,,,,,,,,,,
1783990010.918,47014000,197,1,1,0,10.0,25.0,10.0,25.0,8.833935737609863,25.263980865478516,-0.26398003101348877,39.57572555541992,47.669551849365234,0.0,0.0,0.0,1.0,1.0,0.0,1.1171910762786865,,,,,,,,,,,,,,,,
1783990010.919,47040000,198,1,2,0,10.0,25.0,10.0,25.0,8.74940299987793,25.010025024414062,-0.010025501251220703,46.40559387207031,46.83324432373047,0.0,0.0,0.0,1.0,1.0,0.0,-1.3250776529312134,,,,,,,,,,,,,,,,
1783990010.952,47061000,199,1,3,0,10.0,25.0,10.0,25.0,8.790009498596191,25.509685516357422,-0.5096852779388428,34.687618255615234,50.1784782409668,0.0,0.0,0.0,1.0,1.0,0.0,0.9598701000213623,,,,,,,,,,,,,,,,
1783990010.967,47075000,200,2,255,0,,,,,,,,,,,,,,,,,0.3499999940395355,-1.149999976158142,3.5485715866088867,2.715714454650879,3.5485715866088867,2.715714454650879,0.0,0.0,-0.15663492679595947,0.07097489386796951,0.042767345905303955,1.0,0.0,0.0,0.0,0.0
1783990010.981,47088000,201,1,0,0,10.0,25.0,10.0,25.0,9.498015403747559,25.27674102783203,-0.2767413854598999,35.31672668457031,43.906166076660156,0.0,0.0,0.0,1.0,1.0,0.0,-1.0418353080749512,,,,,,,,,,,,,,,,
1783990011.001,47104000,202,1,1,0,10.0,25.0,10.0,25.0,8.833321571350098,25.265180587768555,-0.2651810646057129,39.56346130371094,47.669551849365234,0.0,0.0,0.0,1.0,1.0,0.0,1.1171119213104248,,,,,,,,,,,,,,,,
1783990011.022,47122000,203,1,2,0,10.0,25.0,10.0,25.0,8.746459007263184,25.01091957092285,-0.010919570922851562,46.22578811645508,46.83324432373047,0.0,0.0,0.0,1.0,1.0,0.0,-1.3190361261367798,,,,,,,,,,,,,,,,
1783990011.047,47144000,204,1,3,0,10.0,25.0,10.0,25.0,8.789214134216309,25.509998321533203,-0.5099982023239136,34.5673828125,50.1784782409668,0.0,0.0,0.0,1.0,1.0,0.0,0.9559953212738037,,,,,,,,,,,,,,,,
1783990011.049,47170000,205,2,255,0,,,,,,,,,,,,,,,,,0.3499999940395355,-1.149999976158142,3.5485715866088867,2.715714454650879,3.5485715866088867,2.715714454650879,0.0,0.0,-0.16823706030845642,0.07326234877109528,0.043187446892261505,1.0,0.0,0.0,0.0,0.0
1783990011.080,47190000,206,1,0,0,10.0,25.0,10.0,25.0,9.50035285949707,25.27543830871582,-0.2754390239715576,35.49689483642578,43.906166076660156,0.0,0.0,0.0,1.0,1.0,0.0,-1.0482851266860962,,,,,,,,,,,,,,,,
1783990011.096,47202000,207,1,1,0,10.0,25.0,10.0,25.0,8.834624290466309,25.263742446899414,-0.2637416124343872,39.625755310058594,47.669551849365234,0.0,0.0,0.0,1.0,1.0,0.0,1.1193538904190063,,,,,,,,,,,,,,,,
1783990011.096,47217000,208,1,2,0,10.0,25.0,10.0,25.0,8.748377799987793,25.010818481445312,-0.010818243026733398,46.52725601196289,46.83324432373047,0.0,0.0,0.0,1.0,1.0,0.0,-1.3285716772079468,,,,,,,,,,,,,,,,
1783990011.135,47236000,209,1,3,0,10.0,25.0,10.0,25.0,8.789628028869629,25.50934600830078,-0.509345531463623,34.6450309753418,50.1784782409668,0.0,0.0,0.0,1.0,1.0,0.0,0.9583672881126404,,,,,,,,,,,,,,,,
1783990011.159,47257000,210,2,255,0,,,,,,,,,,,,,,,,,0.3499999940395355,-1.149999976158142,3.5485715866088867,2.715714454650879,3.5485715866088867,2.715714454650879,0.0,0.0,-0.16227270662784576,0.07419897615909576,0.042967863380908966,1.0,0.0,0.0,0.0,0.0
1783990011.184,47281000,211,1,0,0,10.0,25.0,10.0,25.0,9.500753402709961,25.274860382080078,-0.27486085891723633,35.48142623901367,43.906166076660156,0.0,0.0,0.0,1.0,1.0,0.0,-1.047628402709961,,,,,,,,,,,,,,,,
1783990011.211,47306000,212,1,1,0,10.0,25.0,10.0,25.0,8.834959030151367,25.263202667236328,-0.2632021903991699,39.75517272949219,47.669551849365234,0.0,0.0,0.0,1.0,1.0,0.0,1.1235809326171875,,,,,,,,,,,,,,,,
1783990011.213,47333000,213,1,2,0,10.0,25.0,10.0,25.0,8.747957229614258,25.009445190429688,-0.009444355964660645,46.659725189208984,46.83324432373047,0.0,0.0,0.0,1.0,1.0,0.0,-1.3329545259475708,,,,,,,,,,,,,,,,
1783990011.245,47354000,214,1,3,0,10.0,25.0,10.0,25.0,8.787726402282715,25.511741638183594,-0.5117416381835938,34.14839172363281,50.1784782409668,0.0,0.0,0.0,1.0,1.0,0.0,0.9425951242446899,,,,,,,,,,,,,,,,
1783990011.261,47367000,215,2,255,0,,,,,,,,,,,,,,,,,0.3499999940395355,-1.149999976158142,3.5485715866088867,2.715714454650879,3.5485715866088867,2.715714454650879,0.0,0.0,-0.1681780368089676,0.06206126511096954,0.04318523406982422,1.0,0.0,0.0,0.0,0.0
1783990011.277,47383000,216,1,0,0,10.0,25.0,10.0,25.0,9.496939659118652,25.277286529541016,-0.2772867679595947,35.544212341308594,43.906166076660156,0.0,0.0,0.0,1.0,1.0,0.0,-1.0496922731399536,,,,,,,,,,,,,,,,
1783990011.298,47400000,217,1,1,0,10.0,25.0,10.0,25.0,8.83333969116211,25.265132904052734,-0.2651333808898926,39.601287841796875,47.669551849365234,0.0,0.0,0.0,1.0,1.0,0.0,1.1183527708053589,,,,,,,,,,,,,,,,
1783990011.319,47420000,218,1,2,0,10.0,25.0,10.0,25.0,8.744691848754883,25.013044357299805,-0.013044476509094238,46.54165267944336,46.83324432373047,0.0,0.0,0.0,1.0,1.0,0.0,-1.3287893533706665,,,,,,,,,,,,,,,,
1783990011.344,47442000,219,1,3,0,10.0,25.0,10.0,25.0,8.790197372436523,25.508249282836914,-0.5082488059997559,34.490230560302734,50.1784782409668,0.0,0.0,0.0,1.0,1.0,0.0,0.9536920189857483,,,,,,,,,,,,,,,,
1783990011.372,47466000,220,2,255,0,,,,,,,,,,,,,,,,,0.3499999940395355,-1.149999976158142,3.5485715866088867,2.715714454650879,3.5485715866088867,2.715714454650879,0.0,0.0,-0.16982463002204895,0.06902006268501282,0.04324718192219734,1.0,0.0,0.0,0.0,0.0
1783990011.374,47494000,221,1,0,0,10.0,25.0,10.0,25.0,9.498985290527344,25.277048110961914,-0.27704834938049316,35.55573654174805,43.906166076660156,0.0,0.0,0.0,1.0,1.0,0.0,-1.050243616104126,,,,,,,,,,,,,,,,
1783990011.406,47515000,222,1,1,0,10.0,25.0,10.0,25.0,8.832626342773438,25.265300750732422,-0.26530027389526367,39.19626235961914,47.669551849365234,0.0,0.0,0.0,1.0,1.0,0.0,1.105481505393982,,,,,,,,,,,,,,,,
1783990011.422,47528000,223,1,2,0,10.0,25.0,10.0,25.0,8.74785327911377,25.010522842407227,-0.010523200035095215,46.519065856933594,46.83324432373047,0.0,0.0,0.0,1.0,1.0,0.0,-1.3283547163009644,,,,,,,,,,,,,,,,
1783990011.440,47544000,224,1,3,0,10.0,25.0,10.0,25.0,8.789992332458496,25.509733200073242,-0.5097329616546631,34.62227249145508,50.1784782409668,0.0,0.0,0.0,1.0,1.0,0.0,0.9579534530639648,,,,,,,,,,,,,,,,
1783990011.463,47563000,225,2,255,0,,,,,,,,,,,,,,,,,0.3499999940395355,-1.149999976158142,3.5485715866088867,2.715714454650879,3.5485715866088867,2.715714454650879,0.0,0.0,-0.16155612468719482,0.06127379834651947,0.04294199496507645,1.0,0.0,0.0,0.0,0.0
1783990011.487,47585000,226,1,0,0,10.0,25.0,10.0,25.0,9.494891166687012,25.279390335083008,-0.279390811920166,35.57786560058594,43.906166076660156,0.0,0.0,0.0,1.0,1.0,0.0,-1.0505070686340332,,,,,,,,,,,,,,,,
1783990011.514,47610000,227,1,1,0,10.0,25.0,10.0,25.0,8.834208488464355,25.264787673950195,-0.2647876739501953,39.17884826660156,47.669551849365234,0.0,0.0,0.0,1.0,1.0,0.0,1.1048263311386108,,,,,,,,,,,,,,,,
1783990011.516,47636000,228,1,2,0,10.0,25.0,10.0,25.0,8.744349479675293,25.011276245117188,-0.011277198791503906,46.35304260253906,46.83324432373047,0.0,0.0,0.0,1.0,1.0,0.0,-1.322654366493225,,,,,,,,,,,,,,,,
1783990011.548,47656000,229,1,3,0,10.0,25.0,10.0,25.0,8.788495063781738,25.511470794677734,-0.5114704370498657,34.040061950683594,50.1784782409668,0.0,0.0,0.0,1.0,1.0,0.0,0.9394727349281311,,,,,,,,,,,,,,,,
1783990011.563,47669000,230,2,255,0,,,,,,,,,,,,,,,,,0.3499999940395355,-1.149999976158142,3.5485715866088867,2.715714454650879,3.5485715866088867,2.715714454650879,0.0,0.0,-0.17882061004638672,0.071095772087574,0.043595898896455765,1.0,0.0,0.0,0.0,0.0
1783990011.581,47685000,231,1,0,0,10.0,25.0,10.0,25.0,9.502631187438965,25.275623321533203,-0.27562379837036133,35.71726989746094,43.906166076660156,0.0,0.0,0.0,1.0,1.0,0.0,-1.0560455322265625,,,,,,,,,,,,,,,,
1783990011.603,47703000,232,1,1,0,10.0,25.0,10.0,25.0,8.833953857421875,25.263933181762695,-0.26393234729766846,39.511722564697266,47.669551849365234,0.0,0.0,0.0,1.0,1.0,0.0,1.115598201751709,,,,,,,,,,,,,,,,
1783990011.626,47724000,233,1,2,0,10.0,25.0,10.0,25.0,8.750757217407227,25.00859832763672,-0.008597970008850098,46.54853820800781,46.83324432373047,0.0,0.0,0.0,1.0,1.0,0.0,-1.32962167263031,,,,,,,,,,,,,,,,
1783990011.653,47749000,234,1,3,0,10.0,25.0,10.0,25.0,8.790193557739258,25.509483337402344,-0.5094826221466064,34.221927642822266,50.1784782409668,0.0,0.0,0.0,1.0,1.0,0.0,0.9452699422836304,,,,,,,,,,,,,,,,
1783990011.655,47776000,235,2,255,0,,,,,,,,,,,,,,,,,0.3499999940395355,-1.149999976158142,3.5485715866088867,2.715714454650879,3.5485715866088867,2.715714454650879,0.0,0.0,-0.1711769700050354,0.06937055289745331,0.043298497796058655,1.0,0.0,0.0,0.0,0.0
1783990011.690,47798000,236,1,0,0,10.0,25.0,10.0,25.0,9.495954513549805,25.277137756347656,-0.27713775634765625,35.547515869140625,43.906166076660156,0.0,0.0,0.0,1.0,1.0,0.0,-1.0495312213897705,,,,,,,,,,,,,,,,
1783990011.709,47813000,237,1,1,0,10.0,25.0,10.0,25.0,8.83349323272705,25.26508331298828,-0.2650827169418335,39.53969955444336,47.669551849365234,0.0,0.0,0.0,1.0,1.0,0.0,1.1162089109420776,,,,,,,,,,,,,,,,
1783990011.730,47831000,238,1,2,0,10.0,25.0,10.0,25.0,8.742864608764648,25.013219833374023,-0.01322031021118164,46.397186279296875,46.83324432373047,0.0,0.0,0.0,1.0,1.0,0.0,-1.3237758874893188,,,,,,,,,,,,,,,,
1783990011.755,47852000,239,1,3,0,10.0,25.0,10.0,25.0,8.788849830627441,25.509613037109375,-0.5096137523651123,34.64120864868164,50.1784782409668,0.0,0.0,0.0,1.0,1.0,0.0,0.958180844783783,,,,,,,,,,,,,,,,
1783990011.782,47877000,240,2,255,0,,,,,,,,,,,,,,,,,0.3499999940395355,-1.149999976158142,3.5485715866088867,2.715714454650879,3.5485715866088867,2.715714454650879,0.0,0.0,-0.17806275188922882,0.07155100256204605,0.04356585070490837,1.0,0.0,0.0,0.0,0.0
1783990011.785,47904000,241,1,0,0,10.0,25.0,10.0,25.0,9.500134468078613,25.275997161865234,-0.2759963274002075,35.449951171875,43.906166076660156,0.0,0.0,0.0,1.0,1.0,0.0,-1.0466887950897217,,,,,,,,,,,,,,,,
1783990011.815,47924000,242,1,1,0,10.0,25.0,10.0,25.0,8.834135055541992,25.263484954833984,-0.263485312461853,39.68975067138672,47.669551849365234,0.0,0.0,0.0,1.0,1.0,0.0,1.1213253736495972,,,,,,,,,,,,,,,,
1783990011.832,47938000,243,1,2,0,10.0,25.0,10.0,25.0,8.749470710754395,25.009902954101562,-0.009903311729431152,46.51619338989258,46.83324432373047,0.0,0.0,0.0,1.0,1.0,0.0,-1.3286429643630981,,,,,,,,,,,,,,,,
1783990011.850,47954000,244,1,3,0,10.0,25.0,10.0,25.0,8.791229248046875,25.509769439697266,-0.5097687244415283,34.58502960205078,50.1784782409668,0.0,0.0,0.0,1.0,1.0,0.0,0.9569418430328369,,,,,,,,,,,,,,,,
1783990011.873,47973000,245,2,255,0,,,,,,,,,,,,,,,,,0.3499999940395355,-1.149999976158142,3.5485715866088867,2.715714454650879,3.5485715866088867,2.715714454650879,0.0,0.0,-0.16189011931419373,0.07104610651731491,0.042954038828611374,1.0,0.0,0.0,0.0,0.0
1783990011.897,47994000,246,1,0,0,10.0,25.0,10.0,25.0,9.499706268310547,25.275724411010742,-0.2757251262664795,35.5838623046875,43.906166076660156,0.0,0.0,0.0,1.0,1.0,0.0,-1.051064133644104,,,,,,,,,,,,,,,,
1783990011.924,48020000,247,1,1,0,10.0,25.0,10.0,25.0,8.8342924118042,25.264375686645508,-0.2643764019012451,39.700714111328125,47.669551849365234,0.0,0.0,0.0,1.0,1.0,0.0,1.1219347715377808,,,,,,,,,,,,,,,,
1783990011.926,48047000,248,1,2,0,10.0,25.0,10.0,25.0,8.745613098144531,25.011259078979492,-0.011259317398071289,46.27324295043945,46.83324432373047,0.0,0.0,0.0,1.0,1.0,0.0,-1.3204032182693481,,,,,,,,,,,,,,,,
1783990011.962,48069000,249,1,3,0,10.0,25.0,10.0,25.0,8.787947654724121,25.51131248474121,-0.5113124847412109,34.48260498046875,50.1784782409668,0.0,0.0,0.0,1.0,1.0,0.0,0.953555703163147,,,,,,,,,,,,,,,,
1783990011.980,48084000,250,2,255,0,,,,,,,,,,,,,,,,,0.3499999940395355,-1.149999976158142,3.5485715866088867,2.715714454650879,3.5485715866088867,2.715714454650879,0.0,0.0,-0.17495113611221313,0.06607776880264282,0.04344377666711807,1.0,0.0,0.0,0.0,0.0
1783990011.998,48101000,251,1,0,0,10.0,25.0,10.0,25.0,9.497998237609863,25.277788162231445,-0.277787446975708,35.44496154785156,43.906166076660156,0.0,0.0,0.0,1.0,1.0,0.0,-1.0466663837432861,,,,,,,,,,,,,,,,
1783990012.021,48120000,252,1,1,0,10.0,25.0,10.0,25.0,8.833855628967285,25.264015197753906,-0.264015793800354,39.628055572509766,47.669551849365234,0.0,0.0,0.0,1.0,1.0,0.0,1.119411826133728,,,,,,,,,,,,,,,,
1783990012.045,48143000,253,1,2,0,10.0,25.0,10.0,25.0,8.745598793029785,25.01274299621582,-0.012743473052978516,46.42084884643555,46.83324432373047,0.0,0.0,0.0,1.0,1.0,0.0,-1.3249711990356445,,,,,,,,,,,,,,,,
1783990012.073,48168000,254,1,3,0,10.0,25.0,10.0,25.0,8.790133476257324,25.509557723999023,-0.5095571279525757,34.58597946166992,50.1784782409668,0.0,0.0,0.0,1.0,1.0,0.0,0.9569998383522034,,,,,,,,,,,,,,,,
1783990012.075,48196000,255,2,255,0,,,,,,,,,,,,,,,,,0.3499999940395355,-1.149999976158142,3.5485715866088867,2.715714454650879,3.5485715866088867,2.715714454650879,0.0,0.0,-0.16596189141273499,0.06696952134370804,0.04310277849435806,1.0,0.0,0.0,0.0,0.0
1783990012.110,48218000,0,1,0,0,10.0,25.0,10.0,25.0,9.499189376831055,25.275501251220703,-0.2755016088485718,35.53242111206055,43.906166076660156,0.0,0.0,0.0,1.0,1.0,0.0,-1.0496028661727905,,,,,,,,,,,,,,,,
1783990012.129,48232000,1,1,1,0,10.0,25.0,10.0,25.0,8.83372688293457,25.264495849609375,-0.2644956111907959,39.413841247558594,47.669551849365234,0.0,0.0,0.0,1.0,1.0,0.0,1.1123747825622559,,,,,,,,,,,,,,,,
1783990012.149,48250000,2,1,2,0,10.0,25.0,10.0,25.0,8.746564865112305,25.010494232177734,-0.01049339771270752,46.565364837646484,46.83324432373047,0.0,0.0,0.0,1.0,1.0,0.0,-1.3296273946762085,,,,,,,,,,,,,,,,
1783990012.173,48271000,3,1,3,0,10.0,25.0,10.0,25.0,8.788804054260254,25.510995864868164,-0.5109965801239014,34.4192008972168,50.1784782409668,0.0,0.0,0.0,1.0,1.0,0.0,0.951366662979126,,,,,,,,,,,,,,,,
1783990012.200,48296000,4,2,255,0,,,,,,,,,,,,,,,,,0.3499999940395355,-1.149999976158142,3.5485715866088867,2.715714454650879,3.5485715866088867,2.715714454650879,0.0,0.0,-0.1689944714307785,0.05678189545869827,0.043215878307819366,1.0,0.0,0.0,0.0,0.0
1783990012.202,48323000,5,1,0,0,10.0,25.0,10.0,25.0,9.496922492980957,25.278701782226562,-0.27870237827301025,35.4873046875,43.906166076660156,0.0,0.0,0.0,1.0,1.0,0.0,-1.0479059219360352,,,,,,,,,,,,,,,,
1783990012.236,48344000,6,1,1,0,10.0,25.0,10.0,25.0,8.834622383117676,25.263744354248047,-0.263744592666626,39.61460876464844,47.669551849365234,0.0,0.0,0.0,1.0,1.0,0.0,1.1189782619476318,,,,,,,,,,,,,,,,
1783990012.255,48359000,7,1,2,0,10.0,25.0,10.0,25.0,8.746639251708984,25.010568618774414,-0.010567903518676758,46.786903381347656,46.83324432373047,0.0,0.0,0.0,1.0,1.0,0.0,-1.3363873958587646,,,,,,,,,,,,,,,,
1783990012.273,48376000,8,1,3,0,10.0,25.0,10.0,25.0,8.788572311401367,25.511539459228516,-0.5115389823913574,34.880130767822266,50.1784782409668,0.0,0.0,0.0,1.0,1.0,0.0,0.9661270380020142,,,,,,,,,,,,,,,,
1783990012.274,48396000,9,2,255,0,,,,,,,,,,,,,,,,,0.3499999940395355,-1.149999976158142,3.5485715866088867,2.715714454650879,3.5485715866088867,2.715714454650879,0.0,0.0,-0.16351540386676788,0.057406626641750336,0.04301298037171364,1.0,0.0,0.0,0.0,0.0
1783990012.324,48419000,10,1,0,0,10.0,25.0,10.0,25.0,9.500876426696777,25.275754928588867,-0.2757549285888672,35.44426345825195,43.906166076660156,0.0,0.0,0.0,1.0,1.0,0.0,-1.046921968460083,,,,,,,,,,,,,,,,
1783990012.326,48446000,11,1,1,0,10.0,25.0,10.0,25.0,8.832817077636719,25.264930725097656,-0.26493072509765625,39.667423248291016,47.669551849365234,0.0,0.0,0.0,1.0,1.0,0.0,1.1203564405441284,,,,,,,,,,,,,,,,
1783990012.359,48467000,12,1,2,0,10.0,25.0,10.0,25.0,8.74537467956543,25.011821746826172,-0.01182258129119873,46.427364349365234,46.83324432373047,0.0,0.0,0.0,1.0,1.0,0.0,-1.3251773118972778,,,,,,,,,,,,,,,,
1783990012.375,48481000,13,1,3,0,10.0,25.0,10.0,25.0,8.788158416748047,25.51210594177246,-0.5121052265167236,34.32761001586914,50.1784782409668,0.0,0.0,0.0,1.0,1.0,0.0,0.9480271339416504,,,,,,,,,,,,,,,,
1783990012.393,48497000,14,2,255,0,,,,,,,,,,,,,,,,,0.3499999940395355,-1.149999976158142,3.5485715866088867,2.715714454650879,3.5485715866088867,2.715714454650879,0.0,0.0,-0.16285011172294617,0.048033807426691055,0.04298878461122513,1.0,0.0,0.0,0.0,0.0
1783990012.417,48516000,15,1,0,0,10.0,25.0,10.0,25.0,9.4966402053833,25.276884078979492,-0.27688443660736084,35.44845962524414,43.906166076660156,0.0,0.0,0.0,1.0,1.0,0.0,-1.0463597774505615,,,,,,,,,,,,,,,,
1783990012.443,48538000,16,1,1,0,10.0,25.0,10.0,25.0,8.833405494689941,25.26511573791504,-0.26511549949645996,39.61371612548828,47.669551849365234,0.0,0.0,0.0,1.0,1.0,0.0,1.1187810897827148,,,,,,,,,,,,,,,,
1783990012.444,48565000,17,1,2,0,10.0,25.0,10.0,25.0,8.745680809020996,25.01123809814453,-0.011238455772399902,46.33143615722656,46.83324432373047,0.0,0.0,0.0,1.0,1.0,0.0,-1.3221513032913208,,,,,,,,,,,,,,,,
1783990012.476,48586000,18,1,3,0,10.0,25.0,10.0,25.0,8.789714813232422,25.510242462158203,-0.5102425813674927,34.52663803100586,50.1784782409668,0.0,0.0,0.0,1.0,1.0,0.0,0.9545074701309204,,,,,,,,,,,,,,,,
1783990012.492,48598000,19,2,255,0,,,,,,,,,,,,,,,,,0.3499999940395355,-1.149999976158142,3.5485715866088867,2.715714454650879,3.5485715866088867,2.715714454650879,0.0,0.0,-0.17142604291439056,0.05156255513429642,0.043307989835739136,1.0,0.0,0.0,0.0,0.0
1783990012.510,48614000,20,1,0,0,10.0,25.0,10.0,25.0,9.50137996673584,25.276100158691406,-0.27610063552856445,35.52409362792969,43.906166076660156,0.0,0.0,0.0,1.0,1.0,0.0,-1.0493133068084717,,,,,,,,,,,,,,,,
1783990012.533,48632000,21,1,1,0,10.0,25.0,10.0,25.0,8.83328914642334,25.26424789428711,-0.264248251914978,39.651885986328125,47.669551849365234,0.0,0.0,0.0,1.0,1.0,0.0,1.1199184656143188,,,,,,,,,,,,,,,,
1783990012.557,48654000,22,1,2,0,10.0,25.0,10.0,25.0,8.749590873718262,25.009531021118164,-0.009530782699584961,46.72470474243164,46.83324432373047,0.0,0.0,0.0,1.0,1.0,0.0,-1.335045337677002,,,,,,,,,,,,,,,,
1783990012.584,48680000,23,1,3,0,10.0,25.0,10.0,25.0,8.790522575378418,25.510019302368164,-0.510019063949585,34.511688232421875,50.1784782409668,0.0,0.0,0.0,1.0,1.0,0.0,0.9541641473770142,,,,,,,,,,,,,,,,
1783990012.586,48707000,24,2,255,0,,,,,,,,,,,,,,,,,0.3499999940395355,-1.149999976158142,3.5485715866088867,2.715714454650879,3.5485715866088867,2.715714454650879,0.0,0.0,-0.15888026356697083,0.03990106284618378,0.04284638166427612,1.0,0.0,0.0,0.0,0.0
1783990012.621,48729000,25,1,0,0,10.0,25.0,10.0,25.0,9.495641708374023,25.277769088745117,-0.2777695655822754,35.4394645690918,43.906166076660156,0.0,0.0,0.0,1.0,1.0,0.0,-1.0461548566818237,,,,,,,,,,,,,,,,
1783990012.638,48743000,26,1,1,0,10.0,25.0,10.0,25.0,8.834142684936523,25.26490020751953,-0.26490092277526855,39.648033142089844,47.669551849365234,0.0,0.0,0.0,1.0,1.0,0.0,1.1198272705078125,,,,,,,,,,,,,,,,
1783990012.657,48760000,27,1,2,0,10.0,25.0,10.0,25.0,8.743566513061523,25.012928009033203,-0.012928247451782227,46.35334777832031,46.83324432373047,0.0,0.0,0.0,1.0,1.0,0.0,-1.3228026628494263,,,,,,,,,,,,,,,,
1783990012.679,48780000,28,1,3,0,10.0,25.0,10.0,25.0,8.788545608520508,25.51018524169922,-0.510185956954956,34.53484344482422,50.1784782409668,0.0,0.0,0.0,1.0,1.0,0.0,0.9545564651489258,,,,,,,,,,,,,,,,
1783990012.705,48802000,29,2,255,0,,,,,,,,,,,,,,,,,0.3499999940395355,-1.149999976158142,3.5485715866088867,2.715714454650879,3.5485715866088867,2.715714454650879,0.0,0.0,-0.1697153002023697,0.04298513010144234,0.04324305057525635,1.0,0.0,0.0,0.0,0.0
1783990012.707,48828000,30,1,0,0,10.0,25.0,10.0,25.0,9.500052452087402,25.27615737915039,-0.2761572599411011,35.57442855834961,43.906166076660156,0.0,0.0,0.0,1.0,1.0,0.0,-1.050524353981018,,,,,,,,,,,,,,,,
1783990012.741,48849000,31,1,1,0,10.0,25.0,10.0,25.0,8.833935737609863,25.263980865478516,-0.26398003101348877,39.68568420410156,47.669551849365234,0.0,0.0,0.0,1.0,1.0,0.0,1.1211596727371216,,,,,,,,,,,,,,,,
1783990012.759,48864000,32,1,2,0,10.0,25.0,10.0,25.0,8.748655319213867,25.010282516479492,-0.010281801223754883,46.81151580810547,46.83324432373047,0.0,0.0,0.0,1.0,1.0,0.0,-1.3369966745376587,,,,,,,,,,,,,,,,
1783990012.778,48881000,33,1,3,0,10.0,25.0,10.0,25.0,8.791091918945312,25.510156631469727,-0.5101561546325684,34.41577911376953,50.1784782409668,0.0,0.0,0.0,1.0,1.0,0.0,0.9508004784584045,,,,,,,,,,,,,,,,
1783990012.802,48901000,34,2,255,0,,,,,,,,,,,,,,,,,0.3499999940395355,-1.149999976158142,3.5485715866088867,2.715714454650879,3.5485715866088867,2.715714454650879,0.0,0.0,-0.15223555266857147,0.04658814147114754,0.04261564463376999,1.0,0.0,0.0,0.0,0.0
1783990012.828,48924000,35,1,0,0,10.0,25.0,10.0,25.0,9.499994277954102,25.275146484375,-0.2751469612121582,35.43848419189453,43.906166076660156,0.0,0.0,0.0,1.0,1.0,0.0,-1.04606032371521,,,,,,,,,,,,,,,,
1783990012.830,48951000,36,1,1,0,10.0,25.0,10.0,25.0,8.83465576171875,25.26378059387207,-0.2637803554534912,39.68372344970703,47.669551849365234,0.0,0.0,0.0,1.0,1.0,0.0,1.1210678815841675,,,,,,,,,,,,,,,,
1783990012.864,48973000,37,1,2,0,10.0,25.0,10.0,25.0,8.74341869354248,25.012117385864258,-0.012117624282836914,46.67085266113281,46.83324432373047,0.0,0.0,0.0,1.0,1.0,0.0,-1.3329517841339111,,,,,,,,,,,,,,,,
1783990012.864,48986000,38,1,3,0,10.0,25.0,10.0,25.0,8.788034439086914,25.511259078979492,-0.5112588405609131,34.93770217895508,50.1784782409668,0.0,0.0,0.0,1.0,1.0,0.0,0.967414140701294,,,,,,,,,,,,,,,,
1783990012.901,49003000,39,2,255,0,,,,,,,,,,,,,,,,,0.3499999940395355,-1.149999976158142,3.5485715866088867,2.715714454650879,3.5485715866088867,2.715714454650879,0.0,0.0,-0.15921300649642944,0.04682707041501999,0.04285818710923195,1.0,0.0,0.0,0.0,0.0
1783990012.927,49023000,40,1,0,0,10.0,25.0,10.0,25.0,9.497865676879883,25.279176712036133,-0.2791762351989746,35.36743927001953,43.906166076660156,0.0,0.0,0.0,1.0,1.0,0.0,-1.0442825555801392,,,,,,,,,,,,,,,,
1783990012.951,49047000,41,1,1,0,10.0,25.0,10.0,25.0,8.833895683288574,25.264049530029297,-0.26404857635498047,39.74335479736328,47.669551849365234,0.0,0.0,0.0,1.0,1.0,0.0,1.1227097511291504,,,,,,,,,,,,,,,,
1783990012.953,49074000,42,1,2,0,10.0,25.0,10.0,25.0,8.746137619018555,25.01155662536621,-0.011557340621948242,46.568538665771484,46.83324432373047,0.0,0.0,0.0,1.0,1.0,0.0,-1.3300273418426514,,,,,,,,,,,,,,,,
1783990012.987,49095000,43,1,3,0,10.0,25.0,10.0,25.0,8.788556098937988,25.51005744934082,-0.510057806968689,34.745643615722656,50.1784782409668,0.0,0.0,0.0,1.0,1.0,0.0,0.9611554741859436,,,,,,,,,,,,,,,,
1783990013.006,49110000,44,2,255,0,,,,,,,,,,,,,,,,,0.3499999940395355,-1.149999976158142,3.5485715866088867,2.715714454650879,3.5485715866088867,2.715714454650879,0.0,0.0,-0.16813774406909943,0.0582585372030735,0.04318372532725334,1.0,0.0,0.0,0.0,0.0
1783990013.025,49127000,45,1,0,0,10.0,25.0,10.0,25.0,9.517576217651367,25.278499603271484,-0.2784997224807739,35.18766403198242,43.906166076660156,0.0,0.0,0.0,1.0,1.0,0.0,-1.0407330989837646,,,,,,,,,,,,,,,,
1783990013.050,49148000,46,1,1,0,10.0,25.0,10.0,25.0,8.826644897460938,25.262317657470703,-0.26231706142425537,39.751991271972656,47.669551849365234,0.0,0.0,0.0,1.0,1.0,0.0,1.1222281455993652,,,,,,,,,,,,,,,,
1783990013.075,49173000,47,1,2,0,10.0,25.0,10.0,25.0,8.773030281066895,24.99883460998535,0.0011652708053588867,46.8930549621582,46.83324432373047,0.0,0.0,0.0,1.0,1.0,0.0,-1.3429932594299316,,,,,,,,,,,,,,,,
1783990013.077,49198000,48,1,3,0,10.0,25.0,10.0,25.0,8.80607795715332,25.511520385742188,-0.5115211009979248,34.61508560180664,50.1784782409668,0.0,0.0,0.0,1.0,1.0,0.0,0.9589677453041077,,,,,,,,,,,,,,,,
1783990013.110,49219000,49,2,255,0,,,,,,,,,,,,,,,,,0.3499999940395355,-1.149999976158142,3.5485715866088867,2.715714454650879,3.5485715866088867,2.715714454650879,0.0,0.0,-0.1181706041097641,0.04725802689790726,0.0415833406150341,1.0,0.0,0.0,0.0,0.0
1783990013.128,49233000,50,1,0,0,10.0,25.0,10.0,25.0,9.516149520874023,25.27523422241211,-0.2752333879470825,35.424747467041016,43.906166076660156,0.0,0.0,0.0,1.0,1.0,0.0,-1.0471593141555786,,,,,,,,,,,,,,,,
1783990013.148,49250000,51,1,1,0,10.0,25.0,10.0,25.0,8.866678237915039,25.25397491455078,-0.25397539138793945,39.9980583190918,47.669551849365234,0.0,0.0,0.0,1.0,1.0,0.0,1.134218692779541,,,,,,,,,,,,,,,,
1783990013.172,49270000,52,1,2,0,10.0,25.0,10.0,25.0,8.751683235168457,25.00431251525879,-0.004312396049499512,46.404693603515625,46.83324432373047,0.0,0.0,0.0,1.0,1.0,0.0,-1.32473623752594,,,,,,,,,,,,,,,,
1783990013.197,49294000,53,1,3,0,10.0,25.0,10.0,25.0,8.81173324584961,25.515287399291992,-0.5152881145477295,34.81188201904297,50.1784782409668,0.0,0.0,0.0,1.0,1.0,0.0,0.9659460186958313,,,,,,,,,,,,,,,,
1783990013.223,49319000,54,2,255,0,,,,,,,,,,,,,,,,,0.3499999940395355,-1.149999976158142,3.5485715866088867,2.715714454650879,3.5485715866088867,2.715714454650879,0.0,0.0,-0.1467067450284958,0.009522218257188797,0.04243093356490135,1.0,0.0,0.0,0.0,0.0
1783990013.226,49346000,55,1,0,0,10.0,25.0,10.0,25.0,9.510136604309082,25.272279739379883,-0.2722799777984619,35.49568557739258,43.906166076660156,0.0,0.0,0.0,1.0,1.0,0.0,-1.0486103296279907,,,,,,,,,,,,,,,,
1783990013.259,49367000,56,1,1,0,10.0,25.0,10.0,25.0,8.835570335388184,25.277673721313477,-0.27767419815063477,39.24578857421875,47.669551849365234,0.0,0.0,0.0,1.0,1.0,0.0,1.1077717542648315,,,,,,,,,,,,,,,,
1783990013.276,49382000,57,1,2,0,10.0,25.0,10.0,25.0,8.750872611999512,25.02187728881836,-0.02187788486480713,46.101783752441406,46.83324432373047,0.0,0.0,0.0,1.0,1.0,0.0,-1.3155523538589478,,,,,,,,,,,,,,,,
1783990013.295,49398000,58,1,3,0,10.0,25.0,10.0,25.0,8.785334587097168,25.515052795410156,-0.5150526762008667,34.65839767456055,50.1784782409668,0.0,0.0,0.0,1.0,1.0,0.0,0.9584458470344543,,,,,,,,,,,,,,,,
1783990013.318,49418000,59,2,255,0,,,,,,,,,,,,,,,,,0.3499999940395355,-1.149999976158142,3.5485715866088867,2.715714454650879,3.5485715866088867,2.715714454650879,0.0,0.0,-0.16442053020000458,0.030784713104367256,0.04304605349898338,1.0,0.0,0.0,0.0,0.0
1783990013.344,49441000,60,1,0,0,10.0,25.0,10.0,25.0,9.4969482421875,25.28103256225586,-0.281032919883728,35.296016693115234,43.906166076660156,0.0,0.0,0.0,1.0,1.0,0.0,-1.041568398475647,,,,,,,,,,,,,,,,
1783990013.345,49467000,61,1,1,0,10.0,25.0,10.0,25.0,8.845516204833984,25.271780014038086,-0.27177929878234863,39.367088317871094,47.669551849365234,0.0,0.0,0.0,1.0,1.0,0.0,1.11233389377594,,,,,,,,,,,,,,,,
1783990013.379,49488000,62,1,2,0,10.0,25.0,10.0,25.0,8.759745597839355,25.01309585571289,-0.01309514045715332,46.677059173583984,46.83324432373047,0.0,0.0,0.0,1.0,1.0,0.0,-1.3345296382904053,,,,,,,,,,,,,,,,
1783990013.397,49502000,63,1,3,0,10.0,25.0,10.0,25.0,8.808703422546387,25.511226654052734,-0.5112260580062866,34.664188385009766,50.1784782409668,0.0,0.0,0.0,1.0,1.0,0.0,0.961368203163147,,,,,,,,,,,,,,,,
1783990013.416,49518000,64,2,255,0,,,,,,,,,,,,,,,,,0.3499999940395355,-1.149999976158142,3.5485715866088867,2.715714454650879,3.5485715866088867,2.715714454650879,0.0,0.0,-0.13918206095695496,0.09781600534915924,0.042190197855234146,1.0,0.0,0.0,0.0,0.0
1783990013.440,49538000,65,1,0,0,10.0,25.0,10.0,25.0,9.524637222290039,25.26790428161621,-0.26790499687194824,35.98631286621094,43.906166076660156,0.0,0.0,0.0,1.0,1.0,0.0,-1.0658422708511353,,,,,,,,,,,,,,,,
1783990013.469,49562000,66,1,1,0,10.0,25.0,10.0,25.0,8.85693359375,25.26545524597168,-0.2654552459716797,39.74916076660156,47.669551849365234,0.0,0.0,0.0,1.0,1.0,0.0,1.1251308917999268,,,,,,,,,,,,,,,,
1783990013.471,49589000,67,1,2,0,10.0,25.0,10.0,25.0,8.776029586791992,24.999300003051758,0.0007003545761108398,47.0767936706543,46.83324432373047,0.0,0.0,0.0,1.0,1.0,0.0,-1.3482716083526611,,,,,,,,,,,,,,,,
1783990013.502,49610000,68,1,3,0,10.0,25.0,10.0,25.0,8.813295364379883,25.510051727294922,-0.5100518465042114,34.51899337768555,50.1784782409668,0.0,0.0,0.0,1.0,1.0,0.0,0.9562860131263733,,,,,,,,,,,,,,,,
1783990013.519,49624000,69,2,255,0,,,,,,,,,,,,,,,,,0.3499999940395355,-1.149999976158142,3.5485715866088867,2.715714454650879,3.5485715866088867,2.715714454650879,0.0,0.0,-0.15170854330062866,0.0424317792057991,0.042597752064466476,1.0,0.0,0.0,0.0,0.0
1783990013.538,49640000,70,1,0,0,10.0,25.0,10.0,25.0,9.511377334594727,25.27090835571289,-0.27090907096862793,35.6659049987793,43.906166076660156,0.0,0.0,0.0,1.0,1.0,0.0,-1.0541354417800903,,,,,,,,,,,,,,,,
1783990013.561,49660000,71,1,1,0,10.0,25.0,10.0,25.0,8.85395336151123,25.270240783691406,-0.27024149894714355,39.342857360839844,47.669551849365234,0.0,0.0,0.0,1.0,1.0,0.0,1.11188805103302,,,,,,,,,,,,,,,,
1783990013.587,49684000,72,1,2,0,10.0,25.0,10.0,25.0,8.750571250915527,25.02246856689453,-0.022467970848083496,45.93954086303711,46.83324432373047,0.0,0.0,0.0,1.0,1.0,0.0,-1.3095899820327759,,,,,,,,,,,,,,,,
1783990013.613,49709000,73,1,3,0,10.0,25.0,10.0,25.0,8.794830322265625,25.507980346679688,-0.5079805850982666,34.64861297607422,50.1784782409668,0.0,0.0,0.0,1.0,1.0,0.0,0.9581625461578369,,,,,,,,,,,,,,,,
1783990013.616,49736000,74,2,255,0,,,,,,,,,,,,,,,,,0.3499999940395355,-1.149999976158142,3.5485715866088867,2.715714454650879,3.5485715866088867,2.715714454650879,0.0,0.0,-0.15689538419246674,0.04891952499747276,0.04277645796537399,1.0,0.0,0.0,0.0,0.0
1783990013.647,49756000,75,1,0,0,10.0,25.0,10.0,25.0,9.50593090057373,25.27296257019043,-0.27296245098114014,35.699485778808594,43.906166076660156,0.0,0.0,0.0,1.0,1.0,0.0,-1.0551213026046753,,,,,,,,,,,,,,,,
1783990013.665,49770000,76,1,1,0,10.0,25.0,10.0,25.0,8.846399307250977,25.275171279907227,-0.27517080307006836,39.14209747314453,47.669551849365234,0.0,0.0,0.0,1.0,1.0,0.0,1.1051632165908813,,,,,,,,,,,,,,,,
1783990013.682,49786000,77,1,2,0,10.0,25.0,10.0,25.0,8.75826358795166,25.022172927856445,-0.022172927856445312,46.006797790527344,46.83324432373047,0.0,0.0,0.0,1.0,1.0,0.0,-1.3128204345703125,,,,,,,,,,,,,,,,
1783990013.704,49805000,78,1,3,0,10.0,25.0,10.0,25.0,8.79740047454834,25.50896644592285,-0.5089670419692993,34.70281219482422,50.1784782409668,0.0,0.0,0.0,1.0,1.0,0.0,0.9612888097763062,,,,,,,,,,,,,,,,
1783990013.729,49826000,79,2,255,0,,,,,,,,,,,,,,,,,0.3499999940395355,-1.149999976158142,3.5485715866088867,2.715714454650879,3.5485715866088867,2.715714454650879,0.0,0.0,-0.12545712292194366,0.09951011836528778,0.04178285971283913,1.0,0.0,0.0,0.0,0.0
1783990013.756,49851000,80,1,0,0,10.0,25.0,10.0,25.0,9.510560989379883,25.271167755126953,-0.2711683511734009,35.7622184753418,43.906166076660156,0.0,0.0,0.0,1.0,1.0,0.0,-1.0578246116638184,,,,,,,,,,,,,,,,
1783990013.758,49879000,81,1,1,0,10.0,25.0,10.0,25.0,8.854277610778809,25.27060890197754,-0.2706080675125122,39.23187255859375,47.669551849365234,0.0,0.0,0.0,1.0,1.0,0.0,1.1089177131652832,,,,,,,,,,,,,,,,
1783990013.793,49901000,82,1,2,0,10.0,25.0,10.0,25.0,8.771326065063477,25.012380599975586,-0.012379884719848633,46.3449821472168,46.83324432373047,0.0,0.0,0.0,1.0,1.0,0.0,-1.3239843845367432,,,,,,,,,,,,,,,,
1783990013.812,49916000,83,1,3,0,10.0,25.0,10.0,25.0,8.806839942932129,25.506654739379883,-0.5066543817520142,34.991371154785156,50.1784782409668,0.0,0.0,0.0,1.0,1.0,0.0,0.9708161950111389,,,,,,,,,,,,,,,,
1783990013.832,49934000,84,2,255,0,,,,,,,,,,,,,,,,,0.3499999940395355,-1.149999976158142,3.5485715866088867,2.715714454650879,3.5485715866088867,2.715714454650879,0.0,0.0,-0.15565727651119232,0.08559606224298477,0.042733270674943924,1.0,0.0,0.0,0.0,0.0
1783990013.856,49954000,85,1,0,0,10.0,25.0,10.0,25.0,9.512809753417969,25.273164749145508,-0.27316510677337646,35.664669036865234,43.906166076660156,0.0,0.0,0.0,1.0,1.0,0.0,-1.0545777082443237,,,,,,,,,,,,,,,,
1783990013.883,49978000,86,1,1,0,10.0,25.0,10.0,25.0,8.854432106018066,25.271499633789062,-0.2714991569519043,39.388999938964844,47.669551849365234,0.0,0.0,0.0,1.0,1.0,0.0,1.1138784885406494,,,,,,,,,,,,,,,,
1783990013.885,50005000,87,1,2,0,10.0,25.0,10.0,25.0,8.768543243408203,25.018999099731445,-0.01899898052215576,46.06254196166992,46.83324432373047,0.0,0.0,0.0,1.0,1.0,0.0,-1.3152021169662476,,,,,,,,,,,,,,,,
1783990013.916,50025000,88,1,3,0,10.0,25.0,10.0,25.0,8.800376892089844,25.504648208618164,-0.5046486854553223,34.780311584472656,50.1784782409668,0.0,0.0,0.0,1.0,1.0,0.0,0.9633668661117554,,,,,,,,,,,,,,,,
1783990013.934,50039000,89,2,255,0,,,,,,,,,,,,,,,,,0.3499999940395355,-1.149999976158142,3.5485715866088867,2.715714454650879,3.5485715866088867,2.715714454650879,0.0,0.0,-0.14231880009174347,0.07442043721675873,0.04228905588388443,1.0,0.0,0.0,0.0,0.0
1783990013.952,50055000,90,1,0,0,10.0,25.0,10.0,25.0,9.508843421936035,25.27086639404297,-0.27086734771728516,35.6826286315918,43.906166076660156,0.0,0.0,0.0,1.0,1.0,0.0,-1.054587960243225,,,,,,,,,,,,,,,,
1783990013.974,50075000,91,1,1,0,10.0,25.0,10.0,25.0,8.852418899536133,25.27310562133789,-0.2731055021286011,39.29232406616211,47.669551849365234,0.0,0.0,0.0,1.0,1.0,0.0,1.110568642616272,,,,,,,,,,,,,,,,
1783990013.998,50097000,92,1,2,0,10.0,25.0,10.0,25.0,8.762508392333984,25.02215576171875,-0.022155046463012695,46.148258209228516,46.83324432373047,0.0,0.0,0.0,1.0,1.0,0.0,-1.3178589344024658,,,,,,,,,,,,,,,,
1783990014.025,50121000,93,1,3,0,10.0,25.0,10.0,25.0,8.799002647399902,25.50615692138672,-0.5061566829681396,34.79678726196289,50.1784782409668,0.0,0.0,0.0,1.0,1.0,0.0,0.9636766314506531,,,,,,,,,,,,,,,,
1783990014.027,50147000,94,2,255,0,,,,,,,,,,,,,,,,,0.3499999940395355,-1.149999976158142,3.5485715866088867,2.715714454650879,3.5485715866088867,2.715714454650879,0.0,0.0,-0.1421150267124176,0.08541567623615265,0.04228257015347481,1.0,0.0,0.0,0.0,0.0
1783990014.062,50170000,95,1,0,0,10.0,25.0,10.0,25.0,9.510279655456543,25.26936912536621,-0.2693682909011841,35.5147819519043,43.906166076660156,0.0,0.0,0.0,1.0,1.0,0.0,-1.0494345426559448,,,,,,,,,,,,,,,,
1783990014.080,50185000,96,1,1,0,10.0,25.0,10.0,25.0,8.853224754333496,25.272876739501953,-0.2728760242462158,39.382408142089844,47.669551849365234,0.0,0.0,0.0,1.0,1.0,0.0,1.1133254766464233,,,,,,,,,,,,,,,,
1783990014.099,50201000,97,1,2,0,10.0,25.0,10.0,25.0,8.765695571899414,25.021038055419922,-0.02103745937347412,46.248905181884766,46.83324432373047,0.0,0.0,0.0,1.0,1.0,0.0,-1.3212978839874268,,,,,,,,,,,,,,,,
1783990014.122,50221000,98,1,3,0,10.0,25.0,10.0,25.0,8.800686836242676,25.504064559936523,-0.5040645599365234,34.884918212890625,50.1784782409668,0.0,0.0,0.0,1.0,1.0,0.0,0.9668749570846558,,,,,,,,,,,,,,,,
1783990014.149,50245000,99,2,255,0,,,,,,,,,,,,,,,,,0.3499999940395355,-1.149999976158142,3.5485715866088867,2.715714454650879,3.5485715866088867,2.715714454650879,0.0,0.0,-0.14908882975578308,0.09107135981321335,0.04250970482826233,1.0,0.0,0.0,0.0,0.0
1783990014.151,50271000,100,1,0,0,10.0,25.0,10.0,25.0,9.51314640045166,25.268718719482422,-0.2687186002731323,35.58125305175781,43.906166076660156,0.0,0.0,0.0,1.0,1.0,0.0,-1.051859974861145,,,,,,,,,,,,,,,,
1783990014.181,50291000,101,1,1,0,10.0,25.0,10.0,25.0,8.854048728942871,25.273483276367188,-0.2734839916229248,39.2894172668457,47.669551849365234,0.0,0.0,0.0,1.0,1.0,0.0,1.1104429960250854,,,,,,,,,,,,,,,,
1783990014.198,50304000,102,1,2,0,10.0,25.0,10.0,25.0,8.768587112426758,25.0213623046875,-0.0213623046875,46.01024627685547,46.83324432373047,0.0,0.0,0.0,1.0,1.0,0.0,-1.313874363899231,,,,,,,,,,,,,,,,
1783990014.216,50320000,103,1,3,0,10.0,25.0,10.0,25.0,8.802346229553223,25.500730514526367,-0.5007296800613403,34.88456344604492,50.1784782409668,0.0,0.0,0.0,1.0,1.0,0.0,0.9663015604019165,,,,,,,,,,,,,,,,
1783990014.240,50339000,104,2,255,0,,,,,,,,,,,,,,,,,0.3499999940395355,-1.149999976158142,3.5485715866088867,2.715714454650879,3.5485715866088867,2.715714454650879,0.0,0.0,-0.1407252848148346,0.08809264749288559,0.042238567024469376,1.0,0.0,0.0,0.0,0.0
1783990014.265,50361000,105,1,0,0,10.0,25.0,10.0,25.0,9.510004997253418,25.269906997680664,-0.26990771293640137,35.730560302734375,43.906166076660156,0.0,0.0,0.0,1.0,1.0,0.0,-1.0563794374465942,,,,,,,,,,,,,,,,
1783990014.292,50388000,106,1,1,0,10.0,25.0,10.0,25.0,8.854036331176758,25.272628784179688,-0.27262866497039795,39.28931427001953,47.669551849365234,0.0,0.0,0.0,1.0,1.0,0.0,1.110019564628601,,,,,,,,,,,,,,,,
1783990014.294,50414000,107,1,2,0,10.0,25.0,10.0,25.0,8.770368576049805,25.020307540893555,-0.020307302474975586,46.21480941772461,46.83324432373047,0.0,0.0,0.0,1.0,1.0,0.0,-1.3206777572631836,,,,,,,,,,,,,,,,
1783990014.326,50435000,108,1,3,0,10.0,25.0,10.0,25.0,8.805130004882812,25.500232696533203,-0.5002319812774658,34.85548400878906,50.1784782409668,0.0,0.0,0.0,1.0,1.0,0.0,0.9663909077644348,,,,,,,,,,,,,,,,
1783990014.344,50449000,109,2,255,0,,,,,,,,,,,,,,,,,0.3499999940395355,-1.149999976158142,3.5485715866088867,2.715714454650879,3.5485715866088867,2.715714454650879,0.0,0.0,-0.1399778127670288,0.09654746949672699,0.042215075343847275,1.0,0.0,0.0,0.0,0.0
1783990014.363,50465000,110,1,0,0,10.0,25.0,10.0,25.0,9.514848709106445,25.267658233642578,-0.26765763759613037,35.860904693603516,43.906166076660156,0.0,0.0,0.0,1.0,1.0,0.0,-1.061010479927063,,,,,,,,,,,,,,,,
1783990014.385,50485000,111,1,1,0,10.0,25.0,10.0,25.0,8.855484008789062,25.272035598754883,-0.2720355987548828,39.384498596191406,47.669551849365234,0.0,0.0,0.0,1.0,1.0,0.0,1.1133217811584473,,,,,,,,,,,,,,,,
1783990014.412,50508000,112,1,2,0,10.0,25.0,10.0,25.0,8.772151947021484,25.019258499145508,-0.01925826072692871,46.319549560546875,46.83324432373047,0.0,0.0,0.0,1.0,1.0,0.0,-1.324001431465149,,,,,,,,,,,,,,,,
1783990014.414,50534000,113,1,3,0,10.0,25.0,10.0,25.0,8.803178787231445,25.501745223999023,-0.5017459392547607,34.82441711425781,50.1784782409668,0.0,0.0,0.0,1.0,1.0,0.0,0.9650281667709351,,,,,,,,,,,,,,,,
1783990014.445,50554000,114,2,255,0,,,,,,,,,,,,,,,,,0.3499999940395355,-1.149999976158142,3.5485715866088867,2.715714454650879,3.5485715866088867,2.715714454650879,0.0,0.0,-0.14032898843288422,0.09198208153247833,0.042226098477840424,1.0,0.0,0.0,0.0,0.0
1783990014.462,50567000,115,1,0,0,10.0,25.0,10.0,25.0,9.512489318847656,25.268539428710938,-0.26853978633880615,35.65948486328125,43.906166076660156,0.0,0.0,0.0,1.0,1.0,0.0,-1.0543506145477295,,,,,,,,,,,,,,,,
1783990014.481,50583000,116,1,1,0,10.0,25.0,10.0,25.0,8.854803085327148,25.27235984802246,-0.2723604440689087,39.49357986450195,47.669551849365234,0.0,0.0,0.0,1.0,1.0,0.0,1.1167556047439575,,,,,,,,,,,,,,,,
1783990014.501,50601000,117,1,2,0,10.0,25.0,10.0,25.0,8.771658897399902,25.025156021118164,-0.025156140327453613,45.99348831176758,46.83324432373047,0.0,0.0,0.0,1.0,1.0,0.0,-1.314076542854309,,,,,,,,,,,,,,,,
1783990014.523,50623000,118,1,3,0,10.0,25.0,10.0,25.0,8.801673889160156,25.491500854492188,-0.4914999008178711,35.33877944946289,50.1784782409668,0.0,0.0,0.0,1.0,1.0,0.0,0.9808641672134399,,,,,,,,,,,,,,,,
1783990014.547,50645000,119,2,255,0,,,,,,,,,,,,,,,,,0.3499999940395355,-1.149999976158142,3.5485715866088867,2.715714454650879,3.5485715866088867,2.715714454650879,0.0,0.0,-0.14599986374378204,0.09437428414821625,0.042407795786857605,1.0,0.0,0.0,0.0,0.0
1783990014.575,50670000,120,1,0,0,10.0,25.0,10.0,25.0,9.509747505187988,25.265491485595703,-0.2654910087585449,36.23035430908203,43.906166076660156,0.0,0.0,0.0,1.0,1.0,0.0,-1.0721601247787476,,,,,,,,,,,,,,,,
1783990014.577,50698000,121,1,1,0,10.0,25.0,10.0,25.0,8.85582447052002,25.273805618286133,-0.2738058567047119,39.239803314208984,47.669551849365234,0.0,0.0,0.0,1.0,1.0,0.0,1.1089314222335815,,,,,,,,,,,,,,,,
1783990014.612,50720000,122,1,2,0,10.0,25.0,10.0,25.0,8.766152381896973,25.058055877685547,-0.05805492401123047,44.99784851074219,46.83324432373047,0.0,0.0,0.0,1.0,1.0,0.0,-1.282348871231079,,,,,,,,,,,,,,,,
1783990014.631,50735000,123,1,3,0,10.0,25.0,10.0,25.0,8.776983261108398,25.472684860229492,-0.47268569469451904,35.70500946044922,50.1784782409668,0.0,0.0,0.0,1.0,1.0,0.0,0.9892091751098633,,,,,,,,,,,,,,,,
1783990014.652,50753000,124,2,255,0,,,,,,,,,,,,,,,,,0.3499999940395355,-1.149999976158142,3.5485715866088867,2.715714454650879,3.5485715866088867,2.715714454650879,0.0,0.0,-0.14335693418979645,0.09592293202877045,0.04232224449515343,1.0,0.0,0.0,0.0,0.0
1783990014.676,50774000,125,1,0,0,10.0,25.0,10.0,25.0,9.488641738891602,25.27518653869629,-0.2751857042312622,35.81623840332031,43.906166076660156,0.0,0.0,0.0,1.0,1.0,0.0,-1.057676076889038,,,,,,,,,,,,,,,,
1783990014.702,50798000,126,1,1,0,10.0,25.0,10.0,25.0,8.849212646484375,25.279403686523438,-0.2794027328491211,39.01484680175781,47.669551849365234,0.0,0.0,0.0,1.0,1.0,0.0,1.1013298034667969,,,,,,,,,,,,,,,,
1783990014.705,50825000,127,1,2,0,10.0,25.0,10.0,25.0,8.77059268951416,25.062713623046875,-0.06271302700042725,44.82992172241211,46.83324432373047,0.0,0.0,0.0,1.0,1.0,0.0,-1.2772518396377563,,,,,,,,,,,,,,,,
1783990014.738,50846000,128,1,3,0,10.0,25.0,10.0,25.0,8.779580116271973,25.472307205200195,-0.4723072052001953,35.752559661865234,50.1784782409668,0.0,0.0,0.0,1.0,1.0,0.0,0.991633951663971,,,,,,,,,,,,,,,,
1783990014.756,50861000,129,2,255,0,,,,,,,,,,,,,,,,,0.3499999940395355,-1.149999976158142,3.5485715866088867,2.715714454650879,3.5485715866088867,2.715714454650879,0.0,0.0,-0.09883106499910355,0.1653565764427185,0.043080441653728485,1.0,0.0,0.0,0.0,0.0
1783990014.775,50878000,130,1,0,0,10.0,25.0,10.0,25.0,9.506513595581055,25.266902923583984,-0.2669036388397217,35.799598693847656,43.906166076660156,0.0,0.0,0.0,1.0,1.0,0.0,-1.0582689046859741,,,,,,,,,,,,,,,,
1783990014.798,50898000,131,1,1,0,10.0,25.0,10.0,25.0,8.854588508605957,25.27618408203125,-0.27618408203125,39.21554946899414,47.669551849365234,0.0,0.0,0.0,1.0,1.0,0.0,1.1080758571624756,,,,,,,,,,,,,,,,
1783990014.825,50921000,132,1,2,0,10.0,25.0,10.0,25.0,8.78758716583252,25.050125122070312,-0.050124526023864746,45.346961975097656,46.83324432373047,0.0,0.0,0.0,1.0,1.0,0.0,-1.294907569885254,,,,,,,,,,,,,,,,
1783990014.827,50948000,133,1,3,0,10.0,25.0,10.0,25.0,8.78996753692627,25.472957611083984,-0.47295689582824707,35.80131530761719,50.1784782409668,0.0,0.0,0.0,1.0,1.0,0.0,0.9945151209831238,,,,,,,,,,,,,,,,
1783990014.860,50969000,134,2,255,0,,,,,,,,,,,,,,,,,0.3499999940395355,-1.149999976158142,3.5485715866088867,2.715714454650879,3.5485715866088867,2.715714454650879,0.0,0.0,-0.10518273711204529,0.15595008432865143,0.04274345561861992,1.0,0.0,0.0,0.0,0.0
1783990014.877,50983000,135,1,0,0,10.0,25.0,10.0,25.0,9.516030311584473,25.255346298217773,-0.25534629821777344,36.06888961791992,43.906166076660156,0.0,0.0,0.0,1.0,1.0,0.0,-1.0672597885131836,,,,,,,,,,,,,,,,
1783990014.895,50999000,136,1,1,0,10.0,25.0,10.0,25.0,8.857481002807617,25.27654457092285,-0.2765446901321411,39.350669860839844,47.669551849365234,0.0,0.0,0.0,1.0,1.0,0.0,1.1126708984375,,,,,,,,,,,,,,,,
1783990014.919,51018000,137,1,2,0,10.0,25.0,10.0,25.0,8.790361404418945,25.049585342407227,-0.04958510398864746,45.19489288330078,46.83324432373047,0.0,0.0,0.0,1.0,1.0,0.0,-1.2905131578445435,,,,,,,,,,,,,,,,
1783990014.944,51041000,138,1,3,0,10.0,25.0,10.0,25.0,8.786097526550293,25.466806411743164,-0.46680569648742676,35.92289352416992,50.1784782409668,0.0,0.0,0.0,1.0,1.0,0.0,0.9976732730865479,,,,,,,,,,,,,,,,
1783990014.946,51067000,139,2,255,0,,,,,,,,,,,,,,,,,0.3499999940395355,-1.149999976158142,3.5485715866088867,2.715714454650879,3.5485715866088867,2.715714454650879,0.0,0.0,-0.11984297633171082,0.1429632157087326,0.042309630662202835,1.0,0.0,0.0,0.0,0.0
1783990014.984,51086000,140,1,0,0,10.0,25.0,10.0,25.0,9.501441955566406,25.266956329345703,-0.26695728302001953,35.66912078857422,43.906166076660156,0.0,0.0,0.0,1.0,1.0,0.0,-1.0536956787109375,,,,,,,,,,,,,,,,
1783990015.004,51106000,141,1,1,0,10.0,25.0,10.0,25.0,8.853435516357422,25.279861450195312,-0.2798616886138916,39.12919998168945,47.669551849365234,0.0,0.0,0.0,1.0,1.0,0.0,1.1051932573318481,,,,,,,,,,,,,,,,
1783990015.026,51126000,142,1,2,0,10.0,25.0,10.0,25.0,8.780571937561035,25.0726261138916,-0.07262527942657471,44.48430633544922,46.83324432373047,0.0,0.0,0.0,1.0,1.0,0.0,-1.2676265239715576,,,,,,,,,,,,,,,,
1783990015.051,51148000,143,1,3,0,10.0,25.0,10.0,25.0,8.770209312438965,25.46139907836914,-0.46139955520629883,36.06452941894531,50.1784782409668,0.0,0.0,0.0,1.0,1.0,0.0,1.0001702308654785,,,,,,,,,,,,,,,,
1783990015.078,51174000,144,2,255,0,,,,,,,,,,,,,,,,,0.3499999940395355,-1.149999976158142,3.5485715866088867,2.715714454650879,3.5485715866088867,2.715714454650879,0.0,0.0,-0.08820196241140366,0.17043182253837585,0.04327017441391945,1.0,0.0,0.0,0.0,0.0
1783990015.080,51201000,145,1,0,0,10.0,25.0,10.0,25.0,9.508255958557129,25.259742736816406,-0.2597421407699585,35.84197998046875,43.906166076660156,0.0,0.0,0.0,1.0,1.0,0.0,-1.0594135522842407,,,,,,,,,,,,,,,,
1783990015.115,51223000,146,1,1,0,10.0,25.0,10.0,25.0,8.856587409973145,25.278366088867188,-0.2783656120300293,39.20390319824219,47.669551849365234,0.0,0.0,0.0,1.0,1.0,0.0,1.1081783771514893,,,,,,,,,,,,,,,,
1783990015.134,51238000,147,1,2,0,10.0,25.0,10.0,25.0,8.79384994506836,25.067489624023438,-0.0674903392791748,44.754432678222656,46.83324432373047,0.0,0.0,0.0,1.0,1.0,0.0,-1.276879072189331,,,,,,,,,,,,,,,,
1783990015.155,51256000,148,1,3,0,10.0,25.0,10.0,25.0,8.774431228637695,25.458066940307617,-0.4580676555633545,36.252044677734375,50.1784782409668,0.0,0.0,0.0,1.0,1.0,0.0,1.0070315599441528,,,,,,,,,,,,,,,,
1783990015.179,51277000,149,2,255,0,,,,,,,,,,,,,,,,,0.3499999940395355,-1.149999976158142,3.5485715866088867,2.715714454650879,3.5485715866088867,2.715714454650879,0.0,0.0,-0.09161399304866791,0.1843595802783966,0.04381922259926796,1.0,0.0,0.0,0.0,0.0
1783990015.205,51301000,150,1,0,0,10.0,25.0,10.0,25.0,9.502508163452148,25.263803482055664,-0.26380419731140137,35.97573471069336,43.906166076660156,0.0,0.0,0.0,1.0,1.0,0.0,-1.063247561454773,,,,,,,,,,,,,,,,
1783990015.208,51328000,151,1,1,0,10.0,25.0,10.0,25.0,8.85159683227539,25.28196907043457,-0.28196871280670166,39.14173889160156,47.669551849365234,0.0,0.0,0.0,1.0,1.0,0.0,1.105912446975708,,,,,,,,,,,,,,,,
1783990015.241,51349000,152,1,2,0,10.0,25.0,10.0,25.0,8.79104995727539,25.075563430786133,-0.07556378841400146,44.23560333251953,46.83324432373047,0.0,0.0,0.0,1.0,1.0,0.0,-1.2602144479751587,,,,,,,,,,,,,,,,
1783990015.259,51364000,153,1,3,0,10.0,25.0,10.0,25.0,8.763191223144531,25.45713996887207,-0.45714080333709717,36.25559616088867,50.1784782409668,0.0,0.0,0.0,1.0,1.0,0.0,1.0057579278945923,,,,,,,,,,,,,,,,
1783990015.277,51381000,154,2,255,0,,,,,,,,,,,,,,,,,0.3499999940395355,-1.149999976158142,3.5485715866088867,2.715714454650879,3.5485715866088867,2.715714454650879,0.0,0.0,-0.08070202171802521,0.20324838161468506,0.044629935175180435,1.0,0.0,0.0,0.0,0.0
1783990015.299,51400000,155,1,0,0,10.0,25.0,10.0,25.0,9.504598617553711,25.260601043701172,-0.2606004476547241,35.837623596191406,43.906166076660156,0.0,0.0,0.0,1.0,1.0,0.0,-1.0591964721679688,,,,,,,,,,,,,,,,
1783990015.324,51421000,156,1,1,0,10.0,25.0,10.0,25.0,8.853757858276367,25.281208038330078,-0.28120875358581543,38.925193786621094,47.669551849365234,0.0,0.0,0.0,1.0,1.0,0.0,1.0993740558624268,,,,,,,,,,,,,,,,
1783990015.351,51447000,157,1,2,0,10.0,25.0,10.0,25.0,8.792546272277832,25.073619842529297,-0.07362067699432373,44.612022399902344,46.83324432373047,0.0,0.0,0.0,1.0,1.0,0.0,-1.2724064588546753,,,,,,,,,,,,,,,,
1783990015.353,51474000,158,1,3,0,10.0,25.0,10.0,25.0,8.770438194274902,25.456195831298828,-0.4561960697174072,36.340675354003906,50.1784782409668,0.0,0.0,0.0,1.0,1.0,0.0,1.0093920230865479,,,,,,,,,,,,,,,,
1783990015.386,51495000,159,2,255,0,,,,,,,,,,,,,,,,,0.3499999940395355,-1.149999976158142,3.5485715866088867,2.715714454650879,3.5485715866088867,2.715714454650879,0.0,0.0,-0.08084055036306381,0.20537255704402924,0.04472583904862404,1.0,0.0,0.0,0.0,0.0
1783990015.402,51508000,160,1,0,0,10.0,25.0,10.0,25.0,9.499591827392578,25.26338768005371,-0.26338696479797363,35.72493362426758,43.906166076660156,0.0,0.0,0.0,1.0,1.0,0.0,-1.0549923181533813,,,,,,,,,,,,,,,,
1783990015.420,51524000,161,1,1,0,10.0,25.0,10.0,25.0,8.852672576904297,25.282447814941406,-0.28244853019714355,38.85847854614258,47.669551849365234,0.0,0.0,0.0,1.0,1.0,0.0,1.096347689628601,,,,,,,,,,,,,,,,
1783990015.443,51542000,162,1,2,0,10.0,25.0,10.0,25.0,8.783783912658691,25.085798263549805,-0.08579790592193604,44.33171463012695,46.83324432373047,0.0,0.0,0.0,1.0,1.0,0.0,-1.2628744840621948,,,,,,,,,,,,,,,,
1783990015.468,51565000,163,1,3,0,10.0,25.0,10.0,25.0,8.762704849243164,25.449344635009766,-0.4493445158004761,36.47154998779297,50.1784782409668,0.0,0.0,0.0,1.0,1.0,0.0,1.0122137069702148,,,,,,,,,,,,,,,,
1783990015.495,51590000,164,2,255,0,,,,,,,,,,,,,,,,,0.3499999940395355,-1.149999976158142,3.5485715866088867,2.715714454650879,3.5485715866088867,2.715714454650879,0.0,0.0,-0.0709090530872345,0.2226266711950302,0.045540131628513336,1.0,0.0,0.0,0.0,0.0
1783990015.497,51617000,165,1,0,0,10.0,25.0,10.0,25.0,9.50700569152832,25.255859375,-0.2558588981628418,36.051509857177734,43.906166076660156,0.0,0.0,0.0,1.0,1.0,0.0,-1.0660074949264526,,,,,,,,,,,,,,,,
1783990015.529,51638000,166,1,1,0,10.0,25.0,10.0,25.0,8.854168891906738,25.281965255737305,-0.2819657325744629,38.99424362182617,47.669551849365234,0.0,0.0,0.0,1.0,1.0,0.0,1.1011781692504883,,,,,,,,,,,,,,,,
1783990015.547,51652000,167,1,2,0,10.0,25.0,10.0,25.0,8.799662590026855,25.085384368896484,-0.08538365364074707,44.22211456298828,46.83324432373047,0.0,0.0,0.0,1.0,1.0,0.0,-1.260909080505371,,,,,,,,,,,,,,,,
1783990015.566,51669000,168,1,3,0,10.0,25.0,10.0,25.0,8.756926536560059,25.444782257080078,-0.4447817802429199,36.81399154663086,50.1784782409668,0.0,0.0,0.0,1.0,1.0,0.0,1.0232266187667847,,,,,,,,,,,,,,,,
1783990015.588,51689000,169,2,255,0,,,,,,,,,,,,,,,,,0.3499999940395355,-1.149999976158142,3.5485715866088867,2.715714454650879,3.5485715866088867,2.715714454650879,0.0,0.0,-0.06597977131605148,0.19796347618103027,0.04439546912908554,1.0,0.0,0.0,0.0,0.0
1783990015.613,51710000,170,1,0,0,10.0,25.0,10.0,25.0,9.494388580322266,25.266239166259766,-0.2662390470504761,35.758201599121094,43.906166076660156,0.0,0.0,0.0,1.0,1.0,0.0,-1.0556665658950806,,,,,,,,,,,,,,,,
1783990015.639,51735000,171,1,1,0,10.0,25.0,10.0,25.0,8.85469913482666,25.28325080871582,-0.28325021266937256,39.056800842285156,47.669551849365234,0.0,0.0,0.0,1.0,1.0,0.0,1.1032301187515259,,,,,,,,,,,,,,,,
1783990015.642,51762000,172,1,2,0,10.0,25.0,10.0,25.0,8.794939041137695,25.089508056640625,-0.0895082950592041,44.13092803955078,46.83324432373047,0.0,0.0,0.0,1.0,1.0,0.0,-1.2578322887420654,,,,,,,,,,,,,,,,
1783990015.673,51783000,173,1,3,0,10.0,25.0,10.0,25.0,8.760621070861816,25.43408966064453,-0.43408870697021484,36.90973663330078,50.1784782409668,0.0,0.0,0.0,1.0,1.0,0.0,1.0260694026947021,,,,,,,,,,,,,,,,
1783990015.689,51795000,174,2,255,0,,,,,,,,,,,,,,,,,0.3499999940395355,-1.149999976158142,3.5485715866088867,2.715714454650879,3.5485715866088867,2.715714454650879,0.0,0.0,-0.0532350018620491,0.220909982919693,0.045456308871507645,1.0,0.0,0.0,0.0,0.0
1783990015.706,51811000,175,1,0,0,10.0,25.0,10.0,25.0,9.504718780517578,25.256803512573242,-0.25680363178253174,36.045806884765625,43.906166076660156,0.0,0.0,0.0,1.0,1.0,0.0,-1.0655349493026733,,,,,,,,,,,,,,,,
1783990015.729,51829000,176,1,1,0,10.0,25.0,10.0,25.0,8.855120658874512,25.28253746032715,-0.28253793716430664,38.98875427246094,47.669551849365234,0.0,0.0,0.0,1.0,1.0,0.0,1.101076602935791,,,,,,,,,,,,,,,,
1783990015.753,51850000,177,1,2,0,10.0,25.0,10.0,25.0,8.796222686767578,25.093358993530273,-0.09335875511169434,44.062232971191406,46.83324432373047,0.0,0.0,0.0,1.0,1.0,0.0,-1.2553690671920776,,,,,,,,,,,,,,,,
1783990015.780,51876000,178,1,3,0,10.0,25.0,10.0,25.0,8.760716438293457,25.43401336669922,-0.4340142011642456,36.830047607421875,50.1784782409668,0.0,0.0,0.0,1.0,1.0,0.0,1.0235595703125,,,,,,,,,,,,,,,,
1783990015.782,51902000,179,2,255,0,,,,,,,,,,,,,,,,,0.3499999940395355,-1.149999976158142,3.5485715866088867,2.715714454650879,3.5485715866088867,2.715714454650879,0.0,0.0,-0.042852502316236496,0.2250465452671051,0.045659344643354416,1.0,0.0,0.0,0.0,0.0
1783990015.815,51923000,180,1,0,0,10.0,25.0,10.0,25.0,9.5013427734375,25.258493423461914,-0.25849342346191406,36.02754211425781,43.906166076660156,0.0,0.0,0.0,1.0,1.0,0.0,-1.064807653427124,,,,,,,,,,,,,,,,
1783990015.833,51937000,181,1,1,0,10.0,25.0,10.0,25.0,8.85956859588623,25.28012466430664,-0.2801239490509033,39.09778594970703,47.669551849365234,0.0,0.0,0.0,1.0,1.0,0.0,1.1048574447631836,,,,,,,,,,,,,,,,
1783990015.852,51954000,182,1,2,0,10.0,25.0,10.0,25.0,8.796839714050293,25.095956802368164,-0.09595751762390137,43.90245819091797,46.83324432373047,0.0,0.0,0.0,1.0,1.0,0.0,-1.250744104385376,,,,,,,,,,,,,,,,
1783990015.853,51975000,183,1,3,0,10.0,25.0,10.0,25.0,8.754312515258789,25.430524826049805,-0.4305243492126465,37.027976989746094,50.1784782409668,0.0,0.0,0.0,1.0,1.0,0.0,1.0290888547897339,,,,,,,,,,,,,,,,
1783990015.902,51997000,184,2,255,0,,,,,,,,,,,,,,,,,0.3499999940395355,-1.149999976158142,3.5485715866088867,2.715714454650879,3.5485715866088867,2.715714454650879,0.0,0.0,-0.04249962791800499,0.22270207107067108,0.04554382711648941,1.0,0.0,0.0,0.0,0.0
1783990015.905,52024000,185,1,0,0,10.0,25.0,10.0,25.0,9.498758316040039,25.25994873046875,-0.2599477767944336,35.97669219970703,43.906166076660156,0.0,0.0,0.0,1.0,1.0,0.0,-1.0631555318832397,,,,,,,,,,,,,,,,
1783990015.937,52045000,186,1,1,0,10.0,25.0,10.0,25.0,8.86117935180664,25.279081344604492,-0.279080867767334,39.181663513183594,47.669551849365234,0.0,0.0,0.0,1.0,1.0,0.0,1.10780930519104,,,,,,,,,,,,,,,,
1783990015.953,52059000,187,1,2,0,10.0,25.0,10.0,25.0,8.797740936279297,25.101396560668945,-0.10139644145965576,43.82322692871094,46.83324432373047,0.0,0.0,0.0,1.0,1.0,0.0,-1.2483124732971191,,,,,,,,,,,,,,,,
1783990015.969,52074000,188,1,3,0,10.0,25.0,10.0,25.0,8.758501052856445,25.422561645507812,-0.4225611686706543,37.436641693115234,50.1784782409668,0.0,0.0,0.0,1.0,1.0,0.0,1.0423741340637207,,,,,,,,,,,,,,,,
1783990015.991,52092000,189,2,255,0,,,,,,,,,,,,,,,,,0.3499999940395355,-1.149999976158142,3.5485715866088867,2.715714454650879,3.5485715866088867,2.715714454650879,0.0,0.0,-0.023424284532666206,0.22778953611850739,0.04579595848917961,1.0,0.0,0.0,0.0,0.0
1783990016.014,52112000,190,1,0,0,10.0,25.0,10.0,25.0,9.5013427734375,25.258493423461914,-0.25849342346191406,36.06525421142578,43.906166076660156,0.0,0.0,0.0,1.0,1.0,0.0,-1.066066026687622,,,,,,,,,,,,,,,,
1783990016.040,52136000,191,1,1,0,10.0,25.0,10.0,25.0,8.8565092086792,25.28218650817871,-0.28218626976013184,39.196815490722656,47.669551849365234,0.0,0.0,0.0,1.0,1.0,0.0,1.1079777479171753,,,,,,,,,,,,,,,,
1783990016.043,52163000,192,1,2,0,10.0,25.0,10.0,25.0,8.803855895996094,25.10053825378418,-0.10053813457489014,43.61099624633789,46.83324432373047,0.0,0.0,0.0,1.0,1.0,0.0,-1.2418831586837769,,,,,,,,,,,,,,,,
1783990016.081,52182000,193,1,3,0,10.0,25.0,10.0,25.0,8.754060745239258,25.420236587524414,-0.42023658752441406,37.3177490234375,50.1784782409668,0.0,0.0,0.0,1.0,1.0,0.0,1.0383867025375366,,,,,,,,,,,,,,,,
1783990016.102,52203000,194,2,255,0,,,,,,,,,,,,,,,,,0.3499999940395355,-1.149999976158142,3.5485715866088867,2.715714454650879,3.5485715866088867,2.715714454650879,0.0,0.0,-0.0326555036008358,0.22301912307739258,0.04555938392877579,1.0,0.0,0.0,0.0,0.0
1783990016.124,52223000,195,1,0,0,10.0,25.0,10.0,25.0,9.493707656860352,25.26136016845703,-0.26136040687561035,35.89384460449219,43.906166076660156,0.0,0.0,0.0,1.0,1.0,0.0,-1.0600709915161133,,,,,,,,,,,,,,,,
1783990016.151,52247000,196,1,1,0,10.0,25.0,10.0,25.0,8.857976913452148,25.280681610107422,-0.2806812524795532,39.187232971191406,47.669551849365234,0.0,0.0,0.0,1.0,1.0,0.0,1.107940912246704,,,,,,,,,,,,,,,,
1783990016.152,52274000,197,1,2,0,10.0,25.0,10.0,25.0,8.806440353393555,25.102582931518555,-0.10258257389068604,43.57941818237305,46.83324432373047,0.0,0.0,0.0,1.0,1.0,0.0,-1.2408636808395386,,,,,,,,,,,,,,,,
1783990016.188,52296000,198,1,3,0,10.0,25.0,10.0,25.0,8.75510025024414,25.41944694519043,-0.41944682598114014,37.312599182128906,50.1784782409668,0.0,0.0,0.0,1.0,1.0,0.0,1.038047194480896,,,,,,,,,,,,,,,,
1783990016.207,52310000,199,2,255,0,,,,,,,,,,,,,,,,,0.3499999940395355,-1.149999976158142,3.5485715866088867,2.715714454650879,3.5485715866088867,2.715714454650879,0.0,0.0,-0.011524373665452003,0.240666925907135,0.04645833745598793,1.0,0.0,0.0,0.0,0.0
1783990016.227,52328000,200,1,0,0,10.0,25.0,10.0,25.0,9.504892349243164,25.255220413208008,-0.2552211284637451,36.041988372802734,43.906166076660156,0.0,0.0,0.0,1.0,1.0,0.0,-1.0657474994659424,,,,,,,,,,,,,,,,
1783990016.251,52349000,201,1,1,0,10.0,25.0,10.0,25.0,8.86248779296875,25.28008460998535,-0.2800852060317993,39.2342529296875,47.669551849365234,0.0,0.0,0.0,1.0,1.0,0.0,1.1094635725021362,,,,,,,,,,,,,,,,
1783990016.279,52374000,202,1,2,0,10.0,25.0,10.0,25.0,8.810644149780273,25.105358123779297,-0.10535717010498047,43.43198013305664,46.83324432373047,0.0,0.0,0.0,1.0,1.0,0.0,-1.2368205785751343,,,,,,,,,,,,,,,,
1783990016.281,52401000,203,1,3,0,10.0,25.0,10.0,25.0,8.75284481048584,25.417869567871094,-0.41787028312683105,37.40707778930664,50.1784782409668,0.0,0.0,0.0,1.0,1.0,0.0,1.0408445596694946,,,,,,,,,,,,,,,,
1783990016.313,52422000,204,2,255,0,,,,,,,,,,,,,,,,,0.3499999940395355,-1.149999976158142,3.5485715866088867,2.715714454650879,3.5485715866088867,2.715714454650879,0.0,0.0,-0.019200731068849564,0.24449768662452698,0.04666205495595932,1.0,0.0,0.0,0.0,0.0
1783990016.332,52436000,205,1,0,0,10.0,25.0,10.0,25.0,9.499215126037598,25.25787353515625,-0.25787353515625,36.049034118652344,43.906166076660156,0.0,0.0,0.0,1.0,1.0,0.0,-1.0653479099273682,,,,,,,,,,,,,,,,
1783990016.351,52453000,206,1,1,0,10.0,25.0,10.0,25.0,8.861892700195312,25.280261993408203,-0.2802610397338867,39.19595718383789,47.669551849365234,0.0,0.0,0.0,1.0,1.0,0.0,1.1079941987991333,,,,,,,,,,,,,,,,
1783990016.374,52474000,207,1,2,0,10.0,25.0,10.0,25.0,8.811027526855469,25.115745544433594,-0.11574625968933105,43.206809997558594,46.83324432373047,0.0,0.0,0.0,1.0,1.0,0.0,-1.2294175624847412,,,,,,,,,,,,,,,,
1783990016.401,52497000,208,1,3,0,10.0,25.0,10.0,25.0,8.754810333251953,25.40828514099121,-0.40828585624694824,37.576507568359375,50.1784782409668,0.0,0.0,0.0,1.0,1.0,0.0,1.0464015007019043,,,,,,,,,,,,,,,,
1783990016.403,52524000,209,2,255,0,,,,,,,,,,,,,,,,,0.3499999940395355,-1.149999976158142,3.5485715866088867,2.715714454650879,3.5485715866088867,2.715714454650879,0.0,0.0,-0.010716295801103115,0.2626643180847168,0.047669585794210434,1.0,0.0,0.0,0.0,0.0
1783990016.438,52546000,210,1,0,0,10.0,25.0,10.0,25.0,9.506738662719727,25.253999710083008,-0.2539992332458496,36.00739669799805,43.906166076660156,0.0,0.0,0.0,1.0,1.0,0.0,-1.0644562244415283,,,,,,,,,,,,,,,,
1783990016.457,52561000,211,1,1,0,10.0,25.0,10.0,25.0,8.860992431640625,25.281991958618164,-0.2819925546646118,39.09095764160156,47.669551849365234,0.0,0.0,0.0,1.0,1.0,0.0,1.1046892404556274,,,,,,,,,,,,,,,,
1783990016.457,52579000,212,1,2,0,10.0,25.0,10.0,25.0,8.819976806640625,25.125022888183594,-0.1250237226486206,42.97917175292969,46.83324432373047,0.0,0.0,0.0,1.0,1.0,0.0,-1.2236905097961426,,,,,,,,,,,,,,,,
1783990016.501,52599000,213,1,3,0,10.0,25.0,10.0,25.0,8.751693725585938,25.40798568725586,-0.4079848527908325,37.73528289794922,50.1784782409668,0.0,0.0,0.0,1.0,1.0,0.0,1.0508942604064941,,,,,,,,,,,,,,,,
1783990016.527,52623000,214,2,255,0,,,,,,,,,,,,,,,,,0.3499999940395355,-1.149999976158142,3.5485715866088867,2.715714454650879,3.5485715866088867,2.715714454650879,0.0,0.0,-0.001437620958313346,0.2652376592159271,0.04781782254576683,1.0,0.0,0.0,0.0,0.0
1783990016.530,52650000,215,1,0,0,10.0,25.0,10.0,25.0,9.505707740783691,25.256860733032227,-0.25686025619506836,36.06303787231445,43.906166076660156,0.0,0.0,0.0,1.0,1.0,0.0,-1.066759705543518,,,,,,,,,,,,,,,,
1783990016.561,52670000,216,1,1,0,10.0,25.0,10.0,25.0,8.86446475982666,25.28267478942871,-0.28267502784729004,39.00691604614258,47.669551849365234,0.0,0.0,0.0,1.0,1.0,0.0,1.1022459268569946,,,,,,,,,,,,,,,,
1783990016.576,52683000,217,1,2,0,10.0,25.0,10.0,25.0,8.827057838439941,25.129592895507812,-0.1295924186706543,42.786033630371094,46.83324432373047,0.0,0.0,0.0,1.0,1.0,0.0,-1.2182230949401855,,,,,,,,,,,,,,,,
1783990016.593,52698000,218,1,3,0,10.0,25.0,10.0,25.0,8.749327659606934,25.40540313720703,-0.4054039716720581,37.832454681396484,50.1784782409668,0.0,0.0,0.0,1.0,1.0,0.0,1.053601622581482,,,,,,,,,,,,,,,,
1783990016.612,52715000,219,2,255,0,,,,,,,,,,,,,,,,,0.3499999940395355,-1.149999976158142,3.5485715866088867,2.715714454650879,3.5485715866088867,2.715714454650879,0.0,0.0,-9.341980330646038e-05,0.2738398313522339,0.04832323268055916,1.0,0.0,0.0,0.0,0.0
1783990016.633,52734000,220,1,0,0,10.0,25.0,10.0,25.0,9.506949424743652,25.259754180908203,-0.2597540616989136,35.8555908203125,43.906166076660156,0.0,0.0,0.0,1.0,1.0,0.0,-1.0595799684524536,,,,,,,,,,,,,,,,
1783990016.659,52756000,221,1,1,0,10.0,25.0,10.0,25.0,8.867722511291504,25.281105041503906,-0.2811044454574585,39.15144348144531,47.669551849365234,0.0,0.0,0.0,1.0,1.0,0.0,1.1072708368301392,,,,,,,,,,,,,,,,
1783990016.685,52781000,222,1,2,0,10.0,25.0,10.0,25.0,8.82844066619873,25.130578994750977,-0.130578875541687,42.725669860839844,46.83324432373047,0.0,0.0,0.0,1.0,1.0,0.0,-1.2165015935897827,,,,,,,,,,,,,,,,
1783990016.688,52808000,223,1,3,0,10.0,25.0,10.0,25.0,8.75199031829834,25.402645111083984,-0.4026442766189575,38.02342987060547,50.1784782409668,0.0,0.0,0.0,1.0,1.0,0.0,1.0600634813308716,,,,,,,,,,,,,,,,
1783990016.721,52829000,224,2,255,0,,,,,,,,,,,,,,,,,0.3499999940395355,-1.149999976158142,3.5485715866088867,2.715714454650879,3.5485715866088867,2.715714454650879,0.0,0.0,0.009079264476895332,0.2687278985977173,0.04802105203270912,1.0,0.0,0.0,0.0,0.0
1783990016.740,52844000,225,1,0,0,10.0,25.0,10.0,25.0,9.506448745727539,25.25571632385254,-0.25571584701538086,36.184818267822266,43.906166076660156,0.0,0.0,0.0,1.0,1.0,0.0,-1.0700899362564087,,,,,,,,,,,,,,,,
1783990016.759,52861000,226,1,1,0,10.0,25.0,10.0,25.0,8.869336128234863,25.285274505615234,-0.28527379035949707,38.889671325683594,47.669551849365234,0.0,0.0,0.0,1.0,1.0,0.0,1.0991863012313843,,,,,,,,,,,,,,,,
1783990016.783,52882000,227,1,2,0,10.0,25.0,10.0,25.0,8.824639320373535,25.145233154296875,-0.1452326774597168,42.25844192504883,46.83324432373047,0.0,0.0,0.0,1.0,1.0,0.0,-1.2014905214309692,,,,,,,,,,,,,,,,
1783990016.810,52906000,228,1,3,0,10.0,25.0,10.0,25.0,8.749063491821289,25.3961124420166,-0.3961116075515747,38.251285552978516,50.1784782409668,0.0,0.0,0.0,1.0,1.0,0.0,1.0669169425964355,,,,,,,,,,,,,,,,
1783990016.812,52932000,229,2,255,0,,,,,,,,,,,,,,,,,0.3499999940395355,-1.149999976158142,3.5485715866088867,2.715714454650879,3.5485715866088867,2.715714454650879,0.0,0.0,0.012249765917658806,0.28957825899124146,0.04928717762231827,1.0,0.0,0.0,0.0,0.0
1783990016.845,52953000,230,1,0,0,10.0,25.0,10.0,25.0,9.509942054748535,25.254838943481445,-0.2548396587371826,36.149444580078125,43.906166076660156,0.0,0.0,0.0,1.0,1.0,0.0,-1.069144368171692,,,,,,,,,,,,,,,,
1783990016.862,52967000,231,1,1,0,10.0,25.0,10.0,25.0,8.874646186828613,25.28482437133789,-0.28482377529144287,39.08370590209961,47.669551849365234,0.0,0.0,0.0,1.0,1.0,0.0,1.1064599752426147,,,,,,,,,,,,,,,,
1783990016.879,52983000,232,1,2,0,10.0,25.0,10.0,25.0,8.834528923034668,25.147903442382812,-0.1479029655456543,42.164390563964844,46.83324432373047,0.0,0.0,0.0,1.0,1.0,0.0,-1.1992981433868408,,,,,,,,,,,,,,,,
1783990016.900,53001000,233,1,3,0,10.0,25.0,10.0,25.0,8.745784759521484,25.39289665222168,-0.3928959369659424,38.07278823852539,50.1784782409668,0.0,0.0,0.0,1.0,1.0,0.0,1.0607867240905762,,,,,,,,,,,,,,,,
1783990016.924,53022000,234,2,255,0,,,,,,,,,,,,,,,,,0.3499999940395355,-1.149999976158142,3.5485715866088867,2.715714454650879,3.5485715866088867,2.715714454650879,0.0,0.0,0.01884971559047699,0.2963683307170868,0.04971865564584732,1.0,0.0,0.0,0.0,0.0
1783990016.951,53046000,235,1,0,0,10.0,25.0,10.0,25.0,9.50710678100586,25.256807327270508,-0.2568066120147705,35.966041564941406,43.906166076660156,0.0,0.0,0.0,1.0,1.0,0.0,-1.063308835029602,,,,,,,,,,,,,,,,
1783990016.952,53073000,236,1,1,0,10.0,25.0,10.0,25.0,8.877710342407227,25.283714294433594,-0.2837151288986206,38.96307373046875,47.669551849365234,0.0,0.0,0.0,1.0,1.0,0.0,1.1022579669952393,,,,,,,,,,,,,,,,
1783990016.986,53094000,237,1,2,0,10.0,25.0,10.0,25.0,8.833488464355469,25.156259536743164,-0.15625953674316406,41.90950012207031,46.83324432373047,0.0,0.0,0.0,1.0,1.0,0.0,-1.1909167766571045,,,,,,,,,,,,,,,,
1783990017.004,53108000,238,1,3,0,10.0,25.0,10.0,25.0,8.744475364685059,25.38353157043457,-0.3835320472717285,38.282745361328125,50.1784782409668,0.0,0.0,0.0,1.0,1.0,0.0,1.067199945449829,,,,,,,,,,,,,,,,
1783990017.023,53126000,239,2,255,0,,,,,,,,,,,,,,,,,0.3499999940395355,-1.149999976158142,3.5485715866088867,2.715714454650879,3.5485715866088867,2.715714454650879,0.0,0.0,0.02656407095491886,0.30629897117614746,0.05036655813455582,1.0,0.0,0.0,0.0,0.0
1783990017.048,53146000,240,1,0,0,10.0,25.0,10.0,25.0,9.504947662353516,25.257610321044922,-0.2576112747192383,36.01612091064453,43.906166076660156,0.0,0.0,0.0,1.0,1.0,0.0,-1.064777135848999,,,,,,,,,,,,,,,,
1783990017.048,53170000,241,1,1,0,10.0,25.0,10.0,25.0,8.870671272277832,25.28863525390625,-0.2886354923248291,38.83749008178711,47.669551849365234,0.0,0.0,0.0,1.0,1.0,0.0,1.0976821184158325,,,,,,,,,,,,,,,,
1783990017.078,53198000,242,1,2,0,10.0,25.0,10.0,25.0,8.844206809997559,25.155967712402344,-0.15596747398376465,41.9240608215332,46.83324432373047,0.0,0.0,0.0,1.0,1.0,0.0,-1.1927343606948853,,,,,,,,,,,,,,,,
1783990017.111,53219000,243,1,3,0,10.0,25.0,10.0,25.0,8.739192008972168,25.38397979736328,-0.38397908210754395,38.67497253417969,50.1784782409668,0.0,0.0,0.0,1.0,1.0,0.0,1.0792421102523804,,,,,,,,,,,,,,,,
1783990017.130,53234000,244,2,255,0,,,,,,,,,,,,,,,,,0.3499999940395355,-1.149999976158142,3.5485715866088867,2.715714454650879,3.5485715866088867,2.715714454650879,0.0,0.0,0.0490005686879158,0.3246227502822876,0.051614321768283844,1.0,0.0,0.0,0.0,0.0
1783990017.149,53251000,245,1,0,0,10.0,25.0,10.0,25.0,9.504949569702148,25.257619857788086,-0.2576202154159546,36.06321716308594,43.906166076660156,0.0,0.0,0.0,1.0,1.0,0.0,-1.0661289691925049,,,,,,,,,,,,,,,,
1783990017.173,53272000,246,1,1,0,10.0,25.0,10.0,25.0,8.87678337097168,25.287824630737305,-0.2878248691558838,39.007286071777344,47.669551849365234,0.0,0.0,0.0,1.0,1.0,0.0,1.103654146194458,,,,,,,,,,,,,,,,
1783990017.200,53296000,247,1,2,0,10.0,25.0,10.0,25.0,8.835281372070312,25.16718292236328,-0.1671820878982544,41.937103271484375,46.83324432373047,0.0,0.0,0.0,1.0,1.0,0.0,-1.1930066347122192,,,,,,,,,,,,,,,,
1783990017.202,53323000,248,1,3,0,10.0,25.0,10.0,25.0,8.736795425415039,25.381362915039062,-0.3813624382019043,38.57313537597656,50.1784782409668,0.0,0.0,0.0,1.0,1.0,0.0,1.0755667686462402,,,,,,,,,,,,,,,,
1783990017.236,53345000,249,2,255,0,,,,,,,,,,,,,,,,,0.3499999940395355,-1.149999976158142,3.5485715866088867,2.715714454650879,3.5485715866088867,2.715714454650879,0.0,0.0,0.06327423453330994,0.3183346092700958,0.05117851495742798,1.0,0.0,0.0,0.0,0.0
1783990017.253,53358000,250,1,0,0,10.0,25.0,10.0,25.0,9.505156517028809,25.260860443115234,-0.26085972785949707,35.933570861816406,43.906166076660156,0.0,0.0,0.0,1.0,1.0,0.0,-1.0624667406082153,,,,,,,,,,,,,,,,
1783990017.271,53375000,251,1,1,0,10.0,25.0,10.0,25.0,8.876628875732422,25.28924560546875,-0.28924643993377686,38.93323516845703,47.669551849365234,0.0,0.0,0.0,1.0,1.0,0.0,1.1016662120819092,,,,,,,,,,,,,,,,
1783990017.294,53394000,252,1,2,0,10.0,25.0,10.0,25.0,8.839330673217773,25.177597045898438,-0.1775979995727539,41.32497024536133,46.83324432373047,0.0,0.0,0.0,1.0,1.0,0.0,-1.174293041229248,,,,,,,,,,,,,,,,
1783990017.319,53416000,253,1,3,0,10.0,25.0,10.0,25.0,8.734478950500488,25.37139129638672,-0.37139058113098145,38.896080017089844,50.1784782409668,0.0,0.0,0.0,1.0,1.0,0.0,1.085128664970398,,,,,,,,,,,,,,,,
1783990017.321,53442000,254,2,255,0,,,,,,,,,,,,,,,,,0.3499999940395355,-1.149999976158142,3.5485715866088867,2.715714454650879,3.5485715866088867,2.715714454650879,0.0,0.0,0.08264775574207306,0.31890180706977844,0.051217496395111084,1.0,0.0,0.0,0.0,0.0
1783990017.356,53464000,255,1,0,0,10.0,25.0,10.0,25.0,9.51000690460205,25.25343894958496,-0.25343894958496094,36.45355224609375,43.906166076660156,0.0,0.0,0.0,1.0,1.0,0.0,-1.0787265300750732,,,,,,,,,,,,,,,,
1783990017.373,53478000,0,1,1,0,10.0,25.0,10.0,25.0,8.871673583984375,25.292980194091797,-0.2929806709289551,38.84873962402344,47.669551849365234,0.0,0.0,0.0,1.0,1.0,0.0,1.0982422828674316,,,,,,,,,,,,,,,,
1783990017.392,53495000,1,1,2,0,10.0,25.0,10.0,25.0,8.850385665893555,25.17947006225586,-0.17946958541870117,41.22227478027344,46.83324432373047,0.0,0.0,0.0,1.0,1.0,0.0,-1.1714167594909668,,,,,,,,,,,,,,,,
1783990017.414,53515000,2,1,3,0,10.0,25.0,10.0,25.0,8.721068382263184,25.374162673950195,-0.3741621971130371,38.8273811340332,50.1784782409668,0.0,0.0,0.0,1.0,1.0,0.0,1.0819584131240845,,,,,,,,,,,,,,,,
1783990017.440,53537000,3,2,255,0,,,,,,,,,,,,,,,,,0.3499999940395355,-1.149999976158142,3.5485715866088867,2.715714454650879,3.5485715866088867,2.715714454650879,0.0,0.0,0.08883782476186752,0.32526448369026184,0.051659245043992996,1.0,0.0,0.0,0.0,0.0
1783990017.468,53562000,4,1,0,0,10.0,25.0,10.0,25.0,9.502862930297852,25.26033592224121,-0.26033520698547363,36.05310821533203,43.906166076660156,0.0,0.0,0.0,1.0,1.0,0.0,-1.0657896995544434,,,,,,,,,,,,,,,,
1783990017.470,53590000,5,1,1,0,10.0,25.0,10.0,25.0,8.873537063598633,25.294130325317383,-0.2941310405731201,38.63117218017578,47.669551849365234,0.0,0.0,0.0,1.0,1.0,0.0,1.0914934873580933,,,,,,,,,,,,,,,,
1783990017.503,53611000,6,1,2,0,10.0,25.0,10.0,25.0,8.856081008911133,25.188827514648438,-0.1888275146484375,40.83790969848633,46.83324432373047,0.0,0.0,0.0,1.0,1.0,0.0,-1.1597981452941895,,,,,,,,,,,,,,,,
1783990017.521,53625000,7,1,3,0,10.0,25.0,10.0,25.0,8.720281600952148,25.364898681640625,-0.3648996353149414,39.035648345947266,50.1784782409668,0.0,0.0,0.0,1.0,1.0,0.0,1.0881439447402954,,,,,,,,,,,,,,,,
1783990017.540,53642000,8,2,255,0,,,,,,,,,,,,,,,,,0.3499999940395355,-1.149999976158142,3.5485715866088867,2.715714454650879,3.5485715866088867,2.715714454650879,0.0,0.0,0.08430319279432297,0.3336418867111206,0.05225323513150215,1.0,0.0,0.0,0.0,0.0
1783990017.562,53662000,9,1,0,0,10.0,25.0,10.0,25.0,9.506828308105469,25.257333755493164,-0.2573341131210327,35.96622085571289,43.906166076660156,0.0,0.0,0.0,1.0,1.0,0.0,-1.0637601613998413,,,,,,,,,,,,,,,,
1783990017.588,53685000,10,1,1,0,10.0,25.0,10.0,25.0,8.873942375183105,25.29355239868164,-0.29355287551879883,38.649147033691406,47.669551849365234,0.0,0.0,0.0,1.0,1.0,0.0,1.0920418500900269,,,,,,,,,,,,,,,,
1783990017.590,53711000,11,1,2,0,10.0,25.0,10.0,25.0,8.868592262268066,25.18775177001953,-0.1877516508102417,40.902095794677734,46.83324432373047,0.0,0.0,0.0,1.0,1.0,0.0,-1.1630507707595825,,,,,,,,,,,,,,,,
1783990017.624,53732000,12,1,3,0,10.0,25.000059127807617,10.0,25.000059127807617,8.722630500793457,25.36039924621582,-0.360339879989624,39.20115661621094,50.17873001098633,0.0,0.0,5.9807363868458197e-05,1.0,1.0,0.0,1.0940334796905518,,,,,,,,,,,,,,,,
1783990017.643,53747000,13,2,255,0,,,,,,,,,,,,,,,,,0.3499999940395355,-1.149999976158142,3.5485715866088867,2.715714454650879,3.5485715866088867,2.715714454650879,0.0,0.0,0.11804941296577454,0.356799453496933,0.05396793782711029,1.0,0.00021619100880343467,-0.00021619100880343467,-0.00021619100880343467,0.00021619100880343467
1783990017.643,53764000,14,1,0,0,10.0,25.000051498413086,10.0,25.000051498413086,9.509590148925781,25.254404067993164,-0.2543538808822632,35.962547302246094,43.9063835144043,0.0,0.0,5.1373390306252986e-05,1.0,1.0,0.0,-1.063510775566101,,,,,,,,,,,,,,,,
1783990017.686,53785000,15,1,1,0,10.0,24.999958038330078,10.0,24.999958038330078,8.876736640930176,25.293994903564453,-0.2940371632575989,38.65797424316406,47.669376373291016,0.0,0.0,-4.186428486718796e-05,1.0,1.0,0.0,1.092810869216919,,,,,,,,,,,,,,,,
1783990017.713,53809000,16,1,2,0,10.0,24.999950408935547,10.0,24.999950408935547,8.866632461547852,25.19034194946289,-0.1903921365737915,40.93185806274414,46.833038330078125,0.0,0.0,-4.86433164041955e-05,1.0,1.0,0.0,-1.1635156869888306,,,,,,,,,,,,,,,,
1783990017.715,53836000,17,1,3,0,10.0,25.000076293945312,10.0,25.000076293945312,8.7168607711792,25.36431884765625,-0.3642439842224121,39.15354537963867,50.17879867553711,0.0,0.0,7.655630906810984e-05,1.0,1.0,0.0,1.0919405221939087,,,,,,,,,,,,,,,,
1783990017.748,53857000,18,2,255,0,,,,,,,,,,,,,,,,,0.3499999940395355,-1.149999976158142,3.5485715866088867,2.715714454650879,3.5485715866088867,2.715714454650879,0.0,0.0,0.10535286366939545,0.3664071261882782,0.05471049249172211,1.0,0.0005288478569127619,-0.0005288478569127619,-0.0005288478569127619,0.0005288478569127619
1783990017.766,53871000,19,1,0,0,10.0,25.000125885009766,10.0,25.000125885009766,9.514835357666016,25.250991821289062,-0.25086700916290283,36.115386962890625,43.90669631958008,0.0,0.0,0.0001256699179066345,1.0,1.0,0.0,-1.068867564201355,,,,,,,,,,,,,,,,
1783990017.784,53888000,20,1,1,0,10.0,24.999849319458008,10.0,24.999849319458008,8.872379302978516,25.296466827392578,-0.2966180443763733,38.39925765991211,47.668922424316406,0.0,0.0,-0.00014994350203778595,1.0,1.0,0.0,1.0840030908584595,,,,,,,,,,,,,,,,
1783990017.806,53907000,21,1,2,0,10.0,24.99983024597168,10.0,24.99983024597168,8.873149871826172,25.190948486328125,-0.19111931324005127,41.12716293334961,46.83252716064453,0.0,0.0,-0.0001703040616121143,1.0,1.0,0.0,-1.1697452068328857,,,,,,,,,,,,,,,,
1783990017.831,53928000,22,1,3,0,10.0,25.00019073486328,10.0,25.00019073486328,8.721362113952637,25.360416412353516,-0.3602266311645508,39.366546630859375,50.179283142089844,0.0,0.0,0.00019112000882159919,1.0,1.0,0.0,1.0994617938995361,,,,,,,,,,,,,,,,
1783990017.859,53954000,23,2,255,0,,,,,,,,,,,,,,,,,0.3499999940395355,-1.149999976158142,3.5485715866088867,2.715714454650879,3.5485715866088867,2.715714454650879,0.0,0.0,0.10968386381864548,0.38134029507637024,0.05590064823627472,1.0,0.0010321610607206821,-0.0010321610607206821,-0.0010321610607206821,0.0010321610607206821
1783990017.861,53981000,24,1,0,0,10.0,25.000246047973633,10.0,25.000246047973633,9.512313842773438,25.252426147460938,-0.2521812915802002,36.11347961425781,43.90719985961914,0.0,0.0,0.0002452720364090055,1.0,1.0,0.0,-1.0687038898468018,,,,,,,,,,,,,,,,
1783990017.894,54002000,25,1,1,0,10.0,24.999774932861328,10.0,24.999774932861328,8.883031845092773,25.290416717529297,-0.2906426787376404,38.839847564697266,47.66860580444336,0.0,0.0,-0.00022471357078757137,1.0,1.0,0.0,1.098865032196045,,,,,,,,,,,,,,,,
1783990017.911,54016000,26,1,2,0,10.0,24.999784469604492,10.0,24.999784469604492,8.869668960571289,25.200286865234375,-0.20050257444381714,40.7301139831543,46.832340240478516,0.0,0.0,-0.0002146227052435279,1.0,1.0,0.0,-1.157698154449463,,,,,,,,,,,,,,,,
1783990017.929,54033000,27,1,3,0,10.0,25.00020980834961,10.0,25.00020980834961,8.722468376159668,25.346227645874023,-0.3460198640823364,39.655731201171875,50.17936325073242,0.0,0.0,0.00021020993881393224,1.0,1.0,0.0,1.108079433441162,,,,,,,,,,,,,,,,
1783990017.953,54052000,28,2,255,0,,,,,,,,,,,,,,,,,0.3499999940395355,-1.149999976158142,3.5485715866088867,2.715714454650879,3.5485715866088867,2.715714454650879,0.0,0.0,0.10403574258089066,0.3870244324207306,0.05636512488126755,1.0,0.0012294938787817955,-0.0012294938787817955,-0.0012294938787817955,0.0012294938787817955
1783990017.978,54075000,29,1,0,0,10.0,25.00029182434082,10.0,25.00029182434082,9.509408950805664,25.259824752807617,-0.25953352451324463,35.96816635131836,43.90739440917969,0.0,0.0,0.00029216421535238624,1.0,1.0,0.0,-1.064024567604065,,,,,,,,,,,,,,,,
1783990017.980,54101000,30,1,1,0,10.0,24.999679565429688,10.0,24.999679565429688,8.885825157165527,25.289756774902344,-0.29007643461227417,38.678871154785156,47.66820526123047,0.0,0.0,-0.00031986445537768304,1.0,1.0,0.0,1.094123125076294,,,,,,,,,,,,,,,,
1783990018.015,54122000,31,1,2,0,10.0,24.999629974365234,10.0,24.999629974365234,8.880993843078613,25.200054168701172,-0.20042508840560913,40.70371627807617,46.831687927246094,0.0,0.0,-0.00036970284418202937,1.0,1.0,0.0,-1.1579382419586182,,,,,,,,,,,,,,,,
1783990018.033,54137000,32,1,3,0,10.0,25.000316619873047,10.0,25.000316619873047,8.720457077026367,25.3393611907959,-0.3390461206436157,39.836387634277344,50.1798095703125,0.0,0.0,0.0003160158812534064,1.0,1.0,0.0,1.1131327152252197,,,,,,,,,,,,,,,,
1783990018.052,54154000,33,2,255,0,,,,,,,,,,,,,,,,,0.3499999940395355,-1.149999976158142,3.5485715866088867,2.715714454650879,3.5485715866088867,2.715714454650879,0.0,0.0,0.15182556211948395,0.3821280896663666,0.055964644998311996,1.0,0.0010593176120892167,-0.0010593176120892167,-0.0010593176120892167,0.0010593176120892167
1783990018.076,54175000,34,1,0,0,10.0,25.00025177001953,10.0,25.00025177001953,9.51085090637207,25.254484176635742,-0.2542346715927124,36.31319046020508,43.9072265625,0.0,0.0,0.0002517252287361771,1.0,1.0,0.0,-1.0743974447250366,,,,,,,,,,,,,,,,
1783990018.103,54198000,35,1,1,0,10.0,24.99972915649414,10.0,24.99972915649414,8.87877082824707,25.293804168701172,-0.2940744161605835,38.5711555480957,47.66840744018555,0.0,0.0,-0.0002715766604524106,1.0,1.0,0.0,1.0897064208984375,,,,,,,,,,,,,,,,
1783990018.105,54225000,36,1,2,0,10.0,24.999675750732422,10.0,24.999675750732422,8.87983512878418,25.199995040893555,-0.2003192901611328,40.63745880126953,46.83188247680664,0.0,0.0,-0.0003233994357287884,1.0,1.0,0.0,-1.155423879623413,,,,,,,,,,,,,,,,
1783990018.138,54246000,37,1,3,0,10.0,25.000398635864258,10.0,25.000398635864258,8.719618797302246,25.338706970214844,-0.3383070230484009,39.68609619140625,50.18016052246094,0.0,0.0,0.00039955851389095187,1.0,1.0,0.0,1.1077512502670288,,,,,,,,,,,,,,,,
1783990018.156,54260000,38,2,255,0,,,,,,,,,,,,,,,,,0.3499999940395355,-1.149999976158142,3.5485715866088867,2.715714454650879,3.5485715866088867,2.715714454650879,0.0,0.0,0.1325574517250061,0.3962697386741638,0.057134028524160385,1.0,0.0015574689023196697,-0.0015574689023196697,-0.0015574689023196697,0.0015574689023196697
1783990018.174,54277000,39,1,0,0,10.0,25.000370025634766,10.0,25.000370025634766,9.512929916381836,25.248918533325195,-0.24854838848114014,36.39052200317383,43.90772247314453,0.0,0.0,0.0003701007808558643,1.0,1.0,0.0,-1.0772284269332886,,,,,,,,,,,,,,,,
1783990018.197,54297000,40,1,1,0,10.0,24.99964141845703,10.0,24.99964141845703,8.88316822052002,25.291261672973633,-0.2916201949119568,38.783329010009766,47.66804504394531,0.0,0.0,-0.0003581114287953824,1.0,1.0,0.0,1.097109079360962,,,,,,,,,,,,,,,,
1783990018.223,54319000,41,1,2,0,10.0,24.99964714050293,10.0,24.99964714050293,8.883545875549316,25.200193405151367,-0.20054727792739868,40.60423278808594,46.83176040649414,0.0,0.0,-0.00035235160612501204,1.0,1.0,0.0,-1.1547017097473145,,,,,,,,,,,,,,,,
1783990018.226,54346000,42,1,3,0,10.0,25.000337600708008,10.0,25.000337600708008,8.719548225402832,25.334999084472656,-0.33466219902038574,39.93163299560547,50.179901123046875,0.0,0.0,0.0003385052259545773,1.0,1.0,0.0,1.1159286499023438,,,,,,,,,,,,,,,,
1783990018.245,54367000,43,2,255,0,,,,,,,,,,,,,,,,,0.3499999940395355,-1.149999976158142,3.5485715866088867,2.715714454650879,3.5485715866088867,2.715714454650879,0.0,0.0,0.14371182024478912,0.3884938359260559,0.05648621916770935,1.0,0.0012810355983674526,-0.0012810355983674526,-0.0012810355983674526,0.0012810355983674526
1783990018.275,54381000,44,1,0,0,10.0,25.00030517578125,10.0,25.00030517578125,9.513686180114746,25.249916076660156,-0.24961233139038086,36.1544075012207,43.907447814941406,0.0,0.0,0.00030441200942732394,1.0,1.0,0.0,-1.0695257186889648,,,,,,,,,,,,,,,,
1783990018.294,54397000,45,1,1,0,10.0,24.999725341796875,10.0,24.999725341796875,8.880544662475586,25.292705535888672,-0.29298216104507446,38.77457809448242,47.66839599609375,0.0,0.0,-0.00027454138034954667,1.0,1.0,0.0,1.096603274345398,,,,,,,,,,,,,,,,
1783990018.317,54416000,46,1,2,0,10.0,24.999723434448242,10.0,24.999723434448242,8.879761695861816,25.20524024963379,-0.20551681518554688,40.43879699707031,46.83208465576172,0.0,0.0,-0.00027575597050599754,1.0,1.0,0.0,-1.149314045906067,,,,,,,,,,,,,,,,
1783990018.343,54439000,47,1,3,0,10.0,25.000303268432617,10.0,25.000303268432617,8.714725494384766,25.335670471191406,-0.33536553382873535,40.175086975097656,50.17975616455078,0.0,0.0,0.0003039973380509764,1.0,1.0,0.0,1.123629093170166,,,,,,,,,,,,,,,,
1783990018.345,54466000,48,2,255,0,,,,,,,,,,,,,,,,,0.3499999940395355,-1.149999976158142,3.5485715866088867,2.715714454650879,3.5485715866088867,2.715714454650879,0.0,0.0,0.15866221487522125,0.3988882303237915,0.05735481530427933,1.0,0.0016519682249054313,-0.0016519682249054313,-0.0016519682249054313,0.0016519682249054313
1783990018.377,54487000,49,1,0,0,10.0,25.000457763671875,10.0,25.000457763671875,9.510580062866211,25.249893188476562,-0.24943649768829346,36.33393859863281,43.90809631347656,0.0,0.0,0.00045827458961866796,1.0,1.0,0.0,-1.0750675201416016,,,,,,,,,,,,,,,,
1783990018.395,54500000,50,1,1,0,10.0,24.9995174407959,10.0,24.9995174407959,8.887067794799805,25.289886474609375,-0.29036998748779297,38.898746490478516,47.66752243041992,0.0,0.0,-0.00048181452439166605,1.0,1.0,0.0,1.101285457611084,,,,,,,,,,,,,,,,
1783990018.414,54516000,51,1,2,0,10.0,24.999500274658203,10.0,24.999500274658203,8.877073287963867,25.209041595458984,-0.2095431089401245,40.42549133300781,46.83114242553711,0.0,0.0,-0.0004991877358406782,1.0,1.0,0.0,-1.1486436128616333,,,,,,,,,,,,,,,,
1783990018.437,54536000,52,1,3,0,10.0,25.000539779663086,10.0,25.000539779663086,8.718433380126953,25.324037551879883,-0.3234982490539551,40.61408233642578,50.180747985839844,0.0,0.0,0.0005393219762481749,1.0,1.0,0.0,1.137948751449585,,,,,,,,,,,,,,,,
1783990018.462,54559000,53,2,255,0,,,,,,,,,,,,,,,,,0.3499999940395355,-1.149999976158142,3.5485715866088867,2.715714454650879,3.5485715866088867,2.715714454650879,0.0,0.0,0.13109518587589264,0.4231601357460022,0.05946435406804085,1.0,0.002563059562817216,-0.002563059562817216,-0.002563059562817216,0.002563059562817216
1783990018.489,54585000,54,1,0,0,10.0,25.000608444213867,10.0,25.000608444213867,9.516549110412598,25.250408172607422,-0.24980008602142334,36.24410629272461,43.908729553222656,0.0,0.0,0.0006090588867664337,1.0,1.0,0.0,-1.0726699829101562,,,,,,,,,,,,,,,,
1783990018.491,54611000,55,1,1,0,10.0,24.9993953704834,10.0,24.9993953704834,8.884970664978027,25.289213180541992,-0.2898186445236206,38.849273681640625,47.6670036315918,0.0,0.0,-0.000605332083068788,1.0,1.0,0.0,1.0992833375930786,,,,,,,,,,,,,,,,
1783990018.524,54632000,56,1,2,0,10.0,24.999467849731445,10.0,24.999467849731445,8.87872314453125,25.21558380126953,-0.2161160111427307,40.19110107421875,46.83100128173828,0.0,0.0,-0.0005329623236320913,1.0,1.0,0.0,-1.1411232948303223,,,,,,,,,,,,,,,,
1783990018.541,54646000,57,1,3,0,10.0,25.000526428222656,10.0,25.000526428222656,8.71303653717041,25.323530197143555,-0.3230065107345581,40.34297180175781,50.180694580078125,0.0,0.0,0.0005262550548650324,1.0,1.0,0.0,1.128893494606018,,,,,,,,,,,,,,,,
1783990018.559,54662000,58,2,255,0,,,,,,,,,,,,,,,,,0.3499999940395355,-1.149999976158142,3.5485715866088867,2.715714454650879,3.5485715866088867,2.715714454650879,0.0,0.0,0.16284021735191345,0.41994112730026245,0.05917806923389435,1.0,0.002438489580526948,-0.002438489580526948,-0.002438489580526948,0.002438489580526948
1783990018.579,54682000,59,1,0,0,10.0,25.000579833984375,10.0,25.000579833984375,9.50512409210205,25.254613876342773,-0.25403499603271484,36.008079528808594,43.90860366821289,0.0,0.0,0.0005794573808088899,1.0,1.0,0.0,-1.0644872188568115,,,,,,,,,,,,,,,,
1783990018.601,54702000,60,1,1,0,10.0,24.999393463134766,10.0,24.999393463134766,8.884690284729004,25.29073715209961,-0.2913430333137512,38.83818435668945,47.66699981689453,0.0,0.0,-0.0006068788934499025,1.0,1.0,0.0,1.0990355014801025,,,,,,,,,,,,,,,,
1783990018.628,54724000,61,1,2,0,10.0,24.999380111694336,10.0,24.999380111694336,8.876398086547852,25.218772888183594,-0.2193927764892578,40.34199905395508,46.83063888549805,0.0,0.0,-0.0006194777670316398,1.0,1.0,0.0,-1.145999789237976,,,,,,,,,,,,,,,,
1783990018.629,54750000,62,1,3,0,10.0,25.000633239746094,10.0,25.000633239746094,8.71021556854248,25.324356079101562,-0.32372474670410156,40.28120803833008,50.18114471435547,0.0,0.0,0.0006338162929750979,1.0,1.0,0.0,1.1265794038772583,,,,,,,,,,,,,,,,
1783990018.663,54771000,63,2,255,0,,,,,,,,,,,,,,,,,0.3499999940395355,-1.149999976158142,3.5485715866088867,2.715714454650879,3.5485715866088867,2.715714454650879,0.0,0.0,0.16505657136440277,0.4381483197212219,0.06082341820001602,1.0,0.003158728824928403,-0.003158728824928403,-0.003158728824928403,0.003158728824928403
1783990018.679,54785000,64,1,0,0,10.0,25.000751495361328,10.0,25.000751495361328,9.51140308380127,25.251861572265625,-0.25111138820648193,36.203033447265625,43.909324645996094,0.0,0.0,0.0007506075198762119,1.0,1.0,0.0,-1.0715727806091309,,,,,,,,,,,,,,,,
1783990018.697,54801000,65,1,1,0,10.0,24.999217987060547,10.0,24.999217987060547,8.881410598754883,25.292354583740234,-0.2931371331214905,38.71336364746094,47.666259765625,0.0,0.0,-0.0007820393075235188,1.0,1.0,0.0,1.0946930646896362,,,,,,,,,,,,,,,,
1783990018.719,54819000,66,1,2,0,10.0,24.99917984008789,10.0,24.99917984008789,8.88472843170166,25.218639373779297,-0.21945983171463013,40.21670150756836,46.82978820800781,0.0,0.0,-0.0008210622472688556,1.0,1.0,0.0,-1.142732858657837,,,,,,,,,,,,,,,,
1783990018.743,54841000,67,1,3,0,10.0,25.000858306884766,10.0,25.000858306884766,8.71556568145752,25.31977653503418,-0.3189176321029663,40.260894775390625,50.182090759277344,0.0,0.0,0.0008584776660427451,1.0,1.0,0.0,1.1266201734542847,,,,,,,,,,,,,,,,
1783990018.771,54866000,68,2,255,0,,,,,,,,,,,,,,,,,0.3499999940395355,-1.149999976158142,3.5485715866088867,2.715714454650879,3.5485715866088867,2.715714454650879,0.0,0.0,0.18385303020477295,0.4447602927684784,0.06143655255436897,1.0,0.0034298941027373075,-0.0034298941027373075,-0.0034298941027373075,0.0034298941027373075
1783990018.773,54894000,69,1,0,0,10.0,25.00081443786621,10.0,25.00081443786621,9.51274299621582,25.249406814575195,-0.24859309196472168,36.18907928466797,43.90959548950195,0.0,0.0,0.0008150445064529777,1.0,1.0,0.0,-1.0710848569869995,,,,,,,,,,,,,,,,
1783990018.808,54916000,70,1,1,0,10.0,24.999330520629883,10.0,24.999330520629883,8.884653091430664,25.29079818725586,-0.2914696931838989,38.79136657714844,47.6667366027832,0.0,0.0,-0.0006689031724818051,1.0,1.0,0.0,1.0976673364639282,,,,,,,,,,,,,,,,
1783990018.827,54931000,71,1,2,0,10.0,24.999351501464844,10.0,24.999351501464844,8.883465766906738,25.220977783203125,-0.22162795066833496,39.73827362060547,46.83052062988281,0.0,0.0,-0.0006476762937381864,1.0,1.0,0.0,-1.1265217065811157,,,,,,,,,,,,,,,,
1783990018.847,54949000,72,1,3,0,10.0,25.00064468383789,10.0,25.00064468383789,8.710798263549805,25.315696716308594,-0.3150522708892822,40.19791793823242,50.18119430541992,0.0,0.0,0.0006455599213950336,1.0,1.0,0.0,1.1229369640350342,,,,,,,,,,,,,,,,
1783990018.871,54969000,73,2,255,0,,,,,,,,,,,,,,,,,0.3499999940395355,-1.149999976158142,3.5485715866088867,2.715714454650879,3.5485715866088867,2.715714454650879,0.0,0.0,0.1467820554971695,0.4285050332546234,0.059944093227386475,1.0,0.002772498643025756,-0.002772498643025756,-0.002772498643025756,0.002772498643025756
1783990018.901,54993000,74,1,0,0,10.0,25.00065803527832,10.0,25.00065803527832,9.506431579589844,25.257003784179688,-0.25634467601776123,35.97340393066406,43.908939361572266,0.0,0.0,0.0006588278920389712,1.0,1.0,0.0,-1.0635559558868408,,,,,,,,,,,,,,,,
1783990018.901,55020000,75,1,1,0,10.0,24.999292373657227,10.0,24.999292373657227,8.885688781738281,25.289899826049805,-0.29060691595077515,38.7734375,47.66657257080078,0.0,0.0,-0.0007078350172378123,1.0,1.0,0.0,1.0970265865325928,,,,,,,,,,,,,,,,
1783990018.932,55041000,76,1,2,0,10.0,24.99921417236328,10.0,24.99921417236328,8.886308670043945,25.22287940979004,-0.22366642951965332,39.952674865722656,46.82994079589844,0.0,0.0,-0.0007851184927858412,1.0,1.0,0.0,-1.1343621015548706,,,,,,,,,,,,,,,,
1783990018.948,55055000,77,1,3,0,10.0,25.000789642333984,10.0,25.000789642333984,8.711686134338379,25.315427780151367,-0.31463801860809326,40.36260223388672,50.181800842285156,0.0,0.0,0.0007896573515608907,1.0,1.0,0.0,1.1287180185317993,,,,,,,,,,,,,,,,
1783990018.965,55070000,78,2,255,0,,,,,,,,,,,,,,,,,0.3499999940395355,-1.149999976158142,3.5485715866088867,2.715714454650879,3.5485715866088867,2.715714454650879,0.0,0.0,0.20158860087394714,0.44414564967155457,0.06137920916080475,1.0,0.003404466435313225,-0.003404466435313225,-0.003404466435313225,0.003404466435313225
1783990018.987,55088000,79,1,0,0,10.0,25.000808715820312,10.0,25.000808715820312,9.513678550720215,25.25105094909668,-0.250244140625,36.271278381347656,43.909568786621094,0.0,0.0,0.0008090020273812115,1.0,1.0,0.0,-1.0735691785812378,,,,,,,,,,,,,,,,
1783990019.010,55109000,80,1,1,0,10.0,24.999168395996094,10.0,24.999168395996094,8.88803768157959,25.28912353515625,-0.289955735206604,38.730464935302734,47.666053771972656,0.0,0.0,-0.0008316903258673847,1.0,1.0,0.0,1.0957509279251099,,,,,,,,,,,,,,,,
1783990019.037,55133000,81,1,2,0,10.0,24.9991512298584,10.0,24.9991512298584,8.88746166229248,25.22052574157715,-0.22137463092803955,40.05658721923828,46.829673767089844,0.0,0.0,-0.0008481526747345924,1.0,1.0,0.0,-1.1377854347229004,,,,,,,,,,,,,,,,
1783990019.039,55160000,82,1,3,0,10.0,25.000844955444336,10.0,25.000844955444336,8.714775085449219,25.31299591064453,-0.3121525049209595,40.68662643432617,50.18203353881836,0.0,0.0,0.00084480713121593,1.0,1.0,0.0,1.1393259763717651,,,,,,,,,,,,,,,,
1783990019.073,55182000,83,2,255,0,,,,,,,,,,,,,,,,,0.3499999940395355,-1.149999976158142,3.5485715866088867,2.715714454650879,3.5485715866088867,2.715714454650879,0.0,0.0,0.17042875289916992,0.432126522064209,0.06027224287390709,1.0,0.0029162734281271696,-0.0029162734281271696,-0.0029162734281271696,0.0029162734281271696
1783990019.091,55196000,84,1,0,0,10.0,25.00069236755371,10.0,25.00069236755371,9.507728576660156,25.255664825439453,-0.25497376918792725,36.17998504638672,43.909080505371094,0.0,0.0,0.0006929929950274527,1.0,1.0,0.0,-1.0703656673431396,,,,,,,,,,,,,,,,
1783990019.110,55213000,85,1,1,0,10.0,24.999317169189453,10.0,24.999317169189453,8.88248062133789,25.291505813598633,-0.29218941926956177,38.849056243896484,47.66667938232422,0.0,0.0,-0.0006822032737545669,1.0,1.0,0.0,1.0988237857818604,,,,,,,,,,,,,,,,
1783990019.134,55233000,86,1,2,0,10.0,24.99930191040039,10.0,24.99930191040039,8.882963180541992,25.230270385742188,-0.23096948862075806,39.627037048339844,46.83030700683594,0.0,0.0,-0.0006982513004913926,1.0,1.0,0.0,-1.1243664026260376,,,,,,,,,,,,,,,,
1783990019.161,55256000,87,1,3,0,10.0,25.0007381439209,10.0,25.0007381439209,8.705326080322266,25.319034576416016,-0.31829774379730225,40.364654541015625,50.181583404541016,0.0,0.0,0.0007379972375929356,1.0,1.0,0.0,1.1282488107681274,,,,,,,,,,,,,,,,
1783990019.164,55284000,88,2,255,0,,,,,,,,,,,,,,,,,0.3499999940395355,-1.149999976158142,3.5485715866088867,2.715714454650879,3.5485715866088867,2.715714454650879,0.0,0.0,0.19167518615722656,0.4476188123226166,0.06170418858528137,1.0,0.003548751585185528,-0.003548751585185528,-0.003548751585185528,0.003548751585185528
1783990019.197,55305000,89,1,0,0,10.0,25.000917434692383,10.0,25.000917434692383,9.513876914978027,25.248119354248047,-0.2472013235092163,36.4024543762207,43.91002655029297,0.0,0.0,0.000917109427973628,1.0,1.0,0.0,-1.0778359174728394,,,,,,,,,,,,,,,,
1783990019.215,55320000,90,1,1,0,10.0,24.99909019470215,10.0,24.99909019470215,8.885780334472656,25.289960861206055,-0.29087215662002563,38.79740524291992,47.66572570800781,0.0,0.0,-0.0009093609405681491,1.0,1.0,0.0,1.0975382328033447,,,,,,,,,,,,,,,,
1783990019.235,55337000,91,1,2,0,10.0,24.999126434326172,10.0,24.999126434326172,8.890349388122559,25.227195739746094,-0.2280697226524353,39.760643005371094,46.829566955566406,0.0,0.0,-0.0008742432692088187,1.0,1.0,0.0,-1.1289520263671875,,,,,,,,,,,,,,,,
1783990019.258,55358000,92,1,3,0,10.0,25.00083351135254,10.0,25.00083351135254,8.7037992477417,25.319564819335938,-0.3187328577041626,40.47906494140625,50.18198776245117,0.0,0.0,0.0008337732288055122,1.0,1.0,0.0,1.1318732500076294,,,,,,,,,,,,,,,,
1783990019.284,55381000,93,2,255,0,,,,,,,,,,,,,,,,,0.3499999940395355,-1.149999976158142,3.5485715866088867,2.715714454650879,3.5485715866088867,2.715714454650879,0.0,0.0,0.20085301995277405,0.4481402635574341,0.06175318360328674,1.0,0.003570541273802519,-0.003570541273802519,-0.003570541273802519,0.003570541273802519
1783990019.285,55406000,94,1,0,0,10.0,25.0008487701416,10.0,25.0008487701416,9.507528305053711,25.256168365478516,-0.2553194761276245,35.97999572753906,43.90973663330078,0.0,0.0,0.000848466414026916,1.0,1.0,0.0,-1.0637012720108032,,,,,,,,,,,,,,,,
1783990019.318,55427000,95,1,1,0,10.0,24.999006271362305,10.0,24.999006271362305,8.888051986694336,25.28907585144043,-0.29007047414779663,38.900184631347656,47.665367126464844,0.0,0.0,-0.0009943710174411535,1.0,1.0,0.0,1.101318597793579,,,,,,,,,,,,,,,,
1783990019.336,55441000,96,1,2,0,10.0,24.99897575378418,10.0,24.99897575378418,8.894255638122559,25.224346160888672,-0.2253711223602295,39.908226013183594,46.82893371582031,0.0,0.0,-0.0010242288699373603,1.0,1.0,0.0,-1.1339833736419678,,,,,,,,,,,,,,,,
1783990019.355,55457000,97,1,3,0,10.0,25.001014709472656,10.0,25.001014709472656,8.7147216796875,25.319116592407227,-0.3181040287017822,40.502220153808594,50.18274688720703,0.0,0.0,0.0010144761763513088,1.0,1.0,0.0,1.133471131324768,,,,,,,,,,,,,,,,
1783990019.377,55477000,98,2,255,0,,,,,,,,,,,,,,,,,0.3499999940395355,-1.149999976158142,3.5485715866088867,2.715714454650879,3.5485715866088867,2.715714454650879,0.0,0.0,0.1938168704509735,0.4587099254131317,0.06275724619626999,1.0,0.004019394051283598,-0.004019394051283598,-0.004019394051283598,0.004019394051283598
1783990019.404,55500000,99,1,0,0,10.0,25.00095558166504,10.0,25.00095558166504,9.518683433532715,25.258668899536133,-0.2577155828475952,36.06727600097656,43.910186767578125,0.0,0.0,0.0009551270049996674,1.0,1.0,0.0,-1.0677845478057861,,,,,,,,,,,,,,,,
1783990019.406,55526000,100,1,1,0,10.0,24.999094009399414,10.0,24.999094009399414,8.884737968444824,25.29075813293457,-0.29166340827941895,38.74092102050781,47.665740966796875,0.0,0.0,-0.0009057472925633192,1.0,1.0,0.0,1.0959864854812622,,,,,,,,,,,,,,,,
1783990019.438,55546000,101,1,2,0,10.0,24.999256134033203,10.0,24.999256134033203,8.887834548950195,25.22234344482422,-0.22308826446533203,40.08095169067383,46.83011245727539,0.0,0.0,-0.0007443138165399432,1.0,1.0,0.0,-1.1388921737670898,,,,,,,,,,,,,,,,
1783990019.455,55560000,102,1,3,0,10.0,25.000703811645508,10.0,25.000703811645508,8.709821701049805,25.334468841552734,-0.3337651491165161,39.731136322021484,50.18144226074219,0.0,0.0,0.0007046096725389361,1.0,1.0,0.0,1.1091673374176025,,,,,,,,,,,,,,,,
1783990019.473,55577000,103,2,255,0,,,,,,,,,,,,,,,,,0.3499999940395355,-1.149999976158142,3.5485715866088867,2.715714454650879,3.5485715866088867,2.715714454650879,0.0,0.0,0.18464192748069763,0.4297860860824585,0.06005988270044327,1.0,0.0028231837786734104,-0.0028231837786734104,-0.0028231837786734104,0.0028231837786734104
1783990019.496,55596000,104,1,0,0,10.0,25.00067138671875,10.0,25.00067138671875,9.512923240661621,25.26264190673828,-0.2619713544845581,35.85136032104492,43.90898895263672,0.0,0.0,0.0006708720466122031,1.0,1.0,0.0,-1.0600711107254028,,,,,,,,,,,,,,,,
1783990019.521,55618000,105,1,1,0,10.0,24.999319076538086,10.0,24.999319076538086,8.879613876342773,25.29667854309082,-0.2973601222038269,38.42702865600586,47.66668701171875,0.0,0.0,-0.0006806004093959928,1.0,1.0,0.0,1.086091160774231,,,,,,,,,,,,,,,,
1783990019.522,55644000,106,1,2,0,10.0,24.99928092956543,10.0,24.99928092956543,8.884611129760742,25.214975357055664,-0.2156957983970642,40.30208206176758,46.83021926879883,0.0,0.0,-0.0007191068725660443,1.0,1.0,0.0,-1.1455308198928833,,,,,,,,,,,,,,,,
1783990019.556,55665000,107,1,3,0,10.0,25.000783920288086,10.0,25.000783920288086,8.722536087036133,25.35938835144043,-0.35860538482666016,39.05575942993164,50.18177795410156,0.0,0.0,0.0007837801240384579,1.0,1.0,0.0,1.0895533561706543,,,,,,,,,,,,,,,,
1783990019.573,55679000,108,2,255,0,,,,,,,,,,,,,,,,,0.3499999940395355,-1.149999976158142,3.5485715866088867,2.715714454650879,3.5485715866088867,2.715714454650879,0.0,0.0,0.1631546914577484,0.4347793459892273,0.06051420420408249,1.0,0.0030225596856325865,-0.0030225596856325865,-0.0030225596856325865,0.0030225596856325865
1783990019.591,55695000,109,1,0,0,10.0,25.00071907043457,10.0,25.00071907043457,9.527657508850098,25.261878967285156,-0.2611607313156128,36.00619125366211,43.90918731689453,0.0,0.0,0.0007182497065514326,1.0,1.0,0.0,-1.0667587518692017,,,,,,,,,,,,,,,,
1783990019.612,55714000,110,1,1,0,10.0,24.999326705932617,10.0,24.999326705932617,8.880777359008789,25.295888900756836,-0.29656291007995605,38.58877944946289,47.666717529296875,0.0,0.0,-0.0006734559428878129,1.0,1.0,0.0,1.0912014245986938,,,,,,,,,,,,,,,,
1783990019.636,55734000,111,1,2,0,10.0,24.999372482299805,10.0,24.999372482299805,8.8934326171875,25.190532684326172,-0.19115954637527466,41.23290252685547,46.830604553222656,0.0,0.0,-0.0006271190359257162,1.0,1.0,0.0,-1.1754921674728394,,,,,,,,,,,,,,,,
1783990019.663,55758000,112,1,3,0,10.0,25.00055694580078,10.0,25.00055694580078,8.732939720153809,25.385087966918945,-0.3845304250717163,38.17207336425781,50.18082046508789,0.0,0.0,0.0005566129111684859,1.0,1.0,0.0,1.0630850791931152,,,,,,,,,,,,,,,,
1783990019.665,55786000,113,2,255,0,,,,,,,,,,,,,,,,,0.3499999940395355,-1.149999976158142,3.5485715866088867,2.715714454650879,3.5485715866088867,2.715714454650879,0.0,0.0,0.15149496495723724,0.39625686407089233,0.05713294446468353,1.0,0.0015570061514154077,-0.0015570061514154077,-0.0015570061514154077,0.0015570061514154077
1783990019.699,55808000,114,1,0,0,10.0,25.000205993652344,10.0,25.000205993652344,9.533844947814941,25.270933151245117,-0.270727276802063,35.55509948730469,43.90703201293945,0.0,0.0,0.0002060193073702976,1.0,1.0,0.0,-1.0524933338165283,,,,,,,,,,,,,,,,
1783990019.716,55822000,115,1,1,0,10.0,24.999868392944336,10.0,24.999868392944336,8.874939918518066,25.305944442749023,-0.3060773015022278,38.155845642089844,47.66899871826172,0.0,0.0,-0.0001315715635428205,1.0,1.0,0.0,1.0768200159072876,,,,,,,,,,,,,,,,
1783990019.734,55838000,116,1,2,0,10.0,24.999921798706055,10.0,24.999921798706055,8.89465045928955,25.178131103515625,-0.17821043729782104,41.474117279052734,46.832916259765625,0.0,0.0,-7.806062785675749e-05,1.0,1.0,0.0,-1.1829818487167358,,,,,,,,,,,,,,,,
1783990019.757,55857000,117,1,3,0,10.0,25.00002670288086,10.0,25.00002670288086,8.744851112365723,25.42334747314453,-0.4233211278915405,36.85011672973633,50.1785888671875,0.0,0.0,2.638479600136634e-05,1.0,1.0,0.0,1.0235787630081177,,,,,,,,,,,,,,,,
1783990019.780,55878000,118,2,255,0,,,,,,,,,,,,,,,,,0.3499999940395355,-1.149999976158142,3.5485715866088867,2.715714454650879,3.5485715866088867,2.715714454650879,0.0,0.0,0.1109037846326828,0.3451276421546936,0.05309038981795311,1.0,0.0,0.0,0.0,0.0
1783990019.807,55902000,119,1,0,0,10.0,25.0,10.0,25.0,9.535609245300293,25.287357330322266,-0.287356972694397,34.968910217285156,43.906166076660156,0.0,0.0,0.0,1.0,1.0,0.0,-1.0347275733947754,,,,,,,,,,,,,,,,
1783990019.809,55929000,120,1,1,0,10.0,25.0,10.0,25.0,8.876607894897461,25.308673858642578,-0.30867457389831543,38.18629837036133,47.669551849365234,0.0,0.0,0.0,1.0,1.0,0.0,1.0783952474594116,,,,,,,,,,,,,,,,
1783990019.839,55949000,121,1,2,0,10.0,25.0,10.0,25.0,8.899670600891113,25.157379150390625,-0.1573801040649414,42.16835403442383,46.83324432373047,0.0,0.0,0.0,1.0,1.0,0.0,-1.2055387496948242,,,,,,,,,,,,,,,,
1783990019.856,55962000,122,1,3,0,10.0,25.0,10.0,25.0,8.760736465454102,25.451871871948242,-0.45187175273895264,35.92582321166992,50.1784782409668,0.0,0.0,0.0,1.0,1.0,0.0,0.9960289001464844,,,,,,,,,,,,,,,,
1783990019.873,55978000,123,2,255,0,,,,,,,,,,,,,,,,,0.3499999940395355,-1.149999976158142,3.5485715866088867,2.715714454650879,3.5485715866088867,2.715714454650879,0.0,0.0,0.06829345971345901,0.3019562363624573,0.05008076876401901,1.0,0.0,0.0,0.0,0.0
1783990019.896,55995000,124,1,0,0,10.0,25.0,10.0,25.0,9.544013023376465,25.29689598083496,-0.29689669609069824,34.56627655029297,43.906166076660156,0.0,0.0,0.0,1.0,1.0,0.0,-1.022637128829956,,,,,,,,,,,,,,,,
1783990019.919,56017000,125,1,1,0,10.0,25.0,10.0,25.0,8.874314308166504,25.3118896484375,-0.31189024448394775,38.056087493896484,47.669551849365234,0.0,0.0,0.0,1.0,1.0,0.0,1.0738164186477661,,,,,,,,,,,,,,,,
1783990019.946,56042000,126,1,2,0,10.0,25.0,10.0,25.0,8.89479923248291,25.146215438842773,-0.14621615409851074,42.47557067871094,46.83324432373047,0.0,0.0,0.0,1.0,1.0,0.0,-1.2145934104919434,,,,,,,,,,,,,,,,
1783990019.948,56069000,127,1,3,0,10.0,25.0,10.0,25.0,8.780998229980469,25.484994888305664,-0.4849940538406372,35.01107406616211,50.1784782409668,0.0,0.0,0.0,1.0,1.0,0.0,0.9694790840148926,,,,,,,,,,,,,,,,
1783990019.981,56090000,128,2,255,0,,,,,,,,,,,,,,,,,0.3499999940395355,-1.149999976158142,3.5485715866088867,2.715714454650879,3.5485715866088867,2.715714454650879,0.0,0.0,0.024476610124111176,0.2558915317058563,0.04728597775101662,1.0,0.0,0.0,0.0,0.0
1783990019.998,56104000,129,1,0,0,10.0,25.0,10.0,25.0,9.559242248535156,25.308879852294922,-0.3088802099227905,34.422889709472656,43.906166076660156,0.0,0.0,0.0,1.0,1.0,0.0,-1.0193942785263062,,,,,,,,,,,,,,,,
1783990020.015,56119000,130,1,1,0,10.0,25.0,10.0,25.0,8.879772186279297,25.311386108398438,-0.3113865852355957,38.04862594604492,47.669551849365234,0.0,0.0,0.0,1.0,1.0,0.0,1.0737088918685913,,,,,,,,,,,,,,,,
1783990020.038,56138000,131,1,2,0,10.0,25.0,10.0,25.0,8.894233703613281,25.124988555908203,-0.12498795986175537,43.15470504760742,46.83324432373047,0.0,0.0,0.0,1.0,1.0,0.0,-1.2356913089752197,,,,,,,,,,,,,,,,
1783990020.064,56160000,132,1,3,0,10.0,25.0,10.0,25.0,8.800201416015625,25.506168365478516,-0.5061686038970947,34.664764404296875,50.1784782409668,0.0,0.0,0.0,1.0,1.0,0.0,0.9609479308128357,,,,,,,,,,,,,,,,
1783990020.090,56186000,133,2,255,0,,,,,,,,,,,,,,,,,0.3499999940395355,-1.149999976158142,3.5485715866088867,2.715714454650879,3.5485715866088867,2.715714454650879,0.0,0.0,-0.011348751373589039,0.21549879014492035,0.04519613832235336,1.0,0.0,0.0,0.0,0.0
1783990020.093,56213000,134,1,0,0,10.0,25.0,10.0,25.0,9.568629264831543,25.322729110717773,-0.32272934913635254,33.811519622802734,43.906166076660156,0.0,0.0,0.0,1.0,1.0,0.0,-1.0009733438491821,,,,,,,,,,,,,,,,
1783990020.126,56234000,135,1,1,0,10.0,25.0,10.0,25.0,8.883581161499023,25.309635162353516,-0.3096342086791992,38.27083969116211,47.669551849365234,0.0,0.0,0.0,1.0,1.0,0.0,1.0813802480697632,,,,,,,,,,,,,,,,
1783990020.145,56249000,136,1,2,0,10.0,25.0,10.0,25.0,8.89169692993164,25.115367889404297,-0.11536777019500732,43.245574951171875,46.83324432373047,0.0,0.0,0.0,1.0,1.0,0.0,-1.2380659580230713,,,,,,,,,,,,,,,,
1783990020.165,56266000,137,1,3,0,10.0,25.0,10.0,25.0,8.81434440612793,25.523332595825195,-0.5233317613601685,34.17023468017578,50.1784782409668,0.0,0.0,0.0,1.0,1.0,0.0,0.9463788866996765,,,,,,,,,,,,,,,,
1783990020.188,56287000,138,2,255,0,,,,,,,,,,,,,,,,,0.3499999940395355,-1.149999976158142,3.5485715866088867,2.715714454650879,3.5485715866088867,2.715714454650879,0.0,0.0,-0.021047526970505714,0.16480757296085358,0.04306025058031082,1.0,0.0,0.0,0.0,0.0
1783990020.215,56310000,139,1,0,0,10.0,25.0,10.0,25.0,9.57153034210205,25.329212188720703,-0.32921135425567627,33.704551696777344,43.906166076660156,0.0,0.0,0.0,1.0,1.0,0.0,-0.9978331923484802,,,,,,,,,,,,,,,,
1783990020.218,56338000,140,1,1,0,10.0,25.0,10.0,25.0,8.888103485107422,25.30718994140625,-0.3071904182434082,38.57353210449219,47.669551849365234,0.0,0.0,0.0,1.0,1.0,0.0,1.090999722480774,,,,,,,,,,,,,,,,
1783990020.252,56360000,141,1,2,0,10.0,25.0,10.0,25.0,8.885351181030273,25.094789505004883,-0.09478926658630371,44.095733642578125,46.83324432373047,0.0,0.0,0.0,1.0,1.0,0.0,-1.2639930248260498,,,,,,,,,,,,,,,,
1783990020.270,56375000,142,1,3,0,10.0,25.0,10.0,25.0,8.834687232971191,25.532711029052734,-0.5327105522155762,33.79523468017578,50.1784782409668,0.0,0.0,0.0,1.0,1.0,0.0,0.9365013837814331,,,,,,,,,,,,,,,,
1783990020.289,56391000,143,2,255,0,,,,,,,,,,,,,,,,,0.3499999940395355,-1.149999976158142,3.5485715866088867,2.715714454650879,3.5485715866088867,2.715714454650879,0.0,0.0,-0.05490126833319664,0.13081637024879456,0.041937023401260376,1.0,0.0,0.0,0.0,0.0
1783990020.313,56412000,144,1,0,0,10.0,25.0,10.0,25.0,9.579155921936035,25.327762603759766,-0.3277629613876343,33.721031188964844,43.906166076660156,0.0,0.0,0.0,1.0,1.0,0.0,-0.9993921518325806,,,,,,,,,,,,,,,,
1783990020.339,56435000,145,1,1,0,10.0,25.0,10.0,25.0,8.893705368041992,25.30739974975586,-0.30739903450012207,38.22745132446289,47.669551849365234,0.0,0.0,0.0,1.0,1.0,0.0,1.080433964729309,,,,,,,,,,,,,,,,
1783990020.342,56462000,146,1,2,0,10.0,25.0,10.0,25.0,8.889492988586426,25.058130264282227,-0.05812942981719971,45.489261627197266,46.83324432373047,0.0,0.0,0.0,1.0,1.0,0.0,-1.308293342590332,,,,,,,,,,,,,,,,
1783990020.374,56483000,147,1,3,0,10.0,25.0,10.0,25.0,8.883974075317383,25.488561630249023,-0.48856139183044434,36.7902946472168,50.1784782409668,0.0,0.0,0.0,1.0,1.0,0.0,1.031765341758728,,,,,,,,,,,,,,,,
1783990020.391,56496000,148,2,255,0,,,,,,,,,,,,,,,,,0.3499999940395355,-1.149999976158142,3.5485715866088867,2.715714454650879,3.5485715866088867,2.715714454650879,0.0,0.0,-0.07325723022222519,0.11404059827327728,0.04147542268037796,1.0,0.0,0.0,0.0,0.0
1783990020.408,56512000,149,1,0,0,10.0,25.0,10.0,25.0,9.588462829589844,25.280067443847656,-0.2800673246383667,36.582435607910156,43.906166076660156,0.0,0.0,0.0,1.0,1.0,0.0,-1.0884381532669067,,,,,,,,,,,,,,,,
1783990020.430,56531000,150,1,1,0,10.0,25.0,10.0,25.0,8.901979446411133,25.30217742919922,-0.30217766761779785,38.57663345336914,47.669551849365234,0.0,0.0,0.0,1.0,1.0,0.0,1.0938087701797485,,,,,,,,,,,,,,,,
1783990020.453,56552000,151,1,2,0,10.0,25.0,10.0,25.0,8.856379508972168,25.09067726135254,-0.09067654609680176,43.69276428222656,46.83324432373047,0.0,0.0,0.0,1.0,1.0,0.0,-1.248546838760376,,,,,,,,,,,,,,,,
1783990020.480,56576000,152,1,3,0,10.0,25.0,10.0,25.0,8.82872200012207,25.52875518798828,-0.528755784034729,34.67173767089844,50.1784782409668,0.0,0.0,0.0,1.0,1.0,0.0,0.9615746736526489,,,,,,,,,,,,,,,,
1783990020.484,56603000,153,2,255,0,,,,,,,,,,,,,,,,,0.3499999940395355,-1.149999976158142,3.5485715866088867,2.715714454650879,3.5485715866088867,2.715714454650879,0.0,0.0,-0.11216891556978226,0.035707421600818634,0.04142775386571884,1.0,0.0,0.0,0.0,0.0
1783990020.517,56625000,154,1,0,0,10.0,25.0,10.0,25.0,9.524358749389648,25.362659454345703,-0.3626585006713867,33.03072738647461,43.906166076660156,0.0,0.0,0.0,1.0,1.0,0.0,-0.9729641675949097,,,,,,,,,,,,,,,,
1783990020.535,56639000,155,1,1,0,10.0,25.0,10.0,25.0,8.856689453125,25.319486618041992,-0.3194868564605713,37.881561279296875,47.669551849365234,0.0,0.0,0.0,1.0,1.0,0.0,1.0666731595993042,,,,,,,,,,,,,,,,
1783990020.556,56657000,156,1,2,0,10.0,25.0,10.0,25.0,8.827064514160156,25.14781379699707,-0.1478135585784912,42.32341766357422,46.83324432373047,0.0,0.0,0.0,1.0,1.0,0.0,-1.2038178443908691,,,,,,,,,,,,,,,,
1783990020.556,56678000,157,1,3,0,10.0,25.0,10.0,25.0,8.865978240966797,25.50591278076172,-0.5059123039245605,34.8957405090332,50.1784782409668,0.0,0.0,0.0,1.0,1.0,0.0,0.9730305075645447,,,,,,,,,,,,,,,,
1783990020.606,56702000,158,2,255,0,,,,,,,,,,,,,,,,,0.3499999940395355,-1.149999976158142,3.5485715866088867,2.715714454650879,3.5485715866088867,2.715714454650879,0.0,0.0,0.029248837381601334,0.12570218741893768,0.04178977012634277,1.0,0.0,0.0,0.0,0.0
1783990020.608,56729000,159,1,0,0,10.0,25.0,10.0,25.0,9.529098510742188,25.342897415161133,-0.34289658069610596,33.708316802978516,43.906166076660156,0.0,0.0,0.0,1.0,1.0,0.0,-0.995033860206604,,,,,,,,,,,,,,,,
1783990020.643,56751000,160,1,1,0,10.0,25.0,10.0,25.0,8.852985382080078,25.32408905029297,-0.32408833503723145,37.78874588012695,47.669551849365234,0.0,0.0,0.0,1.0,1.0,0.0,1.0639228820800781,,,,,,,,,,,,,,,,
1783990020.660,56766000,161,1,2,0,10.0,25.0,10.0,25.0,8.8363676071167,25.13207244873047,-0.13207197189331055,42.8553466796875,46.83324432373047,0.0,0.0,0.0,1.0,1.0,0.0,-1.2211768627166748,,,,,,,,,,,,,,,,
1783990020.678,56782000,162,1,3,0,10.0,25.0,10.0,25.0,8.890007019042969,25.507938385009766,-0.5079388618469238,34.88248825073242,50.1784782409668,0.0,0.0,0.0,1.0,1.0,0.0,0.9752455949783325,,,,,,,,,,,,,,,,
1783990020.701,56801000,163,2,255,0,,,,,,,,,,,,,,,,,0.3499999940395355,-1.149999976158142,3.5485715866088867,2.715714454650879,3.5485715866088867,2.715714454650879,0.0,0.0,-0.025061368942260742,0.19978314638137817,0.044475533068180084,1.0,0.0,0.0,0.0,0.0
1783990020.727,56823000,164,1,0,0,10.0,25.0,10.0,25.0,9.537888526916504,25.346683502197266,-0.34668445587158203,33.38682174682617,43.906166076660156,0.0,0.0,0.0,1.0,1.0,0.0,-0.9855790138244629,,,,,,,,,,,,,,,,
1783990020.728,56849000,165,1,1,0,10.0,25.0,10.0,25.0,8.867323875427246,25.31580352783203,-0.31580328941345215,37.97504425048828,47.669551849365234,0.0,0.0,0.0,1.0,1.0,0.0,1.0712381601333618,,,,,,,,,,,,,,,,
1783990020.759,56869000,166,1,2,0,10.0,25.0,10.0,25.0,8.841182708740234,25.12895393371582,-0.12895464897155762,43.113250732421875,46.83324432373047,0.0,0.0,0.0,1.0,1.0,0.0,-1.2307734489440918,,,,,,,,,,,,,,,,
1783990020.775,56882000,167,1,3,0,10.0,25.0,10.0,25.0,8.905027389526367,25.503509521484375,-0.5035102367401123,34.21784973144531,50.1784782409668,0.0,0.0,0.0,1.0,1.0,0.0,0.9539735317230225,,,,,,,,,,,,,,,,
1783990020.792,56897000,168,2,255,0,,,,,,,,,,,,,,,,,0.3499999940395355,-1.149999976158142,3.5485715866088867,2.715714454650879,3.5485715866088867,2.715714454650879,0.0,0.0,0.03800993412733078,0.19411277770996094,0.044228363782167435,1.0,0.0,0.0,0.0,0.0
1783990020.814,56914000,169,1,0,0,10.0,25.0,10.0,25.0,9.572690963745117,25.314308166503906,-0.31430721282958984,34.48624801635742,43.906166076660156,0.0,0.0,0.0,1.0,1.0,0.0,-1.0227168798446655,,,,,,,,,,,,,,,,
1783990020.837,56935000,170,1,1,0,10.0,25.0,10.0,25.0,8.894622802734375,25.305500030517578,-0.3055006265640259,38.36805725097656,47.669551849365234,0.0,0.0,0.0,1.0,1.0,0.0,1.085973858833313,,,,,,,,,,,,,,,,
1783990020.865,56960000,171,1,2,0,10.0,25.0,10.0,25.0,8.862902641296387,25.13890838623047,-0.13890862464904785,42.540000915527344,46.83324432373047,0.0,0.0,0.0,1.0,1.0,0.0,-1.2143574953079224,,,,,,,,,,,,,,,,
1783990020.867,56988000,172,1,3,0,10.0,25.0,10.0,25.0,8.889802932739258,25.492876052856445,-0.4928767681121826,34.80706024169922,50.1784782409668,0.0,0.0,0.0,1.0,1.0,0.0,0.9704681634902954,,,,,,,,,,,,,,,,
1783990020.901,57010000,173,2,255,0,,,,,,,,,,,,,,,,,0.3499999940395355,-1.149999976158142,3.5485715866088867,2.715714454650879,3.5485715866088867,2.715714454650879,0.0,0.0,0.10246267914772034,0.19543936848640442,0.04428557679057121,1.0,0.0,0.0,0.0,0.0
1783990020.917,57023000,174,1,0,0,10.0,25.0,10.0,25.0,9.536409378051758,25.333499908447266,-0.3334999084472656,33.48076629638672,43.906166076660156,0.0,0.0,0.0,1.0,1.0,0.0,-0.9880878925323486,,,,,,,,,,,,,,,,
1783990020.935,57039000,175,1,1,0,10.0,25.0,10.0,25.0,8.861515998840332,25.325790405273438,-0.32579004764556885,37.66495132446289,47.669551849365234,0.0,0.0,0.0,1.0,1.0,0.0,1.0604748725891113,,,,,,,,,,,,,,,,
1783990020.956,57057000,176,1,2,0,10.0,25.0,10.0,25.0,8.850899696350098,25.141767501831055,-0.14176666736602783,42.522430419921875,46.83324432373047,0.0,0.0,0.0,1.0,1.0,0.0,-1.212009310722351,,,,,,,,,,,,,,,,
1783990020.979,57078000,177,1,3,0,10.0,25.0,10.0,25.0,8.892498016357422,25.497249603271484,-0.4972487688064575,35.19867706298828,50.1784782409668,0.0,0.0,0.0,1.0,1.0,0.0,0.984271764755249,,,,,,,,,,,,,,,,
1783990021.006,57102000,178,2,255,0,,,,,,,,,,,,,,,,,0.3499999940395355,-1.149999976158142,3.5485715866088867,2.715714454650879,3.5485715866088867,2.715714454650879,0.0,0.0,0.11232909560203552,0.22146588563919067,0.045483384281396866,1.0,0.0,0.0,0.0,0.0
1783990021.008,57129000,179,1,0,0,10.0,25.0,10.0,25.0,9.54263687133789,25.334518432617188,-0.3345191478729248,33.618186950683594,43.906166076660156,0.0,0.0,0.0,1.0,1.0,0.0,-0.9931118488311768,,,,,,,,,,,,,,,,
1783990021.041,57150000,180,1,1,0,10.0,25.0,10.0,25.0,8.869023323059082,25.322216033935547,-0.3222167491912842,37.79985809326172,47.669551849365234,0.0,0.0,0.0,1.0,1.0,0.0,1.0653717517852783,,,,,,,,,,,,,,,,
1783990021.058,57164000,181,1,2,0,10.0,25.0,10.0,25.0,8.853432655334473,25.13425636291504,-0.1342564821243286,42.717350006103516,46.83324432373047,0.0,0.0,0.0,1.0,1.0,0.0,-1.217705488204956,,,,,,,,,,,,,,,,
1783990021.075,57180000,182,1,3,0,10.0,25.0,10.0,25.0,8.898090362548828,25.50360870361328,-0.5036085844039917,35.0712890625,50.1784782409668,0.0,0.0,0.0,1.0,1.0,0.0,0.9814007878303528,,,,,,,,,,,,,,,,
1783990021.098,57198000,183,2,255,0,,,,,,,,,,,,,,,,,0.3499999940395355,-1.149999976158142,3.5485715866088867,2.715714454650879,3.5485715866088867,2.715714454650879,0.0,0.0,0.07920962572097778,0.20857295393943787,0.044872138649225235,1.0,0.0,0.0,0.0,0.0
1783990021.123,57220000,184,1,0,0,10.0,25.0,10.0,25.0,9.538812637329102,25.342554092407227,-0.34255385398864746,33.40782165527344,43.906166076660156,0.0,0.0,0.0,1.0,1.0,0.0,-0.9857097864151001,,,,,,,,,,,,,,,,
1783990021.123,57245000,185,1,1,0,10.0,25.0,10.0,25.0,8.869172096252441,25.321821212768555,-0.32182037830352783,37.983612060546875,47.669551849365234,0.0,0.0,0.0,1.0,1.0,0.0,1.0711888074874878,,,,,,,,,,,,,,,,
1783990021.157,57266000,186,1,2,0,10.0,25.0,10.0,25.0,8.847500801086426,25.137296676635742,-0.13729631900787354,42.699363708496094,46.83324432373047,0.0,0.0,0.0,1.0,1.0,0.0,-1.2171385288238525,,,,,,,,,,,,,,,,
1783990021.173,57279000,187,1,3,0,10.0,25.0,10.0,25.0,8.90099048614502,25.50265121459961,-0.5026519298553467,34.93743133544922,50.1784782409668,0.0,0.0,0.0,1.0,1.0,0.0,0.9773502945899963,,,,,,,,,,,,,,,,
1783990021.190,57295000,188,2,255,0,,,,,,,,,,,,,,,,,0.3499999940395355,-1.149999976158142,3.5485715866088867,2.715714454650879,3.5485715866088867,2.715714454650879,0.0,0.0,0.07736993581056595,0.21474134922027588,0.045160211622714996,1.0,0.0,0.0,0.0,0.0
1783990021.213,57313000,189,1,0,0,10.0,25.0,10.0,25.0,9.551599502563477,25.345314025878906,-0.34531354904174805,33.23228073120117,43.906166076660156,0.0,0.0,0.0,1.0,1.0,0.0,-0.981568455696106,,,,,,,,,,,,,,,,
1783990021.238,57335000,190,1,1,0,10.0,25.0,10.0,25.0,8.873250007629395,25.31888771057129,-0.3188878297805786,37.96548843383789,47.669551849365234,0.0,0.0,0.0,1.0,1.0,0.0,1.0706416368484497,,,,,,,,,,,,,,,,
1783990021.239,57361000,191,1,2,0,10.0,25.0,10.0,25.0,8.855514526367188,25.123044967651367,-0.12304484844207764,43.29179763793945,46.83324432373047,0.0,0.0,0.0,1.0,1.0,0.0,-1.236137866973877,,,,,,,,,,,,,,,,
1783990021.272,57381000,192,1,3,0,10.0,25.0,10.0,25.0,8.912287712097168,25.500499725341797,-0.5005002021789551,34.46367645263672,50.1784782409668,0.0,0.0,0.0,1.0,1.0,0.0,0.9629542231559753,,,,,,,,,,,,,,,,
1783990021.288,57394000,193,2,255,0,,,,,,,,,,,,,,,,,0.3499999940395355,-1.149999976158142,3.5485715866088867,2.715714454650879,3.5485715866088867,2.715714454650879,0.0,0.0,0.0253186896443367,0.19377504289150238,0.044213857501745224,1.0,0.0,0.0,0.0,0.0
1783990021.306,57410000,194,1,0,0,10.0,25.0,10.0,25.0,9.550477981567383,25.333940505981445,-0.3339409828186035,33.611473083496094,43.906166076660156,0.0,0.0,0.0,1.0,1.0,0.0,-0.9936323761940002,,,,,,,,,,,,,,,,
1783990021.328,57428000,195,1,1,0,10.0,25.0,10.0,25.0,8.873133659362793,25.320344924926758,-0.3203451633453369,38.027801513671875,47.669551849365234,0.0,0.0,0.0,1.0,1.0,0.0,1.0725111961364746,,,,,,,,,,,,,,,,
1783990021.353,57450000,196,1,2,0,10.0,25.0,10.0,25.0,8.831279754638672,25.14570426940918,-0.14570355415344238,42.24734115600586,46.83324432373047,0.0,0.0,0.0,1.0,1.0,0.0,-1.201606273651123,,,,,,,,,,,,,,,,
1783990021.380,57476000,197,1,3,0,10.0,25.0,10.0,25.0,8.896634101867676,25.494295120239258,-0.4942953586578369,34.98183822631836,50.1784782409668,0.0,0.0,0.0,1.0,1.0,0.0,0.9778915643692017,,,,,,,,,,,,,,,,
1783990021.382,57503000,198,2,255,0,,,,,,,,,,,,,,,,,0.3499999940395355,-1.149999976158142,3.5485715866088867,2.715714454650879,3.5485715866088867,2.715714454650879,0.0,0.0,0.01947779767215252,0.18737275898456573,0.043943461030721664,1.0,0.0,0.0,0.0,0.0
1783990021.416,57524000,199,1,0,0,10.0,25.0,10.0,25.0,9.530588150024414,25.351327896118164,-0.35132765769958496,33.18083190917969,43.906166076660156,0.0,0.0,0.0,1.0,1.0,0.0,-0.9784054756164551,,,,,,,,,,,,,,,,
1783990021.435,57539000,200,1,1,0,10.0,25.0,10.0,25.0,8.862092018127441,25.324684143066406,-0.32468438148498535,37.79693603515625,47.669551849365234,0.0,0.0,0.0,1.0,1.0,0.0,1.064555287361145,,,,,,,,,,,,,,,,
1783990021.454,57556000,201,1,2,0,10.0,25.0,10.0,25.0,8.825506210327148,25.1558780670166,-0.15587806701660156,42.076499938964844,46.83324432373047,0.0,0.0,0.0,1.0,1.0,0.0,-1.1959038972854614,,,,,,,,,,,,,,,,
1783990021.478,57577000,202,1,3,0,10.0,25.0,10.0,25.0,8.887372970581055,25.497522354125977,-0.4975229501724243,34.86037826538086,50.1784782409668,0.0,0.0,0.0,1.0,1.0,0.0,0.9730518460273743,,,,,,,,,,,,,,,,
1783990021.505,57601000,203,2,255,0,,,,,,,,,,,,,,,,,0.3499999940395355,-1.149999976158142,3.5485715866088867,2.715714454650879,3.5485715866088867,2.715714454650879,0.0,0.0,0.06928358227014542,0.2190266251564026,0.04536505788564682,1.0,0.0,0.0,0.0,0.0
1783990021.507,57628000,204,1,0,0,10.0,25.0,10.0,25.0,9.531270027160645,25.344907760620117,-0.3449082374572754,33.40570831298828,43.906166076660156,0.0,0.0,0.0,1.0,1.0,0.0,-0.9856118559837341,,,,,,,,,,,,,,,,
1783990021.540,57649000,205,1,1,0,10.0,25.0,10.0,25.0,8.862857818603516,25.32442283630371,-0.32442212104797363,37.726806640625,47.669551849365234,0.0,0.0,0.0,1.0,1.0,0.0,1.0624639987945557,,,,,,,,,,,,,,,,
1783990021.556,57662000,206,1,2,0,10.0,25.0,10.0,25.0,8.825742721557617,25.15530014038086,-0.15529990196228027,42.19410705566406,46.83324432373047,0.0,0.0,0.0,1.0,1.0,0.0,-1.1991990804672241,,,,,,,,,,,,,,,,
1783990021.573,57678000,207,1,3,0,10.0,25.0,10.0,25.0,8.888769149780273,25.48769187927246,-0.48769116401672363,35.22271728515625,50.1784782409668,0.0,0.0,0.0,1.0,1.0,0.0,0.9842724800109863,,,,,,,,,,,,,,,,
1783990021.594,57695000,208,2,255,0,,,,,,,,,,,,,,,,,0.3499999940395355,-1.149999976158142,3.5485715866088867,2.715714454650879,3.5485715866088867,2.715714454650879,0.0,0.0,-0.010797180235385895,0.20042255520820618,0.0445038303732872,1.0,0.0,0.0,0.0,0.0
1783990021.618,57716000,209,1,0,0,10.0,25.0,10.0,25.0,9.516199111938477,25.351520538330078,-0.351521372795105,33.04638671875,43.906166076660156,0.0,0.0,0.0,1.0,1.0,0.0,-0.9726616144180298,,,,,,,,,,,,,,,,
1783990021.645,57741000,210,1,1,0,10.0,25.0,10.0,25.0,8.850893020629883,25.328128814697266,-0.32812952995300293,37.56541061401367,47.669551849365234,0.0,0.0,0.0,1.0,1.0,0.0,1.056093692779541,,,,,,,,,,,,,,,,
1783990021.648,57768000,211,1,2,0,10.0,25.0,10.0,25.0,8.817456245422363,25.17767333984375,-0.17767250537872314,41.474056243896484,46.83324432373047,0.0,0.0,0.0,1.0,1.0,0.0,-1.1764041185379028,,,,,,,,,,,,,,,,
1783990021.680,57789000,212,1,3,0,10.0,25.0,10.0,25.0,8.862106323242188,25.496397018432617,-0.49639642238616943,35.191162109375,50.1784782409668,0.0,0.0,0.0,1.0,1.0,0.0,0.9814583659172058,,,,,,,,,,,,,,,,
1783990021.697,57802000,213,2,255,0,,,,,,,,,,,,,,,,,0.3499999940395355,-1.149999976158142,3.5485715866088867,2.715714454650879,3.5485715866088867,2.715714454650879,0.0,0.0,0.07966863363981247,0.23439648747444153,0.046131476759910583,1.0,0.0,0.0,0.0,0.0
1783990021.716,57819000,214,1,0,0,10.0,25.0,10.0,25.0,9.518616676330566,25.345409393310547,-0.34540891647338867,33.47679138183594,43.906166076660156,0.0,0.0,0.0,1.0,1.0,0.0,-0.9866072535514832,,,,,,,,,,,,,,,,
1783990021.739,57839000,215,1,1,0,10.0,25.0,10.0,25.0,8.839888572692871,25.33382225036621,-0.33382177352905273,37.377742767333984,47.669551849365234,0.0,0.0,0.0,1.0,1.0,0.0,1.0496217012405396,,,,,,,,,,,,,,,,
1783990021.765,57862000,216,1,2,0,10.0,25.0,10.0,25.0,8.830280303955078,25.16375732421875,-0.1637578010559082,41.8045768737793,46.83324432373047,0.0,0.0,0.0,1.0,1.0,0.0,-1.1875436305999756,,,,,,,,,,,,,,,,
1783990021.792,57888000,217,1,3,0,10.0,25.0,10.0,25.0,8.857625961303711,25.497621536254883,-0.4976212978363037,34.9859733581543,50.1784782409668,0.0,0.0,0.0,1.0,1.0,0.0,0.9748320579528809,,,,,,,,,,,,,,,,
1783990021.794,57915000,218,2,255,0,,,,,,,,,,,,,,,,,0.3499999940395355,-1.149999976158142,3.5485715866088867,2.715714454650879,3.5485715866088867,2.715714454650879,0.0,0.0,0.03956431895494461,0.23432354629039764,0.046127721667289734,1.0,0.0,0.0,0.0,0.0
1783990021.829,57937000,219,1,0,0,10.0,25.0,10.0,25.0,9.513497352600098,25.34543800354004,-0.34543871879577637,33.39728546142578,43.906166076660156,0.0,0.0,0.0,1.0,1.0,0.0,-0.9838588237762451,,,,,,,,,,,,,,,,
1783990021.848,57952000,220,1,1,0,10.0,25.0,10.0,25.0,8.843924522399902,25.331979751586914,-0.33197999000549316,37.52034378051758,47.669551849365234,0.0,0.0,0.0,1.0,1.0,0.0,1.0545907020568848,,,,,,,,,,,,,,,,
1783990021.868,57970000,221,1,2,0,10.0,25.0,10.0,25.0,8.825420379638672,25.16959571838379,-0.16959607601165771,41.51950454711914,46.83324432373047,0.0,0.0,0.0,1.0,1.0,0.0,-1.1779905557632446,,,,,,,,,,,,,,,,
1783990021.892,57991000,222,1,3,0,10.0,25.0,10.0,25.0,8.863250732421875,25.481090545654297,-0.4810899496078491,35.71699142456055,50.1784782409668,0.0,0.0,0.0,1.0,1.0,0.0,0.9978873133659363,,,,,,,,,,,,,,,,
1783990021.919,58015000,223,2,255,0,,,,,,,,,,,,,,,,,0.3499999940395355,-1.149999976158142,3.5485715866088867,2.715714454650879,3.5485715866088867,2.715714454650879,0.0,0.0,0.003914380446076393,0.2333153337240219,0.04607594758272171,1.0,0.0,0.0,0.0,0.0
1783990021.921,58042000,224,1,0,0,10.0,25.0,10.0,25.0,9.511719703674316,25.34425926208496,-0.34425854682922363,33.410099029541016,43.906166076660156,0.0,0.0,0.0,1.0,1.0,0.0,-0.983873724937439,,,,,,,,,,,,,,,,
1783990021.953,58063000,225,1,1,0,10.0,25.0,10.0,25.0,8.829813957214355,25.33605194091797,-0.33605098724365234,37.488712310791016,47.669551849365234,0.0,0.0,0.0,1.0,1.0,0.0,1.0523208379745483,,,,,,,,,,,,,,,,
1783990021.968,58076000,226,1,2,0,10.0,25.0,10.0,25.0,8.825994491577148,25.17567253112793,-0.1756727695465088,41.58591842651367,46.83324432373047,0.0,0.0,0.0,1.0,1.0,0.0,-1.1808643341064453,,,,,,,,,,,,,,,,
1783990021.985,58090000,227,1,3,0,10.0,25.0,10.0,25.0,8.839986801147461,25.489543914794922,-0.4895448684692383,35.159358978271484,50.1784782409668,0.0,0.0,0.0,1.0,1.0,0.0,0.9785175919532776,,,,,,,,,,,,,,,,
1783990022.008,58108000,228,2,255,0,,,,,,,,,,,,,,,,,0.3499999940395355,-1.149999976158142,3.5485715866088867,2.715714454650879,3.5485715866088867,2.715714454650879,0.0,0.0,0.049777913838624954,0.25626128911972046,0.04730667918920517,1.0,0.0,0.0,0.0,0.0
1783990022.031,58129000,229,1,0,0,10.0,25.0,10.0,25.0,9.510042190551758,25.32874870300293,-0.328749418258667,34.04073715209961,43.906166076660156,0.0,0.0,0.0,1.0,1.0,0.0,-1.003563404083252,,,,,,,,,,,,,,,,
1783990022.058,58154000,230,1,1,0,10.0,25.0,10.0,25.0,8.833770751953125,25.33458137512207,-0.33458173274993896,37.47904968261719,47.669551849365234,0.0,0.0,0.0,1.0,1.0,0.0,1.0523236989974976,,,,,,,,,,,,,,,,
1783990022.060,58181000,231,1,2,0,10.0,25.0,10.0,25.0,8.823862075805664,25.177379608154297,-0.17738044261932373,41.50865936279297,46.83324432373047,0.0,0.0,0.0,1.0,1.0,0.0,-1.1782257556915283,,,,,,,,,,,,,,,,
1783990022.093,58202000,232,1,3,0,10.0,25.0,10.0,25.0,8.841692924499512,25.46693992614746,-0.4669398069381714,36.01341247558594,50.1784782409668,0.0,0.0,0.0,1.0,1.0,0.0,1.0052599906921387,,,,,,,,,,,,,,,,
1783990022.110,58216000,233,2,255,0,,,,,,,,,,,,,,,,,0.3499999940395355,-1.149999976158142,3.5485715866088867,2.715714454650879,3.5485715866088867,2.715714454650879,0.0,0.0,0.00602826289832592,0.27425673604011536,0.048348113894462585,1.0,0.0,0.0,0.0,0.0
1783990022.128,58232000,234,1,0,0,10.0,25.0,10.0,25.0,9.511000633239746,25.327957153320312,-0.3279566764831543,33.912994384765625,43.906166076660156,0.0,0.0,0.0,1.0,1.0,0.0,-0.9998283386230469,,,,,,,,,,,,,,,,
1783990022.151,58251000,235,1,1,0,10.0,25.0,10.0,25.0,8.842245101928711,25.32784080505371,-0.3278404474258423,37.75886535644531,47.669551849365234,0.0,0.0,0.0,1.0,1.0,0.0,1.0616830587387085,,,,,,,,,,,,,,,,
1783990022.175,58273000,236,1,2,0,10.0,25.0,10.0,25.0,8.819816589355469,25.185394287109375,-0.185394287109375,41.054161071777344,46.83324432373047,0.0,0.0,0.0,1.0,1.0,0.0,-1.1632181406021118,,,,,,,,,,,,,,,,
1783990022.201,58297000,237,1,3,0,10.0,25.0,10.0,25.0,8.836492538452148,25.44461441040039,-0.44461488723754883,36.66525650024414,50.1784782409668,0.0,0.0,0.0,1.0,1.0,0.0,1.0247498750686646,,,,,,,,,,,,,,,,
1783990022.203,58324000,238,2,255,0,,,,,,,,,,,,,,,,,0.3499999940395355,-1.149999976158142,3.5485715866088867,2.715714454650879,3.5485715866088867,2.715714454650879,0.0,0.0,0.02787620946764946,0.277434766292572,0.048538949340581894,1.0,0.0,0.0,0.0,0.0
1783990022.237,58345000,239,1,0,0,10.0,25.0,10.0,25.0,9.508857727050781,25.31260871887207,-0.3126084804534912,34.58781433105469,43.906166076660156,0.0,0.0,0.0,1.0,1.0,0.0,-1.020106554031372,,,,,,,,,,,,,,,,
1783990022.255,58360000,240,1,1,0,10.0,25.0,10.0,25.0,8.84427547454834,25.327556610107422,-0.3275573253631592,37.73658752441406,47.669551849365234,0.0,0.0,0.0,1.0,1.0,0.0,1.0616816282272339,,,,,,,,,,,,,,,,
1783990022.274,58377000,241,1,2,0,10.0,25.0,10.0,25.0,8.822283744812012,25.19265365600586,-0.19265413284301758,40.983787536621094,46.83324432373047,0.0,0.0,0.0,1.0,1.0,0.0,-1.1612199544906616,,,,,,,,,,,,,,,,
1783990022.275,58397000,242,1,3,0,10.0,25.0,10.0,25.0,8.830426216125488,25.42366600036621,-0.4236668348312378,37.31620788574219,50.1784782409668,0.0,0.0,0.0,1.0,1.0,0.0,1.0442489385604858,,,,,,,,,,,,,,,,
1783990022.324,58420000,243,2,255,0,,,,,,,,,,,,,,,,,0.3499999940395355,-1.149999976158142,3.5485715866088867,2.715714454650879,3.5485715866088867,2.715714454650879,0.0,0.0,0.03322435915470123,0.30448588728904724,0.05024677887558937,1.0,0.0,0.0,0.0,0.0
1783990022.326,58447000,244,1,0,0,10.0,25.0,10.0,25.0,9.507640838623047,25.309783935546875,-0.3097832202911377,34.656410217285156,43.906166076660156,0.0,0.0,0.0,1.0,1.0,0.0,-1.0222070217132568,,,,,,,,,,,,,,,,
1783990022.360,58468000,245,1,1,0,10.0,25.0,10.0,25.0,8.848567962646484,25.324254989624023,-0.32425522804260254,37.83092498779297,47.669551849365234,0.0,0.0,0.0,1.0,1.0,0.0,1.0646928548812866,,,,,,,,,,,,,,,,
1783990022.378,58483000,246,1,2,0,10.0,25.0,10.0,25.0,8.831122398376465,25.198577880859375,-0.1985788345336914,40.80919647216797,46.83324432373047,0.0,0.0,0.0,1.0,1.0,0.0,-1.156662106513977,,,,,,,,,,,,,,,,
1783990022.396,58500000,247,1,3,0,10.0,25.0,10.0,25.0,8.829737663269043,25.402307510375977,-0.40230751037597656,38.19319152832031,50.1784782409668,0.0,0.0,0.0,1.0,1.0,0.0,1.0718432664871216,,,,,,,,,,,,,,,,
1783990022.419,58518000,248,2,255,0,,,,,,,,,,,,,,,,,0.3499999940395355,-1.149999976158142,3.5485715866088867,2.715714454650879,3.5485715866088867,2.715714454650879,0.0,0.0,0.051446668803691864,0.33420953154563904,0.05229399353265762,1.0,0.0,0.0,0.0,0.0
1783990022.444,58541000,249,1,0,0,10.0,25.0,10.0,25.0,9.511004447937012,25.298133850097656,-0.2981334924697876,34.98919677734375,43.906166076660156,0.0,0.0,0.0,1.0,1.0,0.0,-1.0333235263824463,,,,,,,,,,,,,,,,
1783990022.446,58567000,250,1,1,0,10.0,25.0,10.0,25.0,8.850319862365723,25.321752548217773,-0.32175183296203613,37.86166763305664,47.669551849365234,0.0,0.0,0.0,1.0,1.0,0.0,1.0659754276275635,,,,,,,,,,,,,,,,
1783990022.479,58588000,251,1,2,0,10.0,25.0,10.0,25.0,8.840715408325195,25.20562171936035,-0.2056211233139038,40.6806755065918,46.83324432373047,0.0,0.0,0.0,1.0,1.0,0.0,-1.1534866094589233,,,,,,,,,,,,,,,,
1783990022.496,58601000,252,1,3,0,10.0,25.0,10.0,25.0,8.815777778625488,25.395307540893555,-0.39530694484710693,37.94304656982422,50.1784782409668,0.0,0.0,0.0,1.0,1.0,0.0,1.0622286796569824,,,,,,,,,,,,,,,,
1783990022.515,58618000,253,2,255,0,,,,,,,,,,,,,,,,,0.3499999940395355,-1.149999976158142,3.5485715866088867,2.715714454650879,3.5485715866088867,2.715714454650879,0.0,0.0,0.07582506537437439,0.35614073276519775,0.053917694836854935,1.0,0.0001950650184880942,-0.0001950650184880942,-0.0001950650184880942,0.0001950650184880942
1783990022.539,58638000,254,1,0,0,10.0,25.000045776367188,10.0,25.000045776367188,9.509786605834961,25.294191360473633,-0.29414594173431396,34.83784866333008,43.9063606262207,0.0,0.0,4.6353226935025305e-05,1.0,1.0,0.0,-1.0283823013305664,,,,,,,,,,,,,,,,
1783990022.565,58662000,255,1,1,0,10.0,24.999914169311523,10.0,24.999914169311523,8.855603218078613,25.31891441345215,-0.31900107860565186,38.06944274902344,47.669193267822266,0.0,0.0,-8.542550494894385e-05,1.0,1.0,0.0,1.0728929042816162,,,,,,,,,,,,,,,,
1783990022.592,58688000,0,1,2,0,10.0,24.999879837036133,10.0,24.999879837036133,8.850143432617188,25.20663070678711,-0.20675212144851685,40.67081069946289,46.832740783691406,0.0,0.0,-0.00011978350084973499,1.0,1.0,0.0,-1.1542869806289673,,,,,,,,,,,,,,,,
1783990022.594,58715000,1,1,3,0,10.0,25.00014877319336,10.0,25.00014877319336,8.819217681884766,25.37900161743164,-0.37885308265686035,38.55853271484375,50.17910385131836,0.0,0.0,0.00014895117783453315,1.0,1.0,0.0,1.0818785429000854,,,,,,,,,,,,,,,,
1783990022.629,58737000,2,2,255,0,,,,,,,,,,,,,,,,,0.3499999940395355,-1.149999976158142,3.5485715866088867,2.715714454650879,3.5485715866088867,2.715714454650879,0.0,0.0,0.09433005750179291,0.3835655450820923,0.056081730872392654,1.0,0.0011090283514931798,-0.0011090283514931798,-0.0011090283514931798,0.0011090283514931798
1783990022.648,58752000,3,1,0,0,10.0,25.000263214111328,10.0,25.000263214111328,9.517541885375977,25.284730911254883,-0.2844691276550293,35.43189239501953,43.90727615356445,0.0,0.0,0.00026353797875344753,1.0,1.0,0.0,-1.0479445457458496,,,,,,,,,,,,,,,,
1783990022.668,58770000,4,1,1,0,10.0,24.999723434448242,10.0,24.999723434448242,8.860919952392578,25.314735412597656,-0.3150135278701782,38.169151306152344,47.668392181396484,0.0,0.0,-0.00027568743098527193,1.0,1.0,0.0,1.0764250755310059,,,,,,,,,,,,,,,,
1783990022.692,58791000,5,1,2,0,10.0,24.99972152709961,10.0,24.99972152709961,8.866247177124023,25.205760955810547,-0.20603984594345093,40.66926193237305,46.83207702636719,0.0,0.0,-0.0002777725749183446,1.0,1.0,0.0,-1.1557329893112183,,,,,,,,,,,,,,,,
1783990022.719,58815000,6,1,3,0,10.0,25.000259399414062,10.0,25.000259399414062,8.817126274108887,25.36736488342285,-0.36710500717163086,39.00146484375,50.179569244384766,0.0,0.0,0.0002591483644209802,1.0,1.0,0.0,1.0955924987792969,,,,,,,,,,,,,,,,
1783990022.722,58842000,7,2,255,0,,,,,,,,,,,,,,,,,0.3499999940395355,-1.149999976158142,3.5485715866088867,2.715714454650879,3.5485715866088867,2.715714454650879,0.0,0.0,0.09515977650880814,0.38393235206604004,0.05611167848110199,1.0,0.0011217464925721288,-0.0011217464925721288,-0.0011217464925721288,0.0011217464925721288
1783990022.755,58863000,8,1,0,0,10.0,25.00031089782715,10.0,25.00031089782715,9.512042999267578,25.27962303161621,-0.279313325881958,35.42007827758789,43.90747833251953,0.0,0.0,0.00031184189720079303,1.0,1.0,0.0,-1.0467815399169922,,,,,,,,,,,,,,,,
1783990022.772,58877000,9,1,1,0,10.0,24.99966049194336,10.0,24.99966049194336,8.866734504699707,25.31076431274414,-0.3111034631729126,38.228851318359375,47.668121337890625,0.0,0.0,-0.00033966940827667713,1.0,1.0,0.0,1.0787217617034912,,,,,,,,,,,,,,,,
1783990022.790,58894000,10,1,2,0,10.0,24.999649047851562,10.0,24.999649047851562,8.86463451385498,25.21389389038086,-0.21424591541290283,40.1053581237793,46.83176803588867,0.0,0.0,-0.00035108093288727105,1.0,1.0,0.0,-1.137634515762329,,,,,,,,,,,,,,,,
1783990022.813,58913000,11,1,3,0,10.0,25.0003662109375,10.0,25.0003662109375,8.814835548400879,25.348880767822266,-0.3485143184661865,39.741668701171875,50.180023193359375,0.0,0.0,0.0003666772390715778,1.0,1.0,0.0,1.1186556816101074,,,,,,,,,,,,,,,,
1783990022.837,58935000,12,2,255,0,,,,,,,,,,,,,,,,,0.3499999940395355,-1.149999976158142,3.5485715866088867,2.715714454650879,3.5485715866088867,2.715714454650879,0.0,0.0,0.11077459901571274,0.40110278129577637,0.057542577385902405,1.0,0.00173245242331177,-0.00173245242331177,-0.00173245242331177,0.00173245242331177
1783990022.865,58960000,13,1,0,0,10.0,25.000411987304688,10.0,25.000411987304688,9.518088340759277,25.2688045501709,-0.26839375495910645,35.58687210083008,43.90789794921875,0.0,0.0,0.0004116820637136698,1.0,1.0,0.0,-1.0520073175430298,,,,,,,,,,,,,,,,
1783990022.868,58988000,14,1,1,0,10.0,24.99956703186035,10.0,24.99956703186035,8.869550704956055,25.30788230895996,-0.3083154559135437,38.38301086425781,47.66773223876953,0.0,0.0,-0.00043276578071527183,1.0,1.0,0.0,1.0839195251464844,,,,,,,,,,,,,,,,
1783990022.888,59010000,15,1,2,0,10.0,24.99951934814453,10.0,24.99951934814453,8.87309455871582,25.21190643310547,-0.21238774061203003,40.37613296508789,46.83122634887695,0.0,0.0,-0.00047991599421948195,1.0,1.0,0.0,-1.1468009948730469,,,,,,,,,,,,,,,,
1783990022.920,59025000,16,1,3,0,10.0,25.000486373901367,10.0,25.000486373901367,8.816593170166016,25.339710235595703,-0.3392249345779419,39.97768020629883,50.18052291870117,0.0,0.0,0.0004854518047068268,1.0,1.0,0.0,1.1262857913970947,,,,,,,,,,,,,,,,
1783990022.939,59042000,17,2,255,0,,,,,,,,,,,,,,,,,0.3499999940395355,-1.149999976158142,3.5485715866088867,2.715714454650879,3.5485715866088867,2.715714454650879,0.0,0.0,0.12979380786418915,0.40915173292160034,0.058233000338077545,1.0,0.0020293837878853083,-0.0020293837878853083,-0.0020293837878853083,0.0020293837878853083
1783990022.963,59062000,18,1,0,0,10.0,25.0004825592041,10.0,25.0004825592041,9.517961502075195,25.26415252685547,-0.26367008686065674,35.85327911376953,43.90819549560547,0.0,0.0,0.0004822416231036186,1.0,1.0,0.0,-1.0599490404129028,,,,,,,,,,,,,,,,
1783990022.989,59086000,19,1,1,0,10.0,24.999513626098633,10.0,24.999513626098633,8.879050254821777,25.301658630371094,-0.30214637517929077,38.35895538330078,47.66750717163086,0.0,0.0,-0.0004858778847847134,1.0,1.0,0.0,1.083646535873413,,,,,,,,,,,,,,,,
1783990022.991,59112000,20,1,2,0,10.0,24.999494552612305,10.0,24.999494552612305,8.87163257598877,25.219404220581055,-0.2199113368988037,39.90250015258789,46.83111572265625,0.0,0.0,-0.0005062080454081297,1.0,1.0,0.0,-1.1322331428527832,,,,,,,,,,,,,,,,
1783990023.025,59133000,21,1,3,0,10.0,25.000606536865234,10.0,25.000606536865234,8.82603645324707,25.316513061523438,-0.3159075975418091,40.66278839111328,50.1810302734375,0.0,0.0,0.0006067050853744149,1.0,1.0,0.0,1.1483687162399292,,,,,,,,,,,,,,,,
1783990023.043,59148000,22,2,255,0,,,,,,,,,,,,,,,,,0.3499999940395355,-1.149999976158142,3.5485715866088867,2.715714454650879,3.5485715866088867,2.715714454650879,0.0,0.0,0.13452573120594025,0.4285934269428253,0.05995207279920578,1.0,0.0027759899385273457,-0.0027759899385273457,-0.0027759899385273457,0.0027759899385273457
1783990023.062,59164000,23,1,0,0,10.0,25.000659942626953,10.0,25.000659942626953,9.521831512451172,25.267398834228516,-0.26673972606658936,35.77886199951172,43.90894317626953,0.0,0.0,0.0006596575258299708,1.0,1.0,0.0,-1.0584757328033447,,,,,,,,,,,,,,,,
1783990023.084,59184000,24,1,1,0,10.0,24.99932861328125,10.0,24.99932861328125,8.887838363647461,25.292903900146484,-0.2935752272605896,38.797386169433594,47.666725158691406,0.0,0.0,-0.0006713001639582217,1.0,1.0,0.0,1.0985107421875,,,,,,,,,,,,,,,,
1783990023.110,59207000,25,1,2,0,10.0,24.99932098388672,10.0,24.99932098388672,8.885929107666016,25.21873664855957,-0.21941661834716797,40.07642364501953,46.83039093017578,0.0,0.0,-0.0006781526026315987,1.0,1.0,0.0,-1.1385620832443237,,,,,,,,,,,,,,,,
1783990023.111,59233000,26,1,3,0,10.0,25.00066375732422,10.0,25.00066375732422,8.816925048828125,25.311214447021484,-0.31054913997650146,40.80836486816406,50.181270599365234,0.0,0.0,0.0006639357306994498,1.0,1.0,0.0,1.1519464254379272,,,,,,,,,,,,,,,,
1783990023.145,59254000,27,2,255,0,,,,,,,,,,,,,,,,,0.3499999940395355,-1.149999976158142,3.5485715866088867,2.715714454650879,3.5485715866088867,2.715714454650879,0.0,0.0,0.18264010548591614,0.42810624837875366,0.05990811437368393,1.0,0.0027567597571760416,-0.0027567597571760416,-0.0027567597571760416,0.0027567597571760416
1783990023.163,59268000,28,1,0,0,10.0,25.000654220581055,10.0,25.000654220581055,9.519539833068848,25.26209259033203,-0.26144087314605713,35.80757141113281,43.9089241027832,0.0,0.0,0.0006550877587869763,1.0,1.0,0.0,-1.0592783689498901,,,,,,,,,,,,,,,,
1783990023.180,59284000,29,1,1,0,10.0,24.999313354492188,10.0,24.999313354492188,8.879659652709961,25.30045509338379,-0.30114203691482544,38.359458923339844,47.66666793823242,0.0,0.0,-0.0006857186090201139,1.0,1.0,0.0,1.0835597515106201,,,,,,,,,,,,,,,,
1783990023.200,59302000,30,1,2,0,10.0,24.999265670776367,10.0,24.999265670776367,8.87952709197998,25.207794189453125,-0.2085283398628235,40.572242736816406,46.83015441894531,0.0,0.0,-0.0007341837044805288,1.0,1.0,0.0,-1.1532905101776123,,,,,,,,,,,,,,,,
1783990023.223,59322000,31,1,3,0,10.0,25.000802993774414,10.0,25.000802993774414,8.828207015991211,25.339984893798828,-0.3391832113265991,39.852046966552734,50.181861877441406,0.0,0.0,0.0008036778890527785,1.0,1.0,0.0,1.1238750219345093,,,,,,,,,,,,,,,,
1783990023.249,59345000,32,2,255,0,,,,,,,,,,,,,,,,,0.3499999940395355,-1.149999976158142,3.5485715866088867,2.715714454650879,3.5485715866088867,2.715714454650879,0.0,0.0,0.16552618145942688,0.44247734546661377,0.061223916709423065,1.0,0.0033356763888150454,-0.0033356763888150454,-0.0033356763888150454,0.0033356763888150454
1783990023.251,59372000,33,1,0,0,10.0,25.00079345703125,10.0,25.00079345703125,9.529229164123535,25.25986099243164,-0.2590686082839966,36.02131652832031,43.90950012207031,0.0,0.0,0.0007926555699668825,1.0,1.0,0.0,-1.0671414136886597,,,,,,,,,,,,,,,,
1783990023.282,59392000,34,1,1,0,10.0,24.99947166442871,10.0,24.99947166442871,8.882143020629883,25.29688262939453,-0.297410786151886,38.45328140258789,47.66733169555664,0.0,0.0,-0.0005277135642245412,1.0,1.0,0.0,1.0864992141723633,,,,,,,,,,,,,,,,
1783990023.298,59405000,35,1,2,0,10.0,24.99955940246582,10.0,24.99955940246582,8.880050659179688,25.218000411987305,-0.21844208240509033,40.207969665527344,46.831390380859375,0.0,0.0,-0.00044081328087486327,1.0,1.0,0.0,-1.1423516273498535,,,,,,,,,,,,,,,,
1783990023.315,59420000,36,1,3,0,10.0,25.000381469726562,10.0,25.000381469726562,8.813257217407227,25.33515739440918,-0.334775447845459,39.87043380737305,50.18008041381836,0.0,0.0,0.00038070755545049906,1.0,1.0,0.0,1.1214348077774048,,,,,,,,,,,,,,,,
1783990023.337,59438000,37,2,255,0,,,,,,,,,,,,,,,,,0.3499999940395355,-1.149999976158142,3.5485715866088867,2.715714454650879,3.5485715866088867,2.715714454650879,0.0,0.0,0.148336261510849,0.3943260908126831,0.056971002370119095,1.0,0.0014877869980409741,-0.0014877869980409741,-0.0014877869980409741,0.0014877869980409741
1783990023.360,59459000,38,1,0,0,10.0,25.00035285949707,10.0,25.00035285949707,9.52099323272705,25.2716064453125,-0.2712547779083252,35.61363983154297,43.90765380859375,0.0,0.0,0.00035354230203665793,1.0,1.0,0.0,-1.053490161895752,,,,,,,,,,,,,,,,
1783990023.386,59482000,39,1,1,0,10.0,24.9996280670166,10.0,24.9996280670166,8.875914573669434,25.300437927246094,-0.30080974102020264,38.39025115966797,47.667991638183594,0.0,0.0,-0.00037116013118065894,1.0,1.0,0.0,1.0840694904327393,,,,,,,,,,,,,,,,
1783990023.387,59508000,40,1,2,0,10.0,24.99958610534668,10.0,24.99958610534668,8.873581886291504,25.225502014160156,-0.22591650485992432,39.966148376464844,46.831504821777344,0.0,0.0,-0.00041364639764651656,1.0,1.0,0.0,-1.1341001987457275,,,,,,,,,,,,,,,,
1783990023.423,59530000,41,1,3,0,10.0,25.00054168701172,10.0,25.00054168701172,8.815523147583008,25.319847106933594,-0.31930506229400635,40.63627624511719,50.180755615234375,0.0,0.0,0.0005407395656220615,1.0,1.0,0.0,1.1455440521240234,,,,,,,,,,,,,,,,
1783990023.441,59545000,42,2,255,0,,,,,,,,,,,,,,,,,0.3499999940395355,-1.149999976158142,3.5485715866088867,2.715714454650879,3.5485715866088867,2.715714454650879,0.0,0.0,0.1662706434726715,0.4258632957935333,0.059706300497055054,1.0,0.002668574685230851,-0.002668574685230851,-0.002668574685230851,0.002668574685230851
1783990023.461,59563000,43,1,0,0,10.0,25.000633239746094,10.0,25.000633239746094,9.519098281860352,25.262737274169922,-0.26210546493530273,36.102378845214844,43.908836364746094,0.0,0.0,0.0006341324187815189,1.0,1.0,0.0,-1.0692070722579956,,,,,,,,,,,,,,,,
1783990023.485,59584000,44,1,1,0,10.0,24.999324798583984,10.0,24.999324798583984,8.88511848449707,25.295740127563477,-0.29641538858413696,38.669124603271484,47.666709899902344,0.0,0.0,-0.0006756371585652232,1.0,1.0,0.0,1.0940757989883423,,,,,,,,,,,,,,,,
1783990023.511,59607000,45,1,2,0,10.0,24.99928092956543,10.0,24.99928092956543,8.884404182434082,25.221603393554688,-0.22232383489608765,39.97589111328125,46.83021545410156,0.0,0.0,-0.0007195317302830517,1.0,1.0,0.0,-1.1354937553405762,,,,,,,,,,,,,,,,
1783990023.513,59634000,46,1,3,0,10.0,25.0007381439209,10.0,25.0007381439209,8.81889820098877,25.31563949584961,-0.31490325927734375,40.5823974609375,50.18158721923828,0.0,0.0,0.0007387326331809163,1.0,1.0,0.0,1.1444584131240845,,,,,,,,,,,,,,,,
1783990023.545,59655000,47,2,255,0,,,,,,,,,,,,,,,,,0.3499999940395355,-1.149999976158142,3.5485715866088867,2.715714454650879,3.5485715866088867,2.715714454650879,0.0,0.0,0.17000190913677216,0.434815376996994,0.06051750108599663,1.0,0.003024008823558688,-0.003024008823558688,-0.003024008823558688,0.003024008823558688
1783990023.562,59668000,48,1,0,0,10.0,25.00071907043457,10.0,25.00071907043457,9.52177906036377,25.26637840270996,-0.2656608819961548,35.8621711730957,43.9091911315918,0.0,0.0,0.0007185940630733967,1.0,1.0,0.0,-1.0614298582077026,,,,,,,,,,,,,,,,
1783990023.579,59684000,49,1,1,0,10.0,24.999300003051758,10.0,24.999300003051758,8.884702682495117,25.295459747314453,-0.29616057872772217,38.633487701416016,47.666603088378906,0.0,0.0,-0.0007007063832134008,1.0,1.0,0.0,1.0929888486862183,,,,,,,,,,,,,,,,
1783990023.600,59702000,50,1,2,0,10.0,24.99930191040039,10.0,24.99930191040039,8.87907886505127,25.22342872619629,-0.2241268754005432,39.881771087646484,46.8303108215332,0.0,0.0,-0.000697391340509057,1.0,1.0,0.0,-1.1317561864852905,,,,,,,,,,,,,,,,
1783990023.623,59722000,51,1,3,0,10.0,25.000699996948242,10.0,25.000699996948242,8.818587303161621,25.3233642578125,-0.3226637840270996,40.19309997558594,50.181427001953125,0.0,0.0,0.0007004157523624599,1.0,1.0,0.0,1.1335172653198242,,,,,,,,,,,,,,,,
1783990023.649,59745000,52,2,255,0,,,,,,,,,,,,,,,,,0.3499999940395355,-1.149999976158142,3.5485715866088867,2.715714454650879,3.5485715866088867,2.715714454650879,0.0,0.0,0.1917933225631714,0.43189069628715515,0.06025080010294914,1.0,0.0029068649746477604,-0.0029068649746477604,-0.0029068649746477604,0.0029068649746477604
1783990023.651,59772000,53,1,0,0,10.0,25.000690460205078,10.0,25.000690460205078,9.520774841308594,25.265867233276367,-0.2651780843734741,35.78866958618164,43.90907287597656,0.0,0.0,0.0006907572387717664,1.0,1.0,0.0,-1.0587354898452759,,,,,,,,,,,,,,,,
1783990023.682,59792000,54,1,1,0,10.0,24.999311447143555,10.0,24.999311447143555,8.878514289855957,25.299049377441406,-0.2997368574142456,38.592010498046875,47.66665267944336,0.0,0.0,-0.0006886349874548614,1.0,1.0,0.0,1.0908349752426147,,,,,,,,,,,,,,,,
1783990023.699,59805000,55,1,2,0,10.0,24.99931526184082,10.0,24.99931526184082,8.87950325012207,25.220050811767578,-0.22073686122894287,40.17971420288086,46.830360412597656,0.0,0.0,-0.000685230188537389,1.0,1.0,0.0,-1.1408199071884155,,,,,,,,,,,,,,,,
1783990023.717,59821000,56,1,3,0,10.0,25.000682830810547,10.0,25.000682830810547,8.814041137695312,25.33340835571289,-0.33272504806518555,39.92284393310547,50.18135452270508,0.0,0.0,0.0006830645143054426,1.0,1.0,0.0,1.1241331100463867,,,,,,,,,,,,,,,,
1783990023.739,59839000,57,2,255,0,,,,,,,,,,,,,,,,,0.3499999940395355,-1.149999976158142,3.5485715866088867,2.715714454650879,3.5485715866088867,2.715714454650879,0.0,0.0,0.16511434316635132,0.43148475885391235,0.060213908553123474,1.0,0.002890684176236391,-0.002890684176236391,-0.002890684176236391,0.002890684176236391
1783990023.763,59861000,58,1,0,0,10.0,25.000686645507812,10.0,25.000686645507812,9.520042419433594,25.274667739868164,-0.2739816904067993,35.342830657958984,43.9090576171875,0.0,0.0,0.0006869122735224664,1.0,1.0,0.0,-1.0449349880218506,,,,,,,,,,,,,,,,
1783990023.789,59885000,59,1,1,0,10.0,24.999290466308594,10.0,24.999290466308594,8.874180793762207,25.30147933959961,-0.3021910786628723,38.539154052734375,47.66656494140625,0.0,0.0,-0.0007102129166014493,1.0,1.0,0.0,1.0889642238616943,,,,,,,,,,,,,,,,
1783990023.792,59912000,60,1,2,0,10.0,24.999286651611328,10.0,24.999286651611328,8.877660751342773,25.210350036621094,-0.21106451749801636,40.51472473144531,46.830238342285156,0.0,0.0,-0.0007140226080082357,1.0,1.0,0.0,-1.1513562202453613,,,,,,,,,,,,,,,,
1783990023.823,59932000,61,1,3,0,10.0,25.000661849975586,10.0,25.000661849975586,8.828079223632812,25.36071014404297,-0.3600478172302246,39.079734802246094,50.1812629699707,0.0,0.0,0.0006615342572331429,1.0,1.0,0.0,1.1000022888183594,,,,,,,,,,,,,,,,
1783990023.839,59945000,62,2,255,0,,,,,,,,,,,,,,,,,0.3499999940395355,-1.149999976158142,3.5485715866088867,2.715714454650879,3.5485715866088867,2.715714454650879,0.0,0.0,0.17215076088905334,0.4236880838871002,0.05951149761676788,1.0,0.002583602210506797,-0.002583602210506797,-0.002583602210506797,0.002583602210506797
1783990023.858,59961000,63,1,0,0,10.0,25.000614166259766,10.0,25.000614166259766,9.526193618774414,25.27606773376465,-0.27545392513275146,35.37665939331055,43.908748626708984,0.0,0.0,0.0006139404140412807,1.0,1.0,0.0,-1.046614646911621,,,,,,,,,,,,,,,,
1783990023.879,59980000,64,1,1,0,10.0,24.999401092529297,10.0,24.999401092529297,8.875725746154785,25.303346633911133,-0.3039449453353882,38.33616256713867,47.667030334472656,0.0,0.0,-0.0005989782512187958,1.0,1.0,0.0,1.0825937986373901,,,,,,,,,,,,,,,,
1783990023.903,60002000,65,1,2,0,10.0,24.999425888061523,10.0,24.999425888061523,8.885133743286133,25.18720054626465,-0.18777549266815186,41.189613342285156,46.83082962036133,0.0,0.0,-0.0005737452302128077,1.0,1.0,0.0,-1.1730003356933594,,,,,,,,,,,,,,,,
1783990023.929,60025000,66,1,3,0,10.0,25.000537872314453,10.0,25.000537872314453,8.848573684692383,25.39130973815918,-0.3907740116119385,38.05357360839844,50.18074035644531,0.0,0.0,0.0005378832574933767,1.0,1.0,0.0,1.0699619054794312,,,,,,,,,,,,,,,,
1783990023.931,60052000,67,2,255,0,,,,,,,,,,,,,,,,,0.3499999940395355,-1.149999976158142,3.5485715866088867,2.715714454650879,3.5485715866088867,2.715714454650879,0.0,0.0,0.14048625528812408,0.4012182354927063,0.05755239352583885,1.0,0.0017366626998409629,-0.0017366626998409629,-0.0017366626998409629,0.0017366626998409629
1783990023.964,60073000,68,1,0,0,10.0,25.00029182434082,10.0,25.00029182434082,9.536941528320312,25.28728485107422,-0.2869933843612671,35.02360153198242,43.90739059448242,0.0,0.0,0.0002909800678025931,1.0,1.0,0.0,-1.0364172458648682,,,,,,,,,,,,,,,,
1783990023.981,60086000,69,1,1,0,10.0,24.999799728393555,10.0,24.999799728393555,8.879146575927734,25.303998947143555,-0.304199755191803,38.46456527709961,47.66870880126953,0.0,0.0,-0.00019990162400063127,1.0,1.0,0.0,1.0873558521270752,,,,,,,,,,,,,,,,
1783990023.999,60102000,70,1,2,0,10.0,24.999889373779297,10.0,24.999889373779297,8.89162826538086,25.17349624633789,-0.1736089587211609,41.503868103027344,46.8327751159668,0.0,0.0,-0.00011124064621981233,1.0,1.0,0.0,-1.1829463243484497,,,,,,,,,,,,,,,,
1783990024.020,60122000,71,1,3,0,10.0,25.000030517578125,10.0,25.000030517578125,8.856934547424316,25.417646408081055,-0.41761696338653564,37.18335723876953,50.17860412597656,0.0,0.0,2.9761855330434628e-05,1.0,1.0,0.0,1.0433396100997925,,,,,,,,,,,,,,,,
1783990024.045,60143000,72,2,255,0,,,,,,,,,,,,,,,,,0.3499999940395355,-1.149999976158142,3.5485715866088867,2.715714454650879,3.5485715866088867,2.715714454650879,0.0,0.0,0.09923578798770905,0.33897119760513306,0.052638404071331024,1.0,0.0,0.0,0.0,0.0
1783990024.073,60168000,73,1,0,0,10.0,25.0,10.0,25.0,9.538241386413574,25.302011489868164,-0.30201077461242676,34.572898864746094,43.906166076660156,0.0,0.0,0.0,1.0,1.0,0.0,-1.0224746465682983,,,,,,,,,,,,,,,,
1783990024.076,60196000,74,1,1,0,10.0,25.0,10.0,25.0,8.872528076171875,25.313034057617188,-0.31303465366363525,38.156639099121094,47.669551849365234,0.0,0.0,0.0,1.0,1.0,0.0,1.0769679546356201,,,,,,,,,,,,,,,,
1783990024.108,60217000,75,1,2,0,10.0,25.0,10.0,25.0,8.886014938354492,25.157445907592773,-0.15744566917419434,42.14405822753906,46.83324432373047,0.0,0.0,0.0,1.0,1.0,0.0,-1.2025185823440552,,,,,,,,,,,,,,,,
1783990024.124,60230000,76,1,3,0,10.0,25.0,10.0,25.0,8.87854290008545,25.454368591308594,-0.4543691873550415,36.0195426940918,50.1784782409668,0.0,0.0,0.0,1.0,1.0,0.0,1.009136438369751,,,,,,,,,,,,,,,,
1783990024.140,60246000,77,2,255,0,,,,,,,,,,,,,,,,,0.3499999940395355,-1.149999976158142,3.5485715866088867,2.715714454650879,3.5485715866088867,2.715714454650879,0.0,0.0,0.0608946867287159,0.2917039096355438,0.049421243369579315,1.0,0.0,0.0,0.0,0.0
1783990024.162,60263000,78,1,0,0,10.0,25.0,10.0,25.0,9.544816017150879,25.31011390686035,-0.3101140260696411,34.64597702026367,43.906166076660156,0.0,0.0,0.0,1.0,1.0,0.0,-1.0254276990890503,,,,,,,,,,,,,,,,
1783990024.183,60283000,79,1,1,0,10.0,25.0,10.0,25.0,8.877019882202148,25.312828063964844,-0.31282901763916016,38.072330474853516,47.669551849365234,0.0,0.0,0.0,1.0,1.0,0.0,1.0743826627731323,,,,,,,,,,,,,,,,
1783990024.208,60306000,80,1,2,0,10.0,25.0,10.0,25.0,8.879234313964844,25.141338348388672,-0.14133751392364502,42.608009338378906,46.83324432373047,0.0,0.0,0.0,1.0,1.0,0.0,-1.2161498069763184,,,,,,,,,,,,,,,,
1783990024.235,60331000,81,1,3,0,10.0,25.0,10.0,25.0,8.899161338806152,25.496662139892578,-0.4966616630554199,34.90962219238281,50.1784782409668,0.0,0.0,0.0,1.0,1.0,0.0,0.9765839576721191,,,,,,,,,,,,,,,,
1783990024.237,60357000,82,2,255,0,,,,,,,,,,,,,,,,,0.3499999940395355,-1.149999976158142,3.5485715866088867,2.715714454650879,3.5485715866088867,2.715714454650879,0.0,0.0,0.04264538735151291,0.26668888330459595,0.04790201783180237,1.0,0.0,0.0,0.0,0.0
1783990024.266,60377000,83,1,0,0,10.0,25.0,10.0,25.0,9.568109512329102,25.33344268798828,-0.333443284034729,33.875083923339844,43.906166076660156,0.0,0.0,0.0,1.0,1.0,0.0,-1.0034945011138916,,,,,,,,,,,,,,,,
1783990024.282,60389000,84,1,1,0,10.0,25.0,10.0,25.0,8.88811206817627,25.31092071533203,-0.31092166900634766,38.245582580566406,47.669551849365234,0.0,0.0,0.0,1.0,1.0,0.0,1.0807830095291138,,,,,,,,,,,,,,,,
1783990024.298,60403000,85,1,2,0,10.0,25.0,10.0,25.0,8.879939079284668,25.11528778076172,-0.11528730392456055,43.460426330566406,46.83324432373047,0.0,0.0,0.0,1.0,1.0,0.0,-1.2436649799346924,,,,,,,,,,,,,,,,
1783990024.318,60421000,86,1,3,0,10.0,25.0,10.0,25.0,8.939918518066406,25.51156234741211,-0.5115628242492676,34.428314208984375,50.1784782409668,0.0,0.0,0.0,1.0,1.0,0.0,0.9653653502464294,,,,,,,,,,,,,,,,
1783990024.338,60440000,87,2,255,0,,,,,,,,,,,,,,,,,0.3499999940395355,-1.149999976158142,3.5485715866088867,2.715714454650879,3.5485715866088867,2.715714454650879,0.0,0.0,-0.0005719969049096107,0.20820139348506927,0.04485504329204559,1.0,0.0,0.0,0.0,0.0
1783990024.363,60461000,88,1,0,0,10.0,25.0,10.0,25.0,9.571051597595215,25.337547302246094,-0.33754706382751465,33.84752655029297,43.906166076660156,0.0,0.0,0.0,1.0,1.0,0.0,-1.0028393268585205,,,,,,,,,,,,,,,,
1783990024.390,60486000,89,1,1,0,10.0,25.0,10.0,25.0,8.893905639648438,25.309314727783203,-0.3093153238296509,38.2968635559082,47.669551849365234,0.0,0.0,0.0,1.0,1.0,0.0,1.0828473567962646,,,,,,,,,,,,,,,,
1783990024.392,60512000,90,1,2,0,10.0,25.0,10.0,25.0,8.868661880493164,25.094499588012695,-0.09450018405914307,44.12001037597656,46.83324432373047,0.0,0.0,0.0,1.0,1.0,0.0,-1.2631417512893677,,,,,,,,,,,,,,,,
1783990024.423,60532000,91,1,3,0,10.0,25.0,10.0,25.0,8.94937801361084,25.52945327758789,-0.5294531583786011,33.997596740722656,50.1784782409668,0.0,0.0,0.0,1.0,1.0,0.0,0.9522923827171326,,,,,,,,,,,,,,,,
1783990024.440,60545000,92,2,255,0,,,,,,,,,,,,,,,,,0.3499999940395355,-1.149999976158142,3.5485715866088867,2.715714454650879,3.5485715866088867,2.715714454650879,0.0,0.0,-0.03408161923289299,0.11708006262779236,0.04155448079109192,1.0,0.0,0.0,0.0,0.0
1783990024.458,60561000,93,1,0,0,10.0,25.0,10.0,25.0,9.565214157104492,25.344532012939453,-0.34453272819519043,33.60517501831055,43.906166076660156,0.0,0.0,0.0,1.0,1.0,0.0,-0.9945024251937866,,,,,,,,,,,,,,,,
1783990024.479,60581000,94,1,1,0,10.0,25.0,10.0,25.0,8.888300895690918,25.31167221069336,-0.3116726875305176,37.99694061279297,47.669551849365234,0.0,0.0,0.0,1.0,1.0,0.0,1.0729728937149048,,,,,,,,,,,,,,,,
1783990024.505,60602000,95,1,2,0,10.0,25.0,10.0,25.0,8.855926513671875,25.09756088256836,-0.09756088256835938,43.84269332885742,46.83324432373047,0.0,0.0,0.0,1.0,1.0,0.0,-1.253506064414978,,,,,,,,,,,,,,,,
1783990024.532,60627000,96,1,3,0,10.0,25.0,10.0,25.0,8.942448616027832,25.53422737121582,-0.5342274904251099,33.90489196777344,50.1784782409668,0.0,0.0,0.0,1.0,1.0,0.0,0.9485695362091064,,,,,,,,,,,,,,,,
1783990024.535,60655000,97,2,255,0,,,,,,,,,,,,,,,,,0.3499999940395355,-1.149999976158142,3.5485715866088867,2.715714454650879,3.5485715866088867,2.715714454650879,0.0,0.0,-0.04435758292675018,0.09282929450273514,0.040980421006679535,1.0,0.0,0.0,0.0,0.0
1783990024.568,60677000,98,1,0,0,10.0,25.0,10.0,25.0,9.560399055480957,25.34668731689453,-0.3466874361038208,33.391448974609375,43.906166076660156,0.0,0.0,0.0,1.0,1.0,0.0,-0.9872053861618042,,,,,,,,,,,,,,,,
1783990024.585,60690000,99,1,1,0,10.0,25.0,10.0,25.0,8.889037132263184,25.311460494995117,-0.31146109104156494,38.1877555847168,47.669551849365234,0.0,0.0,0.0,1.0,1.0,0.0,1.079389214515686,,,,,,,,,,,,,,,,
1783990024.603,60707000,100,1,2,0,10.0,25.0,10.0,25.0,8.855220794677734,25.096384048461914,-0.09638369083404541,43.861663818359375,46.83324432373047,0.0,0.0,0.0,1.0,1.0,0.0,-1.2538893222808838,,,,,,,,,,,,,,,,
1783990024.627,60726000,101,1,3,0,10.0,25.0,10.0,25.0,8.946577072143555,25.532363891601562,-0.5323648452758789,34.03499984741211,50.1784782409668,0.0,0.0,0.0,1.0,1.0,0.0,0.9528673887252808,,,,,,,,,,,,,,,,
1783990024.652,60749000,102,2,255,0,,,,,,,,,,,,,,,,,0.3499999940395355,-1.149999976158142,3.5485715866088867,2.715714454650879,3.5485715866088867,2.715714454650879,0.0,0.0,-0.06427334249019623,0.08855725079774857,0.04089277610182762,1.0,0.0,0.0,0.0,0.0
1783990024.679,60775000,103,1,0,0,10.0,25.0,10.0,25.0,9.56491756439209,25.345012664794922,-0.3450125455856323,33.330039978027344,43.906166076660156,0.0,0.0,0.0,1.0,1.0,0.0,-0.9857177734375,,,,,,,,,,,,,,,,
1783990024.681,60802000,104,1,1,0,10.0,25.0,10.0,25.0,8.889307975769043,25.310802459716797,-0.3108024597167969,38.03199768066406,47.669551849365234,0.0,0.0,0.0,1.0,1.0,0.0,1.0742244720458984,,,,,,,,,,,,,,,,
1783990024.716,60824000,105,1,2,0,10.0,25.0,10.0,25.0,8.854422569274902,25.094282150268555,-0.09428262710571289,44.02145004272461,46.83324432373047,0.0,0.0,0.0,1.0,1.0,0.0,-1.2589938640594482,,,,,,,,,,,,,,,,
1783990024.735,60839000,106,1,3,0,10.0,25.0,10.0,25.0,8.946310997009277,25.53898048400879,-0.5389809608459473,33.66118621826172,50.1784782409668,0.0,0.0,0.0,1.0,1.0,0.0,0.9414253234863281,,,,,,,,,,,,,,,,
1783990024.755,60857000,107,2,255,0,,,,,,,,,,,,,,,,,0.3499999940395355,-1.149999976158142,3.5485715866088867,2.715714454650879,3.5485715866088867,2.715714454650879,0.0,0.0,-0.04297616705298424,0.08952893316745758,0.04091235250234604,1.0,0.0,0.0,0.0,0.0
1783990024.778,60878000,108,1,0,0,10.0,25.0,10.0,25.0,9.566483497619629,25.3444766998291,-0.3444761037826538,33.29977798461914,43.906166076660156,0.0,0.0,0.0,1.0,1.0,0.0,-0.9845834970474243,,,,,,,,,,,,,,,,
1783990024.804,60901000,109,1,1,0,10.0,25.0,10.0,25.0,8.890913009643555,25.312686920166016,-0.3126859664916992,38.05916976928711,47.669551849365234,0.0,0.0,0.0,1.0,1.0,0.0,1.0752171277999878,,,,,,,,,,,,,,,,
1783990024.806,60927000,110,1,2,0,10.0,25.0,10.0,25.0,8.854642868041992,25.063217163085938,-0.0632166862487793,45.04432678222656,46.83324432373047,0.0,0.0,0.0,1.0,1.0,0.0,-1.290817141532898,,,,,,,,,,,,,,,,
1783990024.839,60948000,111,1,3,0,10.0,25.0,10.0,25.0,8.978926658630371,25.571638107299805,-0.5716383457183838,32.385868072509766,50.1784782409668,0.0,0.0,0.0,1.0,1.0,0.0,0.9046411514282227,,,,,,,,,,,,,,,,
1783990024.856,60962000,112,2,255,0,,,,,,,,,,,,,,,,,0.3499999940395355,-1.149999976158142,3.5485715866088867,2.715714454650879,3.5485715866088867,2.715714454650879,0.0,0.0,-0.07623392343521118,0.08419174700975418,0.04080739989876747,1.0,0.0,0.0,0.0,0.0
1783990024.872,60978000,113,1,0,0,10.0,25.0,10.0,25.0,9.584239959716797,25.34250259399414,-0.3425031900405884,33.42096710205078,43.906166076660156,0.0,0.0,0.0,1.0,1.0,0.0,-0.9903202652931213,,,,,,,,,,,,,,,,
1783990024.892,60995000,114,1,1,0,10.0,25.0,10.0,25.0,8.894937515258789,25.309852600097656,-0.3098517656326294,38.186588287353516,47.669551849365234,0.0,0.0,0.0,1.0,1.0,0.0,1.0796602964401245,,,,,,,,,,,,,,,,
1783990024.913,61014000,115,1,2,0,10.0,25.0,10.0,25.0,8.854751586914062,25.045516967773438,-0.04551708698272705,45.83756637573242,46.83324432373047,0.0,0.0,0.0,1.0,1.0,0.0,-1.3159159421920776,,,,,,,,,,,,,,,,
1783990024.938,61036000,116,1,3,0,10.0,25.0,10.0,25.0,8.989429473876953,25.58991241455078,-0.5899131298065186,31.875761032104492,50.1784782409668,0.0,0.0,0.0,1.0,1.0,0.0,0.8901233077049255,,,,,,,,,,,,,,,,
1783990024.966,61061000,117,2,255,0,,,,,,,,,,,,,,,,,0.3499999940395355,-1.149999976158142,3.5485715866088867,2.715714454650879,3.5485715866088867,2.715714454650879,0.0,0.0,-0.09644503146409988,0.0360456183552742,0.0410577692091465,1.0,0.0,0.0,0.0,0.0
1783990024.968,61089000,118,1,0,0,10.0,25.0,10.0,25.0,9.583291053771973,25.349538803100586,-0.34953951835632324,33.30823516845703,43.906166076660156,0.0,0.0,0.0,1.0,1.0,0.0,-0.9865326285362244,,,,,,,,,,,,,,,,
1783990025.002,61110000,119,1,1,0,10.0,25.0,10.0,25.0,8.892830848693848,25.312496185302734,-0.31249523162841797,38.14971923828125,47.669551849365234,0.0,0.0,0.0,1.0,1.0,0.0,1.0781675577163696,,,,,,,,,,,,,,,,
1783990025.021,61125000,120,1,2,0,10.0,25.0,10.0,25.0,8.830841064453125,25.02393341064453,-0.023934245109558105,46.25834274291992,46.83324432373047,0.0,0.0,0.0,1.0,1.0,0.0,-1.3269604444503784,,,,,,,,,,,,,,,,
1783990025.040,61142000,121,1,3,0,10.0,25.0,10.0,25.0,8.995902061462402,25.62175941467285,-0.6217598915100098,31.096019744873047,50.1784782409668,0.0,0.0,0.0,1.0,1.0,0.0,0.8667985200881958,,,,,,,,,,,,,,,,
1783990025.065,61163000,122,2,255,0,,,,,,,,,,,,,,,,,0.3499999940395355,-1.149999976158142,3.5485715866088867,2.715714454650879,3.5485715866088867,2.715714454650879,0.0,0.0,-0.14181654155254364,-0.013172474689781666,0.042273081839084625,1.0,0.0,0.0,0.0,0.0
1783990025.091,61187000,123,1,0,0,10.0,25.0,10.0,25.0,9.577897071838379,25.360387802124023,-0.36038756370544434,32.81730651855469,43.906166076660156,0.0,0.0,0.0,1.0,1.0,0.0,-0.9707411527633667,,,,,,,,,,,,,,,,
1783990025.093,61214000,124,1,1,0,10.0,25.0,10.0,25.0,8.890975952148438,25.315088272094727,-0.31508803367614746,38.128665924072266,47.669551849365234,0.0,0.0,0.0,1.0,1.0,0.0,1.0772650241851807,,,,,,,,,,,,,,,,
1783990025.128,61236000,125,1,2,0,10.0,25.0,10.0,25.0,8.820686340332031,24.995925903320312,0.004073977470397949,47.02652359008789,46.83324432373047,0.0,0.0,0.0,1.0,1.0,0.0,-1.350070595741272,,,,,,,,,,,,,,,,
1783990025.147,61251000,126,1,3,0,10.0,25.0,10.0,25.0,9.007283210754395,25.65406608581543,-0.6540656089782715,30.125362396240234,50.1784782409668,0.0,0.0,0.0,1.0,1.0,0.0,0.8377842307090759,,,,,,,,,,,,,,,,
1783990025.167,61269000,127,2,255,0,,,,,,,,,,,,,,,,,0.3499999940395355,-1.149999976158142,3.5485715866088867,2.715714454650879,3.5485715866088867,2.715714454650879,0.0,0.0,-0.19534894824028015,-0.07219664007425308,0.04428166523575783,1.0,0.0,0.0,0.0,0.0
1783990025.191,61290000,128,1,0,0,10.0,25.0,10.0,25.0,9.577577590942383,25.359651565551758,-0.35965144634246826,32.84645462036133,43.906166076660156,0.0,0.0,0.0,1.0,1.0,0.0,-0.9714837074279785,,,,,,,,,,,,,,,,
1783990025.218,61314000,129,1,1,0,10.0,25.0,10.0,25.0,8.885941505432129,25.321060180664062,-0.3210604190826416,37.85651779174805,47.669551849365234,0.0,0.0,0.0,1.0,1.0,0.0,1.0685979127883911,,,,,,,,,,,,,,,,
1783990025.220,61340000,130,1,2,0,10.0,25.0,10.0,25.0,8.806989669799805,25.00075340270996,-0.0007539987564086914,46.82111740112305,46.83324432373047,0.0,0.0,0.0,1.0,1.0,0.0,-1.342461109161377,,,,,,,,,,,,,,,,
1783990025.251,61361000,131,1,3,0,10.0,25.0,10.0,25.0,9.002761840820312,25.662580490112305,-0.662580132484436,29.90447998046875,50.1784782409668,0.0,0.0,0.0,1.0,1.0,0.0,0.8301903605461121,,,,,,,,,,,,,,,,
1783990025.267,61374000,132,2,255,0,,,,,,,,,,,,,,,,,0.3499999940395355,-1.149999976158142,3.5485715866088867,2.715714454650879,3.5485715866088867,2.715714454650879,0.0,0.0,-0.24511052668094635,-0.10187887400388718,0.04669492691755295,1.0,0.0,0.0,0.0,0.0
1783990025.283,61388000,133,1,0,0,10.0,25.0,10.0,25.0,9.567824363708496,25.37042999267578,-0.37043094635009766,32.516822814941406,43.906166076660156,0.0,0.0,0.0,1.0,1.0,0.0,-0.9605386853218079,,,,,,,,,,,,,,,,
1783990025.305,61406000,134,1,1,0,10.0,25.0,10.0,25.0,8.887565612792969,25.321430206298828,-0.321429967880249,37.852455139160156,47.669551849365234,0.0,0.0,0.0,1.0,1.0,0.0,1.068613886833191,,,,,,,,,,,,,,,,
1783990025.327,61426000,135,1,2,0,10.0,25.0,10.0,25.0,8.803391456604004,25.000593185424805,-0.0005930662155151367,46.82250213623047,46.83324432373047,0.0,0.0,0.0,1.0,1.0,0.0,-1.342505693435669,,,,,,,,,,,,,,,,
1783990025.354,61450000,136,1,3,0,10.0,25.0,10.0,25.0,9.00460433959961,25.663896560668945,-0.6638973951339722,29.942089080810547,50.1784782409668,0.0,0.0,0.0,1.0,1.0,0.0,0.8316313028335571,,,,,,,,,,,,,,,,
1783990025.356,61477000,137,2,255,0,,,,,,,,,,,,,,,,,0.3499999940395355,-1.149999976158142,3.5485715866088867,2.715714454650879,3.5485715866088867,2.715714454650879,0.0,0.0,-0.25321751832962036,-0.09335597604513168,0.04713713377714157,1.0,0.0,0.0,0.0,0.0
1783990025.390,61498000,138,1,0,0,10.0,25.0,10.0,25.0,9.571992874145508,25.3659725189209,-0.36597251892089844,32.69699478149414,43.906166076660156,0.0,0.0,0.0,1.0,1.0,0.0,-0.9664531350135803,,,,,,,,,,,,,,,,
1783990025.407,61512000,139,1,1,0,10.0,25.0,10.0,25.0,8.884940147399902,25.323348999023438,-0.3233492374420166,37.746883392333984,47.669551849365234,0.0,0.0,0.0,1.0,1.0,0.0,1.0647095441818237,,,,,,,,,,,,,,,,
1783990025.426,61529000,140,1,2,0,10.0,25.0,10.0,25.0,8.804479598999023,24.997329711914062,0.0026702880859375,46.96142578125,46.83324432373047,0.0,0.0,0.0,1.0,1.0,0.0,-1.3467823266983032,,,,,,,,,,,,,,,,
1783990025.449,61549000,141,1,3,0,10.0,25.0,10.0,25.0,9.004015922546387,25.667375564575195,-0.6673753261566162,29.81524658203125,50.1784782409668,0.0,0.0,0.0,1.0,1.0,0.0,0.8275425434112549,,,,,,,,,,,,,,,,
1783990025.475,61572000,142,2,255,0,,,,,,,,,,,,,,,,,0.3499999940395355,-1.149999976158142,3.5485715866088867,2.715714454650879,3.5485715866088867,2.715714454650879,0.0,0.0,-0.26806116104125977,-0.09897545725107193,0.04798203706741333,1.0,0.0,0.0,0.0,0.0
1783990025.477,61598000,143,1,0,0,10.0,25.0,10.0,25.0,9.567243576049805,25.369232177734375,-0.3692328929901123,32.515071868896484,43.906166076660156,0.0,0.0,0.0,1.0,1.0,0.0,-0.960151731967926,,,,,,,,,,,,,,,,
1783990025.509,61618000,144,1,1,0,10.0,25.0,10.0,25.0,8.886881828308105,25.321678161621094,-0.3216773271560669,37.819419860839844,47.669551849365234,0.0,0.0,0.0,1.0,1.0,0.0,1.0672506093978882,,,,,,,,,,,,,,,,
1783990025.526,61631000,145,1,2,0,10.0,25.0,10.0,25.0,8.804166793823242,25.004085540771484,-0.004085898399353027,46.615013122558594,46.83324432373047,0.0,0.0,0.0,1.0,1.0,0.0,-1.3365108966827393,,,,,,,,,,,,,,,,
1783990025.546,61648000,146,1,3,0,10.0,25.0,10.0,25.0,9.003613471984863,25.645614624023438,-0.6456136703491211,30.931135177612305,50.1784782409668,0.0,0.0,0.0,1.0,1.0,0.0,0.8615397214889526,,,,,,,,,,,,,,,,
1783990025.568,61667000,147,2,255,0,,,,,,,,,,,,,,,,,0.3499999940395355,-1.149999976158142,3.5485715866088867,2.715714454650879,3.5485715866088867,2.715714454650879,0.0,0.0,-0.2900230884552002,-0.1031900942325592,0.049315158277750015,1.0,0.0,0.0,0.0,0.0
1783990025.592,61690000,148,1,0,0,10.0,25.0,10.0,25.0,9.565680503845215,25.36224937438965,-0.3622502088546753,32.96493911743164,43.906166076660156,0.0,0.0,0.0,1.0,1.0,0.0,-0.9746882915496826,,,,,,,,,,,,,,,,
1783990025.619,61715000,149,1,1,0,10.0,25.0,10.0,25.0,8.886860847473145,25.320737838745117,-0.3207385540008545,37.7758674621582,47.669551849365234,0.0,0.0,0.0,1.0,1.0,0.0,1.0654749870300293,,,,,,,,,,,,,,,,
1783990025.622,61742000,150,1,2,0,10.0,25.0,10.0,25.0,8.782804489135742,25.03977394104004,-0.039774179458618164,45.46107482910156,46.83324432373047,0.0,0.0,0.0,1.0,1.0,0.0,-1.2983309030532837,,,,,,,,,,,,,,,,
1783990025.655,61763000,151,1,3,0,10.0,25.0,10.0,25.0,8.9754638671875,25.580507278442383,-0.5805075168609619,33.14244842529297,50.1784782409668,0.0,0.0,0.0,1.0,1.0,0.0,0.9277848601341248,,,,,,,,,,,,,,,,
1783990025.672,61778000,152,2,255,0,,,,,,,,,,,,,,,,,0.3499999940395355,-1.149999976158142,3.5485715866088867,2.715714454650879,3.5485715866088867,2.715714454650879,0.0,0.0,-0.26424524188041687,-0.11141988635063171,0.0477604940533638,1.0,0.0,0.0,0.0,0.0
1783990025.689,61794000,153,1,0,0,10.0,25.0,10.0,25.0,9.527681350708008,25.370874404907227,-0.3708750009536743,32.522674560546875,43.906166076660156,0.0,0.0,0.0,1.0,1.0,0.0,-0.9569249749183655,,,,,,,,,,,,,,,,
1783990025.711,61812000,154,1,1,0,10.0,25.0,10.0,25.0,8.868695259094238,25.32659149169922,-0.32659173011779785,37.592777252197266,47.669551849365234,0.0,0.0,0.0,1.0,1.0,0.0,1.0581462383270264,,,,,,,,,,,,,,,,
1783990025.733,61832000,155,1,2,0,10.0,25.0,10.0,25.0,8.754565238952637,25.113534927368164,-0.11353492736816406,43.24901580810547,46.83324432373047,0.0,0.0,0.0,1.0,1.0,0.0,-1.2276802062988281,,,,,,,,,,,,,,,,
1783990025.759,61856000,156,1,3,0,10.0,25.0,10.0,25.0,9.00053596496582,25.534080505371094,-0.5340814590454102,34.47618865966797,50.1784782409668,0.0,0.0,0.0,1.0,1.0,0.0,0.9711511135101318,,,,,,,,,,,,,,,,
1783990025.786,61882000,157,2,255,0,,,,,,,,,,,,,,,,,0.3499999940395355,-1.149999976158142,3.5485715866088867,2.715714454650879,3.5485715866088867,2.715714454650879,0.0,0.0,-0.19494913518428802,-0.06982102245092392,0.04426439106464386,1.0,0.0,0.0,0.0,0.0
1783990025.788,61909000,158,1,0,0,10.0,25.0,10.0,25.0,9.49857234954834,25.37425994873047,-0.3742605447769165,32.448394775390625,43.906166076660156,0.0,0.0,0.0,1.0,1.0,0.0,-0.9522470831871033,,,,,,,,,,,,,,,,
1783990025.808,61930000,159,1,1,0,10.0,25.0,10.0,25.0,8.833470344543457,25.33854866027832,-0.3385484218597412,37.442378997802734,47.669551849365234,0.0,0.0,0.0,1.0,1.0,0.0,1.0511528253555298,,,,,,,,,,,,,,,,
1783990025.841,61945000,160,1,2,0,10.0,25.0,10.0,25.0,8.748390197753906,25.142860412597656,-0.14286041259765625,42.44465637207031,46.83324432373047,0.0,0.0,0.0,1.0,1.0,0.0,-1.2010514736175537,,,,,,,,,,,,,,,,
1783990025.860,61962000,161,1,3,0,10.0,25.0,10.0,25.0,8.969574928283691,25.52330207824707,-0.5233019590377808,34.42186737060547,50.1784782409668,0.0,0.0,0.0,1.0,1.0,0.0,0.9671221971511841,,,,,,,,,,,,,,,,
1783990025.882,61983000,162,2,255,0,,,,,,,,,,,,,,,,,0.3499999940395355,-1.149999976158142,3.5485715866088867,2.715714454650879,3.5485715866088867,2.715714454650879,0.0,0.0,-0.09589619934558868,0.06701105833053589,0.041045840829610825,1.0,0.0,0.0,0.0,0.0
1783990025.907,62004000,163,1,0,0,10.0,25.0,10.0,25.0,9.494152069091797,25.36168098449707,-0.3616809844970703,33.091224670410156,43.906166076660156,0.0,0.0,0.0,1.0,1.0,0.0,-0.9728253483772278,,,,,,,,,,,,,,,,
1783990025.934,62030000,164,1,1,0,10.0,25.0,10.0,25.0,8.833501815795898,25.338502883911133,-0.33850371837615967,37.40497970581055,47.669551849365234,0.0,0.0,0.0,1.0,1.0,0.0,1.0502288341522217,,,,,,,,,,,,,,,,
1783990025.936,62057000,165,1,2,0,10.0,25.0,10.0,25.0,8.753413200378418,25.14159393310547,-0.1415938138961792,42.59085464477539,46.83324432373047,0.0,0.0,0.0,1.0,1.0,0.0,-1.2058230638504028,,,,,,,,,,,,,,,,
1783990025.969,62079000,166,1,3,0,10.0,25.0,10.0,25.0,8.971205711364746,25.515634536743164,-0.5156338214874268,34.51434326171875,50.1784782409668,0.0,0.0,0.0,1.0,1.0,0.0,0.9698510766029358,,,,,,,,,,,,,,,,
1783990025.986,62092000,167,2,255,0,,,,,,,,,,,,,,,,,0.3499999940395355,-1.149999976158142,3.5485715866088867,2.715714454650879,3.5485715866088867,2.715714454650879,0.0,0.0,-0.08200719952583313,0.13373711705207825,0.0420236811041832,1.0,0.0,0.0,0.0,0.0
1783990026.003,62108000,168,1,0,0,10.0,25.0,10.0,25.0,9.495408058166504,25.36550521850586,-0.3655046224594116,32.85122299194336,43.906166076660156,0.0,0.0,0.0,1.0,1.0,0.0,-0.9656716585159302,,,,,,,,,,,,,,,,
1783990026.025,62126000,169,1,1,0,10.0,25.0,10.0,25.0,8.836533546447754,25.336408615112305,-0.3364086151123047,37.43320846557617,47.669551849365234,0.0,0.0,0.0,1.0,1.0,0.0,1.0513324737548828,,,,,,,,,,,,,,,,
1783990026.049,62147000,170,1,2,0,10.0,25.0,10.0,25.0,8.760491371154785,25.136699676513672,-0.13670027256011963,42.541419982910156,46.83324432373047,0.0,0.0,0.0,1.0,1.0,0.0,-1.2045079469680786,,,,,,,,,,,,,,,,
1783990026.077,62172000,171,1,3,0,10.0,25.0,10.0,25.0,8.978875160217285,25.51772689819336,-0.517725944519043,34.61162567138672,50.1784782409668,0.0,0.0,0.0,1.0,1.0,0.0,0.973746657371521,,,,,,,,,,,,,,,,
1783990026.080,62199000,172,2,255,0,,,,,,,,,,,,,,,,,0.3499999940395355,-1.149999976158142,3.5485715866088867,2.715714454650879,3.5485715866088867,2.715714454650879,0.0,0.0,-0.060880303382873535,0.15302002429962158,0.04264238849282265,1.0,0.0,0.0,0.0,0.0
1783990026.114,62222000,173,1,0,0,10.0,25.0,10.0,25.0,9.5081787109375,25.354957580566406,-0.35495758056640625,33.258602142333984,43.906166076660156,0.0,0.0,0.0,1.0,1.0,0.0,-0.9794491529464722,,,,,,,,,,,,,,,,
1783990026.133,62237000,174,1,1,0,10.0,25.0,10.0,25.0,8.84138011932373,25.334335327148438,-0.3343343734741211,37.54624938964844,47.669551849365234,0.0,0.0,0.0,1.0,1.0,0.0,1.0552270412445068,,,,,,,,,,,,,,,,
1783990026.153,62255000,175,1,2,0,10.0,25.0,10.0,25.0,8.767960548400879,25.12653160095215,-0.126531720161438,42.49678039550781,46.83324432373047,0.0,0.0,0.0,1.0,1.0,0.0,-1.203947901725769,,,,,,,,,,,,,,,,
1783990026.177,62276000,176,1,3,0,10.0,25.0,10.0,25.0,8.985209465026855,25.51643180847168,-0.516432523727417,34.4360237121582,50.1784782409668,0.0,0.0,0.0,1.0,1.0,0.0,0.9683996438980103,,,,,,,,,,,,,,,,
1783990026.204,62300000,177,2,255,0,,,,,,,,,,,,,,,,,0.3499999940395355,-1.149999976158142,3.5485715866088867,2.715714454650879,3.5485715866088867,2.715714454650879,0.0,0.0,-0.08876101672649384,0.1397702991962433,0.04220857471227646,1.0,0.0,0.0,0.0,0.0
1783990026.207,62327000,178,1,0,0,10.0,25.0,10.0,25.0,9.505146980285645,25.359880447387695,-0.3598809242248535,32.869773864746094,43.906166076660156,0.0,0.0,0.0,1.0,1.0,0.0,-0.9666113257408142,,,,,,,,,,,,,,,,
1783990026.241,62349000,179,1,1,0,10.0,25.0,10.0,25.0,8.843194961547852,25.332286834716797,-0.3322869539260864,37.531005859375,47.669551849365234,0.0,0.0,0.0,1.0,1.0,0.0,1.0546848773956299,,,,,,,,,,,,,,,,
1783990026.260,62364000,180,1,2,0,10.0,25.0,10.0,25.0,8.767875671386719,25.12802505493164,-0.12802481651306152,42.85188293457031,46.83324432373047,0.0,0.0,0.0,1.0,1.0,0.0,-1.21503746509552,,,,,,,,,,,,,,,,
1783990026.278,62382000,181,1,3,0,10.0,25.0,10.0,25.0,8.983585357666016,25.518238067626953,-0.5182385444641113,34.458492279052734,50.1784782409668,0.0,0.0,0.0,1.0,1.0,0.0,0.9702739715576172,,,,,,,,,,,,,,,,
1783990026.301,62401000,182,2,255,0,,,,,,,,,,,,,,,,,0.3499999940395355,-1.149999976158142,3.5485715866088867,2.715714454650879,3.5485715866088867,2.715714454650879,0.0,0.0,-0.05759834870696068,0.13685749471187592,0.042118318378925323,1.0,0.0,0.0,0.0,0.0
1783990026.325,62423000,183,1,0,0,10.0,25.0,10.0,25.0,9.508880615234375,25.35616111755371,-0.35616159439086914,33.06859588623047,43.906166076660156,0.0,0.0,0.0,1.0,1.0,0.0,-0.9733133912086487,,,,,,,,,,,,,,,,
1783990026.352,62448000,184,1,1,0,10.0,25.0,10.0,25.0,8.842723846435547,25.332969665527344,-0.33296942710876465,37.723411560058594,47.669551849365234,0.0,0.0,0.0,1.0,1.0,0.0,1.060718059539795,,,,,,,,,,,,,,,,
1783990026.354,62475000,185,1,2,0,10.0,25.0,10.0,25.0,8.763917922973633,25.128454208374023,-0.12845396995544434,43.00288772583008,46.83324432373047,0.0,0.0,0.0,1.0,1.0,0.0,-1.21961510181427,,,,,,,,,,,,,,,,
1783990026.387,62496000,186,1,3,0,10.0,25.0,10.0,25.0,8.982939720153809,25.517189025878906,-0.5171895027160645,34.328269958496094,50.1784782409668,0.0,0.0,0.0,1.0,1.0,0.0,0.9648890495300293,,,,,,,,,,,,,,,,
1783990026.405,62510000,187,2,255,0,,,,,,,,,,,,,,,,,0.3499999940395355,-1.149999976158142,3.5485715866088867,2.715714454650879,3.5485715866088867,2.715714454650879,0.0,0.0,-0.07792879641056061,0.11797387897968292,0.04157811403274536,1.0,0.0,0.0,0.0,0.0
1783990026.425,62527000,188,1,0,0,10.0,25.0,10.0,25.0,9.504565238952637,25.35967445373535,-0.3596752882003784,32.98442077636719,43.906166076660156,0.0,0.0,0.0,1.0,1.0,0.0,-0.9705340266227722,,,,,,,,,,,,,,,,
1783990026.448,62547000,189,1,1,0,10.0,25.0,10.0,25.0,8.844407081604004,25.331911087036133,-0.33191144466400146,37.74931335449219,47.669551849365234,0.0,0.0,0.0,1.0,1.0,0.0,1.0619642734527588,,,,,,,,,,,,,,,,
1783990026.476,62571000,190,1,2,0,10.0,25.0,10.0,25.0,8.764660835266113,25.13052749633789,-0.13052821159362793,42.93695068359375,46.83324432373047,0.0,0.0,0.0,1.0,1.0,0.0,-1.2178113460540771,,,,,,,,,,,,,,,,
1783990026.477,62598000,191,1,3,0,10.0,25.0,10.0,25.0,8.98607063293457,25.514680862426758,-0.5146801471710205,34.436012268066406,50.1784782409668,0.0,0.0,0.0,1.0,1.0,0.0,0.968816339969635,,,,,,,,,,,,,,,,
1783990026.510,62619000,192,2,255,0,,,,,,,,,,,,,,,,,0.3499999940395355,-1.149999976158142,3.5485715866088867,2.715714454650879,3.5485715866088867,2.715714454650879,0.0,0.0,-0.05518843233585358,0.11025037616491318,0.04137968644499779,1.0,0.0,0.0,0.0,0.0
1783990026.528,62633000,193,1,0,0,10.0,25.0,10.0,25.0,9.508381843566895,25.35592269897461,-0.3559231758117676,33.15940856933594,43.906166076660156,0.0,0.0,0.0,1.0,1.0,0.0,-0.9760944247245789,,,,,,,,,,,,,,,,
1783990026.547,62650000,194,1,1,0,10.0,25.0,10.0,25.0,8.843339920043945,25.333091735839844,-0.3330916166305542,37.4984130859375,47.669551849365234,0.0,0.0,0.0,1.0,1.0,0.0,1.053686499595642,,,,,,,,,,,,,,,,
1783990026.571,62669000,195,1,2,0,10.0,25.0,10.0,25.0,8.765901565551758,25.128246307373047,-0.12824535369873047,43.039520263671875,46.83324432373047,0.0,0.0,0.0,1.0,1.0,0.0,-1.2207413911819458,,,,,,,,,,,,,,,,
1783990026.595,62693000,196,1,3,0,10.0,25.0,10.0,25.0,8.984543800354004,25.51662826538086,-0.5166292190551758,34.276947021484375,50.1784782409668,0.0,0.0,0.0,1.0,1.0,0.0,0.963370144367218,,,,,,,,,,,,,,,,
1783990026.622,62718000,197,2,255,0,,,,,,,,,,,,,,,,,0.3499999940395355,-1.149999976158142,3.5485715866088867,2.715714454650879,3.5485715866088867,2.715714454650879,0.0,0.0,-0.05414252728223801,0.10387865453958511,0.04122588038444519,1.0,0.0,0.0,0.0,0.0
1783990026.624,62744000,198,1,0,0,10.0,25.0,10.0,25.0,9.504426002502441,25.35646629333496,-0.35646557807922363,33.07756423950195,43.906166076660156,0.0,0.0,0.0,1.0,1.0,0.0,-0.9727282524108887,,,,,,,,,,,,,,,,
1783990026.654,62764000,199,1,1,0,10.0,25.0,10.0,25.0,8.843841552734375,25.332015991210938,-0.3320157527923584,37.59339904785156,47.669551849365234,0.0,0.0,0.0,1.0,1.0,0.0,1.0567673444747925,,,,,,,,,,,,,,,,
1783990026.670,62777000,200,1,2,0,10.0,25.0,10.0,25.0,8.763482093811035,25.130516052246094,-0.13051629066467285,42.883602142333984,46.83324432373047,0.0,0.0,0.0,1.0,1.0,0.0,-1.2154419422149658,,,,,,,,,,,,,,,,
1783990026.687,62792000,201,1,3,0,10.0,25.0,10.0,25.0,8.9846773147583,25.51517105102539,-0.5151718854904175,34.51770782470703,50.1784782409668,0.0,0.0,0.0,1.0,1.0,0.0,0.9713661074638367,,,,,,,,,,,,,,,,
1783990026.709,62810000,202,2,255,0,,,,,,,,,,,,,,,,,0.3499999940395355,-1.149999976158142,3.5485715866088867,2.715714454650879,3.5485715866088867,2.715714454650879,0.0,0.0,-0.06327734142541885,0.11166974157094955,0.04141516983509064,1.0,0.0,0.0,0.0,0.0
1783990026.733,62831000,203,1,0,0,10.0,25.0,10.0,25.0,9.507869720458984,25.357059478759766,-0.35705864429473877,33.061058044433594,43.906166076660156,0.0,0.0,0.0,1.0,1.0,0.0,-0.9726256132125854,,,,,,,,,,,,,,,,
1783990026.761,62856000,204,1,1,0,10.0,25.0,10.0,25.0,8.844822883605957,25.33034324645996,-0.3303438425064087,37.68189239501953,47.669551849365234,0.0,0.0,0.0,1.0,1.0,0.0,1.0593775510787964,,,,,,,,,,,,,,,,
1783990026.764,62884000,205,1,2,0,10.0,25.0,10.0,25.0,8.772984504699707,25.131488800048828,-0.13148784637451172,42.818443298339844,46.83324432373047,0.0,0.0,0.0,1.0,1.0,0.0,-1.214309811592102,,,,,,,,,,,,,,,,
1783990026.798,62906000,206,1,3,0,10.0,25.0,10.0,25.0,8.980531692504883,25.4859619140625,-0.4859626293182373,35.58985137939453,50.1784782409668,0.0,0.0,0.0,1.0,1.0,0.0,1.0029323101043701,,,,,,,,,,,,,,,,
1783990026.817,62921000,207,2,255,0,,,,,,,,,,,,,,,,,0.3499999940395355,-1.149999976158142,3.5485715866088867,2.715714454650879,3.5485715866088867,2.715714454650879,0.0,0.0,-0.051573365926742554,0.11051122844219208,0.04138617590069771,1.0,0.0,0.0,0.0,0.0
1783990026.837,62939000,208,1,0,0,10.0,25.0,10.0,25.0,9.500253677368164,25.344722747802734,-0.3447234630584717,33.43700408935547,43.906166076660156,0.0,0.0,0.0,1.0,1.0,0.0,-0.9835239052772522,,,,,,,,,,,,,,,,
1783990026.862,62960000,209,1,1,0,10.0,25.0,10.0,25.0,8.852228164672852,25.32663345336914,-0.3266334533691406,37.5604362487793,47.669551849365234,0.0,0.0,0.0,1.0,1.0,0.0,1.056341290473938,,,,,,,,,,,,,,,,
1783990026.889,62985000,210,1,2,0,10.0,25.0,10.0,25.0,8.767635345458984,25.150436401367188,-0.1504361629486084,42.06007766723633,46.83324432373047,0.0,0.0,0.0,1.0,1.0,0.0,-1.18992280960083,,,,,,,,,,,,,,,,
1783990026.891,63012000,211,1,3,0,10.0,25.0,10.0,25.0,8.969281196594238,25.462663650512695,-0.4626631736755371,36.299415588378906,50.1784782409668,0.0,0.0,0.0,1.0,1.0,0.0,1.0244656801223755,,,,,,,,,,,,,,,,
1783990026.926,63034000,212,2,255,0,,,,,,,,,,,,,,,,,0.3499999940395355,-1.149999976158142,3.5485715866088867,2.715714454650879,3.5485715866088867,2.715714454650879,0.0,0.0,-0.030267026275396347,0.14886994659900665,0.04250241443514824,1.0,0.0,0.0,0.0,0.0
1783990026.944,63049000,213,1,0,0,10.0,25.0,10.0,25.0,9.499759674072266,25.34296226501465,-0.3429621458053589,33.54896926879883,43.906166076660156,0.0,0.0,0.0,1.0,1.0,0.0,-0.9874355792999268,,,,,,,,,,,,,,,,
1783990026.963,63066000,214,1,1,0,10.0,25.0,10.0,25.0,8.852071762084961,25.323549270629883,-0.32354891300201416,37.84765625,47.669551849365234,0.0,0.0,0.0,1.0,1.0,0.0,1.06533944606781,,,,,,,,,,,,,,,,
1783990026.986,63086000,215,1,2,0,10.0,25.0,10.0,25.0,8.78271484375,25.167476654052734,-0.16747713088989258,41.67293167114258,46.83324432373047,0.0,0.0,0.0,1.0,1.0,0.0,-1.1798197031021118,,,,,,,,,,,,,,,,
1783990027.012,63108000,216,1,3,0,10.0,25.0,10.0,25.0,8.960565567016602,25.450658798217773,-0.45065879821777344,36.568359375,50.1784782409668,0.0,0.0,0.0,1.0,1.0,0.0,1.0322046279907227,,,,,,,,,,,,,,,,
1783990027.014,63135000,217,2,255,0,,,,,,,,,,,,,,,,,0.3499999940395355,-1.149999976158142,3.5485715866088867,2.715714454650879,3.5485715866088867,2.715714454650879,0.0,0.0,0.004119866993278265,0.1761561632156372,0.043490808457136154,1.0,0.0,0.0,0.0,0.0
1783990027.046,63155000,218,1,0,0,10.0,25.0,10.0,25.0,9.504267692565918,25.331336975097656,-0.33133625984191895,34.06986618041992,43.906166076660156,0.0,0.0,0.0,1.0,1.0,0.0,-1.0042003393173218,,,,,,,,,,,,,,,,
1783990027.048,63169000,219,1,1,0,10.0,25.0,10.0,25.0,8.853256225585938,25.323566436767578,-0.3235667943954468,37.960594177246094,47.669551849365234,0.0,0.0,0.0,1.0,1.0,0.0,1.0687347650527954,,,,,,,,,,,,,,,,
1783990027.082,63186000,220,1,2,0,10.0,25.0,10.0,25.0,8.795759201049805,25.170093536376953,-0.17009377479553223,41.56721496582031,46.83324432373047,0.0,0.0,0.0,1.0,1.0,0.0,-1.1772663593292236,,,,,,,,,,,,,,,,
1783990027.104,63204000,221,1,3,0,10.0,25.0,10.0,25.0,8.958709716796875,25.435901641845703,-0.4359006881713867,37.13191604614258,50.1784782409668,0.0,0.0,0.0,1.0,1.0,0.0,1.049553632736206,,,,,,,,,,,,,,,,
1783990027.129,63226000,222,2,255,0,,,,,,,,,,,,,,,,,0.3499999940395355,-1.149999976158142,3.5485715866088867,2.715714454650879,3.5485715866088867,2.715714454650879,0.0,0.0,0.004692619200795889,0.20591865479946136,0.044750653207302094,1.0,0.0,0.0,0.0,0.0
1783990027.131,63252000,223,1,0,0,10.0,25.0,10.0,25.0,9.504780769348145,25.331661224365234,-0.3316611051559448,33.96112060546875,43.906166076660156,0.0,0.0,0.0,1.0,1.0,0.0,-1.001105546951294,,,,,,,,,,,,,,,,
1783990027.164,63273000,224,1,1,0,10.0,25.0,10.0,25.0,8.85708236694336,25.3198184967041,-0.3198176622390747,37.970272064208984,47.669551849365234,0.0,0.0,0.0,1.0,1.0,0.0,1.069732904434204,,,,,,,,,,,,,,,,
1783990027.181,63286000,225,1,2,0,10.0,25.0,10.0,25.0,8.802630424499512,25.187175750732422,-0.18717646598815918,40.771949768066406,46.83324432373047,0.0,0.0,0.0,1.0,1.0,0.0,-1.1525324583053589,,,,,,,,,,,,,,,,
1783990027.199,63302000,226,1,3,0,10.0,25.0,10.0,25.0,8.952857971191406,25.412017822265625,-0.4120171070098877,38.26076889038086,50.1784782409668,0.0,0.0,0.0,1.0,1.0,0.0,1.0846186876296997,,,,,,,,,,,,,,,,
1783990027.222,63322000,227,2,255,0,,,,,,,,,,,,,,,,,0.3499999940395355,-1.149999976158142,3.5485715866088867,2.715714454650879,3.5485715866088867,2.715714454650879,0.0,0.0,0.02477305382490158,0.22547008097171783,0.04568033665418625,1.0,0.0,0.0,0.0,0.0
1783990027.247,63344000,228,1,0,0,10.0,25.0,10.0,25.0,9.505276679992676,25.325796127319336,-0.3257960081100464,33.8642463684082,43.906166076660156,0.0,0.0,0.0,1.0,1.0,0.0,-0.997576117515564,,,,,,,,,,,,,,,,
1783990027.275,63370000,229,1,1,0,10.0,25.0,10.0,25.0,8.858941078186035,25.318653106689453,-0.3186523914337158,38.02344512939453,47.669551849365234,0.0,0.0,0.0,1.0,1.0,0.0,1.0716204643249512,,,,,,,,,,,,,,,,
1783990027.278,63398000,230,1,2,0,10.0,25.0,10.0,25.0,8.813257217407227,25.194381713867188,-0.1943826675415039,40.634422302246094,46.83324432373047,0.0,0.0,0.0,1.0,1.0,0.0,-1.1497070789337158,,,,,,,,,,,,,,,,
1783990027.312,63420000,231,1,3,0,10.0,25.0,10.0,25.0,8.938815116882324,25.401901245117188,-0.4019021987915039,38.092979431152344,50.1784782409668,0.0,0.0,0.0,1.0,1.0,0.0,1.0780372619628906,,,,,,,,,,,,,,,,
1783990027.330,63435000,232,2,255,0,,,,,,,,,,,,,,,,,0.3499999940395355,-1.149999976158142,3.5485715866088867,2.715714454650879,3.5485715866088867,2.715714454650879,0.0,0.0,0.05574638396501541,0.26012855768203735,0.04752485454082489,1.0,0.0,0.0,0.0,0.0
1783990027.350,63452000,233,1,0,0,10.0,25.0,10.0,25.0,9.505082130432129,25.318798065185547,-0.3187984228134155,34.154335021972656,43.906166076660156,0.0,0.0,0.0,1.0,1.0,0.0,-1.0064888000488281,,,,,,,,,,,,,,,,
1783990027.373,63473000,234,1,1,0,10.0,25.0,10.0,25.0,8.859567642211914,25.317577362060547,-0.31757652759552,38.075279235839844,47.669551849365234,0.0,0.0,0.0,1.0,1.0,0.0,1.0730310678482056,,,,,,,,,,,,,,,,
1783990027.400,63496000,235,1,2,0,10.0,25.0,10.0,25.0,8.81721019744873,25.200084686279297,-0.20008385181427002,40.544342041015625,46.83324432373047,0.0,0.0,0.0,1.0,1.0,0.0,-1.1471198797225952,,,,,,,,,,,,,,,,
1783990027.404,63523000,236,1,3,0,10.0,25.0,10.0,25.0,8.939640998840332,25.383159637451172,-0.3831595182418823,38.76300811767578,50.1784782409668,0.0,0.0,0.0,1.0,1.0,0.0,1.099015712738037,,,,,,,,,,,,,,,,
1783990027.435,63544000,237,2,255,0,,,,,,,,,,,,,,,,,0.3499999940395355,-1.149999976158142,3.5485715866088867,2.715714454650879,3.5485715866088867,2.715714454650879,0.0,0.0,0.06997206807136536,0.2966231405735016,0.04973503202199936,1.0,0.0,0.0,0.0,0.0
1783990027.453,63558000,238,1,0,0,10.0,25.0,10.0,25.0,9.506717681884766,25.312889099121094,-0.31288862228393555,34.33283233642578,43.906166076660156,0.0,0.0,0.0,1.0,1.0,0.0,-1.0123471021652222,,,,,,,,,,,,,,,,
1783990027.472,63575000,239,1,1,0,10.0,25.0,10.0,25.0,8.861431121826172,25.315082550048828,-0.3150820732116699,38.239967346191406,47.669551849365234,0.0,0.0,0.0,1.0,1.0,0.0,1.0784224271774292,,,,,,,,,,,,,,,,
1783990027.495,63594000,240,1,2,0,10.0,25.0,10.0,25.0,8.828717231750488,25.20935821533203,-0.2093583345413208,40.507747650146484,46.83324432373047,0.0,0.0,0.0,1.0,1.0,0.0,-1.1475926637649536,,,,,,,,,,,,,,,,
1783990027.520,63617000,241,1,3,0,10.0,25.0,10.0,25.0,8.931607246398926,25.36703872680664,-0.36703944206237793,39.214744567871094,50.1784782409668,0.0,0.0,0.0,1.0,1.0,0.0,1.1124542951583862,,,,,,,,,,,,,,,,
1783990027.523,63643000,242,2,255,0,,,,,,,,,,,,,,,,,0.3499999940395355,-1.149999976158142,3.5485715866088867,2.715714454650879,3.5485715866088867,2.715714454650879,0.0,0.0,0.09111960977315903,0.32353904843330383,0.05153864622116089,1.0,0.0,0.0,0.0,0.0
1783990027.556,63664000,243,1,0,0,10.0,25.0,10.0,25.0,9.505782127380371,25.3023681640625,-0.3023684024810791,34.69905090332031,43.906166076660156,0.0,0.0,0.0,1.0,1.0,0.0,-1.0237058401107788,,,,,,,,,,,,,,,,
1783990027.574,63679000,244,1,1,0,10.0,25.0,10.0,25.0,8.862494468688965,25.31413459777832,-0.3141343593597412,38.14484405517578,47.669551849365234,0.0,0.0,0.0,1.0,1.0,0.0,1.0755047798156738,,,,,,,,,,,,,,,,
1783990027.592,63695000,245,1,2,0,10.0,25.0,10.0,25.0,8.837996482849121,25.213224411010742,-0.21322369575500488,40.299617767333984,46.83324432373047,0.0,0.0,0.0,1.0,1.0,0.0,-1.1412431001663208,,,,,,,,,,,,,,,,
1783990027.616,63715000,246,1,3,0,10.0,25.0,10.0,25.0,8.923704147338867,25.353235244750977,-0.35323500633239746,39.632568359375,50.1784782409668,0.0,0.0,0.0,1.0,1.0,0.0,1.1249568462371826,,,,,,,,,,,,,,,,
1783990027.642,63738000,247,2,255,0,,,,,,,,,,,,,,,,,0.3499999940395355,-1.149999976158142,3.5485715866088867,2.715714454650879,3.5485715866088867,2.715714454650879,0.0,0.0,0.09195739030838013,0.34817084670066833,0.053316593170166016,1.0,0.0,0.0,0.0,0.0
1783990027.645,63765000,248,1,0,0,10.0,25.0,10.0,25.0,9.509288787841797,25.29631805419922,-0.29631853103637695,34.95713806152344,43.906166076660156,0.0,0.0,0.0,1.0,1.0,0.0,-1.032224416732788,,,,,,,,,,,,,,,,
1783990027.675,63785000,249,1,1,0,10.0,24.999942779541016,10.0,24.999942779541016,8.86391544342041,25.311365127563477,-0.3114238381385803,38.27098083496094,47.6693115234375,0.0,0.0,-5.676075670635328e-05,1.0,1.0,0.0,1.0795586109161377,,,,,,,,,,,,,,,,
1783990027.691,63798000,250,1,2,0,10.0,24.99991798400879,10.0,24.99991798400879,8.85452938079834,25.216489791870117,-0.21657198667526245,40.14884948730469,46.8328971862793,0.0,0.0,-8.262709889095277e-05,1.0,1.0,0.0,-1.1379812955856323,,,,,,,,,,,,,,,,
1783990027.708,63813000,251,1,3,0,10.0,25.000110626220703,10.0,25.000110626220703,8.914778709411621,25.34271812438965,-0.3426074981689453,39.85009002685547,50.1789436340332,0.0,0.0,0.00011090694897575304,1.0,1.0,0.0,1.1302268505096436,,,,,,,,,,,,,,,,
1783990027.731,63831000,252,2,255,0,,,,,,,,,,,,,,,,,0.3499999940395355,-1.149999976158142,3.5485715866088867,2.715714454650879,3.5485715866088867,2.715714454650879,0.0,0.0,0.11748730391263962,0.3707912266254425,0.055055368691682816,1.0,0.000674384122248739,-0.000674384122248739,-0.000674384122248739,0.000674384122248739
1783990027.755,63853000,253,1,0,0,10.0,25.000160217285156,10.0,25.000160217285156,9.5120849609375,25.29195213317871,-0.29179155826568604,35.00813674926758,43.90684127807617,0.0,0.0,0.0001602536503924057,1.0,1.0,0.0,-1.0337870121002197,,,,,,,,,,,,,,,,
1783990027.782,63878000,254,1,1,0,10.0,24.999818801879883,10.0,24.999818801879883,8.866121292114258,25.309642791748047,-0.30982494354248047,38.38946533203125,47.668792724609375,0.0,0.0,-0.0001807255030144006,1.0,1.0,0.0,1.0835257768630981,,,,,,,,,,,,,,,,
1783990027.784,63905000,255,1,2,0,10.0,24.999813079833984,10.0,24.999813079833984,8.861222267150879,25.21797752380371,-0.21816492080688477,40.12263870239258,46.83245849609375,0.0,0.0,-0.00018709513824433088,1.0,1.0,0.0,-1.1378813982009888,,,,,,,,,,,,,,,,
1783990027.819,63927000,0,1,3,0,10.0,25.000263214111328,10.0,25.000263214111328,8.911751747131348,25.32576560974121,-0.325503945350647,40.36869812011719,50.179588317871094,0.0,0.0,0.000263737776549533,1.0,1.0,0.0,1.1460727453231812,,,,,,,,,,,,,,,,
1783990027.838,63942000,1,2,255,0,,,,,,,,,,,,,,,,,0.3499999940395355,-1.149999976158142,3.5485715866088867,2.715714454650879,3.5485715866088867,2.715714454650879,0.0,0.0,0.11651462316513062,0.3879263699054718,0.05643940344452858,1.0,0.001261104946024716,-0.001261104946024716,-0.001261104946024716,0.001261104946024716
1783990027.858,63960000,2,1,0,0,10.0,25.00029945373535,10.0,25.00029945373535,9.514354705810547,25.282596588134766,-0.2822995185852051,35.40420150756836,43.90742874145508,0.0,0.0,0.00029967588488943875,1.0,1.0,0.0,-1.046364665031433,,,,,,,,,,,,,,,,
1783990027.882,63981000,3,1,1,0,10.0,24.999685287475586,10.0,24.999685287475586,8.867332458496094,25.307331085205078,-0.30764639377593994,38.396732330322266,47.6682243347168,0.0,0.0,-0.0003152771096210927,1.0,1.0,0.0,1.0838749408721924,,,,,,,,,,,,,,,,
1783990027.909,64005000,4,1,2,0,10.0,24.999670028686523,10.0,24.999670028686523,8.86829948425293,25.221139907836914,-0.22146999835968018,40.06846618652344,46.83185577392578,0.0,0.0,-0.00033011939376592636,1.0,1.0,0.0,-1.1372121572494507,,,,,,,,,,,,,,,,
1783990027.911,64032000,5,1,3,0,10.0,25.00033950805664,10.0,25.00033950805664,8.909432411193848,25.320425033569336,-0.32008588314056396,40.5753173828125,50.179908752441406,0.0,0.0,0.000339730380801484,1.0,1.0,0.0,1.152616024017334,,,,,,,,,,,,,,,,
1783990027.946,64054000,6,2,255,0,,,,,,,,,,,,,,,,,0.3499999940395355,-1.149999976158142,3.5485715866088867,2.715714454650879,3.5485715866088867,2.715714454650879,0.0,0.0,0.1334570050239563,0.39262720942497253,0.05682910233736038,1.0,0.0014272010885179043,-0.0014272010885179043,-0.0014272010885179043,0.0014272010885179043
1783990027.964,64069000,7,1,0,0,10.0,25.00033950805664,10.0,25.00033950805664,9.51512336730957,25.277036666870117,-0.27669668197631836,35.43278121948242,43.9075927734375,0.0,0.0,0.00033914530649781227,1.0,1.0,0.0,-1.0475835800170898,,,,,,,,,,,,,,,,
1783990027.982,64086000,8,1,1,0,10.0,24.999666213989258,10.0,24.999666213989258,8.868182182312012,25.30689811706543,-0.307232141494751,38.14792251586914,47.66814422607422,0.0,0.0,-0.0003342233831062913,1.0,1.0,0.0,1.0762004852294922,,,,,,,,,,,,,,,,
1783990028.006,64105000,9,1,2,0,10.0,24.99967384338379,10.0,24.99967384338379,8.869210243225098,25.2265625,-0.22688955068588257,39.97913360595703,46.831871032714844,0.0,0.0,-0.00032657370320521295,1.0,1.0,0.0,-1.1346358060836792,,,,,,,,,,,,,,,,
1783990028.031,64128000,10,1,3,0,10.0,25.00032615661621,10.0,25.00032615661621,8.90379810333252,25.308259963989258,-0.3079354763031006,40.951820373535156,50.17985153198242,0.0,0.0,0.00032676637056283653,1.0,1.0,0.0,1.1636295318603516,,,,,,,,,,,,,,,,
1783990028.034,64154000,11,2,255,0,,,,,,,,,,,,,,,,,0.3499999940395355,-1.149999976158142,3.5485715866088867,2.715714454650879,3.5485715866088867,2.715714454650879,0.0,0.0,0.12808482348918915,0.3935355544090271,0.056904904544353485,1.0,0.0014595577958971262,-0.0014595577958971262,-0.0014595577958971262,0.0014595577958971262
1783990028.065,64175000,12,1,0,0,10.0,25.000368118286133,10.0,25.000368118286133,9.509970664978027,25.276142120361328,-0.2757757902145386,35.58306884765625,43.907718658447266,0.0,0.0,0.0003685964038595557,1.0,1.0,0.0,-1.051809549331665,,,,,,,,,,,,,,,,
1783990028.082,64188000,13,1,1,0,10.0,24.999608993530273,10.0,24.999608993530273,8.869037628173828,25.30522346496582,-0.3056153655052185,38.272186279296875,47.66790771484375,0.0,0.0,-0.00039046077290549874,1.0,1.0,0.0,1.0801185369491577,,,,,,,,,,,,,,,,
1783990028.101,64204000,14,1,2,0,10.0,24.999589920043945,10.0,24.999589920043945,8.870760917663574,25.233524322509766,-0.23393630981445312,39.694061279296875,46.831520080566406,0.0,0.0,-0.0004096707561984658,1.0,1.0,0.0,-1.1255075931549072,,,,,,,,,,,,,,,,
1783990028.124,64223000,15,1,3,0,10.0,25.000423431396484,10.0,25.000423431396484,8.901126861572266,25.305927276611328,-0.30550360679626465,41.03049850463867,50.18025588989258,0.0,0.0,0.00042267722892574966,1.0,1.0,0.0,1.1663862466812134,,,,,,,,,,,,,,,,
1783990028.149,64246000,16,2,255,0,,,,,,,,,,,,,,,,,0.3499999940395355,-1.149999976158142,3.5485715866088867,2.715714454650879,3.5485715866088867,2.715714454650879,0.0,0.0,0.14656664431095123,0.4029204547405243,0.05769740417599678,1.0,0.0017989013576880097,-0.0017989013576880097,-0.0017989013576880097,0.0017989013576880097
1783990028.177,64272000,17,1,0,0,10.0,25.00042724609375,10.0,25.00042724609375,9.50977611541748,25.275266647338867,-0.27483999729156494,35.76365661621094,43.90796661376953,0.0,0.0,0.0004274722305126488,1.0,1.0,0.0,-1.057579517364502,,,,,,,,,,,,,,,,
1783990028.179,64300000,18,1,1,0,10.0,24.999570846557617,10.0,24.999570846557617,8.866951942443848,25.30685043334961,-0.3072798252105713,38.26342010498047,47.667747497558594,0.0,0.0,-0.000428572267992422,1.0,1.0,0.0,1.0796469449996948,,,,,,,,,,,,,,,,
1783990028.212,64321000,19,1,2,0,10.0,24.999547958374023,10.0,24.999547958374023,8.867568016052246,25.2375431060791,-0.23799538612365723,39.516357421875,46.83134078979492,0.0,0.0,-0.00045236636651679873,1.0,1.0,0.0,-1.1188125610351562,,,,,,,,,,,,,,,,
1783990028.213,64335000,20,1,3,0,10.0,25.00046157836914,10.0,25.00046157836914,8.895501136779785,25.31060218811035,-0.31014084815979004,40.915592193603516,50.180423736572266,0.0,0.0,0.00046219248906709254,1.0,1.0,0.0,1.1624521017074585,,,,,,,,,,,,,,,,
1783990028.251,64353000,21,2,255,0,,,,,,,,,,,,,,,,,0.3499999940395355,-1.149999976158142,3.5485715866088867,2.715714454650879,3.5485715866088867,2.715714454650879,0.0,0.0,0.15723328292369843,0.4097689092159271,0.058286458253860474,1.0,0.00205244030803442,-0.00205244030803442,-0.00205244030803442,0.00205244030803442
1783990028.274,64373000,22,1,0,0,10.0,25.00048828125,10.0,25.00048828125,9.506988525390625,25.27725601196289,-0.27676820755004883,35.67803192138672,43.90821838378906,0.0,0.0,0.0004877205938100815,1.0,1.0,0.0,-1.0546362400054932,,,,,,,,,,,,,,,,
1783990028.301,64397000,23,1,1,0,10.0,24.99950408935547,10.0,24.99950408935547,8.865760803222656,25.306840896606445,-0.3073379397392273,38.16965103149414,47.6674690246582,0.0,0.0,-0.0004949620342813432,1.0,1.0,0.0,1.076314926147461,,,,,,,,,,,,,,,,
1783990028.303,64423000,24,1,2,0,10.0,24.999494552612305,10.0,24.999494552612305,8.868873596191406,25.2384090423584,-0.238916277885437,39.42728042602539,46.83111572265625,0.0,0.0,-0.0005054142675362527,1.0,1.0,0.0,-1.1164054870605469,,,,,,,,,,,,,,,,
1783990028.333,64443000,25,1,3,0,10.0,25.000587463378906,10.0,25.000587463378906,8.89659309387207,25.3111629486084,-0.3105759620666504,40.56523895263672,50.180946350097656,0.0,0.0,0.000586561334785074,1.0,1.0,0.0,1.1516822576522827,,,,,,,,,,,,,,,,
1783990028.350,64456000,26,2,255,0,,,,,,,,,,,,,,,,,0.3499999940395355,-1.149999976158142,3.5485715866088867,2.715714454650879,3.5485715866088867,2.715714454650879,0.0,0.0,0.16370417177677155,0.42379939556121826,0.05952144414186478,1.0,0.0025879370514303446,-0.0025879370514303446,-0.0025879370514303446,0.0025879370514303446
1783990028.368,64472000,27,1,0,0,10.0,25.000614166259766,10.0,25.000614166259766,9.510934829711914,25.27569007873535,-0.27507543563842773,35.5490608215332,43.90875244140625,0.0,0.0,0.0006149705732241273,1.0,1.0,0.0,-1.0506657361984253,,,,,,,,,,,,,,,,
1783990028.390,64491000,28,1,1,0,10.0,24.99936866760254,10.0,24.99936866760254,8.869047164916992,25.305217742919922,-0.3058493137359619,38.226776123046875,47.666893005371094,0.0,0.0,-0.00063210295047611,1.0,1.0,0.0,1.0783202648162842,,,,,,,,,,,,,,,,
1783990028.415,64512000,29,1,2,0,10.0,24.99938201904297,10.0,24.99938201904297,8.871947288513184,25.237327575683594,-0.23794621229171753,39.50112533569336,46.83064270019531,0.0,0.0,-0.0006181810167618096,1.0,1.0,0.0,-1.1192611455917358,,,,,,,,,,,,,,,,
1783990028.442,64537000,30,1,3,0,10.0,25.000608444213867,10.0,25.000608444213867,8.896883964538574,25.305858612060547,-0.30525028705596924,40.72272491455078,50.1810417175293,0.0,0.0,0.0006093925912864506,1.0,1.0,0.0,1.156448483467102,,,,,,,,,,,,,,,,
1783990028.444,64564000,31,2,255,0,,,,,,,,,,,,,,,,,0.3499999940395355,-1.149999976158142,3.5485715866088867,2.715714454650879,3.5485715866088867,2.715714454650879,0.0,0.0,0.16604594886302948,0.4227275252342224,0.05942577123641968,1.0,0.002546250354498625,-0.002546250354498625,-0.002546250354498625,0.002546250354498625
1783990028.474,64584000,32,1,0,0,10.0,25.000621795654297,10.0,25.000621795654297,9.509899139404297,25.27512550354004,-0.27450621128082275,35.4445915222168,43.90877914428711,0.0,0.0,0.0006210973369888961,1.0,1.0,0.0,-1.0475189685821533,,,,,,,,,,,,,,,,
1783990028.490,64596000,33,1,1,0,10.0,24.999372482299805,10.0,24.999372482299805,8.867250442504883,25.306276321411133,-0.30690282583236694,38.27568817138672,47.666908264160156,0.0,0.0,-0.0006279459339566529,1.0,1.0,0.0,1.0799356698989868,,,,,,,,,,,,,,,,
1783990028.508,64612000,34,1,2,0,10.0,24.999378204345703,10.0,24.999378204345703,8.87403678894043,25.238101959228516,-0.23872554302215576,39.490272521972656,46.830623626708984,0.0,0.0,-0.0006224807002581656,1.0,1.0,0.0,-1.1194733381271362,,,,,,,,,,,,,,,,
1783990028.530,64631000,35,1,3,0,10.0,25.000627517700195,10.0,25.000627517700195,8.897384643554688,25.30246353149414,-0.3018379211425781,40.98088073730469,50.18111801147461,0.0,0.0,0.0006276008789427578,1.0,1.0,0.0,1.1639704704284668,,,,,,,,,,,,,,,,
1783990028.554,64652000,36,2,255,0,,,,,,,,,,,,,,,,,0.3499999940395355,-1.149999976158142,3.5485715866088867,2.715714454650879,3.5485715866088867,2.715714454650879,0.0,0.0,0.1724332571029663,0.42700672149658203,0.05980905890464783,1.0,0.002713457914069295,-0.002713457914069295,-0.002713457914069295,0.002713457914069295
1783990028.581,64677000,37,1,0,0,10.0,25.00064468383789,10.0,25.00064468383789,9.51158332824707,25.271732330322266,-0.2710878849029541,35.45465087890625,43.908878326416016,0.0,0.0,0.0006447979831136763,1.0,1.0,0.0,-1.0476735830307007,,,,,,,,,,,,,,,,
1783990028.583,64703000,38,1,1,0,10.0,24.999351501464844,10.0,24.999351501464844,8.86911678314209,25.305192947387695,-0.3058433532714844,38.43825912475586,47.66682434082031,0.0,0.0,-0.0006485225167125463,1.0,1.0,0.0,1.085222601890564,,,,,,,,,,,,,,,,
1783990028.618,64726000,39,1,2,0,10.0,24.999326705932617,10.0,24.999326705932617,8.8727445602417,25.23809051513672,-0.23876428604125977,39.6068115234375,46.830413818359375,0.0,0.0,-0.0006729158340021968,1.0,1.0,0.0,-1.123020052909851,,,,,,,,,,,,,,,,
1783990028.637,64741000,40,1,3,0,10.0,25.000675201416016,10.0,25.000675201416016,8.897146224975586,25.305339813232422,-0.3046661615371704,40.83666229248047,50.18132019042969,0.0,0.0,0.0006751547916792333,1.0,1.0,0.0,1.1598975658416748,,,,,,,,,,,,,,,,
1783990028.658,64759000,41,2,255,0,,,,,,,,,,,,,,,,,0.3499999940395355,-1.149999976158142,3.5485715866088867,2.715714454650879,3.5485715866088867,2.715714454650879,0.0,0.0,0.18056973814964294,0.4299265146255493,0.06007259711623192,1.0,0.0028287512250244617,-0.0028287512250244617,-0.0028287512250244617,0.0028287512250244617
1783990028.683,64781000,42,1,0,0,10.0,25.00067138671875,10.0,25.00067138671875,9.510311126708984,25.269407272338867,-0.26873648166656494,35.70716857910156,43.90899658203125,0.0,0.0,0.0006721951067447662,1.0,1.0,0.0,-1.0555273294448853,,,,,,,,,,,,,,,,
1783990028.710,64806000,43,1,1,0,10.0,24.999345779418945,10.0,24.999345779418945,8.868753433227539,25.305784225463867,-0.3064379096031189,38.419403076171875,47.66680145263672,0.0,0.0,-0.000653780356515199,1.0,1.0,0.0,1.0846295356750488,,,,,,,,,,,,,,,,
1783990028.713,64833000,44,1,2,0,10.0,24.999353408813477,10.0,24.999353408813477,8.872105598449707,25.23931312561035,-0.23995935916900635,39.690086364746094,46.83052444458008,0.0,0.0,-0.0006462671444751322,1.0,1.0,0.0,-1.125633716583252,,,,,,,,,,,,,,,,
1783990028.747,64855000,45,1,3,0,10.0,25.000736236572266,10.0,25.000736236572266,8.896278381347656,25.30327796936035,-0.30254125595092773,40.91427230834961,50.18157196044922,0.0,0.0,0.0007353236433118582,1.0,1.0,0.0,1.16216242313385,,,,,,,,,,,,,,,,
1783990028.765,64870000,46,2,255,0,,,,,,,,,,,,,,,,,0.3499999940395355,-1.149999976158142,3.5485715866088867,2.715714454650879,3.5485715866088867,2.715714454650879,0.0,0.0,0.17739133536815643,0.44254961609840393,0.06123063713312149,1.0,0.0033386496361345053,-0.0033386496361345053,-0.0033386496361345053,0.0033386496361345053
1783990028.782,64887000,47,1,0,0,10.0,25.00079345703125,10.0,25.00079345703125,9.51011848449707,25.274700164794922,-0.2739071846008301,35.62223434448242,43.90950393676758,0.0,0.0,0.000793362152762711,1.0,1.0,0.0,-1.0530686378479004,,,,,,,,,,,,,,,,
1783990028.804,64905000,48,1,1,0,10.0,24.99917984008789,10.0,24.99917984008789,8.867989540100098,25.306060791015625,-0.30688196420669556,38.293251037597656,47.66610336303711,0.0,0.0,-0.0008197085116989911,1.0,1.0,0.0,1.0804929733276367,,,,,,,,,,,,,,,,
1783990028.829,64926000,49,1,2,0,10.0,24.999176025390625,10.0,24.999176025390625,8.871561050415039,25.239404678344727,-0.240229070186615,39.573638916015625,46.82977294921875,0.0,0.0,-0.0008248556405305862,1.0,1.0,0.0,-1.1215852499008179,,,,,,,,,,,,,,,,
1783990028.856,64951000,50,1,3,0,10.0,25.00082015991211,10.0,25.00082015991211,8.896251678466797,25.307071685791016,-0.3062516450881958,40.8100700378418,50.18193054199219,0.0,0.0,0.0008201763266697526,1.0,1.0,0.0,1.1589008569717407,,,,,,,,,,,,,,,,
1783990028.858,64979000,51,2,255,0,,,,,,,,,,,,,,,,,0.3499999940395355,-1.149999976158142,3.5485715866088867,2.715714454650879,3.5485715866088867,2.715714454650879,0.0,0.0,0.18648944795131683,0.44270673394203186,0.06124523654580116,1.0,0.0033451153431087732,-0.0033451153431087732,-0.0033451153431087732,0.0033451153431087732
1783990028.892,65000000,52,1,0,0,10.0,25.000770568847656,10.0,25.000770568847656,9.51016616821289,25.272220611572266,-0.271451473236084,35.537147521972656,43.90940475463867,0.0,0.0,0.0007697658147662878,1.0,1.0,0.0,-1.050175428390503,,,,,,,,,,,,,,,,
1783990028.911,65015000,53,1,1,0,10.0,24.999244689941406,10.0,24.999244689941406,8.86400318145752,25.308788299560547,-0.30954331159591675,38.147125244140625,47.66637420654297,0.0,0.0,-0.0007552491733804345,1.0,1.0,0.0,1.0756852626800537,,,,,,,,,,,,,,,,
1783990028.932,65033000,54,1,2,0,10.0,24.999258041381836,10.0,24.999258041381836,8.87122631072998,25.240049362182617,-0.24079084396362305,39.42464065551758,46.83012008666992,0.0,0.0,-0.0007427577511407435,1.0,1.0,0.0,-1.1167237758636475,,,,,,,,,,,,,,,,
1783990028.955,65054000,55,1,3,0,10.0,25.000736236572266,10.0,25.000736236572266,8.893765449523926,25.30463409423828,-0.30389726161956787,40.86857604980469,50.18157958984375,0.0,0.0,0.0007368795922957361,1.0,1.0,0.0,1.1603137254714966,,,,,,,,,,,,,,,,
1783990028.980,65077000,56,2,255,0,,,,,,,,,,,,,,,,,0.3499999940395355,-1.149999976158142,3.5485715866088867,2.715714454650879,3.5485715866088867,2.715714454650879,0.0,0.0,0.1673349291086197,0.4381556510925293,0.06082409620285034,1.0,0.00315902684815228,-0.00315902684815228,-0.00315902684815228,0.00315902684815228
1783990029.007,65102000,57,1,0,0,10.0,25.000751495361328,10.0,25.000751495361328,9.508190155029297,25.273441314697266,-0.2726912498474121,35.554222106933594,43.909324645996094,0.0,0.0,0.0007506783585995436,1.0,1.0,0.0,-1.0507099628448486,,,,,,,,,,,,,,,,
1783990029.009,65129000,58,1,1,0,10.0,24.99922752380371,10.0,24.99922752380371,8.866186141967773,25.307119369506836,-0.3078922629356384,38.19406509399414,47.66630554199219,0.0,0.0,-0.0007715302635915577,1.0,1.0,0.0,1.07724928855896,,,,,,,,,,,,,,,,
1783990029.041,65150000,59,1,2,0,10.0,24.999177932739258,10.0,24.999177932739258,8.874300003051758,25.239913940429688,-0.2407371997833252,39.520938873291016,46.82978057861328,0.0,0.0,-0.0008228606311604381,1.0,1.0,0.0,-1.1204540729522705,,,,,,,,,,,,,,,,
1783990029.058,65163000,60,1,3,0,10.0,25.000825881958008,10.0,25.000825881958008,8.897768020629883,25.300386428833008,-0.2995610237121582,41.366878509521484,50.18195343017578,0.0,0.0,0.0008256054134108126,1.0,1.0,0.0,1.1772944927215576,,,,,,,,,,,,,,,,
1783990029.076,65180000,61,2,255,0,,,,,,,,,,,,,,,,,0.3499999940395355,-1.149999976158142,3.5485715866088867,2.715714454650879,3.5485715866088867,2.715714454650879,0.0,0.0,0.18008354306221008,0.4445292055606842,0.06141498684883118,1.0,0.003420329187065363,-0.003420329187065363,-0.003420329187065363,0.003420329187065363
1783990029.098,65199000,62,1,0,0,10.0,25.000812530517578,10.0,25.000812530517578,9.510433197021484,25.27027702331543,-0.2694666385650635,35.90883255004883,43.90958786010742,0.0,0.0,0.0008127714390866458,1.0,1.0,0.0,-1.0620484352111816,,,,,,,,,,,,,,,,
1783990029.122,65220000,63,1,1,0,10.0,24.99920654296875,10.0,24.99920654296875,8.868358612060547,25.305461883544922,-0.30625611543655396,38.30623245239258,47.66621398925781,0.0,0.0,-0.000793402548879385,1.0,1.0,0.0,1.0809394121170044,,,,,,,,,,,,,,,,
1783990029.149,65245000,64,1,2,0,10.0,24.999225616455078,10.0,24.999225616455078,8.87189769744873,25.24217414855957,-0.2429485321044922,39.62443542480469,46.829986572265625,0.0,0.0,-0.0007745797629468143,1.0,1.0,0.0,-1.1234771013259888,,,,,,,,,,,,,,,,
1783990029.151,65272000,65,1,3,0,10.0,25.000749588012695,10.0,25.000749588012695,8.892078399658203,25.305227279663086,-0.30447840690612793,41.11262893676758,50.181636810302734,0.0,0.0,0.0007504044915549457,1.0,1.0,0.0,1.1689082384109497,,,,,,,,,,,,,,,,
1783990029.182,65292000,66,2,255,0,,,,,,,,,,,,,,,,,0.3499999940395355,-1.149999976158142,3.5485715866088867,2.715714454650879,3.5485715866088867,2.715714454650879,0.0,0.0,0.16667191684246063,0.43842223286628723,0.0608486570417881,1.0,0.0031698590610176325,-0.0031698590610176325,-0.0031698590610176325,0.0031698590610176325
1783990029.199,65305000,67,1,0,0,10.0,25.00075340270996,10.0,25.00075340270996,9.507048606872559,25.273441314697266,-0.27268826961517334,35.632835388183594,43.90933609008789,0.0,0.0,0.0007532524177804589,1.0,1.0,0.0,-1.0529104471206665,,,,,,,,,,,,,,,,
1783990029.217,65321000,68,1,1,0,10.0,24.99924087524414,10.0,24.99924087524414,8.865137100219727,25.306589126586914,-0.307348370552063,38.289100646972656,47.66635513305664,0.0,0.0,-0.0007593504269607365,1.0,1.0,0.0,1.0802990198135376,,,,,,,,,,,,,,,,
1783990029.240,65340000,69,1,2,0,10.0,24.999225616455078,10.0,24.999225616455078,8.870994567871094,25.242923736572266,-0.2436995506286621,39.33858108520508,46.82998275756836,0.0,0.0,-0.0007753372192382812,1.0,1.0,0.0,-1.1139591932296753,,,,,,,,,,,,,,,,
1783990029.266,65362000,70,1,3,0,10.0,25.000776290893555,10.0,25.000776290893555,8.891889572143555,25.301942825317383,-0.301167368888855,40.99164581298828,50.18174743652344,0.0,0.0,0.0007768392679281533,1.0,1.0,0.0,1.1644372940063477,,,,,,,,,,,,,,,,
1783990029.293,65389000,71,2,255,0,,,,,,,,,,,,,,,,,0.3499999940395355,-1.149999976158142,3.5485715866088867,2.715714454650879,3.5485715866088867,2.715714454650879,0.0,0.0,0.17868292331695557,0.4416112005710602,0.061143502593040466,1.0,0.0033000942785292864,-0.0033000942785292864,-0.0033000942785292864,0.0033000942785292864
1783990029.296,65416000,72,1,0,0,10.0,25.000783920288086,10.0,25.000783920288086,9.508256912231445,25.273422241210938,-0.27263760566711426,35.51176071166992,43.90946578979492,0.0,0.0,0.0007842002087272704,1.0,1.0,0.0,-1.0489797592163086,,,,,,,,,,,,,,,,
1783990029.330,65438000,73,1,1,0,10.0,24.999187469482422,10.0,24.999187469482422,8.866151809692383,25.307172775268555,-0.30798614025115967,38.27457046508789,47.666133880615234,0.0,0.0,-0.000811884761787951,1.0,1.0,0.0,1.079888939857483,,,,,,,,,,,,,,,,
1783990029.349,65453000,74,1,2,0,10.0,24.999187469482422,10.0,24.999187469482422,8.872379302978516,25.240114212036133,-0.24092793464660645,39.52431869506836,46.82982635498047,0.0,0.0,-0.0008124904124997556,1.0,1.0,0.0,-1.120085597038269,,,,,,,,,,,,,,,,
1783990029.369,65471000,75,1,3,0,10.0,25.00082015991211,10.0,25.00082015991211,8.89546012878418,25.30498504638672,-0.30416548252105713,40.882911682128906,50.18192672729492,0.0,0.0,0.0008194565889425576,1.0,1.0,0.0,1.1612173318862915,,,,,,,,,,,,,,,,
1783990029.393,65492000,76,2,255,0,,,,,,,,,,,,,,,,,0.3499999940395355,-1.149999976158142,3.5485715866088867,2.715714454650879,3.5485715866088867,2.715714454650879,0.0,0.0,0.17758122086524963,0.44301196932792664,0.06127362698316574,1.0,0.00335768423974514,-0.00335768423974514,-0.00335768423974514,0.00335768423974514
1783990029.394,65516000,77,1,0,0,10.0,25.000797271728516,10.0,25.000797271728516,9.511689186096191,25.271648406982422,-0.2708524465560913,35.50424575805664,43.909523010253906,0.0,0.0,0.0007978853536769748,1.0,1.0,0.0,-1.0491055250167847,,,,,,,,,,,,,,,,
1783990029.422,65543000,78,1,1,0,10.0,24.99921989440918,10.0,24.99921989440918,8.863922119140625,25.307964324951172,-0.3087460994720459,38.228023529052734,47.6662712097168,0.0,0.0,-0.0007796405116096139,1.0,1.0,0.0,1.078066110610962,,,,,,,,,,,,,,,,
1783990029.457,65565000,79,1,2,0,10.0,24.99925994873047,10.0,24.99925994873047,8.873279571533203,25.24079132080078,-0.24153143167495728,39.50606918334961,46.83013153076172,0.0,0.0,-0.0007400676840916276,1.0,1.0,0.0,-1.1197911500930786,,,,,,,,,,,,,,,,
1783990029.475,65580000,80,1,3,0,10.0,25.000720977783203,10.0,25.000720977783203,8.893014907836914,25.305843353271484,-0.30512213706970215,41.0275993347168,50.18151092529297,0.0,0.0,0.000721030926797539,1.0,1.0,0.0,1.1654030084609985,,,,,,,,,,,,,,,,
1783990029.493,65597000,81,2,255,0,,,,,,,,,,,,,,,,,0.3499999940395355,-1.149999976158142,3.5485715866088867,2.715714454650879,3.5485715866088867,2.715714454650879,0.0,0.0,0.18062074482440948,0.43286043405532837,0.06033904850482941,1.0,0.002945595420897007,-0.002945595420897007,-0.002945595420897007,0.002945595420897007
1783990029.516,65616000,82,1,0,0,10.0,25.000699996948242,10.0,25.000699996948242,9.50710678100586,25.27199363708496,-0.2712935209274292,35.5382080078125,43.90911102294922,0.0,0.0,0.0006999608012847602,1.0,1.0,0.0,-1.0495505332946777,,,,,,,,,,,,,,,,
1783990029.540,65638000,83,1,1,0,10.0,24.99932098388672,10.0,24.99932098388672,8.86508846282959,25.308015823364258,-0.3086954355239868,38.20735168457031,47.66669464111328,0.0,0.0,-0.0006793516804464161,1.0,1.0,0.0,1.0772963762283325,,,,,,,,,,,,,,,,
1783990029.568,65663000,84,1,2,0,10.0,24.999313354492188,10.0,24.999313354492188,8.870107650756836,25.242340087890625,-0.24302750825881958,39.51141357421875,46.83035659790039,0.0,0.0,-0.0006858649430796504,1.0,1.0,0.0,-1.1193554401397705,,,,,,,,,,,,,,,,
1783990029.570,65691000,85,1,3,0,10.0,25.00069236755371,10.0,25.00069236755371,8.893044471740723,25.303468704223633,-0.3027766942977905,41.00457763671875,50.18138885498047,0.0,0.0,0.0006914599798619747,1.0,1.0,0.0,1.1645158529281616,,,,,,,,,,,,,,,,
1783990029.605,65713000,86,2,255,0,,,,,,,,,,,,,,,,,0.3499999940395355,-1.149999976158142,3.5485715866088867,2.715714454650879,3.5485715866088867,2.715714454650879,0.0,0.0,0.17763052880764008,0.4363223910331726,0.060655564069747925,1.0,0.0030847613234072924,-0.0030847613234072924,-0.0030847613234072924,0.0030847613234072924
1783990029.624,65728000,87,1,0,0,10.0,25.000732421875,10.0,25.000732421875,9.509148597717285,25.27265167236328,-0.2719193696975708,35.73469924926758,43.90925216674805,0.0,0.0,0.0007330307271331549,1.0,1.0,0.0,-1.0565699338912964,,,,,,,,,,,,,,,,
1783990029.644,65746000,88,1,1,0,10.0,24.9992618560791,10.0,24.9992618560791,8.866718292236328,25.30608558654785,-0.30682384967803955,38.421844482421875,47.66645050048828,0.0,0.0,-0.0007372565451078117,1.0,1.0,0.0,1.0844829082489014,,,,,,,,,,,,,,,,
1783990029.669,65767000,89,1,2,0,10.0,24.999252319335938,10.0,24.999252319335938,8.873117446899414,25.24222755432129,-0.2429753541946411,39.69620132446289,46.830101013183594,0.0,0.0,-0.0007471857243217528,1.0,1.0,0.0,-1.1257754564285278,,,,,,,,,,,,,,,,
1783990029.696,65792000,90,1,3,0,10.0,25.00074577331543,10.0,25.00074577331543,8.893580436706543,25.303756713867188,-0.3030121326446533,40.92625427246094,50.18161392211914,0.0,0.0,0.0007452521240338683,1.0,1.0,0.0,1.1621863842010498,,,,,,,,,,,,,,,,
1783990029.699,65819000,91,2,255,0,,,,,,,,,,,,,,,,,0.3499999940395355,-1.149999976158142,3.5485715866088867,2.715714454650879,3.5485715866088867,2.715714454650879,0.0,0.0,0.18772181868553162,0.4376450181007385,0.06077709048986435,1.0,0.0031383007299154997,-0.0031383007299154997,-0.0031383007299154997,0.0031383007299154997
1783990029.733,65841000,92,1,0,0,10.0,25.000751495361328,10.0,25.000751495361328,9.506915092468262,25.27352523803711,-0.27277469635009766,34.75923156738281,43.909332275390625,0.0,0.0,0.0007520841318182647,1.0,1.0,0.0,-1.0243724584579468,,,,,,,,,,,,,,,,
1783990029.753,65856000,93,1,1,0,10.0,24.999238967895508,10.0,24.999238967895508,8.865521430969238,25.30739974975586,-0.3081604838371277,38.22960662841797,47.66634750366211,0.0,0.0,-0.0007618639501743019,1.0,1.0,0.0,1.0781785249710083,,,,,,,,,,,,,,,,
1783990029.771,65874000,94,1,2,0,10.0,24.99921417236328,10.0,24.99921417236328,8.87298583984375,25.241371154785156,-0.24215877056121826,39.54086685180664,46.82994079589844,0.0,0.0,-0.0007849508547224104,1.0,1.0,0.0,-1.1206313371658325,,,,,,,,,,,,,,,,
1783990029.795,65894000,95,1,3,0,10.0,25.00080108642578,10.0,25.00080108642578,8.893839836120605,25.303146362304688,-0.30234456062316895,40.89698791503906,50.18185043334961,0.0,0.0,0.0008015140774659812,1.0,1.0,0.0,1.161478042602539,,,,,,,,,,,,,,,,
1783990029.821,65918000,96,2,255,0,,,,,,,,,,,,,,,,,0.3499999940395355,-1.149999976158142,3.5485715866088867,2.715714454650879,3.5485715866088867,2.715714454650879,0.0,0.0,0.19047242403030396,0.44876405596733093,0.06181185320019722,1.0,0.003596649505198002,-0.003596649505198002,-0.003596649505198002,0.003596649505198002
1783990029.823,65944000,97,1,0,0,10.0,25.0008544921875,10.0,25.0008544921875,9.510993957519531,25.266647338867188,-0.26579201221466064,35.1895751953125,43.90976333618164,0.0,0.0,0.0008546705939806998,1.0,1.0,0.0,-1.038618564605713,,,,,,,,,,,,,,,,
1783990029.856,65965000,98,1,1,0,10.0,24.99909782409668,10.0,24.99909782409668,8.866864204406738,25.306886672973633,-0.3077894449234009,38.084808349609375,47.66575241088867,0.0,0.0,-0.000902702915482223,1.0,1.0,0.0,1.0741944313049316,,,,,,,,,,,,,,,,
1783990029.873,65979000,99,1,2,0,10.0,24.999074935913086,10.0,24.999074935913086,8.873412132263184,25.23932456970215,-0.24024993181228638,39.66762924194336,46.82935333251953,0.0,0.0,-0.0009241761290468276,1.0,1.0,0.0,-1.1248669624328613,,,,,,,,,,,,,,,,
1783990029.892,65995000,100,1,3,0,10.0,25.000930786132812,10.0,25.000930786132812,8.89331340789795,25.305265426635742,-0.304335355758667,40.960693359375,50.182395935058594,0.0,0.0,0.0009313898044638336,1.0,1.0,0.0,1.1636227369308472,,,,,,,,,,,,,,,,
1783990029.915,66015000,101,2,255,0,,,,,,,,,,,,,,,,,0.3499999940395355,-1.149999976158142,3.5485715866088867,2.715714454650879,3.5485715866088867,2.715714454650879,0.0,0.0,0.18999120593070984,0.4585593342781067,0.06274279206991196,1.0,0.0040129018016159534,-0.0040129018016159534,-0.0040129018016159534,0.0040129018016159534
1783990029.942,66038000,102,1,0,0,10.0,25.000953674316406,10.0,25.000953674316406,9.508660316467285,25.271364212036133,-0.2704113721847534,35.67829895019531,43.910179138183594,0.0,0.0,0.0009535842691548169,1.0,1.0,0.0,-1.0546176433563232,,,,,,,,,,,,,,,,
1783990029.944,66065000,103,1,1,0,10.0,24.999059677124023,10.0,24.999059677124023,8.86789608001709,25.306087493896484,-0.30702799558639526,38.25750732421875,47.66559600830078,0.0,0.0,-0.0009404512820765376,1.0,1.0,0.0,1.0798993110656738,,,,,,,,,,,,,,,,
1783990029.975,66085000,104,1,2,0,10.0,24.999053955078125,10.0,24.999053955078125,8.870889663696289,25.240591049194336,-0.24153739213943481,39.285552978515625,46.829261779785156,0.0,0.0,-0.0009463840979151428,1.0,1.0,0.0,-1.112688422203064,,,,,,,,,,,,,,,,
1783990029.991,66098000,105,1,3,0,10.0,25.000947952270508,10.0,25.000947952270508,8.893475532531738,25.306156158447266,-0.30520856380462646,41.03828811645508,50.18246841430664,0.0,0.0,0.0009477944113314152,1.0,1.0,0.0,1.1661025285720825,,,,,,,,,,,,,,,,
1783990029.991,66113000,106,2,255,0,,,,,,,,,,,,,,,,,0.3499999940395355,-1.149999976158142,3.5485715866088867,2.715714454650879,3.5485715866088867,2.715714454650879,0.0,0.0,0.1904531717300415,0.45733973383903503,0.06262589991092682,1.0,0.003960426431149244,-0.003960426431149244,-0.003960426431149244,0.003960426431149244
1783990030.031,66131000,107,1,0,0,10.0,25.000940322875977,10.0,25.000940322875977,9.509257316589355,25.27027702331543,-0.2693384885787964,35.70459747314453,43.910125732421875,0.0,0.0,0.0009411147329956293,1.0,1.0,0.0,-1.0552738904953003,,,,,,,,,,,,,,,,
1783990030.055,66153000,108,1,1,0,10.0,24.999080657958984,10.0,24.999080657958984,8.865433692932129,25.307374954223633,-0.3082945942878723,38.185218811035156,47.66568374633789,0.0,0.0,-0.000919533718843013,1.0,1.0,0.0,1.076856255531311,,,,,,,,,,,,,,,,
1783990030.082,66178000,109,1,2,0,10.0,24.999094009399414,10.0,24.999094009399414,8.872385025024414,25.2401180267334,-0.24102330207824707,39.38517761230469,46.82943344116211,0.0,0.0,-0.0009054940310306847,1.0,1.0,0.0,-1.1155900955200195,,,,,,,,,,,,,,,,
1783990030.084,66205000,110,1,3,0,10.0,25.000885009765625,10.0,25.000885009765625,8.89178466796875,25.308212280273438,-0.3073275089263916,40.99924087524414,50.18220520019531,0.0,0.0,0.0008852168684825301,1.0,1.0,0.0,1.1645491123199463,,,,,,,,,,,,,,,,
1783990030.119,66227000,111,2,255,0,,,,,,,,,,,,,,,,,0.3499999940395355,-1.149999976158142,3.5485715866088867,2.715714454650879,3.5485715866088867,2.715714454650879,0.0,0.0,0.1879095882177353,0.45228320360183716,0.06214423105120659,1.0,0.0037448343355208635,-0.0037448343355208635,-0.0037448343355208635,0.0037448343355208635
1783990030.138,66242000,112,1,0,0,10.0,25.000890731811523,10.0,25.000890731811523,9.508219718933105,25.273380279541016,-0.2724885940551758,35.539031982421875,43.909912109375,0.0,0.0,0.0008898835512809455,1.0,1.0,0.0,-1.0501967668533325,,,,,,,,,,,,,,,,
1783990030.158,66260000,113,1,1,0,10.0,24.999094009399414,10.0,24.999094009399414,8.866643905639648,25.30609893798828,-0.3070056438446045,38.31005859375,47.66573715209961,0.0,0.0,-0.0009062206372618675,1.0,1.0,0.0,1.0808935165405273,,,,,,,,,,,,,,,,
1783990030.182,66281000,114,1,2,0,10.0,24.99909019470215,10.0,24.99909019470215,8.874985694885254,25.238815307617188,-0.23972541093826294,39.55160140991211,46.82941818237305,0.0,0.0,-0.0009096469730138779,1.0,1.0,0.0,-1.1210768222808838,,,,,,,,,,,,,,,,
1783990030.209,66305000,115,1,3,0,10.0,25.000885009765625,10.0,25.000885009765625,8.895525932312012,25.30350112915039,-0.302615761756897,40.877166748046875,50.18220138549805,0.0,0.0,0.0008843370014801621,1.0,1.0,0.0,1.1611815690994263,,,,,,,,,,,,,,,,
1783990030.211,66332000,116,2,255,0,,,,,,,,,,,,,,,,,0.3499999940395355,-1.149999976158142,3.5485715866088867,2.715714454650879,3.5485715866088867,2.715714454650879,0.0,0.0,0.1909799575805664,0.44711604714393616,0.06165701150894165,1.0,0.0035277754068374634,-0.0035277754068374634,-0.0035277754068374634,0.0035277754068374634
1783990030.246,66354000,117,1,0,0,10.0,25.000770568847656,10.0,25.000770568847656,9.508561134338379,25.270553588867188,-0.2697855234146118,35.68326950073242,43.90940475463867,0.0,0.0,0.0007699261186644435,1.0,1.0,0.0,-1.0547901391983032,,,,,,,,,,,,,,,,
1783990030.265,66369000,118,1,1,0,10.0,24.999252319335938,10.0,24.999252319335938,8.866111755371094,25.307146072387695,-0.3078937530517578,38.27437973022461,47.66640090942383,0.0,0.0,-0.0007484069210477173,1.0,1.0,0.0,1.080065131187439,,,,,,,,,,,,,,,,
1783990030.284,66387000,119,1,2,0,10.0,24.999263763427734,10.0,24.999263763427734,8.872845649719238,25.241416931152344,-0.24215281009674072,39.57961654663086,46.83014678955078,0.0,0.0,-0.0007360033923760056,1.0,1.0,0.0,-1.12213134765625,,,,,,,,,,,,,,,,
1783990030.307,66407000,120,1,3,0,10.0,25.00072479248047,10.0,25.00072479248047,8.893242835998535,25.304302215576172,-0.30357837677001953,40.91027069091797,50.1815299987793,0.0,0.0,0.0007254246738739312,1.0,1.0,0.0,1.1619349718093872,,,,,,,,,,,,,,,,
1783990030.334,66430000,121,2,255,0,,,,,,,,,,,,,,,,,0.3499999940395355,-1.149999976158142,3.5485715866088867,2.715714454650879,3.5485715866088867,2.715714454650879,0.0,0.0,0.18812938034534454,0.4328262209892273,0.06033593416213989,1.0,0.0029442275408655405,-0.0029442275408655405,-0.0029442275408655405,0.0029442275408655405
1783990030.337,66457000,122,1,0,0,10.0,25.000699996948242,10.0,25.000699996948242,9.508898735046387,25.27088165283203,-0.27018189430236816,35.49977111816406,43.90911102294922,0.0,0.0,0.0006996357114985585,1.0,1.0,0.0,-1.0489681959152222,,,,,,,,,,,,,,,,
1783990030.368,66478000,123,1,1,0,10.0,24.99932098388672,10.0,24.99932098388672,8.865419387817383,25.30738639831543,-0.30806660652160645,38.19334411621094,47.66669845581055,0.0,0.0,-0.0006783307762816548,1.0,1.0,0.0,1.07722008228302,,,,,,,,,,,,,,,,
1783990030.385,66491000,124,1,2,0,10.0,24.999326705932617,10.0,24.999326705932617,8.871124267578125,25.240135192871094,-0.24080872535705566,39.61947250366211,46.830406188964844,0.0,0.0,-0.0006741509423591197,1.0,1.0,0.0,-1.1225084066390991,,,,,,,,,,,,,,,,
1783990030.404,66507000,125,1,3,0,10.0,25.00067901611328,10.0,25.00067901611328,8.89155101776123,25.30635643005371,-0.3056764602661133,40.99882507324219,50.18133544921875,0.0,0.0,0.0006786895100958645,1.0,1.0,0.0,1.1651488542556763,,,,,,,,,,,,,,,,
1783990030.427,66526000,126,2,255,0,,,,,,,,,,,,,,,,,0.3499999940395355,-1.149999976158142,3.5485715866088867,2.715714454650879,3.5485715866088867,2.715714454650879,0.0,0.0,0.19457702338695526,0.43052244186401367,0.06012658774852753,1.0,0.00285240332596004,-0.00285240332596004,-0.00285240332596004,0.00285240332596004
1783990030.453,66549000,127,1,0,0,10.0,25.00067710876465,10.0,25.00067710876465,9.509509086608887,25.26966667175293,-0.26898980140686035,35.690975189208984,43.909019470214844,0.0,0.0,0.0006778156384825706,1.0,1.0,0.0,-1.0549017190933228,,,,,,,,,,,,,,,,
1783990030.454,66576000,128,1,1,0,10.0,24.999324798583984,10.0,24.999324798583984,8.866703033447266,25.306982040405273,-0.30765682458877563,38.45159149169922,47.666709899902344,0.0,0.0,-0.0006750193424522877,1.0,1.0,0.0,1.0861425399780273,,,,,,,,,,,,,,,,
1783990030.487,66596000,129,1,2,0,10.0,24.999338150024414,10.0,24.999338150024414,8.870667457580566,25.23980712890625,-0.24047046899795532,39.508846282958984,46.83045959472656,0.0,0.0,-0.0006620888016186655,1.0,1.0,0.0,-1.118782877922058,,,,,,,,,,,,,,,,
1783990030.505,66610000,130,1,3,0,10.0,25.00064468383789,10.0,25.00064468383789,8.891541481018066,25.306364059448242,-0.3057211637496948,40.940372467041016,50.181190490722656,0.0,0.0,0.0006442099111154675,1.0,1.0,0.0,1.1631805896759033,,,,,,,,,,,,,,,,
1783990030.523,66626000,131,2,255,0,,,,,,,,,,,,,,,,,0.3499999940395355,-1.149999976158142,3.5485715866088867,2.715714454650879,3.5485715866088867,2.715714454650879,0.0,0.0,0.19361335039138794,0.42346781492233276,0.059491828083992004,1.0,0.0025750279892235994,-0.0025750279892235994,-0.0025750279892235994,0.0025750279892235994
1783990030.547,66646000,132,1,0,0,10.0,25.000612258911133,10.0,25.000612258911133,9.507956504821777,25.271623611450195,-0.27101337909698486,35.53160095214844,43.90874099731445,0.0,0.0,0.0006119029130786657,1.0,1.0,0.0,-1.0498919486999512,,,,,,,,,,,,,,,,
1783990030.574,66669000,133,1,1,0,10.0,24.999401092529297,10.0,24.999401092529297,8.865317344665527,25.307464599609375,-0.3080636262893677,38.248191833496094,47.66703414916992,0.0,0.0,-0.0005984565941616893,1.0,1.0,0.0,1.0791687965393066,,,,,,,,,,,,,,,,
1783990030.575,66697000,134,1,2,0,10.0,24.999391555786133,10.0,24.999391555786133,8.870871543884277,25.240602493286133,-0.24121254682540894,39.54772186279297,46.83068084716797,0.0,0.0,-0.0006092227413319051,1.0,1.0,0.0,-1.1205308437347412,,,,,,,,,,,,,,,,
1783990030.597,66719000,135,1,3,0,10.0,25.000661849975586,10.0,25.000661849975586,8.893033981323242,25.308244705200195,-0.3075838088989258,40.76044464111328,50.18125915527344,0.0,0.0,0.0006611673743464053,1.0,1.0,0.0,1.157249093055725,,,,,,,,,,,,,,,,
1783990030.630,66734000,136,2,255,0,,,,,,,,,,,,,,,,,0.3499999940395355,-1.149999976158142,3.5485715866088867,2.715714454650879,3.5485715866088867,2.715714454650879,0.0,0.0,0.19226112961769104,0.4354318678379059,0.06057392805814743,1.0,0.0030488292686641216,-0.0030488292686641216,-0.0030488292686641216,0.0030488292686641216
1783990030.650,66752000,137,1,0,0,10.0,25.00072479248047,10.0,25.00072479248047,9.511307716369629,25.27231216430664,-0.2715885639190674,35.740848541259766,43.90921401977539,0.0,0.0,0.0007244921871460974,1.0,1.0,0.0,-1.056835412979126,,,,,,,,,,,,,,,,
1783990030.674,66773000,138,1,1,0,10.0,24.999265670776367,10.0,24.999265670776367,8.866223335266113,25.30706214904785,-0.3077968955039978,38.0507698059082,47.66646194458008,0.0,0.0,-0.0007346305646933615,1.0,1.0,0.0,1.0726507902145386,,,,,,,,,,,,,,,,
1783990030.701,66797000,139,1,2,0,10.0,24.9992733001709,10.0,24.9992733001709,8.874234199523926,25.23894691467285,-0.23967325687408447,39.487266540527344,46.83018493652344,0.0,0.0,-0.00072693225229159,1.0,1.0,0.0,-1.1191062927246094,,,,,,,,,,,,,,,,
1783990030.703,66823000,140,1,3,0,10.0,25.000734329223633,10.0,25.000734329223633,8.895852088928223,25.305322647094727,-0.3045886754989624,40.8314323425293,50.18156814575195,0.0,0.0,0.0007340946467593312,1.0,1.0,0.0,1.159422755241394,,,,,,,,,,,,,,,,
1783990030.738,66846000,141,2,255,0,,,,,,,,,,,,,,,,,0.3499999940395355,-1.149999976158142,3.5485715866088867,2.715714454650879,3.5485715866088867,2.715714454650879,0.0,0.0,0.18366330862045288,0.4284757971763611,0.059941455721855164,1.0,0.0027713445015251637,-0.0027713445015251637,-0.0027713445015251637,0.0027713445015251637
1783990030.757,66861000,142,1,0,0,10.0,25.00065803527832,10.0,25.00065803527832,9.509034156799316,25.273120880126953,-0.27246177196502686,35.4832649230957,43.908935546875,0.0,0.0,0.0006585535011254251,1.0,1.0,0.0,-1.048490047454834,,,,,,,,,,,,,,,,
1783990030.777,66879000,143,1,1,0,10.0,24.999361038208008,10.0,24.999361038208008,8.866414070129395,25.306657791137695,-0.3072962164878845,38.251365661621094,47.666866302490234,0.0,0.0,-0.000638178491499275,1.0,1.0,0.0,1.079136848449707,,,,,,,,,,,,,,,,
1783990030.802,66900000,144,1,2,0,10.0,24.9993839263916,10.0,24.9993839263916,8.870786666870117,25.239669799804688,-0.240287184715271,39.318843841552734,46.830650329589844,0.0,0.0,-0.0006167614483274519,1.0,1.0,0.0,-1.1133958101272583,,,,,,,,,,,,,,,,
1783990030.828,66924000,145,1,3,0,10.0,25.00061798095703,10.0,25.00061798095703,8.893413543701172,25.309913635253906,-0.30929744243621826,40.777381896972656,50.18107986450195,0.0,0.0,0.000618068384937942,1.0,1.0,0.0,1.1576635837554932,,,,,,,,,,,,,,,,
1783990030.830,66951000,146,2,255,0,,,,,,,,,,,,,,,,,0.3499999940395355,-1.149999976158142,3.5485715866088867,2.715714454650879,3.5485715866088867,2.715714454650879,0.0,0.0,0.17594698071479797,0.4273028075695038,0.059835709631443024,1.0,0.002725104568526149,-0.002725104568526149,-0.002725104568526149,0.002725104568526149
1783990030.864,66973000,147,1,0,0,10.0,25.00062370300293,10.0,25.00062370300293,9.512048721313477,25.26828384399414,-0.26766061782836914,35.86559295654297,43.90879440307617,0.0,0.0,0.0006242660456337035,1.0,1.0,0.0,-1.0608044862747192,,,,,,,,,,,,,,,,
1783990030.881,66987000,148,1,1,0,10.0,24.99938201904297,10.0,24.99938201904297,8.868207931518555,25.305509567260742,-0.30612796545028687,38.265716552734375,47.66695022583008,0.0,0.0,-0.0006181053468026221,1.0,1.0,0.0,1.0797830820083618,,,,,,,,,,,,,,,,
1783990030.901,67003000,149,1,2,0,10.0,24.999387741088867,10.0,24.999387741088867,8.87527084350586,25.2381534576416,-0.23876577615737915,39.395870208740234,46.830665588378906,0.0,0.0,-0.0006126250373199582,1.0,1.0,0.0,-1.1168280839920044,,,,,,,,,,,,,,,,
1783990030.924,67023000,150,1,3,0,10.0,25.000585556030273,10.0,25.000585556030273,8.894370079040527,25.304424285888672,-0.30384063720703125,41.1640739440918,50.180938720703125,0.0,0.0,0.0005848815198987722,1.0,1.0,0.0,1.1702736616134644,,,,,,,,,,,,,,,,
1783990030.951,67047000,151,2,255,0,,,,,,,,,,,,,,,,,0.3499999940395355,-1.149999976158142,3.5485715866088867,2.715714454650879,3.5485715866088867,2.715714454650879,0.0,0.0,0.1802956610918045,0.41514527797698975,0.05875522643327713,1.0,0.002255053957924247,-0.002255053957924247,-0.002255053957924247,0.002255053957924247
1783990030.952,67074000,152,1,0,0,10.0,25.00053596496582,10.0,25.00053596496582,9.507160186767578,25.271886825561523,-0.2713501453399658,35.51811981201172,43.90842056274414,0.0,0.0,0.0005358676426112652,1.0,1.0,0.0,-1.049293041229248,,,,,,,,,,,,,,,,
1783990030.987,67095000,153,1,1,0,10.0,24.9995059967041,10.0,24.9995059967041,8.8642578125,25.308307647705078,-0.3088027238845825,38.22404479980469,47.6674690246582,0.0,0.0,-0.0004948335117660463,1.0,1.0,0.0,1.0782092809677124,,,,,,,,,,,,,,,,
1783990031.006,67110000,154,1,2,0,10.0,24.999473571777344,10.0,24.999473571777344,8.870551109313965,25.24123764038086,-0.24176537990570068,39.51277160644531,46.83102798461914,0.0,0.0,-0.0005264360806904733,1.0,1.0,0.0,-1.1198539733886719,,,,,,,,,,,,,,,,
1783990031.025,67127000,155,1,3,0,10.0,25.00056266784668,10.0,25.00056266784668,8.891158103942871,25.30602264404297,-0.3054589033126831,40.75937271118164,50.18084716796875,0.0,0.0,0.0005628785584121943,1.0,1.0,0.0,1.15671706199646,,,,,,,,,,,,,,,,
1783990031.050,67148000,156,2,255,0,,,,,,,,,,,,,,,,,0.3499999940395355,-1.149999976158142,3.5485715866088867,2.715714454650879,3.5485715866088867,2.715714454650879,0.0,0.0,0.17562341690063477,0.42415598034858704,0.059553325176239014,1.0,0.0026018344797194004,-0.0026018344797194004,-0.0026018344797194004,0.0026018344797194004
1783990031.077,67173000,157,1,0,0,10.0,25.00061798095703,10.0,25.00061798095703,9.50975513458252,25.270526885986328,-0.26991069316864014,35.72256088256836,43.90876770019531,0.0,0.0,0.0006182729848660529,1.0,1.0,0.0,-1.0559237003326416,,,,,,,,,,,,,,,,
1783990031.079,67200000,158,1,1,0,10.0,24.999361038208008,10.0,24.999361038208008,8.867499351501465,25.305763244628906,-0.30640214681625366,38.3400993347168,47.66686248779297,0.0,0.0,-0.0006394881056621671,1.0,1.0,0.0,1.0824346542358398,,,,,,,,,,,,,,,,
1783990031.111,67221000,159,1,2,0,10.0,24.99940299987793,10.0,24.99940299987793,8.871458053588867,25.23716163635254,-0.23775845766067505,39.666351318359375,46.83073043823242,0.0,0.0,-0.0005971108330413699,1.0,1.0,0.0,-1.124241590499878,,,,,,,,,,,,,,,,
1783990031.129,67234000,160,1,3,0,10.0,25.000585556030273,10.0,25.000585556030273,8.895825386047363,25.30670166015625,-0.30611753463745117,40.56095886230469,50.180938720703125,0.0,0.0,0.0005851340247318149,1.0,1.0,0.0,1.1506855487823486,,,,,,,,,,,,,,,,
1783990031.147,67251000,161,2,255,0,,,,,,,,,,,,,,,,,0.3499999940395355,-1.149999976158142,3.5485715866088867,2.715714454650879,3.5485715866088867,2.715714454650879,0.0,0.0,0.1851908564567566,0.4167182147502899,0.05889342352747917,1.0,0.0023149342741817236,-0.0023149342741817236,-0.0023149342741817236,0.0023149342741817236
1783990031.171,67270000,162,1,0,0,10.0,25.00054931640625,10.0,25.00054931640625,9.511167526245117,25.268566131591797,-0.2680182456970215,35.685081481933594,43.90848159790039,0.0,0.0,0.0005500970291905105,1.0,1.0,0.0,-1.0554205179214478,,,,,,,,,,,,,,,,
1783990031.196,67293000,163,1,1,0,10.0,24.99947738647461,10.0,24.99947738647461,8.866860389709473,25.306928634643555,-0.30745118856430054,38.40841293334961,47.667354583740234,0.0,0.0,-0.0005217842408455908,1.0,1.0,0.0,1.0845531225204468,,,,,,,,,,,,,,,,
1783990031.197,67319000,164,1,2,0,10.0,24.999500274658203,10.0,24.999500274658203,8.87156867980957,25.2380313873291,-0.23853182792663574,39.63261413574219,46.831146240234375,0.0,0.0,-0.0004989503649994731,1.0,1.0,0.0,-1.1234996318817139,,,,,,,,,,,,,,,,
1783990031.225,67346000,165,1,3,0,10.0,25.000490188598633,10.0,25.000490188598633,8.893074035644531,25.308143615722656,-0.30765533447265625,40.62721633911133,50.1805419921875,0.0,0.0,0.0004904561210423708,1.0,1.0,0.0,1.152762532234192,,,,,,,,,,,,,,,,
1783990031.260,67368000,166,2,255,0,,,,,,,,,,,,,,,,,0.3499999940395355,-1.149999976158142,3.5485715866088867,2.715714454650879,3.5485715866088867,2.715714454650879,0.0,0.0,0.1737210750579834,0.4201355278491974,0.05919530242681503,1.0,0.0024459792766720057,-0.0024459792766720057,-0.0024459792766720057,0.0024459792766720057
1783990031.278,67383000,167,1,0,0,10.0,25.000581741333008,10.0,25.000581741333008,9.509488105773926,25.272083282470703,-0.27150213718414307,35.72336959838867,43.90861129760742,0.0,0.0,0.000581237196456641,1.0,1.0,0.0,-1.0563993453979492,,,,,,,,,,,,,,,,
1783990031.298,67400000,168,1,1,0,10.0,24.999401092529297,10.0,24.999401092529297,8.863962173461914,25.307899475097656,-0.308498740196228,38.21573257446289,47.667030334472656,0.0,0.0,-0.0005994649836793542,1.0,1.0,0.0,1.0779744386672974,,,,,,,,,,,,,,,,
1783990031.322,67421000,169,1,2,0,10.0,24.9993896484375,10.0,24.9993896484375,8.872066497802734,25.238279342651367,-0.23888945579528809,39.544960021972656,46.83067321777344,0.0,0.0,-0.0006112026167102158,1.0,1.0,0.0,-1.12107515335083,,,,,,,,,,,,,,,,
1783990031.349,67445000,170,1,3,0,10.0,25.0006103515625,10.0,25.0006103515625,8.895686149597168,25.30916976928711,-0.3085583448410034,40.86222457885742,50.18104553222656,0.0,0.0,0.0006098611047491431,1.0,1.0,0.0,1.160396695137024,,,,,,,,,,,,,,,,
1783990031.351,67472000,171,2,255,0,,,,,,,,,,,,,,,,,0.3499999940395355,-1.149999976158142,3.5485715866088867,2.715714454650879,3.5485715866088867,2.715714454650879,0.0,0.0,0.1780775636434555,0.41865137219429016,0.05906391888856888,1.0,0.0023889055009931326,-0.0023889055009931326,-0.0023889055009931326,0.0023889055009931326
1783990031.383,67492000,172,1,0,0,10.0,25.00052261352539,10.0,25.00052261352539,9.510266304016113,25.270753860473633,-0.27023255825042725,35.65775680541992,43.90836715698242,0.0,0.0,0.0005226119537837803,1.0,1.0,0.0,-1.054019808769226,,,,,,,,,,,,,,,,
1783990031.400,67506000,173,1,1,0,10.0,24.999502182006836,10.0,24.999502182006836,8.865697860717773,25.30695152282715,-0.30744969844818115,38.37003707885742,47.667457580566406,0.0,0.0,-0.0004972559399902821,1.0,1.0,0.0,1.082702875137329,,,,,,,,,,,,,,,,
1783990031.419,67522000,174,1,2,0,10.0,24.999530792236328,10.0,24.999530792236328,8.873584747314453,25.237751007080078,-0.23822039365768433,39.56001281738281,46.831268310546875,0.0,0.0,-0.00046950342948548496,1.0,1.0,0.0,-1.1215583086013794,,,,,,,,,,,,,,,,
1783990031.443,67541000,175,1,3,0,10.0,25.000442504882812,10.0,25.000442504882812,8.893940925598145,25.306467056274414,-0.3060251474380493,40.84956359863281,50.18033981323242,0.0,0.0,0.0004424347134772688,1.0,1.0,0.0,1.1599853038787842,,,,,,,,,,,,,,,,
1783990031.469,67565000,176,2,255,0,,,,,,,,,,,,,,,,,0.3499999940395355,-1.149999976158142,3.5485715866088867,2.715714454650879,3.5485715866088867,2.715714454650879,0.0,0.0,0.16434983909130096,0.4016231894493103,0.05758683755993843,1.0,0.0017514412757009268,-0.0017514412757009268,-0.0017514412757009268,0.0017514412757009268
1783990031.470,67591000,177,1,0,0,10.0,25.000415802001953,10.0,25.000415802001953,9.506909370422363,25.271114349365234,-0.27070045471191406,35.604610443115234,43.90791702270508,0.0,0.0,0.00041619432158768177,1.0,1.0,0.0,-1.0519137382507324,,,,,,,,,,,,,,,,
1783990031.501,67611000,178,1,1,0,10.0,24.999589920043945,10.0,24.999589920043945,8.86548137664795,25.307369232177734,-0.30778050422668457,38.20146942138672,47.667823791503906,0.0,0.0,-0.00041033554589375854,1.0,1.0,0.0,1.0774439573287964,,,,,,,,,,,,,,,,
1783990031.518,67624000,179,1,2,0,10.0,24.999557495117188,10.0,24.999557495117188,8.868566513061523,25.242782592773438,-0.24322420358657837,39.36691665649414,46.831382751464844,0.0,0.0,-0.0004422873316798359,1.0,1.0,0.0,-1.114769458770752,,,,,,,,,,,,,,,,
1783990031.536,67640000,180,1,3,0,10.0,25.000473022460938,10.0,25.000473022460938,8.8920316696167,25.30288314819336,-0.3024101257324219,40.973609924316406,50.18047332763672,0.0,0.0,0.00047386891674250364,1.0,1.0,0.0,1.1638761758804321,,,,,,,,,,,,,,,,
1783990031.558,67659000,181,2,255,0,,,,,,,,,,,,,,,,,0.3499999940395355,-1.149999976158142,3.5485715866088867,2.715714454650879,3.5485715866088867,2.715714454650879,0.0,0.0,0.17388662695884705,0.4153466820716858,0.05877289921045303,1.0,0.002262706169858575,-0.002262706169858575,-0.002262706169858575,0.002262706169858575
1783990031.581,67680000,182,1,0,0,10.0,25.000537872314453,10.0,25.000537872314453,9.508811950683594,25.2685489654541,-0.26801228523254395,35.78458786010742,43.90842819213867,0.0,0.0,0.000537685991730541,1.0,1.0,0.0,-1.0579001903533936,,,,,,,,,,,,,,,,
1783990031.608,67704000,183,1,1,0,10.0,24.999439239501953,10.0,24.999439239501953,8.867512702941895,25.305757522583008,-0.3063187003135681,38.287166595458984,47.66719055175781,0.0,0.0,-0.0005612384993582964,1.0,1.0,0.0,1.0802335739135742,,,,,,,,,,,,,,,,
1783990031.610,67731000,184,1,2,0,10.0,24.99942398071289,10.0,24.99942398071289,8.870516777038574,25.238872528076172,-0.23944824934005737,39.61600112915039,46.83081817626953,0.0,0.0,-0.0005762032233178616,1.0,1.0,0.0,-1.122778058052063,,,,,,,,,,,,,,,,
1783990031.645,67753000,185,1,3,0,10.0,25.000572204589844,10.0,25.000572204589844,8.89240837097168,25.310791015625,-0.31021833419799805,40.68162155151367,50.18088912963867,0.0,0.0,0.0005728395190089941,1.0,1.0,0.0,1.1547009944915771,,,,,,,,,,,,,,,,
1783990031.664,67768000,186,2,255,0,,,,,,,,,,,,,,,,,0.3499999940395355,-1.149999976158142,3.5485715866088867,2.715714454650879,3.5485715866088867,2.715714454650879,0.0,0.0,0.18593816459178925,0.42003822326660156,0.059186674654483795,1.0,0.0024422300048172474,-0.0024422300048172474,-0.0024422300048172474,0.0024422300048172474
1783990031.682,67786000,187,1,0,0,10.0,25.000579833984375,10.0,25.000579833984375,9.509183883666992,25.270307540893555,-0.2697288990020752,35.93601608276367,43.908607482910156,0.0,0.0,0.0005803462117910385,1.0,1.0,0.0,-1.062902569770813,,,,,,,,,,,,,,,,
1783990031.706,67805000,188,1,1,0,10.0,24.999420166015625,10.0,24.999420166015625,8.864550590515137,25.3077392578125,-0.30831843614578247,38.25069808959961,47.6671142578125,0.0,0.0,-0.0005795242032036185,1.0,1.0,0.0,1.0788099765777588,,,,,,,,,,,,,,,,
1783990031.731,67828000,189,1,2,0,10.0,24.999412536621094,10.0,24.999412536621094,8.873523712158203,25.237768173217773,-0.23835748434066772,39.53694152832031,46.83077621459961,0.0,0.0,-0.0005865878192707896,1.0,1.0,0.0,-1.120896339416504,,,,,,,,,,,,,,,,
1783990031.733,67854000,190,1,3,0,10.0,25.000598907470703,10.0,25.000598907470703,8.89378833770752,25.31171989440918,-0.3111213445663452,40.68824005126953,50.18100357055664,0.0,0.0,0.0005997373373247683,1.0,1.0,0.0,1.1550198793411255,,,,,,,,,,,,,,,,
1783990031.765,67875000,191,2,255,0,,,,,,,,,,,,,,,,,0.3499999940395355,-1.149999976158142,3.5485715866088867,2.715714454650879,3.5485715866088867,2.715714454650879,0.0,0.0,0.17028400301933289,0.4218294024467468,0.05934576690196991,1.0,0.002511420752853155,-0.002511420752853155,-0.002511420752853155,0.002511420752853155
1783990031.782,67888000,192,1,0,0,10.0,25.00059700012207,10.0,25.00059700012207,9.5119047164917,25.269716262817383,-0.2691209316253662,35.715511322021484,43.90867614746094,0.0,0.0,0.0005967880133539438,1.0,1.0,0.0,-1.0559169054031372,,,,,,,,,,,,,,,,
1783990031.800,67904000,193,1,1,0,10.0,24.99942398071289,10.0,24.99942398071289,8.866055488586426,25.307252883911133,-0.30782967805862427,38.38133239746094,47.6671257019043,0.0,0.0,-0.0005763977533206344,1.0,1.0,0.0,1.0835771560668945,,,,,,,,,,,,,,,,
1783990031.824,67923000,194,1,2,0,10.0,24.999454498291016,10.0,24.999454498291016,8.873945236206055,25.23719024658203,-0.23773610591888428,39.28663635253906,46.83094787597656,0.0,0.0,-0.0005454308120533824,1.0,1.0,0.0,-1.1126227378845215,,,,,,,,,,,,,,,,
1783990031.850,67946000,195,1,3,0,10.0,25.000520706176758,10.0,25.000520706176758,8.89441204071045,25.306766510009766,-0.30624568462371826,40.62128448486328,50.18067169189453,0.0,0.0,0.000521077134180814,1.0,1.0,0.0,1.15262770652771,,,,,,,,,,,,,,,,
1783990031.851,67973000,196,2,255,0,,,,,,,,,,,,,,,,,0.3499999940395355,-1.149999976158142,3.5485715866088867,2.715714454650879,3.5485715866088867,2.715714454650879,0.0,0.0,0.16753292083740234,0.412028431892395,0.05848278850317001,1.0,0.0021372055634856224,-0.0021372055634856224,-0.0021372055634856224,0.0021372055634856224
1783990031.886,67994000,197,1,0,0,10.0,25.000507354736328,10.0,25.000507354736328,9.505777359008789,25.27102279663086,-0.27051568031311035,35.58882141113281,43.908302307128906,0.0,0.0,0.0005073709180578589,1.0,1.0,0.0,-1.051262378692627,,,,,,,,,,,,,,,,
1783990031.905,68009000,198,1,1,0,10.0,24.999488830566406,10.0,24.999488830566406,8.864874839782715,25.30757713317871,-0.3080889582633972,38.157875061035156,47.667396545410156,0.0,0.0,-0.000512081605847925,1.0,1.0,0.0,1.0756810903549194,,,,,,,,,,,,,,,,
1783990031.925,68027000,199,1,2,0,10.0,24.999465942382812,10.0,24.999465942382812,8.86935043334961,25.239797592163086,-0.24033337831497192,39.40290832519531,46.83099365234375,0.0,0.0,-0.0005349755520001054,1.0,1.0,0.0,-1.1159414052963257,,,,,,,,,,,,,,,,
1783990031.950,68048000,200,1,3,0,10.0,25.00056266784668,10.0,25.00056266784668,8.895151138305664,25.30556869506836,-0.30500590801239014,40.82756423950195,50.18084716796875,0.0,0.0,0.0005625456105917692,1.0,1.0,0.0,1.15919828414917,,,,,,,,,,,,,,,,
1783990031.977,68072000,201,2,255,0,,,,,,,,,,,,,,,,,0.3499999940395355,-1.149999976158142,3.5485715866088867,2.715714454650879,3.5485715866088867,2.715714454650879,0.0,0.0,0.17265430092811584,0.417986661195755,0.059005215764045715,1.0,0.002363423816859722,-0.002363423816859722,-0.002363423816859722,0.002363423816859722
1783990031.979,68100000,202,1,0,0,10.0,25.000560760498047,10.0,25.000560760498047,9.509613990783691,25.27195167541504,-0.2713918685913086,35.595279693603516,43.908531188964844,0.0,0.0,0.000561619526706636,1.0,1.0,0.0,-1.0520833730697632,,,,,,,,,,,,,,,,
1783990032.014,68122000,203,1,1,0,10.0,24.999446868896484,10.0,24.999446868896484,8.865525245666504,25.30730628967285,-0.30786097049713135,38.118587493896484,47.6672248840332,0.0,0.0,-0.0005529231857508421,1.0,1.0,0.0,1.0745960474014282,,,,,,,,,,,,,,,,
1783990032.033,68137000,204,1,2,0,10.0,24.999460220336914,10.0,24.999460220336914,8.871908187866211,25.237380981445312,-0.23792237043380737,39.75484085083008,46.83097457885742,0.0,0.0,-0.0005390105070546269,1.0,1.0,0.0,-1.1272915601730347,,,,,,,,,,,,,,,,
1783990032.054,68155000,205,1,3,0,10.0,25.000547409057617,10.0,25.000547409057617,8.893491744995117,25.30989646911621,-0.3093510866165161,40.93260192871094,50.18077850341797,0.0,0.0,0.0005469194729812443,1.0,1.0,0.0,1.1629434823989868,,,,,,,,,,,,,,,,
1783990032.078,68177000,206,2,255,0,,,,,,,,,,,,,,,,,0.3499999940395355,-1.149999976158142,3.5485715866088867,2.715714454650879,3.5485715866088867,2.715714454650879,0.0,0.0,0.184506356716156,0.41599124670028687,0.05882949382066727,1.0,0.0022872250992804766,-0.0022872250992804766,-0.0022872250992804766,0.0022872250992804766
1783990032.105,68201000,207,1,0,0,10.0,25.00054359436035,10.0,25.00054359436035,9.509295463562012,25.268840789794922,-0.2682983875274658,35.783714294433594,43.90845489501953,0.0,0.0,0.0005435125203803182,1.0,1.0,0.0,-1.0576151609420776,,,,,,,,,,,,,,,,
1783990032.107,68228000,208,1,1,0,10.0,24.99946403503418,10.0,24.99946403503418,8.865106582641602,25.307971954345703,-0.30850768089294434,38.10908508300781,47.66729736328125,0.0,0.0,-0.000535526080057025,1.0,1.0,0.0,1.0745936632156372,,,,,,,,,,,,,,,,
1783990032.142,68250000,209,1,2,0,10.0,24.999500274658203,10.0,24.999500274658203,8.871366500854492,25.23857307434082,-0.2390742301940918,39.56173324584961,46.831146240234375,0.0,0.0,-0.0004989077569916844,1.0,1.0,0.0,-1.1210111379623413,,,,,,,,,,,,,,,,
1783990032.160,68265000,210,1,3,0,10.0,25.00048065185547,10.0,25.00048065185547,8.892523765563965,25.309329986572266,-0.30885040760040283,40.74882888793945,50.18050003051758,0.0,0.0,0.000480502872960642,1.0,1.0,0.0,1.1568166017532349,,,,,,,,,,,,,,,,
1783990032.178,68282000,211,2,255,0,,,,,,,,,,,,,,,,,0.3499999940395355,-1.149999976158142,3.5485715866088867,2.715714454650879,3.5485715866088867,2.715714454650879,0.0,0.0,0.1618049442768097,0.412742018699646,0.05854499712586403,1.0,0.0021640921477228403,-0.0021640921477228403,-0.0021640921477228403,0.0021640921477228403
1783990032.202,68301000,212,1,0,0,10.0,25.00051498413086,10.0,25.00051498413086,9.507652282714844,25.273635864257812,-0.2731204032897949,35.405181884765625,43.908329010009766,0.0,0.0,0.0005142524023540318,1.0,1.0,0.0,-1.045497179031372,,,,,,,,,,,,,,,,
1783990032.227,68323000,213,1,1,0,10.0,24.999475479125977,10.0,24.999475479125977,8.864930152893066,25.307125091552734,-0.3076493740081787,38.25196838378906,47.66734313964844,0.0,0.0,-0.0005250587710179389,1.0,1.0,0.0,1.0793272256851196,,,,,,,,,,,,,,,,
1783990032.229,68350000,214,1,2,0,10.0,24.999446868896484,10.0,24.999446868896484,8.874258041381836,25.237560272216797,-0.238114595413208,39.691261291503906,46.83091735839844,0.0,0.0,-0.0005531923961825669,1.0,1.0,0.0,-1.1256659030914307,,,,,,,,,,,,,,,,
1783990032.263,68371000,215,1,3,0,10.0,25.000587463378906,10.0,25.000587463378906,8.895251274108887,25.308795928955078,-0.3082096576690674,40.56706237792969,50.180946350097656,0.0,0.0,0.0005869159358553588,1.0,1.0,0.0,1.150696039199829,,,,,,,,,,,,,,,,
1783990032.280,68386000,216,2,255,0,,,,,,,,,,,,,,,,,0.3499999940395355,-1.149999976158142,3.5485715866088867,2.715714454650879,3.5485715866088867,2.715714454650879,0.0,0.0,0.18459591269493103,0.4229910671710968,0.059449270367622375,1.0,0.002556487452238798,-0.002556487452238798,-0.002556487452238798,0.002556487452238798
1783990032.299,68402000,217,1,0,0,10.0,25.000608444213867,10.0,25.000608444213867,9.512606620788574,25.270923614501953,-0.2703160047531128,35.65936279296875,43.908721923828125,0.0,0.0,0.0006074972916394472,1.0,1.0,0.0,-1.0541751384735107,,,,,,,,,,,,,,,,
1783990032.322,68422000,218,1,1,0,10.0,24.999387741088867,10.0,24.999387741088867,8.868332862854004,25.305509567260742,-0.3061220049858093,38.24543762207031,47.66697692871094,0.0,0.0,-0.0006123178754933178,1.0,1.0,0.0,1.0786256790161133,,,,,,,,,,,,,,,,
1783990032.349,68445000,219,1,2,0,10.0,24.999431610107422,10.0,24.999431610107422,8.873541831970215,25.235435485839844,-0.23600459098815918,39.55208969116211,46.830848693847656,0.0,0.0,-0.0005689997924491763,1.0,1.0,0.0,-1.1207904815673828,,,,,,,,,,,,,,,,
1783990032.351,68472000,220,1,3,0,10.0,25.00052833557129,10.0,25.00052833557129,8.895215034484863,25.308856964111328,-0.30832886695861816,40.738975524902344,50.18070602416992,0.0,0.0,0.0005291927373036742,1.0,1.0,0.0,1.156336784362793,,,,,,,,,,,,,,,,
1783990032.382,68492000,221,2,255,0,,,,,,,,,,,,,,,,,0.3499999940395355,-1.149999976158142,3.5485715866088867,2.715714454650879,3.5485715866088867,2.715714454650879,0.0,0.0,0.17207138240337372,0.4137313663959503,0.05863140895962715,1.0,0.0022014612331986427,-0.0022014612331986427,-0.0022014612331986427,0.0022014612331986427
1783990032.397,68504000,222,1,0,0,10.0,25.00052261352539,10.0,25.00052261352539,9.50881576538086,25.269916534423828,-0.269395112991333,35.67655944824219,43.90836715698242,0.0,0.0,0.0005231324466876686,1.0,1.0,0.0,-1.0542398691177368,,,,,,,,,,,,,,,,
1783990032.414,68519000,223,1,1,0,10.0,24.999475479125977,10.0,24.999475479125977,8.866089820861816,25.30718994140625,-0.30771493911743164,38.1569709777832,47.66734313964844,0.0,0.0,-0.0005249781534075737,1.0,1.0,0.0,1.0761690139770508,,,,,,,,,,,,,,,,
1783990032.435,68537000,224,1,2,0,10.0,24.999462127685547,10.0,24.999462127685547,8.872241973876953,25.236841201782227,-0.23737996816635132,39.55229949951172,46.83098220825195,0.0,0.0,-0.0005379825597628951,1.0,1.0,0.0,-1.120651364326477,,,,,,,,,,,,,,,,
1783990032.458,68557000,225,1,3,0,10.0,25.00055694580078,10.0,25.00055694580078,8.893661499023438,25.308460235595703,-0.3079026937484741,40.76325607299805,50.18082046508789,0.0,0.0,0.0005567976622842252,1.0,1.0,0.0,1.1571825742721558,,,,,,,,,,,,,,,,
1783990032.485,68581000,226,2,255,0,,,,,,,,,,,,,,,,,0.3499999940395355,-1.149999976158142,3.5485715866088867,2.715714454650879,3.5485715866088867,2.715714454650879,0.0,0.0,0.16665486991405487,0.41807878017425537,0.05901334434747696,1.0,0.0023669523652642965,-0.0023669523652642965,-0.0023669523652642965,0.0023669523652642965
1783990032.486,68607000,227,1,0,0,10.0,25.00056266784668,10.0,25.00056266784668,9.509288787841797,25.27022361755371,-0.2696603536605835,35.59895324707031,43.908531188964844,0.0,0.0,0.0005624580080620944,1.0,1.0,0.0,-1.0516465902328491,,,,,,,,,,,,,,,,
1783990032.522,68630000,228,1,1,0,10.0,24.999435424804688,10.0,24.999435424804688,8.8650541305542,25.307979583740234,-0.30854493379592896,38.172760009765625,47.66717529296875,0.0,0.0,-0.0005647254874929786,1.0,1.0,0.0,1.0766816139221191,,,,,,,,,,,,,,,,
1783990032.542,68645000,229,1,2,0,10.0,24.999454498291016,10.0,24.999454498291016,8.873507499694824,25.236827850341797,-0.2373725175857544,39.52633285522461,46.8309440612793,0.0,0.0,-0.0005462816916406155,1.0,1.0,0.0,-1.1206403970718384,,,,,,,,,,,,,,,,
1783990032.562,68663000,230,1,3,0,10.0,25.000526428222656,10.0,25.000526428222656,8.894646644592285,25.308631896972656,-0.3081083297729492,41.10786437988281,50.180694580078125,0.0,0.0,0.0005267152446322143,1.0,1.0,0.0,1.1683050394058228,,,,,,,,,,,,,,,,
1783990032.586,68685000,231,2,255,0,,,,,,,,,,,,,,,,,0.3499999940395355,-1.149999976158142,3.5485715866088867,2.715714454650879,3.5485715866088867,2.715714454650879,0.0,0.0,0.17019227147102356,0.4114151895046234,0.058429405093193054,1.0,0.002114144852384925,-0.002114144852384925,-0.002114144852384925,0.002114144852384925
1783990032.613,68709000,232,1,0,0,10.0,25.00050163269043,10.0,25.00050163269043,9.508733749389648,25.26995849609375,-0.26945769786834717,35.555274963378906,43.90827941894531,0.0,0.0,0.0005023834528401494,1.0,1.0,0.0,-1.050472617149353,,,,,,,,,,,,,,,,
1783990032.615,68736000,233,1,1,0,10.0,24.999521255493164,10.0,24.999521255493164,8.86561393737793,25.306888580322266,-0.3073692321777344,38.217899322509766,47.667537689208984,0.0,0.0,-0.0004790573730133474,1.0,1.0,0.0,1.0780173540115356,,,,,,,,,,,,,,,,
1783990032.649,68758000,234,1,2,0,10.0,24.999536514282227,10.0,24.999536514282227,8.870574951171875,25.238758087158203,-0.2392217516899109,39.52395248413086,46.83129119873047,0.0,0.0,-0.0004644243454094976,1.0,1.0,0.0,-1.1200088262557983,,,,,,,,,,,,,,,,
1783990032.667,68772000,235,1,3,0,10.0,25.000473022460938,10.0,25.000473022460938,8.892389297485352,25.3084716796875,-0.30799806118011475,40.93233108520508,50.18047332763672,0.0,0.0,0.0004736693808808923,1.0,1.0,0.0,1.1623703241348267,,,,,,,,,,,,,,,,
1783990032.687,68790000,236,2,255,0,,,,,,,,,,,,,,,,,0.3499999940395355,-1.149999976158142,3.5485715866088867,2.715714454650879,3.5485715866088867,2.715714454650879,0.0,0.0,0.16502629220485687,0.41348928213119507,0.05861024558544159,1.0,0.002192307263612747,-0.002192307263612747,-0.002192307263612747,0.002192307263612747
1783990032.711,68810000,237,1,0,0,10.0,25.000520706176758,10.0,25.000520706176758,9.509888648986816,25.271411895751953,-0.2708911895751953,35.57084274291992,43.90835952758789,0.0,0.0,0.0005209572263993323,1.0,1.0,0.0,-1.0511924028396606,,,,,,,,,,,,,,,,
1783990032.737,68833000,238,1,1,0,10.0,24.99944305419922,10.0,24.99944305419922,8.86634635925293,25.306678771972656,-0.30723512172698975,38.31291580200195,47.667205810546875,0.0,0.0,-0.0005574895767495036,1.0,1.0,0.0,1.0812253952026367,,,,,,,,,,,,,,,,
1783990032.740,68860000,239,1,2,0,10.0,24.99943733215332,10.0,24.99943733215332,8.87351131439209,25.23636245727539,-0.23692548274993896,39.75782012939453,46.830875396728516,0.0,0.0,-0.0005630019586533308,1.0,1.0,0.0,-1.127795934677124,,,,,,,,,,,,,,,,
1783990032.771,68881000,240,1,3,0,10.0,25.00052833557129,10.0,25.00052833557129,8.893951416015625,25.31020736694336,-0.30967891216278076,40.69434356689453,50.18069839477539,0.0,0.0,0.0005275386502034962,1.0,1.0,0.0,1.1549556255340576,,,,,,,,,,,,,,,,
1783990032.787,68894000,241,2,255,0,,,,,,,,,,,,,,,,,0.3499999940395355,-1.149999976158142,3.5485715866088867,2.715714454650879,3.5485715866088867,2.715714454650879,0.0,0.0,0.17099985480308533,0.4176369309425354,0.058974362909793854,1.0,0.002350036520510912,-0.002350036520510912,-0.002350036520510912,0.002350036520510912
1783990032.804,68909000,242,1,0,0,10.0,25.000558853149414,10.0,25.000558853149414,9.509427070617676,25.269695281982422,-0.26913881301879883,35.5521354675293,43.90851593017578,0.0,0.0,0.0005584383034147322,1.0,1.0,0.0,-1.0506598949432373,,,,,,,,,,,,,,,,
1783990032.826,68927000,243,1,1,0,10.0,24.999425888061523,10.0,24.999425888061523,8.866839408874512,25.306936264038086,-0.3075122833251953,38.396995544433594,47.667137145996094,0.0,0.0,-0.0005735410377383232,1.0,1.0,0.0,1.0837581157684326,,,,,,,,,,,,,,,,
1783990032.849,68948000,244,1,2,0,10.0,24.999408721923828,10.0,24.999408721923828,8.871478080749512,25.237106323242188,-0.23769885301589966,39.55314636230469,46.830753326416016,0.0,0.0,-0.0005921702831983566,1.0,1.0,0.0,-1.120975375175476,,,,,,,,,,,,,,,,
1783990032.877,68972000,245,1,3,0,10.0,25.000621795654297,10.0,25.000621795654297,8.894803047180176,25.307580947875977,-0.30696094036102295,40.751197814941406,50.181095123291016,0.0,0.0,0.0006221784860827029,1.0,1.0,0.0,1.1564867496490479,,,,,,,,,,,,,,,,
1783990032.879,69000000,246,2,255,0,,,,,,,,,,,,,,,,,0.3499999940395355,-1.149999976158142,3.5485715866088867,2.715714454650879,3.5485715866088867,2.715714454650879,0.0,0.0,0.16260170936584473,0.428690105676651,0.05996079742908478,1.0,0.0027798095252364874,-0.0027798095252364874,-0.0027798095252364874,0.0027798095252364874
1783990032.913,69021000,247,1,0,0,10.0,25.000642776489258,10.0,25.000642776489258,9.511308670043945,25.272306442260742,-0.2716660499572754,35.486324310302734,43.90886688232422,0.0,0.0,0.0006419839919544756,1.0,1.0,0.0,-1.0488165616989136,,,,,,,,,,,,,,,,
1783990032.931,69036000,248,1,1,0,10.0,24.999374389648438,10.0,24.999374389648438,8.864688873291016,25.30769157409668,-0.3083169460296631,38.26182174682617,47.66691970825195,0.0,0.0,-0.0006250912556424737,1.0,1.0,0.0,1.0791311264038086,,,,,,,,,,,,,,,,
1783990032.950,69053000,249,1,2,0,10.0,24.9993896484375,10.0,24.9993896484375,8.872565269470215,25.236215591430664,-0.23682713508605957,39.45981979370117,46.83067321777344,0.0,0.0,-0.0006106863729655743,1.0,1.0,0.0,-1.1179225444793701,,,,,,,,,,,,,,,,
1783990032.951,69073000,250,1,3,0,10.0,25.0006046295166,10.0,25.0006046295166,8.894317626953125,25.310590744018555,-0.309985876083374,40.728363037109375,50.181026458740234,0.0,0.0,0.0006055798730812967,1.0,1.0,0.0,1.1563321352005005,,,,,,,,,,,,,,,,
1783990033.000,69096000,251,2,255,0,,,,,,,,,,,,,,,,,0.3499999940395355,-1.149999976158142,3.5485715866088867,2.715714454650879,3.5485715866088867,2.715714454650879,0.0,0.0,0.17451071739196777,0.427447646856308,0.05984875187277794,1.0,0.002730805426836014,-0.002730805426836014,-0.002730805426836014,0.002730805426836014
1783990033.002,69123000,252,1,0,0,10.0,25.000648498535156,10.0,25.000648498535156,9.510855674743652,25.2683048248291,-0.26765763759613037,35.760948181152344,43.908897399902344,0.0,0.0,0.0006489203660748899,1.0,1.0,0.0,-1.0569500923156738,,,,,,,,,,,,,,,,
1783990033.037,69145000,253,1,1,0,10.0,24.999366760253906,10.0,24.999366760253906,8.865286827087402,25.307523727416992,-0.3081575036048889,38.23515319824219,47.66688919067383,0.0,0.0,-0.0006330963224172592,1.0,1.0,0.0,1.0785118341445923,,,,,,,,,,,,,,,,
1783990033.056,69160000,254,1,2,0,10.0,24.99937629699707,10.0,24.99937629699707,8.873553276062012,25.235387802124023,-0.2360120415687561,39.492156982421875,46.83061599731445,0.0,0.0,-0.0006245413096621633,1.0,1.0,0.0,-1.1192628145217896,,,,,,,,,,,,,,,,
1783990033.074,69178000,255,1,3,0,10.0,25.0006046295166,10.0,25.0006046295166,8.894693374633789,25.309988021850586,-0.3093838691711426,40.621849060058594,50.181026458740234,0.0,0.0,0.0006054709665477276,1.0,1.0,0.0,1.1528841257095337,,,,,,,,,,,,,,,,
1783990033.098,69197000,0,2,255,0,,,,,,,,,,,,,,,,,0.3499999940395355,-1.149999976158142,3.5485715866088867,2.715714454650879,3.5485715866088867,2.715714454650879,0.0,0.0,0.1554468870162964,0.41941121220588684,0.05913113057613373,1.0,0.0024180945474654436,-0.0024180945474654436,-0.0024180945474654436,0.0024180945474654436
1783990033.123,69220000,1,1,0,0,10.0,25.000574111938477,10.0,25.000574111938477,9.509312629699707,25.270166397094727,-0.26959478855133057,35.56262969970703,43.90858459472656,0.0,0.0,0.0005746109527535737,1.0,1.0,0.0,-1.0508619546890259,,,,,,,,,,,,,,,,
1783990033.126,69246000,2,1,1,0,10.0,24.999433517456055,10.0,24.999433517456055,8.866009712219238,25.306331634521484,-0.3068998456001282,38.335487365722656,47.667171478271484,0.0,0.0,-0.0005657730507664382,1.0,1.0,0.0,1.081422209739685,,,,,,,,,,,,,,,,
1783990033.158,69267000,3,1,2,0,10.0,24.999433517456055,10.0,24.999433517456055,8.872236251831055,25.23675537109375,-0.2373233437538147,39.50400161743164,46.83086395263672,0.0,0.0,-0.0005659569869749248,1.0,1.0,0.0,-1.1194181442260742,,,,,,,,,,,,,,,,
1783990033.175,69281000,4,1,3,0,10.0,25.000568389892578,10.0,25.000568389892578,8.895423889160156,25.305042266845703,-0.3044724464416504,40.869903564453125,50.180870056152344,0.0,0.0,0.0005681248148903251,1.0,1.0,0.0,1.1602808237075806,,,,,,,,,,,,,,,,
1783990033.193,69297000,5,2,255,0,,,,,,,,,,,,,,,,,0.3499999940395355,-1.149999976158142,3.5485715866088867,2.715714454650879,3.5485715866088867,2.715714454650879,0.0,0.0,0.17465738952159882,0.4203447699546814,0.05921385809779167,1.0,0.0024540459271520376,-0.0024540459271520376,-0.0024540459271520376,0.0024540459271520376
1783990033.216,69315000,6,1,0,0,10.0,25.00058364868164,10.0,25.00058364868164,9.508695602416992,25.271406173706055,-0.2708226442337036,35.74248504638672,43.90861892700195,0.0,0.0,0.0005831539747305214,1.0,1.0,0.0,-1.0566413402557373,,,,,,,,,,,,,,,,
1783990033.241,69338000,7,1,1,0,10.0,24.99941062927246,10.0,24.99941062927246,8.86694622039795,25.30685043334961,-0.30744075775146484,38.144527435302734,47.667076110839844,0.0,0.0,-0.0005887487204745412,1.0,1.0,0.0,1.0758577585220337,,,,,,,,,,,,,,,,
1783990033.243,69364000,8,1,2,0,10.0,24.99941062927246,10.0,24.99941062927246,8.872323036193848,25.2376708984375,-0.23826062679290771,39.490623474121094,46.83076477050781,0.0,0.0,-0.0005888441228307784,1.0,1.0,0.0,-1.1191898584365845,,,,,,,,,,,,,,,,
1783990033.274,69384000,9,1,3,0,10.0,25.000625610351562,10.0,25.000625610351562,8.894514083862305,25.306690216064453,-0.3060638904571533,40.659969329833984,50.18111038208008,0.0,0.0,0.000625388405751437,1.0,1.0,0.0,1.1536942720413208,,,,,,,,,,,,,,,,
1783990033.290,69397000,10,2,255,0,,,,,,,,,,,,,,,,,0.3499999940395355,-1.149999976158142,3.5485715866088867,2.715714454650879,3.5485715866088867,2.715714454650879,0.0,0.0,0.16866545379161835,0.4215204417705536,0.05931827798485756,1.0,0.002499460009858012,-0.002499460009858012,-0.002499460009858012,0.002499460009858012
1783990033.307,69412000,11,1,0,0,10.0,25.000593185424805,10.0,25.000593185424805,9.50725269317627,25.27293586730957,-0.2723425626754761,35.56558609008789,43.90866470336914,0.0,0.0,0.0005939457332715392,1.0,1.0,0.0,-1.0509073734283447,,,,,,,,,,,,,,,,
1783990033.328,69430000,12,1,1,0,10.0,24.999385833740234,10.0,24.999385833740234,8.865504264831543,25.30697250366211,-0.30758827924728394,38.398643493652344,47.666969299316406,0.0,0.0,-0.0006135932053439319,1.0,1.0,0.0,1.0842769145965576,,,,,,,,,,,,,,,,
1783990033.350,69450000,13,1,2,0,10.0,24.999353408813477,10.0,24.999353408813477,8.871516227722168,25.23704719543457,-0.2376943826675415,39.508277893066406,46.83052444458008,0.0,0.0,-0.0006460178992711008,1.0,1.0,0.0,-1.1191275119781494,,,,,,,,,,,,,,,,
1783990033.377,69473000,14,1,3,0,10.0,25.000673294067383,10.0,25.000673294067383,8.89540958404541,25.309690475463867,-0.3090173006057739,40.57059860229492,50.181312561035156,0.0,0.0,0.0006735973875038326,1.0,1.0,0.0,1.151238203048706,,,,,,,,,,,,,,,,
1783990033.379,69500000,15,2,255,0,,,,,,,,,,,,,,,,,0.3499999940395355,-1.149999976158142,3.5485715866088867,2.715714454650879,3.5485715866088867,2.715714454650879,0.0,0.0,0.17871789634227753,0.4308428466320038,0.06015564501285553,1.0,0.002865137765184045,-0.002865137765184045,-0.002865137765184045,0.002865137765184045
1783990033.413,69521000,16,1,0,0,10.0,25.000638961791992,10.0,25.000638961791992,9.511591911315918,25.26797103881836,-0.2673327922821045,35.750885009765625,43.90885925292969,0.0,0.0,0.0006396229146048427,1.0,1.0,0.0,-1.056946873664856,,,,,,,,,,,,,,,,
1783990033.432,69536000,17,1,1,0,10.0,24.999374389648438,10.0,24.999374389648438,8.864961624145508,25.307167053222656,-0.30779242515563965,38.35624694824219,47.66691589355469,0.0,0.0,-0.0006260386435315013,1.0,1.0,0.0,1.0820971727371216,,,,,,,,,,,,,,,,
1783990033.452,69554000,18,1,2,0,10.0,24.99937629699707,10.0,24.99937629699707,8.873854637145996,25.233476638793945,-0.23410171270370483,40.098941802978516,46.83061981201172,0.0,0.0,-0.0006234972970560193,1.0,1.0,0.0,-1.1384340524673462,,,,,,,,,,,,,,,,
1783990033.475,69575000,19,1,3,0,10.0,25.000612258911133,10.0,25.000612258911133,8.896686553955078,25.311094284057617,-0.31048357486724854,40.46761703491211,50.18105697631836,0.0,0.0,0.0006123592611402273,1.0,1.0,0.0,1.1483694314956665,,,,,,,,,,,,,,,,
1783990033.502,69598000,20,2,255,0,,,,,,,,,,,,,,,,,0.3499999940395355,-1.149999976158142,3.5485715866088867,2.715714454650879,3.5485715866088867,2.715714454650879,0.0,0.0,0.16725119948387146,0.41972479224205017,0.05915889889001846,1.0,0.002430159831419587,-0.002430159831419587,-0.002430159831419587,0.002430159831419587
1783990033.505,69625000,21,1,0,0,10.0,25.000577926635742,10.0,25.000577926635742,9.50872802734375,25.27134132385254,-0.2707630395889282,35.68833923339844,43.90859603881836,0.0,0.0,0.0005774779710918665,1.0,1.0,0.0,-1.054794430732727,,,,,,,,,,,,,,,,
1783990033.537,69646000,22,1,1,0,10.0,24.99942398071289,10.0,24.99942398071289,8.863664627075195,25.308475494384766,-0.3090515732765198,38.15558624267578,47.66712951660156,0.0,0.0,-0.000575693731661886,1.0,1.0,0.0,1.0756973028182983,,,,,,,,,,,,,,,,
1783990033.555,69660000,23,1,2,0,10.0,24.99941062927246,10.0,24.99941062927246,8.871709823608398,25.236549377441406,-0.23714005947113037,39.64494705200195,46.83076095581055,0.0,0.0,-0.0005901119438931346,1.0,1.0,0.0,-1.1239089965820312,,,,,,,,,,,,,,,,
1783990033.574,69677000,24,1,3,0,10.0,25.000608444213867,10.0,25.000608444213867,8.894225120544434,25.30735969543457,-0.3067523241043091,40.873435974121094,50.1810417175293,0.0,0.0,0.0006093767005950212,1.0,1.0,0.0,1.160576343536377,,,,,,,,,,,,,,,,
1783990033.597,69697000,25,2,255,0,,,,,,,,,,,,,,,,,0.3499999940395355,-1.149999976158142,3.5485715866088867,2.715714454650879,3.5485715866088867,2.715714454650879,0.0,0.0,0.1565777063369751,0.42883825302124023,0.05997417867183685,1.0,0.0027856642846018076,-0.0027856642846018076,-0.0027856642846018076,0.0027856642846018076
1783990033.623,69720000,26,1,0,0,10.0,25.000661849975586,10.0,25.000661849975586,9.508056640625,25.2725772857666,-0.27191638946533203,35.675743103027344,43.90895080566406,0.0,0.0,0.0006619563791900873,1.0,1.0,0.0,-1.0546422004699707,,,,,,,,,,,,,,,,
1783990033.624,69746000,27,1,1,0,10.0,24.99932861328125,10.0,24.99932861328125,8.86567211151123,25.306875228881836,-0.30754655599594116,38.20878601074219,47.666725158691406,0.0,0.0,-0.0006716930656693876,1.0,1.0,0.0,1.0776766538619995,,,,,,,,,,,,,,,,
1783990033.660,69768000,28,1,2,0,10.0,24.999300003051758,10.0,24.999300003051758,8.873870849609375,25.237215042114258,-0.23791491985321045,39.51800537109375,46.830299377441406,0.0,0.0,-0.0007001718622632325,1.0,1.0,0.0,-1.1200954914093018,,,,,,,,,,,,,,,,
1783990033.678,69783000,29,1,3,0,10.0,25.000680923461914,10.0,25.000680923461914,8.8935546875,25.306123733520508,-0.30544400215148926,40.847198486328125,50.18134689331055,0.0,0.0,0.0006813351646997035,1.0,1.0,0.0,1.1598076820373535,,,,,,,,,,,,,,,,
1783990033.697,69800000,30,2,255,0,,,,,,,,,,,,,,,,,0.3499999940395355,-1.149999976158142,3.5485715866088867,2.715714454650879,3.5485715866088867,2.715714454650879,0.0,0.0,0.1734595000743866,0.4296717047691345,0.06004953384399414,1.0,0.0028186505660414696,-0.0028186505660414696,-0.0028186505660414696,0.0028186505660414696
1783990033.722,69820000,31,1,0,0,10.0,25.000669479370117,10.0,25.000669479370117,9.506758689880371,25.27155303955078,-0.2708852291107178,35.49787139892578,43.90898513793945,0.0,0.0,0.0006697949138469994,1.0,1.0,0.0,-1.0483677387237549,,,,,,,,,,,,,,,,
1783990033.748,69844000,32,1,1,0,10.0,24.999313354492188,10.0,24.999313354492188,8.866369247436523,25.306629180908203,-0.3073170781135559,38.32594299316406,47.666664123535156,0.0,0.0,-0.0006863193120807409,1.0,1.0,0.0,1.0814579725265503,,,,,,,,,,,,,,,,
1783990033.751,69871000,33,1,2,0,10.0,24.999290466308594,10.0,24.999290466308594,8.873456954956055,25.23546600341797,-0.23617595434188843,39.55695724487305,46.83026123046875,0.0,0.0,-0.0007086528348736465,1.0,1.0,0.0,-1.1214783191680908,,,,,,,,,,,,,,,,
1783990033.788,69890000,34,1,3,0,10.0,25.000696182250977,10.0,25.000696182250977,8.894804954528809,25.30999183654785,-0.30929744243621826,40.69502639770508,50.1814079284668,0.0,0.0,0.0006959179299883544,1.0,1.0,0.0,1.1553839445114136,,,,,,,,,,,,,,,,
1783990033.808,69911000,35,2,255,0,,,,,,,,,,,,,,,,,0.3499999940395355,-1.149999976158142,3.5485715866088867,2.715714454650879,3.5485715866088867,2.715714454650879,0.0,0.0,0.17193211615085602,0.4324503540992737,0.060301706194877625,1.0,0.002929203910753131,-0.002929203910753131,-0.002929203910753131,0.002929203910753131
1783990033.830,69930000,36,1,0,0,10.0,25.000696182250977,10.0,25.000696182250977,9.510859489440918,25.269588470458984,-0.2688944339752197,35.67486572265625,43.909095764160156,0.0,0.0,0.0006960656610317528,1.0,1.0,0.0,-1.0550013780593872,,,,,,,,,,,,,,,,
1783990033.857,69953000,37,1,1,0,10.0,24.999311447143555,10.0,24.999311447143555,8.865371704101562,25.307357788085938,-0.30804574489593506,38.548583984375,47.66665267944336,0.0,0.0,-0.0006889528594911098,1.0,1.0,0.0,1.0891567468643188,,,,,,,,,,,,,,,,
1783990033.859,69980000,38,1,2,0,10.0,24.999332427978516,10.0,24.999332427978516,8.8733491897583,25.234560012817383,-0.23522675037384033,39.73745346069336,46.83043670654297,0.0,0.0,-0.0006671819137409329,1.0,1.0,0.0,-1.1269404888153076,,,,,,,,,,,,,,,,
1783990033.892,70001000,39,1,3,0,10.0,25.00065040588379,10.0,25.00065040588379,8.893534660339355,25.309921264648438,-0.30927062034606934,40.675262451171875,50.18121337890625,0.0,0.0,0.0006503462209366262,1.0,1.0,0.0,1.1545701026916504,,,,,,,,,,,,,,,,
1783990033.909,70015000,40,2,255,0,,,,,,,,,,,,,,,,,0.3499999940395355,-1.149999976158142,3.5485715866088867,2.715714454650879,3.5485715866088867,2.715714454650879,0.0,0.0,0.17865969240665436,0.4191500246524811,0.05910801887512207,1.0,0.002408053958788514,-0.002408053958788514,-0.002408053958788514,0.002408053958788514
1783990033.928,70031000,41,1,0,0,10.0,25.000572204589844,10.0,25.000572204589844,9.505416870117188,25.271629333496094,-0.2710580825805664,35.6266975402832,43.908573150634766,0.0,0.0,0.0005722249625250697,1.0,1.0,0.0,-1.0525407791137695,,,,,,,,,,,,,,,,
1783990033.951,70051000,42,1,1,0,10.0,24.999439239501953,10.0,24.999439239501953,8.86251449584961,25.309350967407227,-0.30991286039352417,38.238250732421875,47.66719055175781,0.0,0.0,-0.0005612281966023147,1.0,1.0,0.0,1.0786348581314087,,,,,,,,,,,,,,,,
1783990033.977,70074000,43,1,2,0,10.0,24.999425888061523,10.0,24.999425888061523,8.871785163879395,25.236528396606445,-0.23710429668426514,39.49664306640625,46.83082580566406,0.0,0.0,-0.0005747925606556237,1.0,1.0,0.0,-1.1190999746322632,,,,,,,,,,,,,,,,
1783990033.978,70100000,44,1,3,0,10.0,25.000577926635742,10.0,25.000577926635742,8.893607139587402,25.31088638305664,-0.31030774116516113,40.73763656616211,50.180908203125,0.0,0.0,0.0005776832113042474,1.0,1.0,0.0,1.1562062501907349,,,,,,,,,,,,,,,,
1783990034.013,70122000,45,2,255,0,,,,,,,,,,,,,,,,,0.3499999940395355,-1.149999976158142,3.5485715866088867,2.715714454650879,3.5485715866088867,2.715714454650879,0.0,0.0,0.17179298400878906,0.41997456550598145,0.059181030839681625,1.0,0.0024397773668169975,-0.0024397773668169975,-0.0024397773668169975,0.0024397773668169975
1783990034.030,70136000,46,1,0,0,10.0,25.000579833984375,10.0,25.000579833984375,9.50908088684082,25.273141860961914,-0.272563099861145,35.53118133544922,43.908607482910156,0.0,0.0,0.000579763378482312,1.0,1.0,0.0,-1.0497206449508667,,,,,,,,,,,,,,,,
1783990034.048,70152000,47,1,1,0,10.0,24.999406814575195,10.0,24.999406814575195,8.864486694335938,25.306856155395508,-0.30744969844818115,38.2542610168457,47.667057037353516,0.0,0.0,-0.0005929824546910822,1.0,1.0,0.0,1.0793496370315552,,,,,,,,,,,,,,,,
1783990034.072,70171000,48,1,2,0,10.0,24.9993896484375,10.0,24.9993896484375,8.87255859375,25.23478889465332,-0.23539960384368896,39.57334518432617,46.83067321777344,0.0,0.0,-0.0006107470253482461,1.0,1.0,0.0,-1.1217106580734253,,,,,,,,,,,,,,,,
1783990034.096,70194000,49,1,3,0,10.0,25.0006046295166,10.0,25.0006046295166,8.898633003234863,25.30722999572754,-0.306624174118042,40.79389190673828,50.1810188293457,0.0,0.0,0.0006037851562723517,1.0,1.0,0.0,1.1586352586746216,,,,,,,,,,,,,,,,
1783990034.123,70219000,50,2,255,0,,,,,,,,,,,,,,,,,0.3499999940395355,-1.149999976158142,3.5485715866088867,2.715714454650879,3.5485715866088867,2.715714454650879,0.0,0.0,0.1823323667049408,0.41401562094688416,0.05865626782178879,1.0,0.002212217776104808,-0.002212217776104808,-0.002212217776104808,0.002212217776104808
1783990034.126,70246000,51,1,0,0,10.0,25.000526428222656,10.0,25.000526428222656,9.511465072631836,25.269460678100586,-0.2689361572265625,35.78467559814453,43.90837860107422,0.0,0.0,0.0005256885197013617,1.0,1.0,0.0,-1.0579530000686646,,,,,,,,,,,,,,,,
1783990034.158,70267000,52,1,1,0,10.0,24.999570846557617,10.0,24.999570846557617,8.865682601928711,25.30687141418457,-0.3073006868362427,38.296630859375,47.66775131225586,0.0,0.0,-0.0004282292502466589,1.0,1.0,0.0,1.0804816484451294,,,,,,,,,,,,,,,,
1783990034.174,70281000,53,1,2,0,10.0,24.999605178833008,10.0,24.999605178833008,8.871078491210938,25.235355377197266,-0.23574978113174438,39.66096878051758,46.831581115722656,0.0,0.0,-0.00039527678745798767,1.0,1.0,0.0,-1.1239129304885864,,,,,,,,,,,,,,,,
1783990034.192,70297000,54,1,3,0,10.0,25.000381469726562,10.0,25.000381469726562,8.892057418823242,25.309017181396484,-0.3086358308792114,40.76959228515625,50.18008041381836,0.0,0.0,0.00038094702176749706,1.0,1.0,0.0,1.157751202583313,,,,,,,,,,,,,,,,
1783990034.216,70315000,55,2,255,0,,,,,,,,,,,,,,,,,0.3499999940395355,-1.149999976158142,3.5485715866088867,2.715714454650879,3.5485715866088867,2.715714454650879,0.0,0.0,0.16710469126701355,0.4018489420413971,0.057606056332588196,1.0,0.0017596874386072159,-0.0017596874386072159,-0.0017596874386072159,0.0017596874386072159
1783990034.241,70338000,56,1,0,0,10.0,25.000417709350586,10.0,25.000417709350586,9.505088806152344,25.273653030395508,-0.27323663234710693,35.51084518432617,43.90792465209961,0.0,0.0,0.00041815388249233365,1.0,1.0,0.0,-1.048646330833435,,,,,,,,,,,,,,,,
1783990034.243,70364000,57,1,1,0,10.0,24.99955177307129,10.0,24.99955177307129,8.864519119262695,25.307798385620117,-0.308246910572052,38.391212463378906,47.667667388916016,0.0,0.0,-0.0004475385940168053,1.0,1.0,0.0,1.0834192037582397,,,,,,,,,,,,,,,,
1783990034.281,70383000,58,1,2,0,10.0,24.999446868896484,10.0,24.999446868896484,8.874337196350098,25.23520278930664,-0.2357572317123413,39.679473876953125,46.83091735839844,0.0,0.0,-0.0005525189335457981,1.0,1.0,0.0,-1.1250581741333008,,,,,,,,,,,,,,,,
1783990034.303,70404000,59,1,3,0,10.0,25.000595092773438,10.0,25.000595092773438,8.894227027893066,25.309675216674805,-0.30908286571502686,40.82735061645508,50.18098068237305,0.0,0.0,0.000594301731325686,1.0,1.0,0.0,1.159591794013977,,,,,,,,,,,,,,,,
1783990034.325,70425000,60,2,255,0,,,,,,,,,,,,,,,,,0.3499999940395355,-1.149999976158142,3.5485715866088867,2.715714454650879,3.5485715866088867,2.715714454650879,0.0,0.0,0.18625372648239136,0.42334064841270447,0.059480465948581696,1.0,0.0025700796395540237,-0.0025700796395540237,-0.0025700796395540237,0.0025700796395540237
1783990034.351,70448000,61,1,0,0,10.0,25.0006103515625,10.0,25.0006103515625,9.510514259338379,25.27027702331543,-0.26966631412506104,35.81290054321289,43.90873718261719,0.0,0.0,0.0006107270601205528,1.0,1.0,0.0,-1.0588372945785522,,,,,,,,,,,,,,,,
1783990034.378,70474000,62,1,1,0,10.0,24.9993839263916,10.0,24.9993839263916,8.865438461303711,25.307464599609375,-0.3080815076828003,38.32039260864258,47.666961669921875,0.0,0.0,-0.0006156984018161893,1.0,1.0,0.0,1.0814446210861206,,,,,,,,,,,,,,,,
1783990034.381,70501000,63,1,2,0,10.0,24.999399185180664,10.0,24.999399185180664,8.872530937194824,25.23251724243164,-0.23311972618103027,39.84382629394531,46.830718994140625,0.0,0.0,-0.0006004780880175531,1.0,1.0,0.0,-1.1301707029342651,,,,,,,,,,,,,,,,
1783990034.414,70522000,64,1,3,0,10.0,25.000545501708984,10.0,25.000545501708984,8.893816947937012,25.311670303344727,-0.311124324798584,40.71474075317383,50.18077087402344,0.0,0.0,0.0005447277217172086,1.0,1.0,0.0,1.1556142568588257,,,,,,,,,,,,,,,,
1783990034.432,70537000,65,2,255,0,,,,,,,,,,,,,,,,,0.3499999940395355,-1.149999976158142,3.5485715866088867,2.715714454650879,3.5485715866088867,2.715714454650879,0.0,0.0,0.15925869345664978,0.41179558634757996,0.058462515473365784,1.0,0.002128445077687502,-0.002128445077687502,-0.002128445077687502,0.002128445077687502
1783990034.452,70554000,66,1,0,0,10.0,25.000505447387695,10.0,25.000505447387695,9.506232261657715,25.271373748779297,-0.2708703279495239,35.622920989990234,43.908294677734375,0.0,0.0,0.0005057816160842776,1.0,1.0,0.0,-1.0524364709854126,,,,,,,,,,,,,,,,
1783990034.475,70575000,67,1,1,0,10.0,24.99949073791504,10.0,24.99949073791504,8.864347457885742,25.306913375854492,-0.3074228763580322,38.36073303222656,47.66741180419922,0.0,0.0,-0.0005084971780888736,1.0,1.0,0.0,1.082612156867981,,,,,,,,,,,,,,,,
1783990034.502,70598000,68,1,2,0,10.0,24.999467849731445,10.0,24.999467849731445,8.872103691101074,25.236886978149414,-0.23741871118545532,39.62877655029297,46.83100509643555,0.0,0.0,-0.0005319612100720406,1.0,1.0,0.0,-1.123644232749939,,,,,,,,,,,,,,,,
1783990034.504,70625000,69,1,3,0,10.0,25.000539779663086,10.0,25.000539779663086,8.892759323120117,25.307781219482422,-0.3072410821914673,40.79268264770508,50.18075180053711,0.0,0.0,0.0005399007350206375,1.0,1.0,0.0,1.157881736755371,,,,,,,,,,,,,,,,
1783990034.536,70646000,70,2,255,0,,,,,,,,,,,,,,,,,0.3499999940395355,-1.149999976158142,3.5485715866088867,2.715714454650879,3.5485715866088867,2.715714454650879,0.0,0.0,0.1738448292016983,0.42290759086608887,0.05944182351231575,1.0,0.002553243888542056,-0.002553243888542056,-0.002553243888542056,0.002553243888542056
1783990034.553,70659000,71,1,0,0,10.0,25.000606536865234,10.0,25.000606536865234,9.507729530334473,25.273128509521484,-0.272524356842041,35.59599304199219,43.90871810913086,0.0,0.0,0.0006067264475859702,1.0,1.0,0.0,-1.0519483089447021,,,,,,,,,,,,,,,,
1783990034.568,70674000,72,1,1,0,10.0,24.9993896484375,10.0,24.9993896484375,8.864087104797363,25.30742835998535,-0.3080397844314575,38.26882553100586,47.6669807434082,0.0,0.0,-0.0006111254915595055,1.0,1.0,0.0,1.0793464183807373,,,,,,,,,,,,,,,,
1783990034.589,70691000,73,1,2,0,10.0,24.999366760253906,10.0,24.999366760253906,8.874361038208008,25.235145568847656,-0.23577958345413208,39.721923828125,46.8305778503418,0.0,0.0,-0.0006339125684462488,1.0,1.0,0.0,-1.126375675201416,,,,,,,,,,,,,,,,
1783990034.612,70711000,74,1,3,0,10.0,25.00063133239746,10.0,25.00063133239746,8.89577579498291,25.310087203979492,-0.30945539474487305,40.77540588378906,50.18113327026367,0.0,0.0,0.0006309107993729413,1.0,1.0,0.0,1.1580371856689453,,,,,,,,,,,,,,,,
1783990034.639,70735000,75,2,255,0,,,,,,,,,,,,,,,,,0.3499999940395355,-1.149999976158142,3.5485715866088867,2.715714454650879,3.5485715866088867,2.715714454650879,0.0,0.0,0.1844439059495926,0.42392733693122864,0.059532880783081055,1.0,0.0025929221883416176,-0.0025929221883416176,-0.0025929221883416176,0.0025929221883416176
1783990034.641,70762000,76,1,0,0,10.0,25.0006160736084,10.0,25.0006160736084,9.509698867797852,25.268125534057617,-0.2675086259841919,35.61472702026367,43.90876007080078,0.0,0.0,0.0006161550409160554,1.0,1.0,0.0,-1.0525455474853516,,,,,,,,,,,,,,,,
1783990034.673,70783000,77,1,1,0,10.0,24.999420166015625,10.0,24.999420166015625,8.86561393737793,25.306888580322266,-0.30746906995773315,38.379425048828125,47.6671142578125,0.0,0.0,-0.0005794688477180898,1.0,1.0,0.0,1.0829752683639526,,,,,,,,,,,,,,,,
1783990034.691,70796000,78,1,2,0,10.0,24.999433517456055,10.0,24.999433517456055,8.873714447021484,25.232528686523438,-0.2330973744392395,39.96902847290039,46.83086013793945,0.0,0.0,-0.0005666784127242863,1.0,1.0,0.0,-1.1348973512649536,,,,,,,,,,,,,,,,
1783990034.709,70813000,79,1,3,0,10.0,25.00054931640625,10.0,25.00054931640625,8.893705368041992,25.313217163085938,-0.3126680850982666,40.867671966552734,50.1807861328125,0.0,0.0,0.0005487067974172533,1.0,1.0,0.0,1.1610114574432373,,,,,,,,,,,,,,,,
1783990034.710,70832000,80,2,255,0,,,,,,,,,,,,,,,,,0.3499999940395355,-1.149999976158142,3.5485715866088867,2.715714454650879,3.5485715866088867,2.715714454650879,0.0,0.0,0.1444823443889618,0.41211646795272827,0.05849045515060425,1.0,0.0021405196748673916,-0.0021405196748673916,-0.0021405196748673916,0.0021405196748673916
1783990034.759,70855000,81,1,0,0,10.0,25.00050926208496,10.0,25.00050926208496,9.510539054870605,25.27121925354004,-0.27070939540863037,35.54971694946289,43.90830612182617,0.0,0.0,0.0005086509045213461,1.0,1.0,0.0,-1.0509614944458008,,,,,,,,,,,,,,,,
1783990034.761,70882000,82,1,1,0,10.0,24.99951171875,10.0,24.99951171875,8.864611625671387,25.30771827697754,-0.3082066774368286,38.279579162597656,47.66749954223633,0.0,0.0,-0.00048786570550873876,1.0,1.0,0.0,1.0796809196472168,,,,,,,,,,,,,,,,
1783990034.794,70903000,83,1,2,0,10.0,24.999544143676758,10.0,24.999544143676758,8.871785163879395,25.235063552856445,-0.23551881313323975,39.624637603759766,46.831329345703125,0.0,0.0,-0.0004554546612780541,1.0,1.0,0.0,-1.123968482017517,,,,,,,,,,,,,,,,
1783990034.812,70917000,84,1,3,0,10.0,25.000455856323242,10.0,25.000455856323242,8.892680168151855,25.311683654785156,-0.3112286329269409,40.462432861328125,50.18039321899414,0.0,0.0,0.000455103610875085,1.0,1.0,0.0,1.147080421447754,,,,,,,,,,,,,,,,
1783990034.832,70935000,85,2,255,0,,,,,,,,,,,,,,,,,0.3499999940395355,-1.149999976158142,3.5485715866088867,2.715714454650879,3.5485715866088867,2.715714454650879,0.0,0.0,0.155246764421463,0.40960240364074707,0.05827202647924423,1.0,0.002046215580776334,-0.002046215580776334,-0.002046215580776334,0.002046215580776334
1783990034.856,70955000,86,1,0,0,10.0,25.000486373901367,10.0,25.000486373901367,9.50829029083252,25.26959800720215,-0.2691119909286499,35.57449722290039,43.90821075439453,0.0,0.0,0.0004862414498347789,1.0,1.0,0.0,-1.051343560218811,,,,,,,,,,,,,,,,
1783990034.883,70979000,87,1,1,0,10.0,24.999486923217773,10.0,24.999486923217773,8.865575790405273,25.30827522277832,-0.30878931283950806,38.29151153564453,47.66739273071289,0.0,0.0,-0.0005127254989929497,1.0,1.0,0.0,1.080267310142517,,,,,,,,,,,,,,,,
1783990034.885,71006000,88,1,2,0,10.0,24.999475479125977,10.0,24.999475479125977,8.87187385559082,25.234037399291992,-0.23456215858459473,39.59500503540039,46.83103942871094,0.0,0.0,-0.0005242751794867218,1.0,1.0,0.0,-1.1224007606506348,,,,,,,,,,,,,,,,
1783990034.920,71028000,89,1,3,0,10.0,25.000553131103516,10.0,25.000553131103516,8.89561939239502,25.31060791015625,-0.3100574016571045,40.7354736328125,50.18080520629883,0.0,0.0,0.0005531298811547458,1.0,1.0,0.0,1.156552791595459,,,,,,,,,,,,,,,,
1783990034.939,71043000,90,2,255,0,,,,,,,,,,,,,,,,,0.3499999940395355,-1.149999976158142,3.5485715866088867,2.715714454650879,3.5485715866088867,2.715714454650879,0.0,0.0,0.13637053966522217,0.4187076985836029,0.05906889587640762,1.0,0.0023910668678581715,-0.0023910668678581715,-0.0023910668678581715,0.0023910668678581715
1783990034.959,71061000,91,1,0,0,10.0,25.000568389892578,10.0,25.000568389892578,9.512919425964355,25.268814086914062,-0.26824474334716797,35.497093200683594,43.9085578918457,0.0,0.0,0.0005681883776560426,1.0,1.0,0.0,-1.0494258403778076,,,,,,,,,,,,,,,,
1783990034.983,71082000,92,1,1,0,10.0,24.999441146850586,10.0,24.999441146850586,8.866389274597168,25.30657386779785,-0.3071323037147522,38.29024124145508,47.66720199584961,0.0,0.0,-0.0005585298640653491,1.0,1.0,0.0,1.0806907415390015,,,,,,,,,,,,,,,,
1783990035.010,71106000,93,1,2,0,10.0,24.999465942382812,10.0,24.999465942382812,8.873689651489258,25.233919143676758,-0.23445338010787964,39.57558059692383,46.83099365234375,0.0,0.0,-0.0005345834651961923,1.0,1.0,0.0,-1.1218940019607544,,,,,,,,,,,,,,,,
1783990035.012,71133000,94,1,3,0,10.0,25.000516891479492,10.0,25.000516891479492,8.89322566986084,25.308094024658203,-0.30757784843444824,40.816856384277344,50.1806526184082,0.0,0.0,0.0005169447395019233,1.0,1.0,0.0,1.1589651107788086,,,,,,,,,,,,,,,,
1783990035.045,71154000,95,2,255,0,,,,,,,,,,,,,,,,,0.3499999940395355,-1.149999976158142,3.5485715866088867,2.715714454650879,3.5485715866088867,2.715714454650879,0.0,0.0,0.1555386483669281,0.4091588258743286,0.05823361873626709,1.0,0.0020296485163271427,-0.0020296485163271427,-0.0020296485163271427,0.0020296485163271427
1783990035.062,71167000,96,1,0,0,10.0,25.0004825592041,10.0,25.0004825592041,9.50657844543457,25.271669387817383,-0.2711862325668335,35.453941345214844,43.90819549560547,0.0,0.0,0.000482304603792727,1.0,1.0,0.0,-1.0473623275756836,,,,,,,,,,,,,,,,
1783990035.078,71184000,97,1,1,0,10.0,24.99949073791504,10.0,24.99949073791504,8.86419677734375,25.30743408203125,-0.3079444169998169,38.0418586730957,47.66741180419922,0.0,0.0,-0.0005088562611490488,1.0,1.0,0.0,1.0721760988235474,,,,,,,,,,,,,,,,
1783990035.099,71201000,98,1,2,0,10.0,24.999462127685547,10.0,24.999462127685547,8.87192153930664,25.233591079711914,-0.23412853479385376,39.56652069091797,46.83098602294922,0.0,0.0,-0.0005369585705921054,1.0,1.0,0.0,-1.1214274168014526,,,,,,,,,,,,,,,,
1783990035.119,71221000,99,1,3,0,10.0,25.00055503845215,10.0,25.00055503845215,8.894989967346191,25.309410095214844,-0.30885636806488037,40.68727111816406,50.18081283569336,0.0,0.0,0.0005544273881241679,1.0,1.0,0.0,1.1549502611160278,,,,,,,,,,,,,,,,
1783990035.145,71242000,100,2,255,0,,,,,,,,,,,,,,,,,0.3499999940395355,-1.149999976158142,3.5485715866088867,2.715714454650879,3.5485715866088867,2.715714454650879,0.0,0.0,0.16127744317054749,0.41986989974975586,0.059171758592128754,1.0,0.0024357466027140617,-0.0024357466027140617,-0.0024357466027140617,0.0024357466027140617
1783990035.173,71268000,101,1,0,0,10.0,25.000577926635742,10.0,25.000577926635742,9.512177467346191,25.266754150390625,-0.2661764621734619,35.549034118652344,43.90860366821289,0.0,0.0,0.0005788055714219809,1.0,1.0,0.0,-1.0506750345230103,,,,,,,,,,,,,,,,
1783990035.175,71296000,102,1,1,0,10.0,24.999431610107422,10.0,24.999431610107422,8.867104530334473,25.30640983581543,-0.30697882175445557,38.23382568359375,47.66716384887695,0.0,0.0,-0.0005674834246747196,1.0,1.0,0.0,1.0788655281066895,,,,,,,,,,,,,,,,
1783990035.208,71317000,103,1,2,0,10.0,24.999555587768555,10.0,24.999555587768555,8.876287460327148,25.230205535888672,-0.23065060377120972,39.91474533081055,46.83137130737305,0.0,0.0,-0.0004452738503459841,1.0,1.0,0.0,-1.1320643424987793,,,,,,,,,,,,,,,,
1783990035.226,71331000,104,1,3,0,10.0,25.000404357910156,10.0,25.000404357910156,8.897704124450684,25.311344146728516,-0.31094253063201904,40.210662841796875,50.180179595947266,0.0,0.0,0.00040447074570693076,1.0,1.0,0.0,1.1408790349960327,,,,,,,,,,,,,,,,
1783990035.246,71348000,105,2,255,0,,,,,,,,,,,,,,,,,0.3499999940395355,-1.149999976158142,3.5485715866088867,2.715714454650879,3.5485715866088867,2.715714454650879,0.0,0.0,0.15658999979496002,0.39838314056396484,0.057312123477458954,1.0,0.0016336840344592929,-0.0016336840344592929,-0.0016336840344592929,0.0016336840344592929
1783990035.268,71369000,106,1,0,0,10.0,25.000389099121094,10.0,25.000389099121094,9.512693405151367,25.26837921142578,-0.26799142360687256,35.44105911254883,43.907798767089844,0.0,0.0,0.00038821171619929373,1.0,1.0,0.0,-1.0471616983413696,,,,,,,,,,,,,,,,
1783990035.294,71391000,107,1,1,0,10.0,24.999618530273438,10.0,24.999618530273438,8.867432594299316,25.305789947509766,-0.306171178817749,38.390708923339844,47.66794967651367,0.0,0.0,-0.0003808478359133005,1.0,1.0,0.0,1.0837996006011963,,,,,,,,,,,,,,,,
1783990035.321,71417000,108,1,2,0,10.0,24.99964141845703,10.0,24.99964141845703,8.87564468383789,25.23133087158203,-0.23169070482254028,39.872562408447266,46.83173751831055,0.0,0.0,-0.0003581935598049313,1.0,1.0,0.0,-1.131234049797058,,,,,,,,,,,,,,,,
1783990035.322,71444000,109,1,3,0,10.0,25.000335693359375,10.0,25.000335693359375,8.894963264465332,25.31079864501953,-0.3104656934738159,40.426536560058594,50.17988967895508,0.0,0.0,0.0003349822945892811,1.0,1.0,0.0,1.1470638513565063,,,,,,,,,,,,,,,,
1783990035.358,71466000,110,2,255,0,,,,,,,,,,,,,,,,,0.3499999940395355,-1.149999976158142,3.5485715866088867,2.715714454650879,3.5485715866088867,2.715714454650879,0.0,0.0,0.14521682262420654,0.39692139625549316,0.05718884989619255,1.0,0.0015809196047484875,-0.0015809196047484875,-0.0015809196047484875,0.0015809196047484875
1783990035.375,71481000,111,1,0,0,10.0,25.000375747680664,10.0,25.000375747680664,9.509033203125,25.269365310668945,-0.26898980140686035,35.655372619628906,43.907745361328125,0.0,0.0,0.000375673349481076,1.0,1.0,0.0,-1.0537854433059692,,,,,,,,,,,,,,,,
1783990035.395,71498000,112,1,1,0,10.0,24.99961280822754,10.0,24.99961280822754,8.86560344696045,25.30689811706543,-0.30728578567504883,38.35227584838867,47.66791915893555,0.0,0.0,-0.00038761438918299973,1.0,1.0,0.0,1.082474708557129,,,,,,,,,,,,,,,,
1783990035.418,71518000,113,1,2,0,10.0,24.999591827392578,10.0,24.999591827392578,8.873124122619629,25.232690811157227,-0.2330988645553589,39.690067291259766,46.83152770996094,0.0,0.0,-0.0004078111669514328,1.0,1.0,0.0,-1.1253811120986938,,,,,,,,,,,,,,,,
1783990035.444,71541000,114,1,3,0,10.0,25.00042152404785,10.0,25.00042152404785,8.897212982177734,25.308631896972656,-0.30821263790130615,40.8245964050293,50.18025207519531,0.0,0.0,0.000421742326579988,1.0,1.0,0.0,1.1598399877548218,,,,,,,,,,,,,,,,
1783990035.447,71567000,115,2,255,0,,,,,,,,,,,,,,,,,0.3499999940395355,-1.149999976158142,3.5485715866088867,2.715714454650879,3.5485715866088867,2.715714454650879,0.0,0.0,0.14616480469703674,0.4019066393375397,0.05761096626520157,1.0,0.0017617958365008235,-0.0017617958365008235,-0.0017617958365008235,0.0017617958365008235
1783990035.477,71587000,116,1,0,0,10.0,25.000398635864258,10.0,25.000398635864258,9.511558532714844,25.268041610717773,-0.2676427364349365,35.773094177246094,43.90784454345703,0.0,0.0,0.0003985053626820445,1.0,1.0,0.0,-1.0576660633087158,,,,,,,,,,,,,,,,
1783990035.494,71600000,117,1,1,0,10.0,24.999605178833008,10.0,24.999605178833008,8.866369247436523,25.306629180908203,-0.3070250153541565,38.429481506347656,47.66789245605469,0.0,0.0,-0.0003941327740903944,1.0,1.0,0.0,1.0853134393692017,,,,,,,,,,,,,,,,
1783990035.512,71616000,118,1,2,0,10.0,24.999605178833008,10.0,24.999605178833008,8.873973846435547,25.231054306030273,-0.23144930601119995,39.76154708862305,46.83158493041992,0.0,0.0,-0.0003945085918530822,1.0,1.0,0.0,-1.1276496648788452,,,,,,,,,,,,,,,,
1783990035.534,71635000,119,1,3,0,10.0,25.000408172607422,10.0,25.000408172607422,8.896649360656738,25.30973243713379,-0.3093242645263672,40.68315887451172,50.18019485473633,0.0,0.0,0.00040763142169453204,1.0,1.0,0.0,1.1551663875579834,,,,,,,,,,,,,,,,
1783990035.557,71656000,120,2,255,0,,,,,,,,,,,,,,,,,0.3499999940395355,-1.149999976158142,3.5485715866088867,2.715714454650879,3.5485715866088867,2.715714454650879,0.0,0.0,0.14679305255413055,0.40091145038604736,0.05752632021903992,1.0,0.0017254784470424056,-0.0017254784470424056,-0.0017254784470424056,0.0017254784470424056
1783990035.584,71680000,121,1,0,0,10.0,25.000410079956055,10.0,25.000410079956055,9.509220123291016,25.266456604003906,-0.2660483121871948,35.776161193847656,43.90789031982422,0.0,0.0,0.00041002483339980245,1.0,1.0,0.0,-1.0578222274780273,,,,,,,,,,,,,,,,
1783990035.586,71707000,122,1,1,0,10.0,24.99960708618164,10.0,24.99960708618164,8.864845275878906,25.308486938476562,-0.3088802099227905,38.226654052734375,47.667903900146484,0.0,0.0,-0.00039205330540426075,1.0,1.0,0.0,1.0788047313690186,,,,,,,,,,,,,,,,
1783990035.620,71729000,123,1,2,0,10.0,24.999570846557617,10.0,24.999570846557617,8.869043350219727,25.23554801940918,-0.23597776889801025,39.64379119873047,46.831443786621094,0.0,0.0,-0.00042825209675356746,1.0,1.0,0.0,-1.1235663890838623,,,,,,,,,,,,,,,,
1783990035.638,71743000,124,1,3,0,10.0,25.00045394897461,10.0,25.00045394897461,8.892178535461426,25.311344146728516,-0.31089186668395996,40.705543518066406,50.18039321899414,0.0,0.0,0.0004548091674223542,1.0,1.0,0.0,1.1551152467727661,,,,,,,,,,,,,,,,
1783990035.656,71760000,125,2,255,0,,,,,,,,,,,,,,,,,0.3499999940395355,-1.149999976158142,3.5485715866088867,2.715714454650879,3.5485715866088867,2.715714454650879,0.0,0.0,0.13222026824951172,0.41471797227859497,0.058717768639326096,1.0,0.002238834509626031,-0.002238834509626031,-0.002238834509626031,0.002238834509626031
1783990035.678,71779000,126,1,0,0,10.0,25.000532150268555,10.0,25.000532150268555,9.51063060760498,25.271146774291992,-0.2706170082092285,35.57073211669922,43.90840530395508,0.0,0.0,0.000532013364136219,1.0,1.0,0.0,-1.0513863563537598,,,,,,,,,,,,,,,,
1783990035.701,71800000,127,1,1,0,10.0,24.999418258666992,10.0,24.999418258666992,8.866641998291016,25.306106567382812,-0.30668824911117554,38.4556999206543,47.6671028137207,0.0,0.0,-0.000581952859647572,1.0,1.0,0.0,1.0855965614318848,,,,,,,,,,,,,,,,
1783990035.728,71824000,128,1,2,0,10.0,24.99939727783203,10.0,24.99939727783203,8.87564468383789,25.23133087158203,-0.23193508386611938,39.740787506103516,46.83070373535156,0.0,0.0,-0.0006032821838743985,1.0,1.0,0.0,-1.127260684967041,,,,,,,,,,,,,,,,
1783990035.730,71851000,129,1,3,0,10.0,25.000600814819336,10.0,25.000600814819336,8.897059440612793,25.31014060974121,-0.30954182147979736,40.711448669433594,50.18100357055664,0.0,0.0,0.0006004341412335634,1.0,1.0,0.0,1.155465006828308,,,,,,,,,,,,,,,,
1783990035.763,71872000,130,2,255,0,,,,,,,,,,,,,,,,,0.3499999940395355,-1.149999976158142,3.5485715866088867,2.715714454650879,3.5485715866088867,2.715714454650879,0.0,0.0,0.1357102394104004,0.41395556926727295,0.05865101516246796,1.0,0.002209944650530815,-0.002209944650530815,-0.002209944650530815,0.002209944650530815
1783990035.780,71886000,131,1,0,0,10.0,25.000524520874023,10.0,25.000524520874023,9.509634971618652,25.268150329589844,-0.2676248550415039,35.526424407958984,43.90837478637695,0.0,0.0,0.0005251483526080847,1.0,1.0,0.0,-1.049802303314209,,,,,,,,,,,,,,,,
1783990035.799,71903000,132,1,1,0,10.0,24.99949073791504,10.0,24.99949073791504,8.864362716674805,25.308319091796875,-0.30882954597473145,38.568824768066406,47.66740798950195,0.0,0.0,-0.0005095077212899923,1.0,1.0,0.0,1.089382529258728,,,,,,,,,,,,,,,,
1783990035.823,71922000,133,1,2,0,10.0,24.99949836730957,10.0,24.99949836730957,8.873018264770508,25.2314453125,-0.23194700479507446,39.82416534423828,46.83113098144531,0.0,0.0,-0.000502540438901633,1.0,1.0,0.0,-1.1299755573272705,,,,,,,,,,,,,,,,
1783990035.849,71945000,134,1,3,0,10.0,25.000516891479492,10.0,25.000516891479492,8.894953727722168,25.309471130371094,-0.30895471572875977,40.73208236694336,50.18064880371094,0.0,0.0,0.0005162430461496115,1.0,1.0,0.0,1.1561028957366943,,,,,,,,,,,,,,,,
1783990035.851,71972000,135,2,255,0,,,,,,,,,,,,,,,,,0.3499999940395355,-1.149999976158142,3.5485715866088867,2.715714454650879,3.5485715866088867,2.715714454650879,0.0,0.0,0.12626580893993378,0.41482865810394287,0.05872746556997299,1.0,0.002243033377453685,-0.002243033377453685,-0.002243033377453685,0.002243033377453685
1783990035.883,71992000,136,1,0,0,10.0,25.00053596496582,10.0,25.00053596496582,9.508016586303711,25.271642684936523,-0.2711057662963867,35.497413635253906,43.908424377441406,0.0,0.0,0.0005364223616197705,1.0,1.0,0.0,-1.0487343072891235,,,,,,,,,,,,,,,,
1783990035.901,72006000,137,1,1,0,10.0,24.999462127685547,10.0,24.999462127685547,8.864884376525879,25.30718994140625,-0.3077283501625061,38.43281936645508,47.66728973388672,0.0,0.0,-0.0005374292377382517,1.0,1.0,0.0,1.0848383903503418,,,,,,,,,,,,,,,,
1783990035.920,72023000,138,1,2,0,10.0,24.999446868896484,10.0,24.999446868896484,8.87183666229248,25.232759475708008,-0.2333134412765503,39.8040657043457,46.83091354370117,0.0,0.0,-0.0005538423429243267,1.0,1.0,0.0,-1.1287449598312378,,,,,,,,,,,,,,,,
1783990035.943,72043000,139,1,3,0,10.0,25.000593185424805,10.0,25.000593185424805,8.894412994384766,25.310516357421875,-0.30992329120635986,40.73613739013672,50.18097686767578,0.0,0.0,0.0005934947403147817,1.0,1.0,0.0,1.156678318977356,,,,,,,,,,,,,,,,
1783990035.969,72066000,140,2,255,0,,,,,,,,,,,,,,,,,0.3499999940395355,-1.149999976158142,3.5485715866088867,2.715714454650879,3.5485715866088867,2.715714454650879,0.0,0.0,0.15469208359718323,0.4209607243537903,0.0592685341835022,1.0,0.0024778200313448906,-0.0024778200313448906,-0.0024778200313448906,0.0024778200313448906
1783990035.996,72092000,141,1,0,0,10.0,25.00058937072754,10.0,25.00058937072754,9.508914947509766,25.268463134765625,-0.2678722143173218,35.7612419128418,43.90864562988281,0.0,0.0,0.0005888034356757998,1.0,1.0,0.0,-1.0568922758102417,,,,,,,,,,,,,,,,
1783990035.999,72119000,142,1,1,0,10.0,24.999433517456055,10.0,24.999433517456055,8.863529205322266,25.30861473083496,-0.30918270349502563,38.39786911010742,47.66716766357422,0.0,0.0,-0.0005662820185534656,1.0,1.0,0.0,1.0833195447921753,,,,,,,,,,,,,,,,
1783990036.031,72140000,143,1,2,0,10.0,24.999467849731445,10.0,24.999467849731445,8.870769500732422,25.234846115112305,-0.2353772521018982,39.47932815551758,46.83100509643555,0.0,0.0,-0.0005317060276865959,1.0,1.0,0.0,-1.118391990661621,,,,,,,,,,,,,,,,
1783990036.049,72154000,144,1,3,0,10.0,25.000516891479492,10.0,25.000516891479492,8.89395809173584,25.31020736694336,-0.30969083309173584,40.77102279663086,50.18065643310547,0.0,0.0,0.0005177053972147405,1.0,1.0,0.0,1.1575307846069336,,,,,,,,,,,,,,,,
1783990036.068,72171000,145,2,255,0,,,,,,,,,,,,,,,,,0.3499999940395355,-1.149999976158142,3.5485715866088867,2.715714454650879,3.5485715866088867,2.715714454650879,0.0,0.0,0.13401225209236145,0.4124656021595001,0.05852088704705238,1.0,0.002153670648112893,-0.002153670648112893,-0.002153670648112893,0.002153670648112893
1783990036.089,72191000,146,1,0,0,10.0,25.000511169433594,10.0,25.000511169433594,9.5078763961792,25.271697998046875,-0.27118921279907227,35.79005813598633,43.908321380615234,0.0,0.0,0.0005117760156281292,1.0,1.0,0.0,-1.0579925775527954,,,,,,,,,,,,,,,,
1783990036.112,72212000,147,1,1,0,10.0,24.99946403503418,10.0,24.99946403503418,8.864648818969727,25.307655334472656,-0.30819177627563477,38.3379020690918,47.66729736328125,0.0,0.0,-0.0005359085043892264,1.0,1.0,0.0,1.0818780660629272,,,,,,,,,,,,,,,,
1783990036.139,72235000,148,1,2,0,10.0,24.999427795410156,10.0,24.999427795410156,8.873982429504395,25.23333740234375,-0.2339094877243042,39.65927505493164,46.830833435058594,0.0,0.0,-0.0005731367273256183,1.0,1.0,0.0,-1.1244516372680664,,,,,,,,,,,,,,,,
1783990036.141,72262000,149,1,3,0,10.0,25.000577926635742,10.0,25.000577926635742,8.896443367004395,25.310224533081055,-0.3096461296081543,40.6923942565918,50.180912017822266,0.0,0.0,0.0005780934588983655,1.0,1.0,0.0,1.1553313732147217,,,,,,,,,,,,,,,,
1783990036.174,72283000,150,2,255,0,,,,,,,,,,,,,,,,,0.3499999940395355,-1.149999976158142,3.5485715866088867,2.715714454650879,3.5485715866088867,2.715714454650879,0.0,0.0,0.145365372300148,0.4175209403038025,0.05896413326263428,1.0,0.002345599699765444,-0.002345599699765444,-0.002345599699765444,0.002345599699765444
1783990036.191,72297000,151,1,0,0,10.0,25.00055694580078,10.0,25.00055694580078,9.508352279663086,25.27199935913086,-0.2714425325393677,35.67266845703125,43.908512115478516,0.0,0.0,0.0005573839880526066,1.0,1.0,0.0,-1.054355263710022,,,,,,,,,,,,,,,,
1783990036.209,72313000,152,1,1,0,10.0,24.999469757080078,10.0,24.999469757080078,8.863880157470703,25.30792999267578,-0.308459997177124,38.18634796142578,47.66732406616211,0.0,0.0,-0.0005295929149724543,1.0,1.0,0.0,1.076994776725769,,,,,,,,,,,,,,,,
1783990036.231,72332000,153,1,2,0,10.0,24.99949073791504,10.0,24.99949073791504,8.870582580566406,25.23263931274414,-0.23314952850341797,39.72211456298828,46.83110046386719,0.0,0.0,-0.0005097517278045416,1.0,1.0,0.0,-1.1260215044021606,,,,,,,,,,,,,,,,
1783990036.254,72354000,154,1,3,0,10.0,25.00050926208496,10.0,25.00050926208496,8.893756866455078,25.31178855895996,-0.311279296875,40.758182525634766,50.18061828613281,0.0,0.0,0.0005086712189950049,1.0,1.0,0.0,1.1573725938796997,,,,,,,,,,,,,,,,
1783990036.281,72377000,155,2,255,0,,,,,,,,,,,,,,,,,0.3499999940395355,-1.149999976158142,3.5485715866088867,2.715714454650879,3.5485715866088867,2.715714454650879,0.0,0.0,0.14533217251300812,0.413509726524353,0.05861203372478485,1.0,0.002193080261349678,-0.002193080261349678,-0.002193080261349678,0.002193080261349678
1783990036.283,72404000,156,1,0,0,10.0,25.000520706176758,10.0,25.000520706176758,9.510659217834473,25.26970863342285,-0.26918649673461914,35.922447204589844,43.90835952758789,0.0,0.0,0.0005211408715695143,1.0,1.0,0.0,-1.0627052783966064,,,,,,,,,,,,,,,,
1783990036.317,72425000,157,1,1,0,10.0,24.999502182006836,10.0,24.999502182006836,8.864667892456055,25.307607650756836,-0.30810534954071045,38.24713897705078,47.667457580566406,0.0,0.0,-0.000497870147228241,1.0,1.0,0.0,1.0790263414382935,,,,,,,,,,,,,,,,
1783990036.336,72440000,158,1,2,0,10.0,24.999500274658203,10.0,24.999500274658203,8.873993873596191,25.23200225830078,-0.23250281810760498,39.76325988769531,46.831138610839844,0.0,0.0,-0.0005000128876417875,1.0,1.0,0.0,-1.127740502357483,,,,,,,,,,,,,,,,
1783990036.356,72458000,159,1,3,0,10.0,25.00049591064453,10.0,25.00049591064453,8.893819808959961,25.31167221069336,-0.31117796897888184,40.701717376708984,50.180564880371094,0.0,0.0,0.0004957725177519023,1.0,1.0,0.0,1.1552578210830688,,,,,,,,,,,,,,,,
1783990036.379,72479000,160,2,255,0,,,,,,,,,,,,,,,,,0.3499999940395355,-1.149999976158142,3.5485715866088867,2.715714454650879,3.5485715866088867,2.715714454650879,0.0,0.0,0.15475821495056152,0.4086052477359772,0.05818573012948036,1.0,0.002009002724662423,-0.002009002724662423,-0.002009002724662423,0.002009002724662423
1783990036.407,72502000,161,1,0,0,10.0,25.000476837158203,10.0,25.000476837158203,9.510263442993164,25.26800537109375,-0.2675294876098633,35.708221435546875,43.90817642211914,0.0,0.0,0.00047739854198880494,1.0,1.0,0.0,-1.0556625127792358,,,,,,,,,,,,,,,,
1783990036.409,72529000,162,1,1,0,10.0,24.999526977539062,10.0,24.999526977539062,8.863771438598633,25.308013916015625,-0.30848681926727295,38.28538513183594,47.667564392089844,0.0,0.0,-0.0004724057507701218,1.0,1.0,0.0,1.0801631212234497,,,,,,,,,,,,,,,,
1783990036.441,72550000,163,1,2,0,10.0,24.99949836730957,10.0,24.99949836730957,8.873490333557129,25.230758666992188,-0.23126155138015747,39.922969818115234,46.83113098144531,0.0,0.0,-0.0005022033583372831,1.0,1.0,0.0,-1.1321688890457153,,,,,,,,,,,,,,,,
1783990036.459,72564000,164,1,3,0,10.0,25.000507354736328,10.0,25.000507354736328,8.8941011428833,25.313547134399414,-0.3130406141281128,40.78424072265625,50.18061065673828,0.0,0.0,0.0005070420447736979,1.0,1.0,0.0,1.158563256263733,,,,,,,,,,,,,,,,
1783990036.477,72581000,165,2,255,0,,,,,,,,,,,,,,,,,0.3499999940395355,-1.149999976158142,3.5485715866088867,2.715714454650879,3.5485715866088867,2.715714454650879,0.0,0.0,0.15749885141849518,0.40837007761001587,0.05816540867090225,1.0,0.002000242006033659,-0.002000242006033659,-0.002000242006033659,0.002000242006033659
1783990036.501,72600000,166,1,0,0,10.0,25.00047492980957,10.0,25.00047492980957,9.511213302612305,25.26621437072754,-0.26574134826660156,35.84041213989258,43.908164978027344,0.0,0.0,0.00047531677410006523,1.0,1.0,0.0,-1.0596462488174438,,,,,,,,,,,,,,,,
1783990036.527,72623000,167,1,1,0,10.0,24.999534606933594,10.0,24.999534606933594,8.85960578918457,25.310373306274414,-0.3108397126197815,38.140907287597656,47.66759490966797,0.0,0.0,-0.0004646182351280004,1.0,1.0,0.0,1.0750212669372559,,,,,,,,,,,,,,,,
1783990036.529,72650000,168,1,2,0,10.0,24.999526977539062,10.0,24.999526977539062,8.874401092529297,25.231338500976562,-0.23181140422821045,39.823638916015625,46.83125305175781,0.0,0.0,-0.000473097461508587,1.0,1.0,0.0,-1.1292599439620972,,,,,,,,,,,,,,,,
1783990036.564,72672000,169,1,3,0,10.0,25.00049591064453,10.0,25.00049591064453,8.895139694213867,25.312761306762695,-0.3122657537460327,40.81377410888672,50.18056106567383,0.0,0.0,0.0004951008595526218,1.0,1.0,0.0,1.1590218544006348,,,,,,,,,,,,,,,,
1783990036.582,72687000,170,2,255,0,,,,,,,,,,,,,,,,,0.3499999940395355,-1.149999976158142,3.5485715866088867,2.715714454650879,3.5485715866088867,2.715714454650879,0.0,0.0,0.14260120689868927,0.4100719690322876,0.058312736451625824,1.0,0.0020637770649045706,-0.0020637770649045706,-0.0020637770649045706,0.0020637770649045706
1783990036.600,72704000,171,1,0,0,10.0,25.000490188598633,10.0,25.000490188598633,9.511436462402344,25.269418716430664,-0.26893019676208496,35.71708679199219,43.90822982788086,0.0,0.0,0.0004904145607724786,1.0,1.0,0.0,-1.0561541318893433,,,,,,,,,,,,,,,,
1783990036.624,72723000,172,1,1,0,10.0,24.99953842163086,10.0,24.99953842163086,8.865826606750488,25.30681800842285,-0.3072798252105713,38.37151336669922,47.667606353759766,0.0,0.0,-0.00046235244371928275,1.0,1.0,0.0,1.0825755596160889,,,,,,,,,,,,,,,,
1783990036.649,72746000,173,1,2,0,10.0,24.999555587768555,10.0,24.999555587768555,8.872055053710938,25.232208251953125,-0.23265331983566284,39.69449996948242,46.83137512207031,0.0,0.0,-0.0004444446531124413,1.0,1.0,0.0,-1.125627040863037,,,,,,,,,,,,,,,,
1783990036.651,72772000,174,1,3,0,10.0,25.000425338745117,10.0,25.000425338745117,8.894462585449219,25.31285858154297,-0.3124326467514038,40.715206146240234,50.180267333984375,0.0,0.0,0.00042502590804360807,1.0,1.0,0.0,1.155849575996399,,,,,,,,,,,,,,,,
1783990036.686,72795000,175,2,255,0,,,,,,,,,,,,,,,,,0.3499999940395355,-1.149999976158142,3.5485715866088867,2.715714454650879,3.5485715866088867,2.715714454650879,0.0,0.0,0.1386812925338745,0.39464420080184937,0.0569976344704628,1.0,0.0014991647331044078,-0.0014991647331044078,-0.0014991647331044078,0.0014991647331044078
1783990036.704,72809000,176,1,0,0,10.0,25.000356674194336,10.0,25.000356674194336,9.507145881652832,25.275686264038086,-0.2753317356109619,35.356781005859375,43.90766525268555,0.0,0.0,0.0003562459896784276,1.0,1.0,0.0,-1.0445523262023926,,,,,,,,,,,,,,,,
1783990036.723,72826000,177,1,1,0,10.0,24.99970817565918,10.0,24.99970817565918,8.862462043762207,25.309452056884766,-0.3097444772720337,38.27613830566406,47.66832733154297,0.0,0.0,-0.00029142209677957,1.0,1.0,0.0,1.0796071290969849,,,,,,,,,,,,,,,,
1783990036.747,72846000,178,1,2,0,10.0,24.999780654907227,10.0,24.999780654907227,8.860715866088867,25.240886688232422,-0.24110674858093262,39.45591354370117,46.83232116699219,0.0,0.0,-0.000219631489017047,1.0,1.0,0.0,-1.1170496940612793,,,,,,,,,,,,,,,,
1783990036.774,72870000,179,1,3,0,10.0,25.000232696533203,10.0,25.000232696533203,8.885631561279297,25.317903518676758,-0.31767189502716064,40.55202102661133,50.17945861816406,0.0,0.0,0.00023302565386984497,1.0,1.0,0.0,1.1498637199401855,,,,,,,,,,,,,,,,
1783990036.776,72897000,180,2,255,0,,,,,,,,,,,,,,,,,0.3499999940395355,-1.149999976158142,3.5485715866088867,2.715714454650879,3.5485715866088867,2.715714454650879,0.0,0.0,0.15286093950271606,0.4048481285572052,0.057862289249897,1.0,0.001869755913503468,-0.001869755913503468,-0.001869755913503468,0.001869755913503468
1783990036.807,72917000,181,1,0,0,10.0,25.00056266784668,10.0,25.00056266784668,9.511161804199219,25.263917922973633,-0.26335418224334717,35.94282531738281,43.908531188964844,0.0,0.0,0.0005621763411909342,1.0,1.0,0.0,-1.0628777742385864,,,,,,,,,,,,,,,,
1783990036.823,72930000,182,1,1,0,10.0,24.99940299987793,10.0,24.99940299987793,8.871179580688477,25.303524017333984,-0.30412226915359497,38.48653030395508,47.66703796386719,0.0,0.0,-0.0005977381952106953,1.0,1.0,0.0,1.0871188640594482,,,,,,,,,,,,,,,,
1783990036.841,72946000,183,1,2,0,10.0,24.999385833740234,10.0,24.999385833740234,8.877187728881836,25.233203887939453,-0.23381859064102173,39.806846618652344,46.83066177368164,0.0,0.0,-0.0006132896523922682,1.0,1.0,0.0,-1.1298500299453735,,,,,,,,,,,,,,,,
1783990036.865,72964000,184,1,3,0,10.0,25.000598907470703,10.0,25.000598907470703,8.895705223083496,25.30428123474121,-0.30368268489837646,40.729610443115234,50.180999755859375,0.0,0.0,0.0005992332589812577,1.0,1.0,0.0,1.1563825607299805,,,,,,,,,,,,,,,,
1783990036.889,72987000,185,2,255,0,,,,,,,,,,,,,,,,,0.3499999940395355,-1.149999976158142,3.5485715866088867,2.715714454650879,3.5485715866088867,2.715714454650879,0.0,0.0,0.15337739884853363,0.41306763887405396,0.058573417365550995,1.0,0.002176379319280386,-0.002176379319280386,-0.002176379319280386,0.002176379319280386
1783990036.916,73012000,186,1,0,0,10.0,25.000516891479492,10.0,25.000516891479492,9.507599830627441,25.26986312866211,-0.2693474292755127,35.55913543701172,43.90834426879883,0.0,0.0,0.0005171722732484341,1.0,1.0,0.0,-1.0507450103759766,,,,,,,,,,,,,,,,
1783990036.918,73039000,187,1,1,0,10.0,24.999513626098633,10.0,24.999513626098633,8.861590385437012,25.308727264404297,-0.3092154860496521,38.18806457519531,47.667503356933594,0.0,0.0,-0.0004864921502303332,1.0,1.0,0.0,1.0767861604690552,,,,,,,,,,,,,,,,
1783990036.951,73060000,188,1,2,0,10.0,24.999513626098633,10.0,24.999513626098633,8.868010520935059,25.238752365112305,-0.2392396330833435,39.47801971435547,46.83119583129883,0.0,0.0,-0.00048646354116499424,1.0,1.0,0.0,-1.1185262203216553,,,,,,,,,,,,,,,,
1783990036.968,73074000,189,1,3,0,10.0,25.000499725341797,10.0,25.000499725341797,8.890535354614258,25.308090209960938,-0.3075927495956421,40.64799499511719,50.180580139160156,0.0,0.0,0.0004995627677999437,1.0,1.0,0.0,1.1534672975540161,,,,,,,,,,,,,,,,
1783990036.986,73090000,190,2,255,0,,,,,,,,,,,,,,,,,0.3499999940395355,-1.149999976158142,3.5485715866088867,2.715714454650879,3.5485715866088867,2.715714454650879,0.0,0.0,0.15103334188461304,0.41567856073379517,0.05880202725529671,1.0,0.0022753248922526836,-0.0022753248922526836,-0.0022753248922526836,0.0022753248922526836
1783990037.009,73109000,191,1,0,0,10.0,25.000539779663086,10.0,25.000539779663086,9.501516342163086,25.274580001831055,-0.2740412950515747,35.56552505493164,43.90843963623047,0.0,0.0,0.0005406845593824983,1.0,1.0,0.0,-1.0505906343460083,,,,,,,,,,,,,,,,
1783990037.035,73131000,192,1,1,0,10.0,24.99943733215332,10.0,24.99943733215332,8.863607406616211,25.30712127685547,-0.30768513679504395,38.35274887084961,47.667179107666016,0.0,0.0,-0.0005634103436022997,1.0,1.0,0.0,1.0823519229888916,,,,,,,,,,,,,,,,
1783990037.037,73158000,193,1,2,0,10.0,24.999401092529297,10.0,24.999401092529297,8.87179946899414,25.235145568847656,-0.23574531078338623,39.68566131591797,46.830718994140625,0.0,0.0,-0.0005998583510518074,1.0,1.0,0.0,-1.1254469156265259,,,,,,,,,,,,,,,,
1783990037.069,73179000,194,1,3,0,10.0,25.000633239746094,10.0,25.000633239746094,8.895663261413574,25.3082332611084,-0.3076016902923584,40.79633712768555,50.1811408996582,0.0,0.0,0.0006330435862764716,1.0,1.0,0.0,1.158519983291626,,,,,,,,,,,,,,,,
1783990037.085,73192000,195,2,255,0,,,,,,,,,,,,,,,,,0.3499999940395355,-1.149999976158142,3.5485715866088867,2.715714454650879,3.5485715866088867,2.715714454650879,0.0,0.0,0.15873561799526215,0.4215858280658722,0.05932409316301346,1.0,0.0025019904132932425,-0.0025019904132932425,-0.0025019904132932425,0.0025019904132932425
1783990037.102,73207000,196,1,0,0,10.0,25.000595092773438,10.0,25.000595092773438,9.510406494140625,25.269332885742188,-0.2687394618988037,35.77787780761719,43.908668518066406,0.0,0.0,0.0005945470766164362,1.0,1.0,0.0,-1.057727336883545,,,,,,,,,,,,,,,,
1783990037.123,73225000,197,1,1,0,10.0,24.999439239501953,10.0,24.999439239501953,8.865556716918945,25.306011199951172,-0.3065720200538635,38.40021896362305,47.66719436645508,0.0,0.0,-0.000560347456485033,1.0,1.0,0.0,1.083797812461853,,,,,,,,,,,,,,,,
1783990037.147,73245000,198,1,2,0,10.0,24.999479293823242,10.0,24.999479293823242,8.873984336853027,25.232006072998047,-0.23252665996551514,39.90057373046875,46.8310546875,0.0,0.0,-0.0005205886554904282,1.0,1.0,0.0,-1.1325078010559082,,,,,,,,,,,,,,,,
1783990037.175,73270000,199,1,3,0,10.0,25.000459671020508,10.0,25.000459671020508,8.895547866821289,25.310638427734375,-0.31017959117889404,40.61851501464844,50.18041229248047,0.0,0.0,0.00045991752995178103,1.0,1.0,0.0,1.1529327630996704,,,,,,,,,,,,,,,,
1783990037.177,73298000,200,2,255,0,,,,,,,,,,,,,,,,,0.3499999940395355,-1.149999976158142,3.5485715866088867,2.715714454650879,3.5485715866088867,2.715714454650879,0.0,0.0,0.15277867019176483,0.4004260003566742,0.05748509615659714,1.0,0.001707801129668951,-0.001707801129668951,-0.001707801129668951,0.001707801129668951
1783990037.211,73320000,201,1,0,0,10.0,25.000410079956055,10.0,25.000410079956055,9.504316329956055,25.27546501159668,-0.2750575542449951,35.62564468383789,43.907894134521484,0.0,0.0,0.000410911365179345,1.0,1.0,0.0,-1.0527095794677734,,,,,,,,,,,,,,,,
1783990037.230,73334000,202,1,1,0,10.0,24.99958610534668,10.0,24.99958610534668,8.866204261779785,25.305744171142578,-0.30615925788879395,38.342796325683594,47.667808532714844,0.0,0.0,-0.00041401875205338,1.0,1.0,0.0,1.0822117328643799,,,,,,,,,,,,,,,,
1783990037.251,73352000,203,1,2,0,10.0,24.999591827392578,10.0,24.999591827392578,8.86846923828125,25.23432731628418,-0.23473501205444336,39.65761947631836,46.83152389526367,0.0,0.0,-0.00040850750519894063,1.0,1.0,0.0,-1.1240233182907104,,,,,,,,,,,,,,,,
1783990037.275,73374000,204,1,3,0,10.0,25.000396728515625,10.0,25.000396728515625,8.89542293548584,25.312101364135742,-0.31170547008514404,40.69141387939453,50.18014907836914,0.0,0.0,0.0003966679214499891,1.0,1.0,0.0,1.1552116870880127,,,,,,,,,,,,,,,,
1783990037.302,73398000,205,2,255,0,,,,,,,,,,,,,,,,,0.3499999940395355,-1.149999976158142,3.5485715866088867,2.715714454650879,3.5485715866088867,2.715714454650879,0.0,0.0,0.16303575038909912,0.399643212556839,0.05741872265934944,1.0,0.0016793488757684827,-0.0016793488757684827,-0.0016793488757684827,0.0016793488757684827
1783990037.304,73425000,206,1,0,0,10.0,25.000398635864258,10.0,25.000398635864258,9.506983757019043,25.273462295532227,-0.2730637788772583,35.72994613647461,43.90784454345703,0.0,0.0,0.000399063021177426,1.0,1.0,0.0,-1.0563737154006958,,,,,,,,,,,,,,,,
1783990037.336,73446000,207,1,1,0,10.0,24.999555587768555,10.0,24.999555587768555,8.864428520202637,25.306880950927734,-0.3073260188102722,38.250244140625,47.66768264770508,0.0,0.0,-0.000444495293777436,1.0,1.0,0.0,1.0789543390274048,,,,,,,,,,,,,,,,
1783990037.352,73459000,208,1,2,0,10.0,24.99955940246582,10.0,24.99955940246582,8.87272834777832,25.230928421020508,-0.23137032985687256,40.04180908203125,46.831390380859375,0.0,0.0,-0.0004406495427247137,1.0,1.0,0.0,-1.1364312171936035,,,,,,,,,,,,,,,,
1783990037.369,73475000,209,1,3,0,10.0,25.00042724609375,10.0,25.00042724609375,8.894163131713867,25.31344985961914,-0.3130227327346802,40.56128692626953,50.180274963378906,0.0,0.0,0.00042721242061816156,1.0,1.0,0.0,1.1510368585586548,,,,,,,,,,,,,,,,
1783990037.392,73492000,210,2,255,0,,,,,,,,,,,,,,,,,0.3499999940395355,-1.149999976158142,3.5485715866088867,2.715714454650879,3.5485715866088867,2.715714454650879,0.0,0.0,0.1882866472005844,0.3974153995513916,0.05723046511411667,1.0,0.0015987263759598136,-0.0015987263759598136,-0.0015987263759598136,0.0015987263759598136
1783990037.416,73514000,211,1,0,0,10.0,25.00037956237793,10.0,25.00037956237793,9.509453773498535,25.269777297973633,-0.2693980932235718,35.79753112792969,43.90776443481445,0.0,0.0,0.00037990478449501097,1.0,1.0,0.0,-1.0583640336990356,,,,,,,,,,,,,,,,
1783990037.443,73539000,212,1,1,0,10.0,24.999645233154297,10.0,24.999645233154297,8.863556861877441,25.308549880981445,-0.3089040517807007,38.28379440307617,47.668060302734375,0.0,0.0,-0.0003542849444784224,1.0,1.0,0.0,1.080152988433838,,,,,,,,,,,,,,,,
1783990037.445,73566000,213,1,2,0,10.0,24.99968147277832,10.0,24.99968147277832,8.866448402404785,25.234603881835938,-0.23492276668548584,39.77824401855469,46.831905364990234,0.0,0.0,-0.0003182351647410542,1.0,1.0,0.0,-1.1275197267532349,,,,,,,,,,,,,,,,
1783990037.476,73586000,214,1,3,0,10.0,25.000383377075195,10.0,25.000383377075195,8.892271995544434,25.31368064880371,-0.31329989433288574,40.47301483154297,50.180091857910156,0.0,0.0,0.0003835818497464061,1.0,1.0,0.0,1.1472266912460327,,,,,,,,,,,,,,,,
1783990037.493,73599000,215,2,255,0,,,,,,,,,,,,,,,,,0.3499999940395355,-1.149999976158142,3.5485715866088867,2.715714454650879,3.5485715866088867,2.715714454650879,0.0,0.0,0.16705207526683807,0.40432819724082947,0.057817745953798294,1.0,0.001850605825893581,-0.001850605825893581,-0.001850605825893581,0.001850605825893581
1783990037.510,73615000,216,1,0,0,10.0,25.00044059753418,10.0,25.00044059753418,9.503155708312988,25.27869987487793,-0.2782583236694336,35.65191650390625,43.908016204833984,0.0,0.0,0.0004397587908897549,1.0,1.0,0.0,-1.0537126064300537,,,,,,,,,,,,,,,,
1783990037.533,73633000,217,1,1,0,10.0,24.999536514282227,10.0,24.999536514282227,8.86417293548584,25.306018829345703,-0.30648261308670044,38.3700065612793,47.6676025390625,0.0,0.0,-0.0004632467171177268,1.0,1.0,0.0,1.0828592777252197,,,,,,,,,,,,,,,,
1783990037.557,73655000,218,1,2,0,10.0,24.999528884887695,10.0,24.999528884887695,8.870809555053711,25.233549118041992,-0.23402124643325806,39.736141204833984,46.83125686645508,0.0,0.0,-0.00047202457790262997,1.0,1.0,0.0,-1.1265949010849,,,,,,,,,,,,,,,,
1783990037.584,73680000,219,1,3,0,10.0,25.00046730041504,10.0,25.00046730041504,8.89694881439209,25.30915069580078,-0.30868351459503174,40.72560501098633,50.180442810058594,0.0,0.0,0.0004665565211325884,1.0,1.0,0.0,1.1558865308761597,,,,,,,,,,,,,,,,
1783990037.586,73707000,220,2,255,0,,,,,,,,,,,,,,,,,0.3499999940395355,-1.149999976158142,3.5485715866088867,2.715714454650879,3.5485715866088867,2.715714454650879,0.0,0.0,0.18202844262123108,0.40234142541885376,0.057648010551929474,1.0,0.001777695375494659,-0.001777695375494659,-0.001777695375494659,0.001777695375494659
1783990037.620,73729000,221,1,0,0,10.0,25.000377655029297,10.0,25.000377655029297,9.505172729492188,25.274621963500977,-0.27424395084381104,35.67506790161133,43.907752990722656,0.0,0.0,0.0003773263015318662,1.0,1.0,0.0,-1.053923487663269,,,,,,,,,,,,,,,,
1783990037.639,73743000,222,1,1,0,10.0,24.9996395111084,10.0,24.9996395111084,8.862845420837402,25.307384490966797,-0.30774474143981934,38.35264587402344,47.66802978515625,0.0,0.0,-0.00036125440965406597,1.0,1.0,0.0,1.0823627710342407,,,,,,,,,,,,,,,,
1783990037.659,73761000,223,1,2,0,10.0,24.999629974365234,10.0,24.999629974365234,8.871870994567871,25.231229782104492,-0.2316012978553772,39.78340148925781,46.83168411254883,0.0,0.0,-0.00037059758324176073,1.0,1.0,0.0,-1.1279571056365967,,,,,,,,,,,,,,,,
1783990037.682,73782000,224,1,3,0,10.0,25.000391006469727,10.0,25.000391006469727,8.897456169128418,25.311908721923828,-0.31151771545410156,40.67082595825195,50.18012619018555,0.0,0.0,0.00039123743772506714,1.0,1.0,0.0,1.1547528505325317,,,,,,,,,,,,,,,,
1783990037.709,73805000,225,2,255,0,,,,,,,,,,,,,,,,,0.3499999940395355,-1.149999976158142,3.5485715866088867,2.715714454650879,3.5485715866088867,2.715714454650879,0.0,0.0,0.15942791104316711,0.3966337740421295,0.057164642959833145,1.0,0.001570563530549407,-0.001570563530549407,-0.001570563530549407,0.001570563530549407
1783990037.712,73832000,226,1,0,0,10.0,25.00037384033203,10.0,25.00037384033203,9.503669738769531,25.278018951416016,-0.27764737606048584,35.34918212890625,43.907737731933594,0.0,0.0,0.0003732124750968069,1.0,1.0,0.0,-1.0433626174926758,,,,,,,,,,,,,,,,
1783990037.744,73853000,227,1,1,0,10.0,24.99956703186035,10.0,24.99956703186035,8.860504150390625,25.307310104370117,-0.30774325132369995,38.324134826660156,47.667728424072266,0.0,0.0,-0.00043302951962687075,1.0,1.0,0.0,1.0809799432754517,,,,,,,,,,,,,,,,
1783990037.762,73867000,228,1,2,0,10.0,24.99953842163086,10.0,24.99953842163086,8.870865821838379,25.232107162475586,-0.2325683832168579,39.73243713378906,46.831298828125,0.0,0.0,-0.0004620893450919539,1.0,1.0,0.0,-1.1265538930892944,,,,,,,,,,,,,,,,
1783990037.780,73884000,229,1,3,0,10.0,25.000492095947266,10.0,25.000492095947266,8.896295547485352,25.314151763916016,-0.31366050243377686,40.596126556396484,50.180545806884766,0.0,0.0,0.0004911753349006176,1.0,1.0,0.0,1.1524285078048706,,,,,,,,,,,,,,,,
1783990037.803,73903000,230,2,255,0,,,,,,,,,,,,,,,,,0.3499999940395355,-1.149999976158142,3.5485715866088867,2.715714454650879,3.5485715866088867,2.715714454650879,0.0,0.0,0.183804452419281,0.4149368703365326,0.058736950159072876,1.0,0.002247140510007739,-0.002247140510007739,-0.002247140510007739,0.002247140510007739
1783990037.828,73925000,231,1,0,0,10.0,25.000534057617188,10.0,25.000534057617188,9.509754180908203,25.27294158935547,-0.272408127784729,35.60921096801758,43.90841293334961,0.0,0.0,0.0005339871859177947,1.0,1.0,0.0,-1.0524702072143555,,,,,,,,,,,,,,,,
1783990037.829,73951000,232,1,1,0,10.0,24.999502182006836,10.0,24.999502182006836,8.863749504089355,25.307077407836914,-0.3075748682022095,38.26262664794922,47.66745376586914,0.0,0.0,-0.000498509150929749,1.0,1.0,0.0,1.0789498090744019,,,,,,,,,,,,,,,,
1783990037.863,73972000,233,1,2,0,10.0,24.9996337890625,10.0,24.9996337890625,8.873984336853027,25.22725486755371,-0.2276211977005005,39.851497650146484,46.83170700073242,0.0,0.0,-0.000365373125532642,1.0,1.0,0.0,-1.1303422451019287,,,,,,,,,,,,,,,,
1783990037.880,73986000,234,1,3,0,10.0,25.000347137451172,10.0,25.000347137451172,8.890467643737793,25.320465087890625,-0.32011866569519043,40.49359893798828,50.179935455322266,0.0,0.0,0.00034644216066226363,1.0,1.0,0.0,1.1489495038986206,,,,,,,,,,,,,,,,
1783990037.898,74002000,235,2,255,0,,,,,,,,,,,,,,,,,0.3499999940395355,-1.149999976158142,3.5485715866088867,2.715714454650879,3.5485715866088867,2.715714454650879,0.0,0.0,0.15434402227401733,0.39093494415283203,0.05668831989169121,1.0,0.0013671473134309053,-0.0013671473134309053,-0.0013671473134309053,0.0013671473134309053
1783990037.922,74021000,236,1,0,0,10.0,25.000324249267578,10.0,25.000324249267578,9.506892204284668,25.273544311523438,-0.2732187509536743,35.668296813964844,43.90753173828125,0.0,0.0,0.0003248747088946402,1.0,1.0,0.0,-1.0542187690734863,,,,,,,,,,,,,,,,
1783990037.947,74044000,237,1,1,0,10.0,24.999658584594727,10.0,24.999658584594727,8.86111068725586,25.30709457397461,-0.3074362874031067,38.31453323364258,47.668113708496094,0.0,0.0,-0.00034153336309827864,1.0,1.0,0.0,1.0806300640106201,,,,,,,,,,,,,,,,
1783990037.950,74070000,238,1,2,0,10.0,24.999645233154297,10.0,24.999645233154297,8.871536254882812,25.22713279724121,-0.22748708724975586,39.832298278808594,46.83175277709961,0.0,0.0,-0.0003545106446836144,1.0,1.0,0.0,-1.1295455694198608,,,,,,,,,,,,,,,,
1783990037.987,74089000,239,1,3,0,10.0,25.000396728515625,10.0,25.000396728515625,8.89645767211914,25.31883430480957,-0.3184378147125244,40.353118896484375,50.18014907836914,0.0,0.0,0.00039678224129602313,1.0,1.0,0.0,1.1443593502044678,,,,,,,,,,,,,,,,
1783990038.007,74110000,240,2,255,0,,,,,,,,,,,,,,,,,0.3499999940395355,-1.149999976158142,3.5485715866088867,2.715714454650879,3.5485715866088867,2.715714454650879,0.0,0.0,0.1645413637161255,0.39962896704673767,0.05741751194000244,1.0,0.001678831409662962,-0.001678831409662962,-0.001678831409662962,0.001678831409662962
1783990038.029,74129000,241,1,0,0,10.0,25.000398635864258,10.0,25.000398635864258,9.510621070861816,25.27632713317871,-0.2759277820587158,35.51891326904297,43.90784454345703,0.0,0.0,0.00039894008659757674,1.0,1.0,0.0,-1.0500695705413818,,,,,,,,,,,,,,,,
1783990038.056,74152000,242,1,1,0,10.0,24.9996395111084,10.0,24.9996395111084,8.865771293640137,25.30536651611328,-0.30572712421417236,38.29106140136719,47.668033599853516,0.0,0.0,-0.0003607964899856597,1.0,1.0,0.0,1.0804131031036377,,,,,,,,,,,,,,,,
1783990038.057,74179000,243,1,2,0,10.0,24.999710083007812,10.0,24.999710083007812,8.869390487670898,25.228872299194336,-0.22916346788406372,39.83462905883789,46.83202362060547,0.0,0.0,-0.0002902719716075808,1.0,1.0,0.0,-1.1298277378082275,,,,,,,,,,,,,,,,
1783990038.092,74200000,244,1,3,0,10.0,25.00025749206543,10.0,25.00025749206543,8.893294334411621,25.31619644165039,-0.31594038009643555,40.48684310913086,50.179561614990234,0.0,0.0,0.00025723502039909363,1.0,1.0,0.0,1.1485459804534912,,,,,,,,,,,,,,,,
1783990038.109,74215000,245,2,255,0,,,,,,,,,,,,,,,,,0.3499999940395355,-1.149999976158142,3.5485715866088867,2.715714454650879,3.5485715866088867,2.715714454650879,0.0,0.0,0.16978923976421356,0.3883471190929413,0.05647411197423935,1.0,0.0012758795637637377,-0.0012758795637637377,-0.0012758795637637377,0.0012758795637637377
1783990038.128,74231000,246,1,0,0,10.0,25.000303268432617,10.0,25.000303268432617,9.50281810760498,25.281631469726562,-0.2813279628753662,35.4101676940918,43.907440185546875,0.0,0.0,0.0003031867672689259,1.0,1.0,0.0,-1.0459612607955933,,,,,,,,,,,,,,,,
1783990038.151,74251000,247,1,1,0,10.0,24.999650955200195,10.0,24.999650955200195,8.862556457519531,25.305646896362305,-0.305996835231781,38.407806396484375,47.668087005615234,0.0,0.0,-0.00034816842526197433,1.0,1.0,0.0,1.083687424659729,,,,,,,,,,,,,,,,
1783990038.175,74274000,248,1,2,0,10.0,24.9996337890625,10.0,24.9996337890625,8.870007514953613,25.227659225463867,-0.22802650928497314,39.86608123779297,46.83170700073242,0.0,0.0,-0.0003654303145594895,1.0,1.0,0.0,-1.130459189414978,,,,,,,,,,,,,,,,
1783990038.202,74298000,249,1,3,0,10.0,25.000394821166992,10.0,25.000394821166992,8.897581100463867,25.318952560424805,-0.31856000423431396,40.383697509765625,50.180137634277344,0.0,0.0,0.00039407171425409615,1.0,1.0,0.0,1.1457059383392334,,,,,,,,,,,,,,,,
1783990038.204,74325000,250,2,255,0,,,,,,,,,,,,,,,,,0.3499999940395355,-1.149999976158142,3.5485715866088867,2.715714454650879,3.5485715866088867,2.715714454650879,0.0,0.0,0.1755121648311615,0.40259408950805664,0.05766955763101578,1.0,0.001786944456398487,-0.001786944456398487,-0.001786944456398487,0.001786944456398487
1783990038.238,74347000,251,1,0,0,10.0,25.000459671020508,10.0,25.000459671020508,9.515999794006348,25.27150535583496,-0.27104616165161133,35.872154235839844,43.908103942871094,0.0,0.0,0.0004600626416504383,1.0,1.0,0.0,-1.0614914894104004,,,,,,,,,,,,,,,,
1783990038.257,74361000,252,1,1,0,10.0,24.999544143676758,10.0,24.999544143676758,8.863354682922363,25.305313110351562,-0.30576884746551514,38.36655044555664,47.667633056640625,0.0,0.0,-0.00045629710075445473,1.0,1.0,0.0,1.08248770236969,,,,,,,,,,,,,,,,
1783990038.276,74379000,253,1,2,0,10.0,24.99958038330078,10.0,24.99958038330078,8.875436782836914,25.21955108642578,-0.2199709415435791,39.96489334106445,46.831478118896484,0.0,0.0,-0.000419682270148769,1.0,1.0,0.0,-1.1336356401443481,,,,,,,,,,,,,,,,
1783990038.299,74399000,254,1,3,0,10.0,25.00038719177246,10.0,25.00038719177246,8.899786949157715,25.32196617126465,-0.3215789794921875,40.37521743774414,50.18010711669922,0.0,0.0,0.00038741971366107464,1.0,1.0,0.0,1.1458863019943237,,,,,,,,,,,,,,,,
1783990038.325,74422000,255,2,255,0,,,,,,,,,,,,,,,,,0.3499999940395355,-1.149999976158142,3.5485715866088867,2.715714454650879,3.5485715866088867,2.715714454650879,0.0,0.0,0.15670040249824524,0.3911934792995453,0.05670979619026184,1.0,0.0013763030292466283,-0.0013763030292466283,-0.0013763030292466283,0.0013763030292466283
1783990038.326,74448000,0,1,0,0,10.0,25.00032615661621,10.0,25.00032615661621,9.506978988647461,25.277250289916992,-0.2769261598587036,35.58598327636719,43.90754318237305,0.0,0.0,0.0003270503948442638,1.0,1.0,0.0,-1.051869511604309,,,,,,,,,,,,,,,,
1783990038.360,74469000,1,1,1,0,10.0,24.99966812133789,10.0,24.99966812133789,8.862531661987305,25.304704666137695,-0.3050372004508972,38.47438430786133,47.668155670166016,0.0,0.0,-0.0003313724300824106,1.0,1.0,0.0,1.085764765739441,,,,,,,,,,,,,,,,
1783990038.375,74483000,2,1,2,0,10.0,24.9996395111084,10.0,24.9996395111084,8.871997833251953,25.221269607543945,-0.22163093090057373,39.90116500854492,46.83172607421875,0.0,0.0,-0.00036062669823877513,1.0,1.0,0.0,-1.1314350366592407,,,,,,,,,,,,,,,,
1783990038.392,74498000,3,1,3,0,10.0,25.00037384033203,10.0,25.00037384033203,8.899673461914062,25.317228317260742,-0.3168553113937378,40.1050910949707,50.1800537109375,0.0,0.0,0.0003742859698832035,1.0,1.0,0.0,1.137041687965393,,,,,,,,,,,,,,,,
1783990038.410,74515000,4,2,255,0,,,,,,,,,,,,,,,,,0.3499999940395355,-1.149999976158142,3.5485715866088867,2.715714454650879,3.5485715866088867,2.715714454650879,0.0,0.0,0.15188242495059967,0.4024181365966797,0.05765455216169357,1.0,0.0017805028473958373,-0.0017805028473958373,-0.0017805028473958373,0.0017805028473958373
1783990038.411,74532000,5,1,0,0,10.0,25.000423431396484,10.0,25.000423431396484,9.508771896362305,25.276161193847656,-0.27573704719543457,35.50400161743164,43.9079475402832,0.0,0.0,0.0004231002531014383,1.0,1.0,0.0,-1.0492023229599,,,,,,,,,,,,,,,,
1783990038.430,74543000,6,1,1,0,10.0,24.999568939208984,10.0,24.999568939208984,8.863048553466797,25.305885314941406,-0.30631721019744873,38.29726791381836,47.6677360534668,0.0,0.0,-0.00043193198507651687,1.0,1.0,0.0,1.0804259777069092,,,,,,,,,,,,,,,,
1783990038.441,74553000,7,1,2,0,10.0,24.999563217163086,10.0,24.999563217163086,8.872498512268066,25.22151756286621,-0.22195428609848022,39.791168212890625,46.8314094543457,0.0,0.0,-0.0004364666237961501,1.0,1.0,0.0,-1.1289945840835571,,,,,,,,,,,,,,,,
1783990038.450,74563000,8,1,3,0,10.0,25.00044059753418,10.0,25.00044059753418,8.899785995483398,25.31822395324707,-0.3177821636199951,41.27914047241211,50.18033218383789,0.0,0.0,0.00044015137245878577,1.0,1.0,0.0,1.1749986410140991,,,,,,,,,,,,,,,,
1783990038.460,74573000,9,2,255,0,,,,,,,,,,,,,,,,,0.3499999940395355,-1.149999976158142,3.5485715866088867,2.715714454650879,3.5485715866088867,2.715714454650879,0.0,0.0,0.1373904049396515,0.4048611521720886,0.05786340683698654,1.0,0.0018702357774600387,-0.0018702357774600387,-0.0018702357774600387,0.0018702357774600387
1783990038.470,74583000,10,1,0,0,10.0,25.000446319580078,10.0,25.000446319580078,9.508903503417969,25.274654388427734,-0.2742081880569458,35.67240905761719,43.908042907714844,0.0,0.0,0.00044557597720995545,1.0,1.0,0.0,-1.0543338060379028,,,,,,,,,,,,,,,,
1783990038.480,74593000,11,1,1,0,10.0,24.99955177307129,10.0,24.99955177307129,8.863048553466797,25.305885314941406,-0.30633360147476196,38.22420883178711,47.667667388916016,0.0,0.0,-0.00044755038106814027,1.0,1.0,0.0,1.0781956911087036,,,,,,,,,,,,,,,,
1783990038.490,74603000,12,1,2,0,10.0,24.99955177307129,10.0,24.99955177307129,8.872498512268066,25.22151756286621,-0.2219662070274353,39.77676773071289,46.831356048583984,0.0,0.0,-0.00044915376929566264,1.0,1.0,0.0,-1.1286176443099976,,,,,,,,,,,,,,,,
1783990038.501,74613000,13,1,3,0,10.0,25.000450134277344,10.0,25.000450134277344,8.899785995483398,25.31822395324707,-0.3177732229232788,41.306278228759766,50.18037414550781,0.0,0.0,0.00045045529259368777,1.0,1.0,0.0,1.1758739948272705,,,,,,,,,,,,,,,,
1783990038.510,74623000,14,2,255,0,,,,,,,,,,,,,,,,,0.3499999940395355,-1.149999976158142,3.5485715866088867,2.715714454650879,3.5485715866088867,2.715714454650879,0.0,0.0,0.0,0.0,0.0,0.0,0.0,0.0,0.0,0.0
1783990038.521,74633000,15,1,0,0,10.0,25.0,10.0,25.0,9.508903503417969,25.274654388427734,-0.27465522289276123,35.6506233215332,43.906166076660156,0.0,0.0,0.0,1.0,1.0,0.0,-1.053670883178711,,,,,,,,,,,,,,,,
1783990038.530,74643000,16,1,1,0,10.0,25.0,10.0,25.0,8.863048553466797,25.305885314941406,-0.30588507652282715,38.24002456665039,47.669551849365234,0.0,0.0,0.0,1.0,1.0,0.0,1.0786728858947754,,,,,,,,,,,,,,,,
1783990038.541,74653000,17,1,2,0,10.0,25.0,10.0,25.0,8.872498512268066,25.22151756286621,-0.2215176820755005,39.7926025390625,46.83324432373047,0.0,0.0,0.0,1.0,1.0,0.0,-1.1290960311889648,,,,,,,,,,,,,,,,
1783990038.550,74663000,18,1,3,0,10.0,25.0,10.0,25.0,8.899785995483398,25.31822395324707,-0.318223237991333,41.28769302368164,50.1784782409668,0.0,0.0,0.0,1.0,1.0,0.0,1.1753134727478027,,,,,,,,,,,,,,,,
1783990038.560,74673000,19,2,255,0,,,,,,,,,,,,,,,,,0.3499999940395355,-1.149999976158142,3.5485715866088867,2.715714454650879,3.5485715866088867,2.715714454650879,0.0,0.0,0.0,0.0,0.0,0.0,0.0,0.0,0.0,0.0
1783990038.570,74683000,20,1,0,0,10.0,25.0,10.0,25.0,9.508903503417969,25.274654388427734,-0.27465522289276123,35.655296325683594,43.906166076660156,0.0,0.0,0.0,1.0,1.0,0.0,-1.053813099861145,,,,,,,,,,,,,,,,
1783990038.580,74693000,21,1,1,0,10.0,25.0,10.0,25.0,8.863048553466797,25.305885314941406,-0.30588507652282715,38.24002456665039,47.669551849365234,0.0,0.0,0.0,1.0,1.0,0.0,1.0786728858947754,,,,,,,,,,,,,,,,
1783990038.581,74703000,22,1,2,0,10.0,25.0,10.0,25.0,8.872498512268066,25.22151756286621,-0.2215176820755005,39.7926025390625,46.83324432373047,0.0,0.0,0.0,1.0,1.0,0.0,-1.1290960311889648,,,,,,,,,,,,,,,,
1783990038.600,74713000,23,1,3,0,10.0,25.0,10.0,25.0,8.899785995483398,25.31822395324707,-0.318223237991333,41.28986358642578,50.1784782409668,0.0,0.0,0.0,1.0,1.0,0.0,1.1753789186477661,,,,,,,,,,,,,,,,
1783990038.610,74723000,24,2,255,0,,,,,,,,,,,,,,,,,0.3499999940395355,-1.149999976158142,3.5485715866088867,2.715714454650879,3.5485715866088867,2.715714454650879,0.0,0.0,0.0,0.0,0.0,0.0,0.0,0.0,0.0,0.0
1783990038.621,74733000,25,1,0,0,10.0,25.0,10.0,25.0,9.508903503417969,25.274654388427734,-0.27465522289276123,35.65659713745117,43.906166076660156,0.0,0.0,0.0,1.0,1.0,0.0,-1.0538526773452759,,,,,,,,,,,,,,,,
1783990038.630,74743000,26,1,1,0,10.0,25.0,10.0,25.0,8.863048553466797,25.305885314941406,-0.30588507652282715,38.24002456665039,47.669551849365234,0.0,0.0,0.0,1.0,1.0,0.0,1.0786728858947754,,,,,,,,,,,,,,,,
1783990038.640,74753000,27,1,2,0,10.0,25.0,10.0,25.0,8.872498512268066,25.22151756286621,-0.2215176820755005,39.7926025390625,46.83324432373047,0.0,0.0,0.0,1.0,1.0,0.0,-1.1290960311889648,,,,,,,,,,,,,,,,
1783990038.650,74763000,28,1,3,0,10.0,25.0,10.0,25.0,8.899785995483398,25.31822395324707,-0.318223237991333,41.29046630859375,50.1784782409668,0.0,0.0,0.0,1.0,1.0,0.0,1.1753971576690674,,,,,,,,,,,,,,,,
1783990038.660,74773000,29,2,255,0,,,,,,,,,,,,,,,,,0.3499999940395355,-1.149999976158142,3.5485715866088867,2.715714454650879,3.5485715866088867,2.715714454650879,0.0,0.0,0.0,0.0,0.0,0.0,0.0,0.0,0.0,0.0
1783990038.670,74783000,30,1,0,0,10.0,25.0,10.0,25.0,9.508903503417969,25.274654388427734,-0.27465522289276123,35.656959533691406,43.906166076660156,0.0,0.0,0.0,1.0,1.0,0.0,-1.053863763809204,,,,,,,,,,,,,,,,
1783990038.680,74793000,31,1,1,0,10.0,25.0,10.0,25.0,8.863048553466797,25.305885314941406,-0.30588507652282715,38.24002456665039,47.669551849365234,0.0,0.0,0.0,1.0,1.0,0.0,1.0786728858947754,,,,,,,,,,,,,,,,
1783990038.690,74803000,32,1,2,0,10.0,25.0,10.0,25.0,8.872498512268066,25.22151756286621,-0.2215176820755005,39.7926025390625,46.83324432373047,0.0,0.0,0.0,1.0,1.0,0.0,-1.1290960311889648,,,,,,,,,,,,,,,,
1783990038.700,74813000,33,1,3,0,10.0,25.0,10.0,25.0,8.899785995483398,25.31822395324707,-0.318223237991333,41.2906379699707,50.1784782409668,0.0,0.0,0.0,1.0,1.0,0.0,1.175402283668518,,,,,,,,,,,,,,,,
1783990038.710,74823000,34,2,255,0,,,,,,,,,,,,,,,,,0.3499999940395355,-1.149999976158142,3.5485715866088867,2.715714454650879,3.5485715866088867,2.715714454650879,0.0,0.0,0.0,0.0,0.0,0.0,0.0,0.0,0.0,0.0
1783990038.720,74833000,35,1,0,0,10.0,25.0,10.0,25.0,9.508903503417969,25.274654388427734,-0.27465522289276123,35.65705871582031,43.906166076660156,0.0,0.0,0.0,1.0,1.0,0.0,-1.0538667440414429,,,,,,,,,,,,,,,,
1783990038.730,74843000,36,1,1,0,10.0,25.0,10.0,25.0,8.863048553466797,25.305885314941406,-0.30588507652282715,38.24002456665039,47.669551849365234,0.0,0.0,0.0,1.0,1.0,0.0,1.0786728858947754,,,,,,,,,,,,,,,,
1783990038.740,74853000,37,1,2,0,10.0,25.0,10.0,25.0,8.872498512268066,25.22151756286621,-0.2215176820755005,39.7926025390625,46.83324432373047,0.0,0.0,0.0,1.0,1.0,0.0,-1.1290960311889648,,,,,,,,,,,,,,,,
1783990038.750,74863000,38,1,3,0,10.0,25.0,10.0,25.0,8.899785995483398,25.31822395324707,-0.318223237991333,41.29068374633789,50.1784782409668,0.0,0.0,0.0,1.0,1.0,0.0,1.1754035949707031,,,,,,,,,,,,,,,,
1783990038.760,74873000,39,2,255,0,,,,,,,,,,,,,,,,,0.3499999940395355,-1.149999976158142,3.5485715866088867,2.715714454650879,3.5485715866088867,2.715714454650879,0.0,0.0,0.0,0.0,0.0,0.0,0.0,0.0,0.0,0.0
1783990038.770,74883000,40,1,0,0,10.0,25.0,10.0,25.0,9.508903503417969,25.274654388427734,-0.27465522289276123,35.65708923339844,43.906166076660156,0.0,0.0,0.0,1.0,1.0,0.0,-1.0538676977157593,,,,,,,,,,,,,,,,
1783990038.780,74893000,41,1,1,0,10.0,25.0,10.0,25.0,8.863048553466797,25.305885314941406,-0.30588507652282715,38.24002456665039,47.669551849365234,0.0,0.0,0.0,1.0,1.0,0.0,1.0786728858947754,,,,,,,,,,,,,,,,
1783990038.790,74903000,42,1,2,0,10.0,25.0,10.0,25.0,8.872498512268066,25.22151756286621,-0.2215176820755005,39.7926025390625,46.83324432373047,0.0,0.0,0.0,1.0,1.0,0.0,-1.1290960311889648,,,,,,,,,,,,,,,,
1783990038.800,74913000,43,1,3,0,10.0,25.0,10.0,25.0,8.899785995483398,25.31822395324707,-0.318223237991333,41.29069519042969,50.1784782409668,0.0,0.0,0.0,1.0,1.0,0.0,1.1754040718078613,,,,,,,,,,,,,,,,
1783990038.810,74923000,44,2,255,0,,,,,,,,,,,,,,,,,0.3499999940395355,-1.149999976158142,3.5485715866088867,2.715714454650879,3.5485715866088867,2.715714454650879,0.0,0.0,0.0,0.0,0.0,0.0,0.0,0.0,0.0,0.0
1783990038.820,74933000,45,1,0,0,10.0,25.0,10.0,25.0,9.508903503417969,25.274654388427734,-0.27465522289276123,35.65709686279297,43.906166076660156,0.0,0.0,0.0,1.0,1.0,0.0,-1.0538679361343384,,,,,,,,,,,,,,,,
1783990038.830,74943000,46,1,1,0,10.0,25.0,10.0,25.0,8.863048553466797,25.305885314941406,-0.30588507652282715,38.24002456665039,47.669551849365234,0.0,0.0,0.0,1.0,1.0,0.0,1.0786728858947754,,,,,,,,,,,,,,,,
1783990038.840,74953000,47,1,2,0,10.0,25.0,10.0,25.0,8.872498512268066,25.22151756286621,-0.2215176820755005,39.7926025390625,46.83324432373047,0.0,0.0,0.0,1.0,1.0,0.0,-1.1290960311889648,,,,,,,,,,,,,,,,
1783990038.850,74963000,48,1,3,0,10.0,25.0,10.0,25.0,8.899785995483398,25.31822395324707,-0.318223237991333,41.29070281982422,50.1784782409668,0.0,0.0,0.0,1.0,1.0,0.0,1.1754041910171509,,,,,,,,,,,,,,,,
1783990038.860,74973000,49,2,255,0,,,,,,,,,,,,,,,,,0.3499999940395355,-1.149999976158142,3.5485715866088867,2.715714454650879,3.5485715866088867,2.715714454650879,0.0,0.0,0.0,0.0,0.0,0.0,0.0,0.0,0.0,0.0
1783990038.870,74983000,50,1,0,0,10.0,25.0,10.0,25.0,9.508903503417969,25.274654388427734,-0.27465522289276123,35.65709686279297,43.906166076660156,0.0,0.0,0.0,1.0,1.0,0.0,-1.0538679361343384,,,,,,,,,,,,,,,,
1783990038.880,74993000,51,1,1,0,10.0,25.0,10.0,25.0,8.863048553466797,25.305885314941406,-0.30588507652282715,38.24002456665039,47.669551849365234,0.0,0.0,0.0,1.0,1.0,0.0,1.0786728858947754,,,,,,,,,,,,,,,,
1783990038.890,75003000,52,1,2,0,10.0,25.0,10.0,25.0,8.872498512268066,25.22151756286621,-0.2215176820755005,39.7926025390625,46.83324432373047,0.0,0.0,0.0,1.0,1.0,0.0,-1.1290960311889648,,,,,,,,,,,,,,,,
1783990038.900,75013000,53,1,3,0,10.0,25.0,10.0,25.0,8.899785995483398,25.31822395324707,-0.318223237991333,41.29070281982422,50.1784782409668,0.0,0.0,0.0,1.0,1.0,0.0,1.1754041910171509,,,,,,,,,,,,,,,,
1783990038.910,75023000,54,2,255,0,,,,,,,,,,,,,,,,,0.3499999940395355,-1.149999976158142,3.5485715866088867,2.715714454650879,3.5485715866088867,2.715714454650879,0.0,0.0,0.0,0.0,0.0,0.0,0.0,0.0,0.0,0.0
1783990038.920,75033000,55,1,0,0,10.0,25.0,10.0,25.0,9.508903503417969,25.274654388427734,-0.27465522289276123,35.657100677490234,43.906166076660156,0.0,0.0,0.0,1.0,1.0,0.0,-1.0538679361343384,,,,,,,,,,,,,,,,
1783990038.930,75043000,56,1,1,0,10.0,25.0,10.0,25.0,8.863048553466797,25.305885314941406,-0.30588507652282715,38.24002456665039,47.669551849365234,0.0,0.0,0.0,1.0,1.0,0.0,1.0786728858947754,,,,,,,,,,,,,,,,
1783990038.941,75053000,57,1,2,0,10.0,25.0,10.0,25.0,8.872498512268066,25.22151756286621,-0.2215176820755005,39.7926025390625,46.83324432373047,0.0,0.0,0.0,1.0,1.0,0.0,-1.1290960311889648,,,,,,,,,,,,,,,,
1783990038.950,75063000,58,1,3,0,10.0,25.0,10.0,25.0,8.899785995483398,25.31822395324707,-0.318223237991333,41.29070281982422,50.1784782409668,0.0,0.0,0.0,1.0,1.0,0.0,1.1754041910171509,,,,,,,,,,,,,,,,
1783990038.960,75073000,59,2,255,0,,,,,,,,,,,,,,,,,0.3499999940395355,-1.149999976158142,3.5485715866088867,2.715714454650879,3.5485715866088867,2.715714454650879,0.0,0.0,0.0,0.0,0.0,0.0,0.0,0.0,0.0,0.0
1783990038.970,75083000,60,1,0,0,10.0,25.0,10.0,25.0,9.508903503417969,25.274654388427734,-0.27465522289276123,35.657100677490234,43.906166076660156,0.0,0.0,0.0,1.0,1.0,0.0,-1.0538679361343384,,,,,,,,,,,,,,,,
1783990038.980,75093000,61,1,1,0,10.0,25.0,10.0,25.0,8.863048553466797,25.305885314941406,-0.30588507652282715,38.24002456665039,47.669551849365234,0.0,0.0,0.0,1.0,1.0,0.0,1.0786728858947754,,,,,,,,,,,,,,,,
1783990038.990,75103000,62,1,2,0,10.0,25.0,10.0,25.0,8.872498512268066,25.22151756286621,-0.2215176820755005,39.7926025390625,46.83324432373047,0.0,0.0,0.0,1.0,1.0,0.0,-1.1290960311889648,,,,,,,,,,,,,,,,
1783990039.001,75113000,63,1,3,0,10.0,25.0,10.0,25.0,8.899785995483398,25.31822395324707,-0.318223237991333,41.29070281982422,50.1784782409668,0.0,0.0,0.0,1.0,1.0,0.0,1.1754041910171509,,,,,,,,,,,,,,,,
1783990039.010,75123000,64,2,255,0,,,,,,,,,,,,,,,,,0.3499999940395355,-1.149999976158142,3.5485715866088867,2.715714454650879,3.5485715866088867,2.715714454650879,0.0,0.0,0.0,0.0,0.0,0.0,0.0,0.0,0.0,0.0
1783990039.021,75133000,65,1,0,0,10.0,25.0,10.0,25.0,9.508903503417969,25.274654388427734,-0.27465522289276123,35.657100677490234,43.906166076660156,0.0,0.0,0.0,1.0,1.0,0.0,-1.0538679361343384,,,,,,,,,,,,,,,,
1783990039.030,75143000,66,1,1,0,10.0,25.0,10.0,25.0,8.863048553466797,25.305885314941406,-0.30588507652282715,38.24002456665039,47.669551849365234,0.0,0.0,0.0,1.0,1.0,0.0,1.0786728858947754,,,,,,,,,,,,,,,,
1783990039.040,75153000,67,1,2,0,10.0,25.0,10.0,25.0,8.872498512268066,25.22151756286621,-0.2215176820755005,39.7926025390625,46.83324432373047,0.0,0.0,0.0,1.0,1.0,0.0,-1.1290960311889648,,,,,,,,,,,,,,,,
1783990039.050,75163000,68,1,3,0,10.0,25.0,10.0,25.0,8.899785995483398,25.31822395324707,-0.318223237991333,41.29070281982422,50.1784782409668,0.0,0.0,0.0,1.0,1.0,0.0,1.1754041910171509,,,,,,,,,,,,,,,,
1783990039.061,75173000,69,2,255,0,,,,,,,,,,,,,,,,,0.3499999940395355,-1.149999976158142,3.5485715866088867,2.715714454650879,3.5485715866088867,2.715714454650879,0.0,0.0,0.0,0.0,0.0,0.0,0.0,0.0,0.0,0.0
1783990039.070,75183000,70,1,0,0,10.0,25.0,10.0,25.0,9.508903503417969,25.274654388427734,-0.27465522289276123,35.657100677490234,43.906166076660156,0.0,0.0,0.0,1.0,1.0,0.0,-1.0538679361343384,,,,,,,,,,,,,,,,
1783990039.080,75193000,71,1,1,0,10.0,25.0,10.0,25.0,8.863048553466797,25.305885314941406,-0.30588507652282715,38.24002456665039,47.669551849365234,0.0,0.0,0.0,1.0,1.0,0.0,1.0786728858947754,,,,,,,,,,,,,,,,
1783990039.090,75203000,72,1,2,0,10.0,25.0,10.0,25.0,8.872498512268066,25.22151756286621,-0.2215176820755005,39.7926025390625,46.83324432373047,0.0,0.0,0.0,1.0,1.0,0.0,-1.1290960311889648,,,,,,,,,,,,,,,,
1783990039.100,75213000,73,1,3,0,10.0,25.0,10.0,25.0,8.899785995483398,25.31822395324707,-0.318223237991333,41.29070281982422,50.1784782409668,0.0,0.0,0.0,1.0,1.0,0.0,1.1754041910171509,,,,,,,,,,,,,,,,
1783990039.110,75223000,74,2,255,0,,,,,,,,,,,,,,,,,0.3499999940395355,-1.149999976158142,3.5485715866088867,2.715714454650879,3.5485715866088867,2.715714454650879,0.0,0.0,0.0,0.0,0.0,0.0,0.0,0.0,0.0,0.0
1783990039.120,75233000,75,1,0,0,10.0,25.0,10.0,25.0,9.508903503417969,25.274654388427734,-0.27465522289276123,35.657100677490234,43.906166076660156,0.0,0.0,0.0,1.0,1.0,0.0,-1.0538679361343384,,,,,,,,,,,,,,,,
1783990039.130,75243000,76,1,1,0,10.0,25.0,10.0,25.0,8.863048553466797,25.305885314941406,-0.30588507652282715,38.24002456665039,47.669551849365234,0.0,0.0,0.0,1.0,1.0,0.0,1.0786728858947754,,,,,,,,,,,,,,,,
1783990039.140,75253000,77,1,2,0,10.0,25.0,10.0,25.0,8.872498512268066,25.22151756286621,-0.2215176820755005,39.7926025390625,46.83324432373047,0.0,0.0,0.0,1.0,1.0,0.0,-1.1290960311889648,,,,,,,,,,,,,,,,
1783990039.150,75263000,78,1,3,0,10.0,25.0,10.0,25.0,8.899785995483398,25.31822395324707,-0.318223237991333,41.29070281982422,50.1784782409668,0.0,0.0,0.0,1.0,1.0,0.0,1.1754041910171509,,,,,,,,,,,,,,,,
1783990039.160,75273000,79,2,255,0,,,,,,,,,,,,,,,,,0.3499999940395355,-1.149999976158142,3.5485715866088867,2.715714454650879,3.5485715866088867,2.715714454650879,0.0,0.0,0.0,0.0,0.0,0.0,0.0,0.0,0.0,0.0
1783990039.170,75283000,80,1,0,0,10.0,25.0,10.0,25.0,9.508903503417969,25.274654388427734,-0.27465522289276123,35.657100677490234,43.906166076660156,0.0,0.0,0.0,1.0,1.0,0.0,-1.0538679361343384,,,,,,,,,,,,,,,,
1783990039.180,75293000,81,1,1,0,10.0,25.0,10.0,25.0,8.863048553466797,25.305885314941406,-0.30588507652282715,38.24002456665039,47.669551849365234,0.0,0.0,0.0,1.0,1.0,0.0,1.0786728858947754,,,,,,,,,,,,,,,,
1783990039.190,75303000,82,1,2,0,10.0,25.0,10.0,25.0,8.872498512268066,25.22151756286621,-0.2215176820755005,39.7926025390625,46.83324432373047,0.0,0.0,0.0,1.0,1.0,0.0,-1.1290960311889648,,,,,,,,,,,,,,,,
1783990039.200,75313000,83,1,3,0,10.0,25.0,10.0,25.0,8.899785995483398,25.31822395324707,-0.318223237991333,41.29070281982422,50.1784782409668,0.0,0.0,0.0,1.0,1.0,0.0,1.1754041910171509,,,,,,,,,,,,,,,,
1783990039.210,75323000,84,2,255,0,,,,,,,,,,,,,,,,,0.3499999940395355,-1.149999976158142,3.5485715866088867,2.715714454650879,3.5485715866088867,2.715714454650879,0.0,0.0,0.0,0.0,0.0,0.0,0.0,0.0,0.0,0.0
1783990039.220,75333000,85,1,0,0,10.0,25.0,10.0,25.0,9.508903503417969,25.274654388427734,-0.27465522289276123,35.657100677490234,43.906166076660156,0.0,0.0,0.0,1.0,1.0,0.0,-1.0538679361343384,,,,,,,,,,,,,,,,
1783990039.230,75343000,86,1,1,0,10.0,25.0,10.0,25.0,8.863048553466797,25.305885314941406,-0.30588507652282715,38.24002456665039,47.669551849365234,0.0,0.0,0.0,1.0,1.0,0.0,1.0786728858947754,,,,,,,,,,,,,,,,
1783990039.240,75353000,87,1,2,0,10.0,25.0,10.0,25.0,8.872498512268066,25.22151756286621,-0.2215176820755005,39.7926025390625,46.83324432373047,0.0,0.0,0.0,1.0,1.0,0.0,-1.1290960311889648,,,,,,,,,,,,,,,,
1783990039.250,75363000,88,1,3,0,10.0,25.0,10.0,25.0,8.899785995483398,25.31822395324707,-0.318223237991333,41.29070281982422,50.1784782409668,0.0,0.0,0.0,1.0,1.0,0.0,1.1754041910171509,,,,,,,,,,,,,,,,
1783990039.260,75373000,89,2,255,0,,,,,,,,,,,,,,,,,0.3499999940395355,-1.149999976158142,3.5485715866088867,2.715714454650879,3.5485715866088867,2.715714454650879,0.0,0.0,0.0,0.0,0.0,0.0,0.0,0.0,0.0,0.0
1783990039.270,75383000,90,1,0,0,10.0,25.0,10.0,25.0,9.508903503417969,25.274654388427734,-0.27465522289276123,35.657100677490234,43.906166076660156,0.0,0.0,0.0,1.0,1.0,0.0,-1.0538679361343384,,,,,,,,,,,,,,,,
1783990039.280,75393000,91,1,1,0,10.0,25.0,10.0,25.0,8.863048553466797,25.305885314941406,-0.30588507652282715,38.24002456665039,47.669551849365234,0.0,0.0,0.0,1.0,1.0,0.0,1.0786728858947754,,,,,,,,,,,,,,,,
1783990039.290,75403000,92,1,2,0,10.0,25.0,10.0,25.0,8.872498512268066,25.22151756286621,-0.2215176820755005,39.7926025390625,46.83324432373047,0.0,0.0,0.0,1.0,1.0,0.0,-1.1290960311889648,,,,,,,,,,,,,,,,
1783990039.300,75413000,93,1,3,0,10.0,25.0,10.0,25.0,8.899785995483398,25.31822395324707,-0.318223237991333,41.29070281982422,50.1784782409668,0.0,0.0,0.0,1.0,1.0,0.0,1.1754041910171509,,,,,,,,,,,,,,,,
1783990039.310,75423000,94,2,255,0,,,,,,,,,,,,,,,,,0.3499999940395355,-1.149999976158142,3.5485715866088867,2.715714454650879,3.5485715866088867,2.715714454650879,0.0,0.0,0.0,0.0,0.0,0.0,0.0,0.0,0.0,0.0
1783990039.320,75433000,95,1,0,0,10.0,25.0,10.0,25.0,9.508903503417969,25.274654388427734,-0.27465522289276123,35.657100677490234,43.906166076660156,0.0,0.0,0.0,1.0,1.0,0.0,-1.0538679361343384,,,,,,,,,,,,,,,,
1783990039.330,75443000,96,1,1,0,10.0,25.0,10.0,25.0,8.863048553466797,25.305885314941406,-0.30588507652282715,38.24002456665039,47.669551849365234,0.0,0.0,0.0,1.0,1.0,0.0,1.0786728858947754,,,,,,,,,,,,,,,,
1783990039.340,75453000,97,1,2,0,10.0,25.0,10.0,25.0,8.872498512268066,25.22151756286621,-0.2215176820755005,39.7926025390625,46.83324432373047,0.0,0.0,0.0,1.0,1.0,0.0,-1.1290960311889648,,,,,,,,,,,,,,,,
1783990039.350,75463000,98,1,3,0,10.0,25.0,10.0,25.0,8.899785995483398,25.31822395324707,-0.318223237991333,41.29070281982422,50.1784782409668,0.0,0.0,0.0,1.0,1.0,0.0,1.1754041910171509,,,,,,,,,,,,,,,,
1783990039.350,75473000,99,2,255,0,,,,,,,,,,,,,,,,,0.3499999940395355,-1.149999976158142,3.5485715866088867,2.715714454650879,3.5485715866088867,2.715714454650879,0.0,0.0,0.0,0.0,0.0,0.0,0.0,0.0,0.0,0.0
1783990039.370,75483000,100,1,0,0,10.0,25.0,10.0,25.0,9.508903503417969,25.274654388427734,-0.27465522289276123,35.657100677490234,43.906166076660156,0.0,0.0,0.0,1.0,1.0,0.0,-1.0538679361343384,,,,,,,,,,,,,,,,
1783990039.380,75493000,101,1,1,0,10.0,25.0,10.0,25.0,8.863048553466797,25.305885314941406,-0.30588507652282715,38.24002456665039,47.669551849365234,0.0,0.0,0.0,1.0,1.0,0.0,1.0786728858947754,,,,,,,,,,,,,,,,
1783990039.390,75503000,102,1,2,0,10.0,25.0,10.0,25.0,8.872498512268066,25.22151756286621,-0.2215176820755005,39.7926025390625,46.83324432373047,0.0,0.0,0.0,1.0,1.0,0.0,-1.1290960311889648,,,,,,,,,,,,,,,,
1783990039.400,75513000,103,1,3,0,10.0,25.0,10.0,25.0,8.899785995483398,25.31822395324707,-0.318223237991333,41.29070281982422,50.1784782409668,0.0,0.0,0.0,1.0,1.0,0.0,1.1754041910171509,,,,,,,,,,,,,,,,
1783990039.410,75523000,104,2,255,0,,,,,,,,,,,,,,,,,0.3499999940395355,-1.149999976158142,3.5485715866088867,2.715714454650879,3.5485715866088867,2.715714454650879,0.0,0.0,0.0,0.0,0.0,0.0,0.0,0.0,0.0,0.0
1783990039.420,75533000,105,1,0,0,10.0,25.0,10.0,25.0,9.508903503417969,25.274654388427734,-0.27465522289276123,35.657100677490234,43.906166076660156,0.0,0.0,0.0,1.0,1.0,0.0,-1.0538679361343384,,,,,,,,,,,,,,,,
1783990039.430,75543000,106,1,1,0,10.0,25.0,10.0,25.0,8.863048553466797,25.305885314941406,-0.30588507652282715,38.24002456665039,47.669551849365234,0.0,0.0,0.0,1.0,1.0,0.0,1.0786728858947754,,,,,,,,,,,,,,,,
1783990039.440,75553000,107,1,2,0,10.0,25.0,10.0,25.0,8.872498512268066,25.22151756286621,-0.2215176820755005,39.7926025390625,46.83324432373047,0.0,0.0,0.0,1.0,1.0,0.0,-1.1290960311889648,,,,,,,,,,,,,,,,
1783990039.450,75563000,108,1,3,0,10.0,25.0,10.0,25.0,8.899785995483398,25.31822395324707,-0.318223237991333,41.29070281982422,50.1784782409668,0.0,0.0,0.0,1.0,1.0,0.0,1.1754041910171509,,,,,,,,,,,,,,,,
1783990039.461,75573000,109,2,255,0,,,,,,,,,,,,,,,,,0.3499999940395355,-1.149999976158142,3.5485715866088867,2.715714454650879,3.5485715866088867,2.715714454650879,0.0,0.0,0.0,0.0,0.0,0.0,0.0,0.0,0.0,0.0
1783990039.470,75583000,110,1,0,0,10.0,25.0,10.0,25.0,9.508903503417969,25.274654388427734,-0.27465522289276123,35.657100677490234,43.906166076660156,0.0,0.0,0.0,1.0,1.0,0.0,-1.0538679361343384,,,,,,,,,,,,,,,,
1783990039.481,75593000,111,1,1,0,10.0,25.0,10.0,25.0,8.863048553466797,25.305885314941406,-0.30588507652282715,38.24002456665039,47.669551849365234,0.0,0.0,0.0,1.0,1.0,0.0,1.0786728858947754,,,,,,,,,,,,,,,,
1783990039.490,75603000,112,1,2,0,10.0,25.0,10.0,25.0,8.872498512268066,25.22151756286621,-0.2215176820755005,39.7926025390625,46.83324432373047,0.0,0.0,0.0,1.0,1.0,0.0,-1.1290960311889648,,,,,,,,,,,,,,,,
1783990039.500,75613000,113,1,3,0,10.0,25.0,10.0,25.0,8.899785995483398,25.31822395324707,-0.318223237991333,41.29070281982422,50.1784782409668,0.0,0.0,0.0,1.0,1.0,0.0,1.1754041910171509,,,,,,,,,,,,,,,,
1783990039.510,75623000,114,2,255,0,,,,,,,,,,,,,,,,,0.3499999940395355,-1.149999976158142,3.5485715866088867,2.715714454650879,3.5485715866088867,2.715714454650879,0.0,0.0,0.0,0.0,0.0,0.0,0.0,0.0,0.0,0.0
1783990039.520,75633000,115,1,0,0,10.0,25.0,10.0,25.0,9.508903503417969,25.274654388427734,-0.27465522289276123,35.657100677490234,43.906166076660156,0.0,0.0,0.0,1.0,1.0,0.0,-1.0538679361343384,,,,,,,,,,,,,,,,
1783990039.530,75643000,116,1,1,0,10.0,25.0,10.0,25.0,8.863048553466797,25.305885314941406,-0.30588507652282715,38.24002456665039,47.669551849365234,0.0,0.0,0.0,1.0,1.0,0.0,1.0786728858947754,,,,,,,,,,,,,,,,
1783990039.540,75653000,117,1,2,0,10.0,25.0,10.0,25.0,8.872498512268066,25.22151756286621,-0.2215176820755005,39.7926025390625,46.83324432373047,0.0,0.0,0.0,1.0,1.0,0.0,-1.1290960311889648,,,,,,,,,,,,,,,,
1783990039.550,75663000,118,1,3,0,10.0,25.0,10.0,25.0,8.899785995483398,25.31822395324707,-0.318223237991333,41.29070281982422,50.1784782409668,0.0,0.0,0.0,1.0,1.0,0.0,1.1754041910171509,,,,,,,,,,,,,,,,
1783990039.560,75673000,119,2,255,0,,,,,,,,,,,,,,,,,0.3499999940395355,-1.149999976158142,3.5485715866088867,2.715714454650879,3.5485715866088867,2.715714454650879,0.0,0.0,0.0,0.0,0.0,0.0,0.0,0.0,0.0,0.0
1783990039.570,75683000,120,1,0,0,10.0,25.0,10.0,25.0,9.508903503417969,25.274654388427734,-0.27465522289276123,35.657100677490234,43.906166076660156,0.0,0.0,0.0,1.0,1.0,0.0,-1.0538679361343384,,,,,,,,,,,,,,,,
1783990039.580,75693000,121,1,1,0,10.0,25.0,10.0,25.0,8.863048553466797,25.305885314941406,-0.30588507652282715,38.24002456665039,47.669551849365234,0.0,0.0,0.0,1.0,1.0,0.0,1.0786728858947754,,,,,,,,,,,,,,,,
1783990039.590,75703000,122,1,2,0,10.0,25.0,10.0,25.0,8.872498512268066,25.22151756286621,-0.2215176820755005,39.7926025390625,46.83324432373047,0.0,0.0,0.0,1.0,1.0,0.0,-1.1290960311889648,,,,,,,,,,,,,,,,
1783990039.600,75713000,123,1,3,0,10.0,25.0,10.0,25.0,8.899785995483398,25.31822395324707,-0.318223237991333,41.29070281982422,50.1784782409668,0.0,0.0,0.0,1.0,1.0,0.0,1.1754041910171509,,,,,,,,,,,,,,,,
1783990039.610,75723000,124,2,255,0,,,,,,,,,,,,,,,,,0.3499999940395355,-1.149999976158142,3.5485715866088867,2.715714454650879,3.5485715866088867,2.715714454650879,0.0,0.0,0.0,0.0,0.0,0.0,0.0,0.0,0.0,0.0
1783990039.621,75733000,125,1,0,0,10.0,25.0,10.0,25.0,9.508903503417969,25.274654388427734,-0.27465522289276123,35.657100677490234,43.906166076660156,0.0,0.0,0.0,1.0,1.0,0.0,-1.0538679361343384,,,,,,,,,,,,,,,,
1783990039.630,75743000,126,1,1,0,10.0,25.0,10.0,25.0,8.863048553466797,25.305885314941406,-0.30588507652282715,38.24002456665039,47.669551849365234,0.0,0.0,0.0,1.0,1.0,0.0,1.0786728858947754,,,,,,,,,,,,,,,,
1783990039.640,75753000,127,1,2,0,10.0,25.0,10.0,25.0,8.872498512268066,25.22151756286621,-0.2215176820755005,39.7926025390625,46.83324432373047,0.0,0.0,0.0,1.0,1.0,0.0,-1.1290960311889648,,,,,,,,,,,,,,,,
1783990039.650,75763000,128,1,3,0,10.0,25.0,10.0,25.0,8.899785995483398,25.31822395324707,-0.318223237991333,41.29070281982422,50.1784782409668,0.0,0.0,0.0,1.0,1.0,0.0,1.1754041910171509,,,,,,,,,,,,,,,,
1783990039.660,75773000,129,2,255,0,,,,,,,,,,,,,,,,,0.3499999940395355,-1.149999976158142,3.5485715866088867,2.715714454650879,3.5485715866088867,2.715714454650879,0.0,0.0,0.0,0.0,0.0,0.0,0.0,0.0,0.0,0.0
1783990039.670,75783000,130,1,0,0,10.0,25.0,10.0,25.0,9.508903503417969,25.274654388427734,-0.27465522289276123,35.657100677490234,43.906166076660156,0.0,0.0,0.0,1.0,1.0,0.0,-1.0538679361343384,,,,,,,,,,,,,,,,
1783990039.680,75793000,131,1,1,0,10.0,25.0,10.0,25.0,8.863048553466797,25.305885314941406,-0.30588507652282715,38.24002456665039,47.669551849365234,0.0,0.0,0.0,1.0,1.0,0.0,1.0786728858947754,,,,,,,,,,,,,,,,
1783990039.690,75803000,132,1,2,0,10.0,25.0,10.0,25.0,8.872498512268066,25.22151756286621,-0.2215176820755005,39.7926025390625,46.83324432373047,0.0,0.0,0.0,1.0,1.0,0.0,-1.1290960311889648,,,,,,,,,,,,,,,,
1783990039.700,75813000,133,1,3,0,10.0,25.0,10.0,25.0,8.899785995483398,25.31822395324707,-0.318223237991333,41.29070281982422,50.1784782409668,0.0,0.0,0.0,1.0,1.0,0.0,1.1754041910171509,,,,,,,,,,,,,,,,
1783990039.710,75823000,134,2,255,0,,,,,,,,,,,,,,,,,0.3499999940395355,-1.149999976158142,3.5485715866088867,2.715714454650879,3.5485715866088867,2.715714454650879,0.0,0.0,0.0,0.0,0.0,0.0,0.0,0.0,0.0,0.0
1783990039.720,75833000,135,1,0,0,10.0,25.0,10.0,25.0,9.508903503417969,25.274654388427734,-0.27465522289276123,35.657100677490234,43.906166076660156,0.0,0.0,0.0,1.0,1.0,0.0,-1.0538679361343384,,,,,,,,,,,,,,,,
1783990039.730,75843000,136,1,1,0,10.0,25.0,10.0,25.0,8.863048553466797,25.305885314941406,-0.30588507652282715,38.24002456665039,47.669551849365234,0.0,0.0,0.0,1.0,1.0,0.0,1.0786728858947754,,,,,,,,,,,,,,,,
1783990039.740,75853000,137,1,2,0,10.0,25.0,10.0,25.0,8.872498512268066,25.22151756286621,-0.2215176820755005,39.7926025390625,46.83324432373047,0.0,0.0,0.0,1.0,1.0,0.0,-1.1290960311889648,,,,,,,,,,,,,,,,
1783990039.750,75863000,138,1,3,0,10.0,25.0,10.0,25.0,8.899785995483398,25.31822395324707,-0.318223237991333,41.29070281982422,50.1784782409668,0.0,0.0,0.0,1.0,1.0,0.0,1.1754041910171509,,,,,,,,,,,,,,,,
1783990039.760,75873000,139,2,255,0,,,,,,,,,,,,,,,,,0.3499999940395355,-1.149999976158142,3.5485715866088867,2.715714454650879,3.5485715866088867,2.715714454650879,0.0,0.0,0.0,0.0,0.0,0.0,0.0,0.0,0.0,0.0
1783990039.770,75883000,140,1,0,0,10.0,25.0,10.0,25.0,9.508903503417969,25.274654388427734,-0.27465522289276123,35.657100677490234,43.906166076660156,0.0,0.0,0.0,1.0,1.0,0.0,-1.0538679361343384,,,,,,,,,,,,,,,,
1783990039.780,75893000,141,1,1,0,10.0,25.0,10.0,25.0,8.863048553466797,25.305885314941406,-0.30588507652282715,38.24002456665039,47.669551849365234,0.0,0.0,0.0,1.0,1.0,0.0,1.0786728858947754,,,,,,,,,,,,,,,,
1783990039.790,75903000,142,1,2,0,10.0,25.0,10.0,25.0,8.872498512268066,25.22151756286621,-0.2215176820755005,39.7926025390625,46.83324432373047,0.0,0.0,0.0,1.0,1.0,0.0,-1.1290960311889648,,,,,,,,,,,,,,,,
1783990039.800,75913000,143,1,3,0,10.0,25.0,10.0,25.0,8.899785995483398,25.31822395324707,-0.318223237991333,41.29070281982422,50.1784782409668,0.0,0.0,0.0,1.0,1.0,0.0,1.1754041910171509,,,,,,,,,,,,,,,,
1783990039.810,75923000,144,2,255,0,,,,,,,,,,,,,,,,,0.3499999940395355,-1.149999976158142,3.5485715866088867,2.715714454650879,3.5485715866088867,2.715714454650879,0.0,0.0,0.0,0.0,0.0,0.0,0.0,0.0,0.0,0.0
1783990039.820,75933000,145,1,0,0,10.0,25.0,10.0,25.0,9.508903503417969,25.274654388427734,-0.27465522289276123,35.657100677490234,43.906166076660156,0.0,0.0,0.0,1.0,1.0,0.0,-1.0538679361343384,,,,,,,,,,,,,,,,
1783990039.830,75943000,146,1,1,0,10.0,25.0,10.0,25.0,8.863048553466797,25.305885314941406,-0.30588507652282715,38.24002456665039,47.669551849365234,0.0,0.0,0.0,1.0,1.0,0.0,1.0786728858947754,,,,,,,,,,,,,,,,
1783990039.841,75953000,147,1,2,0,10.0,25.0,10.0,25.0,8.872498512268066,25.22151756286621,-0.2215176820755005,39.7926025390625,46.83324432373047,0.0,0.0,0.0,1.0,1.0,0.0,-1.1290960311889648,,,,,,,,,,,,,,,,
1783990039.850,75963000,148,1,3,0,10.0,25.0,10.0,25.0,8.899785995483398,25.31822395324707,-0.318223237991333,41.29070281982422,50.1784782409668,0.0,0.0,0.0,1.0,1.0,0.0,1.1754041910171509,,,,,,,,,,,,,,,,
1783990039.860,75973000,149,2,255,0,,,,,,,,,,,,,,,,,0.3499999940395355,-1.149999976158142,3.5485715866088867,2.715714454650879,3.5485715866088867,2.715714454650879,0.0,0.0,0.0,0.0,0.0,0.0,0.0,0.0,0.0,0.0
1783990039.860,75983000,150,1,0,0,10.0,25.0,10.0,25.0,9.508903503417969,25.274654388427734,-0.27465522289276123,35.657100677490234,43.906166076660156,0.0,0.0,0.0,1.0,1.0,0.0,-1.0538679361343384,,,,,,,,,,,,,,,,
1783990039.880,75993000,151,1,1,0,10.0,25.0,10.0,25.0,8.863048553466797,25.305885314941406,-0.30588507652282715,38.24002456665039,47.669551849365234,0.0,0.0,0.0,1.0,1.0,0.0,1.0786728858947754,,,,,,,,,,,,,,,,
1783990039.890,76003000,152,1,2,0,10.0,25.0,10.0,25.0,8.872498512268066,25.22151756286621,-0.2215176820755005,39.7926025390625,46.83324432373047,0.0,0.0,0.0,1.0,1.0,0.0,-1.1290960311889648,,,,,,,,,,,,,,,,
1783990039.902,76013000,153,1,3,0,10.0,25.0,10.0,25.0,8.899785995483398,25.31822395324707,-0.318223237991333,41.29070281982422,50.1784782409668,0.0,0.0,0.0,1.0,1.0,0.0,1.1754041910171509,,,,,,,,,,,,,,,,
1783990039.910,76023000,154,2,255,0,,,,,,,,,,,,,,,,,0.3499999940395355,-1.149999976158142,3.5485715866088867,2.715714454650879,3.5485715866088867,2.715714454650879,0.0,0.0,0.0,0.0,0.0,0.0,0.0,0.0,0.0,0.0
1783990039.920,76033000,155,1,0,0,10.0,25.0,10.0,25.0,9.508903503417969,25.274654388427734,-0.27465522289276123,35.657100677490234,43.906166076660156,0.0,0.0,0.0,1.0,1.0,0.0,-1.0538679361343384,,,,,,,,,,,,,,,,
1783990039.932,76043000,156,1,1,0,10.0,25.0,10.0,25.0,8.863048553466797,25.305885314941406,-0.30588507652282715,38.24002456665039,47.669551849365234,0.0,0.0,0.0,1.0,1.0,0.0,1.0786728858947754,,,,,,,,,,,,,,,,
1783990039.940,76053000,157,1,2,0,10.0,25.0,10.0,25.0,8.872498512268066,25.22151756286621,-0.2215176820755005,39.7926025390625,46.83324432373047,0.0,0.0,0.0,1.0,1.0,0.0,-1.1290960311889648,,,,,,,,,,,,,,,,
1783990039.950,76063000,158,1,3,0,10.0,25.0,10.0,25.0,8.899785995483398,25.31822395324707,-0.318223237991333,41.29070281982422,50.1784782409668,0.0,0.0,0.0,1.0,1.0,0.0,1.1754041910171509,,,,,,,,,,,,,,,,
1783990039.960,76073000,159,2,255,0,,,,,,,,,,,,,,,,,0.3499999940395355,-1.149999976158142,3.5485715866088867,2.715714454650879,3.5485715866088867,2.715714454650879,0.0,0.0,0.0,0.0,0.0,0.0,0.0,0.0,0.0,0.0
1783990039.970,76083000,160,1,0,0,10.0,25.0,10.0,25.0,9.508903503417969,25.274654388427734,-0.27465522289276123,35.657100677490234,43.906166076660156,0.0,0.0,0.0,1.0,1.0,0.0,-1.0538679361343384,,,,,,,,,,,,,,,,
1783990039.980,76093000,161,1,1,0,10.0,25.0,10.0,25.0,8.863048553466797,25.305885314941406,-0.30588507652282715,38.24002456665039,47.669551849365234,0.0,0.0,0.0,1.0,1.0,0.0,1.0786728858947754,,,,,,,,,,,,,,,,
1783990039.990,76103000,162,1,2,0,10.0,25.0,10.0,25.0,8.872498512268066,25.22151756286621,-0.2215176820755005,39.7926025390625,46.83324432373047,0.0,0.0,0.0,1.0,1.0,0.0,-1.1290960311889648,,,,,,,,,,,,,,,,
1783990040.000,76113000,163,1,3,0,10.0,25.0,10.0,25.0,8.899785995483398,25.31822395324707,-0.318223237991333,41.29070281982422,50.1784782409668,0.0,0.0,0.0,1.0,1.0,0.0,1.1754041910171509,,,,,,,,,,,,,,,,
1783990040.010,76123000,164,2,255,0,,,,,,,,,,,,,,,,,0.3499999940395355,-1.149999976158142,3.5485715866088867,2.715714454650879,3.5485715866088867,2.715714454650879,0.0,0.0,0.0,0.0,0.0,0.0,0.0,0.0,0.0,0.0
1783990040.020,76133000,165,1,0,0,10.0,25.0,10.0,25.0,9.508903503417969,25.274654388427734,-0.27465522289276123,35.657100677490234,43.906166076660156,0.0,0.0,0.0,1.0,1.0,0.0,-1.0538679361343384,,,,,,,,,,,,,,,,
1783990040.030,76143000,166,1,1,0,10.0,25.0,10.0,25.0,8.863048553466797,25.305885314941406,-0.30588507652282715,38.24002456665039,47.669551849365234,0.0,0.0,0.0,1.0,1.0,0.0,1.0786728858947754,,,,,,,,,,,,,,,,
1783990040.041,76153000,167,1,2,0,10.0,25.0,10.0,25.0,8.872498512268066,25.22151756286621,-0.2215176820755005,39.7926025390625,46.83324432373047,0.0,0.0,0.0,1.0,1.0,0.0,-1.1290960311889648,,,,,,,,,,,,,,,,
1783990040.050,76163000,168,1,3,0,10.0,25.0,10.0,25.0,8.899785995483398,25.31822395324707,-0.318223237991333,41.29070281982422,50.1784782409668,0.0,0.0,0.0,1.0,1.0,0.0,1.1754041910171509,,,,,,,,,,,,,,,,
1783990040.060,76173000,169,2,255,0,,,,,,,,,,,,,,,,,0.3499999940395355,-1.149999976158142,3.5485715866088867,2.715714454650879,3.5485715866088867,2.715714454650879,0.0,0.0,0.0,0.0,0.0,0.0,0.0,0.0,0.0,0.0
1783990040.070,76183000,170,1,0,0,10.0,25.0,10.0,25.0,9.508903503417969,25.274654388427734,-0.27465522289276123,35.657100677490234,43.906166076660156,0.0,0.0,0.0,1.0,1.0,0.0,-1.0538679361343384,,,,,,,,,,,,,,,,
1783990040.081,76193000,171,1,1,0,10.0,25.0,10.0,25.0,8.863048553466797,25.305885314941406,-0.30588507652282715,38.24002456665039,47.669551849365234,0.0,0.0,0.0,1.0,1.0,0.0,1.0786728858947754,,,,,,,,,,,,,,,,
1783990040.090,76203000,172,1,2,0,10.0,25.0,10.0,25.0,8.872498512268066,25.22151756286621,-0.2215176820755005,39.7926025390625,46.83324432373047,0.0,0.0,0.0,1.0,1.0,0.0,-1.1290960311889648,,,,,,,,,,,,,,,,
1783990040.100,76213000,173,1,3,0,10.0,25.0,10.0,25.0,8.899785995483398,25.31822395324707,-0.318223237991333,41.29070281982422,50.1784782409668,0.0,0.0,0.0,1.0,1.0,0.0,1.1754041910171509,,,,,,,,,,,,,,,,
1783990040.110,76223000,174,2,255,0,,,,,,,,,,,,,,,,,0.3499999940395355,-1.149999976158142,3.5485715866088867,2.715714454650879,3.5485715866088867,2.715714454650879,0.0,0.0,0.0,0.0,0.0,0.0,0.0,0.0,0.0,0.0
1783990040.120,76233000,175,1,0,0,10.0,25.0,10.0,25.0,9.508903503417969,25.274654388427734,-0.27465522289276123,35.657100677490234,43.906166076660156,0.0,0.0,0.0,1.0,1.0,0.0,-1.0538679361343384,,,,,,,,,,,,,,,,
1783990040.130,76243000,176,1,1,0,10.0,25.0,10.0,25.0,8.863048553466797,25.305885314941406,-0.30588507652282715,38.24002456665039,47.669551849365234,0.0,0.0,0.0,1.0,1.0,0.0,1.0786728858947754,,,,,,,,,,,,,,,,
1783990040.140,76253000,177,1,2,0,10.0,25.0,10.0,25.0,8.872498512268066,25.22151756286621,-0.2215176820755005,39.7926025390625,46.83324432373047,0.0,0.0,0.0,1.0,1.0,0.0,-1.1290960311889648,,,,,,,,,,,,,,,,
1783990040.150,76263000,178,1,3,0,10.0,25.0,10.0,25.0,8.899785995483398,25.31822395324707,-0.318223237991333,41.29070281982422,50.1784782409668,0.0,0.0,0.0,1.0,1.0,0.0,1.1754041910171509,,,,,,,,,,,,,,,,
1783990040.160,76273000,179,2,255,0,,,,,,,,,,,,,,,,,0.3499999940395355,-1.149999976158142,3.5485715866088867,2.715714454650879,3.5485715866088867,2.715714454650879,0.0,0.0,0.0,0.0,0.0,0.0,0.0,0.0,0.0,0.0
1783990040.170,76283000,180,1,0,0,10.0,25.0,10.0,25.0,9.508903503417969,25.274654388427734,-0.27465522289276123,35.657100677490234,43.906166076660156,0.0,0.0,0.0,1.0,1.0,0.0,-1.0538679361343384,,,,,,,,,,,,,,,,
1783990040.180,76293000,181,1,1,0,10.0,25.0,10.0,25.0,8.863048553466797,25.305885314941406,-0.30588507652282715,38.24002456665039,47.669551849365234,0.0,0.0,0.0,1.0,1.0,0.0,1.0786728858947754,,,,,,,,,,,,,,,,
1783990040.190,76303000,182,1,2,0,10.0,25.0,10.0,25.0,8.872498512268066,25.22151756286621,-0.2215176820755005,39.7926025390625,46.83324432373047,0.0,0.0,0.0,1.0,1.0,0.0,-1.1290960311889648,,,,,,,,,,,,,,,,
1783990040.200,76313000,183,1,3,0,10.0,25.0,10.0,25.0,8.899785995483398,25.31822395324707,-0.318223237991333,41.29070281982422,50.1784782409668,0.0,0.0,0.0,1.0,1.0,0.0,1.1754041910171509,,,,,,,,,,,,,,,,
1783990040.210,76323000,184,2,255,0,,,,,,,,,,,,,,,,,0.3499999940395355,-1.149999976158142,3.5485715866088867,2.715714454650879,3.5485715866088867,2.715714454650879,0.0,0.0,0.0,0.0,0.0,0.0,0.0,0.0,0.0,0.0
1783990040.220,76333000,185,1,0,0,10.0,25.0,10.0,25.0,9.508903503417969,25.274654388427734,-0.27465522289276123,35.657100677490234,43.906166076660156,0.0,0.0,0.0,1.0,1.0,0.0,-1.0538679361343384,,,,,,,,,,,,,,,,
1783990040.230,76343000,186,1,1,0,10.0,25.0,10.0,25.0,8.863048553466797,25.305885314941406,-0.30588507652282715,38.24002456665039,47.669551849365234,0.0,0.0,0.0,1.0,1.0,0.0,1.0786728858947754,,,,,,,,,,,,,,,,
1783990040.240,76353000,187,1,2,0,10.0,25.0,10.0,25.0,8.872498512268066,25.22151756286621,-0.2215176820755005,39.7926025390625,46.83324432373047,0.0,0.0,0.0,1.0,1.0,0.0,-1.1290960311889648,,,,,,,,,,,,,,,,
1783990040.250,76363000,188,1,3,0,10.0,25.0,10.0,25.0,8.899785995483398,25.31822395324707,-0.318223237991333,41.29070281982422,50.1784782409668,0.0,0.0,0.0,1.0,1.0,0.0,1.1754041910171509,,,,,,,,,,,,,,,,
1783990040.260,76373000,189,2,255,0,,,,,,,,,,,,,,,,,0.3499999940395355,-1.149999976158142,3.5485715866088867,2.715714454650879,3.5485715866088867,2.715714454650879,0.0,0.0,0.0,0.0,0.0,0.0,0.0,0.0,0.0,0.0
1783990040.270,76383000,190,1,0,0,10.0,25.0,10.0,25.0,9.508903503417969,25.274654388427734,-0.27465522289276123,35.657100677490234,43.906166076660156,0.0,0.0,0.0,1.0,1.0,0.0,-1.0538679361343384,,,,,,,,,,,,,,,,
1783990040.280,76393000,191,1,1,0,10.0,25.0,10.0,25.0,8.863048553466797,25.305885314941406,-0.30588507652282715,38.24002456665039,47.669551849365234,0.0,0.0,0.0,1.0,1.0,0.0,1.0786728858947754,,,,,,,,,,,,,,,,
1783990040.290,76403000,192,1,2,0,10.0,25.0,10.0,25.0,8.872498512268066,25.22151756286621,-0.2215176820755005,39.7926025390625,46.83324432373047,0.0,0.0,0.0,1.0,1.0,0.0,-1.1290960311889648,,,,,,,,,,,,,,,,
1783990040.300,76413000,193,1,3,0,10.0,25.0,10.0,25.0,8.899785995483398,25.31822395324707,-0.318223237991333,41.29070281982422,50.1784782409668,0.0,0.0,0.0,1.0,1.0,0.0,1.1754041910171509,,,,,,,,,,,,,,,,
1783990040.310,76423000,194,2,255,0,,,,,,,,,,,,,,,,,0.3499999940395355,-1.149999976158142,3.5485715866088867,2.715714454650879,3.5485715866088867,2.715714454650879,0.0,0.0,0.0,0.0,0.0,0.0,0.0,0.0,0.0,0.0
1783990040.320,76433000,195,1,0,0,10.0,25.0,10.0,25.0,9.508903503417969,25.274654388427734,-0.27465522289276123,35.657100677490234,43.906166076660156,0.0,0.0,0.0,1.0,1.0,0.0,-1.0538679361343384,,,,,,,,,,,,,,,,
1783990040.330,76443000,196,1,1,0,10.0,25.0,10.0,25.0,8.863048553466797,25.305885314941406,-0.30588507652282715,38.24002456665039,47.669551849365234,0.0,0.0,0.0,1.0,1.0,0.0,1.0786728858947754,,,,,,,,,,,,,,,,
1783990040.340,76453000,197,1,2,0,10.0,25.0,10.0,25.0,8.872498512268066,25.22151756286621,-0.2215176820755005,39.7926025390625,46.83324432373047,0.0,0.0,0.0,1.0,1.0,0.0,-1.1290960311889648,,,,,,,,,,,,,,,,
1783990040.350,76463000,198,1,3,0,10.0,25.0,10.0,25.0,8.899785995483398,25.31822395324707,-0.318223237991333,41.29070281982422,50.1784782409668,0.0,0.0,0.0,1.0,1.0,0.0,1.1754041910171509,,,,,,,,,,,,,,,,
1783990040.360,76473000,199,2,255,0,,,,,,,,,,,,,,,,,0.3499999940395355,-1.149999976158142,3.5485715866088867,2.715714454650879,3.5485715866088867,2.715714454650879,0.0,0.0,0.0,0.0,0.0,0.0,0.0,0.0,0.0,0.0
1783990040.370,76483000,200,1,0,0,10.0,25.0,10.0,25.0,9.508903503417969,25.274654388427734,-0.27465522289276123,35.657100677490234,43.906166076660156,0.0,0.0,0.0,1.0,1.0,0.0,-1.0538679361343384,,,,,,,,,,,,,,,,
1783990040.380,76493000,201,1,1,0,10.0,25.0,10.0,25.0,8.863048553466797,25.305885314941406,-0.30588507652282715,38.24002456665039,47.669551849365234,0.0,0.0,0.0,1.0,1.0,0.0,1.0786728858947754,,,,,,,,,,,,,,,,
1783990040.390,76503000,202,1,2,0,10.0,25.0,10.0,25.0,8.872498512268066,25.22151756286621,-0.2215176820755005,39.7926025390625,46.83324432373047,0.0,0.0,0.0,1.0,1.0,0.0,-1.1290960311889648,,,,,,,,,,,,,,,,
1783990040.400,76513000,203,1,3,0,10.0,25.0,10.0,25.0,8.899785995483398,25.31822395324707,-0.318223237991333,41.29070281982422,50.1784782409668,0.0,0.0,0.0,1.0,1.0,0.0,1.1754041910171509,,,,,,,,,,,,,,,,
1783990040.410,76523000,204,2,255,0,,,,,,,,,,,,,,,,,0.3499999940395355,-1.149999976158142,3.5485715866088867,2.715714454650879,3.5485715866088867,2.715714454650879,0.0,0.0,0.0,0.0,0.0,0.0,0.0,0.0,0.0,0.0
1783990040.420,76533000,205,1,0,0,10.0,25.0,10.0,25.0,9.508903503417969,25.274654388427734,-0.27465522289276123,35.657100677490234,43.906166076660156,0.0,0.0,0.0,1.0,1.0,0.0,-1.0538679361343384,,,,,,,,,,,,,,,,
1783990040.430,76543000,206,1,1,0,10.0,25.0,10.0,25.0,8.863048553466797,25.305885314941406,-0.30588507652282715,38.24002456665039,47.669551849365234,0.0,0.0,0.0,1.0,1.0,0.0,1.0786728858947754,,,,,,,,,,,,,,,,
1783990040.441,76553000,207,1,2,0,10.0,25.0,10.0,25.0,8.872498512268066,25.22151756286621,-0.2215176820755005,39.7926025390625,46.83324432373047,0.0,0.0,0.0,1.0,1.0,0.0,-1.1290960311889648,,,,,,,,,,,,,,,,
1783990040.450,76563000,208,1,3,0,10.0,25.0,10.0,25.0,8.899785995483398,25.31822395324707,-0.318223237991333,41.29070281982422,50.1784782409668,0.0,0.0,0.0,1.0,1.0,0.0,1.1754041910171509,,,,,,,,,,,,,,,,
1783990040.460,76573000,209,2,255,0,,,,,,,,,,,,,,,,,0.3499999940395355,-1.149999976158142,3.5485715866088867,2.715714454650879,3.5485715866088867,2.715714454650879,0.0,0.0,0.0,0.0,0.0,0.0,0.0,0.0,0.0,0.0
1783990040.470,76583000,210,1,0,0,10.0,25.0,10.0,25.0,9.508903503417969,25.274654388427734,-0.27465522289276123,35.657100677490234,43.906166076660156,0.0,0.0,0.0,1.0,1.0,0.0,-1.0538679361343384,,,,,,,,,,,,,,,,
1783990040.480,76593000,211,1,1,0,10.0,25.0,10.0,25.0,8.863048553466797,25.305885314941406,-0.30588507652282715,38.24002456665039,47.669551849365234,0.0,0.0,0.0,1.0,1.0,0.0,1.0786728858947754,,,,,,,,,,,,,,,,
1783990040.490,76603000,212,1,2,0,10.0,25.0,10.0,25.0,8.872498512268066,25.22151756286621,-0.2215176820755005,39.7926025390625,46.83324432373047,0.0,0.0,0.0,1.0,1.0,0.0,-1.1290960311889648,,,,,,,,,,,,,,,,
1783990040.501,76613000,213,1,3,0,10.0,25.0,10.0,25.0,8.899785995483398,25.31822395324707,-0.318223237991333,41.29070281982422,50.1784782409668,0.0,0.0,0.0,1.0,1.0,0.0,1.1754041910171509,,,,,,,,,,,,,,,,
1783990040.510,76623000,214,2,255,0,,,,,,,,,,,,,,,,,0.3499999940395355,-1.149999976158142,3.5485715866088867,2.715714454650879,3.5485715866088867,2.715714454650879,0.0,0.0,0.0,0.0,0.0,0.0,0.0,0.0,0.0,0.0
1783990040.520,76633000,215,1,0,0,10.0,25.0,10.0,25.0,9.508903503417969,25.274654388427734,-0.27465522289276123,35.657100677490234,43.906166076660156,0.0,0.0,0.0,1.0,1.0,0.0,-1.0538679361343384,,,,,,,,,,,,,,,,
1783990040.530,76643000,216,1,1,0,10.0,25.0,10.0,25.0,8.863048553466797,25.305885314941406,-0.30588507652282715,38.24002456665039,47.669551849365234,0.0,0.0,0.0,1.0,1.0,0.0,1.0786728858947754,,,,,,,,,,,,,,,,
1783990040.540,76653000,217,1,2,0,10.0,25.0,10.0,25.0,8.872498512268066,25.22151756286621,-0.2215176820755005,39.7926025390625,46.83324432373047,0.0,0.0,0.0,1.0,1.0,0.0,-1.1290960311889648,,,,,,,,,,,,,,,,
1783990040.550,76663000,218,1,3,0,10.0,25.0,10.0,25.0,8.899785995483398,25.31822395324707,-0.318223237991333,41.29070281982422,50.1784782409668,0.0,0.0,0.0,1.0,1.0,0.0,1.1754041910171509,,,,,,,,,,,,,,,,
1783990040.560,76673000,219,2,255,0,,,,,,,,,,,,,,,,,0.3499999940395355,-1.149999976158142,3.5485715866088867,2.715714454650879,3.5485715866088867,2.715714454650879,0.0,0.0,0.0,0.0,0.0,0.0,0.0,0.0,0.0,0.0
1783990040.570,76683000,220,1,0,0,10.0,25.0,10.0,25.0,9.508903503417969,25.274654388427734,-0.27465522289276123,35.657100677490234,43.906166076660156,0.0,0.0,0.0,1.0,1.0,0.0,-1.0538679361343384,,,,,,,,,,,,,,,,
1783990040.580,76693000,221,1,1,0,10.0,25.0,10.0,25.0,8.863048553466797,25.305885314941406,-0.30588507652282715,38.24002456665039,47.669551849365234,0.0,0.0,0.0,1.0,1.0,0.0,1.0786728858947754,,,,,,,,,,,,,,,,
1783990040.590,76703000,222,1,2,0,10.0,25.0,10.0,25.0,8.872498512268066,25.22151756286621,-0.2215176820755005,39.7926025390625,46.83324432373047,0.0,0.0,0.0,1.0,1.0,0.0,-1.1290960311889648,,,,,,,,,,,,,,,,
1783990040.600,76713000,223,1,3,0,10.0,25.0,10.0,25.0,8.899785995483398,25.31822395324707,-0.318223237991333,41.29070281982422,50.1784782409668,0.0,0.0,0.0,1.0,1.0,0.0,1.1754041910171509,,,,,,,,,,,,,,,,
1783990040.610,76723000,224,2,255,0,,,,,,,,,,,,,,,,,0.3499999940395355,-1.149999976158142,3.5485715866088867,2.715714454650879,3.5485715866088867,2.715714454650879,0.0,0.0,0.0,0.0,0.0,0.0,0.0,0.0,0.0,0.0
1783990040.620,76733000,225,1,0,0,10.0,25.0,10.0,25.0,9.508903503417969,25.274654388427734,-0.27465522289276123,35.657100677490234,43.906166076660156,0.0,0.0,0.0,1.0,1.0,0.0,-1.0538679361343384,,,,,,,,,,,,,,,,
1783990040.630,76743000,226,1,1,0,10.0,25.0,10.0,25.0,8.863048553466797,25.305885314941406,-0.30588507652282715,38.24002456665039,47.669551849365234,0.0,0.0,0.0,1.0,1.0,0.0,1.0786728858947754,,,,,,,,,,,,,,,,
1783990040.630,76753000,227,1,2,0,10.0,25.0,10.0,25.0,8.872498512268066,25.22151756286621,-0.2215176820755005,39.7926025390625,46.83324432373047,0.0,0.0,0.0,1.0,1.0,0.0,-1.1290960311889648,,,,,,,,,,,,,,,,
1783990040.650,76763000,228,1,3,0,10.0,25.0,10.0,25.0,8.899785995483398,25.31822395324707,-0.318223237991333,41.29070281982422,50.1784782409668,0.0,0.0,0.0,1.0,1.0,0.0,1.1754041910171509,,,,,,,,,,,,,,,,
1783990040.660,76773000,229,2,255,0,,,,,,,,,,,,,,,,,0.3499999940395355,-1.149999976158142,3.5485715866088867,2.715714454650879,3.5485715866088867,2.715714454650879,0.0,0.0,0.0,0.0,0.0,0.0,0.0,0.0,0.0,0.0
1783990040.670,76783000,230,1,0,0,10.0,25.0,10.0,25.0,9.508903503417969,25.274654388427734,-0.27465522289276123,35.657100677490234,43.906166076660156,0.0,0.0,0.0,1.0,1.0,0.0,-1.0538679361343384,,,,,,,,,,,,,,,,
1783990040.680,76793000,231,1,1,0,10.0,25.0,10.0,25.0,8.863048553466797,25.305885314941406,-0.30588507652282715,38.24002456665039,47.669551849365234,0.0,0.0,0.0,1.0,1.0,0.0,1.0786728858947754,,,,,,,,,,,,,,,,
1783990040.690,76803000,232,1,2,0,10.0,25.0,10.0,25.0,8.872498512268066,25.22151756286621,-0.2215176820755005,39.7926025390625,46.83324432373047,0.0,0.0,0.0,1.0,1.0,0.0,-1.1290960311889648,,,,,,,,,,,,,,,,
1783990040.700,76813000,233,1,3,0,10.0,25.0,10.0,25.0,8.899785995483398,25.31822395324707,-0.318223237991333,41.29070281982422,50.1784782409668,0.0,0.0,0.0,1.0,1.0,0.0,1.1754041910171509,,,,,,,,,,,,,,,,
1783990040.710,76823000,234,2,255,0,,,,,,,,,,,,,,,,,0.3499999940395355,-1.149999976158142,3.5485715866088867,2.715714454650879,3.5485715866088867,2.715714454650879,0.0,0.0,0.0,0.0,0.0,0.0,0.0,0.0,0.0,0.0
1783990040.720,76833000,235,1,0,0,10.0,25.0,10.0,25.0,9.508903503417969,25.274654388427734,-0.27465522289276123,35.657100677490234,43.906166076660156,0.0,0.0,0.0,1.0,1.0,0.0,-1.0538679361343384,,,,,,,,,,,,,,,,
1783990040.730,76843000,236,1,1,0,10.0,25.0,10.0,25.0,8.863048553466797,25.305885314941406,-0.30588507652282715,38.24002456665039,47.669551849365234,0.0,0.0,0.0,1.0,1.0,0.0,1.0786728858947754,,,,,,,,,,,,,,,,
1783990040.740,76853000,237,1,2,0,10.0,25.0,10.0,25.0,8.872498512268066,25.22151756286621,-0.2215176820755005,39.7926025390625,46.83324432373047,0.0,0.0,0.0,1.0,1.0,0.0,-1.1290960311889648,,,,,,,,,,,,,,,,
1783990040.750,76863000,238,1,3,0,10.0,25.0,10.0,25.0,8.899785995483398,25.31822395324707,-0.318223237991333,41.29070281982422,50.1784782409668,0.0,0.0,0.0,1.0,1.0,0.0,1.1754041910171509,,,,,,,,,,,,,,,,
1783990040.760,76873000,239,2,255,0,,,,,,,,,,,,,,,,,0.3499999940395355,-1.149999976158142,3.5485715866088867,2.715714454650879,3.5485715866088867,2.715714454650879,0.0,0.0,0.0,0.0,0.0,0.0,0.0,0.0,0.0,0.0
1783990040.770,76883000,240,1,0,0,10.0,25.0,10.0,25.0,9.508903503417969,25.274654388427734,-0.27465522289276123,35.657100677490234,43.906166076660156,0.0,0.0,0.0,1.0,1.0,0.0,-1.0538679361343384,,,,,,,,,,,,,,,,
1783990040.780,76893000,241,1,1,0,10.0,25.0,10.0,25.0,8.863048553466797,25.305885314941406,-0.30588507652282715,38.24002456665039,47.669551849365234,0.0,0.0,0.0,1.0,1.0,0.0,1.0786728858947754,,,,,,,,,,,,,,,,
1783990040.790,76903000,242,1,2,0,10.0,25.0,10.0,25.0,8.872498512268066,25.22151756286621,-0.2215176820755005,39.7926025390625,46.83324432373047,0.0,0.0,0.0,1.0,1.0,0.0,-1.1290960311889648,,,,,,,,,,,,,,,,
1783990040.800,76913000,243,1,3,0,10.0,25.0,10.0,25.0,8.899785995483398,25.31822395324707,-0.318223237991333,41.29070281982422,50.1784782409668,0.0,0.0,0.0,1.0,1.0,0.0,1.1754041910171509,,,,,,,,,,,,,,,,
1783990040.810,76923000,244,2,255,0,,,,,,,,,,,,,,,,,0.3499999940395355,-1.149999976158142,3.5485715866088867,2.715714454650879,3.5485715866088867,2.715714454650879,0.0,0.0,0.0,0.0,0.0,0.0,0.0,0.0,0.0,0.0
1783990040.820,76933000,245,1,0,0,10.0,25.0,10.0,25.0,9.508903503417969,25.274654388427734,-0.27465522289276123,35.657100677490234,43.906166076660156,0.0,0.0,0.0,1.0,1.0,0.0,-1.0538679361343384,,,,,,,,,,,,,,,,
1783990040.830,76943000,246,1,1,0,10.0,25.0,10.0,25.0,8.863048553466797,25.305885314941406,-0.30588507652282715,38.24002456665039,47.669551849365234,0.0,0.0,0.0,1.0,1.0,0.0,1.0786728858947754,,,,,,,,,,,,,,,,
1783990040.840,76953000,247,1,2,0,10.0,25.0,10.0,25.0,8.872498512268066,25.22151756286621,-0.2215176820755005,39.7926025390625,46.83324432373047,0.0,0.0,0.0,1.0,1.0,0.0,-1.1290960311889648,,,,,,,,,,,,,,,,
1783990040.850,76963000,248,1,3,0,10.0,25.0,10.0,25.0,8.899785995483398,25.31822395324707,-0.318223237991333,41.29070281982422,50.1784782409668,0.0,0.0,0.0,1.0,1.0,0.0,1.1754041910171509,,,,,,,,,,,,,,,,
1783990040.860,76973000,249,2,255,0,,,,,,,,,,,,,,,,,0.3499999940395355,-1.149999976158142,3.5485715866088867,2.715714454650879,3.5485715866088867,2.715714454650879,0.0,0.0,0.0,0.0,0.0,0.0,0.0,0.0,0.0,0.0
1783990040.870,76983000,250,1,0,0,10.0,25.0,10.0,25.0,9.508903503417969,25.274654388427734,-0.27465522289276123,35.657100677490234,43.906166076660156,0.0,0.0,0.0,1.0,1.0,0.0,-1.0538679361343384,,,,,,,,,,,,,,,,
1783990040.880,76993000,251,1,1,0,10.0,25.0,10.0,25.0,8.863048553466797,25.305885314941406,-0.30588507652282715,38.24002456665039,47.669551849365234,0.0,0.0,0.0,1.0,1.0,0.0,1.0786728858947754,,,,,,,,,,,,,,,,
1783990040.890,77003000,252,1,2,0,10.0,25.0,10.0,25.0,8.872498512268066,25.22151756286621,-0.2215176820755005,39.7926025390625,46.83324432373047,0.0,0.0,0.0,1.0,1.0,0.0,-1.1290960311889648,,,,,,,,,,,,,,,,
1783990040.900,77013000,253,1,3,0,10.0,25.0,10.0,25.0,8.899785995483398,25.31822395324707,-0.318223237991333,41.29070281982422,50.1784782409668,0.0,0.0,0.0,1.0,1.0,0.0,1.1754041910171509,,,,,,,,,,,,,,,,
1783990040.910,77023000,254,2,255,0,,,,,,,,,,,,,,,,,0.3499999940395355,-1.149999976158142,3.5485715866088867,2.715714454650879,3.5485715866088867,2.715714454650879,0.0,0.0,0.0,0.0,0.0,0.0,0.0,0.0,0.0,0.0
1783990040.920,77033000,255,1,0,0,10.0,25.0,10.0,25.0,9.508903503417969,25.274654388427734,-0.27465522289276123,35.657100677490234,43.906166076660156,0.0,0.0,0.0,1.0,1.0,0.0,-1.0538679361343384,,,,,,,,,,,,,,,,
1783990040.930,77043000,0,1,1,0,10.0,25.0,10.0,25.0,8.863048553466797,25.305885314941406,-0.30588507652282715,38.24002456665039,47.669551849365234,0.0,0.0,0.0,1.0,1.0,0.0,1.0786728858947754,,,,,,,,,,,,,,,,
1783990040.940,77053000,1,1,2,0,10.0,25.0,10.0,25.0,8.872498512268066,25.22151756286621,-0.2215176820755005,39.7926025390625,46.83324432373047,0.0,0.0,0.0,1.0,1.0,0.0,-1.1290960311889648,,,,,,,,,,,,,,,,
1783990040.950,77063000,2,1,3,0,10.0,25.0,10.0,25.0,8.899785995483398,25.31822395324707,-0.318223237991333,41.29070281982422,50.1784782409668,0.0,0.0,0.0,1.0,1.0,0.0,1.1754041910171509,,,,,,,,,,,,,,,,
1783990040.960,77073000,3,2,255,0,,,,,,,,,,,,,,,,,0.3499999940395355,-1.149999976158142,3.5485715866088867,2.715714454650879,3.5485715866088867,2.715714454650879,0.0,0.0,0.0,0.0,0.0,0.0,0.0,0.0,0.0,0.0
1783990040.970,77083000,4,1,0,0,10.0,25.0,10.0,25.0,9.508903503417969,25.274654388427734,-0.27465522289276123,35.657100677490234,43.906166076660156,0.0,0.0,0.0,1.0,1.0,0.0,-1.0538679361343384,,,,,,,,,,,,,,,,
1783990040.980,77093000,5,1,1,0,10.0,25.0,10.0,25.0,8.863048553466797,25.305885314941406,-0.30588507652282715,38.24002456665039,47.669551849365234,0.0,0.0,0.0,1.0,1.0,0.0,1.0786728858947754,,,,,,,,,,,,,,,,
1783990040.990,77103000,6,1,2,0,10.0,25.0,10.0,25.0,8.872498512268066,25.22151756286621,-0.2215176820755005,39.7926025390625,46.83324432373047,0.0,0.0,0.0,1.0,1.0,0.0,-1.1290960311889648,,,,,,,,,,,,,,,,
1783990041.000,77113000,7,1,3,0,10.0,25.0,10.0,25.0,8.899785995483398,25.31822395324707,-0.318223237991333,41.29070281982422,50.1784782409668,0.0,0.0,0.0,1.0,1.0,0.0,1.1754041910171509,,,,,,,,,,,,,,,,
1783990041.011,77123000,8,2,255,0,,,,,,,,,,,,,,,,,0.3499999940395355,-1.149999976158142,3.5485715866088867,2.715714454650879,3.5485715866088867,2.715714454650879,0.0,0.0,0.0,0.0,0.0,0.0,0.0,0.0,0.0,0.0
1783990041.021,77133000,9,1,0,0,10.0,25.0,10.0,25.0,9.508903503417969,25.274654388427734,-0.27465522289276123,35.657100677490234,43.906166076660156,0.0,0.0,0.0,1.0,1.0,0.0,-1.0538679361343384,,,,,,,,,,,,,,,,
1783990041.030,77143000,10,1,1,0,10.0,25.0,10.0,25.0,8.863048553466797,25.305885314941406,-0.30588507652282715,38.24002456665039,47.669551849365234,0.0,0.0,0.0,1.0,1.0,0.0,1.0786728858947754,,,,,,,,,,,,,,,,
1783990041.040,77153000,11,1,2,0,10.0,25.0,10.0,25.0,8.872498512268066,25.22151756286621,-0.2215176820755005,39.7926025390625,46.83324432373047,0.0,0.0,0.0,1.0,1.0,0.0,-1.1290960311889648,,,,,,,,,,,,,,,,
1783990041.050,77163000,12,1,3,0,10.0,25.0,10.0,25.0,8.899785995483398,25.31822395324707,-0.318223237991333,41.29070281982422,50.1784782409668,0.0,0.0,0.0,1.0,1.0,0.0,1.1754041910171509,,,,,,,,,,,,,,,,
1783990041.061,77173000,13,2,255,0,,,,,,,,,,,,,,,,,0.3499999940395355,-1.149999976158142,3.5485715866088867,2.715714454650879,3.5485715866088867,2.715714454650879,0.0,0.0,0.0,0.0,0.0,0.0,0.0,0.0,0.0,0.0
1783990041.070,77183000,14,1,0,0,10.0,25.0,10.0,25.0,9.508903503417969,25.274654388427734,-0.27465522289276123,35.657100677490234,43.906166076660156,0.0,0.0,0.0,1.0,1.0,0.0,-1.0538679361343384,,,,,,,,,,,,,,,,
1783990041.080,77193000,15,1,1,0,10.0,25.0,10.0,25.0,8.863048553466797,25.305885314941406,-0.30588507652282715,38.24002456665039,47.669551849365234,0.0,0.0,0.0,1.0,1.0,0.0,1.0786728858947754,,,,,,,,,,,,,,,,
1783990041.090,77203000,16,1,2,0,10.0,25.0,10.0,25.0,8.872498512268066,25.22151756286621,-0.2215176820755005,39.7926025390625,46.83324432373047,0.0,0.0,0.0,1.0,1.0,0.0,-1.1290960311889648,,,,,,,,,,,,,,,,
1783990041.101,77213000,17,1,3,0,10.0,25.0,10.0,25.0,8.899785995483398,25.31822395324707,-0.318223237991333,41.29070281982422,50.1784782409668,0.0,0.0,0.0,1.0,1.0,0.0,1.1754041910171509,,,,,,,,,,,,,,,,
1783990041.110,77223000,18,2,255,0,,,,,,,,,,,,,,,,,0.3499999940395355,-1.149999976158142,3.5485715866088867,2.715714454650879,3.5485715866088867,2.715714454650879,0.0,0.0,0.0,0.0,0.0,0.0,0.0,0.0,0.0,0.0
1783990041.120,77233000,19,1,0,0,10.0,25.0,10.0,25.0,9.508903503417969,25.274654388427734,-0.27465522289276123,35.657100677490234,43.906166076660156,0.0,0.0,0.0,1.0,1.0,0.0,-1.0538679361343384,,,,,,,,,,,,,,,,
1783990041.130,77243000,20,1,1,0,10.0,25.0,10.0,25.0,8.863048553466797,25.305885314941406,-0.30588507652282715,38.24002456665039,47.669551849365234,0.0,0.0,0.0,1.0,1.0,0.0,1.0786728858947754,,,,,,,,,,,,,,,,
1783990041.140,77253000,21,1,2,0,10.0,25.0,10.0,25.0,8.872498512268066,25.22151756286621,-0.2215176820755005,39.7926025390625,46.83324432373047,0.0,0.0,0.0,1.0,1.0,0.0,-1.1290960311889648,,,,,,,,,,,,,,,,
1783990041.141,77263000,22,1,3,0,10.0,25.0,10.0,25.0,8.899785995483398,25.31822395324707,-0.318223237991333,41.29070281982422,50.1784782409668,0.0,0.0,0.0,1.0,1.0,0.0,1.1754041910171509,,,,,,,,,,,,,,,,
1783990041.161,77273000,23,2,255,0,,,,,,,,,,,,,,,,,0.3499999940395355,-1.149999976158142,3.5485715866088867,2.715714454650879,3.5485715866088867,2.715714454650879,0.0,0.0,0.0,0.0,0.0,0.0,0.0,0.0,0.0,0.0
1783990041.170,77283000,24,1,0,0,10.0,25.0,10.0,25.0,9.508903503417969,25.274654388427734,-0.27465522289276123,35.657100677490234,43.906166076660156,0.0,0.0,0.0,1.0,1.0,0.0,-1.0538679361343384,,,,,,,,,,,,,,,,
1783990041.180,77293000,25,1,1,0,10.0,25.0,10.0,25.0,8.863048553466797,25.305885314941406,-0.30588507652282715,38.24002456665039,47.669551849365234,0.0,0.0,0.0,1.0,1.0,0.0,1.0786728858947754,,,,,,,,,,,,,,,,
1783990041.190,77303000,26,1,2,0,10.0,25.0,10.0,25.0,8.872498512268066,25.22151756286621,-0.2215176820755005,39.7926025390625,46.83324432373047,0.0,0.0,0.0,1.0,1.0,0.0,-1.1290960311889648,,,,,,,,,,,,,,,,
1783990041.200,77313000,27,1,3,0,10.0,25.0,10.0,25.0,8.899785995483398,25.31822395324707,-0.318223237991333,41.29070281982422,50.1784782409668,0.0,0.0,0.0,1.0,1.0,0.0,1.1754041910171509,,,,,,,,,,,,,,,,
1783990041.210,77323000,28,2,255,0,,,,,,,,,,,,,,,,,0.3499999940395355,-1.149999976158142,3.5485715866088867,2.715714454650879,3.5485715866088867,2.715714454650879,0.0,0.0,0.0,0.0,0.0,0.0,0.0,0.0,0.0,0.0
1783990041.220,77333000,29,1,0,0,10.0,25.0,10.0,25.0,9.508903503417969,25.274654388427734,-0.27465522289276123,35.657100677490234,43.906166076660156,0.0,0.0,0.0,1.0,1.0,0.0,-1.0538679361343384,,,,,,,,,,,,,,,,
1783990041.230,77343000,30,1,1,0,10.0,25.0,10.0,25.0,8.863048553466797,25.305885314941406,-0.30588507652282715,38.24002456665039,47.669551849365234,0.0,0.0,0.0,1.0,1.0,0.0,1.0786728858947754,,,,,,,,,,,,,,,,
1783990041.240,77353000,31,1,2,0,10.0,25.0,10.0,25.0,8.872498512268066,25.22151756286621,-0.2215176820755005,39.7926025390625,46.83324432373047,0.0,0.0,0.0,1.0,1.0,0.0,-1.1290960311889648,,,,,,,,,,,,,,,,
1783990041.250,77363000,32,1,3,0,10.0,25.0,10.0,25.0,8.899785995483398,25.31822395324707,-0.318223237991333,41.29070281982422,50.1784782409668,0.0,0.0,0.0,1.0,1.0,0.0,1.1754041910171509,,,,,,,,,,,,,,,,
1783990041.260,77373000,33,2,255,0,,,,,,,,,,,,,,,,,0.3499999940395355,-1.149999976158142,3.5485715866088867,2.715714454650879,3.5485715866088867,2.715714454650879,0.0,0.0,0.0,0.0,0.0,0.0,0.0,0.0,0.0,0.0
1783990041.270,77383000,34,1,0,0,10.0,25.0,10.0,25.0,9.508903503417969,25.274654388427734,-0.27465522289276123,35.657100677490234,43.906166076660156,0.0,0.0,0.0,1.0,1.0,0.0,-1.0538679361343384,,,,,,,,,,,,,,,,
1783990041.280,77393000,35,1,1,0,10.0,25.0,10.0,25.0,8.863048553466797,25.305885314941406,-0.30588507652282715,38.24002456665039,47.669551849365234,0.0,0.0,0.0,1.0,1.0,0.0,1.0786728858947754,,,,,,,,,,,,,,,,
1783990041.290,77403000,36,1,2,0,10.0,25.0,10.0,25.0,8.872498512268066,25.22151756286621,-0.2215176820755005,39.7926025390625,46.83324432373047,0.0,0.0,0.0,1.0,1.0,0.0,-1.1290960311889648,,,,,,,,,,,,,,,,
1783990041.300,77413000,37,1,3,0,10.0,25.0,10.0,25.0,8.899785995483398,25.31822395324707,-0.318223237991333,41.29070281982422,50.1784782409668,0.0,0.0,0.0,1.0,1.0,0.0,1.1754041910171509,,,,,,,,,,,,,,,,
1783990041.310,77423000,38,2,255,0,,,,,,,,,,,,,,,,,0.3499999940395355,-1.149999976158142,3.5485715866088867,2.715714454650879,3.5485715866088867,2.715714454650879,0.0,0.0,0.0,0.0,0.0,0.0,0.0,0.0,0.0,0.0
1783990041.320,77433000,39,1,0,0,10.0,25.0,10.0,25.0,9.508903503417969,25.274654388427734,-0.27465522289276123,35.657100677490234,43.906166076660156,0.0,0.0,0.0,1.0,1.0,0.0,-1.0538679361343384,,,,,,,,,,,,,,,,
1783990041.330,77443000,40,1,1,0,10.0,25.0,10.0,25.0,8.863048553466797,25.305885314941406,-0.30588507652282715,38.24002456665039,47.669551849365234,0.0,0.0,0.0,1.0,1.0,0.0,1.0786728858947754,,,,,,,,,,,,,,,,
1783990041.340,77453000,41,1,2,0,10.0,25.0,10.0,25.0,8.872498512268066,25.22151756286621,-0.2215176820755005,39.7926025390625,46.83324432373047,0.0,0.0,0.0,1.0,1.0,0.0,-1.1290960311889648,,,,,,,,,,,,,,,,
1783990041.350,77463000,42,1,3,0,10.0,25.0,10.0,25.0,8.899785995483398,25.31822395324707,-0.318223237991333,41.29070281982422,50.1784782409668,0.0,0.0,0.0,1.0,1.0,0.0,1.1754041910171509,,,,,,,,,,,,,,,,
1783990041.360,77473000,43,2,255,0,,,,,,,,,,,,,,,,,0.3499999940395355,-1.149999976158142,3.5485715866088867,2.715714454650879,3.5485715866088867,2.715714454650879,0.0,0.0,0.0,0.0,0.0,0.0,0.0,0.0,0.0,0.0
1783990041.370,77483000,44,1,0,0,10.0,25.0,10.0,25.0,9.508903503417969,25.274654388427734,-0.27465522289276123,35.657100677490234,43.906166076660156,0.0,0.0,0.0,1.0,1.0,0.0,-1.0538679361343384,,,,,,,,,,,,,,,,
1783990041.380,77493000,45,1,1,0,10.0,25.0,10.0,25.0,8.863048553466797,25.305885314941406,-0.30588507652282715,38.24002456665039,47.669551849365234,0.0,0.0,0.0,1.0,1.0,0.0,1.0786728858947754,,,,,,,,,,,,,,,,
1783990041.390,77503000,46,1,2,0,10.0,25.0,10.0,25.0,8.872498512268066,25.22151756286621,-0.2215176820755005,39.7926025390625,46.83324432373047,0.0,0.0,0.0,1.0,1.0,0.0,-1.1290960311889648,,,,,,,,,,,,,,,,
1783990041.400,77513000,47,1,3,0,10.0,25.0,10.0,25.0,8.899785995483398,25.31822395324707,-0.318223237991333,41.29070281982422,50.1784782409668,0.0,0.0,0.0,1.0,1.0,0.0,1.1754041910171509,,,,,,,,,,,,,,,,
1783990041.410,77523000,48,2,255,0,,,,,,,,,,,,,,,,,0.3499999940395355,-1.149999976158142,3.5485715866088867,2.715714454650879,3.5485715866088867,2.715714454650879,0.0,0.0,0.0,0.0,0.0,0.0,0.0,0.0,0.0,0.0
1783990041.420,77533000,49,1,0,0,10.0,25.0,10.0,25.0,9.508903503417969,25.274654388427734,-0.27465522289276123,35.657100677490234,43.906166076660156,0.0,0.0,0.0,1.0,1.0,0.0,-1.0538679361343384,,,,,,,,,,,,,,,,
1783990041.430,77543000,50,1,1,0,10.0,25.0,10.0,25.0,8.863048553466797,25.305885314941406,-0.30588507652282715,38.24002456665039,47.669551849365234,0.0,0.0,0.0,1.0,1.0,0.0,1.0786728858947754,,,,,,,,,,,,,,,,
1783990041.441,77553000,51,1,2,0,10.0,25.0,10.0,25.0,8.872498512268066,25.22151756286621,-0.2215176820755005,39.7926025390625,46.83324432373047,0.0,0.0,0.0,1.0,1.0,0.0,-1.1290960311889648,,,,,,,,,,,,,,,,
1783990041.450,77563000,52,1,3,0,10.0,25.0,10.0,25.0,8.899785995483398,25.31822395324707,-0.318223237991333,41.29070281982422,50.1784782409668,0.0,0.0,0.0,1.0,1.0,0.0,1.1754041910171509,,,,,,,,,,,,,,,,
1783990041.460,77573000,53,2,255,0,,,,,,,,,,,,,,,,,0.3499999940395355,-1.149999976158142,3.5485715866088867,2.715714454650879,3.5485715866088867,2.715714454650879,0.0,0.0,0.0,0.0,0.0,0.0,0.0,0.0,0.0,0.0
1783990041.470,77583000,54,1,0,0,10.0,25.0,10.0,25.0,9.508903503417969,25.274654388427734,-0.27465522289276123,35.657100677490234,43.906166076660156,0.0,0.0,0.0,1.0,1.0,0.0,-1.0538679361343384,,,,,,,,,,,,,,,,
1783990041.482,77593000,55,1,1,0,10.0,25.0,10.0,25.0,8.863048553466797,25.305885314941406,-0.30588507652282715,38.24002456665039,47.669551849365234,0.0,0.0,0.0,1.0,1.0,0.0,1.0786728858947754,,,,,,,,,,,,,,,,
1783990041.490,77603000,56,1,2,0,10.0,25.0,10.0,25.0,8.872498512268066,25.22151756286621,-0.2215176820755005,39.7926025390625,46.83324432373047,0.0,0.0,0.0,1.0,1.0,0.0,-1.1290960311889648,,,,,,,,,,,,,,,,
1783990041.501,77613000,57,1,3,0,10.0,25.0,10.0,25.0,8.899785995483398,25.31822395324707,-0.318223237991333,41.29070281982422,50.1784782409668,0.0,0.0,0.0,1.0,1.0,0.0,1.1754041910171509,,,,,,,,,,,,,,,,
1783990041.510,77623000,58,2,255,0,,,,,,,,,,,,,,,,,0.3499999940395355,-1.149999976158142,3.5485715866088867,2.715714454650879,3.5485715866088867,2.715714454650879,0.0,0.0,0.0,0.0,0.0,0.0,0.0,0.0,0.0,0.0
1783990041.520,77633000,59,1,0,0,10.0,25.0,10.0,25.0,9.508903503417969,25.274654388427734,-0.27465522289276123,35.657100677490234,43.906166076660156,0.0,0.0,0.0,1.0,1.0,0.0,-1.0538679361343384,,,,,,,,,,,,,,,,
1783990041.530,77643000,60,1,1,0,10.0,25.0,10.0,25.0,8.863048553466797,25.305885314941406,-0.30588507652282715,38.24002456665039,47.669551849365234,0.0,0.0,0.0,1.0,1.0,0.0,1.0786728858947754,,,,,,,,,,,,,,,,
1783990041.540,77653000,61,1,2,0,10.0,25.0,10.0,25.0,8.872498512268066,25.22151756286621,-0.2215176820755005,39.7926025390625,46.83324432373047,0.0,0.0,0.0,1.0,1.0,0.0,-1.1290960311889648,,,,,,,,,,,,,,,,
1783990041.550,77663000,62,1,3,0,10.0,25.0,10.0,25.0,8.899785995483398,25.31822395324707,-0.318223237991333,41.29070281982422,50.1784782409668,0.0,0.0,0.0,1.0,1.0,0.0,1.1754041910171509,,,,,,,,,,,,,,,,
1783990041.560,77673000,63,2,255,0,,,,,,,,,,,,,,,,,0.3499999940395355,-1.149999976158142,3.5485715866088867,2.715714454650879,3.5485715866088867,2.715714454650879,0.0,0.0,0.0,0.0,0.0,0.0,0.0,0.0,0.0,0.0
1783990041.570,77683000,64,1,0,0,10.0,25.0,10.0,25.0,9.508903503417969,25.274654388427734,-0.27465522289276123,35.657100677490234,43.906166076660156,0.0,0.0,0.0,1.0,1.0,0.0,-1.0538679361343384,,,,,,,,,,,,,,,,
1783990041.580,77693000,65,1,1,0,10.0,25.0,10.0,25.0,8.863048553466797,25.305885314941406,-0.30588507652282715,38.24002456665039,47.669551849365234,0.0,0.0,0.0,1.0,1.0,0.0,1.0786728858947754,,,,,,,,,,,,,,,,
1783990041.590,77703000,66,1,2,0,10.0,25.0,10.0,25.0,8.872498512268066,25.22151756286621,-0.2215176820755005,39.7926025390625,46.83324432373047,0.0,0.0,0.0,1.0,1.0,0.0,-1.1290960311889648,,,,,,,,,,,,,,,,
1783990041.600,77713000,67,1,3,0,10.0,25.0,10.0,25.0,8.899785995483398,25.31822395324707,-0.318223237991333,41.29070281982422,50.1784782409668,0.0,0.0,0.0,1.0,1.0,0.0,1.1754041910171509,,,,,,,,,,,,,,,,
1783990041.610,77723000,68,2,255,0,,,,,,,,,,,,,,,,,0.3499999940395355,-1.149999976158142,3.5485715866088867,2.715714454650879,3.5485715866088867,2.715714454650879,0.0,0.0,0.0,0.0,0.0,0.0,0.0,0.0,0.0,0.0
1783990041.621,77733000,69,1,0,0,10.0,25.0,10.0,25.0,9.508903503417969,25.274654388427734,-0.27465522289276123,35.657100677490234,43.906166076660156,0.0,0.0,0.0,1.0,1.0,0.0,-1.0538679361343384,,,,,,,,,,,,,,,,
1783990041.630,77743000,70,1,1,0,10.0,25.0,10.0,25.0,8.863048553466797,25.305885314941406,-0.30588507652282715,38.24002456665039,47.669551849365234,0.0,0.0,0.0,1.0,1.0,0.0,1.0786728858947754,,,,,,,,,,,,,,,,
1783990041.640,77753000,71,1,2,0,10.0,25.0,10.0,25.0,8.872498512268066,25.22151756286621,-0.2215176820755005,39.7926025390625,46.83324432373047,0.0,0.0,0.0,1.0,1.0,0.0,-1.1290960311889648,,,,,,,,,,,,,,,,
1783990041.650,77763000,72,1,3,0,10.0,25.0,10.0,25.0,8.899785995483398,25.31822395324707,-0.318223237991333,41.29070281982422,50.1784782409668,0.0,0.0,0.0,1.0,1.0,0.0,1.1754041910171509,,,,,,,,,,,,,,,,
1783990041.661,77773000,73,2,255,0,,,,,,,,,,,,,,,,,0.3499999940395355,-1.149999976158142,3.5485715866088867,2.715714454650879,3.5485715866088867,2.715714454650879,0.0,0.0,0.0,0.0,0.0,0.0,0.0,0.0,0.0,0.0
1783990041.670,77783000,74,1,0,0,10.0,25.0,10.0,25.0,9.508903503417969,25.274654388427734,-0.27465522289276123,35.657100677490234,43.906166076660156,0.0,0.0,0.0,1.0,1.0,0.0,-1.0538679361343384,,,,,,,,,,,,,,,,
1783990041.680,77793000,75,1,1,0,10.0,25.0,10.0,25.0,8.863048553466797,25.305885314941406,-0.30588507652282715,38.24002456665039,47.669551849365234,0.0,0.0,0.0,1.0,1.0,0.0,1.0786728858947754,,,,,,,,,,,,,,,,
1783990041.690,77803000,76,1,2,0,10.0,25.0,10.0,25.0,8.872498512268066,25.22151756286621,-0.2215176820755005,39.7926025390625,46.83324432373047,0.0,0.0,0.0,1.0,1.0,0.0,-1.1290960311889648,,,,,,,,,,,,,,,,
1783990041.700,77813000,77,1,3,0,10.0,25.0,10.0,25.0,8.899785995483398,25.31822395324707,-0.318223237991333,41.29070281982422,50.1784782409668,0.0,0.0,0.0,1.0,1.0,0.0,1.1754041910171509,,,,,,,,,,,,,,,,
1783990041.710,77823000,78,2,255,0,,,,,,,,,,,,,,,,,0.3499999940395355,-1.149999976158142,3.5485715866088867,2.715714454650879,3.5485715866088867,2.715714454650879,0.0,0.0,0.0,0.0,0.0,0.0,0.0,0.0,0.0,0.0
1783990041.720,77833000,79,1,0,0,10.0,25.0,10.0,25.0,9.508903503417969,25.274654388427734,-0.27465522289276123,35.657100677490234,43.906166076660156,0.0,0.0,0.0,1.0,1.0,0.0,-1.0538679361343384,,,,,,,,,,,,,,,,
1783990041.730,77843000,80,1,1,0,10.0,25.0,10.0,25.0,8.863048553466797,25.305885314941406,-0.30588507652282715,38.24002456665039,47.669551849365234,0.0,0.0,0.0,1.0,1.0,0.0,1.0786728858947754,,,,,,,,,,,,,,,,
1783990041.740,77853000,81,1,2,0,10.0,25.0,10.0,25.0,8.872498512268066,25.22151756286621,-0.2215176820755005,39.7926025390625,46.83324432373047,0.0,0.0,0.0,1.0,1.0,0.0,-1.1290960311889648,,,,,,,,,,,,,,,,
1783990041.750,77863000,82,1,3,0,10.0,25.0,10.0,25.0,8.899785995483398,25.31822395324707,-0.318223237991333,41.29070281982422,50.1784782409668,0.0,0.0,0.0,1.0,1.0,0.0,1.1754041910171509,,,,,,,,,,,,,,,,
1783990041.761,77873000,83,2,255,0,,,,,,,,,,,,,,,,,0.3499999940395355,-1.149999976158142,3.5485715866088867,2.715714454650879,3.5485715866088867,2.715714454650879,0.0,0.0,0.0,0.0,0.0,0.0,0.0,0.0,0.0,0.0
1783990041.770,77883000,84,1,0,0,10.0,25.0,10.0,25.0,9.508903503417969,25.274654388427734,-0.27465522289276123,35.657100677490234,43.906166076660156,0.0,0.0,0.0,1.0,1.0,0.0,-1.0538679361343384,,,,,,,,,,,,,,,,
1783990041.780,77893000,85,1,1,0,10.0,25.0,10.0,25.0,8.863048553466797,25.305885314941406,-0.30588507652282715,38.24002456665039,47.669551849365234,0.0,0.0,0.0,1.0,1.0,0.0,1.0786728858947754,,,,,,,,,,,,,,,,
1783990041.790,77903000,86,1,2,0,10.0,25.0,10.0,25.0,8.872498512268066,25.22151756286621,-0.2215176820755005,39.7926025390625,46.83324432373047,0.0,0.0,0.0,1.0,1.0,0.0,-1.1290960311889648,,,,,,,,,,,,,,,,
1783990041.801,77913000,87,1,3,0,10.0,25.0,10.0,25.0,8.899785995483398,25.31822395324707,-0.318223237991333,41.29070281982422,50.1784782409668,0.0,0.0,0.0,1.0,1.0,0.0,1.1754041910171509,,,,,,,,,,,,,,,,
1783990041.810,77923000,88,2,255,0,,,,,,,,,,,,,,,,,0.3499999940395355,-1.149999976158142,3.5485715866088867,2.715714454650879,3.5485715866088867,2.715714454650879,0.0,0.0,0.0,0.0,0.0,0.0,0.0,0.0,0.0,0.0
1783990041.821,77933000,89,1,0,0,10.0,25.0,10.0,25.0,9.508903503417969,25.274654388427734,-0.27465522289276123,35.657100677490234,43.906166076660156,0.0,0.0,0.0,1.0,1.0,0.0,-1.0538679361343384,,,,,,,,,,,,,,,,
1783990041.830,77943000,90,1,1,0,10.0,25.0,10.0,25.0,8.863048553466797,25.305885314941406,-0.30588507652282715,38.24002456665039,47.669551849365234,0.0,0.0,0.0,1.0,1.0,0.0,1.0786728858947754,,,,,,,,,,,,,,,,
1783990041.840,77953000,91,1,2,0,10.0,25.0,10.0,25.0,8.872498512268066,25.22151756286621,-0.2215176820755005,39.7926025390625,46.83324432373047,0.0,0.0,0.0,1.0,1.0,0.0,-1.1290960311889648,,,,,,,,,,,,,,,,
1783990041.850,77963000,92,1,3,0,10.0,25.0,10.0,25.0,8.899785995483398,25.31822395324707,-0.318223237991333,41.29070281982422,50.1784782409668,0.0,0.0,0.0,1.0,1.0,0.0,1.1754041910171509,,,,,,,,,,,,,,,,
1783990041.860,77973000,93,2,255,0,,,,,,,,,,,,,,,,,0.3499999940395355,-1.149999976158142,3.5485715866088867,2.715714454650879,3.5485715866088867,2.715714454650879,0.0,0.0,0.0,0.0,0.0,0.0,0.0,0.0,0.0,0.0
1783990041.870,77983000,94,1,0,0,10.0,25.0,10.0,25.0,9.508903503417969,25.274654388427734,-0.27465522289276123,35.657100677490234,43.906166076660156,0.0,0.0,0.0,1.0,1.0,0.0,-1.0538679361343384,,,,,,,,,,,,,,,,
1783990041.880,77993000,95,1,1,0,10.0,25.0,10.0,25.0,8.863048553466797,25.305885314941406,-0.30588507652282715,38.24002456665039,47.669551849365234,0.0,0.0,0.0,1.0,1.0,0.0,1.0786728858947754,,,,,,,,,,,,,,,,
1783990041.890,78003000,96,1,2,0,10.0,25.0,10.0,25.0,8.872498512268066,25.22151756286621,-0.2215176820755005,39.7926025390625,46.83324432373047,0.0,0.0,0.0,1.0,1.0,0.0,-1.1290960311889648,,,,,,,,,,,,,,,,
1783990041.900,78013000,97,1,3,0,10.0,25.0,10.0,25.0,8.899785995483398,25.31822395324707,-0.318223237991333,41.29070281982422,50.1784782409668,0.0,0.0,0.0,1.0,1.0,0.0,1.1754041910171509,,,,,,,,,,,,,,,,
1783990041.910,78023000,98,2,255,0,,,,,,,,,,,,,,,,,0.3499999940395355,-1.149999976158142,3.5485715866088867,2.715714454650879,3.5485715866088867,2.715714454650879,0.0,0.0,0.0,0.0,0.0,0.0,0.0,0.0,0.0,0.0
1783990041.910,78033000,99,1,0,0,10.0,25.0,10.0,25.0,9.508903503417969,25.274654388427734,-0.27465522289276123,35.657100677490234,43.906166076660156,0.0,0.0,0.0,1.0,1.0,0.0,-1.0538679361343384,,,,,,,,,,,,,,,,
1783990041.930,78043000,100,1,1,0,10.0,25.0,10.0,25.0,8.863048553466797,25.305885314941406,-0.30588507652282715,38.24002456665039,47.669551849365234,0.0,0.0,0.0,1.0,1.0,0.0,1.0786728858947754,,,,,,,,,,,,,,,,
1783990041.940,78053000,101,1,2,0,10.0,25.0,10.0,25.0,8.872498512268066,25.22151756286621,-0.2215176820755005,39.7926025390625,46.83324432373047,0.0,0.0,0.0,1.0,1.0,0.0,-1.1290960311889648,,,,,,,,,,,,,,,,
1783990041.951,78063000,102,1,3,0,10.0,25.0,10.0,25.0,8.899785995483398,25.31822395324707,-0.318223237991333,41.29070281982422,50.1784782409668,0.0,0.0,0.0,1.0,1.0,0.0,1.1754041910171509,,,,,,,,,,,,,,,,
1783990041.960,78073000,103,2,255,0,,,,,,,,,,,,,,,,,0.3499999940395355,-1.149999976158142,3.5485715866088867,2.715714454650879,3.5485715866088867,2.715714454650879,0.0,0.0,0.0,0.0,0.0,0.0,0.0,0.0,0.0,0.0
1783990041.970,78083000,104,1,0,0,10.0,25.0,10.0,25.0,9.508903503417969,25.274654388427734,-0.27465522289276123,35.657100677490234,43.906166076660156,0.0,0.0,0.0,1.0,1.0,0.0,-1.0538679361343384,,,,,,,,,,,,,,,,
1783990041.980,78093000,105,1,1,0,10.0,25.0,10.0,25.0,8.863048553466797,25.305885314941406,-0.30588507652282715,38.24002456665039,47.669551849365234,0.0,0.0,0.0,1.0,1.0,0.0,1.0786728858947754,,,,,,,,,,,,,,,,
1783990041.990,78103000,106,1,2,0,10.0,25.0,10.0,25.0,8.872498512268066,25.22151756286621,-0.2215176820755005,39.7926025390625,46.83324432373047,0.0,0.0,0.0,1.0,1.0,0.0,-1.1290960311889648,,,,,,,,,,,,,,,,
1783990042.000,78113000,107,1,3,0,10.0,25.0,10.0,25.0,8.899785995483398,25.31822395324707,-0.318223237991333,41.29070281982422,50.1784782409668,0.0,0.0,0.0,1.0,1.0,0.0,1.1754041910171509,,,,,,,,,,,,,,,,
1783990042.010,78123000,108,2,255,0,,,,,,,,,,,,,,,,,0.3499999940395355,-1.149999976158142,3.5485715866088867,2.715714454650879,3.5485715866088867,2.715714454650879,0.0,0.0,0.0,0.0,0.0,0.0,0.0,0.0,0.0,0.0
1783990042.020,78133000,109,1,0,0,10.0,25.0,10.0,25.0,9.508903503417969,25.274654388427734,-0.27465522289276123,35.657100677490234,43.906166076660156,0.0,0.0,0.0,1.0,1.0,0.0,-1.0538679361343384,,,,,,,,,,,,,,,,
1783990042.030,78143000,110,1,1,0,10.0,25.0,10.0,25.0,8.863048553466797,25.305885314941406,-0.30588507652282715,38.24002456665039,47.669551849365234,0.0,0.0,0.0,1.0,1.0,0.0,1.0786728858947754,,,,,,,,,,,,,,,,
1783990042.040,78153000,111,1,2,0,10.0,25.0,10.0,25.0,8.872498512268066,25.22151756286621,-0.2215176820755005,39.7926025390625,46.83324432373047,0.0,0.0,0.0,1.0,1.0,0.0,-1.1290960311889648,,,,,,,,,,,,,,,,
1783990042.050,78163000,112,1,3,0,10.0,25.0,10.0,25.0,8.899785995483398,25.31822395324707,-0.318223237991333,41.29070281982422,50.1784782409668,0.0,0.0,0.0,1.0,1.0,0.0,1.1754041910171509,,,,,,,,,,,,,,,,
1783990042.060,78173000,113,2,255,0,,,,,,,,,,,,,,,,,0.3499999940395355,-1.149999976158142,3.5485715866088867,2.715714454650879,3.5485715866088867,2.715714454650879,0.0,0.0,0.0,0.0,0.0,0.0,0.0,0.0,0.0,0.0
1783990042.070,78183000,114,1,0,0,10.0,25.0,10.0,25.0,9.508903503417969,25.274654388427734,-0.27465522289276123,35.657100677490234,43.906166076660156,0.0,0.0,0.0,1.0,1.0,0.0,-1.0538679361343384,,,,,,,,,,,,,,,,
1783990042.082,78193000,115,1,1,0,10.0,25.0,10.0,25.0,8.863048553466797,25.305885314941406,-0.30588507652282715,38.24002456665039,47.669551849365234,0.0,0.0,0.0,1.0,1.0,0.0,1.0786728858947754,,,,,,,,,,,,,,,,
1783990042.090,78203000,116,1,2,0,10.0,25.0,10.0,25.0,8.872498512268066,25.22151756286621,-0.2215176820755005,39.7926025390625,46.83324432373047,0.0,0.0,0.0,1.0,1.0,0.0,-1.1290960311889648,,,,,,,,,,,,,,,,
1783990042.100,78213000,117,1,3,0,10.0,25.0,10.0,25.0,8.899785995483398,25.31822395324707,-0.318223237991333,41.29070281982422,50.1784782409668,0.0,0.0,0.0,1.0,1.0,0.0,1.1754041910171509,,,,,,,,,,,,,,,,
1783990042.110,78223000,118,2,255,0,,,,,,,,,,,,,,,,,0.3499999940395355,-1.149999976158142,3.5485715866088867,2.715714454650879,3.5485715866088867,2.715714454650879,0.0,0.0,0.0,0.0,0.0,0.0,0.0,0.0,0.0,0.0
1783990042.120,78233000,119,1,0,0,10.0,25.0,10.0,25.0,9.508903503417969,25.274654388427734,-0.27465522289276123,35.657100677490234,43.906166076660156,0.0,0.0,0.0,1.0,1.0,0.0,-1.0538679361343384,,,,,,,,,,,,,,,,
1783990042.130,78243000,120,1,1,0,10.0,25.0,10.0,25.0,8.863048553466797,25.305885314941406,-0.30588507652282715,38.24002456665039,47.669551849365234,0.0,0.0,0.0,1.0,1.0,0.0,1.0786728858947754,,,,,,,,,,,,,,,,
1783990042.140,78253000,121,1,2,0,10.0,25.0,10.0,25.0,8.872498512268066,25.22151756286621,-0.2215176820755005,39.7926025390625,46.83324432373047,0.0,0.0,0.0,1.0,1.0,0.0,-1.1290960311889648,,,,,,,,,,,,,,,,
1783990042.150,78263000,122,1,3,0,10.0,25.0,10.0,25.0,8.899785995483398,25.31822395324707,-0.318223237991333,41.29070281982422,50.1784782409668,0.0,0.0,0.0,1.0,1.0,0.0,1.1754041910171509,,,,,,,,,,,,,,,,
1783990042.160,78273000,123,2,255,0,,,,,,,,,,,,,,,,,0.3499999940395355,-1.149999976158142,3.5485715866088867,2.715714454650879,3.5485715866088867,2.715714454650879,0.0,0.0,0.0,0.0,0.0,0.0,0.0,0.0,0.0,0.0
1783990042.170,78283000,124,1,0,0,10.0,25.0,10.0,25.0,9.508903503417969,25.274654388427734,-0.27465522289276123,35.657100677490234,43.906166076660156,0.0,0.0,0.0,1.0,1.0,0.0,-1.0538679361343384,,,,,,,,,,,,,,,,
1783990042.180,78293000,125,1,1,0,10.0,25.0,10.0,25.0,8.863048553466797,25.305885314941406,-0.30588507652282715,38.24002456665039,47.669551849365234,0.0,0.0,0.0,1.0,1.0,0.0,1.0786728858947754,,,,,,,,,,,,,,,,
1783990042.190,78303000,126,1,2,0,10.0,25.0,10.0,25.0,8.872498512268066,25.22151756286621,-0.2215176820755005,39.7926025390625,46.83324432373047,0.0,0.0,0.0,1.0,1.0,0.0,-1.1290960311889648,,,,,,,,,,,,,,,,
1783990042.200,78313000,127,1,3,0,10.0,25.0,10.0,25.0,8.899785995483398,25.31822395324707,-0.318223237991333,41.29070281982422,50.1784782409668,0.0,0.0,0.0,1.0,1.0,0.0,1.1754041910171509,,,,,,,,,,,,,,,,
1783990042.210,78323000,128,2,255,0,,,,,,,,,,,,,,,,,0.3499999940395355,-1.149999976158142,3.5485715866088867,2.715714454650879,3.5485715866088867,2.715714454650879,0.0,0.0,0.0,0.0,0.0,0.0,0.0,0.0,0.0,0.0
1783990042.220,78333000,129,1,0,0,10.0,25.0,10.0,25.0,9.508903503417969,25.274654388427734,-0.27465522289276123,35.657100677490234,43.906166076660156,0.0,0.0,0.0,1.0,1.0,0.0,-1.0538679361343384,,,,,,,,,,,,,,,,
1783990042.230,78343000,130,1,1,0,10.0,25.0,10.0,25.0,8.863048553466797,25.305885314941406,-0.30588507652282715,38.24002456665039,47.669551849365234,0.0,0.0,0.0,1.0,1.0,0.0,1.0786728858947754,,,,,,,,,,,,,,,,
1783990042.240,78353000,131,1,2,0,10.0,25.0,10.0,25.0,8.872498512268066,25.22151756286621,-0.2215176820755005,39.7926025390625,46.83324432373047,0.0,0.0,0.0,1.0,1.0,0.0,-1.1290960311889648,,,,,,,,,,,,,,,,
1783990042.250,78363000,132,1,3,0,10.0,25.0,10.0,25.0,8.899785995483398,25.31822395324707,-0.318223237991333,41.29070281982422,50.1784782409668,0.0,0.0,0.0,1.0,1.0,0.0,1.1754041910171509,,,,,,,,,,,,,,,,
1783990042.260,78373000,133,2,255,0,,,,,,,,,,,,,,,,,0.3499999940395355,-1.149999976158142,3.5485715866088867,2.715714454650879,3.5485715866088867,2.715714454650879,0.0,0.0,0.0,0.0,0.0,0.0,0.0,0.0,0.0,0.0
1783990042.270,78383000,134,1,0,0,10.0,25.0,10.0,25.0,9.508903503417969,25.274654388427734,-0.27465522289276123,35.657100677490234,43.906166076660156,0.0,0.0,0.0,1.0,1.0,0.0,-1.0538679361343384,,,,,,,,,,,,,,,,
1783990042.280,78393000,135,1,1,0,10.0,25.0,10.0,25.0,8.863048553466797,25.305885314941406,-0.30588507652282715,38.24002456665039,47.669551849365234,0.0,0.0,0.0,1.0,1.0,0.0,1.0786728858947754,,,,,,,,,,,,,,,,
1783990042.290,78403000,136,1,2,0,10.0,25.0,10.0,25.0,8.872498512268066,25.22151756286621,-0.2215176820755005,39.7926025390625,46.83324432373047,0.0,0.0,0.0,1.0,1.0,0.0,-1.1290960311889648,,,,,,,,,,,,,,,,
1783990042.300,78413000,137,1,3,0,10.0,25.0,10.0,25.0,8.899785995483398,25.31822395324707,-0.318223237991333,41.29070281982422,50.1784782409668,0.0,0.0,0.0,1.0,1.0,0.0,1.1754041910171509,,,,,,,,,,,,,,,,
1783990042.310,78423000,138,2,255,0,,,,,,,,,,,,,,,,,0.3499999940395355,-1.149999976158142,3.5485715866088867,2.715714454650879,3.5485715866088867,2.715714454650879,0.0,0.0,0.0,0.0,0.0,0.0,0.0,0.0,0.0,0.0
1783990042.320,78433000,139,1,0,0,10.0,25.0,10.0,25.0,9.508903503417969,25.274654388427734,-0.27465522289276123,35.657100677490234,43.906166076660156,0.0,0.0,0.0,1.0,1.0,0.0,-1.0538679361343384,,,,,,,,,,,,,,,,
1783990042.330,78443000,140,1,1,0,10.0,25.0,10.0,25.0,8.863048553466797,25.305885314941406,-0.30588507652282715,38.24002456665039,47.669551849365234,0.0,0.0,0.0,1.0,1.0,0.0,1.0786728858947754,,,,,,,,,,,,,,,,
1783990042.340,78453000,141,1,2,0,10.0,25.0,10.0,25.0,8.872498512268066,25.22151756286621,-0.2215176820755005,39.7926025390625,46.83324432373047,0.0,0.0,0.0,1.0,1.0,0.0,-1.1290960311889648,,,,,,,,,,,,,,,,
1783990042.350,78463000,142,1,3,0,10.0,25.0,10.0,25.0,8.899785995483398,25.31822395324707,-0.318223237991333,41.29070281982422,50.1784782409668,0.0,0.0,0.0,1.0,1.0,0.0,1.1754041910171509,,,,,,,,,,,,,,,,
1783990042.360,78473000,143,2,255,0,,,,,,,,,,,,,,,,,0.3499999940395355,-1.149999976158142,3.5485715866088867,2.715714454650879,3.5485715866088867,2.715714454650879,0.0,0.0,0.0,0.0,0.0,0.0,0.0,0.0,0.0,0.0
1783990042.370,78483000,144,1,0,0,10.0,25.0,10.0,25.0,9.508903503417969,25.274654388427734,-0.27465522289276123,35.657100677490234,43.906166076660156,0.0,0.0,0.0,1.0,1.0,0.0,-1.0538679361343384,,,,,,,,,,,,,,,,
1783990042.380,78493000,145,1,1,0,10.0,25.0,10.0,25.0,8.863048553466797,25.305885314941406,-0.30588507652282715,38.24002456665039,47.669551849365234,0.0,0.0,0.0,1.0,1.0,0.0,1.0786728858947754,,,,,,,,,,,,,,,,
1783990042.390,78503000,146,1,2,0,10.0,25.0,10.0,25.0,8.872498512268066,25.22151756286621,-0.2215176820755005,39.7926025390625,46.83324432373047,0.0,0.0,0.0,1.0,1.0,0.0,-1.1290960311889648,,,,,,,,,,,,,,,,
1783990042.400,78513000,147,1,3,0,10.0,25.0,10.0,25.0,8.899785995483398,25.31822395324707,-0.318223237991333,41.29070281982422,50.1784782409668,0.0,0.0,0.0,1.0,1.0,0.0,1.1754041910171509,,,,,,,,,,,,,,,,
1783990042.410,78523000,148,2,255,0,,,,,,,,,,,,,,,,,0.3499999940395355,-1.149999976158142,3.5485715866088867,2.715714454650879,3.5485715866088867,2.715714454650879,0.0,0.0,0.0,0.0,0.0,0.0,0.0,0.0,0.0,0.0
1783990042.420,78533000,149,1,0,0,10.0,25.0,10.0,25.0,9.508903503417969,25.274654388427734,-0.27465522289276123,35.657100677490234,43.906166076660156,0.0,0.0,0.0,1.0,1.0,0.0,-1.0538679361343384,,,,,,,,,,,,,,,,
1783990042.420,78543000,150,1,1,0,10.0,25.0,10.0,25.0,8.863048553466797,25.305885314941406,-0.30588507652282715,38.24002456665039,47.669551849365234,0.0,0.0,0.0,1.0,1.0,0.0,1.0786728858947754,,,,,,,,,,,,,,,,
1783990042.440,78553000,151,1,2,0,10.0,25.0,10.0,25.0,8.872498512268066,25.22151756286621,-0.2215176820755005,39.7926025390625,46.83324432373047,0.0,0.0,0.0,1.0,1.0,0.0,-1.1290960311889648,,,,,,,,,,,,,,,,
1783990042.450,78563000,152,1,3,0,10.0,25.0,10.0,25.0,8.899785995483398,25.31822395324707,-0.318223237991333,41.29070281982422,50.1784782409668,0.0,0.0,0.0,1.0,1.0,0.0,1.1754041910171509,,,,,,,,,,,,,,,,
1783990042.460,78573000,153,2,255,0,,,,,,,,,,,,,,,,,0.3499999940395355,-1.149999976158142,3.5485715866088867,2.715714454650879,3.5485715866088867,2.715714454650879,0.0,0.0,0.0,0.0,0.0,0.0,0.0,0.0,0.0,0.0
1783990042.470,78583000,154,1,0,0,10.0,25.0,10.0,25.0,9.508903503417969,25.274654388427734,-0.27465522289276123,35.657100677490234,43.906166076660156,0.0,0.0,0.0,1.0,1.0,0.0,-1.0538679361343384,,,,,,,,,,,,,,,,
1783990042.481,78593000,155,1,1,0,10.0,25.0,10.0,25.0,8.863048553466797,25.305885314941406,-0.30588507652282715,38.24002456665039,47.669551849365234,0.0,0.0,0.0,1.0,1.0,0.0,1.0786728858947754,,,,,,,,,,,,,,,,
1783990042.490,78603000,156,1,2,0,10.0,25.0,10.0,25.0,8.872498512268066,25.22151756286621,-0.2215176820755005,39.7926025390625,46.83324432373047,0.0,0.0,0.0,1.0,1.0,0.0,-1.1290960311889648,,,,,,,,,,,,,,,,
1783990042.500,78613000,157,1,3,0,10.0,25.0,10.0,25.0,8.899785995483398,25.31822395324707,-0.318223237991333,41.29070281982422,50.1784782409668,0.0,0.0,0.0,1.0,1.0,0.0,1.1754041910171509,,,,,,,,,,,,,,,,
1783990042.510,78623000,158,2,255,0,,,,,,,,,,,,,,,,,0.3499999940395355,-1.149999976158142,3.5485715866088867,2.715714454650879,3.5485715866088867,2.715714454650879,0.0,0.0,0.0,0.0,0.0,0.0,0.0,0.0,0.0,0.0
1783990042.520,78633000,159,1,0,0,10.0,25.0,10.0,25.0,9.508903503417969,25.274654388427734,-0.27465522289276123,35.657100677490234,43.906166076660156,0.0,0.0,0.0,1.0,1.0,0.0,-1.0538679361343384,,,,,,,,,,,,,,,,
1783990042.530,78643000,160,1,1,0,10.0,25.0,10.0,25.0,8.863048553466797,25.305885314941406,-0.30588507652282715,38.24002456665039,47.669551849365234,0.0,0.0,0.0,1.0,1.0,0.0,1.0786728858947754,,,,,,,,,,,,,,,,
1783990042.540,78653000,161,1,2,0,10.0,25.0,10.0,25.0,8.872498512268066,25.22151756286621,-0.2215176820755005,39.7926025390625,46.83324432373047,0.0,0.0,0.0,1.0,1.0,0.0,-1.1290960311889648,,,,,,,,,,,,,,,,
1783990042.550,78663000,162,1,3,0,10.0,25.0,10.0,25.0,8.899785995483398,25.31822395324707,-0.318223237991333,41.29070281982422,50.1784782409668,0.0,0.0,0.0,1.0,1.0,0.0,1.1754041910171509,,,,,,,,,,,,,,,,
1783990042.561,78673000,163,2,255,0,,,,,,,,,,,,,,,,,0.3499999940395355,-1.149999976158142,3.5485715866088867,2.715714454650879,3.5485715866088867,2.715714454650879,0.0,0.0,0.0,0.0,0.0,0.0,0.0,0.0,0.0,0.0
1783990042.570,78683000,164,1,0,0,10.0,25.0,10.0,25.0,9.508903503417969,25.274654388427734,-0.27465522289276123,35.657100677490234,43.906166076660156,0.0,0.0,0.0,1.0,1.0,0.0,-1.0538679361343384,,,,,,,,,,,,,,,,
1783990042.580,78693000,165,1,1,0,10.0,25.0,10.0,25.0,8.863048553466797,25.305885314941406,-0.30588507652282715,38.24002456665039,47.669551849365234,0.0,0.0,0.0,1.0,1.0,0.0,1.0786728858947754,,,,,,,,,,,,,,,,
1783990042.590,78703000,166,1,2,0,10.0,25.0,10.0,25.0,8.872498512268066,25.22151756286621,-0.2215176820755005,39.7926025390625,46.83324432373047,0.0,0.0,0.0,1.0,1.0,0.0,-1.1290960311889648,,,,,,,,,,,,,,,,
1783990042.600,78713000,167,1,3,0,10.0,25.0,10.0,25.0,8.899785995483398,25.31822395324707,-0.318223237991333,41.29070281982422,50.1784782409668,0.0,0.0,0.0,1.0,1.0,0.0,1.1754041910171509,,,,,,,,,,,,,,,,
1783990042.610,78723000,168,2,255,0,,,,,,,,,,,,,,,,,0.3499999940395355,-1.149999976158142,3.5485715866088867,2.715714454650879,3.5485715866088867,2.715714454650879,0.0,0.0,0.0,0.0,0.0,0.0,0.0,0.0,0.0,0.0
1783990042.621,78733000,169,1,0,0,10.0,25.0,10.0,25.0,9.508903503417969,25.274654388427734,-0.27465522289276123,35.657100677490234,43.906166076660156,0.0,0.0,0.0,1.0,1.0,0.0,-1.0538679361343384,,,,,,,,,,,,,,,,
1783990042.630,78743000,170,1,1,0,10.0,25.0,10.0,25.0,8.863048553466797,25.305885314941406,-0.30588507652282715,38.24002456665039,47.669551849365234,0.0,0.0,0.0,1.0,1.0,0.0,1.0786728858947754,,,,,,,,,,,,,,,,
1783990042.640,78753000,171,1,2,0,10.0,25.0,10.0,25.0,8.872498512268066,25.22151756286621,-0.2215176820755005,39.7926025390625,46.83324432373047,0.0,0.0,0.0,1.0,1.0,0.0,-1.1290960311889648,,,,,,,,,,,,,,,,
1783990042.650,78763000,172,1,3,0,10.0,25.0,10.0,25.0,8.899785995483398,25.31822395324707,-0.318223237991333,41.29070281982422,50.1784782409668,0.0,0.0,0.0,1.0,1.0,0.0,1.1754041910171509,,,,,,,,,,,,,,,,
1783990042.660,78773000,173,2,255,0,,,,,,,,,,,,,,,,,0.3499999940395355,-1.149999976158142,3.5485715866088867,2.715714454650879,3.5485715866088867,2.715714454650879,0.0,0.0,0.0,0.0,0.0,0.0,0.0,0.0,0.0,0.0
1783990042.670,78783000,174,1,0,0,10.0,25.0,10.0,25.0,9.508903503417969,25.274654388427734,-0.27465522289276123,35.657100677490234,43.906166076660156,0.0,0.0,0.0,1.0,1.0,0.0,-1.0538679361343384,,,,,,,,,,,,,,,,
1783990042.680,78793000,175,1,1,0,10.0,25.0,10.0,25.0,8.863048553466797,25.305885314941406,-0.30588507652282715,38.24002456665039,47.669551849365234,0.0,0.0,0.0,1.0,1.0,0.0,1.0786728858947754,,,,,,,,,,,,,,,,
1783990042.690,78803000,176,1,2,0,10.0,25.0,10.0,25.0,8.872498512268066,25.22151756286621,-0.2215176820755005,39.7926025390625,46.83324432373047,0.0,0.0,0.0,1.0,1.0,0.0,-1.1290960311889648,,,,,,,,,,,,,,,,
1783990042.700,78813000,177,1,3,0,10.0,25.0,10.0,25.0,8.899785995483398,25.31822395324707,-0.318223237991333,41.29070281982422,50.1784782409668,0.0,0.0,0.0,1.0,1.0,0.0,1.1754041910171509,,,,,,,,,,,,,,,,
1783990042.710,78823000,178,2,255,0,,,,,,,,,,,,,,,,,0.3499999940395355,-1.149999976158142,3.5485715866088867,2.715714454650879,3.5485715866088867,2.715714454650879,0.0,0.0,0.0,0.0,0.0,0.0,0.0,0.0,0.0,0.0
1783990042.720,78833000,179,1,0,0,10.0,25.0,10.0,25.0,9.508903503417969,25.274654388427734,-0.27465522289276123,35.657100677490234,43.906166076660156,0.0,0.0,0.0,1.0,1.0,0.0,-1.0538679361343384,,,,,,,,,,,,,,,,
1783990042.730,78843000,180,1,1,0,10.0,25.0,10.0,25.0,8.863048553466797,25.305885314941406,-0.30588507652282715,38.24002456665039,47.669551849365234,0.0,0.0,0.0,1.0,1.0,0.0,1.0786728858947754,,,,,,,,,,,,,,,,
1783990042.740,78853000,181,1,2,0,10.0,25.0,10.0,25.0,8.872498512268066,25.22151756286621,-0.2215176820755005,39.7926025390625,46.83324432373047,0.0,0.0,0.0,1.0,1.0,0.0,-1.1290960311889648,,,,,,,,,,,,,,,,
1783990042.750,78863000,182,1,3,0,10.0,25.0,10.0,25.0,8.899785995483398,25.31822395324707,-0.318223237991333,41.29070281982422,50.1784782409668,0.0,0.0,0.0,1.0,1.0,0.0,1.1754041910171509,,,,,,,,,,,,,,,,
1783990042.760,78873000,183,2,255,0,,,,,,,,,,,,,,,,,0.3499999940395355,-1.149999976158142,3.5485715866088867,2.715714454650879,3.5485715866088867,2.715714454650879,0.0,0.0,0.0,0.0,0.0,0.0,0.0,0.0,0.0,0.0
1783990042.770,78883000,184,1,0,0,10.0,25.0,10.0,25.0,9.508903503417969,25.274654388427734,-0.27465522289276123,35.657100677490234,43.906166076660156,0.0,0.0,0.0,1.0,1.0,0.0,-1.0538679361343384,,,,,,,,,,,,,,,,
1783990042.780,78893000,185,1,1,0,10.0,25.0,10.0,25.0,8.863048553466797,25.305885314941406,-0.30588507652282715,38.24002456665039,47.669551849365234,0.0,0.0,0.0,1.0,1.0,0.0,1.0786728858947754,,,,,,,,,,,,,,,,
1783990042.790,78903000,186,1,2,0,10.0,25.0,10.0,25.0,8.872498512268066,25.22151756286621,-0.2215176820755005,39.7926025390625,46.83324432373047,0.0,0.0,0.0,1.0,1.0,0.0,-1.1290960311889648,,,,,,,,,,,,,,,,
1783990042.800,78913000,187,1,3,0,10.0,25.0,10.0,25.0,8.899785995483398,25.31822395324707,-0.318223237991333,41.29070281982422,50.1784782409668,0.0,0.0,0.0,1.0,1.0,0.0,1.1754041910171509,,,,,,,,,,,,,,,,
1783990042.810,78923000,188,2,255,0,,,,,,,,,,,,,,,,,0.3499999940395355,-1.149999976158142,3.5485715866088867,2.715714454650879,3.5485715866088867,2.715714454650879,0.0,0.0,0.0,0.0,0.0,0.0,0.0,0.0,0.0,0.0
1783990042.820,78933000,189,1,0,0,10.0,25.0,10.0,25.0,9.508903503417969,25.274654388427734,-0.27465522289276123,35.657100677490234,43.906166076660156,0.0,0.0,0.0,1.0,1.0,0.0,-1.0538679361343384,,,,,,,,,,,,,,,,
1783990042.830,78943000,190,1,1,0,10.0,25.0,10.0,25.0,8.863048553466797,25.305885314941406,-0.30588507652282715,38.24002456665039,47.669551849365234,0.0,0.0,0.0,1.0,1.0,0.0,1.0786728858947754,,,,,,,,,,,,,,,,
1783990042.840,78953000,191,1,2,0,10.0,25.0,10.0,25.0,8.872498512268066,25.22151756286621,-0.2215176820755005,39.7926025390625,46.83324432373047,0.0,0.0,0.0,1.0,1.0,0.0,-1.1290960311889648,,,,,,,,,,,,,,,,
1783990042.850,78963000,192,1,3,0,10.0,25.0,10.0,25.0,8.899785995483398,25.31822395324707,-0.318223237991333,41.29070281982422,50.1784782409668,0.0,0.0,0.0,1.0,1.0,0.0,1.1754041910171509,,,,,,,,,,,,,,,,
1783990042.860,78973000,193,2,255,0,,,,,,,,,,,,,,,,,0.3499999940395355,-1.149999976158142,3.5485715866088867,2.715714454650879,3.5485715866088867,2.715714454650879,0.0,0.0,0.0,0.0,0.0,0.0,0.0,0.0,0.0,0.0
1783990042.870,78983000,194,1,0,0,10.0,25.0,10.0,25.0,9.508903503417969,25.274654388427734,-0.27465522289276123,35.657100677490234,43.906166076660156,0.0,0.0,0.0,1.0,1.0,0.0,-1.0538679361343384,,,,,,,,,,,,,,,,
1783990042.880,78993000,195,1,1,0,10.0,25.0,10.0,25.0,8.863048553466797,25.305885314941406,-0.30588507652282715,38.24002456665039,47.669551849365234,0.0,0.0,0.0,1.0,1.0,0.0,1.0786728858947754,,,,,,,,,,,,,,,,
1783990042.890,79003000,196,1,2,0,10.0,25.0,10.0,25.0,8.872498512268066,25.22151756286621,-0.2215176820755005,39.7926025390625,46.83324432373047,0.0,0.0,0.0,1.0,1.0,0.0,-1.1290960311889648,,,,,,,,,,,,,,,,
1783990042.900,79013000,197,1,3,0,10.0,25.0,10.0,25.0,8.899785995483398,25.31822395324707,-0.318223237991333,41.29070281982422,50.1784782409668,0.0,0.0,0.0,1.0,1.0,0.0,1.1754041910171509,,,,,,,,,,,,,,,,
1783990042.910,79023000,198,2,255,0,,,,,,,,,,,,,,,,,0.3499999940395355,-1.149999976158142,3.5485715866088867,2.715714454650879,3.5485715866088867,2.715714454650879,0.0,0.0,0.0,0.0,0.0,0.0,0.0,0.0,0.0,0.0
1783990042.920,79033000,199,1,0,0,10.0,25.0,10.0,25.0,9.508903503417969,25.274654388427734,-0.27465522289276123,35.657100677490234,43.906166076660156,0.0,0.0,0.0,1.0,1.0,0.0,-1.0538679361343384,,,,,,,,,,,,,,,,
1783990042.930,79043000,200,1,1,0,10.0,25.0,10.0,25.0,8.863048553466797,25.305885314941406,-0.30588507652282715,38.24002456665039,47.669551849365234,0.0,0.0,0.0,1.0,1.0,0.0,1.0786728858947754,,,,,,,,,,,,,,,,
1783990042.940,79053000,201,1,2,0,10.0,25.0,10.0,25.0,8.872498512268066,25.22151756286621,-0.2215176820755005,39.7926025390625,46.83324432373047,0.0,0.0,0.0,1.0,1.0,0.0,-1.1290960311889648,,,,,,,,,,,,,,,,
1783990042.950,79063000,202,1,3,0,10.0,25.0,10.0,25.0,8.899785995483398,25.31822395324707,-0.318223237991333,41.29070281982422,50.1784782409668,0.0,0.0,0.0,1.0,1.0,0.0,1.1754041910171509,,,,,,,,,,,,,,,,
1783990042.960,79073000,203,2,255,0,,,,,,,,,,,,,,,,,0.3499999940395355,-1.149999976158142,3.5485715866088867,2.715714454650879,3.5485715866088867,2.715714454650879,0.0,0.0,0.0,0.0,0.0,0.0,0.0,0.0,0.0,0.0
1783990042.970,79083000,204,1,0,0,10.0,25.0,10.0,25.0,9.508903503417969,25.274654388427734,-0.27465522289276123,35.657100677490234,43.906166076660156,0.0,0.0,0.0,1.0,1.0,0.0,-1.0538679361343384,,,,,,,,,,,,,,,,
1783990042.980,79093000,205,1,1,0,10.0,25.0,10.0,25.0,8.863048553466797,25.305885314941406,-0.30588507652282715,38.24002456665039,47.669551849365234,0.0,0.0,0.0,1.0,1.0,0.0,1.0786728858947754,,,,,,,,,,,,,,,,
1783990042.990,79103000,206,1,2,0,10.0,25.0,10.0,25.0,8.872498512268066,25.22151756286621,-0.2215176820755005,39.7926025390625,46.83324432373047,0.0,0.0,0.0,1.0,1.0,0.0,-1.1290960311889648,,,,,,,,,,,,,,,,
1783990043.001,79113000,207,1,3,0,10.0,25.0,10.0,25.0,8.899785995483398,25.31822395324707,-0.318223237991333,41.29070281982422,50.1784782409668,0.0,0.0,0.0,1.0,1.0,0.0,1.1754041910171509,,,,,,,,,,,,,,,,
1783990043.010,79123000,208,2,255,0,,,,,,,,,,,,,,,,,0.3499999940395355,-1.149999976158142,3.5485715866088867,2.715714454650879,3.5485715866088867,2.715714454650879,0.0,0.0,0.0,0.0,0.0,0.0,0.0,0.0,0.0,0.0
1783990043.020,79133000,209,1,0,0,10.0,25.0,10.0,25.0,9.508903503417969,25.274654388427734,-0.27465522289276123,35.657100677490234,43.906166076660156,0.0,0.0,0.0,1.0,1.0,0.0,-1.0538679361343384,,,,,,,,,,,,,,,,
1783990043.030,79143000,210,1,1,0,10.0,25.0,10.0,25.0,8.863048553466797,25.305885314941406,-0.30588507652282715,38.24002456665039,47.669551849365234,0.0,0.0,0.0,1.0,1.0,0.0,1.0786728858947754,,,,,,,,,,,,,,,,
1783990043.040,79153000,211,1,2,0,10.0,25.0,10.0,25.0,8.872498512268066,25.22151756286621,-0.2215176820755005,39.7926025390625,46.83324432373047,0.0,0.0,0.0,1.0,1.0,0.0,-1.1290960311889648,,,,,,,,,,,,,,,,
1783990043.050,79163000,212,1,3,0,10.0,25.0,10.0,25.0,8.899785995483398,25.31822395324707,-0.318223237991333,41.29070281982422,50.1784782409668,0.0,0.0,0.0,1.0,1.0,0.0,1.1754041910171509,,,,,,,,,,,,,,,,
1783990043.060,79173000,213,2,255,0,,,,,,,,,,,,,,,,,0.3499999940395355,-1.149999976158142,3.5485715866088867,2.715714454650879,3.5485715866088867,2.715714454650879,0.0,0.0,0.0,0.0,0.0,0.0,0.0,0.0,0.0,0.0
1783990043.070,79183000,214,1,0,0,10.0,25.0,10.0,25.0,9.508903503417969,25.274654388427734,-0.27465522289276123,35.657100677490234,43.906166076660156,0.0,0.0,0.0,1.0,1.0,0.0,-1.0538679361343384,,,,,,,,,,,,,,,,
1783990043.080,79193000,215,1,1,0,10.0,25.0,10.0,25.0,8.863048553466797,25.305885314941406,-0.30588507652282715,38.24002456665039,47.669551849365234,0.0,0.0,0.0,1.0,1.0,0.0,1.0786728858947754,,,,,,,,,,,,,,,,
1783990043.090,79203000,216,1,2,0,10.0,25.0,10.0,25.0,8.872498512268066,25.22151756286621,-0.2215176820755005,39.7926025390625,46.83324432373047,0.0,0.0,0.0,1.0,1.0,0.0,-1.1290960311889648,,,,,,,,,,,,,,,,
1783990043.100,79213000,217,1,3,0,10.0,25.0,10.0,25.0,8.899785995483398,25.31822395324707,-0.318223237991333,41.29070281982422,50.1784782409668,0.0,0.0,0.0,1.0,1.0,0.0,1.1754041910171509,,,,,,,,,,,,,,,,
1783990043.110,79223000,218,2,255,0,,,,,,,,,,,,,,,,,0.3499999940395355,-1.149999976158142,3.5485715866088867,2.715714454650879,3.5485715866088867,2.715714454650879,0.0,0.0,0.0,0.0,0.0,0.0,0.0,0.0,0.0,0.0
1783990043.120,79233000,219,1,0,0,10.0,25.0,10.0,25.0,9.508903503417969,25.274654388427734,-0.27465522289276123,35.657100677490234,43.906166076660156,0.0,0.0,0.0,1.0,1.0,0.0,-1.0538679361343384,,,,,,,,,,,,,,,,
1783990043.130,79243000,220,1,1,0,10.0,25.0,10.0,25.0,8.863048553466797,25.305885314941406,-0.30588507652282715,38.24002456665039,47.669551849365234,0.0,0.0,0.0,1.0,1.0,0.0,1.0786728858947754,,,,,,,,,,,,,,,,
1783990043.140,79253000,221,1,2,0,10.0,25.0,10.0,25.0,8.872498512268066,25.22151756286621,-0.2215176820755005,39.7926025390625,46.83324432373047,0.0,0.0,0.0,1.0,1.0,0.0,-1.1290960311889648,,,,,,,,,,,,,,,,
1783990043.150,79263000,222,1,3,0,10.0,25.0,10.0,25.0,8.899785995483398,25.31822395324707,-0.318223237991333,41.29070281982422,50.1784782409668,0.0,0.0,0.0,1.0,1.0,0.0,1.1754041910171509,,,,,,,,,,,,,,,,
1783990043.160,79273000,223,2,255,0,,,,,,,,,,,,,,,,,0.3499999940395355,-1.149999976158142,3.5485715866088867,2.715714454650879,3.5485715866088867,2.715714454650879,0.0,0.0,0.0,0.0,0.0,0.0,0.0,0.0,0.0,0.0
1783990043.170,79283000,224,1,0,0,10.0,25.0,10.0,25.0,9.508903503417969,25.274654388427734,-0.27465522289276123,35.657100677490234,43.906166076660156,0.0,0.0,0.0,1.0,1.0,0.0,-1.0538679361343384,,,,,,,,,,,,,,,,
1783990043.180,79293000,225,1,1,0,10.0,25.0,10.0,25.0,8.863048553466797,25.305885314941406,-0.30588507652282715,38.24002456665039,47.669551849365234,0.0,0.0,0.0,1.0,1.0,0.0,1.0786728858947754,,,,,,,,,,,,,,,,
1783990043.190,79303000,226,1,2,0,10.0,25.0,10.0,25.0,8.872498512268066,25.22151756286621,-0.2215176820755005,39.7926025390625,46.83324432373047,0.0,0.0,0.0,1.0,1.0,0.0,-1.1290960311889648,,,,,,,,,,,,,,,,
1783990043.190,79313000,227,1,3,0,10.0,25.0,10.0,25.0,8.899785995483398,25.31822395324707,-0.318223237991333,41.29070281982422,50.1784782409668,0.0,0.0,0.0,1.0,1.0,0.0,1.1754041910171509,,,,,,,,,,,,,,,,
1783990043.210,79323000,228,2,255,0,,,,,,,,,,,,,,,,,0.3499999940395355,-1.149999976158142,3.5485715866088867,2.715714454650879,3.5485715866088867,2.715714454650879,0.0,0.0,0.0,0.0,0.0,0.0,0.0,0.0,0.0,0.0
1783990043.220,79333000,229,1,0,0,10.0,25.0,10.0,25.0,9.508903503417969,25.274654388427734,-0.27465522289276123,35.657100677490234,43.906166076660156,0.0,0.0,0.0,1.0,1.0,0.0,-1.0538679361343384,,,,,,,,,,,,,,,,
1783990043.230,79343000,230,1,1,0,10.0,25.0,10.0,25.0,8.863048553466797,25.305885314941406,-0.30588507652282715,38.24002456665039,47.669551849365234,0.0,0.0,0.0,1.0,1.0,0.0,1.0786728858947754,,,,,,,,,,,,,,,,
1783990043.240,79353000,231,1,2,0,10.0,25.0,10.0,25.0,8.872498512268066,25.22151756286621,-0.2215176820755005,39.7926025390625,46.83324432373047,0.0,0.0,0.0,1.0,1.0,0.0,-1.1290960311889648,,,,,,,,,,,,,,,,
1783990043.250,79363000,232,1,3,0,10.0,25.0,10.0,25.0,8.899785995483398,25.31822395324707,-0.318223237991333,41.29070281982422,50.1784782409668,0.0,0.0,0.0,1.0,1.0,0.0,1.1754041910171509,,,,,,,,,,,,,,,,
1783990043.260,79373000,233,2,255,0,,,,,,,,,,,,,,,,,0.3499999940395355,-1.149999976158142,3.5485715866088867,2.715714454650879,3.5485715866088867,2.715714454650879,0.0,0.0,0.0,0.0,0.0,0.0,0.0,0.0,0.0,0.0
1783990043.270,79383000,234,1,0,0,10.0,25.0,10.0,25.0,9.508903503417969,25.274654388427734,-0.27465522289276123,35.657100677490234,43.906166076660156,0.0,0.0,0.0,1.0,1.0,0.0,-1.0538679361343384,,,,,,,,,,,,,,,,
1783990043.280,79393000,235,1,1,0,10.0,25.0,10.0,25.0,8.863048553466797,25.305885314941406,-0.30588507652282715,38.24002456665039,47.669551849365234,0.0,0.0,0.0,1.0,1.0,0.0,1.0786728858947754,,,,,,,,,,,,,,,,
1783990043.290,79403000,236,1,2,0,10.0,25.0,10.0,25.0,8.872498512268066,25.22151756286621,-0.2215176820755005,39.7926025390625,46.83324432373047,0.0,0.0,0.0,1.0,1.0,0.0,-1.1290960311889648,,,,,,,,,,,,,,,,
1783990043.300,79413000,237,1,3,0,10.0,25.0,10.0,25.0,8.899785995483398,25.31822395324707,-0.318223237991333,41.29070281982422,50.1784782409668,0.0,0.0,0.0,1.0,1.0,0.0,1.1754041910171509,,,,,,,,,,,,,,,,
1783990043.310,79423000,238,2,255,0,,,,,,,,,,,,,,,,,0.3499999940395355,-1.149999976158142,3.5485715866088867,2.715714454650879,3.5485715866088867,2.715714454650879,0.0,0.0,0.0,0.0,0.0,0.0,0.0,0.0,0.0,0.0
1783990043.320,79433000,239,1,0,0,10.0,25.0,10.0,25.0,9.508903503417969,25.274654388427734,-0.27465522289276123,35.657100677490234,43.906166076660156,0.0,0.0,0.0,1.0,1.0,0.0,-1.0538679361343384,,,,,,,,,,,,,,,,
1783990043.330,79443000,240,1,1,0,10.0,25.0,10.0,25.0,8.863048553466797,25.305885314941406,-0.30588507652282715,38.24002456665039,47.669551849365234,0.0,0.0,0.0,1.0,1.0,0.0,1.0786728858947754,,,,,,,,,,,,,,,,
1783990043.340,79453000,241,1,2,0,10.0,25.0,10.0,25.0,8.872498512268066,25.22151756286621,-0.2215176820755005,39.7926025390625,46.83324432373047,0.0,0.0,0.0,1.0,1.0,0.0,-1.1290960311889648,,,,,,,,,,,,,,,,
1783990043.350,79463000,242,1,3,0,10.0,25.0,10.0,25.0,8.899785995483398,25.31822395324707,-0.318223237991333,41.29070281982422,50.1784782409668,0.0,0.0,0.0,1.0,1.0,0.0,1.1754041910171509,,,,,,,,,,,,,,,,
1783990043.360,79473000,243,2,255,0,,,,,,,,,,,,,,,,,0.3499999940395355,-1.149999976158142,3.5485715866088867,2.715714454650879,3.5485715866088867,2.715714454650879,0.0,0.0,0.0,0.0,0.0,0.0,0.0,0.0,0.0,0.0
1783990043.370,79483000,244,1,0,0,10.0,25.0,10.0,25.0,9.508903503417969,25.274654388427734,-0.27465522289276123,35.657100677490234,43.906166076660156,0.0,0.0,0.0,1.0,1.0,0.0,-1.0538679361343384,,,,,,,,,,,,,,,,
1783990043.380,79493000,245,1,1,0,10.0,25.0,10.0,25.0,8.863048553466797,25.305885314941406,-0.30588507652282715,38.24002456665039,47.669551849365234,0.0,0.0,0.0,1.0,1.0,0.0,1.0786728858947754,,,,,,,,,,,,,,,,
1783990043.390,79503000,246,1,2,0,10.0,25.0,10.0,25.0,8.872498512268066,25.22151756286621,-0.2215176820755005,39.7926025390625,46.83324432373047,0.0,0.0,0.0,1.0,1.0,0.0,-1.1290960311889648,,,,,,,,,,,,,,,,
1783990043.400,79513000,247,1,3,0,10.0,25.0,10.0,25.0,8.899785995483398,25.31822395324707,-0.318223237991333,41.29070281982422,50.1784782409668,0.0,0.0,0.0,1.0,1.0,0.0,1.1754041910171509,,,,,,,,,,,,,,,,
1783990043.410,79523000,248,2,255,0,,,,,,,,,,,,,,,,,0.3499999940395355,-1.149999976158142,3.5485715866088867,2.715714454650879,3.5485715866088867,2.715714454650879,0.0,0.0,0.0,0.0,0.0,0.0,0.0,0.0,0.0,0.0
1783990043.420,79533000,249,1,0,0,10.0,25.0,10.0,25.0,9.508903503417969,25.274654388427734,-0.27465522289276123,35.657100677490234,43.906166076660156,0.0,0.0,0.0,1.0,1.0,0.0,-1.0538679361343384,,,,,,,,,,,,,,,,
1783990043.430,79543000,250,1,1,0,10.0,25.0,10.0,25.0,8.863048553466797,25.305885314941406,-0.30588507652282715,38.24002456665039,47.669551849365234,0.0,0.0,0.0,1.0,1.0,0.0,1.0786728858947754,,,,,,,,,,,,,,,,
1783990043.440,79553000,251,1,2,0,10.0,25.0,10.0,25.0,8.872498512268066,25.22151756286621,-0.2215176820755005,39.7926025390625,46.83324432373047,0.0,0.0,0.0,1.0,1.0,0.0,-1.1290960311889648,,,,,,,,,,,,,,,,
1783990043.450,79563000,252,1,3,0,10.0,25.0,10.0,25.0,8.899785995483398,25.31822395324707,-0.318223237991333,41.29070281982422,50.1784782409668,0.0,0.0,0.0,1.0,1.0,0.0,1.1754041910171509,,,,,,,,,,,,,,,,
1783990043.460,79573000,253,2,255,0,,,,,,,,,,,,,,,,,0.3499999940395355,-1.149999976158142,3.5485715866088867,2.715714454650879,3.5485715866088867,2.715714454650879,0.0,0.0,0.0,0.0,0.0,0.0,0.0,0.0,0.0,0.0
1783990043.470,79583000,254,1,0,0,10.0,25.0,10.0,25.0,9.508903503417969,25.274654388427734,-0.27465522289276123,35.657100677490234,43.906166076660156,0.0,0.0,0.0,1.0,1.0,0.0,-1.0538679361343384,,,,,,,,,,,,,,,,
1783990043.480,79593000,255,1,1,0,10.0,25.0,10.0,25.0,8.863048553466797,25.305885314941406,-0.30588507652282715,38.24002456665039,47.669551849365234,0.0,0.0,0.0,1.0,1.0,0.0,1.0786728858947754,,,,,,,,,,,,,,,,
1783990043.490,79603000,0,1,2,0,10.0,25.0,10.0,25.0,8.872498512268066,25.22151756286621,-0.2215176820755005,39.7926025390625,46.83324432373047,0.0,0.0,0.0,1.0,1.0,0.0,-1.1290960311889648,,,,,,,,,,,,,,,,
1783990043.500,79613000,1,1,3,0,10.0,25.0,10.0,25.0,8.899785995483398,25.31822395324707,-0.318223237991333,41.29070281982422,50.1784782409668,0.0,0.0,0.0,1.0,1.0,0.0,1.1754041910171509,,,,,,,,,,,,,,,,
1783990043.510,79623000,2,2,255,0,,,,,,,,,,,,,,,,,0.3499999940395355,-1.149999976158142,3.5485715866088867,2.715714454650879,3.5485715866088867,2.715714454650879,0.0,0.0,0.0,0.0,0.0,0.0,0.0,0.0,0.0,0.0
1783990043.522,79633000,3,1,0,0,10.0,25.0,10.0,25.0,9.508903503417969,25.274654388427734,-0.27465522289276123,35.657100677490234,43.906166076660156,0.0,0.0,0.0,1.0,1.0,0.0,-1.0538679361343384,,,,,,,,,,,,,,,,
1783990043.530,79643000,4,1,1,0,10.0,25.0,10.0,25.0,8.863048553466797,25.305885314941406,-0.30588507652282715,38.24002456665039,47.669551849365234,0.0,0.0,0.0,1.0,1.0,0.0,1.0786728858947754,,,,,,,,,,,,,,,,
1783990043.540,79653000,5,1,2,0,10.0,25.0,10.0,25.0,8.872498512268066,25.22151756286621,-0.2215176820755005,39.7926025390625,46.83324432373047,0.0,0.0,0.0,1.0,1.0,0.0,-1.1290960311889648,,,,,,,,,,,,,,,,
1783990043.550,79663000,6,1,3,0,10.0,25.0,10.0,25.0,8.899785995483398,25.31822395324707,-0.318223237991333,41.29070281982422,50.1784782409668,0.0,0.0,0.0,1.0,1.0,0.0,1.1754041910171509,,,,,,,,,,,,,,,,
1783990043.560,79673000,7,2,255,0,,,,,,,,,,,,,,,,,0.3499999940395355,-1.149999976158142,3.5485715866088867,2.715714454650879,3.5485715866088867,2.715714454650879,0.0,0.0,0.0,0.0,0.0,0.0,0.0,0.0,0.0,0.0
1783990043.570,79683000,8,1,0,0,10.0,25.0,10.0,25.0,9.508903503417969,25.274654388427734,-0.27465522289276123,35.657100677490234,43.906166076660156,0.0,0.0,0.0,1.0,1.0,0.0,-1.0538679361343384,,,,,,,,,,,,,,,,
1783990043.580,79693000,9,1,1,0,10.0,25.0,10.0,25.0,8.863048553466797,25.305885314941406,-0.30588507652282715,38.24002456665039,47.669551849365234,0.0,0.0,0.0,1.0,1.0,0.0,1.0786728858947754,,,,,,,,,,,,,,,,
1783990043.590,79703000,10,1,2,0,10.0,25.0,10.0,25.0,8.872498512268066,25.22151756286621,-0.2215176820755005,39.7926025390625,46.83324432373047,0.0,0.0,0.0,1.0,1.0,0.0,-1.1290960311889648,,,,,,,,,,,,,,,,
1783990043.600,79713000,11,1,3,0,10.0,25.0,10.0,25.0,8.899785995483398,25.31822395324707,-0.318223237991333,41.29070281982422,50.1784782409668,0.0,0.0,0.0,1.0,1.0,0.0,1.1754041910171509,,,,,,,,,,,,,,,,
1783990043.610,79723000,12,2,255,0,,,,,,,,,,,,,,,,,0.3499999940395355,-1.149999976158142,3.5485715866088867,2.715714454650879,3.5485715866088867,2.715714454650879,0.0,0.0,0.0,0.0,0.0,0.0,0.0,0.0,0.0,0.0
1783990043.620,79733000,13,1,0,0,10.0,25.0,10.0,25.0,9.508903503417969,25.274654388427734,-0.27465522289276123,35.657100677490234,43.906166076660156,0.0,0.0,0.0,1.0,1.0,0.0,-1.0538679361343384,,,,,,,,,,,,,,,,
1783990043.630,79743000,14,1,1,0,10.0,25.0,10.0,25.0,8.863048553466797,25.305885314941406,-0.30588507652282715,38.24002456665039,47.669551849365234,0.0,0.0,0.0,1.0,1.0,0.0,1.0786728858947754,,,,,,,,,,,,,,,,
1783990043.640,79753000,15,1,2,0,10.0,25.0,10.0,25.0,8.872498512268066,25.22151756286621,-0.2215176820755005,39.7926025390625,46.83324432373047,0.0,0.0,0.0,1.0,1.0,0.0,-1.1290960311889648,,,,,,,,,,,,,,,,
1783990043.650,79763000,16,1,3,0,10.0,25.0,10.0,25.0,8.899785995483398,25.31822395324707,-0.318223237991333,41.29070281982422,50.1784782409668,0.0,0.0,0.0,1.0,1.0,0.0,1.1754041910171509,,,,,,,,,,,,,,,,
1783990043.661,79773000,17,2,255,0,,,,,,,,,,,,,,,,,0.3499999940395355,-1.149999976158142,3.5485715866088867,2.715714454650879,3.5485715866088867,2.715714454650879,0.0,0.0,0.0,0.0,0.0,0.0,0.0,0.0,0.0,0.0
1783990043.670,79783000,18,1,0,0,10.0,25.0,10.0,25.0,9.508903503417969,25.274654388427734,-0.27465522289276123,35.657100677490234,43.906166076660156,0.0,0.0,0.0,1.0,1.0,0.0,-1.0538679361343384,,,,,,,,,,,,,,,,
1783990043.680,79793000,19,1,1,0,10.0,25.0,10.0,25.0,8.863048553466797,25.305885314941406,-0.30588507652282715,38.24002456665039,47.669551849365234,0.0,0.0,0.0,1.0,1.0,0.0,1.0786728858947754,,,,,,,,,,,,,,,,
1783990043.690,79803000,20,1,2,0,10.0,25.0,10.0,25.0,8.872498512268066,25.22151756286621,-0.2215176820755005,39.7926025390625,46.83324432373047,0.0,0.0,0.0,1.0,1.0,0.0,-1.1290960311889648,,,,,,,,,,,,,,,,
1783990043.700,79813000,21,1,3,0,10.0,25.0,10.0,25.0,8.899785995483398,25.31822395324707,-0.318223237991333,41.29070281982422,50.1784782409668,0.0,0.0,0.0,1.0,1.0,0.0,1.1754041910171509,,,,,,,,,,,,,,,,
1783990043.700,79823000,22,2,255,0,,,,,,,,,,,,,,,,,0.3499999940395355,-1.149999976158142,3.5485715866088867,2.715714454650879,3.5485715866088867,2.715714454650879,0.0,0.0,0.0,0.0,0.0,0.0,0.0,0.0,0.0,0.0
1783990043.720,79833000,23,1,0,0,10.0,25.0,10.0,25.0,9.508903503417969,25.274654388427734,-0.27465522289276123,35.657100677490234,43.906166076660156,0.0,0.0,0.0,1.0,1.0,0.0,-1.0538679361343384,,,,,,,,,,,,,,,,
1783990043.730,79843000,24,1,1,0,10.0,25.0,10.0,25.0,8.863048553466797,25.305885314941406,-0.30588507652282715,38.24002456665039,47.669551849365234,0.0,0.0,0.0,1.0,1.0,0.0,1.0786728858947754,,,,,,,,,,,,,,,,
1783990043.740,79853000,25,1,2,0,10.0,25.0,10.0,25.0,8.872498512268066,25.22151756286621,-0.2215176820755005,39.7926025390625,46.83324432373047,0.0,0.0,0.0,1.0,1.0,0.0,-1.1290960311889648,,,,,,,,,,,,,,,,
1783990043.750,79863000,26,1,3,0,10.0,25.0,10.0,25.0,8.899785995483398,25.31822395324707,-0.318223237991333,41.29070281982422,50.1784782409668,0.0,0.0,0.0,1.0,1.0,0.0,1.1754041910171509,,,,,,,,,,,,,,,,
1783990043.760,79873000,27,2,255,0,,,,,,,,,,,,,,,,,0.3499999940395355,-1.149999976158142,3.5485715866088867,2.715714454650879,3.5485715866088867,2.715714454650879,0.0,0.0,0.0,0.0,0.0,0.0,0.0,0.0,0.0,0.0
1783990043.770,79883000,28,1,0,0,10.0,25.0,10.0,25.0,9.508903503417969,25.274654388427734,-0.27465522289276123,35.657100677490234,43.906166076660156,0.0,0.0,0.0,1.0,1.0,0.0,-1.0538679361343384,,,,,,,,,,,,,,,,
1783990043.780,79893000,29,1,1,0,10.0,25.0,10.0,25.0,8.863048553466797,25.305885314941406,-0.30588507652282715,38.24002456665039,47.669551849365234,0.0,0.0,0.0,1.0,1.0,0.0,1.0786728858947754,,,,,,,,,,,,,,,,
1783990043.790,79903000,30,1,2,0,10.0,25.0,10.0,25.0,8.872498512268066,25.22151756286621,-0.2215176820755005,39.7926025390625,46.83324432373047,0.0,0.0,0.0,1.0,1.0,0.0,-1.1290960311889648,,,,,,,,,,,,,,,,
1783990043.800,79913000,31,1,3,0,10.0,25.0,10.0,25.0,8.899785995483398,25.31822395324707,-0.318223237991333,41.29070281982422,50.1784782409668,0.0,0.0,0.0,1.0,1.0,0.0,1.1754041910171509,,,,,,,,,,,,,,,,
1783990043.810,79923000,32,2,255,0,,,,,,,,,,,,,,,,,0.3499999940395355,-1.149999976158142,3.5485715866088867,2.715714454650879,3.5485715866088867,2.715714454650879,0.0,0.0,0.0,0.0,0.0,0.0,0.0,0.0,0.0,0.0
1783990043.820,79933000,33,1,0,0,10.0,25.0,10.0,25.0,9.508903503417969,25.274654388427734,-0.27465522289276123,35.657100677490234,43.906166076660156,0.0,0.0,0.0,1.0,1.0,0.0,-1.0538679361343384,,,,,,,,,,,,,,,,
1783990043.830,79943000,34,1,1,0,10.0,25.0,10.0,25.0,8.863048553466797,25.305885314941406,-0.30588507652282715,38.24002456665039,47.669551849365234,0.0,0.0,0.0,1.0,1.0,0.0,1.0786728858947754,,,,,,,,,,,,,,,,
1783990043.840,79953000,35,1,2,0,10.0,25.0,10.0,25.0,8.872498512268066,25.22151756286621,-0.2215176820755005,39.7926025390625,46.83324432373047,0.0,0.0,0.0,1.0,1.0,0.0,-1.1290960311889648,,,,,,,,,,,,,,,,
1783990043.850,79963000,36,1,3,0,10.0,25.0,10.0,25.0,8.899785995483398,25.31822395324707,-0.318223237991333,41.29070281982422,50.1784782409668,0.0,0.0,0.0,1.0,1.0,0.0,1.1754041910171509,,,,,,,,,,,,,,,,
1783990043.860,79973000,37,2,255,0,,,,,,,,,,,,,,,,,0.3499999940395355,-1.149999976158142,3.5485715866088867,2.715714454650879,3.5485715866088867,2.715714454650879,0.0,0.0,0.0,0.0,0.0,0.0,0.0,0.0,0.0,0.0
1783990043.870,79983000,38,1,0,0,10.0,25.0,10.0,25.0,9.508903503417969,25.274654388427734,-0.27465522289276123,35.657100677490234,43.906166076660156,0.0,0.0,0.0,1.0,1.0,0.0,-1.0538679361343384,,,,,,,,,,,,,,,,
1783990043.880,79993000,39,1,1,0,10.0,25.0,10.0,25.0,8.863048553466797,25.305885314941406,-0.30588507652282715,38.24002456665039,47.669551849365234,0.0,0.0,0.0,1.0,1.0,0.0,1.0786728858947754,,,,,,,,,,,,,,,,
1783990043.890,80003000,40,1,2,0,10.0,25.0,10.0,25.0,8.872498512268066,25.22151756286621,-0.2215176820755005,39.7926025390625,46.83324432373047,0.0,0.0,0.0,1.0,1.0,0.0,-1.1290960311889648,,,,,,,,,,,,,,,,
1783990043.900,80013000,41,1,3,0,10.0,25.0,10.0,25.0,8.899785995483398,25.31822395324707,-0.318223237991333,41.29070281982422,50.1784782409668,0.0,0.0,0.0,1.0,1.0,0.0,1.1754041910171509,,,,,,,,,,,,,,,,
1783990043.910,80023000,42,2,255,0,,,,,,,,,,,,,,,,,0.3499999940395355,-1.149999976158142,3.5485715866088867,2.715714454650879,3.5485715866088867,2.715714454650879,0.0,0.0,0.0,0.0,0.0,0.0,0.0,0.0,0.0,0.0
1783990043.920,80033000,43,1,0,0,10.0,25.0,10.0,25.0,9.508903503417969,25.274654388427734,-0.27465522289276123,35.657100677490234,43.906166076660156,0.0,0.0,0.0,1.0,1.0,0.0,-1.0538679361343384,,,,,,,,,,,,,,,,
1783990043.930,80043000,44,1,1,0,10.0,25.0,10.0,25.0,8.863048553466797,25.305885314941406,-0.30588507652282715,38.24002456665039,47.669551849365234,0.0,0.0,0.0,1.0,1.0,0.0,1.0786728858947754,,,,,,,,,,,,,,,,
1783990043.940,80053000,45,1,2,0,10.0,25.0,10.0,25.0,8.872498512268066,25.22151756286621,-0.2215176820755005,39.7926025390625,46.83324432373047,0.0,0.0,0.0,1.0,1.0,0.0,-1.1290960311889648,,,,,,,,,,,,,,,,
1783990043.950,80063000,46,1,3,0,10.0,25.0,10.0,25.0,8.899785995483398,25.31822395324707,-0.318223237991333,41.29070281982422,50.1784782409668,0.0,0.0,0.0,1.0,1.0,0.0,1.1754041910171509,,,,,,,,,,,,,,,,
1783990043.960,80073000,47,2,255,0,,,,,,,,,,,,,,,,,0.3499999940395355,-1.149999976158142,3.5485715866088867,2.715714454650879,3.5485715866088867,2.715714454650879,0.0,0.0,0.0,0.0,0.0,0.0,0.0,0.0,0.0,0.0
1783990043.970,80083000,48,1,0,0,10.0,25.0,10.0,25.0,9.508903503417969,25.274654388427734,-0.27465522289276123,35.657100677490234,43.906166076660156,0.0,0.0,0.0,1.0,1.0,0.0,-1.0538679361343384,,,,,,,,,,,,,,,,
1783990043.980,80093000,49,1,1,0,10.0,25.0,10.0,25.0,8.863048553466797,25.305885314941406,-0.30588507652282715,38.24002456665039,47.669551849365234,0.0,0.0,0.0,1.0,1.0,0.0,1.0786728858947754,,,,,,,,,,,,,,,,
1783990043.990,80103000,50,1,2,0,10.0,25.0,10.0,25.0,8.872498512268066,25.22151756286621,-0.2215176820755005,39.7926025390625,46.83324432373047,0.0,0.0,0.0,1.0,1.0,0.0,-1.1290960311889648,,,,,,,,,,,,,,,,
1783990044.000,80113000,51,1,3,0,10.0,25.0,10.0,25.0,8.899785995483398,25.31822395324707,-0.318223237991333,41.29070281982422,50.1784782409668,0.0,0.0,0.0,1.0,1.0,0.0,1.1754041910171509,,,,,,,,,,,,,,,,
1783990044.010,80123000,52,2,255,0,,,,,,,,,,,,,,,,,0.3499999940395355,-1.149999976158142,3.5485715866088867,2.715714454650879,3.5485715866088867,2.715714454650879,0.0,0.0,0.0,0.0,0.0,0.0,0.0,0.0,0.0,0.0
1783990044.020,80133000,53,1,0,0,10.0,25.0,10.0,25.0,9.508903503417969,25.274654388427734,-0.27465522289276123,35.657100677490234,43.906166076660156,0.0,0.0,0.0,1.0,1.0,0.0,-1.0538679361343384,,,,,,,,,,,,,,,,
1783990044.030,80143000,54,1,1,0,10.0,25.0,10.0,25.0,8.863048553466797,25.305885314941406,-0.30588507652282715,38.24002456665039,47.669551849365234,0.0,0.0,0.0,1.0,1.0,0.0,1.0786728858947754,,,,,,,,,,,,,,,,
1783990044.040,80153000,55,1,2,0,10.0,25.0,10.0,25.0,8.872498512268066,25.22151756286621,-0.2215176820755005,39.7926025390625,46.83324432373047,0.0,0.0,0.0,1.0,1.0,0.0,-1.1290960311889648,,,,,,,,,,,,,,,,
1783990044.050,80163000,56,1,3,0,10.0,25.0,10.0,25.0,8.899785995483398,25.31822395324707,-0.318223237991333,41.29070281982422,50.1784782409668,0.0,0.0,0.0,1.0,1.0,0.0,1.1754041910171509,,,,,,,,,,,,,,,,
1783990044.060,80173000,57,2,255,0,,,,,,,,,,,,,,,,,0.3499999940395355,-1.149999976158142,3.5485715866088867,2.715714454650879,3.5485715866088867,2.715714454650879,0.0,0.0,0.0,0.0,0.0,0.0,0.0,0.0,0.0,0.0
1783990044.070,80183000,58,1,0,0,10.0,25.0,10.0,25.0,9.508903503417969,25.274654388427734,-0.27465522289276123,35.657100677490234,43.906166076660156,0.0,0.0,0.0,1.0,1.0,0.0,-1.0538679361343384,,,,,,,,,,,,,,,,
1783990044.081,80193000,59,1,1,0,10.0,25.0,10.0,25.0,8.863048553466797,25.305885314941406,-0.30588507652282715,38.24002456665039,47.669551849365234,0.0,0.0,0.0,1.0,1.0,0.0,1.0786728858947754,,,,,,,,,,,,,,,,
1783990044.090,80203000,60,1,2,0,10.0,25.0,10.0,25.0,8.872498512268066,25.22151756286621,-0.2215176820755005,39.7926025390625,46.83324432373047,0.0,0.0,0.0,1.0,1.0,0.0,-1.1290960311889648,,,,,,,,,,,,,,,,
1783990044.100,80213000,61,1,3,0,10.0,25.0,10.0,25.0,8.899785995483398,25.31822395324707,-0.318223237991333,41.29070281982422,50.1784782409668,0.0,0.0,0.0,1.0,1.0,0.0,1.1754041910171509,,,,,,,,,,,,,,,,
1783990044.110,80223000,62,2,255,0,,,,,,,,,,,,,,,,,0.3499999940395355,-1.149999976158142,3.5485715866088867,2.715714454650879,3.5485715866088867,2.715714454650879,0.0,0.0,0.0,0.0,0.0,0.0,0.0,0.0,0.0,0.0
1783990044.120,80233000,63,1,0,0,10.0,25.0,10.0,25.0,9.508903503417969,25.274654388427734,-0.27465522289276123,35.657100677490234,43.906166076660156,0.0,0.0,0.0,1.0,1.0,0.0,-1.0538679361343384,,,,,,,,,,,,,,,,
1783990044.130,80243000,64,1,1,0,10.0,25.0,10.0,25.0,8.863048553466797,25.305885314941406,-0.30588507652282715,38.24002456665039,47.669551849365234,0.0,0.0,0.0,1.0,1.0,0.0,1.0786728858947754,,,,,,,,,,,,,,,,
1783990044.140,80253000,65,1,2,0,10.0,25.0,10.0,25.0,8.872498512268066,25.22151756286621,-0.2215176820755005,39.7926025390625,46.83324432373047,0.0,0.0,0.0,1.0,1.0,0.0,-1.1290960311889648,,,,,,,,,,,,,,,,
1783990044.150,80263000,66,1,3,0,10.0,25.0,10.0,25.0,8.899785995483398,25.31822395324707,-0.318223237991333,41.29070281982422,50.1784782409668,0.0,0.0,0.0,1.0,1.0,0.0,1.1754041910171509,,,,,,,,,,,,,,,,
1783990044.160,80273000,67,2,255,0,,,,,,,,,,,,,,,,,0.3499999940395355,-1.149999976158142,3.5485715866088867,2.715714454650879,3.5485715866088867,2.715714454650879,0.0,0.0,0.0,0.0,0.0,0.0,0.0,0.0,0.0,0.0
1783990044.170,80283000,68,1,0,0,10.0,25.0,10.0,25.0,9.508903503417969,25.274654388427734,-0.27465522289276123,35.657100677490234,43.906166076660156,0.0,0.0,0.0,1.0,1.0,0.0,-1.0538679361343384,,,,,,,,,,,,,,,,
1783990044.180,80293000,69,1,1,0,10.0,25.0,10.0,25.0,8.863048553466797,25.305885314941406,-0.30588507652282715,38.24002456665039,47.669551849365234,0.0,0.0,0.0,1.0,1.0,0.0,1.0786728858947754,,,,,,,,,,,,,,,,
1783990044.190,80303000,70,1,2,0,10.0,25.0,10.0,25.0,8.872498512268066,25.22151756286621,-0.2215176820755005,39.7926025390625,46.83324432373047,0.0,0.0,0.0,1.0,1.0,0.0,-1.1290960311889648,,,,,,,,,,,,,,,,
1783990044.200,80313000,71,1,3,0,10.0,25.0,10.0,25.0,8.899785995483398,25.31822395324707,-0.318223237991333,41.29070281982422,50.1784782409668,0.0,0.0,0.0,1.0,1.0,0.0,1.1754041910171509,,,,,,,,,,,,,,,,
1783990044.210,80323000,72,2,255,0,,,,,,,,,,,,,,,,,0.3499999940395355,-1.149999976158142,3.5485715866088867,2.715714454650879,3.5485715866088867,2.715714454650879,0.0,0.0,0.0,0.0,0.0,0.0,0.0,0.0,0.0,0.0
1783990044.220,80333000,73,1,0,0,10.0,25.0,10.0,25.0,9.508903503417969,25.274654388427734,-0.27465522289276123,35.657100677490234,43.906166076660156,0.0,0.0,0.0,1.0,1.0,0.0,-1.0538679361343384,,,,,,,,,,,,,,,,
1783990044.230,80343000,74,1,1,0,10.0,25.0,10.0,25.0,8.863048553466797,25.305885314941406,-0.30588507652282715,38.24002456665039,47.669551849365234,0.0,0.0,0.0,1.0,1.0,0.0,1.0786728858947754,,,,,,,,,,,,,,,,
1783990044.241,80353000,75,1,2,0,10.0,25.0,10.0,25.0,8.872498512268066,25.22151756286621,-0.2215176820755005,39.7926025390625,46.83324432373047,0.0,0.0,0.0,1.0,1.0,0.0,-1.1290960311889648,,,,,,,,,,,,,,,,
1783990044.250,80363000,76,1,3,0,10.0,25.0,10.0,25.0,8.899785995483398,25.31822395324707,-0.318223237991333,41.29070281982422,50.1784782409668,0.0,0.0,0.0,1.0,1.0,0.0,1.1754041910171509,,,,,,,,,,,,,,,,
1783990044.260,80373000,77,2,255,0,,,,,,,,,,,,,,,,,0.3499999940395355,-1.149999976158142,3.5485715866088867,2.715714454650879,3.5485715866088867,2.715714454650879,0.0,0.0,0.0,0.0,0.0,0.0,0.0,0.0,0.0,0.0
1783990044.270,80383000,78,1,0,0,10.0,25.0,10.0,25.0,9.508903503417969,25.274654388427734,-0.27465522289276123,35.657100677490234,43.906166076660156,0.0,0.0,0.0,1.0,1.0,0.0,-1.0538679361343384,,,,,,,,,,,,,,,,
1783990044.280,80393000,79,1,1,0,10.0,25.0,10.0,25.0,8.863048553466797,25.305885314941406,-0.30588507652282715,38.24002456665039,47.669551849365234,0.0,0.0,0.0,1.0,1.0,0.0,1.0786728858947754,,,,,,,,,,,,,,,,
1783990044.290,80403000,80,1,2,0,10.0,25.0,10.0,25.0,8.872498512268066,25.22151756286621,-0.2215176820755005,39.7926025390625,46.83324432373047,0.0,0.0,0.0,1.0,1.0,0.0,-1.1290960311889648,,,,,,,,,,,,,,,,
1783990044.300,80413000,81,1,3,0,10.0,25.0,10.0,25.0,8.899785995483398,25.31822395324707,-0.318223237991333,41.29070281982422,50.1784782409668,0.0,0.0,0.0,1.0,1.0,0.0,1.1754041910171509,,,,,,,,,,,,,,,,
1783990044.310,80423000,82,2,255,0,,,,,,,,,,,,,,,,,0.3499999940395355,-1.149999976158142,3.5485715866088867,2.715714454650879,3.5485715866088867,2.715714454650879,0.0,0.0,0.0,0.0,0.0,0.0,0.0,0.0,0.0,0.0
1783990044.320,80433000,83,1,0,0,10.0,25.0,10.0,25.0,9.508903503417969,25.274654388427734,-0.27465522289276123,35.657100677490234,43.906166076660156,0.0,0.0,0.0,1.0,1.0,0.0,-1.0538679361343384,,,,,,,,,,,,,,,,
1783990044.330,80443000,84,1,1,0,10.0,25.0,10.0,25.0,8.863048553466797,25.305885314941406,-0.30588507652282715,38.24002456665039,47.669551849365234,0.0,0.0,0.0,1.0,1.0,0.0,1.0786728858947754,,,,,,,,,,,,,,,,
1783990044.340,80453000,85,1,2,0,10.0,25.0,10.0,25.0,8.872498512268066,25.22151756286621,-0.2215176820755005,39.7926025390625,46.83324432373047,0.0,0.0,0.0,1.0,1.0,0.0,-1.1290960311889648,,,,,,,,,,,,,,,,
1783990044.350,80463000,86,1,3,0,10.0,25.0,10.0,25.0,8.899785995483398,25.31822395324707,-0.318223237991333,41.29070281982422,50.1784782409668,0.0,0.0,0.0,1.0,1.0,0.0,1.1754041910171509,,,,,,,,,,,,,,,,
1783990044.360,80473000,87,2,255,0,,,,,,,,,,,,,,,,,0.3499999940395355,-1.149999976158142,3.5485715866088867,2.715714454650879,3.5485715866088867,2.715714454650879,0.0,0.0,0.0,0.0,0.0,0.0,0.0,0.0,0.0,0.0
1783990044.370,80483000,88,1,0,0,10.0,25.0,10.0,25.0,9.508903503417969,25.274654388427734,-0.27465522289276123,35.657100677490234,43.906166076660156,0.0,0.0,0.0,1.0,1.0,0.0,-1.0538679361343384,,,,,,,,,,,,,,,,
1783990044.380,80493000,89,1,1,0,10.0,25.0,10.0,25.0,8.863048553466797,25.305885314941406,-0.30588507652282715,38.24002456665039,47.669551849365234,0.0,0.0,0.0,1.0,1.0,0.0,1.0786728858947754,,,,,,,,,,,,,,,,
1783990044.390,80503000,90,1,2,0,10.0,25.0,10.0,25.0,8.872498512268066,25.22151756286621,-0.2215176820755005,39.7926025390625,46.83324432373047,0.0,0.0,0.0,1.0,1.0,0.0,-1.1290960311889648,,,,,,,,,,,,,,,,
1783990044.400,80513000,91,1,3,0,10.0,25.0,10.0,25.0,8.899785995483398,25.31822395324707,-0.318223237991333,41.29070281982422,50.1784782409668,0.0,0.0,0.0,1.0,1.0,0.0,1.1754041910171509,,,,,,,,,,,,,,,,
1783990044.410,80523000,92,2,255,0,,,,,,,,,,,,,,,,,0.3499999940395355,-1.149999976158142,3.5485715866088867,2.715714454650879,3.5485715866088867,2.715714454650879,0.0,0.0,0.0,0.0,0.0,0.0,0.0,0.0,0.0,0.0
1783990044.420,80533000,93,1,0,0,10.0,25.0,10.0,25.0,9.508903503417969,25.274654388427734,-0.27465522289276123,35.657100677490234,43.906166076660156,0.0,0.0,0.0,1.0,1.0,0.0,-1.0538679361343384,,,,,,,,,,,,,,,,
1783990044.430,80543000,94,1,1,0,10.0,25.0,10.0,25.0,8.863048553466797,25.305885314941406,-0.30588507652282715,38.24002456665039,47.669551849365234,0.0,0.0,0.0,1.0,1.0,0.0,1.0786728858947754,,,,,,,,,,,,,,,,
1783990044.443,80553000,95,1,2,0,10.0,25.0,10.0,25.0,8.872498512268066,25.22151756286621,-0.2215176820755005,39.7926025390625,46.83324432373047,0.0,0.0,0.0,1.0,1.0,0.0,-1.1290960311889648,,,,,,,,,,,,,,,,
1783990044.450,80563000,96,1,3,0,10.0,25.0,10.0,25.0,8.899785995483398,25.31822395324707,-0.318223237991333,41.29070281982422,50.1784782409668,0.0,0.0,0.0,1.0,1.0,0.0,1.1754041910171509,,,,,,,,,,,,,,,,
1783990044.460,80573000,97,2,255,0,,,,,,,,,,,,,,,,,0.3499999940395355,-1.149999976158142,3.5485715866088867,2.715714454650879,3.5485715866088867,2.715714454650879,0.0,0.0,0.0,0.0,0.0,0.0,0.0,0.0,0.0,0.0
1783990044.470,80583000,98,1,0,0,10.0,25.0,10.0,25.0,9.508903503417969,25.274654388427734,-0.27465522289276123,35.657100677490234,43.906166076660156,0.0,0.0,0.0,1.0,1.0,0.0,-1.0538679361343384,,,,,,,,,,,,,,,,
1783990044.470,80593000,99,1,1,0,10.0,25.0,10.0,25.0,8.863048553466797,25.305885314941406,-0.30588507652282715,38.24002456665039,47.669551849365234,0.0,0.0,0.0,1.0,1.0,0.0,1.0786728858947754,,,,,,,,,,,,,,,,
1783990044.490,80603000,100,1,2,0,10.0,25.0,10.0,25.0,8.872498512268066,25.22151756286621,-0.2215176820755005,39.7926025390625,46.83324432373047,0.0,0.0,0.0,1.0,1.0,0.0,-1.1290960311889648,,,,,,,,,,,,,,,,
1783990044.500,80613000,101,1,3,0,10.0,25.0,10.0,25.0,8.899785995483398,25.31822395324707,-0.318223237991333,41.29070281982422,50.1784782409668,0.0,0.0,0.0,1.0,1.0,0.0,1.1754041910171509,,,,,,,,,,,,,,,,
1783990044.510,80623000,102,2,255,0,,,,,,,,,,,,,,,,,0.3499999940395355,-1.149999976158142,3.5485715866088867,2.715714454650879,3.5485715866088867,2.715714454650879,0.0,0.0,0.0,0.0,0.0,0.0,0.0,0.0,0.0,0.0
1783990044.520,80633000,103,1,0,0,10.0,25.0,10.0,25.0,9.508903503417969,25.274654388427734,-0.27465522289276123,35.657100677490234,43.906166076660156,0.0,0.0,0.0,1.0,1.0,0.0,-1.0538679361343384,,,,,,,,,,,,,,,,
1783990044.530,80643000,104,1,1,0,10.0,25.0,10.0,25.0,8.863048553466797,25.305885314941406,-0.30588507652282715,38.24002456665039,47.669551849365234,0.0,0.0,0.0,1.0,1.0,0.0,1.0786728858947754,,,,,,,,,,,,,,,,
1783990044.540,80653000,105,1,2,0,10.0,25.0,10.0,25.0,8.872498512268066,25.22151756286621,-0.2215176820755005,39.7926025390625,46.83324432373047,0.0,0.0,0.0,1.0,1.0,0.0,-1.1290960311889648,,,,,,,,,,,,,,,,
1783990044.550,80663000,106,1,3,0,10.0,25.0,10.0,25.0,8.899785995483398,25.31822395324707,-0.318223237991333,41.29070281982422,50.1784782409668,0.0,0.0,0.0,1.0,1.0,0.0,1.1754041910171509,,,,,,,,,,,,,,,,
1783990044.560,80673000,107,2,255,0,,,,,,,,,,,,,,,,,0.3499999940395355,-1.149999976158142,3.5485715866088867,2.715714454650879,3.5485715866088867,2.715714454650879,0.0,0.0,0.0,0.0,0.0,0.0,0.0,0.0,0.0,0.0
1783990044.570,80683000,108,1,0,0,10.0,25.0,10.0,25.0,9.508903503417969,25.274654388427734,-0.27465522289276123,35.657100677490234,43.906166076660156,0.0,0.0,0.0,1.0,1.0,0.0,-1.0538679361343384,,,,,,,,,,,,,,,,
1783990044.581,80693000,109,1,1,0,10.0,25.0,10.0,25.0,8.863048553466797,25.305885314941406,-0.30588507652282715,38.24002456665039,47.669551849365234,0.0,0.0,0.0,1.0,1.0,0.0,1.0786728858947754,,,,,,,,,,,,,,,,
1783990044.590,80703000,110,1,2,0,10.0,25.0,10.0,25.0,8.872498512268066,25.22151756286621,-0.2215176820755005,39.7926025390625,46.83324432373047,0.0,0.0,0.0,1.0,1.0,0.0,-1.1290960311889648,,,,,,,,,,,,,,,,
1783990044.600,80713000,111,1,3,0,10.0,25.0,10.0,25.0,8.899785995483398,25.31822395324707,-0.318223237991333,41.29070281982422,50.1784782409668,0.0,0.0,0.0,1.0,1.0,0.0,1.1754041910171509,,,,,,,,,,,,,,,,
1783990044.610,80723000,112,2,255,0,,,,,,,,,,,,,,,,,0.3499999940395355,-1.149999976158142,3.5485715866088867,2.715714454650879,3.5485715866088867,2.715714454650879,0.0,0.0,0.0,0.0,0.0,0.0,0.0,0.0,0.0,0.0
1783990044.620,80733000,113,1,0,0,10.0,25.0,10.0,25.0,9.508903503417969,25.274654388427734,-0.27465522289276123,35.657100677490234,43.906166076660156,0.0,0.0,0.0,1.0,1.0,0.0,-1.0538679361343384,,,,,,,,,,,,,,,,
1783990044.630,80743000,114,1,1,0,10.0,25.0,10.0,25.0,8.863048553466797,25.305885314941406,-0.30588507652282715,38.24002456665039,47.669551849365234,0.0,0.0,0.0,1.0,1.0,0.0,1.0786728858947754,,,,,,,,,,,,,,,,
1783990044.642,80753000,115,1,2,0,10.0,25.0,10.0,25.0,8.872498512268066,25.22151756286621,-0.2215176820755005,39.7926025390625,46.83324432373047,0.0,0.0,0.0,1.0,1.0,0.0,-1.1290960311889648,,,,,,,,,,,,,,,,
1783990044.650,80763000,116,1,3,0,10.0,25.0,10.0,25.0,8.899785995483398,25.31822395324707,-0.318223237991333,41.29070281982422,50.1784782409668,0.0,0.0,0.0,1.0,1.0,0.0,1.1754041910171509,,,,,,,,,,,,,,,,
1783990044.660,80773000,117,2,255,0,,,,,,,,,,,,,,,,,0.3499999940395355,-1.149999976158142,3.5485715866088867,2.715714454650879,3.5485715866088867,2.715714454650879,0.0,0.0,0.0,0.0,0.0,0.0,0.0,0.0,0.0,0.0
1783990044.670,80783000,118,1,0,0,10.0,25.0,10.0,25.0,9.508903503417969,25.274654388427734,-0.27465522289276123,35.657100677490234,43.906166076660156,0.0,0.0,0.0,1.0,1.0,0.0,-1.0538679361343384,,,,,,,,,,,,,,,,
1783990044.680,80793000,119,1,1,0,10.0,25.0,10.0,25.0,8.863048553466797,25.305885314941406,-0.30588507652282715,38.24002456665039,47.669551849365234,0.0,0.0,0.0,1.0,1.0,0.0,1.0786728858947754,,,,,,,,,,,,,,,,
1783990044.690,80803000,120,1,2,0,10.0,25.0,10.0,25.0,8.872498512268066,25.22151756286621,-0.2215176820755005,39.7926025390625,46.83324432373047,0.0,0.0,0.0,1.0,1.0,0.0,-1.1290960311889648,,,,,,,,,,,,,,,,
1783990044.700,80813000,121,1,3,0,10.0,25.0,10.0,25.0,8.899785995483398,25.31822395324707,-0.318223237991333,41.29070281982422,50.1784782409668,0.0,0.0,0.0,1.0,1.0,0.0,1.1754041910171509,,,,,,,,,,,,,,,,
1783990044.710,80823000,122,2,255,0,,,,,,,,,,,,,,,,,0.3499999940395355,-1.149999976158142,3.5485715866088867,2.715714454650879,3.5485715866088867,2.715714454650879,0.0,0.0,0.0,0.0,0.0,0.0,0.0,0.0,0.0,0.0
1783990044.720,80833000,123,1,0,0,10.0,25.0,10.0,25.0,9.508903503417969,25.274654388427734,-0.27465522289276123,35.657100677490234,43.906166076660156,0.0,0.0,0.0,1.0,1.0,0.0,-1.0538679361343384,,,,,,,,,,,,,,,,
1783990044.730,80843000,124,1,1,0,10.0,25.0,10.0,25.0,8.863048553466797,25.305885314941406,-0.30588507652282715,38.24002456665039,47.669551849365234,0.0,0.0,0.0,1.0,1.0,0.0,1.0786728858947754,,,,,,,,,,,,,,,,
1783990044.740,80853000,125,1,2,0,10.0,25.0,10.0,25.0,8.872498512268066,25.22151756286621,-0.2215176820755005,39.7926025390625,46.83324432373047,0.0,0.0,0.0,1.0,1.0,0.0,-1.1290960311889648,,,,,,,,,,,,,,,,
1783990044.750,80863000,126,1,3,0,10.0,25.0,10.0,25.0,8.899785995483398,25.31822395324707,-0.318223237991333,41.29070281982422,50.1784782409668,0.0,0.0,0.0,1.0,1.0,0.0,1.1754041910171509,,,,,,,,,,,,,,,,
1783990044.760,80873000,127,2,255,0,,,,,,,,,,,,,,,,,0.3499999940395355,-1.149999976158142,3.5485715866088867,2.715714454650879,3.5485715866088867,2.715714454650879,0.0,0.0,0.0,0.0,0.0,0.0,0.0,0.0,0.0,0.0
1783990044.770,80883000,128,1,0,0,10.0,25.0,10.0,25.0,9.508903503417969,25.274654388427734,-0.27465522289276123,35.657100677490234,43.906166076660156,0.0,0.0,0.0,1.0,1.0,0.0,-1.0538679361343384,,,,,,,,,,,,,,,,
1783990044.780,80893000,129,1,1,0,10.0,25.0,10.0,25.0,8.863048553466797,25.305885314941406,-0.30588507652282715,38.24002456665039,47.669551849365234,0.0,0.0,0.0,1.0,1.0,0.0,1.0786728858947754,,,,,,,,,,,,,,,,
1783990044.790,80903000,130,1,2,0,10.0,25.0,10.0,25.0,8.872498512268066,25.22151756286621,-0.2215176820755005,39.7926025390625,46.83324432373047,0.0,0.0,0.0,1.0,1.0,0.0,-1.1290960311889648,,,,,,,,,,,,,,,,
1783990044.800,80913000,131,1,3,0,10.0,25.0,10.0,25.0,8.899785995483398,25.31822395324707,-0.318223237991333,41.29070281982422,50.1784782409668,0.0,0.0,0.0,1.0,1.0,0.0,1.1754041910171509,,,,,,,,,,,,,,,,
1783990044.810,80923000,132,2,255,0,,,,,,,,,,,,,,,,,0.3499999940395355,-1.149999976158142,3.5485715866088867,2.715714454650879,3.5485715866088867,2.715714454650879,0.0,0.0,0.0,0.0,0.0,0.0,0.0,0.0,0.0,0.0
1783990044.820,80933000,133,1,0,0,10.0,25.0,10.0,25.0,9.508903503417969,25.274654388427734,-0.27465522289276123,35.657100677490234,43.906166076660156,0.0,0.0,0.0,1.0,1.0,0.0,-1.0538679361343384,,,,,,,,,,,,,,,,
1783990044.830,80943000,134,1,1,0,10.0,25.0,10.0,25.0,8.863048553466797,25.305885314941406,-0.30588507652282715,38.24002456665039,47.669551849365234,0.0,0.0,0.0,1.0,1.0,0.0,1.0786728858947754,,,,,,,,,,,,,,,,
1783990044.840,80953000,135,1,2,0,10.0,25.0,10.0,25.0,8.872498512268066,25.22151756286621,-0.2215176820755005,39.7926025390625,46.83324432373047,0.0,0.0,0.0,1.0,1.0,0.0,-1.1290960311889648,,,,,,,,,,,,,,,,
1783990044.850,80963000,136,1,3,0,10.0,25.0,10.0,25.0,8.899785995483398,25.31822395324707,-0.318223237991333,41.29070281982422,50.1784782409668,0.0,0.0,0.0,1.0,1.0,0.0,1.1754041910171509,,,,,,,,,,,,,,,,
1783990044.860,80973000,137,2,255,0,,,,,,,,,,,,,,,,,0.3499999940395355,-1.149999976158142,3.5485715866088867,2.715714454650879,3.5485715866088867,2.715714454650879,0.0,0.0,0.0,0.0,0.0,0.0,0.0,0.0,0.0,0.0
1783990044.870,80983000,138,1,0,0,10.0,25.0,10.0,25.0,9.508903503417969,25.274654388427734,-0.27465522289276123,35.657100677490234,43.906166076660156,0.0,0.0,0.0,1.0,1.0,0.0,-1.0538679361343384,,,,,,,,,,,,,,,,
1783990044.880,80993000,139,1,1,0,10.0,25.0,10.0,25.0,8.863048553466797,25.305885314941406,-0.30588507652282715,38.24002456665039,47.669551849365234,0.0,0.0,0.0,1.0,1.0,0.0,1.0786728858947754,,,,,,,,,,,,,,,,
1783990044.890,81003000,140,1,2,0,10.0,25.0,10.0,25.0,8.872498512268066,25.22151756286621,-0.2215176820755005,39.7926025390625,46.83324432373047,0.0,0.0,0.0,1.0,1.0,0.0,-1.1290960311889648,,,,,,,,,,,,,,,,
1783990044.900,81013000,141,1,3,0,10.0,25.0,10.0,25.0,8.899785995483398,25.31822395324707,-0.318223237991333,41.29070281982422,50.1784782409668,0.0,0.0,0.0,1.0,1.0,0.0,1.1754041910171509,,,,,,,,,,,,,,,,
1783990044.910,81023000,142,2,255,0,,,,,,,,,,,,,,,,,0.3499999940395355,-1.149999976158142,3.5485715866088867,2.715714454650879,3.5485715866088867,2.715714454650879,0.0,0.0,0.0,0.0,0.0,0.0,0.0,0.0,0.0,0.0
1783990044.920,81033000,143,1,0,0,10.0,25.0,10.0,25.0,9.508903503417969,25.274654388427734,-0.27465522289276123,35.657100677490234,43.906166076660156,0.0,0.0,0.0,1.0,1.0,0.0,-1.0538679361343384,,,,,,,,,,,,,,,,
1783990044.930,81043000,144,1,1,0,10.0,25.0,10.0,25.0,8.863048553466797,25.305885314941406,-0.30588507652282715,38.24002456665039,47.669551849365234,0.0,0.0,0.0,1.0,1.0,0.0,1.0786728858947754,,,,,,,,,,,,,,,,
1783990044.940,81053000,145,1,2,0,10.0,25.0,10.0,25.0,8.872498512268066,25.22151756286621,-0.2215176820755005,39.7926025390625,46.83324432373047,0.0,0.0,0.0,1.0,1.0,0.0,-1.1290960311889648,,,,,,,,,,,,,,,,
1783990044.950,81063000,146,1,3,0,10.0,25.0,10.0,25.0,8.899785995483398,25.31822395324707,-0.318223237991333,41.29070281982422,50.1784782409668,0.0,0.0,0.0,1.0,1.0,0.0,1.1754041910171509,,,,,,,,,,,,,,,,
1783990044.960,81073000,147,2,255,0,,,,,,,,,,,,,,,,,0.3499999940395355,-1.149999976158142,3.5485715866088867,2.715714454650879,3.5485715866088867,2.715714454650879,0.0,0.0,0.0,0.0,0.0,0.0,0.0,0.0,0.0,0.0
1783990044.970,81083000,148,1,0,0,10.0,25.0,10.0,25.0,9.508903503417969,25.274654388427734,-0.27465522289276123,35.657100677490234,43.906166076660156,0.0,0.0,0.0,1.0,1.0,0.0,-1.0538679361343384,,,,,,,,,,,,,,,,
1783990044.980,81093000,149,1,1,0,10.0,25.0,10.0,25.0,8.863048553466797,25.305885314941406,-0.30588507652282715,38.24002456665039,47.669551849365234,0.0,0.0,0.0,1.0,1.0,0.0,1.0786728858947754,,,,,,,,,,,,,,,,
1783990044.980,81103000,150,1,2,0,10.0,25.0,10.0,25.0,8.872498512268066,25.22151756286621,-0.2215176820755005,39.7926025390625,46.83324432373047,0.0,0.0,0.0,1.0,1.0,0.0,-1.1290960311889648,,,,,,,,,,,,,,,,
1783990045.000,81113000,151,1,3,0,10.0,25.0,10.0,25.0,8.899785995483398,25.31822395324707,-0.318223237991333,41.29070281982422,50.1784782409668,0.0,0.0,0.0,1.0,1.0,0.0,1.1754041910171509,,,,,,,,,,,,,,,,
1783990045.010,81123000,152,2,255,0,,,,,,,,,,,,,,,,,0.3499999940395355,-1.149999976158142,3.5485715866088867,2.715714454650879,3.5485715866088867,2.715714454650879,0.0,0.0,0.0,0.0,0.0,0.0,0.0,0.0,0.0,0.0
1783990045.022,81133000,153,1,0,0,10.0,25.0,10.0,25.0,9.508903503417969,25.274654388427734,-0.27465522289276123,35.657100677490234,43.906166076660156,0.0,0.0,0.0,1.0,1.0,0.0,-1.0538679361343384,,,,,,,,,,,,,,,,
1783990045.030,81143000,154,1,1,0,10.0,25.0,10.0,25.0,8.863048553466797,25.305885314941406,-0.30588507652282715,38.24002456665039,47.669551849365234,0.0,0.0,0.0,1.0,1.0,0.0,1.0786728858947754,,,,,,,,,,,,,,,,
1783990045.040,81153000,155,1,2,0,10.0,25.0,10.0,25.0,8.872498512268066,25.22151756286621,-0.2215176820755005,39.7926025390625,46.83324432373047,0.0,0.0,0.0,1.0,1.0,0.0,-1.1290960311889648,,,,,,,,,,,,,,,,
1783990045.050,81163000,156,1,3,0,10.0,25.0,10.0,25.0,8.899785995483398,25.31822395324707,-0.318223237991333,41.29070281982422,50.1784782409668,0.0,0.0,0.0,1.0,1.0,0.0,1.1754041910171509,,,,,,,,,,,,,,,,
1783990045.061,81173000,157,2,255,0,,,,,,,,,,,,,,,,,0.3499999940395355,-1.149999976158142,3.5485715866088867,2.715714454650879,3.5485715866088867,2.715714454650879,0.0,0.0,0.0,0.0,0.0,0.0,0.0,0.0,0.0,0.0
1783990045.070,81183000,158,1,0,0,10.0,25.0,10.0,25.0,9.508903503417969,25.274654388427734,-0.27465522289276123,35.657100677490234,43.906166076660156,0.0,0.0,0.0,1.0,1.0,0.0,-1.0538679361343384,,,,,,,,,,,,,,,,
1783990045.080,81193000,159,1,1,0,10.0,25.0,10.0,25.0,8.863048553466797,25.305885314941406,-0.30588507652282715,38.24002456665039,47.669551849365234,0.0,0.0,0.0,1.0,1.0,0.0,1.0786728858947754,,,,,,,,,,,,,,,,
1783990045.090,81203000,160,1,2,0,10.0,25.0,10.0,25.0,8.872498512268066,25.22151756286621,-0.2215176820755005,39.7926025390625,46.83324432373047,0.0,0.0,0.0,1.0,1.0,0.0,-1.1290960311889648,,,,,,,,,,,,,,,,
1783990045.100,81213000,161,1,3,0,10.0,25.0,10.0,25.0,8.899785995483398,25.31822395324707,-0.318223237991333,41.29070281982422,50.1784782409668,0.0,0.0,0.0,1.0,1.0,0.0,1.1754041910171509,,,,,,,,,,,,,,,,
1783990045.110,81223000,162,2,255,0,,,,,,,,,,,,,,,,,0.3499999940395355,-1.149999976158142,3.5485715866088867,2.715714454650879,3.5485715866088867,2.715714454650879,0.0,0.0,0.0,0.0,0.0,0.0,0.0,0.0,0.0,0.0
1783990045.120,81233000,163,1,0,0,10.0,25.0,10.0,25.0,9.508903503417969,25.274654388427734,-0.27465522289276123,35.657100677490234,43.906166076660156,0.0,0.0,0.0,1.0,1.0,0.0,-1.0538679361343384,,,,,,,,,,,,,,,,
1783990045.130,81243000,164,1,1,0,10.0,25.0,10.0,25.0,8.863048553466797,25.305885314941406,-0.30588507652282715,38.24002456665039,47.669551849365234,0.0,0.0,0.0,1.0,1.0,0.0,1.0786728858947754,,,,,,,,,,,,,,,,
1783990045.140,81253000,165,1,2,0,10.0,25.0,10.0,25.0,8.872498512268066,25.22151756286621,-0.2215176820755005,39.7926025390625,46.83324432373047,0.0,0.0,0.0,1.0,1.0,0.0,-1.1290960311889648,,,,,,,,,,,,,,,,
1783990045.150,81263000,166,1,3,0,10.0,25.0,10.0,25.0,8.899785995483398,25.31822395324707,-0.318223237991333,41.29070281982422,50.1784782409668,0.0,0.0,0.0,1.0,1.0,0.0,1.1754041910171509,,,,,,,,,,,,,,,,
1783990045.160,81273000,167,2,255,0,,,,,,,,,,,,,,,,,0.3499999940395355,-1.149999976158142,3.5485715866088867,2.715714454650879,3.5485715866088867,2.715714454650879,0.0,0.0,0.0,0.0,0.0,0.0,0.0,0.0,0.0,0.0
1783990045.170,81283000,168,1,0,0,10.0,25.0,10.0,25.0,9.508903503417969,25.274654388427734,-0.27465522289276123,35.657100677490234,43.906166076660156,0.0,0.0,0.0,1.0,1.0,0.0,-1.0538679361343384,,,,,,,,,,,,,,,,
1783990045.180,81293000,169,1,1,0,10.0,25.0,10.0,25.0,8.863048553466797,25.305885314941406,-0.30588507652282715,38.24002456665039,47.669551849365234,0.0,0.0,0.0,1.0,1.0,0.0,1.0786728858947754,,,,,,,,,,,,,,,,
1783990045.190,81303000,170,1,2,0,10.0,25.0,10.0,25.0,8.872498512268066,25.22151756286621,-0.2215176820755005,39.7926025390625,46.83324432373047,0.0,0.0,0.0,1.0,1.0,0.0,-1.1290960311889648,,,,,,,,,,,,,,,,
1783990045.200,81313000,171,1,3,0,10.0,25.0,10.0,25.0,8.899785995483398,25.31822395324707,-0.318223237991333,41.29070281982422,50.1784782409668,0.0,0.0,0.0,1.0,1.0,0.0,1.1754041910171509,,,,,,,,,,,,,,,,
1783990045.210,81323000,172,2,255,0,,,,,,,,,,,,,,,,,0.3499999940395355,-1.149999976158142,3.5485715866088867,2.715714454650879,3.5485715866088867,2.715714454650879,0.0,0.0,0.0,0.0,0.0,0.0,0.0,0.0,0.0,0.0
1783990045.220,81333000,173,1,0,0,10.0,25.0,10.0,25.0,9.508903503417969,25.274654388427734,-0.27465522289276123,35.657100677490234,43.906166076660156,0.0,0.0,0.0,1.0,1.0,0.0,-1.0538679361343384,,,,,,,,,,,,,,,,
1783990045.230,81343000,174,1,1,0,10.0,25.0,10.0,25.0,8.863048553466797,25.305885314941406,-0.30588507652282715,38.24002456665039,47.669551849365234,0.0,0.0,0.0,1.0,1.0,0.0,1.0786728858947754,,,,,,,,,,,,,,,,
1783990045.240,81353000,175,1,2,0,10.0,25.0,10.0,25.0,8.872498512268066,25.22151756286621,-0.2215176820755005,39.7926025390625,46.83324432373047,0.0,0.0,0.0,1.0,1.0,0.0,-1.1290960311889648,,,,,,,,,,,,,,,,
1783990045.250,81363000,176,1,3,0,10.0,25.0,10.0,25.0,8.899785995483398,25.31822395324707,-0.318223237991333,41.29070281982422,50.1784782409668,0.0,0.0,0.0,1.0,1.0,0.0,1.1754041910171509,,,,,,,,,,,,,,,,
1783990045.260,81373000,177,2,255,0,,,,,,,,,,,,,,,,,0.3499999940395355,-1.149999976158142,3.5485715866088867,2.715714454650879,3.5485715866088867,2.715714454650879,0.0,0.0,0.0,0.0,0.0,0.0,0.0,0.0,0.0,0.0
1783990045.270,81383000,178,1,0,0,10.0,25.0,10.0,25.0,9.508903503417969,25.274654388427734,-0.27465522289276123,35.657100677490234,43.906166076660156,0.0,0.0,0.0,1.0,1.0,0.0,-1.0538679361343384,,,,,,,,,,,,,,,,
1783990045.280,81393000,179,1,1,0,10.0,25.0,10.0,25.0,8.863048553466797,25.305885314941406,-0.30588507652282715,38.24002456665039,47.669551849365234,0.0,0.0,0.0,1.0,1.0,0.0,1.0786728858947754,,,,,,,,,,,,,,,,
1783990045.290,81403000,180,1,2,0,10.0,25.0,10.0,25.0,8.872498512268066,25.22151756286621,-0.2215176820755005,39.7926025390625,46.83324432373047,0.0,0.0,0.0,1.0,1.0,0.0,-1.1290960311889648,,,,,,,,,,,,,,,,
1783990045.300,81413000,181,1,3,0,10.0,25.0,10.0,25.0,8.899785995483398,25.31822395324707,-0.318223237991333,41.29070281982422,50.1784782409668,0.0,0.0,0.0,1.0,1.0,0.0,1.1754041910171509,,,,,,,,,,,,,,,,
1783990045.310,81423000,182,2,255,0,,,,,,,,,,,,,,,,,0.3499999940395355,-1.149999976158142,3.5485715866088867,2.715714454650879,3.5485715866088867,2.715714454650879,0.0,0.0,0.0,0.0,0.0,0.0,0.0,0.0,0.0,0.0
1783990045.320,81433000,183,1,0,0,10.0,25.0,10.0,25.0,9.508903503417969,25.274654388427734,-0.27465522289276123,35.657100677490234,43.906166076660156,0.0,0.0,0.0,1.0,1.0,0.0,-1.0538679361343384,,,,,,,,,,,,,,,,
1783990045.330,81443000,184,1,1,0,10.0,25.0,10.0,25.0,8.863048553466797,25.305885314941406,-0.30588507652282715,38.24002456665039,47.669551849365234,0.0,0.0,0.0,1.0,1.0,0.0,1.0786728858947754,,,,,,,,,,,,,,,,
1783990045.340,81453000,185,1,2,0,10.0,25.0,10.0,25.0,8.872498512268066,25.22151756286621,-0.2215176820755005,39.7926025390625,46.83324432373047,0.0,0.0,0.0,1.0,1.0,0.0,-1.1290960311889648,,,,,,,,,,,,,,,,
1783990045.350,81463000,186,1,3,0,10.0,25.0,10.0,25.0,8.899785995483398,25.31822395324707,-0.318223237991333,41.29070281982422,50.1784782409668,0.0,0.0,0.0,1.0,1.0,0.0,1.1754041910171509,,,,,,,,,,,,,,,,
1783990045.360,81473000,187,2,255,0,,,,,,,,,,,,,,,,,0.3499999940395355,-1.149999976158142,3.5485715866088867,2.715714454650879,3.5485715866088867,2.715714454650879,0.0,0.0,0.0,0.0,0.0,0.0,0.0,0.0,0.0,0.0
1783990045.370,81483000,188,1,0,0,10.0,25.0,10.0,25.0,9.508903503417969,25.274654388427734,-0.27465522289276123,35.657100677490234,43.906166076660156,0.0,0.0,0.0,1.0,1.0,0.0,-1.0538679361343384,,,,,,,,,,,,,,,,
1783990045.380,81493000,189,1,1,0,10.0,25.0,10.0,25.0,8.863048553466797,25.305885314941406,-0.30588507652282715,38.24002456665039,47.669551849365234,0.0,0.0,0.0,1.0,1.0,0.0,1.0786728858947754,,,,,,,,,,,,,,,,
1783990045.390,81503000,190,1,2,0,10.0,25.0,10.0,25.0,8.872498512268066,25.22151756286621,-0.2215176820755005,39.7926025390625,46.83324432373047,0.0,0.0,0.0,1.0,1.0,0.0,-1.1290960311889648,,,,,,,,,,,,,,,,
1783990045.400,81513000,191,1,3,0,10.0,25.0,10.0,25.0,8.899785995483398,25.31822395324707,-0.318223237991333,41.29070281982422,50.1784782409668,0.0,0.0,0.0,1.0,1.0,0.0,1.1754041910171509,,,,,,,,,,,,,,,,
1783990045.410,81523000,192,2,255,0,,,,,,,,,,,,,,,,,0.3499999940395355,-1.149999976158142,3.5485715866088867,2.715714454650879,3.5485715866088867,2.715714454650879,0.0,0.0,0.0,0.0,0.0,0.0,0.0,0.0,0.0,0.0
1783990045.420,81533000,193,1,0,0,10.0,25.0,10.0,25.0,9.508903503417969,25.274654388427734,-0.27465522289276123,35.657100677490234,43.906166076660156,0.0,0.0,0.0,1.0,1.0,0.0,-1.0538679361343384,,,,,,,,,,,,,,,,
1783990045.430,81543000,194,1,1,0,10.0,25.0,10.0,25.0,8.863048553466797,25.305885314941406,-0.30588507652282715,38.24002456665039,47.669551849365234,0.0,0.0,0.0,1.0,1.0,0.0,1.0786728858947754,,,,,,,,,,,,,,,,
1783990045.440,81553000,195,1,2,0,10.0,25.0,10.0,25.0,8.872498512268066,25.22151756286621,-0.2215176820755005,39.7926025390625,46.83324432373047,0.0,0.0,0.0,1.0,1.0,0.0,-1.1290960311889648,,,,,,,,,,,,,,,,
1783990045.450,81563000,196,1,3,0,10.0,25.0,10.0,25.0,8.899785995483398,25.31822395324707,-0.318223237991333,41.29070281982422,50.1784782409668,0.0,0.0,0.0,1.0,1.0,0.0,1.1754041910171509,,,,,,,,,,,,,,,,
1783990045.460,81573000,197,2,255,0,,,,,,,,,,,,,,,,,0.3499999940395355,-1.149999976158142,3.5485715866088867,2.715714454650879,3.5485715866088867,2.715714454650879,0.0,0.0,0.0,0.0,0.0,0.0,0.0,0.0,0.0,0.0
1783990045.470,81583000,198,1,0,0,10.0,25.0,10.0,25.0,9.508903503417969,25.274654388427734,-0.27465522289276123,35.657100677490234,43.906166076660156,0.0,0.0,0.0,1.0,1.0,0.0,-1.0538679361343384,,,,,,,,,,,,,,,,
1783990045.480,81593000,199,1,1,0,10.0,25.0,10.0,25.0,8.863048553466797,25.305885314941406,-0.30588507652282715,38.24002456665039,47.669551849365234,0.0,0.0,0.0,1.0,1.0,0.0,1.0786728858947754,,,,,,,,,,,,,,,,
1783990045.490,81603000,200,1,2,0,10.0,25.0,10.0,25.0,8.872498512268066,25.22151756286621,-0.2215176820755005,39.7926025390625,46.83324432373047,0.0,0.0,0.0,1.0,1.0,0.0,-1.1290960311889648,,,,,,,,,,,,,,,,
1783990045.500,81613000,201,1,3,0,10.0,25.0,10.0,25.0,8.899785995483398,25.31822395324707,-0.318223237991333,41.29070281982422,50.1784782409668,0.0,0.0,0.0,1.0,1.0,0.0,1.1754041910171509,,,,,,,,,,,,,,,,
1783990045.510,81623000,202,2,255,0,,,,,,,,,,,,,,,,,0.3499999940395355,-1.149999976158142,3.5485715866088867,2.715714454650879,3.5485715866088867,2.715714454650879,0.0,0.0,0.0,0.0,0.0,0.0,0.0,0.0,0.0,0.0
1783990045.520,81633000,203,1,0,0,10.0,25.0,10.0,25.0,9.508903503417969,25.274654388427734,-0.27465522289276123,35.657100677490234,43.906166076660156,0.0,0.0,0.0,1.0,1.0,0.0,-1.0538679361343384,,,,,,,,,,,,,,,,
1783990045.530,81643000,204,1,1,0,10.0,25.0,10.0,25.0,8.863048553466797,25.305885314941406,-0.30588507652282715,38.24002456665039,47.669551849365234,0.0,0.0,0.0,1.0,1.0,0.0,1.0786728858947754,,,,,,,,,,,,,,,,
1783990045.540,81653000,205,1,2,0,10.0,25.0,10.0,25.0,8.872498512268066,25.22151756286621,-0.2215176820755005,39.7926025390625,46.83324432373047,0.0,0.0,0.0,1.0,1.0,0.0,-1.1290960311889648,,,,,,,,,,,,,,,,
1783990045.550,81663000,206,1,3,0,10.0,25.0,10.0,25.0,8.899785995483398,25.31822395324707,-0.318223237991333,41.29070281982422,50.1784782409668,0.0,0.0,0.0,1.0,1.0,0.0,1.1754041910171509,,,,,,,,,,,,,,,,
1783990045.560,81673000,207,2,255,0,,,,,,,,,,,,,,,,,0.3499999940395355,-1.149999976158142,3.5485715866088867,2.715714454650879,3.5485715866088867,2.715714454650879,0.0,0.0,0.0,0.0,0.0,0.0,0.0,0.0,0.0,0.0
1783990045.570,81683000,208,1,0,0,10.0,25.0,10.0,25.0,9.508903503417969,25.274654388427734,-0.27465522289276123,35.657100677490234,43.906166076660156,0.0,0.0,0.0,1.0,1.0,0.0,-1.0538679361343384,,,,,,,,,,,,,,,,
1783990045.580,81693000,209,1,1,0,10.0,25.0,10.0,25.0,8.863048553466797,25.305885314941406,-0.30588507652282715,38.24002456665039,47.669551849365234,0.0,0.0,0.0,1.0,1.0,0.0,1.0786728858947754,,,,,,,,,,,,,,,,
1783990045.591,81703000,210,1,2,0,10.0,25.0,10.0,25.0,8.872498512268066,25.22151756286621,-0.2215176820755005,39.7926025390625,46.83324432373047,0.0,0.0,0.0,1.0,1.0,0.0,-1.1290960311889648,,,,,,,,,,,,,,,,
1783990045.600,81713000,211,1,3,0,10.0,25.0,10.0,25.0,8.899785995483398,25.31822395324707,-0.318223237991333,41.29070281982422,50.1784782409668,0.0,0.0,0.0,1.0,1.0,0.0,1.1754041910171509,,,,,,,,,,,,,,,,
1783990045.610,81723000,212,2,255,0,,,,,,,,,,,,,,,,,0.3499999940395355,-1.149999976158142,3.5485715866088867,2.715714454650879,3.5485715866088867,2.715714454650879,0.0,0.0,0.0,0.0,0.0,0.0,0.0,0.0,0.0,0.0
1783990045.620,81733000,213,1,0,0,10.0,25.0,10.0,25.0,9.508903503417969,25.274654388427734,-0.27465522289276123,35.657100677490234,43.906166076660156,0.0,0.0,0.0,1.0,1.0,0.0,-1.0538679361343384,,,,,,,,,,,,,,,,
1783990045.630,81743000,214,1,1,0,10.0,25.0,10.0,25.0,8.863048553466797,25.305885314941406,-0.30588507652282715,38.24002456665039,47.669551849365234,0.0,0.0,0.0,1.0,1.0,0.0,1.0786728858947754,,,,,,,,,,,,,,,,
1783990045.640,81753000,215,1,2,0,10.0,25.0,10.0,25.0,8.872498512268066,25.22151756286621,-0.2215176820755005,39.7926025390625,46.83324432373047,0.0,0.0,0.0,1.0,1.0,0.0,-1.1290960311889648,,,,,,,,,,,,,,,,
1783990045.650,81763000,216,1,3,0,10.0,25.0,10.0,25.0,8.899785995483398,25.31822395324707,-0.318223237991333,41.29070281982422,50.1784782409668,0.0,0.0,0.0,1.0,1.0,0.0,1.1754041910171509,,,,,,,,,,,,,,,,
1783990045.660,81773000,217,2,255,0,,,,,,,,,,,,,,,,,0.3499999940395355,-1.149999976158142,3.5485715866088867,2.715714454650879,3.5485715866088867,2.715714454650879,0.0,0.0,0.0,0.0,0.0,0.0,0.0,0.0,0.0,0.0
1783990045.670,81783000,218,1,0,0,10.0,25.0,10.0,25.0,9.508903503417969,25.274654388427734,-0.27465522289276123,35.657100677490234,43.906166076660156,0.0,0.0,0.0,1.0,1.0,0.0,-1.0538679361343384,,,,,,,,,,,,,,,,
1783990045.680,81793000,219,1,1,0,10.0,25.0,10.0,25.0,8.863048553466797,25.305885314941406,-0.30588507652282715,38.24002456665039,47.669551849365234,0.0,0.0,0.0,1.0,1.0,0.0,1.0786728858947754,,,,,,,,,,,,,,,,
1783990045.690,81803000,220,1,2,0,10.0,25.0,10.0,25.0,8.872498512268066,25.22151756286621,-0.2215176820755005,39.7926025390625,46.83324432373047,0.0,0.0,0.0,1.0,1.0,0.0,-1.1290960311889648,,,,,,,,,,,,,,,,
1783990045.700,81813000,221,1,3,0,10.0,25.0,10.0,25.0,8.899785995483398,25.31822395324707,-0.318223237991333,41.29070281982422,50.1784782409668,0.0,0.0,0.0,1.0,1.0,0.0,1.1754041910171509,,,,,,,,,,,,,,,,
1783990045.710,81823000,222,2,255,0,,,,,,,,,,,,,,,,,0.3499999940395355,-1.149999976158142,3.5485715866088867,2.715714454650879,3.5485715866088867,2.715714454650879,0.0,0.0,0.0,0.0,0.0,0.0,0.0,0.0,0.0,0.0
1783990045.720,81833000,223,1,0,0,10.0,25.0,10.0,25.0,9.508903503417969,25.274654388427734,-0.27465522289276123,35.657100677490234,43.906166076660156,0.0,0.0,0.0,1.0,1.0,0.0,-1.0538679361343384,,,,,,,,,,,,,,,,
1783990045.730,81843000,224,1,1,0,10.0,25.0,10.0,25.0,8.863048553466797,25.305885314941406,-0.30588507652282715,38.24002456665039,47.669551849365234,0.0,0.0,0.0,1.0,1.0,0.0,1.0786728858947754,,,,,,,,,,,,,,,,
1783990045.740,81853000,225,1,2,0,10.0,25.0,10.0,25.0,8.872498512268066,25.22151756286621,-0.2215176820755005,39.7926025390625,46.83324432373047,0.0,0.0,0.0,1.0,1.0,0.0,-1.1290960311889648,,,,,,,,,,,,,,,,
1783990045.750,81863000,226,1,3,0,10.0,25.0,10.0,25.0,8.899785995483398,25.31822395324707,-0.318223237991333,41.29070281982422,50.1784782409668,0.0,0.0,0.0,1.0,1.0,0.0,1.1754041910171509,,,,,,,,,,,,,,,,
1783990045.750,81873000,227,2,255,0,,,,,,,,,,,,,,,,,0.3499999940395355,-1.149999976158142,3.5485715866088867,2.715714454650879,3.5485715866088867,2.715714454650879,0.0,0.0,0.0,0.0,0.0,0.0,0.0,0.0,0.0,0.0
1783990045.770,81883000,228,1,0,0,10.0,25.0,10.0,25.0,9.508903503417969,25.274654388427734,-0.27465522289276123,35.657100677490234,43.906166076660156,0.0,0.0,0.0,1.0,1.0,0.0,-1.0538679361343384,,,,,,,,,,,,,,,,
1783990045.780,81893000,229,1,1,0,10.0,25.0,10.0,25.0,8.863048553466797,25.305885314941406,-0.30588507652282715,38.24002456665039,47.669551849365234,0.0,0.0,0.0,1.0,1.0,0.0,1.0786728858947754,,,,,,,,,,,,,,,,
1783990045.790,81903000,230,1,2,0,10.0,25.0,10.0,25.0,8.872498512268066,25.22151756286621,-0.2215176820755005,39.7926025390625,46.83324432373047,0.0,0.0,0.0,1.0,1.0,0.0,-1.1290960311889648,,,,,,,,,,,,,,,,
1783990045.800,81913000,231,1,3,0,10.0,25.0,10.0,25.0,8.899785995483398,25.31822395324707,-0.318223237991333,41.29070281982422,50.1784782409668,0.0,0.0,0.0,1.0,1.0,0.0,1.1754041910171509,,,,,,,,,,,,,,,,
1783990045.810,81923000,232,2,255,0,,,,,,,,,,,,,,,,,0.3499999940395355,-1.149999976158142,3.5485715866088867,2.715714454650879,3.5485715866088867,2.715714454650879,0.0,0.0,0.0,0.0,0.0,0.0,0.0,0.0,0.0,0.0
1783990045.820,81933000,233,1,0,0,10.0,25.0,10.0,25.0,9.508903503417969,25.274654388427734,-0.27465522289276123,35.657100677490234,43.906166076660156,0.0,0.0,0.0,1.0,1.0,0.0,-1.0538679361343384,,,,,,,,,,,,,,,,
1783990045.830,81943000,234,1,1,0,10.0,25.0,10.0,25.0,8.863048553466797,25.305885314941406,-0.30588507652282715,38.24002456665039,47.669551849365234,0.0,0.0,0.0,1.0,1.0,0.0,1.0786728858947754,,,,,,,,,,,,,,,,
1783990045.840,81953000,235,1,2,0,10.0,25.0,10.0,25.0,8.872498512268066,25.22151756286621,-0.2215176820755005,39.7926025390625,46.83324432373047,0.0,0.0,0.0,1.0,1.0,0.0,-1.1290960311889648,,,,,,,,,,,,,,,,
1783990045.850,81963000,236,1,3,0,10.0,25.0,10.0,25.0,8.899785995483398,25.31822395324707,-0.318223237991333,41.29070281982422,50.1784782409668,0.0,0.0,0.0,1.0,1.0,0.0,1.1754041910171509,,,,,,,,,,,,,,,,
1783990045.860,81973000,237,2,255,0,,,,,,,,,,,,,,,,,0.3499999940395355,-1.149999976158142,3.5485715866088867,2.715714454650879,3.5485715866088867,2.715714454650879,0.0,0.0,0.0,0.0,0.0,0.0,0.0,0.0,0.0,0.0
1783990045.870,81983000,238,1,0,0,10.0,25.0,10.0,25.0,9.508903503417969,25.274654388427734,-0.27465522289276123,35.657100677490234,43.906166076660156,0.0,0.0,0.0,1.0,1.0,0.0,-1.0538679361343384,,,,,,,,,,,,,,,,
1783990045.880,81993000,239,1,1,0,10.0,25.0,10.0,25.0,8.863048553466797,25.305885314941406,-0.30588507652282715,38.24002456665039,47.669551849365234,0.0,0.0,0.0,1.0,1.0,0.0,1.0786728858947754,,,,,,,,,,,,,,,,
1783990045.890,82003000,240,1,2,0,10.0,25.0,10.0,25.0,8.872498512268066,25.22151756286621,-0.2215176820755005,39.7926025390625,46.83324432373047,0.0,0.0,0.0,1.0,1.0,0.0,-1.1290960311889648,,,,,,,,,,,,,,,,
1783990045.900,82013000,241,1,3,0,10.0,25.0,10.0,25.0,8.899785995483398,25.31822395324707,-0.318223237991333,41.29070281982422,50.1784782409668,0.0,0.0,0.0,1.0,1.0,0.0,1.1754041910171509,,,,,,,,,,,,,,,,
1783990045.910,82023000,242,2,255,0,,,,,,,,,,,,,,,,,0.3499999940395355,-1.149999976158142,3.5485715866088867,2.715714454650879,3.5485715866088867,2.715714454650879,0.0,0.0,0.0,0.0,0.0,0.0,0.0,0.0,0.0,0.0
1783990045.920,82033000,243,1,0,0,10.0,25.0,10.0,25.0,9.508903503417969,25.274654388427734,-0.27465522289276123,35.657100677490234,43.906166076660156,0.0,0.0,0.0,1.0,1.0,0.0,-1.0538679361343384,,,,,,,,,,,,,,,,
1783990045.930,82043000,244,1,1,0,10.0,25.0,10.0,25.0,8.863048553466797,25.305885314941406,-0.30588507652282715,38.24002456665039,47.669551849365234,0.0,0.0,0.0,1.0,1.0,0.0,1.0786728858947754,,,,,,,,,,,,,,,,
1783990045.940,82053000,245,1,2,0,10.0,25.0,10.0,25.0,8.872498512268066,25.22151756286621,-0.2215176820755005,39.7926025390625,46.83324432373047,0.0,0.0,0.0,1.0,1.0,0.0,-1.1290960311889648,,,,,,,,,,,,,,,,
1783990045.950,82063000,246,1,3,0,10.0,25.0,10.0,25.0,8.899785995483398,25.31822395324707,-0.318223237991333,41.29070281982422,50.1784782409668,0.0,0.0,0.0,1.0,1.0,0.0,1.1754041910171509,,,,,,,,,,,,,,,,
1783990045.960,82073000,247,2,255,0,,,,,,,,,,,,,,,,,0.3499999940395355,-1.149999976158142,3.5485715866088867,2.715714454650879,3.5485715866088867,2.715714454650879,0.0,0.0,0.0,0.0,0.0,0.0,0.0,0.0,0.0,0.0
1783990045.970,82083000,248,1,0,0,10.0,25.0,10.0,25.0,9.508903503417969,25.274654388427734,-0.27465522289276123,35.657100677490234,43.906166076660156,0.0,0.0,0.0,1.0,1.0,0.0,-1.0538679361343384,,,,,,,,,,,,,,,,
1783990045.980,82093000,249,1,1,0,10.0,25.0,10.0,25.0,8.863048553466797,25.305885314941406,-0.30588507652282715,38.24002456665039,47.669551849365234,0.0,0.0,0.0,1.0,1.0,0.0,1.0786728858947754,,,,,,,,,,,,,,,,
1783990045.990,82103000,250,1,2,0,10.0,25.0,10.0,25.0,8.872498512268066,25.22151756286621,-0.2215176820755005,39.7926025390625,46.83324432373047,0.0,0.0,0.0,1.0,1.0,0.0,-1.1290960311889648,,,,,,,,,,,,,,,,
1783990046.000,82113000,251,1,3,0,10.0,25.0,10.0,25.0,8.899785995483398,25.31822395324707,-0.318223237991333,41.29070281982422,50.1784782409668,0.0,0.0,0.0,1.0,1.0,0.0,1.1754041910171509,,,,,,,,,,,,,,,,
1783990046.010,82123000,252,2,255,0,,,,,,,,,,,,,,,,,0.3499999940395355,-1.149999976158142,3.5485715866088867,2.715714454650879,3.5485715866088867,2.715714454650879,0.0,0.0,0.0,0.0,0.0,0.0,0.0,0.0,0.0,0.0
1783990046.020,82133000,253,1,0,0,10.0,25.0,10.0,25.0,9.508903503417969,25.274654388427734,-0.27465522289276123,35.657100677490234,43.906166076660156,0.0,0.0,0.0,1.0,1.0,0.0,-1.0538679361343384,,,,,,,,,,,,,,,,
1783990046.030,82143000,254,1,1,0,10.0,25.0,10.0,25.0,8.863048553466797,25.305885314941406,-0.30588507652282715,38.24002456665039,47.669551849365234,0.0,0.0,0.0,1.0,1.0,0.0,1.0786728858947754,,,,,,,,,,,,,,,,
1783990046.040,82153000,255,1,2,0,10.0,25.0,10.0,25.0,8.872498512268066,25.22151756286621,-0.2215176820755005,39.7926025390625,46.83324432373047,0.0,0.0,0.0,1.0,1.0,0.0,-1.1290960311889648,,,,,,,,,,,,,,,,
1783990046.050,82163000,0,1,3,0,10.0,25.0,10.0,25.0,8.899785995483398,25.31822395324707,-0.318223237991333,41.29070281982422,50.1784782409668,0.0,0.0,0.0,1.0,1.0,0.0,1.1754041910171509,,,,,,,,,,,,,,,,
1783990046.060,82173000,1,2,255,0,,,,,,,,,,,,,,,,,0.3499999940395355,-1.149999976158142,3.5485715866088867,2.715714454650879,3.5485715866088867,2.715714454650879,0.0,0.0,0.0,0.0,0.0,0.0,0.0,0.0,0.0,0.0
1783990046.070,82183000,2,1,0,0,10.0,25.0,10.0,25.0,9.508903503417969,25.274654388427734,-0.27465522289276123,35.657100677490234,43.906166076660156,0.0,0.0,0.0,1.0,1.0,0.0,-1.0538679361343384,,,,,,,,,,,,,,,,
1783990046.080,82193000,3,1,1,0,10.0,25.0,10.0,25.0,8.863048553466797,25.305885314941406,-0.30588507652282715,38.24002456665039,47.669551849365234,0.0,0.0,0.0,1.0,1.0,0.0,1.0786728858947754,,,,,,,,,,,,,,,,
1783990046.090,82203000,4,1,2,0,10.0,25.0,10.0,25.0,8.872498512268066,25.22151756286621,-0.2215176820755005,39.7926025390625,46.83324432373047,0.0,0.0,0.0,1.0,1.0,0.0,-1.1290960311889648,,,,,,,,,,,,,,,,
1783990046.100,82213000,5,1,3,0,10.0,25.0,10.0,25.0,8.899785995483398,25.31822395324707,-0.318223237991333,41.29070281982422,50.1784782409668,0.0,0.0,0.0,1.0,1.0,0.0,1.1754041910171509,,,,,,,,,,,,,,,,
1783990046.110,82223000,6,2,255,0,,,,,,,,,,,,,,,,,0.3499999940395355,-1.149999976158142,3.5485715866088867,2.715714454650879,3.5485715866088867,2.715714454650879,0.0,0.0,0.0,0.0,0.0,0.0,0.0,0.0,0.0,0.0
1783990046.121,82233000,7,1,0,0,10.0,25.0,10.0,25.0,9.508903503417969,25.274654388427734,-0.27465522289276123,35.657100677490234,43.906166076660156,0.0,0.0,0.0,1.0,1.0,0.0,-1.0538679361343384,,,,,,,,,,,,,,,,
1783990046.130,82243000,8,1,1,0,10.0,25.0,10.0,25.0,8.863048553466797,25.305885314941406,-0.30588507652282715,38.24002456665039,47.669551849365234,0.0,0.0,0.0,1.0,1.0,0.0,1.0786728858947754,,,,,,,,,,,,,,,,
1783990046.140,82253000,9,1,2,0,10.0,25.0,10.0,25.0,8.872498512268066,25.22151756286621,-0.2215176820755005,39.7926025390625,46.83324432373047,0.0,0.0,0.0,1.0,1.0,0.0,-1.1290960311889648,,,,,,,,,,,,,,,,
1783990046.150,82263000,10,1,3,0,10.0,25.0,10.0,25.0,8.899785995483398,25.31822395324707,-0.318223237991333,41.29070281982422,50.1784782409668,0.0,0.0,0.0,1.0,1.0,0.0,1.1754041910171509,,,,,,,,,,,,,,,,
1783990046.161,82273000,11,2,255,0,,,,,,,,,,,,,,,,,0.3499999940395355,-1.149999976158142,3.5485715866088867,2.715714454650879,3.5485715866088867,2.715714454650879,0.0,0.0,0.0,0.0,0.0,0.0,0.0,0.0,0.0,0.0
1783990046.170,82283000,12,1,0,0,10.0,25.0,10.0,25.0,9.508903503417969,25.274654388427734,-0.27465522289276123,35.657100677490234,43.906166076660156,0.0,0.0,0.0,1.0,1.0,0.0,-1.0538679361343384,,,,,,,,,,,,,,,,
1783990046.180,82293000,13,1,1,0,10.0,25.0,10.0,25.0,8.863048553466797,25.305885314941406,-0.30588507652282715,38.24002456665039,47.669551849365234,0.0,0.0,0.0,1.0,1.0,0.0,1.0786728858947754,,,,,,,,,,,,,,,,
1783990046.190,82303000,14,1,2,0,10.0,25.0,10.0,25.0,8.872498512268066,25.22151756286621,-0.2215176820755005,39.7926025390625,46.83324432373047,0.0,0.0,0.0,1.0,1.0,0.0,-1.1290960311889648,,,,,,,,,,,,,,,,
1783990046.200,82313000,15,1,3,0,10.0,25.0,10.0,25.0,8.899785995483398,25.31822395324707,-0.318223237991333,41.29070281982422,50.1784782409668,0.0,0.0,0.0,1.0,1.0,0.0,1.1754041910171509,,,,,,,,,,,,,,,,
1783990046.210,82323000,16,2,255,0,,,,,,,,,,,,,,,,,0.3499999940395355,-1.149999976158142,3.5485715866088867,2.715714454650879,3.5485715866088867,2.715714454650879,0.0,0.0,0.0,0.0,0.0,0.0,0.0,0.0,0.0,0.0
1783990046.220,82333000,17,1,0,0,10.0,25.0,10.0,25.0,9.508903503417969,25.274654388427734,-0.27465522289276123,35.657100677490234,43.906166076660156,0.0,0.0,0.0,1.0,1.0,0.0,-1.0538679361343384,,,,,,,,,,,,,,,,
1783990046.230,82343000,18,1,1,0,10.0,25.0,10.0,25.0,8.863048553466797,25.305885314941406,-0.30588507652282715,38.24002456665039,47.669551849365234,0.0,0.0,0.0,1.0,1.0,0.0,1.0786728858947754,,,,,,,,,,,,,,,,
1783990046.240,82353000,19,1,2,0,10.0,25.0,10.0,25.0,8.872498512268066,25.22151756286621,-0.2215176820755005,39.7926025390625,46.83324432373047,0.0,0.0,0.0,1.0,1.0,0.0,-1.1290960311889648,,,,,,,,,,,,,,,,
1783990046.250,82363000,20,1,3,0,10.0,25.0,10.0,25.0,8.899785995483398,25.31822395324707,-0.318223237991333,41.29070281982422,50.1784782409668,0.0,0.0,0.0,1.0,1.0,0.0,1.1754041910171509,,,,,,,,,,,,,,,,
1783990046.260,82373000,21,2,255,0,,,,,,,,,,,,,,,,,0.3499999940395355,-1.149999976158142,3.5485715866088867,2.715714454650879,3.5485715866088867,2.715714454650879,0.0,0.0,0.0,0.0,0.0,0.0,0.0,0.0,0.0,0.0
1783990046.260,82383000,22,1,0,0,10.0,25.0,10.0,25.0,9.508903503417969,25.274654388427734,-0.27465522289276123,35.657100677490234,43.906166076660156,0.0,0.0,0.0,1.0,1.0,0.0,-1.0538679361343384,,,,,,,,,,,,,,,,
1783990046.280,82393000,23,1,1,0,10.0,25.0,10.0,25.0,8.863048553466797,25.305885314941406,-0.30588507652282715,38.24002456665039,47.669551849365234,0.0,0.0,0.0,1.0,1.0,0.0,1.0786728858947754,,,,,,,,,,,,,,,,
1783990046.290,82403000,24,1,2,0,10.0,25.0,10.0,25.0,8.872498512268066,25.22151756286621,-0.2215176820755005,39.7926025390625,46.83324432373047,0.0,0.0,0.0,1.0,1.0,0.0,-1.1290960311889648,,,,,,,,,,,,,,,,
1783990046.300,82413000,25,1,3,0,10.0,25.0,10.0,25.0,8.899785995483398,25.31822395324707,-0.318223237991333,41.29070281982422,50.1784782409668,0.0,0.0,0.0,1.0,1.0,0.0,1.1754041910171509,,,,,,,,,,,,,,,,
1783990046.310,82423000,26,2,255,0,,,,,,,,,,,,,,,,,0.3499999940395355,-1.149999976158142,3.5485715866088867,2.715714454650879,3.5485715866088867,2.715714454650879,0.0,0.0,0.0,0.0,0.0,0.0,0.0,0.0,0.0,0.0
1783990046.320,82433000,27,1,0,0,10.0,25.0,10.0,25.0,9.508903503417969,25.274654388427734,-0.27465522289276123,35.657100677490234,43.906166076660156,0.0,0.0,0.0,1.0,1.0,0.0,-1.0538679361343384,,,,,,,,,,,,,,,,
1783990046.330,82443000,28,1,1,0,10.0,25.0,10.0,25.0,8.863048553466797,25.305885314941406,-0.30588507652282715,38.24002456665039,47.669551849365234,0.0,0.0,0.0,1.0,1.0,0.0,1.0786728858947754,,,,,,,,,,,,,,,,
1783990046.340,82453000,29,1,2,0,10.0,25.0,10.0,25.0,8.872498512268066,25.22151756286621,-0.2215176820755005,39.7926025390625,46.83324432373047,0.0,0.0,0.0,1.0,1.0,0.0,-1.1290960311889648,,,,,,,,,,,,,,,,
1783990046.350,82463000,30,1,3,0,10.0,25.0,10.0,25.0,8.899785995483398,25.31822395324707,-0.318223237991333,41.29070281982422,50.1784782409668,0.0,0.0,0.0,1.0,1.0,0.0,1.1754041910171509,,,,,,,,,,,,,,,,
1783990046.360,82473000,31,2,255,0,,,,,,,,,,,,,,,,,0.3499999940395355,-1.149999976158142,3.5485715866088867,2.715714454650879,3.5485715866088867,2.715714454650879,0.0,0.0,0.0,0.0,0.0,0.0,0.0,0.0,0.0,0.0
1783990046.370,82483000,32,1,0,0,10.0,25.0,10.0,25.0,9.508903503417969,25.274654388427734,-0.27465522289276123,35.657100677490234,43.906166076660156,0.0,0.0,0.0,1.0,1.0,0.0,-1.0538679361343384,,,,,,,,,,,,,,,,
1783990046.380,82493000,33,1,1,0,10.0,25.0,10.0,25.0,8.863048553466797,25.305885314941406,-0.30588507652282715,38.24002456665039,47.669551849365234,0.0,0.0,0.0,1.0,1.0,0.0,1.0786728858947754,,,,,,,,,,,,,,,,
1783990046.390,82503000,34,1,2,0,10.0,25.0,10.0,25.0,8.872498512268066,25.22151756286621,-0.2215176820755005,39.7926025390625,46.83324432373047,0.0,0.0,0.0,1.0,1.0,0.0,-1.1290960311889648,,,,,,,,,,,,,,,,
1783990046.400,82513000,35,1,3,0,10.0,25.0,10.0,25.0,8.899785995483398,25.31822395324707,-0.318223237991333,41.29070281982422,50.1784782409668,0.0,0.0,0.0,1.0,1.0,0.0,1.1754041910171509,,,,,,,,,,,,,,,,
1783990046.410,82523000,36,2,255,0,,,,,,,,,,,,,,,,,0.3499999940395355,-1.149999976158142,3.5485715866088867,2.715714454650879,3.5485715866088867,2.715714454650879,0.0,0.0,0.0,0.0,0.0,0.0,0.0,0.0,0.0,0.0
1783990046.420,82533000,37,1,0,0,10.0,25.0,10.0,25.0,9.508903503417969,25.274654388427734,-0.27465522289276123,35.657100677490234,43.906166076660156,0.0,0.0,0.0,1.0,1.0,0.0,-1.0538679361343384,,,,,,,,,,,,,,,,
1783990046.430,82543000,38,1,1,0,10.0,25.0,10.0,25.0,8.863048553466797,25.305885314941406,-0.30588507652282715,38.24002456665039,47.669551849365234,0.0,0.0,0.0,1.0,1.0,0.0,1.0786728858947754,,,,,,,,,,,,,,,,
1783990046.440,82553000,39,1,2,0,10.0,25.0,10.0,25.0,8.872498512268066,25.22151756286621,-0.2215176820755005,39.7926025390625,46.83324432373047,0.0,0.0,0.0,1.0,1.0,0.0,-1.1290960311889648,,,,,,,,,,,,,,,,
1783990046.449,82563000,40,1,3,0,10.0,25.0,10.0,25.0,8.899785995483398,25.31822395324707,-0.318223237991333,41.29070281982422,50.1784782409668,0.0,0.0,0.0,1.0,1.0,0.0,1.1754041910171509,,,,,,,,,,,,,,,,
1783990046.460,82573000,41,2,255,0,,,,,,,,,,,,,,,,,0.3499999940395355,-1.149999976158142,3.5485715866088867,2.715714454650879,3.5485715866088867,2.715714454650879,0.0,0.0,0.0,0.0,0.0,0.0,0.0,0.0,0.0,0.0
1783990046.469,82583000,42,1,0,0,10.0,25.0,10.0,25.0,9.508903503417969,25.274654388427734,-0.27465522289276123,35.657100677490234,43.906166076660156,0.0,0.0,0.0,1.0,1.0,0.0,-1.0538679361343384,,,,,,,,,,,,,,,,
1783990046.480,82593000,43,1,1,0,10.0,25.0,10.0,25.0,8.863048553466797,25.305885314941406,-0.30588507652282715,38.24002456665039,47.669551849365234,0.0,0.0,0.0,1.0,1.0,0.0,1.0786728858947754,,,,,,,,,,,,,,,,
1783990046.490,82603000,44,1,2,0,10.0,25.0,10.0,25.0,8.872498512268066,25.22151756286621,-0.2215176820755005,39.7926025390625,46.83324432373047,0.0,0.0,0.0,1.0,1.0,0.0,-1.1290960311889648,,,,,,,,,,,,,,,,
1783990046.500,82613000,45,1,3,0,10.0,25.0,10.0,25.0,8.899785995483398,25.31822395324707,-0.318223237991333,41.29070281982422,50.1784782409668,0.0,0.0,0.0,1.0,1.0,0.0,1.1754041910171509,,,,,,,,,,,,,,,,
1783990046.510,82623000,46,2,255,0,,,,,,,,,,,,,,,,,0.3499999940395355,-1.149999976158142,3.5485715866088867,2.715714454650879,3.5485715866088867,2.715714454650879,0.0,0.0,0.0,0.0,0.0,0.0,0.0,0.0,0.0,0.0
1783990046.520,82633000,47,1,0,0,10.0,25.0,10.0,25.0,9.508903503417969,25.274654388427734,-0.27465522289276123,35.657100677490234,43.906166076660156,0.0,0.0,0.0,1.0,1.0,0.0,-1.0538679361343384,,,,,,,,,,,,,,,,
1783990046.530,82643000,48,1,1,0,10.0,25.0,10.0,25.0,8.863048553466797,25.305885314941406,-0.30588507652282715,38.24002456665039,47.669551849365234,0.0,0.0,0.0,1.0,1.0,0.0,1.0786728858947754,,,,,,,,,,,,,,,,
1783990046.540,82653000,49,1,2,0,10.0,25.0,10.0,25.0,8.872498512268066,25.22151756286621,-0.2215176820755005,39.7926025390625,46.83324432373047,0.0,0.0,0.0,1.0,1.0,0.0,-1.1290960311889648,,,,,,,,,,,,,,,,
1783990046.550,82663000,50,1,3,0,10.0,25.0,10.0,25.0,8.899785995483398,25.31822395324707,-0.318223237991333,41.29070281982422,50.1784782409668,0.0,0.0,0.0,1.0,1.0,0.0,1.1754041910171509,,,,,,,,,,,,,,,,
1783990046.560,82673000,51,2,255,0,,,,,,,,,,,,,,,,,0.3499999940395355,-1.149999976158142,3.5485715866088867,2.715714454650879,3.5485715866088867,2.715714454650879,0.0,0.0,0.0,0.0,0.0,0.0,0.0,0.0,0.0,0.0
1783990046.570,82683000,52,1,0,0,10.0,25.0,10.0,25.0,9.508903503417969,25.274654388427734,-0.27465522289276123,35.657100677490234,43.906166076660156,0.0,0.0,0.0,1.0,1.0,0.0,-1.0538679361343384,,,,,,,,,,,,,,,,
1783990046.580,82693000,53,1,1,0,10.0,25.0,10.0,25.0,8.863048553466797,25.305885314941406,-0.30588507652282715,38.24002456665039,47.669551849365234,0.0,0.0,0.0,1.0,1.0,0.0,1.0786728858947754,,,,,,,,,,,,,,,,
1783990046.590,82703000,54,1,2,0,10.0,25.0,10.0,25.0,8.872498512268066,25.22151756286621,-0.2215176820755005,39.7926025390625,46.83324432373047,0.0,0.0,0.0,1.0,1.0,0.0,-1.1290960311889648,,,,,,,,,,,,,,,,
1783990046.600,82713000,55,1,3,0,10.0,25.0,10.0,25.0,8.899785995483398,25.31822395324707,-0.318223237991333,41.29070281982422,50.1784782409668,0.0,0.0,0.0,1.0,1.0,0.0,1.1754041910171509,,,,,,,,,,,,,,,,
1783990046.610,82723000,56,2,255,0,,,,,,,,,,,,,,,,,0.3499999940395355,-1.149999976158142,3.5485715866088867,2.715714454650879,3.5485715866088867,2.715714454650879,0.0,0.0,0.0,0.0,0.0,0.0,0.0,0.0,0.0,0.0
1783990046.620,82733000,57,1,0,0,10.0,25.0,10.0,25.0,9.508903503417969,25.274654388427734,-0.27465522289276123,35.657100677490234,43.906166076660156,0.0,0.0,0.0,1.0,1.0,0.0,-1.0538679361343384,,,,,,,,,,,,,,,,
1783990046.630,82743000,58,1,1,0,10.0,25.0,10.0,25.0,8.863048553466797,25.305885314941406,-0.30588507652282715,38.24002456665039,47.669551849365234,0.0,0.0,0.0,1.0,1.0,0.0,1.0786728858947754,,,,,,,,,,,,,,,,
1783990046.641,82753000,59,1,2,0,10.0,25.0,10.0,25.0,8.872498512268066,25.22151756286621,-0.2215176820755005,39.7926025390625,46.83324432373047,0.0,0.0,0.0,1.0,1.0,0.0,-1.1290960311889648,,,,,,,,,,,,,,,,
1783990046.650,82763000,60,1,3,0,10.0,25.0,10.0,25.0,8.899785995483398,25.31822395324707,-0.318223237991333,41.29070281982422,50.1784782409668,0.0,0.0,0.0,1.0,1.0,0.0,1.1754041910171509,,,,,,,,,,,,,,,,
1783990046.660,82773000,61,2,255,0,,,,,,,,,,,,,,,,,0.3499999940395355,-1.149999976158142,3.5485715866088867,2.715714454650879,3.5485715866088867,2.715714454650879,0.0,0.0,0.0,0.0,0.0,0.0,0.0,0.0,0.0,0.0
1783990046.670,82783000,62,1,0,0,10.0,25.0,10.0,25.0,9.508903503417969,25.274654388427734,-0.27465522289276123,35.657100677490234,43.906166076660156,0.0,0.0,0.0,1.0,1.0,0.0,-1.0538679361343384,,,,,,,,,,,,,,,,
1783990046.680,82793000,63,1,1,0,10.0,25.0,10.0,25.0,8.863048553466797,25.305885314941406,-0.30588507652282715,38.24002456665039,47.669551849365234,0.0,0.0,0.0,1.0,1.0,0.0,1.0786728858947754,,,,,,,,,,,,,,,,
1783990046.689,82803000,64,1,2,0,10.0,25.0,10.0,25.0,8.872498512268066,25.22151756286621,-0.2215176820755005,39.7926025390625,46.83324432373047,0.0,0.0,0.0,1.0,1.0,0.0,-1.1290960311889648,,,,,,,,,,,,,,,,
1783990046.700,82813000,65,1,3,0,10.0,25.0,10.0,25.0,8.899785995483398,25.31822395324707,-0.318223237991333,41.29070281982422,50.1784782409668,0.0,0.0,0.0,1.0,1.0,0.0,1.1754041910171509,,,,,,,,,,,,,,,,
1783990046.709,82823000,66,2,255,0,,,,,,,,,,,,,,,,,0.3499999940395355,-1.149999976158142,3.5485715866088867,2.715714454650879,3.5485715866088867,2.715714454650879,0.0,0.0,0.0,0.0,0.0,0.0,0.0,0.0,0.0,0.0
1783990046.720,82833000,67,1,0,0,10.0,25.0,10.0,25.0,9.508903503417969,25.274654388427734,-0.27465522289276123,35.657100677490234,43.906166076660156,0.0,0.0,0.0,1.0,1.0,0.0,-1.0538679361343384,,,,,,,,,,,,,,,,
1783990046.730,82843000,68,1,1,0,10.0,25.0,10.0,25.0,8.863048553466797,25.305885314941406,-0.30588507652282715,38.24002456665039,47.669551849365234,0.0,0.0,0.0,1.0,1.0,0.0,1.0786728858947754,,,,,,,,,,,,,,,,
1783990046.740,82853000,69,1,2,0,10.0,25.0,10.0,25.0,8.872498512268066,25.22151756286621,-0.2215176820755005,39.7926025390625,46.83324432373047,0.0,0.0,0.0,1.0,1.0,0.0,-1.1290960311889648,,,,,,,,,,,,,,,,
1783990046.750,82863000,70,1,3,0,10.0,25.0,10.0,25.0,8.899785995483398,25.31822395324707,-0.318223237991333,41.29070281982422,50.1784782409668,0.0,0.0,0.0,1.0,1.0,0.0,1.1754041910171509,,,,,,,,,,,,,,,,
1783990046.760,82873000,71,2,255,0,,,,,,,,,,,,,,,,,0.3499999940395355,-1.149999976158142,3.5485715866088867,2.715714454650879,3.5485715866088867,2.715714454650879,0.0,0.0,0.0,0.0,0.0,0.0,0.0,0.0,0.0,0.0
1783990046.770,82883000,72,1,0,0,10.0,25.0,10.0,25.0,9.508903503417969,25.274654388427734,-0.27465522289276123,35.657100677490234,43.906166076660156,0.0,0.0,0.0,1.0,1.0,0.0,-1.0538679361343384,,,,,,,,,,,,,,,,
1783990046.780,82893000,73,1,1,0,10.0,25.0,10.0,25.0,8.863048553466797,25.305885314941406,-0.30588507652282715,38.24002456665039,47.669551849365234,0.0,0.0,0.0,1.0,1.0,0.0,1.0786728858947754,,,,,,,,,,,,,,,,
1783990046.790,82903000,74,1,2,0,10.0,25.0,10.0,25.0,8.872498512268066,25.22151756286621,-0.2215176820755005,39.7926025390625,46.83324432373047,0.0,0.0,0.0,1.0,1.0,0.0,-1.1290960311889648,,,,,,,,,,,,,,,,
1783990046.800,82913000,75,1,3,0,10.0,25.0,10.0,25.0,8.899785995483398,25.31822395324707,-0.318223237991333,41.29070281982422,50.1784782409668,0.0,0.0,0.0,1.0,1.0,0.0,1.1754041910171509,,,,,,,,,,,,,,,,
1783990046.810,82923000,76,2,255,0,,,,,,,,,,,,,,,,,0.3499999940395355,-1.149999976158142,3.5485715866088867,2.715714454650879,3.5485715866088867,2.715714454650879,0.0,0.0,0.0,0.0,0.0,0.0,0.0,0.0,0.0,0.0
1783990046.820,82933000,77,1,0,0,10.0,25.0,10.0,25.0,9.508903503417969,25.274654388427734,-0.27465522289276123,35.657100677490234,43.906166076660156,0.0,0.0,0.0,1.0,1.0,0.0,-1.0538679361343384,,,,,,,,,,,,,,,,
1783990046.830,82943000,78,1,1,0,10.0,25.0,10.0,25.0,8.863048553466797,25.305885314941406,-0.30588507652282715,38.24002456665039,47.669551849365234,0.0,0.0,0.0,1.0,1.0,0.0,1.0786728858947754,,,,,,,,,,,,,,,,
1783990046.840,82953000,79,1,2,0,10.0,25.0,10.0,25.0,8.872498512268066,25.22151756286621,-0.2215176820755005,39.7926025390625,46.83324432373047,0.0,0.0,0.0,1.0,1.0,0.0,-1.1290960311889648,,,,,,,,,,,,,,,,
1783990046.850,82963000,80,1,3,0,10.0,25.0,10.0,25.0,8.899785995483398,25.31822395324707,-0.318223237991333,41.29070281982422,50.1784782409668,0.0,0.0,0.0,1.0,1.0,0.0,1.1754041910171509,,,,,,,,,,,,,,,,
1783990046.860,82973000,81,2,255,0,,,,,,,,,,,,,,,,,0.3499999940395355,-1.149999976158142,3.5485715866088867,2.715714454650879,3.5485715866088867,2.715714454650879,0.0,0.0,0.0,0.0,0.0,0.0,0.0,0.0,0.0,0.0
1783990046.870,82983000,82,1,0,0,10.0,25.0,10.0,25.0,9.508903503417969,25.274654388427734,-0.27465522289276123,35.657100677490234,43.906166076660156,0.0,0.0,0.0,1.0,1.0,0.0,-1.0538679361343384,,,,,,,,,,,,,,,,
1783990046.880,82993000,83,1,1,0,10.0,25.0,10.0,25.0,8.863048553466797,25.305885314941406,-0.30588507652282715,38.24002456665039,47.669551849365234,0.0,0.0,0.0,1.0,1.0,0.0,1.0786728858947754,,,,,,,,,,,,,,,,
1783990046.890,83003000,84,1,2,0,10.0,25.0,10.0,25.0,8.872498512268066,25.22151756286621,-0.2215176820755005,39.7926025390625,46.83324432373047,0.0,0.0,0.0,1.0,1.0,0.0,-1.1290960311889648,,,,,,,,,,,,,,,,
1783990046.900,83013000,85,1,3,0,10.0,25.0,10.0,25.0,8.899785995483398,25.31822395324707,-0.318223237991333,41.29070281982422,50.1784782409668,0.0,0.0,0.0,1.0,1.0,0.0,1.1754041910171509,,,,,,,,,,,,,,,,
1783990046.910,83023000,86,2,255,0,,,,,,,,,,,,,,,,,0.3499999940395355,-1.149999976158142,3.5485715866088867,2.715714454650879,3.5485715866088867,2.715714454650879,0.0,0.0,0.0,0.0,0.0,0.0,0.0,0.0,0.0,0.0
1783990046.920,83033000,87,1,0,0,10.0,25.0,10.0,25.0,9.508903503417969,25.274654388427734,-0.27465522289276123,35.657100677490234,43.906166076660156,0.0,0.0,0.0,1.0,1.0,0.0,-1.0538679361343384,,,,,,,,,,,,,,,,
1783990046.930,83043000,88,1,1,0,10.0,25.0,10.0,25.0,8.863048553466797,25.305885314941406,-0.30588507652282715,38.24002456665039,47.669551849365234,0.0,0.0,0.0,1.0,1.0,0.0,1.0786728858947754,,,,,,,,,,,,,,,,
1783990046.940,83053000,89,1,2,0,10.0,25.0,10.0,25.0,8.872498512268066,25.22151756286621,-0.2215176820755005,39.7926025390625,46.83324432373047,0.0,0.0,0.0,1.0,1.0,0.0,-1.1290960311889648,,,,,,,,,,,,,,,,
1783990046.950,83063000,90,1,3,0,10.0,25.0,10.0,25.0,8.899785995483398,25.31822395324707,-0.318223237991333,41.29070281982422,50.1784782409668,0.0,0.0,0.0,1.0,1.0,0.0,1.1754041910171509,,,,,,,,,,,,,,,,
1783990046.960,83073000,91,2,255,0,,,,,,,,,,,,,,,,,0.3499999940395355,-1.149999976158142,3.5485715866088867,2.715714454650879,3.5485715866088867,2.715714454650879,0.0,0.0,0.0,0.0,0.0,0.0,0.0,0.0,0.0,0.0
1783990046.969,83083000,92,1,0,0,10.0,25.0,10.0,25.0,9.508903503417969,25.274654388427734,-0.27465522289276123,35.657100677490234,43.906166076660156,0.0,0.0,0.0,1.0,1.0,0.0,-1.0538679361343384,,,,,,,,,,,,,,,,
1783990046.980,83093000,93,1,1,0,10.0,25.0,10.0,25.0,8.863048553466797,25.305885314941406,-0.30588507652282715,38.24002456665039,47.669551849365234,0.0,0.0,0.0,1.0,1.0,0.0,1.0786728858947754,,,,,,,,,,,,,,,,
1783990046.990,83103000,94,1,2,0,10.0,25.0,10.0,25.0,8.872498512268066,25.22151756286621,-0.2215176820755005,39.7926025390625,46.83324432373047,0.0,0.0,0.0,1.0,1.0,0.0,-1.1290960311889648,,,,,,,,,,,,,,,,
1783990047.000,83113000,95,1,3,0,10.0,25.0,10.0,25.0,8.899785995483398,25.31822395324707,-0.318223237991333,41.29070281982422,50.1784782409668,0.0,0.0,0.0,1.0,1.0,0.0,1.1754041910171509,,,,,,,,,,,,,,,,
1783990047.010,83123000,96,2,255,0,,,,,,,,,,,,,,,,,0.3499999940395355,-1.149999976158142,3.5485715866088867,2.715714454650879,3.5485715866088867,2.715714454650879,0.0,0.0,0.0,0.0,0.0,0.0,0.0,0.0,0.0,0.0
1783990047.020,83133000,97,1,0,0,10.0,25.0,10.0,25.0,9.508903503417969,25.274654388427734,-0.27465522289276123,35.657100677490234,43.906166076660156,0.0,0.0,0.0,1.0,1.0,0.0,-1.0538679361343384,,,,,,,,,,,,,,,,
1783990047.030,83143000,98,1,1,0,10.0,25.0,10.0,25.0,8.863048553466797,25.305885314941406,-0.30588507652282715,38.24002456665039,47.669551849365234,0.0,0.0,0.0,1.0,1.0,0.0,1.0786728858947754,,,,,,,,,,,,,,,,
1783990047.030,83153000,99,1,2,0,10.0,25.0,10.0,25.0,8.872498512268066,25.22151756286621,-0.2215176820755005,39.7926025390625,46.83324432373047,0.0,0.0,0.0,1.0,1.0,0.0,-1.1290960311889648,,,,,,,,,,,,,,,,
1783990047.050,83163000,100,1,3,0,10.0,25.0,10.0,25.0,8.899785995483398,25.31822395324707,-0.318223237991333,41.29070281982422,50.1784782409668,0.0,0.0,0.0,1.0,1.0,0.0,1.1754041910171509,,,,,,,,,,,,,,,,
1783990047.060,83173000,101,2,255,0,,,,,,,,,,,,,,,,,0.3499999940395355,-1.149999976158142,3.5485715866088867,2.715714454650879,3.5485715866088867,2.715714454650879,0.0,0.0,0.0,0.0,0.0,0.0,0.0,0.0,0.0,0.0
1783990047.071,83183000,102,1,0,0,10.0,25.0,10.0,25.0,9.508903503417969,25.274654388427734,-0.27465522289276123,35.657100677490234,43.906166076660156,0.0,0.0,0.0,1.0,1.0,0.0,-1.0538679361343384,,,,,,,,,,,,,,,,
1783990047.080,83193000,103,1,1,0,10.0,25.0,10.0,25.0,8.863048553466797,25.305885314941406,-0.30588507652282715,38.24002456665039,47.669551849365234,0.0,0.0,0.0,1.0,1.0,0.0,1.0786728858947754,,,,,,,,,,,,,,,,
1783990047.090,83203000,104,1,2,0,10.0,25.0,10.0,25.0,8.872498512268066,25.22151756286621,-0.2215176820755005,39.7926025390625,46.83324432373047,0.0,0.0,0.0,1.0,1.0,0.0,-1.1290960311889648,,,,,,,,,,,,,,,,
1783990047.100,83213000,105,1,3,0,10.0,25.0,10.0,25.0,8.899785995483398,25.31822395324707,-0.318223237991333,41.29070281982422,50.1784782409668,0.0,0.0,0.0,1.0,1.0,0.0,1.1754041910171509,,,,,,,,,,,,,,,,
1783990047.110,83223000,106,2,255,0,,,,,,,,,,,,,,,,,0.3499999940395355,-1.149999976158142,3.5485715866088867,2.715714454650879,3.5485715866088867,2.715714454650879,0.0,0.0,0.0,0.0,0.0,0.0,0.0,0.0,0.0,0.0
1783990047.120,83233000,107,1,0,0,10.0,25.0,10.0,25.0,9.508903503417969,25.274654388427734,-0.27465522289276123,35.657100677490234,43.906166076660156,0.0,0.0,0.0,1.0,1.0,0.0,-1.0538679361343384,,,,,,,,,,,,,,,,
1783990047.129,83243000,108,1,1,0,10.0,25.0,10.0,25.0,8.863048553466797,25.305885314941406,-0.30588507652282715,38.24002456665039,47.669551849365234,0.0,0.0,0.0,1.0,1.0,0.0,1.0786728858947754,,,,,,,,,,,,,,,,
1783990047.140,83253000,109,1,2,0,10.0,25.0,10.0,25.0,8.872498512268066,25.22151756286621,-0.2215176820755005,39.7926025390625,46.83324432373047,0.0,0.0,0.0,1.0,1.0,0.0,-1.1290960311889648,,,,,,,,,,,,,,,,
1783990047.150,83263000,110,1,3,0,10.0,25.0,10.0,25.0,8.899785995483398,25.31822395324707,-0.318223237991333,41.29070281982422,50.1784782409668,0.0,0.0,0.0,1.0,1.0,0.0,1.1754041910171509,,,,,,,,,,,,,,,,
1783990047.160,83273000,111,2,255,0,,,,,,,,,,,,,,,,,0.3499999940395355,-1.149999976158142,3.5485715866088867,2.715714454650879,3.5485715866088867,2.715714454650879,0.0,0.0,0.0,0.0,0.0,0.0,0.0,0.0,0.0,0.0
1783990047.170,83283000,112,1,0,0,10.0,25.0,10.0,25.0,9.508903503417969,25.274654388427734,-0.27465522289276123,35.657100677490234,43.906166076660156,0.0,0.0,0.0,1.0,1.0,0.0,-1.0538679361343384,,,,,,,,,,,,,,,,
1783990047.180,83293000,113,1,1,0,10.0,25.0,10.0,25.0,8.863048553466797,25.305885314941406,-0.30588507652282715,38.24002456665039,47.669551849365234,0.0,0.0,0.0,1.0,1.0,0.0,1.0786728858947754,,,,,,,,,,,,,,,,
1783990047.190,83303000,114,1,2,0,10.0,25.0,10.0,25.0,8.872498512268066,25.22151756286621,-0.2215176820755005,39.7926025390625,46.83324432373047,0.0,0.0,0.0,1.0,1.0,0.0,-1.1290960311889648,,,,,,,,,,,,,,,,
1783990047.200,83313000,115,1,3,0,10.0,25.0,10.0,25.0,8.899785995483398,25.31822395324707,-0.318223237991333,41.29070281982422,50.1784782409668,0.0,0.0,0.0,1.0,1.0,0.0,1.1754041910171509,,,,,,,,,,,,,,,,
1783990047.210,83323000,116,2,255,0,,,,,,,,,,,,,,,,,0.3499999940395355,-1.149999976158142,3.5485715866088867,2.715714454650879,3.5485715866088867,2.715714454650879,0.0,0.0,0.0,0.0,0.0,0.0,0.0,0.0,0.0,0.0
1783990047.220,83333000,117,1,0,0,10.0,25.0,10.0,25.0,9.508903503417969,25.274654388427734,-0.27465522289276123,35.657100677490234,43.906166076660156,0.0,0.0,0.0,1.0,1.0,0.0,-1.0538679361343384,,,,,,,,,,,,,,,,
1783990047.229,83343000,118,1,1,0,10.0,25.0,10.0,25.0,8.863048553466797,25.305885314941406,-0.30588507652282715,38.24002456665039,47.669551849365234,0.0,0.0,0.0,1.0,1.0,0.0,1.0786728858947754,,,,,,,,,,,,,,,,
1783990047.240,83353000,119,1,2,0,10.0,25.0,10.0,25.0,8.872498512268066,25.22151756286621,-0.2215176820755005,39.7926025390625,46.83324432373047,0.0,0.0,0.0,1.0,1.0,0.0,-1.1290960311889648,,,,,,,,,,,,,,,,
1783990047.250,83363000,120,1,3,0,10.0,25.0,10.0,25.0,8.899785995483398,25.31822395324707,-0.318223237991333,41.29070281982422,50.1784782409668,0.0,0.0,0.0,1.0,1.0,0.0,1.1754041910171509,,,,,,,,,,,,,,,,
1783990047.260,83373000,121,2,255,0,,,,,,,,,,,,,,,,,0.3499999940395355,-1.149999976158142,3.5485715866088867,2.715714454650879,3.5485715866088867,2.715714454650879,0.0,0.0,0.0,0.0,0.0,0.0,0.0,0.0,0.0,0.0
1783990047.270,83383000,122,1,0,0,10.0,25.0,10.0,25.0,9.508903503417969,25.274654388427734,-0.27465522289276123,35.657100677490234,43.906166076660156,0.0,0.0,0.0,1.0,1.0,0.0,-1.0538679361343384,,,,,,,,,,,,,,,,
1783990047.280,83393000,123,1,1,0,10.0,25.0,10.0,25.0,8.863048553466797,25.305885314941406,-0.30588507652282715,38.24002456665039,47.669551849365234,0.0,0.0,0.0,1.0,1.0,0.0,1.0786728858947754,,,,,,,,,,,,,,,,
1783990047.290,83403000,124,1,2,0,10.0,25.0,10.0,25.0,8.872498512268066,25.22151756286621,-0.2215176820755005,39.7926025390625,46.83324432373047,0.0,0.0,0.0,1.0,1.0,0.0,-1.1290960311889648,,,,,,,,,,,,,,,,
1783990047.300,83413000,125,1,3,0,10.0,25.0,10.0,25.0,8.899785995483398,25.31822395324707,-0.318223237991333,41.29070281982422,50.1784782409668,0.0,0.0,0.0,1.0,1.0,0.0,1.1754041910171509,,,,,,,,,,,,,,,,
1783990047.309,83423000,126,2,255,0,,,,,,,,,,,,,,,,,0.3499999940395355,-1.149999976158142,3.5485715866088867,2.715714454650879,3.5485715866088867,2.715714454650879,0.0,0.0,0.0,0.0,0.0,0.0,0.0,0.0,0.0,0.0
1783990047.320,83433000,127,1,0,0,10.0,25.0,10.0,25.0,9.508903503417969,25.274654388427734,-0.27465522289276123,35.657100677490234,43.906166076660156,0.0,0.0,0.0,1.0,1.0,0.0,-1.0538679361343384,,,,,,,,,,,,,,,,
1783990047.329,83443000,128,1,1,0,10.0,25.0,10.0,25.0,8.863048553466797,25.305885314941406,-0.30588507652282715,38.24002456665039,47.669551849365234,0.0,0.0,0.0,1.0,1.0,0.0,1.0786728858947754,,,,,,,,,,,,,,,,
1783990047.340,83453000,129,1,2,0,10.0,25.0,10.0,25.0,8.872498512268066,25.22151756286621,-0.2215176820755005,39.7926025390625,46.83324432373047,0.0,0.0,0.0,1.0,1.0,0.0,-1.1290960311889648,,,,,,,,,,,,,,,,
1783990047.350,83463000,130,1,3,0,10.0,25.0,10.0,25.0,8.899785995483398,25.31822395324707,-0.318223237991333,41.29070281982422,50.1784782409668,0.0,0.0,0.0,1.0,1.0,0.0,1.1754041910171509,,,,,,,,,,,,,,,,
1783990047.360,83473000,131,2,255,0,,,,,,,,,,,,,,,,,0.3499999940395355,-1.149999976158142,3.5485715866088867,2.715714454650879,3.5485715866088867,2.715714454650879,0.0,0.0,0.0,0.0,0.0,0.0,0.0,0.0,0.0,0.0
1783990047.369,83483000,132,1,0,0,10.0,25.0,10.0,25.0,9.508903503417969,25.274654388427734,-0.27465522289276123,35.657100677490234,43.906166076660156,0.0,0.0,0.0,1.0,1.0,0.0,-1.0538679361343384,,,,,,,,,,,,,,,,
1783990047.380,83493000,133,1,1,0,10.0,25.0,10.0,25.0,8.863048553466797,25.305885314941406,-0.30588507652282715,38.24002456665039,47.669551849365234,0.0,0.0,0.0,1.0,1.0,0.0,1.0786728858947754,,,,,,,,,,,,,,,,
1783990047.392,83503000,134,1,2,0,10.0,25.0,10.0,25.0,8.872498512268066,25.22151756286621,-0.2215176820755005,39.7926025390625,46.83324432373047,0.0,0.0,0.0,1.0,1.0,0.0,-1.1290960311889648,,,,,,,,,,,,,,,,
1783990047.400,83513000,135,1,3,0,10.0,25.0,10.0,25.0,8.899785995483398,25.31822395324707,-0.318223237991333,41.29070281982422,50.1784782409668,0.0,0.0,0.0,1.0,1.0,0.0,1.1754041910171509,,,,,,,,,,,,,,,,
1783990047.410,83523000,136,2,255,0,,,,,,,,,,,,,,,,,0.3499999940395355,-1.149999976158142,3.5485715866088867,2.715714454650879,3.5485715866088867,2.715714454650879,0.0,0.0,0.0,0.0,0.0,0.0,0.0,0.0,0.0,0.0
1783990047.420,83533000,137,1,0,0,10.0,25.0,10.0,25.0,9.508903503417969,25.274654388427734,-0.27465522289276123,35.657100677490234,43.906166076660156,0.0,0.0,0.0,1.0,1.0,0.0,-1.0538679361343384,,,,,,,,,,,,,,,,
1783990047.430,83543000,138,1,1,0,10.0,25.0,10.0,25.0,8.863048553466797,25.305885314941406,-0.30588507652282715,38.24002456665039,47.669551849365234,0.0,0.0,0.0,1.0,1.0,0.0,1.0786728858947754,,,,,,,,,,,,,,,,
1783990047.440,83553000,139,1,2,0,10.0,25.0,10.0,25.0,8.872498512268066,25.22151756286621,-0.2215176820755005,39.7926025390625,46.83324432373047,0.0,0.0,0.0,1.0,1.0,0.0,-1.1290960311889648,,,,,,,,,,,,,,,,
1783990047.449,83563000,140,1,3,0,10.0,25.0,10.0,25.0,8.899785995483398,25.31822395324707,-0.318223237991333,41.29070281982422,50.1784782409668,0.0,0.0,0.0,1.0,1.0,0.0,1.1754041910171509,,,,,,,,,,,,,,,,
1783990047.460,83573000,141,2,255,0,,,,,,,,,,,,,,,,,0.3499999940395355,-1.149999976158142,3.5485715866088867,2.715714454650879,3.5485715866088867,2.715714454650879,0.0,0.0,0.0,0.0,0.0,0.0,0.0,0.0,0.0,0.0
1783990047.469,83583000,142,1,0,0,10.0,25.0,10.0,25.0,9.508903503417969,25.274654388427734,-0.27465522289276123,35.657100677490234,43.906166076660156,0.0,0.0,0.0,1.0,1.0,0.0,-1.0538679361343384,,,,,,,,,,,,,,,,
1783990047.480,83593000,143,1,1,0,10.0,25.0,10.0,25.0,8.863048553466797,25.305885314941406,-0.30588507652282715,38.24002456665039,47.669551849365234,0.0,0.0,0.0,1.0,1.0,0.0,1.0786728858947754,,,,,,,,,,,,,,,,
1783990047.490,83603000,144,1,2,0,10.0,25.0,10.0,25.0,8.872498512268066,25.22151756286621,-0.2215176820755005,39.7926025390625,46.83324432373047,0.0,0.0,0.0,1.0,1.0,0.0,-1.1290960311889648,,,,,,,,,,,,,,,,
1783990047.500,83613000,145,1,3,0,10.0,25.0,10.0,25.0,8.899785995483398,25.31822395324707,-0.318223237991333,41.29070281982422,50.1784782409668,0.0,0.0,0.0,1.0,1.0,0.0,1.1754041910171509,,,,,,,,,,,,,,,,
1783990047.510,83623000,146,2,255,0,,,,,,,,,,,,,,,,,0.3499999940395355,-1.149999976158142,3.5485715866088867,2.715714454650879,3.5485715866088867,2.715714454650879,0.0,0.0,0.0,0.0,0.0,0.0,0.0,0.0,0.0,0.0
1783990047.520,83633000,147,1,0,0,10.0,25.0,10.0,25.0,9.508903503417969,25.274654388427734,-0.27465522289276123,35.657100677490234,43.906166076660156,0.0,0.0,0.0,1.0,1.0,0.0,-1.0538679361343384,,,,,,,,,,,,,,,,
1783990047.529,83643000,148,1,1,0,10.0,25.0,10.0,25.0,8.863048553466797,25.305885314941406,-0.30588507652282715,38.24002456665039,47.669551849365234,0.0,0.0,0.0,1.0,1.0,0.0,1.0786728858947754,,,,,,,,,,,,,,,,
1783990047.540,83653000,149,1,2,0,10.0,25.0,10.0,25.0,8.872498512268066,25.22151756286621,-0.2215176820755005,39.7926025390625,46.83324432373047,0.0,0.0,0.0,1.0,1.0,0.0,-1.1290960311889648,,,,,,,,,,,,,,,,
1783990047.542,83663000,150,1,3,0,10.0,25.0,10.0,25.0,8.899785995483398,25.31822395324707,-0.318223237991333,41.29070281982422,50.1784782409668,0.0,0.0,0.0,1.0,1.0,0.0,1.1754041910171509,,,,,,,,,,,,,,,,
1783990047.560,83673000,151,2,255,0,,,,,,,,,,,,,,,,,0.3499999940395355,-1.149999976158142,3.5485715866088867,2.715714454650879,3.5485715866088867,2.715714454650879,0.0,0.0,0.0,0.0,0.0,0.0,0.0,0.0,0.0,0.0
1783990047.569,83683000,152,1,0,0,10.0,25.0,10.0,25.0,9.508903503417969,25.274654388427734,-0.27465522289276123,35.657100677490234,43.906166076660156,0.0,0.0,0.0,1.0,1.0,0.0,-1.0538679361343384,,,,,,,,,,,,,,,,
1783990047.580,83693000,153,1,1,0,10.0,25.0,10.0,25.0,8.863048553466797,25.305885314941406,-0.30588507652282715,38.24002456665039,47.669551849365234,0.0,0.0,0.0,1.0,1.0,0.0,1.0786728858947754,,,,,,,,,,,,,,,,
1783990047.589,83703000,154,1,2,0,10.0,25.0,10.0,25.0,8.872498512268066,25.22151756286621,-0.2215176820755005,39.7926025390625,46.83324432373047,0.0,0.0,0.0,1.0,1.0,0.0,-1.1290960311889648,,,,,,,,,,,,,,,,
1783990047.600,83713000,155,1,3,0,10.0,25.0,10.0,25.0,8.899785995483398,25.31822395324707,-0.318223237991333,41.29070281982422,50.1784782409668,0.0,0.0,0.0,1.0,1.0,0.0,1.1754041910171509,,,,,,,,,,,,,,,,
1783990047.609,83723000,156,2,255,0,,,,,,,,,,,,,,,,,0.3499999940395355,-1.149999976158142,3.5485715866088867,2.715714454650879,3.5485715866088867,2.715714454650879,0.0,0.0,0.0,0.0,0.0,0.0,0.0,0.0,0.0,0.0
1783990047.620,83733000,157,1,0,0,10.0,25.0,10.0,25.0,9.508903503417969,25.274654388427734,-0.27465522289276123,35.657100677490234,43.906166076660156,0.0,0.0,0.0,1.0,1.0,0.0,-1.0538679361343384,,,,,,,,,,,,,,,,
1783990047.629,83743000,158,1,1,0,10.0,25.0,10.0,25.0,8.863048553466797,25.305885314941406,-0.30588507652282715,38.24002456665039,47.669551849365234,0.0,0.0,0.0,1.0,1.0,0.0,1.0786728858947754,,,,,,,,,,,,,,,,
1783990047.640,83753000,159,1,2,0,10.0,25.0,10.0,25.0,8.872498512268066,25.22151756286621,-0.2215176820755005,39.7926025390625,46.83324432373047,0.0,0.0,0.0,1.0,1.0,0.0,-1.1290960311889648,,,,,,,,,,,,,,,,
1783990047.649,83763000,160,1,3,0,10.0,25.0,10.0,25.0,8.899785995483398,25.31822395324707,-0.318223237991333,41.29070281982422,50.1784782409668,0.0,0.0,0.0,1.0,1.0,0.0,1.1754041910171509,,,,,,,,,,,,,,,,
1783990047.660,83773000,161,2,255,0,,,,,,,,,,,,,,,,,0.3499999940395355,-1.149999976158142,3.5485715866088867,2.715714454650879,3.5485715866088867,2.715714454650879,0.0,0.0,0.0,0.0,0.0,0.0,0.0,0.0,0.0,0.0
1783990047.669,83783000,162,1,0,0,10.0,25.0,10.0,25.0,9.508903503417969,25.274654388427734,-0.27465522289276123,35.657100677490234,43.906166076660156,0.0,0.0,0.0,1.0,1.0,0.0,-1.0538679361343384,,,,,,,,,,,,,,,,
1783990047.680,83793000,163,1,1,0,10.0,25.0,10.0,25.0,8.863048553466797,25.305885314941406,-0.30588507652282715,38.24002456665039,47.669551849365234,0.0,0.0,0.0,1.0,1.0,0.0,1.0786728858947754,,,,,,,,,,,,,,,,
1783990047.689,83803000,164,1,2,0,10.0,25.0,10.0,25.0,8.872498512268066,25.22151756286621,-0.2215176820755005,39.7926025390625,46.83324432373047,0.0,0.0,0.0,1.0,1.0,0.0,-1.1290960311889648,,,,,,,,,,,,,,,,
1783990047.700,83813000,165,1,3,0,10.0,25.0,10.0,25.0,8.899785995483398,25.31822395324707,-0.318223237991333,41.29070281982422,50.1784782409668,0.0,0.0,0.0,1.0,1.0,0.0,1.1754041910171509,,,,,,,,,,,,,,,,
1783990047.709,83823000,166,2,255,0,,,,,,,,,,,,,,,,,0.3499999940395355,-1.149999976158142,3.5485715866088867,2.715714454650879,3.5485715866088867,2.715714454650879,0.0,0.0,0.0,0.0,0.0,0.0,0.0,0.0,0.0,0.0
1783990047.720,83833000,167,1,0,0,10.0,25.0,10.0,25.0,9.508903503417969,25.274654388427734,-0.27465522289276123,35.657100677490234,43.906166076660156,0.0,0.0,0.0,1.0,1.0,0.0,-1.0538679361343384,,,,,,,,,,,,,,,,
1783990047.729,83843000,168,1,1,0,10.0,25.0,10.0,25.0,8.863048553466797,25.305885314941406,-0.30588507652282715,38.24002456665039,47.669551849365234,0.0,0.0,0.0,1.0,1.0,0.0,1.0786728858947754,,,,,,,,,,,,,,,,
1783990047.740,83853000,169,1,2,0,10.0,25.0,10.0,25.0,8.872498512268066,25.22151756286621,-0.2215176820755005,39.7926025390625,46.83324432373047,0.0,0.0,0.0,1.0,1.0,0.0,-1.1290960311889648,,,,,,,,,,,,,,,,
1783990047.750,83863000,170,1,3,0,10.0,25.0,10.0,25.0,8.899785995483398,25.31822395324707,-0.318223237991333,41.29070281982422,50.1784782409668,0.0,0.0,0.0,1.0,1.0,0.0,1.1754041910171509,,,,,,,,,,,,,,,,
1783990047.760,83873000,171,2,255,0,,,,,,,,,,,,,,,,,0.3499999940395355,-1.149999976158142,3.5485715866088867,2.715714454650879,3.5485715866088867,2.715714454650879,0.0,0.0,0.0,0.0,0.0,0.0,0.0,0.0,0.0,0.0
1783990047.769,83883000,172,1,0,0,10.0,25.0,10.0,25.0,9.508903503417969,25.274654388427734,-0.27465522289276123,35.657100677490234,43.906166076660156,0.0,0.0,0.0,1.0,1.0,0.0,-1.0538679361343384,,,,,,,,,,,,,,,,
1783990047.780,83893000,173,1,1,0,10.0,25.0,10.0,25.0,8.863048553466797,25.305885314941406,-0.30588507652282715,38.24002456665039,47.669551849365234,0.0,0.0,0.0,1.0,1.0,0.0,1.0786728858947754,,,,,,,,,,,,,,,,
1783990047.790,83903000,174,1,2,0,10.0,25.0,10.0,25.0,8.872498512268066,25.22151756286621,-0.2215176820755005,39.7926025390625,46.83324432373047,0.0,0.0,0.0,1.0,1.0,0.0,-1.1290960311889648,,,,,,,,,,,,,,,,
1783990047.800,83913000,175,1,3,0,10.0,25.0,10.0,25.0,8.899785995483398,25.31822395324707,-0.318223237991333,41.29070281982422,50.1784782409668,0.0,0.0,0.0,1.0,1.0,0.0,1.1754041910171509,,,,,,,,,,,,,,,,
1783990047.809,83923000,176,2,255,0,,,,,,,,,,,,,,,,,0.3499999940395355,-1.149999976158142,3.5485715866088867,2.715714454650879,3.5485715866088867,2.715714454650879,0.0,0.0,0.0,0.0,0.0,0.0,0.0,0.0,0.0,0.0
1783990047.820,83933000,177,1,0,0,10.0,25.0,10.0,25.0,9.508903503417969,25.274654388427734,-0.27465522289276123,35.657100677490234,43.906166076660156,0.0,0.0,0.0,1.0,1.0,0.0,-1.0538679361343384,,,,,,,,,,,,,,,,
1783990047.829,83943000,178,1,1,0,10.0,25.0,10.0,25.0,8.863048553466797,25.305885314941406,-0.30588507652282715,38.24002456665039,47.669551849365234,0.0,0.0,0.0,1.0,1.0,0.0,1.0786728858947754,,,,,,,,,,,,,,,,
1783990047.840,83953000,179,1,2,0,10.0,25.0,10.0,25.0,8.872498512268066,25.22151756286621,-0.2215176820755005,39.7926025390625,46.83324432373047,0.0,0.0,0.0,1.0,1.0,0.0,-1.1290960311889648,,,,,,,,,,,,,,,,
1783990047.849,83963000,180,1,3,0,10.0,25.0,10.0,25.0,8.899785995483398,25.31822395324707,-0.318223237991333,41.29070281982422,50.1784782409668,0.0,0.0,0.0,1.0,1.0,0.0,1.1754041910171509,,,,,,,,,,,,,,,,
1783990047.860,83973000,181,2,255,0,,,,,,,,,,,,,,,,,0.3499999940395355,-1.149999976158142,3.5485715866088867,2.715714454650879,3.5485715866088867,2.715714454650879,0.0,0.0,0.0,0.0,0.0,0.0,0.0,0.0,0.0,0.0
1783990047.870,83983000,182,1,0,0,10.0,25.0,10.0,25.0,9.508903503417969,25.274654388427734,-0.27465522289276123,35.657100677490234,43.906166076660156,0.0,0.0,0.0,1.0,1.0,0.0,-1.0538679361343384,,,,,,,,,,,,,,,,
1783990047.880,83993000,183,1,1,0,10.0,25.0,10.0,25.0,8.863048553466797,25.305885314941406,-0.30588507652282715,38.24002456665039,47.669551849365234,0.0,0.0,0.0,1.0,1.0,0.0,1.0786728858947754,,,,,,,,,,,,,,,,
1783990047.890,84003000,184,1,2,0,10.0,25.0,10.0,25.0,8.872498512268066,25.22151756286621,-0.2215176820755005,39.7926025390625,46.83324432373047,0.0,0.0,0.0,1.0,1.0,0.0,-1.1290960311889648,,,,,,,,,,,,,,,,
1783990047.900,84013000,185,1,3,0,10.0,25.0,10.0,25.0,8.899785995483398,25.31822395324707,-0.318223237991333,41.29070281982422,50.1784782409668,0.0,0.0,0.0,1.0,1.0,0.0,1.1754041910171509,,,,,,,,,,,,,,,,
1783990047.910,84023000,186,2,255,0,,,,,,,,,,,,,,,,,0.3499999940395355,-1.149999976158142,3.5485715866088867,2.715714454650879,3.5485715866088867,2.715714454650879,0.0,0.0,0.0,0.0,0.0,0.0,0.0,0.0,0.0,0.0
1783990047.920,84033000,187,1,0,0,10.0,25.0,10.0,25.0,9.508903503417969,25.274654388427734,-0.27465522289276123,35.657100677490234,43.906166076660156,0.0,0.0,0.0,1.0,1.0,0.0,-1.0538679361343384,,,,,,,,,,,,,,,,
1783990047.929,84043000,188,1,1,0,10.0,25.0,10.0,25.0,8.863048553466797,25.305885314941406,-0.30588507652282715,38.24002456665039,47.669551849365234,0.0,0.0,0.0,1.0,1.0,0.0,1.0786728858947754,,,,,,,,,,,,,,,,
1783990047.940,84053000,189,1,2,0,10.0,25.0,10.0,25.0,8.872498512268066,25.22151756286621,-0.2215176820755005,39.7926025390625,46.83324432373047,0.0,0.0,0.0,1.0,1.0,0.0,-1.1290960311889648,,,,,,,,,,,,,,,,
1783990047.950,84063000,190,1,3,0,10.0,25.0,10.0,25.0,8.899785995483398,25.31822395324707,-0.318223237991333,41.29070281982422,50.1784782409668,0.0,0.0,0.0,1.0,1.0,0.0,1.1754041910171509,,,,,,,,,,,,,,,,
1783990047.960,84073000,191,2,255,0,,,,,,,,,,,,,,,,,0.3499999940395355,-1.149999976158142,3.5485715866088867,2.715714454650879,3.5485715866088867,2.715714454650879,0.0,0.0,0.0,0.0,0.0,0.0,0.0,0.0,0.0,0.0
1783990047.970,84083000,192,1,0,0,10.0,25.0,10.0,25.0,9.508903503417969,25.274654388427734,-0.27465522289276123,35.657100677490234,43.906166076660156,0.0,0.0,0.0,1.0,1.0,0.0,-1.0538679361343384,,,,,,,,,,,,,,,,
1783990047.980,84093000,193,1,1,0,10.0,25.0,10.0,25.0,8.863048553466797,25.305885314941406,-0.30588507652282715,38.24002456665039,47.669551849365234,0.0,0.0,0.0,1.0,1.0,0.0,1.0786728858947754,,,,,,,,,,,,,,,,
1783990047.990,84103000,194,1,2,0,10.0,25.0,10.0,25.0,8.872498512268066,25.22151756286621,-0.2215176820755005,39.7926025390625,46.83324432373047,0.0,0.0,0.0,1.0,1.0,0.0,-1.1290960311889648,,,,,,,,,,,,,,,,
1783990048.000,84113000,195,1,3,0,10.0,25.0,10.0,25.0,8.899785995483398,25.31822395324707,-0.318223237991333,41.29070281982422,50.1784782409668,0.0,0.0,0.0,1.0,1.0,0.0,1.1754041910171509,,,,,,,,,,,,,,,,
1783990048.009,84123000,196,2,255,0,,,,,,,,,,,,,,,,,0.3499999940395355,-1.149999976158142,3.5485715866088867,2.715714454650879,3.5485715866088867,2.715714454650879,0.0,0.0,0.0,0.0,0.0,0.0,0.0,0.0,0.0,0.0
1783990048.020,84133000,197,1,0,0,10.0,25.0,10.0,25.0,9.508903503417969,25.274654388427734,-0.27465522289276123,35.657100677490234,43.906166076660156,0.0,0.0,0.0,1.0,1.0,0.0,-1.0538679361343384,,,,,,,,,,,,,,,,
1783990048.029,84143000,198,1,1,0,10.0,25.0,10.0,25.0,8.863048553466797,25.305885314941406,-0.30588507652282715,38.24002456665039,47.669551849365234,0.0,0.0,0.0,1.0,1.0,0.0,1.0786728858947754,,,,,,,,,,,,,,,,
1783990048.040,84153000,199,1,2,0,10.0,25.0,10.0,25.0,8.872498512268066,25.22151756286621,-0.2215176820755005,39.7926025390625,46.83324432373047,0.0,0.0,0.0,1.0,1.0,0.0,-1.1290960311889648,,,,,,,,,,,,,,,,
1783990048.049,84163000,200,1,3,0,10.0,25.0,10.0,25.0,8.899785995483398,25.31822395324707,-0.318223237991333,41.29070281982422,50.1784782409668,0.0,0.0,0.0,1.0,1.0,0.0,1.1754041910171509,,,,,,,,,,,,,,,,
1783990048.060,84173000,201,2,255,0,,,,,,,,,,,,,,,,,0.3499999940395355,-1.149999976158142,3.5485715866088867,2.715714454650879,3.5485715866088867,2.715714454650879,0.0,0.0,0.0,0.0,0.0,0.0,0.0,0.0,0.0,0.0
1783990048.069,84183000,202,1,0,0,10.0,25.0,10.0,25.0,9.508903503417969,25.274654388427734,-0.27465522289276123,35.657100677490234,43.906166076660156,0.0,0.0,0.0,1.0,1.0,0.0,-1.0538679361343384,,,,,,,,,,,,,,,,
1783990048.080,84193000,203,1,1,0,10.0,25.0,10.0,25.0,8.863048553466797,25.305885314941406,-0.30588507652282715,38.24002456665039,47.669551849365234,0.0,0.0,0.0,1.0,1.0,0.0,1.0786728858947754,,,,,,,,,,,,,,,,
1783990048.089,84203000,204,1,2,0,10.0,25.0,10.0,25.0,8.872498512268066,25.22151756286621,-0.2215176820755005,39.7926025390625,46.83324432373047,0.0,0.0,0.0,1.0,1.0,0.0,-1.1290960311889648,,,,,,,,,,,,,,,,
1783990048.100,84213000,205,1,3,0,10.0,25.0,10.0,25.0,8.899785995483398,25.31822395324707,-0.318223237991333,41.29070281982422,50.1784782409668,0.0,0.0,0.0,1.0,1.0,0.0,1.1754041910171509,,,,,,,,,,,,,,,,
1783990048.109,84223000,206,2,255,0,,,,,,,,,,,,,,,,,0.3499999940395355,-1.149999976158142,3.5485715866088867,2.715714454650879,3.5485715866088867,2.715714454650879,0.0,0.0,0.0,0.0,0.0,0.0,0.0,0.0,0.0,0.0
1783990048.120,84233000,207,1,0,0,10.0,25.0,10.0,25.0,9.508903503417969,25.274654388427734,-0.27465522289276123,35.657100677490234,43.906166076660156,0.0,0.0,0.0,1.0,1.0,0.0,-1.0538679361343384,,,,,,,,,,,,,,,,
1783990048.130,84243000,208,1,1,0,10.0,25.0,10.0,25.0,8.863048553466797,25.305885314941406,-0.30588507652282715,38.24002456665039,47.669551849365234,0.0,0.0,0.0,1.0,1.0,0.0,1.0786728858947754,,,,,,,,,,,,,,,,
1783990048.140,84253000,209,1,2,0,10.0,25.0,10.0,25.0,8.872498512268066,25.22151756286621,-0.2215176820755005,39.7926025390625,46.83324432373047,0.0,0.0,0.0,1.0,1.0,0.0,-1.1290960311889648,,,,,,,,,,,,,,,,
1783990048.149,84263000,210,1,3,0,10.0,25.0,10.0,25.0,8.899785995483398,25.31822395324707,-0.318223237991333,41.29070281982422,50.1784782409668,0.0,0.0,0.0,1.0,1.0,0.0,1.1754041910171509,,,,,,,,,,,,,,,,
1783990048.160,84273000,211,2,255,0,,,,,,,,,,,,,,,,,0.3499999940395355,-1.149999976158142,3.5485715866088867,2.715714454650879,3.5485715866088867,2.715714454650879,0.0,0.0,0.0,0.0,0.0,0.0,0.0,0.0,0.0,0.0
1783990048.169,84283000,212,1,0,0,10.0,25.0,10.0,25.0,9.508903503417969,25.274654388427734,-0.27465522289276123,35.657100677490234,43.906166076660156,0.0,0.0,0.0,1.0,1.0,0.0,-1.0538679361343384,,,,,,,,,,,,,,,,
1783990048.180,84293000,213,1,1,0,10.0,25.0,10.0,25.0,8.863048553466797,25.305885314941406,-0.30588507652282715,38.24002456665039,47.669551849365234,0.0,0.0,0.0,1.0,1.0,0.0,1.0786728858947754,,,,,,,,,,,,,,,,
1783990048.189,84303000,214,1,2,0,10.0,25.0,10.0,25.0,8.872498512268066,25.22151756286621,-0.2215176820755005,39.7926025390625,46.83324432373047,0.0,0.0,0.0,1.0,1.0,0.0,-1.1290960311889648,,,,,,,,,,,,,,,,
1783990048.200,84313000,215,1,3,0,10.0,25.0,10.0,25.0,8.899785995483398,25.31822395324707,-0.318223237991333,41.29070281982422,50.1784782409668,0.0,0.0,0.0,1.0,1.0,0.0,1.1754041910171509,,,,,,,,,,,,,,,,
1783990048.209,84323000,216,2,255,0,,,,,,,,,,,,,,,,,0.3499999940395355,-1.149999976158142,3.5485715866088867,2.715714454650879,3.5485715866088867,2.715714454650879,0.0,0.0,0.0,0.0,0.0,0.0,0.0,0.0,0.0,0.0
1783990048.220,84333000,217,1,0,0,10.0,25.0,10.0,25.0,9.508903503417969,25.274654388427734,-0.27465522289276123,35.657100677490234,43.906166076660156,0.0,0.0,0.0,1.0,1.0,0.0,-1.0538679361343384,,,,,,,,,,,,,,,,
1783990048.229,84343000,218,1,1,0,10.0,25.0,10.0,25.0,8.863048553466797,25.305885314941406,-0.30588507652282715,38.24002456665039,47.669551849365234,0.0,0.0,0.0,1.0,1.0,0.0,1.0786728858947754,,,,,,,,,,,,,,,,
1783990048.240,84353000,219,1,2,0,10.0,25.0,10.0,25.0,8.872498512268066,25.22151756286621,-0.2215176820755005,39.7926025390625,46.83324432373047,0.0,0.0,0.0,1.0,1.0,0.0,-1.1290960311889648,,,,,,,,,,,,,,,,
1783990048.250,84363000,220,1,3,0,10.0,25.0,10.0,25.0,8.899785995483398,25.31822395324707,-0.318223237991333,41.29070281982422,50.1784782409668,0.0,0.0,0.0,1.0,1.0,0.0,1.1754041910171509,,,,,,,,,,,,,,,,
1783990048.260,84373000,221,2,255,0,,,,,,,,,,,,,,,,,0.3499999940395355,-1.149999976158142,3.5485715866088867,2.715714454650879,3.5485715866088867,2.715714454650879,0.0,0.0,0.0,0.0,0.0,0.0,0.0,0.0,0.0,0.0
1783990048.269,84383000,222,1,0,0,10.0,25.0,10.0,25.0,9.508903503417969,25.274654388427734,-0.27465522289276123,35.657100677490234,43.906166076660156,0.0,0.0,0.0,1.0,1.0,0.0,-1.0538679361343384,,,,,,,,,,,,,,,,
1783990048.280,84393000,223,1,1,0,10.0,25.0,10.0,25.0,8.863048553466797,25.305885314941406,-0.30588507652282715,38.24002456665039,47.669551849365234,0.0,0.0,0.0,1.0,1.0,0.0,1.0786728858947754,,,,,,,,,,,,,,,,
1783990048.289,84403000,224,1,2,0,10.0,25.0,10.0,25.0,8.872498512268066,25.22151756286621,-0.2215176820755005,39.7926025390625,46.83324432373047,0.0,0.0,0.0,1.0,1.0,0.0,-1.1290960311889648,,,,,,,,,,,,,,,,
1783990048.300,84413000,225,1,3,0,10.0,25.0,10.0,25.0,8.899785995483398,25.31822395324707,-0.318223237991333,41.29070281982422,50.1784782409668,0.0,0.0,0.0,1.0,1.0,0.0,1.1754041910171509,,,,,,,,,,,,,,,,
1783990048.309,84423000,226,2,255,0,,,,,,,,,,,,,,,,,0.3499999940395355,-1.149999976158142,3.5485715866088867,2.715714454650879,3.5485715866088867,2.715714454650879,0.0,0.0,0.0,0.0,0.0,0.0,0.0,0.0,0.0,0.0
1783990048.310,84433000,227,1,0,0,10.0,25.0,10.0,25.0,9.508903503417969,25.274654388427734,-0.27465522289276123,35.657100677490234,43.906166076660156,0.0,0.0,0.0,1.0,1.0,0.0,-1.0538679361343384,,,,,,,,,,,,,,,,
1783990048.329,84443000,228,1,1,0,10.0,25.0,10.0,25.0,8.863048553466797,25.305885314941406,-0.30588507652282715,38.24002456665039,47.669551849365234,0.0,0.0,0.0,1.0,1.0,0.0,1.0786728858947754,,,,,,,,,,,,,,,,
1783990048.340,84453000,229,1,2,0,10.0,25.0,10.0,25.0,8.872498512268066,25.22151756286621,-0.2215176820755005,39.7926025390625,46.83324432373047,0.0,0.0,0.0,1.0,1.0,0.0,-1.1290960311889648,,,,,,,,,,,,,,,,
1783990048.349,84463000,230,1,3,0,10.0,25.0,10.0,25.0,8.899785995483398,25.31822395324707,-0.318223237991333,41.29070281982422,50.1784782409668,0.0,0.0,0.0,1.0,1.0,0.0,1.1754041910171509,,,,,,,,,,,,,,,,
1783990048.360,84473000,231,2,255,0,,,,,,,,,,,,,,,,,0.3499999940395355,-1.149999976158142,3.5485715866088867,2.715714454650879,3.5485715866088867,2.715714454650879,0.0,0.0,0.0,0.0,0.0,0.0,0.0,0.0,0.0,0.0
1783990048.369,84483000,232,1,0,0,10.0,25.0,10.0,25.0,9.508903503417969,25.274654388427734,-0.27465522289276123,35.657100677490234,43.906166076660156,0.0,0.0,0.0,1.0,1.0,0.0,-1.0538679361343384,,,,,,,,,,,,,,,,
1783990048.380,84493000,233,1,1,0,10.0,25.0,10.0,25.0,8.863048553466797,25.305885314941406,-0.30588507652282715,38.24002456665039,47.669551849365234,0.0,0.0,0.0,1.0,1.0,0.0,1.0786728858947754,,,,,,,,,,,,,,,,
1783990048.389,84503000,234,1,2,0,10.0,25.0,10.0,25.0,8.872498512268066,25.22151756286621,-0.2215176820755005,39.7926025390625,46.83324432373047,0.0,0.0,0.0,1.0,1.0,0.0,-1.1290960311889648,,,,,,,,,,,,,,,,
1783990048.400,84513000,235,1,3,0,10.0,25.0,10.0,25.0,8.899785995483398,25.31822395324707,-0.318223237991333,41.29070281982422,50.1784782409668,0.0,0.0,0.0,1.0,1.0,0.0,1.1754041910171509,,,,,,,,,,,,,,,,
1783990048.409,84523000,236,2,255,0,,,,,,,,,,,,,,,,,0.3499999940395355,-1.149999976158142,3.5485715866088867,2.715714454650879,3.5485715866088867,2.715714454650879,0.0,0.0,0.0,0.0,0.0,0.0,0.0,0.0,0.0,0.0
1783990048.420,84533000,237,1,0,0,10.0,25.0,10.0,25.0,9.508903503417969,25.274654388427734,-0.27465522289276123,35.657100677490234,43.906166076660156,0.0,0.0,0.0,1.0,1.0,0.0,-1.0538679361343384,,,,,,,,,,,,,,,,
1783990048.429,84543000,238,1,1,0,10.0,25.0,10.0,25.0,8.863048553466797,25.305885314941406,-0.30588507652282715,38.24002456665039,47.669551849365234,0.0,0.0,0.0,1.0,1.0,0.0,1.0786728858947754,,,,,,,,,,,,,,,,
1783990048.440,84553000,239,1,2,0,10.0,25.0,10.0,25.0,8.872498512268066,25.22151756286621,-0.2215176820755005,39.7926025390625,46.83324432373047,0.0,0.0,0.0,1.0,1.0,0.0,-1.1290960311889648,,,,,,,,,,,,,,,,
1783990048.450,84563000,240,1,3,0,10.0,25.0,10.0,25.0,8.899785995483398,25.31822395324707,-0.318223237991333,41.29070281982422,50.1784782409668,0.0,0.0,0.0,1.0,1.0,0.0,1.1754041910171509,,,,,,,,,,,,,,,,
1783990048.460,84573000,241,2,255,0,,,,,,,,,,,,,,,,,0.3499999940395355,-1.149999976158142,3.5485715866088867,2.715714454650879,3.5485715866088867,2.715714454650879,0.0,0.0,0.0,0.0,0.0,0.0,0.0,0.0,0.0,0.0
1783990048.469,84583000,242,1,0,0,10.0,25.0,10.0,25.0,9.508903503417969,25.274654388427734,-0.27465522289276123,35.657100677490234,43.906166076660156,0.0,0.0,0.0,1.0,1.0,0.0,-1.0538679361343384,,,,,,,,,,,,,,,,
1783990048.480,84593000,243,1,1,0,10.0,25.0,10.0,25.0,8.863048553466797,25.305885314941406,-0.30588507652282715,38.24002456665039,47.669551849365234,0.0,0.0,0.0,1.0,1.0,0.0,1.0786728858947754,,,,,,,,,,,,,,,,
1783990048.490,84603000,244,1,2,0,10.0,25.0,10.0,25.0,8.872498512268066,25.22151756286621,-0.2215176820755005,39.7926025390625,46.83324432373047,0.0,0.0,0.0,1.0,1.0,0.0,-1.1290960311889648,,,,,,,,,,,,,,,,
1783990048.500,84613000,245,1,3,0,10.0,25.0,10.0,25.0,8.899785995483398,25.31822395324707,-0.318223237991333,41.29070281982422,50.1784782409668,0.0,0.0,0.0,1.0,1.0,0.0,1.1754041910171509,,,,,,,,,,,,,,,,
1783990048.509,84623000,246,2,255,0,,,,,,,,,,,,,,,,,0.3499999940395355,-1.149999976158142,3.5485715866088867,2.715714454650879,3.5485715866088867,2.715714454650879,0.0,0.0,0.0,0.0,0.0,0.0,0.0,0.0,0.0,0.0
1783990048.520,84633000,247,1,0,0,10.0,25.0,10.0,25.0,9.508903503417969,25.274654388427734,-0.27465522289276123,35.657100677490234,43.906166076660156,0.0,0.0,0.0,1.0,1.0,0.0,-1.0538679361343384,,,,,,,,,,,,,,,,
1783990048.529,84643000,248,1,1,0,10.0,25.0,10.0,25.0,8.863048553466797,25.305885314941406,-0.30588507652282715,38.24002456665039,47.669551849365234,0.0,0.0,0.0,1.0,1.0,0.0,1.0786728858947754,,,,,,,,,,,,,,,,
1783990048.540,84653000,249,1,2,0,10.0,25.0,10.0,25.0,8.872498512268066,25.22151756286621,-0.2215176820755005,39.7926025390625,46.83324432373047,0.0,0.0,0.0,1.0,1.0,0.0,-1.1290960311889648,,,,,,,,,,,,,,,,
1783990048.549,84663000,250,1,3,0,10.0,25.0,10.0,25.0,8.899785995483398,25.31822395324707,-0.318223237991333,41.29070281982422,50.1784782409668,0.0,0.0,0.0,1.0,1.0,0.0,1.1754041910171509,,,,,,,,,,,,,,,,
1783990048.560,84673000,251,2,255,0,,,,,,,,,,,,,,,,,0.3499999940395355,-1.149999976158142,3.5485715866088867,2.715714454650879,3.5485715866088867,2.715714454650879,0.0,0.0,0.0,0.0,0.0,0.0,0.0,0.0,0.0,0.0
1783990048.569,84683000,252,1,0,0,10.0,25.0,10.0,25.0,9.508903503417969,25.274654388427734,-0.27465522289276123,35.657100677490234,43.906166076660156,0.0,0.0,0.0,1.0,1.0,0.0,-1.0538679361343384,,,,,,,,,,,,,,,,
1783990048.580,84693000,253,1,1,0,10.0,25.0,10.0,25.0,8.863048553466797,25.305885314941406,-0.30588507652282715,38.24002456665039,47.669551849365234,0.0,0.0,0.0,1.0,1.0,0.0,1.0786728858947754,,,,,,,,,,,,,,,,
1783990048.589,84703000,254,1,2,0,10.0,25.0,10.0,25.0,8.872498512268066,25.22151756286621,-0.2215176820755005,39.7926025390625,46.83324432373047,0.0,0.0,0.0,1.0,1.0,0.0,-1.1290960311889648,,,,,,,,,,,,,,,,
1783990048.600,84713000,255,1,3,0,10.0,25.0,10.0,25.0,8.899785995483398,25.31822395324707,-0.318223237991333,41.29070281982422,50.1784782409668,0.0,0.0,0.0,1.0,1.0,0.0,1.1754041910171509,,,,,,,,,,,,,,,,
1783990048.609,84723000,0,2,255,0,,,,,,,,,,,,,,,,,0.3499999940395355,-1.149999976158142,3.5485715866088867,2.715714454650879,3.5485715866088867,2.715714454650879,0.0,0.0,0.0,0.0,0.0,0.0,0.0,0.0,0.0,0.0
1783990048.620,84733000,1,1,0,0,10.0,25.0,10.0,25.0,9.508903503417969,25.274654388427734,-0.27465522289276123,35.657100677490234,43.906166076660156,0.0,0.0,0.0,1.0,1.0,0.0,-1.0538679361343384,,,,,,,,,,,,,,,,
1783990048.629,84743000,2,1,1,0,10.0,25.0,10.0,25.0,8.863048553466797,25.305885314941406,-0.30588507652282715,38.24002456665039,47.669551849365234,0.0,0.0,0.0,1.0,1.0,0.0,1.0786728858947754,,,,,,,,,,,,,,,,
1783990048.640,84753000,3,1,2,0,10.0,25.0,10.0,25.0,8.872498512268066,25.22151756286621,-0.2215176820755005,39.7926025390625,46.83324432373047,0.0,0.0,0.0,1.0,1.0,0.0,-1.1290960311889648,,,,,,,,,,,,,,,,
1783990048.649,84763000,4,1,3,0,10.0,25.0,10.0,25.0,8.899785995483398,25.31822395324707,-0.318223237991333,41.29070281982422,50.1784782409668,0.0,0.0,0.0,1.0,1.0,0.0,1.1754041910171509,,,,,,,,,,,,,,,,
1783990048.660,84773000,5,2,255,0,,,,,,,,,,,,,,,,,0.3499999940395355,-1.149999976158142,3.5485715866088867,2.715714454650879,3.5485715866088867,2.715714454650879,0.0,0.0,0.0,0.0,0.0,0.0,0.0,0.0,0.0,0.0
1783990048.669,84783000,6,1,0,0,10.0,25.0,10.0,25.0,9.508903503417969,25.274654388427734,-0.27465522289276123,35.657100677490234,43.906166076660156,0.0,0.0,0.0,1.0,1.0,0.0,-1.0538679361343384,,,,,,,,,,,,,,,,
1783990048.680,84793000,7,1,1,0,10.0,25.0,10.0,25.0,8.863048553466797,25.305885314941406,-0.30588507652282715,38.24002456665039,47.669551849365234,0.0,0.0,0.0,1.0,1.0,0.0,1.0786728858947754,,,,,,,,,,,,,,,,
1783990048.689,84803000,8,1,2,0,10.0,25.0,10.0,25.0,8.872498512268066,25.22151756286621,-0.2215176820755005,39.7926025390625,46.83324432373047,0.0,0.0,0.0,1.0,1.0,0.0,-1.1290960311889648,,,,,,,,,,,,,,,,
1783990048.700,84813000,9,1,3,0,10.0,25.0,10.0,25.0,8.899785995483398,25.31822395324707,-0.318223237991333,41.29070281982422,50.1784782409668,0.0,0.0,0.0,1.0,1.0,0.0,1.1754041910171509,,,,,,,,,,,,,,,,
1783990048.709,84823000,10,2,255,0,,,,,,,,,,,,,,,,,0.3499999940395355,-1.149999976158142,3.5485715866088867,2.715714454650879,3.5485715866088867,2.715714454650879,0.0,0.0,0.0,0.0,0.0,0.0,0.0,0.0,0.0,0.0
1783990048.720,84833000,11,1,0,0,10.0,25.0,10.0,25.0,9.508903503417969,25.274654388427734,-0.27465522289276123,35.657100677490234,43.906166076660156,0.0,0.0,0.0,1.0,1.0,0.0,-1.0538679361343384,,,,,,,,,,,,,,,,
1783990048.729,84843000,12,1,1,0,10.0,25.0,10.0,25.0,8.863048553466797,25.305885314941406,-0.30588507652282715,38.24002456665039,47.669551849365234,0.0,0.0,0.0,1.0,1.0,0.0,1.0786728858947754,,,,,,,,,,,,,,,,
1783990048.740,84853000,13,1,2,0,10.0,25.0,10.0,25.0,8.872498512268066,25.22151756286621,-0.2215176820755005,39.7926025390625,46.83324432373047,0.0,0.0,0.0,1.0,1.0,0.0,-1.1290960311889648,,,,,,,,,,,,,,,,
1783990048.749,84863000,14,1,3,0,10.0,25.0,10.0,25.0,8.899785995483398,25.31822395324707,-0.318223237991333,41.29070281982422,50.1784782409668,0.0,0.0,0.0,1.0,1.0,0.0,1.1754041910171509,,,,,,,,,,,,,,,,
1783990048.760,84873000,15,2,255,0,,,,,,,,,,,,,,,,,0.3499999940395355,-1.149999976158142,3.5485715866088867,2.715714454650879,3.5485715866088867,2.715714454650879,0.0,0.0,0.0,0.0,0.0,0.0,0.0,0.0,0.0,0.0
1783990048.769,84883000,16,1,0,0,10.0,25.0,10.0,25.0,9.508903503417969,25.274654388427734,-0.27465522289276123,35.657100677490234,43.906166076660156,0.0,0.0,0.0,1.0,1.0,0.0,-1.0538679361343384,,,,,,,,,,,,,,,,
1783990048.780,84893000,17,1,1,0,10.0,25.0,10.0,25.0,8.863048553466797,25.305885314941406,-0.30588507652282715,38.24002456665039,47.669551849365234,0.0,0.0,0.0,1.0,1.0,0.0,1.0786728858947754,,,,,,,,,,,,,,,,
1783990048.789,84903000,18,1,2,0,10.0,25.0,10.0,25.0,8.872498512268066,25.22151756286621,-0.2215176820755005,39.7926025390625,46.83324432373047,0.0,0.0,0.0,1.0,1.0,0.0,-1.1290960311889648,,,,,,,,,,,,,,,,
1783990048.800,84913000,19,1,3,0,10.0,25.0,10.0,25.0,8.899785995483398,25.31822395324707,-0.318223237991333,41.29070281982422,50.1784782409668,0.0,0.0,0.0,1.0,1.0,0.0,1.1754041910171509,,,,,,,,,,,,,,,,
1783990048.809,84923000,20,2,255,0,,,,,,,,,,,,,,,,,0.3499999940395355,-1.149999976158142,3.5485715866088867,2.715714454650879,3.5485715866088867,2.715714454650879,0.0,0.0,0.0,0.0,0.0,0.0,0.0,0.0,0.0,0.0
1783990048.820,84933000,21,1,0,0,10.0,25.0,10.0,25.0,9.508903503417969,25.274654388427734,-0.27465522289276123,35.657100677490234,43.906166076660156,0.0,0.0,0.0,1.0,1.0,0.0,-1.0538679361343384,,,,,,,,,,,,,,,,
1783990048.820,84943000,22,1,1,0,10.0,25.0,10.0,25.0,8.863048553466797,25.305885314941406,-0.30588507652282715,38.24002456665039,47.669551849365234,0.0,0.0,0.0,1.0,1.0,0.0,1.0786728858947754,,,,,,,,,,,,,,,,
1783990048.840,84953000,23,1,2,0,10.0,25.0,10.0,25.0,8.872498512268066,25.22151756286621,-0.2215176820755005,39.7926025390625,46.83324432373047,0.0,0.0,0.0,1.0,1.0,0.0,-1.1290960311889648,,,,,,,,,,,,,,,,
1783990048.849,84963000,24,1,3,0,10.0,25.0,10.0,25.0,8.899785995483398,25.31822395324707,-0.318223237991333,41.29070281982422,50.1784782409668,0.0,0.0,0.0,1.0,1.0,0.0,1.1754041910171509,,,,,,,,,,,,,,,,
1783990048.860,84973000,25,2,255,0,,,,,,,,,,,,,,,,,0.3499999940395355,-1.149999976158142,3.5485715866088867,2.715714454650879,3.5485715866088867,2.715714454650879,0.0,0.0,0.0,0.0,0.0,0.0,0.0,0.0,0.0,0.0
1783990048.870,84983000,26,1,0,0,10.0,25.0,10.0,25.0,9.508903503417969,25.274654388427734,-0.27465522289276123,35.657100677490234,43.906166076660156,0.0,0.0,0.0,1.0,1.0,0.0,-1.0538679361343384,,,,,,,,,,,,,,,,
1783990048.880,84993000,27,1,1,0,10.0,25.0,10.0,25.0,8.863048553466797,25.305885314941406,-0.30588507652282715,38.24002456665039,47.669551849365234,0.0,0.0,0.0,1.0,1.0,0.0,1.0786728858947754,,,,,,,,,,,,,,,,
1783990048.890,85003000,28,1,2,0,10.0,25.0,10.0,25.0,8.872498512268066,25.22151756286621,-0.2215176820755005,39.7926025390625,46.83324432373047,0.0,0.0,0.0,1.0,1.0,0.0,-1.1290960311889648,,,,,,,,,,,,,,,,
1783990048.900,85013000,29,1,3,0,10.0,25.0,10.0,25.0,8.899785995483398,25.31822395324707,-0.318223237991333,41.29070281982422,50.1784782409668,0.0,0.0,0.0,1.0,1.0,0.0,1.1754041910171509,,,,,,,,,,,,,,,,
1783990048.909,85023000,30,2,255,0,,,,,,,,,,,,,,,,,0.3499999940395355,-1.149999976158142,3.5485715866088867,2.715714454650879,3.5485715866088867,2.715714454650879,0.0,0.0,0.0,0.0,0.0,0.0,0.0,0.0,0.0,0.0
1783990048.920,85033000,31,1,0,0,10.0,25.0,10.0,25.0,9.508903503417969,25.274654388427734,-0.27465522289276123,35.657100677490234,43.906166076660156,0.0,0.0,0.0,1.0,1.0,0.0,-1.0538679361343384,,,,,,,,,,,,,,,,
1783990048.929,85043000,32,1,1,0,10.0,25.0,10.0,25.0,8.863048553466797,25.305885314941406,-0.30588507652282715,38.24002456665039,47.669551849365234,0.0,0.0,0.0,1.0,1.0,0.0,1.0786728858947754,,,,,,,,,,,,,,,,
1783990048.940,85053000,33,1,2,0,10.0,25.0,10.0,25.0,8.872498512268066,25.22151756286621,-0.2215176820755005,39.7926025390625,46.83324432373047,0.0,0.0,0.0,1.0,1.0,0.0,-1.1290960311889648,,,,,,,,,,,,,,,,
1783990048.949,85063000,34,1,3,0,10.0,25.0,10.0,25.0,8.899785995483398,25.31822395324707,-0.318223237991333,41.29070281982422,50.1784782409668,0.0,0.0,0.0,1.0,1.0,0.0,1.1754041910171509,,,,,,,,,,,,,,,,
1783990048.960,85073000,35,2,255,0,,,,,,,,,,,,,,,,,0.3499999940395355,-1.149999976158142,3.5485715866088867,2.715714454650879,3.5485715866088867,2.715714454650879,0.0,0.0,0.0,0.0,0.0,0.0,0.0,0.0,0.0,0.0
1783990048.969,85083000,36,1,0,0,10.0,25.0,10.0,25.0,9.508903503417969,25.274654388427734,-0.27465522289276123,35.657100677490234,43.906166076660156,0.0,0.0,0.0,1.0,1.0,0.0,-1.0538679361343384,,,,,,,,,,,,,,,,
1783990048.980,85093000,37,1,1,0,10.0,25.0,10.0,25.0,8.863048553466797,25.305885314941406,-0.30588507652282715,38.24002456665039,47.669551849365234,0.0,0.0,0.0,1.0,1.0,0.0,1.0786728858947754,,,,,,,,,,,,,,,,
1783990048.989,85103000,38,1,2,0,10.0,25.0,10.0,25.0,8.872498512268066,25.22151756286621,-0.2215176820755005,39.7926025390625,46.83324432373047,0.0,0.0,0.0,1.0,1.0,0.0,-1.1290960311889648,,,,,,,,,,,,,,,,
1783990049.000,85113000,39,1,3,0,10.0,25.0,10.0,25.0,8.899785995483398,25.31822395324707,-0.318223237991333,41.29070281982422,50.1784782409668,0.0,0.0,0.0,1.0,1.0,0.0,1.1754041910171509,,,,,,,,,,,,,,,,
1783990049.009,85123000,40,2,255,0,,,,,,,,,,,,,,,,,0.3499999940395355,-1.149999976158142,3.5485715866088867,2.715714454650879,3.5485715866088867,2.715714454650879,0.0,0.0,0.0,0.0,0.0,0.0,0.0,0.0,0.0,0.0
1783990049.020,85133000,41,1,0,0,10.0,25.0,10.0,25.0,9.508903503417969,25.274654388427734,-0.27465522289276123,35.657100677490234,43.906166076660156,0.0,0.0,0.0,1.0,1.0,0.0,-1.0538679361343384,,,,,,,,,,,,,,,,
1783990049.030,85143000,42,1,1,0,10.0,25.0,10.0,25.0,8.863048553466797,25.305885314941406,-0.30588507652282715,38.24002456665039,47.669551849365234,0.0,0.0,0.0,1.0,1.0,0.0,1.0786728858947754,,,,,,,,,,,,,,,,
1783990049.040,85153000,43,1,2,0,10.0,25.0,10.0,25.0,8.872498512268066,25.22151756286621,-0.2215176820755005,39.7926025390625,46.83324432373047,0.0,0.0,0.0,1.0,1.0,0.0,-1.1290960311889648,,,,,,,,,,,,,,,,
1783990049.049,85163000,44,1,3,0,10.0,25.0,10.0,25.0,8.899785995483398,25.31822395324707,-0.318223237991333,41.29070281982422,50.1784782409668,0.0,0.0,0.0,1.0,1.0,0.0,1.1754041910171509,,,,,,,,,,,,,,,,
1783990049.061,85173000,45,2,255,0,,,,,,,,,,,,,,,,,0.3499999940395355,-1.149999976158142,3.5485715866088867,2.715714454650879,3.5485715866088867,2.715714454650879,0.0,0.0,0.0,0.0,0.0,0.0,0.0,0.0,0.0,0.0
