[INFO] [1783989386.682350809] [laser_mapping]: p_pre->lidar_type 5
Multi thread started 
~~~~/home/hyper/program/2026_Gsing-second_ROS/fastlio2_v2/src/unilidar_fastlio_ros2-ros2/ file opened
[INFO] [1783989386.688712761] [laser_mapping]: Node init finished.
[INFO] [1783989386.737793555] [pointcloud_x_filter]: 点云过滤器已启动，仅保留 x > 0.0, 半径 > 0.0 的点
[INFO] [1783989387.688333993] [laser_mapping]: publish_map: frame pts=0, total=0
[INFO] [1783989388.688147477] [laser_mapping]: publish_map: frame pts=0, total=0
[INFO] [1783989389.688140558] [laser_mapping]: publish_map: frame pts=0, total=0
[INFO] [1783989390.688146108] [laser_mapping]: publish_map: frame pts=0, total=0
[INFO] [1783989391.688141781] [laser_mapping]: publish_map: frame pts=0, total=0
[INFO] [1783989392.688150895] [laser_mapping]: publish_map: frame pts=0, total=0
[INFO] [1783989393.688281944] [laser_mapping]: publish_map: frame pts=0, total=0
[INFO] [1783989394.688143187] [laser_mapping]: publish_map: frame pts=0, total=0
[INFO] [1783989395.688142014] [laser_mapping]: publish_map: frame pts=0, total=0
[INFO] [1783989396.688108180] [laser_mapping]: publish_map: frame pts=0, total=0
[INFO] [1783989397.688141757] [laser_mapping]: publish_map: frame pts=0, total=0
[INFO] [1783989398.688136658] [laser_mapping]: publish_map: frame pts=0, total=0
[INFO] [1783989399.688153234] [laser_mapping]: publish_map: frame pts=0, total=0
lidar loop back, clear buffer
[INFO] [1783989400.688143733] [laser_mapping]: publish_map: frame pts=0, total=0
[INFO] [1783989401.688133817] [laser_mapping]: publish_map: frame pts=0, total=0
[INFO] [1783989402.688153863] [laser_mapping]: publish_map: frame pts=0, total=0
[INFO] [1783989403.688135490] [laser_mapping]: publish_map: frame pts=0, total=0
[INFO] [1783989404.688144645] [laser_mapping]: publish_map: frame pts=0, total=0
[INFO] [1783989405.688265348] [laser_mapping]: publish_map: frame pts=0, total=0
[INFO] [1783989406.688144343] [laser_mapping]: publish_map: frame pts=0, total=0
[INFO] [1783989407.688145690] [laser_mapping]: publish_map: frame pts=0, total=0
[INFO] [1783989408.688154255] [laser_mapping]: publish_map: frame pts=0, total=0
[INFO] [1783989409.688151915] [laser_mapping]: publish_map: frame pts=0, total=0
[INFO] [1783989410.688139418] [laser_mapping]: publish_map: frame pts=0, total=0
[INFO] [1783989411.688138259] [laser_mapping]: publish_map: frame pts=0, total=0
[INFO] [1783989412.688261159] [laser_mapping]: publish_map: frame pts=0, total=0
[INFO] [1783989413.688141709] [laser_mapping]: publish_map: frame pts=0, total=0
[INFO] [1783989414.688143256] [laser_mapping]: publish_map: frame pts=0, total=0
[INFO] [1783989415.688138415] [laser_mapping]: publish_map: frame pts=0, total=0
[INFO] [1783989416.688144146] [laser_mapping]: publish_map: frame pts=0, total=0
[INFO] [1783989417.688155044] [laser_mapping]: publish_map: frame pts=0, total=0
[INFO] [1783989418.688139131] [laser_mapping]: publish_map: frame pts=0, total=0
[INFO] [1783989419.688155021] [laser_mapping]: publish_map: frame pts=0, total=0
[INFO] [1783989420.688134121] [laser_mapping]: publish_map: frame pts=0, total=0
[INFO] [1783989421.688139459] [laser_mapping]: publish_map: frame pts=0, total=0
[INFO] [1783989422.688138989] [laser_mapping]: publish_map: frame pts=0, total=0
[INFO] [1783989423.688138576] [laser_mapping]: publish_map: frame pts=0, total=0
[INFO] [1783989424.250029118] [laser_mapping]: Saving map to /home/hyper/program/2026_Gsing-second_ROS/map/PCD26.pcd...
[WARN] [1783989424.250062485] [laser_mapping]: Map cloud is empty, skip saving.
[INFO] [1783989424.688152411] [laser_mapping]: publish_map: frame pts=0, total=0
[INFO] [1783989425.688103357] [laser_mapping]: publish_map: frame pts=0, total=0
[INFO] [1783989426.688143796] [laser_mapping]: publish_map: frame pts=0, total=0
[INFO] [1783989427.688164391] [laser_mapping]: publish_map: frame pts=0, total=0
[INFO] [1783989428.688138628] [laser_mapping]: publish_map: frame pts=0, total=0
[INFO] [1783989429.688140820] [laser_mapping]: publish_map: frame pts=0, total=0
[INFO] [1783989430.688140044] [laser_mapping]: publish_map: frame pts=0, total=0
[INFO] [1783989431.688147197] [laser_mapping]: publish_map: frame pts=0, total=0
[INFO] [1783989432.688150768] [laser_mapping]: publish_map: frame pts=0, total=0
[INFO] [1783989433.688166817] [laser_mapping]: publish_map: frame pts=0, total=0
[INFO] [1783989434.688129430] [laser_mapping]: publish_map: frame pts=0, total=0
[INFO] [1783989435.688258767] [laser_mapping]: publish_map: frame pts=0, total=0
[INFO] [1783989436.688141374] [laser_mapping]: publish_map: frame pts=0, total=0
[INFO] [1783989437.688154699] [laser_mapping]: publish_map: frame pts=0, total=0
[INFO] [1783989438.688145367] [laser_mapping]: publish_map: frame pts=0, total=0
[INFO] [1783989439.688143543] [laser_mapping]: publish_map: frame pts=0, total=0
[INFO] [1783989440.688157168] [laser_mapping]: publish_map: frame pts=0, total=0
[INFO] [1783989441.688141401] [laser_mapping]: publish_map: frame pts=0, total=0
[INFO] [1783989442.688187692] [laser_mapping]: publish_map: frame pts=0, total=0
[INFO] [1783989443.688148764] [laser_mapping]: publish_map: frame pts=0, total=0
[INFO] [1783989444.688132029] [laser_mapping]: publish_map: frame pts=0, total=0
[INFO] [1783989445.688148684] [laser_mapping]: publish_map: frame pts=0, total=0
[INFO] [1783989446.688141798] [laser_mapping]: publish_map: frame pts=0, total=0
[INFO] [1783989447.688141376] [laser_mapping]: publish_map: frame pts=0, total=0
[INFO] [1783989448.688145558] [laser_mapping]: publish_map: frame pts=0, total=0
[INFO] [1783989449.688155701] [laser_mapping]: publish_map: frame pts=0, total=0
[INFO] [1783989450.688224711] [laser_mapping]: publish_map: frame pts=0, total=0
[INFO] [1783989451.690606909] [laser_mapping]: publish_map: frame pts=0, total=0
[INFO] [1783989452.688145484] [laser_mapping]: publish_map: frame pts=0, total=0
[INFO] [1783989453.688151652] [laser_mapping]: publish_map: frame pts=0, total=0
[INFO] [1783989454.688178998] [laser_mapping]: publish_map: frame pts=0, total=0
[INFO] [1783989455.688152218] [laser_mapping]: publish_map: frame pts=0, total=0
[INFO] [1783989456.688164271] [laser_mapping]: publish_map: frame pts=0, total=0
[INFO] [1783989457.688145222] [laser_mapping]: publish_map: frame pts=0, total=0
[INFO] [1783989458.688149520] [laser_mapping]: publish_map: frame pts=0, total=0
[INFO] [1783989459.688151422] [laser_mapping]: publish_map: frame pts=0, total=0
[INFO] [1783989460.688147810] [laser_mapping]: publish_map: frame pts=0, total=0
[INFO] [1783989461.688144069] [laser_mapping]: publish_map: frame pts=0, total=0
[WARN] [1783989462.369524412] [laser_mapping]: No point, skip this scan!

[WARN] [1783989462.378750837] [laser_mapping]: No point, skip this scan!

[WARN] [1783989462.388145749] [laser_mapping]: No point, skip this scan!

[WARN] [1783989462.398166618] [laser_mapping]: No point, skip this scan!

[WARN] [1783989462.408159312] [laser_mapping]: No point, skip this scan!

[WARN] [1783989462.418371845] [laser_mapping]: No point, skip this scan!

[WARN] [1783989462.428216373] [laser_mapping]: No point, skip this scan!

[WARN] [1783989462.438199161] [laser_mapping]: No point, skip this scan!

[WARN] [1783989462.448146649] [laser_mapping]: No point, skip this scan!

[WARN] [1783989462.458153049] [laser_mapping]: No point, skip this scan!

[WARN] [1783989462.468204900] [laser_mapping]: No point, skip this scan!

[WARN] [1783989462.478155101] [laser_mapping]: No point, skip this scan!

[WARN] [1783989462.488162383] [laser_mapping]: No point, skip this scan!

[WARN] [1783989462.498161296] [laser_mapping]: No point, skip this scan!

[WARN] [1783989462.508158177] [laser_mapping]: No point, skip this scan!

[WARN] [1783989462.518127895] [laser_mapping]: No point, skip this scan!

[WARN] [1783989462.528148988] [laser_mapping]: No point, skip this scan!

[WARN] [1783989462.538133909] [laser_mapping]: No point, skip this scan!

[WARN] [1783989462.548147932] [laser_mapping]: No point, skip this scan!

[WARN] [1783989462.558272399] [laser_mapping]: No point, skip this scan!

[WARN] [1783989462.568149188] [laser_mapping]: No point, skip this scan!

[WARN] [1783989462.578144064] [laser_mapping]: No point, skip this scan!

[WARN] [1783989462.588145340] [laser_mapping]: No point, skip this scan!

[WARN] [1783989462.598158278] [laser_mapping]: No point, skip this scan!

[WARN] [1783989462.608141307] [laser_mapping]: No point, skip this scan!

[WARN] [1783989462.618155511] [laser_mapping]: No point, skip this scan!

[WARN] [1783989462.628145947] [laser_mapping]: No point, skip this scan!

[WARN] [1783989462.638143322] [laser_mapping]: No point, skip this scan!

[WARN] [1783989462.648178841] [laser_mapping]: No point, skip this scan!

[WARN] [1783989462.658144346] [laser_mapping]: No point, skip this scan!

[WARN] [1783989462.668142951] [laser_mapping]: No point, skip this scan!

[WARN] [1783989462.678138644] [laser_mapping]: No point, skip this scan!

[INFO] [1783989462.688138628] [laser_mapping]: publish_map: frame pts=0, total=0
[WARN] [1783989462.688185429] [laser_mapping]: No point, skip this scan!

[WARN] [1783989462.698137774] [laser_mapping]: No point, skip this scan!

[WARN] [1783989462.708145278] [laser_mapping]: No point, skip this scan!

[WARN] [1783989462.718139768] [laser_mapping]: No point, skip this scan!

[WARN] [1783989462.728142719] [laser_mapping]: No point, skip this scan!

[WARN] [1783989462.738142169] [laser_mapping]: No point, skip this scan!

[WARN] [1783989462.748145496] [laser_mapping]: No point, skip this scan!

[WARN] [1783989462.758153991] [laser_mapping]: No point, skip this scan!

[WARN] [1783989462.768154085] [laser_mapping]: No point, skip this scan!

[WARN] [1783989462.778152145] [laser_mapping]: No point, skip this scan!

[WARN] [1783989462.789213065] [laser_mapping]: No point, skip this scan!

[WARN] [1783989462.798139544] [laser_mapping]: No point, skip this scan!

[WARN] [1783989462.808153838] [laser_mapping]: No point, skip this scan!

[WARN] [1783989462.818154433] [laser_mapping]: No point, skip this scan!

[WARN] [1783989462.828160875] [laser_mapping]: No point, skip this scan!

[WARN] [1783989462.838149893] [laser_mapping]: No point, skip this scan!

[WARN] [1783989462.848159134] [laser_mapping]: No point, skip this scan!

[WARN] [1783989462.858594663] [laser_mapping]: No point, skip this scan!

[WARN] [1783989462.868160199] [laser_mapping]: No point, skip this scan!

[WARN] [1783989462.878143446] [laser_mapping]: No point, skip this scan!

[WARN] [1783989462.888148918] [laser_mapping]: No point, skip this scan!

[WARN] [1783989462.898247226] [laser_mapping]: No point, skip this scan!

[WARN] [1783989462.908147854] [laser_mapping]: No point, skip this scan!

[WARN] [1783989462.918158330] [laser_mapping]: No point, skip this scan!

[WARN] [1783989462.928146794] [laser_mapping]: No point, skip this scan!

[WARN] [1783989462.938141004] [laser_mapping]: No point, skip this scan!

[WARN] [1783989462.948145625] [laser_mapping]: No point, skip this scan!

[WARN] [1783989462.958137831] [laser_mapping]: No point, skip this scan!

[WARN] [1783989462.968152025] [laser_mapping]: No point, skip this scan!

[WARN] [1783989462.978152792] [laser_mapping]: No point, skip this scan!

[WARN] [1783989462.988152615] [laser_mapping]: No point, skip this scan!

[WARN] [1783989462.998180657] [laser_mapping]: No point, skip this scan!

[WARN] [1783989463.008145731] [laser_mapping]: No point, skip this scan!

[WARN] [1783989463.018148458] [laser_mapping]: No point, skip this scan!

[WARN] [1783989463.028167601] [laser_mapping]: No point, skip this scan!

[WARN] [1783989463.038144264] [laser_mapping]: No point, skip this scan!

[WARN] [1783989463.048119383] [laser_mapping]: No point, skip this scan!

[WARN] [1783989463.058167187] [laser_mapping]: No point, skip this scan!

[WARN] [1783989463.068147121] [laser_mapping]: No point, skip this scan!

[WARN] [1783989463.078160444] [laser_mapping]: No point, skip this scan!

[WARN] [1783989463.088141489] [laser_mapping]: No point, skip this scan!

[WARN] [1783989463.098148290] [laser_mapping]: No point, skip this scan!

[WARN] [1783989463.108152857] [laser_mapping]: No point, skip this scan!

[WARN] [1783989463.118150205] [laser_mapping]: No point, skip this scan!

[WARN] [1783989463.128148544] [laser_mapping]: No point, skip this scan!

[WARN] [1783989463.138124195] [laser_mapping]: No point, skip this scan!

[WARN] [1783989463.148167341] [laser_mapping]: No point, skip this scan!

[WARN] [1783989463.158145293] [laser_mapping]: No point, skip this scan!

[WARN] [1783989463.168141950] [laser_mapping]: No point, skip this scan!

[WARN] [1783989463.178151620] [laser_mapping]: No point, skip this scan!

[WARN] [1783989463.188147629] [laser_mapping]: No point, skip this scan!

[WARN] [1783989463.198157570] [laser_mapping]: No point, skip this scan!

[WARN] [1783989463.208142016] [laser_mapping]: No point, skip this scan!

[WARN] [1783989463.218141234] [laser_mapping]: No point, skip this scan!

[WARN] [1783989463.228144056] [laser_mapping]: No point, skip this scan!

[WARN] [1783989463.238163532] [laser_mapping]: No point, skip this scan!

[WARN] [1783989463.248145926] [laser_mapping]: No point, skip this scan!

[WARN] [1783989463.258336909] [laser_mapping]: No point, skip this scan!

[WARN] [1783989463.268160631] [laser_mapping]: No point, skip this scan!

[WARN] [1783989463.278145389] [laser_mapping]: No point, skip this scan!

[WARN] [1783989463.288160483] [laser_mapping]: No point, skip this scan!

[WARN] [1783989463.298109455] [laser_mapping]: No point, skip this scan!

[WARN] [1783989463.308154455] [laser_mapping]: No point, skip this scan!

[WARN] [1783989463.318146719] [laser_mapping]: No point, skip this scan!

[WARN] [1783989463.328154276] [laser_mapping]: No point, skip this scan!

[WARN] [1783989463.338154075] [laser_mapping]: No point, skip this scan!

[WARN] [1783989463.348148834] [laser_mapping]: No point, skip this scan!

[WARN] [1783989463.358150358] [laser_mapping]: No point, skip this scan!

[WARN] [1783989463.368148838] [laser_mapping]: No point, skip this scan!

[WARN] [1783989463.378159906] [laser_mapping]: No point, skip this scan!

[WARN] [1783989463.388152371] [laser_mapping]: No point, skip this scan!

[WARN] [1783989463.398155618] [laser_mapping]: No point, skip this scan!

[WARN] [1783989463.408320572] [laser_mapping]: No point, skip this scan!

[WARN] [1783989463.418144770] [laser_mapping]: No point, skip this scan!

[WARN] [1783989463.428151318] [laser_mapping]: No point, skip this scan!

[WARN] [1783989463.438146150] [laser_mapping]: No point, skip this scan!

[WARN] [1783989463.448167735] [laser_mapping]: No point, skip this scan!

[WARN] [1783989463.458149323] [laser_mapping]: No point, skip this scan!

[WARN] [1783989463.468194258] [laser_mapping]: No point, skip this scan!

[WARN] [1783989463.478236552] [laser_mapping]: No point, skip this scan!

[WARN] [1783989463.488162422] [laser_mapping]: No point, skip this scan!

[WARN] [1783989463.498156613] [laser_mapping]: No point, skip this scan!

[WARN] [1783989463.508161904] [laser_mapping]: No point, skip this scan!

[WARN] [1783989463.518150930] [laser_mapping]: No point, skip this scan!

[WARN] [1783989463.528153682] [laser_mapping]: No point, skip this scan!

[WARN] [1783989463.538153360] [laser_mapping]: No point, skip this scan!

[WARN] [1783989463.548157489] [laser_mapping]: No point, skip this scan!

[WARN] [1783989463.558170985] [laser_mapping]: No point, skip this scan!

[WARN] [1783989463.568166218] [laser_mapping]: No point, skip this scan!

[WARN] [1783989463.578152327] [laser_mapping]: No point, skip this scan!

[WARN] [1783989463.588157104] [laser_mapping]: No point, skip this scan!

[WARN] [1783989463.598145680] [laser_mapping]: No point, skip this scan!

[WARN] [1783989463.608150245] [laser_mapping]: No point, skip this scan!

[WARN] [1783989463.618146667] [laser_mapping]: No point, skip this scan!

[WARN] [1783989463.628127439] [laser_mapping]: No point, skip this scan!

[WARN] [1783989463.638146959] [laser_mapping]: No point, skip this scan!

[WARN] [1783989463.648144688] [laser_mapping]: No point, skip this scan!

[WARN] [1783989463.658146019] [laser_mapping]: No point, skip this scan!

[WARN] [1783989463.668173958] [laser_mapping]: No point, skip this scan!

[WARN] [1783989463.678165475] [laser_mapping]: No point, skip this scan!

[INFO] [1783989463.688153733] [laser_mapping]: publish_map: frame pts=0, total=0
[WARN] [1783989463.688251075] [laser_mapping]: No point, skip this scan!

[WARN] [1783989463.698146509] [laser_mapping]: No point, skip this scan!

[WARN] [1783989463.708146021] [laser_mapping]: No point, skip this scan!

[WARN] [1783989463.718147015] [laser_mapping]: No point, skip this scan!

[WARN] [1783989463.728146126] [laser_mapping]: No point, skip this scan!

[WARN] [1783989463.738154021] [laser_mapping]: No point, skip this scan!

[WARN] [1783989463.748157290] [laser_mapping]: No point, skip this scan!

[WARN] [1783989463.758153247] [laser_mapping]: No point, skip this scan!

[WARN] [1783989463.768148954] [laser_mapping]: No point, skip this scan!

[WARN] [1783989463.778151678] [laser_mapping]: No point, skip this scan!

[WARN] [1783989463.788456713] [laser_mapping]: No point, skip this scan!

[WARN] [1783989463.798157475] [laser_mapping]: No point, skip this scan!

[WARN] [1783989463.808422148] [laser_mapping]: No point, skip this scan!

[WARN] [1783989463.818159008] [laser_mapping]: No point, skip this scan!

[WARN] [1783989463.828621793] [laser_mapping]: No point, skip this scan!

[WARN] [1783989463.838153752] [laser_mapping]: No point, skip this scan!

[WARN] [1783989463.848334097] [laser_mapping]: No point, skip this scan!

[WARN] [1783989463.858149882] [laser_mapping]: No point, skip this scan!

[WARN] [1783989463.868150606] [laser_mapping]: No point, skip this scan!

[WARN] [1783989463.878161453] [laser_mapping]: No point, skip this scan!

[WARN] [1783989463.888206419] [laser_mapping]: No point, skip this scan!

[WARN] [1783989463.898158401] [laser_mapping]: No point, skip this scan!

[WARN] [1783989463.908133291] [laser_mapping]: No point, skip this scan!

[WARN] [1783989463.918157000] [laser_mapping]: No point, skip this scan!

[WARN] [1783989463.928155533] [laser_mapping]: No point, skip this scan!

[WARN] [1783989463.938164777] [laser_mapping]: No point, skip this scan!

[WARN] [1783989463.948151422] [laser_mapping]: No point, skip this scan!

[WARN] [1783989463.958165476] [laser_mapping]: No point, skip this scan!

[WARN] [1783989463.968147464] [laser_mapping]: No point, skip this scan!

[WARN] [1783989463.978162791] [laser_mapping]: No point, skip this scan!

[WARN] [1783989463.988145067] [laser_mapping]: No point, skip this scan!

[WARN] [1783989463.998168249] [laser_mapping]: No point, skip this scan!

[WARN] [1783989464.008157745] [laser_mapping]: No point, skip this scan!

[WARN] [1783989464.018167318] [laser_mapping]: No point, skip this scan!

[WARN] [1783989464.028243787] [laser_mapping]: No point, skip this scan!

[WARN] [1783989464.038162626] [laser_mapping]: No point, skip this scan!

[WARN] [1783989464.048167173] [laser_mapping]: No point, skip this scan!

[WARN] [1783989464.058144365] [laser_mapping]: No point, skip this scan!

[WARN] [1783989464.068143798] [laser_mapping]: No point, skip this scan!

[WARN] [1783989464.078147998] [laser_mapping]: No point, skip this scan!

[WARN] [1783989464.088144515] [laser_mapping]: No point, skip this scan!

[WARN] [1783989464.098147310] [laser_mapping]: No point, skip this scan!

[WARN] [1783989464.108154505] [laser_mapping]: No point, skip this scan!

[WARN] [1783989464.118147346] [laser_mapping]: No point, skip this scan!

[WARN] [1783989464.128153043] [laser_mapping]: No point, skip this scan!

[WARN] [1783989464.138129098] [laser_mapping]: No point, skip this scan!

[WARN] [1783989464.148168669] [laser_mapping]: No point, skip this scan!

[WARN] [1783989464.158148368] [laser_mapping]: No point, skip this scan!

[WARN] [1783989464.168143959] [laser_mapping]: No point, skip this scan!

[WARN] [1783989464.178140577] [laser_mapping]: No point, skip this scan!

[WARN] [1783989464.188160788] [laser_mapping]: No point, skip this scan!

[WARN] [1783989464.198149976] [laser_mapping]: No point, skip this scan!

[WARN] [1783989464.208162249] [laser_mapping]: No point, skip this scan!

[WARN] [1783989464.219594449] [laser_mapping]: No point, skip this scan!

[WARN] [1783989464.228142999] [laser_mapping]: No point, skip this scan!

[WARN] [1783989464.238150057] [laser_mapping]: No point, skip this scan!

[WARN] [1783989464.248145015] [laser_mapping]: No point, skip this scan!

[WARN] [1783989464.258148400] [laser_mapping]: No point, skip this scan!

[WARN] [1783989464.268124493] [laser_mapping]: No point, skip this scan!

[WARN] [1783989464.278147367] [laser_mapping]: No point, skip this scan!

[WARN] [1783989464.288162014] [laser_mapping]: No point, skip this scan!

[WARN] [1783989464.298148615] [laser_mapping]: No point, skip this scan!

[WARN] [1783989464.308161002] [laser_mapping]: No point, skip this scan!

[WARN] [1783989464.318164396] [laser_mapping]: No point, skip this scan!

[WARN] [1783989464.328157237] [laser_mapping]: No point, skip this scan!

[WARN] [1783989464.338163422] [laser_mapping]: No point, skip this scan!

[WARN] [1783989464.348161019] [laser_mapping]: No point, skip this scan!

[WARN] [1783989464.358148676] [laser_mapping]: No point, skip this scan!

[WARN] [1783989464.368161042] [laser_mapping]: No point, skip this scan!

[WARN] [1783989464.378145382] [laser_mapping]: No point, skip this scan!

[WARN] [1783989464.388152161] [laser_mapping]: No point, skip this scan!

[WARN] [1783989464.398146541] [laser_mapping]: No point, skip this scan!

[WARN] [1783989464.408142436] [laser_mapping]: No point, skip this scan!

[WARN] [1783989464.418158400] [laser_mapping]: No point, skip this scan!

[WARN] [1783989464.428148038] [laser_mapping]: No point, skip this scan!

[WARN] [1783989464.438165485] [laser_mapping]: No point, skip this scan!

[WARN] [1783989464.448148496] [laser_mapping]: No point, skip this scan!

[WARN] [1783989464.458160434] [laser_mapping]: No point, skip this scan!

[WARN] [1783989464.468163428] [laser_mapping]: No point, skip this scan!

[WARN] [1783989464.478161675] [laser_mapping]: No point, skip this scan!

[WARN] [1783989464.488145679] [laser_mapping]: No point, skip this scan!

[WARN] [1783989464.498158649] [laser_mapping]: No point, skip this scan!

[WARN] [1783989464.508148520] [laser_mapping]: No point, skip this scan!

[WARN] [1783989464.518161715] [laser_mapping]: No point, skip this scan!

[WARN] [1783989464.528155608] [laser_mapping]: No point, skip this scan!

[WARN] [1783989464.538148804] [laser_mapping]: No point, skip this scan!

[WARN] [1783989464.548149824] [laser_mapping]: No point, skip this scan!

[WARN] [1783989464.558173115] [laser_mapping]: No point, skip this scan!

[WARN] [1783989464.568164966] [laser_mapping]: No point, skip this scan!

[WARN] [1783989464.578162189] [laser_mapping]: No point, skip this scan!

[WARN] [1783989464.588146490] [laser_mapping]: No point, skip this scan!

[WARN] [1783989464.598153237] [laser_mapping]: No point, skip this scan!

[WARN] [1783989464.608150475] [laser_mapping]: No point, skip this scan!

[WARN] [1783989464.618163704] [laser_mapping]: No point, skip this scan!

[WARN] [1783989464.628150727] [laser_mapping]: No point, skip this scan!

[WARN] [1783989464.638151662] [laser_mapping]: No point, skip this scan!

[WARN] [1783989464.648142638] [laser_mapping]: No point, skip this scan!

[WARN] [1783989464.658148086] [laser_mapping]: No point, skip this scan!

[WARN] [1783989464.668145983] [laser_mapping]: No point, skip this scan!

[WARN] [1783989464.678143222] [laser_mapping]: No point, skip this scan!

[INFO] [1783989464.688151835] [laser_mapping]: publish_map: frame pts=0, total=0
[WARN] [1783989464.688326625] [laser_mapping]: No point, skip this scan!

[WARN] [1783989464.698165183] [laser_mapping]: No point, skip this scan!

[WARN] [1783989464.708172692] [laser_mapping]: No point, skip this scan!

[WARN] [1783989464.718162308] [laser_mapping]: No point, skip this scan!

[WARN] [1783989464.728147308] [laser_mapping]: No point, skip this scan!

[WARN] [1783989464.738151737] [laser_mapping]: No point, skip this scan!

[WARN] [1783989464.748154069] [laser_mapping]: No point, skip this scan!

[WARN] [1783989464.758150617] [laser_mapping]: No point, skip this scan!

[WARN] [1783989464.768161479] [laser_mapping]: No point, skip this scan!

[WARN] [1783989464.778156683] [laser_mapping]: No point, skip this scan!

[WARN] [1783989464.788147527] [laser_mapping]: No point, skip this scan!

[WARN] [1783989464.798165204] [laser_mapping]: No point, skip this scan!

[WARN] [1783989464.808156364] [laser_mapping]: No point, skip this scan!

[WARN] [1783989464.818148391] [laser_mapping]: No point, skip this scan!

[WARN] [1783989464.828156177] [laser_mapping]: No point, skip this scan!

[WARN] [1783989464.838160191] [laser_mapping]: No point, skip this scan!

[WARN] [1783989464.848156155] [laser_mapping]: No point, skip this scan!

[WARN] [1783989464.858274106] [laser_mapping]: No point, skip this scan!

[WARN] [1783989464.868158420] [laser_mapping]: No point, skip this scan!

[WARN] [1783989464.878151288] [laser_mapping]: No point, skip this scan!

[WARN] [1783989464.888151774] [laser_mapping]: No point, skip this scan!

[WARN] [1783989464.898164676] [laser_mapping]: No point, skip this scan!

[WARN] [1783989464.908262734] [laser_mapping]: No point, skip this scan!

[WARN] [1783989464.918145648] [laser_mapping]: No point, skip this scan!

[WARN] [1783989464.928160963] [laser_mapping]: No point, skip this scan!

[WARN] [1783989464.938144977] [laser_mapping]: No point, skip this scan!

[WARN] [1783989464.948157383] [laser_mapping]: No point, skip this scan!

[WARN] [1783989464.958153860] [laser_mapping]: No point, skip this scan!

[WARN] [1783989464.968131010] [laser_mapping]: No point, skip this scan!

[WARN] [1783989464.978148415] [laser_mapping]: No point, skip this scan!

[WARN] [1783989464.988165020] [laser_mapping]: No point, skip this scan!

[WARN] [1783989464.998144174] [laser_mapping]: No point, skip this scan!

[WARN] [1783989465.008153397] [laser_mapping]: No point, skip this scan!

[WARN] [1783989465.018144280] [laser_mapping]: No point, skip this scan!

[WARN] [1783989465.028155138] [laser_mapping]: No point, skip this scan!

[WARN] [1783989465.038148680] [laser_mapping]: No point, skip this scan!

[WARN] [1783989465.048163851] [laser_mapping]: No point, skip this scan!

[WARN] [1783989465.058147331] [laser_mapping]: No point, skip this scan!

[WARN] [1783989465.068144618] [laser_mapping]: No point, skip this scan!

[WARN] [1783989465.078155735] [laser_mapping]: No point, skip this scan!

[WARN] [1783989465.088149727] [laser_mapping]: No point, skip this scan!

[WARN] [1783989465.098138007] [laser_mapping]: No point, skip this scan!

[WARN] [1783989465.108144063] [laser_mapping]: No point, skip this scan!

[WARN] [1783989465.118147627] [laser_mapping]: No point, skip this scan!

[WARN] [1783989465.128147498] [laser_mapping]: No point, skip this scan!

[WARN] [1783989465.138144005] [laser_mapping]: No point, skip this scan!

[WARN] [1783989465.148154610] [laser_mapping]: No point, skip this scan!

[WARN] [1783989465.158150482] [laser_mapping]: No point, skip this scan!

[WARN] [1783989465.168150631] [laser_mapping]: No point, skip this scan!

[WARN] [1783989465.178149825] [laser_mapping]: No point, skip this scan!

[WARN] [1783989465.188142459] [laser_mapping]: No point, skip this scan!

[WARN] [1783989465.198141449] [laser_mapping]: No point, skip this scan!

[WARN] [1783989465.209696816] [laser_mapping]: No point, skip this scan!

[WARN] [1783989465.218147377] [laser_mapping]: No point, skip this scan!

[WARN] [1783989465.228146807] [laser_mapping]: No point, skip this scan!

[WARN] [1783989465.238166118] [laser_mapping]: No point, skip this scan!

[WARN] [1783989465.248172365] [laser_mapping]: No point, skip this scan!

[WARN] [1783989465.258163446] [laser_mapping]: No point, skip this scan!

[WARN] [1783989465.268167177] [laser_mapping]: No point, skip this scan!

[WARN] [1783989465.278171287] [laser_mapping]: No point, skip this scan!

[WARN] [1783989465.288168409] [laser_mapping]: No point, skip this scan!

[WARN] [1783989465.298160602] [laser_mapping]: No point, skip this scan!

[WARN] [1783989465.308616908] [laser_mapping]: No point, skip this scan!

[WARN] [1783989465.318544859] [laser_mapping]: No point, skip this scan!

[WARN] [1783989465.328212208] [laser_mapping]: No point, skip this scan!

[WARN] [1783989465.338158665] [laser_mapping]: No point, skip this scan!

[WARN] [1783989465.348141389] [laser_mapping]: No point, skip this scan!

[WARN] [1783989465.358164976] [laser_mapping]: No point, skip this scan!

[WARN] [1783989465.371773391] [laser_mapping]: No point, skip this scan!

[WARN] [1783989465.378142866] [laser_mapping]: No point, skip this scan!

[WARN] [1783989465.388174241] [laser_mapping]: No point, skip this scan!

[WARN] [1783989465.399593752] [laser_mapping]: No point, skip this scan!

[WARN] [1783989465.408142878] [laser_mapping]: No point, skip this scan!

[WARN] [1783989465.418156813] [laser_mapping]: No point, skip this scan!

[WARN] [1783989465.429212848] [laser_mapping]: No point, skip this scan!

[WARN] [1783989465.438155806] [laser_mapping]: No point, skip this scan!

[WARN] [1783989465.448150404] [laser_mapping]: No point, skip this scan!

[WARN] [1783989465.458163564] [laser_mapping]: No point, skip this scan!

[WARN] [1783989465.468144055] [laser_mapping]: No point, skip this scan!

[WARN] [1783989465.478143015] [laser_mapping]: No point, skip this scan!

[WARN] [1783989465.488149802] [laser_mapping]: No point, skip this scan!

[WARN] [1783989465.498161300] [laser_mapping]: No point, skip this scan!

[WARN] [1783989465.508153828] [laser_mapping]: No point, skip this scan!

[WARN] [1783989465.518159638] [laser_mapping]: No point, skip this scan!

[WARN] [1783989465.528145620] [laser_mapping]: No point, skip this scan!

[WARN] [1783989465.538149502] [laser_mapping]: No point, skip this scan!

[WARN] [1783989465.548177769] [laser_mapping]: No point, skip this scan!

[WARN] [1783989465.558166407] [laser_mapping]: No point, skip this scan!

[WARN] [1783989465.568148482] [laser_mapping]: No point, skip this scan!

[WARN] [1783989465.578122480] [laser_mapping]: No point, skip this scan!

[WARN] [1783989465.588142230] [laser_mapping]: No point, skip this scan!

[WARN] [1783989465.598145242] [laser_mapping]: No point, skip this scan!

[WARN] [1783989465.608288838] [laser_mapping]: No point, skip this scan!

[WARN] [1783989465.618157246] [laser_mapping]: No point, skip this scan!

[WARN] [1783989465.628163003] [laser_mapping]: No point, skip this scan!

[WARN] [1783989465.638152952] [laser_mapping]: No point, skip this scan!

[WARN] [1783989465.648188450] [laser_mapping]: No point, skip this scan!

[WARN] [1783989465.658165106] [laser_mapping]: No point, skip this scan!

[WARN] [1783989465.668142533] [laser_mapping]: No point, skip this scan!

[WARN] [1783989465.678137953] [laser_mapping]: No point, skip this scan!

[INFO] [1783989465.688139102] [laser_mapping]: publish_map: frame pts=0, total=0
[WARN] [1783989465.688183551] [laser_mapping]: No point, skip this scan!

[WARN] [1783989465.698138419] [laser_mapping]: No point, skip this scan!

[WARN] [1783989465.708136859] [laser_mapping]: No point, skip this scan!

[WARN] [1783989465.718220051] [laser_mapping]: No point, skip this scan!

[WARN] [1783989465.728138843] [laser_mapping]: No point, skip this scan!

[WARN] [1783989465.738161587] [laser_mapping]: No point, skip this scan!

[WARN] [1783989465.748159066] [laser_mapping]: No point, skip this scan!

[WARN] [1783989465.758164520] [laser_mapping]: No point, skip this scan!

[WARN] [1783989465.768155138] [laser_mapping]: No point, skip this scan!

[WARN] [1783989465.778160938] [laser_mapping]: No point, skip this scan!

[WARN] [1783989465.788162388] [laser_mapping]: No point, skip this scan!

[WARN] [1783989465.798297124] [laser_mapping]: No point, skip this scan!

[WARN] [1783989465.808155218] [laser_mapping]: No point, skip this scan!

[WARN] [1783989465.818513521] [laser_mapping]: No point, skip this scan!

[WARN] [1783989465.828162287] [laser_mapping]: No point, skip this scan!

[WARN] [1783989465.838146461] [laser_mapping]: No point, skip this scan!

[WARN] [1783989465.848158183] [laser_mapping]: No point, skip this scan!

[WARN] [1783989465.858163778] [laser_mapping]: No point, skip this scan!

[WARN] [1783989465.868150014] [laser_mapping]: No point, skip this scan!

[WARN] [1783989465.878150976] [laser_mapping]: No point, skip this scan!

[WARN] [1783989465.888140811] [laser_mapping]: No point, skip this scan!

[WARN] [1783989465.898149426] [laser_mapping]: No point, skip this scan!

[WARN] [1783989465.908173963] [laser_mapping]: No point, skip this scan!

[WARN] [1783989465.918167897] [laser_mapping]: No point, skip this scan!

[WARN] [1783989465.928202641] [laser_mapping]: No point, skip this scan!

[WARN] [1783989465.938164565] [laser_mapping]: No point, skip this scan!

[WARN] [1783989465.948100817] [laser_mapping]: No point, skip this scan!

[WARN] [1783989465.958167061] [laser_mapping]: No point, skip this scan!

[WARN] [1783989465.968115507] [laser_mapping]: No point, skip this scan!

[WARN] [1783989465.978147894] [laser_mapping]: No point, skip this scan!

[WARN] [1783989465.988160495] [laser_mapping]: No point, skip this scan!

[WARN] [1783989465.998157219] [laser_mapping]: No point, skip this scan!

[WARN] [1783989466.008148568] [laser_mapping]: No point, skip this scan!

[WARN] [1783989466.018156321] [laser_mapping]: No point, skip this scan!

[WARN] [1783989466.028146327] [laser_mapping]: No point, skip this scan!

[WARN] [1783989466.038169039] [laser_mapping]: No point, skip this scan!

[WARN] [1783989466.048152169] [laser_mapping]: No point, skip this scan!

[WARN] [1783989466.058122752] [laser_mapping]: No point, skip this scan!

[WARN] [1783989466.068160045] [laser_mapping]: No point, skip this scan!

[WARN] [1783989466.078154482] [laser_mapping]: No point, skip this scan!

[WARN] [1783989466.088145091] [laser_mapping]: No point, skip this scan!

[WARN] [1783989466.098148331] [laser_mapping]: No point, skip this scan!

[WARN] [1783989466.108276944] [laser_mapping]: No point, skip this scan!

[WARN] [1783989466.118138615] [laser_mapping]: No point, skip this scan!

[WARN] [1783989466.128145348] [laser_mapping]: No point, skip this scan!

[WARN] [1783989466.138144617] [laser_mapping]: No point, skip this scan!

[WARN] [1783989466.148160585] [laser_mapping]: No point, skip this scan!

[WARN] [1783989466.158175123] [laser_mapping]: No point, skip this scan!

[WARN] [1783989466.168166777] [laser_mapping]: No point, skip this scan!

[WARN] [1783989466.178152618] [laser_mapping]: No point, skip this scan!

[WARN] [1783989466.188146303] [laser_mapping]: No point, skip this scan!

[WARN] [1783989466.198143311] [laser_mapping]: No point, skip this scan!

[WARN] [1783989466.208147441] [laser_mapping]: No point, skip this scan!

[WARN] [1783989466.218142889] [laser_mapping]: No point, skip this scan!

[WARN] [1783989466.228146500] [laser_mapping]: No point, skip this scan!

[WARN] [1783989466.238160923] [laser_mapping]: No point, skip this scan!

[WARN] [1783989466.248159153] [laser_mapping]: No point, skip this scan!

[WARN] [1783989466.258159676] [laser_mapping]: No point, skip this scan!

[WARN] [1783989466.269281293] [laser_mapping]: No point, skip this scan!

[WARN] [1783989466.278152964] [laser_mapping]: No point, skip this scan!

[WARN] [1783989466.288146911] [laser_mapping]: No point, skip this scan!

[WARN] [1783989466.298150916] [laser_mapping]: No point, skip this scan!

[WARN] [1783989466.308492953] [laser_mapping]: No point, skip this scan!

[WARN] [1783989466.318253184] [laser_mapping]: No point, skip this scan!

[WARN] [1783989466.328151249] [laser_mapping]: No point, skip this scan!

[WARN] [1783989466.338298946] [laser_mapping]: No point, skip this scan!

[WARN] [1783989466.348164049] [laser_mapping]: No point, skip this scan!

[WARN] [1783989466.358158827] [laser_mapping]: No point, skip this scan!

[WARN] [1783989466.368149738] [laser_mapping]: No point, skip this scan!

[WARN] [1783989466.378150896] [laser_mapping]: No point, skip this scan!

[WARN] [1783989466.388223992] [laser_mapping]: No point, skip this scan!

[WARN] [1783989466.398157929] [laser_mapping]: No point, skip this scan!

[WARN] [1783989466.408143190] [laser_mapping]: No point, skip this scan!

[WARN] [1783989466.418144216] [laser_mapping]: No point, skip this scan!

[WARN] [1783989466.428139382] [laser_mapping]: No point, skip this scan!

[WARN] [1783989466.438150511] [laser_mapping]: No point, skip this scan!

[WARN] [1783989466.448149579] [laser_mapping]: No point, skip this scan!

[WARN] [1783989466.462517528] [laser_mapping]: No point, skip this scan!

[WARN] [1783989466.468172535] [laser_mapping]: No point, skip this scan!

[WARN] [1783989466.478149110] [laser_mapping]: No point, skip this scan!

[WARN] [1783989466.488169326] [laser_mapping]: No point, skip this scan!

[WARN] [1783989466.498147266] [laser_mapping]: No point, skip this scan!

[WARN] [1783989466.508277870] [laser_mapping]: No point, skip this scan!

[WARN] [1783989466.518151212] [laser_mapping]: No point, skip this scan!

[WARN] [1783989466.528161293] [laser_mapping]: No point, skip this scan!

[WARN] [1783989466.538159251] [laser_mapping]: No point, skip this scan!

[WARN] [1783989466.548149890] [laser_mapping]: No point, skip this scan!

[WARN] [1783989466.558146103] [laser_mapping]: No point, skip this scan!

[WARN] [1783989466.568149634] [laser_mapping]: No point, skip this scan!

[WARN] [1783989466.578146199] [laser_mapping]: No point, skip this scan!

[WARN] [1783989466.588170173] [laser_mapping]: No point, skip this scan!

[WARN] [1783989466.598154989] [laser_mapping]: No point, skip this scan!

[WARN] [1783989466.608159704] [laser_mapping]: No point, skip this scan!

[WARN] [1783989466.618143705] [laser_mapping]: No point, skip this scan!

[WARN] [1783989466.628165959] [laser_mapping]: No point, skip this scan!

[WARN] [1783989466.638144085] [laser_mapping]: No point, skip this scan!

[WARN] [1783989466.648165629] [laser_mapping]: No point, skip this scan!

[WARN] [1783989466.658143335] [laser_mapping]: No point, skip this scan!

[WARN] [1783989466.668139398] [laser_mapping]: No point, skip this scan!

[WARN] [1783989466.678141718] [laser_mapping]: No point, skip this scan!

[INFO] [1783989466.688140184] [laser_mapping]: publish_map: frame pts=0, total=0
[WARN] [1783989466.688196540] [laser_mapping]: No point, skip this scan!

[WARN] [1783989466.698143553] [laser_mapping]: No point, skip this scan!

[WARN] [1783989466.709606958] [laser_mapping]: No point, skip this scan!

[WARN] [1783989466.718141510] [laser_mapping]: No point, skip this scan!

[WARN] [1783989466.728149017] [laser_mapping]: No point, skip this scan!

[WARN] [1783989466.738148406] [laser_mapping]: No point, skip this scan!

[WARN] [1783989466.748270936] [laser_mapping]: No point, skip this scan!

[WARN] [1783989466.758150609] [laser_mapping]: No point, skip this scan!

[WARN] [1783989466.768145510] [laser_mapping]: No point, skip this scan!

[WARN] [1783989466.778270836] [laser_mapping]: No point, skip this scan!

[WARN] [1783989466.788154925] [laser_mapping]: No point, skip this scan!

[WARN] [1783989466.798542815] [laser_mapping]: No point, skip this scan!

[WARN] [1783989466.808142293] [laser_mapping]: No point, skip this scan!

[WARN] [1783989466.818149233] [laser_mapping]: No point, skip this scan!

[WARN] [1783989466.828127711] [laser_mapping]: No point, skip this scan!

[WARN] [1783989466.838169898] [laser_mapping]: No point, skip this scan!

[WARN] [1783989466.848161786] [laser_mapping]: No point, skip this scan!

[WARN] [1783989466.858166793] [laser_mapping]: No point, skip this scan!

[WARN] [1783989466.868131042] [laser_mapping]: No point, skip this scan!

[WARN] [1783989466.878153922] [laser_mapping]: No point, skip this scan!

[WARN] [1783989466.888146486] [laser_mapping]: No point, skip this scan!

[WARN] [1783989466.898158231] [laser_mapping]: No point, skip this scan!

[WARN] [1783989466.908147434] [laser_mapping]: No point, skip this scan!

[WARN] [1783989466.918155793] [laser_mapping]: No point, skip this scan!

[WARN] [1783989466.928152123] [laser_mapping]: No point, skip this scan!

[WARN] [1783989466.938142094] [laser_mapping]: No point, skip this scan!

[WARN] [1783989466.948149213] [laser_mapping]: No point, skip this scan!

[WARN] [1783989466.958152488] [laser_mapping]: No point, skip this scan!

[WARN] [1783989466.968159372] [laser_mapping]: No point, skip this scan!

[WARN] [1783989466.978153302] [laser_mapping]: No point, skip this scan!

[WARN] [1783989466.988147493] [laser_mapping]: No point, skip this scan!

[WARN] [1783989466.998155988] [laser_mapping]: No point, skip this scan!

[WARN] [1783989467.008149469] [laser_mapping]: No point, skip this scan!

[WARN] [1783989467.018155529] [laser_mapping]: No point, skip this scan!

[WARN] [1783989467.028145767] [laser_mapping]: No point, skip this scan!

[WARN] [1783989467.038172973] [laser_mapping]: No point, skip this scan!

[WARN] [1783989467.048162622] [laser_mapping]: No point, skip this scan!

[WARN] [1783989467.058165724] [laser_mapping]: No point, skip this scan!

[WARN] [1783989467.068148350] [laser_mapping]: No point, skip this scan!

[WARN] [1783989467.078158890] [laser_mapping]: No point, skip this scan!

[WARN] [1783989467.088160063] [laser_mapping]: No point, skip this scan!

[WARN] [1783989467.098160127] [laser_mapping]: No point, skip this scan!

[WARN] [1783989467.108159375] [laser_mapping]: No point, skip this scan!

[WARN] [1783989467.118167997] [laser_mapping]: No point, skip this scan!

[WARN] [1783989467.128163371] [laser_mapping]: No point, skip this scan!

[WARN] [1783989467.138152075] [laser_mapping]: No point, skip this scan!

[WARN] [1783989467.148150647] [laser_mapping]: No point, skip this scan!

[WARN] [1783989467.158149764] [laser_mapping]: No point, skip this scan!

[WARN] [1783989467.168145377] [laser_mapping]: No point, skip this scan!

[WARN] [1783989467.178155550] [laser_mapping]: No point, skip this scan!

[WARN] [1783989467.188149843] [laser_mapping]: No point, skip this scan!

[WARN] [1783989467.198160080] [laser_mapping]: No point, skip this scan!

[WARN] [1783989467.208144844] [laser_mapping]: No point, skip this scan!

[WARN] [1783989467.218143040] [laser_mapping]: No point, skip this scan!

[WARN] [1783989467.228141662] [laser_mapping]: No point, skip this scan!

[WARN] [1783989467.238144660] [laser_mapping]: No point, skip this scan!

[WARN] [1783989467.248161015] [laser_mapping]: No point, skip this scan!

[WARN] [1783989467.258136435] [laser_mapping]: No point, skip this scan!

[WARN] [1783989467.268344391] [laser_mapping]: No point, skip this scan!

[WARN] [1783989467.278193506] [laser_mapping]: No point, skip this scan!

[WARN] [1783989467.288165013] [laser_mapping]: No point, skip this scan!

[WARN] [1783989467.298137355] [laser_mapping]: No point, skip this scan!

[WARN] [1783989467.308160187] [laser_mapping]: No point, skip this scan!

[WARN] [1783989467.318666971] [laser_mapping]: No point, skip this scan!

[WARN] [1783989467.328156533] [laser_mapping]: No point, skip this scan!

[WARN] [1783989467.338155030] [laser_mapping]: No point, skip this scan!

[WARN] [1783989467.348166707] [laser_mapping]: No point, skip this scan!

[WARN] [1783989467.358157450] [laser_mapping]: No point, skip this scan!

[WARN] [1783989467.368161253] [laser_mapping]: No point, skip this scan!

[WARN] [1783989467.378163289] [laser_mapping]: No point, skip this scan!

[WARN] [1783989467.388172877] [laser_mapping]: No point, skip this scan!

[WARN] [1783989467.398146789] [laser_mapping]: No point, skip this scan!

[WARN] [1783989467.408164722] [laser_mapping]: No point, skip this scan!

[WARN] [1783989467.418175714] [laser_mapping]: No point, skip this scan!

[WARN] [1783989467.428162315] [laser_mapping]: No point, skip this scan!

[WARN] [1783989467.438260022] [laser_mapping]: No point, skip this scan!

[WARN] [1783989467.448159397] [laser_mapping]: No point, skip this scan!

[WARN] [1783989467.458167832] [laser_mapping]: No point, skip this scan!

[WARN] [1783989467.468150044] [laser_mapping]: No point, skip this scan!

[WARN] [1783989467.478144886] [laser_mapping]: No point, skip this scan!

[WARN] [1783989467.488156907] [laser_mapping]: No point, skip this scan!

[WARN] [1783989467.498157313] [laser_mapping]: No point, skip this scan!

[WARN] [1783989467.508160578] [laser_mapping]: No point, skip this scan!

[WARN] [1783989467.518162926] [laser_mapping]: No point, skip this scan!

[WARN] [1783989467.528156396] [laser_mapping]: No point, skip this scan!

[WARN] [1783989467.538140907] [laser_mapping]: No point, skip this scan!

[WARN] [1783989467.548143971] [laser_mapping]: No point, skip this scan!

[WARN] [1783989467.558148659] [laser_mapping]: No point, skip this scan!

[WARN] [1783989467.568114583] [laser_mapping]: No point, skip this scan!

[WARN] [1783989467.578152506] [laser_mapping]: No point, skip this scan!

[WARN] [1783989467.588158686] [laser_mapping]: No point, skip this scan!

[WARN] [1783989467.598280325] [laser_mapping]: No point, skip this scan!

[WARN] [1783989467.608152163] [laser_mapping]: No point, skip this scan!

[WARN] [1783989467.618318125] [laser_mapping]: No point, skip this scan!

[WARN] [1783989467.628143485] [laser_mapping]: No point, skip this scan!

[WARN] [1783989467.638142856] [laser_mapping]: No point, skip this scan!

[WARN] [1783989467.648112911] [laser_mapping]: No point, skip this scan!

[WARN] [1783989467.658146074] [laser_mapping]: No point, skip this scan!

[WARN] [1783989467.668138492] [laser_mapping]: No point, skip this scan!

[WARN] [1783989467.678137165] [laser_mapping]: No point, skip this scan!

[INFO] [1783989467.688142619] [laser_mapping]: publish_map: frame pts=0, total=0
[WARN] [1783989467.688195945] [laser_mapping]: No point, skip this scan!

[WARN] [1783989467.698141760] [laser_mapping]: No point, skip this scan!

[WARN] [1783989467.708140704] [laser_mapping]: No point, skip this scan!

[WARN] [1783989467.718141323] [laser_mapping]: No point, skip this scan!

[WARN] [1783989467.728141876] [laser_mapping]: No point, skip this scan!

[WARN] [1783989467.738140813] [laser_mapping]: No point, skip this scan!

[WARN] [1783989467.748133448] [laser_mapping]: No point, skip this scan!

[WARN] [1783989467.758157986] [laser_mapping]: No point, skip this scan!

[WARN] [1783989467.768157481] [laser_mapping]: No point, skip this scan!

[WARN] [1783989467.778164113] [laser_mapping]: No point, skip this scan!

[WARN] [1783989467.788161235] [laser_mapping]: No point, skip this scan!

[WARN] [1783989467.798165574] [laser_mapping]: No point, skip this scan!

[WARN] [1783989467.808145897] [laser_mapping]: No point, skip this scan!

[WARN] [1783989467.818151081] [laser_mapping]: No point, skip this scan!

[WARN] [1783989467.828809263] [laser_mapping]: No point, skip this scan!

[WARN] [1783989467.838159887] [laser_mapping]: No point, skip this scan!

[WARN] [1783989467.849520970] [laser_mapping]: No point, skip this scan!

[WARN] [1783989467.858152205] [laser_mapping]: No point, skip this scan!

[WARN] [1783989467.868144058] [laser_mapping]: No point, skip this scan!

[WARN] [1783989467.878148327] [laser_mapping]: No point, skip this scan!

[WARN] [1783989467.888148554] [laser_mapping]: No point, skip this scan!

[WARN] [1783989467.898156663] [laser_mapping]: No point, skip this scan!

[WARN] [1783989467.908163682] [laser_mapping]: No point, skip this scan!

[WARN] [1783989467.918166886] [laser_mapping]: No point, skip this scan!

[WARN] [1783989467.928164543] [laser_mapping]: No point, skip this scan!

[WARN] [1783989467.938145946] [laser_mapping]: No point, skip this scan!

[WARN] [1783989467.948155784] [laser_mapping]: No point, skip this scan!

[WARN] [1783989467.958143877] [laser_mapping]: No point, skip this scan!

[WARN] [1783989467.968158693] [laser_mapping]: No point, skip this scan!

[WARN] [1783989467.978149866] [laser_mapping]: No point, skip this scan!

[WARN] [1783989467.988144273] [laser_mapping]: No point, skip this scan!

[WARN] [1783989467.998247500] [laser_mapping]: No point, skip this scan!

[WARN] [1783989468.008144852] [laser_mapping]: No point, skip this scan!

[WARN] [1783989468.018144269] [laser_mapping]: No point, skip this scan!

[WARN] [1783989468.028159491] [laser_mapping]: No point, skip this scan!

[WARN] [1783989468.038143724] [laser_mapping]: No point, skip this scan!

[WARN] [1783989468.048159647] [laser_mapping]: No point, skip this scan!

[WARN] [1783989468.058163251] [laser_mapping]: No point, skip this scan!

[WARN] [1783989468.068153356] [laser_mapping]: No point, skip this scan!

[WARN] [1783989468.078148742] [laser_mapping]: No point, skip this scan!

[WARN] [1783989468.088289353] [laser_mapping]: No point, skip this scan!

[WARN] [1783989468.098255722] [laser_mapping]: No point, skip this scan!

[WARN] [1783989468.108124806] [laser_mapping]: No point, skip this scan!

[WARN] [1783989468.118148899] [laser_mapping]: No point, skip this scan!

[WARN] [1783989468.128280172] [laser_mapping]: No point, skip this scan!

[WARN] [1783989468.138143086] [laser_mapping]: No point, skip this scan!

[WARN] [1783989468.148166290] [laser_mapping]: No point, skip this scan!

[WARN] [1783989468.158147037] [laser_mapping]: No point, skip this scan!

[WARN] [1783989468.168153625] [laser_mapping]: No point, skip this scan!

[WARN] [1783989468.178140778] [laser_mapping]: No point, skip this scan!

[WARN] [1783989468.188158407] [laser_mapping]: No point, skip this scan!

[WARN] [1783989468.198127472] [laser_mapping]: No point, skip this scan!

[WARN] [1783989468.208134099] [laser_mapping]: No point, skip this scan!

[WARN] [1783989468.218147698] [laser_mapping]: No point, skip this scan!

[WARN] [1783989468.228141686] [laser_mapping]: No point, skip this scan!

[WARN] [1783989468.238144236] [laser_mapping]: No point, skip this scan!

[WARN] [1783989468.248168738] [laser_mapping]: No point, skip this scan!

[WARN] [1783989468.258161531] [laser_mapping]: No point, skip this scan!

[WARN] [1783989468.268151736] [laser_mapping]: No point, skip this scan!

[WARN] [1783989468.278144757] [laser_mapping]: No point, skip this scan!

[WARN] [1783989468.288160411] [laser_mapping]: No point, skip this scan!

[WARN] [1783989468.298166934] [laser_mapping]: No point, skip this scan!

[WARN] [1783989468.308167758] [laser_mapping]: No point, skip this scan!

[WARN] [1783989468.318161742] [laser_mapping]: No point, skip this scan!

[WARN] [1783989468.328122103] [laser_mapping]: No point, skip this scan!

[WARN] [1783989468.338134674] [laser_mapping]: No point, skip this scan!

[WARN] [1783989468.348579537] [laser_mapping]: No point, skip this scan!

[WARN] [1783989468.358145176] [laser_mapping]: No point, skip this scan!

[WARN] [1783989468.368306843] [laser_mapping]: No point, skip this scan!

[WARN] [1783989468.378168436] [laser_mapping]: No point, skip this scan!

[WARN] [1783989468.388143457] [laser_mapping]: No point, skip this scan!

[WARN] [1783989468.398305031] [laser_mapping]: No point, skip this scan!

[WARN] [1783989468.408147598] [laser_mapping]: No point, skip this scan!

[WARN] [1783989468.418140949] [laser_mapping]: No point, skip this scan!

[WARN] [1783989468.428318721] [laser_mapping]: No point, skip this scan!

[WARN] [1783989468.438161858] [laser_mapping]: No point, skip this scan!

[WARN] [1783989468.448167131] [laser_mapping]: No point, skip this scan!

[WARN] [1783989468.458159094] [laser_mapping]: No point, skip this scan!

[WARN] [1783989468.468157555] [laser_mapping]: No point, skip this scan!

[WARN] [1783989468.478146289] [laser_mapping]: No point, skip this scan!

[WARN] [1783989468.488163198] [laser_mapping]: No point, skip this scan!

[WARN] [1783989468.498162315] [laser_mapping]: No point, skip this scan!

[WARN] [1783989468.508146385] [laser_mapping]: No point, skip this scan!

[WARN] [1783989468.518160168] [laser_mapping]: No point, skip this scan!

[WARN] [1783989468.528303551] [laser_mapping]: No point, skip this scan!

[WARN] [1783989468.538150703] [laser_mapping]: No point, skip this scan!

[WARN] [1783989468.548154590] [laser_mapping]: No point, skip this scan!

[WARN] [1783989468.558153799] [laser_mapping]: No point, skip this scan!

[WARN] [1783989468.568148096] [laser_mapping]: No point, skip this scan!

[WARN] [1783989468.578179836] [laser_mapping]: No point, skip this scan!

[WARN] [1783989468.588175802] [laser_mapping]: No point, skip this scan!

[WARN] [1783989468.598149041] [laser_mapping]: No point, skip this scan!

[WARN] [1783989468.608149845] [laser_mapping]: No point, skip this scan!

[WARN] [1783989468.618170489] [laser_mapping]: No point, skip this scan!

[WARN] [1783989468.628302065] [laser_mapping]: No point, skip this scan!

[WARN] [1783989468.638152208] [laser_mapping]: No point, skip this scan!

[WARN] [1783989468.648151447] [laser_mapping]: No point, skip this scan!

[WARN] [1783989468.658149362] [laser_mapping]: No point, skip this scan!

[WARN] [1783989468.668142951] [laser_mapping]: No point, skip this scan!

[WARN] [1783989468.678144757] [laser_mapping]: No point, skip this scan!

[INFO] [1783989468.688175395] [laser_mapping]: publish_map: frame pts=0, total=0
[WARN] [1783989468.688280042] [laser_mapping]: No point, skip this scan!

[WARN] [1783989468.698144980] [laser_mapping]: No point, skip this scan!

[WARN] [1783989468.708154574] [laser_mapping]: No point, skip this scan!

[WARN] [1783989468.718145763] [laser_mapping]: No point, skip this scan!

[WARN] [1783989468.728150053] [laser_mapping]: No point, skip this scan!

[WARN] [1783989468.738147272] [laser_mapping]: No point, skip this scan!

[WARN] [1783989468.748148077] [laser_mapping]: No point, skip this scan!

[WARN] [1783989468.758340033] [laser_mapping]: No point, skip this scan!

[WARN] [1783989468.768152932] [laser_mapping]: No point, skip this scan!

[WARN] [1783989468.778143320] [laser_mapping]: No point, skip this scan!

[WARN] [1783989468.788141648] [laser_mapping]: No point, skip this scan!

[WARN] [1783989468.798154655] [laser_mapping]: No point, skip this scan!

[WARN] [1783989468.808156511] [laser_mapping]: No point, skip this scan!

[WARN] [1783989468.818154076] [laser_mapping]: No point, skip this scan!

[WARN] [1783989468.828161037] [laser_mapping]: No point, skip this scan!

[WARN] [1783989468.838188742] [laser_mapping]: No point, skip this scan!

[WARN] [1783989468.848153026] [laser_mapping]: No point, skip this scan!

[WARN] [1783989468.858146340] [laser_mapping]: No point, skip this scan!

[WARN] [1783989468.868154634] [laser_mapping]: No point, skip this scan!

[WARN] [1783989468.878154540] [laser_mapping]: No point, skip this scan!

[WARN] [1783989468.888161265] [laser_mapping]: No point, skip this scan!

[WARN] [1783989468.898144146] [laser_mapping]: No point, skip this scan!

[WARN] [1783989468.908141680] [laser_mapping]: No point, skip this scan!

[WARN] [1783989468.918161919] [laser_mapping]: No point, skip this scan!

[WARN] [1783989468.928415671] [laser_mapping]: No point, skip this scan!

[WARN] [1783989468.938166009] [laser_mapping]: No point, skip this scan!

[WARN] [1783989468.948278627] [laser_mapping]: No point, skip this scan!

[WARN] [1783989468.958131493] [laser_mapping]: No point, skip this scan!

[WARN] [1783989468.968166245] [laser_mapping]: No point, skip this scan!

[WARN] [1783989468.978152431] [laser_mapping]: No point, skip this scan!

[WARN] [1783989468.988166522] [laser_mapping]: No point, skip this scan!

[WARN] [1783989468.998165840] [laser_mapping]: No point, skip this scan!

[WARN] [1783989469.008151148] [laser_mapping]: No point, skip this scan!

[WARN] [1783989469.018151342] [laser_mapping]: No point, skip this scan!

[WARN] [1783989469.028162533] [laser_mapping]: No point, skip this scan!

[WARN] [1783989469.038156573] [laser_mapping]: No point, skip this scan!

[WARN] [1783989469.048165348] [laser_mapping]: No point, skip this scan!

[WARN] [1783989469.058168998] [laser_mapping]: No point, skip this scan!

[WARN] [1783989469.068171848] [laser_mapping]: No point, skip this scan!

[WARN] [1783989469.078148330] [laser_mapping]: No point, skip this scan!

[WARN] [1783989469.088152311] [laser_mapping]: No point, skip this scan!

[WARN] [1783989469.098155290] [laser_mapping]: No point, skip this scan!

[WARN] [1783989469.108141556] [laser_mapping]: No point, skip this scan!

[WARN] [1783989469.118134322] [laser_mapping]: No point, skip this scan!

[WARN] [1783989469.128156157] [laser_mapping]: No point, skip this scan!

[WARN] [1783989469.138144810] [laser_mapping]: No point, skip this scan!

[WARN] [1783989469.148143603] [laser_mapping]: No point, skip this scan!

[WARN] [1783989469.158160662] [laser_mapping]: No point, skip this scan!

[WARN] [1783989469.168153526] [laser_mapping]: No point, skip this scan!

[WARN] [1783989469.178146758] [laser_mapping]: No point, skip this scan!

[WARN] [1783989469.188143796] [laser_mapping]: No point, skip this scan!

[WARN] [1783989469.198144114] [laser_mapping]: No point, skip this scan!

[WARN] [1783989469.208146669] [laser_mapping]: No point, skip this scan!

[WARN] [1783989469.218154590] [laser_mapping]: No point, skip this scan!

[WARN] [1783989469.228150333] [laser_mapping]: No point, skip this scan!

[WARN] [1783989469.238176198] [laser_mapping]: No point, skip this scan!

[WARN] [1783989469.248143604] [laser_mapping]: No point, skip this scan!

[WARN] [1783989469.258152314] [laser_mapping]: No point, skip this scan!

[WARN] [1783989469.268150196] [laser_mapping]: No point, skip this scan!

[WARN] [1783989469.278268690] [laser_mapping]: No point, skip this scan!

[WARN] [1783989469.288121791] [laser_mapping]: No point, skip this scan!

[WARN] [1783989469.298154557] [laser_mapping]: No point, skip this scan!

[WARN] [1783989469.308161568] [laser_mapping]: No point, skip this scan!

[WARN] [1783989469.318155963] [laser_mapping]: No point, skip this scan!

[WARN] [1783989469.328146441] [laser_mapping]: No point, skip this scan!

[WARN] [1783989469.339103746] [laser_mapping]: No point, skip this scan!

[WARN] [1783989469.348144330] [laser_mapping]: No point, skip this scan!

[WARN] [1783989469.358156033] [laser_mapping]: No point, skip this scan!

[WARN] [1783989469.368157491] [laser_mapping]: No point, skip this scan!

[WARN] [1783989469.378194717] [laser_mapping]: No point, skip this scan!

[WARN] [1783989469.388174804] [laser_mapping]: No point, skip this scan!

[WARN] [1783989469.398254451] [laser_mapping]: No point, skip this scan!

[WARN] [1783989469.408151982] [laser_mapping]: No point, skip this scan!

[WARN] [1783989469.418177197] [laser_mapping]: No point, skip this scan!

[WARN] [1783989469.428163304] [laser_mapping]: No point, skip this scan!

[WARN] [1783989469.438197215] [laser_mapping]: No point, skip this scan!

[WARN] [1783989469.448159357] [laser_mapping]: No point, skip this scan!

[WARN] [1783989469.458159690] [laser_mapping]: No point, skip this scan!

[WARN] [1783989469.468159915] [laser_mapping]: No point, skip this scan!

[WARN] [1783989469.478141301] [laser_mapping]: No point, skip this scan!

[WARN] [1783989469.488156483] [laser_mapping]: No point, skip this scan!

[WARN] [1783989469.498242757] [laser_mapping]: No point, skip this scan!

[WARN] [1783989469.508326658] [laser_mapping]: No point, skip this scan!

[WARN] [1783989469.518318342] [laser_mapping]: No point, skip this scan!

[WARN] [1783989469.528169309] [laser_mapping]: No point, skip this scan!

[WARN] [1783989469.538152153] [laser_mapping]: No point, skip this scan!

[WARN] [1783989469.548166449] [laser_mapping]: No point, skip this scan!

[WARN] [1783989469.558123255] [laser_mapping]: No point, skip this scan!

[WARN] [1783989469.568158168] [laser_mapping]: No point, skip this scan!

[WARN] [1783989469.578151202] [laser_mapping]: No point, skip this scan!

[WARN] [1783989469.588158072] [laser_mapping]: No point, skip this scan!

[WARN] [1783989469.598149401] [laser_mapping]: No point, skip this scan!

[WARN] [1783989469.608147184] [laser_mapping]: No point, skip this scan!

[WARN] [1783989469.618145155] [laser_mapping]: No point, skip this scan!

[WARN] [1783989469.628160562] [laser_mapping]: No point, skip this scan!

[WARN] [1783989469.638143967] [laser_mapping]: No point, skip this scan!

[WARN] [1783989469.648152638] [laser_mapping]: No point, skip this scan!

[WARN] [1783989469.658184951] [laser_mapping]: No point, skip this scan!

[WARN] [1783989469.668156358] [laser_mapping]: No point, skip this scan!

[WARN] [1783989469.678110373] [laser_mapping]: No point, skip this scan!

[INFO] [1783989469.688259073] [laser_mapping]: publish_map: frame pts=0, total=0
[WARN] [1783989469.688426613] [laser_mapping]: No point, skip this scan!

[WARN] [1783989469.698146210] [laser_mapping]: No point, skip this scan!

[WARN] [1783989469.708140539] [laser_mapping]: No point, skip this scan!

[WARN] [1783989469.718619215] [laser_mapping]: No point, skip this scan!

[WARN] [1783989469.728148478] [laser_mapping]: No point, skip this scan!

[WARN] [1783989469.738170941] [laser_mapping]: No point, skip this scan!

[WARN] [1783989469.748145452] [laser_mapping]: No point, skip this scan!

[WARN] [1783989469.758151410] [laser_mapping]: No point, skip this scan!

[WARN] [1783989469.768165118] [laser_mapping]: No point, skip this scan!

[WARN] [1783989469.778147312] [laser_mapping]: No point, skip this scan!

[WARN] [1783989469.788178847] [laser_mapping]: No point, skip this scan!

[WARN] [1783989469.798165530] [laser_mapping]: No point, skip this scan!

[WARN] [1783989469.808417538] [laser_mapping]: No point, skip this scan!

[WARN] [1783989469.818153982] [laser_mapping]: No point, skip this scan!

[WARN] [1783989469.828143026] [laser_mapping]: No point, skip this scan!

[WARN] [1783989469.838235288] [laser_mapping]: No point, skip this scan!

[WARN] [1783989469.848161453] [laser_mapping]: No point, skip this scan!

[WARN] [1783989469.858160545] [laser_mapping]: No point, skip this scan!

[WARN] [1783989469.868173017] [laser_mapping]: No point, skip this scan!

[WARN] [1783989469.878142989] [laser_mapping]: No point, skip this scan!

[WARN] [1783989469.888165466] [laser_mapping]: No point, skip this scan!

[WARN] [1783989469.898147029] [laser_mapping]: No point, skip this scan!

[WARN] [1783989469.908151604] [laser_mapping]: No point, skip this scan!

[WARN] [1783989469.918165025] [laser_mapping]: No point, skip this scan!

[WARN] [1783989469.928106223] [laser_mapping]: No point, skip this scan!

[WARN] [1783989469.938148042] [laser_mapping]: No point, skip this scan!

[WARN] [1783989469.948165684] [laser_mapping]: No point, skip this scan!

[WARN] [1783989469.958146013] [laser_mapping]: No point, skip this scan!

[WARN] [1783989469.968147807] [laser_mapping]: No point, skip this scan!

[WARN] [1783989469.978142951] [laser_mapping]: No point, skip this scan!

[WARN] [1783989469.988150518] [laser_mapping]: No point, skip this scan!

[WARN] [1783989469.998157042] [laser_mapping]: No point, skip this scan!

[WARN] [1783989470.008149798] [laser_mapping]: No point, skip this scan!

[WARN] [1783989470.018164554] [laser_mapping]: No point, skip this scan!

[WARN] [1783989470.028165928] [laser_mapping]: No point, skip this scan!

[WARN] [1783989470.038150806] [laser_mapping]: No point, skip this scan!

[WARN] [1783989470.048150998] [laser_mapping]: No point, skip this scan!

[WARN] [1783989470.058156108] [laser_mapping]: No point, skip this scan!

[WARN] [1783989470.068153867] [laser_mapping]: No point, skip this scan!

[WARN] [1783989470.078153627] [laser_mapping]: No point, skip this scan!

[WARN] [1783989470.088159371] [laser_mapping]: No point, skip this scan!

[WARN] [1783989470.098185162] [laser_mapping]: No point, skip this scan!

[WARN] [1783989470.108154110] [laser_mapping]: No point, skip this scan!

[WARN] [1783989470.118150789] [laser_mapping]: No point, skip this scan!

[WARN] [1783989470.128263639] [laser_mapping]: No point, skip this scan!

[WARN] [1783989470.138151883] [laser_mapping]: No point, skip this scan!

[WARN] [1783989470.148154336] [laser_mapping]: No point, skip this scan!

[WARN] [1783989470.158148143] [laser_mapping]: No point, skip this scan!

[WARN] [1783989470.168164419] [laser_mapping]: No point, skip this scan!

[WARN] [1783989470.178154161] [laser_mapping]: No point, skip this scan!

[WARN] [1783989470.188148690] [laser_mapping]: No point, skip this scan!

[WARN] [1783989470.198145358] [laser_mapping]: No point, skip this scan!

[WARN] [1783989470.208163767] [laser_mapping]: No point, skip this scan!

[WARN] [1783989470.218171038] [laser_mapping]: No point, skip this scan!

[WARN] [1783989470.228157534] [laser_mapping]: No point, skip this scan!

[WARN] [1783989470.238174263] [laser_mapping]: No point, skip this scan!

[WARN] [1783989470.248245649] [laser_mapping]: No point, skip this scan!

[WARN] [1783989470.258153461] [laser_mapping]: No point, skip this scan!

[WARN] [1783989470.268160504] [laser_mapping]: No point, skip this scan!

[WARN] [1783989470.278161983] [laser_mapping]: No point, skip this scan!

[WARN] [1783989470.288148462] [laser_mapping]: No point, skip this scan!

[WARN] [1783989470.298152736] [laser_mapping]: No point, skip this scan!

[WARN] [1783989470.308164822] [laser_mapping]: No point, skip this scan!

[WARN] [1783989470.318153975] [laser_mapping]: No point, skip this scan!

[WARN] [1783989470.328150582] [laser_mapping]: No point, skip this scan!

[WARN] [1783989470.338159611] [laser_mapping]: No point, skip this scan!

[WARN] [1783989470.348424012] [laser_mapping]: No point, skip this scan!

[WARN] [1783989470.358161659] [laser_mapping]: No point, skip this scan!

[WARN] [1783989470.368369090] [laser_mapping]: No point, skip this scan!

[WARN] [1783989470.378169855] [laser_mapping]: No point, skip this scan!

[WARN] [1783989470.388162833] [laser_mapping]: No point, skip this scan!

[WARN] [1783989470.398142458] [laser_mapping]: No point, skip this scan!

[WARN] [1783989470.408146753] [laser_mapping]: No point, skip this scan!

[WARN] [1783989470.418146904] [laser_mapping]: No point, skip this scan!

[WARN] [1783989470.428153834] [laser_mapping]: No point, skip this scan!

[WARN] [1783989470.438147259] [laser_mapping]: No point, skip this scan!

[WARN] [1783989470.448158470] [laser_mapping]: No point, skip this scan!

[WARN] [1783989470.458143532] [laser_mapping]: No point, skip this scan!

[WARN] [1783989470.468159425] [laser_mapping]: No point, skip this scan!

[WARN] [1783989470.478116814] [laser_mapping]: No point, skip this scan!

[WARN] [1783989470.488159773] [laser_mapping]: No point, skip this scan!

[WARN] [1783989470.498151040] [laser_mapping]: No point, skip this scan!

[WARN] [1783989470.508158814] [laser_mapping]: No point, skip this scan!

[WARN] [1783989470.518148416] [laser_mapping]: No point, skip this scan!

[WARN] [1783989470.528156077] [laser_mapping]: No point, skip this scan!

[WARN] [1783989470.538143317] [laser_mapping]: No point, skip this scan!

[WARN] [1783989470.548162321] [laser_mapping]: No point, skip this scan!

[WARN] [1783989470.558158848] [laser_mapping]: No point, skip this scan!

[WARN] [1783989470.568154967] [laser_mapping]: No point, skip this scan!

[WARN] [1783989470.578147381] [laser_mapping]: No point, skip this scan!

[WARN] [1783989470.588157670] [laser_mapping]: No point, skip this scan!

[WARN] [1783989470.598148925] [laser_mapping]: No point, skip this scan!

[WARN] [1783989470.608168207] [laser_mapping]: No point, skip this scan!

[WARN] [1783989470.618157830] [laser_mapping]: No point, skip this scan!

[WARN] [1783989470.628174404] [laser_mapping]: No point, skip this scan!

[WARN] [1783989470.638171853] [laser_mapping]: No point, skip this scan!

[WARN] [1783989470.648150779] [laser_mapping]: No point, skip this scan!

[WARN] [1783989470.658146270] [laser_mapping]: No point, skip this scan!

[WARN] [1783989470.668143272] [laser_mapping]: No point, skip this scan!

[WARN] [1783989470.678139860] [laser_mapping]: No point, skip this scan!

[INFO] [1783989470.688162204] [laser_mapping]: publish_map: frame pts=0, total=0
[WARN] [1783989470.688328019] [laser_mapping]: No point, skip this scan!

[WARN] [1783989470.699611547] [laser_mapping]: No point, skip this scan!

[WARN] [1783989470.708145315] [laser_mapping]: No point, skip this scan!

[WARN] [1783989470.718142285] [laser_mapping]: No point, skip this scan!

[WARN] [1783989470.728150593] [laser_mapping]: No point, skip this scan!

[WARN] [1783989470.738166736] [laser_mapping]: No point, skip this scan!

[WARN] [1783989470.748158952] [laser_mapping]: No point, skip this scan!

[WARN] [1783989470.758156949] [laser_mapping]: No point, skip this scan!

[WARN] [1783989470.768109604] [laser_mapping]: No point, skip this scan!

[WARN] [1783989470.778122617] [laser_mapping]: No point, skip this scan!

[WARN] [1783989470.788178487] [laser_mapping]: No point, skip this scan!

[WARN] [1783989470.798176939] [laser_mapping]: No point, skip this scan!

[WARN] [1783989470.808147741] [laser_mapping]: No point, skip this scan!

[WARN] [1783989470.818681166] [laser_mapping]: No point, skip this scan!

[WARN] [1783989470.828508011] [laser_mapping]: No point, skip this scan!

[WARN] [1783989470.838171324] [laser_mapping]: No point, skip this scan!

[WARN] [1783989470.848445943] [laser_mapping]: No point, skip this scan!

[WARN] [1783989470.858155434] [laser_mapping]: No point, skip this scan!

[WARN] [1783989470.868100013] [laser_mapping]: No point, skip this scan!

[WARN] [1783989470.878158670] [laser_mapping]: No point, skip this scan!

[WARN] [1783989470.888157806] [laser_mapping]: No point, skip this scan!

[WARN] [1783989470.898152728] [laser_mapping]: No point, skip this scan!

[WARN] [1783989470.908162116] [laser_mapping]: No point, skip this scan!

[WARN] [1783989470.918162107] [laser_mapping]: No point, skip this scan!

[WARN] [1783989470.928144074] [laser_mapping]: No point, skip this scan!

[WARN] [1783989470.938160797] [laser_mapping]: No point, skip this scan!

[WARN] [1783989470.948294076] [laser_mapping]: No point, skip this scan!

[WARN] [1783989470.958142210] [laser_mapping]: No point, skip this scan!

[WARN] [1783989470.968158217] [laser_mapping]: No point, skip this scan!

[WARN] [1783989470.978147936] [laser_mapping]: No point, skip this scan!

[WARN] [1783989470.988160653] [laser_mapping]: No point, skip this scan!

[WARN] [1783989470.998156280] [laser_mapping]: No point, skip this scan!

[WARN] [1783989471.008153859] [laser_mapping]: No point, skip this scan!

[WARN] [1783989471.018244106] [laser_mapping]: No point, skip this scan!

[WARN] [1783989471.028153609] [laser_mapping]: No point, skip this scan!

[WARN] [1783989471.038328919] [laser_mapping]: No point, skip this scan!

[WARN] [1783989471.048154449] [laser_mapping]: No point, skip this scan!

[WARN] [1783989471.058170606] [laser_mapping]: No point, skip this scan!

[WARN] [1783989471.068153442] [laser_mapping]: No point, skip this scan!

[WARN] [1783989471.078145381] [laser_mapping]: No point, skip this scan!

[WARN] [1783989471.088154489] [laser_mapping]: No point, skip this scan!

[WARN] [1783989471.098293910] [laser_mapping]: No point, skip this scan!

[WARN] [1783989471.108144547] [laser_mapping]: No point, skip this scan!

[WARN] [1783989471.118141306] [laser_mapping]: No point, skip this scan!

[WARN] [1783989471.128155843] [laser_mapping]: No point, skip this scan!

[WARN] [1783989471.138383050] [laser_mapping]: No point, skip this scan!

[WARN] [1783989471.148155560] [laser_mapping]: No point, skip this scan!

[WARN] [1783989471.158147373] [laser_mapping]: No point, skip this scan!

[WARN] [1783989471.168169057] [laser_mapping]: No point, skip this scan!

[WARN] [1783989471.178126539] [laser_mapping]: No point, skip this scan!

[WARN] [1783989471.188149080] [laser_mapping]: No point, skip this scan!

[WARN] [1783989471.198145210] [laser_mapping]: No point, skip this scan!

[WARN] [1783989471.209101800] [laser_mapping]: No point, skip this scan!

[WARN] [1783989471.218144505] [laser_mapping]: No point, skip this scan!

[WARN] [1783989471.228944099] [laser_mapping]: No point, skip this scan!

[WARN] [1783989471.238156099] [laser_mapping]: No point, skip this scan!

[WARN] [1783989471.248147166] [laser_mapping]: No point, skip this scan!

[WARN] [1783989471.259526418] [laser_mapping]: No point, skip this scan!

[WARN] [1783989471.269239674] [laser_mapping]: No point, skip this scan!

[WARN] [1783989471.278150004] [laser_mapping]: No point, skip this scan!

[WARN] [1783989471.288161266] [laser_mapping]: No point, skip this scan!

[WARN] [1783989471.298788417] [laser_mapping]: No point, skip this scan!

[WARN] [1783989471.308153117] [laser_mapping]: No point, skip this scan!

[WARN] [1783989471.318156091] [laser_mapping]: No point, skip this scan!

[WARN] [1783989471.328166706] [laser_mapping]: No point, skip this scan!

[WARN] [1783989471.338155481] [laser_mapping]: No point, skip this scan!

[WARN] [1783989471.348146784] [laser_mapping]: No point, skip this scan!

[WARN] [1783989471.358144360] [laser_mapping]: No point, skip this scan!

[WARN] [1783989471.368138033] [laser_mapping]: No point, skip this scan!

[WARN] [1783989471.378142317] [laser_mapping]: No point, skip this scan!

[WARN] [1783989471.388410648] [laser_mapping]: No point, skip this scan!

[WARN] [1783989471.398163539] [laser_mapping]: No point, skip this scan!

[WARN] [1783989471.408158671] [laser_mapping]: No point, skip this scan!

[WARN] [1783989471.418147328] [laser_mapping]: No point, skip this scan!

[WARN] [1783989471.428154246] [laser_mapping]: No point, skip this scan!

[WARN] [1783989471.438279386] [laser_mapping]: No point, skip this scan!

[WARN] [1783989471.448158817] [laser_mapping]: No point, skip this scan!

[WARN] [1783989471.458263262] [laser_mapping]: No point, skip this scan!

[WARN] [1783989471.468159233] [laser_mapping]: No point, skip this scan!

[WARN] [1783989471.478099653] [laser_mapping]: No point, skip this scan!

[WARN] [1783989471.488163934] [laser_mapping]: No point, skip this scan!

[WARN] [1783989471.498147525] [laser_mapping]: No point, skip this scan!

[WARN] [1783989471.508161609] [laser_mapping]: No point, skip this scan!

[WARN] [1783989471.518155028] [laser_mapping]: No point, skip this scan!

[WARN] [1783989471.528144605] [laser_mapping]: No point, skip this scan!

[WARN] [1783989471.538192229] [laser_mapping]: No point, skip this scan!

[WARN] [1783989471.548166013] [laser_mapping]: No point, skip this scan!

[WARN] [1783989471.558150785] [laser_mapping]: No point, skip this scan!

[WARN] [1783989471.568116781] [laser_mapping]: No point, skip this scan!

[WARN] [1783989471.578161659] [laser_mapping]: No point, skip this scan!

[WARN] [1783989471.588144844] [laser_mapping]: No point, skip this scan!

[WARN] [1783989471.598145040] [laser_mapping]: No point, skip this scan!

[WARN] [1783989471.608142183] [laser_mapping]: No point, skip this scan!

[WARN] [1783989471.618152076] [laser_mapping]: No point, skip this scan!

[WARN] [1783989471.628150703] [laser_mapping]: No point, skip this scan!

[WARN] [1783989471.638129684] [laser_mapping]: No point, skip this scan!

[WARN] [1783989471.648153837] [laser_mapping]: No point, skip this scan!

[WARN] [1783989471.658160801] [laser_mapping]: No point, skip this scan!

[WARN] [1783989471.668145420] [laser_mapping]: No point, skip this scan!

[WARN] [1783989471.678149407] [laser_mapping]: No point, skip this scan!

[INFO] [1783989471.688470041] [laser_mapping]: publish_map: frame pts=0, total=0
[WARN] [1783989471.688570285] [laser_mapping]: No point, skip this scan!

[WARN] [1783989471.698537186] [laser_mapping]: No point, skip this scan!

[WARN] [1783989471.708144931] [laser_mapping]: No point, skip this scan!

[WARN] [1783989471.718142441] [laser_mapping]: No point, skip this scan!

[WARN] [1783989471.728606416] [laser_mapping]: No point, skip this scan!

[WARN] [1783989471.738170480] [laser_mapping]: No point, skip this scan!

[WARN] [1783989471.748151190] [laser_mapping]: No point, skip this scan!

[WARN] [1783989471.758161166] [laser_mapping]: No point, skip this scan!

[WARN] [1783989471.768173604] [laser_mapping]: No point, skip this scan!

[WARN] [1783989471.778163537] [laser_mapping]: No point, skip this scan!

[WARN] [1783989471.788249077] [laser_mapping]: No point, skip this scan!

[WARN] [1783989471.799267354] [laser_mapping]: No point, skip this scan!

[WARN] [1783989471.808149747] [laser_mapping]: No point, skip this scan!

[WARN] [1783989471.818166014] [laser_mapping]: No point, skip this scan!

[WARN] [1783989471.828169558] [laser_mapping]: No point, skip this scan!

[WARN] [1783989471.838164163] [laser_mapping]: No point, skip this scan!

[WARN] [1783989471.848097907] [laser_mapping]: No point, skip this scan!

[WARN] [1783989471.858246587] [laser_mapping]: No point, skip this scan!

[WARN] [1783989471.868174188] [laser_mapping]: No point, skip this scan!

[WARN] [1783989471.878964666] [laser_mapping]: No point, skip this scan!

[WARN] [1783989471.888155994] [laser_mapping]: No point, skip this scan!

[WARN] [1783989471.898143587] [laser_mapping]: No point, skip this scan!

[WARN] [1783989471.908155546] [laser_mapping]: No point, skip this scan!

[WARN] [1783989471.918144969] [laser_mapping]: No point, skip this scan!

[WARN] [1783989471.928152169] [laser_mapping]: No point, skip this scan!

[WARN] [1783989471.938164444] [laser_mapping]: No point, skip this scan!

[WARN] [1783989471.948154037] [laser_mapping]: No point, skip this scan!

[WARN] [1783989471.958162071] [laser_mapping]: No point, skip this scan!

[WARN] [1783989471.968154738] [laser_mapping]: No point, skip this scan!

[WARN] [1783989471.978141358] [laser_mapping]: No point, skip this scan!

[WARN] [1783989471.988142503] [laser_mapping]: No point, skip this scan!

[WARN] [1783989471.998169684] [laser_mapping]: No point, skip this scan!

[WARN] [1783989472.008156801] [laser_mapping]: No point, skip this scan!

[WARN] [1783989472.018150107] [laser_mapping]: No point, skip this scan!

[WARN] [1783989472.028150904] [laser_mapping]: No point, skip this scan!

[WARN] [1783989472.038149216] [laser_mapping]: No point, skip this scan!

[WARN] [1783989472.048146164] [laser_mapping]: No point, skip this scan!

[WARN] [1783989472.058145466] [laser_mapping]: No point, skip this scan!

[WARN] [1783989472.068147941] [laser_mapping]: No point, skip this scan!

[WARN] [1783989472.078209417] [laser_mapping]: No point, skip this scan!

[WARN] [1783989472.088159794] [laser_mapping]: No point, skip this scan!

[WARN] [1783989472.098136446] [laser_mapping]: No point, skip this scan!

[WARN] [1783989472.108146383] [laser_mapping]: No point, skip this scan!

[WARN] [1783989472.118154657] [laser_mapping]: No point, skip this scan!

[WARN] [1783989472.128151109] [laser_mapping]: No point, skip this scan!

[WARN] [1783989472.138146276] [laser_mapping]: No point, skip this scan!

[WARN] [1783989472.148205946] [laser_mapping]: No point, skip this scan!

[WARN] [1783989472.158160578] [laser_mapping]: No point, skip this scan!

[WARN] [1783989472.168155065] [laser_mapping]: No point, skip this scan!

[WARN] [1783989472.178144038] [laser_mapping]: No point, skip this scan!

[WARN] [1783989472.188159587] [laser_mapping]: No point, skip this scan!

[WARN] [1783989472.198141471] [laser_mapping]: No point, skip this scan!

[WARN] [1783989472.208212268] [laser_mapping]: No point, skip this scan!

[WARN] [1783989472.218162706] [laser_mapping]: No point, skip this scan!

[WARN] [1783989472.228153530] [laser_mapping]: No point, skip this scan!

[WARN] [1783989472.238095465] [laser_mapping]: No point, skip this scan!

[WARN] [1783989472.248145313] [laser_mapping]: No point, skip this scan!

[WARN] [1783989472.258148500] [laser_mapping]: No point, skip this scan!

[WARN] [1783989472.268165340] [laser_mapping]: No point, skip this scan!

[WARN] [1783989472.278148216] [laser_mapping]: No point, skip this scan!

[WARN] [1783989472.288150160] [laser_mapping]: No point, skip this scan!

[WARN] [1783989472.298158771] [laser_mapping]: No point, skip this scan!

[WARN] [1783989472.308420112] [laser_mapping]: No point, skip this scan!

[WARN] [1783989472.318667654] [laser_mapping]: No point, skip this scan!

[WARN] [1783989472.328150701] [laser_mapping]: No point, skip this scan!

[WARN] [1783989472.338145990] [laser_mapping]: No point, skip this scan!

[WARN] [1783989472.348136757] [laser_mapping]: No point, skip this scan!

[WARN] [1783989472.358146364] [laser_mapping]: No point, skip this scan!

[WARN] [1783989472.368157376] [laser_mapping]: No point, skip this scan!

[WARN] [1783989472.378149659] [laser_mapping]: No point, skip this scan!

[WARN] [1783989472.388148574] [laser_mapping]: No point, skip this scan!

[WARN] [1783989472.398144301] [laser_mapping]: No point, skip this scan!

[WARN] [1783989472.408160200] [laser_mapping]: No point, skip this scan!

[WARN] [1783989472.418159415] [laser_mapping]: No point, skip this scan!

[WARN] [1783989472.428146133] [laser_mapping]: No point, skip this scan!

[WARN] [1783989472.438145932] [laser_mapping]: No point, skip this scan!

[WARN] [1783989472.448148002] [laser_mapping]: No point, skip this scan!

[WARN] [1783989472.458151593] [laser_mapping]: No point, skip this scan!

[WARN] [1783989472.468142632] [laser_mapping]: No point, skip this scan!

[WARN] [1783989472.478144593] [laser_mapping]: No point, skip this scan!

[WARN] [1783989472.488150894] [laser_mapping]: No point, skip this scan!

[WARN] [1783989472.498283902] [laser_mapping]: No point, skip this scan!

[WARN] [1783989472.508236480] [laser_mapping]: No point, skip this scan!

[WARN] [1783989472.518165703] [laser_mapping]: No point, skip this scan!

[WARN] [1783989472.528278367] [laser_mapping]: No point, skip this scan!

[WARN] [1783989472.538156997] [laser_mapping]: No point, skip this scan!

[WARN] [1783989472.548245086] [laser_mapping]: No point, skip this scan!

[WARN] [1783989472.558149937] [laser_mapping]: No point, skip this scan!

[WARN] [1783989472.568147040] [laser_mapping]: No point, skip this scan!

[WARN] [1783989472.578252131] [laser_mapping]: No point, skip this scan!

[WARN] [1783989472.588141326] [laser_mapping]: No point, skip this scan!

[WARN] [1783989472.598170251] [laser_mapping]: No point, skip this scan!

[WARN] [1783989472.608159223] [laser_mapping]: No point, skip this scan!

[WARN] [1783989472.618166394] [laser_mapping]: No point, skip this scan!

[WARN] [1783989472.628153543] [laser_mapping]: No point, skip this scan!

[WARN] [1783989472.638141069] [laser_mapping]: No point, skip this scan!

[WARN] [1783989472.648146993] [laser_mapping]: No point, skip this scan!

[WARN] [1783989472.658147248] [laser_mapping]: No point, skip this scan!

[WARN] [1783989472.668146392] [laser_mapping]: No point, skip this scan!

[WARN] [1783989472.678141794] [laser_mapping]: No point, skip this scan!

[INFO] [1783989472.688141255] [laser_mapping]: publish_map: frame pts=0, total=0
[WARN] [1783989472.688197894] [laser_mapping]: No point, skip this scan!

[WARN] [1783989472.698150205] [laser_mapping]: No point, skip this scan!

[WARN] [1783989472.708149294] [laser_mapping]: No point, skip this scan!

[WARN] [1783989472.718158485] [laser_mapping]: No point, skip this scan!

[WARN] [1783989472.728149314] [laser_mapping]: No point, skip this scan!

[WARN] [1783989472.738162174] [laser_mapping]: No point, skip this scan!

[WARN] [1783989472.748159691] [laser_mapping]: No point, skip this scan!

[WARN] [1783989472.758161624] [laser_mapping]: No point, skip this scan!

[WARN] [1783989472.768152029] [laser_mapping]: No point, skip this scan!

[WARN] [1783989472.778152690] [laser_mapping]: No point, skip this scan!

[WARN] [1783989472.788156996] [laser_mapping]: No point, skip this scan!

[WARN] [1783989472.798150681] [laser_mapping]: No point, skip this scan!

[WARN] [1783989472.808156692] [laser_mapping]: No point, skip this scan!

[WARN] [1783989472.818146321] [laser_mapping]: No point, skip this scan!

[WARN] [1783989472.828159149] [laser_mapping]: No point, skip this scan!

[WARN] [1783989472.838106407] [laser_mapping]: No point, skip this scan!

[WARN] [1783989472.848152116] [laser_mapping]: No point, skip this scan!

[WARN] [1783989472.858457702] [laser_mapping]: No point, skip this scan!

[WARN] [1783989472.868157447] [laser_mapping]: No point, skip this scan!

[WARN] [1783989472.878149394] [laser_mapping]: No point, skip this scan!

[WARN] [1783989472.888150324] [laser_mapping]: No point, skip this scan!

[WARN] [1783989472.898143022] [laser_mapping]: No point, skip this scan!

[WARN] [1783989472.908154504] [laser_mapping]: No point, skip this scan!

[WARN] [1783989472.918174715] [laser_mapping]: No point, skip this scan!

[WARN] [1783989472.928154014] [laser_mapping]: No point, skip this scan!

[WARN] [1783989472.938141600] [laser_mapping]: No point, skip this scan!

[WARN] [1783989472.948143736] [laser_mapping]: No point, skip this scan!

[WARN] [1783989472.958145167] [laser_mapping]: No point, skip this scan!

[WARN] [1783989472.968157830] [laser_mapping]: No point, skip this scan!

[WARN] [1783989472.978141744] [laser_mapping]: No point, skip this scan!

[WARN] [1783989472.988159730] [laser_mapping]: No point, skip this scan!

[WARN] [1783989472.998142811] [laser_mapping]: No point, skip this scan!

[WARN] [1783989473.008163926] [laser_mapping]: No point, skip this scan!

[WARN] [1783989473.018166311] [laser_mapping]: No point, skip this scan!

[WARN] [1783989473.028150435] [laser_mapping]: No point, skip this scan!

[WARN] [1783989473.038146251] [laser_mapping]: No point, skip this scan!

[WARN] [1783989473.048145842] [laser_mapping]: No point, skip this scan!

[WARN] [1783989473.058150449] [laser_mapping]: No point, skip this scan!

[WARN] [1783989473.068141951] [laser_mapping]: No point, skip this scan!

[WARN] [1783989473.078151988] [laser_mapping]: No point, skip this scan!

[WARN] [1783989473.088161278] [laser_mapping]: No point, skip this scan!

[WARN] [1783989473.098144175] [laser_mapping]: No point, skip this scan!

[WARN] [1783989473.108150593] [laser_mapping]: No point, skip this scan!

[WARN] [1783989473.118350490] [laser_mapping]: No point, skip this scan!

[WARN] [1783989473.128145706] [laser_mapping]: No point, skip this scan!

[WARN] [1783989473.138159824] [laser_mapping]: No point, skip this scan!

[WARN] [1783989473.148153277] [laser_mapping]: No point, skip this scan!

[WARN] [1783989473.158154926] [laser_mapping]: No point, skip this scan!

[WARN] [1783989473.168156307] [laser_mapping]: No point, skip this scan!

[WARN] [1783989473.178129520] [laser_mapping]: No point, skip this scan!

[WARN] [1783989473.188169904] [laser_mapping]: No point, skip this scan!

[WARN] [1783989473.198122481] [laser_mapping]: No point, skip this scan!

[WARN] [1783989473.208163617] [laser_mapping]: No point, skip this scan!

[WARN] [1783989473.218187573] [laser_mapping]: No point, skip this scan!

[WARN] [1783989473.228271527] [laser_mapping]: No point, skip this scan!

[WARN] [1783989473.238146748] [laser_mapping]: No point, skip this scan!

[WARN] [1783989473.248139543] [laser_mapping]: No point, skip this scan!

[WARN] [1783989473.258143475] [laser_mapping]: No point, skip this scan!

[WARN] [1783989473.268144468] [laser_mapping]: No point, skip this scan!

[WARN] [1783989473.278149482] [laser_mapping]: No point, skip this scan!

[WARN] [1783989473.288153813] [laser_mapping]: No point, skip this scan!

[WARN] [1783989473.298146946] [laser_mapping]: No point, skip this scan!

[WARN] [1783989473.308143452] [laser_mapping]: No point, skip this scan!

[WARN] [1783989473.318156103] [laser_mapping]: No point, skip this scan!

[WARN] [1783989473.328143723] [laser_mapping]: No point, skip this scan!

[WARN] [1783989473.338148617] [laser_mapping]: No point, skip this scan!

[WARN] [1783989473.348142884] [laser_mapping]: No point, skip this scan!

[WARN] [1783989473.358318241] [laser_mapping]: No point, skip this scan!

[WARN] [1783989473.368135157] [laser_mapping]: No point, skip this scan!

[WARN] [1783989473.378136074] [laser_mapping]: No point, skip this scan!

[WARN] [1783989473.388140257] [laser_mapping]: No point, skip this scan!

[WARN] [1783989473.398152467] [laser_mapping]: No point, skip this scan!

[WARN] [1783989473.408147523] [laser_mapping]: No point, skip this scan!

[WARN] [1783989473.418161450] [laser_mapping]: No point, skip this scan!

[WARN] [1783989473.428142231] [laser_mapping]: No point, skip this scan!

[WARN] [1783989473.438304757] [laser_mapping]: No point, skip this scan!

[WARN] [1783989473.448157415] [laser_mapping]: No point, skip this scan!

[WARN] [1783989473.458155824] [laser_mapping]: No point, skip this scan!

[WARN] [1783989473.468148142] [laser_mapping]: No point, skip this scan!

[WARN] [1783989473.478138980] [laser_mapping]: No point, skip this scan!

[WARN] [1783989473.488145267] [laser_mapping]: No point, skip this scan!

[WARN] [1783989473.498139656] [laser_mapping]: No point, skip this scan!

[WARN] [1783989473.508144219] [laser_mapping]: No point, skip this scan!

[WARN] [1783989473.518262351] [laser_mapping]: No point, skip this scan!

[WARN] [1783989473.528159401] [laser_mapping]: No point, skip this scan!

[WARN] [1783989473.538145960] [laser_mapping]: No point, skip this scan!

[WARN] [1783989473.548152437] [laser_mapping]: No point, skip this scan!

[WARN] [1783989473.558243263] [laser_mapping]: No point, skip this scan!

[WARN] [1783989473.568142082] [laser_mapping]: No point, skip this scan!

[WARN] [1783989473.578167722] [laser_mapping]: No point, skip this scan!

[WARN] [1783989473.588148162] [laser_mapping]: No point, skip this scan!

[WARN] [1783989473.598171306] [laser_mapping]: No point, skip this scan!

[WARN] [1783989473.608142502] [laser_mapping]: No point, skip this scan!

[WARN] [1783989473.618158353] [laser_mapping]: No point, skip this scan!

[WARN] [1783989473.628144974] [laser_mapping]: No point, skip this scan!

[WARN] [1783989473.638146269] [laser_mapping]: No point, skip this scan!

[WARN] [1783989473.648153860] [laser_mapping]: No point, skip this scan!

[WARN] [1783989473.658146286] [laser_mapping]: No point, skip this scan!

[WARN] [1783989473.668146328] [laser_mapping]: No point, skip this scan!

[WARN] [1783989473.678142720] [laser_mapping]: No point, skip this scan!

[INFO] [1783989473.688148484] [laser_mapping]: publish_map: frame pts=0, total=0
[WARN] [1783989473.688228589] [laser_mapping]: No point, skip this scan!

[WARN] [1783989473.698156133] [laser_mapping]: No point, skip this scan!

[WARN] [1783989473.708154169] [laser_mapping]: No point, skip this scan!

[WARN] [1783989473.718174273] [laser_mapping]: No point, skip this scan!

[WARN] [1783989473.728298252] [laser_mapping]: No point, skip this scan!

[WARN] [1783989473.738325244] [laser_mapping]: No point, skip this scan!

[WARN] [1783989473.748148693] [laser_mapping]: No point, skip this scan!

[WARN] [1783989473.758142127] [laser_mapping]: No point, skip this scan!

[WARN] [1783989473.768151030] [laser_mapping]: No point, skip this scan!

[WARN] [1783989473.778145906] [laser_mapping]: No point, skip this scan!

[WARN] [1783989473.788293155] [laser_mapping]: No point, skip this scan!

[WARN] [1783989473.798632411] [laser_mapping]: No point, skip this scan!

[WARN] [1783989473.808124809] [laser_mapping]: No point, skip this scan!

[WARN] [1783989473.818097495] [laser_mapping]: No point, skip this scan!

[WARN] [1783989473.828138439] [laser_mapping]: No point, skip this scan!

[WARN] [1783989473.838158046] [laser_mapping]: No point, skip this scan!

[WARN] [1783989473.848147465] [laser_mapping]: No point, skip this scan!

[WARN] [1783989473.858150744] [laser_mapping]: No point, skip this scan!

[WARN] [1783989473.868157309] [laser_mapping]: No point, skip this scan!

[WARN] [1783989473.878150481] [laser_mapping]: No point, skip this scan!

[WARN] [1783989473.888281210] [laser_mapping]: No point, skip this scan!

[WARN] [1783989473.898150846] [laser_mapping]: No point, skip this scan!

[WARN] [1783989473.908158320] [laser_mapping]: No point, skip this scan!

[WARN] [1783989473.918156755] [laser_mapping]: No point, skip this scan!

[WARN] [1783989473.928156428] [laser_mapping]: No point, skip this scan!

[WARN] [1783989473.938153470] [laser_mapping]: No point, skip this scan!

[WARN] [1783989473.948170624] [laser_mapping]: No point, skip this scan!

[WARN] [1783989473.958156345] [laser_mapping]: No point, skip this scan!

[WARN] [1783989473.968172323] [laser_mapping]: No point, skip this scan!

[WARN] [1783989473.978163192] [laser_mapping]: No point, skip this scan!

[WARN] [1783989473.988165254] [laser_mapping]: No point, skip this scan!

[WARN] [1783989473.998152746] [laser_mapping]: No point, skip this scan!

[WARN] [1783989474.008146701] [laser_mapping]: No point, skip this scan!

[WARN] [1783989474.018301171] [laser_mapping]: No point, skip this scan!

[WARN] [1783989474.028144415] [laser_mapping]: No point, skip this scan!

[WARN] [1783989474.038146416] [laser_mapping]: No point, skip this scan!

[WARN] [1783989474.048155463] [laser_mapping]: No point, skip this scan!

[WARN] [1783989474.058153561] [laser_mapping]: No point, skip this scan!

[WARN] [1783989474.068166279] [laser_mapping]: No point, skip this scan!

[WARN] [1783989474.078150292] [laser_mapping]: No point, skip this scan!

[WARN] [1783989474.088290148] [laser_mapping]: No point, skip this scan!

[WARN] [1783989474.098144181] [laser_mapping]: No point, skip this scan!

[WARN] [1783989474.108118107] [laser_mapping]: No point, skip this scan!

[WARN] [1783989474.118151432] [laser_mapping]: No point, skip this scan!

[WARN] [1783989474.128156157] [laser_mapping]: No point, skip this scan!

[WARN] [1783989474.138147419] [laser_mapping]: No point, skip this scan!

[WARN] [1783989474.148150968] [laser_mapping]: No point, skip this scan!

[WARN] [1783989474.158176798] [laser_mapping]: No point, skip this scan!

[WARN] [1783989474.168242183] [laser_mapping]: No point, skip this scan!

[WARN] [1783989474.178155978] [laser_mapping]: No point, skip this scan!

[WARN] [1783989474.188154865] [laser_mapping]: No point, skip this scan!

[WARN] [1783989474.198157302] [laser_mapping]: No point, skip this scan!

[WARN] [1783989474.208155283] [laser_mapping]: No point, skip this scan!

[WARN] [1783989474.221775305] [laser_mapping]: No point, skip this scan!

[WARN] [1783989474.228147709] [laser_mapping]: No point, skip this scan!

[WARN] [1783989474.238136474] [laser_mapping]: No point, skip this scan!

[WARN] [1783989474.248152283] [laser_mapping]: No point, skip this scan!

[WARN] [1783989474.258168818] [laser_mapping]: No point, skip this scan!

[WARN] [1783989474.268451129] [laser_mapping]: No point, skip this scan!

[WARN] [1783989474.278150994] [laser_mapping]: No point, skip this scan!

[WARN] [1783989474.288159099] [laser_mapping]: No point, skip this scan!

[WARN] [1783989474.298158144] [laser_mapping]: No point, skip this scan!

[WARN] [1783989474.308146074] [laser_mapping]: No point, skip this scan!

[WARN] [1783989474.318146085] [laser_mapping]: No point, skip this scan!

[WARN] [1783989474.328149761] [laser_mapping]: No point, skip this scan!

[WARN] [1783989474.338149324] [laser_mapping]: No point, skip this scan!

[WARN] [1783989474.348145375] [laser_mapping]: No point, skip this scan!

[WARN] [1783989474.358252685] [laser_mapping]: No point, skip this scan!

[WARN] [1783989474.368153190] [laser_mapping]: No point, skip this scan!

[WARN] [1783989474.378153805] [laser_mapping]: No point, skip this scan!

[WARN] [1783989474.388158463] [laser_mapping]: No point, skip this scan!

[WARN] [1783989474.398142553] [laser_mapping]: No point, skip this scan!

[WARN] [1783989474.408147224] [laser_mapping]: No point, skip this scan!

[WARN] [1783989474.418147422] [laser_mapping]: No point, skip this scan!

[WARN] [1783989474.428162520] [laser_mapping]: No point, skip this scan!

[WARN] [1783989474.438342897] [laser_mapping]: No point, skip this scan!

[WARN] [1783989474.448162507] [laser_mapping]: No point, skip this scan!

[WARN] [1783989474.458142530] [laser_mapping]: No point, skip this scan!

[WARN] [1783989474.468162876] [laser_mapping]: No point, skip this scan!

[WARN] [1783989474.478144458] [laser_mapping]: No point, skip this scan!

[WARN] [1783989474.488146981] [laser_mapping]: No point, skip this scan!

[WARN] [1783989474.498143271] [laser_mapping]: No point, skip this scan!

[WARN] [1783989474.508149123] [laser_mapping]: No point, skip this scan!

[WARN] [1783989474.518162152] [laser_mapping]: No point, skip this scan!

[WARN] [1783989474.528147307] [laser_mapping]: No point, skip this scan!

[WARN] [1783989474.538142042] [laser_mapping]: No point, skip this scan!

[WARN] [1783989474.548136364] [laser_mapping]: No point, skip this scan!

[WARN] [1783989474.558151997] [laser_mapping]: No point, skip this scan!

[WARN] [1783989474.568159132] [laser_mapping]: No point, skip this scan!

[WARN] [1783989474.578160588] [laser_mapping]: No point, skip this scan!

[WARN] [1783989474.588159843] [laser_mapping]: No point, skip this scan!

[WARN] [1783989474.598144361] [laser_mapping]: No point, skip this scan!

[WARN] [1783989474.608147233] [laser_mapping]: No point, skip this scan!

[WARN] [1783989474.618145707] [laser_mapping]: No point, skip this scan!

[WARN] [1783989474.628159826] [laser_mapping]: No point, skip this scan!

[WARN] [1783989474.638155176] [laser_mapping]: No point, skip this scan!

[WARN] [1783989474.648158971] [laser_mapping]: No point, skip this scan!

[WARN] [1783989474.658143969] [laser_mapping]: No point, skip this scan!

[WARN] [1783989474.668146945] [laser_mapping]: No point, skip this scan!

[WARN] [1783989474.678193776] [laser_mapping]: No point, skip this scan!

[INFO] [1783989474.688174553] [laser_mapping]: publish_map: frame pts=0, total=0
[WARN] [1783989474.688276316] [laser_mapping]: No point, skip this scan!

[WARN] [1783989474.698146569] [laser_mapping]: No point, skip this scan!

[WARN] [1783989474.708152735] [laser_mapping]: No point, skip this scan!

[WARN] [1783989474.718149970] [laser_mapping]: No point, skip this scan!

[WARN] [1783989474.729704319] [laser_mapping]: No point, skip this scan!

[WARN] [1783989474.738162513] [laser_mapping]: No point, skip this scan!

[WARN] [1783989474.748146935] [laser_mapping]: No point, skip this scan!

[WARN] [1783989474.758881479] [laser_mapping]: No point, skip this scan!

[WARN] [1783989474.768732413] [laser_mapping]: No point, skip this scan!

[WARN] [1783989474.778151796] [laser_mapping]: No point, skip this scan!

[WARN] [1783989474.788158490] [laser_mapping]: No point, skip this scan!

[WARN] [1783989474.798156668] [laser_mapping]: No point, skip this scan!

[WARN] [1783989474.808106647] [laser_mapping]: No point, skip this scan!

[WARN] [1783989474.818158666] [laser_mapping]: No point, skip this scan!

[WARN] [1783989474.828165208] [laser_mapping]: No point, skip this scan!

[WARN] [1783989474.838151568] [laser_mapping]: No point, skip this scan!

[WARN] [1783989474.848380536] [laser_mapping]: No point, skip this scan!

[WARN] [1783989474.858152632] [laser_mapping]: No point, skip this scan!

[WARN] [1783989474.868144215] [laser_mapping]: No point, skip this scan!

[WARN] [1783989474.878146026] [laser_mapping]: No point, skip this scan!

[WARN] [1783989474.888126705] [laser_mapping]: No point, skip this scan!

[WARN] [1783989474.898143441] [laser_mapping]: No point, skip this scan!

[WARN] [1783989474.908146365] [laser_mapping]: No point, skip this scan!

[WARN] [1783989474.918156187] [laser_mapping]: No point, skip this scan!

[WARN] [1783989474.928141124] [laser_mapping]: No point, skip this scan!

[WARN] [1783989474.938156191] [laser_mapping]: No point, skip this scan!

[WARN] [1783989474.948152695] [laser_mapping]: No point, skip this scan!

[WARN] [1783989474.958144589] [laser_mapping]: No point, skip this scan!

[WARN] [1783989474.968319298] [laser_mapping]: No point, skip this scan!

[WARN] [1783989474.978158221] [laser_mapping]: No point, skip this scan!

[WARN] [1783989474.988166420] [laser_mapping]: No point, skip this scan!

[WARN] [1783989474.998150290] [laser_mapping]: No point, skip this scan!

[WARN] [1783989475.008144781] [laser_mapping]: No point, skip this scan!

[WARN] [1783989475.018143996] [laser_mapping]: No point, skip this scan!

[WARN] [1783989475.028144720] [laser_mapping]: No point, skip this scan!

[WARN] [1783989475.038146983] [laser_mapping]: No point, skip this scan!

[WARN] [1783989475.048144969] [laser_mapping]: No point, skip this scan!

[WARN] [1783989475.058158504] [laser_mapping]: No point, skip this scan!

[WARN] [1783989475.068162305] [laser_mapping]: No point, skip this scan!

[WARN] [1783989475.078171933] [laser_mapping]: No point, skip this scan!

[WARN] [1783989475.088142189] [laser_mapping]: No point, skip this scan!

[WARN] [1783989475.098152684] [laser_mapping]: No point, skip this scan!

[WARN] [1783989475.108150472] [laser_mapping]: No point, skip this scan!

[WARN] [1783989475.118148355] [laser_mapping]: No point, skip this scan!

[WARN] [1783989475.128166716] [laser_mapping]: No point, skip this scan!

[WARN] [1783989475.138166180] [laser_mapping]: No point, skip this scan!

[WARN] [1783989475.148158798] [laser_mapping]: No point, skip this scan!

[WARN] [1783989475.158413681] [laser_mapping]: No point, skip this scan!

[WARN] [1783989475.168152994] [laser_mapping]: No point, skip this scan!

[WARN] [1783989475.178141204] [laser_mapping]: No point, skip this scan!

[WARN] [1783989475.188153535] [laser_mapping]: No point, skip this scan!

[WARN] [1783989475.198159798] [laser_mapping]: No point, skip this scan!

[WARN] [1783989475.208164031] [laser_mapping]: No point, skip this scan!

[WARN] [1783989475.218160423] [laser_mapping]: No point, skip this scan!

[WARN] [1783989475.228195589] [laser_mapping]: No point, skip this scan!

[WARN] [1783989475.238165624] [laser_mapping]: No point, skip this scan!

[WARN] [1783989475.248155215] [laser_mapping]: No point, skip this scan!

[WARN] [1783989475.260462832] [laser_mapping]: No point, skip this scan!

[WARN] [1783989475.268159404] [laser_mapping]: No point, skip this scan!

[WARN] [1783989475.278142777] [laser_mapping]: No point, skip this scan!

[WARN] [1783989475.288159143] [laser_mapping]: No point, skip this scan!

[WARN] [1783989475.298144672] [laser_mapping]: No point, skip this scan!

[WARN] [1783989475.308158398] [laser_mapping]: No point, skip this scan!

[WARN] [1783989475.318163648] [laser_mapping]: No point, skip this scan!

[WARN] [1783989475.328152630] [laser_mapping]: No point, skip this scan!

[WARN] [1783989475.338148088] [laser_mapping]: No point, skip this scan!

[WARN] [1783989475.348154495] [laser_mapping]: No point, skip this scan!

[WARN] [1783989475.358169332] [laser_mapping]: No point, skip this scan!

[WARN] [1783989475.368149073] [laser_mapping]: No point, skip this scan!

[WARN] [1783989475.378303344] [laser_mapping]: No point, skip this scan!

[WARN] [1783989475.388164673] [laser_mapping]: No point, skip this scan!

[WARN] [1783989475.398148922] [laser_mapping]: No point, skip this scan!

[WARN] [1783989475.408156478] [laser_mapping]: No point, skip this scan!

[WARN] [1783989475.418163014] [laser_mapping]: No point, skip this scan!

[WARN] [1783989475.428148052] [laser_mapping]: No point, skip this scan!

[WARN] [1783989475.438149573] [laser_mapping]: No point, skip this scan!

[WARN] [1783989475.448141757] [laser_mapping]: No point, skip this scan!

[WARN] [1783989475.458162206] [laser_mapping]: No point, skip this scan!

[WARN] [1783989475.468159976] [laser_mapping]: No point, skip this scan!

[WARN] [1783989475.478254283] [laser_mapping]: No point, skip this scan!

[WARN] [1783989475.488160691] [laser_mapping]: No point, skip this scan!

[WARN] [1783989475.498148899] [laser_mapping]: No point, skip this scan!

[WARN] [1783989475.508160690] [laser_mapping]: No point, skip this scan!

[WARN] [1783989475.518388605] [laser_mapping]: No point, skip this scan!

[WARN] [1783989475.528168615] [laser_mapping]: No point, skip this scan!

[WARN] [1783989475.538156844] [laser_mapping]: No point, skip this scan!

[WARN] [1783989475.548150992] [laser_mapping]: No point, skip this scan!

[WARN] [1783989475.558146105] [laser_mapping]: No point, skip this scan!

[WARN] [1783989475.568145264] [laser_mapping]: No point, skip this scan!

[WARN] [1783989475.578147747] [laser_mapping]: No point, skip this scan!

[WARN] [1783989475.588146233] [laser_mapping]: No point, skip this scan!

[WARN] [1783989475.598160328] [laser_mapping]: No point, skip this scan!

[WARN] [1783989475.608165666] [laser_mapping]: No point, skip this scan!

[WARN] [1783989475.618145405] [laser_mapping]: No point, skip this scan!

[WARN] [1783989475.628159157] [laser_mapping]: No point, skip this scan!

[WARN] [1783989475.638151093] [laser_mapping]: No point, skip this scan!

[WARN] [1783989475.648168088] [laser_mapping]: No point, skip this scan!

[WARN] [1783989475.658167591] [laser_mapping]: No point, skip this scan!

[WARN] [1783989475.668188774] [laser_mapping]: No point, skip this scan!

[WARN] [1783989475.678140019] [laser_mapping]: No point, skip this scan!

[INFO] [1783989475.688203742] [laser_mapping]: publish_map: frame pts=0, total=0
[WARN] [1783989475.688309396] [laser_mapping]: No point, skip this scan!

[WARN] [1783989475.698180227] [laser_mapping]: No point, skip this scan!

[WARN] [1783989475.708290557] [laser_mapping]: No point, skip this scan!

[WARN] [1783989475.718233169] [laser_mapping]: No point, skip this scan!

[WARN] [1783989475.728147100] [laser_mapping]: No point, skip this scan!

[WARN] [1783989475.738153424] [laser_mapping]: No point, skip this scan!

[WARN] [1783989475.748142424] [laser_mapping]: No point, skip this scan!

[WARN] [1783989475.758146377] [laser_mapping]: No point, skip this scan!

[WARN] [1783989475.768175534] [laser_mapping]: No point, skip this scan!

[WARN] [1783989475.778160519] [laser_mapping]: No point, skip this scan!

[WARN] [1783989475.788178554] [laser_mapping]: No point, skip this scan!

[WARN] [1783989475.798160548] [laser_mapping]: No point, skip this scan!

[WARN] [1783989475.808161706] [laser_mapping]: No point, skip this scan!

[WARN] [1783989475.818168976] [laser_mapping]: No point, skip this scan!

[WARN] [1783989475.828151150] [laser_mapping]: No point, skip this scan!

[WARN] [1783989475.838163127] [laser_mapping]: No point, skip this scan!

[WARN] [1783989475.848144183] [laser_mapping]: No point, skip this scan!

[WARN] [1783989475.858801633] [laser_mapping]: No point, skip this scan!

[WARN] [1783989475.868121159] [laser_mapping]: No point, skip this scan!

[WARN] [1783989475.878167417] [laser_mapping]: No point, skip this scan!

[WARN] [1783989475.888148155] [laser_mapping]: No point, skip this scan!

[WARN] [1783989475.898156961] [laser_mapping]: No point, skip this scan!

[WARN] [1783989475.908138874] [laser_mapping]: No point, skip this scan!

[WARN] [1783989475.918157765] [laser_mapping]: No point, skip this scan!

[WARN] [1783989475.928149437] [laser_mapping]: No point, skip this scan!

[WARN] [1783989475.938156454] [laser_mapping]: No point, skip this scan!

[WARN] [1783989475.948154196] [laser_mapping]: No point, skip this scan!

[WARN] [1783989475.958148068] [laser_mapping]: No point, skip this scan!

[WARN] [1783989475.968157644] [laser_mapping]: No point, skip this scan!

[WARN] [1783989475.978160225] [laser_mapping]: No point, skip this scan!

[WARN] [1783989475.988146352] [laser_mapping]: No point, skip this scan!

[WARN] [1783989475.998162530] [laser_mapping]: No point, skip this scan!

[WARN] [1783989476.008145362] [laser_mapping]: No point, skip this scan!

[WARN] [1783989476.018171351] [laser_mapping]: No point, skip this scan!

[WARN] [1783989476.028155779] [laser_mapping]: No point, skip this scan!

[WARN] [1783989476.038142583] [laser_mapping]: No point, skip this scan!

[WARN] [1783989476.048145044] [laser_mapping]: No point, skip this scan!

[WARN] [1783989476.058184484] [laser_mapping]: No point, skip this scan!

[WARN] [1783989476.068156595] [laser_mapping]: No point, skip this scan!

[WARN] [1783989476.078145026] [laser_mapping]: No point, skip this scan!

[WARN] [1783989476.088156217] [laser_mapping]: No point, skip this scan!

[WARN] [1783989476.098147312] [laser_mapping]: No point, skip this scan!

[WARN] [1783989476.108123615] [laser_mapping]: No point, skip this scan!

[WARN] [1783989476.118164400] [laser_mapping]: No point, skip this scan!

[WARN] [1783989476.128147495] [laser_mapping]: No point, skip this scan!

[WARN] [1783989476.138162428] [laser_mapping]: No point, skip this scan!

[WARN] [1783989476.148163812] [laser_mapping]: No point, skip this scan!

[WARN] [1783989476.158144297] [laser_mapping]: No point, skip this scan!

[WARN] [1783989476.168150134] [laser_mapping]: No point, skip this scan!

[WARN] [1783989476.178164615] [laser_mapping]: No point, skip this scan!

[WARN] [1783989476.188161870] [laser_mapping]: No point, skip this scan!

[WARN] [1783989476.198147034] [laser_mapping]: No point, skip this scan!

[WARN] [1783989476.208162827] [laser_mapping]: No point, skip this scan!

[WARN] [1783989476.218159153] [laser_mapping]: No point, skip this scan!

[WARN] [1783989476.228147600] [laser_mapping]: No point, skip this scan!

[WARN] [1783989476.238163749] [laser_mapping]: No point, skip this scan!

[WARN] [1783989476.248162497] [laser_mapping]: No point, skip this scan!

[WARN] [1783989476.258161140] [laser_mapping]: No point, skip this scan!

[WARN] [1783989476.268156677] [laser_mapping]: No point, skip this scan!

[WARN] [1783989476.278295058] [laser_mapping]: No point, skip this scan!

[WARN] [1783989476.288151191] [laser_mapping]: No point, skip this scan!

[WARN] [1783989476.298361910] [laser_mapping]: No point, skip this scan!

[WARN] [1783989476.308153946] [laser_mapping]: No point, skip this scan!

[WARN] [1783989476.318206526] [laser_mapping]: No point, skip this scan!

[WARN] [1783989476.328153942] [laser_mapping]: No point, skip this scan!

[WARN] [1783989476.338148927] [laser_mapping]: No point, skip this scan!

[WARN] [1783989476.348153845] [laser_mapping]: No point, skip this scan!

[WARN] [1783989476.358146490] [laser_mapping]: No point, skip this scan!

[WARN] [1783989476.368152542] [laser_mapping]: No point, skip this scan!

[WARN] [1783989476.378144365] [laser_mapping]: No point, skip this scan!

[WARN] [1783989476.388333317] [laser_mapping]: No point, skip this scan!

[WARN] [1783989476.398288467] [laser_mapping]: No point, skip this scan!

[WARN] [1783989476.408181151] [laser_mapping]: No point, skip this scan!

[WARN] [1783989476.418155096] [laser_mapping]: No point, skip this scan!

[WARN] [1783989476.428249113] [laser_mapping]: No point, skip this scan!

[WARN] [1783989476.438147507] [laser_mapping]: No point, skip this scan!

[WARN] [1783989476.448151200] [laser_mapping]: No point, skip this scan!

[WARN] [1783989476.458186328] [laser_mapping]: No point, skip this scan!

[WARN] [1783989476.468164422] [laser_mapping]: No point, skip this scan!

[WARN] [1783989476.478157811] [laser_mapping]: No point, skip this scan!

[WARN] [1783989476.488147793] [laser_mapping]: No point, skip this scan!

[WARN] [1783989476.498148344] [laser_mapping]: No point, skip this scan!

[WARN] [1783989476.508157397] [laser_mapping]: No point, skip this scan!

[WARN] [1783989476.518115631] [laser_mapping]: No point, skip this scan!

[WARN] [1783989476.528151068] [laser_mapping]: No point, skip this scan!

[WARN] [1783989476.538171953] [laser_mapping]: No point, skip this scan!

[WARN] [1783989476.548147313] [laser_mapping]: No point, skip this scan!

[WARN] [1783989476.558513908] [laser_mapping]: No point, skip this scan!

[WARN] [1783989476.568167605] [laser_mapping]: No point, skip this scan!

[WARN] [1783989476.578168794] [laser_mapping]: No point, skip this scan!

[WARN] [1783989476.588149865] [laser_mapping]: No point, skip this scan!

[WARN] [1783989476.598154296] [laser_mapping]: No point, skip this scan!

[WARN] [1783989476.608146873] [laser_mapping]: No point, skip this scan!

[WARN] [1783989476.618234767] [laser_mapping]: No point, skip this scan!

[WARN] [1783989476.628145195] [laser_mapping]: No point, skip this scan!

[WARN] [1783989476.638153732] [laser_mapping]: No point, skip this scan!

[WARN] [1783989476.648155973] [laser_mapping]: No point, skip this scan!

[WARN] [1783989476.658123886] [laser_mapping]: No point, skip this scan!

[WARN] [1783989476.668153810] [laser_mapping]: No point, skip this scan!

[WARN] [1783989476.678150424] [laser_mapping]: No point, skip this scan!

[INFO] [1783989476.688158944] [laser_mapping]: publish_map: frame pts=0, total=0
[WARN] [1783989476.688261392] [laser_mapping]: No point, skip this scan!

[WARN] [1783989476.698150470] [laser_mapping]: No point, skip this scan!

[WARN] [1783989476.708149401] [laser_mapping]: No point, skip this scan!

[WARN] [1783989476.718232393] [laser_mapping]: No point, skip this scan!

[WARN] [1783989476.728161610] [laser_mapping]: No point, skip this scan!

[WARN] [1783989476.739718556] [laser_mapping]: No point, skip this scan!

[WARN] [1783989476.748157663] [laser_mapping]: No point, skip this scan!

[WARN] [1783989476.759043744] [laser_mapping]: No point, skip this scan!

[WARN] [1783989476.768146401] [laser_mapping]: No point, skip this scan!

[WARN] [1783989476.778459960] [laser_mapping]: No point, skip this scan!

[WARN] [1783989476.788163104] [laser_mapping]: No point, skip this scan!

[WARN] [1783989476.798181727] [laser_mapping]: No point, skip this scan!

[WARN] [1783989476.808164147] [laser_mapping]: No point, skip this scan!

[WARN] [1783989476.818162247] [laser_mapping]: No point, skip this scan!

[WARN] [1783989476.828265766] [laser_mapping]: No point, skip this scan!

[WARN] [1783989476.838165156] [laser_mapping]: No point, skip this scan!

[WARN] [1783989476.848129621] [laser_mapping]: No point, skip this scan!

[WARN] [1783989476.858155246] [laser_mapping]: No point, skip this scan!

[WARN] [1783989476.868340497] [laser_mapping]: No point, skip this scan!

[WARN] [1783989476.878163617] [laser_mapping]: No point, skip this scan!

[WARN] [1783989476.888154014] [laser_mapping]: No point, skip this scan!

[WARN] [1783989476.898151206] [laser_mapping]: No point, skip this scan!

[WARN] [1783989476.908143072] [laser_mapping]: No point, skip this scan!

[WARN] [1783989476.918148266] [laser_mapping]: No point, skip this scan!

[WARN] [1783989476.928148291] [laser_mapping]: No point, skip this scan!

[WARN] [1783989476.938119704] [laser_mapping]: No point, skip this scan!

[WARN] [1783989476.948155484] [laser_mapping]: No point, skip this scan!

[WARN] [1783989476.958144247] [laser_mapping]: No point, skip this scan!

[WARN] [1783989476.968149865] [laser_mapping]: No point, skip this scan!

[WARN] [1783989476.978166409] [laser_mapping]: No point, skip this scan!

[WARN] [1783989476.988143973] [laser_mapping]: No point, skip this scan!

[WARN] [1783989476.998141051] [laser_mapping]: No point, skip this scan!

[WARN] [1783989477.008165846] [laser_mapping]: No point, skip this scan!

[WARN] [1783989477.018176229] [laser_mapping]: No point, skip this scan!

[WARN] [1783989477.028167783] [laser_mapping]: No point, skip this scan!

[WARN] [1783989477.038143950] [laser_mapping]: No point, skip this scan!

[WARN] [1783989477.048163336] [laser_mapping]: No point, skip this scan!

[WARN] [1783989477.058159124] [laser_mapping]: No point, skip this scan!

[WARN] [1783989477.068171229] [laser_mapping]: No point, skip this scan!

[WARN] [1783989477.078161165] [laser_mapping]: No point, skip this scan!

[WARN] [1783989477.088160152] [laser_mapping]: No point, skip this scan!

[WARN] [1783989477.098168728] [laser_mapping]: No point, skip this scan!

[WARN] [1783989477.108157992] [laser_mapping]: No point, skip this scan!

[WARN] [1783989477.118144171] [laser_mapping]: No point, skip this scan!

[WARN] [1783989477.128168355] [laser_mapping]: No point, skip this scan!

[WARN] [1783989477.138145710] [laser_mapping]: No point, skip this scan!

[WARN] [1783989477.148164051] [laser_mapping]: No point, skip this scan!

[WARN] [1783989477.158133435] [laser_mapping]: No point, skip this scan!

[WARN] [1783989477.168139220] [laser_mapping]: No point, skip this scan!

[WARN] [1783989477.178134691] [laser_mapping]: No point, skip this scan!

[WARN] [1783989477.188146630] [laser_mapping]: No point, skip this scan!

[WARN] [1783989477.198143375] [laser_mapping]: No point, skip this scan!

[WARN] [1783989477.208144279] [laser_mapping]: No point, skip this scan!

[WARN] [1783989477.218140084] [laser_mapping]: No point, skip this scan!

[WARN] [1783989477.228143469] [laser_mapping]: No point, skip this scan!

[WARN] [1783989477.238148577] [laser_mapping]: No point, skip this scan!

[WARN] [1783989477.248146176] [laser_mapping]: No point, skip this scan!

[WARN] [1783989477.258148410] [laser_mapping]: No point, skip this scan!

[WARN] [1783989477.268171438] [laser_mapping]: No point, skip this scan!

[WARN] [1783989477.278147647] [laser_mapping]: No point, skip this scan!

[WARN] [1783989477.288151980] [laser_mapping]: No point, skip this scan!

[WARN] [1783989477.299330964] [laser_mapping]: No point, skip this scan!

[WARN] [1783989477.308167868] [laser_mapping]: No point, skip this scan!

[WARN] [1783989477.318166579] [laser_mapping]: No point, skip this scan!

[WARN] [1783989477.328163460] [laser_mapping]: No point, skip this scan!

[WARN] [1783989477.338159806] [laser_mapping]: No point, skip this scan!

[WARN] [1783989477.348099117] [laser_mapping]: No point, skip this scan!

[WARN] [1783989477.358162433] [laser_mapping]: No point, skip this scan!

[WARN] [1783989477.368142441] [laser_mapping]: No point, skip this scan!

[WARN] [1783989477.378155797] [laser_mapping]: No point, skip this scan!

[WARN] [1783989477.388142135] [laser_mapping]: No point, skip this scan!

[WARN] [1783989477.398165233] [laser_mapping]: No point, skip this scan!

[WARN] [1783989477.408147473] [laser_mapping]: No point, skip this scan!

[WARN] [1783989477.418168120] [laser_mapping]: No point, skip this scan!

[WARN] [1783989477.428151173] [laser_mapping]: No point, skip this scan!

[WARN] [1783989477.438159078] [laser_mapping]: No point, skip this scan!

[WARN] [1783989477.448163146] [laser_mapping]: No point, skip this scan!

[WARN] [1783989477.458281136] [laser_mapping]: No point, skip this scan!

[WARN] [1783989477.468149422] [laser_mapping]: No point, skip this scan!

[WARN] [1783989477.478150345] [laser_mapping]: No point, skip this scan!

[WARN] [1783989477.488149904] [laser_mapping]: No point, skip this scan!

[WARN] [1783989477.498142383] [laser_mapping]: No point, skip this scan!

[WARN] [1783989477.508158479] [laser_mapping]: No point, skip this scan!

[WARN] [1783989477.518223815] [laser_mapping]: No point, skip this scan!

[WARN] [1783989477.528253934] [laser_mapping]: No point, skip this scan!

[WARN] [1783989477.538159399] [laser_mapping]: No point, skip this scan!

[WARN] [1783989477.548328169] [laser_mapping]: No point, skip this scan!

[WARN] [1783989477.558251762] [laser_mapping]: No point, skip this scan!

[WARN] [1783989477.568165516] [laser_mapping]: No point, skip this scan!

[WARN] [1783989477.578158052] [laser_mapping]: No point, skip this scan!

[WARN] [1783989477.588154566] [laser_mapping]: No point, skip this scan!

[WARN] [1783989477.598149303] [laser_mapping]: No point, skip this scan!

[WARN] [1783989477.608140420] [laser_mapping]: No point, skip this scan!

[WARN] [1783989477.618141638] [laser_mapping]: No point, skip this scan!

[WARN] [1783989477.628148143] [laser_mapping]: No point, skip this scan!

[WARN] [1783989477.638141296] [laser_mapping]: No point, skip this scan!

[WARN] [1783989477.648189266] [laser_mapping]: No point, skip this scan!

[WARN] [1783989477.658096702] [laser_mapping]: No point, skip this scan!

[WARN] [1783989477.668111775] [laser_mapping]: No point, skip this scan!

[WARN] [1783989477.678197031] [laser_mapping]: No point, skip this scan!

[INFO] [1783989477.688263090] [laser_mapping]: publish_map: frame pts=0, total=0
[WARN] [1783989477.688440110] [laser_mapping]: No point, skip this scan!

[WARN] [1783989477.698161504] [laser_mapping]: No point, skip this scan!

[WARN] [1783989477.708149571] [laser_mapping]: No point, skip this scan!

[WARN] [1783989477.720348812] [laser_mapping]: No point, skip this scan!

[WARN] [1783989477.728137007] [laser_mapping]: No point, skip this scan!

[WARN] [1783989477.738170149] [laser_mapping]: No point, skip this scan!

[WARN] [1783989477.748164601] [laser_mapping]: No point, skip this scan!

[WARN] [1783989477.758156899] [laser_mapping]: No point, skip this scan!

[WARN] [1783989477.768146350] [laser_mapping]: No point, skip this scan!

[WARN] [1783989477.778158804] [laser_mapping]: No point, skip this scan!

[WARN] [1783989477.789905716] [laser_mapping]: No point, skip this scan!

[WARN] [1783989477.798290464] [laser_mapping]: No point, skip this scan!

[WARN] [1783989477.808160654] [laser_mapping]: No point, skip this scan!

[WARN] [1783989477.818156463] [laser_mapping]: No point, skip this scan!

[WARN] [1783989477.828150361] [laser_mapping]: No point, skip this scan!

[WARN] [1783989477.838141902] [laser_mapping]: No point, skip this scan!

[WARN] [1783989477.848170561] [laser_mapping]: No point, skip this scan!

[WARN] [1783989477.858604676] [laser_mapping]: No point, skip this scan!

[WARN] [1783989477.868165862] [laser_mapping]: No point, skip this scan!

[WARN] [1783989477.878165546] [laser_mapping]: No point, skip this scan!

[WARN] [1783989477.888172703] [laser_mapping]: No point, skip this scan!

[WARN] [1783989477.898146635] [laser_mapping]: No point, skip this scan!

[WARN] [1783989477.908208292] [laser_mapping]: No point, skip this scan!

[WARN] [1783989477.918685304] [laser_mapping]: No point, skip this scan!

[WARN] [1783989477.928144543] [laser_mapping]: No point, skip this scan!

[WARN] [1783989477.938263310] [laser_mapping]: No point, skip this scan!

[WARN] [1783989477.948159461] [laser_mapping]: No point, skip this scan!

[WARN] [1783989477.958359622] [laser_mapping]: No point, skip this scan!

[WARN] [1783989477.968146341] [laser_mapping]: No point, skip this scan!

[WARN] [1783989477.978149025] [laser_mapping]: No point, skip this scan!

[WARN] [1783989477.988166124] [laser_mapping]: No point, skip this scan!

[WARN] [1783989477.998164294] [laser_mapping]: No point, skip this scan!

[WARN] [1783989478.008170410] [laser_mapping]: No point, skip this scan!

[WARN] [1783989478.018261757] [laser_mapping]: No point, skip this scan!

[WARN] [1783989478.028160140] [laser_mapping]: No point, skip this scan!

[WARN] [1783989478.038154333] [laser_mapping]: No point, skip this scan!

[WARN] [1783989478.048158664] [laser_mapping]: No point, skip this scan!

[WARN] [1783989478.058158831] [laser_mapping]: No point, skip this scan!

[WARN] [1783989478.068161715] [laser_mapping]: No point, skip this scan!

[WARN] [1783989478.078151678] [laser_mapping]: No point, skip this scan!

[WARN] [1783989478.088161207] [laser_mapping]: No point, skip this scan!

[WARN] [1783989478.098162305] [laser_mapping]: No point, skip this scan!

[WARN] [1783989478.108159883] [laser_mapping]: No point, skip this scan!

[WARN] [1783989478.118141032] [laser_mapping]: No point, skip this scan!

[WARN] [1783989478.128249927] [laser_mapping]: No point, skip this scan!

[WARN] [1783989478.138168223] [laser_mapping]: No point, skip this scan!

[WARN] [1783989478.148162546] [laser_mapping]: No point, skip this scan!

[WARN] [1783989478.158147416] [laser_mapping]: No point, skip this scan!

[WARN] [1783989478.168141433] [laser_mapping]: No point, skip this scan!

[WARN] [1783989478.178198116] [laser_mapping]: No point, skip this scan!

[WARN] [1783989478.188155796] [laser_mapping]: No point, skip this scan!

[WARN] [1783989478.198157455] [laser_mapping]: No point, skip this scan!

[WARN] [1783989478.208154791] [laser_mapping]: No point, skip this scan!

[WARN] [1783989478.218148633] [laser_mapping]: No point, skip this scan!

[WARN] [1783989478.228163727] [laser_mapping]: No point, skip this scan!

[WARN] [1783989478.238137932] [laser_mapping]: No point, skip this scan!

[WARN] [1783989478.248155168] [laser_mapping]: No point, skip this scan!

[WARN] [1783989478.258169967] [laser_mapping]: No point, skip this scan!

[WARN] [1783989478.268148906] [laser_mapping]: No point, skip this scan!

[WARN] [1783989478.278859089] [laser_mapping]: No point, skip this scan!

[WARN] [1783989478.288639691] [laser_mapping]: No point, skip this scan!

[WARN] [1783989478.298175987] [laser_mapping]: No point, skip this scan!

[WARN] [1783989478.308165293] [laser_mapping]: No point, skip this scan!

[WARN] [1783989478.318423744] [laser_mapping]: No point, skip this scan!

[WARN] [1783989478.328151268] [laser_mapping]: No point, skip this scan!

[WARN] [1783989478.338168968] [laser_mapping]: No point, skip this scan!

[WARN] [1783989478.348171072] [laser_mapping]: No point, skip this scan!

[WARN] [1783989478.358157166] [laser_mapping]: No point, skip this scan!

[WARN] [1783989478.368159819] [laser_mapping]: No point, skip this scan!

[WARN] [1783989478.378155407] [laser_mapping]: No point, skip this scan!

[WARN] [1783989478.388146532] [laser_mapping]: No point, skip this scan!

[WARN] [1783989478.398155508] [laser_mapping]: No point, skip this scan!

[WARN] [1783989478.408176167] [laser_mapping]: No point, skip this scan!

[WARN] [1783989478.418148231] [laser_mapping]: No point, skip this scan!

[WARN] [1783989478.428150734] [laser_mapping]: No point, skip this scan!

[WARN] [1783989478.438159048] [laser_mapping]: No point, skip this scan!

[WARN] [1783989478.448162960] [laser_mapping]: No point, skip this scan!

[WARN] [1783989478.458156237] [laser_mapping]: No point, skip this scan!

[WARN] [1783989478.468147539] [laser_mapping]: No point, skip this scan!

[WARN] [1783989478.478148541] [laser_mapping]: No point, skip this scan!

[WARN] [1783989478.488160903] [laser_mapping]: No point, skip this scan!

[WARN] [1783989478.498147074] [laser_mapping]: No point, skip this scan!

[WARN] [1783989478.508144916] [laser_mapping]: No point, skip this scan!

[WARN] [1783989478.518165034] [laser_mapping]: No point, skip this scan!

[WARN] [1783989478.528163039] [laser_mapping]: No point, skip this scan!

[WARN] [1783989478.538158125] [laser_mapping]: No point, skip this scan!

[WARN] [1783989478.548146905] [laser_mapping]: No point, skip this scan!

[WARN] [1783989478.558150353] [laser_mapping]: No point, skip this scan!

[WARN] [1783989478.568175745] [laser_mapping]: No point, skip this scan!

[WARN] [1783989478.578166172] [laser_mapping]: No point, skip this scan!

[WARN] [1783989478.588153804] [laser_mapping]: No point, skip this scan!

[WARN] [1783989478.598157470] [laser_mapping]: No point, skip this scan!

[WARN] [1783989478.608162373] [laser_mapping]: No point, skip this scan!

[WARN] [1783989478.618157619] [laser_mapping]: No point, skip this scan!

[WARN] [1783989478.628280409] [laser_mapping]: No point, skip this scan!

[WARN] [1783989478.638148789] [laser_mapping]: No point, skip this scan!

[WARN] [1783989478.648367906] [laser_mapping]: No point, skip this scan!

[WARN] [1783989478.658164089] [laser_mapping]: No point, skip this scan!

[WARN] [1783989478.668182222] [laser_mapping]: No point, skip this scan!

[WARN] [1783989478.678118697] [laser_mapping]: No point, skip this scan!

[INFO] [1783989478.688149370] [laser_mapping]: publish_map: frame pts=0, total=0
[WARN] [1783989478.688230170] [laser_mapping]: No point, skip this scan!

[WARN] [1783989478.698146782] [laser_mapping]: No point, skip this scan!

[WARN] [1783989478.708153201] [laser_mapping]: No point, skip this scan!

[WARN] [1783989478.718149520] [laser_mapping]: No point, skip this scan!

[WARN] [1783989478.728158560] [laser_mapping]: No point, skip this scan!

[WARN] [1783989478.738160059] [laser_mapping]: No point, skip this scan!

[WARN] [1783989478.748153054] [laser_mapping]: No point, skip this scan!

[WARN] [1783989478.758142683] [laser_mapping]: No point, skip this scan!

[WARN] [1783989478.768165540] [laser_mapping]: No point, skip this scan!

[WARN] [1783989478.778147770] [laser_mapping]: No point, skip this scan!

[WARN] [1783989478.788162131] [laser_mapping]: No point, skip this scan!

[WARN] [1783989478.798430369] [laser_mapping]: No point, skip this scan!

[WARN] [1783989478.808257845] [laser_mapping]: No point, skip this scan!

[WARN] [1783989478.818162853] [laser_mapping]: No point, skip this scan!

[WARN] [1783989478.828144445] [laser_mapping]: No point, skip this scan!

[WARN] [1783989478.838195891] [laser_mapping]: No point, skip this scan!

[WARN] [1783989478.848228784] [laser_mapping]: No point, skip this scan!

[WARN] [1783989478.858156789] [laser_mapping]: No point, skip this scan!

[WARN] [1783989478.868154434] [laser_mapping]: No point, skip this scan!

[WARN] [1783989478.878169220] [laser_mapping]: No point, skip this scan!

[WARN] [1783989478.888157318] [laser_mapping]: No point, skip this scan!

[WARN] [1783989478.898134871] [laser_mapping]: No point, skip this scan!

[WARN] [1783989478.908150653] [laser_mapping]: No point, skip this scan!

[WARN] [1783989478.918158112] [laser_mapping]: No point, skip this scan!

[WARN] [1783989478.928175227] [laser_mapping]: No point, skip this scan!

[WARN] [1783989478.938232161] [laser_mapping]: No point, skip this scan!

[WARN] [1783989478.948160570] [laser_mapping]: No point, skip this scan!

[WARN] [1783989478.958157173] [laser_mapping]: No point, skip this scan!

[WARN] [1783989478.968171015] [laser_mapping]: No point, skip this scan!

[WARN] [1783989478.978165877] [laser_mapping]: No point, skip this scan!

[WARN] [1783989478.988167348] [laser_mapping]: No point, skip this scan!

[WARN] [1783989478.998152795] [laser_mapping]: No point, skip this scan!

[WARN] [1783989479.008107028] [laser_mapping]: No point, skip this scan!

[WARN] [1783989479.018156864] [laser_mapping]: No point, skip this scan!

[WARN] [1783989479.028145311] [laser_mapping]: No point, skip this scan!

[WARN] [1783989479.038150730] [laser_mapping]: No point, skip this scan!

[WARN] [1783989479.048142517] [laser_mapping]: No point, skip this scan!

[WARN] [1783989479.058161486] [laser_mapping]: No point, skip this scan!

[WARN] [1783989479.068162923] [laser_mapping]: No point, skip this scan!

[WARN] [1783989479.078150079] [laser_mapping]: No point, skip this scan!

[WARN] [1783989479.088153962] [laser_mapping]: No point, skip this scan!

[WARN] [1783989479.098148623] [laser_mapping]: No point, skip this scan!

[WARN] [1783989479.108264962] [laser_mapping]: No point, skip this scan!

[WARN] [1783989479.118155840] [laser_mapping]: No point, skip this scan!

[WARN] [1783989479.128251683] [laser_mapping]: No point, skip this scan!

[WARN] [1783989479.138156314] [laser_mapping]: No point, skip this scan!

[WARN] [1783989479.148156349] [laser_mapping]: No point, skip this scan!

[WARN] [1783989479.158154739] [laser_mapping]: No point, skip this scan!

[WARN] [1783989479.168136813] [laser_mapping]: No point, skip this scan!

[WARN] [1783989479.178147889] [laser_mapping]: No point, skip this scan!

[WARN] [1783989479.188142223] [laser_mapping]: No point, skip this scan!

[WARN] [1783989479.198146485] [laser_mapping]: No point, skip this scan!

[WARN] [1783989479.208148580] [laser_mapping]: No point, skip this scan!

[WARN] [1783989479.218155415] [laser_mapping]: No point, skip this scan!

[WARN] [1783989479.228150891] [laser_mapping]: No point, skip this scan!

[WARN] [1783989479.238266985] [laser_mapping]: No point, skip this scan!

[WARN] [1783989479.248247437] [laser_mapping]: No point, skip this scan!

[WARN] [1783989479.258162054] [laser_mapping]: No point, skip this scan!

[WARN] [1783989479.268161440] [laser_mapping]: No point, skip this scan!

[WARN] [1783989479.278363543] [laser_mapping]: No point, skip this scan!

[WARN] [1783989479.288157664] [laser_mapping]: No point, skip this scan!

[WARN] [1783989479.298160416] [laser_mapping]: No point, skip this scan!

[WARN] [1783989479.308149440] [laser_mapping]: No point, skip this scan!

[WARN] [1783989479.318161969] [laser_mapping]: No point, skip this scan!

[WARN] [1783989479.328170180] [laser_mapping]: No point, skip this scan!

[WARN] [1783989479.338148907] [laser_mapping]: No point, skip this scan!

[WARN] [1783989479.348146707] [laser_mapping]: No point, skip this scan!

[WARN] [1783989479.358158295] [laser_mapping]: No point, skip this scan!

[WARN] [1783989479.368156163] [laser_mapping]: No point, skip this scan!

[WARN] [1783989479.378284733] [laser_mapping]: No point, skip this scan!

[WARN] [1783989479.388144936] [laser_mapping]: No point, skip this scan!

[WARN] [1783989479.398141659] [laser_mapping]: No point, skip this scan!

[WARN] [1783989479.408200622] [laser_mapping]: No point, skip this scan!

[WARN] [1783989479.418158605] [laser_mapping]: No point, skip this scan!

[WARN] [1783989479.428144219] [laser_mapping]: No point, skip this scan!

[WARN] [1783989479.438163464] [laser_mapping]: No point, skip this scan!

[WARN] [1783989479.448151230] [laser_mapping]: No point, skip this scan!

[WARN] [1783989479.458144346] [laser_mapping]: No point, skip this scan!

[WARN] [1783989479.468165421] [laser_mapping]: No point, skip this scan!

[WARN] [1783989479.478162070] [laser_mapping]: No point, skip this scan!

[WARN] [1783989479.488165102] [laser_mapping]: No point, skip this scan!

[WARN] [1783989479.498142579] [laser_mapping]: No point, skip this scan!

[WARN] [1783989479.508165953] [laser_mapping]: No point, skip this scan!

[WARN] [1783989479.518143501] [laser_mapping]: No point, skip this scan!

[WARN] [1783989479.528160875] [laser_mapping]: No point, skip this scan!

[WARN] [1783989479.538155718] [laser_mapping]: No point, skip this scan!

[WARN] [1783989479.548148149] [laser_mapping]: No point, skip this scan!

[WARN] [1783989479.558144249] [laser_mapping]: No point, skip this scan!

[WARN] [1783989479.568149810] [laser_mapping]: No point, skip this scan!

[WARN] [1783989479.578171556] [laser_mapping]: No point, skip this scan!

[WARN] [1783989479.588156001] [laser_mapping]: No point, skip this scan!

[WARN] [1783989479.598256077] [laser_mapping]: No point, skip this scan!

[WARN] [1783989479.608168294] [laser_mapping]: No point, skip this scan!

[WARN] [1783989479.618143397] [laser_mapping]: No point, skip this scan!

[WARN] [1783989479.628155165] [laser_mapping]: No point, skip this scan!

[WARN] [1783989479.638149168] [laser_mapping]: No point, skip this scan!

[WARN] [1783989479.648172509] [laser_mapping]: No point, skip this scan!

[WARN] [1783989479.658151764] [laser_mapping]: No point, skip this scan!

[WARN] [1783989479.668196219] [laser_mapping]: No point, skip this scan!

[WARN] [1783989479.678152591] [laser_mapping]: No point, skip this scan!

[INFO] [1783989479.688150391] [laser_mapping]: publish_map: frame pts=0, total=0
[WARN] [1783989479.688245481] [laser_mapping]: No point, skip this scan!

[WARN] [1783989479.698146138] [laser_mapping]: No point, skip this scan!

[WARN] [1783989479.708142454] [laser_mapping]: No point, skip this scan!

[WARN] [1783989479.718149980] [laser_mapping]: No point, skip this scan!

[WARN] [1783989479.728880230] [laser_mapping]: No point, skip this scan!

[WARN] [1783989479.738146726] [laser_mapping]: No point, skip this scan!

[WARN] [1783989479.748159524] [laser_mapping]: No point, skip this scan!

[WARN] [1783989479.758151331] [laser_mapping]: No point, skip this scan!

[WARN] [1783989479.768345681] [laser_mapping]: No point, skip this scan!

[WARN] [1783989479.778233386] [laser_mapping]: No point, skip this scan!

[WARN] [1783989479.788158467] [laser_mapping]: No point, skip this scan!

[WARN] [1783989479.798160095] [laser_mapping]: No point, skip this scan!

[WARN] [1783989479.808162148] [laser_mapping]: No point, skip this scan!

[WARN] [1783989479.818670896] [laser_mapping]: No point, skip this scan!

[WARN] [1783989479.828167354] [laser_mapping]: No point, skip this scan!

[WARN] [1783989479.838161249] [laser_mapping]: No point, skip this scan!

[WARN] [1783989479.848558148] [laser_mapping]: No point, skip this scan!

[WARN] [1783989479.858156689] [laser_mapping]: No point, skip this scan!

[WARN] [1783989479.868169894] [laser_mapping]: No point, skip this scan!

[WARN] [1783989479.878169071] [laser_mapping]: No point, skip this scan!

[WARN] [1783989479.888304740] [laser_mapping]: No point, skip this scan!

[WARN] [1783989479.898164238] [laser_mapping]: No point, skip this scan!

[WARN] [1783989479.908163974] [laser_mapping]: No point, skip this scan!

[WARN] [1783989479.918160839] [laser_mapping]: No point, skip this scan!

[WARN] [1783989479.928143856] [laser_mapping]: No point, skip this scan!

[WARN] [1783989479.938137863] [laser_mapping]: No point, skip this scan!

[WARN] [1783989479.948150887] [laser_mapping]: No point, skip this scan!

[WARN] [1783989479.958121357] [laser_mapping]: No point, skip this scan!

[WARN] [1783989479.968146937] [laser_mapping]: No point, skip this scan!

[WARN] [1783989479.978194651] [laser_mapping]: No point, skip this scan!

[WARN] [1783989479.988164981] [laser_mapping]: No point, skip this scan!

[WARN] [1783989479.998143986] [laser_mapping]: No point, skip this scan!

[WARN] [1783989480.008140789] [laser_mapping]: No point, skip this scan!

[WARN] [1783989480.018141024] [laser_mapping]: No point, skip this scan!

[WARN] [1783989480.028150309] [laser_mapping]: No point, skip this scan!

[WARN] [1783989480.038146050] [laser_mapping]: No point, skip this scan!

[WARN] [1783989480.048163589] [laser_mapping]: No point, skip this scan!

[WARN] [1783989480.058158476] [laser_mapping]: No point, skip this scan!

[WARN] [1783989480.068136013] [laser_mapping]: No point, skip this scan!

[WARN] [1783989480.078154304] [laser_mapping]: No point, skip this scan!

[WARN] [1783989480.088169104] [laser_mapping]: No point, skip this scan!

[WARN] [1783989480.098152350] [laser_mapping]: No point, skip this scan!

[WARN] [1783989480.108151258] [laser_mapping]: No point, skip this scan!

[WARN] [1783989480.118150684] [laser_mapping]: No point, skip this scan!

[WARN] [1783989480.128155257] [laser_mapping]: No point, skip this scan!

[WARN] [1783989480.138148997] [laser_mapping]: No point, skip this scan!

[WARN] [1783989480.148153443] [laser_mapping]: No point, skip this scan!

[WARN] [1783989480.158158940] [laser_mapping]: No point, skip this scan!

[WARN] [1783989480.168128737] [laser_mapping]: No point, skip this scan!

[WARN] [1783989480.178163711] [laser_mapping]: No point, skip this scan!

[WARN] [1783989480.188242689] [laser_mapping]: No point, skip this scan!

[WARN] [1783989480.198164865] [laser_mapping]: No point, skip this scan!

[WARN] [1783989480.210637155] [laser_mapping]: No point, skip this scan!

[WARN] [1783989480.218142160] [laser_mapping]: No point, skip this scan!

[WARN] [1783989480.228568196] [laser_mapping]: No point, skip this scan!

[WARN] [1783989480.238158711] [laser_mapping]: No point, skip this scan!

[WARN] [1783989480.248168518] [laser_mapping]: No point, skip this scan!

[WARN] [1783989480.258133482] [laser_mapping]: No point, skip this scan!

[WARN] [1783989480.268487239] [laser_mapping]: No point, skip this scan!

[WARN] [1783989480.278156401] [laser_mapping]: No point, skip this scan!

[WARN] [1783989480.288168962] [laser_mapping]: No point, skip this scan!

[WARN] [1783989480.298175925] [laser_mapping]: No point, skip this scan!

[WARN] [1783989480.308154770] [laser_mapping]: No point, skip this scan!

[WARN] [1783989480.318092029] [laser_mapping]: No point, skip this scan!

[WARN] [1783989480.328149728] [laser_mapping]: No point, skip this scan!

[WARN] [1783989480.338147836] [laser_mapping]: No point, skip this scan!

[WARN] [1783989480.348149079] [laser_mapping]: No point, skip this scan!

[WARN] [1783989480.358145085] [laser_mapping]: No point, skip this scan!

[WARN] [1783989480.368243859] [laser_mapping]: No point, skip this scan!

[WARN] [1783989480.378151726] [laser_mapping]: No point, skip this scan!

[WARN] [1783989480.388145716] [laser_mapping]: No point, skip this scan!

[WARN] [1783989480.398145599] [laser_mapping]: No point, skip this scan!

[WARN] [1783989480.408177878] [laser_mapping]: No point, skip this scan!

[WARN] [1783989480.418144576] [laser_mapping]: No point, skip this scan!

[WARN] [1783989480.428172280] [laser_mapping]: No point, skip this scan!

[WARN] [1783989480.438144900] [laser_mapping]: No point, skip this scan!

[WARN] [1783989480.448158485] [laser_mapping]: No point, skip this scan!

[WARN] [1783989480.458147344] [laser_mapping]: No point, skip this scan!

[WARN] [1783989480.468168793] [laser_mapping]: No point, skip this scan!

[WARN] [1783989480.478154252] [laser_mapping]: No point, skip this scan!

[WARN] [1783989480.488165122] [laser_mapping]: No point, skip this scan!

[WARN] [1783989480.498155152] [laser_mapping]: No point, skip this scan!

[WARN] [1783989480.508163584] [laser_mapping]: No point, skip this scan!

[WARN] [1783989480.518226684] [laser_mapping]: No point, skip this scan!

[WARN] [1783989480.528160518] [laser_mapping]: No point, skip this scan!

[WARN] [1783989480.538146124] [laser_mapping]: No point, skip this scan!

[WARN] [1783989480.548152304] [laser_mapping]: No point, skip this scan!

[WARN] [1783989480.558155952] [laser_mapping]: No point, skip this scan!

[WARN] [1783989480.568155396] [laser_mapping]: No point, skip this scan!

[WARN] [1783989480.578150880] [laser_mapping]: No point, skip this scan!

[WARN] [1783989480.588147154] [laser_mapping]: No point, skip this scan!

[WARN] [1783989480.598136485] [laser_mapping]: No point, skip this scan!

[WARN] [1783989480.608155029] [laser_mapping]: No point, skip this scan!

[WARN] [1783989480.618298627] [laser_mapping]: No point, skip this scan!

[WARN] [1783989480.628165345] [laser_mapping]: No point, skip this scan!

[WARN] [1783989480.638150526] [laser_mapping]: No point, skip this scan!

[WARN] [1783989480.649623079] [laser_mapping]: No point, skip this scan!

[WARN] [1783989480.658154175] [laser_mapping]: No point, skip this scan!

[WARN] [1783989480.668171284] [laser_mapping]: No point, skip this scan!

[WARN] [1783989480.678152689] [laser_mapping]: No point, skip this scan!

[INFO] [1783989480.688160882] [laser_mapping]: publish_map: frame pts=0, total=0
[WARN] [1783989480.688257467] [laser_mapping]: No point, skip this scan!

[WARN] [1783989480.698155740] [laser_mapping]: No point, skip this scan!

[WARN] [1783989480.709003548] [laser_mapping]: No point, skip this scan!

[WARN] [1783989480.718162925] [laser_mapping]: No point, skip this scan!

[WARN] [1783989480.728623646] [laser_mapping]: No point, skip this scan!

[WARN] [1783989480.738474035] [laser_mapping]: No point, skip this scan!

[WARN] [1783989480.748168831] [laser_mapping]: No point, skip this scan!

[WARN] [1783989480.758159501] [laser_mapping]: No point, skip this scan!

[WARN] [1783989480.768149142] [laser_mapping]: No point, skip this scan!

[WARN] [1783989480.778169221] [laser_mapping]: No point, skip this scan!

[WARN] [1783989480.788154915] [laser_mapping]: No point, skip this scan!

[WARN] [1783989480.798160795] [laser_mapping]: No point, skip this scan!

[WARN] [1783989480.809306754] [laser_mapping]: No point, skip this scan!

[WARN] [1783989480.818158580] [laser_mapping]: No point, skip this scan!

[WARN] [1783989480.828159058] [laser_mapping]: No point, skip this scan!

[WARN] [1783989480.838589149] [laser_mapping]: No point, skip this scan!

[WARN] [1783989480.848154284] [laser_mapping]: No point, skip this scan!

[WARN] [1783989480.858170550] [laser_mapping]: No point, skip this scan!

[WARN] [1783989480.868159188] [laser_mapping]: No point, skip this scan!

[WARN] [1783989480.878153769] [laser_mapping]: No point, skip this scan!

[WARN] [1783989480.888155782] [laser_mapping]: No point, skip this scan!

[WARN] [1783989480.898158624] [laser_mapping]: No point, skip this scan!

[WARN] [1783989480.908165924] [laser_mapping]: No point, skip this scan!

[WARN] [1783989480.918163012] [laser_mapping]: No point, skip this scan!

[WARN] [1783989480.928171593] [laser_mapping]: No point, skip this scan!

[WARN] [1783989480.938171429] [laser_mapping]: No point, skip this scan!

[WARN] [1783989480.948165302] [laser_mapping]: No point, skip this scan!

[WARN] [1783989480.958171256] [laser_mapping]: No point, skip this scan!

[WARN] [1783989480.968162053] [laser_mapping]: No point, skip this scan!

[WARN] [1783989480.978158622] [laser_mapping]: No point, skip this scan!

[WARN] [1783989480.988152370] [laser_mapping]: No point, skip this scan!

[WARN] [1783989480.998147146] [laser_mapping]: No point, skip this scan!

[WARN] [1783989481.008157034] [laser_mapping]: No point, skip this scan!

[WARN] [1783989481.018165953] [laser_mapping]: No point, skip this scan!

[WARN] [1783989481.028144806] [laser_mapping]: No point, skip this scan!

[WARN] [1783989481.038152214] [laser_mapping]: No point, skip this scan!

[WARN] [1783989481.048160726] [laser_mapping]: No point, skip this scan!

[WARN] [1783989481.058143281] [laser_mapping]: No point, skip this scan!

[WARN] [1783989481.068161172] [laser_mapping]: No point, skip this scan!

[WARN] [1783989481.078145842] [laser_mapping]: No point, skip this scan!

[WARN] [1783989481.088145541] [laser_mapping]: No point, skip this scan!

[WARN] [1783989481.098115872] [laser_mapping]: No point, skip this scan!

[WARN] [1783989481.108158339] [laser_mapping]: No point, skip this scan!

[WARN] [1783989481.118166446] [laser_mapping]: No point, skip this scan!

[WARN] [1783989481.128146396] [laser_mapping]: No point, skip this scan!

[WARN] [1783989481.138195683] [laser_mapping]: No point, skip this scan!

[WARN] [1783989481.148166510] [laser_mapping]: No point, skip this scan!

[WARN] [1783989481.158150193] [laser_mapping]: No point, skip this scan!

[WARN] [1783989481.168141529] [laser_mapping]: No point, skip this scan!

[WARN] [1783989481.178138976] [laser_mapping]: No point, skip this scan!

[WARN] [1783989481.188138627] [laser_mapping]: No point, skip this scan!

[WARN] [1783989481.198139401] [laser_mapping]: No point, skip this scan!

[WARN] [1783989481.208144874] [laser_mapping]: No point, skip this scan!

[WARN] [1783989481.218138078] [laser_mapping]: No point, skip this scan!

[WARN] [1783989481.228142093] [laser_mapping]: No point, skip this scan!

[WARN] [1783989481.238160030] [laser_mapping]: No point, skip this scan!

[WARN] [1783989481.248176969] [laser_mapping]: No point, skip this scan!

[WARN] [1783989481.258152486] [laser_mapping]: No point, skip this scan!

[WARN] [1783989481.268182718] [laser_mapping]: No point, skip this scan!

[WARN] [1783989481.278154908] [laser_mapping]: No point, skip this scan!

[WARN] [1783989481.288167011] [laser_mapping]: No point, skip this scan!

[WARN] [1783989481.298183059] [laser_mapping]: No point, skip this scan!

[WARN] [1783989481.308153527] [laser_mapping]: No point, skip this scan!

[WARN] [1783989481.318159041] [laser_mapping]: No point, skip this scan!

[WARN] [1783989481.328215106] [laser_mapping]: No point, skip this scan!

[WARN] [1783989481.338373796] [laser_mapping]: No point, skip this scan!

[WARN] [1783989481.348166387] [laser_mapping]: No point, skip this scan!

[WARN] [1783989481.358162531] [laser_mapping]: No point, skip this scan!

[WARN] [1783989481.368152953] [laser_mapping]: No point, skip this scan!

[WARN] [1783989481.378106768] [laser_mapping]: No point, skip this scan!

[WARN] [1783989481.388169835] [laser_mapping]: No point, skip this scan!

[WARN] [1783989481.398176583] [laser_mapping]: No point, skip this scan!

[WARN] [1783989481.408163685] [laser_mapping]: No point, skip this scan!

[WARN] [1783989481.418183081] [laser_mapping]: No point, skip this scan!

[WARN] [1783989481.428168201] [laser_mapping]: No point, skip this scan!

[WARN] [1783989481.438152348] [laser_mapping]: No point, skip this scan!

[WARN] [1783989481.448163850] [laser_mapping]: No point, skip this scan!

[WARN] [1783989481.458145736] [laser_mapping]: No point, skip this scan!

[WARN] [1783989481.468162169] [laser_mapping]: No point, skip this scan!

[WARN] [1783989481.478156026] [laser_mapping]: No point, skip this scan!

[WARN] [1783989481.488164084] [laser_mapping]: No point, skip this scan!

[WARN] [1783989481.498155286] [laser_mapping]: No point, skip this scan!

[WARN] [1783989481.508157377] [laser_mapping]: No point, skip this scan!

[WARN] [1783989481.518163052] [laser_mapping]: No point, skip this scan!

[WARN] [1783989481.528138331] [laser_mapping]: No point, skip this scan!

[WARN] [1783989481.538146928] [laser_mapping]: No point, skip this scan!

[WARN] [1783989481.548152295] [laser_mapping]: No point, skip this scan!

[WARN] [1783989481.558147624] [laser_mapping]: No point, skip this scan!

[WARN] [1783989481.568142003] [laser_mapping]: No point, skip this scan!

[WARN] [1783989481.578160029] [laser_mapping]: No point, skip this scan!

[WARN] [1783989481.588141694] [laser_mapping]: No point, skip this scan!

[WARN] [1783989481.598144299] [laser_mapping]: No point, skip this scan!

[WARN] [1783989481.608146611] [laser_mapping]: No point, skip this scan!

[WARN] [1783989481.618158210] [laser_mapping]: No point, skip this scan!

[WARN] [1783989481.628149488] [laser_mapping]: No point, skip this scan!

[WARN] [1783989481.638146936] [laser_mapping]: No point, skip this scan!

[WARN] [1783989481.648288987] [laser_mapping]: No point, skip this scan!

[WARN] [1783989481.658156875] [laser_mapping]: No point, skip this scan!

[WARN] [1783989481.668149747] [laser_mapping]: No point, skip this scan!

[WARN] [1783989481.678146002] [laser_mapping]: No point, skip this scan!

[INFO] [1783989481.688125873] [laser_mapping]: publish_map: frame pts=0, total=0
[WARN] [1783989481.688206607] [laser_mapping]: No point, skip this scan!

[WARN] [1783989481.698140238] [laser_mapping]: No point, skip this scan!

[WARN] [1783989481.708228666] [laser_mapping]: No point, skip this scan!

[WARN] [1783989481.719597623] [laser_mapping]: No point, skip this scan!

[WARN] [1783989481.728131307] [laser_mapping]: No point, skip this scan!

[WARN] [1783989481.738146973] [laser_mapping]: No point, skip this scan!

[WARN] [1783989481.748150840] [laser_mapping]: No point, skip this scan!

[WARN] [1783989481.758145483] [laser_mapping]: No point, skip this scan!

[WARN] [1783989481.768410125] [laser_mapping]: No point, skip this scan!

[WARN] [1783989481.778154058] [laser_mapping]: No point, skip this scan!

[WARN] [1783989481.788153095] [laser_mapping]: No point, skip this scan!

[WARN] [1783989481.798157571] [laser_mapping]: No point, skip this scan!

[WARN] [1783989481.808143372] [laser_mapping]: No point, skip this scan!

[WARN] [1783989481.818162151] [laser_mapping]: No point, skip this scan!

[WARN] [1783989481.828221341] [laser_mapping]: No point, skip this scan!

[WARN] [1783989481.838159375] [laser_mapping]: No point, skip this scan!

[WARN] [1783989481.848148147] [laser_mapping]: No point, skip this scan!

[WARN] [1783989481.858162277] [laser_mapping]: No point, skip this scan!

[WARN] [1783989481.868150394] [laser_mapping]: No point, skip this scan!

[WARN] [1783989481.878146760] [laser_mapping]: No point, skip this scan!

[WARN] [1783989481.888148491] [laser_mapping]: No point, skip this scan!

[WARN] [1783989481.898313731] [laser_mapping]: No point, skip this scan!

[WARN] [1783989481.908159014] [laser_mapping]: No point, skip this scan!

[WARN] [1783989481.918156929] [laser_mapping]: No point, skip this scan!

[WARN] [1783989481.928161288] [laser_mapping]: No point, skip this scan!

[WARN] [1783989481.938139892] [laser_mapping]: No point, skip this scan!

[WARN] [1783989481.948162042] [laser_mapping]: No point, skip this scan!

[WARN] [1783989481.958241005] [laser_mapping]: No point, skip this scan!

[WARN] [1783989481.968156971] [laser_mapping]: No point, skip this scan!

[WARN] [1783989481.978142402] [laser_mapping]: No point, skip this scan!

[WARN] [1783989481.988167276] [laser_mapping]: No point, skip this scan!

[WARN] [1783989481.998164188] [laser_mapping]: No point, skip this scan!

[WARN] [1783989482.008155588] [laser_mapping]: No point, skip this scan!

[WARN] [1783989482.018146383] [laser_mapping]: No point, skip this scan!

[WARN] [1783989482.028160580] [laser_mapping]: No point, skip this scan!

[WARN] [1783989482.038122876] [laser_mapping]: No point, skip this scan!

[WARN] [1783989482.048143137] [laser_mapping]: No point, skip this scan!

[WARN] [1783989482.058117190] [laser_mapping]: No point, skip this scan!

[WARN] [1783989482.068158440] [laser_mapping]: No point, skip this scan!

[WARN] [1783989482.078152487] [laser_mapping]: No point, skip this scan!

[WARN] [1783989482.088155071] [laser_mapping]: No point, skip this scan!

[WARN] [1783989482.098149289] [laser_mapping]: No point, skip this scan!

[WARN] [1783989482.108147455] [laser_mapping]: No point, skip this scan!

[WARN] [1783989482.118151152] [laser_mapping]: No point, skip this scan!

[WARN] [1783989482.128145774] [laser_mapping]: No point, skip this scan!

[WARN] [1783989482.138155294] [laser_mapping]: No point, skip this scan!

[WARN] [1783989482.148162481] [laser_mapping]: No point, skip this scan!

[WARN] [1783989482.158146609] [laser_mapping]: No point, skip this scan!

[WARN] [1783989482.169330445] [laser_mapping]: No point, skip this scan!

[WARN] [1783989482.178162180] [laser_mapping]: No point, skip this scan!

[WARN] [1783989482.188144781] [laser_mapping]: No point, skip this scan!

[WARN] [1783989482.198142570] [laser_mapping]: No point, skip this scan!

[WARN] [1783989482.208143444] [laser_mapping]: No point, skip this scan!

[WARN] [1783989482.218141330] [laser_mapping]: No point, skip this scan!

[WARN] [1783989482.228143598] [laser_mapping]: No point, skip this scan!

[WARN] [1783989482.238157095] [laser_mapping]: No point, skip this scan!

[WARN] [1783989482.248175381] [laser_mapping]: No point, skip this scan!

[WARN] [1783989482.258148588] [laser_mapping]: No point, skip this scan!

[WARN] [1783989482.268159918] [laser_mapping]: No point, skip this scan!

[WARN] [1783989482.278154386] [laser_mapping]: No point, skip this scan!

[WARN] [1783989482.288155744] [laser_mapping]: No point, skip this scan!

[WARN] [1783989482.298143513] [laser_mapping]: No point, skip this scan!

[WARN] [1783989482.308158173] [laser_mapping]: No point, skip this scan!

[WARN] [1783989482.318167899] [laser_mapping]: No point, skip this scan!

[WARN] [1783989482.328155911] [laser_mapping]: No point, skip this scan!

[WARN] [1783989482.338149255] [laser_mapping]: No point, skip this scan!

[WARN] [1783989482.348158024] [laser_mapping]: No point, skip this scan!

[WARN] [1783989482.358158087] [laser_mapping]: No point, skip this scan!

[WARN] [1783989482.368155205] [laser_mapping]: No point, skip this scan!

[WARN] [1783989482.378148197] [laser_mapping]: No point, skip this scan!

[WARN] [1783989482.388179330] [laser_mapping]: No point, skip this scan!

[WARN] [1783989482.398146923] [laser_mapping]: No point, skip this scan!

[WARN] [1783989482.408151418] [laser_mapping]: No point, skip this scan!

[WARN] [1783989482.418144715] [laser_mapping]: No point, skip this scan!

[WARN] [1783989482.428149832] [laser_mapping]: No point, skip this scan!

[WARN] [1783989482.438160987] [laser_mapping]: No point, skip this scan!

[WARN] [1783989482.448144759] [laser_mapping]: No point, skip this scan!

[WARN] [1783989482.458150979] [laser_mapping]: No point, skip this scan!

[WARN] [1783989482.468146177] [laser_mapping]: No point, skip this scan!

[WARN] [1783989482.478163970] [laser_mapping]: No point, skip this scan!

[WARN] [1783989482.488147997] [laser_mapping]: No point, skip this scan!

[WARN] [1783989482.498157341] [laser_mapping]: No point, skip this scan!

[WARN] [1783989482.508142379] [laser_mapping]: No point, skip this scan!

[WARN] [1783989482.518308534] [laser_mapping]: No point, skip this scan!

[WARN] [1783989482.528140644] [laser_mapping]: No point, skip this scan!

[WARN] [1783989482.538154476] [laser_mapping]: No point, skip this scan!

[WARN] [1783989482.548149282] [laser_mapping]: No point, skip this scan!

[WARN] [1783989482.558144231] [laser_mapping]: No point, skip this scan!

[WARN] [1783989482.568158737] [laser_mapping]: No point, skip this scan!

[WARN] [1783989482.578232406] [laser_mapping]: No point, skip this scan!

[WARN] [1783989482.588129804] [laser_mapping]: No point, skip this scan!

[WARN] [1783989482.598149515] [laser_mapping]: No point, skip this scan!

[WARN] [1783989482.608155052] [laser_mapping]: No point, skip this scan!

[WARN] [1783989482.618147336] [laser_mapping]: No point, skip this scan!

[WARN] [1783989482.628139572] [laser_mapping]: No point, skip this scan!

[WARN] [1783989482.638168691] [laser_mapping]: No point, skip this scan!

[WARN] [1783989482.648175322] [laser_mapping]: No point, skip this scan!

[WARN] [1783989482.658168427] [laser_mapping]: No point, skip this scan!

[WARN] [1783989482.668158553] [laser_mapping]: No point, skip this scan!

[WARN] [1783989482.678145512] [laser_mapping]: No point, skip this scan!

[INFO] [1783989482.688144540] [laser_mapping]: publish_map: frame pts=0, total=0
[WARN] [1783989482.688252459] [laser_mapping]: No point, skip this scan!

[WARN] [1783989482.698152565] [laser_mapping]: No point, skip this scan!

[WARN] [1783989482.708144547] [laser_mapping]: No point, skip this scan!

[WARN] [1783989482.718147019] [laser_mapping]: No point, skip this scan!

[WARN] [1783989482.728142849] [laser_mapping]: No point, skip this scan!

[WARN] [1783989482.738162194] [laser_mapping]: No point, skip this scan!

[WARN] [1783989482.748989354] [laser_mapping]: No point, skip this scan!

[WARN] [1783989482.758171340] [laser_mapping]: No point, skip this scan!

[WARN] [1783989482.768138456] [laser_mapping]: No point, skip this scan!

[WARN] [1783989482.778111639] [laser_mapping]: No point, skip this scan!

[WARN] [1783989482.788153949] [laser_mapping]: No point, skip this scan!

[WARN] [1783989482.798268886] [laser_mapping]: No point, skip this scan!

[WARN] [1783989482.808152002] [laser_mapping]: No point, skip this scan!

[WARN] [1783989482.818144071] [laser_mapping]: No point, skip this scan!

[WARN] [1783989482.828159835] [laser_mapping]: No point, skip this scan!

[WARN] [1783989482.838146869] [laser_mapping]: No point, skip this scan!

[WARN] [1783989482.848328881] [laser_mapping]: No point, skip this scan!

[WARN] [1783989482.858168180] [laser_mapping]: No point, skip this scan!

[WARN] [1783989482.868155982] [laser_mapping]: No point, skip this scan!

[WARN] [1783989482.878146923] [laser_mapping]: No point, skip this scan!

[WARN] [1783989482.888156484] [laser_mapping]: No point, skip this scan!

[WARN] [1783989482.898188248] [laser_mapping]: No point, skip this scan!

[WARN] [1783989482.908165350] [laser_mapping]: No point, skip this scan!

[WARN] [1783989482.918141621] [laser_mapping]: No point, skip this scan!

[WARN] [1783989482.928162252] [laser_mapping]: No point, skip this scan!

[WARN] [1783989482.938155286] [laser_mapping]: No point, skip this scan!

[WARN] [1783989482.948156587] [laser_mapping]: No point, skip this scan!

[WARN] [1783989482.958150561] [laser_mapping]: No point, skip this scan!

[WARN] [1783989482.968155513] [laser_mapping]: No point, skip this scan!

[WARN] [1783989482.978141284] [laser_mapping]: No point, skip this scan!

[WARN] [1783989482.988138991] [laser_mapping]: No point, skip this scan!

[WARN] [1783989482.998263440] [laser_mapping]: No point, skip this scan!

[WARN] [1783989483.008146624] [laser_mapping]: No point, skip this scan!

[WARN] [1783989483.018152306] [laser_mapping]: No point, skip this scan!

[WARN] [1783989483.028153737] [laser_mapping]: No point, skip this scan!

[WARN] [1783989483.038145247] [laser_mapping]: No point, skip this scan!

[WARN] [1783989483.048156939] [laser_mapping]: No point, skip this scan!

[WARN] [1783989483.058162749] [laser_mapping]: No point, skip this scan!

[WARN] [1783989483.068158426] [laser_mapping]: No point, skip this scan!

[WARN] [1783989483.078161997] [laser_mapping]: No point, skip this scan!

[WARN] [1783989483.088143484] [laser_mapping]: No point, skip this scan!

[WARN] [1783989483.098150231] [laser_mapping]: No point, skip this scan!

[WARN] [1783989483.108154915] [laser_mapping]: No point, skip this scan!

[WARN] [1783989483.118156914] [laser_mapping]: No point, skip this scan!

[WARN] [1783989483.128167811] [laser_mapping]: No point, skip this scan!

[WARN] [1783989483.138145433] [laser_mapping]: No point, skip this scan!

[WARN] [1783989483.148159763] [laser_mapping]: No point, skip this scan!

[WARN] [1783989483.158159364] [laser_mapping]: No point, skip this scan!

[WARN] [1783989483.168159497] [laser_mapping]: No point, skip this scan!

[WARN] [1783989483.178162239] [laser_mapping]: No point, skip this scan!

[WARN] [1783989483.188154298] [laser_mapping]: No point, skip this scan!

[WARN] [1783989483.198145723] [laser_mapping]: No point, skip this scan!

[WARN] [1783989483.208118248] [laser_mapping]: No point, skip this scan!

[WARN] [1783989483.218149785] [laser_mapping]: No point, skip this scan!

[WARN] [1783989483.228141024] [laser_mapping]: No point, skip this scan!

[WARN] [1783989483.238165784] [laser_mapping]: No point, skip this scan!

[WARN] [1783989483.248145312] [laser_mapping]: No point, skip this scan!

[WARN] [1783989483.258164764] [laser_mapping]: No point, skip this scan!

[WARN] [1783989483.268150966] [laser_mapping]: No point, skip this scan!

[WARN] [1783989483.278157059] [laser_mapping]: No point, skip this scan!

[WARN] [1783989483.289612913] [laser_mapping]: No point, skip this scan!

[WARN] [1783989483.298514874] [laser_mapping]: No point, skip this scan!

[WARN] [1783989483.308151075] [laser_mapping]: No point, skip this scan!

[WARN] [1783989483.318160202] [laser_mapping]: No point, skip this scan!

[WARN] [1783989483.328150052] [laser_mapping]: No point, skip this scan!

[WARN] [1783989483.338157997] [laser_mapping]: No point, skip this scan!

[WARN] [1783989483.348370209] [laser_mapping]: No point, skip this scan!

[WARN] [1783989483.358155540] [laser_mapping]: No point, skip this scan!

[WARN] [1783989483.368143636] [laser_mapping]: No point, skip this scan!

[WARN] [1783989483.378150486] [laser_mapping]: No point, skip this scan!

[WARN] [1783989483.388147759] [laser_mapping]: No point, skip this scan!

[WARN] [1783989483.398379129] [laser_mapping]: No point, skip this scan!

[WARN] [1783989483.408142670] [laser_mapping]: No point, skip this scan!

[WARN] [1783989483.418153326] [laser_mapping]: No point, skip this scan!

[WARN] [1783989483.428154307] [laser_mapping]: No point, skip this scan!

[WARN] [1783989483.438144763] [laser_mapping]: No point, skip this scan!

[WARN] [1783989483.448148322] [laser_mapping]: No point, skip this scan!

[WARN] [1783989483.458159470] [laser_mapping]: No point, skip this scan!

[WARN] [1783989483.468207753] [laser_mapping]: No point, skip this scan!

[WARN] [1783989483.478163940] [laser_mapping]: No point, skip this scan!

[WARN] [1783989483.488144550] [laser_mapping]: No point, skip this scan!

[WARN] [1783989483.498145891] [laser_mapping]: No point, skip this scan!

[WARN] [1783989483.508143409] [laser_mapping]: No point, skip this scan!

[WARN] [1783989483.518164741] [laser_mapping]: No point, skip this scan!

[WARN] [1783989483.528142529] [laser_mapping]: No point, skip this scan!

[WARN] [1783989483.538145823] [laser_mapping]: No point, skip this scan!

[WARN] [1783989483.548143686] [laser_mapping]: No point, skip this scan!

[WARN] [1783989483.558146587] [laser_mapping]: No point, skip this scan!

[WARN] [1783989483.568150353] [laser_mapping]: No point, skip this scan!

[WARN] [1783989483.578158567] [laser_mapping]: No point, skip this scan!

[WARN] [1783989483.588142936] [laser_mapping]: No point, skip this scan!

[WARN] [1783989483.598144138] [laser_mapping]: No point, skip this scan!

[WARN] [1783989483.608143661] [laser_mapping]: No point, skip this scan!

[WARN] [1783989483.618143959] [laser_mapping]: No point, skip this scan!

[WARN] [1783989483.628147008] [laser_mapping]: No point, skip this scan!

[WARN] [1783989483.638082144] [laser_mapping]: No point, skip this scan!

[WARN] [1783989483.648152630] [laser_mapping]: No point, skip this scan!

[WARN] [1783989483.658148060] [laser_mapping]: No point, skip this scan!

[WARN] [1783989483.668141749] [laser_mapping]: No point, skip this scan!

[WARN] [1783989483.678141553] [laser_mapping]: No point, skip this scan!

[INFO] [1783989483.688139816] [laser_mapping]: publish_map: frame pts=0, total=0
[WARN] [1783989483.688195045] [laser_mapping]: No point, skip this scan!

[WARN] [1783989483.698136476] [laser_mapping]: No point, skip this scan!

[WARN] [1783989483.708139501] [laser_mapping]: No point, skip this scan!

[WARN] [1783989483.718172211] [laser_mapping]: No point, skip this scan!

[WARN] [1783989483.728130957] [laser_mapping]: No point, skip this scan!

[WARN] [1783989483.738157811] [laser_mapping]: No point, skip this scan!

[WARN] [1783989483.748152379] [laser_mapping]: No point, skip this scan!

[WARN] [1783989483.758151946] [laser_mapping]: No point, skip this scan!

[WARN] [1783989483.768159717] [laser_mapping]: No point, skip this scan!

[WARN] [1783989483.779001459] [laser_mapping]: No point, skip this scan!

[WARN] [1783989483.788338809] [laser_mapping]: No point, skip this scan!

[WARN] [1783989483.798147181] [laser_mapping]: No point, skip this scan!

[WARN] [1783989483.808157409] [laser_mapping]: No point, skip this scan!

[WARN] [1783989483.818150113] [laser_mapping]: No point, skip this scan!

[WARN] [1783989483.828164063] [laser_mapping]: No point, skip this scan!

[WARN] [1783989483.838151709] [laser_mapping]: No point, skip this scan!

[WARN] [1783989483.848150606] [laser_mapping]: No point, skip this scan!

[WARN] [1783989483.858159263] [laser_mapping]: No point, skip this scan!

[WARN] [1783989483.868165049] [laser_mapping]: No point, skip this scan!

[WARN] [1783989483.878146255] [laser_mapping]: No point, skip this scan!

[WARN] [1783989483.888156851] [laser_mapping]: No point, skip this scan!

[WARN] [1783989483.898143667] [laser_mapping]: No point, skip this scan!

[WARN] [1783989483.908151330] [laser_mapping]: No point, skip this scan!

[WARN] [1783989483.918149139] [laser_mapping]: No point, skip this scan!

[WARN] [1783989483.928235090] [laser_mapping]: No point, skip this scan!

[WARN] [1783989483.938154066] [laser_mapping]: No point, skip this scan!

[WARN] [1783989483.948144703] [laser_mapping]: No point, skip this scan!

[WARN] [1783989483.958154981] [laser_mapping]: No point, skip this scan!

[WARN] [1783989483.968160821] [laser_mapping]: No point, skip this scan!

[WARN] [1783989483.978152807] [laser_mapping]: No point, skip this scan!

[WARN] [1783989483.988153310] [laser_mapping]: No point, skip this scan!

[WARN] [1783989483.998147399] [laser_mapping]: No point, skip this scan!

[WARN] [1783989484.008159438] [laser_mapping]: No point, skip this scan!

[WARN] [1783989484.018153551] [laser_mapping]: No point, skip this scan!

[WARN] [1783989484.028149857] [laser_mapping]: No point, skip this scan!

[WARN] [1783989484.038152942] [laser_mapping]: No point, skip this scan!

[WARN] [1783989484.048150112] [laser_mapping]: No point, skip this scan!

[WARN] [1783989484.058147906] [laser_mapping]: No point, skip this scan!

[WARN] [1783989484.068170927] [laser_mapping]: No point, skip this scan!

[WARN] [1783989484.078150828] [laser_mapping]: No point, skip this scan!

[WARN] [1783989484.088170476] [laser_mapping]: No point, skip this scan!

[WARN] [1783989484.098154682] [laser_mapping]: No point, skip this scan!

[WARN] [1783989484.108148130] [laser_mapping]: No point, skip this scan!

[WARN] [1783989484.118149705] [laser_mapping]: No point, skip this scan!

[WARN] [1783989484.128161458] [laser_mapping]: No point, skip this scan!

[WARN] [1783989484.138146958] [laser_mapping]: No point, skip this scan!

[WARN] [1783989484.148148175] [laser_mapping]: No point, skip this scan!

[WARN] [1783989484.158147081] [laser_mapping]: No point, skip this scan!

[WARN] [1783989484.168191272] [laser_mapping]: No point, skip this scan!

[WARN] [1783989484.178141372] [laser_mapping]: No point, skip this scan!

[WARN] [1783989484.188115214] [laser_mapping]: No point, skip this scan!

[WARN] [1783989484.198140436] [laser_mapping]: No point, skip this scan!

[WARN] [1783989484.208140882] [laser_mapping]: No point, skip this scan!

[WARN] [1783989484.218143514] [laser_mapping]: No point, skip this scan!

[WARN] [1783989484.228166157] [laser_mapping]: No point, skip this scan!

[WARN] [1783989484.238117260] [laser_mapping]: No point, skip this scan!

[WARN] [1783989484.248732500] [laser_mapping]: No point, skip this scan!

[WARN] [1783989484.258151377] [laser_mapping]: No point, skip this scan!

[WARN] [1783989484.268467344] [laser_mapping]: No point, skip this scan!

[WARN] [1783989484.278161587] [laser_mapping]: No point, skip this scan!

[WARN] [1783989484.288151708] [laser_mapping]: No point, skip this scan!

[WARN] [1783989484.298192991] [laser_mapping]: No point, skip this scan!

[WARN] [1783989484.308147681] [laser_mapping]: No point, skip this scan!

[WARN] [1783989484.318250344] [laser_mapping]: No point, skip this scan!

[WARN] [1783989484.328140873] [laser_mapping]: No point, skip this scan!

[WARN] [1783989484.338134342] [laser_mapping]: No point, skip this scan!

[WARN] [1783989484.348151493] [laser_mapping]: No point, skip this scan!

[WARN] [1783989484.358158882] [laser_mapping]: No point, skip this scan!

[WARN] [1783989484.368145617] [laser_mapping]: No point, skip this scan!

[WARN] [1783989484.378156345] [laser_mapping]: No point, skip this scan!

[WARN] [1783989484.388164796] [laser_mapping]: No point, skip this scan!

[WARN] [1783989484.398153386] [laser_mapping]: No point, skip this scan!

[WARN] [1783989484.408155340] [laser_mapping]: No point, skip this scan!

[WARN] [1783989484.418161438] [laser_mapping]: No point, skip this scan!

[WARN] [1783989484.428154316] [laser_mapping]: No point, skip this scan!

[WARN] [1783989484.438153696] [laser_mapping]: No point, skip this scan!

[WARN] [1783989484.448162192] [laser_mapping]: No point, skip this scan!

[WARN] [1783989484.458162686] [laser_mapping]: No point, skip this scan!

[WARN] [1783989484.468165022] [laser_mapping]: No point, skip this scan!

[WARN] [1783989484.478313263] [laser_mapping]: No point, skip this scan!

[WARN] [1783989484.488153379] [laser_mapping]: No point, skip this scan!

[WARN] [1783989484.498148887] [laser_mapping]: No point, skip this scan!

[WARN] [1783989484.508148935] [laser_mapping]: No point, skip this scan!

[WARN] [1783989484.518148774] [laser_mapping]: No point, skip this scan!

[WARN] [1783989484.528149672] [laser_mapping]: No point, skip this scan!

[WARN] [1783989484.538146656] [laser_mapping]: No point, skip this scan!

[WARN] [1783989484.548159237] [laser_mapping]: No point, skip this scan!

[WARN] [1783989484.558155987] [laser_mapping]: No point, skip this scan!

[WARN] [1783989484.568154916] [laser_mapping]: No point, skip this scan!

[WARN] [1783989484.578151208] [laser_mapping]: No point, skip this scan!

[WARN] [1783989484.588283981] [laser_mapping]: No point, skip this scan!

[WARN] [1783989484.598159330] [laser_mapping]: No point, skip this scan!

[WARN] [1783989484.608164617] [laser_mapping]: No point, skip this scan!

[WARN] [1783989484.618158516] [laser_mapping]: No point, skip this scan!

[WARN] [1783989484.628165695] [laser_mapping]: No point, skip this scan!

[WARN] [1783989484.638373081] [laser_mapping]: No point, skip this scan!

[WARN] [1783989484.648161360] [laser_mapping]: No point, skip this scan!

[WARN] [1783989484.658145876] [laser_mapping]: No point, skip this scan!

[WARN] [1783989484.668137401] [laser_mapping]: No point, skip this scan!

[WARN] [1783989484.678136897] [laser_mapping]: No point, skip this scan!

[INFO] [1783989484.688148996] [laser_mapping]: publish_map: frame pts=0, total=0
[WARN] [1783989484.688242935] [laser_mapping]: No point, skip this scan!

[WARN] [1783989484.698143738] [laser_mapping]: No point, skip this scan!

[WARN] [1783989484.708148824] [laser_mapping]: No point, skip this scan!

[WARN] [1783989484.718151536] [laser_mapping]: No point, skip this scan!

[WARN] [1783989484.728153785] [laser_mapping]: No point, skip this scan!

[WARN] [1783989484.738165601] [laser_mapping]: No point, skip this scan!

[WARN] [1783989484.748149723] [laser_mapping]: No point, skip this scan!

[WARN] [1783989484.758147394] [laser_mapping]: No point, skip this scan!

[WARN] [1783989484.768157594] [laser_mapping]: No point, skip this scan!

[WARN] [1783989484.778162050] [laser_mapping]: No point, skip this scan!

[WARN] [1783989484.788156433] [laser_mapping]: No point, skip this scan!

[WARN] [1783989484.798150406] [laser_mapping]: No point, skip this scan!

[WARN] [1783989484.808143829] [laser_mapping]: No point, skip this scan!

[WARN] [1783989484.818163070] [laser_mapping]: No point, skip this scan!

[WARN] [1783989484.828147062] [laser_mapping]: No point, skip this scan!

[WARN] [1783989484.838122689] [laser_mapping]: No point, skip this scan!

[WARN] [1783989484.848163212] [laser_mapping]: No point, skip this scan!

[WARN] [1783989484.858164918] [laser_mapping]: No point, skip this scan!

[WARN] [1783989484.868174393] [laser_mapping]: No point, skip this scan!

[WARN] [1783989484.878157823] [laser_mapping]: No point, skip this scan!

[WARN] [1783989484.888169224] [laser_mapping]: No point, skip this scan!

[WARN] [1783989484.898631167] [laser_mapping]: No point, skip this scan!

[WARN] [1783989484.908159476] [laser_mapping]: No point, skip this scan!

[WARN] [1783989484.918170945] [laser_mapping]: No point, skip this scan!

[WARN] [1783989484.928138703] [laser_mapping]: No point, skip this scan!

[WARN] [1783989484.938172163] [laser_mapping]: No point, skip this scan!

[WARN] [1783989484.948159196] [laser_mapping]: No point, skip this scan!

[WARN] [1783989484.958163785] [laser_mapping]: No point, skip this scan!

[WARN] [1783989484.968169152] [laser_mapping]: No point, skip this scan!

[WARN] [1783989484.978275803] [laser_mapping]: No point, skip this scan!

[WARN] [1783989484.988167645] [laser_mapping]: No point, skip this scan!

[WARN] [1783989484.998160031] [laser_mapping]: No point, skip this scan!

[WARN] [1783989485.008150874] [laser_mapping]: No point, skip this scan!

[WARN] [1783989485.018167687] [laser_mapping]: No point, skip this scan!

[WARN] [1783989485.028175683] [laser_mapping]: No point, skip this scan!

[WARN] [1783989485.038149785] [laser_mapping]: No point, skip this scan!

[WARN] [1783989485.048142213] [laser_mapping]: No point, skip this scan!

[WARN] [1783989485.058155511] [laser_mapping]: No point, skip this scan!

[WARN] [1783989485.068144539] [laser_mapping]: No point, skip this scan!

[WARN] [1783989485.078168516] [laser_mapping]: No point, skip this scan!

[WARN] [1783989485.088153303] [laser_mapping]: No point, skip this scan!

[WARN] [1783989485.098167162] [laser_mapping]: No point, skip this scan!

[WARN] [1783989485.108152616] [laser_mapping]: No point, skip this scan!

[WARN] [1783989485.118165211] [laser_mapping]: No point, skip this scan!

[WARN] [1783989485.128162875] [laser_mapping]: No point, skip this scan!

[WARN] [1783989485.138160832] [laser_mapping]: No point, skip this scan!

[WARN] [1783989485.148171982] [laser_mapping]: No point, skip this scan!

[WARN] [1783989485.158149198] [laser_mapping]: No point, skip this scan!

[WARN] [1783989485.168169957] [laser_mapping]: No point, skip this scan!

[WARN] [1783989485.178150367] [laser_mapping]: No point, skip this scan!

[WARN] [1783989485.188146840] [laser_mapping]: No point, skip this scan!

[WARN] [1783989485.198164593] [laser_mapping]: No point, skip this scan!

[WARN] [1783989485.208145646] [laser_mapping]: No point, skip this scan!

[WARN] [1783989485.218163335] [laser_mapping]: No point, skip this scan!

[WARN] [1783989485.228148573] [laser_mapping]: No point, skip this scan!

[WARN] [1783989485.238163298] [laser_mapping]: No point, skip this scan!

[WARN] [1783989485.248163956] [laser_mapping]: No point, skip this scan!

[WARN] [1783989485.258168489] [laser_mapping]: No point, skip this scan!

[WARN] [1783989485.268147253] [laser_mapping]: No point, skip this scan!

[WARN] [1783989485.278163902] [laser_mapping]: No point, skip this scan!

[WARN] [1783989485.288156383] [laser_mapping]: No point, skip this scan!

[WARN] [1783989485.298145400] [laser_mapping]: No point, skip this scan!

[WARN] [1783989485.308160902] [laser_mapping]: No point, skip this scan!

[WARN] [1783989485.318154567] [laser_mapping]: No point, skip this scan!

[WARN] [1783989485.328142853] [laser_mapping]: No point, skip this scan!

[WARN] [1783989485.338138822] [laser_mapping]: No point, skip this scan!

[WARN] [1783989485.348145700] [laser_mapping]: No point, skip this scan!

[WARN] [1783989485.358166864] [laser_mapping]: No point, skip this scan!

[WARN] [1783989485.368146700] [laser_mapping]: No point, skip this scan!

[WARN] [1783989485.378299005] [laser_mapping]: No point, skip this scan!

[WARN] [1783989485.388150480] [laser_mapping]: No point, skip this scan!

[WARN] [1783989485.398146236] [laser_mapping]: No point, skip this scan!

[WARN] [1783989485.408146287] [laser_mapping]: No point, skip this scan!

[WARN] [1783989485.418140108] [laser_mapping]: No point, skip this scan!

[WARN] [1783989485.428151364] [laser_mapping]: No point, skip this scan!

[WARN] [1783989485.438146321] [laser_mapping]: No point, skip this scan!

[WARN] [1783989485.448163871] [laser_mapping]: No point, skip this scan!

[WARN] [1783989485.458147873] [laser_mapping]: No point, skip this scan!

[WARN] [1783989485.468147142] [laser_mapping]: No point, skip this scan!

[WARN] [1783989485.478142652] [laser_mapping]: No point, skip this scan!

[WARN] [1783989485.488138258] [laser_mapping]: No point, skip this scan!

[WARN] [1783989485.498167968] [laser_mapping]: No point, skip this scan!

[WARN] [1783989485.508142263] [laser_mapping]: No point, skip this scan!

[WARN] [1783989485.518141889] [laser_mapping]: No point, skip this scan!

[WARN] [1783989485.528154694] [laser_mapping]: No point, skip this scan!

[WARN] [1783989485.538154929] [laser_mapping]: No point, skip this scan!

[WARN] [1783989485.548155604] [laser_mapping]: No point, skip this scan!

[WARN] [1783989485.558155545] [laser_mapping]: No point, skip this scan!

[WARN] [1783989485.568157297] [laser_mapping]: No point, skip this scan!

[WARN] [1783989485.578146447] [laser_mapping]: No point, skip this scan!

[WARN] [1783989485.588142943] [laser_mapping]: No point, skip this scan!

[WARN] [1783989485.598157621] [laser_mapping]: No point, skip this scan!

[WARN] [1783989485.608153556] [laser_mapping]: No point, skip this scan!

[WARN] [1783989485.618144722] [laser_mapping]: No point, skip this scan!

[WARN] [1783989485.628157993] [laser_mapping]: No point, skip this scan!

[WARN] [1783989485.638145937] [laser_mapping]: No point, skip this scan!

[WARN] [1783989485.648157361] [laser_mapping]: No point, skip this scan!

[WARN] [1783989485.658145675] [laser_mapping]: No point, skip this scan!

[WARN] [1783989485.668140388] [laser_mapping]: No point, skip this scan!

[WARN] [1783989485.678149299] [laser_mapping]: No point, skip this scan!

[INFO] [1783989485.688148759] [laser_mapping]: publish_map: frame pts=0, total=0
[WARN] [1783989485.688223552] [laser_mapping]: No point, skip this scan!

[WARN] [1783989485.698166006] [laser_mapping]: No point, skip this scan!

[WARN] [1783989485.708153143] [laser_mapping]: No point, skip this scan!

[WARN] [1783989485.718140724] [laser_mapping]: No point, skip this scan!

[WARN] [1783989485.728144424] [laser_mapping]: No point, skip this scan!

[WARN] [1783989485.738146555] [laser_mapping]: No point, skip this scan!

[WARN] [1783989485.748143604] [laser_mapping]: No point, skip this scan!

[WARN] [1783989485.758160877] [laser_mapping]: No point, skip this scan!

[WARN] [1783989485.768291927] [laser_mapping]: No point, skip this scan!

[WARN] [1783989485.778172369] [laser_mapping]: No point, skip this scan!

[WARN] [1783989485.788168221] [laser_mapping]: No point, skip this scan!

[WARN] [1783989485.798177027] [laser_mapping]: No point, skip this scan!

[WARN] [1783989485.808168360] [laser_mapping]: No point, skip this scan!

[WARN] [1783989485.818160466] [laser_mapping]: No point, skip this scan!

[WARN] [1783989485.828161245] [laser_mapping]: No point, skip this scan!

[WARN] [1783989485.838161028] [laser_mapping]: No point, skip this scan!

[WARN] [1783989485.848148686] [laser_mapping]: No point, skip this scan!

[WARN] [1783989485.858149627] [laser_mapping]: No point, skip this scan!

[WARN] [1783989485.868138052] [laser_mapping]: No point, skip this scan!

[WARN] [1783989485.878157813] [laser_mapping]: No point, skip this scan!

[WARN] [1783989485.888157556] [laser_mapping]: No point, skip this scan!

[WARN] [1783989485.898149177] [laser_mapping]: No point, skip this scan!

[WARN] [1783989485.908145798] [laser_mapping]: No point, skip this scan!

[WARN] [1783989485.918162332] [laser_mapping]: No point, skip this scan!

[WARN] [1783989485.928143622] [laser_mapping]: No point, skip this scan!

[WARN] [1783989485.938149207] [laser_mapping]: No point, skip this scan!

[WARN] [1783989485.948139349] [laser_mapping]: No point, skip this scan!

[WARN] [1783989485.958153342] [laser_mapping]: No point, skip this scan!

[WARN] [1783989485.968152016] [laser_mapping]: No point, skip this scan!

[WARN] [1783989485.978158934] [laser_mapping]: No point, skip this scan!

[WARN] [1783989485.988284575] [laser_mapping]: No point, skip this scan!

[WARN] [1783989485.998147054] [laser_mapping]: No point, skip this scan!

[WARN] [1783989486.008147472] [laser_mapping]: No point, skip this scan!

[WARN] [1783989486.018143552] [laser_mapping]: No point, skip this scan!

[WARN] [1783989486.028139178] [laser_mapping]: No point, skip this scan!

[WARN] [1783989486.038164051] [laser_mapping]: No point, skip this scan!

[WARN] [1783989486.048145367] [laser_mapping]: No point, skip this scan!

[WARN] [1783989486.058149334] [laser_mapping]: No point, skip this scan!

[WARN] [1783989486.068118772] [laser_mapping]: No point, skip this scan!

[WARN] [1783989486.078167472] [laser_mapping]: No point, skip this scan!

[WARN] [1783989486.088160115] [laser_mapping]: No point, skip this scan!

[WARN] [1783989486.098163879] [laser_mapping]: No point, skip this scan!

[WARN] [1783989486.108145207] [laser_mapping]: No point, skip this scan!

[WARN] [1783989486.118138003] [laser_mapping]: No point, skip this scan!

[WARN] [1783989486.128144504] [laser_mapping]: No point, skip this scan!

[WARN] [1783989486.138144660] [laser_mapping]: No point, skip this scan!

[WARN] [1783989486.148155645] [laser_mapping]: No point, skip this scan!

[WARN] [1783989486.158148751] [laser_mapping]: No point, skip this scan!

[WARN] [1783989486.168158352] [laser_mapping]: No point, skip this scan!

[WARN] [1783989486.178162908] [laser_mapping]: No point, skip this scan!

[WARN] [1783989486.188151034] [laser_mapping]: No point, skip this scan!

[WARN] [1783989486.198138696] [laser_mapping]: No point, skip this scan!

[WARN] [1783989486.208151060] [laser_mapping]: No point, skip this scan!

[WARN] [1783989486.218142489] [laser_mapping]: No point, skip this scan!

[WARN] [1783989486.228146222] [laser_mapping]: No point, skip this scan!

[WARN] [1783989486.238284984] [laser_mapping]: No point, skip this scan!

[WARN] [1783989486.248263097] [laser_mapping]: No point, skip this scan!

[WARN] [1783989486.258144465] [laser_mapping]: No point, skip this scan!

[WARN] [1783989486.268146378] [laser_mapping]: No point, skip this scan!

[WARN] [1783989486.278142710] [laser_mapping]: No point, skip this scan!

[WARN] [1783989486.288146587] [laser_mapping]: No point, skip this scan!

[WARN] [1783989486.298148354] [laser_mapping]: No point, skip this scan!

[WARN] [1783989486.308148953] [laser_mapping]: No point, skip this scan!

[WARN] [1783989486.318272973] [laser_mapping]: No point, skip this scan!

[WARN] [1783989486.328127075] [laser_mapping]: No point, skip this scan!

[WARN] [1783989486.338139201] [laser_mapping]: No point, skip this scan!

[WARN] [1783989486.348151001] [laser_mapping]: No point, skip this scan!

[WARN] [1783989486.358268134] [laser_mapping]: No point, skip this scan!

[WARN] [1783989486.368156676] [laser_mapping]: No point, skip this scan!

[WARN] [1783989486.378147671] [laser_mapping]: No point, skip this scan!

[WARN] [1783989486.388148820] [laser_mapping]: No point, skip this scan!

[WARN] [1783989486.398140705] [laser_mapping]: No point, skip this scan!

[WARN] [1783989486.408149028] [laser_mapping]: No point, skip this scan!

[WARN] [1783989486.418161976] [laser_mapping]: No point, skip this scan!

[WARN] [1783989486.428154382] [laser_mapping]: No point, skip this scan!

[WARN] [1783989486.438126931] [laser_mapping]: No point, skip this scan!

[WARN] [1783989486.448275700] [laser_mapping]: No point, skip this scan!

[WARN] [1783989486.458160296] [laser_mapping]: No point, skip this scan!

[WARN] [1783989486.468165596] [laser_mapping]: No point, skip this scan!

[WARN] [1783989486.478144306] [laser_mapping]: No point, skip this scan!

[WARN] [1783989486.488158577] [laser_mapping]: No point, skip this scan!

[WARN] [1783989486.498139890] [laser_mapping]: No point, skip this scan!

[WARN] [1783989486.508155106] [laser_mapping]: No point, skip this scan!

[WARN] [1783989486.518148121] [laser_mapping]: No point, skip this scan!

[WARN] [1783989486.528090930] [laser_mapping]: No point, skip this scan!

[WARN] [1783989486.538143467] [laser_mapping]: No point, skip this scan!

[WARN] [1783989486.548158163] [laser_mapping]: No point, skip this scan!

[WARN] [1783989486.558148626] [laser_mapping]: No point, skip this scan!

[WARN] [1783989486.568148136] [laser_mapping]: No point, skip this scan!

[WARN] [1783989486.578159842] [laser_mapping]: No point, skip this scan!

[WARN] [1783989486.588140476] [laser_mapping]: No point, skip this scan!

[WARN] [1783989486.598142011] [laser_mapping]: No point, skip this scan!

[WARN] [1783989486.608144689] [laser_mapping]: No point, skip this scan!

[WARN] [1783989486.618359818] [laser_mapping]: No point, skip this scan!

[WARN] [1783989486.628139798] [laser_mapping]: No point, skip this scan!

[WARN] [1783989486.638143311] [laser_mapping]: No point, skip this scan!

[WARN] [1783989486.648144448] [laser_mapping]: No point, skip this scan!

[WARN] [1783989486.658147549] [laser_mapping]: No point, skip this scan!

[WARN] [1783989486.668145591] [laser_mapping]: No point, skip this scan!

[WARN] [1783989486.678139178] [laser_mapping]: No point, skip this scan!

[INFO] [1783989486.688143953] [laser_mapping]: publish_map: frame pts=0, total=0
[WARN] [1783989486.688210227] [laser_mapping]: No point, skip this scan!

[WARN] [1783989486.698138030] [laser_mapping]: No point, skip this scan!

[WARN] [1783989486.708138915] [laser_mapping]: No point, skip this scan!

[WARN] [1783989486.718146888] [laser_mapping]: No point, skip this scan!

[WARN] [1783989486.728138540] [laser_mapping]: No point, skip this scan!

[WARN] [1783989486.738144793] [laser_mapping]: No point, skip this scan!

[WARN] [1783989486.748147888] [laser_mapping]: No point, skip this scan!

[WARN] [1783989486.758188090] [laser_mapping]: No point, skip this scan!

[WARN] [1783989486.768158044] [laser_mapping]: No point, skip this scan!

[WARN] [1783989486.778145594] [laser_mapping]: No point, skip this scan!

[WARN] [1783989486.788150358] [laser_mapping]: No point, skip this scan!

[WARN] [1783989486.798166102] [laser_mapping]: No point, skip this scan!

[WARN] [1783989486.808152635] [laser_mapping]: No point, skip this scan!

[WARN] [1783989486.818148301] [laser_mapping]: No point, skip this scan!

[WARN] [1783989486.828162341] [laser_mapping]: No point, skip this scan!

[WARN] [1783989486.838144556] [laser_mapping]: No point, skip this scan!

[WARN] [1783989486.848143782] [laser_mapping]: No point, skip this scan!

[WARN] [1783989486.858365067] [laser_mapping]: No point, skip this scan!

[WARN] [1783989486.868302825] [laser_mapping]: No point, skip this scan!

[WARN] [1783989486.878157963] [laser_mapping]: No point, skip this scan!

[WARN] [1783989486.888165758] [laser_mapping]: No point, skip this scan!

[WARN] [1783989486.898142474] [laser_mapping]: No point, skip this scan!

[WARN] [1783989486.908149686] [laser_mapping]: No point, skip this scan!

[WARN] [1783989486.918146795] [laser_mapping]: No point, skip this scan!

[WARN] [1783989486.928158698] [laser_mapping]: No point, skip this scan!

[WARN] [1783989486.938143546] [laser_mapping]: No point, skip this scan!

[WARN] [1783989486.948163879] [laser_mapping]: No point, skip this scan!

[WARN] [1783989486.958164007] [laser_mapping]: No point, skip this scan!

[WARN] [1783989486.968147184] [laser_mapping]: No point, skip this scan!

[WARN] [1783989486.978142068] [laser_mapping]: No point, skip this scan!

[WARN] [1783989486.988142874] [laser_mapping]: No point, skip this scan!

[WARN] [1783989486.998146528] [laser_mapping]: No point, skip this scan!

[WARN] [1783989487.008142088] [laser_mapping]: No point, skip this scan!

[WARN] [1783989487.018141112] [laser_mapping]: No point, skip this scan!

[WARN] [1783989487.028147630] [laser_mapping]: No point, skip this scan!

[WARN] [1783989487.038145234] [laser_mapping]: No point, skip this scan!

[WARN] [1783989487.048152203] [laser_mapping]: No point, skip this scan!

[WARN] [1783989487.058124428] [laser_mapping]: No point, skip this scan!

[WARN] [1783989487.068143295] [laser_mapping]: No point, skip this scan!

[WARN] [1783989487.078145737] [laser_mapping]: No point, skip this scan!

[WARN] [1783989487.088157398] [laser_mapping]: No point, skip this scan!

[WARN] [1783989487.098178206] [laser_mapping]: No point, skip this scan!

[WARN] [1783989487.108160827] [laser_mapping]: No point, skip this scan!

[WARN] [1783989487.118141105] [laser_mapping]: No point, skip this scan!

[WARN] [1783989487.128148317] [laser_mapping]: No point, skip this scan!

[WARN] [1783989487.138146140] [laser_mapping]: No point, skip this scan!

[WARN] [1783989487.148165726] [laser_mapping]: No point, skip this scan!

[WARN] [1783989487.158145143] [laser_mapping]: No point, skip this scan!

[WARN] [1783989487.168152144] [laser_mapping]: No point, skip this scan!

[WARN] [1783989487.178148213] [laser_mapping]: No point, skip this scan!

[WARN] [1783989487.188146886] [laser_mapping]: No point, skip this scan!

[WARN] [1783989487.198164610] [laser_mapping]: No point, skip this scan!

[WARN] [1783989487.208166360] [laser_mapping]: No point, skip this scan!

[WARN] [1783989487.218240597] [laser_mapping]: No point, skip this scan!

[WARN] [1783989487.228163400] [laser_mapping]: No point, skip this scan!

[WARN] [1783989487.238148504] [laser_mapping]: No point, skip this scan!

[WARN] [1783989487.248117039] [laser_mapping]: No point, skip this scan!

[WARN] [1783989487.258150987] [laser_mapping]: No point, skip this scan!

[WARN] [1783989487.268147700] [laser_mapping]: No point, skip this scan!

[WARN] [1783989487.278160891] [laser_mapping]: No point, skip this scan!

[WARN] [1783989487.288149295] [laser_mapping]: No point, skip this scan!

[WARN] [1783989487.298391838] [laser_mapping]: No point, skip this scan!

[WARN] [1783989487.308148171] [laser_mapping]: No point, skip this scan!

[WARN] [1783989487.318168595] [laser_mapping]: No point, skip this scan!

[WARN] [1783989487.328149722] [laser_mapping]: No point, skip this scan!

[WARN] [1783989487.338145585] [laser_mapping]: No point, skip this scan!

[WARN] [1783989487.348145275] [laser_mapping]: No point, skip this scan!

[WARN] [1783989487.358146551] [laser_mapping]: No point, skip this scan!

[WARN] [1783989487.368153430] [laser_mapping]: No point, skip this scan!

[WARN] [1783989487.378147045] [laser_mapping]: No point, skip this scan!

[WARN] [1783989487.388139722] [laser_mapping]: No point, skip this scan!

[WARN] [1783989487.398158532] [laser_mapping]: No point, skip this scan!

[WARN] [1783989487.408136842] [laser_mapping]: No point, skip this scan!

[WARN] [1783989487.418156175] [laser_mapping]: No point, skip this scan!

[WARN] [1783989487.428125381] [laser_mapping]: No point, skip this scan!

[WARN] [1783989487.438157766] [laser_mapping]: No point, skip this scan!

[WARN] [1783989487.448128549] [laser_mapping]: No point, skip this scan!

[WARN] [1783989487.458139911] [laser_mapping]: No point, skip this scan!

[WARN] [1783989487.468147667] [laser_mapping]: No point, skip this scan!

[WARN] [1783989487.478154136] [laser_mapping]: No point, skip this scan!

[WARN] [1783989487.488144417] [laser_mapping]: No point, skip this scan!

[WARN] [1783989487.498143088] [laser_mapping]: No point, skip this scan!

[WARN] [1783989487.508146012] [laser_mapping]: No point, skip this scan!

[WARN] [1783989487.518167982] [laser_mapping]: No point, skip this scan!

[WARN] [1783989487.528152139] [laser_mapping]: No point, skip this scan!

[WARN] [1783989487.538147269] [laser_mapping]: No point, skip this scan!

[WARN] [1783989487.548147820] [laser_mapping]: No point, skip this scan!

[WARN] [1783989487.558149392] [laser_mapping]: No point, skip this scan!

[WARN] [1783989487.568136658] [laser_mapping]: No point, skip this scan!

[WARN] [1783989487.578150634] [laser_mapping]: No point, skip this scan!

[WARN] [1783989487.588127133] [laser_mapping]: No point, skip this scan!

[WARN] [1783989487.598165939] [laser_mapping]: No point, skip this scan!

[WARN] [1783989487.608149248] [laser_mapping]: No point, skip this scan!

[WARN] [1783989487.618156817] [laser_mapping]: No point, skip this scan!

[WARN] [1783989487.628131454] [laser_mapping]: No point, skip this scan!

[WARN] [1783989487.638154946] [laser_mapping]: No point, skip this scan!

[WARN] [1783989487.648160290] [laser_mapping]: No point, skip this scan!

[WARN] [1783989487.658185663] [laser_mapping]: No point, skip this scan!

[WARN] [1783989487.668166701] [laser_mapping]: No point, skip this scan!

[WARN] [1783989487.678145024] [laser_mapping]: No point, skip this scan!

[INFO] [1783989487.688141005] [laser_mapping]: publish_map: frame pts=0, total=0
[WARN] [1783989487.688211017] [laser_mapping]: No point, skip this scan!

[WARN] [1783989487.698157316] [laser_mapping]: No point, skip this scan!

[WARN] [1783989487.708147895] [laser_mapping]: No point, skip this scan!

[WARN] [1783989487.718142271] [laser_mapping]: No point, skip this scan!

[WARN] [1783989487.728164734] [laser_mapping]: No point, skip this scan!

[WARN] [1783989487.738164628] [laser_mapping]: No point, skip this scan!

[WARN] [1783989487.748156770] [laser_mapping]: No point, skip this scan!

[WARN] [1783989487.758141294] [laser_mapping]: No point, skip this scan!

[WARN] [1783989487.768153099] [laser_mapping]: No point, skip this scan!

[WARN] [1783989487.778160470] [laser_mapping]: No point, skip this scan!

[WARN] [1783989487.788159022] [laser_mapping]: No point, skip this scan!

[WARN] [1783989487.798156042] [laser_mapping]: No point, skip this scan!

[WARN] [1783989487.808140722] [laser_mapping]: No point, skip this scan!

[WARN] [1783989487.818144890] [laser_mapping]: No point, skip this scan!

[WARN] [1783989487.828141797] [laser_mapping]: No point, skip this scan!

[WARN] [1783989487.838143662] [laser_mapping]: No point, skip this scan!

[WARN] [1783989487.848141898] [laser_mapping]: No point, skip this scan!

[WARN] [1783989487.858137243] [laser_mapping]: No point, skip this scan!

[WARN] [1783989487.868136296] [laser_mapping]: No point, skip this scan!

[WARN] [1783989487.878152908] [laser_mapping]: No point, skip this scan!

[WARN] [1783989487.888148195] [laser_mapping]: No point, skip this scan!

[WARN] [1783989487.898143042] [laser_mapping]: No point, skip this scan!

[WARN] [1783989487.908240184] [laser_mapping]: No point, skip this scan!

[WARN] [1783989487.918160914] [laser_mapping]: No point, skip this scan!

[WARN] [1783989487.928136251] [laser_mapping]: No point, skip this scan!

[WARN] [1783989487.938132264] [laser_mapping]: No point, skip this scan!

[WARN] [1783989487.948140105] [laser_mapping]: No point, skip this scan!

[WARN] [1783989487.958143950] [laser_mapping]: No point, skip this scan!

[WARN] [1783989487.968146718] [laser_mapping]: No point, skip this scan!

[WARN] [1783989487.978143384] [laser_mapping]: No point, skip this scan!

[WARN] [1783989487.988154788] [laser_mapping]: No point, skip this scan!

[WARN] [1783989487.998140836] [laser_mapping]: No point, skip this scan!

[WARN] [1783989488.008151395] [laser_mapping]: No point, skip this scan!

[WARN] [1783989488.018157110] [laser_mapping]: No point, skip this scan!

[WARN] [1783989488.028149635] [laser_mapping]: No point, skip this scan!

[WARN] [1783989488.038149017] [laser_mapping]: No point, skip this scan!

[WARN] [1783989488.048150388] [laser_mapping]: No point, skip this scan!

[WARN] [1783989488.058145812] [laser_mapping]: No point, skip this scan!

[WARN] [1783989488.068156345] [laser_mapping]: No point, skip this scan!

[WARN] [1783989488.078139779] [laser_mapping]: No point, skip this scan!

[WARN] [1783989488.088146650] [laser_mapping]: No point, skip this scan!

[WARN] [1783989488.098145381] [laser_mapping]: No point, skip this scan!

[WARN] [1783989488.108146251] [laser_mapping]: No point, skip this scan!

[WARN] [1783989488.118142714] [laser_mapping]: No point, skip this scan!

[WARN] [1783989488.128142150] [laser_mapping]: No point, skip this scan!

[WARN] [1783989488.138142490] [laser_mapping]: No point, skip this scan!

[WARN] [1783989488.148153651] [laser_mapping]: No point, skip this scan!

[WARN] [1783989488.158142425] [laser_mapping]: No point, skip this scan!

[WARN] [1783989488.168145626] [laser_mapping]: No point, skip this scan!

[WARN] [1783989488.178158653] [laser_mapping]: No point, skip this scan!

[WARN] [1783989488.188145995] [laser_mapping]: No point, skip this scan!

[WARN] [1783989488.198146935] [laser_mapping]: No point, skip this scan!

[WARN] [1783989488.208144008] [laser_mapping]: No point, skip this scan!

[WARN] [1783989488.218140535] [laser_mapping]: No point, skip this scan!

[WARN] [1783989488.228149982] [laser_mapping]: No point, skip this scan!

[WARN] [1783989488.238141999] [laser_mapping]: No point, skip this scan!

[WARN] [1783989488.248156573] [laser_mapping]: No point, skip this scan!

[WARN] [1783989488.258161577] [laser_mapping]: No point, skip this scan!

[WARN] [1783989488.268140614] [laser_mapping]: No point, skip this scan!

[WARN] [1783989488.278135215] [laser_mapping]: No point, skip this scan!

[WARN] [1783989488.288155713] [laser_mapping]: No point, skip this scan!

[WARN] [1783989488.298147146] [laser_mapping]: No point, skip this scan!

[WARN] [1783989488.308143493] [laser_mapping]: No point, skip this scan!

[WARN] [1783989488.318140178] [laser_mapping]: No point, skip this scan!

[WARN] [1783989488.328113635] [laser_mapping]: No point, skip this scan!

[WARN] [1783989488.338155254] [laser_mapping]: No point, skip this scan!

[WARN] [1783989488.348138560] [laser_mapping]: No point, skip this scan!

[WARN] [1783989488.358145778] [laser_mapping]: No point, skip this scan!

[WARN] [1783989488.368137048] [laser_mapping]: No point, skip this scan!

[WARN] [1783989488.378153533] [laser_mapping]: No point, skip this scan!

[WARN] [1783989488.388138739] [laser_mapping]: No point, skip this scan!

[WARN] [1783989488.398164519] [laser_mapping]: No point, skip this scan!

[WARN] [1783989488.408141557] [laser_mapping]: No point, skip this scan!

[WARN] [1783989488.418156526] [laser_mapping]: No point, skip this scan!

[WARN] [1783989488.428148171] [laser_mapping]: No point, skip this scan!

[WARN] [1783989488.438142787] [laser_mapping]: No point, skip this scan!

[WARN] [1783989488.448149790] [laser_mapping]: No point, skip this scan!

[WARN] [1783989488.458142274] [laser_mapping]: No point, skip this scan!

[WARN] [1783989488.468140991] [laser_mapping]: No point, skip this scan!

[WARN] [1783989488.478140326] [laser_mapping]: No point, skip this scan!

[WARN] [1783989488.488134487] [laser_mapping]: No point, skip this scan!

[WARN] [1783989488.498160264] [laser_mapping]: No point, skip this scan!

[WARN] [1783989488.508136652] [laser_mapping]: No point, skip this scan!

[WARN] [1783989488.518138499] [laser_mapping]: No point, skip this scan!

[WARN] [1783989488.528147149] [laser_mapping]: No point, skip this scan!

[WARN] [1783989488.538146555] [laser_mapping]: No point, skip this scan!

[WARN] [1783989488.548144143] [laser_mapping]: No point, skip this scan!

[WARN] [1783989488.558144520] [laser_mapping]: No point, skip this scan!

[WARN] [1783989488.568141290] [laser_mapping]: No point, skip this scan!

[WARN] [1783989488.578140369] [laser_mapping]: No point, skip this scan!

[WARN] [1783989488.588136361] [laser_mapping]: No point, skip this scan!

[WARN] [1783989488.598149196] [laser_mapping]: No point, skip this scan!

[WARN] [1783989488.608145912] [laser_mapping]: No point, skip this scan!

[WARN] [1783989488.618150822] [laser_mapping]: No point, skip this scan!

[WARN] [1783989488.628140324] [laser_mapping]: No point, skip this scan!

[WARN] [1783989488.638268194] [laser_mapping]: No point, skip this scan!

[WARN] [1783989488.648156612] [laser_mapping]: No point, skip this scan!

[WARN] [1783989488.658152829] [laser_mapping]: No point, skip this scan!

[WARN] [1783989488.668152101] [laser_mapping]: No point, skip this scan!

[WARN] [1783989488.678186532] [laser_mapping]: No point, skip this scan!

[INFO] [1783989488.688154479] [laser_mapping]: publish_map: frame pts=0, total=0
[WARN] [1783989488.688239623] [laser_mapping]: No point, skip this scan!

[WARN] [1783989488.698167981] [laser_mapping]: No point, skip this scan!

[WARN] [1783989488.708161895] [laser_mapping]: No point, skip this scan!

[WARN] [1783989488.718145142] [laser_mapping]: No point, skip this scan!

[WARN] [1783989488.728173834] [laser_mapping]: No point, skip this scan!

[WARN] [1783989488.738145115] [laser_mapping]: No point, skip this scan!

[WARN] [1783989488.748309576] [laser_mapping]: No point, skip this scan!

[WARN] [1783989488.758144652] [laser_mapping]: No point, skip this scan!

[WARN] [1783989488.768164157] [laser_mapping]: No point, skip this scan!

[WARN] [1783989488.778144388] [laser_mapping]: No point, skip this scan!

[WARN] [1783989488.788156701] [laser_mapping]: No point, skip this scan!

[WARN] [1783989488.798127215] [laser_mapping]: No point, skip this scan!

[WARN] [1783989488.808163481] [laser_mapping]: No point, skip this scan!

[WARN] [1783989488.818143698] [laser_mapping]: No point, skip this scan!

[WARN] [1783989488.828166183] [laser_mapping]: No point, skip this scan!

[WARN] [1783989488.838143996] [laser_mapping]: No point, skip this scan!

[WARN] [1783989488.848138327] [laser_mapping]: No point, skip this scan!

[WARN] [1783989488.858149222] [laser_mapping]: No point, skip this scan!

[WARN] [1783989488.868160184] [laser_mapping]: No point, skip this scan!

[WARN] [1783989488.878144100] [laser_mapping]: No point, skip this scan!

[WARN] [1783989488.888150124] [laser_mapping]: No point, skip this scan!

[WARN] [1783989488.898169773] [laser_mapping]: No point, skip this scan!

[WARN] [1783989488.908161133] [laser_mapping]: No point, skip this scan!

[WARN] [1783989488.918174861] [laser_mapping]: No point, skip this scan!

[WARN] [1783989488.928175687] [laser_mapping]: No point, skip this scan!

[WARN] [1783989488.938174023] [laser_mapping]: No point, skip this scan!

[WARN] [1783989488.948149140] [laser_mapping]: No point, skip this scan!

[WARN] [1783989488.958132280] [laser_mapping]: No point, skip this scan!

[WARN] [1783989488.968155464] [laser_mapping]: No point, skip this scan!

[WARN] [1783989488.978169384] [laser_mapping]: No point, skip this scan!

[WARN] [1783989488.988258923] [laser_mapping]: No point, skip this scan!

[WARN] [1783989488.998169116] [laser_mapping]: No point, skip this scan!

[WARN] [1783989489.008161958] [laser_mapping]: No point, skip this scan!

[WARN] [1783989489.018161124] [laser_mapping]: No point, skip this scan!

[WARN] [1783989489.028167099] [laser_mapping]: No point, skip this scan!

[WARN] [1783989489.038168714] [laser_mapping]: No point, skip this scan!

[WARN] [1783989489.048163436] [laser_mapping]: No point, skip this scan!

[WARN] [1783989489.058146687] [laser_mapping]: No point, skip this scan!

[WARN] [1783989489.068157751] [laser_mapping]: No point, skip this scan!

[WARN] [1783989489.078237628] [laser_mapping]: No point, skip this scan!

[WARN] [1783989489.088163327] [laser_mapping]: No point, skip this scan!

[WARN] [1783989489.098284950] [laser_mapping]: No point, skip this scan!

[WARN] [1783989489.108158547] [laser_mapping]: No point, skip this scan!

[WARN] [1783989489.118270706] [laser_mapping]: No point, skip this scan!

[WARN] [1783989489.128166316] [laser_mapping]: No point, skip this scan!

[WARN] [1783989489.138169300] [laser_mapping]: No point, skip this scan!

[WARN] [1783989489.148157316] [laser_mapping]: No point, skip this scan!

[WARN] [1783989489.158157038] [laser_mapping]: No point, skip this scan!

[WARN] [1783989489.168158045] [laser_mapping]: No point, skip this scan!

[WARN] [1783989489.178166325] [laser_mapping]: No point, skip this scan!

[WARN] [1783989489.188168258] [laser_mapping]: No point, skip this scan!

[WARN] [1783989489.198249967] [laser_mapping]: No point, skip this scan!

[WARN] [1783989489.208160457] [laser_mapping]: No point, skip this scan!

[WARN] [1783989489.218162687] [laser_mapping]: No point, skip this scan!

[WARN] [1783989489.228318559] [laser_mapping]: No point, skip this scan!

[WARN] [1783989489.238164533] [laser_mapping]: No point, skip this scan!

[WARN] [1783989489.248157922] [laser_mapping]: No point, skip this scan!

[WARN] [1783989489.258151603] [laser_mapping]: No point, skip this scan!

[WARN] [1783989489.268153182] [laser_mapping]: No point, skip this scan!

[WARN] [1783989489.278225378] [laser_mapping]: No point, skip this scan!

[WARN] [1783989489.288156981] [laser_mapping]: No point, skip this scan!

[WARN] [1783989489.298295777] [laser_mapping]: No point, skip this scan!

[WARN] [1783989489.308147109] [laser_mapping]: No point, skip this scan!

[WARN] [1783989489.318154027] [laser_mapping]: No point, skip this scan!

[WARN] [1783989489.328151673] [laser_mapping]: No point, skip this scan!

[WARN] [1783989489.338157405] [laser_mapping]: No point, skip this scan!

[WARN] [1783989489.348267070] [laser_mapping]: No point, skip this scan!

[WARN] [1783989489.358155084] [laser_mapping]: No point, skip this scan!

[WARN] [1783989489.368166691] [laser_mapping]: No point, skip this scan!

[WARN] [1783989489.378152551] [laser_mapping]: No point, skip this scan!

[WARN] [1783989489.388154129] [laser_mapping]: No point, skip this scan!

[WARN] [1783989489.398120816] [laser_mapping]: No point, skip this scan!

[WARN] [1783989489.408153357] [laser_mapping]: No point, skip this scan!

[WARN] [1783989489.418158517] [laser_mapping]: No point, skip this scan!

[WARN] [1783989489.428156642] [laser_mapping]: No point, skip this scan!

[WARN] [1783989489.438154997] [laser_mapping]: No point, skip this scan!

[WARN] [1783989489.448160084] [laser_mapping]: No point, skip this scan!

[WARN] [1783989489.458167308] [laser_mapping]: No point, skip this scan!

[WARN] [1783989489.468168192] [laser_mapping]: No point, skip this scan!

[WARN] [1783989489.478164037] [laser_mapping]: No point, skip this scan!

[WARN] [1783989489.488153581] [laser_mapping]: No point, skip this scan!

[WARN] [1783989489.498160901] [laser_mapping]: No point, skip this scan!

[WARN] [1783989489.508131139] [laser_mapping]: No point, skip this scan!

[WARN] [1783989489.518131098] [laser_mapping]: No point, skip this scan!

[WARN] [1783989489.528167433] [laser_mapping]: No point, skip this scan!

[WARN] [1783989489.538164392] [laser_mapping]: No point, skip this scan!

[WARN] [1783989489.548160177] [laser_mapping]: No point, skip this scan!

[WARN] [1783989489.558166865] [laser_mapping]: No point, skip this scan!

[WARN] [1783989489.568150269] [laser_mapping]: No point, skip this scan!

[WARN] [1783989489.578166955] [laser_mapping]: No point, skip this scan!

[WARN] [1783989489.588151088] [laser_mapping]: No point, skip this scan!

[WARN] [1783989489.598162789] [laser_mapping]: No point, skip this scan!

[WARN] [1783989489.608165215] [laser_mapping]: No point, skip this scan!

[WARN] [1783989489.618166615] [laser_mapping]: No point, skip this scan!

[WARN] [1783989489.628170831] [laser_mapping]: No point, skip this scan!

[WARN] [1783989489.638149797] [laser_mapping]: No point, skip this scan!

[WARN] [1783989489.648162355] [laser_mapping]: No point, skip this scan!

[WARN] [1783989489.658158156] [laser_mapping]: No point, skip this scan!

[WARN] [1783989489.668160174] [laser_mapping]: No point, skip this scan!

[WARN] [1783989489.678163246] [laser_mapping]: No point, skip this scan!

[INFO] [1783989489.688141264] [laser_mapping]: publish_map: frame pts=0, total=0
[WARN] [1783989489.688187588] [laser_mapping]: No point, skip this scan!

[WARN] [1783989489.698277310] [laser_mapping]: No point, skip this scan!

[WARN] [1783989489.708241193] [laser_mapping]: No point, skip this scan!

[WARN] [1783989489.718352859] [laser_mapping]: No point, skip this scan!

[WARN] [1783989489.728152786] [laser_mapping]: No point, skip this scan!

[WARN] [1783989489.738243187] [laser_mapping]: No point, skip this scan!

[WARN] [1783989489.748259193] [laser_mapping]: No point, skip this scan!

[WARN] [1783989489.758127020] [laser_mapping]: No point, skip this scan!

[WARN] [1783989489.768151445] [laser_mapping]: No point, skip this scan!

[WARN] [1783989489.778154783] [laser_mapping]: No point, skip this scan!

[WARN] [1783989489.788151223] [laser_mapping]: No point, skip this scan!

[WARN] [1783989489.798159545] [laser_mapping]: No point, skip this scan!

[WARN] [1783989489.808156866] [laser_mapping]: No point, skip this scan!

[WARN] [1783989489.818253285] [laser_mapping]: No point, skip this scan!

[WARN] [1783989489.828225844] [laser_mapping]: No point, skip this scan!

[WARN] [1783989489.838268060] [laser_mapping]: No point, skip this scan!

[WARN] [1783989489.848256891] [laser_mapping]: No point, skip this scan!

[WARN] [1783989489.858272768] [laser_mapping]: No point, skip this scan!

[WARN] [1783989489.868148379] [laser_mapping]: No point, skip this scan!

[WARN] [1783989489.878236265] [laser_mapping]: No point, skip this scan!

[WARN] [1783989489.888225497] [laser_mapping]: No point, skip this scan!

[WARN] [1783989489.898387383] [laser_mapping]: No point, skip this scan!

[WARN] [1783989489.908163891] [laser_mapping]: No point, skip this scan!

[WARN] [1783989489.918153868] [laser_mapping]: No point, skip this scan!

[WARN] [1783989489.928169138] [laser_mapping]: No point, skip this scan!

[WARN] [1783989489.938165989] [laser_mapping]: No point, skip this scan!

[WARN] [1783989489.948157195] [laser_mapping]: No point, skip this scan!

[WARN] [1783989489.958171894] [laser_mapping]: No point, skip this scan!

[WARN] [1783989489.968160832] [laser_mapping]: No point, skip this scan!

[WARN] [1783989489.978312205] [laser_mapping]: No point, skip this scan!

[WARN] [1783989489.988166695] [laser_mapping]: No point, skip this scan!

[WARN] [1783989489.998165303] [laser_mapping]: No point, skip this scan!

[WARN] [1783989490.008175341] [laser_mapping]: No point, skip this scan!

[WARN] [1783989490.018150249] [laser_mapping]: No point, skip this scan!

[WARN] [1783989490.028153258] [laser_mapping]: No point, skip this scan!

[WARN] [1783989490.038155256] [laser_mapping]: No point, skip this scan!

[WARN] [1783989490.048143829] [laser_mapping]: No point, skip this scan!

[WARN] [1783989490.058153227] [laser_mapping]: No point, skip this scan!

[WARN] [1783989490.068155533] [laser_mapping]: No point, skip this scan!

[WARN] [1783989490.078150127] [laser_mapping]: No point, skip this scan!

[WARN] [1783989490.088162637] [laser_mapping]: No point, skip this scan!

[WARN] [1783989490.098155983] [laser_mapping]: No point, skip this scan!

[WARN] [1783989490.108285942] [laser_mapping]: No point, skip this scan!

[WARN] [1783989490.118161024] [laser_mapping]: No point, skip this scan!

[WARN] [1783989490.128170047] [laser_mapping]: No point, skip this scan!

[WARN] [1783989490.138149509] [laser_mapping]: No point, skip this scan!

[WARN] [1783989490.148181330] [laser_mapping]: No point, skip this scan!

[WARN] [1783989490.158159561] [laser_mapping]: No point, skip this scan!

[WARN] [1783989490.168141406] [laser_mapping]: No point, skip this scan!

[WARN] [1783989490.178143743] [laser_mapping]: No point, skip this scan!

[WARN] [1783989490.188144004] [laser_mapping]: No point, skip this scan!

[WARN] [1783989490.198154587] [laser_mapping]: No point, skip this scan!

[WARN] [1783989490.208153996] [laser_mapping]: No point, skip this scan!

[WARN] [1783989490.218150742] [laser_mapping]: No point, skip this scan!

[WARN] [1783989490.228356002] [laser_mapping]: No point, skip this scan!

[WARN] [1783989490.238179157] [laser_mapping]: No point, skip this scan!

[WARN] [1783989490.248166274] [laser_mapping]: No point, skip this scan!

[WARN] [1783989490.258127457] [laser_mapping]: No point, skip this scan!

[WARN] [1783989490.268153500] [laser_mapping]: No point, skip this scan!

[WARN] [1783989490.278162710] [laser_mapping]: No point, skip this scan!

[WARN] [1783989490.288165276] [laser_mapping]: No point, skip this scan!

[WARN] [1783989490.298271802] [laser_mapping]: No point, skip this scan!

[WARN] [1783989490.308149611] [laser_mapping]: No point, skip this scan!

[WARN] [1783989490.318168156] [laser_mapping]: No point, skip this scan!

[WARN] [1783989490.328158374] [laser_mapping]: No point, skip this scan!

[WARN] [1783989490.338185731] [laser_mapping]: No point, skip this scan!

[WARN] [1783989490.348161692] [laser_mapping]: No point, skip this scan!

[WARN] [1783989490.358170817] [laser_mapping]: No point, skip this scan!

[WARN] [1783989490.368142421] [laser_mapping]: No point, skip this scan!

[WARN] [1783989490.378192175] [laser_mapping]: No point, skip this scan!

[WARN] [1783989490.388157536] [laser_mapping]: No point, skip this scan!

[WARN] [1783989490.398133800] [laser_mapping]: No point, skip this scan!

[WARN] [1783989490.408171301] [laser_mapping]: No point, skip this scan!

[WARN] [1783989490.418168468] [laser_mapping]: No point, skip this scan!

[WARN] [1783989490.428158226] [laser_mapping]: No point, skip this scan!

[WARN] [1783989490.438162654] [laser_mapping]: No point, skip this scan!

[WARN] [1783989490.448146581] [laser_mapping]: No point, skip this scan!

[WARN] [1783989490.458567329] [laser_mapping]: No point, skip this scan!

[WARN] [1783989490.468171245] [laser_mapping]: No point, skip this scan!

[WARN] [1783989490.478171473] [laser_mapping]: No point, skip this scan!

[WARN] [1783989490.488169093] [laser_mapping]: No point, skip this scan!

[WARN] [1783989490.498169930] [laser_mapping]: No point, skip this scan!

[WARN] [1783989490.508153777] [laser_mapping]: No point, skip this scan!

[WARN] [1783989490.518151948] [laser_mapping]: No point, skip this scan!

[WARN] [1783989490.528155668] [laser_mapping]: No point, skip this scan!

[WARN] [1783989490.538155057] [laser_mapping]: No point, skip this scan!

[WARN] [1783989490.548167072] [laser_mapping]: No point, skip this scan!

[WARN] [1783989490.558303135] [laser_mapping]: No point, skip this scan!

[WARN] [1783989490.568254802] [laser_mapping]: No point, skip this scan!

[WARN] [1783989490.578196330] [laser_mapping]: No point, skip this scan!

[WARN] [1783989490.588156758] [laser_mapping]: No point, skip this scan!

[WARN] [1783989490.598229006] [laser_mapping]: No point, skip this scan!

[WARN] [1783989490.608160656] [laser_mapping]: No point, skip this scan!

[WARN] [1783989490.618177638] [laser_mapping]: No point, skip this scan!

[WARN] [1783989490.628175425] [laser_mapping]: No point, skip this scan!

[WARN] [1783989490.638271817] [laser_mapping]: No point, skip this scan!

[WARN] [1783989490.648165050] [laser_mapping]: No point, skip this scan!

[WARN] [1783989490.658133925] [laser_mapping]: No point, skip this scan!

[WARN] [1783989490.668159498] [laser_mapping]: No point, skip this scan!

[WARN] [1783989490.678259374] [laser_mapping]: No point, skip this scan!

[INFO] [1783989490.688160157] [laser_mapping]: publish_map: frame pts=0, total=0
[WARN] [1783989490.688240315] [laser_mapping]: No point, skip this scan!

[WARN] [1783989490.698159306] [laser_mapping]: No point, skip this scan!

[WARN] [1783989490.708164370] [laser_mapping]: No point, skip this scan!

[WARN] [1783989490.718156660] [laser_mapping]: No point, skip this scan!

[WARN] [1783989490.728157906] [laser_mapping]: No point, skip this scan!

[WARN] [1783989490.738156796] [laser_mapping]: No point, skip this scan!

[WARN] [1783989490.748159406] [laser_mapping]: No point, skip this scan!

[WARN] [1783989490.758156487] [laser_mapping]: No point, skip this scan!

[WARN] [1783989490.768159487] [laser_mapping]: No point, skip this scan!

[WARN] [1783989490.778252933] [laser_mapping]: No point, skip this scan!

[WARN] [1783989490.788271945] [laser_mapping]: No point, skip this scan!

[WARN] [1783989490.798155949] [laser_mapping]: No point, skip this scan!

[WARN] [1783989490.808153093] [laser_mapping]: No point, skip this scan!

[WARN] [1783989490.818156435] [laser_mapping]: No point, skip this scan!

[WARN] [1783989490.828151653] [laser_mapping]: No point, skip this scan!

[WARN] [1783989490.838157424] [laser_mapping]: No point, skip this scan!

[WARN] [1783989490.848144266] [laser_mapping]: No point, skip this scan!

[WARN] [1783989490.858162658] [laser_mapping]: No point, skip this scan!

[WARN] [1783989490.868175652] [laser_mapping]: No point, skip this scan!

[WARN] [1783989490.878184523] [laser_mapping]: No point, skip this scan!

[WARN] [1783989490.888158123] [laser_mapping]: No point, skip this scan!

[WARN] [1783989490.898159365] [laser_mapping]: No point, skip this scan!

[WARN] [1783989490.908159370] [laser_mapping]: No point, skip this scan!

[WARN] [1783989490.918155812] [laser_mapping]: No point, skip this scan!

[WARN] [1783989490.928163639] [laser_mapping]: No point, skip this scan!

[WARN] [1783989490.938166365] [laser_mapping]: No point, skip this scan!

[WARN] [1783989490.948165505] [laser_mapping]: No point, skip this scan!

[WARN] [1783989490.958163142] [laser_mapping]: No point, skip this scan!

[WARN] [1783989490.968137696] [laser_mapping]: No point, skip this scan!

[WARN] [1783989490.978165308] [laser_mapping]: No point, skip this scan!

[WARN] [1783989490.988157128] [laser_mapping]: No point, skip this scan!

[WARN] [1783989490.998175748] [laser_mapping]: No point, skip this scan!

[WARN] [1783989491.008164915] [laser_mapping]: No point, skip this scan!

[WARN] [1783989491.018172674] [laser_mapping]: No point, skip this scan!

[WARN] [1783989491.028156920] [laser_mapping]: No point, skip this scan!

[WARN] [1783989491.038151661] [laser_mapping]: No point, skip this scan!

[WARN] [1783989491.048174140] [laser_mapping]: No point, skip this scan!

[WARN] [1783989491.058149906] [laser_mapping]: No point, skip this scan!

[WARN] [1783989491.068152535] [laser_mapping]: No point, skip this scan!

[WARN] [1783989491.078140083] [laser_mapping]: No point, skip this scan!

[WARN] [1783989491.088134257] [laser_mapping]: No point, skip this scan!

[WARN] [1783989491.098112219] [laser_mapping]: No point, skip this scan!

[WARN] [1783989491.108163551] [laser_mapping]: No point, skip this scan!

[WARN] [1783989491.118159341] [laser_mapping]: No point, skip this scan!

[WARN] [1783989491.128254465] [laser_mapping]: No point, skip this scan!

[WARN] [1783989491.138167144] [laser_mapping]: No point, skip this scan!

[WARN] [1783989491.148175022] [laser_mapping]: No point, skip this scan!

[WARN] [1783989491.158186332] [laser_mapping]: No point, skip this scan!

[WARN] [1783989491.168160978] [laser_mapping]: No point, skip this scan!

[WARN] [1783989491.178170616] [laser_mapping]: No point, skip this scan!

[WARN] [1783989491.188177187] [laser_mapping]: No point, skip this scan!

[WARN] [1783989491.198178831] [laser_mapping]: No point, skip this scan!

[WARN] [1783989491.208160876] [laser_mapping]: No point, skip this scan!

[WARN] [1783989491.218161292] [laser_mapping]: No point, skip this scan!

[WARN] [1783989491.228168499] [laser_mapping]: No point, skip this scan!

[WARN] [1783989491.238170808] [laser_mapping]: No point, skip this scan!

[WARN] [1783989491.248170139] [laser_mapping]: No point, skip this scan!

[WARN] [1783989491.258172035] [laser_mapping]: No point, skip this scan!

[WARN] [1783989491.268163637] [laser_mapping]: No point, skip this scan!

[WARN] [1783989491.278157866] [laser_mapping]: No point, skip this scan!

[WARN] [1783989491.288156339] [laser_mapping]: No point, skip this scan!

[WARN] [1783989491.298154312] [laser_mapping]: No point, skip this scan!

[WARN] [1783989491.308130594] [laser_mapping]: No point, skip this scan!

[WARN] [1783989491.318149151] [laser_mapping]: No point, skip this scan!

[WARN] [1783989491.328156162] [laser_mapping]: No point, skip this scan!

[WARN] [1783989491.338153952] [laser_mapping]: No point, skip this scan!

[WARN] [1783989491.348182797] [laser_mapping]: No point, skip this scan!

[WARN] [1783989491.358176449] [laser_mapping]: No point, skip this scan!

[WARN] [1783989491.368149564] [laser_mapping]: No point, skip this scan!

[WARN] [1783989491.378265910] [laser_mapping]: No point, skip this scan!

[WARN] [1783989491.388157265] [laser_mapping]: No point, skip this scan!

[WARN] [1783989491.398147481] [laser_mapping]: No point, skip this scan!

[WARN] [1783989491.408141294] [laser_mapping]: No point, skip this scan!

[WARN] [1783989491.418155838] [laser_mapping]: No point, skip this scan!

[WARN] [1783989491.428146976] [laser_mapping]: No point, skip this scan!

[WARN] [1783989491.438165532] [laser_mapping]: No point, skip this scan!

[WARN] [1783989491.448151397] [laser_mapping]: No point, skip this scan!

[WARN] [1783989491.458130770] [laser_mapping]: No point, skip this scan!

[WARN] [1783989491.468146918] [laser_mapping]: No point, skip this scan!

[WARN] [1783989491.478145587] [laser_mapping]: No point, skip this scan!

[WARN] [1783989491.488141173] [laser_mapping]: No point, skip this scan!

[WARN] [1783989491.498177560] [laser_mapping]: No point, skip this scan!

[WARN] [1783989491.508162758] [laser_mapping]: No point, skip this scan!

[WARN] [1783989491.518165219] [laser_mapping]: No point, skip this scan!

[WARN] [1783989491.528153763] [laser_mapping]: No point, skip this scan!

[WARN] [1783989491.538161539] [laser_mapping]: No point, skip this scan!

[WARN] [1783989491.548165409] [laser_mapping]: No point, skip this scan!

[WARN] [1783989491.558162284] [laser_mapping]: No point, skip this scan!

[WARN] [1783989491.568150561] [laser_mapping]: No point, skip this scan!

[WARN] [1783989491.578146607] [laser_mapping]: No point, skip this scan!

[WARN] [1783989491.588170643] [laser_mapping]: No point, skip this scan!

[WARN] [1783989491.598153348] [laser_mapping]: No point, skip this scan!

[WARN] [1783989491.608145191] [laser_mapping]: No point, skip this scan!

[WARN] [1783989491.618154537] [laser_mapping]: No point, skip this scan!

[WARN] [1783989491.628150743] [laser_mapping]: No point, skip this scan!

[WARN] [1783989491.638150351] [laser_mapping]: No point, skip this scan!

[WARN] [1783989491.648152327] [laser_mapping]: No point, skip this scan!

[WARN] [1783989491.658147717] [laser_mapping]: No point, skip this scan!

[WARN] [1783989491.668149027] [laser_mapping]: No point, skip this scan!

[WARN] [1783989491.678153668] [laser_mapping]: No point, skip this scan!

[INFO] [1783989491.688152313] [laser_mapping]: publish_map: frame pts=0, total=0
[WARN] [1783989491.688228518] [laser_mapping]: No point, skip this scan!

[WARN] [1783989491.698150903] [laser_mapping]: No point, skip this scan!

[WARN] [1783989491.708148682] [laser_mapping]: No point, skip this scan!

[WARN] [1783989491.718273394] [laser_mapping]: No point, skip this scan!

[WARN] [1783989491.728159391] [laser_mapping]: No point, skip this scan!

[WARN] [1783989491.738138633] [laser_mapping]: No point, skip this scan!

[WARN] [1783989491.748253100] [laser_mapping]: No point, skip this scan!

[WARN] [1783989491.758162978] [laser_mapping]: No point, skip this scan!

[WARN] [1783989491.768144358] [laser_mapping]: No point, skip this scan!

[WARN] [1783989491.778248551] [laser_mapping]: No point, skip this scan!

[WARN] [1783989491.788145568] [laser_mapping]: No point, skip this scan!

[WARN] [1783989491.798239243] [laser_mapping]: No point, skip this scan!

[WARN] [1783989491.808151490] [laser_mapping]: No point, skip this scan!

[WARN] [1783989491.818154059] [laser_mapping]: No point, skip this scan!

[WARN] [1783989491.828159159] [laser_mapping]: No point, skip this scan!

[WARN] [1783989491.838156496] [laser_mapping]: No point, skip this scan!

[WARN] [1783989491.848157711] [laser_mapping]: No point, skip this scan!

[WARN] [1783989491.858160277] [laser_mapping]: No point, skip this scan!

[WARN] [1783989491.868154811] [laser_mapping]: No point, skip this scan!

[WARN] [1783989491.878164784] [laser_mapping]: No point, skip this scan!

[WARN] [1783989491.888255671] [laser_mapping]: No point, skip this scan!

[WARN] [1783989491.898242199] [laser_mapping]: No point, skip this scan!

[WARN] [1783989491.908154707] [laser_mapping]: No point, skip this scan!

[WARN] [1783989491.918153733] [laser_mapping]: No point, skip this scan!

[WARN] [1783989491.928149117] [laser_mapping]: No point, skip this scan!

[WARN] [1783989491.938167594] [laser_mapping]: No point, skip this scan!

[WARN] [1783989491.948164401] [laser_mapping]: No point, skip this scan!

[WARN] [1783989491.958159849] [laser_mapping]: No point, skip this scan!

[WARN] [1783989491.968153884] [laser_mapping]: No point, skip this scan!

[WARN] [1783989491.978153318] [laser_mapping]: No point, skip this scan!

[WARN] [1783989491.988381175] [laser_mapping]: No point, skip this scan!

[WARN] [1783989491.998154104] [laser_mapping]: No point, skip this scan!

[WARN] [1783989492.008154925] [laser_mapping]: No point, skip this scan!

[WARN] [1783989492.018159862] [laser_mapping]: No point, skip this scan!

[WARN] [1783989492.028157420] [laser_mapping]: No point, skip this scan!

[WARN] [1783989492.038156851] [laser_mapping]: No point, skip this scan!

[WARN] [1783989492.048225965] [laser_mapping]: No point, skip this scan!

[WARN] [1783989492.058166185] [laser_mapping]: No point, skip this scan!

[WARN] [1783989492.068145375] [laser_mapping]: No point, skip this scan!

[WARN] [1783989492.078171782] [laser_mapping]: No point, skip this scan!

[WARN] [1783989492.088161811] [laser_mapping]: No point, skip this scan!

[WARN] [1783989492.098164310] [laser_mapping]: No point, skip this scan!

[WARN] [1783989492.108139130] [laser_mapping]: No point, skip this scan!

[WARN] [1783989492.118162181] [laser_mapping]: No point, skip this scan!

[WARN] [1783989492.128154825] [laser_mapping]: No point, skip this scan!

[WARN] [1783989492.138220757] [laser_mapping]: No point, skip this scan!

[WARN] [1783989492.148161754] [laser_mapping]: No point, skip this scan!

[WARN] [1783989492.158162753] [laser_mapping]: No point, skip this scan!

[WARN] [1783989492.168162963] [laser_mapping]: No point, skip this scan!

[WARN] [1783989492.178161575] [laser_mapping]: No point, skip this scan!

[WARN] [1783989492.188252896] [laser_mapping]: No point, skip this scan!

[WARN] [1783989492.198289026] [laser_mapping]: No point, skip this scan!

[WARN] [1783989492.208260321] [laser_mapping]: No point, skip this scan!

[WARN] [1783989492.218158296] [laser_mapping]: No point, skip this scan!

[WARN] [1783989492.228277719] [laser_mapping]: No point, skip this scan!

[WARN] [1783989492.238162573] [laser_mapping]: No point, skip this scan!

[WARN] [1783989492.248249774] [laser_mapping]: No point, skip this scan!

[WARN] [1783989492.258152378] [laser_mapping]: No point, skip this scan!

[WARN] [1783989492.268160054] [laser_mapping]: No point, skip this scan!

[WARN] [1783989492.278150850] [laser_mapping]: No point, skip this scan!

[WARN] [1783989492.288271545] [laser_mapping]: No point, skip this scan!

[WARN] [1783989492.298165442] [laser_mapping]: No point, skip this scan!

[WARN] [1783989492.308249417] [laser_mapping]: No point, skip this scan!

[WARN] [1783989492.318290004] [laser_mapping]: No point, skip this scan!

[WARN] [1783989492.328237493] [laser_mapping]: No point, skip this scan!

[WARN] [1783989492.338161613] [laser_mapping]: No point, skip this scan!

[WARN] [1783989492.348234846] [laser_mapping]: No point, skip this scan!

[WARN] [1783989492.358162944] [laser_mapping]: No point, skip this scan!

[WARN] [1783989492.368315646] [laser_mapping]: No point, skip this scan!

[WARN] [1783989492.378287959] [laser_mapping]: No point, skip this scan!

[WARN] [1783989492.388163752] [laser_mapping]: No point, skip this scan!

[WARN] [1783989492.398165052] [laser_mapping]: No point, skip this scan!

[WARN] [1783989492.408224974] [laser_mapping]: No point, skip this scan!

[WARN] [1783989492.418162182] [laser_mapping]: No point, skip this scan!

[WARN] [1783989492.428160615] [laser_mapping]: No point, skip this scan!

[WARN] [1783989492.438145153] [laser_mapping]: No point, skip this scan!

[WARN] [1783989492.448143109] [laser_mapping]: No point, skip this scan!

[WARN] [1783989492.458163591] [laser_mapping]: No point, skip this scan!

[WARN] [1783989492.468158860] [laser_mapping]: No point, skip this scan!

[WARN] [1783989492.478168937] [laser_mapping]: No point, skip this scan!

[WARN] [1783989492.488165502] [laser_mapping]: No point, skip this scan!

[WARN] [1783989492.498156601] [laser_mapping]: No point, skip this scan!

[WARN] [1783989492.508161834] [laser_mapping]: No point, skip this scan!

[WARN] [1783989492.518115310] [laser_mapping]: No point, skip this scan!

[WARN] [1783989492.528162033] [laser_mapping]: No point, skip this scan!

[WARN] [1783989492.538149724] [laser_mapping]: No point, skip this scan!

[WARN] [1783989492.548151229] [laser_mapping]: No point, skip this scan!

[WARN] [1783989492.558149217] [laser_mapping]: No point, skip this scan!

[WARN] [1783989492.568166284] [laser_mapping]: No point, skip this scan!

[WARN] [1783989492.578160183] [laser_mapping]: No point, skip this scan!

[WARN] [1783989492.588168525] [laser_mapping]: No point, skip this scan!

[WARN] [1783989492.598167517] [laser_mapping]: No point, skip this scan!

[WARN] [1783989492.608189080] [laser_mapping]: No point, skip this scan!

[WARN] [1783989492.618164833] [laser_mapping]: No point, skip this scan!

[WARN] [1783989492.628262023] [laser_mapping]: No point, skip this scan!

[WARN] [1783989492.638166745] [laser_mapping]: No point, skip this scan!

[WARN] [1783989492.648166294] [laser_mapping]: No point, skip this scan!

[WARN] [1783989492.658269136] [laser_mapping]: No point, skip this scan!

[WARN] [1783989492.668160032] [laser_mapping]: No point, skip this scan!

[WARN] [1783989492.678149479] [laser_mapping]: No point, skip this scan!

[INFO] [1783989492.688160963] [laser_mapping]: publish_map: frame pts=0, total=0
[WARN] [1783989492.688244857] [laser_mapping]: No point, skip this scan!

[WARN] [1783989492.698301846] [laser_mapping]: No point, skip this scan!

[WARN] [1783989492.708171662] [laser_mapping]: No point, skip this scan!

[WARN] [1783989492.718157094] [laser_mapping]: No point, skip this scan!

[WARN] [1783989492.728287981] [laser_mapping]: No point, skip this scan!

[WARN] [1783989492.738159867] [laser_mapping]: No point, skip this scan!

[WARN] [1783989492.748156235] [laser_mapping]: No point, skip this scan!

[WARN] [1783989492.758199554] [laser_mapping]: No point, skip this scan!

[WARN] [1783989492.768159859] [laser_mapping]: No point, skip this scan!

[WARN] [1783989492.778241188] [laser_mapping]: No point, skip this scan!

[WARN] [1783989492.788150007] [laser_mapping]: No point, skip this scan!

[WARN] [1783989492.798159898] [laser_mapping]: No point, skip this scan!

[WARN] [1783989492.808155474] [laser_mapping]: No point, skip this scan!

[WARN] [1783989492.818155549] [laser_mapping]: No point, skip this scan!

[WARN] [1783989492.828231822] [laser_mapping]: No point, skip this scan!

[WARN] [1783989492.838153130] [laser_mapping]: No point, skip this scan!

[WARN] [1783989492.848146586] [laser_mapping]: No point, skip this scan!

[WARN] [1783989492.858154063] [laser_mapping]: No point, skip this scan!

[WARN] [1783989492.868148589] [laser_mapping]: No point, skip this scan!

[WARN] [1783989492.878144581] [laser_mapping]: No point, skip this scan!

[WARN] [1783989492.888145090] [laser_mapping]: No point, skip this scan!

[WARN] [1783989492.898137712] [laser_mapping]: No point, skip this scan!

[WARN] [1783989492.908149263] [laser_mapping]: No point, skip this scan!

[WARN] [1783989492.918145404] [laser_mapping]: No point, skip this scan!

[WARN] [1783989492.928143710] [laser_mapping]: No point, skip this scan!

[WARN] [1783989492.938163080] [laser_mapping]: No point, skip this scan!

[WARN] [1783989492.948142291] [laser_mapping]: No point, skip this scan!

[WARN] [1783989492.958151277] [laser_mapping]: No point, skip this scan!

[WARN] [1783989492.968162446] [laser_mapping]: No point, skip this scan!

[WARN] [1783989492.978168419] [laser_mapping]: No point, skip this scan!

[WARN] [1783989492.988148950] [laser_mapping]: No point, skip this scan!

[WARN] [1783989492.998160614] [laser_mapping]: No point, skip this scan!

[WARN] [1783989493.008157542] [laser_mapping]: No point, skip this scan!

[WARN] [1783989493.018220991] [laser_mapping]: No point, skip this scan!

[WARN] [1783989493.028164424] [laser_mapping]: No point, skip this scan!

[WARN] [1783989493.038159849] [laser_mapping]: No point, skip this scan!

[WARN] [1783989493.048155484] [laser_mapping]: No point, skip this scan!

[WARN] [1783989493.058148366] [laser_mapping]: No point, skip this scan!

[WARN] [1783989493.068152671] [laser_mapping]: No point, skip this scan!

[WARN] [1783989493.078157213] [laser_mapping]: No point, skip this scan!

[WARN] [1783989493.088147305] [laser_mapping]: No point, skip this scan!

[WARN] [1783989493.098139159] [laser_mapping]: No point, skip this scan!

[WARN] [1783989493.108140511] [laser_mapping]: No point, skip this scan!

[WARN] [1783989493.118152656] [laser_mapping]: No point, skip this scan!

[WARN] [1783989493.128156824] [laser_mapping]: No point, skip this scan!

[WARN] [1783989493.138147216] [laser_mapping]: No point, skip this scan!

[WARN] [1783989493.148156980] [laser_mapping]: No point, skip this scan!

[WARN] [1783989493.158155050] [laser_mapping]: No point, skip this scan!

[WARN] [1783989493.168150320] [laser_mapping]: No point, skip this scan!

[WARN] [1783989493.178293145] [laser_mapping]: No point, skip this scan!

[WARN] [1783989493.188164502] [laser_mapping]: No point, skip this scan!

[WARN] [1783989493.198617217] [laser_mapping]: No point, skip this scan!

[WARN] [1783989493.208148767] [laser_mapping]: No point, skip this scan!

[WARN] [1783989493.218149032] [laser_mapping]: No point, skip this scan!

[WARN] [1783989493.228148517] [laser_mapping]: No point, skip this scan!

[WARN] [1783989493.238149553] [laser_mapping]: No point, skip this scan!

[WARN] [1783989493.248142402] [laser_mapping]: No point, skip this scan!

[WARN] [1783989493.258273107] [laser_mapping]: No point, skip this scan!

[WARN] [1783989493.268155186] [laser_mapping]: No point, skip this scan!

IMU Initial Done
[WARN] [1783989493.278241583] [laser_mapping]: No point, skip this scan!

[WARN] [1783989493.288172379] [laser_mapping]: No point, skip this scan!

[WARN] [1783989493.298172128] [laser_mapping]: No point, skip this scan!

[WARN] [1783989493.308142138] [laser_mapping]: No point, skip this scan!

[INFO] [1783989493.318786514] [laser_mapping]: Initialize the map kdtree
[INFO] [1783989493.329850528] [laser_mapping]: publish_map: frame pts=2573, total=0
[INFO] [1783989493.339999012] [laser_mapping]: publish_map: frame pts=2573, total=2573
[INFO] [1783989493.349688667] [laser_mapping]: publish_map: frame pts=2573, total=5146
[INFO] [1783989493.360159944] [laser_mapping]: publish_map: frame pts=2786, total=7719
[INFO] [1783989493.370037648] [laser_mapping]: publish_map: frame pts=2786, total=10505
[INFO] [1783989493.380050099] [laser_mapping]: publish_map: frame pts=2786, total=13291
[INFO] [1783989493.389225198] [laser_mapping]: publish_map: frame pts=2786, total=16077
[INFO] [1783989493.400816745] [laser_mapping]: publish_map: frame pts=2531, total=18863
[INFO] [1783989493.410113878] [laser_mapping]: publish_map: frame pts=2531, total=21394
[INFO] [1783989493.419943777] [laser_mapping]: publish_map: frame pts=2531, total=23925
[INFO] [1783989493.430193308] [laser_mapping]: publish_map: frame pts=2531, total=26456
[INFO] [1783989493.440598506] [laser_mapping]: publish_map: frame pts=2658, total=28987
[INFO] [1783989493.449589548] [laser_mapping]: publish_map: frame pts=2658, total=31645
[INFO] [1783989493.459393299] [laser_mapping]: publish_map: frame pts=2658, total=34303
[INFO] [1783989493.470095066] [laser_mapping]: publish_map: frame pts=2658, total=36961
[INFO] [1783989493.480099872] [laser_mapping]: publish_map: frame pts=2914, total=39619
[INFO] [1783989493.489700564] [laser_mapping]: publish_map: frame pts=2914, total=42533
[INFO] [1783989493.499888766] [laser_mapping]: publish_map: frame pts=2914, total=45447
[INFO] [1783989493.510076165] [laser_mapping]: publish_map: frame pts=2914, total=48361
[INFO] [1783989493.520653675] [laser_mapping]: publish_map: frame pts=2543, total=51275
[INFO] [1783989493.530025006] [laser_mapping]: publish_map: frame pts=2543, total=53818
[INFO] [1783989493.540030098] [laser_mapping]: publish_map: frame pts=2543, total=56361
[INFO] [1783989493.549657649] [laser_mapping]: publish_map: frame pts=2543, total=58904
[INFO] [1783989493.560053415] [laser_mapping]: publish_map: frame pts=2689, total=61447
[INFO] [1783989493.570522215] [laser_mapping]: publish_map: frame pts=2689, total=64136
[INFO] [1783989493.579482823] [laser_mapping]: publish_map: frame pts=2689, total=66825
[INFO] [1783989493.589933346] [laser_mapping]: publish_map: frame pts=2689, total=69514
[INFO] [1783989493.600485565] [laser_mapping]: publish_map: frame pts=2793, total=72203
[INFO] [1783989493.610087011] [laser_mapping]: publish_map: frame pts=2793, total=74996
[INFO] [1783989493.620420526] [laser_mapping]: publish_map: frame pts=2793, total=77789
[INFO] [1783989493.630446063] [laser_mapping]: publish_map: frame pts=2793, total=80582
[INFO] [1783989493.640811148] [laser_mapping]: publish_map: frame pts=2557, total=83375
[INFO] [1783989493.650079560] [laser_mapping]: publish_map: frame pts=2557, total=85932
[INFO] [1783989493.659765931] [laser_mapping]: publish_map: frame pts=2557, total=88489
[INFO] [1783989493.670685848] [laser_mapping]: publish_map: frame pts=2557, total=91046
[INFO] [1783989493.680439292] [laser_mapping]: publish_map: frame pts=2881, total=93603
[INFO] [1783989493.688141251] [laser_mapping]: publish_map: frame pts=2881, total=96484
[INFO] [1783989493.690912233] [laser_mapping]: publish_map: frame pts=2881, total=99365
[INFO] [1783989493.700687137] [laser_mapping]: publish_map: frame pts=2881, total=102246
[INFO] [1783989493.710784753] [laser_mapping]: publish_map: frame pts=2881, total=105127
[INFO] [1783989493.720685717] [laser_mapping]: publish_map: frame pts=2724, total=108008
[INFO] [1783989493.729873350] [laser_mapping]: publish_map: frame pts=2724, total=110732
[INFO] [1783989493.740590585] [laser_mapping]: publish_map: frame pts=2724, total=113456
[INFO] [1783989493.750755187] [laser_mapping]: publish_map: frame pts=2724, total=116180
[INFO] [1783989493.761276879] [laser_mapping]: publish_map: frame pts=2483, total=118904
[INFO] [1783989493.769488468] [laser_mapping]: publish_map: frame pts=2483, total=121387
[INFO] [1783989493.779533127] [laser_mapping]: publish_map: frame pts=2483, total=123870
[INFO] [1783989493.790529534] [laser_mapping]: publish_map: frame pts=2483, total=126353
[INFO] [1783989493.800486895] [laser_mapping]: publish_map: frame pts=2790, total=128836
[INFO] [1783989493.810291913] [laser_mapping]: publish_map: frame pts=2790, total=131626
[INFO] [1783989493.820487285] [laser_mapping]: publish_map: frame pts=2790, total=134416
[INFO] [1783989493.830325420] [laser_mapping]: publish_map: frame pts=2790, total=137206
[INFO] [1783989493.840897393] [laser_mapping]: publish_map: frame pts=2642, total=139996
[INFO] [1783989493.850083281] [laser_mapping]: publish_map: frame pts=2642, total=142638
[INFO] [1783989493.859665511] [laser_mapping]: publish_map: frame pts=2642, total=145280
[INFO] [1783989493.869825658] [laser_mapping]: publish_map: frame pts=2642, total=147922
[INFO] [1783989493.880566063] [laser_mapping]: publish_map: frame pts=2655, total=150564
[INFO] [1783989493.890243747] [laser_mapping]: publish_map: frame pts=2655, total=153219
[INFO] [1783989493.900399489] [laser_mapping]: publish_map: frame pts=2655, total=155874
[INFO] [1783989493.910283906] [laser_mapping]: publish_map: frame pts=2655, total=158529
[INFO] [1783989493.920246986] [laser_mapping]: publish_map: frame pts=2915, total=161184
[INFO] [1783989493.930050784] [laser_mapping]: publish_map: frame pts=2915, total=164099
[INFO] [1783989493.939598010] [laser_mapping]: publish_map: frame pts=2915, total=167014
[INFO] [1783989493.949733264] [laser_mapping]: publish_map: frame pts=2915, total=169929
[INFO] [1783989493.959938514] [laser_mapping]: publish_map: frame pts=2504, total=172844
[INFO] [1783989493.969208534] [laser_mapping]: publish_map: frame pts=2504, total=175348
[INFO] [1783989493.980620608] [laser_mapping]: publish_map: frame pts=2504, total=177852
[INFO] [1783989493.990316234] [laser_mapping]: publish_map: frame pts=2504, total=180356
[INFO] [1783989494.000693339] [laser_mapping]: publish_map: frame pts=2690, total=182860
[INFO] [1783989494.010676511] [laser_mapping]: publish_map: frame pts=2690, total=185550
[INFO] [1783989494.019879437] [laser_mapping]: publish_map: frame pts=2690, total=188240
[INFO] [1783989494.029649372] [laser_mapping]: publish_map: frame pts=2690, total=190930
[INFO] [1783989494.040996439] [laser_mapping]: publish_map: frame pts=2797, total=193620
[INFO] [1783989494.050114975] [laser_mapping]: publish_map: frame pts=2797, total=196417
[INFO] [1783989494.059729539] [laser_mapping]: publish_map: frame pts=2797, total=199214
[INFO] [1783989494.069705582] [laser_mapping]: publish_map: frame pts=2797, total=202011
[INFO] [1783989494.082786944] [laser_mapping]: publish_map: frame pts=2601, total=204808
[INFO] [1783989494.089374734] [laser_mapping]: publish_map: frame pts=2601, total=207409
[INFO] [1783989494.100036666] [laser_mapping]: publish_map: frame pts=2601, total=210010
[INFO] [1783989494.109880742] [laser_mapping]: publish_map: frame pts=2601, total=212611
[INFO] [1783989494.120420112] [laser_mapping]: publish_map: frame pts=2880, total=215212
[INFO] [1783989494.130035075] [laser_mapping]: publish_map: frame pts=2880, total=218092
[INFO] [1783989494.139972403] [laser_mapping]: publish_map: frame pts=2880, total=220972
[INFO] [1783989494.150249642] [laser_mapping]: publish_map: frame pts=2880, total=223852
[INFO] [1783989494.161009453] [laser_mapping]: publish_map: frame pts=2723, total=226732
[INFO] [1783989494.170819430] [laser_mapping]: publish_map: frame pts=2723, total=229455
[INFO] [1783989494.180368292] [laser_mapping]: publish_map: frame pts=2723, total=232178
[INFO] [1783989494.190414870] [laser_mapping]: publish_map: frame pts=2723, total=234901
[INFO] [1783989494.200523233] [laser_mapping]: publish_map: frame pts=2484, total=237624
[INFO] [1783989494.209848262] [laser_mapping]: publish_map: frame pts=2484, total=240108
[INFO] [1783989494.220063888] [laser_mapping]: publish_map: frame pts=2484, total=242592
[INFO] [1783989494.229841648] [laser_mapping]: publish_map: frame pts=2484, total=245076
[INFO] [1783989494.240424145] [laser_mapping]: publish_map: frame pts=2808, total=247560
[INFO] [1783989494.249974505] [laser_mapping]: publish_map: frame pts=2808, total=250368
[INFO] [1783989494.259941887] [laser_mapping]: publish_map: frame pts=2808, total=253176
[INFO] [1783989494.270013604] [laser_mapping]: publish_map: frame pts=2808, total=255984
[INFO] [1783989494.280771296] [laser_mapping]: publish_map: frame pts=2652, total=258792
[INFO] [1783989494.290147244] [laser_mapping]: publish_map: frame pts=2652, total=261444
[INFO] [1783989494.300372466] [laser_mapping]: publish_map: frame pts=2652, total=264096
[INFO] [1783989494.310338704] [laser_mapping]: publish_map: frame pts=2652, total=266748
[INFO] [1783989494.320494831] [laser_mapping]: publish_map: frame pts=2654, total=269400
[INFO] [1783989494.330476721] [laser_mapping]: publish_map: frame pts=2654, total=272054
[INFO] [1783989494.340426596] [laser_mapping]: publish_map: frame pts=2654, total=274708
[INFO] [1783989494.350279513] [laser_mapping]: publish_map: frame pts=2654, total=277362
[INFO] [1783989494.360212755] [laser_mapping]: publish_map: frame pts=2917, total=280016
[INFO] [1783989494.370701988] [laser_mapping]: publish_map: frame pts=2917, total=282933
[INFO] [1783989494.380193664] [laser_mapping]: publish_map: frame pts=2917, total=285850
[INFO] [1783989494.390666458] [laser_mapping]: publish_map: frame pts=2917, total=288767
[INFO] [1783989494.400537913] [laser_mapping]: publish_map: frame pts=2504, total=291684
[INFO] [1783989494.409991998] [laser_mapping]: publish_map: frame pts=2504, total=294188
[INFO] [1783989494.419548409] [laser_mapping]: publish_map: frame pts=2504, total=296692
[INFO] [1783989494.429738680] [laser_mapping]: publish_map: frame pts=2504, total=299196
[INFO] [1783989494.440211998] [laser_mapping]: publish_map: frame pts=2688, total=301700
[INFO] [1783989494.449922608] [laser_mapping]: publish_map: frame pts=2688, total=304388
[INFO] [1783989494.459390961] [laser_mapping]: publish_map: frame pts=2688, total=307076
[INFO] [1783989494.469489755] [laser_mapping]: publish_map: frame pts=2688, total=309764
[INFO] [1783989494.480077417] [laser_mapping]: publish_map: frame pts=2863, total=312452
[INFO] [1783989494.490233133] [laser_mapping]: publish_map: frame pts=2863, total=315315
[INFO] [1783989494.500127205] [laser_mapping]: publish_map: frame pts=2863, total=318178
[INFO] [1783989494.509886218] [laser_mapping]: publish_map: frame pts=2863, total=321041
[INFO] [1783989494.519807398] [laser_mapping]: publish_map: frame pts=2604, total=323904
[INFO] [1783989494.529529584] [laser_mapping]: publish_map: frame pts=2604, total=326508
[INFO] [1783989494.539847499] [laser_mapping]: publish_map: frame pts=2604, total=329112
[INFO] [1783989494.549869318] [laser_mapping]: publish_map: frame pts=2604, total=331716
[INFO] [1783989494.560255651] [laser_mapping]: publish_map: frame pts=2779, total=334320
[INFO] [1783989494.571819680] [laser_mapping]: publish_map: frame pts=2779, total=337099
[INFO] [1783989494.583259573] [laser_mapping]: publish_map: frame pts=2779, total=339878
[INFO] [1783989494.593327717] [laser_mapping]: publish_map: frame pts=2779, total=342657
[INFO] [1783989494.609472251] [laser_mapping]: publish_map: frame pts=2725, total=345436
[INFO] [1783989494.624800855] [laser_mapping]: publish_map: frame pts=2725, total=348161
[INFO] [1783989494.640446482] [laser_mapping]: publish_map: frame pts=2725, total=350886
[INFO] [1783989494.656205663] [laser_mapping]: publish_map: frame pts=2725, total=353611
[INFO] [1783989494.672225271] [laser_mapping]: publish_map: frame pts=2485, total=356336
[INFO] [1783989494.687160731] [laser_mapping]: publish_map: frame pts=2485, total=358821
[INFO] [1783989494.700740482] [laser_mapping]: publish_map: frame pts=2485, total=361306
[INFO] [1783989494.716435440] [laser_mapping]: publish_map: frame pts=2485, total=363791
[INFO] [1783989494.732934386] [laser_mapping]: publish_map: frame pts=2485, total=366276
[INFO] [1783989494.750160996] [laser_mapping]: publish_map: frame pts=2902, total=368761
[INFO] [1783989494.766632144] [laser_mapping]: publish_map: frame pts=2902, total=371663
[INFO] [1783989494.782722787] [laser_mapping]: publish_map: frame pts=2902, total=374565
[INFO] [1783989494.798216284] [laser_mapping]: publish_map: frame pts=2902, total=377467
[INFO] [1783989494.814351511] [laser_mapping]: publish_map: frame pts=2640, total=380369
[INFO] [1783989494.830901198] [laser_mapping]: publish_map: frame pts=2640, total=383009
[INFO] [1783989494.848231667] [laser_mapping]: publish_map: frame pts=2640, total=385649
[INFO] [1783989494.866097622] [laser_mapping]: publish_map: frame pts=2640, total=388289
[INFO] [1783989494.883428894] [laser_mapping]: publish_map: frame pts=2650, total=390929
[INFO] [1783989494.900755106] [laser_mapping]: publish_map: frame pts=2650, total=393579
[INFO] [1783989494.918558791] [laser_mapping]: publish_map: frame pts=2650, total=396229
[INFO] [1783989494.936979211] [laser_mapping]: publish_map: frame pts=2650, total=398879
[INFO] [1783989494.955765938] [laser_mapping]: publish_map: frame pts=2798, total=401529
[INFO] [1783989494.974710615] [laser_mapping]: publish_map: frame pts=2798, total=404327
[INFO] [1783989494.995110917] [laser_mapping]: publish_map: frame pts=2798, total=407125
[INFO] [1783989495.009935022] [laser_mapping]: publish_map: frame pts=2798, total=409923
[INFO] [1783989495.024096727] [laser_mapping]: publish_map: frame pts=2505, total=412721
[INFO] [1783989495.037219300] [laser_mapping]: publish_map: frame pts=2505, total=415226
[INFO] [1783989495.049808597] [laser_mapping]: publish_map: frame pts=2505, total=417731
[INFO] [1783989495.062732637] [laser_mapping]: publish_map: frame pts=2505, total=420236
[INFO] [1783989495.076741953] [laser_mapping]: publish_map: frame pts=2685, total=422741
[INFO] [1783989495.091181399] [laser_mapping]: publish_map: frame pts=2685, total=425426
[INFO] [1783989495.105186772] [laser_mapping]: publish_map: frame pts=2685, total=428111
[INFO] [1783989495.118192921] [laser_mapping]: publish_map: frame pts=2685, total=430796
[INFO] [1783989495.138314107] [laser_mapping]: publish_map: frame pts=2910, total=433481
[INFO] [1783989495.158703843] [laser_mapping]: publish_map: frame pts=2910, total=436391
[INFO] [1783989495.177931242] [laser_mapping]: publish_map: frame pts=2910, total=439301
[INFO] [1783989495.195918734] [laser_mapping]: publish_map: frame pts=2910, total=442211
[INFO] [1783989495.214113626] [laser_mapping]: publish_map: frame pts=2490, total=445121
[INFO] [1783989495.232181948] [laser_mapping]: publish_map: frame pts=2490, total=447611
[INFO] [1783989495.250961165] [laser_mapping]: publish_map: frame pts=2490, total=450101
[INFO] [1783989495.269437070] [laser_mapping]: publish_map: frame pts=2490, total=452591
[INFO] [1783989495.288485814] [laser_mapping]: publish_map: frame pts=2763, total=455081
[INFO] [1783989495.307797881] [laser_mapping]: publish_map: frame pts=2763, total=457844
[INFO] [1783989495.326899346] [laser_mapping]: publish_map: frame pts=2763, total=460607
[INFO] [1783989495.345168592] [laser_mapping]: publish_map: frame pts=2763, total=463370
[INFO] [1783989495.365148053] [laser_mapping]: publish_map: frame pts=2730, total=466133
[INFO] [1783989495.387390142] [laser_mapping]: publish_map: frame pts=2730, total=468863
[INFO] [1783989495.407351782] [laser_mapping]: publish_map: frame pts=2730, total=471593
[INFO] [1783989495.427876644] [laser_mapping]: publish_map: frame pts=2730, total=474323
[INFO] [1783989495.449081588] [laser_mapping]: publish_map: frame pts=2592, total=477053
[INFO] [1783989495.470127239] [laser_mapping]: publish_map: frame pts=2592, total=479645
[INFO] [1783989495.490675099] [laser_mapping]: publish_map: frame pts=2592, total=482237
[INFO] [1783989495.511190863] [laser_mapping]: publish_map: frame pts=2592, total=484829
[INFO] [1783989495.531566326] [laser_mapping]: publish_map: frame pts=2899, total=487421
[INFO] [1783989495.551689371] [laser_mapping]: publish_map: frame pts=2899, total=490320
[INFO] [1783989495.572379297] [laser_mapping]: publish_map: frame pts=2899, total=493219
[INFO] [1783989495.595650206] [laser_mapping]: publish_map: frame pts=2899, total=496118
[INFO] [1783989495.618607605] [laser_mapping]: publish_map: frame pts=2544, total=499017
[INFO] [1783989495.642033411] [laser_mapping]: publish_map: frame pts=2544, total=501561
[INFO] [1783989495.666462508] [laser_mapping]: publish_map: frame pts=2544, total=504105
[INFO] [1783989495.686969132] [laser_mapping]: publish_map: frame pts=2544, total=506649
[INFO] [1783989495.706673880] [laser_mapping]: publish_map: frame pts=2544, total=509193
[INFO] [1783989495.732256586] [laser_mapping]: publish_map: frame pts=2649, total=511737
[INFO] [1783989495.754181425] [laser_mapping]: publish_map: frame pts=2649, total=514386
[INFO] [1783989495.776537344] [laser_mapping]: publish_map: frame pts=2649, total=517035
[INFO] [1783989495.799592396] [laser_mapping]: publish_map: frame pts=2649, total=519684
[INFO] [1783989495.822092096] [laser_mapping]: publish_map: frame pts=2815, total=522333
[INFO] [1783989495.845681412] [laser_mapping]: publish_map: frame pts=2815, total=525148
[INFO] [1783989495.870141889] [laser_mapping]: publish_map: frame pts=2815, total=527963
[INFO] [1783989495.893677976] [laser_mapping]: publish_map: frame pts=2815, total=530778
[INFO] [1783989495.918486849] [laser_mapping]: publish_map: frame pts=2623, total=533593
[INFO] [1783989495.941768753] [laser_mapping]: publish_map: frame pts=2623, total=536216
[INFO] [1783989495.965119977] [laser_mapping]: publish_map: frame pts=2623, total=538839
[INFO] [1783989495.988145874] [laser_mapping]: publish_map: frame pts=2623, total=541462
[INFO] [1783989496.012571239] [laser_mapping]: publish_map: frame pts=2682, total=544085
[INFO] [1783989496.038193407] [laser_mapping]: publish_map: frame pts=2682, total=546767
[INFO] [1783989496.063887254] [laser_mapping]: publish_map: frame pts=2682, total=549449
[INFO] [1783989496.086532456] [laser_mapping]: publish_map: frame pts=2682, total=552131
[INFO] [1783989496.110206023] [laser_mapping]: publish_map: frame pts=2909, total=554813
[INFO] [1783989496.133307924] [laser_mapping]: publish_map: frame pts=2909, total=557722
[INFO] [1783989496.156440164] [laser_mapping]: publish_map: frame pts=2909, total=560631
[INFO] [1783989496.179879871] [laser_mapping]: publish_map: frame pts=2909, total=563540
[INFO] [1783989496.203245624] [laser_mapping]: publish_map: frame pts=2493, total=566449
[INFO] [1783989496.226086041] [laser_mapping]: publish_map: frame pts=2493, total=568942
[INFO] [1783989496.249409933] [laser_mapping]: publish_map: frame pts=2493, total=571435
[INFO] [1783989496.273368127] [laser_mapping]: publish_map: frame pts=2493, total=573928
[INFO] [1783989496.297202660] [laser_mapping]: publish_map: frame pts=2787, total=576421
[INFO] [1783989496.321000057] [laser_mapping]: publish_map: frame pts=2787, total=579208
[INFO] [1783989496.344402910] [laser_mapping]: publish_map: frame pts=2787, total=581995
[INFO] [1783989496.368137985] [laser_mapping]: publish_map: frame pts=2787, total=584782
[INFO] [1783989496.392614145] [laser_mapping]: publish_map: frame pts=2730, total=587569
[INFO] [1783989496.416493292] [laser_mapping]: publish_map: frame pts=2730, total=590299
[INFO] [1783989496.441572630] [laser_mapping]: publish_map: frame pts=2730, total=593029
[INFO] [1783989496.469178151] [laser_mapping]: publish_map: frame pts=2730, total=595759
[INFO] [1783989496.495670592] [laser_mapping]: publish_map: frame pts=2601, total=598489
[INFO] [1783989496.523179756] [laser_mapping]: publish_map: frame pts=2601, total=601090
[INFO] [1783989496.552083662] [laser_mapping]: publish_map: frame pts=2601, total=603691
[INFO] [1783989496.586682116] [laser_mapping]: publish_map: frame pts=2601, total=606292
[INFO] [1783989496.620526171] [laser_mapping]: publish_map: frame pts=2900, total=608893
[INFO] [1783989496.650077223] [laser_mapping]: publish_map: frame pts=2900, total=611793
[INFO] [1783989496.678243721] [laser_mapping]: publish_map: frame pts=2900, total=614693
[INFO] [1783989496.703824306] [laser_mapping]: publish_map: frame pts=2900, total=617593
[INFO] [1783989496.731452712] [laser_mapping]: publish_map: frame pts=2900, total=620493
[INFO] [1783989496.759909482] [laser_mapping]: publish_map: frame pts=2544, total=623393
[INFO] [1783989496.788834773] [laser_mapping]: publish_map: frame pts=2544, total=625937
[INFO] [1783989496.817516351] [laser_mapping]: publish_map: frame pts=2544, total=628481
[INFO] [1783989496.846303617] [laser_mapping]: publish_map: frame pts=2544, total=631025
[INFO] [1783989496.878628797] [laser_mapping]: publish_map: frame pts=2648, total=633569
[INFO] [1783989496.910220064] [laser_mapping]: publish_map: frame pts=2648, total=636217
[INFO] [1783989496.942821197] [laser_mapping]: publish_map: frame pts=2648, total=638865
[INFO] [1783989496.974614524] [laser_mapping]: publish_map: frame pts=2648, total=641513
[INFO] [1783989497.005547288] [laser_mapping]: publish_map: frame pts=2850, total=644161
[INFO] [1783989497.035373740] [laser_mapping]: publish_map: frame pts=2850, total=647011
[INFO] [1783989497.065943975] [laser_mapping]: publish_map: frame pts=2850, total=649861
[INFO] [1783989497.096477173] [laser_mapping]: publish_map: frame pts=2850, total=652711
[INFO] [1783989497.127817804] [laser_mapping]: publish_map: frame pts=2623, total=655561
[INFO] [1783989497.158708980] [laser_mapping]: publish_map: frame pts=2623, total=658184
[INFO] [1783989497.189237884] [laser_mapping]: publish_map: frame pts=2623, total=660807
[INFO] [1783989497.218220220] [laser_mapping]: publish_map: frame pts=2623, total=663430
[INFO] [1783989497.248310245] [laser_mapping]: publish_map: frame pts=2682, total=666053
[INFO] [1783989497.280284074] [laser_mapping]: publish_map: frame pts=2682, total=668735
[INFO] [1783989497.311274934] [laser_mapping]: publish_map: frame pts=2682, total=671417
[INFO] [1783989497.342402061] [laser_mapping]: publish_map: frame pts=2682, total=674099
[INFO] [1783989497.373453689] [laser_mapping]: publish_map: frame pts=2877, total=676781
[INFO] [1783989497.406817483] [laser_mapping]: publish_map: frame pts=2877, total=679658
[INFO] [1783989497.437974011] [laser_mapping]: publish_map: frame pts=2877, total=682535
[INFO] [1783989497.470887305] [laser_mapping]: publish_map: frame pts=2877, total=685412
[INFO] [1783989497.502866451] [laser_mapping]: publish_map: frame pts=2492, total=688289
[INFO] [1783989497.536219075] [laser_mapping]: publish_map: frame pts=2492, total=690781
[INFO] [1783989497.569665153] [laser_mapping]: publish_map: frame pts=2492, total=693273
[INFO] [1783989497.604009802] [laser_mapping]: publish_map: frame pts=2492, total=695765
[INFO] [1783989497.636121494] [laser_mapping]: publish_map: frame pts=2877, total=698257
[INFO] [1783989497.670620561] [laser_mapping]: publish_map: frame pts=2877, total=701134
[INFO] [1783989497.702082802] [laser_mapping]: publish_map: frame pts=2877, total=704011
[INFO] [1783989497.733920137] [laser_mapping]: publish_map: frame pts=2877, total=706888
[INFO] [1783989497.765233643] [laser_mapping]: publish_map: frame pts=2877, total=709765
[INFO] [1783989497.798136436] [laser_mapping]: publish_map: frame pts=2731, total=712642
[INFO] [1783989497.830758623] [laser_mapping]: publish_map: frame pts=2731, total=715373
[INFO] [1783989497.865087868] [laser_mapping]: publish_map: frame pts=2731, total=718104
[INFO] [1783989497.897428085] [laser_mapping]: publish_map: frame pts=2731, total=720835
[INFO] [1783989497.932672425] [laser_mapping]: publish_map: frame pts=2601, total=723566
[INFO] [1783989497.967401505] [laser_mapping]: publish_map: frame pts=2601, total=726167
[INFO] [1783989498.001042658] [laser_mapping]: publish_map: frame pts=2601, total=728768
[INFO] [1783989498.034679676] [laser_mapping]: publish_map: frame pts=2601, total=731369
[INFO] [1783989498.071404474] [laser_mapping]: publish_map: frame pts=2790, total=733970
[INFO] [1783989498.103397995] [laser_mapping]: publish_map: frame pts=2790, total=736760
[INFO] [1783989498.141238368] [laser_mapping]: publish_map: frame pts=2790, total=739550
[INFO] [1783989498.171121078] [laser_mapping]: publish_map: frame pts=2790, total=742340
[INFO] [1783989498.200953827] [laser_mapping]: publish_map: frame pts=2547, total=745130
[INFO] [1783989498.230203447] [laser_mapping]: publish_map: frame pts=2547, total=747677
[INFO] [1783989498.259361483] [laser_mapping]: publish_map: frame pts=2547, total=750224
[INFO] [1783989498.289342019] [laser_mapping]: publish_map: frame pts=2547, total=752771
[INFO] [1783989498.319117879] [laser_mapping]: publish_map: frame pts=2646, total=755318
[INFO] [1783989498.352007547] [laser_mapping]: publish_map: frame pts=2646, total=757964
[INFO] [1783989498.382938904] [laser_mapping]: publish_map: frame pts=2646, total=760610
[INFO] [1783989498.413711390] [laser_mapping]: publish_map: frame pts=2646, total=763256
[INFO] [1783989498.445116281] [laser_mapping]: publish_map: frame pts=2912, total=765902
[INFO] [1783989498.478895125] [laser_mapping]: publish_map: frame pts=2912, total=768814
[INFO] [1783989498.510072895] [laser_mapping]: publish_map: frame pts=2912, total=771726
[INFO] [1783989498.542156998] [laser_mapping]: publish_map: frame pts=2912, total=774638
[INFO] [1783989498.574108017] [laser_mapping]: publish_map: frame pts=2622, total=777550
[INFO] [1783989498.606033878] [laser_mapping]: publish_map: frame pts=2622, total=780172
[INFO] [1783989498.637957918] [laser_mapping]: publish_map: frame pts=2622, total=782794
[INFO] [1783989498.668881877] [laser_mapping]: publish_map: frame pts=2622, total=785416
[INFO] [1783989498.698384831] [laser_mapping]: publish_map: frame pts=2622, total=788038
[INFO] [1783989498.729889720] [laser_mapping]: publish_map: frame pts=2681, total=790660
[INFO] [1783989498.760405671] [laser_mapping]: publish_map: frame pts=2681, total=793341
[INFO] [1783989498.791746617] [laser_mapping]: publish_map: frame pts=2681, total=796022
[INFO] [1783989498.823925075] [laser_mapping]: publish_map: frame pts=2681, total=798703
[INFO] [1783989498.857010728] [laser_mapping]: publish_map: frame pts=2798, total=801384
[INFO] [1783989498.904101397] [laser_mapping]: publish_map: frame pts=2798, total=804182
[INFO] [1783989498.937791905] [laser_mapping]: publish_map: frame pts=2798, total=806980
[INFO] [1783989498.971339034] [laser_mapping]: publish_map: frame pts=2798, total=809778
[INFO] [1783989499.005073479] [laser_mapping]: publish_map: frame pts=2492, total=812576
[INFO] [1783989499.038124664] [laser_mapping]: publish_map: frame pts=2492, total=815068
[INFO] [1783989499.092111491] [laser_mapping]: publish_map: frame pts=2492, total=817560
[INFO] [1783989499.125714509] [laser_mapping]: publish_map: frame pts=2492, total=820052
[INFO] [1783989499.159506799] [laser_mapping]: publish_map: frame pts=2875, total=822544
[INFO] [1783989499.197963823] [laser_mapping]: publish_map: frame pts=2875, total=825419
[INFO] [1783989499.231028361] [laser_mapping]: publish_map: frame pts=2875, total=828294
[INFO] [1783989499.266018778] [laser_mapping]: publish_map: frame pts=2875, total=831169
[INFO] [1783989499.302364432] [laser_mapping]: publish_map: frame pts=2730, total=834044
[INFO] [1783989499.337966361] [laser_mapping]: publish_map: frame pts=2730, total=836774
[INFO] [1783989499.373119933] [laser_mapping]: publish_map: frame pts=2730, total=839504
[INFO] [1783989499.408782248] [laser_mapping]: publish_map: frame pts=2730, total=842234
[INFO] [1783989499.448297996] [laser_mapping]: publish_map: frame pts=2583, total=844964
[INFO] [1783989499.487609198] [laser_mapping]: publish_map: frame pts=2583, total=847547
[INFO] [1783989499.524011408] [laser_mapping]: publish_map: frame pts=2583, total=850130
[INFO] [1783989499.560990017] [laser_mapping]: publish_map: frame pts=2583, total=852713
[INFO] [1783989499.599539481] [laser_mapping]: publish_map: frame pts=2782, total=855296
[INFO] [1783989499.637886905] [laser_mapping]: publish_map: frame pts=2782, total=858078
[INFO] [1783989499.677458694] [laser_mapping]: publish_map: frame pts=2782, total=860860
[INFO] [1783989499.713960357] [laser_mapping]: publish_map: frame pts=2782, total=863642
[INFO] [1783989499.751804802] [laser_mapping]: publish_map: frame pts=2782, total=866424
[INFO] [1783989499.791729712] [laser_mapping]: publish_map: frame pts=2551, total=869206
[INFO] [1783989499.830611730] [laser_mapping]: publish_map: frame pts=2551, total=871757
[INFO] [1783989499.875061355] [laser_mapping]: publish_map: frame pts=2551, total=874308
[INFO] [1783989499.917167363] [laser_mapping]: publish_map: frame pts=2551, total=876859
[INFO] [1783989499.960916277] [laser_mapping]: publish_map: frame pts=2642, total=879410
[INFO] [1783989500.002819567] [laser_mapping]: publish_map: frame pts=2642, total=882052
[INFO] [1783989500.044395122] [laser_mapping]: publish_map: frame pts=2642, total=884694
[INFO] [1783989500.088924287] [laser_mapping]: publish_map: frame pts=2642, total=887336
[INFO] [1783989500.130347802] [laser_mapping]: publish_map: frame pts=2912, total=889978
[INFO] [1783989500.169687787] [laser_mapping]: publish_map: frame pts=2912, total=892890
[INFO] [1783989500.208479970] [laser_mapping]: publish_map: frame pts=2912, total=895802
[INFO] [1783989500.246277324] [laser_mapping]: publish_map: frame pts=2912, total=898714
[INFO] [1783989500.286644148] [laser_mapping]: publish_map: frame pts=2555, total=901626
[INFO] [1783989500.326597613] [laser_mapping]: publish_map: frame pts=2555, total=904181
[INFO] [1783989500.364480770] [laser_mapping]: publish_map: frame pts=2555, total=906736
[INFO] [1783989500.404359261] [laser_mapping]: publish_map: frame pts=2555, total=909291
[INFO] [1783989500.444868891] [laser_mapping]: publish_map: frame pts=2680, total=911846
[INFO] [1783989500.487628178] [laser_mapping]: publish_map: frame pts=2680, total=914526
[INFO] [1783989500.529181562] [laser_mapping]: publish_map: frame pts=2680, total=917206
[INFO] [1783989500.572263214] [laser_mapping]: publish_map: frame pts=2680, total=919886
[INFO] [1783989500.616025042] [laser_mapping]: publish_map: frame pts=2799, total=922566
[INFO] [1783989500.659560285] [laser_mapping]: publish_map: frame pts=2799, total=925365
[INFO] [1783989500.698361880] [laser_mapping]: publish_map: frame pts=2799, total=928164
[INFO] [1783989500.737952712] [laser_mapping]: publish_map: frame pts=2799, total=930963
[INFO] [1783989500.777343055] [laser_mapping]: publish_map: frame pts=2799, total=933762
[INFO] [1783989500.818072857] [laser_mapping]: publish_map: frame pts=2592, total=936561
[INFO] [1783989500.861714442] [laser_mapping]: publish_map: frame pts=2592, total=939153
[INFO] [1783989500.906053103] [laser_mapping]: publish_map: frame pts=2592, total=941745
[INFO] [1783989500.949462352] [laser_mapping]: publish_map: frame pts=2592, total=944337
[INFO] [1783989500.993917685] [laser_mapping]: publish_map: frame pts=2873, total=946929
[INFO] [1783989501.037614067] [laser_mapping]: publish_map: frame pts=2873, total=949802
[INFO] [1783989501.080069342] [laser_mapping]: publish_map: frame pts=2873, total=952675
[INFO] [1783989501.121579887] [laser_mapping]: publish_map: frame pts=2873, total=955548
[INFO] [1783989501.164906256] [laser_mapping]: publish_map: frame pts=2731, total=958421
[INFO] [1783989501.207285538] [laser_mapping]: publish_map: frame pts=2731, total=961152
[INFO] [1783989501.248499581] [laser_mapping]: publish_map: frame pts=2731, total=963883
[INFO] [1783989501.290002305] [laser_mapping]: publish_map: frame pts=2731, total=966614
[INFO] [1783989501.333667766] [laser_mapping]: publish_map: frame pts=2485, total=969345
[INFO] [1783989501.377115140] [laser_mapping]: publish_map: frame pts=2485, total=971830
[INFO] [1783989501.419051435] [laser_mapping]: publish_map: frame pts=2485, total=974315
[INFO] [1783989501.461433823] [laser_mapping]: publish_map: frame pts=2485, total=976800
[INFO] [1783989501.505025563] [laser_mapping]: publish_map: frame pts=2801, total=979285
[INFO] [1783989501.550063960] [laser_mapping]: publish_map: frame pts=2801, total=982086
[INFO] [1783989501.598346155] [laser_mapping]: publish_map: frame pts=2801, total=984887
[INFO] [1783989501.643256763] [laser_mapping]: publish_map: frame pts=2801, total=987688
[INFO] [1783989501.689921992] [laser_mapping]: publish_map: frame pts=2801, total=990489
[INFO] [1783989501.733373425] [laser_mapping]: publish_map: frame pts=2678, total=993290
[INFO] [1783989501.777172994] [laser_mapping]: publish_map: frame pts=2678, total=995968
[INFO] [1783989501.822226528] [laser_mapping]: publish_map: frame pts=2678, total=998646
[INFO] [1783989501.868744075] [laser_mapping]: publish_map: frame pts=2678, total=1001324
[INFO] [1783989501.915478989] [laser_mapping]: publish_map: frame pts=2632, total=1004002
[INFO] [1783989501.962171989] [laser_mapping]: publish_map: frame pts=2632, total=1006634
[INFO] [1783989502.007179385] [laser_mapping]: publish_map: frame pts=2632, total=1009266
[INFO] [1783989502.052796823] [laser_mapping]: publish_map: frame pts=2632, total=1011898
[INFO] [1783989502.101124430] [laser_mapping]: publish_map: frame pts=2914, total=1014530
[INFO] [1783989502.145408259] [laser_mapping]: publish_map: frame pts=2914, total=1017444
[INFO] [1783989502.191678635] [laser_mapping]: publish_map: frame pts=2914, total=1020358
[INFO] [1783989502.236624884] [laser_mapping]: publish_map: frame pts=2914, total=1023272
[INFO] [1783989502.281821234] [laser_mapping]: publish_map: frame pts=2511, total=1026186
[INFO] [1783989502.328313908] [laser_mapping]: publish_map: frame pts=2511, total=1028697
[INFO] [1783989502.374359675] [laser_mapping]: publish_map: frame pts=2511, total=1031208
[INFO] [1783989502.422310074] [laser_mapping]: publish_map: frame pts=2511, total=1033719
[INFO] [1783989502.470411044] [laser_mapping]: publish_map: frame pts=2680, total=1036230
[INFO] [1783989502.520130862] [laser_mapping]: publish_map: frame pts=2680, total=1038910
[INFO] [1783989502.566619593] [laser_mapping]: publish_map: frame pts=2680, total=1041590
[INFO] [1783989502.612860191] [laser_mapping]: publish_map: frame pts=2680, total=1044270
[INFO] [1783989502.660050597] [laser_mapping]: publish_map: frame pts=2890, total=1046950
[INFO] [1783989502.703538811] [laser_mapping]: publish_map: frame pts=2890, total=1049840
[INFO] [1783989502.748596076] [laser_mapping]: publish_map: frame pts=2890, total=1052730
[INFO] [1783989502.795412363] [laser_mapping]: publish_map: frame pts=2890, total=1055620
[INFO] [1783989502.843865646] [laser_mapping]: publish_map: frame pts=2890, total=1058510
[INFO] [1783989502.893263532] [laser_mapping]: publish_map: frame pts=2609, total=1061400
[INFO] [1783989502.943990164] [laser_mapping]: publish_map: frame pts=2609, total=1064009
[INFO] [1783989503.006514827] [laser_mapping]: publish_map: frame pts=2609, total=1066618
[INFO] [1783989503.057096910] [laser_mapping]: publish_map: frame pts=2609, total=1069227
[INFO] [1783989503.144635661] [laser_mapping]: publish_map: frame pts=2835, total=1071836
[INFO] [1783989503.226360614] [laser_mapping]: publish_map: frame pts=2835, total=1074671
[INFO] [1783989503.304761607] [laser_mapping]: publish_map: frame pts=2835, total=1077506
[INFO] [1783989503.382368621] [laser_mapping]: publish_map: frame pts=2835, total=1080341
[INFO] [1783989503.458707604] [laser_mapping]: publish_map: frame pts=2733, total=1083176
[INFO] [1783989503.536517924] [laser_mapping]: publish_map: frame pts=2733, total=1085909
[INFO] [1783989503.614615732] [laser_mapping]: publish_map: frame pts=2733, total=1088642
[INFO] [1783989503.687924225] [laser_mapping]: publish_map: frame pts=2733, total=1091375
[INFO] [1783989503.767867073] [laser_mapping]: publish_map: frame pts=2733, total=1094108
[INFO] [1783989503.847876274] [laser_mapping]: publish_map: frame pts=2484, total=1096841
[INFO] [1783989503.927136110] [laser_mapping]: publish_map: frame pts=2484, total=1099325
[INFO] [1783989504.009305427] [laser_mapping]: publish_map: frame pts=2484, total=1101809
[INFO] [1783989504.096375608] [laser_mapping]: publish_map: frame pts=2484, total=1104293
[INFO] [1783989504.181987841] [laser_mapping]: publish_map: frame pts=2899, total=1106777
[INFO] [1783989504.265263097] [laser_mapping]: publish_map: frame pts=2899, total=1109676
[INFO] [1783989504.345465885] [laser_mapping]: publish_map: frame pts=2899, total=1112575
[INFO] [1783989504.426191332] [laser_mapping]: publish_map: frame pts=2899, total=1115474
[INFO] [1783989504.513032746] [laser_mapping]: publish_map: frame pts=2684, total=1118373
[INFO] [1783989504.601406297] [laser_mapping]: publish_map: frame pts=2684, total=1121057
[INFO] [1783989504.690331853] [laser_mapping]: publish_map: frame pts=2684, total=1123741
[INFO] [1783989504.773507076] [laser_mapping]: publish_map: frame pts=2684, total=1126425
[INFO] [1783989504.858322436] [laser_mapping]: publish_map: frame pts=2684, total=1129109
[INFO] [1783989504.940866442] [laser_mapping]: publish_map: frame pts=2626, total=1131793
[INFO] [1783989505.026382497] [laser_mapping]: publish_map: frame pts=2626, total=1134419
[INFO] [1783989505.110636016] [laser_mapping]: publish_map: frame pts=2626, total=1137045
[INFO] [1783989505.193337200] [laser_mapping]: publish_map: frame pts=2626, total=1139671
[INFO] [1783989505.274510408] [laser_mapping]: publish_map: frame pts=2831, total=1142297
[INFO] [1783989505.355818074] [laser_mapping]: publish_map: frame pts=2831, total=1145128
[INFO] [1783989505.437477764] [laser_mapping]: publish_map: frame pts=2831, total=1147959
[INFO] [1783989505.521236577] [laser_mapping]: publish_map: frame pts=2831, total=1150790
[INFO] [1783989505.607461431] [laser_mapping]: publish_map: frame pts=2511, total=1153621
[INFO] [1783989505.690055148] [laser_mapping]: publish_map: frame pts=2511, total=1156132
[INFO] [1783989505.767235716] [laser_mapping]: publish_map: frame pts=2511, total=1158643
[INFO] [1783989505.850010153] [laser_mapping]: publish_map: frame pts=2511, total=1161154
[INFO] [1783989505.936887233] [laser_mapping]: publish_map: frame pts=2511, total=1163665
[INFO] [1783989506.020012153] [laser_mapping]: publish_map: frame pts=2680, total=1166176
[INFO] [1783989506.101954963] [laser_mapping]: publish_map: frame pts=2680, total=1168856
[INFO] [1783989506.172743212] [laser_mapping]: publish_map: frame pts=2680, total=1171536
[INFO] [1783989506.241725308] [laser_mapping]: publish_map: frame pts=2680, total=1174216
[INFO] [1783989506.311618551] [laser_mapping]: publish_map: frame pts=2915, total=1176896
[INFO] [1783989506.382048200] [laser_mapping]: publish_map: frame pts=2915, total=1179811
[INFO] [1783989506.452249309] [laser_mapping]: publish_map: frame pts=2915, total=1182726
[INFO] [1783989506.521311380] [laser_mapping]: publish_map: frame pts=2915, total=1185641
[INFO] [1783989506.590393783] [laser_mapping]: publish_map: frame pts=2607, total=1188556
[INFO] [1783989506.659603516] [laser_mapping]: publish_map: frame pts=2607, total=1191163
[INFO] [1783989506.726661117] [laser_mapping]: publish_map: frame pts=2607, total=1193770
[INFO] [1783989506.795119921] [laser_mapping]: publish_map: frame pts=2607, total=1196377
[INFO] [1783989506.864082200] [laser_mapping]: publish_map: frame pts=2607, total=1198984
[INFO] [1783989506.933967121] [laser_mapping]: publish_map: frame pts=2764, total=1201591
[INFO] [1783989507.003017505] [laser_mapping]: publish_map: frame pts=2764, total=1204355
[INFO] [1783989507.071282994] [laser_mapping]: publish_map: frame pts=2764, total=1207119
[INFO] [1783989507.138950732] [laser_mapping]: publish_map: frame pts=2764, total=1209883
[INFO] [1783989507.207898275] [laser_mapping]: publish_map: frame pts=2731, total=1212647
[INFO] [1783989507.276124241] [laser_mapping]: publish_map: frame pts=2731, total=1215378
[INFO] [1783989507.343127619] [laser_mapping]: publish_map: frame pts=2731, total=1218109
[INFO] [1783989507.409836708] [laser_mapping]: publish_map: frame pts=2731, total=1220840
[INFO] [1783989507.477346784] [laser_mapping]: publish_map: frame pts=2485, total=1223571
[INFO] [1783989507.545434286] [laser_mapping]: publish_map: frame pts=2485, total=1226056
[INFO] [1783989507.613427099] [laser_mapping]: publish_map: frame pts=2485, total=1228541
[INFO] [1783989507.681783929] [laser_mapping]: publish_map: frame pts=2485, total=1231026
[INFO] [1783989507.747731432] [laser_mapping]: publish_map: frame pts=2485, total=1233511
[INFO] [1783989507.814586237] [laser_mapping]: publish_map: frame pts=2900, total=1235996
[INFO] [1783989507.882973287] [laser_mapping]: publish_map: frame pts=2900, total=1238896
[INFO] [1783989507.955817575] [laser_mapping]: publish_map: frame pts=2900, total=1241796
[INFO] [1783989508.023173432] [laser_mapping]: publish_map: frame pts=2900, total=1244696
[INFO] [1783989508.091752841] [laser_mapping]: publish_map: frame pts=2685, total=1247596
[INFO] [1783989508.158254952] [laser_mapping]: publish_map: frame pts=2685, total=1250281
[INFO] [1783989508.225129815] [laser_mapping]: publish_map: frame pts=2685, total=1252966
[INFO] [1783989508.291994985] [laser_mapping]: publish_map: frame pts=2685, total=1255651
[INFO] [1783989508.360100131] [laser_mapping]: publish_map: frame pts=2625, total=1258336
[INFO] [1783989508.427442963] [laser_mapping]: publish_map: frame pts=2625, total=1260961
[INFO] [1783989508.494877643] [laser_mapping]: publish_map: frame pts=2625, total=1263586
[INFO] [1783989508.563726313] [laser_mapping]: publish_map: frame pts=2625, total=1266211
[INFO] [1783989508.633305878] [laser_mapping]: publish_map: frame pts=2826, total=1268836
[INFO] [1783989508.699546560] [laser_mapping]: publish_map: frame pts=2826, total=1271662
[INFO] [1783989508.769024598] [laser_mapping]: publish_map: frame pts=2826, total=1274488
[INFO] [1783989508.838004513] [laser_mapping]: publish_map: frame pts=2826, total=1277314
[INFO] [1783989508.907664333] [laser_mapping]: publish_map: frame pts=2826, total=1280140
[INFO] [1783989508.977513735] [laser_mapping]: publish_map: frame pts=2509, total=1282966
[INFO] [1783989509.046841967] [laser_mapping]: publish_map: frame pts=2509, total=1285475
[INFO] [1783989509.115037443] [laser_mapping]: publish_map: frame pts=2509, total=1287984
[INFO] [1783989509.182812807] [laser_mapping]: publish_map: frame pts=2509, total=1290493
[INFO] [1783989509.252123553] [laser_mapping]: publish_map: frame pts=2680, total=1293002
[INFO] [1783989509.321652804] [laser_mapping]: publish_map: frame pts=2680, total=1295682
[INFO] [1783989509.390822340] [laser_mapping]: publish_map: frame pts=2680, total=1298362
[INFO] [1783989509.461043454] [laser_mapping]: publish_map: frame pts=2680, total=1301042
[INFO] [1783989509.531171633] [laser_mapping]: publish_map: frame pts=2914, total=1303722
[INFO] [1783989509.600200436] [laser_mapping]: publish_map: frame pts=2914, total=1306636
[INFO] [1783989509.668735995] [laser_mapping]: publish_map: frame pts=2914, total=1309550
[INFO] [1783989509.735366410] [laser_mapping]: publish_map: frame pts=2914, total=1312464
[INFO] [1783989509.804240514] [laser_mapping]: publish_map: frame pts=2914, total=1315378
[INFO] [1783989509.874616511] [laser_mapping]: publish_map: frame pts=2603, total=1318292
[INFO] [1783989509.944926212] [laser_mapping]: publish_map: frame pts=2603, total=1320895
[INFO] [1783989510.015025025] [laser_mapping]: publish_map: frame pts=2603, total=1323498
[INFO] [1783989510.084694561] [laser_mapping]: publish_map: frame pts=2603, total=1326101
[INFO] [1783989510.154156534] [laser_mapping]: publish_map: frame pts=2755, total=1328704
[INFO] [1783989510.223245904] [laser_mapping]: publish_map: frame pts=2755, total=1331459
[INFO] [1783989510.292611868] [laser_mapping]: publish_map: frame pts=2755, total=1334214
[INFO] [1783989510.363139713] [laser_mapping]: publish_map: frame pts=2755, total=1336969
[INFO] [1783989510.434037238] [laser_mapping]: publish_map: frame pts=2733, total=1339724
[INFO] [1783989510.505790859] [laser_mapping]: publish_map: frame pts=2733, total=1342457
[INFO] [1783989510.576629260] [laser_mapping]: publish_map: frame pts=2733, total=1345190
[INFO] [1783989510.647107320] [laser_mapping]: publish_map: frame pts=2733, total=1347923
[INFO] [1783989510.715871451] [laser_mapping]: publish_map: frame pts=2733, total=1350656
[INFO] [1783989510.785869733] [laser_mapping]: publish_map: frame pts=2484, total=1353389
[INFO] [1783989510.856456968] [laser_mapping]: publish_map: frame pts=2484, total=1355873
[INFO] [1783989510.928142086] [laser_mapping]: publish_map: frame pts=2484, total=1358357
[INFO] [1783989510.999033101] [laser_mapping]: publish_map: frame pts=2484, total=1360841
[INFO] [1783989511.070403588] [laser_mapping]: publish_map: frame pts=2897, total=1363325
[INFO] [1783989511.140511112] [laser_mapping]: publish_map: frame pts=2897, total=1366222
[INFO] [1783989511.210788866] [laser_mapping]: publish_map: frame pts=2897, total=1369119
[INFO] [1783989511.281275004] [laser_mapping]: publish_map: frame pts=2897, total=1372016
[INFO] [1783989511.351689189] [laser_mapping]: publish_map: frame pts=2692, total=1374913
[INFO] [1783989511.422937907] [laser_mapping]: publish_map: frame pts=2692, total=1377605
[INFO] [1783989511.494182527] [laser_mapping]: publish_map: frame pts=2692, total=1380297
[INFO] [1783989511.565820655] [laser_mapping]: publish_map: frame pts=2692, total=1382989
[INFO] [1783989511.637123517] [laser_mapping]: publish_map: frame pts=2551, total=1385681
[INFO] [1783989511.707244415] [laser_mapping]: publish_map: frame pts=2551, total=1388232
[INFO] [1783989511.778424997] [laser_mapping]: publish_map: frame pts=2551, total=1390783
[INFO] [1783989511.851065135] [laser_mapping]: publish_map: frame pts=2551, total=1393334
[INFO] [1783989511.924389157] [laser_mapping]: publish_map: frame pts=2551, total=1395885
[INFO] [1783989511.998056353] [laser_mapping]: publish_map: frame pts=2797, total=1398436
[INFO] [1783989512.071687880] [laser_mapping]: publish_map: frame pts=2797, total=1401233
[INFO] [1783989512.142870887] [laser_mapping]: publish_map: frame pts=2797, total=1404030
[INFO] [1783989512.215827503] [laser_mapping]: publish_map: frame pts=2797, total=1406827
[INFO] [1783989512.287166194] [laser_mapping]: publish_map: frame pts=2510, total=1409624
[INFO] [1783989512.359904716] [laser_mapping]: publish_map: frame pts=2510, total=1412134
[INFO] [1783989512.432490960] [laser_mapping]: publish_map: frame pts=2510, total=1414644
[INFO] [1783989512.506746521] [laser_mapping]: publish_map: frame pts=2510, total=1417154
[INFO] [1783989512.581304799] [laser_mapping]: publish_map: frame pts=2679, total=1419664
[INFO] [1783989512.654235939] [laser_mapping]: publish_map: frame pts=2679, total=1422343
[INFO] [1783989512.724842748] [laser_mapping]: publish_map: frame pts=2679, total=1425022
[INFO] [1783989512.798819988] [laser_mapping]: publish_map: frame pts=2679, total=1427701
[INFO] [1783989512.872445736] [laser_mapping]: publish_map: frame pts=2679, total=1430380
[INFO] [1783989512.948519267] [laser_mapping]: publish_map: frame pts=2913, total=1433059
[INFO] [1783989513.024224101] [laser_mapping]: publish_map: frame pts=2913, total=1435972
[INFO] [1783989513.098835467] [laser_mapping]: publish_map: frame pts=2913, total=1438885
[INFO] [1783989513.173375921] [laser_mapping]: publish_map: frame pts=2913, total=1441798
[INFO] [1783989513.247136358] [laser_mapping]: publish_map: frame pts=2492, total=1444711
[INFO] [1783989513.321064032] [laser_mapping]: publish_map: frame pts=2492, total=1447203
[INFO] [1783989513.395758916] [laser_mapping]: publish_map: frame pts=2492, total=1449695
[INFO] [1783989513.470124428] [laser_mapping]: publish_map: frame pts=2492, total=1452187
[INFO] [1783989513.545957732] [laser_mapping]: publish_map: frame pts=2754, total=1454679
[INFO] [1783989513.620224676] [laser_mapping]: publish_map: frame pts=2754, total=1457433
[INFO] [1783989513.693141952] [laser_mapping]: publish_map: frame pts=2754, total=1460187
[INFO] [1783989513.767436454] [laser_mapping]: publish_map: frame pts=2754, total=1462941
[INFO] [1783989513.843227537] [laser_mapping]: publish_map: frame pts=2754, total=1465695
[INFO] [1783989513.919722583] [laser_mapping]: publish_map: frame pts=2735, total=1468449
[INFO] [1783989513.996448137] [laser_mapping]: publish_map: frame pts=2735, total=1471184
[INFO] [1783989514.073391364] [laser_mapping]: publish_map: frame pts=2735, total=1473919
[INFO] [1783989514.148927384] [laser_mapping]: publish_map: frame pts=2735, total=1476654
[INFO] [1783989514.224045122] [laser_mapping]: publish_map: frame pts=2582, total=1479389
[INFO] [1783989514.299396948] [laser_mapping]: publish_map: frame pts=2582, total=1481971
[INFO] [1783989514.375029117] [laser_mapping]: publish_map: frame pts=2582, total=1484553
[INFO] [1783989514.451122701] [laser_mapping]: publish_map: frame pts=2582, total=1487135
[INFO] [1783989514.528240015] [laser_mapping]: publish_map: frame pts=2896, total=1489717
[INFO] [1783989514.605511148] [laser_mapping]: publish_map: frame pts=2896, total=1492613
[INFO] [1783989514.681399202] [laser_mapping]: publish_map: frame pts=2896, total=1495509
[INFO] [1783989514.756147407] [laser_mapping]: publish_map: frame pts=2896, total=1498405
[INFO] [1783989514.833513573] [laser_mapping]: publish_map: frame pts=2896, total=1501301
[INFO] [1783989514.912382028] [laser_mapping]: publish_map: frame pts=2696, total=1504197
[INFO] [1783989514.993266467] [laser_mapping]: publish_map: frame pts=2696, total=1506893
[INFO] [1783989515.071933746] [laser_mapping]: publish_map: frame pts=2696, total=1509589
[INFO] [1783989515.175842177] [laser_mapping]: publish_map: frame pts=2696, total=1512285
[INFO] [1783989515.275763628] [laser_mapping]: publish_map: frame pts=2499, total=1514981
[INFO] [1783989515.373437883] [laser_mapping]: publish_map: frame pts=2499, total=1517480
[INFO] [1783989515.475958651] [laser_mapping]: publish_map: frame pts=2499, total=1519979
[INFO] [1783989515.580213884] [laser_mapping]: publish_map: frame pts=2499, total=1522478
[INFO] [1783989515.683660843] [laser_mapping]: publish_map: frame pts=2799, total=1524977
[INFO] [1783989515.782071007] [laser_mapping]: publish_map: frame pts=2799, total=1527776
[INFO] [1783989515.883048443] [laser_mapping]: publish_map: frame pts=2799, total=1530575
[INFO] [1783989515.985945775] [laser_mapping]: publish_map: frame pts=2799, total=1533374
[INFO] [1783989516.091570293] [laser_mapping]: publish_map: frame pts=2799, total=1536173
[INFO] [1783989516.199424105] [laser_mapping]: publish_map: frame pts=2620, total=1538972
[INFO] [1783989516.301468333] [laser_mapping]: publish_map: frame pts=2620, total=1541592
[INFO] [1783989516.400881703] [laser_mapping]: publish_map: frame pts=2620, total=1544212
[INFO] [1783989516.505308320] [laser_mapping]: publish_map: frame pts=2620, total=1546832
[INFO] [1783989516.606683825] [laser_mapping]: publish_map: frame pts=2675, total=1549452
[INFO] [1783989516.703548851] [laser_mapping]: publish_map: frame pts=2675, total=1552127
[INFO] [1783989516.805426639] [laser_mapping]: publish_map: frame pts=2675, total=1554802
[INFO] [1783989516.913929957] [laser_mapping]: publish_map: frame pts=2675, total=1557477
[INFO] [1783989517.023717030] [laser_mapping]: publish_map: frame pts=2675, total=1560152
[INFO] [1783989517.140885827] [laser_mapping]: publish_map: frame pts=2916, total=1562827
[INFO] [1783989517.247501905] [laser_mapping]: publish_map: frame pts=2916, total=1565743
[INFO] [1783989517.355489530] [laser_mapping]: publish_map: frame pts=2916, total=1568659
[INFO] [1783989517.464100189] [laser_mapping]: publish_map: frame pts=2916, total=1571575
[INFO] [1783989517.577411007] [laser_mapping]: publish_map: frame pts=2491, total=1574491
[INFO] [1783989517.687201857] [laser_mapping]: publish_map: frame pts=2491, total=1576982
[INFO] [1783989517.787075138] [laser_mapping]: publish_map: frame pts=2491, total=1579473
[INFO] [1783989517.898499425] [laser_mapping]: publish_map: frame pts=2491, total=1581964
[INFO] [1783989518.013486183] [laser_mapping]: publish_map: frame pts=2491, total=1584455
[INFO] [1783989518.130631319] [laser_mapping]: publish_map: frame pts=2783, total=1586946
[INFO] [1783989518.240014480] [laser_mapping]: publish_map: frame pts=2783, total=1589729
[INFO] [1783989518.342203218] [laser_mapping]: publish_map: frame pts=2783, total=1592512
[INFO] [1783989518.430577392] [laser_mapping]: publish_map: frame pts=2783, total=1595295
[INFO] [1783989518.517912396] [laser_mapping]: publish_map: frame pts=2737, total=1598078
[INFO] [1783989518.627724266] [laser_mapping]: publish_map: frame pts=2737, total=1600815
[INFO] [1783989518.785192303] [laser_mapping]: publish_map: frame pts=2737, total=1603552
[INFO] [1783989518.900023333] [laser_mapping]: publish_map: frame pts=2737, total=1606289
[INFO] [1783989519.008554492] [laser_mapping]: publish_map: frame pts=2737, total=1609026
[INFO] [1783989519.119691531] [laser_mapping]: publish_map: frame pts=2601, total=1611763
[INFO] [1783989519.226185028] [laser_mapping]: publish_map: frame pts=2601, total=1614364
[INFO] [1783989519.330591637] [laser_mapping]: publish_map: frame pts=2601, total=1616965
[INFO] [1783989519.432940401] [laser_mapping]: publish_map: frame pts=2601, total=1619566
[INFO] [1783989519.539231669] [laser_mapping]: publish_map: frame pts=2808, total=1622167
[INFO] [1783989519.650939925] [laser_mapping]: publish_map: frame pts=2808, total=1624975
[INFO] [1783989519.756278623] [laser_mapping]: publish_map: frame pts=2808, total=1627783
[INFO] [1783989519.860138346] [laser_mapping]: publish_map: frame pts=2808, total=1630591
[INFO] [1783989519.971213116] [laser_mapping]: publish_map: frame pts=2808, total=1633399
[INFO] [1783989520.085137498] [laser_mapping]: publish_map: frame pts=2701, total=1636207
[INFO] [1783989520.198515459] [laser_mapping]: publish_map: frame pts=2701, total=1638908
[INFO] [1783989520.312403026] [laser_mapping]: publish_map: frame pts=2701, total=1641609
[INFO] [1783989520.420241902] [laser_mapping]: publish_map: frame pts=2701, total=1644310
[INFO] [1783989520.532451219] [laser_mapping]: publish_map: frame pts=2497, total=1647011
[INFO] [1783989520.639121296] [laser_mapping]: publish_map: frame pts=2497, total=1649508
[INFO] [1783989520.740720367] [laser_mapping]: publish_map: frame pts=2497, total=1652005
[INFO] [1783989520.843747958] [laser_mapping]: publish_map: frame pts=2497, total=1654502
[INFO] [1783989520.950434857] [laser_mapping]: publish_map: frame pts=2497, total=1656999
[INFO] [1783989521.044425528] [laser_mapping]: publish_map: frame pts=2912, total=1659496
[INFO] [1783989521.135634933] [laser_mapping]: publish_map: frame pts=2912, total=1662408
[INFO] [1783989521.228139148] [laser_mapping]: publish_map: frame pts=2912, total=1665320
[INFO] [1783989521.328363977] [laser_mapping]: publish_map: frame pts=2912, total=1668232
[INFO] [1783989521.434687283] [laser_mapping]: publish_map: frame pts=2628, total=1671144
[INFO] [1783989521.544108579] [laser_mapping]: publish_map: frame pts=2628, total=1673772
[INFO] [1783989521.697397590] [laser_mapping]: publish_map: frame pts=2628, total=1676400
[INFO] [1783989521.801697713] [laser_mapping]: publish_map: frame pts=2628, total=1679028
[INFO] [1783989521.915969663] [laser_mapping]: publish_map: frame pts=2628, total=1681656
[INFO] [1783989522.029600071] [laser_mapping]: publish_map: frame pts=2675, total=1684284
[INFO] [1783989522.139988982] [laser_mapping]: publish_map: frame pts=2675, total=1686959
[INFO] [1783989522.249343273] [laser_mapping]: publish_map: frame pts=2675, total=1689634
[INFO] [1783989522.358435079] [laser_mapping]: publish_map: frame pts=2675, total=1692309
[INFO] [1783989522.469051512] [laser_mapping]: publish_map: frame pts=2806, total=1694984
[INFO] [1783989522.581186618] [laser_mapping]: publish_map: frame pts=2806, total=1697790
[INFO] [1783989522.688306660] [laser_mapping]: publish_map: frame pts=2806, total=1700596
[INFO] [1783989522.793820558] [laser_mapping]: publish_map: frame pts=2806, total=1703402
[INFO] [1783989522.898873635] [laser_mapping]: publish_map: frame pts=2806, total=1706208
[INFO] [1783989523.013324888] [laser_mapping]: publish_map: frame pts=2492, total=1709014
[INFO] [1783989523.125781901] [laser_mapping]: publish_map: frame pts=2492, total=1711506
[INFO] [1783989523.231091160] [laser_mapping]: publish_map: frame pts=2492, total=1713998
[INFO] [1783989523.337272798] [laser_mapping]: publish_map: frame pts=2492, total=1716490
[INFO] [1783989523.444737633] [laser_mapping]: publish_map: frame pts=2868, total=1718982
[INFO] [1783989523.558012562] [laser_mapping]: publish_map: frame pts=2868, total=1721850
[INFO] [1783989523.670171037] [laser_mapping]: publish_map: frame pts=2868, total=1724718
[INFO] [1783989523.777797797] [laser_mapping]: publish_map: frame pts=2868, total=1727586
[INFO] [1783989523.887988648] [laser_mapping]: publish_map: frame pts=2868, total=1730454
[INFO] [1783989523.997546242] [laser_mapping]: publish_map: frame pts=2738, total=1733322
[INFO] [1783989524.108466139] [laser_mapping]: publish_map: frame pts=2738, total=1736060
[INFO] [1783989524.216582347] [laser_mapping]: publish_map: frame pts=2738, total=1738798
[INFO] [1783989524.327040496] [laser_mapping]: publish_map: frame pts=2738, total=1741536
[INFO] [1783989524.435551078] [laser_mapping]: publish_map: frame pts=2596, total=1744274
[INFO] [1783989524.550306723] [laser_mapping]: publish_map: frame pts=2596, total=1746870
[INFO] [1783989524.664291510] [laser_mapping]: publish_map: frame pts=2596, total=1749466
[INFO] [1783989524.774958316] [laser_mapping]: publish_map: frame pts=2596, total=1752062
[INFO] [1783989524.892870734] [laser_mapping]: publish_map: frame pts=2596, total=1754658
[INFO] [1783989525.008082884] [laser_mapping]: publish_map: frame pts=2784, total=1757254
[INFO] [1783989525.124601986] [laser_mapping]: publish_map: frame pts=2784, total=1760038
[INFO] [1783989525.237305620] [laser_mapping]: publish_map: frame pts=2784, total=1762822
[INFO] [1783989525.345004082] [laser_mapping]: publish_map: frame pts=2784, total=1765606
[INFO] [1783989525.457373589] [laser_mapping]: publish_map: frame pts=2701, total=1768390
[INFO] [1783989525.570651630] [laser_mapping]: publish_map: frame pts=2701, total=1771091
[INFO] [1783989525.684298975] [laser_mapping]: publish_map: frame pts=2701, total=1773792
[INFO] [1783989525.781591272] [laser_mapping]: publish_map: frame pts=2701, total=1776493
[INFO] [1783989525.889815004] [laser_mapping]: publish_map: frame pts=2701, total=1779194
[INFO] [1783989526.004606986] [laser_mapping]: publish_map: frame pts=2496, total=1781895
[INFO] [1783989526.116283279] [laser_mapping]: publish_map: frame pts=2496, total=1784391
[INFO] [1783989526.228690342] [laser_mapping]: publish_map: frame pts=2496, total=1786887
[INFO] [1783989526.338972111] [laser_mapping]: publish_map: frame pts=2496, total=1789383
[INFO] [1783989526.453228222] [laser_mapping]: publish_map: frame pts=2910, total=1791879
[INFO] [1783989526.567557553] [laser_mapping]: publish_map: frame pts=2910, total=1794789
[INFO] [1783989526.676994768] [laser_mapping]: publish_map: frame pts=2910, total=1797699
[INFO] [1783989526.785197499] [laser_mapping]: publish_map: frame pts=2910, total=1800609
[INFO] [1783989526.899165791] [laser_mapping]: publish_map: frame pts=2910, total=1803519
[INFO] [1783989526.997429072] [laser_mapping]: publish_map: frame pts=2585, total=1806429
[INFO] [1783989527.111114729] [laser_mapping]: publish_map: frame pts=2585, total=1809014
[INFO] [1783989527.227549189] [laser_mapping]: publish_map: frame pts=2585, total=1811599
[INFO] [1783989527.341996028] [laser_mapping]: publish_map: frame pts=2585, total=1814184
[INFO] [1783989527.464753449] [laser_mapping]: publish_map: frame pts=2673, total=1816769
[INFO] [1783989527.586666819] [laser_mapping]: publish_map: frame pts=2673, total=1819442
[INFO] [1783989527.702020970] [laser_mapping]: publish_map: frame pts=2673, total=1822115
[INFO] [1783989527.815681188] [laser_mapping]: publish_map: frame pts=2673, total=1824788
[INFO] [1783989527.934151598] [laser_mapping]: publish_map: frame pts=2673, total=1827461
[INFO] [1783989528.051381174] [laser_mapping]: publish_map: frame pts=2798, total=1830134
[INFO] [1783989528.166415683] [laser_mapping]: publish_map: frame pts=2798, total=1832932
[INFO] [1783989528.279505400] [laser_mapping]: publish_map: frame pts=2798, total=1835730
[INFO] [1783989528.391486733] [laser_mapping]: publish_map: frame pts=2798, total=1838528
[INFO] [1783989528.506355133] [laser_mapping]: publish_map: frame pts=2524, total=1841326
[INFO] [1783989528.622065079] [laser_mapping]: publish_map: frame pts=2524, total=1843850
[INFO] [1783989528.735194500] [laser_mapping]: publish_map: frame pts=2524, total=1846374
[INFO] [1783989528.848699168] [laser_mapping]: publish_map: frame pts=2524, total=1848898
[INFO] [1783989528.965437897] [laser_mapping]: publish_map: frame pts=2524, total=1851422
[INFO] [1783989529.083074640] [laser_mapping]: publish_map: frame pts=2865, total=1853946
[INFO] [1783989529.200454115] [laser_mapping]: publish_map: frame pts=2865, total=1856811
[INFO] [1783989529.319386083] [laser_mapping]: publish_map: frame pts=2865, total=1859676
[INFO] [1783989529.437885700] [laser_mapping]: publish_map: frame pts=2865, total=1862541
[INFO] [1783989529.554181080] [laser_mapping]: publish_map: frame pts=2738, total=1865406
[INFO] [1783989529.669828501] [laser_mapping]: publish_map: frame pts=2738, total=1868144
[INFO] [1783989529.787203516] [laser_mapping]: publish_map: frame pts=2738, total=1870882
[INFO] [1783989529.903330872] [laser_mapping]: publish_map: frame pts=2738, total=1873620
[INFO] [1783989530.017097763] [laser_mapping]: publish_map: frame pts=2738, total=1876358
[INFO] [1783989530.135468293] [laser_mapping]: publish_map: frame pts=2483, total=1879096
[INFO] [1783989530.248292940] [laser_mapping]: publish_map: frame pts=2483, total=1881579
[INFO] [1783989530.365276671] [laser_mapping]: publish_map: frame pts=2483, total=1884062
[INFO] [1783989530.483671219] [laser_mapping]: publish_map: frame pts=2483, total=1886545
[INFO] [1783989530.601779410] [laser_mapping]: publish_map: frame pts=2780, total=1889028
[INFO] [1783989530.716198942] [laser_mapping]: publish_map: frame pts=2780, total=1891808
[INFO] [1783989530.830896472] [laser_mapping]: publish_map: frame pts=2780, total=1894588
[INFO] [1783989530.948035975] [laser_mapping]: publish_map: frame pts=2780, total=1897368
[INFO] [1783989531.062784114] [laser_mapping]: publish_map: frame pts=2780, total=1900148
[INFO] [1783989531.182536829] [laser_mapping]: publish_map: frame pts=2707, total=1902928
[INFO] [1783989531.299607614] [laser_mapping]: publish_map: frame pts=2707, total=1905635
[INFO] [1783989531.416369119] [laser_mapping]: publish_map: frame pts=2707, total=1908342
[INFO] [1783989531.535899123] [laser_mapping]: publish_map: frame pts=2707, total=1911049
[INFO] [1783989531.656114246] [laser_mapping]: publish_map: frame pts=2602, total=1913756
[INFO] [1783989531.771561658] [laser_mapping]: publish_map: frame pts=2602, total=1916358
[INFO] [1783989531.888557376] [laser_mapping]: publish_map: frame pts=2602, total=1918960
[INFO] [1783989532.008005682] [laser_mapping]: publish_map: frame pts=2602, total=1921562
[INFO] [1783989532.126771912] [laser_mapping]: publish_map: frame pts=2602, total=1924164
[INFO] [1783989532.245087129] [laser_mapping]: publish_map: frame pts=2911, total=1926766
[INFO] [1783989532.363052119] [laser_mapping]: publish_map: frame pts=2911, total=1929677
[INFO] [1783989532.477661551] [laser_mapping]: publish_map: frame pts=2911, total=1932588
[INFO] [1783989532.593112320] [laser_mapping]: publish_map: frame pts=2911, total=1935499
[INFO] [1783989532.709550498] [laser_mapping]: publish_map: frame pts=2911, total=1938410
[INFO] [1783989532.826205052] [laser_mapping]: publish_map: frame pts=2513, total=1941321
[INFO] [1783989532.944487656] [laser_mapping]: publish_map: frame pts=2513, total=1943834
[INFO] [1783989533.061732103] [laser_mapping]: publish_map: frame pts=2513, total=1946347
[INFO] [1783989533.179560329] [laser_mapping]: publish_map: frame pts=2513, total=1948860
[INFO] [1783989533.298549627] [laser_mapping]: publish_map: frame pts=2674, total=1951373
[INFO] [1783989533.417102461] [laser_mapping]: publish_map: frame pts=2674, total=1954047
[INFO] [1783989533.535720653] [laser_mapping]: publish_map: frame pts=2674, total=1956721
[INFO] [1783989533.653844736] [laser_mapping]: publish_map: frame pts=2674, total=1959395
[INFO] [1783989533.767321623] [laser_mapping]: publish_map: frame pts=2674, total=1962069
[INFO] [1783989533.886051198] [laser_mapping]: publish_map: frame pts=2812, total=1964743
[INFO] [1783989534.003679656] [laser_mapping]: publish_map: frame pts=2812, total=1967555
[INFO] [1783989534.123797105] [laser_mapping]: publish_map: frame pts=2812, total=1970367
[INFO] [1783989534.246294547] [laser_mapping]: publish_map: frame pts=2812, total=1973179
[INFO] [1783989534.367768374] [laser_mapping]: publish_map: frame pts=2611, total=1975991
[INFO] [1783989534.486673794] [laser_mapping]: publish_map: frame pts=2611, total=1978602
[INFO] [1783989534.608261105] [laser_mapping]: publish_map: frame pts=2611, total=1981213
[INFO] [1783989534.729581531] [laser_mapping]: publish_map: frame pts=2611, total=1983824
[INFO] [1783989534.853189050] [laser_mapping]: publish_map: frame pts=2611, total=1986435
[INFO] [1783989534.978879402] [laser_mapping]: publish_map: frame pts=2864, total=1989046
[INFO] [1783989535.102166249] [laser_mapping]: publish_map: frame pts=2864, total=1991910
[INFO] [1783989535.224743793] [laser_mapping]: publish_map: frame pts=2864, total=1994774
[INFO] [1783989535.345492563] [laser_mapping]: publish_map: frame pts=2864, total=1997638
[INFO] [1783989535.466210664] [laser_mapping]: publish_map: frame pts=2738, total=2000502
[INFO] [1783989535.586465713] [laser_mapping]: publish_map: frame pts=2738, total=2003240
[INFO] [1783989535.704196296] [laser_mapping]: publish_map: frame pts=2738, total=2005978
[INFO] [1783989535.826543475] [laser_mapping]: publish_map: frame pts=2738, total=2008716
[INFO] [1783989535.949141494] [laser_mapping]: publish_map: frame pts=2738, total=2011454
[INFO] [1783989536.072390895] [laser_mapping]: publish_map: frame pts=2486, total=2014192
[INFO] [1783989536.192841330] [laser_mapping]: publish_map: frame pts=2486, total=2016678
[INFO] [1783989536.310360690] [laser_mapping]: publish_map: frame pts=2486, total=2019164
[INFO] [1783989536.427684286] [laser_mapping]: publish_map: frame pts=2486, total=2021650
[INFO] [1783989536.549171577] [laser_mapping]: publish_map: frame pts=2845, total=2024136
[INFO] [1783989536.673221394] [laser_mapping]: publish_map: frame pts=2845, total=2026981
[INFO] [1783989536.798369488] [laser_mapping]: publish_map: frame pts=2845, total=2029826
[INFO] [1783989536.927957813] [laser_mapping]: publish_map: frame pts=2845, total=2032671
[INFO] [1783989537.058154941] [laser_mapping]: publish_map: frame pts=2845, total=2035516
[INFO] [1783989537.185867389] [laser_mapping]: publish_map: frame pts=2709, total=2038361
[INFO] [1783989537.309802404] [laser_mapping]: publish_map: frame pts=2709, total=2041070
[INFO] [1783989537.433039604] [laser_mapping]: publish_map: frame pts=2709, total=2043779
[INFO] [1783989537.562259345] [laser_mapping]: publish_map: frame pts=2709, total=2046488
[INFO] [1783989537.692961195] [laser_mapping]: publish_map: frame pts=2709, total=2049197
[INFO] [1783989537.818912473] [laser_mapping]: publish_map: frame pts=2606, total=2051906
[INFO] [1783989537.941952401] [laser_mapping]: publish_map: frame pts=2606, total=2054512
[INFO] [1783989538.068800608] [laser_mapping]: publish_map: frame pts=2606, total=2057118
[INFO] [1783989538.194182090] [laser_mapping]: publish_map: frame pts=2606, total=2059724
[INFO] [1783989538.320960499] [laser_mapping]: publish_map: frame pts=2859, total=2062330
[INFO] [1783989538.450999556] [laser_mapping]: publish_map: frame pts=2859, total=2065189
[INFO] [1783989538.577891696] [laser_mapping]: publish_map: frame pts=2859, total=2068048
[INFO] [1783989538.708088024] [laser_mapping]: publish_map: frame pts=2859, total=2070907
[INFO] [1783989538.836414459] [laser_mapping]: publish_map: frame pts=2859, total=2073766
[INFO] [1783989538.965717036] [laser_mapping]: publish_map: frame pts=2517, total=2076625
[INFO] [1783989539.091285653] [laser_mapping]: publish_map: frame pts=2517, total=2079142
[INFO] [1783989539.220141060] [laser_mapping]: publish_map: frame pts=2517, total=2081659
[INFO] [1783989539.348128894] [laser_mapping]: publish_map: frame pts=2517, total=2084176
[INFO] [1783989539.475321824] [laser_mapping]: publish_map: frame pts=2674, total=2086693
[INFO] [1783989539.598988135] [laser_mapping]: publish_map: frame pts=2674, total=2089367
[INFO] [1783989539.723836193] [laser_mapping]: publish_map: frame pts=2674, total=2092041
[INFO] [1783989539.849216574] [laser_mapping]: publish_map: frame pts=2674, total=2094715
[INFO] [1783989539.981519656] [laser_mapping]: publish_map: frame pts=2674, total=2097389
[INFO] [1783989540.115090002] [laser_mapping]: publish_map: frame pts=2871, total=2100063
[INFO] [1783989540.247001086] [laser_mapping]: publish_map: frame pts=2871, total=2102934
[INFO] [1783989540.376226507] [laser_mapping]: publish_map: frame pts=2871, total=2105805
[INFO] [1783989540.509100673] [laser_mapping]: publish_map: frame pts=2871, total=2108676
[INFO] [1783989540.643656543] [laser_mapping]: publish_map: frame pts=2612, total=2111547
[INFO] [1783989540.771531207] [laser_mapping]: publish_map: frame pts=2612, total=2114159
[INFO] [1783989540.902143755] [laser_mapping]: publish_map: frame pts=2612, total=2116771
[INFO] [1783989541.033490752] [laser_mapping]: publish_map: frame pts=2612, total=2119383
[INFO] [1783989541.170970240] [laser_mapping]: publish_map: frame pts=2612, total=2121995
[INFO] [1783989541.300471564] [laser_mapping]: publish_map: frame pts=2863, total=2124607
[INFO] [1783989541.431473245] [laser_mapping]: publish_map: frame pts=2863, total=2127470
[INFO] [1783989541.568266034] [laser_mapping]: publish_map: frame pts=2863, total=2130333
[INFO] [1783989541.700269665] [laser_mapping]: publish_map: frame pts=2863, total=2133196
[INFO] [1783989541.829678432] [laser_mapping]: publish_map: frame pts=2863, total=2136059
[INFO] [1783989541.965649752] [laser_mapping]: publish_map: frame pts=2737, total=2138922
[INFO] [1783989542.100816733] [laser_mapping]: publish_map: frame pts=2737, total=2141659
[INFO] [1783989542.235215923] [laser_mapping]: publish_map: frame pts=2737, total=2144396
[INFO] [1783989542.366321719] [laser_mapping]: publish_map: frame pts=2737, total=2147133
[INFO] [1783989542.495094357] [laser_mapping]: publish_map: frame pts=2485, total=2149870
[INFO] [1783989542.622826693] [laser_mapping]: publish_map: frame pts=2485, total=2152355
[INFO] [1783989542.750265699] [laser_mapping]: publish_map: frame pts=2485, total=2154840
[INFO] [1783989542.868496654] [laser_mapping]: publish_map: frame pts=2485, total=2157325
[INFO] [1783989542.997950826] [laser_mapping]: publish_map: frame pts=2485, total=2159810
[INFO] [1783989543.129528026] [laser_mapping]: publish_map: frame pts=2786, total=2162295
[INFO] [1783989543.248446260] [laser_mapping]: publish_map: frame pts=2786, total=2165081
[INFO] [1783989543.365185411] [laser_mapping]: publish_map: frame pts=2786, total=2167867
[INFO] [1783989543.480106681] [laser_mapping]: publish_map: frame pts=2786, total=2170653
[INFO] [1783989543.595396916] [laser_mapping]: publish_map: frame pts=2706, total=2173439
[INFO] [1783989543.707083795] [laser_mapping]: publish_map: frame pts=2706, total=2176145
[INFO] [1783989543.820626173] [laser_mapping]: publish_map: frame pts=2706, total=2178851
[INFO] [1783989543.934004638] [laser_mapping]: publish_map: frame pts=2706, total=2181557
[INFO] [1783989544.048019886] [laser_mapping]: publish_map: frame pts=2706, total=2184263
[INFO] [1783989544.160185718] [laser_mapping]: publish_map: frame pts=2599, total=2186969
[INFO] [1783989544.270408970] [laser_mapping]: publish_map: frame pts=2599, total=2189568
[INFO] [1783989544.381432747] [laser_mapping]: publish_map: frame pts=2599, total=2192167
[INFO] [1783989544.491956222] [laser_mapping]: publish_map: frame pts=2599, total=2194766
[INFO] [1783989544.602001005] [laser_mapping]: publish_map: frame pts=2911, total=2197365
[INFO] [1783989544.710825536] [laser_mapping]: publish_map: frame pts=2911, total=2200276
[INFO] [1783989544.822368658] [laser_mapping]: publish_map: frame pts=2911, total=2203187
[INFO] [1783989544.933180369] [laser_mapping]: publish_map: frame pts=2911, total=2206098
[INFO] [1783989545.045472479] [laser_mapping]: publish_map: frame pts=2911, total=2209009
[INFO] [1783989545.156949063] [laser_mapping]: publish_map: frame pts=2514, total=2211920
[INFO] [1783989545.266042403] [laser_mapping]: publish_map: frame pts=2514, total=2214434
[INFO] [1783989545.377141445] [laser_mapping]: publish_map: frame pts=2514, total=2216948
[INFO] [1783989545.487878944] [laser_mapping]: publish_map: frame pts=2514, total=2219462
[INFO] [1783989545.600476840] [laser_mapping]: publish_map: frame pts=2674, total=2221976
[INFO] [1783989545.713677904] [laser_mapping]: publish_map: frame pts=2674, total=2224650
[INFO] [1783989545.825296741] [laser_mapping]: publish_map: frame pts=2674, total=2227324
[INFO] [1783989545.937289253] [laser_mapping]: publish_map: frame pts=2674, total=2229998
[INFO] [1783989546.048020365] [laser_mapping]: publish_map: frame pts=2674, total=2232672
[INFO] [1783989546.160482128] [laser_mapping]: publish_map: frame pts=2906, total=2235346
[INFO] [1783989546.317815094] [laser_mapping]: publish_map: frame pts=2906, total=2238252
[INFO] [1783989546.472117503] [laser_mapping]: publish_map: frame pts=2906, total=2241158
[INFO] [1783989546.628127790] [laser_mapping]: publish_map: frame pts=2906, total=2244064
[INFO] [1783989546.775085774] [laser_mapping]: publish_map: frame pts=2906, total=2246970
[INFO] [1783989546.927942996] [laser_mapping]: publish_map: frame pts=2613, total=2249876
[INFO] [1783989547.080049219] [laser_mapping]: publish_map: frame pts=2613, total=2252489
[INFO] [1783989547.229408931] [laser_mapping]: publish_map: frame pts=2613, total=2255102
[INFO] [1783989547.371346685] [laser_mapping]: publish_map: frame pts=2613, total=2257715
[INFO] [1783989547.517578141] [laser_mapping]: publish_map: frame pts=2769, total=2260328
[INFO] [1783989547.665588824] [laser_mapping]: publish_map: frame pts=2769, total=2263097
[INFO] [1783989547.813032117] [laser_mapping]: publish_map: frame pts=2769, total=2265866
[INFO] [1783989547.963598070] [laser_mapping]: publish_map: frame pts=2769, total=2268635
[INFO] [1783989548.113405190] [laser_mapping]: publish_map: frame pts=2769, total=2271404
[INFO] [1783989548.268554805] [laser_mapping]: publish_map: frame pts=2739, total=2274173
[INFO] [1783989548.412421055] [laser_mapping]: publish_map: frame pts=2739, total=2276912
[INFO] [1783989548.561204166] [laser_mapping]: publish_map: frame pts=2739, total=2279651
[INFO] [1783989548.707029966] [laser_mapping]: publish_map: frame pts=2739, total=2282390
[INFO] [1783989548.852181237] [laser_mapping]: publish_map: frame pts=2739, total=2285129
[INFO] [1783989549.004642269] [laser_mapping]: publish_map: frame pts=2485, total=2287868
[INFO] [1783989549.152987920] [laser_mapping]: publish_map: frame pts=2485, total=2290353
[INFO] [1783989549.300352978] [laser_mapping]: publish_map: frame pts=2485, total=2292838
[INFO] [1783989549.447041813] [laser_mapping]: publish_map: frame pts=2485, total=2295323
[INFO] [1783989549.565913909] [laser_mapping]: publish_map: frame pts=2893, total=2297808
[INFO] [1783989549.680515286] [laser_mapping]: publish_map: frame pts=2893, total=2300701
[INFO] [1783989549.795513790] [laser_mapping]: publish_map: frame pts=2893, total=2303594
[INFO] [1783989549.913378439] [laser_mapping]: publish_map: frame pts=2893, total=2306487
[INFO] [1783989550.030480861] [laser_mapping]: publish_map: frame pts=2893, total=2309380
[INFO] [1783989550.147754102] [laser_mapping]: publish_map: frame pts=2709, total=2312273
[INFO] [1783989550.265876191] [laser_mapping]: publish_map: frame pts=2709, total=2314982
[INFO] [1783989550.386549914] [laser_mapping]: publish_map: frame pts=2709, total=2317691
[INFO] [1783989550.504196524] [laser_mapping]: publish_map: frame pts=2709, total=2320400
[INFO] [1783989550.622995355] [laser_mapping]: publish_map: frame pts=2589, total=2323109
[INFO] [1783989550.736421154] [laser_mapping]: publish_map: frame pts=2589, total=2325698
[INFO] [1783989550.852988626] [laser_mapping]: publish_map: frame pts=2589, total=2328287
[INFO] [1783989550.971083891] [laser_mapping]: publish_map: frame pts=2589, total=2330876
[INFO] [1783989551.087368957] [laser_mapping]: publish_map: frame pts=2589, total=2333465
[INFO] [1783989551.236552673] [laser_mapping]: publish_map: frame pts=2795, total=2336054
[INFO] [1783989551.381859639] [laser_mapping]: publish_map: frame pts=2795, total=2338849
[INFO] [1783989551.534287996] [laser_mapping]: publish_map: frame pts=2795, total=2341644
[INFO] [1783989551.689997346] [laser_mapping]: publish_map: frame pts=2795, total=2344439
[INFO] [1783989551.842861536] [laser_mapping]: publish_map: frame pts=2795, total=2347234
[INFO] [1783989552.004338847] [laser_mapping]: publish_map: frame pts=2516, total=2350029
[INFO] [1783989552.161636110] [laser_mapping]: publish_map: frame pts=2516, total=2352545
[INFO] [1783989552.311314563] [laser_mapping]: publish_map: frame pts=2516, total=2355061
[INFO] [1783989552.468471807] [laser_mapping]: publish_map: frame pts=2516, total=2357577
[INFO] [1783989552.633416008] [laser_mapping]: publish_map: frame pts=2673, total=2360093
[INFO] [1783989552.786387627] [laser_mapping]: publish_map: frame pts=2673, total=2362766
[INFO] [1783989552.907226772] [laser_mapping]: publish_map: frame pts=2673, total=2365439
[INFO] [1783989553.025663732] [laser_mapping]: publish_map: frame pts=2673, total=2368112
[INFO] [1783989553.145289551] [laser_mapping]: publish_map: frame pts=2673, total=2370785
[INFO] [1783989553.265128819] [laser_mapping]: publish_map: frame pts=2915, total=2373458
[INFO] [1783989553.384497480] [laser_mapping]: publish_map: frame pts=2915, total=2376373
[INFO] [1783989553.505189459] [laser_mapping]: publish_map: frame pts=2915, total=2379288
[INFO] [1783989553.624953475] [laser_mapping]: publish_map: frame pts=2915, total=2382203
[INFO] [1783989553.741717323] [laser_mapping]: publish_map: frame pts=2915, total=2385118
[INFO] [1783989553.860672503] [laser_mapping]: publish_map: frame pts=2572, total=2388033
[INFO] [1783989554.022955124] [laser_mapping]: publish_map: frame pts=2572, total=2390605
[INFO] [1783989554.152951330] [laser_mapping]: publish_map: frame pts=2572, total=2393177
[INFO] [1783989554.278316640] [laser_mapping]: publish_map: frame pts=2572, total=2395749
[INFO] [1783989554.397919890] [laser_mapping]: publish_map: frame pts=2744, total=2398321
[INFO] [1783989554.516477144] [laser_mapping]: publish_map: frame pts=2744, total=2401065
[INFO] [1783989554.634471823] [laser_mapping]: publish_map: frame pts=2744, total=2403809
[INFO] [1783989554.753673868] [laser_mapping]: publish_map: frame pts=2744, total=2406553
[INFO] [1783989554.874089683] [laser_mapping]: publish_map: frame pts=2744, total=2409297
[INFO] [1783989554.994682873] [laser_mapping]: publish_map: frame pts=2741, total=2412041
[INFO] [1783989555.115167052] [laser_mapping]: publish_map: frame pts=2741, total=2414782
[INFO] [1783989555.236057588] [laser_mapping]: publish_map: frame pts=2741, total=2417523
[INFO] [1783989555.356910808] [laser_mapping]: publish_map: frame pts=2741, total=2420264
[INFO] [1783989555.476976184] [laser_mapping]: publish_map: frame pts=2483, total=2423005
[INFO] [1783989555.596495853] [laser_mapping]: publish_map: frame pts=2483, total=2425488
[INFO] [1783989555.712426103] [laser_mapping]: publish_map: frame pts=2483, total=2427971
[INFO] [1783989555.830199035] [laser_mapping]: publish_map: frame pts=2483, total=2430454
[INFO] [1783989555.949318742] [laser_mapping]: publish_map: frame pts=2483, total=2432937
[INFO] [1783989556.069639297] [laser_mapping]: publish_map: frame pts=2893, total=2435420
[INFO] [1783989556.187985571] [laser_mapping]: publish_map: frame pts=2893, total=2438313
[INFO] [1783989556.306024221] [laser_mapping]: publish_map: frame pts=2893, total=2441206
[INFO] [1783989556.424511934] [laser_mapping]: publish_map: frame pts=2893, total=2444099
[INFO] [1783989556.544438686] [laser_mapping]: publish_map: frame pts=2709, total=2446992
[INFO] [1783989556.663361766] [laser_mapping]: publish_map: frame pts=2709, total=2449701
[INFO] [1783989556.780520528] [laser_mapping]: publish_map: frame pts=2709, total=2452410
[INFO] [1783989556.902834072] [laser_mapping]: publish_map: frame pts=2709, total=2455119
[INFO] [1783989557.024287907] [laser_mapping]: publish_map: frame pts=2709, total=2457828
[INFO] [1783989557.144273003] [laser_mapping]: publish_map: frame pts=2565, total=2460537
[INFO] [1783989557.263403509] [laser_mapping]: publish_map: frame pts=2565, total=2463102
[INFO] [1783989557.384629619] [laser_mapping]: publish_map: frame pts=2565, total=2465667
[INFO] [1783989557.505888439] [laser_mapping]: publish_map: frame pts=2565, total=2468232
[INFO] [1783989557.628373435] [laser_mapping]: publish_map: frame pts=2793, total=2470797
[INFO] [1783989557.750590183] [laser_mapping]: publish_map: frame pts=2793, total=2473590
[INFO] [1783989557.873290609] [laser_mapping]: publish_map: frame pts=2793, total=2476383
[INFO] [1783989557.993840705] [laser_mapping]: publish_map: frame pts=2793, total=2479176
[INFO] [1783989558.116410445] [laser_mapping]: publish_map: frame pts=2793, total=2481969
[INFO] [1783989558.237937863] [laser_mapping]: publish_map: frame pts=2517, total=2484762
[INFO] [1783989558.359156480] [laser_mapping]: publish_map: frame pts=2517, total=2487279
[INFO] [1783989558.479667442] [laser_mapping]: publish_map: frame pts=2517, total=2489796
[INFO] [1783989558.601342258] [laser_mapping]: publish_map: frame pts=2517, total=2492313
[INFO] [1783989558.722035105] [laser_mapping]: publish_map: frame pts=2517, total=2494830
[INFO] [1783989558.846749928] [laser_mapping]: publish_map: frame pts=2672, total=2497347
[INFO] [1783989558.972729689] [laser_mapping]: publish_map: frame pts=2672, total=2500019
[INFO] [1783989559.097477680] [laser_mapping]: publish_map: frame pts=2672, total=2502691
[INFO] [1783989559.222583043] [laser_mapping]: publish_map: frame pts=2672, total=2505363
[INFO] [1783989559.347016285] [laser_mapping]: publish_map: frame pts=2915, total=2508035
[INFO] [1783989559.475015651] [laser_mapping]: publish_map: frame pts=2915, total=2510950
[INFO] [1783989559.602710035] [laser_mapping]: publish_map: frame pts=2915, total=2513865
[INFO] [1783989559.726928303] [laser_mapping]: publish_map: frame pts=2915, total=2516780
[INFO] [1783989559.853989328] [laser_mapping]: publish_map: frame pts=2915, total=2519695
[INFO] [1783989559.980862205] [laser_mapping]: publish_map: frame pts=2525, total=2522610
[INFO] [1783989560.106906588] [laser_mapping]: publish_map: frame pts=2525, total=2525135
[INFO] [1783989560.235779407] [laser_mapping]: publish_map: frame pts=2525, total=2527660
[INFO] [1783989560.363538080] [laser_mapping]: publish_map: frame pts=2525, total=2530185
[INFO] [1783989560.491585130] [laser_mapping]: publish_map: frame pts=2742, total=2532710
[INFO] [1783989560.619706473] [laser_mapping]: publish_map: frame pts=2742, total=2535452
[INFO] [1783989560.743892835] [laser_mapping]: publish_map: frame pts=2742, total=2538194
[INFO] [1783989560.870647161] [laser_mapping]: publish_map: frame pts=2742, total=2540936
[INFO] [1783989560.999293753] [laser_mapping]: publish_map: frame pts=2742, total=2543678
[INFO] [1783989561.129094954] [laser_mapping]: publish_map: frame pts=2745, total=2546420
[INFO] [1783989561.300054006] [laser_mapping]: publish_map: frame pts=2745, total=2549165
[INFO] [1783989561.480337730] [laser_mapping]: publish_map: frame pts=2745, total=2551910
[INFO] [1783989561.656361504] [laser_mapping]: publish_map: frame pts=2745, total=2554655
[INFO] [1783989561.817663981] [laser_mapping]: publish_map: frame pts=2745, total=2557400
[INFO] [1783989561.995354519] [laser_mapping]: publish_map: frame pts=2591, total=2560145
[INFO] [1783989562.168318713] [laser_mapping]: publish_map: frame pts=2591, total=2562736
[INFO] [1783989562.334501802] [laser_mapping]: publish_map: frame pts=2591, total=2565327
[INFO] [1783989562.505534750] [laser_mapping]: publish_map: frame pts=2591, total=2567918
[INFO] [1783989562.672697531] [laser_mapping]: publish_map: frame pts=2891, total=2570509
[INFO] [1783989562.834700039] [laser_mapping]: publish_map: frame pts=2891, total=2573400
[INFO] [1783989563.003467254] [laser_mapping]: publish_map: frame pts=2891, total=2576291
[INFO] [1783989563.174462458] [laser_mapping]: publish_map: frame pts=2891, total=2579182
[INFO] [1783989563.336546811] [laser_mapping]: publish_map: frame pts=2891, total=2582073
[INFO] [1783989563.477055105] [laser_mapping]: publish_map: frame pts=2711, total=2584964
[INFO] [1783989563.634161569] [laser_mapping]: publish_map: frame pts=2711, total=2587675
[INFO] [1783989563.793073050] [laser_mapping]: publish_map: frame pts=2711, total=2590386
[INFO] [1783989563.932460828] [laser_mapping]: publish_map: frame pts=2711, total=2593097
[INFO] [1783989564.103153773] [laser_mapping]: publish_map: frame pts=2711, total=2595808
[INFO] [1783989564.266377323] [laser_mapping]: publish_map: frame pts=2488, total=2598519
[INFO] [1783989564.424403100] [laser_mapping]: publish_map: frame pts=2488, total=2601007
[INFO] [1783989564.595644343] [laser_mapping]: publish_map: frame pts=2488, total=2603495
[INFO] [1783989564.754429987] [laser_mapping]: publish_map: frame pts=2488, total=2605983
[INFO] [1783989564.924270118] [laser_mapping]: publish_map: frame pts=2488, total=2608471
[INFO] [1783989565.093491226] [laser_mapping]: publish_map: frame pts=2817, total=2610959
[INFO] [1783989565.253912676] [laser_mapping]: publish_map: frame pts=2817, total=2613776
[INFO] [1783989565.415329903] [laser_mapping]: publish_map: frame pts=2817, total=2616593
[INFO] [1783989565.578895966] [laser_mapping]: publish_map: frame pts=2817, total=2619410
[INFO] [1783989565.741280747] [laser_mapping]: publish_map: frame pts=2817, total=2622227
[INFO] [1783989565.910042225] [laser_mapping]: publish_map: frame pts=2636, total=2625044
[INFO] [1783989566.084073316] [laser_mapping]: publish_map: frame pts=2636, total=2627680
[INFO] [1783989566.264686034] [laser_mapping]: publish_map: frame pts=2636, total=2630316
[INFO] [1783989566.443421922] [laser_mapping]: publish_map: frame pts=2636, total=2632952
[INFO] [1783989566.629410578] [laser_mapping]: publish_map: frame pts=2669, total=2635588
[INFO] [1783989566.792659286] [laser_mapping]: publish_map: frame pts=2669, total=2638257
[INFO] [1783989566.956195535] [laser_mapping]: publish_map: frame pts=2669, total=2640926
[INFO] [1783989567.119819439] [laser_mapping]: publish_map: frame pts=2669, total=2643595
[INFO] [1783989567.283521039] [laser_mapping]: publish_map: frame pts=2669, total=2646264
[INFO] [1783989567.442429819] [laser_mapping]: publish_map: frame pts=2917, total=2648933
[INFO] [1783989567.597956491] [laser_mapping]: publish_map: frame pts=2917, total=2651850
[INFO] [1783989567.754519898] [laser_mapping]: publish_map: frame pts=2917, total=2654767
[INFO] [1783989567.919129938] [laser_mapping]: publish_map: frame pts=2917, total=2657684
[INFO] [1783989568.085001989] [laser_mapping]: publish_map: frame pts=2917, total=2660601
[INFO] [1783989568.232470526] [laser_mapping]: publish_map: frame pts=2497, total=2663518
[INFO] [1783989568.376932858] [laser_mapping]: publish_map: frame pts=2497, total=2666015
[INFO] [1783989568.519758338] [laser_mapping]: publish_map: frame pts=2497, total=2668512
[INFO] [1783989568.661067912] [laser_mapping]: publish_map: frame pts=2497, total=2671009
[INFO] [1783989568.802174634] [laser_mapping]: publish_map: frame pts=2497, total=2673506
[INFO] [1783989568.942144590] [laser_mapping]: publish_map: frame pts=2795, total=2676003
[INFO] [1783989569.080909083] [laser_mapping]: publish_map: frame pts=2795, total=2678798
[INFO] [1783989569.219956514] [laser_mapping]: publish_map: frame pts=2795, total=2681593
[INFO] [1783989569.358482158] [laser_mapping]: publish_map: frame pts=2795, total=2684388
[INFO] [1783989569.493903273] [laser_mapping]: publish_map: frame pts=2747, total=2687183
[INFO] [1783989569.630626835] [laser_mapping]: publish_map: frame pts=2747, total=2689930
[INFO] [1783989569.769215371] [laser_mapping]: publish_map: frame pts=2747, total=2692677
[INFO] [1783989569.904414571] [laser_mapping]: publish_map: frame pts=2747, total=2695424
[INFO] [1783989570.038982270] [laser_mapping]: publish_map: frame pts=2747, total=2698171
[INFO] [1783989570.176610833] [laser_mapping]: publish_map: frame pts=2601, total=2700918
[INFO] [1783989570.314534028] [laser_mapping]: publish_map: frame pts=2601, total=2703519
[INFO] [1783989570.450074201] [laser_mapping]: publish_map: frame pts=2601, total=2706120
[INFO] [1783989570.583682519] [laser_mapping]: publish_map: frame pts=2601, total=2708721
[INFO] [1783989570.721129063] [laser_mapping]: publish_map: frame pts=2601, total=2711322
[INFO] [1783989570.856571208] [laser_mapping]: publish_map: frame pts=2892, total=2713923
[INFO] [1783989570.992011079] [laser_mapping]: publish_map: frame pts=2892, total=2716815
[INFO] [1783989571.130651122] [laser_mapping]: publish_map: frame pts=2892, total=2719707
[INFO] [1783989571.269318179] [laser_mapping]: publish_map: frame pts=2892, total=2722599
[INFO] [1783989571.407672589] [laser_mapping]: publish_map: frame pts=2713, total=2725491
[INFO] [1783989571.546200658] [laser_mapping]: publish_map: frame pts=2713, total=2728204
[INFO] [1783989571.683701684] [laser_mapping]: publish_map: frame pts=2713, total=2730917
[INFO] [1783989571.821769824] [laser_mapping]: publish_map: frame pts=2713, total=2733630
[INFO] [1783989571.958306009] [laser_mapping]: publish_map: frame pts=2713, total=2736343
[INFO] [1783989572.094864440] [laser_mapping]: publish_map: frame pts=2488, total=2739056
[INFO] [1783989572.233873070] [laser_mapping]: publish_map: frame pts=2488, total=2741544
[INFO] [1783989572.369000786] [laser_mapping]: publish_map: frame pts=2488, total=2744032
[INFO] [1783989572.503102977] [laser_mapping]: publish_map: frame pts=2488, total=2746520
[INFO] [1783989572.642985325] [laser_mapping]: publish_map: frame pts=2909, total=2749008
[INFO] [1783989572.779578704] [laser_mapping]: publish_map: frame pts=2909, total=2751917
[INFO] [1783989572.917979865] [laser_mapping]: publish_map: frame pts=2909, total=2754826
[INFO] [1783989573.056710867] [laser_mapping]: publish_map: frame pts=2909, total=2757735
[INFO] [1783989573.195100606] [laser_mapping]: publish_map: frame pts=2909, total=2760644
[INFO] [1783989573.334047246] [laser_mapping]: publish_map: frame pts=2636, total=2763553
[INFO] [1783989573.473266416] [laser_mapping]: publish_map: frame pts=2636, total=2766189
[INFO] [1783989573.612265337] [laser_mapping]: publish_map: frame pts=2636, total=2768825
[INFO] [1783989573.756750885] [laser_mapping]: publish_map: frame pts=2636, total=2771461
[INFO] [1783989573.898038257] [laser_mapping]: publish_map: frame pts=2636, total=2774097
[INFO] [1783989574.040018337] [laser_mapping]: publish_map: frame pts=2668, total=2776733
[INFO] [1783989574.180939463] [laser_mapping]: publish_map: frame pts=2668, total=2779401
[INFO] [1783989574.323128215] [laser_mapping]: publish_map: frame pts=2668, total=2782069
[INFO] [1783989574.462251064] [laser_mapping]: publish_map: frame pts=2668, total=2784737
[INFO] [1783989574.600822828] [laser_mapping]: publish_map: frame pts=2829, total=2787405
[INFO] [1783989574.739347701] [laser_mapping]: publish_map: frame pts=2829, total=2790234
[INFO] [1783989574.878968174] [laser_mapping]: publish_map: frame pts=2829, total=2793063
[INFO] [1783989575.019096495] [laser_mapping]: publish_map: frame pts=2829, total=2795892
[INFO] [1783989575.160263832] [laser_mapping]: publish_map: frame pts=2829, total=2798721
[INFO] [1783989575.301097611] [laser_mapping]: publish_map: frame pts=2496, total=2801550
[INFO] [1783989575.447968688] [laser_mapping]: publish_map: frame pts=2496, total=2804046
[INFO] [1783989575.589829887] [laser_mapping]: publish_map: frame pts=2496, total=2806542
[INFO] [1783989575.728258988] [laser_mapping]: publish_map: frame pts=2496, total=2809038
[INFO] [1783989575.871439223] [laser_mapping]: publish_map: frame pts=2496, total=2811534
[INFO] [1783989576.011982375] [laser_mapping]: publish_map: frame pts=2853, total=2814030
[INFO] [1783989576.152528252] [laser_mapping]: publish_map: frame pts=2853, total=2816883
[INFO] [1783989576.330718732] [laser_mapping]: publish_map: frame pts=2853, total=2819736
[INFO] [1783989576.508645914] [laser_mapping]: publish_map: frame pts=2853, total=2822589
[INFO] [1783989576.625152791] [laser_mapping]: publish_map: frame pts=2750, total=2825442
[INFO] [1783989576.770143823] [laser_mapping]: publish_map: frame pts=2750, total=2828192
[INFO] [1783989576.956621234] [laser_mapping]: publish_map: frame pts=2750, total=2830942
[INFO] [1783989577.145691249] [laser_mapping]: publish_map: frame pts=2750, total=2833692
[INFO] [1783989577.324744740] [laser_mapping]: publish_map: frame pts=2750, total=2836442
[INFO] [1783989577.516903238] [laser_mapping]: publish_map: frame pts=2564, total=2839192
[INFO] [1783989577.701584829] [laser_mapping]: publish_map: frame pts=2564, total=2841756
[INFO] [1783989577.885996307] [laser_mapping]: publish_map: frame pts=2564, total=2844320
[INFO] [1783989578.076381869] [laser_mapping]: publish_map: frame pts=2564, total=2846884
[INFO] [1783989578.264840967] [laser_mapping]: publish_map: frame pts=2564, total=2849448
[INFO] [1783989578.455162416] [laser_mapping]: publish_map: frame pts=2774, total=2852012
[INFO] [1783989578.652051279] [laser_mapping]: publish_map: frame pts=2774, total=2854786
[INFO] [1783989578.842201546] [laser_mapping]: publish_map: frame pts=2774, total=2857560
[INFO] [1783989579.027498238] [laser_mapping]: publish_map: frame pts=2774, total=2860334
[INFO] [1783989579.210871009] [laser_mapping]: publish_map: frame pts=2774, total=2863108
[INFO] [1783989579.393199293] [laser_mapping]: publish_map: frame pts=2715, total=2865882
[INFO] [1783989579.576597073] [laser_mapping]: publish_map: frame pts=2715, total=2868597
[INFO] [1783989579.756933123] [laser_mapping]: publish_map: frame pts=2715, total=2871312
[INFO] [1783989579.942996566] [laser_mapping]: publish_map: frame pts=2715, total=2874027
[INFO] [1783989580.128884645] [laser_mapping]: publish_map: frame pts=2715, total=2876742
[INFO] [1783989580.311135490] [laser_mapping]: publish_map: frame pts=2583, total=2879457
[INFO] [1783989580.488291560] [laser_mapping]: publish_map: frame pts=2583, total=2882040
[INFO] [1783989580.673710125] [laser_mapping]: publish_map: frame pts=2583, total=2884623
[INFO] [1783989580.850644400] [laser_mapping]: publish_map: frame pts=2583, total=2887206
[INFO] [1783989581.038307853] [laser_mapping]: publish_map: frame pts=2583, total=2889789
[INFO] [1783989581.230567744] [laser_mapping]: publish_map: frame pts=2906, total=2892372
[INFO] [1783989581.418080546] [laser_mapping]: publish_map: frame pts=2906, total=2895278
[INFO] [1783989581.601930252] [laser_mapping]: publish_map: frame pts=2906, total=2898184
[INFO] [1783989581.778386502] [laser_mapping]: publish_map: frame pts=2906, total=2901090
[INFO] [1783989581.968611817] [laser_mapping]: publish_map: frame pts=2906, total=2903996
[INFO] [1783989582.152738768] [laser_mapping]: publish_map: frame pts=2523, total=2906902
[INFO] [1783989582.332984865] [laser_mapping]: publish_map: frame pts=2523, total=2909425
[INFO] [1783989582.515873678] [laser_mapping]: publish_map: frame pts=2523, total=2911948
[INFO] [1783989582.696505992] [laser_mapping]: publish_map: frame pts=2523, total=2914471
[INFO] [1783989582.875393277] [laser_mapping]: publish_map: frame pts=2523, total=2916994
[INFO] [1783989583.062816682] [laser_mapping]: publish_map: frame pts=2668, total=2919517
[INFO] [1783989583.253263630] [laser_mapping]: publish_map: frame pts=2668, total=2922185
[INFO] [1783989583.438622404] [laser_mapping]: publish_map: frame pts=2668, total=2924853
[INFO] [1783989583.621429336] [laser_mapping]: publish_map: frame pts=2668, total=2927521
[INFO] [1783989583.798442047] [laser_mapping]: publish_map: frame pts=2668, total=2930189
[INFO] [1783989583.985319544] [laser_mapping]: publish_map: frame pts=2806, total=2932857
[INFO] [1783989584.174405345] [laser_mapping]: publish_map: frame pts=2806, total=2935663
[INFO] [1783989584.351811538] [laser_mapping]: publish_map: frame pts=2806, total=2938469
[INFO] [1783989584.522513111] [laser_mapping]: publish_map: frame pts=2806, total=2941275
[INFO] [1783989584.700315881] [laser_mapping]: publish_map: frame pts=2806, total=2944081
[INFO] [1783989584.885305411] [laser_mapping]: publish_map: frame pts=2614, total=2946887
[INFO] [1783989585.080046955] [laser_mapping]: publish_map: frame pts=2614, total=2949501
[INFO] [1783989585.264366549] [laser_mapping]: publish_map: frame pts=2614, total=2952115
[INFO] [1783989585.446716763] [laser_mapping]: publish_map: frame pts=2614, total=2954729
[INFO] [1783989585.631878792] [laser_mapping]: publish_map: frame pts=2846, total=2957343
[INFO] [1783989585.814481506] [laser_mapping]: publish_map: frame pts=2846, total=2960189
[INFO] [1783989586.000469924] [laser_mapping]: publish_map: frame pts=2846, total=2963035
[INFO] [1783989586.189479045] [laser_mapping]: publish_map: frame pts=2846, total=2965881
[INFO] [1783989586.375074347] [laser_mapping]: publish_map: frame pts=2846, total=2968727
[INFO] [1783989586.556056900] [laser_mapping]: publish_map: frame pts=2754, total=2971573
[INFO] [1783989586.740438629] [laser_mapping]: publish_map: frame pts=2754, total=2974327
[INFO] [1783989586.926100837] [laser_mapping]: publish_map: frame pts=2754, total=2977081
[INFO] [1783989587.111607943] [laser_mapping]: publish_map: frame pts=2754, total=2979835
[INFO] [1783989587.288772054] [laser_mapping]: publish_map: frame pts=2754, total=2982589
[INFO] [1783989587.465813286] [laser_mapping]: publish_map: frame pts=2488, total=2985343
[INFO] [1783989587.644847047] [laser_mapping]: publish_map: frame pts=2488, total=2987831
[INFO] [1783989587.822007452] [laser_mapping]: publish_map: frame pts=2488, total=2990319
[INFO] [1783989588.007388260] [laser_mapping]: publish_map: frame pts=2488, total=2992807
[INFO] [1783989588.195954759] [laser_mapping]: publish_map: frame pts=2488, total=2995295
[INFO] [1783989588.376866550] [laser_mapping]: publish_map: frame pts=2845, total=2997783
[INFO] [1783989588.557064594] [laser_mapping]: publish_map: frame pts=2845, total=3000628
[INFO] [1783989588.734375176] [laser_mapping]: publish_map: frame pts=2845, total=3003473
[INFO] [1783989588.915521451] [laser_mapping]: publish_map: frame pts=2845, total=3006318
[INFO] [1783989589.103952147] [laser_mapping]: publish_map: frame pts=2845, total=3009163
[INFO] [1783989589.290198035] [laser_mapping]: publish_map: frame pts=2718, total=3012008
[INFO] [1783989589.456496397] [laser_mapping]: publish_map: frame pts=2718, total=3014726
[INFO] [1783989589.616588888] [laser_mapping]: publish_map: frame pts=2718, total=3017444
[INFO] [1783989589.793310391] [laser_mapping]: publish_map: frame pts=2718, total=3020162
[INFO] [1783989589.984005788] [laser_mapping]: publish_map: frame pts=2718, total=3022880
[INFO] [1783989590.180092436] [laser_mapping]: publish_map: frame pts=2603, total=3025598
[INFO] [1783989590.372805420] [laser_mapping]: publish_map: frame pts=2603, total=3028201
[INFO] [1783989590.563222898] [laser_mapping]: publish_map: frame pts=2603, total=3030804
[INFO] [1783989590.749418152] [laser_mapping]: publish_map: frame pts=2603, total=3033407
[INFO] [1783989590.937616164] [laser_mapping]: publish_map: frame pts=2603, total=3036010
[INFO] [1783989591.129277511] [laser_mapping]: publish_map: frame pts=2906, total=3038613
[INFO] [1783989591.314225401] [laser_mapping]: publish_map: frame pts=2906, total=3041519
[INFO] [1783989591.497955378] [laser_mapping]: publish_map: frame pts=2906, total=3044425
[INFO] [1783989591.685890972] [laser_mapping]: publish_map: frame pts=2906, total=3047331
[INFO] [1783989591.874535142] [laser_mapping]: publish_map: frame pts=2906, total=3050237
[INFO] [1783989592.072482724] [laser_mapping]: publish_map: frame pts=2523, total=3053143
[INFO] [1783989592.260476952] [laser_mapping]: publish_map: frame pts=2523, total=3055666
[INFO] [1783989592.452693515] [laser_mapping]: publish_map: frame pts=2523, total=3058189
[INFO] [1783989592.647254959] [laser_mapping]: publish_map: frame pts=2523, total=3060712
[INFO] [1783989592.841393904] [laser_mapping]: publish_map: frame pts=2523, total=3063235
[INFO] [1783989593.035818475] [laser_mapping]: publish_map: frame pts=2668, total=3065758
[INFO] [1783989593.227318399] [laser_mapping]: publish_map: frame pts=2668, total=3068426
[INFO] [1783989593.421006233] [laser_mapping]: publish_map: frame pts=2668, total=3071094
[INFO] [1783989593.608003753] [laser_mapping]: publish_map: frame pts=2668, total=3073762
[INFO] [1783989593.802177768] [laser_mapping]: publish_map: frame pts=2668, total=3076430
[INFO] [1783989593.997078110] [laser_mapping]: publish_map: frame pts=2917, total=3079098
[INFO] [1783989594.191211781] [laser_mapping]: publish_map: frame pts=2917, total=3082015
[INFO] [1783989594.387426522] [laser_mapping]: publish_map: frame pts=2917, total=3084932
[INFO] [1783989594.577458049] [laser_mapping]: publish_map: frame pts=2917, total=3087849
[INFO] [1783989594.766059967] [laser_mapping]: publish_map: frame pts=2917, total=3090766
[INFO] [1783989594.965543801] [laser_mapping]: publish_map: frame pts=2615, total=3093683
[INFO] [1783989595.171749926] [laser_mapping]: publish_map: frame pts=2615, total=3096298
[INFO] [1783989595.343238486] [laser_mapping]: publish_map: frame pts=2615, total=3098913
[INFO] [1783989595.506587361] [laser_mapping]: publish_map: frame pts=2615, total=3101528
[INFO] [1783989595.670079681] [laser_mapping]: publish_map: frame pts=2845, total=3104143
[INFO] [1783989595.836136104] [laser_mapping]: publish_map: frame pts=2845, total=3106988
[INFO] [1783989595.996818193] [laser_mapping]: publish_map: frame pts=2845, total=3109833
[INFO] [1783989596.159265855] [laser_mapping]: publish_map: frame pts=2845, total=3112678
[INFO] [1783989596.320209236] [laser_mapping]: publish_map: frame pts=2845, total=3115523
[INFO] [1783989596.477039129] [laser_mapping]: publish_map: frame pts=2756, total=3118368
[INFO] [1783989596.630193268] [laser_mapping]: publish_map: frame pts=2756, total=3121124
[INFO] [1783989596.787173880] [laser_mapping]: publish_map: frame pts=2756, total=3123880
[INFO] [1783989596.946021988] [laser_mapping]: publish_map: frame pts=2756, total=3126636
[INFO] [1783989597.105805701] [laser_mapping]: publish_map: frame pts=2756, total=3129392
[INFO] [1783989597.266974276] [laser_mapping]: publish_map: frame pts=2488, total=3132148
[INFO] [1783989597.424492317] [laser_mapping]: publish_map: frame pts=2488, total=3134636
[INFO] [1783989597.578484521] [laser_mapping]: publish_map: frame pts=2488, total=3137124
[INFO] [1783989597.733990555] [laser_mapping]: publish_map: frame pts=2488, total=3139612
[INFO] [1783989597.891198865] [laser_mapping]: publish_map: frame pts=2488, total=3142100
[INFO] [1783989598.098388082] [laser_mapping]: publish_map: frame pts=2891, total=3144588
[INFO] [1783989598.267722864] [laser_mapping]: publish_map: frame pts=2891, total=3147479
[INFO] [1783989598.422032710] [laser_mapping]: publish_map: frame pts=2891, total=3150370
[INFO] [1783989598.572963155] [laser_mapping]: publish_map: frame pts=2891, total=3153261
[INFO] [1783989598.722706715] [laser_mapping]: publish_map: frame pts=2891, total=3156152
[INFO] [1783989598.876006680] [laser_mapping]: publish_map: frame pts=2718, total=3159043
[INFO] [1783989599.031604147] [laser_mapping]: publish_map: frame pts=2718, total=3161761
[INFO] [1783989599.185668723] [laser_mapping]: publish_map: frame pts=2718, total=3164479
[INFO] [1783989599.339256995] [laser_mapping]: publish_map: frame pts=2718, total=3167197
[INFO] [1783989599.492425719] [laser_mapping]: publish_map: frame pts=2602, total=3169915
[INFO] [1783989599.653043679] [laser_mapping]: publish_map: frame pts=2602, total=3172517
[INFO] [1783989599.807387194] [laser_mapping]: publish_map: frame pts=2602, total=3175119
[INFO] [1783989599.962039657] [laser_mapping]: publish_map: frame pts=2602, total=3177721
[INFO] [1783989600.119272443] [laser_mapping]: publish_map: frame pts=2602, total=3180323
[INFO] [1783989600.274879150] [laser_mapping]: publish_map: frame pts=2821, total=3182925
[INFO] [1783989600.432251578] [laser_mapping]: publish_map: frame pts=2821, total=3185746
[INFO] [1783989600.587063126] [laser_mapping]: publish_map: frame pts=2821, total=3188567
[INFO] [1783989600.742683275] [laser_mapping]: publish_map: frame pts=2821, total=3191388
[INFO] [1783989600.896915195] [laser_mapping]: publish_map: frame pts=2821, total=3194209
[INFO] [1783989601.058964806] [laser_mapping]: publish_map: frame pts=2523, total=3197030
[INFO] [1783989601.218914756] [laser_mapping]: publish_map: frame pts=2523, total=3199553
[INFO] [1783989601.449657906] [laser_mapping]: publish_map: frame pts=2523, total=3202076
[INFO] [1783989601.607908755] [laser_mapping]: publish_map: frame pts=2523, total=3204599
[INFO] [1783989601.767567982] [laser_mapping]: publish_map: frame pts=2523, total=3207122
[INFO] [1783989601.927500294] [laser_mapping]: publish_map: frame pts=2668, total=3209645
[INFO] [1783989602.087016016] [laser_mapping]: publish_map: frame pts=2668, total=3212313
[INFO] [1783989602.249919830] [laser_mapping]: publish_map: frame pts=2668, total=3214981
[INFO] [1783989602.415152763] [laser_mapping]: publish_map: frame pts=2668, total=3217649
[INFO] [1783989602.575403904] [laser_mapping]: publish_map: frame pts=2915, total=3220317
[INFO] [1783989602.731564385] [laser_mapping]: publish_map: frame pts=2915, total=3223232
[INFO] [1783989602.888902729] [laser_mapping]: publish_map: frame pts=2915, total=3226147
[INFO] [1783989603.050195647] [laser_mapping]: publish_map: frame pts=2915, total=3229062
[INFO] [1783989603.210632432] [laser_mapping]: publish_map: frame pts=2915, total=3231977
[INFO] [1783989603.369389321] [laser_mapping]: publish_map: frame pts=2601, total=3234892
[INFO] [1783989603.528299728] [laser_mapping]: publish_map: frame pts=2601, total=3237493
[INFO] [1783989603.687076117] [laser_mapping]: publish_map: frame pts=2601, total=3240094
[INFO] [1783989603.845168695] [laser_mapping]: publish_map: frame pts=2601, total=3242695
[INFO] [1783989604.003740013] [laser_mapping]: publish_map: frame pts=2601, total=3245296
[INFO] [1783989604.163162520] [laser_mapping]: publish_map: frame pts=2718, total=3247897
[INFO] [1783989604.321072969] [laser_mapping]: publish_map: frame pts=2718, total=3250615
[INFO] [1783989604.479232276] [laser_mapping]: publish_map: frame pts=2718, total=3253333
[INFO] [1783989604.640030321] [laser_mapping]: publish_map: frame pts=2718, total=3256051
[INFO] [1783989604.799486304] [laser_mapping]: publish_map: frame pts=2718, total=3258769
[INFO] [1783989604.960435220] [laser_mapping]: publish_map: frame pts=2766, total=3261487
[INFO] [1783989605.123155459] [laser_mapping]: publish_map: frame pts=2766, total=3264253
[INFO] [1783989605.281932095] [laser_mapping]: publish_map: frame pts=2766, total=3267019
[INFO] [1783989605.444448941] [laser_mapping]: publish_map: frame pts=2766, total=3269785
[INFO] [1783989605.604537944] [laser_mapping]: publish_map: frame pts=2484, total=3272551
[INFO] [1783989605.765704277] [laser_mapping]: publish_map: frame pts=2484, total=3275035
[INFO] [1783989605.924785736] [laser_mapping]: publish_map: frame pts=2484, total=3277519
[INFO] [1783989606.083406243] [laser_mapping]: publish_map: frame pts=2484, total=3280003
[INFO] [1783989606.243272418] [laser_mapping]: publish_map: frame pts=2484, total=3282487
[INFO] [1783989606.405347045] [laser_mapping]: publish_map: frame pts=2888, total=3284971
[INFO] [1783989606.563749600] [laser_mapping]: publish_map: frame pts=2888, total=3287859
[INFO] [1783989606.723323523] [laser_mapping]: publish_map: frame pts=2888, total=3290747
[INFO] [1783989606.884217426] [laser_mapping]: publish_map: frame pts=2888, total=3293635
[INFO] [1783989607.046496353] [laser_mapping]: publish_map: frame pts=2888, total=3296523
[INFO] [1783989607.278330340] [laser_mapping]: publish_map: frame pts=2718, total=3299411
[INFO] [1783989607.501252559] [laser_mapping]: publish_map: frame pts=2718, total=3302129
[INFO] [1783989607.667215329] [laser_mapping]: publish_map: frame pts=2718, total=3304847
[INFO] [1783989607.835385931] [laser_mapping]: publish_map: frame pts=2718, total=3307565
[INFO] [1783989608.048347201] [laser_mapping]: publish_map: frame pts=2718, total=3310283
[INFO] [1783989608.264388092] [laser_mapping]: publish_map: frame pts=2573, total=3313001
[INFO] [1783989608.482372241] [laser_mapping]: publish_map: frame pts=2573, total=3315574
[INFO] [1783989608.699659170] [laser_mapping]: publish_map: frame pts=2573, total=3318147
[INFO] [1783989608.912187941] [laser_mapping]: publish_map: frame pts=2573, total=3320720
[INFO] [1783989609.120808359] [laser_mapping]: publish_map: frame pts=2573, total=3323293
[INFO] [1783989609.326186995] [laser_mapping]: publish_map: frame pts=2790, total=3325866
[INFO] [1783989609.541747889] [laser_mapping]: publish_map: frame pts=2790, total=3328656
[INFO] [1783989609.709274309] [laser_mapping]: publish_map: frame pts=2790, total=3331446
[INFO] [1783989609.883260244] [laser_mapping]: publish_map: frame pts=2790, total=3334236
[INFO] [1783989610.057250253] [laser_mapping]: publish_map: frame pts=2790, total=3337026
[INFO] [1783989610.290208322] [laser_mapping]: publish_map: frame pts=2523, total=3339816
[INFO] [1783989610.521077107] [laser_mapping]: publish_map: frame pts=2523, total=3342339
[INFO] [1783989610.773540019] [laser_mapping]: publish_map: frame pts=2523, total=3344862
[INFO] [1783989611.021819031] [laser_mapping]: publish_map: frame pts=2523, total=3347385
[INFO] [1783989611.264303991] [laser_mapping]: publish_map: frame pts=2523, total=3349908
[INFO] [1783989611.503030535] [laser_mapping]: publish_map: frame pts=2667, total=3352431
[INFO] [1783989611.714885698] [laser_mapping]: publish_map: frame pts=2667, total=3355098
[INFO] [1783989611.944846441] [laser_mapping]: publish_map: frame pts=2667, total=3357765
[INFO] [1783989612.183360813] [laser_mapping]: publish_map: frame pts=2667, total=3360432
[INFO] [1783989612.411783309] [laser_mapping]: publish_map: frame pts=2667, total=3363099
[INFO] [1783989612.629053818] [laser_mapping]: publish_map: frame pts=2914, total=3365766
[INFO] [1783989612.845781065] [laser_mapping]: publish_map: frame pts=2914, total=3368680
[INFO] [1783989613.075676094] [laser_mapping]: publish_map: frame pts=2914, total=3371594
[INFO] [1783989613.295529630] [laser_mapping]: publish_map: frame pts=2914, total=3374508
[INFO] [1783989613.509679973] [laser_mapping]: publish_map: frame pts=2914, total=3377422
[INFO] [1783989613.727203447] [laser_mapping]: publish_map: frame pts=2914, total=3380336
[INFO] [1783989613.945158801] [laser_mapping]: publish_map: frame pts=2615, total=3383250
[INFO] [1783989614.162230320] [laser_mapping]: publish_map: frame pts=2615, total=3385865
[INFO] [1783989614.374281680] [laser_mapping]: publish_map: frame pts=2615, total=3388480
[INFO] [1783989614.566523726] [laser_mapping]: publish_map: frame pts=2615, total=3391095
[INFO] [1783989614.756682324] [laser_mapping]: publish_map: frame pts=2615, total=3393710
[INFO] [1783989614.943507565] [laser_mapping]: publish_map: frame pts=2713, total=3396325
[INFO] [1783989615.127446767] [laser_mapping]: publish_map: frame pts=2713, total=3399038
[INFO] [1783989615.327445143] [laser_mapping]: publish_map: frame pts=2713, total=3401751
[INFO] [1783989615.535339006] [laser_mapping]: publish_map: frame pts=2713, total=3404464
[INFO] [1783989615.756935017] [laser_mapping]: publish_map: frame pts=2713, total=3407177
[INFO] [1783989615.987322614] [laser_mapping]: publish_map: frame pts=2764, total=3409890
[INFO] [1783989616.207374159] [laser_mapping]: publish_map: frame pts=2764, total=3412654
[INFO] [1783989616.422112637] [laser_mapping]: publish_map: frame pts=2764, total=3415418
[INFO] [1783989616.633900397] [laser_mapping]: publish_map: frame pts=2764, total=3418182
[INFO] [1783989616.848022537] [laser_mapping]: publish_map: frame pts=2764, total=3420946
[INFO] [1783989617.068198305] [laser_mapping]: publish_map: frame pts=2603, total=3423710
[INFO] [1783989617.278471916] [laser_mapping]: publish_map: frame pts=2603, total=3426313
[INFO] [1783989617.481090995] [laser_mapping]: publish_map: frame pts=2603, total=3428916
[INFO] [1783989617.687901350] [laser_mapping]: publish_map: frame pts=2603, total=3431519
[INFO] [1783989617.892314933] [laser_mapping]: publish_map: frame pts=2603, total=3434122
[INFO] [1783989618.101643816] [laser_mapping]: publish_map: frame pts=2881, total=3436725
[INFO] [1783989618.314095019] [laser_mapping]: publish_map: frame pts=2881, total=3439606
[INFO] [1783989618.521578934] [laser_mapping]: publish_map: frame pts=2881, total=3442487
[INFO] [1783989618.708379806] [laser_mapping]: publish_map: frame pts=2881, total=3445368
[INFO] [1783989618.893312099] [laser_mapping]: publish_map: frame pts=2881, total=3448249
[INFO] [1783989619.077497501] [laser_mapping]: publish_map: frame pts=2721, total=3451130
[INFO] [1783989619.263392216] [laser_mapping]: publish_map: frame pts=2721, total=3453851
[INFO] [1783989619.475090753] [laser_mapping]: publish_map: frame pts=2721, total=3456572
[INFO] [1783989619.689586764] [laser_mapping]: publish_map: frame pts=2721, total=3459293
[INFO] [1783989619.899871190] [laser_mapping]: publish_map: frame pts=2721, total=3462014
[INFO] [1783989620.122414015] [laser_mapping]: publish_map: frame pts=2494, total=3464735
[INFO] [1783989620.308066954] [laser_mapping]: publish_map: frame pts=2494, total=3467229
[INFO] [1783989620.509333137] [laser_mapping]: publish_map: frame pts=2494, total=3469723
[INFO] [1783989620.713534113] [laser_mapping]: publish_map: frame pts=2494, total=3472217
[INFO] [1783989620.927416040] [laser_mapping]: publish_map: frame pts=2494, total=3474711
[INFO] [1783989621.144997556] [laser_mapping]: publish_map: frame pts=2775, total=3477205
[INFO] [1783989621.352608949] [laser_mapping]: publish_map: frame pts=2775, total=3479980
[INFO] [1783989621.562609676] [laser_mapping]: publish_map: frame pts=2775, total=3482755
[INFO] [1783989621.769955141] [laser_mapping]: publish_map: frame pts=2775, total=3485530
[INFO] [1783989621.985556085] [laser_mapping]: publish_map: frame pts=2775, total=3488305
[INFO] [1783989622.201760138] [laser_mapping]: publish_map: frame pts=2536, total=3491080
[INFO] [1783989622.411558207] [laser_mapping]: publish_map: frame pts=2536, total=3493616
[INFO] [1783989622.624914742] [laser_mapping]: publish_map: frame pts=2536, total=3496152
[INFO] [1783989622.807334824] [laser_mapping]: publish_map: frame pts=2536, total=3498688
[INFO] [1783989622.981918227] [laser_mapping]: publish_map: frame pts=2536, total=3501224
[INFO] [1783989623.160179590] [laser_mapping]: publish_map: frame pts=2668, total=3503760
[INFO] [1783989623.337612042] [laser_mapping]: publish_map: frame pts=2668, total=3506428
[INFO] [1783989623.513439248] [laser_mapping]: publish_map: frame pts=2668, total=3509096
[INFO] [1783989623.685332695] [laser_mapping]: publish_map: frame pts=2668, total=3511764
[INFO] [1783989623.857845200] [laser_mapping]: publish_map: frame pts=2668, total=3514432
[INFO] [1783989624.034087079] [laser_mapping]: publish_map: frame pts=2900, total=3517100
[INFO] [1783989624.204854357] [laser_mapping]: publish_map: frame pts=2900, total=3520000
[INFO] [1783989624.377221633] [laser_mapping]: publish_map: frame pts=2900, total=3522900
[INFO] [1783989624.549451738] [laser_mapping]: publish_map: frame pts=2900, total=3525800
[INFO] [1783989624.721903805] [laser_mapping]: publish_map: frame pts=2900, total=3528700
[INFO] [1783989624.895654526] [laser_mapping]: publish_map: frame pts=2641, total=3531600
[INFO] [1783989625.069668604] [laser_mapping]: publish_map: frame pts=2641, total=3534241
[INFO] [1783989625.242521000] [laser_mapping]: publish_map: frame pts=2641, total=3536882
[INFO] [1783989625.416387004] [laser_mapping]: publish_map: frame pts=2641, total=3539523
[INFO] [1783989625.586482951] [laser_mapping]: publish_map: frame pts=2704, total=3542164
[INFO] [1783989625.754593827] [laser_mapping]: publish_map: frame pts=2704, total=3544868
[INFO] [1783989625.925681342] [laser_mapping]: publish_map: frame pts=2704, total=3547572
[INFO] [1783989626.099327947] [laser_mapping]: publish_map: frame pts=2704, total=3550276
[INFO] [1783989626.320267106] [laser_mapping]: publish_map: frame pts=2704, total=3552980
[INFO] [1783989626.540882617] [laser_mapping]: publish_map: frame pts=2757, total=3555684
[INFO] [1783989626.756390656] [laser_mapping]: publish_map: frame pts=2757, total=3558441
[INFO] [1783989626.993140087] [laser_mapping]: publish_map: frame pts=2757, total=3561198
[INFO] [1783989627.314691321] [laser_mapping]: publish_map: frame pts=2757, total=3563955
[INFO] [1783989627.547797713] [laser_mapping]: publish_map: frame pts=2757, total=3566712
[INFO] [1783989627.775495893] [laser_mapping]: publish_map: frame pts=2757, total=3569469
[INFO] [1783989627.953436987] [laser_mapping]: publish_map: frame pts=2527, total=3572226
[INFO] [1783989628.127118333] [laser_mapping]: publish_map: frame pts=2527, total=3574753
[INFO] [1783989628.301262789] [laser_mapping]: publish_map: frame pts=2527, total=3577280
[INFO] [1783989628.528698370] [laser_mapping]: publish_map: frame pts=2527, total=3579807
[INFO] [1783989628.764965727] [laser_mapping]: publish_map: frame pts=2527, total=3582334
[INFO] [1783989629.006102492] [laser_mapping]: publish_map: frame pts=2872, total=3584861
[INFO] [1783989629.224610979] [laser_mapping]: publish_map: frame pts=2872, total=3587733
[INFO] [1783989629.441263030] [laser_mapping]: publish_map: frame pts=2872, total=3590605
[INFO] [1783989629.661743699] [laser_mapping]: publish_map: frame pts=2872, total=3593477
[INFO] [1783989629.842551346] [laser_mapping]: publish_map: frame pts=2872, total=3596349
[INFO] [1783989630.021244096] [laser_mapping]: publish_map: frame pts=2723, total=3599221
[INFO] [1783989630.198556353] [laser_mapping]: publish_map: frame pts=2723, total=3601944
[INFO] [1783989630.375677961] [laser_mapping]: publish_map: frame pts=2723, total=3604667
[INFO] [1783989630.555194608] [laser_mapping]: publish_map: frame pts=2723, total=3607390
[INFO] [1783989630.730693138] [laser_mapping]: publish_map: frame pts=2723, total=3610113
[INFO] [1783989630.950028886] [laser_mapping]: publish_map: frame pts=2499, total=3612836
[INFO] [1783989631.168743837] [laser_mapping]: publish_map: frame pts=2499, total=3615335
[INFO] [1783989631.381547646] [laser_mapping]: publish_map: frame pts=2499, total=3617834
[INFO] [1783989631.603102756] [laser_mapping]: publish_map: frame pts=2499, total=3620333
[INFO] [1783989631.825554474] [laser_mapping]: publish_map: frame pts=2499, total=3622832
[INFO] [1783989632.050273537] [laser_mapping]: publish_map: frame pts=2765, total=3625331
[INFO] [1783989632.276825431] [laser_mapping]: publish_map: frame pts=2765, total=3628096
[INFO] [1783989632.503231260] [laser_mapping]: publish_map: frame pts=2765, total=3630861
[INFO] [1783989632.695032069] [laser_mapping]: publish_map: frame pts=2765, total=3633626
[INFO] [1783989632.921524775] [laser_mapping]: publish_map: frame pts=2765, total=3636391
[INFO] [1783989633.154782039] [laser_mapping]: publish_map: frame pts=2646, total=3639156
[INFO] [1783989633.370732080] [laser_mapping]: publish_map: frame pts=2646, total=3641802
[INFO] [1783989633.588007267] [laser_mapping]: publish_map: frame pts=2646, total=3644448
[INFO] [1783989633.802252057] [laser_mapping]: publish_map: frame pts=2646, total=3647094
[INFO] [1783989634.026724312] [laser_mapping]: publish_map: frame pts=2646, total=3649740
[INFO] [1783989634.253328015] [laser_mapping]: publish_map: frame pts=2669, total=3652386
[INFO] [1783989634.441264043] [laser_mapping]: publish_map: frame pts=2669, total=3655055
[INFO] [1783989634.656820399] [laser_mapping]: publish_map: frame pts=2669, total=3657724
[INFO] [1783989634.874187939] [laser_mapping]: publish_map: frame pts=2669, total=3660393
[INFO] [1783989635.100193996] [laser_mapping]: publish_map: frame pts=2669, total=3663062
[INFO] [1783989635.337986045] [laser_mapping]: publish_map: frame pts=2898, total=3665731
[INFO] [1783989635.567852031] [laser_mapping]: publish_map: frame pts=2898, total=3668629
[INFO] [1783989635.797444697] [laser_mapping]: publish_map: frame pts=2898, total=3671527
[INFO] [1783989636.035045092] [laser_mapping]: publish_map: frame pts=2898, total=3674425
[INFO] [1783989636.258702278] [laser_mapping]: publish_map: frame pts=2898, total=3677323
[INFO] [1783989636.474803454] [laser_mapping]: publish_map: frame pts=2635, total=3680221
[INFO] [1783989636.688576667] [laser_mapping]: publish_map: frame pts=2635, total=3682856
[INFO] [1783989636.905326388] [laser_mapping]: publish_map: frame pts=2635, total=3685491
[INFO] [1783989637.126335903] [laser_mapping]: publish_map: frame pts=2635, total=3688126
[INFO] [1783989637.345247558] [laser_mapping]: publish_map: frame pts=2635, total=3690761
[INFO] [1783989637.560099197] [laser_mapping]: publish_map: frame pts=2704, total=3693396
[INFO] [1783989637.773170802] [laser_mapping]: publish_map: frame pts=2704, total=3696100
[INFO] [1783989637.990934521] [laser_mapping]: publish_map: frame pts=2704, total=3698804
[INFO] [1783989638.208645790] [laser_mapping]: publish_map: frame pts=2704, total=3701508
[INFO] [1783989638.421525101] [laser_mapping]: publish_map: frame pts=2704, total=3704212
[INFO] [1783989638.630741313] [laser_mapping]: publish_map: frame pts=2756, total=3706916
[INFO] [1783989638.842226932] [laser_mapping]: publish_map: frame pts=2756, total=3709672
[INFO] [1783989639.061744732] [laser_mapping]: publish_map: frame pts=2756, total=3712428
[INFO] [1783989639.282084435] [laser_mapping]: publish_map: frame pts=2756, total=3715184
[INFO] [1783989639.475438497] [laser_mapping]: publish_map: frame pts=2756, total=3717940
[INFO] [1783989639.662423020] [laser_mapping]: publish_map: frame pts=2609, total=3720696
[INFO] [1783989639.846450955] [laser_mapping]: publish_map: frame pts=2609, total=3723305
[INFO] [1783989640.034955150] [laser_mapping]: publish_map: frame pts=2609, total=3725914
[INFO] [1783989640.221857404] [laser_mapping]: publish_map: frame pts=2609, total=3728523
[INFO] [1783989640.407895197] [laser_mapping]: publish_map: frame pts=2609, total=3731132
[INFO] [1783989640.591639949] [laser_mapping]: publish_map: frame pts=2823, total=3733741
[INFO] [1783989640.775725110] [laser_mapping]: publish_map: frame pts=2823, total=3736564
[INFO] [1783989640.960772602] [laser_mapping]: publish_map: frame pts=2823, total=3739387
[INFO] [1783989641.144360844] [laser_mapping]: publish_map: frame pts=2823, total=3742210
[INFO] [1783989641.368244075] [laser_mapping]: publish_map: frame pts=2823, total=3745033
[INFO] [1783989641.606059381] [laser_mapping]: publish_map: frame pts=2723, total=3747856
[INFO] [1783989641.834513605] [laser_mapping]: publish_map: frame pts=2723, total=3750579
[INFO] [1783989642.069227477] [laser_mapping]: publish_map: frame pts=2723, total=3753302
[INFO] [1783989642.255942535] [laser_mapping]: publish_map: frame pts=2723, total=3756025
[INFO] [1783989642.438328504] [laser_mapping]: publish_map: frame pts=2723, total=3758748
[INFO] [1783989642.620539146] [laser_mapping]: publish_map: frame pts=2500, total=3761471
[INFO] [1783989642.798123736] [laser_mapping]: publish_map: frame pts=2500, total=3763971
[INFO] [1783989642.978670513] [laser_mapping]: publish_map: frame pts=2500, total=3766471
[INFO] [1783989643.161588473] [laser_mapping]: publish_map: frame pts=2500, total=3768971
[INFO] [1783989643.393141654] [laser_mapping]: publish_map: frame pts=2500, total=3771471
[INFO] [1783989643.632808105] [laser_mapping]: publish_map: frame pts=2888, total=3773971
[INFO] [1783989643.867605734] [laser_mapping]: publish_map: frame pts=2888, total=3776859
[INFO] [1783989644.114025020] [laser_mapping]: publish_map: frame pts=2888, total=3779747
[INFO] [1783989644.344830234] [laser_mapping]: publish_map: frame pts=2888, total=3782635
[INFO] [1783989644.582090570] [laser_mapping]: publish_map: frame pts=2888, total=3785523
[INFO] [1783989644.819001336] [laser_mapping]: publish_map: frame pts=2888, total=3788411
[INFO] [1783989645.071048293] [laser_mapping]: publish_map: frame pts=2671, total=3791299
[INFO] [1783989645.254195596] [laser_mapping]: publish_map: frame pts=2671, total=3793970
[INFO] [1783989645.433416938] [laser_mapping]: publish_map: frame pts=2671, total=3796641
[INFO] [1783989645.613249720] [laser_mapping]: publish_map: frame pts=2671, total=3799312
[INFO] [1783989645.845752325] [laser_mapping]: publish_map: frame pts=2671, total=3801983
[INFO] [1783989646.688157088] [laser_mapping]: publish_map: frame pts=2671, total=3804654
[INFO] [1783989647.688154093] [laser_mapping]: publish_map: frame pts=2671, total=3807325
[INFO] [1783989648.688141386] [laser_mapping]: publish_map: frame pts=2671, total=3809996
[INFO] [1783989649.688158580] [laser_mapping]: publish_map: frame pts=2671, total=3812667
[INFO] [1783989650.688153946] [laser_mapping]: publish_map: frame pts=2671, total=3815338
[INFO] [1783989651.688153563] [laser_mapping]: publish_map: frame pts=2671, total=3818009
[INFO] [1783989652.688150511] [laser_mapping]: publish_map: frame pts=2671, total=3820680
[INFO] [1783989653.688163994] [laser_mapping]: publish_map: frame pts=2671, total=3823351
[INFO] [1783989654.688164206] [laser_mapping]: publish_map: frame pts=2671, total=3826022
[INFO] [1783989655.688146306] [laser_mapping]: publish_map: frame pts=2671, total=3828693
[INFO] [1783989656.688149992] [laser_mapping]: publish_map: frame pts=2671, total=3831364
[INFO] [1783989657.688154050] [laser_mapping]: publish_map: frame pts=2671, total=3834035
[INFO] [1783989658.688147643] [laser_mapping]: publish_map: frame pts=2671, total=3836706
[INFO] [1783989659.688147587] [laser_mapping]: publish_map: frame pts=2671, total=3839377
[INFO] [1783989660.688152889] [laser_mapping]: publish_map: frame pts=2671, total=3842048
[INFO] [1783989661.688158098] [laser_mapping]: publish_map: frame pts=2671, total=3844719
[INFO] [1783989662.688159075] [laser_mapping]: publish_map: frame pts=2671, total=3847390
[INFO] [1783989663.688144914] [laser_mapping]: publish_map: frame pts=2671, total=3850061
[INFO] [1783989664.688155606] [laser_mapping]: publish_map: frame pts=2671, total=3852732
[INFO] [1783989665.688153986] [laser_mapping]: publish_map: frame pts=2671, total=3855403
[INFO] [1783989666.688142918] [laser_mapping]: publish_map: frame pts=2671, total=3858074
[INFO] [1783989667.688156920] [laser_mapping]: publish_map: frame pts=2671, total=3860745
[INFO] [1783989668.688151368] [laser_mapping]: publish_map: frame pts=2671, total=3863416
[INFO] [1783989669.688140148] [laser_mapping]: publish_map: frame pts=2671, total=3866087
[INFO] [1783989670.688216085] [laser_mapping]: publish_map: frame pts=2671, total=3868758
[INFO] [1783989671.688155252] [laser_mapping]: publish_map: frame pts=2671, total=3871429
[INFO] [1783989672.688147600] [laser_mapping]: publish_map: frame pts=2671, total=3874100
[INFO] [1783989673.688154245] [laser_mapping]: publish_map: frame pts=2671, total=3876771
[INFO] [1783989674.688156753] [laser_mapping]: publish_map: frame pts=2671, total=3879442
[INFO] [1783989675.688175865] [laser_mapping]: publish_map: frame pts=2671, total=3882113
[INFO] [1783989676.688159349] [laser_mapping]: publish_map: frame pts=2671, total=3884784
[INFO] [1783989677.688151995] [laser_mapping]: publish_map: frame pts=2671, total=3887455
[INFO] [1783989678.688156942] [laser_mapping]: publish_map: frame pts=2671, total=3890126
[INFO] [1783989679.688153315] [laser_mapping]: publish_map: frame pts=2671, total=3892797
[INFO] [1783989680.688148577] [laser_mapping]: publish_map: frame pts=2671, total=3895468
[INFO] [1783989681.688168173] [laser_mapping]: publish_map: frame pts=2671, total=3898139
[INFO] [1783989682.688170828] [laser_mapping]: publish_map: frame pts=2671, total=3900810
[INFO] [1783989683.688166701] [laser_mapping]: publish_map: frame pts=2671, total=3903481
[INFO] [1783989684.688140551] [laser_mapping]: publish_map: frame pts=2671, total=3906152
[INFO] [1783989685.688155301] [laser_mapping]: publish_map: frame pts=2671, total=3908823
[INFO] [1783989686.688140636] [laser_mapping]: publish_map: frame pts=2671, total=3911494
[INFO] [1783989687.688161205] [laser_mapping]: publish_map: frame pts=2671, total=3914165
[INFO] [1783989688.688141656] [laser_mapping]: publish_map: frame pts=2671, total=3916836
[INFO] [1783989689.688221011] [laser_mapping]: publish_map: frame pts=2671, total=3919507
[INFO] [1783989690.688165955] [laser_mapping]: publish_map: frame pts=2671, total=3922178
[INFO] [1783989691.688230040] [laser_mapping]: publish_map: frame pts=2671, total=3924849
[INFO] [1783989692.688162038] [laser_mapping]: publish_map: frame pts=2671, total=3927520
[INFO] [1783989693.688158518] [laser_mapping]: publish_map: frame pts=2671, total=3930191
[INFO] [1783989694.688244406] [laser_mapping]: publish_map: frame pts=2671, total=3932862
[INFO] [1783989695.688266468] [laser_mapping]: publish_map: frame pts=2671, total=3935533
[INFO] [1783989696.688152965] [laser_mapping]: publish_map: frame pts=2671, total=3938204
[INFO] [1783989697.688242136] [laser_mapping]: publish_map: frame pts=2671, total=3940875
[INFO] [1783989698.688147645] [laser_mapping]: publish_map: frame pts=2671, total=3943546
[INFO] [1783989699.688164631] [laser_mapping]: publish_map: frame pts=2671, total=3946217
[INFO] [1783989700.688273685] [laser_mapping]: publish_map: frame pts=2671, total=3948888
[INFO] [1783989701.688153973] [laser_mapping]: publish_map: frame pts=2671, total=3951559
[INFO] [1783989702.688153721] [laser_mapping]: publish_map: frame pts=2671, total=3954230
[INFO] [1783989703.688144623] [laser_mapping]: publish_map: frame pts=2671, total=3956901
[INFO] [1783989704.688140938] [laser_mapping]: publish_map: frame pts=2671, total=3959572
[INFO] [1783989705.688165201] [laser_mapping]: publish_map: frame pts=2671, total=3962243
[INFO] [1783989706.688149857] [laser_mapping]: publish_map: frame pts=2671, total=3964914
[INFO] [1783989707.688166946] [laser_mapping]: publish_map: frame pts=2671, total=3967585
[INFO] [1783989708.688153218] [laser_mapping]: publish_map: frame pts=2671, total=3970256
[INFO] [1783989709.688264710] [laser_mapping]: publish_map: frame pts=2671, total=3972927
[INFO] [1783989710.688138237] [laser_mapping]: publish_map: frame pts=2671, total=3975598
[INFO] [1783989711.688140866] [laser_mapping]: publish_map: frame pts=2671, total=3978269
[INFO] [1783989712.688153452] [laser_mapping]: publish_map: frame pts=2671, total=3980940
[INFO] [1783989713.688157524] [laser_mapping]: publish_map: frame pts=2671, total=3983611
[INFO] [1783989714.688151493] [laser_mapping]: publish_map: frame pts=2671, total=3986282
[INFO] [1783989715.688167183] [laser_mapping]: publish_map: frame pts=2671, total=3988953
[INFO] [1783989716.688161280] [laser_mapping]: publish_map: frame pts=2671, total=3991624
[INFO] [1783989717.688278182] [laser_mapping]: publish_map: frame pts=2671, total=3994295
[INFO] [1783989718.688236109] [laser_mapping]: publish_map: frame pts=2671, total=3996966
[INFO] [1783989719.688148408] [laser_mapping]: publish_map: frame pts=2671, total=3999637
[INFO] [1783989720.688167008] [laser_mapping]: publish_map: frame pts=2671, total=4002308
[INFO] [1783989721.688216417] [laser_mapping]: publish_map: frame pts=2671, total=4004979
[INFO] [1783989722.688162230] [laser_mapping]: publish_map: frame pts=2671, total=4007650
[INFO] [1783989723.688266882] [laser_mapping]: publish_map: frame pts=2671, total=4010321
[INFO] [1783989724.688273111] [laser_mapping]: publish_map: frame pts=2671, total=4012992
[INFO] [1783989725.688235395] [laser_mapping]: publish_map: frame pts=2671, total=4015663
[INFO] [1783989726.688272260] [laser_mapping]: publish_map: frame pts=2671, total=4018334
[INFO] [1783989727.688166787] [laser_mapping]: publish_map: frame pts=2671, total=4021005
[INFO] [1783989728.688155444] [laser_mapping]: publish_map: frame pts=2671, total=4023676
[INFO] [1783989729.688242254] [laser_mapping]: publish_map: frame pts=2671, total=4026347
[INFO] [1783989730.688148866] [laser_mapping]: publish_map: frame pts=2671, total=4029018
[INFO] [1783989731.688271430] [laser_mapping]: publish_map: frame pts=2671, total=4031689
[INFO] [1783989732.688280420] [laser_mapping]: publish_map: frame pts=2671, total=4034360
[INFO] [1783989733.688235070] [laser_mapping]: publish_map: frame pts=2671, total=4037031
[INFO] [1783989734.688148061] [laser_mapping]: publish_map: frame pts=2671, total=4039702
[INFO] [1783989735.688164246] [laser_mapping]: publish_map: frame pts=2671, total=4042373
[INFO] [1783989736.688150243] [laser_mapping]: publish_map: frame pts=2671, total=4045044
[INFO] [1783989737.688257436] [laser_mapping]: publish_map: frame pts=2671, total=4047715
[INFO] [1783989738.688165879] [laser_mapping]: publish_map: frame pts=2671, total=4050386
[INFO] [1783989739.688347103] [laser_mapping]: publish_map: frame pts=2671, total=4053057
[INFO] [1783989740.688159891] [laser_mapping]: publish_map: frame pts=2671, total=4055728
[INFO] [1783989741.688293510] [laser_mapping]: publish_map: frame pts=2671, total=4058399
[INFO] [1783989742.688149508] [laser_mapping]: publish_map: frame pts=2671, total=4061070
[INFO] [1783989743.688270418] [laser_mapping]: publish_map: frame pts=2671, total=4063741
[INFO] [1783989744.688150429] [laser_mapping]: publish_map: frame pts=2671, total=4066412
[INFO] [1783989745.688258731] [laser_mapping]: publish_map: frame pts=2671, total=4069083
[INFO] [1783989746.688230608] [laser_mapping]: publish_map: frame pts=2671, total=4071754
[INFO] [1783989747.688224722] [laser_mapping]: publish_map: frame pts=2671, total=4074425
[INFO] [1783989748.688149850] [laser_mapping]: publish_map: frame pts=2671, total=4077096
[INFO] [1783989749.688143116] [laser_mapping]: publish_map: frame pts=2671, total=4079767
[INFO] [1783989750.688143837] [laser_mapping]: publish_map: frame pts=2671, total=4082438
[INFO] [1783989751.688156381] [laser_mapping]: publish_map: frame pts=2671, total=4085109
[INFO] [1783989752.688147448] [laser_mapping]: publish_map: frame pts=2671, total=4087780
[INFO] [1783989753.688170086] [laser_mapping]: publish_map: frame pts=2671, total=4090451
[INFO] [1783989754.688270999] [laser_mapping]: publish_map: frame pts=2671, total=4093122
[INFO] [1783989755.688147306] [laser_mapping]: publish_map: frame pts=2671, total=4095793
[INFO] [1783989756.688293448] [laser_mapping]: publish_map: frame pts=2671, total=4098464
[INFO] [1783989757.688205480] [laser_mapping]: publish_map: frame pts=2671, total=4101135
[INFO] [1783989758.688161823] [laser_mapping]: publish_map: frame pts=2671, total=4103806
[INFO] [1783989759.688226028] [laser_mapping]: publish_map: frame pts=2671, total=4106477
[INFO] [1783989760.688246572] [laser_mapping]: publish_map: frame pts=2671, total=4109148
[INFO] [1783989761.688158459] [laser_mapping]: publish_map: frame pts=2671, total=4111819
[INFO] [1783989762.688235970] [laser_mapping]: publish_map: frame pts=2671, total=4114490
[INFO] [1783989763.688149095] [laser_mapping]: publish_map: frame pts=2671, total=4117161
[INFO] [1783989764.688264558] [laser_mapping]: publish_map: frame pts=2671, total=4119832
[INFO] [1783989765.688144374] [laser_mapping]: publish_map: frame pts=2671, total=4122503
[INFO] [1783989766.688272325] [laser_mapping]: publish_map: frame pts=2671, total=4125174
[INFO] [1783989767.688146603] [laser_mapping]: publish_map: frame pts=2671, total=4127845
[INFO] [1783989768.688147086] [laser_mapping]: publish_map: frame pts=2671, total=4130516
[INFO] [1783989769.688156283] [laser_mapping]: publish_map: frame pts=2671, total=4133187
[INFO] [1783989770.688290511] [laser_mapping]: publish_map: frame pts=2671, total=4135858
[INFO] [1783989771.688163796] [laser_mapping]: publish_map: frame pts=2671, total=4138529
[INFO] [1783989772.688148281] [laser_mapping]: publish_map: frame pts=2671, total=4141200
[INFO] [1783989773.688151361] [laser_mapping]: publish_map: frame pts=2671, total=4143871
[INFO] [1783989774.688159869] [laser_mapping]: publish_map: frame pts=2671, total=4146542
[INFO] [1783989775.688154700] [laser_mapping]: publish_map: frame pts=2671, total=4149213
[INFO] [1783989776.688147608] [laser_mapping]: publish_map: frame pts=2671, total=4151884
[INFO] [1783989777.688160822] [laser_mapping]: publish_map: frame pts=2671, total=4154555
[INFO] [1783989778.688147303] [laser_mapping]: publish_map: frame pts=2671, total=4157226
[INFO] [1783989779.688274934] [laser_mapping]: publish_map: frame pts=2671, total=4159897
[INFO] [1783989780.688149377] [laser_mapping]: publish_map: frame pts=2671, total=4162568
[INFO] [1783989781.688155822] [laser_mapping]: publish_map: frame pts=2671, total=4165239
[INFO] [1783989782.688157288] [laser_mapping]: publish_map: frame pts=2671, total=4167910
[INFO] [1783989783.688161520] [laser_mapping]: publish_map: frame pts=2671, total=4170581
[INFO] [1783989784.688145818] [laser_mapping]: publish_map: frame pts=2671, total=4173252
[INFO] [1783989785.688271549] [laser_mapping]: publish_map: frame pts=2671, total=4175923
[INFO] [1783989786.688253822] [laser_mapping]: publish_map: frame pts=2671, total=4178594
[INFO] [1783989787.688145628] [laser_mapping]: publish_map: frame pts=2671, total=4181265
[INFO] [1783989788.688245120] [laser_mapping]: publish_map: frame pts=2671, total=4183936
[INFO] [1783989789.688161142] [laser_mapping]: publish_map: frame pts=2671, total=4186607
[INFO] [1783989790.688160119] [laser_mapping]: publish_map: frame pts=2671, total=4189278
[INFO] [1783989791.688164782] [laser_mapping]: publish_map: frame pts=2671, total=4191949
[INFO] [1783989792.688162384] [laser_mapping]: publish_map: frame pts=2671, total=4194620
[INFO] [1783989793.688159099] [laser_mapping]: publish_map: frame pts=2671, total=4197291
[INFO] [1783989794.688158380] [laser_mapping]: publish_map: frame pts=2671, total=4199962
[INFO] [1783989795.688149121] [laser_mapping]: publish_map: frame pts=2671, total=4202633
[INFO] [1783989796.688155047] [laser_mapping]: publish_map: frame pts=2671, total=4205304
[INFO] [1783989797.688144618] [laser_mapping]: publish_map: frame pts=2671, total=4207975
[INFO] [1783989798.688146425] [laser_mapping]: publish_map: frame pts=2671, total=4210646
[INFO] [1783989799.688164448] [laser_mapping]: publish_map: frame pts=2671, total=4213317
[INFO] [1783989800.688155799] [laser_mapping]: publish_map: frame pts=2671, total=4215988
[INFO] [1783989801.688140830] [laser_mapping]: publish_map: frame pts=2671, total=4218659
[INFO] [1783989802.688215240] [laser_mapping]: publish_map: frame pts=2671, total=4221330
[INFO] [1783989803.688253321] [laser_mapping]: publish_map: frame pts=2671, total=4224001
[INFO] [1783989804.688231244] [laser_mapping]: publish_map: frame pts=2671, total=4226672
[INFO] [1783989805.688162725] [laser_mapping]: publish_map: frame pts=2671, total=4229343
[INFO] [1783989806.688123565] [laser_mapping]: publish_map: frame pts=2671, total=4232014
[INFO] [1783989807.688162076] [laser_mapping]: publish_map: frame pts=2671, total=4234685
[INFO] [1783989808.688151928] [laser_mapping]: publish_map: frame pts=2671, total=4237356
[INFO] [1783989809.688143074] [laser_mapping]: publish_map: frame pts=2671, total=4240027
[INFO] [1783989810.688234084] [laser_mapping]: publish_map: frame pts=2671, total=4242698
[INFO] [1783989811.688225021] [laser_mapping]: publish_map: frame pts=2671, total=4245369
[INFO] [1783989812.688150648] [laser_mapping]: publish_map: frame pts=2671, total=4248040
[INFO] [1783989813.688148181] [laser_mapping]: publish_map: frame pts=2671, total=4250711
[INFO] [1783989814.688159491] [laser_mapping]: publish_map: frame pts=2671, total=4253382
[INFO] [1783989815.688147742] [laser_mapping]: publish_map: frame pts=2671, total=4256053
[INFO] [1783989816.688165294] [laser_mapping]: publish_map: frame pts=2671, total=4258724
[INFO] [1783989817.688258443] [laser_mapping]: publish_map: frame pts=2671, total=4261395
[INFO] [1783989818.688313215] [laser_mapping]: publish_map: frame pts=2671, total=4264066
[INFO] [1783989819.688167361] [laser_mapping]: publish_map: frame pts=2671, total=4266737
[INFO] [1783989820.688255139] [laser_mapping]: publish_map: frame pts=2671, total=4269408
[INFO] [1783989821.688156445] [laser_mapping]: publish_map: frame pts=2671, total=4272079
[INFO] [1783989822.688157863] [laser_mapping]: publish_map: frame pts=2671, total=4274750
[INFO] [1783989823.688159123] [laser_mapping]: publish_map: frame pts=2671, total=4277421
[INFO] [1783989824.688150134] [laser_mapping]: publish_map: frame pts=2671, total=4280092
[INFO] [1783989825.688234394] [laser_mapping]: publish_map: frame pts=2671, total=4282763
[INFO] [1783989826.688159078] [laser_mapping]: publish_map: frame pts=2671, total=4285434
[INFO] [1783989827.688219708] [laser_mapping]: publish_map: frame pts=2671, total=4288105
[INFO] [1783989828.688252762] [laser_mapping]: publish_map: frame pts=2671, total=4290776
[INFO] [1783989829.688149713] [laser_mapping]: publish_map: frame pts=2671, total=4293447
[INFO] [1783989830.688143676] [laser_mapping]: publish_map: frame pts=2671, total=4296118
[INFO] [1783989831.688305204] [laser_mapping]: publish_map: frame pts=2671, total=4298789
[INFO] [1783989832.688242874] [laser_mapping]: publish_map: frame pts=2671, total=4301460
[INFO] [1783989833.688154703] [laser_mapping]: publish_map: frame pts=2671, total=4304131
[INFO] [1783989834.688157805] [laser_mapping]: publish_map: frame pts=2671, total=4306802
[INFO] [1783989835.688287649] [laser_mapping]: publish_map: frame pts=2671, total=4309473
[INFO] [1783989836.688329931] [laser_mapping]: publish_map: frame pts=2671, total=4312144
[INFO] [1783989837.688141804] [laser_mapping]: publish_map: frame pts=2671, total=4314815
[INFO] [1783989838.688154289] [laser_mapping]: publish_map: frame pts=2671, total=4317486
[INFO] [1783989839.688277932] [laser_mapping]: publish_map: frame pts=2671, total=4320157
[INFO] [1783989840.688243071] [laser_mapping]: publish_map: frame pts=2671, total=4322828
[INFO] [1783989841.688258195] [laser_mapping]: publish_map: frame pts=2671, total=4325499
[INFO] [1783989842.688148747] [laser_mapping]: publish_map: frame pts=2671, total=4328170
[INFO] [1783989843.688266404] [laser_mapping]: publish_map: frame pts=2671, total=4330841
[INFO] [1783989844.688238483] [laser_mapping]: publish_map: frame pts=2671, total=4333512
[INFO] [1783989845.688222914] [laser_mapping]: publish_map: frame pts=2671, total=4336183
[INFO] [1783989846.688150124] [laser_mapping]: publish_map: frame pts=2671, total=4338854
[INFO] [1783989847.688236092] [laser_mapping]: publish_map: frame pts=2671, total=4341525
[INFO] [1783989848.688242698] [laser_mapping]: publish_map: frame pts=2671, total=4344196
[INFO] [1783989849.688256601] [laser_mapping]: publish_map: frame pts=2671, total=4346867
[INFO] [1783989850.688148903] [laser_mapping]: publish_map: frame pts=2671, total=4349538
[INFO] [1783989851.688270789] [laser_mapping]: publish_map: frame pts=2671, total=4352209
[INFO] [1783989852.688166923] [laser_mapping]: publish_map: frame pts=2671, total=4354880
[INFO] [1783989853.688157864] [laser_mapping]: publish_map: frame pts=2671, total=4357551
[INFO] [1783989854.688153058] [laser_mapping]: publish_map: frame pts=2671, total=4360222
[INFO] [1783989855.688232134] [laser_mapping]: publish_map: frame pts=2671, total=4362893
[INFO] [1783989856.688165769] [laser_mapping]: publish_map: frame pts=2671, total=4365564
[INFO] [1783989857.688144362] [laser_mapping]: publish_map: frame pts=2671, total=4368235
[INFO] [1783989858.688265994] [laser_mapping]: publish_map: frame pts=2671, total=4370906
[INFO] [1783989859.688294033] [laser_mapping]: publish_map: frame pts=2671, total=4373577
[INFO] [1783989860.688148315] [laser_mapping]: publish_map: frame pts=2671, total=4376248
[INFO] [1783989861.688138044] [laser_mapping]: publish_map: frame pts=2671, total=4378919
[INFO] [1783989862.688282428] [laser_mapping]: publish_map: frame pts=2671, total=4381590
[INFO] [1783989863.688274454] [laser_mapping]: publish_map: frame pts=2671, total=4384261
[INFO] [1783989864.688150043] [laser_mapping]: publish_map: frame pts=2671, total=4386932
[INFO] [1783989865.688156266] [laser_mapping]: publish_map: frame pts=2671, total=4389603
[INFO] [1783989866.688127505] [laser_mapping]: publish_map: frame pts=2671, total=4392274
[INFO] [1783989867.688133760] [laser_mapping]: publish_map: frame pts=2671, total=4394945
[INFO] [1783989868.578066840] [rclcpp]: signal_handler(SIGINT/SIGTERM)
current scan saved to /PCD/map.pcd
terminate called after throwing an instance of 'pcl::IOException'
  what():  : [pcl::PCDWriter::writeBinary] Error during open!
