[INFO] [1783986889.383350977] [laser_mapping]: p_pre->lidar_type 5
Multi thread started 
~~~~/home/hyper/program/2026_Gsing-second_ROS/fastlio2_v2/src/unilidar_fastlio_ros2-ros2/ file opened
[INFO] [1783986889.387308308] [laser_mapping]: Node init finished.
[INFO] [1783986889.446553173] [pointcloud_x_filter]: 点云过滤器已启动，仅保留 x > 0.0, 半径 > 0.0 的点
[INFO] [1783986890.387057647] [laser_mapping]: publish_map: frame pts=0, total=0
[INFO] [1783986891.387048884] [laser_mapping]: publish_map: frame pts=0, total=0
[INFO] [1783986892.387045042] [laser_mapping]: publish_map: frame pts=0, total=0
[INFO] [1783986893.387067130] [laser_mapping]: publish_map: frame pts=0, total=0
[INFO] [1783986894.387059368] [laser_mapping]: publish_map: frame pts=0, total=0
[INFO] [1783986895.387057244] [laser_mapping]: publish_map: frame pts=0, total=0
[INFO] [1783986896.387078842] [laser_mapping]: publish_map: frame pts=0, total=0
[INFO] [1783986897.387057820] [laser_mapping]: publish_map: frame pts=0, total=0
[INFO] [1783986898.387052193] [laser_mapping]: publish_map: frame pts=0, total=0
[INFO] [1783986899.387049695] [laser_mapping]: publish_map: frame pts=0, total=0
[INFO] [1783986900.387032767] [laser_mapping]: publish_map: frame pts=0, total=0
[INFO] [1783986901.387063887] [laser_mapping]: publish_map: frame pts=0, total=0
[INFO] [1783986902.387217867] [laser_mapping]: publish_map: frame pts=0, total=0
[INFO] [1783986903.387133365] [laser_mapping]: publish_map: frame pts=0, total=0
[INFO] [1783986904.387067430] [laser_mapping]: publish_map: frame pts=0, total=0
[INFO] [1783986905.387052891] [laser_mapping]: publish_map: frame pts=0, total=0
[INFO] [1783986906.387053518] [laser_mapping]: publish_map: frame pts=0, total=0
[INFO] [1783986907.387056599] [laser_mapping]: publish_map: frame pts=0, total=0
[INFO] [1783986908.387205782] [laser_mapping]: publish_map: frame pts=0, total=0
[INFO] [1783986909.387061329] [laser_mapping]: publish_map: frame pts=0, total=0
[INFO] [1783986910.387061637] [laser_mapping]: publish_map: frame pts=0, total=0
[INFO] [1783986911.387042810] [laser_mapping]: publish_map: frame pts=0, total=0
[INFO] [1783986912.387044465] [laser_mapping]: publish_map: frame pts=0, total=0
[INFO] [1783986913.387172589] [laser_mapping]: publish_map: frame pts=0, total=0
[INFO] [1783986914.387081893] [laser_mapping]: publish_map: frame pts=0, total=0
[INFO] [1783986915.387036373] [laser_mapping]: publish_map: frame pts=0, total=0
[INFO] [1783986916.387050364] [laser_mapping]: publish_map: frame pts=0, total=0
[INFO] [1783986917.387047945] [laser_mapping]: publish_map: frame pts=0, total=0
[INFO] [1783986918.387063854] [laser_mapping]: publish_map: frame pts=0, total=0
[INFO] [1783986919.387069518] [laser_mapping]: publish_map: frame pts=0, total=0
[INFO] [1783986920.387060793] [laser_mapping]: publish_map: frame pts=0, total=0
[INFO] [1783986921.387152150] [laser_mapping]: publish_map: frame pts=0, total=0
[INFO] [1783986922.387062626] [laser_mapping]: publish_map: frame pts=0, total=0
[INFO] [1783986923.387071707] [laser_mapping]: publish_map: frame pts=0, total=0
[INFO] [1783986924.387053806] [laser_mapping]: publish_map: frame pts=0, total=0
[INFO] [1783986925.387057127] [laser_mapping]: publish_map: frame pts=0, total=0
[INFO] [1783986926.387065422] [laser_mapping]: publish_map: frame pts=0, total=0
[INFO] [1783986927.387063334] [laser_mapping]: publish_map: frame pts=0, total=0
[INFO] [1783986928.387047855] [laser_mapping]: publish_map: frame pts=0, total=0
[INFO] [1783986929.387057485] [laser_mapping]: publish_map: frame pts=0, total=0
[INFO] [1783986930.387069779] [laser_mapping]: publish_map: frame pts=0, total=0
[INFO] [1783986931.387137343] [laser_mapping]: publish_map: frame pts=0, total=0
[INFO] [1783986932.387073025] [laser_mapping]: publish_map: frame pts=0, total=0
[INFO] [1783986933.387060823] [laser_mapping]: publish_map: frame pts=0, total=0
[INFO] [1783986934.387195325] [laser_mapping]: publish_map: frame pts=0, total=0
[INFO] [1783986935.387052295] [laser_mapping]: publish_map: frame pts=0, total=0
[INFO] [1783986936.387142704] [laser_mapping]: publish_map: frame pts=0, total=0
[INFO] [1783986937.387134823] [laser_mapping]: publish_map: frame pts=0, total=0
[INFO] [1783986938.387174364] [laser_mapping]: publish_map: frame pts=0, total=0
[INFO] [1783986939.387047339] [laser_mapping]: publish_map: frame pts=0, total=0
[INFO] [1783986940.387152771] [laser_mapping]: publish_map: frame pts=0, total=0
[INFO] [1783986941.387056577] [laser_mapping]: publish_map: frame pts=0, total=0
[INFO] [1783986942.387036785] [laser_mapping]: publish_map: frame pts=0, total=0
[INFO] [1783986943.387053764] [laser_mapping]: publish_map: frame pts=0, total=0
[INFO] [1783986944.387038104] [laser_mapping]: publish_map: frame pts=0, total=0
[INFO] [1783986945.387048676] [laser_mapping]: publish_map: frame pts=0, total=0
[INFO] [1783986946.387051166] [laser_mapping]: publish_map: frame pts=0, total=0
[INFO] [1783986947.387051079] [laser_mapping]: publish_map: frame pts=0, total=0
[INFO] [1783986948.387045431] [laser_mapping]: publish_map: frame pts=0, total=0
[INFO] [1783986949.387057351] [laser_mapping]: publish_map: frame pts=0, total=0
[INFO] [1783986950.387043789] [laser_mapping]: publish_map: frame pts=0, total=0
[INFO] [1783986951.387059557] [laser_mapping]: publish_map: frame pts=0, total=0
[INFO] [1783986952.387053074] [laser_mapping]: publish_map: frame pts=0, total=0
[INFO] [1783986953.387040098] [laser_mapping]: publish_map: frame pts=0, total=0
[INFO] [1783986954.387055233] [laser_mapping]: publish_map: frame pts=0, total=0
[INFO] [1783986955.387047680] [laser_mapping]: publish_map: frame pts=0, total=0
[INFO] [1783986956.387068855] [laser_mapping]: publish_map: frame pts=0, total=0
[INFO] [1783986957.387185089] [laser_mapping]: publish_map: frame pts=0, total=0
[INFO] [1783986958.387046036] [laser_mapping]: publish_map: frame pts=0, total=0
[INFO] [1783986959.387067119] [laser_mapping]: publish_map: frame pts=0, total=0
[INFO] [1783986960.387053995] [laser_mapping]: publish_map: frame pts=0, total=0
[INFO] [1783986961.387052920] [laser_mapping]: publish_map: frame pts=0, total=0
[INFO] [1783986962.387055976] [laser_mapping]: publish_map: frame pts=0, total=0
[INFO] [1783986963.386995534] [laser_mapping]: publish_map: frame pts=0, total=0
[INFO] [1783986964.387056460] [laser_mapping]: publish_map: frame pts=0, total=0
[INFO] [1783986965.387039325] [laser_mapping]: publish_map: frame pts=0, total=0
[INFO] [1783986966.387148877] [laser_mapping]: publish_map: frame pts=0, total=0
[INFO] [1783986967.387122255] [laser_mapping]: publish_map: frame pts=0, total=0
[INFO] [1783986968.387163054] [laser_mapping]: publish_map: frame pts=0, total=0
[INFO] [1783986969.387055762] [laser_mapping]: publish_map: frame pts=0, total=0
[INFO] [1783986970.387038443] [laser_mapping]: publish_map: frame pts=0, total=0
[INFO] [1783986971.387031589] [laser_mapping]: publish_map: frame pts=0, total=0
[INFO] [1783986972.387042911] [laser_mapping]: publish_map: frame pts=0, total=0
[INFO] [1783986973.387041021] [laser_mapping]: publish_map: frame pts=0, total=0
[INFO] [1783986974.387063922] [laser_mapping]: publish_map: frame pts=0, total=0
[INFO] [1783986975.387160420] [laser_mapping]: publish_map: frame pts=0, total=0
[INFO] [1783986976.387185381] [laser_mapping]: publish_map: frame pts=0, total=0
[INFO] [1783986977.387202084] [laser_mapping]: publish_map: frame pts=0, total=0
[INFO] [1783986978.387038936] [laser_mapping]: publish_map: frame pts=0, total=0
[INFO] [1783986979.387041500] [laser_mapping]: publish_map: frame pts=0, total=0
[INFO] [1783986980.387028145] [laser_mapping]: publish_map: frame pts=0, total=0
[INFO] [1783986981.387050584] [laser_mapping]: publish_map: frame pts=0, total=0
[INFO] [1783986982.387066190] [laser_mapping]: publish_map: frame pts=0, total=0
[INFO] [1783986983.387037575] [laser_mapping]: publish_map: frame pts=0, total=0
[INFO] [1783986984.387049315] [laser_mapping]: publish_map: frame pts=0, total=0
[INFO] [1783986985.387050905] [laser_mapping]: publish_map: frame pts=0, total=0
[INFO] [1783986986.387165333] [laser_mapping]: publish_map: frame pts=0, total=0
[INFO] [1783986987.387048857] [laser_mapping]: publish_map: frame pts=0, total=0
[INFO] [1783986988.387049831] [laser_mapping]: publish_map: frame pts=0, total=0
[INFO] [1783986989.387055625] [laser_mapping]: publish_map: frame pts=0, total=0
[INFO] [1783986990.387130089] [laser_mapping]: publish_map: frame pts=0, total=0
[INFO] [1783986991.387050449] [laser_mapping]: publish_map: frame pts=0, total=0
[INFO] [1783986992.387133261] [laser_mapping]: publish_map: frame pts=0, total=0
[INFO] [1783986993.387032140] [laser_mapping]: publish_map: frame pts=0, total=0
[INFO] [1783986994.387035166] [laser_mapping]: publish_map: frame pts=0, total=0
[INFO] [1783986995.387031535] [laser_mapping]: publish_map: frame pts=0, total=0
[INFO] [1783986996.387137420] [laser_mapping]: publish_map: frame pts=0, total=0
[INFO] [1783986997.387039194] [laser_mapping]: publish_map: frame pts=0, total=0
[INFO] [1783986998.387028965] [laser_mapping]: publish_map: frame pts=0, total=0
[INFO] [1783986999.387122370] [laser_mapping]: publish_map: frame pts=0, total=0
[INFO] [1783987000.387053472] [laser_mapping]: publish_map: frame pts=0, total=0
[INFO] [1783987001.387047451] [laser_mapping]: publish_map: frame pts=0, total=0
[INFO] [1783987002.387166289] [laser_mapping]: publish_map: frame pts=0, total=0
[INFO] [1783987003.387043313] [laser_mapping]: publish_map: frame pts=0, total=0
[INFO] [1783987004.387054856] [laser_mapping]: publish_map: frame pts=0, total=0
[INFO] [1783987005.387147618] [laser_mapping]: publish_map: frame pts=0, total=0
[INFO] [1783987006.387043134] [laser_mapping]: publish_map: frame pts=0, total=0
[INFO] [1783987007.387049784] [laser_mapping]: publish_map: frame pts=0, total=0
[INFO] [1783987008.387047209] [laser_mapping]: publish_map: frame pts=0, total=0
[INFO] [1783987009.387063282] [laser_mapping]: publish_map: frame pts=0, total=0
[INFO] [1783987010.387048307] [laser_mapping]: publish_map: frame pts=0, total=0
[INFO] [1783987011.387040711] [laser_mapping]: publish_map: frame pts=0, total=0
[INFO] [1783987012.387053894] [laser_mapping]: publish_map: frame pts=0, total=0
[INFO] [1783987013.387041108] [laser_mapping]: publish_map: frame pts=0, total=0
[INFO] [1783987014.387039377] [laser_mapping]: publish_map: frame pts=0, total=0
[INFO] [1783987015.387038359] [laser_mapping]: publish_map: frame pts=0, total=0
[INFO] [1783987016.387049260] [laser_mapping]: publish_map: frame pts=0, total=0
[INFO] [1783987017.387051633] [laser_mapping]: publish_map: frame pts=0, total=0
[INFO] [1783987018.387052226] [laser_mapping]: publish_map: frame pts=0, total=0
[INFO] [1783987019.387120161] [laser_mapping]: publish_map: frame pts=0, total=0
[INFO] [1783987020.387061608] [laser_mapping]: publish_map: frame pts=0, total=0
[INFO] [1783987021.387053749] [laser_mapping]: publish_map: frame pts=0, total=0
[INFO] [1783987022.387024427] [laser_mapping]: publish_map: frame pts=0, total=0
[INFO] [1783987023.387047011] [laser_mapping]: publish_map: frame pts=0, total=0
[INFO] [1783987024.387169343] [laser_mapping]: publish_map: frame pts=0, total=0
[INFO] [1783987025.387036645] [laser_mapping]: publish_map: frame pts=0, total=0
[INFO] [1783987026.387042734] [laser_mapping]: publish_map: frame pts=0, total=0
[INFO] [1783987027.387043886] [laser_mapping]: publish_map: frame pts=0, total=0
[INFO] [1783987028.387055438] [laser_mapping]: publish_map: frame pts=0, total=0
[INFO] [1783987029.387056203] [laser_mapping]: publish_map: frame pts=0, total=0
[INFO] [1783987030.387055773] [laser_mapping]: publish_map: frame pts=0, total=0
[INFO] [1783987031.387164969] [laser_mapping]: publish_map: frame pts=0, total=0
[INFO] [1783987032.387056412] [laser_mapping]: publish_map: frame pts=0, total=0
[INFO] [1783987033.387052054] [laser_mapping]: publish_map: frame pts=0, total=0
[INFO] [1783987034.387053787] [laser_mapping]: publish_map: frame pts=0, total=0
[INFO] [1783987035.387131757] [laser_mapping]: publish_map: frame pts=0, total=0
[INFO] [1783987036.387049961] [laser_mapping]: publish_map: frame pts=0, total=0
[INFO] [1783987037.387030347] [laser_mapping]: publish_map: frame pts=0, total=0
[INFO] [1783987038.387029381] [laser_mapping]: publish_map: frame pts=0, total=0
[INFO] [1783987039.387048734] [laser_mapping]: publish_map: frame pts=0, total=0
[INFO] [1783987040.387042422] [laser_mapping]: publish_map: frame pts=0, total=0
[INFO] [1783987041.387002755] [laser_mapping]: publish_map: frame pts=0, total=0
[INFO] [1783987042.387116985] [laser_mapping]: publish_map: frame pts=0, total=0
[INFO] [1783987043.387045663] [laser_mapping]: publish_map: frame pts=0, total=0
[INFO] [1783987044.387107495] [laser_mapping]: publish_map: frame pts=0, total=0
[INFO] [1783987045.387163107] [laser_mapping]: publish_map: frame pts=0, total=0
[INFO] [1783987046.387129114] [laser_mapping]: publish_map: frame pts=0, total=0
[INFO] [1783987047.387041697] [laser_mapping]: publish_map: frame pts=0, total=0
[INFO] [1783987048.387051699] [laser_mapping]: publish_map: frame pts=0, total=0
[INFO] [1783987049.387054135] [laser_mapping]: publish_map: frame pts=0, total=0
[INFO] [1783987050.387053253] [laser_mapping]: publish_map: frame pts=0, total=0
[INFO] [1783987051.387045890] [laser_mapping]: publish_map: frame pts=0, total=0
[INFO] [1783987052.387147120] [laser_mapping]: publish_map: frame pts=0, total=0
[INFO] [1783987053.387049254] [laser_mapping]: publish_map: frame pts=0, total=0
[INFO] [1783987054.387168878] [laser_mapping]: publish_map: frame pts=0, total=0
[INFO] [1783987055.387036691] [laser_mapping]: publish_map: frame pts=0, total=0
[INFO] [1783987056.387055503] [laser_mapping]: publish_map: frame pts=0, total=0
[INFO] [1783987057.387054150] [laser_mapping]: publish_map: frame pts=0, total=0
[INFO] [1783987058.387032117] [laser_mapping]: publish_map: frame pts=0, total=0
[INFO] [1783987059.387038893] [laser_mapping]: publish_map: frame pts=0, total=0
[INFO] [1783987060.387030205] [laser_mapping]: publish_map: frame pts=0, total=0
[INFO] [1783987061.387030514] [laser_mapping]: publish_map: frame pts=0, total=0
[INFO] [1783987062.387139299] [laser_mapping]: publish_map: frame pts=0, total=0
[INFO] [1783987063.387029403] [laser_mapping]: publish_map: frame pts=0, total=0
[INFO] [1783987064.387037683] [laser_mapping]: publish_map: frame pts=0, total=0
[INFO] [1783987065.387031096] [laser_mapping]: publish_map: frame pts=0, total=0
[INFO] [1783987066.387039176] [laser_mapping]: publish_map: frame pts=0, total=0
[INFO] [1783987067.387037656] [laser_mapping]: publish_map: frame pts=0, total=0
[INFO] [1783987068.387030194] [laser_mapping]: publish_map: frame pts=0, total=0
[INFO] [1783987069.387048397] [laser_mapping]: publish_map: frame pts=0, total=0
[INFO] [1783987070.387029989] [laser_mapping]: publish_map: frame pts=0, total=0
[INFO] [1783987071.387030051] [laser_mapping]: publish_map: frame pts=0, total=0
[INFO] [1783987072.387029577] [laser_mapping]: publish_map: frame pts=0, total=0
[INFO] [1783987073.387030725] [laser_mapping]: publish_map: frame pts=0, total=0
[INFO] [1783987074.387030832] [laser_mapping]: publish_map: frame pts=0, total=0
[INFO] [1783987075.387030073] [laser_mapping]: publish_map: frame pts=0, total=0
[INFO] [1783987076.387029921] [laser_mapping]: publish_map: frame pts=0, total=0
[INFO] [1783987077.387110558] [laser_mapping]: publish_map: frame pts=0, total=0
[INFO] [1783987078.387094302] [laser_mapping]: publish_map: frame pts=0, total=0
[INFO] [1783987079.387041648] [laser_mapping]: publish_map: frame pts=0, total=0
[INFO] [1783987080.387125655] [laser_mapping]: publish_map: frame pts=0, total=0
[INFO] [1783987081.387102736] [laser_mapping]: publish_map: frame pts=0, total=0
[INFO] [1783987082.387115079] [laser_mapping]: publish_map: frame pts=0, total=0
[INFO] [1783987083.387042399] [laser_mapping]: publish_map: frame pts=0, total=0
[INFO] [1783987084.387117283] [laser_mapping]: publish_map: frame pts=0, total=0
[INFO] [1783987085.387048717] [laser_mapping]: publish_map: frame pts=0, total=0
[INFO] [1783987086.387044895] [laser_mapping]: publish_map: frame pts=0, total=0
[INFO] [1783987087.387185976] [laser_mapping]: publish_map: frame pts=0, total=0
[INFO] [1783987088.387153720] [laser_mapping]: publish_map: frame pts=0, total=0
[INFO] [1783987089.387048612] [laser_mapping]: publish_map: frame pts=0, total=0
[INFO] [1783987090.387146973] [laser_mapping]: publish_map: frame pts=0, total=0
[INFO] [1783987091.387045710] [laser_mapping]: publish_map: frame pts=0, total=0
[INFO] [1783987092.387046204] [laser_mapping]: publish_map: frame pts=0, total=0
[INFO] [1783987093.387070109] [laser_mapping]: publish_map: frame pts=0, total=0
[INFO] [1783987094.387177355] [laser_mapping]: publish_map: frame pts=0, total=0
[INFO] [1783987095.387066084] [laser_mapping]: publish_map: frame pts=0, total=0
[INFO] [1783987096.387202871] [laser_mapping]: publish_map: frame pts=0, total=0
[INFO] [1783987097.387059047] [laser_mapping]: publish_map: frame pts=0, total=0
[INFO] [1783987098.387161559] [laser_mapping]: publish_map: frame pts=0, total=0
[INFO] [1783987099.387068092] [laser_mapping]: publish_map: frame pts=0, total=0
[INFO] [1783987100.387046816] [laser_mapping]: publish_map: frame pts=0, total=0
[INFO] [1783987101.387166993] [laser_mapping]: publish_map: frame pts=0, total=0
[INFO] [1783987102.387053481] [laser_mapping]: publish_map: frame pts=0, total=0
[INFO] [1783987103.387247446] [laser_mapping]: publish_map: frame pts=0, total=0
[INFO] [1783987104.387036649] [laser_mapping]: publish_map: frame pts=0, total=0
[INFO] [1783987105.387158675] [laser_mapping]: publish_map: frame pts=0, total=0
[INFO] [1783987106.387044811] [laser_mapping]: publish_map: frame pts=0, total=0
[INFO] [1783987107.387034940] [laser_mapping]: publish_map: frame pts=0, total=0
[INFO] [1783987108.387043383] [laser_mapping]: publish_map: frame pts=0, total=0
[INFO] [1783987109.387041228] [laser_mapping]: publish_map: frame pts=0, total=0
[INFO] [1783987110.387048904] [laser_mapping]: publish_map: frame pts=0, total=0
[INFO] [1783987111.387049539] [laser_mapping]: publish_map: frame pts=0, total=0
[INFO] [1783987112.387049707] [laser_mapping]: publish_map: frame pts=0, total=0
[INFO] [1783987113.387058810] [laser_mapping]: publish_map: frame pts=0, total=0
[INFO] [1783987114.387151936] [laser_mapping]: publish_map: frame pts=0, total=0
[INFO] [1783987115.387052897] [laser_mapping]: publish_map: frame pts=0, total=0
[INFO] [1783987116.387175349] [laser_mapping]: publish_map: frame pts=0, total=0
[INFO] [1783987117.387041497] [laser_mapping]: publish_map: frame pts=0, total=0
[INFO] [1783987118.387046742] [laser_mapping]: publish_map: frame pts=0, total=0
[INFO] [1783987119.387044770] [laser_mapping]: publish_map: frame pts=0, total=0
[INFO] [1783987120.387068566] [laser_mapping]: publish_map: frame pts=0, total=0
[INFO] [1783987121.387039374] [laser_mapping]: publish_map: frame pts=0, total=0
[INFO] [1783987122.387058343] [laser_mapping]: publish_map: frame pts=0, total=0
[INFO] [1783987123.387047270] [laser_mapping]: publish_map: frame pts=0, total=0
[INFO] [1783987124.387042897] [laser_mapping]: publish_map: frame pts=0, total=0
[INFO] [1783987125.387043908] [laser_mapping]: publish_map: frame pts=0, total=0
[INFO] [1783987126.387040561] [laser_mapping]: publish_map: frame pts=0, total=0
[INFO] [1783987127.387032644] [laser_mapping]: publish_map: frame pts=0, total=0
[INFO] [1783987128.387049260] [laser_mapping]: publish_map: frame pts=0, total=0
[INFO] [1783987129.387054628] [laser_mapping]: publish_map: frame pts=0, total=0
[INFO] [1783987130.387062400] [laser_mapping]: publish_map: frame pts=0, total=0
[INFO] [1783987131.387032309] [laser_mapping]: publish_map: frame pts=0, total=0
[INFO] [1783987132.387062028] [laser_mapping]: publish_map: frame pts=0, total=0
[INFO] [1783987133.387068020] [laser_mapping]: publish_map: frame pts=0, total=0
[INFO] [1783987134.387119223] [laser_mapping]: publish_map: frame pts=0, total=0
[INFO] [1783987135.387040693] [laser_mapping]: publish_map: frame pts=0, total=0
[INFO] [1783987136.387053376] [laser_mapping]: publish_map: frame pts=0, total=0
[INFO] [1783987137.387065585] [laser_mapping]: publish_map: frame pts=0, total=0
[INFO] [1783987138.387040013] [laser_mapping]: publish_map: frame pts=0, total=0
[INFO] [1783987139.387034053] [laser_mapping]: publish_map: frame pts=0, total=0
[INFO] [1783987140.387034157] [laser_mapping]: publish_map: frame pts=0, total=0
[INFO] [1783987141.387046024] [laser_mapping]: publish_map: frame pts=0, total=0
[INFO] [1783987142.387039540] [laser_mapping]: publish_map: frame pts=0, total=0
[INFO] [1783987143.387036003] [laser_mapping]: publish_map: frame pts=0, total=0
[INFO] [1783987144.387047484] [laser_mapping]: publish_map: frame pts=0, total=0
[INFO] [1783987145.387057172] [laser_mapping]: publish_map: frame pts=0, total=0
[INFO] [1783987146.387030335] [laser_mapping]: publish_map: frame pts=0, total=0
[INFO] [1783987147.387054495] [laser_mapping]: publish_map: frame pts=0, total=0
[INFO] [1783987148.387052791] [laser_mapping]: publish_map: frame pts=0, total=0
[INFO] [1783987149.387048097] [laser_mapping]: publish_map: frame pts=0, total=0
[INFO] [1783987150.387222366] [laser_mapping]: publish_map: frame pts=0, total=0
[INFO] [1783987151.387048382] [laser_mapping]: publish_map: frame pts=0, total=0
[INFO] [1783987152.387049914] [laser_mapping]: publish_map: frame pts=0, total=0
[INFO] [1783987153.387057155] [laser_mapping]: publish_map: frame pts=0, total=0
[INFO] [1783987154.387046207] [laser_mapping]: publish_map: frame pts=0, total=0
[INFO] [1783987155.387047152] [laser_mapping]: publish_map: frame pts=0, total=0
[INFO] [1783987156.387164825] [laser_mapping]: publish_map: frame pts=0, total=0
[INFO] [1783987157.387148795] [laser_mapping]: publish_map: frame pts=0, total=0
[INFO] [1783987158.387069937] [laser_mapping]: publish_map: frame pts=0, total=0
[INFO] [1783987159.387112172] [laser_mapping]: publish_map: frame pts=0, total=0
[INFO] [1783987160.387031917] [laser_mapping]: publish_map: frame pts=0, total=0
[INFO] [1783987161.387064954] [laser_mapping]: publish_map: frame pts=0, total=0
[INFO] [1783987162.387131237] [laser_mapping]: publish_map: frame pts=0, total=0
[INFO] [1783987163.387029881] [laser_mapping]: publish_map: frame pts=0, total=0
[INFO] [1783987164.387151689] [laser_mapping]: publish_map: frame pts=0, total=0
[INFO] [1783987165.387030587] [laser_mapping]: publish_map: frame pts=0, total=0
[INFO] [1783987166.387167632] [laser_mapping]: publish_map: frame pts=0, total=0
[INFO] [1783987167.387148055] [laser_mapping]: publish_map: frame pts=0, total=0
[INFO] [1783987168.387045064] [laser_mapping]: publish_map: frame pts=0, total=0
[INFO] [1783987169.387052550] [laser_mapping]: publish_map: frame pts=0, total=0
[INFO] [1783987170.387193104] [laser_mapping]: publish_map: frame pts=0, total=0
[INFO] [1783987171.387061158] [laser_mapping]: publish_map: frame pts=0, total=0
[INFO] [1783987172.387057988] [laser_mapping]: publish_map: frame pts=0, total=0
[INFO] [1783987173.387048470] [laser_mapping]: publish_map: frame pts=0, total=0
[INFO] [1783987174.387044574] [laser_mapping]: publish_map: frame pts=0, total=0
[INFO] [1783987175.387066949] [laser_mapping]: publish_map: frame pts=0, total=0
[INFO] [1783987176.387165990] [laser_mapping]: publish_map: frame pts=0, total=0
[INFO] [1783987177.387049016] [laser_mapping]: publish_map: frame pts=0, total=0
[INFO] [1783987178.387146329] [laser_mapping]: publish_map: frame pts=0, total=0
[INFO] [1783987179.387041290] [laser_mapping]: publish_map: frame pts=0, total=0
[INFO] [1783987180.387049726] [laser_mapping]: publish_map: frame pts=0, total=0
[INFO] [1783987181.387039373] [laser_mapping]: publish_map: frame pts=0, total=0
[INFO] [1783987182.387049701] [laser_mapping]: publish_map: frame pts=0, total=0
[INFO] [1783987183.387044594] [laser_mapping]: publish_map: frame pts=0, total=0
[INFO] [1783987184.387044282] [laser_mapping]: publish_map: frame pts=0, total=0
[INFO] [1783987185.387068098] [laser_mapping]: publish_map: frame pts=0, total=0
[INFO] [1783987186.387045811] [laser_mapping]: publish_map: frame pts=0, total=0
[INFO] [1783987187.387116705] [laser_mapping]: publish_map: frame pts=0, total=0
[INFO] [1783987188.387027338] [laser_mapping]: publish_map: frame pts=0, total=0
[INFO] [1783987189.387040624] [laser_mapping]: publish_map: frame pts=0, total=0
[INFO] [1783987190.387046956] [laser_mapping]: publish_map: frame pts=0, total=0
[INFO] [1783987191.387033989] [laser_mapping]: publish_map: frame pts=0, total=0
[INFO] [1783987192.387034972] [laser_mapping]: publish_map: frame pts=0, total=0
[INFO] [1783987193.387148105] [laser_mapping]: publish_map: frame pts=0, total=0
[INFO] [1783987194.387061065] [laser_mapping]: publish_map: frame pts=0, total=0
[INFO] [1783987195.387045808] [laser_mapping]: publish_map: frame pts=0, total=0
[INFO] [1783987196.387034137] [laser_mapping]: publish_map: frame pts=0, total=0
[INFO] [1783987197.387177896] [laser_mapping]: publish_map: frame pts=0, total=0
[INFO] [1783987198.387051257] [laser_mapping]: publish_map: frame pts=0, total=0
[INFO] [1783987199.387055504] [laser_mapping]: publish_map: frame pts=0, total=0
[INFO] [1783987200.387063491] [laser_mapping]: publish_map: frame pts=0, total=0
[INFO] [1783987201.387054942] [laser_mapping]: publish_map: frame pts=0, total=0
[INFO] [1783987202.387127882] [laser_mapping]: publish_map: frame pts=0, total=0
[INFO] [1783987203.387011279] [laser_mapping]: publish_map: frame pts=0, total=0
[INFO] [1783987204.387189159] [laser_mapping]: publish_map: frame pts=0, total=0
[INFO] [1783987205.387050212] [laser_mapping]: publish_map: frame pts=0, total=0
[INFO] [1783987206.387064629] [laser_mapping]: publish_map: frame pts=0, total=0
[INFO] [1783987207.387036475] [laser_mapping]: publish_map: frame pts=0, total=0
[INFO] [1783987208.387214006] [laser_mapping]: publish_map: frame pts=0, total=0
[INFO] [1783987209.387041954] [laser_mapping]: publish_map: frame pts=0, total=0
[INFO] [1783987210.387043511] [laser_mapping]: publish_map: frame pts=0, total=0
[INFO] [1783987211.387031501] [laser_mapping]: publish_map: frame pts=0, total=0
[INFO] [1783987212.387038496] [laser_mapping]: publish_map: frame pts=0, total=0
[INFO] [1783987213.387039335] [laser_mapping]: publish_map: frame pts=0, total=0
[INFO] [1783987214.387048801] [laser_mapping]: publish_map: frame pts=0, total=0
[INFO] [1783987215.387049638] [laser_mapping]: publish_map: frame pts=0, total=0
[INFO] [1783987216.387044062] [laser_mapping]: publish_map: frame pts=0, total=0
[INFO] [1783987217.387041088] [laser_mapping]: publish_map: frame pts=0, total=0
[INFO] [1783987218.387054397] [laser_mapping]: publish_map: frame pts=0, total=0
[INFO] [1783987219.387045716] [laser_mapping]: publish_map: frame pts=0, total=0
[INFO] [1783987220.387068128] [laser_mapping]: publish_map: frame pts=0, total=0
[INFO] [1783987221.387049546] [laser_mapping]: publish_map: frame pts=0, total=0
[INFO] [1783987222.387047808] [laser_mapping]: publish_map: frame pts=0, total=0
[INFO] [1783987223.387057837] [laser_mapping]: publish_map: frame pts=0, total=0
[INFO] [1783987224.387131233] [laser_mapping]: publish_map: frame pts=0, total=0
[INFO] [1783987225.387040662] [laser_mapping]: publish_map: frame pts=0, total=0
[INFO] [1783987226.387056230] [laser_mapping]: publish_map: frame pts=0, total=0
[INFO] [1783987227.387045571] [laser_mapping]: publish_map: frame pts=0, total=0
[INFO] [1783987228.387060235] [laser_mapping]: publish_map: frame pts=0, total=0
[INFO] [1783987229.387153851] [laser_mapping]: publish_map: frame pts=0, total=0
[INFO] [1783987230.387062466] [laser_mapping]: publish_map: frame pts=0, total=0
[INFO] [1783987231.387041901] [laser_mapping]: publish_map: frame pts=0, total=0
[INFO] [1783987232.387149923] [laser_mapping]: publish_map: frame pts=0, total=0
[INFO] [1783987233.387050168] [laser_mapping]: publish_map: frame pts=0, total=0
[INFO] [1783987234.387061981] [laser_mapping]: publish_map: frame pts=0, total=0
[INFO] [1783987235.387189349] [laser_mapping]: publish_map: frame pts=0, total=0
[INFO] [1783987236.387055672] [laser_mapping]: publish_map: frame pts=0, total=0
[INFO] [1783987237.387068051] [laser_mapping]: publish_map: frame pts=0, total=0
[INFO] [1783987238.387070576] [laser_mapping]: publish_map: frame pts=0, total=0
[INFO] [1783987239.387038761] [laser_mapping]: publish_map: frame pts=0, total=0
[INFO] [1783987240.387159344] [laser_mapping]: publish_map: frame pts=0, total=0
[INFO] [1783987241.387049014] [laser_mapping]: publish_map: frame pts=0, total=0
[INFO] [1783987242.387045052] [laser_mapping]: publish_map: frame pts=0, total=0
[INFO] [1783987243.387054962] [laser_mapping]: publish_map: frame pts=0, total=0
[INFO] [1783987244.387059103] [laser_mapping]: publish_map: frame pts=0, total=0
[INFO] [1783987245.387045190] [laser_mapping]: publish_map: frame pts=0, total=0
[INFO] [1783987246.387042713] [laser_mapping]: publish_map: frame pts=0, total=0
[INFO] [1783987247.387047103] [laser_mapping]: publish_map: frame pts=0, total=0
[INFO] [1783987248.387054322] [laser_mapping]: publish_map: frame pts=0, total=0
[INFO] [1783987249.387038213] [laser_mapping]: publish_map: frame pts=0, total=0
[INFO] [1783987250.387166607] [laser_mapping]: publish_map: frame pts=0, total=0
[INFO] [1783987251.387159817] [laser_mapping]: publish_map: frame pts=0, total=0
[INFO] [1783987252.387139367] [laser_mapping]: publish_map: frame pts=0, total=0
[INFO] [1783987253.387043423] [laser_mapping]: publish_map: frame pts=0, total=0
[INFO] [1783987254.387051287] [laser_mapping]: publish_map: frame pts=0, total=0
[INFO] [1783987255.387041178] [laser_mapping]: publish_map: frame pts=0, total=0
[INFO] [1783987256.387043457] [laser_mapping]: publish_map: frame pts=0, total=0
[INFO] [1783987257.387062452] [laser_mapping]: publish_map: frame pts=0, total=0
[INFO] [1783987258.387032605] [laser_mapping]: publish_map: frame pts=0, total=0
[INFO] [1783987259.387049976] [laser_mapping]: publish_map: frame pts=0, total=0
[INFO] [1783987260.387058479] [laser_mapping]: publish_map: frame pts=0, total=0
[INFO] [1783987261.387112386] [laser_mapping]: publish_map: frame pts=0, total=0
[INFO] [1783987262.387042114] [laser_mapping]: publish_map: frame pts=0, total=0
[INFO] [1783987263.387058023] [laser_mapping]: publish_map: frame pts=0, total=0
[INFO] [1783987264.387054294] [laser_mapping]: publish_map: frame pts=0, total=0
[INFO] [1783987265.387131426] [laser_mapping]: publish_map: frame pts=0, total=0
[INFO] [1783987266.387062043] [laser_mapping]: publish_map: frame pts=0, total=0
[INFO] [1783987267.387045114] [laser_mapping]: publish_map: frame pts=0, total=0
[INFO] [1783987268.387052872] [laser_mapping]: publish_map: frame pts=0, total=0
[INFO] [1783987269.387050678] [laser_mapping]: publish_map: frame pts=0, total=0
[INFO] [1783987270.387072607] [laser_mapping]: publish_map: frame pts=0, total=0
[INFO] [1783987271.387054397] [laser_mapping]: publish_map: frame pts=0, total=0
[INFO] [1783987272.387061193] [laser_mapping]: publish_map: frame pts=0, total=0
[INFO] [1783987273.387054204] [laser_mapping]: publish_map: frame pts=0, total=0
[INFO] [1783987274.387055197] [laser_mapping]: publish_map: frame pts=0, total=0
[INFO] [1783987275.387192835] [laser_mapping]: publish_map: frame pts=0, total=0
[INFO] [1783987276.387048701] [laser_mapping]: publish_map: frame pts=0, total=0
[INFO] [1783987277.387060577] [laser_mapping]: publish_map: frame pts=0, total=0
[INFO] [1783987278.387044614] [laser_mapping]: publish_map: frame pts=0, total=0
[INFO] [1783987279.387240176] [laser_mapping]: publish_map: frame pts=0, total=0
[INFO] [1783987280.387052891] [laser_mapping]: publish_map: frame pts=0, total=0
[INFO] [1783987281.387045874] [laser_mapping]: publish_map: frame pts=0, total=0
[INFO] [1783987282.387119115] [laser_mapping]: publish_map: frame pts=0, total=0
[INFO] [1783987283.387052569] [laser_mapping]: publish_map: frame pts=0, total=0
[INFO] [1783987284.387167536] [laser_mapping]: publish_map: frame pts=0, total=0
[INFO] [1783987285.387049020] [laser_mapping]: publish_map: frame pts=0, total=0
[INFO] [1783987286.387046850] [laser_mapping]: publish_map: frame pts=0, total=0
[INFO] [1783987287.387034183] [laser_mapping]: publish_map: frame pts=0, total=0
[INFO] [1783987288.387204088] [laser_mapping]: publish_map: frame pts=0, total=0
[INFO] [1783987289.387057966] [laser_mapping]: publish_map: frame pts=0, total=0
[INFO] [1783987290.387037370] [laser_mapping]: publish_map: frame pts=0, total=0
[INFO] [1783987291.387048240] [laser_mapping]: publish_map: frame pts=0, total=0
[INFO] [1783987292.387043737] [laser_mapping]: publish_map: frame pts=0, total=0
[INFO] [1783987293.387050807] [laser_mapping]: publish_map: frame pts=0, total=0
[INFO] [1783987294.387052975] [laser_mapping]: publish_map: frame pts=0, total=0
[INFO] [1783987295.387060650] [laser_mapping]: publish_map: frame pts=0, total=0
[INFO] [1783987296.387060174] [laser_mapping]: publish_map: frame pts=0, total=0
[INFO] [1783987297.387059120] [laser_mapping]: publish_map: frame pts=0, total=0
[INFO] [1783987298.387126070] [laser_mapping]: publish_map: frame pts=0, total=0
[INFO] [1783987299.387060244] [laser_mapping]: publish_map: frame pts=0, total=0
[INFO] [1783987300.387038791] [laser_mapping]: publish_map: frame pts=0, total=0
[INFO] [1783987301.387045964] [laser_mapping]: publish_map: frame pts=0, total=0
[INFO] [1783987302.387228759] [laser_mapping]: publish_map: frame pts=0, total=0
[INFO] [1783987303.387047449] [laser_mapping]: publish_map: frame pts=0, total=0
[INFO] [1783987304.387059541] [laser_mapping]: publish_map: frame pts=0, total=0
[INFO] [1783987305.387064102] [laser_mapping]: publish_map: frame pts=0, total=0
[INFO] [1783987306.387046561] [laser_mapping]: publish_map: frame pts=0, total=0
[INFO] [1783987307.387042465] [laser_mapping]: publish_map: frame pts=0, total=0
[INFO] [1783987308.387127902] [laser_mapping]: publish_map: frame pts=0, total=0
[INFO] [1783987309.387229103] [laser_mapping]: publish_map: frame pts=0, total=0
[INFO] [1783987310.387170112] [laser_mapping]: publish_map: frame pts=0, total=0
[INFO] [1783987311.387027963] [laser_mapping]: publish_map: frame pts=0, total=0
[INFO] [1783987312.387042239] [laser_mapping]: publish_map: frame pts=0, total=0
[INFO] [1783987313.387040509] [laser_mapping]: publish_map: frame pts=0, total=0
[INFO] [1783987314.387135401] [laser_mapping]: publish_map: frame pts=0, total=0
[INFO] [1783987315.387048449] [laser_mapping]: publish_map: frame pts=0, total=0
[INFO] [1783987316.387141870] [laser_mapping]: publish_map: frame pts=0, total=0
[INFO] [1783987317.387042057] [laser_mapping]: publish_map: frame pts=0, total=0
[INFO] [1783987318.387056105] [laser_mapping]: publish_map: frame pts=0, total=0
[INFO] [1783987319.387048922] [laser_mapping]: publish_map: frame pts=0, total=0
[INFO] [1783987320.387046132] [laser_mapping]: publish_map: frame pts=0, total=0
[INFO] [1783987321.387048406] [laser_mapping]: publish_map: frame pts=0, total=0
[INFO] [1783987322.387041329] [laser_mapping]: publish_map: frame pts=0, total=0
[INFO] [1783987323.387117998] [laser_mapping]: publish_map: frame pts=0, total=0
[INFO] [1783987324.387066427] [laser_mapping]: publish_map: frame pts=0, total=0
[INFO] [1783987325.387220515] [laser_mapping]: publish_map: frame pts=0, total=0
[INFO] [1783987326.387070583] [laser_mapping]: publish_map: frame pts=0, total=0
[INFO] [1783987327.387066393] [laser_mapping]: publish_map: frame pts=0, total=0
[INFO] [1783987328.387055729] [laser_mapping]: publish_map: frame pts=0, total=0
[INFO] [1783987329.387057668] [laser_mapping]: publish_map: frame pts=0, total=0
[INFO] [1783987330.387053090] [laser_mapping]: publish_map: frame pts=0, total=0
[INFO] [1783987331.387050356] [laser_mapping]: publish_map: frame pts=0, total=0
[INFO] [1783987332.387160494] [laser_mapping]: publish_map: frame pts=0, total=0
[INFO] [1783987333.387048717] [laser_mapping]: publish_map: frame pts=0, total=0
[INFO] [1783987334.387063229] [laser_mapping]: publish_map: frame pts=0, total=0
[INFO] [1783987335.387197186] [laser_mapping]: publish_map: frame pts=0, total=0
[INFO] [1783987336.387137868] [laser_mapping]: publish_map: frame pts=0, total=0
[INFO] [1783987337.387053557] [laser_mapping]: publish_map: frame pts=0, total=0
[INFO] [1783987338.387167257] [laser_mapping]: publish_map: frame pts=0, total=0
[INFO] [1783987339.387162236] [laser_mapping]: publish_map: frame pts=0, total=0
[INFO] [1783987340.387067599] [laser_mapping]: publish_map: frame pts=0, total=0
[INFO] [1783987341.387051800] [laser_mapping]: publish_map: frame pts=0, total=0
[INFO] [1783987342.387045673] [laser_mapping]: publish_map: frame pts=0, total=0
[INFO] [1783987343.387034133] [laser_mapping]: publish_map: frame pts=0, total=0
[INFO] [1783987344.387033080] [laser_mapping]: publish_map: frame pts=0, total=0
[INFO] [1783987345.387036295] [laser_mapping]: publish_map: frame pts=0, total=0
[INFO] [1783987346.387039846] [laser_mapping]: publish_map: frame pts=0, total=0
[INFO] [1783987347.387044333] [laser_mapping]: publish_map: frame pts=0, total=0
[INFO] [1783987348.387032799] [laser_mapping]: publish_map: frame pts=0, total=0
[INFO] [1783987349.387040604] [laser_mapping]: publish_map: frame pts=0, total=0
[INFO] [1783987350.387040762] [laser_mapping]: publish_map: frame pts=0, total=0
[INFO] [1783987351.387034723] [laser_mapping]: publish_map: frame pts=0, total=0
[INFO] [1783987352.387025570] [laser_mapping]: publish_map: frame pts=0, total=0
[INFO] [1783987353.387048900] [laser_mapping]: publish_map: frame pts=0, total=0
[INFO] [1783987354.387040245] [laser_mapping]: publish_map: frame pts=0, total=0
[INFO] [1783987355.387050444] [laser_mapping]: publish_map: frame pts=0, total=0
[INFO] [1783987356.387034304] [laser_mapping]: publish_map: frame pts=0, total=0
[INFO] [1783987357.387058583] [laser_mapping]: publish_map: frame pts=0, total=0
[INFO] [1783987358.387053255] [laser_mapping]: publish_map: frame pts=0, total=0
[INFO] [1783987359.387058164] [laser_mapping]: publish_map: frame pts=0, total=0
[INFO] [1783987360.387057363] [laser_mapping]: publish_map: frame pts=0, total=0
[INFO] [1783987361.387049498] [laser_mapping]: publish_map: frame pts=0, total=0
[INFO] [1783987362.387062334] [laser_mapping]: publish_map: frame pts=0, total=0
[INFO] [1783987363.387037854] [laser_mapping]: publish_map: frame pts=0, total=0
[INFO] [1783987364.387043391] [laser_mapping]: publish_map: frame pts=0, total=0
[INFO] [1783987365.387038510] [laser_mapping]: publish_map: frame pts=0, total=0
[INFO] [1783987366.387135038] [laser_mapping]: publish_map: frame pts=0, total=0
[INFO] [1783987367.387036026] [laser_mapping]: publish_map: frame pts=0, total=0
[INFO] [1783987368.387039987] [laser_mapping]: publish_map: frame pts=0, total=0
[INFO] [1783987369.387041240] [laser_mapping]: publish_map: frame pts=0, total=0
[INFO] [1783987370.387029948] [laser_mapping]: publish_map: frame pts=0, total=0
[INFO] [1783987371.387034659] [laser_mapping]: publish_map: frame pts=0, total=0
[INFO] [1783987372.387056893] [laser_mapping]: publish_map: frame pts=0, total=0
[INFO] [1783987373.387032861] [laser_mapping]: publish_map: frame pts=0, total=0
[INFO] [1783987374.387037465] [laser_mapping]: publish_map: frame pts=0, total=0
[INFO] [1783987375.387042827] [laser_mapping]: publish_map: frame pts=0, total=0
[INFO] [1783987376.387043524] [laser_mapping]: publish_map: frame pts=0, total=0
[INFO] [1783987377.387039646] [laser_mapping]: publish_map: frame pts=0, total=0
[INFO] [1783987378.387132197] [laser_mapping]: publish_map: frame pts=0, total=0
[INFO] [1783987379.387031601] [laser_mapping]: publish_map: frame pts=0, total=0
[INFO] [1783987380.387063811] [laser_mapping]: publish_map: frame pts=0, total=0
[INFO] [1783987381.387062368] [laser_mapping]: publish_map: frame pts=0, total=0
[INFO] [1783987382.387040349] [laser_mapping]: publish_map: frame pts=0, total=0
[INFO] [1783987383.387036394] [laser_mapping]: publish_map: frame pts=0, total=0
[INFO] [1783987384.387032582] [laser_mapping]: publish_map: frame pts=0, total=0
[INFO] [1783987385.387037740] [laser_mapping]: publish_map: frame pts=0, total=0
[INFO] [1783987386.387045940] [laser_mapping]: publish_map: frame pts=0, total=0
[INFO] [1783987387.387039158] [laser_mapping]: publish_map: frame pts=0, total=0
[INFO] [1783987388.387054799] [laser_mapping]: publish_map: frame pts=0, total=0
[INFO] [1783987389.387054108] [laser_mapping]: publish_map: frame pts=0, total=0
[INFO] [1783987390.387188728] [laser_mapping]: publish_map: frame pts=0, total=0
[INFO] [1783987391.387188054] [laser_mapping]: publish_map: frame pts=0, total=0
[INFO] [1783987392.387056390] [laser_mapping]: publish_map: frame pts=0, total=0
[INFO] [1783987393.387047991] [laser_mapping]: publish_map: frame pts=0, total=0
[INFO] [1783987394.387132515] [laser_mapping]: publish_map: frame pts=0, total=0
[INFO] [1783987395.387033269] [laser_mapping]: publish_map: frame pts=0, total=0
[INFO] [1783987396.387044969] [laser_mapping]: publish_map: frame pts=0, total=0
[INFO] [1783987397.387041306] [laser_mapping]: publish_map: frame pts=0, total=0
[INFO] [1783987398.387032212] [laser_mapping]: publish_map: frame pts=0, total=0
[INFO] [1783987399.387131885] [laser_mapping]: publish_map: frame pts=0, total=0
[INFO] [1783987400.387046114] [laser_mapping]: publish_map: frame pts=0, total=0
[INFO] [1783987401.387041389] [laser_mapping]: publish_map: frame pts=0, total=0
[INFO] [1783987402.387030545] [laser_mapping]: publish_map: frame pts=0, total=0
[INFO] [1783987403.387034276] [laser_mapping]: publish_map: frame pts=0, total=0
[INFO] [1783987404.387133155] [laser_mapping]: publish_map: frame pts=0, total=0
[INFO] [1783987405.387041405] [laser_mapping]: publish_map: frame pts=0, total=0
[INFO] [1783987406.387169996] [laser_mapping]: publish_map: frame pts=0, total=0
[INFO] [1783987407.387123955] [laser_mapping]: publish_map: frame pts=0, total=0
[INFO] [1783987408.387076541] [laser_mapping]: publish_map: frame pts=0, total=0
[INFO] [1783987409.387041942] [laser_mapping]: publish_map: frame pts=0, total=0
[INFO] [1783987410.387045052] [laser_mapping]: publish_map: frame pts=0, total=0
[INFO] [1783987411.387055503] [laser_mapping]: publish_map: frame pts=0, total=0
[INFO] [1783987412.387050856] [laser_mapping]: publish_map: frame pts=0, total=0
[INFO] [1783987413.387175678] [laser_mapping]: publish_map: frame pts=0, total=0
[INFO] [1783987414.387057139] [laser_mapping]: publish_map: frame pts=0, total=0
[INFO] [1783987415.387183396] [laser_mapping]: publish_map: frame pts=0, total=0
[INFO] [1783987416.387054340] [laser_mapping]: publish_map: frame pts=0, total=0
[INFO] [1783987417.387054644] [laser_mapping]: publish_map: frame pts=0, total=0
[INFO] [1783987418.387131067] [laser_mapping]: publish_map: frame pts=0, total=0
[INFO] [1783987419.387073760] [laser_mapping]: publish_map: frame pts=0, total=0
[INFO] [1783987420.387060898] [laser_mapping]: publish_map: frame pts=0, total=0
[INFO] [1783987421.387063511] [laser_mapping]: publish_map: frame pts=0, total=0
[INFO] [1783987422.387112070] [laser_mapping]: publish_map: frame pts=0, total=0
[INFO] [1783987423.387142015] [laser_mapping]: publish_map: frame pts=0, total=0
[INFO] [1783987424.387044676] [laser_mapping]: publish_map: frame pts=0, total=0
[INFO] [1783987425.387055336] [laser_mapping]: publish_map: frame pts=0, total=0
[INFO] [1783987426.387207086] [laser_mapping]: publish_map: frame pts=0, total=0
[INFO] [1783987427.387144758] [laser_mapping]: publish_map: frame pts=0, total=0
[INFO] [1783987428.387053179] [laser_mapping]: publish_map: frame pts=0, total=0
[INFO] [1783987429.387064273] [laser_mapping]: publish_map: frame pts=0, total=0
[INFO] [1783987430.387134760] [laser_mapping]: publish_map: frame pts=0, total=0
[INFO] [1783987431.387064912] [laser_mapping]: publish_map: frame pts=0, total=0
[INFO] [1783987432.387064088] [laser_mapping]: publish_map: frame pts=0, total=0
[INFO] [1783987433.387038865] [laser_mapping]: publish_map: frame pts=0, total=0
[INFO] [1783987434.387187688] [laser_mapping]: publish_map: frame pts=0, total=0
[INFO] [1783987435.387039089] [laser_mapping]: publish_map: frame pts=0, total=0
[INFO] [1783987436.387039176] [laser_mapping]: publish_map: frame pts=0, total=0
[INFO] [1783987437.387037302] [laser_mapping]: publish_map: frame pts=0, total=0
[INFO] [1783987438.387137204] [laser_mapping]: publish_map: frame pts=0, total=0
[INFO] [1783987439.387179089] [laser_mapping]: publish_map: frame pts=0, total=0
[INFO] [1783987440.387067676] [laser_mapping]: publish_map: frame pts=0, total=0
[INFO] [1783987441.387054291] [laser_mapping]: publish_map: frame pts=0, total=0
[INFO] [1783987442.387046471] [laser_mapping]: publish_map: frame pts=0, total=0
[INFO] [1783987443.387043286] [laser_mapping]: publish_map: frame pts=0, total=0
[INFO] [1783987444.387053812] [laser_mapping]: publish_map: frame pts=0, total=0
[INFO] [1783987445.387041374] [laser_mapping]: publish_map: frame pts=0, total=0
[INFO] [1783987446.387055228] [laser_mapping]: publish_map: frame pts=0, total=0
[INFO] [1783987447.387034596] [laser_mapping]: publish_map: frame pts=0, total=0
[INFO] [1783987448.387044778] [laser_mapping]: publish_map: frame pts=0, total=0
[INFO] [1783987449.387048899] [laser_mapping]: publish_map: frame pts=0, total=0
[INFO] [1783987450.387069338] [laser_mapping]: publish_map: frame pts=0, total=0
[INFO] [1783987451.387050239] [laser_mapping]: publish_map: frame pts=0, total=0
[INFO] [1783987452.387026084] [laser_mapping]: publish_map: frame pts=0, total=0
[INFO] [1783987453.387042924] [laser_mapping]: publish_map: frame pts=0, total=0
[INFO] [1783987454.387046193] [laser_mapping]: publish_map: frame pts=0, total=0
[INFO] [1783987455.387054701] [laser_mapping]: publish_map: frame pts=0, total=0
[INFO] [1783987456.387048724] [laser_mapping]: publish_map: frame pts=0, total=0
[INFO] [1783987457.387162231] [laser_mapping]: publish_map: frame pts=0, total=0
[INFO] [1783987458.387171306] [laser_mapping]: publish_map: frame pts=0, total=0
[INFO] [1783987459.387051646] [laser_mapping]: publish_map: frame pts=0, total=0
[INFO] [1783987460.387164170] [laser_mapping]: publish_map: frame pts=0, total=0
[INFO] [1783987461.387034283] [laser_mapping]: publish_map: frame pts=0, total=0
[INFO] [1783987462.387031341] [laser_mapping]: publish_map: frame pts=0, total=0
[INFO] [1783987463.387157403] [laser_mapping]: publish_map: frame pts=0, total=0
[INFO] [1783987464.387051398] [laser_mapping]: publish_map: frame pts=0, total=0
[INFO] [1783987465.387038197] [laser_mapping]: publish_map: frame pts=0, total=0
[INFO] [1783987466.387047303] [laser_mapping]: publish_map: frame pts=0, total=0
[INFO] [1783987467.387043848] [laser_mapping]: publish_map: frame pts=0, total=0
[INFO] [1783987468.387038800] [laser_mapping]: publish_map: frame pts=0, total=0
[INFO] [1783987469.387031421] [laser_mapping]: publish_map: frame pts=0, total=0
[INFO] [1783987470.387059638] [laser_mapping]: publish_map: frame pts=0, total=0
[INFO] [1783987471.387046629] [laser_mapping]: publish_map: frame pts=0, total=0
[INFO] [1783987472.387031478] [laser_mapping]: publish_map: frame pts=0, total=0
[INFO] [1783987473.387031529] [laser_mapping]: publish_map: frame pts=0, total=0
[INFO] [1783987474.387057044] [laser_mapping]: publish_map: frame pts=0, total=0
[INFO] [1783987475.387034520] [laser_mapping]: publish_map: frame pts=0, total=0
[INFO] [1783987476.387061001] [laser_mapping]: publish_map: frame pts=0, total=0
[INFO] [1783987477.387031501] [laser_mapping]: publish_map: frame pts=0, total=0
[INFO] [1783987478.387175635] [laser_mapping]: publish_map: frame pts=0, total=0
[INFO] [1783987479.387055281] [laser_mapping]: publish_map: frame pts=0, total=0
[INFO] [1783987480.387165569] [laser_mapping]: publish_map: frame pts=0, total=0
[INFO] [1783987481.387202731] [laser_mapping]: publish_map: frame pts=0, total=0
[INFO] [1783987482.387062075] [laser_mapping]: publish_map: frame pts=0, total=0
[INFO] [1783987483.387174980] [laser_mapping]: publish_map: frame pts=0, total=0
[INFO] [1783987484.387176833] [laser_mapping]: publish_map: frame pts=0, total=0
[INFO] [1783987485.387043971] [laser_mapping]: publish_map: frame pts=0, total=0
[INFO] [1783987486.387112828] [laser_mapping]: publish_map: frame pts=0, total=0
[INFO] [1783987487.387046415] [laser_mapping]: publish_map: frame pts=0, total=0
[INFO] [1783987488.387220340] [laser_mapping]: publish_map: frame pts=0, total=0
[INFO] [1783987489.387231415] [laser_mapping]: publish_map: frame pts=0, total=0
[INFO] [1783987490.387053675] [laser_mapping]: publish_map: frame pts=0, total=0
[INFO] [1783987491.387153301] [laser_mapping]: publish_map: frame pts=0, total=0
[INFO] [1783987492.387035813] [laser_mapping]: publish_map: frame pts=0, total=0
[INFO] [1783987493.387050614] [laser_mapping]: publish_map: frame pts=0, total=0
[INFO] [1783987494.387058122] [laser_mapping]: publish_map: frame pts=0, total=0
[INFO] [1783987495.387042024] [laser_mapping]: publish_map: frame pts=0, total=0
[INFO] [1783987496.387053879] [laser_mapping]: publish_map: frame pts=0, total=0
[INFO] [1783987497.387051275] [laser_mapping]: publish_map: frame pts=0, total=0
[INFO] [1783987498.387040004] [laser_mapping]: publish_map: frame pts=0, total=0
[INFO] [1783987499.387035925] [laser_mapping]: publish_map: frame pts=0, total=0
[INFO] [1783987500.387296692] [laser_mapping]: publish_map: frame pts=0, total=0
[INFO] [1783987501.387160152] [laser_mapping]: publish_map: frame pts=0, total=0
[INFO] [1783987502.387197679] [laser_mapping]: publish_map: frame pts=0, total=0
[INFO] [1783987503.387034368] [laser_mapping]: publish_map: frame pts=0, total=0
[INFO] [1783987504.387254225] [laser_mapping]: publish_map: frame pts=0, total=0
[INFO] [1783987505.387054414] [laser_mapping]: publish_map: frame pts=0, total=0
[INFO] [1783987506.387045841] [laser_mapping]: publish_map: frame pts=0, total=0
[INFO] [1783987507.387051636] [laser_mapping]: publish_map: frame pts=0, total=0
[INFO] [1783987508.387044565] [laser_mapping]: publish_map: frame pts=0, total=0
[INFO] [1783987509.387042465] [laser_mapping]: publish_map: frame pts=0, total=0
[INFO] [1783987510.387033140] [laser_mapping]: publish_map: frame pts=0, total=0
[INFO] [1783987511.387055173] [laser_mapping]: publish_map: frame pts=0, total=0
[INFO] [1783987512.387040480] [laser_mapping]: publish_map: frame pts=0, total=0
[INFO] [1783987513.387142727] [laser_mapping]: publish_map: frame pts=0, total=0
[INFO] [1783987514.387136424] [laser_mapping]: publish_map: frame pts=0, total=0
[INFO] [1783987515.387225519] [laser_mapping]: publish_map: frame pts=0, total=0
[INFO] [1783987516.387039897] [laser_mapping]: publish_map: frame pts=0, total=0
[INFO] [1783987517.387047911] [laser_mapping]: publish_map: frame pts=0, total=0
[INFO] [1783987518.387040577] [laser_mapping]: publish_map: frame pts=0, total=0
[INFO] [1783987519.387039459] [laser_mapping]: publish_map: frame pts=0, total=0
[INFO] [1783987520.387059066] [laser_mapping]: publish_map: frame pts=0, total=0
[INFO] [1783987521.387055863] [laser_mapping]: publish_map: frame pts=0, total=0
[INFO] [1783987522.387034839] [laser_mapping]: publish_map: frame pts=0, total=0
[INFO] [1783987523.387034487] [laser_mapping]: publish_map: frame pts=0, total=0
[INFO] [1783987524.387151505] [laser_mapping]: publish_map: frame pts=0, total=0
[INFO] [1783987525.387048060] [laser_mapping]: publish_map: frame pts=0, total=0
[INFO] [1783987526.387032711] [laser_mapping]: publish_map: frame pts=0, total=0
[INFO] [1783987527.387032737] [laser_mapping]: publish_map: frame pts=0, total=0
[INFO] [1783987528.387032883] [laser_mapping]: publish_map: frame pts=0, total=0
[INFO] [1783987529.387030897] [laser_mapping]: publish_map: frame pts=0, total=0
[INFO] [1783987530.387034267] [laser_mapping]: publish_map: frame pts=0, total=0
[INFO] [1783987531.387034817] [laser_mapping]: publish_map: frame pts=0, total=0
[INFO] [1783987532.387029589] [laser_mapping]: publish_map: frame pts=0, total=0
[INFO] [1783987533.387036881] [laser_mapping]: publish_map: frame pts=0, total=0
[INFO] [1783987534.387045636] [laser_mapping]: publish_map: frame pts=0, total=0
[INFO] [1783987535.387053112] [laser_mapping]: publish_map: frame pts=0, total=0
[INFO] [1783987536.387048129] [laser_mapping]: publish_map: frame pts=0, total=0
[INFO] [1783987537.387033662] [laser_mapping]: publish_map: frame pts=0, total=0
[INFO] [1783987538.387059045] [laser_mapping]: publish_map: frame pts=0, total=0
[INFO] [1783987539.387033100] [laser_mapping]: publish_map: frame pts=0, total=0
[INFO] [1783987540.387073221] [laser_mapping]: publish_map: frame pts=0, total=0
[INFO] [1783987541.387147745] [laser_mapping]: publish_map: frame pts=0, total=0
[INFO] [1783987542.387057164] [laser_mapping]: publish_map: frame pts=0, total=0
[INFO] [1783987543.387045086] [laser_mapping]: publish_map: frame pts=0, total=0
[INFO] [1783987544.387052362] [laser_mapping]: publish_map: frame pts=0, total=0
[INFO] [1783987545.387064363] [laser_mapping]: publish_map: frame pts=0, total=0
[INFO] [1783987546.387144492] [laser_mapping]: publish_map: frame pts=0, total=0
[INFO] [1783987547.387057161] [laser_mapping]: publish_map: frame pts=0, total=0
[INFO] [1783987548.387043437] [laser_mapping]: publish_map: frame pts=0, total=0
[INFO] [1783987549.387039212] [laser_mapping]: publish_map: frame pts=0, total=0
[INFO] [1783987550.387126200] [laser_mapping]: publish_map: frame pts=0, total=0
[INFO] [1783987551.387033177] [laser_mapping]: publish_map: frame pts=0, total=0
[INFO] [1783987552.387218877] [laser_mapping]: publish_map: frame pts=0, total=0
[INFO] [1783987553.387050898] [laser_mapping]: publish_map: frame pts=0, total=0
[INFO] [1783987554.387080316] [laser_mapping]: publish_map: frame pts=0, total=0
[INFO] [1783987555.387172276] [laser_mapping]: publish_map: frame pts=0, total=0
[INFO] [1783987556.387060088] [laser_mapping]: publish_map: frame pts=0, total=0
[INFO] [1783987557.387034441] [laser_mapping]: publish_map: frame pts=0, total=0
[INFO] [1783987558.387047024] [laser_mapping]: publish_map: frame pts=0, total=0
[INFO] [1783987559.387058983] [laser_mapping]: publish_map: frame pts=0, total=0
[INFO] [1783987560.387044640] [laser_mapping]: publish_map: frame pts=0, total=0
[INFO] [1783987561.387049236] [laser_mapping]: publish_map: frame pts=0, total=0
[INFO] [1783987562.387159184] [laser_mapping]: publish_map: frame pts=0, total=0
[INFO] [1783987563.387135600] [laser_mapping]: publish_map: frame pts=0, total=0
[INFO] [1783987564.387024136] [laser_mapping]: publish_map: frame pts=0, total=0
[INFO] [1783987565.387034248] [laser_mapping]: publish_map: frame pts=0, total=0
[INFO] [1783987566.387181774] [laser_mapping]: publish_map: frame pts=0, total=0
[INFO] [1783987567.387124014] [laser_mapping]: publish_map: frame pts=0, total=0
[INFO] [1783987568.387050509] [laser_mapping]: publish_map: frame pts=0, total=0
[INFO] [1783987569.387041914] [laser_mapping]: publish_map: frame pts=0, total=0
[INFO] [1783987570.387032158] [laser_mapping]: publish_map: frame pts=0, total=0
[INFO] [1783987571.387035278] [laser_mapping]: publish_map: frame pts=0, total=0
[INFO] [1783987572.387032548] [laser_mapping]: publish_map: frame pts=0, total=0
[INFO] [1783987573.387033778] [laser_mapping]: publish_map: frame pts=0, total=0
[INFO] [1783987574.387030778] [laser_mapping]: publish_map: frame pts=0, total=0
[INFO] [1783987575.387059988] [laser_mapping]: publish_map: frame pts=0, total=0
[INFO] [1783987576.387049221] [laser_mapping]: publish_map: frame pts=0, total=0
[INFO] [1783987577.387051988] [laser_mapping]: publish_map: frame pts=0, total=0
[INFO] [1783987578.387031912] [laser_mapping]: publish_map: frame pts=0, total=0
[INFO] [1783987579.387050925] [laser_mapping]: publish_map: frame pts=0, total=0
[INFO] [1783987580.387058730] [laser_mapping]: publish_map: frame pts=0, total=0
[INFO] [1783987581.387225635] [laser_mapping]: publish_map: frame pts=0, total=0
[INFO] [1783987582.387182355] [laser_mapping]: publish_map: frame pts=0, total=0
[INFO] [1783987583.387059213] [laser_mapping]: publish_map: frame pts=0, total=0
[INFO] [1783987584.387057161] [laser_mapping]: publish_map: frame pts=0, total=0
[INFO] [1783987585.387034361] [laser_mapping]: publish_map: frame pts=0, total=0
[INFO] [1783987586.387135346] [laser_mapping]: publish_map: frame pts=0, total=0
[INFO] [1783987587.387037812] [laser_mapping]: publish_map: frame pts=0, total=0
[INFO] [1783987588.387030373] [laser_mapping]: publish_map: frame pts=0, total=0
[INFO] [1783987589.387055772] [laser_mapping]: publish_map: frame pts=0, total=0
[INFO] [1783987590.387049498] [laser_mapping]: publish_map: frame pts=0, total=0
[INFO] [1783987591.387041748] [laser_mapping]: publish_map: frame pts=0, total=0
[INFO] [1783987592.387037162] [laser_mapping]: publish_map: frame pts=0, total=0
[INFO] [1783987593.387162193] [laser_mapping]: publish_map: frame pts=0, total=0
[INFO] [1783987594.387053439] [laser_mapping]: publish_map: frame pts=0, total=0
[INFO] [1783987595.387032768] [laser_mapping]: publish_map: frame pts=0, total=0
[INFO] [1783987596.387031492] [laser_mapping]: publish_map: frame pts=0, total=0
[INFO] [1783987597.387032359] [laser_mapping]: publish_map: frame pts=0, total=0
[INFO] [1783987598.387047726] [laser_mapping]: publish_map: frame pts=0, total=0
[INFO] [1783987599.387049616] [laser_mapping]: publish_map: frame pts=0, total=0
[INFO] [1783987600.387066139] [laser_mapping]: publish_map: frame pts=0, total=0
[INFO] [1783987601.387043333] [laser_mapping]: publish_map: frame pts=0, total=0
[INFO] [1783987602.387046512] [laser_mapping]: publish_map: frame pts=0, total=0
[INFO] [1783987603.387049205] [laser_mapping]: publish_map: frame pts=0, total=0
[INFO] [1783987604.387035662] [laser_mapping]: publish_map: frame pts=0, total=0
[INFO] [1783987605.387037357] [laser_mapping]: publish_map: frame pts=0, total=0
[INFO] [1783987606.387034491] [laser_mapping]: publish_map: frame pts=0, total=0
[INFO] [1783987607.387050753] [laser_mapping]: publish_map: frame pts=0, total=0
[INFO] [1783987608.387044315] [laser_mapping]: publish_map: frame pts=0, total=0
[INFO] [1783987609.387057265] [laser_mapping]: publish_map: frame pts=0, total=0
[INFO] [1783987610.387065496] [laser_mapping]: publish_map: frame pts=0, total=0
[INFO] [1783987611.387061902] [laser_mapping]: publish_map: frame pts=0, total=0
[INFO] [1783987612.387035811] [laser_mapping]: publish_map: frame pts=0, total=0
[INFO] [1783987613.387037638] [laser_mapping]: publish_map: frame pts=0, total=0
[INFO] [1783987614.387049056] [laser_mapping]: publish_map: frame pts=0, total=0
[INFO] [1783987615.387167997] [laser_mapping]: publish_map: frame pts=0, total=0
[INFO] [1783987616.387042753] [laser_mapping]: publish_map: frame pts=0, total=0
[INFO] [1783987617.387200317] [laser_mapping]: publish_map: frame pts=0, total=0
[INFO] [1783987618.387036121] [laser_mapping]: publish_map: frame pts=0, total=0
[INFO] [1783987619.387040462] [laser_mapping]: publish_map: frame pts=0, total=0
[INFO] [1783987620.387068384] [laser_mapping]: publish_map: frame pts=0, total=0
[INFO] [1783987621.387048683] [laser_mapping]: publish_map: frame pts=0, total=0
[INFO] [1783987622.387056535] [laser_mapping]: publish_map: frame pts=0, total=0
[INFO] [1783987623.387111828] [laser_mapping]: publish_map: frame pts=0, total=0
[INFO] [1783987624.387067701] [laser_mapping]: publish_map: frame pts=0, total=0
[INFO] [1783987625.387034801] [laser_mapping]: publish_map: frame pts=0, total=0
[INFO] [1783987626.387032485] [laser_mapping]: publish_map: frame pts=0, total=0
[INFO] [1783987627.387030755] [laser_mapping]: publish_map: frame pts=0, total=0
[INFO] [1783987628.387048147] [laser_mapping]: publish_map: frame pts=0, total=0
[INFO] [1783987629.387065760] [laser_mapping]: publish_map: frame pts=0, total=0
[INFO] [1783987630.387054443] [laser_mapping]: publish_map: frame pts=0, total=0
[INFO] [1783987631.387116099] [laser_mapping]: publish_map: frame pts=0, total=0
[INFO] [1783987632.387055915] [laser_mapping]: publish_map: frame pts=0, total=0
[INFO] [1783987633.387114556] [laser_mapping]: publish_map: frame pts=0, total=0
[INFO] [1783987634.387045508] [laser_mapping]: publish_map: frame pts=0, total=0
[INFO] [1783987635.387051564] [laser_mapping]: publish_map: frame pts=0, total=0
[INFO] [1783987636.387145193] [laser_mapping]: publish_map: frame pts=0, total=0
[INFO] [1783987637.387071691] [laser_mapping]: publish_map: frame pts=0, total=0
[INFO] [1783987638.387154332] [laser_mapping]: publish_map: frame pts=0, total=0
[INFO] [1783987639.387046668] [laser_mapping]: publish_map: frame pts=0, total=0
[INFO] [1783987640.387054704] [laser_mapping]: publish_map: frame pts=0, total=0
[INFO] [1783987641.387099921] [laser_mapping]: publish_map: frame pts=0, total=0
[INFO] [1783987642.387055692] [laser_mapping]: publish_map: frame pts=0, total=0
[INFO] [1783987643.387038141] [laser_mapping]: publish_map: frame pts=0, total=0
[INFO] [1783987644.387038289] [laser_mapping]: publish_map: frame pts=0, total=0
[INFO] [1783987645.387038576] [laser_mapping]: publish_map: frame pts=0, total=0
[INFO] [1783987646.387041486] [laser_mapping]: publish_map: frame pts=0, total=0
[INFO] [1783987647.387027625] [laser_mapping]: publish_map: frame pts=0, total=0
[INFO] [1783987648.387046725] [laser_mapping]: publish_map: frame pts=0, total=0
[INFO] [1783987649.387052698] [laser_mapping]: publish_map: frame pts=0, total=0
[INFO] [1783987650.387045811] [laser_mapping]: publish_map: frame pts=0, total=0
[INFO] [1783987651.387034258] [laser_mapping]: publish_map: frame pts=0, total=0
[INFO] [1783987652.387039881] [laser_mapping]: publish_map: frame pts=0, total=0
[INFO] [1783987653.387026737] [laser_mapping]: publish_map: frame pts=0, total=0
[INFO] [1783987654.387060570] [laser_mapping]: publish_map: frame pts=0, total=0
[INFO] [1783987655.387126270] [laser_mapping]: publish_map: frame pts=0, total=0
[INFO] [1783987656.386990414] [laser_mapping]: publish_map: frame pts=0, total=0
[INFO] [1783987657.387036162] [laser_mapping]: publish_map: frame pts=0, total=0
[INFO] [1783987658.387057942] [laser_mapping]: publish_map: frame pts=0, total=0
[INFO] [1783987659.387044553] [laser_mapping]: publish_map: frame pts=0, total=0
[INFO] [1783987660.387033195] [laser_mapping]: publish_map: frame pts=0, total=0
[INFO] [1783987661.387036271] [laser_mapping]: publish_map: frame pts=0, total=0
[INFO] [1783987662.387203821] [laser_mapping]: publish_map: frame pts=0, total=0
[INFO] [1783987663.387052739] [laser_mapping]: publish_map: frame pts=0, total=0
[INFO] [1783987664.387040525] [laser_mapping]: publish_map: frame pts=0, total=0
[INFO] [1783987665.387157436] [laser_mapping]: publish_map: frame pts=0, total=0
[INFO] [1783987666.387040364] [laser_mapping]: publish_map: frame pts=0, total=0
[INFO] [1783987667.387045729] [laser_mapping]: publish_map: frame pts=0, total=0
[INFO] [1783987668.387039780] [laser_mapping]: publish_map: frame pts=0, total=0
[INFO] [1783987669.387039561] [laser_mapping]: publish_map: frame pts=0, total=0
[INFO] [1783987670.387039201] [laser_mapping]: publish_map: frame pts=0, total=0
[INFO] [1783987671.387032836] [laser_mapping]: publish_map: frame pts=0, total=0
[INFO] [1783987672.387037762] [laser_mapping]: publish_map: frame pts=0, total=0
[INFO] [1783987673.387054576] [laser_mapping]: publish_map: frame pts=0, total=0
[INFO] [1783987674.387058021] [laser_mapping]: publish_map: frame pts=0, total=0
[INFO] [1783987675.387047953] [laser_mapping]: publish_map: frame pts=0, total=0
[INFO] [1783987676.387183738] [laser_mapping]: publish_map: frame pts=0, total=0
[INFO] [1783987677.387050553] [laser_mapping]: publish_map: frame pts=0, total=0
[INFO] [1783987678.387056599] [laser_mapping]: publish_map: frame pts=0, total=0
[INFO] [1783987679.387153576] [laser_mapping]: publish_map: frame pts=0, total=0
[INFO] [1783987680.387050475] [laser_mapping]: publish_map: frame pts=0, total=0
[INFO] [1783987681.387046090] [laser_mapping]: publish_map: frame pts=0, total=0
[INFO] [1783987682.387048110] [laser_mapping]: publish_map: frame pts=0, total=0
[INFO] [1783987683.387041893] [laser_mapping]: publish_map: frame pts=0, total=0
[INFO] [1783987684.387161289] [laser_mapping]: publish_map: frame pts=0, total=0
[INFO] [1783987685.387168706] [laser_mapping]: publish_map: frame pts=0, total=0
[INFO] [1783987686.387052060] [laser_mapping]: publish_map: frame pts=0, total=0
[INFO] [1783987687.387035287] [laser_mapping]: publish_map: frame pts=0, total=0
[INFO] [1783987688.387029297] [laser_mapping]: publish_map: frame pts=0, total=0
[INFO] [1783987689.387035312] [laser_mapping]: publish_map: frame pts=0, total=0
[INFO] [1783987690.387035139] [laser_mapping]: publish_map: frame pts=0, total=0
[INFO] [1783987691.387045664] [laser_mapping]: publish_map: frame pts=0, total=0
[INFO] [1783987692.387049137] [laser_mapping]: publish_map: frame pts=0, total=0
[INFO] [1783987693.387036679] [laser_mapping]: publish_map: frame pts=0, total=0
[INFO] [1783987694.387039472] [laser_mapping]: publish_map: frame pts=0, total=0
[INFO] [1783987695.387040698] [laser_mapping]: publish_map: frame pts=0, total=0
[INFO] [1783987696.387033533] [laser_mapping]: publish_map: frame pts=0, total=0
[INFO] [1783987697.387044265] [laser_mapping]: publish_map: frame pts=0, total=0
[INFO] [1783987698.387042137] [laser_mapping]: publish_map: frame pts=0, total=0
[INFO] [1783987699.387061797] [laser_mapping]: publish_map: frame pts=0, total=0
[INFO] [1783987700.387041818] [laser_mapping]: publish_map: frame pts=0, total=0
[INFO] [1783987701.387000209] [laser_mapping]: publish_map: frame pts=0, total=0
[INFO] [1783987702.387178986] [laser_mapping]: publish_map: frame pts=0, total=0
[INFO] [1783987703.387056389] [laser_mapping]: publish_map: frame pts=0, total=0
[INFO] [1783987704.387173903] [laser_mapping]: publish_map: frame pts=0, total=0
[INFO] [1783987705.387055298] [laser_mapping]: publish_map: frame pts=0, total=0
[INFO] [1783987706.387060735] [laser_mapping]: publish_map: frame pts=0, total=0
[INFO] [1783987707.387045849] [laser_mapping]: publish_map: frame pts=0, total=0
[INFO] [1783987708.387119320] [laser_mapping]: publish_map: frame pts=0, total=0
[INFO] [1783987709.387050477] [laser_mapping]: publish_map: frame pts=0, total=0
[INFO] [1783987710.387176071] [laser_mapping]: publish_map: frame pts=0, total=0
[INFO] [1783987711.387050160] [laser_mapping]: publish_map: frame pts=0, total=0
[INFO] [1783987712.387178691] [laser_mapping]: publish_map: frame pts=0, total=0
[INFO] [1783987713.387034169] [laser_mapping]: publish_map: frame pts=0, total=0
[INFO] [1783987714.387045586] [laser_mapping]: publish_map: frame pts=0, total=0
[INFO] [1783987715.387216867] [laser_mapping]: publish_map: frame pts=0, total=0
[INFO] [1783987716.387044798] [laser_mapping]: publish_map: frame pts=0, total=0
[INFO] [1783987717.387050867] [laser_mapping]: publish_map: frame pts=0, total=0
[INFO] [1783987718.387047426] [laser_mapping]: publish_map: frame pts=0, total=0
[INFO] [1783987719.387050243] [laser_mapping]: publish_map: frame pts=0, total=0
[INFO] [1783987720.387068068] [laser_mapping]: publish_map: frame pts=0, total=0
[INFO] [1783987721.387033270] [laser_mapping]: publish_map: frame pts=0, total=0
[INFO] [1783987722.387049405] [laser_mapping]: publish_map: frame pts=0, total=0
[INFO] [1783987723.387032040] [laser_mapping]: publish_map: frame pts=0, total=0
[INFO] [1783987724.387063908] [laser_mapping]: publish_map: frame pts=0, total=0
[INFO] [1783987725.387032375] [laser_mapping]: publish_map: frame pts=0, total=0
[INFO] [1783987726.387032981] [laser_mapping]: publish_map: frame pts=0, total=0
[INFO] [1783987727.387050364] [laser_mapping]: publish_map: frame pts=0, total=0
[INFO] [1783987728.387060240] [laser_mapping]: publish_map: frame pts=0, total=0
[INFO] [1783987729.387054915] [laser_mapping]: publish_map: frame pts=0, total=0
[INFO] [1783987730.387191803] [laser_mapping]: publish_map: frame pts=0, total=0
[INFO] [1783987731.387180468] [laser_mapping]: publish_map: frame pts=0, total=0
[INFO] [1783987732.387056455] [laser_mapping]: publish_map: frame pts=0, total=0
[INFO] [1783987733.387026154] [laser_mapping]: publish_map: frame pts=0, total=0
[INFO] [1783987734.387039581] [laser_mapping]: publish_map: frame pts=0, total=0
[INFO] [1783987735.387033363] [laser_mapping]: publish_map: frame pts=0, total=0
[INFO] [1783987736.387059647] [laser_mapping]: publish_map: frame pts=0, total=0
[INFO] [1783987737.387049044] [laser_mapping]: publish_map: frame pts=0, total=0
[INFO] [1783987738.387050066] [laser_mapping]: publish_map: frame pts=0, total=0
[INFO] [1783987739.387042412] [laser_mapping]: publish_map: frame pts=0, total=0
[INFO] [1783987740.387042759] [laser_mapping]: publish_map: frame pts=0, total=0
[INFO] [1783987741.387133912] [laser_mapping]: publish_map: frame pts=0, total=0
[INFO] [1783987742.387058744] [laser_mapping]: publish_map: frame pts=0, total=0
[INFO] [1783987743.387058097] [laser_mapping]: publish_map: frame pts=0, total=0
[INFO] [1783987744.387058137] [laser_mapping]: publish_map: frame pts=0, total=0
[INFO] [1783987745.387040223] [laser_mapping]: publish_map: frame pts=0, total=0
[INFO] [1783987746.387054953] [laser_mapping]: publish_map: frame pts=0, total=0
[INFO] [1783987747.387161361] [laser_mapping]: publish_map: frame pts=0, total=0
[INFO] [1783987748.387056741] [laser_mapping]: publish_map: frame pts=0, total=0
[INFO] [1783987749.387064872] [laser_mapping]: publish_map: frame pts=0, total=0
[INFO] [1783987750.387123136] [laser_mapping]: publish_map: frame pts=0, total=0
[INFO] [1783987751.387130242] [laser_mapping]: publish_map: frame pts=0, total=0
[INFO] [1783987752.387042420] [laser_mapping]: publish_map: frame pts=0, total=0
[INFO] [1783987753.387043158] [laser_mapping]: publish_map: frame pts=0, total=0
[INFO] [1783987754.387144129] [laser_mapping]: publish_map: frame pts=0, total=0
[INFO] [1783987755.387061547] [laser_mapping]: publish_map: frame pts=0, total=0
[INFO] [1783987756.387044786] [laser_mapping]: publish_map: frame pts=0, total=0
[INFO] [1783987757.387035330] [laser_mapping]: publish_map: frame pts=0, total=0
[INFO] [1783987758.387058814] [laser_mapping]: publish_map: frame pts=0, total=0
[INFO] [1783987759.387138292] [laser_mapping]: publish_map: frame pts=0, total=0
[INFO] [1783987760.387046905] [laser_mapping]: publish_map: frame pts=0, total=0
[INFO] [1783987761.387045042] [laser_mapping]: publish_map: frame pts=0, total=0
[INFO] [1783987762.387034057] [laser_mapping]: publish_map: frame pts=0, total=0
[INFO] [1783987763.387045808] [laser_mapping]: publish_map: frame pts=0, total=0
[INFO] [1783987764.387043861] [laser_mapping]: publish_map: frame pts=0, total=0
[INFO] [1783987765.387053979] [laser_mapping]: publish_map: frame pts=0, total=0
[INFO] [1783987766.387044557] [laser_mapping]: publish_map: frame pts=0, total=0
[INFO] [1783987767.387042634] [laser_mapping]: publish_map: frame pts=0, total=0
[INFO] [1783987768.387042975] [laser_mapping]: publish_map: frame pts=0, total=0
[INFO] [1783987769.387052422] [laser_mapping]: publish_map: frame pts=0, total=0
[INFO] [1783987770.387073182] [laser_mapping]: publish_map: frame pts=0, total=0
[INFO] [1783987771.387189612] [laser_mapping]: publish_map: frame pts=0, total=0
[INFO] [1783987772.387056397] [laser_mapping]: publish_map: frame pts=0, total=0
[INFO] [1783987773.387061374] [laser_mapping]: publish_map: frame pts=0, total=0
[INFO] [1783987774.387057272] [laser_mapping]: publish_map: frame pts=0, total=0
[INFO] [1783987775.387057627] [laser_mapping]: publish_map: frame pts=0, total=0
[INFO] [1783987776.387044759] [laser_mapping]: publish_map: frame pts=0, total=0
[INFO] [1783987777.387135066] [laser_mapping]: publish_map: frame pts=0, total=0
[INFO] [1783987778.387026340] [laser_mapping]: publish_map: frame pts=0, total=0
[INFO] [1783987779.387112068] [laser_mapping]: publish_map: frame pts=0, total=0
[INFO] [1783987780.387219255] [laser_mapping]: publish_map: frame pts=0, total=0
[INFO] [1783987781.387154144] [laser_mapping]: publish_map: frame pts=0, total=0
[INFO] [1783987782.387146921] [laser_mapping]: publish_map: frame pts=0, total=0
[INFO] [1783987783.387090746] [laser_mapping]: publish_map: frame pts=0, total=0
[INFO] [1783987784.387217879] [laser_mapping]: publish_map: frame pts=0, total=0
[INFO] [1783987785.387039954] [laser_mapping]: publish_map: frame pts=0, total=0
[INFO] [1783987786.387044361] [laser_mapping]: publish_map: frame pts=0, total=0
[INFO] [1783987787.387047928] [laser_mapping]: publish_map: frame pts=0, total=0
[INFO] [1783987788.387038102] [laser_mapping]: publish_map: frame pts=0, total=0
[INFO] [1783987789.387194128] [laser_mapping]: publish_map: frame pts=0, total=0
[INFO] [1783987790.387053033] [laser_mapping]: publish_map: frame pts=0, total=0
[INFO] [1783987791.387045369] [laser_mapping]: publish_map: frame pts=0, total=0
[INFO] [1783987792.387044172] [laser_mapping]: publish_map: frame pts=0, total=0
[INFO] [1783987793.387043539] [laser_mapping]: publish_map: frame pts=0, total=0
[INFO] [1783987794.387134989] [laser_mapping]: publish_map: frame pts=0, total=0
[INFO] [1783987795.387060862] [laser_mapping]: publish_map: frame pts=0, total=0
[INFO] [1783987796.387125791] [laser_mapping]: publish_map: frame pts=0, total=0
[INFO] [1783987797.387197036] [laser_mapping]: publish_map: frame pts=0, total=0
[INFO] [1783987798.387068342] [laser_mapping]: publish_map: frame pts=0, total=0
[INFO] [1783987799.387124102] [laser_mapping]: publish_map: frame pts=0, total=0
[INFO] [1783987800.387043663] [laser_mapping]: publish_map: frame pts=0, total=0
[INFO] [1783987801.387044305] [laser_mapping]: publish_map: frame pts=0, total=0
[INFO] [1783987802.387061797] [laser_mapping]: publish_map: frame pts=0, total=0
[INFO] [1783987803.387039935] [laser_mapping]: publish_map: frame pts=0, total=0
[INFO] [1783987804.387039418] [laser_mapping]: publish_map: frame pts=0, total=0
[INFO] [1783987805.387173017] [laser_mapping]: publish_map: frame pts=0, total=0
[INFO] [1783987806.387054923] [laser_mapping]: publish_map: frame pts=0, total=0
[INFO] [1783987807.387060174] [laser_mapping]: publish_map: frame pts=0, total=0
[INFO] [1783987808.387047096] [laser_mapping]: publish_map: frame pts=0, total=0
[INFO] [1783987809.387037575] [laser_mapping]: publish_map: frame pts=0, total=0
[INFO] [1783987810.387038453] [laser_mapping]: publish_map: frame pts=0, total=0
[INFO] [1783987811.387076788] [laser_mapping]: publish_map: frame pts=0, total=0
[INFO] [1783987812.387031180] [laser_mapping]: publish_map: frame pts=0, total=0
[INFO] [1783987813.387121453] [laser_mapping]: publish_map: frame pts=0, total=0
[INFO] [1783987814.387033495] [laser_mapping]: publish_map: frame pts=0, total=0
[INFO] [1783987815.387043648] [laser_mapping]: publish_map: frame pts=0, total=0
[INFO] [1783987816.387058085] [laser_mapping]: publish_map: frame pts=0, total=0
[INFO] [1783987817.387043271] [laser_mapping]: publish_map: frame pts=0, total=0
[INFO] [1783987818.387031574] [laser_mapping]: publish_map: frame pts=0, total=0
[INFO] [1783987819.387031891] [laser_mapping]: publish_map: frame pts=0, total=0
[INFO] [1783987820.387037652] [laser_mapping]: publish_map: frame pts=0, total=0
[INFO] [1783987821.387044723] [laser_mapping]: publish_map: frame pts=0, total=0
[INFO] [1783987822.387033959] [laser_mapping]: publish_map: frame pts=0, total=0
[INFO] [1783987823.387036028] [laser_mapping]: publish_map: frame pts=0, total=0
[INFO] [1783987824.387035592] [laser_mapping]: publish_map: frame pts=0, total=0
[INFO] [1783987825.387032191] [laser_mapping]: publish_map: frame pts=0, total=0
[INFO] [1783987826.387038970] [laser_mapping]: publish_map: frame pts=0, total=0
[INFO] [1783987827.387032395] [laser_mapping]: publish_map: frame pts=0, total=0
[INFO] [1783987828.387043134] [laser_mapping]: publish_map: frame pts=0, total=0
[INFO] [1783987829.387040770] [laser_mapping]: publish_map: frame pts=0, total=0
[INFO] [1783987830.387031820] [laser_mapping]: publish_map: frame pts=0, total=0
[INFO] [1783987831.387033014] [laser_mapping]: publish_map: frame pts=0, total=0
[INFO] [1783987832.387031959] [laser_mapping]: publish_map: frame pts=0, total=0
[INFO] [1783987833.387031461] [laser_mapping]: publish_map: frame pts=0, total=0
[INFO] [1783987834.387030897] [laser_mapping]: publish_map: frame pts=0, total=0
[INFO] [1783987835.387047040] [laser_mapping]: publish_map: frame pts=0, total=0
[INFO] [1783987836.387031849] [laser_mapping]: publish_map: frame pts=0, total=0
[INFO] [1783987837.387054519] [laser_mapping]: publish_map: frame pts=0, total=0
[INFO] [1783987838.387030495] [laser_mapping]: publish_map: frame pts=0, total=0
[INFO] [1783987839.387028553] [laser_mapping]: publish_map: frame pts=0, total=0
[INFO] [1783987840.387065612] [laser_mapping]: publish_map: frame pts=0, total=0
[INFO] [1783987841.387055446] [laser_mapping]: publish_map: frame pts=0, total=0
[INFO] [1783987842.387043439] [laser_mapping]: publish_map: frame pts=0, total=0
[INFO] [1783987843.387025206] [laser_mapping]: publish_map: frame pts=0, total=0
[INFO] [1783987844.387195382] [laser_mapping]: publish_map: frame pts=0, total=0
[INFO] [1783987845.387169427] [laser_mapping]: publish_map: frame pts=0, total=0
[INFO] [1783987846.387148914] [laser_mapping]: publish_map: frame pts=0, total=0
[INFO] [1783987847.387034629] [laser_mapping]: publish_map: frame pts=0, total=0
[INFO] [1783987848.387045191] [laser_mapping]: publish_map: frame pts=0, total=0
[INFO] [1783987849.387174806] [laser_mapping]: publish_map: frame pts=0, total=0
[INFO] [1783987850.387056576] [laser_mapping]: publish_map: frame pts=0, total=0
[INFO] [1783987851.387058808] [laser_mapping]: publish_map: frame pts=0, total=0
[INFO] [1783987852.387036916] [laser_mapping]: publish_map: frame pts=0, total=0
[INFO] [1783987853.387048133] [laser_mapping]: publish_map: frame pts=0, total=0
[INFO] [1783987854.387027237] [laser_mapping]: publish_map: frame pts=0, total=0
[INFO] [1783987855.387049285] [laser_mapping]: publish_map: frame pts=0, total=0
[INFO] [1783987856.387046146] [laser_mapping]: publish_map: frame pts=0, total=0
[INFO] [1783987857.387200216] [laser_mapping]: publish_map: frame pts=0, total=0
[INFO] [1783987858.387152722] [laser_mapping]: publish_map: frame pts=0, total=0
[INFO] [1783987859.387063249] [laser_mapping]: publish_map: frame pts=0, total=0
[INFO] [1783987860.387063783] [laser_mapping]: publish_map: frame pts=0, total=0
[INFO] [1783987861.387038908] [laser_mapping]: publish_map: frame pts=0, total=0
[INFO] [1783987862.387034106] [laser_mapping]: publish_map: frame pts=0, total=0
[INFO] [1783987863.387046166] [laser_mapping]: publish_map: frame pts=0, total=0
[INFO] [1783987864.387039310] [laser_mapping]: publish_map: frame pts=0, total=0
[INFO] [1783987865.387033683] [laser_mapping]: publish_map: frame pts=0, total=0
[INFO] [1783987866.387032633] [laser_mapping]: publish_map: frame pts=0, total=0
[INFO] [1783987867.387048413] [laser_mapping]: publish_map: frame pts=0, total=0
[INFO] [1783987868.387054865] [laser_mapping]: publish_map: frame pts=0, total=0
[INFO] [1783987869.387076064] [laser_mapping]: publish_map: frame pts=0, total=0
[INFO] [1783987870.387160417] [laser_mapping]: publish_map: frame pts=0, total=0
[INFO] [1783987871.387058568] [laser_mapping]: publish_map: frame pts=0, total=0
[INFO] [1783987872.387042494] [laser_mapping]: publish_map: frame pts=0, total=0
[INFO] [1783987873.387038253] [laser_mapping]: publish_map: frame pts=0, total=0
[INFO] [1783987874.387060236] [laser_mapping]: publish_map: frame pts=0, total=0
[INFO] [1783987875.387032684] [laser_mapping]: publish_map: frame pts=0, total=0
[INFO] [1783987876.387049744] [laser_mapping]: publish_map: frame pts=0, total=0
[INFO] [1783987877.387041803] [laser_mapping]: publish_map: frame pts=0, total=0
[INFO] [1783987878.387047620] [laser_mapping]: publish_map: frame pts=0, total=0
[INFO] [1783987879.387175457] [laser_mapping]: publish_map: frame pts=0, total=0
[INFO] [1783987880.387124592] [laser_mapping]: publish_map: frame pts=0, total=0
[INFO] [1783987881.387034293] [laser_mapping]: publish_map: frame pts=0, total=0
[INFO] [1783987882.387034751] [laser_mapping]: publish_map: frame pts=0, total=0
[INFO] [1783987883.387152224] [laser_mapping]: publish_map: frame pts=0, total=0
[INFO] [1783987884.387060637] [laser_mapping]: publish_map: frame pts=0, total=0
[INFO] [1783987885.387044656] [laser_mapping]: publish_map: frame pts=0, total=0
[INFO] [1783987886.387046762] [laser_mapping]: publish_map: frame pts=0, total=0
[INFO] [1783987887.387052571] [laser_mapping]: publish_map: frame pts=0, total=0
[INFO] [1783987888.387031580] [laser_mapping]: publish_map: frame pts=0, total=0
[INFO] [1783987889.387031986] [laser_mapping]: publish_map: frame pts=0, total=0
[INFO] [1783987890.387058784] [laser_mapping]: publish_map: frame pts=0, total=0
[INFO] [1783987891.387056266] [laser_mapping]: publish_map: frame pts=0, total=0
[INFO] [1783987892.387062762] [laser_mapping]: publish_map: frame pts=0, total=0
[INFO] [1783987893.387060340] [laser_mapping]: publish_map: frame pts=0, total=0
[INFO] [1783987894.387060602] [laser_mapping]: publish_map: frame pts=0, total=0
[INFO] [1783987895.387018518] [laser_mapping]: publish_map: frame pts=0, total=0
[INFO] [1783987896.387061770] [laser_mapping]: publish_map: frame pts=0, total=0
[INFO] [1783987897.387062615] [laser_mapping]: publish_map: frame pts=0, total=0
[INFO] [1783987898.387056976] [laser_mapping]: publish_map: frame pts=0, total=0
[INFO] [1783987899.387067338] [laser_mapping]: publish_map: frame pts=0, total=0
[INFO] [1783987900.387119805] [laser_mapping]: publish_map: frame pts=0, total=0
[INFO] [1783987901.387140539] [laser_mapping]: publish_map: frame pts=0, total=0
[INFO] [1783987902.387175672] [laser_mapping]: publish_map: frame pts=0, total=0
[INFO] [1783987903.387173449] [laser_mapping]: publish_map: frame pts=0, total=0
[INFO] [1783987904.387115735] [laser_mapping]: publish_map: frame pts=0, total=0
[INFO] [1783987905.387062780] [laser_mapping]: publish_map: frame pts=0, total=0
[INFO] [1783987906.387058912] [laser_mapping]: publish_map: frame pts=0, total=0
[INFO] [1783987907.387046271] [laser_mapping]: publish_map: frame pts=0, total=0
[INFO] [1783987908.387066808] [laser_mapping]: publish_map: frame pts=0, total=0
[INFO] [1783987909.387063349] [laser_mapping]: publish_map: frame pts=0, total=0
[INFO] [1783987910.387051327] [laser_mapping]: publish_map: frame pts=0, total=0
[INFO] [1783987911.387042069] [laser_mapping]: publish_map: frame pts=0, total=0
[INFO] [1783987912.387165579] [laser_mapping]: publish_map: frame pts=0, total=0
[INFO] [1783987913.387036323] [laser_mapping]: publish_map: frame pts=0, total=0
[INFO] [1783987914.387228044] [laser_mapping]: publish_map: frame pts=0, total=0
[INFO] [1783987915.387229491] [laser_mapping]: publish_map: frame pts=0, total=0
[INFO] [1783987916.387051636] [laser_mapping]: publish_map: frame pts=0, total=0
[INFO] [1783987917.387155431] [laser_mapping]: publish_map: frame pts=0, total=0
[INFO] [1783987918.387039304] [laser_mapping]: publish_map: frame pts=0, total=0
[INFO] [1783987919.387043097] [laser_mapping]: publish_map: frame pts=0, total=0
[INFO] [1783987920.387064767] [laser_mapping]: publish_map: frame pts=0, total=0
[INFO] [1783987921.387050875] [laser_mapping]: publish_map: frame pts=0, total=0
[INFO] [1783987922.387034251] [laser_mapping]: publish_map: frame pts=0, total=0
[INFO] [1783987923.387049164] [laser_mapping]: publish_map: frame pts=0, total=0
[INFO] [1783987924.387119131] [laser_mapping]: publish_map: frame pts=0, total=0
[INFO] [1783987925.387048482] [laser_mapping]: publish_map: frame pts=0, total=0
[INFO] [1783987926.387047710] [laser_mapping]: publish_map: frame pts=0, total=0
[INFO] [1783987927.387050194] [laser_mapping]: publish_map: frame pts=0, total=0
[INFO] [1783987928.387055810] [laser_mapping]: publish_map: frame pts=0, total=0
[INFO] [1783987929.387170478] [laser_mapping]: publish_map: frame pts=0, total=0
[INFO] [1783987930.387071650] [laser_mapping]: publish_map: frame pts=0, total=0
[INFO] [1783987931.387043377] [laser_mapping]: publish_map: frame pts=0, total=0
[INFO] [1783987932.387108498] [laser_mapping]: publish_map: frame pts=0, total=0
[INFO] [1783987933.387046818] [laser_mapping]: publish_map: frame pts=0, total=0
[INFO] [1783987934.387032386] [laser_mapping]: publish_map: frame pts=0, total=0
[INFO] [1783987935.387041819] [laser_mapping]: publish_map: frame pts=0, total=0
[INFO] [1783987936.387117819] [laser_mapping]: publish_map: frame pts=0, total=0
[INFO] [1783987937.387044283] [laser_mapping]: publish_map: frame pts=0, total=0
[INFO] [1783987938.387035926] [laser_mapping]: publish_map: frame pts=0, total=0
[INFO] [1783987939.387043644] [laser_mapping]: publish_map: frame pts=0, total=0
[INFO] [1783987940.387048427] [laser_mapping]: publish_map: frame pts=0, total=0
[INFO] [1783987941.387059153] [laser_mapping]: publish_map: frame pts=0, total=0
[INFO] [1783987942.387114842] [laser_mapping]: publish_map: frame pts=0, total=0
[INFO] [1783987943.387052441] [laser_mapping]: publish_map: frame pts=0, total=0
[INFO] [1783987944.387223929] [laser_mapping]: publish_map: frame pts=0, total=0
[INFO] [1783987945.387058848] [laser_mapping]: publish_map: frame pts=0, total=0
[INFO] [1783987946.387062831] [laser_mapping]: publish_map: frame pts=0, total=0
[INFO] [1783987947.387176159] [laser_mapping]: publish_map: frame pts=0, total=0
[INFO] [1783987948.387056231] [laser_mapping]: publish_map: frame pts=0, total=0
[INFO] [1783987949.387193763] [laser_mapping]: publish_map: frame pts=0, total=0
[INFO] [1783987950.387056716] [laser_mapping]: publish_map: frame pts=0, total=0
[INFO] [1783987951.387058376] [laser_mapping]: publish_map: frame pts=0, total=0
[INFO] [1783987952.387146044] [laser_mapping]: publish_map: frame pts=0, total=0
[INFO] [1783987953.387041080] [laser_mapping]: publish_map: frame pts=0, total=0
[INFO] [1783987954.387078315] [laser_mapping]: publish_map: frame pts=0, total=0
[INFO] [1783987955.387042443] [laser_mapping]: publish_map: frame pts=0, total=0
[INFO] [1783987956.387040387] [laser_mapping]: publish_map: frame pts=0, total=0
[INFO] [1783987957.387280793] [laser_mapping]: publish_map: frame pts=0, total=0
[INFO] [1783987958.387050640] [laser_mapping]: publish_map: frame pts=0, total=0
[INFO] [1783987959.387048510] [laser_mapping]: publish_map: frame pts=0, total=0
[INFO] [1783987960.387062235] [laser_mapping]: publish_map: frame pts=0, total=0
[INFO] [1783987961.387049848] [laser_mapping]: publish_map: frame pts=0, total=0
[INFO] [1783987962.387038703] [laser_mapping]: publish_map: frame pts=0, total=0
[INFO] [1783987963.387037941] [laser_mapping]: publish_map: frame pts=0, total=0
[INFO] [1783987964.387043048] [laser_mapping]: publish_map: frame pts=0, total=0
[INFO] [1783987965.387042261] [laser_mapping]: publish_map: frame pts=0, total=0
[INFO] [1783987966.387057896] [laser_mapping]: publish_map: frame pts=0, total=0
[INFO] [1783987967.387068176] [laser_mapping]: publish_map: frame pts=0, total=0
[INFO] [1783987968.387027122] [laser_mapping]: publish_map: frame pts=0, total=0
[INFO] [1783987969.387045151] [laser_mapping]: publish_map: frame pts=0, total=0
[INFO] [1783987970.387063953] [laser_mapping]: publish_map: frame pts=0, total=0
[INFO] [1783987971.387045731] [laser_mapping]: publish_map: frame pts=0, total=0
[INFO] [1783987972.387142774] [laser_mapping]: publish_map: frame pts=0, total=0
[INFO] [1783987973.387045696] [laser_mapping]: publish_map: frame pts=0, total=0
[INFO] [1783987974.387051328] [laser_mapping]: publish_map: frame pts=0, total=0
[INFO] [1783987975.387063407] [laser_mapping]: publish_map: frame pts=0, total=0
[INFO] [1783987976.387062101] [laser_mapping]: publish_map: frame pts=0, total=0
[INFO] [1783987977.387064452] [laser_mapping]: publish_map: frame pts=0, total=0
[INFO] [1783987978.387153768] [laser_mapping]: publish_map: frame pts=0, total=0
[INFO] [1783987979.387059762] [laser_mapping]: publish_map: frame pts=0, total=0
[INFO] [1783987980.387143384] [laser_mapping]: publish_map: frame pts=0, total=0
[INFO] [1783987981.387056825] [laser_mapping]: publish_map: frame pts=0, total=0
[INFO] [1783987982.387038467] [laser_mapping]: publish_map: frame pts=0, total=0
[INFO] [1783987983.387058830] [laser_mapping]: publish_map: frame pts=0, total=0
[INFO] [1783987984.387036410] [laser_mapping]: publish_map: frame pts=0, total=0
[INFO] [1783987985.387047710] [laser_mapping]: publish_map: frame pts=0, total=0
[INFO] [1783987986.387031173] [laser_mapping]: publish_map: frame pts=0, total=0
[INFO] [1783987987.387031915] [laser_mapping]: publish_map: frame pts=0, total=0
[INFO] [1783987988.387047173] [laser_mapping]: publish_map: frame pts=0, total=0
[INFO] [1783987989.387186718] [laser_mapping]: publish_map: frame pts=0, total=0
[INFO] [1783987990.387164518] [laser_mapping]: publish_map: frame pts=0, total=0
[INFO] [1783987991.387047610] [laser_mapping]: publish_map: frame pts=0, total=0
[INFO] [1783987992.387050702] [laser_mapping]: publish_map: frame pts=0, total=0
[INFO] [1783987993.387152820] [laser_mapping]: publish_map: frame pts=0, total=0
[INFO] [1783987994.387046520] [laser_mapping]: publish_map: frame pts=0, total=0
[INFO] [1783987995.387187753] [laser_mapping]: publish_map: frame pts=0, total=0
[INFO] [1783987996.387050305] [laser_mapping]: publish_map: frame pts=0, total=0
[INFO] [1783987997.387045869] [laser_mapping]: publish_map: frame pts=0, total=0
[INFO] [1783987998.387061502] [laser_mapping]: publish_map: frame pts=0, total=0
[INFO] [1783987999.387033594] [laser_mapping]: publish_map: frame pts=0, total=0
[INFO] [1783988000.387169061] [laser_mapping]: publish_map: frame pts=0, total=0
[INFO] [1783988001.387034756] [laser_mapping]: publish_map: frame pts=0, total=0
[INFO] [1783988002.387138269] [laser_mapping]: publish_map: frame pts=0, total=0
[INFO] [1783988003.387036703] [laser_mapping]: publish_map: frame pts=0, total=0
[INFO] [1783988004.387032149] [laser_mapping]: publish_map: frame pts=0, total=0
[INFO] [1783988005.387049663] [laser_mapping]: publish_map: frame pts=0, total=0
[INFO] [1783988006.387036205] [laser_mapping]: publish_map: frame pts=0, total=0
[INFO] [1783988007.387030681] [laser_mapping]: publish_map: frame pts=0, total=0
[INFO] [1783988008.387054123] [laser_mapping]: publish_map: frame pts=0, total=0
[INFO] [1783988009.387034343] [laser_mapping]: publish_map: frame pts=0, total=0
[INFO] [1783988010.387051871] [laser_mapping]: publish_map: frame pts=0, total=0
[INFO] [1783988011.387108677] [laser_mapping]: publish_map: frame pts=0, total=0
[INFO] [1783988012.387052477] [laser_mapping]: publish_map: frame pts=0, total=0
[INFO] [1783988013.387046394] [laser_mapping]: publish_map: frame pts=0, total=0
[INFO] [1783988014.387056952] [laser_mapping]: publish_map: frame pts=0, total=0
[INFO] [1783988015.387055739] [laser_mapping]: publish_map: frame pts=0, total=0
[INFO] [1783988016.387049631] [laser_mapping]: publish_map: frame pts=0, total=0
[INFO] [1783988017.387043795] [laser_mapping]: publish_map: frame pts=0, total=0
[INFO] [1783988018.387052364] [laser_mapping]: publish_map: frame pts=0, total=0
[INFO] [1783988019.387041989] [laser_mapping]: publish_map: frame pts=0, total=0
[INFO] [1783988020.387032396] [laser_mapping]: publish_map: frame pts=0, total=0
[INFO] [1783988021.387046204] [laser_mapping]: publish_map: frame pts=0, total=0
[INFO] [1783988022.387038477] [laser_mapping]: publish_map: frame pts=0, total=0
[INFO] [1783988023.387031340] [laser_mapping]: publish_map: frame pts=0, total=0
[INFO] [1783988024.387036995] [laser_mapping]: publish_map: frame pts=0, total=0
[INFO] [1783988025.387035381] [laser_mapping]: publish_map: frame pts=0, total=0
[INFO] [1783988026.387033689] [laser_mapping]: publish_map: frame pts=0, total=0
[INFO] [1783988027.387036106] [laser_mapping]: publish_map: frame pts=0, total=0
[INFO] [1783988028.387055390] [laser_mapping]: publish_map: frame pts=0, total=0
[INFO] [1783988029.387031427] [laser_mapping]: publish_map: frame pts=0, total=0
[INFO] [1783988030.387032198] [laser_mapping]: publish_map: frame pts=0, total=0
[INFO] [1783988031.387146961] [laser_mapping]: publish_map: frame pts=0, total=0
[INFO] [1783988032.387054400] [laser_mapping]: publish_map: frame pts=0, total=0
[INFO] [1783988033.387136893] [laser_mapping]: publish_map: frame pts=0, total=0
[INFO] [1783988034.387053825] [laser_mapping]: publish_map: frame pts=0, total=0
[INFO] [1783988035.387053444] [laser_mapping]: publish_map: frame pts=0, total=0
[INFO] [1783988036.387060931] [laser_mapping]: publish_map: frame pts=0, total=0
[INFO] [1783988037.387125191] [laser_mapping]: publish_map: frame pts=0, total=0
[INFO] [1783988038.387057339] [laser_mapping]: publish_map: frame pts=0, total=0
[INFO] [1783988039.387046552] [laser_mapping]: publish_map: frame pts=0, total=0
[INFO] [1783988040.387034600] [laser_mapping]: publish_map: frame pts=0, total=0
[INFO] [1783988041.387162627] [laser_mapping]: publish_map: frame pts=0, total=0
[INFO] [1783988042.387043794] [laser_mapping]: publish_map: frame pts=0, total=0
[INFO] [1783988043.387061238] [laser_mapping]: publish_map: frame pts=0, total=0
[INFO] [1783988044.387032943] [laser_mapping]: publish_map: frame pts=0, total=0
[INFO] [1783988045.387187439] [laser_mapping]: publish_map: frame pts=0, total=0
[INFO] [1783988046.387046272] [laser_mapping]: publish_map: frame pts=0, total=0
[INFO] [1783988047.387034854] [laser_mapping]: publish_map: frame pts=0, total=0
[INFO] [1783988048.387077052] [laser_mapping]: publish_map: frame pts=0, total=0
[INFO] [1783988049.387116494] [laser_mapping]: publish_map: frame pts=0, total=0
[INFO] [1783988050.387057643] [laser_mapping]: publish_map: frame pts=0, total=0
[INFO] [1783988051.387039380] [laser_mapping]: publish_map: frame pts=0, total=0
[INFO] [1783988052.387056192] [laser_mapping]: publish_map: frame pts=0, total=0
[INFO] [1783988053.387032805] [laser_mapping]: publish_map: frame pts=0, total=0
[INFO] [1783988054.387063726] [laser_mapping]: publish_map: frame pts=0, total=0
[INFO] [1783988055.387054444] [laser_mapping]: publish_map: frame pts=0, total=0
[INFO] [1783988056.387053656] [laser_mapping]: publish_map: frame pts=0, total=0
[INFO] [1783988057.387143433] [laser_mapping]: publish_map: frame pts=0, total=0
[INFO] [1783988058.387198594] [laser_mapping]: publish_map: frame pts=0, total=0
[INFO] [1783988059.387059059] [laser_mapping]: publish_map: frame pts=0, total=0
[INFO] [1783988060.387062509] [laser_mapping]: publish_map: frame pts=0, total=0
[INFO] [1783988061.387053734] [laser_mapping]: publish_map: frame pts=0, total=0
[INFO] [1783988062.387049286] [laser_mapping]: publish_map: frame pts=0, total=0
[INFO] [1783988063.387045329] [laser_mapping]: publish_map: frame pts=0, total=0
[INFO] [1783988064.387039038] [laser_mapping]: publish_map: frame pts=0, total=0
[INFO] [1783988065.387061905] [laser_mapping]: publish_map: frame pts=0, total=0
[INFO] [1783988066.387168708] [laser_mapping]: publish_map: frame pts=0, total=0
[INFO] [1783988067.387047419] [laser_mapping]: publish_map: frame pts=0, total=0
[INFO] [1783988068.387167740] [laser_mapping]: publish_map: frame pts=0, total=0
[INFO] [1783988069.387057362] [laser_mapping]: publish_map: frame pts=0, total=0
[INFO] [1783988070.387206359] [laser_mapping]: publish_map: frame pts=0, total=0
[INFO] [1783988071.387197515] [laser_mapping]: publish_map: frame pts=0, total=0
[INFO] [1783988072.387169998] [laser_mapping]: publish_map: frame pts=0, total=0
[INFO] [1783988073.387154701] [laser_mapping]: publish_map: frame pts=0, total=0
[INFO] [1783988074.387052031] [laser_mapping]: publish_map: frame pts=0, total=0
[INFO] [1783988075.387038913] [laser_mapping]: publish_map: frame pts=0, total=0
[INFO] [1783988076.387045057] [laser_mapping]: publish_map: frame pts=0, total=0
[INFO] [1783988077.387138805] [laser_mapping]: publish_map: frame pts=0, total=0
[INFO] [1783988078.387046102] [laser_mapping]: publish_map: frame pts=0, total=0
[INFO] [1783988079.387043934] [laser_mapping]: publish_map: frame pts=0, total=0
[INFO] [1783988080.387036252] [laser_mapping]: publish_map: frame pts=0, total=0
[INFO] [1783988081.387063880] [laser_mapping]: publish_map: frame pts=0, total=0
[INFO] [1783988082.387176371] [laser_mapping]: publish_map: frame pts=0, total=0
[INFO] [1783988083.387058141] [laser_mapping]: publish_map: frame pts=0, total=0
[INFO] [1783988084.387192229] [laser_mapping]: publish_map: frame pts=0, total=0
[INFO] [1783988085.387070833] [laser_mapping]: publish_map: frame pts=0, total=0
[INFO] [1783988086.387162826] [laser_mapping]: publish_map: frame pts=0, total=0
[INFO] [1783988087.387064562] [laser_mapping]: publish_map: frame pts=0, total=0
[INFO] [1783988088.387157076] [laser_mapping]: publish_map: frame pts=0, total=0
[INFO] [1783988089.387052128] [laser_mapping]: publish_map: frame pts=0, total=0
[INFO] [1783988090.387050685] [laser_mapping]: publish_map: frame pts=0, total=0
[INFO] [1783988091.387196729] [laser_mapping]: publish_map: frame pts=0, total=0
[INFO] [1783988092.387046023] [laser_mapping]: publish_map: frame pts=0, total=0
[INFO] [1783988093.387063291] [laser_mapping]: publish_map: frame pts=0, total=0
[INFO] [1783988094.387056475] [laser_mapping]: publish_map: frame pts=0, total=0
[INFO] [1783988095.387040589] [laser_mapping]: publish_map: frame pts=0, total=0
[INFO] [1783988096.387037915] [laser_mapping]: publish_map: frame pts=0, total=0
[INFO] [1783988097.387050012] [laser_mapping]: publish_map: frame pts=0, total=0
[INFO] [1783988098.387032964] [laser_mapping]: publish_map: frame pts=0, total=0
[INFO] [1783988099.387032481] [laser_mapping]: publish_map: frame pts=0, total=0
[INFO] [1783988100.387035842] [laser_mapping]: publish_map: frame pts=0, total=0
[INFO] [1783988101.387049514] [laser_mapping]: publish_map: frame pts=0, total=0
[INFO] [1783988102.387031268] [laser_mapping]: publish_map: frame pts=0, total=0
[INFO] [1783988103.387070085] [laser_mapping]: publish_map: frame pts=0, total=0
[INFO] [1783988104.387041148] [laser_mapping]: publish_map: frame pts=0, total=0
[INFO] [1783988105.387132074] [laser_mapping]: publish_map: frame pts=0, total=0
[INFO] [1783988106.387058215] [laser_mapping]: publish_map: frame pts=0, total=0
[INFO] [1783988107.387061767] [laser_mapping]: publish_map: frame pts=0, total=0
[INFO] [1783988108.387058742] [laser_mapping]: publish_map: frame pts=0, total=0
[INFO] [1783988109.387164451] [laser_mapping]: publish_map: frame pts=0, total=0
[INFO] [1783988110.387131014] [laser_mapping]: publish_map: frame pts=0, total=0
[INFO] [1783988111.387062831] [laser_mapping]: publish_map: frame pts=0, total=0
[INFO] [1783988112.387069695] [laser_mapping]: publish_map: frame pts=0, total=0
[INFO] [1783988113.387143800] [laser_mapping]: publish_map: frame pts=0, total=0
[INFO] [1783988114.387043571] [laser_mapping]: publish_map: frame pts=0, total=0
[INFO] [1783988115.387039321] [laser_mapping]: publish_map: frame pts=0, total=0
[INFO] [1783988116.387192379] [laser_mapping]: publish_map: frame pts=0, total=0
[INFO] [1783988117.387060086] [laser_mapping]: publish_map: frame pts=0, total=0
[INFO] [1783988118.387033226] [laser_mapping]: publish_map: frame pts=0, total=0
[INFO] [1783988119.387040541] [laser_mapping]: publish_map: frame pts=0, total=0
[INFO] [1783988120.387173045] [laser_mapping]: publish_map: frame pts=0, total=0
[INFO] [1783988121.387047113] [laser_mapping]: publish_map: frame pts=0, total=0
[INFO] [1783988122.387135335] [laser_mapping]: publish_map: frame pts=0, total=0
[INFO] [1783988123.387203482] [laser_mapping]: publish_map: frame pts=0, total=0
[INFO] [1783988124.387031195] [laser_mapping]: publish_map: frame pts=0, total=0
[INFO] [1783988125.387031918] [laser_mapping]: publish_map: frame pts=0, total=0
[INFO] [1783988126.387110162] [laser_mapping]: publish_map: frame pts=0, total=0
[INFO] [1783988127.387048876] [laser_mapping]: publish_map: frame pts=0, total=0
[INFO] [1783988128.387047354] [laser_mapping]: publish_map: frame pts=0, total=0
[INFO] [1783988129.387036342] [laser_mapping]: publish_map: frame pts=0, total=0
[INFO] [1783988130.387042488] [laser_mapping]: publish_map: frame pts=0, total=0
[INFO] [1783988131.387055293] [laser_mapping]: publish_map: frame pts=0, total=0
[INFO] [1783988132.387040658] [laser_mapping]: publish_map: frame pts=0, total=0
[INFO] [1783988133.387051078] [laser_mapping]: publish_map: frame pts=0, total=0
[INFO] [1783988134.387045370] [laser_mapping]: publish_map: frame pts=0, total=0
[INFO] [1783988135.387204604] [laser_mapping]: publish_map: frame pts=0, total=0
[INFO] [1783988136.387159940] [laser_mapping]: publish_map: frame pts=0, total=0
[INFO] [1783988137.387044472] [laser_mapping]: publish_map: frame pts=0, total=0
[INFO] [1783988138.387184183] [laser_mapping]: publish_map: frame pts=0, total=0
[INFO] [1783988139.387082423] [laser_mapping]: publish_map: frame pts=0, total=0
[INFO] [1783988140.387041625] [laser_mapping]: publish_map: frame pts=0, total=0
[INFO] [1783988141.387031670] [laser_mapping]: publish_map: frame pts=0, total=0
[INFO] [1783988142.387047629] [laser_mapping]: publish_map: frame pts=0, total=0
[INFO] [1783988143.387051274] [laser_mapping]: publish_map: frame pts=0, total=0
[INFO] [1783988144.387040605] [laser_mapping]: publish_map: frame pts=0, total=0
[INFO] [1783988145.387035273] [laser_mapping]: publish_map: frame pts=0, total=0
[INFO] [1783988146.387069135] [laser_mapping]: publish_map: frame pts=0, total=0
[INFO] [1783988147.387032526] [laser_mapping]: publish_map: frame pts=0, total=0
[INFO] [1783988148.387061743] [laser_mapping]: publish_map: frame pts=0, total=0
[INFO] [1783988149.387043427] [laser_mapping]: publish_map: frame pts=0, total=0
[INFO] [1783988150.387048311] [laser_mapping]: publish_map: frame pts=0, total=0
[INFO] [1783988151.387217079] [laser_mapping]: publish_map: frame pts=0, total=0
[INFO] [1783988152.387047538] [laser_mapping]: publish_map: frame pts=0, total=0
[INFO] [1783988153.387049055] [laser_mapping]: publish_map: frame pts=0, total=0
[INFO] [1783988154.387062018] [laser_mapping]: publish_map: frame pts=0, total=0
[INFO] [1783988155.387190077] [laser_mapping]: publish_map: frame pts=0, total=0
[INFO] [1783988156.387013370] [laser_mapping]: publish_map: frame pts=0, total=0
[INFO] [1783988157.387036064] [laser_mapping]: publish_map: frame pts=0, total=0
[INFO] [1783988158.387040024] [laser_mapping]: publish_map: frame pts=0, total=0
[INFO] [1783988159.387047591] [laser_mapping]: publish_map: frame pts=0, total=0
[INFO] [1783988160.387044523] [laser_mapping]: publish_map: frame pts=0, total=0
[INFO] [1783988161.387058970] [laser_mapping]: publish_map: frame pts=0, total=0
[INFO] [1783988162.387055731] [laser_mapping]: publish_map: frame pts=0, total=0
[INFO] [1783988163.387035444] [laser_mapping]: publish_map: frame pts=0, total=0
[INFO] [1783988164.387055290] [laser_mapping]: publish_map: frame pts=0, total=0
[INFO] [1783988165.387052716] [laser_mapping]: publish_map: frame pts=0, total=0
[INFO] [1783988166.387045448] [laser_mapping]: publish_map: frame pts=0, total=0
[INFO] [1783988167.387047106] [laser_mapping]: publish_map: frame pts=0, total=0
[INFO] [1783988168.387031953] [laser_mapping]: publish_map: frame pts=0, total=0
[INFO] [1783988169.387026927] [laser_mapping]: publish_map: frame pts=0, total=0
[INFO] [1783988170.387063339] [laser_mapping]: publish_map: frame pts=0, total=0
[INFO] [1783988171.387046257] [laser_mapping]: publish_map: frame pts=0, total=0
[INFO] [1783988172.387046953] [laser_mapping]: publish_map: frame pts=0, total=0
[INFO] [1783988173.387048041] [laser_mapping]: publish_map: frame pts=0, total=0
[INFO] [1783988174.387058668] [laser_mapping]: publish_map: frame pts=0, total=0
[INFO] [1783988175.387058379] [laser_mapping]: publish_map: frame pts=0, total=0
[INFO] [1783988176.387031995] [laser_mapping]: publish_map: frame pts=0, total=0
[INFO] [1783988177.387038693] [laser_mapping]: publish_map: frame pts=0, total=0
[INFO] [1783988178.387065124] [laser_mapping]: publish_map: frame pts=0, total=0
[INFO] [1783988179.387073532] [laser_mapping]: publish_map: frame pts=0, total=0
[INFO] [1783988180.387159817] [laser_mapping]: publish_map: frame pts=0, total=0
[INFO] [1783988181.387052702] [laser_mapping]: publish_map: frame pts=0, total=0
[INFO] [1783988182.387044223] [laser_mapping]: publish_map: frame pts=0, total=0
[INFO] [1783988183.387055856] [laser_mapping]: publish_map: frame pts=0, total=0
[INFO] [1783988184.387057527] [laser_mapping]: publish_map: frame pts=0, total=0
[INFO] [1783988185.387045139] [laser_mapping]: publish_map: frame pts=0, total=0
[INFO] [1783988186.387178883] [laser_mapping]: publish_map: frame pts=0, total=0
[INFO] [1783988187.387045948] [laser_mapping]: publish_map: frame pts=0, total=0
[INFO] [1783988188.387058893] [laser_mapping]: publish_map: frame pts=0, total=0
[INFO] [1783988189.387156404] [laser_mapping]: publish_map: frame pts=0, total=0
[INFO] [1783988190.387041271] [laser_mapping]: publish_map: frame pts=0, total=0
[INFO] [1783988191.387037675] [laser_mapping]: publish_map: frame pts=0, total=0
[INFO] [1783988192.387179447] [laser_mapping]: publish_map: frame pts=0, total=0
[INFO] [1783988193.387243904] [laser_mapping]: publish_map: frame pts=0, total=0
[INFO] [1783988194.387040341] [laser_mapping]: publish_map: frame pts=0, total=0
[INFO] [1783988195.387143172] [laser_mapping]: publish_map: frame pts=0, total=0
[INFO] [1783988196.387039359] [laser_mapping]: publish_map: frame pts=0, total=0
[INFO] [1783988197.387187997] [laser_mapping]: publish_map: frame pts=0, total=0
[INFO] [1783988198.387224242] [laser_mapping]: publish_map: frame pts=0, total=0
[INFO] [1783988199.387048156] [laser_mapping]: publish_map: frame pts=0, total=0
[INFO] [1783988200.387048649] [laser_mapping]: publish_map: frame pts=0, total=0
[INFO] [1783988201.387156217] [laser_mapping]: publish_map: frame pts=0, total=0
[INFO] [1783988202.387164631] [laser_mapping]: publish_map: frame pts=0, total=0
[INFO] [1783988203.387040809] [laser_mapping]: publish_map: frame pts=0, total=0
[INFO] [1783988204.387045587] [laser_mapping]: publish_map: frame pts=0, total=0
[INFO] [1783988205.387042935] [laser_mapping]: publish_map: frame pts=0, total=0
[INFO] [1783988206.386994864] [laser_mapping]: publish_map: frame pts=0, total=0
[INFO] [1783988207.387171514] [laser_mapping]: publish_map: frame pts=0, total=0
[INFO] [1783988208.387045616] [laser_mapping]: publish_map: frame pts=0, total=0
[INFO] [1783988209.387179631] [laser_mapping]: publish_map: frame pts=0, total=0
[INFO] [1783988210.387044278] [laser_mapping]: publish_map: frame pts=0, total=0
[INFO] [1783988211.387044746] [laser_mapping]: publish_map: frame pts=0, total=0
[INFO] [1783988212.387061943] [laser_mapping]: publish_map: frame pts=0, total=0
[INFO] [1783988213.387033311] [laser_mapping]: publish_map: frame pts=0, total=0
[INFO] [1783988214.387031649] [laser_mapping]: publish_map: frame pts=0, total=0
[INFO] [1783988215.387059100] [laser_mapping]: publish_map: frame pts=0, total=0
[INFO] [1783988216.387105575] [laser_mapping]: publish_map: frame pts=0, total=0
[INFO] [1783988217.387116353] [laser_mapping]: publish_map: frame pts=0, total=0
[INFO] [1783988218.387146005] [laser_mapping]: publish_map: frame pts=0, total=0
[INFO] [1783988219.387083804] [laser_mapping]: publish_map: frame pts=0, total=0
[INFO] [1783988220.387065101] [laser_mapping]: publish_map: frame pts=0, total=0
[INFO] [1783988221.387044707] [laser_mapping]: publish_map: frame pts=0, total=0
[INFO] [1783988222.387056185] [laser_mapping]: publish_map: frame pts=0, total=0
[INFO] [1783988223.387058049] [laser_mapping]: publish_map: frame pts=0, total=0
[INFO] [1783988224.387045839] [laser_mapping]: publish_map: frame pts=0, total=0
[INFO] [1783988225.387040888] [laser_mapping]: publish_map: frame pts=0, total=0
[INFO] [1783988226.387049708] [laser_mapping]: publish_map: frame pts=0, total=0
[INFO] [1783988227.387035103] [laser_mapping]: publish_map: frame pts=0, total=0
[INFO] [1783988228.387148496] [laser_mapping]: publish_map: frame pts=0, total=0
[INFO] [1783988229.387061888] [laser_mapping]: publish_map: frame pts=0, total=0
[INFO] [1783988230.387054413] [laser_mapping]: publish_map: frame pts=0, total=0
[INFO] [1783988231.387206019] [laser_mapping]: publish_map: frame pts=0, total=0
[INFO] [1783988232.387055595] [laser_mapping]: publish_map: frame pts=0, total=0
[INFO] [1783988233.387050932] [laser_mapping]: publish_map: frame pts=0, total=0
[INFO] [1783988234.387056484] [laser_mapping]: publish_map: frame pts=0, total=0
[INFO] [1783988235.387043636] [laser_mapping]: publish_map: frame pts=0, total=0
[INFO] [1783988236.387165938] [laser_mapping]: publish_map: frame pts=0, total=0
[INFO] [1783988237.387051939] [laser_mapping]: publish_map: frame pts=0, total=0
[INFO] [1783988238.387052172] [laser_mapping]: publish_map: frame pts=0, total=0
[INFO] [1783988239.387064363] [laser_mapping]: publish_map: frame pts=0, total=0
[INFO] [1783988240.387067084] [laser_mapping]: publish_map: frame pts=0, total=0
[INFO] [1783988241.387178920] [laser_mapping]: publish_map: frame pts=0, total=0
[INFO] [1783988242.387052920] [laser_mapping]: publish_map: frame pts=0, total=0
[INFO] [1783988243.387049462] [laser_mapping]: publish_map: frame pts=0, total=0
[INFO] [1783988244.387001547] [laser_mapping]: publish_map: frame pts=0, total=0
[INFO] [1783988245.387054105] [laser_mapping]: publish_map: frame pts=0, total=0
[INFO] [1783988246.387055855] [laser_mapping]: publish_map: frame pts=0, total=0
[INFO] [1783988247.387057495] [laser_mapping]: publish_map: frame pts=0, total=0
[INFO] [1783988248.387175158] [laser_mapping]: publish_map: frame pts=0, total=0
[INFO] [1783988249.387043631] [laser_mapping]: publish_map: frame pts=0, total=0
[INFO] [1783988250.387047504] [laser_mapping]: publish_map: frame pts=0, total=0
[INFO] [1783988251.387145066] [laser_mapping]: publish_map: frame pts=0, total=0
[INFO] [1783988252.387221706] [laser_mapping]: publish_map: frame pts=0, total=0
[INFO] [1783988253.387045846] [laser_mapping]: publish_map: frame pts=0, total=0
[INFO] [1783988254.387031723] [laser_mapping]: publish_map: frame pts=0, total=0
[INFO] [1783988255.387065044] [laser_mapping]: publish_map: frame pts=0, total=0
[INFO] [1783988256.387040734] [laser_mapping]: publish_map: frame pts=0, total=0
[INFO] [1783988257.387033619] [laser_mapping]: publish_map: frame pts=0, total=0
[INFO] [1783988258.387161229] [laser_mapping]: publish_map: frame pts=0, total=0
[INFO] [1783988259.387193584] [laser_mapping]: publish_map: frame pts=0, total=0
[INFO] [1783988260.387045127] [laser_mapping]: publish_map: frame pts=0, total=0
[INFO] [1783988261.387066969] [laser_mapping]: publish_map: frame pts=0, total=0
[INFO] [1783988262.387029932] [laser_mapping]: publish_map: frame pts=0, total=0
[INFO] [1783988263.387051193] [laser_mapping]: publish_map: frame pts=0, total=0
[INFO] [1783988264.387060103] [laser_mapping]: publish_map: frame pts=0, total=0
[INFO] [1783988265.387039500] [laser_mapping]: publish_map: frame pts=0, total=0
[INFO] [1783988266.387052686] [laser_mapping]: publish_map: frame pts=0, total=0
[INFO] [1783988267.387118430] [laser_mapping]: publish_map: frame pts=0, total=0
[INFO] [1783988268.387056195] [laser_mapping]: publish_map: frame pts=0, total=0
[INFO] [1783988269.387050153] [laser_mapping]: publish_map: frame pts=0, total=0
[INFO] [1783988270.387041273] [laser_mapping]: publish_map: frame pts=0, total=0
[INFO] [1783988271.387042152] [laser_mapping]: publish_map: frame pts=0, total=0
[INFO] [1783988272.387038867] [laser_mapping]: publish_map: frame pts=0, total=0
[INFO] [1783988273.387043331] [laser_mapping]: publish_map: frame pts=0, total=0
[INFO] [1783988274.387119553] [laser_mapping]: publish_map: frame pts=0, total=0
[INFO] [1783988275.387149212] [laser_mapping]: publish_map: frame pts=0, total=0
[INFO] [1783988276.387041219] [laser_mapping]: publish_map: frame pts=0, total=0
[INFO] [1783988277.387050553] [laser_mapping]: publish_map: frame pts=0, total=0
[INFO] [1783988278.387048380] [laser_mapping]: publish_map: frame pts=0, total=0
[INFO] [1783988279.387036693] [laser_mapping]: publish_map: frame pts=0, total=0
[INFO] [1783988280.387042791] [laser_mapping]: publish_map: frame pts=0, total=0
[INFO] [1783988281.387051044] [laser_mapping]: publish_map: frame pts=0, total=0
[INFO] [1783988282.387048950] [laser_mapping]: publish_map: frame pts=0, total=0
[INFO] [1783988283.387049856] [laser_mapping]: publish_map: frame pts=0, total=0
[INFO] [1783988284.387050613] [laser_mapping]: publish_map: frame pts=0, total=0
[INFO] [1783988285.387038011] [laser_mapping]: publish_map: frame pts=0, total=0
[INFO] [1783988286.387047203] [laser_mapping]: publish_map: frame pts=0, total=0
[INFO] [1783988287.387041752] [laser_mapping]: publish_map: frame pts=0, total=0
[INFO] [1783988288.387058426] [laser_mapping]: publish_map: frame pts=0, total=0
[INFO] [1783988289.387059335] [laser_mapping]: publish_map: frame pts=0, total=0
[INFO] [1783988290.387062675] [laser_mapping]: publish_map: frame pts=0, total=0
[INFO] [1783988291.387115492] [laser_mapping]: publish_map: frame pts=0, total=0
[INFO] [1783988292.387140410] [laser_mapping]: publish_map: frame pts=0, total=0
[INFO] [1783988293.387056302] [laser_mapping]: publish_map: frame pts=0, total=0
[INFO] [1783988294.387037668] [laser_mapping]: publish_map: frame pts=0, total=0
[INFO] [1783988295.387276306] [laser_mapping]: publish_map: frame pts=0, total=0
[INFO] [1783988296.387036252] [laser_mapping]: publish_map: frame pts=0, total=0
[INFO] [1783988297.387056348] [laser_mapping]: publish_map: frame pts=0, total=0
[INFO] [1783988298.387044251] [laser_mapping]: publish_map: frame pts=0, total=0
[INFO] [1783988299.387037174] [laser_mapping]: publish_map: frame pts=0, total=0
[INFO] [1783988300.387114853] [laser_mapping]: publish_map: frame pts=0, total=0
[INFO] [1783988301.387257545] [laser_mapping]: publish_map: frame pts=0, total=0
[INFO] [1783988302.387176272] [laser_mapping]: publish_map: frame pts=0, total=0
[INFO] [1783988303.387169497] [laser_mapping]: publish_map: frame pts=0, total=0
[INFO] [1783988304.387194801] [laser_mapping]: publish_map: frame pts=0, total=0
[INFO] [1783988305.387098526] [laser_mapping]: publish_map: frame pts=0, total=0
[INFO] [1783988306.387048490] [laser_mapping]: publish_map: frame pts=0, total=0
[INFO] [1783988307.387037894] [laser_mapping]: publish_map: frame pts=0, total=0
[INFO] [1783988308.387040035] [laser_mapping]: publish_map: frame pts=0, total=0
[INFO] [1783988309.387043274] [laser_mapping]: publish_map: frame pts=0, total=0
[INFO] [1783988310.387046318] [laser_mapping]: publish_map: frame pts=0, total=0
[INFO] [1783988311.387186300] [laser_mapping]: publish_map: frame pts=0, total=0
[INFO] [1783988312.387067533] [laser_mapping]: publish_map: frame pts=0, total=0
[INFO] [1783988313.387042714] [laser_mapping]: publish_map: frame pts=0, total=0
[INFO] [1783988314.387044775] [laser_mapping]: publish_map: frame pts=0, total=0
[INFO] [1783988315.387039566] [laser_mapping]: publish_map: frame pts=0, total=0
[INFO] [1783988316.387049119] [laser_mapping]: publish_map: frame pts=0, total=0
[INFO] [1783988317.387027528] [laser_mapping]: publish_map: frame pts=0, total=0
[INFO] [1783988318.387036451] [laser_mapping]: publish_map: frame pts=0, total=0
[INFO] [1783988319.387145521] [laser_mapping]: publish_map: frame pts=0, total=0
[INFO] [1783988320.387041039] [laser_mapping]: publish_map: frame pts=0, total=0
[INFO] [1783988321.387039479] [laser_mapping]: publish_map: frame pts=0, total=0
[INFO] [1783988322.387056905] [laser_mapping]: publish_map: frame pts=0, total=0
[INFO] [1783988323.387041890] [laser_mapping]: publish_map: frame pts=0, total=0
[INFO] [1783988324.387062034] [laser_mapping]: publish_map: frame pts=0, total=0
[INFO] [1783988325.387051381] [laser_mapping]: publish_map: frame pts=0, total=0
[INFO] [1783988326.387138558] [laser_mapping]: publish_map: frame pts=0, total=0
[INFO] [1783988327.387043666] [laser_mapping]: publish_map: frame pts=0, total=0
[INFO] [1783988328.387164607] [laser_mapping]: publish_map: frame pts=0, total=0
[INFO] [1783988329.387179670] [laser_mapping]: publish_map: frame pts=0, total=0
[INFO] [1783988330.387182560] [laser_mapping]: publish_map: frame pts=0, total=0
[INFO] [1783988331.387030201] [laser_mapping]: publish_map: frame pts=0, total=0
[INFO] [1783988332.387042234] [laser_mapping]: publish_map: frame pts=0, total=0
[INFO] [1783988333.387059236] [laser_mapping]: publish_map: frame pts=0, total=0
[INFO] [1783988334.387064023] [laser_mapping]: publish_map: frame pts=0, total=0
[INFO] [1783988335.387046456] [laser_mapping]: publish_map: frame pts=0, total=0
[INFO] [1783988336.387046474] [laser_mapping]: publish_map: frame pts=0, total=0
[INFO] [1783988337.387046529] [laser_mapping]: publish_map: frame pts=0, total=0
[INFO] [1783988338.387047953] [laser_mapping]: publish_map: frame pts=0, total=0
[INFO] [1783988339.387182074] [laser_mapping]: publish_map: frame pts=0, total=0
[INFO] [1783988340.387156041] [laser_mapping]: publish_map: frame pts=0, total=0
[INFO] [1783988341.387196041] [laser_mapping]: publish_map: frame pts=0, total=0
[INFO] [1783988342.387157519] [laser_mapping]: publish_map: frame pts=0, total=0
[INFO] [1783988343.387173934] [laser_mapping]: publish_map: frame pts=0, total=0
[INFO] [1783988344.387059401] [laser_mapping]: publish_map: frame pts=0, total=0
[INFO] [1783988345.387037016] [laser_mapping]: publish_map: frame pts=0, total=0
[INFO] [1783988346.387060225] [laser_mapping]: publish_map: frame pts=0, total=0
[INFO] [1783988347.387055125] [laser_mapping]: publish_map: frame pts=0, total=0
[INFO] [1783988348.387056932] [laser_mapping]: publish_map: frame pts=0, total=0
[INFO] [1783988349.387119802] [laser_mapping]: publish_map: frame pts=0, total=0
[INFO] [1783988350.387059386] [laser_mapping]: publish_map: frame pts=0, total=0
[INFO] [1783988351.387060571] [laser_mapping]: publish_map: frame pts=0, total=0
[INFO] [1783988352.387063336] [laser_mapping]: publish_map: frame pts=0, total=0
[INFO] [1783988353.387056424] [laser_mapping]: publish_map: frame pts=0, total=0
[INFO] [1783988354.387065013] [laser_mapping]: publish_map: frame pts=0, total=0
[INFO] [1783988355.387051414] [laser_mapping]: publish_map: frame pts=0, total=0
[INFO] [1783988356.387151719] [laser_mapping]: publish_map: frame pts=0, total=0
[INFO] [1783988357.387173456] [laser_mapping]: publish_map: frame pts=0, total=0
[INFO] [1783988358.387223004] [laser_mapping]: publish_map: frame pts=0, total=0
[INFO] [1783988359.387041323] [laser_mapping]: publish_map: frame pts=0, total=0
[INFO] [1783988360.387185350] [laser_mapping]: publish_map: frame pts=0, total=0
[INFO] [1783988361.387051196] [laser_mapping]: publish_map: frame pts=0, total=0
[INFO] [1783988362.387037887] [laser_mapping]: publish_map: frame pts=0, total=0
[INFO] [1783988363.387208311] [laser_mapping]: publish_map: frame pts=0, total=0
[INFO] [1783988364.387045395] [laser_mapping]: publish_map: frame pts=0, total=0
[INFO] [1783988365.387041353] [laser_mapping]: publish_map: frame pts=0, total=0
[INFO] [1783988366.387047725] [laser_mapping]: publish_map: frame pts=0, total=0
[INFO] [1783988367.387039730] [laser_mapping]: publish_map: frame pts=0, total=0
[INFO] [1783988368.387168142] [laser_mapping]: publish_map: frame pts=0, total=0
[INFO] [1783988369.387218867] [laser_mapping]: publish_map: frame pts=0, total=0
[INFO] [1783988370.387044242] [laser_mapping]: publish_map: frame pts=0, total=0
[INFO] [1783988371.387052357] [laser_mapping]: publish_map: frame pts=0, total=0
[INFO] [1783988372.387063017] [laser_mapping]: publish_map: frame pts=0, total=0
[INFO] [1783988373.387038161] [laser_mapping]: publish_map: frame pts=0, total=0
[INFO] [1783988374.387040285] [laser_mapping]: publish_map: frame pts=0, total=0
[INFO] [1783988375.387050248] [laser_mapping]: publish_map: frame pts=0, total=0
[INFO] [1783988376.387037182] [laser_mapping]: publish_map: frame pts=0, total=0
[INFO] [1783988377.387061067] [laser_mapping]: publish_map: frame pts=0, total=0
[INFO] [1783988378.387041951] [laser_mapping]: publish_map: frame pts=0, total=0
[INFO] [1783988379.387056418] [laser_mapping]: publish_map: frame pts=0, total=0
[INFO] [1783988380.387061637] [laser_mapping]: publish_map: frame pts=0, total=0
[INFO] [1783988381.387052755] [laser_mapping]: publish_map: frame pts=0, total=0
[INFO] [1783988382.387043159] [laser_mapping]: publish_map: frame pts=0, total=0
[INFO] [1783988383.387056766] [laser_mapping]: publish_map: frame pts=0, total=0
[INFO] [1783988384.387169669] [laser_mapping]: publish_map: frame pts=0, total=0
[INFO] [1783988385.387159038] [laser_mapping]: publish_map: frame pts=0, total=0
[INFO] [1783988386.387063318] [laser_mapping]: publish_map: frame pts=0, total=0
[INFO] [1783988387.387063716] [laser_mapping]: publish_map: frame pts=0, total=0
[INFO] [1783988388.387040689] [laser_mapping]: publish_map: frame pts=0, total=0
[INFO] [1783988389.387048149] [laser_mapping]: publish_map: frame pts=0, total=0
[INFO] [1783988390.387204793] [laser_mapping]: publish_map: frame pts=0, total=0
[INFO] [1783988391.387052358] [laser_mapping]: publish_map: frame pts=0, total=0
[INFO] [1783988392.387053127] [laser_mapping]: publish_map: frame pts=0, total=0
[INFO] [1783988393.387138029] [laser_mapping]: publish_map: frame pts=0, total=0
[INFO] [1783988394.387057731] [laser_mapping]: publish_map: frame pts=0, total=0
[INFO] [1783988395.387045321] [laser_mapping]: publish_map: frame pts=0, total=0
[INFO] [1783988396.387042717] [laser_mapping]: publish_map: frame pts=0, total=0
[INFO] [1783988397.387045097] [laser_mapping]: publish_map: frame pts=0, total=0
[INFO] [1783988398.387043307] [laser_mapping]: publish_map: frame pts=0, total=0
[INFO] [1783988399.387044315] [laser_mapping]: publish_map: frame pts=0, total=0
[INFO] [1783988400.387037152] [laser_mapping]: publish_map: frame pts=0, total=0
[INFO] [1783988401.387038380] [laser_mapping]: publish_map: frame pts=0, total=0
[INFO] [1783988402.387033188] [laser_mapping]: publish_map: frame pts=0, total=0
[INFO] [1783988403.387055145] [laser_mapping]: publish_map: frame pts=0, total=0
[INFO] [1783988404.387181582] [laser_mapping]: publish_map: frame pts=0, total=0
[INFO] [1783988405.387050908] [laser_mapping]: publish_map: frame pts=0, total=0
[INFO] [1783988406.387045631] [laser_mapping]: publish_map: frame pts=0, total=0
[INFO] [1783988407.387189763] [laser_mapping]: publish_map: frame pts=0, total=0
[INFO] [1783988408.387063174] [laser_mapping]: publish_map: frame pts=0, total=0
[INFO] [1783988409.387137730] [laser_mapping]: publish_map: frame pts=0, total=0
[INFO] [1783988410.387045329] [laser_mapping]: publish_map: frame pts=0, total=0
[INFO] [1783988411.387070991] [laser_mapping]: publish_map: frame pts=0, total=0
[INFO] [1783988412.387048945] [laser_mapping]: publish_map: frame pts=0, total=0
[INFO] [1783988413.387064549] [laser_mapping]: publish_map: frame pts=0, total=0
[INFO] [1783988414.387063792] [laser_mapping]: publish_map: frame pts=0, total=0
[INFO] [1783988415.387036725] [laser_mapping]: publish_map: frame pts=0, total=0
[INFO] [1783988416.387177959] [laser_mapping]: publish_map: frame pts=0, total=0
[INFO] [1783988417.387058847] [laser_mapping]: publish_map: frame pts=0, total=0
[INFO] [1783988418.387030591] [laser_mapping]: publish_map: frame pts=0, total=0
[INFO] [1783988419.387034698] [laser_mapping]: publish_map: frame pts=0, total=0
[INFO] [1783988420.387035156] [laser_mapping]: publish_map: frame pts=0, total=0
[INFO] [1783988421.387051385] [laser_mapping]: publish_map: frame pts=0, total=0
[INFO] [1783988422.387048831] [laser_mapping]: publish_map: frame pts=0, total=0
[INFO] [1783988423.387051228] [laser_mapping]: publish_map: frame pts=0, total=0
[INFO] [1783988424.387043429] [laser_mapping]: publish_map: frame pts=0, total=0
[INFO] [1783988425.387053096] [laser_mapping]: publish_map: frame pts=0, total=0
[INFO] [1783988426.387010965] [laser_mapping]: publish_map: frame pts=0, total=0
[INFO] [1783988427.387052698] [laser_mapping]: publish_map: frame pts=0, total=0
[INFO] [1783988428.387178838] [laser_mapping]: publish_map: frame pts=0, total=0
[INFO] [1783988429.387046343] [laser_mapping]: publish_map: frame pts=0, total=0
[INFO] [1783988430.387064767] [laser_mapping]: publish_map: frame pts=0, total=0
[INFO] [1783988431.387059482] [laser_mapping]: publish_map: frame pts=0, total=0
[INFO] [1783988432.387043601] [laser_mapping]: publish_map: frame pts=0, total=0
[INFO] [1783988433.387042686] [laser_mapping]: publish_map: frame pts=0, total=0
[INFO] [1783988434.387212182] [laser_mapping]: publish_map: frame pts=0, total=0
[INFO] [1783988435.387039115] [laser_mapping]: publish_map: frame pts=0, total=0
[INFO] [1783988436.387052608] [laser_mapping]: publish_map: frame pts=0, total=0
[INFO] [1783988437.387041585] [laser_mapping]: publish_map: frame pts=0, total=0
[INFO] [1783988438.387045343] [laser_mapping]: publish_map: frame pts=0, total=0
[INFO] [1783988439.387047367] [laser_mapping]: publish_map: frame pts=0, total=0
[INFO] [1783988440.387060820] [laser_mapping]: publish_map: frame pts=0, total=0
[INFO] [1783988441.387055654] [laser_mapping]: publish_map: frame pts=0, total=0
[INFO] [1783988442.387205671] [laser_mapping]: publish_map: frame pts=0, total=0
[INFO] [1783988443.387055214] [laser_mapping]: publish_map: frame pts=0, total=0
[INFO] [1783988444.387058765] [laser_mapping]: publish_map: frame pts=0, total=0
[INFO] [1783988445.387239252] [laser_mapping]: publish_map: frame pts=0, total=0
[INFO] [1783988446.387140433] [laser_mapping]: publish_map: frame pts=0, total=0
[INFO] [1783988447.387046954] [laser_mapping]: publish_map: frame pts=0, total=0
[INFO] [1783988448.387046596] [laser_mapping]: publish_map: frame pts=0, total=0
[INFO] [1783988449.387184979] [laser_mapping]: publish_map: frame pts=0, total=0
[INFO] [1783988450.387051075] [laser_mapping]: publish_map: frame pts=0, total=0
[INFO] [1783988451.387059348] [laser_mapping]: publish_map: frame pts=0, total=0
[INFO] [1783988452.387051947] [laser_mapping]: publish_map: frame pts=0, total=0
[INFO] [1783988453.387053383] [laser_mapping]: publish_map: frame pts=0, total=0
[INFO] [1783988454.387190652] [laser_mapping]: publish_map: frame pts=0, total=0
[INFO] [1783988455.387159016] [laser_mapping]: publish_map: frame pts=0, total=0
[INFO] [1783988456.387039330] [laser_mapping]: publish_map: frame pts=0, total=0
[INFO] [1783988457.387238289] [laser_mapping]: publish_map: frame pts=0, total=0
[INFO] [1783988458.387057555] [laser_mapping]: publish_map: frame pts=0, total=0
[INFO] [1783988459.387031854] [laser_mapping]: publish_map: frame pts=0, total=0
[INFO] [1783988460.387066399] [laser_mapping]: publish_map: frame pts=0, total=0
[INFO] [1783988461.387031370] [laser_mapping]: publish_map: frame pts=0, total=0
[INFO] [1783988462.387031995] [laser_mapping]: publish_map: frame pts=0, total=0
[INFO] [1783988463.387030637] [laser_mapping]: publish_map: frame pts=0, total=0
[INFO] [1783988464.387061888] [laser_mapping]: publish_map: frame pts=0, total=0
[INFO] [1783988465.387042044] [laser_mapping]: publish_map: frame pts=0, total=0
[INFO] [1783988466.387033108] [laser_mapping]: publish_map: frame pts=0, total=0
[INFO] [1783988467.387051521] [laser_mapping]: publish_map: frame pts=0, total=0
[INFO] [1783988468.387059628] [laser_mapping]: publish_map: frame pts=0, total=0
[INFO] [1783988469.387048317] [laser_mapping]: publish_map: frame pts=0, total=0
[INFO] [1783988470.387145123] [laser_mapping]: publish_map: frame pts=0, total=0
[INFO] [1783988471.387183171] [laser_mapping]: publish_map: frame pts=0, total=0
[INFO] [1783988472.387054906] [laser_mapping]: publish_map: frame pts=0, total=0
[INFO] [1783988473.387108278] [laser_mapping]: publish_map: frame pts=0, total=0
[INFO] [1783988474.387062275] [laser_mapping]: publish_map: frame pts=0, total=0
[INFO] [1783988475.387047504] [laser_mapping]: publish_map: frame pts=0, total=0
[INFO] [1783988476.387027805] [laser_mapping]: publish_map: frame pts=0, total=0
[INFO] [1783988477.387043697] [laser_mapping]: publish_map: frame pts=0, total=0
[INFO] [1783988478.387215106] [laser_mapping]: publish_map: frame pts=0, total=0
[INFO] [1783988479.387039227] [laser_mapping]: publish_map: frame pts=0, total=0
[INFO] [1783988480.387036653] [laser_mapping]: publish_map: frame pts=0, total=0
[INFO] [1783988481.387148144] [laser_mapping]: publish_map: frame pts=0, total=0
[INFO] [1783988482.387069630] [laser_mapping]: publish_map: frame pts=0, total=0
[INFO] [1783988483.387043812] [laser_mapping]: publish_map: frame pts=0, total=0
[INFO] [1783988484.387066794] [laser_mapping]: publish_map: frame pts=0, total=0
[INFO] [1783988485.387035411] [laser_mapping]: publish_map: frame pts=0, total=0
[INFO] [1783988486.387048133] [laser_mapping]: publish_map: frame pts=0, total=0
[INFO] [1783988487.387043815] [laser_mapping]: publish_map: frame pts=0, total=0
[INFO] [1783988488.387192709] [laser_mapping]: publish_map: frame pts=0, total=0
[INFO] [1783988489.387009458] [laser_mapping]: publish_map: frame pts=0, total=0
[INFO] [1783988490.387042371] [laser_mapping]: publish_map: frame pts=0, total=0
[INFO] [1783988491.387035960] [laser_mapping]: publish_map: frame pts=0, total=0
[INFO] [1783988492.387042343] [laser_mapping]: publish_map: frame pts=0, total=0
[INFO] [1783988493.387041298] [laser_mapping]: publish_map: frame pts=0, total=0
[INFO] [1783988494.387047143] [laser_mapping]: publish_map: frame pts=0, total=0
[INFO] [1783988495.387043021] [laser_mapping]: publish_map: frame pts=0, total=0
[INFO] [1783988496.387051130] [laser_mapping]: publish_map: frame pts=0, total=0
[INFO] [1783988497.387031397] [laser_mapping]: publish_map: frame pts=0, total=0
[INFO] [1783988498.387036368] [laser_mapping]: publish_map: frame pts=0, total=0
[INFO] [1783988499.387207322] [laser_mapping]: publish_map: frame pts=0, total=0
[INFO] [1783988500.387060764] [laser_mapping]: publish_map: frame pts=0, total=0
[INFO] [1783988501.387071958] [laser_mapping]: publish_map: frame pts=0, total=0
[INFO] [1783988502.387072433] [laser_mapping]: publish_map: frame pts=0, total=0
[INFO] [1783988503.387045925] [laser_mapping]: publish_map: frame pts=0, total=0
[INFO] [1783988504.387046092] [laser_mapping]: publish_map: frame pts=0, total=0
[INFO] [1783988505.387171161] [laser_mapping]: publish_map: frame pts=0, total=0
[INFO] [1783988506.387177474] [laser_mapping]: publish_map: frame pts=0, total=0
[INFO] [1783988507.387049808] [laser_mapping]: publish_map: frame pts=0, total=0
[INFO] [1783988508.387157586] [laser_mapping]: publish_map: frame pts=0, total=0
[INFO] [1783988509.387044570] [laser_mapping]: publish_map: frame pts=0, total=0
[INFO] [1783988510.387069079] [laser_mapping]: publish_map: frame pts=0, total=0
[INFO] [1783988511.387200068] [laser_mapping]: publish_map: frame pts=0, total=0
[INFO] [1783988512.387048416] [laser_mapping]: publish_map: frame pts=0, total=0
[INFO] [1783988513.387127383] [laser_mapping]: publish_map: frame pts=0, total=0
[INFO] [1783988514.387077119] [laser_mapping]: publish_map: frame pts=0, total=0
[INFO] [1783988515.387048267] [laser_mapping]: publish_map: frame pts=0, total=0
[INFO] [1783988516.387042537] [laser_mapping]: publish_map: frame pts=0, total=0
[INFO] [1783988517.387031719] [laser_mapping]: publish_map: frame pts=0, total=0
[INFO] [1783988518.387100665] [laser_mapping]: publish_map: frame pts=0, total=0
[INFO] [1783988519.387028635] [laser_mapping]: publish_map: frame pts=0, total=0
[INFO] [1783988520.387038124] [laser_mapping]: publish_map: frame pts=0, total=0
[INFO] [1783988521.387036340] [laser_mapping]: publish_map: frame pts=0, total=0
[INFO] [1783988522.387034223] [laser_mapping]: publish_map: frame pts=0, total=0
[INFO] [1783988523.387041834] [laser_mapping]: publish_map: frame pts=0, total=0
[INFO] [1783988524.387035922] [laser_mapping]: publish_map: frame pts=0, total=0
[INFO] [1783988525.387042286] [laser_mapping]: publish_map: frame pts=0, total=0
[INFO] [1783988526.387046528] [laser_mapping]: publish_map: frame pts=0, total=0
[INFO] [1783988527.387056094] [laser_mapping]: publish_map: frame pts=0, total=0
[INFO] [1783988528.387155173] [laser_mapping]: publish_map: frame pts=0, total=0
[INFO] [1783988529.387029471] [laser_mapping]: publish_map: frame pts=0, total=0
[INFO] [1783988530.387047209] [laser_mapping]: publish_map: frame pts=0, total=0
[INFO] [1783988531.387102411] [laser_mapping]: publish_map: frame pts=0, total=0
[INFO] [1783988532.387040940] [laser_mapping]: publish_map: frame pts=0, total=0
[INFO] [1783988533.387059217] [laser_mapping]: publish_map: frame pts=0, total=0
[INFO] [1783988534.387049241] [laser_mapping]: publish_map: frame pts=0, total=0
[INFO] [1783988535.387036092] [laser_mapping]: publish_map: frame pts=0, total=0
[INFO] [1783988536.387137343] [laser_mapping]: publish_map: frame pts=0, total=0
[INFO] [1783988537.387113178] [laser_mapping]: publish_map: frame pts=0, total=0
[INFO] [1783988538.387046583] [laser_mapping]: publish_map: frame pts=0, total=0
[INFO] [1783988539.387046914] [laser_mapping]: publish_map: frame pts=0, total=0
[INFO] [1783988540.387180968] [laser_mapping]: publish_map: frame pts=0, total=0
[INFO] [1783988541.387050432] [laser_mapping]: publish_map: frame pts=0, total=0
[INFO] [1783988542.387028767] [laser_mapping]: publish_map: frame pts=0, total=0
[INFO] [1783988543.387037673] [laser_mapping]: publish_map: frame pts=0, total=0
[INFO] [1783988544.387035915] [laser_mapping]: publish_map: frame pts=0, total=0
[INFO] [1783988545.387052901] [laser_mapping]: publish_map: frame pts=0, total=0
[INFO] [1783988546.387178163] [laser_mapping]: publish_map: frame pts=0, total=0
[INFO] [1783988547.387214023] [laser_mapping]: publish_map: frame pts=0, total=0
[INFO] [1783988548.387045136] [laser_mapping]: publish_map: frame pts=0, total=0
[INFO] [1783988549.387057286] [laser_mapping]: publish_map: frame pts=0, total=0
[INFO] [1783988550.387042371] [laser_mapping]: publish_map: frame pts=0, total=0
[INFO] [1783988551.387054090] [laser_mapping]: publish_map: frame pts=0, total=0
[INFO] [1783988552.387043829] [laser_mapping]: publish_map: frame pts=0, total=0
[INFO] [1783988553.387032989] [laser_mapping]: publish_map: frame pts=0, total=0
[INFO] [1783988554.387062253] [laser_mapping]: publish_map: frame pts=0, total=0
[INFO] [1783988555.387034167] [laser_mapping]: publish_map: frame pts=0, total=0
[INFO] [1783988556.387033975] [laser_mapping]: publish_map: frame pts=0, total=0
[INFO] [1783988557.387035387] [laser_mapping]: publish_map: frame pts=0, total=0
[INFO] [1783988558.387030061] [laser_mapping]: publish_map: frame pts=0, total=0
[INFO] [1783988559.387030226] [laser_mapping]: publish_map: frame pts=0, total=0
[INFO] [1783988560.387048672] [laser_mapping]: publish_map: frame pts=0, total=0
[INFO] [1783988561.387033276] [laser_mapping]: publish_map: frame pts=0, total=0
[INFO] [1783988562.387121330] [laser_mapping]: publish_map: frame pts=0, total=0
[INFO] [1783988563.387044439] [laser_mapping]: publish_map: frame pts=0, total=0
[INFO] [1783988564.387041608] [laser_mapping]: publish_map: frame pts=0, total=0
[INFO] [1783988565.387037793] [laser_mapping]: publish_map: frame pts=0, total=0
[INFO] [1783988566.387040446] [laser_mapping]: publish_map: frame pts=0, total=0
[INFO] [1783988567.387039570] [laser_mapping]: publish_map: frame pts=0, total=0
[INFO] [1783988568.387039119] [laser_mapping]: publish_map: frame pts=0, total=0
[INFO] [1783988569.387031204] [laser_mapping]: publish_map: frame pts=0, total=0
[INFO] [1783988570.387032496] [laser_mapping]: publish_map: frame pts=0, total=0
[INFO] [1783988571.387030868] [laser_mapping]: publish_map: frame pts=0, total=0
[INFO] [1783988572.387030905] [laser_mapping]: publish_map: frame pts=0, total=0
[INFO] [1783988573.386990693] [laser_mapping]: publish_map: frame pts=0, total=0
[INFO] [1783988574.387043995] [laser_mapping]: publish_map: frame pts=0, total=0
[INFO] [1783988575.387044994] [laser_mapping]: publish_map: frame pts=0, total=0
[INFO] [1783988576.387042961] [laser_mapping]: publish_map: frame pts=0, total=0
[INFO] [1783988577.387032106] [laser_mapping]: publish_map: frame pts=0, total=0
[WARN] [1783988578.237028017] [laser_mapping]: No point, skip this scan!

[WARN] [1783988578.247013207] [laser_mapping]: No point, skip this scan!

[WARN] [1783988578.257023829] [laser_mapping]: No point, skip this scan!

IMU Initial Done
[WARN] [1783988578.297519632] [laser_mapping]: No point, skip this scan!

[WARN] [1783988578.307383265] [laser_mapping]: No point, skip this scan!

[WARN] [1783988578.317147721] [laser_mapping]: No point, skip this scan!

[WARN] [1783988578.327024883] [laser_mapping]: No point, skip this scan!

[INFO] [1783988578.387032941] [laser_mapping]: publish_map: frame pts=0, total=0
[INFO] [1783988578.390569017] [laser_mapping]: Initialize the map kdtree
[INFO] [1783988578.398978447] [laser_mapping]: publish_map: frame pts=2484, total=0
[INFO] [1783988578.408261327] [laser_mapping]: publish_map: frame pts=2484, total=2484
[INFO] [1783988578.419216056] [laser_mapping]: publish_map: frame pts=2484, total=4968
[INFO] [1783988578.469552515] [laser_mapping]: publish_map: frame pts=2902, total=7452
[INFO] [1783988578.478930889] [laser_mapping]: publish_map: frame pts=2902, total=10354
[INFO] [1783988578.489011880] [laser_mapping]: publish_map: frame pts=2902, total=13256
[INFO] [1783988578.498517761] [laser_mapping]: publish_map: frame pts=2902, total=16158
[INFO] [1783988578.550294700] [laser_mapping]: publish_map: frame pts=2679, total=19060
[INFO] [1783988578.559757324] [laser_mapping]: publish_map: frame pts=2679, total=21739
[INFO] [1783988578.570194821] [laser_mapping]: publish_map: frame pts=2679, total=24418
[INFO] [1783988578.578786946] [laser_mapping]: publish_map: frame pts=2679, total=27097
[INFO] [1783988578.640645007] [laser_mapping]: publish_map: frame pts=2626, total=29776
[INFO] [1783988578.649218074] [laser_mapping]: publish_map: frame pts=2626, total=32402
[INFO] [1783988578.658497166] [laser_mapping]: publish_map: frame pts=2626, total=35028
[INFO] [1783988578.668902804] [laser_mapping]: publish_map: frame pts=2626, total=37654
[INFO] [1783988578.720474190] [laser_mapping]: publish_map: frame pts=2918, total=40280
[INFO] [1783988578.729621000] [laser_mapping]: publish_map: frame pts=2918, total=43198
[INFO] [1783988578.739230608] [laser_mapping]: publish_map: frame pts=2918, total=46116
[INFO] [1783988578.748415730] [laser_mapping]: publish_map: frame pts=2918, total=49034
[INFO] [1783988578.799049073] [laser_mapping]: publish_map: frame pts=2509, total=51952
[INFO] [1783988578.808860281] [laser_mapping]: publish_map: frame pts=2509, total=54461
[INFO] [1783988578.818268816] [laser_mapping]: publish_map: frame pts=2509, total=56970
[INFO] [1783988578.829103747] [laser_mapping]: publish_map: frame pts=2509, total=59479
[INFO] [1783988578.890690169] [laser_mapping]: publish_map: frame pts=2679, total=61988
[INFO] [1783988578.899162160] [laser_mapping]: publish_map: frame pts=2679, total=64667
[INFO] [1783988578.909298124] [laser_mapping]: publish_map: frame pts=2679, total=67346
[INFO] [1783988578.918509230] [laser_mapping]: publish_map: frame pts=2679, total=70025
[INFO] [1783988578.970232997] [laser_mapping]: publish_map: frame pts=2916, total=72704
[INFO] [1783988578.978467346] [laser_mapping]: publish_map: frame pts=2916, total=75620
[INFO] [1783988578.988643582] [laser_mapping]: publish_map: frame pts=2916, total=78536
[INFO] [1783988578.998593485] [laser_mapping]: publish_map: frame pts=2916, total=81452
[INFO] [1783988579.050062217] [laser_mapping]: publish_map: frame pts=2602, total=84368
[INFO] [1783988579.058943761] [laser_mapping]: publish_map: frame pts=2602, total=86970
[INFO] [1783988579.068254759] [laser_mapping]: publish_map: frame pts=2602, total=89572
[INFO] [1783988579.080028127] [laser_mapping]: publish_map: frame pts=2602, total=92174
[INFO] [1783988579.139291128] [laser_mapping]: publish_map: frame pts=2792, total=94776
[INFO] [1783988579.148887292] [laser_mapping]: publish_map: frame pts=2792, total=97568
[INFO] [1783988579.158315073] [laser_mapping]: publish_map: frame pts=2792, total=100360
[INFO] [1783988579.168788574] [laser_mapping]: publish_map: frame pts=2792, total=103152
[INFO] [1783988579.220025299] [laser_mapping]: publish_map: frame pts=2734, total=105944
[INFO] [1783988579.233082558] [laser_mapping]: publish_map: frame pts=2734, total=108678
[INFO] [1783988579.250976268] [laser_mapping]: publish_map: frame pts=2734, total=111412
[INFO] [1783988579.271397924] [laser_mapping]: publish_map: frame pts=2734, total=114146
[INFO] [1783988579.299269446] [laser_mapping]: publish_map: frame pts=2482, total=116880
[INFO] [1783988579.308656945] [laser_mapping]: publish_map: frame pts=2482, total=119362
[INFO] [1783988579.318540251] [laser_mapping]: publish_map: frame pts=2482, total=121844
[INFO] [1783988579.329317747] [laser_mapping]: publish_map: frame pts=2482, total=124326
[INFO] [1783988579.387030198] [laser_mapping]: publish_map: frame pts=2482, total=126808
[INFO] [1783988579.397741414] [laser_mapping]: publish_map: frame pts=2900, total=129290
[INFO] [1783988579.404701979] [laser_mapping]: publish_map: frame pts=2900, total=132190
[INFO] [1783988579.411491771] [laser_mapping]: publish_map: frame pts=2900, total=135090
[INFO] [1783988579.418433888] [laser_mapping]: publish_map: frame pts=2900, total=137990
[INFO] [1783988579.469056524] [laser_mapping]: publish_map: frame pts=2691, total=140890
[INFO] [1783988579.478683363] [laser_mapping]: publish_map: frame pts=2691, total=143581
[INFO] [1783988579.488613968] [laser_mapping]: publish_map: frame pts=2691, total=146272
[INFO] [1783988579.499051574] [laser_mapping]: publish_map: frame pts=2691, total=148963
[INFO] [1783988579.548710648] [laser_mapping]: publish_map: frame pts=2587, total=151654
[INFO] [1783988579.558448370] [laser_mapping]: publish_map: frame pts=2587, total=154241
[INFO] [1783988579.568398289] [laser_mapping]: publish_map: frame pts=2587, total=156828
[INFO] [1783988579.578467175] [laser_mapping]: publish_map: frame pts=2587, total=159415
[INFO] [1783988579.640789362] [laser_mapping]: publish_map: frame pts=2801, total=162002
[INFO] [1783988579.656704458] [laser_mapping]: publish_map: frame pts=2801, total=164803
[INFO] [1783988579.674046383] [laser_mapping]: publish_map: frame pts=2801, total=167604
[INFO] [1783988579.691423046] [laser_mapping]: publish_map: frame pts=2801, total=170405
[INFO] [1783988579.719390771] [laser_mapping]: publish_map: frame pts=2567, total=173206
[INFO] [1783988579.735116020] [laser_mapping]: publish_map: frame pts=2567, total=175773
[INFO] [1783988579.748714376] [laser_mapping]: publish_map: frame pts=2567, total=178340
[INFO] [1783988579.762733069] [laser_mapping]: publish_map: frame pts=2567, total=180907
[INFO] [1783988579.798763503] [laser_mapping]: publish_map: frame pts=2678, total=183474
[INFO] [1783988579.823846631] [laser_mapping]: publish_map: frame pts=2678, total=186152
[INFO] [1783988579.838647266] [laser_mapping]: publish_map: frame pts=2678, total=188830
[INFO] [1783988579.854617672] [laser_mapping]: publish_map: frame pts=2678, total=191508
[INFO] [1783988579.889132009] [laser_mapping]: publish_map: frame pts=2916, total=194186
[INFO] [1783988579.899254611] [laser_mapping]: publish_map: frame pts=2916, total=197102
[INFO] [1783988579.909765349] [laser_mapping]: publish_map: frame pts=2916, total=200018
[INFO] [1783988579.920846887] [laser_mapping]: publish_map: frame pts=2916, total=202934
[INFO] [1783988579.968902190] [laser_mapping]: publish_map: frame pts=2491, total=205850
[INFO] [1783988579.981108562] [laser_mapping]: publish_map: frame pts=2491, total=208341
[INFO] [1783988579.992130838] [laser_mapping]: publish_map: frame pts=2491, total=210832
[INFO] [1783988580.002289220] [laser_mapping]: publish_map: frame pts=2491, total=213323
[INFO] [1783988580.048935630] [laser_mapping]: publish_map: frame pts=2771, total=215814
[INFO] [1783988580.068351019] [laser_mapping]: publish_map: frame pts=2771, total=218585
[INFO] [1783988580.085138499] [laser_mapping]: publish_map: frame pts=2771, total=221356
[INFO] [1783988580.102032500] [laser_mapping]: publish_map: frame pts=2771, total=224127
[INFO] [1783988580.139600159] [laser_mapping]: publish_map: frame pts=2735, total=226898
[INFO] [1783988580.154912345] [laser_mapping]: publish_map: frame pts=2735, total=229633
[INFO] [1783988580.167197906] [laser_mapping]: publish_map: frame pts=2735, total=232368
[INFO] [1783988580.179133242] [laser_mapping]: publish_map: frame pts=2735, total=235103
[INFO] [1783988580.218778474] [laser_mapping]: publish_map: frame pts=2593, total=237838
[INFO] [1783988580.230358042] [laser_mapping]: publish_map: frame pts=2593, total=240431
[INFO] [1783988580.242055992] [laser_mapping]: publish_map: frame pts=2593, total=243024
[INFO] [1783988580.253836724] [laser_mapping]: publish_map: frame pts=2593, total=245617
[INFO] [1783988580.308761872] [laser_mapping]: publish_map: frame pts=2899, total=248210
[INFO] [1783988580.320463385] [laser_mapping]: publish_map: frame pts=2899, total=251109
[INFO] [1783988580.334893056] [laser_mapping]: publish_map: frame pts=2899, total=254008
[INFO] [1783988580.350644948] [laser_mapping]: publish_map: frame pts=2899, total=256907
[INFO] [1783988580.387039668] [laser_mapping]: publish_map: frame pts=2899, total=259806
[INFO] [1783988580.403429592] [laser_mapping]: publish_map: frame pts=2698, total=262705
[INFO] [1783988580.418746501] [laser_mapping]: publish_map: frame pts=2698, total=265403
[INFO] [1783988580.434342241] [laser_mapping]: publish_map: frame pts=2698, total=268101
[INFO] [1783988580.451308397] [laser_mapping]: publish_map: frame pts=2698, total=270799
[INFO] [1783988580.469098351] [laser_mapping]: publish_map: frame pts=2493, total=273497
[INFO] [1783988580.485658758] [laser_mapping]: publish_map: frame pts=2493, total=275990
[INFO] [1783988580.502538124] [laser_mapping]: publish_map: frame pts=2493, total=278483
[INFO] [1783988580.519730160] [laser_mapping]: publish_map: frame pts=2493, total=280976
[INFO] [1783988580.559269650] [laser_mapping]: publish_map: frame pts=2914, total=283469
[INFO] [1783988580.575820449] [laser_mapping]: publish_map: frame pts=2914, total=286383
[INFO] [1783988580.589876426] [laser_mapping]: publish_map: frame pts=2914, total=289297
[INFO] [1783988580.604437972] [laser_mapping]: publish_map: frame pts=2914, total=292211
[INFO] [1783988580.639422447] [laser_mapping]: publish_map: frame pts=2600, total=295125
[INFO] [1783988580.663001071] [laser_mapping]: publish_map: frame pts=2600, total=297725
[INFO] [1783988580.686684711] [laser_mapping]: publish_map: frame pts=2600, total=300325
[INFO] [1783988580.713041192] [laser_mapping]: publish_map: frame pts=2600, total=302925
[INFO] [1783988580.739270726] [laser_mapping]: publish_map: frame pts=2674, total=305525
[INFO] [1783988580.762243315] [laser_mapping]: publish_map: frame pts=2674, total=308199
[INFO] [1783988580.785669906] [laser_mapping]: publish_map: frame pts=2674, total=310873
[INFO] [1783988580.810467374] [laser_mapping]: publish_map: frame pts=2674, total=313547
[INFO] [1783988580.835214830] [laser_mapping]: publish_map: frame pts=2800, total=316221
[INFO] [1783988580.860261389] [laser_mapping]: publish_map: frame pts=2800, total=319021
[INFO] [1783988580.885861561] [laser_mapping]: publish_map: frame pts=2800, total=321821
[INFO] [1783988580.911061936] [laser_mapping]: publish_map: frame pts=2593, total=324621
[INFO] [1783988580.936360803] [laser_mapping]: publish_map: frame pts=2593, total=327214
[INFO] [1783988580.961410884] [laser_mapping]: publish_map: frame pts=2593, total=329807
[INFO] [1783988580.978638417] [laser_mapping]: publish_map: frame pts=2593, total=332400
[INFO] [1783988580.995758756] [laser_mapping]: publish_map: frame pts=2868, total=334993
[INFO] [1783988581.013462101] [laser_mapping]: publish_map: frame pts=2868, total=337861
[INFO] [1783988581.031754904] [laser_mapping]: publish_map: frame pts=2868, total=340729
[INFO] [1783988581.048970839] [laser_mapping]: publish_map: frame pts=2868, total=343597
[INFO] [1783988581.068211213] [laser_mapping]: publish_map: frame pts=2744, total=346465
[INFO] [1783988581.085931774] [laser_mapping]: publish_map: frame pts=2744, total=349209
[INFO] [1783988581.103406128] [laser_mapping]: publish_map: frame pts=2744, total=351953
[INFO] [1783988581.120879244] [laser_mapping]: publish_map: frame pts=2744, total=354697
[INFO] [1783988581.148885234] [laser_mapping]: publish_map: frame pts=2482, total=357441
[INFO] [1783988581.167595433] [laser_mapping]: publish_map: frame pts=2482, total=359923
[INFO] [1783988581.183986639] [laser_mapping]: publish_map: frame pts=2482, total=362405
[INFO] [1783988581.204523474] [laser_mapping]: publish_map: frame pts=2482, total=364887
[INFO] [1783988581.239604101] [laser_mapping]: publish_map: frame pts=2894, total=367369
[INFO] [1783988581.275018176] [laser_mapping]: publish_map: frame pts=2894, total=370263
[INFO] [1783988581.303240328] [laser_mapping]: publish_map: frame pts=2894, total=373157
[INFO] [1783988581.328352225] [laser_mapping]: publish_map: frame pts=2894, total=376051
[INFO] [1783988581.352983549] [laser_mapping]: publish_map: frame pts=2710, total=378945
[INFO] [1783988581.377286700] [laser_mapping]: publish_map: frame pts=2710, total=381655
[INFO] [1783988581.397407857] [laser_mapping]: publish_map: frame pts=2710, total=384365
[INFO] [1783988581.418782325] [laser_mapping]: publish_map: frame pts=2710, total=387075
[INFO] [1783988581.443882673] [laser_mapping]: publish_map: frame pts=2710, total=389785
[INFO] [1783988581.467527598] [laser_mapping]: publish_map: frame pts=2507, total=392495
[INFO] [1783988581.490174707] [laser_mapping]: publish_map: frame pts=2507, total=395002
[INFO] [1783988581.510981723] [laser_mapping]: publish_map: frame pts=2803, total=397509
[INFO] [1783988581.533228047] [laser_mapping]: publish_map: frame pts=2803, total=400312
[INFO] [1783988581.557317301] [laser_mapping]: publish_map: frame pts=2803, total=403115
[INFO] [1783988581.578975499] [laser_mapping]: publish_map: frame pts=2803, total=405918
[INFO] [1783988581.601781032] [laser_mapping]: publish_map: frame pts=2627, total=408721
[INFO] [1783988581.623361172] [laser_mapping]: publish_map: frame pts=2627, total=411348
[INFO] [1783988581.644182843] [laser_mapping]: publish_map: frame pts=2627, total=413975
[INFO] [1783988581.665214785] [laser_mapping]: publish_map: frame pts=2627, total=416602
[INFO] [1783988581.697351916] [laser_mapping]: publish_map: frame pts=2670, total=419229
[INFO] [1783988581.737459577] [laser_mapping]: publish_map: frame pts=2670, total=421899
[INFO] [1783988581.770225405] [laser_mapping]: publish_map: frame pts=2670, total=424569
[INFO] [1783988581.800282506] [laser_mapping]: publish_map: frame pts=2883, total=427239
[INFO] [1783988581.829348741] [laser_mapping]: publish_map: frame pts=2883, total=430122
[INFO] [1783988581.856414090] [laser_mapping]: publish_map: frame pts=2883, total=433005
[INFO] [1783988581.886708324] [laser_mapping]: publish_map: frame pts=2493, total=435888
[INFO] [1783988581.914431448] [laser_mapping]: publish_map: frame pts=2493, total=438381
[INFO] [1783988581.943210590] [laser_mapping]: publish_map: frame pts=2855, total=440874
[INFO] [1783988581.970522020] [laser_mapping]: publish_map: frame pts=2855, total=443729
[INFO] [1783988581.997309771] [laser_mapping]: publish_map: frame pts=2855, total=446584
[INFO] [1783988582.026923344] [laser_mapping]: publish_map: frame pts=2752, total=449439
[INFO] [1783988582.057111692] [laser_mapping]: publish_map: frame pts=2752, total=452191
[INFO] [1783988582.084514950] [laser_mapping]: publish_map: frame pts=2752, total=454943
[INFO] [1783988582.111815293] [laser_mapping]: publish_map: frame pts=2510, total=457695
[INFO] [1783988582.139368983] [laser_mapping]: publish_map: frame pts=2510, total=460205
[INFO] [1783988582.165596441] [laser_mapping]: publish_map: frame pts=2510, total=462715
[INFO] [1783988582.192028818] [laser_mapping]: publish_map: frame pts=2781, total=465225
[INFO] [1783988582.218107548] [laser_mapping]: publish_map: frame pts=2781, total=468006
[INFO] [1783988582.243198976] [laser_mapping]: publish_map: frame pts=2781, total=470787
[INFO] [1783988582.269747456] [laser_mapping]: publish_map: frame pts=2713, total=473568
[INFO] [1783988582.296499650] [laser_mapping]: publish_map: frame pts=2713, total=476281
[INFO] [1783988582.323556269] [laser_mapping]: publish_map: frame pts=2713, total=478994
[INFO] [1783988582.350081356] [laser_mapping]: publish_map: frame pts=2713, total=481707
[INFO] [1783988582.377829157] [laser_mapping]: publish_map: frame pts=2594, total=484420
[INFO] [1783988582.402890119] [laser_mapping]: publish_map: frame pts=2594, total=487014
[INFO] [1783988582.429294593] [laser_mapping]: publish_map: frame pts=2594, total=489608
[INFO] [1783988582.456068625] [laser_mapping]: publish_map: frame pts=2594, total=492202
[INFO] [1783988582.484773282] [laser_mapping]: publish_map: frame pts=2913, total=494796
[INFO] [1783988582.512030774] [laser_mapping]: publish_map: frame pts=2913, total=497709
[INFO] [1783988582.540639938] [laser_mapping]: publish_map: frame pts=2521, total=500622
[INFO] [1783988582.572176523] [laser_mapping]: publish_map: frame pts=2521, total=503143
[INFO] [1783988582.601802141] [laser_mapping]: publish_map: frame pts=2521, total=505664
[INFO] [1783988582.630701240] [laser_mapping]: publish_map: frame pts=2665, total=508185
[INFO] [1783988582.660610296] [laser_mapping]: publish_map: frame pts=2665, total=510850
[INFO] [1783988582.689058321] [laser_mapping]: publish_map: frame pts=2917, total=513515
[INFO] [1783988582.719776188] [laser_mapping]: publish_map: frame pts=2917, total=516432
[INFO] [1783988582.750189430] [laser_mapping]: publish_map: frame pts=2917, total=519349
[INFO] [1783988582.783744558] [laser_mapping]: publish_map: frame pts=2526, total=522266
[INFO] [1783988582.816118052] [laser_mapping]: publish_map: frame pts=2526, total=524792
[INFO] [1783988582.847145319] [laser_mapping]: publish_map: frame pts=2526, total=527318
[INFO] [1783988582.881427416] [laser_mapping]: publish_map: frame pts=2712, total=529844
[INFO] [1783988582.920617739] [laser_mapping]: publish_map: frame pts=2712, total=532556
[INFO] [1783988582.954515659] [laser_mapping]: publish_map: frame pts=2712, total=535268
[INFO] [1783988582.989446669] [laser_mapping]: publish_map: frame pts=2776, total=537980
[INFO] [1783988583.019616406] [laser_mapping]: publish_map: frame pts=2776, total=540756
[INFO] [1783988583.051940778] [laser_mapping]: publish_map: frame pts=2591, total=543532
[INFO] [1783988583.084884556] [laser_mapping]: publish_map: frame pts=2591, total=546123
[INFO] [1783988583.113339799] [laser_mapping]: publish_map: frame pts=2892, total=548714
[INFO] [1783988583.147419364] [laser_mapping]: publish_map: frame pts=2892, total=551606
[INFO] [1783988583.179624532] [laser_mapping]: publish_map: frame pts=2892, total=554498
[INFO] [1783988583.211696992] [laser_mapping]: publish_map: frame pts=2721, total=557390
[INFO] [1783988583.254413493] [laser_mapping]: publish_map: frame pts=2721, total=560111
[INFO] [1783988583.291546677] [laser_mapping]: publish_map: frame pts=2721, total=562832
[INFO] [1783988583.329000755] [laser_mapping]: publish_map: frame pts=2481, total=565553
[INFO] [1783988583.365791179] [laser_mapping]: publish_map: frame pts=2481, total=568034
[INFO] [1783988583.401254325] [laser_mapping]: publish_map: frame pts=2481, total=570515
[INFO] [1783988583.438821576] [laser_mapping]: publish_map: frame pts=2825, total=572996
[INFO] [1783988583.476153920] [laser_mapping]: publish_map: frame pts=2825, total=575821
[INFO] [1783988583.514121023] [laser_mapping]: publish_map: frame pts=2635, total=578646
[INFO] [1783988583.552329350] [laser_mapping]: publish_map: frame pts=2663, total=581281
[INFO] [1783988583.590386869] [laser_mapping]: publish_map: frame pts=2663, total=583944
[INFO] [1783988583.628582400] [laser_mapping]: publish_map: frame pts=2832, total=586607
[INFO] [1783988583.667025585] [laser_mapping]: publish_map: frame pts=2832, total=589439
[INFO] [1783988583.705854971] [laser_mapping]: publish_map: frame pts=2832, total=592271
[INFO] [1783988583.745005738] [laser_mapping]: publish_map: frame pts=2496, total=595103
[INFO] [1783988583.783723982] [laser_mapping]: publish_map: frame pts=2496, total=597599
[INFO] [1783988583.823225060] [laser_mapping]: publish_map: frame pts=2700, total=600095
[INFO] [1783988583.862314922] [laser_mapping]: publish_map: frame pts=2700, total=602795
[INFO] [1783988583.902585105] [laser_mapping]: publish_map: frame pts=2903, total=605495
[INFO] [1783988583.942400145] [laser_mapping]: publish_map: frame pts=2903, total=608398
[INFO] [1783988583.982351995] [laser_mapping]: publish_map: frame pts=2484, total=611301
[INFO] [1783988584.014330870] [laser_mapping]: publish_map: frame pts=2484, total=613785
[INFO] [1783988584.047315072] [laser_mapping]: publish_map: frame pts=2796, total=616269
[INFO] [1783988584.080948225] [laser_mapping]: publish_map: frame pts=2796, total=619065
[INFO] [1783988584.112402707] [laser_mapping]: publish_map: frame pts=2722, total=621861
[INFO] [1783988584.146007992] [laser_mapping]: publish_map: frame pts=2722, total=624583
[INFO] [1783988584.179675392] [laser_mapping]: publish_map: frame pts=2722, total=627305
[INFO] [1783988584.217089680] [laser_mapping]: publish_map: frame pts=2593, total=630027
[INFO] [1783988584.252142810] [laser_mapping]: publish_map: frame pts=2593, total=632620
[INFO] [1783988584.285227026] [laser_mapping]: publish_map: frame pts=2802, total=635213
[INFO] [1783988584.320807707] [laser_mapping]: publish_map: frame pts=2802, total=638015
[INFO] [1783988584.353704134] [laser_mapping]: publish_map: frame pts=2802, total=640817
[INFO] [1783988584.389767374] [laser_mapping]: publish_map: frame pts=2802, total=643619
[INFO] [1783988584.432853313] [laser_mapping]: publish_map: frame pts=2529, total=646421
[INFO] [1783988584.494329101] [laser_mapping]: publish_map: frame pts=2529, total=648950
[INFO] [1783988584.560337892] [laser_mapping]: publish_map: frame pts=2658, total=651479
[INFO] [1783988584.628831257] [laser_mapping]: publish_map: frame pts=2917, total=654137
[INFO] [1783988584.698192672] [laser_mapping]: publish_map: frame pts=2917, total=657054
[INFO] [1783988584.759822122] [laser_mapping]: publish_map: frame pts=2689, total=659971
[INFO] [1783988584.820077982] [laser_mapping]: publish_map: frame pts=2689, total=662660
[INFO] [1783988584.882090953] [laser_mapping]: publish_map: frame pts=2801, total=665349
[INFO] [1783988584.946298726] [laser_mapping]: publish_map: frame pts=2598, total=668150
[INFO] [1783988585.009949533] [laser_mapping]: publish_map: frame pts=2837, total=670748
[INFO] [1783988585.072948080] [laser_mapping]: publish_map: frame pts=2837, total=673585
[INFO] [1783988585.143326678] [laser_mapping]: publish_map: frame pts=2726, total=676422
[INFO] [1783988585.214170019] [laser_mapping]: publish_map: frame pts=2482, total=679148
[INFO] [1783988585.283935457] [laser_mapping]: publish_map: frame pts=2905, total=681630
[INFO] [1783988585.350828946] [laser_mapping]: publish_map: frame pts=2540, total=684535
[INFO] [1783988585.414986647] [laser_mapping]: publish_map: frame pts=2540, total=687075
[INFO] [1783988585.479957067] [laser_mapping]: publish_map: frame pts=2540, total=689615
[INFO] [1783988585.549480468] [laser_mapping]: publish_map: frame pts=2647, total=692155
[INFO] [1783988585.618773587] [laser_mapping]: publish_map: frame pts=2614, total=694802
[INFO] [1783988585.688356716] [laser_mapping]: publish_map: frame pts=2684, total=697416
[INFO] [1783988585.754506773] [laser_mapping]: publish_map: frame pts=2684, total=700100
[INFO] [1783988585.823679269] [laser_mapping]: publish_map: frame pts=2819, total=702784
[INFO] [1783988585.902633929] [laser_mapping]: publish_map: frame pts=2488, total=705603
[INFO] [1783988585.968900505] [laser_mapping]: publish_map: frame pts=2877, total=708091
[INFO] [1783988586.035969685] [laser_mapping]: publish_map: frame pts=2732, total=710968
[INFO] [1783988586.107671638] [laser_mapping]: publish_map: frame pts=2480, total=713700
[INFO] [1783988586.180854101] [laser_mapping]: publish_map: frame pts=2480, total=716180
[INFO] [1783988586.251806696] [laser_mapping]: publish_map: frame pts=2793, total=718660
[INFO] [1783988586.321304444] [laser_mapping]: publish_map: frame pts=2677, total=721453
[INFO] [1783988586.388936389] [laser_mapping]: publish_map: frame pts=2627, total=724130
[INFO] [1783988586.453493815] [laser_mapping]: publish_map: frame pts=2627, total=726757
[INFO] [1783988586.525452931] [laser_mapping]: publish_map: frame pts=2819, total=729384
[INFO] [1783988586.627056987] [laser_mapping]: publish_map: frame pts=2506, total=732203
[INFO] [1783988586.703336302] [laser_mapping]: publish_map: frame pts=2916, total=734709
[INFO] [1783988586.779613594] [laser_mapping]: publish_map: frame pts=2916, total=737625
[INFO] [1783988586.855502491] [laser_mapping]: publish_map: frame pts=2916, total=740541
[INFO] [1783988586.926261507] [laser_mapping]: publish_map: frame pts=2757, total=743457
[INFO] [1783988586.998131241] [laser_mapping]: publish_map: frame pts=2734, total=746214
[INFO] [1783988587.102329243] [laser_mapping]: publish_map: frame pts=2539, total=748948
[INFO] [1783988587.172080469] [laser_mapping]: publish_map: frame pts=2901, total=751487
[INFO] [1783988587.257062279] [laser_mapping]: publish_map: frame pts=2697, total=754388
[INFO] [1783988587.339399274] [laser_mapping]: publish_map: frame pts=2496, total=757085
[INFO] [1783988587.429490775] [laser_mapping]: publish_map: frame pts=2496, total=759581
[INFO] [1783988587.515134824] [laser_mapping]: publish_map: frame pts=2819, total=762077
[INFO] [1783988587.598444659] [laser_mapping]: publish_map: frame pts=2621, total=764896
[INFO] [1783988587.676684440] [laser_mapping]: publish_map: frame pts=2805, total=767517
[INFO] [1783988587.749030036] [laser_mapping]: Saving map to /home/hyper/program/2026_Gsing-second_ROS/map/PCD25.pcd...
[INFO] [1783988592.894459994] [laser_mapping]: publish_map: frame pts=2805, total=770322
[INFO] [1783988592.930059696] [laser_mapping]: publish_map: frame pts=2490, total=773127
[INFO] [1783988592.967185665] [laser_mapping]: publish_map: frame pts=2490, total=775617
[INFO] [1783988593.005872033] [laser_mapping]: publish_map: frame pts=2647, total=778107
[INFO] [1783988593.044315536] [laser_mapping]: publish_map: frame pts=2647, total=780754
[INFO] [1783988593.082789112] [laser_mapping]: publish_map: frame pts=2647, total=783401
[INFO] [1783988593.122311777] [laser_mapping]: publish_map: frame pts=2647, total=786048
[INFO] [1783988593.161625893] [laser_mapping]: publish_map: frame pts=2614, total=788695
[INFO] [1783988593.202001197] [laser_mapping]: publish_map: frame pts=2614, total=791309
[INFO] [1783988593.243885854] [laser_mapping]: publish_map: frame pts=2684, total=793923
[INFO] [1783988593.283868188] [laser_mapping]: publish_map: frame pts=2684, total=796607
[INFO] [1783988593.324147765] [laser_mapping]: publish_map: frame pts=2822, total=799291
[INFO] [1783988593.363349066] [laser_mapping]: publish_map: frame pts=2822, total=802113
[INFO] [1783988593.401167719] [laser_mapping]: publish_map: frame pts=2822, total=804935
[INFO] [1783988593.441501006] [laser_mapping]: publish_map: frame pts=2490, total=807757
[INFO] [1783988593.486633038] [laser_mapping]: publish_map: frame pts=2490, total=810247
[INFO] [1783988593.530056711] [laser_mapping]: publish_map: frame pts=2876, total=812737
[INFO] [1783988593.574600047] [laser_mapping]: publish_map: frame pts=2876, total=815613
[INFO] [1783988593.619220139] [laser_mapping]: publish_map: frame pts=2731, total=818489
[INFO] [1783988593.663518673] [laser_mapping]: publish_map: frame pts=2584, total=821220
[INFO] [1783988593.707472771] [laser_mapping]: publish_map: frame pts=2584, total=823804
[INFO] [1783988593.750973088] [laser_mapping]: publish_map: frame pts=2787, total=826388
[INFO] [1783988593.793373811] [laser_mapping]: publish_map: frame pts=2787, total=829175
[INFO] [1783988593.837968199] [laser_mapping]: publish_map: frame pts=2605, total=831962
[INFO] [1783988593.883991092] [laser_mapping]: publish_map: frame pts=2605, total=834567
[INFO] [1783988593.926354792] [laser_mapping]: publish_map: frame pts=2639, total=837172
[INFO] [1783988593.970407535] [laser_mapping]: publish_map: frame pts=2639, total=839811
[INFO] [1783988594.018806999] [laser_mapping]: publish_map: frame pts=2916, total=842450
[INFO] [1783988594.067882322] [laser_mapping]: publish_map: frame pts=2916, total=845366
[INFO] [1783988594.119414761] [laser_mapping]: publish_map: frame pts=2506, total=848282
[INFO] [1783988594.169123850] [laser_mapping]: publish_map: frame pts=2681, total=850788
[INFO] [1783988594.218344464] [laser_mapping]: publish_map: frame pts=2681, total=853469
[INFO] [1783988594.269018817] [laser_mapping]: publish_map: frame pts=2805, total=856150
[INFO] [1783988594.316892772] [laser_mapping]: publish_map: frame pts=2805, total=858955
[INFO] [1783988594.363961611] [laser_mapping]: publish_map: frame pts=2600, total=861760
[INFO] [1783988594.409636545] [laser_mapping]: publish_map: frame pts=2600, total=864360
[INFO] [1783988594.454933390] [laser_mapping]: publish_map: frame pts=2600, total=866960
[INFO] [1783988594.499396830] [laser_mapping]: publish_map: frame pts=2813, total=869560
[INFO] [1783988594.542939450] [laser_mapping]: publish_map: frame pts=2733, total=872373
[INFO] [1783988594.588816818] [laser_mapping]: publish_map: frame pts=2481, total=875106
[INFO] [1783988594.633985286] [laser_mapping]: publish_map: frame pts=2481, total=877587
[INFO] [1783988594.677442099] [laser_mapping]: publish_map: frame pts=2898, total=880068
[INFO] [1783988594.722710555] [laser_mapping]: publish_map: frame pts=2898, total=882966
[INFO] [1783988594.769987291] [laser_mapping]: publish_map: frame pts=2692, total=885864
[INFO] [1783988594.817848714] [laser_mapping]: publish_map: frame pts=2692, total=888556
[INFO] [1783988594.865948422] [laser_mapping]: publish_map: frame pts=2562, total=891248
[INFO] [1783988594.905022569] [laser_mapping]: publish_map: frame pts=2801, total=893810
[INFO] [1783988594.941163668] [laser_mapping]: publish_map: frame pts=2801, total=896611
[INFO] [1783988594.978995584] [laser_mapping]: publish_map: frame pts=2801, total=899412
[INFO] [1783988595.013891934] [laser_mapping]: publish_map: frame pts=2602, total=902213
[INFO] [1783988595.053125797] [laser_mapping]: publish_map: frame pts=2602, total=904815
[INFO] [1783988595.091777556] [laser_mapping]: publish_map: frame pts=2678, total=907417
[INFO] [1783988595.129399657] [laser_mapping]: publish_map: frame pts=2678, total=910095
[INFO] [1783988595.167345352] [laser_mapping]: publish_map: frame pts=2918, total=912773
[INFO] [1783988595.206314432] [laser_mapping]: publish_map: frame pts=2918, total=915691
[INFO] [1783988595.244538004] [laser_mapping]: publish_map: frame pts=2492, total=918609
[INFO] [1783988595.281380226] [laser_mapping]: publish_map: frame pts=2492, total=921101
[INFO] [1783988595.337350276] [laser_mapping]: publish_map: frame pts=2796, total=923593
[INFO] [1783988595.391076902] [laser_mapping]: publish_map: frame pts=2796, total=926389
[INFO] [1783988595.448160824] [laser_mapping]: publish_map: frame pts=2796, total=929185
[INFO] [1783988595.488285565] [laser_mapping]: publish_map: frame pts=2737, total=931981
[INFO] [1783988595.528636377] [laser_mapping]: publish_map: frame pts=2594, total=934718
[INFO] [1783988595.567540374] [laser_mapping]: publish_map: frame pts=2594, total=937312
[INFO] [1783988595.606589343] [laser_mapping]: publish_map: frame pts=2803, total=939906
[INFO] [1783988595.677398948] [laser_mapping]: publish_map: frame pts=2803, total=942709
[INFO] [1783988595.749698025] [laser_mapping]: publish_map: frame pts=2700, total=945512
[INFO] [1783988595.819221236] [laser_mapping]: publish_map: frame pts=2493, total=948212
[INFO] [1783988595.890691697] [laser_mapping]: publish_map: frame pts=2913, total=950705
[INFO] [1783988595.961010023] [laser_mapping]: publish_map: frame pts=2585, total=953618
[INFO] [1783988596.031183023] [laser_mapping]: publish_map: frame pts=2674, total=956203
[INFO] [1783988596.102419177] [laser_mapping]: publish_map: frame pts=2801, total=958877
[INFO] [1783988596.173984087] [laser_mapping]: publish_map: frame pts=2801, total=961678
[INFO] [1783988596.244478713] [laser_mapping]: publish_map: frame pts=2549, total=964479
[INFO] [1783988596.315886342] [laser_mapping]: publish_map: frame pts=2868, total=967028
[INFO] [1783988596.388177516] [laser_mapping]: publish_map: frame pts=2742, total=969896
[INFO] [1783988596.458160325] [laser_mapping]: publish_map: frame pts=2742, total=972638
[INFO] [1783988596.529630036] [laser_mapping]: publish_map: frame pts=2482, total=975380
[INFO] [1783988596.610163437] [laser_mapping]: publish_map: frame pts=2801, total=977862
[INFO] [1783988596.697852977] [laser_mapping]: publish_map: frame pts=2704, total=980663
[INFO] [1783988596.787777415] [laser_mapping]: publish_map: frame pts=2602, total=983367
[INFO] [1783988596.879044444] [laser_mapping]: publish_map: frame pts=2512, total=985969
[INFO] [1783988596.973087485] [laser_mapping]: publish_map: frame pts=2671, total=988481
[INFO] [1783988597.064662528] [laser_mapping]: publish_map: frame pts=2917, total=991152
[INFO] [1783988597.152657105] [laser_mapping]: publish_map: frame pts=2586, total=994069
[INFO] [1783988597.240719893] [laser_mapping]: publish_map: frame pts=2749, total=996655
[INFO] [1783988597.330821049] [laser_mapping]: publish_map: frame pts=2749, total=999404
[INFO] [1783988597.416396763] [laser_mapping]: publish_map: frame pts=2749, total=1002153
[INFO] [1783988597.503986019] [laser_mapping]: publish_map: frame pts=2481, total=1004902
[INFO] [1783988597.593892699] [laser_mapping]: publish_map: frame pts=2897, total=1007383
[INFO] [1783988597.685503593] [laser_mapping]: publish_map: frame pts=2505, total=1010280
[INFO] [1783988597.782322980] [laser_mapping]: publish_map: frame pts=2799, total=1012785
[INFO] [1783988597.875391354] [laser_mapping]: publish_map: frame pts=2673, total=1015584
[INFO] [1783988597.967317018] [laser_mapping]: publish_map: frame pts=2918, total=1018257
[INFO] [1783988598.061414765] [laser_mapping]: publish_map: frame pts=2494, total=1021175
[INFO] [1783988598.159385600] [laser_mapping]: publish_map: frame pts=2751, total=1023669
[INFO] [1783988598.266210845] [laser_mapping]: publish_map: frame pts=2746, total=1026420
[INFO] [1783988598.391472485] [laser_mapping]: publish_map: frame pts=2746, total=1029166
[INFO] [1783988598.497555171] [laser_mapping]: publish_map: frame pts=2746, total=1031912
[INFO] [1783988598.602855822] [laser_mapping]: publish_map: frame pts=2713, total=1034658
[INFO] [1783988598.708089911] [laser_mapping]: publish_map: frame pts=2484, total=1037371
[INFO] [1783988598.817136861] [laser_mapping]: publish_map: frame pts=2669, total=1039855
[INFO] [1783988598.933382835] [laser_mapping]: publish_map: frame pts=2669, total=1042524
[INFO] [1783988599.057751762] [laser_mapping]: publish_map: frame pts=2570, total=1045193
[INFO] [1783988599.169521324] [laser_mapping]: publish_map: frame pts=2757, total=1047763
[INFO] [1783988599.275998520] [laser_mapping]: publish_map: frame pts=2484, total=1050520
[INFO] [1783988599.379349866] [laser_mapping]: publish_map: frame pts=2892, total=1053004
[INFO] [1783988599.481435165] [laser_mapping]: publish_map: frame pts=2892, total=1055896
[INFO] [1783988599.606480912] [laser_mapping]: publish_map: frame pts=2597, total=1058788
[INFO] [1783988599.731004850] [laser_mapping]: publish_map: frame pts=2833, total=1061385
[INFO] [1783988599.851454107] [laser_mapping]: publish_map: frame pts=2919, total=1064218
[INFO] [1783988599.975830262] [laser_mapping]: publish_map: frame pts=2919, total=1067137
[INFO] [1783988600.063700646] [laser_mapping]: publish_map: frame pts=2766, total=1070056
[INFO] [1783988600.150929781] [laser_mapping]: publish_map: frame pts=2483, total=1072822
[INFO] [1783988600.240058322] [laser_mapping]: publish_map: frame pts=2483, total=1075305
[INFO] [1783988600.330041832] [laser_mapping]: publish_map: frame pts=2719, total=1077788
[INFO] [1783988600.415113535] [laser_mapping]: publish_map: frame pts=2719, total=1080507
[INFO] [1783988600.503736722] [laser_mapping]: publish_map: frame pts=2481, total=1083226
[INFO] [1783988600.630854397] [laser_mapping]: publish_map: frame pts=2798, total=1085707
[INFO] [1783988600.793724431] [laser_mapping]: publish_map: frame pts=2919, total=1088505
[INFO] [1783988600.890241137] [laser_mapping]: publish_map: frame pts=2919, total=1091424
[INFO] [1783988600.993710987] [laser_mapping]: publish_map: frame pts=2789, total=1094343
[INFO] [1783988601.131136028] [laser_mapping]: publish_map: frame pts=2597, total=1097132
[INFO] [1783988601.264599613] [laser_mapping]: publish_map: frame pts=2721, total=1099729
[INFO] [1783988601.410314440] [laser_mapping]: publish_map: frame pts=2721, total=1102450
[INFO] [1783988601.543101713] [laser_mapping]: publish_map: frame pts=2481, total=1105171
[INFO] [1783988601.664972940] [laser_mapping]: publish_map: frame pts=2627, total=1107652
[INFO] [1783988601.792702173] [laser_mapping]: publish_map: frame pts=2597, total=1110279
[INFO] [1783988601.921822969] [laser_mapping]: publish_map: frame pts=2597, total=1112876
[INFO] [1783988602.050523737] [laser_mapping]: publish_map: frame pts=2485, total=1115473
[INFO] [1783988602.177303848] [laser_mapping]: publish_map: frame pts=2721, total=1117958
[INFO] [1783988602.305019421] [laser_mapping]: publish_map: frame pts=2596, total=1120679
[INFO] [1783988602.415955470] [laser_mapping]: publish_map: frame pts=2596, total=1123275
[INFO] [1783988602.503892851] [laser_mapping]: publish_map: frame pts=2531, total=1125871
[INFO] [1783988602.592469807] [laser_mapping]: publish_map: frame pts=2658, total=1128402
[INFO] [1783988602.681469016] [laser_mapping]: publish_map: frame pts=2611, total=1131060
[INFO] [1783988602.776853104] [laser_mapping]: publish_map: frame pts=2694, total=1133671
[INFO] [1783988602.860534148] [laser_mapping]: publish_map: frame pts=2694, total=1136365
[INFO] [1783988602.940916477] [laser_mapping]: publish_map: frame pts=2486, total=1139059
[INFO] [1783988603.036284886] [laser_mapping]: publish_map: frame pts=2885, total=1141545
[INFO] [1783988603.132233041] [laser_mapping]: publish_map: frame pts=2480, total=1144430
[INFO] [1783988603.228241512] [laser_mapping]: publish_map: frame pts=2795, total=1146910
[INFO] [1783988603.325527173] [laser_mapping]: publish_map: frame pts=2638, total=1149705
[INFO] [1783988603.421308738] [laser_mapping]: publish_map: frame pts=2638, total=1152343
[INFO] [1783988603.519859490] [laser_mapping]: publish_map: frame pts=2654, total=1154981
[INFO] [1783988603.617062039] [laser_mapping]: publish_map: frame pts=2654, total=1157635
[INFO] [1783988603.715378882] [laser_mapping]: publish_map: frame pts=2688, total=1160289
[INFO] [1783988603.813427898] [laser_mapping]: publish_map: frame pts=2600, total=1162977
[INFO] [1783988603.910939911] [laser_mapping]: publish_map: frame pts=2887, total=1165577
[INFO] [1783988604.009290291] [laser_mapping]: publish_map: frame pts=2727, total=1168464
[INFO] [1783988604.104937556] [laser_mapping]: publish_map: frame pts=2727, total=1171191
[INFO] [1783988604.199948076] [laser_mapping]: publish_map: frame pts=2888, total=1173918
[INFO] [1783988604.296204383] [laser_mapping]: publish_map: frame pts=2654, total=1176806
[INFO] [1783988604.389964044] [laser_mapping]: publish_map: frame pts=2654, total=1179460
[INFO] [1783988604.487678046] [laser_mapping]: publish_map: frame pts=2822, total=1182114
[INFO] [1783988604.610340941] [laser_mapping]: publish_map: frame pts=2501, total=1184936
[INFO] [1783988604.735886341] [laser_mapping]: publish_map: frame pts=2913, total=1187437
[INFO] [1783988604.871997879] [laser_mapping]: publish_map: frame pts=2782, total=1190350
[INFO] [1783988604.998591882] [laser_mapping]: publish_map: frame pts=2481, total=1193132
[INFO] [1783988605.121331731] [laser_mapping]: publish_map: frame pts=2903, total=1195613
[INFO] [1783988605.248155169] [laser_mapping]: publish_map: frame pts=2653, total=1198516
[INFO] [1783988605.369387747] [laser_mapping]: publish_map: frame pts=2808, total=1201169
[INFO] [1783988605.484405721] [laser_mapping]: publish_map: frame pts=2808, total=1203977
[INFO] [1783988605.608911900] [laser_mapping]: publish_map: frame pts=2686, total=1206785
[INFO] [1783988605.784700446] [laser_mapping]: publish_map: frame pts=2913, total=1209471
[INFO] [1783988605.939317701] [laser_mapping]: publish_map: frame pts=2729, total=1212384
[INFO] [1783988606.088028794] [laser_mapping]: publish_map: frame pts=2729, total=1215113
[INFO] [1783988606.225142868] [laser_mapping]: publish_map: frame pts=2647, total=1217842
[INFO] [1783988606.353797970] [laser_mapping]: publish_map: frame pts=2617, total=1220489
[INFO] [1783988606.483776348] [laser_mapping]: publish_map: frame pts=2617, total=1223106
[INFO] [1783988606.606199608] [laser_mapping]: publish_map: frame pts=2684, total=1225723
[INFO] [1783988606.733041530] [laser_mapping]: publish_map: frame pts=2490, total=1228407
[INFO] [1783988606.863891934] [laser_mapping]: publish_map: frame pts=2591, total=1230897
[INFO] [1783988606.973175414] [laser_mapping]: publish_map: frame pts=2591, total=1233488
[INFO] [1783988607.079961793] [laser_mapping]: publish_map: frame pts=2642, total=1236079
[INFO] [1783988607.188444481] [laser_mapping]: publish_map: frame pts=2916, total=1238721
[INFO] [1783988607.296328555] [laser_mapping]: publish_map: frame pts=2916, total=1241637
[INFO] [1783988607.402583901] [laser_mapping]: publish_map: frame pts=2916, total=1244553
[INFO] [1783988607.512268576] [laser_mapping]: publish_map: frame pts=2803, total=1247469
[INFO] [1783988607.619174538] [laser_mapping]: publish_map: frame pts=2490, total=1250272
[INFO] [1783988607.729056888] [laser_mapping]: publish_map: frame pts=2732, total=1252762
[INFO] [1783988607.849103135] [laser_mapping]: publish_map: frame pts=2786, total=1255494
[INFO] [1783988607.962249925] [laser_mapping]: publish_map: frame pts=2630, total=1258280
[INFO] [1783988608.074635761] [laser_mapping]: publish_map: frame pts=2917, total=1260910
[INFO] [1783988608.183880588] [laser_mapping]: publish_map: frame pts=2508, total=1263827
[INFO] [1783988608.281319891] [laser_mapping]: publish_map: frame pts=2680, total=1266335
[INFO] [1783988608.370113056] [laser_mapping]: publish_map: frame pts=2680, total=1269015
[INFO] [1783988608.459025222] [laser_mapping]: publish_map: frame pts=2680, total=1271695
[INFO] [1783988608.553600707] [laser_mapping]: publish_map: frame pts=2878, total=1274375
[INFO] [1783988608.646853108] [laser_mapping]: publish_map: frame pts=2734, total=1277253
[INFO] [1783988608.741112504] [laser_mapping]: publish_map: frame pts=2900, total=1279987
[INFO] [1783988608.837878002] [laser_mapping]: publish_map: frame pts=2900, total=1282887
[INFO] [1783988608.975029327] [laser_mapping]: publish_map: frame pts=2900, total=1285787
[INFO] [1783988609.108916658] [laser_mapping]: publish_map: frame pts=2506, total=1288687
[INFO] [1783988609.234521471] [laser_mapping]: publish_map: frame pts=2679, total=1291193
[INFO] [1783988609.358202434] [laser_mapping]: publish_map: frame pts=2546, total=1293872
[INFO] [1783988609.479947029] [laser_mapping]: publish_map: frame pts=2546, total=1296418
[INFO] [1783988609.600308789] [laser_mapping]: publish_map: frame pts=2756, total=1298964
[INFO] [1783988609.715872701] [laser_mapping]: publish_map: frame pts=2580, total=1301720
[INFO] [1783988609.832769339] [laser_mapping]: publish_map: frame pts=2496, total=1304300
[INFO] [1783988609.967128245] [laser_mapping]: publish_map: frame pts=2496, total=1306796
[INFO] [1783988610.098976698] [laser_mapping]: publish_map: frame pts=2677, total=1309292
[INFO] [1783988610.230397108] [laser_mapping]: publish_map: frame pts=2883, total=1311969
[INFO] [1783988610.362781612] [laser_mapping]: publish_map: frame pts=2867, total=1314852
[INFO] [1783988610.490496193] [laser_mapping]: publish_map: frame pts=2867, total=1317719
[INFO] [1783988610.611410137] [laser_mapping]: publish_map: frame pts=2739, total=1320586
[INFO] [1783988610.728721307] [laser_mapping]: publish_map: frame pts=2796, total=1323325
[INFO] [1783988610.846559918] [laser_mapping]: publish_map: frame pts=2914, total=1326121
[INFO] [1783988610.965106052] [laser_mapping]: publish_map: frame pts=2914, total=1329035
[INFO] [1783988611.081911022] [laser_mapping]: publish_map: frame pts=2803, total=1331949
[INFO] [1783988611.214362480] [laser_mapping]: publish_map: frame pts=2492, total=1334752
[INFO] [1783988611.346706541] [laser_mapping]: publish_map: frame pts=2739, total=1337244
[INFO] [1783988611.468294984] [laser_mapping]: publish_map: frame pts=2739, total=1339983
[INFO] [1783988611.567791815] [laser_mapping]: publish_map: frame pts=2556, total=1342722
[INFO] [1783988611.685285611] [laser_mapping]: publish_map: frame pts=2701, total=1345278
[INFO] [1783988611.803425717] [laser_mapping]: publish_map: frame pts=2913, total=1347979
[INFO] [1783988611.921178641] [laser_mapping]: publish_map: frame pts=2913, total=1350892
[INFO] [1783988612.039107045] [laser_mapping]: publish_map: frame pts=2802, total=1353805
[INFO] [1783988612.158912946] [laser_mapping]: publish_map: frame pts=2868, total=1356607
[INFO] [1783988612.277514973] [laser_mapping]: publish_map: frame pts=2739, total=1359475
[INFO] [1783988612.394497466] [laser_mapping]: publish_map: frame pts=2739, total=1362214
[INFO] [1783988612.514054348] [laser_mapping]: publish_map: frame pts=2509, total=1364953
[INFO] [1783988612.634322424] [laser_mapping]: publish_map: frame pts=2702, total=1367462
[INFO] [1783988612.754481164] [laser_mapping]: publish_map: frame pts=2512, total=1370164
[INFO] [1783988612.876169811] [laser_mapping]: publish_map: frame pts=2512, total=1372676
[INFO] [1783988612.998024684] [laser_mapping]: publish_map: frame pts=2603, total=1375188
[INFO] [1783988613.119267728] [laser_mapping]: publish_map: frame pts=2868, total=1377791
[INFO] [1783988613.241056681] [laser_mapping]: publish_map: frame pts=2742, total=1380659
[INFO] [1783988613.361873026] [laser_mapping]: publish_map: frame pts=2836, total=1383401
[INFO] [1783988613.480598229] [laser_mapping]: publish_map: frame pts=2836, total=1386237
[INFO] [1783988613.602959612] [laser_mapping]: publish_map: frame pts=2706, total=1389073
[INFO] [1783988613.726271433] [laser_mapping]: publish_map: frame pts=2820, total=1391779
[INFO] [1783988613.855987736] [laser_mapping]: publish_map: frame pts=2918, total=1394599
[INFO] [1783988613.982326328] [laser_mapping]: publish_map: frame pts=2918, total=1397517
[INFO] [1783988614.111061491] [laser_mapping]: publish_map: frame pts=2742, total=1400435
[INFO] [1783988614.239354186] [laser_mapping]: publish_map: frame pts=2482, total=1403177
[INFO] [1783988614.366893116] [laser_mapping]: publish_map: frame pts=2711, total=1405659
[INFO] [1783988614.486916834] [laser_mapping]: publish_map: frame pts=2711, total=1408370
[INFO] [1783988614.609650815] [laser_mapping]: publish_map: frame pts=2485, total=1411081
[INFO] [1783988614.732268860] [laser_mapping]: publish_map: frame pts=2609, total=1413566
[INFO] [1783988614.856534961] [laser_mapping]: publish_map: frame pts=2494, total=1416175
[INFO] [1783988614.981202292] [laser_mapping]: publish_map: frame pts=2494, total=1418669
[INFO] [1783988615.107304416] [laser_mapping]: publish_map: frame pts=2595, total=1421163
[INFO] [1783988615.231995765] [laser_mapping]: publish_map: frame pts=2899, total=1423758
[INFO] [1783988615.336910591] [laser_mapping]: publish_map: frame pts=2485, total=1426657
[INFO] [1783988615.437433655] [laser_mapping]: publish_map: frame pts=2485, total=1429142
[INFO] [1783988615.541195604] [laser_mapping]: publish_map: frame pts=2913, total=1431627
[INFO] [1783988615.668262195] [laser_mapping]: publish_map: frame pts=2913, total=1434540
[INFO] [1783988615.795849282] [laser_mapping]: publish_map: frame pts=2493, total=1437453
[INFO] [1783988615.922718689] [laser_mapping]: publish_map: frame pts=2493, total=1439946
[INFO] [1783988616.050697468] [laser_mapping]: publish_map: frame pts=2556, total=1442439
[INFO] [1783988616.156596905] [laser_mapping]: publish_map: frame pts=2713, total=1444995
[INFO] [1783988616.257133524] [laser_mapping]: publish_map: frame pts=2484, total=1447708
[INFO] [1783988616.361145777] [laser_mapping]: publish_map: frame pts=2910, total=1450192
[INFO] [1783988616.463895063] [laser_mapping]: publish_map: frame pts=2910, total=1453102
[INFO] [1783988616.572021225] [laser_mapping]: publish_map: frame pts=2910, total=1456012
[INFO] [1783988616.759348134] [laser_mapping]: publish_map: frame pts=2804, total=1458922
[INFO] [1783988616.911205970] [laser_mapping]: publish_map: frame pts=2756, total=1461726
[INFO] [1783988617.082841064] [laser_mapping]: publish_map: frame pts=2756, total=1464482
[INFO] [1783988617.251060796] [laser_mapping]: publish_map: frame pts=2598, total=1467238
[INFO] [1783988617.418995943] [laser_mapping]: publish_map: frame pts=2598, total=1469836
[INFO] [1783988617.590014026] [laser_mapping]: publish_map: frame pts=2523, total=1472434
[INFO] [1783988617.762593813] [laser_mapping]: publish_map: frame pts=2919, total=1474957
[INFO] [1783988617.928395712] [laser_mapping]: publish_map: frame pts=2486, total=1477876
[INFO] [1783988618.107490713] [laser_mapping]: publish_map: frame pts=2486, total=1480362
[INFO] [1783988618.271885269] [laser_mapping]: publish_map: frame pts=2802, total=1482848
[INFO] [1783988618.440810427] [laser_mapping]: publish_map: frame pts=2802, total=1485650
[INFO] [1783988618.618520210] [laser_mapping]: publish_map: frame pts=2665, total=1488452
[INFO] [1783988618.785164265] [laser_mapping]: publish_map: frame pts=2598, total=1491117
[INFO] [1783988618.958636838] [laser_mapping]: publish_map: frame pts=2891, total=1493715
[INFO] [1783988619.124260543] [laser_mapping]: publish_map: frame pts=2808, total=1496606
[INFO] [1783988619.299115566] [laser_mapping]: publish_map: frame pts=2808, total=1499414
[INFO] [1783988619.459406449] [laser_mapping]: publish_map: frame pts=2808, total=1502222
[INFO] [1783988619.634848515] [laser_mapping]: publish_map: frame pts=2500, total=1505030
[INFO] [1783988619.811713413] [laser_mapping]: publish_map: frame pts=2901, total=1507530
[INFO] [1783988619.981282558] [laser_mapping]: publish_map: frame pts=2481, total=1510431
[INFO] [1783988620.150878120] [laser_mapping]: publish_map: frame pts=2624, total=1512912
[INFO] [1783988620.327112112] [laser_mapping]: publish_map: frame pts=2624, total=1515536
[INFO] [1783988620.497024123] [laser_mapping]: publish_map: frame pts=2624, total=1518160
[INFO] [1783988620.672449140] [laser_mapping]: publish_map: frame pts=2701, total=1520784
[INFO] [1783988620.854439116] [laser_mapping]: publish_map: frame pts=2563, total=1523485
[INFO] [1783988621.020186939] [laser_mapping]: publish_map: frame pts=2907, total=1526048
[INFO] [1783988621.189956816] [laser_mapping]: publish_map: frame pts=2907, total=1528955
[INFO] [1783988621.333148600] [laser_mapping]: publish_map: frame pts=2594, total=1531862
[INFO] [1783988621.473025868] [laser_mapping]: publish_map: frame pts=2594, total=1534456
[INFO] [1783988621.617470369] [laser_mapping]: publish_map: frame pts=2907, total=1537050
[INFO] [1783988621.747778101] [laser_mapping]: publish_map: frame pts=2876, total=1539957
[INFO] [1783988621.925565319] [laser_mapping]: publish_map: frame pts=2812, total=1542833
[INFO] [1783988622.102262554] [laser_mapping]: publish_map: frame pts=2812, total=1545645
[INFO] [1783988622.288823472] [laser_mapping]: publish_map: frame pts=2603, total=1548457
[INFO] [1783988622.473152480] [laser_mapping]: publish_map: frame pts=2603, total=1551060
[INFO] [1783988622.657760349] [laser_mapping]: publish_map: frame pts=2800, total=1553663
[INFO] [1783988622.845404079] [laser_mapping]: publish_map: frame pts=2726, total=1556463
[INFO] [1783988622.987503725] [laser_mapping]: publish_map: frame pts=2657, total=1559189
[INFO] [1783988623.188910984] [laser_mapping]: publish_map: frame pts=2657, total=1561846
[INFO] [1783988623.331074269] [laser_mapping]: publish_map: frame pts=2796, total=1564503
[INFO] [1783988623.469366116] [laser_mapping]: publish_map: frame pts=2796, total=1567299
[INFO] [1783988623.608106411] [laser_mapping]: publish_map: frame pts=2883, total=1570095
[INFO] [1783988623.746281793] [laser_mapping]: publish_map: frame pts=2883, total=1572978
[INFO] [1783988623.874834239] [laser_mapping]: publish_map: frame pts=2657, total=1575861
[INFO] [1783988624.063996838] [laser_mapping]: publish_map: frame pts=2657, total=1578518
[INFO] [1783988624.247561762] [laser_mapping]: publish_map: frame pts=2800, total=1581175
[INFO] [1783988624.425955336] [laser_mapping]: publish_map: frame pts=2800, total=1583975
[INFO] [1783988624.605917644] [laser_mapping]: publish_map: frame pts=2800, total=1586775
[INFO] [1783988624.792973828] [laser_mapping]: publish_map: frame pts=2545, total=1589575
[INFO] [1783988624.973689058] [laser_mapping]: publish_map: frame pts=2918, total=1592120
[INFO] [1783988625.121459778] [laser_mapping]: publish_map: frame pts=2805, total=1595038
[INFO] [1783988625.267834338] [laser_mapping]: publish_map: frame pts=2805, total=1597843
[INFO] [1783988625.412747625] [laser_mapping]: publish_map: frame pts=2805, total=1600648
[INFO] [1783988625.554956295] [laser_mapping]: publish_map: frame pts=2727, total=1603453
[INFO] [1783988625.696562690] [laser_mapping]: publish_map: frame pts=2903, total=1606180
[INFO] [1783988625.833099923] [laser_mapping]: publish_map: frame pts=2807, total=1609083
[INFO] [1783988625.969868820] [laser_mapping]: publish_map: frame pts=2807, total=1611890
[INFO] [1783988626.105363636] [laser_mapping]: publish_map: frame pts=2488, total=1614697
[INFO] [1783988626.241519101] [laser_mapping]: publish_map: frame pts=2768, total=1617185
[INFO] [1783988626.378356201] [laser_mapping]: publish_map: frame pts=2591, total=1619953
[INFO] [1783988626.512243140] [laser_mapping]: publish_map: frame pts=2591, total=1622544
[INFO] [1783988626.649001066] [laser_mapping]: publish_map: frame pts=2547, total=1625135
[INFO] [1783988626.784724897] [laser_mapping]: publish_map: frame pts=2643, total=1627682
[INFO] [1783988626.926213183] [laser_mapping]: publish_map: frame pts=2683, total=1630325
[INFO] [1783988627.063822360] [laser_mapping]: publish_map: frame pts=2683, total=1633008
[INFO] [1783988627.201596806] [laser_mapping]: publish_map: frame pts=2731, total=1635691
[INFO] [1783988627.339274560] [laser_mapping]: publish_map: frame pts=2572, total=1638422
[INFO] [1783988627.474160401] [laser_mapping]: publish_map: frame pts=2572, total=1640994
[INFO] [1783988627.607862741] [laser_mapping]: publish_map: frame pts=2549, total=1643566
[INFO] [1783988627.742303729] [laser_mapping]: publish_map: frame pts=2916, total=1646115
[INFO] [1783988627.876900207] [laser_mapping]: publish_map: frame pts=2823, total=1649031
[INFO] [1783988628.011762212] [laser_mapping]: publish_map: frame pts=2823, total=1651854
[INFO] [1783988628.147153952] [laser_mapping]: publish_map: frame pts=2731, total=1654677
[INFO] [1783988628.292985124] [laser_mapping]: publish_map: frame pts=2787, total=1657408
[INFO] [1783988628.436006379] [laser_mapping]: publish_map: frame pts=2787, total=1660195
[INFO] [1783988628.582007717] [laser_mapping]: publish_map: frame pts=2548, total=1662982
[INFO] [1783988628.723068232] [laser_mapping]: publish_map: frame pts=2915, total=1665530
[INFO] [1783988628.864343984] [laser_mapping]: publish_map: frame pts=2582, total=1668445
[INFO] [1783988629.016610340] [laser_mapping]: publish_map: frame pts=2582, total=1671027
[INFO] [1783988629.169018044] [laser_mapping]: publish_map: frame pts=2482, total=1673609
[INFO] [1783988629.322641641] [laser_mapping]: publish_map: frame pts=2669, total=1676091
[INFO] [1783988629.472951047] [laser_mapping]: publish_map: frame pts=2669, total=1678760
[INFO] [1783988629.623685734] [laser_mapping]: publish_map: frame pts=2917, total=1681429
[INFO] [1783988629.772186060] [laser_mapping]: publish_map: frame pts=2679, total=1684346
[INFO] [1783988629.923699688] [laser_mapping]: publish_map: frame pts=2878, total=1687025
[INFO] [1783988630.055245439] [laser_mapping]: publish_map: frame pts=2878, total=1689903
[INFO] [1783988630.183213233] [laser_mapping]: publish_map: frame pts=2673, total=1692781
[INFO] [1783988630.311393388] [laser_mapping]: publish_map: frame pts=2632, total=1695454
[INFO] [1783988630.445842858] [laser_mapping]: publish_map: frame pts=2632, total=1698086
[INFO] [1783988630.581934340] [laser_mapping]: publish_map: frame pts=2509, total=1700718
[INFO] [1783988630.733038971] [laser_mapping]: publish_map: frame pts=2679, total=1703227
[INFO] [1783988630.884414269] [laser_mapping]: publish_map: frame pts=2734, total=1705906
[INFO] [1783988631.034818774] [laser_mapping]: publish_map: frame pts=2901, total=1708640
[INFO] [1783988631.174345386] [laser_mapping]: publish_map: frame pts=2901, total=1711541
[INFO] [1783988631.311536151] [laser_mapping]: publish_map: frame pts=2838, total=1714442
[INFO] [1783988631.437281210] [laser_mapping]: publish_map: frame pts=2838, total=1717280
[INFO] [1783988631.572459106] [laser_mapping]: publish_map: frame pts=2678, total=1720118
[INFO] [1783988631.732852168] [laser_mapping]: publish_map: frame pts=2885, total=1722796
[INFO] [1783988631.887944570] [laser_mapping]: publish_map: frame pts=2483, total=1725681
[INFO] [1783988632.039585657] [laser_mapping]: publish_map: frame pts=2687, total=1728164
[INFO] [1783988632.183808639] [laser_mapping]: publish_map: frame pts=2687, total=1730851
[INFO] [1783988632.327830290] [laser_mapping]: publish_map: frame pts=2507, total=1733538
[INFO] [1783988632.467656631] [laser_mapping]: publish_map: frame pts=2507, total=1736045
[INFO] [1783988632.609405435] [laser_mapping]: publish_map: frame pts=2917, total=1738552
[INFO] [1783988632.764702457] [laser_mapping]: publish_map: frame pts=2758, total=1741469
[INFO] [1783988632.916957255] [laser_mapping]: publish_map: frame pts=2900, total=1744227
[INFO] [1783988633.071334970] [laser_mapping]: publish_map: frame pts=2900, total=1747127
[INFO] [1783988633.232191638] [laser_mapping]: publish_map: frame pts=2606, total=1750027
[INFO] [1783988633.389899287] [laser_mapping]: publish_map: frame pts=2606, total=1752633
[INFO] [1783988633.544707036] [laser_mapping]: publish_map: frame pts=2916, total=1755239
[INFO] [1783988633.690944132] [laser_mapping]: publish_map: frame pts=2761, total=1758155
[INFO] [1783988633.836494809] [laser_mapping]: publish_map: frame pts=2900, total=1760916
[INFO] [1783988633.979666005] [laser_mapping]: publish_map: frame pts=2900, total=1763816
[INFO] [1783988634.125432654] [laser_mapping]: publish_map: frame pts=2624, total=1766716
[INFO] [1783988634.268684985] [laser_mapping]: publish_map: frame pts=2677, total=1769340
[INFO] [1783988634.410357089] [laser_mapping]: publish_map: frame pts=2677, total=1772017
[INFO] [1783988634.554898936] [laser_mapping]: publish_map: frame pts=2492, total=1774694
[INFO] [1783988634.699034760] [laser_mapping]: publish_map: frame pts=2739, total=1777186
[INFO] [1783988634.863732141] [laser_mapping]: publish_map: frame pts=2550, total=1779925
[INFO] [1783988635.006492179] [laser_mapping]: publish_map: frame pts=2550, total=1782475
[INFO] [1783988635.150174172] [laser_mapping]: publish_map: frame pts=2681, total=1785025
[INFO] [1783988635.314913481] [laser_mapping]: publish_map: frame pts=2592, total=1787706
[INFO] [1783988635.475045326] [laser_mapping]: publish_map: frame pts=2592, total=1790298
[INFO] [1783988635.639362718] [laser_mapping]: publish_map: frame pts=2733, total=1792890
[INFO] [1783988635.798540611] [laser_mapping]: publish_map: frame pts=2799, total=1795623
[INFO] [1783988635.955479823] [laser_mapping]: publish_map: frame pts=2888, total=1798422
[INFO] [1783988636.112537171] [laser_mapping]: publish_map: frame pts=2888, total=1801310
[INFO] [1783988636.270999290] [laser_mapping]: publish_map: frame pts=2605, total=1804198
[INFO] [1783988636.425904768] [laser_mapping]: publish_map: frame pts=2605, total=1806803
[INFO] [1783988636.584469160] [laser_mapping]: publish_map: frame pts=2733, total=1809408
[INFO] [1783988636.745145605] [laser_mapping]: publish_map: frame pts=2900, total=1812141
[INFO] [1783988636.906232476] [laser_mapping]: publish_map: frame pts=2510, total=1815041
[INFO] [1783988637.064816309] [laser_mapping]: publish_map: frame pts=2510, total=1817551
[INFO] [1783988637.224022060] [laser_mapping]: publish_map: frame pts=2879, total=1820061
[INFO] [1783988637.378053169] [laser_mapping]: publish_map: frame pts=2879, total=1822940
[INFO] [1783988637.527539140] [laser_mapping]: publish_map: frame pts=2879, total=1825819
[INFO] [1783988637.681375227] [laser_mapping]: publish_map: frame pts=2814, total=1828698
[INFO] [1783988637.834428738] [laser_mapping]: publish_map: frame pts=2631, total=1831512
[INFO] [1783988637.989233527] [laser_mapping]: publish_map: frame pts=2902, total=1834143
[INFO] [1783988638.141988095] [laser_mapping]: publish_map: frame pts=2902, total=1837045
[INFO] [1783988638.296964127] [laser_mapping]: publish_map: frame pts=2482, total=1839947
[INFO] [1783988638.450721889] [laser_mapping]: publish_map: frame pts=2482, total=1842429
[INFO] [1783988638.606278242] [laser_mapping]: publish_map: frame pts=2482, total=1844911
[INFO] [1783988638.760478254] [laser_mapping]: publish_map: frame pts=2561, total=1847393
[INFO] [1783988638.933357872] [laser_mapping]: publish_map: frame pts=2916, total=1849954
[INFO] [1783988639.103214972] [laser_mapping]: publish_map: frame pts=2916, total=1852870
[INFO] [1783988639.275631809] [laser_mapping]: publish_map: frame pts=2595, total=1855786
[INFO] [1783988639.437558667] [laser_mapping]: publish_map: frame pts=2595, total=1858381
[INFO] [1783988639.601718433] [laser_mapping]: publish_map: frame pts=2699, total=1860976
[INFO] [1783988639.767557389] [laser_mapping]: publish_map: frame pts=2914, total=1863675
[INFO] [1783988639.943114611] [laser_mapping]: publish_map: frame pts=2490, total=1866589
[INFO] [1783988640.115813163] [laser_mapping]: publish_map: frame pts=2490, total=1869079
[INFO] [1783988640.283978994] [laser_mapping]: publish_map: frame pts=2784, total=1871569
[INFO] [1783988640.448148330] [laser_mapping]: publish_map: frame pts=2784, total=1874353
[INFO] [1783988640.614583224] [laser_mapping]: publish_map: frame pts=2571, total=1877137
[INFO] [1783988640.781072519] [laser_mapping]: publish_map: frame pts=2514, total=1879708
[INFO] [1783988640.951741406] [laser_mapping]: publish_map: frame pts=2868, total=1882222
[INFO] [1783988641.097031246] [laser_mapping]: publish_map: frame pts=2868, total=1885090
[INFO] [1783988641.241753455] [laser_mapping]: publish_map: frame pts=2703, total=1887958
[INFO] [1783988641.387436554] [laser_mapping]: publish_map: frame pts=2914, total=1890661
[INFO] [1783988641.528152151] [laser_mapping]: publish_map: frame pts=2914, total=1893575
[INFO] [1783988641.678773085] [laser_mapping]: publish_map: frame pts=2516, total=1896489
[INFO] [1783988641.847905929] [laser_mapping]: publish_map: frame pts=2873, total=1899005
[INFO] [1783988642.017266228] [laser_mapping]: publish_map: frame pts=2483, total=1901878
[INFO] [1783988642.186911659] [laser_mapping]: publish_map: frame pts=2483, total=1904361
[INFO] [1783988642.360517116] [laser_mapping]: publish_map: frame pts=2873, total=1906844
[INFO] [1783988642.515146866] [laser_mapping]: publish_map: frame pts=2873, total=1909717
[INFO] [1783988642.678360061] [laser_mapping]: publish_map: frame pts=2672, total=1912590
[INFO] [1783988642.841971302] [laser_mapping]: publish_map: frame pts=2600, total=1915262
[INFO] [1783988643.007593233] [laser_mapping]: publish_map: frame pts=2895, total=1917862
[INFO] [1783988643.173090549] [laser_mapping]: publish_map: frame pts=2895, total=1920757
[INFO] [1783988643.340497489] [laser_mapping]: publish_map: frame pts=2514, total=1923652
[INFO] [1783988643.504174337] [laser_mapping]: publish_map: frame pts=2514, total=1926166
[INFO] [1783988643.671891176] [laser_mapping]: publish_map: frame pts=2917, total=1928680
[INFO] [1783988643.833990394] [laser_mapping]: publish_map: frame pts=2748, total=1931597
[INFO] [1783988643.991077616] [laser_mapping]: publish_map: frame pts=2713, total=1934345
[INFO] [1783988644.146850987] [laser_mapping]: publish_map: frame pts=2713, total=1937058
[INFO] [1783988644.307288565] [laser_mapping]: publish_map: frame pts=2629, total=1939771
[INFO] [1783988644.463327486] [laser_mapping]: publish_map: frame pts=2629, total=1942400
[INFO] [1783988644.629147700] [laser_mapping]: publish_map: frame pts=2916, total=1945029
[INFO] [1783988644.800973433] [laser_mapping]: publish_map: frame pts=2856, total=1947945
[INFO] [1783988644.975992051] [laser_mapping]: publish_map: frame pts=2711, total=1950801
[INFO] [1783988645.150154077] [laser_mapping]: publish_map: frame pts=2711, total=1953512
[INFO] [1783988645.319723315] [laser_mapping]: publish_map: frame pts=2921, total=1956223
[INFO] [1783988645.477852615] [laser_mapping]: publish_map: frame pts=2921, total=1959144
[INFO] [1783988645.648680985] [laser_mapping]: publish_map: frame pts=2755, total=1962065
[INFO] [1783988645.828124703] [laser_mapping]: publish_map: frame pts=2755, total=1964820
[INFO] [1783988646.002998800] [laser_mapping]: publish_map: frame pts=2910, total=1967575
[INFO] [1783988646.176247962] [laser_mapping]: publish_map: frame pts=2668, total=1970485
[INFO] [1783988646.350749478] [laser_mapping]: publish_map: frame pts=2668, total=1973153
[INFO] [1783988646.521900263] [laser_mapping]: publish_map: frame pts=2668, total=1975821
[INFO] [1783988646.694166324] [laser_mapping]: publish_map: frame pts=2754, total=1978489
[INFO] [1783988646.863761151] [laser_mapping]: publish_map: frame pts=2777, total=1981243
[INFO] [1783988647.031223471] [laser_mapping]: publish_map: frame pts=2518, total=1984020
[INFO] [1783988647.196993481] [laser_mapping]: publish_map: frame pts=2518, total=1986538
[INFO] [1783988647.365318349] [laser_mapping]: publish_map: frame pts=2851, total=1989056
[INFO] [1783988647.530998098] [laser_mapping]: publish_map: frame pts=2851, total=1991907
[INFO] [1783988647.700038922] [laser_mapping]: publish_map: frame pts=2484, total=1994758
[INFO] [1783988647.877318032] [laser_mapping]: publish_map: frame pts=2714, total=1997242
[INFO] [1783988648.050938939] [laser_mapping]: publish_map: frame pts=2666, total=1999956
[INFO] [1783988648.221456574] [laser_mapping]: publish_map: frame pts=2666, total=2002622
[INFO] [1783988648.389990880] [laser_mapping]: publish_map: frame pts=2758, total=2005288
[INFO] [1783988648.554422827] [laser_mapping]: publish_map: frame pts=2758, total=2008046
[INFO] [1783988648.724476825] [laser_mapping]: publish_map: frame pts=2818, total=2010804
[INFO] [1783988648.896202039] [laser_mapping]: publish_map: frame pts=2598, total=2013622
[INFO] [1783988649.077150527] [laser_mapping]: publish_map: frame pts=2919, total=2016220
[INFO] [1783988649.256439999] [laser_mapping]: publish_map: frame pts=2761, total=2019139
[INFO] [1783988649.431057726] [laser_mapping]: publish_map: frame pts=2761, total=2021900
[INFO] [1783988649.608496856] [laser_mapping]: publish_map: frame pts=2888, total=2024661
[INFO] [1783988649.785454954] [laser_mapping]: publish_map: frame pts=2888, total=2027549
[INFO] [1783988649.960640872] [laser_mapping]: publish_map: frame pts=2918, total=2030437
[INFO] [1783988650.132135900] [laser_mapping]: publish_map: frame pts=2918, total=2033355
[INFO] [1783988650.302907386] [laser_mapping]: publish_map: frame pts=2484, total=2036273
[INFO] [1783988650.471136445] [laser_mapping]: publish_map: frame pts=2484, total=2038757
[INFO] [1783988650.644285567] [laser_mapping]: publish_map: frame pts=2718, total=2041241
[INFO] [1783988650.819653441] [laser_mapping]: publish_map: frame pts=2800, total=2043959
[INFO] [1783988651.001036151] [laser_mapping]: publish_map: frame pts=2724, total=2046759
[INFO] [1783988651.180715450] [laser_mapping]: publish_map: frame pts=2483, total=2049483
[INFO] [1783988651.365017346] [laser_mapping]: publish_map: frame pts=2721, total=2051966
[INFO] [1783988651.560861684] [laser_mapping]: publish_map: frame pts=2721, total=2054687
[INFO] [1783988651.725386482] [laser_mapping]: publish_map: frame pts=2721, total=2057408
[INFO] [1783988651.894805879] [laser_mapping]: publish_map: frame pts=2664, total=2060129
[INFO] [1783988652.065123726] [laser_mapping]: publish_map: frame pts=2825, total=2062793
[INFO] [1783988652.243105431] [laser_mapping]: publish_map: frame pts=2825, total=2065618
[INFO] [1783988652.408156538] [laser_mapping]: publish_map: frame pts=2825, total=2068443
[INFO] [1783988652.580799344] [laser_mapping]: publish_map: frame pts=2482, total=2071268
[INFO] [1783988652.750000267] [laser_mapping]: publish_map: frame pts=2663, total=2073750
[INFO] [1783988652.920082874] [laser_mapping]: publish_map: frame pts=2753, total=2076413
[INFO] [1783988653.090599703] [laser_mapping]: publish_map: frame pts=2778, total=2079166
[INFO] [1783988653.259958092] [laser_mapping]: publish_map: frame pts=2541, total=2081944
[INFO] [1783988653.432317805] [laser_mapping]: publish_map: frame pts=2541, total=2084485
[INFO] [1783988653.603373572] [laser_mapping]: publish_map: frame pts=2520, total=2087026
[INFO] [1783988653.790459707] [laser_mapping]: publish_map: frame pts=2804, total=2089546
[INFO] [1783988653.975951022] [laser_mapping]: publish_map: frame pts=2484, total=2092350
[INFO] [1783988654.159123689] [laser_mapping]: publish_map: frame pts=2484, total=2094834
[INFO] [1783988654.344867944] [laser_mapping]: publish_map: frame pts=2910, total=2097318
[INFO] [1783988654.528020292] [laser_mapping]: publish_map: frame pts=2910, total=2100228
[INFO] [1783988654.714518056] [laser_mapping]: publish_map: frame pts=2846, total=2103138
[INFO] [1783988654.901588189] [laser_mapping]: publish_map: frame pts=2849, total=2105984
[INFO] [1783988655.095867037] [laser_mapping]: publish_map: frame pts=2715, total=2108833
[INFO] [1783988655.276368974] [laser_mapping]: publish_map: frame pts=2523, total=2111548
[INFO] [1783988655.465137196] [laser_mapping]: publish_map: frame pts=2523, total=2114071
[INFO] [1783988655.642131233] [laser_mapping]: publish_map: frame pts=2918, total=2116594
[INFO] [1783988655.814984307] [laser_mapping]: publish_map: frame pts=2918, total=2119512
[INFO] [1783988655.990440799] [laser_mapping]: publish_map: frame pts=2717, total=2122430
[INFO] [1783988656.166196656] [laser_mapping]: publish_map: frame pts=2717, total=2125147
[INFO] [1783988656.339613237] [laser_mapping]: publish_map: frame pts=2665, total=2127864
[INFO] [1783988656.509658516] [laser_mapping]: publish_map: frame pts=2665, total=2130529
[INFO] [1783988656.683379311] [laser_mapping]: publish_map: frame pts=2736, total=2133194
[INFO] [1783988656.855378583] [laser_mapping]: publish_map: frame pts=2485, total=2135930
[INFO] [1783988657.029067391] [laser_mapping]: publish_map: frame pts=2797, total=2138415
[INFO] [1783988657.201906838] [laser_mapping]: publish_map: frame pts=2797, total=2141212
[INFO] [1783988657.375848240] [laser_mapping]: publish_map: frame pts=2499, total=2144009
[INFO] [1783988657.549227950] [laser_mapping]: publish_map: frame pts=2499, total=2146508
[INFO] [1783988657.724476796] [laser_mapping]: publish_map: frame pts=2788, total=2149007
[INFO] [1783988657.899174929] [laser_mapping]: publish_map: frame pts=2828, total=2151795
[INFO] [1783988658.077043817] [laser_mapping]: publish_map: frame pts=2639, total=2154623
[INFO] [1783988658.251988299] [laser_mapping]: publish_map: frame pts=2639, total=2157262
[INFO] [1783988658.427210322] [laser_mapping]: publish_map: frame pts=2639, total=2159901
[INFO] [1783988658.605327995] [laser_mapping]: publish_map: frame pts=2701, total=2162540
[INFO] [1783988658.786607898] [laser_mapping]: publish_map: frame pts=2780, total=2165241
[INFO] [1783988658.982192261] [laser_mapping]: publish_map: frame pts=2530, total=2168021
[INFO] [1783988659.175482445] [laser_mapping]: publish_map: frame pts=2530, total=2170551
[INFO] [1783988659.367215148] [laser_mapping]: publish_map: frame pts=2905, total=2173081
[INFO] [1783988659.556879088] [laser_mapping]: publish_map: frame pts=2905, total=2175986
[INFO] [1783988659.748427451] [laser_mapping]: publish_map: frame pts=2776, total=2178891
[INFO] [1783988659.941206113] [laser_mapping]: publish_map: frame pts=2776, total=2181667
[INFO] [1783988660.134109279] [laser_mapping]: publish_map: frame pts=2607, total=2184443
[INFO] [1783988660.327018605] [laser_mapping]: publish_map: frame pts=2607, total=2187050
[INFO] [1783988660.518282942] [laser_mapping]: publish_map: frame pts=2607, total=2189657
[INFO] [1783988660.710160831] [laser_mapping]: publish_map: frame pts=2890, total=2192264
[INFO] [1783988660.892653170] [laser_mapping]: publish_map: frame pts=2863, total=2195154
[INFO] [1783988661.073287613] [laser_mapping]: publish_map: frame pts=2610, total=2198017
[INFO] [1783988661.254540842] [laser_mapping]: publish_map: frame pts=2610, total=2200627
[INFO] [1783988661.434456411] [laser_mapping]: publish_map: frame pts=2610, total=2203237
[INFO] [1783988661.614560855] [laser_mapping]: publish_map: frame pts=2889, total=2205847
[INFO] [1783988661.798892045] [laser_mapping]: publish_map: frame pts=2799, total=2208736
[INFO] [1783988661.982823943] [laser_mapping]: publish_map: frame pts=2596, total=2211535
[INFO] [1783988662.165066870] [laser_mapping]: publish_map: frame pts=2596, total=2214131
[INFO] [1783988662.349202968] [laser_mapping]: publish_map: frame pts=2895, total=2216727
[INFO] [1783988662.527652677] [laser_mapping]: publish_map: frame pts=2895, total=2219622
[INFO] [1783988662.709369297] [laser_mapping]: publish_map: frame pts=2564, total=2222517
[INFO] [1783988662.896426372] [laser_mapping]: publish_map: frame pts=2673, total=2225081
[INFO] [1783988663.082138419] [laser_mapping]: publish_map: frame pts=2743, total=2227754
[INFO] [1783988663.281124235] [laser_mapping]: publish_map: frame pts=2743, total=2230497
[INFO] [1783988663.549823870] [laser_mapping]: publish_map: frame pts=2743, total=2233240
[INFO] [1783988663.831185530] [laser_mapping]: publish_map: frame pts=2807, total=2235983
[INFO] [1783988664.108095170] [laser_mapping]: publish_map: frame pts=2918, total=2238790
[INFO] [1783988664.387198940] [laser_mapping]: publish_map: frame pts=2918, total=2241708
[INFO] [1783988664.659935402] [laser_mapping]: publish_map: frame pts=2712, total=2244626
[INFO] [1783988664.924673070] [laser_mapping]: publish_map: frame pts=2669, total=2247338
[INFO] [1783988665.185997226] [laser_mapping]: publish_map: frame pts=2776, total=2250007
[INFO] [1783988665.439829015] [laser_mapping]: publish_map: frame pts=2776, total=2252783
[INFO] [1783988665.692014445] [laser_mapping]: publish_map: frame pts=2909, total=2255559
[INFO] [1783988665.949110500] [laser_mapping]: publish_map: frame pts=2557, total=2258468
[INFO] [1783988666.214757903] [laser_mapping]: publish_map: frame pts=2592, total=2261025
[INFO] [1783988666.471863488] [laser_mapping]: publish_map: frame pts=2592, total=2263617
[INFO] [1783988666.750499059] [laser_mapping]: publish_map: frame pts=2666, total=2266209
[INFO] [1783988667.018462709] [laser_mapping]: publish_map: frame pts=2850, total=2268875
[INFO] [1783988667.278973984] [laser_mapping]: publish_map: frame pts=2910, total=2271725
[INFO] [1783988667.532838000] [laser_mapping]: publish_map: frame pts=2910, total=2274635
[INFO] [1783988667.786406791] [laser_mapping]: publish_map: frame pts=2607, total=2277545
[INFO] [1783988668.044485794] [laser_mapping]: publish_map: frame pts=2486, total=2280152
[INFO] [1783988668.301285753] [laser_mapping]: publish_map: frame pts=2665, total=2282638
[INFO] [1783988668.549108421] [laser_mapping]: publish_map: frame pts=2665, total=2285303
[INFO] [1783988668.801743253] [laser_mapping]: publish_map: frame pts=2717, total=2287968
[INFO] [1783988669.057670534] [laser_mapping]: publish_map: frame pts=2889, total=2290685
[INFO] [1783988669.328108172] [laser_mapping]: publish_map: frame pts=2917, total=2293574
[INFO] [1783988669.587118356] [laser_mapping]: publish_map: frame pts=2917, total=2296491
[INFO] [1783988669.842820020] [laser_mapping]: publish_map: frame pts=2784, total=2299408
[INFO] [1783988670.147602198] [laser_mapping]: publish_map: frame pts=2721, total=2302192
[INFO] [1783988670.373948884] [laser_mapping]: publish_map: frame pts=2702, total=2304913
[INFO] [1783988670.589117501] [laser_mapping]: publish_map: frame pts=2702, total=2307615
[INFO] [1783988670.798464883] [laser_mapping]: publish_map: frame pts=2795, total=2310317
[INFO] [1783988671.012258350] [laser_mapping]: publish_map: frame pts=2481, total=2313112
[INFO] [1783988671.217395287] [laser_mapping]: publish_map: frame pts=2499, total=2315593
[INFO] [1783988671.418683768] [laser_mapping]: publish_map: frame pts=2499, total=2318092
[INFO] [1783988671.622115989] [laser_mapping]: publish_map: frame pts=2580, total=2320591
[INFO] [1783988671.826092847] [laser_mapping]: publish_map: frame pts=2580, total=2323171
[INFO] [1783988672.031208465] [laser_mapping]: publish_map: frame pts=2803, total=2325751
[INFO] [1783988672.242173437] [laser_mapping]: publish_map: frame pts=2906, total=2328554
[INFO] [1783988672.451324691] [laser_mapping]: publish_map: frame pts=2906, total=2331460
[INFO] [1783988672.658154727] [laser_mapping]: publish_map: frame pts=2886, total=2334366
[INFO] [1783988672.881149183] [laser_mapping]: publish_map: frame pts=2798, total=2337252
[INFO] [1783988673.099701084] [laser_mapping]: publish_map: frame pts=2689, total=2340050
[INFO] [1783988673.314356414] [laser_mapping]: publish_map: frame pts=2689, total=2342739
[INFO] [1783988673.522385960] [laser_mapping]: publish_map: frame pts=2689, total=2345428
[INFO] [1783988673.728835980] [laser_mapping]: publish_map: frame pts=2482, total=2348117
[INFO] [1783988673.986763546] [laser_mapping]: publish_map: frame pts=2482, total=2350599
[INFO] [1783988674.244744277] [laser_mapping]: publish_map: frame pts=2592, total=2353081
[INFO] [1783988674.476837918] [laser_mapping]: publish_map: frame pts=2592, total=2355673
[INFO] [1783988674.686830411] [laser_mapping]: publish_map: frame pts=2482, total=2358265
[INFO] [1783988674.896974122] [laser_mapping]: publish_map: frame pts=2653, total=2360747
[INFO] [1783988675.105949300] [laser_mapping]: publish_map: frame pts=2601, total=2363400
[INFO] [1783988675.316352453] [laser_mapping]: publish_map: frame pts=2601, total=2366001
[INFO] [1783988675.532072030] [laser_mapping]: publish_map: frame pts=2601, total=2368602
[INFO] [1783988675.747725397] [laser_mapping]: publish_map: frame pts=2645, total=2371203
[INFO] [1783988675.964957473] [laser_mapping]: publish_map: frame pts=2645, total=2373848
[INFO] [1783988676.179963519] [laser_mapping]: publish_map: frame pts=2727, total=2376493
[INFO] [1783988676.390424042] [laser_mapping]: publish_map: frame pts=2727, total=2379220
[INFO] [1783988676.604311986] [laser_mapping]: publish_map: frame pts=2727, total=2381947
[INFO] [1783988676.817354824] [laser_mapping]: publish_map: frame pts=2917, total=2384674
[INFO] [1783988677.036178586] [laser_mapping]: publish_map: frame pts=2773, total=2387591
[INFO] [1783988677.254757628] [laser_mapping]: publish_map: frame pts=2773, total=2390364
[INFO] [1783988677.467003517] [laser_mapping]: publish_map: frame pts=2773, total=2393137
[INFO] [1783988677.684289487] [laser_mapping]: publish_map: frame pts=2651, total=2395910
[INFO] [1783988677.903570041] [laser_mapping]: publish_map: frame pts=2686, total=2398561
[INFO] [1783988678.123267516] [laser_mapping]: publish_map: frame pts=2577, total=2401247
[INFO] [1783988678.332514777] [laser_mapping]: publish_map: frame pts=2648, total=2403824
[INFO] [1783988678.546199777] [laser_mapping]: publish_map: frame pts=2648, total=2406472
[INFO] [1783988678.763557575] [laser_mapping]: publish_map: frame pts=2601, total=2409120
[INFO] [1783988678.980616627] [laser_mapping]: publish_map: frame pts=2491, total=2411721
[INFO] [1783988679.197356025] [laser_mapping]: publish_map: frame pts=2545, total=2414212
[INFO] [1783988679.408192235] [laser_mapping]: publish_map: frame pts=2545, total=2416757
[INFO] [1783988679.624899589] [laser_mapping]: publish_map: frame pts=2545, total=2419302
[INFO] [1783988679.854435987] [laser_mapping]: publish_map: frame pts=2915, total=2421847
[INFO] [1783988680.080349726] [laser_mapping]: publish_map: frame pts=2876, total=2424762
[INFO] [1783988680.297024544] [laser_mapping]: publish_map: frame pts=2859, total=2427638
[INFO] [1783988680.507635201] [laser_mapping]: publish_map: frame pts=2859, total=2430497
[INFO] [1783988680.723341885] [laser_mapping]: publish_map: frame pts=2915, total=2433356
[INFO] [1783988680.939382363] [laser_mapping]: publish_map: frame pts=2815, total=2436271
[INFO] [1783988681.154493509] [laser_mapping]: publish_map: frame pts=2644, total=2439086
[INFO] [1783988681.369963490] [laser_mapping]: publish_map: frame pts=2684, total=2441730
[INFO] [1783988681.585063549] [laser_mapping]: publish_map: frame pts=2684, total=2444414
[INFO] [1783988681.801405898] [laser_mapping]: publish_map: frame pts=2684, total=2447098
[INFO] [1783988682.041829517] [laser_mapping]: publish_map: frame pts=2574, total=2449782
[INFO] [1783988682.298257291] [laser_mapping]: publish_map: frame pts=2508, total=2452356
[INFO] [1783988682.521567586] [laser_mapping]: publish_map: frame pts=2508, total=2454864
[INFO] [1783988682.747338611] [laser_mapping]: publish_map: frame pts=2877, total=2457372
[INFO] [1783988682.972970059] [laser_mapping]: publish_map: frame pts=2484, total=2460249
[INFO] [1783988683.202550901] [laser_mapping]: publish_map: frame pts=2680, total=2462733
[INFO] [1783988683.421712471] [laser_mapping]: publish_map: frame pts=2680, total=2465413
[INFO] [1783988683.638767327] [laser_mapping]: publish_map: frame pts=2605, total=2468093
[INFO] [1783988683.857507228] [laser_mapping]: publish_map: frame pts=2484, total=2470698
[INFO] [1783988684.120660039] [laser_mapping]: publish_map: frame pts=2510, total=2473182
[INFO] [1783988684.388799673] [laser_mapping]: publish_map: frame pts=2510, total=2475692
[INFO] [1783988684.663722334] [laser_mapping]: publish_map: frame pts=2604, total=2478202
[INFO] [1783988684.943723122] [laser_mapping]: publish_map: frame pts=2897, total=2480806
[INFO] [1783988685.229206940] [laser_mapping]: publish_map: frame pts=2916, total=2483703
[INFO] [1783988685.498217999] [laser_mapping]: publish_map: frame pts=2916, total=2486619
[INFO] [1783988685.783137505] [laser_mapping]: publish_map: frame pts=2482, total=2489535
[INFO] [1783988686.013673034] [laser_mapping]: publish_map: frame pts=2617, total=2492017
[INFO] [1783988686.238376387] [laser_mapping]: publish_map: frame pts=2757, total=2494634
[INFO] [1783988686.458275610] [laser_mapping]: publish_map: frame pts=2757, total=2497391
[INFO] [1783988686.680197193] [laser_mapping]: publish_map: frame pts=2899, total=2500148
[INFO] [1783988686.901905831] [laser_mapping]: publish_map: frame pts=2899, total=2503047
[INFO] [1783988687.128810777] [laser_mapping]: publish_map: frame pts=2868, total=2505946
[INFO] [1783988687.351174474] [laser_mapping]: publish_map: frame pts=2868, total=2508814
[INFO] [1783988687.574829121] [laser_mapping]: publish_map: frame pts=2868, total=2511682
[INFO] [1783988687.799547045] [laser_mapping]: publish_map: frame pts=2591, total=2514550
[INFO] [1783988688.029219474] [laser_mapping]: publish_map: frame pts=2671, total=2517141
[INFO] [1783988688.251013832] [laser_mapping]: publish_map: frame pts=2484, total=2519812
[INFO] [1783988688.469331957] [laser_mapping]: publish_map: frame pts=2484, total=2522296
[INFO] [1783988688.693745110] [laser_mapping]: publish_map: frame pts=2602, total=2524780
[INFO] [1783988688.918400868] [laser_mapping]: publish_map: frame pts=2671, total=2527382
[INFO] [1783988689.144075724] [laser_mapping]: publish_map: frame pts=2484, total=2530053
[INFO] [1783988689.372145159] [laser_mapping]: publish_map: frame pts=2601, total=2532537
[INFO] [1783988689.595438673] [laser_mapping]: publish_map: frame pts=2601, total=2535138
[INFO] [1783988689.822158350] [laser_mapping]: publish_map: frame pts=2517, total=2537739
[INFO] [1783988690.049849673] [laser_mapping]: publish_map: frame pts=2607, total=2540256
[INFO] [1783988690.277101205] [laser_mapping]: publish_map: frame pts=2705, total=2542863
[INFO] [1783988690.511214836] [laser_mapping]: publish_map: frame pts=2705, total=2545568
[INFO] [1783988690.746673453] [laser_mapping]: publish_map: frame pts=2516, total=2548273
[INFO] [1783988690.979753653] [laser_mapping]: publish_map: frame pts=2607, total=2550789
[INFO] [1783988691.219891662] [laser_mapping]: publish_map: frame pts=2601, total=2553396
[INFO] [1783988691.446614558] [laser_mapping]: publish_map: frame pts=2601, total=2555997
[INFO] [1783988691.674413001] [laser_mapping]: publish_map: frame pts=2513, total=2558598
[INFO] [1783988691.911361106] [laser_mapping]: publish_map: frame pts=2570, total=2561111
[INFO] [1783988692.152240223] [laser_mapping]: publish_map: frame pts=2486, total=2563681
[INFO] [1783988692.389760600] [laser_mapping]: publish_map: frame pts=2670, total=2566167
[INFO] [1783988692.628967046] [laser_mapping]: publish_map: frame pts=2670, total=2568837
[INFO] [1783988692.872727142] [laser_mapping]: publish_map: frame pts=2670, total=2571507
[INFO] [1783988693.115679901] [laser_mapping]: publish_map: frame pts=2577, total=2574177
[INFO] [1783988693.345023658] [laser_mapping]: publish_map: frame pts=2666, total=2576754
[INFO] [1783988693.573180988] [laser_mapping]: publish_map: frame pts=2666, total=2579420
[INFO] [1783988693.806519403] [laser_mapping]: publish_map: frame pts=2850, total=2582086
[INFO] [1783988694.043011079] [laser_mapping]: publish_map: frame pts=2791, total=2584936
[INFO] [1783988694.272295890] [laser_mapping]: publish_map: frame pts=2666, total=2587727
[INFO] [1783988694.503401035] [laser_mapping]: publish_map: frame pts=2666, total=2590393
[INFO] [1783988694.734390604] [laser_mapping]: publish_map: frame pts=2851, total=2593059
[INFO] [1783988694.966677072] [laser_mapping]: publish_map: frame pts=2779, total=2595910
[INFO] [1783988695.200169575] [laser_mapping]: publish_map: frame pts=2666, total=2598689
[INFO] [1783988695.433382983] [laser_mapping]: publish_map: frame pts=2666, total=2601355
[INFO] [1783988695.668730140] [laser_mapping]: publish_map: frame pts=2849, total=2604021
[INFO] [1783988695.905162591] [laser_mapping]: publish_map: frame pts=2789, total=2606870
[INFO] [1783988696.142491646] [laser_mapping]: publish_map: frame pts=2817, total=2609659
[INFO] [1783988696.379255444] [laser_mapping]: publish_map: frame pts=2761, total=2612476
[INFO] [1783988696.609178052] [laser_mapping]: publish_map: frame pts=2761, total=2615237
[INFO] [1783988696.841607410] [laser_mapping]: publish_map: frame pts=2885, total=2617998
[INFO] [1783988697.085694819] [laser_mapping]: publish_map: frame pts=2812, total=2620883
[INFO] [1783988697.334912541] [laser_mapping]: publish_map: frame pts=2792, total=2623695
[INFO] [1783988697.605949870] [laser_mapping]: publish_map: frame pts=2792, total=2626487
[INFO] [1783988697.907659063] [laser_mapping]: publish_map: frame pts=2723, total=2629279
[INFO] [1783988698.212330320] [laser_mapping]: publish_map: frame pts=2537, total=2632002
[INFO] [1783988698.515956235] [laser_mapping]: publish_map: frame pts=2537, total=2634539
[INFO] [1783988698.818281621] [laser_mapping]: publish_map: frame pts=2855, total=2637076
[INFO] [1783988699.052615116] [laser_mapping]: publish_map: frame pts=2813, total=2639931
[INFO] [1783988699.331952587] [laser_mapping]: publish_map: frame pts=2813, total=2642744
[INFO] [1783988699.561726293] [laser_mapping]: publish_map: frame pts=2813, total=2645557
[INFO] [1783988699.795701883] [laser_mapping]: publish_map: frame pts=2813, total=2648370
[INFO] [1783988700.030416500] [laser_mapping]: publish_map: frame pts=2813, total=2651183
[INFO] [1783988700.266364362] [laser_mapping]: publish_map: frame pts=2813, total=2653996
[INFO] [1783988700.500546469] [laser_mapping]: publish_map: frame pts=2813, total=2656809
[INFO] [1783988701.387066570] [laser_mapping]: publish_map: frame pts=2813, total=2659622
[INFO] [1783988702.387051318] [laser_mapping]: publish_map: frame pts=2813, total=2662435
[INFO] [1783988703.387065162] [laser_mapping]: publish_map: frame pts=2813, total=2665248
[INFO] [1783988704.387061630] [laser_mapping]: publish_map: frame pts=2813, total=2668061
[INFO] [1783988705.387067895] [laser_mapping]: publish_map: frame pts=2813, total=2670874
[INFO] [1783988706.387062486] [laser_mapping]: publish_map: frame pts=2813, total=2673687
[INFO] [1783988707.387054315] [laser_mapping]: publish_map: frame pts=2813, total=2676500
[INFO] [1783988708.387056574] [laser_mapping]: publish_map: frame pts=2813, total=2679313
[INFO] [1783988709.387063918] [laser_mapping]: publish_map: frame pts=2813, total=2682126
[INFO] [1783988710.387065042] [laser_mapping]: publish_map: frame pts=2813, total=2684939
[INFO] [1783988711.387051862] [laser_mapping]: publish_map: frame pts=2813, total=2687752
[INFO] [1783988712.387050494] [laser_mapping]: publish_map: frame pts=2813, total=2690565
[INFO] [1783988713.387044311] [laser_mapping]: publish_map: frame pts=2813, total=2693378
[INFO] [1783988714.387046597] [laser_mapping]: publish_map: frame pts=2813, total=2696191
[INFO] [1783988715.387053457] [laser_mapping]: publish_map: frame pts=2813, total=2699004
[INFO] [1783988716.387070338] [laser_mapping]: publish_map: frame pts=2813, total=2701817
[INFO] [1783988717.387067391] [laser_mapping]: publish_map: frame pts=2813, total=2704630
[INFO] [1783988718.387066866] [laser_mapping]: publish_map: frame pts=2813, total=2707443
[INFO] [1783988719.387148244] [laser_mapping]: publish_map: frame pts=2813, total=2710256
[INFO] [1783988720.387040980] [laser_mapping]: publish_map: frame pts=2813, total=2713069
[INFO] [1783988721.387058085] [laser_mapping]: publish_map: frame pts=2813, total=2715882
[INFO] [1783988722.387034883] [laser_mapping]: publish_map: frame pts=2813, total=2718695
[INFO] [1783988723.387045273] [laser_mapping]: publish_map: frame pts=2813, total=2721508
[INFO] [1783988724.387031004] [laser_mapping]: publish_map: frame pts=2813, total=2724321
[INFO] [1783988725.387050771] [laser_mapping]: publish_map: frame pts=2813, total=2727134
[INFO] [1783988726.387047683] [laser_mapping]: publish_map: frame pts=2813, total=2729947
[INFO] [1783988727.387057903] [laser_mapping]: publish_map: frame pts=2813, total=2732760
[INFO] [1783988728.387051453] [laser_mapping]: publish_map: frame pts=2813, total=2735573
[INFO] [1783988729.387059756] [laser_mapping]: publish_map: frame pts=2813, total=2738386
[INFO] [1783988730.387052071] [laser_mapping]: publish_map: frame pts=2813, total=2741199
[INFO] [1783988731.387044651] [laser_mapping]: publish_map: frame pts=2813, total=2744012
[INFO] [1783988732.387055138] [laser_mapping]: publish_map: frame pts=2813, total=2746825
[INFO] [1783988733.387039122] [laser_mapping]: publish_map: frame pts=2813, total=2749638
[INFO] [1783988734.387055417] [laser_mapping]: publish_map: frame pts=2813, total=2752451
[INFO] [1783988735.387073130] [laser_mapping]: publish_map: frame pts=2813, total=2755264
[INFO] [1783988736.387053260] [laser_mapping]: publish_map: frame pts=2813, total=2758077
[INFO] [1783988737.387064486] [laser_mapping]: publish_map: frame pts=2813, total=2760890
[INFO] [1783988738.387065535] [laser_mapping]: publish_map: frame pts=2813, total=2763703
[INFO] [1783988739.387058240] [laser_mapping]: publish_map: frame pts=2813, total=2766516
[INFO] [1783988740.387058336] [laser_mapping]: publish_map: frame pts=2813, total=2769329
[INFO] [1783988741.387055461] [laser_mapping]: publish_map: frame pts=2813, total=2772142
[INFO] [1783988742.387061670] [laser_mapping]: publish_map: frame pts=2813, total=2774955
[INFO] [1783988743.387057031] [laser_mapping]: publish_map: frame pts=2813, total=2777768
[INFO] [1783988744.387053812] [laser_mapping]: publish_map: frame pts=2813, total=2780581
[INFO] [1783988745.387064888] [laser_mapping]: publish_map: frame pts=2813, total=2783394
[INFO] [1783988746.387066609] [laser_mapping]: publish_map: frame pts=2813, total=2786207
[INFO] [1783988747.387065032] [laser_mapping]: publish_map: frame pts=2813, total=2789020
[INFO] [1783988748.387051615] [laser_mapping]: publish_map: frame pts=2813, total=2791833
[INFO] [1783988749.387142938] [laser_mapping]: publish_map: frame pts=2813, total=2794646
[INFO] [1783988750.387148044] [laser_mapping]: publish_map: frame pts=2813, total=2797459
[INFO] [1783988751.387057383] [laser_mapping]: publish_map: frame pts=2813, total=2800272
[INFO] [1783988752.387070561] [laser_mapping]: publish_map: frame pts=2813, total=2803085
[INFO] [1783988753.387060721] [laser_mapping]: publish_map: frame pts=2813, total=2805898
[INFO] [1783988754.387063289] [laser_mapping]: publish_map: frame pts=2813, total=2808711
[INFO] [1783988755.387065029] [laser_mapping]: publish_map: frame pts=2813, total=2811524
[INFO] [1783988756.387065384] [laser_mapping]: publish_map: frame pts=2813, total=2814337
[INFO] [1783988757.387047648] [laser_mapping]: publish_map: frame pts=2813, total=2817150
[INFO] [1783988758.387061789] [laser_mapping]: publish_map: frame pts=2813, total=2819963
[INFO] [1783988759.387060072] [laser_mapping]: publish_map: frame pts=2813, total=2822776
[INFO] [1783988760.387184661] [laser_mapping]: publish_map: frame pts=2813, total=2825589
[INFO] [1783988761.387063675] [laser_mapping]: publish_map: frame pts=2813, total=2828402
[INFO] [1783988762.387067415] [laser_mapping]: publish_map: frame pts=2813, total=2831215
[INFO] [1783988763.387050083] [laser_mapping]: publish_map: frame pts=2813, total=2834028
[INFO] [1783988764.387051742] [laser_mapping]: publish_map: frame pts=2813, total=2836841
[INFO] [1783988765.387059518] [laser_mapping]: publish_map: frame pts=2813, total=2839654
[INFO] [1783988766.387033290] [laser_mapping]: publish_map: frame pts=2813, total=2842467
[INFO] [1783988767.387063809] [laser_mapping]: publish_map: frame pts=2813, total=2845280
[INFO] [1783988768.387063870] [laser_mapping]: publish_map: frame pts=2813, total=2848093
[INFO] [1783988769.387036315] [laser_mapping]: publish_map: frame pts=2813, total=2850906
[INFO] [1783988770.387034756] [laser_mapping]: publish_map: frame pts=2813, total=2853719
[INFO] [1783988771.387031817] [laser_mapping]: publish_map: frame pts=2813, total=2856532
[INFO] [1783988772.387179255] [laser_mapping]: publish_map: frame pts=2813, total=2859345
[INFO] [1783988773.387059664] [laser_mapping]: publish_map: frame pts=2813, total=2862158
[INFO] [1783988774.387050110] [laser_mapping]: publish_map: frame pts=2813, total=2864971
[INFO] [1783988775.387054538] [laser_mapping]: publish_map: frame pts=2813, total=2867784
[INFO] [1783988776.387050229] [laser_mapping]: publish_map: frame pts=2813, total=2870597
[INFO] [1783988777.387165098] [laser_mapping]: publish_map: frame pts=2813, total=2873410
[INFO] [1783988778.387053885] [laser_mapping]: publish_map: frame pts=2813, total=2876223
[INFO] [1783988779.387195986] [laser_mapping]: publish_map: frame pts=2813, total=2879036
[INFO] [1783988780.387059871] [laser_mapping]: publish_map: frame pts=2813, total=2881849
[INFO] [1783988781.387067055] [laser_mapping]: publish_map: frame pts=2813, total=2884662
[INFO] [1783988782.387039151] [laser_mapping]: publish_map: frame pts=2813, total=2887475
[INFO] [1783988783.387054052] [laser_mapping]: publish_map: frame pts=2813, total=2890288
[INFO] [1783988784.387049965] [laser_mapping]: publish_map: frame pts=2813, total=2893101
[INFO] [1783988785.387035949] [laser_mapping]: publish_map: frame pts=2813, total=2895914
[INFO] [1783988786.387035418] [laser_mapping]: publish_map: frame pts=2813, total=2898727
[INFO] [1783988787.387048239] [laser_mapping]: publish_map: frame pts=2813, total=2901540
[INFO] [1783988788.387049050] [laser_mapping]: publish_map: frame pts=2813, total=2904353
[INFO] [1783988789.387049318] [laser_mapping]: publish_map: frame pts=2813, total=2907166
[INFO] [1783988790.387052881] [laser_mapping]: publish_map: frame pts=2813, total=2909979
[INFO] [1783988791.387057418] [laser_mapping]: publish_map: frame pts=2813, total=2912792
[INFO] [1783988792.387063117] [laser_mapping]: publish_map: frame pts=2813, total=2915605
[INFO] [1783988793.387061746] [laser_mapping]: publish_map: frame pts=2813, total=2918418
[INFO] [1783988794.387048944] [laser_mapping]: publish_map: frame pts=2813, total=2921231
[INFO] [1783988795.387053014] [laser_mapping]: publish_map: frame pts=2813, total=2924044
[INFO] [1783988796.387052825] [laser_mapping]: publish_map: frame pts=2813, total=2926857
[INFO] [1783988797.387191110] [laser_mapping]: publish_map: frame pts=2813, total=2929670
[INFO] [1783988798.387053428] [laser_mapping]: publish_map: frame pts=2813, total=2932483
[INFO] [1783988799.387051192] [laser_mapping]: publish_map: frame pts=2813, total=2935296
[INFO] [1783988800.387151157] [laser_mapping]: publish_map: frame pts=2813, total=2938109
[INFO] [1783988801.387134233] [laser_mapping]: publish_map: frame pts=2813, total=2940922
[INFO] [1783988802.387042318] [laser_mapping]: publish_map: frame pts=2813, total=2943735
[INFO] [1783988803.387045663] [laser_mapping]: publish_map: frame pts=2813, total=2946548
[INFO] [1783988804.387053658] [laser_mapping]: publish_map: frame pts=2813, total=2949361
[INFO] [1783988805.387060302] [laser_mapping]: publish_map: frame pts=2813, total=2952174
[INFO] [1783988806.387035904] [laser_mapping]: publish_map: frame pts=2813, total=2954987
[INFO] [1783988807.387061465] [laser_mapping]: publish_map: frame pts=2813, total=2957800
[INFO] [1783988808.387056674] [laser_mapping]: publish_map: frame pts=2813, total=2960613
[INFO] [1783988809.387054422] [laser_mapping]: publish_map: frame pts=2813, total=2963426
[INFO] [1783988810.387055447] [laser_mapping]: publish_map: frame pts=2813, total=2966239
[INFO] [1783988811.387040762] [laser_mapping]: publish_map: frame pts=2813, total=2969052
[INFO] [1783988812.387058175] [laser_mapping]: publish_map: frame pts=2813, total=2971865
[INFO] [1783988813.387065244] [laser_mapping]: publish_map: frame pts=2813, total=2974678
[INFO] [1783988814.387065389] [laser_mapping]: publish_map: frame pts=2813, total=2977491
[INFO] [1783988815.387035158] [laser_mapping]: publish_map: frame pts=2813, total=2980304
[INFO] [1783988816.387155688] [laser_mapping]: publish_map: frame pts=2813, total=2983117
[INFO] [1783988817.387063450] [laser_mapping]: publish_map: frame pts=2813, total=2985930
[INFO] [1783988818.387051668] [laser_mapping]: publish_map: frame pts=2813, total=2988743
[INFO] [1783988819.387209368] [laser_mapping]: publish_map: frame pts=2813, total=2991556
[INFO] [1783988820.387049843] [laser_mapping]: publish_map: frame pts=2813, total=2994369
[INFO] [1783988821.387130301] [laser_mapping]: publish_map: frame pts=2813, total=2997182
[INFO] [1783988822.387050502] [laser_mapping]: publish_map: frame pts=2813, total=2999995
[INFO] [1783988823.387045996] [laser_mapping]: publish_map: frame pts=2813, total=3002808
[INFO] [1783988824.387086339] [laser_mapping]: publish_map: frame pts=2813, total=3005621
[INFO] [1783988825.387050259] [laser_mapping]: publish_map: frame pts=2813, total=3008434
[INFO] [1783988826.387129667] [laser_mapping]: publish_map: frame pts=2813, total=3011247
[INFO] [1783988827.387053058] [laser_mapping]: publish_map: frame pts=2813, total=3014060
[INFO] [1783988828.387047482] [laser_mapping]: publish_map: frame pts=2813, total=3016873
[INFO] [1783988829.387129154] [laser_mapping]: publish_map: frame pts=2813, total=3019686
[INFO] [1783988830.387159514] [laser_mapping]: publish_map: frame pts=2813, total=3022499
[INFO] [1783988831.387134303] [laser_mapping]: publish_map: frame pts=2813, total=3025312
[INFO] [1783988832.387045975] [laser_mapping]: publish_map: frame pts=2813, total=3028125
[INFO] [1783988833.387057213] [laser_mapping]: publish_map: frame pts=2813, total=3030938
[INFO] [1783988834.387032751] [laser_mapping]: publish_map: frame pts=2813, total=3033751
lidar loop back, clear buffer
[INFO] [1783988835.387030479] [laser_mapping]: publish_map: frame pts=2813, total=3036564
[INFO] [1783988836.387040341] [laser_mapping]: publish_map: frame pts=2813, total=3039377
[INFO] [1783988837.387099962] [laser_mapping]: publish_map: frame pts=2813, total=3042190
[INFO] [1783988838.387025804] [laser_mapping]: publish_map: frame pts=2813, total=3045003
[INFO] [1783988839.387034625] [laser_mapping]: publish_map: frame pts=2813, total=3047816
[INFO] [1783988840.387029160] [laser_mapping]: publish_map: frame pts=2813, total=3050629
[INFO] [1783988841.387030827] [laser_mapping]: publish_map: frame pts=2813, total=3053442
[INFO] [1783988842.387039779] [laser_mapping]: publish_map: frame pts=2813, total=3056255
[INFO] [1783988843.387045483] [laser_mapping]: publish_map: frame pts=2813, total=3059068
[INFO] [1783988844.387033669] [laser_mapping]: publish_map: frame pts=2813, total=3061881
[INFO] [1783988845.387030319] [laser_mapping]: publish_map: frame pts=2813, total=3064694
[INFO] [1783988846.387029658] [laser_mapping]: publish_map: frame pts=2813, total=3067507
[INFO] [1783988847.387048333] [laser_mapping]: publish_map: frame pts=2813, total=3070320
[INFO] [1783988848.387038612] [laser_mapping]: publish_map: frame pts=2813, total=3073133
[INFO] [1783988849.387034482] [laser_mapping]: publish_map: frame pts=2813, total=3075946
[INFO] [1783988850.387043174] [laser_mapping]: publish_map: frame pts=2813, total=3078759
[INFO] [1783988851.387029757] [laser_mapping]: publish_map: frame pts=2813, total=3081572
[INFO] [1783988852.387029805] [laser_mapping]: publish_map: frame pts=2813, total=3084385
[INFO] [1783988853.387032627] [laser_mapping]: publish_map: frame pts=2813, total=3087198
[INFO] [1783988854.387028634] [laser_mapping]: publish_map: frame pts=2813, total=3090011
[INFO] [1783988855.387045367] [laser_mapping]: publish_map: frame pts=2813, total=3092824
lidar loop back, clear buffer
[INFO] [1783988856.387033411] [laser_mapping]: publish_map: frame pts=2813, total=3095637
[INFO] [1783988857.387041248] [laser_mapping]: publish_map: frame pts=2813, total=3098450
[INFO] [1783988858.387032860] [laser_mapping]: publish_map: frame pts=2813, total=3101263
[INFO] [1783988859.387035151] [laser_mapping]: publish_map: frame pts=2813, total=3104076
[INFO] [1783988860.387046609] [laser_mapping]: publish_map: frame pts=2813, total=3106889
[INFO] [1783988861.387047879] [laser_mapping]: publish_map: frame pts=2813, total=3109702
[INFO] [1783988862.387032138] [laser_mapping]: publish_map: frame pts=2813, total=3112515
[INFO] [1783988863.387046697] [laser_mapping]: publish_map: frame pts=2813, total=3115328
[INFO] [1783988864.387036864] [laser_mapping]: publish_map: frame pts=2813, total=3118141
[INFO] [1783988865.387031105] [laser_mapping]: publish_map: frame pts=2813, total=3120954
[INFO] [1783988866.387026059] [laser_mapping]: publish_map: frame pts=2813, total=3123767
[INFO] [1783988867.387042541] [laser_mapping]: publish_map: frame pts=2813, total=3126580
[INFO] [1783988868.387033459] [laser_mapping]: publish_map: frame pts=2813, total=3129393
[INFO] [1783988869.387028461] [laser_mapping]: publish_map: frame pts=2813, total=3132206
[INFO] [1783988870.387046709] [laser_mapping]: publish_map: frame pts=2813, total=3135019
[INFO] [1783988871.387048465] [laser_mapping]: publish_map: frame pts=2813, total=3137832
[INFO] [1783988872.387052117] [laser_mapping]: publish_map: frame pts=2813, total=3140645
[INFO] [1783988873.387032967] [laser_mapping]: publish_map: frame pts=2813, total=3143458
[INFO] [1783988874.387043332] [laser_mapping]: publish_map: frame pts=2813, total=3146271
[INFO] [1783988875.387029358] [laser_mapping]: publish_map: frame pts=2813, total=3149084
[INFO] [1783988876.387024864] [laser_mapping]: publish_map: frame pts=2813, total=3151897
[INFO] [1783988877.387046375] [laser_mapping]: publish_map: frame pts=2813, total=3154710
[INFO] [1783988878.387129823] [laser_mapping]: publish_map: frame pts=2813, total=3157523
[INFO] [1783988879.387042590] [laser_mapping]: publish_map: frame pts=2813, total=3160336
[INFO] [1783988880.387048163] [laser_mapping]: publish_map: frame pts=2813, total=3163149
[INFO] [1783988881.387046403] [laser_mapping]: publish_map: frame pts=2813, total=3165962
[INFO] [1783988882.387047094] [laser_mapping]: publish_map: frame pts=2813, total=3168775
[INFO] [1783988883.387137515] [laser_mapping]: publish_map: frame pts=2813, total=3171588
[INFO] [1783988884.387063380] [laser_mapping]: publish_map: frame pts=2813, total=3174401
[INFO] [1783988885.387045646] [laser_mapping]: publish_map: frame pts=2813, total=3177214
[INFO] [1783988886.387045961] [laser_mapping]: publish_map: frame pts=2813, total=3180027
[INFO] [1783988887.387056653] [laser_mapping]: publish_map: frame pts=2813, total=3182840
[INFO] [1783988888.387040794] [laser_mapping]: publish_map: frame pts=2813, total=3185653
[INFO] [1783988889.387033811] [laser_mapping]: publish_map: frame pts=2813, total=3188466
[INFO] [1783988890.387058718] [laser_mapping]: publish_map: frame pts=2813, total=3191279
[INFO] [1783988891.387063849] [laser_mapping]: publish_map: frame pts=2813, total=3194092
[INFO] [1783988892.387124117] [laser_mapping]: publish_map: frame pts=2813, total=3196905
[INFO] [1783988893.387055795] [laser_mapping]: publish_map: frame pts=2813, total=3199718
[INFO] [1783988894.387161445] [laser_mapping]: publish_map: frame pts=2813, total=3202531
[INFO] [1783988895.387035440] [laser_mapping]: publish_map: frame pts=2813, total=3205344
[INFO] [1783988896.387040629] [laser_mapping]: publish_map: frame pts=2813, total=3208157
[INFO] [1783988897.387158156] [laser_mapping]: publish_map: frame pts=2813, total=3210970
[INFO] [1783988898.387060386] [laser_mapping]: publish_map: frame pts=2813, total=3213783
[INFO] [1783988899.387065131] [laser_mapping]: publish_map: frame pts=2813, total=3216596
[INFO] [1783988900.387067928] [laser_mapping]: publish_map: frame pts=2813, total=3219409
[INFO] [1783988901.387062175] [laser_mapping]: publish_map: frame pts=2813, total=3222222
[INFO] [1783988902.387034491] [laser_mapping]: publish_map: frame pts=2813, total=3225035
[INFO] [1783988903.387038941] [laser_mapping]: publish_map: frame pts=2813, total=3227848
[INFO] [1783988904.387196037] [laser_mapping]: publish_map: frame pts=2813, total=3230661
[INFO] [1783988905.387048632] [laser_mapping]: publish_map: frame pts=2813, total=3233474
[INFO] [1783988906.387062107] [laser_mapping]: publish_map: frame pts=2813, total=3236287
[INFO] [1783988907.387025400] [laser_mapping]: publish_map: frame pts=2813, total=3239100
[INFO] [1783988908.387036215] [laser_mapping]: publish_map: frame pts=2813, total=3241913
[INFO] [1783988909.387041619] [laser_mapping]: publish_map: frame pts=2813, total=3244726
[INFO] [1783988910.387039409] [laser_mapping]: publish_map: frame pts=2813, total=3247539
[INFO] [1783988911.387050263] [laser_mapping]: publish_map: frame pts=2813, total=3250352
[INFO] [1783988912.387048236] [laser_mapping]: publish_map: frame pts=2813, total=3253165
[INFO] [1783988913.387068693] [laser_mapping]: publish_map: frame pts=2813, total=3255978
[INFO] [1783988914.387054161] [laser_mapping]: publish_map: frame pts=2813, total=3258791
[INFO] [1783988915.387138465] [laser_mapping]: publish_map: frame pts=2813, total=3261604
[INFO] [1783988916.387036245] [laser_mapping]: publish_map: frame pts=2813, total=3264417
[INFO] [1783988917.387149599] [laser_mapping]: publish_map: frame pts=2813, total=3267230
[INFO] [1783988918.387059622] [laser_mapping]: publish_map: frame pts=2813, total=3270043
[INFO] [1783988919.387062321] [laser_mapping]: publish_map: frame pts=2813, total=3272856
[INFO] [1783988920.387114043] [laser_mapping]: publish_map: frame pts=2813, total=3275669
[INFO] [1783988921.387182729] [laser_mapping]: publish_map: frame pts=2813, total=3278482
[INFO] [1783988922.387049060] [laser_mapping]: publish_map: frame pts=2813, total=3281295
[INFO] [1783988923.387036334] [laser_mapping]: publish_map: frame pts=2813, total=3284108
[INFO] [1783988924.387227558] [laser_mapping]: publish_map: frame pts=2813, total=3286921
[INFO] [1783988925.387046056] [laser_mapping]: publish_map: frame pts=2813, total=3289734
[INFO] [1783988926.387051969] [laser_mapping]: publish_map: frame pts=2813, total=3292547
[INFO] [1783988927.387063461] [laser_mapping]: publish_map: frame pts=2813, total=3295360
[INFO] [1783988928.387056151] [laser_mapping]: publish_map: frame pts=2813, total=3298173
[INFO] [1783988929.387063664] [laser_mapping]: publish_map: frame pts=2813, total=3300986
[INFO] [1783988930.387054169] [laser_mapping]: publish_map: frame pts=2813, total=3303799
[INFO] [1783988931.387054740] [laser_mapping]: publish_map: frame pts=2813, total=3306612
[INFO] [1783988932.387053407] [laser_mapping]: publish_map: frame pts=2813, total=3309425
[INFO] [1783988933.387045097] [laser_mapping]: publish_map: frame pts=2813, total=3312238
[INFO] [1783988934.387058659] [laser_mapping]: publish_map: frame pts=2813, total=3315051
[INFO] [1783988935.387033506] [laser_mapping]: publish_map: frame pts=2813, total=3317864
[INFO] [1783988936.387069310] [laser_mapping]: publish_map: frame pts=2813, total=3320677
[INFO] [1783988937.387044985] [laser_mapping]: publish_map: frame pts=2813, total=3323490
[INFO] [1783988938.387165647] [laser_mapping]: publish_map: frame pts=2813, total=3326303
[INFO] [1783988939.387147651] [laser_mapping]: publish_map: frame pts=2813, total=3329116
[INFO] [1783988940.387049354] [laser_mapping]: publish_map: frame pts=2813, total=3331929
[INFO] [1783988941.387144661] [laser_mapping]: publish_map: frame pts=2813, total=3334742
[INFO] [1783988942.387051128] [laser_mapping]: publish_map: frame pts=2813, total=3337555
[INFO] [1783988943.387053328] [laser_mapping]: publish_map: frame pts=2813, total=3340368
[INFO] [1783988944.387051625] [laser_mapping]: publish_map: frame pts=2813, total=3343181
[INFO] [1783988945.387052846] [laser_mapping]: publish_map: frame pts=2813, total=3345994
[INFO] [1783988946.387056898] [laser_mapping]: publish_map: frame pts=2813, total=3348807
[INFO] [1783988947.387044825] [laser_mapping]: publish_map: frame pts=2813, total=3351620
[INFO] [1783988948.387065762] [laser_mapping]: publish_map: frame pts=2813, total=3354433
[INFO] [1783988949.387125952] [laser_mapping]: publish_map: frame pts=2813, total=3357246
[INFO] [1783988950.387060046] [laser_mapping]: publish_map: frame pts=2813, total=3360059
[INFO] [1783988951.387045990] [laser_mapping]: publish_map: frame pts=2813, total=3362872
[INFO] [1783988952.387044388] [laser_mapping]: publish_map: frame pts=2813, total=3365685
[INFO] [1783988953.387047001] [laser_mapping]: publish_map: frame pts=2813, total=3368498
[INFO] [1783988954.387139993] [laser_mapping]: publish_map: frame pts=2813, total=3371311
[INFO] [1783988955.387181502] [laser_mapping]: publish_map: frame pts=2813, total=3374124
[INFO] [1783988956.387166817] [laser_mapping]: publish_map: frame pts=2813, total=3376937
[INFO] [1783988957.387047682] [laser_mapping]: publish_map: frame pts=2813, total=3379750
[INFO] [1783988958.387059487] [laser_mapping]: publish_map: frame pts=2813, total=3382563
[INFO] [1783988959.387175723] [laser_mapping]: publish_map: frame pts=2813, total=3385376
[INFO] [1783988960.387053969] [laser_mapping]: publish_map: frame pts=2813, total=3388189
[INFO] [1783988961.387065590] [laser_mapping]: publish_map: frame pts=2813, total=3391002
[INFO] [1783988962.387048952] [laser_mapping]: publish_map: frame pts=2813, total=3393815
[INFO] [1783988963.387048803] [laser_mapping]: publish_map: frame pts=2813, total=3396628
[INFO] [1783988964.387039169] [laser_mapping]: publish_map: frame pts=2813, total=3399441
[INFO] [1783988965.387087913] [laser_mapping]: publish_map: frame pts=2813, total=3402254
[INFO] [1783988966.387032038] [laser_mapping]: publish_map: frame pts=2813, total=3405067
[INFO] [1783988967.387159399] [laser_mapping]: publish_map: frame pts=2813, total=3407880
[INFO] [1783988968.387052793] [laser_mapping]: publish_map: frame pts=2813, total=3410693
[INFO] [1783988969.387048663] [laser_mapping]: publish_map: frame pts=2813, total=3413506
[INFO] [1783988970.387185756] [laser_mapping]: publish_map: frame pts=2813, total=3416319
[INFO] [1783988971.387030592] [laser_mapping]: publish_map: frame pts=2813, total=3419132
[INFO] [1783988972.387061877] [laser_mapping]: publish_map: frame pts=2813, total=3421945
[INFO] [1783988973.387118601] [laser_mapping]: publish_map: frame pts=2813, total=3424758
[INFO] [1783988974.387049524] [laser_mapping]: publish_map: frame pts=2813, total=3427571
[INFO] [1783988975.387142715] [laser_mapping]: publish_map: frame pts=2813, total=3430384
[INFO] [1783988976.387251293] [laser_mapping]: publish_map: frame pts=2813, total=3433197
[INFO] [1783988977.387048711] [laser_mapping]: publish_map: frame pts=2813, total=3436010
[INFO] [1783988978.387056516] [laser_mapping]: publish_map: frame pts=2813, total=3438823
[INFO] [1783988979.387189680] [laser_mapping]: publish_map: frame pts=2813, total=3441636
[INFO] [1783988980.387123801] [laser_mapping]: publish_map: frame pts=2813, total=3444449
[INFO] [1783988981.387067144] [laser_mapping]: publish_map: frame pts=2813, total=3447262
[INFO] [1783988982.387058194] [laser_mapping]: publish_map: frame pts=2813, total=3450075
[INFO] [1783988983.387199937] [laser_mapping]: publish_map: frame pts=2813, total=3452888
[INFO] [1783988984.387042886] [laser_mapping]: publish_map: frame pts=2813, total=3455701
[INFO] [1783988985.387056156] [laser_mapping]: publish_map: frame pts=2813, total=3458514
[INFO] [1783988986.387052937] [laser_mapping]: publish_map: frame pts=2813, total=3461327
[INFO] [1783988987.387060398] [laser_mapping]: publish_map: frame pts=2813, total=3464140
[INFO] [1783988988.387148528] [laser_mapping]: publish_map: frame pts=2813, total=3466953
[INFO] [1783988989.387009782] [laser_mapping]: publish_map: frame pts=2813, total=3469766
[INFO] [1783988990.387055491] [laser_mapping]: publish_map: frame pts=2813, total=3472579
[INFO] [1783988991.387268312] [laser_mapping]: publish_map: frame pts=2813, total=3475392
[INFO] [1783988992.387047234] [laser_mapping]: publish_map: frame pts=2813, total=3478205
[INFO] [1783988993.387054358] [laser_mapping]: publish_map: frame pts=2813, total=3481018
[INFO] [1783988994.387037193] [laser_mapping]: publish_map: frame pts=2813, total=3483831
[INFO] [1783988995.387060937] [laser_mapping]: publish_map: frame pts=2813, total=3486644
[INFO] [1783988996.387110475] [laser_mapping]: publish_map: frame pts=2813, total=3489457
[INFO] [1783988997.387059358] [laser_mapping]: publish_map: frame pts=2813, total=3492270
[INFO] [1783988998.387060721] [laser_mapping]: publish_map: frame pts=2813, total=3495083
[INFO] [1783988999.387044899] [laser_mapping]: publish_map: frame pts=2813, total=3497896
[INFO] [1783989000.387128532] [laser_mapping]: publish_map: frame pts=2813, total=3500709
[INFO] [1783989001.387163401] [laser_mapping]: publish_map: frame pts=2813, total=3503522
[INFO] [1783989002.387055716] [laser_mapping]: publish_map: frame pts=2813, total=3506335
[INFO] [1783989003.387030359] [laser_mapping]: publish_map: frame pts=2813, total=3509148
[INFO] [1783989004.387062215] [laser_mapping]: publish_map: frame pts=2813, total=3511961
[INFO] [1783989005.387050914] [laser_mapping]: publish_map: frame pts=2813, total=3514774
[INFO] [1783989006.387119613] [laser_mapping]: publish_map: frame pts=2813, total=3517587
[INFO] [1783989007.387221378] [laser_mapping]: publish_map: frame pts=2813, total=3520400
[INFO] [1783989008.387047981] [laser_mapping]: publish_map: frame pts=2813, total=3523213
[INFO] [1783989009.387061225] [laser_mapping]: publish_map: frame pts=2813, total=3526026
[INFO] [1783989010.387044051] [laser_mapping]: publish_map: frame pts=2813, total=3528839
[INFO] [1783989011.387055038] [laser_mapping]: publish_map: frame pts=2813, total=3531652
[INFO] [1783989012.387040227] [laser_mapping]: publish_map: frame pts=2813, total=3534465
[INFO] [1783989013.387040080] [laser_mapping]: publish_map: frame pts=2813, total=3537278
[INFO] [1783989014.387136708] [laser_mapping]: publish_map: frame pts=2813, total=3540091
[INFO] [1783989015.387066132] [laser_mapping]: publish_map: frame pts=2813, total=3542904
lidar loop back, clear buffer
[INFO] [1783989016.387037327] [laser_mapping]: publish_map: frame pts=2813, total=3545717
[INFO] [1783989017.387025030] [laser_mapping]: publish_map: frame pts=2813, total=3548530
[INFO] [1783989018.387048892] [laser_mapping]: publish_map: frame pts=2813, total=3551343
[INFO] [1783989019.387046544] [laser_mapping]: publish_map: frame pts=2813, total=3554156
[INFO] [1783989020.387039250] [laser_mapping]: publish_map: frame pts=2813, total=3556969
[INFO] [1783989021.387024904] [laser_mapping]: publish_map: frame pts=2813, total=3559782
[INFO] [1783989022.387028895] [laser_mapping]: publish_map: frame pts=2813, total=3562595
[INFO] [1783989023.387032651] [laser_mapping]: publish_map: frame pts=2813, total=3565408
[INFO] [1783989024.387043344] [laser_mapping]: publish_map: frame pts=2813, total=3568221
[INFO] [1783989025.387034655] [laser_mapping]: publish_map: frame pts=2813, total=3571034
[INFO] [1783989026.387044469] [laser_mapping]: publish_map: frame pts=2813, total=3573847
[INFO] [1783989027.387045278] [laser_mapping]: publish_map: frame pts=2813, total=3576660
[INFO] [1783989028.387044419] [laser_mapping]: publish_map: frame pts=2813, total=3579473
[INFO] [1783989029.387032981] [laser_mapping]: publish_map: frame pts=2813, total=3582286
[INFO] [1783989030.387008818] [laser_mapping]: publish_map: frame pts=2813, total=3585099
[INFO] [1783989031.387031001] [laser_mapping]: publish_map: frame pts=2813, total=3587912
[INFO] [1783989032.387028998] [laser_mapping]: publish_map: frame pts=2813, total=3590725
[INFO] [1783989033.387033099] [laser_mapping]: publish_map: frame pts=2813, total=3593538
[INFO] [1783989034.387030893] [laser_mapping]: publish_map: frame pts=2813, total=3596351
[INFO] [1783989035.387031415] [laser_mapping]: publish_map: frame pts=2813, total=3599164
[INFO] [1783989036.387045470] [laser_mapping]: publish_map: frame pts=2813, total=3601977
[INFO] [1783989037.387041157] [laser_mapping]: publish_map: frame pts=2813, total=3604790
lidar loop back, clear buffer
[INFO] [1783989038.387029810] [laser_mapping]: publish_map: frame pts=2813, total=3607603
[INFO] [1783989039.387050398] [laser_mapping]: publish_map: frame pts=2813, total=3610416
[INFO] [1783989040.387047747] [laser_mapping]: publish_map: frame pts=2813, total=3613229
[INFO] [1783989041.387035092] [laser_mapping]: publish_map: frame pts=2813, total=3616042
[INFO] [1783989042.387033739] [laser_mapping]: publish_map: frame pts=2813, total=3618855
[INFO] [1783989043.387044229] [laser_mapping]: publish_map: frame pts=2813, total=3621668
[INFO] [1783989044.387034019] [laser_mapping]: publish_map: frame pts=2813, total=3624481
[INFO] [1783989045.387046068] [laser_mapping]: publish_map: frame pts=2813, total=3627294
[INFO] [1783989046.387035317] [laser_mapping]: publish_map: frame pts=2813, total=3630107
[INFO] [1783989047.387030300] [laser_mapping]: publish_map: frame pts=2813, total=3632920
[INFO] [1783989048.387047790] [laser_mapping]: publish_map: frame pts=2813, total=3635733
[INFO] [1783989049.387029674] [laser_mapping]: publish_map: frame pts=2813, total=3638546
[INFO] [1783989050.387024810] [laser_mapping]: publish_map: frame pts=2813, total=3641359
[INFO] [1783989051.387031592] [laser_mapping]: publish_map: frame pts=2813, total=3644172
[INFO] [1783989052.387026369] [laser_mapping]: publish_map: frame pts=2813, total=3646985
[INFO] [1783989053.387031940] [laser_mapping]: publish_map: frame pts=2813, total=3649798
[INFO] [1783989054.387028529] [laser_mapping]: publish_map: frame pts=2813, total=3652611
[INFO] [1783989055.387024483] [laser_mapping]: publish_map: frame pts=2813, total=3655424
[INFO] [1783989056.387043839] [laser_mapping]: publish_map: frame pts=2813, total=3658237
[INFO] [1783989057.387043929] [laser_mapping]: publish_map: frame pts=2813, total=3661050
[INFO] [1783989058.387027880] [laser_mapping]: publish_map: frame pts=2813, total=3663863
[INFO] [1783989059.387025811] [laser_mapping]: publish_map: frame pts=2813, total=3666676
[INFO] [1783989060.387041163] [laser_mapping]: publish_map: frame pts=2813, total=3669489
[INFO] [1783989061.387049520] [laser_mapping]: publish_map: frame pts=2813, total=3672302
[INFO] [1783989062.387039446] [laser_mapping]: publish_map: frame pts=2813, total=3675115
[INFO] [1783989063.387027660] [laser_mapping]: publish_map: frame pts=2813, total=3677928
[INFO] [1783989064.387030822] [laser_mapping]: publish_map: frame pts=2813, total=3680741
[INFO] [1783989065.387047405] [laser_mapping]: publish_map: frame pts=2813, total=3683554
[INFO] [1783989066.387032458] [laser_mapping]: publish_map: frame pts=2813, total=3686367
[INFO] [1783989067.387033963] [laser_mapping]: publish_map: frame pts=2813, total=3689180
[INFO] [1783989068.387042738] [laser_mapping]: publish_map: frame pts=2813, total=3691993
[INFO] [1783989069.387030242] [laser_mapping]: publish_map: frame pts=2813, total=3694806
[INFO] [1783989070.387026130] [laser_mapping]: publish_map: frame pts=2813, total=3697619
[INFO] [1783989071.387028876] [laser_mapping]: publish_map: frame pts=2813, total=3700432
[INFO] [1783989072.387055188] [laser_mapping]: publish_map: frame pts=2813, total=3703245
[INFO] [1783989073.387038628] [laser_mapping]: publish_map: frame pts=2813, total=3706058
[INFO] [1783989074.387029434] [laser_mapping]: publish_map: frame pts=2813, total=3708871
[INFO] [1783989075.387050457] [laser_mapping]: publish_map: frame pts=2813, total=3711684
[INFO] [1783989076.387034329] [laser_mapping]: publish_map: frame pts=2813, total=3714497
[INFO] [1783989077.387034539] [laser_mapping]: publish_map: frame pts=2813, total=3717310
[INFO] [1783989078.387029163] [laser_mapping]: publish_map: frame pts=2813, total=3720123
[INFO] [1783989079.387035503] [laser_mapping]: publish_map: frame pts=2813, total=3722936
[INFO] [1783989080.387042831] [laser_mapping]: publish_map: frame pts=2813, total=3725749
[INFO] [1783989081.387050717] [laser_mapping]: publish_map: frame pts=2813, total=3728562
[INFO] [1783989082.387049675] [laser_mapping]: publish_map: frame pts=2813, total=3731375
[INFO] [1783989083.387035351] [laser_mapping]: publish_map: frame pts=2813, total=3734188
[INFO] [1783989084.387034859] [laser_mapping]: publish_map: frame pts=2813, total=3737001
[INFO] [1783989085.387285065] [laser_mapping]: publish_map: frame pts=2813, total=3739814
[INFO] [1783989086.387034320] [laser_mapping]: publish_map: frame pts=2813, total=3742627
[INFO] [1783989087.387031359] [laser_mapping]: publish_map: frame pts=2813, total=3745440
[INFO] [1783989088.387056360] [laser_mapping]: publish_map: frame pts=2813, total=3748253
[INFO] [1783989089.387056606] [laser_mapping]: publish_map: frame pts=2813, total=3751066
[INFO] [1783989090.387042815] [laser_mapping]: publish_map: frame pts=2813, total=3753879
[INFO] [1783989091.387057229] [laser_mapping]: publish_map: frame pts=2813, total=3756692
[INFO] [1783989092.387039712] [laser_mapping]: publish_map: frame pts=2813, total=3759505
[INFO] [1783989093.387055086] [laser_mapping]: publish_map: frame pts=2813, total=3762318
[INFO] [1783989094.387061092] [laser_mapping]: publish_map: frame pts=2813, total=3765131
[INFO] [1783989095.387161433] [laser_mapping]: publish_map: frame pts=2813, total=3767944
[INFO] [1783989096.387043194] [laser_mapping]: publish_map: frame pts=2813, total=3770757
[INFO] [1783989097.387055029] [laser_mapping]: publish_map: frame pts=2813, total=3773570
[INFO] [1783989098.387056627] [laser_mapping]: publish_map: frame pts=2813, total=3776383
[INFO] [1783989099.387198669] [laser_mapping]: publish_map: frame pts=2813, total=3779196
[INFO] [1783989100.387039810] [laser_mapping]: publish_map: frame pts=2813, total=3782009
[INFO] [1783989101.387061482] [laser_mapping]: publish_map: frame pts=2813, total=3784822
[INFO] [1783989102.387043714] [laser_mapping]: publish_map: frame pts=2813, total=3787635
[INFO] [1783989103.387056998] [laser_mapping]: publish_map: frame pts=2813, total=3790448
[INFO] [1783989104.387057533] [laser_mapping]: publish_map: frame pts=2813, total=3793261
[INFO] [1783989105.387035672] [laser_mapping]: publish_map: frame pts=2813, total=3796074
[INFO] [1783989106.387047690] [laser_mapping]: publish_map: frame pts=2813, total=3798887
[INFO] [1783989107.387047937] [laser_mapping]: publish_map: frame pts=2813, total=3801700
[INFO] [1783989108.387053560] [laser_mapping]: publish_map: frame pts=2813, total=3804513
[INFO] [1783989109.387198292] [laser_mapping]: publish_map: frame pts=2813, total=3807326
[INFO] [1783989110.387046798] [laser_mapping]: publish_map: frame pts=2813, total=3810139
[INFO] [1783989111.387040338] [laser_mapping]: publish_map: frame pts=2813, total=3812952
[INFO] [1783989112.387163340] [laser_mapping]: publish_map: frame pts=2813, total=3815765
[INFO] [1783989113.387044677] [laser_mapping]: publish_map: frame pts=2813, total=3818578
[INFO] [1783989114.387052214] [laser_mapping]: publish_map: frame pts=2813, total=3821391
[INFO] [1783989115.387036442] [laser_mapping]: publish_map: frame pts=2813, total=3824204
[INFO] [1783989116.387032786] [laser_mapping]: publish_map: frame pts=2813, total=3827017
[INFO] [1783989117.387149227] [laser_mapping]: publish_map: frame pts=2813, total=3829830
[INFO] [1783989118.387148520] [laser_mapping]: publish_map: frame pts=2813, total=3832643
[INFO] [1783989119.387054111] [laser_mapping]: publish_map: frame pts=2813, total=3835456
[INFO] [1783989120.387065951] [laser_mapping]: publish_map: frame pts=2813, total=3838269
[INFO] [1783989121.387120388] [laser_mapping]: publish_map: frame pts=2813, total=3841082
[INFO] [1783989122.387045375] [laser_mapping]: publish_map: frame pts=2813, total=3843895
[INFO] [1783989123.387046547] [laser_mapping]: publish_map: frame pts=2813, total=3846708
[INFO] [1783989124.387045759] [laser_mapping]: publish_map: frame pts=2813, total=3849521
[INFO] [1783989125.387114096] [laser_mapping]: publish_map: frame pts=2813, total=3852334
[INFO] [1783989126.387049721] [laser_mapping]: publish_map: frame pts=2813, total=3855147
[INFO] [1783989127.387029757] [laser_mapping]: publish_map: frame pts=2813, total=3857960
[INFO] [1783989128.387029778] [laser_mapping]: publish_map: frame pts=2813, total=3860773
[INFO] [1783989129.387044235] [laser_mapping]: publish_map: frame pts=2813, total=3863586
[INFO] [1783989130.387106678] [laser_mapping]: publish_map: frame pts=2813, total=3866399
[INFO] [1783989131.387044292] [laser_mapping]: publish_map: frame pts=2813, total=3869212
[INFO] [1783989132.387129774] [laser_mapping]: publish_map: frame pts=2813, total=3872025
[INFO] [1783989133.387049989] [laser_mapping]: publish_map: frame pts=2813, total=3874838
[INFO] [1783989134.387123100] [laser_mapping]: publish_map: frame pts=2813, total=3877651
[INFO] [1783989135.387128656] [laser_mapping]: publish_map: frame pts=2813, total=3880464
[INFO] [1783989136.387053203] [laser_mapping]: publish_map: frame pts=2813, total=3883277
[INFO] [1783989137.387028258] [laser_mapping]: publish_map: frame pts=2813, total=3886090
[INFO] [1783989138.387037550] [laser_mapping]: publish_map: frame pts=2813, total=3888903
[INFO] [1783989139.387119704] [laser_mapping]: publish_map: frame pts=2813, total=3891716
[INFO] [1783989140.387134084] [laser_mapping]: publish_map: frame pts=2813, total=3894529
[INFO] [1783989141.387155365] [laser_mapping]: publish_map: frame pts=2813, total=3897342
[INFO] [1783989142.387131284] [laser_mapping]: publish_map: frame pts=2813, total=3900155
[INFO] [1783989143.387033109] [laser_mapping]: publish_map: frame pts=2813, total=3902968
[INFO] [1783989144.387131641] [laser_mapping]: publish_map: frame pts=2813, total=3905781
[INFO] [1783989145.387043056] [laser_mapping]: publish_map: frame pts=2813, total=3908594
[INFO] [1783989146.387054598] [laser_mapping]: publish_map: frame pts=2813, total=3911407
[INFO] [1783989147.387055230] [laser_mapping]: publish_map: frame pts=2813, total=3914220
[INFO] [1783989148.387148908] [laser_mapping]: publish_map: frame pts=2813, total=3917033
[INFO] [1783989149.387153796] [laser_mapping]: publish_map: frame pts=2813, total=3919846
[INFO] [1783989150.387156451] [laser_mapping]: publish_map: frame pts=2813, total=3922659
[INFO] [1783989151.387054406] [laser_mapping]: publish_map: frame pts=2813, total=3925472
[INFO] [1783989152.387038373] [laser_mapping]: publish_map: frame pts=2813, total=3928285
[INFO] [1783989153.387044748] [laser_mapping]: publish_map: frame pts=2813, total=3931098
[INFO] [1783989154.387045526] [laser_mapping]: publish_map: frame pts=2813, total=3933911
[INFO] [1783989155.387137999] [laser_mapping]: publish_map: frame pts=2813, total=3936724
[INFO] [1783989156.387028034] [laser_mapping]: publish_map: frame pts=2813, total=3939537
[INFO] [1783989157.387128818] [laser_mapping]: publish_map: frame pts=2813, total=3942350
[INFO] [1783989158.387101604] [laser_mapping]: publish_map: frame pts=2813, total=3945163
[INFO] [1783989159.387142653] [laser_mapping]: publish_map: frame pts=2813, total=3947976
[INFO] [1783989160.387043048] [laser_mapping]: publish_map: frame pts=2813, total=3950789
[INFO] [1783989161.387042671] [laser_mapping]: publish_map: frame pts=2813, total=3953602
[INFO] [1783989162.387055723] [laser_mapping]: publish_map: frame pts=2813, total=3956415
[INFO] [1783989163.387138031] [laser_mapping]: publish_map: frame pts=2813, total=3959228
[INFO] [1783989164.387182937] [laser_mapping]: publish_map: frame pts=2813, total=3962041
[INFO] [1783989165.387121290] [laser_mapping]: publish_map: frame pts=2813, total=3964854
[INFO] [1783989166.387117151] [laser_mapping]: publish_map: frame pts=2813, total=3967667
[INFO] [1783989167.387150405] [laser_mapping]: publish_map: frame pts=2813, total=3970480
[INFO] [1783989168.387105013] [laser_mapping]: publish_map: frame pts=2813, total=3973293
[INFO] [1783989169.387029000] [laser_mapping]: publish_map: frame pts=2813, total=3976106
[INFO] [1783989170.387050183] [laser_mapping]: publish_map: frame pts=2813, total=3978919
[INFO] [1783989171.387135209] [laser_mapping]: publish_map: frame pts=2813, total=3981732
[INFO] [1783989172.387108962] [laser_mapping]: publish_map: frame pts=2813, total=3984545
[INFO] [1783989173.387056331] [laser_mapping]: publish_map: frame pts=2813, total=3987358
[INFO] [1783989174.387039320] [laser_mapping]: publish_map: frame pts=2813, total=3990171
[INFO] [1783989175.387038749] [laser_mapping]: publish_map: frame pts=2813, total=3992984
[INFO] [1783989176.387054233] [laser_mapping]: publish_map: frame pts=2813, total=3995797
[INFO] [1783989177.387049713] [laser_mapping]: publish_map: frame pts=2813, total=3998610
lidar loop back, clear buffer
[INFO] [1783989178.387041167] [laser_mapping]: publish_map: frame pts=2813, total=4001423
[INFO] [1783989179.387055217] [laser_mapping]: publish_map: frame pts=2813, total=4004236
[INFO] [1783989180.387034112] [laser_mapping]: publish_map: frame pts=2813, total=4007049
[INFO] [1783989181.387041520] [laser_mapping]: publish_map: frame pts=2813, total=4009862
[INFO] [1783989182.387047087] [laser_mapping]: publish_map: frame pts=2813, total=4012675
[INFO] [1783989183.387036495] [laser_mapping]: publish_map: frame pts=2813, total=4015488
[INFO] [1783989184.387027713] [laser_mapping]: publish_map: frame pts=2813, total=4018301
[INFO] [1783989185.387032556] [laser_mapping]: publish_map: frame pts=2813, total=4021114
[INFO] [1783989186.387029321] [laser_mapping]: publish_map: frame pts=2813, total=4023927
[INFO] [1783989187.387031518] [laser_mapping]: publish_map: frame pts=2813, total=4026740
[INFO] [1783989188.387054074] [laser_mapping]: publish_map: frame pts=2813, total=4029553
[INFO] [1783989189.387023271] [laser_mapping]: publish_map: frame pts=2813, total=4032366
[INFO] [1783989190.387033852] [laser_mapping]: publish_map: frame pts=2813, total=4035179
[INFO] [1783989191.387052232] [laser_mapping]: publish_map: frame pts=2813, total=4037992
[INFO] [1783989192.387049195] [laser_mapping]: publish_map: frame pts=2813, total=4040805
[INFO] [1783989193.387034870] [laser_mapping]: publish_map: frame pts=2813, total=4043618
[INFO] [1783989194.387034095] [laser_mapping]: publish_map: frame pts=2813, total=4046431
[INFO] [1783989195.387032085] [laser_mapping]: publish_map: frame pts=2813, total=4049244
[INFO] [1783989196.387051390] [laser_mapping]: publish_map: frame pts=2813, total=4052057
[INFO] [1783989197.387023934] [laser_mapping]: publish_map: frame pts=2813, total=4054870
[INFO] [1783989198.387041475] [laser_mapping]: publish_map: frame pts=2813, total=4057683
[INFO] [1783989199.387041305] [laser_mapping]: publish_map: frame pts=2813, total=4060496
lidar loop back, clear buffer
[INFO] [1783989200.387046019] [laser_mapping]: publish_map: frame pts=2813, total=4063309
[INFO] [1783989201.387029683] [laser_mapping]: publish_map: frame pts=2813, total=4066122
[INFO] [1783989202.387178403] [laser_mapping]: publish_map: frame pts=2813, total=4068935
[INFO] [1783989203.387028032] [laser_mapping]: publish_map: frame pts=2813, total=4071748
[INFO] [1783989204.387034455] [laser_mapping]: publish_map: frame pts=2813, total=4074561
[INFO] [1783989205.387028879] [laser_mapping]: publish_map: frame pts=2813, total=4077374
[INFO] [1783989206.387025552] [laser_mapping]: publish_map: frame pts=2813, total=4080187
[INFO] [1783989207.387036330] [laser_mapping]: publish_map: frame pts=2813, total=4083000
[INFO] [1783989208.387040857] [laser_mapping]: publish_map: frame pts=2813, total=4085813
[INFO] [1783989209.387028087] [laser_mapping]: publish_map: frame pts=2813, total=4088626
[INFO] [1783989210.387032152] [laser_mapping]: publish_map: frame pts=2813, total=4091439
[INFO] [1783989211.387040946] [laser_mapping]: publish_map: frame pts=2813, total=4094252
[INFO] [1783989212.387031955] [laser_mapping]: publish_map: frame pts=2813, total=4097065
[INFO] [1783989213.387029141] [laser_mapping]: publish_map: frame pts=2813, total=4099878
[INFO] [1783989214.387033532] [laser_mapping]: publish_map: frame pts=2813, total=4102691
[INFO] [1783989215.387034141] [laser_mapping]: publish_map: frame pts=2813, total=4105504
[INFO] [1783989216.387032391] [laser_mapping]: publish_map: frame pts=2813, total=4108317
[INFO] [1783989217.387052750] [laser_mapping]: publish_map: frame pts=2813, total=4111130
[INFO] [1783989218.387029520] [laser_mapping]: publish_map: frame pts=2813, total=4113943
[INFO] [1783989219.387034300] [laser_mapping]: publish_map: frame pts=2813, total=4116756
[INFO] [1783989220.387037972] [laser_mapping]: publish_map: frame pts=2813, total=4119569
[INFO] [1783989221.387054790] [laser_mapping]: publish_map: frame pts=2813, total=4122382
[INFO] [1783989222.387031084] [laser_mapping]: publish_map: frame pts=2813, total=4125195
[INFO] [1783989223.386997128] [laser_mapping]: publish_map: frame pts=2813, total=4128008
[INFO] [1783989224.387029571] [laser_mapping]: publish_map: frame pts=2813, total=4130821
[INFO] [1783989225.387041338] [laser_mapping]: publish_map: frame pts=2813, total=4133634
[INFO] [1783989226.387030859] [laser_mapping]: publish_map: frame pts=2813, total=4136447
[INFO] [1783989227.387027810] [laser_mapping]: publish_map: frame pts=2813, total=4139260
[INFO] [1783989228.387032542] [laser_mapping]: publish_map: frame pts=2813, total=4142073
[INFO] [1783989229.387045643] [laser_mapping]: publish_map: frame pts=2813, total=4144886
[INFO] [1783989230.387041362] [laser_mapping]: publish_map: frame pts=2813, total=4147699
[INFO] [1783989231.387028305] [laser_mapping]: publish_map: frame pts=2813, total=4150512
[INFO] [1783989232.387029763] [laser_mapping]: publish_map: frame pts=2813, total=4153325
[INFO] [1783989233.386987252] [laser_mapping]: publish_map: frame pts=2813, total=4156138
[INFO] [1783989234.387031875] [laser_mapping]: publish_map: frame pts=2813, total=4158951
[INFO] [1783989235.387036434] [laser_mapping]: publish_map: frame pts=2813, total=4161764
[INFO] [1783989236.387039156] [laser_mapping]: publish_map: frame pts=2813, total=4164577
[INFO] [1783989237.387035471] [laser_mapping]: publish_map: frame pts=2813, total=4167390
[INFO] [1783989238.387052525] [laser_mapping]: publish_map: frame pts=2813, total=4170203
[INFO] [1783989239.387039106] [laser_mapping]: publish_map: frame pts=2813, total=4173016
[INFO] [1783989240.387042761] [laser_mapping]: publish_map: frame pts=2813, total=4175829
[INFO] [1783989241.387031679] [laser_mapping]: publish_map: frame pts=2813, total=4178642
[INFO] [1783989242.387033582] [laser_mapping]: publish_map: frame pts=2813, total=4181455
[INFO] [1783989243.387027861] [laser_mapping]: publish_map: frame pts=2813, total=4184268
[INFO] [1783989244.387034224] [laser_mapping]: publish_map: frame pts=2813, total=4187081
[INFO] [1783989245.387041050] [laser_mapping]: publish_map: frame pts=2813, total=4189894
[INFO] [1783989246.387044258] [laser_mapping]: publish_map: frame pts=2813, total=4192707
[INFO] [1783989247.387036049] [laser_mapping]: publish_map: frame pts=2813, total=4195520
[INFO] [1783989248.387041127] [laser_mapping]: publish_map: frame pts=2813, total=4198333
[INFO] [1783989249.387031168] [laser_mapping]: publish_map: frame pts=2813, total=4201146
[INFO] [1783989250.387043409] [laser_mapping]: publish_map: frame pts=2813, total=4203959
[INFO] [1783989251.387036534] [laser_mapping]: publish_map: frame pts=2813, total=4206772
[INFO] [1783989252.387044281] [laser_mapping]: publish_map: frame pts=2813, total=4209585
[INFO] [1783989253.387036965] [laser_mapping]: publish_map: frame pts=2813, total=4212398
[INFO] [1783989254.387030943] [laser_mapping]: publish_map: frame pts=2813, total=4215211
[INFO] [1783989255.387047212] [laser_mapping]: publish_map: frame pts=2813, total=4218024
[INFO] [1783989256.387031771] [laser_mapping]: publish_map: frame pts=2813, total=4220837
[INFO] [1783989257.387034013] [laser_mapping]: publish_map: frame pts=2813, total=4223650
[INFO] [1783989258.387036522] [laser_mapping]: publish_map: frame pts=2813, total=4226463
[INFO] [1783989259.387037663] [laser_mapping]: publish_map: frame pts=2813, total=4229276
[INFO] [1783989260.387043804] [laser_mapping]: publish_map: frame pts=2813, total=4232089
[INFO] [1783989261.387032202] [laser_mapping]: publish_map: frame pts=2813, total=4234902
[INFO] [1783989262.387049504] [laser_mapping]: publish_map: frame pts=2813, total=4237715
[INFO] [1783989263.387058513] [laser_mapping]: publish_map: frame pts=2813, total=4240528
[INFO] [1783989264.387030341] [laser_mapping]: publish_map: frame pts=2813, total=4243341
[INFO] [1783989265.387052120] [laser_mapping]: publish_map: frame pts=2813, total=4246154
[INFO] [1783989266.387040049] [laser_mapping]: publish_map: frame pts=2813, total=4248967
[INFO] [1783989267.387031402] [laser_mapping]: publish_map: frame pts=2813, total=4251780
[INFO] [1783989268.387246397] [laser_mapping]: publish_map: frame pts=2813, total=4254593
[INFO] [1783989269.387062199] [laser_mapping]: publish_map: frame pts=2813, total=4257406
[INFO] [1783989270.387045229] [laser_mapping]: publish_map: frame pts=2813, total=4260219
[INFO] [1783989271.387045484] [laser_mapping]: publish_map: frame pts=2813, total=4263032
[INFO] [1783989272.387061427] [laser_mapping]: publish_map: frame pts=2813, total=4265845
[INFO] [1783989273.387040376] [laser_mapping]: publish_map: frame pts=2813, total=4268658
[INFO] [1783989274.387035444] [laser_mapping]: publish_map: frame pts=2813, total=4271471
[INFO] [1783989275.387032782] [laser_mapping]: publish_map: frame pts=2813, total=4274284
[INFO] [1783989276.387021784] [laser_mapping]: publish_map: frame pts=2813, total=4277097
[INFO] [1783989277.387041885] [laser_mapping]: publish_map: frame pts=2813, total=4279910
[INFO] [1783989278.387048362] [laser_mapping]: publish_map: frame pts=2813, total=4282723
[INFO] [1783989279.387042153] [laser_mapping]: publish_map: frame pts=2813, total=4285536
[INFO] [1783989280.387029569] [laser_mapping]: publish_map: frame pts=2813, total=4288349
[INFO] [1783989281.387038785] [laser_mapping]: publish_map: frame pts=2813, total=4291162
[INFO] [1783989282.387041299] [laser_mapping]: publish_map: frame pts=2813, total=4293975
[INFO] [1783989283.387267214] [laser_mapping]: publish_map: frame pts=2813, total=4296788
[INFO] [1783989284.387046850] [laser_mapping]: publish_map: frame pts=2813, total=4299601
[INFO] [1783989285.387315811] [laser_mapping]: publish_map: frame pts=2813, total=4302414
[INFO] [1783989286.387043915] [laser_mapping]: publish_map: frame pts=2813, total=4305227
[INFO] [1783989287.387045912] [laser_mapping]: publish_map: frame pts=2813, total=4308040
[INFO] [1783989288.387079899] [laser_mapping]: publish_map: frame pts=2813, total=4310853
[INFO] [1783989289.387052318] [laser_mapping]: publish_map: frame pts=2813, total=4313666
[INFO] [1783989290.387051727] [laser_mapping]: publish_map: frame pts=2813, total=4316479
[INFO] [1783989291.387040335] [laser_mapping]: publish_map: frame pts=2813, total=4319292
[INFO] [1783989292.387047812] [laser_mapping]: publish_map: frame pts=2813, total=4322105
[INFO] [1783989293.387043885] [laser_mapping]: publish_map: frame pts=2813, total=4324918
[INFO] [1783989294.387028881] [laser_mapping]: publish_map: frame pts=2813, total=4327731
[INFO] [1783989295.387047207] [laser_mapping]: publish_map: frame pts=2813, total=4330544
[INFO] [1783989296.387041668] [laser_mapping]: publish_map: frame pts=2813, total=4333357
[INFO] [1783989297.387041491] [laser_mapping]: publish_map: frame pts=2813, total=4336170
[INFO] [1783989298.387156481] [laser_mapping]: publish_map: frame pts=2813, total=4338983
[INFO] [1783989299.387037431] [laser_mapping]: publish_map: frame pts=2813, total=4341796
[INFO] [1783989300.387040347] [laser_mapping]: publish_map: frame pts=2813, total=4344609
[INFO] [1783989301.387049779] [laser_mapping]: publish_map: frame pts=2813, total=4347422
[INFO] [1783989302.387030341] [laser_mapping]: publish_map: frame pts=2813, total=4350235
[INFO] [1783989303.387053413] [laser_mapping]: publish_map: frame pts=2813, total=4353048
[INFO] [1783989304.387029184] [laser_mapping]: publish_map: frame pts=2813, total=4355861
[INFO] [1783989305.387032056] [laser_mapping]: publish_map: frame pts=2813, total=4358674
[INFO] [1783989306.387032085] [laser_mapping]: publish_map: frame pts=2813, total=4361487
[INFO] [1783989307.387041839] [laser_mapping]: publish_map: frame pts=2813, total=4364300
[INFO] [1783989308.387160202] [laser_mapping]: publish_map: frame pts=2813, total=4367113
[INFO] [1783989309.387037155] [laser_mapping]: publish_map: frame pts=2813, total=4369926
[INFO] [1783989310.387040557] [laser_mapping]: publish_map: frame pts=2813, total=4372739
[INFO] [1783989311.387128380] [laser_mapping]: publish_map: frame pts=2813, total=4375552
[INFO] [1783989312.387120004] [laser_mapping]: publish_map: frame pts=2813, total=4378365
[INFO] [1783989313.387032927] [laser_mapping]: publish_map: frame pts=2813, total=4381178
[INFO] [1783989314.387055730] [laser_mapping]: publish_map: frame pts=2813, total=4383991
[INFO] [1783989315.387049930] [laser_mapping]: publish_map: frame pts=2813, total=4386804
[INFO] [1783989316.387037347] [laser_mapping]: publish_map: frame pts=2813, total=4389617
[INFO] [1783989317.387049899] [laser_mapping]: publish_map: frame pts=2813, total=4392430
[INFO] [1783989318.387041389] [laser_mapping]: publish_map: frame pts=2813, total=4395243
[INFO] [1783989319.387069234] [laser_mapping]: publish_map: frame pts=2813, total=4398056
[INFO] [1783989320.387046501] [laser_mapping]: publish_map: frame pts=2813, total=4400869
[INFO] [1783989321.387046061] [laser_mapping]: publish_map: frame pts=2813, total=4403682
[INFO] [1783989322.387051404] [laser_mapping]: publish_map: frame pts=2813, total=4406495
[INFO] [1783989323.387040096] [laser_mapping]: publish_map: frame pts=2813, total=4409308
[INFO] [1783989324.387036066] [laser_mapping]: publish_map: frame pts=2813, total=4412121
[INFO] [1783989325.387029172] [laser_mapping]: publish_map: frame pts=2813, total=4414934
[INFO] [1783989326.387043803] [laser_mapping]: publish_map: frame pts=2813, total=4417747
[INFO] [1783989327.387037255] [laser_mapping]: publish_map: frame pts=2813, total=4420560
[INFO] [1783989328.387038788] [laser_mapping]: publish_map: frame pts=2813, total=4423373
[INFO] [1783989329.387074354] [laser_mapping]: publish_map: frame pts=2813, total=4426186
[INFO] [1783989330.387230704] [laser_mapping]: publish_map: frame pts=2813, total=4428999
[INFO] [1783989331.387036324] [laser_mapping]: publish_map: frame pts=2813, total=4431812
[INFO] [1783989332.387024866] [laser_mapping]: publish_map: frame pts=2813, total=4434625
[INFO] [1783989333.387051557] [laser_mapping]: publish_map: frame pts=2813, total=4437438
[INFO] [1783989334.387050421] [laser_mapping]: publish_map: frame pts=2813, total=4440251
[INFO] [1783989335.387156556] [laser_mapping]: publish_map: frame pts=2813, total=4443064
[INFO] [1783989336.387039018] [laser_mapping]: publish_map: frame pts=2813, total=4445877
[INFO] [1783989337.387067576] [laser_mapping]: publish_map: frame pts=2813, total=4448690
[INFO] [1783989338.387139511] [laser_mapping]: publish_map: frame pts=2813, total=4451503
[INFO] [1783989339.387049057] [laser_mapping]: publish_map: frame pts=2813, total=4454316
[INFO] [1783989340.387045197] [laser_mapping]: publish_map: frame pts=2813, total=4457129
[INFO] [1783989341.387049586] [laser_mapping]: publish_map: frame pts=2813, total=4459942
[INFO] [1783989342.387200294] [laser_mapping]: publish_map: frame pts=2813, total=4462755
[INFO] [1783989343.387050011] [laser_mapping]: publish_map: frame pts=2813, total=4465568
[INFO] [1783989344.387146661] [laser_mapping]: publish_map: frame pts=2813, total=4468381
[INFO] [1783989345.387099429] [laser_mapping]: publish_map: frame pts=2813, total=4471194
[INFO] [1783989346.387032328] [laser_mapping]: publish_map: frame pts=2813, total=4474007
[INFO] [1783989347.387120580] [laser_mapping]: publish_map: frame pts=2813, total=4476820
[INFO] [1783989348.387118249] [laser_mapping]: publish_map: frame pts=2813, total=4479633
[INFO] [1783989349.387049841] [laser_mapping]: publish_map: frame pts=2813, total=4482446
[INFO] [1783989350.387049655] [laser_mapping]: publish_map: frame pts=2813, total=4485259
[INFO] [1783989351.387051016] [laser_mapping]: publish_map: frame pts=2813, total=4488072
[INFO] [1783989352.387038245] [laser_mapping]: publish_map: frame pts=2813, total=4490885
[INFO] [1783989353.387053944] [laser_mapping]: publish_map: frame pts=2813, total=4493698
[INFO] [1783989354.387180592] [laser_mapping]: publish_map: frame pts=2813, total=4496511
[INFO] [1783989355.387172450] [laser_mapping]: publish_map: frame pts=2813, total=4499324
[INFO] [1783989356.387152846] [laser_mapping]: publish_map: frame pts=2813, total=4502137
[INFO] [1783989357.387111637] [laser_mapping]: publish_map: frame pts=2813, total=4504950
[INFO] [1783989358.387147173] [laser_mapping]: publish_map: frame pts=2813, total=4507763
[INFO] [1783989359.387099170] [laser_mapping]: publish_map: frame pts=2813, total=4510576
[INFO] [1783989360.387098125] [laser_mapping]: publish_map: frame pts=2813, total=4513389
[INFO] [1783989361.387130971] [laser_mapping]: publish_map: frame pts=2813, total=4516202
[INFO] [1783989362.387060311] [laser_mapping]: publish_map: frame pts=2813, total=4519015
[INFO] [1783989363.387049572] [laser_mapping]: publish_map: frame pts=2813, total=4521828
[INFO] [1783989364.387046602] [laser_mapping]: publish_map: frame pts=2813, total=4524641
[INFO] [1783989365.387055826] [laser_mapping]: publish_map: frame pts=2813, total=4527454
[INFO] [1783989366.387049821] [laser_mapping]: publish_map: frame pts=2813, total=4530267
[INFO] [1783989367.387044575] [laser_mapping]: publish_map: frame pts=2813, total=4533080
[INFO] [1783989368.387175273] [laser_mapping]: publish_map: frame pts=2813, total=4535893
[INFO] [1783989369.387048376] [laser_mapping]: publish_map: frame pts=2813, total=4538706
[INFO] [1783989370.387046499] [laser_mapping]: publish_map: frame pts=2813, total=4541519
[INFO] [1783989371.387043563] [laser_mapping]: publish_map: frame pts=2813, total=4544332
[INFO] [1783989372.387071145] [laser_mapping]: publish_map: frame pts=2813, total=4547145
[INFO] [1783989373.387043501] [laser_mapping]: publish_map: frame pts=2813, total=4549958
[INFO] [1783989374.387117519] [laser_mapping]: publish_map: frame pts=2813, total=4552771
[INFO] [1783989375.387157753] [laser_mapping]: publish_map: frame pts=2813, total=4555584
[INFO] [1783989376.387151623] [laser_mapping]: publish_map: frame pts=2813, total=4558397
[INFO] [1783989377.387054059] [laser_mapping]: publish_map: frame pts=2813, total=4561210
lidar loop back, clear buffer
[INFO] [1783989378.387048466] [laser_mapping]: publish_map: frame pts=2813, total=4564023
[INFO] [1783989379.387035373] [laser_mapping]: publish_map: frame pts=2813, total=4566836
[INFO] [1783989380.387042086] [laser_mapping]: publish_map: frame pts=2813, total=4569649
[INFO] [1783989381.387051945] [laser_mapping]: publish_map: frame pts=2813, total=4572462
[INFO] [1783989382.387034463] [laser_mapping]: publish_map: frame pts=2813, total=4575275
[INFO] [1783989383.387047975] [laser_mapping]: publish_map: frame pts=2813, total=4578088
[INFO] [1783989384.387032095] [laser_mapping]: publish_map: frame pts=2813, total=4580901
[INFO] [1783989385.387029636] [laser_mapping]: publish_map: frame pts=2813, total=4583714
[INFO] [1783989386.387039183] [laser_mapping]: publish_map: frame pts=2813, total=4586527
[INFO] [1783989387.387200683] [laser_mapping]: publish_map: frame pts=2813, total=4589340
[INFO] [1783989388.387033463] [laser_mapping]: publish_map: frame pts=2813, total=4592153
[INFO] [1783989389.387035658] [laser_mapping]: publish_map: frame pts=2813, total=4594966
[INFO] [1783989390.387034639] [laser_mapping]: publish_map: frame pts=2813, total=4597779
[INFO] [1783989391.387032461] [laser_mapping]: publish_map: frame pts=2813, total=4600592
[INFO] [1783989392.387031542] [laser_mapping]: publish_map: frame pts=2813, total=4603405
[INFO] [1783989393.387038909] [laser_mapping]: publish_map: frame pts=2813, total=4606218
[INFO] [1783989394.387049223] [laser_mapping]: publish_map: frame pts=2813, total=4609031
[INFO] [1783989395.387034135] [laser_mapping]: publish_map: frame pts=2813, total=4611844
[INFO] [1783989396.387025056] [laser_mapping]: publish_map: frame pts=2813, total=4614657
[INFO] [1783989397.387034955] [laser_mapping]: publish_map: frame pts=2813, total=4617470
[INFO] [1783989398.387030872] [laser_mapping]: publish_map: frame pts=2813, total=4620283
[INFO] [1783989399.387022292] [laser_mapping]: publish_map: frame pts=2813, total=4623096
lidar loop back, clear buffer
[INFO] [1783989400.387032960] [laser_mapping]: publish_map: frame pts=2813, total=4625909
[INFO] [1783989401.387205564] [laser_mapping]: publish_map: frame pts=2813, total=4628722
[INFO] [1783989402.387036817] [laser_mapping]: publish_map: frame pts=2813, total=4631535
[INFO] [1783989403.387032718] [laser_mapping]: publish_map: frame pts=2813, total=4634348
[INFO] [1783989404.387032252] [laser_mapping]: publish_map: frame pts=2813, total=4637161
[INFO] [1783989405.387028898] [laser_mapping]: publish_map: frame pts=2813, total=4639974
[INFO] [1783989406.387039456] [laser_mapping]: publish_map: frame pts=2813, total=4642787
[INFO] [1783989407.386979901] [laser_mapping]: publish_map: frame pts=2813, total=4645600
[INFO] [1783989408.387036963] [laser_mapping]: publish_map: frame pts=2813, total=4648413
[INFO] [1783989409.387027742] [laser_mapping]: publish_map: frame pts=2813, total=4651226
[INFO] [1783989410.387025355] [laser_mapping]: publish_map: frame pts=2813, total=4654039
[INFO] [1783989411.387031203] [laser_mapping]: publish_map: frame pts=2813, total=4656852
[INFO] [1783989412.387048239] [laser_mapping]: publish_map: frame pts=2813, total=4659665
[INFO] [1783989413.387028818] [laser_mapping]: publish_map: frame pts=2813, total=4662478
[INFO] [1783989414.387023853] [laser_mapping]: publish_map: frame pts=2813, total=4665291
[INFO] [1783989415.387030065] [laser_mapping]: publish_map: frame pts=2813, total=4668104
[INFO] [1783989416.387029986] [laser_mapping]: publish_map: frame pts=2813, total=4670917
[INFO] [1783989417.387026335] [laser_mapping]: publish_map: frame pts=2813, total=4673730
[INFO] [1783989418.387048653] [laser_mapping]: publish_map: frame pts=2813, total=4676543
[INFO] [1783989419.387025603] [laser_mapping]: publish_map: frame pts=2813, total=4679356
[INFO] [1783989420.387042762] [laser_mapping]: publish_map: frame pts=2813, total=4682169
[INFO] [1783989421.387040851] [laser_mapping]: publish_map: frame pts=2813, total=4684982
[INFO] [1783989422.387032680] [laser_mapping]: publish_map: frame pts=2813, total=4687795
[INFO] [1783989423.387046140] [laser_mapping]: publish_map: frame pts=2813, total=4690608
[INFO] [1783989424.249846865] [laser_mapping]: Saving map to /home/hyper/program/2026_Gsing-second_ROS/map/PCD25.pcd...
[INFO] [1783989450.075180794] [laser_mapping]: publish_map: frame pts=2813, total=4693421
[INFO] [1783989450.495336226] [laser_mapping]: publish_map: frame pts=2813, total=4696234
[INFO] [1783989451.387385915] [laser_mapping]: publish_map: frame pts=2813, total=4699047
[INFO] [1783989452.387030821] [laser_mapping]: publish_map: frame pts=2813, total=4701860
[INFO] [1783989453.387164783] [laser_mapping]: publish_map: frame pts=2813, total=4704673
[INFO] [1783989454.387035847] [laser_mapping]: publish_map: frame pts=2813, total=4707486
[INFO] [1783989455.387033598] [laser_mapping]: publish_map: frame pts=2813, total=4710299
[INFO] [1783989456.387041664] [laser_mapping]: publish_map: frame pts=2813, total=4713112
[INFO] [1783989457.387048226] [laser_mapping]: publish_map: frame pts=2813, total=4715925
[INFO] [1783989458.387056128] [laser_mapping]: publish_map: frame pts=2813, total=4718738
[INFO] [1783989459.387005298] [laser_mapping]: publish_map: frame pts=2813, total=4721551
[INFO] [1783989460.387292971] [laser_mapping]: publish_map: frame pts=2813, total=4724364
[INFO] [1783989461.387054209] [laser_mapping]: publish_map: frame pts=2813, total=4727177
[INFO] [1783989462.387033047] [laser_mapping]: publish_map: frame pts=2813, total=4729990
[INFO] [1783989463.387053401] [laser_mapping]: publish_map: frame pts=2813, total=4732803
[INFO] [1783989464.387036464] [laser_mapping]: publish_map: frame pts=2813, total=4735616
[INFO] [1783989465.387278629] [laser_mapping]: publish_map: frame pts=2813, total=4738429
[INFO] [1783989466.387043854] [laser_mapping]: publish_map: frame pts=2813, total=4741242
[INFO] [1783989467.387019537] [laser_mapping]: publish_map: frame pts=2813, total=4744055
[INFO] [1783989468.387038951] [laser_mapping]: publish_map: frame pts=2813, total=4746868
[INFO] [1783989469.387032014] [laser_mapping]: publish_map: frame pts=2813, total=4749681
[INFO] [1783989470.387028836] [laser_mapping]: publish_map: frame pts=2813, total=4752494
[INFO] [1783989471.387047406] [laser_mapping]: publish_map: frame pts=2813, total=4755307
[INFO] [1783989472.387048760] [laser_mapping]: publish_map: frame pts=2813, total=4758120
[INFO] [1783989473.386987282] [laser_mapping]: publish_map: frame pts=2813, total=4760933
[INFO] [1783989474.387043515] [laser_mapping]: publish_map: frame pts=2813, total=4763746
[INFO] [1783989475.387012138] [laser_mapping]: publish_map: frame pts=2813, total=4766559
[INFO] [1783989476.387044452] [laser_mapping]: publish_map: frame pts=2813, total=4769372
[INFO] [1783989477.387044471] [laser_mapping]: publish_map: frame pts=2813, total=4772185
[INFO] [1783989478.386997241] [laser_mapping]: publish_map: frame pts=2813, total=4774998
[INFO] [1783989479.386999502] [laser_mapping]: publish_map: frame pts=2813, total=4777811
[INFO] [1783989480.387036082] [laser_mapping]: publish_map: frame pts=2813, total=4780624
[INFO] [1783989481.387209065] [laser_mapping]: publish_map: frame pts=2813, total=4783437
[INFO] [1783989482.387047430] [laser_mapping]: publish_map: frame pts=2813, total=4786250
[INFO] [1783989483.387037941] [laser_mapping]: publish_map: frame pts=2813, total=4789063
[INFO] [1783989484.387009507] [laser_mapping]: publish_map: frame pts=2813, total=4791876
[INFO] [1783989485.387039961] [laser_mapping]: publish_map: frame pts=2813, total=4794689
[INFO] [1783989486.387031013] [laser_mapping]: publish_map: frame pts=2813, total=4797502
[INFO] [1783989487.387041233] [laser_mapping]: publish_map: frame pts=2813, total=4800315
[INFO] [1783989488.387040101] [laser_mapping]: publish_map: frame pts=2813, total=4803128
[INFO] [1783989489.387047235] [laser_mapping]: publish_map: frame pts=2813, total=4805941
[INFO] [1783989490.387039375] [laser_mapping]: publish_map: frame pts=2813, total=4808754
[INFO] [1783989491.387032559] [laser_mapping]: publish_map: frame pts=2813, total=4811567
[INFO] [1783989492.387041842] [laser_mapping]: publish_map: frame pts=2813, total=4814380
[INFO] [1783989493.387041719] [laser_mapping]: publish_map: frame pts=2813, total=4817193
[INFO] [1783989494.387038166] [laser_mapping]: publish_map: frame pts=2813, total=4820006
[INFO] [1783989495.387031489] [laser_mapping]: publish_map: frame pts=2813, total=4822819
[INFO] [1783989496.387042327] [laser_mapping]: publish_map: frame pts=2813, total=4825632
[INFO] [1783989497.387046435] [laser_mapping]: publish_map: frame pts=2813, total=4828445
[INFO] [1783989498.387044429] [laser_mapping]: publish_map: frame pts=2813, total=4831258
[INFO] [1783989499.387043314] [laser_mapping]: publish_map: frame pts=2813, total=4834071
[INFO] [1783989500.387039098] [laser_mapping]: publish_map: frame pts=2813, total=4836884
[INFO] [1783989501.387042082] [laser_mapping]: publish_map: frame pts=2813, total=4839697
[INFO] [1783989502.387038964] [laser_mapping]: publish_map: frame pts=2813, total=4842510
[INFO] [1783989503.387048657] [laser_mapping]: publish_map: frame pts=2813, total=4845323
[INFO] [1783989504.387040901] [laser_mapping]: publish_map: frame pts=2813, total=4848136
[INFO] [1783989505.387050982] [laser_mapping]: publish_map: frame pts=2813, total=4850949
[INFO] [1783989506.387049501] [laser_mapping]: publish_map: frame pts=2813, total=4853762
[INFO] [1783989507.387040477] [laser_mapping]: publish_map: frame pts=2813, total=4856575
[INFO] [1783989508.387040008] [laser_mapping]: publish_map: frame pts=2813, total=4859388
[INFO] [1783989509.387031484] [laser_mapping]: publish_map: frame pts=2813, total=4862201
[INFO] [1783989510.387038024] [laser_mapping]: publish_map: frame pts=2813, total=4865014
[INFO] [1783989511.387040669] [laser_mapping]: publish_map: frame pts=2813, total=4867827
[INFO] [1783989512.387041078] [laser_mapping]: publish_map: frame pts=2813, total=4870640
[INFO] [1783989513.387048481] [laser_mapping]: publish_map: frame pts=2813, total=4873453
[INFO] [1783989514.387045424] [laser_mapping]: publish_map: frame pts=2813, total=4876266
[INFO] [1783989515.387155049] [laser_mapping]: publish_map: frame pts=2813, total=4879079
[INFO] [1783989516.387040251] [laser_mapping]: publish_map: frame pts=2813, total=4881892
[INFO] [1783989517.387035999] [laser_mapping]: publish_map: frame pts=2813, total=4884705
[INFO] [1783989518.387050748] [laser_mapping]: publish_map: frame pts=2813, total=4887518
[INFO] [1783989519.387046162] [laser_mapping]: publish_map: frame pts=2813, total=4890331
[INFO] [1783989520.387050863] [laser_mapping]: publish_map: frame pts=2813, total=4893144
[INFO] [1783989521.387046616] [laser_mapping]: publish_map: frame pts=2813, total=4895957
[INFO] [1783989522.387037477] [laser_mapping]: publish_map: frame pts=2813, total=4898770
[INFO] [1783989523.387044704] [laser_mapping]: publish_map: frame pts=2813, total=4901583
[INFO] [1783989524.387046110] [laser_mapping]: publish_map: frame pts=2813, total=4904396
[INFO] [1783989525.387038854] [laser_mapping]: publish_map: frame pts=2813, total=4907209
[INFO] [1783989526.387045653] [laser_mapping]: publish_map: frame pts=2813, total=4910022
[INFO] [1783989527.387040983] [laser_mapping]: publish_map: frame pts=2813, total=4912835
[INFO] [1783989528.387045670] [laser_mapping]: publish_map: frame pts=2813, total=4915648
[INFO] [1783989529.387042896] [laser_mapping]: publish_map: frame pts=2813, total=4918461
[INFO] [1783989530.387002187] [laser_mapping]: publish_map: frame pts=2813, total=4921274
[INFO] [1783989531.387035400] [laser_mapping]: publish_map: frame pts=2813, total=4924087
[INFO] [1783989532.387048827] [laser_mapping]: publish_map: frame pts=2813, total=4926900
[INFO] [1783989533.387039545] [laser_mapping]: publish_map: frame pts=2813, total=4929713
[INFO] [1783989534.387238807] [laser_mapping]: publish_map: frame pts=2813, total=4932526
[INFO] [1783989535.387038600] [laser_mapping]: publish_map: frame pts=2813, total=4935339
[INFO] [1783989536.387034758] [laser_mapping]: publish_map: frame pts=2813, total=4938152
[INFO] [1783989537.387028111] [laser_mapping]: publish_map: frame pts=2813, total=4940965
[INFO] [1783989538.387050504] [laser_mapping]: publish_map: frame pts=2813, total=4943778
[INFO] [1783989539.387033152] [laser_mapping]: publish_map: frame pts=2813, total=4946591
[INFO] [1783989540.387075453] [laser_mapping]: publish_map: frame pts=2813, total=4949404
[INFO] [1783989541.387045496] [laser_mapping]: publish_map: frame pts=2813, total=4952217
[INFO] [1783989542.387045835] [laser_mapping]: publish_map: frame pts=2813, total=4955030
[INFO] [1783989543.387156686] [laser_mapping]: publish_map: frame pts=2813, total=4957843
[INFO] [1783989544.387062807] [laser_mapping]: publish_map: frame pts=2813, total=4960656
[INFO] [1783989545.387041138] [laser_mapping]: publish_map: frame pts=2813, total=4963469
[INFO] [1783989546.387032640] [laser_mapping]: publish_map: frame pts=2813, total=4966282
[INFO] [1783989547.387056339] [laser_mapping]: publish_map: frame pts=2813, total=4969095
[INFO] [1783989548.387039628] [laser_mapping]: publish_map: frame pts=2813, total=4971908
[INFO] [1783989549.387040317] [laser_mapping]: publish_map: frame pts=2813, total=4974721
[INFO] [1783989550.387048416] [laser_mapping]: publish_map: frame pts=2813, total=4977534
[INFO] [1783989551.387041797] [laser_mapping]: publish_map: frame pts=2813, total=4980347
[INFO] [1783989552.387132771] [laser_mapping]: publish_map: frame pts=2813, total=4983160
[INFO] [1783989553.387127823] [laser_mapping]: publish_map: frame pts=2813, total=4985973
[INFO] [1783989554.387044673] [laser_mapping]: publish_map: frame pts=2813, total=4988786
[INFO] [1783989555.387047813] [laser_mapping]: publish_map: frame pts=2813, total=4991599
[INFO] [1783989556.387047253] [laser_mapping]: publish_map: frame pts=2813, total=4994412
[INFO] [1783989557.387239852] [laser_mapping]: publish_map: frame pts=2813, total=4997225
[INFO] [1783989558.387179432] [laser_mapping]: publish_map: frame pts=2813, total=5000038
[INFO] [1783989559.387115664] [laser_mapping]: publish_map: frame pts=2813, total=5002851
[INFO] [1783989560.387033323] [laser_mapping]: publish_map: frame pts=2813, total=5005664
[INFO] [1783989561.387035203] [laser_mapping]: publish_map: frame pts=2813, total=5008477
[INFO] [1783989562.386994022] [laser_mapping]: publish_map: frame pts=2813, total=5011290
[INFO] [1783989563.386999413] [laser_mapping]: publish_map: frame pts=2813, total=5014103
[INFO] [1783989564.387040763] [laser_mapping]: publish_map: frame pts=2813, total=5016916
[INFO] [1783989565.387042553] [laser_mapping]: publish_map: frame pts=2813, total=5019729
[INFO] [1783989566.387052226] [laser_mapping]: publish_map: frame pts=2813, total=5022542
[INFO] [1783989567.387045649] [laser_mapping]: publish_map: frame pts=2813, total=5025355
[INFO] [1783989568.387036990] [laser_mapping]: publish_map: frame pts=2813, total=5028168
[INFO] [1783989569.387048881] [laser_mapping]: publish_map: frame pts=2813, total=5030981
[INFO] [1783989570.387043876] [laser_mapping]: publish_map: frame pts=2813, total=5033794
[INFO] [1783989571.387050640] [laser_mapping]: publish_map: frame pts=2813, total=5036607
[INFO] [1783989572.387031955] [laser_mapping]: publish_map: frame pts=2813, total=5039420
[INFO] [1783989573.387036170] [laser_mapping]: publish_map: frame pts=2813, total=5042233
[INFO] [1783989574.387045239] [laser_mapping]: publish_map: frame pts=2813, total=5045046
[INFO] [1783989575.387025007] [laser_mapping]: publish_map: frame pts=2813, total=5047859
[INFO] [1783989576.387043951] [laser_mapping]: publish_map: frame pts=2813, total=5050672
[INFO] [1783989577.387040427] [laser_mapping]: publish_map: frame pts=2813, total=5053485
[INFO] [1783989578.387020617] [laser_mapping]: publish_map: frame pts=2813, total=5056298
[INFO] [1783989579.387049309] [laser_mapping]: publish_map: frame pts=2813, total=5059111
[INFO] [1783989580.387044075] [laser_mapping]: publish_map: frame pts=2813, total=5061924
[INFO] [1783989581.387034479] [laser_mapping]: publish_map: frame pts=2813, total=5064737
[INFO] [1783989582.387044445] [laser_mapping]: publish_map: frame pts=2813, total=5067550
[INFO] [1783989583.387031830] [laser_mapping]: publish_map: frame pts=2813, total=5070363
[INFO] [1783989584.387030274] [laser_mapping]: publish_map: frame pts=2813, total=5073176
[INFO] [1783989585.387039554] [laser_mapping]: publish_map: frame pts=2813, total=5075989
[INFO] [1783989586.387041955] [laser_mapping]: publish_map: frame pts=2813, total=5078802
[INFO] [1783989587.387043512] [laser_mapping]: publish_map: frame pts=2813, total=5081615
[INFO] [1783989588.387046365] [laser_mapping]: publish_map: frame pts=2813, total=5084428
[INFO] [1783989589.387042056] [laser_mapping]: publish_map: frame pts=2813, total=5087241
[INFO] [1783989590.387070253] [laser_mapping]: publish_map: frame pts=2813, total=5090054
[INFO] [1783989591.387040750] [laser_mapping]: publish_map: frame pts=2813, total=5092867
[INFO] [1783989592.387035688] [laser_mapping]: publish_map: frame pts=2813, total=5095680
[INFO] [1783989593.387193615] [laser_mapping]: publish_map: frame pts=2813, total=5098493
[INFO] [1783989594.387049852] [laser_mapping]: publish_map: frame pts=2813, total=5101306
[INFO] [1783989595.387050502] [laser_mapping]: publish_map: frame pts=2813, total=5104119
[INFO] [1783989596.387044327] [laser_mapping]: publish_map: frame pts=2813, total=5106932
[INFO] [1783989597.387053309] [laser_mapping]: publish_map: frame pts=2813, total=5109745
[INFO] [1783989598.387051342] [laser_mapping]: publish_map: frame pts=2813, total=5112558
[INFO] [1783989599.387066553] [laser_mapping]: publish_map: frame pts=2813, total=5115371
[INFO] [1783989600.387039005] [laser_mapping]: publish_map: frame pts=2813, total=5118184
[INFO] [1783989601.387047750] [laser_mapping]: publish_map: frame pts=2813, total=5120997
[INFO] [1783989602.387036837] [laser_mapping]: publish_map: frame pts=2813, total=5123810
[INFO] [1783989603.387041791] [laser_mapping]: publish_map: frame pts=2813, total=5126623
[INFO] [1783989604.387036226] [laser_mapping]: publish_map: frame pts=2813, total=5129436
[INFO] [1783989605.387032699] [laser_mapping]: publish_map: frame pts=2813, total=5132249
[INFO] [1783989606.387052433] [laser_mapping]: publish_map: frame pts=2813, total=5135062
[INFO] [1783989607.387052080] [laser_mapping]: publish_map: frame pts=2813, total=5137875
[INFO] [1783989608.387053097] [laser_mapping]: publish_map: frame pts=2813, total=5140688
[INFO] [1783989609.387038843] [laser_mapping]: publish_map: frame pts=2813, total=5143501
[INFO] [1783989610.387037001] [laser_mapping]: publish_map: frame pts=2813, total=5146314
[INFO] [1783989611.387052088] [laser_mapping]: publish_map: frame pts=2813, total=5149127
[INFO] [1783989612.387053065] [laser_mapping]: publish_map: frame pts=2813, total=5151940
[INFO] [1783989613.387033750] [laser_mapping]: publish_map: frame pts=2813, total=5154753
[INFO] [1783989614.387049490] [laser_mapping]: publish_map: frame pts=2813, total=5157566
[INFO] [1783989615.387142852] [laser_mapping]: publish_map: frame pts=2813, total=5160379
[INFO] [1783989616.387122699] [laser_mapping]: publish_map: frame pts=2813, total=5163192
[INFO] [1783989617.387045014] [laser_mapping]: publish_map: frame pts=2813, total=5166005
[INFO] [1783989618.387040656] [laser_mapping]: publish_map: frame pts=2813, total=5168818
[INFO] [1783989619.387041994] [laser_mapping]: publish_map: frame pts=2813, total=5171631
[INFO] [1783989620.387059460] [laser_mapping]: publish_map: frame pts=2813, total=5174444
[INFO] [1783989621.387026789] [laser_mapping]: publish_map: frame pts=2813, total=5177257
[INFO] [1783989622.387035825] [laser_mapping]: publish_map: frame pts=2813, total=5180070
[INFO] [1783989623.387042603] [laser_mapping]: publish_map: frame pts=2813, total=5182883
[INFO] [1783989624.387046668] [laser_mapping]: publish_map: frame pts=2813, total=5185696
[INFO] [1783989625.387042684] [laser_mapping]: publish_map: frame pts=2813, total=5188509
[INFO] [1783989626.387030751] [laser_mapping]: publish_map: frame pts=2813, total=5191322
[INFO] [1783989627.387033927] [laser_mapping]: publish_map: frame pts=2813, total=5194135
[INFO] [1783989628.387042713] [laser_mapping]: publish_map: frame pts=2813, total=5196948
[INFO] [1783989629.387040191] [laser_mapping]: publish_map: frame pts=2813, total=5199761
[INFO] [1783989630.387184848] [laser_mapping]: publish_map: frame pts=2813, total=5202574
[INFO] [1783989631.387046072] [laser_mapping]: publish_map: frame pts=2813, total=5205387
[INFO] [1783989632.387042011] [laser_mapping]: publish_map: frame pts=2813, total=5208200
[INFO] [1783989633.387158530] [laser_mapping]: publish_map: frame pts=2813, total=5211013
[INFO] [1783989634.387153512] [laser_mapping]: publish_map: frame pts=2813, total=5213826
[INFO] [1783989635.387032793] [laser_mapping]: publish_map: frame pts=2813, total=5216639
[INFO] [1783989636.387043536] [laser_mapping]: publish_map: frame pts=2813, total=5219452
[INFO] [1783989637.387036744] [laser_mapping]: publish_map: frame pts=2813, total=5222265
[INFO] [1783989638.387048624] [laser_mapping]: publish_map: frame pts=2813, total=5225078
[INFO] [1783989639.387047689] [laser_mapping]: publish_map: frame pts=2813, total=5227891
[INFO] [1783989640.387028647] [laser_mapping]: publish_map: frame pts=2813, total=5230704
[INFO] [1783989641.387154367] [laser_mapping]: publish_map: frame pts=2813, total=5233517
[INFO] [1783989642.387041036] [laser_mapping]: publish_map: frame pts=2813, total=5236330
[INFO] [1783989643.387042910] [laser_mapping]: publish_map: frame pts=2813, total=5239143
[INFO] [1783989644.387046814] [laser_mapping]: publish_map: frame pts=2813, total=5241956
[INFO] [1783989645.387041117] [laser_mapping]: publish_map: frame pts=2813, total=5244769
[INFO] [1783989646.387041877] [laser_mapping]: publish_map: frame pts=2813, total=5247582
[INFO] [1783989647.387042168] [laser_mapping]: publish_map: frame pts=2813, total=5250395
[INFO] [1783989648.387042110] [laser_mapping]: publish_map: frame pts=2813, total=5253208
[INFO] [1783989649.387043285] [laser_mapping]: publish_map: frame pts=2813, total=5256021
[INFO] [1783989650.387039691] [laser_mapping]: publish_map: frame pts=2813, total=5258834
[INFO] [1783989651.387210375] [laser_mapping]: publish_map: frame pts=2813, total=5261647
[INFO] [1783989652.387031672] [laser_mapping]: publish_map: frame pts=2813, total=5264460
[INFO] [1783989653.387033869] [laser_mapping]: publish_map: frame pts=2813, total=5267273
[INFO] [1783989654.387029634] [laser_mapping]: publish_map: frame pts=2813, total=5270086
[INFO] [1783989655.387043066] [laser_mapping]: publish_map: frame pts=2813, total=5272899
[INFO] [1783989656.387035364] [laser_mapping]: publish_map: frame pts=2813, total=5275712
[INFO] [1783989657.387037193] [laser_mapping]: publish_map: frame pts=2813, total=5278525
[INFO] [1783989658.387050276] [laser_mapping]: publish_map: frame pts=2813, total=5281338
[INFO] [1783989659.387036868] [laser_mapping]: publish_map: frame pts=2813, total=5284151
[INFO] [1783989660.387033414] [laser_mapping]: publish_map: frame pts=2813, total=5286964
[INFO] [1783989661.387049399] [laser_mapping]: publish_map: frame pts=2813, total=5289777
[INFO] [1783989662.387048335] [laser_mapping]: publish_map: frame pts=2813, total=5292590
[INFO] [1783989663.387049974] [laser_mapping]: publish_map: frame pts=2813, total=5295403
[INFO] [1783989664.387051417] [laser_mapping]: publish_map: frame pts=2813, total=5298216
[INFO] [1783989665.387035134] [laser_mapping]: publish_map: frame pts=2813, total=5301029
[INFO] [1783989666.387043050] [laser_mapping]: publish_map: frame pts=2813, total=5303842
[INFO] [1783989667.387030342] [laser_mapping]: publish_map: frame pts=2813, total=5306655
[INFO] [1783989668.387150823] [laser_mapping]: publish_map: frame pts=2813, total=5309468
[INFO] [1783989669.387045047] [laser_mapping]: publish_map: frame pts=2813, total=5312281
[INFO] [1783989670.387034459] [laser_mapping]: publish_map: frame pts=2813, total=5315094
[INFO] [1783989671.387047700] [laser_mapping]: publish_map: frame pts=2813, total=5317907
[INFO] [1783989672.387039605] [laser_mapping]: publish_map: frame pts=2813, total=5320720
[INFO] [1783989673.387037250] [laser_mapping]: publish_map: frame pts=2813, total=5323533
[INFO] [1783989674.387031484] [laser_mapping]: publish_map: frame pts=2813, total=5326346
[INFO] [1783989675.387046076] [laser_mapping]: publish_map: frame pts=2813, total=5329159
[INFO] [1783989676.387167948] [laser_mapping]: publish_map: frame pts=2813, total=5331972
[INFO] [1783989677.387048504] [laser_mapping]: publish_map: frame pts=2813, total=5334785
[INFO] [1783989678.387160342] [laser_mapping]: publish_map: frame pts=2813, total=5337598
[INFO] [1783989679.387050397] [laser_mapping]: publish_map: frame pts=2813, total=5340411
[INFO] [1783989680.387043517] [laser_mapping]: publish_map: frame pts=2813, total=5343224
[INFO] [1783989681.387158993] [laser_mapping]: publish_map: frame pts=2813, total=5346037
[INFO] [1783989682.387203542] [laser_mapping]: publish_map: frame pts=2813, total=5348850
[INFO] [1783989683.387056578] [laser_mapping]: publish_map: frame pts=2813, total=5351663
[INFO] [1783989684.387057408] [laser_mapping]: publish_map: frame pts=2813, total=5354476
[INFO] [1783989685.387047387] [laser_mapping]: publish_map: frame pts=2813, total=5357289
[INFO] [1783989686.387055658] [laser_mapping]: publish_map: frame pts=2813, total=5360102
[INFO] [1783989687.387048091] [laser_mapping]: publish_map: frame pts=2813, total=5362915
[INFO] [1783989688.387028947] [laser_mapping]: publish_map: frame pts=2813, total=5365728
[INFO] [1783989689.387144207] [laser_mapping]: publish_map: frame pts=2813, total=5368541
[INFO] [1783989690.387116589] [laser_mapping]: publish_map: frame pts=2813, total=5371354
[INFO] [1783989691.387039053] [laser_mapping]: publish_map: frame pts=2813, total=5374167
[INFO] [1783989692.387043805] [laser_mapping]: publish_map: frame pts=2813, total=5376980
[INFO] [1783989693.387154409] [laser_mapping]: publish_map: frame pts=2813, total=5379793
[INFO] [1783989694.387049581] [laser_mapping]: publish_map: frame pts=2813, total=5382606
[INFO] [1783989695.387036864] [laser_mapping]: publish_map: frame pts=2813, total=5385419
[INFO] [1783989696.387044237] [laser_mapping]: publish_map: frame pts=2813, total=5388232
[INFO] [1783989697.387117873] [laser_mapping]: publish_map: frame pts=2813, total=5391045
[INFO] [1783989698.387040566] [laser_mapping]: publish_map: frame pts=2813, total=5393858
[INFO] [1783989699.387040730] [laser_mapping]: publish_map: frame pts=2813, total=5396671
[INFO] [1783989700.387049330] [laser_mapping]: publish_map: frame pts=2813, total=5399484
[INFO] [1783989701.387135608] [laser_mapping]: publish_map: frame pts=2813, total=5402297
[INFO] [1783989702.387045741] [laser_mapping]: publish_map: frame pts=2813, total=5405110
[INFO] [1783989703.387050457] [laser_mapping]: publish_map: frame pts=2813, total=5407923
[INFO] [1783989704.387039902] [laser_mapping]: publish_map: frame pts=2813, total=5410736
[INFO] [1783989705.387049147] [laser_mapping]: publish_map: frame pts=2813, total=5413549
[INFO] [1783989706.387156063] [laser_mapping]: publish_map: frame pts=2813, total=5416362
[INFO] [1783989707.387045917] [laser_mapping]: publish_map: frame pts=2813, total=5419175
[INFO] [1783989708.387066458] [laser_mapping]: publish_map: frame pts=2813, total=5421988
[INFO] [1783989709.387132457] [laser_mapping]: publish_map: frame pts=2813, total=5424801
[INFO] [1783989710.387037099] [laser_mapping]: publish_map: frame pts=2813, total=5427614
[INFO] [1783989711.387120255] [laser_mapping]: publish_map: frame pts=2813, total=5430427
[INFO] [1783989712.387152030] [laser_mapping]: publish_map: frame pts=2813, total=5433240
[INFO] [1783989713.387045162] [laser_mapping]: publish_map: frame pts=2813, total=5436053
[INFO] [1783989714.387060254] [laser_mapping]: publish_map: frame pts=2813, total=5438866
[INFO] [1783989715.387055886] [laser_mapping]: publish_map: frame pts=2813, total=5441679
[INFO] [1783989716.387036587] [laser_mapping]: publish_map: frame pts=2813, total=5444492
[INFO] [1783989717.387161518] [laser_mapping]: publish_map: frame pts=2813, total=5447305
[INFO] [1783989718.387036313] [laser_mapping]: publish_map: frame pts=2813, total=5450118
[INFO] [1783989719.387107048] [laser_mapping]: publish_map: frame pts=2813, total=5452931
[INFO] [1783989720.387046833] [laser_mapping]: publish_map: frame pts=2813, total=5455744
[INFO] [1783989721.387048011] [laser_mapping]: publish_map: frame pts=2813, total=5458557
[INFO] [1783989722.387183987] [laser_mapping]: publish_map: frame pts=2813, total=5461370
[INFO] [1783989723.387089230] [laser_mapping]: publish_map: frame pts=2813, total=5464183
[INFO] [1783989724.387044538] [laser_mapping]: publish_map: frame pts=2813, total=5466996
[INFO] [1783989725.387043652] [laser_mapping]: publish_map: frame pts=2813, total=5469809
[INFO] [1783989726.387044810] [laser_mapping]: publish_map: frame pts=2813, total=5472622
[INFO] [1783989727.387047828] [laser_mapping]: publish_map: frame pts=2813, total=5475435
[INFO] [1783989728.387050738] [laser_mapping]: publish_map: frame pts=2813, total=5478248
[INFO] [1783989729.387056284] [laser_mapping]: publish_map: frame pts=2813, total=5481061
[INFO] [1783989730.387307822] [laser_mapping]: publish_map: frame pts=2813, total=5483874
[INFO] [1783989731.387122332] [laser_mapping]: publish_map: frame pts=2813, total=5486687
[INFO] [1783989732.387044970] [laser_mapping]: publish_map: frame pts=2813, total=5489500
[INFO] [1783989733.387166881] [laser_mapping]: publish_map: frame pts=2813, total=5492313
[INFO] [1783989734.387154576] [laser_mapping]: publish_map: frame pts=2813, total=5495126
[INFO] [1783989735.387049887] [laser_mapping]: publish_map: frame pts=2813, total=5497939
[INFO] [1783989736.387164421] [laser_mapping]: publish_map: frame pts=2813, total=5500752
[INFO] [1783989737.387047635] [laser_mapping]: publish_map: frame pts=2813, total=5503565
[INFO] [1783989738.387045971] [laser_mapping]: publish_map: frame pts=2813, total=5506378
[INFO] [1783989739.387212801] [laser_mapping]: publish_map: frame pts=2813, total=5509191
[INFO] [1783989740.387163959] [laser_mapping]: publish_map: frame pts=2813, total=5512004
[INFO] [1783989741.387108004] [laser_mapping]: publish_map: frame pts=2813, total=5514817
[INFO] [1783989742.387053222] [laser_mapping]: publish_map: frame pts=2813, total=5517630
[INFO] [1783989743.387046125] [laser_mapping]: publish_map: frame pts=2813, total=5520443
[INFO] [1783989744.387047029] [laser_mapping]: publish_map: frame pts=2813, total=5523256
[INFO] [1783989745.387050020] [laser_mapping]: publish_map: frame pts=2813, total=5526069
[INFO] [1783989746.387197035] [laser_mapping]: publish_map: frame pts=2813, total=5528882
[INFO] [1783989747.387111203] [laser_mapping]: publish_map: frame pts=2813, total=5531695
[INFO] [1783989748.387119082] [laser_mapping]: publish_map: frame pts=2813, total=5534508
[INFO] [1783989749.387031260] [laser_mapping]: publish_map: frame pts=2813, total=5537321
[INFO] [1783989750.387180167] [laser_mapping]: publish_map: frame pts=2813, total=5540134
[INFO] [1783989751.387045415] [laser_mapping]: publish_map: frame pts=2813, total=5542947
[INFO] [1783989752.387094061] [laser_mapping]: publish_map: frame pts=2813, total=5545760
[INFO] [1783989753.387050864] [laser_mapping]: publish_map: frame pts=2813, total=5548573
[INFO] [1783989754.387028314] [laser_mapping]: publish_map: frame pts=2813, total=5551386
[INFO] [1783989755.387039396] [laser_mapping]: publish_map: frame pts=2813, total=5554199
[INFO] [1783989756.387041545] [laser_mapping]: publish_map: frame pts=2813, total=5557012
[INFO] [1783989757.387043483] [laser_mapping]: publish_map: frame pts=2813, total=5559825
[INFO] [1783989758.387182697] [laser_mapping]: publish_map: frame pts=2813, total=5562638
[INFO] [1783989759.387049011] [laser_mapping]: publish_map: frame pts=2813, total=5565451
[INFO] [1783989760.387048454] [laser_mapping]: publish_map: frame pts=2813, total=5568264
[INFO] [1783989761.387039517] [laser_mapping]: publish_map: frame pts=2813, total=5571077
[INFO] [1783989762.387049739] [laser_mapping]: publish_map: frame pts=2813, total=5573890
[INFO] [1783989763.387059625] [laser_mapping]: publish_map: frame pts=2813, total=5576703
[INFO] [1783989764.387057296] [laser_mapping]: publish_map: frame pts=2813, total=5579516
[INFO] [1783989765.387029582] [laser_mapping]: publish_map: frame pts=2813, total=5582329
[INFO] [1783989766.387040473] [laser_mapping]: publish_map: frame pts=2813, total=5585142
[INFO] [1783989767.387036951] [laser_mapping]: publish_map: frame pts=2813, total=5587955
[INFO] [1783989768.387045231] [laser_mapping]: publish_map: frame pts=2813, total=5590768
[INFO] [1783989769.387037128] [laser_mapping]: publish_map: frame pts=2813, total=5593581
[INFO] [1783989770.387050063] [laser_mapping]: publish_map: frame pts=2813, total=5596394
[INFO] [1783989771.387049953] [laser_mapping]: publish_map: frame pts=2813, total=5599207
[INFO] [1783989772.387048399] [laser_mapping]: publish_map: frame pts=2813, total=5602020
[INFO] [1783989773.387044343] [laser_mapping]: publish_map: frame pts=2813, total=5604833
[INFO] [1783989774.387040251] [laser_mapping]: publish_map: frame pts=2813, total=5607646
[INFO] [1783989775.387044660] [laser_mapping]: publish_map: frame pts=2813, total=5610459
[INFO] [1783989776.387041845] [laser_mapping]: publish_map: frame pts=2813, total=5613272
[INFO] [1783989777.387051027] [laser_mapping]: publish_map: frame pts=2813, total=5616085
[INFO] [1783989778.387010884] [laser_mapping]: publish_map: frame pts=2813, total=5618898
[INFO] [1783989779.387029295] [laser_mapping]: publish_map: frame pts=2813, total=5621711
[INFO] [1783989780.387042208] [laser_mapping]: publish_map: frame pts=2813, total=5624524
[INFO] [1783989781.387043446] [laser_mapping]: publish_map: frame pts=2813, total=5627337
[INFO] [1783989782.387037711] [laser_mapping]: publish_map: frame pts=2813, total=5630150
[INFO] [1783989783.387193703] [laser_mapping]: publish_map: frame pts=2813, total=5632963
[INFO] [1783989784.387055562] [laser_mapping]: publish_map: frame pts=2813, total=5635776
[INFO] [1783989785.387048388] [laser_mapping]: publish_map: frame pts=2813, total=5638589
[INFO] [1783989786.387042181] [laser_mapping]: publish_map: frame pts=2813, total=5641402
[INFO] [1783989787.387042542] [laser_mapping]: publish_map: frame pts=2813, total=5644215
[INFO] [1783989788.387055144] [laser_mapping]: publish_map: frame pts=2813, total=5647028
[INFO] [1783989789.387047613] [laser_mapping]: publish_map: frame pts=2813, total=5649841
[INFO] [1783989790.387043349] [laser_mapping]: publish_map: frame pts=2813, total=5652654
[INFO] [1783989791.387042838] [laser_mapping]: publish_map: frame pts=2813, total=5655467
[INFO] [1783989792.387060244] [laser_mapping]: publish_map: frame pts=2813, total=5658280
[INFO] [1783989793.387072293] [laser_mapping]: publish_map: frame pts=2813, total=5661093
[INFO] [1783989794.387047745] [laser_mapping]: publish_map: frame pts=2813, total=5663906
[INFO] [1783989795.387043267] [laser_mapping]: publish_map: frame pts=2813, total=5666719
[INFO] [1783989796.387049911] [laser_mapping]: publish_map: frame pts=2813, total=5669532
[INFO] [1783989797.387042964] [laser_mapping]: publish_map: frame pts=2813, total=5672345
[INFO] [1783989798.387048233] [laser_mapping]: publish_map: frame pts=2813, total=5675158
[INFO] [1783989799.387051714] [laser_mapping]: publish_map: frame pts=2813, total=5677971
[INFO] [1783989800.387048391] [laser_mapping]: publish_map: frame pts=2813, total=5680784
[INFO] [1783989801.387137993] [laser_mapping]: publish_map: frame pts=2813, total=5683597
[INFO] [1783989802.387053757] [laser_mapping]: publish_map: frame pts=2813, total=5686410
[INFO] [1783989803.387044805] [laser_mapping]: publish_map: frame pts=2813, total=5689223
[INFO] [1783989804.387135239] [laser_mapping]: publish_map: frame pts=2813, total=5692036
[INFO] [1783989805.387113688] [laser_mapping]: publish_map: frame pts=2813, total=5694849
[INFO] [1783989806.387147186] [laser_mapping]: publish_map: frame pts=2813, total=5697662
[INFO] [1783989807.387031919] [laser_mapping]: publish_map: frame pts=2813, total=5700475
[INFO] [1783989808.387041387] [laser_mapping]: publish_map: frame pts=2813, total=5703288
[INFO] [1783989809.387045316] [laser_mapping]: publish_map: frame pts=2813, total=5706101
[INFO] [1783989810.387051180] [laser_mapping]: publish_map: frame pts=2813, total=5708914
[INFO] [1783989811.387164862] [laser_mapping]: publish_map: frame pts=2813, total=5711727
[INFO] [1783989812.387041635] [laser_mapping]: publish_map: frame pts=2813, total=5714540
[INFO] [1783989813.387041051] [laser_mapping]: publish_map: frame pts=2813, total=5717353
[INFO] [1783989814.387214972] [laser_mapping]: publish_map: frame pts=2813, total=5720166
[INFO] [1783989815.387123106] [laser_mapping]: publish_map: frame pts=2813, total=5722979
[INFO] [1783989816.387054208] [laser_mapping]: publish_map: frame pts=2813, total=5725792
[INFO] [1783989817.387043361] [laser_mapping]: publish_map: frame pts=2813, total=5728605
[INFO] [1783989818.387050785] [laser_mapping]: publish_map: frame pts=2813, total=5731418
[INFO] [1783989819.387040369] [laser_mapping]: publish_map: frame pts=2813, total=5734231
[INFO] [1783989820.387042816] [laser_mapping]: publish_map: frame pts=2813, total=5737044
[INFO] [1783989821.387141950] [laser_mapping]: publish_map: frame pts=2813, total=5739857
[INFO] [1783989822.387027948] [laser_mapping]: publish_map: frame pts=2813, total=5742670
[INFO] [1783989823.387043761] [laser_mapping]: publish_map: frame pts=2813, total=5745483
[INFO] [1783989824.387042440] [laser_mapping]: publish_map: frame pts=2813, total=5748296
[INFO] [1783989825.387125916] [laser_mapping]: publish_map: frame pts=2813, total=5751109
[INFO] [1783989826.387067077] [laser_mapping]: publish_map: frame pts=2813, total=5753922
[INFO] [1783989827.387164326] [laser_mapping]: publish_map: frame pts=2813, total=5756735
[INFO] [1783989828.387134322] [laser_mapping]: publish_map: frame pts=2813, total=5759548
[INFO] [1783989829.387144812] [laser_mapping]: publish_map: frame pts=2813, total=5762361
[INFO] [1783989830.387047171] [laser_mapping]: publish_map: frame pts=2813, total=5765174
[INFO] [1783989831.387145879] [laser_mapping]: publish_map: frame pts=2813, total=5767987
[INFO] [1783989832.387179118] [laser_mapping]: publish_map: frame pts=2813, total=5770800
[INFO] [1783989833.387045235] [laser_mapping]: publish_map: frame pts=2813, total=5773613
[INFO] [1783989834.387038358] [laser_mapping]: publish_map: frame pts=2813, total=5776426
[INFO] [1783989835.387148667] [laser_mapping]: publish_map: frame pts=2813, total=5779239
[INFO] [1783989836.387160998] [laser_mapping]: publish_map: frame pts=2813, total=5782052
[INFO] [1783989837.387117514] [laser_mapping]: publish_map: frame pts=2813, total=5784865
[INFO] [1783989838.387049468] [laser_mapping]: publish_map: frame pts=2813, total=5787678
[INFO] [1783989839.387055472] [laser_mapping]: publish_map: frame pts=2813, total=5790491
[INFO] [1783989840.387037016] [laser_mapping]: publish_map: frame pts=2813, total=5793304
[INFO] [1783989841.387048041] [laser_mapping]: publish_map: frame pts=2813, total=5796117
[INFO] [1783989842.387047621] [laser_mapping]: publish_map: frame pts=2813, total=5798930
[INFO] [1783989843.387041688] [laser_mapping]: publish_map: frame pts=2813, total=5801743
[INFO] [1783989844.387104936] [laser_mapping]: publish_map: frame pts=2813, total=5804556
[INFO] [1783989845.387141403] [laser_mapping]: publish_map: frame pts=2813, total=5807369
[INFO] [1783989846.387029969] [laser_mapping]: publish_map: frame pts=2813, total=5810182
[INFO] [1783989847.387041911] [laser_mapping]: publish_map: frame pts=2813, total=5812995
[INFO] [1783989848.387110646] [laser_mapping]: publish_map: frame pts=2813, total=5815808
[INFO] [1783989849.387051289] [laser_mapping]: publish_map: frame pts=2813, total=5818621
[INFO] [1783989850.387049017] [laser_mapping]: publish_map: frame pts=2813, total=5821434
[INFO] [1783989851.387140572] [laser_mapping]: publish_map: frame pts=2813, total=5824247
[INFO] [1783989852.387146494] [laser_mapping]: publish_map: frame pts=2813, total=5827060
[INFO] [1783989853.387053704] [laser_mapping]: publish_map: frame pts=2813, total=5829873
[INFO] [1783989854.387202242] [laser_mapping]: publish_map: frame pts=2813, total=5832686
[INFO] [1783989855.387122184] [laser_mapping]: publish_map: frame pts=2813, total=5835499
[INFO] [1783989856.387046044] [laser_mapping]: publish_map: frame pts=2813, total=5838312
[INFO] [1783989857.387057118] [laser_mapping]: publish_map: frame pts=2813, total=5841125
[INFO] [1783989858.387044588] [laser_mapping]: publish_map: frame pts=2813, total=5843938
[INFO] [1783989859.387175023] [laser_mapping]: publish_map: frame pts=2813, total=5846751
[INFO] [1783989860.387038338] [laser_mapping]: publish_map: frame pts=2813, total=5849564
[INFO] [1783989861.387036121] [laser_mapping]: publish_map: frame pts=2813, total=5852377
[INFO] [1783989862.387053275] [laser_mapping]: publish_map: frame pts=2813, total=5855190
[INFO] [1783989863.387036766] [laser_mapping]: publish_map: frame pts=2813, total=5858003
[INFO] [1783989864.387113786] [laser_mapping]: publish_map: frame pts=2813, total=5860816
[INFO] [1783989865.387058264] [laser_mapping]: publish_map: frame pts=2813, total=5863629
[INFO] [1783989866.387053029] [laser_mapping]: publish_map: frame pts=2813, total=5866442
[INFO] [1783989867.387050657] [laser_mapping]: publish_map: frame pts=2813, total=5869255
[INFO] [1783989868.387043365] [laser_mapping]: publish_map: frame pts=2813, total=5872068
[INFO] [1783989868.578051600] [rclcpp]: signal_handler(SIGINT/SIGTERM)
current scan saved to /PCD/map.pcd
terminate called after throwing an instance of 'pcl::IOException'
  what():  : [pcl::PCDWriter::writeBinary] Error during open!
