[INFO] [1783986927.813479930] [laser_mapping]: p_pre->lidar_type 5
Multi thread started 
~~~~/home/hyper/program/2026_Gsing-second_ROS/fastlio2_v2/src/unilidar_fastlio_ros2-ros2/ file opened
[INFO] [1783986927.816863326] [laser_mapping]: Node init finished.
[INFO] [1783986927.848245568] [pointcloud_x_filter]: 点云过滤器已启动，仅保留 x > 0.0, 半径 > 0.0 的点
[INFO] [1783986928.816775431] [laser_mapping]: publish_map: frame pts=0, total=0
[INFO] [1783986929.816785872] [laser_mapping]: publish_map: frame pts=0, total=0
[INFO] [1783986930.816589164] [laser_mapping]: publish_map: frame pts=0, total=0
[INFO] [1783986931.816604517] [laser_mapping]: publish_map: frame pts=0, total=0
[INFO] [1783986932.816589393] [laser_mapping]: publish_map: frame pts=0, total=0
[INFO] [1783986933.816591105] [laser_mapping]: publish_map: frame pts=0, total=0
[INFO] [1783986934.816595863] [laser_mapping]: publish_map: frame pts=0, total=0
[INFO] [1783986935.816598528] [laser_mapping]: publish_map: frame pts=0, total=0
[INFO] [1783986936.816603040] [laser_mapping]: publish_map: frame pts=0, total=0
[INFO] [1783986937.816613950] [laser_mapping]: publish_map: frame pts=0, total=0
[INFO] [1783986938.816705293] [laser_mapping]: publish_map: frame pts=0, total=0
[INFO] [1783986939.816710845] [laser_mapping]: publish_map: frame pts=0, total=0
[INFO] [1783986940.816763363] [laser_mapping]: publish_map: frame pts=0, total=0
[INFO] [1783986941.816790182] [laser_mapping]: publish_map: frame pts=0, total=0
[INFO] [1783986942.816776969] [laser_mapping]: publish_map: frame pts=0, total=0
[INFO] [1783986943.816603387] [laser_mapping]: publish_map: frame pts=0, total=0
[INFO] [1783986944.816606419] [laser_mapping]: publish_map: frame pts=0, total=0
[INFO] [1783986945.816593877] [laser_mapping]: publish_map: frame pts=0, total=0
[INFO] [1783986946.816593162] [laser_mapping]: publish_map: frame pts=0, total=0
[INFO] [1783986947.816724502] [laser_mapping]: publish_map: frame pts=0, total=0
[INFO] [1783986948.816793557] [laser_mapping]: publish_map: frame pts=0, total=0
[INFO] [1783986949.816608273] [laser_mapping]: publish_map: frame pts=0, total=0
[INFO] [1783986950.816723009] [laser_mapping]: publish_map: frame pts=0, total=0
[INFO] [1783986951.816756615] [laser_mapping]: publish_map: frame pts=0, total=0
[INFO] [1783986952.816692751] [laser_mapping]: publish_map: frame pts=0, total=0
[INFO] [1783986953.816708318] [laser_mapping]: publish_map: frame pts=0, total=0
[INFO] [1783986954.816793595] [laser_mapping]: publish_map: frame pts=0, total=0
[INFO] [1783986955.816609679] [laser_mapping]: publish_map: frame pts=0, total=0
[INFO] [1783986956.816609880] [laser_mapping]: publish_map: frame pts=0, total=0
[INFO] [1783986957.816603788] [laser_mapping]: publish_map: frame pts=0, total=0
[INFO] [1783986958.816758629] [laser_mapping]: publish_map: frame pts=0, total=0
[INFO] [1783986959.816744291] [laser_mapping]: publish_map: frame pts=0, total=0
[INFO] [1783986960.816738226] [laser_mapping]: publish_map: frame pts=0, total=0
[INFO] [1783986961.816609401] [laser_mapping]: publish_map: frame pts=0, total=0
[INFO] [1783986962.816773927] [laser_mapping]: publish_map: frame pts=0, total=0
[INFO] [1783986963.816768754] [laser_mapping]: publish_map: frame pts=0, total=0
[INFO] [1783986964.816626736] [laser_mapping]: publish_map: frame pts=0, total=0
[INFO] [1783986965.816588623] [laser_mapping]: publish_map: frame pts=0, total=0
[INFO] [1783986966.816605874] [laser_mapping]: publish_map: frame pts=0, total=0
[INFO] [1783986967.816784195] [laser_mapping]: publish_map: frame pts=0, total=0
[INFO] [1783986968.816593955] [laser_mapping]: publish_map: frame pts=0, total=0
[INFO] [1783986969.816643589] [laser_mapping]: publish_map: frame pts=0, total=0
[INFO] [1783986970.816798215] [laser_mapping]: publish_map: frame pts=0, total=0
[INFO] [1783986971.816589223] [laser_mapping]: publish_map: frame pts=0, total=0
[INFO] [1783986972.816607318] [laser_mapping]: publish_map: frame pts=0, total=0
[INFO] [1783986973.816599148] [laser_mapping]: publish_map: frame pts=0, total=0
[INFO] [1783986974.816770087] [laser_mapping]: publish_map: frame pts=0, total=0
[INFO] [1783986975.816835597] [laser_mapping]: publish_map: frame pts=0, total=0
[INFO] [1783986976.816621443] [laser_mapping]: publish_map: frame pts=0, total=0
[INFO] [1783986977.816605581] [laser_mapping]: publish_map: frame pts=0, total=0
[INFO] [1783986978.816607754] [laser_mapping]: publish_map: frame pts=0, total=0
[INFO] [1783986979.816719724] [laser_mapping]: publish_map: frame pts=0, total=0
[INFO] [1783986980.816732977] [laser_mapping]: publish_map: frame pts=0, total=0
[INFO] [1783986981.816597020] [laser_mapping]: publish_map: frame pts=0, total=0
[INFO] [1783986982.816618828] [laser_mapping]: publish_map: frame pts=0, total=0
[INFO] [1783986983.816614139] [laser_mapping]: publish_map: frame pts=0, total=0
[INFO] [1783986984.816748093] [laser_mapping]: publish_map: frame pts=0, total=0
[INFO] [1783986985.816718442] [laser_mapping]: publish_map: frame pts=0, total=0
[INFO] [1783986986.816584187] [laser_mapping]: publish_map: frame pts=0, total=0
[INFO] [1783986987.816701824] [laser_mapping]: publish_map: frame pts=0, total=0
[INFO] [1783986988.816602956] [laser_mapping]: publish_map: frame pts=0, total=0
[INFO] [1783986989.816611825] [laser_mapping]: publish_map: frame pts=0, total=0
[INFO] [1783986990.816617165] [laser_mapping]: publish_map: frame pts=0, total=0
[INFO] [1783986991.816606335] [laser_mapping]: publish_map: frame pts=0, total=0
[INFO] [1783986992.816601077] [laser_mapping]: publish_map: frame pts=0, total=0
[INFO] [1783986993.816603049] [laser_mapping]: publish_map: frame pts=0, total=0
[INFO] [1783986994.816726631] [laser_mapping]: publish_map: frame pts=0, total=0
[INFO] [1783986995.816776835] [laser_mapping]: publish_map: frame pts=0, total=0
[INFO] [1783986996.816735173] [laser_mapping]: publish_map: frame pts=0, total=0
[INFO] [1783986997.816597318] [laser_mapping]: publish_map: frame pts=0, total=0
[INFO] [1783986998.816626662] [laser_mapping]: publish_map: frame pts=0, total=0
[INFO] [1783986999.816595678] [laser_mapping]: publish_map: frame pts=0, total=0
[INFO] [1783987000.816772468] [laser_mapping]: publish_map: frame pts=0, total=0
[INFO] [1783987001.816699845] [laser_mapping]: publish_map: frame pts=0, total=0
[INFO] [1783987002.816596187] [laser_mapping]: publish_map: frame pts=0, total=0
[INFO] [1783987003.816591623] [laser_mapping]: publish_map: frame pts=0, total=0
[INFO] [1783987004.816589290] [laser_mapping]: publish_map: frame pts=0, total=0
[INFO] [1783987005.816692684] [laser_mapping]: publish_map: frame pts=0, total=0
[INFO] [1783987006.816608975] [laser_mapping]: publish_map: frame pts=0, total=0
[INFO] [1783987007.816611901] [laser_mapping]: publish_map: frame pts=0, total=0
[INFO] [1783987008.816707412] [laser_mapping]: publish_map: frame pts=0, total=0
[INFO] [1783987009.816767466] [laser_mapping]: publish_map: frame pts=0, total=0
[INFO] [1783987010.816737857] [laser_mapping]: publish_map: frame pts=0, total=0
[INFO] [1783987011.816598024] [laser_mapping]: publish_map: frame pts=0, total=0
[INFO] [1783987012.816782908] [laser_mapping]: publish_map: frame pts=0, total=0
[INFO] [1783987013.816696317] [laser_mapping]: publish_map: frame pts=0, total=0
[INFO] [1783987014.816600006] [laser_mapping]: publish_map: frame pts=0, total=0
[INFO] [1783987015.816683149] [laser_mapping]: publish_map: frame pts=0, total=0
[INFO] [1783987016.816700236] [laser_mapping]: publish_map: frame pts=0, total=0
[INFO] [1783987017.816615621] [laser_mapping]: publish_map: frame pts=0, total=0
[INFO] [1783987018.816728171] [laser_mapping]: publish_map: frame pts=0, total=0
[INFO] [1783987019.816724554] [laser_mapping]: publish_map: frame pts=0, total=0
[INFO] [1783987020.816741111] [laser_mapping]: publish_map: frame pts=0, total=0
[INFO] [1783987021.816742189] [laser_mapping]: publish_map: frame pts=0, total=0
[INFO] [1783987022.816592017] [laser_mapping]: publish_map: frame pts=0, total=0
[INFO] [1783987023.816591209] [laser_mapping]: publish_map: frame pts=0, total=0
[INFO] [1783987024.816593761] [laser_mapping]: publish_map: frame pts=0, total=0
[INFO] [1783987025.816603333] [laser_mapping]: publish_map: frame pts=0, total=0
[INFO] [1783987026.816708196] [laser_mapping]: publish_map: frame pts=0, total=0
[INFO] [1783987027.816697135] [laser_mapping]: publish_map: frame pts=0, total=0
[INFO] [1783987028.816708286] [laser_mapping]: publish_map: frame pts=0, total=0
[INFO] [1783987029.816706524] [laser_mapping]: publish_map: frame pts=0, total=0
[INFO] [1783987030.816748914] [laser_mapping]: publish_map: frame pts=0, total=0
[INFO] [1783987031.816737096] [laser_mapping]: publish_map: frame pts=0, total=0
[INFO] [1783987032.816730349] [laser_mapping]: publish_map: frame pts=0, total=0
[INFO] [1783987033.816768222] [laser_mapping]: publish_map: frame pts=0, total=0
[INFO] [1783987034.816736275] [laser_mapping]: publish_map: frame pts=0, total=0
[INFO] [1783987035.816743772] [laser_mapping]: publish_map: frame pts=0, total=0
[INFO] [1783987036.816748697] [laser_mapping]: publish_map: frame pts=0, total=0
[INFO] [1783987037.816684360] [laser_mapping]: publish_map: frame pts=0, total=0
[INFO] [1783987038.816727497] [laser_mapping]: publish_map: frame pts=0, total=0
[INFO] [1783987039.816634611] [laser_mapping]: publish_map: frame pts=0, total=0
[INFO] [1783987040.816619022] [laser_mapping]: publish_map: frame pts=0, total=0
[INFO] [1783987041.816589982] [laser_mapping]: publish_map: frame pts=0, total=0
[INFO] [1783987042.816592446] [laser_mapping]: publish_map: frame pts=0, total=0
[INFO] [1783987043.816591013] [laser_mapping]: publish_map: frame pts=0, total=0
[INFO] [1783987044.816734482] [laser_mapping]: publish_map: frame pts=0, total=0
[INFO] [1783987045.816588387] [laser_mapping]: publish_map: frame pts=0, total=0
[INFO] [1783987046.816592307] [laser_mapping]: publish_map: frame pts=0, total=0
[INFO] [1783987047.816661907] [laser_mapping]: publish_map: frame pts=0, total=0
[INFO] [1783987048.816723552] [laser_mapping]: publish_map: frame pts=0, total=0
[INFO] [1783987049.816765702] [laser_mapping]: publish_map: frame pts=0, total=0
[INFO] [1783987050.816588987] [laser_mapping]: publish_map: frame pts=0, total=0
[INFO] [1783987051.816589053] [laser_mapping]: publish_map: frame pts=0, total=0
[INFO] [1783987052.816619032] [laser_mapping]: publish_map: frame pts=0, total=0
[INFO] [1783987053.816585208] [laser_mapping]: publish_map: frame pts=0, total=0
[INFO] [1783987054.816591165] [laser_mapping]: publish_map: frame pts=0, total=0
[INFO] [1783987055.816598907] [laser_mapping]: publish_map: frame pts=0, total=0
[INFO] [1783987056.816593775] [laser_mapping]: publish_map: frame pts=0, total=0
[INFO] [1783987057.816589056] [laser_mapping]: publish_map: frame pts=0, total=0
[INFO] [1783987058.816591533] [laser_mapping]: publish_map: frame pts=0, total=0
[INFO] [1783987059.816590373] [laser_mapping]: publish_map: frame pts=0, total=0
[INFO] [1783987060.816589838] [laser_mapping]: publish_map: frame pts=0, total=0
[INFO] [1783987061.816752087] [laser_mapping]: publish_map: frame pts=0, total=0
[INFO] [1783987062.816760250] [laser_mapping]: publish_map: frame pts=0, total=0
[INFO] [1783987063.816680099] [laser_mapping]: publish_map: frame pts=0, total=0
[INFO] [1783987064.816608441] [laser_mapping]: publish_map: frame pts=0, total=0
[INFO] [1783987065.816698700] [laser_mapping]: publish_map: frame pts=0, total=0
[INFO] [1783987066.816709599] [laser_mapping]: publish_map: frame pts=0, total=0
[INFO] [1783987067.816766085] [laser_mapping]: publish_map: frame pts=0, total=0
[INFO] [1783987068.816724297] [laser_mapping]: publish_map: frame pts=0, total=0
[INFO] [1783987069.816588779] [laser_mapping]: publish_map: frame pts=0, total=0
[INFO] [1783987070.816738367] [laser_mapping]: publish_map: frame pts=0, total=0
[INFO] [1783987071.816776911] [laser_mapping]: publish_map: frame pts=0, total=0
[INFO] [1783987072.816756993] [laser_mapping]: publish_map: frame pts=0, total=0
[INFO] [1783987073.816766114] [laser_mapping]: publish_map: frame pts=0, total=0
[INFO] [1783987074.816788580] [laser_mapping]: publish_map: frame pts=0, total=0
[INFO] [1783987075.816722473] [laser_mapping]: publish_map: frame pts=0, total=0
[INFO] [1783987076.816752853] [laser_mapping]: publish_map: frame pts=0, total=0
[INFO] [1783987077.816718154] [laser_mapping]: publish_map: frame pts=0, total=0
[INFO] [1783987078.816765748] [laser_mapping]: publish_map: frame pts=0, total=0
[INFO] [1783987079.816603097] [laser_mapping]: publish_map: frame pts=0, total=0
[INFO] [1783987080.816749372] [laser_mapping]: publish_map: frame pts=0, total=0
[INFO] [1783987081.816723621] [laser_mapping]: publish_map: frame pts=0, total=0
[INFO] [1783987082.816712120] [laser_mapping]: publish_map: frame pts=0, total=0
[INFO] [1783987083.816587194] [laser_mapping]: publish_map: frame pts=0, total=0
[INFO] [1783987084.816724188] [laser_mapping]: publish_map: frame pts=0, total=0
[INFO] [1783987085.816733925] [laser_mapping]: publish_map: frame pts=0, total=0
[INFO] [1783987086.816726639] [laser_mapping]: publish_map: frame pts=0, total=0
[INFO] [1783987087.816747235] [laser_mapping]: publish_map: frame pts=0, total=0
[INFO] [1783987088.816740581] [laser_mapping]: publish_map: frame pts=0, total=0
[INFO] [1783987089.816744627] [laser_mapping]: publish_map: frame pts=0, total=0
[INFO] [1783987090.816611266] [laser_mapping]: publish_map: frame pts=0, total=0
[INFO] [1783987091.816614862] [laser_mapping]: publish_map: frame pts=0, total=0
[INFO] [1783987092.816754058] [laser_mapping]: publish_map: frame pts=0, total=0
[INFO] [1783987093.816590477] [laser_mapping]: publish_map: frame pts=0, total=0
[INFO] [1783987094.816593751] [laser_mapping]: publish_map: frame pts=0, total=0
[INFO] [1783987095.816603716] [laser_mapping]: publish_map: frame pts=0, total=0
[INFO] [1783987096.816618229] [laser_mapping]: publish_map: frame pts=0, total=0
[INFO] [1783987097.816744430] [laser_mapping]: publish_map: frame pts=0, total=0
[INFO] [1783987098.816623460] [laser_mapping]: publish_map: frame pts=0, total=0
[INFO] [1783987099.816702440] [laser_mapping]: publish_map: frame pts=0, total=0
[INFO] [1783987100.816776850] [laser_mapping]: publish_map: frame pts=0, total=0
[INFO] [1783987101.816799781] [laser_mapping]: publish_map: frame pts=0, total=0
[INFO] [1783987102.816674517] [laser_mapping]: publish_map: frame pts=0, total=0
[INFO] [1783987103.816600463] [laser_mapping]: publish_map: frame pts=0, total=0
[INFO] [1783987104.816749692] [laser_mapping]: publish_map: frame pts=0, total=0
[INFO] [1783987105.816724004] [laser_mapping]: publish_map: frame pts=0, total=0
[INFO] [1783987106.816605655] [laser_mapping]: publish_map: frame pts=0, total=0
[INFO] [1783987107.816602791] [laser_mapping]: publish_map: frame pts=0, total=0
[INFO] [1783987108.816603261] [laser_mapping]: publish_map: frame pts=0, total=0
[INFO] [1783987109.816600235] [laser_mapping]: publish_map: frame pts=0, total=0
[INFO] [1783987110.816775609] [laser_mapping]: publish_map: frame pts=0, total=0
[INFO] [1783987111.816740506] [laser_mapping]: publish_map: frame pts=0, total=0
[INFO] [1783987112.816768260] [laser_mapping]: publish_map: frame pts=0, total=0
[INFO] [1783987113.816762126] [laser_mapping]: publish_map: frame pts=0, total=0
[INFO] [1783987114.816750500] [laser_mapping]: publish_map: frame pts=0, total=0
[INFO] [1783987115.816806424] [laser_mapping]: publish_map: frame pts=0, total=0
[INFO] [1783987116.816643743] [laser_mapping]: publish_map: frame pts=0, total=0
[INFO] [1783987117.816814693] [laser_mapping]: publish_map: frame pts=0, total=0
[INFO] [1783987118.816595614] [laser_mapping]: publish_map: frame pts=0, total=0
[INFO] [1783987119.816607551] [laser_mapping]: publish_map: frame pts=0, total=0
[INFO] [1783987120.816588725] [laser_mapping]: publish_map: frame pts=0, total=0
[INFO] [1783987121.816669307] [laser_mapping]: publish_map: frame pts=0, total=0
[INFO] [1783987122.816737407] [laser_mapping]: publish_map: frame pts=0, total=0
[INFO] [1783987123.816710556] [laser_mapping]: publish_map: frame pts=0, total=0
[INFO] [1783987124.816679677] [laser_mapping]: publish_map: frame pts=0, total=0
[INFO] [1783987125.816768695] [laser_mapping]: publish_map: frame pts=0, total=0
[INFO] [1783987126.816599194] [laser_mapping]: publish_map: frame pts=0, total=0
[INFO] [1783987127.816759420] [laser_mapping]: publish_map: frame pts=0, total=0
[INFO] [1783987128.816754281] [laser_mapping]: publish_map: frame pts=0, total=0
[INFO] [1783987129.816618140] [laser_mapping]: publish_map: frame pts=0, total=0
[INFO] [1783987130.816740400] [laser_mapping]: publish_map: frame pts=0, total=0
[INFO] [1783987131.816789506] [laser_mapping]: publish_map: frame pts=0, total=0
[INFO] [1783987132.816699432] [laser_mapping]: publish_map: frame pts=0, total=0
[INFO] [1783987133.816744208] [laser_mapping]: publish_map: frame pts=0, total=0
[INFO] [1783987134.816631891] [laser_mapping]: publish_map: frame pts=0, total=0
[INFO] [1783987135.816603923] [laser_mapping]: publish_map: frame pts=0, total=0
[INFO] [1783987136.816594379] [laser_mapping]: publish_map: frame pts=0, total=0
[INFO] [1783987137.816764047] [laser_mapping]: publish_map: frame pts=0, total=0
[INFO] [1783987138.816592333] [laser_mapping]: publish_map: frame pts=0, total=0
[INFO] [1783987139.816607621] [laser_mapping]: publish_map: frame pts=0, total=0
[INFO] [1783987140.816604906] [laser_mapping]: publish_map: frame pts=0, total=0
[INFO] [1783987141.816611404] [laser_mapping]: publish_map: frame pts=0, total=0
[INFO] [1783987142.816725536] [laser_mapping]: publish_map: frame pts=0, total=0
[INFO] [1783987143.816602019] [laser_mapping]: publish_map: frame pts=0, total=0
[INFO] [1783987144.816595279] [laser_mapping]: publish_map: frame pts=0, total=0
[INFO] [1783987145.816642700] [laser_mapping]: publish_map: frame pts=0, total=0
[INFO] [1783987146.816753236] [laser_mapping]: publish_map: frame pts=0, total=0
[INFO] [1783987147.816621205] [laser_mapping]: publish_map: frame pts=0, total=0
[INFO] [1783987148.816601581] [laser_mapping]: publish_map: frame pts=0, total=0
[INFO] [1783987149.816724144] [laser_mapping]: publish_map: frame pts=0, total=0
[INFO] [1783987150.816598417] [laser_mapping]: publish_map: frame pts=0, total=0
[INFO] [1783987151.816603355] [laser_mapping]: publish_map: frame pts=0, total=0
[INFO] [1783987152.816786935] [laser_mapping]: publish_map: frame pts=0, total=0
[INFO] [1783987153.816624083] [laser_mapping]: publish_map: frame pts=0, total=0
[INFO] [1783987154.816737093] [laser_mapping]: publish_map: frame pts=0, total=0
[INFO] [1783987155.816594939] [laser_mapping]: publish_map: frame pts=0, total=0
[INFO] [1783987156.816615031] [laser_mapping]: publish_map: frame pts=0, total=0
[INFO] [1783987157.816608163] [laser_mapping]: publish_map: frame pts=0, total=0
[INFO] [1783987158.816593824] [laser_mapping]: publish_map: frame pts=0, total=0
[INFO] [1783987159.816613412] [laser_mapping]: publish_map: frame pts=0, total=0
[INFO] [1783987160.816718664] [laser_mapping]: publish_map: frame pts=0, total=0
[INFO] [1783987161.816767622] [laser_mapping]: publish_map: frame pts=0, total=0
[INFO] [1783987162.816589373] [laser_mapping]: publish_map: frame pts=0, total=0
[INFO] [1783987163.816619338] [laser_mapping]: publish_map: frame pts=0, total=0
[INFO] [1783987164.816613015] [laser_mapping]: publish_map: frame pts=0, total=0
[INFO] [1783987165.816619514] [laser_mapping]: publish_map: frame pts=0, total=0
[INFO] [1783987166.816614043] [laser_mapping]: publish_map: frame pts=0, total=0
[INFO] [1783987167.816601267] [laser_mapping]: publish_map: frame pts=0, total=0
[INFO] [1783987168.816607538] [laser_mapping]: publish_map: frame pts=0, total=0
[INFO] [1783987169.816599121] [laser_mapping]: publish_map: frame pts=0, total=0
[INFO] [1783987170.816633064] [laser_mapping]: publish_map: frame pts=0, total=0
[INFO] [1783987171.816863510] [laser_mapping]: publish_map: frame pts=0, total=0
[INFO] [1783987172.816616597] [laser_mapping]: publish_map: frame pts=0, total=0
[INFO] [1783987173.816597226] [laser_mapping]: publish_map: frame pts=0, total=0
[INFO] [1783987174.816613882] [laser_mapping]: publish_map: frame pts=0, total=0
[INFO] [1783987175.816613197] [laser_mapping]: publish_map: frame pts=0, total=0
[INFO] [1783987176.816795247] [laser_mapping]: publish_map: frame pts=0, total=0
[INFO] [1783987177.816760439] [laser_mapping]: publish_map: frame pts=0, total=0
[INFO] [1783987178.816871753] [laser_mapping]: publish_map: frame pts=0, total=0
[INFO] [1783987179.816800731] [laser_mapping]: publish_map: frame pts=0, total=0
[INFO] [1783987180.816648620] [laser_mapping]: publish_map: frame pts=0, total=0
[INFO] [1783987181.816727846] [laser_mapping]: publish_map: frame pts=0, total=0
[INFO] [1783987182.816744388] [laser_mapping]: publish_map: frame pts=0, total=0
[INFO] [1783987183.816608170] [laser_mapping]: publish_map: frame pts=0, total=0
[INFO] [1783987184.816590023] [laser_mapping]: publish_map: frame pts=0, total=0
[INFO] [1783987185.816616347] [laser_mapping]: publish_map: frame pts=0, total=0
[INFO] [1783987186.816601515] [laser_mapping]: publish_map: frame pts=0, total=0
[INFO] [1783987187.816750868] [laser_mapping]: publish_map: frame pts=0, total=0
[INFO] [1783987188.816631662] [laser_mapping]: publish_map: frame pts=0, total=0
[INFO] [1783987189.816624355] [laser_mapping]: publish_map: frame pts=0, total=0
[INFO] [1783987190.816749639] [laser_mapping]: publish_map: frame pts=0, total=0
[INFO] [1783987191.816768385] [laser_mapping]: publish_map: frame pts=0, total=0
[INFO] [1783987192.816600374] [laser_mapping]: publish_map: frame pts=0, total=0
[INFO] [1783987193.816601148] [laser_mapping]: publish_map: frame pts=0, total=0
[INFO] [1783987194.816591140] [laser_mapping]: publish_map: frame pts=0, total=0
[INFO] [1783987195.816775361] [laser_mapping]: publish_map: frame pts=0, total=0
[INFO] [1783987196.816607980] [laser_mapping]: publish_map: frame pts=0, total=0
[INFO] [1783987197.816748007] [laser_mapping]: publish_map: frame pts=0, total=0
[INFO] [1783987198.816646636] [laser_mapping]: publish_map: frame pts=0, total=0
[INFO] [1783987199.816762233] [laser_mapping]: publish_map: frame pts=0, total=0
[INFO] [1783987200.816587696] [laser_mapping]: publish_map: frame pts=0, total=0
[INFO] [1783987201.816756938] [laser_mapping]: publish_map: frame pts=0, total=0
[INFO] [1783987202.816728007] [laser_mapping]: publish_map: frame pts=0, total=0
[INFO] [1783987203.816698371] [laser_mapping]: publish_map: frame pts=0, total=0
[INFO] [1783987204.816734314] [laser_mapping]: publish_map: frame pts=0, total=0
[INFO] [1783987205.816761681] [laser_mapping]: publish_map: frame pts=0, total=0
[INFO] [1783987206.816801056] [laser_mapping]: publish_map: frame pts=0, total=0
[INFO] [1783987207.816599963] [laser_mapping]: publish_map: frame pts=0, total=0
[INFO] [1783987208.816763335] [laser_mapping]: publish_map: frame pts=0, total=0
[INFO] [1783987209.816614989] [laser_mapping]: publish_map: frame pts=0, total=0
[INFO] [1783987210.816614164] [laser_mapping]: publish_map: frame pts=0, total=0
[INFO] [1783987211.816632961] [laser_mapping]: publish_map: frame pts=0, total=0
[INFO] [1783987212.816753716] [laser_mapping]: publish_map: frame pts=0, total=0
[INFO] [1783987213.816738491] [laser_mapping]: publish_map: frame pts=0, total=0
[INFO] [1783987214.816820657] [laser_mapping]: publish_map: frame pts=0, total=0
[INFO] [1783987215.816597542] [laser_mapping]: publish_map: frame pts=0, total=0
[INFO] [1783987216.816629320] [laser_mapping]: publish_map: frame pts=0, total=0
[INFO] [1783987217.816719601] [laser_mapping]: publish_map: frame pts=0, total=0
[INFO] [1783987218.816791837] [laser_mapping]: publish_map: frame pts=0, total=0
[INFO] [1783987219.816622872] [laser_mapping]: publish_map: frame pts=0, total=0
[INFO] [1783987220.816728094] [laser_mapping]: publish_map: frame pts=0, total=0
[INFO] [1783987221.816609930] [laser_mapping]: publish_map: frame pts=0, total=0
[INFO] [1783987222.816632672] [laser_mapping]: publish_map: frame pts=0, total=0
[INFO] [1783987223.816766951] [laser_mapping]: publish_map: frame pts=0, total=0
[INFO] [1783987224.816728273] [laser_mapping]: publish_map: frame pts=0, total=0
[INFO] [1783987225.816780905] [laser_mapping]: publish_map: frame pts=0, total=0
[INFO] [1783987226.816595436] [laser_mapping]: publish_map: frame pts=0, total=0
[INFO] [1783987227.816700281] [laser_mapping]: publish_map: frame pts=0, total=0
[INFO] [1783987228.816581984] [laser_mapping]: publish_map: frame pts=0, total=0
[INFO] [1783987229.816779212] [laser_mapping]: publish_map: frame pts=0, total=0
[INFO] [1783987230.816590008] [laser_mapping]: publish_map: frame pts=0, total=0
[INFO] [1783987231.816707488] [laser_mapping]: publish_map: frame pts=0, total=0
[INFO] [1783987232.816745690] [laser_mapping]: publish_map: frame pts=0, total=0
[INFO] [1783987233.816622088] [laser_mapping]: publish_map: frame pts=0, total=0
[INFO] [1783987234.816721219] [laser_mapping]: publish_map: frame pts=0, total=0
[INFO] [1783987235.816792345] [laser_mapping]: publish_map: frame pts=0, total=0
[INFO] [1783987236.816743576] [laser_mapping]: publish_map: frame pts=0, total=0
[INFO] [1783987237.816626680] [laser_mapping]: publish_map: frame pts=0, total=0
[INFO] [1783987238.816745561] [laser_mapping]: publish_map: frame pts=0, total=0
[INFO] [1783987239.816592794] [laser_mapping]: publish_map: frame pts=0, total=0
[INFO] [1783987240.816592636] [laser_mapping]: publish_map: frame pts=0, total=0
[INFO] [1783987241.816640731] [laser_mapping]: publish_map: frame pts=0, total=0
[INFO] [1783987242.816801048] [laser_mapping]: publish_map: frame pts=0, total=0
[INFO] [1783987243.816732571] [laser_mapping]: publish_map: frame pts=0, total=0
[INFO] [1783987244.816728388] [laser_mapping]: publish_map: frame pts=0, total=0
[INFO] [1783987245.816695841] [laser_mapping]: publish_map: frame pts=0, total=0
[INFO] [1783987246.816694008] [laser_mapping]: publish_map: frame pts=0, total=0
[INFO] [1783987247.816762726] [laser_mapping]: publish_map: frame pts=0, total=0
[INFO] [1783987248.816717742] [laser_mapping]: publish_map: frame pts=0, total=0
[INFO] [1783987249.816587577] [laser_mapping]: publish_map: frame pts=0, total=0
[INFO] [1783987250.816773808] [laser_mapping]: publish_map: frame pts=0, total=0
[INFO] [1783987251.816723036] [laser_mapping]: publish_map: frame pts=0, total=0
[INFO] [1783987252.816688777] [laser_mapping]: publish_map: frame pts=0, total=0
[INFO] [1783987253.816723698] [laser_mapping]: publish_map: frame pts=0, total=0
[INFO] [1783987254.816735113] [laser_mapping]: publish_map: frame pts=0, total=0
[INFO] [1783987255.816618112] [laser_mapping]: publish_map: frame pts=0, total=0
[INFO] [1783987256.816642337] [laser_mapping]: publish_map: frame pts=0, total=0
[INFO] [1783987257.816590569] [laser_mapping]: publish_map: frame pts=0, total=0
[INFO] [1783987258.816591638] [laser_mapping]: publish_map: frame pts=0, total=0
[INFO] [1783987259.816756288] [laser_mapping]: publish_map: frame pts=0, total=0
[INFO] [1783987260.816723807] [laser_mapping]: publish_map: frame pts=0, total=0
[INFO] [1783987261.816602951] [laser_mapping]: publish_map: frame pts=0, total=0
[INFO] [1783987262.816719006] [laser_mapping]: publish_map: frame pts=0, total=0
[INFO] [1783987263.816608671] [laser_mapping]: publish_map: frame pts=0, total=0
[INFO] [1783987264.816621937] [laser_mapping]: publish_map: frame pts=0, total=0
[INFO] [1783987265.816789107] [laser_mapping]: publish_map: frame pts=0, total=0
[INFO] [1783987266.816700316] [laser_mapping]: publish_map: frame pts=0, total=0
[INFO] [1783987267.816812557] [laser_mapping]: publish_map: frame pts=0, total=0
[INFO] [1783987268.816596132] [laser_mapping]: publish_map: frame pts=0, total=0
[INFO] [1783987269.816584837] [laser_mapping]: publish_map: frame pts=0, total=0
[INFO] [1783987270.816798092] [laser_mapping]: publish_map: frame pts=0, total=0
[INFO] [1783987271.816650939] [laser_mapping]: publish_map: frame pts=0, total=0
[INFO] [1783987272.816731988] [laser_mapping]: publish_map: frame pts=0, total=0
[INFO] [1783987273.816596480] [laser_mapping]: publish_map: frame pts=0, total=0
[INFO] [1783987274.816605020] [laser_mapping]: publish_map: frame pts=0, total=0
[INFO] [1783987275.816779869] [laser_mapping]: publish_map: frame pts=0, total=0
[INFO] [1783987276.816628556] [laser_mapping]: publish_map: frame pts=0, total=0
[INFO] [1783987277.816608166] [laser_mapping]: publish_map: frame pts=0, total=0
[INFO] [1783987278.816620677] [laser_mapping]: publish_map: frame pts=0, total=0
[INFO] [1783987279.816600151] [laser_mapping]: publish_map: frame pts=0, total=0
[INFO] [1783987280.816606574] [laser_mapping]: publish_map: frame pts=0, total=0
[INFO] [1783987281.816595559] [laser_mapping]: publish_map: frame pts=0, total=0
[INFO] [1783987282.816592306] [laser_mapping]: publish_map: frame pts=0, total=0
[INFO] [1783987283.816601429] [laser_mapping]: publish_map: frame pts=0, total=0
[INFO] [1783987284.816701112] [laser_mapping]: publish_map: frame pts=0, total=0
[INFO] [1783987285.816619316] [laser_mapping]: publish_map: frame pts=0, total=0
[INFO] [1783987286.816709054] [laser_mapping]: publish_map: frame pts=0, total=0
[INFO] [1783987287.816727887] [laser_mapping]: publish_map: frame pts=0, total=0
[INFO] [1783987288.816783015] [laser_mapping]: publish_map: frame pts=0, total=0
[INFO] [1783987289.816711934] [laser_mapping]: publish_map: frame pts=0, total=0
[INFO] [1783987290.816616362] [laser_mapping]: publish_map: frame pts=0, total=0
[INFO] [1783987291.816803894] [laser_mapping]: publish_map: frame pts=0, total=0
[INFO] [1783987292.816713535] [laser_mapping]: publish_map: frame pts=0, total=0
[INFO] [1783987293.816791026] [laser_mapping]: publish_map: frame pts=0, total=0
[INFO] [1783987294.816753281] [laser_mapping]: publish_map: frame pts=0, total=0
[INFO] [1783987295.816604347] [laser_mapping]: publish_map: frame pts=0, total=0
[INFO] [1783987296.816595828] [laser_mapping]: publish_map: frame pts=0, total=0
[INFO] [1783987297.816592077] [laser_mapping]: publish_map: frame pts=0, total=0
[INFO] [1783987298.816835687] [laser_mapping]: publish_map: frame pts=0, total=0
[INFO] [1783987299.816593269] [laser_mapping]: publish_map: frame pts=0, total=0
[INFO] [1783987300.816620548] [laser_mapping]: publish_map: frame pts=0, total=0
[INFO] [1783987301.816591764] [laser_mapping]: publish_map: frame pts=0, total=0
[INFO] [1783987302.816637342] [laser_mapping]: publish_map: frame pts=0, total=0
[INFO] [1783987303.816597049] [laser_mapping]: publish_map: frame pts=0, total=0
[INFO] [1783987304.816614843] [laser_mapping]: publish_map: frame pts=0, total=0
[INFO] [1783987305.816737405] [laser_mapping]: publish_map: frame pts=0, total=0
[INFO] [1783987306.816866743] [laser_mapping]: publish_map: frame pts=0, total=0
[INFO] [1783987307.816742632] [laser_mapping]: publish_map: frame pts=0, total=0
[INFO] [1783987308.816713968] [laser_mapping]: publish_map: frame pts=0, total=0
[INFO] [1783987309.816778681] [laser_mapping]: publish_map: frame pts=0, total=0
[INFO] [1783987310.816616074] [laser_mapping]: publish_map: frame pts=0, total=0
[INFO] [1783987311.816604198] [laser_mapping]: publish_map: frame pts=0, total=0
[INFO] [1783987312.816594876] [laser_mapping]: publish_map: frame pts=0, total=0
[INFO] [1783987313.816609422] [laser_mapping]: publish_map: frame pts=0, total=0
[INFO] [1783987314.816598232] [laser_mapping]: publish_map: frame pts=0, total=0
[INFO] [1783987315.816636633] [laser_mapping]: publish_map: frame pts=0, total=0
[INFO] [1783987316.816621320] [laser_mapping]: publish_map: frame pts=0, total=0
[INFO] [1783987317.816705742] [laser_mapping]: publish_map: frame pts=0, total=0
[INFO] [1783987318.816767741] [laser_mapping]: publish_map: frame pts=0, total=0
[INFO] [1783987319.816624575] [laser_mapping]: publish_map: frame pts=0, total=0
[INFO] [1783987320.816593850] [laser_mapping]: publish_map: frame pts=0, total=0
[INFO] [1783987321.816596815] [laser_mapping]: publish_map: frame pts=0, total=0
[INFO] [1783987322.816725328] [laser_mapping]: publish_map: frame pts=0, total=0
[INFO] [1783987323.816755162] [laser_mapping]: publish_map: frame pts=0, total=0
[INFO] [1783987324.816778293] [laser_mapping]: publish_map: frame pts=0, total=0
[INFO] [1783987325.816731526] [laser_mapping]: publish_map: frame pts=0, total=0
[INFO] [1783987326.816634734] [laser_mapping]: publish_map: frame pts=0, total=0
[INFO] [1783987327.816596612] [laser_mapping]: publish_map: frame pts=0, total=0
[INFO] [1783987328.816616533] [laser_mapping]: publish_map: frame pts=0, total=0
[INFO] [1783987329.816681021] [laser_mapping]: publish_map: frame pts=0, total=0
[INFO] [1783987330.816623933] [laser_mapping]: publish_map: frame pts=0, total=0
[INFO] [1783987331.816597301] [laser_mapping]: publish_map: frame pts=0, total=0
[INFO] [1783987332.816829339] [laser_mapping]: publish_map: frame pts=0, total=0
[INFO] [1783987333.816622153] [laser_mapping]: publish_map: frame pts=0, total=0
[INFO] [1783987334.816706345] [laser_mapping]: publish_map: frame pts=0, total=0
[INFO] [1783987335.816605716] [laser_mapping]: publish_map: frame pts=0, total=0
[INFO] [1783987336.816627226] [laser_mapping]: publish_map: frame pts=0, total=0
[INFO] [1783987337.816624844] [laser_mapping]: publish_map: frame pts=0, total=0
[INFO] [1783987338.816713774] [laser_mapping]: publish_map: frame pts=0, total=0
[INFO] [1783987339.816736591] [laser_mapping]: publish_map: frame pts=0, total=0
[INFO] [1783987340.816722911] [laser_mapping]: publish_map: frame pts=0, total=0
[INFO] [1783987341.816634245] [laser_mapping]: publish_map: frame pts=0, total=0
[INFO] [1783987342.816607149] [laser_mapping]: publish_map: frame pts=0, total=0
[INFO] [1783987343.816620172] [laser_mapping]: publish_map: frame pts=0, total=0
[INFO] [1783987344.816591346] [laser_mapping]: publish_map: frame pts=0, total=0
[INFO] [1783987345.816598354] [laser_mapping]: publish_map: frame pts=0, total=0
[INFO] [1783987346.816604752] [laser_mapping]: publish_map: frame pts=0, total=0
[INFO] [1783987347.816603749] [laser_mapping]: publish_map: frame pts=0, total=0
[INFO] [1783987348.816627346] [laser_mapping]: publish_map: frame pts=0, total=0
[INFO] [1783987349.816592946] [laser_mapping]: publish_map: frame pts=0, total=0
[INFO] [1783987350.816607845] [laser_mapping]: publish_map: frame pts=0, total=0
[INFO] [1783987351.816619449] [laser_mapping]: publish_map: frame pts=0, total=0
[INFO] [1783987352.816729132] [laser_mapping]: publish_map: frame pts=0, total=0
[INFO] [1783987353.816594122] [laser_mapping]: publish_map: frame pts=0, total=0
[INFO] [1783987354.816758653] [laser_mapping]: publish_map: frame pts=0, total=0
[INFO] [1783987355.816773477] [laser_mapping]: publish_map: frame pts=0, total=0
[INFO] [1783987356.816617354] [laser_mapping]: publish_map: frame pts=0, total=0
[INFO] [1783987357.816745402] [laser_mapping]: publish_map: frame pts=0, total=0
[INFO] [1783987358.816617333] [laser_mapping]: publish_map: frame pts=0, total=0
[INFO] [1783987359.816730225] [laser_mapping]: publish_map: frame pts=0, total=0
[INFO] [1783987360.816588730] [laser_mapping]: publish_map: frame pts=0, total=0
[INFO] [1783987361.816590517] [laser_mapping]: publish_map: frame pts=0, total=0
[INFO] [1783987362.816600886] [laser_mapping]: publish_map: frame pts=0, total=0
[INFO] [1783987363.816618907] [laser_mapping]: publish_map: frame pts=0, total=0
[INFO] [1783987364.816619527] [laser_mapping]: publish_map: frame pts=0, total=0
[INFO] [1783987365.816596098] [laser_mapping]: publish_map: frame pts=0, total=0
[INFO] [1783987366.816591466] [laser_mapping]: publish_map: frame pts=0, total=0
[INFO] [1783987367.816713504] [laser_mapping]: publish_map: frame pts=0, total=0
[INFO] [1783987368.816764175] [laser_mapping]: publish_map: frame pts=0, total=0
[INFO] [1783987369.816722142] [laser_mapping]: publish_map: frame pts=0, total=0
[INFO] [1783987370.816606176] [laser_mapping]: publish_map: frame pts=0, total=0
[INFO] [1783987371.816689990] [laser_mapping]: publish_map: frame pts=0, total=0
[INFO] [1783987372.816723854] [laser_mapping]: publish_map: frame pts=0, total=0
[INFO] [1783987373.816606938] [laser_mapping]: publish_map: frame pts=0, total=0
[INFO] [1783987374.816597587] [laser_mapping]: publish_map: frame pts=0, total=0
[INFO] [1783987375.816601525] [laser_mapping]: publish_map: frame pts=0, total=0
[INFO] [1783987376.816600853] [laser_mapping]: publish_map: frame pts=0, total=0
[INFO] [1783987377.816608508] [laser_mapping]: publish_map: frame pts=0, total=0
[INFO] [1783987378.816593416] [laser_mapping]: publish_map: frame pts=0, total=0
[INFO] [1783987379.816777759] [laser_mapping]: publish_map: frame pts=0, total=0
[INFO] [1783987380.816611291] [laser_mapping]: publish_map: frame pts=0, total=0
[INFO] [1783987381.816739242] [laser_mapping]: publish_map: frame pts=0, total=0
[INFO] [1783987382.816777335] [laser_mapping]: publish_map: frame pts=0, total=0
[INFO] [1783987383.816601465] [laser_mapping]: publish_map: frame pts=0, total=0
[INFO] [1783987384.816613523] [laser_mapping]: publish_map: frame pts=0, total=0
[INFO] [1783987385.816606403] [laser_mapping]: publish_map: frame pts=0, total=0
[INFO] [1783987386.816600903] [laser_mapping]: publish_map: frame pts=0, total=0
[INFO] [1783987387.816607061] [laser_mapping]: publish_map: frame pts=0, total=0
[INFO] [1783987388.816612163] [laser_mapping]: publish_map: frame pts=0, total=0
[INFO] [1783987389.816607320] [laser_mapping]: publish_map: frame pts=0, total=0
[INFO] [1783987390.816602556] [laser_mapping]: publish_map: frame pts=0, total=0
[INFO] [1783987391.816609216] [laser_mapping]: publish_map: frame pts=0, total=0
[INFO] [1783987392.816684380] [laser_mapping]: publish_map: frame pts=0, total=0
[INFO] [1783987393.816615733] [laser_mapping]: publish_map: frame pts=0, total=0
[INFO] [1783987394.816796707] [laser_mapping]: publish_map: frame pts=0, total=0
[INFO] [1783987395.816617462] [laser_mapping]: publish_map: frame pts=0, total=0
[INFO] [1783987396.816786555] [laser_mapping]: publish_map: frame pts=0, total=0
[INFO] [1783987397.816588516] [laser_mapping]: publish_map: frame pts=0, total=0
[INFO] [1783987398.816765608] [laser_mapping]: publish_map: frame pts=0, total=0
[INFO] [1783987399.816775638] [laser_mapping]: publish_map: frame pts=0, total=0
[INFO] [1783987400.816744709] [laser_mapping]: publish_map: frame pts=0, total=0
[INFO] [1783987401.816608398] [laser_mapping]: publish_map: frame pts=0, total=0
[INFO] [1783987402.816615415] [laser_mapping]: publish_map: frame pts=0, total=0
[INFO] [1783987403.816735911] [laser_mapping]: publish_map: frame pts=0, total=0
[INFO] [1783987404.816712744] [laser_mapping]: publish_map: frame pts=0, total=0
[INFO] [1783987405.816821524] [laser_mapping]: publish_map: frame pts=0, total=0
[INFO] [1783987406.816733632] [laser_mapping]: publish_map: frame pts=0, total=0
[INFO] [1783987407.816790581] [laser_mapping]: publish_map: frame pts=0, total=0
[INFO] [1783987408.816776650] [laser_mapping]: publish_map: frame pts=0, total=0
[INFO] [1783987409.816604291] [laser_mapping]: publish_map: frame pts=0, total=0
[INFO] [1783987410.816727258] [laser_mapping]: publish_map: frame pts=0, total=0
[INFO] [1783987411.816786216] [laser_mapping]: publish_map: frame pts=0, total=0
[INFO] [1783987412.816797061] [laser_mapping]: publish_map: frame pts=0, total=0
[INFO] [1783987413.816594146] [laser_mapping]: publish_map: frame pts=0, total=0
[INFO] [1783987414.816777942] [laser_mapping]: publish_map: frame pts=0, total=0
[INFO] [1783987415.816771731] [laser_mapping]: publish_map: frame pts=0, total=0
[INFO] [1783987416.816593914] [laser_mapping]: publish_map: frame pts=0, total=0
[INFO] [1783987417.816619085] [laser_mapping]: publish_map: frame pts=0, total=0
[INFO] [1783987418.816590488] [laser_mapping]: publish_map: frame pts=0, total=0
[INFO] [1783987419.816593320] [laser_mapping]: publish_map: frame pts=0, total=0
[INFO] [1783987420.816582609] [laser_mapping]: publish_map: frame pts=0, total=0
[INFO] [1783987421.816778558] [laser_mapping]: publish_map: frame pts=0, total=0
[INFO] [1783987422.816958058] [laser_mapping]: publish_map: frame pts=0, total=0
[INFO] [1783987423.816705463] [laser_mapping]: publish_map: frame pts=0, total=0
[INFO] [1783987424.816607659] [laser_mapping]: publish_map: frame pts=0, total=0
[INFO] [1783987425.816712317] [laser_mapping]: publish_map: frame pts=0, total=0
[INFO] [1783987426.816624132] [laser_mapping]: publish_map: frame pts=0, total=0
[INFO] [1783987427.816803594] [laser_mapping]: publish_map: frame pts=0, total=0
[INFO] [1783987428.816696851] [laser_mapping]: publish_map: frame pts=0, total=0
[INFO] [1783987429.816729528] [laser_mapping]: publish_map: frame pts=0, total=0
[INFO] [1783987430.816611379] [laser_mapping]: publish_map: frame pts=0, total=0
[INFO] [1783987431.816764452] [laser_mapping]: publish_map: frame pts=0, total=0
[INFO] [1783987432.816833878] [laser_mapping]: publish_map: frame pts=0, total=0
[INFO] [1783987433.816784045] [laser_mapping]: publish_map: frame pts=0, total=0
[INFO] [1783987434.816592504] [laser_mapping]: publish_map: frame pts=0, total=0
[INFO] [1783987435.816621044] [laser_mapping]: publish_map: frame pts=0, total=0
[INFO] [1783987436.816610180] [laser_mapping]: publish_map: frame pts=0, total=0
[INFO] [1783987437.816715953] [laser_mapping]: publish_map: frame pts=0, total=0
[INFO] [1783987438.816701432] [laser_mapping]: publish_map: frame pts=0, total=0
[INFO] [1783987439.816761472] [laser_mapping]: publish_map: frame pts=0, total=0
[INFO] [1783987440.816781014] [laser_mapping]: publish_map: frame pts=0, total=0
[INFO] [1783987441.816599863] [laser_mapping]: publish_map: frame pts=0, total=0
[INFO] [1783987442.816608940] [laser_mapping]: publish_map: frame pts=0, total=0
[INFO] [1783987443.816611778] [laser_mapping]: publish_map: frame pts=0, total=0
[INFO] [1783987444.816605095] [laser_mapping]: publish_map: frame pts=0, total=0
[INFO] [1783987445.816601911] [laser_mapping]: publish_map: frame pts=0, total=0
[INFO] [1783987446.816813972] [laser_mapping]: publish_map: frame pts=0, total=0
[INFO] [1783987447.816794859] [laser_mapping]: publish_map: frame pts=0, total=0
[INFO] [1783987448.816734884] [laser_mapping]: publish_map: frame pts=0, total=0
[INFO] [1783987449.816760622] [laser_mapping]: publish_map: frame pts=0, total=0
[INFO] [1783987450.816633691] [laser_mapping]: publish_map: frame pts=0, total=0
[INFO] [1783987451.816624025] [laser_mapping]: publish_map: frame pts=0, total=0
[INFO] [1783987452.816606354] [laser_mapping]: publish_map: frame pts=0, total=0
[INFO] [1783987453.816721584] [laser_mapping]: publish_map: frame pts=0, total=0
[INFO] [1783987454.816617170] [laser_mapping]: publish_map: frame pts=0, total=0
[INFO] [1783987455.816621997] [laser_mapping]: publish_map: frame pts=0, total=0
[INFO] [1783987456.816597219] [laser_mapping]: publish_map: frame pts=0, total=0
[INFO] [1783987457.816592864] [laser_mapping]: publish_map: frame pts=0, total=0
[INFO] [1783987458.816728071] [laser_mapping]: publish_map: frame pts=0, total=0
[INFO] [1783987459.816764486] [laser_mapping]: publish_map: frame pts=0, total=0
[INFO] [1783987460.816742636] [laser_mapping]: publish_map: frame pts=0, total=0
[INFO] [1783987461.816643799] [laser_mapping]: publish_map: frame pts=0, total=0
[INFO] [1783987462.816735056] [laser_mapping]: publish_map: frame pts=0, total=0
[INFO] [1783987463.816608370] [laser_mapping]: publish_map: frame pts=0, total=0
[INFO] [1783987464.816596863] [laser_mapping]: publish_map: frame pts=0, total=0
[INFO] [1783987465.816595915] [laser_mapping]: publish_map: frame pts=0, total=0
[INFO] [1783987466.816600758] [laser_mapping]: publish_map: frame pts=0, total=0
[INFO] [1783987467.816598353] [laser_mapping]: publish_map: frame pts=0, total=0
[INFO] [1783987468.816589929] [laser_mapping]: publish_map: frame pts=0, total=0
[INFO] [1783987469.816605370] [laser_mapping]: publish_map: frame pts=0, total=0
[INFO] [1783987470.816591255] [laser_mapping]: publish_map: frame pts=0, total=0
[INFO] [1783987471.816607417] [laser_mapping]: publish_map: frame pts=0, total=0
[INFO] [1783987472.816588406] [laser_mapping]: publish_map: frame pts=0, total=0
[INFO] [1783987473.816724558] [laser_mapping]: publish_map: frame pts=0, total=0
[INFO] [1783987474.816770531] [laser_mapping]: publish_map: frame pts=0, total=0
[INFO] [1783987475.816724040] [laser_mapping]: publish_map: frame pts=0, total=0
[INFO] [1783987476.816733350] [laser_mapping]: publish_map: frame pts=0, total=0
[INFO] [1783987477.816647332] [laser_mapping]: publish_map: frame pts=0, total=0
[INFO] [1783987478.816697113] [laser_mapping]: publish_map: frame pts=0, total=0
[INFO] [1783987479.816760423] [laser_mapping]: publish_map: frame pts=0, total=0
[INFO] [1783987480.816758723] [laser_mapping]: publish_map: frame pts=0, total=0
[INFO] [1783987481.816766962] [laser_mapping]: publish_map: frame pts=0, total=0
[INFO] [1783987482.816599435] [laser_mapping]: publish_map: frame pts=0, total=0
[INFO] [1783987483.816598959] [laser_mapping]: publish_map: frame pts=0, total=0
[INFO] [1783987484.816591446] [laser_mapping]: publish_map: frame pts=0, total=0
[INFO] [1783987485.816606120] [laser_mapping]: publish_map: frame pts=0, total=0
[INFO] [1783987486.816707732] [laser_mapping]: publish_map: frame pts=0, total=0
[INFO] [1783987487.816614775] [laser_mapping]: publish_map: frame pts=0, total=0
[INFO] [1783987488.816607563] [laser_mapping]: publish_map: frame pts=0, total=0
[INFO] [1783987489.816620869] [laser_mapping]: publish_map: frame pts=0, total=0
[INFO] [1783987490.816612366] [laser_mapping]: publish_map: frame pts=0, total=0
[INFO] [1783987491.816613441] [laser_mapping]: publish_map: frame pts=0, total=0
[INFO] [1783987492.816771338] [laser_mapping]: publish_map: frame pts=0, total=0
[INFO] [1783987493.816594902] [laser_mapping]: publish_map: frame pts=0, total=0
[INFO] [1783987494.816620406] [laser_mapping]: publish_map: frame pts=0, total=0
[INFO] [1783987495.816600229] [laser_mapping]: publish_map: frame pts=0, total=0
[INFO] [1783987496.816603385] [laser_mapping]: publish_map: frame pts=0, total=0
[INFO] [1783987497.816749098] [laser_mapping]: publish_map: frame pts=0, total=0
[INFO] [1783987498.816782615] [laser_mapping]: publish_map: frame pts=0, total=0
[INFO] [1783987499.816754412] [laser_mapping]: publish_map: frame pts=0, total=0
[INFO] [1783987500.816760714] [laser_mapping]: publish_map: frame pts=0, total=0
[INFO] [1783987501.816597350] [laser_mapping]: publish_map: frame pts=0, total=0
[INFO] [1783987502.816600544] [laser_mapping]: publish_map: frame pts=0, total=0
[INFO] [1783987503.816606938] [laser_mapping]: publish_map: frame pts=0, total=0
[INFO] [1783987504.816592560] [laser_mapping]: publish_map: frame pts=0, total=0
[INFO] [1783987505.816591948] [laser_mapping]: publish_map: frame pts=0, total=0
[INFO] [1783987506.816590427] [laser_mapping]: publish_map: frame pts=0, total=0
[INFO] [1783987507.816591558] [laser_mapping]: publish_map: frame pts=0, total=0
[INFO] [1783987508.816756751] [laser_mapping]: publish_map: frame pts=0, total=0
[INFO] [1783987509.816714923] [laser_mapping]: publish_map: frame pts=0, total=0
[INFO] [1783987510.816612023] [laser_mapping]: publish_map: frame pts=0, total=0
[INFO] [1783987511.816748700] [laser_mapping]: publish_map: frame pts=0, total=0
[INFO] [1783987512.816719400] [laser_mapping]: publish_map: frame pts=0, total=0
[INFO] [1783987513.816794308] [laser_mapping]: publish_map: frame pts=0, total=0
[INFO] [1783987514.816619422] [laser_mapping]: publish_map: frame pts=0, total=0
[INFO] [1783987515.816613197] [laser_mapping]: publish_map: frame pts=0, total=0
[INFO] [1783987516.816614736] [laser_mapping]: publish_map: frame pts=0, total=0
[INFO] [1783987517.816782253] [laser_mapping]: publish_map: frame pts=0, total=0
[INFO] [1783987518.816721325] [laser_mapping]: publish_map: frame pts=0, total=0
[INFO] [1783987519.816608940] [laser_mapping]: publish_map: frame pts=0, total=0
[INFO] [1783987520.816751711] [laser_mapping]: publish_map: frame pts=0, total=0
[INFO] [1783987521.816779404] [laser_mapping]: publish_map: frame pts=0, total=0
[INFO] [1783987522.816608200] [laser_mapping]: publish_map: frame pts=0, total=0
[INFO] [1783987523.816739518] [laser_mapping]: publish_map: frame pts=0, total=0
[INFO] [1783987524.816639761] [laser_mapping]: publish_map: frame pts=0, total=0
[INFO] [1783987525.816752857] [laser_mapping]: publish_map: frame pts=0, total=0
[INFO] [1783987526.816619603] [laser_mapping]: publish_map: frame pts=0, total=0
[INFO] [1783987527.816598445] [laser_mapping]: publish_map: frame pts=0, total=0
[INFO] [1783987528.816600151] [laser_mapping]: publish_map: frame pts=0, total=0
[INFO] [1783987529.816595052] [laser_mapping]: publish_map: frame pts=0, total=0
[INFO] [1783987530.816754727] [laser_mapping]: publish_map: frame pts=0, total=0
[INFO] [1783987531.816603124] [laser_mapping]: publish_map: frame pts=0, total=0
[INFO] [1783987532.816619174] [laser_mapping]: publish_map: frame pts=0, total=0
[INFO] [1783987533.816598517] [laser_mapping]: publish_map: frame pts=0, total=0
[INFO] [1783987534.816596088] [laser_mapping]: publish_map: frame pts=0, total=0
[INFO] [1783987535.816791011] [laser_mapping]: publish_map: frame pts=0, total=0
[INFO] [1783987536.816758104] [laser_mapping]: publish_map: frame pts=0, total=0
[INFO] [1783987537.816748955] [laser_mapping]: publish_map: frame pts=0, total=0
[INFO] [1783987538.816614416] [laser_mapping]: publish_map: frame pts=0, total=0
[INFO] [1783987539.816726028] [laser_mapping]: publish_map: frame pts=0, total=0
[INFO] [1783987540.816590828] [laser_mapping]: publish_map: frame pts=0, total=0
[INFO] [1783987541.816595666] [laser_mapping]: publish_map: frame pts=0, total=0
[INFO] [1783987542.816735339] [laser_mapping]: publish_map: frame pts=0, total=0
[INFO] [1783987543.816605090] [laser_mapping]: publish_map: frame pts=0, total=0
[INFO] [1783987544.816787355] [laser_mapping]: publish_map: frame pts=0, total=0
[INFO] [1783987545.816603202] [laser_mapping]: publish_map: frame pts=0, total=0
[INFO] [1783987546.816618895] [laser_mapping]: publish_map: frame pts=0, total=0
[INFO] [1783987547.816616676] [laser_mapping]: publish_map: frame pts=0, total=0
[INFO] [1783987548.816741068] [laser_mapping]: publish_map: frame pts=0, total=0
[INFO] [1783987549.816771247] [laser_mapping]: publish_map: frame pts=0, total=0
[INFO] [1783987550.816726616] [laser_mapping]: publish_map: frame pts=0, total=0
[INFO] [1783987551.816751292] [laser_mapping]: publish_map: frame pts=0, total=0
[INFO] [1783987552.816718883] [laser_mapping]: publish_map: frame pts=0, total=0
[INFO] [1783987553.816749678] [laser_mapping]: publish_map: frame pts=0, total=0
[INFO] [1783987554.816596247] [laser_mapping]: publish_map: frame pts=0, total=0
[INFO] [1783987555.816599002] [laser_mapping]: publish_map: frame pts=0, total=0
[INFO] [1783987556.816619747] [laser_mapping]: publish_map: frame pts=0, total=0
[INFO] [1783987557.816609050] [laser_mapping]: publish_map: frame pts=0, total=0
[INFO] [1783987558.816648968] [laser_mapping]: publish_map: frame pts=0, total=0
[INFO] [1783987559.816631629] [laser_mapping]: publish_map: frame pts=0, total=0
[INFO] [1783987560.816591562] [laser_mapping]: publish_map: frame pts=0, total=0
[INFO] [1783987561.816615295] [laser_mapping]: publish_map: frame pts=0, total=0
[INFO] [1783987562.816601215] [laser_mapping]: publish_map: frame pts=0, total=0
[INFO] [1783987563.816633378] [laser_mapping]: publish_map: frame pts=0, total=0
[INFO] [1783987564.816762325] [laser_mapping]: publish_map: frame pts=0, total=0
[INFO] [1783987565.816776942] [laser_mapping]: publish_map: frame pts=0, total=0
[INFO] [1783987566.816740389] [laser_mapping]: publish_map: frame pts=0, total=0
[INFO] [1783987567.816696517] [laser_mapping]: publish_map: frame pts=0, total=0
[INFO] [1783987568.816605598] [laser_mapping]: publish_map: frame pts=0, total=0
[INFO] [1783987569.816592454] [laser_mapping]: publish_map: frame pts=0, total=0
[INFO] [1783987570.816711390] [laser_mapping]: publish_map: frame pts=0, total=0
[INFO] [1783987571.816600640] [laser_mapping]: publish_map: frame pts=0, total=0
[INFO] [1783987572.816607153] [laser_mapping]: publish_map: frame pts=0, total=0
[INFO] [1783987573.816605043] [laser_mapping]: publish_map: frame pts=0, total=0
[INFO] [1783987574.816602383] [laser_mapping]: publish_map: frame pts=0, total=0
[INFO] [1783987575.816615355] [laser_mapping]: publish_map: frame pts=0, total=0
[INFO] [1783987576.816615103] [laser_mapping]: publish_map: frame pts=0, total=0
[INFO] [1783987577.816613822] [laser_mapping]: publish_map: frame pts=0, total=0
[INFO] [1783987578.816753028] [laser_mapping]: publish_map: frame pts=0, total=0
[INFO] [1783987579.816743830] [laser_mapping]: publish_map: frame pts=0, total=0
[INFO] [1783987580.816611232] [laser_mapping]: publish_map: frame pts=0, total=0
[INFO] [1783987581.816710153] [laser_mapping]: publish_map: frame pts=0, total=0
[INFO] [1783987582.816765258] [laser_mapping]: publish_map: frame pts=0, total=0
[INFO] [1783987583.816787664] [laser_mapping]: publish_map: frame pts=0, total=0
[INFO] [1783987584.816816172] [laser_mapping]: publish_map: frame pts=0, total=0
[INFO] [1783987585.816764749] [laser_mapping]: publish_map: frame pts=0, total=0
[INFO] [1783987586.816588326] [laser_mapping]: publish_map: frame pts=0, total=0
[INFO] [1783987587.816592736] [laser_mapping]: publish_map: frame pts=0, total=0
[INFO] [1783987588.816592009] [laser_mapping]: publish_map: frame pts=0, total=0
[INFO] [1783987589.816598166] [laser_mapping]: publish_map: frame pts=0, total=0
[INFO] [1783987590.816603362] [laser_mapping]: publish_map: frame pts=0, total=0
[INFO] [1783987591.816605405] [laser_mapping]: publish_map: frame pts=0, total=0
[INFO] [1783987592.816601160] [laser_mapping]: publish_map: frame pts=0, total=0
[INFO] [1783987593.816615439] [laser_mapping]: publish_map: frame pts=0, total=0
[INFO] [1783987594.816784385] [laser_mapping]: publish_map: frame pts=0, total=0
[INFO] [1783987595.816616647] [laser_mapping]: publish_map: frame pts=0, total=0
[INFO] [1783987596.816764486] [laser_mapping]: publish_map: frame pts=0, total=0
[INFO] [1783987597.816786948] [laser_mapping]: publish_map: frame pts=0, total=0
[INFO] [1783987598.816714692] [laser_mapping]: publish_map: frame pts=0, total=0
[INFO] [1783987599.816760967] [laser_mapping]: publish_map: frame pts=0, total=0
[INFO] [1783987600.816599089] [laser_mapping]: publish_map: frame pts=0, total=0
[INFO] [1783987601.816771057] [laser_mapping]: publish_map: frame pts=0, total=0
[INFO] [1783987602.816740871] [laser_mapping]: publish_map: frame pts=0, total=0
[INFO] [1783987603.816603745] [laser_mapping]: publish_map: frame pts=0, total=0
[INFO] [1783987604.816729507] [laser_mapping]: publish_map: frame pts=0, total=0
[INFO] [1783987605.816594470] [laser_mapping]: publish_map: frame pts=0, total=0
[INFO] [1783987606.816592200] [laser_mapping]: publish_map: frame pts=0, total=0
[INFO] [1783987607.816606972] [laser_mapping]: publish_map: frame pts=0, total=0
[INFO] [1783987608.816592529] [laser_mapping]: publish_map: frame pts=0, total=0
[INFO] [1783987609.816794081] [laser_mapping]: publish_map: frame pts=0, total=0
[INFO] [1783987610.816653237] [laser_mapping]: publish_map: frame pts=0, total=0
[INFO] [1783987611.816774530] [laser_mapping]: publish_map: frame pts=0, total=0
[INFO] [1783987612.816811393] [laser_mapping]: publish_map: frame pts=0, total=0
[INFO] [1783987613.816788749] [laser_mapping]: publish_map: frame pts=0, total=0
[INFO] [1783987614.816776297] [laser_mapping]: publish_map: frame pts=0, total=0
[INFO] [1783987615.816594245] [laser_mapping]: publish_map: frame pts=0, total=0
[INFO] [1783987616.816589876] [laser_mapping]: publish_map: frame pts=0, total=0
[INFO] [1783987617.816597614] [laser_mapping]: publish_map: frame pts=0, total=0
[INFO] [1783987618.816590649] [laser_mapping]: publish_map: frame pts=0, total=0
[INFO] [1783987619.816593091] [laser_mapping]: publish_map: frame pts=0, total=0
[INFO] [1783987620.816596504] [laser_mapping]: publish_map: frame pts=0, total=0
[INFO] [1783987621.816756539] [laser_mapping]: publish_map: frame pts=0, total=0
[INFO] [1783987622.816688007] [laser_mapping]: publish_map: frame pts=0, total=0
[INFO] [1783987623.816610887] [laser_mapping]: publish_map: frame pts=0, total=0
[INFO] [1783987624.816784465] [laser_mapping]: publish_map: frame pts=0, total=0
[INFO] [1783987625.816594530] [laser_mapping]: publish_map: frame pts=0, total=0
[INFO] [1783987626.816695133] [laser_mapping]: publish_map: frame pts=0, total=0
[INFO] [1783987627.816836952] [laser_mapping]: publish_map: frame pts=0, total=0
[INFO] [1783987628.816652119] [laser_mapping]: publish_map: frame pts=0, total=0
[INFO] [1783987629.816778309] [laser_mapping]: publish_map: frame pts=0, total=0
[INFO] [1783987630.816615751] [laser_mapping]: publish_map: frame pts=0, total=0
[INFO] [1783987631.816613107] [laser_mapping]: publish_map: frame pts=0, total=0
[INFO] [1783987632.816588734] [laser_mapping]: publish_map: frame pts=0, total=0
[INFO] [1783987633.816593396] [laser_mapping]: publish_map: frame pts=0, total=0
[INFO] [1783987634.816603338] [laser_mapping]: publish_map: frame pts=0, total=0
[INFO] [1783987635.816689084] [laser_mapping]: publish_map: frame pts=0, total=0
[INFO] [1783987636.816743119] [laser_mapping]: publish_map: frame pts=0, total=0
[INFO] [1783987637.816602766] [laser_mapping]: publish_map: frame pts=0, total=0
[INFO] [1783987638.816594605] [laser_mapping]: publish_map: frame pts=0, total=0
[INFO] [1783987639.816609770] [laser_mapping]: publish_map: frame pts=0, total=0
[INFO] [1783987640.816608582] [laser_mapping]: publish_map: frame pts=0, total=0
[INFO] [1783987641.816601538] [laser_mapping]: publish_map: frame pts=0, total=0
[INFO] [1783987642.816727508] [laser_mapping]: publish_map: frame pts=0, total=0
[INFO] [1783987643.816626412] [laser_mapping]: publish_map: frame pts=0, total=0
[INFO] [1783987644.816604624] [laser_mapping]: publish_map: frame pts=0, total=0
[INFO] [1783987645.816720246] [laser_mapping]: publish_map: frame pts=0, total=0
[INFO] [1783987646.816619013] [laser_mapping]: publish_map: frame pts=0, total=0
[INFO] [1783987647.816608768] [laser_mapping]: publish_map: frame pts=0, total=0
[INFO] [1783987648.816719711] [laser_mapping]: publish_map: frame pts=0, total=0
[INFO] [1783987649.816754367] [laser_mapping]: publish_map: frame pts=0, total=0
[INFO] [1783987650.816591685] [laser_mapping]: publish_map: frame pts=0, total=0
[INFO] [1783987651.816731741] [laser_mapping]: publish_map: frame pts=0, total=0
[INFO] [1783987652.816747915] [laser_mapping]: publish_map: frame pts=0, total=0
[INFO] [1783987653.816707186] [laser_mapping]: publish_map: frame pts=0, total=0
[INFO] [1783987654.816795704] [laser_mapping]: publish_map: frame pts=0, total=0
[INFO] [1783987655.816614136] [laser_mapping]: publish_map: frame pts=0, total=0
[INFO] [1783987656.816702400] [laser_mapping]: publish_map: frame pts=0, total=0
[INFO] [1783987657.816640183] [laser_mapping]: publish_map: frame pts=0, total=0
[INFO] [1783987658.816763147] [laser_mapping]: publish_map: frame pts=0, total=0
[INFO] [1783987659.816592169] [laser_mapping]: publish_map: frame pts=0, total=0
[INFO] [1783987660.816752779] [laser_mapping]: publish_map: frame pts=0, total=0
[INFO] [1783987661.816773296] [laser_mapping]: publish_map: frame pts=0, total=0
[INFO] [1783987662.816774798] [laser_mapping]: publish_map: frame pts=0, total=0
[INFO] [1783987663.816604764] [laser_mapping]: publish_map: frame pts=0, total=0
[INFO] [1783987664.816602558] [laser_mapping]: publish_map: frame pts=0, total=0
[INFO] [1783987665.816600872] [laser_mapping]: publish_map: frame pts=0, total=0
[INFO] [1783987666.816609285] [laser_mapping]: publish_map: frame pts=0, total=0
[INFO] [1783987667.816608220] [laser_mapping]: publish_map: frame pts=0, total=0
[INFO] [1783987668.816609933] [laser_mapping]: publish_map: frame pts=0, total=0
[INFO] [1783987669.816606682] [laser_mapping]: publish_map: frame pts=0, total=0
[INFO] [1783987670.816594872] [laser_mapping]: publish_map: frame pts=0, total=0
[INFO] [1783987671.816596723] [laser_mapping]: publish_map: frame pts=0, total=0
[INFO] [1783987672.816596678] [laser_mapping]: publish_map: frame pts=0, total=0
[INFO] [1783987673.816741024] [laser_mapping]: publish_map: frame pts=0, total=0
[INFO] [1783987674.816616196] [laser_mapping]: publish_map: frame pts=0, total=0
[INFO] [1783987675.816670657] [laser_mapping]: publish_map: frame pts=0, total=0
[INFO] [1783987676.816746515] [laser_mapping]: publish_map: frame pts=0, total=0
[INFO] [1783987677.816688689] [laser_mapping]: publish_map: frame pts=0, total=0
[INFO] [1783987678.816724077] [laser_mapping]: publish_map: frame pts=0, total=0
[INFO] [1783987679.816614201] [laser_mapping]: publish_map: frame pts=0, total=0
[INFO] [1783987680.816594838] [laser_mapping]: publish_map: frame pts=0, total=0
[INFO] [1783987681.816605242] [laser_mapping]: publish_map: frame pts=0, total=0
[INFO] [1783987682.816763552] [laser_mapping]: publish_map: frame pts=0, total=0
[INFO] [1783987683.816620114] [laser_mapping]: publish_map: frame pts=0, total=0
[INFO] [1783987684.816600323] [laser_mapping]: publish_map: frame pts=0, total=0
[INFO] [1783987685.816725036] [laser_mapping]: publish_map: frame pts=0, total=0
[INFO] [1783987686.816593869] [laser_mapping]: publish_map: frame pts=0, total=0
[INFO] [1783987687.816605750] [laser_mapping]: publish_map: frame pts=0, total=0
[INFO] [1783987688.816763018] [laser_mapping]: publish_map: frame pts=0, total=0
[INFO] [1783987689.816591890] [laser_mapping]: publish_map: frame pts=0, total=0
[INFO] [1783987690.816593639] [laser_mapping]: publish_map: frame pts=0, total=0
[INFO] [1783987691.816605789] [laser_mapping]: publish_map: frame pts=0, total=0
[INFO] [1783987692.816592620] [laser_mapping]: publish_map: frame pts=0, total=0
[INFO] [1783987693.816597199] [laser_mapping]: publish_map: frame pts=0, total=0
[INFO] [1783987694.816627769] [laser_mapping]: publish_map: frame pts=0, total=0
[INFO] [1783987695.816597754] [laser_mapping]: publish_map: frame pts=0, total=0
[INFO] [1783987696.816595876] [laser_mapping]: publish_map: frame pts=0, total=0
[INFO] [1783987697.816599416] [laser_mapping]: publish_map: frame pts=0, total=0
[INFO] [1783987698.816594912] [laser_mapping]: publish_map: frame pts=0, total=0
[INFO] [1783987699.816742499] [laser_mapping]: publish_map: frame pts=0, total=0
[INFO] [1783987700.816626199] [laser_mapping]: publish_map: frame pts=0, total=0
[INFO] [1783987701.816597088] [laser_mapping]: publish_map: frame pts=0, total=0
[INFO] [1783987702.816609668] [laser_mapping]: publish_map: frame pts=0, total=0
[INFO] [1783987703.816598670] [laser_mapping]: publish_map: frame pts=0, total=0
[INFO] [1783987704.816712453] [laser_mapping]: publish_map: frame pts=0, total=0
[INFO] [1783987705.816595351] [laser_mapping]: publish_map: frame pts=0, total=0
[INFO] [1783987706.816743172] [laser_mapping]: publish_map: frame pts=0, total=0
[INFO] [1783987707.816780915] [laser_mapping]: publish_map: frame pts=0, total=0
[INFO] [1783987708.816613261] [laser_mapping]: publish_map: frame pts=0, total=0
[INFO] [1783987709.816745499] [laser_mapping]: publish_map: frame pts=0, total=0
[INFO] [1783987710.816775082] [laser_mapping]: publish_map: frame pts=0, total=0
[INFO] [1783987711.816641405] [laser_mapping]: publish_map: frame pts=0, total=0
[INFO] [1783987712.816600628] [laser_mapping]: publish_map: frame pts=0, total=0
[INFO] [1783987713.816595453] [laser_mapping]: publish_map: frame pts=0, total=0
[INFO] [1783987714.816746206] [laser_mapping]: publish_map: frame pts=0, total=0
[INFO] [1783987715.816751015] [laser_mapping]: publish_map: frame pts=0, total=0
[INFO] [1783987716.816624337] [laser_mapping]: publish_map: frame pts=0, total=0
[INFO] [1783987717.816740017] [laser_mapping]: publish_map: frame pts=0, total=0
[INFO] [1783987718.816787312] [laser_mapping]: publish_map: frame pts=0, total=0
[INFO] [1783987719.816659905] [laser_mapping]: publish_map: frame pts=0, total=0
[INFO] [1783987720.816590825] [laser_mapping]: publish_map: frame pts=0, total=0
[INFO] [1783987721.816630268] [laser_mapping]: publish_map: frame pts=0, total=0
[INFO] [1783987722.816672343] [laser_mapping]: publish_map: frame pts=0, total=0
[INFO] [1783987723.816738087] [laser_mapping]: publish_map: frame pts=0, total=0
[INFO] [1783987724.816606844] [laser_mapping]: publish_map: frame pts=0, total=0
[INFO] [1783987725.816629570] [laser_mapping]: publish_map: frame pts=0, total=0
[INFO] [1783987726.816771454] [laser_mapping]: publish_map: frame pts=0, total=0
[INFO] [1783987727.816677487] [laser_mapping]: publish_map: frame pts=0, total=0
[INFO] [1783987728.816828598] [laser_mapping]: publish_map: frame pts=0, total=0
[INFO] [1783987729.816616976] [laser_mapping]: publish_map: frame pts=0, total=0
[INFO] [1783987730.816605410] [laser_mapping]: publish_map: frame pts=0, total=0
[INFO] [1783987731.816761989] [laser_mapping]: publish_map: frame pts=0, total=0
[INFO] [1783987732.816649862] [laser_mapping]: publish_map: frame pts=0, total=0
[INFO] [1783987733.816616104] [laser_mapping]: publish_map: frame pts=0, total=0
[INFO] [1783987734.816764048] [laser_mapping]: publish_map: frame pts=0, total=0
[INFO] [1783987735.816772927] [laser_mapping]: publish_map: frame pts=0, total=0
[INFO] [1783987736.816710819] [laser_mapping]: publish_map: frame pts=0, total=0
[INFO] [1783987737.816593974] [laser_mapping]: publish_map: frame pts=0, total=0
[INFO] [1783987738.816692479] [laser_mapping]: publish_map: frame pts=0, total=0
[INFO] [1783987739.816756030] [laser_mapping]: publish_map: frame pts=0, total=0
[INFO] [1783987740.816739102] [laser_mapping]: publish_map: frame pts=0, total=0
[INFO] [1783987741.816757768] [laser_mapping]: publish_map: frame pts=0, total=0
[INFO] [1783987742.816719754] [laser_mapping]: publish_map: frame pts=0, total=0
[INFO] [1783987743.816637438] [laser_mapping]: publish_map: frame pts=0, total=0
[INFO] [1783987744.816608977] [laser_mapping]: publish_map: frame pts=0, total=0
[INFO] [1783987745.816740369] [laser_mapping]: publish_map: frame pts=0, total=0
[INFO] [1783987746.816683176] [laser_mapping]: publish_map: frame pts=0, total=0
[INFO] [1783987747.816690126] [laser_mapping]: publish_map: frame pts=0, total=0
[INFO] [1783987748.816594283] [laser_mapping]: publish_map: frame pts=0, total=0
[INFO] [1783987749.816782481] [laser_mapping]: publish_map: frame pts=0, total=0
[INFO] [1783987750.816739049] [laser_mapping]: publish_map: frame pts=0, total=0
[INFO] [1783987751.816598204] [laser_mapping]: publish_map: frame pts=0, total=0
[INFO] [1783987752.816788216] [laser_mapping]: publish_map: frame pts=0, total=0
[INFO] [1783987753.816618213] [laser_mapping]: publish_map: frame pts=0, total=0
[INFO] [1783987754.816614292] [laser_mapping]: publish_map: frame pts=0, total=0
[INFO] [1783987755.816620772] [laser_mapping]: publish_map: frame pts=0, total=0
[INFO] [1783987756.816606083] [laser_mapping]: publish_map: frame pts=0, total=0
[INFO] [1783987757.816618160] [laser_mapping]: publish_map: frame pts=0, total=0
[INFO] [1783987758.816776078] [laser_mapping]: publish_map: frame pts=0, total=0
[INFO] [1783987759.816611205] [laser_mapping]: publish_map: frame pts=0, total=0
[INFO] [1783987760.816620302] [laser_mapping]: publish_map: frame pts=0, total=0
[INFO] [1783987761.816621254] [laser_mapping]: publish_map: frame pts=0, total=0
[INFO] [1783987762.816681559] [laser_mapping]: publish_map: frame pts=0, total=0
[INFO] [1783987763.816801673] [laser_mapping]: publish_map: frame pts=0, total=0
[INFO] [1783987764.816771752] [laser_mapping]: publish_map: frame pts=0, total=0
[INFO] [1783987765.816750583] [laser_mapping]: publish_map: frame pts=0, total=0
[INFO] [1783987766.816707572] [laser_mapping]: publish_map: frame pts=0, total=0
[INFO] [1783987767.816618870] [laser_mapping]: publish_map: frame pts=0, total=0
[INFO] [1783987768.816695387] [laser_mapping]: publish_map: frame pts=0, total=0
[INFO] [1783987769.816769924] [laser_mapping]: publish_map: frame pts=0, total=0
[INFO] [1783987770.816750779] [laser_mapping]: publish_map: frame pts=0, total=0
[INFO] [1783987771.816631331] [laser_mapping]: publish_map: frame pts=0, total=0
[INFO] [1783987772.816615010] [laser_mapping]: publish_map: frame pts=0, total=0
[INFO] [1783987773.816606041] [laser_mapping]: publish_map: frame pts=0, total=0
[INFO] [1783987774.816601958] [laser_mapping]: publish_map: frame pts=0, total=0
[INFO] [1783987775.816603514] [laser_mapping]: publish_map: frame pts=0, total=0
[INFO] [1783987776.816605106] [laser_mapping]: publish_map: frame pts=0, total=0
[INFO] [1783987777.816681145] [laser_mapping]: publish_map: frame pts=0, total=0
[INFO] [1783987778.816626692] [laser_mapping]: publish_map: frame pts=0, total=0
[INFO] [1783987779.816588501] [laser_mapping]: publish_map: frame pts=0, total=0
[INFO] [1783987780.816751594] [laser_mapping]: publish_map: frame pts=0, total=0
[INFO] [1783987781.816590672] [laser_mapping]: publish_map: frame pts=0, total=0
[INFO] [1783987782.816759044] [laser_mapping]: publish_map: frame pts=0, total=0
[INFO] [1783987783.816601931] [laser_mapping]: publish_map: frame pts=0, total=0
[INFO] [1783987784.816841655] [laser_mapping]: publish_map: frame pts=0, total=0
[INFO] [1783987785.816586491] [laser_mapping]: publish_map: frame pts=0, total=0
[INFO] [1783987786.816791677] [laser_mapping]: publish_map: frame pts=0, total=0
[INFO] [1783987787.816587855] [laser_mapping]: publish_map: frame pts=0, total=0
[INFO] [1783987788.816630052] [laser_mapping]: publish_map: frame pts=0, total=0
[INFO] [1783987789.816594477] [laser_mapping]: publish_map: frame pts=0, total=0
[INFO] [1783987790.816787251] [laser_mapping]: publish_map: frame pts=0, total=0
[INFO] [1783987791.816626647] [laser_mapping]: publish_map: frame pts=0, total=0
[INFO] [1783987792.816717453] [laser_mapping]: publish_map: frame pts=0, total=0
[INFO] [1783987793.816739758] [laser_mapping]: publish_map: frame pts=0, total=0
[INFO] [1783987794.816758822] [laser_mapping]: publish_map: frame pts=0, total=0
[INFO] [1783987795.816784094] [laser_mapping]: publish_map: frame pts=0, total=0
[INFO] [1783987796.816596416] [laser_mapping]: publish_map: frame pts=0, total=0
[INFO] [1783987797.816595742] [laser_mapping]: publish_map: frame pts=0, total=0
[INFO] [1783987798.816610898] [laser_mapping]: publish_map: frame pts=0, total=0
[INFO] [1783987799.816608740] [laser_mapping]: publish_map: frame pts=0, total=0
[INFO] [1783987800.816731047] [laser_mapping]: publish_map: frame pts=0, total=0
[INFO] [1783987801.816613854] [laser_mapping]: publish_map: frame pts=0, total=0
[INFO] [1783987802.816743961] [laser_mapping]: publish_map: frame pts=0, total=0
[INFO] [1783987803.816726344] [laser_mapping]: publish_map: frame pts=0, total=0
[INFO] [1783987804.816889814] [laser_mapping]: publish_map: frame pts=0, total=0
[INFO] [1783987805.816604267] [laser_mapping]: publish_map: frame pts=0, total=0
[INFO] [1783987806.816784580] [laser_mapping]: publish_map: frame pts=0, total=0
[INFO] [1783987807.816609924] [laser_mapping]: publish_map: frame pts=0, total=0
[INFO] [1783987808.816595387] [laser_mapping]: publish_map: frame pts=0, total=0
[INFO] [1783987809.816589825] [laser_mapping]: publish_map: frame pts=0, total=0
[INFO] [1783987810.816590510] [laser_mapping]: publish_map: frame pts=0, total=0
[INFO] [1783987811.816645420] [laser_mapping]: publish_map: frame pts=0, total=0
[INFO] [1783987812.816766680] [laser_mapping]: publish_map: frame pts=0, total=0
[INFO] [1783987813.816616710] [laser_mapping]: publish_map: frame pts=0, total=0
[INFO] [1783987814.816632186] [laser_mapping]: publish_map: frame pts=0, total=0
[INFO] [1783987815.816592231] [laser_mapping]: publish_map: frame pts=0, total=0
[INFO] [1783987816.816714195] [laser_mapping]: publish_map: frame pts=0, total=0
[INFO] [1783987817.816591674] [laser_mapping]: publish_map: frame pts=0, total=0
[INFO] [1783987818.816588247] [laser_mapping]: publish_map: frame pts=0, total=0
[INFO] [1783987819.816796405] [laser_mapping]: publish_map: frame pts=0, total=0
[INFO] [1783987820.816719093] [laser_mapping]: publish_map: frame pts=0, total=0
[INFO] [1783987821.816623479] [laser_mapping]: publish_map: frame pts=0, total=0
[INFO] [1783987822.816614765] [laser_mapping]: publish_map: frame pts=0, total=0
[INFO] [1783987823.816609961] [laser_mapping]: publish_map: frame pts=0, total=0
[INFO] [1783987824.816607029] [laser_mapping]: publish_map: frame pts=0, total=0
[INFO] [1783987825.816620246] [laser_mapping]: publish_map: frame pts=0, total=0
[INFO] [1783987826.816597939] [laser_mapping]: publish_map: frame pts=0, total=0
[INFO] [1783987827.816639266] [laser_mapping]: publish_map: frame pts=0, total=0
[INFO] [1783987828.816600055] [laser_mapping]: publish_map: frame pts=0, total=0
[INFO] [1783987829.816598800] [laser_mapping]: publish_map: frame pts=0, total=0
[INFO] [1783987830.816642294] [laser_mapping]: publish_map: frame pts=0, total=0
[INFO] [1783987831.816612236] [laser_mapping]: publish_map: frame pts=0, total=0
[INFO] [1783987832.816732031] [laser_mapping]: publish_map: frame pts=0, total=0
[INFO] [1783987833.816759767] [laser_mapping]: publish_map: frame pts=0, total=0
[INFO] [1783987834.816730810] [laser_mapping]: publish_map: frame pts=0, total=0
[INFO] [1783987835.816620640] [laser_mapping]: publish_map: frame pts=0, total=0
[INFO] [1783987836.816752863] [laser_mapping]: publish_map: frame pts=0, total=0
[INFO] [1783987837.816590753] [laser_mapping]: publish_map: frame pts=0, total=0
[INFO] [1783987838.816744669] [laser_mapping]: publish_map: frame pts=0, total=0
[INFO] [1783987839.816728338] [laser_mapping]: publish_map: frame pts=0, total=0
[INFO] [1783987840.816614404] [laser_mapping]: publish_map: frame pts=0, total=0
[INFO] [1783987841.816587163] [laser_mapping]: publish_map: frame pts=0, total=0
[INFO] [1783987842.816747850] [laser_mapping]: publish_map: frame pts=0, total=0
[INFO] [1783987843.816601655] [laser_mapping]: publish_map: frame pts=0, total=0
[INFO] [1783987844.816606817] [laser_mapping]: publish_map: frame pts=0, total=0
[INFO] [1783987845.816722856] [laser_mapping]: publish_map: frame pts=0, total=0
[INFO] [1783987846.816786702] [laser_mapping]: publish_map: frame pts=0, total=0
[INFO] [1783987847.816709073] [laser_mapping]: publish_map: frame pts=0, total=0
[INFO] [1783987848.816590628] [laser_mapping]: publish_map: frame pts=0, total=0
[INFO] [1783987849.816764520] [laser_mapping]: publish_map: frame pts=0, total=0
[INFO] [1783987850.816731250] [laser_mapping]: publish_map: frame pts=0, total=0
[INFO] [1783987851.816594202] [laser_mapping]: publish_map: frame pts=0, total=0
[INFO] [1783987852.816595131] [laser_mapping]: publish_map: frame pts=0, total=0
[INFO] [1783987853.816619884] [laser_mapping]: publish_map: frame pts=0, total=0
[INFO] [1783987854.816653482] [laser_mapping]: publish_map: frame pts=0, total=0
[INFO] [1783987855.816592508] [laser_mapping]: publish_map: frame pts=0, total=0
[INFO] [1783987856.816586075] [laser_mapping]: publish_map: frame pts=0, total=0
[INFO] [1783987857.816705706] [laser_mapping]: publish_map: frame pts=0, total=0
[INFO] [1783987858.816796471] [laser_mapping]: publish_map: frame pts=0, total=0
[INFO] [1783987859.816590316] [laser_mapping]: publish_map: frame pts=0, total=0
[INFO] [1783987860.816589736] [laser_mapping]: publish_map: frame pts=0, total=0
[INFO] [1783987861.816717175] [laser_mapping]: publish_map: frame pts=0, total=0
[INFO] [1783987862.816591809] [laser_mapping]: publish_map: frame pts=0, total=0
[INFO] [1783987863.816604642] [laser_mapping]: publish_map: frame pts=0, total=0
[INFO] [1783987864.816600579] [laser_mapping]: publish_map: frame pts=0, total=0
[INFO] [1783987865.816709384] [laser_mapping]: publish_map: frame pts=0, total=0
[INFO] [1783987866.816622206] [laser_mapping]: publish_map: frame pts=0, total=0
[INFO] [1783987867.816586095] [laser_mapping]: publish_map: frame pts=0, total=0
[INFO] [1783987868.816596060] [laser_mapping]: publish_map: frame pts=0, total=0
[INFO] [1783987869.816623577] [laser_mapping]: publish_map: frame pts=0, total=0
[INFO] [1783987870.816711722] [laser_mapping]: publish_map: frame pts=0, total=0
[INFO] [1783987871.816780833] [laser_mapping]: publish_map: frame pts=0, total=0
[INFO] [1783987872.816709688] [laser_mapping]: publish_map: frame pts=0, total=0
[INFO] [1783987873.816624099] [laser_mapping]: publish_map: frame pts=0, total=0
[INFO] [1783987874.816706842] [laser_mapping]: publish_map: frame pts=0, total=0
[INFO] [1783987875.816703387] [laser_mapping]: publish_map: frame pts=0, total=0
[INFO] [1783987876.816778927] [laser_mapping]: publish_map: frame pts=0, total=0
[INFO] [1783987877.816726784] [laser_mapping]: publish_map: frame pts=0, total=0
[INFO] [1783987878.816609408] [laser_mapping]: publish_map: frame pts=0, total=0
[INFO] [1783987879.816592574] [laser_mapping]: publish_map: frame pts=0, total=0
[INFO] [1783987880.816587589] [laser_mapping]: publish_map: frame pts=0, total=0
[INFO] [1783987881.816590906] [laser_mapping]: publish_map: frame pts=0, total=0
[INFO] [1783987882.816729728] [laser_mapping]: publish_map: frame pts=0, total=0
[INFO] [1783987883.816723931] [laser_mapping]: publish_map: frame pts=0, total=0
[INFO] [1783987884.816720415] [laser_mapping]: publish_map: frame pts=0, total=0
[INFO] [1783987885.816614778] [laser_mapping]: publish_map: frame pts=0, total=0
[INFO] [1783987886.816599498] [laser_mapping]: publish_map: frame pts=0, total=0
[INFO] [1783987887.816763427] [laser_mapping]: publish_map: frame pts=0, total=0
[INFO] [1783987888.816597689] [laser_mapping]: publish_map: frame pts=0, total=0
[INFO] [1783987889.816752011] [laser_mapping]: publish_map: frame pts=0, total=0
[INFO] [1783987890.816608754] [laser_mapping]: publish_map: frame pts=0, total=0
[INFO] [1783987891.816599036] [laser_mapping]: publish_map: frame pts=0, total=0
[INFO] [1783987892.816616185] [laser_mapping]: publish_map: frame pts=0, total=0
[INFO] [1783987893.816600341] [laser_mapping]: publish_map: frame pts=0, total=0
[INFO] [1783987894.816604709] [laser_mapping]: publish_map: frame pts=0, total=0
[INFO] [1783987895.816608069] [laser_mapping]: publish_map: frame pts=0, total=0
[INFO] [1783987896.816611797] [laser_mapping]: publish_map: frame pts=0, total=0
[INFO] [1783987897.816601196] [laser_mapping]: publish_map: frame pts=0, total=0
[INFO] [1783987898.816766254] [laser_mapping]: publish_map: frame pts=0, total=0
[INFO] [1783987899.816605102] [laser_mapping]: publish_map: frame pts=0, total=0
[INFO] [1783987900.816744537] [laser_mapping]: publish_map: frame pts=0, total=0
[INFO] [1783987901.816878694] [laser_mapping]: publish_map: frame pts=0, total=0
[INFO] [1783987902.816613150] [laser_mapping]: publish_map: frame pts=0, total=0
[INFO] [1783987903.816628819] [laser_mapping]: publish_map: frame pts=0, total=0
[INFO] [1783987904.816755812] [laser_mapping]: publish_map: frame pts=0, total=0
[INFO] [1783987905.816761654] [laser_mapping]: publish_map: frame pts=0, total=0
[INFO] [1783987906.816617995] [laser_mapping]: publish_map: frame pts=0, total=0
[INFO] [1783987907.816613479] [laser_mapping]: publish_map: frame pts=0, total=0
[INFO] [1783987908.816724548] [laser_mapping]: publish_map: frame pts=0, total=0
[INFO] [1783987909.816764089] [laser_mapping]: publish_map: frame pts=0, total=0
[INFO] [1783987910.816614175] [laser_mapping]: publish_map: frame pts=0, total=0
[INFO] [1783987911.816629055] [laser_mapping]: publish_map: frame pts=0, total=0
[INFO] [1783987912.816733433] [laser_mapping]: publish_map: frame pts=0, total=0
[INFO] [1783987913.816595056] [laser_mapping]: publish_map: frame pts=0, total=0
[INFO] [1783987914.816743548] [laser_mapping]: publish_map: frame pts=0, total=0
[INFO] [1783987915.816619555] [laser_mapping]: publish_map: frame pts=0, total=0
[INFO] [1783987916.816738620] [laser_mapping]: publish_map: frame pts=0, total=0
[INFO] [1783987917.816607578] [laser_mapping]: publish_map: frame pts=0, total=0
[INFO] [1783987918.816665737] [laser_mapping]: publish_map: frame pts=0, total=0
[INFO] [1783987919.816768183] [laser_mapping]: publish_map: frame pts=0, total=0
[INFO] [1783987920.816791603] [laser_mapping]: publish_map: frame pts=0, total=0
[INFO] [1783987921.816600477] [laser_mapping]: publish_map: frame pts=0, total=0
[INFO] [1783987922.816614540] [laser_mapping]: publish_map: frame pts=0, total=0
[INFO] [1783987923.816746149] [laser_mapping]: publish_map: frame pts=0, total=0
[INFO] [1783987924.816693258] [laser_mapping]: publish_map: frame pts=0, total=0
[INFO] [1783987925.816613001] [laser_mapping]: publish_map: frame pts=0, total=0
[INFO] [1783987926.816691795] [laser_mapping]: publish_map: frame pts=0, total=0
[INFO] [1783987927.816585545] [laser_mapping]: publish_map: frame pts=0, total=0
[INFO] [1783987928.816592012] [laser_mapping]: publish_map: frame pts=0, total=0
[INFO] [1783987929.816789689] [laser_mapping]: publish_map: frame pts=0, total=0
[INFO] [1783987930.816654688] [laser_mapping]: publish_map: frame pts=0, total=0
[INFO] [1783987931.816593967] [laser_mapping]: publish_map: frame pts=0, total=0
[INFO] [1783987932.816713814] [laser_mapping]: publish_map: frame pts=0, total=0
[INFO] [1783987933.816741928] [laser_mapping]: publish_map: frame pts=0, total=0
[INFO] [1783987934.816746404] [laser_mapping]: publish_map: frame pts=0, total=0
[INFO] [1783987935.816759136] [laser_mapping]: publish_map: frame pts=0, total=0
[INFO] [1783987936.816745214] [laser_mapping]: publish_map: frame pts=0, total=0
[INFO] [1783987937.816717276] [laser_mapping]: publish_map: frame pts=0, total=0
[INFO] [1783987938.816753824] [laser_mapping]: publish_map: frame pts=0, total=0
[INFO] [1783987939.816726572] [laser_mapping]: publish_map: frame pts=0, total=0
[INFO] [1783987940.816728614] [laser_mapping]: publish_map: frame pts=0, total=0
[INFO] [1783987941.816739401] [laser_mapping]: publish_map: frame pts=0, total=0
[INFO] [1783987942.816636104] [laser_mapping]: publish_map: frame pts=0, total=0
[INFO] [1783987943.816590227] [laser_mapping]: publish_map: frame pts=0, total=0
[INFO] [1783987944.816710818] [laser_mapping]: publish_map: frame pts=0, total=0
[INFO] [1783987945.816624948] [laser_mapping]: publish_map: frame pts=0, total=0
[INFO] [1783987946.816601318] [laser_mapping]: publish_map: frame pts=0, total=0
[INFO] [1783987947.816763319] [laser_mapping]: publish_map: frame pts=0, total=0
[INFO] [1783987948.816739028] [laser_mapping]: publish_map: frame pts=0, total=0
[INFO] [1783987949.816635319] [laser_mapping]: publish_map: frame pts=0, total=0
[INFO] [1783987950.816582670] [laser_mapping]: publish_map: frame pts=0, total=0
[INFO] [1783987951.816596923] [laser_mapping]: publish_map: frame pts=0, total=0
[INFO] [1783987952.816727309] [laser_mapping]: publish_map: frame pts=0, total=0
[INFO] [1783987953.816696003] [laser_mapping]: publish_map: frame pts=0, total=0
[INFO] [1783987954.816594071] [laser_mapping]: publish_map: frame pts=0, total=0
[INFO] [1783987955.816617688] [laser_mapping]: publish_map: frame pts=0, total=0
[INFO] [1783987956.816620840] [laser_mapping]: publish_map: frame pts=0, total=0
[INFO] [1783987957.816607409] [laser_mapping]: publish_map: frame pts=0, total=0
[INFO] [1783987958.816587842] [laser_mapping]: publish_map: frame pts=0, total=0
[INFO] [1783987959.816760494] [laser_mapping]: publish_map: frame pts=0, total=0
[INFO] [1783987960.816733917] [laser_mapping]: publish_map: frame pts=0, total=0
[INFO] [1783987961.816615092] [laser_mapping]: publish_map: frame pts=0, total=0
[INFO] [1783987962.816779212] [laser_mapping]: publish_map: frame pts=0, total=0
[INFO] [1783987963.816741169] [laser_mapping]: publish_map: frame pts=0, total=0
[INFO] [1783987964.816592411] [laser_mapping]: publish_map: frame pts=0, total=0
[INFO] [1783987965.816589273] [laser_mapping]: publish_map: frame pts=0, total=0
[INFO] [1783987966.816751081] [laser_mapping]: publish_map: frame pts=0, total=0
[INFO] [1783987967.816688656] [laser_mapping]: publish_map: frame pts=0, total=0
[INFO] [1783987968.816631207] [laser_mapping]: publish_map: frame pts=0, total=0
[INFO] [1783987969.816614172] [laser_mapping]: publish_map: frame pts=0, total=0
[INFO] [1783987970.816611862] [laser_mapping]: publish_map: frame pts=0, total=0
[INFO] [1783987971.816591512] [laser_mapping]: publish_map: frame pts=0, total=0
[INFO] [1783987972.816762713] [laser_mapping]: publish_map: frame pts=0, total=0
[INFO] [1783987973.816743398] [laser_mapping]: publish_map: frame pts=0, total=0
[INFO] [1783987974.816750019] [laser_mapping]: publish_map: frame pts=0, total=0
[INFO] [1783987975.816699465] [laser_mapping]: publish_map: frame pts=0, total=0
[INFO] [1783987976.816611052] [laser_mapping]: publish_map: frame pts=0, total=0
[INFO] [1783987977.816606763] [laser_mapping]: publish_map: frame pts=0, total=0
[INFO] [1783987978.816726955] [laser_mapping]: publish_map: frame pts=0, total=0
[INFO] [1783987979.816615109] [laser_mapping]: publish_map: frame pts=0, total=0
[INFO] [1783987980.816738153] [laser_mapping]: publish_map: frame pts=0, total=0
[INFO] [1783987981.816763854] [laser_mapping]: publish_map: frame pts=0, total=0
[INFO] [1783987982.816639580] [laser_mapping]: publish_map: frame pts=0, total=0
[INFO] [1783987983.816659893] [laser_mapping]: publish_map: frame pts=0, total=0
[INFO] [1783987984.816602623] [laser_mapping]: publish_map: frame pts=0, total=0
[INFO] [1783987985.816592450] [laser_mapping]: publish_map: frame pts=0, total=0
[INFO] [1783987986.816608352] [laser_mapping]: publish_map: frame pts=0, total=0
[INFO] [1783987987.816752589] [laser_mapping]: publish_map: frame pts=0, total=0
[INFO] [1783987988.816772829] [laser_mapping]: publish_map: frame pts=0, total=0
[INFO] [1783987989.816741193] [laser_mapping]: publish_map: frame pts=0, total=0
[INFO] [1783987990.816805373] [laser_mapping]: publish_map: frame pts=0, total=0
[INFO] [1783987991.816736723] [laser_mapping]: publish_map: frame pts=0, total=0
[INFO] [1783987992.816687813] [laser_mapping]: publish_map: frame pts=0, total=0
[INFO] [1783987993.816608839] [laser_mapping]: publish_map: frame pts=0, total=0
[INFO] [1783987994.816585140] [laser_mapping]: publish_map: frame pts=0, total=0
[INFO] [1783987995.816764316] [laser_mapping]: publish_map: frame pts=0, total=0
[INFO] [1783987996.816587423] [laser_mapping]: publish_map: frame pts=0, total=0
[INFO] [1783987997.816606440] [laser_mapping]: publish_map: frame pts=0, total=0
[INFO] [1783987998.816606083] [laser_mapping]: publish_map: frame pts=0, total=0
[INFO] [1783987999.816628456] [laser_mapping]: publish_map: frame pts=0, total=0
[INFO] [1783988000.816683498] [laser_mapping]: publish_map: frame pts=0, total=0
[INFO] [1783988001.816780622] [laser_mapping]: publish_map: frame pts=0, total=0
[INFO] [1783988002.816599818] [laser_mapping]: publish_map: frame pts=0, total=0
[INFO] [1783988003.816689881] [laser_mapping]: publish_map: frame pts=0, total=0
[INFO] [1783988004.816608055] [laser_mapping]: publish_map: frame pts=0, total=0
[INFO] [1783988005.816593248] [laser_mapping]: publish_map: frame pts=0, total=0
[INFO] [1783988006.816599993] [laser_mapping]: publish_map: frame pts=0, total=0
[INFO] [1783988007.816592884] [laser_mapping]: publish_map: frame pts=0, total=0
[INFO] [1783988008.816591917] [laser_mapping]: publish_map: frame pts=0, total=0
[INFO] [1783988009.816612757] [laser_mapping]: publish_map: frame pts=0, total=0
[INFO] [1783988010.816588847] [laser_mapping]: publish_map: frame pts=0, total=0
[INFO] [1783988011.816589339] [laser_mapping]: publish_map: frame pts=0, total=0
[INFO] [1783988012.816702325] [laser_mapping]: publish_map: frame pts=0, total=0
[INFO] [1783988013.816614260] [laser_mapping]: publish_map: frame pts=0, total=0
[INFO] [1783988014.816755113] [laser_mapping]: publish_map: frame pts=0, total=0
[INFO] [1783988015.816616992] [laser_mapping]: publish_map: frame pts=0, total=0
[INFO] [1783988016.816612651] [laser_mapping]: publish_map: frame pts=0, total=0
[INFO] [1783988017.816615159] [laser_mapping]: publish_map: frame pts=0, total=0
[INFO] [1783988018.816719762] [laser_mapping]: publish_map: frame pts=0, total=0
[INFO] [1783988019.816611653] [laser_mapping]: publish_map: frame pts=0, total=0
[INFO] [1783988020.816605200] [laser_mapping]: publish_map: frame pts=0, total=0
[INFO] [1783988021.816616958] [laser_mapping]: publish_map: frame pts=0, total=0
[INFO] [1783988022.816594130] [laser_mapping]: publish_map: frame pts=0, total=0
[INFO] [1783988023.816589749] [laser_mapping]: publish_map: frame pts=0, total=0
[INFO] [1783988024.816590607] [laser_mapping]: publish_map: frame pts=0, total=0
[INFO] [1783988025.816593161] [laser_mapping]: publish_map: frame pts=0, total=0
[INFO] [1783988026.816617561] [laser_mapping]: publish_map: frame pts=0, total=0
[INFO] [1783988027.816624544] [laser_mapping]: publish_map: frame pts=0, total=0
[INFO] [1783988028.816599712] [laser_mapping]: publish_map: frame pts=0, total=0
[INFO] [1783988029.816619420] [laser_mapping]: publish_map: frame pts=0, total=0
[INFO] [1783988030.816636938] [laser_mapping]: publish_map: frame pts=0, total=0
[INFO] [1783988031.816744014] [laser_mapping]: publish_map: frame pts=0, total=0
[INFO] [1783988032.816598435] [laser_mapping]: publish_map: frame pts=0, total=0
[INFO] [1783988033.816602712] [laser_mapping]: publish_map: frame pts=0, total=0
[INFO] [1783988034.816582621] [laser_mapping]: publish_map: frame pts=0, total=0
[INFO] [1783988035.816743276] [laser_mapping]: publish_map: frame pts=0, total=0
[INFO] [1783988036.816788683] [laser_mapping]: publish_map: frame pts=0, total=0
[INFO] [1783988037.816780577] [laser_mapping]: publish_map: frame pts=0, total=0
[INFO] [1783988038.816772478] [laser_mapping]: publish_map: frame pts=0, total=0
[INFO] [1783988039.816603913] [laser_mapping]: publish_map: frame pts=0, total=0
[INFO] [1783988040.816789343] [laser_mapping]: publish_map: frame pts=0, total=0
[INFO] [1783988041.816613162] [laser_mapping]: publish_map: frame pts=0, total=0
[INFO] [1783988042.816766036] [laser_mapping]: publish_map: frame pts=0, total=0
[INFO] [1783988043.816599942] [laser_mapping]: publish_map: frame pts=0, total=0
[INFO] [1783988044.816590832] [laser_mapping]: publish_map: frame pts=0, total=0
[INFO] [1783988045.816741969] [laser_mapping]: publish_map: frame pts=0, total=0
[INFO] [1783988046.816621151] [laser_mapping]: publish_map: frame pts=0, total=0
[INFO] [1783988047.816740267] [laser_mapping]: publish_map: frame pts=0, total=0
[INFO] [1783988048.816751642] [laser_mapping]: publish_map: frame pts=0, total=0
[INFO] [1783988049.816610254] [laser_mapping]: publish_map: frame pts=0, total=0
[INFO] [1783988050.816604736] [laser_mapping]: publish_map: frame pts=0, total=0
[INFO] [1783988051.816599983] [laser_mapping]: publish_map: frame pts=0, total=0
[INFO] [1783988052.816777876] [laser_mapping]: publish_map: frame pts=0, total=0
[INFO] [1783988053.816610327] [laser_mapping]: publish_map: frame pts=0, total=0
[INFO] [1783988054.816796792] [laser_mapping]: publish_map: frame pts=0, total=0
[INFO] [1783988055.816593141] [laser_mapping]: publish_map: frame pts=0, total=0
[INFO] [1783988056.816632459] [laser_mapping]: publish_map: frame pts=0, total=0
[INFO] [1783988057.816590934] [laser_mapping]: publish_map: frame pts=0, total=0
[INFO] [1783988058.816603240] [laser_mapping]: publish_map: frame pts=0, total=0
[INFO] [1783988059.816647316] [laser_mapping]: publish_map: frame pts=0, total=0
[INFO] [1783988060.816595898] [laser_mapping]: publish_map: frame pts=0, total=0
[INFO] [1783988061.816721283] [laser_mapping]: publish_map: frame pts=0, total=0
[INFO] [1783988062.816762193] [laser_mapping]: publish_map: frame pts=0, total=0
[INFO] [1783988063.816738042] [laser_mapping]: publish_map: frame pts=0, total=0
[INFO] [1783988064.816695771] [laser_mapping]: publish_map: frame pts=0, total=0
[INFO] [1783988065.816593613] [laser_mapping]: publish_map: frame pts=0, total=0
[INFO] [1783988066.816716322] [laser_mapping]: publish_map: frame pts=0, total=0
[INFO] [1783988067.816607061] [laser_mapping]: publish_map: frame pts=0, total=0
[INFO] [1783988068.816791393] [laser_mapping]: publish_map: frame pts=0, total=0
[INFO] [1783988069.816608518] [laser_mapping]: publish_map: frame pts=0, total=0
[INFO] [1783988070.816620145] [laser_mapping]: publish_map: frame pts=0, total=0
[INFO] [1783988071.816696196] [laser_mapping]: publish_map: frame pts=0, total=0
[INFO] [1783988072.816599873] [laser_mapping]: publish_map: frame pts=0, total=0
[INFO] [1783988073.816718349] [laser_mapping]: publish_map: frame pts=0, total=0
[INFO] [1783988074.816744765] [laser_mapping]: publish_map: frame pts=0, total=0
[INFO] [1783988075.816605555] [laser_mapping]: publish_map: frame pts=0, total=0
[INFO] [1783988076.816622970] [laser_mapping]: publish_map: frame pts=0, total=0
[INFO] [1783988077.816784442] [laser_mapping]: publish_map: frame pts=0, total=0
[INFO] [1783988078.816747179] [laser_mapping]: publish_map: frame pts=0, total=0
[INFO] [1783988079.816696296] [laser_mapping]: publish_map: frame pts=0, total=0
[INFO] [1783988080.816712935] [laser_mapping]: publish_map: frame pts=0, total=0
[INFO] [1783988081.816609886] [laser_mapping]: publish_map: frame pts=0, total=0
[INFO] [1783988082.816602119] [laser_mapping]: publish_map: frame pts=0, total=0
[INFO] [1783988083.816615238] [laser_mapping]: publish_map: frame pts=0, total=0
[INFO] [1783988084.816831630] [laser_mapping]: publish_map: frame pts=0, total=0
[INFO] [1783988085.816768752] [laser_mapping]: publish_map: frame pts=0, total=0
[INFO] [1783988086.816748892] [laser_mapping]: publish_map: frame pts=0, total=0
[INFO] [1783988087.816748020] [laser_mapping]: publish_map: frame pts=0, total=0
[INFO] [1783988088.816601860] [laser_mapping]: publish_map: frame pts=0, total=0
[INFO] [1783988089.816599954] [laser_mapping]: publish_map: frame pts=0, total=0
[INFO] [1783988090.816729985] [laser_mapping]: publish_map: frame pts=0, total=0
[INFO] [1783988091.816719471] [laser_mapping]: publish_map: frame pts=0, total=0
[INFO] [1783988092.816629589] [laser_mapping]: publish_map: frame pts=0, total=0
[INFO] [1783988093.816599033] [laser_mapping]: publish_map: frame pts=0, total=0
[INFO] [1783988094.816675911] [laser_mapping]: publish_map: frame pts=0, total=0
[INFO] [1783988095.816623655] [laser_mapping]: publish_map: frame pts=0, total=0
[INFO] [1783988096.816611986] [laser_mapping]: publish_map: frame pts=0, total=0
[INFO] [1783988097.816587358] [laser_mapping]: publish_map: frame pts=0, total=0
[INFO] [1783988098.816596026] [laser_mapping]: publish_map: frame pts=0, total=0
[INFO] [1783988099.816696388] [laser_mapping]: publish_map: frame pts=0, total=0
[INFO] [1783988100.816640027] [laser_mapping]: publish_map: frame pts=0, total=0
[INFO] [1783988101.816738203] [laser_mapping]: publish_map: frame pts=0, total=0
[INFO] [1783988102.816588346] [laser_mapping]: publish_map: frame pts=0, total=0
[INFO] [1783988103.816604514] [laser_mapping]: publish_map: frame pts=0, total=0
[INFO] [1783988104.816596797] [laser_mapping]: publish_map: frame pts=0, total=0
[INFO] [1783988105.816607932] [laser_mapping]: publish_map: frame pts=0, total=0
[INFO] [1783988106.816722452] [laser_mapping]: publish_map: frame pts=0, total=0
[INFO] [1783988107.816608931] [laser_mapping]: publish_map: frame pts=0, total=0
[INFO] [1783988108.816601363] [laser_mapping]: publish_map: frame pts=0, total=0
[INFO] [1783988109.816701218] [laser_mapping]: publish_map: frame pts=0, total=0
[INFO] [1783988110.816589547] [laser_mapping]: publish_map: frame pts=0, total=0
[INFO] [1783988111.816594329] [laser_mapping]: publish_map: frame pts=0, total=0
[INFO] [1783988112.816611132] [laser_mapping]: publish_map: frame pts=0, total=0
[INFO] [1783988113.816616534] [laser_mapping]: publish_map: frame pts=0, total=0
[INFO] [1783988114.816736688] [laser_mapping]: publish_map: frame pts=0, total=0
[INFO] [1783988115.816610180] [laser_mapping]: publish_map: frame pts=0, total=0
[INFO] [1783988116.816593349] [laser_mapping]: publish_map: frame pts=0, total=0
[INFO] [1783988117.816713649] [laser_mapping]: publish_map: frame pts=0, total=0
[INFO] [1783988118.816619221] [laser_mapping]: publish_map: frame pts=0, total=0
[INFO] [1783988119.816740776] [laser_mapping]: publish_map: frame pts=0, total=0
[INFO] [1783988120.816592018] [laser_mapping]: publish_map: frame pts=0, total=0
[INFO] [1783988121.816610058] [laser_mapping]: publish_map: frame pts=0, total=0
[INFO] [1783988122.816605234] [laser_mapping]: publish_map: frame pts=0, total=0
[INFO] [1783988123.816606340] [laser_mapping]: publish_map: frame pts=0, total=0
[INFO] [1783988124.816626807] [laser_mapping]: publish_map: frame pts=0, total=0
[INFO] [1783988125.816602146] [laser_mapping]: publish_map: frame pts=0, total=0
[INFO] [1783988126.816623867] [laser_mapping]: publish_map: frame pts=0, total=0
[INFO] [1783988127.816640488] [laser_mapping]: publish_map: frame pts=0, total=0
[INFO] [1783988128.816599911] [laser_mapping]: publish_map: frame pts=0, total=0
[INFO] [1783988129.816689465] [laser_mapping]: publish_map: frame pts=0, total=0
[INFO] [1783988130.816763281] [laser_mapping]: publish_map: frame pts=0, total=0
[INFO] [1783988131.816605961] [laser_mapping]: publish_map: frame pts=0, total=0
[INFO] [1783988132.816593349] [laser_mapping]: publish_map: frame pts=0, total=0
[INFO] [1783988133.816601158] [laser_mapping]: publish_map: frame pts=0, total=0
[INFO] [1783988134.816605465] [laser_mapping]: publish_map: frame pts=0, total=0
[INFO] [1783988135.816751016] [laser_mapping]: publish_map: frame pts=0, total=0
[INFO] [1783988136.816589358] [laser_mapping]: publish_map: frame pts=0, total=0
[INFO] [1783988137.816597230] [laser_mapping]: publish_map: frame pts=0, total=0
[INFO] [1783988138.816620484] [laser_mapping]: publish_map: frame pts=0, total=0
[INFO] [1783988139.816621145] [laser_mapping]: publish_map: frame pts=0, total=0
[INFO] [1783988140.816630220] [laser_mapping]: publish_map: frame pts=0, total=0
[INFO] [1783988141.816592710] [laser_mapping]: publish_map: frame pts=0, total=0
[INFO] [1783988142.816720647] [laser_mapping]: publish_map: frame pts=0, total=0
[INFO] [1783988143.816603611] [laser_mapping]: publish_map: frame pts=0, total=0
[INFO] [1783988144.816800155] [laser_mapping]: publish_map: frame pts=0, total=0
[INFO] [1783988145.816769378] [laser_mapping]: publish_map: frame pts=0, total=0
[INFO] [1783988146.816613463] [laser_mapping]: publish_map: frame pts=0, total=0
[INFO] [1783988147.816609864] [laser_mapping]: publish_map: frame pts=0, total=0
[INFO] [1783988148.816798681] [laser_mapping]: publish_map: frame pts=0, total=0
[INFO] [1783988149.816760497] [laser_mapping]: publish_map: frame pts=0, total=0
[INFO] [1783988150.816745485] [laser_mapping]: publish_map: frame pts=0, total=0
[INFO] [1783988151.816596673] [laser_mapping]: publish_map: frame pts=0, total=0
[INFO] [1783988152.816593782] [laser_mapping]: publish_map: frame pts=0, total=0
[INFO] [1783988153.816590568] [laser_mapping]: publish_map: frame pts=0, total=0
[INFO] [1783988154.816588892] [laser_mapping]: publish_map: frame pts=0, total=0
[INFO] [1783988155.816618711] [laser_mapping]: publish_map: frame pts=0, total=0
[INFO] [1783988156.816592499] [laser_mapping]: publish_map: frame pts=0, total=0
[INFO] [1783988157.816696343] [laser_mapping]: publish_map: frame pts=0, total=0
[INFO] [1783988158.816715288] [laser_mapping]: publish_map: frame pts=0, total=0
[INFO] [1783988159.816802575] [laser_mapping]: publish_map: frame pts=0, total=0
[INFO] [1783988160.816764991] [laser_mapping]: publish_map: frame pts=0, total=0
[INFO] [1783988161.816702831] [laser_mapping]: publish_map: frame pts=0, total=0
[INFO] [1783988162.816762004] [laser_mapping]: publish_map: frame pts=0, total=0
[INFO] [1783988163.816720836] [laser_mapping]: publish_map: frame pts=0, total=0
[INFO] [1783988164.816672514] [laser_mapping]: publish_map: frame pts=0, total=0
[INFO] [1783988165.816708412] [laser_mapping]: publish_map: frame pts=0, total=0
[INFO] [1783988166.816797442] [laser_mapping]: publish_map: frame pts=0, total=0
[INFO] [1783988167.816722287] [laser_mapping]: publish_map: frame pts=0, total=0
[INFO] [1783988168.816763566] [laser_mapping]: publish_map: frame pts=0, total=0
[INFO] [1783988169.816620701] [laser_mapping]: publish_map: frame pts=0, total=0
[INFO] [1783988170.816597459] [laser_mapping]: publish_map: frame pts=0, total=0
[INFO] [1783988171.816587191] [laser_mapping]: publish_map: frame pts=0, total=0
[INFO] [1783988172.816628563] [laser_mapping]: publish_map: frame pts=0, total=0
[INFO] [1783988173.816592472] [laser_mapping]: publish_map: frame pts=0, total=0
[INFO] [1783988174.816751615] [laser_mapping]: publish_map: frame pts=0, total=0
[INFO] [1783988175.816724712] [laser_mapping]: publish_map: frame pts=0, total=0
[INFO] [1783988176.816624672] [laser_mapping]: publish_map: frame pts=0, total=0
[INFO] [1783988177.816750358] [laser_mapping]: publish_map: frame pts=0, total=0
[INFO] [1783988178.816590445] [laser_mapping]: publish_map: frame pts=0, total=0
[INFO] [1783988179.816615233] [laser_mapping]: publish_map: frame pts=0, total=0
[INFO] [1783988180.816596303] [laser_mapping]: publish_map: frame pts=0, total=0
[INFO] [1783988181.816624357] [laser_mapping]: publish_map: frame pts=0, total=0
[INFO] [1783988182.816606898] [laser_mapping]: publish_map: frame pts=0, total=0
[INFO] [1783988183.816610493] [laser_mapping]: publish_map: frame pts=0, total=0
[INFO] [1783988184.816592461] [laser_mapping]: publish_map: frame pts=0, total=0
[INFO] [1783988185.816706381] [laser_mapping]: publish_map: frame pts=0, total=0
[INFO] [1783988186.816698704] [laser_mapping]: publish_map: frame pts=0, total=0
[INFO] [1783988187.816653889] [laser_mapping]: publish_map: frame pts=0, total=0
[INFO] [1783988188.816713702] [laser_mapping]: publish_map: frame pts=0, total=0
[INFO] [1783988189.816594105] [laser_mapping]: publish_map: frame pts=0, total=0
[INFO] [1783988190.816602646] [laser_mapping]: publish_map: frame pts=0, total=0
[INFO] [1783988191.816659739] [laser_mapping]: publish_map: frame pts=0, total=0
[INFO] [1783988192.816737161] [laser_mapping]: publish_map: frame pts=0, total=0
[INFO] [1783988193.816714794] [laser_mapping]: publish_map: frame pts=0, total=0
[INFO] [1783988194.816603216] [laser_mapping]: publish_map: frame pts=0, total=0
[INFO] [1783988195.816616620] [laser_mapping]: publish_map: frame pts=0, total=0
[INFO] [1783988196.816728920] [laser_mapping]: publish_map: frame pts=0, total=0
[INFO] [1783988197.816613077] [laser_mapping]: publish_map: frame pts=0, total=0
[INFO] [1783988198.816592514] [laser_mapping]: publish_map: frame pts=0, total=0
[INFO] [1783988199.816600077] [laser_mapping]: publish_map: frame pts=0, total=0
[INFO] [1783988200.816587030] [laser_mapping]: publish_map: frame pts=0, total=0
[INFO] [1783988201.816720926] [laser_mapping]: publish_map: frame pts=0, total=0
[INFO] [1783988202.816770144] [laser_mapping]: publish_map: frame pts=0, total=0
[INFO] [1783988203.816621983] [laser_mapping]: publish_map: frame pts=0, total=0
[INFO] [1783988204.816722810] [laser_mapping]: publish_map: frame pts=0, total=0
[INFO] [1783988205.816758712] [laser_mapping]: publish_map: frame pts=0, total=0
[INFO] [1783988206.816729181] [laser_mapping]: publish_map: frame pts=0, total=0
[INFO] [1783988207.816786156] [laser_mapping]: publish_map: frame pts=0, total=0
[INFO] [1783988208.816770149] [laser_mapping]: publish_map: frame pts=0, total=0
[INFO] [1783988209.816622687] [laser_mapping]: publish_map: frame pts=0, total=0
[INFO] [1783988210.816713362] [laser_mapping]: publish_map: frame pts=0, total=0
[INFO] [1783988211.816851176] [laser_mapping]: publish_map: frame pts=0, total=0
[INFO] [1783988212.816591295] [laser_mapping]: publish_map: frame pts=0, total=0
[INFO] [1783988213.816706875] [laser_mapping]: publish_map: frame pts=0, total=0
[INFO] [1783988214.816609342] [laser_mapping]: publish_map: frame pts=0, total=0
[INFO] [1783988215.816636328] [laser_mapping]: publish_map: frame pts=0, total=0
[INFO] [1783988216.816616124] [laser_mapping]: publish_map: frame pts=0, total=0
[INFO] [1783988217.816781152] [laser_mapping]: publish_map: frame pts=0, total=0
[INFO] [1783988218.816612960] [laser_mapping]: publish_map: frame pts=0, total=0
[INFO] [1783988219.816767834] [laser_mapping]: publish_map: frame pts=0, total=0
[INFO] [1783988220.816785094] [laser_mapping]: publish_map: frame pts=0, total=0
[INFO] [1783988221.816599085] [laser_mapping]: publish_map: frame pts=0, total=0
[INFO] [1783988222.816625373] [laser_mapping]: publish_map: frame pts=0, total=0
[INFO] [1783988223.816602808] [laser_mapping]: publish_map: frame pts=0, total=0
[INFO] [1783988224.816606925] [laser_mapping]: publish_map: frame pts=0, total=0
[INFO] [1783988225.816814247] [laser_mapping]: publish_map: frame pts=0, total=0
[INFO] [1783988226.816613691] [laser_mapping]: publish_map: frame pts=0, total=0
[INFO] [1783988227.816732641] [laser_mapping]: publish_map: frame pts=0, total=0
[INFO] [1783988228.816608823] [laser_mapping]: publish_map: frame pts=0, total=0
[INFO] [1783988229.816746147] [laser_mapping]: publish_map: frame pts=0, total=0
[INFO] [1783988230.816740253] [laser_mapping]: publish_map: frame pts=0, total=0
[INFO] [1783988231.816612770] [laser_mapping]: publish_map: frame pts=0, total=0
[INFO] [1783988232.816744794] [laser_mapping]: publish_map: frame pts=0, total=0
[INFO] [1783988233.816734203] [laser_mapping]: publish_map: frame pts=0, total=0
[INFO] [1783988234.816624265] [laser_mapping]: publish_map: frame pts=0, total=0
[INFO] [1783988235.816586531] [laser_mapping]: publish_map: frame pts=0, total=0
[INFO] [1783988236.816619267] [laser_mapping]: publish_map: frame pts=0, total=0
[INFO] [1783988237.816625924] [laser_mapping]: publish_map: frame pts=0, total=0
[INFO] [1783988238.816610409] [laser_mapping]: publish_map: frame pts=0, total=0
[INFO] [1783988239.816746724] [laser_mapping]: publish_map: frame pts=0, total=0
[INFO] [1783988240.816617877] [laser_mapping]: publish_map: frame pts=0, total=0
[INFO] [1783988241.816731107] [laser_mapping]: publish_map: frame pts=0, total=0
[INFO] [1783988242.816710735] [laser_mapping]: publish_map: frame pts=0, total=0
[INFO] [1783988243.816773819] [laser_mapping]: publish_map: frame pts=0, total=0
[INFO] [1783988244.816891429] [laser_mapping]: publish_map: frame pts=0, total=0
[INFO] [1783988245.816739936] [laser_mapping]: publish_map: frame pts=0, total=0
[INFO] [1783988246.816760905] [laser_mapping]: publish_map: frame pts=0, total=0
[INFO] [1783988247.816692553] [laser_mapping]: publish_map: frame pts=0, total=0
[INFO] [1783988248.816772157] [laser_mapping]: publish_map: frame pts=0, total=0
[INFO] [1783988249.816625463] [laser_mapping]: publish_map: frame pts=0, total=0
[INFO] [1783988250.816647731] [laser_mapping]: publish_map: frame pts=0, total=0
[INFO] [1783988251.816631749] [laser_mapping]: publish_map: frame pts=0, total=0
[INFO] [1783988252.816812437] [laser_mapping]: publish_map: frame pts=0, total=0
[INFO] [1783988253.816635036] [laser_mapping]: publish_map: frame pts=0, total=0
[INFO] [1783988254.816592483] [laser_mapping]: publish_map: frame pts=0, total=0
[INFO] [1783988255.816785134] [laser_mapping]: publish_map: frame pts=0, total=0
[INFO] [1783988256.816773437] [laser_mapping]: publish_map: frame pts=0, total=0
[INFO] [1783988257.816766055] [laser_mapping]: publish_map: frame pts=0, total=0
[INFO] [1783988258.816811929] [laser_mapping]: publish_map: frame pts=0, total=0
[INFO] [1783988259.816763453] [laser_mapping]: publish_map: frame pts=0, total=0
[INFO] [1783988260.816601087] [laser_mapping]: publish_map: frame pts=0, total=0
[INFO] [1783988261.816744403] [laser_mapping]: publish_map: frame pts=0, total=0
[INFO] [1783988262.816589045] [laser_mapping]: publish_map: frame pts=0, total=0
[INFO] [1783988263.816597673] [laser_mapping]: publish_map: frame pts=0, total=0
[INFO] [1783988264.816762504] [laser_mapping]: publish_map: frame pts=0, total=0
[INFO] [1783988265.816720006] [laser_mapping]: publish_map: frame pts=0, total=0
[INFO] [1783988266.816757928] [laser_mapping]: publish_map: frame pts=0, total=0
[INFO] [1783988267.816743498] [laser_mapping]: publish_map: frame pts=0, total=0
[INFO] [1783988268.816805755] [laser_mapping]: publish_map: frame pts=0, total=0
[INFO] [1783988269.816751761] [laser_mapping]: publish_map: frame pts=0, total=0
[INFO] [1783988270.816590189] [laser_mapping]: publish_map: frame pts=0, total=0
[INFO] [1783988271.816615521] [laser_mapping]: publish_map: frame pts=0, total=0
[INFO] [1783988272.816621663] [laser_mapping]: publish_map: frame pts=0, total=0
[INFO] [1783988273.816608472] [laser_mapping]: publish_map: frame pts=0, total=0
[INFO] [1783988274.816595443] [laser_mapping]: publish_map: frame pts=0, total=0
[INFO] [1783988275.816593964] [laser_mapping]: publish_map: frame pts=0, total=0
[INFO] [1783988276.816601705] [laser_mapping]: publish_map: frame pts=0, total=0
[INFO] [1783988277.816591910] [laser_mapping]: publish_map: frame pts=0, total=0
[INFO] [1783988278.816615246] [laser_mapping]: publish_map: frame pts=0, total=0
[INFO] [1783988279.816729810] [laser_mapping]: publish_map: frame pts=0, total=0
[INFO] [1783988280.816735296] [laser_mapping]: publish_map: frame pts=0, total=0
[INFO] [1783988281.816604080] [laser_mapping]: publish_map: frame pts=0, total=0
[INFO] [1783988282.816595543] [laser_mapping]: publish_map: frame pts=0, total=0
[INFO] [1783988283.816607614] [laser_mapping]: publish_map: frame pts=0, total=0
[INFO] [1783988284.816782042] [laser_mapping]: publish_map: frame pts=0, total=0
[INFO] [1783988285.816680576] [laser_mapping]: publish_map: frame pts=0, total=0
[INFO] [1783988286.816617288] [laser_mapping]: publish_map: frame pts=0, total=0
[INFO] [1783988287.816604544] [laser_mapping]: publish_map: frame pts=0, total=0
[INFO] [1783988288.816759911] [laser_mapping]: publish_map: frame pts=0, total=0
[INFO] [1783988289.816600824] [laser_mapping]: publish_map: frame pts=0, total=0
[INFO] [1783988290.816612460] [laser_mapping]: publish_map: frame pts=0, total=0
[INFO] [1783988291.816802923] [laser_mapping]: publish_map: frame pts=0, total=0
[INFO] [1783988292.816600595] [laser_mapping]: publish_map: frame pts=0, total=0
[INFO] [1783988293.816606563] [laser_mapping]: publish_map: frame pts=0, total=0
[INFO] [1783988294.816605166] [laser_mapping]: publish_map: frame pts=0, total=0
[INFO] [1783988295.816726692] [laser_mapping]: publish_map: frame pts=0, total=0
[INFO] [1783988296.816600012] [laser_mapping]: publish_map: frame pts=0, total=0
[INFO] [1783988297.816597417] [laser_mapping]: publish_map: frame pts=0, total=0
[INFO] [1783988298.816762644] [laser_mapping]: publish_map: frame pts=0, total=0
[INFO] [1783988299.816764687] [laser_mapping]: publish_map: frame pts=0, total=0
[INFO] [1783988300.816728344] [laser_mapping]: publish_map: frame pts=0, total=0
[INFO] [1783988301.816608074] [laser_mapping]: publish_map: frame pts=0, total=0
[INFO] [1783988302.816757892] [laser_mapping]: publish_map: frame pts=0, total=0
[INFO] [1783988303.816611368] [laser_mapping]: publish_map: frame pts=0, total=0
[INFO] [1783988304.816606890] [laser_mapping]: publish_map: frame pts=0, total=0
[INFO] [1783988305.816607041] [laser_mapping]: publish_map: frame pts=0, total=0
[INFO] [1783988306.816808582] [laser_mapping]: publish_map: frame pts=0, total=0
[INFO] [1783988307.816590691] [laser_mapping]: publish_map: frame pts=0, total=0
[INFO] [1783988308.816769325] [laser_mapping]: publish_map: frame pts=0, total=0
[INFO] [1783988309.816760543] [laser_mapping]: publish_map: frame pts=0, total=0
[INFO] [1783988310.816590137] [laser_mapping]: publish_map: frame pts=0, total=0
[INFO] [1783988311.816657417] [laser_mapping]: publish_map: frame pts=0, total=0
[INFO] [1783988312.816604095] [laser_mapping]: publish_map: frame pts=0, total=0
[INFO] [1783988313.816700750] [laser_mapping]: publish_map: frame pts=0, total=0
[INFO] [1783988314.816599801] [laser_mapping]: publish_map: frame pts=0, total=0
[INFO] [1783988315.816591355] [laser_mapping]: publish_map: frame pts=0, total=0
[INFO] [1783988316.816607874] [laser_mapping]: publish_map: frame pts=0, total=0
[INFO] [1783988317.816598079] [laser_mapping]: publish_map: frame pts=0, total=0
[INFO] [1783988318.816590102] [laser_mapping]: publish_map: frame pts=0, total=0
[INFO] [1783988319.816597527] [laser_mapping]: publish_map: frame pts=0, total=0
[INFO] [1783988320.816618544] [laser_mapping]: publish_map: frame pts=0, total=0
[INFO] [1783988321.816724711] [laser_mapping]: publish_map: frame pts=0, total=0
[INFO] [1783988322.816756010] [laser_mapping]: publish_map: frame pts=0, total=0
[INFO] [1783988323.816609423] [laser_mapping]: publish_map: frame pts=0, total=0
[INFO] [1783988324.816607872] [laser_mapping]: publish_map: frame pts=0, total=0
[INFO] [1783988325.816768149] [laser_mapping]: publish_map: frame pts=0, total=0
[INFO] [1783988326.816605578] [laser_mapping]: publish_map: frame pts=0, total=0
[INFO] [1783988327.816600493] [laser_mapping]: publish_map: frame pts=0, total=0
[INFO] [1783988328.816608118] [laser_mapping]: publish_map: frame pts=0, total=0
[INFO] [1783988329.816731520] [laser_mapping]: publish_map: frame pts=0, total=0
[INFO] [1783988330.816752939] [laser_mapping]: publish_map: frame pts=0, total=0
[INFO] [1783988331.816762994] [laser_mapping]: publish_map: frame pts=0, total=0
[INFO] [1783988332.816607888] [laser_mapping]: publish_map: frame pts=0, total=0
[INFO] [1783988333.816760282] [laser_mapping]: publish_map: frame pts=0, total=0
[INFO] [1783988334.816612017] [laser_mapping]: publish_map: frame pts=0, total=0
[INFO] [1783988335.816619230] [laser_mapping]: publish_map: frame pts=0, total=0
[INFO] [1783988336.816602759] [laser_mapping]: publish_map: frame pts=0, total=0
[INFO] [1783988337.816620817] [laser_mapping]: publish_map: frame pts=0, total=0
[INFO] [1783988338.816594748] [laser_mapping]: publish_map: frame pts=0, total=0
[INFO] [1783988339.816589567] [laser_mapping]: publish_map: frame pts=0, total=0
[INFO] [1783988340.816598820] [laser_mapping]: publish_map: frame pts=0, total=0
[INFO] [1783988341.816679974] [laser_mapping]: publish_map: frame pts=0, total=0
[INFO] [1783988342.816763387] [laser_mapping]: publish_map: frame pts=0, total=0
[INFO] [1783988343.816751799] [laser_mapping]: publish_map: frame pts=0, total=0
[INFO] [1783988344.816612211] [laser_mapping]: publish_map: frame pts=0, total=0
[INFO] [1783988345.816710780] [laser_mapping]: publish_map: frame pts=0, total=0
[INFO] [1783988346.816618855] [laser_mapping]: publish_map: frame pts=0, total=0
[INFO] [1783988347.816748860] [laser_mapping]: publish_map: frame pts=0, total=0
[INFO] [1783988348.816753498] [laser_mapping]: publish_map: frame pts=0, total=0
[INFO] [1783988349.816600963] [laser_mapping]: publish_map: frame pts=0, total=0
[INFO] [1783988350.816844262] [laser_mapping]: publish_map: frame pts=0, total=0
[INFO] [1783988351.816632198] [laser_mapping]: publish_map: frame pts=0, total=0
[INFO] [1783988352.816596144] [laser_mapping]: publish_map: frame pts=0, total=0
[INFO] [1783988353.816596194] [laser_mapping]: publish_map: frame pts=0, total=0
[INFO] [1783988354.816591545] [laser_mapping]: publish_map: frame pts=0, total=0
[INFO] [1783988355.816595332] [laser_mapping]: publish_map: frame pts=0, total=0
[INFO] [1783988356.816706094] [laser_mapping]: publish_map: frame pts=0, total=0
[INFO] [1783988357.816650337] [laser_mapping]: publish_map: frame pts=0, total=0
[INFO] [1783988358.816709677] [laser_mapping]: publish_map: frame pts=0, total=0
[INFO] [1783988359.816720230] [laser_mapping]: publish_map: frame pts=0, total=0
[INFO] [1783988360.816773985] [laser_mapping]: publish_map: frame pts=0, total=0
[INFO] [1783988361.816624280] [laser_mapping]: publish_map: frame pts=0, total=0
[INFO] [1783988362.816723253] [laser_mapping]: publish_map: frame pts=0, total=0
[INFO] [1783988363.816735099] [laser_mapping]: publish_map: frame pts=0, total=0
[INFO] [1783988364.816631691] [laser_mapping]: publish_map: frame pts=0, total=0
[INFO] [1783988365.816739548] [laser_mapping]: publish_map: frame pts=0, total=0
[INFO] [1783988366.816719610] [laser_mapping]: publish_map: frame pts=0, total=0
[INFO] [1783988367.816747684] [laser_mapping]: publish_map: frame pts=0, total=0
[INFO] [1783988368.816771233] [laser_mapping]: publish_map: frame pts=0, total=0
[INFO] [1783988369.816649260] [laser_mapping]: publish_map: frame pts=0, total=0
[INFO] [1783988370.816716429] [laser_mapping]: publish_map: frame pts=0, total=0
[INFO] [1783988371.816606398] [laser_mapping]: publish_map: frame pts=0, total=0
[INFO] [1783988372.816615324] [laser_mapping]: publish_map: frame pts=0, total=0
[INFO] [1783988373.816595405] [laser_mapping]: publish_map: frame pts=0, total=0
[INFO] [1783988374.816609348] [laser_mapping]: publish_map: frame pts=0, total=0
[INFO] [1783988375.816638141] [laser_mapping]: publish_map: frame pts=0, total=0
[INFO] [1783988376.816712166] [laser_mapping]: publish_map: frame pts=0, total=0
[INFO] [1783988377.816615816] [laser_mapping]: publish_map: frame pts=0, total=0
[INFO] [1783988378.816625029] [laser_mapping]: publish_map: frame pts=0, total=0
[INFO] [1783988379.816631966] [laser_mapping]: publish_map: frame pts=0, total=0
[INFO] [1783988380.816779059] [laser_mapping]: publish_map: frame pts=0, total=0
[INFO] [1783988381.816607021] [laser_mapping]: publish_map: frame pts=0, total=0
[INFO] [1783988382.816743897] [laser_mapping]: publish_map: frame pts=0, total=0
[INFO] [1783988383.816615540] [laser_mapping]: publish_map: frame pts=0, total=0
[INFO] [1783988384.816719964] [laser_mapping]: publish_map: frame pts=0, total=0
[INFO] [1783988385.816748668] [laser_mapping]: publish_map: frame pts=0, total=0
[INFO] [1783988386.816739137] [laser_mapping]: publish_map: frame pts=0, total=0
[INFO] [1783988387.816589410] [laser_mapping]: publish_map: frame pts=0, total=0
[INFO] [1783988388.816734624] [laser_mapping]: publish_map: frame pts=0, total=0
[INFO] [1783988389.816594409] [laser_mapping]: publish_map: frame pts=0, total=0
[INFO] [1783988390.816769404] [laser_mapping]: publish_map: frame pts=0, total=0
[INFO] [1783988391.816745938] [laser_mapping]: publish_map: frame pts=0, total=0
[INFO] [1783988392.816727185] [laser_mapping]: publish_map: frame pts=0, total=0
[INFO] [1783988393.816612953] [laser_mapping]: publish_map: frame pts=0, total=0
[INFO] [1783988394.816623874] [laser_mapping]: publish_map: frame pts=0, total=0
[INFO] [1783988395.816604085] [laser_mapping]: publish_map: frame pts=0, total=0
[INFO] [1783988396.816596414] [laser_mapping]: publish_map: frame pts=0, total=0
[INFO] [1783988397.816604055] [laser_mapping]: publish_map: frame pts=0, total=0
[INFO] [1783988398.816740490] [laser_mapping]: publish_map: frame pts=0, total=0
[INFO] [1783988399.816593732] [laser_mapping]: publish_map: frame pts=0, total=0
[INFO] [1783988400.816593674] [laser_mapping]: publish_map: frame pts=0, total=0
[INFO] [1783988401.816591074] [laser_mapping]: publish_map: frame pts=0, total=0
[INFO] [1783988402.816761891] [laser_mapping]: publish_map: frame pts=0, total=0
[INFO] [1783988403.816737435] [laser_mapping]: publish_map: frame pts=0, total=0
[INFO] [1783988404.816695983] [laser_mapping]: publish_map: frame pts=0, total=0
[INFO] [1783988405.816755266] [laser_mapping]: publish_map: frame pts=0, total=0
[INFO] [1783988406.816737555] [laser_mapping]: publish_map: frame pts=0, total=0
[INFO] [1783988407.816877087] [laser_mapping]: publish_map: frame pts=0, total=0
[INFO] [1783988408.816618421] [laser_mapping]: publish_map: frame pts=0, total=0
[INFO] [1783988409.816717451] [laser_mapping]: publish_map: frame pts=0, total=0
[INFO] [1783988410.816718014] [laser_mapping]: publish_map: frame pts=0, total=0
[INFO] [1783988411.816756901] [laser_mapping]: publish_map: frame pts=0, total=0
[INFO] [1783988412.816790404] [laser_mapping]: publish_map: frame pts=0, total=0
[INFO] [1783988413.816610184] [laser_mapping]: publish_map: frame pts=0, total=0
[INFO] [1783988414.816792170] [laser_mapping]: publish_map: frame pts=0, total=0
[INFO] [1783988415.816708696] [laser_mapping]: publish_map: frame pts=0, total=0
[INFO] [1783988416.816756572] [laser_mapping]: publish_map: frame pts=0, total=0
[INFO] [1783988417.816608283] [laser_mapping]: publish_map: frame pts=0, total=0
[INFO] [1783988418.816645928] [laser_mapping]: publish_map: frame pts=0, total=0
[INFO] [1783988419.816592699] [laser_mapping]: publish_map: frame pts=0, total=0
[INFO] [1783988420.816599002] [laser_mapping]: publish_map: frame pts=0, total=0
[INFO] [1783988421.816605908] [laser_mapping]: publish_map: frame pts=0, total=0
[INFO] [1783988422.816597001] [laser_mapping]: publish_map: frame pts=0, total=0
[INFO] [1783988423.816606550] [laser_mapping]: publish_map: frame pts=0, total=0
[INFO] [1783988424.816597634] [laser_mapping]: publish_map: frame pts=0, total=0
[INFO] [1783988425.816593589] [laser_mapping]: publish_map: frame pts=0, total=0
[INFO] [1783988426.816587059] [laser_mapping]: publish_map: frame pts=0, total=0
[INFO] [1783988427.816778274] [laser_mapping]: publish_map: frame pts=0, total=0
[INFO] [1783988428.816754830] [laser_mapping]: publish_map: frame pts=0, total=0
[INFO] [1783988429.816609168] [laser_mapping]: publish_map: frame pts=0, total=0
[INFO] [1783988430.816688976] [laser_mapping]: publish_map: frame pts=0, total=0
[INFO] [1783988431.816796118] [laser_mapping]: publish_map: frame pts=0, total=0
[INFO] [1783988432.816614128] [laser_mapping]: publish_map: frame pts=0, total=0
[INFO] [1783988433.816591759] [laser_mapping]: publish_map: frame pts=0, total=0
[INFO] [1783988434.816795646] [laser_mapping]: publish_map: frame pts=0, total=0
[INFO] [1783988435.816751171] [laser_mapping]: publish_map: frame pts=0, total=0
[INFO] [1783988436.816726630] [laser_mapping]: publish_map: frame pts=0, total=0
[INFO] [1783988437.816732380] [laser_mapping]: publish_map: frame pts=0, total=0
[INFO] [1783988438.816739148] [laser_mapping]: publish_map: frame pts=0, total=0
[INFO] [1783988439.816783039] [laser_mapping]: publish_map: frame pts=0, total=0
[INFO] [1783988440.816620417] [laser_mapping]: publish_map: frame pts=0, total=0
[INFO] [1783988441.816806460] [laser_mapping]: publish_map: frame pts=0, total=0
[INFO] [1783988442.816596293] [laser_mapping]: publish_map: frame pts=0, total=0
[INFO] [1783988443.816608487] [laser_mapping]: publish_map: frame pts=0, total=0
[INFO] [1783988444.816763972] [laser_mapping]: publish_map: frame pts=0, total=0
[INFO] [1783988445.816597243] [laser_mapping]: publish_map: frame pts=0, total=0
[INFO] [1783988446.816718010] [laser_mapping]: publish_map: frame pts=0, total=0
[INFO] [1783988447.816609663] [laser_mapping]: publish_map: frame pts=0, total=0
[INFO] [1783988448.816608788] [laser_mapping]: publish_map: frame pts=0, total=0
[INFO] [1783988449.816819257] [laser_mapping]: publish_map: frame pts=0, total=0
[INFO] [1783988450.816739872] [laser_mapping]: publish_map: frame pts=0, total=0
[INFO] [1783988451.816618059] [laser_mapping]: publish_map: frame pts=0, total=0
[INFO] [1783988452.816596002] [laser_mapping]: publish_map: frame pts=0, total=0
[INFO] [1783988453.816596108] [laser_mapping]: publish_map: frame pts=0, total=0
[INFO] [1783988454.816782784] [laser_mapping]: publish_map: frame pts=0, total=0
[INFO] [1783988455.816644754] [laser_mapping]: publish_map: frame pts=0, total=0
[INFO] [1783988456.816705318] [laser_mapping]: publish_map: frame pts=0, total=0
[INFO] [1783988457.816597837] [laser_mapping]: publish_map: frame pts=0, total=0
[INFO] [1783988458.816753494] [laser_mapping]: publish_map: frame pts=0, total=0
[INFO] [1783988459.816638901] [laser_mapping]: publish_map: frame pts=0, total=0
[INFO] [1783988460.816608107] [laser_mapping]: publish_map: frame pts=0, total=0
[INFO] [1783988461.816593039] [laser_mapping]: publish_map: frame pts=0, total=0
[INFO] [1783988462.816640334] [laser_mapping]: publish_map: frame pts=0, total=0
[INFO] [1783988463.816751390] [laser_mapping]: publish_map: frame pts=0, total=0
[INFO] [1783988464.816751523] [laser_mapping]: publish_map: frame pts=0, total=0
[INFO] [1783988465.816604831] [laser_mapping]: publish_map: frame pts=0, total=0
[INFO] [1783988466.816607273] [laser_mapping]: publish_map: frame pts=0, total=0
[INFO] [1783988467.816606074] [laser_mapping]: publish_map: frame pts=0, total=0
[INFO] [1783988468.816602399] [laser_mapping]: publish_map: frame pts=0, total=0
[INFO] [1783988469.816749716] [laser_mapping]: publish_map: frame pts=0, total=0
[INFO] [1783988470.816829325] [laser_mapping]: publish_map: frame pts=0, total=0
[INFO] [1783988471.816610411] [laser_mapping]: publish_map: frame pts=0, total=0
[INFO] [1783988472.816646183] [laser_mapping]: publish_map: frame pts=0, total=0
[INFO] [1783988473.816637586] [laser_mapping]: publish_map: frame pts=0, total=0
[INFO] [1783988474.816713121] [laser_mapping]: publish_map: frame pts=0, total=0
[INFO] [1783988475.816620985] [laser_mapping]: publish_map: frame pts=0, total=0
[INFO] [1783988476.816592964] [laser_mapping]: publish_map: frame pts=0, total=0
[INFO] [1783988477.816618462] [laser_mapping]: publish_map: frame pts=0, total=0
[INFO] [1783988478.816589575] [laser_mapping]: publish_map: frame pts=0, total=0
[INFO] [1783988479.816752432] [laser_mapping]: publish_map: frame pts=0, total=0
[INFO] [1783988480.816587393] [laser_mapping]: publish_map: frame pts=0, total=0
[INFO] [1783988481.816593530] [laser_mapping]: publish_map: frame pts=0, total=0
[INFO] [1783988482.816621741] [laser_mapping]: publish_map: frame pts=0, total=0
[INFO] [1783988483.816766096] [laser_mapping]: publish_map: frame pts=0, total=0
[INFO] [1783988484.816607310] [laser_mapping]: publish_map: frame pts=0, total=0
[INFO] [1783988485.816592180] [laser_mapping]: publish_map: frame pts=0, total=0
[INFO] [1783988486.816617321] [laser_mapping]: publish_map: frame pts=0, total=0
[INFO] [1783988487.816619938] [laser_mapping]: publish_map: frame pts=0, total=0
[INFO] [1783988488.816591048] [laser_mapping]: publish_map: frame pts=0, total=0
[INFO] [1783988489.816653001] [laser_mapping]: publish_map: frame pts=0, total=0
[INFO] [1783988490.816746268] [laser_mapping]: publish_map: frame pts=0, total=0
[INFO] [1783988491.816602595] [laser_mapping]: publish_map: frame pts=0, total=0
[INFO] [1783988492.816601170] [laser_mapping]: publish_map: frame pts=0, total=0
[INFO] [1783988493.816591008] [laser_mapping]: publish_map: frame pts=0, total=0
[INFO] [1783988494.816614008] [laser_mapping]: publish_map: frame pts=0, total=0
[INFO] [1783988495.816588980] [laser_mapping]: publish_map: frame pts=0, total=0
[INFO] [1783988496.816724765] [laser_mapping]: publish_map: frame pts=0, total=0
[INFO] [1783988497.816689810] [laser_mapping]: publish_map: frame pts=0, total=0
[INFO] [1783988498.816593316] [laser_mapping]: publish_map: frame pts=0, total=0
[INFO] [1783988499.816601218] [laser_mapping]: publish_map: frame pts=0, total=0
[INFO] [1783988500.816596898] [laser_mapping]: publish_map: frame pts=0, total=0
[INFO] [1783988501.816600336] [laser_mapping]: publish_map: frame pts=0, total=0
[INFO] [1783988502.816592488] [laser_mapping]: publish_map: frame pts=0, total=0
[INFO] [1783988503.816588050] [laser_mapping]: publish_map: frame pts=0, total=0
[INFO] [1783988504.816736403] [laser_mapping]: publish_map: frame pts=0, total=0
[INFO] [1783988505.816735671] [laser_mapping]: publish_map: frame pts=0, total=0
[INFO] [1783988506.816732842] [laser_mapping]: publish_map: frame pts=0, total=0
[INFO] [1783988507.816757661] [laser_mapping]: publish_map: frame pts=0, total=0
[INFO] [1783988508.816708829] [laser_mapping]: publish_map: frame pts=0, total=0
[INFO] [1783988509.816615029] [laser_mapping]: publish_map: frame pts=0, total=0
[INFO] [1783988510.816762407] [laser_mapping]: publish_map: frame pts=0, total=0
[INFO] [1783988511.816781258] [laser_mapping]: publish_map: frame pts=0, total=0
[INFO] [1783988512.816725615] [laser_mapping]: publish_map: frame pts=0, total=0
[INFO] [1783988513.816779481] [laser_mapping]: publish_map: frame pts=0, total=0
[INFO] [1783988514.816618058] [laser_mapping]: publish_map: frame pts=0, total=0
[INFO] [1783988515.816595479] [laser_mapping]: publish_map: frame pts=0, total=0
[INFO] [1783988516.816611034] [laser_mapping]: publish_map: frame pts=0, total=0
[INFO] [1783988517.816771403] [laser_mapping]: publish_map: frame pts=0, total=0
[INFO] [1783988518.816599248] [laser_mapping]: publish_map: frame pts=0, total=0
[INFO] [1783988519.816640740] [laser_mapping]: publish_map: frame pts=0, total=0
[INFO] [1783988520.816622136] [laser_mapping]: publish_map: frame pts=0, total=0
[INFO] [1783988521.816599183] [laser_mapping]: publish_map: frame pts=0, total=0
[INFO] [1783988522.816604306] [laser_mapping]: publish_map: frame pts=0, total=0
[INFO] [1783988523.816607301] [laser_mapping]: publish_map: frame pts=0, total=0
[INFO] [1783988524.816747012] [laser_mapping]: publish_map: frame pts=0, total=0
[INFO] [1783988525.816595818] [laser_mapping]: publish_map: frame pts=0, total=0
[INFO] [1783988526.816624870] [laser_mapping]: publish_map: frame pts=0, total=0
[INFO] [1783988527.816625238] [laser_mapping]: publish_map: frame pts=0, total=0
[INFO] [1783988528.816714780] [laser_mapping]: publish_map: frame pts=0, total=0
[INFO] [1783988529.816593149] [laser_mapping]: publish_map: frame pts=0, total=0
[INFO] [1783988530.816622301] [laser_mapping]: publish_map: frame pts=0, total=0
[INFO] [1783988531.816612156] [laser_mapping]: publish_map: frame pts=0, total=0
[INFO] [1783988532.816739221] [laser_mapping]: publish_map: frame pts=0, total=0
[INFO] [1783988533.816749893] [laser_mapping]: publish_map: frame pts=0, total=0
[INFO] [1783988534.816606448] [laser_mapping]: publish_map: frame pts=0, total=0
[INFO] [1783988535.816716193] [laser_mapping]: publish_map: frame pts=0, total=0
[INFO] [1783988536.816725617] [laser_mapping]: publish_map: frame pts=0, total=0
[INFO] [1783988537.816772453] [laser_mapping]: publish_map: frame pts=0, total=0
[INFO] [1783988538.816746213] [laser_mapping]: publish_map: frame pts=0, total=0
[INFO] [1783988539.816764960] [laser_mapping]: publish_map: frame pts=0, total=0
[INFO] [1783988540.816630895] [laser_mapping]: publish_map: frame pts=0, total=0
[INFO] [1783988541.816607911] [laser_mapping]: publish_map: frame pts=0, total=0
[INFO] [1783988542.816613484] [laser_mapping]: publish_map: frame pts=0, total=0
[INFO] [1783988543.816611362] [laser_mapping]: publish_map: frame pts=0, total=0
[INFO] [1783988544.816599534] [laser_mapping]: publish_map: frame pts=0, total=0
[INFO] [1783988545.816596589] [laser_mapping]: publish_map: frame pts=0, total=0
[INFO] [1783988546.816812580] [laser_mapping]: publish_map: frame pts=0, total=0
[INFO] [1783988547.816754680] [laser_mapping]: publish_map: frame pts=0, total=0
[INFO] [1783988548.816788495] [laser_mapping]: publish_map: frame pts=0, total=0
[INFO] [1783988549.816765335] [laser_mapping]: publish_map: frame pts=0, total=0
[INFO] [1783988550.816712600] [laser_mapping]: publish_map: frame pts=0, total=0
[INFO] [1783988551.816604521] [laser_mapping]: publish_map: frame pts=0, total=0
[INFO] [1783988552.816607589] [laser_mapping]: publish_map: frame pts=0, total=0
[INFO] [1783988553.816601130] [laser_mapping]: publish_map: frame pts=0, total=0
[INFO] [1783988554.816774013] [laser_mapping]: publish_map: frame pts=0, total=0
[INFO] [1783988555.816618025] [laser_mapping]: publish_map: frame pts=0, total=0
[INFO] [1783988556.816599485] [laser_mapping]: publish_map: frame pts=0, total=0
[INFO] [1783988557.816591687] [laser_mapping]: publish_map: frame pts=0, total=0
[INFO] [1783988558.816595648] [laser_mapping]: publish_map: frame pts=0, total=0
[INFO] [1783988559.816595017] [laser_mapping]: publish_map: frame pts=0, total=0
[INFO] [1783988560.816593029] [laser_mapping]: publish_map: frame pts=0, total=0
[INFO] [1783988561.816590938] [laser_mapping]: publish_map: frame pts=0, total=0
[INFO] [1783988562.816744318] [laser_mapping]: publish_map: frame pts=0, total=0
[INFO] [1783988563.816587028] [laser_mapping]: publish_map: frame pts=0, total=0
[INFO] [1783988564.816592021] [laser_mapping]: publish_map: frame pts=0, total=0
[INFO] [1783988565.816588216] [laser_mapping]: publish_map: frame pts=0, total=0
[INFO] [1783988566.816595587] [laser_mapping]: publish_map: frame pts=0, total=0
[INFO] [1783988567.816717767] [laser_mapping]: publish_map: frame pts=0, total=0
[INFO] [1783988568.816595699] [laser_mapping]: publish_map: frame pts=0, total=0
[INFO] [1783988569.816592258] [laser_mapping]: publish_map: frame pts=0, total=0
[INFO] [1783988570.816610614] [laser_mapping]: publish_map: frame pts=0, total=0
[INFO] [1783988571.816583669] [laser_mapping]: publish_map: frame pts=0, total=0
[INFO] [1783988572.816604465] [laser_mapping]: publish_map: frame pts=0, total=0
[INFO] [1783988573.816693508] [laser_mapping]: publish_map: frame pts=0, total=0
[INFO] [1783988574.816600472] [laser_mapping]: publish_map: frame pts=0, total=0
[INFO] [1783988575.816696043] [laser_mapping]: publish_map: frame pts=0, total=0
[INFO] [1783988576.816607550] [laser_mapping]: publish_map: frame pts=0, total=0
[INFO] [1783988577.816615492] [laser_mapping]: publish_map: frame pts=0, total=0
[WARN] [1783988578.236596231] [laser_mapping]: No point, skip this scan!

[WARN] [1783988578.246634205] [laser_mapping]: No point, skip this scan!

[WARN] [1783988578.256594664] [laser_mapping]: No point, skip this scan!

IMU Initial Done
[WARN] [1783988578.297216593] [laser_mapping]: No point, skip this scan!

[WARN] [1783988578.306939250] [laser_mapping]: No point, skip this scan!

[WARN] [1783988578.316689789] [laser_mapping]: No point, skip this scan!

[WARN] [1783988578.326591780] [laser_mapping]: No point, skip this scan!

[INFO] [1783988578.390563957] [laser_mapping]: Initialize the map kdtree
[INFO] [1783988578.400143290] [laser_mapping]: publish_map: frame pts=2484, total=0
[INFO] [1783988578.433449169] [laser_mapping]: publish_map: frame pts=2484, total=2484
[INFO] [1783988578.460548670] [laser_mapping]: publish_map: frame pts=2484, total=4968
[INFO] [1783988578.503469559] [laser_mapping]: publish_map: frame pts=2902, total=7452
[INFO] [1783988578.554295855] [laser_mapping]: publish_map: frame pts=2902, total=10354
[INFO] [1783988578.590401709] [laser_mapping]: publish_map: frame pts=2902, total=13256
[INFO] [1783988578.617594168] [laser_mapping]: publish_map: frame pts=2902, total=16158
[INFO] [1783988578.680123758] [laser_mapping]: publish_map: frame pts=2679, total=19060
[INFO] [1783988578.705884129] [laser_mapping]: publish_map: frame pts=2679, total=21739
[INFO] [1783988578.732812503] [laser_mapping]: publish_map: frame pts=2626, total=24418
[INFO] [1783988578.776257946] [laser_mapping]: publish_map: frame pts=2626, total=27044
[INFO] [1783988578.851356573] [laser_mapping]: publish_map: frame pts=2918, total=29670
[INFO] [1783988578.853395337] [laser_mapping]: publish_map: frame pts=2918, total=32588
[INFO] [1783988578.885643655] [laser_mapping]: publish_map: frame pts=2918, total=35506
[INFO] [1783988578.889757121] [laser_mapping]: publish_map: frame pts=2509, total=38424
[INFO] [1783988578.957997013] [laser_mapping]: publish_map: frame pts=2509, total=40933
[INFO] [1783988578.988524998] [laser_mapping]: publish_map: frame pts=2679, total=43442
[INFO] [1783988579.036779762] [laser_mapping]: publish_map: frame pts=2679, total=46121
[INFO] [1783988579.064808626] [laser_mapping]: publish_map: frame pts=2679, total=48800
[INFO] [1783988579.110441657] [laser_mapping]: publish_map: frame pts=2679, total=51479
[INFO] [1783988579.144624978] [laser_mapping]: publish_map: frame pts=2916, total=54158
[INFO] [1783988579.193214221] [laser_mapping]: publish_map: frame pts=2916, total=57074
[INFO] [1783988579.226154894] [laser_mapping]: publish_map: frame pts=2602, total=59990
[INFO] [1783988579.231606366] [laser_mapping]: publish_map: frame pts=2602, total=62592
[INFO] [1783988579.305701156] [laser_mapping]: publish_map: frame pts=2792, total=65194
[INFO] [1783988579.347719378] [laser_mapping]: publish_map: frame pts=2792, total=67986
[INFO] [1783988579.381292479] [laser_mapping]: publish_map: frame pts=2734, total=70778
[INFO] [1783988579.429062220] [laser_mapping]: publish_map: frame pts=2734, total=73512
[INFO] [1783988579.462359756] [laser_mapping]: publish_map: frame pts=2734, total=76246
[INFO] [1783988579.510155566] [laser_mapping]: publish_map: frame pts=2734, total=78980
[INFO] [1783988579.539245870] [laser_mapping]: publish_map: frame pts=2482, total=81714
[INFO] [1783988579.573226773] [laser_mapping]: publish_map: frame pts=2482, total=84196
[INFO] [1783988579.620399064] [laser_mapping]: publish_map: frame pts=2900, total=86678
[INFO] [1783988579.655462768] [laser_mapping]: publish_map: frame pts=2900, total=89578
[INFO] [1783988579.705147533] [laser_mapping]: publish_map: frame pts=2691, total=92478
[INFO] [1783988579.712213275] [laser_mapping]: publish_map: frame pts=2691, total=95169
[INFO] [1783988579.780233017] [laser_mapping]: publish_map: frame pts=2691, total=97860
[INFO] [1783988579.802647199] [laser_mapping]: publish_map: frame pts=2587, total=100551
[INFO] [1783988579.849481458] [laser_mapping]: publish_map: frame pts=2587, total=103138
[INFO] [1783988579.854466430] [laser_mapping]: publish_map: frame pts=2587, total=105725
[INFO] [1783988579.883936628] [laser_mapping]: publish_map: frame pts=2801, total=108312
[INFO] [1783988579.932791255] [laser_mapping]: publish_map: frame pts=2801, total=111113
[INFO] [1783988579.965028214] [laser_mapping]: publish_map: frame pts=2567, total=113914
[INFO] [1783988579.972953573] [laser_mapping]: publish_map: frame pts=2567, total=116481
[INFO] [1783988580.039673637] [laser_mapping]: publish_map: frame pts=2678, total=119048
[INFO] [1783988580.070460906] [laser_mapping]: publish_map: frame pts=2678, total=121726
[INFO] [1783988580.118620809] [laser_mapping]: publish_map: frame pts=2916, total=124404
[INFO] [1783988580.152278007] [laser_mapping]: publish_map: frame pts=2916, total=127320
[INFO] [1783988580.160111342] [laser_mapping]: publish_map: frame pts=2491, total=130236
[INFO] [1783988580.227473990] [laser_mapping]: publish_map: frame pts=2491, total=132727
[INFO] [1783988580.273833698] [laser_mapping]: publish_map: frame pts=2491, total=135218
[INFO] [1783988580.308676263] [laser_mapping]: publish_map: frame pts=2771, total=137709
[INFO] [1783988580.356868695] [laser_mapping]: publish_map: frame pts=2771, total=140480
[INFO] [1783988580.391498804] [laser_mapping]: publish_map: frame pts=2735, total=143251
[INFO] [1783988580.433233464] [laser_mapping]: publish_map: frame pts=2735, total=145986
[INFO] [1783988580.442040872] [laser_mapping]: publish_map: frame pts=2735, total=148721
[INFO] [1783988580.504050671] [laser_mapping]: publish_map: frame pts=2735, total=151456
[INFO] [1783988580.542771643] [laser_mapping]: publish_map: frame pts=2593, total=154191
[INFO] [1783988580.592459257] [laser_mapping]: publish_map: frame pts=2593, total=156784
[INFO] [1783988580.627361961] [laser_mapping]: publish_map: frame pts=2899, total=159377
[INFO] [1783988580.667566671] [laser_mapping]: publish_map: frame pts=2899, total=162276
[INFO] [1783988580.707277333] [laser_mapping]: publish_map: frame pts=2698, total=165175
[INFO] [1783988580.750007547] [laser_mapping]: publish_map: frame pts=2698, total=167873
[INFO] [1783988580.782141993] [laser_mapping]: publish_map: frame pts=2698, total=170571
[INFO] [1783988580.792776555] [laser_mapping]: publish_map: frame pts=2493, total=173269
[INFO] [1783988580.862380656] [laser_mapping]: publish_map: frame pts=2493, total=175762
[INFO] [1783988580.871349292] [laser_mapping]: publish_map: frame pts=2493, total=178255
[INFO] [1783988580.917342830] [laser_mapping]: publish_map: frame pts=2914, total=180748
[INFO] [1783988580.952271599] [laser_mapping]: publish_map: frame pts=2914, total=183662
[INFO] [1783988580.985818087] [laser_mapping]: publish_map: frame pts=2600, total=186576
[INFO] [1783988580.996511020] [laser_mapping]: publish_map: frame pts=2674, total=189176
[INFO] [1783988581.060554356] [laser_mapping]: publish_map: frame pts=2674, total=191850
[INFO] [1783988581.108014280] [laser_mapping]: publish_map: frame pts=2674, total=194524
[INFO] [1783988581.146386571] [laser_mapping]: publish_map: frame pts=2674, total=197198
[INFO] [1783988581.190233758] [laser_mapping]: publish_map: frame pts=2800, total=199872
[INFO] [1783988581.222915408] [laser_mapping]: publish_map: frame pts=2593, total=202672
[INFO] [1783988581.271129521] [laser_mapping]: publish_map: frame pts=2593, total=205265
[INFO] [1783988581.300522249] [laser_mapping]: publish_map: frame pts=2868, total=207858
[INFO] [1783988581.346620242] [laser_mapping]: publish_map: frame pts=2868, total=210726
[INFO] [1783988581.358492533] [laser_mapping]: publish_map: frame pts=2744, total=213594
[INFO] [1783988581.421099884] [laser_mapping]: publish_map: frame pts=2744, total=216338
[INFO] [1783988581.454394471] [laser_mapping]: publish_map: frame pts=2482, total=219082
[INFO] [1783988581.502101438] [laser_mapping]: publish_map: frame pts=2482, total=221564
[INFO] [1783988581.535344610] [laser_mapping]: publish_map: frame pts=2894, total=224046
[INFO] [1783988581.581758651] [laser_mapping]: publish_map: frame pts=2894, total=226940
[INFO] [1783988581.612112466] [laser_mapping]: publish_map: frame pts=2710, total=229834
[INFO] [1783988581.645345419] [laser_mapping]: publish_map: frame pts=2710, total=232544
[INFO] [1783988581.690547039] [laser_mapping]: publish_map: frame pts=2710, total=235254
[INFO] [1783988581.733466135] [laser_mapping]: publish_map: frame pts=2507, total=237964
[INFO] [1783988581.778583538] [laser_mapping]: publish_map: frame pts=2803, total=240471
[INFO] [1783988581.803561117] [laser_mapping]: publish_map: frame pts=2803, total=243274
[INFO] [1783988581.848701015] [laser_mapping]: publish_map: frame pts=2627, total=246077
[INFO] [1783988581.860124251] [laser_mapping]: publish_map: frame pts=2627, total=248704
[INFO] [1783988581.874845122] [laser_mapping]: publish_map: frame pts=2627, total=251331
[INFO] [1783988581.923993584] [laser_mapping]: publish_map: frame pts=2627, total=253958
[INFO] [1783988581.953112010] [laser_mapping]: publish_map: frame pts=2670, total=256585
[INFO] [1783988582.000214656] [laser_mapping]: publish_map: frame pts=2670, total=259255
[INFO] [1783988582.034346808] [laser_mapping]: publish_map: frame pts=2883, total=261925
[INFO] [1783988582.080716652] [laser_mapping]: publish_map: frame pts=2883, total=264808
[INFO] [1783988582.113524421] [laser_mapping]: publish_map: frame pts=2493, total=267691
[INFO] [1783988582.129157277] [laser_mapping]: publish_map: frame pts=2493, total=270184
[INFO] [1783988582.187315983] [laser_mapping]: publish_map: frame pts=2855, total=272677
[INFO] [1783988582.219587710] [laser_mapping]: publish_map: frame pts=2855, total=275532
[INFO] [1783988582.263191405] [laser_mapping]: publish_map: frame pts=2752, total=278387
[INFO] [1783988582.299746737] [laser_mapping]: publish_map: frame pts=2752, total=281139
[INFO] [1783988582.345376301] [laser_mapping]: publish_map: frame pts=2510, total=283891
[INFO] [1783988582.361178796] [laser_mapping]: publish_map: frame pts=2510, total=286401
[INFO] [1783988582.383145996] [laser_mapping]: publish_map: frame pts=2510, total=288911
[INFO] [1783988582.417495374] [laser_mapping]: publish_map: frame pts=2781, total=291421
[INFO] [1783988582.466991587] [laser_mapping]: publish_map: frame pts=2781, total=294202
[INFO] [1783988582.511631500] [laser_mapping]: publish_map: frame pts=2713, total=296983
[INFO] [1783988582.545538692] [laser_mapping]: publish_map: frame pts=2713, total=299696
[INFO] [1783988582.592164317] [laser_mapping]: publish_map: frame pts=2594, total=302409
[INFO] [1783988582.608969890] [laser_mapping]: publish_map: frame pts=2594, total=305003
[INFO] [1783988582.646265437] [laser_mapping]: publish_map: frame pts=2594, total=307597
[INFO] [1783988582.694545781] [laser_mapping]: publish_map: frame pts=2913, total=310191
[INFO] [1783988582.746347990] [laser_mapping]: publish_map: frame pts=2913, total=313104
[INFO] [1783988582.766096631] [laser_mapping]: publish_map: frame pts=2521, total=316017
[INFO] [1783988582.788205564] [laser_mapping]: publish_map: frame pts=2521, total=318538
[INFO] [1783988582.809158732] [laser_mapping]: publish_map: frame pts=2665, total=321059
[INFO] [1783988582.824495456] [laser_mapping]: publish_map: frame pts=2665, total=323724
[INFO] [1783988582.844216919] [laser_mapping]: publish_map: frame pts=2665, total=326389
[INFO] [1783988582.878129946] [laser_mapping]: publish_map: frame pts=2665, total=329054
[INFO] [1783988582.931040705] [laser_mapping]: publish_map: frame pts=2917, total=331719
[INFO] [1783988582.950963190] [laser_mapping]: publish_map: frame pts=2526, total=334636
[INFO] [1783988582.994865989] [laser_mapping]: publish_map: frame pts=2526, total=337162
[INFO] [1783988583.025844377] [laser_mapping]: publish_map: frame pts=2526, total=339688
[INFO] [1783988583.047531804] [laser_mapping]: publish_map: frame pts=2712, total=342214
[INFO] [1783988583.104962034] [laser_mapping]: publish_map: frame pts=2712, total=344926
[INFO] [1783988583.127216926] [laser_mapping]: publish_map: frame pts=2712, total=347638
[INFO] [1783988583.184806920] [laser_mapping]: publish_map: frame pts=2776, total=350350
[INFO] [1783988583.206606634] [laser_mapping]: publish_map: frame pts=2776, total=353126
[INFO] [1783988583.227594514] [laser_mapping]: publish_map: frame pts=2591, total=355902
[INFO] [1783988583.273179514] [laser_mapping]: publish_map: frame pts=2591, total=358493
[INFO] [1783988583.311410839] [laser_mapping]: publish_map: frame pts=2591, total=361084
[INFO] [1783988583.360224132] [laser_mapping]: publish_map: frame pts=2892, total=363675
[INFO] [1783988583.407653107] [laser_mapping]: publish_map: frame pts=2892, total=366567
[INFO] [1783988583.428681465] [laser_mapping]: publish_map: frame pts=2721, total=369459
[INFO] [1783988583.459510327] [laser_mapping]: publish_map: frame pts=2721, total=372180
[INFO] [1783988583.506739765] [laser_mapping]: publish_map: frame pts=2481, total=374901
[INFO] [1783988583.528823664] [laser_mapping]: publish_map: frame pts=2481, total=377382
[INFO] [1783988583.559726891] [laser_mapping]: publish_map: frame pts=2481, total=379863
[INFO] [1783988583.622119536] [laser_mapping]: publish_map: frame pts=2825, total=382344
[INFO] [1783988583.672441040] [laser_mapping]: publish_map: frame pts=2825, total=385169
[INFO] [1783988583.697922212] [laser_mapping]: publish_map: frame pts=2635, total=387994
[INFO] [1783988583.741718967] [laser_mapping]: publish_map: frame pts=2635, total=390629
[INFO] [1783988583.774683159] [laser_mapping]: publish_map: frame pts=2663, total=393264
[INFO] [1783988583.807910932] [laser_mapping]: publish_map: frame pts=2663, total=395927
[INFO] [1783988583.838257067] [laser_mapping]: publish_map: frame pts=2663, total=398590
[INFO] [1783988583.878513868] [laser_mapping]: publish_map: frame pts=2832, total=401253
[INFO] [1783988583.925069005] [laser_mapping]: publish_map: frame pts=2832, total=404085
[INFO] [1783988583.947533384] [laser_mapping]: publish_map: frame pts=2496, total=406917
[INFO] [1783988583.992320096] [laser_mapping]: publish_map: frame pts=2496, total=409413
[INFO] [1783988584.032035056] [laser_mapping]: publish_map: frame pts=2700, total=411909
[INFO] [1783988584.057286512] [laser_mapping]: publish_map: frame pts=2700, total=414609
[INFO] [1783988584.111053471] [laser_mapping]: publish_map: frame pts=2903, total=417309
[INFO] [1783988584.167927512] [laser_mapping]: publish_map: frame pts=2903, total=420212
[INFO] [1783988584.208675735] [laser_mapping]: publish_map: frame pts=2484, total=423115
[INFO] [1783988584.233428933] [laser_mapping]: publish_map: frame pts=2484, total=425599
[INFO] [1783988584.285950390] [laser_mapping]: publish_map: frame pts=2796, total=428083
[INFO] [1783988584.313017494] [laser_mapping]: publish_map: frame pts=2796, total=430879
[INFO] [1783988584.365117018] [laser_mapping]: publish_map: frame pts=2722, total=433675
[INFO] [1783988584.393708177] [laser_mapping]: publish_map: frame pts=2722, total=436397
[INFO] [1783988584.448446233] [laser_mapping]: publish_map: frame pts=2593, total=439119
[INFO] [1783988584.474109673] [laser_mapping]: publish_map: frame pts=2593, total=441712
[INFO] [1783988584.525005632] [laser_mapping]: publish_map: frame pts=2802, total=444305
[INFO] [1783988584.548596012] [laser_mapping]: publish_map: frame pts=2802, total=447107
[INFO] [1783988584.580043154] [laser_mapping]: publish_map: frame pts=2529, total=449909
[INFO] [1783988584.624722173] [laser_mapping]: publish_map: frame pts=2529, total=452438
[INFO] [1783988584.675478486] [laser_mapping]: publish_map: frame pts=2529, total=454967
[INFO] [1783988584.700604172] [laser_mapping]: publish_map: frame pts=2658, total=457496
[INFO] [1783988584.756142962] [laser_mapping]: publish_map: frame pts=2917, total=460154
[INFO] [1783988584.798835476] [laser_mapping]: publish_map: frame pts=2917, total=463071
[INFO] [1783988584.825447552] [laser_mapping]: publish_map: frame pts=2917, total=465988
[INFO] [1783988584.855008110] [laser_mapping]: publish_map: frame pts=2501, total=468905
[INFO] [1783988584.882211489] [laser_mapping]: publish_map: frame pts=2501, total=471406
[INFO] [1783988584.937411860] [laser_mapping]: publish_map: frame pts=2501, total=473907
[INFO] [1783988584.965704641] [laser_mapping]: publish_map: frame pts=2689, total=476408
[INFO] [1783988584.993347505] [laser_mapping]: publish_map: frame pts=2689, total=479097
[INFO] [1783988585.033847788] [laser_mapping]: publish_map: frame pts=2801, total=481786
[INFO] [1783988585.062370667] [laser_mapping]: publish_map: frame pts=2801, total=484587
[INFO] [1783988585.106738855] [laser_mapping]: publish_map: frame pts=2598, total=487388
[INFO] [1783988585.156307559] [laser_mapping]: publish_map: frame pts=2837, total=489986
[INFO] [1783988585.198833063] [laser_mapping]: publish_map: frame pts=2837, total=492823
[INFO] [1783988585.227093502] [laser_mapping]: publish_map: frame pts=2726, total=495660
[INFO] [1783988585.260170119] [laser_mapping]: publish_map: frame pts=2726, total=498386
[INFO] [1783988585.307650124] [laser_mapping]: publish_map: frame pts=2726, total=501112
[INFO] [1783988585.354022025] [laser_mapping]: publish_map: frame pts=2482, total=503838
[INFO] [1783988585.382591708] [laser_mapping]: publish_map: frame pts=2482, total=506320
[INFO] [1783988585.436104896] [laser_mapping]: publish_map: frame pts=2905, total=508802
[INFO] [1783988585.498794333] [laser_mapping]: publish_map: frame pts=2905, total=511707
[INFO] [1783988585.525688119] [laser_mapping]: publish_map: frame pts=2540, total=514612
[INFO] [1783988585.552376412] [laser_mapping]: publish_map: frame pts=2540, total=517152
[INFO] [1783988585.611124290] [laser_mapping]: publish_map: frame pts=2540, total=519692
[INFO] [1783988585.639318156] [laser_mapping]: publish_map: frame pts=2647, total=522232
[INFO] [1783988585.695377552] [laser_mapping]: publish_map: frame pts=2815, total=524879
[INFO] [1783988585.722118099] [laser_mapping]: publish_map: frame pts=2815, total=527694
[INFO] [1783988585.751698084] [laser_mapping]: publish_map: frame pts=2614, total=530509
[INFO] [1783988585.780488076] [laser_mapping]: publish_map: frame pts=2614, total=533123
[INFO] [1783988585.809533290] [laser_mapping]: publish_map: frame pts=2684, total=535737
[INFO] [1783988585.834317858] [laser_mapping]: publish_map: frame pts=2684, total=538421
[INFO] [1783988585.864420962] [laser_mapping]: publish_map: frame pts=2684, total=541105
[INFO] [1783988585.927261750] [laser_mapping]: publish_map: frame pts=2819, total=543789
[INFO] [1783988585.986918835] [laser_mapping]: publish_map: frame pts=2819, total=546608
[INFO] [1783988586.027780877] [laser_mapping]: publish_map: frame pts=2488, total=549427
[INFO] [1783988586.069271159] [laser_mapping]: publish_map: frame pts=2488, total=551915
[INFO] [1783988586.111427850] [laser_mapping]: publish_map: frame pts=2488, total=554403
[INFO] [1783988586.175727159] [laser_mapping]: publish_map: frame pts=2877, total=556891
[INFO] [1783988586.233792623] [laser_mapping]: publish_map: frame pts=2877, total=559768
[INFO] [1783988586.265309560] [laser_mapping]: publish_map: frame pts=2732, total=562645
[INFO] [1783988586.298590727] [laser_mapping]: publish_map: frame pts=2480, total=565377
[INFO] [1783988586.329839317] [laser_mapping]: publish_map: frame pts=2480, total=567857
[INFO] [1783988586.361457747] [laser_mapping]: publish_map: frame pts=2793, total=570337
[INFO] [1783988586.394027922] [laser_mapping]: publish_map: frame pts=2793, total=573130
[INFO] [1783988586.453569118] [laser_mapping]: publish_map: frame pts=2677, total=575923
[INFO] [1783988586.486010191] [laser_mapping]: publish_map: frame pts=2677, total=578600
[INFO] [1783988586.518642557] [laser_mapping]: publish_map: frame pts=2627, total=581277
[INFO] [1783988586.580464837] [laser_mapping]: publish_map: frame pts=2819, total=583904
[INFO] [1783988586.634708272] [laser_mapping]: publish_map: frame pts=2819, total=586723
[INFO] [1783988586.681988939] [laser_mapping]: publish_map: frame pts=2819, total=589542
[INFO] [1783988586.716013562] [laser_mapping]: publish_map: frame pts=2506, total=592361
[INFO] [1783988586.747673812] [laser_mapping]: publish_map: frame pts=2506, total=594867
[INFO] [1783988586.780757791] [laser_mapping]: publish_map: frame pts=2679, total=597373
[INFO] [1783988586.813330344] [laser_mapping]: publish_map: frame pts=2679, total=600052
[INFO] [1783988586.844068292] [laser_mapping]: publish_map: frame pts=2679, total=602731
[INFO] [1783988586.904633217] [laser_mapping]: publish_map: frame pts=2916, total=605410
[INFO] [1783988586.965255577] [laser_mapping]: publish_map: frame pts=2916, total=608326
[INFO] [1783988587.002753258] [laser_mapping]: publish_map: frame pts=2550, total=611242
[INFO] [1783988587.038437543] [laser_mapping]: publish_map: frame pts=2757, total=613792
[INFO] [1783988587.072880372] [laser_mapping]: publish_map: frame pts=2757, total=616549
[INFO] [1783988587.105941098] [laser_mapping]: publish_map: frame pts=2757, total=619306
[INFO] [1783988587.141686573] [laser_mapping]: publish_map: frame pts=2734, total=622063
[INFO] [1783988587.176335178] [laser_mapping]: publish_map: frame pts=2734, total=624797
[INFO] [1783988587.211467844] [laser_mapping]: publish_map: frame pts=2539, total=627531
[INFO] [1783988587.265595528] [laser_mapping]: publish_map: frame pts=2901, total=630070
[INFO] [1783988587.314209219] [laser_mapping]: publish_map: frame pts=2901, total=632971
[INFO] [1783988587.349169790] [laser_mapping]: publish_map: frame pts=2697, total=635872
[INFO] [1783988587.386085313] [laser_mapping]: publish_map: frame pts=2697, total=638569
[INFO] [1783988587.425937116] [laser_mapping]: publish_map: frame pts=2496, total=641266
[INFO] [1783988587.468411460] [laser_mapping]: publish_map: frame pts=2496, total=643762
[INFO] [1783988587.520630966] [laser_mapping]: publish_map: frame pts=2819, total=646258
[INFO] [1783988587.569982503] [laser_mapping]: publish_map: frame pts=2819, total=649077
[INFO] [1783988587.606738110] [laser_mapping]: publish_map: frame pts=2621, total=651896
[INFO] [1783988587.642320659] [laser_mapping]: Saving map to /home/hyper/program/2026_Gsing-second_ROS/map/PCD25.pcd...
[INFO] [1783988590.119553990] [laser_mapping]: publish_map: frame pts=2621, total=654517
[INFO] [1783988590.158531566] [laser_mapping]: publish_map: frame pts=2621, total=657138
[INFO] [1783988590.197346659] [laser_mapping]: publish_map: frame pts=2677, total=659759
[INFO] [1783988590.235802468] [laser_mapping]: publish_map: frame pts=2677, total=662436
[INFO] [1783988590.275944407] [laser_mapping]: publish_map: frame pts=2677, total=665113
[INFO] [1783988590.315605158] [laser_mapping]: publish_map: frame pts=2805, total=667790
[INFO] [1783988590.356502667] [laser_mapping]: publish_map: frame pts=2490, total=670595
[INFO] [1783988590.397744973] [laser_mapping]: publish_map: frame pts=2490, total=673085
[INFO] [1783988590.437746527] [laser_mapping]: publish_map: frame pts=2520, total=675575
[INFO] [1783988590.477618236] [laser_mapping]: publish_map: frame pts=2520, total=678095
[INFO] [1783988590.516810274] [laser_mapping]: publish_map: frame pts=2520, total=680615
[INFO] [1783988590.556620644] [laser_mapping]: publish_map: frame pts=2520, total=683135
[INFO] [1783988590.596097657] [laser_mapping]: publish_map: frame pts=2498, total=685655
[INFO] [1783988590.638355132] [laser_mapping]: publish_map: frame pts=2498, total=688153
[INFO] [1783988590.681434830] [laser_mapping]: publish_map: frame pts=2706, total=690651
[INFO] [1783988590.721750276] [laser_mapping]: publish_map: frame pts=2706, total=693357
[INFO] [1783988590.762014288] [laser_mapping]: publish_map: frame pts=2814, total=696063
[INFO] [1783988590.802508044] [laser_mapping]: publish_map: frame pts=2814, total=698877
[INFO] [1783988590.842317671] [laser_mapping]: publish_map: frame pts=2814, total=701691
[INFO] [1783988590.883686577] [laser_mapping]: publish_map: frame pts=2597, total=704505
[INFO] [1783988590.944560381] [laser_mapping]: publish_map: frame pts=2597, total=707102
[INFO] [1783988591.006400827] [laser_mapping]: publish_map: frame pts=2772, total=709699
[INFO] [1783988591.067409320] [laser_mapping]: publish_map: frame pts=2772, total=712471
[INFO] [1783988591.128917117] [laser_mapping]: publish_map: frame pts=2721, total=715243
[INFO] [1783988591.190222574] [laser_mapping]: publish_map: frame pts=2721, total=717964
[INFO] [1783988591.252099792] [laser_mapping]: publish_map: frame pts=2583, total=720685
[INFO] [1783988591.314184668] [laser_mapping]: publish_map: frame pts=2583, total=723268
[INFO] [1783988591.387502407] [laser_mapping]: publish_map: frame pts=2909, total=725851
[INFO] [1783988591.431925166] [laser_mapping]: publish_map: frame pts=2531, total=728760
[INFO] [1783988591.476281703] [laser_mapping]: publish_map: frame pts=2657, total=731291
[INFO] [1783988591.520849095] [laser_mapping]: publish_map: frame pts=2918, total=733948
[INFO] [1783988591.563743062] [laser_mapping]: publish_map: frame pts=2918, total=736866
[INFO] [1783988591.605455599] [laser_mapping]: publish_map: frame pts=2595, total=739784
[INFO] [1783988591.666273720] [laser_mapping]: publish_map: frame pts=2691, total=742379
[INFO] [1783988591.726972935] [laser_mapping]: publish_map: frame pts=2793, total=745070
[INFO] [1783988591.787641520] [laser_mapping]: publish_map: frame pts=2793, total=747863
[INFO] [1783988591.847197853] [laser_mapping]: publish_map: frame pts=2793, total=750656
[INFO] [1783988591.908954996] [laser_mapping]: publish_map: frame pts=2507, total=753449
[INFO] [1783988591.997649361] [laser_mapping]: publish_map: frame pts=2507, total=755956
[INFO] [1783988592.059134351] [laser_mapping]: publish_map: frame pts=2507, total=758463
[INFO] [1783988592.121293028] [laser_mapping]: publish_map: frame pts=2885, total=760970
[INFO] [1783988592.183709661] [laser_mapping]: publish_map: frame pts=2727, total=763855
[INFO] [1783988592.246203808] [laser_mapping]: publish_map: frame pts=2482, total=766582
[INFO] [1783988592.308524918] [laser_mapping]: publish_map: frame pts=2482, total=769064
[INFO] [1783988592.371765062] [laser_mapping]: publish_map: frame pts=2647, total=771546
[INFO] [1783988592.434868952] [laser_mapping]: publish_map: frame pts=2654, total=774193
[INFO] [1783988592.498472099] [laser_mapping]: publish_map: frame pts=2654, total=776847
[INFO] [1783988592.562713223] [laser_mapping]: publish_map: frame pts=2654, total=779501
[INFO] [1783988592.626712027] [laser_mapping]: publish_map: frame pts=2503, total=782155
[INFO] [1783988592.718378565] [laser_mapping]: publish_map: frame pts=2686, total=784658
[INFO] [1783988592.782962122] [laser_mapping]: publish_map: frame pts=2913, total=787344
[INFO] [1783988592.846384359] [laser_mapping]: publish_map: frame pts=2913, total=790257
[INFO] [1783988592.910591817] [laser_mapping]: publish_map: frame pts=2913, total=793170
[INFO] [1783988592.975913031] [laser_mapping]: publish_map: frame pts=2579, total=796083
[INFO] [1783988593.041060078] [laser_mapping]: publish_map: frame pts=2765, total=798662
[INFO] [1783988593.106204620] [laser_mapping]: publish_map: frame pts=2727, total=801427
[INFO] [1783988593.172032176] [laser_mapping]: publish_map: frame pts=2727, total=804154
[INFO] [1783988593.238775253] [laser_mapping]: publish_map: frame pts=2580, total=806881
[INFO] [1783988593.308313092] [laser_mapping]: publish_map: frame pts=2905, total=809461
[INFO] [1783988593.377459192] [laser_mapping]: publish_map: frame pts=2647, total=812366
[INFO] [1783988593.449683035] [laser_mapping]: publish_map: frame pts=2819, total=815013
[INFO] [1783988593.522593026] [laser_mapping]: publish_map: frame pts=2819, total=817832
[INFO] [1783988593.594435861] [laser_mapping]: publish_map: frame pts=2819, total=820651
[INFO] [1783988593.667244039] [laser_mapping]: publish_map: frame pts=2684, total=823470
[INFO] [1783988593.740158160] [laser_mapping]: publish_map: frame pts=2822, total=826154
[INFO] [1783988593.813305843] [laser_mapping]: publish_map: frame pts=2490, total=828976
[INFO] [1783988593.884791588] [laser_mapping]: publish_map: frame pts=2490, total=831466
[INFO] [1783988593.957550540] [laser_mapping]: publish_map: frame pts=2490, total=833956
[INFO] [1783988594.031455385] [laser_mapping]: publish_map: frame pts=2876, total=836446
[INFO] [1783988594.107021589] [laser_mapping]: publish_map: frame pts=2731, total=839322
[INFO] [1783988594.182343219] [laser_mapping]: publish_map: frame pts=2584, total=842053
[INFO] [1783988594.239445891] [laser_mapping]: publish_map: frame pts=2787, total=844637
[INFO] [1783988594.293302261] [laser_mapping]: publish_map: frame pts=2605, total=847424
[INFO] [1783988594.345511995] [laser_mapping]: publish_map: frame pts=2639, total=850029
[INFO] [1783988594.399584863] [laser_mapping]: publish_map: frame pts=2916, total=852668
[INFO] [1783988594.452604094] [laser_mapping]: publish_map: frame pts=2506, total=855584
[INFO] [1783988594.505057726] [laser_mapping]: publish_map: frame pts=2506, total=858090
[INFO] [1783988594.559942504] [laser_mapping]: publish_map: frame pts=2805, total=860596
[INFO] [1783988594.612382166] [laser_mapping]: publish_map: frame pts=2600, total=863401
[INFO] [1783988594.666126922] [laser_mapping]: publish_map: frame pts=2600, total=866001
[INFO] [1783988594.720695416] [laser_mapping]: publish_map: frame pts=2813, total=868601
[INFO] [1783988594.774190506] [laser_mapping]: publish_map: frame pts=2733, total=871414
[INFO] [1783988594.827083380] [laser_mapping]: publish_map: frame pts=2733, total=874147
[INFO] [1783988594.885727325] [laser_mapping]: publish_map: frame pts=2733, total=876880
[INFO] [1783988594.964046723] [laser_mapping]: publish_map: frame pts=2481, total=879613
[INFO] [1783988595.041293636] [laser_mapping]: publish_map: frame pts=2481, total=882094
[INFO] [1783988595.120090874] [laser_mapping]: publish_map: frame pts=2898, total=884575
[INFO] [1783988595.198493154] [laser_mapping]: publish_map: frame pts=2692, total=887473
[INFO] [1783988595.276536257] [laser_mapping]: publish_map: frame pts=2692, total=890165
[INFO] [1783988595.354935301] [laser_mapping]: publish_map: frame pts=2562, total=892857
[INFO] [1783988595.434032025] [laser_mapping]: publish_map: frame pts=2602, total=895419
[INFO] [1783988595.514991681] [laser_mapping]: publish_map: frame pts=2678, total=898021
[INFO] [1783988595.594935687] [laser_mapping]: publish_map: frame pts=2918, total=900699
[INFO] [1783988595.674198722] [laser_mapping]: publish_map: frame pts=2918, total=903617
[INFO] [1783988595.750893410] [laser_mapping]: publish_map: frame pts=2492, total=906535
[INFO] [1783988595.822677051] [laser_mapping]: publish_map: frame pts=2492, total=909027
[INFO] [1783988595.896933131] [laser_mapping]: publish_map: frame pts=2796, total=911519
[INFO] [1783988595.972111884] [laser_mapping]: publish_map: frame pts=2737, total=914315
[INFO] [1783988596.047270224] [laser_mapping]: publish_map: frame pts=2594, total=917052
[INFO] [1783988596.122801168] [laser_mapping]: publish_map: frame pts=2803, total=919646
[INFO] [1783988596.198168485] [laser_mapping]: publish_map: frame pts=2700, total=922449
[INFO] [1783988596.274054127] [laser_mapping]: publish_map: frame pts=2493, total=925149
[INFO] [1783988596.349361909] [laser_mapping]: publish_map: frame pts=2913, total=927642
[INFO] [1783988596.425531698] [laser_mapping]: publish_map: frame pts=2674, total=930555
[INFO] [1783988596.501718327] [laser_mapping]: publish_map: frame pts=2801, total=933229
[INFO] [1783988596.577527520] [laser_mapping]: publish_map: frame pts=2801, total=936030
[INFO] [1783988596.655693915] [laser_mapping]: publish_map: frame pts=2868, total=938831
[INFO] [1783988596.733312853] [laser_mapping]: publish_map: frame pts=2868, total=941699
[INFO] [1783988596.811989974] [laser_mapping]: publish_map: frame pts=2742, total=944567
[INFO] [1783988596.887369265] [laser_mapping]: publish_map: frame pts=2742, total=947309
[INFO] [1783988596.965938413] [laser_mapping]: publish_map: frame pts=2482, total=950051
[INFO] [1783988597.043452877] [laser_mapping]: publish_map: frame pts=2801, total=952533
[INFO] [1783988597.120893493] [laser_mapping]: publish_map: frame pts=2704, total=955334
[INFO] [1783988597.198995407] [laser_mapping]: publish_map: frame pts=2602, total=958038
[INFO] [1783988597.277153809] [laser_mapping]: publish_map: frame pts=2817, total=960640
[INFO] [1783988597.355758061] [laser_mapping]: publish_map: frame pts=2512, total=963457
[INFO] [1783988597.435684280] [laser_mapping]: publish_map: frame pts=2671, total=965969
[INFO] [1783988597.514975315] [laser_mapping]: publish_map: frame pts=2586, total=968640
[INFO] [1783988597.594204724] [laser_mapping]: publish_map: frame pts=2586, total=971226
[INFO] [1783988597.673908213] [laser_mapping]: publish_map: frame pts=2744, total=973812
[INFO] [1783988597.753518347] [laser_mapping]: publish_map: frame pts=2744, total=976556
[INFO] [1783988597.831379840] [laser_mapping]: publish_map: frame pts=2744, total=979300
[INFO] [1783988597.911421530] [laser_mapping]: publish_map: frame pts=2481, total=982044
[INFO] [1783988597.991033443] [laser_mapping]: publish_map: frame pts=2897, total=984525
[INFO] [1783988598.071704176] [laser_mapping]: publish_map: frame pts=2710, total=987422
[INFO] [1783988598.153514347] [laser_mapping]: publish_map: frame pts=2505, total=990132
[INFO] [1783988598.234100232] [laser_mapping]: publish_map: frame pts=2799, total=992637
[INFO] [1783988598.313796354] [laser_mapping]: publish_map: frame pts=2608, total=995436
[INFO] [1783988598.395272933] [laser_mapping]: publish_map: frame pts=2673, total=998044
[INFO] [1783988598.476668632] [laser_mapping]: publish_map: frame pts=2494, total=1000717
[INFO] [1783988598.559409861] [laser_mapping]: publish_map: frame pts=2751, total=1003211
[INFO] [1783988598.641590994] [laser_mapping]: publish_map: frame pts=2751, total=1005962
[INFO] [1783988598.723735354] [laser_mapping]: publish_map: frame pts=2592, total=1008713
[INFO] [1783988598.806432332] [laser_mapping]: publish_map: frame pts=2898, total=1011305
[INFO] [1783988598.887230670] [laser_mapping]: publish_map: frame pts=2898, total=1014203
[INFO] [1783988598.970650403] [laser_mapping]: publish_map: frame pts=2713, total=1017101
[INFO] [1783988599.055054801] [laser_mapping]: publish_map: frame pts=2484, total=1019814
[INFO] [1783988599.139039356] [laser_mapping]: publish_map: frame pts=2913, total=1022298
[INFO] [1783988599.222677547] [laser_mapping]: publish_map: frame pts=2624, total=1025211
[INFO] [1783988599.306351642] [laser_mapping]: publish_map: frame pts=2669, total=1027835
[INFO] [1783988599.390208784] [laser_mapping]: publish_map: frame pts=2806, total=1030504
[INFO] [1783988599.474331960] [laser_mapping]: publish_map: frame pts=2570, total=1033310
[INFO] [1783988599.558440899] [laser_mapping]: publish_map: frame pts=2757, total=1035880
[INFO] [1783988599.645608576] [laser_mapping]: publish_map: frame pts=2484, total=1038637
[INFO] [1783988599.733541030] [laser_mapping]: publish_map: frame pts=2892, total=1041121
[INFO] [1783988599.820207888] [laser_mapping]: publish_map: frame pts=2892, total=1044013
[INFO] [1783988599.911010578] [laser_mapping]: publish_map: frame pts=2715, total=1046905
[INFO] [1783988599.999463706] [laser_mapping]: publish_map: frame pts=2597, total=1049620
[INFO] [1783988600.089169126] [laser_mapping]: publish_map: frame pts=2833, total=1052217
[INFO] [1783988600.180853598] [laser_mapping]: publish_map: frame pts=2833, total=1055050
[INFO] [1783988600.274717413] [laser_mapping]: publish_map: frame pts=2665, total=1057883
[INFO] [1783988600.369418956] [laser_mapping]: publish_map: frame pts=2919, total=1060548
[INFO] [1783988600.463495118] [laser_mapping]: publish_map: frame pts=2600, total=1063467
[INFO] [1783988600.558442010] [laser_mapping]: publish_map: frame pts=2766, total=1066067
[INFO] [1783988600.659987257] [laser_mapping]: publish_map: frame pts=2483, total=1068833
[INFO] [1783988600.755061910] [laser_mapping]: publish_map: frame pts=2483, total=1071316
[INFO] [1783988600.861016699] [laser_mapping]: publish_map: frame pts=2483, total=1073799
[INFO] [1783988600.952400653] [laser_mapping]: publish_map: frame pts=2719, total=1076282
[INFO] [1783988601.039628635] [laser_mapping]: publish_map: frame pts=2798, total=1079001
[INFO] [1783988601.128186403] [laser_mapping]: publish_map: frame pts=2616, total=1081799
[INFO] [1783988601.215412164] [laser_mapping]: publish_map: frame pts=2665, total=1084415
[INFO] [1783988601.303424562] [laser_mapping]: publish_map: frame pts=2919, total=1087080
[INFO] [1783988601.395789590] [laser_mapping]: publish_map: frame pts=2919, total=1089999
[INFO] [1783988601.484214921] [laser_mapping]: publish_map: frame pts=2707, total=1092918
[INFO] [1783988601.560758518] [laser_mapping]: publish_map: frame pts=2892, total=1095625
[INFO] [1783988601.636387375] [laser_mapping]: publish_map: frame pts=2892, total=1098517
[INFO] [1783988601.713137042] [laser_mapping]: publish_map: frame pts=2481, total=1101409
[INFO] [1783988601.792798557] [laser_mapping]: publish_map: frame pts=2910, total=1103890
[INFO] [1783988601.859561936] [laser_mapping]: publish_map: frame pts=2910, total=1106800
[INFO] [1783988601.930887208] [laser_mapping]: publish_map: frame pts=2627, total=1109710
[INFO] [1783988602.018524111] [laser_mapping]: publish_map: frame pts=2661, total=1112337
[INFO] [1783988602.105999669] [laser_mapping]: publish_map: frame pts=2661, total=1114998
[INFO] [1783988602.193308865] [laser_mapping]: publish_map: frame pts=2597, total=1117659
[INFO] [1783988602.291386104] [laser_mapping]: publish_map: frame pts=2696, total=1120256
[INFO] [1783988602.388256185] [laser_mapping]: publish_map: frame pts=2908, total=1122952
[INFO] [1783988602.485071539] [laser_mapping]: publish_map: frame pts=2908, total=1125860
[INFO] [1783988602.584320335] [laser_mapping]: publish_map: frame pts=2787, total=1128768
[INFO] [1783988602.679933392] [laser_mapping]: publish_map: frame pts=2721, total=1131555
[INFO] [1783988602.801775507] [laser_mapping]: publish_map: frame pts=2721, total=1134276
[INFO] [1783988602.924395936] [laser_mapping]: publish_map: frame pts=2721, total=1136997
[INFO] [1783988603.045307854] [laser_mapping]: publish_map: frame pts=2531, total=1139718
[INFO] [1783988603.166509786] [laser_mapping]: publish_map: frame pts=2658, total=1142249
[INFO] [1783988603.289072015] [laser_mapping]: publish_map: frame pts=2866, total=1144907
[INFO] [1783988603.408895208] [laser_mapping]: publish_map: frame pts=2611, total=1147773
[INFO] [1783988603.524665285] [laser_mapping]: publish_map: frame pts=2611, total=1150384
[INFO] [1783988603.649178167] [laser_mapping]: publish_map: frame pts=2486, total=1152995
[INFO] [1783988603.771479180] [laser_mapping]: publish_map: frame pts=2885, total=1155481
[INFO] [1783988603.890217957] [laser_mapping]: publish_map: frame pts=2885, total=1158366
[INFO] [1783988604.009980236] [laser_mapping]: publish_map: frame pts=2795, total=1161251
[INFO] [1783988604.124102885] [laser_mapping]: publish_map: frame pts=2795, total=1164046
[INFO] [1783988604.241444649] [laser_mapping]: publish_map: frame pts=2918, total=1166841
[INFO] [1783988604.363722752] [laser_mapping]: publish_map: frame pts=2503, total=1169759
[INFO] [1783988604.485549065] [laser_mapping]: publish_map: frame pts=2866, total=1172262
[INFO] [1783988604.586666544] [laser_mapping]: publish_map: frame pts=2600, total=1175128
[INFO] [1783988604.690526323] [laser_mapping]: publish_map: frame pts=2727, total=1177728
[INFO] [1783988604.787549166] [laser_mapping]: publish_map: frame pts=2648, total=1180455
[INFO] [1783988604.890313769] [laser_mapping]: publish_map: frame pts=2648, total=1183103
[INFO] [1783988604.995692929] [laser_mapping]: publish_map: frame pts=2648, total=1185751
[INFO] [1783988605.098449452] [laser_mapping]: publish_map: frame pts=2822, total=1188399
[INFO] [1783988605.201897475] [laser_mapping]: publish_map: frame pts=2686, total=1191221
[INFO] [1783988605.307604488] [laser_mapping]: publish_map: frame pts=2913, total=1193907
[INFO] [1783988605.412981707] [laser_mapping]: publish_map: frame pts=2913, total=1196820
[INFO] [1783988605.519420444] [laser_mapping]: publish_map: frame pts=2728, total=1199733
[INFO] [1783988605.621646816] [laser_mapping]: publish_map: frame pts=2481, total=1202461
[INFO] [1783988605.720919488] [laser_mapping]: publish_map: frame pts=2641, total=1204942
[INFO] [1783988605.811319900] [laser_mapping]: publish_map: frame pts=2808, total=1207583
[INFO] [1783988605.928590329] [laser_mapping]: publish_map: frame pts=2808, total=1210391
[INFO] [1783988606.040711716] [laser_mapping]: publish_map: frame pts=2500, total=1213199
[INFO] [1783988606.143612898] [laser_mapping]: publish_map: frame pts=2686, total=1215699
[INFO] [1783988606.251377190] [laser_mapping]: publish_map: frame pts=2913, total=1218385
[INFO] [1783988606.355453499] [laser_mapping]: publish_map: frame pts=2770, total=1221298
[INFO] [1783988606.462112049] [laser_mapping]: publish_map: frame pts=2770, total=1224068
[INFO] [1783988606.569975275] [laser_mapping]: publish_map: frame pts=2479, total=1226838
[INFO] [1783988606.676838912] [laser_mapping]: publish_map: frame pts=2905, total=1229317
[INFO] [1783988606.785211750] [laser_mapping]: publish_map: frame pts=2813, total=1232222
[INFO] [1783988606.888134736] [laser_mapping]: publish_map: frame pts=2813, total=1235035
[INFO] [1783988606.993014334] [laser_mapping]: publish_map: frame pts=2813, total=1237848
[INFO] [1783988607.099436911] [laser_mapping]: publish_map: frame pts=2813, total=1240661
[INFO] [1783988607.208692446] [laser_mapping]: publish_map: frame pts=2490, total=1243474
[INFO] [1783988607.329933806] [laser_mapping]: publish_map: frame pts=2878, total=1245964
[INFO] [1783988607.423490956] [laser_mapping]: publish_map: frame pts=2731, total=1248842
[INFO] [1783988607.517417258] [laser_mapping]: publish_map: frame pts=2798, total=1251573
[INFO] [1783988607.613764845] [laser_mapping]: publish_map: frame pts=2547, total=1254371
[INFO] [1783988607.711100285] [laser_mapping]: publish_map: frame pts=2916, total=1256918
[INFO] [1783988607.822106214] [laser_mapping]: publish_map: frame pts=2916, total=1259834
[INFO] [1783988607.936896596] [laser_mapping]: publish_map: frame pts=2608, total=1262750
[INFO] [1783988608.053850536] [laser_mapping]: publish_map: frame pts=2803, total=1265358
[INFO] [1783988608.164523055] [laser_mapping]: publish_map: frame pts=2490, total=1268161
[INFO] [1783988608.276096814] [laser_mapping]: publish_map: frame pts=2490, total=1270651
[INFO] [1783988608.388847312] [laser_mapping]: publish_map: frame pts=2732, total=1273141
[INFO] [1783988608.497896808] [laser_mapping]: publish_map: frame pts=2786, total=1275873
[INFO] [1783988608.607091756] [laser_mapping]: publish_map: frame pts=2630, total=1278659
[INFO] [1783988608.703838929] [laser_mapping]: publish_map: frame pts=2508, total=1281289
[INFO] [1783988608.801823279] [laser_mapping]: publish_map: frame pts=2508, total=1283797
[INFO] [1783988608.913776106] [laser_mapping]: publish_map: frame pts=2508, total=1286305
[INFO] [1783988609.026533515] [laser_mapping]: publish_map: frame pts=2805, total=1288813
[INFO] [1783988609.139885270] [laser_mapping]: publish_map: frame pts=2878, total=1291618
[INFO] [1783988609.252729988] [laser_mapping]: publish_map: frame pts=2734, total=1294496
[INFO] [1783988609.366092296] [laser_mapping]: publish_map: frame pts=2483, total=1297230
[INFO] [1783988609.484361407] [laser_mapping]: publish_map: frame pts=2483, total=1299713
[INFO] [1783988609.603087447] [laser_mapping]: publish_map: frame pts=2613, total=1302196
[INFO] [1783988609.718738146] [laser_mapping]: publish_map: frame pts=2804, total=1304809
[INFO] [1783988609.830720537] [laser_mapping]: publish_map: frame pts=2804, total=1307613
[INFO] [1783988609.948250753] [laser_mapping]: publish_map: frame pts=2916, total=1310417
[INFO] [1783988610.096892426] [laser_mapping]: publish_map: frame pts=2916, total=1313333
[INFO] [1783988610.245505825] [laser_mapping]: publish_map: frame pts=2756, total=1316249
[INFO] [1783988610.399152090] [laser_mapping]: publish_map: frame pts=2580, total=1319005
[INFO] [1783988610.550556413] [laser_mapping]: publish_map: frame pts=2901, total=1321585
[INFO] [1783988610.702224860] [laser_mapping]: publish_map: frame pts=2496, total=1324486
[INFO] [1783988610.839636746] [laser_mapping]: publish_map: frame pts=2496, total=1326982
[INFO] [1783988610.983163241] [laser_mapping]: publish_map: frame pts=2815, total=1329478
[INFO] [1783988611.131239369] [laser_mapping]: publish_map: frame pts=2883, total=1332293
[INFO] [1783988611.272704344] [laser_mapping]: publish_map: frame pts=2883, total=1335176
[INFO] [1783988611.418085460] [laser_mapping]: publish_map: frame pts=2594, total=1338059
[INFO] [1783988611.565958088] [laser_mapping]: publish_map: frame pts=2700, total=1340653
[INFO] [1783988611.718918158] [laser_mapping]: publish_map: frame pts=2491, total=1343353
[INFO] [1783988611.878199433] [laser_mapping]: publish_map: frame pts=2491, total=1345844
[INFO] [1783988612.029200230] [laser_mapping]: publish_map: frame pts=2611, total=1348335
[INFO] [1783988612.173465105] [laser_mapping]: publish_map: frame pts=2868, total=1350946
[INFO] [1783988612.317834654] [laser_mapping]: publish_map: frame pts=2868, total=1353814
[INFO] [1783988612.465767833] [laser_mapping]: publish_map: frame pts=2782, total=1356682
[INFO] [1783988612.607372718] [laser_mapping]: publish_map: frame pts=2490, total=1359464
[INFO] [1783988612.748242027] [laser_mapping]: publish_map: frame pts=2595, total=1361954
[INFO] [1783988612.891085242] [laser_mapping]: publish_map: frame pts=2595, total=1364549
[INFO] [1783988613.038113158] [laser_mapping]: publish_map: frame pts=2802, total=1367144
[INFO] [1783988613.176994853] [laser_mapping]: publish_map: frame pts=2739, total=1369946
[INFO] [1783988613.323440716] [laser_mapping]: publish_map: frame pts=2739, total=1372685
[INFO] [1783988613.474494792] [laser_mapping]: publish_map: frame pts=2579, total=1375424
[INFO] [1783988613.619961803] [laser_mapping]: publish_map: frame pts=2914, total=1378003
[INFO] [1783988613.763436559] [laser_mapping]: publish_map: frame pts=2672, total=1380917
[INFO] [1783988613.904065260] [laser_mapping]: publish_map: frame pts=2672, total=1383589
[INFO] [1783988614.066260438] [laser_mapping]: publish_map: frame pts=2603, total=1386261
[INFO] [1783988614.218309731] [laser_mapping]: publish_map: frame pts=2484, total=1388864
[INFO] [1783988614.363370575] [laser_mapping]: publish_map: frame pts=2484, total=1391348
[INFO] [1783988614.517204472] [laser_mapping]: publish_map: frame pts=2820, total=1393832
[INFO] [1783988614.666947734] [laser_mapping]: publish_map: frame pts=2514, total=1396652
[INFO] [1783988614.816987810] [laser_mapping]: publish_map: frame pts=2918, total=1399166
[INFO] [1783988614.969666476] [laser_mapping]: publish_map: frame pts=2918, total=1402084
[INFO] [1783988615.124186687] [laser_mapping]: publish_map: frame pts=2760, total=1405002
[INFO] [1783988615.278725533] [laser_mapping]: publish_map: frame pts=2711, total=1407762
[INFO] [1783988615.436949692] [laser_mapping]: publish_map: frame pts=2711, total=1410473
[INFO] [1783988615.588066346] [laser_mapping]: publish_map: frame pts=2609, total=1413184
[INFO] [1783988615.743276550] [laser_mapping]: publish_map: frame pts=2917, total=1415793
[INFO] [1783988615.898584930] [laser_mapping]: publish_map: frame pts=2917, total=1418710
[INFO] [1783988616.057026797] [laser_mapping]: publish_map: frame pts=2755, total=1421627
[INFO] [1783988616.210944407] [laser_mapping]: publish_map: frame pts=2595, total=1424382
[INFO] [1783988616.362723445] [laser_mapping]: publish_map: frame pts=2485, total=1426977
[INFO] [1783988616.510154436] [laser_mapping]: publish_map: frame pts=2485, total=1429462
[INFO] [1783988616.658210742] [laser_mapping]: publish_map: frame pts=2809, total=1431947
[INFO] [1783988616.784630487] [laser_mapping]: publish_map: frame pts=2854, total=1434756
[INFO] [1783988616.909498268] [laser_mapping]: publish_map: frame pts=2854, total=1437610
[INFO] [1783988617.035075936] [laser_mapping]: publish_map: frame pts=2556, total=1440464
[INFO] [1783988617.162307790] [laser_mapping]: publish_map: frame pts=2910, total=1443020
[INFO] [1783988617.289142846] [laser_mapping]: publish_map: frame pts=2910, total=1445930
[INFO] [1783988617.419219463] [laser_mapping]: publish_map: frame pts=2804, total=1448840
[INFO] [1783988617.546888398] [laser_mapping]: publish_map: frame pts=2851, total=1451644
[INFO] [1783988617.675443267] [laser_mapping]: publish_map: frame pts=2756, total=1454495
[INFO] [1783988617.803011830] [laser_mapping]: publish_map: frame pts=2802, total=1457251
[INFO] [1783988617.928650565] [laser_mapping]: publish_map: frame pts=2802, total=1460053
[INFO] [1783988618.056597556] [laser_mapping]: publish_map: frame pts=2913, total=1462855
[INFO] [1783988618.185027748] [laser_mapping]: publish_map: frame pts=2913, total=1465768
[INFO] [1783988618.311417879] [laser_mapping]: publish_map: frame pts=2919, total=1468681
[INFO] [1783988618.437806419] [laser_mapping]: publish_map: frame pts=2813, total=1471600
[INFO] [1783988618.562177093] [laser_mapping]: publish_map: frame pts=2760, total=1474413
[INFO] [1783988618.687089931] [laser_mapping]: publish_map: frame pts=2890, total=1477173
[INFO] [1783988618.812615322] [laser_mapping]: publish_map: frame pts=2717, total=1480063
[INFO] [1783988618.935557111] [laser_mapping]: publish_map: frame pts=2717, total=1482780
[INFO] [1783988619.060864743] [laser_mapping]: publish_map: frame pts=2520, total=1485497
[INFO] [1783988619.185679833] [laser_mapping]: publish_map: frame pts=2520, total=1488017
[INFO] [1783988619.311332660] [laser_mapping]: publish_map: frame pts=2598, total=1490537
[INFO] [1783988619.437911805] [laser_mapping]: publish_map: frame pts=2767, total=1493135
[INFO] [1783988619.564085957] [laser_mapping]: publish_map: frame pts=2483, total=1495902
[INFO] [1783988619.691046955] [laser_mapping]: publish_map: frame pts=2720, total=1498385
[INFO] [1783988619.817422776] [laser_mapping]: publish_map: frame pts=2479, total=1501105
[INFO] [1783988619.942892506] [laser_mapping]: publish_map: frame pts=2479, total=1503584
[INFO] [1783988620.071002082] [laser_mapping]: publish_map: frame pts=2663, total=1506063
[INFO] [1783988620.256547261] [laser_mapping]: publish_map: frame pts=2663, total=1508726
[INFO] [1783988620.398225102] [laser_mapping]: publish_map: frame pts=2700, total=1511389
[INFO] [1783988620.536097690] [laser_mapping]: publish_map: frame pts=2594, total=1514089
[INFO] [1783988620.674788350] [laser_mapping]: publish_map: frame pts=2789, total=1516683
[INFO] [1783988620.813419385] [laser_mapping]: publish_map: frame pts=2481, total=1519472
[INFO] [1783988620.949520097] [laser_mapping]: publish_map: frame pts=2481, total=1521953
[INFO] [1783988621.082143561] [laser_mapping]: publish_map: frame pts=2908, total=1524434
[INFO] [1783988621.211584361] [laser_mapping]: publish_map: frame pts=2498, total=1527342
[INFO] [1783988621.339718871] [laser_mapping]: publish_map: frame pts=2498, total=1529840
[INFO] [1783988621.471498311] [laser_mapping]: publish_map: frame pts=2563, total=1532338
[INFO] [1783988621.591859182] [laser_mapping]: publish_map: frame pts=2720, total=1534901
[INFO] [1783988621.712754526] [laser_mapping]: publish_map: frame pts=2907, total=1537621
[INFO] [1783988621.830237806] [laser_mapping]: publish_map: frame pts=2907, total=1540528
[INFO] [1783988621.945939913] [laser_mapping]: publish_map: frame pts=2527, total=1543435
[INFO] [1783988622.079552740] [laser_mapping]: publish_map: frame pts=2698, total=1545962
[INFO] [1783988622.210642505] [laser_mapping]: publish_map: frame pts=2698, total=1548660
[INFO] [1783988622.329344260] [laser_mapping]: publish_map: frame pts=2876, total=1551358
[INFO] [1783988622.469768106] [laser_mapping]: publish_map: frame pts=2722, total=1554234
[INFO] [1783988622.605028256] [laser_mapping]: publish_map: frame pts=2812, total=1556956
[INFO] [1783988622.742038865] [laser_mapping]: publish_map: frame pts=2530, total=1559768
[INFO] [1783988622.876233590] [laser_mapping]: publish_map: frame pts=2530, total=1562298
[INFO] [1783988623.012612121] [laser_mapping]: publish_map: frame pts=2603, total=1564828
[INFO] [1783988623.150964804] [laser_mapping]: publish_map: frame pts=2603, total=1567431
[INFO] [1783988623.289482363] [laser_mapping]: publish_map: frame pts=2486, total=1570034
[INFO] [1783988623.424031125] [laser_mapping]: publish_map: frame pts=2726, total=1572520
[INFO] [1783988623.557540180] [laser_mapping]: publish_map: frame pts=2521, total=1575246
[INFO] [1783988623.691120794] [laser_mapping]: publish_map: frame pts=2531, total=1577767
[INFO] [1783988623.821850192] [laser_mapping]: publish_map: frame pts=2531, total=1580298
[INFO] [1783988623.955597060] [laser_mapping]: publish_map: frame pts=2918, total=1582829
[INFO] [1783988624.097712672] [laser_mapping]: publish_map: frame pts=2796, total=1585747
[INFO] [1783988624.241248024] [laser_mapping]: publish_map: frame pts=2796, total=1588543
[INFO] [1783988624.381290976] [laser_mapping]: publish_map: frame pts=2724, total=1591339
[INFO] [1783988624.520620041] [laser_mapping]: publish_map: frame pts=2828, total=1594063
[INFO] [1783988624.655375802] [laser_mapping]: publish_map: frame pts=2531, total=1596891
[INFO] [1783988624.805336666] [laser_mapping]: publish_map: frame pts=2920, total=1599422
[INFO] [1783988624.926155840] [laser_mapping]: publish_map: frame pts=2920, total=1602342
[INFO] [1783988625.057254736] [laser_mapping]: publish_map: frame pts=2800, total=1605262
[INFO] [1783988625.200407009] [laser_mapping]: publish_map: frame pts=2800, total=1608062
[INFO] [1783988625.343152844] [laser_mapping]: publish_map: frame pts=2545, total=1610862
[INFO] [1783988625.482987575] [laser_mapping]: publish_map: frame pts=2790, total=1613407
[INFO] [1783988625.618765030] [laser_mapping]: publish_map: frame pts=2656, total=1616197
[INFO] [1783988625.768314656] [laser_mapping]: publish_map: frame pts=2502, total=1618853
[INFO] [1783988625.907599481] [laser_mapping]: publish_map: frame pts=2502, total=1621355
[INFO] [1783988626.049611342] [laser_mapping]: publish_map: frame pts=2687, total=1623857
[INFO] [1783988626.252358014] [laser_mapping]: publish_map: frame pts=2887, total=1626544
[INFO] [1783988626.398601925] [laser_mapping]: publish_map: frame pts=2887, total=1629431
[INFO] [1783988626.546062316] [laser_mapping]: publish_map: frame pts=2647, total=1632318
[INFO] [1783988626.690617678] [laser_mapping]: publish_map: frame pts=2653, total=1634965
[INFO] [1783988626.832434200] [laser_mapping]: publish_map: frame pts=2653, total=1637618
[INFO] [1783988626.978104804] [laser_mapping]: publish_map: frame pts=2501, total=1640271
[INFO] [1783988627.122953528] [laser_mapping]: publish_map: frame pts=2913, total=1642772
[INFO] [1783988627.268509648] [laser_mapping]: publish_map: frame pts=2727, total=1645685
[INFO] [1783988627.412897869] [laser_mapping]: publish_map: frame pts=2547, total=1648412
[INFO] [1783988627.557157336] [laser_mapping]: publish_map: frame pts=2547, total=1650959
[INFO] [1783988627.702557395] [laser_mapping]: publish_map: frame pts=2608, total=1653506
[INFO] [1783988627.832009578] [laser_mapping]: publish_map: frame pts=2608, total=1656114
[INFO] [1783988627.967770311] [laser_mapping]: publish_map: frame pts=2803, total=1658722
[INFO] [1783988628.115354824] [laser_mapping]: publish_map: frame pts=2731, total=1661525
[INFO] [1783988628.262378068] [laser_mapping]: publish_map: frame pts=2731, total=1664256
[INFO] [1783988628.409968482] [laser_mapping]: publish_map: frame pts=2642, total=1666987
[INFO] [1783988628.544098491] [laser_mapping]: publish_map: frame pts=2617, total=1669629
[INFO] [1783988628.681041802] [laser_mapping]: publish_map: frame pts=2684, total=1672246
[INFO] [1783988628.815308821] [laser_mapping]: publish_map: frame pts=2491, total=1674930
[INFO] [1783988628.945854707] [laser_mapping]: publish_map: frame pts=2491, total=1677421
[INFO] [1783988629.077233406] [laser_mapping]: publish_map: frame pts=2576, total=1679912
[INFO] [1783988629.219389286] [laser_mapping]: publish_map: frame pts=2576, total=1682488
[INFO] [1783988629.362843453] [laser_mapping]: publish_map: frame pts=2915, total=1685064
[INFO] [1783988629.504213230] [laser_mapping]: publish_map: frame pts=2531, total=1687979
[INFO] [1783988629.646106795] [laser_mapping]: publish_map: frame pts=2798, total=1690510
[INFO] [1783988629.790804029] [laser_mapping]: publish_map: frame pts=2877, total=1693308
[INFO] [1783988629.930482630] [laser_mapping]: publish_map: frame pts=2877, total=1696185
[INFO] [1783988630.071418717] [laser_mapping]: publish_map: frame pts=2733, total=1699062
[INFO] [1783988630.210173880] [laser_mapping]: publish_map: frame pts=2633, total=1701795
[INFO] [1783988630.350580938] [laser_mapping]: publish_map: frame pts=2633, total=1704428
[INFO] [1783988630.489419871] [laser_mapping]: publish_map: frame pts=2679, total=1707061
[INFO] [1783988630.639764153] [laser_mapping]: publish_map: frame pts=2602, total=1709740
[INFO] [1783988630.791843628] [laser_mapping]: publish_map: frame pts=2878, total=1712342
[INFO] [1783988630.932121515] [laser_mapping]: publish_map: frame pts=2878, total=1715220
[INFO] [1783988631.073458640] [laser_mapping]: publish_map: frame pts=2483, total=1718098
[INFO] [1783988631.213989660] [laser_mapping]: publish_map: frame pts=2632, total=1720581
[INFO] [1783988631.372489338] [laser_mapping]: publish_map: frame pts=2632, total=1723213
[INFO] [1783988631.516515647] [laser_mapping]: publish_map: frame pts=2815, total=1725845
[INFO] [1783988631.657803036] [laser_mapping]: publish_map: frame pts=2879, total=1728660
[INFO] [1783988631.799795775] [laser_mapping]: publish_map: frame pts=2734, total=1731539
[INFO] [1783988631.939359215] [laser_mapping]: publish_map: frame pts=2734, total=1734273
[INFO] [1783988632.080523125] [laser_mapping]: publish_map: frame pts=2901, total=1737007
[INFO] [1783988632.221513783] [laser_mapping]: publish_map: frame pts=2838, total=1739908
[INFO] [1783988632.365151070] [laser_mapping]: publish_map: frame pts=2838, total=1742746
[INFO] [1783988632.506634100] [laser_mapping]: publish_map: frame pts=2603, total=1745584
[INFO] [1783988632.649859540] [laser_mapping]: publish_map: frame pts=2733, total=1748187
[INFO] [1783988632.794176265] [laser_mapping]: publish_map: frame pts=2898, total=1750920
[INFO] [1783988632.932561218] [laser_mapping]: publish_map: frame pts=2898, total=1753818
[INFO] [1783988633.074741839] [laser_mapping]: publish_map: frame pts=2687, total=1756716
[INFO] [1783988633.217506062] [laser_mapping]: publish_map: frame pts=2677, total=1759403
[INFO] [1783988633.373083664] [laser_mapping]: publish_map: frame pts=2677, total=1762080
[INFO] [1783988633.527913406] [laser_mapping]: publish_map: frame pts=2758, total=1764757
[INFO] [1783988633.683093066] [laser_mapping]: publish_map: frame pts=2479, total=1767515
[INFO] [1783988633.837251133] [laser_mapping]: publish_map: frame pts=2479, total=1769994
[INFO] [1783988633.992141819] [laser_mapping]: publish_map: frame pts=2900, total=1772473
[INFO] [1783988634.149198170] [laser_mapping]: publish_map: frame pts=2566, total=1775373
[INFO] [1783988634.295114820] [laser_mapping]: publish_map: frame pts=2916, total=1777939
[INFO] [1783988634.437671591] [laser_mapping]: publish_map: frame pts=2916, total=1780855
[INFO] [1783988634.581752087] [laser_mapping]: publish_map: frame pts=2734, total=1783771
[INFO] [1783988634.726401810] [laser_mapping]: publish_map: frame pts=2900, total=1786505
[INFO] [1783988634.867960446] [laser_mapping]: publish_map: frame pts=2900, total=1789405
[INFO] [1783988635.012511186] [laser_mapping]: publish_map: frame pts=2497, total=1792305
[INFO] [1783988635.176831978] [laser_mapping]: publish_map: frame pts=2856, total=1794802
[INFO] [1783988635.341392768] [laser_mapping]: publish_map: frame pts=2856, total=1797658
[INFO] [1783988635.502492127] [laser_mapping]: publish_map: frame pts=2739, total=1800514
[INFO] [1783988635.651279257] [laser_mapping]: publish_map: frame pts=2791, total=1803253
[INFO] [1783988635.796711586] [laser_mapping]: publish_map: frame pts=2643, total=1806044
[INFO] [1783988635.938217382] [laser_mapping]: publish_map: frame pts=2643, total=1808687
[INFO] [1783988636.090463133] [laser_mapping]: publish_map: frame pts=2914, total=1811330
[INFO] [1783988636.245114742] [laser_mapping]: publish_map: frame pts=2592, total=1814244
[INFO] [1783988636.398954649] [laser_mapping]: publish_map: frame pts=2592, total=1816836
[INFO] [1783988636.552817007] [laser_mapping]: publish_map: frame pts=2799, total=1819428
[INFO] [1783988636.704743433] [laser_mapping]: publish_map: frame pts=2630, total=1822227
[INFO] [1783988636.856969486] [laser_mapping]: publish_map: frame pts=2630, total=1824857
[INFO] [1783988637.017338459] [laser_mapping]: publish_map: frame pts=2888, total=1827487
[INFO] [1783988637.180472705] [laser_mapping]: publish_map: frame pts=2678, total=1830375
[INFO] [1783988637.337559950] [laser_mapping]: publish_map: frame pts=2733, total=1833053
[INFO] [1783988637.495393344] [laser_mapping]: publish_map: frame pts=2733, total=1835786
[INFO] [1783988637.653206148] [laser_mapping]: publish_map: frame pts=2684, total=1838519
[INFO] [1783988637.815821513] [laser_mapping]: publish_map: frame pts=2844, total=1841203
[INFO] [1783988637.972550407] [laser_mapping]: publish_map: frame pts=2844, total=1844047
[INFO] [1783988638.133621624] [laser_mapping]: publish_map: frame pts=2678, total=1846891
[INFO] [1783988638.295496917] [laser_mapping]: publish_map: frame pts=2734, total=1849569
[INFO] [1783988638.458256757] [laser_mapping]: publish_map: frame pts=2734, total=1852303
[INFO] [1783988638.608910947] [laser_mapping]: publish_map: frame pts=2631, total=1855037
[INFO] [1783988638.758208228] [laser_mapping]: publish_map: frame pts=2509, total=1857668
[INFO] [1783988638.905210340] [laser_mapping]: publish_map: frame pts=2509, total=1860177
[INFO] [1783988639.053820157] [laser_mapping]: publish_map: frame pts=2902, total=1862686
[INFO] [1783988639.213360051] [laser_mapping]: publish_map: frame pts=2774, total=1865588
[INFO] [1783988639.374159182] [laser_mapping]: publish_map: frame pts=2899, total=1868362
[INFO] [1783988639.536221529] [laser_mapping]: publish_map: frame pts=2899, total=1871261
[INFO] [1783988639.697378236] [laser_mapping]: publish_map: frame pts=2586, total=1874160
[INFO] [1783988639.855354175] [laser_mapping]: publish_map: frame pts=2586, total=1876746
[INFO] [1783988640.015571439] [laser_mapping]: publish_map: frame pts=2916, total=1879332
[INFO] [1783988640.176058192] [laser_mapping]: publish_map: frame pts=2767, total=1882248
[INFO] [1783988640.337431988] [laser_mapping]: publish_map: frame pts=2860, total=1885015
[INFO] [1783988640.500776859] [laser_mapping]: publish_map: frame pts=2860, total=1887875
[INFO] [1783988640.662096790] [laser_mapping]: publish_map: frame pts=2612, total=1890735
[INFO] [1783988640.820537483] [laser_mapping]: publish_map: frame pts=2612, total=1893347
[INFO] [1783988640.978055002] [laser_mapping]: publish_map: frame pts=2801, total=1895959
[INFO] [1783988641.134798809] [laser_mapping]: publish_map: frame pts=2868, total=1898760
[INFO] [1783988641.292513394] [laser_mapping]: publish_map: frame pts=2703, total=1901628
[INFO] [1783988641.448631847] [laser_mapping]: publish_map: frame pts=2703, total=1904331
[INFO] [1783988641.618714809] [laser_mapping]: publish_map: frame pts=2674, total=1907034
[INFO] [1783988641.785978047] [laser_mapping]: publish_map: frame pts=2492, total=1909708
[INFO] [1783988641.960031874] [laser_mapping]: publish_map: frame pts=2492, total=1912200
[INFO] [1783988642.138201817] [laser_mapping]: publish_map: frame pts=2740, total=1914692
[INFO] [1783988642.312742170] [laser_mapping]: publish_map: frame pts=2703, total=1917432
[INFO] [1783988642.484805694] [laser_mapping]: publish_map: frame pts=2703, total=1920135
[INFO] [1783988642.659099261] [laser_mapping]: publish_map: frame pts=2672, total=1922838
[INFO] [1783988642.830527143] [laser_mapping]: publish_map: frame pts=2672, total=1925510
[INFO] [1783988643.006684891] [laser_mapping]: publish_map: frame pts=2607, total=1928182
[INFO] [1783988643.182588314] [laser_mapping]: publish_map: frame pts=2743, total=1930789
[INFO] [1783988643.357307830] [laser_mapping]: publish_map: frame pts=2896, total=1933532
[INFO] [1783988643.532527758] [laser_mapping]: publish_map: frame pts=2516, total=1936428
[INFO] [1783988643.702580367] [laser_mapping]: publish_map: frame pts=2600, total=1938944
[INFO] [1783988643.870683196] [laser_mapping]: publish_map: frame pts=2600, total=1941544
[INFO] [1783988644.040340207] [laser_mapping]: publish_map: frame pts=2743, total=1944144
[INFO] [1783988644.210825546] [laser_mapping]: publish_map: frame pts=2895, total=1946887
[INFO] [1783988644.380036628] [laser_mapping]: publish_map: frame pts=2514, total=1949782
[INFO] [1783988644.546220951] [laser_mapping]: publish_map: frame pts=2514, total=1952296
[INFO] [1783988644.708717588] [laser_mapping]: publish_map: frame pts=2748, total=1954810
[INFO] [1783988644.873851344] [laser_mapping]: publish_map: frame pts=2748, total=1957558
[INFO] [1783988645.051985786] [laser_mapping]: publish_map: frame pts=2591, total=1960306
[INFO] [1783988645.222963488] [laser_mapping]: publish_map: frame pts=2713, total=1962897
[INFO] [1783988645.399217748] [laser_mapping]: publish_map: frame pts=2670, total=1965610
[INFO] [1783988645.572820420] [laser_mapping]: publish_map: frame pts=2670, total=1968280
[INFO] [1783988645.748704572] [laser_mapping]: publish_map: frame pts=2750, total=1970950
[INFO] [1783988645.918776071] [laser_mapping]: publish_map: frame pts=2750, total=1973700
[INFO] [1783988646.094482361] [laser_mapping]: publish_map: frame pts=2789, total=1976450
[INFO] [1783988646.274163895] [laser_mapping]: publish_map: frame pts=2484, total=1979239
[INFO] [1783988646.461613009] [laser_mapping]: publish_map: frame pts=2921, total=1981723
[INFO] [1783988646.648949448] [laser_mapping]: publish_map: frame pts=2745, total=1984644
[INFO] [1783988646.818986824] [laser_mapping]: publish_map: frame pts=2745, total=1987389
[INFO] [1783988646.986059361] [laser_mapping]: publish_map: frame pts=2898, total=1990134
[INFO] [1783988647.152773830] [laser_mapping]: publish_map: frame pts=2485, total=1993032
[INFO] [1783988647.323549062] [laser_mapping]: publish_map: frame pts=2623, total=1995517
[INFO] [1783988647.492331179] [laser_mapping]: publish_map: frame pts=2853, total=1998140
[INFO] [1783988647.662682327] [laser_mapping]: publish_map: frame pts=2853, total=2000993
[INFO] [1783988647.838121911] [laser_mapping]: publish_map: frame pts=2853, total=2003846
[INFO] [1783988648.019842148] [laser_mapping]: publish_map: frame pts=2713, total=2006699
[INFO] [1783988648.195482629] [laser_mapping]: publish_map: frame pts=2910, total=2009412
[INFO] [1783988648.364250449] [laser_mapping]: publish_map: frame pts=2851, total=2012322
[INFO] [1783988648.536059996] [laser_mapping]: publish_map: frame pts=2484, total=2015173
[INFO] [1783988648.706710181] [laser_mapping]: publish_map: frame pts=2714, total=2017657
[INFO] [1783988648.875250532] [laser_mapping]: publish_map: frame pts=2714, total=2020371
[INFO] [1783988649.047654630] [laser_mapping]: publish_map: frame pts=2910, total=2023085
[INFO] [1783988649.292720857] [laser_mapping]: publish_map: frame pts=2666, total=2025995
[INFO] [1783988649.539403821] [laser_mapping]: publish_map: frame pts=2758, total=2028661
[INFO] [1783988649.775925452] [laser_mapping]: publish_map: frame pts=2758, total=2031419
[INFO] [1783988650.004082431] [laser_mapping]: publish_map: frame pts=2758, total=2034177
[INFO] [1783988650.232686580] [laser_mapping]: publish_map: frame pts=2598, total=2036935
[INFO] [1783988650.457734282] [laser_mapping]: publish_map: frame pts=2523, total=2039533
[INFO] [1783988650.682220503] [laser_mapping]: publish_map: frame pts=2919, total=2042056
[INFO] [1783988650.912745495] [laser_mapping]: publish_map: frame pts=2919, total=2044975
[INFO] [1783988651.155051348] [laser_mapping]: publish_map: frame pts=2888, total=2047894
[INFO] [1783988651.435243530] [laser_mapping]: publish_map: frame pts=2797, total=2050782
[INFO] [1783988651.757041337] [laser_mapping]: publish_map: frame pts=2918, total=2053579
[INFO] [1783988652.031228695] [laser_mapping]: publish_map: frame pts=2918, total=2056497
[INFO] [1783988652.305119338] [laser_mapping]: publish_map: frame pts=2761, total=2059415
[INFO] [1783988652.569906479] [laser_mapping]: publish_map: frame pts=2800, total=2062176
[INFO] [1783988652.855778010] [laser_mapping]: publish_map: frame pts=2800, total=2064976
[INFO] [1783988653.143492375] [laser_mapping]: publish_map: frame pts=2916, total=2067776
[INFO] [1783988653.454686933] [laser_mapping]: publish_map: frame pts=2767, total=2070692
[INFO] [1783988653.729753508] [laser_mapping]: publish_map: frame pts=2634, total=2073459
[INFO] [1783988653.989258410] [laser_mapping]: publish_map: frame pts=2634, total=2076093
[INFO] [1783988654.268874561] [laser_mapping]: publish_map: frame pts=2705, total=2078727
[INFO] [1783988654.563552885] [laser_mapping]: publish_map: frame pts=2837, total=2081432
[INFO] [1783988654.845488072] [laser_mapping]: publish_map: frame pts=2837, total=2084269
[INFO] [1783988655.123279453] [laser_mapping]: publish_map: frame pts=2812, total=2087106
[INFO] [1783988655.396490006] [laser_mapping]: publish_map: frame pts=2483, total=2089918
[INFO] [1783988655.678362727] [laser_mapping]: publish_map: frame pts=2804, total=2092401
[INFO] [1783988655.946125911] [laser_mapping]: publish_map: frame pts=2804, total=2095205
[INFO] [1783988656.226536007] [laser_mapping]: publish_map: frame pts=2755, total=2098009
[INFO] [1783988656.500619251] [laser_mapping]: publish_map: frame pts=2713, total=2100764
[INFO] [1783988656.782228366] [laser_mapping]: publish_map: frame pts=2849, total=2103477
[INFO] [1783988657.055215254] [laser_mapping]: publish_map: frame pts=2849, total=2106326
[INFO] [1783988657.328533316] [laser_mapping]: publish_map: frame pts=2715, total=2109175
[INFO] [1783988657.591722408] [laser_mapping]: publish_map: frame pts=2609, total=2111890
[INFO] [1783988657.842201664] [laser_mapping]: publish_map: frame pts=2609, total=2114499
[INFO] [1783988658.095559485] [laser_mapping]: publish_map: frame pts=2889, total=2117108
[INFO] [1783988658.351163614] [laser_mapping]: publish_map: frame pts=2810, total=2119997
[INFO] [1783988658.623853904] [laser_mapping]: publish_map: frame pts=2761, total=2122807
[INFO] [1783988658.876648887] [laser_mapping]: publish_map: frame pts=2761, total=2125568
[INFO] [1783988659.130912323] [laser_mapping]: publish_map: frame pts=2531, total=2128329
[INFO] [1783988659.392475817] [laser_mapping]: publish_map: frame pts=2666, total=2130860
[INFO] [1783988659.652360250] [laser_mapping]: publish_map: frame pts=2721, total=2133526
[INFO] [1783988659.900687466] [laser_mapping]: publish_map: frame pts=2721, total=2136247
[INFO] [1783988660.153990456] [laser_mapping]: publish_map: frame pts=2639, total=2138968
[INFO] [1783988660.421861221] [laser_mapping]: publish_map: frame pts=2594, total=2141607
[INFO] [1783988660.684220643] [laser_mapping]: publish_map: frame pts=2482, total=2144201
[INFO] [1783988660.941506844] [laser_mapping]: publish_map: frame pts=2482, total=2146683
[INFO] [1783988661.199259162] [laser_mapping]: publish_map: frame pts=2659, total=2149165
[INFO] [1783988661.461636006] [laser_mapping]: publish_map: frame pts=2776, total=2151824
[INFO] [1783988661.723340976] [laser_mapping]: publish_map: frame pts=2907, total=2154600
[INFO] [1783988661.975042634] [laser_mapping]: publish_map: frame pts=2907, total=2157507
[INFO] [1783988662.226175242] [laser_mapping]: publish_map: frame pts=2813, total=2160414
[INFO] [1783988662.478079915] [laser_mapping]: publish_map: frame pts=2715, total=2163227
[INFO] [1783988662.677215992] [laser_mapping]: publish_map: frame pts=2664, total=2165942
[INFO] [1783988662.936729131] [laser_mapping]: publish_map: frame pts=2664, total=2168606
[INFO] [1783988663.194839028] [laser_mapping]: publish_map: frame pts=2764, total=2171270
[INFO] [1783988663.387718422] [laser_mapping]: publish_map: frame pts=2799, total=2174034
[INFO] [1783988663.581429764] [laser_mapping]: publish_map: frame pts=2917, total=2176833
[INFO] [1783988663.775250472] [laser_mapping]: publish_map: frame pts=2745, total=2179750
[INFO] [1783988663.952663198] [laser_mapping]: publish_map: frame pts=2745, total=2182495
[INFO] [1783988664.130278856] [laser_mapping]: publish_map: frame pts=2515, total=2185240
[INFO] [1783988664.321756754] [laser_mapping]: publish_map: frame pts=2515, total=2187755
[INFO] [1783988664.504478204] [laser_mapping]: publish_map: frame pts=2563, total=2190270
[INFO] [1783988664.700583222] [laser_mapping]: publish_map: frame pts=2628, total=2192833
[INFO] [1783988664.884934738] [laser_mapping]: publish_map: frame pts=2628, total=2195461
[INFO] [1783988665.071785426] [laser_mapping]: publish_map: frame pts=2628, total=2198089
[INFO] [1783988665.259972121] [laser_mapping]: publish_map: frame pts=2744, total=2200717
[INFO] [1783988665.448202058] [laser_mapping]: publish_map: frame pts=2832, total=2203461
[INFO] [1783988665.637318542] [laser_mapping]: publish_map: frame pts=2621, total=2206293
[INFO] [1783988665.824102990] [laser_mapping]: publish_map: frame pts=2621, total=2208914
[INFO] [1783988666.012817198] [laser_mapping]: publish_map: frame pts=2621, total=2211535
[INFO] [1783988666.202847382] [laser_mapping]: publish_map: frame pts=2751, total=2214156
[INFO] [1783988666.410155014] [laser_mapping]: publish_map: frame pts=2776, total=2216907
[INFO] [1783988666.597829676] [laser_mapping]: publish_map: frame pts=2551, total=2219683
[INFO] [1783988666.790007588] [laser_mapping]: publish_map: frame pts=2557, total=2222234
[INFO] [1783988666.988895864] [laser_mapping]: publish_map: frame pts=2557, total=2224791
[INFO] [1783988667.186800098] [laser_mapping]: publish_map: frame pts=2754, total=2227348
[INFO] [1783988667.377753848] [laser_mapping]: publish_map: frame pts=2754, total=2230102
[INFO] [1783988667.569714158] [laser_mapping]: publish_map: frame pts=2666, total=2232856
[INFO] [1783988667.763063749] [laser_mapping]: publish_map: frame pts=2604, total=2235522
[INFO] [1783988667.957688932] [laser_mapping]: publish_map: frame pts=2604, total=2238126
[INFO] [1783988668.154065319] [laser_mapping]: publish_map: frame pts=2604, total=2240730
[INFO] [1783988668.354721998] [laser_mapping]: publish_map: frame pts=2714, total=2243334
[INFO] [1783988668.556276604] [laser_mapping]: publish_map: frame pts=2714, total=2246048
[INFO] [1783988668.750736833] [laser_mapping]: publish_map: frame pts=2850, total=2248762
[INFO] [1783988668.943260967] [laser_mapping]: publish_map: frame pts=2850, total=2251612
[INFO] [1783988669.136220184] [laser_mapping]: publish_map: frame pts=2850, total=2254462
[INFO] [1783988669.329514402] [laser_mapping]: publish_map: frame pts=2714, total=2257312
[INFO] [1783988669.537356409] [laser_mapping]: publish_map: frame pts=2524, total=2260026
[INFO] [1783988669.732593770] [laser_mapping]: publish_map: frame pts=2717, total=2262550
[INFO] [1783988669.925621044] [laser_mapping]: publish_map: frame pts=2717, total=2265267
[INFO] [1783988670.119283506] [laser_mapping]: publish_map: frame pts=2889, total=2267984
[INFO] [1783988670.311725475] [laser_mapping]: publish_map: frame pts=2889, total=2270873
[INFO] [1783988670.510503972] [laser_mapping]: publish_map: frame pts=2665, total=2273762
[INFO] [1783988670.707091382] [laser_mapping]: publish_map: frame pts=2784, total=2276427
[INFO] [1783988670.900311589] [laser_mapping]: publish_map: frame pts=2784, total=2279211
[INFO] [1783988671.094268249] [laser_mapping]: publish_map: frame pts=2721, total=2281995
[INFO] [1783988671.287136901] [laser_mapping]: publish_map: frame pts=2855, total=2284716
[INFO] [1783988671.482848855] [laser_mapping]: publish_map: frame pts=2855, total=2287571
[INFO] [1783988671.695056386] [laser_mapping]: publish_map: frame pts=2598, total=2290426
[INFO] [1783988671.888708144] [laser_mapping]: publish_map: frame pts=2598, total=2293024
[INFO] [1783988672.082170634] [laser_mapping]: publish_map: frame pts=2598, total=2295622
[INFO] [1783988672.278703937] [laser_mapping]: publish_map: frame pts=2630, total=2298220
[INFO] [1783988672.534663244] [laser_mapping]: publish_map: frame pts=2806, total=2300850
[INFO] [1783988672.799787740] [laser_mapping]: publish_map: frame pts=2772, total=2303656
[INFO] [1783988673.058589818] [laser_mapping]: publish_map: frame pts=2772, total=2306428
[INFO] [1783988673.319729047] [laser_mapping]: publish_map: frame pts=2482, total=2309200
[INFO] [1783988673.576372347] [laser_mapping]: publish_map: frame pts=2482, total=2311682
[INFO] [1783988673.783239527] [laser_mapping]: publish_map: frame pts=2509, total=2314164
[INFO] [1783988673.985971345] [laser_mapping]: publish_map: frame pts=2509, total=2316673
[INFO] [1783988674.192112413] [laser_mapping]: publish_map: frame pts=2886, total=2319182
[INFO] [1783988674.396516288] [laser_mapping]: publish_map: frame pts=2530, total=2322068
[INFO] [1783988674.607840417] [laser_mapping]: publish_map: frame pts=2501, total=2324598
[INFO] [1783988674.807666849] [laser_mapping]: publish_map: frame pts=2594, total=2327099
[INFO] [1783988675.007664081] [laser_mapping]: publish_map: frame pts=2594, total=2329693
[INFO] [1783988675.206649556] [laser_mapping]: publish_map: frame pts=2654, total=2332287
[INFO] [1783988675.413734285] [laser_mapping]: publish_map: frame pts=2685, total=2334941
[INFO] [1783988675.617200125] [laser_mapping]: publish_map: frame pts=2592, total=2337626
[INFO] [1783988675.817431810] [laser_mapping]: publish_map: frame pts=2592, total=2340218
[INFO] [1783988676.019851290] [laser_mapping]: publish_map: frame pts=2645, total=2342810
[INFO] [1783988676.219498779] [laser_mapping]: publish_map: frame pts=2645, total=2345455
[INFO] [1783988676.480001192] [laser_mapping]: publish_map: frame pts=2911, total=2348100
[INFO] [1783988676.739365084] [laser_mapping]: publish_map: frame pts=2911, total=2351011
[INFO] [1783988676.989453463] [laser_mapping]: publish_map: frame pts=2911, total=2353922
[INFO] [1783988677.252123642] [laser_mapping]: publish_map: frame pts=2656, total=2356833
[INFO] [1783988677.518597611] [laser_mapping]: publish_map: frame pts=2656, total=2359489
[INFO] [1783988677.794908158] [laser_mapping]: publish_map: frame pts=2596, total=2362145
[INFO] [1783988678.059298615] [laser_mapping]: publish_map: frame pts=2596, total=2364741
[INFO] [1783988678.330700366] [laser_mapping]: publish_map: frame pts=2642, total=2367337
[INFO] [1783988678.595783917] [laser_mapping]: publish_map: frame pts=2505, total=2369979
[INFO] [1783988678.870420989] [laser_mapping]: publish_map: frame pts=2505, total=2372484
[INFO] [1783988679.128383930] [laser_mapping]: publish_map: frame pts=2599, total=2374989
[INFO] [1783988679.399826522] [laser_mapping]: publish_map: frame pts=2481, total=2377588
[INFO] [1783988679.673847065] [laser_mapping]: publish_map: frame pts=2686, total=2380069
[INFO] [1783988679.884711822] [laser_mapping]: publish_map: frame pts=2686, total=2382755
[INFO] [1783988680.098619667] [laser_mapping]: publish_map: frame pts=2727, total=2385441
[INFO] [1783988680.318668249] [laser_mapping]: publish_map: frame pts=2543, total=2388168
[INFO] [1783988680.538221767] [laser_mapping]: publish_map: frame pts=2491, total=2390711
[INFO] [1783988680.758527114] [laser_mapping]: publish_map: frame pts=2904, total=2393202
[INFO] [1783988680.970265296] [laser_mapping]: publish_map: frame pts=2904, total=2396106
[INFO] [1783988681.186132580] [laser_mapping]: publish_map: frame pts=2915, total=2399010
[INFO] [1783988681.410245989] [laser_mapping]: publish_map: frame pts=2728, total=2401925
[INFO] [1783988681.635520521] [laser_mapping]: publish_map: frame pts=2547, total=2404653
[INFO] [1783988681.848460923] [laser_mapping]: publish_map: frame pts=2547, total=2407200
[INFO] [1783988682.061202294] [laser_mapping]: publish_map: frame pts=2915, total=2409747
[INFO] [1783988682.272897082] [laser_mapping]: publish_map: frame pts=2915, total=2412662
[INFO] [1783988682.493190127] [laser_mapping]: publish_map: frame pts=2905, total=2415577
[INFO] [1783988682.708116876] [laser_mapping]: publish_map: frame pts=2916, total=2418482
[INFO] [1783988682.921584332] [laser_mapping]: publish_map: frame pts=2916, total=2421398
[INFO] [1783988683.139640713] [laser_mapping]: publish_map: frame pts=2877, total=2424314
[INFO] [1783988683.354511357] [laser_mapping]: publish_map: frame pts=2786, total=2427191
[INFO] [1783988683.572431480] [laser_mapping]: publish_map: frame pts=2640, total=2429977
[INFO] [1783988683.791706671] [laser_mapping]: publish_map: frame pts=2604, total=2432617
[INFO] [1783988684.008194424] [laser_mapping]: publish_map: frame pts=2604, total=2435221
[INFO] [1783988684.225398739] [laser_mapping]: publish_map: frame pts=2484, total=2437825
[INFO] [1783988684.443983617] [laser_mapping]: publish_map: frame pts=2484, total=2440309
[INFO] [1783988684.665304736] [laser_mapping]: publish_map: frame pts=2510, total=2442793
[INFO] [1783988684.882045707] [laser_mapping]: publish_map: frame pts=2510, total=2445303
[INFO] [1783988685.103708176] [laser_mapping]: publish_map: frame pts=2734, total=2447813
[INFO] [1783988685.323623893] [laser_mapping]: publish_map: frame pts=2680, total=2450547
[INFO] [1783988685.546106865] [laser_mapping]: publish_map: frame pts=2680, total=2453227
[INFO] [1783988685.784229977] [laser_mapping]: publish_map: frame pts=2916, total=2455907
[INFO] [1783988686.062618924] [laser_mapping]: publish_map: frame pts=2916, total=2458823
[INFO] [1783988686.339259124] [laser_mapping]: publish_map: frame pts=2897, total=2461739
[INFO] [1783988686.620104702] [laser_mapping]: publish_map: frame pts=2806, total=2464636
[INFO] [1783988686.889177917] [laser_mapping]: publish_map: frame pts=2806, total=2467442
[INFO] [1783988687.168535348] [laser_mapping]: publish_map: frame pts=2916, total=2470248
[INFO] [1783988687.457367165] [laser_mapping]: publish_map: frame pts=2899, total=2473164
[INFO] [1783988687.766158743] [laser_mapping]: publish_map: frame pts=2806, total=2476063
[INFO] [1783988688.069308470] [laser_mapping]: publish_map: frame pts=2806, total=2478869
[INFO] [1783988688.355259026] [laser_mapping]: publish_map: frame pts=2915, total=2481675
[INFO] [1783988688.655488493] [laser_mapping]: publish_map: frame pts=2734, total=2484590
[INFO] [1783988688.929546996] [laser_mapping]: publish_map: frame pts=2734, total=2487324
[INFO] [1783988689.222844634] [laser_mapping]: publish_map: frame pts=2624, total=2490058
[INFO] [1783988689.510686695] [laser_mapping]: publish_map: frame pts=2868, total=2492682
[INFO] [1783988689.793072885] [laser_mapping]: publish_map: frame pts=2914, total=2495550
[INFO] [1783988690.078187036] [laser_mapping]: publish_map: frame pts=2914, total=2498464
[INFO] [1783988690.370795798] [laser_mapping]: publish_map: frame pts=2599, total=2501378
[INFO] [1783988690.659257434] [laser_mapping]: publish_map: frame pts=2894, total=2503977
[INFO] [1783988690.940018940] [laser_mapping]: publish_map: frame pts=2894, total=2506871
[INFO] [1783988691.215596090] [laser_mapping]: publish_map: frame pts=2603, total=2509765
[INFO] [1783988691.505228550] [laser_mapping]: publish_map: frame pts=2484, total=2512368
[INFO] [1783988691.797334801] [laser_mapping]: publish_map: frame pts=2872, total=2514852
[INFO] [1783988692.076038898] [laser_mapping]: publish_map: frame pts=2872, total=2517724
[INFO] [1783988692.364170251] [laser_mapping]: publish_map: frame pts=2742, total=2520596
[INFO] [1783988692.649082074] [laser_mapping]: publish_map: frame pts=2604, total=2523338
[INFO] [1783988692.934454759] [laser_mapping]: publish_map: frame pts=2604, total=2525942
[INFO] [1783988693.212761970] [laser_mapping]: publish_map: frame pts=2743, total=2528546
[INFO] [1783988693.496231978] [laser_mapping]: publish_map: frame pts=2708, total=2531289
[INFO] [1783988693.783044317] [laser_mapping]: publish_map: frame pts=2745, total=2533997
[INFO] [1783988694.049738831] [laser_mapping]: publish_map: frame pts=2745, total=2536742
[INFO] [1783988694.328274327] [laser_mapping]: publish_map: frame pts=2897, total=2539487
[INFO] [1783988694.613852611] [laser_mapping]: publish_map: frame pts=2631, total=2542384
[INFO] [1783988694.883434625] [laser_mapping]: publish_map: frame pts=2631, total=2545015
[INFO] [1783988695.158389133] [laser_mapping]: publish_map: frame pts=2777, total=2547646
[INFO] [1783988695.441217978] [laser_mapping]: publish_map: frame pts=2909, total=2550423
[INFO] [1783988695.730883857] [laser_mapping]: publish_map: frame pts=2486, total=2553332
[INFO] [1783988696.018188814] [laser_mapping]: publish_map: frame pts=2486, total=2555818
[INFO] [1783988696.305727138] [laser_mapping]: publish_map: frame pts=2598, total=2558304
[INFO] [1783988696.599925725] [laser_mapping]: publish_map: frame pts=2666, total=2560902
[INFO] [1783988696.890176077] [laser_mapping]: publish_map: frame pts=2666, total=2563568
[INFO] [1783988697.200448102] [laser_mapping]: publish_map: frame pts=2713, total=2566234
[INFO] [1783988697.503110919] [laser_mapping]: publish_map: frame pts=2521, total=2568947
[INFO] [1783988697.731166490] [laser_mapping]: publish_map: frame pts=2789, total=2571468
[INFO] [1783988697.956720175] [laser_mapping]: publish_map: frame pts=2789, total=2574257
[INFO] [1783988698.184809832] [laser_mapping]: publish_map: frame pts=2523, total=2577046
[INFO] [1783988698.413772657] [laser_mapping]: publish_map: frame pts=2610, total=2579569
[INFO] [1783988698.643774553] [laser_mapping]: publish_map: frame pts=2812, total=2582179
[INFO] [1783988698.871954559] [laser_mapping]: publish_map: frame pts=2812, total=2584991
[INFO] [1783988699.102473859] [laser_mapping]: publish_map: frame pts=2515, total=2587803
[INFO] [1783988699.337132977] [laser_mapping]: publish_map: frame pts=2764, total=2590318
[INFO] [1783988699.610493122] [laser_mapping]: publish_map: frame pts=2900, total=2593082
[INFO] [1783988699.890567409] [laser_mapping]: publish_map: frame pts=2900, total=2595982
[INFO] [1783988700.172567747] [laser_mapping]: publish_map: frame pts=2703, total=2598882
[INFO] [1783988700.441773016] [laser_mapping]: publish_map: frame pts=2813, total=2601585
[INFO] [1783988700.675789772] [laser_mapping]: publish_map: frame pts=2813, total=2604398
[INFO] [1783988700.902703501] [laser_mapping]: publish_map: frame pts=2813, total=2607211
[INFO] [1783988701.136593383] [laser_mapping]: publish_map: frame pts=2813, total=2610024
[INFO] [1783988701.399926756] [laser_mapping]: publish_map: frame pts=2813, total=2612837
[INFO] [1783988701.659885502] [laser_mapping]: publish_map: frame pts=2813, total=2615650
[INFO] [1783988701.906451287] [laser_mapping]: publish_map: frame pts=2813, total=2618463
[INFO] [1783988702.816647807] [laser_mapping]: publish_map: frame pts=2813, total=2621276
[INFO] [1783988703.816615559] [laser_mapping]: publish_map: frame pts=2813, total=2624089
[INFO] [1783988704.816773729] [laser_mapping]: publish_map: frame pts=2813, total=2626902
[INFO] [1783988705.816623863] [laser_mapping]: publish_map: frame pts=2813, total=2629715
[INFO] [1783988706.816607723] [laser_mapping]: publish_map: frame pts=2813, total=2632528
[INFO] [1783988707.816641709] [laser_mapping]: publish_map: frame pts=2813, total=2635341
[INFO] [1783988708.816620184] [laser_mapping]: publish_map: frame pts=2813, total=2638154
[INFO] [1783988709.816630975] [laser_mapping]: publish_map: frame pts=2813, total=2640967
[INFO] [1783988710.816624566] [laser_mapping]: publish_map: frame pts=2813, total=2643780
[INFO] [1783988711.816602766] [laser_mapping]: publish_map: frame pts=2813, total=2646593
[INFO] [1783988712.816614697] [laser_mapping]: publish_map: frame pts=2813, total=2649406
[INFO] [1783988713.816746550] [laser_mapping]: publish_map: frame pts=2813, total=2652219
[INFO] [1783988714.816610688] [laser_mapping]: publish_map: frame pts=2813, total=2655032
[INFO] [1783988715.816638525] [laser_mapping]: publish_map: frame pts=2813, total=2657845
[INFO] [1783988716.816616216] [laser_mapping]: publish_map: frame pts=2813, total=2660658
[INFO] [1783988717.816607432] [laser_mapping]: publish_map: frame pts=2813, total=2663471
[INFO] [1783988718.816623446] [laser_mapping]: publish_map: frame pts=2813, total=2666284
[INFO] [1783988719.816639119] [laser_mapping]: publish_map: frame pts=2813, total=2669097
[INFO] [1783988720.816606336] [laser_mapping]: publish_map: frame pts=2813, total=2671910
[INFO] [1783988721.816622862] [laser_mapping]: publish_map: frame pts=2813, total=2674723
[INFO] [1783988722.816603732] [laser_mapping]: publish_map: frame pts=2813, total=2677536
[INFO] [1783988723.816616180] [laser_mapping]: publish_map: frame pts=2813, total=2680349
[INFO] [1783988724.816616695] [laser_mapping]: publish_map: frame pts=2813, total=2683162
[INFO] [1783988725.816617671] [laser_mapping]: publish_map: frame pts=2813, total=2685975
[INFO] [1783988726.816613327] [laser_mapping]: publish_map: frame pts=2813, total=2688788
[INFO] [1783988727.816614353] [laser_mapping]: publish_map: frame pts=2813, total=2691601
[INFO] [1783988728.816812516] [laser_mapping]: publish_map: frame pts=2813, total=2694414
[INFO] [1783988729.816595831] [laser_mapping]: publish_map: frame pts=2813, total=2697227
[INFO] [1783988730.816618838] [laser_mapping]: publish_map: frame pts=2813, total=2700040
[INFO] [1783988731.816769723] [laser_mapping]: publish_map: frame pts=2813, total=2702853
[INFO] [1783988732.816622524] [laser_mapping]: publish_map: frame pts=2813, total=2705666
[INFO] [1783988733.816622875] [laser_mapping]: publish_map: frame pts=2813, total=2708479
[INFO] [1783988734.816608943] [laser_mapping]: publish_map: frame pts=2813, total=2711292
[INFO] [1783988735.816618988] [laser_mapping]: publish_map: frame pts=2813, total=2714105
[INFO] [1783988736.816619357] [laser_mapping]: publish_map: frame pts=2813, total=2716918
[INFO] [1783988737.816625865] [laser_mapping]: publish_map: frame pts=2813, total=2719731
[INFO] [1783988738.816601403] [laser_mapping]: publish_map: frame pts=2813, total=2722544
[INFO] [1783988739.816613241] [laser_mapping]: publish_map: frame pts=2813, total=2725357
[INFO] [1783988740.816609455] [laser_mapping]: publish_map: frame pts=2813, total=2728170
[INFO] [1783988741.816614852] [laser_mapping]: publish_map: frame pts=2813, total=2730983
[INFO] [1783988742.816626144] [laser_mapping]: publish_map: frame pts=2813, total=2733796
[INFO] [1783988743.816604233] [laser_mapping]: publish_map: frame pts=2813, total=2736609
[INFO] [1783988744.816621807] [laser_mapping]: publish_map: frame pts=2813, total=2739422
[INFO] [1783988745.816775125] [laser_mapping]: publish_map: frame pts=2813, total=2742235
[INFO] [1783988746.816712413] [laser_mapping]: publish_map: frame pts=2813, total=2745048
[INFO] [1783988747.816624756] [laser_mapping]: publish_map: frame pts=2813, total=2747861
[INFO] [1783988748.816719742] [laser_mapping]: publish_map: frame pts=2813, total=2750674
[INFO] [1783988749.816704607] [laser_mapping]: publish_map: frame pts=2813, total=2753487
[INFO] [1783988750.816634855] [laser_mapping]: publish_map: frame pts=2813, total=2756300
[INFO] [1783988751.816627533] [laser_mapping]: publish_map: frame pts=2813, total=2759113
[INFO] [1783988752.816645042] [laser_mapping]: publish_map: frame pts=2813, total=2761926
[INFO] [1783988753.816732444] [laser_mapping]: publish_map: frame pts=2813, total=2764739
[INFO] [1783988754.816602997] [laser_mapping]: publish_map: frame pts=2813, total=2767552
[INFO] [1783988755.816685533] [laser_mapping]: publish_map: frame pts=2813, total=2770365
[INFO] [1783988756.816704546] [laser_mapping]: publish_map: frame pts=2813, total=2773178
[INFO] [1783988757.816694095] [laser_mapping]: publish_map: frame pts=2813, total=2775991
[INFO] [1783988758.816616017] [laser_mapping]: publish_map: frame pts=2813, total=2778804
[INFO] [1783988759.816598414] [laser_mapping]: publish_map: frame pts=2813, total=2781617
[INFO] [1783988760.816621761] [laser_mapping]: publish_map: frame pts=2813, total=2784430
[INFO] [1783988761.816785265] [laser_mapping]: publish_map: frame pts=2813, total=2787243
[INFO] [1783988762.816623303] [laser_mapping]: publish_map: frame pts=2813, total=2790056
[INFO] [1783988763.816775788] [laser_mapping]: publish_map: frame pts=2813, total=2792869
[INFO] [1783988764.816701550] [laser_mapping]: publish_map: frame pts=2813, total=2795682
[INFO] [1783988765.816783967] [laser_mapping]: publish_map: frame pts=2813, total=2798495
[INFO] [1783988766.816710724] [laser_mapping]: publish_map: frame pts=2813, total=2801308
[INFO] [1783988767.816773361] [laser_mapping]: publish_map: frame pts=2813, total=2804121
[INFO] [1783988768.816620060] [laser_mapping]: publish_map: frame pts=2813, total=2806934
[INFO] [1783988769.816733060] [laser_mapping]: publish_map: frame pts=2813, total=2809747
[INFO] [1783988770.816623407] [laser_mapping]: publish_map: frame pts=2813, total=2812560
[INFO] [1783988771.816590125] [laser_mapping]: publish_map: frame pts=2813, total=2815373
[INFO] [1783988772.816764299] [laser_mapping]: publish_map: frame pts=2813, total=2818186
[INFO] [1783988773.816711098] [laser_mapping]: publish_map: frame pts=2813, total=2820999
[INFO] [1783988774.816690131] [laser_mapping]: publish_map: frame pts=2813, total=2823812
[INFO] [1783988775.816710454] [laser_mapping]: publish_map: frame pts=2813, total=2826625
[INFO] [1783988776.816607494] [laser_mapping]: publish_map: frame pts=2813, total=2829438
[INFO] [1783988777.816744410] [laser_mapping]: publish_map: frame pts=2813, total=2832251
[INFO] [1783988778.816598916] [laser_mapping]: publish_map: frame pts=2813, total=2835064
[INFO] [1783988779.816598064] [laser_mapping]: publish_map: frame pts=2813, total=2837877
[INFO] [1783988780.816610679] [laser_mapping]: publish_map: frame pts=2813, total=2840690
[INFO] [1783988781.816703182] [laser_mapping]: publish_map: frame pts=2813, total=2843503
[INFO] [1783988782.816743875] [laser_mapping]: publish_map: frame pts=2813, total=2846316
[INFO] [1783988783.816764836] [laser_mapping]: publish_map: frame pts=2813, total=2849129
[INFO] [1783988784.816735610] [laser_mapping]: publish_map: frame pts=2813, total=2851942
[INFO] [1783988785.816651277] [laser_mapping]: publish_map: frame pts=2813, total=2854755
[INFO] [1783988786.816698452] [laser_mapping]: publish_map: frame pts=2813, total=2857568
[INFO] [1783988787.816601675] [laser_mapping]: publish_map: frame pts=2813, total=2860381
[INFO] [1783988788.816611620] [laser_mapping]: publish_map: frame pts=2813, total=2863194
[INFO] [1783988789.816745650] [laser_mapping]: publish_map: frame pts=2813, total=2866007
[INFO] [1783988790.816734550] [laser_mapping]: publish_map: frame pts=2813, total=2868820
[INFO] [1783988791.816621848] [laser_mapping]: publish_map: frame pts=2813, total=2871633
[INFO] [1783988792.816618990] [laser_mapping]: publish_map: frame pts=2813, total=2874446
[INFO] [1783988793.816728356] [laser_mapping]: publish_map: frame pts=2813, total=2877259
[INFO] [1783988794.816795193] [laser_mapping]: publish_map: frame pts=2813, total=2880072
[INFO] [1783988795.816609829] [laser_mapping]: publish_map: frame pts=2813, total=2882885
[INFO] [1783988796.816766926] [laser_mapping]: publish_map: frame pts=2813, total=2885698
[INFO] [1783988797.816603712] [laser_mapping]: publish_map: frame pts=2813, total=2888511
[INFO] [1783988798.816708618] [laser_mapping]: publish_map: frame pts=2813, total=2891324
[INFO] [1783988799.816626616] [laser_mapping]: publish_map: frame pts=2813, total=2894137
[INFO] [1783988800.816614421] [laser_mapping]: publish_map: frame pts=2813, total=2896950
[INFO] [1783988801.816761174] [laser_mapping]: publish_map: frame pts=2813, total=2899763
[INFO] [1783988802.816600241] [laser_mapping]: publish_map: frame pts=2813, total=2902576
[INFO] [1783988803.816787544] [laser_mapping]: publish_map: frame pts=2813, total=2905389
[INFO] [1783988804.816614942] [laser_mapping]: publish_map: frame pts=2813, total=2908202
[INFO] [1783988805.816614998] [laser_mapping]: publish_map: frame pts=2813, total=2911015
[INFO] [1783988806.816738302] [laser_mapping]: publish_map: frame pts=2813, total=2913828
[INFO] [1783988807.816746687] [laser_mapping]: publish_map: frame pts=2813, total=2916641
[INFO] [1783988808.816626541] [laser_mapping]: publish_map: frame pts=2813, total=2919454
[INFO] [1783988809.816762057] [laser_mapping]: publish_map: frame pts=2813, total=2922267
[INFO] [1783988810.816762118] [laser_mapping]: publish_map: frame pts=2813, total=2925080
[INFO] [1783988811.816606237] [laser_mapping]: publish_map: frame pts=2813, total=2927893
[INFO] [1783988812.816791806] [laser_mapping]: publish_map: frame pts=2813, total=2930706
[INFO] [1783988813.816595765] [laser_mapping]: publish_map: frame pts=2813, total=2933519
[INFO] [1783988814.816602468] [laser_mapping]: publish_map: frame pts=2813, total=2936332
[INFO] [1783988815.816589850] [laser_mapping]: publish_map: frame pts=2813, total=2939145
[INFO] [1783988816.816608513] [laser_mapping]: publish_map: frame pts=2813, total=2941958
[INFO] [1783988817.816739392] [laser_mapping]: publish_map: frame pts=2813, total=2944771
[INFO] [1783988818.816592900] [laser_mapping]: publish_map: frame pts=2813, total=2947584
[INFO] [1783988819.816730606] [laser_mapping]: publish_map: frame pts=2813, total=2950397
[INFO] [1783988820.816754644] [laser_mapping]: publish_map: frame pts=2813, total=2953210
[INFO] [1783988821.816740047] [laser_mapping]: publish_map: frame pts=2813, total=2956023
[INFO] [1783988822.816591075] [laser_mapping]: publish_map: frame pts=2813, total=2958836
[INFO] [1783988823.816677349] [laser_mapping]: publish_map: frame pts=2813, total=2961649
[INFO] [1783988824.816621702] [laser_mapping]: publish_map: frame pts=2813, total=2964462
[INFO] [1783988825.816727493] [laser_mapping]: publish_map: frame pts=2813, total=2967275
[INFO] [1783988826.816845284] [laser_mapping]: publish_map: frame pts=2813, total=2970088
[INFO] [1783988827.816744568] [laser_mapping]: publish_map: frame pts=2813, total=2972901
[INFO] [1783988828.816731414] [laser_mapping]: publish_map: frame pts=2813, total=2975714
[INFO] [1783988829.816615029] [laser_mapping]: publish_map: frame pts=2813, total=2978527
[INFO] [1783988830.816997557] [laser_mapping]: publish_map: frame pts=2813, total=2981340
[INFO] [1783988831.816750488] [laser_mapping]: publish_map: frame pts=2813, total=2984153
[INFO] [1783988832.816750984] [laser_mapping]: publish_map: frame pts=2813, total=2986966
[INFO] [1783988833.816742918] [laser_mapping]: publish_map: frame pts=2813, total=2989779
lidar loop back, clear buffer
[INFO] [1783988834.816604060] [laser_mapping]: publish_map: frame pts=2813, total=2992592
[INFO] [1783988835.816583542] [laser_mapping]: publish_map: frame pts=2813, total=2995405
[INFO] [1783988836.816589858] [laser_mapping]: publish_map: frame pts=2813, total=2998218
[INFO] [1783988837.816587036] [laser_mapping]: publish_map: frame pts=2813, total=3001031
[INFO] [1783988838.816588828] [laser_mapping]: publish_map: frame pts=2813, total=3003844
[INFO] [1783988839.816756616] [laser_mapping]: publish_map: frame pts=2813, total=3006657
[INFO] [1783988840.816607881] [laser_mapping]: publish_map: frame pts=2813, total=3009470
[INFO] [1783988841.816585319] [laser_mapping]: publish_map: frame pts=2813, total=3012283
[INFO] [1783988842.816588976] [laser_mapping]: publish_map: frame pts=2813, total=3015096
[INFO] [1783988843.816597471] [laser_mapping]: publish_map: frame pts=2813, total=3017909
[INFO] [1783988844.816757115] [laser_mapping]: publish_map: frame pts=2813, total=3020722
[INFO] [1783988845.816596888] [laser_mapping]: publish_map: frame pts=2813, total=3023535
[INFO] [1783988846.816589083] [laser_mapping]: publish_map: frame pts=2813, total=3026348
[INFO] [1783988847.816584234] [laser_mapping]: publish_map: frame pts=2813, total=3029161
[INFO] [1783988848.816587417] [laser_mapping]: publish_map: frame pts=2813, total=3031974
[INFO] [1783988849.816585702] [laser_mapping]: publish_map: frame pts=2813, total=3034787
[INFO] [1783988850.816585455] [laser_mapping]: publish_map: frame pts=2813, total=3037600
[INFO] [1783988851.816584454] [laser_mapping]: publish_map: frame pts=2813, total=3040413
[INFO] [1783988852.816588312] [laser_mapping]: publish_map: frame pts=2813, total=3043226
[INFO] [1783988853.816587276] [laser_mapping]: publish_map: frame pts=2813, total=3046039
[INFO] [1783988854.816587124] [laser_mapping]: publish_map: frame pts=2813, total=3048852
[INFO] [1783988855.816696564] [laser_mapping]: publish_map: frame pts=2813, total=3051665
lidar loop back, clear buffer
[INFO] [1783988856.816588695] [laser_mapping]: publish_map: frame pts=2813, total=3054478
[INFO] [1783988857.816766342] [laser_mapping]: publish_map: frame pts=2813, total=3057291
[INFO] [1783988858.816719166] [laser_mapping]: publish_map: frame pts=2813, total=3060104
[INFO] [1783988859.816597941] [laser_mapping]: publish_map: frame pts=2813, total=3062917
[INFO] [1783988860.816592673] [laser_mapping]: publish_map: frame pts=2813, total=3065730
[INFO] [1783988861.816741857] [laser_mapping]: publish_map: frame pts=2813, total=3068543
[INFO] [1783988862.816571649] [laser_mapping]: publish_map: frame pts=2813, total=3071356
[INFO] [1783988863.816585225] [laser_mapping]: publish_map: frame pts=2813, total=3074169
[INFO] [1783988864.816587113] [laser_mapping]: publish_map: frame pts=2813, total=3076982
[INFO] [1783988865.816761003] [laser_mapping]: publish_map: frame pts=2813, total=3079795
[INFO] [1783988866.816592034] [laser_mapping]: publish_map: frame pts=2813, total=3082608
[INFO] [1783988867.816585855] [laser_mapping]: publish_map: frame pts=2813, total=3085421
[INFO] [1783988868.816596459] [laser_mapping]: publish_map: frame pts=2813, total=3088234
[INFO] [1783988869.816652749] [laser_mapping]: publish_map: frame pts=2813, total=3091047
[INFO] [1783988870.816589275] [laser_mapping]: publish_map: frame pts=2813, total=3093860
[INFO] [1783988871.816623180] [laser_mapping]: publish_map: frame pts=2813, total=3096673
[INFO] [1783988872.816687786] [laser_mapping]: publish_map: frame pts=2813, total=3099486
[INFO] [1783988873.816587357] [laser_mapping]: publish_map: frame pts=2813, total=3102299
[INFO] [1783988874.816596462] [laser_mapping]: publish_map: frame pts=2813, total=3105112
[INFO] [1783988875.816598882] [laser_mapping]: publish_map: frame pts=2813, total=3107925
[INFO] [1783988876.816611311] [laser_mapping]: publish_map: frame pts=2813, total=3110738
[INFO] [1783988877.816589705] [laser_mapping]: publish_map: frame pts=2813, total=3113551
[INFO] [1783988878.816783105] [laser_mapping]: publish_map: frame pts=2813, total=3116364
[INFO] [1783988879.816758764] [laser_mapping]: publish_map: frame pts=2813, total=3119177
[INFO] [1783988880.816609981] [laser_mapping]: publish_map: frame pts=2813, total=3121990
[INFO] [1783988881.816701340] [laser_mapping]: publish_map: frame pts=2813, total=3124803
[INFO] [1783988882.816703864] [laser_mapping]: publish_map: frame pts=2813, total=3127616
[INFO] [1783988883.816791560] [laser_mapping]: publish_map: frame pts=2813, total=3130429
[INFO] [1783988884.816633384] [laser_mapping]: publish_map: frame pts=2813, total=3133242
[INFO] [1783988885.816731974] [laser_mapping]: publish_map: frame pts=2813, total=3136055
[INFO] [1783988886.816753880] [laser_mapping]: publish_map: frame pts=2813, total=3138868
[INFO] [1783988887.816757450] [laser_mapping]: publish_map: frame pts=2813, total=3141681
[INFO] [1783988888.816602295] [laser_mapping]: publish_map: frame pts=2813, total=3144494
[INFO] [1783988889.816804094] [laser_mapping]: publish_map: frame pts=2813, total=3147307
[INFO] [1783988890.816785261] [laser_mapping]: publish_map: frame pts=2813, total=3150120
[INFO] [1783988891.816588039] [laser_mapping]: publish_map: frame pts=2813, total=3152933
[INFO] [1783988892.816712195] [laser_mapping]: publish_map: frame pts=2813, total=3155746
[INFO] [1783988893.816629907] [laser_mapping]: publish_map: frame pts=2813, total=3158559
[INFO] [1783988894.816730625] [laser_mapping]: publish_map: frame pts=2813, total=3161372
[INFO] [1783988895.816727080] [laser_mapping]: publish_map: frame pts=2813, total=3164185
[INFO] [1783988896.816753582] [laser_mapping]: publish_map: frame pts=2813, total=3166998
[INFO] [1783988897.816650441] [laser_mapping]: publish_map: frame pts=2813, total=3169811
[INFO] [1783988898.816803032] [laser_mapping]: publish_map: frame pts=2813, total=3172624
[INFO] [1783988899.816740238] [laser_mapping]: publish_map: frame pts=2813, total=3175437
[INFO] [1783988900.816800197] [laser_mapping]: publish_map: frame pts=2813, total=3178250
[INFO] [1783988901.816730713] [laser_mapping]: publish_map: frame pts=2813, total=3181063
[INFO] [1783988902.816688602] [laser_mapping]: publish_map: frame pts=2813, total=3183876
[INFO] [1783988903.816593016] [laser_mapping]: publish_map: frame pts=2813, total=3186689
[INFO] [1783988904.816714806] [laser_mapping]: publish_map: frame pts=2813, total=3189502
[INFO] [1783988905.816597691] [laser_mapping]: publish_map: frame pts=2813, total=3192315
[INFO] [1783988906.816618870] [laser_mapping]: publish_map: frame pts=2813, total=3195128
[INFO] [1783988907.816749564] [laser_mapping]: publish_map: frame pts=2813, total=3197941
[INFO] [1783988908.816763878] [laser_mapping]: publish_map: frame pts=2813, total=3200754
[INFO] [1783988909.816834663] [laser_mapping]: publish_map: frame pts=2813, total=3203567
[INFO] [1783988910.816610547] [laser_mapping]: publish_map: frame pts=2813, total=3206380
[INFO] [1783988911.816718489] [laser_mapping]: publish_map: frame pts=2813, total=3209193
[INFO] [1783988912.816730386] [laser_mapping]: publish_map: frame pts=2813, total=3212006
[INFO] [1783988913.816755291] [laser_mapping]: publish_map: frame pts=2813, total=3214819
[INFO] [1783988914.816765937] [laser_mapping]: publish_map: frame pts=2813, total=3217632
[INFO] [1783988915.817005934] [laser_mapping]: publish_map: frame pts=2813, total=3220445
[INFO] [1783988916.816639490] [laser_mapping]: publish_map: frame pts=2813, total=3223258
[INFO] [1783988917.816624529] [laser_mapping]: publish_map: frame pts=2813, total=3226071
[INFO] [1783988918.816712409] [laser_mapping]: publish_map: frame pts=2813, total=3228884
[INFO] [1783988919.816614378] [laser_mapping]: publish_map: frame pts=2813, total=3231697
[INFO] [1783988920.816604148] [laser_mapping]: publish_map: frame pts=2813, total=3234510
[INFO] [1783988921.816621256] [laser_mapping]: publish_map: frame pts=2813, total=3237323
[INFO] [1783988922.816604640] [laser_mapping]: publish_map: frame pts=2813, total=3240136
[INFO] [1783988923.816638027] [laser_mapping]: publish_map: frame pts=2813, total=3242949
[INFO] [1783988924.816631631] [laser_mapping]: publish_map: frame pts=2813, total=3245762
[INFO] [1783988925.816692438] [laser_mapping]: publish_map: frame pts=2813, total=3248575
[INFO] [1783988926.816798453] [laser_mapping]: publish_map: frame pts=2813, total=3251388
[INFO] [1783988927.816590177] [laser_mapping]: publish_map: frame pts=2813, total=3254201
[INFO] [1783988928.816609190] [laser_mapping]: publish_map: frame pts=2813, total=3257014
[INFO] [1783988929.816698934] [laser_mapping]: publish_map: frame pts=2813, total=3259827
[INFO] [1783988930.816596880] [laser_mapping]: publish_map: frame pts=2813, total=3262640
[INFO] [1783988931.816724759] [laser_mapping]: publish_map: frame pts=2813, total=3265453
[INFO] [1783988932.816611623] [laser_mapping]: publish_map: frame pts=2813, total=3268266
[INFO] [1783988933.816751633] [laser_mapping]: publish_map: frame pts=2813, total=3271079
[INFO] [1783988934.816791290] [laser_mapping]: publish_map: frame pts=2813, total=3273892
[INFO] [1783988935.816592260] [laser_mapping]: publish_map: frame pts=2813, total=3276705
[INFO] [1783988936.816792960] [laser_mapping]: publish_map: frame pts=2813, total=3279518
[INFO] [1783988937.816753059] [laser_mapping]: publish_map: frame pts=2813, total=3282331
[INFO] [1783988938.816717393] [laser_mapping]: publish_map: frame pts=2813, total=3285144
[INFO] [1783988939.816737190] [laser_mapping]: publish_map: frame pts=2813, total=3287957
[INFO] [1783988940.816732145] [laser_mapping]: publish_map: frame pts=2813, total=3290770
[INFO] [1783988941.816719049] [laser_mapping]: publish_map: frame pts=2813, total=3293583
[INFO] [1783988942.816615168] [laser_mapping]: publish_map: frame pts=2813, total=3296396
[INFO] [1783988943.816638463] [laser_mapping]: publish_map: frame pts=2813, total=3299209
[INFO] [1783988944.816632918] [laser_mapping]: publish_map: frame pts=2813, total=3302022
[INFO] [1783988945.816781694] [laser_mapping]: publish_map: frame pts=2813, total=3304835
[INFO] [1783988946.816721642] [laser_mapping]: publish_map: frame pts=2813, total=3307648
[INFO] [1783988947.816622000] [laser_mapping]: publish_map: frame pts=2813, total=3310461
[INFO] [1783988948.816605307] [laser_mapping]: publish_map: frame pts=2813, total=3313274
[INFO] [1783988949.816711044] [laser_mapping]: publish_map: frame pts=2813, total=3316087
[INFO] [1783988950.816776265] [laser_mapping]: publish_map: frame pts=2813, total=3318900
[INFO] [1783988951.816757717] [laser_mapping]: publish_map: frame pts=2813, total=3321713
[INFO] [1783988952.816615310] [laser_mapping]: publish_map: frame pts=2813, total=3324526
[INFO] [1783988953.816705900] [laser_mapping]: publish_map: frame pts=2813, total=3327339
[INFO] [1783988954.816607503] [laser_mapping]: publish_map: frame pts=2813, total=3330152
[INFO] [1783988955.816660935] [laser_mapping]: publish_map: frame pts=2813, total=3332965
[INFO] [1783988956.816768743] [laser_mapping]: publish_map: frame pts=2813, total=3335778
[INFO] [1783988957.816719342] [laser_mapping]: publish_map: frame pts=2813, total=3338591
[INFO] [1783988958.816801667] [laser_mapping]: publish_map: frame pts=2813, total=3341404
[INFO] [1783988959.816617729] [laser_mapping]: publish_map: frame pts=2813, total=3344217
[INFO] [1783988960.816706243] [laser_mapping]: publish_map: frame pts=2813, total=3347030
[INFO] [1783988961.816897459] [laser_mapping]: publish_map: frame pts=2813, total=3349843
[INFO] [1783988962.816606039] [laser_mapping]: publish_map: frame pts=2813, total=3352656
[INFO] [1783988963.816744496] [laser_mapping]: publish_map: frame pts=2813, total=3355469
[INFO] [1783988964.816755830] [laser_mapping]: publish_map: frame pts=2813, total=3358282
[INFO] [1783988965.816794268] [laser_mapping]: publish_map: frame pts=2813, total=3361095
[INFO] [1783988966.816623722] [laser_mapping]: publish_map: frame pts=2813, total=3363908
[INFO] [1783988967.816622257] [laser_mapping]: publish_map: frame pts=2813, total=3366721
[INFO] [1783988968.816781256] [laser_mapping]: publish_map: frame pts=2813, total=3369534
[INFO] [1783988969.816727432] [laser_mapping]: publish_map: frame pts=2813, total=3372347
[INFO] [1783988970.816611707] [laser_mapping]: publish_map: frame pts=2813, total=3375160
[INFO] [1783988971.816619295] [laser_mapping]: publish_map: frame pts=2813, total=3377973
[INFO] [1783988972.816600094] [laser_mapping]: publish_map: frame pts=2813, total=3380786
[INFO] [1783988973.816862900] [laser_mapping]: publish_map: frame pts=2813, total=3383599
[INFO] [1783988974.816607976] [laser_mapping]: publish_map: frame pts=2813, total=3386412
[INFO] [1783988975.816609311] [laser_mapping]: publish_map: frame pts=2813, total=3389225
[INFO] [1783988976.816611602] [laser_mapping]: publish_map: frame pts=2813, total=3392038
[INFO] [1783988977.816615371] [laser_mapping]: publish_map: frame pts=2813, total=3394851
[INFO] [1783988978.816612142] [laser_mapping]: publish_map: frame pts=2813, total=3397664
[INFO] [1783988979.816783450] [laser_mapping]: publish_map: frame pts=2813, total=3400477
[INFO] [1783988980.816611607] [laser_mapping]: publish_map: frame pts=2813, total=3403290
[INFO] [1783988981.816692955] [laser_mapping]: publish_map: frame pts=2813, total=3406103
[INFO] [1783988982.816737876] [laser_mapping]: publish_map: frame pts=2813, total=3408916
[INFO] [1783988983.816717180] [laser_mapping]: publish_map: frame pts=2813, total=3411729
[INFO] [1783988984.816685196] [laser_mapping]: publish_map: frame pts=2813, total=3414542
[INFO] [1783988985.816599660] [laser_mapping]: publish_map: frame pts=2813, total=3417355
[INFO] [1783988986.816730161] [laser_mapping]: publish_map: frame pts=2813, total=3420168
[INFO] [1783988987.816787789] [laser_mapping]: publish_map: frame pts=2813, total=3422981
[INFO] [1783988988.816692614] [laser_mapping]: publish_map: frame pts=2813, total=3425794
[INFO] [1783988989.816825385] [laser_mapping]: publish_map: frame pts=2813, total=3428607
[INFO] [1783988990.816753148] [laser_mapping]: publish_map: frame pts=2813, total=3431420
[INFO] [1783988991.816716665] [laser_mapping]: publish_map: frame pts=2813, total=3434233
[INFO] [1783988992.816713675] [laser_mapping]: publish_map: frame pts=2813, total=3437046
[INFO] [1783988993.816789995] [laser_mapping]: publish_map: frame pts=2813, total=3439859
[INFO] [1783988994.816708894] [laser_mapping]: publish_map: frame pts=2813, total=3442672
[INFO] [1783988995.816776065] [laser_mapping]: publish_map: frame pts=2813, total=3445485
[INFO] [1783988996.816718866] [laser_mapping]: publish_map: frame pts=2813, total=3448298
[INFO] [1783988997.816608401] [laser_mapping]: publish_map: frame pts=2813, total=3451111
[INFO] [1783988998.816620523] [laser_mapping]: publish_map: frame pts=2813, total=3453924
[INFO] [1783988999.816745929] [laser_mapping]: publish_map: frame pts=2813, total=3456737
[INFO] [1783989000.816747867] [laser_mapping]: publish_map: frame pts=2813, total=3459550
[INFO] [1783989001.816617837] [laser_mapping]: publish_map: frame pts=2813, total=3462363
[INFO] [1783989002.816713086] [laser_mapping]: publish_map: frame pts=2813, total=3465176
[INFO] [1783989003.816772735] [laser_mapping]: publish_map: frame pts=2813, total=3467989
[INFO] [1783989004.816784435] [laser_mapping]: publish_map: frame pts=2813, total=3470802
[INFO] [1783989005.816741421] [laser_mapping]: publish_map: frame pts=2813, total=3473615
[INFO] [1783989006.816626977] [laser_mapping]: publish_map: frame pts=2813, total=3476428
[INFO] [1783989007.816680652] [laser_mapping]: publish_map: frame pts=2813, total=3479241
[INFO] [1783989008.816624147] [laser_mapping]: publish_map: frame pts=2813, total=3482054
[INFO] [1783989009.816732693] [laser_mapping]: publish_map: frame pts=2813, total=3484867
[INFO] [1783989010.816614805] [laser_mapping]: publish_map: frame pts=2813, total=3487680
[INFO] [1783989011.816611114] [laser_mapping]: publish_map: frame pts=2813, total=3490493
[INFO] [1783989012.816613757] [laser_mapping]: publish_map: frame pts=2813, total=3493306
[INFO] [1783989013.816747843] [laser_mapping]: publish_map: frame pts=2813, total=3496119
[INFO] [1783989014.816750985] [laser_mapping]: publish_map: frame pts=2813, total=3498932
[INFO] [1783989015.816591883] [laser_mapping]: publish_map: frame pts=2813, total=3501745
lidar loop back, clear buffer
[INFO] [1783989016.816586772] [laser_mapping]: publish_map: frame pts=2813, total=3504558
[INFO] [1783989017.816588730] [laser_mapping]: publish_map: frame pts=2813, total=3507371
[INFO] [1783989018.816598740] [laser_mapping]: publish_map: frame pts=2813, total=3510184
[INFO] [1783989019.816598062] [laser_mapping]: publish_map: frame pts=2813, total=3512997
[INFO] [1783989020.816587315] [laser_mapping]: publish_map: frame pts=2813, total=3515810
[INFO] [1783989021.816602398] [laser_mapping]: publish_map: frame pts=2813, total=3518623
[INFO] [1783989022.816586808] [laser_mapping]: publish_map: frame pts=2813, total=3521436
[INFO] [1783989023.816584517] [laser_mapping]: publish_map: frame pts=2813, total=3524249
[INFO] [1783989024.816591023] [laser_mapping]: publish_map: frame pts=2813, total=3527062
[INFO] [1783989025.816586903] [laser_mapping]: publish_map: frame pts=2813, total=3529875
[INFO] [1783989026.816605190] [laser_mapping]: publish_map: frame pts=2813, total=3532688
[INFO] [1783989027.816587383] [laser_mapping]: publish_map: frame pts=2813, total=3535501
[INFO] [1783989028.816587798] [laser_mapping]: publish_map: frame pts=2813, total=3538314
[INFO] [1783989029.816589115] [laser_mapping]: publish_map: frame pts=2813, total=3541127
[INFO] [1783989030.816597360] [laser_mapping]: publish_map: frame pts=2813, total=3543940
[INFO] [1783989031.816595899] [laser_mapping]: publish_map: frame pts=2813, total=3546753
[INFO] [1783989032.816582858] [laser_mapping]: publish_map: frame pts=2813, total=3549566
[INFO] [1783989033.816590962] [laser_mapping]: publish_map: frame pts=2813, total=3552379
[INFO] [1783989034.816586398] [laser_mapping]: publish_map: frame pts=2813, total=3555192
[INFO] [1783989035.816586742] [laser_mapping]: publish_map: frame pts=2813, total=3558005
[INFO] [1783989036.816587575] [laser_mapping]: publish_map: frame pts=2813, total=3560818
lidar loop back, clear buffer
[INFO] [1783989037.816730930] [laser_mapping]: publish_map: frame pts=2813, total=3563631
[INFO] [1783989038.816591481] [laser_mapping]: publish_map: frame pts=2813, total=3566444
[INFO] [1783989039.816584830] [laser_mapping]: publish_map: frame pts=2813, total=3569257
[INFO] [1783989040.816683206] [laser_mapping]: publish_map: frame pts=2813, total=3572070
[INFO] [1783989041.816586823] [laser_mapping]: publish_map: frame pts=2813, total=3574883
[INFO] [1783989042.816587620] [laser_mapping]: publish_map: frame pts=2813, total=3577696
[INFO] [1783989043.816711815] [laser_mapping]: publish_map: frame pts=2813, total=3580509
[INFO] [1783989044.816586312] [laser_mapping]: publish_map: frame pts=2813, total=3583322
[INFO] [1783989045.816741768] [laser_mapping]: publish_map: frame pts=2813, total=3586135
[INFO] [1783989046.816591947] [laser_mapping]: publish_map: frame pts=2813, total=3588948
[INFO] [1783989047.816733406] [laser_mapping]: publish_map: frame pts=2813, total=3591761
[INFO] [1783989048.816590556] [laser_mapping]: publish_map: frame pts=2813, total=3594574
[INFO] [1783989049.816592339] [laser_mapping]: publish_map: frame pts=2813, total=3597387
[INFO] [1783989050.816594718] [laser_mapping]: publish_map: frame pts=2813, total=3600200
[INFO] [1783989051.816600994] [laser_mapping]: publish_map: frame pts=2813, total=3603013
[INFO] [1783989052.816584552] [laser_mapping]: publish_map: frame pts=2813, total=3605826
[INFO] [1783989053.816586894] [laser_mapping]: publish_map: frame pts=2813, total=3608639
[INFO] [1783989054.816588388] [laser_mapping]: publish_map: frame pts=2813, total=3611452
[INFO] [1783989055.816584262] [laser_mapping]: publish_map: frame pts=2813, total=3614265
[INFO] [1783989056.816716046] [laser_mapping]: publish_map: frame pts=2813, total=3617078
[INFO] [1783989057.816599931] [laser_mapping]: publish_map: frame pts=2813, total=3619891
[INFO] [1783989058.816592867] [laser_mapping]: publish_map: frame pts=2813, total=3622704
[INFO] [1783989059.816599442] [laser_mapping]: publish_map: frame pts=2813, total=3625517
[INFO] [1783989060.816584751] [laser_mapping]: publish_map: frame pts=2813, total=3628330
[INFO] [1783989061.816731570] [laser_mapping]: publish_map: frame pts=2813, total=3631143
[INFO] [1783989062.816583304] [laser_mapping]: publish_map: frame pts=2813, total=3633956
[INFO] [1783989063.816586380] [laser_mapping]: publish_map: frame pts=2813, total=3636769
[INFO] [1783989064.816601153] [laser_mapping]: publish_map: frame pts=2813, total=3639582
[INFO] [1783989065.816593685] [laser_mapping]: publish_map: frame pts=2813, total=3642395
[INFO] [1783989066.816588960] [laser_mapping]: publish_map: frame pts=2813, total=3645208
[INFO] [1783989067.816591013] [laser_mapping]: publish_map: frame pts=2813, total=3648021
[INFO] [1783989068.816587095] [laser_mapping]: publish_map: frame pts=2813, total=3650834
[INFO] [1783989069.816585203] [laser_mapping]: publish_map: frame pts=2813, total=3653647
[INFO] [1783989070.816604898] [laser_mapping]: publish_map: frame pts=2813, total=3656460
[INFO] [1783989071.816599331] [laser_mapping]: publish_map: frame pts=2813, total=3659273
[INFO] [1783989072.816590687] [laser_mapping]: publish_map: frame pts=2813, total=3662086
[INFO] [1783989073.816599113] [laser_mapping]: publish_map: frame pts=2813, total=3664899
[INFO] [1783989074.816599602] [laser_mapping]: publish_map: frame pts=2813, total=3667712
[INFO] [1783989075.816711536] [laser_mapping]: publish_map: frame pts=2813, total=3670525
[INFO] [1783989076.816619015] [laser_mapping]: publish_map: frame pts=2813, total=3673338
[INFO] [1783989077.816603017] [laser_mapping]: publish_map: frame pts=2813, total=3676151
[INFO] [1783989078.816628839] [laser_mapping]: publish_map: frame pts=2813, total=3678964
[INFO] [1783989079.816604018] [laser_mapping]: publish_map: frame pts=2813, total=3681777
[INFO] [1783989080.816611522] [laser_mapping]: publish_map: frame pts=2813, total=3684590
[INFO] [1783989081.816614106] [laser_mapping]: publish_map: frame pts=2813, total=3687403
[INFO] [1783989082.816611934] [laser_mapping]: publish_map: frame pts=2813, total=3690216
[INFO] [1783989083.816605249] [laser_mapping]: publish_map: frame pts=2813, total=3693029
[INFO] [1783989084.816609409] [laser_mapping]: publish_map: frame pts=2813, total=3695842
[INFO] [1783989085.816609377] [laser_mapping]: publish_map: frame pts=2813, total=3698655
[INFO] [1783989086.816590598] [laser_mapping]: publish_map: frame pts=2813, total=3701468
[INFO] [1783989087.816604768] [laser_mapping]: publish_map: frame pts=2813, total=3704281
[INFO] [1783989088.816607099] [laser_mapping]: publish_map: frame pts=2813, total=3707094
[INFO] [1783989089.816628375] [laser_mapping]: publish_map: frame pts=2813, total=3709907
[INFO] [1783989090.816595857] [laser_mapping]: publish_map: frame pts=2813, total=3712720
[INFO] [1783989091.816710408] [laser_mapping]: publish_map: frame pts=2813, total=3715533
[INFO] [1783989092.816636449] [laser_mapping]: publish_map: frame pts=2813, total=3718346
[INFO] [1783989093.816619540] [laser_mapping]: publish_map: frame pts=2813, total=3721159
[INFO] [1783989094.816589239] [laser_mapping]: publish_map: frame pts=2813, total=3723972
[INFO] [1783989095.816744014] [laser_mapping]: publish_map: frame pts=2813, total=3726785
[INFO] [1783989096.816629371] [laser_mapping]: publish_map: frame pts=2813, total=3729598
[INFO] [1783989097.816628765] [laser_mapping]: publish_map: frame pts=2813, total=3732411
[INFO] [1783989098.816599689] [laser_mapping]: publish_map: frame pts=2813, total=3735224
[INFO] [1783989099.816715352] [laser_mapping]: publish_map: frame pts=2813, total=3738037
[INFO] [1783989100.816726240] [laser_mapping]: publish_map: frame pts=2813, total=3740850
[INFO] [1783989101.816607443] [laser_mapping]: publish_map: frame pts=2813, total=3743663
[INFO] [1783989102.816589240] [laser_mapping]: publish_map: frame pts=2813, total=3746476
[INFO] [1783989103.816638708] [laser_mapping]: publish_map: frame pts=2813, total=3749289
[INFO] [1783989104.816606480] [laser_mapping]: publish_map: frame pts=2813, total=3752102
[INFO] [1783989105.816612926] [laser_mapping]: publish_map: frame pts=2813, total=3754915
[INFO] [1783989106.816598108] [laser_mapping]: publish_map: frame pts=2813, total=3757728
[INFO] [1783989107.816649936] [laser_mapping]: publish_map: frame pts=2813, total=3760541
[INFO] [1783989108.816608142] [laser_mapping]: publish_map: frame pts=2813, total=3763354
[INFO] [1783989109.816728854] [laser_mapping]: publish_map: frame pts=2813, total=3766167
[INFO] [1783989110.816722337] [laser_mapping]: publish_map: frame pts=2813, total=3768980
[INFO] [1783989111.816616870] [laser_mapping]: publish_map: frame pts=2813, total=3771793
[INFO] [1783989112.816773815] [laser_mapping]: publish_map: frame pts=2813, total=3774606
[INFO] [1783989113.816785737] [laser_mapping]: publish_map: frame pts=2813, total=3777419
[INFO] [1783989114.816688547] [laser_mapping]: publish_map: frame pts=2813, total=3780232
[INFO] [1783989115.816744716] [laser_mapping]: publish_map: frame pts=2813, total=3783045
[INFO] [1783989116.816713068] [laser_mapping]: publish_map: frame pts=2813, total=3785858
[INFO] [1783989117.816602048] [laser_mapping]: publish_map: frame pts=2813, total=3788671
[INFO] [1783989118.816748890] [laser_mapping]: publish_map: frame pts=2813, total=3791484
[INFO] [1783989119.816612619] [laser_mapping]: publish_map: frame pts=2813, total=3794297
[INFO] [1783989120.816733641] [laser_mapping]: publish_map: frame pts=2813, total=3797110
[INFO] [1783989121.816710606] [laser_mapping]: publish_map: frame pts=2813, total=3799923
[INFO] [1783989122.816604355] [laser_mapping]: publish_map: frame pts=2813, total=3802736
[INFO] [1783989123.816716922] [laser_mapping]: publish_map: frame pts=2813, total=3805549
[INFO] [1783989124.816700797] [laser_mapping]: publish_map: frame pts=2813, total=3808362
[INFO] [1783989125.816763804] [laser_mapping]: publish_map: frame pts=2813, total=3811175
[INFO] [1783989126.816585265] [laser_mapping]: publish_map: frame pts=2813, total=3813988
[INFO] [1783989127.816585671] [laser_mapping]: publish_map: frame pts=2813, total=3816801
[INFO] [1783989128.816597138] [laser_mapping]: publish_map: frame pts=2813, total=3819614
[INFO] [1783989129.816707434] [laser_mapping]: publish_map: frame pts=2813, total=3822427
[INFO] [1783989130.816601289] [laser_mapping]: publish_map: frame pts=2813, total=3825240
[INFO] [1783989131.816605211] [laser_mapping]: publish_map: frame pts=2813, total=3828053
[INFO] [1783989132.816690093] [laser_mapping]: publish_map: frame pts=2813, total=3830866
[INFO] [1783989133.816742570] [laser_mapping]: publish_map: frame pts=2813, total=3833679
[INFO] [1783989134.816758179] [laser_mapping]: publish_map: frame pts=2813, total=3836492
[INFO] [1783989135.816710535] [laser_mapping]: publish_map: frame pts=2813, total=3839305
[INFO] [1783989136.816711078] [laser_mapping]: publish_map: frame pts=2813, total=3842118
[INFO] [1783989137.816605569] [laser_mapping]: publish_map: frame pts=2813, total=3844931
[INFO] [1783989138.816784066] [laser_mapping]: publish_map: frame pts=2813, total=3847744
[INFO] [1783989139.816714779] [laser_mapping]: publish_map: frame pts=2813, total=3850557
[INFO] [1783989140.816820200] [laser_mapping]: publish_map: frame pts=2813, total=3853370
[INFO] [1783989141.816715036] [laser_mapping]: publish_map: frame pts=2813, total=3856183
[INFO] [1783989142.816705221] [laser_mapping]: publish_map: frame pts=2813, total=3858996
[INFO] [1783989143.816710994] [laser_mapping]: publish_map: frame pts=2813, total=3861809
[INFO] [1783989144.816711216] [laser_mapping]: publish_map: frame pts=2813, total=3864622
[INFO] [1783989145.816665129] [laser_mapping]: publish_map: frame pts=2813, total=3867435
[INFO] [1783989146.816780841] [laser_mapping]: publish_map: frame pts=2813, total=3870248
[INFO] [1783989147.816729173] [laser_mapping]: publish_map: frame pts=2813, total=3873061
[INFO] [1783989148.816742691] [laser_mapping]: publish_map: frame pts=2813, total=3875874
[INFO] [1783989149.816712204] [laser_mapping]: publish_map: frame pts=2813, total=3878687
[INFO] [1783989150.816776361] [laser_mapping]: publish_map: frame pts=2813, total=3881500
[INFO] [1783989151.816696979] [laser_mapping]: publish_map: frame pts=2813, total=3884313
[INFO] [1783989152.816774737] [laser_mapping]: publish_map: frame pts=2813, total=3887126
[INFO] [1783989153.816719713] [laser_mapping]: publish_map: frame pts=2813, total=3889939
[INFO] [1783989154.816696647] [laser_mapping]: publish_map: frame pts=2813, total=3892752
[INFO] [1783989155.816742207] [laser_mapping]: publish_map: frame pts=2813, total=3895565
[INFO] [1783989156.816729555] [laser_mapping]: publish_map: frame pts=2813, total=3898378
[INFO] [1783989157.816735891] [laser_mapping]: publish_map: frame pts=2813, total=3901191
[INFO] [1783989158.816748855] [laser_mapping]: publish_map: frame pts=2813, total=3904004
[INFO] [1783989159.816598317] [laser_mapping]: publish_map: frame pts=2813, total=3906817
[INFO] [1783989160.816704384] [laser_mapping]: publish_map: frame pts=2813, total=3909630
[INFO] [1783989161.816742078] [laser_mapping]: publish_map: frame pts=2813, total=3912443
[INFO] [1783989162.816702152] [laser_mapping]: publish_map: frame pts=2813, total=3915256
[INFO] [1783989163.816716811] [laser_mapping]: publish_map: frame pts=2813, total=3918069
[INFO] [1783989164.816710567] [laser_mapping]: publish_map: frame pts=2813, total=3920882
[INFO] [1783989165.816705464] [laser_mapping]: publish_map: frame pts=2813, total=3923695
[INFO] [1783989166.816709182] [laser_mapping]: publish_map: frame pts=2813, total=3926508
[INFO] [1783989167.816590795] [laser_mapping]: publish_map: frame pts=2813, total=3929321
[INFO] [1783989168.816732336] [laser_mapping]: publish_map: frame pts=2813, total=3932134
[INFO] [1783989169.816737108] [laser_mapping]: publish_map: frame pts=2813, total=3934947
[INFO] [1783989170.816745624] [laser_mapping]: publish_map: frame pts=2813, total=3937760
[INFO] [1783989171.816659964] [laser_mapping]: publish_map: frame pts=2813, total=3940573
[INFO] [1783989172.816589793] [laser_mapping]: publish_map: frame pts=2813, total=3943386
[INFO] [1783989173.816590996] [laser_mapping]: publish_map: frame pts=2813, total=3946199
[INFO] [1783989174.816743753] [laser_mapping]: publish_map: frame pts=2813, total=3949012
[INFO] [1783989175.816722826] [laser_mapping]: publish_map: frame pts=2813, total=3951825
[INFO] [1783989176.816722559] [laser_mapping]: publish_map: frame pts=2813, total=3954638
[INFO] [1783989177.816601015] [laser_mapping]: publish_map: frame pts=2813, total=3957451
lidar loop back, clear buffer
[INFO] [1783989178.816734129] [laser_mapping]: publish_map: frame pts=2813, total=3960264
[INFO] [1783989179.816586625] [laser_mapping]: publish_map: frame pts=2813, total=3963077
[INFO] [1783989180.816580322] [laser_mapping]: publish_map: frame pts=2813, total=3965890
[INFO] [1783989181.816587339] [laser_mapping]: publish_map: frame pts=2813, total=3968703
[INFO] [1783989182.816727607] [laser_mapping]: publish_map: frame pts=2813, total=3971516
[INFO] [1783989183.816608475] [laser_mapping]: publish_map: frame pts=2813, total=3974329
[INFO] [1783989184.816590221] [laser_mapping]: publish_map: frame pts=2813, total=3977142
[INFO] [1783989185.816590141] [laser_mapping]: publish_map: frame pts=2813, total=3979955
[INFO] [1783989186.816722469] [laser_mapping]: publish_map: frame pts=2813, total=3982768
[INFO] [1783989187.816737623] [laser_mapping]: publish_map: frame pts=2813, total=3985581
[INFO] [1783989188.816593425] [laser_mapping]: publish_map: frame pts=2813, total=3988394
[INFO] [1783989189.816584258] [laser_mapping]: publish_map: frame pts=2813, total=3991207
[INFO] [1783989190.816587345] [laser_mapping]: publish_map: frame pts=2813, total=3994020
[INFO] [1783989191.816587965] [laser_mapping]: publish_map: frame pts=2813, total=3996833
[INFO] [1783989192.816599253] [laser_mapping]: publish_map: frame pts=2813, total=3999646
[INFO] [1783989193.816583741] [laser_mapping]: publish_map: frame pts=2813, total=4002459
[INFO] [1783989194.816592593] [laser_mapping]: publish_map: frame pts=2813, total=4005272
[INFO] [1783989195.816603306] [laser_mapping]: publish_map: frame pts=2813, total=4008085
[INFO] [1783989196.816582603] [laser_mapping]: publish_map: frame pts=2813, total=4010898
[INFO] [1783989197.816603662] [laser_mapping]: publish_map: frame pts=2813, total=4013711
[INFO] [1783989198.816733899] [laser_mapping]: publish_map: frame pts=2813, total=4016524
lidar loop back, clear buffer
[INFO] [1783989199.816594491] [laser_mapping]: publish_map: frame pts=2813, total=4019337
[INFO] [1783989200.816586683] [laser_mapping]: publish_map: frame pts=2813, total=4022150
[INFO] [1783989201.816590876] [laser_mapping]: publish_map: frame pts=2813, total=4024963
[INFO] [1783989202.816588517] [laser_mapping]: publish_map: frame pts=2813, total=4027776
[INFO] [1783989203.816582549] [laser_mapping]: publish_map: frame pts=2813, total=4030589
[INFO] [1783989204.816600568] [laser_mapping]: publish_map: frame pts=2813, total=4033402
[INFO] [1783989205.816600089] [laser_mapping]: publish_map: frame pts=2813, total=4036215
[INFO] [1783989206.816769539] [laser_mapping]: publish_map: frame pts=2813, total=4039028
[INFO] [1783989207.816591357] [laser_mapping]: publish_map: frame pts=2813, total=4041841
[INFO] [1783989208.816598592] [laser_mapping]: publish_map: frame pts=2813, total=4044654
[INFO] [1783989209.816587174] [laser_mapping]: publish_map: frame pts=2813, total=4047467
[INFO] [1783989210.816602360] [laser_mapping]: publish_map: frame pts=2813, total=4050280
[INFO] [1783989211.816591237] [laser_mapping]: publish_map: frame pts=2813, total=4053093
[INFO] [1783989212.816609471] [laser_mapping]: publish_map: frame pts=2813, total=4055906
[INFO] [1783989213.816604541] [laser_mapping]: publish_map: frame pts=2813, total=4058719
[INFO] [1783989214.816590489] [laser_mapping]: publish_map: frame pts=2813, total=4061532
[INFO] [1783989215.816589751] [laser_mapping]: publish_map: frame pts=2813, total=4064345
[INFO] [1783989216.816599329] [laser_mapping]: publish_map: frame pts=2813, total=4067158
[INFO] [1783989217.816595844] [laser_mapping]: publish_map: frame pts=2813, total=4069971
[INFO] [1783989218.816594768] [laser_mapping]: publish_map: frame pts=2813, total=4072784
[INFO] [1783989219.816585302] [laser_mapping]: publish_map: frame pts=2813, total=4075597
[INFO] [1783989220.816592954] [laser_mapping]: publish_map: frame pts=2813, total=4078410
[INFO] [1783989221.816586574] [laser_mapping]: publish_map: frame pts=2813, total=4081223
[INFO] [1783989222.816597351] [laser_mapping]: publish_map: frame pts=2813, total=4084036
[INFO] [1783989223.816586431] [laser_mapping]: publish_map: frame pts=2813, total=4086849
[INFO] [1783989224.816605014] [laser_mapping]: publish_map: frame pts=2813, total=4089662
[INFO] [1783989225.816600458] [laser_mapping]: publish_map: frame pts=2813, total=4092475
[INFO] [1783989226.816599761] [laser_mapping]: publish_map: frame pts=2813, total=4095288
[INFO] [1783989227.816602892] [laser_mapping]: publish_map: frame pts=2813, total=4098101
[INFO] [1783989228.816588024] [laser_mapping]: publish_map: frame pts=2813, total=4100914
[INFO] [1783989229.816605126] [laser_mapping]: publish_map: frame pts=2813, total=4103727
[INFO] [1783989230.816616568] [laser_mapping]: publish_map: frame pts=2813, total=4106540
[INFO] [1783989231.816570694] [laser_mapping]: publish_map: frame pts=2813, total=4109353
[INFO] [1783989232.816605437] [laser_mapping]: publish_map: frame pts=2813, total=4112166
[INFO] [1783989233.816591095] [laser_mapping]: publish_map: frame pts=2813, total=4114979
[INFO] [1783989234.816592559] [laser_mapping]: publish_map: frame pts=2813, total=4117792
[INFO] [1783989235.816604976] [laser_mapping]: publish_map: frame pts=2813, total=4120605
[INFO] [1783989236.816592275] [laser_mapping]: publish_map: frame pts=2813, total=4123418
[INFO] [1783989237.816734247] [laser_mapping]: publish_map: frame pts=2813, total=4126231
[INFO] [1783989238.816596916] [laser_mapping]: publish_map: frame pts=2813, total=4129044
[INFO] [1783989239.816598092] [laser_mapping]: publish_map: frame pts=2813, total=4131857
[INFO] [1783989240.816603678] [laser_mapping]: publish_map: frame pts=2813, total=4134670
[INFO] [1783989241.816603750] [laser_mapping]: publish_map: frame pts=2813, total=4137483
[INFO] [1783989242.816604078] [laser_mapping]: publish_map: frame pts=2813, total=4140296
[INFO] [1783989243.816610252] [laser_mapping]: publish_map: frame pts=2813, total=4143109
[INFO] [1783989244.816604106] [laser_mapping]: publish_map: frame pts=2813, total=4145922
[INFO] [1783989245.816707791] [laser_mapping]: publish_map: frame pts=2813, total=4148735
[INFO] [1783989246.816607020] [laser_mapping]: publish_map: frame pts=2813, total=4151548
[INFO] [1783989247.816596828] [laser_mapping]: publish_map: frame pts=2813, total=4154361
[INFO] [1783989248.816610429] [laser_mapping]: publish_map: frame pts=2813, total=4157174
[INFO] [1783989249.816604517] [laser_mapping]: publish_map: frame pts=2813, total=4159987
[INFO] [1783989250.816601861] [laser_mapping]: publish_map: frame pts=2813, total=4162800
[INFO] [1783989251.816599368] [laser_mapping]: publish_map: frame pts=2813, total=4165613
[INFO] [1783989252.816589200] [laser_mapping]: publish_map: frame pts=2813, total=4168426
[INFO] [1783989253.816602696] [laser_mapping]: publish_map: frame pts=2813, total=4171239
[INFO] [1783989254.816603249] [laser_mapping]: publish_map: frame pts=2813, total=4174052
[INFO] [1783989255.816600902] [laser_mapping]: publish_map: frame pts=2813, total=4176865
[INFO] [1783989256.816598342] [laser_mapping]: publish_map: frame pts=2813, total=4179678
[INFO] [1783989257.816594824] [laser_mapping]: publish_map: frame pts=2813, total=4182491
[INFO] [1783989258.816604268] [laser_mapping]: publish_map: frame pts=2813, total=4185304
[INFO] [1783989259.816589696] [laser_mapping]: publish_map: frame pts=2813, total=4188117
[INFO] [1783989260.816609928] [laser_mapping]: publish_map: frame pts=2813, total=4190930
[INFO] [1783989261.816602497] [laser_mapping]: publish_map: frame pts=2813, total=4193743
[INFO] [1783989262.816714679] [laser_mapping]: publish_map: frame pts=2813, total=4196556
[INFO] [1783989263.816788704] [laser_mapping]: publish_map: frame pts=2813, total=4199369
[INFO] [1783989264.816747489] [laser_mapping]: publish_map: frame pts=2813, total=4202182
[INFO] [1783989265.816609303] [laser_mapping]: publish_map: frame pts=2813, total=4204995
[INFO] [1783989266.816621772] [laser_mapping]: publish_map: frame pts=2813, total=4207808
[INFO] [1783989267.816630512] [laser_mapping]: publish_map: frame pts=2813, total=4210621
[INFO] [1783989268.816808916] [laser_mapping]: publish_map: frame pts=2813, total=4213434
[INFO] [1783989269.816623156] [laser_mapping]: publish_map: frame pts=2813, total=4216247
[INFO] [1783989270.816737624] [laser_mapping]: publish_map: frame pts=2813, total=4219060
[INFO] [1783989271.816755050] [laser_mapping]: publish_map: frame pts=2813, total=4221873
[INFO] [1783989272.816587761] [laser_mapping]: publish_map: frame pts=2813, total=4224686
[INFO] [1783989273.816603184] [laser_mapping]: publish_map: frame pts=2813, total=4227499
[INFO] [1783989274.816712949] [laser_mapping]: publish_map: frame pts=2813, total=4230312
[INFO] [1783989275.816591651] [laser_mapping]: publish_map: frame pts=2813, total=4233125
[INFO] [1783989276.816600387] [laser_mapping]: publish_map: frame pts=2813, total=4235938
[INFO] [1783989277.816686066] [laser_mapping]: publish_map: frame pts=2813, total=4238751
[INFO] [1783989278.816595433] [laser_mapping]: publish_map: frame pts=2813, total=4241564
[INFO] [1783989279.816604390] [laser_mapping]: publish_map: frame pts=2813, total=4244377
[INFO] [1783989280.816595420] [laser_mapping]: publish_map: frame pts=2813, total=4247190
[INFO] [1783989281.816613063] [laser_mapping]: publish_map: frame pts=2813, total=4250003
[INFO] [1783989282.816596877] [laser_mapping]: publish_map: frame pts=2813, total=4252816
[INFO] [1783989283.816602888] [laser_mapping]: publish_map: frame pts=2813, total=4255629
[INFO] [1783989284.816592606] [laser_mapping]: publish_map: frame pts=2813, total=4258442
[INFO] [1783989285.816614939] [laser_mapping]: publish_map: frame pts=2813, total=4261255
[INFO] [1783989286.816624508] [laser_mapping]: publish_map: frame pts=2813, total=4264068
[INFO] [1783989287.816717589] [laser_mapping]: publish_map: frame pts=2813, total=4266881
[INFO] [1783989288.816600387] [laser_mapping]: publish_map: frame pts=2813, total=4269694
[INFO] [1783989289.816746423] [laser_mapping]: publish_map: frame pts=2813, total=4272507
[INFO] [1783989290.816776996] [laser_mapping]: publish_map: frame pts=2813, total=4275320
[INFO] [1783989291.816613631] [laser_mapping]: publish_map: frame pts=2813, total=4278133
[INFO] [1783989292.816605613] [laser_mapping]: publish_map: frame pts=2813, total=4280946
[INFO] [1783989293.816609402] [laser_mapping]: publish_map: frame pts=2813, total=4283759
[INFO] [1783989294.816590595] [laser_mapping]: publish_map: frame pts=2813, total=4286572
[INFO] [1783989295.816588225] [laser_mapping]: publish_map: frame pts=2813, total=4289385
[INFO] [1783989296.816769745] [laser_mapping]: publish_map: frame pts=2813, total=4292198
[INFO] [1783989297.816591285] [laser_mapping]: publish_map: frame pts=2813, total=4295011
[INFO] [1783989298.816586627] [laser_mapping]: publish_map: frame pts=2813, total=4297824
[INFO] [1783989299.816578612] [laser_mapping]: publish_map: frame pts=2813, total=4300637
[INFO] [1783989300.816630219] [laser_mapping]: publish_map: frame pts=2813, total=4303450
[INFO] [1783989301.816587793] [laser_mapping]: publish_map: frame pts=2813, total=4306263
[INFO] [1783989302.816755182] [laser_mapping]: publish_map: frame pts=2813, total=4309076
[INFO] [1783989303.816605661] [laser_mapping]: publish_map: frame pts=2813, total=4311889
[INFO] [1783989304.816605457] [laser_mapping]: publish_map: frame pts=2813, total=4314702
[INFO] [1783989305.816724547] [laser_mapping]: publish_map: frame pts=2813, total=4317515
[INFO] [1783989306.816730375] [laser_mapping]: publish_map: frame pts=2813, total=4320328
[INFO] [1783989307.816600177] [laser_mapping]: publish_map: frame pts=2813, total=4323141
[INFO] [1783989308.816812955] [laser_mapping]: publish_map: frame pts=2813, total=4325954
[INFO] [1783989309.816600802] [laser_mapping]: publish_map: frame pts=2813, total=4328767
[INFO] [1783989310.816608532] [laser_mapping]: publish_map: frame pts=2813, total=4331580
[INFO] [1783989311.816624494] [laser_mapping]: publish_map: frame pts=2813, total=4334393
[INFO] [1783989312.816594756] [laser_mapping]: publish_map: frame pts=2813, total=4337206
[INFO] [1783989313.816766696] [laser_mapping]: publish_map: frame pts=2813, total=4340019
[INFO] [1783989314.816598694] [laser_mapping]: publish_map: frame pts=2813, total=4342832
[INFO] [1783989315.816811920] [laser_mapping]: publish_map: frame pts=2813, total=4345645
[INFO] [1783989316.816592870] [laser_mapping]: publish_map: frame pts=2813, total=4348458
[INFO] [1783989317.816604485] [laser_mapping]: publish_map: frame pts=2813, total=4351271
[INFO] [1783989318.816597518] [laser_mapping]: publish_map: frame pts=2813, total=4354084
[INFO] [1783989319.816718976] [laser_mapping]: publish_map: frame pts=2813, total=4356897
[INFO] [1783989320.816610675] [laser_mapping]: publish_map: frame pts=2813, total=4359710
[INFO] [1783989321.816768150] [laser_mapping]: publish_map: frame pts=2813, total=4362523
[INFO] [1783989322.816589889] [laser_mapping]: publish_map: frame pts=2813, total=4365336
[INFO] [1783989323.816605802] [laser_mapping]: publish_map: frame pts=2813, total=4368149
[INFO] [1783989324.816608694] [laser_mapping]: publish_map: frame pts=2813, total=4370962
[INFO] [1783989325.816746350] [laser_mapping]: publish_map: frame pts=2813, total=4373775
[INFO] [1783989326.816595480] [laser_mapping]: publish_map: frame pts=2813, total=4376588
[INFO] [1783989327.816593077] [laser_mapping]: publish_map: frame pts=2813, total=4379401
[INFO] [1783989328.816620091] [laser_mapping]: publish_map: frame pts=2813, total=4382214
[INFO] [1783989329.816603318] [laser_mapping]: publish_map: frame pts=2813, total=4385027
[INFO] [1783989330.816628087] [laser_mapping]: publish_map: frame pts=2813, total=4387840
[INFO] [1783989331.816622922] [laser_mapping]: publish_map: frame pts=2813, total=4390653
[INFO] [1783989332.816636388] [laser_mapping]: publish_map: frame pts=2813, total=4393466
[INFO] [1783989333.816620751] [laser_mapping]: publish_map: frame pts=2813, total=4396279
[INFO] [1783989334.816851406] [laser_mapping]: publish_map: frame pts=2813, total=4399092
[INFO] [1783989335.816728233] [laser_mapping]: publish_map: frame pts=2813, total=4401905
[INFO] [1783989336.816602909] [laser_mapping]: publish_map: frame pts=2813, total=4404718
[INFO] [1783989337.816609704] [laser_mapping]: publish_map: frame pts=2813, total=4407531
[INFO] [1783989338.816710250] [laser_mapping]: publish_map: frame pts=2813, total=4410344
[INFO] [1783989339.816607783] [laser_mapping]: publish_map: frame pts=2813, total=4413157
[INFO] [1783989340.816701759] [laser_mapping]: publish_map: frame pts=2813, total=4415970
[INFO] [1783989341.816745868] [laser_mapping]: publish_map: frame pts=2813, total=4418783
[INFO] [1783989342.816693207] [laser_mapping]: publish_map: frame pts=2813, total=4421596
[INFO] [1783989343.816586203] [laser_mapping]: publish_map: frame pts=2813, total=4424409
[INFO] [1783989344.816732086] [laser_mapping]: publish_map: frame pts=2813, total=4427222
[INFO] [1783989345.816586178] [laser_mapping]: publish_map: frame pts=2813, total=4430035
[INFO] [1783989346.816595683] [laser_mapping]: publish_map: frame pts=2813, total=4432848
[INFO] [1783989347.816746769] [laser_mapping]: publish_map: frame pts=2813, total=4435661
[INFO] [1783989348.816590788] [laser_mapping]: publish_map: frame pts=2813, total=4438474
[INFO] [1783989349.816737553] [laser_mapping]: publish_map: frame pts=2813, total=4441287
[INFO] [1783989350.816607960] [laser_mapping]: publish_map: frame pts=2813, total=4444100
[INFO] [1783989351.816789588] [laser_mapping]: publish_map: frame pts=2813, total=4446913
[INFO] [1783989352.816718331] [laser_mapping]: publish_map: frame pts=2813, total=4449726
[INFO] [1783989353.816698712] [laser_mapping]: publish_map: frame pts=2813, total=4452539
[INFO] [1783989354.816601639] [laser_mapping]: publish_map: frame pts=2813, total=4455352
[INFO] [1783989355.816727821] [laser_mapping]: publish_map: frame pts=2813, total=4458165
[INFO] [1783989356.816683530] [laser_mapping]: publish_map: frame pts=2813, total=4460978
[INFO] [1783989357.816601994] [laser_mapping]: publish_map: frame pts=2813, total=4463791
[INFO] [1783989358.816681115] [laser_mapping]: publish_map: frame pts=2813, total=4466604
[INFO] [1783989359.816710441] [laser_mapping]: publish_map: frame pts=2813, total=4469417
[INFO] [1783989360.816670340] [laser_mapping]: publish_map: frame pts=2813, total=4472230
[INFO] [1783989361.816582325] [laser_mapping]: publish_map: frame pts=2813, total=4475043
[INFO] [1783989362.816750241] [laser_mapping]: publish_map: frame pts=2813, total=4477856
[INFO] [1783989363.816750775] [laser_mapping]: publish_map: frame pts=2813, total=4480669
[INFO] [1783989364.816665326] [laser_mapping]: publish_map: frame pts=2813, total=4483482
[INFO] [1783989365.816711873] [laser_mapping]: publish_map: frame pts=2813, total=4486295
[INFO] [1783989366.816695251] [laser_mapping]: publish_map: frame pts=2813, total=4489108
[INFO] [1783989367.816714392] [laser_mapping]: publish_map: frame pts=2813, total=4491921
[INFO] [1783989368.816713710] [laser_mapping]: publish_map: frame pts=2813, total=4494734
[INFO] [1783989369.816751394] [laser_mapping]: publish_map: frame pts=2813, total=4497547
[INFO] [1783989370.816591966] [laser_mapping]: publish_map: frame pts=2813, total=4500360
[INFO] [1783989371.816720145] [laser_mapping]: publish_map: frame pts=2813, total=4503173
[INFO] [1783989372.816686196] [laser_mapping]: publish_map: frame pts=2813, total=4505986
[INFO] [1783989373.816583410] [laser_mapping]: publish_map: frame pts=2813, total=4508799
[INFO] [1783989374.816699724] [laser_mapping]: publish_map: frame pts=2813, total=4511612
[INFO] [1783989375.816732641] [laser_mapping]: publish_map: frame pts=2813, total=4514425
[INFO] [1783989376.816719017] [laser_mapping]: publish_map: frame pts=2813, total=4517238
[INFO] [1783989377.816729910] [laser_mapping]: publish_map: frame pts=2813, total=4520051
lidar loop back, clear buffer
[INFO] [1783989378.816677750] [laser_mapping]: publish_map: frame pts=2813, total=4522864
[INFO] [1783989379.816771805] [laser_mapping]: publish_map: frame pts=2813, total=4525677
[INFO] [1783989380.816710148] [laser_mapping]: publish_map: frame pts=2813, total=4528490
[INFO] [1783989381.816677782] [laser_mapping]: publish_map: frame pts=2813, total=4531303
[INFO] [1783989382.816587598] [laser_mapping]: publish_map: frame pts=2813, total=4534116
[INFO] [1783989383.816603775] [laser_mapping]: publish_map: frame pts=2813, total=4536929
[INFO] [1783989384.816591188] [laser_mapping]: publish_map: frame pts=2813, total=4539742
[INFO] [1783989385.816587558] [laser_mapping]: publish_map: frame pts=2813, total=4542555
[INFO] [1783989386.816585220] [laser_mapping]: publish_map: frame pts=2813, total=4545368
[INFO] [1783989387.816583866] [laser_mapping]: publish_map: frame pts=2813, total=4548181
[INFO] [1783989388.816589880] [laser_mapping]: publish_map: frame pts=2813, total=4550994
[INFO] [1783989389.816582078] [laser_mapping]: publish_map: frame pts=2813, total=4553807
[INFO] [1783989390.816613863] [laser_mapping]: publish_map: frame pts=2813, total=4556620
[INFO] [1783989391.816588643] [laser_mapping]: publish_map: frame pts=2813, total=4559433
[INFO] [1783989392.816585939] [laser_mapping]: publish_map: frame pts=2813, total=4562246
[INFO] [1783989393.816750756] [laser_mapping]: publish_map: frame pts=2813, total=4565059
[INFO] [1783989394.816588721] [laser_mapping]: publish_map: frame pts=2813, total=4567872
[INFO] [1783989395.816612838] [laser_mapping]: publish_map: frame pts=2813, total=4570685
[INFO] [1783989396.816589092] [laser_mapping]: publish_map: frame pts=2813, total=4573498
[INFO] [1783989397.816582934] [laser_mapping]: publish_map: frame pts=2813, total=4576311
[INFO] [1783989398.816585682] [laser_mapping]: publish_map: frame pts=2813, total=4579124
[INFO] [1783989399.816601961] [laser_mapping]: publish_map: frame pts=2813, total=4581937
lidar loop back, clear buffer
[INFO] [1783989400.816589116] [laser_mapping]: publish_map: frame pts=2813, total=4584750
[INFO] [1783989401.816586328] [laser_mapping]: publish_map: frame pts=2813, total=4587563
[INFO] [1783989402.816593311] [laser_mapping]: publish_map: frame pts=2813, total=4590376
[INFO] [1783989403.816708157] [laser_mapping]: publish_map: frame pts=2813, total=4593189
[INFO] [1783989404.816721070] [laser_mapping]: publish_map: frame pts=2813, total=4596002
[INFO] [1783989405.816590071] [laser_mapping]: publish_map: frame pts=2813, total=4598815
[INFO] [1783989406.816590306] [laser_mapping]: publish_map: frame pts=2813, total=4601628
[INFO] [1783989407.816601456] [laser_mapping]: publish_map: frame pts=2813, total=4604441
[INFO] [1783989408.816587692] [laser_mapping]: publish_map: frame pts=2813, total=4607254
[INFO] [1783989409.816590441] [laser_mapping]: publish_map: frame pts=2813, total=4610067
[INFO] [1783989410.816611453] [laser_mapping]: publish_map: frame pts=2813, total=4612880
[INFO] [1783989411.816590662] [laser_mapping]: publish_map: frame pts=2813, total=4615693
[INFO] [1783989412.816596785] [laser_mapping]: publish_map: frame pts=2813, total=4618506
[INFO] [1783989413.816584518] [laser_mapping]: publish_map: frame pts=2813, total=4621319
[INFO] [1783989414.816584534] [laser_mapping]: publish_map: frame pts=2813, total=4624132
[INFO] [1783989415.816593396] [laser_mapping]: publish_map: frame pts=2813, total=4626945
[INFO] [1783989416.816583129] [laser_mapping]: publish_map: frame pts=2813, total=4629758
[INFO] [1783989417.816568358] [laser_mapping]: publish_map: frame pts=2813, total=4632571
[INFO] [1783989418.816591299] [laser_mapping]: publish_map: frame pts=2813, total=4635384
[INFO] [1783989419.816583772] [laser_mapping]: publish_map: frame pts=2813, total=4638197
[INFO] [1783989420.816583355] [laser_mapping]: publish_map: frame pts=2813, total=4641010
[INFO] [1783989421.816595745] [laser_mapping]: publish_map: frame pts=2813, total=4643823
[INFO] [1783989422.816585104] [laser_mapping]: publish_map: frame pts=2813, total=4646636
[INFO] [1783989423.816694454] [laser_mapping]: publish_map: frame pts=2813, total=4649449
[INFO] [1783989424.249919061] [laser_mapping]: Saving map to /home/hyper/program/2026_Gsing-second_ROS/map/PCD25.pcd...
[INFO] [1783989459.453862736] [laser_mapping]: publish_map: frame pts=2813, total=4652262
[INFO] [1783989459.842780734] [laser_mapping]: publish_map: frame pts=2813, total=4655075
[INFO] [1783989460.816591549] [laser_mapping]: publish_map: frame pts=2813, total=4657888
[INFO] [1783989461.816819737] [laser_mapping]: publish_map: frame pts=2813, total=4660701
[INFO] [1783989462.816588381] [laser_mapping]: publish_map: frame pts=2813, total=4663514
[INFO] [1783989463.816595753] [laser_mapping]: publish_map: frame pts=2813, total=4666327
[INFO] [1783989464.816609587] [laser_mapping]: publish_map: frame pts=2813, total=4669140
[INFO] [1783989465.817111521] [laser_mapping]: publish_map: frame pts=2813, total=4671953
[INFO] [1783989466.816602975] [laser_mapping]: publish_map: frame pts=2813, total=4674766
[INFO] [1783989467.816592797] [laser_mapping]: publish_map: frame pts=2813, total=4677579
[INFO] [1783989468.816590423] [laser_mapping]: publish_map: frame pts=2813, total=4680392
[INFO] [1783989469.816605771] [laser_mapping]: publish_map: frame pts=2813, total=4683205
[INFO] [1783989470.816620965] [laser_mapping]: publish_map: frame pts=2813, total=4686018
[INFO] [1783989471.816616235] [laser_mapping]: publish_map: frame pts=2813, total=4688831
[INFO] [1783989472.816611648] [laser_mapping]: publish_map: frame pts=2813, total=4691644
[INFO] [1783989473.816607739] [laser_mapping]: publish_map: frame pts=2813, total=4694457
[INFO] [1783989474.816591322] [laser_mapping]: publish_map: frame pts=2813, total=4697270
[INFO] [1783989475.816613857] [laser_mapping]: publish_map: frame pts=2813, total=4700083
[INFO] [1783989476.817026056] [laser_mapping]: publish_map: frame pts=2813, total=4702896
[INFO] [1783989477.816627285] [laser_mapping]: publish_map: frame pts=2813, total=4705709
[INFO] [1783989478.816610014] [laser_mapping]: publish_map: frame pts=2813, total=4708522
[INFO] [1783989479.816611670] [laser_mapping]: publish_map: frame pts=2813, total=4711335
[INFO] [1783989480.817205372] [laser_mapping]: publish_map: frame pts=2813, total=4714148
[INFO] [1783989481.816590528] [laser_mapping]: publish_map: frame pts=2813, total=4716961
[INFO] [1783989482.816618564] [laser_mapping]: publish_map: frame pts=2813, total=4719774
[INFO] [1783989483.816620937] [laser_mapping]: publish_map: frame pts=2813, total=4722587
[INFO] [1783989484.816604163] [laser_mapping]: publish_map: frame pts=2813, total=4725400
[INFO] [1783989485.816762097] [laser_mapping]: publish_map: frame pts=2813, total=4728213
[INFO] [1783989486.816591220] [laser_mapping]: publish_map: frame pts=2813, total=4731026
[INFO] [1783989487.816591831] [laser_mapping]: publish_map: frame pts=2813, total=4733839
[INFO] [1783989488.816594469] [laser_mapping]: publish_map: frame pts=2813, total=4736652
[INFO] [1783989489.816603605] [laser_mapping]: publish_map: frame pts=2813, total=4739465
[INFO] [1783989490.816607020] [laser_mapping]: publish_map: frame pts=2813, total=4742278
[INFO] [1783989491.816755621] [laser_mapping]: publish_map: frame pts=2813, total=4745091
[INFO] [1783989492.816592005] [laser_mapping]: publish_map: frame pts=2813, total=4747904
[INFO] [1783989493.816601180] [laser_mapping]: publish_map: frame pts=2813, total=4750717
[INFO] [1783989494.816622308] [laser_mapping]: publish_map: frame pts=2813, total=4753530
[INFO] [1783989495.816593133] [laser_mapping]: publish_map: frame pts=2813, total=4756343
[INFO] [1783989496.816783971] [laser_mapping]: publish_map: frame pts=2813, total=4759156
[INFO] [1783989497.816604598] [laser_mapping]: publish_map: frame pts=2813, total=4761969
[INFO] [1783989498.816598454] [laser_mapping]: publish_map: frame pts=2813, total=4764782
[INFO] [1783989499.816603849] [laser_mapping]: publish_map: frame pts=2813, total=4767595
[INFO] [1783989500.816602717] [laser_mapping]: publish_map: frame pts=2813, total=4770408
[INFO] [1783989501.816596619] [laser_mapping]: publish_map: frame pts=2813, total=4773221
[INFO] [1783989502.816592888] [laser_mapping]: publish_map: frame pts=2813, total=4776034
[INFO] [1783989503.816822657] [laser_mapping]: publish_map: frame pts=2813, total=4778847
[INFO] [1783989504.816614505] [laser_mapping]: publish_map: frame pts=2813, total=4781660
[INFO] [1783989505.816607796] [laser_mapping]: publish_map: frame pts=2813, total=4784473
[INFO] [1783989506.816592299] [laser_mapping]: publish_map: frame pts=2813, total=4787286
[INFO] [1783989507.816586705] [laser_mapping]: publish_map: frame pts=2813, total=4790099
[INFO] [1783989508.816591314] [laser_mapping]: publish_map: frame pts=2813, total=4792912
[INFO] [1783989509.816718460] [laser_mapping]: publish_map: frame pts=2813, total=4795725
[INFO] [1783989510.816592384] [laser_mapping]: publish_map: frame pts=2813, total=4798538
[INFO] [1783989511.816617882] [laser_mapping]: publish_map: frame pts=2813, total=4801351
[INFO] [1783989512.816615793] [laser_mapping]: publish_map: frame pts=2813, total=4804164
[INFO] [1783989513.816594900] [laser_mapping]: publish_map: frame pts=2813, total=4806977
[INFO] [1783989514.816592165] [laser_mapping]: publish_map: frame pts=2813, total=4809790
[INFO] [1783989515.816590553] [laser_mapping]: publish_map: frame pts=2813, total=4812603
[INFO] [1783989516.816592063] [laser_mapping]: publish_map: frame pts=2813, total=4815416
[INFO] [1783989517.816602464] [laser_mapping]: publish_map: frame pts=2813, total=4818229
[INFO] [1783989518.816616347] [laser_mapping]: publish_map: frame pts=2813, total=4821042
[INFO] [1783989519.816742542] [laser_mapping]: publish_map: frame pts=2813, total=4823855
[INFO] [1783989520.816628380] [laser_mapping]: publish_map: frame pts=2813, total=4826668
[INFO] [1783989521.816718255] [laser_mapping]: publish_map: frame pts=2813, total=4829481
[INFO] [1783989522.816707369] [laser_mapping]: publish_map: frame pts=2813, total=4832294
[INFO] [1783989523.816596898] [laser_mapping]: publish_map: frame pts=2813, total=4835107
[INFO] [1783989524.816657708] [laser_mapping]: publish_map: frame pts=2813, total=4837920
[INFO] [1783989525.816610123] [laser_mapping]: publish_map: frame pts=2813, total=4840733
[INFO] [1783989526.816602193] [laser_mapping]: publish_map: frame pts=2813, total=4843546
[INFO] [1783989527.816591120] [laser_mapping]: publish_map: frame pts=2813, total=4846359
[INFO] [1783989528.816816360] [laser_mapping]: publish_map: frame pts=2813, total=4849172
[INFO] [1783989529.816616569] [laser_mapping]: publish_map: frame pts=2813, total=4851985
[INFO] [1783989530.816722227] [laser_mapping]: publish_map: frame pts=2813, total=4854798
[INFO] [1783989531.816716905] [laser_mapping]: publish_map: frame pts=2813, total=4857611
[INFO] [1783989532.816590463] [laser_mapping]: publish_map: frame pts=2813, total=4860424
[INFO] [1783989533.816616550] [laser_mapping]: publish_map: frame pts=2813, total=4863237
[INFO] [1783989534.816799464] [laser_mapping]: publish_map: frame pts=2813, total=4866050
[INFO] [1783989535.816991307] [laser_mapping]: publish_map: frame pts=2813, total=4868863
[INFO] [1783989536.816607645] [laser_mapping]: publish_map: frame pts=2813, total=4871676
[INFO] [1783989537.816603434] [laser_mapping]: publish_map: frame pts=2813, total=4874489
[INFO] [1783989538.816744846] [laser_mapping]: publish_map: frame pts=2813, total=4877302
[INFO] [1783989539.816603270] [laser_mapping]: publish_map: frame pts=2813, total=4880115
[INFO] [1783989540.816743467] [laser_mapping]: publish_map: frame pts=2813, total=4882928
[INFO] [1783989541.816751232] [laser_mapping]: publish_map: frame pts=2813, total=4885741
[INFO] [1783989542.816604321] [laser_mapping]: publish_map: frame pts=2813, total=4888554
[INFO] [1783989543.816610388] [laser_mapping]: publish_map: frame pts=2813, total=4891367
[INFO] [1783989544.816602867] [laser_mapping]: publish_map: frame pts=2813, total=4894180
[INFO] [1783989545.816660473] [laser_mapping]: publish_map: frame pts=2813, total=4896993
[INFO] [1783989546.816597978] [laser_mapping]: publish_map: frame pts=2813, total=4899806
[INFO] [1783989547.816599740] [laser_mapping]: publish_map: frame pts=2813, total=4902619
[INFO] [1783989548.816607174] [laser_mapping]: publish_map: frame pts=2813, total=4905432
[INFO] [1783989549.816604017] [laser_mapping]: publish_map: frame pts=2813, total=4908245
[INFO] [1783989550.816606027] [laser_mapping]: publish_map: frame pts=2813, total=4911058
[INFO] [1783989551.816598724] [laser_mapping]: publish_map: frame pts=2813, total=4913871
[INFO] [1783989552.816599468] [laser_mapping]: publish_map: frame pts=2813, total=4916684
[INFO] [1783989553.816594091] [laser_mapping]: publish_map: frame pts=2813, total=4919497
[INFO] [1783989554.816598399] [laser_mapping]: publish_map: frame pts=2813, total=4922310
[INFO] [1783989555.816698154] [laser_mapping]: publish_map: frame pts=2813, total=4925123
[INFO] [1783989556.816597992] [laser_mapping]: publish_map: frame pts=2813, total=4927936
[INFO] [1783989557.816740008] [laser_mapping]: publish_map: frame pts=2813, total=4930749
[INFO] [1783989558.816723608] [laser_mapping]: publish_map: frame pts=2813, total=4933562
[INFO] [1783989559.816639545] [laser_mapping]: publish_map: frame pts=2813, total=4936375
[INFO] [1783989560.816599538] [laser_mapping]: publish_map: frame pts=2813, total=4939188
[INFO] [1783989561.816587864] [laser_mapping]: publish_map: frame pts=2813, total=4942001
[INFO] [1783989562.816723972] [laser_mapping]: publish_map: frame pts=2813, total=4944814
[INFO] [1783989563.816596278] [laser_mapping]: publish_map: frame pts=2813, total=4947627
[INFO] [1783989564.816649356] [laser_mapping]: publish_map: frame pts=2813, total=4950440
[INFO] [1783989565.816598739] [laser_mapping]: publish_map: frame pts=2813, total=4953253
[INFO] [1783989566.816613334] [laser_mapping]: publish_map: frame pts=2813, total=4956066
[INFO] [1783989567.816609871] [laser_mapping]: publish_map: frame pts=2813, total=4958879
[INFO] [1783989568.816599393] [laser_mapping]: publish_map: frame pts=2813, total=4961692
[INFO] [1783989569.816600757] [laser_mapping]: publish_map: frame pts=2813, total=4964505
[INFO] [1783989570.816622935] [laser_mapping]: publish_map: frame pts=2813, total=4967318
[INFO] [1783989571.816606241] [laser_mapping]: publish_map: frame pts=2813, total=4970131
[INFO] [1783989572.816613147] [laser_mapping]: publish_map: frame pts=2813, total=4972944
[INFO] [1783989573.816608468] [laser_mapping]: publish_map: frame pts=2813, total=4975757
[INFO] [1783989574.816627887] [laser_mapping]: publish_map: frame pts=2813, total=4978570
[INFO] [1783989575.816765306] [laser_mapping]: publish_map: frame pts=2813, total=4981383
[INFO] [1783989576.816608082] [laser_mapping]: publish_map: frame pts=2813, total=4984196
[INFO] [1783989577.816599164] [laser_mapping]: publish_map: frame pts=2813, total=4987009
[INFO] [1783989578.816596613] [laser_mapping]: publish_map: frame pts=2813, total=4989822
[INFO] [1783989579.816597576] [laser_mapping]: publish_map: frame pts=2813, total=4992635
[INFO] [1783989580.816709001] [laser_mapping]: publish_map: frame pts=2813, total=4995448
[INFO] [1783989581.816606294] [laser_mapping]: publish_map: frame pts=2813, total=4998261
[INFO] [1783989582.816704485] [laser_mapping]: publish_map: frame pts=2813, total=5001074
[INFO] [1783989583.816602998] [laser_mapping]: publish_map: frame pts=2813, total=5003887
[INFO] [1783989584.816630767] [laser_mapping]: publish_map: frame pts=2813, total=5006700
[INFO] [1783989585.816625966] [laser_mapping]: publish_map: frame pts=2813, total=5009513
[INFO] [1783989586.816617074] [laser_mapping]: publish_map: frame pts=2813, total=5012326
[INFO] [1783989587.816594872] [laser_mapping]: publish_map: frame pts=2813, total=5015139
[INFO] [1783989588.816593389] [laser_mapping]: publish_map: frame pts=2813, total=5017952
[INFO] [1783989589.816637886] [laser_mapping]: publish_map: frame pts=2813, total=5020765
[INFO] [1783989590.816612842] [laser_mapping]: publish_map: frame pts=2813, total=5023578
[INFO] [1783989591.816605541] [laser_mapping]: publish_map: frame pts=2813, total=5026391
[INFO] [1783989592.816637541] [laser_mapping]: publish_map: frame pts=2813, total=5029204
[INFO] [1783989593.816597176] [laser_mapping]: publish_map: frame pts=2813, total=5032017
[INFO] [1783989594.816777820] [laser_mapping]: publish_map: frame pts=2813, total=5034830
[INFO] [1783989595.816725996] [laser_mapping]: publish_map: frame pts=2813, total=5037643
[INFO] [1783989596.816596632] [laser_mapping]: publish_map: frame pts=2813, total=5040456
[INFO] [1783989597.816735692] [laser_mapping]: publish_map: frame pts=2813, total=5043269
[INFO] [1783989598.816592674] [laser_mapping]: publish_map: frame pts=2813, total=5046082
[INFO] [1783989599.816606191] [laser_mapping]: publish_map: frame pts=2813, total=5048895
[INFO] [1783989600.816718169] [laser_mapping]: publish_map: frame pts=2813, total=5051708
[INFO] [1783989601.816589805] [laser_mapping]: publish_map: frame pts=2813, total=5054521
[INFO] [1783989602.816577600] [laser_mapping]: publish_map: frame pts=2813, total=5057334
[INFO] [1783989603.816739721] [laser_mapping]: publish_map: frame pts=2813, total=5060147
[INFO] [1783989604.816601885] [laser_mapping]: publish_map: frame pts=2813, total=5062960
[INFO] [1783989605.816607040] [laser_mapping]: publish_map: frame pts=2813, total=5065773
[INFO] [1783989606.816722012] [laser_mapping]: publish_map: frame pts=2813, total=5068586
[INFO] [1783989607.816611469] [laser_mapping]: publish_map: frame pts=2813, total=5071399
[INFO] [1783989608.816593239] [laser_mapping]: publish_map: frame pts=2813, total=5074212
[INFO] [1783989609.816638177] [laser_mapping]: publish_map: frame pts=2813, total=5077025
[INFO] [1783989610.816592616] [laser_mapping]: publish_map: frame pts=2813, total=5079838
[INFO] [1783989611.816594698] [laser_mapping]: publish_map: frame pts=2813, total=5082651
[INFO] [1783989612.816601689] [laser_mapping]: publish_map: frame pts=2813, total=5085464
[INFO] [1783989613.816607644] [laser_mapping]: publish_map: frame pts=2813, total=5088277
[INFO] [1783989614.816603327] [laser_mapping]: publish_map: frame pts=2813, total=5091090
[INFO] [1783989615.816694133] [laser_mapping]: publish_map: frame pts=2813, total=5093903
[INFO] [1783989616.816622907] [laser_mapping]: publish_map: frame pts=2813, total=5096716
[INFO] [1783989617.816600521] [laser_mapping]: publish_map: frame pts=2813, total=5099529
[INFO] [1783989618.816605138] [laser_mapping]: publish_map: frame pts=2813, total=5102342
[INFO] [1783989619.816712844] [laser_mapping]: publish_map: frame pts=2813, total=5105155
[INFO] [1783989620.816586343] [laser_mapping]: publish_map: frame pts=2813, total=5107968
[INFO] [1783989621.816825945] [laser_mapping]: publish_map: frame pts=2813, total=5110781
[INFO] [1783989622.816691135] [laser_mapping]: publish_map: frame pts=2813, total=5113594
[INFO] [1783989623.816682686] [laser_mapping]: publish_map: frame pts=2813, total=5116407
[INFO] [1783989624.816800098] [laser_mapping]: publish_map: frame pts=2813, total=5119220
[INFO] [1783989625.816598753] [laser_mapping]: publish_map: frame pts=2813, total=5122033
[INFO] [1783989626.816612926] [laser_mapping]: publish_map: frame pts=2813, total=5124846
[INFO] [1783989627.816786557] [laser_mapping]: publish_map: frame pts=2813, total=5127659
[INFO] [1783989628.816739807] [laser_mapping]: publish_map: frame pts=2813, total=5130472
[INFO] [1783989629.816590912] [laser_mapping]: publish_map: frame pts=2813, total=5133285
[INFO] [1783989630.816706321] [laser_mapping]: publish_map: frame pts=2813, total=5136098
[INFO] [1783989631.816617043] [laser_mapping]: publish_map: frame pts=2813, total=5138911
[INFO] [1783989632.816712033] [laser_mapping]: publish_map: frame pts=2813, total=5141724
[INFO] [1783989633.816733955] [laser_mapping]: publish_map: frame pts=2813, total=5144537
[INFO] [1783989634.816589374] [laser_mapping]: publish_map: frame pts=2813, total=5147350
[INFO] [1783989635.816683717] [laser_mapping]: publish_map: frame pts=2813, total=5150163
[INFO] [1783989636.816595017] [laser_mapping]: publish_map: frame pts=2813, total=5152976
[INFO] [1783989637.816597097] [laser_mapping]: publish_map: frame pts=2813, total=5155789
[INFO] [1783989638.816760636] [laser_mapping]: publish_map: frame pts=2813, total=5158602
[INFO] [1783989639.816620453] [laser_mapping]: publish_map: frame pts=2813, total=5161415
[INFO] [1783989640.816617971] [laser_mapping]: publish_map: frame pts=2813, total=5164228
[INFO] [1783989641.816594717] [laser_mapping]: publish_map: frame pts=2813, total=5167041
[INFO] [1783989642.816595422] [laser_mapping]: publish_map: frame pts=2813, total=5169854
[INFO] [1783989643.816596987] [laser_mapping]: publish_map: frame pts=2813, total=5172667
[INFO] [1783989644.816643568] [laser_mapping]: publish_map: frame pts=2813, total=5175480
[INFO] [1783989645.816586357] [laser_mapping]: publish_map: frame pts=2813, total=5178293
[INFO] [1783989646.816593499] [laser_mapping]: publish_map: frame pts=2813, total=5181106
[INFO] [1783989647.816622753] [laser_mapping]: publish_map: frame pts=2813, total=5183919
[INFO] [1783989648.816592886] [laser_mapping]: publish_map: frame pts=2813, total=5186732
[INFO] [1783989649.816576748] [laser_mapping]: publish_map: frame pts=2813, total=5189545
[INFO] [1783989650.816588811] [laser_mapping]: publish_map: frame pts=2813, total=5192358
[INFO] [1783989651.816595482] [laser_mapping]: publish_map: frame pts=2813, total=5195171
[INFO] [1783989652.816733802] [laser_mapping]: publish_map: frame pts=2813, total=5197984
[INFO] [1783989653.816594520] [laser_mapping]: publish_map: frame pts=2813, total=5200797
[INFO] [1783989654.816743183] [laser_mapping]: publish_map: frame pts=2813, total=5203610
[INFO] [1783989655.816716479] [laser_mapping]: publish_map: frame pts=2813, total=5206423
[INFO] [1783989656.816739504] [laser_mapping]: publish_map: frame pts=2813, total=5209236
[INFO] [1783989657.816598721] [laser_mapping]: publish_map: frame pts=2813, total=5212049
[INFO] [1783989658.816600840] [laser_mapping]: publish_map: frame pts=2813, total=5214862
[INFO] [1783989659.816589984] [laser_mapping]: publish_map: frame pts=2813, total=5217675
[INFO] [1783989660.816600248] [laser_mapping]: publish_map: frame pts=2813, total=5220488
[INFO] [1783989661.816596551] [laser_mapping]: publish_map: frame pts=2813, total=5223301
[INFO] [1783989662.816602536] [laser_mapping]: publish_map: frame pts=2813, total=5226114
[INFO] [1783989663.816603327] [laser_mapping]: publish_map: frame pts=2813, total=5228927
[INFO] [1783989664.816602995] [laser_mapping]: publish_map: frame pts=2813, total=5231740
[INFO] [1783989665.816604631] [laser_mapping]: publish_map: frame pts=2813, total=5234553
[INFO] [1783989666.816593144] [laser_mapping]: publish_map: frame pts=2813, total=5237366
[INFO] [1783989667.816638414] [laser_mapping]: publish_map: frame pts=2813, total=5240179
[INFO] [1783989668.816770255] [laser_mapping]: publish_map: frame pts=2813, total=5242992
[INFO] [1783989669.816598444] [laser_mapping]: publish_map: frame pts=2813, total=5245805
[INFO] [1783989670.816592030] [laser_mapping]: publish_map: frame pts=2813, total=5248618
[INFO] [1783989671.816676464] [laser_mapping]: publish_map: frame pts=2813, total=5251431
[INFO] [1783989672.816604422] [laser_mapping]: publish_map: frame pts=2813, total=5254244
[INFO] [1783989673.816594208] [laser_mapping]: publish_map: frame pts=2813, total=5257057
[INFO] [1783989674.816599882] [laser_mapping]: publish_map: frame pts=2813, total=5259870
[INFO] [1783989675.816744352] [laser_mapping]: publish_map: frame pts=2813, total=5262683
[INFO] [1783989676.816611793] [laser_mapping]: publish_map: frame pts=2813, total=5265496
[INFO] [1783989677.816625781] [laser_mapping]: publish_map: frame pts=2813, total=5268309
[INFO] [1783989678.816615733] [laser_mapping]: publish_map: frame pts=2813, total=5271122
[INFO] [1783989679.816737097] [laser_mapping]: publish_map: frame pts=2813, total=5273935
[INFO] [1783989680.816603204] [laser_mapping]: publish_map: frame pts=2813, total=5276748
[INFO] [1783989681.816605490] [laser_mapping]: publish_map: frame pts=2813, total=5279561
[INFO] [1783989682.816614450] [laser_mapping]: publish_map: frame pts=2813, total=5282374
[INFO] [1783989683.816707027] [laser_mapping]: publish_map: frame pts=2813, total=5285187
[INFO] [1783989684.816621419] [laser_mapping]: publish_map: frame pts=2813, total=5288000
[INFO] [1783989685.816680871] [laser_mapping]: publish_map: frame pts=2813, total=5290813
[INFO] [1783989686.816766153] [laser_mapping]: publish_map: frame pts=2813, total=5293626
[INFO] [1783989687.816587116] [laser_mapping]: publish_map: frame pts=2813, total=5296439
[INFO] [1783989688.816789128] [laser_mapping]: publish_map: frame pts=2813, total=5299252
[INFO] [1783989689.816584656] [laser_mapping]: publish_map: frame pts=2813, total=5302065
[INFO] [1783989690.816726920] [laser_mapping]: publish_map: frame pts=2813, total=5304878
[INFO] [1783989691.816596422] [laser_mapping]: publish_map: frame pts=2813, total=5307691
[INFO] [1783989692.816781421] [laser_mapping]: publish_map: frame pts=2813, total=5310504
[INFO] [1783989693.816753009] [laser_mapping]: publish_map: frame pts=2813, total=5313317
[INFO] [1783989694.816604894] [laser_mapping]: publish_map: frame pts=2813, total=5316130
[INFO] [1783989695.816730041] [laser_mapping]: publish_map: frame pts=2813, total=5318943
[INFO] [1783989696.816601919] [laser_mapping]: publish_map: frame pts=2813, total=5321756
[INFO] [1783989697.816682791] [laser_mapping]: publish_map: frame pts=2813, total=5324569
[INFO] [1783989698.816770043] [laser_mapping]: publish_map: frame pts=2813, total=5327382
[INFO] [1783989699.816618187] [laser_mapping]: publish_map: frame pts=2813, total=5330195
[INFO] [1783989700.816587291] [laser_mapping]: publish_map: frame pts=2813, total=5333008
[INFO] [1783989701.816641871] [laser_mapping]: publish_map: frame pts=2813, total=5335821
[INFO] [1783989702.816725978] [laser_mapping]: publish_map: frame pts=2813, total=5338634
[INFO] [1783989703.816595503] [laser_mapping]: publish_map: frame pts=2813, total=5341447
[INFO] [1783989704.816591331] [laser_mapping]: publish_map: frame pts=2813, total=5344260
[INFO] [1783989705.816727071] [laser_mapping]: publish_map: frame pts=2813, total=5347073
[INFO] [1783989706.816596795] [laser_mapping]: publish_map: frame pts=2813, total=5349886
[INFO] [1783989707.816746384] [laser_mapping]: publish_map: frame pts=2813, total=5352699
[INFO] [1783989708.816605306] [laser_mapping]: publish_map: frame pts=2813, total=5355512
[INFO] [1783989709.816800208] [laser_mapping]: publish_map: frame pts=2813, total=5358325
[INFO] [1783989710.816589809] [laser_mapping]: publish_map: frame pts=2813, total=5361138
[INFO] [1783989711.816600934] [laser_mapping]: publish_map: frame pts=2813, total=5363951
[INFO] [1783989712.816708139] [laser_mapping]: publish_map: frame pts=2813, total=5366764
[INFO] [1783989713.816698042] [laser_mapping]: publish_map: frame pts=2813, total=5369577
[INFO] [1783989714.816598167] [laser_mapping]: publish_map: frame pts=2813, total=5372390
[INFO] [1783989715.816829131] [laser_mapping]: publish_map: frame pts=2813, total=5375203
[INFO] [1783989716.816764955] [laser_mapping]: publish_map: frame pts=2813, total=5378016
[INFO] [1783989717.817003843] [laser_mapping]: publish_map: frame pts=2813, total=5380829
[INFO] [1783989718.816697487] [laser_mapping]: publish_map: frame pts=2813, total=5383642
[INFO] [1783989719.816594199] [laser_mapping]: publish_map: frame pts=2813, total=5386455
[INFO] [1783989720.816729740] [laser_mapping]: publish_map: frame pts=2813, total=5389268
[INFO] [1783989721.816608430] [laser_mapping]: publish_map: frame pts=2813, total=5392081
[INFO] [1783989722.816718240] [laser_mapping]: publish_map: frame pts=2813, total=5394894
[INFO] [1783989723.816603639] [laser_mapping]: publish_map: frame pts=2813, total=5397707
[INFO] [1783989724.816714925] [laser_mapping]: publish_map: frame pts=2813, total=5400520
[INFO] [1783989725.816687179] [laser_mapping]: publish_map: frame pts=2813, total=5403333
[INFO] [1783989726.816738005] [laser_mapping]: publish_map: frame pts=2813, total=5406146
[INFO] [1783989727.816691964] [laser_mapping]: publish_map: frame pts=2813, total=5408959
[INFO] [1783989728.816746457] [laser_mapping]: publish_map: frame pts=2813, total=5411772
[INFO] [1783989729.816678516] [laser_mapping]: publish_map: frame pts=2813, total=5414585
[INFO] [1783989730.816720708] [laser_mapping]: publish_map: frame pts=2813, total=5417398
[INFO] [1783989731.816748435] [laser_mapping]: publish_map: frame pts=2813, total=5420211
[INFO] [1783989732.816723000] [laser_mapping]: publish_map: frame pts=2813, total=5423024
[INFO] [1783989733.816610446] [laser_mapping]: publish_map: frame pts=2813, total=5425837
[INFO] [1783989734.816607055] [laser_mapping]: publish_map: frame pts=2813, total=5428650
[INFO] [1783989735.816585643] [laser_mapping]: publish_map: frame pts=2813, total=5431463
[INFO] [1783989736.816602026] [laser_mapping]: publish_map: frame pts=2813, total=5434276
[INFO] [1783989737.816766200] [laser_mapping]: publish_map: frame pts=2813, total=5437089
[INFO] [1783989738.816606676] [laser_mapping]: publish_map: frame pts=2813, total=5439902
[INFO] [1783989739.816604929] [laser_mapping]: publish_map: frame pts=2813, total=5442715
[INFO] [1783989740.816706823] [laser_mapping]: publish_map: frame pts=2813, total=5445528
[INFO] [1783989741.816736267] [laser_mapping]: publish_map: frame pts=2813, total=5448341
[INFO] [1783989742.816715294] [laser_mapping]: publish_map: frame pts=2813, total=5451154
[INFO] [1783989743.816898816] [laser_mapping]: publish_map: frame pts=2813, total=5453967
[INFO] [1783989744.816683453] [laser_mapping]: publish_map: frame pts=2813, total=5456780
[INFO] [1783989745.816685128] [laser_mapping]: publish_map: frame pts=2813, total=5459593
[INFO] [1783989746.816674382] [laser_mapping]: publish_map: frame pts=2813, total=5462406
[INFO] [1783989747.816770001] [laser_mapping]: publish_map: frame pts=2813, total=5465219
[INFO] [1783989748.816753583] [laser_mapping]: publish_map: frame pts=2813, total=5468032
[INFO] [1783989749.816589645] [laser_mapping]: publish_map: frame pts=2813, total=5470845
[INFO] [1783989750.816766575] [laser_mapping]: publish_map: frame pts=2813, total=5473658
[INFO] [1783989751.816694096] [laser_mapping]: publish_map: frame pts=2813, total=5476471
[INFO] [1783989752.816791460] [laser_mapping]: publish_map: frame pts=2813, total=5479284
[INFO] [1783989753.816723758] [laser_mapping]: publish_map: frame pts=2813, total=5482097
[INFO] [1783989754.816726450] [laser_mapping]: publish_map: frame pts=2813, total=5484910
[INFO] [1783989755.816678158] [laser_mapping]: publish_map: frame pts=2813, total=5487723
[INFO] [1783989756.816732943] [laser_mapping]: publish_map: frame pts=2813, total=5490536
[INFO] [1783989757.816587413] [laser_mapping]: publish_map: frame pts=2813, total=5493349
[INFO] [1783989758.816764427] [laser_mapping]: publish_map: frame pts=2813, total=5496162
[INFO] [1783989759.816750164] [laser_mapping]: publish_map: frame pts=2813, total=5498975
[INFO] [1783989760.816607533] [laser_mapping]: publish_map: frame pts=2813, total=5501788
[INFO] [1783989761.816782557] [laser_mapping]: publish_map: frame pts=2813, total=5504601
[INFO] [1783989762.816672035] [laser_mapping]: publish_map: frame pts=2813, total=5507414
[INFO] [1783989763.816780162] [laser_mapping]: publish_map: frame pts=2813, total=5510227
[INFO] [1783989764.816620112] [laser_mapping]: publish_map: frame pts=2813, total=5513040
[INFO] [1783989765.816594230] [laser_mapping]: publish_map: frame pts=2813, total=5515853
[INFO] [1783989766.816614402] [laser_mapping]: publish_map: frame pts=2813, total=5518666
[INFO] [1783989767.816583141] [laser_mapping]: publish_map: frame pts=2813, total=5521479
[INFO] [1783989768.816607657] [laser_mapping]: publish_map: frame pts=2813, total=5524292
[INFO] [1783989769.816625921] [laser_mapping]: publish_map: frame pts=2813, total=5527105
[INFO] [1783989770.816719756] [laser_mapping]: publish_map: frame pts=2813, total=5529918
[INFO] [1783989771.816588450] [laser_mapping]: publish_map: frame pts=2813, total=5532731
[INFO] [1783989772.816776794] [laser_mapping]: publish_map: frame pts=2813, total=5535544
[INFO] [1783989773.816773738] [laser_mapping]: publish_map: frame pts=2813, total=5538357
[INFO] [1783989774.816593869] [laser_mapping]: publish_map: frame pts=2813, total=5541170
[INFO] [1783989775.816623668] [laser_mapping]: publish_map: frame pts=2813, total=5543983
[INFO] [1783989776.816730724] [laser_mapping]: publish_map: frame pts=2813, total=5546796
[INFO] [1783989777.816592587] [laser_mapping]: publish_map: frame pts=2813, total=5549609
[INFO] [1783989778.816705592] [laser_mapping]: publish_map: frame pts=2813, total=5552422
[INFO] [1783989779.816728048] [laser_mapping]: publish_map: frame pts=2813, total=5555235
[INFO] [1783989780.816787361] [laser_mapping]: publish_map: frame pts=2813, total=5558048
[INFO] [1783989781.816745289] [laser_mapping]: publish_map: frame pts=2813, total=5560861
[INFO] [1783989782.816736233] [laser_mapping]: publish_map: frame pts=2813, total=5563674
[INFO] [1783989783.816753258] [laser_mapping]: publish_map: frame pts=2813, total=5566487
[INFO] [1783989784.816688484] [laser_mapping]: publish_map: frame pts=2813, total=5569300
[INFO] [1783989785.816773895] [laser_mapping]: publish_map: frame pts=2813, total=5572113
[INFO] [1783989786.816590680] [laser_mapping]: publish_map: frame pts=2813, total=5574926
[INFO] [1783989787.816738633] [laser_mapping]: publish_map: frame pts=2813, total=5577739
[INFO] [1783989788.816618966] [laser_mapping]: publish_map: frame pts=2813, total=5580552
[INFO] [1783989789.816747514] [laser_mapping]: publish_map: frame pts=2813, total=5583365
[INFO] [1783989790.816735912] [laser_mapping]: publish_map: frame pts=2813, total=5586178
[INFO] [1783989791.816679481] [laser_mapping]: publish_map: frame pts=2813, total=5588991
[INFO] [1783989792.816628822] [laser_mapping]: publish_map: frame pts=2813, total=5591804
[INFO] [1783989793.816604495] [laser_mapping]: publish_map: frame pts=2813, total=5594617
[INFO] [1783989794.816776926] [laser_mapping]: publish_map: frame pts=2813, total=5597430
[INFO] [1783989795.816598535] [laser_mapping]: publish_map: frame pts=2813, total=5600243
[INFO] [1783989796.816730465] [laser_mapping]: publish_map: frame pts=2813, total=5603056
[INFO] [1783989797.816797978] [laser_mapping]: publish_map: frame pts=2813, total=5605869
[INFO] [1783989798.816737606] [laser_mapping]: publish_map: frame pts=2813, total=5608682
[INFO] [1783989799.816591644] [laser_mapping]: publish_map: frame pts=2813, total=5611495
[INFO] [1783989800.816698363] [laser_mapping]: publish_map: frame pts=2813, total=5614308
[INFO] [1783989801.816756503] [laser_mapping]: publish_map: frame pts=2813, total=5617121
[INFO] [1783989802.816588061] [laser_mapping]: publish_map: frame pts=2813, total=5619934
[INFO] [1783989803.816732446] [laser_mapping]: publish_map: frame pts=2813, total=5622747
[INFO] [1783989804.816706514] [laser_mapping]: publish_map: frame pts=2813, total=5625560
[INFO] [1783989805.816757434] [laser_mapping]: publish_map: frame pts=2813, total=5628373
[INFO] [1783989806.816651483] [laser_mapping]: publish_map: frame pts=2813, total=5631186
[INFO] [1783989807.816764036] [laser_mapping]: publish_map: frame pts=2813, total=5633999
[INFO] [1783989808.816692258] [laser_mapping]: publish_map: frame pts=2813, total=5636812
[INFO] [1783989809.816723961] [laser_mapping]: publish_map: frame pts=2813, total=5639625
[INFO] [1783989810.816585755] [laser_mapping]: publish_map: frame pts=2813, total=5642438
[INFO] [1783989811.816601936] [laser_mapping]: publish_map: frame pts=2813, total=5645251
[INFO] [1783989812.816721266] [laser_mapping]: publish_map: frame pts=2813, total=5648064
[INFO] [1783989813.816769144] [laser_mapping]: publish_map: frame pts=2813, total=5650877
[INFO] [1783989814.816589138] [laser_mapping]: publish_map: frame pts=2813, total=5653690
[INFO] [1783989815.816739921] [laser_mapping]: publish_map: frame pts=2813, total=5656503
[INFO] [1783989816.816685705] [laser_mapping]: publish_map: frame pts=2813, total=5659316
[INFO] [1783989817.816770418] [laser_mapping]: publish_map: frame pts=2813, total=5662129
[INFO] [1783989818.816596702] [laser_mapping]: publish_map: frame pts=2813, total=5664942
[INFO] [1783989819.816702977] [laser_mapping]: publish_map: frame pts=2813, total=5667755
[INFO] [1783989820.816601887] [laser_mapping]: publish_map: frame pts=2813, total=5670568
[INFO] [1783989821.816709207] [laser_mapping]: publish_map: frame pts=2813, total=5673381
[INFO] [1783989822.816596387] [laser_mapping]: publish_map: frame pts=2813, total=5676194
[INFO] [1783989823.816728593] [laser_mapping]: publish_map: frame pts=2813, total=5679007
[INFO] [1783989824.816747093] [laser_mapping]: publish_map: frame pts=2813, total=5681820
[INFO] [1783989825.816602254] [laser_mapping]: publish_map: frame pts=2813, total=5684633
[INFO] [1783989826.816599898] [laser_mapping]: publish_map: frame pts=2813, total=5687446
[INFO] [1783989827.816676209] [laser_mapping]: publish_map: frame pts=2813, total=5690259
[INFO] [1783989828.816760830] [laser_mapping]: publish_map: frame pts=2813, total=5693072
[INFO] [1783989829.816600450] [laser_mapping]: publish_map: frame pts=2813, total=5695885
[INFO] [1783989830.816759562] [laser_mapping]: publish_map: frame pts=2813, total=5698698
[INFO] [1783989831.816676815] [laser_mapping]: publish_map: frame pts=2813, total=5701511
[INFO] [1783989832.816747764] [laser_mapping]: publish_map: frame pts=2813, total=5704324
[INFO] [1783989833.816685485] [laser_mapping]: publish_map: frame pts=2813, total=5707137
[INFO] [1783989834.816736276] [laser_mapping]: publish_map: frame pts=2813, total=5709950
[INFO] [1783989835.816608318] [laser_mapping]: publish_map: frame pts=2813, total=5712763
[INFO] [1783989836.816601559] [laser_mapping]: publish_map: frame pts=2813, total=5715576
[INFO] [1783989837.816755466] [laser_mapping]: publish_map: frame pts=2813, total=5718389
[INFO] [1783989838.816684022] [laser_mapping]: publish_map: frame pts=2813, total=5721202
[INFO] [1783989839.816732275] [laser_mapping]: publish_map: frame pts=2813, total=5724015
[INFO] [1783989840.816706025] [laser_mapping]: publish_map: frame pts=2813, total=5726828
[INFO] [1783989841.816592059] [laser_mapping]: publish_map: frame pts=2813, total=5729641
[INFO] [1783989842.816714830] [laser_mapping]: publish_map: frame pts=2813, total=5732454
[INFO] [1783989843.816754658] [laser_mapping]: publish_map: frame pts=2813, total=5735267
[INFO] [1783989844.816801349] [laser_mapping]: publish_map: frame pts=2813, total=5738080
[INFO] [1783989845.816600767] [laser_mapping]: publish_map: frame pts=2813, total=5740893
[INFO] [1783989846.816686941] [laser_mapping]: publish_map: frame pts=2813, total=5743706
[INFO] [1783989847.816715797] [laser_mapping]: publish_map: frame pts=2813, total=5746519
[INFO] [1783989848.816599668] [laser_mapping]: publish_map: frame pts=2813, total=5749332
[INFO] [1783989849.816680452] [laser_mapping]: publish_map: frame pts=2813, total=5752145
[INFO] [1783989850.816600871] [laser_mapping]: publish_map: frame pts=2813, total=5754958
[INFO] [1783989851.816611868] [laser_mapping]: publish_map: frame pts=2813, total=5757771
[INFO] [1783989852.816613653] [laser_mapping]: publish_map: frame pts=2813, total=5760584
[INFO] [1783989853.816704784] [laser_mapping]: publish_map: frame pts=2813, total=5763397
[INFO] [1783989854.816599692] [laser_mapping]: publish_map: frame pts=2813, total=5766210
[INFO] [1783989855.816717843] [laser_mapping]: publish_map: frame pts=2813, total=5769023
[INFO] [1783989856.816774239] [laser_mapping]: publish_map: frame pts=2813, total=5771836
[INFO] [1783989857.816791868] [laser_mapping]: publish_map: frame pts=2813, total=5774649
[INFO] [1783989858.816695339] [laser_mapping]: publish_map: frame pts=2813, total=5777462
[INFO] [1783989859.816778712] [laser_mapping]: publish_map: frame pts=2813, total=5780275
[INFO] [1783989860.816601161] [laser_mapping]: publish_map: frame pts=2813, total=5783088
[INFO] [1783989861.816730441] [laser_mapping]: publish_map: frame pts=2813, total=5785901
[INFO] [1783989862.816612364] [laser_mapping]: publish_map: frame pts=2813, total=5788714
[INFO] [1783989863.816748665] [laser_mapping]: publish_map: frame pts=2813, total=5791527
[INFO] [1783989864.816612899] [laser_mapping]: publish_map: frame pts=2813, total=5794340
[INFO] [1783989865.816865220] [laser_mapping]: publish_map: frame pts=2813, total=5797153
[INFO] [1783989866.816607441] [laser_mapping]: publish_map: frame pts=2813, total=5799966
[INFO] [1783989867.816775963] [laser_mapping]: publish_map: frame pts=2813, total=5802779
[INFO] [1783989868.578057837] [rclcpp]: signal_handler(SIGINT/SIGTERM)
current scan saved to /PCD/map.pcd
terminate called after throwing an instance of 'pcl::IOException'
  what():  : [pcl::PCDWriter::writeBinary] Error during open!
