[INFO] [1783986964.774119642] [laser_mapping]: p_pre->lidar_type 5
Multi thread started 
~~~~/home/hyper/program/2026_Gsing-second_ROS/fastlio2_v2/src/unilidar_fastlio_ros2-ros2/ file opened
[INFO] [1783986964.778301657] [laser_mapping]: Node init finished.
[INFO] [1783986964.898202563] [pointcloud_x_filter]: 点云过滤器已启动，仅保留 x > 0.0, 半径 > 0.0 的点
[INFO] [1783986965.777952410] [laser_mapping]: publish_map: frame pts=0, total=0
[INFO] [1783986966.777968261] [laser_mapping]: publish_map: frame pts=0, total=0
[INFO] [1783986967.778106721] [laser_mapping]: publish_map: frame pts=0, total=0
[INFO] [1783986968.777969641] [laser_mapping]: publish_map: frame pts=0, total=0
[INFO] [1783986969.778149526] [laser_mapping]: publish_map: frame pts=0, total=0
[INFO] [1783986970.778071767] [laser_mapping]: publish_map: frame pts=0, total=0
[INFO] [1783986971.777972121] [laser_mapping]: publish_map: frame pts=0, total=0
[INFO] [1783986972.777989683] [laser_mapping]: publish_map: frame pts=0, total=0
[INFO] [1783986973.778057169] [laser_mapping]: publish_map: frame pts=0, total=0
[INFO] [1783986974.777969054] [laser_mapping]: publish_map: frame pts=0, total=0
[INFO] [1783986975.777958048] [laser_mapping]: publish_map: frame pts=0, total=0
[INFO] [1783986976.777974754] [laser_mapping]: publish_map: frame pts=0, total=0
[INFO] [1783986977.778086591] [laser_mapping]: publish_map: frame pts=0, total=0
[INFO] [1783986978.778034053] [laser_mapping]: publish_map: frame pts=0, total=0
[INFO] [1783986979.777959698] [laser_mapping]: publish_map: frame pts=0, total=0
[INFO] [1783986980.777977392] [laser_mapping]: publish_map: frame pts=0, total=0
[INFO] [1783986981.777963099] [laser_mapping]: publish_map: frame pts=0, total=0
[INFO] [1783986982.777964657] [laser_mapping]: publish_map: frame pts=0, total=0
[INFO] [1783986983.777987771] [laser_mapping]: publish_map: frame pts=0, total=0
[INFO] [1783986984.777971472] [laser_mapping]: publish_map: frame pts=0, total=0
[INFO] [1783986985.777966584] [laser_mapping]: publish_map: frame pts=0, total=0
[INFO] [1783986986.777965764] [laser_mapping]: publish_map: frame pts=0, total=0
[INFO] [1783986987.777969506] [laser_mapping]: publish_map: frame pts=0, total=0
[INFO] [1783986988.777961921] [laser_mapping]: publish_map: frame pts=0, total=0
[INFO] [1783986989.778124388] [laser_mapping]: publish_map: frame pts=0, total=0
[INFO] [1783986990.778114448] [laser_mapping]: publish_map: frame pts=0, total=0
[INFO] [1783986991.777968616] [laser_mapping]: publish_map: frame pts=0, total=0
[INFO] [1783986992.778107302] [laser_mapping]: publish_map: frame pts=0, total=0
[INFO] [1783986993.778093859] [laser_mapping]: publish_map: frame pts=0, total=0
[INFO] [1783986994.777973463] [laser_mapping]: publish_map: frame pts=0, total=0
[INFO] [1783986995.777973588] [laser_mapping]: publish_map: frame pts=0, total=0
[INFO] [1783986996.777961459] [laser_mapping]: publish_map: frame pts=0, total=0
[INFO] [1783986997.777977071] [laser_mapping]: publish_map: frame pts=0, total=0
[INFO] [1783986998.777952789] [laser_mapping]: publish_map: frame pts=0, total=0
[INFO] [1783986999.777957547] [laser_mapping]: publish_map: frame pts=0, total=0
[INFO] [1783987000.777965686] [laser_mapping]: publish_map: frame pts=0, total=0
[INFO] [1783987001.778072815] [laser_mapping]: publish_map: frame pts=0, total=0
[INFO] [1783987002.777964564] [laser_mapping]: publish_map: frame pts=0, total=0
[INFO] [1783987003.777955705] [laser_mapping]: publish_map: frame pts=0, total=0
[INFO] [1783987004.777957582] [laser_mapping]: publish_map: frame pts=0, total=0
[INFO] [1783987005.778111572] [laser_mapping]: publish_map: frame pts=0, total=0
[INFO] [1783987006.777959821] [laser_mapping]: publish_map: frame pts=0, total=0
[INFO] [1783987007.777961889] [laser_mapping]: publish_map: frame pts=0, total=0
[INFO] [1783987008.777962593] [laser_mapping]: publish_map: frame pts=0, total=0
[INFO] [1783987009.777979736] [laser_mapping]: publish_map: frame pts=0, total=0
[INFO] [1783987010.778073506] [laser_mapping]: publish_map: frame pts=0, total=0
[INFO] [1783987011.777966590] [laser_mapping]: publish_map: frame pts=0, total=0
[INFO] [1783987012.777971993] [laser_mapping]: publish_map: frame pts=0, total=0
[INFO] [1783987013.777965520] [laser_mapping]: publish_map: frame pts=0, total=0
[INFO] [1783987014.778055332] [laser_mapping]: publish_map: frame pts=0, total=0
[INFO] [1783987015.778135423] [laser_mapping]: publish_map: frame pts=0, total=0
[INFO] [1783987016.777972880] [laser_mapping]: publish_map: frame pts=0, total=0
[INFO] [1783987017.778079344] [laser_mapping]: publish_map: frame pts=0, total=0
[INFO] [1783987018.778055968] [laser_mapping]: publish_map: frame pts=0, total=0
[INFO] [1783987019.777970053] [laser_mapping]: publish_map: frame pts=0, total=0
[INFO] [1783987020.777984934] [laser_mapping]: publish_map: frame pts=0, total=0
[INFO] [1783987021.777963054] [laser_mapping]: publish_map: frame pts=0, total=0
[INFO] [1783987022.777953261] [laser_mapping]: publish_map: frame pts=0, total=0
[INFO] [1783987023.777969813] [laser_mapping]: publish_map: frame pts=0, total=0
[INFO] [1783987024.777949503] [laser_mapping]: publish_map: frame pts=0, total=0
[INFO] [1783987025.778072695] [laser_mapping]: publish_map: frame pts=0, total=0
[INFO] [1783987026.777955793] [laser_mapping]: publish_map: frame pts=0, total=0
[INFO] [1783987027.777975404] [laser_mapping]: publish_map: frame pts=0, total=0
[INFO] [1783987028.777974862] [laser_mapping]: publish_map: frame pts=0, total=0
[INFO] [1783987029.777951564] [laser_mapping]: publish_map: frame pts=0, total=0
[INFO] [1783987030.777957890] [laser_mapping]: publish_map: frame pts=0, total=0
[INFO] [1783987031.777971354] [laser_mapping]: publish_map: frame pts=0, total=0
[INFO] [1783987032.777965361] [laser_mapping]: publish_map: frame pts=0, total=0
[INFO] [1783987033.777951895] [laser_mapping]: publish_map: frame pts=0, total=0
[INFO] [1783987034.777955300] [laser_mapping]: publish_map: frame pts=0, total=0
[INFO] [1783987035.777963904] [laser_mapping]: publish_map: frame pts=0, total=0
[INFO] [1783987036.777972332] [laser_mapping]: publish_map: frame pts=0, total=0
[INFO] [1783987037.777952250] [laser_mapping]: publish_map: frame pts=0, total=0
[INFO] [1783987038.777967740] [laser_mapping]: publish_map: frame pts=0, total=0
[INFO] [1783987039.777962391] [laser_mapping]: publish_map: frame pts=0, total=0
[INFO] [1783987040.777967410] [laser_mapping]: publish_map: frame pts=0, total=0
[INFO] [1783987041.777967938] [laser_mapping]: publish_map: frame pts=0, total=0
[INFO] [1783987042.777968872] [laser_mapping]: publish_map: frame pts=0, total=0
[INFO] [1783987043.778113163] [laser_mapping]: publish_map: frame pts=0, total=0
[INFO] [1783987044.778062048] [laser_mapping]: publish_map: frame pts=0, total=0
[INFO] [1783987045.777967775] [laser_mapping]: publish_map: frame pts=0, total=0
[INFO] [1783987046.777967369] [laser_mapping]: publish_map: frame pts=0, total=0
[INFO] [1783987047.777963939] [laser_mapping]: publish_map: frame pts=0, total=0
[INFO] [1783987048.777965238] [laser_mapping]: publish_map: frame pts=0, total=0
[INFO] [1783987049.777968803] [laser_mapping]: publish_map: frame pts=0, total=0
[INFO] [1783987050.777946231] [laser_mapping]: publish_map: frame pts=0, total=0
[INFO] [1783987051.777959904] [laser_mapping]: publish_map: frame pts=0, total=0
[INFO] [1783987052.777969448] [laser_mapping]: publish_map: frame pts=0, total=0
[INFO] [1783987053.777962171] [laser_mapping]: publish_map: frame pts=0, total=0
[INFO] [1783987054.777961192] [laser_mapping]: publish_map: frame pts=0, total=0
[INFO] [1783987055.777972676] [laser_mapping]: publish_map: frame pts=0, total=0
[INFO] [1783987056.778027286] [laser_mapping]: publish_map: frame pts=0, total=0
[INFO] [1783987057.777968381] [laser_mapping]: publish_map: frame pts=0, total=0
[INFO] [1783987058.778102385] [laser_mapping]: publish_map: frame pts=0, total=0
[INFO] [1783987059.777962309] [laser_mapping]: publish_map: frame pts=0, total=0
[INFO] [1783987060.778031807] [laser_mapping]: publish_map: frame pts=0, total=0
[INFO] [1783987061.777946573] [laser_mapping]: publish_map: frame pts=0, total=0
[INFO] [1783987062.778069140] [laser_mapping]: publish_map: frame pts=0, total=0
[INFO] [1783987063.777968795] [laser_mapping]: publish_map: frame pts=0, total=0
[INFO] [1783987064.777962627] [laser_mapping]: publish_map: frame pts=0, total=0
[INFO] [1783987065.778032093] [laser_mapping]: publish_map: frame pts=0, total=0
[INFO] [1783987066.777968977] [laser_mapping]: publish_map: frame pts=0, total=0
[INFO] [1783987067.777970454] [laser_mapping]: publish_map: frame pts=0, total=0
[INFO] [1783987068.777961448] [laser_mapping]: publish_map: frame pts=0, total=0
[INFO] [1783987069.777967175] [laser_mapping]: publish_map: frame pts=0, total=0
[INFO] [1783987070.778044211] [laser_mapping]: publish_map: frame pts=0, total=0
[INFO] [1783987071.778055578] [laser_mapping]: publish_map: frame pts=0, total=0
[INFO] [1783987072.777964181] [laser_mapping]: publish_map: frame pts=0, total=0
[INFO] [1783987073.777962810] [laser_mapping]: publish_map: frame pts=0, total=0
[INFO] [1783987074.778058925] [laser_mapping]: publish_map: frame pts=0, total=0
[INFO] [1783987075.778077613] [laser_mapping]: publish_map: frame pts=0, total=0
[INFO] [1783987076.777969347] [laser_mapping]: publish_map: frame pts=0, total=0
[INFO] [1783987077.777976164] [laser_mapping]: publish_map: frame pts=0, total=0
[INFO] [1783987078.777960060] [laser_mapping]: publish_map: frame pts=0, total=0
[INFO] [1783987079.778029356] [laser_mapping]: publish_map: frame pts=0, total=0
[INFO] [1783987080.777963593] [laser_mapping]: publish_map: frame pts=0, total=0
[INFO] [1783987081.778080485] [laser_mapping]: publish_map: frame pts=0, total=0
[INFO] [1783987082.778062939] [laser_mapping]: publish_map: frame pts=0, total=0
[INFO] [1783987083.778058443] [laser_mapping]: publish_map: frame pts=0, total=0
[INFO] [1783987084.778071659] [laser_mapping]: publish_map: frame pts=0, total=0
[INFO] [1783987085.778087260] [laser_mapping]: publish_map: frame pts=0, total=0
[INFO] [1783987086.778061323] [laser_mapping]: publish_map: frame pts=0, total=0
[INFO] [1783987087.778038164] [laser_mapping]: publish_map: frame pts=0, total=0
[INFO] [1783987088.778034071] [laser_mapping]: publish_map: frame pts=0, total=0
[INFO] [1783987089.778080076] [laser_mapping]: publish_map: frame pts=0, total=0
[INFO] [1783987090.777978108] [laser_mapping]: publish_map: frame pts=0, total=0
[INFO] [1783987091.777952580] [laser_mapping]: publish_map: frame pts=0, total=0
[INFO] [1783987092.777946393] [laser_mapping]: publish_map: frame pts=0, total=0
[INFO] [1783987093.778059513] [laser_mapping]: publish_map: frame pts=0, total=0
[INFO] [1783987094.777956369] [laser_mapping]: publish_map: frame pts=0, total=0
[INFO] [1783987095.778081078] [laser_mapping]: publish_map: frame pts=0, total=0
[INFO] [1783987096.777967245] [laser_mapping]: publish_map: frame pts=0, total=0
[INFO] [1783987097.777968002] [laser_mapping]: publish_map: frame pts=0, total=0
[INFO] [1783987098.777961678] [laser_mapping]: publish_map: frame pts=0, total=0
[INFO] [1783987099.777959073] [laser_mapping]: publish_map: frame pts=0, total=0
[INFO] [1783987100.777976536] [laser_mapping]: publish_map: frame pts=0, total=0
[INFO] [1783987101.778067240] [laser_mapping]: publish_map: frame pts=0, total=0
[INFO] [1783987102.778043217] [laser_mapping]: publish_map: frame pts=0, total=0
[INFO] [1783987103.777968277] [laser_mapping]: publish_map: frame pts=0, total=0
[INFO] [1783987104.777972493] [laser_mapping]: publish_map: frame pts=0, total=0
[INFO] [1783987105.778115354] [laser_mapping]: publish_map: frame pts=0, total=0
[INFO] [1783987106.778041530] [laser_mapping]: publish_map: frame pts=0, total=0
[INFO] [1783987107.777976698] [laser_mapping]: publish_map: frame pts=0, total=0
[INFO] [1783987108.777965884] [laser_mapping]: publish_map: frame pts=0, total=0
[INFO] [1783987109.777984867] [laser_mapping]: publish_map: frame pts=0, total=0
[INFO] [1783987110.777970944] [laser_mapping]: publish_map: frame pts=0, total=0
[INFO] [1783987111.777990532] [laser_mapping]: publish_map: frame pts=0, total=0
[INFO] [1783987112.777960750] [laser_mapping]: publish_map: frame pts=0, total=0
[INFO] [1783987113.777958046] [laser_mapping]: publish_map: frame pts=0, total=0
[INFO] [1783987114.777949585] [laser_mapping]: publish_map: frame pts=0, total=0
[INFO] [1783987115.777958850] [laser_mapping]: publish_map: frame pts=0, total=0
[INFO] [1783987116.777970014] [laser_mapping]: publish_map: frame pts=0, total=0
[INFO] [1783987117.777957725] [laser_mapping]: publish_map: frame pts=0, total=0
[INFO] [1783987118.777959534] [laser_mapping]: publish_map: frame pts=0, total=0
[INFO] [1783987119.777977674] [laser_mapping]: publish_map: frame pts=0, total=0
[INFO] [1783987120.778097929] [laser_mapping]: publish_map: frame pts=0, total=0
[INFO] [1783987121.777956589] [laser_mapping]: publish_map: frame pts=0, total=0
[INFO] [1783987122.777967021] [laser_mapping]: publish_map: frame pts=0, total=0
[INFO] [1783987123.777961565] [laser_mapping]: publish_map: frame pts=0, total=0
[INFO] [1783987124.777956189] [laser_mapping]: publish_map: frame pts=0, total=0
[INFO] [1783987125.777954994] [laser_mapping]: publish_map: frame pts=0, total=0
[INFO] [1783987126.777966930] [laser_mapping]: publish_map: frame pts=0, total=0
[INFO] [1783987127.777953955] [laser_mapping]: publish_map: frame pts=0, total=0
[INFO] [1783987128.777977283] [laser_mapping]: publish_map: frame pts=0, total=0
[INFO] [1783987129.778094211] [laser_mapping]: publish_map: frame pts=0, total=0
[INFO] [1783987130.777983245] [laser_mapping]: publish_map: frame pts=0, total=0
[INFO] [1783987131.778146803] [laser_mapping]: publish_map: frame pts=0, total=0
[INFO] [1783987132.777960846] [laser_mapping]: publish_map: frame pts=0, total=0
[INFO] [1783987133.777974378] [laser_mapping]: publish_map: frame pts=0, total=0
[INFO] [1783987134.777977817] [laser_mapping]: publish_map: frame pts=0, total=0
[INFO] [1783987135.777954012] [laser_mapping]: publish_map: frame pts=0, total=0
[INFO] [1783987136.777969119] [laser_mapping]: publish_map: frame pts=0, total=0
[INFO] [1783987137.777948977] [laser_mapping]: publish_map: frame pts=0, total=0
[INFO] [1783987138.778098551] [laser_mapping]: publish_map: frame pts=0, total=0
[INFO] [1783987139.777953856] [laser_mapping]: publish_map: frame pts=0, total=0
[INFO] [1783987140.777981165] [laser_mapping]: publish_map: frame pts=0, total=0
[INFO] [1783987141.778040326] [laser_mapping]: publish_map: frame pts=0, total=0
[INFO] [1783987142.778169768] [laser_mapping]: publish_map: frame pts=0, total=0
[INFO] [1783987143.777969142] [laser_mapping]: publish_map: frame pts=0, total=0
[INFO] [1783987144.778085988] [laser_mapping]: publish_map: frame pts=0, total=0
[INFO] [1783987145.777978838] [laser_mapping]: publish_map: frame pts=0, total=0
[INFO] [1783987146.777948440] [laser_mapping]: publish_map: frame pts=0, total=0
[INFO] [1783987147.778095435] [laser_mapping]: publish_map: frame pts=0, total=0
[INFO] [1783987148.777966138] [laser_mapping]: publish_map: frame pts=0, total=0
[INFO] [1783987149.778051323] [laser_mapping]: publish_map: frame pts=0, total=0
[INFO] [1783987150.777966181] [laser_mapping]: publish_map: frame pts=0, total=0
[INFO] [1783987151.777967149] [laser_mapping]: publish_map: frame pts=0, total=0
[INFO] [1783987152.777958491] [laser_mapping]: publish_map: frame pts=0, total=0
[INFO] [1783987153.777961671] [laser_mapping]: publish_map: frame pts=0, total=0
[INFO] [1783987154.777950847] [laser_mapping]: publish_map: frame pts=0, total=0
[INFO] [1783987155.778074492] [laser_mapping]: publish_map: frame pts=0, total=0
[INFO] [1783987156.777972376] [laser_mapping]: publish_map: frame pts=0, total=0
[INFO] [1783987157.778049628] [laser_mapping]: publish_map: frame pts=0, total=0
[INFO] [1783987158.778066374] [laser_mapping]: publish_map: frame pts=0, total=0
[INFO] [1783987159.777967812] [laser_mapping]: publish_map: frame pts=0, total=0
[INFO] [1783987160.777954058] [laser_mapping]: publish_map: frame pts=0, total=0
[INFO] [1783987161.778139166] [laser_mapping]: publish_map: frame pts=0, total=0
[INFO] [1783987162.777966156] [laser_mapping]: publish_map: frame pts=0, total=0
[INFO] [1783987163.777965574] [laser_mapping]: publish_map: frame pts=0, total=0
[INFO] [1783987164.777955091] [laser_mapping]: publish_map: frame pts=0, total=0
[INFO] [1783987165.777959972] [laser_mapping]: publish_map: frame pts=0, total=0
[INFO] [1783987166.777959075] [laser_mapping]: publish_map: frame pts=0, total=0
[INFO] [1783987167.778070813] [laser_mapping]: publish_map: frame pts=0, total=0
[INFO] [1783987168.777985256] [laser_mapping]: publish_map: frame pts=0, total=0
[INFO] [1783987169.777960825] [laser_mapping]: publish_map: frame pts=0, total=0
[INFO] [1783987170.777961565] [laser_mapping]: publish_map: frame pts=0, total=0
[INFO] [1783987171.777962774] [laser_mapping]: publish_map: frame pts=0, total=0
[INFO] [1783987172.777955985] [laser_mapping]: publish_map: frame pts=0, total=0
[INFO] [1783987173.777955496] [laser_mapping]: publish_map: frame pts=0, total=0
[INFO] [1783987174.777977903] [laser_mapping]: publish_map: frame pts=0, total=0
[INFO] [1783987175.777976702] [laser_mapping]: publish_map: frame pts=0, total=0
[INFO] [1783987176.777956237] [laser_mapping]: publish_map: frame pts=0, total=0
[INFO] [1783987177.778135711] [laser_mapping]: publish_map: frame pts=0, total=0
[INFO] [1783987178.777976993] [laser_mapping]: publish_map: frame pts=0, total=0
[INFO] [1783987179.778094892] [laser_mapping]: publish_map: frame pts=0, total=0
[INFO] [1783987180.777979271] [laser_mapping]: publish_map: frame pts=0, total=0
[INFO] [1783987181.777982601] [laser_mapping]: publish_map: frame pts=0, total=0
[INFO] [1783987182.777974984] [laser_mapping]: publish_map: frame pts=0, total=0
[INFO] [1783987183.777975718] [laser_mapping]: publish_map: frame pts=0, total=0
[INFO] [1783987184.778041527] [laser_mapping]: publish_map: frame pts=0, total=0
[INFO] [1783987185.777971070] [laser_mapping]: publish_map: frame pts=0, total=0
[INFO] [1783987186.778082051] [laser_mapping]: publish_map: frame pts=0, total=0
[INFO] [1783987187.778158790] [laser_mapping]: publish_map: frame pts=0, total=0
[INFO] [1783987188.777972604] [laser_mapping]: publish_map: frame pts=0, total=0
[INFO] [1783987189.777948088] [laser_mapping]: publish_map: frame pts=0, total=0
[INFO] [1783987190.777952690] [laser_mapping]: publish_map: frame pts=0, total=0
[INFO] [1783987191.778071948] [laser_mapping]: publish_map: frame pts=0, total=0
[INFO] [1783987192.777972125] [laser_mapping]: publish_map: frame pts=0, total=0
[INFO] [1783987193.777972221] [laser_mapping]: publish_map: frame pts=0, total=0
[INFO] [1783987194.777970294] [laser_mapping]: publish_map: frame pts=0, total=0
[INFO] [1783987195.777996026] [laser_mapping]: publish_map: frame pts=0, total=0
[INFO] [1783987196.777959865] [laser_mapping]: publish_map: frame pts=0, total=0
[INFO] [1783987197.777977413] [laser_mapping]: publish_map: frame pts=0, total=0
[INFO] [1783987198.777970062] [laser_mapping]: publish_map: frame pts=0, total=0
[INFO] [1783987199.777971743] [laser_mapping]: publish_map: frame pts=0, total=0
[INFO] [1783987200.777951939] [laser_mapping]: publish_map: frame pts=0, total=0
[INFO] [1783987201.777979989] [laser_mapping]: publish_map: frame pts=0, total=0
[INFO] [1783987202.777962545] [laser_mapping]: publish_map: frame pts=0, total=0
[INFO] [1783987203.777960085] [laser_mapping]: publish_map: frame pts=0, total=0
[INFO] [1783987204.778045124] [laser_mapping]: publish_map: frame pts=0, total=0
[INFO] [1783987205.778120155] [laser_mapping]: publish_map: frame pts=0, total=0
[INFO] [1783987206.777957237] [laser_mapping]: publish_map: frame pts=0, total=0
[INFO] [1783987207.777955567] [laser_mapping]: publish_map: frame pts=0, total=0
[INFO] [1783987208.777974024] [laser_mapping]: publish_map: frame pts=0, total=0
[INFO] [1783987209.777965879] [laser_mapping]: publish_map: frame pts=0, total=0
[INFO] [1783987210.777969032] [laser_mapping]: publish_map: frame pts=0, total=0
[INFO] [1783987211.777967126] [laser_mapping]: publish_map: frame pts=0, total=0
[INFO] [1783987212.777964583] [laser_mapping]: publish_map: frame pts=0, total=0
[INFO] [1783987213.777963871] [laser_mapping]: publish_map: frame pts=0, total=0
[INFO] [1783987214.777964816] [laser_mapping]: publish_map: frame pts=0, total=0
[INFO] [1783987215.777951144] [laser_mapping]: publish_map: frame pts=0, total=0
[INFO] [1783987216.777951764] [laser_mapping]: publish_map: frame pts=0, total=0
[INFO] [1783987217.777973923] [laser_mapping]: publish_map: frame pts=0, total=0
[INFO] [1783987218.777950952] [laser_mapping]: publish_map: frame pts=0, total=0
[INFO] [1783987219.777971100] [laser_mapping]: publish_map: frame pts=0, total=0
[INFO] [1783987220.777966190] [laser_mapping]: publish_map: frame pts=0, total=0
[INFO] [1783987221.777969883] [laser_mapping]: publish_map: frame pts=0, total=0
[INFO] [1783987222.778035249] [laser_mapping]: publish_map: frame pts=0, total=0
[INFO] [1783987223.777969328] [laser_mapping]: publish_map: frame pts=0, total=0
[INFO] [1783987224.777949867] [laser_mapping]: publish_map: frame pts=0, total=0
[INFO] [1783987225.777952426] [laser_mapping]: publish_map: frame pts=0, total=0
[INFO] [1783987226.777954474] [laser_mapping]: publish_map: frame pts=0, total=0
[INFO] [1783987227.777956121] [laser_mapping]: publish_map: frame pts=0, total=0
[INFO] [1783987228.777965742] [laser_mapping]: publish_map: frame pts=0, total=0
[INFO] [1783987229.777957628] [laser_mapping]: publish_map: frame pts=0, total=0
[INFO] [1783987230.778047710] [laser_mapping]: publish_map: frame pts=0, total=0
[INFO] [1783987231.777977986] [laser_mapping]: publish_map: frame pts=0, total=0
[INFO] [1783987232.777976955] [laser_mapping]: publish_map: frame pts=0, total=0
[INFO] [1783987233.777951353] [laser_mapping]: publish_map: frame pts=0, total=0
[INFO] [1783987234.777965185] [laser_mapping]: publish_map: frame pts=0, total=0
[INFO] [1783987235.778051520] [laser_mapping]: publish_map: frame pts=0, total=0
[INFO] [1783987236.777954472] [laser_mapping]: publish_map: frame pts=0, total=0
[INFO] [1783987237.777984645] [laser_mapping]: publish_map: frame pts=0, total=0
[INFO] [1783987238.777981723] [laser_mapping]: publish_map: frame pts=0, total=0
[INFO] [1783987239.777947984] [laser_mapping]: publish_map: frame pts=0, total=0
[INFO] [1783987240.777975702] [laser_mapping]: publish_map: frame pts=0, total=0
[INFO] [1783987241.777954276] [laser_mapping]: publish_map: frame pts=0, total=0
[INFO] [1783987242.777955579] [laser_mapping]: publish_map: frame pts=0, total=0
[INFO] [1783987243.777966274] [laser_mapping]: publish_map: frame pts=0, total=0
[INFO] [1783987244.777952420] [laser_mapping]: publish_map: frame pts=0, total=0
[INFO] [1783987245.777957469] [laser_mapping]: publish_map: frame pts=0, total=0
[INFO] [1783987246.777978394] [laser_mapping]: publish_map: frame pts=0, total=0
[INFO] [1783987247.777954026] [laser_mapping]: publish_map: frame pts=0, total=0
[INFO] [1783987248.777959758] [laser_mapping]: publish_map: frame pts=0, total=0
[INFO] [1783987249.777953318] [laser_mapping]: publish_map: frame pts=0, total=0
[INFO] [1783987250.777950332] [laser_mapping]: publish_map: frame pts=0, total=0
[INFO] [1783987251.777956319] [laser_mapping]: publish_map: frame pts=0, total=0
[INFO] [1783987252.778073586] [laser_mapping]: publish_map: frame pts=0, total=0
[INFO] [1783987253.777973987] [laser_mapping]: publish_map: frame pts=0, total=0
[INFO] [1783987254.777952684] [laser_mapping]: publish_map: frame pts=0, total=0
[INFO] [1783987255.777973406] [laser_mapping]: publish_map: frame pts=0, total=0
[INFO] [1783987256.777985735] [laser_mapping]: publish_map: frame pts=0, total=0
[INFO] [1783987257.777954790] [laser_mapping]: publish_map: frame pts=0, total=0
[INFO] [1783987258.777967940] [laser_mapping]: publish_map: frame pts=0, total=0
[INFO] [1783987259.777949992] [laser_mapping]: publish_map: frame pts=0, total=0
[INFO] [1783987260.777956110] [laser_mapping]: publish_map: frame pts=0, total=0
[INFO] [1783987261.777966768] [laser_mapping]: publish_map: frame pts=0, total=0
[INFO] [1783987262.777985089] [laser_mapping]: publish_map: frame pts=0, total=0
[INFO] [1783987263.777951446] [laser_mapping]: publish_map: frame pts=0, total=0
[INFO] [1783987264.777944422] [laser_mapping]: publish_map: frame pts=0, total=0
[INFO] [1783987265.777955856] [laser_mapping]: publish_map: frame pts=0, total=0
[INFO] [1783987266.777954608] [laser_mapping]: publish_map: frame pts=0, total=0
[INFO] [1783987267.777960789] [laser_mapping]: publish_map: frame pts=0, total=0
[INFO] [1783987268.777952095] [laser_mapping]: publish_map: frame pts=0, total=0
[INFO] [1783987269.777968379] [laser_mapping]: publish_map: frame pts=0, total=0
[INFO] [1783987270.778088144] [laser_mapping]: publish_map: frame pts=0, total=0
[INFO] [1783987271.777969903] [laser_mapping]: publish_map: frame pts=0, total=0
[INFO] [1783987272.777979578] [laser_mapping]: publish_map: frame pts=0, total=0
[INFO] [1783987273.777976963] [laser_mapping]: publish_map: frame pts=0, total=0
[INFO] [1783987274.777970755] [laser_mapping]: publish_map: frame pts=0, total=0
[INFO] [1783987275.777970648] [laser_mapping]: publish_map: frame pts=0, total=0
[INFO] [1783987276.777961739] [laser_mapping]: publish_map: frame pts=0, total=0
[INFO] [1783987277.778067503] [laser_mapping]: publish_map: frame pts=0, total=0
[INFO] [1783987278.777959131] [laser_mapping]: publish_map: frame pts=0, total=0
[INFO] [1783987279.777957154] [laser_mapping]: publish_map: frame pts=0, total=0
[INFO] [1783987280.777982476] [laser_mapping]: publish_map: frame pts=0, total=0
[INFO] [1783987281.777962047] [laser_mapping]: publish_map: frame pts=0, total=0
[INFO] [1783987282.777959201] [laser_mapping]: publish_map: frame pts=0, total=0
[INFO] [1783987283.777959088] [laser_mapping]: publish_map: frame pts=0, total=0
[INFO] [1783987284.777965104] [laser_mapping]: publish_map: frame pts=0, total=0
[INFO] [1783987285.777969656] [laser_mapping]: publish_map: frame pts=0, total=0
[INFO] [1783987286.777957897] [laser_mapping]: publish_map: frame pts=0, total=0
[INFO] [1783987287.777958529] [laser_mapping]: publish_map: frame pts=0, total=0
[INFO] [1783987288.777978132] [laser_mapping]: publish_map: frame pts=0, total=0
[INFO] [1783987289.777989558] [laser_mapping]: publish_map: frame pts=0, total=0
[INFO] [1783987290.777948269] [laser_mapping]: publish_map: frame pts=0, total=0
[INFO] [1783987291.777962115] [laser_mapping]: publish_map: frame pts=0, total=0
[INFO] [1783987292.777970490] [laser_mapping]: publish_map: frame pts=0, total=0
[INFO] [1783987293.777953075] [laser_mapping]: publish_map: frame pts=0, total=0
[INFO] [1783987294.777979102] [laser_mapping]: publish_map: frame pts=0, total=0
[INFO] [1783987295.777966860] [laser_mapping]: publish_map: frame pts=0, total=0
[INFO] [1783987296.777962446] [laser_mapping]: publish_map: frame pts=0, total=0
[INFO] [1783987297.778227934] [laser_mapping]: publish_map: frame pts=0, total=0
[INFO] [1783987298.777951259] [laser_mapping]: publish_map: frame pts=0, total=0
[INFO] [1783987299.777974391] [laser_mapping]: publish_map: frame pts=0, total=0
[INFO] [1783987300.777970643] [laser_mapping]: publish_map: frame pts=0, total=0
[INFO] [1783987301.778122059] [laser_mapping]: publish_map: frame pts=0, total=0
[INFO] [1783987302.778110326] [laser_mapping]: publish_map: frame pts=0, total=0
[INFO] [1783987303.777960042] [laser_mapping]: publish_map: frame pts=0, total=0
[INFO] [1783987304.777960369] [laser_mapping]: publish_map: frame pts=0, total=0
[INFO] [1783987305.777950379] [laser_mapping]: publish_map: frame pts=0, total=0
[INFO] [1783987306.777965553] [laser_mapping]: publish_map: frame pts=0, total=0
[INFO] [1783987307.778022684] [laser_mapping]: publish_map: frame pts=0, total=0
[INFO] [1783987308.777958471] [laser_mapping]: publish_map: frame pts=0, total=0
[INFO] [1783987309.777958286] [laser_mapping]: publish_map: frame pts=0, total=0
[INFO] [1783987310.777953183] [laser_mapping]: publish_map: frame pts=0, total=0
[INFO] [1783987311.777964194] [laser_mapping]: publish_map: frame pts=0, total=0
[INFO] [1783987312.777996215] [laser_mapping]: publish_map: frame pts=0, total=0
[INFO] [1783987313.777954171] [laser_mapping]: publish_map: frame pts=0, total=0
[INFO] [1783987314.777959644] [laser_mapping]: publish_map: frame pts=0, total=0
[INFO] [1783987315.777955033] [laser_mapping]: publish_map: frame pts=0, total=0
[INFO] [1783987316.777970458] [laser_mapping]: publish_map: frame pts=0, total=0
[INFO] [1783987317.777958843] [laser_mapping]: publish_map: frame pts=0, total=0
[INFO] [1783987318.777964936] [laser_mapping]: publish_map: frame pts=0, total=0
[INFO] [1783987319.777973656] [laser_mapping]: publish_map: frame pts=0, total=0
[INFO] [1783987320.777954184] [laser_mapping]: publish_map: frame pts=0, total=0
[INFO] [1783987321.777955447] [laser_mapping]: publish_map: frame pts=0, total=0
[INFO] [1783987322.777975425] [laser_mapping]: publish_map: frame pts=0, total=0
[INFO] [1783987323.777971854] [laser_mapping]: publish_map: frame pts=0, total=0
[INFO] [1783987324.777963323] [laser_mapping]: publish_map: frame pts=0, total=0
[INFO] [1783987325.778064742] [laser_mapping]: publish_map: frame pts=0, total=0
[INFO] [1783987326.777980174] [laser_mapping]: publish_map: frame pts=0, total=0
[INFO] [1783987327.777949795] [laser_mapping]: publish_map: frame pts=0, total=0
[INFO] [1783987328.778066926] [laser_mapping]: publish_map: frame pts=0, total=0
[INFO] [1783987329.777944215] [laser_mapping]: publish_map: frame pts=0, total=0
[INFO] [1783987330.777945078] [laser_mapping]: publish_map: frame pts=0, total=0
[INFO] [1783987331.777961271] [laser_mapping]: publish_map: frame pts=0, total=0
[INFO] [1783987332.777962733] [laser_mapping]: publish_map: frame pts=0, total=0
[INFO] [1783987333.777980795] [laser_mapping]: publish_map: frame pts=0, total=0
[INFO] [1783987334.777964293] [laser_mapping]: publish_map: frame pts=0, total=0
[INFO] [1783987335.777978859] [laser_mapping]: publish_map: frame pts=0, total=0
[INFO] [1783987336.777981729] [laser_mapping]: publish_map: frame pts=0, total=0
[INFO] [1783987337.777959616] [laser_mapping]: publish_map: frame pts=0, total=0
[INFO] [1783987338.777965715] [laser_mapping]: publish_map: frame pts=0, total=0
[INFO] [1783987339.777984349] [laser_mapping]: publish_map: frame pts=0, total=0
[INFO] [1783987340.777966185] [laser_mapping]: publish_map: frame pts=0, total=0
[INFO] [1783987341.777954837] [laser_mapping]: publish_map: frame pts=0, total=0
[INFO] [1783987342.777958406] [laser_mapping]: publish_map: frame pts=0, total=0
[INFO] [1783987343.777980672] [laser_mapping]: publish_map: frame pts=0, total=0
[INFO] [1783987344.777949992] [laser_mapping]: publish_map: frame pts=0, total=0
[INFO] [1783987345.777966079] [laser_mapping]: publish_map: frame pts=0, total=0
[INFO] [1783987346.777953516] [laser_mapping]: publish_map: frame pts=0, total=0
[INFO] [1783987347.777965610] [laser_mapping]: publish_map: frame pts=0, total=0
[INFO] [1783987348.777967993] [laser_mapping]: publish_map: frame pts=0, total=0
[INFO] [1783987349.777963150] [laser_mapping]: publish_map: frame pts=0, total=0
[INFO] [1783987350.777959204] [laser_mapping]: publish_map: frame pts=0, total=0
[INFO] [1783987351.777954273] [laser_mapping]: publish_map: frame pts=0, total=0
[INFO] [1783987352.777961315] [laser_mapping]: publish_map: frame pts=0, total=0
[INFO] [1783987353.777964786] [laser_mapping]: publish_map: frame pts=0, total=0
[INFO] [1783987354.777967399] [laser_mapping]: publish_map: frame pts=0, total=0
[INFO] [1783987355.777977415] [laser_mapping]: publish_map: frame pts=0, total=0
[INFO] [1783987356.777968206] [laser_mapping]: publish_map: frame pts=0, total=0
[INFO] [1783987357.777976751] [laser_mapping]: publish_map: frame pts=0, total=0
[INFO] [1783987358.777978073] [laser_mapping]: publish_map: frame pts=0, total=0
[INFO] [1783987359.777974084] [laser_mapping]: publish_map: frame pts=0, total=0
[INFO] [1783987360.777975580] [laser_mapping]: publish_map: frame pts=0, total=0
[INFO] [1783987361.777970356] [laser_mapping]: publish_map: frame pts=0, total=0
[INFO] [1783987362.777964286] [laser_mapping]: publish_map: frame pts=0, total=0
[INFO] [1783987363.777964180] [laser_mapping]: publish_map: frame pts=0, total=0
[INFO] [1783987364.777952774] [laser_mapping]: publish_map: frame pts=0, total=0
[INFO] [1783987365.777966908] [laser_mapping]: publish_map: frame pts=0, total=0
[INFO] [1783987366.778160330] [laser_mapping]: publish_map: frame pts=0, total=0
[INFO] [1783987367.777966596] [laser_mapping]: publish_map: frame pts=0, total=0
[INFO] [1783987368.777953920] [laser_mapping]: publish_map: frame pts=0, total=0
[INFO] [1783987369.777957336] [laser_mapping]: publish_map: frame pts=0, total=0
[INFO] [1783987370.777964762] [laser_mapping]: publish_map: frame pts=0, total=0
[INFO] [1783987371.777951531] [laser_mapping]: publish_map: frame pts=0, total=0
[INFO] [1783987372.777945297] [laser_mapping]: publish_map: frame pts=0, total=0
[INFO] [1783987373.777956500] [laser_mapping]: publish_map: frame pts=0, total=0
[INFO] [1783987374.778098572] [laser_mapping]: publish_map: frame pts=0, total=0
[INFO] [1783987375.778104872] [laser_mapping]: publish_map: frame pts=0, total=0
[INFO] [1783987376.777969054] [laser_mapping]: publish_map: frame pts=0, total=0
[INFO] [1783987377.777967980] [laser_mapping]: publish_map: frame pts=0, total=0
[INFO] [1783987378.777951694] [laser_mapping]: publish_map: frame pts=0, total=0
[INFO] [1783987379.777965961] [laser_mapping]: publish_map: frame pts=0, total=0
[INFO] [1783987380.777981203] [laser_mapping]: publish_map: frame pts=0, total=0
[INFO] [1783987381.777983298] [laser_mapping]: publish_map: frame pts=0, total=0
[INFO] [1783987382.778126596] [laser_mapping]: publish_map: frame pts=0, total=0
[INFO] [1783987383.777954535] [laser_mapping]: publish_map: frame pts=0, total=0
[INFO] [1783987384.777968561] [laser_mapping]: publish_map: frame pts=0, total=0
[INFO] [1783987385.777958078] [laser_mapping]: publish_map: frame pts=0, total=0
[INFO] [1783987386.777954728] [laser_mapping]: publish_map: frame pts=0, total=0
[INFO] [1783987387.777975864] [laser_mapping]: publish_map: frame pts=0, total=0
[INFO] [1783987388.777953737] [laser_mapping]: publish_map: frame pts=0, total=0
[INFO] [1783987389.777960676] [laser_mapping]: publish_map: frame pts=0, total=0
[INFO] [1783987390.777954074] [laser_mapping]: publish_map: frame pts=0, total=0
[INFO] [1783987391.777952685] [laser_mapping]: publish_map: frame pts=0, total=0
[INFO] [1783987392.777970962] [laser_mapping]: publish_map: frame pts=0, total=0
[INFO] [1783987393.777977758] [laser_mapping]: publish_map: frame pts=0, total=0
[INFO] [1783987394.777972944] [laser_mapping]: publish_map: frame pts=0, total=0
[INFO] [1783987395.777979029] [laser_mapping]: publish_map: frame pts=0, total=0
[INFO] [1783987396.777982942] [laser_mapping]: publish_map: frame pts=0, total=0
[INFO] [1783987397.777968556] [laser_mapping]: publish_map: frame pts=0, total=0
[INFO] [1783987398.777982942] [laser_mapping]: publish_map: frame pts=0, total=0
[INFO] [1783987399.777979637] [laser_mapping]: publish_map: frame pts=0, total=0
[INFO] [1783987400.777977757] [laser_mapping]: publish_map: frame pts=0, total=0
[INFO] [1783987401.778117682] [laser_mapping]: publish_map: frame pts=0, total=0
[INFO] [1783987402.778080021] [laser_mapping]: publish_map: frame pts=0, total=0
[INFO] [1783987403.777968272] [laser_mapping]: publish_map: frame pts=0, total=0
[INFO] [1783987404.777964623] [laser_mapping]: publish_map: frame pts=0, total=0
[INFO] [1783987405.777977328] [laser_mapping]: publish_map: frame pts=0, total=0
[INFO] [1783987406.777958313] [laser_mapping]: publish_map: frame pts=0, total=0
[INFO] [1783987407.777965834] [laser_mapping]: publish_map: frame pts=0, total=0
[INFO] [1783987408.777988866] [laser_mapping]: publish_map: frame pts=0, total=0
[INFO] [1783987409.777959416] [laser_mapping]: publish_map: frame pts=0, total=0
[INFO] [1783987410.778083571] [laser_mapping]: publish_map: frame pts=0, total=0
[INFO] [1783987411.777958153] [laser_mapping]: publish_map: frame pts=0, total=0
[INFO] [1783987412.777976759] [laser_mapping]: publish_map: frame pts=0, total=0
[INFO] [1783987413.777989201] [laser_mapping]: publish_map: frame pts=0, total=0
[INFO] [1783987414.777959146] [laser_mapping]: publish_map: frame pts=0, total=0
[INFO] [1783987415.778057324] [laser_mapping]: publish_map: frame pts=0, total=0
[INFO] [1783987416.778084153] [laser_mapping]: publish_map: frame pts=0, total=0
[INFO] [1783987417.778096755] [laser_mapping]: publish_map: frame pts=0, total=0
[INFO] [1783987418.777963431] [laser_mapping]: publish_map: frame pts=0, total=0
[INFO] [1783987419.778077871] [laser_mapping]: publish_map: frame pts=0, total=0
[INFO] [1783987420.777953221] [laser_mapping]: publish_map: frame pts=0, total=0
[INFO] [1783987421.777953199] [laser_mapping]: publish_map: frame pts=0, total=0
[INFO] [1783987422.777951146] [laser_mapping]: publish_map: frame pts=0, total=0
[INFO] [1783987423.777957086] [laser_mapping]: publish_map: frame pts=0, total=0
[INFO] [1783987424.777957460] [laser_mapping]: publish_map: frame pts=0, total=0
[INFO] [1783987425.777959838] [laser_mapping]: publish_map: frame pts=0, total=0
[INFO] [1783987426.777959925] [laser_mapping]: publish_map: frame pts=0, total=0
[INFO] [1783987427.777963853] [laser_mapping]: publish_map: frame pts=0, total=0
[INFO] [1783987428.777973115] [laser_mapping]: publish_map: frame pts=0, total=0
[INFO] [1783987429.777981956] [laser_mapping]: publish_map: frame pts=0, total=0
[INFO] [1783987430.778098182] [laser_mapping]: publish_map: frame pts=0, total=0
[INFO] [1783987431.777949171] [laser_mapping]: publish_map: frame pts=0, total=0
[INFO] [1783987432.777972211] [laser_mapping]: publish_map: frame pts=0, total=0
[INFO] [1783987433.777910514] [laser_mapping]: publish_map: frame pts=0, total=0
[INFO] [1783987434.777967330] [laser_mapping]: publish_map: frame pts=0, total=0
[INFO] [1783987435.777968760] [laser_mapping]: publish_map: frame pts=0, total=0
[INFO] [1783987436.777964960] [laser_mapping]: publish_map: frame pts=0, total=0
[INFO] [1783987437.778082201] [laser_mapping]: publish_map: frame pts=0, total=0
[INFO] [1783987438.778156880] [laser_mapping]: publish_map: frame pts=0, total=0
[INFO] [1783987439.778174102] [laser_mapping]: publish_map: frame pts=0, total=0
[INFO] [1783987440.778060714] [laser_mapping]: publish_map: frame pts=0, total=0
[INFO] [1783987441.778040985] [laser_mapping]: publish_map: frame pts=0, total=0
[INFO] [1783987442.778095007] [laser_mapping]: publish_map: frame pts=0, total=0
[INFO] [1783987443.777963160] [laser_mapping]: publish_map: frame pts=0, total=0
[INFO] [1783987444.778098752] [laser_mapping]: publish_map: frame pts=0, total=0
[INFO] [1783987445.778059583] [laser_mapping]: publish_map: frame pts=0, total=0
[INFO] [1783987446.777967802] [laser_mapping]: publish_map: frame pts=0, total=0
[INFO] [1783987447.777955150] [laser_mapping]: publish_map: frame pts=0, total=0
[INFO] [1783987448.777953206] [laser_mapping]: publish_map: frame pts=0, total=0
[INFO] [1783987449.777971679] [laser_mapping]: publish_map: frame pts=0, total=0
[INFO] [1783987450.777958216] [laser_mapping]: publish_map: frame pts=0, total=0
[INFO] [1783987451.777976819] [laser_mapping]: publish_map: frame pts=0, total=0
[INFO] [1783987452.777970475] [laser_mapping]: publish_map: frame pts=0, total=0
[INFO] [1783987453.777971920] [laser_mapping]: publish_map: frame pts=0, total=0
[INFO] [1783987454.777979057] [laser_mapping]: publish_map: frame pts=0, total=0
[INFO] [1783987455.777953208] [laser_mapping]: publish_map: frame pts=0, total=0
[INFO] [1783987456.777957519] [laser_mapping]: publish_map: frame pts=0, total=0
[INFO] [1783987457.777947755] [laser_mapping]: publish_map: frame pts=0, total=0
[INFO] [1783987458.777957322] [laser_mapping]: publish_map: frame pts=0, total=0
[INFO] [1783987459.777971767] [laser_mapping]: publish_map: frame pts=0, total=0
[INFO] [1783987460.777968439] [laser_mapping]: publish_map: frame pts=0, total=0
[INFO] [1783987461.777968996] [laser_mapping]: publish_map: frame pts=0, total=0
[INFO] [1783987462.778049111] [laser_mapping]: publish_map: frame pts=0, total=0
[INFO] [1783987463.778086895] [laser_mapping]: publish_map: frame pts=0, total=0
[INFO] [1783987464.778049880] [laser_mapping]: publish_map: frame pts=0, total=0
[INFO] [1783987465.777982359] [laser_mapping]: publish_map: frame pts=0, total=0
[INFO] [1783987466.777980415] [laser_mapping]: publish_map: frame pts=0, total=0
[INFO] [1783987467.777978404] [laser_mapping]: publish_map: frame pts=0, total=0
[INFO] [1783987468.777969109] [laser_mapping]: publish_map: frame pts=0, total=0
[INFO] [1783987469.777968813] [laser_mapping]: publish_map: frame pts=0, total=0
[INFO] [1783987470.777974075] [laser_mapping]: publish_map: frame pts=0, total=0
[INFO] [1783987471.778169510] [laser_mapping]: publish_map: frame pts=0, total=0
[INFO] [1783987472.777977653] [laser_mapping]: publish_map: frame pts=0, total=0
[INFO] [1783987473.777972531] [laser_mapping]: publish_map: frame pts=0, total=0
[INFO] [1783987474.778057918] [laser_mapping]: publish_map: frame pts=0, total=0
[INFO] [1783987475.777973974] [laser_mapping]: publish_map: frame pts=0, total=0
[INFO] [1783987476.778129909] [laser_mapping]: publish_map: frame pts=0, total=0
[INFO] [1783987477.777984999] [laser_mapping]: publish_map: frame pts=0, total=0
[INFO] [1783987478.777965841] [laser_mapping]: publish_map: frame pts=0, total=0
[INFO] [1783987479.777966310] [laser_mapping]: publish_map: frame pts=0, total=0
[INFO] [1783987480.778144844] [laser_mapping]: publish_map: frame pts=0, total=0
[INFO] [1783987481.777971951] [laser_mapping]: publish_map: frame pts=0, total=0
[INFO] [1783987482.777951536] [laser_mapping]: publish_map: frame pts=0, total=0
[INFO] [1783987483.778128915] [laser_mapping]: publish_map: frame pts=0, total=0
[INFO] [1783987484.777961894] [laser_mapping]: publish_map: frame pts=0, total=0
[INFO] [1783987485.777960096] [laser_mapping]: publish_map: frame pts=0, total=0
[INFO] [1783987486.777966399] [laser_mapping]: publish_map: frame pts=0, total=0
[INFO] [1783987487.777954749] [laser_mapping]: publish_map: frame pts=0, total=0
[INFO] [1783987488.778074975] [laser_mapping]: publish_map: frame pts=0, total=0
[INFO] [1783987489.777968212] [laser_mapping]: publish_map: frame pts=0, total=0
[INFO] [1783987490.777977272] [laser_mapping]: publish_map: frame pts=0, total=0
[INFO] [1783987491.777959603] [laser_mapping]: publish_map: frame pts=0, total=0
[INFO] [1783987492.777971813] [laser_mapping]: publish_map: frame pts=0, total=0
[INFO] [1783987493.778063641] [laser_mapping]: publish_map: frame pts=0, total=0
[INFO] [1783987494.777977423] [laser_mapping]: publish_map: frame pts=0, total=0
[INFO] [1783987495.777975915] [laser_mapping]: publish_map: frame pts=0, total=0
[INFO] [1783987496.777985803] [laser_mapping]: publish_map: frame pts=0, total=0
[INFO] [1783987497.777976625] [laser_mapping]: publish_map: frame pts=0, total=0
[INFO] [1783987498.777973978] [laser_mapping]: publish_map: frame pts=0, total=0
[INFO] [1783987499.777963810] [laser_mapping]: publish_map: frame pts=0, total=0
[INFO] [1783987500.777982701] [laser_mapping]: publish_map: frame pts=0, total=0
[INFO] [1783987501.777969961] [laser_mapping]: publish_map: frame pts=0, total=0
[INFO] [1783987502.777978650] [laser_mapping]: publish_map: frame pts=0, total=0
[INFO] [1783987503.777986918] [laser_mapping]: publish_map: frame pts=0, total=0
[INFO] [1783987504.777971077] [laser_mapping]: publish_map: frame pts=0, total=0
[INFO] [1783987505.778083864] [laser_mapping]: publish_map: frame pts=0, total=0
[INFO] [1783987506.777976585] [laser_mapping]: publish_map: frame pts=0, total=0
[INFO] [1783987507.777970601] [laser_mapping]: publish_map: frame pts=0, total=0
[INFO] [1783987508.778107151] [laser_mapping]: publish_map: frame pts=0, total=0
[INFO] [1783987509.777950865] [laser_mapping]: publish_map: frame pts=0, total=0
[INFO] [1783987510.778097898] [laser_mapping]: publish_map: frame pts=0, total=0
[INFO] [1783987511.777977945] [laser_mapping]: publish_map: frame pts=0, total=0
[INFO] [1783987512.778052060] [laser_mapping]: publish_map: frame pts=0, total=0
[INFO] [1783987513.778151076] [laser_mapping]: publish_map: frame pts=0, total=0
[INFO] [1783987514.778119831] [laser_mapping]: publish_map: frame pts=0, total=0
[INFO] [1783987515.777956637] [laser_mapping]: publish_map: frame pts=0, total=0
[INFO] [1783987516.777996750] [laser_mapping]: publish_map: frame pts=0, total=0
[INFO] [1783987517.778097989] [laser_mapping]: publish_map: frame pts=0, total=0
[INFO] [1783987518.778091765] [laser_mapping]: publish_map: frame pts=0, total=0
[INFO] [1783987519.777965285] [laser_mapping]: publish_map: frame pts=0, total=0
[INFO] [1783987520.778068572] [laser_mapping]: publish_map: frame pts=0, total=0
[INFO] [1783987521.777981239] [laser_mapping]: publish_map: frame pts=0, total=0
[INFO] [1783987522.777971269] [laser_mapping]: publish_map: frame pts=0, total=0
[INFO] [1783987523.777980105] [laser_mapping]: publish_map: frame pts=0, total=0
[INFO] [1783987524.777968651] [laser_mapping]: publish_map: frame pts=0, total=0
[INFO] [1783987525.777967074] [laser_mapping]: publish_map: frame pts=0, total=0
[INFO] [1783987526.777964828] [laser_mapping]: publish_map: frame pts=0, total=0
[INFO] [1783987527.777972740] [laser_mapping]: publish_map: frame pts=0, total=0
[INFO] [1783987528.777969783] [laser_mapping]: publish_map: frame pts=0, total=0
[INFO] [1783987529.777978265] [laser_mapping]: publish_map: frame pts=0, total=0
[INFO] [1783987530.777902966] [laser_mapping]: publish_map: frame pts=0, total=0
[INFO] [1783987531.777967295] [laser_mapping]: publish_map: frame pts=0, total=0
[INFO] [1783987532.777959838] [laser_mapping]: publish_map: frame pts=0, total=0
[INFO] [1783987533.778088755] [laser_mapping]: publish_map: frame pts=0, total=0
[INFO] [1783987534.777965859] [laser_mapping]: publish_map: frame pts=0, total=0
[INFO] [1783987535.777988272] [laser_mapping]: publish_map: frame pts=0, total=0
[INFO] [1783987536.777984382] [laser_mapping]: publish_map: frame pts=0, total=0
[INFO] [1783987537.777958415] [laser_mapping]: publish_map: frame pts=0, total=0
[INFO] [1783987538.777976092] [laser_mapping]: publish_map: frame pts=0, total=0
[INFO] [1783987539.777960085] [laser_mapping]: publish_map: frame pts=0, total=0
[INFO] [1783987540.777980035] [laser_mapping]: publish_map: frame pts=0, total=0
[INFO] [1783987541.777974038] [laser_mapping]: publish_map: frame pts=0, total=0
[INFO] [1783987542.778091511] [laser_mapping]: publish_map: frame pts=0, total=0
[INFO] [1783987543.777972861] [laser_mapping]: publish_map: frame pts=0, total=0
[INFO] [1783987544.777982639] [laser_mapping]: publish_map: frame pts=0, total=0
[INFO] [1783987545.777990717] [laser_mapping]: publish_map: frame pts=0, total=0
[INFO] [1783987546.777979838] [laser_mapping]: publish_map: frame pts=0, total=0
[INFO] [1783987547.777961287] [laser_mapping]: publish_map: frame pts=0, total=0
[INFO] [1783987548.777955529] [laser_mapping]: publish_map: frame pts=0, total=0
[INFO] [1783987549.777958483] [laser_mapping]: publish_map: frame pts=0, total=0
[INFO] [1783987550.777960212] [laser_mapping]: publish_map: frame pts=0, total=0
[INFO] [1783987551.777961833] [laser_mapping]: publish_map: frame pts=0, total=0
[INFO] [1783987552.777982893] [laser_mapping]: publish_map: frame pts=0, total=0
[INFO] [1783987553.777966149] [laser_mapping]: publish_map: frame pts=0, total=0
[INFO] [1783987554.777953068] [laser_mapping]: publish_map: frame pts=0, total=0
[INFO] [1783987555.777975674] [laser_mapping]: publish_map: frame pts=0, total=0
[INFO] [1783987556.777968120] [laser_mapping]: publish_map: frame pts=0, total=0
[INFO] [1783987557.777963136] [laser_mapping]: publish_map: frame pts=0, total=0
[INFO] [1783987558.777973347] [laser_mapping]: publish_map: frame pts=0, total=0
[INFO] [1783987559.777974515] [laser_mapping]: publish_map: frame pts=0, total=0
[INFO] [1783987560.777961758] [laser_mapping]: publish_map: frame pts=0, total=0
[INFO] [1783987561.778119165] [laser_mapping]: publish_map: frame pts=0, total=0
[INFO] [1783987562.778019405] [laser_mapping]: publish_map: frame pts=0, total=0
[INFO] [1783987563.777963748] [laser_mapping]: publish_map: frame pts=0, total=0
[INFO] [1783987564.777971247] [laser_mapping]: publish_map: frame pts=0, total=0
[INFO] [1783987565.778104676] [laser_mapping]: publish_map: frame pts=0, total=0
[INFO] [1783987566.777964889] [laser_mapping]: publish_map: frame pts=0, total=0
[INFO] [1783987567.777977090] [laser_mapping]: publish_map: frame pts=0, total=0
[INFO] [1783987568.777952427] [laser_mapping]: publish_map: frame pts=0, total=0
[INFO] [1783987569.777966194] [laser_mapping]: publish_map: frame pts=0, total=0
[INFO] [1783987570.777947429] [laser_mapping]: publish_map: frame pts=0, total=0
[INFO] [1783987571.777952539] [laser_mapping]: publish_map: frame pts=0, total=0
[INFO] [1783987572.777950543] [laser_mapping]: publish_map: frame pts=0, total=0
[INFO] [1783987573.777983331] [laser_mapping]: publish_map: frame pts=0, total=0
[INFO] [1783987574.778177408] [laser_mapping]: publish_map: frame pts=0, total=0
[INFO] [1783987575.777976351] [laser_mapping]: publish_map: frame pts=0, total=0
[INFO] [1783987576.777965057] [laser_mapping]: publish_map: frame pts=0, total=0
[INFO] [1783987577.777981085] [laser_mapping]: publish_map: frame pts=0, total=0
[INFO] [1783987578.777980442] [laser_mapping]: publish_map: frame pts=0, total=0
[INFO] [1783987579.777969560] [laser_mapping]: publish_map: frame pts=0, total=0
[INFO] [1783987580.777956858] [laser_mapping]: publish_map: frame pts=0, total=0
[INFO] [1783987581.778064612] [laser_mapping]: publish_map: frame pts=0, total=0
[INFO] [1783987582.778089451] [laser_mapping]: publish_map: frame pts=0, total=0
[INFO] [1783987583.778078516] [laser_mapping]: publish_map: frame pts=0, total=0
[INFO] [1783987584.777983672] [laser_mapping]: publish_map: frame pts=0, total=0
[INFO] [1783987585.777965641] [laser_mapping]: publish_map: frame pts=0, total=0
[INFO] [1783987586.777955442] [laser_mapping]: publish_map: frame pts=0, total=0
[INFO] [1783987587.777968590] [laser_mapping]: publish_map: frame pts=0, total=0
[INFO] [1783987588.777972577] [laser_mapping]: publish_map: frame pts=0, total=0
[INFO] [1783987589.777979056] [laser_mapping]: publish_map: frame pts=0, total=0
[INFO] [1783987590.777984072] [laser_mapping]: publish_map: frame pts=0, total=0
[INFO] [1783987591.778098379] [laser_mapping]: publish_map: frame pts=0, total=0
[INFO] [1783987592.777957337] [laser_mapping]: publish_map: frame pts=0, total=0
[INFO] [1783987593.777961402] [laser_mapping]: publish_map: frame pts=0, total=0
[INFO] [1783987594.777962612] [laser_mapping]: publish_map: frame pts=0, total=0
[INFO] [1783987595.777964709] [laser_mapping]: publish_map: frame pts=0, total=0
[INFO] [1783987596.777964259] [laser_mapping]: publish_map: frame pts=0, total=0
[INFO] [1783987597.777990570] [laser_mapping]: publish_map: frame pts=0, total=0
[INFO] [1783987598.777965147] [laser_mapping]: publish_map: frame pts=0, total=0
[INFO] [1783987599.777964229] [laser_mapping]: publish_map: frame pts=0, total=0
[INFO] [1783987600.778080951] [laser_mapping]: publish_map: frame pts=0, total=0
[INFO] [1783987601.777950755] [laser_mapping]: publish_map: frame pts=0, total=0
[INFO] [1783987602.777951887] [laser_mapping]: publish_map: frame pts=0, total=0
[INFO] [1783987603.777955050] [laser_mapping]: publish_map: frame pts=0, total=0
[INFO] [1783987604.777958133] [laser_mapping]: publish_map: frame pts=0, total=0
[INFO] [1783987605.777977823] [laser_mapping]: publish_map: frame pts=0, total=0
[INFO] [1783987606.778031453] [laser_mapping]: publish_map: frame pts=0, total=0
[INFO] [1783987607.777974469] [laser_mapping]: publish_map: frame pts=0, total=0
[INFO] [1783987608.777966271] [laser_mapping]: publish_map: frame pts=0, total=0
[INFO] [1783987609.777952739] [laser_mapping]: publish_map: frame pts=0, total=0
[INFO] [1783987610.777949901] [laser_mapping]: publish_map: frame pts=0, total=0
[INFO] [1783987611.777977116] [laser_mapping]: publish_map: frame pts=0, total=0
[INFO] [1783987612.777921916] [laser_mapping]: publish_map: frame pts=0, total=0
[INFO] [1783987613.777986139] [laser_mapping]: publish_map: frame pts=0, total=0
[INFO] [1783987614.778087057] [laser_mapping]: publish_map: frame pts=0, total=0
[INFO] [1783987615.777965947] [laser_mapping]: publish_map: frame pts=0, total=0
[INFO] [1783987616.777977005] [laser_mapping]: publish_map: frame pts=0, total=0
[INFO] [1783987617.778127978] [laser_mapping]: publish_map: frame pts=0, total=0
[INFO] [1783987618.777963974] [laser_mapping]: publish_map: frame pts=0, total=0
[INFO] [1783987619.777966230] [laser_mapping]: publish_map: frame pts=0, total=0
[INFO] [1783987620.777951590] [laser_mapping]: publish_map: frame pts=0, total=0
[INFO] [1783987621.777961532] [laser_mapping]: publish_map: frame pts=0, total=0
[INFO] [1783987622.777977780] [laser_mapping]: publish_map: frame pts=0, total=0
[INFO] [1783987623.777979316] [laser_mapping]: publish_map: frame pts=0, total=0
[INFO] [1783987624.777974562] [laser_mapping]: publish_map: frame pts=0, total=0
[INFO] [1783987625.777966739] [laser_mapping]: publish_map: frame pts=0, total=0
[INFO] [1783987626.777962436] [laser_mapping]: publish_map: frame pts=0, total=0
[INFO] [1783987627.777973296] [laser_mapping]: publish_map: frame pts=0, total=0
[INFO] [1783987628.777965087] [laser_mapping]: publish_map: frame pts=0, total=0
[INFO] [1783987629.777953654] [laser_mapping]: publish_map: frame pts=0, total=0
[INFO] [1783987630.777950970] [laser_mapping]: publish_map: frame pts=0, total=0
[INFO] [1783987631.777959319] [laser_mapping]: publish_map: frame pts=0, total=0
[INFO] [1783987632.777974710] [laser_mapping]: publish_map: frame pts=0, total=0
[INFO] [1783987633.777953206] [laser_mapping]: publish_map: frame pts=0, total=0
[INFO] [1783987634.777951797] [laser_mapping]: publish_map: frame pts=0, total=0
[INFO] [1783987635.777977432] [laser_mapping]: publish_map: frame pts=0, total=0
[INFO] [1783987636.777968527] [laser_mapping]: publish_map: frame pts=0, total=0
[INFO] [1783987637.778070243] [laser_mapping]: publish_map: frame pts=0, total=0
[INFO] [1783987638.777972476] [laser_mapping]: publish_map: frame pts=0, total=0
[INFO] [1783987639.777977936] [laser_mapping]: publish_map: frame pts=0, total=0
[INFO] [1783987640.777961014] [laser_mapping]: publish_map: frame pts=0, total=0
[INFO] [1783987641.777974820] [laser_mapping]: publish_map: frame pts=0, total=0
[INFO] [1783987642.777978528] [laser_mapping]: publish_map: frame pts=0, total=0
[INFO] [1783987643.777965462] [laser_mapping]: publish_map: frame pts=0, total=0
[INFO] [1783987644.777954320] [laser_mapping]: publish_map: frame pts=0, total=0
[INFO] [1783987645.778078369] [laser_mapping]: publish_map: frame pts=0, total=0
[INFO] [1783987646.778094332] [laser_mapping]: publish_map: frame pts=0, total=0
[INFO] [1783987647.778093110] [laser_mapping]: publish_map: frame pts=0, total=0
[INFO] [1783987648.778159954] [laser_mapping]: publish_map: frame pts=0, total=0
[INFO] [1783987649.778133365] [laser_mapping]: publish_map: frame pts=0, total=0
[INFO] [1783987650.778068450] [laser_mapping]: publish_map: frame pts=0, total=0
[INFO] [1783987651.777965879] [laser_mapping]: publish_map: frame pts=0, total=0
[INFO] [1783987652.777953395] [laser_mapping]: publish_map: frame pts=0, total=0
[INFO] [1783987653.777953360] [laser_mapping]: publish_map: frame pts=0, total=0
[INFO] [1783987654.777964553] [laser_mapping]: publish_map: frame pts=0, total=0
[INFO] [1783987655.777965259] [laser_mapping]: publish_map: frame pts=0, total=0
[INFO] [1783987656.777980225] [laser_mapping]: publish_map: frame pts=0, total=0
[INFO] [1783987657.777964927] [laser_mapping]: publish_map: frame pts=0, total=0
[INFO] [1783987658.777965011] [laser_mapping]: publish_map: frame pts=0, total=0
[INFO] [1783987659.777978183] [laser_mapping]: publish_map: frame pts=0, total=0
[INFO] [1783987660.778006751] [laser_mapping]: publish_map: frame pts=0, total=0
[INFO] [1783987661.778082298] [laser_mapping]: publish_map: frame pts=0, total=0
[INFO] [1783987662.778045164] [laser_mapping]: publish_map: frame pts=0, total=0
[INFO] [1783987663.777960752] [laser_mapping]: publish_map: frame pts=0, total=0
[INFO] [1783987664.777976884] [laser_mapping]: publish_map: frame pts=0, total=0
[INFO] [1783987665.777973776] [laser_mapping]: publish_map: frame pts=0, total=0
[INFO] [1783987666.777964038] [laser_mapping]: publish_map: frame pts=0, total=0
[INFO] [1783987667.777974942] [laser_mapping]: publish_map: frame pts=0, total=0
[INFO] [1783987668.777969607] [laser_mapping]: publish_map: frame pts=0, total=0
[INFO] [1783987669.777971725] [laser_mapping]: publish_map: frame pts=0, total=0
[INFO] [1783987670.777944212] [laser_mapping]: publish_map: frame pts=0, total=0
[INFO] [1783987671.777945302] [laser_mapping]: publish_map: frame pts=0, total=0
[INFO] [1783987672.777955184] [laser_mapping]: publish_map: frame pts=0, total=0
[INFO] [1783987673.777981798] [laser_mapping]: publish_map: frame pts=0, total=0
[INFO] [1783987674.777976787] [laser_mapping]: publish_map: frame pts=0, total=0
[INFO] [1783987675.777965420] [laser_mapping]: publish_map: frame pts=0, total=0
[INFO] [1783987676.777964449] [laser_mapping]: publish_map: frame pts=0, total=0
[INFO] [1783987677.777958627] [laser_mapping]: publish_map: frame pts=0, total=0
[INFO] [1783987678.777958055] [laser_mapping]: publish_map: frame pts=0, total=0
[INFO] [1783987679.777994300] [laser_mapping]: publish_map: frame pts=0, total=0
[INFO] [1783987680.777991447] [laser_mapping]: publish_map: frame pts=0, total=0
[INFO] [1783987681.777956046] [laser_mapping]: publish_map: frame pts=0, total=0
[INFO] [1783987682.778085970] [laser_mapping]: publish_map: frame pts=0, total=0
[INFO] [1783987683.777984896] [laser_mapping]: publish_map: frame pts=0, total=0
[INFO] [1783987684.778103867] [laser_mapping]: publish_map: frame pts=0, total=0
[INFO] [1783987685.778053715] [laser_mapping]: publish_map: frame pts=0, total=0
[INFO] [1783987686.777957159] [laser_mapping]: publish_map: frame pts=0, total=0
[INFO] [1783987687.777968541] [laser_mapping]: publish_map: frame pts=0, total=0
[INFO] [1783987688.777983016] [laser_mapping]: publish_map: frame pts=0, total=0
[INFO] [1783987689.777972361] [laser_mapping]: publish_map: frame pts=0, total=0
[INFO] [1783987690.777966160] [laser_mapping]: publish_map: frame pts=0, total=0
[INFO] [1783987691.777977416] [laser_mapping]: publish_map: frame pts=0, total=0
[INFO] [1783987692.777956445] [laser_mapping]: publish_map: frame pts=0, total=0
[INFO] [1783987693.777960167] [laser_mapping]: publish_map: frame pts=0, total=0
[INFO] [1783987694.777970601] [laser_mapping]: publish_map: frame pts=0, total=0
[INFO] [1783987695.777958537] [laser_mapping]: publish_map: frame pts=0, total=0
[INFO] [1783987696.777954398] [laser_mapping]: publish_map: frame pts=0, total=0
[INFO] [1783987697.777952523] [laser_mapping]: publish_map: frame pts=0, total=0
[INFO] [1783987698.777978646] [laser_mapping]: publish_map: frame pts=0, total=0
[INFO] [1783987699.777980132] [laser_mapping]: publish_map: frame pts=0, total=0
[INFO] [1783987700.778196835] [laser_mapping]: publish_map: frame pts=0, total=0
[INFO] [1783987701.777967365] [laser_mapping]: publish_map: frame pts=0, total=0
[INFO] [1783987702.778074694] [laser_mapping]: publish_map: frame pts=0, total=0
[INFO] [1783987703.778067066] [laser_mapping]: publish_map: frame pts=0, total=0
[INFO] [1783987704.777982426] [laser_mapping]: publish_map: frame pts=0, total=0
[INFO] [1783987705.777979223] [laser_mapping]: publish_map: frame pts=0, total=0
[INFO] [1783987706.777979674] [laser_mapping]: publish_map: frame pts=0, total=0
[INFO] [1783987707.777968466] [laser_mapping]: publish_map: frame pts=0, total=0
[INFO] [1783987708.777981530] [laser_mapping]: publish_map: frame pts=0, total=0
[INFO] [1783987709.778139596] [laser_mapping]: publish_map: frame pts=0, total=0
[INFO] [1783987710.777978763] [laser_mapping]: publish_map: frame pts=0, total=0
[INFO] [1783987711.777964322] [laser_mapping]: publish_map: frame pts=0, total=0
[INFO] [1783987712.778093731] [laser_mapping]: publish_map: frame pts=0, total=0
[INFO] [1783987713.777965130] [laser_mapping]: publish_map: frame pts=0, total=0
[INFO] [1783987714.777961470] [laser_mapping]: publish_map: frame pts=0, total=0
[INFO] [1783987715.778143949] [laser_mapping]: publish_map: frame pts=0, total=0
[INFO] [1783987716.777974876] [laser_mapping]: publish_map: frame pts=0, total=0
[INFO] [1783987717.777951351] [laser_mapping]: publish_map: frame pts=0, total=0
[INFO] [1783987718.778059920] [laser_mapping]: publish_map: frame pts=0, total=0
[INFO] [1783987719.777965458] [laser_mapping]: publish_map: frame pts=0, total=0
[INFO] [1783987720.778046394] [laser_mapping]: publish_map: frame pts=0, total=0
[INFO] [1783987721.778056458] [laser_mapping]: publish_map: frame pts=0, total=0
[INFO] [1783987722.777964259] [laser_mapping]: publish_map: frame pts=0, total=0
[INFO] [1783987723.777972150] [laser_mapping]: publish_map: frame pts=0, total=0
[INFO] [1783987724.777977489] [laser_mapping]: publish_map: frame pts=0, total=0
[INFO] [1783987725.778143664] [laser_mapping]: publish_map: frame pts=0, total=0
[INFO] [1783987726.777984885] [laser_mapping]: publish_map: frame pts=0, total=0
[INFO] [1783987727.777958351] [laser_mapping]: publish_map: frame pts=0, total=0
[INFO] [1783987728.777983441] [laser_mapping]: publish_map: frame pts=0, total=0
[INFO] [1783987729.777974578] [laser_mapping]: publish_map: frame pts=0, total=0
[INFO] [1783987730.777984462] [laser_mapping]: publish_map: frame pts=0, total=0
[INFO] [1783987731.777973065] [laser_mapping]: publish_map: frame pts=0, total=0
[INFO] [1783987732.777953038] [laser_mapping]: publish_map: frame pts=0, total=0
[INFO] [1783987733.777950656] [laser_mapping]: publish_map: frame pts=0, total=0
[INFO] [1783987734.777975647] [laser_mapping]: publish_map: frame pts=0, total=0
[INFO] [1783987735.777949153] [laser_mapping]: publish_map: frame pts=0, total=0
[INFO] [1783987736.777951158] [laser_mapping]: publish_map: frame pts=0, total=0
[INFO] [1783987737.777956525] [laser_mapping]: publish_map: frame pts=0, total=0
[INFO] [1783987738.778041968] [laser_mapping]: publish_map: frame pts=0, total=0
[INFO] [1783987739.777975416] [laser_mapping]: publish_map: frame pts=0, total=0
[INFO] [1783987740.777968440] [laser_mapping]: publish_map: frame pts=0, total=0
[INFO] [1783987741.777967602] [laser_mapping]: publish_map: frame pts=0, total=0
[INFO] [1783987742.778056863] [laser_mapping]: publish_map: frame pts=0, total=0
[INFO] [1783987743.777972749] [laser_mapping]: publish_map: frame pts=0, total=0
[INFO] [1783987744.777961244] [laser_mapping]: publish_map: frame pts=0, total=0
[INFO] [1783987745.778048128] [laser_mapping]: publish_map: frame pts=0, total=0
[INFO] [1783987746.777969639] [laser_mapping]: publish_map: frame pts=0, total=0
[INFO] [1783987747.777980691] [laser_mapping]: publish_map: frame pts=0, total=0
[INFO] [1783987748.778045442] [laser_mapping]: publish_map: frame pts=0, total=0
[INFO] [1783987749.778068473] [laser_mapping]: publish_map: frame pts=0, total=0
[INFO] [1783987750.777971846] [laser_mapping]: publish_map: frame pts=0, total=0
[INFO] [1783987751.777973102] [laser_mapping]: publish_map: frame pts=0, total=0
[INFO] [1783987752.778054389] [laser_mapping]: publish_map: frame pts=0, total=0
[INFO] [1783987753.778095804] [laser_mapping]: publish_map: frame pts=0, total=0
[INFO] [1783987754.777982606] [laser_mapping]: publish_map: frame pts=0, total=0
[INFO] [1783987755.777973594] [laser_mapping]: publish_map: frame pts=0, total=0
[INFO] [1783987756.777975354] [laser_mapping]: publish_map: frame pts=0, total=0
[INFO] [1783987757.777975016] [laser_mapping]: publish_map: frame pts=0, total=0
[INFO] [1783987758.777979599] [laser_mapping]: publish_map: frame pts=0, total=0
[INFO] [1783987759.778062844] [laser_mapping]: publish_map: frame pts=0, total=0
[INFO] [1783987760.777978873] [laser_mapping]: publish_map: frame pts=0, total=0
[INFO] [1783987761.778064705] [laser_mapping]: publish_map: frame pts=0, total=0
[INFO] [1783987762.777962854] [laser_mapping]: publish_map: frame pts=0, total=0
[INFO] [1783987763.778038392] [laser_mapping]: publish_map: frame pts=0, total=0
[INFO] [1783987764.778155080] [laser_mapping]: publish_map: frame pts=0, total=0
[INFO] [1783987765.777964971] [laser_mapping]: publish_map: frame pts=0, total=0
[INFO] [1783987766.777960562] [laser_mapping]: publish_map: frame pts=0, total=0
[INFO] [1783987767.777969272] [laser_mapping]: publish_map: frame pts=0, total=0
[INFO] [1783987768.777964385] [laser_mapping]: publish_map: frame pts=0, total=0
[INFO] [1783987769.778037629] [laser_mapping]: publish_map: frame pts=0, total=0
[INFO] [1783987770.778108398] [laser_mapping]: publish_map: frame pts=0, total=0
[INFO] [1783987771.777972487] [laser_mapping]: publish_map: frame pts=0, total=0
[INFO] [1783987772.777980696] [laser_mapping]: publish_map: frame pts=0, total=0
[INFO] [1783987773.778089877] [laser_mapping]: publish_map: frame pts=0, total=0
[INFO] [1783987774.778029157] [laser_mapping]: publish_map: frame pts=0, total=0
[INFO] [1783987775.777971388] [laser_mapping]: publish_map: frame pts=0, total=0
[INFO] [1783987776.778110780] [laser_mapping]: publish_map: frame pts=0, total=0
[INFO] [1783987777.777963386] [laser_mapping]: publish_map: frame pts=0, total=0
[INFO] [1783987778.777979064] [laser_mapping]: publish_map: frame pts=0, total=0
[INFO] [1783987779.777981823] [laser_mapping]: publish_map: frame pts=0, total=0
[INFO] [1783987780.777978033] [laser_mapping]: publish_map: frame pts=0, total=0
[INFO] [1783987781.777960889] [laser_mapping]: publish_map: frame pts=0, total=0
[INFO] [1783987782.777980453] [laser_mapping]: publish_map: frame pts=0, total=0
[INFO] [1783987783.777974432] [laser_mapping]: publish_map: frame pts=0, total=0
[INFO] [1783987784.778050977] [laser_mapping]: publish_map: frame pts=0, total=0
[INFO] [1783987785.777984591] [laser_mapping]: publish_map: frame pts=0, total=0
[INFO] [1783987786.777972826] [laser_mapping]: publish_map: frame pts=0, total=0
[INFO] [1783987787.778080350] [laser_mapping]: publish_map: frame pts=0, total=0
[INFO] [1783987788.777990514] [laser_mapping]: publish_map: frame pts=0, total=0
[INFO] [1783987789.777967436] [laser_mapping]: publish_map: frame pts=0, total=0
[INFO] [1783987790.777982376] [laser_mapping]: publish_map: frame pts=0, total=0
[INFO] [1783987791.777974078] [laser_mapping]: publish_map: frame pts=0, total=0
[INFO] [1783987792.777966826] [laser_mapping]: publish_map: frame pts=0, total=0
[INFO] [1783987793.777966686] [laser_mapping]: publish_map: frame pts=0, total=0
[INFO] [1783987794.777981140] [laser_mapping]: publish_map: frame pts=0, total=0
[INFO] [1783987795.777980693] [laser_mapping]: publish_map: frame pts=0, total=0
[INFO] [1783987796.777978502] [laser_mapping]: publish_map: frame pts=0, total=0
[INFO] [1783987797.778153462] [laser_mapping]: publish_map: frame pts=0, total=0
[INFO] [1783987798.777963580] [laser_mapping]: publish_map: frame pts=0, total=0
[INFO] [1783987799.778141130] [laser_mapping]: publish_map: frame pts=0, total=0
[INFO] [1783987800.778129512] [laser_mapping]: publish_map: frame pts=0, total=0
[INFO] [1783987801.777977622] [laser_mapping]: publish_map: frame pts=0, total=0
[INFO] [1783987802.777966722] [laser_mapping]: publish_map: frame pts=0, total=0
[INFO] [1783987803.778095863] [laser_mapping]: publish_map: frame pts=0, total=0
[INFO] [1783987804.777972163] [laser_mapping]: publish_map: frame pts=0, total=0
[INFO] [1783987805.777982973] [laser_mapping]: publish_map: frame pts=0, total=0
[INFO] [1783987806.777967415] [laser_mapping]: publish_map: frame pts=0, total=0
[INFO] [1783987807.778044284] [laser_mapping]: publish_map: frame pts=0, total=0
[INFO] [1783987808.777949284] [laser_mapping]: publish_map: frame pts=0, total=0
[INFO] [1783987809.777958170] [laser_mapping]: publish_map: frame pts=0, total=0
[INFO] [1783987810.777968974] [laser_mapping]: publish_map: frame pts=0, total=0
[INFO] [1783987811.777963791] [laser_mapping]: publish_map: frame pts=0, total=0
[INFO] [1783987812.777974381] [laser_mapping]: publish_map: frame pts=0, total=0
[INFO] [1783987813.777961332] [laser_mapping]: publish_map: frame pts=0, total=0
[INFO] [1783987814.777958758] [laser_mapping]: publish_map: frame pts=0, total=0
[INFO] [1783987815.777954025] [laser_mapping]: publish_map: frame pts=0, total=0
[INFO] [1783987816.777950116] [laser_mapping]: publish_map: frame pts=0, total=0
[INFO] [1783987817.777965591] [laser_mapping]: publish_map: frame pts=0, total=0
[INFO] [1783987818.777949760] [laser_mapping]: publish_map: frame pts=0, total=0
[INFO] [1783987819.777961425] [laser_mapping]: publish_map: frame pts=0, total=0
[INFO] [1783987820.777976351] [laser_mapping]: publish_map: frame pts=0, total=0
[INFO] [1783987821.777959228] [laser_mapping]: publish_map: frame pts=0, total=0
[INFO] [1783987822.777963909] [laser_mapping]: publish_map: frame pts=0, total=0
[INFO] [1783987823.777956509] [laser_mapping]: publish_map: frame pts=0, total=0
[INFO] [1783987824.777969386] [laser_mapping]: publish_map: frame pts=0, total=0
[INFO] [1783987825.777961904] [laser_mapping]: publish_map: frame pts=0, total=0
[INFO] [1783987826.778089254] [laser_mapping]: publish_map: frame pts=0, total=0
[INFO] [1783987827.777952422] [laser_mapping]: publish_map: frame pts=0, total=0
[INFO] [1783987828.777964358] [laser_mapping]: publish_map: frame pts=0, total=0
[INFO] [1783987829.777983558] [laser_mapping]: publish_map: frame pts=0, total=0
[INFO] [1783987830.777951004] [laser_mapping]: publish_map: frame pts=0, total=0
[INFO] [1783987831.777975181] [laser_mapping]: publish_map: frame pts=0, total=0
[INFO] [1783987832.777975748] [laser_mapping]: publish_map: frame pts=0, total=0
[INFO] [1783987833.777944852] [laser_mapping]: publish_map: frame pts=0, total=0
[INFO] [1783987834.778127279] [laser_mapping]: publish_map: frame pts=0, total=0
[INFO] [1783987835.777960833] [laser_mapping]: publish_map: frame pts=0, total=0
[INFO] [1783987836.777967978] [laser_mapping]: publish_map: frame pts=0, total=0
[INFO] [1783987837.778145346] [laser_mapping]: publish_map: frame pts=0, total=0
[INFO] [1783987838.778054937] [laser_mapping]: publish_map: frame pts=0, total=0
[INFO] [1783987839.777971208] [laser_mapping]: publish_map: frame pts=0, total=0
[INFO] [1783987840.777989369] [laser_mapping]: publish_map: frame pts=0, total=0
[INFO] [1783987841.777947084] [laser_mapping]: publish_map: frame pts=0, total=0
[INFO] [1783987842.777976691] [laser_mapping]: publish_map: frame pts=0, total=0
[INFO] [1783987843.777968247] [laser_mapping]: publish_map: frame pts=0, total=0
[INFO] [1783987844.778065161] [laser_mapping]: publish_map: frame pts=0, total=0
[INFO] [1783987845.777970130] [laser_mapping]: publish_map: frame pts=0, total=0
[INFO] [1783987846.777962918] [laser_mapping]: publish_map: frame pts=0, total=0
[INFO] [1783987847.777978927] [laser_mapping]: publish_map: frame pts=0, total=0
[INFO] [1783987848.777962054] [laser_mapping]: publish_map: frame pts=0, total=0
[INFO] [1783987849.777963304] [laser_mapping]: publish_map: frame pts=0, total=0
[INFO] [1783987850.777966496] [laser_mapping]: publish_map: frame pts=0, total=0
[INFO] [1783987851.777961037] [laser_mapping]: publish_map: frame pts=0, total=0
[INFO] [1783987852.777954721] [laser_mapping]: publish_map: frame pts=0, total=0
[INFO] [1783987853.777955327] [laser_mapping]: publish_map: frame pts=0, total=0
[INFO] [1783987854.777954604] [laser_mapping]: publish_map: frame pts=0, total=0
[INFO] [1783987855.777950156] [laser_mapping]: publish_map: frame pts=0, total=0
[INFO] [1783987856.777962558] [laser_mapping]: publish_map: frame pts=0, total=0
[INFO] [1783987857.777983869] [laser_mapping]: publish_map: frame pts=0, total=0
[INFO] [1783987858.777963863] [laser_mapping]: publish_map: frame pts=0, total=0
[INFO] [1783987859.777977674] [laser_mapping]: publish_map: frame pts=0, total=0
[INFO] [1783987860.777968006] [laser_mapping]: publish_map: frame pts=0, total=0
[INFO] [1783987861.777964625] [laser_mapping]: publish_map: frame pts=0, total=0
[INFO] [1783987862.777965278] [laser_mapping]: publish_map: frame pts=0, total=0
[INFO] [1783987863.777954911] [laser_mapping]: publish_map: frame pts=0, total=0
[INFO] [1783987864.777957803] [laser_mapping]: publish_map: frame pts=0, total=0
[INFO] [1783987865.777950182] [laser_mapping]: publish_map: frame pts=0, total=0
[INFO] [1783987866.777982063] [laser_mapping]: publish_map: frame pts=0, total=0
[INFO] [1783987867.777969449] [laser_mapping]: publish_map: frame pts=0, total=0
[INFO] [1783987868.778052561] [laser_mapping]: publish_map: frame pts=0, total=0
[INFO] [1783987869.777982925] [laser_mapping]: publish_map: frame pts=0, total=0
[INFO] [1783987870.778092625] [laser_mapping]: publish_map: frame pts=0, total=0
[INFO] [1783987871.778200450] [laser_mapping]: publish_map: frame pts=0, total=0
[INFO] [1783987872.777983020] [laser_mapping]: publish_map: frame pts=0, total=0
[INFO] [1783987873.777961922] [laser_mapping]: publish_map: frame pts=0, total=0
[INFO] [1783987874.777963336] [laser_mapping]: publish_map: frame pts=0, total=0
[INFO] [1783987875.777963398] [laser_mapping]: publish_map: frame pts=0, total=0
[INFO] [1783987876.778123066] [laser_mapping]: publish_map: frame pts=0, total=0
[INFO] [1783987877.777959272] [laser_mapping]: publish_map: frame pts=0, total=0
[INFO] [1783987878.777960273] [laser_mapping]: publish_map: frame pts=0, total=0
[INFO] [1783987879.777958019] [laser_mapping]: publish_map: frame pts=0, total=0
[INFO] [1783987880.778080286] [laser_mapping]: publish_map: frame pts=0, total=0
[INFO] [1783987881.777979128] [laser_mapping]: publish_map: frame pts=0, total=0
[INFO] [1783987882.778233246] [laser_mapping]: publish_map: frame pts=0, total=0
[INFO] [1783987883.777970145] [laser_mapping]: publish_map: frame pts=0, total=0
[INFO] [1783987884.777972998] [laser_mapping]: publish_map: frame pts=0, total=0
[INFO] [1783987885.777983260] [laser_mapping]: publish_map: frame pts=0, total=0
[INFO] [1783987886.777969699] [laser_mapping]: publish_map: frame pts=0, total=0
[INFO] [1783987887.778057612] [laser_mapping]: publish_map: frame pts=0, total=0
[INFO] [1783987888.778043993] [laser_mapping]: publish_map: frame pts=0, total=0
[INFO] [1783987889.777967554] [laser_mapping]: publish_map: frame pts=0, total=0
[INFO] [1783987890.777965221] [laser_mapping]: publish_map: frame pts=0, total=0
[INFO] [1783987891.777980701] [laser_mapping]: publish_map: frame pts=0, total=0
[INFO] [1783987892.778097990] [laser_mapping]: publish_map: frame pts=0, total=0
[INFO] [1783987893.777969456] [laser_mapping]: publish_map: frame pts=0, total=0
[INFO] [1783987894.778122931] [laser_mapping]: publish_map: frame pts=0, total=0
[INFO] [1783987895.777956576] [laser_mapping]: publish_map: frame pts=0, total=0
[INFO] [1783987896.778062719] [laser_mapping]: publish_map: frame pts=0, total=0
[INFO] [1783987897.778133053] [laser_mapping]: publish_map: frame pts=0, total=0
[INFO] [1783987898.778113813] [laser_mapping]: publish_map: frame pts=0, total=0
[INFO] [1783987899.778032716] [laser_mapping]: publish_map: frame pts=0, total=0
[INFO] [1783987900.777977590] [laser_mapping]: publish_map: frame pts=0, total=0
[INFO] [1783987901.778081602] [laser_mapping]: publish_map: frame pts=0, total=0
[INFO] [1783987902.777971776] [laser_mapping]: publish_map: frame pts=0, total=0
[INFO] [1783987903.777965378] [laser_mapping]: publish_map: frame pts=0, total=0
[INFO] [1783987904.778102174] [laser_mapping]: publish_map: frame pts=0, total=0
[INFO] [1783987905.777972777] [laser_mapping]: publish_map: frame pts=0, total=0
[INFO] [1783987906.777953296] [laser_mapping]: publish_map: frame pts=0, total=0
[INFO] [1783987907.777961597] [laser_mapping]: publish_map: frame pts=0, total=0
[INFO] [1783987908.777973667] [laser_mapping]: publish_map: frame pts=0, total=0
[INFO] [1783987909.777977625] [laser_mapping]: publish_map: frame pts=0, total=0
[INFO] [1783987910.777954513] [laser_mapping]: publish_map: frame pts=0, total=0
[INFO] [1783987911.777972625] [laser_mapping]: publish_map: frame pts=0, total=0
[INFO] [1783987912.777959531] [laser_mapping]: publish_map: frame pts=0, total=0
[INFO] [1783987913.778073330] [laser_mapping]: publish_map: frame pts=0, total=0
[INFO] [1783987914.777978504] [laser_mapping]: publish_map: frame pts=0, total=0
[INFO] [1783987915.777959382] [laser_mapping]: publish_map: frame pts=0, total=0
[INFO] [1783987916.777966605] [laser_mapping]: publish_map: frame pts=0, total=0
[INFO] [1783987917.777950200] [laser_mapping]: publish_map: frame pts=0, total=0
[INFO] [1783987918.777971300] [laser_mapping]: publish_map: frame pts=0, total=0
[INFO] [1783987919.777951016] [laser_mapping]: publish_map: frame pts=0, total=0
[INFO] [1783987920.777950895] [laser_mapping]: publish_map: frame pts=0, total=0
[INFO] [1783987921.777963127] [laser_mapping]: publish_map: frame pts=0, total=0
[INFO] [1783987922.777954112] [laser_mapping]: publish_map: frame pts=0, total=0
[INFO] [1783987923.777967986] [laser_mapping]: publish_map: frame pts=0, total=0
[INFO] [1783987924.777948989] [laser_mapping]: publish_map: frame pts=0, total=0
[INFO] [1783987925.777949981] [laser_mapping]: publish_map: frame pts=0, total=0
[INFO] [1783987926.777955808] [laser_mapping]: publish_map: frame pts=0, total=0
[INFO] [1783987927.777954751] [laser_mapping]: publish_map: frame pts=0, total=0
[INFO] [1783987928.777976192] [laser_mapping]: publish_map: frame pts=0, total=0
[INFO] [1783987929.777977861] [laser_mapping]: publish_map: frame pts=0, total=0
[INFO] [1783987930.778081187] [laser_mapping]: publish_map: frame pts=0, total=0
[INFO] [1783987931.777968683] [laser_mapping]: publish_map: frame pts=0, total=0
[INFO] [1783987932.777984772] [laser_mapping]: publish_map: frame pts=0, total=0
[INFO] [1783987933.777952941] [laser_mapping]: publish_map: frame pts=0, total=0
[INFO] [1783987934.777967755] [laser_mapping]: publish_map: frame pts=0, total=0
[INFO] [1783987935.777958017] [laser_mapping]: publish_map: frame pts=0, total=0
[INFO] [1783987936.777966485] [laser_mapping]: publish_map: frame pts=0, total=0
[INFO] [1783987937.777964492] [laser_mapping]: publish_map: frame pts=0, total=0
[INFO] [1783987938.777951337] [laser_mapping]: publish_map: frame pts=0, total=0
[INFO] [1783987939.777958650] [laser_mapping]: publish_map: frame pts=0, total=0
[INFO] [1783987940.777980390] [laser_mapping]: publish_map: frame pts=0, total=0
[INFO] [1783987941.777973239] [laser_mapping]: publish_map: frame pts=0, total=0
[INFO] [1783987942.778082047] [laser_mapping]: publish_map: frame pts=0, total=0
[INFO] [1783987943.778083058] [laser_mapping]: publish_map: frame pts=0, total=0
[INFO] [1783987944.777963642] [laser_mapping]: publish_map: frame pts=0, total=0
[INFO] [1783987945.777955538] [laser_mapping]: publish_map: frame pts=0, total=0
[INFO] [1783987946.777958408] [laser_mapping]: publish_map: frame pts=0, total=0
[INFO] [1783987947.777955364] [laser_mapping]: publish_map: frame pts=0, total=0
[INFO] [1783987948.778085506] [laser_mapping]: publish_map: frame pts=0, total=0
[INFO] [1783987949.778251930] [laser_mapping]: publish_map: frame pts=0, total=0
[INFO] [1783987950.778040218] [laser_mapping]: publish_map: frame pts=0, total=0
[INFO] [1783987951.777971770] [laser_mapping]: publish_map: frame pts=0, total=0
[INFO] [1783987952.777976337] [laser_mapping]: publish_map: frame pts=0, total=0
[INFO] [1783987953.778084101] [laser_mapping]: publish_map: frame pts=0, total=0
[INFO] [1783987954.777985397] [laser_mapping]: publish_map: frame pts=0, total=0
[INFO] [1783987955.777955027] [laser_mapping]: publish_map: frame pts=0, total=0
[INFO] [1783987956.777961098] [laser_mapping]: publish_map: frame pts=0, total=0
[INFO] [1783987957.777966889] [laser_mapping]: publish_map: frame pts=0, total=0
[INFO] [1783987958.777953701] [laser_mapping]: publish_map: frame pts=0, total=0
[INFO] [1783987959.777968552] [laser_mapping]: publish_map: frame pts=0, total=0
[INFO] [1783987960.777975379] [laser_mapping]: publish_map: frame pts=0, total=0
[INFO] [1783987961.777963083] [laser_mapping]: publish_map: frame pts=0, total=0
[INFO] [1783987962.778118212] [laser_mapping]: publish_map: frame pts=0, total=0
[INFO] [1783987963.777956206] [laser_mapping]: publish_map: frame pts=0, total=0
[INFO] [1783987964.777955149] [laser_mapping]: publish_map: frame pts=0, total=0
[INFO] [1783987965.778040640] [laser_mapping]: publish_map: frame pts=0, total=0
[INFO] [1783987966.778113709] [laser_mapping]: publish_map: frame pts=0, total=0
[INFO] [1783987967.778016113] [laser_mapping]: publish_map: frame pts=0, total=0
[INFO] [1783987968.777966354] [laser_mapping]: publish_map: frame pts=0, total=0
[INFO] [1783987969.777960136] [laser_mapping]: publish_map: frame pts=0, total=0
[INFO] [1783987970.777956932] [laser_mapping]: publish_map: frame pts=0, total=0
[INFO] [1783987971.777960349] [laser_mapping]: publish_map: frame pts=0, total=0
[INFO] [1783987972.777946826] [laser_mapping]: publish_map: frame pts=0, total=0
[INFO] [1783987973.777994237] [laser_mapping]: publish_map: frame pts=0, total=0
[INFO] [1783987974.777972005] [laser_mapping]: publish_map: frame pts=0, total=0
[INFO] [1783987975.777966839] [laser_mapping]: publish_map: frame pts=0, total=0
[INFO] [1783987976.777977327] [laser_mapping]: publish_map: frame pts=0, total=0
[INFO] [1783987977.777977208] [laser_mapping]: publish_map: frame pts=0, total=0
[INFO] [1783987978.777974558] [laser_mapping]: publish_map: frame pts=0, total=0
[INFO] [1783987979.777973199] [laser_mapping]: publish_map: frame pts=0, total=0
[INFO] [1783987980.777961332] [laser_mapping]: publish_map: frame pts=0, total=0
[INFO] [1783987981.777968706] [laser_mapping]: publish_map: frame pts=0, total=0
[INFO] [1783987982.777954082] [laser_mapping]: publish_map: frame pts=0, total=0
[INFO] [1783987983.778041550] [laser_mapping]: publish_map: frame pts=0, total=0
[INFO] [1783987984.777973927] [laser_mapping]: publish_map: frame pts=0, total=0
[INFO] [1783987985.778077727] [laser_mapping]: publish_map: frame pts=0, total=0
[INFO] [1783987986.777972928] [laser_mapping]: publish_map: frame pts=0, total=0
[INFO] [1783987987.777966260] [laser_mapping]: publish_map: frame pts=0, total=0
[INFO] [1783987988.777974018] [laser_mapping]: publish_map: frame pts=0, total=0
[INFO] [1783987989.777974718] [laser_mapping]: publish_map: frame pts=0, total=0
[INFO] [1783987990.777966131] [laser_mapping]: publish_map: frame pts=0, total=0
[INFO] [1783987991.777966422] [laser_mapping]: publish_map: frame pts=0, total=0
[INFO] [1783987992.777969329] [laser_mapping]: publish_map: frame pts=0, total=0
[INFO] [1783987993.778093013] [laser_mapping]: publish_map: frame pts=0, total=0
[INFO] [1783987994.778109451] [laser_mapping]: publish_map: frame pts=0, total=0
[INFO] [1783987995.777967307] [laser_mapping]: publish_map: frame pts=0, total=0
[INFO] [1783987996.777954005] [laser_mapping]: publish_map: frame pts=0, total=0
[INFO] [1783987997.777988773] [laser_mapping]: publish_map: frame pts=0, total=0
[INFO] [1783987998.778088889] [laser_mapping]: publish_map: frame pts=0, total=0
[INFO] [1783987999.777965431] [laser_mapping]: publish_map: frame pts=0, total=0
[INFO] [1783988000.777959430] [laser_mapping]: publish_map: frame pts=0, total=0
[INFO] [1783988001.777979202] [laser_mapping]: publish_map: frame pts=0, total=0
[INFO] [1783988002.777955598] [laser_mapping]: publish_map: frame pts=0, total=0
[INFO] [1783988003.778088993] [laser_mapping]: publish_map: frame pts=0, total=0
[INFO] [1783988004.777957145] [laser_mapping]: publish_map: frame pts=0, total=0
[INFO] [1783988005.778000510] [laser_mapping]: publish_map: frame pts=0, total=0
[INFO] [1783988006.777954595] [laser_mapping]: publish_map: frame pts=0, total=0
[INFO] [1783988007.778112648] [laser_mapping]: publish_map: frame pts=0, total=0
[INFO] [1783988008.777975906] [laser_mapping]: publish_map: frame pts=0, total=0
[INFO] [1783988009.777968281] [laser_mapping]: publish_map: frame pts=0, total=0
[INFO] [1783988010.777949661] [laser_mapping]: publish_map: frame pts=0, total=0
[INFO] [1783988011.777960159] [laser_mapping]: publish_map: frame pts=0, total=0
[INFO] [1783988012.777957134] [laser_mapping]: publish_map: frame pts=0, total=0
[INFO] [1783988013.777964700] [laser_mapping]: publish_map: frame pts=0, total=0
[INFO] [1783988014.777951355] [laser_mapping]: publish_map: frame pts=0, total=0
[INFO] [1783988015.777951898] [laser_mapping]: publish_map: frame pts=0, total=0
[INFO] [1783988016.777974032] [laser_mapping]: publish_map: frame pts=0, total=0
[INFO] [1783988017.777971795] [laser_mapping]: publish_map: frame pts=0, total=0
[INFO] [1783988018.778053552] [laser_mapping]: publish_map: frame pts=0, total=0
[INFO] [1783988019.777959206] [laser_mapping]: publish_map: frame pts=0, total=0
[INFO] [1783988020.777958319] [laser_mapping]: publish_map: frame pts=0, total=0
[INFO] [1783988021.777956835] [laser_mapping]: publish_map: frame pts=0, total=0
[INFO] [1783988022.777973841] [laser_mapping]: publish_map: frame pts=0, total=0
[INFO] [1783988023.777967254] [laser_mapping]: publish_map: frame pts=0, total=0
[INFO] [1783988024.777965339] [laser_mapping]: publish_map: frame pts=0, total=0
[INFO] [1783988025.778045963] [laser_mapping]: publish_map: frame pts=0, total=0
[INFO] [1783988026.778097251] [laser_mapping]: publish_map: frame pts=0, total=0
[INFO] [1783988027.777960421] [laser_mapping]: publish_map: frame pts=0, total=0
[INFO] [1783988028.777950195] [laser_mapping]: publish_map: frame pts=0, total=0
[INFO] [1783988029.777960092] [laser_mapping]: publish_map: frame pts=0, total=0
[INFO] [1783988030.777970855] [laser_mapping]: publish_map: frame pts=0, total=0
[INFO] [1783988031.777981682] [laser_mapping]: publish_map: frame pts=0, total=0
[INFO] [1783988032.777954717] [laser_mapping]: publish_map: frame pts=0, total=0
[INFO] [1783988033.777976047] [laser_mapping]: publish_map: frame pts=0, total=0
[INFO] [1783988034.777972697] [laser_mapping]: publish_map: frame pts=0, total=0
[INFO] [1783988035.777975900] [laser_mapping]: publish_map: frame pts=0, total=0
[INFO] [1783988036.777975672] [laser_mapping]: publish_map: frame pts=0, total=0
[INFO] [1783988037.777967685] [laser_mapping]: publish_map: frame pts=0, total=0
[INFO] [1783988038.777963149] [laser_mapping]: publish_map: frame pts=0, total=0
[INFO] [1783988039.777977769] [laser_mapping]: publish_map: frame pts=0, total=0
[INFO] [1783988040.777973213] [laser_mapping]: publish_map: frame pts=0, total=0
[INFO] [1783988041.778031754] [laser_mapping]: publish_map: frame pts=0, total=0
[INFO] [1783988042.777960231] [laser_mapping]: publish_map: frame pts=0, total=0
[INFO] [1783988043.777982591] [laser_mapping]: publish_map: frame pts=0, total=0
[INFO] [1783988044.778055640] [laser_mapping]: publish_map: frame pts=0, total=0
[INFO] [1783988045.777952193] [laser_mapping]: publish_map: frame pts=0, total=0
[INFO] [1783988046.777951956] [laser_mapping]: publish_map: frame pts=0, total=0
[INFO] [1783988047.777950335] [laser_mapping]: publish_map: frame pts=0, total=0
[INFO] [1783988048.777980770] [laser_mapping]: publish_map: frame pts=0, total=0
[INFO] [1783988049.777950263] [laser_mapping]: publish_map: frame pts=0, total=0
[INFO] [1783988050.777973716] [laser_mapping]: publish_map: frame pts=0, total=0
[INFO] [1783988051.777977610] [laser_mapping]: publish_map: frame pts=0, total=0
[INFO] [1783988052.777978055] [laser_mapping]: publish_map: frame pts=0, total=0
[INFO] [1783988053.777968832] [laser_mapping]: publish_map: frame pts=0, total=0
[INFO] [1783988054.778030269] [laser_mapping]: publish_map: frame pts=0, total=0
[INFO] [1783988055.777971128] [laser_mapping]: publish_map: frame pts=0, total=0
[INFO] [1783988056.777972420] [laser_mapping]: publish_map: frame pts=0, total=0
[INFO] [1783988057.777952690] [laser_mapping]: publish_map: frame pts=0, total=0
[INFO] [1783988058.778041113] [laser_mapping]: publish_map: frame pts=0, total=0
[INFO] [1783988059.778100427] [laser_mapping]: publish_map: frame pts=0, total=0
[INFO] [1783988060.777965237] [laser_mapping]: publish_map: frame pts=0, total=0
[INFO] [1783988061.777972483] [laser_mapping]: publish_map: frame pts=0, total=0
[INFO] [1783988062.777955166] [laser_mapping]: publish_map: frame pts=0, total=0
[INFO] [1783988063.778066439] [laser_mapping]: publish_map: frame pts=0, total=0
[INFO] [1783988064.777970377] [laser_mapping]: publish_map: frame pts=0, total=0
[INFO] [1783988065.777951524] [laser_mapping]: publish_map: frame pts=0, total=0
[INFO] [1783988066.777965238] [laser_mapping]: publish_map: frame pts=0, total=0
[INFO] [1783988067.777977394] [laser_mapping]: publish_map: frame pts=0, total=0
[INFO] [1783988068.777965556] [laser_mapping]: publish_map: frame pts=0, total=0
[INFO] [1783988069.778084006] [laser_mapping]: publish_map: frame pts=0, total=0
[INFO] [1783988070.777966349] [laser_mapping]: publish_map: frame pts=0, total=0
[INFO] [1783988071.778044403] [laser_mapping]: publish_map: frame pts=0, total=0
[INFO] [1783988072.777964004] [laser_mapping]: publish_map: frame pts=0, total=0
[INFO] [1783988073.777973788] [laser_mapping]: publish_map: frame pts=0, total=0
[INFO] [1783988074.777946864] [laser_mapping]: publish_map: frame pts=0, total=0
[INFO] [1783988075.777962081] [laser_mapping]: publish_map: frame pts=0, total=0
[INFO] [1783988076.777965459] [laser_mapping]: publish_map: frame pts=0, total=0
[INFO] [1783988077.777950976] [laser_mapping]: publish_map: frame pts=0, total=0
[INFO] [1783988078.777949765] [laser_mapping]: publish_map: frame pts=0, total=0
[INFO] [1783988079.777951557] [laser_mapping]: publish_map: frame pts=0, total=0
[INFO] [1783988080.777950059] [laser_mapping]: publish_map: frame pts=0, total=0
[INFO] [1783988081.777972019] [laser_mapping]: publish_map: frame pts=0, total=0
[INFO] [1783988082.778048731] [laser_mapping]: publish_map: frame pts=0, total=0
[INFO] [1783988083.777972097] [laser_mapping]: publish_map: frame pts=0, total=0
[INFO] [1783988084.778111266] [laser_mapping]: publish_map: frame pts=0, total=0
[INFO] [1783988085.777984824] [laser_mapping]: publish_map: frame pts=0, total=0
[INFO] [1783988086.777958771] [laser_mapping]: publish_map: frame pts=0, total=0
[INFO] [1783988087.778085260] [laser_mapping]: publish_map: frame pts=0, total=0
[INFO] [1783988088.777964312] [laser_mapping]: publish_map: frame pts=0, total=0
[INFO] [1783988089.777967540] [laser_mapping]: publish_map: frame pts=0, total=0
[INFO] [1783988090.777971151] [laser_mapping]: publish_map: frame pts=0, total=0
[INFO] [1783988091.777977358] [laser_mapping]: publish_map: frame pts=0, total=0
[INFO] [1783988092.777951167] [laser_mapping]: publish_map: frame pts=0, total=0
[INFO] [1783988093.777961507] [laser_mapping]: publish_map: frame pts=0, total=0
[INFO] [1783988094.777964181] [laser_mapping]: publish_map: frame pts=0, total=0
[INFO] [1783988095.777963896] [laser_mapping]: publish_map: frame pts=0, total=0
[INFO] [1783988096.777967717] [laser_mapping]: publish_map: frame pts=0, total=0
[INFO] [1783988097.777959633] [laser_mapping]: publish_map: frame pts=0, total=0
[INFO] [1783988098.777950934] [laser_mapping]: publish_map: frame pts=0, total=0
[INFO] [1783988099.778054783] [laser_mapping]: publish_map: frame pts=0, total=0
[INFO] [1783988100.777980259] [laser_mapping]: publish_map: frame pts=0, total=0
[INFO] [1783988101.777975634] [laser_mapping]: publish_map: frame pts=0, total=0
[INFO] [1783988102.777976755] [laser_mapping]: publish_map: frame pts=0, total=0
[INFO] [1783988103.777973650] [laser_mapping]: publish_map: frame pts=0, total=0
[INFO] [1783988104.777968824] [laser_mapping]: publish_map: frame pts=0, total=0
[INFO] [1783988105.777969337] [laser_mapping]: publish_map: frame pts=0, total=0
[INFO] [1783988106.777971409] [laser_mapping]: publish_map: frame pts=0, total=0
[INFO] [1783988107.777972943] [laser_mapping]: publish_map: frame pts=0, total=0
[INFO] [1783988108.777984268] [laser_mapping]: publish_map: frame pts=0, total=0
[INFO] [1783988109.777979182] [laser_mapping]: publish_map: frame pts=0, total=0
[INFO] [1783988110.777978448] [laser_mapping]: publish_map: frame pts=0, total=0
[INFO] [1783988111.778139901] [laser_mapping]: publish_map: frame pts=0, total=0
[INFO] [1783988112.777966015] [laser_mapping]: publish_map: frame pts=0, total=0
[INFO] [1783988113.778048394] [laser_mapping]: publish_map: frame pts=0, total=0
[INFO] [1783988114.777965054] [laser_mapping]: publish_map: frame pts=0, total=0
[INFO] [1783988115.778074835] [laser_mapping]: publish_map: frame pts=0, total=0
[INFO] [1783988116.777957419] [laser_mapping]: publish_map: frame pts=0, total=0
[INFO] [1783988117.777951847] [laser_mapping]: publish_map: frame pts=0, total=0
[INFO] [1783988118.778030571] [laser_mapping]: publish_map: frame pts=0, total=0
[INFO] [1783988119.777978465] [laser_mapping]: publish_map: frame pts=0, total=0
[INFO] [1783988120.777971995] [laser_mapping]: publish_map: frame pts=0, total=0
[INFO] [1783988121.777958935] [laser_mapping]: publish_map: frame pts=0, total=0
[INFO] [1783988122.777968989] [laser_mapping]: publish_map: frame pts=0, total=0
[INFO] [1783988123.778147871] [laser_mapping]: publish_map: frame pts=0, total=0
[INFO] [1783988124.778085527] [laser_mapping]: publish_map: frame pts=0, total=0
[INFO] [1783988125.777971288] [laser_mapping]: publish_map: frame pts=0, total=0
[INFO] [1783988126.778121181] [laser_mapping]: publish_map: frame pts=0, total=0
[INFO] [1783988127.777968375] [laser_mapping]: publish_map: frame pts=0, total=0
[INFO] [1783988128.777967146] [laser_mapping]: publish_map: frame pts=0, total=0
[INFO] [1783988129.778034364] [laser_mapping]: publish_map: frame pts=0, total=0
[INFO] [1783988130.777963071] [laser_mapping]: publish_map: frame pts=0, total=0
[INFO] [1783988131.777959999] [laser_mapping]: publish_map: frame pts=0, total=0
[INFO] [1783988132.778122827] [laser_mapping]: publish_map: frame pts=0, total=0
[INFO] [1783988133.777983189] [laser_mapping]: publish_map: frame pts=0, total=0
[INFO] [1783988134.777981452] [laser_mapping]: publish_map: frame pts=0, total=0
[INFO] [1783988135.777962287] [laser_mapping]: publish_map: frame pts=0, total=0
[INFO] [1783988136.777963321] [laser_mapping]: publish_map: frame pts=0, total=0
[INFO] [1783988137.777961460] [laser_mapping]: publish_map: frame pts=0, total=0
[INFO] [1783988138.777962181] [laser_mapping]: publish_map: frame pts=0, total=0
[INFO] [1783988139.777963104] [laser_mapping]: publish_map: frame pts=0, total=0
[INFO] [1783988140.777953192] [laser_mapping]: publish_map: frame pts=0, total=0
[INFO] [1783988141.777968538] [laser_mapping]: publish_map: frame pts=0, total=0
[INFO] [1783988142.777963857] [laser_mapping]: publish_map: frame pts=0, total=0
[INFO] [1783988143.777963559] [laser_mapping]: publish_map: frame pts=0, total=0
[INFO] [1783988144.777965550] [laser_mapping]: publish_map: frame pts=0, total=0
[INFO] [1783988145.777983558] [laser_mapping]: publish_map: frame pts=0, total=0
[INFO] [1783988146.777977478] [laser_mapping]: publish_map: frame pts=0, total=0
[INFO] [1783988147.777951711] [laser_mapping]: publish_map: frame pts=0, total=0
[INFO] [1783988148.777962163] [laser_mapping]: publish_map: frame pts=0, total=0
[INFO] [1783988149.777973223] [laser_mapping]: publish_map: frame pts=0, total=0
[INFO] [1783988150.778101690] [laser_mapping]: publish_map: frame pts=0, total=0
[INFO] [1783988151.778086976] [laser_mapping]: publish_map: frame pts=0, total=0
[INFO] [1783988152.777962164] [laser_mapping]: publish_map: frame pts=0, total=0
[INFO] [1783988153.777973943] [laser_mapping]: publish_map: frame pts=0, total=0
[INFO] [1783988154.777961322] [laser_mapping]: publish_map: frame pts=0, total=0
[INFO] [1783988155.777975459] [laser_mapping]: publish_map: frame pts=0, total=0
[INFO] [1783988156.777953288] [laser_mapping]: publish_map: frame pts=0, total=0
[INFO] [1783988157.777956930] [laser_mapping]: publish_map: frame pts=0, total=0
[INFO] [1783988158.777955381] [laser_mapping]: publish_map: frame pts=0, total=0
[INFO] [1783988159.777968018] [laser_mapping]: publish_map: frame pts=0, total=0
[INFO] [1783988160.777976458] [laser_mapping]: publish_map: frame pts=0, total=0
[INFO] [1783988161.777998337] [laser_mapping]: publish_map: frame pts=0, total=0
[INFO] [1783988162.778074774] [laser_mapping]: publish_map: frame pts=0, total=0
[INFO] [1783988163.777963170] [laser_mapping]: publish_map: frame pts=0, total=0
[INFO] [1783988164.777952230] [laser_mapping]: publish_map: frame pts=0, total=0
[INFO] [1783988165.777967978] [laser_mapping]: publish_map: frame pts=0, total=0
[INFO] [1783988166.777974016] [laser_mapping]: publish_map: frame pts=0, total=0
[INFO] [1783988167.777974743] [laser_mapping]: publish_map: frame pts=0, total=0
[INFO] [1783988168.777983438] [laser_mapping]: publish_map: frame pts=0, total=0
[INFO] [1783988169.778123262] [laser_mapping]: publish_map: frame pts=0, total=0
[INFO] [1783988170.778093631] [laser_mapping]: publish_map: frame pts=0, total=0
[INFO] [1783988171.777974040] [laser_mapping]: publish_map: frame pts=0, total=0
[INFO] [1783988172.777969382] [laser_mapping]: publish_map: frame pts=0, total=0
[INFO] [1783988173.777962084] [laser_mapping]: publish_map: frame pts=0, total=0
[INFO] [1783988174.777976934] [laser_mapping]: publish_map: frame pts=0, total=0
[INFO] [1783988175.778014433] [laser_mapping]: publish_map: frame pts=0, total=0
[INFO] [1783988176.778173569] [laser_mapping]: publish_map: frame pts=0, total=0
[INFO] [1783988177.778104230] [laser_mapping]: publish_map: frame pts=0, total=0
[INFO] [1783988178.777963475] [laser_mapping]: publish_map: frame pts=0, total=0
[INFO] [1783988179.777954936] [laser_mapping]: publish_map: frame pts=0, total=0
[INFO] [1783988180.778092869] [laser_mapping]: publish_map: frame pts=0, total=0
[INFO] [1783988181.777986345] [laser_mapping]: publish_map: frame pts=0, total=0
[INFO] [1783988182.778071580] [laser_mapping]: publish_map: frame pts=0, total=0
[INFO] [1783988183.777971221] [laser_mapping]: publish_map: frame pts=0, total=0
[INFO] [1783988184.777960129] [laser_mapping]: publish_map: frame pts=0, total=0
[INFO] [1783988185.777975449] [laser_mapping]: publish_map: frame pts=0, total=0
[INFO] [1783988186.778023961] [laser_mapping]: publish_map: frame pts=0, total=0
[INFO] [1783988187.777951047] [laser_mapping]: publish_map: frame pts=0, total=0
[INFO] [1783988188.777974281] [laser_mapping]: publish_map: frame pts=0, total=0
[INFO] [1783988189.777954381] [laser_mapping]: publish_map: frame pts=0, total=0
[INFO] [1783988190.778043921] [laser_mapping]: publish_map: frame pts=0, total=0
[INFO] [1783988191.777971339] [laser_mapping]: publish_map: frame pts=0, total=0
[INFO] [1783988192.777983348] [laser_mapping]: publish_map: frame pts=0, total=0
[INFO] [1783988193.777984247] [laser_mapping]: publish_map: frame pts=0, total=0
[INFO] [1783988194.777974460] [laser_mapping]: publish_map: frame pts=0, total=0
[INFO] [1783988195.777982074] [laser_mapping]: publish_map: frame pts=0, total=0
[INFO] [1783988196.778050339] [laser_mapping]: publish_map: frame pts=0, total=0
[INFO] [1783988197.777979006] [laser_mapping]: publish_map: frame pts=0, total=0
[INFO] [1783988198.778054577] [laser_mapping]: publish_map: frame pts=0, total=0
[INFO] [1783988199.778114169] [laser_mapping]: publish_map: frame pts=0, total=0
[INFO] [1783988200.778125024] [laser_mapping]: publish_map: frame pts=0, total=0
[INFO] [1783988201.777993854] [laser_mapping]: publish_map: frame pts=0, total=0
[INFO] [1783988202.777964172] [laser_mapping]: publish_map: frame pts=0, total=0
[INFO] [1783988203.777962006] [laser_mapping]: publish_map: frame pts=0, total=0
[INFO] [1783988204.777974076] [laser_mapping]: publish_map: frame pts=0, total=0
[INFO] [1783988205.777973627] [laser_mapping]: publish_map: frame pts=0, total=0
[INFO] [1783988206.777945571] [laser_mapping]: publish_map: frame pts=0, total=0
[INFO] [1783988207.777958540] [laser_mapping]: publish_map: frame pts=0, total=0
[INFO] [1783988208.777976294] [laser_mapping]: publish_map: frame pts=0, total=0
[INFO] [1783988209.777964849] [laser_mapping]: publish_map: frame pts=0, total=0
[INFO] [1783988210.777951996] [laser_mapping]: publish_map: frame pts=0, total=0
[INFO] [1783988211.778110581] [laser_mapping]: publish_map: frame pts=0, total=0
[INFO] [1783988212.778103041] [laser_mapping]: publish_map: frame pts=0, total=0
[INFO] [1783988213.778109368] [laser_mapping]: publish_map: frame pts=0, total=0
[INFO] [1783988214.777981064] [laser_mapping]: publish_map: frame pts=0, total=0
[INFO] [1783988215.777963674] [laser_mapping]: publish_map: frame pts=0, total=0
[INFO] [1783988216.778069978] [laser_mapping]: publish_map: frame pts=0, total=0
[INFO] [1783988217.777954639] [laser_mapping]: publish_map: frame pts=0, total=0
[INFO] [1783988218.777969502] [laser_mapping]: publish_map: frame pts=0, total=0
[INFO] [1783988219.777979336] [laser_mapping]: publish_map: frame pts=0, total=0
[INFO] [1783988220.778043110] [laser_mapping]: publish_map: frame pts=0, total=0
[INFO] [1783988221.778064045] [laser_mapping]: publish_map: frame pts=0, total=0
[INFO] [1783988222.778116010] [laser_mapping]: publish_map: frame pts=0, total=0
[INFO] [1783988223.777958645] [laser_mapping]: publish_map: frame pts=0, total=0
[INFO] [1783988224.777963270] [laser_mapping]: publish_map: frame pts=0, total=0
[INFO] [1783988225.778100705] [laser_mapping]: publish_map: frame pts=0, total=0
[INFO] [1783988226.778028958] [laser_mapping]: publish_map: frame pts=0, total=0
[INFO] [1783988227.777971763] [laser_mapping]: publish_map: frame pts=0, total=0
[INFO] [1783988228.777965663] [laser_mapping]: publish_map: frame pts=0, total=0
[INFO] [1783988229.777961034] [laser_mapping]: publish_map: frame pts=0, total=0
[INFO] [1783988230.777979685] [laser_mapping]: publish_map: frame pts=0, total=0
[INFO] [1783988231.777994307] [laser_mapping]: publish_map: frame pts=0, total=0
[INFO] [1783988232.777961827] [laser_mapping]: publish_map: frame pts=0, total=0
[INFO] [1783988233.777963121] [laser_mapping]: publish_map: frame pts=0, total=0
[INFO] [1783988234.777958430] [laser_mapping]: publish_map: frame pts=0, total=0
[INFO] [1783988235.777954948] [laser_mapping]: publish_map: frame pts=0, total=0
[INFO] [1783988236.777975862] [laser_mapping]: publish_map: frame pts=0, total=0
[INFO] [1783988237.777945408] [laser_mapping]: publish_map: frame pts=0, total=0
[INFO] [1783988238.777956666] [laser_mapping]: publish_map: frame pts=0, total=0
[INFO] [1783988239.778090698] [laser_mapping]: publish_map: frame pts=0, total=0
[INFO] [1783988240.777951483] [laser_mapping]: publish_map: frame pts=0, total=0
[INFO] [1783988241.778004148] [laser_mapping]: publish_map: frame pts=0, total=0
[INFO] [1783988242.778048086] [laser_mapping]: publish_map: frame pts=0, total=0
[INFO] [1783988243.778132843] [laser_mapping]: publish_map: frame pts=0, total=0
[INFO] [1783988244.778071039] [laser_mapping]: publish_map: frame pts=0, total=0
[INFO] [1783988245.777964775] [laser_mapping]: publish_map: frame pts=0, total=0
[INFO] [1783988246.777962889] [laser_mapping]: publish_map: frame pts=0, total=0
[INFO] [1783988247.778064060] [laser_mapping]: publish_map: frame pts=0, total=0
[INFO] [1783988248.777968659] [laser_mapping]: publish_map: frame pts=0, total=0
[INFO] [1783988249.777950842] [laser_mapping]: publish_map: frame pts=0, total=0
[INFO] [1783988250.777957596] [laser_mapping]: publish_map: frame pts=0, total=0
[INFO] [1783988251.777950534] [laser_mapping]: publish_map: frame pts=0, total=0
[INFO] [1783988252.777957829] [laser_mapping]: publish_map: frame pts=0, total=0
[INFO] [1783988253.777955044] [laser_mapping]: publish_map: frame pts=0, total=0
[INFO] [1783988254.777953074] [laser_mapping]: publish_map: frame pts=0, total=0
[INFO] [1783988255.777957283] [laser_mapping]: publish_map: frame pts=0, total=0
[INFO] [1783988256.777953142] [laser_mapping]: publish_map: frame pts=0, total=0
[INFO] [1783988257.777951049] [laser_mapping]: publish_map: frame pts=0, total=0
[INFO] [1783988258.778168092] [laser_mapping]: publish_map: frame pts=0, total=0
[INFO] [1783988259.777960840] [laser_mapping]: publish_map: frame pts=0, total=0
[INFO] [1783988260.777973271] [laser_mapping]: publish_map: frame pts=0, total=0
[INFO] [1783988261.777976576] [laser_mapping]: publish_map: frame pts=0, total=0
[INFO] [1783988262.777974066] [laser_mapping]: publish_map: frame pts=0, total=0
[INFO] [1783988263.777956603] [laser_mapping]: publish_map: frame pts=0, total=0
[INFO] [1783988264.777981633] [laser_mapping]: publish_map: frame pts=0, total=0
[INFO] [1783988265.778236920] [laser_mapping]: publish_map: frame pts=0, total=0
[INFO] [1783988266.777966868] [laser_mapping]: publish_map: frame pts=0, total=0
[INFO] [1783988267.777970714] [laser_mapping]: publish_map: frame pts=0, total=0
[INFO] [1783988268.777982243] [laser_mapping]: publish_map: frame pts=0, total=0
[INFO] [1783988269.777955703] [laser_mapping]: publish_map: frame pts=0, total=0
[INFO] [1783988270.778126797] [laser_mapping]: publish_map: frame pts=0, total=0
[INFO] [1783988271.778059573] [laser_mapping]: publish_map: frame pts=0, total=0
[INFO] [1783988272.777963511] [laser_mapping]: publish_map: frame pts=0, total=0
[INFO] [1783988273.777969273] [laser_mapping]: publish_map: frame pts=0, total=0
[INFO] [1783988274.777974454] [laser_mapping]: publish_map: frame pts=0, total=0
[INFO] [1783988275.777967057] [laser_mapping]: publish_map: frame pts=0, total=0
[INFO] [1783988276.777962424] [laser_mapping]: publish_map: frame pts=0, total=0
[INFO] [1783988277.777969918] [laser_mapping]: publish_map: frame pts=0, total=0
[INFO] [1783988278.777955871] [laser_mapping]: publish_map: frame pts=0, total=0
[INFO] [1783988279.777952386] [laser_mapping]: publish_map: frame pts=0, total=0
[INFO] [1783988280.778039188] [laser_mapping]: publish_map: frame pts=0, total=0
[INFO] [1783988281.777967142] [laser_mapping]: publish_map: frame pts=0, total=0
[INFO] [1783988282.777953559] [laser_mapping]: publish_map: frame pts=0, total=0
[INFO] [1783988283.778069534] [laser_mapping]: publish_map: frame pts=0, total=0
[INFO] [1783988284.778043739] [laser_mapping]: publish_map: frame pts=0, total=0
[INFO] [1783988285.777974488] [laser_mapping]: publish_map: frame pts=0, total=0
[INFO] [1783988286.778091189] [laser_mapping]: publish_map: frame pts=0, total=0
[INFO] [1783988287.778061794] [laser_mapping]: publish_map: frame pts=0, total=0
[INFO] [1783988288.777989654] [laser_mapping]: publish_map: frame pts=0, total=0
[INFO] [1783988289.777981272] [laser_mapping]: publish_map: frame pts=0, total=0
[INFO] [1783988290.777963283] [laser_mapping]: publish_map: frame pts=0, total=0
[INFO] [1783988291.777972542] [laser_mapping]: publish_map: frame pts=0, total=0
[INFO] [1783988292.777975698] [laser_mapping]: publish_map: frame pts=0, total=0
[INFO] [1783988293.778084328] [laser_mapping]: publish_map: frame pts=0, total=0
[INFO] [1783988294.777962109] [laser_mapping]: publish_map: frame pts=0, total=0
[INFO] [1783988295.777952795] [laser_mapping]: publish_map: frame pts=0, total=0
[INFO] [1783988296.777971735] [laser_mapping]: publish_map: frame pts=0, total=0
[INFO] [1783988297.777950749] [laser_mapping]: publish_map: frame pts=0, total=0
[INFO] [1783988298.777951712] [laser_mapping]: publish_map: frame pts=0, total=0
[INFO] [1783988299.777961254] [laser_mapping]: publish_map: frame pts=0, total=0
[INFO] [1783988300.777952920] [laser_mapping]: publish_map: frame pts=0, total=0
[INFO] [1783988301.777984480] [laser_mapping]: publish_map: frame pts=0, total=0
[INFO] [1783988302.777970312] [laser_mapping]: publish_map: frame pts=0, total=0
[INFO] [1783988303.778024124] [laser_mapping]: publish_map: frame pts=0, total=0
[INFO] [1783988304.778065356] [laser_mapping]: publish_map: frame pts=0, total=0
[INFO] [1783988305.777972153] [laser_mapping]: publish_map: frame pts=0, total=0
[INFO] [1783988306.777950112] [laser_mapping]: publish_map: frame pts=0, total=0
[INFO] [1783988307.777982542] [laser_mapping]: publish_map: frame pts=0, total=0
[INFO] [1783988308.777973994] [laser_mapping]: publish_map: frame pts=0, total=0
[INFO] [1783988309.777971325] [laser_mapping]: publish_map: frame pts=0, total=0
[INFO] [1783988310.778092858] [laser_mapping]: publish_map: frame pts=0, total=0
[INFO] [1783988311.778081748] [laser_mapping]: publish_map: frame pts=0, total=0
[INFO] [1783988312.777976722] [laser_mapping]: publish_map: frame pts=0, total=0
[INFO] [1783988313.777990523] [laser_mapping]: publish_map: frame pts=0, total=0
[INFO] [1783988314.777973368] [laser_mapping]: publish_map: frame pts=0, total=0
[INFO] [1783988315.777953493] [laser_mapping]: publish_map: frame pts=0, total=0
[INFO] [1783988316.777963624] [laser_mapping]: publish_map: frame pts=0, total=0
[INFO] [1783988317.777984155] [laser_mapping]: publish_map: frame pts=0, total=0
[INFO] [1783988318.777984115] [laser_mapping]: publish_map: frame pts=0, total=0
[INFO] [1783988319.778034497] [laser_mapping]: publish_map: frame pts=0, total=0
[INFO] [1783988320.778046575] [laser_mapping]: publish_map: frame pts=0, total=0
[INFO] [1783988321.777977246] [laser_mapping]: publish_map: frame pts=0, total=0
[INFO] [1783988322.777952444] [laser_mapping]: publish_map: frame pts=0, total=0
[INFO] [1783988323.777983935] [laser_mapping]: publish_map: frame pts=0, total=0
[INFO] [1783988324.777958246] [laser_mapping]: publish_map: frame pts=0, total=0
[INFO] [1783988325.777967157] [laser_mapping]: publish_map: frame pts=0, total=0
[INFO] [1783988326.778057960] [laser_mapping]: publish_map: frame pts=0, total=0
[INFO] [1783988327.777977470] [laser_mapping]: publish_map: frame pts=0, total=0
[INFO] [1783988328.778087508] [laser_mapping]: publish_map: frame pts=0, total=0
[INFO] [1783988329.777962689] [laser_mapping]: publish_map: frame pts=0, total=0
[INFO] [1783988330.778106886] [laser_mapping]: publish_map: frame pts=0, total=0
[INFO] [1783988331.777978028] [laser_mapping]: publish_map: frame pts=0, total=0
[INFO] [1783988332.777958432] [laser_mapping]: publish_map: frame pts=0, total=0
[INFO] [1783988333.777959806] [laser_mapping]: publish_map: frame pts=0, total=0
[INFO] [1783988334.777955302] [laser_mapping]: publish_map: frame pts=0, total=0
[INFO] [1783988335.777961284] [laser_mapping]: publish_map: frame pts=0, total=0
[INFO] [1783988336.778073094] [laser_mapping]: publish_map: frame pts=0, total=0
[INFO] [1783988337.777952311] [laser_mapping]: publish_map: frame pts=0, total=0
[INFO] [1783988338.777966968] [laser_mapping]: publish_map: frame pts=0, total=0
[INFO] [1783988339.778091174] [laser_mapping]: publish_map: frame pts=0, total=0
[INFO] [1783988340.777978855] [laser_mapping]: publish_map: frame pts=0, total=0
[INFO] [1783988341.778134506] [laser_mapping]: publish_map: frame pts=0, total=0
[INFO] [1783988342.777967674] [laser_mapping]: publish_map: frame pts=0, total=0
[INFO] [1783988343.777966949] [laser_mapping]: publish_map: frame pts=0, total=0
[INFO] [1783988344.777959527] [laser_mapping]: publish_map: frame pts=0, total=0
[INFO] [1783988345.777969798] [laser_mapping]: publish_map: frame pts=0, total=0
[INFO] [1783988346.777976581] [laser_mapping]: publish_map: frame pts=0, total=0
[INFO] [1783988347.777977417] [laser_mapping]: publish_map: frame pts=0, total=0
[INFO] [1783988348.777964397] [laser_mapping]: publish_map: frame pts=0, total=0
[INFO] [1783988349.777965922] [laser_mapping]: publish_map: frame pts=0, total=0
[INFO] [1783988350.777971104] [laser_mapping]: publish_map: frame pts=0, total=0
[INFO] [1783988351.777976958] [laser_mapping]: publish_map: frame pts=0, total=0
[INFO] [1783988352.777973576] [laser_mapping]: publish_map: frame pts=0, total=0
[INFO] [1783988353.777969607] [laser_mapping]: publish_map: frame pts=0, total=0
[INFO] [1783988354.777967671] [laser_mapping]: publish_map: frame pts=0, total=0
[INFO] [1783988355.777966658] [laser_mapping]: publish_map: frame pts=0, total=0
[INFO] [1783988356.777975485] [laser_mapping]: publish_map: frame pts=0, total=0
[INFO] [1783988357.778046662] [laser_mapping]: publish_map: frame pts=0, total=0
[INFO] [1783988358.777954636] [laser_mapping]: publish_map: frame pts=0, total=0
[INFO] [1783988359.778084276] [laser_mapping]: publish_map: frame pts=0, total=0
[INFO] [1783988360.778135927] [laser_mapping]: publish_map: frame pts=0, total=0
[INFO] [1783988361.777978359] [laser_mapping]: publish_map: frame pts=0, total=0
[INFO] [1783988362.777968591] [laser_mapping]: publish_map: frame pts=0, total=0
[INFO] [1783988363.777965194] [laser_mapping]: publish_map: frame pts=0, total=0
[INFO] [1783988364.777978860] [laser_mapping]: publish_map: frame pts=0, total=0
[INFO] [1783988365.777963073] [laser_mapping]: publish_map: frame pts=0, total=0
[INFO] [1783988366.778080389] [laser_mapping]: publish_map: frame pts=0, total=0
[INFO] [1783988367.778073424] [laser_mapping]: publish_map: frame pts=0, total=0
[INFO] [1783988368.777960066] [laser_mapping]: publish_map: frame pts=0, total=0
[INFO] [1783988369.778077204] [laser_mapping]: publish_map: frame pts=0, total=0
[INFO] [1783988370.777952650] [laser_mapping]: publish_map: frame pts=0, total=0
[INFO] [1783988371.777955562] [laser_mapping]: publish_map: frame pts=0, total=0
[INFO] [1783988372.777983044] [laser_mapping]: publish_map: frame pts=0, total=0
[INFO] [1783988373.777962642] [laser_mapping]: publish_map: frame pts=0, total=0
[INFO] [1783988374.777950498] [laser_mapping]: publish_map: frame pts=0, total=0
[INFO] [1783988375.777955915] [laser_mapping]: publish_map: frame pts=0, total=0
[INFO] [1783988376.777975528] [laser_mapping]: publish_map: frame pts=0, total=0
[INFO] [1783988377.778037006] [laser_mapping]: publish_map: frame pts=0, total=0
[INFO] [1783988378.777973153] [laser_mapping]: publish_map: frame pts=0, total=0
[INFO] [1783988379.777959683] [laser_mapping]: publish_map: frame pts=0, total=0
[INFO] [1783988380.777972482] [laser_mapping]: publish_map: frame pts=0, total=0
[INFO] [1783988381.778045318] [laser_mapping]: publish_map: frame pts=0, total=0
[INFO] [1783988382.778084670] [laser_mapping]: publish_map: frame pts=0, total=0
[INFO] [1783988383.777972071] [laser_mapping]: publish_map: frame pts=0, total=0
[INFO] [1783988384.777953438] [laser_mapping]: publish_map: frame pts=0, total=0
[INFO] [1783988385.777957705] [laser_mapping]: publish_map: frame pts=0, total=0
[INFO] [1783988386.777982624] [laser_mapping]: publish_map: frame pts=0, total=0
[INFO] [1783988387.777970883] [laser_mapping]: publish_map: frame pts=0, total=0
[INFO] [1783988388.778165452] [laser_mapping]: publish_map: frame pts=0, total=0
[INFO] [1783988389.777956668] [laser_mapping]: publish_map: frame pts=0, total=0
[INFO] [1783988390.777954632] [laser_mapping]: publish_map: frame pts=0, total=0
[INFO] [1783988391.778049184] [laser_mapping]: publish_map: frame pts=0, total=0
[INFO] [1783988392.777960353] [laser_mapping]: publish_map: frame pts=0, total=0
[INFO] [1783988393.777965760] [laser_mapping]: publish_map: frame pts=0, total=0
[INFO] [1783988394.777979411] [laser_mapping]: publish_map: frame pts=0, total=0
[INFO] [1783988395.777965780] [laser_mapping]: publish_map: frame pts=0, total=0
[INFO] [1783988396.778049044] [laser_mapping]: publish_map: frame pts=0, total=0
[INFO] [1783988397.778046624] [laser_mapping]: publish_map: frame pts=0, total=0
[INFO] [1783988398.777955423] [laser_mapping]: publish_map: frame pts=0, total=0
[INFO] [1783988399.777967191] [laser_mapping]: publish_map: frame pts=0, total=0
[INFO] [1783988400.778141488] [laser_mapping]: publish_map: frame pts=0, total=0
[INFO] [1783988401.777957423] [laser_mapping]: publish_map: frame pts=0, total=0
[INFO] [1783988402.777964451] [laser_mapping]: publish_map: frame pts=0, total=0
[INFO] [1783988403.777960197] [laser_mapping]: publish_map: frame pts=0, total=0
[INFO] [1783988404.777986002] [laser_mapping]: publish_map: frame pts=0, total=0
[INFO] [1783988405.777951880] [laser_mapping]: publish_map: frame pts=0, total=0
[INFO] [1783988406.777967516] [laser_mapping]: publish_map: frame pts=0, total=0
[INFO] [1783988407.777966173] [laser_mapping]: publish_map: frame pts=0, total=0
[INFO] [1783988408.777959300] [laser_mapping]: publish_map: frame pts=0, total=0
[INFO] [1783988409.777953328] [laser_mapping]: publish_map: frame pts=0, total=0
[INFO] [1783988410.777954522] [laser_mapping]: publish_map: frame pts=0, total=0
[INFO] [1783988411.777962296] [laser_mapping]: publish_map: frame pts=0, total=0
[INFO] [1783988412.777972365] [laser_mapping]: publish_map: frame pts=0, total=0
[INFO] [1783988413.777968337] [laser_mapping]: publish_map: frame pts=0, total=0
[INFO] [1783988414.777967933] [laser_mapping]: publish_map: frame pts=0, total=0
[INFO] [1783988415.777958049] [laser_mapping]: publish_map: frame pts=0, total=0
[INFO] [1783988416.777951686] [laser_mapping]: publish_map: frame pts=0, total=0
[INFO] [1783988417.777975566] [laser_mapping]: publish_map: frame pts=0, total=0
[INFO] [1783988418.777978192] [laser_mapping]: publish_map: frame pts=0, total=0
[INFO] [1783988419.777973596] [laser_mapping]: publish_map: frame pts=0, total=0
[INFO] [1783988420.778043958] [laser_mapping]: publish_map: frame pts=0, total=0
[INFO] [1783988421.777966572] [laser_mapping]: publish_map: frame pts=0, total=0
[INFO] [1783988422.778025267] [laser_mapping]: publish_map: frame pts=0, total=0
[INFO] [1783988423.778064168] [laser_mapping]: publish_map: frame pts=0, total=0
[INFO] [1783988424.777971401] [laser_mapping]: publish_map: frame pts=0, total=0
[INFO] [1783988425.778104079] [laser_mapping]: publish_map: frame pts=0, total=0
[INFO] [1783988426.778075269] [laser_mapping]: publish_map: frame pts=0, total=0
[INFO] [1783988427.777960286] [laser_mapping]: publish_map: frame pts=0, total=0
[INFO] [1783988428.777982052] [laser_mapping]: publish_map: frame pts=0, total=0
[INFO] [1783988429.778079776] [laser_mapping]: publish_map: frame pts=0, total=0
[INFO] [1783988430.777964114] [laser_mapping]: publish_map: frame pts=0, total=0
[INFO] [1783988431.778039277] [laser_mapping]: publish_map: frame pts=0, total=0
[INFO] [1783988432.777966542] [laser_mapping]: publish_map: frame pts=0, total=0
[INFO] [1783988433.777972987] [laser_mapping]: publish_map: frame pts=0, total=0
[INFO] [1783988434.778009988] [laser_mapping]: publish_map: frame pts=0, total=0
[INFO] [1783988435.777960248] [laser_mapping]: publish_map: frame pts=0, total=0
[INFO] [1783988436.777970732] [laser_mapping]: publish_map: frame pts=0, total=0
[INFO] [1783988437.777967971] [laser_mapping]: publish_map: frame pts=0, total=0
[INFO] [1783988438.778088837] [laser_mapping]: publish_map: frame pts=0, total=0
[INFO] [1783988439.777972076] [laser_mapping]: publish_map: frame pts=0, total=0
[INFO] [1783988440.777971966] [laser_mapping]: publish_map: frame pts=0, total=0
[INFO] [1783988441.778040223] [laser_mapping]: publish_map: frame pts=0, total=0
[INFO] [1783988442.777972832] [laser_mapping]: publish_map: frame pts=0, total=0
[INFO] [1783988443.777969860] [laser_mapping]: publish_map: frame pts=0, total=0
[INFO] [1783988444.777977203] [laser_mapping]: publish_map: frame pts=0, total=0
[INFO] [1783988445.777963826] [laser_mapping]: publish_map: frame pts=0, total=0
[INFO] [1783988446.777964467] [laser_mapping]: publish_map: frame pts=0, total=0
[INFO] [1783988447.777953633] [laser_mapping]: publish_map: frame pts=0, total=0
[INFO] [1783988448.777985642] [laser_mapping]: publish_map: frame pts=0, total=0
[INFO] [1783988449.777964311] [laser_mapping]: publish_map: frame pts=0, total=0
[INFO] [1783988450.777957319] [laser_mapping]: publish_map: frame pts=0, total=0
[INFO] [1783988451.778059143] [laser_mapping]: publish_map: frame pts=0, total=0
[INFO] [1783988452.777948568] [laser_mapping]: publish_map: frame pts=0, total=0
[INFO] [1783988453.777980343] [laser_mapping]: publish_map: frame pts=0, total=0
[INFO] [1783988454.777952922] [laser_mapping]: publish_map: frame pts=0, total=0
[INFO] [1783988455.777966999] [laser_mapping]: publish_map: frame pts=0, total=0
[INFO] [1783988456.777952395] [laser_mapping]: publish_map: frame pts=0, total=0
[INFO] [1783988457.778048012] [laser_mapping]: publish_map: frame pts=0, total=0
[INFO] [1783988458.777960688] [laser_mapping]: publish_map: frame pts=0, total=0
[INFO] [1783988459.777968611] [laser_mapping]: publish_map: frame pts=0, total=0
[INFO] [1783988460.777951954] [laser_mapping]: publish_map: frame pts=0, total=0
[INFO] [1783988461.777951473] [laser_mapping]: publish_map: frame pts=0, total=0
[INFO] [1783988462.777983940] [laser_mapping]: publish_map: frame pts=0, total=0
[INFO] [1783988463.777981349] [laser_mapping]: publish_map: frame pts=0, total=0
[INFO] [1783988464.777975287] [laser_mapping]: publish_map: frame pts=0, total=0
[INFO] [1783988465.778061071] [laser_mapping]: publish_map: frame pts=0, total=0
[INFO] [1783988466.778061384] [laser_mapping]: publish_map: frame pts=0, total=0
[INFO] [1783988467.778100003] [laser_mapping]: publish_map: frame pts=0, total=0
[INFO] [1783988468.777973970] [laser_mapping]: publish_map: frame pts=0, total=0
[INFO] [1783988469.777970423] [laser_mapping]: publish_map: frame pts=0, total=0
[INFO] [1783988470.777959945] [laser_mapping]: publish_map: frame pts=0, total=0
[INFO] [1783988471.777958064] [laser_mapping]: publish_map: frame pts=0, total=0
[INFO] [1783988472.777963186] [laser_mapping]: publish_map: frame pts=0, total=0
[INFO] [1783988473.777951763] [laser_mapping]: publish_map: frame pts=0, total=0
[INFO] [1783988474.777966815] [laser_mapping]: publish_map: frame pts=0, total=0
[INFO] [1783988475.777951547] [laser_mapping]: publish_map: frame pts=0, total=0
[INFO] [1783988476.777955904] [laser_mapping]: publish_map: frame pts=0, total=0
[INFO] [1783988477.778109255] [laser_mapping]: publish_map: frame pts=0, total=0
[INFO] [1783988478.777960408] [laser_mapping]: publish_map: frame pts=0, total=0
[INFO] [1783988479.778072169] [laser_mapping]: publish_map: frame pts=0, total=0
[INFO] [1783988480.778140543] [laser_mapping]: publish_map: frame pts=0, total=0
[INFO] [1783988481.777974826] [laser_mapping]: publish_map: frame pts=0, total=0
[INFO] [1783988482.777956328] [laser_mapping]: publish_map: frame pts=0, total=0
[INFO] [1783988483.777969843] [laser_mapping]: publish_map: frame pts=0, total=0
[INFO] [1783988484.777964218] [laser_mapping]: publish_map: frame pts=0, total=0
[INFO] [1783988485.777972460] [laser_mapping]: publish_map: frame pts=0, total=0
[INFO] [1783988486.777971952] [laser_mapping]: publish_map: frame pts=0, total=0
[INFO] [1783988487.777970969] [laser_mapping]: publish_map: frame pts=0, total=0
[INFO] [1783988488.778244857] [laser_mapping]: publish_map: frame pts=0, total=0
[INFO] [1783988489.777979886] [laser_mapping]: publish_map: frame pts=0, total=0
[INFO] [1783988490.778039175] [laser_mapping]: publish_map: frame pts=0, total=0
[INFO] [1783988491.777975608] [laser_mapping]: publish_map: frame pts=0, total=0
[INFO] [1783988492.777986516] [laser_mapping]: publish_map: frame pts=0, total=0
[INFO] [1783988493.777982068] [laser_mapping]: publish_map: frame pts=0, total=0
[INFO] [1783988494.777981193] [laser_mapping]: publish_map: frame pts=0, total=0
[INFO] [1783988495.777975576] [laser_mapping]: publish_map: frame pts=0, total=0
[INFO] [1783988496.777975136] [laser_mapping]: publish_map: frame pts=0, total=0
[INFO] [1783988497.777980024] [laser_mapping]: publish_map: frame pts=0, total=0
[INFO] [1783988498.778055292] [laser_mapping]: publish_map: frame pts=0, total=0
[INFO] [1783988499.777974879] [laser_mapping]: publish_map: frame pts=0, total=0
[INFO] [1783988500.778083094] [laser_mapping]: publish_map: frame pts=0, total=0
[INFO] [1783988501.777974929] [laser_mapping]: publish_map: frame pts=0, total=0
[INFO] [1783988502.777954369] [laser_mapping]: publish_map: frame pts=0, total=0
[INFO] [1783988503.778106628] [laser_mapping]: publish_map: frame pts=0, total=0
[INFO] [1783988504.777962147] [laser_mapping]: publish_map: frame pts=0, total=0
[INFO] [1783988505.777963733] [laser_mapping]: publish_map: frame pts=0, total=0
[INFO] [1783988506.777966631] [laser_mapping]: publish_map: frame pts=0, total=0
[INFO] [1783988507.777968633] [laser_mapping]: publish_map: frame pts=0, total=0
[INFO] [1783988508.777955555] [laser_mapping]: publish_map: frame pts=0, total=0
[INFO] [1783988509.777965920] [laser_mapping]: publish_map: frame pts=0, total=0
[INFO] [1783988510.777967443] [laser_mapping]: publish_map: frame pts=0, total=0
[INFO] [1783988511.777963803] [laser_mapping]: publish_map: frame pts=0, total=0
[INFO] [1783988512.778079413] [laser_mapping]: publish_map: frame pts=0, total=0
[INFO] [1783988513.778037424] [laser_mapping]: publish_map: frame pts=0, total=0
[INFO] [1783988514.777962483] [laser_mapping]: publish_map: frame pts=0, total=0
[INFO] [1783988515.777977195] [laser_mapping]: publish_map: frame pts=0, total=0
[INFO] [1783988516.777967604] [laser_mapping]: publish_map: frame pts=0, total=0
[INFO] [1783988517.777987562] [laser_mapping]: publish_map: frame pts=0, total=0
[INFO] [1783988518.777975207] [laser_mapping]: publish_map: frame pts=0, total=0
[INFO] [1783988519.777968197] [laser_mapping]: publish_map: frame pts=0, total=0
[INFO] [1783988520.777965052] [laser_mapping]: publish_map: frame pts=0, total=0
[INFO] [1783988521.777958105] [laser_mapping]: publish_map: frame pts=0, total=0
[INFO] [1783988522.777953089] [laser_mapping]: publish_map: frame pts=0, total=0
[INFO] [1783988523.777967145] [laser_mapping]: publish_map: frame pts=0, total=0
[INFO] [1783988524.777960023] [laser_mapping]: publish_map: frame pts=0, total=0
[INFO] [1783988525.777958370] [laser_mapping]: publish_map: frame pts=0, total=0
[INFO] [1783988526.777981124] [laser_mapping]: publish_map: frame pts=0, total=0
[INFO] [1783988527.778085530] [laser_mapping]: publish_map: frame pts=0, total=0
[INFO] [1783988528.777989128] [laser_mapping]: publish_map: frame pts=0, total=0
[INFO] [1783988529.778130257] [laser_mapping]: publish_map: frame pts=0, total=0
[INFO] [1783988530.777963716] [laser_mapping]: publish_map: frame pts=0, total=0
[INFO] [1783988531.778087408] [laser_mapping]: publish_map: frame pts=0, total=0
[INFO] [1783988532.777961003] [laser_mapping]: publish_map: frame pts=0, total=0
[INFO] [1783988533.777983634] [laser_mapping]: publish_map: frame pts=0, total=0
[INFO] [1783988534.777962552] [laser_mapping]: publish_map: frame pts=0, total=0
[INFO] [1783988535.777963331] [laser_mapping]: publish_map: frame pts=0, total=0
[INFO] [1783988536.777966512] [laser_mapping]: publish_map: frame pts=0, total=0
[INFO] [1783988537.777964903] [laser_mapping]: publish_map: frame pts=0, total=0
[INFO] [1783988538.777952059] [laser_mapping]: publish_map: frame pts=0, total=0
[INFO] [1783988539.777963344] [laser_mapping]: publish_map: frame pts=0, total=0
[INFO] [1783988540.777964844] [laser_mapping]: publish_map: frame pts=0, total=0
[INFO] [1783988541.777961897] [laser_mapping]: publish_map: frame pts=0, total=0
[INFO] [1783988542.777965759] [laser_mapping]: publish_map: frame pts=0, total=0
[INFO] [1783988543.777957278] [laser_mapping]: publish_map: frame pts=0, total=0
[INFO] [1783988544.777975611] [laser_mapping]: publish_map: frame pts=0, total=0
[INFO] [1783988545.777976111] [laser_mapping]: publish_map: frame pts=0, total=0
[INFO] [1783988546.777966708] [laser_mapping]: publish_map: frame pts=0, total=0
[INFO] [1783988547.777980255] [laser_mapping]: publish_map: frame pts=0, total=0
[INFO] [1783988548.777967863] [laser_mapping]: publish_map: frame pts=0, total=0
[INFO] [1783988549.777978138] [laser_mapping]: publish_map: frame pts=0, total=0
[INFO] [1783988550.777966503] [laser_mapping]: publish_map: frame pts=0, total=0
[INFO] [1783988551.777977718] [laser_mapping]: publish_map: frame pts=0, total=0
[INFO] [1783988552.777952556] [laser_mapping]: publish_map: frame pts=0, total=0
[INFO] [1783988553.778074653] [laser_mapping]: publish_map: frame pts=0, total=0
[INFO] [1783988554.777981172] [laser_mapping]: publish_map: frame pts=0, total=0
[INFO] [1783988555.777968880] [laser_mapping]: publish_map: frame pts=0, total=0
[INFO] [1783988556.777954172] [laser_mapping]: publish_map: frame pts=0, total=0
[INFO] [1783988557.777950398] [laser_mapping]: publish_map: frame pts=0, total=0
[INFO] [1783988558.777949867] [laser_mapping]: publish_map: frame pts=0, total=0
[INFO] [1783988559.777960680] [laser_mapping]: publish_map: frame pts=0, total=0
[INFO] [1783988560.777962140] [laser_mapping]: publish_map: frame pts=0, total=0
[INFO] [1783988561.777954362] [laser_mapping]: publish_map: frame pts=0, total=0
[INFO] [1783988562.777965270] [laser_mapping]: publish_map: frame pts=0, total=0
[INFO] [1783988563.777962920] [laser_mapping]: publish_map: frame pts=0, total=0
[INFO] [1783988564.777947913] [laser_mapping]: publish_map: frame pts=0, total=0
[INFO] [1783988565.777947898] [laser_mapping]: publish_map: frame pts=0, total=0
[INFO] [1783988566.778121210] [laser_mapping]: publish_map: frame pts=0, total=0
[INFO] [1783988567.777956927] [laser_mapping]: publish_map: frame pts=0, total=0
[INFO] [1783988568.777963964] [laser_mapping]: publish_map: frame pts=0, total=0
[INFO] [1783988569.777949194] [laser_mapping]: publish_map: frame pts=0, total=0
[INFO] [1783988570.777947598] [laser_mapping]: publish_map: frame pts=0, total=0
[INFO] [1783988571.777962372] [laser_mapping]: publish_map: frame pts=0, total=0
[INFO] [1783988572.778103520] [laser_mapping]: publish_map: frame pts=0, total=0
[INFO] [1783988573.777946916] [laser_mapping]: publish_map: frame pts=0, total=0
[INFO] [1783988574.777944319] [laser_mapping]: publish_map: frame pts=0, total=0
[INFO] [1783988575.777960206] [laser_mapping]: publish_map: frame pts=0, total=0
[INFO] [1783988576.777948285] [laser_mapping]: publish_map: frame pts=0, total=0
[INFO] [1783988577.777953060] [laser_mapping]: publish_map: frame pts=0, total=0
[WARN] [1783988578.237973923] [laser_mapping]: No point, skip this scan!

[WARN] [1783988578.247971610] [laser_mapping]: No point, skip this scan!

[WARN] [1783988578.257967806] [laser_mapping]: No point, skip this scan!

IMU Initial Done
[WARN] [1783988578.298296330] [laser_mapping]: No point, skip this scan!

[WARN] [1783988578.308318888] [laser_mapping]: No point, skip this scan!

[WARN] [1783988578.318056976] [laser_mapping]: No point, skip this scan!

[WARN] [1783988578.327950921] [laser_mapping]: No point, skip this scan!

[INFO] [1783988578.390560487] [laser_mapping]: Initialize the map kdtree
[INFO] [1783988578.400079826] [laser_mapping]: publish_map: frame pts=2484, total=0
[INFO] [1783988578.417947877] [laser_mapping]: publish_map: frame pts=2484, total=2484
[INFO] [1783988578.467199319] [laser_mapping]: publish_map: frame pts=2484, total=4968
[INFO] [1783988578.510370807] [laser_mapping]: publish_map: frame pts=2902, total=7452
[INFO] [1783988578.561345077] [laser_mapping]: publish_map: frame pts=2902, total=10354
[INFO] [1783988578.599869729] [laser_mapping]: publish_map: frame pts=2902, total=13256
[INFO] [1783988578.627133047] [laser_mapping]: publish_map: frame pts=2902, total=16158
[INFO] [1783988578.654605568] [laser_mapping]: publish_map: frame pts=2679, total=19060
[INFO] [1783988578.712635103] [laser_mapping]: publish_map: frame pts=2679, total=21739
[INFO] [1783988578.747778621] [laser_mapping]: publish_map: frame pts=2679, total=24418
[INFO] [1783988578.787059117] [laser_mapping]: publish_map: frame pts=2626, total=27097
[INFO] [1783988578.788654260] [laser_mapping]: publish_map: frame pts=2626, total=29723
[INFO] [1783988578.821165226] [laser_mapping]: publish_map: frame pts=2626, total=32349
[INFO] [1783988578.863168791] [laser_mapping]: publish_map: frame pts=2918, total=34975
[INFO] [1783988578.895365755] [laser_mapping]: publish_map: frame pts=2918, total=37893
[INFO] [1783988578.939959559] [laser_mapping]: publish_map: frame pts=2509, total=40811
[INFO] [1783988578.967139786] [laser_mapping]: publish_map: frame pts=2509, total=43320
[INFO] [1783988579.004886586] [laser_mapping]: publish_map: frame pts=2679, total=45829
[INFO] [1783988579.071663094] [laser_mapping]: publish_map: frame pts=2679, total=48508
[INFO] [1783988579.121849212] [laser_mapping]: publish_map: frame pts=2679, total=51187
[INFO] [1783988579.156732000] [laser_mapping]: publish_map: frame pts=2916, total=53866
[INFO] [1783988579.203969113] [laser_mapping]: publish_map: frame pts=2602, total=56782
[INFO] [1783988579.237917630] [laser_mapping]: publish_map: frame pts=2602, total=59384
[INFO] [1783988579.243043940] [laser_mapping]: publish_map: frame pts=2792, total=61986
[INFO] [1783988579.312421709] [laser_mapping]: publish_map: frame pts=2792, total=64778
[INFO] [1783988579.358952021] [laser_mapping]: publish_map: frame pts=2734, total=67570
[INFO] [1783988579.392451461] [laser_mapping]: publish_map: frame pts=2734, total=70304
[INFO] [1783988579.440062788] [laser_mapping]: publish_map: frame pts=2734, total=73038
[INFO] [1783988579.474521321] [laser_mapping]: publish_map: frame pts=2734, total=75772
[INFO] [1783988579.521338264] [laser_mapping]: publish_map: frame pts=2482, total=78506
[INFO] [1783988579.550337995] [laser_mapping]: publish_map: frame pts=2482, total=80988
[INFO] [1783988579.597657441] [laser_mapping]: publish_map: frame pts=2900, total=83470
[INFO] [1783988579.632187373] [laser_mapping]: publish_map: frame pts=2900, total=86370
[INFO] [1783988579.681423348] [laser_mapping]: publish_map: frame pts=2691, total=89270
[INFO] [1783988579.688317656] [laser_mapping]: publish_map: frame pts=2691, total=91961
[INFO] [1783988579.759660488] [laser_mapping]: publish_map: frame pts=2587, total=94652
[INFO] [1783988579.791432810] [laser_mapping]: publish_map: frame pts=2587, total=97239
[INFO] [1783988579.796507619] [laser_mapping]: publish_map: frame pts=2587, total=99826
[INFO] [1783988579.836011359] [laser_mapping]: publish_map: frame pts=2801, total=102413
[INFO] [1783988579.872035256] [laser_mapping]: publish_map: frame pts=2801, total=105214
[INFO] [1783988579.905801238] [laser_mapping]: publish_map: frame pts=2801, total=108015
[INFO] [1783988579.950969564] [laser_mapping]: publish_map: frame pts=2567, total=110816
[INFO] [1783988579.985715302] [laser_mapping]: publish_map: frame pts=2567, total=113383
[INFO] [1783988579.993490787] [laser_mapping]: publish_map: frame pts=2678, total=115950
[INFO] [1783988580.058415637] [laser_mapping]: publish_map: frame pts=2678, total=118628
[INFO] [1783988580.106697624] [laser_mapping]: publish_map: frame pts=2916, total=121306
[INFO] [1783988580.138287807] [laser_mapping]: publish_map: frame pts=2916, total=124222
[INFO] [1783988580.186502760] [laser_mapping]: publish_map: frame pts=2491, total=127138
[INFO] [1783988580.220581144] [laser_mapping]: publish_map: frame pts=2491, total=129629
[INFO] [1783988580.266102482] [laser_mapping]: publish_map: frame pts=2771, total=132120
[INFO] [1783988580.299447797] [laser_mapping]: publish_map: frame pts=2771, total=134891
[INFO] [1783988580.345537651] [laser_mapping]: publish_map: frame pts=2735, total=137662
[INFO] [1783988580.353886222] [laser_mapping]: publish_map: frame pts=2735, total=140397
[INFO] [1783988580.405267815] [laser_mapping]: publish_map: frame pts=2593, total=143132
[INFO] [1783988580.453866132] [laser_mapping]: publish_map: frame pts=2593, total=145725
[INFO] [1783988580.488928475] [laser_mapping]: publish_map: frame pts=2899, total=148318
[INFO] [1783988580.531499350] [laser_mapping]: publish_map: frame pts=2899, total=151217
[INFO] [1783988580.566157464] [laser_mapping]: publish_map: frame pts=2899, total=154116
[INFO] [1783988580.615862593] [laser_mapping]: publish_map: frame pts=2698, total=157015
[INFO] [1783988580.644934431] [laser_mapping]: publish_map: frame pts=2698, total=159713
[INFO] [1783988580.655196460] [laser_mapping]: publish_map: frame pts=2493, total=162411
[INFO] [1783988580.723017948] [laser_mapping]: publish_map: frame pts=2493, total=164904
[INFO] [1783988580.770305362] [laser_mapping]: publish_map: frame pts=2914, total=167397
[INFO] [1783988580.780894097] [laser_mapping]: publish_map: frame pts=2914, total=170311
[INFO] [1783988580.807533475] [laser_mapping]: publish_map: frame pts=2914, total=173225
[INFO] [1783988580.855774161] [laser_mapping]: publish_map: frame pts=2600, total=176139
[INFO] [1783988580.887502661] [laser_mapping]: publish_map: frame pts=2600, total=178739
[INFO] [1783988580.899020499] [laser_mapping]: publish_map: frame pts=2674, total=181339
[INFO] [1783988580.958740129] [laser_mapping]: publish_map: frame pts=2674, total=184013
[INFO] [1783988581.006468815] [laser_mapping]: publish_map: frame pts=2674, total=186687
[INFO] [1783988581.044693957] [laser_mapping]: publish_map: frame pts=2800, total=189361
[INFO] [1783988581.082561644] [laser_mapping]: publish_map: frame pts=2593, total=192161
[INFO] [1783988581.119261927] [laser_mapping]: publish_map: frame pts=2593, total=194754
[INFO] [1783988581.134124804] [laser_mapping]: publish_map: frame pts=2593, total=197347
[INFO] [1783988581.197055963] [laser_mapping]: publish_map: frame pts=2868, total=199940
[INFO] [1783988581.230900399] [laser_mapping]: publish_map: frame pts=2868, total=202808
[INFO] [1783988581.279049666] [laser_mapping]: publish_map: frame pts=2744, total=205676
[INFO] [1783988581.313827234] [laser_mapping]: publish_map: frame pts=2744, total=208420
[INFO] [1783988581.327255359] [laser_mapping]: publish_map: frame pts=2482, total=211164
[INFO] [1783988581.376053972] [laser_mapping]: publish_map: frame pts=2482, total=213646
[INFO] [1783988581.428729959] [laser_mapping]: publish_map: frame pts=2894, total=216128
[INFO] [1783988581.462395265] [laser_mapping]: publish_map: frame pts=2894, total=219022
[INFO] [1783988581.509870205] [laser_mapping]: publish_map: frame pts=2710, total=221916
[INFO] [1783988581.544177192] [laser_mapping]: publish_map: frame pts=2710, total=224626
[INFO] [1783988581.599388755] [laser_mapping]: publish_map: frame pts=2507, total=227336
[INFO] [1783988581.633424315] [laser_mapping]: publish_map: frame pts=2507, total=229843
[INFO] [1783988581.681666534] [laser_mapping]: publish_map: frame pts=2803, total=232350
[INFO] [1783988581.698327216] [laser_mapping]: publish_map: frame pts=2803, total=235153
[INFO] [1783988581.751094589] [laser_mapping]: publish_map: frame pts=2627, total=237956
[INFO] [1783988581.790130642] [laser_mapping]: publish_map: frame pts=2627, total=240583
[INFO] [1783988581.803336264] [laser_mapping]: publish_map: frame pts=2627, total=243210
[INFO] [1783988581.817851293] [laser_mapping]: publish_map: frame pts=2670, total=245837
[INFO] [1783988581.862163604] [laser_mapping]: publish_map: frame pts=2670, total=248507
[INFO] [1783988581.877184674] [laser_mapping]: publish_map: frame pts=2670, total=251177
[INFO] [1783988581.939429124] [laser_mapping]: publish_map: frame pts=2883, total=253847
[INFO] [1783988581.977485423] [laser_mapping]: publish_map: frame pts=2493, total=256730
[INFO] [1783988582.021174207] [laser_mapping]: publish_map: frame pts=2493, total=259223
[INFO] [1783988582.035389628] [laser_mapping]: publish_map: frame pts=2493, total=261716
[INFO] [1783988582.088396848] [laser_mapping]: publish_map: frame pts=2855, total=264209
[INFO] [1783988582.122348883] [laser_mapping]: publish_map: frame pts=2855, total=267064
[INFO] [1783988582.169474381] [laser_mapping]: publish_map: frame pts=2752, total=269919
[INFO] [1783988582.204799081] [laser_mapping]: publish_map: frame pts=2752, total=272671
[INFO] [1783988582.255318659] [laser_mapping]: publish_map: frame pts=2510, total=275423
[INFO] [1783988582.288512455] [laser_mapping]: publish_map: frame pts=2510, total=277933
[INFO] [1783988582.334507628] [laser_mapping]: publish_map: frame pts=2781, total=280443
[INFO] [1783988582.366560216] [laser_mapping]: publish_map: frame pts=2781, total=283224
[INFO] [1783988582.422842669] [laser_mapping]: publish_map: frame pts=2713, total=286005
[INFO] [1783988582.460344140] [laser_mapping]: publish_map: frame pts=2713, total=288718
[INFO] [1783988582.502569624] [laser_mapping]: publish_map: frame pts=2594, total=291431
[INFO] [1783988582.517861489] [laser_mapping]: publish_map: frame pts=2594, total=294025
[INFO] [1783988582.552436535] [laser_mapping]: publish_map: frame pts=2913, total=296619
[INFO] [1783988582.599698258] [laser_mapping]: publish_map: frame pts=2913, total=299532
[INFO] [1783988582.640625387] [laser_mapping]: publish_map: frame pts=2521, total=302445
[INFO] [1783988582.687664862] [laser_mapping]: publish_map: frame pts=2521, total=304966
[INFO] [1783988582.706856623] [laser_mapping]: publish_map: frame pts=2521, total=307487
[INFO] [1783988582.755290147] [laser_mapping]: publish_map: frame pts=2665, total=310008
[INFO] [1783988582.775030070] [laser_mapping]: publish_map: frame pts=2665, total=312673
[INFO] [1783988582.790955182] [laser_mapping]: publish_map: frame pts=2665, total=315338
[INFO] [1783988582.845684559] [laser_mapping]: publish_map: frame pts=2917, total=318003
[INFO] [1783988582.893869632] [laser_mapping]: publish_map: frame pts=2917, total=320920
[INFO] [1783988582.911946752] [laser_mapping]: publish_map: frame pts=2526, total=323837
[INFO] [1783988582.953376606] [laser_mapping]: publish_map: frame pts=2526, total=326363
[INFO] [1783988583.003633757] [laser_mapping]: publish_map: frame pts=2526, total=328889
[INFO] [1783988583.036894580] [laser_mapping]: publish_map: frame pts=2712, total=331415
[INFO] [1783988583.058715528] [laser_mapping]: publish_map: frame pts=2776, total=334127
[INFO] [1783988583.111736873] [laser_mapping]: publish_map: frame pts=2776, total=336903
[INFO] [1783988583.170138845] [laser_mapping]: publish_map: frame pts=2591, total=339679
[INFO] [1783988583.203907954] [laser_mapping]: publish_map: frame pts=2591, total=342270
[INFO] [1783988583.252240956] [laser_mapping]: publish_map: frame pts=2892, total=344861
[INFO] [1783988583.292956787] [laser_mapping]: publish_map: frame pts=2892, total=347753
[INFO] [1783988583.316619046] [laser_mapping]: publish_map: frame pts=2721, total=350645
[INFO] [1783988583.366853438] [laser_mapping]: publish_map: frame pts=2721, total=353366
[INFO] [1783988583.388553223] [laser_mapping]: publish_map: frame pts=2481, total=356087
[INFO] [1783988583.436617745] [laser_mapping]: publish_map: frame pts=2481, total=358568
[INFO] [1783988583.498914600] [laser_mapping]: publish_map: frame pts=2825, total=361049
[INFO] [1783988583.538064924] [laser_mapping]: publish_map: frame pts=2825, total=363874
[INFO] [1783988583.559760131] [laser_mapping]: publish_map: frame pts=2635, total=366699
[INFO] [1783988583.617083804] [laser_mapping]: publish_map: frame pts=2635, total=369334
[INFO] [1783988583.641218468] [laser_mapping]: publish_map: frame pts=2635, total=371969
[INFO] [1783988583.671286890] [laser_mapping]: publish_map: frame pts=2663, total=374604
[INFO] [1783988583.705683674] [laser_mapping]: publish_map: frame pts=2832, total=377267
[INFO] [1783988583.753081232] [laser_mapping]: publish_map: frame pts=2832, total=380099
[INFO] [1783988583.778205008] [laser_mapping]: publish_map: frame pts=2496, total=382931
[INFO] [1783988583.801943665] [laser_mapping]: publish_map: frame pts=2496, total=385427
[INFO] [1783988583.826610567] [laser_mapping]: publish_map: frame pts=2496, total=387923
[INFO] [1783988583.864170637] [laser_mapping]: publish_map: frame pts=2496, total=390419
[INFO] [1783988583.897293204] [laser_mapping]: publish_map: frame pts=2700, total=392915
[INFO] [1783988583.921873443] [laser_mapping]: publish_map: frame pts=2700, total=395615
[INFO] [1783988583.959626618] [laser_mapping]: publish_map: frame pts=2903, total=398315
[INFO] [1783988584.013172468] [laser_mapping]: publish_map: frame pts=2903, total=401218
[INFO] [1783988584.040672665] [laser_mapping]: publish_map: frame pts=2484, total=404121
[INFO] [1783988584.065286619] [laser_mapping]: publish_map: frame pts=2484, total=406605
[INFO] [1783988584.119794341] [laser_mapping]: publish_map: frame pts=2484, total=409089
[INFO] [1783988584.145093113] [laser_mapping]: publish_map: frame pts=2796, total=411573
[INFO] [1783988584.197789324] [laser_mapping]: publish_map: frame pts=2796, total=414369
[INFO] [1783988584.223117035] [laser_mapping]: publish_map: frame pts=2722, total=417165
[INFO] [1783988584.277023953] [laser_mapping]: publish_map: frame pts=2722, total=419887
[INFO] [1783988584.304338029] [laser_mapping]: publish_map: frame pts=2593, total=422609
[INFO] [1783988584.334437512] [laser_mapping]: publish_map: frame pts=2593, total=425202
[INFO] [1783988584.376727678] [laser_mapping]: publish_map: frame pts=2802, total=427795
[INFO] [1783988584.404433475] [laser_mapping]: publish_map: frame pts=2802, total=430597
[INFO] [1783988584.455029211] [laser_mapping]: publish_map: frame pts=2529, total=433399
[INFO] [1783988584.484141450] [laser_mapping]: publish_map: frame pts=2529, total=435928
[INFO] [1783988584.530481187] [laser_mapping]: publish_map: frame pts=2529, total=438457
[INFO] [1783988584.554249754] [laser_mapping]: publish_map: frame pts=2658, total=440986
[INFO] [1783988584.615159914] [laser_mapping]: publish_map: frame pts=2658, total=443644
[INFO] [1783988584.666470106] [laser_mapping]: publish_map: frame pts=2917, total=446302
[INFO] [1783988584.704327031] [laser_mapping]: publish_map: frame pts=2917, total=449219
[INFO] [1783988584.728664550] [laser_mapping]: publish_map: frame pts=2501, total=452136
[INFO] [1783988584.779300967] [laser_mapping]: publish_map: frame pts=2501, total=454637
[INFO] [1783988584.802817218] [laser_mapping]: publish_map: frame pts=2501, total=457138
[INFO] [1783988584.829451545] [laser_mapping]: publish_map: frame pts=2689, total=459639
[INFO] [1783988584.856570187] [laser_mapping]: publish_map: frame pts=2689, total=462328
[INFO] [1783988584.887097659] [laser_mapping]: publish_map: frame pts=2801, total=465017
[INFO] [1783988584.945482974] [laser_mapping]: publish_map: frame pts=2801, total=467818
[INFO] [1783988584.971567304] [laser_mapping]: publish_map: frame pts=2598, total=470619
[INFO] [1783988585.024661638] [laser_mapping]: publish_map: frame pts=2598, total=473217
[INFO] [1783988585.074924983] [laser_mapping]: publish_map: frame pts=2837, total=475815
[INFO] [1783988585.127985857] [laser_mapping]: publish_map: frame pts=2837, total=478652
[INFO] [1783988585.159129301] [laser_mapping]: publish_map: frame pts=2726, total=481489
[INFO] [1783988585.189803283] [laser_mapping]: publish_map: frame pts=2726, total=484215
[INFO] [1783988585.219986102] [laser_mapping]: publish_map: frame pts=2482, total=486941
[INFO] [1783988585.250487978] [laser_mapping]: publish_map: frame pts=2482, total=489423
[INFO] [1783988585.299588611] [laser_mapping]: publish_map: frame pts=2905, total=491905
[INFO] [1783988585.346780333] [laser_mapping]: publish_map: frame pts=2905, total=494810
[INFO] [1783988585.374509872] [laser_mapping]: publish_map: frame pts=2540, total=497715
[INFO] [1783988585.404490374] [laser_mapping]: publish_map: frame pts=2540, total=500255
[INFO] [1783988585.430230257] [laser_mapping]: publish_map: frame pts=2540, total=502795
[INFO] [1783988585.483266462] [laser_mapping]: publish_map: frame pts=2647, total=505335
[INFO] [1783988585.509370486] [laser_mapping]: publish_map: frame pts=2647, total=507982
[INFO] [1783988585.537594864] [laser_mapping]: publish_map: frame pts=2815, total=510629
[INFO] [1783988585.564522358] [laser_mapping]: publish_map: frame pts=2815, total=513444
[INFO] [1783988585.619047804] [laser_mapping]: publish_map: frame pts=2815, total=516259
[INFO] [1783988585.647192212] [laser_mapping]: publish_map: frame pts=2614, total=519074
[INFO] [1783988585.703095576] [laser_mapping]: publish_map: frame pts=2614, total=521688
[INFO] [1783988585.732252121] [laser_mapping]: publish_map: frame pts=2684, total=524302
[INFO] [1783988585.762309313] [laser_mapping]: publish_map: frame pts=2684, total=526986
[INFO] [1783988585.789235774] [laser_mapping]: publish_map: frame pts=2684, total=529670
[INFO] [1783988585.845497471] [laser_mapping]: publish_map: frame pts=2819, total=532354
[INFO] [1783988585.904419048] [laser_mapping]: publish_map: frame pts=2819, total=535173
[INFO] [1783988585.935137878] [laser_mapping]: publish_map: frame pts=2488, total=537992
[INFO] [1783988585.967737778] [laser_mapping]: publish_map: frame pts=2488, total=540480
[INFO] [1783988586.009386618] [laser_mapping]: publish_map: frame pts=2877, total=542968
[INFO] [1783988586.041656356] [laser_mapping]: publish_map: frame pts=2732, total=545845
[INFO] [1783988586.071520147] [laser_mapping]: publish_map: frame pts=2732, total=548577
[INFO] [1783988586.101617859] [laser_mapping]: publish_map: frame pts=2480, total=551309
[INFO] [1783988586.131371923] [laser_mapping]: publish_map: frame pts=2480, total=553789
[INFO] [1783988586.161463144] [laser_mapping]: publish_map: frame pts=2480, total=556269
[INFO] [1783988586.191645450] [laser_mapping]: publish_map: frame pts=2793, total=558749
[INFO] [1783988586.222649077] [laser_mapping]: publish_map: frame pts=2793, total=561542
[INFO] [1783988586.260665319] [laser_mapping]: publish_map: frame pts=2677, total=564335
[INFO] [1783988586.292971844] [laser_mapping]: publish_map: frame pts=2677, total=567012
[INFO] [1783988586.323788113] [laser_mapping]: publish_map: frame pts=2677, total=569689
[INFO] [1783988586.354288028] [laser_mapping]: publish_map: frame pts=2627, total=572366
[INFO] [1783988586.387390260] [laser_mapping]: publish_map: frame pts=2627, total=574993
[INFO] [1783988586.446493097] [laser_mapping]: publish_map: frame pts=2819, total=577620
[INFO] [1783988586.493832852] [laser_mapping]: publish_map: frame pts=2819, total=580439
[INFO] [1783988586.542948211] [laser_mapping]: publish_map: frame pts=2819, total=583258
[INFO] [1783988586.575396081] [laser_mapping]: publish_map: frame pts=2506, total=586077
[INFO] [1783988586.607903273] [laser_mapping]: publish_map: frame pts=2506, total=588583
[INFO] [1783988586.638920787] [laser_mapping]: publish_map: frame pts=2679, total=591089
[INFO] [1783988586.670596177] [laser_mapping]: publish_map: frame pts=2679, total=593768
[INFO] [1783988586.722034693] [laser_mapping]: publish_map: frame pts=2916, total=596447
[INFO] [1783988586.765947144] [laser_mapping]: publish_map: frame pts=2916, total=599363
[INFO] [1783988586.798865654] [laser_mapping]: publish_map: frame pts=2916, total=602279
[INFO] [1783988586.833632951] [laser_mapping]: publish_map: frame pts=2550, total=605195
[INFO] [1783988586.866243225] [laser_mapping]: publish_map: frame pts=2550, total=607745
[INFO] [1783988586.897618377] [laser_mapping]: publish_map: frame pts=2550, total=610295
[INFO] [1783988586.931335490] [laser_mapping]: publish_map: frame pts=2757, total=612845
[INFO] [1783988586.967660988] [laser_mapping]: publish_map: frame pts=2734, total=615602
[INFO] [1783988587.003441088] [laser_mapping]: publish_map: frame pts=2734, total=618336
[INFO] [1783988587.041461070] [laser_mapping]: publish_map: frame pts=2539, total=621070
[INFO] [1783988587.081379077] [laser_mapping]: publish_map: frame pts=2539, total=623609
[INFO] [1783988587.145001015] [laser_mapping]: publish_map: frame pts=2901, total=626148
[INFO] [1783988587.191809442] [laser_mapping]: publish_map: frame pts=2901, total=629049
[INFO] [1783988587.240344719] [laser_mapping]: publish_map: frame pts=2697, total=631950
[INFO] [1783988587.287916530] [laser_mapping]: publish_map: frame pts=2697, total=634647
[INFO] [1783988587.336208908] [laser_mapping]: publish_map: frame pts=2496, total=637344
[INFO] [1783988587.388358753] [laser_mapping]: publish_map: frame pts=2496, total=639840
[INFO] [1783988587.446348931] [laser_mapping]: publish_map: frame pts=2819, total=642336
[INFO] [1783988587.509162099] [laser_mapping]: publish_map: frame pts=2819, total=645155
[INFO] [1783988587.548209047] [laser_mapping]: publish_map: frame pts=2621, total=647974
[INFO] [1783988587.585376811] [laser_mapping]: publish_map: frame pts=2677, total=650595
[INFO] [1783988587.622348620] [laser_mapping]: publish_map: frame pts=2677, total=653272
[INFO] [1783988587.658689170] [laser_mapping]: Saving map to /home/hyper/program/2026_Gsing-second_ROS/map/PCD25.pcd...
[INFO] [1783988590.121057215] [laser_mapping]: publish_map: frame pts=2677, total=655949
[INFO] [1783988590.175970616] [laser_mapping]: publish_map: frame pts=2805, total=658626
[INFO] [1783988590.227347946] [laser_mapping]: publish_map: frame pts=2490, total=661431
[INFO] [1783988590.277871039] [laser_mapping]: publish_map: frame pts=2490, total=663921
[INFO] [1783988590.328969925] [laser_mapping]: publish_map: frame pts=2490, total=666411
[INFO] [1783988590.380998645] [laser_mapping]: publish_map: frame pts=2666, total=668901
[INFO] [1783988590.432199886] [laser_mapping]: publish_map: frame pts=2666, total=671567
[INFO] [1783988590.483584958] [laser_mapping]: publish_map: frame pts=2666, total=674233
[INFO] [1783988590.535980283] [laser_mapping]: publish_map: frame pts=2498, total=676899
[INFO] [1783988590.588521070] [laser_mapping]: publish_map: frame pts=2706, total=679397
[INFO] [1783988590.641994253] [laser_mapping]: publish_map: frame pts=2706, total=682103
[INFO] [1783988590.693872405] [laser_mapping]: publish_map: frame pts=2814, total=684809
[INFO] [1783988590.745636076] [laser_mapping]: publish_map: frame pts=2597, total=687623
[INFO] [1783988590.795106923] [laser_mapping]: publish_map: frame pts=2597, total=690220
[INFO] [1783988590.846923625] [laser_mapping]: publish_map: frame pts=2597, total=692817
[INFO] [1783988590.899284369] [laser_mapping]: publish_map: frame pts=2772, total=695414
[INFO] [1783988590.951402867] [laser_mapping]: publish_map: frame pts=2772, total=698186
[INFO] [1783988591.005449333] [laser_mapping]: publish_map: frame pts=2721, total=700958
[INFO] [1783988591.058772920] [laser_mapping]: publish_map: frame pts=2583, total=703679
[INFO] [1783988591.111698670] [laser_mapping]: publish_map: frame pts=2909, total=706262
[INFO] [1783988591.165298379] [laser_mapping]: publish_map: frame pts=2909, total=709171
[INFO] [1783988591.230342773] [laser_mapping]: publish_map: frame pts=2909, total=712080
[INFO] [1783988591.272708405] [laser_mapping]: publish_map: frame pts=2657, total=714989
[INFO] [1783988591.313729756] [laser_mapping]: publish_map: frame pts=2657, total=717646
[INFO] [1783988591.356201255] [laser_mapping]: publish_map: frame pts=2918, total=720303
[INFO] [1783988591.397592318] [laser_mapping]: publish_map: frame pts=2595, total=723221
[INFO] [1783988591.440118055] [laser_mapping]: publish_map: frame pts=2595, total=725816
[INFO] [1783988591.483721062] [laser_mapping]: publish_map: frame pts=2691, total=728411
[INFO] [1783988591.526599648] [laser_mapping]: publish_map: frame pts=2691, total=731102
[INFO] [1783988591.570165603] [laser_mapping]: publish_map: frame pts=2793, total=733793
[INFO] [1783988591.612210490] [laser_mapping]: publish_map: frame pts=2793, total=736586
[INFO] [1783988591.654027587] [laser_mapping]: publish_map: frame pts=2507, total=739379
[INFO] [1783988591.696223123] [laser_mapping]: publish_map: frame pts=2507, total=741886
[INFO] [1783988591.752934591] [laser_mapping]: publish_map: frame pts=2507, total=744393
[INFO] [1783988591.792673813] [laser_mapping]: publish_map: frame pts=2507, total=746900
[INFO] [1783988591.837898276] [laser_mapping]: publish_map: frame pts=2885, total=749407
[INFO] [1783988591.904981653] [laser_mapping]: publish_map: frame pts=2885, total=752292
[INFO] [1783988591.971660649] [laser_mapping]: publish_map: frame pts=2727, total=755177
[INFO] [1783988592.038056043] [laser_mapping]: publish_map: frame pts=2482, total=757904
[INFO] [1783988592.105058249] [laser_mapping]: publish_map: frame pts=2799, total=760386
[INFO] [1783988592.172413015] [laser_mapping]: publish_map: frame pts=2647, total=763185
[INFO] [1783988592.239589166] [laser_mapping]: publish_map: frame pts=2647, total=765832
[INFO] [1783988592.306752268] [laser_mapping]: publish_map: frame pts=2647, total=768479
[INFO] [1783988592.374891671] [laser_mapping]: publish_map: frame pts=2885, total=771126
[INFO] [1783988592.442881718] [laser_mapping]: publish_map: frame pts=2503, total=774011
[INFO] [1783988592.511544722] [laser_mapping]: publish_map: frame pts=2686, total=776514
[INFO] [1783988592.579423347] [laser_mapping]: publish_map: frame pts=2913, total=779200
[INFO] [1783988592.647724941] [laser_mapping]: publish_map: frame pts=2913, total=782113
[INFO] [1783988592.746151642] [laser_mapping]: publish_map: frame pts=2579, total=785026
[INFO] [1783988592.813174293] [laser_mapping]: publish_map: frame pts=2579, total=787605
[INFO] [1783988592.883218940] [laser_mapping]: publish_map: frame pts=2765, total=790184
[INFO] [1783988592.953548882] [laser_mapping]: publish_map: frame pts=2727, total=792949
[INFO] [1783988593.014719205] [laser_mapping]: publish_map: frame pts=2580, total=795676
[INFO] [1783988593.076030927] [laser_mapping]: publish_map: frame pts=2905, total=798256
[INFO] [1783988593.137075847] [laser_mapping]: publish_map: frame pts=2544, total=801161
[INFO] [1783988593.198147560] [laser_mapping]: publish_map: frame pts=2544, total=803705
[INFO] [1783988593.259849140] [laser_mapping]: publish_map: frame pts=2819, total=806249
[INFO] [1783988593.323752413] [laser_mapping]: publish_map: frame pts=2614, total=809068
[INFO] [1783988593.386640125] [laser_mapping]: publish_map: frame pts=2684, total=811682
[INFO] [1783988593.451089537] [laser_mapping]: publish_map: frame pts=2684, total=814366
[INFO] [1783988593.515408764] [laser_mapping]: publish_map: frame pts=2822, total=817050
[INFO] [1783988593.579748607] [laser_mapping]: publish_map: frame pts=2490, total=819872
[INFO] [1783988593.644372101] [laser_mapping]: publish_map: frame pts=2876, total=822362
[INFO] [1783988593.709386990] [laser_mapping]: publish_map: frame pts=2876, total=825238
[INFO] [1783988593.774715045] [laser_mapping]: publish_map: frame pts=2731, total=828114
[INFO] [1783988593.838334457] [laser_mapping]: publish_map: frame pts=2731, total=830845
[INFO] [1783988593.903861384] [laser_mapping]: publish_map: frame pts=2584, total=833576
[INFO] [1783988593.970078629] [laser_mapping]: publish_map: frame pts=2787, total=836160
[INFO] [1783988594.035293006] [laser_mapping]: publish_map: frame pts=2787, total=838947
[INFO] [1783988594.102592506] [laser_mapping]: publish_map: frame pts=2605, total=841734
[INFO] [1783988594.169943839] [laser_mapping]: publish_map: frame pts=2916, total=844339
[INFO] [1783988594.236771126] [laser_mapping]: publish_map: frame pts=2506, total=847255
[INFO] [1783988594.303878138] [laser_mapping]: publish_map: frame pts=2506, total=849761
[INFO] [1783988594.371109869] [laser_mapping]: publish_map: frame pts=2681, total=852267
[INFO] [1783988594.441664318] [laser_mapping]: publish_map: frame pts=2805, total=854948
[INFO] [1783988594.511514849] [laser_mapping]: publish_map: frame pts=2600, total=857753
[INFO] [1783988594.582994799] [laser_mapping]: publish_map: frame pts=2813, total=860353
[INFO] [1783988594.652434209] [laser_mapping]: publish_map: frame pts=2813, total=863166
[INFO] [1783988594.723663447] [laser_mapping]: publish_map: frame pts=2733, total=865979
[INFO] [1783988594.792267909] [laser_mapping]: publish_map: frame pts=2733, total=868712
[INFO] [1783988594.862591840] [laser_mapping]: publish_map: frame pts=2481, total=871445
[INFO] [1783988594.933470107] [laser_mapping]: publish_map: frame pts=2898, total=873926
[INFO] [1783988595.005125511] [laser_mapping]: publish_map: frame pts=2692, total=876824
[INFO] [1783988595.077957050] [laser_mapping]: publish_map: frame pts=2562, total=879516
[INFO] [1783988595.149251968] [laser_mapping]: publish_map: frame pts=2801, total=882078
[INFO] [1783988595.220187748] [laser_mapping]: publish_map: frame pts=2602, total=884879
[INFO] [1783988595.291449165] [laser_mapping]: publish_map: frame pts=2602, total=887481
[INFO] [1783988595.363560078] [laser_mapping]: publish_map: frame pts=2918, total=890083
[INFO] [1783988595.435751116] [laser_mapping]: publish_map: frame pts=2492, total=893001
[INFO] [1783988595.509468077] [laser_mapping]: publish_map: frame pts=2796, total=895493
[INFO] [1783988595.581344255] [laser_mapping]: publish_map: frame pts=2796, total=898289
[INFO] [1783988595.637552933] [laser_mapping]: publish_map: frame pts=2737, total=901085
[INFO] [1783988595.686590508] [laser_mapping]: publish_map: frame pts=2594, total=903822
[INFO] [1783988595.738665282] [laser_mapping]: publish_map: frame pts=2803, total=906416
[INFO] [1783988595.786445102] [laser_mapping]: publish_map: frame pts=2803, total=909219
[INFO] [1783988595.840838135] [laser_mapping]: publish_map: frame pts=2700, total=912022
[INFO] [1783988595.909745829] [laser_mapping]: publish_map: frame pts=2700, total=914722
[INFO] [1783988595.979337216] [laser_mapping]: publish_map: frame pts=2493, total=917422
[INFO] [1783988596.049443781] [laser_mapping]: publish_map: frame pts=2913, total=919915
[INFO] [1783988596.120362849] [laser_mapping]: publish_map: frame pts=2585, total=922828
[INFO] [1783988596.191113234] [laser_mapping]: publish_map: frame pts=2674, total=925413
[INFO] [1783988596.261568709] [laser_mapping]: publish_map: frame pts=2674, total=928087
[INFO] [1783988596.340869480] [laser_mapping]: publish_map: frame pts=2549, total=930761
[INFO] [1783988596.418252895] [laser_mapping]: publish_map: frame pts=2549, total=933310
[INFO] [1783988596.497145234] [laser_mapping]: publish_map: frame pts=2868, total=935859
[INFO] [1783988596.576437773] [laser_mapping]: publish_map: frame pts=2742, total=938727
[INFO] [1783988596.657009711] [laser_mapping]: publish_map: frame pts=2482, total=941469
[INFO] [1783988596.736506507] [laser_mapping]: publish_map: frame pts=2801, total=943951
[INFO] [1783988596.814369848] [laser_mapping]: publish_map: frame pts=2801, total=946752
[INFO] [1783988596.894638422] [laser_mapping]: publish_map: frame pts=2704, total=949553
[INFO] [1783988596.975169763] [laser_mapping]: publish_map: frame pts=2602, total=952257
[INFO] [1783988597.057026786] [laser_mapping]: publish_map: frame pts=2817, total=954859
[INFO] [1783988597.138468268] [laser_mapping]: publish_map: frame pts=2512, total=957676
[INFO] [1783988597.212631544] [laser_mapping]: publish_map: frame pts=2917, total=960188
[INFO] [1783988597.285906331] [laser_mapping]: publish_map: frame pts=2586, total=963105
[INFO] [1783988597.357901609] [laser_mapping]: publish_map: frame pts=2586, total=965691
[INFO] [1783988597.432257775] [laser_mapping]: publish_map: frame pts=2744, total=968277
[INFO] [1783988597.506596918] [laser_mapping]: publish_map: frame pts=2481, total=971021
[INFO] [1783988597.582067195] [laser_mapping]: publish_map: frame pts=2481, total=973502
[INFO] [1783988597.655952070] [laser_mapping]: publish_map: frame pts=2897, total=975983
[INFO] [1783988597.730714030] [laser_mapping]: publish_map: frame pts=2710, total=978880
[INFO] [1783988597.803476372] [laser_mapping]: publish_map: frame pts=2710, total=981590
[INFO] [1783988597.878505060] [laser_mapping]: publish_map: frame pts=2505, total=984300
[INFO] [1783988597.953049304] [laser_mapping]: publish_map: frame pts=2799, total=986805
[INFO] [1783988598.027761525] [laser_mapping]: publish_map: frame pts=2608, total=989604
[INFO] [1783988598.103355506] [laser_mapping]: publish_map: frame pts=2673, total=992212
[INFO] [1783988598.178405648] [laser_mapping]: publish_map: frame pts=2494, total=994885
[INFO] [1783988598.254892109] [laser_mapping]: publish_map: frame pts=2494, total=997379
[INFO] [1783988598.330320150] [laser_mapping]: publish_map: frame pts=2494, total=999873
[INFO] [1783988598.406399112] [laser_mapping]: publish_map: frame pts=2746, total=1002367
[INFO] [1783988598.484058587] [laser_mapping]: publish_map: frame pts=2592, total=1005113
[INFO] [1783988598.560212722] [laser_mapping]: publish_map: frame pts=2898, total=1007705
[INFO] [1783988598.637491056] [laser_mapping]: publish_map: frame pts=2713, total=1010603
[INFO] [1783988598.713678844] [laser_mapping]: publish_map: frame pts=2484, total=1013316
[INFO] [1783988598.788750324] [laser_mapping]: publish_map: frame pts=2484, total=1015800
[INFO] [1783988598.865591750] [laser_mapping]: publish_map: frame pts=2913, total=1018284
[INFO] [1783988598.943192941] [laser_mapping]: publish_map: frame pts=2624, total=1021197
[INFO] [1783988599.021094849] [laser_mapping]: publish_map: frame pts=2669, total=1023821
[INFO] [1783988599.099068636] [laser_mapping]: publish_map: frame pts=2806, total=1026490
[INFO] [1783988599.176437248] [laser_mapping]: publish_map: frame pts=2570, total=1029296
[INFO] [1783988599.255686792] [laser_mapping]: publish_map: frame pts=2851, total=1031866
[INFO] [1783988599.344152451] [laser_mapping]: publish_map: frame pts=2851, total=1034717
[INFO] [1783988599.431570044] [laser_mapping]: publish_map: frame pts=2484, total=1037568
[INFO] [1783988599.518261312] [laser_mapping]: publish_map: frame pts=2892, total=1040052
[INFO] [1783988599.601402892] [laser_mapping]: publish_map: frame pts=2715, total=1042944
[INFO] [1783988599.678253545] [laser_mapping]: publish_map: frame pts=2597, total=1045659
[INFO] [1783988599.754851650] [laser_mapping]: publish_map: frame pts=2833, total=1048256
[INFO] [1783988599.830394190] [laser_mapping]: publish_map: frame pts=2833, total=1051089
[INFO] [1783988599.907757449] [laser_mapping]: publish_map: frame pts=2521, total=1053922
[INFO] [1783988599.987243457] [laser_mapping]: publish_map: frame pts=2665, total=1056443
[INFO] [1783988600.065681926] [laser_mapping]: publish_map: frame pts=2919, total=1059108
[INFO] [1783988600.144899085] [laser_mapping]: publish_map: frame pts=2600, total=1062027
[INFO] [1783988600.209524202] [laser_mapping]: publish_map: frame pts=2766, total=1064627
[INFO] [1783988600.275479134] [laser_mapping]: publish_map: frame pts=2483, total=1067393
[INFO] [1783988600.339791411] [laser_mapping]: publish_map: frame pts=2483, total=1069876
[INFO] [1783988600.404870482] [laser_mapping]: publish_map: frame pts=2719, total=1072359
[INFO] [1783988600.470691868] [laser_mapping]: publish_map: frame pts=2719, total=1075078
[INFO] [1783988600.536758000] [laser_mapping]: publish_map: frame pts=2481, total=1077797
[INFO] [1783988600.613605776] [laser_mapping]: publish_map: frame pts=2798, total=1080278
[INFO] [1783988600.691923553] [laser_mapping]: publish_map: frame pts=2616, total=1083076
[INFO] [1783988600.787333375] [laser_mapping]: publish_map: frame pts=2616, total=1085692
[INFO] [1783988600.882463608] [laser_mapping]: publish_map: frame pts=2665, total=1088308
[INFO] [1783988600.983111583] [laser_mapping]: publish_map: frame pts=2665, total=1090973
[INFO] [1783988601.077974144] [laser_mapping]: publish_map: frame pts=2919, total=1093638
[INFO] [1783988601.172986408] [laser_mapping]: publish_map: frame pts=2499, total=1096557
[INFO] [1783988601.267847037] [laser_mapping]: publish_map: frame pts=2597, total=1099056
[INFO] [1783988601.366021499] [laser_mapping]: publish_map: frame pts=2597, total=1101653
[INFO] [1783988601.451189902] [laser_mapping]: publish_map: frame pts=2597, total=1104250
[INFO] [1783988601.542887181] [laser_mapping]: publish_map: frame pts=2481, total=1106847
[INFO] [1783988601.631501046] [laser_mapping]: publish_map: frame pts=2910, total=1109328
[INFO] [1783988601.720570766] [laser_mapping]: publish_map: frame pts=2661, total=1112238
[INFO] [1783988601.807936972] [laser_mapping]: publish_map: frame pts=2661, total=1114899
[INFO] [1783988601.898114795] [laser_mapping]: publish_map: frame pts=2803, total=1117560
[INFO] [1783988601.989983055] [laser_mapping]: publish_map: frame pts=2597, total=1120363
[INFO] [1783988602.060898218] [laser_mapping]: publish_map: frame pts=2696, total=1122960
[INFO] [1783988602.133238874] [laser_mapping]: publish_map: frame pts=2908, total=1125656
[INFO] [1783988602.203857571] [laser_mapping]: publish_map: frame pts=2787, total=1128564
[INFO] [1783988602.274425880] [laser_mapping]: publish_map: frame pts=2721, total=1131351
[INFO] [1783988602.345476062] [laser_mapping]: publish_map: frame pts=2721, total=1134072
[INFO] [1783988602.418781458] [laser_mapping]: publish_map: frame pts=2909, total=1136793
[INFO] [1783988602.518534384] [laser_mapping]: publish_map: frame pts=2909, total=1139702
[INFO] [1783988602.618699130] [laser_mapping]: publish_map: frame pts=2531, total=1142611
[INFO] [1783988602.716884179] [laser_mapping]: publish_map: frame pts=2658, total=1145142
[INFO] [1783988602.814946473] [laser_mapping]: publish_map: frame pts=2658, total=1147800
[INFO] [1783988602.916367844] [laser_mapping]: publish_map: frame pts=2866, total=1150458
[INFO] [1783988603.017068219] [laser_mapping]: publish_map: frame pts=2694, total=1153324
[INFO] [1783988603.117425951] [laser_mapping]: publish_map: frame pts=2818, total=1156018
[INFO] [1783988603.218678959] [laser_mapping]: publish_map: frame pts=2486, total=1158836
[INFO] [1783988603.320684948] [laser_mapping]: publish_map: frame pts=2725, total=1161322
[INFO] [1783988603.423771233] [laser_mapping]: publish_map: frame pts=2795, total=1164047
[INFO] [1783988603.526798741] [laser_mapping]: publish_map: frame pts=2638, total=1166842
[INFO] [1783988603.628598330] [laser_mapping]: publish_map: frame pts=2654, total=1169480
[INFO] [1783988603.731328408] [laser_mapping]: publish_map: frame pts=2918, total=1172134
[INFO] [1783988603.831717987] [laser_mapping]: publish_map: frame pts=2918, total=1175052
[INFO] [1783988603.933801358] [laser_mapping]: publish_map: frame pts=2918, total=1177970
[INFO] [1783988604.034393747] [laser_mapping]: publish_map: frame pts=2866, total=1180888
[INFO] [1783988604.134270546] [laser_mapping]: publish_map: frame pts=2600, total=1183754
[INFO] [1783988604.235003435] [laser_mapping]: publish_map: frame pts=2887, total=1186354
[INFO] [1783988604.330424249] [laser_mapping]: publish_map: frame pts=2888, total=1189241
[INFO] [1783988604.427018888] [laser_mapping]: publish_map: frame pts=2888, total=1192129
[INFO] [1783988604.524017274] [laser_mapping]: publish_map: frame pts=2654, total=1195017
[INFO] [1783988604.626854412] [laser_mapping]: publish_map: frame pts=2822, total=1197671
[INFO] [1783988604.726413046] [laser_mapping]: publish_map: frame pts=2822, total=1200493
[INFO] [1783988604.822247419] [laser_mapping]: publish_map: frame pts=2822, total=1203315
[INFO] [1783988604.918186578] [laser_mapping]: publish_map: frame pts=2686, total=1206137
[INFO] [1783988605.024635570] [laser_mapping]: publish_map: frame pts=2597, total=1208823
[INFO] [1783988605.127348537] [laser_mapping]: publish_map: frame pts=2782, total=1211420
[INFO] [1783988605.230522699] [laser_mapping]: publish_map: frame pts=2728, total=1214202
[INFO] [1783988605.333945465] [laser_mapping]: publish_map: frame pts=2903, total=1216930
[INFO] [1783988605.437649586] [laser_mapping]: publish_map: frame pts=2653, total=1219833
[INFO] [1783988605.541648152] [laser_mapping]: publish_map: frame pts=2808, total=1222486
[INFO] [1783988605.644451224] [laser_mapping]: publish_map: frame pts=2500, total=1225294
[INFO] [1783988605.765382395] [laser_mapping]: publish_map: frame pts=2500, total=1227794
[INFO] [1783988605.867435448] [laser_mapping]: publish_map: frame pts=2500, total=1230294
[INFO] [1783988605.965880880] [laser_mapping]: publish_map: frame pts=2589, total=1232794
[INFO] [1783988606.066375432] [laser_mapping]: publish_map: frame pts=2770, total=1235383
[INFO] [1783988606.167942191] [laser_mapping]: publish_map: frame pts=2729, total=1238153
[INFO] [1783988606.269563885] [laser_mapping]: publish_map: frame pts=2729, total=1240882
[INFO] [1783988606.393807624] [laser_mapping]: publish_map: frame pts=2647, total=1243611
[INFO] [1783988606.513972400] [laser_mapping]: publish_map: frame pts=2647, total=1246258
[INFO] [1783988606.599526161] [laser_mapping]: publish_map: frame pts=2647, total=1248905
[INFO] [1783988606.684956437] [laser_mapping]: publish_map: frame pts=2873, total=1251552
[INFO] [1783988606.772615344] [laser_mapping]: publish_map: frame pts=2490, total=1254425
[INFO] [1783988606.857717186] [laser_mapping]: publish_map: frame pts=2490, total=1256915
[INFO] [1783988606.945136376] [laser_mapping]: publish_map: frame pts=2490, total=1259405
[INFO] [1783988607.032504472] [laser_mapping]: publish_map: frame pts=2731, total=1261895
[INFO] [1783988607.120527150] [laser_mapping]: publish_map: frame pts=2591, total=1264626
[INFO] [1783988607.209984307] [laser_mapping]: publish_map: frame pts=2798, total=1267217
[INFO] [1783988607.344620576] [laser_mapping]: publish_map: frame pts=2642, total=1270015
[INFO] [1783988607.480195474] [laser_mapping]: publish_map: frame pts=2608, total=1272657
[INFO] [1783988607.618062794] [laser_mapping]: publish_map: frame pts=2608, total=1275265
[INFO] [1783988607.749533004] [laser_mapping]: publish_map: frame pts=2803, total=1277873
[INFO] [1783988607.890769565] [laser_mapping]: publish_map: frame pts=2803, total=1280676
[INFO] [1783988608.003588182] [laser_mapping]: publish_map: frame pts=2878, total=1283479
[INFO] [1783988608.116908795] [laser_mapping]: publish_map: frame pts=2732, total=1286357
[INFO] [1783988608.245358805] [laser_mapping]: publish_map: frame pts=2786, total=1289089
[INFO] [1783988608.340315061] [laser_mapping]: publish_map: frame pts=2638, total=1291875
[INFO] [1783988608.434354256] [laser_mapping]: publish_map: frame pts=2508, total=1294513
[INFO] [1783988608.529813986] [laser_mapping]: publish_map: frame pts=2805, total=1297021
[INFO] [1783988608.626611133] [laser_mapping]: publish_map: frame pts=2600, total=1299826
[INFO] [1783988608.720195927] [laser_mapping]: publish_map: frame pts=2600, total=1302426
[INFO] [1783988608.816969259] [laser_mapping]: publish_map: frame pts=2600, total=1305026
[INFO] [1783988608.917521447] [laser_mapping]: publish_map: frame pts=2734, total=1307626
[INFO] [1783988609.033554805] [laser_mapping]: publish_map: frame pts=2483, total=1310360
[INFO] [1783988609.151082997] [laser_mapping]: publish_map: frame pts=2686, total=1312843
[INFO] [1783988609.247796055] [laser_mapping]: publish_map: frame pts=2613, total=1315529
[INFO] [1783988609.345493865] [laser_mapping]: publish_map: frame pts=2506, total=1318142
[INFO] [1783988609.443110004] [laser_mapping]: publish_map: frame pts=2916, total=1320648
[INFO] [1783988609.544819881] [laser_mapping]: publish_map: frame pts=2546, total=1323564
[INFO] [1783988609.641784723] [laser_mapping]: publish_map: frame pts=2546, total=1326110
[INFO] [1783988609.743671620] [laser_mapping]: publish_map: frame pts=2735, total=1328656
[INFO] [1783988609.840740264] [laser_mapping]: publish_map: frame pts=2735, total=1331391
[INFO] [1783988609.941972760] [laser_mapping]: publish_map: frame pts=2901, total=1334126
[INFO] [1783988610.061044811] [laser_mapping]: publish_map: frame pts=2699, total=1337027
[INFO] [1783988610.178652768] [laser_mapping]: publish_map: frame pts=2496, total=1339726
[INFO] [1783988610.277979391] [laser_mapping]: publish_map: frame pts=2496, total=1342222
[INFO] [1783988610.380195776] [laser_mapping]: publish_map: frame pts=2883, total=1344718
[INFO] [1783988610.480273920] [laser_mapping]: publish_map: frame pts=2883, total=1347601
[INFO] [1783988610.582056458] [laser_mapping]: publish_map: frame pts=2883, total=1350484
[INFO] [1783988610.684722559] [laser_mapping]: publish_map: frame pts=2594, total=1353367
[INFO] [1783988610.781872029] [laser_mapping]: publish_map: frame pts=2594, total=1355961
[INFO] [1783988610.883206712] [laser_mapping]: publish_map: frame pts=2796, total=1358555
[INFO] [1783988611.003209667] [laser_mapping]: publish_map: frame pts=2700, total=1361351
[INFO] [1783988611.123060694] [laser_mapping]: publish_map: frame pts=2700, total=1364051
[INFO] [1783988611.241971701] [laser_mapping]: publish_map: frame pts=2611, total=1366751
[INFO] [1783988611.369638941] [laser_mapping]: publish_map: frame pts=2803, total=1369362
[INFO] [1783988611.490861563] [laser_mapping]: publish_map: frame pts=2803, total=1372165
[INFO] [1783988611.612624613] [laser_mapping]: publish_map: frame pts=2739, total=1374968
[INFO] [1783988611.734447289] [laser_mapping]: publish_map: frame pts=2556, total=1377707
[INFO] [1783988611.853980381] [laser_mapping]: publish_map: frame pts=2556, total=1380263
[INFO] [1783988611.976489136] [laser_mapping]: publish_map: frame pts=2701, total=1382819
[INFO] [1783988612.098619547] [laser_mapping]: publish_map: frame pts=2490, total=1385520
[INFO] [1783988612.201962302] [laser_mapping]: publish_map: frame pts=2595, total=1388010
[INFO] [1783988612.305024490] [laser_mapping]: publish_map: frame pts=2675, total=1390605
[INFO] [1783988612.406124354] [laser_mapping]: publish_map: frame pts=2868, total=1393280
[INFO] [1783988612.506146245] [laser_mapping]: publish_map: frame pts=2868, total=1396148
[INFO] [1783988612.607796775] [laser_mapping]: publish_map: frame pts=2784, total=1399016
[INFO] [1783988612.711255691] [laser_mapping]: publish_map: frame pts=2702, total=1401800
[INFO] [1783988612.812980032] [laser_mapping]: publish_map: frame pts=2702, total=1404502
[INFO] [1783988612.916392880] [laser_mapping]: publish_map: frame pts=2579, total=1407204
[INFO] [1783988613.040287463] [laser_mapping]: publish_map: frame pts=2579, total=1409783
[INFO] [1783988613.164860528] [laser_mapping]: publish_map: frame pts=2672, total=1412362
[INFO] [1783988613.288192901] [laser_mapping]: publish_map: frame pts=2808, total=1415034
[INFO] [1783988613.412249283] [laser_mapping]: publish_map: frame pts=2742, total=1417842
[INFO] [1783988613.530861540] [laser_mapping]: publish_map: frame pts=2742, total=1420584
[INFO] [1783988613.651546535] [laser_mapping]: publish_map: frame pts=2706, total=1423326
[INFO] [1783988613.771397421] [laser_mapping]: publish_map: frame pts=2602, total=1426032
[INFO] [1783988613.890974192] [laser_mapping]: publish_map: frame pts=2602, total=1428634
[INFO] [1783988614.011621669] [laser_mapping]: publish_map: frame pts=2820, total=1431236
[INFO] [1783988614.139398268] [laser_mapping]: publish_map: frame pts=2671, total=1434056
[INFO] [1783988614.266050736] [laser_mapping]: publish_map: frame pts=2918, total=1436727
[INFO] [1783988614.392939411] [laser_mapping]: publish_map: frame pts=2760, total=1439645
[INFO] [1783988614.520076895] [laser_mapping]: publish_map: frame pts=2896, total=1442405
[INFO] [1783988614.648413170] [laser_mapping]: publish_map: frame pts=2896, total=1445301
[INFO] [1783988614.780810568] [laser_mapping]: publish_map: frame pts=2802, total=1448197
[INFO] [1783988614.906205429] [laser_mapping]: publish_map: frame pts=2802, total=1450999
[INFO] [1783988615.034399804] [laser_mapping]: publish_map: frame pts=2609, total=1453801
[INFO] [1783988615.164434541] [laser_mapping]: publish_map: frame pts=2917, total=1456410
[INFO] [1783988615.293798336] [laser_mapping]: publish_map: frame pts=2494, total=1459327
[INFO] [1783988615.422907867] [laser_mapping]: publish_map: frame pts=2745, total=1461821
[INFO] [1783988615.551941240] [laser_mapping]: publish_map: frame pts=2713, total=1464566
[INFO] [1783988615.655787803] [laser_mapping]: publish_map: frame pts=2713, total=1467279
[INFO] [1783988615.763767205] [laser_mapping]: publish_map: frame pts=2627, total=1469992
[INFO] [1783988615.870014919] [laser_mapping]: publish_map: frame pts=2627, total=1472619
[INFO] [1783988615.979165296] [laser_mapping]: publish_map: frame pts=2809, total=1475246
[INFO] [1783988616.106478910] [laser_mapping]: publish_map: frame pts=2493, total=1478055
[INFO] [1783988616.236445731] [laser_mapping]: publish_map: frame pts=2854, total=1480548
[INFO] [1783988616.363658170] [laser_mapping]: publish_map: frame pts=2556, total=1483402
[INFO] [1783988616.547184528] [laser_mapping]: publish_map: frame pts=2713, total=1485958
[INFO] [1783988616.674426839] [laser_mapping]: publish_map: frame pts=2713, total=1488671
[INFO] [1783988616.798695329] [laser_mapping]: publish_map: frame pts=2713, total=1491384
[INFO] [1783988616.925128152] [laser_mapping]: publish_map: frame pts=2519, total=1494097
[INFO] [1783988617.054447913] [laser_mapping]: publish_map: frame pts=2574, total=1496616
[INFO] [1783988617.181523203] [laser_mapping]: publish_map: frame pts=2574, total=1499190
[INFO] [1783988617.309414335] [laser_mapping]: publish_map: frame pts=2486, total=1501764
[INFO] [1783988617.437871765] [laser_mapping]: publish_map: frame pts=2598, total=1504250
[INFO] [1783988617.567274562] [laser_mapping]: publish_map: frame pts=2598, total=1506848
[INFO] [1783988617.695640876] [laser_mapping]: publish_map: frame pts=2665, total=1509446
[INFO] [1783988617.821821278] [laser_mapping]: publish_map: frame pts=2665, total=1512111
[INFO] [1783988617.951114463] [laser_mapping]: publish_map: frame pts=2919, total=1514776
[INFO] [1783988618.080455090] [laser_mapping]: publish_map: frame pts=2813, total=1517695
[INFO] [1783988618.208970195] [laser_mapping]: publish_map: frame pts=2760, total=1520508
[INFO] [1783988618.339170541] [laser_mapping]: publish_map: frame pts=2890, total=1523268
[INFO] [1783988618.469590866] [laser_mapping]: publish_map: frame pts=2802, total=1526158
[INFO] [1783988618.598218599] [laser_mapping]: publish_map: frame pts=2802, total=1528960
[INFO] [1783988618.723502686] [laser_mapping]: publish_map: frame pts=2917, total=1531762
[INFO] [1783988618.845875271] [laser_mapping]: publish_map: frame pts=2917, total=1534679
[INFO] [1783988618.971077479] [laser_mapping]: publish_map: frame pts=2726, total=1537596
[INFO] [1783988619.097974608] [laser_mapping]: publish_map: frame pts=2767, total=1540322
[INFO] [1783988619.224172439] [laser_mapping]: publish_map: frame pts=2891, total=1543089
[INFO] [1783988619.350261793] [laser_mapping]: publish_map: frame pts=2720, total=1545980
[INFO] [1783988619.478225510] [laser_mapping]: publish_map: frame pts=2638, total=1548700
[INFO] [1783988619.606837773] [laser_mapping]: publish_map: frame pts=2638, total=1551338
[INFO] [1783988619.733017258] [laser_mapping]: publish_map: frame pts=2500, total=1553976
[INFO] [1783988619.857659065] [laser_mapping]: publish_map: frame pts=2500, total=1556476
[INFO] [1783988619.984938681] [laser_mapping]: publish_map: frame pts=2901, total=1558976
[INFO] [1783988620.112248058] [laser_mapping]: publish_map: frame pts=2594, total=1561877
[INFO] [1783988620.240569070] [laser_mapping]: publish_map: frame pts=2720, total=1564471
[INFO] [1783988620.358117258] [laser_mapping]: publish_map: frame pts=2481, total=1567191
[INFO] [1783988620.476972854] [laser_mapping]: publish_map: frame pts=2661, total=1569672
[INFO] [1783988620.595864097] [laser_mapping]: publish_map: frame pts=2661, total=1572333
[INFO] [1783988620.715320715] [laser_mapping]: publish_map: frame pts=2701, total=1574994
[INFO] [1783988620.833874107] [laser_mapping]: publish_map: frame pts=2701, total=1577695
[INFO] [1783988620.956889172] [laser_mapping]: publish_map: frame pts=2563, total=1580396
[INFO] [1783988621.102353781] [laser_mapping]: publish_map: frame pts=2773, total=1582959
[INFO] [1783988621.240350316] [laser_mapping]: publish_map: frame pts=2481, total=1585732
[INFO] [1783988621.378281326] [laser_mapping]: publish_map: frame pts=2907, total=1588213
[INFO] [1783988621.514428194] [laser_mapping]: publish_map: frame pts=2805, total=1591120
[INFO] [1783988621.647813958] [laser_mapping]: publish_map: frame pts=2805, total=1593925
[INFO] [1783988621.779697220] [laser_mapping]: publish_map: frame pts=2805, total=1596730
[INFO] [1783988621.914700365] [laser_mapping]: publish_map: frame pts=2487, total=1599535
[INFO] [1783988622.050849471] [laser_mapping]: publish_map: frame pts=2876, total=1602022
[INFO] [1783988622.185436821] [laser_mapping]: publish_map: frame pts=2596, total=1604898
[INFO] [1783988622.315852058] [laser_mapping]: publish_map: frame pts=2812, total=1607494
[INFO] [1783988622.448274171] [laser_mapping]: publish_map: frame pts=2603, total=1610306
[INFO] [1783988622.579699150] [laser_mapping]: publish_map: frame pts=2603, total=1612909
[INFO] [1783988622.711299208] [laser_mapping]: publish_map: frame pts=2486, total=1615512
[INFO] [1783988622.858595378] [laser_mapping]: publish_map: frame pts=2486, total=1617998
[INFO] [1783988623.089602874] [laser_mapping]: publish_map: frame pts=2884, total=1620484
[INFO] [1783988623.278001907] [laser_mapping]: publish_map: frame pts=2521, total=1623368
[INFO] [1783988623.472651402] [laser_mapping]: publish_map: frame pts=2531, total=1625889
[INFO] [1783988623.620927539] [laser_mapping]: publish_map: frame pts=2657, total=1628420
[INFO] [1783988623.774888086] [laser_mapping]: publish_map: frame pts=2487, total=1631077
[INFO] [1783988623.915050352] [laser_mapping]: publish_map: frame pts=2487, total=1633564
[INFO] [1783988624.060441210] [laser_mapping]: publish_map: frame pts=2593, total=1636051
[INFO] [1783988624.202716435] [laser_mapping]: publish_map: frame pts=2593, total=1638644
[INFO] [1783988624.344829161] [laser_mapping]: publish_map: frame pts=2657, total=1641237
[INFO] [1783988624.487214611] [laser_mapping]: publish_map: frame pts=2613, total=1643894
[INFO] [1783988624.629468062] [laser_mapping]: publish_map: frame pts=2486, total=1646507
[INFO] [1783988624.774399882] [laser_mapping]: publish_map: frame pts=2486, total=1648993
[INFO] [1783988624.899548539] [laser_mapping]: publish_map: frame pts=2486, total=1651479
[INFO] [1783988625.028323909] [laser_mapping]: publish_map: frame pts=2790, total=1653965
[INFO] [1783988625.220411343] [laser_mapping]: publish_map: frame pts=2628, total=1656755
[INFO] [1783988625.415036643] [laser_mapping]: publish_map: frame pts=2918, total=1659383
[INFO] [1783988625.613925094] [laser_mapping]: publish_map: frame pts=2687, total=1662301
[INFO] [1783988625.802634884] [laser_mapping]: publish_map: frame pts=2687, total=1664988
[INFO] [1783988625.999145622] [laser_mapping]: publish_map: frame pts=2727, total=1667675
[INFO] [1783988626.204262505] [laser_mapping]: publish_map: frame pts=2903, total=1670402
[INFO] [1783988626.410237815] [laser_mapping]: publish_map: frame pts=2903, total=1673305
[INFO] [1783988626.611548409] [laser_mapping]: publish_map: frame pts=2687, total=1676208
[INFO] [1783988626.810323782] [laser_mapping]: publish_map: frame pts=2687, total=1678895
[INFO] [1783988627.008882051] [laser_mapping]: publish_map: frame pts=2727, total=1681582
[INFO] [1783988627.221317033] [laser_mapping]: publish_map: frame pts=2547, total=1684309
[INFO] [1783988627.427344429] [laser_mapping]: publish_map: frame pts=2547, total=1686856
[INFO] [1783988627.626284279] [laser_mapping]: publish_map: frame pts=2803, total=1689403
[INFO] [1783988627.827654852] [laser_mapping]: publish_map: frame pts=2803, total=1692206
[INFO] [1783988628.035345812] [laser_mapping]: publish_map: frame pts=2788, total=1695009
[INFO] [1783988628.248288693] [laser_mapping]: publish_map: frame pts=2642, total=1697797
[INFO] [1783988628.470505678] [laser_mapping]: publish_map: frame pts=2684, total=1700439
[INFO] [1783988628.683553138] [laser_mapping]: publish_map: frame pts=2491, total=1703123
[INFO] [1783988628.891172260] [laser_mapping]: publish_map: frame pts=2491, total=1705614
[INFO] [1783988629.104283651] [laser_mapping]: publish_map: frame pts=2548, total=1708105
[INFO] [1783988629.314748250] [laser_mapping]: publish_map: frame pts=2531, total=1710653
[INFO] [1783988629.534524824] [laser_mapping]: publish_map: frame pts=2798, total=1713184
[INFO] [1783988629.749011650] [laser_mapping]: publish_map: frame pts=2733, total=1715982
[INFO] [1783988629.967462495] [laser_mapping]: publish_map: frame pts=2733, total=1718715
[INFO] [1783988630.180375842] [laser_mapping]: publish_map: frame pts=2917, total=1721448
[INFO] [1783988630.399819317] [laser_mapping]: publish_map: frame pts=2679, total=1724365
[INFO] [1783988630.619124383] [laser_mapping]: publish_map: frame pts=2878, total=1727044
[INFO] [1783988630.843962416] [laser_mapping]: publish_map: frame pts=2878, total=1729922
[INFO] [1783988631.072090759] [laser_mapping]: publish_map: frame pts=2817, total=1732800
[INFO] [1783988631.291142307] [laser_mapping]: publish_map: frame pts=2679, total=1735617
[INFO] [1783988631.516163448] [laser_mapping]: publish_map: frame pts=2679, total=1738296
[INFO] [1783988631.740647966] [laser_mapping]: publish_map: frame pts=2483, total=1740975
[INFO] [1783988631.953142912] [laser_mapping]: publish_map: frame pts=2483, total=1743458
[INFO] [1783988632.159354583] [laser_mapping]: publish_map: frame pts=2509, total=1745941
[INFO] [1783988632.376957925] [laser_mapping]: publish_map: frame pts=2603, total=1748450
[INFO] [1783988632.582639155] [laser_mapping]: publish_map: frame pts=2483, total=1751053
[INFO] [1783988632.790132242] [laser_mapping]: publish_map: frame pts=2483, total=1753536
[INFO] [1783988633.021535842] [laser_mapping]: publish_map: frame pts=2483, total=1756019
[INFO] [1783988633.254354426] [laser_mapping]: publish_map: frame pts=2917, total=1758502
[INFO] [1783988633.475982513] [laser_mapping]: publish_map: frame pts=2735, total=1761419
[INFO] [1783988633.702323490] [laser_mapping]: publish_map: frame pts=2735, total=1764154
[INFO] [1783988633.915796050] [laser_mapping]: publish_map: frame pts=2735, total=1766889
[INFO] [1783988634.134530520] [laser_mapping]: publish_map: frame pts=2916, total=1769624
[INFO] [1783988634.348533056] [laser_mapping]: publish_map: frame pts=2734, total=1772540
[INFO] [1783988634.565110827] [laser_mapping]: publish_map: frame pts=2900, total=1775274
[INFO] [1783988634.769859733] [laser_mapping]: publish_map: frame pts=2862, total=1778174
[INFO] [1783988634.981031137] [laser_mapping]: publish_map: frame pts=2862, total=1781036
[INFO] [1783988635.200723286] [laser_mapping]: publish_map: frame pts=2868, total=1783898
[INFO] [1783988635.424394950] [laser_mapping]: publish_map: frame pts=2791, total=1786766
[INFO] [1783988635.661401877] [laser_mapping]: publish_map: frame pts=2643, total=1789557
[INFO] [1783988635.897313031] [laser_mapping]: publish_map: frame pts=2643, total=1792200
[INFO] [1783988636.131953968] [laser_mapping]: publish_map: frame pts=2681, total=1794843
[INFO] [1783988636.360338916] [laser_mapping]: publish_map: frame pts=2482, total=1797524
[INFO] [1783988636.528674157] [laser_mapping]: publish_map: frame pts=2630, total=1800006
[INFO] [1783988636.753559684] [laser_mapping]: publish_map: frame pts=2678, total=1802636
[INFO] [1783988636.980257560] [laser_mapping]: publish_map: frame pts=2678, total=1805314
[INFO] [1783988637.205616631] [laser_mapping]: publish_map: frame pts=2482, total=1807992
[INFO] [1783988637.412135034] [laser_mapping]: publish_map: frame pts=2482, total=1810474
[INFO] [1783988637.620174885] [laser_mapping]: publish_map: frame pts=2510, total=1812956
[INFO] [1783988637.811932515] [laser_mapping]: publish_map: frame pts=2510, total=1815466
[INFO] [1783988638.005588904] [laser_mapping]: publish_map: frame pts=2603, total=1817976
[INFO] [1783988638.207758427] [laser_mapping]: publish_map: frame pts=2674, total=1820579
[INFO] [1783988638.426083485] [laser_mapping]: publish_map: frame pts=2674, total=1823253
[INFO] [1783988638.631986542] [laser_mapping]: publish_map: frame pts=2902, total=1825927
[INFO] [1783988638.828303108] [laser_mapping]: publish_map: frame pts=2902, total=1828829
[INFO] [1783988639.048767461] [laser_mapping]: publish_map: frame pts=2482, total=1831731
[INFO] [1783988639.267726682] [laser_mapping]: publish_map: frame pts=2561, total=1834213
[INFO] [1783988639.478606627] [laser_mapping]: publish_map: frame pts=2561, total=1836774
[INFO] [1783988639.690129665] [laser_mapping]: publish_map: frame pts=2492, total=1839335
[INFO] [1783988639.898787635] [laser_mapping]: publish_map: frame pts=2492, total=1841827
[INFO] [1783988640.107850003] [laser_mapping]: publish_map: frame pts=2699, total=1844319
[INFO] [1783988640.322852017] [laser_mapping]: publish_map: frame pts=2612, total=1847018
[INFO] [1783988640.528821640] [laser_mapping]: publish_map: frame pts=2801, total=1849630
[INFO] [1783988640.744236773] [laser_mapping]: publish_map: frame pts=2741, total=1852431
[INFO] [1783988640.966613511] [laser_mapping]: publish_map: frame pts=2741, total=1855172
[INFO] [1783988641.180418104] [laser_mapping]: publish_map: frame pts=2913, total=1857913
[INFO] [1783988641.393235755] [laser_mapping]: publish_map: frame pts=2674, total=1860826
[INFO] [1783988641.603970003] [laser_mapping]: publish_map: frame pts=2868, total=1863500
[INFO] [1783988641.760314053] [laser_mapping]: publish_map: frame pts=2507, total=1866368
[INFO] [1783988641.942182000] [laser_mapping]: publish_map: frame pts=2507, total=1868875
[INFO] [1783988642.146797489] [laser_mapping]: publish_map: frame pts=2516, total=1871382
[INFO] [1783988642.360154683] [laser_mapping]: publish_map: frame pts=2607, total=1873898
[INFO] [1783988642.569246129] [laser_mapping]: publish_map: frame pts=2607, total=1876505
[INFO] [1783988642.769159111] [laser_mapping]: publish_map: frame pts=2896, total=1879112
[INFO] [1783988642.956317418] [laser_mapping]: publish_map: frame pts=2896, total=1882008
[INFO] [1783988643.150428090] [laser_mapping]: publish_map: frame pts=2672, total=1884904
[INFO] [1783988643.350910149] [laser_mapping]: publish_map: frame pts=2754, total=1887576
[INFO] [1783988643.552655313] [laser_mapping]: publish_map: frame pts=2482, total=1890330
[INFO] [1783988643.783297928] [laser_mapping]: publish_map: frame pts=2482, total=1892812
[INFO] [1783988644.002738530] [laser_mapping]: publish_map: frame pts=2482, total=1895294
[INFO] [1783988644.212473227] [laser_mapping]: publish_map: frame pts=2917, total=1897776
[INFO] [1783988644.428974099] [laser_mapping]: publish_map: frame pts=2917, total=1900693
[INFO] [1783988644.655443489] [laser_mapping]: publish_map: frame pts=2896, total=1903610
[INFO] [1783988644.868398909] [laser_mapping]: publish_map: frame pts=2896, total=1906506
[INFO] [1783988645.075439349] [laser_mapping]: publish_map: frame pts=2670, total=1909402
[INFO] [1783988645.305526711] [laser_mapping]: publish_map: frame pts=2856, total=1912072
[INFO] [1783988645.546200446] [laser_mapping]: publish_map: frame pts=2789, total=1914928
[INFO] [1783988645.786788933] [laser_mapping]: publish_map: frame pts=2789, total=1917717
[INFO] [1783988646.013150162] [laser_mapping]: publish_map: frame pts=2484, total=1920506
[INFO] [1783988646.239657278] [laser_mapping]: publish_map: frame pts=2497, total=1922990
[INFO] [1783988646.512555134] [laser_mapping]: publish_map: frame pts=2594, total=1925487
[INFO] [1783988646.786800568] [laser_mapping]: publish_map: frame pts=2594, total=1928081
[INFO] [1783988647.066498903] [laser_mapping]: publish_map: frame pts=2485, total=1930675
[INFO] [1783988647.329204438] [laser_mapping]: publish_map: frame pts=2853, total=1933160
[INFO] [1783988647.569159139] [laser_mapping]: publish_map: frame pts=2777, total=1936013
[INFO] [1783988647.800711830] [laser_mapping]: publish_map: frame pts=2777, total=1938790
[INFO] [1783988648.062193451] [laser_mapping]: publish_map: frame pts=2910, total=1941567
[INFO] [1783988648.313491718] [laser_mapping]: publish_map: frame pts=2484, total=1944477
[INFO] [1783988648.577946027] [laser_mapping]: publish_map: frame pts=2714, total=1946961
[INFO] [1783988648.806665694] [laser_mapping]: publish_map: frame pts=2714, total=1949675
[INFO] [1783988649.037936264] [laser_mapping]: publish_map: frame pts=2522, total=1952389
[INFO] [1783988649.204491953] [laser_mapping]: publish_map: frame pts=2486, total=1954911
[INFO] [1783988649.370261983] [laser_mapping]: publish_map: frame pts=2868, total=1957397
[INFO] [1783988649.535637302] [laser_mapping]: publish_map: frame pts=2665, total=1960265
[INFO] [1783988649.693967513] [laser_mapping]: publish_map: frame pts=2485, total=1962930
[INFO] [1783988649.850545152] [laser_mapping]: publish_map: frame pts=2485, total=1965415
[INFO] [1783988650.012667236] [laser_mapping]: publish_map: frame pts=2485, total=1967900
[INFO] [1783988650.171334112] [laser_mapping]: publish_map: frame pts=2797, total=1970385
[INFO] [1783988650.332470163] [laser_mapping]: publish_map: frame pts=2666, total=1973182
[INFO] [1783988650.493777322] [laser_mapping]: publish_map: frame pts=2608, total=1975848
[INFO] [1783988650.653423642] [laser_mapping]: publish_map: frame pts=2890, total=1978456
[INFO] [1783988650.814001530] [laser_mapping]: publish_map: frame pts=2890, total=1981346
[INFO] [1783988650.975265450] [laser_mapping]: publish_map: frame pts=2890, total=1984236
[INFO] [1783988651.139710893] [laser_mapping]: publish_map: frame pts=2520, total=1987126
[INFO] [1783988651.301042254] [laser_mapping]: publish_map: frame pts=2916, total=1989646
[INFO] [1783988651.477961937] [laser_mapping]: publish_map: frame pts=2724, total=1992562
[INFO] [1783988651.641477340] [laser_mapping]: publish_map: frame pts=2891, total=1995286
[INFO] [1783988651.819881265] [laser_mapping]: publish_map: frame pts=2891, total=1998177
[INFO] [1783988651.989064709] [laser_mapping]: publish_map: frame pts=2891, total=2001068
[INFO] [1783988652.157858127] [laser_mapping]: publish_map: frame pts=2634, total=2003959
[INFO] [1783988652.341283317] [laser_mapping]: publish_map: frame pts=2919, total=2006593
[INFO] [1783988652.516455599] [laser_mapping]: publish_map: frame pts=2705, total=2009512
[INFO] [1783988652.693362193] [laser_mapping]: publish_map: frame pts=2721, total=2012217
[INFO] [1783988652.868035439] [laser_mapping]: publish_map: frame pts=2721, total=2014938
[INFO] [1783988653.035120452] [laser_mapping]: publish_map: frame pts=2640, total=2017659
[INFO] [1783988653.212040111] [laser_mapping]: publish_map: frame pts=2812, total=2020299
[INFO] [1783988653.394898418] [laser_mapping]: publish_map: frame pts=2812, total=2023111
[INFO] [1783988653.566248444] [laser_mapping]: publish_map: frame pts=2483, total=2025923
[INFO] [1783988653.748022396] [laser_mapping]: publish_map: frame pts=2909, total=2028406
[INFO] [1783988653.918725569] [laser_mapping]: publish_map: frame pts=2909, total=2031315
[INFO] [1783988654.082123313] [laser_mapping]: publish_map: frame pts=2909, total=2034224
[INFO] [1783988654.249486588] [laser_mapping]: publish_map: frame pts=2586, total=2037133
[INFO] [1783988654.424588771] [laser_mapping]: publish_map: frame pts=2484, total=2039719
[INFO] [1783988654.605610090] [laser_mapping]: publish_map: frame pts=2713, total=2042203
[INFO] [1783988654.781700897] [laser_mapping]: publish_map: frame pts=2713, total=2044916
[INFO] [1783988654.960238397] [laser_mapping]: publish_map: frame pts=2667, total=2047629
[INFO] [1783988655.130693504] [laser_mapping]: publish_map: frame pts=2608, total=2050296
[INFO] [1783988655.297307360] [laser_mapping]: publish_map: frame pts=2759, total=2052904
[INFO] [1783988655.468278014] [laser_mapping]: publish_map: frame pts=2759, total=2055663
[INFO] [1783988655.648528800] [laser_mapping]: publish_map: frame pts=2523, total=2058422
[INFO] [1783988655.828007709] [laser_mapping]: publish_map: frame pts=2523, total=2060945
[INFO] [1783988656.011244134] [laser_mapping]: publish_map: frame pts=2523, total=2063468
[INFO] [1783988656.197747370] [laser_mapping]: publish_map: frame pts=2755, total=2065991
[INFO] [1783988656.379590163] [laser_mapping]: publish_map: frame pts=2485, total=2068746
[INFO] [1783988656.560594724] [laser_mapping]: publish_map: frame pts=2717, total=2071231
[INFO] [1783988656.744080270] [laser_mapping]: publish_map: frame pts=2918, total=2073948
[INFO] [1783988656.925388330] [laser_mapping]: publish_map: frame pts=2918, total=2076866
[INFO] [1783988657.110050814] [laser_mapping]: publish_map: frame pts=2918, total=2079784
[INFO] [1783988657.296435960] [laser_mapping]: publish_map: frame pts=2485, total=2082702
[INFO] [1783988657.479898284] [laser_mapping]: publish_map: frame pts=2719, total=2085187
[INFO] [1783988657.666820888] [laser_mapping]: publish_map: frame pts=2621, total=2087906
[INFO] [1783988657.850717970] [laser_mapping]: publish_map: frame pts=2621, total=2090527
[INFO] [1783988658.037478362] [laser_mapping]: publish_map: frame pts=2706, total=2093148
[INFO] [1783988658.226686511] [laser_mapping]: publish_map: frame pts=2706, total=2095854
[INFO] [1783988658.414894048] [laser_mapping]: publish_map: frame pts=2721, total=2098560
[INFO] [1783988658.603617352] [laser_mapping]: publish_map: frame pts=2639, total=2101281
[INFO] [1783988658.788911240] [laser_mapping]: publish_map: frame pts=2639, total=2103920
[INFO] [1783988658.977221702] [laser_mapping]: publish_map: frame pts=2701, total=2106559
[INFO] [1783988659.153191845] [laser_mapping]: publish_map: frame pts=2701, total=2109260
[INFO] [1783988659.328556425] [laser_mapping]: publish_map: frame pts=2482, total=2111961
[INFO] [1783988659.502324587] [laser_mapping]: publish_map: frame pts=2482, total=2114443
[INFO] [1783988659.678314115] [laser_mapping]: publish_map: frame pts=2698, total=2116925
[INFO] [1783988659.849462345] [laser_mapping]: publish_map: frame pts=2698, total=2119623
[INFO] [1783988660.023746462] [laser_mapping]: publish_map: frame pts=2698, total=2122321
[INFO] [1783988660.199592105] [laser_mapping]: publish_map: frame pts=2720, total=2125019
[INFO] [1783988660.387001019] [laser_mapping]: publish_map: frame pts=2531, total=2127739
[INFO] [1783988660.573945017] [laser_mapping]: publish_map: frame pts=2813, total=2130270
[INFO] [1783988660.761891843] [laser_mapping]: publish_map: frame pts=2486, total=2133083
[INFO] [1783988660.948339428] [laser_mapping]: publish_map: frame pts=2486, total=2135569
[INFO] [1783988661.136260365] [laser_mapping]: publish_map: frame pts=2486, total=2138055
[INFO] [1783988661.325801525] [laser_mapping]: publish_map: frame pts=2863, total=2140541
[INFO] [1783988661.517411308] [laser_mapping]: publish_map: frame pts=2919, total=2143404
[INFO] [1783988661.707380492] [laser_mapping]: publish_map: frame pts=2764, total=2146323
[INFO] [1783988661.892246680] [laser_mapping]: publish_map: frame pts=2764, total=2149087
[INFO] [1783988662.084023348] [laser_mapping]: publish_map: frame pts=2718, total=2151851
[INFO] [1783988662.276209933] [laser_mapping]: publish_map: frame pts=2515, total=2154569
[INFO] [1783988662.467202601] [laser_mapping]: publish_map: frame pts=2917, total=2157084
[INFO] [1783988662.678704016] [laser_mapping]: publish_map: frame pts=2917, total=2160001
[INFO] [1783988662.889472523] [laser_mapping]: publish_map: frame pts=2917, total=2162918
[INFO] [1783988663.080892725] [laser_mapping]: publish_map: frame pts=2564, total=2165835
[INFO] [1783988663.255714536] [laser_mapping]: publish_map: frame pts=2515, total=2168399
[INFO] [1783988663.433302559] [laser_mapping]: publish_map: frame pts=2515, total=2170914
[INFO] [1783988663.625835502] [laser_mapping]: publish_map: frame pts=2743, total=2173429
[INFO] [1783988663.817214803] [laser_mapping]: publish_map: frame pts=2743, total=2176172
[INFO] [1783988664.009975205] [laser_mapping]: publish_map: frame pts=2484, total=2178915
[INFO] [1783988664.197843828] [laser_mapping]: publish_map: frame pts=2484, total=2181399
[INFO] [1783988664.394363966] [laser_mapping]: publish_map: frame pts=2495, total=2183883
[INFO] [1783988664.589706204] [laser_mapping]: publish_map: frame pts=2495, total=2186378
[INFO] [1783988664.789318762] [laser_mapping]: publish_map: frame pts=2495, total=2188873
[INFO] [1783988664.993084239] [laser_mapping]: publish_map: frame pts=2911, total=2191368
[INFO] [1783988665.192934199] [laser_mapping]: publish_map: frame pts=2669, total=2194279
[INFO] [1783988665.411719811] [laser_mapping]: publish_map: frame pts=2669, total=2196948
[INFO] [1783988665.603834332] [laser_mapping]: publish_map: frame pts=2537, total=2199617
[INFO] [1783988665.794937170] [laser_mapping]: publish_map: frame pts=2537, total=2202154
[INFO] [1783988665.990225595] [laser_mapping]: publish_map: frame pts=2909, total=2204691
[INFO] [1783988666.214694889] [laser_mapping]: publish_map: frame pts=2803, total=2207600
[INFO] [1783988666.435840017] [laser_mapping]: publish_map: frame pts=2803, total=2210403
[INFO] [1783988666.630710565] [laser_mapping]: publish_map: frame pts=2780, total=2213206
[INFO] [1783988666.823697588] [laser_mapping]: publish_map: frame pts=2780, total=2215986
[INFO] [1783988667.022054695] [laser_mapping]: publish_map: frame pts=2666, total=2218766
[INFO] [1783988667.220755697] [laser_mapping]: publish_map: frame pts=2666, total=2221432
[INFO] [1783988667.416300434] [laser_mapping]: publish_map: frame pts=2484, total=2224098
[INFO] [1783988667.610869469] [laser_mapping]: publish_map: frame pts=2484, total=2226582
[INFO] [1783988667.804385543] [laser_mapping]: publish_map: frame pts=2484, total=2229066
[INFO] [1783988668.004020399] [laser_mapping]: publish_map: frame pts=2809, total=2231550
[INFO] [1783988668.195977508] [laser_mapping]: publish_map: frame pts=2809, total=2234359
[INFO] [1783988668.386420479] [laser_mapping]: publish_map: frame pts=2791, total=2237168
[INFO] [1783988668.591669408] [laser_mapping]: publish_map: frame pts=2599, total=2239959
[INFO] [1783988668.788635143] [laser_mapping]: publish_map: frame pts=2599, total=2242558
[INFO] [1783988668.987751276] [laser_mapping]: publish_map: frame pts=2588, total=2245157
[INFO] [1783988669.188869042] [laser_mapping]: publish_map: frame pts=2769, total=2247745
[INFO] [1783988669.390482281] [laser_mapping]: publish_map: frame pts=2769, total=2250514
[INFO] [1783988669.593956841] [laser_mapping]: publish_map: frame pts=2797, total=2253283
[INFO] [1783988669.789088007] [laser_mapping]: publish_map: frame pts=2797, total=2256080
[INFO] [1783988669.991589974] [laser_mapping]: publish_map: frame pts=2707, total=2258877
[INFO] [1783988670.195071896] [laser_mapping]: publish_map: frame pts=2600, total=2261584
[INFO] [1783988670.395080886] [laser_mapping]: publish_map: frame pts=2600, total=2264184
[INFO] [1783988670.596566753] [laser_mapping]: publish_map: frame pts=2638, total=2266784
[INFO] [1783988670.796482845] [laser_mapping]: publish_map: frame pts=2638, total=2269422
[INFO] [1783988670.995697576] [laser_mapping]: publish_map: frame pts=2900, total=2272060
[INFO] [1783988671.247520867] [laser_mapping]: publish_map: frame pts=2795, total=2274960
[INFO] [1783988671.512463497] [laser_mapping]: publish_map: frame pts=2795, total=2277755
[INFO] [1783988671.776373879] [laser_mapping]: publish_map: frame pts=2662, total=2280550
[INFO] [1783988672.014077911] [laser_mapping]: publish_map: frame pts=2662, total=2283212
[INFO] [1783988672.266461994] [laser_mapping]: publish_map: frame pts=2580, total=2285874
[INFO] [1783988672.473766986] [laser_mapping]: publish_map: frame pts=2482, total=2288454
[INFO] [1783988672.672503055] [laser_mapping]: publish_map: frame pts=2661, total=2290936
[INFO] [1783988672.869733242] [laser_mapping]: publish_map: frame pts=2661, total=2293597
[INFO] [1783988673.067067720] [laser_mapping]: publish_map: frame pts=2698, total=2296258
[INFO] [1783988673.263252653] [laser_mapping]: publish_map: frame pts=2798, total=2298956
[INFO] [1783988673.460464516] [laser_mapping]: publish_map: frame pts=2798, total=2301754
[INFO] [1783988673.657593543] [laser_mapping]: publish_map: frame pts=2689, total=2304552
[INFO] [1783988673.852512865] [laser_mapping]: publish_map: frame pts=2689, total=2307241
[INFO] [1783988674.052421481] [laser_mapping]: publish_map: frame pts=2727, total=2309930
[INFO] [1783988674.250119557] [laser_mapping]: publish_map: frame pts=2649, total=2312657
[INFO] [1783988674.506085888] [laser_mapping]: publish_map: frame pts=2649, total=2315306
[INFO] [1783988674.756648054] [laser_mapping]: publish_map: frame pts=2685, total=2317955
[INFO] [1783988675.012672031] [laser_mapping]: publish_map: frame pts=2685, total=2320640
[INFO] [1783988675.281726275] [laser_mapping]: publish_map: frame pts=2482, total=2323325
[INFO] [1783988675.541956162] [laser_mapping]: publish_map: frame pts=2653, total=2325807
[INFO] [1783988675.749110004] [laser_mapping]: publish_map: frame pts=2687, total=2328460
[INFO] [1783988675.954852648] [laser_mapping]: publish_map: frame pts=2687, total=2331147
[INFO] [1783988676.161974396] [laser_mapping]: publish_map: frame pts=2885, total=2333834
[INFO] [1783988676.372157455] [laser_mapping]: publish_map: frame pts=2504, total=2336719
[INFO] [1783988676.576444048] [laser_mapping]: publish_map: frame pts=2797, total=2339223
[INFO] [1783988676.780983381] [laser_mapping]: publish_map: frame pts=2727, total=2342020
[INFO] [1783988676.980317466] [laser_mapping]: publish_map: frame pts=2727, total=2344747
[INFO] [1783988677.181873791] [laser_mapping]: publish_map: frame pts=2917, total=2347474
[INFO] [1783988677.385711646] [laser_mapping]: publish_map: frame pts=2687, total=2350391
[INFO] [1783988677.587281155] [laser_mapping]: publish_map: frame pts=2687, total=2353078
[INFO] [1783988677.789071399] [laser_mapping]: publish_map: frame pts=2687, total=2355765
[INFO] [1783988677.992264844] [laser_mapping]: publish_map: frame pts=2481, total=2358452
[INFO] [1783988678.203842837] [laser_mapping]: publish_map: frame pts=2567, total=2360933
[INFO] [1783988678.415629990] [laser_mapping]: publish_map: frame pts=2567, total=2363500
[INFO] [1783988678.620138909] [laser_mapping]: publish_map: frame pts=2727, total=2366067
[INFO] [1783988678.829939331] [laser_mapping]: publish_map: frame pts=2727, total=2368794
[INFO] [1783988679.039263503] [laser_mapping]: publish_map: frame pts=2803, total=2371521
[INFO] [1783988679.249482766] [laser_mapping]: publish_map: frame pts=2686, total=2374324
[INFO] [1783988679.461172245] [laser_mapping]: publish_map: frame pts=2686, total=2377010
[INFO] [1783988679.676299443] [laser_mapping]: publish_map: frame pts=2592, total=2379696
[INFO] [1783988679.955378492] [laser_mapping]: publish_map: frame pts=2592, total=2382288
[INFO] [1783988680.219386254] [laser_mapping]: publish_map: frame pts=2614, total=2384880
[INFO] [1783988680.488783678] [laser_mapping]: publish_map: frame pts=2490, total=2387494
[INFO] [1783988680.767923667] [laser_mapping]: publish_map: frame pts=2728, total=2389984
[INFO] [1783988681.036931392] [laser_mapping]: publish_map: frame pts=2728, total=2392712
[INFO] [1783988681.312201198] [laser_mapping]: publish_map: frame pts=2646, total=2395440
[INFO] [1783988681.579477742] [laser_mapping]: publish_map: frame pts=2815, total=2398086
[INFO] [1783988681.843381522] [laser_mapping]: publish_map: frame pts=2815, total=2400901
[INFO] [1783988682.111615996] [laser_mapping]: publish_map: frame pts=2905, total=2403716
[INFO] [1783988682.382221525] [laser_mapping]: publish_map: frame pts=2916, total=2406621
[INFO] [1783988682.651514603] [laser_mapping]: publish_map: frame pts=2574, total=2409537
[INFO] [1783988682.903400979] [laser_mapping]: publish_map: frame pts=2574, total=2412111
[INFO] [1783988683.168520844] [laser_mapping]: publish_map: frame pts=2640, total=2414685
[INFO] [1783988683.445937243] [laser_mapping]: publish_map: frame pts=2734, total=2417325
[INFO] [1783988683.716089173] [laser_mapping]: publish_map: frame pts=2676, total=2420059
[INFO] [1783988683.932588658] [laser_mapping]: publish_map: frame pts=2676, total=2422735
[INFO] [1783988684.152194814] [laser_mapping]: publish_map: frame pts=2510, total=2425411
[INFO] [1783988684.377039629] [laser_mapping]: publish_map: frame pts=2484, total=2427921
[INFO] [1783988684.603766898] [laser_mapping]: publish_map: frame pts=2839, total=2430405
[INFO] [1783988684.826476762] [laser_mapping]: publish_map: frame pts=2839, total=2433244
[INFO] [1783988685.046213919] [laser_mapping]: publish_map: frame pts=2677, total=2436083
[INFO] [1783988685.264162321] [laser_mapping]: publish_map: frame pts=2483, total=2438760
[INFO] [1783988685.481252821] [laser_mapping]: publish_map: frame pts=2614, total=2441243
[INFO] [1783988685.699458017] [laser_mapping]: publish_map: frame pts=2678, total=2443857
[INFO] [1783988685.914050385] [laser_mapping]: publish_map: frame pts=2678, total=2446535
[INFO] [1783988686.131504093] [laser_mapping]: publish_map: frame pts=2482, total=2449213
[INFO] [1783988686.348993597] [laser_mapping]: publish_map: frame pts=2617, total=2451695
[INFO] [1783988686.575290164] [laser_mapping]: publish_map: frame pts=2617, total=2454312
[INFO] [1783988686.792761078] [laser_mapping]: publish_map: frame pts=2617, total=2456929
[INFO] [1783988687.013902143] [laser_mapping]: publish_map: frame pts=2584, total=2459546
[INFO] [1783988687.245238867] [laser_mapping]: publish_map: frame pts=2697, total=2462130
[INFO] [1783988687.465795243] [laser_mapping]: publish_map: frame pts=2624, total=2464827
[INFO] [1783988687.687944371] [laser_mapping]: publish_map: frame pts=2624, total=2467451
[INFO] [1783988687.900885852] [laser_mapping]: publish_map: frame pts=2624, total=2470075
[INFO] [1783988688.121208967] [laser_mapping]: publish_map: frame pts=2704, total=2472699
[INFO] [1783988688.343268349] [laser_mapping]: publish_map: frame pts=2515, total=2475403
[INFO] [1783988688.563509303] [laser_mapping]: publish_map: frame pts=2919, total=2477918
[INFO] [1783988688.782392299] [laser_mapping]: publish_map: frame pts=2919, total=2480837
[INFO] [1783988689.004372212] [laser_mapping]: publish_map: frame pts=2742, total=2483756
[INFO] [1783988689.228620428] [laser_mapping]: publish_map: frame pts=2811, total=2486498
[INFO] [1783988689.454723806] [laser_mapping]: publish_map: frame pts=2918, total=2489309
[INFO] [1783988689.687842688] [laser_mapping]: publish_map: frame pts=2918, total=2492227
[INFO] [1783988689.910608912] [laser_mapping]: publish_map: frame pts=2918, total=2495145
[INFO] [1783988690.135609155] [laser_mapping]: publish_map: frame pts=2809, total=2498063
[INFO] [1783988690.364482948] [laser_mapping]: publish_map: frame pts=2809, total=2500872
[INFO] [1783988690.591743914] [laser_mapping]: publish_map: frame pts=2867, total=2503681
[INFO] [1783988690.816234550] [laser_mapping]: publish_map: frame pts=2867, total=2506548
[INFO] [1783988691.041239821] [laser_mapping]: publish_map: frame pts=2791, total=2509415
[INFO] [1783988691.277102557] [laser_mapping]: publish_map: frame pts=2672, total=2512206
[INFO] [1783988691.514343397] [laser_mapping]: publish_map: frame pts=2868, total=2514878
[INFO] [1783988691.740769227] [laser_mapping]: publish_map: frame pts=2895, total=2517746
[INFO] [1783988691.963463578] [laser_mapping]: publish_map: frame pts=2895, total=2520641
[INFO] [1783988692.188860612] [laser_mapping]: publish_map: frame pts=2673, total=2523536
[INFO] [1783988692.415419334] [laser_mapping]: publish_map: frame pts=2745, total=2526209
[INFO] [1783988692.644453572] [laser_mapping]: publish_map: frame pts=2897, total=2528954
[INFO] [1783988692.870163055] [laser_mapping]: publish_map: frame pts=2897, total=2531851
[INFO] [1783988693.095911632] [laser_mapping]: publish_map: frame pts=2897, total=2534748
[INFO] [1783988693.343177082] [laser_mapping]: publish_map: frame pts=2854, total=2537645
[INFO] [1783988693.569380893] [laser_mapping]: publish_map: frame pts=2777, total=2540499
[INFO] [1783988693.808644814] [laser_mapping]: publish_map: frame pts=2777, total=2543276
[INFO] [1783988694.052704017] [laser_mapping]: publish_map: frame pts=2514, total=2546053
[INFO] [1783988694.293688193] [laser_mapping]: publish_map: frame pts=2850, total=2548567
[INFO] [1783988694.531248240] [laser_mapping]: publish_map: frame pts=2791, total=2551417
[INFO] [1783988694.762000029] [laser_mapping]: publish_map: frame pts=2910, total=2554208
[INFO] [1783988694.986901671] [laser_mapping]: publish_map: frame pts=2910, total=2557118
[INFO] [1783988695.215772828] [laser_mapping]: publish_map: frame pts=2851, total=2560028
[INFO] [1783988695.445755248] [laser_mapping]: publish_map: frame pts=2779, total=2562879
[INFO] [1783988695.675358630] [laser_mapping]: publish_map: frame pts=2909, total=2565658
[INFO] [1783988695.903703729] [laser_mapping]: publish_map: frame pts=2909, total=2568567
[INFO] [1783988696.135598599] [laser_mapping]: publish_map: frame pts=2807, total=2571476
[INFO] [1783988696.367213269] [laser_mapping]: publish_map: frame pts=2789, total=2574283
[INFO] [1783988696.601315439] [laser_mapping]: publish_map: frame pts=2910, total=2577072
[INFO] [1783988696.825429951] [laser_mapping]: publish_map: frame pts=2910, total=2579982
[INFO] [1783988697.054978377] [laser_mapping]: publish_map: frame pts=2817, total=2582892
[INFO] [1783988697.284880773] [laser_mapping]: publish_map: frame pts=2885, total=2585709
[INFO] [1783988697.526487207] [laser_mapping]: publish_map: frame pts=2812, total=2588594
[INFO] [1783988697.762032224] [laser_mapping]: publish_map: frame pts=2905, total=2591406
[INFO] [1783988697.996115340] [laser_mapping]: publish_map: frame pts=2905, total=2594311
[INFO] [1783988698.235356378] [laser_mapping]: publish_map: frame pts=2805, total=2597216
[INFO] [1783988698.484077331] [laser_mapping]: publish_map: frame pts=2764, total=2600021
[INFO] [1783988698.725632645] [laser_mapping]: publish_map: frame pts=2900, total=2602785
[INFO] [1783988698.962694823] [laser_mapping]: publish_map: frame pts=2900, total=2605685
[INFO] [1783988699.203784573] [laser_mapping]: publish_map: frame pts=2761, total=2608585
[INFO] [1783988699.445697411] [laser_mapping]: publish_map: frame pts=2813, total=2611346
[INFO] [1783988699.678856760] [laser_mapping]: publish_map: frame pts=2813, total=2614159
[INFO] [1783988699.907258754] [laser_mapping]: publish_map: frame pts=2813, total=2616972
[INFO] [1783988700.142839788] [laser_mapping]: publish_map: frame pts=2813, total=2619785
[INFO] [1783988700.377356222] [laser_mapping]: publish_map: frame pts=2813, total=2622598
[INFO] [1783988700.622126837] [laser_mapping]: publish_map: frame pts=2813, total=2625411
[INFO] [1783988700.857405142] [laser_mapping]: publish_map: frame pts=2813, total=2628224
[INFO] [1783988701.777987752] [laser_mapping]: publish_map: frame pts=2813, total=2631037
[INFO] [1783988702.777972691] [laser_mapping]: publish_map: frame pts=2813, total=2633850
[INFO] [1783988703.777985347] [laser_mapping]: publish_map: frame pts=2813, total=2636663
[INFO] [1783988704.777961800] [laser_mapping]: publish_map: frame pts=2813, total=2639476
[INFO] [1783988705.777980681] [laser_mapping]: publish_map: frame pts=2813, total=2642289
[INFO] [1783988706.777970089] [laser_mapping]: publish_map: frame pts=2813, total=2645102
[INFO] [1783988707.777967516] [laser_mapping]: publish_map: frame pts=2813, total=2647915
[INFO] [1783988708.777985644] [laser_mapping]: publish_map: frame pts=2813, total=2650728
[INFO] [1783988709.777979388] [laser_mapping]: publish_map: frame pts=2813, total=2653541
[INFO] [1783988710.777950730] [laser_mapping]: publish_map: frame pts=2813, total=2656354
[INFO] [1783988711.777960290] [laser_mapping]: publish_map: frame pts=2813, total=2659167
[INFO] [1783988712.777976599] [laser_mapping]: publish_map: frame pts=2813, total=2661980
[INFO] [1783988713.777949194] [laser_mapping]: publish_map: frame pts=2813, total=2664793
[INFO] [1783988714.777973603] [laser_mapping]: publish_map: frame pts=2813, total=2667606
[INFO] [1783988715.777972326] [laser_mapping]: publish_map: frame pts=2813, total=2670419
[INFO] [1783988716.777984701] [laser_mapping]: publish_map: frame pts=2813, total=2673232
[INFO] [1783988717.777982393] [laser_mapping]: publish_map: frame pts=2813, total=2676045
[INFO] [1783988718.777974468] [laser_mapping]: publish_map: frame pts=2813, total=2678858
[INFO] [1783988719.777971450] [laser_mapping]: publish_map: frame pts=2813, total=2681671
[INFO] [1783988720.777980631] [laser_mapping]: publish_map: frame pts=2813, total=2684484
[INFO] [1783988721.777983990] [laser_mapping]: publish_map: frame pts=2813, total=2687297
[INFO] [1783988722.777982779] [laser_mapping]: publish_map: frame pts=2813, total=2690110
[INFO] [1783988723.778063327] [laser_mapping]: publish_map: frame pts=2813, total=2692923
[INFO] [1783988724.777973817] [laser_mapping]: publish_map: frame pts=2813, total=2695736
[INFO] [1783988725.777969327] [laser_mapping]: publish_map: frame pts=2813, total=2698549
[INFO] [1783988726.778102880] [laser_mapping]: publish_map: frame pts=2813, total=2701362
[INFO] [1783988727.777951562] [laser_mapping]: publish_map: frame pts=2813, total=2704175
[INFO] [1783988728.777963747] [laser_mapping]: publish_map: frame pts=2813, total=2706988
[INFO] [1783988729.777958758] [laser_mapping]: publish_map: frame pts=2813, total=2709801
[INFO] [1783988730.777974855] [laser_mapping]: publish_map: frame pts=2813, total=2712614
[INFO] [1783988731.778113378] [laser_mapping]: publish_map: frame pts=2813, total=2715427
[INFO] [1783988732.777952076] [laser_mapping]: publish_map: frame pts=2813, total=2718240
[INFO] [1783988733.777975666] [laser_mapping]: publish_map: frame pts=2813, total=2721053
[INFO] [1783988734.777978034] [laser_mapping]: publish_map: frame pts=2813, total=2723866
[INFO] [1783988735.777988731] [laser_mapping]: publish_map: frame pts=2813, total=2726679
[INFO] [1783988736.777968672] [laser_mapping]: publish_map: frame pts=2813, total=2729492
[INFO] [1783988737.777976112] [laser_mapping]: publish_map: frame pts=2813, total=2732305
[INFO] [1783988738.777956466] [laser_mapping]: publish_map: frame pts=2813, total=2735118
[INFO] [1783988739.777954861] [laser_mapping]: publish_map: frame pts=2813, total=2737931
[INFO] [1783988740.777971070] [laser_mapping]: publish_map: frame pts=2813, total=2740744
[INFO] [1783988741.777973671] [laser_mapping]: publish_map: frame pts=2813, total=2743557
[INFO] [1783988742.777977165] [laser_mapping]: publish_map: frame pts=2813, total=2746370
[INFO] [1783988743.777969144] [laser_mapping]: publish_map: frame pts=2813, total=2749183
[INFO] [1783988744.777975674] [laser_mapping]: publish_map: frame pts=2813, total=2751996
[INFO] [1783988745.777987113] [laser_mapping]: publish_map: frame pts=2813, total=2754809
[INFO] [1783988746.777999353] [laser_mapping]: publish_map: frame pts=2813, total=2757622
[INFO] [1783988747.777976054] [laser_mapping]: publish_map: frame pts=2813, total=2760435
[INFO] [1783988748.777990908] [laser_mapping]: publish_map: frame pts=2813, total=2763248
[INFO] [1783988749.777978738] [laser_mapping]: publish_map: frame pts=2813, total=2766061
[INFO] [1783988750.777973968] [laser_mapping]: publish_map: frame pts=2813, total=2768874
[INFO] [1783988751.777963839] [laser_mapping]: publish_map: frame pts=2813, total=2771687
[INFO] [1783988752.777968818] [laser_mapping]: publish_map: frame pts=2813, total=2774500
[INFO] [1783988753.777975477] [laser_mapping]: publish_map: frame pts=2813, total=2777313
[INFO] [1783988754.778187629] [laser_mapping]: publish_map: frame pts=2813, total=2780126
[INFO] [1783988755.777966947] [laser_mapping]: publish_map: frame pts=2813, total=2782939
[INFO] [1783988756.777955795] [laser_mapping]: publish_map: frame pts=2813, total=2785752
[INFO] [1783988757.778071576] [laser_mapping]: publish_map: frame pts=2813, total=2788565
[INFO] [1783988758.777966977] [laser_mapping]: publish_map: frame pts=2813, total=2791378
[INFO] [1783988759.777954439] [laser_mapping]: publish_map: frame pts=2813, total=2794191
[INFO] [1783988760.777984939] [laser_mapping]: publish_map: frame pts=2813, total=2797004
[INFO] [1783988761.777980236] [laser_mapping]: publish_map: frame pts=2813, total=2799817
[INFO] [1783988762.777960716] [laser_mapping]: publish_map: frame pts=2813, total=2802630
[INFO] [1783988763.777979925] [laser_mapping]: publish_map: frame pts=2813, total=2805443
[INFO] [1783988764.777967612] [laser_mapping]: publish_map: frame pts=2813, total=2808256
[INFO] [1783988765.777974910] [laser_mapping]: publish_map: frame pts=2813, total=2811069
[INFO] [1783988766.777968847] [laser_mapping]: publish_map: frame pts=2813, total=2813882
[INFO] [1783988767.777977718] [laser_mapping]: publish_map: frame pts=2813, total=2816695
[INFO] [1783988768.777975747] [laser_mapping]: publish_map: frame pts=2813, total=2819508
[INFO] [1783988769.777986652] [laser_mapping]: publish_map: frame pts=2813, total=2822321
[INFO] [1783988770.777958907] [laser_mapping]: publish_map: frame pts=2813, total=2825134
[INFO] [1783988771.777984721] [laser_mapping]: publish_map: frame pts=2813, total=2827947
[INFO] [1783988772.777986790] [laser_mapping]: publish_map: frame pts=2813, total=2830760
[INFO] [1783988773.777981937] [laser_mapping]: publish_map: frame pts=2813, total=2833573
[INFO] [1783988774.777963057] [laser_mapping]: publish_map: frame pts=2813, total=2836386
[INFO] [1783988775.778031420] [laser_mapping]: publish_map: frame pts=2813, total=2839199
[INFO] [1783988776.777983193] [laser_mapping]: publish_map: frame pts=2813, total=2842012
[INFO] [1783988777.777965014] [laser_mapping]: publish_map: frame pts=2813, total=2844825
[INFO] [1783988778.777987194] [laser_mapping]: publish_map: frame pts=2813, total=2847638
[INFO] [1783988779.777973364] [laser_mapping]: publish_map: frame pts=2813, total=2850451
[INFO] [1783988780.777980889] [laser_mapping]: publish_map: frame pts=2813, total=2853264
[INFO] [1783988781.777980832] [laser_mapping]: publish_map: frame pts=2813, total=2856077
[INFO] [1783988782.777984253] [laser_mapping]: publish_map: frame pts=2813, total=2858890
[INFO] [1783988783.777955674] [laser_mapping]: publish_map: frame pts=2813, total=2861703
[INFO] [1783988784.777958420] [laser_mapping]: publish_map: frame pts=2813, total=2864516
[INFO] [1783988785.778059511] [laser_mapping]: publish_map: frame pts=2813, total=2867329
[INFO] [1783988786.777975919] [laser_mapping]: publish_map: frame pts=2813, total=2870142
[INFO] [1783988787.777978479] [laser_mapping]: publish_map: frame pts=2813, total=2872955
[INFO] [1783988788.777962053] [laser_mapping]: publish_map: frame pts=2813, total=2875768
[INFO] [1783988789.777981400] [laser_mapping]: publish_map: frame pts=2813, total=2878581
[INFO] [1783988790.777993613] [laser_mapping]: publish_map: frame pts=2813, total=2881394
[INFO] [1783988791.777977410] [laser_mapping]: publish_map: frame pts=2813, total=2884207
[INFO] [1783988792.777982694] [laser_mapping]: publish_map: frame pts=2813, total=2887020
[INFO] [1783988793.777950071] [laser_mapping]: publish_map: frame pts=2813, total=2889833
[INFO] [1783988794.778062565] [laser_mapping]: publish_map: frame pts=2813, total=2892646
[INFO] [1783988795.777976092] [laser_mapping]: publish_map: frame pts=2813, total=2895459
[INFO] [1783988796.777966666] [laser_mapping]: publish_map: frame pts=2813, total=2898272
[INFO] [1783988797.777975390] [laser_mapping]: publish_map: frame pts=2813, total=2901085
[INFO] [1783988798.777966072] [laser_mapping]: publish_map: frame pts=2813, total=2903898
[INFO] [1783988799.777963355] [laser_mapping]: publish_map: frame pts=2813, total=2906711
[INFO] [1783988800.777951896] [laser_mapping]: publish_map: frame pts=2813, total=2909524
[INFO] [1783988801.777991435] [laser_mapping]: publish_map: frame pts=2813, total=2912337
[INFO] [1783988802.777968606] [laser_mapping]: publish_map: frame pts=2813, total=2915150
[INFO] [1783988803.777977529] [laser_mapping]: publish_map: frame pts=2813, total=2917963
[INFO] [1783988804.777982515] [laser_mapping]: publish_map: frame pts=2813, total=2920776
[INFO] [1783988805.777984331] [laser_mapping]: publish_map: frame pts=2813, total=2923589
[INFO] [1783988806.777983076] [laser_mapping]: publish_map: frame pts=2813, total=2926402
[INFO] [1783988807.778062778] [laser_mapping]: publish_map: frame pts=2813, total=2929215
[INFO] [1783988808.777980533] [laser_mapping]: publish_map: frame pts=2813, total=2932028
[INFO] [1783988809.777986364] [laser_mapping]: publish_map: frame pts=2813, total=2934841
[INFO] [1783988810.777981367] [laser_mapping]: publish_map: frame pts=2813, total=2937654
[INFO] [1783988811.777961845] [laser_mapping]: publish_map: frame pts=2813, total=2940467
[INFO] [1783988812.777983468] [laser_mapping]: publish_map: frame pts=2813, total=2943280
[INFO] [1783988813.777974335] [laser_mapping]: publish_map: frame pts=2813, total=2946093
[INFO] [1783988814.777985074] [laser_mapping]: publish_map: frame pts=2813, total=2948906
[INFO] [1783988815.777990040] [laser_mapping]: publish_map: frame pts=2813, total=2951719
[INFO] [1783988816.777992167] [laser_mapping]: publish_map: frame pts=2813, total=2954532
[INFO] [1783988817.777986078] [laser_mapping]: publish_map: frame pts=2813, total=2957345
[INFO] [1783988818.777950496] [laser_mapping]: publish_map: frame pts=2813, total=2960158
[INFO] [1783988819.777963164] [laser_mapping]: publish_map: frame pts=2813, total=2962971
[INFO] [1783988820.777965091] [laser_mapping]: publish_map: frame pts=2813, total=2965784
[INFO] [1783988821.777967476] [laser_mapping]: publish_map: frame pts=2813, total=2968597
[INFO] [1783988822.778093031] [laser_mapping]: publish_map: frame pts=2813, total=2971410
[INFO] [1783988823.778068053] [laser_mapping]: publish_map: frame pts=2813, total=2974223
[INFO] [1783988824.778095790] [laser_mapping]: publish_map: frame pts=2813, total=2977036
[INFO] [1783988825.778147798] [laser_mapping]: publish_map: frame pts=2813, total=2979849
[INFO] [1783988826.778068436] [laser_mapping]: publish_map: frame pts=2813, total=2982662
[INFO] [1783988827.777958113] [laser_mapping]: publish_map: frame pts=2813, total=2985475
[INFO] [1783988828.777967046] [laser_mapping]: publish_map: frame pts=2813, total=2988288
[INFO] [1783988829.777982364] [laser_mapping]: publish_map: frame pts=2813, total=2991101
[INFO] [1783988830.778048231] [laser_mapping]: publish_map: frame pts=2813, total=2993914
[INFO] [1783988831.778069287] [laser_mapping]: publish_map: frame pts=2813, total=2996727
[INFO] [1783988832.777960691] [laser_mapping]: publish_map: frame pts=2813, total=2999540
[INFO] [1783988833.777970989] [laser_mapping]: publish_map: frame pts=2813, total=3002353
lidar loop back, clear buffer
[INFO] [1783988834.777956312] [laser_mapping]: publish_map: frame pts=2813, total=3005166
[INFO] [1783988835.777967736] [laser_mapping]: publish_map: frame pts=2813, total=3007979
[INFO] [1783988836.777950656] [laser_mapping]: publish_map: frame pts=2813, total=3010792
[INFO] [1783988837.777944183] [laser_mapping]: publish_map: frame pts=2813, total=3013605
[INFO] [1783988838.777949401] [laser_mapping]: publish_map: frame pts=2813, total=3016418
[INFO] [1783988839.777945240] [laser_mapping]: publish_map: frame pts=2813, total=3019231
[INFO] [1783988840.777967538] [laser_mapping]: publish_map: frame pts=2813, total=3022044
[INFO] [1783988841.777949020] [laser_mapping]: publish_map: frame pts=2813, total=3024857
[INFO] [1783988842.777965372] [laser_mapping]: publish_map: frame pts=2813, total=3027670
[INFO] [1783988843.777948802] [laser_mapping]: publish_map: frame pts=2813, total=3030483
[INFO] [1783988844.777952788] [laser_mapping]: publish_map: frame pts=2813, total=3033296
[INFO] [1783988845.777959706] [laser_mapping]: publish_map: frame pts=2813, total=3036109
[INFO] [1783988846.777950809] [laser_mapping]: publish_map: frame pts=2813, total=3038922
[INFO] [1783988847.777952886] [laser_mapping]: publish_map: frame pts=2813, total=3041735
[INFO] [1783988848.777948963] [laser_mapping]: publish_map: frame pts=2813, total=3044548
[INFO] [1783988849.777965986] [laser_mapping]: publish_map: frame pts=2813, total=3047361
[INFO] [1783988850.777955086] [laser_mapping]: publish_map: frame pts=2813, total=3050174
[INFO] [1783988851.777952780] [laser_mapping]: publish_map: frame pts=2813, total=3052987
[INFO] [1783988852.777956109] [laser_mapping]: publish_map: frame pts=2813, total=3055800
[INFO] [1783988853.777955187] [laser_mapping]: publish_map: frame pts=2813, total=3058613
[INFO] [1783988854.777970322] [laser_mapping]: publish_map: frame pts=2813, total=3061426
[INFO] [1783988855.777953374] [laser_mapping]: publish_map: frame pts=2813, total=3064239
lidar loop back, clear buffer
[INFO] [1783988856.777949318] [laser_mapping]: publish_map: frame pts=2813, total=3067052
[INFO] [1783988857.777951623] [laser_mapping]: publish_map: frame pts=2813, total=3069865
[INFO] [1783988858.777947317] [laser_mapping]: publish_map: frame pts=2813, total=3072678
[INFO] [1783988859.777962082] [laser_mapping]: publish_map: frame pts=2813, total=3075491
[INFO] [1783988860.777954337] [laser_mapping]: publish_map: frame pts=2813, total=3078304
[INFO] [1783988861.777969334] [laser_mapping]: publish_map: frame pts=2813, total=3081117
[INFO] [1783988862.777948151] [laser_mapping]: publish_map: frame pts=2813, total=3083930
[INFO] [1783988863.777944286] [laser_mapping]: publish_map: frame pts=2813, total=3086743
[INFO] [1783988864.777954685] [laser_mapping]: publish_map: frame pts=2813, total=3089556
[INFO] [1783988865.777953820] [laser_mapping]: publish_map: frame pts=2813, total=3092369
[INFO] [1783988866.777942633] [laser_mapping]: publish_map: frame pts=2813, total=3095182
[INFO] [1783988867.777964112] [laser_mapping]: publish_map: frame pts=2813, total=3097995
[INFO] [1783988868.777949358] [laser_mapping]: publish_map: frame pts=2813, total=3100808
[INFO] [1783988869.777948397] [laser_mapping]: publish_map: frame pts=2813, total=3103621
[INFO] [1783988870.777948837] [laser_mapping]: publish_map: frame pts=2813, total=3106434
[INFO] [1783988871.777967486] [laser_mapping]: publish_map: frame pts=2813, total=3109247
[INFO] [1783988872.777943063] [laser_mapping]: publish_map: frame pts=2813, total=3112060
[INFO] [1783988873.777948271] [laser_mapping]: publish_map: frame pts=2813, total=3114873
[INFO] [1783988874.777917436] [laser_mapping]: publish_map: frame pts=2813, total=3117686
[INFO] [1783988875.777963756] [laser_mapping]: publish_map: frame pts=2813, total=3120499
[INFO] [1783988876.777948942] [laser_mapping]: publish_map: frame pts=2813, total=3123312
[INFO] [1783988877.777951764] [laser_mapping]: publish_map: frame pts=2813, total=3126125
[INFO] [1783988878.777955632] [laser_mapping]: publish_map: frame pts=2813, total=3128938
[INFO] [1783988879.777966026] [laser_mapping]: publish_map: frame pts=2813, total=3131751
[INFO] [1783988880.777949570] [laser_mapping]: publish_map: frame pts=2813, total=3134564
[INFO] [1783988881.777964341] [laser_mapping]: publish_map: frame pts=2813, total=3137377
[INFO] [1783988882.777974535] [laser_mapping]: publish_map: frame pts=2813, total=3140190
[INFO] [1783988883.777966886] [laser_mapping]: publish_map: frame pts=2813, total=3143003
[INFO] [1783988884.777976303] [laser_mapping]: publish_map: frame pts=2813, total=3145816
[INFO] [1783988885.778081011] [laser_mapping]: publish_map: frame pts=2813, total=3148629
[INFO] [1783988886.777974831] [laser_mapping]: publish_map: frame pts=2813, total=3151442
[INFO] [1783988887.777957980] [laser_mapping]: publish_map: frame pts=2813, total=3154255
[INFO] [1783988888.777965991] [laser_mapping]: publish_map: frame pts=2813, total=3157068
[INFO] [1783988889.777978402] [laser_mapping]: publish_map: frame pts=2813, total=3159881
[INFO] [1783988890.778068087] [laser_mapping]: publish_map: frame pts=2813, total=3162694
[INFO] [1783988891.777980650] [laser_mapping]: publish_map: frame pts=2813, total=3165507
[INFO] [1783988892.778109007] [laser_mapping]: publish_map: frame pts=2813, total=3168320
[INFO] [1783988893.777971100] [laser_mapping]: publish_map: frame pts=2813, total=3171133
[INFO] [1783988894.778081757] [laser_mapping]: publish_map: frame pts=2813, total=3173946
[INFO] [1783988895.777985449] [laser_mapping]: publish_map: frame pts=2813, total=3176759
[INFO] [1783988896.777976208] [laser_mapping]: publish_map: frame pts=2813, total=3179572
[INFO] [1783988897.778079367] [laser_mapping]: publish_map: frame pts=2813, total=3182385
[INFO] [1783988898.777963560] [laser_mapping]: publish_map: frame pts=2813, total=3185198
[INFO] [1783988899.777991501] [laser_mapping]: publish_map: frame pts=2813, total=3188011
[INFO] [1783988900.777979957] [laser_mapping]: publish_map: frame pts=2813, total=3190824
[INFO] [1783988901.777985067] [laser_mapping]: publish_map: frame pts=2813, total=3193637
[INFO] [1783988902.777978836] [laser_mapping]: publish_map: frame pts=2813, total=3196450
[INFO] [1783988903.777982781] [laser_mapping]: publish_map: frame pts=2813, total=3199263
[INFO] [1783988904.778047255] [laser_mapping]: publish_map: frame pts=2813, total=3202076
[INFO] [1783988905.777983762] [laser_mapping]: publish_map: frame pts=2813, total=3204889
[INFO] [1783988906.777966367] [laser_mapping]: publish_map: frame pts=2813, total=3207702
[INFO] [1783988907.777986802] [laser_mapping]: publish_map: frame pts=2813, total=3210515
[INFO] [1783988908.777960751] [laser_mapping]: publish_map: frame pts=2813, total=3213328
[INFO] [1783988909.778059120] [laser_mapping]: publish_map: frame pts=2813, total=3216141
[INFO] [1783988910.777959919] [laser_mapping]: publish_map: frame pts=2813, total=3218954
[INFO] [1783988911.777955062] [laser_mapping]: publish_map: frame pts=2813, total=3221767
[INFO] [1783988912.778093420] [laser_mapping]: publish_map: frame pts=2813, total=3224580
[INFO] [1783988913.777984082] [laser_mapping]: publish_map: frame pts=2813, total=3227393
[INFO] [1783988914.777967654] [laser_mapping]: publish_map: frame pts=2813, total=3230206
[INFO] [1783988915.777984488] [laser_mapping]: publish_map: frame pts=2813, total=3233019
[INFO] [1783988916.777965044] [laser_mapping]: publish_map: frame pts=2813, total=3235832
[INFO] [1783988917.777969487] [laser_mapping]: publish_map: frame pts=2813, total=3238645
[INFO] [1783988918.777976874] [laser_mapping]: publish_map: frame pts=2813, total=3241458
[INFO] [1783988919.778051945] [laser_mapping]: publish_map: frame pts=2813, total=3244271
[INFO] [1783988920.777977321] [laser_mapping]: publish_map: frame pts=2813, total=3247084
[INFO] [1783988921.777970381] [laser_mapping]: publish_map: frame pts=2813, total=3249897
[INFO] [1783988922.777968688] [laser_mapping]: publish_map: frame pts=2813, total=3252710
[INFO] [1783988923.777977167] [laser_mapping]: publish_map: frame pts=2813, total=3255523
[INFO] [1783988924.777976203] [laser_mapping]: publish_map: frame pts=2813, total=3258336
[INFO] [1783988925.777973784] [laser_mapping]: publish_map: frame pts=2813, total=3261149
[INFO] [1783988926.777952104] [laser_mapping]: publish_map: frame pts=2813, total=3263962
[INFO] [1783988927.777975499] [laser_mapping]: publish_map: frame pts=2813, total=3266775
[INFO] [1783988928.777971785] [laser_mapping]: publish_map: frame pts=2813, total=3269588
[INFO] [1783988929.778083101] [laser_mapping]: publish_map: frame pts=2813, total=3272401
[INFO] [1783988930.777969230] [laser_mapping]: publish_map: frame pts=2813, total=3275214
[INFO] [1783988931.777975783] [laser_mapping]: publish_map: frame pts=2813, total=3278027
[INFO] [1783988932.777981134] [laser_mapping]: publish_map: frame pts=2813, total=3280840
[INFO] [1783988933.778127247] [laser_mapping]: publish_map: frame pts=2813, total=3283653
[INFO] [1783988934.777981047] [laser_mapping]: publish_map: frame pts=2813, total=3286466
[INFO] [1783988935.777975910] [laser_mapping]: publish_map: frame pts=2813, total=3289279
[INFO] [1783988936.777972566] [laser_mapping]: publish_map: frame pts=2813, total=3292092
[INFO] [1783988937.777954310] [laser_mapping]: publish_map: frame pts=2813, total=3294905
[INFO] [1783988938.777963255] [laser_mapping]: publish_map: frame pts=2813, total=3297718
[INFO] [1783988939.777958840] [laser_mapping]: publish_map: frame pts=2813, total=3300531
[INFO] [1783988940.777965936] [laser_mapping]: publish_map: frame pts=2813, total=3303344
[INFO] [1783988941.777961995] [laser_mapping]: publish_map: frame pts=2813, total=3306157
[INFO] [1783988942.778027380] [laser_mapping]: publish_map: frame pts=2813, total=3308970
[INFO] [1783988943.777969318] [laser_mapping]: publish_map: frame pts=2813, total=3311783
[INFO] [1783988944.777962540] [laser_mapping]: publish_map: frame pts=2813, total=3314596
[INFO] [1783988945.777981987] [laser_mapping]: publish_map: frame pts=2813, total=3317409
[INFO] [1783988946.777979090] [laser_mapping]: publish_map: frame pts=2813, total=3320222
[INFO] [1783988947.777979991] [laser_mapping]: publish_map: frame pts=2813, total=3323035
[INFO] [1783988948.777975670] [laser_mapping]: publish_map: frame pts=2813, total=3325848
[INFO] [1783988949.777984206] [laser_mapping]: publish_map: frame pts=2813, total=3328661
[INFO] [1783988950.777985895] [laser_mapping]: publish_map: frame pts=2813, total=3331474
[INFO] [1783988951.777972158] [laser_mapping]: publish_map: frame pts=2813, total=3334287
[INFO] [1783988952.777986537] [laser_mapping]: publish_map: frame pts=2813, total=3337100
[INFO] [1783988953.777964125] [laser_mapping]: publish_map: frame pts=2813, total=3339913
[INFO] [1783988954.777958561] [laser_mapping]: publish_map: frame pts=2813, total=3342726
[INFO] [1783988955.777970706] [laser_mapping]: publish_map: frame pts=2813, total=3345539
[INFO] [1783988956.777977306] [laser_mapping]: publish_map: frame pts=2813, total=3348352
[INFO] [1783988957.777968490] [laser_mapping]: publish_map: frame pts=2813, total=3351165
[INFO] [1783988958.777974127] [laser_mapping]: publish_map: frame pts=2813, total=3353978
[INFO] [1783988959.777983133] [laser_mapping]: publish_map: frame pts=2813, total=3356791
[INFO] [1783988960.777972578] [laser_mapping]: publish_map: frame pts=2813, total=3359604
[INFO] [1783988961.777966309] [laser_mapping]: publish_map: frame pts=2813, total=3362417
[INFO] [1783988962.777974810] [laser_mapping]: publish_map: frame pts=2813, total=3365230
[INFO] [1783988963.778087917] [laser_mapping]: publish_map: frame pts=2813, total=3368043
[INFO] [1783988964.777990010] [laser_mapping]: publish_map: frame pts=2813, total=3370856
[INFO] [1783988965.778049977] [laser_mapping]: publish_map: frame pts=2813, total=3373669
[INFO] [1783988966.778057007] [laser_mapping]: publish_map: frame pts=2813, total=3376482
[INFO] [1783988967.777982565] [laser_mapping]: publish_map: frame pts=2813, total=3379295
[INFO] [1783988968.778046227] [laser_mapping]: publish_map: frame pts=2813, total=3382108
[INFO] [1783988969.777957242] [laser_mapping]: publish_map: frame pts=2813, total=3384921
[INFO] [1783988970.777966895] [laser_mapping]: publish_map: frame pts=2813, total=3387734
[INFO] [1783988971.777951289] [laser_mapping]: publish_map: frame pts=2813, total=3390547
[INFO] [1783988972.777984880] [laser_mapping]: publish_map: frame pts=2813, total=3393360
[INFO] [1783988973.777948826] [laser_mapping]: publish_map: frame pts=2813, total=3396173
[INFO] [1783988974.778110639] [laser_mapping]: publish_map: frame pts=2813, total=3398986
[INFO] [1783988975.778093475] [laser_mapping]: publish_map: frame pts=2813, total=3401799
[INFO] [1783988976.778057185] [laser_mapping]: publish_map: frame pts=2813, total=3404612
[INFO] [1783988977.777960086] [laser_mapping]: publish_map: frame pts=2813, total=3407425
[INFO] [1783988978.778090301] [laser_mapping]: publish_map: frame pts=2813, total=3410238
[INFO] [1783988979.777984313] [laser_mapping]: publish_map: frame pts=2813, total=3413051
[INFO] [1783988980.777980737] [laser_mapping]: publish_map: frame pts=2813, total=3415864
[INFO] [1783988981.778136261] [laser_mapping]: publish_map: frame pts=2813, total=3418677
[INFO] [1783988982.777955879] [laser_mapping]: publish_map: frame pts=2813, total=3421490
[INFO] [1783988983.777965747] [laser_mapping]: publish_map: frame pts=2813, total=3424303
[INFO] [1783988984.778010323] [laser_mapping]: publish_map: frame pts=2813, total=3427116
[INFO] [1783988985.777987768] [laser_mapping]: publish_map: frame pts=2813, total=3429929
[INFO] [1783988986.777973024] [laser_mapping]: publish_map: frame pts=2813, total=3432742
[INFO] [1783988987.778084913] [laser_mapping]: publish_map: frame pts=2813, total=3435555
[INFO] [1783988988.777971847] [laser_mapping]: publish_map: frame pts=2813, total=3438368
[INFO] [1783988989.777969034] [laser_mapping]: publish_map: frame pts=2813, total=3441181
[INFO] [1783988990.778087047] [laser_mapping]: publish_map: frame pts=2813, total=3443994
[INFO] [1783988991.777961727] [laser_mapping]: publish_map: frame pts=2813, total=3446807
[INFO] [1783988992.777964528] [laser_mapping]: publish_map: frame pts=2813, total=3449620
[INFO] [1783988993.777981273] [laser_mapping]: publish_map: frame pts=2813, total=3452433
[INFO] [1783988994.778070682] [laser_mapping]: publish_map: frame pts=2813, total=3455246
[INFO] [1783988995.777971869] [laser_mapping]: publish_map: frame pts=2813, total=3458059
[INFO] [1783988996.777962669] [laser_mapping]: publish_map: frame pts=2813, total=3460872
[INFO] [1783988997.777965434] [laser_mapping]: publish_map: frame pts=2813, total=3463685
[INFO] [1783988998.777969395] [laser_mapping]: publish_map: frame pts=2813, total=3466498
[INFO] [1783988999.777967176] [laser_mapping]: publish_map: frame pts=2813, total=3469311
[INFO] [1783989000.777954239] [laser_mapping]: publish_map: frame pts=2813, total=3472124
[INFO] [1783989001.777973415] [laser_mapping]: publish_map: frame pts=2813, total=3474937
[INFO] [1783989002.777974722] [laser_mapping]: publish_map: frame pts=2813, total=3477750
[INFO] [1783989003.777987965] [laser_mapping]: publish_map: frame pts=2813, total=3480563
[INFO] [1783989004.777979812] [laser_mapping]: publish_map: frame pts=2813, total=3483376
[INFO] [1783989005.777980061] [laser_mapping]: publish_map: frame pts=2813, total=3486189
[INFO] [1783989006.778057452] [laser_mapping]: publish_map: frame pts=2813, total=3489002
[INFO] [1783989007.777971236] [laser_mapping]: publish_map: frame pts=2813, total=3491815
[INFO] [1783989008.777987261] [laser_mapping]: publish_map: frame pts=2813, total=3494628
[INFO] [1783989009.777959402] [laser_mapping]: publish_map: frame pts=2813, total=3497441
[INFO] [1783989010.777972890] [laser_mapping]: publish_map: frame pts=2813, total=3500254
[INFO] [1783989011.778077144] [laser_mapping]: publish_map: frame pts=2813, total=3503067
[INFO] [1783989012.777983464] [laser_mapping]: publish_map: frame pts=2813, total=3505880
[INFO] [1783989013.777975561] [laser_mapping]: publish_map: frame pts=2813, total=3508693
[INFO] [1783989014.777978497] [laser_mapping]: publish_map: frame pts=2813, total=3511506
[INFO] [1783989015.777949662] [laser_mapping]: publish_map: frame pts=2813, total=3514319
lidar loop back, clear buffer
[INFO] [1783989016.777947568] [laser_mapping]: publish_map: frame pts=2813, total=3517132
[INFO] [1783989017.777949433] [laser_mapping]: publish_map: frame pts=2813, total=3519945
[INFO] [1783989018.777970601] [laser_mapping]: publish_map: frame pts=2813, total=3522758
[INFO] [1783989019.777951717] [laser_mapping]: publish_map: frame pts=2813, total=3525571
[INFO] [1783989020.777947732] [laser_mapping]: publish_map: frame pts=2813, total=3528384
[INFO] [1783989021.777955041] [laser_mapping]: publish_map: frame pts=2813, total=3531197
[INFO] [1783989022.777959583] [laser_mapping]: publish_map: frame pts=2813, total=3534010
[INFO] [1783989023.777957400] [laser_mapping]: publish_map: frame pts=2813, total=3536823
[INFO] [1783989024.777965474] [laser_mapping]: publish_map: frame pts=2813, total=3539636
[INFO] [1783989025.777969877] [laser_mapping]: publish_map: frame pts=2813, total=3542449
[INFO] [1783989026.777948293] [laser_mapping]: publish_map: frame pts=2813, total=3545262
[INFO] [1783989027.777964357] [laser_mapping]: publish_map: frame pts=2813, total=3548075
[INFO] [1783989028.777990598] [laser_mapping]: publish_map: frame pts=2813, total=3550888
[INFO] [1783989029.777949098] [laser_mapping]: publish_map: frame pts=2813, total=3553701
[INFO] [1783989030.777952422] [laser_mapping]: publish_map: frame pts=2813, total=3556514
[INFO] [1783989031.777957568] [laser_mapping]: publish_map: frame pts=2813, total=3559327
[INFO] [1783989032.777942968] [laser_mapping]: publish_map: frame pts=2813, total=3562140
[INFO] [1783989033.777953379] [laser_mapping]: publish_map: frame pts=2813, total=3564953
[INFO] [1783989034.777953818] [laser_mapping]: publish_map: frame pts=2813, total=3567766
[INFO] [1783989035.777952160] [laser_mapping]: publish_map: frame pts=2813, total=3570579
[INFO] [1783989036.777951780] [laser_mapping]: publish_map: frame pts=2813, total=3573392
lidar loop back, clear buffer
[INFO] [1783989037.778055944] [laser_mapping]: publish_map: frame pts=2813, total=3576205
[INFO] [1783989038.777944457] [laser_mapping]: publish_map: frame pts=2813, total=3579018
[INFO] [1783989039.777950612] [laser_mapping]: publish_map: frame pts=2813, total=3581831
[INFO] [1783989040.777951492] [laser_mapping]: publish_map: frame pts=2813, total=3584644
[INFO] [1783989041.777952650] [laser_mapping]: publish_map: frame pts=2813, total=3587457
[INFO] [1783989042.777951940] [laser_mapping]: publish_map: frame pts=2813, total=3590270
[INFO] [1783989043.777954822] [laser_mapping]: publish_map: frame pts=2813, total=3593083
[INFO] [1783989044.777957949] [laser_mapping]: publish_map: frame pts=2813, total=3595896
[INFO] [1783989045.777963176] [laser_mapping]: publish_map: frame pts=2813, total=3598709
[INFO] [1783989046.777955052] [laser_mapping]: publish_map: frame pts=2813, total=3601522
[INFO] [1783989047.777968520] [laser_mapping]: publish_map: frame pts=2813, total=3604335
[INFO] [1783989048.777949026] [laser_mapping]: publish_map: frame pts=2813, total=3607148
[INFO] [1783989049.777945630] [laser_mapping]: publish_map: frame pts=2813, total=3609961
[INFO] [1783989050.777955927] [laser_mapping]: publish_map: frame pts=2813, total=3612774
[INFO] [1783989051.777946113] [laser_mapping]: publish_map: frame pts=2813, total=3615587
[INFO] [1783989052.777948089] [laser_mapping]: publish_map: frame pts=2813, total=3618400
[INFO] [1783989053.777943536] [laser_mapping]: publish_map: frame pts=2813, total=3621213
[INFO] [1783989054.777951975] [laser_mapping]: publish_map: frame pts=2813, total=3624026
[INFO] [1783989055.777944272] [laser_mapping]: publish_map: frame pts=2813, total=3626839
[INFO] [1783989056.777960282] [laser_mapping]: publish_map: frame pts=2813, total=3629652
[INFO] [1783989057.777948272] [laser_mapping]: publish_map: frame pts=2813, total=3632465
[INFO] [1783989058.777947893] [laser_mapping]: publish_map: frame pts=2813, total=3635278
[INFO] [1783989059.778092953] [laser_mapping]: publish_map: frame pts=2813, total=3638091
[INFO] [1783989060.777954634] [laser_mapping]: publish_map: frame pts=2813, total=3640904
[INFO] [1783989061.777952667] [laser_mapping]: publish_map: frame pts=2813, total=3643717
[INFO] [1783989062.777954391] [laser_mapping]: publish_map: frame pts=2813, total=3646530
[INFO] [1783989063.777944462] [laser_mapping]: publish_map: frame pts=2813, total=3649343
[INFO] [1783989064.777948661] [laser_mapping]: publish_map: frame pts=2813, total=3652156
[INFO] [1783989065.777946461] [laser_mapping]: publish_map: frame pts=2813, total=3654969
[INFO] [1783989066.777958878] [laser_mapping]: publish_map: frame pts=2813, total=3657782
[INFO] [1783989067.777957726] [laser_mapping]: publish_map: frame pts=2813, total=3660595
[INFO] [1783989068.777955786] [laser_mapping]: publish_map: frame pts=2813, total=3663408
[INFO] [1783989069.777949340] [laser_mapping]: publish_map: frame pts=2813, total=3666221
[INFO] [1783989070.777945818] [laser_mapping]: publish_map: frame pts=2813, total=3669034
[INFO] [1783989071.777957428] [laser_mapping]: publish_map: frame pts=2813, total=3671847
[INFO] [1783989072.777952871] [laser_mapping]: publish_map: frame pts=2813, total=3674660
[INFO] [1783989073.777945783] [laser_mapping]: publish_map: frame pts=2813, total=3677473
[INFO] [1783989074.778081120] [laser_mapping]: publish_map: frame pts=2813, total=3680286
[INFO] [1783989075.777950494] [laser_mapping]: publish_map: frame pts=2813, total=3683099
[INFO] [1783989076.777960933] [laser_mapping]: publish_map: frame pts=2813, total=3685912
[INFO] [1783989077.777917374] [laser_mapping]: publish_map: frame pts=2813, total=3688725
[INFO] [1783989078.777969213] [laser_mapping]: publish_map: frame pts=2813, total=3691538
[INFO] [1783989079.778707460] [laser_mapping]: publish_map: frame pts=2813, total=3694351
[INFO] [1783989080.777971989] [laser_mapping]: publish_map: frame pts=2813, total=3697164
[INFO] [1783989081.777993316] [laser_mapping]: publish_map: frame pts=2813, total=3699977
[INFO] [1783989082.777984529] [laser_mapping]: publish_map: frame pts=2813, total=3702790
[INFO] [1783989083.777961753] [laser_mapping]: publish_map: frame pts=2813, total=3705603
[INFO] [1783989084.777962801] [laser_mapping]: publish_map: frame pts=2813, total=3708416
[INFO] [1783989085.777954286] [laser_mapping]: publish_map: frame pts=2813, total=3711229
[INFO] [1783989086.777957555] [laser_mapping]: publish_map: frame pts=2813, total=3714042
[INFO] [1783989087.778395035] [laser_mapping]: publish_map: frame pts=2813, total=3716855
[INFO] [1783989088.777981736] [laser_mapping]: publish_map: frame pts=2813, total=3719668
[INFO] [1783989089.778147896] [laser_mapping]: publish_map: frame pts=2813, total=3722481
[INFO] [1783989090.778182128] [laser_mapping]: publish_map: frame pts=2813, total=3725294
[INFO] [1783989091.777976290] [laser_mapping]: publish_map: frame pts=2813, total=3728107
[INFO] [1783989092.778000681] [laser_mapping]: publish_map: frame pts=2813, total=3730920
[INFO] [1783989093.777974307] [laser_mapping]: publish_map: frame pts=2813, total=3733733
[INFO] [1783989094.777978923] [laser_mapping]: publish_map: frame pts=2813, total=3736546
[INFO] [1783989095.777957911] [laser_mapping]: publish_map: frame pts=2813, total=3739359
[INFO] [1783989096.778055857] [laser_mapping]: publish_map: frame pts=2813, total=3742172
[INFO] [1783989097.777984078] [laser_mapping]: publish_map: frame pts=2813, total=3744985
[INFO] [1783989098.778053037] [laser_mapping]: publish_map: frame pts=2813, total=3747798
[INFO] [1783989099.777966603] [laser_mapping]: publish_map: frame pts=2813, total=3750611
[INFO] [1783989100.777964518] [laser_mapping]: publish_map: frame pts=2813, total=3753424
[INFO] [1783989101.777960118] [laser_mapping]: publish_map: frame pts=2813, total=3756237
[INFO] [1783989102.777969747] [laser_mapping]: publish_map: frame pts=2813, total=3759050
[INFO] [1783989103.777970731] [laser_mapping]: publish_map: frame pts=2813, total=3761863
[INFO] [1783989104.778074573] [laser_mapping]: publish_map: frame pts=2813, total=3764676
[INFO] [1783989105.777966712] [laser_mapping]: publish_map: frame pts=2813, total=3767489
[INFO] [1783989106.777990217] [laser_mapping]: publish_map: frame pts=2813, total=3770302
[INFO] [1783989107.777964758] [laser_mapping]: publish_map: frame pts=2813, total=3773115
[INFO] [1783989108.777951264] [laser_mapping]: publish_map: frame pts=2813, total=3775928
[INFO] [1783989109.777966596] [laser_mapping]: publish_map: frame pts=2813, total=3778741
[INFO] [1783989110.777974857] [laser_mapping]: publish_map: frame pts=2813, total=3781554
[INFO] [1783989111.777976204] [laser_mapping]: publish_map: frame pts=2813, total=3784367
[INFO] [1783989112.777979906] [laser_mapping]: publish_map: frame pts=2813, total=3787180
[INFO] [1783989113.777969680] [laser_mapping]: publish_map: frame pts=2813, total=3789993
[INFO] [1783989114.778048379] [laser_mapping]: publish_map: frame pts=2813, total=3792806
[INFO] [1783989115.777964666] [laser_mapping]: publish_map: frame pts=2813, total=3795619
[INFO] [1783989116.777969906] [laser_mapping]: publish_map: frame pts=2813, total=3798432
[INFO] [1783989117.777960649] [laser_mapping]: publish_map: frame pts=2813, total=3801245
[INFO] [1783989118.778060084] [laser_mapping]: publish_map: frame pts=2813, total=3804058
[INFO] [1783989119.777933430] [laser_mapping]: publish_map: frame pts=2813, total=3806871
[INFO] [1783989120.778113022] [laser_mapping]: publish_map: frame pts=2813, total=3809684
[INFO] [1783989121.778093215] [laser_mapping]: publish_map: frame pts=2813, total=3812497
[INFO] [1783989122.777960812] [laser_mapping]: publish_map: frame pts=2813, total=3815310
[INFO] [1783989123.777965587] [laser_mapping]: publish_map: frame pts=2813, total=3818123
[INFO] [1783989124.777962847] [laser_mapping]: publish_map: frame pts=2813, total=3820936
[INFO] [1783989125.778054211] [laser_mapping]: publish_map: frame pts=2813, total=3823749
[INFO] [1783989126.778122877] [laser_mapping]: publish_map: frame pts=2813, total=3826562
[INFO] [1783989127.777947362] [laser_mapping]: publish_map: frame pts=2813, total=3829375
[INFO] [1783989128.777975323] [laser_mapping]: publish_map: frame pts=2813, total=3832188
[INFO] [1783989129.777972698] [laser_mapping]: publish_map: frame pts=2813, total=3835001
[INFO] [1783989130.777949701] [laser_mapping]: publish_map: frame pts=2813, total=3837814
[INFO] [1783989131.778094601] [laser_mapping]: publish_map: frame pts=2813, total=3840627
[INFO] [1783989132.777952190] [laser_mapping]: publish_map: frame pts=2813, total=3843440
[INFO] [1783989133.777947811] [laser_mapping]: publish_map: frame pts=2813, total=3846253
[INFO] [1783989134.777974005] [laser_mapping]: publish_map: frame pts=2813, total=3849066
[INFO] [1783989135.778063079] [laser_mapping]: publish_map: frame pts=2813, total=3851879
[INFO] [1783989136.777963700] [laser_mapping]: publish_map: frame pts=2813, total=3854692
[INFO] [1783989137.778043183] [laser_mapping]: publish_map: frame pts=2813, total=3857505
[INFO] [1783989138.777970704] [laser_mapping]: publish_map: frame pts=2813, total=3860318
[INFO] [1783989139.777977108] [laser_mapping]: publish_map: frame pts=2813, total=3863131
[INFO] [1783989140.777962095] [laser_mapping]: publish_map: frame pts=2813, total=3865944
[INFO] [1783989141.777969622] [laser_mapping]: publish_map: frame pts=2813, total=3868757
[INFO] [1783989142.777951968] [laser_mapping]: publish_map: frame pts=2813, total=3871570
[INFO] [1783989143.778063471] [laser_mapping]: publish_map: frame pts=2813, total=3874383
[INFO] [1783989144.778099917] [laser_mapping]: publish_map: frame pts=2813, total=3877196
[INFO] [1783989145.778053703] [laser_mapping]: publish_map: frame pts=2813, total=3880009
[INFO] [1783989146.777968115] [laser_mapping]: publish_map: frame pts=2813, total=3882822
[INFO] [1783989147.777959645] [laser_mapping]: publish_map: frame pts=2813, total=3885635
[INFO] [1783989148.778016538] [laser_mapping]: publish_map: frame pts=2813, total=3888448
[INFO] [1783989149.777962365] [laser_mapping]: publish_map: frame pts=2813, total=3891261
[INFO] [1783989150.778037018] [laser_mapping]: publish_map: frame pts=2813, total=3894074
[INFO] [1783989151.777975150] [laser_mapping]: publish_map: frame pts=2813, total=3896887
[INFO] [1783989152.778074340] [laser_mapping]: publish_map: frame pts=2813, total=3899700
[INFO] [1783989153.777949880] [laser_mapping]: publish_map: frame pts=2813, total=3902513
[INFO] [1783989154.778064606] [laser_mapping]: publish_map: frame pts=2813, total=3905326
[INFO] [1783989155.778023656] [laser_mapping]: publish_map: frame pts=2813, total=3908139
[INFO] [1783989156.777971121] [laser_mapping]: publish_map: frame pts=2813, total=3910952
[INFO] [1783989157.777971407] [laser_mapping]: publish_map: frame pts=2813, total=3913765
[INFO] [1783989158.777952534] [laser_mapping]: publish_map: frame pts=2813, total=3916578
[INFO] [1783989159.777971031] [laser_mapping]: publish_map: frame pts=2813, total=3919391
[INFO] [1783989160.778045424] [laser_mapping]: publish_map: frame pts=2813, total=3922204
[INFO] [1783989161.778070322] [laser_mapping]: publish_map: frame pts=2813, total=3925017
[INFO] [1783989162.777964511] [laser_mapping]: publish_map: frame pts=2813, total=3927830
[INFO] [1783989163.777966777] [laser_mapping]: publish_map: frame pts=2813, total=3930643
[INFO] [1783989164.777965258] [laser_mapping]: publish_map: frame pts=2813, total=3933456
[INFO] [1783989165.777963486] [laser_mapping]: publish_map: frame pts=2813, total=3936269
[INFO] [1783989166.778072351] [laser_mapping]: publish_map: frame pts=2813, total=3939082
[INFO] [1783989167.778046907] [laser_mapping]: publish_map: frame pts=2813, total=3941895
[INFO] [1783989168.778066463] [laser_mapping]: publish_map: frame pts=2813, total=3944708
[INFO] [1783989169.778031800] [laser_mapping]: publish_map: frame pts=2813, total=3947521
[INFO] [1783989170.777967413] [laser_mapping]: publish_map: frame pts=2813, total=3950334
[INFO] [1783989171.777954699] [laser_mapping]: publish_map: frame pts=2813, total=3953147
[INFO] [1783989172.777953970] [laser_mapping]: publish_map: frame pts=2813, total=3955960
[INFO] [1783989173.777969096] [laser_mapping]: publish_map: frame pts=2813, total=3958773
[INFO] [1783989174.777966993] [laser_mapping]: publish_map: frame pts=2813, total=3961586
[INFO] [1783989175.777969801] [laser_mapping]: publish_map: frame pts=2813, total=3964399
[INFO] [1783989176.777955146] [laser_mapping]: publish_map: frame pts=2813, total=3967212
[INFO] [1783989177.778071212] [laser_mapping]: publish_map: frame pts=2813, total=3970025
lidar loop back, clear buffer
[INFO] [1783989178.777944559] [laser_mapping]: publish_map: frame pts=2813, total=3972838
[INFO] [1783989179.777951799] [laser_mapping]: publish_map: frame pts=2813, total=3975651
[INFO] [1783989180.777953114] [laser_mapping]: publish_map: frame pts=2813, total=3978464
[INFO] [1783989181.777952958] [laser_mapping]: publish_map: frame pts=2813, total=3981277
[INFO] [1783989182.777952352] [laser_mapping]: publish_map: frame pts=2813, total=3984090
[INFO] [1783989183.777951205] [laser_mapping]: publish_map: frame pts=2813, total=3986903
[INFO] [1783989184.777968853] [laser_mapping]: publish_map: frame pts=2813, total=3989716
[INFO] [1783989185.777962286] [laser_mapping]: publish_map: frame pts=2813, total=3992529
[INFO] [1783989186.777949856] [laser_mapping]: publish_map: frame pts=2813, total=3995342
[INFO] [1783989187.777971864] [laser_mapping]: publish_map: frame pts=2813, total=3998155
[INFO] [1783989188.777964045] [laser_mapping]: publish_map: frame pts=2813, total=4000968
[INFO] [1783989189.777958079] [laser_mapping]: publish_map: frame pts=2813, total=4003781
[INFO] [1783989190.777949424] [laser_mapping]: publish_map: frame pts=2813, total=4006594
[INFO] [1783989191.777979554] [laser_mapping]: publish_map: frame pts=2813, total=4009407
[INFO] [1783989192.777961686] [laser_mapping]: publish_map: frame pts=2813, total=4012220
[INFO] [1783989193.777955273] [laser_mapping]: publish_map: frame pts=2813, total=4015033
[INFO] [1783989194.777944836] [laser_mapping]: publish_map: frame pts=2813, total=4017846
[INFO] [1783989195.778049237] [laser_mapping]: publish_map: frame pts=2813, total=4020659
[INFO] [1783989196.777947305] [laser_mapping]: publish_map: frame pts=2813, total=4023472
[INFO] [1783989197.777950264] [laser_mapping]: publish_map: frame pts=2813, total=4026285
[INFO] [1783989198.777948717] [laser_mapping]: publish_map: frame pts=2813, total=4029098
lidar loop back, clear buffer
[INFO] [1783989199.777957520] [laser_mapping]: publish_map: frame pts=2813, total=4031911
[INFO] [1783989200.777940790] [laser_mapping]: publish_map: frame pts=2813, total=4034724
[INFO] [1783989201.777952581] [laser_mapping]: publish_map: frame pts=2813, total=4037537
[INFO] [1783989202.777964878] [laser_mapping]: publish_map: frame pts=2813, total=4040350
[INFO] [1783989203.777956876] [laser_mapping]: publish_map: frame pts=2813, total=4043163
[INFO] [1783989204.777943878] [laser_mapping]: publish_map: frame pts=2813, total=4045976
[INFO] [1783989205.777962570] [laser_mapping]: publish_map: frame pts=2813, total=4048789
[INFO] [1783989206.777964057] [laser_mapping]: publish_map: frame pts=2813, total=4051602
[INFO] [1783989207.777983548] [laser_mapping]: publish_map: frame pts=2813, total=4054415
[INFO] [1783989208.777966750] [laser_mapping]: publish_map: frame pts=2813, total=4057228
[INFO] [1783989209.777954652] [laser_mapping]: publish_map: frame pts=2813, total=4060041
[INFO] [1783989210.777977168] [laser_mapping]: publish_map: frame pts=2813, total=4062854
[INFO] [1783989211.777972934] [laser_mapping]: publish_map: frame pts=2813, total=4065667
[INFO] [1783989212.777956598] [laser_mapping]: publish_map: frame pts=2813, total=4068480
[INFO] [1783989213.777961130] [laser_mapping]: publish_map: frame pts=2813, total=4071293
[INFO] [1783989214.777951077] [laser_mapping]: publish_map: frame pts=2813, total=4074106
[INFO] [1783989215.777947192] [laser_mapping]: publish_map: frame pts=2813, total=4076919
[INFO] [1783989216.777957016] [laser_mapping]: publish_map: frame pts=2813, total=4079732
[INFO] [1783989217.777944869] [laser_mapping]: publish_map: frame pts=2813, total=4082545
[INFO] [1783989218.777967611] [laser_mapping]: publish_map: frame pts=2813, total=4085358
[INFO] [1783989219.777955777] [laser_mapping]: publish_map: frame pts=2813, total=4088171
[INFO] [1783989220.777949842] [laser_mapping]: publish_map: frame pts=2813, total=4090984
[INFO] [1783989221.777949175] [laser_mapping]: publish_map: frame pts=2813, total=4093797
[INFO] [1783989222.777953392] [laser_mapping]: publish_map: frame pts=2813, total=4096610
[INFO] [1783989223.777959307] [laser_mapping]: publish_map: frame pts=2813, total=4099423
[INFO] [1783989224.777971144] [laser_mapping]: publish_map: frame pts=2813, total=4102236
[INFO] [1783989225.777944073] [laser_mapping]: publish_map: frame pts=2813, total=4105049
[INFO] [1783989226.777954445] [laser_mapping]: publish_map: frame pts=2813, total=4107862
[INFO] [1783989227.777970769] [laser_mapping]: publish_map: frame pts=2813, total=4110675
[INFO] [1783989228.777952257] [laser_mapping]: publish_map: frame pts=2813, total=4113488
[INFO] [1783989229.777946986] [laser_mapping]: publish_map: frame pts=2813, total=4116301
[INFO] [1783989230.777947568] [laser_mapping]: publish_map: frame pts=2813, total=4119114
[INFO] [1783989231.777949406] [laser_mapping]: publish_map: frame pts=2813, total=4121927
[INFO] [1783989232.777952205] [laser_mapping]: publish_map: frame pts=2813, total=4124740
[INFO] [1783989233.777960690] [laser_mapping]: publish_map: frame pts=2813, total=4127553
[INFO] [1783989234.777948608] [laser_mapping]: publish_map: frame pts=2813, total=4130366
[INFO] [1783989235.777945553] [laser_mapping]: publish_map: frame pts=2813, total=4133179
[INFO] [1783989236.777950504] [laser_mapping]: publish_map: frame pts=2813, total=4135992
[INFO] [1783989237.777956511] [laser_mapping]: publish_map: frame pts=2813, total=4138805
[INFO] [1783989238.777951318] [laser_mapping]: publish_map: frame pts=2813, total=4141618
[INFO] [1783989239.777961685] [laser_mapping]: publish_map: frame pts=2813, total=4144431
[INFO] [1783989240.777945263] [laser_mapping]: publish_map: frame pts=2813, total=4147244
[INFO] [1783989241.777963836] [laser_mapping]: publish_map: frame pts=2813, total=4150057
[INFO] [1783989242.777954008] [laser_mapping]: publish_map: frame pts=2813, total=4152870
[INFO] [1783989243.777959517] [laser_mapping]: publish_map: frame pts=2813, total=4155683
[INFO] [1783989244.777951179] [laser_mapping]: publish_map: frame pts=2813, total=4158496
[INFO] [1783989245.777950389] [laser_mapping]: publish_map: frame pts=2813, total=4161309
[INFO] [1783989246.777952115] [laser_mapping]: publish_map: frame pts=2813, total=4164122
[INFO] [1783989247.777957580] [laser_mapping]: publish_map: frame pts=2813, total=4166935
[INFO] [1783989248.777955006] [laser_mapping]: publish_map: frame pts=2813, total=4169748
[INFO] [1783989249.777969205] [laser_mapping]: publish_map: frame pts=2813, total=4172561
[INFO] [1783989250.777950488] [laser_mapping]: publish_map: frame pts=2813, total=4175374
[INFO] [1783989251.777965933] [laser_mapping]: publish_map: frame pts=2813, total=4178187
[INFO] [1783989252.777952082] [laser_mapping]: publish_map: frame pts=2813, total=4181000
[INFO] [1783989253.777918303] [laser_mapping]: publish_map: frame pts=2813, total=4183813
[INFO] [1783989254.777962840] [laser_mapping]: publish_map: frame pts=2813, total=4186626
[INFO] [1783989255.777971123] [laser_mapping]: publish_map: frame pts=2813, total=4189439
[INFO] [1783989256.777952069] [laser_mapping]: publish_map: frame pts=2813, total=4192252
[INFO] [1783989257.777950870] [laser_mapping]: publish_map: frame pts=2813, total=4195065
[INFO] [1783989258.777952782] [laser_mapping]: publish_map: frame pts=2813, total=4197878
[INFO] [1783989259.777952055] [laser_mapping]: publish_map: frame pts=2813, total=4200691
[INFO] [1783989260.778090520] [laser_mapping]: publish_map: frame pts=2813, total=4203504
[INFO] [1783989261.777949866] [laser_mapping]: publish_map: frame pts=2813, total=4206317
[INFO] [1783989262.777963928] [laser_mapping]: publish_map: frame pts=2813, total=4209130
[INFO] [1783989263.777991769] [laser_mapping]: publish_map: frame pts=2813, total=4211943
[INFO] [1783989264.777974660] [laser_mapping]: publish_map: frame pts=2813, total=4214756
[INFO] [1783989265.777979939] [laser_mapping]: publish_map: frame pts=2813, total=4217569
[INFO] [1783989266.777970330] [laser_mapping]: publish_map: frame pts=2813, total=4220382
[INFO] [1783989267.777960392] [laser_mapping]: publish_map: frame pts=2813, total=4223195
[INFO] [1783989268.777959219] [laser_mapping]: publish_map: frame pts=2813, total=4226008
[INFO] [1783989269.777979149] [laser_mapping]: publish_map: frame pts=2813, total=4228821
[INFO] [1783989270.777973301] [laser_mapping]: publish_map: frame pts=2813, total=4231634
[INFO] [1783989271.777963513] [laser_mapping]: publish_map: frame pts=2813, total=4234447
[INFO] [1783989272.777962480] [laser_mapping]: publish_map: frame pts=2813, total=4237260
[INFO] [1783989273.778128721] [laser_mapping]: publish_map: frame pts=2813, total=4240073
[INFO] [1783989274.777960222] [laser_mapping]: publish_map: frame pts=2813, total=4242886
[INFO] [1783989275.778056516] [laser_mapping]: publish_map: frame pts=2813, total=4245699
[INFO] [1783989276.777964248] [laser_mapping]: publish_map: frame pts=2813, total=4248512
[INFO] [1783989277.777964900] [laser_mapping]: publish_map: frame pts=2813, total=4251325
[INFO] [1783989278.777966519] [laser_mapping]: publish_map: frame pts=2813, total=4254138
[INFO] [1783989279.777964686] [laser_mapping]: publish_map: frame pts=2813, total=4256951
[INFO] [1783989280.777961600] [laser_mapping]: publish_map: frame pts=2813, total=4259764
[INFO] [1783989281.777967855] [laser_mapping]: publish_map: frame pts=2813, total=4262577
[INFO] [1783989282.777961030] [laser_mapping]: publish_map: frame pts=2813, total=4265390
[INFO] [1783989283.778070141] [laser_mapping]: publish_map: frame pts=2813, total=4268203
[INFO] [1783989284.777961552] [laser_mapping]: publish_map: frame pts=2813, total=4271016
[INFO] [1783989285.777988070] [laser_mapping]: publish_map: frame pts=2813, total=4273829
[INFO] [1783989286.777960328] [laser_mapping]: publish_map: frame pts=2813, total=4276642
[INFO] [1783989287.777958895] [laser_mapping]: publish_map: frame pts=2813, total=4279455
[INFO] [1783989288.777960378] [laser_mapping]: publish_map: frame pts=2813, total=4282268
[INFO] [1783989289.778055417] [laser_mapping]: publish_map: frame pts=2813, total=4285081
[INFO] [1783989290.778096871] [laser_mapping]: publish_map: frame pts=2813, total=4287894
[INFO] [1783989291.778026263] [laser_mapping]: publish_map: frame pts=2813, total=4290707
[INFO] [1783989292.778098370] [laser_mapping]: publish_map: frame pts=2813, total=4293520
[INFO] [1783989293.777963148] [laser_mapping]: publish_map: frame pts=2813, total=4296333
[INFO] [1783989294.778050980] [laser_mapping]: publish_map: frame pts=2813, total=4299146
[INFO] [1783989295.777960120] [laser_mapping]: publish_map: frame pts=2813, total=4301959
[INFO] [1783989296.777962621] [laser_mapping]: publish_map: frame pts=2813, total=4304772
[INFO] [1783989297.777961224] [laser_mapping]: publish_map: frame pts=2813, total=4307585
[INFO] [1783989298.777946674] [laser_mapping]: publish_map: frame pts=2813, total=4310398
[INFO] [1783989299.777968153] [laser_mapping]: publish_map: frame pts=2813, total=4313211
[INFO] [1783989300.777962622] [laser_mapping]: publish_map: frame pts=2813, total=4316024
[INFO] [1783989301.777959877] [laser_mapping]: publish_map: frame pts=2813, total=4318837
[INFO] [1783989302.778027261] [laser_mapping]: publish_map: frame pts=2813, total=4321650
[INFO] [1783989303.777956206] [laser_mapping]: publish_map: frame pts=2813, total=4324463
[INFO] [1783989304.778003991] [laser_mapping]: publish_map: frame pts=2813, total=4327276
[INFO] [1783989305.777964017] [laser_mapping]: publish_map: frame pts=2813, total=4330089
[INFO] [1783989306.778055857] [laser_mapping]: publish_map: frame pts=2813, total=4332902
[INFO] [1783989307.777939547] [laser_mapping]: publish_map: frame pts=2813, total=4335715
[INFO] [1783989308.777966189] [laser_mapping]: publish_map: frame pts=2813, total=4338528
[INFO] [1783989309.777966444] [laser_mapping]: publish_map: frame pts=2813, total=4341341
[INFO] [1783989310.777966930] [laser_mapping]: publish_map: frame pts=2813, total=4344154
[INFO] [1783989311.778046529] [laser_mapping]: publish_map: frame pts=2813, total=4346967
[INFO] [1783989312.778066789] [laser_mapping]: publish_map: frame pts=2813, total=4349780
[INFO] [1783989313.777961383] [laser_mapping]: publish_map: frame pts=2813, total=4352593
[INFO] [1783989314.777963585] [laser_mapping]: publish_map: frame pts=2813, total=4355406
[INFO] [1783989315.777968168] [laser_mapping]: publish_map: frame pts=2813, total=4358219
[INFO] [1783989316.777965804] [laser_mapping]: publish_map: frame pts=2813, total=4361032
[INFO] [1783989317.777958376] [laser_mapping]: publish_map: frame pts=2813, total=4363845
[INFO] [1783989318.777971785] [laser_mapping]: publish_map: frame pts=2813, total=4366658
[INFO] [1783989319.777963234] [laser_mapping]: publish_map: frame pts=2813, total=4369471
[INFO] [1783989320.777975502] [laser_mapping]: publish_map: frame pts=2813, total=4372284
[INFO] [1783989321.778068270] [laser_mapping]: publish_map: frame pts=2813, total=4375097
[INFO] [1783989322.778105819] [laser_mapping]: publish_map: frame pts=2813, total=4377910
[INFO] [1783989323.777966306] [laser_mapping]: publish_map: frame pts=2813, total=4380723
[INFO] [1783989324.777949424] [laser_mapping]: publish_map: frame pts=2813, total=4383536
[INFO] [1783989325.777967681] [laser_mapping]: publish_map: frame pts=2813, total=4386349
[INFO] [1783989326.778129239] [laser_mapping]: publish_map: frame pts=2813, total=4389162
[INFO] [1783989327.777965024] [laser_mapping]: publish_map: frame pts=2813, total=4391975
[INFO] [1783989328.777980410] [laser_mapping]: publish_map: frame pts=2813, total=4394788
[INFO] [1783989329.777972021] [laser_mapping]: publish_map: frame pts=2813, total=4397601
[INFO] [1783989330.777973916] [laser_mapping]: publish_map: frame pts=2813, total=4400414
[INFO] [1783989331.777968385] [laser_mapping]: publish_map: frame pts=2813, total=4403227
[INFO] [1783989332.777952849] [laser_mapping]: publish_map: frame pts=2813, total=4406040
[INFO] [1783989333.777972024] [laser_mapping]: publish_map: frame pts=2813, total=4408853
[INFO] [1783989334.777977895] [laser_mapping]: publish_map: frame pts=2813, total=4411666
[INFO] [1783989335.777963301] [laser_mapping]: publish_map: frame pts=2813, total=4414479
[INFO] [1783989336.777965856] [laser_mapping]: publish_map: frame pts=2813, total=4417292
[INFO] [1783989337.778076184] [laser_mapping]: publish_map: frame pts=2813, total=4420105
[INFO] [1783989338.777974191] [laser_mapping]: publish_map: frame pts=2813, total=4422918
[INFO] [1783989339.778059418] [laser_mapping]: publish_map: frame pts=2813, total=4425731
[INFO] [1783989340.777967411] [laser_mapping]: publish_map: frame pts=2813, total=4428544
[INFO] [1783989341.777957741] [laser_mapping]: publish_map: frame pts=2813, total=4431357
[INFO] [1783989342.778043811] [laser_mapping]: publish_map: frame pts=2813, total=4434170
[INFO] [1783989343.777962765] [laser_mapping]: publish_map: frame pts=2813, total=4436983
[INFO] [1783989344.778105060] [laser_mapping]: publish_map: frame pts=2813, total=4439796
[INFO] [1783989345.777970602] [laser_mapping]: publish_map: frame pts=2813, total=4442609
[INFO] [1783989346.777947884] [laser_mapping]: publish_map: frame pts=2813, total=4445422
[INFO] [1783989347.777967372] [laser_mapping]: publish_map: frame pts=2813, total=4448235
[INFO] [1783989348.777969550] [laser_mapping]: publish_map: frame pts=2813, total=4451048
[INFO] [1783989349.778018686] [laser_mapping]: publish_map: frame pts=2813, total=4453861
[INFO] [1783989350.777948573] [laser_mapping]: publish_map: frame pts=2813, total=4456674
[INFO] [1783989351.777967179] [laser_mapping]: publish_map: frame pts=2813, total=4459487
[INFO] [1783989352.778039088] [laser_mapping]: publish_map: frame pts=2813, total=4462300
[INFO] [1783989353.778066865] [laser_mapping]: publish_map: frame pts=2813, total=4465113
[INFO] [1783989354.778096661] [laser_mapping]: publish_map: frame pts=2813, total=4467926
[INFO] [1783989355.777967293] [laser_mapping]: publish_map: frame pts=2813, total=4470739
[INFO] [1783989356.777967712] [laser_mapping]: publish_map: frame pts=2813, total=4473552
[INFO] [1783989357.777958697] [laser_mapping]: publish_map: frame pts=2813, total=4476365
[INFO] [1783989358.777967122] [laser_mapping]: publish_map: frame pts=2813, total=4479178
[INFO] [1783989359.777969829] [laser_mapping]: publish_map: frame pts=2813, total=4481991
[INFO] [1783989360.778073764] [laser_mapping]: publish_map: frame pts=2813, total=4484804
[INFO] [1783989361.777961304] [laser_mapping]: publish_map: frame pts=2813, total=4487617
[INFO] [1783989362.777980320] [laser_mapping]: publish_map: frame pts=2813, total=4490430
[INFO] [1783989363.777977819] [laser_mapping]: publish_map: frame pts=2813, total=4493243
[INFO] [1783989364.777967174] [laser_mapping]: publish_map: frame pts=2813, total=4496056
[INFO] [1783989365.777967773] [laser_mapping]: publish_map: frame pts=2813, total=4498869
[INFO] [1783989366.777967957] [laser_mapping]: publish_map: frame pts=2813, total=4501682
[INFO] [1783989367.778040972] [laser_mapping]: publish_map: frame pts=2813, total=4504495
[INFO] [1783989368.778056534] [laser_mapping]: publish_map: frame pts=2813, total=4507308
[INFO] [1783989369.778057511] [laser_mapping]: publish_map: frame pts=2813, total=4510121
[INFO] [1783989370.777953625] [laser_mapping]: publish_map: frame pts=2813, total=4512934
[INFO] [1783989371.777961571] [laser_mapping]: publish_map: frame pts=2813, total=4515747
[INFO] [1783989372.778089463] [laser_mapping]: publish_map: frame pts=2813, total=4518560
[INFO] [1783989373.777957039] [laser_mapping]: publish_map: frame pts=2813, total=4521373
[INFO] [1783989374.777958956] [laser_mapping]: publish_map: frame pts=2813, total=4524186
[INFO] [1783989375.777962273] [laser_mapping]: publish_map: frame pts=2813, total=4526999
[INFO] [1783989376.777954052] [laser_mapping]: publish_map: frame pts=2813, total=4529812
[INFO] [1783989377.777970957] [laser_mapping]: publish_map: frame pts=2813, total=4532625
lidar loop back, clear buffer
[INFO] [1783989378.777951173] [laser_mapping]: publish_map: frame pts=2813, total=4535438
[INFO] [1783989379.777947066] [laser_mapping]: publish_map: frame pts=2813, total=4538251
[INFO] [1783989380.777956298] [laser_mapping]: publish_map: frame pts=2813, total=4541064
[INFO] [1783989381.777951077] [laser_mapping]: publish_map: frame pts=2813, total=4543877
[INFO] [1783989382.777960387] [laser_mapping]: publish_map: frame pts=2813, total=4546690
[INFO] [1783989383.777947422] [laser_mapping]: publish_map: frame pts=2813, total=4549503
[INFO] [1783989384.777951736] [laser_mapping]: publish_map: frame pts=2813, total=4552316
[INFO] [1783989385.777961683] [laser_mapping]: publish_map: frame pts=2813, total=4555129
[INFO] [1783989386.777944995] [laser_mapping]: publish_map: frame pts=2813, total=4557942
[INFO] [1783989387.778121551] [laser_mapping]: publish_map: frame pts=2813, total=4560755
[INFO] [1783989388.777945885] [laser_mapping]: publish_map: frame pts=2813, total=4563568
[INFO] [1783989389.777954540] [laser_mapping]: publish_map: frame pts=2813, total=4566381
[INFO] [1783989390.777971245] [laser_mapping]: publish_map: frame pts=2813, total=4569194
[INFO] [1783989391.778007647] [laser_mapping]: publish_map: frame pts=2813, total=4572007
[INFO] [1783989392.777948552] [laser_mapping]: publish_map: frame pts=2813, total=4574820
[INFO] [1783989393.777949984] [laser_mapping]: publish_map: frame pts=2813, total=4577633
[INFO] [1783989394.777961768] [laser_mapping]: publish_map: frame pts=2813, total=4580446
[INFO] [1783989395.777971621] [laser_mapping]: publish_map: frame pts=2813, total=4583259
[INFO] [1783989396.777963477] [laser_mapping]: publish_map: frame pts=2813, total=4586072
[INFO] [1783989397.777959462] [laser_mapping]: publish_map: frame pts=2813, total=4588885
[INFO] [1783989398.777951461] [laser_mapping]: publish_map: frame pts=2813, total=4591698
[INFO] [1783989399.777941841] [laser_mapping]: publish_map: frame pts=2813, total=4594511
lidar loop back, clear buffer
[INFO] [1783989400.777946561] [laser_mapping]: publish_map: frame pts=2813, total=4597324
[INFO] [1783989401.777957172] [laser_mapping]: publish_map: frame pts=2813, total=4600137
[INFO] [1783989402.777960049] [laser_mapping]: publish_map: frame pts=2813, total=4602950
[INFO] [1783989403.777956216] [laser_mapping]: publish_map: frame pts=2813, total=4605763
[INFO] [1783989404.777949789] [laser_mapping]: publish_map: frame pts=2813, total=4608576
[INFO] [1783989405.777963263] [laser_mapping]: publish_map: frame pts=2813, total=4611389
[INFO] [1783989406.778040454] [laser_mapping]: publish_map: frame pts=2813, total=4614202
[INFO] [1783989407.777917604] [laser_mapping]: publish_map: frame pts=2813, total=4617015
[INFO] [1783989408.777946848] [laser_mapping]: publish_map: frame pts=2813, total=4619828
[INFO] [1783989409.777952340] [laser_mapping]: publish_map: frame pts=2813, total=4622641
[INFO] [1783989410.777949984] [laser_mapping]: publish_map: frame pts=2813, total=4625454
[INFO] [1783989411.777947271] [laser_mapping]: publish_map: frame pts=2813, total=4628267
[INFO] [1783989412.777962032] [laser_mapping]: publish_map: frame pts=2813, total=4631080
[INFO] [1783989413.777955665] [laser_mapping]: publish_map: frame pts=2813, total=4633893
[INFO] [1783989414.777948111] [laser_mapping]: publish_map: frame pts=2813, total=4636706
[INFO] [1783989415.777953518] [laser_mapping]: publish_map: frame pts=2813, total=4639519
[INFO] [1783989416.777951192] [laser_mapping]: publish_map: frame pts=2813, total=4642332
[INFO] [1783989417.777947915] [laser_mapping]: publish_map: frame pts=2813, total=4645145
[INFO] [1783989418.777949557] [laser_mapping]: publish_map: frame pts=2813, total=4647958
[INFO] [1783989419.777948433] [laser_mapping]: publish_map: frame pts=2813, total=4650771
[INFO] [1783989420.777948373] [laser_mapping]: publish_map: frame pts=2813, total=4653584
[INFO] [1783989421.777946454] [laser_mapping]: publish_map: frame pts=2813, total=4656397
[INFO] [1783989422.777957381] [laser_mapping]: publish_map: frame pts=2813, total=4659210
[INFO] [1783989423.777947975] [laser_mapping]: publish_map: frame pts=2813, total=4662023
[INFO] [1783989424.250323315] [laser_mapping]: Saving map to /home/hyper/program/2026_Gsing-second_ROS/map/PCD25.pcd...
[INFO] [1783989452.124181460] [laser_mapping]: publish_map: frame pts=2813, total=4664836
[INFO] [1783989452.777969899] [laser_mapping]: publish_map: frame pts=2813, total=4667649
[INFO] [1783989453.777910952] [laser_mapping]: publish_map: frame pts=2813, total=4670462
[INFO] [1783989454.777953770] [laser_mapping]: publish_map: frame pts=2813, total=4673275
[INFO] [1783989455.777947622] [laser_mapping]: publish_map: frame pts=2813, total=4676088
[INFO] [1783989456.778196400] [laser_mapping]: publish_map: frame pts=2813, total=4678901
[INFO] [1783989457.777954966] [laser_mapping]: publish_map: frame pts=2813, total=4681714
[INFO] [1783989458.777958666] [laser_mapping]: publish_map: frame pts=2813, total=4684527
[INFO] [1783989459.777971849] [laser_mapping]: publish_map: frame pts=2813, total=4687340
[INFO] [1783989460.777965992] [laser_mapping]: publish_map: frame pts=2813, total=4690153
[INFO] [1783989461.777954599] [laser_mapping]: publish_map: frame pts=2813, total=4692966
[INFO] [1783989462.777958640] [laser_mapping]: publish_map: frame pts=2813, total=4695779
[INFO] [1783989463.777955052] [laser_mapping]: publish_map: frame pts=2813, total=4698592
[INFO] [1783989464.778186713] [laser_mapping]: publish_map: frame pts=2813, total=4701405
[INFO] [1783989465.777956215] [laser_mapping]: publish_map: frame pts=2813, total=4704218
[INFO] [1783989466.778443001] [laser_mapping]: publish_map: frame pts=2813, total=4707031
[INFO] [1783989467.777934246] [laser_mapping]: publish_map: frame pts=2813, total=4709844
[INFO] [1783989468.777953319] [laser_mapping]: publish_map: frame pts=2813, total=4712657
[INFO] [1783989469.777966438] [laser_mapping]: publish_map: frame pts=2813, total=4715470
[INFO] [1783989470.778074836] [laser_mapping]: publish_map: frame pts=2813, total=4718283
[INFO] [1783989471.777949870] [laser_mapping]: publish_map: frame pts=2813, total=4721096
[INFO] [1783989472.777956720] [laser_mapping]: publish_map: frame pts=2813, total=4723909
[INFO] [1783989473.778145134] [laser_mapping]: publish_map: frame pts=2813, total=4726722
[INFO] [1783989474.777953616] [laser_mapping]: publish_map: frame pts=2813, total=4729535
[INFO] [1783989475.777963513] [laser_mapping]: publish_map: frame pts=2813, total=4732348
[INFO] [1783989476.777914300] [laser_mapping]: publish_map: frame pts=2813, total=4735161
[INFO] [1783989477.778370917] [laser_mapping]: publish_map: frame pts=2813, total=4737974
[INFO] [1783989478.777964720] [laser_mapping]: publish_map: frame pts=2813, total=4740787
[INFO] [1783989479.777958646] [laser_mapping]: publish_map: frame pts=2813, total=4743600
[INFO] [1783989480.777965836] [laser_mapping]: publish_map: frame pts=2813, total=4746413
[INFO] [1783989481.777955707] [laser_mapping]: publish_map: frame pts=2813, total=4749226
[INFO] [1783989482.777958617] [laser_mapping]: publish_map: frame pts=2813, total=4752039
[INFO] [1783989483.777952167] [laser_mapping]: publish_map: frame pts=2813, total=4754852
[INFO] [1783989484.777966058] [laser_mapping]: publish_map: frame pts=2813, total=4757665
[INFO] [1783989485.777976321] [laser_mapping]: publish_map: frame pts=2813, total=4760478
[INFO] [1783989486.777958931] [laser_mapping]: publish_map: frame pts=2813, total=4763291
[INFO] [1783989487.777955468] [laser_mapping]: publish_map: frame pts=2813, total=4766104
[INFO] [1783989488.777945080] [laser_mapping]: publish_map: frame pts=2813, total=4768917
[INFO] [1783989489.777974407] [laser_mapping]: publish_map: frame pts=2813, total=4771730
[INFO] [1783989490.777955393] [laser_mapping]: publish_map: frame pts=2813, total=4774543
[INFO] [1783989491.778047532] [laser_mapping]: publish_map: frame pts=2813, total=4777356
[INFO] [1783989492.777959107] [laser_mapping]: publish_map: frame pts=2813, total=4780169
[INFO] [1783989493.777970715] [laser_mapping]: publish_map: frame pts=2813, total=4782982
[INFO] [1783989494.777972043] [laser_mapping]: publish_map: frame pts=2813, total=4785795
[INFO] [1783989495.777962094] [laser_mapping]: publish_map: frame pts=2813, total=4788608
[INFO] [1783989496.777950395] [laser_mapping]: publish_map: frame pts=2813, total=4791421
[INFO] [1783989497.778098984] [laser_mapping]: publish_map: frame pts=2813, total=4794234
[INFO] [1783989498.777963459] [laser_mapping]: publish_map: frame pts=2813, total=4797047
[INFO] [1783989499.777965029] [laser_mapping]: publish_map: frame pts=2813, total=4799860
[INFO] [1783989500.777963801] [laser_mapping]: publish_map: frame pts=2813, total=4802673
[INFO] [1783989501.777966173] [laser_mapping]: publish_map: frame pts=2813, total=4805486
[INFO] [1783989502.777973962] [laser_mapping]: publish_map: frame pts=2813, total=4808299
[INFO] [1783989503.777959685] [laser_mapping]: publish_map: frame pts=2813, total=4811112
[INFO] [1783989504.777969777] [laser_mapping]: publish_map: frame pts=2813, total=4813925
[INFO] [1783989505.777961387] [laser_mapping]: publish_map: frame pts=2813, total=4816738
[INFO] [1783989506.777965740] [laser_mapping]: publish_map: frame pts=2813, total=4819551
[INFO] [1783989507.777967700] [laser_mapping]: publish_map: frame pts=2813, total=4822364
[INFO] [1783989508.777960889] [laser_mapping]: publish_map: frame pts=2813, total=4825177
[INFO] [1783989509.777951550] [laser_mapping]: publish_map: frame pts=2813, total=4827990
[INFO] [1783989510.777952053] [laser_mapping]: publish_map: frame pts=2813, total=4830803
[INFO] [1783989511.777960333] [laser_mapping]: publish_map: frame pts=2813, total=4833616
[INFO] [1783989512.777950815] [laser_mapping]: publish_map: frame pts=2813, total=4836429
[INFO] [1783989513.777966156] [laser_mapping]: publish_map: frame pts=2813, total=4839242
[INFO] [1783989514.777969258] [laser_mapping]: publish_map: frame pts=2813, total=4842055
[INFO] [1783989515.778110717] [laser_mapping]: publish_map: frame pts=2813, total=4844868
[INFO] [1783989516.778098517] [laser_mapping]: publish_map: frame pts=2813, total=4847681
[INFO] [1783989517.778079990] [laser_mapping]: publish_map: frame pts=2813, total=4850494
[INFO] [1783989518.777970088] [laser_mapping]: publish_map: frame pts=2813, total=4853307
[INFO] [1783989519.777967798] [laser_mapping]: publish_map: frame pts=2813, total=4856120
[INFO] [1783989520.777958900] [laser_mapping]: publish_map: frame pts=2813, total=4858933
[INFO] [1783989521.777968300] [laser_mapping]: publish_map: frame pts=2813, total=4861746
[INFO] [1783989522.778076205] [laser_mapping]: publish_map: frame pts=2813, total=4864559
[INFO] [1783989523.777968644] [laser_mapping]: publish_map: frame pts=2813, total=4867372
[INFO] [1783989524.778007146] [laser_mapping]: publish_map: frame pts=2813, total=4870185
[INFO] [1783989525.777953406] [laser_mapping]: publish_map: frame pts=2813, total=4872998
[INFO] [1783989526.777960037] [laser_mapping]: publish_map: frame pts=2813, total=4875811
[INFO] [1783989527.778055512] [laser_mapping]: publish_map: frame pts=2813, total=4878624
[INFO] [1783989528.778040950] [laser_mapping]: publish_map: frame pts=2813, total=4881437
[INFO] [1783989529.777945408] [laser_mapping]: publish_map: frame pts=2813, total=4884250
[INFO] [1783989530.777951372] [laser_mapping]: publish_map: frame pts=2813, total=4887063
[INFO] [1783989531.777950714] [laser_mapping]: publish_map: frame pts=2813, total=4889876
[INFO] [1783989532.778121540] [laser_mapping]: publish_map: frame pts=2813, total=4892689
[INFO] [1783989533.778064017] [laser_mapping]: publish_map: frame pts=2813, total=4895502
[INFO] [1783989534.778059717] [laser_mapping]: publish_map: frame pts=2813, total=4898315
[INFO] [1783989535.777966470] [laser_mapping]: publish_map: frame pts=2813, total=4901128
[INFO] [1783989536.777974615] [laser_mapping]: publish_map: frame pts=2813, total=4903941
[INFO] [1783989537.777961475] [laser_mapping]: publish_map: frame pts=2813, total=4906754
[INFO] [1783989538.777961793] [laser_mapping]: publish_map: frame pts=2813, total=4909567
[INFO] [1783989539.777970476] [laser_mapping]: publish_map: frame pts=2813, total=4912380
[INFO] [1783989540.777974549] [laser_mapping]: publish_map: frame pts=2813, total=4915193
[INFO] [1783989541.778020331] [laser_mapping]: publish_map: frame pts=2813, total=4918006
[INFO] [1783989542.777963950] [laser_mapping]: publish_map: frame pts=2813, total=4920819
[INFO] [1783989543.778056740] [laser_mapping]: publish_map: frame pts=2813, total=4923632
[INFO] [1783989544.777960358] [laser_mapping]: publish_map: frame pts=2813, total=4926445
[INFO] [1783989545.777969426] [laser_mapping]: publish_map: frame pts=2813, total=4929258
[INFO] [1783989546.777960115] [laser_mapping]: publish_map: frame pts=2813, total=4932071
[INFO] [1783989547.778096876] [laser_mapping]: publish_map: frame pts=2813, total=4934884
[INFO] [1783989548.778042242] [laser_mapping]: publish_map: frame pts=2813, total=4937697
[INFO] [1783989549.778035496] [laser_mapping]: publish_map: frame pts=2813, total=4940510
[INFO] [1783989550.778067597] [laser_mapping]: publish_map: frame pts=2813, total=4943323
[INFO] [1783989551.777947043] [laser_mapping]: publish_map: frame pts=2813, total=4946136
[INFO] [1783989552.777961702] [laser_mapping]: publish_map: frame pts=2813, total=4948949
[INFO] [1783989553.777964841] [laser_mapping]: publish_map: frame pts=2813, total=4951762
[INFO] [1783989554.777971303] [laser_mapping]: publish_map: frame pts=2813, total=4954575
[INFO] [1783989555.777965572] [laser_mapping]: publish_map: frame pts=2813, total=4957388
[INFO] [1783989556.777951498] [laser_mapping]: publish_map: frame pts=2813, total=4960201
[INFO] [1783989557.777973250] [laser_mapping]: publish_map: frame pts=2813, total=4963014
[INFO] [1783989558.777963243] [laser_mapping]: publish_map: frame pts=2813, total=4965827
[INFO] [1783989559.777963740] [laser_mapping]: publish_map: frame pts=2813, total=4968640
[INFO] [1783989560.777962327] [laser_mapping]: publish_map: frame pts=2813, total=4971453
[INFO] [1783989561.777968460] [laser_mapping]: publish_map: frame pts=2813, total=4974266
[INFO] [1783989562.777966020] [laser_mapping]: publish_map: frame pts=2813, total=4977079
[INFO] [1783989563.777961029] [laser_mapping]: publish_map: frame pts=2813, total=4979892
[INFO] [1783989564.778091424] [laser_mapping]: publish_map: frame pts=2813, total=4982705
[INFO] [1783989565.777961009] [laser_mapping]: publish_map: frame pts=2813, total=4985518
[INFO] [1783989566.777968786] [laser_mapping]: publish_map: frame pts=2813, total=4988331
[INFO] [1783989567.778123085] [laser_mapping]: publish_map: frame pts=2813, total=4991144
[INFO] [1783989568.777967515] [laser_mapping]: publish_map: frame pts=2813, total=4993957
[INFO] [1783989569.777969583] [laser_mapping]: publish_map: frame pts=2813, total=4996770
[INFO] [1783989570.777956145] [laser_mapping]: publish_map: frame pts=2813, total=4999583
[INFO] [1783989571.777961496] [laser_mapping]: publish_map: frame pts=2813, total=5002396
[INFO] [1783989572.777982407] [laser_mapping]: publish_map: frame pts=2813, total=5005209
[INFO] [1783989573.777959174] [laser_mapping]: publish_map: frame pts=2813, total=5008022
[INFO] [1783989574.777955181] [laser_mapping]: publish_map: frame pts=2813, total=5010835
[INFO] [1783989575.777952771] [laser_mapping]: publish_map: frame pts=2813, total=5013648
[INFO] [1783989576.777957292] [laser_mapping]: publish_map: frame pts=2813, total=5016461
[INFO] [1783989577.778049406] [laser_mapping]: publish_map: frame pts=2813, total=5019274
[INFO] [1783989578.777949991] [laser_mapping]: publish_map: frame pts=2813, total=5022087
[INFO] [1783989579.778029074] [laser_mapping]: publish_map: frame pts=2813, total=5024900
[INFO] [1783989580.777928910] [laser_mapping]: publish_map: frame pts=2813, total=5027713
[INFO] [1783989581.777961807] [laser_mapping]: publish_map: frame pts=2813, total=5030526
[INFO] [1783989582.777947465] [laser_mapping]: publish_map: frame pts=2813, total=5033339
[INFO] [1783989583.778075615] [laser_mapping]: publish_map: frame pts=2813, total=5036152
[INFO] [1783989584.777964669] [laser_mapping]: publish_map: frame pts=2813, total=5038965
[INFO] [1783989585.778047680] [laser_mapping]: publish_map: frame pts=2813, total=5041778
[INFO] [1783989586.777958573] [laser_mapping]: publish_map: frame pts=2813, total=5044591
[INFO] [1783989587.777947276] [laser_mapping]: publish_map: frame pts=2813, total=5047404
[INFO] [1783989588.777951983] [laser_mapping]: publish_map: frame pts=2813, total=5050217
[INFO] [1783989589.777964707] [laser_mapping]: publish_map: frame pts=2813, total=5053030
[INFO] [1783989590.777952107] [laser_mapping]: publish_map: frame pts=2813, total=5055843
[INFO] [1783989591.777949953] [laser_mapping]: publish_map: frame pts=2813, total=5058656
[INFO] [1783989592.778049338] [laser_mapping]: publish_map: frame pts=2813, total=5061469
[INFO] [1783989593.777971061] [laser_mapping]: publish_map: frame pts=2813, total=5064282
[INFO] [1783989594.777970437] [laser_mapping]: publish_map: frame pts=2813, total=5067095
[INFO] [1783989595.778082055] [laser_mapping]: publish_map: frame pts=2813, total=5069908
[INFO] [1783989596.777963718] [laser_mapping]: publish_map: frame pts=2813, total=5072721
[INFO] [1783989597.777911462] [laser_mapping]: publish_map: frame pts=2813, total=5075534
[INFO] [1783989598.777959055] [laser_mapping]: publish_map: frame pts=2813, total=5078347
[INFO] [1783989599.777971654] [laser_mapping]: publish_map: frame pts=2813, total=5081160
[INFO] [1783989600.778109995] [laser_mapping]: publish_map: frame pts=2813, total=5083973
[INFO] [1783989601.777969801] [laser_mapping]: publish_map: frame pts=2813, total=5086786
[INFO] [1783989602.777955588] [laser_mapping]: publish_map: frame pts=2813, total=5089599
[INFO] [1783989603.777950517] [laser_mapping]: publish_map: frame pts=2813, total=5092412
[INFO] [1783989604.777944152] [laser_mapping]: publish_map: frame pts=2813, total=5095225
[INFO] [1783989605.777964132] [laser_mapping]: publish_map: frame pts=2813, total=5098038
[INFO] [1783989606.777950998] [laser_mapping]: publish_map: frame pts=2813, total=5100851
[INFO] [1783989607.777969848] [laser_mapping]: publish_map: frame pts=2813, total=5103664
[INFO] [1783989608.777962618] [laser_mapping]: publish_map: frame pts=2813, total=5106477
[INFO] [1783989609.777989671] [laser_mapping]: publish_map: frame pts=2813, total=5109290
[INFO] [1783989610.777976473] [laser_mapping]: publish_map: frame pts=2813, total=5112103
[INFO] [1783989611.777957586] [laser_mapping]: publish_map: frame pts=2813, total=5114916
[INFO] [1783989612.777973316] [laser_mapping]: publish_map: frame pts=2813, total=5117729
[INFO] [1783989613.777963969] [laser_mapping]: publish_map: frame pts=2813, total=5120542
[INFO] [1783989614.777959645] [laser_mapping]: publish_map: frame pts=2813, total=5123355
[INFO] [1783989615.777969093] [laser_mapping]: publish_map: frame pts=2813, total=5126168
[INFO] [1783989616.777967190] [laser_mapping]: publish_map: frame pts=2813, total=5128981
[INFO] [1783989617.778088735] [laser_mapping]: publish_map: frame pts=2813, total=5131794
[INFO] [1783989618.777964548] [laser_mapping]: publish_map: frame pts=2813, total=5134607
[INFO] [1783989619.777948754] [laser_mapping]: publish_map: frame pts=2813, total=5137420
[INFO] [1783989620.777969545] [laser_mapping]: publish_map: frame pts=2813, total=5140233
[INFO] [1783989621.777959792] [laser_mapping]: publish_map: frame pts=2813, total=5143046
[INFO] [1783989622.778110238] [laser_mapping]: publish_map: frame pts=2813, total=5145859
[INFO] [1783989623.777965758] [laser_mapping]: publish_map: frame pts=2813, total=5148672
[INFO] [1783989624.778080189] [laser_mapping]: publish_map: frame pts=2813, total=5151485
[INFO] [1783989625.777958376] [laser_mapping]: publish_map: frame pts=2813, total=5154298
[INFO] [1783989626.777959818] [laser_mapping]: publish_map: frame pts=2813, total=5157111
[INFO] [1783989627.778140552] [laser_mapping]: publish_map: frame pts=2813, total=5159924
[INFO] [1783989628.777956292] [laser_mapping]: publish_map: frame pts=2813, total=5162737
[INFO] [1783989629.777977754] [laser_mapping]: publish_map: frame pts=2813, total=5165550
[INFO] [1783989630.777960221] [laser_mapping]: publish_map: frame pts=2813, total=5168363
[INFO] [1783989631.777959337] [laser_mapping]: publish_map: frame pts=2813, total=5171176
[INFO] [1783989632.777966024] [laser_mapping]: publish_map: frame pts=2813, total=5173989
[INFO] [1783989633.777948970] [laser_mapping]: publish_map: frame pts=2813, total=5176802
[INFO] [1783989634.777965839] [laser_mapping]: publish_map: frame pts=2813, total=5179615
[INFO] [1783989635.778064952] [laser_mapping]: publish_map: frame pts=2813, total=5182428
[INFO] [1783989636.777962707] [laser_mapping]: publish_map: frame pts=2813, total=5185241
[INFO] [1783989637.777960981] [laser_mapping]: publish_map: frame pts=2813, total=5188054
[INFO] [1783989638.778038273] [laser_mapping]: publish_map: frame pts=2813, total=5190867
[INFO] [1783989639.777952870] [laser_mapping]: publish_map: frame pts=2813, total=5193680
[INFO] [1783989640.777954850] [laser_mapping]: publish_map: frame pts=2813, total=5196493
[INFO] [1783989641.777951541] [laser_mapping]: publish_map: frame pts=2813, total=5199306
[INFO] [1783989642.777960573] [laser_mapping]: publish_map: frame pts=2813, total=5202119
[INFO] [1783989643.778044068] [laser_mapping]: publish_map: frame pts=2813, total=5204932
[INFO] [1783989644.777974062] [laser_mapping]: publish_map: frame pts=2813, total=5207745
[INFO] [1783989645.777954952] [laser_mapping]: publish_map: frame pts=2813, total=5210558
[INFO] [1783989646.777970503] [laser_mapping]: publish_map: frame pts=2813, total=5213371
[INFO] [1783989647.777971727] [laser_mapping]: publish_map: frame pts=2813, total=5216184
[INFO] [1783989648.777961589] [laser_mapping]: publish_map: frame pts=2813, total=5218997
[INFO] [1783989649.777949185] [laser_mapping]: publish_map: frame pts=2813, total=5221810
[INFO] [1783989650.777949815] [laser_mapping]: publish_map: frame pts=2813, total=5224623
[INFO] [1783989651.777946291] [laser_mapping]: publish_map: frame pts=2813, total=5227436
[INFO] [1783989652.777964221] [laser_mapping]: publish_map: frame pts=2813, total=5230249
[INFO] [1783989653.777963801] [laser_mapping]: publish_map: frame pts=2813, total=5233062
[INFO] [1783989654.777968585] [laser_mapping]: publish_map: frame pts=2813, total=5235875
[INFO] [1783989655.777951741] [laser_mapping]: publish_map: frame pts=2813, total=5238688
[INFO] [1783989656.778052429] [laser_mapping]: publish_map: frame pts=2813, total=5241501
[INFO] [1783989657.777964299] [laser_mapping]: publish_map: frame pts=2813, total=5244314
[INFO] [1783989658.777970566] [laser_mapping]: publish_map: frame pts=2813, total=5247127
[INFO] [1783989659.778057488] [laser_mapping]: publish_map: frame pts=2813, total=5249940
[INFO] [1783989660.777952161] [laser_mapping]: publish_map: frame pts=2813, total=5252753
[INFO] [1783989661.778088047] [laser_mapping]: publish_map: frame pts=2813, total=5255566
[INFO] [1783989662.778061672] [laser_mapping]: publish_map: frame pts=2813, total=5258379
[INFO] [1783989663.777963576] [laser_mapping]: publish_map: frame pts=2813, total=5261192
[INFO] [1783989664.777964208] [laser_mapping]: publish_map: frame pts=2813, total=5264005
[INFO] [1783989665.777967638] [laser_mapping]: publish_map: frame pts=2813, total=5266818
[INFO] [1783989666.777983411] [laser_mapping]: publish_map: frame pts=2813, total=5269631
[INFO] [1783989667.777970087] [laser_mapping]: publish_map: frame pts=2813, total=5272444
[INFO] [1783989668.777963957] [laser_mapping]: publish_map: frame pts=2813, total=5275257
[INFO] [1783989669.777948864] [laser_mapping]: publish_map: frame pts=2813, total=5278070
[INFO] [1783989670.777951952] [laser_mapping]: publish_map: frame pts=2813, total=5280883
[INFO] [1783989671.777959804] [laser_mapping]: publish_map: frame pts=2813, total=5283696
[INFO] [1783989672.777959501] [laser_mapping]: publish_map: frame pts=2813, total=5286509
[INFO] [1783989673.777966364] [laser_mapping]: publish_map: frame pts=2813, total=5289322
[INFO] [1783989674.777965642] [laser_mapping]: publish_map: frame pts=2813, total=5292135
[INFO] [1783989675.777954931] [laser_mapping]: publish_map: frame pts=2813, total=5294948
[INFO] [1783989676.777956484] [laser_mapping]: publish_map: frame pts=2813, total=5297761
[INFO] [1783989677.777957344] [laser_mapping]: publish_map: frame pts=2813, total=5300574
[INFO] [1783989678.777971333] [laser_mapping]: publish_map: frame pts=2813, total=5303387
[INFO] [1783989679.777951674] [laser_mapping]: publish_map: frame pts=2813, total=5306200
[INFO] [1783989680.777969887] [laser_mapping]: publish_map: frame pts=2813, total=5309013
[INFO] [1783989681.777966396] [laser_mapping]: publish_map: frame pts=2813, total=5311826
[INFO] [1783989682.777958042] [laser_mapping]: publish_map: frame pts=2813, total=5314639
[INFO] [1783989683.777954033] [laser_mapping]: publish_map: frame pts=2813, total=5317452
[INFO] [1783989684.777952658] [laser_mapping]: publish_map: frame pts=2813, total=5320265
[INFO] [1783989685.777949832] [laser_mapping]: publish_map: frame pts=2813, total=5323078
[INFO] [1783989686.777958373] [laser_mapping]: publish_map: frame pts=2813, total=5325891
[INFO] [1783989687.777971364] [laser_mapping]: publish_map: frame pts=2813, total=5328704
[INFO] [1783989688.777964071] [laser_mapping]: publish_map: frame pts=2813, total=5331517
[INFO] [1783989689.777966597] [laser_mapping]: publish_map: frame pts=2813, total=5334330
[INFO] [1783989690.777963900] [laser_mapping]: publish_map: frame pts=2813, total=5337143
[INFO] [1783989691.778051730] [laser_mapping]: publish_map: frame pts=2813, total=5339956
[INFO] [1783989692.777962225] [laser_mapping]: publish_map: frame pts=2813, total=5342769
[INFO] [1783989693.777942694] [laser_mapping]: publish_map: frame pts=2813, total=5345582
[INFO] [1783989694.778032731] [laser_mapping]: publish_map: frame pts=2813, total=5348395
[INFO] [1783989695.778049931] [laser_mapping]: publish_map: frame pts=2813, total=5351208
[INFO] [1783989696.777961823] [laser_mapping]: publish_map: frame pts=2813, total=5354021
[INFO] [1783989697.777963563] [laser_mapping]: publish_map: frame pts=2813, total=5356834
[INFO] [1783989698.777968167] [laser_mapping]: publish_map: frame pts=2813, total=5359647
[INFO] [1783989699.777954757] [laser_mapping]: publish_map: frame pts=2813, total=5362460
[INFO] [1783989700.778036670] [laser_mapping]: publish_map: frame pts=2813, total=5365273
[INFO] [1783989701.778025005] [laser_mapping]: publish_map: frame pts=2813, total=5368086
[INFO] [1783989702.777949131] [laser_mapping]: publish_map: frame pts=2813, total=5370899
[INFO] [1783989703.777944407] [laser_mapping]: publish_map: frame pts=2813, total=5373712
[INFO] [1783989704.777961797] [laser_mapping]: publish_map: frame pts=2813, total=5376525
[INFO] [1783989705.778061762] [laser_mapping]: publish_map: frame pts=2813, total=5379338
[INFO] [1783989706.777952547] [laser_mapping]: publish_map: frame pts=2813, total=5382151
[INFO] [1783989707.777968373] [laser_mapping]: publish_map: frame pts=2813, total=5384964
[INFO] [1783989708.777961283] [laser_mapping]: publish_map: frame pts=2813, total=5387777
[INFO] [1783989709.777967255] [laser_mapping]: publish_map: frame pts=2813, total=5390590
[INFO] [1783989710.777964013] [laser_mapping]: publish_map: frame pts=2813, total=5393403
[INFO] [1783989711.777962012] [laser_mapping]: publish_map: frame pts=2813, total=5396216
[INFO] [1783989712.778054993] [laser_mapping]: publish_map: frame pts=2813, total=5399029
[INFO] [1783989713.777969023] [laser_mapping]: publish_map: frame pts=2813, total=5401842
[INFO] [1783989714.777955353] [laser_mapping]: publish_map: frame pts=2813, total=5404655
[INFO] [1783989715.778102807] [laser_mapping]: publish_map: frame pts=2813, total=5407468
[INFO] [1783989716.778067505] [laser_mapping]: publish_map: frame pts=2813, total=5410281
[INFO] [1783989717.777964363] [laser_mapping]: publish_map: frame pts=2813, total=5413094
[INFO] [1783989718.777948868] [laser_mapping]: publish_map: frame pts=2813, total=5415907
[INFO] [1783989719.777965583] [laser_mapping]: publish_map: frame pts=2813, total=5418720
[INFO] [1783989720.777961907] [laser_mapping]: publish_map: frame pts=2813, total=5421533
[INFO] [1783989721.777964058] [laser_mapping]: publish_map: frame pts=2813, total=5424346
[INFO] [1783989722.777963613] [laser_mapping]: publish_map: frame pts=2813, total=5427159
[INFO] [1783989723.777965115] [laser_mapping]: publish_map: frame pts=2813, total=5429972
[INFO] [1783989724.777965968] [laser_mapping]: publish_map: frame pts=2813, total=5432785
[INFO] [1783989725.777948442] [laser_mapping]: publish_map: frame pts=2813, total=5435598
[INFO] [1783989726.777964132] [laser_mapping]: publish_map: frame pts=2813, total=5438411
[INFO] [1783989727.777955773] [laser_mapping]: publish_map: frame pts=2813, total=5441224
[INFO] [1783989728.778037658] [laser_mapping]: publish_map: frame pts=2813, total=5444037
[INFO] [1783989729.777966449] [laser_mapping]: publish_map: frame pts=2813, total=5446850
[INFO] [1783989730.777964800] [laser_mapping]: publish_map: frame pts=2813, total=5449663
[INFO] [1783989731.777972660] [laser_mapping]: publish_map: frame pts=2813, total=5452476
[INFO] [1783989732.777968025] [laser_mapping]: publish_map: frame pts=2813, total=5455289
[INFO] [1783989733.778044437] [laser_mapping]: publish_map: frame pts=2813, total=5458102
[INFO] [1783989734.777971626] [laser_mapping]: publish_map: frame pts=2813, total=5460915
[INFO] [1783989735.777980990] [laser_mapping]: publish_map: frame pts=2813, total=5463728
[INFO] [1783989736.777963226] [laser_mapping]: publish_map: frame pts=2813, total=5466541
[INFO] [1783989737.777951280] [laser_mapping]: publish_map: frame pts=2813, total=5469354
[INFO] [1783989738.777983811] [laser_mapping]: publish_map: frame pts=2813, total=5472167
[INFO] [1783989739.777963806] [laser_mapping]: publish_map: frame pts=2813, total=5474980
[INFO] [1783989740.777961429] [laser_mapping]: publish_map: frame pts=2813, total=5477793
[INFO] [1783989741.777967099] [laser_mapping]: publish_map: frame pts=2813, total=5480606
[INFO] [1783989742.777958174] [laser_mapping]: publish_map: frame pts=2813, total=5483419
[INFO] [1783989743.778059350] [laser_mapping]: publish_map: frame pts=2813, total=5486232
[INFO] [1783989744.777962482] [laser_mapping]: publish_map: frame pts=2813, total=5489045
[INFO] [1783989745.777964623] [laser_mapping]: publish_map: frame pts=2813, total=5491858
[INFO] [1783989746.777961028] [laser_mapping]: publish_map: frame pts=2813, total=5494671
[INFO] [1783989747.777962141] [laser_mapping]: publish_map: frame pts=2813, total=5497484
[INFO] [1783989748.778010346] [laser_mapping]: publish_map: frame pts=2813, total=5500297
[INFO] [1783989749.777954987] [laser_mapping]: publish_map: frame pts=2813, total=5503110
[INFO] [1783989750.777955708] [laser_mapping]: publish_map: frame pts=2813, total=5505923
[INFO] [1783989751.777964334] [laser_mapping]: publish_map: frame pts=2813, total=5508736
[INFO] [1783989752.777965594] [laser_mapping]: publish_map: frame pts=2813, total=5511549
[INFO] [1783989753.778078076] [laser_mapping]: publish_map: frame pts=2813, total=5514362
[INFO] [1783989754.777963934] [laser_mapping]: publish_map: frame pts=2813, total=5517175
[INFO] [1783989755.777958743] [laser_mapping]: publish_map: frame pts=2813, total=5519988
[INFO] [1783989756.777963638] [laser_mapping]: publish_map: frame pts=2813, total=5522801
[INFO] [1783989757.777963207] [laser_mapping]: publish_map: frame pts=2813, total=5525614
[INFO] [1783989758.778031274] [laser_mapping]: publish_map: frame pts=2813, total=5528427
[INFO] [1783989759.777975616] [laser_mapping]: publish_map: frame pts=2813, total=5531240
[INFO] [1783989760.777963018] [laser_mapping]: publish_map: frame pts=2813, total=5534053
[INFO] [1783989761.777964025] [laser_mapping]: publish_map: frame pts=2813, total=5536866
[INFO] [1783989762.777966824] [laser_mapping]: publish_map: frame pts=2813, total=5539679
[INFO] [1783989763.777965805] [laser_mapping]: publish_map: frame pts=2813, total=5542492
[INFO] [1783989764.777961747] [laser_mapping]: publish_map: frame pts=2813, total=5545305
[INFO] [1783989765.777967296] [laser_mapping]: publish_map: frame pts=2813, total=5548118
[INFO] [1783989766.777970449] [laser_mapping]: publish_map: frame pts=2813, total=5550931
[INFO] [1783989767.777901935] [laser_mapping]: publish_map: frame pts=2813, total=5553744
[INFO] [1783989768.777975256] [laser_mapping]: publish_map: frame pts=2813, total=5556557
[INFO] [1783989769.777975893] [laser_mapping]: publish_map: frame pts=2813, total=5559370
[INFO] [1783989770.777969258] [laser_mapping]: publish_map: frame pts=2813, total=5562183
[INFO] [1783989771.777962454] [laser_mapping]: publish_map: frame pts=2813, total=5564996
[INFO] [1783989772.777962261] [laser_mapping]: publish_map: frame pts=2813, total=5567809
[INFO] [1783989773.777951773] [laser_mapping]: publish_map: frame pts=2813, total=5570622
[INFO] [1783989774.778037479] [laser_mapping]: publish_map: frame pts=2813, total=5573435
[INFO] [1783989775.778057078] [laser_mapping]: publish_map: frame pts=2813, total=5576248
[INFO] [1783989776.777964044] [laser_mapping]: publish_map: frame pts=2813, total=5579061
[INFO] [1783989777.777963578] [laser_mapping]: publish_map: frame pts=2813, total=5581874
[INFO] [1783989778.777968182] [laser_mapping]: publish_map: frame pts=2813, total=5584687
[INFO] [1783989779.777957309] [laser_mapping]: publish_map: frame pts=2813, total=5587500
[INFO] [1783989780.778086238] [laser_mapping]: publish_map: frame pts=2813, total=5590313
[INFO] [1783989781.778102939] [laser_mapping]: publish_map: frame pts=2813, total=5593126
[INFO] [1783989782.777946829] [laser_mapping]: publish_map: frame pts=2813, total=5595939
[INFO] [1783989783.777973008] [laser_mapping]: publish_map: frame pts=2813, total=5598752
[INFO] [1783989784.777956377] [laser_mapping]: publish_map: frame pts=2813, total=5601565
[INFO] [1783989785.777962038] [laser_mapping]: publish_map: frame pts=2813, total=5604378
[INFO] [1783989786.777962411] [laser_mapping]: publish_map: frame pts=2813, total=5607191
[INFO] [1783989787.778100380] [laser_mapping]: publish_map: frame pts=2813, total=5610004
[INFO] [1783989788.777972927] [laser_mapping]: publish_map: frame pts=2813, total=5612817
[INFO] [1783989789.777948500] [laser_mapping]: publish_map: frame pts=2813, total=5615630
[INFO] [1783989790.777963292] [laser_mapping]: publish_map: frame pts=2813, total=5618443
[INFO] [1783989791.777915270] [laser_mapping]: publish_map: frame pts=2813, total=5621256
[INFO] [1783989792.777968909] [laser_mapping]: publish_map: frame pts=2813, total=5624069
[INFO] [1783989793.777948223] [laser_mapping]: publish_map: frame pts=2813, total=5626882
[INFO] [1783989794.777965187] [laser_mapping]: publish_map: frame pts=2813, total=5629695
[INFO] [1783989795.777951291] [laser_mapping]: publish_map: frame pts=2813, total=5632508
[INFO] [1783989796.777972520] [laser_mapping]: publish_map: frame pts=2813, total=5635321
[INFO] [1783989797.777951780] [laser_mapping]: publish_map: frame pts=2813, total=5638134
[INFO] [1783989798.777980185] [laser_mapping]: publish_map: frame pts=2813, total=5640947
[INFO] [1783989799.777950082] [laser_mapping]: publish_map: frame pts=2813, total=5643760
[INFO] [1783989800.777965077] [laser_mapping]: publish_map: frame pts=2813, total=5646573
[INFO] [1783989801.778106986] [laser_mapping]: publish_map: frame pts=2813, total=5649386
[INFO] [1783989802.777963213] [laser_mapping]: publish_map: frame pts=2813, total=5652199
[INFO] [1783989803.777957527] [laser_mapping]: publish_map: frame pts=2813, total=5655012
[INFO] [1783989804.777967345] [laser_mapping]: publish_map: frame pts=2813, total=5657825
[INFO] [1783989805.777966561] [laser_mapping]: publish_map: frame pts=2813, total=5660638
[INFO] [1783989806.777953927] [laser_mapping]: publish_map: frame pts=2813, total=5663451
[INFO] [1783989807.777961064] [laser_mapping]: publish_map: frame pts=2813, total=5666264
[INFO] [1783989808.778094748] [laser_mapping]: publish_map: frame pts=2813, total=5669077
[INFO] [1783989809.778061737] [laser_mapping]: publish_map: frame pts=2813, total=5671890
[INFO] [1783989810.777966344] [laser_mapping]: publish_map: frame pts=2813, total=5674703
[INFO] [1783989811.777957619] [laser_mapping]: publish_map: frame pts=2813, total=5677516
[INFO] [1783989812.777963254] [laser_mapping]: publish_map: frame pts=2813, total=5680329
[INFO] [1783989813.777964062] [laser_mapping]: publish_map: frame pts=2813, total=5683142
[INFO] [1783989814.777949960] [laser_mapping]: publish_map: frame pts=2813, total=5685955
[INFO] [1783989815.778076701] [laser_mapping]: publish_map: frame pts=2813, total=5688768
[INFO] [1783989816.777954610] [laser_mapping]: publish_map: frame pts=2813, total=5691581
[INFO] [1783989817.778151878] [laser_mapping]: publish_map: frame pts=2813, total=5694394
[INFO] [1783989818.777965964] [laser_mapping]: publish_map: frame pts=2813, total=5697207
[INFO] [1783989819.778043678] [laser_mapping]: publish_map: frame pts=2813, total=5700020
[INFO] [1783989820.777964094] [laser_mapping]: publish_map: frame pts=2813, total=5702833
[INFO] [1783989821.777948441] [laser_mapping]: publish_map: frame pts=2813, total=5705646
[INFO] [1783989822.777961745] [laser_mapping]: publish_map: frame pts=2813, total=5708459
[INFO] [1783989823.777970253] [laser_mapping]: publish_map: frame pts=2813, total=5711272
[INFO] [1783989824.778059368] [laser_mapping]: publish_map: frame pts=2813, total=5714085
[INFO] [1783989825.777962680] [laser_mapping]: publish_map: frame pts=2813, total=5716898
[INFO] [1783989826.777962726] [laser_mapping]: publish_map: frame pts=2813, total=5719711
[INFO] [1783989827.777967921] [laser_mapping]: publish_map: frame pts=2813, total=5722524
[INFO] [1783989828.777963448] [laser_mapping]: publish_map: frame pts=2813, total=5725337
[INFO] [1783989829.777955645] [laser_mapping]: publish_map: frame pts=2813, total=5728150
[INFO] [1783989830.777966578] [laser_mapping]: publish_map: frame pts=2813, total=5730963
[INFO] [1783989831.778014075] [laser_mapping]: publish_map: frame pts=2813, total=5733776
[INFO] [1783989832.778031728] [laser_mapping]: publish_map: frame pts=2813, total=5736589
[INFO] [1783989833.778051940] [laser_mapping]: publish_map: frame pts=2813, total=5739402
[INFO] [1783989834.777955020] [laser_mapping]: publish_map: frame pts=2813, total=5742215
[INFO] [1783989835.777956257] [laser_mapping]: publish_map: frame pts=2813, total=5745028
[INFO] [1783989836.777964549] [laser_mapping]: publish_map: frame pts=2813, total=5747841
[INFO] [1783989837.778063275] [laser_mapping]: publish_map: frame pts=2813, total=5750654
[INFO] [1783989838.778058867] [laser_mapping]: publish_map: frame pts=2813, total=5753467
[INFO] [1783989839.777963631] [laser_mapping]: publish_map: frame pts=2813, total=5756280
[INFO] [1783989840.777961224] [laser_mapping]: publish_map: frame pts=2813, total=5759093
[INFO] [1783989841.777966446] [laser_mapping]: publish_map: frame pts=2813, total=5761906
[INFO] [1783989842.777961971] [laser_mapping]: publish_map: frame pts=2813, total=5764719
[INFO] [1783989843.777957760] [laser_mapping]: publish_map: frame pts=2813, total=5767532
[INFO] [1783989844.777954323] [laser_mapping]: publish_map: frame pts=2813, total=5770345
[INFO] [1783989845.778058619] [laser_mapping]: publish_map: frame pts=2813, total=5773158
[INFO] [1783989846.778089112] [laser_mapping]: publish_map: frame pts=2813, total=5775971
[INFO] [1783989847.777963957] [laser_mapping]: publish_map: frame pts=2813, total=5778784
[INFO] [1783989848.778093229] [laser_mapping]: publish_map: frame pts=2813, total=5781597
[INFO] [1783989849.777957033] [laser_mapping]: publish_map: frame pts=2813, total=5784410
[INFO] [1783989850.777958197] [laser_mapping]: publish_map: frame pts=2813, total=5787223
[INFO] [1783989851.777959828] [laser_mapping]: publish_map: frame pts=2813, total=5790036
[INFO] [1783989852.777967230] [laser_mapping]: publish_map: frame pts=2813, total=5792849
[INFO] [1783989853.777951718] [laser_mapping]: publish_map: frame pts=2813, total=5795662
[INFO] [1783989854.778052465] [laser_mapping]: publish_map: frame pts=2813, total=5798475
[INFO] [1783989855.777972651] [laser_mapping]: publish_map: frame pts=2813, total=5801288
[INFO] [1783989856.777963464] [laser_mapping]: publish_map: frame pts=2813, total=5804101
[INFO] [1783989857.777970357] [laser_mapping]: publish_map: frame pts=2813, total=5806914
[INFO] [1783989858.777977389] [laser_mapping]: publish_map: frame pts=2813, total=5809727
[INFO] [1783989859.777968905] [laser_mapping]: publish_map: frame pts=2813, total=5812540
[INFO] [1783989860.778015172] [laser_mapping]: publish_map: frame pts=2813, total=5815353
[INFO] [1783989861.777976005] [laser_mapping]: publish_map: frame pts=2813, total=5818166
[INFO] [1783989862.777964222] [laser_mapping]: publish_map: frame pts=2813, total=5820979
[INFO] [1783989863.778041849] [laser_mapping]: publish_map: frame pts=2813, total=5823792
[INFO] [1783989864.777971158] [laser_mapping]: publish_map: frame pts=2813, total=5826605
[INFO] [1783989865.777974118] [laser_mapping]: publish_map: frame pts=2813, total=5829418
[INFO] [1783989866.778050894] [laser_mapping]: publish_map: frame pts=2813, total=5832231
[INFO] [1783989867.777970243] [laser_mapping]: publish_map: frame pts=2813, total=5835044
[INFO] [1783989868.577899128] [rclcpp]: signal_handler(SIGINT/SIGTERM)
current scan saved to /PCD/map.pcd
terminate called after throwing an instance of 'pcl::IOException'
  what():  : [pcl::PCDWriter::writeBinary] Error during open!
